keyword,organizasyon,spor_dali,musabaka_tipi,lig_seviyesi,prestij_katmani,cinsiyet,kulup_milli,takim_bireysel,cografya,yerlilik,turk_baglantisi,yayin_hakki,periyodiklik,takvim_tipi,sayfa_tipi,intent_katmani,entity_tipi,marka_tipi,dil,sorgu_uzunlugu,varyant_kodu,katman,search_volume,competition,competition_index,cpc,low_bid,high_bid,veri_var,2026-07,2026-06,2026-05,2026-04,2026-03,2026-02,2026-01,2025-12,2025-11,2025-10,2025-09,2025-08,kurum_sorgusu
hangi maç hangi kanalda,Yayın Rehberi,Çoklu/Jenerik,Jenerik,Yok,Global Elit,Karma,Jenerik,Jenerik,Türkiye,Yerli,Yok,TV+ Var,Sürekli,Sürekli Lig,Kanal/Yayın,İzleme,Jenerik,Jenerik,Türkçe,Body,yayin_hub,Çekirdek,12100,LOW,2,0.39,0.13,0.49,evet,,9900,9900,12100,12100,9900,12100,12100,12100,14800,14800,18100,hayır
maç hangi kanalda,Yayın Rehberi,Çoklu/Jenerik,Jenerik,Yok,Global Elit,Karma,Jenerik,Jenerik,Türkiye,Yerli,Yok,TV+ Var,Sürekli,Sürekli Lig,Kanal/Yayın,İzleme,Jenerik,Jenerik,Türkçe,Body,yayin_hub,Çekirdek,74000,LOW,3,0.28,0.11,0.36,evet,,60500,33100,74000,135000,33100,74000,74000,74000,74000,90500,40500,hayır
bugün hangi maçlar var,Yayın Rehberi,Çoklu/Jenerik,Jenerik,Yok,Global Elit,Karma,Jenerik,Jenerik,Türkiye,Yerli,Yok,TV+ Var,Sürekli,Sürekli Lig,Takvim/Saat,İzleme,Jenerik,Jenerik,Türkçe,Body,yayin_hub,Çekirdek,201000,LOW,4,0.13,0.02,0.16,evet,,165000,165000,201000,201000,201000,165000,201000,246000,246000,201000,165000,hayır
bugün maç var mı,Yayın Rehberi,Çoklu/Jenerik,Jenerik,Yok,Global Elit,Karma,Jenerik,Jenerik,Türkiye,Yerli,Yok,TV+ Var,Sürekli,Sürekli Lig,Takvim/Saat,İzleme,Jenerik,Jenerik,Türkçe,Body,yayin_hub,Çekirdek,90500,LOW,4,0.14,0.02,0.24,evet,,74000,90500,110000,110000,90500,90500,110000,110000,110000,90500,74000,hayır
bugün kimin maçı var,Yayın Rehberi,Çoklu/Jenerik,Jenerik,Yok,Global Elit,Karma,Jenerik,Jenerik,Türkiye,Yerli,Yok,TV+ Var,Sürekli,Sürekli Lig,Takvim/Saat,İzleme,Jenerik,Jenerik,Türkçe,Body,yayin_hub,Çekirdek,368000,LOW,4,0.14,0.03,0.17,evet,,301000,368000,450000,450000,368000,368000,368000,301000,368000,368000,301000,hayır
günün maçları,Yayın Rehberi,Çoklu/Jenerik,Jenerik,Yok,Global Elit,Karma,Jenerik,Jenerik,Türkiye,Yerli,Yok,TV+ Var,Sürekli,Sürekli Lig,Takvim/Saat,İzleme,Jenerik,Jenerik,Türkçe,Head,yayin_hub,Çekirdek,135000,LOW,4,0.09,0.02,0.1,evet,,110000,110000,135000,135000,135000,135000,135000,135000,165000,165000,165000,hayır
bugünkü maçlar,Yayın Rehberi,Çoklu/Jenerik,Jenerik,Yok,Global Elit,Karma,Jenerik,Jenerik,Türkiye,Yerli,Yok,TV+ Var,Sürekli,Sürekli Lig,Takvim/Saat,İzleme,Jenerik,Jenerik,Türkçe,Head,yayin_hub,Çekirdek,368000,LOW,4,0.11,0.02,0.15,evet,,301000,301000,368000,368000,301000,301000,368000,368000,450000,450000,368000,hayır
maç programı bugün,Yayın Rehberi,Çoklu/Jenerik,Jenerik,Yok,Global Elit,Karma,Jenerik,Jenerik,Türkiye,Yerli,Yok,TV+ Var,Sürekli,Sürekli Lig,Takvim/Saat,İzleme,Jenerik,Jenerik,Türkçe,Body,yayin_hub,Çekirdek,1600,LOW,4,0.2,0.01,0.07,evet,,2400,1300,1300,1600,1900,1600,1900,1900,1900,1600,1600,hayır
tv'de bugün,Yayın Rehberi,Çoklu/Jenerik,Jenerik,Yok,Global Elit,Karma,Jenerik,Jenerik,Türkiye,Yerli,Yok,TV+ Var,Sürekli,Sürekli Lig,Takvim/Saat,İzleme,Jenerik,Jenerik,Türkçe,Head,yayin_hub,Çekirdek,90500,LOW,3,0.32,0.25,0.51,evet,,74000,74000,74000,90500,90500,135000,110000,110000,135000,135000,60500,hayır
tvde bugün maçlar,Yayın Rehberi,Çoklu/Jenerik,Jenerik,Yok,Global Elit,Karma,Jenerik,Jenerik,Türkiye,Yerli,Yok,TV+ Var,Sürekli,Sürekli Lig,Takvim/Saat,İzleme,Jenerik,Jenerik,Türkçe,Body,yayin_hub,Çekirdek,,,,,,,hayir,,,,,,,,,,,,,hayır
spor yayın akışı,Yayın Rehberi,Çoklu/Jenerik,Jenerik,Yok,Global Elit,Karma,Jenerik,Jenerik,Türkiye,Yerli,Yok,TV+ Var,Sürekli,Sürekli Lig,Takvim/Saat,İzleme,Jenerik,Jenerik,Türkçe,Body,yayin_hub,Çekirdek,3600,LOW,2,0.43,0.2,0.37,evet,,3600,3600,3600,3600,3600,4400,3600,3600,3600,4400,4400,hayır
bugün hangi maçlar var saat kaçta,Yayın Rehberi,Çoklu/Jenerik,Jenerik,Yok,Global Elit,Karma,Jenerik,Jenerik,Türkiye,Yerli,Yok,TV+ Var,Sürekli,Sürekli Lig,Takvim/Saat,İzleme,Jenerik,Jenerik,Türkçe,Long-tail,yayin_hub,Çekirdek,260,LOW,3,0.18,0.03,0.12,evet,,320,170,320,210,260,210,320,320,390,170,170,hayır
hafta sonu maç programı,Yayın Rehberi,Çoklu/Jenerik,Jenerik,Yok,Global Elit,Karma,Jenerik,Jenerik,Türkiye,Yerli,Yok,TV+ Var,Sürekli,Sürekli Lig,Takvim/Saat,İzleme,Jenerik,Jenerik,Türkçe,Body,yayin_hub,Çekirdek,140,LOW,16,0.7,,,evet,,30,110,320,260,170,110,170,110,170,110,70,hayır
haftanın maçları,Yayın Rehberi,Çoklu/Jenerik,Jenerik,Yok,Global Elit,Karma,Jenerik,Jenerik,Türkiye,Yerli,Yok,TV+ Var,Sürekli,Sürekli Lig,Takvim/Saat,İzleme,Jenerik,Jenerik,Türkçe,Head,yayin_hub,Çekirdek,27100,LOW,5,0.1,0.03,0.17,evet,,480,22200,33100,27100,33100,22200,33100,33100,33100,33100,33100,hayır
bu akşam hangi maçlar var,Yayın Rehberi,Çoklu/Jenerik,Jenerik,Yok,Global Elit,Karma,Jenerik,Jenerik,Türkiye,Yerli,Yok,TV+ Var,Sürekli,Sürekli Lig,Takvim/Saat,İzleme,Jenerik,Jenerik,Türkçe,Long-tail,yayin_hub,Çekirdek,18100,LOW,4,0.11,0.02,0.13,evet,,22200,18100,22200,22200,18100,18100,22200,22200,22200,18100,14800,hayır
bu akşam maç var mı,Yayın Rehberi,Çoklu/Jenerik,Jenerik,Yok,Global Elit,Karma,Jenerik,Jenerik,Türkiye,Yerli,Yok,TV+ Var,Sürekli,Sürekli Lig,Takvim/Saat,İzleme,Jenerik,Jenerik,Türkçe,Long-tail,yayin_hub,Çekirdek,14800,LOW,4,0.09,0.02,0.18,evet,,14800,14800,18100,18100,12100,12100,14800,14800,14800,12100,9900,hayır
yarın hangi maçlar var,Yayın Rehberi,Çoklu/Jenerik,Jenerik,Yok,Global Elit,Karma,Jenerik,Jenerik,Türkiye,Yerli,Yok,TV+ Var,Sürekli,Sürekli Lig,Takvim/Saat,İzleme,Jenerik,Jenerik,Türkçe,Body,yayin_hub,Çekirdek,4400,LOW,7,0.12,0.03,0.18,evet,,5400,3600,5400,5400,4400,4400,4400,5400,4400,3600,2400,hayır
canlı maç yayın akışı,Yayın Rehberi,Çoklu/Jenerik,Jenerik,Yok,Global Elit,Karma,Jenerik,Jenerik,Türkiye,Yerli,Yok,TV+ Var,Sürekli,Sürekli Lig,Takvim/Saat,İzleme,Jenerik,Jenerik,Türkçe,Body,yayin_hub,Çekirdek,720,LOW,2,0.25,0.05,0.32,evet,,590,720,1000,1000,720,590,480,590,590,720,720,hayır
spor programı bugün,Yayın Rehberi,Çoklu/Jenerik,Jenerik,Yok,Global Elit,Karma,Jenerik,Jenerik,Türkiye,Yerli,Yok,TV+ Var,Sürekli,Sürekli Lig,Takvim/Saat,İzleme,Jenerik,Jenerik,Türkçe,Body,yayin_hub,Çekirdek,70,LOW,4,,,,evet,,50,50,110,110,110,70,70,70,70,70,70,hayır
maç takvimi bugün,Yayın Rehberi,Çoklu/Jenerik,Jenerik,Yok,Global Elit,Karma,Jenerik,Jenerik,Türkiye,Yerli,Yok,TV+ Var,Sürekli,Sürekli Lig,Takvim/Saat,İzleme,Jenerik,Jenerik,Türkçe,Body,yayin_hub,Çekirdek,3600,LOW,6,0.19,0.03,0.29,evet,,1900,2400,4400,3600,4400,3600,3600,6600,5400,6600,3600,hayır
galatasaray górnik zabrze nerede izlenir,Avrupa Kupası Eşleşmeleri,Futbol,Kıta Turnuvası,Kıta Üstü,Global Elit,Erkek,Kulüp,Takım Sporu,Avrupa,Uluslararası,Türk Takımı Var,TV+ Var,Yıllık,Turnuva,Kanal/Yayın,İzleme,Maç,Jenerik,Türkçe,Long-tail,nerede_izlenir,Çekirdek,,,,,,,hayir,,,,,,,,,,,,,hayır
galatasaray górnik zabrze canlı izle,Avrupa Kupası Eşleşmeleri,Futbol,Kıta Turnuvası,Kıta Üstü,Global Elit,Erkek,Kulüp,Takım Sporu,Avrupa,Uluslararası,Türk Takımı Var,TV+ Var,Yıllık,Turnuva,Canlı İzle,İzleme,Maç,Jenerik,Türkçe,Long-tail,h2h_izle,Çekirdek,,,,,,,hayir,,,,,,,,,,,,,hayır
galatasaray górnik zabrze hangi kanalda,Avrupa Kupası Eşleşmeleri,Futbol,Kıta Turnuvası,Kıta Üstü,Global Elit,Erkek,Kulüp,Takım Sporu,Avrupa,Uluslararası,Türk Takımı Var,TV+ Var,Yıllık,Turnuva,Kanal/Yayın,İzleme,Maç,Jenerik,Türkçe,Long-tail,h2h_kanal,Çekirdek,,,,,,,hayir,,,,,,,,,,,,,hayır
galatasaray górnik zabrze saat kaçta,Avrupa Kupası Eşleşmeleri,Futbol,Kıta Turnuvası,Kıta Üstü,Global Elit,Erkek,Kulüp,Takım Sporu,Avrupa,Uluslararası,Türk Takımı Var,TV+ Var,Yıllık,Turnuva,Takvim/Saat,Bilgi,Maç,Jenerik,Türkçe,Long-tail,h2h_saat,Çekirdek,,,,,,,hayir,,,,,,,,,,,,,hayır
galatasaray górnik zabrze maçı ne zaman,Avrupa Kupası Eşleşmeleri,Futbol,Kıta Turnuvası,Kıta Üstü,Global Elit,Erkek,Kulüp,Takım Sporu,Avrupa,Uluslararası,Türk Takımı Var,TV+ Var,Yıllık,Turnuva,Takvim/Saat,Bilgi,Maç,Jenerik,Türkçe,Long-tail,h2h_nezaman,Çekirdek,,,,,,,hayir,,,,,,,,,,,,,hayır
galatasaray sturm graz nerede izlenir,Avrupa Kupası Eşleşmeleri,Futbol,Kıta Turnuvası,Kıta Üstü,Global Elit,Erkek,Kulüp,Takım Sporu,Avrupa,Uluslararası,Türk Takımı Var,TV+ Var,Yıllık,Turnuva,Kanal/Yayın,İzleme,Maç,Jenerik,İngilizce,Long-tail,nerede_izlenir,Çekirdek,,,,,,,hayir,,,,,,,,,,,,,hayır
galatasaray sturm graz canlı izle,Avrupa Kupası Eşleşmeleri,Futbol,Kıta Turnuvası,Kıta Üstü,Global Elit,Erkek,Kulüp,Takım Sporu,Avrupa,Uluslararası,Türk Takımı Var,TV+ Var,Yıllık,Turnuva,Canlı İzle,İzleme,Maç,Jenerik,Türkçe,Long-tail,h2h_izle,Çekirdek,10,,,,,,evet,,0,0,0,0,0,0,0,0,10,10,10,hayır
galatasaray sturm graz hangi kanalda,Avrupa Kupası Eşleşmeleri,Futbol,Kıta Turnuvası,Kıta Üstü,Global Elit,Erkek,Kulüp,Takım Sporu,Avrupa,Uluslararası,Türk Takımı Var,TV+ Var,Yıllık,Turnuva,Kanal/Yayın,İzleme,Maç,Jenerik,İngilizce,Long-tail,h2h_kanal,Çekirdek,10,LOW,0,,,,evet,,0,10,0,0,0,0,0,0,0,0,0,hayır
galatasaray sturm graz saat kaçta,Avrupa Kupası Eşleşmeleri,Futbol,Kıta Turnuvası,Kıta Üstü,Global Elit,Erkek,Kulüp,Takım Sporu,Avrupa,Uluslararası,Türk Takımı Var,TV+ Var,Yıllık,Turnuva,Takvim/Saat,Bilgi,Maç,Jenerik,Türkçe,Long-tail,h2h_saat,Çekirdek,,,,,,,hayir,,,,,,,,,,,,,hayır
galatasaray sturm graz maçı ne zaman,Avrupa Kupası Eşleşmeleri,Futbol,Kıta Turnuvası,Kıta Üstü,Global Elit,Erkek,Kulüp,Takım Sporu,Avrupa,Uluslararası,Türk Takımı Var,TV+ Var,Yıllık,Turnuva,Takvim/Saat,Bilgi,Maç,Jenerik,Türkçe,Long-tail,h2h_nezaman,Çekirdek,10,LOW,2,,,,evet,,0,10,0,0,10,0,0,0,10,0,0,hayır
galatasaray midtjylland nerede izlenir,Avrupa Kupası Eşleşmeleri,Futbol,Kıta Turnuvası,Kıta Üstü,Global Elit,Erkek,Kulüp,Takım Sporu,Avrupa,Uluslararası,Türk Takımı Var,TV+ Var,Yıllık,Turnuva,Kanal/Yayın,İzleme,Maç,Jenerik,İngilizce,Body,nerede_izlenir,Çekirdek,,,,,,,hayir,,,,,,,,,,,,,hayır
galatasaray midtjylland canlı izle,Avrupa Kupası Eşleşmeleri,Futbol,Kıta Turnuvası,Kıta Üstü,Global Elit,Erkek,Kulüp,Takım Sporu,Avrupa,Uluslararası,Türk Takımı Var,TV+ Var,Yıllık,Turnuva,Canlı İzle,İzleme,Maç,Jenerik,Türkçe,Body,h2h_izle,Çekirdek,,,,,,,hayir,,,,,,,,,,,,,hayır
galatasaray midtjylland hangi kanalda,Avrupa Kupası Eşleşmeleri,Futbol,Kıta Turnuvası,Kıta Üstü,Global Elit,Erkek,Kulüp,Takım Sporu,Avrupa,Uluslararası,Türk Takımı Var,TV+ Var,Yıllık,Turnuva,Kanal/Yayın,İzleme,Maç,Jenerik,İngilizce,Body,h2h_kanal,Çekirdek,,,,,,,hayir,,,,,,,,,,,,,hayır
galatasaray midtjylland saat kaçta,Avrupa Kupası Eşleşmeleri,Futbol,Kıta Turnuvası,Kıta Üstü,Global Elit,Erkek,Kulüp,Takım Sporu,Avrupa,Uluslararası,Türk Takımı Var,TV+ Var,Yıllık,Turnuva,Takvim/Saat,Bilgi,Maç,Jenerik,Türkçe,Body,h2h_saat,Çekirdek,,,,,,,hayir,,,,,,,,,,,,,hayır
galatasaray midtjylland maçı ne zaman,Avrupa Kupası Eşleşmeleri,Futbol,Kıta Turnuvası,Kıta Üstü,Global Elit,Erkek,Kulüp,Takım Sporu,Avrupa,Uluslararası,Türk Takımı Var,TV+ Var,Yıllık,Turnuva,Takvim/Saat,Bilgi,Maç,Jenerik,Türkçe,Long-tail,h2h_nezaman,Çekirdek,,,,,,,hayir,,,,,,,,,,,,,hayır
galatasaray benfica nerede izlenir,Avrupa Kupası Eşleşmeleri,Futbol,Kıta Turnuvası,Kıta Üstü,Global Elit,Erkek,Kulüp,Takım Sporu,Avrupa,Uluslararası,Türk Takımı Var,TV+ Var,Yıllık,Turnuva,Kanal/Yayın,İzleme,Maç,Jenerik,İngilizce,Body,nerede_izlenir,Çekirdek,,,,,,,hayir,,,,,,,,,,,,,hayır
galatasaray benfica canlı izle,Avrupa Kupası Eşleşmeleri,Futbol,Kıta Turnuvası,Kıta Üstü,Global Elit,Erkek,Kulüp,Takım Sporu,Avrupa,Uluslararası,Türk Takımı Var,TV+ Var,Yıllık,Turnuva,Canlı İzle,İzleme,Maç,Jenerik,Türkçe,Body,h2h_izle,Çekirdek,10,,,,,,evet,,10,0,0,10,10,0,10,10,10,10,10,hayır
galatasaray benfica hangi kanalda,Avrupa Kupası Eşleşmeleri,Futbol,Kıta Turnuvası,Kıta Üstü,Global Elit,Erkek,Kulüp,Takım Sporu,Avrupa,Uluslararası,Türk Takımı Var,TV+ Var,Yıllık,Turnuva,Kanal/Yayın,İzleme,Maç,Jenerik,İngilizce,Body,h2h_kanal,Çekirdek,10,,,,,,evet,,0,0,0,0,10,10,10,10,10,20,20,hayır
galatasaray benfica saat kaçta,Avrupa Kupası Eşleşmeleri,Futbol,Kıta Turnuvası,Kıta Üstü,Global Elit,Erkek,Kulüp,Takım Sporu,Avrupa,Uluslararası,Türk Takımı Var,TV+ Var,Yıllık,Turnuva,Takvim/Saat,Bilgi,Maç,Jenerik,Türkçe,Body,h2h_saat,Çekirdek,10,,,,,,evet,,0,0,0,0,0,10,10,0,0,10,10,hayır
galatasaray benfica maçı ne zaman,Avrupa Kupası Eşleşmeleri,Futbol,Kıta Turnuvası,Kıta Üstü,Global Elit,Erkek,Kulüp,Takım Sporu,Avrupa,Uluslararası,Türk Takımı Var,TV+ Var,Yıllık,Turnuva,Takvim/Saat,Bilgi,Maç,Jenerik,Türkçe,Long-tail,h2h_nezaman,Çekirdek,140,LOW,0,,,,evet,,10,20,20,90,140,110,70,70,50,210,720,hayır
galatasaray ajax nerede izlenir,Avrupa Kupası Eşleşmeleri,Futbol,Kıta Turnuvası,Kıta Üstü,Global Elit,Erkek,Kulüp,Takım Sporu,Avrupa,Uluslararası,Türk Takımı Var,TV+ Var,Yıllık,Turnuva,Kanal/Yayın,İzleme,Maç,Jenerik,İngilizce,Body,nerede_izlenir,Çekirdek,30,,,,,,evet,,0,0,0,0,0,0,0,320,10,0,0,hayır
galatasaray ajax canlı izle,Avrupa Kupası Eşleşmeleri,Futbol,Kıta Turnuvası,Kıta Üstü,Global Elit,Erkek,Kulüp,Takım Sporu,Avrupa,Uluslararası,Türk Takımı Var,TV+ Var,Yıllık,Turnuva,Canlı İzle,İzleme,Maç,Jenerik,Türkçe,Body,h2h_izle,Çekirdek,590,,,,,,evet,,0,10,10,10,10,10,20,6600,10,0,10,hayır
galatasaray ajax hangi kanalda,Avrupa Kupası Eşleşmeleri,Futbol,Kıta Turnuvası,Kıta Üstü,Global Elit,Erkek,Kulüp,Takım Sporu,Avrupa,Uluslararası,Türk Takımı Var,TV+ Var,Yıllık,Turnuva,Kanal/Yayın,İzleme,Maç,Jenerik,İngilizce,Body,h2h_kanal,Çekirdek,1900,LOW,9,,,,evet,,10,10,10,10,20,30,50,27100,70,10,10,hayır
galatasaray ajax saat kaçta,Avrupa Kupası Eşleşmeleri,Futbol,Kıta Turnuvası,Kıta Üstü,Global Elit,Erkek,Kulüp,Takım Sporu,Avrupa,Uluslararası,Türk Takımı Var,TV+ Var,Yıllık,Turnuva,Takvim/Saat,Bilgi,Maç,Jenerik,Türkçe,Body,h2h_saat,Çekirdek,70,,,,,,evet,,10,0,0,10,10,10,10,720,20,10,10,hayır
galatasaray ajax maçı ne zaman,Avrupa Kupası Eşleşmeleri,Futbol,Kıta Turnuvası,Kıta Üstü,Global Elit,Erkek,Kulüp,Takım Sporu,Avrupa,Uluslararası,Türk Takımı Var,TV+ Var,Yıllık,Turnuva,Takvim/Saat,Bilgi,Maç,Jenerik,Türkçe,Long-tail,h2h_nezaman,Çekirdek,12100,LOW,1,,,,evet,,30,90,110,170,480,720,1300,110000,27100,590,390,hayır
galatasaray celtic nerede izlenir,Avrupa Kupası Eşleşmeleri,Futbol,Kıta Turnuvası,Kıta Üstü,Global Elit,Erkek,Kulüp,Takım Sporu,Avrupa,Uluslararası,Türk Takımı Var,TV+ Var,Yıllık,Turnuva,Kanal/Yayın,İzleme,Maç,Jenerik,İngilizce,Body,nerede_izlenir,Çekirdek,,,,,,,hayir,,,,,,,,,,,,,hayır
galatasaray celtic canlı izle,Avrupa Kupası Eşleşmeleri,Futbol,Kıta Turnuvası,Kıta Üstü,Global Elit,Erkek,Kulüp,Takım Sporu,Avrupa,Uluslararası,Türk Takımı Var,TV+ Var,Yıllık,Turnuva,Canlı İzle,İzleme,Maç,Jenerik,Türkçe,Body,h2h_izle,Çekirdek,0,,,,,,evet,,0,0,0,0,0,0,0,0,0,0,0,hayır
galatasaray celtic hangi kanalda,Avrupa Kupası Eşleşmeleri,Futbol,Kıta Turnuvası,Kıta Üstü,Global Elit,Erkek,Kulüp,Takım Sporu,Avrupa,Uluslararası,Türk Takımı Var,TV+ Var,Yıllık,Turnuva,Kanal/Yayın,İzleme,Maç,Jenerik,İngilizce,Body,h2h_kanal,Çekirdek,0,,,,,,evet,,0,0,0,0,0,0,0,0,0,0,0,hayır
galatasaray celtic saat kaçta,Avrupa Kupası Eşleşmeleri,Futbol,Kıta Turnuvası,Kıta Üstü,Global Elit,Erkek,Kulüp,Takım Sporu,Avrupa,Uluslararası,Türk Takımı Var,TV+ Var,Yıllık,Turnuva,Takvim/Saat,Bilgi,Maç,Jenerik,Türkçe,Body,h2h_saat,Çekirdek,,,,,,,hayir,,,,,,,,,,,,,hayır
galatasaray celtic maçı ne zaman,Avrupa Kupası Eşleşmeleri,Futbol,Kıta Turnuvası,Kıta Üstü,Global Elit,Erkek,Kulüp,Takım Sporu,Avrupa,Uluslararası,Türk Takımı Var,TV+ Var,Yıllık,Turnuva,Takvim/Saat,Bilgi,Maç,Jenerik,Türkçe,Long-tail,h2h_nezaman,Çekirdek,10,,,,,,evet,,0,0,0,0,0,0,0,10,0,0,10,hayır
galatasaray olympiacos nerede izlenir,Avrupa Kupası Eşleşmeleri,Futbol,Kıta Turnuvası,Kıta Üstü,Global Elit,Erkek,Kulüp,Takım Sporu,Avrupa,Uluslararası,Türk Takımı Var,TV+ Var,Yıllık,Turnuva,Kanal/Yayın,İzleme,Maç,Jenerik,İngilizce,Body,nerede_izlenir,Çekirdek,,,,,,,hayir,,,,,,,,,,,,,hayır
galatasaray olympiacos canlı izle,Avrupa Kupası Eşleşmeleri,Futbol,Kıta Turnuvası,Kıta Üstü,Global Elit,Erkek,Kulüp,Takım Sporu,Avrupa,Uluslararası,Türk Takımı Var,TV+ Var,Yıllık,Turnuva,Canlı İzle,İzleme,Maç,Jenerik,Türkçe,Body,h2h_izle,Çekirdek,,,,,,,hayir,,,,,,,,,,,,,hayır
galatasaray olympiacos hangi kanalda,Avrupa Kupası Eşleşmeleri,Futbol,Kıta Turnuvası,Kıta Üstü,Global Elit,Erkek,Kulüp,Takım Sporu,Avrupa,Uluslararası,Türk Takımı Var,TV+ Var,Yıllık,Turnuva,Kanal/Yayın,İzleme,Maç,Jenerik,İngilizce,Body,h2h_kanal,Çekirdek,,,,,,,hayir,,,,,,,,,,,,,hayır
galatasaray olympiacos saat kaçta,Avrupa Kupası Eşleşmeleri,Futbol,Kıta Turnuvası,Kıta Üstü,Global Elit,Erkek,Kulüp,Takım Sporu,Avrupa,Uluslararası,Türk Takımı Var,TV+ Var,Yıllık,Turnuva,Takvim/Saat,Bilgi,Maç,Jenerik,Türkçe,Body,h2h_saat,Çekirdek,,,,,,,hayir,,,,,,,,,,,,,hayır
galatasaray olympiacos maçı ne zaman,Avrupa Kupası Eşleşmeleri,Futbol,Kıta Turnuvası,Kıta Üstü,Global Elit,Erkek,Kulüp,Takım Sporu,Avrupa,Uluslararası,Türk Takımı Var,TV+ Var,Yıllık,Turnuva,Takvim/Saat,Bilgi,Maç,Jenerik,Türkçe,Long-tail,h2h_nezaman,Çekirdek,,,,,,,hayir,,,,,,,,,,,,,hayır
galatasaray qarabağ nerede izlenir,Avrupa Kupası Eşleşmeleri,Futbol,Kıta Turnuvası,Kıta Üstü,Global Elit,Erkek,Kulüp,Takım Sporu,Avrupa,Uluslararası,Türk Takımı Var,TV+ Var,Yıllık,Turnuva,Kanal/Yayın,İzleme,Maç,Jenerik,Türkçe,Body,nerede_izlenir,Çekirdek,,,,,,,hayir,,,,,,,,,,,,,hayır
galatasaray qarabağ canlı izle,Avrupa Kupası Eşleşmeleri,Futbol,Kıta Turnuvası,Kıta Üstü,Global Elit,Erkek,Kulüp,Takım Sporu,Avrupa,Uluslararası,Türk Takımı Var,TV+ Var,Yıllık,Turnuva,Canlı İzle,İzleme,Maç,Jenerik,Türkçe,Body,h2h_izle,Çekirdek,0,,,,,,evet,,0,0,0,0,0,0,0,0,0,0,0,hayır
galatasaray qarabağ hangi kanalda,Avrupa Kupası Eşleşmeleri,Futbol,Kıta Turnuvası,Kıta Üstü,Global Elit,Erkek,Kulüp,Takım Sporu,Avrupa,Uluslararası,Türk Takımı Var,TV+ Var,Yıllık,Turnuva,Kanal/Yayın,İzleme,Maç,Jenerik,Türkçe,Body,h2h_kanal,Çekirdek,0,,,,,,evet,,0,0,0,0,0,0,0,0,0,0,0,hayır
galatasaray qarabağ saat kaçta,Avrupa Kupası Eşleşmeleri,Futbol,Kıta Turnuvası,Kıta Üstü,Global Elit,Erkek,Kulüp,Takım Sporu,Avrupa,Uluslararası,Türk Takımı Var,TV+ Var,Yıllık,Turnuva,Takvim/Saat,Bilgi,Maç,Jenerik,Türkçe,Body,h2h_saat,Çekirdek,,,,,,,hayir,,,,,,,,,,,,,hayır
galatasaray qarabağ maçı ne zaman,Avrupa Kupası Eşleşmeleri,Futbol,Kıta Turnuvası,Kıta Üstü,Global Elit,Erkek,Kulüp,Takım Sporu,Avrupa,Uluslararası,Türk Takımı Var,TV+ Var,Yıllık,Turnuva,Takvim/Saat,Bilgi,Maç,Jenerik,Türkçe,Long-tail,h2h_nezaman,Çekirdek,,,,,,,hayir,,,,,,,,,,,,,hayır
galatasaray rangers nerede izlenir,Avrupa Kupası Eşleşmeleri,Futbol,Kıta Turnuvası,Kıta Üstü,Global Elit,Erkek,Kulüp,Takım Sporu,Avrupa,Uluslararası,Türk Takımı Var,TV+ Var,Yıllık,Turnuva,Kanal/Yayın,İzleme,Maç,Jenerik,İngilizce,Body,nerede_izlenir,Çekirdek,,,,,,,hayir,,,,,,,,,,,,,hayır
galatasaray rangers canlı izle,Avrupa Kupası Eşleşmeleri,Futbol,Kıta Turnuvası,Kıta Üstü,Global Elit,Erkek,Kulüp,Takım Sporu,Avrupa,Uluslararası,Türk Takımı Var,TV+ Var,Yıllık,Turnuva,Canlı İzle,İzleme,Maç,Jenerik,Türkçe,Body,h2h_izle,Çekirdek,10,,,,,,evet,,0,10,0,10,0,0,0,0,0,0,10,hayır
galatasaray rangers hangi kanalda,Avrupa Kupası Eşleşmeleri,Futbol,Kıta Turnuvası,Kıta Üstü,Global Elit,Erkek,Kulüp,Takım Sporu,Avrupa,Uluslararası,Türk Takımı Var,TV+ Var,Yıllık,Turnuva,Kanal/Yayın,İzleme,Maç,Jenerik,İngilizce,Body,h2h_kanal,Çekirdek,10,LOW,0,,,,evet,,0,10,10,10,10,10,0,0,0,0,10,hayır
galatasaray rangers saat kaçta,Avrupa Kupası Eşleşmeleri,Futbol,Kıta Turnuvası,Kıta Üstü,Global Elit,Erkek,Kulüp,Takım Sporu,Avrupa,Uluslararası,Türk Takımı Var,TV+ Var,Yıllık,Turnuva,Takvim/Saat,Bilgi,Maç,Jenerik,Türkçe,Body,h2h_saat,Çekirdek,0,,,,,,evet,,0,0,0,0,0,0,0,0,0,0,0,hayır
galatasaray rangers maçı ne zaman,Avrupa Kupası Eşleşmeleri,Futbol,Kıta Turnuvası,Kıta Üstü,Global Elit,Erkek,Kulüp,Takım Sporu,Avrupa,Uluslararası,Türk Takımı Var,TV+ Var,Yıllık,Turnuva,Takvim/Saat,Bilgi,Maç,Jenerik,Türkçe,Long-tail,h2h_nezaman,Çekirdek,10,LOW,0,,,,evet,,0,10,10,10,10,10,10,10,10,10,10,hayır
galatasaray brann nerede izlenir,Avrupa Kupası Eşleşmeleri,Futbol,Kıta Turnuvası,Kıta Üstü,Global Elit,Erkek,Kulüp,Takım Sporu,Avrupa,Uluslararası,Türk Takımı Var,TV+ Var,Yıllık,Turnuva,Kanal/Yayın,İzleme,Maç,Jenerik,İngilizce,Body,nerede_izlenir,Çekirdek,,,,,,,hayir,,,,,,,,,,,,,hayır
galatasaray brann canlı izle,Avrupa Kupası Eşleşmeleri,Futbol,Kıta Turnuvası,Kıta Üstü,Global Elit,Erkek,Kulüp,Takım Sporu,Avrupa,Uluslararası,Türk Takımı Var,TV+ Var,Yıllık,Turnuva,Canlı İzle,İzleme,Maç,Jenerik,Türkçe,Body,h2h_izle,Çekirdek,,,,,,,hayir,,,,,,,,,,,,,hayır
galatasaray brann hangi kanalda,Avrupa Kupası Eşleşmeleri,Futbol,Kıta Turnuvası,Kıta Üstü,Global Elit,Erkek,Kulüp,Takım Sporu,Avrupa,Uluslararası,Türk Takımı Var,TV+ Var,Yıllık,Turnuva,Kanal/Yayın,İzleme,Maç,Jenerik,İngilizce,Body,h2h_kanal,Çekirdek,,,,,,,hayir,,,,,,,,,,,,,hayır
galatasaray brann saat kaçta,Avrupa Kupası Eşleşmeleri,Futbol,Kıta Turnuvası,Kıta Üstü,Global Elit,Erkek,Kulüp,Takım Sporu,Avrupa,Uluslararası,Türk Takımı Var,TV+ Var,Yıllık,Turnuva,Takvim/Saat,Bilgi,Maç,Jenerik,Türkçe,Body,h2h_saat,Çekirdek,,,,,,,hayir,,,,,,,,,,,,,hayır
galatasaray brann maçı ne zaman,Avrupa Kupası Eşleşmeleri,Futbol,Kıta Turnuvası,Kıta Üstü,Global Elit,Erkek,Kulüp,Takım Sporu,Avrupa,Uluslararası,Türk Takımı Var,TV+ Var,Yıllık,Turnuva,Takvim/Saat,Bilgi,Maç,Jenerik,Türkçe,Long-tail,h2h_nezaman,Çekirdek,,,,,,,hayir,,,,,,,,,,,,,hayır
galatasaray paok nerede izlenir,Avrupa Kupası Eşleşmeleri,Futbol,Kıta Turnuvası,Kıta Üstü,Global Elit,Erkek,Kulüp,Takım Sporu,Avrupa,Uluslararası,Türk Takımı Var,TV+ Var,Yıllık,Turnuva,Kanal/Yayın,İzleme,Maç,Jenerik,İngilizce,Body,nerede_izlenir,Çekirdek,10,LOW,0,,,,evet,,10,10,10,0,0,10,10,10,0,0,0,hayır
galatasaray paok canlı izle,Avrupa Kupası Eşleşmeleri,Futbol,Kıta Turnuvası,Kıta Üstü,Global Elit,Erkek,Kulüp,Takım Sporu,Avrupa,Uluslararası,Türk Takımı Var,TV+ Var,Yıllık,Turnuva,Canlı İzle,İzleme,Maç,Jenerik,Türkçe,Body,h2h_izle,Çekirdek,10,,,,,,evet,,0,0,0,0,10,0,10,0,10,10,0,hayır
galatasaray paok hangi kanalda,Avrupa Kupası Eşleşmeleri,Futbol,Kıta Turnuvası,Kıta Üstü,Global Elit,Erkek,Kulüp,Takım Sporu,Avrupa,Uluslararası,Türk Takımı Var,TV+ Var,Yıllık,Turnuva,Kanal/Yayın,İzleme,Maç,Jenerik,İngilizce,Body,h2h_kanal,Çekirdek,10,LOW,0,,,,evet,,10,10,10,10,10,0,10,0,10,10,10,hayır
galatasaray paok saat kaçta,Avrupa Kupası Eşleşmeleri,Futbol,Kıta Turnuvası,Kıta Üstü,Global Elit,Erkek,Kulüp,Takım Sporu,Avrupa,Uluslararası,Türk Takımı Var,TV+ Var,Yıllık,Turnuva,Takvim/Saat,Bilgi,Maç,Jenerik,Türkçe,Body,h2h_saat,Çekirdek,10,,,,,,evet,,0,0,0,0,10,10,0,10,0,10,10,hayır
galatasaray paok maçı ne zaman,Avrupa Kupası Eşleşmeleri,Futbol,Kıta Turnuvası,Kıta Üstü,Global Elit,Erkek,Kulüp,Takım Sporu,Avrupa,Uluslararası,Türk Takımı Var,TV+ Var,Yıllık,Turnuva,Takvim/Saat,Bilgi,Maç,Jenerik,Türkçe,Long-tail,h2h_nezaman,Çekirdek,30,LOW,0,,,,evet,,10,10,10,10,10,20,40,30,70,70,50,hayır
galatasaray dinamo zagreb nerede izlenir,Avrupa Kupası Eşleşmeleri,Futbol,Kıta Turnuvası,Kıta Üstü,Global Elit,Erkek,Kulüp,Takım Sporu,Avrupa,Uluslararası,Türk Takımı Var,TV+ Var,Yıllık,Turnuva,Kanal/Yayın,İzleme,Maç,Jenerik,İngilizce,Long-tail,nerede_izlenir,Çekirdek,,,,,,,hayir,,,,,,,,,,,,,hayır
galatasaray dinamo zagreb canlı izle,Avrupa Kupası Eşleşmeleri,Futbol,Kıta Turnuvası,Kıta Üstü,Global Elit,Erkek,Kulüp,Takım Sporu,Avrupa,Uluslararası,Türk Takımı Var,TV+ Var,Yıllık,Turnuva,Canlı İzle,İzleme,Maç,Jenerik,Türkçe,Long-tail,h2h_izle,Çekirdek,,,,,,,hayir,,,,,,,,,,,,,hayır
galatasaray dinamo zagreb hangi kanalda,Avrupa Kupası Eşleşmeleri,Futbol,Kıta Turnuvası,Kıta Üstü,Global Elit,Erkek,Kulüp,Takım Sporu,Avrupa,Uluslararası,Türk Takımı Var,TV+ Var,Yıllık,Turnuva,Kanal/Yayın,İzleme,Maç,Jenerik,İngilizce,Long-tail,h2h_kanal,Çekirdek,,,,,,,hayir,,,,,,,,,,,,,hayır
galatasaray dinamo zagreb saat kaçta,Avrupa Kupası Eşleşmeleri,Futbol,Kıta Turnuvası,Kıta Üstü,Global Elit,Erkek,Kulüp,Takım Sporu,Avrupa,Uluslararası,Türk Takımı Var,TV+ Var,Yıllık,Turnuva,Takvim/Saat,Bilgi,Maç,Jenerik,Türkçe,Long-tail,h2h_saat,Çekirdek,,,,,,,hayir,,,,,,,,,,,,,hayır
galatasaray dinamo zagreb maçı ne zaman,Avrupa Kupası Eşleşmeleri,Futbol,Kıta Turnuvası,Kıta Üstü,Global Elit,Erkek,Kulüp,Takım Sporu,Avrupa,Uluslararası,Türk Takımı Var,TV+ Var,Yıllık,Turnuva,Takvim/Saat,Bilgi,Maç,Jenerik,Türkçe,Long-tail,h2h_nezaman,Çekirdek,,,,,,,hayir,,,,,,,,,,,,,hayır
galatasaray viktoria plzeň nerede izlenir,Avrupa Kupası Eşleşmeleri,Futbol,Kıta Turnuvası,Kıta Üstü,Global Elit,Erkek,Kulüp,Takım Sporu,Avrupa,Uluslararası,Türk Takımı Var,TV+ Var,Yıllık,Turnuva,Kanal/Yayın,İzleme,Maç,Jenerik,Türkçe,Long-tail,nerede_izlenir,Çekirdek,,,,,,,hayir,,,,,,,,,,,,,hayır
galatasaray viktoria plzeň canlı izle,Avrupa Kupası Eşleşmeleri,Futbol,Kıta Turnuvası,Kıta Üstü,Global Elit,Erkek,Kulüp,Takım Sporu,Avrupa,Uluslararası,Türk Takımı Var,TV+ Var,Yıllık,Turnuva,Canlı İzle,İzleme,Maç,Jenerik,Türkçe,Long-tail,h2h_izle,Çekirdek,,,,,,,hayir,,,,,,,,,,,,,hayır
galatasaray viktoria plzeň hangi kanalda,Avrupa Kupası Eşleşmeleri,Futbol,Kıta Turnuvası,Kıta Üstü,Global Elit,Erkek,Kulüp,Takım Sporu,Avrupa,Uluslararası,Türk Takımı Var,TV+ Var,Yıllık,Turnuva,Kanal/Yayın,İzleme,Maç,Jenerik,Türkçe,Long-tail,h2h_kanal,Çekirdek,,,,,,,hayir,,,,,,,,,,,,,hayır
galatasaray viktoria plzeň saat kaçta,Avrupa Kupası Eşleşmeleri,Futbol,Kıta Turnuvası,Kıta Üstü,Global Elit,Erkek,Kulüp,Takım Sporu,Avrupa,Uluslararası,Türk Takımı Var,TV+ Var,Yıllık,Turnuva,Takvim/Saat,Bilgi,Maç,Jenerik,Türkçe,Long-tail,h2h_saat,Çekirdek,,,,,,,hayir,,,,,,,,,,,,,hayır
galatasaray viktoria plzeň maçı ne zaman,Avrupa Kupası Eşleşmeleri,Futbol,Kıta Turnuvası,Kıta Üstü,Global Elit,Erkek,Kulüp,Takım Sporu,Avrupa,Uluslararası,Türk Takımı Var,TV+ Var,Yıllık,Turnuva,Takvim/Saat,Bilgi,Maç,Jenerik,Türkçe,Long-tail,h2h_nezaman,Çekirdek,,,,,,,hayir,,,,,,,,,,,,,hayır
galatasaray salzburg nerede izlenir,Avrupa Kupası Eşleşmeleri,Futbol,Kıta Turnuvası,Kıta Üstü,Global Elit,Erkek,Kulüp,Takım Sporu,Avrupa,Uluslararası,Türk Takımı Var,TV+ Var,Yıllık,Turnuva,Kanal/Yayın,İzleme,Maç,Jenerik,İngilizce,Body,nerede_izlenir,Çekirdek,,,,,,,hayir,,,,,,,,,,,,,hayır
galatasaray salzburg canlı izle,Avrupa Kupası Eşleşmeleri,Futbol,Kıta Turnuvası,Kıta Üstü,Global Elit,Erkek,Kulüp,Takım Sporu,Avrupa,Uluslararası,Türk Takımı Var,TV+ Var,Yıllık,Turnuva,Canlı İzle,İzleme,Maç,Jenerik,Türkçe,Body,h2h_izle,Çekirdek,10,,,,,,evet,,0,0,0,0,0,0,0,10,0,0,10,hayır
galatasaray salzburg hangi kanalda,Avrupa Kupası Eşleşmeleri,Futbol,Kıta Turnuvası,Kıta Üstü,Global Elit,Erkek,Kulüp,Takım Sporu,Avrupa,Uluslararası,Türk Takımı Var,TV+ Var,Yıllık,Turnuva,Kanal/Yayın,İzleme,Maç,Jenerik,İngilizce,Body,h2h_kanal,Çekirdek,10,,,,,,evet,,0,0,0,0,0,0,0,0,10,10,10,hayır
galatasaray salzburg saat kaçta,Avrupa Kupası Eşleşmeleri,Futbol,Kıta Turnuvası,Kıta Üstü,Global Elit,Erkek,Kulüp,Takım Sporu,Avrupa,Uluslararası,Türk Takımı Var,TV+ Var,Yıllık,Turnuva,Takvim/Saat,Bilgi,Maç,Jenerik,Türkçe,Body,h2h_saat,Çekirdek,,,,,,,hayir,,,,,,,,,,,,,hayır
galatasaray salzburg maçı ne zaman,Avrupa Kupası Eşleşmeleri,Futbol,Kıta Turnuvası,Kıta Üstü,Global Elit,Erkek,Kulüp,Takım Sporu,Avrupa,Uluslararası,Türk Takımı Var,TV+ Var,Yıllık,Turnuva,Takvim/Saat,Bilgi,Maç,Jenerik,Türkçe,Long-tail,h2h_nezaman,Çekirdek,10,,,,,,evet,,0,0,0,0,10,10,0,10,10,10,10,hayır
galatasaray fcsb nerede izlenir,Avrupa Kupası Eşleşmeleri,Futbol,Kıta Turnuvası,Kıta Üstü,Global Elit,Erkek,Kulüp,Takım Sporu,Avrupa,Uluslararası,Türk Takımı Var,TV+ Var,Yıllık,Turnuva,Kanal/Yayın,İzleme,Maç,Jenerik,İngilizce,Body,nerede_izlenir,Çekirdek,,,,,,,hayir,,,,,,,,,,,,,hayır
galatasaray fcsb canlı izle,Avrupa Kupası Eşleşmeleri,Futbol,Kıta Turnuvası,Kıta Üstü,Global Elit,Erkek,Kulüp,Takım Sporu,Avrupa,Uluslararası,Türk Takımı Var,TV+ Var,Yıllık,Turnuva,Canlı İzle,İzleme,Maç,Jenerik,Türkçe,Body,h2h_izle,Çekirdek,,,,,,,hayir,,,,,,,,,,,,,hayır
galatasaray fcsb hangi kanalda,Avrupa Kupası Eşleşmeleri,Futbol,Kıta Turnuvası,Kıta Üstü,Global Elit,Erkek,Kulüp,Takım Sporu,Avrupa,Uluslararası,Türk Takımı Var,TV+ Var,Yıllık,Turnuva,Kanal/Yayın,İzleme,Maç,Jenerik,İngilizce,Body,h2h_kanal,Çekirdek,,,,,,,hayir,,,,,,,,,,,,,hayır
galatasaray fcsb saat kaçta,Avrupa Kupası Eşleşmeleri,Futbol,Kıta Turnuvası,Kıta Üstü,Global Elit,Erkek,Kulüp,Takım Sporu,Avrupa,Uluslararası,Türk Takımı Var,TV+ Var,Yıllık,Turnuva,Takvim/Saat,Bilgi,Maç,Jenerik,Türkçe,Body,h2h_saat,Çekirdek,,,,,,,hayir,,,,,,,,,,,,,hayır
galatasaray fcsb maçı ne zaman,Avrupa Kupası Eşleşmeleri,Futbol,Kıta Turnuvası,Kıta Üstü,Global Elit,Erkek,Kulüp,Takım Sporu,Avrupa,Uluslararası,Türk Takımı Var,TV+ Var,Yıllık,Turnuva,Takvim/Saat,Bilgi,Maç,Jenerik,Türkçe,Long-tail,h2h_nezaman,Çekirdek,,,,,,,hayir,,,,,,,,,,,,,hayır
galatasaray kairat nerede izlenir,Avrupa Kupası Eşleşmeleri,Futbol,Kıta Turnuvası,Kıta Üstü,Global Elit,Erkek,Kulüp,Takım Sporu,Avrupa,Uluslararası,Türk Takımı Var,TV+ Var,Yıllık,Turnuva,Kanal/Yayın,İzleme,Maç,Jenerik,İngilizce,Body,nerede_izlenir,Çekirdek,,,,,,,hayir,,,,,,,,,,,,,hayır
galatasaray kairat canlı izle,Avrupa Kupası Eşleşmeleri,Futbol,Kıta Turnuvası,Kıta Üstü,Global Elit,Erkek,Kulüp,Takım Sporu,Avrupa,Uluslararası,Türk Takımı Var,TV+ Var,Yıllık,Turnuva,Canlı İzle,İzleme,Maç,Jenerik,Türkçe,Body,h2h_izle,Çekirdek,,,,,,,hayir,,,,,,,,,,,,,hayır
galatasaray kairat hangi kanalda,Avrupa Kupası Eşleşmeleri,Futbol,Kıta Turnuvası,Kıta Üstü,Global Elit,Erkek,Kulüp,Takım Sporu,Avrupa,Uluslararası,Türk Takımı Var,TV+ Var,Yıllık,Turnuva,Kanal/Yayın,İzleme,Maç,Jenerik,İngilizce,Body,h2h_kanal,Çekirdek,,,,,,,hayir,,,,,,,,,,,,,hayır
galatasaray kairat saat kaçta,Avrupa Kupası Eşleşmeleri,Futbol,Kıta Turnuvası,Kıta Üstü,Global Elit,Erkek,Kulüp,Takım Sporu,Avrupa,Uluslararası,Türk Takımı Var,TV+ Var,Yıllık,Turnuva,Takvim/Saat,Bilgi,Maç,Jenerik,Türkçe,Body,h2h_saat,Çekirdek,,,,,,,hayir,,,,,,,,,,,,,hayır
galatasaray kairat maçı ne zaman,Avrupa Kupası Eşleşmeleri,Futbol,Kıta Turnuvası,Kıta Üstü,Global Elit,Erkek,Kulüp,Takım Sporu,Avrupa,Uluslararası,Türk Takımı Var,TV+ Var,Yıllık,Turnuva,Takvim/Saat,Bilgi,Maç,Jenerik,Türkçe,Long-tail,h2h_nezaman,Çekirdek,,,,,,,hayir,,,,,,,,,,,,,hayır
galatasaray inter turku nerede izlenir,Avrupa Kupası Eşleşmeleri,Futbol,Kıta Turnuvası,Kıta Üstü,Global Elit,Erkek,Kulüp,Takım Sporu,Avrupa,Uluslararası,Türk Takımı Var,TV+ Var,Yıllık,Turnuva,Kanal/Yayın,İzleme,Maç,Jenerik,İngilizce,Long-tail,nerede_izlenir,Çekirdek,,,,,,,hayir,,,,,,,,,,,,,hayır
galatasaray inter turku canlı izle,Avrupa Kupası Eşleşmeleri,Futbol,Kıta Turnuvası,Kıta Üstü,Global Elit,Erkek,Kulüp,Takım Sporu,Avrupa,Uluslararası,Türk Takımı Var,TV+ Var,Yıllık,Turnuva,Canlı İzle,İzleme,Maç,Jenerik,Türkçe,Long-tail,h2h_izle,Çekirdek,,,,,,,hayir,,,,,,,,,,,,,hayır
galatasaray inter turku hangi kanalda,Avrupa Kupası Eşleşmeleri,Futbol,Kıta Turnuvası,Kıta Üstü,Global Elit,Erkek,Kulüp,Takım Sporu,Avrupa,Uluslararası,Türk Takımı Var,TV+ Var,Yıllık,Turnuva,Kanal/Yayın,İzleme,Maç,Jenerik,İngilizce,Long-tail,h2h_kanal,Çekirdek,,,,,,,hayir,,,,,,,,,,,,,hayır
galatasaray inter turku saat kaçta,Avrupa Kupası Eşleşmeleri,Futbol,Kıta Turnuvası,Kıta Üstü,Global Elit,Erkek,Kulüp,Takım Sporu,Avrupa,Uluslararası,Türk Takımı Var,TV+ Var,Yıllık,Turnuva,Takvim/Saat,Bilgi,Maç,Jenerik,Türkçe,Long-tail,h2h_saat,Çekirdek,,,,,,,hayir,,,,,,,,,,,,,hayır
galatasaray inter turku maçı ne zaman,Avrupa Kupası Eşleşmeleri,Futbol,Kıta Turnuvası,Kıta Üstü,Global Elit,Erkek,Kulüp,Takım Sporu,Avrupa,Uluslararası,Türk Takımı Var,TV+ Var,Yıllık,Turnuva,Takvim/Saat,Bilgi,Maç,Jenerik,Türkçe,Long-tail,h2h_nezaman,Çekirdek,,,,,,,hayir,,,,,,,,,,,,,hayır
galatasaray union saint-gilloise nerede izlenir,Avrupa Kupası Eşleşmeleri,Futbol,Kıta Turnuvası,Kıta Üstü,Global Elit,Erkek,Kulüp,Takım Sporu,Avrupa,Uluslararası,Türk Takımı Var,TV+ Var,Yıllık,Turnuva,Kanal/Yayın,İzleme,Maç,Jenerik,İngilizce,Long-tail,nerede_izlenir,Çekirdek,22200,LOW,0,,,,evet,,10,10,20,30,70,110,880,246000,880,320,30,hayır
galatasaray union saint-gilloise canlı izle,Avrupa Kupası Eşleşmeleri,Futbol,Kıta Turnuvası,Kıta Üstü,Global Elit,Erkek,Kulüp,Takım Sporu,Avrupa,Uluslararası,Türk Takımı Var,TV+ Var,Yıllık,Turnuva,Canlı İzle,İzleme,Maç,Jenerik,Türkçe,Long-tail,h2h_izle,Çekirdek,480,LOW,0,,,,evet,,0,0,10,10,30,10,50,5400,0,0,0,hayır
galatasaray union saint-gilloise hangi kanalda,Avrupa Kupası Eşleşmeleri,Futbol,Kıta Turnuvası,Kıta Üstü,Global Elit,Erkek,Kulüp,Takım Sporu,Avrupa,Uluslararası,Türk Takımı Var,TV+ Var,Yıllık,Turnuva,Kanal/Yayın,İzleme,Maç,Jenerik,İngilizce,Long-tail,h2h_kanal,Çekirdek,2900,,,,,,evet,,0,10,10,20,20,50,390,40500,90,20,0,hayır
galatasaray union saint-gilloise saat kaçta,Avrupa Kupası Eşleşmeleri,Futbol,Kıta Turnuvası,Kıta Üstü,Global Elit,Erkek,Kulüp,Takım Sporu,Avrupa,Uluslararası,Türk Takımı Var,TV+ Var,Yıllık,Turnuva,Takvim/Saat,Bilgi,Maç,Jenerik,Türkçe,Long-tail,h2h_saat,Çekirdek,480,,,,,,evet,,10,10,10,10,10,30,110,5400,0,0,0,hayır
galatasaray union saint-gilloise maçı ne zaman,Avrupa Kupası Eşleşmeleri,Futbol,Kıta Turnuvası,Kıta Üstü,Global Elit,Erkek,Kulüp,Takım Sporu,Avrupa,Uluslararası,Türk Takımı Var,TV+ Var,Yıllık,Turnuva,Takvim/Saat,Bilgi,Maç,Jenerik,Türkçe,Long-tail,h2h_nezaman,Çekirdek,1000,LOW,0,,,,evet,,10,10,10,10,20,40,260,12100,90,0,0,hayır
galatasaray lyon nerede izlenir,Avrupa Kupası Eşleşmeleri,Futbol,Kıta Turnuvası,Kıta Üstü,Global Elit,Erkek,Kulüp,Takım Sporu,Avrupa,Uluslararası,Türk Takımı Var,TV+ Var,Yıllık,Turnuva,Kanal/Yayın,İzleme,Maç,Jenerik,İngilizce,Body,nerede_izlenir,Çekirdek,,,,,,,hayir,,,,,,,,,,,,,hayır
galatasaray lyon canlı izle,Avrupa Kupası Eşleşmeleri,Futbol,Kıta Turnuvası,Kıta Üstü,Global Elit,Erkek,Kulüp,Takım Sporu,Avrupa,Uluslararası,Türk Takımı Var,TV+ Var,Yıllık,Turnuva,Canlı İzle,İzleme,Maç,Jenerik,Türkçe,Body,h2h_izle,Çekirdek,,,,,,,hayir,,,,,,,,,,,,,hayır
galatasaray lyon hangi kanalda,Avrupa Kupası Eşleşmeleri,Futbol,Kıta Turnuvası,Kıta Üstü,Global Elit,Erkek,Kulüp,Takım Sporu,Avrupa,Uluslararası,Türk Takımı Var,TV+ Var,Yıllık,Turnuva,Kanal/Yayın,İzleme,Maç,Jenerik,İngilizce,Body,h2h_kanal,Çekirdek,10,,,,,,evet,,0,0,0,0,0,0,0,10,0,0,10,hayır
galatasaray lyon saat kaçta,Avrupa Kupası Eşleşmeleri,Futbol,Kıta Turnuvası,Kıta Üstü,Global Elit,Erkek,Kulüp,Takım Sporu,Avrupa,Uluslararası,Türk Takımı Var,TV+ Var,Yıllık,Turnuva,Takvim/Saat,Bilgi,Maç,Jenerik,Türkçe,Body,h2h_saat,Çekirdek,,,,,,,hayir,,,,,,,,,,,,,hayır
galatasaray lyon maçı ne zaman,Avrupa Kupası Eşleşmeleri,Futbol,Kıta Turnuvası,Kıta Üstü,Global Elit,Erkek,Kulüp,Takım Sporu,Avrupa,Uluslararası,Türk Takımı Var,TV+ Var,Yıllık,Turnuva,Takvim/Saat,Bilgi,Maç,Jenerik,Türkçe,Long-tail,h2h_nezaman,Çekirdek,20,LOW,0,,,,evet,,10,10,10,10,10,20,30,90,10,30,70,hayır
galatasaray freiburg nerede izlenir,Avrupa Kupası Eşleşmeleri,Futbol,Kıta Turnuvası,Kıta Üstü,Global Elit,Erkek,Kulüp,Takım Sporu,Avrupa,Uluslararası,Türk Takımı Var,TV+ Var,Yıllık,Turnuva,Kanal/Yayın,İzleme,Maç,Jenerik,İngilizce,Body,nerede_izlenir,Çekirdek,,,,,,,hayir,,,,,,,,,,,,,hayır
galatasaray freiburg canlı izle,Avrupa Kupası Eşleşmeleri,Futbol,Kıta Turnuvası,Kıta Üstü,Global Elit,Erkek,Kulüp,Takım Sporu,Avrupa,Uluslararası,Türk Takımı Var,TV+ Var,Yıllık,Turnuva,Canlı İzle,İzleme,Maç,Jenerik,Türkçe,Body,h2h_izle,Çekirdek,,,,,,,hayir,,,,,,,,,,,,,hayır
galatasaray freiburg hangi kanalda,Avrupa Kupası Eşleşmeleri,Futbol,Kıta Turnuvası,Kıta Üstü,Global Elit,Erkek,Kulüp,Takım Sporu,Avrupa,Uluslararası,Türk Takımı Var,TV+ Var,Yıllık,Turnuva,Kanal/Yayın,İzleme,Maç,Jenerik,İngilizce,Body,h2h_kanal,Çekirdek,,,,,,,hayir,,,,,,,,,,,,,hayır
galatasaray freiburg saat kaçta,Avrupa Kupası Eşleşmeleri,Futbol,Kıta Turnuvası,Kıta Üstü,Global Elit,Erkek,Kulüp,Takım Sporu,Avrupa,Uluslararası,Türk Takımı Var,TV+ Var,Yıllık,Turnuva,Takvim/Saat,Bilgi,Maç,Jenerik,Türkçe,Body,h2h_saat,Çekirdek,,,,,,,hayir,,,,,,,,,,,,,hayır
galatasaray freiburg maçı ne zaman,Avrupa Kupası Eşleşmeleri,Futbol,Kıta Turnuvası,Kıta Üstü,Global Elit,Erkek,Kulüp,Takım Sporu,Avrupa,Uluslararası,Türk Takımı Var,TV+ Var,Yıllık,Turnuva,Takvim/Saat,Bilgi,Maç,Jenerik,Türkçe,Long-tail,h2h_nezaman,Çekirdek,,,,,,,hayir,,,,,,,,,,,,,hayır
fenerbahçe górnik zabrze nerede izlenir,Avrupa Kupası Eşleşmeleri,Futbol,Kıta Turnuvası,Kıta Üstü,Global Elit,Erkek,Kulüp,Takım Sporu,Avrupa,Uluslararası,Türk Takımı Var,TV+ Var,Yıllık,Turnuva,Kanal/Yayın,İzleme,Maç,Jenerik,Türkçe,Long-tail,nerede_izlenir,Çekirdek,27100,LOW,3,0.18,0.06,0.23,evet,,1000,0,0,0,0,0,0,0,0,0,0,hayır
fenerbahçe górnik zabrze canlı izle,Avrupa Kupası Eşleşmeleri,Futbol,Kıta Turnuvası,Kıta Üstü,Global Elit,Erkek,Kulüp,Takım Sporu,Avrupa,Uluslararası,Türk Takımı Var,TV+ Var,Yıllık,Turnuva,Canlı İzle,İzleme,Maç,Jenerik,Türkçe,Long-tail,h2h_izle,Çekirdek,1300,LOW,3,0.19,0.07,0.25,evet,,0,0,0,0,0,0,0,0,0,0,0,hayır
fenerbahçe górnik zabrze hangi kanalda,Avrupa Kupası Eşleşmeleri,Futbol,Kıta Turnuvası,Kıta Üstü,Global Elit,Erkek,Kulüp,Takım Sporu,Avrupa,Uluslararası,Türk Takımı Var,TV+ Var,Yıllık,Turnuva,Kanal/Yayın,İzleme,Maç,Jenerik,Türkçe,Long-tail,h2h_kanal,Çekirdek,12100,LOW,3,0.24,0.08,0.29,evet,,110,0,0,0,0,0,0,0,0,0,0,hayır
fenerbahçe górnik zabrze saat kaçta,Avrupa Kupası Eşleşmeleri,Futbol,Kıta Turnuvası,Kıta Üstü,Global Elit,Erkek,Kulüp,Takım Sporu,Avrupa,Uluslararası,Türk Takımı Var,TV+ Var,Yıllık,Turnuva,Takvim/Saat,Bilgi,Maç,Jenerik,Türkçe,Long-tail,h2h_saat,Çekirdek,110,LOW,4,0.29,0.05,0.34,evet,,0,0,0,0,0,0,0,0,0,0,0,hayır
fenerbahçe górnik zabrze maçı ne zaman,Avrupa Kupası Eşleşmeleri,Futbol,Kıta Turnuvası,Kıta Üstü,Global Elit,Erkek,Kulüp,Takım Sporu,Avrupa,Uluslararası,Türk Takımı Var,TV+ Var,Yıllık,Turnuva,Takvim/Saat,Bilgi,Maç,Jenerik,Türkçe,Long-tail,h2h_nezaman,Çekirdek,140,LOW,2,0.34,0.07,0.33,evet,,0,0,0,0,0,0,0,0,0,0,0,hayır
fenerbahçe sturm graz nerede izlenir,Avrupa Kupası Eşleşmeleri,Futbol,Kıta Turnuvası,Kıta Üstü,Global Elit,Erkek,Kulüp,Takım Sporu,Avrupa,Uluslararası,Türk Takımı Var,TV+ Var,Yıllık,Turnuva,Kanal/Yayın,İzleme,Maç,Jenerik,Türkçe,Long-tail,nerede_izlenir,Çekirdek,140,LOW,4,0.24,0.13,0.5,evet,,0,0,0,0,0,0,0,0,0,0,0,hayır
fenerbahçe sturm graz canlı izle,Avrupa Kupası Eşleşmeleri,Futbol,Kıta Turnuvası,Kıta Üstü,Global Elit,Erkek,Kulüp,Takım Sporu,Avrupa,Uluslararası,Türk Takımı Var,TV+ Var,Yıllık,Turnuva,Canlı İzle,İzleme,Maç,Jenerik,Türkçe,Long-tail,h2h_izle,Çekirdek,10,LOW,4,,,,evet,,0,0,10,10,10,10,10,10,90,0,0,hayır
fenerbahçe sturm graz hangi kanalda,Avrupa Kupası Eşleşmeleri,Futbol,Kıta Turnuvası,Kıta Üstü,Global Elit,Erkek,Kulüp,Takım Sporu,Avrupa,Uluslararası,Türk Takımı Var,TV+ Var,Yıllık,Turnuva,Kanal/Yayın,İzleme,Maç,Jenerik,Türkçe,Long-tail,h2h_kanal,Çekirdek,20,LOW,3,,,,evet,,0,0,0,0,0,0,0,0,10,0,0,hayır
fenerbahçe sturm graz saat kaçta,Avrupa Kupası Eşleşmeleri,Futbol,Kıta Turnuvası,Kıta Üstü,Global Elit,Erkek,Kulüp,Takım Sporu,Avrupa,Uluslararası,Türk Takımı Var,TV+ Var,Yıllık,Turnuva,Takvim/Saat,Bilgi,Maç,Jenerik,Türkçe,Long-tail,h2h_saat,Çekirdek,10,LOW,2,,,,evet,,0,0,0,0,0,0,0,0,0,0,0,hayır
fenerbahçe sturm graz maçı ne zaman,Avrupa Kupası Eşleşmeleri,Futbol,Kıta Turnuvası,Kıta Üstü,Global Elit,Erkek,Kulüp,Takım Sporu,Avrupa,Uluslararası,Türk Takımı Var,TV+ Var,Yıllık,Turnuva,Takvim/Saat,Bilgi,Maç,Jenerik,Türkçe,Long-tail,h2h_nezaman,Çekirdek,590,LOW,0,0.96,0.04,1.19,evet,,0,0,0,0,0,10,10,10,10,10,0,hayır
fenerbahçe midtjylland nerede izlenir,Avrupa Kupası Eşleşmeleri,Futbol,Kıta Turnuvası,Kıta Üstü,Global Elit,Erkek,Kulüp,Takım Sporu,Avrupa,Uluslararası,Türk Takımı Var,TV+ Var,Yıllık,Turnuva,Kanal/Yayın,İzleme,Maç,Jenerik,Türkçe,Body,nerede_izlenir,Çekirdek,,,,,,,hayir,,,,,,,,,,,,,hayır
fenerbahçe midtjylland canlı izle,Avrupa Kupası Eşleşmeleri,Futbol,Kıta Turnuvası,Kıta Üstü,Global Elit,Erkek,Kulüp,Takım Sporu,Avrupa,Uluslararası,Türk Takımı Var,TV+ Var,Yıllık,Turnuva,Canlı İzle,İzleme,Maç,Jenerik,Türkçe,Body,h2h_izle,Çekirdek,10,LOW,0,,,,evet,,0,0,10,0,0,10,0,10,0,0,0,hayır
fenerbahçe midtjylland hangi kanalda,Avrupa Kupası Eşleşmeleri,Futbol,Kıta Turnuvası,Kıta Üstü,Global Elit,Erkek,Kulüp,Takım Sporu,Avrupa,Uluslararası,Türk Takımı Var,TV+ Var,Yıllık,Turnuva,Kanal/Yayın,İzleme,Maç,Jenerik,Türkçe,Body,h2h_kanal,Çekirdek,10,LOW,2,,,,evet,,10,0,10,10,0,0,0,0,0,0,0,hayır
fenerbahçe midtjylland saat kaçta,Avrupa Kupası Eşleşmeleri,Futbol,Kıta Turnuvası,Kıta Üstü,Global Elit,Erkek,Kulüp,Takım Sporu,Avrupa,Uluslararası,Türk Takımı Var,TV+ Var,Yıllık,Turnuva,Takvim/Saat,Bilgi,Maç,Jenerik,Türkçe,Body,h2h_saat,Çekirdek,10,LOW,0,,,,evet,,10,0,0,0,0,10,0,10,0,0,0,hayır
fenerbahçe midtjylland maçı ne zaman,Avrupa Kupası Eşleşmeleri,Futbol,Kıta Turnuvası,Kıta Üstü,Global Elit,Erkek,Kulüp,Takım Sporu,Avrupa,Uluslararası,Türk Takımı Var,TV+ Var,Yıllık,Turnuva,Takvim/Saat,Bilgi,Maç,Jenerik,Türkçe,Long-tail,h2h_nezaman,Çekirdek,10,LOW,0,,,,evet,,0,0,0,0,10,10,10,10,0,0,0,hayır
fenerbahçe benfica nerede izlenir,Avrupa Kupası Eşleşmeleri,Futbol,Kıta Turnuvası,Kıta Üstü,Global Elit,Erkek,Kulüp,Takım Sporu,Avrupa,Uluslararası,Türk Takımı Var,TV+ Var,Yıllık,Turnuva,Kanal/Yayın,İzleme,Maç,Jenerik,Türkçe,Body,nerede_izlenir,Çekirdek,27100,LOW,0,,,,evet,,10,10,10,10,40,70,90,170,260,590,301000,hayır
fenerbahçe benfica canlı izle,Avrupa Kupası Eşleşmeleri,Futbol,Kıta Turnuvası,Kıta Üstü,Global Elit,Erkek,Kulüp,Takım Sporu,Avrupa,Uluslararası,Türk Takımı Var,TV+ Var,Yıllık,Turnuva,Canlı İzle,İzleme,Maç,Jenerik,Türkçe,Body,h2h_izle,Çekirdek,2400,LOW,7,,,,evet,,10,10,10,10,20,20,30,90,70,210,27100,hayır
fenerbahçe benfica hangi kanalda,Avrupa Kupası Eşleşmeleri,Futbol,Kıta Turnuvası,Kıta Üstü,Global Elit,Erkek,Kulüp,Takım Sporu,Avrupa,Uluslararası,Türk Takımı Var,TV+ Var,Yıllık,Turnuva,Kanal/Yayın,İzleme,Maç,Jenerik,Türkçe,Body,h2h_kanal,Çekirdek,74000,LOW,2,,,,evet,,20,30,30,30,210,480,480,1900,1600,3600,823000,hayır
fenerbahçe benfica saat kaçta,Avrupa Kupası Eşleşmeleri,Futbol,Kıta Turnuvası,Kıta Üstü,Global Elit,Erkek,Kulüp,Takım Sporu,Avrupa,Uluslararası,Türk Takımı Var,TV+ Var,Yıllık,Turnuva,Takvim/Saat,Bilgi,Maç,Jenerik,Türkçe,Body,h2h_saat,Çekirdek,1000,LOW,0,,,,evet,,0,10,0,10,20,30,30,90,110,140,12100,hayır
fenerbahçe benfica maçı ne zaman,Avrupa Kupası Eşleşmeleri,Futbol,Kıta Turnuvası,Kıta Üstü,Global Elit,Erkek,Kulüp,Takım Sporu,Avrupa,Uluslararası,Türk Takımı Var,TV+ Var,Yıllık,Turnuva,Takvim/Saat,Bilgi,Maç,Jenerik,Türkçe,Long-tail,h2h_nezaman,Çekirdek,12100,LOW,0,,,,evet,,40,40,50,70,260,390,480,880,1000,1600,135000,hayır
fenerbahçe ajax nerede izlenir,Avrupa Kupası Eşleşmeleri,Futbol,Kıta Turnuvası,Kıta Üstü,Global Elit,Erkek,Kulüp,Takım Sporu,Avrupa,Uluslararası,Türk Takımı Var,TV+ Var,Yıllık,Turnuva,Kanal/Yayın,İzleme,Maç,Jenerik,Türkçe,Body,nerede_izlenir,Çekirdek,,,,,,,hayir,,,,,,,,,,,,,hayır
fenerbahçe ajax canlı izle,Avrupa Kupası Eşleşmeleri,Futbol,Kıta Turnuvası,Kıta Üstü,Global Elit,Erkek,Kulüp,Takım Sporu,Avrupa,Uluslararası,Türk Takımı Var,TV+ Var,Yıllık,Turnuva,Canlı İzle,İzleme,Maç,Jenerik,Türkçe,Body,h2h_izle,Çekirdek,10,,,,,,evet,,0,0,0,0,0,10,10,10,0,10,10,hayır
fenerbahçe ajax hangi kanalda,Avrupa Kupası Eşleşmeleri,Futbol,Kıta Turnuvası,Kıta Üstü,Global Elit,Erkek,Kulüp,Takım Sporu,Avrupa,Uluslararası,Türk Takımı Var,TV+ Var,Yıllık,Turnuva,Kanal/Yayın,İzleme,Maç,Jenerik,Türkçe,Body,h2h_kanal,Çekirdek,10,,,,,,evet,,0,10,0,0,0,10,0,10,10,10,30,hayır
fenerbahçe ajax saat kaçta,Avrupa Kupası Eşleşmeleri,Futbol,Kıta Turnuvası,Kıta Üstü,Global Elit,Erkek,Kulüp,Takım Sporu,Avrupa,Uluslararası,Türk Takımı Var,TV+ Var,Yıllık,Turnuva,Takvim/Saat,Bilgi,Maç,Jenerik,Türkçe,Body,h2h_saat,Çekirdek,10,,,,,,evet,,0,0,0,0,0,0,0,10,0,0,0,hayır
fenerbahçe ajax maçı ne zaman,Avrupa Kupası Eşleşmeleri,Futbol,Kıta Turnuvası,Kıta Üstü,Global Elit,Erkek,Kulüp,Takım Sporu,Avrupa,Uluslararası,Türk Takımı Var,TV+ Var,Yıllık,Turnuva,Takvim/Saat,Bilgi,Maç,Jenerik,Türkçe,Long-tail,h2h_nezaman,Çekirdek,50,LOW,3,,,,evet,,10,10,10,10,20,50,40,390,40,20,40,hayır
fenerbahçe celtic nerede izlenir,Avrupa Kupası Eşleşmeleri,Futbol,Kıta Turnuvası,Kıta Üstü,Global Elit,Erkek,Kulüp,Takım Sporu,Avrupa,Uluslararası,Türk Takımı Var,TV+ Var,Yıllık,Turnuva,Kanal/Yayın,İzleme,Maç,Jenerik,Türkçe,Body,nerede_izlenir,Çekirdek,,,,,,,hayir,,,,,,,,,,,,,hayır
fenerbahçe celtic canlı izle,Avrupa Kupası Eşleşmeleri,Futbol,Kıta Turnuvası,Kıta Üstü,Global Elit,Erkek,Kulüp,Takım Sporu,Avrupa,Uluslararası,Türk Takımı Var,TV+ Var,Yıllık,Turnuva,Canlı İzle,İzleme,Maç,Jenerik,Türkçe,Body,h2h_izle,Çekirdek,10,,,,,,evet,,0,0,0,0,0,0,0,0,0,10,10,hayır
fenerbahçe celtic hangi kanalda,Avrupa Kupası Eşleşmeleri,Futbol,Kıta Turnuvası,Kıta Üstü,Global Elit,Erkek,Kulüp,Takım Sporu,Avrupa,Uluslararası,Türk Takımı Var,TV+ Var,Yıllık,Turnuva,Kanal/Yayın,İzleme,Maç,Jenerik,Türkçe,Body,h2h_kanal,Çekirdek,10,,,,,,evet,,0,10,0,0,0,0,0,0,0,0,0,hayır
fenerbahçe celtic saat kaçta,Avrupa Kupası Eşleşmeleri,Futbol,Kıta Turnuvası,Kıta Üstü,Global Elit,Erkek,Kulüp,Takım Sporu,Avrupa,Uluslararası,Türk Takımı Var,TV+ Var,Yıllık,Turnuva,Takvim/Saat,Bilgi,Maç,Jenerik,Türkçe,Body,h2h_saat,Çekirdek,0,,,,,,evet,,0,0,0,0,0,0,0,0,0,0,0,hayır
fenerbahçe celtic maçı ne zaman,Avrupa Kupası Eşleşmeleri,Futbol,Kıta Turnuvası,Kıta Üstü,Global Elit,Erkek,Kulüp,Takım Sporu,Avrupa,Uluslararası,Türk Takımı Var,TV+ Var,Yıllık,Turnuva,Takvim/Saat,Bilgi,Maç,Jenerik,Türkçe,Long-tail,h2h_nezaman,Çekirdek,10,,,,,,evet,,0,0,10,10,0,10,10,10,10,10,10,hayır
fenerbahçe olympiacos nerede izlenir,Avrupa Kupası Eşleşmeleri,Futbol,Kıta Turnuvası,Kıta Üstü,Global Elit,Erkek,Kulüp,Takım Sporu,Avrupa,Uluslararası,Türk Takımı Var,TV+ Var,Yıllık,Turnuva,Kanal/Yayın,İzleme,Maç,Jenerik,Türkçe,Body,nerede_izlenir,Çekirdek,,,,,,,hayir,,,,,,,,,,,,,hayır
fenerbahçe olympiacos canlı izle,Avrupa Kupası Eşleşmeleri,Futbol,Kıta Turnuvası,Kıta Üstü,Global Elit,Erkek,Kulüp,Takım Sporu,Avrupa,Uluslararası,Türk Takımı Var,TV+ Var,Yıllık,Turnuva,Canlı İzle,İzleme,Maç,Jenerik,Türkçe,Body,h2h_izle,Çekirdek,,,,,,,hayir,,,,,,,,,,,,,hayır
fenerbahçe olympiacos hangi kanalda,Avrupa Kupası Eşleşmeleri,Futbol,Kıta Turnuvası,Kıta Üstü,Global Elit,Erkek,Kulüp,Takım Sporu,Avrupa,Uluslararası,Türk Takımı Var,TV+ Var,Yıllık,Turnuva,Kanal/Yayın,İzleme,Maç,Jenerik,Türkçe,Body,h2h_kanal,Çekirdek,,,,,,,hayir,,,,,,,,,,,,,hayır
fenerbahçe olympiacos saat kaçta,Avrupa Kupası Eşleşmeleri,Futbol,Kıta Turnuvası,Kıta Üstü,Global Elit,Erkek,Kulüp,Takım Sporu,Avrupa,Uluslararası,Türk Takımı Var,TV+ Var,Yıllık,Turnuva,Takvim/Saat,Bilgi,Maç,Jenerik,Türkçe,Body,h2h_saat,Çekirdek,,,,,,,hayir,,,,,,,,,,,,,hayır
fenerbahçe olympiacos maçı ne zaman,Avrupa Kupası Eşleşmeleri,Futbol,Kıta Turnuvası,Kıta Üstü,Global Elit,Erkek,Kulüp,Takım Sporu,Avrupa,Uluslararası,Türk Takımı Var,TV+ Var,Yıllık,Turnuva,Takvim/Saat,Bilgi,Maç,Jenerik,Türkçe,Long-tail,h2h_nezaman,Çekirdek,,,,,,,hayir,,,,,,,,,,,,,hayır
fenerbahçe qarabağ nerede izlenir,Avrupa Kupası Eşleşmeleri,Futbol,Kıta Turnuvası,Kıta Üstü,Global Elit,Erkek,Kulüp,Takım Sporu,Avrupa,Uluslararası,Türk Takımı Var,TV+ Var,Yıllık,Turnuva,Kanal/Yayın,İzleme,Maç,Jenerik,Türkçe,Body,nerede_izlenir,Çekirdek,,,,,,,hayir,,,,,,,,,,,,,hayır
fenerbahçe qarabağ canlı izle,Avrupa Kupası Eşleşmeleri,Futbol,Kıta Turnuvası,Kıta Üstü,Global Elit,Erkek,Kulüp,Takım Sporu,Avrupa,Uluslararası,Türk Takımı Var,TV+ Var,Yıllık,Turnuva,Canlı İzle,İzleme,Maç,Jenerik,Türkçe,Body,h2h_izle,Çekirdek,,,,,,,hayir,,,,,,,,,,,,,hayır
fenerbahçe qarabağ hangi kanalda,Avrupa Kupası Eşleşmeleri,Futbol,Kıta Turnuvası,Kıta Üstü,Global Elit,Erkek,Kulüp,Takım Sporu,Avrupa,Uluslararası,Türk Takımı Var,TV+ Var,Yıllık,Turnuva,Kanal/Yayın,İzleme,Maç,Jenerik,Türkçe,Body,h2h_kanal,Çekirdek,,,,,,,hayir,,,,,,,,,,,,,hayır
fenerbahçe qarabağ saat kaçta,Avrupa Kupası Eşleşmeleri,Futbol,Kıta Turnuvası,Kıta Üstü,Global Elit,Erkek,Kulüp,Takım Sporu,Avrupa,Uluslararası,Türk Takımı Var,TV+ Var,Yıllık,Turnuva,Takvim/Saat,Bilgi,Maç,Jenerik,Türkçe,Body,h2h_saat,Çekirdek,,,,,,,hayir,,,,,,,,,,,,,hayır
fenerbahçe qarabağ maçı ne zaman,Avrupa Kupası Eşleşmeleri,Futbol,Kıta Turnuvası,Kıta Üstü,Global Elit,Erkek,Kulüp,Takım Sporu,Avrupa,Uluslararası,Türk Takımı Var,TV+ Var,Yıllık,Turnuva,Takvim/Saat,Bilgi,Maç,Jenerik,Türkçe,Long-tail,h2h_nezaman,Çekirdek,,,,,,,hayir,,,,,,,,,,,,,hayır
fenerbahçe rangers nerede izlenir,Avrupa Kupası Eşleşmeleri,Futbol,Kıta Turnuvası,Kıta Üstü,Global Elit,Erkek,Kulüp,Takım Sporu,Avrupa,Uluslararası,Türk Takımı Var,TV+ Var,Yıllık,Turnuva,Kanal/Yayın,İzleme,Maç,Jenerik,Türkçe,Body,nerede_izlenir,Çekirdek,10,LOW,7,,,,evet,,0,0,0,10,10,10,10,40,10,10,70,hayır
fenerbahçe rangers canlı izle,Avrupa Kupası Eşleşmeleri,Futbol,Kıta Turnuvası,Kıta Üstü,Global Elit,Erkek,Kulüp,Takım Sporu,Avrupa,Uluslararası,Türk Takımı Var,TV+ Var,Yıllık,Turnuva,Canlı İzle,İzleme,Maç,Jenerik,Türkçe,Body,h2h_izle,Çekirdek,10,,,,,,evet,,0,0,0,10,10,10,10,0,0,0,20,hayır
fenerbahçe rangers hangi kanalda,Avrupa Kupası Eşleşmeleri,Futbol,Kıta Turnuvası,Kıta Üstü,Global Elit,Erkek,Kulüp,Takım Sporu,Avrupa,Uluslararası,Türk Takımı Var,TV+ Var,Yıllık,Turnuva,Kanal/Yayın,İzleme,Maç,Jenerik,Türkçe,Body,h2h_kanal,Çekirdek,10,LOW,0,,,,evet,,0,0,10,10,10,10,20,10,10,40,90,hayır
fenerbahçe rangers saat kaçta,Avrupa Kupası Eşleşmeleri,Futbol,Kıta Turnuvası,Kıta Üstü,Global Elit,Erkek,Kulüp,Takım Sporu,Avrupa,Uluslararası,Türk Takımı Var,TV+ Var,Yıllık,Turnuva,Takvim/Saat,Bilgi,Maç,Jenerik,Türkçe,Body,h2h_saat,Çekirdek,10,LOW,0,,,,evet,,0,0,0,10,10,10,10,10,10,10,10,hayır
fenerbahçe rangers maçı ne zaman,Avrupa Kupası Eşleşmeleri,Futbol,Kıta Turnuvası,Kıta Üstü,Global Elit,Erkek,Kulüp,Takım Sporu,Avrupa,Uluslararası,Türk Takımı Var,TV+ Var,Yıllık,Turnuva,Takvim/Saat,Bilgi,Maç,Jenerik,Türkçe,Long-tail,h2h_nezaman,Çekirdek,50,LOW,0,,,,evet,,10,10,10,30,70,40,70,50,20,90,210,hayır
fenerbahçe brann nerede izlenir,Avrupa Kupası Eşleşmeleri,Futbol,Kıta Turnuvası,Kıta Üstü,Global Elit,Erkek,Kulüp,Takım Sporu,Avrupa,Uluslararası,Türk Takımı Var,TV+ Var,Yıllık,Turnuva,Kanal/Yayın,İzleme,Maç,Jenerik,Türkçe,Body,nerede_izlenir,Çekirdek,,,,,,,hayir,,,,,,,,,,,,,hayır
fenerbahçe brann canlı izle,Avrupa Kupası Eşleşmeleri,Futbol,Kıta Turnuvası,Kıta Üstü,Global Elit,Erkek,Kulüp,Takım Sporu,Avrupa,Uluslararası,Türk Takımı Var,TV+ Var,Yıllık,Turnuva,Canlı İzle,İzleme,Maç,Jenerik,Türkçe,Body,h2h_izle,Çekirdek,30,LOW,14,,,,evet,,0,0,0,0,10,0,320,0,0,0,0,hayır
fenerbahçe brann hangi kanalda,Avrupa Kupası Eşleşmeleri,Futbol,Kıta Turnuvası,Kıta Üstü,Global Elit,Erkek,Kulüp,Takım Sporu,Avrupa,Uluslararası,Türk Takımı Var,TV+ Var,Yıllık,Turnuva,Kanal/Yayın,İzleme,Maç,Jenerik,Türkçe,Body,h2h_kanal,Çekirdek,140,,,,,,evet,,0,0,0,0,10,20,1600,0,0,0,0,hayır
fenerbahçe brann saat kaçta,Avrupa Kupası Eşleşmeleri,Futbol,Kıta Turnuvası,Kıta Üstü,Global Elit,Erkek,Kulüp,Takım Sporu,Avrupa,Uluslararası,Türk Takımı Var,TV+ Var,Yıllık,Turnuva,Takvim/Saat,Bilgi,Maç,Jenerik,Türkçe,Body,h2h_saat,Çekirdek,10,,,,,,evet,,0,0,0,0,0,10,70,0,0,0,0,hayır
fenerbahçe brann maçı ne zaman,Avrupa Kupası Eşleşmeleri,Futbol,Kıta Turnuvası,Kıta Üstü,Global Elit,Erkek,Kulüp,Takım Sporu,Avrupa,Uluslararası,Türk Takımı Var,TV+ Var,Yıllık,Turnuva,Takvim/Saat,Bilgi,Maç,Jenerik,Türkçe,Long-tail,h2h_nezaman,Çekirdek,590,LOW,0,,,,evet,,10,10,10,20,70,140,6600,90,30,0,0,hayır
fenerbahçe paok nerede izlenir,Avrupa Kupası Eşleşmeleri,Futbol,Kıta Turnuvası,Kıta Üstü,Global Elit,Erkek,Kulüp,Takım Sporu,Avrupa,Uluslararası,Türk Takımı Var,TV+ Var,Yıllık,Turnuva,Kanal/Yayın,İzleme,Maç,Jenerik,Türkçe,Body,nerede_izlenir,Çekirdek,,,,,,,hayir,,,,,,,,,,,,,hayır
fenerbahçe paok canlı izle,Avrupa Kupası Eşleşmeleri,Futbol,Kıta Turnuvası,Kıta Üstü,Global Elit,Erkek,Kulüp,Takım Sporu,Avrupa,Uluslararası,Türk Takımı Var,TV+ Var,Yıllık,Turnuva,Canlı İzle,İzleme,Maç,Jenerik,Türkçe,Body,h2h_izle,Çekirdek,0,,,,,,evet,,0,0,0,0,0,0,0,0,0,0,0,hayır
fenerbahçe paok hangi kanalda,Avrupa Kupası Eşleşmeleri,Futbol,Kıta Turnuvası,Kıta Üstü,Global Elit,Erkek,Kulüp,Takım Sporu,Avrupa,Uluslararası,Türk Takımı Var,TV+ Var,Yıllık,Turnuva,Kanal/Yayın,İzleme,Maç,Jenerik,Türkçe,Body,h2h_kanal,Çekirdek,10,LOW,12,,,,evet,,0,0,0,0,10,0,0,0,0,0,0,hayır
fenerbahçe paok saat kaçta,Avrupa Kupası Eşleşmeleri,Futbol,Kıta Turnuvası,Kıta Üstü,Global Elit,Erkek,Kulüp,Takım Sporu,Avrupa,Uluslararası,Türk Takımı Var,TV+ Var,Yıllık,Turnuva,Takvim/Saat,Bilgi,Maç,Jenerik,Türkçe,Body,h2h_saat,Çekirdek,,,,,,,hayir,,,,,,,,,,,,,hayır
fenerbahçe paok maçı ne zaman,Avrupa Kupası Eşleşmeleri,Futbol,Kıta Turnuvası,Kıta Üstü,Global Elit,Erkek,Kulüp,Takım Sporu,Avrupa,Uluslararası,Türk Takımı Var,TV+ Var,Yıllık,Turnuva,Takvim/Saat,Bilgi,Maç,Jenerik,Türkçe,Long-tail,h2h_nezaman,Çekirdek,10,LOW,0,,,,evet,,0,10,10,10,10,10,10,10,10,10,10,hayır
fenerbahçe dinamo zagreb nerede izlenir,Avrupa Kupası Eşleşmeleri,Futbol,Kıta Turnuvası,Kıta Üstü,Global Elit,Erkek,Kulüp,Takım Sporu,Avrupa,Uluslararası,Türk Takımı Var,TV+ Var,Yıllık,Turnuva,Kanal/Yayın,İzleme,Maç,Jenerik,Türkçe,Long-tail,nerede_izlenir,Çekirdek,,,,,,,hayir,,,,,,,,,,,,,hayır
fenerbahçe dinamo zagreb canlı izle,Avrupa Kupası Eşleşmeleri,Futbol,Kıta Turnuvası,Kıta Üstü,Global Elit,Erkek,Kulüp,Takım Sporu,Avrupa,Uluslararası,Türk Takımı Var,TV+ Var,Yıllık,Turnuva,Canlı İzle,İzleme,Maç,Jenerik,Türkçe,Long-tail,h2h_izle,Çekirdek,110,LOW,1,,,,evet,,0,0,0,10,10,0,10,10,20,1000,0,hayır
fenerbahçe dinamo zagreb hangi kanalda,Avrupa Kupası Eşleşmeleri,Futbol,Kıta Turnuvası,Kıta Üstü,Global Elit,Erkek,Kulüp,Takım Sporu,Avrupa,Uluslararası,Türk Takımı Var,TV+ Var,Yıllık,Turnuva,Kanal/Yayın,İzleme,Maç,Jenerik,Türkçe,Long-tail,h2h_kanal,Çekirdek,590,LOW,1,0.14,,,evet,,0,0,10,10,10,10,10,40,50,6600,10,hayır
fenerbahçe dinamo zagreb saat kaçta,Avrupa Kupası Eşleşmeleri,Futbol,Kıta Turnuvası,Kıta Üstü,Global Elit,Erkek,Kulüp,Takım Sporu,Avrupa,Uluslararası,Türk Takımı Var,TV+ Var,Yıllık,Turnuva,Takvim/Saat,Bilgi,Maç,Jenerik,Türkçe,Long-tail,h2h_saat,Çekirdek,10,LOW,3,,,,evet,,10,0,0,0,0,10,0,10,10,110,10,hayır
fenerbahçe dinamo zagreb maçı ne zaman,Avrupa Kupası Eşleşmeleri,Futbol,Kıta Turnuvası,Kıta Üstü,Global Elit,Erkek,Kulüp,Takım Sporu,Avrupa,Uluslararası,Türk Takımı Var,TV+ Var,Yıllık,Turnuva,Takvim/Saat,Bilgi,Maç,Jenerik,Türkçe,Long-tail,h2h_nezaman,Çekirdek,590,LOW,1,,,,evet,,40,10,10,10,20,50,50,140,480,6600,50,hayır
fenerbahçe viktoria plzeň nerede izlenir,Avrupa Kupası Eşleşmeleri,Futbol,Kıta Turnuvası,Kıta Üstü,Global Elit,Erkek,Kulüp,Takım Sporu,Avrupa,Uluslararası,Türk Takımı Var,TV+ Var,Yıllık,Turnuva,Kanal/Yayın,İzleme,Maç,Jenerik,Türkçe,Long-tail,nerede_izlenir,Çekirdek,,,,,,,hayir,,,,,,,,,,,,,hayır
fenerbahçe viktoria plzeň canlı izle,Avrupa Kupası Eşleşmeleri,Futbol,Kıta Turnuvası,Kıta Üstü,Global Elit,Erkek,Kulüp,Takım Sporu,Avrupa,Uluslararası,Türk Takımı Var,TV+ Var,Yıllık,Turnuva,Canlı İzle,İzleme,Maç,Jenerik,Türkçe,Long-tail,h2h_izle,Çekirdek,,,,,,,hayir,,,,,,,,,,,,,hayır
fenerbahçe viktoria plzeň hangi kanalda,Avrupa Kupası Eşleşmeleri,Futbol,Kıta Turnuvası,Kıta Üstü,Global Elit,Erkek,Kulüp,Takım Sporu,Avrupa,Uluslararası,Türk Takımı Var,TV+ Var,Yıllık,Turnuva,Kanal/Yayın,İzleme,Maç,Jenerik,Türkçe,Long-tail,h2h_kanal,Çekirdek,,,,,,,hayir,,,,,,,,,,,,,hayır
fenerbahçe viktoria plzeň saat kaçta,Avrupa Kupası Eşleşmeleri,Futbol,Kıta Turnuvası,Kıta Üstü,Global Elit,Erkek,Kulüp,Takım Sporu,Avrupa,Uluslararası,Türk Takımı Var,TV+ Var,Yıllık,Turnuva,Takvim/Saat,Bilgi,Maç,Jenerik,Türkçe,Long-tail,h2h_saat,Çekirdek,,,,,,,hayir,,,,,,,,,,,,,hayır
fenerbahçe viktoria plzeň maçı ne zaman,Avrupa Kupası Eşleşmeleri,Futbol,Kıta Turnuvası,Kıta Üstü,Global Elit,Erkek,Kulüp,Takım Sporu,Avrupa,Uluslararası,Türk Takımı Var,TV+ Var,Yıllık,Turnuva,Takvim/Saat,Bilgi,Maç,Jenerik,Türkçe,Long-tail,h2h_nezaman,Çekirdek,,,,,,,hayir,,,,,,,,,,,,,hayır
fenerbahçe salzburg nerede izlenir,Avrupa Kupası Eşleşmeleri,Futbol,Kıta Turnuvası,Kıta Üstü,Global Elit,Erkek,Kulüp,Takım Sporu,Avrupa,Uluslararası,Türk Takımı Var,TV+ Var,Yıllık,Turnuva,Kanal/Yayın,İzleme,Maç,Jenerik,Türkçe,Body,nerede_izlenir,Çekirdek,,,,,,,hayir,,,,,,,,,,,,,hayır
fenerbahçe salzburg canlı izle,Avrupa Kupası Eşleşmeleri,Futbol,Kıta Turnuvası,Kıta Üstü,Global Elit,Erkek,Kulüp,Takım Sporu,Avrupa,Uluslararası,Türk Takımı Var,TV+ Var,Yıllık,Turnuva,Canlı İzle,İzleme,Maç,Jenerik,Türkçe,Body,h2h_izle,Çekirdek,10,LOW,0,,,,evet,,0,0,0,0,0,0,0,0,10,0,10,hayır
fenerbahçe salzburg hangi kanalda,Avrupa Kupası Eşleşmeleri,Futbol,Kıta Turnuvası,Kıta Üstü,Global Elit,Erkek,Kulüp,Takım Sporu,Avrupa,Uluslararası,Türk Takımı Var,TV+ Var,Yıllık,Turnuva,Kanal/Yayın,İzleme,Maç,Jenerik,Türkçe,Body,h2h_kanal,Çekirdek,10,LOW,0,,,,evet,,0,0,0,10,0,10,0,10,10,10,10,hayır
fenerbahçe salzburg saat kaçta,Avrupa Kupası Eşleşmeleri,Futbol,Kıta Turnuvası,Kıta Üstü,Global Elit,Erkek,Kulüp,Takım Sporu,Avrupa,Uluslararası,Türk Takımı Var,TV+ Var,Yıllık,Turnuva,Takvim/Saat,Bilgi,Maç,Jenerik,Türkçe,Body,h2h_saat,Çekirdek,10,,,,,,evet,,0,0,0,0,0,10,0,0,10,0,0,hayır
fenerbahçe salzburg maçı ne zaman,Avrupa Kupası Eşleşmeleri,Futbol,Kıta Turnuvası,Kıta Üstü,Global Elit,Erkek,Kulüp,Takım Sporu,Avrupa,Uluslararası,Türk Takımı Var,TV+ Var,Yıllık,Turnuva,Takvim/Saat,Bilgi,Maç,Jenerik,Türkçe,Long-tail,h2h_nezaman,Çekirdek,10,LOW,1,,,,evet,,10,10,10,10,10,10,10,10,30,10,10,hayır
fenerbahçe fcsb nerede izlenir,Avrupa Kupası Eşleşmeleri,Futbol,Kıta Turnuvası,Kıta Üstü,Global Elit,Erkek,Kulüp,Takım Sporu,Avrupa,Uluslararası,Türk Takımı Var,TV+ Var,Yıllık,Turnuva,Kanal/Yayın,İzleme,Maç,Jenerik,Türkçe,Body,nerede_izlenir,Çekirdek,,,,,,,hayir,,,,,,,,,,,,,hayır
fenerbahçe fcsb canlı izle,Avrupa Kupası Eşleşmeleri,Futbol,Kıta Turnuvası,Kıta Üstü,Global Elit,Erkek,Kulüp,Takım Sporu,Avrupa,Uluslararası,Türk Takımı Var,TV+ Var,Yıllık,Turnuva,Canlı İzle,İzleme,Maç,Jenerik,Türkçe,Body,h2h_izle,Çekirdek,40,LOW,5,,,,evet,,0,0,0,10,10,480,0,0,0,0,0,hayır
fenerbahçe fcsb hangi kanalda,Avrupa Kupası Eşleşmeleri,Futbol,Kıta Turnuvası,Kıta Üstü,Global Elit,Erkek,Kulüp,Takım Sporu,Avrupa,Uluslararası,Türk Takımı Var,TV+ Var,Yıllık,Turnuva,Kanal/Yayın,İzleme,Maç,Jenerik,Türkçe,Body,h2h_kanal,Çekirdek,110,LOW,0,,,,evet,,0,0,10,0,10,1300,0,0,0,0,0,hayır
fenerbahçe fcsb saat kaçta,Avrupa Kupası Eşleşmeleri,Futbol,Kıta Turnuvası,Kıta Üstü,Global Elit,Erkek,Kulüp,Takım Sporu,Avrupa,Uluslararası,Türk Takımı Var,TV+ Var,Yıllık,Turnuva,Takvim/Saat,Bilgi,Maç,Jenerik,Türkçe,Body,h2h_saat,Çekirdek,10,,,,,,evet,,0,0,0,0,10,70,0,0,0,0,0,hayır
fenerbahçe fcsb maçı ne zaman,Avrupa Kupası Eşleşmeleri,Futbol,Kıta Turnuvası,Kıta Üstü,Global Elit,Erkek,Kulüp,Takım Sporu,Avrupa,Uluslararası,Türk Takımı Var,TV+ Var,Yıllık,Turnuva,Takvim/Saat,Bilgi,Maç,Jenerik,Türkçe,Long-tail,h2h_nezaman,Çekirdek,260,LOW,2,,,,evet,,10,10,10,10,260,2900,70,20,20,10,0,hayır
fenerbahçe kairat nerede izlenir,Avrupa Kupası Eşleşmeleri,Futbol,Kıta Turnuvası,Kıta Üstü,Global Elit,Erkek,Kulüp,Takım Sporu,Avrupa,Uluslararası,Türk Takımı Var,TV+ Var,Yıllık,Turnuva,Kanal/Yayın,İzleme,Maç,Jenerik,Türkçe,Body,nerede_izlenir,Çekirdek,,,,,,,hayir,,,,,,,,,,,,,hayır
fenerbahçe kairat canlı izle,Avrupa Kupası Eşleşmeleri,Futbol,Kıta Turnuvası,Kıta Üstü,Global Elit,Erkek,Kulüp,Takım Sporu,Avrupa,Uluslararası,Türk Takımı Var,TV+ Var,Yıllık,Turnuva,Canlı İzle,İzleme,Maç,Jenerik,Türkçe,Body,h2h_izle,Çekirdek,,,,,,,hayir,,,,,,,,,,,,,hayır
fenerbahçe kairat hangi kanalda,Avrupa Kupası Eşleşmeleri,Futbol,Kıta Turnuvası,Kıta Üstü,Global Elit,Erkek,Kulüp,Takım Sporu,Avrupa,Uluslararası,Türk Takımı Var,TV+ Var,Yıllık,Turnuva,Kanal/Yayın,İzleme,Maç,Jenerik,Türkçe,Body,h2h_kanal,Çekirdek,,,,,,,hayir,,,,,,,,,,,,,hayır
fenerbahçe kairat saat kaçta,Avrupa Kupası Eşleşmeleri,Futbol,Kıta Turnuvası,Kıta Üstü,Global Elit,Erkek,Kulüp,Takım Sporu,Avrupa,Uluslararası,Türk Takımı Var,TV+ Var,Yıllık,Turnuva,Takvim/Saat,Bilgi,Maç,Jenerik,Türkçe,Body,h2h_saat,Çekirdek,,,,,,,hayir,,,,,,,,,,,,,hayır
fenerbahçe kairat maçı ne zaman,Avrupa Kupası Eşleşmeleri,Futbol,Kıta Turnuvası,Kıta Üstü,Global Elit,Erkek,Kulüp,Takım Sporu,Avrupa,Uluslararası,Türk Takımı Var,TV+ Var,Yıllık,Turnuva,Takvim/Saat,Bilgi,Maç,Jenerik,Türkçe,Long-tail,h2h_nezaman,Çekirdek,,,,,,,hayir,,,,,,,,,,,,,hayır
fenerbahçe inter turku nerede izlenir,Avrupa Kupası Eşleşmeleri,Futbol,Kıta Turnuvası,Kıta Üstü,Global Elit,Erkek,Kulüp,Takım Sporu,Avrupa,Uluslararası,Türk Takımı Var,TV+ Var,Yıllık,Turnuva,Kanal/Yayın,İzleme,Maç,Jenerik,Türkçe,Long-tail,nerede_izlenir,Çekirdek,,,,,,,hayir,,,,,,,,,,,,,hayır
fenerbahçe inter turku canlı izle,Avrupa Kupası Eşleşmeleri,Futbol,Kıta Turnuvası,Kıta Üstü,Global Elit,Erkek,Kulüp,Takım Sporu,Avrupa,Uluslararası,Türk Takımı Var,TV+ Var,Yıllık,Turnuva,Canlı İzle,İzleme,Maç,Jenerik,Türkçe,Long-tail,h2h_izle,Çekirdek,,,,,,,hayir,,,,,,,,,,,,,hayır
fenerbahçe inter turku hangi kanalda,Avrupa Kupası Eşleşmeleri,Futbol,Kıta Turnuvası,Kıta Üstü,Global Elit,Erkek,Kulüp,Takım Sporu,Avrupa,Uluslararası,Türk Takımı Var,TV+ Var,Yıllık,Turnuva,Kanal/Yayın,İzleme,Maç,Jenerik,Türkçe,Long-tail,h2h_kanal,Çekirdek,,,,,,,hayir,,,,,,,,,,,,,hayır
fenerbahçe inter turku saat kaçta,Avrupa Kupası Eşleşmeleri,Futbol,Kıta Turnuvası,Kıta Üstü,Global Elit,Erkek,Kulüp,Takım Sporu,Avrupa,Uluslararası,Türk Takımı Var,TV+ Var,Yıllık,Turnuva,Takvim/Saat,Bilgi,Maç,Jenerik,Türkçe,Long-tail,h2h_saat,Çekirdek,,,,,,,hayir,,,,,,,,,,,,,hayır
fenerbahçe inter turku maçı ne zaman,Avrupa Kupası Eşleşmeleri,Futbol,Kıta Turnuvası,Kıta Üstü,Global Elit,Erkek,Kulüp,Takım Sporu,Avrupa,Uluslararası,Türk Takımı Var,TV+ Var,Yıllık,Turnuva,Takvim/Saat,Bilgi,Maç,Jenerik,Türkçe,Long-tail,h2h_nezaman,Çekirdek,,,,,,,hayir,,,,,,,,,,,,,hayır
fenerbahçe union saint-gilloise nerede izlenir,Avrupa Kupası Eşleşmeleri,Futbol,Kıta Turnuvası,Kıta Üstü,Global Elit,Erkek,Kulüp,Takım Sporu,Avrupa,Uluslararası,Türk Takımı Var,TV+ Var,Yıllık,Turnuva,Kanal/Yayın,İzleme,Maç,Jenerik,Türkçe,Long-tail,nerede_izlenir,Çekirdek,10,,,,,,evet,,10,0,0,0,10,0,10,10,10,10,10,hayır
fenerbahçe union saint-gilloise canlı izle,Avrupa Kupası Eşleşmeleri,Futbol,Kıta Turnuvası,Kıta Üstü,Global Elit,Erkek,Kulüp,Takım Sporu,Avrupa,Uluslararası,Türk Takımı Var,TV+ Var,Yıllık,Turnuva,Canlı İzle,İzleme,Maç,Jenerik,Türkçe,Long-tail,h2h_izle,Çekirdek,10,,,,,,evet,,10,0,10,0,0,0,0,10,10,0,0,hayır
fenerbahçe union saint-gilloise hangi kanalda,Avrupa Kupası Eşleşmeleri,Futbol,Kıta Turnuvası,Kıta Üstü,Global Elit,Erkek,Kulüp,Takım Sporu,Avrupa,Uluslararası,Türk Takımı Var,TV+ Var,Yıllık,Turnuva,Kanal/Yayın,İzleme,Maç,Jenerik,Türkçe,Long-tail,h2h_kanal,Çekirdek,10,,,,,,evet,,10,10,10,10,10,10,10,50,10,10,10,hayır
fenerbahçe union saint-gilloise saat kaçta,Avrupa Kupası Eşleşmeleri,Futbol,Kıta Turnuvası,Kıta Üstü,Global Elit,Erkek,Kulüp,Takım Sporu,Avrupa,Uluslararası,Türk Takımı Var,TV+ Var,Yıllık,Turnuva,Takvim/Saat,Bilgi,Maç,Jenerik,Türkçe,Long-tail,h2h_saat,Çekirdek,10,,,,,,evet,,0,0,0,0,0,10,10,10,0,10,10,hayır
fenerbahçe union saint-gilloise maçı ne zaman,Avrupa Kupası Eşleşmeleri,Futbol,Kıta Turnuvası,Kıta Üstü,Global Elit,Erkek,Kulüp,Takım Sporu,Avrupa,Uluslararası,Türk Takımı Var,TV+ Var,Yıllık,Turnuva,Takvim/Saat,Bilgi,Maç,Jenerik,Türkçe,Long-tail,h2h_nezaman,Çekirdek,10,,,,,,evet,,0,0,10,0,10,10,10,20,0,10,0,hayır
fenerbahçe lyon nerede izlenir,Avrupa Kupası Eşleşmeleri,Futbol,Kıta Turnuvası,Kıta Üstü,Global Elit,Erkek,Kulüp,Takım Sporu,Avrupa,Uluslararası,Türk Takımı Var,TV+ Var,Yıllık,Turnuva,Kanal/Yayın,İzleme,Maç,Jenerik,Türkçe,Body,nerede_izlenir,Çekirdek,10,,,,,,evet,,10,0,10,10,10,0,10,10,0,10,10,hayır
fenerbahçe lyon canlı izle,Avrupa Kupası Eşleşmeleri,Futbol,Kıta Turnuvası,Kıta Üstü,Global Elit,Erkek,Kulüp,Takım Sporu,Avrupa,Uluslararası,Türk Takımı Var,TV+ Var,Yıllık,Turnuva,Canlı İzle,İzleme,Maç,Jenerik,Türkçe,Body,h2h_izle,Çekirdek,10,,,,,,evet,,0,0,10,0,10,10,0,30,10,0,10,hayır
fenerbahçe lyon hangi kanalda,Avrupa Kupası Eşleşmeleri,Futbol,Kıta Turnuvası,Kıta Üstü,Global Elit,Erkek,Kulüp,Takım Sporu,Avrupa,Uluslararası,Türk Takımı Var,TV+ Var,Yıllık,Turnuva,Kanal/Yayın,İzleme,Maç,Jenerik,Türkçe,Body,h2h_kanal,Çekirdek,10,,,,,,evet,,0,0,10,10,10,10,10,10,20,20,10,hayır
fenerbahçe lyon saat kaçta,Avrupa Kupası Eşleşmeleri,Futbol,Kıta Turnuvası,Kıta Üstü,Global Elit,Erkek,Kulüp,Takım Sporu,Avrupa,Uluslararası,Türk Takımı Var,TV+ Var,Yıllık,Turnuva,Takvim/Saat,Bilgi,Maç,Jenerik,Türkçe,Body,h2h_saat,Çekirdek,10,,,,,,evet,,10,0,0,0,0,10,0,10,10,10,10,hayır
fenerbahçe lyon maçı ne zaman,Avrupa Kupası Eşleşmeleri,Futbol,Kıta Turnuvası,Kıta Üstü,Global Elit,Erkek,Kulüp,Takım Sporu,Avrupa,Uluslararası,Türk Takımı Var,TV+ Var,Yıllık,Turnuva,Takvim/Saat,Bilgi,Maç,Jenerik,Türkçe,Long-tail,h2h_nezaman,Çekirdek,30,LOW,0,,,,evet,,10,10,10,10,30,70,50,40,50,40,70,hayır
fenerbahçe freiburg nerede izlenir,Avrupa Kupası Eşleşmeleri,Futbol,Kıta Turnuvası,Kıta Üstü,Global Elit,Erkek,Kulüp,Takım Sporu,Avrupa,Uluslararası,Türk Takımı Var,TV+ Var,Yıllık,Turnuva,Kanal/Yayın,İzleme,Maç,Jenerik,Türkçe,Body,nerede_izlenir,Çekirdek,,,,,,,hayir,,,,,,,,,,,,,hayır
fenerbahçe freiburg canlı izle,Avrupa Kupası Eşleşmeleri,Futbol,Kıta Turnuvası,Kıta Üstü,Global Elit,Erkek,Kulüp,Takım Sporu,Avrupa,Uluslararası,Türk Takımı Var,TV+ Var,Yıllık,Turnuva,Canlı İzle,İzleme,Maç,Jenerik,Türkçe,Body,h2h_izle,Çekirdek,,,,,,,hayir,,,,,,,,,,,,,hayır
fenerbahçe freiburg hangi kanalda,Avrupa Kupası Eşleşmeleri,Futbol,Kıta Turnuvası,Kıta Üstü,Global Elit,Erkek,Kulüp,Takım Sporu,Avrupa,Uluslararası,Türk Takımı Var,TV+ Var,Yıllık,Turnuva,Kanal/Yayın,İzleme,Maç,Jenerik,Türkçe,Body,h2h_kanal,Çekirdek,,,,,,,hayir,,,,,,,,,,,,,hayır
fenerbahçe freiburg saat kaçta,Avrupa Kupası Eşleşmeleri,Futbol,Kıta Turnuvası,Kıta Üstü,Global Elit,Erkek,Kulüp,Takım Sporu,Avrupa,Uluslararası,Türk Takımı Var,TV+ Var,Yıllık,Turnuva,Takvim/Saat,Bilgi,Maç,Jenerik,Türkçe,Body,h2h_saat,Çekirdek,,,,,,,hayir,,,,,,,,,,,,,hayır
fenerbahçe freiburg maçı ne zaman,Avrupa Kupası Eşleşmeleri,Futbol,Kıta Turnuvası,Kıta Üstü,Global Elit,Erkek,Kulüp,Takım Sporu,Avrupa,Uluslararası,Türk Takımı Var,TV+ Var,Yıllık,Turnuva,Takvim/Saat,Bilgi,Maç,Jenerik,Türkçe,Long-tail,h2h_nezaman,Çekirdek,,,,,,,hayir,,,,,,,,,,,,,hayır
beşiktaş górnik zabrze nerede izlenir,Avrupa Kupası Eşleşmeleri,Futbol,Kıta Turnuvası,Kıta Üstü,Global Elit,Erkek,Kulüp,Takım Sporu,Avrupa,Uluslararası,Türk Takımı Var,TV+ Var,Yıllık,Turnuva,Kanal/Yayın,İzleme,Maç,Jenerik,Türkçe,Long-tail,nerede_izlenir,Çekirdek,,,,,,,hayir,,,,,,,,,,,,,hayır
beşiktaş górnik zabrze canlı izle,Avrupa Kupası Eşleşmeleri,Futbol,Kıta Turnuvası,Kıta Üstü,Global Elit,Erkek,Kulüp,Takım Sporu,Avrupa,Uluslararası,Türk Takımı Var,TV+ Var,Yıllık,Turnuva,Canlı İzle,İzleme,Maç,Jenerik,Türkçe,Long-tail,h2h_izle,Çekirdek,,,,,,,hayir,,,,,,,,,,,,,hayır
beşiktaş górnik zabrze hangi kanalda,Avrupa Kupası Eşleşmeleri,Futbol,Kıta Turnuvası,Kıta Üstü,Global Elit,Erkek,Kulüp,Takım Sporu,Avrupa,Uluslararası,Türk Takımı Var,TV+ Var,Yıllık,Turnuva,Kanal/Yayın,İzleme,Maç,Jenerik,Türkçe,Long-tail,h2h_kanal,Çekirdek,,,,,,,hayir,,,,,,,,,,,,,hayır
beşiktaş górnik zabrze saat kaçta,Avrupa Kupası Eşleşmeleri,Futbol,Kıta Turnuvası,Kıta Üstü,Global Elit,Erkek,Kulüp,Takım Sporu,Avrupa,Uluslararası,Türk Takımı Var,TV+ Var,Yıllık,Turnuva,Takvim/Saat,Bilgi,Maç,Jenerik,Türkçe,Long-tail,h2h_saat,Çekirdek,,,,,,,hayir,,,,,,,,,,,,,hayır
beşiktaş górnik zabrze maçı ne zaman,Avrupa Kupası Eşleşmeleri,Futbol,Kıta Turnuvası,Kıta Üstü,Global Elit,Erkek,Kulüp,Takım Sporu,Avrupa,Uluslararası,Türk Takımı Var,TV+ Var,Yıllık,Turnuva,Takvim/Saat,Bilgi,Maç,Jenerik,Türkçe,Long-tail,h2h_nezaman,Çekirdek,,,,,,,hayir,,,,,,,,,,,,,hayır
beşiktaş sturm graz nerede izlenir,Avrupa Kupası Eşleşmeleri,Futbol,Kıta Turnuvası,Kıta Üstü,Global Elit,Erkek,Kulüp,Takım Sporu,Avrupa,Uluslararası,Türk Takımı Var,TV+ Var,Yıllık,Turnuva,Kanal/Yayın,İzleme,Maç,Jenerik,Türkçe,Long-tail,nerede_izlenir,Çekirdek,,,,,,,hayir,,,,,,,,,,,,,hayır
beşiktaş sturm graz canlı izle,Avrupa Kupası Eşleşmeleri,Futbol,Kıta Turnuvası,Kıta Üstü,Global Elit,Erkek,Kulüp,Takım Sporu,Avrupa,Uluslararası,Türk Takımı Var,TV+ Var,Yıllık,Turnuva,Canlı İzle,İzleme,Maç,Jenerik,Türkçe,Long-tail,h2h_izle,Çekirdek,0,,,,,,evet,,0,0,0,0,0,0,0,0,0,0,0,hayır
beşiktaş sturm graz hangi kanalda,Avrupa Kupası Eşleşmeleri,Futbol,Kıta Turnuvası,Kıta Üstü,Global Elit,Erkek,Kulüp,Takım Sporu,Avrupa,Uluslararası,Türk Takımı Var,TV+ Var,Yıllık,Turnuva,Kanal/Yayın,İzleme,Maç,Jenerik,Türkçe,Long-tail,h2h_kanal,Çekirdek,0,,,,,,evet,,0,0,0,0,0,0,0,0,0,0,0,hayır
beşiktaş sturm graz saat kaçta,Avrupa Kupası Eşleşmeleri,Futbol,Kıta Turnuvası,Kıta Üstü,Global Elit,Erkek,Kulüp,Takım Sporu,Avrupa,Uluslararası,Türk Takımı Var,TV+ Var,Yıllık,Turnuva,Takvim/Saat,Bilgi,Maç,Jenerik,Türkçe,Long-tail,h2h_saat,Çekirdek,,,,,,,hayir,,,,,,,,,,,,,hayır
beşiktaş sturm graz maçı ne zaman,Avrupa Kupası Eşleşmeleri,Futbol,Kıta Turnuvası,Kıta Üstü,Global Elit,Erkek,Kulüp,Takım Sporu,Avrupa,Uluslararası,Türk Takımı Var,TV+ Var,Yıllık,Turnuva,Takvim/Saat,Bilgi,Maç,Jenerik,Türkçe,Long-tail,h2h_nezaman,Çekirdek,,,,,,,hayir,,,,,,,,,,,,,hayır
beşiktaş midtjylland nerede izlenir,Avrupa Kupası Eşleşmeleri,Futbol,Kıta Turnuvası,Kıta Üstü,Global Elit,Erkek,Kulüp,Takım Sporu,Avrupa,Uluslararası,Türk Takımı Var,TV+ Var,Yıllık,Turnuva,Kanal/Yayın,İzleme,Maç,Jenerik,Türkçe,Body,nerede_izlenir,Çekirdek,18100,LOW,4,0.16,0.05,0.25,evet,,1600,0,0,0,0,0,0,0,0,0,0,hayır
beşiktaş midtjylland canlı izle,Avrupa Kupası Eşleşmeleri,Futbol,Kıta Turnuvası,Kıta Üstü,Global Elit,Erkek,Kulüp,Takım Sporu,Avrupa,Uluslararası,Türk Takımı Var,TV+ Var,Yıllık,Turnuva,Canlı İzle,İzleme,Maç,Jenerik,Türkçe,Body,h2h_izle,Çekirdek,2900,LOW,6,0.29,0.11,0.54,evet,,0,0,0,0,0,0,0,0,0,0,0,hayır
beşiktaş midtjylland hangi kanalda,Avrupa Kupası Eşleşmeleri,Futbol,Kıta Turnuvası,Kıta Üstü,Global Elit,Erkek,Kulüp,Takım Sporu,Avrupa,Uluslararası,Türk Takımı Var,TV+ Var,Yıllık,Turnuva,Kanal/Yayın,İzleme,Maç,Jenerik,Türkçe,Body,h2h_kanal,Çekirdek,9900,LOW,4,0.34,0.11,0.44,evet,,480,0,0,0,0,0,0,0,0,0,0,hayır
beşiktaş midtjylland saat kaçta,Avrupa Kupası Eşleşmeleri,Futbol,Kıta Turnuvası,Kıta Üstü,Global Elit,Erkek,Kulüp,Takım Sporu,Avrupa,Uluslararası,Türk Takımı Var,TV+ Var,Yıllık,Turnuva,Takvim/Saat,Bilgi,Maç,Jenerik,Türkçe,Body,h2h_saat,Çekirdek,210,LOW,5,0.24,0.04,0.32,evet,,50,0,0,0,0,0,0,0,0,0,0,hayır
beşiktaş midtjylland maçı ne zaman,Avrupa Kupası Eşleşmeleri,Futbol,Kıta Turnuvası,Kıta Üstü,Global Elit,Erkek,Kulüp,Takım Sporu,Avrupa,Uluslararası,Türk Takımı Var,TV+ Var,Yıllık,Turnuva,Takvim/Saat,Bilgi,Maç,Jenerik,Türkçe,Long-tail,h2h_nezaman,Çekirdek,1000,LOW,5,0.19,0.04,0.31,evet,,880,0,0,0,0,0,0,0,0,0,0,hayır
beşiktaş benfica nerede izlenir,Avrupa Kupası Eşleşmeleri,Futbol,Kıta Turnuvası,Kıta Üstü,Global Elit,Erkek,Kulüp,Takım Sporu,Avrupa,Uluslararası,Türk Takımı Var,TV+ Var,Yıllık,Turnuva,Kanal/Yayın,İzleme,Maç,Jenerik,Türkçe,Body,nerede_izlenir,Çekirdek,,,,,,,hayir,,,,,,,,,,,,,hayır
beşiktaş benfica canlı izle,Avrupa Kupası Eşleşmeleri,Futbol,Kıta Turnuvası,Kıta Üstü,Global Elit,Erkek,Kulüp,Takım Sporu,Avrupa,Uluslararası,Türk Takımı Var,TV+ Var,Yıllık,Turnuva,Canlı İzle,İzleme,Maç,Jenerik,Türkçe,Body,h2h_izle,Çekirdek,10,,,,,,evet,,0,0,0,0,10,0,0,0,0,10,10,hayır
beşiktaş benfica hangi kanalda,Avrupa Kupası Eşleşmeleri,Futbol,Kıta Turnuvası,Kıta Üstü,Global Elit,Erkek,Kulüp,Takım Sporu,Avrupa,Uluslararası,Türk Takımı Var,TV+ Var,Yıllık,Turnuva,Kanal/Yayın,İzleme,Maç,Jenerik,Türkçe,Body,h2h_kanal,Çekirdek,10,,,,,,evet,,10,10,10,10,10,10,0,0,10,10,40,hayır
beşiktaş benfica saat kaçta,Avrupa Kupası Eşleşmeleri,Futbol,Kıta Turnuvası,Kıta Üstü,Global Elit,Erkek,Kulüp,Takım Sporu,Avrupa,Uluslararası,Türk Takımı Var,TV+ Var,Yıllık,Turnuva,Takvim/Saat,Bilgi,Maç,Jenerik,Türkçe,Body,h2h_saat,Çekirdek,10,,,,,,evet,,0,0,0,0,10,0,0,0,0,0,10,hayır
beşiktaş benfica maçı ne zaman,Avrupa Kupası Eşleşmeleri,Futbol,Kıta Turnuvası,Kıta Üstü,Global Elit,Erkek,Kulüp,Takım Sporu,Avrupa,Uluslararası,Türk Takımı Var,TV+ Var,Yıllık,Turnuva,Takvim/Saat,Bilgi,Maç,Jenerik,Türkçe,Long-tail,h2h_nezaman,Çekirdek,50,LOW,2,,,,evet,,30,110,20,50,70,70,10,10,10,30,140,hayır
beşiktaş ajax nerede izlenir,Avrupa Kupası Eşleşmeleri,Futbol,Kıta Turnuvası,Kıta Üstü,Global Elit,Erkek,Kulüp,Takım Sporu,Avrupa,Uluslararası,Türk Takımı Var,TV+ Var,Yıllık,Turnuva,Kanal/Yayın,İzleme,Maç,Jenerik,Türkçe,Body,nerede_izlenir,Çekirdek,0,,,,,,evet,,0,0,0,0,0,0,0,0,0,0,0,hayır
beşiktaş ajax canlı izle,Avrupa Kupası Eşleşmeleri,Futbol,Kıta Turnuvası,Kıta Üstü,Global Elit,Erkek,Kulüp,Takım Sporu,Avrupa,Uluslararası,Türk Takımı Var,TV+ Var,Yıllık,Turnuva,Canlı İzle,İzleme,Maç,Jenerik,Türkçe,Body,h2h_izle,Çekirdek,10,,,,,,evet,,10,0,10,10,0,10,0,10,0,0,10,hayır
beşiktaş ajax hangi kanalda,Avrupa Kupası Eşleşmeleri,Futbol,Kıta Turnuvası,Kıta Üstü,Global Elit,Erkek,Kulüp,Takım Sporu,Avrupa,Uluslararası,Türk Takımı Var,TV+ Var,Yıllık,Turnuva,Kanal/Yayın,İzleme,Maç,Jenerik,Türkçe,Body,h2h_kanal,Çekirdek,10,,,,,,evet,,0,0,10,10,0,0,0,0,0,0,10,hayır
beşiktaş ajax saat kaçta,Avrupa Kupası Eşleşmeleri,Futbol,Kıta Turnuvası,Kıta Üstü,Global Elit,Erkek,Kulüp,Takım Sporu,Avrupa,Uluslararası,Türk Takımı Var,TV+ Var,Yıllık,Turnuva,Takvim/Saat,Bilgi,Maç,Jenerik,Türkçe,Body,h2h_saat,Çekirdek,10,,,,,,evet,,0,0,0,0,0,0,0,0,0,10,0,hayır
beşiktaş ajax maçı ne zaman,Avrupa Kupası Eşleşmeleri,Futbol,Kıta Turnuvası,Kıta Üstü,Global Elit,Erkek,Kulüp,Takım Sporu,Avrupa,Uluslararası,Türk Takımı Var,TV+ Var,Yıllık,Turnuva,Takvim/Saat,Bilgi,Maç,Jenerik,Türkçe,Long-tail,h2h_nezaman,Çekirdek,20,LOW,7,,,,evet,,10,10,10,20,10,10,10,70,10,20,10,hayır
beşiktaş celtic nerede izlenir,Avrupa Kupası Eşleşmeleri,Futbol,Kıta Turnuvası,Kıta Üstü,Global Elit,Erkek,Kulüp,Takım Sporu,Avrupa,Uluslararası,Türk Takımı Var,TV+ Var,Yıllık,Turnuva,Kanal/Yayın,İzleme,Maç,Jenerik,Türkçe,Body,nerede_izlenir,Çekirdek,,,,,,,hayir,,,,,,,,,,,,,hayır
beşiktaş celtic canlı izle,Avrupa Kupası Eşleşmeleri,Futbol,Kıta Turnuvası,Kıta Üstü,Global Elit,Erkek,Kulüp,Takım Sporu,Avrupa,Uluslararası,Türk Takımı Var,TV+ Var,Yıllık,Turnuva,Canlı İzle,İzleme,Maç,Jenerik,Türkçe,Body,h2h_izle,Çekirdek,,,,,,,hayir,,,,,,,,,,,,,hayır
beşiktaş celtic hangi kanalda,Avrupa Kupası Eşleşmeleri,Futbol,Kıta Turnuvası,Kıta Üstü,Global Elit,Erkek,Kulüp,Takım Sporu,Avrupa,Uluslararası,Türk Takımı Var,TV+ Var,Yıllık,Turnuva,Kanal/Yayın,İzleme,Maç,Jenerik,Türkçe,Body,h2h_kanal,Çekirdek,,,,,,,hayir,,,,,,,,,,,,,hayır
beşiktaş celtic saat kaçta,Avrupa Kupası Eşleşmeleri,Futbol,Kıta Turnuvası,Kıta Üstü,Global Elit,Erkek,Kulüp,Takım Sporu,Avrupa,Uluslararası,Türk Takımı Var,TV+ Var,Yıllık,Turnuva,Takvim/Saat,Bilgi,Maç,Jenerik,Türkçe,Body,h2h_saat,Çekirdek,,,,,,,hayir,,,,,,,,,,,,,hayır
beşiktaş celtic maçı ne zaman,Avrupa Kupası Eşleşmeleri,Futbol,Kıta Turnuvası,Kıta Üstü,Global Elit,Erkek,Kulüp,Takım Sporu,Avrupa,Uluslararası,Türk Takımı Var,TV+ Var,Yıllık,Turnuva,Takvim/Saat,Bilgi,Maç,Jenerik,Türkçe,Long-tail,h2h_nezaman,Çekirdek,,,,,,,hayir,,,,,,,,,,,,,hayır
beşiktaş olympiacos nerede izlenir,Avrupa Kupası Eşleşmeleri,Futbol,Kıta Turnuvası,Kıta Üstü,Global Elit,Erkek,Kulüp,Takım Sporu,Avrupa,Uluslararası,Türk Takımı Var,TV+ Var,Yıllık,Turnuva,Kanal/Yayın,İzleme,Maç,Jenerik,Türkçe,Body,nerede_izlenir,Çekirdek,,,,,,,hayir,,,,,,,,,,,,,hayır
beşiktaş olympiacos canlı izle,Avrupa Kupası Eşleşmeleri,Futbol,Kıta Turnuvası,Kıta Üstü,Global Elit,Erkek,Kulüp,Takım Sporu,Avrupa,Uluslararası,Türk Takımı Var,TV+ Var,Yıllık,Turnuva,Canlı İzle,İzleme,Maç,Jenerik,Türkçe,Body,h2h_izle,Çekirdek,,,,,,,hayir,,,,,,,,,,,,,hayır
beşiktaş olympiacos hangi kanalda,Avrupa Kupası Eşleşmeleri,Futbol,Kıta Turnuvası,Kıta Üstü,Global Elit,Erkek,Kulüp,Takım Sporu,Avrupa,Uluslararası,Türk Takımı Var,TV+ Var,Yıllık,Turnuva,Kanal/Yayın,İzleme,Maç,Jenerik,Türkçe,Body,h2h_kanal,Çekirdek,,,,,,,hayir,,,,,,,,,,,,,hayır
beşiktaş olympiacos saat kaçta,Avrupa Kupası Eşleşmeleri,Futbol,Kıta Turnuvası,Kıta Üstü,Global Elit,Erkek,Kulüp,Takım Sporu,Avrupa,Uluslararası,Türk Takımı Var,TV+ Var,Yıllık,Turnuva,Takvim/Saat,Bilgi,Maç,Jenerik,Türkçe,Body,h2h_saat,Çekirdek,,,,,,,hayir,,,,,,,,,,,,,hayır
beşiktaş olympiacos maçı ne zaman,Avrupa Kupası Eşleşmeleri,Futbol,Kıta Turnuvası,Kıta Üstü,Global Elit,Erkek,Kulüp,Takım Sporu,Avrupa,Uluslararası,Türk Takımı Var,TV+ Var,Yıllık,Turnuva,Takvim/Saat,Bilgi,Maç,Jenerik,Türkçe,Long-tail,h2h_nezaman,Çekirdek,,,,,,,hayir,,,,,,,,,,,,,hayır
beşiktaş qarabağ nerede izlenir,Avrupa Kupası Eşleşmeleri,Futbol,Kıta Turnuvası,Kıta Üstü,Global Elit,Erkek,Kulüp,Takım Sporu,Avrupa,Uluslararası,Türk Takımı Var,TV+ Var,Yıllık,Turnuva,Kanal/Yayın,İzleme,Maç,Jenerik,Türkçe,Body,nerede_izlenir,Çekirdek,,,,,,,hayir,,,,,,,,,,,,,hayır
beşiktaş qarabağ canlı izle,Avrupa Kupası Eşleşmeleri,Futbol,Kıta Turnuvası,Kıta Üstü,Global Elit,Erkek,Kulüp,Takım Sporu,Avrupa,Uluslararası,Türk Takımı Var,TV+ Var,Yıllık,Turnuva,Canlı İzle,İzleme,Maç,Jenerik,Türkçe,Body,h2h_izle,Çekirdek,,,,,,,hayir,,,,,,,,,,,,,hayır
beşiktaş qarabağ hangi kanalda,Avrupa Kupası Eşleşmeleri,Futbol,Kıta Turnuvası,Kıta Üstü,Global Elit,Erkek,Kulüp,Takım Sporu,Avrupa,Uluslararası,Türk Takımı Var,TV+ Var,Yıllık,Turnuva,Kanal/Yayın,İzleme,Maç,Jenerik,Türkçe,Body,h2h_kanal,Çekirdek,,,,,,,hayir,,,,,,,,,,,,,hayır
beşiktaş qarabağ saat kaçta,Avrupa Kupası Eşleşmeleri,Futbol,Kıta Turnuvası,Kıta Üstü,Global Elit,Erkek,Kulüp,Takım Sporu,Avrupa,Uluslararası,Türk Takımı Var,TV+ Var,Yıllık,Turnuva,Takvim/Saat,Bilgi,Maç,Jenerik,Türkçe,Body,h2h_saat,Çekirdek,,,,,,,hayir,,,,,,,,,,,,,hayır
beşiktaş qarabağ maçı ne zaman,Avrupa Kupası Eşleşmeleri,Futbol,Kıta Turnuvası,Kıta Üstü,Global Elit,Erkek,Kulüp,Takım Sporu,Avrupa,Uluslararası,Türk Takımı Var,TV+ Var,Yıllık,Turnuva,Takvim/Saat,Bilgi,Maç,Jenerik,Türkçe,Long-tail,h2h_nezaman,Çekirdek,,,,,,,hayir,,,,,,,,,,,,,hayır
beşiktaş rangers nerede izlenir,Avrupa Kupası Eşleşmeleri,Futbol,Kıta Turnuvası,Kıta Üstü,Global Elit,Erkek,Kulüp,Takım Sporu,Avrupa,Uluslararası,Türk Takımı Var,TV+ Var,Yıllık,Turnuva,Kanal/Yayın,İzleme,Maç,Jenerik,Türkçe,Body,nerede_izlenir,Çekirdek,,,,,,,hayir,,,,,,,,,,,,,hayır
beşiktaş rangers canlı izle,Avrupa Kupası Eşleşmeleri,Futbol,Kıta Turnuvası,Kıta Üstü,Global Elit,Erkek,Kulüp,Takım Sporu,Avrupa,Uluslararası,Türk Takımı Var,TV+ Var,Yıllık,Turnuva,Canlı İzle,İzleme,Maç,Jenerik,Türkçe,Body,h2h_izle,Çekirdek,,,,,,,hayir,,,,,,,,,,,,,hayır
beşiktaş rangers hangi kanalda,Avrupa Kupası Eşleşmeleri,Futbol,Kıta Turnuvası,Kıta Üstü,Global Elit,Erkek,Kulüp,Takım Sporu,Avrupa,Uluslararası,Türk Takımı Var,TV+ Var,Yıllık,Turnuva,Kanal/Yayın,İzleme,Maç,Jenerik,Türkçe,Body,h2h_kanal,Çekirdek,,,,,,,hayir,,,,,,,,,,,,,hayır
beşiktaş rangers saat kaçta,Avrupa Kupası Eşleşmeleri,Futbol,Kıta Turnuvası,Kıta Üstü,Global Elit,Erkek,Kulüp,Takım Sporu,Avrupa,Uluslararası,Türk Takımı Var,TV+ Var,Yıllık,Turnuva,Takvim/Saat,Bilgi,Maç,Jenerik,Türkçe,Body,h2h_saat,Çekirdek,,,,,,,hayir,,,,,,,,,,,,,hayır
beşiktaş rangers maçı ne zaman,Avrupa Kupası Eşleşmeleri,Futbol,Kıta Turnuvası,Kıta Üstü,Global Elit,Erkek,Kulüp,Takım Sporu,Avrupa,Uluslararası,Türk Takımı Var,TV+ Var,Yıllık,Turnuva,Takvim/Saat,Bilgi,Maç,Jenerik,Türkçe,Long-tail,h2h_nezaman,Çekirdek,,,,,,,hayir,,,,,,,,,,,,,hayır
beşiktaş brann nerede izlenir,Avrupa Kupası Eşleşmeleri,Futbol,Kıta Turnuvası,Kıta Üstü,Global Elit,Erkek,Kulüp,Takım Sporu,Avrupa,Uluslararası,Türk Takımı Var,TV+ Var,Yıllık,Turnuva,Kanal/Yayın,İzleme,Maç,Jenerik,Türkçe,Body,nerede_izlenir,Çekirdek,,,,,,,hayir,,,,,,,,,,,,,hayır
beşiktaş brann canlı izle,Avrupa Kupası Eşleşmeleri,Futbol,Kıta Turnuvası,Kıta Üstü,Global Elit,Erkek,Kulüp,Takım Sporu,Avrupa,Uluslararası,Türk Takımı Var,TV+ Var,Yıllık,Turnuva,Canlı İzle,İzleme,Maç,Jenerik,Türkçe,Body,h2h_izle,Çekirdek,,,,,,,hayir,,,,,,,,,,,,,hayır
beşiktaş brann hangi kanalda,Avrupa Kupası Eşleşmeleri,Futbol,Kıta Turnuvası,Kıta Üstü,Global Elit,Erkek,Kulüp,Takım Sporu,Avrupa,Uluslararası,Türk Takımı Var,TV+ Var,Yıllık,Turnuva,Kanal/Yayın,İzleme,Maç,Jenerik,Türkçe,Body,h2h_kanal,Çekirdek,,,,,,,hayir,,,,,,,,,,,,,hayır
beşiktaş brann saat kaçta,Avrupa Kupası Eşleşmeleri,Futbol,Kıta Turnuvası,Kıta Üstü,Global Elit,Erkek,Kulüp,Takım Sporu,Avrupa,Uluslararası,Türk Takımı Var,TV+ Var,Yıllık,Turnuva,Takvim/Saat,Bilgi,Maç,Jenerik,Türkçe,Body,h2h_saat,Çekirdek,,,,,,,hayir,,,,,,,,,,,,,hayır
beşiktaş brann maçı ne zaman,Avrupa Kupası Eşleşmeleri,Futbol,Kıta Turnuvası,Kıta Üstü,Global Elit,Erkek,Kulüp,Takım Sporu,Avrupa,Uluslararası,Türk Takımı Var,TV+ Var,Yıllık,Turnuva,Takvim/Saat,Bilgi,Maç,Jenerik,Türkçe,Long-tail,h2h_nezaman,Çekirdek,,,,,,,hayir,,,,,,,,,,,,,hayır
beşiktaş paok nerede izlenir,Avrupa Kupası Eşleşmeleri,Futbol,Kıta Turnuvası,Kıta Üstü,Global Elit,Erkek,Kulüp,Takım Sporu,Avrupa,Uluslararası,Türk Takımı Var,TV+ Var,Yıllık,Turnuva,Kanal/Yayın,İzleme,Maç,Jenerik,Türkçe,Body,nerede_izlenir,Çekirdek,,,,,,,hayir,,,,,,,,,,,,,hayır
beşiktaş paok canlı izle,Avrupa Kupası Eşleşmeleri,Futbol,Kıta Turnuvası,Kıta Üstü,Global Elit,Erkek,Kulüp,Takım Sporu,Avrupa,Uluslararası,Türk Takımı Var,TV+ Var,Yıllık,Turnuva,Canlı İzle,İzleme,Maç,Jenerik,Türkçe,Body,h2h_izle,Çekirdek,,,,,,,hayir,,,,,,,,,,,,,hayır
beşiktaş paok hangi kanalda,Avrupa Kupası Eşleşmeleri,Futbol,Kıta Turnuvası,Kıta Üstü,Global Elit,Erkek,Kulüp,Takım Sporu,Avrupa,Uluslararası,Türk Takımı Var,TV+ Var,Yıllık,Turnuva,Kanal/Yayın,İzleme,Maç,Jenerik,Türkçe,Body,h2h_kanal,Çekirdek,10,,,,,,evet,,0,0,0,0,0,0,0,10,0,0,0,hayır
beşiktaş paok saat kaçta,Avrupa Kupası Eşleşmeleri,Futbol,Kıta Turnuvası,Kıta Üstü,Global Elit,Erkek,Kulüp,Takım Sporu,Avrupa,Uluslararası,Türk Takımı Var,TV+ Var,Yıllık,Turnuva,Takvim/Saat,Bilgi,Maç,Jenerik,Türkçe,Body,h2h_saat,Çekirdek,,,,,,,hayir,,,,,,,,,,,,,hayır
beşiktaş paok maçı ne zaman,Avrupa Kupası Eşleşmeleri,Futbol,Kıta Turnuvası,Kıta Üstü,Global Elit,Erkek,Kulüp,Takım Sporu,Avrupa,Uluslararası,Türk Takımı Var,TV+ Var,Yıllık,Turnuva,Takvim/Saat,Bilgi,Maç,Jenerik,Türkçe,Long-tail,h2h_nezaman,Çekirdek,10,LOW,4,,,,evet,,0,10,10,10,10,10,0,20,10,10,0,hayır
beşiktaş dinamo zagreb nerede izlenir,Avrupa Kupası Eşleşmeleri,Futbol,Kıta Turnuvası,Kıta Üstü,Global Elit,Erkek,Kulüp,Takım Sporu,Avrupa,Uluslararası,Türk Takımı Var,TV+ Var,Yıllık,Turnuva,Kanal/Yayın,İzleme,Maç,Jenerik,Türkçe,Long-tail,nerede_izlenir,Çekirdek,10,,,,,,evet,,0,0,0,0,0,0,0,0,0,10,0,hayır
beşiktaş dinamo zagreb canlı izle,Avrupa Kupası Eşleşmeleri,Futbol,Kıta Turnuvası,Kıta Üstü,Global Elit,Erkek,Kulüp,Takım Sporu,Avrupa,Uluslararası,Türk Takımı Var,TV+ Var,Yıllık,Turnuva,Canlı İzle,İzleme,Maç,Jenerik,Türkçe,Long-tail,h2h_izle,Çekirdek,10,,,,,,evet,,0,0,0,10,0,0,0,0,0,10,10,hayır
beşiktaş dinamo zagreb hangi kanalda,Avrupa Kupası Eşleşmeleri,Futbol,Kıta Turnuvası,Kıta Üstü,Global Elit,Erkek,Kulüp,Takım Sporu,Avrupa,Uluslararası,Türk Takımı Var,TV+ Var,Yıllık,Turnuva,Kanal/Yayın,İzleme,Maç,Jenerik,Türkçe,Long-tail,h2h_kanal,Çekirdek,10,,,,,,evet,,0,0,0,0,0,0,0,0,0,10,10,hayır
beşiktaş dinamo zagreb saat kaçta,Avrupa Kupası Eşleşmeleri,Futbol,Kıta Turnuvası,Kıta Üstü,Global Elit,Erkek,Kulüp,Takım Sporu,Avrupa,Uluslararası,Türk Takımı Var,TV+ Var,Yıllık,Turnuva,Takvim/Saat,Bilgi,Maç,Jenerik,Türkçe,Long-tail,h2h_saat,Çekirdek,10,LOW,0,,,,evet,,0,0,0,0,0,0,0,0,0,10,0,hayır
beşiktaş dinamo zagreb maçı ne zaman,Avrupa Kupası Eşleşmeleri,Futbol,Kıta Turnuvası,Kıta Üstü,Global Elit,Erkek,Kulüp,Takım Sporu,Avrupa,Uluslararası,Türk Takımı Var,TV+ Var,Yıllık,Turnuva,Takvim/Saat,Bilgi,Maç,Jenerik,Türkçe,Long-tail,h2h_nezaman,Çekirdek,10,LOW,0,,,,evet,,0,0,10,0,10,10,0,0,10,10,0,hayır
beşiktaş viktoria plzeň nerede izlenir,Avrupa Kupası Eşleşmeleri,Futbol,Kıta Turnuvası,Kıta Üstü,Global Elit,Erkek,Kulüp,Takım Sporu,Avrupa,Uluslararası,Türk Takımı Var,TV+ Var,Yıllık,Turnuva,Kanal/Yayın,İzleme,Maç,Jenerik,Türkçe,Long-tail,nerede_izlenir,Çekirdek,,,,,,,hayir,,,,,,,,,,,,,hayır
beşiktaş viktoria plzeň canlı izle,Avrupa Kupası Eşleşmeleri,Futbol,Kıta Turnuvası,Kıta Üstü,Global Elit,Erkek,Kulüp,Takım Sporu,Avrupa,Uluslararası,Türk Takımı Var,TV+ Var,Yıllık,Turnuva,Canlı İzle,İzleme,Maç,Jenerik,Türkçe,Long-tail,h2h_izle,Çekirdek,,,,,,,hayir,,,,,,,,,,,,,hayır
beşiktaş viktoria plzeň hangi kanalda,Avrupa Kupası Eşleşmeleri,Futbol,Kıta Turnuvası,Kıta Üstü,Global Elit,Erkek,Kulüp,Takım Sporu,Avrupa,Uluslararası,Türk Takımı Var,TV+ Var,Yıllık,Turnuva,Kanal/Yayın,İzleme,Maç,Jenerik,Türkçe,Long-tail,h2h_kanal,Çekirdek,0,,,,,,evet,,0,0,0,0,0,0,0,0,0,0,0,hayır
beşiktaş viktoria plzeň saat kaçta,Avrupa Kupası Eşleşmeleri,Futbol,Kıta Turnuvası,Kıta Üstü,Global Elit,Erkek,Kulüp,Takım Sporu,Avrupa,Uluslararası,Türk Takımı Var,TV+ Var,Yıllık,Turnuva,Takvim/Saat,Bilgi,Maç,Jenerik,Türkçe,Long-tail,h2h_saat,Çekirdek,,,,,,,hayir,,,,,,,,,,,,,hayır
beşiktaş viktoria plzeň maçı ne zaman,Avrupa Kupası Eşleşmeleri,Futbol,Kıta Turnuvası,Kıta Üstü,Global Elit,Erkek,Kulüp,Takım Sporu,Avrupa,Uluslararası,Türk Takımı Var,TV+ Var,Yıllık,Turnuva,Takvim/Saat,Bilgi,Maç,Jenerik,Türkçe,Long-tail,h2h_nezaman,Çekirdek,,,,,,,hayir,,,,,,,,,,,,,hayır
beşiktaş salzburg nerede izlenir,Avrupa Kupası Eşleşmeleri,Futbol,Kıta Turnuvası,Kıta Üstü,Global Elit,Erkek,Kulüp,Takım Sporu,Avrupa,Uluslararası,Türk Takımı Var,TV+ Var,Yıllık,Turnuva,Kanal/Yayın,İzleme,Maç,Jenerik,Türkçe,Body,nerede_izlenir,Çekirdek,,,,,,,hayir,,,,,,,,,,,,,hayır
beşiktaş salzburg canlı izle,Avrupa Kupası Eşleşmeleri,Futbol,Kıta Turnuvası,Kıta Üstü,Global Elit,Erkek,Kulüp,Takım Sporu,Avrupa,Uluslararası,Türk Takımı Var,TV+ Var,Yıllık,Turnuva,Canlı İzle,İzleme,Maç,Jenerik,Türkçe,Body,h2h_izle,Çekirdek,0,,,,,,evet,,0,0,0,0,0,0,0,0,0,0,0,hayır
beşiktaş salzburg hangi kanalda,Avrupa Kupası Eşleşmeleri,Futbol,Kıta Turnuvası,Kıta Üstü,Global Elit,Erkek,Kulüp,Takım Sporu,Avrupa,Uluslararası,Türk Takımı Var,TV+ Var,Yıllık,Turnuva,Kanal/Yayın,İzleme,Maç,Jenerik,Türkçe,Body,h2h_kanal,Çekirdek,0,,,,,,evet,,0,0,0,0,0,0,0,0,0,0,0,hayır
beşiktaş salzburg saat kaçta,Avrupa Kupası Eşleşmeleri,Futbol,Kıta Turnuvası,Kıta Üstü,Global Elit,Erkek,Kulüp,Takım Sporu,Avrupa,Uluslararası,Türk Takımı Var,TV+ Var,Yıllık,Turnuva,Takvim/Saat,Bilgi,Maç,Jenerik,Türkçe,Body,h2h_saat,Çekirdek,10,,,,,,evet,,0,0,0,0,0,0,0,0,0,0,10,hayır
beşiktaş salzburg maçı ne zaman,Avrupa Kupası Eşleşmeleri,Futbol,Kıta Turnuvası,Kıta Üstü,Global Elit,Erkek,Kulüp,Takım Sporu,Avrupa,Uluslararası,Türk Takımı Var,TV+ Var,Yıllık,Turnuva,Takvim/Saat,Bilgi,Maç,Jenerik,Türkçe,Long-tail,h2h_nezaman,Çekirdek,10,,,,,,evet,,0,0,0,0,0,0,0,10,0,0,10,hayır
beşiktaş fcsb nerede izlenir,Avrupa Kupası Eşleşmeleri,Futbol,Kıta Turnuvası,Kıta Üstü,Global Elit,Erkek,Kulüp,Takım Sporu,Avrupa,Uluslararası,Türk Takımı Var,TV+ Var,Yıllık,Turnuva,Kanal/Yayın,İzleme,Maç,Jenerik,Türkçe,Body,nerede_izlenir,Çekirdek,3600,LOW,9,0.19,,,evet,,20,20,30,20,40,40500,0,0,0,0,0,hayır
beşiktaş fcsb canlı izle,Avrupa Kupası Eşleşmeleri,Futbol,Kıta Turnuvası,Kıta Üstü,Global Elit,Erkek,Kulüp,Takım Sporu,Avrupa,Uluslararası,Türk Takımı Var,TV+ Var,Yıllık,Turnuva,Canlı İzle,İzleme,Maç,Jenerik,Türkçe,Body,h2h_izle,Çekirdek,70,LOW,8,0.27,0.09,0.17,evet,,10,10,10,10,10,590,0,0,0,0,0,hayır
beşiktaş fcsb hangi kanalda,Avrupa Kupası Eşleşmeleri,Futbol,Kıta Turnuvası,Kıta Üstü,Global Elit,Erkek,Kulüp,Takım Sporu,Avrupa,Uluslararası,Türk Takımı Var,TV+ Var,Yıllık,Turnuva,Kanal/Yayın,İzleme,Maç,Jenerik,Türkçe,Body,h2h_kanal,Çekirdek,880,LOW,3,,,,evet,,10,10,10,10,20,12100,0,0,0,0,0,hayır
beşiktaş fcsb saat kaçta,Avrupa Kupası Eşleşmeleri,Futbol,Kıta Turnuvası,Kıta Üstü,Global Elit,Erkek,Kulüp,Takım Sporu,Avrupa,Uluslararası,Türk Takımı Var,TV+ Var,Yıllık,Turnuva,Takvim/Saat,Bilgi,Maç,Jenerik,Türkçe,Body,h2h_saat,Çekirdek,20,LOW,7,,,,evet,,0,0,0,0,10,170,0,0,0,0,0,hayır
beşiktaş fcsb maçı ne zaman,Avrupa Kupası Eşleşmeleri,Futbol,Kıta Turnuvası,Kıta Üstü,Global Elit,Erkek,Kulüp,Takım Sporu,Avrupa,Uluslararası,Türk Takımı Var,TV+ Var,Yıllık,Turnuva,Takvim/Saat,Bilgi,Maç,Jenerik,Türkçe,Long-tail,h2h_nezaman,Çekirdek,20,LOW,0,,,,evet,,10,10,10,10,10,260,0,0,0,0,0,hayır
beşiktaş kairat nerede izlenir,Avrupa Kupası Eşleşmeleri,Futbol,Kıta Turnuvası,Kıta Üstü,Global Elit,Erkek,Kulüp,Takım Sporu,Avrupa,Uluslararası,Türk Takımı Var,TV+ Var,Yıllık,Turnuva,Kanal/Yayın,İzleme,Maç,Jenerik,Türkçe,Body,nerede_izlenir,Çekirdek,,,,,,,hayir,,,,,,,,,,,,,hayır
beşiktaş kairat canlı izle,Avrupa Kupası Eşleşmeleri,Futbol,Kıta Turnuvası,Kıta Üstü,Global Elit,Erkek,Kulüp,Takım Sporu,Avrupa,Uluslararası,Türk Takımı Var,TV+ Var,Yıllık,Turnuva,Canlı İzle,İzleme,Maç,Jenerik,Türkçe,Body,h2h_izle,Çekirdek,,,,,,,hayir,,,,,,,,,,,,,hayır
beşiktaş kairat hangi kanalda,Avrupa Kupası Eşleşmeleri,Futbol,Kıta Turnuvası,Kıta Üstü,Global Elit,Erkek,Kulüp,Takım Sporu,Avrupa,Uluslararası,Türk Takımı Var,TV+ Var,Yıllık,Turnuva,Kanal/Yayın,İzleme,Maç,Jenerik,Türkçe,Body,h2h_kanal,Çekirdek,,,,,,,hayir,,,,,,,,,,,,,hayır
beşiktaş kairat saat kaçta,Avrupa Kupası Eşleşmeleri,Futbol,Kıta Turnuvası,Kıta Üstü,Global Elit,Erkek,Kulüp,Takım Sporu,Avrupa,Uluslararası,Türk Takımı Var,TV+ Var,Yıllık,Turnuva,Takvim/Saat,Bilgi,Maç,Jenerik,Türkçe,Body,h2h_saat,Çekirdek,,,,,,,hayir,,,,,,,,,,,,,hayır
beşiktaş kairat maçı ne zaman,Avrupa Kupası Eşleşmeleri,Futbol,Kıta Turnuvası,Kıta Üstü,Global Elit,Erkek,Kulüp,Takım Sporu,Avrupa,Uluslararası,Türk Takımı Var,TV+ Var,Yıllık,Turnuva,Takvim/Saat,Bilgi,Maç,Jenerik,Türkçe,Long-tail,h2h_nezaman,Çekirdek,,,,,,,hayir,,,,,,,,,,,,,hayır
beşiktaş inter turku nerede izlenir,Avrupa Kupası Eşleşmeleri,Futbol,Kıta Turnuvası,Kıta Üstü,Global Elit,Erkek,Kulüp,Takım Sporu,Avrupa,Uluslararası,Türk Takımı Var,TV+ Var,Yıllık,Turnuva,Kanal/Yayın,İzleme,Maç,Jenerik,Türkçe,Long-tail,nerede_izlenir,Çekirdek,,,,,,,hayir,,,,,,,,,,,,,hayır
beşiktaş inter turku canlı izle,Avrupa Kupası Eşleşmeleri,Futbol,Kıta Turnuvası,Kıta Üstü,Global Elit,Erkek,Kulüp,Takım Sporu,Avrupa,Uluslararası,Türk Takımı Var,TV+ Var,Yıllık,Turnuva,Canlı İzle,İzleme,Maç,Jenerik,Türkçe,Long-tail,h2h_izle,Çekirdek,,,,,,,hayir,,,,,,,,,,,,,hayır
beşiktaş inter turku hangi kanalda,Avrupa Kupası Eşleşmeleri,Futbol,Kıta Turnuvası,Kıta Üstü,Global Elit,Erkek,Kulüp,Takım Sporu,Avrupa,Uluslararası,Türk Takımı Var,TV+ Var,Yıllık,Turnuva,Kanal/Yayın,İzleme,Maç,Jenerik,Türkçe,Long-tail,h2h_kanal,Çekirdek,,,,,,,hayir,,,,,,,,,,,,,hayır
beşiktaş inter turku saat kaçta,Avrupa Kupası Eşleşmeleri,Futbol,Kıta Turnuvası,Kıta Üstü,Global Elit,Erkek,Kulüp,Takım Sporu,Avrupa,Uluslararası,Türk Takımı Var,TV+ Var,Yıllık,Turnuva,Takvim/Saat,Bilgi,Maç,Jenerik,Türkçe,Long-tail,h2h_saat,Çekirdek,,,,,,,hayir,,,,,,,,,,,,,hayır
beşiktaş inter turku maçı ne zaman,Avrupa Kupası Eşleşmeleri,Futbol,Kıta Turnuvası,Kıta Üstü,Global Elit,Erkek,Kulüp,Takım Sporu,Avrupa,Uluslararası,Türk Takımı Var,TV+ Var,Yıllık,Turnuva,Takvim/Saat,Bilgi,Maç,Jenerik,Türkçe,Long-tail,h2h_nezaman,Çekirdek,,,,,,,hayir,,,,,,,,,,,,,hayır
beşiktaş union saint-gilloise nerede izlenir,Avrupa Kupası Eşleşmeleri,Futbol,Kıta Turnuvası,Kıta Üstü,Global Elit,Erkek,Kulüp,Takım Sporu,Avrupa,Uluslararası,Türk Takımı Var,TV+ Var,Yıllık,Turnuva,Kanal/Yayın,İzleme,Maç,Jenerik,Türkçe,Long-tail,nerede_izlenir,Çekirdek,,,,,,,hayir,,,,,,,,,,,,,hayır
beşiktaş union saint-gilloise canlı izle,Avrupa Kupası Eşleşmeleri,Futbol,Kıta Turnuvası,Kıta Üstü,Global Elit,Erkek,Kulüp,Takım Sporu,Avrupa,Uluslararası,Türk Takımı Var,TV+ Var,Yıllık,Turnuva,Canlı İzle,İzleme,Maç,Jenerik,Türkçe,Long-tail,h2h_izle,Çekirdek,,,,,,,hayir,,,,,,,,,,,,,hayır
beşiktaş union saint-gilloise hangi kanalda,Avrupa Kupası Eşleşmeleri,Futbol,Kıta Turnuvası,Kıta Üstü,Global Elit,Erkek,Kulüp,Takım Sporu,Avrupa,Uluslararası,Türk Takımı Var,TV+ Var,Yıllık,Turnuva,Kanal/Yayın,İzleme,Maç,Jenerik,Türkçe,Long-tail,h2h_kanal,Çekirdek,,,,,,,hayir,,,,,,,,,,,,,hayır
beşiktaş union saint-gilloise saat kaçta,Avrupa Kupası Eşleşmeleri,Futbol,Kıta Turnuvası,Kıta Üstü,Global Elit,Erkek,Kulüp,Takım Sporu,Avrupa,Uluslararası,Türk Takımı Var,TV+ Var,Yıllık,Turnuva,Takvim/Saat,Bilgi,Maç,Jenerik,Türkçe,Long-tail,h2h_saat,Çekirdek,,,,,,,hayir,,,,,,,,,,,,,hayır
beşiktaş union saint-gilloise maçı ne zaman,Avrupa Kupası Eşleşmeleri,Futbol,Kıta Turnuvası,Kıta Üstü,Global Elit,Erkek,Kulüp,Takım Sporu,Avrupa,Uluslararası,Türk Takımı Var,TV+ Var,Yıllık,Turnuva,Takvim/Saat,Bilgi,Maç,Jenerik,Türkçe,Long-tail,h2h_nezaman,Çekirdek,,,,,,,hayir,,,,,,,,,,,,,hayır
beşiktaş lyon nerede izlenir,Avrupa Kupası Eşleşmeleri,Futbol,Kıta Turnuvası,Kıta Üstü,Global Elit,Erkek,Kulüp,Takım Sporu,Avrupa,Uluslararası,Türk Takımı Var,TV+ Var,Yıllık,Turnuva,Kanal/Yayın,İzleme,Maç,Jenerik,Türkçe,Body,nerede_izlenir,Çekirdek,0,,,,,,evet,,0,0,0,0,0,0,0,0,0,0,0,hayır
beşiktaş lyon canlı izle,Avrupa Kupası Eşleşmeleri,Futbol,Kıta Turnuvası,Kıta Üstü,Global Elit,Erkek,Kulüp,Takım Sporu,Avrupa,Uluslararası,Türk Takımı Var,TV+ Var,Yıllık,Turnuva,Canlı İzle,İzleme,Maç,Jenerik,Türkçe,Body,h2h_izle,Çekirdek,10,,,,,,evet,,0,0,0,0,0,0,10,0,0,10,10,hayır
beşiktaş lyon hangi kanalda,Avrupa Kupası Eşleşmeleri,Futbol,Kıta Turnuvası,Kıta Üstü,Global Elit,Erkek,Kulüp,Takım Sporu,Avrupa,Uluslararası,Türk Takımı Var,TV+ Var,Yıllık,Turnuva,Kanal/Yayın,İzleme,Maç,Jenerik,Türkçe,Body,h2h_kanal,Çekirdek,10,LOW,0,,,,evet,,0,0,0,0,0,0,0,0,10,10,10,hayır
beşiktaş lyon saat kaçta,Avrupa Kupası Eşleşmeleri,Futbol,Kıta Turnuvası,Kıta Üstü,Global Elit,Erkek,Kulüp,Takım Sporu,Avrupa,Uluslararası,Türk Takımı Var,TV+ Var,Yıllık,Turnuva,Takvim/Saat,Bilgi,Maç,Jenerik,Türkçe,Body,h2h_saat,Çekirdek,10,,,,,,evet,,0,10,0,0,0,0,0,0,10,10,0,hayır
beşiktaş lyon maçı ne zaman,Avrupa Kupası Eşleşmeleri,Futbol,Kıta Turnuvası,Kıta Üstü,Global Elit,Erkek,Kulüp,Takım Sporu,Avrupa,Uluslararası,Türk Takımı Var,TV+ Var,Yıllık,Turnuva,Takvim/Saat,Bilgi,Maç,Jenerik,Türkçe,Long-tail,h2h_nezaman,Çekirdek,10,LOW,0,,,,evet,,10,10,10,10,10,10,10,10,10,10,10,hayır
beşiktaş freiburg nerede izlenir,Avrupa Kupası Eşleşmeleri,Futbol,Kıta Turnuvası,Kıta Üstü,Global Elit,Erkek,Kulüp,Takım Sporu,Avrupa,Uluslararası,Türk Takımı Var,TV+ Var,Yıllık,Turnuva,Kanal/Yayın,İzleme,Maç,Jenerik,Türkçe,Body,nerede_izlenir,Çekirdek,,,,,,,hayir,,,,,,,,,,,,,hayır
beşiktaş freiburg canlı izle,Avrupa Kupası Eşleşmeleri,Futbol,Kıta Turnuvası,Kıta Üstü,Global Elit,Erkek,Kulüp,Takım Sporu,Avrupa,Uluslararası,Türk Takımı Var,TV+ Var,Yıllık,Turnuva,Canlı İzle,İzleme,Maç,Jenerik,Türkçe,Body,h2h_izle,Çekirdek,,,,,,,hayir,,,,,,,,,,,,,hayır
beşiktaş freiburg hangi kanalda,Avrupa Kupası Eşleşmeleri,Futbol,Kıta Turnuvası,Kıta Üstü,Global Elit,Erkek,Kulüp,Takım Sporu,Avrupa,Uluslararası,Türk Takımı Var,TV+ Var,Yıllık,Turnuva,Kanal/Yayın,İzleme,Maç,Jenerik,Türkçe,Body,h2h_kanal,Çekirdek,,,,,,,hayir,,,,,,,,,,,,,hayır
beşiktaş freiburg saat kaçta,Avrupa Kupası Eşleşmeleri,Futbol,Kıta Turnuvası,Kıta Üstü,Global Elit,Erkek,Kulüp,Takım Sporu,Avrupa,Uluslararası,Türk Takımı Var,TV+ Var,Yıllık,Turnuva,Takvim/Saat,Bilgi,Maç,Jenerik,Türkçe,Body,h2h_saat,Çekirdek,,,,,,,hayir,,,,,,,,,,,,,hayır
beşiktaş freiburg maçı ne zaman,Avrupa Kupası Eşleşmeleri,Futbol,Kıta Turnuvası,Kıta Üstü,Global Elit,Erkek,Kulüp,Takım Sporu,Avrupa,Uluslararası,Türk Takımı Var,TV+ Var,Yıllık,Turnuva,Takvim/Saat,Bilgi,Maç,Jenerik,Türkçe,Long-tail,h2h_nezaman,Çekirdek,,,,,,,hayir,,,,,,,,,,,,,hayır
trabzonspor górnik zabrze nerede izlenir,Avrupa Kupası Eşleşmeleri,Futbol,Kıta Turnuvası,Kıta Üstü,Global Elit,Erkek,Kulüp,Takım Sporu,Avrupa,Uluslararası,Türk Takımı Var,TV+ Var,Yıllık,Turnuva,Kanal/Yayın,İzleme,Maç,Jenerik,Türkçe,Long-tail,nerede_izlenir,Çekirdek,,,,,,,hayir,,,,,,,,,,,,,hayır
trabzonspor górnik zabrze canlı izle,Avrupa Kupası Eşleşmeleri,Futbol,Kıta Turnuvası,Kıta Üstü,Global Elit,Erkek,Kulüp,Takım Sporu,Avrupa,Uluslararası,Türk Takımı Var,TV+ Var,Yıllık,Turnuva,Canlı İzle,İzleme,Maç,Jenerik,Türkçe,Long-tail,h2h_izle,Çekirdek,,,,,,,hayir,,,,,,,,,,,,,hayır
trabzonspor górnik zabrze hangi kanalda,Avrupa Kupası Eşleşmeleri,Futbol,Kıta Turnuvası,Kıta Üstü,Global Elit,Erkek,Kulüp,Takım Sporu,Avrupa,Uluslararası,Türk Takımı Var,TV+ Var,Yıllık,Turnuva,Kanal/Yayın,İzleme,Maç,Jenerik,Türkçe,Long-tail,h2h_kanal,Çekirdek,,,,,,,hayir,,,,,,,,,,,,,hayır
trabzonspor górnik zabrze saat kaçta,Avrupa Kupası Eşleşmeleri,Futbol,Kıta Turnuvası,Kıta Üstü,Global Elit,Erkek,Kulüp,Takım Sporu,Avrupa,Uluslararası,Türk Takımı Var,TV+ Var,Yıllık,Turnuva,Takvim/Saat,Bilgi,Maç,Jenerik,Türkçe,Long-tail,h2h_saat,Çekirdek,,,,,,,hayir,,,,,,,,,,,,,hayır
trabzonspor górnik zabrze maçı ne zaman,Avrupa Kupası Eşleşmeleri,Futbol,Kıta Turnuvası,Kıta Üstü,Global Elit,Erkek,Kulüp,Takım Sporu,Avrupa,Uluslararası,Türk Takımı Var,TV+ Var,Yıllık,Turnuva,Takvim/Saat,Bilgi,Maç,Jenerik,Türkçe,Long-tail,h2h_nezaman,Çekirdek,,,,,,,hayir,,,,,,,,,,,,,hayır
trabzonspor sturm graz nerede izlenir,Avrupa Kupası Eşleşmeleri,Futbol,Kıta Turnuvası,Kıta Üstü,Global Elit,Erkek,Kulüp,Takım Sporu,Avrupa,Uluslararası,Türk Takımı Var,TV+ Var,Yıllık,Turnuva,Kanal/Yayın,İzleme,Maç,Jenerik,İngilizce,Long-tail,nerede_izlenir,Çekirdek,,,,,,,hayir,,,,,,,,,,,,,hayır
trabzonspor sturm graz canlı izle,Avrupa Kupası Eşleşmeleri,Futbol,Kıta Turnuvası,Kıta Üstü,Global Elit,Erkek,Kulüp,Takım Sporu,Avrupa,Uluslararası,Türk Takımı Var,TV+ Var,Yıllık,Turnuva,Canlı İzle,İzleme,Maç,Jenerik,Türkçe,Long-tail,h2h_izle,Çekirdek,,,,,,,hayir,,,,,,,,,,,,,hayır
trabzonspor sturm graz hangi kanalda,Avrupa Kupası Eşleşmeleri,Futbol,Kıta Turnuvası,Kıta Üstü,Global Elit,Erkek,Kulüp,Takım Sporu,Avrupa,Uluslararası,Türk Takımı Var,TV+ Var,Yıllık,Turnuva,Kanal/Yayın,İzleme,Maç,Jenerik,İngilizce,Long-tail,h2h_kanal,Çekirdek,,,,,,,hayir,,,,,,,,,,,,,hayır
trabzonspor sturm graz saat kaçta,Avrupa Kupası Eşleşmeleri,Futbol,Kıta Turnuvası,Kıta Üstü,Global Elit,Erkek,Kulüp,Takım Sporu,Avrupa,Uluslararası,Türk Takımı Var,TV+ Var,Yıllık,Turnuva,Takvim/Saat,Bilgi,Maç,Jenerik,Türkçe,Long-tail,h2h_saat,Çekirdek,,,,,,,hayir,,,,,,,,,,,,,hayır
trabzonspor sturm graz maçı ne zaman,Avrupa Kupası Eşleşmeleri,Futbol,Kıta Turnuvası,Kıta Üstü,Global Elit,Erkek,Kulüp,Takım Sporu,Avrupa,Uluslararası,Türk Takımı Var,TV+ Var,Yıllık,Turnuva,Takvim/Saat,Bilgi,Maç,Jenerik,Türkçe,Long-tail,h2h_nezaman,Çekirdek,,,,,,,hayir,,,,,,,,,,,,,hayır
trabzonspor midtjylland nerede izlenir,Avrupa Kupası Eşleşmeleri,Futbol,Kıta Turnuvası,Kıta Üstü,Global Elit,Erkek,Kulüp,Takım Sporu,Avrupa,Uluslararası,Türk Takımı Var,TV+ Var,Yıllık,Turnuva,Kanal/Yayın,İzleme,Maç,Jenerik,İngilizce,Body,nerede_izlenir,Çekirdek,,,,,,,hayir,,,,,,,,,,,,,hayır
trabzonspor midtjylland canlı izle,Avrupa Kupası Eşleşmeleri,Futbol,Kıta Turnuvası,Kıta Üstü,Global Elit,Erkek,Kulüp,Takım Sporu,Avrupa,Uluslararası,Türk Takımı Var,TV+ Var,Yıllık,Turnuva,Canlı İzle,İzleme,Maç,Jenerik,Türkçe,Body,h2h_izle,Çekirdek,,,,,,,hayir,,,,,,,,,,,,,hayır
trabzonspor midtjylland hangi kanalda,Avrupa Kupası Eşleşmeleri,Futbol,Kıta Turnuvası,Kıta Üstü,Global Elit,Erkek,Kulüp,Takım Sporu,Avrupa,Uluslararası,Türk Takımı Var,TV+ Var,Yıllık,Turnuva,Kanal/Yayın,İzleme,Maç,Jenerik,İngilizce,Body,h2h_kanal,Çekirdek,,,,,,,hayir,,,,,,,,,,,,,hayır
trabzonspor midtjylland saat kaçta,Avrupa Kupası Eşleşmeleri,Futbol,Kıta Turnuvası,Kıta Üstü,Global Elit,Erkek,Kulüp,Takım Sporu,Avrupa,Uluslararası,Türk Takımı Var,TV+ Var,Yıllık,Turnuva,Takvim/Saat,Bilgi,Maç,Jenerik,Türkçe,Body,h2h_saat,Çekirdek,,,,,,,hayir,,,,,,,,,,,,,hayır
trabzonspor midtjylland maçı ne zaman,Avrupa Kupası Eşleşmeleri,Futbol,Kıta Turnuvası,Kıta Üstü,Global Elit,Erkek,Kulüp,Takım Sporu,Avrupa,Uluslararası,Türk Takımı Var,TV+ Var,Yıllık,Turnuva,Takvim/Saat,Bilgi,Maç,Jenerik,Türkçe,Long-tail,h2h_nezaman,Çekirdek,,,,,,,hayir,,,,,,,,,,,,,hayır
trabzonspor benfica nerede izlenir,Avrupa Kupası Eşleşmeleri,Futbol,Kıta Turnuvası,Kıta Üstü,Global Elit,Erkek,Kulüp,Takım Sporu,Avrupa,Uluslararası,Türk Takımı Var,TV+ Var,Yıllık,Turnuva,Kanal/Yayın,İzleme,Maç,Jenerik,İngilizce,Body,nerede_izlenir,Çekirdek,,,,,,,hayir,,,,,,,,,,,,,hayır
trabzonspor benfica canlı izle,Avrupa Kupası Eşleşmeleri,Futbol,Kıta Turnuvası,Kıta Üstü,Global Elit,Erkek,Kulüp,Takım Sporu,Avrupa,Uluslararası,Türk Takımı Var,TV+ Var,Yıllık,Turnuva,Canlı İzle,İzleme,Maç,Jenerik,Türkçe,Body,h2h_izle,Çekirdek,,,,,,,hayir,,,,,,,,,,,,,hayır
trabzonspor benfica hangi kanalda,Avrupa Kupası Eşleşmeleri,Futbol,Kıta Turnuvası,Kıta Üstü,Global Elit,Erkek,Kulüp,Takım Sporu,Avrupa,Uluslararası,Türk Takımı Var,TV+ Var,Yıllık,Turnuva,Kanal/Yayın,İzleme,Maç,Jenerik,İngilizce,Body,h2h_kanal,Çekirdek,0,,,,,,evet,,0,0,0,0,0,0,0,0,0,0,0,hayır
trabzonspor benfica saat kaçta,Avrupa Kupası Eşleşmeleri,Futbol,Kıta Turnuvası,Kıta Üstü,Global Elit,Erkek,Kulüp,Takım Sporu,Avrupa,Uluslararası,Türk Takımı Var,TV+ Var,Yıllık,Turnuva,Takvim/Saat,Bilgi,Maç,Jenerik,Türkçe,Body,h2h_saat,Çekirdek,,,,,,,hayir,,,,,,,,,,,,,hayır
trabzonspor benfica maçı ne zaman,Avrupa Kupası Eşleşmeleri,Futbol,Kıta Turnuvası,Kıta Üstü,Global Elit,Erkek,Kulüp,Takım Sporu,Avrupa,Uluslararası,Türk Takımı Var,TV+ Var,Yıllık,Turnuva,Takvim/Saat,Bilgi,Maç,Jenerik,Türkçe,Long-tail,h2h_nezaman,Çekirdek,10,LOW,0,,,,evet,,0,0,0,0,0,0,0,0,0,0,0,hayır
trabzonspor ajax nerede izlenir,Avrupa Kupası Eşleşmeleri,Futbol,Kıta Turnuvası,Kıta Üstü,Global Elit,Erkek,Kulüp,Takım Sporu,Avrupa,Uluslararası,Türk Takımı Var,TV+ Var,Yıllık,Turnuva,Kanal/Yayın,İzleme,Maç,Jenerik,İngilizce,Body,nerede_izlenir,Çekirdek,,,,,,,hayir,,,,,,,,,,,,,hayır
trabzonspor ajax canlı izle,Avrupa Kupası Eşleşmeleri,Futbol,Kıta Turnuvası,Kıta Üstü,Global Elit,Erkek,Kulüp,Takım Sporu,Avrupa,Uluslararası,Türk Takımı Var,TV+ Var,Yıllık,Turnuva,Canlı İzle,İzleme,Maç,Jenerik,Türkçe,Body,h2h_izle,Çekirdek,,,,,,,hayir,,,,,,,,,,,,,hayır
trabzonspor ajax hangi kanalda,Avrupa Kupası Eşleşmeleri,Futbol,Kıta Turnuvası,Kıta Üstü,Global Elit,Erkek,Kulüp,Takım Sporu,Avrupa,Uluslararası,Türk Takımı Var,TV+ Var,Yıllık,Turnuva,Kanal/Yayın,İzleme,Maç,Jenerik,İngilizce,Body,h2h_kanal,Çekirdek,,,,,,,hayir,,,,,,,,,,,,,hayır
trabzonspor ajax saat kaçta,Avrupa Kupası Eşleşmeleri,Futbol,Kıta Turnuvası,Kıta Üstü,Global Elit,Erkek,Kulüp,Takım Sporu,Avrupa,Uluslararası,Türk Takımı Var,TV+ Var,Yıllık,Turnuva,Takvim/Saat,Bilgi,Maç,Jenerik,Türkçe,Body,h2h_saat,Çekirdek,,,,,,,hayir,,,,,,,,,,,,,hayır
trabzonspor ajax maçı ne zaman,Avrupa Kupası Eşleşmeleri,Futbol,Kıta Turnuvası,Kıta Üstü,Global Elit,Erkek,Kulüp,Takım Sporu,Avrupa,Uluslararası,Türk Takımı Var,TV+ Var,Yıllık,Turnuva,Takvim/Saat,Bilgi,Maç,Jenerik,Türkçe,Long-tail,h2h_nezaman,Çekirdek,,,,,,,hayir,,,,,,,,,,,,,hayır
trabzonspor celtic nerede izlenir,Avrupa Kupası Eşleşmeleri,Futbol,Kıta Turnuvası,Kıta Üstü,Global Elit,Erkek,Kulüp,Takım Sporu,Avrupa,Uluslararası,Türk Takımı Var,TV+ Var,Yıllık,Turnuva,Kanal/Yayın,İzleme,Maç,Jenerik,İngilizce,Body,nerede_izlenir,Çekirdek,,,,,,,hayir,,,,,,,,,,,,,hayır
trabzonspor celtic canlı izle,Avrupa Kupası Eşleşmeleri,Futbol,Kıta Turnuvası,Kıta Üstü,Global Elit,Erkek,Kulüp,Takım Sporu,Avrupa,Uluslararası,Türk Takımı Var,TV+ Var,Yıllık,Turnuva,Canlı İzle,İzleme,Maç,Jenerik,Türkçe,Body,h2h_izle,Çekirdek,0,,,,,,evet,,0,0,0,0,0,0,0,0,0,0,0,hayır
trabzonspor celtic hangi kanalda,Avrupa Kupası Eşleşmeleri,Futbol,Kıta Turnuvası,Kıta Üstü,Global Elit,Erkek,Kulüp,Takım Sporu,Avrupa,Uluslararası,Türk Takımı Var,TV+ Var,Yıllık,Turnuva,Kanal/Yayın,İzleme,Maç,Jenerik,İngilizce,Body,h2h_kanal,Çekirdek,0,,,,,,evet,,0,0,0,0,0,0,0,0,0,0,0,hayır
trabzonspor celtic saat kaçta,Avrupa Kupası Eşleşmeleri,Futbol,Kıta Turnuvası,Kıta Üstü,Global Elit,Erkek,Kulüp,Takım Sporu,Avrupa,Uluslararası,Türk Takımı Var,TV+ Var,Yıllık,Turnuva,Takvim/Saat,Bilgi,Maç,Jenerik,Türkçe,Body,h2h_saat,Çekirdek,,,,,,,hayir,,,,,,,,,,,,,hayır
trabzonspor celtic maçı ne zaman,Avrupa Kupası Eşleşmeleri,Futbol,Kıta Turnuvası,Kıta Üstü,Global Elit,Erkek,Kulüp,Takım Sporu,Avrupa,Uluslararası,Türk Takımı Var,TV+ Var,Yıllık,Turnuva,Takvim/Saat,Bilgi,Maç,Jenerik,Türkçe,Long-tail,h2h_nezaman,Çekirdek,,,,,,,hayir,,,,,,,,,,,,,hayır
trabzonspor olympiacos nerede izlenir,Avrupa Kupası Eşleşmeleri,Futbol,Kıta Turnuvası,Kıta Üstü,Global Elit,Erkek,Kulüp,Takım Sporu,Avrupa,Uluslararası,Türk Takımı Var,TV+ Var,Yıllık,Turnuva,Kanal/Yayın,İzleme,Maç,Jenerik,İngilizce,Body,nerede_izlenir,Çekirdek,,,,,,,hayir,,,,,,,,,,,,,hayır
trabzonspor olympiacos canlı izle,Avrupa Kupası Eşleşmeleri,Futbol,Kıta Turnuvası,Kıta Üstü,Global Elit,Erkek,Kulüp,Takım Sporu,Avrupa,Uluslararası,Türk Takımı Var,TV+ Var,Yıllık,Turnuva,Canlı İzle,İzleme,Maç,Jenerik,Türkçe,Body,h2h_izle,Çekirdek,,,,,,,hayir,,,,,,,,,,,,,hayır
trabzonspor olympiacos hangi kanalda,Avrupa Kupası Eşleşmeleri,Futbol,Kıta Turnuvası,Kıta Üstü,Global Elit,Erkek,Kulüp,Takım Sporu,Avrupa,Uluslararası,Türk Takımı Var,TV+ Var,Yıllık,Turnuva,Kanal/Yayın,İzleme,Maç,Jenerik,İngilizce,Body,h2h_kanal,Çekirdek,,,,,,,hayir,,,,,,,,,,,,,hayır
trabzonspor olympiacos saat kaçta,Avrupa Kupası Eşleşmeleri,Futbol,Kıta Turnuvası,Kıta Üstü,Global Elit,Erkek,Kulüp,Takım Sporu,Avrupa,Uluslararası,Türk Takımı Var,TV+ Var,Yıllık,Turnuva,Takvim/Saat,Bilgi,Maç,Jenerik,Türkçe,Body,h2h_saat,Çekirdek,,,,,,,hayir,,,,,,,,,,,,,hayır
trabzonspor olympiacos maçı ne zaman,Avrupa Kupası Eşleşmeleri,Futbol,Kıta Turnuvası,Kıta Üstü,Global Elit,Erkek,Kulüp,Takım Sporu,Avrupa,Uluslararası,Türk Takımı Var,TV+ Var,Yıllık,Turnuva,Takvim/Saat,Bilgi,Maç,Jenerik,Türkçe,Long-tail,h2h_nezaman,Çekirdek,,,,,,,hayir,,,,,,,,,,,,,hayır
trabzonspor qarabağ nerede izlenir,Avrupa Kupası Eşleşmeleri,Futbol,Kıta Turnuvası,Kıta Üstü,Global Elit,Erkek,Kulüp,Takım Sporu,Avrupa,Uluslararası,Türk Takımı Var,TV+ Var,Yıllık,Turnuva,Kanal/Yayın,İzleme,Maç,Jenerik,Türkçe,Body,nerede_izlenir,Çekirdek,,,,,,,hayir,,,,,,,,,,,,,hayır
trabzonspor qarabağ canlı izle,Avrupa Kupası Eşleşmeleri,Futbol,Kıta Turnuvası,Kıta Üstü,Global Elit,Erkek,Kulüp,Takım Sporu,Avrupa,Uluslararası,Türk Takımı Var,TV+ Var,Yıllık,Turnuva,Canlı İzle,İzleme,Maç,Jenerik,Türkçe,Body,h2h_izle,Çekirdek,,,,,,,hayir,,,,,,,,,,,,,hayır
trabzonspor qarabağ hangi kanalda,Avrupa Kupası Eşleşmeleri,Futbol,Kıta Turnuvası,Kıta Üstü,Global Elit,Erkek,Kulüp,Takım Sporu,Avrupa,Uluslararası,Türk Takımı Var,TV+ Var,Yıllık,Turnuva,Kanal/Yayın,İzleme,Maç,Jenerik,Türkçe,Body,h2h_kanal,Çekirdek,,,,,,,hayir,,,,,,,,,,,,,hayır
trabzonspor qarabağ saat kaçta,Avrupa Kupası Eşleşmeleri,Futbol,Kıta Turnuvası,Kıta Üstü,Global Elit,Erkek,Kulüp,Takım Sporu,Avrupa,Uluslararası,Türk Takımı Var,TV+ Var,Yıllık,Turnuva,Takvim/Saat,Bilgi,Maç,Jenerik,Türkçe,Body,h2h_saat,Çekirdek,,,,,,,hayir,,,,,,,,,,,,,hayır
trabzonspor qarabağ maçı ne zaman,Avrupa Kupası Eşleşmeleri,Futbol,Kıta Turnuvası,Kıta Üstü,Global Elit,Erkek,Kulüp,Takım Sporu,Avrupa,Uluslararası,Türk Takımı Var,TV+ Var,Yıllık,Turnuva,Takvim/Saat,Bilgi,Maç,Jenerik,Türkçe,Long-tail,h2h_nezaman,Çekirdek,,,,,,,hayir,,,,,,,,,,,,,hayır
trabzonspor rangers nerede izlenir,Avrupa Kupası Eşleşmeleri,Futbol,Kıta Turnuvası,Kıta Üstü,Global Elit,Erkek,Kulüp,Takım Sporu,Avrupa,Uluslararası,Türk Takımı Var,TV+ Var,Yıllık,Turnuva,Kanal/Yayın,İzleme,Maç,Jenerik,İngilizce,Body,nerede_izlenir,Çekirdek,,,,,,,hayir,,,,,,,,,,,,,hayır
trabzonspor rangers canlı izle,Avrupa Kupası Eşleşmeleri,Futbol,Kıta Turnuvası,Kıta Üstü,Global Elit,Erkek,Kulüp,Takım Sporu,Avrupa,Uluslararası,Türk Takımı Var,TV+ Var,Yıllık,Turnuva,Canlı İzle,İzleme,Maç,Jenerik,Türkçe,Body,h2h_izle,Çekirdek,,,,,,,hayir,,,,,,,,,,,,,hayır
trabzonspor rangers hangi kanalda,Avrupa Kupası Eşleşmeleri,Futbol,Kıta Turnuvası,Kıta Üstü,Global Elit,Erkek,Kulüp,Takım Sporu,Avrupa,Uluslararası,Türk Takımı Var,TV+ Var,Yıllık,Turnuva,Kanal/Yayın,İzleme,Maç,Jenerik,İngilizce,Body,h2h_kanal,Çekirdek,,,,,,,hayir,,,,,,,,,,,,,hayır
trabzonspor rangers saat kaçta,Avrupa Kupası Eşleşmeleri,Futbol,Kıta Turnuvası,Kıta Üstü,Global Elit,Erkek,Kulüp,Takım Sporu,Avrupa,Uluslararası,Türk Takımı Var,TV+ Var,Yıllık,Turnuva,Takvim/Saat,Bilgi,Maç,Jenerik,Türkçe,Body,h2h_saat,Çekirdek,,,,,,,hayir,,,,,,,,,,,,,hayır
trabzonspor rangers maçı ne zaman,Avrupa Kupası Eşleşmeleri,Futbol,Kıta Turnuvası,Kıta Üstü,Global Elit,Erkek,Kulüp,Takım Sporu,Avrupa,Uluslararası,Türk Takımı Var,TV+ Var,Yıllık,Turnuva,Takvim/Saat,Bilgi,Maç,Jenerik,Türkçe,Long-tail,h2h_nezaman,Çekirdek,,,,,,,hayir,,,,,,,,,,,,,hayır
trabzonspor brann nerede izlenir,Avrupa Kupası Eşleşmeleri,Futbol,Kıta Turnuvası,Kıta Üstü,Global Elit,Erkek,Kulüp,Takım Sporu,Avrupa,Uluslararası,Türk Takımı Var,TV+ Var,Yıllık,Turnuva,Kanal/Yayın,İzleme,Maç,Jenerik,İngilizce,Body,nerede_izlenir,Çekirdek,,,,,,,hayir,,,,,,,,,,,,,hayır
trabzonspor brann canlı izle,Avrupa Kupası Eşleşmeleri,Futbol,Kıta Turnuvası,Kıta Üstü,Global Elit,Erkek,Kulüp,Takım Sporu,Avrupa,Uluslararası,Türk Takımı Var,TV+ Var,Yıllık,Turnuva,Canlı İzle,İzleme,Maç,Jenerik,Türkçe,Body,h2h_izle,Çekirdek,,,,,,,hayir,,,,,,,,,,,,,hayır
trabzonspor brann hangi kanalda,Avrupa Kupası Eşleşmeleri,Futbol,Kıta Turnuvası,Kıta Üstü,Global Elit,Erkek,Kulüp,Takım Sporu,Avrupa,Uluslararası,Türk Takımı Var,TV+ Var,Yıllık,Turnuva,Kanal/Yayın,İzleme,Maç,Jenerik,İngilizce,Body,h2h_kanal,Çekirdek,,,,,,,hayir,,,,,,,,,,,,,hayır
trabzonspor brann saat kaçta,Avrupa Kupası Eşleşmeleri,Futbol,Kıta Turnuvası,Kıta Üstü,Global Elit,Erkek,Kulüp,Takım Sporu,Avrupa,Uluslararası,Türk Takımı Var,TV+ Var,Yıllık,Turnuva,Takvim/Saat,Bilgi,Maç,Jenerik,Türkçe,Body,h2h_saat,Çekirdek,,,,,,,hayir,,,,,,,,,,,,,hayır
trabzonspor brann maçı ne zaman,Avrupa Kupası Eşleşmeleri,Futbol,Kıta Turnuvası,Kıta Üstü,Global Elit,Erkek,Kulüp,Takım Sporu,Avrupa,Uluslararası,Türk Takımı Var,TV+ Var,Yıllık,Turnuva,Takvim/Saat,Bilgi,Maç,Jenerik,Türkçe,Long-tail,h2h_nezaman,Çekirdek,,,,,,,hayir,,,,,,,,,,,,,hayır
trabzonspor paok nerede izlenir,Avrupa Kupası Eşleşmeleri,Futbol,Kıta Turnuvası,Kıta Üstü,Global Elit,Erkek,Kulüp,Takım Sporu,Avrupa,Uluslararası,Türk Takımı Var,TV+ Var,Yıllık,Turnuva,Kanal/Yayın,İzleme,Maç,Jenerik,İngilizce,Body,nerede_izlenir,Çekirdek,,,,,,,hayir,,,,,,,,,,,,,hayır
trabzonspor paok canlı izle,Avrupa Kupası Eşleşmeleri,Futbol,Kıta Turnuvası,Kıta Üstü,Global Elit,Erkek,Kulüp,Takım Sporu,Avrupa,Uluslararası,Türk Takımı Var,TV+ Var,Yıllık,Turnuva,Canlı İzle,İzleme,Maç,Jenerik,Türkçe,Body,h2h_izle,Çekirdek,,,,,,,hayir,,,,,,,,,,,,,hayır
trabzonspor paok hangi kanalda,Avrupa Kupası Eşleşmeleri,Futbol,Kıta Turnuvası,Kıta Üstü,Global Elit,Erkek,Kulüp,Takım Sporu,Avrupa,Uluslararası,Türk Takımı Var,TV+ Var,Yıllık,Turnuva,Kanal/Yayın,İzleme,Maç,Jenerik,İngilizce,Body,h2h_kanal,Çekirdek,,,,,,,hayir,,,,,,,,,,,,,hayır
trabzonspor paok saat kaçta,Avrupa Kupası Eşleşmeleri,Futbol,Kıta Turnuvası,Kıta Üstü,Global Elit,Erkek,Kulüp,Takım Sporu,Avrupa,Uluslararası,Türk Takımı Var,TV+ Var,Yıllık,Turnuva,Takvim/Saat,Bilgi,Maç,Jenerik,Türkçe,Body,h2h_saat,Çekirdek,,,,,,,hayir,,,,,,,,,,,,,hayır
trabzonspor paok maçı ne zaman,Avrupa Kupası Eşleşmeleri,Futbol,Kıta Turnuvası,Kıta Üstü,Global Elit,Erkek,Kulüp,Takım Sporu,Avrupa,Uluslararası,Türk Takımı Var,TV+ Var,Yıllık,Turnuva,Takvim/Saat,Bilgi,Maç,Jenerik,Türkçe,Long-tail,h2h_nezaman,Çekirdek,,,,,,,hayir,,,,,,,,,,,,,hayır
trabzonspor dinamo zagreb nerede izlenir,Avrupa Kupası Eşleşmeleri,Futbol,Kıta Turnuvası,Kıta Üstü,Global Elit,Erkek,Kulüp,Takım Sporu,Avrupa,Uluslararası,Türk Takımı Var,TV+ Var,Yıllık,Turnuva,Kanal/Yayın,İzleme,Maç,Jenerik,İngilizce,Long-tail,nerede_izlenir,Çekirdek,,,,,,,hayir,,,,,,,,,,,,,hayır
trabzonspor dinamo zagreb canlı izle,Avrupa Kupası Eşleşmeleri,Futbol,Kıta Turnuvası,Kıta Üstü,Global Elit,Erkek,Kulüp,Takım Sporu,Avrupa,Uluslararası,Türk Takımı Var,TV+ Var,Yıllık,Turnuva,Canlı İzle,İzleme,Maç,Jenerik,Türkçe,Long-tail,h2h_izle,Çekirdek,,,,,,,hayir,,,,,,,,,,,,,hayır
trabzonspor dinamo zagreb hangi kanalda,Avrupa Kupası Eşleşmeleri,Futbol,Kıta Turnuvası,Kıta Üstü,Global Elit,Erkek,Kulüp,Takım Sporu,Avrupa,Uluslararası,Türk Takımı Var,TV+ Var,Yıllık,Turnuva,Kanal/Yayın,İzleme,Maç,Jenerik,İngilizce,Long-tail,h2h_kanal,Çekirdek,,,,,,,hayir,,,,,,,,,,,,,hayır
trabzonspor dinamo zagreb saat kaçta,Avrupa Kupası Eşleşmeleri,Futbol,Kıta Turnuvası,Kıta Üstü,Global Elit,Erkek,Kulüp,Takım Sporu,Avrupa,Uluslararası,Türk Takımı Var,TV+ Var,Yıllık,Turnuva,Takvim/Saat,Bilgi,Maç,Jenerik,Türkçe,Long-tail,h2h_saat,Çekirdek,,,,,,,hayir,,,,,,,,,,,,,hayır
trabzonspor dinamo zagreb maçı ne zaman,Avrupa Kupası Eşleşmeleri,Futbol,Kıta Turnuvası,Kıta Üstü,Global Elit,Erkek,Kulüp,Takım Sporu,Avrupa,Uluslararası,Türk Takımı Var,TV+ Var,Yıllık,Turnuva,Takvim/Saat,Bilgi,Maç,Jenerik,Türkçe,Long-tail,h2h_nezaman,Çekirdek,,,,,,,hayir,,,,,,,,,,,,,hayır
trabzonspor viktoria plzeň nerede izlenir,Avrupa Kupası Eşleşmeleri,Futbol,Kıta Turnuvası,Kıta Üstü,Global Elit,Erkek,Kulüp,Takım Sporu,Avrupa,Uluslararası,Türk Takımı Var,TV+ Var,Yıllık,Turnuva,Kanal/Yayın,İzleme,Maç,Jenerik,Türkçe,Long-tail,nerede_izlenir,Çekirdek,,,,,,,hayir,,,,,,,,,,,,,hayır
trabzonspor viktoria plzeň canlı izle,Avrupa Kupası Eşleşmeleri,Futbol,Kıta Turnuvası,Kıta Üstü,Global Elit,Erkek,Kulüp,Takım Sporu,Avrupa,Uluslararası,Türk Takımı Var,TV+ Var,Yıllık,Turnuva,Canlı İzle,İzleme,Maç,Jenerik,Türkçe,Long-tail,h2h_izle,Çekirdek,,,,,,,hayir,,,,,,,,,,,,,hayır
trabzonspor viktoria plzeň hangi kanalda,Avrupa Kupası Eşleşmeleri,Futbol,Kıta Turnuvası,Kıta Üstü,Global Elit,Erkek,Kulüp,Takım Sporu,Avrupa,Uluslararası,Türk Takımı Var,TV+ Var,Yıllık,Turnuva,Kanal/Yayın,İzleme,Maç,Jenerik,Türkçe,Long-tail,h2h_kanal,Çekirdek,,,,,,,hayir,,,,,,,,,,,,,hayır
trabzonspor viktoria plzeň saat kaçta,Avrupa Kupası Eşleşmeleri,Futbol,Kıta Turnuvası,Kıta Üstü,Global Elit,Erkek,Kulüp,Takım Sporu,Avrupa,Uluslararası,Türk Takımı Var,TV+ Var,Yıllık,Turnuva,Takvim/Saat,Bilgi,Maç,Jenerik,Türkçe,Long-tail,h2h_saat,Çekirdek,,,,,,,hayir,,,,,,,,,,,,,hayır
trabzonspor viktoria plzeň maçı ne zaman,Avrupa Kupası Eşleşmeleri,Futbol,Kıta Turnuvası,Kıta Üstü,Global Elit,Erkek,Kulüp,Takım Sporu,Avrupa,Uluslararası,Türk Takımı Var,TV+ Var,Yıllık,Turnuva,Takvim/Saat,Bilgi,Maç,Jenerik,Türkçe,Long-tail,h2h_nezaman,Çekirdek,,,,,,,hayir,,,,,,,,,,,,,hayır
trabzonspor salzburg nerede izlenir,Avrupa Kupası Eşleşmeleri,Futbol,Kıta Turnuvası,Kıta Üstü,Global Elit,Erkek,Kulüp,Takım Sporu,Avrupa,Uluslararası,Türk Takımı Var,TV+ Var,Yıllık,Turnuva,Kanal/Yayın,İzleme,Maç,Jenerik,İngilizce,Body,nerede_izlenir,Çekirdek,,,,,,,hayir,,,,,,,,,,,,,hayır
trabzonspor salzburg canlı izle,Avrupa Kupası Eşleşmeleri,Futbol,Kıta Turnuvası,Kıta Üstü,Global Elit,Erkek,Kulüp,Takım Sporu,Avrupa,Uluslararası,Türk Takımı Var,TV+ Var,Yıllık,Turnuva,Canlı İzle,İzleme,Maç,Jenerik,Türkçe,Body,h2h_izle,Çekirdek,0,,,,,,evet,,0,0,0,0,0,0,0,0,0,0,0,hayır
trabzonspor salzburg hangi kanalda,Avrupa Kupası Eşleşmeleri,Futbol,Kıta Turnuvası,Kıta Üstü,Global Elit,Erkek,Kulüp,Takım Sporu,Avrupa,Uluslararası,Türk Takımı Var,TV+ Var,Yıllık,Turnuva,Kanal/Yayın,İzleme,Maç,Jenerik,İngilizce,Body,h2h_kanal,Çekirdek,10,LOW,0,,,,evet,,0,0,0,0,0,0,0,0,0,0,0,hayır
trabzonspor salzburg saat kaçta,Avrupa Kupası Eşleşmeleri,Futbol,Kıta Turnuvası,Kıta Üstü,Global Elit,Erkek,Kulüp,Takım Sporu,Avrupa,Uluslararası,Türk Takımı Var,TV+ Var,Yıllık,Turnuva,Takvim/Saat,Bilgi,Maç,Jenerik,Türkçe,Body,h2h_saat,Çekirdek,,,,,,,hayir,,,,,,,,,,,,,hayır
trabzonspor salzburg maçı ne zaman,Avrupa Kupası Eşleşmeleri,Futbol,Kıta Turnuvası,Kıta Üstü,Global Elit,Erkek,Kulüp,Takım Sporu,Avrupa,Uluslararası,Türk Takımı Var,TV+ Var,Yıllık,Turnuva,Takvim/Saat,Bilgi,Maç,Jenerik,Türkçe,Long-tail,h2h_nezaman,Çekirdek,10,LOW,0,,,,evet,,0,0,10,0,0,10,0,10,10,0,0,hayır
trabzonspor fcsb nerede izlenir,Avrupa Kupası Eşleşmeleri,Futbol,Kıta Turnuvası,Kıta Üstü,Global Elit,Erkek,Kulüp,Takım Sporu,Avrupa,Uluslararası,Türk Takımı Var,TV+ Var,Yıllık,Turnuva,Kanal/Yayın,İzleme,Maç,Jenerik,İngilizce,Body,nerede_izlenir,Çekirdek,,,,,,,hayir,,,,,,,,,,,,,hayır
trabzonspor fcsb canlı izle,Avrupa Kupası Eşleşmeleri,Futbol,Kıta Turnuvası,Kıta Üstü,Global Elit,Erkek,Kulüp,Takım Sporu,Avrupa,Uluslararası,Türk Takımı Var,TV+ Var,Yıllık,Turnuva,Canlı İzle,İzleme,Maç,Jenerik,Türkçe,Body,h2h_izle,Çekirdek,,,,,,,hayir,,,,,,,,,,,,,hayır
trabzonspor fcsb hangi kanalda,Avrupa Kupası Eşleşmeleri,Futbol,Kıta Turnuvası,Kıta Üstü,Global Elit,Erkek,Kulüp,Takım Sporu,Avrupa,Uluslararası,Türk Takımı Var,TV+ Var,Yıllık,Turnuva,Kanal/Yayın,İzleme,Maç,Jenerik,İngilizce,Body,h2h_kanal,Çekirdek,,,,,,,hayir,,,,,,,,,,,,,hayır
trabzonspor fcsb saat kaçta,Avrupa Kupası Eşleşmeleri,Futbol,Kıta Turnuvası,Kıta Üstü,Global Elit,Erkek,Kulüp,Takım Sporu,Avrupa,Uluslararası,Türk Takımı Var,TV+ Var,Yıllık,Turnuva,Takvim/Saat,Bilgi,Maç,Jenerik,Türkçe,Body,h2h_saat,Çekirdek,,,,,,,hayir,,,,,,,,,,,,,hayır
trabzonspor fcsb maçı ne zaman,Avrupa Kupası Eşleşmeleri,Futbol,Kıta Turnuvası,Kıta Üstü,Global Elit,Erkek,Kulüp,Takım Sporu,Avrupa,Uluslararası,Türk Takımı Var,TV+ Var,Yıllık,Turnuva,Takvim/Saat,Bilgi,Maç,Jenerik,Türkçe,Long-tail,h2h_nezaman,Çekirdek,,,,,,,hayir,,,,,,,,,,,,,hayır
trabzonspor kairat nerede izlenir,Avrupa Kupası Eşleşmeleri,Futbol,Kıta Turnuvası,Kıta Üstü,Global Elit,Erkek,Kulüp,Takım Sporu,Avrupa,Uluslararası,Türk Takımı Var,TV+ Var,Yıllık,Turnuva,Kanal/Yayın,İzleme,Maç,Jenerik,İngilizce,Body,nerede_izlenir,Çekirdek,,,,,,,hayir,,,,,,,,,,,,,hayır
trabzonspor kairat canlı izle,Avrupa Kupası Eşleşmeleri,Futbol,Kıta Turnuvası,Kıta Üstü,Global Elit,Erkek,Kulüp,Takım Sporu,Avrupa,Uluslararası,Türk Takımı Var,TV+ Var,Yıllık,Turnuva,Canlı İzle,İzleme,Maç,Jenerik,Türkçe,Body,h2h_izle,Çekirdek,,,,,,,hayir,,,,,,,,,,,,,hayır
trabzonspor kairat hangi kanalda,Avrupa Kupası Eşleşmeleri,Futbol,Kıta Turnuvası,Kıta Üstü,Global Elit,Erkek,Kulüp,Takım Sporu,Avrupa,Uluslararası,Türk Takımı Var,TV+ Var,Yıllık,Turnuva,Kanal/Yayın,İzleme,Maç,Jenerik,İngilizce,Body,h2h_kanal,Çekirdek,,,,,,,hayir,,,,,,,,,,,,,hayır
trabzonspor kairat saat kaçta,Avrupa Kupası Eşleşmeleri,Futbol,Kıta Turnuvası,Kıta Üstü,Global Elit,Erkek,Kulüp,Takım Sporu,Avrupa,Uluslararası,Türk Takımı Var,TV+ Var,Yıllık,Turnuva,Takvim/Saat,Bilgi,Maç,Jenerik,Türkçe,Body,h2h_saat,Çekirdek,,,,,,,hayir,,,,,,,,,,,,,hayır
trabzonspor kairat maçı ne zaman,Avrupa Kupası Eşleşmeleri,Futbol,Kıta Turnuvası,Kıta Üstü,Global Elit,Erkek,Kulüp,Takım Sporu,Avrupa,Uluslararası,Türk Takımı Var,TV+ Var,Yıllık,Turnuva,Takvim/Saat,Bilgi,Maç,Jenerik,Türkçe,Long-tail,h2h_nezaman,Çekirdek,,,,,,,hayir,,,,,,,,,,,,,hayır
trabzonspor inter turku nerede izlenir,Avrupa Kupası Eşleşmeleri,Futbol,Kıta Turnuvası,Kıta Üstü,Global Elit,Erkek,Kulüp,Takım Sporu,Avrupa,Uluslararası,Türk Takımı Var,TV+ Var,Yıllık,Turnuva,Kanal/Yayın,İzleme,Maç,Jenerik,İngilizce,Long-tail,nerede_izlenir,Çekirdek,,,,,,,hayir,,,,,,,,,,,,,hayır
trabzonspor inter turku canlı izle,Avrupa Kupası Eşleşmeleri,Futbol,Kıta Turnuvası,Kıta Üstü,Global Elit,Erkek,Kulüp,Takım Sporu,Avrupa,Uluslararası,Türk Takımı Var,TV+ Var,Yıllık,Turnuva,Canlı İzle,İzleme,Maç,Jenerik,Türkçe,Long-tail,h2h_izle,Çekirdek,,,,,,,hayir,,,,,,,,,,,,,hayır
trabzonspor inter turku hangi kanalda,Avrupa Kupası Eşleşmeleri,Futbol,Kıta Turnuvası,Kıta Üstü,Global Elit,Erkek,Kulüp,Takım Sporu,Avrupa,Uluslararası,Türk Takımı Var,TV+ Var,Yıllık,Turnuva,Kanal/Yayın,İzleme,Maç,Jenerik,İngilizce,Long-tail,h2h_kanal,Çekirdek,,,,,,,hayir,,,,,,,,,,,,,hayır
trabzonspor inter turku saat kaçta,Avrupa Kupası Eşleşmeleri,Futbol,Kıta Turnuvası,Kıta Üstü,Global Elit,Erkek,Kulüp,Takım Sporu,Avrupa,Uluslararası,Türk Takımı Var,TV+ Var,Yıllık,Turnuva,Takvim/Saat,Bilgi,Maç,Jenerik,Türkçe,Long-tail,h2h_saat,Çekirdek,,,,,,,hayir,,,,,,,,,,,,,hayır
trabzonspor inter turku maçı ne zaman,Avrupa Kupası Eşleşmeleri,Futbol,Kıta Turnuvası,Kıta Üstü,Global Elit,Erkek,Kulüp,Takım Sporu,Avrupa,Uluslararası,Türk Takımı Var,TV+ Var,Yıllık,Turnuva,Takvim/Saat,Bilgi,Maç,Jenerik,Türkçe,Long-tail,h2h_nezaman,Çekirdek,,,,,,,hayir,,,,,,,,,,,,,hayır
trabzonspor union saint-gilloise nerede izlenir,Avrupa Kupası Eşleşmeleri,Futbol,Kıta Turnuvası,Kıta Üstü,Global Elit,Erkek,Kulüp,Takım Sporu,Avrupa,Uluslararası,Türk Takımı Var,TV+ Var,Yıllık,Turnuva,Kanal/Yayın,İzleme,Maç,Jenerik,İngilizce,Long-tail,nerede_izlenir,Çekirdek,,,,,,,hayir,,,,,,,,,,,,,hayır
trabzonspor union saint-gilloise canlı izle,Avrupa Kupası Eşleşmeleri,Futbol,Kıta Turnuvası,Kıta Üstü,Global Elit,Erkek,Kulüp,Takım Sporu,Avrupa,Uluslararası,Türk Takımı Var,TV+ Var,Yıllık,Turnuva,Canlı İzle,İzleme,Maç,Jenerik,Türkçe,Long-tail,h2h_izle,Çekirdek,,,,,,,hayir,,,,,,,,,,,,,hayır
trabzonspor union saint-gilloise hangi kanalda,Avrupa Kupası Eşleşmeleri,Futbol,Kıta Turnuvası,Kıta Üstü,Global Elit,Erkek,Kulüp,Takım Sporu,Avrupa,Uluslararası,Türk Takımı Var,TV+ Var,Yıllık,Turnuva,Kanal/Yayın,İzleme,Maç,Jenerik,İngilizce,Long-tail,h2h_kanal,Çekirdek,,,,,,,hayir,,,,,,,,,,,,,hayır
trabzonspor union saint-gilloise saat kaçta,Avrupa Kupası Eşleşmeleri,Futbol,Kıta Turnuvası,Kıta Üstü,Global Elit,Erkek,Kulüp,Takım Sporu,Avrupa,Uluslararası,Türk Takımı Var,TV+ Var,Yıllık,Turnuva,Takvim/Saat,Bilgi,Maç,Jenerik,Türkçe,Long-tail,h2h_saat,Çekirdek,,,,,,,hayir,,,,,,,,,,,,,hayır
trabzonspor union saint-gilloise maçı ne zaman,Avrupa Kupası Eşleşmeleri,Futbol,Kıta Turnuvası,Kıta Üstü,Global Elit,Erkek,Kulüp,Takım Sporu,Avrupa,Uluslararası,Türk Takımı Var,TV+ Var,Yıllık,Turnuva,Takvim/Saat,Bilgi,Maç,Jenerik,Türkçe,Long-tail,h2h_nezaman,Çekirdek,,,,,,,hayir,,,,,,,,,,,,,hayır
trabzonspor lyon nerede izlenir,Avrupa Kupası Eşleşmeleri,Futbol,Kıta Turnuvası,Kıta Üstü,Global Elit,Erkek,Kulüp,Takım Sporu,Avrupa,Uluslararası,Türk Takımı Var,TV+ Var,Yıllık,Turnuva,Kanal/Yayın,İzleme,Maç,Jenerik,İngilizce,Body,nerede_izlenir,Çekirdek,,,,,,,hayir,,,,,,,,,,,,,hayır
trabzonspor lyon canlı izle,Avrupa Kupası Eşleşmeleri,Futbol,Kıta Turnuvası,Kıta Üstü,Global Elit,Erkek,Kulüp,Takım Sporu,Avrupa,Uluslararası,Türk Takımı Var,TV+ Var,Yıllık,Turnuva,Canlı İzle,İzleme,Maç,Jenerik,Türkçe,Body,h2h_izle,Çekirdek,,,,,,,hayir,,,,,,,,,,,,,hayır
trabzonspor lyon hangi kanalda,Avrupa Kupası Eşleşmeleri,Futbol,Kıta Turnuvası,Kıta Üstü,Global Elit,Erkek,Kulüp,Takım Sporu,Avrupa,Uluslararası,Türk Takımı Var,TV+ Var,Yıllık,Turnuva,Kanal/Yayın,İzleme,Maç,Jenerik,İngilizce,Body,h2h_kanal,Çekirdek,,,,,,,hayir,,,,,,,,,,,,,hayır
trabzonspor lyon saat kaçta,Avrupa Kupası Eşleşmeleri,Futbol,Kıta Turnuvası,Kıta Üstü,Global Elit,Erkek,Kulüp,Takım Sporu,Avrupa,Uluslararası,Türk Takımı Var,TV+ Var,Yıllık,Turnuva,Takvim/Saat,Bilgi,Maç,Jenerik,Türkçe,Body,h2h_saat,Çekirdek,,,,,,,hayir,,,,,,,,,,,,,hayır
trabzonspor lyon maçı ne zaman,Avrupa Kupası Eşleşmeleri,Futbol,Kıta Turnuvası,Kıta Üstü,Global Elit,Erkek,Kulüp,Takım Sporu,Avrupa,Uluslararası,Türk Takımı Var,TV+ Var,Yıllık,Turnuva,Takvim/Saat,Bilgi,Maç,Jenerik,Türkçe,Long-tail,h2h_nezaman,Çekirdek,,,,,,,hayir,,,,,,,,,,,,,hayır
trabzonspor freiburg nerede izlenir,Avrupa Kupası Eşleşmeleri,Futbol,Kıta Turnuvası,Kıta Üstü,Global Elit,Erkek,Kulüp,Takım Sporu,Avrupa,Uluslararası,Türk Takımı Var,TV+ Var,Yıllık,Turnuva,Kanal/Yayın,İzleme,Maç,Jenerik,İngilizce,Body,nerede_izlenir,Çekirdek,,,,,,,hayir,,,,,,,,,,,,,hayır
trabzonspor freiburg canlı izle,Avrupa Kupası Eşleşmeleri,Futbol,Kıta Turnuvası,Kıta Üstü,Global Elit,Erkek,Kulüp,Takım Sporu,Avrupa,Uluslararası,Türk Takımı Var,TV+ Var,Yıllık,Turnuva,Canlı İzle,İzleme,Maç,Jenerik,Türkçe,Body,h2h_izle,Çekirdek,,,,,,,hayir,,,,,,,,,,,,,hayır
trabzonspor freiburg hangi kanalda,Avrupa Kupası Eşleşmeleri,Futbol,Kıta Turnuvası,Kıta Üstü,Global Elit,Erkek,Kulüp,Takım Sporu,Avrupa,Uluslararası,Türk Takımı Var,TV+ Var,Yıllık,Turnuva,Kanal/Yayın,İzleme,Maç,Jenerik,İngilizce,Body,h2h_kanal,Çekirdek,,,,,,,hayir,,,,,,,,,,,,,hayır
trabzonspor freiburg saat kaçta,Avrupa Kupası Eşleşmeleri,Futbol,Kıta Turnuvası,Kıta Üstü,Global Elit,Erkek,Kulüp,Takım Sporu,Avrupa,Uluslararası,Türk Takımı Var,TV+ Var,Yıllık,Turnuva,Takvim/Saat,Bilgi,Maç,Jenerik,Türkçe,Body,h2h_saat,Çekirdek,,,,,,,hayir,,,,,,,,,,,,,hayır
trabzonspor freiburg maçı ne zaman,Avrupa Kupası Eşleşmeleri,Futbol,Kıta Turnuvası,Kıta Üstü,Global Elit,Erkek,Kulüp,Takım Sporu,Avrupa,Uluslararası,Türk Takımı Var,TV+ Var,Yıllık,Turnuva,Takvim/Saat,Bilgi,Maç,Jenerik,Türkçe,Long-tail,h2h_nezaman,Çekirdek,,,,,,,hayir,,,,,,,,,,,,,hayır
galatasaray fenerbahçe nerede izlenir,Süper Lig,Futbol,Lig,1. Seviye,Global Elit,Erkek,Kulüp,Takım Sporu,Türkiye,Yerli,Türk Takımı Var,TV+ Yok,Yıllık,Sürekli Lig,Kanal/Yayın,İzleme,Maç,Jenerik,Türkçe,Body,nerede_izlenir,Çekirdek,49500,LOW,6,0.22,0.06,0.27,evet,,140,880,201000,2900,2400,301000,14800,880,320,210,320,hayır
galatasaray fenerbahçe canlı izle,Süper Lig,Futbol,Lig,1. Seviye,Global Elit,Erkek,Kulüp,Takım Sporu,Türkiye,Yerli,Türk Takımı Var,TV+ Yok,Yıllık,Sürekli Lig,Canlı İzle,İzleme,Maç,Jenerik,Türkçe,Body,h2h_izle,Çekirdek,14800,LOW,3,,,,evet,,70,590,90500,210,210,14800,60500,320,170,140,110,hayır
galatasaray fenerbahçe hangi kanalda,Süper Lig,Futbol,Lig,1. Seviye,Global Elit,Erkek,Kulüp,Takım Sporu,Türkiye,Yerli,Türk Takımı Var,TV+ Yok,Yıllık,Sürekli Lig,Kanal/Yayın,İzleme,Maç,Jenerik,Türkçe,Body,h2h_kanal,Çekirdek,33100,LOW,4,0.17,0.11,0.3,evet,,110,1000,135000,720,590,165000,49500,4400,1000,210,210,hayır
galatasaray fenerbahçe saat kaçta,Süper Lig,Futbol,Lig,1. Seviye,Global Elit,Erkek,Kulüp,Takım Sporu,Türkiye,Yerli,Türk Takımı Var,TV+ Yok,Yıllık,Sürekli Lig,Takvim/Saat,Bilgi,Maç,Jenerik,Türkçe,Body,h2h_saat,Çekirdek,1900,LOW,2,,,,evet,,10,210,8100,140,140,8100,5400,590,30,30,20,hayır
galatasaray fenerbahçe maçı ne zaman,Süper Lig,Futbol,Lig,1. Seviye,Global Elit,Erkek,Kulüp,Takım Sporu,Türkiye,Yerli,Türk Takımı Var,TV+ Yok,Yıllık,Sürekli Lig,Takvim/Saat,Bilgi,Maç,Jenerik,Türkçe,Long-tail,h2h_nezaman,Çekirdek,60500,LOW,2,0.44,0.04,0.26,evet,,2400,12100,246000,33100,33100,135000,110000,135000,22200,18100,9900,hayır
galatasaray beşiktaş nerede izlenir,Süper Lig,Futbol,Lig,1. Seviye,Global Elit,Erkek,Kulüp,Takım Sporu,Türkiye,Yerli,Türk Takımı Var,TV+ Yok,Yıllık,Sürekli Lig,Kanal/Yayın,İzleme,Maç,Jenerik,Türkçe,Body,nerede_izlenir,Çekirdek,74000,LOW,6,,,,evet,,10,30,50,2400,320,480,720,1300,823000,14800,1000,hayır
galatasaray beşiktaş canlı izle,Süper Lig,Futbol,Lig,1. Seviye,Global Elit,Erkek,Kulüp,Takım Sporu,Türkiye,Yerli,Türk Takımı Var,TV+ Yok,Yıllık,Sürekli Lig,Canlı İzle,İzleme,Maç,Jenerik,Türkçe,Body,h2h_izle,Çekirdek,8100,LOW,1,0.4,,,evet,,20,140,110,27100,50,90,140,210,74000,140,90,hayır
galatasaray beşiktaş hangi kanalda,Süper Lig,Futbol,Lig,1. Seviye,Global Elit,Erkek,Kulüp,Takım Sporu,Türkiye,Yerli,Türk Takımı Var,TV+ Yok,Yıllık,Sürekli Lig,Kanal/Yayın,İzleme,Maç,Jenerik,Türkçe,Body,h2h_kanal,Çekirdek,6600,LOW,1,,,,evet,,10,590,140,22200,170,320,140,140,60500,1000,90,hayır
galatasaray beşiktaş saat kaçta,Süper Lig,Futbol,Lig,1. Seviye,Global Elit,Erkek,Kulüp,Takım Sporu,Türkiye,Yerli,Türk Takımı Var,TV+ Yok,Yıllık,Sürekli Lig,Takvim/Saat,Bilgi,Maç,Jenerik,Türkçe,Body,h2h_saat,Çekirdek,720,LOW,0,,,,evet,,10,20,50,1900,50,40,50,90,5400,20,30,hayır
galatasaray beşiktaş maçı ne zaman,Süper Lig,Futbol,Lig,1. Seviye,Global Elit,Erkek,Kulüp,Takım Sporu,Türkiye,Yerli,Türk Takımı Var,TV+ Yok,Yıllık,Sürekli Lig,Takvim/Saat,Bilgi,Maç,Jenerik,Türkçe,Long-tail,h2h_nezaman,Çekirdek,18100,LOW,2,0.66,0.05,0.37,evet,,720,4400,8100,60500,18100,6600,8100,5400,74000,12100,4400,hayır
galatasaray trabzonspor nerede izlenir,Süper Lig,Futbol,Lig,1. Seviye,Global Elit,Erkek,Kulüp,Takım Sporu,Türkiye,Yerli,Türk Takımı Var,TV+ Yok,Yıllık,Sürekli Lig,Kanal/Yayın,İzleme,Maç,Jenerik,İngilizce,Body,nerede_izlenir,Çekirdek,27100,LOW,4,,,,evet,,10,30,720,110,110,165000,22200,110000,12100,140,70,hayır
galatasaray trabzonspor canlı izle,Süper Lig,Futbol,Lig,1. Seviye,Global Elit,Erkek,Kulüp,Takım Sporu,Türkiye,Yerli,Türk Takımı Var,TV+ Yok,Yıllık,Sürekli Lig,Canlı İzle,İzleme,Maç,Jenerik,Türkçe,Body,h2h_izle,Çekirdek,4400,LOW,0,,,,evet,,10,210,12100,110,90,5400,210,33100,210,50,40,hayır
galatasaray trabzonspor hangi kanalda,Süper Lig,Futbol,Lig,1. Seviye,Global Elit,Erkek,Kulüp,Takım Sporu,Türkiye,Yerli,Türk Takımı Var,TV+ Yok,Yıllık,Sürekli Lig,Kanal/Yayın,İzleme,Maç,Jenerik,İngilizce,Body,h2h_kanal,Çekirdek,14800,LOW,0,,,,evet,,30,320,33100,720,170,90500,5400,40500,5400,90,50,hayır
galatasaray trabzonspor saat kaçta,Süper Lig,Futbol,Lig,1. Seviye,Global Elit,Erkek,Kulüp,Takım Sporu,Türkiye,Yerli,Türk Takımı Var,TV+ Yok,Yıllık,Sürekli Lig,Takvim/Saat,Bilgi,Maç,Jenerik,Türkçe,Body,h2h_saat,Çekirdek,480,LOW,0,,,,evet,,10,40,1000,90,30,1600,260,2900,140,10,10,hayır
galatasaray trabzonspor maçı ne zaman,Süper Lig,Futbol,Lig,1. Seviye,Global Elit,Erkek,Kulüp,Takım Sporu,Türkiye,Yerli,Türk Takımı Var,TV+ Yok,Yıllık,Sürekli Lig,Takvim/Saat,Bilgi,Maç,Jenerik,Türkçe,Long-tail,h2h_nezaman,Çekirdek,8100,LOW,1,,,,evet,,260,1600,33100,18100,1600,9900,9900,14800,12100,590,390,hayır
galatasaray samsunspor nerede izlenir,Süper Lig,Futbol,Lig,1. Seviye,Global Elit,Erkek,Kulüp,Takım Sporu,Türkiye,Yerli,Türk Takımı Var,TV+ Yok,Yıllık,Sürekli Lig,Kanal/Yayın,İzleme,Maç,Jenerik,İngilizce,Body,nerede_izlenir,Çekirdek,5400,LOW,1,,,,evet,,10,110,10,10,20,70,74000,260,110,10,50,hayır
galatasaray samsunspor canlı izle,Süper Lig,Futbol,Lig,1. Seviye,Global Elit,Erkek,Kulüp,Takım Sporu,Türkiye,Yerli,Türk Takımı Var,TV+ Yok,Yıllık,Sürekli Lig,Canlı İzle,İzleme,Maç,Jenerik,Türkçe,Body,h2h_izle,Çekirdek,1600,LOW,6,,,,evet,,10,8100,20,10,40,40,12100,10,10,10,10,hayır
galatasaray samsunspor hangi kanalda,Süper Lig,Futbol,Lig,1. Seviye,Global Elit,Erkek,Kulüp,Takım Sporu,Türkiye,Yerli,Türk Takımı Var,TV+ Yok,Yıllık,Sürekli Lig,Kanal/Yayın,İzleme,Maç,Jenerik,İngilizce,Body,h2h_kanal,Çekirdek,2400,LOW,0,,,,evet,,10,3600,390,30,30,70,22200,70,10,10,20,hayır
galatasaray samsunspor saat kaçta,Süper Lig,Futbol,Lig,1. Seviye,Global Elit,Erkek,Kulüp,Takım Sporu,Türkiye,Yerli,Türk Takımı Var,TV+ Yok,Yıllık,Sürekli Lig,Takvim/Saat,Bilgi,Maç,Jenerik,Türkçe,Body,h2h_saat,Çekirdek,110,LOW,0,,,,evet,,10,390,30,10,10,10,880,10,10,0,10,hayır
galatasaray samsunspor maçı ne zaman,Süper Lig,Futbol,Lig,1. Seviye,Global Elit,Erkek,Kulüp,Takım Sporu,Türkiye,Yerli,Türk Takımı Var,TV+ Yok,Yıllık,Sürekli Lig,Takvim/Saat,Bilgi,Maç,Jenerik,Türkçe,Long-tail,h2h_nezaman,Çekirdek,2900,LOW,2,,,,evet,,70,18100,8100,320,210,210,8100,320,210,50,50,hayır
galatasaray başakşehir nerede izlenir,Süper Lig,Futbol,Lig,1. Seviye,Global Elit,Erkek,Kulüp,Takım Sporu,Türkiye,Yerli,Türk Takımı Var,TV+ Yok,Yıllık,Sürekli Lig,Kanal/Yayın,İzleme,Maç,Jenerik,Türkçe,Body,nerede_izlenir,Çekirdek,14800,LOW,1,,,,evet,,30,50,90,74000,110,140,110000,40,390,30,70,hayır
galatasaray başakşehir canlı izle,Süper Lig,Futbol,Lig,1. Seviye,Global Elit,Erkek,Kulüp,Takım Sporu,Türkiye,Yerli,Türk Takımı Var,TV+ Yok,Yıllık,Sürekli Lig,Canlı İzle,İzleme,Maç,Jenerik,Türkçe,Body,h2h_izle,Çekirdek,1900,LOW,0,,,,evet,,10,50,70,12100,10,30,6600,30,5400,10,10,hayır
galatasaray başakşehir hangi kanalda,Süper Lig,Futbol,Lig,1. Seviye,Global Elit,Erkek,Kulüp,Takım Sporu,Türkiye,Yerli,Türk Takımı Var,TV+ Yok,Yıllık,Sürekli Lig,Kanal/Yayın,İzleme,Maç,Jenerik,Türkçe,Body,h2h_kanal,Çekirdek,8100,LOW,6,,,,evet,,10,30,140,27100,70,210,74000,30,4400,20,20,hayır
galatasaray başakşehir saat kaçta,Süper Lig,Futbol,Lig,1. Seviye,Global Elit,Erkek,Kulüp,Takım Sporu,Türkiye,Yerli,Türk Takımı Var,TV+ Yok,Yıllık,Sürekli Lig,Takvim/Saat,Bilgi,Maç,Jenerik,Türkçe,Body,h2h_saat,Çekirdek,320,LOW,0,,,,evet,,0,40,70,2400,20,30,1300,10,390,10,10,hayır
galatasaray başakşehir maçı ne zaman,Süper Lig,Futbol,Lig,1. Seviye,Global Elit,Erkek,Kulüp,Takım Sporu,Türkiye,Yerli,Türk Takımı Var,TV+ Yok,Yıllık,Sürekli Lig,Takvim/Saat,Bilgi,Maç,Jenerik,Türkçe,Long-tail,h2h_nezaman,Çekirdek,5400,LOW,1,,,,evet,,30,590,590,14800,390,480,40500,480,9900,390,390,hayır
fenerbahçe beşiktaş nerede izlenir,Süper Lig,Futbol,Lig,1. Seviye,Global Elit,Erkek,Kulüp,Takım Sporu,Türkiye,Yerli,Türk Takımı Var,TV+ Yok,Yıllık,Sürekli Lig,Kanal/Yayın,İzleme,Maç,Jenerik,Türkçe,Body,nerede_izlenir,Çekirdek,33100,LOW,8,0.17,0.14,0.52,evet,,210,170,165000,8100,720,880,201000,1300,170,170,210,hayır
fenerbahçe beşiktaş canlı izle,Süper Lig,Futbol,Lig,1. Seviye,Global Elit,Erkek,Kulüp,Takım Sporu,Türkiye,Yerli,Türk Takımı Var,TV+ Yok,Yıllık,Sürekli Lig,Canlı İzle,İzleme,Maç,Jenerik,Türkçe,Body,h2h_izle,Çekirdek,5400,LOW,3,,,,evet,,260,110,33100,170,140,170,9900,27100,140,260,880,hayır
fenerbahçe beşiktaş hangi kanalda,Süper Lig,Futbol,Lig,1. Seviye,Global Elit,Erkek,Kulüp,Takım Sporu,Türkiye,Yerli,Türk Takımı Var,TV+ Yok,Yıllık,Sürekli Lig,Kanal/Yayın,İzleme,Maç,Jenerik,Türkçe,Body,h2h_kanal,Çekirdek,18100,LOW,5,,,,evet,,2900,1300,40500,1900,2400,880,165000,9900,320,5400,880,hayır
fenerbahçe beşiktaş saat kaçta,Süper Lig,Futbol,Lig,1. Seviye,Global Elit,Erkek,Kulüp,Takım Sporu,Türkiye,Yerli,Türk Takımı Var,TV+ Yok,Yıllık,Sürekli Lig,Takvim/Saat,Bilgi,Maç,Jenerik,Türkçe,Body,h2h_saat,Çekirdek,720,LOW,2,,,,evet,,30,20,2900,140,50,70,1900,1300,70,40,1600,hayır
fenerbahçe beşiktaş maçı ne zaman,Süper Lig,Futbol,Lig,1. Seviye,Global Elit,Erkek,Kulüp,Takım Sporu,Türkiye,Yerli,Türk Takımı Var,TV+ Yok,Yıllık,Sürekli Lig,Takvim/Saat,Bilgi,Maç,Jenerik,Türkçe,Long-tail,h2h_nezaman,Çekirdek,22200,LOW,2,0.13,0.07,0.32,evet,,3600,2900,49500,33100,9900,8100,90500,22200,22200,3600,8100,hayır
fenerbahçe trabzonspor nerede izlenir,Süper Lig,Futbol,Lig,1. Seviye,Global Elit,Erkek,Kulüp,Takım Sporu,Türkiye,Yerli,Türk Takımı Var,TV+ Yok,Yıllık,Sürekli Lig,Kanal/Yayın,İzleme,Maç,Jenerik,Türkçe,Body,nerede_izlenir,Çekirdek,12100,LOW,3,,,,evet,,10,10,10,20,590,40,50,110,260,135000,720,hayır
fenerbahçe trabzonspor canlı izle,Süper Lig,Futbol,Lig,1. Seviye,Global Elit,Erkek,Kulüp,Takım Sporu,Türkiye,Yerli,Türk Takımı Var,TV+ Yok,Yıllık,Sürekli Lig,Canlı İzle,İzleme,Maç,Jenerik,Türkçe,Body,h2h_izle,Çekirdek,2900,LOW,0,,,,evet,,10,20,90,110,14800,70,20,90,90,22200,30,hayır
fenerbahçe trabzonspor hangi kanalda,Süper Lig,Futbol,Lig,1. Seviye,Global Elit,Erkek,Kulüp,Takım Sporu,Türkiye,Yerli,Türk Takımı Var,TV+ Yok,Yıllık,Sürekli Lig,Kanal/Yayın,İzleme,Maç,Jenerik,Türkçe,Body,h2h_kanal,Çekirdek,2400,LOW,4,,,,evet,,10,20,210,170,8100,320,70,170,110,18100,70,hayır
fenerbahçe trabzonspor saat kaçta,Süper Lig,Futbol,Lig,1. Seviye,Global Elit,Erkek,Kulüp,Takım Sporu,Türkiye,Yerli,Türk Takımı Var,TV+ Yok,Yıllık,Sürekli Lig,Takvim/Saat,Bilgi,Maç,Jenerik,Türkçe,Body,h2h_saat,Çekirdek,320,LOW,0,,,,evet,,10,10,40,40,1300,70,30,70,40,2400,50,hayır
fenerbahçe trabzonspor maçı ne zaman,Süper Lig,Futbol,Lig,1. Seviye,Global Elit,Erkek,Kulüp,Takım Sporu,Türkiye,Yerli,Türk Takımı Var,TV+ Yok,Yıllık,Sürekli Lig,Takvim/Saat,Bilgi,Maç,Jenerik,Türkçe,Long-tail,h2h_nezaman,Çekirdek,2400,LOW,0,,,,evet,,170,480,1300,1300,8100,1900,1300,720,720,14800,720,hayır
fenerbahçe samsunspor nerede izlenir,Süper Lig,Futbol,Lig,1. Seviye,Global Elit,Erkek,Kulüp,Takım Sporu,Türkiye,Yerli,Türk Takımı Var,TV+ Yok,Yıllık,Sürekli Lig,Kanal/Yayın,İzleme,Maç,Jenerik,Türkçe,Body,nerede_izlenir,Çekirdek,12100,LOW,20,0.32,,,evet,,10,20,40,60500,140,60500,6600,210,170,10,30,hayır
fenerbahçe samsunspor canlı izle,Süper Lig,Futbol,Lig,1. Seviye,Global Elit,Erkek,Kulüp,Takım Sporu,Türkiye,Yerli,Türk Takımı Var,TV+ Yok,Yıllık,Sürekli Lig,Canlı İzle,İzleme,Maç,Jenerik,Türkçe,Body,h2h_izle,Çekirdek,880,LOW,0,,,,evet,,10,20,10,6600,20,2400,40,30,2400,10,10,hayır
fenerbahçe samsunspor hangi kanalda,Süper Lig,Futbol,Lig,1. Seviye,Global Elit,Erkek,Kulüp,Takım Sporu,Türkiye,Yerli,Türk Takımı Var,TV+ Yok,Yıllık,Sürekli Lig,Kanal/Yayın,İzleme,Maç,Jenerik,Türkçe,Body,h2h_kanal,Çekirdek,8100,LOW,10,,,,evet,,20,20,50,14800,170,74000,1300,30,1900,10,10,hayır
fenerbahçe samsunspor saat kaçta,Süper Lig,Futbol,Lig,1. Seviye,Global Elit,Erkek,Kulüp,Takım Sporu,Türkiye,Yerli,Türk Takımı Var,TV+ Yok,Yıllık,Sürekli Lig,Takvim/Saat,Bilgi,Maç,Jenerik,Türkçe,Body,h2h_saat,Çekirdek,170,,,,,,evet,,10,10,20,590,20,1000,90,20,140,10,10,hayır
fenerbahçe samsunspor maçı ne zaman,Süper Lig,Futbol,Lig,1. Seviye,Global Elit,Erkek,Kulüp,Takım Sporu,Türkiye,Yerli,Türk Takımı Var,TV+ Yok,Yıllık,Sürekli Lig,Takvim/Saat,Bilgi,Maç,Jenerik,Türkçe,Long-tail,h2h_nezaman,Çekirdek,1900,LOW,1,,,,evet,,20,110,110,3600,320,18100,1600,480,880,90,70,hayır
fenerbahçe başakşehir nerede izlenir,Süper Lig,Futbol,Lig,1. Seviye,Global Elit,Erkek,Kulüp,Takım Sporu,Türkiye,Yerli,Türk Takımı Var,TV+ Yok,Yıllık,Sürekli Lig,Kanal/Yayın,İzleme,Maç,Jenerik,Türkçe,Body,nerede_izlenir,Çekirdek,2900,LOW,6,,,,evet,,20,33100,1600,50,40,20,260,10,10,10,10,hayır
fenerbahçe başakşehir canlı izle,Süper Lig,Futbol,Lig,1. Seviye,Global Elit,Erkek,Kulüp,Takım Sporu,Türkiye,Yerli,Türk Takımı Var,TV+ Yok,Yıllık,Sürekli Lig,Canlı İzle,İzleme,Maç,Jenerik,Türkçe,Body,h2h_izle,Çekirdek,590,LOW,0,,,,evet,,10,3600,10,10,10,20,3600,10,10,10,10,hayır
fenerbahçe başakşehir hangi kanalda,Süper Lig,Futbol,Lig,1. Seviye,Global Elit,Erkek,Kulüp,Takım Sporu,Türkiye,Yerli,Türk Takımı Var,TV+ Yok,Yıllık,Sürekli Lig,Kanal/Yayın,İzleme,Maç,Jenerik,Türkçe,Body,h2h_kanal,Çekirdek,880,LOW,0,,,,evet,,10,9900,480,10,20,30,1900,10,10,10,10,hayır
fenerbahçe başakşehir saat kaçta,Süper Lig,Futbol,Lig,1. Seviye,Global Elit,Erkek,Kulüp,Takım Sporu,Türkiye,Yerli,Türk Takımı Var,TV+ Yok,Yıllık,Sürekli Lig,Takvim/Saat,Bilgi,Maç,Jenerik,Türkçe,Body,h2h_saat,Çekirdek,40,LOW,0,,,,evet,,10,210,20,10,20,10,260,0,10,10,10,hayır
fenerbahçe başakşehir maçı ne zaman,Süper Lig,Futbol,Lig,1. Seviye,Global Elit,Erkek,Kulüp,Takım Sporu,Türkiye,Yerli,Türk Takımı Var,TV+ Yok,Yıllık,Sürekli Lig,Takvim/Saat,Bilgi,Maç,Jenerik,Türkçe,Long-tail,h2h_nezaman,Çekirdek,1000,LOW,0,,,,evet,,30,4400,2400,170,210,140,5400,210,90,90,90,hayır
beşiktaş trabzonspor nerede izlenir,Süper Lig,Futbol,Lig,1. Seviye,Global Elit,Erkek,Kulüp,Takım Sporu,Türkiye,Yerli,Türk Takımı Var,TV+ Yok,Yıllık,Sürekli Lig,Kanal/Yayın,İzleme,Maç,Jenerik,Türkçe,Body,nerede_izlenir,Çekirdek,2400,LOW,5,,,,evet,,20,27100,480,170,110,50,880,20,90,10,30,hayır
beşiktaş trabzonspor canlı izle,Süper Lig,Futbol,Lig,1. Seviye,Global Elit,Erkek,Kulüp,Takım Sporu,Türkiye,Yerli,Türk Takımı Var,TV+ Yok,Yıllık,Sürekli Lig,Canlı İzle,İzleme,Maç,Jenerik,Türkçe,Body,h2h_izle,Çekirdek,1000,LOW,3,,,,evet,,10,5400,50,40,10,20,6600,50,10,10,10,hayır
beşiktaş trabzonspor hangi kanalda,Süper Lig,Futbol,Lig,1. Seviye,Global Elit,Erkek,Kulüp,Takım Sporu,Türkiye,Yerli,Türk Takımı Var,TV+ Yok,Yıllık,Sürekli Lig,Kanal/Yayın,İzleme,Maç,Jenerik,Türkçe,Body,h2h_kanal,Çekirdek,1300,LOW,4,,,,evet,,20,12100,110,260,20,20,3600,110,10,10,10,hayır
beşiktaş trabzonspor saat kaçta,Süper Lig,Futbol,Lig,1. Seviye,Global Elit,Erkek,Kulüp,Takım Sporu,Türkiye,Yerli,Türk Takımı Var,TV+ Yok,Yıllık,Sürekli Lig,Takvim/Saat,Bilgi,Maç,Jenerik,Türkçe,Body,h2h_saat,Çekirdek,70,,,,,,evet,,0,260,70,20,10,10,390,30,10,10,10,hayır
beşiktaş trabzonspor maçı ne zaman,Süper Lig,Futbol,Lig,1. Seviye,Global Elit,Erkek,Kulüp,Takım Sporu,Türkiye,Yerli,Türk Takımı Var,TV+ Yok,Yıllık,Sürekli Lig,Takvim/Saat,Bilgi,Maç,Jenerik,Türkçe,Long-tail,h2h_nezaman,Çekirdek,1900,LOW,2,,,,evet,,50,3600,2400,880,720,480,14800,1300,390,210,140,hayır
beşiktaş samsunspor nerede izlenir,Süper Lig,Futbol,Lig,1. Seviye,Global Elit,Erkek,Kulüp,Takım Sporu,Türkiye,Yerli,Türk Takımı Var,TV+ Yok,Yıllık,Sürekli Lig,Kanal/Yayın,İzleme,Maç,Jenerik,Türkçe,Body,nerede_izlenir,Çekirdek,1600,LOW,29,,,,evet,,0,10,50,10,10,10,20,18100,70,20,40,hayır
beşiktaş samsunspor canlı izle,Süper Lig,Futbol,Lig,1. Seviye,Global Elit,Erkek,Kulüp,Takım Sporu,Türkiye,Yerli,Türk Takımı Var,TV+ Yok,Yıllık,Sürekli Lig,Canlı İzle,İzleme,Maç,Jenerik,Türkçe,Body,h2h_izle,Çekirdek,210,,,,,,evet,,10,10,720,10,10,10,20,1900,0,10,10,hayır
beşiktaş samsunspor hangi kanalda,Süper Lig,Futbol,Lig,1. Seviye,Global Elit,Erkek,Kulüp,Takım Sporu,Türkiye,Yerli,Türk Takımı Var,TV+ Yok,Yıllık,Sürekli Lig,Kanal/Yayın,İzleme,Maç,Jenerik,Türkçe,Body,h2h_kanal,Çekirdek,480,,,,,,evet,,0,10,720,10,10,10,20,4400,10,0,10,hayır
beşiktaş samsunspor saat kaçta,Süper Lig,Futbol,Lig,1. Seviye,Global Elit,Erkek,Kulüp,Takım Sporu,Türkiye,Yerli,Türk Takımı Var,TV+ Yok,Yıllık,Sürekli Lig,Takvim/Saat,Bilgi,Maç,Jenerik,Türkçe,Body,h2h_saat,Çekirdek,70,,,,,,evet,,0,0,140,10,10,10,10,590,10,0,10,hayır
beşiktaş samsunspor maçı ne zaman,Süper Lig,Futbol,Lig,1. Seviye,Global Elit,Erkek,Kulüp,Takım Sporu,Türkiye,Yerli,Türk Takımı Var,TV+ Yok,Yıllık,Sürekli Lig,Takvim/Saat,Bilgi,Maç,Jenerik,Türkçe,Long-tail,h2h_nezaman,Çekirdek,1000,LOW,1,,,,evet,,10,70,2900,70,50,70,140,9900,90,20,20,hayır
beşiktaş başakşehir nerede izlenir,Süper Lig,Futbol,Lig,1. Seviye,Global Elit,Erkek,Kulüp,Takım Sporu,Türkiye,Yerli,Türk Takımı Var,TV+ Yok,Yıllık,Sürekli Lig,Kanal/Yayın,İzleme,Maç,Jenerik,Türkçe,Body,nerede_izlenir,Çekirdek,4400,LOW,10,0.37,,,evet,,10,10,10,10,140,10,10,20,70,49500,260,hayır
beşiktaş başakşehir canlı izle,Süper Lig,Futbol,Lig,1. Seviye,Global Elit,Erkek,Kulüp,Takım Sporu,Türkiye,Yerli,Türk Takımı Var,TV+ Yok,Yıllık,Sürekli Lig,Canlı İzle,İzleme,Maç,Jenerik,Türkçe,Body,h2h_izle,Çekirdek,720,LOW,0,,,,evet,,30,10,20,20,1900,10,10,10,20,6600,20,hayır
beşiktaş başakşehir hangi kanalda,Süper Lig,Futbol,Lig,1. Seviye,Global Elit,Erkek,Kulüp,Takım Sporu,Türkiye,Yerli,Türk Takımı Var,TV+ Yok,Yıllık,Sürekli Lig,Kanal/Yayın,İzleme,Maç,Jenerik,Türkçe,Body,h2h_kanal,Çekirdek,590,LOW,4,,,,evet,,70,10,20,40,880,10,30,10,70,6600,50,hayır
beşiktaş başakşehir saat kaçta,Süper Lig,Futbol,Lig,1. Seviye,Global Elit,Erkek,Kulüp,Takım Sporu,Türkiye,Yerli,Türk Takımı Var,TV+ Yok,Yıllık,Sürekli Lig,Takvim/Saat,Bilgi,Maç,Jenerik,Türkçe,Body,h2h_saat,Çekirdek,40,LOW,0,,,,evet,,10,0,0,10,90,0,10,10,10,390,20,hayır
beşiktaş başakşehir maçı ne zaman,Süper Lig,Futbol,Lig,1. Seviye,Global Elit,Erkek,Kulüp,Takım Sporu,Türkiye,Yerli,Türk Takımı Var,TV+ Yok,Yıllık,Sürekli Lig,Takvim/Saat,Bilgi,Maç,Jenerik,Türkçe,Long-tail,h2h_nezaman,Çekirdek,1300,LOW,0,,,,evet,,170,50,140,170,2400,90,110,110,260,12100,320,hayır
trabzonspor samsunspor nerede izlenir,Süper Lig,Futbol,Lig,1. Seviye,Global Elit,Erkek,Kulüp,Takım Sporu,Türkiye,Yerli,Türk Takımı Var,TV+ Yok,Yıllık,Sürekli Lig,Kanal/Yayın,İzleme,Maç,Jenerik,İngilizce,Body,nerede_izlenir,Çekirdek,1300,,,,,,evet,,0,10,110,10,110,10,10,20,10,260,14800,hayır
trabzonspor samsunspor canlı izle,Süper Lig,Futbol,Lig,1. Seviye,Global Elit,Erkek,Kulüp,Takım Sporu,Türkiye,Yerli,Türk Takımı Var,TV+ Yok,Yıllık,Sürekli Lig,Canlı İzle,İzleme,Maç,Jenerik,Türkçe,Body,h2h_izle,Çekirdek,390,LOW,0,,,,evet,,0,10,590,10,720,10,10,10,10,390,2900,hayır
trabzonspor samsunspor hangi kanalda,Süper Lig,Futbol,Lig,1. Seviye,Global Elit,Erkek,Kulüp,Takım Sporu,Türkiye,Yerli,Türk Takımı Var,TV+ Yok,Yıllık,Sürekli Lig,Kanal/Yayın,İzleme,Maç,Jenerik,İngilizce,Body,h2h_kanal,Çekirdek,390,,,,,,evet,,10,20,2400,30,480,10,10,0,10,70,1900,hayır
trabzonspor samsunspor saat kaçta,Süper Lig,Futbol,Lig,1. Seviye,Global Elit,Erkek,Kulüp,Takım Sporu,Türkiye,Yerli,Türk Takımı Var,TV+ Yok,Yıllık,Sürekli Lig,Takvim/Saat,Bilgi,Maç,Jenerik,Türkçe,Body,h2h_saat,Çekirdek,20,,,,,,evet,,0,10,40,10,30,10,10,10,10,10,140,hayır
trabzonspor samsunspor maçı ne zaman,Süper Lig,Futbol,Lig,1. Seviye,Global Elit,Erkek,Kulüp,Takım Sporu,Türkiye,Yerli,Türk Takımı Var,TV+ Yok,Yıllık,Sürekli Lig,Takvim/Saat,Bilgi,Maç,Jenerik,Türkçe,Long-tail,h2h_nezaman,Çekirdek,880,LOW,0,,,,evet,,10,260,4400,320,1300,170,70,50,70,140,3600,hayır
trabzonspor başakşehir nerede izlenir,Süper Lig,Futbol,Lig,1. Seviye,Global Elit,Erkek,Kulüp,Takım Sporu,Türkiye,Yerli,Türk Takımı Var,TV+ Yok,Yıllık,Sürekli Lig,Kanal/Yayın,İzleme,Maç,Jenerik,Türkçe,Body,nerede_izlenir,Çekirdek,480,LOW,4,,,,evet,,10,10,5400,50,10,10,10,40,0,0,0,hayır
trabzonspor başakşehir canlı izle,Süper Lig,Futbol,Lig,1. Seviye,Global Elit,Erkek,Kulüp,Takım Sporu,Türkiye,Yerli,Türk Takımı Var,TV+ Yok,Yıllık,Sürekli Lig,Canlı İzle,İzleme,Maç,Jenerik,Türkçe,Body,h2h_izle,Çekirdek,480,LOW,0,,,,evet,,10,30,4400,480,10,10,10,1000,10,10,10,hayır
trabzonspor başakşehir hangi kanalda,Süper Lig,Futbol,Lig,1. Seviye,Global Elit,Erkek,Kulüp,Takım Sporu,Türkiye,Yerli,Türk Takımı Var,TV+ Yok,Yıllık,Sürekli Lig,Kanal/Yayın,İzleme,Maç,Jenerik,Türkçe,Body,h2h_kanal,Çekirdek,260,,,,,,evet,,0,10,1000,1600,10,10,10,320,0,10,10,hayır
trabzonspor başakşehir saat kaçta,Süper Lig,Futbol,Lig,1. Seviye,Global Elit,Erkek,Kulüp,Takım Sporu,Türkiye,Yerli,Türk Takımı Var,TV+ Yok,Yıllık,Sürekli Lig,Takvim/Saat,Bilgi,Maç,Jenerik,Türkçe,Body,h2h_saat,Çekirdek,10,LOW,5,,,,evet,,0,10,90,10,0,0,0,20,0,0,10,hayır
trabzonspor başakşehir maçı ne zaman,Süper Lig,Futbol,Lig,1. Seviye,Global Elit,Erkek,Kulüp,Takım Sporu,Türkiye,Yerli,Türk Takımı Var,TV+ Yok,Yıllık,Sürekli Lig,Takvim/Saat,Bilgi,Maç,Jenerik,Türkçe,Long-tail,h2h_nezaman,Çekirdek,1000,LOW,1,,,,evet,,10,170,6600,2400,170,50,140,1600,40,30,30,hayır
samsunspor başakşehir nerede izlenir,Süper Lig,Futbol,Lig,1. Seviye,Global Elit,Erkek,Kulüp,Takım Sporu,Türkiye,Yerli,Türk Takımı Var,TV+ Yok,Yıllık,Sürekli Lig,Kanal/Yayın,İzleme,Maç,Jenerik,Türkçe,Body,nerede_izlenir,Çekirdek,210,,,,,,evet,,0,10,10,0,0,10,2400,10,0,10,10,hayır
samsunspor başakşehir canlı izle,Süper Lig,Futbol,Lig,1. Seviye,Global Elit,Erkek,Kulüp,Takım Sporu,Türkiye,Yerli,Türk Takımı Var,TV+ Yok,Yıllık,Sürekli Lig,Canlı İzle,İzleme,Maç,Jenerik,Türkçe,Body,h2h_izle,Çekirdek,20,,,,,,evet,,0,30,0,0,10,10,210,0,0,0,0,hayır
samsunspor başakşehir hangi kanalda,Süper Lig,Futbol,Lig,1. Seviye,Global Elit,Erkek,Kulüp,Takım Sporu,Türkiye,Yerli,Türk Takımı Var,TV+ Yok,Yıllık,Sürekli Lig,Kanal/Yayın,İzleme,Maç,Jenerik,Türkçe,Body,h2h_kanal,Çekirdek,70,,,,,,evet,,0,50,0,10,0,0,720,0,0,0,0,hayır
samsunspor başakşehir saat kaçta,Süper Lig,Futbol,Lig,1. Seviye,Global Elit,Erkek,Kulüp,Takım Sporu,Türkiye,Yerli,Türk Takımı Var,TV+ Yok,Yıllık,Sürekli Lig,Takvim/Saat,Bilgi,Maç,Jenerik,Türkçe,Body,h2h_saat,Çekirdek,,,,,,,hayir,,,,,,,,,,,,,hayır
samsunspor başakşehir maçı ne zaman,Süper Lig,Futbol,Lig,1. Seviye,Global Elit,Erkek,Kulüp,Takım Sporu,Türkiye,Yerli,Türk Takımı Var,TV+ Yok,Yıllık,Sürekli Lig,Takvim/Saat,Bilgi,Maç,Jenerik,Türkçe,Long-tail,h2h_nezaman,Çekirdek,50,LOW,0,,,,evet,,10,70,20,10,10,10,480,10,10,10,10,hayır
türkiye ispanya nerede izlenir,A Milli Futbol Takımı,Futbol,Milli,Milli,Global Elit,Erkek,Milli Takım,Takım Sporu,Türkiye,Yerli,Türk Takımı Var,TV+ Yok,Sürekli,Turnuva,Kanal/Yayın,İzleme,Maç,Jenerik,Türkçe,Body,nerede_izlenir,Çekirdek,320,LOW,6,,,,evet,,0,10,0,10,0,10,10,170,10,3600,10,hayır
türkiye ispanya canlı izle,A Milli Futbol Takımı,Futbol,Milli,Milli,Global Elit,Erkek,Milli Takım,Takım Sporu,Türkiye,Yerli,Türk Takımı Var,TV+ Yok,Sürekli,Turnuva,Canlı İzle,İzleme,Maç,Jenerik,Türkçe,Body,h2h_izle,Çekirdek,4400,LOW,5,,,,evet,,10,10,0,40,10,10,20,4400,110,49500,110,hayır
türkiye ispanya hangi kanalda,A Milli Futbol Takımı,Futbol,Milli,Milli,Global Elit,Erkek,Milli Takım,Takım Sporu,Türkiye,Yerli,Türk Takımı Var,TV+ Yok,Sürekli,Turnuva,Kanal/Yayın,İzleme,Maç,Jenerik,Türkçe,Body,h2h_kanal,Çekirdek,22200,LOW,4,,,,evet,,30,10,20,90,30,30,70,27100,720,246000,720,hayır
türkiye ispanya saat kaçta,A Milli Futbol Takımı,Futbol,Milli,Milli,Global Elit,Erkek,Milli Takım,Takım Sporu,Türkiye,Yerli,Türk Takımı Var,TV+ Yok,Sürekli,Turnuva,Takvim/Saat,Bilgi,Maç,Jenerik,Türkçe,Body,h2h_saat,Çekirdek,480,LOW,0,,,,evet,,20,10,10,40,10,10,20,880,70,4400,50,hayır
türkiye ispanya maçı ne zaman,A Milli Futbol Takımı,Futbol,Milli,Milli,Global Elit,Erkek,Milli Takım,Takım Sporu,Türkiye,Yerli,Türk Takımı Var,TV+ Yok,Sürekli,Turnuva,Takvim/Saat,Bilgi,Maç,Jenerik,Türkçe,Long-tail,h2h_nezaman,Çekirdek,27100,LOW,1,,,,evet,,480,210,390,1600,480,480,1300,90500,18100,201000,14800,hayır
türkiye portekiz nerede izlenir,A Milli Futbol Takımı,Futbol,Milli,Milli,Global Elit,Erkek,Milli Takım,Takım Sporu,Türkiye,Yerli,Türk Takımı Var,TV+ Yok,Sürekli,Turnuva,Kanal/Yayın,İzleme,Maç,Jenerik,Türkçe,Body,nerede_izlenir,Çekirdek,0,,,,,,evet,,0,0,0,0,0,0,0,0,0,0,0,hayır
türkiye portekiz canlı izle,A Milli Futbol Takımı,Futbol,Milli,Milli,Global Elit,Erkek,Milli Takım,Takım Sporu,Türkiye,Yerli,Türk Takımı Var,TV+ Yok,Sürekli,Turnuva,Canlı İzle,İzleme,Maç,Jenerik,Türkçe,Body,h2h_izle,Çekirdek,30,LOW,7,,,,evet,,10,10,10,10,0,10,0,10,10,30,320,hayır
türkiye portekiz hangi kanalda,A Milli Futbol Takımı,Futbol,Milli,Milli,Global Elit,Erkek,Milli Takım,Takım Sporu,Türkiye,Yerli,Türk Takımı Var,TV+ Yok,Sürekli,Turnuva,Kanal/Yayın,İzleme,Maç,Jenerik,Türkçe,Body,h2h_kanal,Çekirdek,170,LOW,0,,,,evet,,10,10,10,10,10,0,10,10,10,110,1900,hayır
türkiye portekiz saat kaçta,A Milli Futbol Takımı,Futbol,Milli,Milli,Global Elit,Erkek,Milli Takım,Takım Sporu,Türkiye,Yerli,Türk Takımı Var,TV+ Yok,Sürekli,Turnuva,Takvim/Saat,Bilgi,Maç,Jenerik,Türkçe,Body,h2h_saat,Çekirdek,10,LOW,0,,,,evet,,10,10,10,0,10,10,10,10,10,20,110,hayır
türkiye portekiz maçı ne zaman,A Milli Futbol Takımı,Futbol,Milli,Milli,Global Elit,Erkek,Milli Takım,Takım Sporu,Türkiye,Yerli,Türk Takımı Var,TV+ Yok,Sürekli,Turnuva,Takvim/Saat,Bilgi,Maç,Jenerik,Türkçe,Long-tail,h2h_nezaman,Çekirdek,480,LOW,1,,,,evet,,880,170,320,390,170,260,320,720,480,1000,1000,hayır
türkiye fransa nerede izlenir,A Milli Futbol Takımı,Futbol,Milli,Milli,Global Elit,Erkek,Milli Takım,Takım Sporu,Türkiye,Yerli,Türk Takımı Var,TV+ Yok,Sürekli,Turnuva,Kanal/Yayın,İzleme,Maç,Jenerik,Türkçe,Body,nerede_izlenir,Çekirdek,,,,,,,hayir,,,,,,,,,,,,,hayır
türkiye fransa canlı izle,A Milli Futbol Takımı,Futbol,Milli,Milli,Global Elit,Erkek,Milli Takım,Takım Sporu,Türkiye,Yerli,Türk Takımı Var,TV+ Yok,Sürekli,Turnuva,Canlı İzle,İzleme,Maç,Jenerik,Türkçe,Body,h2h_izle,Çekirdek,10,LOW,5,,,,evet,,50,0,0,10,0,0,0,0,0,10,0,hayır
türkiye fransa hangi kanalda,A Milli Futbol Takımı,Futbol,Milli,Milli,Global Elit,Erkek,Milli Takım,Takım Sporu,Türkiye,Yerli,Türk Takımı Var,TV+ Yok,Sürekli,Turnuva,Kanal/Yayın,İzleme,Maç,Jenerik,Türkçe,Body,h2h_kanal,Çekirdek,90,LOW,3,,,,evet,,320,20,20,390,50,0,10,10,0,30,10,hayır
türkiye fransa saat kaçta,A Milli Futbol Takımı,Futbol,Milli,Milli,Global Elit,Erkek,Milli Takım,Takım Sporu,Türkiye,Yerli,Türk Takımı Var,TV+ Yok,Sürekli,Turnuva,Takvim/Saat,Bilgi,Maç,Jenerik,Türkçe,Body,h2h_saat,Çekirdek,10,LOW,0,,,,evet,,20,10,10,20,10,0,10,0,0,10,10,hayır
türkiye fransa maçı ne zaman,A Milli Futbol Takımı,Futbol,Milli,Milli,Global Elit,Erkek,Milli Takım,Takım Sporu,Türkiye,Yerli,Türk Takımı Var,TV+ Yok,Sürekli,Turnuva,Takvim/Saat,Bilgi,Maç,Jenerik,Türkçe,Long-tail,h2h_nezaman,Çekirdek,1900,LOW,2,0.16,0.02,0.24,evet,,8100,1000,1600,4400,2400,70,50,170,110,320,110,hayır
türkiye arjantin nerede izlenir,A Milli Futbol Takımı,Futbol,Milli,Milli,Global Elit,Erkek,Milli Takım,Takım Sporu,Türkiye,Yerli,Türk Takımı Var,TV+ Yok,Sürekli,Turnuva,Kanal/Yayın,İzleme,Maç,Jenerik,Türkçe,Body,nerede_izlenir,Çekirdek,,,,,,,hayir,,,,,,,,,,,,,hayır
türkiye arjantin canlı izle,A Milli Futbol Takımı,Futbol,Milli,Milli,Global Elit,Erkek,Milli Takım,Takım Sporu,Türkiye,Yerli,Türk Takımı Var,TV+ Yok,Sürekli,Turnuva,Canlı İzle,İzleme,Maç,Jenerik,Türkçe,Body,h2h_izle,Çekirdek,10,LOW,0,,,,evet,,10,0,0,10,0,0,0,0,10,0,0,hayır
türkiye arjantin hangi kanalda,A Milli Futbol Takımı,Futbol,Milli,Milli,Global Elit,Erkek,Milli Takım,Takım Sporu,Türkiye,Yerli,Türk Takımı Var,TV+ Yok,Sürekli,Turnuva,Kanal/Yayın,İzleme,Maç,Jenerik,Türkçe,Body,h2h_kanal,Çekirdek,10,LOW,1,,,,evet,,0,0,0,0,0,0,0,0,0,0,0,hayır
türkiye arjantin saat kaçta,A Milli Futbol Takımı,Futbol,Milli,Milli,Global Elit,Erkek,Milli Takım,Takım Sporu,Türkiye,Yerli,Türk Takımı Var,TV+ Yok,Sürekli,Turnuva,Takvim/Saat,Bilgi,Maç,Jenerik,Türkçe,Body,h2h_saat,Çekirdek,,,,,,,hayir,,,,,,,,,,,,,hayır
türkiye arjantin maçı ne zaman,A Milli Futbol Takımı,Futbol,Milli,Milli,Global Elit,Erkek,Milli Takım,Takım Sporu,Türkiye,Yerli,Türk Takımı Var,TV+ Yok,Sürekli,Turnuva,Takvim/Saat,Bilgi,Maç,Jenerik,Türkçe,Long-tail,h2h_nezaman,Çekirdek,90,LOW,1,,,,evet,,480,70,50,110,20,40,30,50,40,40,20,hayır
türkiye almanya nerede izlenir,A Milli Futbol Takımı,Futbol,Milli,Milli,Global Elit,Erkek,Milli Takım,Takım Sporu,Türkiye,Yerli,Türk Takımı Var,TV+ Yok,Sürekli,Turnuva,Kanal/Yayın,İzleme,Maç,Jenerik,Türkçe,Body,nerede_izlenir,Çekirdek,10,,,,,,evet,,10,0,0,0,0,0,0,0,0,170,0,hayır
türkiye almanya canlı izle,A Milli Futbol Takımı,Futbol,Milli,Milli,Global Elit,Erkek,Milli Takım,Takım Sporu,Türkiye,Yerli,Türk Takımı Var,TV+ Yok,Sürekli,Turnuva,Canlı İzle,İzleme,Maç,Jenerik,Türkçe,Body,h2h_izle,Çekirdek,390,,,,,,evet,,170,0,10,30,0,10,10,10,20,4400,10,hayır
türkiye almanya hangi kanalda,A Milli Futbol Takımı,Futbol,Milli,Milli,Global Elit,Erkek,Milli Takım,Takım Sporu,Türkiye,Yerli,Türk Takımı Var,TV+ Yok,Sürekli,Turnuva,Kanal/Yayın,İzleme,Maç,Jenerik,Türkçe,Body,h2h_kanal,Çekirdek,1300,LOW,0,,,,evet,,140,10,0,210,10,10,10,70,40,18100,70,hayır
türkiye almanya saat kaçta,A Milli Futbol Takımı,Futbol,Milli,Milli,Global Elit,Erkek,Milli Takım,Takım Sporu,Türkiye,Yerli,Türk Takımı Var,TV+ Yok,Sürekli,Turnuva,Takvim/Saat,Bilgi,Maç,Jenerik,Türkçe,Body,h2h_saat,Çekirdek,590,LOW,1,,,,evet,,50,20,10,20,10,10,10,30,10,8100,10,hayır
türkiye almanya maçı ne zaman,A Milli Futbol Takımı,Futbol,Milli,Milli,Global Elit,Erkek,Milli Takım,Takım Sporu,Türkiye,Yerli,Türk Takımı Var,TV+ Yok,Sürekli,Turnuva,Takvim/Saat,Bilgi,Maç,Jenerik,Türkçe,Long-tail,h2h_nezaman,Çekirdek,1900,LOW,1,,,,evet,,1300,140,140,1000,140,90,140,320,260,22200,50,hayır
türkiye ingiltere nerede izlenir,A Milli Futbol Takımı,Futbol,Milli,Milli,Global Elit,Erkek,Milli Takım,Takım Sporu,Türkiye,Yerli,Türk Takımı Var,TV+ Yok,Sürekli,Turnuva,Kanal/Yayın,İzleme,Maç,Jenerik,Türkçe,Body,nerede_izlenir,Çekirdek,,,,,,,hayir,,,,,,,,,,,,,hayır
türkiye ingiltere canlı izle,A Milli Futbol Takımı,Futbol,Milli,Milli,Global Elit,Erkek,Milli Takım,Takım Sporu,Türkiye,Yerli,Türk Takımı Var,TV+ Yok,Sürekli,Turnuva,Canlı İzle,İzleme,Maç,Jenerik,Türkçe,Body,h2h_izle,Çekirdek,10,,,,,,evet,,0,0,0,0,0,0,0,0,0,10,0,hayır
türkiye ingiltere hangi kanalda,A Milli Futbol Takımı,Futbol,Milli,Milli,Global Elit,Erkek,Milli Takım,Takım Sporu,Türkiye,Yerli,Türk Takımı Var,TV+ Yok,Sürekli,Turnuva,Kanal/Yayın,İzleme,Maç,Jenerik,Türkçe,Body,h2h_kanal,Çekirdek,10,,,,,,evet,,0,0,10,0,0,0,0,0,10,10,0,hayır
türkiye ingiltere saat kaçta,A Milli Futbol Takımı,Futbol,Milli,Milli,Global Elit,Erkek,Milli Takım,Takım Sporu,Türkiye,Yerli,Türk Takımı Var,TV+ Yok,Sürekli,Turnuva,Takvim/Saat,Bilgi,Maç,Jenerik,Türkçe,Body,h2h_saat,Çekirdek,,,,,,,hayir,,,,,,,,,,,,,hayır
türkiye ingiltere maçı ne zaman,A Milli Futbol Takımı,Futbol,Milli,Milli,Global Elit,Erkek,Milli Takım,Takım Sporu,Türkiye,Yerli,Türk Takımı Var,TV+ Yok,Sürekli,Turnuva,Takvim/Saat,Bilgi,Maç,Jenerik,Türkçe,Long-tail,h2h_nezaman,Çekirdek,110,LOW,1,,,,evet,,170,70,90,90,50,170,50,480,70,90,10,hayır
türkiye italya nerede izlenir,A Milli Futbol Takımı,Futbol,Milli,Milli,Global Elit,Erkek,Milli Takım,Takım Sporu,Türkiye,Yerli,Türk Takımı Var,TV+ Yok,Sürekli,Turnuva,Kanal/Yayın,İzleme,Maç,Jenerik,Türkçe,Body,nerede_izlenir,Çekirdek,,,,,,,hayir,,,,,,,,,,,,,hayır
türkiye italya canlı izle,A Milli Futbol Takımı,Futbol,Milli,Milli,Global Elit,Erkek,Milli Takım,Takım Sporu,Türkiye,Yerli,Türk Takımı Var,TV+ Yok,Sürekli,Turnuva,Canlı İzle,İzleme,Maç,Jenerik,Türkçe,Body,h2h_izle,Çekirdek,110,LOW,0,,,,evet,,40,30,0,10,10,10,10,0,10,1300,10,hayır
türkiye italya hangi kanalda,A Milli Futbol Takımı,Futbol,Milli,Milli,Global Elit,Erkek,Milli Takım,Takım Sporu,Türkiye,Yerli,Türk Takımı Var,TV+ Yok,Sürekli,Turnuva,Kanal/Yayın,İzleme,Maç,Jenerik,Türkçe,Body,h2h_kanal,Çekirdek,210,LOW,2,,,,evet,,90,50,10,40,10,0,0,10,10,2400,10,hayır
türkiye italya saat kaçta,A Milli Futbol Takımı,Futbol,Milli,Milli,Global Elit,Erkek,Milli Takım,Takım Sporu,Türkiye,Yerli,Türk Takımı Var,TV+ Yok,Sürekli,Turnuva,Takvim/Saat,Bilgi,Maç,Jenerik,Türkçe,Body,h2h_saat,Çekirdek,70,LOW,0,,,,evet,,30,40,30,40,90,40,30,40,20,320,10,hayır
türkiye italya maçı ne zaman,A Milli Futbol Takımı,Futbol,Milli,Milli,Global Elit,Erkek,Milli Takım,Takım Sporu,Türkiye,Yerli,Türk Takımı Var,TV+ Yok,Sürekli,Turnuva,Takvim/Saat,Bilgi,Maç,Jenerik,Türkçe,Long-tail,h2h_nezaman,Çekirdek,1600,LOW,1,,0.04,0.33,evet,,1900,1300,2900,590,480,30,50,210,110,8100,70,hayır
türkiye hollanda nerede izlenir,A Milli Futbol Takımı,Futbol,Milli,Milli,Global Elit,Erkek,Milli Takım,Takım Sporu,Türkiye,Yerli,Türk Takımı Var,TV+ Yok,Sürekli,Turnuva,Kanal/Yayın,İzleme,Maç,Jenerik,Türkçe,Body,nerede_izlenir,Çekirdek,0,,,,,,evet,,0,0,0,0,0,0,0,0,0,0,0,hayır
türkiye hollanda canlı izle,A Milli Futbol Takımı,Futbol,Milli,Milli,Global Elit,Erkek,Milli Takım,Takım Sporu,Türkiye,Yerli,Türk Takımı Var,TV+ Yok,Sürekli,Turnuva,Canlı İzle,İzleme,Maç,Jenerik,Türkçe,Body,h2h_izle,Çekirdek,10,,,,,,evet,,40,0,0,10,0,0,10,10,10,20,10,hayır
türkiye hollanda hangi kanalda,A Milli Futbol Takımı,Futbol,Milli,Milli,Global Elit,Erkek,Milli Takım,Takım Sporu,Türkiye,Yerli,Türk Takımı Var,TV+ Yok,Sürekli,Turnuva,Kanal/Yayın,İzleme,Maç,Jenerik,Türkçe,Body,h2h_kanal,Çekirdek,20,LOW,9,,,,evet,,90,10,10,40,10,10,10,10,10,70,10,hayır
türkiye hollanda saat kaçta,A Milli Futbol Takımı,Futbol,Milli,Milli,Global Elit,Erkek,Milli Takım,Takım Sporu,Türkiye,Yerli,Türk Takımı Var,TV+ Yok,Sürekli,Turnuva,Takvim/Saat,Bilgi,Maç,Jenerik,Türkçe,Body,h2h_saat,Çekirdek,260,LOW,0,,,,evet,,210,210,170,320,210,320,260,480,210,210,260,hayır
türkiye hollanda maçı ne zaman,A Milli Futbol Takımı,Futbol,Milli,Milli,Global Elit,Erkek,Milli Takım,Takım Sporu,Türkiye,Yerli,Türk Takımı Var,TV+ Yok,Sürekli,Turnuva,Takvim/Saat,Bilgi,Maç,Jenerik,Türkçe,Long-tail,h2h_nezaman,Çekirdek,260,LOW,2,,,,evet,,720,90,90,590,90,90,70,320,170,590,110,hayır
türkiye gürcistan nerede izlenir,A Milli Futbol Takımı,Futbol,Milli,Milli,Global Elit,Erkek,Milli Takım,Takım Sporu,Türkiye,Yerli,Türk Takımı Var,TV+ Yok,Sürekli,Turnuva,Kanal/Yayın,İzleme,Maç,Jenerik,Türkçe,Body,nerede_izlenir,Çekirdek,20,,,,,,evet,,0,0,0,0,0,0,0,10,140,110,10,hayır
türkiye gürcistan canlı izle,A Milli Futbol Takımı,Futbol,Milli,Milli,Global Elit,Erkek,Milli Takım,Takım Sporu,Türkiye,Yerli,Türk Takımı Var,TV+ Yok,Sürekli,Turnuva,Canlı İzle,İzleme,Maç,Jenerik,Türkçe,Body,h2h_izle,Çekirdek,1600,LOW,0,,,,evet,,10,10,10,30,10,10,10,170,12100,8100,10,hayır
türkiye gürcistan hangi kanalda,A Milli Futbol Takımı,Futbol,Milli,Milli,Global Elit,Erkek,Milli Takım,Takım Sporu,Türkiye,Yerli,Türk Takımı Var,TV+ Yok,Sürekli,Turnuva,Kanal/Yayın,İzleme,Maç,Jenerik,Türkçe,Body,h2h_kanal,Çekirdek,12100,LOW,0,,,,evet,,40,20,10,90,10,20,30,880,110000,40500,140,hayır
türkiye gürcistan saat kaçta,A Milli Futbol Takımı,Futbol,Milli,Milli,Global Elit,Erkek,Milli Takım,Takım Sporu,Türkiye,Yerli,Türk Takımı Var,TV+ Yok,Sürekli,Turnuva,Takvim/Saat,Bilgi,Maç,Jenerik,Türkçe,Body,h2h_saat,Çekirdek,320,LOW,0,,,,evet,,20,10,10,10,10,20,30,260,1900,1000,170,hayır
türkiye gürcistan maçı ne zaman,A Milli Futbol Takımı,Futbol,Milli,Milli,Global Elit,Erkek,Milli Takım,Takım Sporu,Türkiye,Yerli,Türk Takımı Var,TV+ Yok,Sürekli,Turnuva,Takvim/Saat,Bilgi,Maç,Jenerik,Türkçe,Long-tail,h2h_nezaman,Çekirdek,14800,LOW,0,,,,evet,,170,90,90,590,170,170,320,5400,135000,49500,4400,hayır
türkiye bulgaristan nerede izlenir,A Milli Futbol Takımı,Futbol,Milli,Milli,Global Elit,Erkek,Milli Takım,Takım Sporu,Türkiye,Yerli,Türk Takımı Var,TV+ Yok,Sürekli,Turnuva,Kanal/Yayın,İzleme,Maç,Jenerik,Türkçe,Body,nerede_izlenir,Çekirdek,20,,,,,,evet,,0,0,0,10,0,0,0,170,70,10,0,hayır
türkiye bulgaristan canlı izle,A Milli Futbol Takımı,Futbol,Milli,Milli,Global Elit,Erkek,Milli Takım,Takım Sporu,Türkiye,Yerli,Türk Takımı Var,TV+ Yok,Sürekli,Turnuva,Canlı İzle,İzleme,Maç,Jenerik,Türkçe,Body,h2h_izle,Çekirdek,1900,LOW,0,,,,evet,,50,10,10,50,10,20,20,9900,9900,590,390,hayır
türkiye bulgaristan hangi kanalda,A Milli Futbol Takımı,Futbol,Milli,Milli,Global Elit,Erkek,Milli Takım,Takım Sporu,Türkiye,Yerli,Türk Takımı Var,TV+ Yok,Sürekli,Turnuva,Kanal/Yayın,İzleme,Maç,Jenerik,Türkçe,Body,h2h_kanal,Çekirdek,12100,LOW,0,,,,evet,,50,30,10,210,20,40,90,90500,33100,390,110,hayır
türkiye bulgaristan saat kaçta,A Milli Futbol Takımı,Futbol,Milli,Milli,Global Elit,Erkek,Milli Takım,Takım Sporu,Türkiye,Yerli,Türk Takımı Var,TV+ Yok,Sürekli,Turnuva,Takvim/Saat,Bilgi,Maç,Jenerik,Türkçe,Body,h2h_saat,Çekirdek,210,LOW,0,,,,evet,,10,10,10,30,10,10,20,1300,1000,50,0,hayır
türkiye bulgaristan maçı ne zaman,A Milli Futbol Takımı,Futbol,Milli,Milli,Global Elit,Erkek,Milli Takım,Takım Sporu,Türkiye,Yerli,Türk Takımı Var,TV+ Yok,Sürekli,Turnuva,Takvim/Saat,Bilgi,Maç,Jenerik,Türkçe,Long-tail,h2h_nezaman,Çekirdek,18100,LOW,2,,,,evet,,590,90,110,1300,260,590,1000,60500,110000,33100,1300,hayır
türkiye macaristan nerede izlenir,A Milli Futbol Takımı,Futbol,Milli,Milli,Global Elit,Erkek,Milli Takım,Takım Sporu,Türkiye,Yerli,Türk Takımı Var,TV+ Yok,Sürekli,Turnuva,Kanal/Yayın,İzleme,Maç,Jenerik,Türkçe,Body,nerede_izlenir,Çekirdek,10,,,,,,evet,,10,0,0,0,10,10,10,10,10,10,0,hayır
türkiye macaristan canlı izle,A Milli Futbol Takımı,Futbol,Milli,Milli,Global Elit,Erkek,Milli Takım,Takım Sporu,Türkiye,Yerli,Türk Takımı Var,TV+ Yok,Sürekli,Turnuva,Canlı İzle,İzleme,Maç,Jenerik,Türkçe,Body,h2h_izle,Çekirdek,10,LOW,21,0.27,,,evet,,10,10,0,10,0,0,10,10,70,70,10,hayır
türkiye macaristan hangi kanalda,A Milli Futbol Takımı,Futbol,Milli,Milli,Global Elit,Erkek,Milli Takım,Takım Sporu,Türkiye,Yerli,Türk Takımı Var,TV+ Yok,Sürekli,Turnuva,Kanal/Yayın,İzleme,Maç,Jenerik,Türkçe,Body,h2h_kanal,Çekirdek,110,LOW,2,,,,evet,,170,10,10,110,10,10,10,70,260,720,50,hayır
türkiye macaristan saat kaçta,A Milli Futbol Takımı,Futbol,Milli,Milli,Global Elit,Erkek,Milli Takım,Takım Sporu,Türkiye,Yerli,Türk Takımı Var,TV+ Yok,Sürekli,Turnuva,Takvim/Saat,Bilgi,Maç,Jenerik,Türkçe,Body,h2h_saat,Çekirdek,10,LOW,0,,,,evet,,10,10,10,20,10,0,0,10,40,50,10,hayır
türkiye macaristan maçı ne zaman,A Milli Futbol Takımı,Futbol,Milli,Milli,Global Elit,Erkek,Milli Takım,Takım Sporu,Türkiye,Yerli,Türk Takımı Var,TV+ Yok,Sürekli,Turnuva,Takvim/Saat,Bilgi,Maç,Jenerik,Türkçe,Long-tail,h2h_nezaman,Çekirdek,720,LOW,2,,,,evet,,390,140,70,1600,140,70,70,590,1900,2400,480,hayır
türkiye romanya nerede izlenir,A Milli Futbol Takımı,Futbol,Milli,Milli,Global Elit,Erkek,Milli Takım,Takım Sporu,Türkiye,Yerli,Türk Takımı Var,TV+ Yok,Sürekli,Turnuva,Kanal/Yayın,İzleme,Maç,Jenerik,Türkçe,Body,nerede_izlenir,Çekirdek,170,,,,,,evet,,10,0,10,1900,0,0,0,0,0,0,0,hayır
türkiye romanya canlı izle,A Milli Futbol Takımı,Futbol,Milli,Milli,Global Elit,Erkek,Milli Takım,Takım Sporu,Türkiye,Yerli,Türk Takımı Var,TV+ Yok,Sürekli,Turnuva,Canlı İzle,İzleme,Maç,Jenerik,Türkçe,Body,h2h_izle,Çekirdek,2400,LOW,0,,,,evet,,140,20,90,27100,10,10,10,20,10,10,0,hayır
türkiye romanya hangi kanalda,A Milli Futbol Takımı,Futbol,Milli,Milli,Global Elit,Erkek,Milli Takım,Takım Sporu,Türkiye,Yerli,Türk Takımı Var,TV+ Yok,Sürekli,Turnuva,Kanal/Yayın,İzleme,Maç,Jenerik,Türkçe,Body,h2h_kanal,Çekirdek,22200,LOW,1,,,,evet,,480,110,590,246000,1600,480,390,480,10,10,10,hayır
türkiye romanya saat kaçta,A Milli Futbol Takımı,Futbol,Milli,Milli,Global Elit,Erkek,Milli Takım,Takım Sporu,Türkiye,Yerli,Türk Takımı Var,TV+ Yok,Sürekli,Turnuva,Takvim/Saat,Bilgi,Maç,Jenerik,Türkçe,Body,h2h_saat,Çekirdek,390,LOW,0,,,,evet,,50,20,70,4400,20,10,20,20,0,10,0,hayır
türkiye romanya maçı ne zaman,A Milli Futbol Takımı,Futbol,Milli,Milli,Global Elit,Erkek,Milli Takım,Takım Sporu,Türkiye,Yerli,Türk Takımı Var,TV+ Yok,Sürekli,Turnuva,Takvim/Saat,Bilgi,Maç,Jenerik,Türkçe,Long-tail,h2h_nezaman,Çekirdek,33100,LOW,1,,,,evet,,1900,720,2900,301000,18100,6600,18100,60500,210,90,70,hayır
galatasaray maçı nerede izlenir,Süper Lig,Futbol,Lig,1. Seviye,Global Elit,Erkek,Kulüp,Takım Sporu,Türkiye,Yerli,Türk Takımı Var,TV+ Yok,Yıllık,Sürekli Lig,Kanal/Yayın,İzleme,Takım,Jenerik,Türkçe,Body,tk_nerede,Çekirdek,2400,LOW,22,0.39,0.11,0.42,evet,,10,1900,2900,2900,2900,3600,2900,2400,2900,2900,1900,hayır
galatasaray maçı hangi kanalda,Süper Lig,Futbol,Lig,1. Seviye,Global Elit,Erkek,Kulüp,Takım Sporu,Türkiye,Yerli,Türk Takımı Var,TV+ Yok,Yıllık,Sürekli Lig,Kanal/Yayın,İzleme,Takım,Jenerik,Türkçe,Body,tk_kanal,Çekirdek,450000,LOW,3,0.25,0.07,0.3,evet,,6600,201000,368000,673000,673000,1000000,450000,550000,450000,823000,246000,hayır
galatasaray maçı saat kaçta,Süper Lig,Futbol,Lig,1. Seviye,Global Elit,Erkek,Kulüp,Takım Sporu,Türkiye,Yerli,Türk Takımı Var,TV+ Yok,Yıllık,Sürekli Lig,Takvim/Saat,Bilgi,Takım,Jenerik,Türkçe,Body,tk_saat,Çekirdek,74000,LOW,1,0.26,0.05,0.32,evet,,1000,60500,74000,90500,110000,110000,74000,110000,74000,90500,49500,hayır
galatasaray maçı ne zaman,Süper Lig,Futbol,Lig,1. Seviye,Global Elit,Erkek,Kulüp,Takım Sporu,Türkiye,Yerli,Türk Takımı Var,TV+ Yok,Yıllık,Sürekli Lig,Takvim/Saat,Bilgi,Takım,Jenerik,Türkçe,Body,tk_nezaman,Çekirdek,550000,LOW,2,0.32,0.04,0.3,evet,,49500,550000,673000,823000,823000,673000,673000,673000,550000,550000,450000,hayır
galatasaray canlı izle,Süper Lig,Futbol,Lig,1. Seviye,Global Elit,Erkek,Kulüp,Takım Sporu,Türkiye,Yerli,Türk Takımı Var,TV+ Yok,Yıllık,Sürekli Lig,Canlı İzle,İzleme,Takım,Jenerik,Türkçe,Body,tk_izle,Çekirdek,9900,LOW,3,0.22,0.08,0.32,evet,,90,14800,18100,12100,12100,9900,9900,6600,8100,9900,8100,hayır
galatasaray maçı canlı izle,Süper Lig,Futbol,Lig,1. Seviye,Global Elit,Erkek,Kulüp,Takım Sporu,Türkiye,Yerli,Türk Takımı Var,TV+ Yok,Yıllık,Sürekli Lig,Canlı İzle,İzleme,Takım,Jenerik,Türkçe,Body,tk_macizle,Çekirdek,33100,LOW,4,0.15,0.05,0.2,evet,,390,33100,49500,49500,60500,40500,33100,27100,33100,27100,33100,hayır
fenerbahçe maçı nerede izlenir,Süper Lig,Futbol,Lig,1. Seviye,Global Elit,Erkek,Kulüp,Takım Sporu,Türkiye,Yerli,Türk Takımı Var,TV+ Yok,Yıllık,Sürekli Lig,Kanal/Yayın,İzleme,Takım,Jenerik,Türkçe,Body,tk_nerede,Çekirdek,1300,LOW,19,0.27,0.09,0.37,evet,,10,260,1000,480,1600,1600,1000,1900,720,880,2900,hayır
fenerbahçe maçı hangi kanalda,Süper Lig,Futbol,Lig,1. Seviye,Global Elit,Erkek,Kulüp,Takım Sporu,Türkiye,Yerli,Türk Takımı Var,TV+ Yok,Yıllık,Sürekli Lig,Kanal/Yayın,İzleme,Takım,Jenerik,Türkçe,Body,tk_kanal,Çekirdek,450000,LOW,2,0.24,0.07,0.34,evet,,2400,40500,165000,165000,368000,450000,301000,823000,368000,301000,1220000,hayır
fenerbahçe maçı saat kaçta,Süper Lig,Futbol,Lig,1. Seviye,Global Elit,Erkek,Kulüp,Takım Sporu,Türkiye,Yerli,Türk Takımı Var,TV+ Yok,Yıllık,Sürekli Lig,Takvim/Saat,Bilgi,Takım,Jenerik,Türkçe,Body,tk_saat,Çekirdek,49500,LOW,1,0.11,0.04,0.33,evet,,720,9900,33100,33100,90500,74000,60500,90500,74000,40500,90500,hayır
fenerbahçe maçı ne zaman,Süper Lig,Futbol,Lig,1. Seviye,Global Elit,Erkek,Kulüp,Takım Sporu,Türkiye,Yerli,Türk Takımı Var,TV+ Yok,Yıllık,Sürekli Lig,Takvim/Saat,Bilgi,Takım,Jenerik,Türkçe,Body,tk_nezaman,Çekirdek,301000,LOW,1,0.25,0.04,0.3,evet,,27100,165000,301000,301000,550000,450000,368000,368000,301000,246000,301000,hayır
fenerbahçe canlı izle,Süper Lig,Futbol,Lig,1. Seviye,Global Elit,Erkek,Kulüp,Takım Sporu,Türkiye,Yerli,Türk Takımı Var,TV+ Yok,Yıllık,Sürekli Lig,Canlı İzle,İzleme,Takım,Jenerik,Türkçe,Body,tk_izle,Çekirdek,12100,LOW,4,0.24,0.12,0.34,evet,,720,2400,8100,8100,18100,18100,9900,9900,5400,18100,18100,hayır
fenerbahçe maçı canlı izle,Süper Lig,Futbol,Lig,1. Seviye,Global Elit,Erkek,Kulüp,Takım Sporu,Türkiye,Yerli,Türk Takımı Var,TV+ Yok,Yıllık,Sürekli Lig,Canlı İzle,İzleme,Takım,Jenerik,Türkçe,Body,tk_macizle,Çekirdek,49500,LOW,5,0.25,0.08,0.28,evet,,390,6600,27100,40500,90500,49500,49500,60500,33100,40500,60500,hayır
beşiktaş maçı nerede izlenir,Süper Lig,Futbol,Lig,1. Seviye,Global Elit,Erkek,Kulüp,Takım Sporu,Türkiye,Yerli,Türk Takımı Var,TV+ Yok,Yıllık,Sürekli Lig,Kanal/Yayın,İzleme,Takım,Jenerik,Türkçe,Body,tk_nerede,Çekirdek,390,LOW,22,0.29,0.12,0.47,evet,,10,170,320,590,260,210,210,260,390,260,1000,hayır
beşiktaş maçı hangi kanalda,Süper Lig,Futbol,Lig,1. Seviye,Global Elit,Erkek,Kulüp,Takım Sporu,Türkiye,Yerli,Türk Takımı Var,TV+ Yok,Yıllık,Sürekli Lig,Kanal/Yayın,İzleme,Takım,Jenerik,Türkçe,Body,tk_kanal,Çekirdek,246000,LOW,4,0.3,0.1,0.4,evet,,1900,49500,60500,110000,60500,60500,40500,40500,60500,60500,1830000,hayır
beşiktaş maçı saat kaçta,Süper Lig,Futbol,Lig,1. Seviye,Global Elit,Erkek,Kulüp,Takım Sporu,Türkiye,Yerli,Türk Takımı Var,TV+ Yok,Yıllık,Sürekli Lig,Takvim/Saat,Bilgi,Takım,Jenerik,Türkçe,Body,tk_saat,Çekirdek,14800,LOW,2,0.24,0.04,0.32,evet,,260,6600,14800,12100,12100,9900,12100,14800,12100,14800,49500,hayır
beşiktaş maçı ne zaman,Süper Lig,Futbol,Lig,1. Seviye,Global Elit,Erkek,Kulüp,Takım Sporu,Türkiye,Yerli,Türk Takımı Var,TV+ Yok,Yıllık,Sürekli Lig,Takvim/Saat,Bilgi,Takım,Jenerik,Türkçe,Body,tk_nezaman,Çekirdek,90500,LOW,3,0.22,0.03,0.32,evet,,12100,60500,110000,90500,110000,90500,90500,74000,74000,90500,135000,hayır
beşiktaş canlı izle,Süper Lig,Futbol,Lig,1. Seviye,Global Elit,Erkek,Kulüp,Takım Sporu,Türkiye,Yerli,Türk Takımı Var,TV+ Yok,Yıllık,Sürekli Lig,Canlı İzle,İzleme,Takım,Jenerik,Türkçe,Body,tk_izle,Çekirdek,2900,LOW,3,0.22,0.07,0.36,evet,,40,880,1600,2900,3600,1600,1300,1900,2400,1900,8100,hayır
beşiktaş maçı canlı izle,Süper Lig,Futbol,Lig,1. Seviye,Global Elit,Erkek,Kulüp,Takım Sporu,Türkiye,Yerli,Türk Takımı Var,TV+ Yok,Yıllık,Sürekli Lig,Canlı İzle,İzleme,Takım,Jenerik,Türkçe,Body,tk_macizle,Çekirdek,22200,LOW,5,0.27,0.08,0.39,evet,,140,3600,6600,12100,18100,14800,12100,18100,18100,18100,74000,hayır
trabzonspor maçı nerede izlenir,Süper Lig,Futbol,Lig,1. Seviye,Global Elit,Erkek,Kulüp,Takım Sporu,Türkiye,Yerli,Türk Takımı Var,TV+ Yok,Yıllık,Sürekli Lig,Kanal/Yayın,İzleme,Takım,Jenerik,Türkçe,Body,tk_nerede,Çekirdek,10,LOW,32,0.14,,,evet,,0,20,20,10,20,10,40,0,0,0,0,hayır
trabzonspor maçı hangi kanalda,Süper Lig,Futbol,Lig,1. Seviye,Global Elit,Erkek,Kulüp,Takım Sporu,Türkiye,Yerli,Türk Takımı Var,TV+ Yok,Yıllık,Sürekli Lig,Kanal/Yayın,İzleme,Takım,Jenerik,Türkçe,Body,tk_kanal,Çekirdek,14800,LOW,4,0.3,0.08,0.36,evet,,170,33100,40500,14800,14800,18100,27100,4400,3600,3600,6600,hayır
trabzonspor maçı saat kaçta,Süper Lig,Futbol,Lig,1. Seviye,Global Elit,Erkek,Kulüp,Takım Sporu,Türkiye,Yerli,Türk Takımı Var,TV+ Yok,Yıllık,Sürekli Lig,Takvim/Saat,Bilgi,Takım,Jenerik,Türkçe,Body,tk_saat,Çekirdek,5400,LOW,1,,0.04,0.33,evet,,90,8100,12100,3600,5400,4400,9900,6600,4400,4400,9900,hayır
trabzonspor maçı ne zaman,Süper Lig,Futbol,Lig,1. Seviye,Global Elit,Erkek,Kulüp,Takım Sporu,Türkiye,Yerli,Türk Takımı Var,TV+ Yok,Yıllık,Sürekli Lig,Takvim/Saat,Bilgi,Takım,Jenerik,Türkçe,Body,tk_nezaman,Çekirdek,14800,LOW,1,,0.05,0.32,evet,,1600,22200,27100,18100,14800,14800,22200,14800,12100,9900,12100,hayır
trabzonspor canlı izle,Süper Lig,Futbol,Lig,1. Seviye,Global Elit,Erkek,Kulüp,Takım Sporu,Türkiye,Yerli,Türk Takımı Var,TV+ Yok,Yıllık,Sürekli Lig,Canlı İzle,İzleme,Takım,Jenerik,Türkçe,Body,tk_izle,Çekirdek,1300,LOW,6,0.28,0.08,0.32,evet,,140,1600,2900,1300,2400,1600,1900,880,880,880,1000,hayır
trabzonspor maçı canlı izle,Süper Lig,Futbol,Lig,1. Seviye,Global Elit,Erkek,Kulüp,Takım Sporu,Türkiye,Yerli,Türk Takımı Var,TV+ Yok,Yıllık,Sürekli Lig,Canlı İzle,İzleme,Takım,Jenerik,Türkçe,Body,tk_macizle,Çekirdek,3600,LOW,9,0.25,0.06,0.32,evet,,70,2900,8100,2400,5400,3600,5400,3600,1900,2400,2900,hayır
samsunspor maçı nerede izlenir,Süper Lig,Futbol,Lig,1. Seviye,Global Elit,Erkek,Kulüp,Takım Sporu,Türkiye,Yerli,Türk Takımı Var,TV+ Yok,Yıllık,Sürekli Lig,Kanal/Yayın,İzleme,Takım,Jenerik,Türkçe,Body,tk_nerede,Çekirdek,10,LOW,29,,,,evet,,0,10,10,10,10,10,10,10,10,10,110,hayır
samsunspor maçı hangi kanalda,Süper Lig,Futbol,Lig,1. Seviye,Global Elit,Erkek,Kulüp,Takım Sporu,Türkiye,Yerli,Türk Takımı Var,TV+ Yok,Yıllık,Sürekli Lig,Kanal/Yayın,İzleme,Takım,Jenerik,Türkçe,Body,tk_kanal,Çekirdek,40500,LOW,1,,0.05,0.2,evet,,70,1900,8100,33100,33100,6600,49500,90500,49500,5400,246000,hayır
samsunspor maçı saat kaçta,Süper Lig,Futbol,Lig,1. Seviye,Global Elit,Erkek,Kulüp,Takım Sporu,Türkiye,Yerli,Türk Takımı Var,TV+ Yok,Yıllık,Sürekli Lig,Takvim/Saat,Bilgi,Takım,Jenerik,Türkçe,Body,tk_saat,Çekirdek,2900,LOW,1,,,,evet,,20,480,1000,4400,4400,1300,6600,9900,3600,880,5400,hayır
samsunspor maçı ne zaman,Süper Lig,Futbol,Lig,1. Seviye,Global Elit,Erkek,Kulüp,Takım Sporu,Türkiye,Yerli,Türk Takımı Var,TV+ Yok,Yıllık,Sürekli Lig,Takvim/Saat,Bilgi,Takım,Jenerik,Türkçe,Body,tk_nezaman,Çekirdek,9900,LOW,1,,,,evet,,390,2900,6600,14800,14800,8100,22200,18100,9900,5400,12100,hayır
samsunspor canlı izle,Süper Lig,Futbol,Lig,1. Seviye,Global Elit,Erkek,Kulüp,Takım Sporu,Türkiye,Yerli,Türk Takımı Var,TV+ Yok,Yıllık,Sürekli Lig,Canlı İzle,İzleme,Takım,Jenerik,Türkçe,Body,tk_izle,Çekirdek,720,LOW,4,,,,evet,,10,260,720,880,720,210,1000,1600,1000,480,2400,hayır
samsunspor maçı canlı izle,Süper Lig,Futbol,Lig,1. Seviye,Global Elit,Erkek,Kulüp,Takım Sporu,Türkiye,Yerli,Türk Takımı Var,TV+ Yok,Yıllık,Sürekli Lig,Canlı İzle,İzleme,Takım,Jenerik,Türkçe,Body,tk_macizle,Çekirdek,2400,LOW,4,0.18,0.06,0.27,evet,,20,1000,1300,3600,2900,1300,4400,3600,2400,1300,5400,hayır
başakşehir maçı nerede izlenir,Süper Lig,Futbol,Lig,1. Seviye,Global Elit,Erkek,Kulüp,Takım Sporu,Türkiye,Yerli,Türk Takımı Var,TV+ Yok,Yıllık,Sürekli Lig,Kanal/Yayın,İzleme,Takım,Jenerik,Türkçe,Body,tk_nerede,Çekirdek,,,,,,,hayir,,,,,,,,,,,,,hayır
başakşehir maçı hangi kanalda,Süper Lig,Futbol,Lig,1. Seviye,Global Elit,Erkek,Kulüp,Takım Sporu,Türkiye,Yerli,Türk Takımı Var,TV+ Yok,Yıllık,Sürekli Lig,Kanal/Yayın,İzleme,Takım,Jenerik,Türkçe,Body,tk_kanal,Çekirdek,22200,LOW,1,0.34,0.07,0.32,evet,,70,320,880,1000,880,1300,1600,1000,2400,880,165000,hayır
başakşehir maçı saat kaçta,Süper Lig,Futbol,Lig,1. Seviye,Global Elit,Erkek,Kulüp,Takım Sporu,Türkiye,Yerli,Türk Takımı Var,TV+ Yok,Yıllık,Sürekli Lig,Takvim/Saat,Bilgi,Takım,Jenerik,Türkçe,Body,tk_saat,Çekirdek,720,LOW,1,,,,evet,,10,70,210,210,170,210,320,210,260,170,5400,hayır
başakşehir maçı ne zaman,Süper Lig,Futbol,Lig,1. Seviye,Global Elit,Erkek,Kulüp,Takım Sporu,Türkiye,Yerli,Türk Takımı Var,TV+ Yok,Yıllık,Sürekli Lig,Takvim/Saat,Bilgi,Takım,Jenerik,Türkçe,Body,tk_nezaman,Çekirdek,1900,LOW,1,0.09,0.05,0.37,evet,,170,880,1600,1600,1300,1000,1600,880,1300,880,8100,hayır
başakşehir canlı izle,Süper Lig,Futbol,Lig,1. Seviye,Global Elit,Erkek,Kulüp,Takım Sporu,Türkiye,Yerli,Türk Takımı Var,TV+ Yok,Yıllık,Sürekli Lig,Canlı İzle,İzleme,Takım,Jenerik,Türkçe,Body,tk_izle,Çekirdek,1300,LOW,5,0.43,,,evet,,320,1000,1000,1300,1600,2400,2400,1900,1900,1600,590,hayır
başakşehir maçı canlı izle,Süper Lig,Futbol,Lig,1. Seviye,Global Elit,Erkek,Kulüp,Takım Sporu,Türkiye,Yerli,Türk Takımı Var,TV+ Yok,Yıllık,Sürekli Lig,Canlı İzle,İzleme,Takım,Jenerik,Türkçe,Body,tk_macizle,Çekirdek,210,LOW,8,0.38,0.19,0.32,evet,,10,70,140,140,110,170,140,110,140,50,1000,hayır
real madrid maçı nerede izlenir,Süper Lig,Futbol,Lig,1. Seviye,Global Elit,Erkek,Kulüp,Takım Sporu,Türkiye,Yerli,Türk Takımı Var,TV+ Yok,Yıllık,Sürekli Lig,Kanal/Yayın,İzleme,Takım,Jenerik,Türkçe,Long-tail,tk_nerede,Çekirdek,50,LOW,5,,,,evet,,10,20,110,70,30,40,50,50,70,90,70,hayır
real madrid maçı hangi kanalda,Süper Lig,Futbol,Lig,1. Seviye,Global Elit,Erkek,Kulüp,Takım Sporu,Türkiye,Yerli,Türk Takımı Var,TV+ Yok,Yıllık,Sürekli Lig,Kanal/Yayın,İzleme,Takım,Jenerik,Türkçe,Long-tail,tk_kanal,Çekirdek,49500,LOW,8,0.23,0.09,0.43,evet,,320,14800,90500,74000,40500,74000,60500,74000,60500,90500,40500,hayır
real madrid maçı saat kaçta,Süper Lig,Futbol,Lig,1. Seviye,Global Elit,Erkek,Kulüp,Takım Sporu,Türkiye,Yerli,Türk Takımı Var,TV+ Yok,Yıllık,Sürekli Lig,Takvim/Saat,Bilgi,Takım,Jenerik,Türkçe,Long-tail,tk_saat,Çekirdek,1600,LOW,2,,,,evet,,10,590,2400,1600,1600,2400,1900,2400,1600,1900,1600,hayır
real madrid maçı ne zaman,Süper Lig,Futbol,Lig,1. Seviye,Global Elit,Erkek,Kulüp,Takım Sporu,Türkiye,Yerli,Türk Takımı Var,TV+ Yok,Yıllık,Sürekli Lig,Takvim/Saat,Bilgi,Takım,Jenerik,Türkçe,Long-tail,tk_nezaman,Çekirdek,22200,LOW,3,0.29,0.03,0.26,evet,,1300,9900,27100,27100,27100,33100,27100,27100,27100,27100,22200,hayır
real madrid canlı izle,Süper Lig,Futbol,Lig,1. Seviye,Global Elit,Erkek,Kulüp,Takım Sporu,Türkiye,Yerli,Türk Takımı Var,TV+ Yok,Yıllık,Sürekli Lig,Canlı İzle,İzleme,Takım,Jenerik,Türkçe,Body,tk_izle,Çekirdek,2900,LOW,10,0.6,,,evet,,10,480,4400,3600,2400,6600,4400,3600,3600,5400,3600,hayır
real madrid maçı canlı izle,Süper Lig,Futbol,Lig,1. Seviye,Global Elit,Erkek,Kulüp,Takım Sporu,Türkiye,Yerli,Türk Takımı Var,TV+ Yok,Yıllık,Sürekli Lig,Canlı İzle,İzleme,Takım,Jenerik,Türkçe,Long-tail,tk_macizle,Çekirdek,5400,LOW,6,0.15,,,evet,,40,1300,9900,6600,6600,9900,5400,6600,5400,8100,5400,hayır
barcelona maçı nerede izlenir,Süper Lig,Futbol,Lig,1. Seviye,Global Elit,Erkek,Kulüp,Takım Sporu,Türkiye,Yerli,Türk Takımı Var,TV+ Yok,Yıllık,Sürekli Lig,Kanal/Yayın,İzleme,Takım,Jenerik,Türkçe,Body,tk_nerede,Çekirdek,10,LOW,19,,,,evet,,0,20,20,20,10,10,10,10,10,10,10,hayır
barcelona maçı hangi kanalda,Süper Lig,Futbol,Lig,1. Seviye,Global Elit,Erkek,Kulüp,Takım Sporu,Türkiye,Yerli,Türk Takımı Var,TV+ Yok,Yıllık,Sürekli Lig,Kanal/Yayın,İzleme,Takım,Jenerik,Türkçe,Body,tk_kanal,Çekirdek,14800,LOW,5,,0.06,0.31,evet,,170,6600,33100,22200,9900,22200,8100,9900,33100,9900,8100,hayır
barcelona maçı saat kaçta,Süper Lig,Futbol,Lig,1. Seviye,Global Elit,Erkek,Kulüp,Takım Sporu,Türkiye,Yerli,Türk Takımı Var,TV+ Yok,Yıllık,Sürekli Lig,Takvim/Saat,Bilgi,Takım,Jenerik,Türkçe,Body,tk_saat,Çekirdek,480,LOW,1,,,,evet,,10,390,880,590,590,880,590,590,720,480,390,hayır
barcelona maçı ne zaman,Süper Lig,Futbol,Lig,1. Seviye,Global Elit,Erkek,Kulüp,Takım Sporu,Türkiye,Yerli,Türk Takımı Var,TV+ Yok,Yıllık,Sürekli Lig,Takvim/Saat,Bilgi,Takım,Jenerik,Türkçe,Body,tk_nezaman,Çekirdek,5400,LOW,2,0.06,0.04,0.24,evet,,720,4400,8100,6600,6600,6600,5400,5400,5400,5400,4400,hayır
barcelona canlı izle,Süper Lig,Futbol,Lig,1. Seviye,Global Elit,Erkek,Kulüp,Takım Sporu,Türkiye,Yerli,Türk Takımı Var,TV+ Yok,Yıllık,Sürekli Lig,Canlı İzle,İzleme,Takım,Jenerik,Türkçe,Body,tk_izle,Çekirdek,720,LOW,8,,,,evet,,20,260,1000,1000,720,1300,590,880,1000,590,590,hayır
barcelona maçı canlı izle,Süper Lig,Futbol,Lig,1. Seviye,Global Elit,Erkek,Kulüp,Takım Sporu,Türkiye,Yerli,Türk Takımı Var,TV+ Yok,Yıllık,Sürekli Lig,Canlı İzle,İzleme,Takım,Jenerik,Türkçe,Body,tk_macizle,Çekirdek,880,LOW,1,,,,evet,,40,390,2400,2400,720,1000,390,590,1000,390,390,hayır
juventus maçı nerede izlenir,Süper Lig,Futbol,Lig,1. Seviye,Global Elit,Erkek,Kulüp,Takım Sporu,Türkiye,Yerli,Türk Takımı Var,TV+ Yok,Yıllık,Sürekli Lig,Kanal/Yayın,İzleme,Takım,Jenerik,Türkçe,Body,tk_nerede,Çekirdek,,,,,,,hayir,,,,,,,,,,,,,hayır
juventus maçı hangi kanalda,Süper Lig,Futbol,Lig,1. Seviye,Global Elit,Erkek,Kulüp,Takım Sporu,Türkiye,Yerli,Türk Takımı Var,TV+ Yok,Yıllık,Sürekli Lig,Kanal/Yayın,İzleme,Takım,Jenerik,Türkçe,Body,tk_kanal,Çekirdek,3600,LOW,4,0.18,0.08,0.23,evet,,30,1300,1900,2900,12100,5400,4400,3600,4400,6600,1300,hayır
juventus maçı saat kaçta,Süper Lig,Futbol,Lig,1. Seviye,Global Elit,Erkek,Kulüp,Takım Sporu,Türkiye,Yerli,Türk Takımı Var,TV+ Yok,Yıllık,Sürekli Lig,Takvim/Saat,Bilgi,Takım,Jenerik,Türkçe,Body,tk_saat,Çekirdek,320,LOW,0,,,,evet,,10,140,210,210,1900,320,260,210,260,210,140,hayır
juventus maçı ne zaman,Süper Lig,Futbol,Lig,1. Seviye,Global Elit,Erkek,Kulüp,Takım Sporu,Türkiye,Yerli,Türk Takımı Var,TV+ Yok,Yıllık,Sürekli Lig,Takvim/Saat,Bilgi,Takım,Jenerik,Türkçe,Body,tk_nezaman,Çekirdek,2900,LOW,1,,,,evet,,210,1600,2400,2400,12100,3600,2900,1600,2900,1900,1900,hayır
juventus canlı izle,Süper Lig,Futbol,Lig,1. Seviye,Global Elit,Erkek,Kulüp,Takım Sporu,Türkiye,Yerli,Türk Takımı Var,TV+ Yok,Yıllık,Sürekli Lig,Canlı İzle,İzleme,Takım,Jenerik,Türkçe,Body,tk_izle,Çekirdek,210,LOW,16,0.13,,,evet,,10,70,70,140,320,390,390,390,260,480,110,hayır
juventus maçı canlı izle,Süper Lig,Futbol,Lig,1. Seviye,Global Elit,Erkek,Kulüp,Takım Sporu,Türkiye,Yerli,Türk Takımı Var,TV+ Yok,Yıllık,Sürekli Lig,Canlı İzle,İzleme,Takım,Jenerik,Türkçe,Body,tk_macizle,Çekirdek,390,LOW,10,0.05,0.06,0.1,evet,,10,210,320,480,880,720,480,320,590,590,320,hayır
milan maçı nerede izlenir,Süper Lig,Futbol,Lig,1. Seviye,Global Elit,Erkek,Kulüp,Takım Sporu,Türkiye,Yerli,Türk Takımı Var,TV+ Yok,Yıllık,Sürekli Lig,Kanal/Yayın,İzleme,Takım,Jenerik,Türkçe,Body,tk_nerede,Çekirdek,,,,,,,hayir,,,,,,,,,,,,,hayır
milan maçı hangi kanalda,Süper Lig,Futbol,Lig,1. Seviye,Global Elit,Erkek,Kulüp,Takım Sporu,Türkiye,Yerli,Türk Takımı Var,TV+ Yok,Yıllık,Sürekli Lig,Kanal/Yayın,İzleme,Takım,Jenerik,Türkçe,Body,tk_kanal,Çekirdek,720,LOW,4,,,,evet,,10,390,320,590,1000,1600,1300,720,1000,720,720,hayır
milan maçı saat kaçta,Süper Lig,Futbol,Lig,1. Seviye,Global Elit,Erkek,Kulüp,Takım Sporu,Türkiye,Yerli,Türk Takımı Var,TV+ Yok,Yıllık,Sürekli Lig,Takvim/Saat,Bilgi,Takım,Jenerik,Türkçe,Body,tk_saat,Çekirdek,90,LOW,0,,,,evet,,10,90,70,70,140,170,140,90,70,90,50,hayır
milan maçı ne zaman,Süper Lig,Futbol,Lig,1. Seviye,Global Elit,Erkek,Kulüp,Takım Sporu,Türkiye,Yerli,Türk Takımı Var,TV+ Yok,Yıllık,Sürekli Lig,Takvim/Saat,Bilgi,Takım,Jenerik,Türkçe,Body,tk_nezaman,Çekirdek,320,LOW,0,,,,evet,,40,260,260,320,480,590,590,390,390,320,390,hayır
milan canlı izle,Süper Lig,Futbol,Lig,1. Seviye,Global Elit,Erkek,Kulüp,Takım Sporu,Türkiye,Yerli,Türk Takımı Var,TV+ Yok,Yıllık,Sürekli Lig,Canlı İzle,İzleme,Takım,Jenerik,Türkçe,Body,tk_izle,Çekirdek,110,LOW,12,,,,evet,,0,50,30,50,110,210,210,50,170,170,110,hayır
milan maçı canlı izle,Süper Lig,Futbol,Lig,1. Seviye,Global Elit,Erkek,Kulüp,Takım Sporu,Türkiye,Yerli,Türk Takımı Var,TV+ Yok,Yıllık,Sürekli Lig,Canlı İzle,İzleme,Takım,Jenerik,Türkçe,Body,tk_macizle,Çekirdek,260,LOW,5,,,,evet,,10,140,110,390,590,480,320,210,210,170,260,hayır
inter maçı nerede izlenir,Süper Lig,Futbol,Lig,1. Seviye,Global Elit,Erkek,Kulüp,Takım Sporu,Türkiye,Yerli,Türk Takımı Var,TV+ Yok,Yıllık,Sürekli Lig,Kanal/Yayın,İzleme,Takım,Jenerik,Türkçe,Body,tk_nerede,Çekirdek,,,,,,,hayir,,,,,,,,,,,,,hayır
inter maçı hangi kanalda,Süper Lig,Futbol,Lig,1. Seviye,Global Elit,Erkek,Kulüp,Takım Sporu,Türkiye,Yerli,Türk Takımı Var,TV+ Yok,Yıllık,Sürekli Lig,Kanal/Yayın,İzleme,Takım,Jenerik,Türkçe,Body,tk_kanal,Çekirdek,1900,LOW,5,,,,evet,,10,720,1000,1000,6600,3600,2400,2400,2900,2400,1000,hayır
inter maçı saat kaçta,Süper Lig,Futbol,Lig,1. Seviye,Global Elit,Erkek,Kulüp,Takım Sporu,Türkiye,Yerli,Türk Takımı Var,TV+ Yok,Yıllık,Sürekli Lig,Takvim/Saat,Bilgi,Takım,Jenerik,Türkçe,Body,tk_saat,Çekirdek,140,LOW,0,,,,evet,,10,110,170,110,210,210,260,210,170,140,90,hayır
inter maçı ne zaman,Süper Lig,Futbol,Lig,1. Seviye,Global Elit,Erkek,Kulüp,Takım Sporu,Türkiye,Yerli,Türk Takımı Var,TV+ Yok,Yıllık,Sürekli Lig,Takvim/Saat,Bilgi,Takım,Jenerik,Türkçe,Body,tk_nezaman,Çekirdek,1000,LOW,0,,,,evet,,110,720,1000,880,1600,1600,1600,1600,1000,1300,1000,hayır
inter canlı izle,Süper Lig,Futbol,Lig,1. Seviye,Global Elit,Erkek,Kulüp,Takım Sporu,Türkiye,Yerli,Türk Takımı Var,TV+ Yok,Yıllık,Sürekli Lig,Canlı İzle,İzleme,Takım,Jenerik,Türkçe,Body,tk_izle,Çekirdek,110,LOW,7,,,,evet,,10,20,40,50,480,90,70,170,90,170,40,hayır
inter maçı canlı izle,Süper Lig,Futbol,Lig,1. Seviye,Global Elit,Erkek,Kulüp,Takım Sporu,Türkiye,Yerli,Türk Takımı Var,TV+ Yok,Yıllık,Sürekli Lig,Canlı İzle,İzleme,Takım,Jenerik,Türkçe,Body,tk_macizle,Çekirdek,210,LOW,12,0.14,,,evet,,10,90,210,140,720,260,210,320,210,170,110,hayır
arsenal maçı nerede izlenir,Süper Lig,Futbol,Lig,1. Seviye,Global Elit,Erkek,Kulüp,Takım Sporu,Türkiye,Yerli,Türk Takımı Var,TV+ Yok,Yıllık,Sürekli Lig,Kanal/Yayın,İzleme,Takım,Jenerik,Türkçe,Body,tk_nerede,Çekirdek,10,LOW,0,,,,evet,,10,30,0,0,0,0,0,0,0,0,0,hayır
arsenal maçı hangi kanalda,Süper Lig,Futbol,Lig,1. Seviye,Global Elit,Erkek,Kulüp,Takım Sporu,Türkiye,Yerli,Türk Takımı Var,TV+ Yok,Yıllık,Sürekli Lig,Kanal/Yayın,İzleme,Takım,Jenerik,Türkçe,Body,tk_kanal,Çekirdek,8100,LOW,2,,,,evet,,210,27100,18100,14800,2900,6600,5400,6600,4400,14800,2900,hayır
arsenal maçı saat kaçta,Süper Lig,Futbol,Lig,1. Seviye,Global Elit,Erkek,Kulüp,Takım Sporu,Türkiye,Yerli,Türk Takımı Var,TV+ Yok,Yıllık,Sürekli Lig,Takvim/Saat,Bilgi,Takım,Jenerik,Türkçe,Body,tk_saat,Çekirdek,390,LOW,0,,,,evet,,10,1600,880,320,260,320,260,210,170,170,110,hayır
arsenal maçı ne zaman,Süper Lig,Futbol,Lig,1. Seviye,Global Elit,Erkek,Kulüp,Takım Sporu,Türkiye,Yerli,Türk Takımı Var,TV+ Yok,Yıllık,Sürekli Lig,Takvim/Saat,Bilgi,Takım,Jenerik,Türkçe,Body,tk_nezaman,Çekirdek,1900,LOW,1,,,,evet,,260,8100,3600,1900,1600,1900,1600,1300,720,720,720,hayır
arsenal canlı izle,Süper Lig,Futbol,Lig,1. Seviye,Global Elit,Erkek,Kulüp,Takım Sporu,Türkiye,Yerli,Türk Takımı Var,TV+ Yok,Yıllık,Sürekli Lig,Canlı İzle,İzleme,Takım,Jenerik,Türkçe,Body,tk_izle,Çekirdek,390,,,,,,evet,,10,880,390,720,210,480,590,480,320,480,210,hayır
arsenal maçı canlı izle,Süper Lig,Futbol,Lig,1. Seviye,Global Elit,Erkek,Kulüp,Takım Sporu,Türkiye,Yerli,Türk Takımı Var,TV+ Yok,Yıllık,Sürekli Lig,Canlı İzle,İzleme,Takım,Jenerik,Türkçe,Body,tk_macizle,Çekirdek,1000,LOW,2,,,,evet,,40,2900,1600,1900,720,1000,1000,720,590,880,390,hayır
manchester united maçı nerede izlenir,Süper Lig,Futbol,Lig,1. Seviye,Global Elit,Erkek,Kulüp,Takım Sporu,Türkiye,Yerli,Türk Takımı Var,TV+ Yok,Yıllık,Sürekli Lig,Kanal/Yayın,İzleme,Takım,Jenerik,Türkçe,Long-tail,tk_nerede,Çekirdek,,,,,,,hayir,,,,,,,,,,,,,hayır
manchester united maçı hangi kanalda,Süper Lig,Futbol,Lig,1. Seviye,Global Elit,Erkek,Kulüp,Takım Sporu,Türkiye,Yerli,Türk Takımı Var,TV+ Yok,Yıllık,Sürekli Lig,Kanal/Yayın,İzleme,Takım,Jenerik,Türkçe,Long-tail,tk_kanal,Çekirdek,720,LOW,6,0.29,0.08,0.17,evet,,10,480,480,1000,1000,880,1600,720,480,880,1600,hayır
manchester united maçı saat kaçta,Süper Lig,Futbol,Lig,1. Seviye,Global Elit,Erkek,Kulüp,Takım Sporu,Türkiye,Yerli,Türk Takımı Var,TV+ Yok,Yıllık,Sürekli Lig,Takvim/Saat,Bilgi,Takım,Jenerik,Türkçe,Long-tail,tk_saat,Çekirdek,90,LOW,0,,,,evet,,10,70,90,90,90,170,170,70,50,70,70,hayır
manchester united maçı ne zaman,Süper Lig,Futbol,Lig,1. Seviye,Global Elit,Erkek,Kulüp,Takım Sporu,Türkiye,Yerli,Türk Takımı Var,TV+ Yok,Yıllık,Sürekli Lig,Takvim/Saat,Bilgi,Takım,Jenerik,Türkçe,Long-tail,tk_nezaman,Çekirdek,390,LOW,0,,,,evet,,50,390,390,480,720,720,590,390,390,390,480,hayır
manchester united canlı izle,Süper Lig,Futbol,Lig,1. Seviye,Global Elit,Erkek,Kulüp,Takım Sporu,Türkiye,Yerli,Türk Takımı Var,TV+ Yok,Yıllık,Sürekli Lig,Canlı İzle,İzleme,Takım,Jenerik,Türkçe,Body,tk_izle,Çekirdek,110,LOW,19,,0.04,0.21,evet,,10,40,70,110,210,170,390,210,40,40,140,hayır
manchester united maçı canlı izle,Süper Lig,Futbol,Lig,1. Seviye,Global Elit,Erkek,Kulüp,Takım Sporu,Türkiye,Yerli,Türk Takımı Var,TV+ Yok,Yıllık,Sürekli Lig,Canlı İzle,İzleme,Takım,Jenerik,Türkçe,Long-tail,tk_macizle,Çekirdek,90,LOW,13,,,,evet,,0,70,50,210,140,140,260,90,40,40,90,hayır
liverpool maçı nerede izlenir,Süper Lig,Futbol,Lig,1. Seviye,Global Elit,Erkek,Kulüp,Takım Sporu,Türkiye,Yerli,Türk Takımı Var,TV+ Yok,Yıllık,Sürekli Lig,Kanal/Yayın,İzleme,Takım,Jenerik,Türkçe,Body,tk_nerede,Çekirdek,,,,,,,hayir,,,,,,,,,,,,,hayır
liverpool maçı hangi kanalda,Süper Lig,Futbol,Lig,1. Seviye,Global Elit,Erkek,Kulüp,Takım Sporu,Türkiye,Yerli,Türk Takımı Var,TV+ Yok,Yıllık,Sürekli Lig,Kanal/Yayın,İzleme,Takım,Jenerik,Türkçe,Body,tk_kanal,Çekirdek,6600,LOW,4,0.2,0.05,0.19,evet,,30,1900,9900,9900,2900,4400,2400,6600,8100,22200,6600,hayır
liverpool maçı saat kaçta,Süper Lig,Futbol,Lig,1. Seviye,Global Elit,Erkek,Kulüp,Takım Sporu,Türkiye,Yerli,Türk Takımı Var,TV+ Yok,Yıllık,Sürekli Lig,Takvim/Saat,Bilgi,Takım,Jenerik,Türkçe,Body,tk_saat,Çekirdek,480,LOW,2,,,,evet,,10,170,390,1900,320,320,260,320,320,1000,260,hayır
liverpool maçı ne zaman,Süper Lig,Futbol,Lig,1. Seviye,Global Elit,Erkek,Kulüp,Takım Sporu,Türkiye,Yerli,Türk Takımı Var,TV+ Yok,Yıllık,Sürekli Lig,Takvim/Saat,Bilgi,Takım,Jenerik,Türkçe,Body,tk_nezaman,Çekirdek,2400,LOW,1,,,,evet,,140,1000,2900,12100,2900,1300,1300,1300,1600,5400,1300,hayır
liverpool canlı izle,Süper Lig,Futbol,Lig,1. Seviye,Global Elit,Erkek,Kulüp,Takım Sporu,Türkiye,Yerli,Türk Takımı Var,TV+ Yok,Yıllık,Sürekli Lig,Canlı İzle,İzleme,Takım,Jenerik,Türkçe,Body,tk_izle,Çekirdek,320,LOW,11,,,,evet,,10,110,260,390,210,390,170,390,720,880,720,hayır
liverpool maçı canlı izle,Süper Lig,Futbol,Lig,1. Seviye,Global Elit,Erkek,Kulüp,Takım Sporu,Türkiye,Yerli,Türk Takımı Var,TV+ Yok,Yıllık,Sürekli Lig,Canlı İzle,İzleme,Takım,Jenerik,Türkçe,Body,tk_macizle,Çekirdek,590,LOW,11,0.16,,,evet,,10,320,720,1000,590,720,390,480,1000,880,590,hayır
fenerbahçe beko maçı nerede izlenir,Süper Lig,Futbol,Lig,1. Seviye,Global Elit,Erkek,Kulüp,Takım Sporu,Türkiye,Yerli,Türk Takımı Var,TV+ Yok,Yıllık,Sürekli Lig,Kanal/Yayın,İzleme,Takım,Jenerik,Türkçe,Long-tail,tk_nerede,Çekirdek,,,,,,,hayir,,,,,,,,,,,,,hayır
fenerbahçe beko maçı hangi kanalda,Süper Lig,Futbol,Lig,1. Seviye,Global Elit,Erkek,Kulüp,Takım Sporu,Türkiye,Yerli,Türk Takımı Var,TV+ Yok,Yıllık,Sürekli Lig,Kanal/Yayın,İzleme,Takım,Jenerik,Türkçe,Long-tail,tk_kanal,Çekirdek,8100,LOW,4,0.23,,,evet,,12100,18100,5400,6600,12100,9900,6600,6600,12100,4400,480,hayır
fenerbahçe beko maçı saat kaçta,Süper Lig,Futbol,Lig,1. Seviye,Global Elit,Erkek,Kulüp,Takım Sporu,Türkiye,Yerli,Türk Takımı Var,TV+ Yok,Yıllık,Sürekli Lig,Takvim/Saat,Bilgi,Takım,Jenerik,Türkçe,Long-tail,tk_saat,Çekirdek,210,LOW,0,,,,evet,,140,320,170,260,320,320,170,260,390,50,30,hayır
fenerbahçe beko maçı ne zaman,Süper Lig,Futbol,Lig,1. Seviye,Global Elit,Erkek,Kulüp,Takım Sporu,Türkiye,Yerli,Türk Takımı Var,TV+ Yok,Yıllık,Sürekli Lig,Takvim/Saat,Bilgi,Takım,Jenerik,Türkçe,Long-tail,tk_nezaman,Çekirdek,1600,LOW,4,0.17,0.05,0.18,evet,,1600,3600,1600,1900,2400,2400,1900,1600,1600,480,320,hayır
fenerbahçe beko canlı izle,Süper Lig,Futbol,Lig,1. Seviye,Global Elit,Erkek,Kulüp,Takım Sporu,Türkiye,Yerli,Türk Takımı Var,TV+ Yok,Yıllık,Sürekli Lig,Canlı İzle,İzleme,Takım,Jenerik,Türkçe,Body,tk_izle,Çekirdek,2900,LOW,4,,,,evet,,2900,5400,3600,2900,8100,3600,2400,1900,1900,390,70,hayır
fenerbahçe beko maçı canlı izle,Süper Lig,Futbol,Lig,1. Seviye,Global Elit,Erkek,Kulüp,Takım Sporu,Türkiye,Yerli,Türk Takımı Var,TV+ Yok,Yıllık,Sürekli Lig,Canlı İzle,İzleme,Takım,Jenerik,Türkçe,Long-tail,tk_macizle,Çekirdek,480,LOW,5,,,,evet,,480,1000,590,480,1000,880,320,480,590,70,10,hayır
anadolu efes maçı nerede izlenir,Süper Lig,Futbol,Lig,1. Seviye,Global Elit,Erkek,Kulüp,Takım Sporu,Türkiye,Yerli,Türk Takımı Var,TV+ Yok,Yıllık,Sürekli Lig,Kanal/Yayın,İzleme,Takım,Jenerik,Türkçe,Long-tail,tk_nerede,Çekirdek,,,,,,,hayir,,,,,,,,,,,,,hayır
anadolu efes maçı hangi kanalda,Süper Lig,Futbol,Lig,1. Seviye,Global Elit,Erkek,Kulüp,Takım Sporu,Türkiye,Yerli,Türk Takımı Var,TV+ Yok,Yıllık,Sürekli Lig,Kanal/Yayın,İzleme,Takım,Jenerik,Türkçe,Long-tail,tk_kanal,Çekirdek,720,LOW,6,,,,evet,,320,170,260,590,880,1000,1000,1600,2400,1000,10,hayır
anadolu efes maçı saat kaçta,Süper Lig,Futbol,Lig,1. Seviye,Global Elit,Erkek,Kulüp,Takım Sporu,Türkiye,Yerli,Türk Takımı Var,TV+ Yok,Yıllık,Sürekli Lig,Takvim/Saat,Bilgi,Takım,Jenerik,Türkçe,Long-tail,tk_saat,Çekirdek,50,,,,,,evet,,10,10,30,30,70,70,90,110,140,30,10,hayır
anadolu efes maçı ne zaman,Süper Lig,Futbol,Lig,1. Seviye,Global Elit,Erkek,Kulüp,Takım Sporu,Türkiye,Yerli,Türk Takımı Var,TV+ Yok,Yıllık,Sürekli Lig,Takvim/Saat,Bilgi,Takım,Jenerik,Türkçe,Long-tail,tk_nezaman,Çekirdek,210,LOW,15,0.1,,,evet,,110,90,140,170,210,210,320,320,590,210,40,hayır
anadolu efes canlı izle,Süper Lig,Futbol,Lig,1. Seviye,Global Elit,Erkek,Kulüp,Takım Sporu,Türkiye,Yerli,Türk Takımı Var,TV+ Yok,Yıllık,Sürekli Lig,Canlı İzle,İzleme,Takım,Jenerik,Türkçe,Body,tk_izle,Çekirdek,110,LOW,14,,,,evet,,90,20,50,50,110,140,170,260,390,140,10,hayır
anadolu efes maçı canlı izle,Süper Lig,Futbol,Lig,1. Seviye,Global Elit,Erkek,Kulüp,Takım Sporu,Türkiye,Yerli,Türk Takımı Var,TV+ Yok,Yıllık,Sürekli Lig,Canlı İzle,İzleme,Takım,Jenerik,Türkçe,Long-tail,tk_macizle,Çekirdek,110,LOW,0,,,,evet,,140,50,70,70,170,140,140,210,260,90,0,hayır
beşiktaş basketbol maçı nerede izlenir,Süper Lig,Futbol,Lig,1. Seviye,Global Elit,Erkek,Kulüp,Takım Sporu,Türkiye,Yerli,Türk Takımı Var,TV+ Yok,Yıllık,Sürekli Lig,Kanal/Yayın,İzleme,Takım,Jenerik,Türkçe,Long-tail,tk_nerede,Çekirdek,,,,,,,hayir,,,,,,,,,,,,,hayır
beşiktaş basketbol maçı hangi kanalda,Süper Lig,Futbol,Lig,1. Seviye,Global Elit,Erkek,Kulüp,Takım Sporu,Türkiye,Yerli,Türk Takımı Var,TV+ Yok,Yıllık,Sürekli Lig,Kanal/Yayın,İzleme,Takım,Jenerik,Türkçe,Long-tail,tk_kanal,Çekirdek,5400,LOW,3,0.41,,,evet,,8100,3600,9900,2900,3600,8100,9900,5400,6600,1300,320,hayır
beşiktaş basketbol maçı saat kaçta,Süper Lig,Futbol,Lig,1. Seviye,Global Elit,Erkek,Kulüp,Takım Sporu,Türkiye,Yerli,Türk Takımı Var,TV+ Yok,Yıllık,Sürekli Lig,Takvim/Saat,Bilgi,Takım,Jenerik,Türkçe,Long-tail,tk_saat,Çekirdek,110,LOW,11,,,,evet,,170,90,390,140,140,170,170,90,90,30,10,hayır
beşiktaş basketbol maçı ne zaman,Süper Lig,Futbol,Lig,1. Seviye,Global Elit,Erkek,Kulüp,Takım Sporu,Türkiye,Yerli,Türk Takımı Var,TV+ Yok,Yıllık,Sürekli Lig,Takvim/Saat,Bilgi,Takım,Jenerik,Türkçe,Long-tail,tk_nezaman,Çekirdek,1900,LOW,5,0.05,0.05,0.17,evet,,3600,1600,2900,1600,1900,2900,2900,1900,1300,480,320,hayır
beşiktaş basketbol canlı izle,Süper Lig,Futbol,Lig,1. Seviye,Global Elit,Erkek,Kulüp,Takım Sporu,Türkiye,Yerli,Türk Takımı Var,TV+ Yok,Yıllık,Sürekli Lig,Canlı İzle,İzleme,Takım,Jenerik,Türkçe,Body,tk_izle,Çekirdek,140,LOW,0,,,,evet,,590,140,140,70,110,210,260,170,140,30,10,hayır
beşiktaş basketbol maçı canlı izle,Süper Lig,Futbol,Lig,1. Seviye,Global Elit,Erkek,Kulüp,Takım Sporu,Türkiye,Yerli,Türk Takımı Var,TV+ Yok,Yıllık,Sürekli Lig,Canlı İzle,İzleme,Takım,Jenerik,Türkçe,Long-tail,tk_macizle,Çekirdek,720,LOW,2,,,,evet,,1900,1600,880,590,390,880,1000,880,720,210,30,hayır
vakıfbank maçı nerede izlenir,Süper Lig,Futbol,Lig,1. Seviye,Global Elit,Erkek,Kulüp,Takım Sporu,Türkiye,Yerli,Türk Takımı Var,TV+ Yok,Yıllık,Sürekli Lig,Kanal/Yayın,İzleme,Takım,Jenerik,Türkçe,Body,tk_nerede,Çekirdek,,,,,,,hayir,,,,,,,,,,,,,hayır
vakıfbank maçı hangi kanalda,Süper Lig,Futbol,Lig,1. Seviye,Global Elit,Erkek,Kulüp,Takım Sporu,Türkiye,Yerli,Türk Takımı Var,TV+ Yok,Yıllık,Sürekli Lig,Kanal/Yayın,İzleme,Takım,Jenerik,Türkçe,Body,tk_kanal,Çekirdek,320,LOW,0,,,,evet,,10,880,320,880,480,880,170,260,260,90,10,hayır
vakıfbank maçı saat kaçta,Süper Lig,Futbol,Lig,1. Seviye,Global Elit,Erkek,Kulüp,Takım Sporu,Türkiye,Yerli,Türk Takımı Var,TV+ Yok,Yıllık,Sürekli Lig,Takvim/Saat,Bilgi,Takım,Jenerik,Türkçe,Body,tk_saat,Çekirdek,,,,,,,hayir,,,,,,,,,,,,,hayır
vakıfbank maçı ne zaman,Süper Lig,Futbol,Lig,1. Seviye,Global Elit,Erkek,Kulüp,Takım Sporu,Türkiye,Yerli,Türk Takımı Var,TV+ Yok,Yıllık,Sürekli Lig,Takvim/Saat,Bilgi,Takım,Jenerik,Türkçe,Body,tk_nezaman,Çekirdek,260,LOW,0,,,,evet,,30,1300,590,480,170,390,110,170,140,40,10,hayır
vakıfbank canlı izle,Süper Lig,Futbol,Lig,1. Seviye,Global Elit,Erkek,Kulüp,Takım Sporu,Türkiye,Yerli,Türk Takımı Var,TV+ Yok,Yıllık,Sürekli Lig,Canlı İzle,İzleme,Takım,Jenerik,Türkçe,Body,tk_izle,Çekirdek,10,,,,,,evet,,10,20,10,10,10,10,10,10,10,10,10,hayır
vakıfbank maçı canlı izle,Süper Lig,Futbol,Lig,1. Seviye,Global Elit,Erkek,Kulüp,Takım Sporu,Türkiye,Yerli,Türk Takımı Var,TV+ Yok,Yıllık,Sürekli Lig,Canlı İzle,İzleme,Takım,Jenerik,Türkçe,Body,tk_macizle,Çekirdek,110,LOW,14,,,,evet,,10,210,110,260,260,210,70,70,110,20,0,hayır
filenin sultanları maçı nerede izlenir,Süper Lig,Futbol,Lig,1. Seviye,Global Elit,Erkek,Kulüp,Takım Sporu,Türkiye,Yerli,Türk Takımı Var,TV+ Yok,Yıllık,Sürekli Lig,Kanal/Yayın,İzleme,Takım,Jenerik,Türkçe,Long-tail,tk_nerede,Çekirdek,10,LOW,9,,,,evet,,0,0,0,0,0,0,0,0,0,0,0,hayır
filenin sultanları maçı hangi kanalda,Süper Lig,Futbol,Lig,1. Seviye,Global Elit,Erkek,Kulüp,Takım Sporu,Türkiye,Yerli,Türk Takımı Var,TV+ Yok,Yıllık,Sürekli Lig,Kanal/Yayın,İzleme,Takım,Jenerik,Türkçe,Long-tail,tk_kanal,Çekirdek,3600,LOW,3,0.31,0.07,0.32,evet,,18100,1900,20,20,20,20,10,140,50,8100,4400,hayır
filenin sultanları maçı saat kaçta,Süper Lig,Futbol,Lig,1. Seviye,Global Elit,Erkek,Kulüp,Takım Sporu,Türkiye,Yerli,Türk Takımı Var,TV+ Yok,Yıllık,Sürekli Lig,Takvim/Saat,Bilgi,Takım,Jenerik,Türkçe,Long-tail,tk_saat,Çekirdek,480,LOW,1,0.34,,,evet,,880,70,10,10,10,10,10,30,10,1600,720,hayır
filenin sultanları maçı ne zaman,Süper Lig,Futbol,Lig,1. Seviye,Global Elit,Erkek,Kulüp,Takım Sporu,Türkiye,Yerli,Türk Takımı Var,TV+ Yok,Yıllık,Sürekli Lig,Takvim/Saat,Bilgi,Takım,Jenerik,Türkçe,Long-tail,tk_nezaman,Çekirdek,22200,LOW,2,0.07,0.01,0.15,evet,,18100,1300,320,480,210,210,480,1600,1000,22200,49500,hayır
filenin sultanları canlı izle,Süper Lig,Futbol,Lig,1. Seviye,Global Elit,Erkek,Kulüp,Takım Sporu,Türkiye,Yerli,Türk Takımı Var,TV+ Yok,Yıllık,Sürekli Lig,Canlı İzle,İzleme,Takım,Jenerik,Türkçe,Body,tk_izle,Çekirdek,720,LOW,3,0.26,0.09,0.27,evet,,1900,210,10,10,10,10,10,0,10,720,210,hayır
filenin sultanları maçı canlı izle,Süper Lig,Futbol,Lig,1. Seviye,Global Elit,Erkek,Kulüp,Takım Sporu,Türkiye,Yerli,Türk Takımı Var,TV+ Yok,Yıllık,Sürekli Lig,Canlı İzle,İzleme,Takım,Jenerik,Türkçe,Long-tail,tk_macizle,Çekirdek,170,LOW,2,0.16,0.06,0.22,evet,,390,40,0,10,10,0,0,10,0,320,90,hayır
şampiyonlar ligi nerede izlenir,UEFA Şampiyonlar Ligi,Çoklu/Jenerik,Jenerik,Kıta Üstü,Global Elit,Karma,Kulüp,Takım Sporu,Global,Uluslararası,Yok,TV+ Var,Yıllık,Turnuva,Kanal/Yayın,İzleme,Lig/Organizasyon,Jenerik,Türkçe,Body,org_nerede,Çekirdek,390,LOW,27,0.4,0.13,0.68,evet,,20,590,1000,390,170,260,140,260,210,720,590,hayır
şampiyonlar ligi hangi kanalda izlenir,UEFA Şampiyonlar Ligi,Çoklu/Jenerik,Jenerik,Kıta Üstü,Global Elit,Karma,Kulüp,Takım Sporu,Global,Uluslararası,Yok,TV+ Var,Yıllık,Turnuva,Kanal/Yayın,İzleme,Lig/Organizasyon,Jenerik,Türkçe,Long-tail,org_kanal2,Çekirdek,10,LOW,24,,,,evet,,0,10,20,10,10,10,0,10,10,10,10,hayır
şampiyonlar ligi şifresiz izle,UEFA Şampiyonlar Ligi,Çoklu/Jenerik,Jenerik,Kıta Üstü,Global Elit,Karma,Kulüp,Takım Sporu,Global,Uluslararası,Yok,TV+ Var,Yıllık,Turnuva,Canlı İzle,İzleme,Lig/Organizasyon,Jenerik,Türkçe,Body,org_sifresiz,Çekirdek,10,,,,,,evet,,0,0,30,20,10,10,10,10,20,10,10,hayır
şampiyonlar ligi maçları saat kaçta,UEFA Şampiyonlar Ligi,Çoklu/Jenerik,Jenerik,Kıta Üstü,Global Elit,Karma,Kulüp,Takım Sporu,Global,Uluslararası,Yok,TV+ Var,Yıllık,Turnuva,Takvim/Saat,Bilgi,Lig/Organizasyon,Jenerik,Türkçe,Long-tail,org_saat,Çekirdek,210,LOW,2,,,,evet,,20,110,590,260,170,210,110,320,170,260,170,hayır
şampiyonlar ligi bugün maç var mı,UEFA Şampiyonlar Ligi,Çoklu/Jenerik,Jenerik,Kıta Üstü,Global Elit,Karma,Kulüp,Takım Sporu,Global,Uluslararası,Yok,TV+ Var,Yıllık,Turnuva,Takvim/Saat,Bilgi,Lig/Organizasyon,Jenerik,Türkçe,Long-tail,org_bugun,Çekirdek,110,LOW,1,,,,evet,,10,50,90,40,50,110,90,320,210,260,70,hayır
şampiyonlar ligi yayın akışı,UEFA Şampiyonlar Ligi,Çoklu/Jenerik,Jenerik,Kıta Üstü,Global Elit,Karma,Kulüp,Takım Sporu,Global,Uluslararası,Yok,TV+ Var,Yıllık,Turnuva,Kanal/Yayın,İzleme,Lig/Organizasyon,Jenerik,Türkçe,Body,org_akis,Çekirdek,590,LOW,4,,,,evet,,10,50,590,480,390,590,320,1600,1900,590,90,hayır
avrupa ligi nerede izlenir,UEFA Avrupa Ligi,Çoklu/Jenerik,Jenerik,Kıta Üstü,Global Elit,Karma,Kulüp,Takım Sporu,Global,Uluslararası,Yok,TV+ Var,Yıllık,Turnuva,Kanal/Yayın,İzleme,Lig/Organizasyon,Jenerik,İngilizce,Body,org_nerede,Çekirdek,,,,,,,hayir,,,,,,,,,,,,,hayır
avrupa ligi hangi kanalda izlenir,UEFA Avrupa Ligi,Çoklu/Jenerik,Jenerik,Kıta Üstü,Global Elit,Karma,Kulüp,Takım Sporu,Global,Uluslararası,Yok,TV+ Var,Yıllık,Turnuva,Kanal/Yayın,İzleme,Lig/Organizasyon,Jenerik,İngilizce,Long-tail,org_kanal2,Çekirdek,,,,,,,hayir,,,,,,,,,,,,,hayır
avrupa ligi şifresiz izle,UEFA Avrupa Ligi,Çoklu/Jenerik,Jenerik,Kıta Üstü,Global Elit,Karma,Kulüp,Takım Sporu,Global,Uluslararası,Yok,TV+ Var,Yıllık,Turnuva,Canlı İzle,İzleme,Lig/Organizasyon,Jenerik,Türkçe,Body,org_sifresiz,Çekirdek,,,,,,,hayir,,,,,,,,,,,,,hayır
avrupa ligi maçları saat kaçta,UEFA Avrupa Ligi,Çoklu/Jenerik,Jenerik,Kıta Üstü,Global Elit,Karma,Kulüp,Takım Sporu,Global,Uluslararası,Yok,TV+ Var,Yıllık,Turnuva,Takvim/Saat,Bilgi,Lig/Organizasyon,Jenerik,Türkçe,Long-tail,org_saat,Çekirdek,10,LOW,0,,,,evet,,10,10,10,0,10,10,10,10,10,10,20,hayır
avrupa ligi bugün maç var mı,UEFA Avrupa Ligi,Çoklu/Jenerik,Jenerik,Kıta Üstü,Global Elit,Karma,Kulüp,Takım Sporu,Global,Uluslararası,Yok,TV+ Var,Yıllık,Turnuva,Takvim/Saat,Bilgi,Lig/Organizasyon,Jenerik,Türkçe,Long-tail,org_bugun,Çekirdek,10,LOW,0,,,,evet,,10,10,10,10,10,10,10,10,10,0,10,hayır
avrupa ligi yayın akışı,UEFA Avrupa Ligi,Çoklu/Jenerik,Jenerik,Kıta Üstü,Global Elit,Karma,Kulüp,Takım Sporu,Global,Uluslararası,Yok,TV+ Var,Yıllık,Turnuva,Kanal/Yayın,İzleme,Lig/Organizasyon,Jenerik,Türkçe,Body,org_akis,Çekirdek,10,LOW,4,,,,evet,,10,10,30,0,10,10,10,10,10,30,10,hayır
konferans ligi nerede izlenir,UEFA Konferans Ligi,Çoklu/Jenerik,Jenerik,Kıta Üstü,Global Elit,Karma,Kulüp,Takım Sporu,Global,Uluslararası,Yok,TV+ Var,Yıllık,Turnuva,Kanal/Yayın,İzleme,Lig/Organizasyon,Jenerik,İngilizce,Body,org_nerede,Çekirdek,,,,,,,hayir,,,,,,,,,,,,,hayır
konferans ligi hangi kanalda izlenir,UEFA Konferans Ligi,Çoklu/Jenerik,Jenerik,Kıta Üstü,Global Elit,Karma,Kulüp,Takım Sporu,Global,Uluslararası,Yok,TV+ Var,Yıllık,Turnuva,Kanal/Yayın,İzleme,Lig/Organizasyon,Jenerik,İngilizce,Long-tail,org_kanal2,Çekirdek,,,,,,,hayir,,,,,,,,,,,,,hayır
konferans ligi şifresiz izle,UEFA Konferans Ligi,Çoklu/Jenerik,Jenerik,Kıta Üstü,Global Elit,Karma,Kulüp,Takım Sporu,Global,Uluslararası,Yok,TV+ Var,Yıllık,Turnuva,Canlı İzle,İzleme,Lig/Organizasyon,Jenerik,Türkçe,Body,org_sifresiz,Çekirdek,,,,,,,hayir,,,,,,,,,,,,,hayır
konferans ligi maçları saat kaçta,UEFA Konferans Ligi,Çoklu/Jenerik,Jenerik,Kıta Üstü,Global Elit,Karma,Kulüp,Takım Sporu,Global,Uluslararası,Yok,TV+ Var,Yıllık,Turnuva,Takvim/Saat,Bilgi,Lig/Organizasyon,Jenerik,Türkçe,Long-tail,org_saat,Çekirdek,10,LOW,0,,,,evet,,0,10,20,20,10,10,30,30,10,10,40,hayır
konferans ligi bugün maç var mı,UEFA Konferans Ligi,Çoklu/Jenerik,Jenerik,Kıta Üstü,Global Elit,Karma,Kulüp,Takım Sporu,Global,Uluslararası,Yok,TV+ Var,Yıllık,Turnuva,Takvim/Saat,Bilgi,Lig/Organizasyon,Jenerik,Türkçe,Long-tail,org_bugun,Çekirdek,,,,,,,hayir,,,,,,,,,,,,,hayır
konferans ligi yayın akışı,UEFA Konferans Ligi,Çoklu/Jenerik,Jenerik,Kıta Üstü,Global Elit,Karma,Kulüp,Takım Sporu,Global,Uluslararası,Yok,TV+ Var,Yıllık,Turnuva,Kanal/Yayın,İzleme,Lig/Organizasyon,Jenerik,Türkçe,Body,org_akis,Çekirdek,,,,,,,hayir,,,,,,,,,,,,,hayır
la liga nerede izlenir,La Liga,Çoklu/Jenerik,Jenerik,Kıta Üstü,Global Elit,Karma,Kulüp,Takım Sporu,Global,Uluslararası,Yok,TV+ Var,Yıllık,Turnuva,Kanal/Yayın,İzleme,Lig/Organizasyon,Jenerik,İngilizce,Body,org_nerede,Çekirdek,,,,,,,hayir,,,,,,,,,,,,,hayır
la liga hangi kanalda izlenir,La Liga,Çoklu/Jenerik,Jenerik,Kıta Üstü,Global Elit,Karma,Kulüp,Takım Sporu,Global,Uluslararası,Yok,TV+ Var,Yıllık,Turnuva,Kanal/Yayın,İzleme,Lig/Organizasyon,Jenerik,İngilizce,Long-tail,org_kanal2,Çekirdek,,,,,,,hayir,,,,,,,,,,,,,hayır
la liga şifresiz izle,La Liga,Çoklu/Jenerik,Jenerik,Kıta Üstü,Global Elit,Karma,Kulüp,Takım Sporu,Global,Uluslararası,Yok,TV+ Var,Yıllık,Turnuva,Canlı İzle,İzleme,Lig/Organizasyon,Jenerik,Türkçe,Body,org_sifresiz,Çekirdek,,,,,,,hayir,,,,,,,,,,,,,hayır
la liga maçları saat kaçta,La Liga,Çoklu/Jenerik,Jenerik,Kıta Üstü,Global Elit,Karma,Kulüp,Takım Sporu,Global,Uluslararası,Yok,TV+ Var,Yıllık,Turnuva,Takvim/Saat,Bilgi,Lig/Organizasyon,Jenerik,Türkçe,Long-tail,org_saat,Çekirdek,,,,,,,hayir,,,,,,,,,,,,,hayır
la liga bugün maç var mı,La Liga,Çoklu/Jenerik,Jenerik,Kıta Üstü,Global Elit,Karma,Kulüp,Takım Sporu,Global,Uluslararası,Yok,TV+ Var,Yıllık,Turnuva,Takvim/Saat,Bilgi,Lig/Organizasyon,Jenerik,Türkçe,Long-tail,org_bugun,Çekirdek,,,,,,,hayir,,,,,,,,,,,,,hayır
la liga yayın akışı,La Liga,Çoklu/Jenerik,Jenerik,Kıta Üstü,Global Elit,Karma,Kulüp,Takım Sporu,Global,Uluslararası,Yok,TV+ Var,Yıllık,Turnuva,Kanal/Yayın,İzleme,Lig/Organizasyon,Jenerik,Türkçe,Body,org_akis,Çekirdek,10,,,,,,evet,,0,10,10,10,10,10,10,20,10,10,10,hayır
serie a nerede izlenir,Serie A,Çoklu/Jenerik,Jenerik,Kıta Üstü,Global Elit,Karma,Kulüp,Takım Sporu,Global,Uluslararası,Yok,TV+ Var,Yıllık,Turnuva,Kanal/Yayın,İzleme,Lig/Organizasyon,Jenerik,İngilizce,Body,org_nerede,Çekirdek,,,,,,,hayir,,,,,,,,,,,,,hayır
serie a hangi kanalda izlenir,Serie A,Çoklu/Jenerik,Jenerik,Kıta Üstü,Global Elit,Karma,Kulüp,Takım Sporu,Global,Uluslararası,Yok,TV+ Var,Yıllık,Turnuva,Kanal/Yayın,İzleme,Lig/Organizasyon,Jenerik,İngilizce,Long-tail,org_kanal2,Çekirdek,,,,,,,hayir,,,,,,,,,,,,,hayır
serie a şifresiz izle,Serie A,Çoklu/Jenerik,Jenerik,Kıta Üstü,Global Elit,Karma,Kulüp,Takım Sporu,Global,Uluslararası,Yok,TV+ Var,Yıllık,Turnuva,Canlı İzle,İzleme,Lig/Organizasyon,Jenerik,Türkçe,Body,org_sifresiz,Çekirdek,,,,,,,hayir,,,,,,,,,,,,,hayır
serie a maçları saat kaçta,Serie A,Çoklu/Jenerik,Jenerik,Kıta Üstü,Global Elit,Karma,Kulüp,Takım Sporu,Global,Uluslararası,Yok,TV+ Var,Yıllık,Turnuva,Takvim/Saat,Bilgi,Lig/Organizasyon,Jenerik,Türkçe,Long-tail,org_saat,Çekirdek,,,,,,,hayir,,,,,,,,,,,,,hayır
serie a bugün maç var mı,Serie A,Çoklu/Jenerik,Jenerik,Kıta Üstü,Global Elit,Karma,Kulüp,Takım Sporu,Global,Uluslararası,Yok,TV+ Var,Yıllık,Turnuva,Takvim/Saat,Bilgi,Lig/Organizasyon,Jenerik,Türkçe,Long-tail,org_bugun,Çekirdek,,,,,,,hayir,,,,,,,,,,,,,hayır
serie a yayın akışı,Serie A,Çoklu/Jenerik,Jenerik,Kıta Üstü,Global Elit,Karma,Kulüp,Takım Sporu,Global,Uluslararası,Yok,TV+ Var,Yıllık,Turnuva,Kanal/Yayın,İzleme,Lig/Organizasyon,Jenerik,Türkçe,Body,org_akis,Çekirdek,,,,,,,hayir,,,,,,,,,,,,,hayır
euroleague nerede izlenir,EuroLeague,Çoklu/Jenerik,Jenerik,Kıta Üstü,Global Elit,Karma,Kulüp,Takım Sporu,Global,Uluslararası,Yok,TV+ Var,Yıllık,Turnuva,Kanal/Yayın,İzleme,Lig/Organizasyon,Jenerik,İngilizce,Body,org_nerede,Çekirdek,70,MEDIUM,48,0.41,0.11,0.72,evet,,30,90,40,50,70,40,70,50,140,170,20,hayır
euroleague hangi kanalda izlenir,EuroLeague,Çoklu/Jenerik,Jenerik,Kıta Üstü,Global Elit,Karma,Kulüp,Takım Sporu,Global,Uluslararası,Yok,TV+ Var,Yıllık,Turnuva,Kanal/Yayın,İzleme,Lig/Organizasyon,Jenerik,İngilizce,Body,org_kanal2,Çekirdek,,,,,,,hayir,,,,,,,,,,,,,hayır
euroleague şifresiz izle,EuroLeague,Çoklu/Jenerik,Jenerik,Kıta Üstü,Global Elit,Karma,Kulüp,Takım Sporu,Global,Uluslararası,Yok,TV+ Var,Yıllık,Turnuva,Canlı İzle,İzleme,Lig/Organizasyon,Jenerik,Türkçe,Body,org_sifresiz,Çekirdek,10,,,,,,evet,0,0,10,10,0,10,10,10,10,10,0,0,hayır
euroleague maçları saat kaçta,EuroLeague,Çoklu/Jenerik,Jenerik,Kıta Üstü,Global Elit,Karma,Kulüp,Takım Sporu,Global,Uluslararası,Yok,TV+ Var,Yıllık,Turnuva,Takvim/Saat,Bilgi,Lig/Organizasyon,Jenerik,Türkçe,Body,org_saat,Çekirdek,10,LOW,29,,,,evet,10,0,10,10,10,0,10,10,10,10,10,0,hayır
euroleague bugün maç var mı,EuroLeague,Çoklu/Jenerik,Jenerik,Kıta Üstü,Global Elit,Karma,Kulüp,Takım Sporu,Global,Uluslararası,Yok,TV+ Var,Yıllık,Turnuva,Takvim/Saat,Bilgi,Lig/Organizasyon,Jenerik,Türkçe,Long-tail,org_bugun,Çekirdek,,,,,,,hayir,,,,,,,,,,,,,hayır
euroleague yayın akışı,EuroLeague,Çoklu/Jenerik,Jenerik,Kıta Üstü,Global Elit,Karma,Kulüp,Takım Sporu,Global,Uluslararası,Yok,TV+ Var,Yıllık,Turnuva,Kanal/Yayın,İzleme,Lig/Organizasyon,Jenerik,Türkçe,Body,org_akis,Çekirdek,10,LOW,14,,,,evet,10,0,10,10,10,10,10,10,10,20,10,0,hayır
nba nerede izlenir,NBA,Çoklu/Jenerik,Jenerik,Kıta Üstü,Global Elit,Karma,Kulüp,Takım Sporu,Global,Uluslararası,Yok,TV+ Var,Yıllık,Turnuva,Kanal/Yayın,İzleme,Lig/Organizasyon,Jenerik,İngilizce,Body,org_nerede,Çekirdek,320,LOW,30,0.49,0.14,0.73,evet,50,210,390,260,210,210,260,390,590,720,140,90,hayır
nba hangi kanalda izlenir,NBA,Çoklu/Jenerik,Jenerik,Kıta Üstü,Global Elit,Karma,Kulüp,Takım Sporu,Global,Uluslararası,Yok,TV+ Var,Yıllık,Turnuva,Kanal/Yayın,İzleme,Lig/Organizasyon,Jenerik,İngilizce,Body,org_kanal2,Çekirdek,,,,,,,hayir,,,,,,,,,,,,,hayır
nba şifresiz izle,NBA,Çoklu/Jenerik,Jenerik,Kıta Üstü,Global Elit,Karma,Kulüp,Takım Sporu,Global,Uluslararası,Yok,TV+ Var,Yıllık,Turnuva,Canlı İzle,İzleme,Lig/Organizasyon,Jenerik,Türkçe,Body,org_sifresiz,Çekirdek,10,,,,,,evet,0,10,10,10,10,10,10,10,20,30,0,0,hayır
nba maçları saat kaçta,NBA,Çoklu/Jenerik,Jenerik,Kıta Üstü,Global Elit,Karma,Kulüp,Takım Sporu,Global,Uluslararası,Yok,TV+ Var,Yıllık,Turnuva,Takvim/Saat,Bilgi,Lig/Organizasyon,Jenerik,Türkçe,Body,org_saat,Çekirdek,20,LOW,6,,,,evet,10,30,30,30,10,20,10,10,30,40,40,10,hayır
nba bugün maç var mı,NBA,Çoklu/Jenerik,Jenerik,Kıta Üstü,Global Elit,Karma,Kulüp,Takım Sporu,Global,Uluslararası,Yok,TV+ Var,Yıllık,Turnuva,Takvim/Saat,Bilgi,Lig/Organizasyon,Jenerik,Türkçe,Long-tail,org_bugun,Çekirdek,,,,,,,hayir,,,,,,,,,,,,,hayır
nba yayın akışı,NBA,Çoklu/Jenerik,Jenerik,Kıta Üstü,Global Elit,Karma,Kulüp,Takım Sporu,Global,Uluslararası,Yok,TV+ Var,Yıllık,Turnuva,Kanal/Yayın,İzleme,Lig/Organizasyon,Jenerik,Türkçe,Body,org_akis,Çekirdek,390,LOW,8,,,,evet,10,90,590,720,590,480,480,590,590,320,10,30,hayır
ufc nerede izlenir,UFC,Çoklu/Jenerik,Jenerik,Kıta Üstü,Global Elit,Karma,Kulüp,Takım Sporu,Global,Uluslararası,Yok,TV+ Var,Yıllık,Turnuva,Kanal/Yayın,İzleme,Lig/Organizasyon,Jenerik,İngilizce,Body,org_nerede,Çekirdek,20,LOW,32,0.22,0.06,0.35,evet,30,20,20,10,10,10,10,10,40,40,20,70,hayır
ufc hangi kanalda izlenir,UFC,Çoklu/Jenerik,Jenerik,Kıta Üstü,Global Elit,Karma,Kulüp,Takım Sporu,Global,Uluslararası,Yok,TV+ Var,Yıllık,Turnuva,Kanal/Yayın,İzleme,Lig/Organizasyon,Jenerik,İngilizce,Body,org_kanal2,Çekirdek,10,MEDIUM,41,0.74,0.08,0.94,evet,10,10,10,10,10,0,10,10,10,10,10,10,hayır
ufc şifresiz izle,UFC,Çoklu/Jenerik,Jenerik,Kıta Üstü,Global Elit,Karma,Kulüp,Takım Sporu,Global,Uluslararası,Yok,TV+ Var,Yıllık,Turnuva,Canlı İzle,İzleme,Lig/Organizasyon,Jenerik,Türkçe,Body,org_sifresiz,Çekirdek,,,,,,,hayir,,,,,,,,,,,,,hayır
ufc maçları saat kaçta,UFC,Çoklu/Jenerik,Jenerik,Kıta Üstü,Global Elit,Karma,Kulüp,Takım Sporu,Global,Uluslararası,Yok,TV+ Var,Yıllık,Turnuva,Takvim/Saat,Bilgi,Lig/Organizasyon,Jenerik,Türkçe,Body,org_saat,Çekirdek,20,LOW,27,0.11,0.07,0.25,evet,20,70,20,10,10,10,20,20,30,20,10,70,hayır
ufc bugün maç var mı,UFC,Çoklu/Jenerik,Jenerik,Kıta Üstü,Global Elit,Karma,Kulüp,Takım Sporu,Global,Uluslararası,Yok,TV+ Var,Yıllık,Turnuva,Takvim/Saat,Bilgi,Lig/Organizasyon,Jenerik,Türkçe,Long-tail,org_bugun,Çekirdek,10,LOW,14,0.21,,,evet,10,10,10,10,10,10,10,10,10,10,10,10,hayır
ufc yayın akışı,UFC,Çoklu/Jenerik,Jenerik,Kıta Üstü,Global Elit,Karma,Kulüp,Takım Sporu,Global,Uluslararası,Yok,TV+ Var,Yıllık,Turnuva,Kanal/Yayın,İzleme,Lig/Organizasyon,Jenerik,Türkçe,Body,org_akis,Çekirdek,40,LOW,15,0.15,,,evet,40,40,50,20,50,10,40,20,50,30,10,40,hayır
motogp nerede izlenir,MotoGP,Çoklu/Jenerik,Jenerik,Kıta Üstü,Global Elit,Karma,Kulüp,Takım Sporu,Global,Uluslararası,Yok,TV+ Var,Yıllık,Turnuva,Kanal/Yayın,İzleme,Lig/Organizasyon,Jenerik,İngilizce,Body,org_nerede,Çekirdek,90,LOW,31,,,,evet,10,90,170,170,260,170,20,10,50,20,10,10,hayır
motogp hangi kanalda izlenir,MotoGP,Çoklu/Jenerik,Jenerik,Kıta Üstü,Global Elit,Karma,Kulüp,Takım Sporu,Global,Uluslararası,Yok,TV+ Var,Yıllık,Turnuva,Kanal/Yayın,İzleme,Lig/Organizasyon,Jenerik,İngilizce,Body,org_kanal2,Çekirdek,10,LOW,10,,,,evet,10,20,10,20,0,0,0,0,0,0,0,0,hayır
motogp şifresiz izle,MotoGP,Çoklu/Jenerik,Jenerik,Kıta Üstü,Global Elit,Karma,Kulüp,Takım Sporu,Global,Uluslararası,Yok,TV+ Var,Yıllık,Turnuva,Canlı İzle,İzleme,Lig/Organizasyon,Jenerik,Türkçe,Body,org_sifresiz,Çekirdek,10,LOW,29,,,,evet,10,10,10,10,50,0,0,0,0,0,0,0,hayır
motogp maçları saat kaçta,MotoGP,Çoklu/Jenerik,Jenerik,Kıta Üstü,Global Elit,Karma,Kulüp,Takım Sporu,Global,Uluslararası,Yok,TV+ Var,Yıllık,Turnuva,Takvim/Saat,Bilgi,Lig/Organizasyon,Jenerik,Türkçe,Body,org_saat,Çekirdek,,,,,,,hayir,,,,,,,,,,,,,hayır
motogp bugün maç var mı,MotoGP,Çoklu/Jenerik,Jenerik,Kıta Üstü,Global Elit,Karma,Kulüp,Takım Sporu,Global,Uluslararası,Yok,TV+ Var,Yıllık,Turnuva,Takvim/Saat,Bilgi,Lig/Organizasyon,Jenerik,Türkçe,Long-tail,org_bugun,Çekirdek,,,,,,,hayir,,,,,,,,,,,,,hayır
motogp yayın akışı,MotoGP,Çoklu/Jenerik,Jenerik,Kıta Üstü,Global Elit,Karma,Kulüp,Takım Sporu,Global,Uluslararası,Yok,TV+ Var,Yıllık,Turnuva,Kanal/Yayın,İzleme,Lig/Organizasyon,Jenerik,Türkçe,Body,org_akis,Çekirdek,110,LOW,11,0.1,0.02,0.07,evet,50,140,210,140,480,110,10,10,50,10,30,30,hayır
fa cup nerede izlenir,FA Cup,Çoklu/Jenerik,Jenerik,Kıta Üstü,Global Elit,Karma,Kulüp,Takım Sporu,Global,Uluslararası,Yok,TV+ Var,Yıllık,Turnuva,Kanal/Yayın,İzleme,Lig/Organizasyon,Jenerik,İngilizce,Body,org_nerede,Çekirdek,,,,,,,hayir,,,,,,,,,,,,,hayır
fa cup hangi kanalda izlenir,FA Cup,Çoklu/Jenerik,Jenerik,Kıta Üstü,Global Elit,Karma,Kulüp,Takım Sporu,Global,Uluslararası,Yok,TV+ Var,Yıllık,Turnuva,Kanal/Yayın,İzleme,Lig/Organizasyon,Jenerik,İngilizce,Long-tail,org_kanal2,Çekirdek,,,,,,,hayir,,,,,,,,,,,,,hayır
fa cup şifresiz izle,FA Cup,Çoklu/Jenerik,Jenerik,Kıta Üstü,Global Elit,Karma,Kulüp,Takım Sporu,Global,Uluslararası,Yok,TV+ Var,Yıllık,Turnuva,Canlı İzle,İzleme,Lig/Organizasyon,Jenerik,Türkçe,Body,org_sifresiz,Çekirdek,,,,,,,hayir,,,,,,,,,,,,,hayır
fa cup maçları saat kaçta,FA Cup,Çoklu/Jenerik,Jenerik,Kıta Üstü,Global Elit,Karma,Kulüp,Takım Sporu,Global,Uluslararası,Yok,TV+ Var,Yıllık,Turnuva,Takvim/Saat,Bilgi,Lig/Organizasyon,Jenerik,Türkçe,Long-tail,org_saat,Çekirdek,,,,,,,hayir,,,,,,,,,,,,,hayır
fa cup bugün maç var mı,FA Cup,Çoklu/Jenerik,Jenerik,Kıta Üstü,Global Elit,Karma,Kulüp,Takım Sporu,Global,Uluslararası,Yok,TV+ Var,Yıllık,Turnuva,Takvim/Saat,Bilgi,Lig/Organizasyon,Jenerik,Türkçe,Long-tail,org_bugun,Çekirdek,,,,,,,hayir,,,,,,,,,,,,,hayır
fa cup yayın akışı,FA Cup,Çoklu/Jenerik,Jenerik,Kıta Üstü,Global Elit,Karma,Kulüp,Takım Sporu,Global,Uluslararası,Yok,TV+ Var,Yıllık,Turnuva,Kanal/Yayın,İzleme,Lig/Organizasyon,Jenerik,Türkçe,Body,org_akis,Çekirdek,,,,,,,hayir,,,,,,,,,,,,,hayır
filenin sultanları nerede izlenir,Kadın Voleybol Milli Takımı,Çoklu/Jenerik,Jenerik,Kıta Üstü,Global Elit,Karma,Kulüp,Takım Sporu,Global,Uluslararası,Yok,TV+ Var,Yıllık,Turnuva,Kanal/Yayın,İzleme,Lig/Organizasyon,Jenerik,Türkçe,Body,org_nerede,Çekirdek,10,LOW,14,0.18,0.27,0.38,evet,70,30,10,0,0,0,0,0,0,10,30,10,hayır
filenin sultanları hangi kanalda izlenir,Kadın Voleybol Milli Takımı,Çoklu/Jenerik,Jenerik,Kıta Üstü,Global Elit,Karma,Kulüp,Takım Sporu,Global,Uluslararası,Yok,TV+ Var,Yıllık,Turnuva,Kanal/Yayın,İzleme,Lig/Organizasyon,Jenerik,Türkçe,Long-tail,org_kanal2,Çekirdek,,,,,,,hayir,,,,,,,,,,,,,hayır
filenin sultanları şifresiz izle,Kadın Voleybol Milli Takımı,Çoklu/Jenerik,Jenerik,Kıta Üstü,Global Elit,Karma,Kulüp,Takım Sporu,Global,Uluslararası,Yok,TV+ Var,Yıllık,Turnuva,Canlı İzle,İzleme,Lig/Organizasyon,Jenerik,Türkçe,Body,org_sifresiz,Çekirdek,,,,,,,hayir,,,,,,,,,,,,,hayır
filenin sultanları bugün maç var mı,Kadın Voleybol Milli Takımı,Çoklu/Jenerik,Jenerik,Kıta Üstü,Global Elit,Karma,Kulüp,Takım Sporu,Global,Uluslararası,Yok,TV+ Var,Yıllık,Turnuva,Takvim/Saat,Bilgi,Lig/Organizasyon,Jenerik,Türkçe,Long-tail,org_bugun,Çekirdek,50,LOW,2,0.23,,,evet,170,170,20,10,10,10,10,10,10,10,90,90,hayır
filenin sultanları yayın akışı,Kadın Voleybol Milli Takımı,Çoklu/Jenerik,Jenerik,Kıta Üstü,Global Elit,Karma,Kulüp,Takım Sporu,Global,Uluslararası,Yok,TV+ Var,Yıllık,Turnuva,Kanal/Yayın,İzleme,Lig/Organizasyon,Jenerik,Türkçe,Body,org_akis,Çekirdek,,,,,,,hayir,,,,,,,,,,,,,hayır
filenin efeleri nerede izlenir,Erkek Voleybol Milli Takımı,Çoklu/Jenerik,Jenerik,Kıta Üstü,Global Elit,Karma,Kulüp,Takım Sporu,Global,Uluslararası,Yok,TV+ Var,Yıllık,Turnuva,Kanal/Yayın,İzleme,Lig/Organizasyon,Jenerik,İngilizce,Body,org_nerede,Çekirdek,,,,,,,hayir,,,,,,,,,,,,,hayır
filenin efeleri hangi kanalda izlenir,Erkek Voleybol Milli Takımı,Çoklu/Jenerik,Jenerik,Kıta Üstü,Global Elit,Karma,Kulüp,Takım Sporu,Global,Uluslararası,Yok,TV+ Var,Yıllık,Turnuva,Kanal/Yayın,İzleme,Lig/Organizasyon,Jenerik,İngilizce,Long-tail,org_kanal2,Çekirdek,,,,,,,hayir,,,,,,,,,,,,,hayır
filenin efeleri şifresiz izle,Erkek Voleybol Milli Takımı,Çoklu/Jenerik,Jenerik,Kıta Üstü,Global Elit,Karma,Kulüp,Takım Sporu,Global,Uluslararası,Yok,TV+ Var,Yıllık,Turnuva,Canlı İzle,İzleme,Lig/Organizasyon,Jenerik,Türkçe,Body,org_sifresiz,Çekirdek,,,,,,,hayir,,,,,,,,,,,,,hayır
filenin efeleri maçları saat kaçta,Erkek Voleybol Milli Takımı,Çoklu/Jenerik,Jenerik,Kıta Üstü,Global Elit,Karma,Kulüp,Takım Sporu,Global,Uluslararası,Yok,TV+ Var,Yıllık,Turnuva,Takvim/Saat,Bilgi,Lig/Organizasyon,Jenerik,Türkçe,Long-tail,org_saat,Çekirdek,,,,,,,hayir,,,,,,,,,,,,,hayır
filenin efeleri bugün maç var mı,Erkek Voleybol Milli Takımı,Çoklu/Jenerik,Jenerik,Kıta Üstü,Global Elit,Karma,Kulüp,Takım Sporu,Global,Uluslararası,Yok,TV+ Var,Yıllık,Turnuva,Takvim/Saat,Bilgi,Lig/Organizasyon,Jenerik,Türkçe,Long-tail,org_bugun,Çekirdek,40,LOW,0,,,,evet,140,170,10,10,0,0,0,0,10,10,90,40,hayır
filenin efeleri yayın akışı,Erkek Voleybol Milli Takımı,Çoklu/Jenerik,Jenerik,Kıta Üstü,Global Elit,Karma,Kulüp,Takım Sporu,Global,Uluslararası,Yok,TV+ Var,Yıllık,Turnuva,Kanal/Yayın,İzleme,Lig/Organizasyon,Jenerik,Türkçe,Body,org_akis,Çekirdek,,,,,,,hayir,,,,,,,,,,,,,hayır
wimbledon nerede izlenir,Wimbledon,Çoklu/Jenerik,Jenerik,Kıta Üstü,Global Elit,Karma,Kulüp,Takım Sporu,Global,Uluslararası,Yok,TV+ Var,Yıllık,Turnuva,Kanal/Yayın,İzleme,Lig/Organizasyon,Jenerik,İngilizce,Body,org_nerede,Çekirdek,20,MEDIUM,36,0.36,0.14,0.46,evet,170,110,10,10,0,10,10,10,10,0,10,10,hayır
wimbledon hangi kanalda izlenir,Wimbledon,Çoklu/Jenerik,Jenerik,Kıta Üstü,Global Elit,Karma,Kulüp,Takım Sporu,Global,Uluslararası,Yok,TV+ Var,Yıllık,Turnuva,Kanal/Yayın,İzleme,Lig/Organizasyon,Jenerik,İngilizce,Body,org_kanal2,Çekirdek,,,,,,,hayir,,,,,,,,,,,,,hayır
wimbledon şifresiz izle,Wimbledon,Çoklu/Jenerik,Jenerik,Kıta Üstü,Global Elit,Karma,Kulüp,Takım Sporu,Global,Uluslararası,Yok,TV+ Var,Yıllık,Turnuva,Canlı İzle,İzleme,Lig/Organizasyon,Jenerik,Türkçe,Body,org_sifresiz,Çekirdek,,,,,,,hayir,,,,,,,,,,,,,hayır
wimbledon maçları saat kaçta,Wimbledon,Çoklu/Jenerik,Jenerik,Kıta Üstü,Global Elit,Karma,Kulüp,Takım Sporu,Global,Uluslararası,Yok,TV+ Var,Yıllık,Turnuva,Takvim/Saat,Bilgi,Lig/Organizasyon,Jenerik,Türkçe,Body,org_saat,Çekirdek,,,,,,,hayir,,,,,,,,,,,,,hayır
wimbledon bugün maç var mı,Wimbledon,Çoklu/Jenerik,Jenerik,Kıta Üstü,Global Elit,Karma,Kulüp,Takım Sporu,Global,Uluslararası,Yok,TV+ Var,Yıllık,Turnuva,Takvim/Saat,Bilgi,Lig/Organizasyon,Jenerik,Türkçe,Long-tail,org_bugun,Çekirdek,,,,,,,hayir,,,,,,,,,,,,,hayır
wimbledon yayın akışı,Wimbledon,Çoklu/Jenerik,Jenerik,Kıta Üstü,Global Elit,Karma,Kulüp,Takım Sporu,Global,Uluslararası,Yok,TV+ Var,Yıllık,Turnuva,Kanal/Yayın,İzleme,Lig/Organizasyon,Jenerik,Türkçe,Body,org_akis,Çekirdek,20,LOW,6,0.22,0.06,0.19,evet,140,90,0,10,10,10,0,10,0,0,10,0,hayır
