keyword,organizasyon,spor_dali,musabaka_tipi,lig_seviyesi,prestij_katmani,cinsiyet,kulup_milli,takim_bireysel,cografya,yerlilik,turk_baglantisi,yayin_hakki,periyodiklik,takvim_tipi,sayfa_tipi,intent_katmani,entity_tipi,marka_tipi,dil,sorgu_uzunlugu,varyant_kodu,search_volume,competition,competition_index,cpc,low_bid,high_bid,veri_var,2026-07,2026-06,2026-05,2026-04,2026-03,2026-02,2026-01,2025-12,2025-11,2025-10,2025-09,2025-08,2025-07,2025-06,2025-05,2025-04,2025-03,2025-02,2025-01,2024-12,2024-11,2024-10,2024-09,2024-08,2024-07,2024-06,2024-05,2024-04,2024-03,2024-02,2024-01,kurum_sorgusu,oyuncu_dogrulama,faset_notu,mantik_denetim,katman
süper lig,Süper Lig,Futbol,Lig,1. Seviye,Global Elit,Erkek,Kulüp,Takım Sporu,Türkiye,Yerli,Türk Takımı Var,TV+ Yok,Yıllık,Sürekli Lig,Jenerik,Bilgi,Lig/Organizasyon,Jenerik,Türkçe,Head,jen,11100000,LOW,5,0.41,0.13,0.47,evet,823000,450000,11100000,20400000,11100000,16600000,9140000,13600000,13600000,11100000,11100000,11100000,823000,1500000,13600000,13600000,13600000,13600000,13600000,13600000,9140000,9140000,11100000,11100000,823000,673000,20400000,16600000,13600000,16600000,20400000,hayır,,,Geçerli,Ana Liste
süper lig puan durumu,Süper Lig,Futbol,Lig,1. Seviye,Global Elit,Erkek,Kulüp,Takım Sporu,Türkiye,Yerli,Türk Takımı Var,TV+ Yok,Yıllık,Sürekli Lig,Puan Durumu,Bilgi,Lig/Organizasyon,Jenerik,Türkçe,Body,pd,9140000,LOW,1,0.61,0.04,0.31,evet,550000,246000,13600000,20400000,11100000,11100000,7480000,11100000,9140000,7480000,7480000,6120000,450000,1500000,13600000,16600000,13600000,11100000,11100000,11100000,9140000,9140000,9140000,7480000,301000,246000,11100000,6120000,5000000,6120000,6120000,hayır,,,Geçerli,Ana Liste
süper lig fikstür,Süper Lig,Futbol,Lig,1. Seviye,Global Elit,Erkek,Kulüp,Takım Sporu,Türkiye,Yerli,Türk Takımı Var,TV+ Yok,Yıllık,Sürekli Lig,Fikstür,Bilgi,Lig/Organizasyon,Jenerik,Türkçe,Body,fik,246000,LOW,4,0.16,0.02,0.27,evet,135000,14800,201000,368000,246000,301000,165000,246000,246000,246000,246000,246000,110000,22200,246000,301000,246000,246000,246000,246000,201000,201000,246000,301000,110000,12100,368000,301000,246000,301000,450000,hayır,,,Geçerli,Ana Liste
süper lig maç sonuçları,Süper Lig,Futbol,Lig,1. Seviye,Global Elit,Erkek,Kulüp,Takım Sporu,Türkiye,Yerli,Türk Takımı Var,TV+ Yok,Yıllık,Sürekli Lig,Maç/Skor,Bilgi,Lig/Organizasyon,Jenerik,Türkçe,Body,mac,201000,LOW,2,0.18,0.04,0.31,evet,1900,1300,201000,301000,201000,301000,165000,246000,301000,246000,246000,246000,2900,18100,301000,301000,301000,301000,301000,301000,246000,246000,301000,301000,3600,3600,450000,368000,368000,450000,550000,hayır,,,Geçerli,Ana Liste
süper lig canlı izle,Süper Lig,Futbol,Lig,1. Seviye,Global Elit,Erkek,Kulüp,Takım Sporu,Türkiye,Yerli,Türk Takımı Var,TV+ Yok,Yıllık,Sürekli Lig,Canlı İzle,İzleme,Lig/Organizasyon,Jenerik,Türkçe,Body,izle,320,LOW,10,0.12,0.08,0.3,evet,40,30,260,480,260,480,140,390,320,320,320,590,30,50,260,260,390,590,480,480,390,480,880,720,50,10,1600,590,720,720,720,hayır,,,Geçerli,Ana Liste
süper lig hangi kanalda,Süper Lig,Futbol,Lig,1. Seviye,Global Elit,Erkek,Kulüp,Takım Sporu,Türkiye,Yerli,Türk Takımı Var,TV+ Yok,Yıllık,Sürekli Lig,Kanal/Yayın,İzleme,Lig/Organizasyon,Jenerik,Türkçe,Body,kan,590,MEDIUM,58,0.45,0.11,0.47,evet,480,110,260,480,320,390,320,590,480,390,590,1900,720,110,260,260,260,590,320,480,390,480,1300,3600,8100,6600,8100,880,480,480,480,hayır,,,Geçerli,Ana Liste
trendyol süper lig,Süper Lig,Futbol,Lig,1. Seviye,Global Elit,Erkek,Kulüp,Takım Sporu,Türkiye,Yerli,Türk Takımı Var,TV+ Yok,Yıllık,Sürekli Lig,Jenerik,Bilgi,Lig/Organizasyon,Jenerik,Türkçe,Body,jen,301000,LOW,2,0.28,0.09,0.4,evet,49500,18100,301000,450000,301000,368000,201000,368000,301000,246000,301000,301000,33100,40500,368000,368000,368000,301000,301000,301000,246000,246000,301000,301000,33100,18100,368000,301000,246000,301000,450000,hayır,,,Geçerli,Ana Liste
trendyol süper lig puan durumu,Süper Lig,Futbol,Lig,1. Seviye,Global Elit,Erkek,Kulüp,Takım Sporu,Türkiye,Yerli,Türk Takımı Var,TV+ Yok,Yıllık,Sürekli Lig,Puan Durumu,Bilgi,Lig/Organizasyon,Jenerik,Türkçe,Long-tail,pd,110000,LOW,1,0.26,0.04,0.3,evet,14800,8100,165000,301000,135000,165000,110000,135000,90500,60500,49500,49500,9900,18100,110000,135000,135000,135000,90500,135000,90500,60500,60500,60500,6600,8100,301000,135000,110000,135000,110000,hayır,,,Geçerli,Ana Liste
trendyol süper lig fikstür,Süper Lig,Futbol,Lig,1. Seviye,Global Elit,Erkek,Kulüp,Takım Sporu,Türkiye,Yerli,Türk Takımı Var,TV+ Yok,Yıllık,Sürekli Lig,Fikstür,Bilgi,Lig/Organizasyon,Jenerik,Türkçe,Body,fik,4400,LOW,2,0.09,0.03,0.26,evet,4400,390,4400,8100,5400,5400,3600,5400,5400,4400,4400,4400,2400,590,4400,6600,6600,5400,5400,5400,4400,4400,5400,6600,2900,260,8100,6600,6600,8100,9900,hayır,,,Geçerli,Ana Liste
trendyol süper lig maç sonuçları,Süper Lig,Futbol,Lig,1. Seviye,Global Elit,Erkek,Kulüp,Takım Sporu,Türkiye,Yerli,Türk Takımı Var,TV+ Yok,Yıllık,Sürekli Lig,Maç/Skor,Bilgi,Lig/Organizasyon,Jenerik,Türkçe,Long-tail,mac,1900,LOW,1,,,,evet,30,20,2400,3600,1900,2900,1600,2400,2400,1900,1900,2400,70,260,2900,2900,2900,2400,2400,2400,1900,1600,1900,2900,30,50,5400,3600,2900,2900,3600,hayır,,,Geçerli,Ana Liste
trendyol süper lig canlı izle,Süper Lig,Futbol,Lig,1. Seviye,Global Elit,Erkek,Kulüp,Takım Sporu,Türkiye,Yerli,Türk Takımı Var,TV+ Yok,Yıllık,Sürekli Lig,Canlı İzle,İzleme,Lig/Organizasyon,Jenerik,Türkçe,Long-tail,izle,50,LOW,14,,,,evet,10,0,40,110,110,70,50,70,40,50,10,20,10,10,30,20,30,170,50,90,40,140,110,110,20,10,90,30,50,40,30,hayır,,,Geçerli,Ana Liste
trendyol süper lig hangi kanalda,Süper Lig,Futbol,Lig,1. Seviye,Global Elit,Erkek,Kulüp,Takım Sporu,Türkiye,Yerli,Türk Takımı Var,TV+ Yok,Yıllık,Sürekli Lig,Kanal/Yayın,İzleme,Lig/Organizasyon,Jenerik,Türkçe,Long-tail,kan,90,MEDIUM,43,0.47,0.11,0.41,evet,110,10,30,50,40,70,40,70,70,70,90,390,70,30,40,20,50,110,50,70,50,90,170,390,140,20,70,20,40,50,70,hayır,,,Geçerli,Ana Liste
1. lig,TFF 1. Lig,Futbol,Lig,2. Seviye,Orta,Erkek,Kulüp,Takım Sporu,Türkiye,Yerli,Türk Takımı Var,TV+ Yok,Yıllık,Sürekli Lig,Jenerik,Bilgi,Lig/Organizasyon,Jenerik,İngilizce,Head,jen,550000,LOW,0,0.37,0.09,0.35,evet,33100,18100,673000,1500000,1000000,1000000,550000,673000,550000,450000,450000,450000,33100,40500,550000,823000,673000,673000,550000,450000,368000,368000,450000,450000,33100,27100,550000,673000,450000,550000,450000,hayır,,,Geçerli,Ana Liste
1. lig puan durumu,TFF 1. Lig,Futbol,Lig,2. Seviye,Orta,Erkek,Kulüp,Takım Sporu,Türkiye,Yerli,Türk Takımı Var,TV+ Yok,Yıllık,Sürekli Lig,Puan Durumu,Bilgi,Lig/Organizasyon,Jenerik,İngilizce,Body,pd,550000,LOW,0,0.07,0.01,0.43,evet,9900,9900,550000,1500000,1000000,823000,450000,550000,368000,301000,368000,246000,14800,33100,450000,823000,450000,450000,368000,301000,246000,201000,201000,165000,12100,14800,368000,550000,301000,301000,246000,hayır,,,Geçerli,Ana Liste
1. lig fikstür,TFF 1. Lig,Futbol,Lig,2. Seviye,Orta,Erkek,Kulüp,Takım Sporu,Türkiye,Yerli,Türk Takımı Var,TV+ Yok,Yıllık,Sürekli Lig,Fikstür,Bilgi,Lig/Organizasyon,Jenerik,Türkçe,Body,fik,12100,LOW,1,0.15,0.03,0.31,evet,6600,590,8100,27100,22200,18100,12100,12100,9900,9900,9900,12100,6600,880,8100,18100,12100,12100,9900,8100,8100,8100,9900,12100,12100,590,9900,18100,9900,12100,9900,hayır,,,Geçerli,Ana Liste
1. lig maç sonuçları,TFF 1. Lig,Futbol,Lig,2. Seviye,Orta,Erkek,Kulüp,Takım Sporu,Türkiye,Yerli,Türk Takımı Var,TV+ Yok,Yıllık,Sürekli Lig,Maç/Skor,Bilgi,Lig/Organizasyon,Jenerik,Türkçe,Body,mac,27100,LOW,2,,,,evet,110,90,12100,49500,40500,40500,27100,27100,27100,22200,22200,27100,170,260,14800,40500,40500,33100,27100,27100,27100,22200,27100,27100,210,260,18100,40500,33100,40500,33100,hayır,,,Geçerli,Ana Liste
1. lig canlı izle,TFF 1. Lig,Futbol,Lig,2. Seviye,Orta,Erkek,Kulüp,Takım Sporu,Türkiye,Yerli,Türk Takımı Var,TV+ Yok,Yıllık,Sürekli Lig,Canlı İzle,İzleme,Lig/Organizasyon,Jenerik,Türkçe,Body,izle,10,LOW,0,,,,evet,10,0,20,20,10,10,10,10,10,10,10,20,0,0,10,10,10,10,10,10,10,10,10,10,10,0,10,20,10,10,10,hayır,,,Geçerli,Ana Liste
1. lig hangi kanalda,TFF 1. Lig,Futbol,Lig,2. Seviye,Orta,Erkek,Kulüp,Takım Sporu,Türkiye,Yerli,Türk Takımı Var,TV+ Yok,Yıllık,Sürekli Lig,Kanal/Yayın,İzleme,Lig/Organizasyon,Jenerik,İngilizce,Body,kan,140,LOW,10,0.19,0.1,0.34,evet,140,10,170,140,40,50,70,50,20,30,50,1000,50,20,50,50,50,50,50,40,30,40,90,1000,110,30,90,70,90,20,40,hayır,,,Geçerli,Ana Liste
trendyol 1. lig,TFF 1. Lig,Futbol,Lig,2. Seviye,Orta,Erkek,Kulüp,Takım Sporu,Türkiye,Yerli,Türk Takımı Var,TV+ Yok,Yıllık,Sürekli Lig,Jenerik,Bilgi,Lig/Organizasyon,Jenerik,İngilizce,Body,jen,90500,LOW,0,,0.16,0.58,evet,9900,4400,110000,201000,135000,165000,90500,90500,74000,60500,90500,90500,8100,9900,90500,165000,110000,90500,74000,49500,49500,40500,60500,74000,6600,4400,60500,90500,49500,49500,40500,hayır,,,Geçerli,Ana Liste
trendyol 1. lig puan durumu,TFF 1. Lig,Futbol,Lig,2. Seviye,Orta,Erkek,Kulüp,Takım Sporu,Türkiye,Yerli,Türk Takımı Var,TV+ Yok,Yıllık,Sürekli Lig,Puan Durumu,Bilgi,Lig/Organizasyon,Jenerik,İngilizce,Long-tail,pd,49500,LOW,0,,,,evet,1900,1600,49500,135000,90500,90500,49500,60500,40500,27100,27100,18100,2900,5400,49500,74000,40500,40500,33100,33100,33100,27100,27100,18100,1900,1900,40500,60500,33100,40500,33100,hayır,,,Geçerli,Ana Liste
trendyol 1. lig fikstür,TFF 1. Lig,Futbol,Lig,2. Seviye,Orta,Erkek,Kulüp,Takım Sporu,Türkiye,Yerli,Türk Takımı Var,TV+ Yok,Yıllık,Sürekli Lig,Fikstür,Bilgi,Lig/Organizasyon,Jenerik,Türkçe,Body,fik,1900,LOW,0,,,,evet,2400,170,880,3600,2900,2900,1600,1600,1600,1300,1300,1300,1900,210,880,1900,720,1300,1300,880,1000,880,1300,1600,3600,140,1000,2400,1000,1600,1300,hayır,,,Geçerli,Ana Liste
trendyol 1. lig maç sonuçları,TFF 1. Lig,Futbol,Lig,2. Seviye,Orta,Erkek,Kulüp,Takım Sporu,Türkiye,Yerli,Türk Takımı Var,TV+ Yok,Yıllık,Sürekli Lig,Maç/Skor,Bilgi,Lig/Organizasyon,Jenerik,Türkçe,Long-tail,mac,1900,LOW,0,,,,evet,30,20,1300,4400,3600,3600,1900,2400,2400,1900,1600,1600,10,20,1300,2900,1900,2400,2400,1900,1900,1900,1900,1900,20,20,1900,3600,2400,2400,1900,hayır,,,Geçerli,Ana Liste
trendyol 1. lig canlı izle,TFF 1. Lig,Futbol,Lig,2. Seviye,Orta,Erkek,Kulüp,Takım Sporu,Türkiye,Yerli,Türk Takımı Var,TV+ Yok,Yıllık,Sürekli Lig,Canlı İzle,İzleme,Lig/Organizasyon,Jenerik,Türkçe,Long-tail,izle,20,LOW,0,,,,evet,10,0,30,50,20,30,10,10,10,10,10,30,10,0,10,10,10,10,10,10,10,10,20,90,0,0,0,0,0,0,0,hayır,,,Geçerli,Ana Liste
trendyol 1. lig hangi kanalda,TFF 1. Lig,Futbol,Lig,2. Seviye,Orta,Erkek,Kulüp,Takım Sporu,Türkiye,Yerli,Türk Takımı Var,TV+ Yok,Yıllık,Sürekli Lig,Kanal/Yayın,İzleme,Lig/Organizasyon,Jenerik,İngilizce,Long-tail,kan,140,LOW,4,0.08,0.07,0.26,evet,260,20,70,90,40,40,40,40,30,30,70,880,140,20,70,50,50,20,30,30,30,30,40,880,260,30,70,40,40,30,20,hayır,,,Geçerli,Ana Liste
2. lig,TFF 2. Lig,Futbol,Lig,Alt Seviye,Niş,Erkek,Kulüp,Takım Sporu,Türkiye,Yerli,Türk Takımı Var,TV+ Yok,Yıllık,Sürekli Lig,Jenerik,Bilgi,Lig/Organizasyon,Jenerik,İngilizce,Head,jen,135000,LOW,0,,0.07,0.28,evet,12100,12100,135000,246000,201000,165000,135000,165000,135000,165000,165000,110000,14800,40500,246000,246000,135000,110000,74000,90500,110000,110000,110000,33100,12100,22200,201000,301000,201000,165000,135000,hayır,,,Geçerli,Ana Liste
2. lig puan durumu,TFF 2. Lig,Futbol,Lig,Alt Seviye,Niş,Erkek,Kulüp,Takım Sporu,Türkiye,Yerli,Türk Takımı Var,TV+ Yok,Yıllık,Sürekli Lig,Puan Durumu,Bilgi,Lig/Organizasyon,Jenerik,İngilizce,Body,pd,110000,LOW,1,,0.06,0.3,evet,5400,6600,90500,246000,165000,135000,110000,135000,90500,110000,110000,49500,6600,18100,135000,201000,165000,74000,49500,60500,60500,49500,49500,14800,4400,8100,90500,201000,110000,90500,74000,hayır,,,Geçerli,Ana Liste
2. lig fikstür,TFF 2. Lig,Futbol,Lig,Alt Seviye,Niş,Erkek,Kulüp,Takım Sporu,Türkiye,Yerli,Türk Takımı Var,TV+ Yok,Yıllık,Sürekli Lig,Fikstür,Bilgi,Lig/Organizasyon,Jenerik,Türkçe,Body,fik,1600,LOW,1,0.17,0.05,0.44,evet,1900,720,880,2400,1900,1900,1600,1600,1300,1600,1900,1900,4400,1300,1000,1600,880,880,480,720,880,880,1300,1900,2900,590,1000,2400,1600,1300,1300,hayır,,,Geçerli,Ana Liste
3. lig,TFF 3. Lig,Futbol,Lig,Alt Seviye,Niş,Erkek,Kulüp,Takım Sporu,Türkiye,Yerli,Türk Takımı Var,TV+ Yok,Yıllık,Sürekli Lig,Jenerik,Bilgi,Lig/Organizasyon,Jenerik,İngilizce,Head,jen,90500,LOW,2,0.21,0.1,0.14,evet,40500,14800,74000,201000,110000,74000,74000,90500,90500,135000,110000,33100,22200,40500,201000,301000,135000,110000,74000,110000,135000,110000,110000,27100,14800,14800,135000,135000,110000,90500,60500,hayır,,,Geçerli,Ana Liste
3. lig puan durumu,TFF 3. Lig,Futbol,Lig,Alt Seviye,Niş,Erkek,Kulüp,Takım Sporu,Türkiye,Yerli,Türk Takımı Var,TV+ Yok,Yıllık,Sürekli Lig,Puan Durumu,Bilgi,Lig/Organizasyon,Jenerik,İngilizce,Body,pd,110000,LOW,0,,0.1,0.66,evet,9900,9900,110000,246000,135000,135000,110000,135000,135000,201000,135000,33100,12100,22200,165000,673000,368000,246000,165000,246000,246000,246000,201000,33100,8100,9900,60500,165000,90500,74000,40500,hayır,,,Geçerli,Ana Liste
3. lig fikstür,TFF 3. Lig,Futbol,Lig,Alt Seviye,Niş,Erkek,Kulüp,Takım Sporu,Türkiye,Yerli,Türk Takımı Var,TV+ Yok,Yıllık,Sürekli Lig,Fikstür,Bilgi,Lig/Organizasyon,Jenerik,Türkçe,Body,fik,880,LOW,1,0.09,0.09,0.5,evet,1900,260,320,1000,880,880,720,880,880,1300,1300,1000,2400,720,590,2400,1600,1000,880,1300,1900,1900,1900,2900,2900,880,720,1000,880,880,480,hayır,,,Geçerli,Ana Liste
türkiye kupası,Ziraat Türkiye Kupası,Futbol,Kupa,1. Seviye,Üst,Erkek,Kulüp,Takım Sporu,Türkiye,Yerli,Türk Takımı Var,TV+ Yok,Yıllık,Turnuva,Jenerik,Bilgi,Lig/Organizasyon,Jenerik,Türkçe,Head,jen,368000,LOW,0,,,,evet,9900,22200,550000,823000,823000,550000,450000,823000,33100,90500,74000,18100,6600,9900,201000,823000,201000,1000000,450000,301000,33100,90500,27100,18100,9900,12100,368000,201000,74000,823000,450000,hayır,,,Geçerli,Ana Liste
türkiye kupası puan durumu,Ziraat Türkiye Kupası,Futbol,Kupa,1. Seviye,Üst,Erkek,Kulüp,Takım Sporu,Türkiye,Yerli,Türk Takımı Var,TV+ Yok,Yıllık,Turnuva,Puan Durumu,Bilgi,Lig/Organizasyon,Jenerik,Türkçe,Body,pd,49500,LOW,0,,,,evet,170,1600,22200,49500,201000,110000,90500,110000,480,720,720,390,210,720,14800,60500,18100,201000,60500,1600,210,390,110,110,90,110,2400,590,720,5400,2900,hayır,,,Geçerli,Ana Liste
türkiye kupası fikstür,Ziraat Türkiye Kupası,Futbol,Kupa,1. Seviye,Üst,Erkek,Kulüp,Takım Sporu,Türkiye,Yerli,Türk Takımı Var,TV+ Yok,Yıllık,Turnuva,Fikstür,Bilgi,Lig/Organizasyon,Jenerik,Türkçe,Body,fik,4400,LOW,0,,,,evet,70,260,2900,14800,9900,6600,5400,14800,390,720,590,140,40,30,590,8100,4400,14800,5400,4400,480,880,390,90,70,70,1300,1900,1600,14800,8100,hayır,,,Geçerli,Ana Liste
türkiye kupası maç sonuçları,Ziraat Türkiye Kupası,Futbol,Kupa,1. Seviye,Üst,Erkek,Kulüp,Takım Sporu,Türkiye,Yerli,Türk Takımı Var,TV+ Yok,Yıllık,Turnuva,Maç/Skor,Bilgi,Lig/Organizasyon,Jenerik,Türkçe,Body,mac,1900,LOW,1,,,,evet,70,390,1600,3600,3600,2400,2900,5400,110,1300,1300,20,10,20,480,2900,320,8100,3600,6600,260,2400,260,140,320,260,1300,1000,390,9900,8100,hayır,,,Geçerli,Ana Liste
türkiye kupası canlı izle,Ziraat Türkiye Kupası,Futbol,Kupa,1. Seviye,Üst,Erkek,Kulüp,Takım Sporu,Türkiye,Yerli,Türk Takımı Var,TV+ Yok,Yıllık,Turnuva,Canlı İzle,İzleme,Lig/Organizasyon,Jenerik,Türkçe,Body,izle,70,LOW,3,,,,evet,10,50,140,170,110,70,90,110,0,30,50,10,0,0,170,140,10,140,40,50,10,50,10,40,10,10,260,110,0,170,140,hayır,,,Geçerli,Ana Liste
türkiye kupası hangi kanalda,Ziraat Türkiye Kupası,Futbol,Kupa,1. Seviye,Üst,Erkek,Kulüp,Takım Sporu,Türkiye,Yerli,Türk Takımı Var,TV+ Yok,Yıllık,Turnuva,Kanal/Yayın,İzleme,Lig/Organizasyon,Jenerik,Türkçe,Body,kan,2400,LOW,1,,,,evet,20,260,4400,5400,4400,2900,3600,6600,40,260,170,20,10,10,8100,5400,590,5400,4400,720,30,170,70,1300,90,90,6600,5400,140,6600,3600,hayır,,,Geçerli,Ana Liste
ziraat türkiye kupası,Ziraat Türkiye Kupası,Futbol,Kupa,1. Seviye,Üst,Erkek,Kulüp,Takım Sporu,Türkiye,Yerli,Türk Takımı Var,TV+ Yok,Yıllık,Turnuva,Jenerik,Bilgi,Lig/Organizasyon,Jenerik,Türkçe,Body,jen,550000,LOW,0,0.18,0.03,0.1,evet,14800,14800,823000,1220000,1500000,550000,550000,1220000,60500,165000,201000,40500,9900,12100,301000,1500000,301000,1500000,823000,673000,135000,246000,74000,33100,18100,18100,550000,368000,165000,1830000,823000,hayır,,,Geçerli,Ana Liste
ziraat türkiye kupası puan durumu,Ziraat Türkiye Kupası,Futbol,Kupa,1. Seviye,Üst,Erkek,Kulüp,Takım Sporu,Türkiye,Yerli,Türk Takımı Var,TV+ Yok,Yıllık,Turnuva,Puan Durumu,Bilgi,Lig/Organizasyon,Jenerik,Türkçe,Long-tail,pd,246000,LOW,0,,,,evet,3600,2400,110000,301000,1220000,673000,368000,450000,2900,2900,2400,2900,1900,1900,40500,301000,135000,1830000,550000,60500,880,1600,590,590,390,320,8100,2400,3600,14800,8100,hayır,,,Geçerli,Ana Liste
ziraat türkiye kupası fikstür,Ziraat Türkiye Kupası,Futbol,Kupa,1. Seviye,Üst,Erkek,Kulüp,Takım Sporu,Türkiye,Yerli,Türk Takımı Var,TV+ Yok,Yıllık,Turnuva,Fikstür,Bilgi,Lig/Organizasyon,Jenerik,Türkçe,Body,fik,2900,LOW,0,,,,evet,40,50,2400,6600,6600,5400,3600,8100,720,1000,1000,320,70,50,590,5400,2900,8100,3600,3600,720,1600,720,110,70,110,1600,1300,1600,8100,4400,hayır,,,Geçerli,Ana Liste
ziraat türkiye kupası maç sonuçları,Ziraat Türkiye Kupası,Futbol,Kupa,1. Seviye,Üst,Erkek,Kulüp,Takım Sporu,Türkiye,Yerli,Türk Takımı Var,TV+ Yok,Yıllık,Turnuva,Maç/Skor,Bilgi,Lig/Organizasyon,Jenerik,Türkçe,Long-tail,mac,1900,LOW,0,,,,evet,10,20,1900,3600,4400,2900,3600,5400,110,1600,1600,40,30,20,590,3600,320,9900,3600,5400,170,2400,390,50,20,20,1300,1000,390,12100,9900,hayır,,,Geçerli,Ana Liste
ziraat türkiye kupası canlı izle,Ziraat Türkiye Kupası,Futbol,Kupa,1. Seviye,Üst,Erkek,Kulüp,Takım Sporu,Türkiye,Yerli,Türk Takımı Var,TV+ Yok,Yıllık,Turnuva,Canlı İzle,İzleme,Lig/Organizasyon,Jenerik,Türkçe,Long-tail,izle,70,,,,,,evet,0,10,210,260,90,70,50,140,0,40,40,0,0,10,140,170,10,210,90,90,10,70,40,10,10,10,320,110,10,720,320,hayır,,,Geçerli,Ana Liste
ziraat türkiye kupası hangi kanalda,Ziraat Türkiye Kupası,Futbol,Kupa,1. Seviye,Üst,Erkek,Kulüp,Takım Sporu,Türkiye,Yerli,Türk Takımı Var,TV+ Yok,Yıllık,Turnuva,Kanal/Yayın,İzleme,Lig/Organizasyon,Jenerik,Türkçe,Long-tail,kan,2400,LOW,3,,,,evet,10,20,5400,8100,4400,1900,1900,8100,50,390,320,70,20,20,6600,9900,590,6600,8100,1300,40,320,210,210,50,40,8100,2400,260,12100,4400,hayır,,,Geçerli,Ana Liste
süper kupa,Turkcell Süper Kupa,Futbol,Süper Kupa,1. Seviye,Orta,Erkek,Kulüp,Takım Sporu,Türkiye,Yerli,Türk Takımı Var,TV+ Yok,Yıllık,Tek Etkinlik,Jenerik,Bilgi,Lig/Organizasyon,Jenerik,Türkçe,Head,jen,74000,LOW,0,0.34,0.08,0.22,evet,9900,9900,40500,14800,9900,9900,550000,74000,40500,12100,9900,60500,22200,33100,74000,27100,6600,9900,9900,6600,5400,9900,8100,368000,110000,14800,40500,450000,74000,90500,74000,hayır,,,Geçerli,Ana Liste
süper kupa canlı izle,Turkcell Süper Kupa,Futbol,Süper Kupa,1. Seviye,Orta,Erkek,Kulüp,Takım Sporu,Türkiye,Yerli,Türk Takımı Var,TV+ Yok,Yıllık,Tek Etkinlik,Canlı İzle,İzleme,Lig/Organizasyon,Jenerik,Türkçe,Body,izle,30,LOW,0,,,,evet,10,0,10,0,0,0,390,0,0,0,0,30,10,10,10,10,10,10,10,10,10,10,20,1600,50,10,30,1300,10,10,30,hayır,,,Geçerli,Ana Liste
süper kupa hangi kanalda,Turkcell Süper Kupa,Futbol,Süper Kupa,1. Seviye,Orta,Erkek,Kulüp,Takım Sporu,Türkiye,Yerli,Türk Takımı Var,TV+ Yok,Yıllık,Tek Etkinlik,Kanal/Yayın,İzleme,Lig/Organizasyon,Jenerik,Türkçe,Body,kan,2900,LOW,0,,,,evet,10,20,70,30,50,40,33100,880,30,10,10,2400,20,50,320,210,90,140,260,90,30,70,50,40500,6600,140,880,110000,1600,590,1900,hayır,,,Geçerli,Ana Liste
a milli takım,A Milli Futbol Takımı,Futbol,Milli,Milli,Global Elit,Erkek,Milli Takım,Takım Sporu,Türkiye,Yerli,Türk Takımı Var,TV+ Yok,Sürekli,Turnuva,Jenerik,Bilgi,Lig/Organizasyon,Jenerik,Türkçe,Body,jen,135000,LOW,0,,,,evet,9900,246000,33100,33100,450000,18100,9900,18100,301000,165000,301000,27100,9900,135000,22200,14800,246000,9900,9900,22200,165000,246000,201000,22200,201000,450000,33100,9900,246000,14800,9900,hayır,,,Geçerli,Ana Liste
a milli takım fikstür,A Milli Futbol Takımı,Futbol,Milli,Milli,Global Elit,Erkek,Milli Takım,Takım Sporu,Türkiye,Yerli,Türk Takımı Var,TV+ Yok,Sürekli,Turnuva,Fikstür,Bilgi,Lig/Organizasyon,Jenerik,Türkçe,Body,fik,720,LOW,1,,,,evet,50,1600,480,320,1600,590,210,260,1000,1600,1000,320,170,480,260,210,1000,210,170,390,1300,1600,1300,210,320,2400,320,110,1000,480,260,hayır,,,Geçerli,Ana Liste
a milli takım canlı izle,A Milli Futbol Takımı,Futbol,Milli,Milli,Global Elit,Erkek,Milli Takım,Takım Sporu,Türkiye,Yerli,Türk Takımı Var,TV+ Yok,Sürekli,Turnuva,Canlı İzle,İzleme,Lig/Organizasyon,Jenerik,Türkçe,Long-tail,izle,50,LOW,29,,,,evet,10,140,10,0,260,0,0,10,40,30,90,10,0,50,10,10,140,0,0,10,70,50,50,10,140,210,0,10,170,0,0,hayır,,,Geçerli,Ana Liste
a milli takım hangi kanalda,A Milli Futbol Takımı,Futbol,Milli,Milli,Global Elit,Erkek,Milli Takım,Takım Sporu,Türkiye,Yerli,Türk Takımı Var,TV+ Yok,Sürekli,Turnuva,Kanal/Yayın,İzleme,Lig/Organizasyon,Jenerik,Türkçe,Long-tail,kan,1000,LOW,3,,,,evet,10,1300,30,40,5400,10,10,10,2400,1300,3600,30,10,1600,10,10,2400,10,10,10,1600,2400,2900,20,210,2400,20,10,1600,10,10,hayır,,,Geçerli,Ana Liste
a milli takım kadro,A Milli Futbol Takımı,Futbol,Milli,Milli,Global Elit,Erkek,Milli Takım,Takım Sporu,Türkiye,Yerli,Türk Takımı Var,TV+ Yok,Sürekli,Turnuva,Kadro,Bilgi,Lig/Organizasyon,Jenerik,Türkçe,Body,kad,6600,LOW,2,,,,evet,1000,27100,12100,2900,22200,880,590,590,5400,2900,8100,1300,590,4400,3600,880,9900,880,1000,1300,8100,12100,12100,5400,27100,60500,18100,880,14800,1600,1000,hayır,,,Geçerli,Ana Liste
milli maç,A Milli Futbol Takımı,Futbol,Milli,Milli,Global Elit,Erkek,Milli Takım,Takım Sporu,Türkiye,Yerli,Türk Takımı Var,TV+ Yok,Sürekli,Turnuva,Jenerik,Bilgi,Lig/Organizasyon,Jenerik,Türkçe,Head,jen,301000,LOW,4,0.08,0.02,0.1,evet,18100,673000,40500,40500,823000,18100,8100,18100,450000,550000,550000,18100,8100,135000,9900,9900,450000,9900,8100,27100,368000,450000,368000,14800,201000,368000,12100,5400,246000,4400,3600,hayır,,,Geçerli,Ana Liste
milli maç fikstür,A Milli Futbol Takımı,Futbol,Milli,Milli,Global Elit,Erkek,Milli Takım,Takım Sporu,Türkiye,Yerli,Türk Takımı Var,TV+ Yok,Sürekli,Turnuva,Fikstür,Bilgi,Lig/Organizasyon,Jenerik,Türkçe,Body,fik,5400,LOW,8,0.05,0.02,0.11,evet,590,12100,1600,1600,12100,1600,720,720,9900,12100,6600,590,170,2400,480,390,5400,480,720,1600,8100,12100,8100,720,2400,9900,480,210,4400,260,170,hayır,,,Geçerli,Ana Liste
milli maç canlı izle,A Milli Futbol Takımı,Futbol,Milli,Milli,Global Elit,Erkek,Milli Takım,Takım Sporu,Türkiye,Yerli,Türk Takımı Var,TV+ Yok,Sürekli,Turnuva,Canlı İzle,İzleme,Lig/Organizasyon,Jenerik,Türkçe,Body,izle,2400,LOW,3,0.86,,,evet,260,18100,30,140,8100,30,10,10,1300,1600,4400,30,30,590,20,50,6600,20,20,50,5400,8100,3600,260,14800,12100,70,30,2400,10,10,hayır,,,Geçerli,Ana Liste
milli maç hangi kanalda,A Milli Futbol Takımı,Futbol,Milli,Milli,Global Elit,Erkek,Milli Takım,Takım Sporu,Türkiye,Yerli,Türk Takımı Var,TV+ Yok,Sürekli,Turnuva,Kanal/Yayın,İzleme,Lig/Organizasyon,Jenerik,Türkçe,Body,kan,90500,LOW,3,0.09,0.07,0.24,evet,1600,135000,2400,5400,368000,720,390,1300,165000,201000,368000,880,720,40500,390,1300,201000,390,480,1000,165000,201000,201000,2400,60500,110000,2900,720,90500,320,210,hayır,,,Geçerli,Ana Liste
milli maç kadro,A Milli Futbol Takımı,Futbol,Milli,Milli,Global Elit,Erkek,Milli Takım,Takım Sporu,Türkiye,Yerli,Türk Takımı Var,TV+ Yok,Sürekli,Turnuva,Kadro,Bilgi,Lig/Organizasyon,Jenerik,Türkçe,Body,kad,1600,LOW,2,,,,evet,50,4400,210,320,5400,70,40,50,2400,2400,4400,170,50,880,110,90,6600,90,70,110,3600,3600,5400,260,3600,4400,110,20,2400,30,30,hayır,,,Geçerli,Ana Liste
türkiye maçı,A Milli Futbol Takımı,Futbol,Milli,Milli,Global Elit,Erkek,Milli Takım,Takım Sporu,Türkiye,Yerli,Türk Takımı Var,TV+ Yok,Sürekli,Turnuva,Jenerik,Bilgi,Lig/Organizasyon,Jenerik,Türkçe,Head,jen,2740000,LOW,1,0.17,0.04,0.19,evet,201000,13600000,450000,673000,7480000,201000,110000,201000,4090000,5000000,5000000,135000,110000,1830000,110000,135000,2740000,90500,110000,246000,4090000,4090000,3350000,135000,7480000,6120000,135000,60500,2240000,49500,60500,hayır,,,Geçerli,Ana Liste
türkiye maçı fikstür,A Milli Futbol Takımı,Futbol,Milli,Milli,Global Elit,Erkek,Milli Takım,Takım Sporu,Türkiye,Yerli,Türk Takımı Var,TV+ Yok,Sürekli,Turnuva,Fikstür,Bilgi,Lig/Organizasyon,Jenerik,Türkçe,Body,fik,2900,LOW,3,,0.01,0.11,evet,210,14800,1000,1600,5400,480,210,480,3600,4400,4400,320,170,1000,210,320,1900,170,210,480,3600,5400,5400,210,1900,9900,320,110,1600,140,140,hayır,,,Geçerli,Ana Liste
türkiye maçı canlı izle,A Milli Futbol Takımı,Futbol,Milli,Milli,Global Elit,Erkek,Milli Takım,Takım Sporu,Türkiye,Yerli,Türk Takımı Var,TV+ Yok,Sürekli,Turnuva,Canlı İzle,İzleme,Lig/Organizasyon,Jenerik,Türkçe,Body,izle,9900,LOW,4,0.15,0.04,0.33,evet,590,60500,210,720,33100,70,70,90,8100,8100,22200,90,170,3600,210,210,12100,140,110,320,12100,18100,14800,590,110000,74000,480,50,5400,20,20,hayır,,,Geçerli,Ana Liste
türkiye maçı hangi kanalda,A Milli Futbol Takımı,Futbol,Milli,Milli,Global Elit,Erkek,Milli Takım,Takım Sporu,Türkiye,Yerli,Türk Takımı Var,TV+ Yok,Sürekli,Turnuva,Kanal/Yayın,İzleme,Lig/Organizasyon,Jenerik,Türkçe,Body,kan,246000,LOW,2,0.45,0.05,0.3,evet,5400,550000,9900,14800,673000,3600,2400,5400,368000,450000,673000,1900,1600,135000,1300,2900,368000,1000,1300,2900,368000,450000,450000,3600,201000,368000,14800,1300,246000,480,480,hayır,,,Geçerli,Ana Liste
türkiye maçı kadro,A Milli Futbol Takımı,Futbol,Milli,Milli,Global Elit,Erkek,Milli Takım,Takım Sporu,Türkiye,Yerli,Türk Takımı Var,TV+ Yok,Sürekli,Turnuva,Kadro,Bilgi,Lig/Organizasyon,Jenerik,Türkçe,Body,kad,4400,LOW,2,0.04,0.07,0.32,evet,320,18100,720,880,12100,210,140,140,6600,4400,6600,140,110,3600,210,210,6600,210,170,210,6600,5400,8100,390,18100,14800,260,70,5400,90,140,hayır,,,Geçerli,Ana Liste
milli takım maçı,A Milli Futbol Takımı,Futbol,Milli,Milli,Global Elit,Erkek,Milli Takım,Takım Sporu,Türkiye,Yerli,Türk Takımı Var,TV+ Yok,Sürekli,Turnuva,Jenerik,Bilgi,Lig/Organizasyon,Jenerik,Türkçe,Body,jen,12100,LOW,1,0.14,0.03,0.19,evet,880,49500,2900,3600,33100,1600,1000,1300,14800,18100,22200,1300,880,8100,1600,1300,22200,1300,1000,2400,22200,18100,18100,1900,14800,27100,1300,590,14800,480,390,hayır,,,Geçerli,Ana Liste
milli takım maçı fikstür,A Milli Futbol Takımı,Futbol,Milli,Milli,Global Elit,Erkek,Milli Takım,Takım Sporu,Türkiye,Yerli,Türk Takımı Var,TV+ Yok,Sürekli,Turnuva,Fikstür,Bilgi,Lig/Organizasyon,Jenerik,Türkçe,Body,fik,,,,,,,hayir,,,,,,,,,,,,,,,,,,,,,,,,,,,,,,,,hayır,,,Geçerli,Ana Liste
milli takım maçı canlı izle,A Milli Futbol Takımı,Futbol,Milli,Milli,Global Elit,Erkek,Milli Takım,Takım Sporu,Türkiye,Yerli,Türk Takımı Var,TV+ Yok,Sürekli,Turnuva,Canlı İzle,İzleme,Lig/Organizasyon,Jenerik,Türkçe,Long-tail,izle,480,LOW,6,,,,evet,50,2900,20,50,880,10,10,10,390,390,880,10,10,260,10,30,880,10,30,70,590,720,720,40,2400,2900,20,10,720,10,10,hayır,,,Geçerli,Ana Liste
milli takım maçı hangi kanalda,A Milli Futbol Takımı,Futbol,Milli,Milli,Global Elit,Erkek,Milli Takım,Takım Sporu,Türkiye,Yerli,Türk Takımı Var,TV+ Yok,Sürekli,Turnuva,Kanal/Yayın,İzleme,Lig/Organizasyon,Jenerik,Türkçe,Long-tail,kan,14800,LOW,1,,,,evet,1300,74000,4400,480,27100,90,50,140,14800,18100,33100,210,110,8100,90,140,22200,50,50,110,18100,22200,22200,590,4400,22200,480,170,18100,40,30,hayır,,,Geçerli,Ana Liste
milli takım maçı kadro,A Milli Futbol Takımı,Futbol,Milli,Milli,Global Elit,Erkek,Milli Takım,Takım Sporu,Türkiye,Yerli,Türk Takımı Var,TV+ Yok,Sürekli,Turnuva,Kadro,Bilgi,Lig/Organizasyon,Jenerik,Türkçe,Body,kad,,,,,,,hayir,,,,,,,,,,,,,,,,,,,,,,,,,,,,,,,,hayır,,,Geçerli,Ana Liste
kadın milli takım futbol,A Milli Kadın Futbol Takımı,Futbol,Milli,Milli,Niş,Kadın,Milli Takım,Takım Sporu,Türkiye,Yerli,Türk Takımı Var,TV+ Yok,Sürekli,Turnuva,Jenerik,Bilgi,Lig/Organizasyon,Jenerik,Türkçe,Body,jen,30,LOW,0,,,,evet,20,50,10,70,30,10,10,20,30,70,20,10,20,70,40,110,20,40,10,10,10,90,30,30,210,110,70,70,10,10,10,hayır,,,Geçerli,Ana Liste
kadın milli takım futbol fikstür,A Milli Kadın Futbol Takımı,Futbol,Milli,Milli,Niş,Kadın,Milli Takım,Takım Sporu,Türkiye,Yerli,Türk Takımı Var,TV+ Yok,Sürekli,Turnuva,Fikstür,Bilgi,Lig/Organizasyon,Jenerik,Türkçe,Long-tail,fik,,,,,,,hayir,,,,,,,,,,,,,,,,,,,,,,,,,,,,,,,,hayır,,,Geçerli,Ana Liste
kadın milli takım futbol canlı izle,A Milli Kadın Futbol Takımı,Futbol,Milli,Milli,Niş,Kadın,Milli Takım,Takım Sporu,Türkiye,Yerli,Türk Takımı Var,TV+ Yok,Sürekli,Turnuva,Canlı İzle,İzleme,Lig/Organizasyon,Jenerik,Türkçe,Long-tail,izle,,,,,,,hayir,,,,,,,,,,,,,,,,,,,,,,,,,,,,,,,,hayır,,,Geçerli,Ana Liste
kadın futbol ligi,Kadın Futbol Süper Ligi,Futbol,Lig,1. Seviye,Niş,Kadın,Kulüp,Takım Sporu,Türkiye,Yerli,Türk Takımı Var,TV+ Yok,Yıllık,Sürekli Lig,Jenerik,Bilgi,Lig/Organizasyon,Jenerik,Türkçe,Body,jen,9900,LOW,0,0.37,,,evet,720,880,14800,14800,14800,12100,9900,18100,18100,12100,5400,1900,2400,1600,22200,33100,22200,12100,9900,14800,18100,12100,12100,1900,2400,1900,27100,27100,33100,18100,22200,hayır,,,Geçerli,Ana Liste
kadın futbol ligi puan durumu,Kadın Futbol Süper Ligi,Futbol,Lig,1. Seviye,Niş,Kadın,Kulüp,Takım Sporu,Türkiye,Yerli,Türk Takımı Var,TV+ Yok,Yıllık,Sürekli Lig,Puan Durumu,Bilgi,Lig/Organizasyon,Jenerik,Türkçe,Long-tail,pd,6600,LOW,1,0.31,,,evet,720,880,14800,14800,12100,9900,9900,14800,8100,2900,720,140,720,590,4400,9900,6600,2900,2400,3600,4400,1600,1000,70,210,320,3600,5400,8100,4400,4400,hayır,,,Geçerli,Ana Liste
kadın futbol ligi fikstür,Kadın Futbol Süper Ligi,Futbol,Lig,1. Seviye,Niş,Kadın,Kulüp,Takım Sporu,Türkiye,Yerli,Türk Takımı Var,TV+ Yok,Yıllık,Sürekli Lig,Fikstür,Bilgi,Lig/Organizasyon,Jenerik,Türkçe,Body,fik,,,,,,,hayir,,,,,,,,,,,,,,,,,,,,,,,,,,,,,,,,hayır,,,Geçerli,Ana Liste
şampiyonlar ligi,UEFA Şampiyonlar Ligi,Futbol,Kıta Turnuvası,Kıta Üstü,Global Elit,Erkek,Kulüp,Takım Sporu,Avrupa,Uluslararası,Türk Takımı Var,TV+ Var,Yıllık,Turnuva,Jenerik,Bilgi,Lig/Organizasyon,Jenerik,Türkçe,Head,jen,2740000,LOW,1,0.28,0.06,0.58,evet,368000,110000,2240000,4090000,5000000,4090000,4090000,2240000,4090000,3350000,3350000,1500000,301000,201000,2240000,3350000,2740000,2240000,2240000,1500000,2240000,2240000,1500000,1500000,550000,550000,1830000,3350000,1500000,1500000,201000,hayır,,,Geçerli,Ana Liste
şampiyonlar ligi puan durumu,UEFA Şampiyonlar Ligi,Futbol,Kıta Turnuvası,Kıta Üstü,Global Elit,Erkek,Kulüp,Takım Sporu,Avrupa,Uluslararası,Türk Takımı Var,TV+ Var,Yıllık,Turnuva,Puan Durumu,Bilgi,Lig/Organizasyon,Jenerik,Türkçe,Body,pd,673000,LOW,1,0.45,0.15,0.37,evet,12100,6600,49500,110000,201000,450000,3350000,1000000,1500000,823000,201000,14800,4400,3600,9900,12100,14800,33100,246000,49500,90500,60500,18100,6600,2900,2900,12100,12100,12100,14800,9900,hayır,,,Geçerli,Ana Liste
şampiyonlar ligi fikstür,UEFA Şampiyonlar Ligi,Futbol,Kıta Turnuvası,Kıta Üstü,Global Elit,Erkek,Kulüp,Takım Sporu,Avrupa,Uluslararası,Türk Takımı Var,TV+ Var,Yıllık,Turnuva,Fikstür,Bilgi,Lig/Organizasyon,Jenerik,Türkçe,Body,fik,40500,LOW,2,0.44,0.06,0.38,evet,2400,1000,9900,33100,60500,74000,49500,27100,49500,40500,49500,60500,3600,1000,8100,22200,18100,18100,12100,8100,14800,12100,14800,8100,2400,1600,9900,22200,12100,9900,1900,hayır,,,Geçerli,Ana Liste
şampiyonlar ligi maç sonuçları,UEFA Şampiyonlar Ligi,Futbol,Kıta Turnuvası,Kıta Üstü,Global Elit,Erkek,Kulüp,Takım Sporu,Avrupa,Uluslararası,Türk Takımı Var,TV+ Var,Yıllık,Turnuva,Maç/Skor,Bilgi,Lig/Organizasyon,Jenerik,Türkçe,Body,mac,49500,LOW,2,0.29,0.03,0.37,evet,1900,720,12100,60500,110000,90500,49500,33100,110000,74000,74000,8100,880,590,12100,49500,60500,40500,40500,40500,74000,60500,33100,9900,2400,2900,27100,90500,33100,33100,1000,hayır,,,Geçerli,Ana Liste
şampiyonlar ligi canlı izle,UEFA Şampiyonlar Ligi,Futbol,Kıta Turnuvası,Kıta Üstü,Global Elit,Erkek,Kulüp,Takım Sporu,Avrupa,Uluslararası,Türk Takımı Var,TV+ Var,Yıllık,Turnuva,Canlı İzle,İzleme,Lig/Organizasyon,Jenerik,Türkçe,Body,izle,1000,LOW,4,0.1,,,evet,90,40,1900,3600,1600,880,590,390,1000,720,1000,720,50,20,1000,1300,1000,720,390,210,880,880,480,210,140,1000,480,2400,260,320,10,hayır,,,Geçerli,Ana Liste
şampiyonlar ligi hangi kanalda,UEFA Şampiyonlar Ligi,Futbol,Kıta Turnuvası,Kıta Üstü,Global Elit,Erkek,Kulüp,Takım Sporu,Avrupa,Uluslararası,Türk Takımı Var,TV+ Var,Yıllık,Turnuva,Kanal/Yayın,İzleme,Lig/Organizasyon,Jenerik,Türkçe,Body,kan,14800,LOW,10,0.35,0.14,0.61,evet,2400,390,27100,49500,9900,5400,8100,3600,14800,12100,27100,18100,3600,880,22200,33100,12100,12100,6600,4400,12100,14800,12100,12100,8100,74000,12100,27100,4400,12100,1000,hayır,,,Geçerli,Ana Liste
şampiyonlar ligi kadro,UEFA Şampiyonlar Ligi,Futbol,Kıta Turnuvası,Kıta Üstü,Global Elit,Erkek,Kulüp,Takım Sporu,Avrupa,Uluslararası,Türk Takımı Var,TV+ Var,Yıllık,Turnuva,Kadro,Bilgi,Lig/Organizasyon,Jenerik,Türkçe,Body,kad,480,LOW,0,,,,evet,170,140,320,260,590,720,480,210,320,260,1600,480,140,140,170,70,70,70,90,70,70,90,210,140,110,880,170,110,70,70,140,hayır,,,Geçerli,Ana Liste
avrupa ligi,UEFA Avrupa Ligi,Futbol,Kıta Turnuvası,Kıta Üstü,Üst,Erkek,Kulüp,Takım Sporu,Avrupa,Uluslararası,Türk Takımı Var,TV+ Var,Yıllık,Turnuva,Jenerik,Bilgi,Lig/Organizasyon,Jenerik,İngilizce,Head,jen,550000,LOW,0,0.12,0.04,0.13,evet,246000,33100,550000,450000,301000,673000,1500000,673000,1000000,823000,450000,550000,201000,74000,673000,673000,1000000,1500000,4090000,1500000,2740000,1830000,1000000,823000,110000,74000,450000,368000,450000,823000,60500,hayır,,,Geçerli,Ana Liste
avrupa ligi puan durumu,UEFA Avrupa Ligi,Futbol,Kıta Turnuvası,Kıta Üstü,Üst,Erkek,Kulüp,Takım Sporu,Avrupa,Uluslararası,Türk Takımı Var,TV+ Var,Yıllık,Turnuva,Puan Durumu,Bilgi,Lig/Organizasyon,Jenerik,İngilizce,Body,pd,135000,LOW,0,0.36,,,evet,4400,2900,33100,18100,27100,90500,550000,246000,246000,201000,40500,60500,18100,8100,33100,27100,49500,201000,1500000,673000,1000000,450000,90500,9900,1600,5400,4400,4400,5400,12100,4400,hayır,,,Geçerli,Ana Liste
avrupa ligi fikstür,UEFA Avrupa Ligi,Futbol,Kıta Turnuvası,Kıta Üstü,Üst,Erkek,Kulüp,Takım Sporu,Avrupa,Uluslararası,Türk Takımı Var,TV+ Var,Yıllık,Turnuva,Fikstür,Bilgi,Lig/Organizasyon,Jenerik,Türkçe,Body,fik,2400,LOW,1,,,,evet,720,110,590,880,880,2900,4400,2900,3600,3600,3600,3600,880,260,1300,1900,5400,14800,27100,18100,27100,22200,22200,22200,720,1000,880,880,1000,3600,590,hayır,,,Geçerli,Ana Liste
avrupa ligi maç sonuçları,UEFA Avrupa Ligi,Futbol,Kıta Turnuvası,Kıta Üstü,Üst,Erkek,Kulüp,Takım Sporu,Avrupa,Uluslararası,Türk Takımı Var,TV+ Var,Yıllık,Turnuva,Maç/Skor,Bilgi,Lig/Organizasyon,Jenerik,Türkçe,Body,mac,1300,LOW,3,0.06,0.03,0.3,evet,320,30,720,1300,1300,1900,1900,1300,2400,2400,1000,1600,320,40,1000,1900,4400,5400,8100,3600,6600,5400,2900,1600,720,880,1000,1000,1900,2400,70,hayır,,,Geçerli,Ana Liste
avrupa ligi canlı izle,UEFA Avrupa Ligi,Futbol,Kıta Turnuvası,Kıta Üstü,Üst,Erkek,Kulüp,Takım Sporu,Avrupa,Uluslararası,Türk Takımı Var,TV+ Var,Yıllık,Turnuva,Canlı İzle,İzleme,Lig/Organizasyon,Jenerik,Türkçe,Body,izle,20,LOW,4,,,,evet,40,10,50,20,10,10,30,10,10,10,10,70,20,10,20,20,20,20,20,10,40,50,30,50,50,50,40,10,30,70,0,hayır,,,Geçerli,Ana Liste
avrupa ligi hangi kanalda,UEFA Avrupa Ligi,Futbol,Kıta Turnuvası,Kıta Üstü,Üst,Erkek,Kulüp,Takım Sporu,Avrupa,Uluslararası,Türk Takımı Var,TV+ Var,Yıllık,Turnuva,Kanal/Yayın,İzleme,Lig/Organizasyon,Jenerik,İngilizce,Body,kan,480,LOW,7,0.4,0.15,0.53,evet,390,50,1900,480,140,170,260,90,260,210,720,880,390,70,1600,720,390,480,1000,320,880,880,3600,5400,390,320,1000,140,140,880,110,hayır,,,Geçerli,Ana Liste
uefa avrupa ligi,UEFA Avrupa Ligi,Futbol,Kıta Turnuvası,Kıta Üstü,Üst,Erkek,Kulüp,Takım Sporu,Avrupa,Uluslararası,Türk Takımı Var,TV+ Var,Yıllık,Turnuva,Jenerik,Bilgi,Lig/Organizasyon,Jenerik,İngilizce,Body,jen,301000,LOW,0,0.39,0.06,0.78,evet,60500,12100,246000,201000,165000,301000,673000,368000,450000,450000,246000,301000,110000,27100,368000,368000,823000,1000000,2240000,1220000,2240000,1830000,1220000,1000000,110000,74000,550000,368000,550000,1000000,74000,hayır,,,Geçerli,Ana Liste
uefa avrupa ligi puan durumu,UEFA Avrupa Ligi,Futbol,Kıta Turnuvası,Kıta Üstü,Üst,Erkek,Kulüp,Takım Sporu,Avrupa,Uluslararası,Türk Takımı Var,TV+ Var,Yıllık,Turnuva,Puan Durumu,Bilgi,Lig/Organizasyon,Jenerik,İngilizce,Long-tail,pd,110000,LOW,0,,,,evet,1900,880,5400,12100,12100,40500,550000,201000,301000,201000,18100,12100,4400,2900,18100,27100,49500,165000,2740000,4090000,6120000,3350000,1220000,450000,18100,9900,9900,9900,14800,33100,9900,hayır,,,Geçerli,Ana Liste
uefa avrupa ligi fikstür,UEFA Avrupa Ligi,Futbol,Kıta Turnuvası,Kıta Üstü,Üst,Erkek,Kulüp,Takım Sporu,Avrupa,Uluslararası,Türk Takımı Var,TV+ Var,Yıllık,Turnuva,Fikstür,Bilgi,Lig/Organizasyon,Jenerik,Türkçe,Body,fik,1300,LOW,1,,,,evet,590,140,320,590,480,1600,2400,1900,2400,1900,1900,1600,590,210,1000,1600,4400,9900,14800,9900,18100,9900,12100,12100,590,480,590,590,720,2900,880,hayır,,,Geçerli,Ana Liste
uefa avrupa ligi maç sonuçları,UEFA Avrupa Ligi,Futbol,Kıta Turnuvası,Kıta Üstü,Üst,Erkek,Kulüp,Takım Sporu,Avrupa,Uluslararası,Türk Takımı Var,TV+ Var,Yıllık,Turnuva,Maç/Skor,Bilgi,Lig/Organizasyon,Jenerik,Türkçe,Long-tail,mac,1300,LOW,2,,,,evet,320,20,880,1600,1300,2400,2400,1300,1900,2400,1000,1300,390,70,1300,2400,4400,4400,6600,2900,6600,4400,2400,1300,390,260,1000,1300,2400,3600,50,hayır,,,Geçerli,Ana Liste
uefa avrupa ligi canlı izle,UEFA Avrupa Ligi,Futbol,Kıta Turnuvası,Kıta Üstü,Üst,Erkek,Kulüp,Takım Sporu,Avrupa,Uluslararası,Türk Takımı Var,TV+ Var,Yıllık,Turnuva,Canlı İzle,İzleme,Lig/Organizasyon,Jenerik,Türkçe,Long-tail,izle,30,LOW,2,,,,evet,10,10,40,40,20,10,110,10,10,10,10,30,10,10,40,40,30,40,50,10,50,70,40,390,30,20,40,10,30,90,10,hayır,,,Geçerli,Ana Liste
uefa avrupa ligi hangi kanalda,UEFA Avrupa Ligi,Futbol,Kıta Turnuvası,Kıta Üstü,Üst,Erkek,Kulüp,Takım Sporu,Avrupa,Uluslararası,Türk Takımı Var,TV+ Var,Yıllık,Turnuva,Kanal/Yayın,İzleme,Lig/Organizasyon,Jenerik,İngilizce,Long-tail,kan,390,LOW,6,0.7,0.17,0.53,evet,210,20,1600,590,70,50,140,40,110,140,590,720,590,70,1600,1000,390,320,880,260,720,880,4400,5400,260,140,1900,140,170,1000,170,hayır,,,Geçerli,Ana Liste
konferans ligi,UEFA Konferans Ligi,Futbol,Kıta Turnuvası,Kıta Üstü,Orta,Erkek,Kulüp,Takım Sporu,Avrupa,Uluslararası,Türk Takımı Var,TV+ Var,Yıllık,Turnuva,Jenerik,Bilgi,Lig/Organizasyon,Jenerik,İngilizce,Head,jen,368000,LOW,0,0.06,0.04,0.63,evet,90500,18100,550000,450000,368000,368000,201000,550000,673000,450000,90500,550000,110000,27100,450000,201000,110000,110000,135000,301000,301000,201000,90500,368000,74000,33100,673000,1000000,1000000,368000,74000,hayır,,,Geçerli,Ana Liste
konferans ligi puan durumu,UEFA Konferans Ligi,Futbol,Kıta Turnuvası,Kıta Üstü,Orta,Erkek,Kulüp,Takım Sporu,Avrupa,Uluslararası,Türk Takımı Var,TV+ Var,Yıllık,Turnuva,Puan Durumu,Bilgi,Lig/Organizasyon,Jenerik,İngilizce,Body,pd,74000,LOW,0,,,,evet,1000,720,6600,9900,22200,49500,110000,246000,368000,90500,3600,9900,3600,1300,2400,2900,3600,9900,33100,74000,60500,18100,3600,4400,1300,720,2400,5400,12100,8100,5400,hayır,,,Geçerli,Ana Liste
konferans ligi fikstür,UEFA Konferans Ligi,Futbol,Kıta Turnuvası,Kıta Üstü,Orta,Erkek,Kulüp,Takım Sporu,Avrupa,Uluslararası,Türk Takımı Var,TV+ Var,Yıllık,Turnuva,Fikstür,Bilgi,Lig/Organizasyon,Jenerik,Türkçe,Body,fik,880,LOW,1,,,,evet,480,50,590,1000,1000,1300,720,1300,1300,720,590,1600,480,70,390,390,320,260,320,880,590,590,720,880,210,70,1000,3600,5400,2900,1000,hayır,,,Geçerli,Ana Liste
konferans ligi maç sonuçları,UEFA Konferans Ligi,Futbol,Kıta Turnuvası,Kıta Üstü,Orta,Erkek,Kulüp,Takım Sporu,Avrupa,Uluslararası,Türk Takımı Var,TV+ Var,Yıllık,Turnuva,Maç/Skor,Bilgi,Lig/Organizasyon,Jenerik,Türkçe,Body,mac,1900,LOW,1,0.5,,,evet,720,50,1900,2900,3600,2900,480,1900,2400,1900,210,2900,260,30,720,720,720,590,390,1300,1300,1000,320,2900,480,40,2900,8100,9900,1600,110,hayır,,,Geçerli,Ana Liste
konferans ligi canlı izle,UEFA Konferans Ligi,Futbol,Kıta Turnuvası,Kıta Üstü,Orta,Erkek,Kulüp,Takım Sporu,Avrupa,Uluslararası,Türk Takımı Var,TV+ Var,Yıllık,Turnuva,Canlı İzle,İzleme,Lig/Organizasyon,Jenerik,Türkçe,Body,izle,10,LOW,9,,,,evet,20,0,30,10,10,10,10,20,10,10,10,40,30,0,10,10,10,10,0,20,20,20,0,40,10,10,70,50,170,70,0,hayır,,,Geçerli,Ana Liste
konferans ligi hangi kanalda,UEFA Konferans Ligi,Futbol,Kıta Turnuvası,Kıta Üstü,Orta,Erkek,Kulüp,Takım Sporu,Avrupa,Uluslararası,Türk Takımı Var,TV+ Var,Yıllık,Turnuva,Kanal/Yayın,İzleme,Lig/Organizasyon,Jenerik,İngilizce,Body,kan,320,LOW,7,,,,evet,90,10,1300,480,90,50,10,90,90,90,70,1000,110,20,1600,170,40,30,20,110,90,140,90,590,140,40,2900,720,1000,320,70,hayır,,,Geçerli,Ana Liste
uefa süper kupa,UEFA Süper Kupa,Futbol,Süper Kupa,Kıta Üstü,Orta,Erkek,Kulüp,Takım Sporu,Avrupa,Uluslararası,Yok,TV+ Var,Yıllık,Tek Etkinlik,Jenerik,Bilgi,Lig/Organizasyon,Jenerik,Türkçe,Body,jen,9900,LOW,0,,,,evet,5400,6600,8100,2900,2900,2900,4400,2900,2900,2400,3600,74000,9900,8100,6600,2400,2400,2400,2900,2900,2900,3600,3600,90500,8100,8100,6600,3600,2400,2400,2400,hayır,,,Geçerli,Ana Liste
uefa süper kupa canlı izle,UEFA Süper Kupa,Futbol,Süper Kupa,Kıta Üstü,Orta,Erkek,Kulüp,Takım Sporu,Avrupa,Uluslararası,Yok,TV+ Var,Yıllık,Tek Etkinlik,Canlı İzle,İzleme,Lig/Organizasyon,Jenerik,Türkçe,Long-tail,izle,10,,,,,,evet,0,0,10,0,0,0,10,0,0,0,0,70,0,10,0,0,0,0,10,0,10,0,10,170,10,10,0,10,0,0,0,hayır,,,Geçerli,Ana Liste
uefa süper kupa hangi kanalda,UEFA Süper Kupa,Futbol,Süper Kupa,Kıta Üstü,Orta,Erkek,Kulüp,Takım Sporu,Avrupa,Uluslararası,Yok,TV+ Var,Yıllık,Tek Etkinlik,Kanal/Yayın,İzleme,Lig/Organizasyon,Jenerik,Türkçe,Long-tail,kan,390,LOW,0,,,,evet,20,10,20,10,10,0,20,10,10,10,10,5400,30,10,10,10,10,10,10,10,10,10,20,6600,90,20,10,30,10,10,10,hayır,,,Geçerli,Ana Liste
kadınlar şampiyonlar ligi,Kadınlar Şampiyonlar Ligi,Futbol,Kıta Turnuvası,Kıta Üstü,Niş,Kadın,Kulüp,Takım Sporu,Avrupa,Uluslararası,Yok,Doğrulanacak,Yıllık,Turnuva,Jenerik,Bilgi,Lig/Organizasyon,Jenerik,Türkçe,Body,jen,2400,LOW,0,,,,evet,390,480,8100,3600,2400,1000,720,1300,5400,5400,880,480,880,480,1900,1300,2900,720,880,4400,9900,12100,9900,320,390,390,1600,880,1600,390,720,hayır,,,Geçerli,Ana Liste
kadınlar şampiyonlar ligi fikstür,Kadınlar Şampiyonlar Ligi,Futbol,Kıta Turnuvası,Kıta Üstü,Niş,Kadın,Kulüp,Takım Sporu,Avrupa,Uluslararası,Yok,Doğrulanacak,Yıllık,Turnuva,Fikstür,Bilgi,Lig/Organizasyon,Jenerik,Türkçe,Body,fik,10,LOW,0,,,,evet,10,10,20,0,0,0,0,0,0,0,0,0,0,0,0,0,0,0,0,0,0,0,0,0,0,0,0,0,0,0,0,hayır,,,Geçerli,Ana Liste
kadınlar şampiyonlar ligi canlı izle,Kadınlar Şampiyonlar Ligi,Futbol,Kıta Turnuvası,Kıta Üstü,Niş,Kadın,Kulüp,Takım Sporu,Avrupa,Uluslararası,Yok,Doğrulanacak,Yıllık,Turnuva,Canlı İzle,İzleme,Lig/Organizasyon,Jenerik,Türkçe,Long-tail,izle,20,,,,,,evet,0,0,10,10,30,10,0,10,40,90,10,10,10,10,0,0,20,0,0,10,20,70,0,0,0,0,0,0,0,0,0,hayır,,,Geçerli,Ana Liste
premier lig,Premier Lig,Futbol,Lig,1. Seviye,Global Elit,Erkek,Kulüp,Takım Sporu,İngiltere,Yabancı,Yok,TV+ Yok,Yıllık,Sürekli Lig,Jenerik,Bilgi,Lig/Organizasyon,Jenerik,İngilizce,Head,jen,1500000,LOW,1,0.39,0.05,0.59,evet,135000,110000,3350000,2240000,1830000,1830000,1830000,1830000,1500000,1220000,1220000,1220000,165000,135000,1220000,1500000,1000000,1500000,1500000,2240000,1500000,1000000,1220000,1000000,135000,135000,2240000,2240000,1500000,1830000,1500000,hayır,,,Geçerli,Ana Liste
premier lig puan durumu,Premier Lig,Futbol,Lig,1. Seviye,Global Elit,Erkek,Kulüp,Takım Sporu,İngiltere,Yabancı,Yok,TV+ Yok,Yıllık,Sürekli Lig,Puan Durumu,Bilgi,Lig/Organizasyon,Jenerik,İngilizce,Body,pd,1220000,LOW,0,0.04,0.01,0.14,evet,74000,90500,3350000,2240000,1500000,1500000,1220000,1000000,823000,673000,550000,368000,90500,110000,1220000,1220000,673000,1000000,1000000,1500000,1000000,673000,550000,368000,33100,40500,450000,550000,301000,301000,201000,hayır,,,Geçerli,Ana Liste
premier lig fikstür,Premier Lig,Futbol,Lig,1. Seviye,Global Elit,Erkek,Kulüp,Takım Sporu,İngiltere,Yabancı,Yok,TV+ Yok,Yıllık,Sürekli Lig,Fikstür,Bilgi,Lig/Organizasyon,Jenerik,Türkçe,Body,fik,6600,LOW,2,0.25,0.07,0.33,evet,1900,1000,12100,8100,6600,8100,8100,8100,6600,6600,8100,8100,2400,1000,4400,6600,5400,8100,9900,12100,8100,8100,8100,8100,1600,1000,12100,14800,12100,12100,14800,hayır,,,Geçerli,Ana Liste
premier lig maç sonuçları,Premier Lig,Futbol,Lig,1. Seviye,Global Elit,Erkek,Kulüp,Takım Sporu,İngiltere,Yabancı,Yok,TV+ Yok,Yıllık,Sürekli Lig,Maç/Skor,Bilgi,Lig/Organizasyon,Jenerik,Türkçe,Body,mac,1900,LOW,2,,,,evet,30,20,3600,2400,2400,2900,2400,2400,1900,1900,1600,1300,70,30,1300,1900,1300,2400,2900,4400,2400,1900,1900,1000,40,40,2900,4400,3600,4400,3600,hayır,,,Geçerli,Ana Liste
premier lig canlı izle,Premier Lig,Futbol,Lig,1. Seviye,Global Elit,Erkek,Kulüp,Takım Sporu,İngiltere,Yabancı,Yok,TV+ Yok,Yıllık,Sürekli Lig,Canlı İzle,İzleme,Lig/Organizasyon,Jenerik,Türkçe,Body,izle,90,LOW,14,,,,evet,10,0,110,110,90,140,110,90,90,70,140,210,10,10,90,320,20,170,90,170,110,170,210,260,10,10,210,260,320,320,210,hayır,,,Geçerli,Ana Liste
premier lig hangi kanalda,Premier Lig,Futbol,Lig,1. Seviye,Global Elit,Erkek,Kulüp,Takım Sporu,İngiltere,Yabancı,Yok,TV+ Yok,Yıllık,Sürekli Lig,Kanal/Yayın,İzleme,Lig/Organizasyon,Jenerik,İngilizce,Body,kan,1300,LOW,15,0.25,0.09,0.29,evet,390,140,880,1000,880,1000,1000,1600,1000,1000,1900,5400,720,320,720,1000,590,1000,1000,2400,1600,1900,3600,5400,880,390,1300,1600,1900,1900,1900,hayır,,,Geçerli,Ana Liste
premier league,Premier Lig,Futbol,Lig,1. Seviye,Global Elit,Erkek,Kulüp,Takım Sporu,İngiltere,Yabancı,Yok,TV+ Yok,Yıllık,Sürekli Lig,Jenerik,Bilgi,Lig/Organizasyon,Jenerik,İngilizce,Head,jen,1500000,LOW,1,0.39,0.05,0.59,evet,135000,110000,3350000,2240000,1830000,1830000,1830000,1830000,1500000,1220000,1220000,1220000,165000,135000,1220000,1500000,1000000,1500000,1500000,2240000,1500000,1000000,1220000,1000000,135000,135000,2240000,2240000,1500000,1830000,1500000,hayır,,,Geçerli,Ana Liste
premier league puan durumu,Premier Lig,Futbol,Lig,1. Seviye,Global Elit,Erkek,Kulüp,Takım Sporu,İngiltere,Yabancı,Yok,TV+ Yok,Yıllık,Sürekli Lig,Puan Durumu,Bilgi,Lig/Organizasyon,Jenerik,İngilizce,Body,pd,4400,LOW,0,,,,evet,1000,880,9900,8100,5400,6600,6600,3600,2900,2400,1900,1000,1300,880,3600,3600,1900,2900,3600,4400,3600,1900,1600,1900,590,880,5400,6600,3600,3600,2900,hayır,,,Geçerli,Ana Liste
premier league fikstür,Premier Lig,Futbol,Lig,1. Seviye,Global Elit,Erkek,Kulüp,Takım Sporu,İngiltere,Yabancı,Yok,TV+ Yok,Yıllık,Sürekli Lig,Fikstür,Bilgi,Lig/Organizasyon,Jenerik,Türkçe,Body,fik,260,LOW,2,0.3,,,evet,90,90,390,260,260,320,320,260,170,210,260,260,170,70,90,110,140,170,260,320,210,170,260,320,140,40,320,320,260,320,320,hayır,,,Geçerli,Ana Liste
premier league maç sonuçları,Premier Lig,Futbol,Lig,1. Seviye,Global Elit,Erkek,Kulüp,Takım Sporu,İngiltere,Yabancı,Yok,TV+ Yok,Yıllık,Sürekli Lig,Maç/Skor,Bilgi,Lig/Organizasyon,Jenerik,Türkçe,Body,mac,20,LOW,0,,,,evet,40,10,20,10,10,30,30,20,40,10,10,10,0,0,10,20,20,40,30,70,40,20,10,10,0,10,10,40,20,20,30,hayır,,,Geçerli,Ana Liste
premier league canlı izle,Premier Lig,Futbol,Lig,1. Seviye,Global Elit,Erkek,Kulüp,Takım Sporu,İngiltere,Yabancı,Yok,TV+ Yok,Yıllık,Sürekli Lig,Canlı İzle,İzleme,Lig/Organizasyon,Jenerik,Türkçe,Body,izle,10,LOW,14,0.23,,,evet,10,10,10,10,10,10,10,10,10,10,20,20,0,0,10,20,10,20,10,20,10,10,20,20,10,10,10,20,20,20,10,hayır,,,Geçerli,Ana Liste
premier league hangi kanalda,Premier Lig,Futbol,Lig,1. Seviye,Global Elit,Erkek,Kulüp,Takım Sporu,İngiltere,Yabancı,Yok,TV+ Yok,Yıllık,Sürekli Lig,Kanal/Yayın,İzleme,Lig/Organizasyon,Jenerik,İngilizce,Body,kan,110,LOW,16,0.55,,,evet,30,10,70,90,70,110,110,90,90,90,140,390,50,10,70,70,50,90,110,170,140,90,210,390,50,30,110,140,110,110,140,hayır,,,Geçerli,Ana Liste
championship ligi,Championship,Futbol,Lig,2. Seviye,Niş,Erkek,Kulüp,Takım Sporu,İngiltere,Yabancı,Yok,TV+ Yok,Yıllık,Sürekli Lig,Jenerik,Bilgi,Lig/Organizasyon,Jenerik,İngilizce,Head,jen,90,LOW,0,,,,evet,10,10,390,110,90,140,90,110,50,40,50,50,20,20,90,90,50,70,140,110,90,90,90,210,70,20,140,210,110,140,140,hayır,,,Geçerli,Ana Liste
championship ligi puan durumu,Championship,Futbol,Lig,2. Seviye,Niş,Erkek,Kulüp,Takım Sporu,İngiltere,Yabancı,Yok,TV+ Yok,Yıllık,Sürekli Lig,Puan Durumu,Bilgi,Lig/Organizasyon,Jenerik,İngilizce,Body,pd,260,LOW,0,,,,evet,20,30,590,320,320,320,390,260,260,170,110,50,40,40,210,210,70,170,140,210,170,90,90,90,10,10,30,90,70,70,30,hayır,,,Geçerli,Ana Liste
championship ligi fikstür,Championship,Futbol,Lig,2. Seviye,Niş,Erkek,Kulüp,Takım Sporu,İngiltere,Yabancı,Yok,TV+ Yok,Yıllık,Sürekli Lig,Fikstür,Bilgi,Lig/Organizasyon,Jenerik,Türkçe,Body,fik,,,,,,,hayir,,,,,,,,,,,,,,,,,,,,,,,,,,,,,,,,hayır,,,Geçerli,Ana Liste
championship ligi maç sonuçları,Championship,Futbol,Lig,2. Seviye,Niş,Erkek,Kulüp,Takım Sporu,İngiltere,Yabancı,Yok,TV+ Yok,Yıllık,Sürekli Lig,Maç/Skor,Bilgi,Lig/Organizasyon,Jenerik,Türkçe,Body,mac,,,,,,,hayir,,,,,,,,,,,,,,,,,,,,,,,,,,,,,,,,hayır,,,Geçerli,Ana Liste
championship ligi canlı izle,Championship,Futbol,Lig,2. Seviye,Niş,Erkek,Kulüp,Takım Sporu,İngiltere,Yabancı,Yok,TV+ Yok,Yıllık,Sürekli Lig,Canlı İzle,İzleme,Lig/Organizasyon,Jenerik,Türkçe,Body,izle,,,,,,,hayir,,,,,,,,,,,,,,,,,,,,,,,,,,,,,,,,hayır,,,Geçerli,Ana Liste
championship ligi hangi kanalda,Championship,Futbol,Lig,2. Seviye,Niş,Erkek,Kulüp,Takım Sporu,İngiltere,Yabancı,Yok,TV+ Yok,Yıllık,Sürekli Lig,Kanal/Yayın,İzleme,Lig/Organizasyon,Jenerik,İngilizce,Body,kan,,,,,,,hayir,,,,,,,,,,,,,,,,,,,,,,,,,,,,,,,,hayır,,,Geçerli,Ana Liste
la liga,La Liga,Futbol,Lig,1. Seviye,Global Elit,Erkek,Kulüp,Takım Sporu,İspanya,Yabancı,Yok,TV+ Var,Yıllık,Sürekli Lig,Jenerik,Bilgi,Lig/Organizasyon,Jenerik,İngilizce,Head,jen,673000,LOW,3,0.36,0.08,0.46,evet,60500,60500,1000000,1000000,823000,1000000,823000,823000,823000,823000,823000,550000,49500,74000,1220000,1000000,1000000,1000000,823000,1000000,673000,673000,673000,550000,60500,74000,1000000,823000,673000,823000,1000000,hayır,,,Geçerli,Ana Liste
la liga puan durumu,La Liga,Futbol,Lig,1. Seviye,Global Elit,Erkek,Kulüp,Takım Sporu,İspanya,Yabancı,Yok,TV+ Var,Yıllık,Sürekli Lig,Puan Durumu,Bilgi,Lig/Organizasyon,Jenerik,İngilizce,Body,pd,450000,LOW,1,,0.04,0.23,evet,33100,40500,823000,823000,673000,673000,550000,550000,450000,450000,368000,201000,33100,60500,1000000,1000000,823000,823000,673000,823000,450000,368000,450000,246000,22200,22200,201000,165000,135000,165000,165000,hayır,,,Geçerli,Ana Liste
la liga fikstür,La Liga,Futbol,Lig,1. Seviye,Global Elit,Erkek,Kulüp,Takım Sporu,İspanya,Yabancı,Yok,TV+ Var,Yıllık,Sürekli Lig,Fikstür,Bilgi,Lig/Organizasyon,Jenerik,Türkçe,Body,fik,1900,LOW,13,0.2,0.05,0.24,evet,720,320,1300,1900,1900,1900,1900,2400,1900,2400,2400,2900,880,320,3600,3600,2900,2400,2400,3600,2400,2400,3600,3600,720,390,2900,2400,2400,2900,3600,hayır,,,Geçerli,Ana Liste
la liga maç sonuçları,La Liga,Futbol,Lig,1. Seviye,Global Elit,Erkek,Kulüp,Takım Sporu,İspanya,Yabancı,Yok,TV+ Var,Yıllık,Sürekli Lig,Maç/Skor,Bilgi,Lig/Organizasyon,Jenerik,Türkçe,Body,mac,1600,LOW,2,,,,evet,20,30,1600,1900,1900,2400,1900,2400,2400,1900,1600,1300,50,70,1900,1900,1900,1900,1900,2900,1900,1600,1900,1300,30,40,2400,1900,2400,2900,2900,hayır,,,Geçerli,Ana Liste
la liga canlı izle,La Liga,Futbol,Lig,1. Seviye,Global Elit,Erkek,Kulüp,Takım Sporu,İspanya,Yabancı,Yok,TV+ Var,Yıllık,Sürekli Lig,Canlı İzle,İzleme,Lig/Organizasyon,Jenerik,Türkçe,Body,izle,90,LOW,5,,,,evet,10,10,40,70,70,90,110,70,90,170,210,70,10,10,140,40,50,90,70,170,70,260,170,140,20,20,320,260,70,90,260,hayır,,,Geçerli,Ana Liste
la liga hangi kanalda,La Liga,Futbol,Lig,1. Seviye,Global Elit,Erkek,Kulüp,Takım Sporu,İspanya,Yabancı,Yok,TV+ Var,Yıllık,Sürekli Lig,Kanal/Yayın,İzleme,Lig/Organizasyon,Jenerik,İngilizce,Body,kan,1000,MEDIUM,34,0.34,0.11,0.39,evet,260,70,720,590,1000,720,720,720,590,1600,1900,4400,480,170,2400,1300,880,1300,1600,5400,2900,3600,4400,8100,1000,320,2900,4400,1000,1600,6600,hayır,,,Geçerli,Ana Liste
serie a,Serie A,Futbol,Lig,1. Seviye,Global Elit,Erkek,Kulüp,Takım Sporu,İtalya,Yabancı,Yok,TV+ Var,Yıllık,Sürekli Lig,Jenerik,Bilgi,Lig/Organizasyon,Jenerik,İngilizce,Head,jen,368000,LOW,1,0.55,0.08,0.47,evet,33100,33100,450000,550000,450000,550000,550000,550000,450000,368000,368000,246000,49500,60500,1000000,550000,450000,450000,450000,550000,368000,301000,301000,246000,40500,49500,368000,450000,368000,450000,450000,hayır,,,Geçerli,Ana Liste
serie a puan durumu,Serie A,Futbol,Lig,1. Seviye,Global Elit,Erkek,Kulüp,Takım Sporu,İtalya,Yabancı,Yok,TV+ Var,Yıllık,Sürekli Lig,Puan Durumu,Bilgi,Lig/Organizasyon,Jenerik,İngilizce,Body,pd,301000,LOW,0,,,,evet,33100,49500,550000,450000,368000,550000,450000,368000,301000,301000,201000,90500,40500,60500,1220000,550000,368000,368000,368000,450000,301000,246000,201000,90500,22200,14800,90500,90500,60500,74000,74000,hayır,,,Geçerli,Ana Liste
serie a fikstür,Serie A,Futbol,Lig,1. Seviye,Global Elit,Erkek,Kulüp,Takım Sporu,İtalya,Yabancı,Yok,TV+ Var,Yıllık,Sürekli Lig,Fikstür,Bilgi,Lig/Organizasyon,Jenerik,Türkçe,Body,fik,590,LOW,3,0.02,,,evet,260,90,390,590,480,880,720,720,720,720,880,590,390,110,1600,880,590,720,880,1000,720,590,720,590,390,140,590,720,880,1300,1300,hayır,,,Geçerli,Ana Liste
serie a maç sonuçları,Serie A,Futbol,Lig,1. Seviye,Global Elit,Erkek,Kulüp,Takım Sporu,İtalya,Yabancı,Yok,TV+ Var,Yıllık,Sürekli Lig,Maç/Skor,Bilgi,Lig/Organizasyon,Jenerik,Türkçe,Body,mac,390,LOW,3,,,,evet,10,10,480,590,480,590,720,720,480,480,320,170,30,10,590,480,390,590,590,880,480,390,390,260,10,10,390,720,720,880,880,hayır,,,Geçerli,Ana Liste
serie a canlı izle,Serie A,Futbol,Lig,1. Seviye,Global Elit,Erkek,Kulüp,Takım Sporu,İtalya,Yabancı,Yok,TV+ Var,Yıllık,Sürekli Lig,Canlı İzle,İzleme,Lig/Organizasyon,Jenerik,Türkçe,Body,izle,40,LOW,9,,,,evet,10,0,10,20,20,50,90,50,30,30,140,20,10,10,30,10,30,20,20,110,20,40,20,20,10,10,10,20,10,10,20,hayır,,,Geçerli,Ana Liste
serie a hangi kanalda,Serie A,Futbol,Lig,1. Seviye,Global Elit,Erkek,Kulüp,Takım Sporu,İtalya,Yabancı,Yok,TV+ Var,Yıllık,Sürekli Lig,Kanal/Yayın,İzleme,Lig/Organizasyon,Jenerik,İngilizce,Body,kan,320,LOW,22,0.5,0.1,0.48,evet,90,30,140,170,260,480,480,390,320,320,720,720,110,50,590,260,210,390,390,3600,480,590,480,720,170,110,170,390,260,390,480,hayır,,,Geçerli,Ana Liste
bundesliga,Bundesliga,Futbol,Lig,1. Seviye,Üst,Erkek,Kulüp,Takım Sporu,Almanya,Yabancı,Yok,TV+ Yok,Yıllık,Sürekli Lig,Jenerik,Bilgi,Lig/Organizasyon,Jenerik,İngilizce,Head,jen,301000,LOW,1,0.35,0.07,0.55,evet,40500,33100,450000,450000,368000,368000,368000,301000,368000,450000,368000,246000,40500,49500,550000,450000,368000,368000,450000,450000,450000,450000,450000,301000,49500,60500,550000,823000,673000,823000,550000,hayır,,,Geçerli,Ana Liste
bundesliga puan durumu,Bundesliga,Futbol,Lig,1. Seviye,Üst,Erkek,Kulüp,Takım Sporu,Almanya,Yabancı,Yok,TV+ Yok,Yıllık,Sürekli Lig,Puan Durumu,Bilgi,Lig/Organizasyon,Jenerik,İngilizce,Body,pd,201000,LOW,0,0.31,0.03,0.27,evet,22200,27100,368000,368000,246000,246000,246000,201000,201000,246000,201000,90500,22200,40500,450000,368000,301000,301000,301000,368000,301000,301000,301000,110000,14800,18100,110000,165000,135000,135000,90500,hayır,,,Geçerli,Ana Liste
bundesliga fikstür,Bundesliga,Futbol,Lig,1. Seviye,Üst,Erkek,Kulüp,Takım Sporu,Almanya,Yabancı,Yok,TV+ Yok,Yıllık,Sürekli Lig,Fikstür,Bilgi,Lig/Organizasyon,Jenerik,Türkçe,Head,fik,880,LOW,3,,0.05,0.19,evet,590,140,480,880,880,1000,1000,880,1000,1300,1300,1000,480,260,880,1000,1000,1300,1000,1300,1300,1000,1300,1000,720,210,1000,1600,1900,2400,1600,hayır,,,Geçerli,Ana Liste
bundesliga maç sonuçları,Bundesliga,Futbol,Lig,1. Seviye,Üst,Erkek,Kulüp,Takım Sporu,Almanya,Yabancı,Yok,TV+ Yok,Yıllık,Sürekli Lig,Maç/Skor,Bilgi,Lig/Organizasyon,Jenerik,Türkçe,Body,mac,880,LOW,2,,,,evet,20,10,880,1300,1300,1300,1300,1000,1000,1000,880,590,20,40,720,1000,1300,1600,1600,1600,1600,1600,1600,880,20,20,1300,1900,2400,3600,2400,hayır,,,Geçerli,Ana Liste
bundesliga canlı izle,Bundesliga,Futbol,Lig,1. Seviye,Üst,Erkek,Kulüp,Takım Sporu,Almanya,Yabancı,Yok,TV+ Yok,Yıllık,Sürekli Lig,Canlı İzle,İzleme,Lig/Organizasyon,Jenerik,Türkçe,Body,izle,30,,,,,,evet,0,0,20,40,20,20,30,40,40,40,50,90,10,10,20,20,10,50,30,30,50,50,50,50,10,10,50,90,70,110,40,hayır,,,Geçerli,Ana Liste
bundesliga hangi kanalda,Bundesliga,Futbol,Lig,1. Seviye,Üst,Erkek,Kulüp,Takım Sporu,Almanya,Yabancı,Yok,TV+ Yok,Yıllık,Sürekli Lig,Kanal/Yayın,İzleme,Lig/Organizasyon,Jenerik,İngilizce,Body,kan,1000,LOW,25,0.35,0.11,0.38,evet,390,90,320,590,720,720,880,720,1000,1300,1600,5400,720,170,320,390,260,590,720,590,1300,720,1600,2400,210,90,320,720,720,2400,720,hayır,,,Geçerli,Ana Liste
ligue 1,Ligue 1,Futbol,Lig,1. Seviye,Üst,Erkek,Kulüp,Takım Sporu,Fransa,Yabancı,Yok,TV+ Yok,Yıllık,Sürekli Lig,Jenerik,Bilgi,Lig/Organizasyon,Jenerik,İngilizce,Head,jen,110000,LOW,1,0.13,0.06,0.57,evet,27100,18100,201000,165000,135000,165000,135000,135000,110000,110000,90500,90500,22200,33100,135000,135000,90500,110000,110000,90500,90500,90500,90500,90500,27100,18100,135000,165000,135000,135000,135000,hayır,,,Geçerli,Ana Liste
ligue 1 puan durumu,Ligue 1,Futbol,Lig,1. Seviye,Üst,Erkek,Kulüp,Takım Sporu,Fransa,Yabancı,Yok,TV+ Yok,Yıllık,Sürekli Lig,Puan Durumu,Bilgi,Lig/Organizasyon,Jenerik,İngilizce,Body,pd,135000,LOW,0,,,,evet,22200,22200,301000,246000,165000,201000,135000,165000,110000,135000,90500,60500,22200,40500,201000,165000,110000,135000,135000,110000,110000,110000,90500,74000,18100,6600,33100,33100,22200,22200,18100,hayır,,,Geçerli,Ana Liste
ligue 1 fikstür,Ligue 1,Futbol,Lig,1. Seviye,Üst,Erkek,Kulüp,Takım Sporu,Fransa,Yabancı,Yok,TV+ Yok,Yıllık,Sürekli Lig,Fikstür,Bilgi,Lig/Organizasyon,Jenerik,Türkçe,Body,fik,140,LOW,1,,,,evet,140,30,140,170,210,260,210,170,140,140,110,140,140,50,140,210,210,110,170,170,170,140,110,140,110,70,110,140,260,260,210,hayır,,,Geçerli,Ana Liste
ligue 1 maç sonuçları,Ligue 1,Futbol,Lig,1. Seviye,Üst,Erkek,Kulüp,Takım Sporu,Fransa,Yabancı,Yok,TV+ Yok,Yıllık,Sürekli Lig,Maç/Skor,Bilgi,Lig/Organizasyon,Jenerik,Türkçe,Body,mac,10,LOW,0,,,,evet,10,0,10,10,20,20,10,10,10,10,10,10,0,10,10,10,10,10,10,10,10,10,10,10,10,10,20,20,10,30,20,hayır,,,Geçerli,Ana Liste
ligue 1 canlı izle,Ligue 1,Futbol,Lig,1. Seviye,Üst,Erkek,Kulüp,Takım Sporu,Fransa,Yabancı,Yok,TV+ Yok,Yıllık,Sürekli Lig,Canlı İzle,İzleme,Lig/Organizasyon,Jenerik,Türkçe,Body,izle,10,,,,,,evet,0,0,0,10,10,10,10,10,10,10,10,10,0,0,10,10,10,10,10,10,10,10,10,10,0,0,10,10,10,10,10,hayır,,,Geçerli,Ana Liste
ligue 1 hangi kanalda,Ligue 1,Futbol,Lig,1. Seviye,Üst,Erkek,Kulüp,Takım Sporu,Fransa,Yabancı,Yok,TV+ Yok,Yıllık,Sürekli Lig,Kanal/Yayın,İzleme,Lig/Organizasyon,Jenerik,İngilizce,Body,kan,50,LOW,13,,,,evet,20,10,20,50,30,50,40,30,50,70,70,140,20,10,20,10,30,40,50,70,70,70,110,260,30,10,40,70,50,90,40,hayır,,,Geçerli,Ana Liste
eredivisie,Eredivisie,Futbol,Lig,1. Seviye,Orta,Erkek,Kulüp,Takım Sporu,Hollanda,Yabancı,Yok,TV+ Yok,Yıllık,Sürekli Lig,Jenerik,Bilgi,Lig/Organizasyon,Jenerik,İngilizce,Head,jen,27100,LOW,0,0.07,,,evet,4400,4400,33100,33100,27100,27100,27100,27100,33100,27100,27100,40500,8100,6600,90500,40500,33100,40500,33100,33100,40500,33100,33100,27100,6600,6600,40500,40500,33100,33100,33100,hayır,,,Geçerli,Ana Liste
eredivisie puan durumu,Eredivisie,Futbol,Lig,1. Seviye,Orta,Erkek,Kulüp,Takım Sporu,Hollanda,Yabancı,Yok,TV+ Yok,Yıllık,Sürekli Lig,Puan Durumu,Bilgi,Lig/Organizasyon,Jenerik,İngilizce,Body,pd,40500,LOW,0,,,,evet,8100,8100,74000,60500,49500,49500,40500,49500,90500,49500,33100,49500,18100,12100,201000,74000,74000,135000,90500,60500,110000,74000,74000,27100,3600,2900,9900,12100,8100,6600,5400,hayır,,,Geçerli,Ana Liste
eredivisie fikstür,Eredivisie,Futbol,Lig,1. Seviye,Orta,Erkek,Kulüp,Takım Sporu,Hollanda,Yabancı,Yok,TV+ Yok,Yıllık,Sürekli Lig,Fikstür,Bilgi,Lig/Organizasyon,Jenerik,Türkçe,Head,fik,20,LOW,0,,,,evet,20,10,20,20,20,10,20,20,20,10,20,20,20,10,70,20,30,20,30,20,10,20,20,30,20,10,10,20,30,10,10,hayır,,,Geçerli,Ana Liste
eredivisie maç sonuçları,Eredivisie,Futbol,Lig,1. Seviye,Orta,Erkek,Kulüp,Takım Sporu,Hollanda,Yabancı,Yok,TV+ Yok,Yıllık,Sürekli Lig,Maç/Skor,Bilgi,Lig/Organizasyon,Jenerik,Türkçe,Body,mac,,,,,,,hayir,,,,,,,,,,,,,,,,,,,,,,,,,,,,,,,,hayır,,,Geçerli,Ana Liste
eredivisie canlı izle,Eredivisie,Futbol,Lig,1. Seviye,Orta,Erkek,Kulüp,Takım Sporu,Hollanda,Yabancı,Yok,TV+ Yok,Yıllık,Sürekli Lig,Canlı İzle,İzleme,Lig/Organizasyon,Jenerik,Türkçe,Body,izle,10,,,,,,evet,0,0,10,10,10,10,10,10,10,10,10,20,0,0,10,10,10,10,10,10,10,10,10,10,0,0,10,10,10,10,10,hayır,,,Geçerli,Ana Liste
eredivisie hangi kanalda,Eredivisie,Futbol,Lig,1. Seviye,Orta,Erkek,Kulüp,Takım Sporu,Hollanda,Yabancı,Yok,TV+ Yok,Yıllık,Sürekli Lig,Kanal/Yayın,İzleme,Lig/Organizasyon,Jenerik,İngilizce,Body,kan,40,LOW,7,,,,evet,10,10,20,20,20,40,20,50,20,30,40,170,20,10,90,20,10,40,30,50,50,50,50,140,20,10,30,30,40,70,70,hayır,,,Geçerli,Ana Liste
portekiz ligi,Portekiz Ligi,Futbol,Lig,1. Seviye,Orta,Erkek,Kulüp,Takım Sporu,Portekiz,Yabancı,Yok,TV+ Yok,Yıllık,Sürekli Lig,Jenerik,Bilgi,Lig/Organizasyon,Jenerik,İngilizce,Head,jen,135000,LOW,0,,,,evet,18100,27100,165000,246000,135000,165000,135000,135000,135000,110000,90500,90500,27100,33100,550000,368000,165000,165000,201000,301000,246000,246000,201000,33100,14800,22200,74000,90500,74000,90500,74000,hayır,,,Geçerli,Ana Liste
portekiz ligi puan durumu,Portekiz Ligi,Futbol,Lig,1. Seviye,Orta,Erkek,Kulüp,Takım Sporu,Portekiz,Yabancı,Yok,TV+ Yok,Yıllık,Sürekli Lig,Puan Durumu,Bilgi,Lig/Organizasyon,Jenerik,İngilizce,Body,pd,22200,LOW,0,,,,evet,2400,3600,27100,40500,27100,27100,27100,33100,22200,14800,12100,9900,4400,5400,90500,74000,27100,27100,33100,49500,33100,27100,22200,5400,2900,4400,14800,18100,14800,18100,18100,hayır,,,Geçerli,Ana Liste
portekiz ligi fikstür,Portekiz Ligi,Futbol,Lig,1. Seviye,Orta,Erkek,Kulüp,Takım Sporu,Portekiz,Yabancı,Yok,TV+ Yok,Yıllık,Sürekli Lig,Fikstür,Bilgi,Lig/Organizasyon,Jenerik,Türkçe,Body,fik,170,LOW,0,,,,evet,170,30,140,320,210,210,170,260,170,210,140,170,170,50,1600,720,260,260,390,590,590,880,590,110,90,30,90,110,140,140,140,hayır,,,Geçerli,Ana Liste
portekiz ligi maç sonuçları,Portekiz Ligi,Futbol,Lig,1. Seviye,Orta,Erkek,Kulüp,Takım Sporu,Portekiz,Yabancı,Yok,TV+ Yok,Yıllık,Sürekli Lig,Maç/Skor,Bilgi,Lig/Organizasyon,Jenerik,Türkçe,Body,mac,720,LOW,1,,,,evet,20,40,390,880,880,1000,1000,1300,880,720,590,480,30,40,1600,1900,1000,1300,1600,2400,1300,1300,1300,390,90,90,720,1300,1000,1300,1300,hayır,,,Geçerli,Ana Liste
portekiz ligi canlı izle,Portekiz Ligi,Futbol,Lig,1. Seviye,Orta,Erkek,Kulüp,Takım Sporu,Portekiz,Yabancı,Yok,TV+ Yok,Yıllık,Sürekli Lig,Canlı İzle,İzleme,Lig/Organizasyon,Jenerik,Türkçe,Body,izle,20,LOW,7,1.02,,,evet,10,10,10,70,10,30,30,70,10,10,20,20,0,10,30,40,30,50,50,90,40,140,170,50,10,10,20,90,70,70,110,hayır,,,Geçerli,Ana Liste
portekiz ligi hangi kanalda,Portekiz Ligi,Futbol,Lig,1. Seviye,Orta,Erkek,Kulüp,Takım Sporu,Portekiz,Yabancı,Yok,TV+ Yok,Yıllık,Sürekli Lig,Kanal/Yayın,İzleme,Lig/Organizasyon,Jenerik,İngilizce,Body,kan,390,LOW,7,0.38,0.1,0.34,evet,90,30,90,260,260,480,480,590,260,480,590,720,70,20,1000,720,390,880,720,2400,2400,4400,9900,880,70,40,170,590,390,480,1000,hayır,,,Geçerli,Ana Liste
yunanistan ligi,Yunanistan Süper Lig,Futbol,Lig,1. Seviye,Niş,Erkek,Kulüp,Takım Sporu,Yunanistan,Yabancı,Yok,TV+ Yok,Yıllık,Sürekli Lig,Jenerik,Bilgi,Lig/Organizasyon,Jenerik,İngilizce,Head,jen,18100,LOW,0,,,,evet,3600,8100,60500,18100,14800,18100,12100,18100,12100,12100,9900,12100,2900,9900,22200,18100,14800,27100,22200,18100,14800,14800,49500,9900,6600,18100,201000,673000,301000,450000,450000,hayır,,,Geçerli,Ana Liste
yunanistan ligi puan durumu,Yunanistan Süper Lig,Futbol,Lig,1. Seviye,Niş,Erkek,Kulüp,Takım Sporu,Yunanistan,Yabancı,Yok,TV+ Yok,Yıllık,Sürekli Lig,Puan Durumu,Bilgi,Lig/Organizasyon,Jenerik,İngilizce,Body,pd,2900,LOW,0,,,,evet,390,480,8100,2900,2900,4400,2900,4400,2400,2400,1600,1600,590,880,3600,3600,2900,5400,4400,4400,2900,2400,6600,1300,720,2400,40500,165000,60500,90500,74000,hayır,,,Geçerli,Ana Liste
yunanistan ligi fikstür,Yunanistan Süper Lig,Futbol,Lig,1. Seviye,Niş,Erkek,Kulüp,Takım Sporu,Yunanistan,Yabancı,Yok,TV+ Yok,Yıllık,Sürekli Lig,Fikstür,Bilgi,Lig/Organizasyon,Jenerik,Türkçe,Body,fik,30,LOW,1,,,,evet,10,10,110,30,20,20,10,20,10,20,10,10,10,10,10,20,10,10,30,20,10,20,70,20,20,10,390,2400,720,1300,1000,hayır,,,Geçerli,Ana Liste
yunanistan ligi maç sonuçları,Yunanistan Süper Lig,Futbol,Lig,1. Seviye,Niş,Erkek,Kulüp,Takım Sporu,Yunanistan,Yabancı,Yok,TV+ Yok,Yıllık,Sürekli Lig,Maç/Skor,Bilgi,Lig/Organizasyon,Jenerik,Türkçe,Body,mac,70,LOW,3,,,,evet,10,10,140,70,90,140,90,90,110,90,50,40,10,10,140,170,140,260,260,210,170,140,140,70,10,10,880,2900,1300,2400,2400,hayır,,,Geçerli,Ana Liste
yunanistan ligi canlı izle,Yunanistan Süper Lig,Futbol,Lig,1. Seviye,Niş,Erkek,Kulüp,Takım Sporu,Yunanistan,Yabancı,Yok,TV+ Yok,Yıllık,Sürekli Lig,Canlı İzle,İzleme,Lig/Organizasyon,Jenerik,Türkçe,Body,izle,20,,,,,,evet,0,10,20,10,10,20,10,20,10,20,140,10,10,10,10,10,10,10,10,10,20,40,20,10,0,10,30,170,70,140,260,hayır,,,Geçerli,Ana Liste
yunanistan ligi hangi kanalda,Yunanistan Süper Lig,Futbol,Lig,1. Seviye,Niş,Erkek,Kulüp,Takım Sporu,Yunanistan,Yabancı,Yok,TV+ Yok,Yıllık,Sürekli Lig,Kanal/Yayın,İzleme,Lig/Organizasyon,Jenerik,İngilizce,Body,kan,40,LOW,6,,,,evet,10,20,50,30,40,40,30,50,40,20,50,50,10,10,10,20,10,40,70,70,40,70,90,90,10,20,90,590,320,590,2400,hayır,,,Geçerli,Ana Liste
rusya premier ligi,Rusya Premier Ligi,Futbol,Lig,1. Seviye,Niş,Erkek,Kulüp,Takım Sporu,Rusya,Yabancı,Yok,TV+ Yok,Yıllık,Sürekli Lig,Jenerik,Bilgi,Lig/Organizasyon,Jenerik,İngilizce,Body,jen,3600,LOW,2,0.51,0.24,0.53,evet,1600,720,4400,5400,4400,2900,1300,1900,3600,3600,3600,5400,2900,1000,4400,3600,3600,1600,1300,1900,4400,2400,2400,3600,2900,720,4400,3600,2400,880,880,hayır,,,Geçerli,Ana Liste
rusya premier ligi puan durumu,Rusya Premier Ligi,Futbol,Lig,1. Seviye,Niş,Erkek,Kulüp,Takım Sporu,Rusya,Yabancı,Yok,TV+ Yok,Yıllık,Sürekli Lig,Puan Durumu,Bilgi,Lig/Organizasyon,Jenerik,İngilizce,Long-tail,pd,9900,LOW,1,0.48,0.25,0.6,evet,3600,2400,18100,18100,14800,9900,4400,6600,12100,12100,12100,12100,6600,3600,27100,18100,12100,6600,5400,8100,14800,9900,8100,9900,3600,880,6600,3600,1900,590,480,hayır,,,Geçerli,Ana Liste
rusya premier ligi fikstür,Rusya Premier Ligi,Futbol,Lig,1. Seviye,Niş,Erkek,Kulüp,Takım Sporu,Rusya,Yabancı,Yok,TV+ Yok,Yıllık,Sürekli Lig,Fikstür,Bilgi,Lig/Organizasyon,Jenerik,Türkçe,Body,fik,,,,,,,hayir,,,,,,,,,,,,,,,,,,,,,,,,,,,,,,,,hayır,,,Geçerli,Ana Liste
rusya premier ligi maç sonuçları,Rusya Premier Ligi,Futbol,Lig,1. Seviye,Niş,Erkek,Kulüp,Takım Sporu,Rusya,Yabancı,Yok,TV+ Yok,Yıllık,Sürekli Lig,Maç/Skor,Bilgi,Lig/Organizasyon,Jenerik,Türkçe,Long-tail,mac,,,,,,,hayir,,,,,,,,,,,,,,,,,,,,,,,,,,,,,,,,hayır,,,Geçerli,Ana Liste
rusya premier ligi canlı izle,Rusya Premier Ligi,Futbol,Lig,1. Seviye,Niş,Erkek,Kulüp,Takım Sporu,Rusya,Yabancı,Yok,TV+ Yok,Yıllık,Sürekli Lig,Canlı İzle,İzleme,Lig/Organizasyon,Jenerik,Türkçe,Long-tail,izle,20,LOW,8,0.51,0.16,0.49,evet,30,0,10,10,40,10,0,10,30,30,10,70,50,0,30,20,50,10,10,10,20,10,30,90,90,0,90,110,40,10,0,hayır,,,Geçerli,Ana Liste
rusya premier ligi hangi kanalda,Rusya Premier Ligi,Futbol,Lig,1. Seviye,Niş,Erkek,Kulüp,Takım Sporu,Rusya,Yabancı,Yok,TV+ Yok,Yıllık,Sürekli Lig,Kanal/Yayın,İzleme,Lig/Organizasyon,Jenerik,İngilizce,Long-tail,kan,10,LOW,3,,,,evet,10,0,10,10,20,20,0,0,20,10,10,40,30,10,20,10,30,10,10,10,40,30,40,50,70,0,20,30,20,0,10,hayır,,,Geçerli,Ana Liste
suudi arabistan ligi,Suudi Pro Lig,Futbol,Lig,1. Seviye,Orta,Erkek,Kulüp,Takım Sporu,Suudi Arabistan,Yabancı,Yok,TV+ Yok,Yıllık,Sürekli Lig,Jenerik,Bilgi,Lig/Organizasyon,Jenerik,İngilizce,Body,jen,27100,LOW,0,,,,evet,1300,3600,110000,33100,12100,60500,33100,9900,14800,14800,9900,8100,6600,5400,74000,60500,27100,27100,33100,27100,12100,9900,12100,8100,3600,8100,40500,22200,27100,27100,22200,hayır,,,Geçerli,Ana Liste
suudi arabistan ligi puan durumu,Suudi Pro Lig,Futbol,Lig,1. Seviye,Orta,Erkek,Kulüp,Takım Sporu,Suudi Arabistan,Yabancı,Yok,TV+ Yok,Yıllık,Sürekli Lig,Puan Durumu,Bilgi,Lig/Organizasyon,Jenerik,İngilizce,Long-tail,pd,2400,LOW,0,,,,evet,390,390,9900,3600,1600,2900,2900,1600,1000,880,720,590,880,880,4400,5400,3600,4400,4400,3600,1300,880,880,720,390,880,3600,2900,2900,2900,1900,hayır,,,Geçerli,Ana Liste
suudi arabistan ligi fikstür,Suudi Pro Lig,Futbol,Lig,1. Seviye,Orta,Erkek,Kulüp,Takım Sporu,Suudi Arabistan,Yabancı,Yok,TV+ Yok,Yıllık,Sürekli Lig,Fikstür,Bilgi,Lig/Organizasyon,Jenerik,Türkçe,Body,fik,70,LOW,0,,,,evet,30,10,320,50,50,70,90,50,30,20,10,30,20,10,30,30,20,20,0,0,0,0,0,0,0,0,0,0,0,0,0,hayır,,,Geçerli,Ana Liste
suudi arabistan ligi maç sonuçları,Suudi Pro Lig,Futbol,Lig,1. Seviye,Orta,Erkek,Kulüp,Takım Sporu,Suudi Arabistan,Yabancı,Yok,TV+ Yok,Yıllık,Sürekli Lig,Maç/Skor,Bilgi,Lig/Organizasyon,Jenerik,Türkçe,Long-tail,mac,90,LOW,0,,,,evet,10,30,210,110,90,170,210,110,40,70,30,20,10,10,110,140,90,110,320,30,40,50,30,30,10,10,90,90,70,70,40,hayır,,,Geçerli,Ana Liste
suudi arabistan ligi canlı izle,Suudi Pro Lig,Futbol,Lig,1. Seviye,Orta,Erkek,Kulüp,Takım Sporu,Suudi Arabistan,Yabancı,Yok,TV+ Yok,Yıllık,Sürekli Lig,Canlı İzle,İzleme,Lig/Organizasyon,Jenerik,Türkçe,Long-tail,izle,50,LOW,4,,,,evet,10,30,40,50,20,90,140,70,40,50,50,20,10,10,40,20,10,50,70,30,20,50,30,40,10,10,50,30,40,70,40,hayır,,,Geçerli,Ana Liste
suudi arabistan ligi hangi kanalda,Suudi Pro Lig,Futbol,Lig,1. Seviye,Orta,Erkek,Kulüp,Takım Sporu,Suudi Arabistan,Yabancı,Yok,TV+ Yok,Yıllık,Sürekli Lig,Kanal/Yayın,İzleme,Lig/Organizasyon,Jenerik,İngilizce,Long-tail,kan,110,LOW,6,,,,evet,10,10,110,90,30,210,210,90,90,140,170,140,10,20,170,170,90,210,480,170,140,140,140,140,10,10,70,70,90,170,110,hayır,,,Geçerli,Ana Liste
suudi pro lig,Suudi Pro Lig,Futbol,Lig,1. Seviye,Orta,Erkek,Kulüp,Takım Sporu,Suudi Arabistan,Yabancı,Yok,TV+ Yok,Yıllık,Sürekli Lig,Jenerik,Bilgi,Lig/Organizasyon,Jenerik,İngilizce,Body,jen,6600,LOW,0,,,,evet,880,880,22200,12100,4400,14800,8100,4400,4400,2900,1900,1900,1900,1600,4400,4400,2400,2900,3600,2900,1900,1900,1900,1300,720,1000,5400,3600,3600,3600,2400,hayır,,,Geçerli,Ana Liste
suudi pro lig puan durumu,Suudi Pro Lig,Futbol,Lig,1. Seviye,Orta,Erkek,Kulüp,Takım Sporu,Suudi Arabistan,Yabancı,Yok,TV+ Yok,Yıllık,Sürekli Lig,Puan Durumu,Bilgi,Lig/Organizasyon,Jenerik,İngilizce,Long-tail,pd,590,LOW,0,,,,evet,50,70,2900,880,480,1000,590,260,260,210,170,140,320,170,480,480,480,480,390,480,260,210,170,140,90,110,720,480,480,480,390,hayır,,,Geçerli,Ana Liste
suudi pro lig fikstür,Suudi Pro Lig,Futbol,Lig,1. Seviye,Orta,Erkek,Kulüp,Takım Sporu,Suudi Arabistan,Yabancı,Yok,TV+ Yok,Yıllık,Sürekli Lig,Fikstür,Bilgi,Lig/Organizasyon,Jenerik,Türkçe,Body,fik,,,,,,,hayir,,,,,,,,,,,,,,,,,,,,,,,,,,,,,,,,hayır,,,Geçerli,Ana Liste
suudi pro lig maç sonuçları,Suudi Pro Lig,Futbol,Lig,1. Seviye,Orta,Erkek,Kulüp,Takım Sporu,Suudi Arabistan,Yabancı,Yok,TV+ Yok,Yıllık,Sürekli Lig,Maç/Skor,Bilgi,Lig/Organizasyon,Jenerik,Türkçe,Long-tail,mac,,,,,,,hayir,,,,,,,,,,,,,,,,,,,,,,,,,,,,,,,,hayır,,,Geçerli,Ana Liste
suudi pro lig canlı izle,Suudi Pro Lig,Futbol,Lig,1. Seviye,Orta,Erkek,Kulüp,Takım Sporu,Suudi Arabistan,Yabancı,Yok,TV+ Yok,Yıllık,Sürekli Lig,Canlı İzle,İzleme,Lig/Organizasyon,Jenerik,Türkçe,Long-tail,izle,,,,,,,hayir,,,,,,,,,,,,,,,,,,,,,,,,,,,,,,,,hayır,,,Geçerli,Ana Liste
suudi pro lig hangi kanalda,Suudi Pro Lig,Futbol,Lig,1. Seviye,Orta,Erkek,Kulüp,Takım Sporu,Suudi Arabistan,Yabancı,Yok,TV+ Yok,Yıllık,Sürekli Lig,Kanal/Yayın,İzleme,Lig/Organizasyon,Jenerik,İngilizce,Long-tail,kan,50,,,,,,evet,0,10,30,30,10,110,170,50,20,40,50,40,10,10,10,10,20,30,90,40,40,30,30,30,10,10,20,10,20,40,20,hayır,,,Geçerli,Ana Liste
mls,MLS,Futbol,Lig,1. Seviye,Orta,Erkek,Kulüp,Takım Sporu,ABD,Yabancı,Yok,TV+ Yok,Yıllık,Sürekli Lig,Jenerik,Bilgi,Lig/Organizasyon,Jenerik,İngilizce,Head,jen,27100,LOW,0,0.18,0.15,1.21,evet,22200,9900,49500,27100,27100,14800,9900,33100,49500,40500,33100,27100,49500,27100,49500,33100,33100,22200,14800,18100,27100,40500,27100,18100,27100,33100,60500,33100,40500,22200,18100,hayır,,,Geçerli,Ana Liste
mls puan durumu,MLS,Futbol,Lig,1. Seviye,Orta,Erkek,Kulüp,Takım Sporu,ABD,Yabancı,Yok,TV+ Yok,Yıllık,Sürekli Lig,Puan Durumu,Bilgi,Lig/Organizasyon,Jenerik,İngilizce,Body,pd,14800,LOW,0,1.78,0.13,0.59,evet,12100,8100,27100,18100,14800,9900,5400,14800,18100,27100,18100,14800,27100,18100,33100,27100,27100,18100,12100,14800,18100,27100,18100,9900,6600,6600,9900,6600,6600,3600,3600,hayır,,,Geçerli,Ana Liste
mls fikstür,MLS,Futbol,Lig,1. Seviye,Orta,Erkek,Kulüp,Takım Sporu,ABD,Yabancı,Yok,TV+ Yok,Yıllık,Sürekli Lig,Fikstür,Bilgi,Lig/Organizasyon,Jenerik,Türkçe,Head,fik,30,LOW,2,,,,evet,40,20,40,20,20,30,20,30,50,40,30,20,50,40,40,10,20,20,20,20,30,50,30,40,70,20,70,30,30,10,50,hayır,,,Geçerli,Ana Liste
mls maç sonuçları,MLS,Futbol,Lig,1. Seviye,Orta,Erkek,Kulüp,Takım Sporu,ABD,Yabancı,Yok,TV+ Yok,Yıllık,Sürekli Lig,Maç/Skor,Bilgi,Lig/Organizasyon,Jenerik,Türkçe,Body,mac,10,LOW,6,,,,evet,20,0,30,20,10,10,10,10,10,20,10,10,20,20,30,10,20,10,10,10,10,30,40,20,50,30,30,10,10,10,10,hayır,,,Geçerli,Ana Liste
mls canlı izle,MLS,Futbol,Lig,1. Seviye,Orta,Erkek,Kulüp,Takım Sporu,ABD,Yabancı,Yok,TV+ Yok,Yıllık,Sürekli Lig,Canlı İzle,İzleme,Lig/Organizasyon,Jenerik,Türkçe,Body,izle,70,LOW,19,0.13,,,evet,10,10,70,70,140,50,10,110,50,70,140,90,170,40,110,110,90,30,10,10,70,140,140,40,170,90,170,140,170,70,40,hayır,,,Geçerli,Ana Liste
mls hangi kanalda,MLS,Futbol,Lig,1. Seviye,Orta,Erkek,Kulüp,Takım Sporu,ABD,Yabancı,Yok,TV+ Yok,Yıllık,Sürekli Lig,Kanal/Yayın,İzleme,Lig/Organizasyon,Jenerik,İngilizce,Body,kan,70,LOW,7,0.33,,,evet,50,10,90,110,90,70,10,140,110,70,110,50,90,50,210,90,90,40,20,10,70,140,170,90,90,90,210,170,260,140,70,hayır,,,Geçerli,Ana Liste
brezilya ligi,Brezilya Serie A,Futbol,Lig,1. Seviye,Niş,Erkek,Kulüp,Takım Sporu,Brezilya,Yabancı,Yok,TV+ Yok,Yıllık,Sürekli Lig,Jenerik,Bilgi,Lig/Organizasyon,Jenerik,İngilizce,Head,jen,18100,LOW,2,0.47,0.21,0.49,evet,9900,6600,33100,18100,22200,18100,12100,22200,27100,22200,14800,22200,22200,27100,22200,18100,12100,18100,12100,18100,22200,18100,18100,27100,49500,33100,18100,27100,8100,18100,12100,hayır,,,Geçerli,Ana Liste
brezilya ligi puan durumu,Brezilya Serie A,Futbol,Lig,1. Seviye,Niş,Erkek,Kulüp,Takım Sporu,Brezilya,Yabancı,Yok,TV+ Yok,Yıllık,Sürekli Lig,Puan Durumu,Bilgi,Lig/Organizasyon,Jenerik,İngilizce,Body,pd,1900,LOW,2,0.41,0.2,0.5,evet,880,720,5400,1900,2400,1900,1600,2900,2900,1900,1600,1900,2400,4400,2400,1900,1600,2900,1600,1900,2400,1600,1600,2900,8100,5400,2900,3600,1000,3600,1600,hayır,,,Geçerli,Ana Liste
brezilya ligi fikstür,Brezilya Serie A,Futbol,Lig,1. Seviye,Niş,Erkek,Kulüp,Takım Sporu,Brezilya,Yabancı,Yok,TV+ Yok,Yıllık,Sürekli Lig,Fikstür,Bilgi,Lig/Organizasyon,Jenerik,Türkçe,Body,fik,40,LOW,2,0.36,,,evet,70,20,90,50,50,30,20,50,50,30,20,30,40,50,40,20,10,40,70,40,40,30,30,40,50,40,20,30,20,30,30,hayır,,,Geçerli,Ana Liste
brezilya ligi maç sonuçları,Brezilya Serie A,Futbol,Lig,1. Seviye,Niş,Erkek,Kulüp,Takım Sporu,Brezilya,Yabancı,Yok,TV+ Yok,Yıllık,Sürekli Lig,Maç/Skor,Bilgi,Lig/Organizasyon,Jenerik,Türkçe,Body,mac,210,LOW,9,0.41,0.15,0.56,evet,110,70,210,210,260,260,110,210,480,390,260,210,260,140,170,210,50,40,40,170,260,260,260,320,720,480,170,210,30,50,20,hayır,,,Geçerli,Ana Liste
brezilya ligi canlı izle,Brezilya Serie A,Futbol,Lig,1. Seviye,Niş,Erkek,Kulüp,Takım Sporu,Brezilya,Yabancı,Yok,TV+ Yok,Yıllık,Sürekli Lig,Canlı İzle,İzleme,Lig/Organizasyon,Jenerik,Türkçe,Body,izle,40,LOW,21,,,,evet,20,10,50,40,50,50,20,70,70,70,30,70,90,40,70,50,30,30,10,10,110,140,90,110,260,140,140,260,10,40,30,hayır,,,Geçerli,Ana Liste
brezilya ligi hangi kanalda,Brezilya Serie A,Futbol,Lig,1. Seviye,Niş,Erkek,Kulüp,Takım Sporu,Brezilya,Yabancı,Yok,TV+ Yok,Yıllık,Sürekli Lig,Kanal/Yayın,İzleme,Lig/Organizasyon,Jenerik,İngilizce,Body,kan,140,LOW,11,0.68,0.14,0.4,evet,90,20,140,70,110,110,50,140,260,260,110,210,210,170,210,140,40,210,50,110,390,170,210,320,390,260,210,480,30,50,40,hayır,,,Geçerli,Ana Liste
arjantin ligi,Arjantin Ligi,Futbol,Lig,1. Seviye,Niş,Erkek,Kulüp,Takım Sporu,Arjantin,Yabancı,Yok,TV+ Yok,Yıllık,Sürekli Lig,Jenerik,Bilgi,Lig/Organizasyon,Jenerik,İngilizce,Head,jen,14800,LOW,0,,,,evet,8100,5400,14800,14800,14800,14800,8100,40500,18100,12100,12100,14800,18100,14800,14800,18100,14800,18100,9900,14800,18100,12100,14800,14800,12100,14800,14800,12100,14800,14800,8100,hayır,,,Geçerli,Ana Liste
arjantin ligi puan durumu,Arjantin Ligi,Futbol,Lig,1. Seviye,Niş,Erkek,Kulüp,Takım Sporu,Arjantin,Yabancı,Yok,TV+ Yok,Yıllık,Sürekli Lig,Puan Durumu,Bilgi,Lig/Organizasyon,Jenerik,İngilizce,Body,pd,1600,LOW,0,0.59,,,evet,1000,590,1600,1900,1900,1600,1600,3600,2400,1300,1300,1300,1600,1900,1600,1900,1600,1900,880,1600,2400,1600,2400,1900,1600,3600,1900,1600,2400,1900,1000,hayır,,,Geçerli,Ana Liste
arjantin ligi fikstür,Arjantin Ligi,Futbol,Lig,1. Seviye,Niş,Erkek,Kulüp,Takım Sporu,Arjantin,Yabancı,Yok,TV+ Yok,Yıllık,Sürekli Lig,Fikstür,Bilgi,Lig/Organizasyon,Jenerik,Türkçe,Body,fik,40,LOW,2,,,,evet,50,20,20,30,30,40,70,40,50,20,20,30,20,10,20,10,20,10,20,30,20,10,40,30,20,30,10,10,20,10,10,hayır,,,Geçerli,Ana Liste
arjantin ligi maç sonuçları,Arjantin Ligi,Futbol,Lig,1. Seviye,Niş,Erkek,Kulüp,Takım Sporu,Arjantin,Yabancı,Yok,TV+ Yok,Yıllık,Sürekli Lig,Maç/Skor,Bilgi,Lig/Organizasyon,Jenerik,Türkçe,Body,mac,170,LOW,3,0.17,0.08,0.32,evet,170,40,90,170,210,260,210,50,210,210,170,140,170,50,140,210,210,260,110,210,390,260,210,260,260,320,260,210,260,320,90,hayır,,,Geçerli,Ana Liste
arjantin ligi canlı izle,Arjantin Ligi,Futbol,Lig,1. Seviye,Niş,Erkek,Kulüp,Takım Sporu,Arjantin,Yabancı,Yok,TV+ Yok,Yıllık,Sürekli Lig,Canlı İzle,İzleme,Lig/Organizasyon,Jenerik,Türkçe,Body,izle,40,LOW,4,0.23,,,evet,70,10,20,70,30,50,20,20,50,50,70,50,110,20,30,40,40,30,20,30,50,70,90,90,70,70,110,210,210,390,90,hayır,,,Geçerli,Ana Liste
arjantin ligi hangi kanalda,Arjantin Ligi,Futbol,Lig,1. Seviye,Niş,Erkek,Kulüp,Takım Sporu,Arjantin,Yabancı,Yok,TV+ Yok,Yıllık,Sürekli Lig,Kanal/Yayın,İzleme,Lig/Organizasyon,Jenerik,İngilizce,Body,kan,40,LOW,12,,,,evet,20,10,20,90,50,50,20,30,50,50,40,50,70,30,30,70,30,70,30,70,90,90,260,110,50,40,50,90,70,170,50,hayır,,,Geçerli,Ana Liste
fa cup,FA Cup,Futbol,Kupa,Kıta Üstü,Orta,Erkek,Kulüp,Takım Sporu,İngiltere,Yabancı,Yok,TV+ Var,Yıllık,Turnuva,Jenerik,Bilgi,Lig/Organizasyon,Jenerik,İngilizce,Head,jen,33100,LOW,0,,,,evet,2900,2400,49500,110000,60500,49500,49500,8100,2900,5400,4400,5400,2900,3600,49500,40500,74000,90500,90500,9900,4400,6600,4400,5400,3600,5400,74000,74000,90500,60500,135000,hayır,,,Geçerli,Ana Liste
fa cup fikstür,FA Cup,Futbol,Kupa,Kıta Üstü,Orta,Erkek,Kulüp,Takım Sporu,İngiltere,Yabancı,Yok,TV+ Var,Yıllık,Turnuva,Fikstür,Bilgi,Lig/Organizasyon,Jenerik,Türkçe,Body,fik,70,LOW,1,,,,evet,10,10,50,210,170,90,110,30,20,20,20,10,10,10,40,110,170,170,170,30,10,20,10,10,10,10,50,140,210,210,320,hayır,,,Geçerli,Ana Liste
fa cup maç sonuçları,FA Cup,Futbol,Kupa,Kıta Üstü,Orta,Erkek,Kulüp,Takım Sporu,İngiltere,Yabancı,Yok,TV+ Var,Yıllık,Turnuva,Maç/Skor,Bilgi,Lig/Organizasyon,Jenerik,Türkçe,Body,mac,10,,,,,,evet,0,0,10,10,10,10,10,10,0,10,0,10,0,0,10,10,20,20,10,10,10,10,10,0,0,10,10,10,20,20,50,hayır,,,Geçerli,Ana Liste
fa cup canlı izle,FA Cup,Futbol,Kupa,Kıta Üstü,Orta,Erkek,Kulüp,Takım Sporu,İngiltere,Yabancı,Yok,TV+ Var,Yıllık,Turnuva,Canlı İzle,İzleme,Lig/Organizasyon,Jenerik,Türkçe,Body,izle,10,LOW,14,,,,evet,10,0,20,30,20,10,40,10,10,0,0,10,0,0,50,30,40,40,70,0,10,10,10,10,10,10,170,70,40,50,210,hayır,,,Geçerli,Ana Liste
fa cup hangi kanalda,FA Cup,Futbol,Kupa,Kıta Üstü,Orta,Erkek,Kulüp,Takım Sporu,İngiltere,Yabancı,Yok,TV+ Var,Yıllık,Turnuva,Kanal/Yayın,İzleme,Lig/Organizasyon,Jenerik,İngilizce,Body,kan,390,LOW,7,,,,evet,10,0,480,1300,720,720,1300,70,10,70,70,40,20,10,1600,590,880,1000,2400,140,30,110,70,110,10,10,1300,880,1300,880,4400,hayır,,,Geçerli,Ana Liste
carabao cup,Carabao Cup,Futbol,Kupa,Kıta Üstü,Orta,Erkek,Kulüp,Takım Sporu,İngiltere,Yabancı,Yok,TV+ Yok,Yıllık,Turnuva,Jenerik,Bilgi,Lig/Organizasyon,Jenerik,İngilizce,Head,jen,4400,LOW,0,,,,evet,720,720,3600,2400,9900,5400,4400,4400,1000,5400,5400,5400,880,1600,8100,2400,8100,8100,6600,8100,1900,6600,6600,4400,880,1000,3600,2400,1900,9900,8100,hayır,,,Geçerli,Ana Liste
carabao cup fikstür,Carabao Cup,Futbol,Kupa,Kıta Üstü,Orta,Erkek,Kulüp,Takım Sporu,İngiltere,Yabancı,Yok,TV+ Yok,Yıllık,Turnuva,Fikstür,Bilgi,Lig/Organizasyon,Jenerik,Türkçe,Body,fik,,,,,,,hayir,,,,,,,,,,,,,,,,,,,,,,,,,,,,,,,,hayır,,,Geçerli,Ana Liste
carabao cup maç sonuçları,Carabao Cup,Futbol,Kupa,Kıta Üstü,Orta,Erkek,Kulüp,Takım Sporu,İngiltere,Yabancı,Yok,TV+ Yok,Yıllık,Turnuva,Maç/Skor,Bilgi,Lig/Organizasyon,Jenerik,Türkçe,Body,mac,,,,,,,hayir,,,,,,,,,,,,,,,,,,,,,,,,,,,,,,,,hayır,,,Geçerli,Ana Liste
carabao cup canlı izle,Carabao Cup,Futbol,Kupa,Kıta Üstü,Orta,Erkek,Kulüp,Takım Sporu,İngiltere,Yabancı,Yok,TV+ Yok,Yıllık,Turnuva,Canlı İzle,İzleme,Lig/Organizasyon,Jenerik,Türkçe,Body,izle,,,,,,,hayir,,,,,,,,,,,,,,,,,,,,,,,,,,,,,,,,hayır,,,Geçerli,Ana Liste
carabao cup hangi kanalda,Carabao Cup,Futbol,Kupa,Kıta Üstü,Orta,Erkek,Kulüp,Takım Sporu,İngiltere,Yabancı,Yok,TV+ Yok,Yıllık,Turnuva,Kanal/Yayın,İzleme,Lig/Organizasyon,Jenerik,İngilizce,Body,kan,70,LOW,0,,,,evet,10,0,10,10,210,70,110,90,10,90,140,50,10,0,0,10,90,70,70,110,10,140,70,50,10,0,10,10,10,320,110,hayır,,,Geçerli,Ana Liste
efl cup,Carabao Cup,Futbol,Kupa,Kıta Üstü,Orta,Erkek,Kulüp,Takım Sporu,İngiltere,Yabancı,Yok,TV+ Yok,Yıllık,Turnuva,Jenerik,Bilgi,Lig/Organizasyon,Jenerik,İngilizce,Head,jen,2400,LOW,1,,,,evet,260,320,1300,1000,4400,3600,2900,3600,590,4400,3600,3600,320,390,1600,880,2900,4400,3600,5400,1300,5400,3600,2400,320,390,1600,880,590,2400,4400,hayır,,,Geçerli,Ana Liste
efl cup fikstür,Carabao Cup,Futbol,Kupa,Kıta Üstü,Orta,Erkek,Kulüp,Takım Sporu,İngiltere,Yabancı,Yok,TV+ Yok,Yıllık,Turnuva,Fikstür,Bilgi,Lig/Organizasyon,Jenerik,Türkçe,Body,fik,10,LOW,0,,,,evet,10,0,10,10,0,0,0,10,0,0,10,10,0,10,0,10,0,10,10,10,10,10,10,10,10,10,10,10,0,10,10,hayır,,,Geçerli,Ana Liste
efl cup maç sonuçları,Carabao Cup,Futbol,Kupa,Kıta Üstü,Orta,Erkek,Kulüp,Takım Sporu,İngiltere,Yabancı,Yok,TV+ Yok,Yıllık,Turnuva,Maç/Skor,Bilgi,Lig/Organizasyon,Jenerik,Türkçe,Body,mac,,,,,,,hayir,,,,,,,,,,,,,,,,,,,,,,,,,,,,,,,,hayır,,,Geçerli,Ana Liste
efl cup canlı izle,Carabao Cup,Futbol,Kupa,Kıta Üstü,Orta,Erkek,Kulüp,Takım Sporu,İngiltere,Yabancı,Yok,TV+ Yok,Yıllık,Turnuva,Canlı İzle,İzleme,Lig/Organizasyon,Jenerik,Türkçe,Body,izle,,,,,,,hayir,,,,,,,,,,,,,,,,,,,,,,,,,,,,,,,,hayır,,,Geçerli,Ana Liste
efl cup hangi kanalda,Carabao Cup,Futbol,Kupa,Kıta Üstü,Orta,Erkek,Kulüp,Takım Sporu,İngiltere,Yabancı,Yok,TV+ Yok,Yıllık,Turnuva,Kanal/Yayın,İzleme,Lig/Organizasyon,Jenerik,İngilizce,Body,kan,50,LOW,0,,,,evet,10,10,10,10,90,50,70,90,10,90,170,70,10,0,10,0,20,140,110,140,10,320,90,20,0,0,10,10,10,140,90,hayır,,,Geçerli,Ana Liste
community shield,Community Shield,Futbol,Kupa,Kıta Üstü,Orta,Erkek,Kulüp,Takım Sporu,İngiltere,Yabancı,Yok,TV+ Yok,Yıllık,Turnuva,Jenerik,Bilgi,Lig/Organizasyon,Jenerik,İngilizce,Head,jen,1900,LOW,1,0.27,0.07,0.54,evet,880,880,3600,720,880,480,880,390,390,480,720,14800,880,720,1300,880,720,720,720,720,480,720,720,22200,1300,720,1600,880,720,720,880,hayır,,,Geçerli,Ana Liste
community shield fikstür,Community Shield,Futbol,Kupa,Kıta Üstü,Orta,Erkek,Kulüp,Takım Sporu,İngiltere,Yabancı,Yok,TV+ Yok,Yıllık,Turnuva,Fikstür,Bilgi,Lig/Organizasyon,Jenerik,Türkçe,Body,fik,,,,,,,hayir,,,,,,,,,,,,,,,,,,,,,,,,,,,,,,,,hayır,,,Geçerli,Ana Liste
community shield maç sonuçları,Community Shield,Futbol,Kupa,Kıta Üstü,Orta,Erkek,Kulüp,Takım Sporu,İngiltere,Yabancı,Yok,TV+ Yok,Yıllık,Turnuva,Maç/Skor,Bilgi,Lig/Organizasyon,Jenerik,Türkçe,Body,mac,,,,,,,hayir,,,,,,,,,,,,,,,,,,,,,,,,,,,,,,,,hayır,,,Geçerli,Ana Liste
community shield canlı izle,Community Shield,Futbol,Kupa,Kıta Üstü,Orta,Erkek,Kulüp,Takım Sporu,İngiltere,Yabancı,Yok,TV+ Yok,Yıllık,Turnuva,Canlı İzle,İzleme,Lig/Organizasyon,Jenerik,Türkçe,Body,izle,10,,,,,,evet,0,0,0,0,0,0,0,0,0,0,0,20,0,0,0,0,0,0,0,0,0,0,0,50,0,0,0,0,0,0,0,hayır,,,Geçerli,Ana Liste
community shield hangi kanalda,Community Shield,Futbol,Kupa,Kıta Üstü,Orta,Erkek,Kulüp,Takım Sporu,İngiltere,Yabancı,Yok,TV+ Yok,Yıllık,Turnuva,Kanal/Yayın,İzleme,Lig/Organizasyon,Jenerik,İngilizce,Body,kan,70,LOW,5,,,,evet,10,0,10,0,0,0,0,0,0,10,0,720,10,10,10,0,10,10,0,10,10,10,10,2400,10,0,10,0,10,10,10,hayır,,,Geçerli,Ana Liste
kral kupası,Copa del Rey,Futbol,Kupa,Kıta Üstü,Orta,Erkek,Kulüp,Takım Sporu,İspanya,Yabancı,Yok,TV+ Yok,Yıllık,Turnuva,Jenerik,Bilgi,Lig/Organizasyon,Jenerik,Türkçe,Head,jen,2400,LOW,0,,,,evet,320,260,1300,6600,6600,8100,5400,3600,260,480,260,210,320,480,1900,27100,2400,12100,9900,1300,320,720,260,480,320,1000,1900,2900,880,2900,18100,hayır,,,Geçerli,Ana Liste
kral kupası fikstür,Copa del Rey,Futbol,Kupa,Kıta Üstü,Orta,Erkek,Kulüp,Takım Sporu,İspanya,Yabancı,Yok,TV+ Yok,Yıllık,Turnuva,Fikstür,Bilgi,Lig/Organizasyon,Jenerik,Türkçe,Body,fik,10,,,,,,evet,0,0,10,10,10,10,20,10,10,10,10,10,10,10,10,40,10,70,90,0,0,0,0,0,0,0,0,0,0,0,0,hayır,,,Geçerli,Ana Liste
kral kupası maç sonuçları,Copa del Rey,Futbol,Kupa,Kıta Üstü,Orta,Erkek,Kulüp,Takım Sporu,İspanya,Yabancı,Yok,TV+ Yok,Yıllık,Turnuva,Maç/Skor,Bilgi,Lig/Organizasyon,Jenerik,Türkçe,Body,mac,10,,,,,,evet,0,10,10,10,10,10,10,10,0,0,0,0,0,0,10,40,10,20,10,10,0,0,0,0,0,10,10,10,0,10,40,hayır,,,Geçerli,Ana Liste
kral kupası canlı izle,Copa del Rey,Futbol,Kupa,Kıta Üstü,Orta,Erkek,Kulüp,Takım Sporu,İspanya,Yabancı,Yok,TV+ Yok,Yıllık,Turnuva,Canlı İzle,İzleme,Lig/Organizasyon,Jenerik,Türkçe,Body,izle,10,,,,,,evet,0,0,0,10,10,20,20,20,0,10,10,0,0,10,10,210,0,10,20,10,10,10,0,0,0,0,0,10,0,10,110,hayır,,,Geçerli,Ana Liste
kral kupası hangi kanalda,Copa del Rey,Futbol,Kupa,Kıta Üstü,Orta,Erkek,Kulüp,Takım Sporu,İspanya,Yabancı,Yok,TV+ Yok,Yıllık,Turnuva,Kanal/Yayın,İzleme,Lig/Organizasyon,Jenerik,Türkçe,Body,kan,140,,,,,,evet,0,0,10,90,140,590,480,170,10,10,10,10,10,10,30,1900,50,1300,720,50,10,20,10,10,0,10,30,50,10,70,1600,hayır,,,Geçerli,Ana Liste
copa del rey,Copa del Rey,Futbol,Kupa,Kıta Üstü,Orta,Erkek,Kulüp,Takım Sporu,İspanya,Yabancı,Yok,TV+ Yok,Yıllık,Turnuva,Jenerik,Bilgi,Lig/Organizasyon,Jenerik,İngilizce,Body,jen,5400,LOW,0,,,,evet,1300,1000,2900,9900,9900,14800,12100,8100,1000,1600,1000,1300,1000,1600,5400,40500,3600,18100,22200,3600,1300,1900,1000,1600,1600,2900,3600,5400,1900,4400,27100,hayır,,,Geçerli,Ana Liste
copa del rey fikstür,Copa del Rey,Futbol,Kupa,Kıta Üstü,Orta,Erkek,Kulüp,Takım Sporu,İspanya,Yabancı,Yok,TV+ Yok,Yıllık,Turnuva,Fikstür,Bilgi,Lig/Organizasyon,Jenerik,Türkçe,Body,fik,10,LOW,0,,,,evet,10,0,10,10,20,20,40,10,10,10,10,10,10,0,10,20,10,30,90,10,10,10,10,0,0,10,10,0,10,10,30,hayır,,,Geçerli,Ana Liste
copa del rey maç sonuçları,Copa del Rey,Futbol,Kupa,Kıta Üstü,Orta,Erkek,Kulüp,Takım Sporu,İspanya,Yabancı,Yok,TV+ Yok,Yıllık,Turnuva,Maç/Skor,Bilgi,Lig/Organizasyon,Jenerik,Türkçe,Long-tail,mac,,,,,,,hayir,,,,,,,,,,,,,,,,,,,,,,,,,,,,,,,,hayır,,,Geçerli,Ana Liste
copa del rey canlı izle,Copa del Rey,Futbol,Kupa,Kıta Üstü,Orta,Erkek,Kulüp,Takım Sporu,İspanya,Yabancı,Yok,TV+ Yok,Yıllık,Turnuva,Canlı İzle,İzleme,Lig/Organizasyon,Jenerik,Türkçe,Long-tail,izle,,,,,,,hayir,,,,,,,,,,,,,,,,,,,,,,,,,,,,,,,,hayır,,,Geçerli,Ana Liste
copa del rey hangi kanalda,Copa del Rey,Futbol,Kupa,Kıta Üstü,Orta,Erkek,Kulüp,Takım Sporu,İspanya,Yabancı,Yok,TV+ Yok,Yıllık,Turnuva,Kanal/Yayın,İzleme,Lig/Organizasyon,Jenerik,İngilizce,Long-tail,kan,90,,,,,,evet,0,0,10,70,70,70,70,720,10,10,0,10,10,0,10,320,20,140,70,10,10,10,10,10,10,0,0,20,10,40,880,hayır,,,Geçerli,Ana Liste
ispanya süper kupa,Supercopa de España,Futbol,Kupa,Kıta Üstü,Orta,Erkek,Kulüp,Takım Sporu,İspanya,Yabancı,Yok,TV+ Yok,Yıllık,Turnuva,Jenerik,Bilgi,Lig/Organizasyon,Jenerik,Türkçe,Body,jen,9900,LOW,0,,,,evet,720,480,1600,1600,1900,1900,110000,3600,1000,1000,1000,1300,1000,4400,6600,4400,1600,2400,90500,2900,1000,1000,1300,3600,1300,1300,2900,1900,1300,1600,110000,hayır,,,Geçerli,Ana Liste
ispanya süper kupa fikstür,Supercopa de España,Futbol,Kupa,Kıta Üstü,Orta,Erkek,Kulüp,Takım Sporu,İspanya,Yabancı,Yok,TV+ Yok,Yıllık,Turnuva,Fikstür,Bilgi,Lig/Organizasyon,Jenerik,Türkçe,Body,fik,,,,,,,hayir,,,,,,,,,,,,,,,,,,,,,,,,,,,,,,,,hayır,,,Geçerli,Ana Liste
ispanya süper kupa maç sonuçları,Supercopa de España,Futbol,Kupa,Kıta Üstü,Orta,Erkek,Kulüp,Takım Sporu,İspanya,Yabancı,Yok,TV+ Yok,Yıllık,Turnuva,Maç/Skor,Bilgi,Lig/Organizasyon,Jenerik,Türkçe,Long-tail,mac,,,,,,,hayir,,,,,,,,,,,,,,,,,,,,,,,,,,,,,,,,hayır,,,Geçerli,Ana Liste
ispanya süper kupa canlı izle,Supercopa de España,Futbol,Kupa,Kıta Üstü,Orta,Erkek,Kulüp,Takım Sporu,İspanya,Yabancı,Yok,TV+ Yok,Yıllık,Turnuva,Canlı İzle,İzleme,Lig/Organizasyon,Jenerik,Türkçe,Long-tail,izle,,,,,,,hayir,,,,,,,,,,,,,,,,,,,,,,,,,,,,,,,,hayır,,,Geçerli,Ana Liste
ispanya süper kupa hangi kanalda,Supercopa de España,Futbol,Kupa,Kıta Üstü,Orta,Erkek,Kulüp,Takım Sporu,İspanya,Yabancı,Yok,TV+ Yok,Yıllık,Turnuva,Kanal/Yayın,İzleme,Lig/Organizasyon,Jenerik,Türkçe,Long-tail,kan,110,LOW,29,,,,evet,10,10,10,10,10,10,1300,10,10,10,10,10,10,0,10,30,0,10,720,10,0,10,10,50,10,10,10,10,10,0,1600,hayır,,,Geçerli,Ana Liste
coppa italia,Coppa Italia,Futbol,Kupa,Kıta Üstü,Orta,Erkek,Kulüp,Takım Sporu,İtalya,Yabancı,Yok,TV+ Yok,Yıllık,Turnuva,Jenerik,Bilgi,Lig/Organizasyon,Jenerik,İngilizce,Head,jen,1900,LOW,1,,,,evet,320,260,1900,8100,1600,4400,1300,2900,320,480,1000,1300,390,480,4400,6600,880,4400,1900,3600,480,480,1000,1300,390,260,2900,2900,590,1000,6600,hayır,,,Geçerli,Ana Liste
coppa italia fikstür,Coppa Italia,Futbol,Kupa,Kıta Üstü,Orta,Erkek,Kulüp,Takım Sporu,İtalya,Yabancı,Yok,TV+ Yok,Yıllık,Turnuva,Fikstür,Bilgi,Lig/Organizasyon,Jenerik,Türkçe,Body,fik,,,,,,,hayir,,,,,,,,,,,,,,,,,,,,,,,,,,,,,,,,hayır,,,Geçerli,Ana Liste
coppa italia maç sonuçları,Coppa Italia,Futbol,Kupa,Kıta Üstü,Orta,Erkek,Kulüp,Takım Sporu,İtalya,Yabancı,Yok,TV+ Yok,Yıllık,Turnuva,Maç/Skor,Bilgi,Lig/Organizasyon,Jenerik,Türkçe,Body,mac,,,,,,,hayir,,,,,,,,,,,,,,,,,,,,,,,,,,,,,,,,hayır,,,Geçerli,Ana Liste
coppa italia canlı izle,Coppa Italia,Futbol,Kupa,Kıta Üstü,Orta,Erkek,Kulüp,Takım Sporu,İtalya,Yabancı,Yok,TV+ Yok,Yıllık,Turnuva,Canlı İzle,İzleme,Lig/Organizasyon,Jenerik,Türkçe,Body,izle,,,,,,,hayir,,,,,,,,,,,,,,,,,,,,,,,,,,,,,,,,hayır,,,Geçerli,Ana Liste
coppa italia hangi kanalda,Coppa Italia,Futbol,Kupa,Kıta Üstü,Orta,Erkek,Kulüp,Takım Sporu,İtalya,Yabancı,Yok,TV+ Yok,Yıllık,Turnuva,Kanal/Yayın,İzleme,Lig/Organizasyon,Jenerik,İngilizce,Body,kan,10,,,,,,evet,0,0,20,10,10,10,10,10,0,10,20,30,0,0,20,30,10,10,10,40,0,0,0,0,0,0,0,0,0,0,0,hayır,,,Geçerli,Ana Liste
italya kupası,Coppa Italia,Futbol,Kupa,Kıta Üstü,Orta,Erkek,Kulüp,Takım Sporu,İtalya,Yabancı,Yok,TV+ Yok,Yıllık,Turnuva,Jenerik,Bilgi,Lig/Organizasyon,Jenerik,Türkçe,Head,jen,12100,LOW,0,,,,evet,590,1000,14800,27100,14800,33100,12100,33100,880,1600,5400,4400,720,1300,22200,49500,4400,33100,14800,27100,880,1900,5400,2900,880,1000,14800,22200,2900,5400,49500,hayır,,,Geçerli,Ana Liste
italya kupası fikstür,Coppa Italia,Futbol,Kupa,Kıta Üstü,Orta,Erkek,Kulüp,Takım Sporu,İtalya,Yabancı,Yok,TV+ Yok,Yıllık,Turnuva,Fikstür,Bilgi,Lig/Organizasyon,Jenerik,Türkçe,Body,fik,20,LOW,0,,,,evet,10,10,20,30,30,70,40,40,10,10,10,10,10,10,20,50,20,70,50,70,10,20,10,10,10,10,30,50,30,70,140,hayır,,,Geçerli,Ana Liste
italya kupası maç sonuçları,Coppa Italia,Futbol,Kupa,Kıta Üstü,Orta,Erkek,Kulüp,Takım Sporu,İtalya,Yabancı,Yok,TV+ Yok,Yıllık,Turnuva,Maç/Skor,Bilgi,Lig/Organizasyon,Jenerik,Türkçe,Body,mac,40,,,,,,evet,0,10,20,50,40,110,30,140,10,20,30,10,0,10,50,110,10,140,50,110,10,20,50,50,0,10,20,90,10,20,210,hayır,,,Geçerli,Ana Liste
italya kupası canlı izle,Coppa Italia,Futbol,Kupa,Kıta Üstü,Orta,Erkek,Kulüp,Takım Sporu,İtalya,Yabancı,Yok,TV+ Yok,Yıllık,Turnuva,Canlı İzle,İzleme,Lig/Organizasyon,Jenerik,Türkçe,Body,izle,10,LOW,14,,,,evet,10,0,10,10,0,10,0,10,0,10,20,30,0,10,10,10,0,10,10,10,10,0,10,10,0,0,10,10,0,0,20,hayır,,,Geçerli,Ana Liste
italya kupası hangi kanalda,Coppa Italia,Futbol,Kupa,Kıta Üstü,Orta,Erkek,Kulüp,Takım Sporu,İtalya,Yabancı,Yok,TV+ Yok,Yıllık,Turnuva,Kanal/Yayın,İzleme,Lig/Organizasyon,Jenerik,Türkçe,Body,kan,110,LOW,21,,,,evet,10,10,90,110,40,170,110,390,30,20,260,110,10,10,170,90,10,210,260,390,10,30,70,90,10,10,170,210,10,30,590,hayır,,,Geçerli,Ana Liste
dfb pokal,DFB Pokal,Futbol,Kupa,Kıta Üstü,Orta,Erkek,Kulüp,Takım Sporu,Almanya,Yabancı,Yok,TV+ Yok,Yıllık,Turnuva,Jenerik,Bilgi,Lig/Organizasyon,Jenerik,İngilizce,Head,jen,8100,LOW,3,1,0.12,0.48,evet,880,1600,12100,9900,1600,5400,1600,5400,2400,22200,2400,22200,880,1900,9900,8100,1900,5400,1000,6600,1900,18100,2400,22200,1000,1600,14800,8100,3600,5400,2900,hayır,,,Geçerli,Ana Liste
dfb pokal fikstür,DFB Pokal,Futbol,Kupa,Kıta Üstü,Orta,Erkek,Kulüp,Takım Sporu,Almanya,Yabancı,Yok,TV+ Yok,Yıllık,Turnuva,Fikstür,Bilgi,Lig/Organizasyon,Jenerik,Türkçe,Body,fik,,,,,,,hayir,,,,,,,,,,,,,,,,,,,,,,,,,,,,,,,,hayır,,,Geçerli,Ana Liste
dfb pokal maç sonuçları,DFB Pokal,Futbol,Kupa,Kıta Üstü,Orta,Erkek,Kulüp,Takım Sporu,Almanya,Yabancı,Yok,TV+ Yok,Yıllık,Turnuva,Maç/Skor,Bilgi,Lig/Organizasyon,Jenerik,Türkçe,Body,mac,,,,,,,hayir,,,,,,,,,,,,,,,,,,,,,,,,,,,,,,,,hayır,,,Geçerli,Ana Liste
dfb pokal canlı izle,DFB Pokal,Futbol,Kupa,Kıta Üstü,Orta,Erkek,Kulüp,Takım Sporu,Almanya,Yabancı,Yok,TV+ Yok,Yıllık,Turnuva,Canlı İzle,İzleme,Lig/Organizasyon,Jenerik,Türkçe,Body,izle,,,,,,,hayir,,,,,,,,,,,,,,,,,,,,,,,,,,,,,,,,hayır,,,Geçerli,Ana Liste
dfb pokal hangi kanalda,DFB Pokal,Futbol,Kupa,Kıta Üstü,Orta,Erkek,Kulüp,Takım Sporu,Almanya,Yabancı,Yok,TV+ Yok,Yıllık,Turnuva,Kanal/Yayın,İzleme,Lig/Organizasyon,Jenerik,İngilizce,Body,kan,20,LOW,0,,,,evet,10,0,90,30,10,10,10,10,10,50,10,50,10,10,40,10,10,20,10,30,10,40,10,30,10,0,50,10,10,10,10,hayır,,,Geçerli,Ana Liste
almanya kupası,DFB Pokal,Futbol,Kupa,Kıta Üstü,Orta,Erkek,Kulüp,Takım Sporu,Almanya,Yabancı,Yok,TV+ Yok,Yıllık,Turnuva,Jenerik,Bilgi,Lig/Organizasyon,Jenerik,Türkçe,Head,jen,6600,LOW,0,,,,evet,590,880,12100,14800,2900,12100,1900,14800,1000,14800,1300,6600,480,1300,12100,14800,2400,9900,2400,18100,1300,14800,880,6600,1600,2400,18100,12100,8100,9900,5400,hayır,,,Geçerli,Ana Liste
almanya kupası fikstür,DFB Pokal,Futbol,Kupa,Kıta Üstü,Orta,Erkek,Kulüp,Takım Sporu,Almanya,Yabancı,Yok,TV+ Yok,Yıllık,Turnuva,Fikstür,Bilgi,Lig/Organizasyon,Jenerik,Türkçe,Body,fik,10,LOW,0,,,,evet,10,20,20,40,10,20,10,10,10,20,10,10,10,10,10,20,10,20,10,20,10,20,10,10,10,20,20,20,50,30,10,hayır,,,Geçerli,Ana Liste
almanya kupası maç sonuçları,DFB Pokal,Futbol,Kupa,Kıta Üstü,Orta,Erkek,Kulüp,Takım Sporu,Almanya,Yabancı,Yok,TV+ Yok,Yıllık,Turnuva,Maç/Skor,Bilgi,Lig/Organizasyon,Jenerik,Türkçe,Body,mac,50,,,,,,evet,0,10,10,30,10,90,20,140,10,210,0,50,0,10,20,70,10,110,10,210,10,140,10,90,20,30,10,30,40,70,20,hayır,,,Geçerli,Ana Liste
almanya kupası canlı izle,DFB Pokal,Futbol,Kupa,Kıta Üstü,Orta,Erkek,Kulüp,Takım Sporu,Almanya,Yabancı,Yok,TV+ Yok,Yıllık,Turnuva,Canlı İzle,İzleme,Lig/Organizasyon,Jenerik,Türkçe,Body,izle,20,LOW,0,,,,evet,10,70,20,20,10,20,10,10,10,10,10,30,10,10,10,10,0,10,0,10,0,10,0,20,0,0,10,0,10,10,10,hayır,,,Geçerli,Ana Liste
almanya kupası hangi kanalda,DFB Pokal,Futbol,Kupa,Kıta Üstü,Orta,Erkek,Kulüp,Takım Sporu,Almanya,Yabancı,Yok,TV+ Yok,Yıllık,Turnuva,Kanal/Yayın,İzleme,Lig/Organizasyon,Jenerik,Türkçe,Body,kan,140,LOW,0,,,,evet,10,10,480,260,10,170,10,260,20,320,10,170,0,10,170,50,10,110,10,590,20,480,10,210,10,10,260,30,50,140,50,hayır,,,Geçerli,Ana Liste
dünya kupası,FIFA Dünya Kupası,Futbol,Dünya Turnuvası,Milli,Global Elit,Erkek,Milli Takım,Takım Sporu,Global,Uluslararası,Türk Takımı Var,TV+ Var,4 Yılda Bir,Turnuva,Jenerik,Bilgi,Lig/Organizasyon,Jenerik,Türkçe,Head,jen,4090000,LOW,1,0.12,0.03,0.14,evet,24900000,24900000,550000,450000,550000,74000,60500,110000,201000,165000,110000,33100,40500,135000,49500,27100,60500,33100,33100,49500,40500,40500,40500,33100,246000,201000,40500,27100,33100,40500,90500,hayır,,,Geçerli,Ana Liste
dünya kupası puan durumu,FIFA Dünya Kupası,Futbol,Dünya Turnuvası,Milli,Global Elit,Erkek,Milli Takım,Takım Sporu,Global,Uluslararası,Türk Takımı Var,TV+ Var,4 Yılda Bir,Turnuva,Puan Durumu,Bilgi,Lig/Organizasyon,Jenerik,Türkçe,Body,pd,1000000,LOW,1,0.1,0.03,0.11,evet,1830000,9140000,201000,301000,368000,18100,22200,74000,33100,40500,22200,2900,3600,12100,4400,4400,12100,4400,4400,8100,8100,4400,5400,4400,9900,18100,1600,1600,1900,1300,1600,hayır,,,Geçerli,Ana Liste
dünya kupası fikstür,FIFA Dünya Kupası,Futbol,Dünya Turnuvası,Milli,Global Elit,Erkek,Milli Takım,Takım Sporu,Global,Uluslararası,Türk Takımı Var,TV+ Var,4 Yılda Bir,Turnuva,Fikstür,Bilgi,Lig/Organizasyon,Jenerik,Türkçe,Body,fik,165000,LOW,5,0.12,0.02,0.15,evet,823000,1000000,27100,22200,18100,880,590,3600,2400,2400,2400,210,260,880,170,90,390,50,70,210,170,260,260,90,2900,5400,170,110,260,170,210,hayır,,,Geçerli,Ana Liste
dünya kupası maç sonuçları,FIFA Dünya Kupası,Futbol,Dünya Turnuvası,Milli,Global Elit,Erkek,Milli Takım,Takım Sporu,Global,Uluslararası,Türk Takımı Var,TV+ Var,4 Yılda Bir,Turnuva,Maç/Skor,Bilgi,Lig/Organizasyon,Jenerik,Türkçe,Body,mac,60500,LOW,3,0.09,0.02,0.09,evet,301000,368000,140,590,1900,20,30,50,1900,1300,1300,40,140,260,30,10,210,20,40,30,90,140,110,40,1300,1600,50,50,110,70,110,hayır,,,Geçerli,Ana Liste
dünya kupası canlı izle,FIFA Dünya Kupası,Futbol,Dünya Turnuvası,Milli,Global Elit,Erkek,Milli Takım,Takım Sporu,Global,Uluslararası,Türk Takımı Var,TV+ Var,4 Yılda Bir,Turnuva,Canlı İzle,İzleme,Lig/Organizasyon,Jenerik,Türkçe,Body,izle,5400,LOW,2,0.24,0.07,0.32,evet,49500,14800,20,10,110,10,10,20,40,20,40,10,10,10,10,10,10,10,10,10,10,10,10,10,390,480,10,10,30,10,20,hayır,,,Geçerli,Ana Liste
dünya kupası hangi kanalda,FIFA Dünya Kupası,Futbol,Dünya Turnuvası,Milli,Global Elit,Erkek,Milli Takım,Takım Sporu,Global,Uluslararası,Türk Takımı Var,TV+ Var,4 Yılda Bir,Turnuva,Kanal/Yayın,İzleme,Lig/Organizasyon,Jenerik,Türkçe,Body,kan,18100,LOW,4,0.3,0.1,0.35,evet,74000,110000,6600,4400,4400,170,170,390,590,390,720,70,210,590,70,70,170,30,40,70,70,40,50,30,590,3600,110,70,70,50,50,hayır,,,Geçerli,Ana Liste
dünya kupası bilet,FIFA Dünya Kupası,Futbol,Dünya Turnuvası,Milli,Global Elit,Erkek,Milli Takım,Takım Sporu,Global,Uluslararası,Türk Takımı Var,TV+ Var,4 Yılda Bir,Turnuva,Bilet,Ticari,Lig/Organizasyon,Jenerik,Türkçe,Body,bil,480,MEDIUM,36,0.13,0.02,0.15,evet,390,880,590,2900,480,110,170,390,210,50,30,10,10,20,20,10,10,10,10,10,10,10,10,10,20,10,10,10,10,10,10,hayır,,,Geçerli,Ana Liste
avrupa şampiyonası futbol,UEFA EURO,Futbol,Kıta Turnuvası,Milli,Global Elit,Erkek,Milli Takım,Takım Sporu,Avrupa,Uluslararası,Türk Takımı Var,Doğrulanacak,4 Yılda Bir,Turnuva,Jenerik,Bilgi,Lig/Organizasyon,Jenerik,Türkçe,Body,jen,110,LOW,0,,,,evet,320,140,40,70,70,40,40,30,110,140,320,30,20,40,20,10,20,10,10,10,20,20,10,30,590,1300,110,70,70,50,40,hayır,,,Geçerli,Ana Liste
avrupa şampiyonası futbol puan durumu,UEFA EURO,Futbol,Kıta Turnuvası,Milli,Global Elit,Erkek,Milli Takım,Takım Sporu,Avrupa,Uluslararası,Türk Takımı Var,Doğrulanacak,4 Yılda Bir,Turnuva,Puan Durumu,Bilgi,Lig/Organizasyon,Jenerik,Türkçe,Long-tail,pd,10,LOW,0,,,,evet,10,10,0,0,10,10,10,10,10,20,20,0,0,0,10,0,0,10,10,10,10,20,10,10,30,170,10,10,10,0,10,hayır,,,Geçerli,Ana Liste
avrupa şampiyonası futbol fikstür,UEFA EURO,Futbol,Kıta Turnuvası,Milli,Global Elit,Erkek,Milli Takım,Takım Sporu,Avrupa,Uluslararası,Türk Takımı Var,Doğrulanacak,4 Yılda Bir,Turnuva,Fikstür,Bilgi,Lig/Organizasyon,Jenerik,Türkçe,Body,fik,,,,,,,hayir,,,,,,,,,,,,,,,,,,,,,,,,,,,,,,,,hayır,,,Geçerli,Ana Liste
avrupa şampiyonası futbol canlı izle,UEFA EURO,Futbol,Kıta Turnuvası,Milli,Global Elit,Erkek,Milli Takım,Takım Sporu,Avrupa,Uluslararası,Türk Takımı Var,Doğrulanacak,4 Yılda Bir,Turnuva,Canlı İzle,İzleme,Lig/Organizasyon,Jenerik,Türkçe,Long-tail,izle,,,,,,,hayir,,,,,,,,,,,,,,,,,,,,,,,,,,,,,,,,hayır,,,Geçerli,Ana Liste
euro 2028,UEFA EURO,Futbol,Kıta Turnuvası,Milli,Global Elit,Erkek,Milli Takım,Takım Sporu,Avrupa,Uluslararası,Türk Takımı Var,Doğrulanacak,4 Yılda Bir,Turnuva,Jenerik,Bilgi,Lig/Organizasyon,Jenerik,İngilizce,Head,jen,5400,LOW,0,0.23,0.09,0.66,evet,14800,27100,2400,5400,3600,1600,1000,1000,3600,1600,1300,1000,1300,2900,5400,1000,2400,1000,1000,1300,1300,1300,1300,2400,22200,12100,880,480,590,320,390,hayır,,,Geçerli,Ana Liste
euro 2028 puan durumu,UEFA EURO,Futbol,Kıta Turnuvası,Milli,Global Elit,Erkek,Milli Takım,Takım Sporu,Avrupa,Uluslararası,Türk Takımı Var,Doğrulanacak,4 Yılda Bir,Turnuva,Puan Durumu,Bilgi,Lig/Organizasyon,Jenerik,İngilizce,Body,pd,10,LOW,0,,,,evet,30,50,20,10,10,10,10,10,10,10,10,10,10,10,0,0,10,10,10,10,10,10,10,10,0,0,0,0,0,0,0,hayır,,,Geçerli,Ana Liste
euro 2028 fikstür,UEFA EURO,Futbol,Kıta Turnuvası,Milli,Global Elit,Erkek,Milli Takım,Takım Sporu,Avrupa,Uluslararası,Türk Takımı Var,Doğrulanacak,4 Yılda Bir,Turnuva,Fikstür,Bilgi,Lig/Organizasyon,Jenerik,Türkçe,Body,fik,10,LOW,0,,,,evet,10,20,10,10,10,10,10,0,10,0,0,0,0,10,10,10,10,0,10,0,10,0,10,10,0,0,0,0,0,0,0,hayır,,,Geçerli,Ana Liste
euro 2028 canlı izle,UEFA EURO,Futbol,Kıta Turnuvası,Milli,Global Elit,Erkek,Milli Takım,Takım Sporu,Avrupa,Uluslararası,Türk Takımı Var,Doğrulanacak,4 Yılda Bir,Turnuva,Canlı İzle,İzleme,Lig/Organizasyon,Jenerik,Türkçe,Body,izle,,,,,,,hayir,,,,,,,,,,,,,,,,,,,,,,,,,,,,,,,,hayır,,,Geçerli,Ana Liste
uluslar ligi,UEFA Uluslar Ligi,Futbol,Kıta Turnuvası,Milli,Üst,Erkek,Milli Takım,Takım Sporu,Avrupa,Uluslararası,Türk Takımı Var,Doğrulanacak,2 Yılda Bir,Turnuva,Jenerik,Bilgi,Lig/Organizasyon,Jenerik,İngilizce,Head,jen,33100,LOW,0,0.29,0.05,0.34,evet,74000,110000,9900,18100,40500,60500,2900,2900,22200,18100,14800,6600,27100,673000,22200,22200,823000,14800,18100,33100,1220000,1000000,823000,33100,90500,49500,3600,1600,9900,18100,1600,hayır,,,Geçerli,Ana Liste
uluslar ligi puan durumu,UEFA Uluslar Ligi,Futbol,Kıta Turnuvası,Milli,Üst,Erkek,Milli Takım,Takım Sporu,Avrupa,Uluslararası,Türk Takımı Var,Doğrulanacak,2 Yılda Bir,Turnuva,Puan Durumu,Bilgi,Lig/Organizasyon,Jenerik,İngilizce,Body,pd,12100,LOW,0,,0.16,0.26,evet,27100,33100,4400,12100,27100,27100,1000,880,9900,6600,5400,1600,3600,110000,6600,9900,368000,6600,8100,22200,1000000,823000,450000,14800,8100,6600,590,260,1000,1000,140,hayır,,,Geçerli,Ana Liste
uluslar ligi fikstür,UEFA Uluslar Ligi,Futbol,Kıta Turnuvası,Milli,Üst,Erkek,Milli Takım,Takım Sporu,Avrupa,Uluslararası,Türk Takımı Var,Doğrulanacak,2 Yılda Bir,Turnuva,Fikstür,Bilgi,Lig/Organizasyon,Jenerik,Türkçe,Body,fik,140,LOW,0,,,,evet,480,390,30,70,90,390,10,10,90,90,70,20,140,1000,70,90,1600,50,50,170,2400,3600,2900,110,320,140,20,10,40,210,20,hayır,,,Geçerli,Ana Liste
uluslar ligi canlı izle,UEFA Uluslar Ligi,Futbol,Kıta Turnuvası,Milli,Üst,Erkek,Milli Takım,Takım Sporu,Avrupa,Uluslararası,Türk Takımı Var,Doğrulanacak,2 Yılda Bir,Turnuva,Canlı İzle,İzleme,Lig/Organizasyon,Jenerik,Türkçe,Body,izle,10,LOW,7,0.31,,,evet,10,10,0,0,0,20,10,0,0,0,10,0,10,390,10,0,140,0,0,0,170,110,90,10,10,10,10,0,0,10,10,hayır,,,Geçerli,Ana Liste
uefa uluslar ligi,UEFA Uluslar Ligi,Futbol,Kıta Turnuvası,Milli,Üst,Erkek,Milli Takım,Takım Sporu,Avrupa,Uluslararası,Türk Takımı Var,Doğrulanacak,2 Yılda Bir,Turnuva,Jenerik,Bilgi,Lig/Organizasyon,Jenerik,İngilizce,Body,jen,6600,LOW,0,0.18,0.04,0.4,evet,18100,9900,1300,2900,4400,22200,880,880,6600,6600,3600,1900,5400,165000,5400,9900,165000,6600,6600,22200,301000,301000,201000,6600,14800,4400,880,590,2400,14800,880,hayır,,,Geçerli,Ana Liste
uefa uluslar ligi puan durumu,UEFA Uluslar Ligi,Futbol,Kıta Turnuvası,Milli,Üst,Erkek,Milli Takım,Takım Sporu,Avrupa,Uluslararası,Türk Takımı Var,Doğrulanacak,2 Yılda Bir,Turnuva,Puan Durumu,Bilgi,Lig/Organizasyon,Jenerik,İngilizce,Long-tail,pd,260,LOW,1,,,,evet,110,170,30,70,260,320,170,170,880,720,260,90,140,1300,260,320,3600,390,1000,1000,33100,22200,5400,70,210,210,40,20,170,320,140,hayır,,,Geçerli,Ana Liste
uefa uluslar ligi fikstür,UEFA Uluslar Ligi,Futbol,Kıta Turnuvası,Milli,Üst,Erkek,Milli Takım,Takım Sporu,Avrupa,Uluslararası,Türk Takımı Var,Doğrulanacak,2 Yılda Bir,Turnuva,Fikstür,Bilgi,Lig/Organizasyon,Jenerik,Türkçe,Body,fik,260,LOW,0,,,,evet,260,260,320,320,320,480,110,260,320,320,170,90,20,390,210,30,390,30,50,70,1000,1600,1300,480,480,390,170,210,170,140,10,hayır,,,Geçerli,Ana Liste
uefa uluslar ligi canlı izle,UEFA Uluslar Ligi,Futbol,Kıta Turnuvası,Milli,Üst,Erkek,Milli Takım,Takım Sporu,Avrupa,Uluslararası,Türk Takımı Var,Doğrulanacak,2 Yılda Bir,Turnuva,Canlı İzle,İzleme,Lig/Organizasyon,Jenerik,Türkçe,Long-tail,izle,10,,,,,,evet,0,0,0,0,0,10,0,0,0,10,0,0,10,90,10,0,50,10,0,10,90,40,50,0,10,10,0,0,10,10,0,hayır,,,Geçerli,Ana Liste
kupa amerika,Copa America,Futbol,Kıta Turnuvası,Milli,Üst,Erkek,Milli Takım,Takım Sporu,Güney Amerika,Uluslararası,Yok,Doğrulanacak,4 Yılda Bir,Turnuva,Jenerik,Bilgi,Lig/Organizasyon,Jenerik,İngilizce,Head,jen,170,LOW,0,,,,evet,720,480,90,70,70,30,90,70,70,70,70,70,390,720,140,140,210,170,140,170,320,390,480,1000,90500,33100,320,110,140,140,170,hayır,,,Geçerli,Ana Liste
kupa amerika fikstür,Copa America,Futbol,Kıta Turnuvası,Milli,Üst,Erkek,Milli Takım,Takım Sporu,Güney Amerika,Uluslararası,Yok,Doğrulanacak,4 Yılda Bir,Turnuva,Fikstür,Bilgi,Lig/Organizasyon,Jenerik,Türkçe,Body,fik,10,LOW,0,,,,evet,10,10,10,10,10,0,0,0,0,10,10,10,10,10,0,0,0,0,0,0,0,10,0,10,390,210,10,0,10,0,10,hayır,,,Geçerli,Ana Liste
kupa amerika canlı izle,Copa America,Futbol,Kıta Turnuvası,Milli,Üst,Erkek,Milli Takım,Takım Sporu,Güney Amerika,Uluslararası,Yok,Doğrulanacak,4 Yılda Bir,Turnuva,Canlı İzle,İzleme,Lig/Organizasyon,Jenerik,Türkçe,Body,izle,10,LOW,0,,,,evet,10,0,0,0,0,0,0,0,0,0,0,0,0,0,0,10,0,0,0,0,0,0,0,0,70,10,0,0,0,0,0,hayır,,,Geçerli,Ana Liste
copa america,Copa America,Futbol,Kıta Turnuvası,Milli,Üst,Erkek,Milli Takım,Takım Sporu,Güney Amerika,Uluslararası,Yok,Doğrulanacak,4 Yılda Bir,Turnuva,Jenerik,Bilgi,Lig/Organizasyon,Jenerik,İngilizce,Head,jen,2900,LOW,0,,,,evet,14800,8100,1900,1600,1300,720,1300,1300,1300,880,1600,1300,2400,6600,2400,1900,2400,1900,1900,2400,4400,5400,5400,12100,1220000,450000,8100,2400,2900,2400,2900,hayır,,,Geçerli,Ana Liste
copa america fikstür,Copa America,Futbol,Kıta Turnuvası,Milli,Üst,Erkek,Milli Takım,Takım Sporu,Güney Amerika,Uluslararası,Yok,Doğrulanacak,4 Yılda Bir,Turnuva,Fikstür,Bilgi,Lig/Organizasyon,Jenerik,Türkçe,Body,fik,10,LOW,0,,,,evet,10,10,0,10,10,0,10,0,10,10,10,10,10,20,0,10,10,10,10,10,10,20,10,20,3600,1600,70,20,30,20,30,hayır,,,Geçerli,Ana Liste
copa america canlı izle,Copa America,Futbol,Kıta Turnuvası,Milli,Üst,Erkek,Milli Takım,Takım Sporu,Güney Amerika,Uluslararası,Yok,Doğrulanacak,4 Yılda Bir,Turnuva,Canlı İzle,İzleme,Lig/Organizasyon,Jenerik,Türkçe,Body,izle,10,,,,,,evet,0,0,10,0,0,0,0,10,10,10,10,10,10,10,10,10,10,0,40,10,10,10,10,10,720,140,10,10,0,10,0,hayır,,,Geçerli,Ana Liste
afrika uluslar kupası,Afrika Uluslar Kupası,Futbol,Kıta Turnuvası,Milli,Orta,Erkek,Milli Takım,Takım Sporu,Afrika,Uluslararası,Yok,Doğrulanacak,2 Yılda Bir,Turnuva,Jenerik,Bilgi,Lig/Organizasyon,Jenerik,Türkçe,Body,jen,14800,LOW,0,,,,evet,880,1000,390,390,14800,480,90500,74000,4400,880,720,1600,880,480,390,320,720,260,480,590,2400,880,2400,1000,1900,880,480,480,880,60500,110000,hayır,,,Geçerli,Ana Liste
afrika uluslar kupası fikstür,Afrika Uluslar Kupası,Futbol,Kıta Turnuvası,Milli,Orta,Erkek,Milli Takım,Takım Sporu,Afrika,Uluslararası,Yok,Doğrulanacak,2 Yılda Bir,Turnuva,Fikstür,Bilgi,Lig/Organizasyon,Jenerik,Türkçe,Body,fik,110,LOW,0,,,,evet,10,10,0,10,10,10,480,720,90,10,10,10,10,10,10,0,10,0,10,10,10,10,20,10,10,10,10,10,10,210,720,hayır,,,Geçerli,Ana Liste
afrika uluslar kupası canlı izle,Afrika Uluslar Kupası,Futbol,Kıta Turnuvası,Milli,Orta,Erkek,Milli Takım,Takım Sporu,Afrika,Uluslararası,Yok,Doğrulanacak,2 Yılda Bir,Turnuva,Canlı İzle,İzleme,Lig/Organizasyon,Jenerik,Türkçe,Long-tail,izle,170,,,,,,evet,0,10,10,10,10,20,1900,90,0,20,20,50,10,0,0,0,10,0,0,10,10,10,10,0,0,10,0,0,10,90,390,hayır,,,Geçerli,Ana Liste
kulüpler dünya kupası,FIFA Kulüpler Dünya Kupası,Futbol,Dünya Turnuvası,Kıta Üstü,Üst,Erkek,Kulüp,Takım Sporu,Global,Uluslararası,Yok,Doğrulanacak,4 Yılda Bir,Turnuva,Jenerik,Bilgi,Lig/Organizasyon,Jenerik,Türkçe,Body,jen,6600,LOW,1,0.14,0.04,0.13,evet,8100,12100,8100,4400,5400,3600,3600,4400,4400,5400,9900,12100,1000000,1830000,60500,18100,9900,4400,1300,8100,3600,3600,1600,880,1300,2900,720,1600,720,480,590,hayır,,,Geçerli,Ana Liste
kulüpler dünya kupası fikstür,FIFA Kulüpler Dünya Kupası,Futbol,Dünya Turnuvası,Kıta Üstü,Üst,Erkek,Kulüp,Takım Sporu,Global,Uluslararası,Yok,Doğrulanacak,4 Yılda Bir,Turnuva,Fikstür,Bilgi,Lig/Organizasyon,Jenerik,Türkçe,Body,fik,10,LOW,6,,,,evet,10,10,10,20,10,10,10,20,20,10,10,20,1900,1600,40,0,0,0,0,0,0,0,0,0,0,0,0,0,0,0,0,hayır,,,Geçerli,Ana Liste
kulüpler dünya kupası canlı izle,FIFA Kulüpler Dünya Kupası,Futbol,Dünya Turnuvası,Kıta Üstü,Üst,Erkek,Kulüp,Takım Sporu,Global,Uluslararası,Yok,Doğrulanacak,4 Yılda Bir,Turnuva,Canlı İzle,İzleme,Lig/Organizasyon,Jenerik,Türkçe,Long-tail,izle,10,LOW,0,,,,evet,10,90,0,0,0,0,0,0,10,0,0,10,140,110,0,0,0,0,0,0,0,0,0,0,0,0,0,0,0,0,0,hayır,,,Geçerli,Ana Liste
kulüpler dünya kupası hangi kanalda,FIFA Kulüpler Dünya Kupası,Futbol,Dünya Turnuvası,Kıta Üstü,Üst,Erkek,Kulüp,Takım Sporu,Global,Uluslararası,Yok,Doğrulanacak,4 Yılda Bir,Turnuva,Kanal/Yayın,İzleme,Lig/Organizasyon,Jenerik,Türkçe,Long-tail,kan,20,LOW,0,,,,evet,30,70,50,10,20,10,10,10,10,10,20,30,6600,22200,1600,210,40,10,10,50,10,10,10,0,10,10,0,10,10,0,10,hayır,,,Geçerli,Ana Liste
libertadores,Copa Libertadores,Futbol,Kıta Turnuvası,Kıta Üstü,Orta,Erkek,Kulüp,Takım Sporu,Güney Amerika,Uluslararası,Yok,TV+ Yok,Yıllık,Turnuva,Jenerik,Bilgi,Lig/Organizasyon,Jenerik,İngilizce,Head,jen,2400,LOW,0,,,,evet,1300,1000,5400,3600,1900,1300,1300,2400,4400,1900,2900,3600,1300,2900,4400,2900,1900,2900,1900,6600,6600,4400,3600,5400,2400,8100,5400,3600,1600,1900,1300,hayır,,,Geçerli,Ana Liste
libertadores fikstür,Copa Libertadores,Futbol,Kıta Turnuvası,Kıta Üstü,Orta,Erkek,Kulüp,Takım Sporu,Güney Amerika,Uluslararası,Yok,TV+ Yok,Yıllık,Turnuva,Fikstür,Bilgi,Lig/Organizasyon,Jenerik,Türkçe,Head,fik,,,,,,,hayir,,,,,,,,,,,,,,,,,,,,,,,,,,,,,,,,hayır,,,Geçerli,Ana Liste
libertadores canlı izle,Copa Libertadores,Futbol,Kıta Turnuvası,Kıta Üstü,Orta,Erkek,Kulüp,Takım Sporu,Güney Amerika,Uluslararası,Yok,TV+ Yok,Yıllık,Turnuva,Canlı İzle,İzleme,Lig/Organizasyon,Jenerik,Türkçe,Body,izle,,,,,,,hayir,,,,,,,,,,,,,,,,,,,,,,,,,,,,,,,,hayır,,,Geçerli,Ana Liste
nba,NBA,Basketbol,Lig,1. Seviye,Global Elit,Erkek,Kulüp,Takım Sporu,ABD,Yabancı,Türk Sporcu Var,TV+ Var,Yıllık,Sürekli Lig,Jenerik,Bilgi,Lig/Organizasyon,Jenerik,İngilizce,Head,jen,673000,LOW,2,0.37,0.1,0.67,evet,90500,450000,1220000,1220000,823000,673000,823000,1000000,1000000,550000,90500,74000,90500,550000,1500000,1500000,1000000,823000,1000000,823000,1000000,450000,60500,60500,74000,450000,1220000,1220000,1000000,823000,1220000,hayır,,,Geçerli,Ana Liste
nba puan durumu,NBA,Basketbol,Lig,1. Seviye,Global Elit,Erkek,Kulüp,Takım Sporu,ABD,Yabancı,Türk Sporcu Var,TV+ Var,Yıllık,Sürekli Lig,Puan Durumu,Bilgi,Lig/Organizasyon,Jenerik,İngilizce,Body,pd,27100,LOW,1,0.3,0.15,0.65,evet,1900,3600,14800,40500,40500,33100,40500,49500,49500,9900,9900,2900,1600,5400,22200,90500,135000,40500,60500,40500,40500,8100,1600,2400,1900,4400,14800,33100,49500,22200,40500,hayır,,,Geçerli,Ana Liste
nba fikstür,NBA,Basketbol,Lig,1. Seviye,Global Elit,Erkek,Kulüp,Takım Sporu,ABD,Yabancı,Türk Sporcu Var,TV+ Var,Yıllık,Sürekli Lig,Fikstür,Bilgi,Lig/Organizasyon,Jenerik,Türkçe,Head,fik,4400,LOW,5,0.19,0.09,0.28,evet,260,1300,5400,8100,5400,5400,6600,6600,8100,5400,880,590,390,2900,9900,12100,8100,6600,8100,8100,8100,4400,590,720,390,2400,9900,9900,8100,8100,12100,hayır,,,Geçerli,Ana Liste
nba maç sonuçları,NBA,Basketbol,Lig,1. Seviye,Global Elit,Erkek,Kulüp,Takım Sporu,ABD,Yabancı,Türk Sporcu Var,TV+ Var,Yıllık,Sürekli Lig,Maç/Skor,Bilgi,Lig/Organizasyon,Jenerik,Türkçe,Body,mac,5400,LOW,3,0.13,0.08,0.3,evet,210,2400,8100,9900,8100,6600,9900,9900,12100,3600,170,140,210,2900,12100,12100,12100,8100,9900,9900,9900,3600,90,110,210,2400,9900,9900,12100,9900,14800,hayır,,,Geçerli,Ana Liste
nba canlı izle,NBA,Basketbol,Lig,1. Seviye,Global Elit,Erkek,Kulüp,Takım Sporu,ABD,Yabancı,Türk Sporcu Var,TV+ Var,Yıllık,Sürekli Lig,Canlı İzle,İzleme,Lig/Organizasyon,Jenerik,Türkçe,Body,izle,1600,LOW,22,0.37,0.13,0.49,evet,40,720,1600,1600,1300,1300,1600,1900,4400,2900,260,110,260,880,1600,2900,2900,2400,2900,2400,2900,1600,170,210,480,720,1900,4400,3600,2400,5400,hayır,,,Geçerli,Ana Liste
nba hangi kanalda,NBA,Basketbol,Lig,1. Seviye,Global Elit,Erkek,Kulüp,Takım Sporu,ABD,Yabancı,Türk Sporcu Var,TV+ Var,Yıllık,Sürekli Lig,Kanal/Yayın,İzleme,Lig/Organizasyon,Jenerik,İngilizce,Body,kan,1000,LOW,19,0.2,0.13,0.39,evet,90,880,1300,880,720,720,880,1000,1900,1900,880,170,90,390,720,1300,880,880,1000,880,1000,1000,260,260,170,480,720,1000,1000,720,1300,hayır,,,Geçerli,Ana Liste
nba sıralama,NBA,Basketbol,Lig,1. Seviye,Global Elit,Erkek,Kulüp,Takım Sporu,ABD,Yabancı,Türk Sporcu Var,TV+ Var,Yıllık,Sürekli Lig,İstatistik,Bilgi,Lig/Organizasyon,Jenerik,Türkçe,Head,sir,880,LOW,1,,,,evet,210,210,480,1300,1300,1000,1300,1300,1600,320,880,110,110,260,480,1600,1900,1300,1600,1000,1300,320,110,140,140,170,390,1300,1900,1000,1900,hayır,,,Geçerli,Ana Liste
euroleague,EuroLeague,Basketbol,Kıta Turnuvası,Kıta Üstü,Global Elit,Erkek,Kulüp,Takım Sporu,Avrupa,Uluslararası,Türk Takımı Var,TV+ Var,Yıllık,Sürekli Lig,Jenerik,Bilgi,Lig/Organizasyon,Jenerik,İngilizce,Head,jen,1000000,LOW,2,0.43,0.13,0.51,evet,49500,90500,1220000,1500000,1220000,1220000,1830000,1220000,1220000,1220000,135000,33100,40500,60500,1500000,1830000,1500000,823000,1500000,1220000,1500000,1000000,49500,27100,40500,60500,1500000,1500000,1830000,673000,1830000,hayır,,,Geçerli,Ana Liste
euroleague puan durumu,EuroLeague,Basketbol,Kıta Turnuvası,Kıta Üstü,Global Elit,Erkek,Kulüp,Takım Sporu,Avrupa,Uluslararası,Türk Takımı Var,TV+ Var,Yıllık,Sürekli Lig,Puan Durumu,Bilgi,Lig/Organizasyon,Jenerik,İngilizce,Body,pd,60500,LOW,1,1.16,,,evet,1300,2900,27100,110000,110000,135000,165000,90500,90500,40500,2400,1600,1600,2900,27100,110000,165000,74000,135000,90500,110000,40500,1300,1300,1600,3600,27100,90500,201000,49500,135000,hayır,,,Geçerli,Ana Liste
euroleague fikstür,EuroLeague,Basketbol,Kıta Turnuvası,Kıta Üstü,Global Elit,Erkek,Kulüp,Takım Sporu,Avrupa,Uluslararası,Türk Takımı Var,TV+ Var,Yıllık,Sürekli Lig,Fikstür,Bilgi,Lig/Organizasyon,Jenerik,Türkçe,Head,fik,18100,LOW,2,0.22,0.11,0.35,evet,2400,390,14800,27100,27100,27100,33100,27100,27100,33100,5400,1300,720,390,14800,33100,33100,14800,33100,27100,33100,33100,4400,2400,1000,1000,18100,22200,33100,14800,33100,hayır,,,Geçerli,Ana Liste
euroleague maç sonuçları,EuroLeague,Basketbol,Kıta Turnuvası,Kıta Üstü,Global Elit,Erkek,Kulüp,Takım Sporu,Avrupa,Uluslararası,Türk Takımı Var,TV+ Var,Yıllık,Sürekli Lig,Maç/Skor,Bilgi,Lig/Organizasyon,Jenerik,Türkçe,Body,mac,6600,LOW,4,,,,evet,40,90,6600,9900,9900,12100,12100,8100,8100,8100,590,70,30,110,6600,14800,12100,6600,12100,9900,9900,6600,70,50,590,590,8100,9900,12100,5400,12100,hayır,,,Geçerli,Ana Liste
euroleague canlı izle,EuroLeague,Basketbol,Kıta Turnuvası,Kıta Üstü,Global Elit,Erkek,Kulüp,Takım Sporu,Avrupa,Uluslararası,Türk Takımı Var,TV+ Var,Yıllık,Sürekli Lig,Canlı İzle,İzleme,Lig/Organizasyon,Jenerik,Türkçe,Body,izle,170,LOW,2,,,,evet,10,10,480,170,110,210,170,70,170,390,170,10,10,20,880,260,210,170,170,70,110,320,10,10,10,20,1600,480,390,170,480,hayır,,,Geçerli,Ana Liste
euroleague hangi kanalda,EuroLeague,Basketbol,Kıta Turnuvası,Kıta Üstü,Global Elit,Erkek,Kulüp,Takım Sporu,Avrupa,Uluslararası,Türk Takımı Var,TV+ Var,Yıllık,Sürekli Lig,Kanal/Yayın,İzleme,Lig/Organizasyon,Jenerik,İngilizce,Body,kan,1000,LOW,27,0.39,0.13,0.56,evet,720,260,2400,720,590,720,880,590,590,2900,2400,720,320,110,6600,1900,720,880,720,720,1300,6600,1600,880,480,390,5400,1300,1300,480,1300,hayır,,,Geçerli,Ana Liste
euroleague kadro,EuroLeague,Basketbol,Kıta Turnuvası,Kıta Üstü,Global Elit,Erkek,Kulüp,Takım Sporu,Avrupa,Uluslararası,Türk Takımı Var,TV+ Var,Yıllık,Sürekli Lig,Kadro,Bilgi,Lig/Organizasyon,Jenerik,İngilizce,Head,kad,,,,,,,hayir,,,,,,,,,,,,,,,,,,,,,,,,,,,,,,,,hayır,,,Geçerli,Ana Liste
euroliga,EuroLeague,Basketbol,Kıta Turnuvası,Kıta Üstü,Global Elit,Erkek,Kulüp,Takım Sporu,Avrupa,Uluslararası,Türk Takımı Var,TV+ Var,Yıllık,Sürekli Lig,Jenerik,Bilgi,Lig/Organizasyon,Jenerik,İngilizce,Head,jen,1000000,LOW,2,0.43,0.13,0.51,evet,49500,90500,1220000,1500000,1220000,1220000,1830000,1220000,1220000,1220000,135000,33100,40500,60500,1500000,1830000,1500000,823000,1500000,1220000,1500000,1000000,49500,27100,40500,60500,1500000,1500000,1830000,673000,1830000,hayır,,,Geçerli,Ana Liste
euroliga puan durumu,EuroLeague,Basketbol,Kıta Turnuvası,Kıta Üstü,Global Elit,Erkek,Kulüp,Takım Sporu,Avrupa,Uluslararası,Türk Takımı Var,TV+ Var,Yıllık,Sürekli Lig,Puan Durumu,Bilgi,Lig/Organizasyon,Jenerik,İngilizce,Body,pd,,,,,,,hayir,,,,,,,,,,,,,,,,,,,,,,,,,,,,,,,,hayır,,,Geçerli,Ana Liste
euroliga fikstür,EuroLeague,Basketbol,Kıta Turnuvası,Kıta Üstü,Global Elit,Erkek,Kulüp,Takım Sporu,Avrupa,Uluslararası,Türk Takımı Var,TV+ Var,Yıllık,Sürekli Lig,Fikstür,Bilgi,Lig/Organizasyon,Jenerik,Türkçe,Head,fik,,,,,,,hayir,,,,,,,,,,,,,,,,,,,,,,,,,,,,,,,,hayır,,,Geçerli,Ana Liste
euroliga maç sonuçları,EuroLeague,Basketbol,Kıta Turnuvası,Kıta Üstü,Global Elit,Erkek,Kulüp,Takım Sporu,Avrupa,Uluslararası,Türk Takımı Var,TV+ Var,Yıllık,Sürekli Lig,Maç/Skor,Bilgi,Lig/Organizasyon,Jenerik,Türkçe,Body,mac,,,,,,,hayir,,,,,,,,,,,,,,,,,,,,,,,,,,,,,,,,hayır,,,Geçerli,Ana Liste
euroliga canlı izle,EuroLeague,Basketbol,Kıta Turnuvası,Kıta Üstü,Global Elit,Erkek,Kulüp,Takım Sporu,Avrupa,Uluslararası,Türk Takımı Var,TV+ Var,Yıllık,Sürekli Lig,Canlı İzle,İzleme,Lig/Organizasyon,Jenerik,Türkçe,Body,izle,,,,,,,hayir,,,,,,,,,,,,,,,,,,,,,,,,,,,,,,,,hayır,,,Geçerli,Ana Liste
euroliga hangi kanalda,EuroLeague,Basketbol,Kıta Turnuvası,Kıta Üstü,Global Elit,Erkek,Kulüp,Takım Sporu,Avrupa,Uluslararası,Türk Takımı Var,TV+ Var,Yıllık,Sürekli Lig,Kanal/Yayın,İzleme,Lig/Organizasyon,Jenerik,İngilizce,Body,kan,,,,,,,hayir,,,,,,,,,,,,,,,,,,,,,,,,,,,,,,,,hayır,,,Geçerli,Ana Liste
euroliga kadro,EuroLeague,Basketbol,Kıta Turnuvası,Kıta Üstü,Global Elit,Erkek,Kulüp,Takım Sporu,Avrupa,Uluslararası,Türk Takımı Var,TV+ Var,Yıllık,Sürekli Lig,Kadro,Bilgi,Lig/Organizasyon,Jenerik,İngilizce,Head,kad,,,,,,,hayir,,,,,,,,,,,,,,,,,,,,,,,,,,,,,,,,hayır,,,Geçerli,Ana Liste
eurocup,EuroCup,Basketbol,Kıta Turnuvası,Kıta Üstü,Orta,Erkek,Kulüp,Takım Sporu,Avrupa,Uluslararası,Türk Takımı Var,Doğrulanacak,Yıllık,Sürekli Lig,Jenerik,Bilgi,Lig/Organizasyon,Jenerik,İngilizce,Head,jen,60500,LOW,1,0.34,0.11,1.21,evet,8100,8100,8100,165000,110000,74000,90500,74000,60500,49500,8100,2400,4400,9900,18100,22200,49500,27100,60500,40500,33100,40500,9900,2400,60500,74000,8100,33100,90500,22200,40500,hayır,,,Geçerli,Ana Liste
eurocup puan durumu,EuroCup,Basketbol,Kıta Turnuvası,Kıta Üstü,Orta,Erkek,Kulüp,Takım Sporu,Avrupa,Uluslararası,Türk Takımı Var,Doğrulanacak,Yıllık,Sürekli Lig,Puan Durumu,Bilgi,Lig/Organizasyon,Jenerik,İngilizce,Body,pd,5400,LOW,1,,,,evet,50,140,210,2900,4400,14800,14800,14800,6600,2900,110,70,70,320,880,720,1900,2900,6600,3600,2400,1300,90,20,170,590,260,590,1900,1900,5400,hayır,,,Geçerli,Ana Liste
eurocup fikstür,EuroCup,Basketbol,Kıta Turnuvası,Kıta Üstü,Orta,Erkek,Kulüp,Takım Sporu,Avrupa,Uluslararası,Türk Takımı Var,Doğrulanacak,Yıllık,Sürekli Lig,Fikstür,Bilgi,Lig/Organizasyon,Jenerik,Türkçe,Head,fik,590,LOW,2,,,,evet,40,30,50,1300,1300,1000,1000,1000,720,590,170,70,90,30,110,260,880,480,880,590,590,590,170,90,480,720,70,210,1000,320,590,hayır,,,Geçerli,Ana Liste
eurocup canlı izle,EuroCup,Basketbol,Kıta Turnuvası,Kıta Üstü,Orta,Erkek,Kulüp,Takım Sporu,Avrupa,Uluslararası,Türk Takımı Var,Doğrulanacak,Yıllık,Sürekli Lig,Canlı İzle,İzleme,Lig/Organizasyon,Jenerik,Türkçe,Body,izle,10,LOW,14,,,,evet,10,0,0,40,10,20,20,20,10,10,10,10,0,0,10,10,10,10,10,20,20,50,10,0,30,30,0,10,20,10,20,hayır,,,Geçerli,Ana Liste
basketbol süper ligi,Basketbol Süper Ligi,Basketbol,Lig,1. Seviye,Üst,Erkek,Kulüp,Takım Sporu,Türkiye,Yerli,Türk Takımı Var,Doğrulanacak,Yıllık,Sürekli Lig,Jenerik,Bilgi,Lig/Organizasyon,Jenerik,Türkçe,Body,jen,49500,LOW,1,0.17,0.16,0.96,evet,4400,110000,90500,49500,49500,60500,74000,49500,49500,60500,33100,14800,5400,135000,74000,40500,40500,33100,49500,49500,49500,40500,8100,6600,3600,40500,60500,49500,49500,40500,60500,hayır,,,Geçerli,Ana Liste
basketbol süper ligi puan durumu,Basketbol Süper Ligi,Basketbol,Lig,1. Seviye,Üst,Erkek,Kulüp,Takım Sporu,Türkiye,Yerli,Türk Takımı Var,Doğrulanacak,Yıllık,Sürekli Lig,Puan Durumu,Bilgi,Lig/Organizasyon,Jenerik,Türkçe,Long-tail,pd,8100,LOW,1,,,,evet,590,4400,14800,12100,12100,12100,14800,9900,6600,5400,1300,1000,320,4400,9900,6600,6600,5400,8100,6600,4400,2900,480,1000,590,1900,5400,6600,6600,5400,8100,hayır,,,Geçerli,Ana Liste
basketbol süper ligi fikstür,Basketbol Süper Ligi,Basketbol,Lig,1. Seviye,Üst,Erkek,Kulüp,Takım Sporu,Türkiye,Yerli,Türk Takımı Var,Doğrulanacak,Yıllık,Sürekli Lig,Fikstür,Bilgi,Lig/Organizasyon,Jenerik,Türkçe,Body,fik,880,LOW,3,0.85,,,evet,140,480,880,1000,880,880,1300,1000,1000,1000,480,720,90,720,880,720,720,480,880,880,880,1000,390,590,110,590,1300,1300,1300,1300,1600,hayır,,,Geçerli,Ana Liste
basketbol süper ligi canlı izle,Basketbol Süper Ligi,Basketbol,Lig,1. Seviye,Üst,Erkek,Kulüp,Takım Sporu,Türkiye,Yerli,Türk Takımı Var,Doğrulanacak,Yıllık,Sürekli Lig,Canlı İzle,İzleme,Lig/Organizasyon,Jenerik,Türkçe,Long-tail,izle,20,LOW,0,,,,evet,10,50,10,20,50,30,30,10,10,10,20,10,0,50,10,10,10,10,10,10,10,10,0,0,0,30,10,10,10,10,10,hayır,,,Geçerli,Ana Liste
türkiye sigorta basketbol süper ligi,Basketbol Süper Ligi,Basketbol,Lig,1. Seviye,Üst,Erkek,Kulüp,Takım Sporu,Türkiye,Yerli,Türk Takımı Var,Doğrulanacak,Yıllık,Sürekli Lig,Jenerik,Bilgi,Lig/Organizasyon,Jenerik,Türkçe,Long-tail,jen,2400,LOW,0,,,,evet,170,2900,3600,2400,2400,2900,4400,2900,2900,2400,1600,880,170,2400,1300,880,1000,720,1600,1300,880,1000,590,720,210,1000,2400,1900,1900,1300,1900,hayır,,,Geçerli,Ana Liste
türkiye sigorta basketbol süper ligi puan durumu,Basketbol Süper Ligi,Basketbol,Lig,1. Seviye,Üst,Erkek,Kulüp,Takım Sporu,Türkiye,Yerli,Türk Takımı Var,Doğrulanacak,Yıllık,Sürekli Lig,Puan Durumu,Bilgi,Lig/Organizasyon,Jenerik,Türkçe,Long-tail,pd,170,LOW,0,,,,evet,10,70,260,210,210,210,390,260,260,210,50,50,40,90,390,170,140,110,170,210,110,70,10,20,10,50,210,210,170,90,170,hayır,,,Geçerli,Ana Liste
türkiye sigorta basketbol süper ligi fikstür,Basketbol Süper Ligi,Basketbol,Lig,1. Seviye,Üst,Erkek,Kulüp,Takım Sporu,Türkiye,Yerli,Türk Takımı Var,Doğrulanacak,Yıllık,Sürekli Lig,Fikstür,Bilgi,Lig/Organizasyon,Jenerik,Türkçe,Long-tail,fik,50,LOW,0,,,,evet,20,20,20,40,50,70,110,110,70,70,50,20,10,40,70,70,70,40,50,70,70,90,40,110,20,40,70,110,90,110,170,hayır,,,Geçerli,Ana Liste
türkiye sigorta basketbol süper ligi canlı izle,Basketbol Süper Ligi,Basketbol,Lig,1. Seviye,Üst,Erkek,Kulüp,Takım Sporu,Türkiye,Yerli,Türk Takımı Var,Doğrulanacak,Yıllık,Sürekli Lig,Canlı İzle,İzleme,Lig/Organizasyon,Jenerik,Türkçe,Long-tail,izle,,,,,,,hayir,,,,,,,,,,,,,,,,,,,,,,,,,,,,,,,,hayır,,,Geçerli,Ana Liste
fiba şampiyonlar ligi,FIBA Şampiyonlar Ligi,Basketbol,Kıta Turnuvası,Kıta Üstü,Niş,Erkek,Kulüp,Takım Sporu,Avrupa,Uluslararası,Türk Takımı Var,Doğrulanacak,Yıllık,Turnuva,Jenerik,Bilgi,Lig/Organizasyon,Jenerik,Türkçe,Body,jen,1900,LOW,1,0.94,,,evet,170,390,880,2900,2400,2900,3600,1900,2900,3600,880,70,210,480,12100,5400,5400,1300,4400,2900,1900,3600,590,170,110,260,320,2400,4400,1600,6600,hayır,,,Geçerli,Ana Liste
fiba şampiyonlar ligi puan durumu,FIBA Şampiyonlar Ligi,Basketbol,Kıta Turnuvası,Kıta Üstü,Niş,Erkek,Kulüp,Takım Sporu,Avrupa,Uluslararası,Türk Takımı Var,Doğrulanacak,Yıllık,Turnuva,Puan Durumu,Bilgi,Lig/Organizasyon,Jenerik,Türkçe,Long-tail,pd,110,LOW,2,,,,evet,10,20,20,110,210,210,260,140,170,170,20,10,10,20,70,70,260,390,390,210,110,110,10,10,20,30,40,110,320,110,320,hayır,,,Geçerli,Ana Liste
fiba şampiyonlar ligi fikstür,FIBA Şampiyonlar Ligi,Basketbol,Kıta Turnuvası,Kıta Üstü,Niş,Erkek,Kulüp,Takım Sporu,Avrupa,Uluslararası,Türk Takımı Var,Doğrulanacak,Yıllık,Turnuva,Fikstür,Bilgi,Lig/Organizasyon,Jenerik,Türkçe,Body,fik,10,LOW,0,,,,evet,10,10,10,20,20,10,10,10,10,10,10,10,10,10,30,30,20,10,10,10,10,10,20,10,10,10,10,10,30,10,40,hayır,,,Geçerli,Ana Liste
eurobasket,EuroBasket,Basketbol,Kıta Turnuvası,Milli,Üst,Erkek,Milli Takım,Takım Sporu,Avrupa,Uluslararası,Türk Takımı Var,Doğrulanacak,4 Yılda Bir,Turnuva,Jenerik,Bilgi,Lig/Organizasyon,Jenerik,İngilizce,Head,jen,165000,LOW,5,0.6,0.12,4.33,evet,5400,4400,2900,2900,3600,4400,4400,6600,8100,14800,1830000,301000,8100,8100,4400,2900,6600,8100,2400,1900,8100,2400,1600,1600,2900,2400,2400,1600,2400,6600,2400,hayır,,,Geçerli,Ana Liste
eurobasket puan durumu,EuroBasket,Basketbol,Kıta Turnuvası,Milli,Üst,Erkek,Milli Takım,Takım Sporu,Avrupa,Uluslararası,Türk Takımı Var,Doğrulanacak,4 Yılda Bir,Turnuva,Puan Durumu,Bilgi,Lig/Organizasyon,Jenerik,İngilizce,Body,pd,2400,LOW,3,0.42,,,evet,90,90,590,1900,2400,2900,3600,2400,1900,1000,9900,2400,30,170,260,1000,1600,1000,1300,1000,1000,260,10,10,20,10,210,720,1900,880,1300,hayır,,,Geçerli,Ana Liste
eurobasket fikstür,EuroBasket,Basketbol,Kıta Turnuvası,Milli,Üst,Erkek,Milli Takım,Takım Sporu,Avrupa,Uluslararası,Türk Takımı Var,Doğrulanacak,4 Yılda Bir,Turnuva,Fikstür,Bilgi,Lig/Organizasyon,Jenerik,Türkçe,Head,fik,3600,LOW,7,,,,evet,50,20,30,50,70,110,140,210,260,480,40500,5400,70,110,50,50,70,90,40,40,70,20,10,10,10,10,10,20,50,140,40,hayır,,,Geçerli,Ana Liste
eurobasket canlı izle,EuroBasket,Basketbol,Kıta Turnuvası,Milli,Üst,Erkek,Milli Takım,Takım Sporu,Avrupa,Uluslararası,Türk Takımı Var,Doğrulanacak,4 Yılda Bir,Turnuva,Canlı İzle,İzleme,Lig/Organizasyon,Jenerik,Türkçe,Body,izle,170,LOW,12,,,,evet,10,10,10,0,10,0,10,10,10,10,1600,320,10,10,10,0,10,10,10,10,20,10,0,10,10,10,10,10,10,10,10,hayır,,,Geçerli,Ana Liste
basketbol avrupa şampiyonası,EuroBasket,Basketbol,Kıta Turnuvası,Milli,Üst,Erkek,Milli Takım,Takım Sporu,Avrupa,Uluslararası,Türk Takımı Var,Doğrulanacak,4 Yılda Bir,Turnuva,Jenerik,Bilgi,Lig/Organizasyon,Jenerik,Türkçe,Body,jen,22200,LOW,2,0.18,0.09,0.53,evet,1000,1000,720,480,480,720,260,590,1300,1000,246000,40500,880,1300,2900,480,390,720,320,260,880,390,140,260,590,590,480,260,210,260,170,hayır,,,Geçerli,Ana Liste
basketbol avrupa şampiyonası puan durumu,EuroBasket,Basketbol,Kıta Turnuvası,Milli,Üst,Erkek,Milli Takım,Takım Sporu,Avrupa,Uluslararası,Türk Takımı Var,Doğrulanacak,4 Yılda Bir,Turnuva,Puan Durumu,Bilgi,Lig/Organizasyon,Jenerik,Türkçe,Long-tail,pd,90,LOW,2,,,,evet,50,20,20,20,50,90,40,70,110,20,480,140,0,10,20,10,20,40,10,10,20,10,0,0,0,0,10,10,10,20,10,hayır,,,Geçerli,Ana Liste
basketbol avrupa şampiyonası fikstür,EuroBasket,Basketbol,Kıta Turnuvası,Milli,Üst,Erkek,Milli Takım,Takım Sporu,Avrupa,Uluslararası,Türk Takımı Var,Doğrulanacak,4 Yılda Bir,Turnuva,Fikstür,Bilgi,Lig/Organizasyon,Jenerik,Türkçe,Body,fik,390,LOW,3,,,,evet,30,20,10,20,30,30,10,40,70,40,2900,720,50,90,70,10,10,50,10,10,50,10,10,10,10,10,10,10,10,10,0,hayır,,,Geçerli,Ana Liste
basketbol avrupa şampiyonası canlı izle,EuroBasket,Basketbol,Kıta Turnuvası,Milli,Üst,Erkek,Milli Takım,Takım Sporu,Avrupa,Uluslararası,Türk Takımı Var,Doğrulanacak,4 Yılda Bir,Turnuva,Canlı İzle,İzleme,Lig/Organizasyon,Jenerik,Türkçe,Long-tail,izle,20,,,,,,evet,0,0,0,0,0,10,0,0,0,0,260,30,0,0,0,0,0,0,0,0,0,0,0,0,0,0,0,0,0,0,0,hayır,,,Geçerli,Ana Liste
fiba dünya kupası,FIBA Dünya Kupası,Basketbol,Dünya Turnuvası,Milli,Üst,Erkek,Milli Takım,Takım Sporu,Global,Uluslararası,Türk Takımı Var,Doğrulanacak,4 Yılda Bir,Turnuva,Jenerik,Bilgi,Lig/Organizasyon,Jenerik,Türkçe,Body,jen,2900,LOW,3,0.23,0.04,0.36,evet,8100,2400,390,390,1600,1900,260,720,2900,320,14800,1300,390,880,590,170,170,210,210,140,320,210,170,880,1600,480,390,320,260,390,260,hayır,,,Geçerli,Ana Liste
fiba dünya kupası fikstür,FIBA Dünya Kupası,Basketbol,Dünya Turnuvası,Milli,Üst,Erkek,Milli Takım,Takım Sporu,Global,Uluslararası,Türk Takımı Var,Doğrulanacak,4 Yılda Bir,Turnuva,Fikstür,Bilgi,Lig/Organizasyon,Jenerik,Türkçe,Body,fik,30,LOW,3,,,,evet,90,20,10,10,10,20,10,20,70,10,90,10,10,10,0,0,10,10,0,0,0,0,10,10,10,10,0,0,10,10,10,hayır,,,Geçerli,Ana Liste
fiba dünya kupası canlı izle,FIBA Dünya Kupası,Basketbol,Dünya Turnuvası,Milli,Üst,Erkek,Milli Takım,Takım Sporu,Global,Uluslararası,Türk Takımı Var,Doğrulanacak,4 Yılda Bir,Turnuva,Canlı İzle,İzleme,Lig/Organizasyon,Jenerik,Türkçe,Long-tail,izle,10,LOW,6,,,,evet,10,10,0,0,0,10,0,0,0,0,10,0,0,0,0,0,0,0,0,0,10,0,0,10,10,10,0,0,0,10,0,hayır,,,Geçerli,Ana Liste
12 dev adam,Basketbol A Milli Takımı,Basketbol,Milli,Milli,Üst,Erkek,Milli Takım,Takım Sporu,Türkiye,Yerli,Türk Takımı Var,Doğrulanacak,Sürekli,Turnuva,Jenerik,Bilgi,Lig/Organizasyon,Jenerik,İngilizce,Body,jen,33100,LOW,0,,,,evet,18100,6600,2400,2400,8100,8100,1900,4400,12100,3600,368000,18100,1600,1900,2400,1900,2400,3600,1900,1900,4400,1600,1900,2900,9900,12100,1900,1600,1900,6600,2400,hayır,,,Geçerli,Ana Liste
12 dev adam fikstür,Basketbol A Milli Takımı,Basketbol,Milli,Milli,Üst,Erkek,Milli Takım,Takım Sporu,Türkiye,Yerli,Türk Takımı Var,Doğrulanacak,Sürekli,Turnuva,Fikstür,Bilgi,Lig/Organizasyon,Jenerik,Türkçe,Body,fik,170,LOW,2,0.51,,,evet,140,70,10,10,40,40,10,20,90,10,1000,390,10,10,10,10,20,30,10,10,50,10,10,10,10,20,10,10,10,70,10,hayır,,,Geçerli,Ana Liste
12 dev adam canlı izle,Basketbol A Milli Takımı,Basketbol,Milli,Milli,Üst,Erkek,Milli Takım,Takım Sporu,Türkiye,Yerli,Türk Takımı Var,Doğrulanacak,Sürekli,Turnuva,Canlı İzle,İzleme,Lig/Organizasyon,Jenerik,Türkçe,Long-tail,izle,40,LOW,0,,,,evet,20,0,0,0,10,10,0,10,10,0,390,10,0,0,0,0,0,0,0,0,0,0,0,0,0,0,0,0,0,0,0,hayır,,,Geçerli,Ana Liste
12 dev adam kadro,Basketbol A Milli Takımı,Basketbol,Milli,Milli,Üst,Erkek,Milli Takım,Takım Sporu,Türkiye,Yerli,Türk Takımı Var,Doğrulanacak,Sürekli,Turnuva,Kadro,Bilgi,Lig/Organizasyon,Jenerik,İngilizce,Body,kad,5400,LOW,0,,,,evet,1600,880,480,480,1300,1300,480,590,1600,1000,60500,3600,720,1000,1300,720,1000,1300,590,720,1600,590,1000,1600,5400,3600,880,590,880,1900,590,hayır,,,Geçerli,Ana Liste
basketbol milli takım,Basketbol A Milli Takımı,Basketbol,Milli,Milli,Üst,Erkek,Milli Takım,Takım Sporu,Türkiye,Yerli,Türk Takımı Var,Doğrulanacak,Sürekli,Turnuva,Jenerik,Bilgi,Lig/Organizasyon,Jenerik,Türkçe,Body,jen,90500,LOW,2,0.25,0.14,3.01,evet,33100,3600,590,590,18100,33100,1600,2900,12100,5400,823000,60500,1000,1900,1300,590,720,4400,260,320,12100,590,2400,880,2900,1900,480,210,480,8100,720,hayır,,,Geçerli,Ana Liste
basketbol milli takım fikstür,Basketbol A Milli Takımı,Basketbol,Milli,Milli,Üst,Erkek,Milli Takım,Takım Sporu,Türkiye,Yerli,Türk Takımı Var,Doğrulanacak,Sürekli,Turnuva,Fikstür,Bilgi,Lig/Organizasyon,Jenerik,Türkçe,Body,fik,260,LOW,5,,,,evet,210,70,20,20,70,90,30,40,140,30,1900,390,40,30,40,10,20,70,30,20,90,20,20,10,30,50,20,10,10,70,10,hayır,,,Geçerli,Ana Liste
basketbol milli takım canlı izle,Basketbol A Milli Takımı,Basketbol,Milli,Milli,Üst,Erkek,Milli Takım,Takım Sporu,Türkiye,Yerli,Türk Takımı Var,Doğrulanacak,Sürekli,Turnuva,Canlı İzle,İzleme,Lig/Organizasyon,Jenerik,Türkçe,Long-tail,izle,320,LOW,7,,,,evet,50,10,0,10,10,10,0,10,30,10,3600,140,0,10,0,10,0,10,0,0,20,0,0,10,10,10,10,0,0,10,0,hayır,,,Geçerli,Ana Liste
basketbol milli takım kadro,Basketbol A Milli Takımı,Basketbol,Milli,Milli,Üst,Erkek,Milli Takım,Takım Sporu,Türkiye,Yerli,Türk Takımı Var,Doğrulanacak,Sürekli,Turnuva,Kadro,Bilgi,Lig/Organizasyon,Jenerik,Türkçe,Body,kad,6600,LOW,1,,0.07,3.79,evet,2400,3600,1000,1000,2400,2400,480,1600,6600,3600,49500,8100,1900,1000,720,480,1300,3600,720,720,5400,590,1600,720,1000,1300,1000,480,880,1600,320,hayır,,,Geçerli,Ana Liste
wnba,WNBA,Basketbol,Lig,1. Seviye,Niş,Kadın,Kulüp,Takım Sporu,ABD,Yabancı,Türk Sporcu Var,Doğrulanacak,Yıllık,Sürekli Lig,Jenerik,Bilgi,Lig/Organizasyon,Jenerik,İngilizce,Head,jen,3600,LOW,4,0.34,0.15,0.88,evet,6600,8100,6600,1900,1300,1000,1300,1300,1000,2900,8100,8100,8100,8100,8100,1300,1000,1300,1600,1000,1000,4400,6600,4400,4400,8100,8100,1600,880,1000,880,hayır,,,Geçerli,Ana Liste
wnba puan durumu,WNBA,Basketbol,Lig,1. Seviye,Niş,Kadın,Kulüp,Takım Sporu,ABD,Yabancı,Türk Sporcu Var,Doğrulanacak,Yıllık,Sürekli Lig,Puan Durumu,Bilgi,Lig/Organizasyon,Jenerik,İngilizce,Body,pd,210,LOW,1,0.1,,,evet,590,480,320,70,70,90,110,50,40,90,260,390,390,320,140,20,20,70,90,20,20,170,480,260,210,390,260,70,50,70,30,hayır,,,Geçerli,Ana Liste
wnba fikstür,WNBA,Basketbol,Lig,1. Seviye,Niş,Kadın,Kulüp,Takım Sporu,ABD,Yabancı,Türk Sporcu Var,Doğrulanacak,Yıllık,Sürekli Lig,Fikstür,Bilgi,Lig/Organizasyon,Jenerik,Türkçe,Head,fik,40,LOW,4,0.11,,,evet,70,40,70,10,10,0,10,10,10,30,110,170,140,110,90,10,10,10,20,20,10,110,320,210,170,390,210,10,10,10,10,hayır,,,Geçerli,Ana Liste
kadınlar euroleague,Kadınlar EuroLeague,Basketbol,Kıta Turnuvası,Kıta Üstü,Niş,Kadın,Kulüp,Takım Sporu,Avrupa,Uluslararası,Türk Takımı Var,Doğrulanacak,Yıllık,Sürekli Lig,Jenerik,Bilgi,Lig/Organizasyon,Jenerik,Türkçe,Head,jen,3600,LOW,2,0.12,,,evet,110,210,720,18100,2900,5400,5400,3600,3600,5400,390,70,720,880,2900,12100,2400,3600,4400,2900,2900,3600,210,90,210,260,590,9900,2900,2900,4400,hayır,,,Geçerli,Ana Liste
kadınlar euroleague puan durumu,Kadınlar EuroLeague,Basketbol,Kıta Turnuvası,Kıta Üstü,Niş,Kadın,Kulüp,Takım Sporu,Avrupa,Uluslararası,Türk Takımı Var,Doğrulanacak,Yıllık,Sürekli Lig,Puan Durumu,Bilgi,Lig/Organizasyon,Jenerik,Türkçe,Body,pd,590,LOW,0,,,,evet,20,30,70,590,720,1300,1600,880,590,480,50,10,20,50,90,390,260,390,880,390,390,390,20,20,30,50,140,590,720,590,2400,hayır,,,Geçerli,Ana Liste
kadınlar euroleague fikstür,Kadınlar EuroLeague,Basketbol,Kıta Turnuvası,Kıta Üstü,Niş,Kadın,Kulüp,Takım Sporu,Avrupa,Uluslararası,Türk Takımı Var,Doğrulanacak,Yıllık,Sürekli Lig,Fikstür,Bilgi,Lig/Organizasyon,Jenerik,Türkçe,Body,fik,30,,,,,,evet,0,0,10,70,20,40,40,40,50,90,10,10,10,30,10,110,70,110,140,140,110,260,10,20,20,10,10,70,50,70,110,hayır,,,Geçerli,Ana Liste
kadınlar basketbol ligi,Kadınlar Basketbol Süper Ligi,Basketbol,Lig,1. Seviye,Niş,Kadın,Kulüp,Takım Sporu,Türkiye,Yerli,Türk Takımı Var,Doğrulanacak,Yıllık,Sürekli Lig,Jenerik,Bilgi,Lig/Organizasyon,Jenerik,Türkçe,Body,jen,5400,LOW,2,0.17,,,evet,480,880,1600,4400,6600,8100,8100,8100,9900,9900,1900,720,480,1900,2900,9900,12100,9900,12100,12100,12100,9900,2400,880,480,1300,1900,8100,14800,9900,12100,hayır,,,Geçerli,Ana Liste
kadınlar basketbol ligi puan durumu,Kadınlar Basketbol Süper Ligi,Basketbol,Lig,1. Seviye,Niş,Kadın,Kulüp,Takım Sporu,Türkiye,Yerli,Türk Takımı Var,Doğrulanacak,Yıllık,Sürekli Lig,Puan Durumu,Bilgi,Lig/Organizasyon,Jenerik,Türkçe,Long-tail,pd,1300,LOW,2,,,,evet,50,90,390,1000,1900,2900,2900,2900,2400,1300,140,90,50,260,720,1600,3600,3600,3600,2400,1900,1300,170,90,70,170,720,1600,3600,2900,2900,hayır,,,Geçerli,Ana Liste
kadınlar basketbol ligi fikstür,Kadınlar Basketbol Süper Ligi,Basketbol,Lig,1. Seviye,Niş,Kadın,Kulüp,Takım Sporu,Türkiye,Yerli,Türk Takımı Var,Doğrulanacak,Yıllık,Sürekli Lig,Fikstür,Bilgi,Lig/Organizasyon,Jenerik,Türkçe,Body,fik,90,LOW,0,,,,evet,10,10,10,40,140,140,140,210,210,170,50,50,10,10,10,70,170,110,170,170,170,210,90,70,10,10,10,110,320,210,320,hayır,,,Geçerli,Ana Liste
ncaa,NCAA Basketbol,Basketbol,Kupa,Alt Seviye,Niş,Erkek,Kulüp,Takım Sporu,ABD,Yabancı,Yok,TV+ Yok,Yıllık,Turnuva,Jenerik,Bilgi,Lig/Organizasyon,Jenerik,İngilizce,Head,jen,1900,LOW,4,0.4,0.24,1.54,evet,1300,1000,2400,2400,3600,1900,2400,2400,2400,1000,1600,1000,880,1300,1900,1900,2900,2400,2400,2400,2900,1000,1000,1300,1000,880,1000,2400,3600,2900,2900,hayır,,,Geçerli,Ana Liste
ncaa fikstür,NCAA Basketbol,Basketbol,Kupa,Alt Seviye,Niş,Erkek,Kulüp,Takım Sporu,ABD,Yabancı,Yok,TV+ Yok,Yıllık,Turnuva,Fikstür,Bilgi,Lig/Organizasyon,Jenerik,Türkçe,Head,fik,10,,,,,,evet,0,0,0,10,20,10,10,10,20,10,10,10,0,0,10,10,10,10,10,10,10,10,10,10,10,10,0,10,20,10,20,hayır,,,Geçerli,Ana Liste
ncaa canlı izle,NCAA Basketbol,Basketbol,Kupa,Alt Seviye,Niş,Erkek,Kulüp,Takım Sporu,ABD,Yabancı,Yok,TV+ Yok,Yıllık,Turnuva,Canlı İzle,İzleme,Lig/Organizasyon,Jenerik,Türkçe,Body,izle,10,,,,,,evet,0,0,10,10,20,40,30,20,50,10,10,0,10,0,0,10,20,30,20,30,50,10,10,10,10,10,10,10,40,50,50,hayır,,,Geçerli,Ana Liste
march madness,NCAA Basketbol,Basketbol,Kupa,Alt Seviye,Niş,Erkek,Kulüp,Takım Sporu,ABD,Yabancı,Yok,TV+ Yok,Yıllık,Turnuva,Jenerik,Bilgi,Lig/Organizasyon,Jenerik,İngilizce,Head,jen,880,LOW,1,,,,evet,260,390,390,2400,6600,260,210,140,140,110,140,90,110,170,260,1600,3600,260,170,140,140,170,70,110,110,140,170,1600,3600,210,140,hayır,,,Geçerli,Ana Liste
march madness fikstür,NCAA Basketbol,Basketbol,Kupa,Alt Seviye,Niş,Erkek,Kulüp,Takım Sporu,ABD,Yabancı,Yok,TV+ Yok,Yıllık,Turnuva,Fikstür,Bilgi,Lig/Organizasyon,Jenerik,Türkçe,Body,fik,,,,,,,hayir,,,,,,,,,,,,,,,,,,,,,,,,,,,,,,,,hayır,,,Geçerli,Ana Liste
march madness canlı izle,NCAA Basketbol,Basketbol,Kupa,Alt Seviye,Niş,Erkek,Kulüp,Takım Sporu,ABD,Yabancı,Yok,TV+ Yok,Yıllık,Turnuva,Canlı İzle,İzleme,Lig/Organizasyon,Jenerik,Türkçe,Body,izle,,,,,,,hayir,,,,,,,,,,,,,,,,,,,,,,,,,,,,,,,,hayır,,,Geçerli,Ana Liste
sultanlar ligi,Sultanlar Ligi,Voleybol,Lig,1. Seviye,Üst,Kadın,Kulüp,Takım Sporu,Türkiye,Yerli,Türk Takımı Var,Doğrulanacak,Yıllık,Sürekli Lig,Jenerik,Bilgi,Lig/Organizasyon,Jenerik,İngilizce,Head,jen,60500,LOW,1,0.06,0.03,0.27,evet,22200,22200,18100,110000,74000,90500,90500,90500,74000,74000,12100,8100,6600,18100,27100,74000,49500,49500,49500,49500,49500,49500,8100,9900,2900,5400,8100,33100,33100,22200,27100,hayır,,,Geçerli,Ana Liste
sultanlar ligi puan durumu,Sultanlar Ligi,Voleybol,Lig,1. Seviye,Üst,Kadın,Kulüp,Takım Sporu,Türkiye,Yerli,Türk Takımı Var,Doğrulanacak,Yıllık,Sürekli Lig,Puan Durumu,Bilgi,Lig/Organizasyon,Jenerik,İngilizce,Body,pd,14800,LOW,0,,,,evet,1900,1900,2400,12100,18100,33100,40500,27100,22200,12100,2900,1600,1900,3600,5400,22200,27100,40500,33100,40500,40500,27100,1600,1600,880,3600,5400,9900,33100,18100,22200,hayır,,,Geçerli,Ana Liste
sultanlar ligi fikstür,Sultanlar Ligi,Voleybol,Lig,1. Seviye,Üst,Kadın,Kulüp,Takım Sporu,Türkiye,Yerli,Türk Takımı Var,Doğrulanacak,Yıllık,Sürekli Lig,Fikstür,Bilgi,Lig/Organizasyon,Jenerik,Türkçe,Body,fik,12100,LOW,0,,,,evet,590,590,480,6600,9900,22200,22200,22200,22200,33100,2900,1000,390,1000,880,9900,18100,22200,22200,14800,22200,27100,4400,1900,210,1000,1600,5400,12100,14800,14800,hayır,,,Geçerli,Ana Liste
sultanlar ligi maç sonuçları,Sultanlar Ligi,Voleybol,Lig,1. Seviye,Üst,Kadın,Kulüp,Takım Sporu,Türkiye,Yerli,Türk Takımı Var,Doğrulanacak,Yıllık,Sürekli Lig,Maç/Skor,Bilgi,Lig/Organizasyon,Jenerik,Türkçe,Body,mac,1000,LOW,0,,,,evet,170,260,70,1300,1300,2400,2400,1600,1600,1300,320,110,390,390,90,1000,1300,2400,1900,1000,1600,1600,40,110,30,480,390,480,1300,1000,1300,hayır,,,Geçerli,Ana Liste
sultanlar ligi canlı izle,Sultanlar Ligi,Voleybol,Lig,1. Seviye,Üst,Kadın,Kulüp,Takım Sporu,Türkiye,Yerli,Türk Takımı Var,Doğrulanacak,Yıllık,Sürekli Lig,Canlı İzle,İzleme,Lig/Organizasyon,Jenerik,Türkçe,Body,izle,10,LOW,0,,,,evet,10,10,10,10,10,10,20,40,30,40,20,0,10,10,10,10,10,10,30,10,30,70,10,10,10,20,20,20,30,20,20,hayır,,,Geçerli,Ana Liste
sultanlar ligi hangi kanalda,Sultanlar Ligi,Voleybol,Lig,1. Seviye,Üst,Kadın,Kulüp,Takım Sporu,Türkiye,Yerli,Türk Takımı Var,Doğrulanacak,Yıllık,Sürekli Lig,Kanal/Yayın,İzleme,Lig/Organizasyon,Jenerik,İngilizce,Body,kan,110,LOW,8,0.26,,,evet,70,70,20,90,70,110,110,170,210,390,110,40,40,70,30,70,70,170,170,140,170,590,140,170,20,30,90,170,260,140,260,hayır,,,Geçerli,Ana Liste
efeler ligi,Efeler Ligi,Voleybol,Lig,1. Seviye,Orta,Erkek,Kulüp,Takım Sporu,Türkiye,Yerli,Türk Takımı Var,Doğrulanacak,Yıllık,Sürekli Lig,Jenerik,Bilgi,Lig/Organizasyon,Jenerik,İngilizce,Head,jen,12100,LOW,0,0.96,,,evet,2900,4400,1600,22200,22200,22200,22200,18100,18100,9900,2400,1300,1300,2400,6600,27100,22200,18100,12100,9900,14800,12100,1600,1300,720,1600,2400,12100,9900,9900,9900,hayır,,,Geçerli,Ana Liste
efeler ligi puan durumu,Efeler Ligi,Voleybol,Lig,1. Seviye,Orta,Erkek,Kulüp,Takım Sporu,Türkiye,Yerli,Türk Takımı Var,Doğrulanacak,Yıllık,Sürekli Lig,Puan Durumu,Bilgi,Lig/Organizasyon,Jenerik,İngilizce,Body,pd,4400,LOW,0,,,,evet,720,720,720,4400,8100,9900,8100,8100,5400,1900,880,320,590,1000,1900,9900,14800,14800,9900,8100,9900,5400,390,390,260,1000,1600,3600,9900,9900,8100,hayır,,,Geçerli,Ana Liste
efeler ligi fikstür,Efeler Ligi,Voleybol,Lig,1. Seviye,Orta,Erkek,Kulüp,Takım Sporu,Türkiye,Yerli,Türk Takımı Var,Doğrulanacak,Yıllık,Sürekli Lig,Fikstür,Bilgi,Lig/Organizasyon,Jenerik,Türkçe,Body,fik,1900,LOW,0,,,,evet,260,210,90,1300,2400,3600,2900,3600,3600,2900,480,260,140,210,170,2400,2900,3600,3600,2400,3600,3600,880,320,50,170,260,880,2400,2900,3600,hayır,,,Geçerli,Ana Liste
efeler ligi canlı izle,Efeler Ligi,Voleybol,Lig,1. Seviye,Orta,Erkek,Kulüp,Takım Sporu,Türkiye,Yerli,Türk Takımı Var,Doğrulanacak,Yıllık,Sürekli Lig,Canlı İzle,İzleme,Lig/Organizasyon,Jenerik,Türkçe,Body,izle,10,LOW,0,,,,evet,10,10,10,0,10,10,10,10,10,10,10,10,0,10,0,10,10,30,20,10,10,20,0,0,0,10,10,20,50,30,50,hayır,,,Geçerli,Ana Liste
efeler ligi hangi kanalda,Efeler Ligi,Voleybol,Lig,1. Seviye,Orta,Erkek,Kulüp,Takım Sporu,Türkiye,Yerli,Türk Takımı Var,Doğrulanacak,Yıllık,Sürekli Lig,Kanal/Yayın,İzleme,Lig/Organizasyon,Jenerik,İngilizce,Body,kan,30,LOW,5,,,,evet,30,30,10,30,40,40,30,40,90,40,10,10,10,10,10,40,20,30,30,20,40,30,10,10,0,10,20,30,30,40,30,hayır,,,Geçerli,Ana Liste
filenin sultanları,Kadın Voleybol Milli Takımı,Voleybol,Milli,Milli,Global Elit,Kadın,Milli Takım,Takım Sporu,Türkiye,Yerli,Türk Takımı Var,TV+ Var,Sürekli,Turnuva,Jenerik,Bilgi,Lig/Organizasyon,Jenerik,Türkçe,Head,jen,110000,LOW,1,0.3,0.05,0.4,evet,550000,201000,22200,8100,8100,8100,12100,6600,22200,12100,368000,110000,246000,301000,33100,27100,14800,9900,8100,14800,8100,9900,9900,450000,135000,301000,201000,14800,14800,14800,18100,hayır,,,Geçerli,Ana Liste
filenin sultanları fikstür,Kadın Voleybol Milli Takımı,Voleybol,Milli,Milli,Global Elit,Kadın,Milli Takım,Takım Sporu,Türkiye,Yerli,Türk Takımı Var,TV+ Var,Sürekli,Turnuva,Fikstür,Bilgi,Lig/Organizasyon,Jenerik,Türkçe,Body,fik,480,LOW,2,0.21,0.01,0.25,evet,1900,1300,90,90,70,140,140,110,170,170,1300,880,1000,1600,170,90,90,170,140,90,110,110,70,1300,1600,8100,3600,90,110,110,90,hayır,,,Geçerli,Ana Liste
filenin sultanları maç sonuçları,Kadın Voleybol Milli Takımı,Voleybol,Milli,Milli,Global Elit,Kadın,Milli Takım,Takım Sporu,Türkiye,Yerli,Türk Takımı Var,TV+ Var,Sürekli,Turnuva,Maç/Skor,Bilgi,Lig/Organizasyon,Jenerik,Türkçe,Body,mac,1900,LOW,0,0.26,0.02,0.27,evet,9900,8100,260,10,20,10,10,40,90,50,4400,1300,5400,4400,210,10,10,10,10,10,10,10,30,8100,2900,9900,5400,10,10,20,20,hayır,,,Geçerli,Ana Liste
filenin sultanları canlı izle,Kadın Voleybol Milli Takımı,Voleybol,Milli,Milli,Global Elit,Kadın,Milli Takım,Takım Sporu,Türkiye,Yerli,Türk Takımı Var,TV+ Var,Sürekli,Turnuva,Canlı İzle,İzleme,Lig/Organizasyon,Jenerik,Türkçe,Body,izle,720,LOW,3,0.26,0.09,0.27,evet,5400,1900,210,10,10,10,10,10,0,10,720,210,590,1600,260,10,10,10,10,10,10,10,20,6600,1300,1000,720,10,10,10,10,hayır,,,Geçerli,Ana Liste
filenin sultanları hangi kanalda,Kadın Voleybol Milli Takımı,Voleybol,Milli,Milli,Global Elit,Kadın,Milli Takım,Takım Sporu,Türkiye,Yerli,Türk Takımı Var,TV+ Var,Sürekli,Turnuva,Kanal/Yayın,İzleme,Lig/Organizasyon,Jenerik,Türkçe,Body,kan,1600,LOW,4,0.28,0.07,0.38,evet,6600,4400,480,10,20,10,10,10,50,10,6600,1000,2900,9900,480,10,10,10,10,10,10,10,10,6600,1300,4400,6600,20,10,10,10,hayır,,,Geçerli,Ana Liste
filenin sultanları kadro,Kadın Voleybol Milli Takımı,Voleybol,Milli,Milli,Global Elit,Kadın,Milli Takım,Takım Sporu,Türkiye,Yerli,Türk Takımı Var,TV+ Var,Sürekli,Turnuva,Kadro,Bilgi,Lig/Organizasyon,Jenerik,Türkçe,Body,kad,4400,LOW,0,0.15,0.11,0.15,evet,18100,12100,1900,1000,1300,1300,1000,880,1000,1000,12100,3600,8100,14800,3600,2900,1300,1300,1000,1000,1300,1600,1600,14800,8100,8100,9900,2900,2400,2400,2400,hayır,,,Geçerli,Ana Liste
kadın voleybol milli takım,Kadın Voleybol Milli Takımı,Voleybol,Milli,Milli,Global Elit,Kadın,Milli Takım,Takım Sporu,Türkiye,Yerli,Türk Takımı Var,TV+ Var,Sürekli,Turnuva,Jenerik,Bilgi,Lig/Organizasyon,Jenerik,Türkçe,Body,jen,3600,LOW,1,0.1,0.01,0.2,evet,22200,5400,880,480,390,210,260,210,590,480,12100,2400,8100,27100,880,480,320,320,260,260,320,320,260,6600,2400,4400,4400,590,480,320,320,hayır,,,Geçerli,Ana Liste
kadın voleybol milli takım fikstür,Kadın Voleybol Milli Takımı,Voleybol,Milli,Milli,Global Elit,Kadın,Milli Takım,Takım Sporu,Türkiye,Yerli,Türk Takımı Var,TV+ Var,Sürekli,Turnuva,Fikstür,Bilgi,Lig/Organizasyon,Jenerik,Türkçe,Long-tail,fik,50,LOW,2,0.01,,,evet,210,140,10,10,10,10,10,10,10,10,110,70,90,170,20,10,10,10,10,10,10,10,10,20,20,140,140,20,10,10,10,hayır,,,Geçerli,Ana Liste
kadın voleybol milli takım maç sonuçları,Kadın Voleybol Milli Takımı,Voleybol,Milli,Milli,Global Elit,Kadın,Milli Takım,Takım Sporu,Türkiye,Yerli,Türk Takımı Var,TV+ Var,Sürekli,Turnuva,Maç/Skor,Bilgi,Lig/Organizasyon,Jenerik,Türkçe,Long-tail,mac,30,LOW,0,,,,evet,110,110,10,10,10,0,10,0,10,10,90,70,90,260,10,0,0,10,0,0,0,10,10,10,10,110,90,10,10,10,0,hayır,,,Geçerli,Ana Liste
kadın voleybol milli takım canlı izle,Kadın Voleybol Milli Takımı,Voleybol,Milli,Milli,Global Elit,Kadın,Milli Takım,Takım Sporu,Türkiye,Yerli,Türk Takımı Var,TV+ Var,Sürekli,Turnuva,Canlı İzle,İzleme,Lig/Organizasyon,Jenerik,Türkçe,Long-tail,izle,20,LOW,3,0.46,,,evet,70,30,10,10,10,0,10,10,10,10,50,10,10,40,10,10,0,10,0,0,0,0,0,10,10,20,10,0,0,0,0,hayır,,,Geçerli,Ana Liste
kadın voleybol milli takım hangi kanalda,Kadın Voleybol Milli Takımı,Voleybol,Milli,Milli,Global Elit,Kadın,Milli Takım,Takım Sporu,Türkiye,Yerli,Türk Takımı Var,TV+ Var,Sürekli,Turnuva,Kanal/Yayın,İzleme,Lig/Organizasyon,Jenerik,Türkçe,Long-tail,kan,10,LOW,8,,,,evet,30,0,0,0,0,0,0,0,0,0,0,0,0,0,0,0,0,0,0,0,0,0,0,0,0,0,0,0,0,0,0,hayır,,,Geçerli,Ana Liste
kadın voleybol milli takım kadro,Kadın Voleybol Milli Takımı,Voleybol,Milli,Milli,Global Elit,Kadın,Milli Takım,Takım Sporu,Türkiye,Yerli,Türk Takımı Var,TV+ Var,Sürekli,Turnuva,Kadro,Bilgi,Lig/Organizasyon,Jenerik,Türkçe,Long-tail,kad,20,LOW,1,0.08,,,evet,70,30,10,10,0,10,10,10,10,10,40,10,30,50,0,0,0,0,0,0,0,0,0,0,0,0,0,0,0,0,0,hayır,,,Geçerli,Ana Liste
filenin efeleri,Erkek Voleybol Milli Takımı,Voleybol,Milli,Milli,Üst,Erkek,Milli Takım,Takım Sporu,Türkiye,Yerli,Türk Takımı Var,TV+ Var,Sürekli,Turnuva,Jenerik,Bilgi,Lig/Organizasyon,Jenerik,İngilizce,Head,jen,18100,LOW,0,,0.22,0.97,evet,60500,33100,1000,590,480,390,390,480,1300,1600,110000,8100,9900,18100,1600,720,590,480,480,590,590,590,880,6600,1900,14800,14800,720,880,880,1000,hayır,,,Geçerli,Ana Liste
filenin efeleri fikstür,Erkek Voleybol Milli Takımı,Voleybol,Milli,Milli,Üst,Erkek,Milli Takım,Takım Sporu,Türkiye,Yerli,Türk Takımı Var,TV+ Var,Sürekli,Turnuva,Fikstür,Bilgi,Lig/Organizasyon,Jenerik,Türkçe,Body,fik,140,LOW,0,,,,evet,480,590,20,30,20,30,20,10,10,10,320,30,70,90,10,10,10,10,10,10,20,10,10,30,10,210,110,10,10,10,20,hayır,,,Geçerli,Ana Liste
filenin efeleri canlı izle,Erkek Voleybol Milli Takımı,Voleybol,Milli,Milli,Üst,Erkek,Milli Takım,Takım Sporu,Türkiye,Yerli,Türk Takımı Var,TV+ Var,Sürekli,Turnuva,Canlı İzle,İzleme,Lig/Organizasyon,Jenerik,Türkçe,Body,izle,70,LOW,3,0.28,0.06,0.43,evet,590,260,10,0,0,0,0,0,0,0,70,10,10,20,10,10,0,0,0,0,0,0,0,10,0,10,20,0,0,0,0,hayır,,,Geçerli,Ana Liste
filenin efeleri hangi kanalda,Erkek Voleybol Milli Takımı,Voleybol,Milli,Milli,Üst,Erkek,Milli Takım,Takım Sporu,Türkiye,Yerli,Türk Takımı Var,TV+ Var,Sürekli,Turnuva,Kanal/Yayın,İzleme,Lig/Organizasyon,Jenerik,İngilizce,Body,kan,140,LOW,2,,,,evet,480,720,20,0,10,0,0,0,10,0,320,20,50,90,20,10,0,0,10,0,0,10,0,20,10,90,210,0,0,0,0,hayır,,,Geçerli,Ana Liste
filenin efeleri kadro,Erkek Voleybol Milli Takımı,Voleybol,Milli,Milli,Üst,Erkek,Milli Takım,Takım Sporu,Türkiye,Yerli,Türk Takımı Var,TV+ Var,Sürekli,Turnuva,Kadro,Bilgi,Lig/Organizasyon,Jenerik,İngilizce,Body,kad,590,LOW,0,,,,evet,1600,1600,110,90,90,70,70,90,210,210,2400,590,720,1000,210,110,90,90,140,110,90,110,140,880,480,1600,3600,170,140,170,170,hayır,,,Geçerli,Ana Liste
erkek voleybol milli takım,Erkek Voleybol Milli Takımı,Voleybol,Milli,Milli,Üst,Erkek,Milli Takım,Takım Sporu,Türkiye,Yerli,Türk Takımı Var,TV+ Var,Sürekli,Turnuva,Jenerik,Bilgi,Lig/Organizasyon,Jenerik,Türkçe,Body,jen,3600,LOW,0,,,,evet,8100,2400,170,170,110,90,70,90,170,210,33100,720,1000,1600,260,210,170,140,110,110,110,110,140,720,260,1600,1600,140,140,170,210,hayır,,,Geçerli,Ana Liste
erkek voleybol milli takım fikstür,Erkek Voleybol Milli Takımı,Voleybol,Milli,Milli,Üst,Erkek,Milli Takım,Takım Sporu,Türkiye,Yerli,Türk Takımı Var,TV+ Var,Sürekli,Turnuva,Fikstür,Bilgi,Lig/Organizasyon,Jenerik,Türkçe,Long-tail,fik,30,LOW,2,,,,evet,70,50,10,10,0,10,0,0,10,0,260,10,10,20,10,10,10,0,10,0,10,0,10,10,10,40,30,0,10,0,10,hayır,,,Geçerli,Ana Liste
erkek voleybol milli takım canlı izle,Erkek Voleybol Milli Takımı,Voleybol,Milli,Milli,Üst,Erkek,Milli Takım,Takım Sporu,Türkiye,Yerli,Türk Takımı Var,TV+ Var,Sürekli,Turnuva,Canlı İzle,İzleme,Lig/Organizasyon,Jenerik,Türkçe,Long-tail,izle,,,,,,,hayir,,,,,,,,,,,,,,,,,,,,,,,,,,,,,,,,hayır,,,Geçerli,Ana Liste
erkek voleybol milli takım hangi kanalda,Erkek Voleybol Milli Takımı,Voleybol,Milli,Milli,Üst,Erkek,Milli Takım,Takım Sporu,Türkiye,Yerli,Türk Takımı Var,TV+ Var,Sürekli,Turnuva,Kanal/Yayın,İzleme,Lig/Organizasyon,Jenerik,Türkçe,Long-tail,kan,,,,,,,hayir,,,,,,,,,,,,,,,,,,,,,,,,,,,,,,,,hayır,,,Geçerli,Ana Liste
erkek voleybol milli takım kadro,Erkek Voleybol Milli Takımı,Voleybol,Milli,Milli,Üst,Erkek,Milli Takım,Takım Sporu,Türkiye,Yerli,Türk Takımı Var,TV+ Var,Sürekli,Turnuva,Kadro,Bilgi,Lig/Organizasyon,Jenerik,Türkçe,Long-tail,kad,,,,,,,hayir,,,,,,,,,,,,,,,,,,,,,,,,,,,,,,,,hayır,,,Geçerli,Ana Liste
cev şampiyonlar ligi,CEV Şampiyonlar Ligi,Voleybol,Kıta Turnuvası,Kıta Üstü,Orta,Karma,Kulüp,Takım Sporu,Avrupa,Uluslararası,Türk Takımı Var,Doğrulanacak,Yıllık,Turnuva,Jenerik,Bilgi,Lig/Organizasyon,Jenerik,Türkçe,Body,jen,12100,LOW,0,,0.04,20,evet,2400,1300,33100,18100,33100,18100,18100,9900,9900,1600,1000,1000,1000,1000,22200,8100,27100,6600,12100,6600,14800,1900,720,1600,720,1300,6600,2900,18100,22200,9900,hayır,,,Geçerli,Ana Liste
cev şampiyonlar ligi fikstür,CEV Şampiyonlar Ligi,Voleybol,Kıta Turnuvası,Kıta Üstü,Orta,Karma,Kulüp,Takım Sporu,Avrupa,Uluslararası,Türk Takımı Var,Doğrulanacak,Yıllık,Turnuva,Fikstür,Bilgi,Lig/Organizasyon,Jenerik,Türkçe,Body,fik,720,LOW,0,,,,evet,50,10,260,320,1900,2400,2400,590,480,70,20,10,30,40,210,320,1300,480,880,480,590,70,10,10,10,20,50,30,480,590,480,hayır,,,Geçerli,Ana Liste
cev şampiyonlar ligi canlı izle,CEV Şampiyonlar Ligi,Voleybol,Kıta Turnuvası,Kıta Üstü,Orta,Karma,Kulüp,Takım Sporu,Avrupa,Uluslararası,Türk Takımı Var,Doğrulanacak,Yıllık,Turnuva,Canlı İzle,İzleme,Lig/Organizasyon,Jenerik,Türkçe,Long-tail,izle,40,LOW,2,0.48,,,evet,110,10,40,20,210,50,30,10,10,10,10,10,10,10,260,10,720,30,260,170,390,10,10,10,10,10,480,10,50,110,110,hayır,,,Geçerli,Ana Liste
voleybol milletler ligi,FIVB Milletler Ligi,Voleybol,Dünya Turnuvası,Milli,Üst,Karma,Milli Takım,Takım Sporu,Global,Uluslararası,Türk Takımı Var,Doğrulanacak,Yıllık,Turnuva,Jenerik,Bilgi,Lig/Organizasyon,Jenerik,İngilizce,Body,jen,12100,LOW,2,0.16,0.01,20,evet,60500,60500,2400,1000,480,480,480,140,170,170,5400,3600,60500,90500,3600,2400,320,480,260,260,320,320,140,2900,2900,90500,110000,1600,880,880,320,hayır,,,Geçerli,Ana Liste
voleybol milletler ligi puan durumu,FIVB Milletler Ligi,Voleybol,Dünya Turnuvası,Milli,Üst,Karma,Milli Takım,Takım Sporu,Global,Uluslararası,Türk Takımı Var,Doğrulanacak,Yıllık,Turnuva,Puan Durumu,Bilgi,Lig/Organizasyon,Jenerik,İngilizce,Long-tail,pd,880,LOW,0,0.7,,,evet,6600,4400,10,10,10,10,20,10,10,10,390,320,9900,22200,40,30,140,50,90,70,90,90,50,320,720,22200,14800,110,40,140,30,hayır,,,Geçerli,Ana Liste
voleybol milletler ligi fikstür,FIVB Milletler Ligi,Voleybol,Dünya Turnuvası,Milli,Üst,Karma,Milli Takım,Takım Sporu,Global,Uluslararası,Türk Takımı Var,Doğrulanacak,Yıllık,Turnuva,Fikstür,Bilgi,Lig/Organizasyon,Jenerik,Türkçe,Body,fik,170,LOW,2,0.08,0.01,0.28,evet,880,720,50,10,10,10,10,10,10,10,140,140,1600,1600,70,10,10,10,10,10,20,20,10,30,40,1900,1900,30,20,10,10,hayır,,,Geçerli,Ana Liste
voleybol milletler ligi canlı izle,FIVB Milletler Ligi,Voleybol,Dünya Turnuvası,Milli,Üst,Karma,Milli Takım,Takım Sporu,Global,Uluslararası,Türk Takımı Var,Doğrulanacak,Yıllık,Turnuva,Canlı İzle,İzleme,Lig/Organizasyon,Jenerik,Türkçe,Long-tail,izle,20,LOW,3,,,,evet,110,110,10,0,10,0,0,0,10,0,10,10,140,110,10,10,10,0,10,0,0,10,0,10,10,210,1000,0,0,10,0,hayır,,,Geçerli,Ana Liste
vnl,FIVB Milletler Ligi,Voleybol,Dünya Turnuvası,Milli,Üst,Karma,Milli Takım,Takım Sporu,Global,Uluslararası,Türk Takımı Var,Doğrulanacak,Yıllık,Turnuva,Jenerik,Bilgi,Lig/Organizasyon,Jenerik,İngilizce,Head,jen,49500,LOW,2,0.43,0.18,20,evet,368000,201000,6600,2400,1000,1300,1000,720,880,880,8100,8100,201000,201000,8100,1600,720,880,720,880,590,720,480,4400,4400,201000,135000,2900,1300,1300,880,hayır,,,Geçerli,Ana Liste
vnl puan durumu,FIVB Milletler Ligi,Voleybol,Dünya Turnuvası,Milli,Üst,Karma,Milli Takım,Takım Sporu,Global,Uluslararası,Türk Takımı Var,Doğrulanacak,Yıllık,Turnuva,Puan Durumu,Bilgi,Lig/Organizasyon,Jenerik,İngilizce,Body,pd,8100,LOW,0,0.56,0.19,5.33,evet,49500,49500,90,40,10,30,40,30,50,40,880,1000,60500,60500,40,30,50,40,30,40,40,40,170,880,1000,60500,33100,20,20,10,10,hayır,,,Geçerli,Ana Liste
vnl fikstür,FIVB Milletler Ligi,Voleybol,Dünya Turnuvası,Milli,Üst,Karma,Milli Takım,Takım Sporu,Global,Uluslararası,Türk Takımı Var,Doğrulanacak,Yıllık,Turnuva,Fikstür,Bilgi,Lig/Organizasyon,Jenerik,Türkçe,Head,fik,1300,LOW,2,0.27,0.04,20,evet,9900,5400,260,70,10,30,20,10,10,10,170,260,22200,14800,390,40,20,40,20,10,10,30,50,260,390,33100,14800,110,40,40,20,hayır,,,Geçerli,Ana Liste
vnl canlı izle,FIVB Milletler Ligi,Voleybol,Dünya Turnuvası,Milli,Üst,Karma,Milli Takım,Takım Sporu,Global,Uluslararası,Türk Takımı Var,Doğrulanacak,Yıllık,Turnuva,Canlı İzle,İzleme,Lig/Organizasyon,Jenerik,Türkçe,Body,izle,320,LOW,6,0.31,0.13,0.45,evet,2400,1600,10,10,10,0,0,10,10,10,10,10,590,590,10,0,10,10,10,10,10,10,10,10,10,720,480,10,0,10,0,hayır,,,Geçerli,Ana Liste
voleybol dünya şampiyonası,Voleybol Dünya Şampiyonası,Voleybol,Dünya Turnuvası,Milli,Üst,Karma,Milli Takım,Takım Sporu,Global,Uluslararası,Türk Takımı Var,Doğrulanacak,4 Yılda Bir,Turnuva,Jenerik,Bilgi,Lig/Organizasyon,Jenerik,Türkçe,Body,jen,33100,LOW,1,0.28,0.12,20,evet,5400,720,480,590,590,390,480,390,390,720,301000,110000,12100,2900,590,390,260,140,210,390,260,210,210,1600,480,1300,720,260,260,320,390,hayır,,,Geçerli,Ana Liste
voleybol dünya şampiyonası fikstür,Voleybol Dünya Şampiyonası,Voleybol,Dünya Turnuvası,Milli,Üst,Karma,Milli Takım,Takım Sporu,Global,Uluslararası,Türk Takımı Var,Doğrulanacak,4 Yılda Bir,Turnuva,Fikstür,Bilgi,Lig/Organizasyon,Jenerik,Türkçe,Body,fik,720,LOW,3,,,,evet,10,10,10,10,10,10,0,10,30,30,5400,3600,50,10,10,10,10,0,10,10,10,0,10,10,10,30,20,10,10,10,0,hayır,,,Geçerli,Ana Liste
voleybol dünya şampiyonası canlı izle,Voleybol Dünya Şampiyonası,Voleybol,Dünya Turnuvası,Milli,Üst,Karma,Milli Takım,Takım Sporu,Global,Uluslararası,Türk Takımı Var,Doğrulanacak,4 Yılda Bir,Turnuva,Canlı İzle,İzleme,Lig/Organizasyon,Jenerik,Türkçe,Long-tail,izle,140,LOW,0,,,,evet,10,0,0,10,0,10,0,10,10,10,1600,260,10,0,0,0,0,0,0,0,0,0,0,0,0,0,10,0,0,0,0,hayır,,,Geçerli,Ana Liste
voleybol avrupa şampiyonası,Voleybol Avrupa Şampiyonası,Voleybol,Kıta Turnuvası,Milli,Orta,Karma,Milli Takım,Takım Sporu,Avrupa,Uluslararası,Türk Takımı Var,Doğrulanacak,2 Yılda Bir,Turnuva,Jenerik,Bilgi,Lig/Organizasyon,Jenerik,Türkçe,Body,jen,1600,LOW,6,0.13,0.02,0.28,evet,9900,1600,590,590,480,320,390,170,480,1000,2900,1000,590,880,320,260,170,40,70,170,260,170,140,1900,1000,1600,1000,480,480,320,210,hayır,,,Geçerli,Ana Liste
voleybol avrupa şampiyonası fikstür,Voleybol Avrupa Şampiyonası,Voleybol,Kıta Turnuvası,Milli,Orta,Karma,Milli Takım,Takım Sporu,Avrupa,Uluslararası,Türk Takımı Var,Doğrulanacak,2 Yılda Bir,Turnuva,Fikstür,Bilgi,Lig/Organizasyon,Jenerik,Türkçe,Body,fik,20,LOW,4,0.02,,,evet,110,20,10,10,10,10,10,10,0,10,20,30,10,10,0,10,10,10,10,10,10,10,0,10,10,10,10,10,10,10,10,hayır,,,Geçerli,Ana Liste
voleybol avrupa şampiyonası canlı izle,Voleybol Avrupa Şampiyonası,Voleybol,Kıta Turnuvası,Milli,Orta,Karma,Milli Takım,Takım Sporu,Avrupa,Uluslararası,Türk Takımı Var,Doğrulanacak,2 Yılda Bir,Turnuva,Canlı İzle,İzleme,Lig/Organizasyon,Jenerik,Türkçe,Long-tail,izle,10,,,,,,evet,0,0,0,0,0,0,0,0,0,0,0,10,0,0,0,0,0,0,0,0,0,0,0,0,10,0,0,0,0,0,0,hayır,,,Geçerli,Ana Liste
ufc,UFC,Dövüş Sporları,Bireysel Sıralama Serisi,Kıta Üstü,Global Elit,Karma,Bireysel,Bireysel Spor,Global,Uluslararası,Yok,TV+ Var,Sürekli,Tek Etkinlik,Jenerik,Bilgi,Lig/Organizasyon,Jenerik,İngilizce,Head,jen,301000,LOW,4,0.42,0.13,0.82,evet,450000,450000,301000,201000,301000,135000,201000,201000,368000,301000,201000,301000,301000,301000,135000,165000,201000,246000,165000,110000,135000,135000,74000,90500,74000,110000,49500,60500,60500,40500,40500,hayır,,,Geçerli,Ana Liste
ufc fikstür,UFC,Dövüş Sporları,Bireysel Sıralama Serisi,Kıta Üstü,Global Elit,Karma,Bireysel,Bireysel Spor,Global,Uluslararası,Yok,TV+ Var,Sürekli,Tek Etkinlik,Fikstür,Bilgi,Lig/Organizasyon,Jenerik,Türkçe,Head,fik,880,LOW,9,0.22,0.12,0.44,evet,1300,1000,880,720,880,590,720,720,1300,1300,880,1300,1600,1300,590,720,1300,1600,1000,880,1300,880,260,390,320,590,390,590,320,210,260,hayır,,,Geçerli,Ana Liste
ufc canlı izle,UFC,Dövüş Sporları,Bireysel Sıralama Serisi,Kıta Üstü,Global Elit,Karma,Bireysel,Bireysel Spor,Global,Uluslararası,Yok,TV+ Var,Sürekli,Tek Etkinlik,Canlı İzle,İzleme,Lig/Organizasyon,Jenerik,Türkçe,Body,izle,4400,LOW,8,0.3,0.1,0.46,evet,9900,12100,4400,390,2400,210,2400,1900,8100,4400,720,9900,8100,9900,320,480,5400,9900,1300,590,1000,6600,260,390,320,2900,320,1000,2400,260,260,hayır,,,Geçerli,Ana Liste
ufc hangi kanalda,UFC,Dövüş Sporları,Bireysel Sıralama Serisi,Kıta Üstü,Global Elit,Karma,Bireysel,Bireysel Spor,Global,Uluslararası,Yok,TV+ Var,Sürekli,Tek Etkinlik,Kanal/Yayın,İzleme,Lig/Organizasyon,Jenerik,İngilizce,Body,kan,1900,LOW,17,0.25,0.08,0.34,evet,2400,1600,2400,480,1900,260,1300,880,2900,1900,590,4400,2400,2900,390,590,2900,3600,2400,880,1900,3600,480,480,320,1300,590,1000,1000,390,480,hayır,,,Geçerli,Ana Liste
ufc takvim,UFC,Dövüş Sporları,Bireysel Sıralama Serisi,Kıta Üstü,Global Elit,Karma,Bireysel,Bireysel Spor,Global,Uluslararası,Yok,TV+ Var,Sürekli,Tek Etkinlik,Takvim/Saat,Bilgi,Lig/Organizasyon,Jenerik,İngilizce,Head,tak,1900,LOW,9,0.63,0.1,0.62,evet,2400,2400,1900,1300,1900,1000,1600,1600,2900,2400,1600,2400,2400,1900,1000,1000,1600,1900,1600,1000,1600,1000,390,480,390,720,480,590,480,260,260,hayır,,,Geçerli,Ana Liste
ufc sıralama,UFC,Dövüş Sporları,Bireysel Sıralama Serisi,Kıta Üstü,Global Elit,Karma,Bireysel,Bireysel Spor,Global,Uluslararası,Yok,TV+ Var,Sürekli,Tek Etkinlik,İstatistik,Bilgi,Lig/Organizasyon,Jenerik,Türkçe,Head,sir,1600,LOW,2,0.26,0.16,0.41,evet,1000,1900,1600,720,1000,1000,1000,1000,2900,1300,880,2900,2400,1900,1000,1300,2400,2400,2400,1300,2900,1600,390,590,590,1000,480,1300,880,480,590,hayır,,,Geçerli,Ana Liste
boks,Boks,Dövüş Sporları,Bireysel Sıralama Serisi,Kıta Üstü,Üst,Karma,Bireysel,Bireysel Spor,Global,Uluslararası,Türk Sporcu Var,Doğrulanacak,Sürekli,Tek Etkinlik,Jenerik,Bilgi,Lig/Organizasyon,Jenerik,İngilizce,Head,jen,22200,LOW,18,0.17,0.07,0.35,evet,22200,22200,22200,22200,22200,22200,22200,22200,22200,22200,22200,22200,22200,18100,18100,18100,18100,18100,27100,33100,49500,33100,27100,40500,27100,33100,27100,27100,27100,27100,27100,hayır,,,Geçerli,Ana Liste
boks canlı izle,Boks,Dövüş Sporları,Bireysel Sıralama Serisi,Kıta Üstü,Üst,Karma,Bireysel,Bireysel Spor,Global,Uluslararası,Türk Sporcu Var,Doğrulanacak,Sürekli,Tek Etkinlik,Canlı İzle,İzleme,Lig/Organizasyon,Jenerik,Türkçe,Body,izle,40,LOW,7,,,,evet,10,10,40,30,10,10,50,30,10,10,260,30,40,20,10,20,10,40,10,40,390,70,20,70,20,10,90,10,70,10,10,hayır,,,Geçerli,Ana Liste
boks hangi kanalda,Boks,Dövüş Sporları,Bireysel Sıralama Serisi,Kıta Üstü,Üst,Karma,Bireysel,Bireysel Spor,Global,Uluslararası,Türk Sporcu Var,Doğrulanacak,Sürekli,Tek Etkinlik,Kanal/Yayın,İzleme,Lig/Organizasyon,Jenerik,İngilizce,Body,kan,30,LOW,2,,,,evet,10,20,40,30,10,10,30,50,20,20,40,20,50,20,10,10,20,30,30,40,320,40,20,170,20,40,50,40,30,30,40,hayır,,,Geçerli,Ana Liste
boks takvim,Boks,Dövüş Sporları,Bireysel Sıralama Serisi,Kıta Üstü,Üst,Karma,Bireysel,Bireysel Spor,Global,Uluslararası,Türk Sporcu Var,Doğrulanacak,Sürekli,Tek Etkinlik,Takvim/Saat,Bilgi,Lig/Organizasyon,Jenerik,İngilizce,Head,tak,,,,,,,hayir,,,,,,,,,,,,,,,,,,,,,,,,,,,,,,,,hayır,,,Geçerli,Ana Liste
boks maçı,Boks,Dövüş Sporları,Bireysel Sıralama Serisi,Kıta Üstü,Üst,Karma,Bireysel,Bireysel Spor,Global,Uluslararası,Türk Sporcu Var,Doğrulanacak,Sürekli,Tek Etkinlik,Jenerik,Bilgi,Lig/Organizasyon,Jenerik,Türkçe,Head,jen,2400,LOW,3,0.2,0.08,0.3,evet,2400,1900,2400,1900,1300,1600,2400,5400,2400,1900,3600,2900,3600,2900,1600,1900,2400,2900,1900,3600,60500,2900,1900,4400,2400,1900,4400,2400,3600,2400,2400,hayır,,,Geçerli,Ana Liste
boks maçı canlı izle,Boks,Dövüş Sporları,Bireysel Sıralama Serisi,Kıta Üstü,Üst,Karma,Bireysel,Bireysel Spor,Global,Uluslararası,Türk Sporcu Var,Doğrulanacak,Sürekli,Tek Etkinlik,Canlı İzle,İzleme,Lig/Organizasyon,Jenerik,Türkçe,Body,izle,170,LOW,5,,,,evet,70,50,70,70,30,70,480,590,110,70,140,140,390,140,70,90,170,140,50,170,6600,140,40,170,90,70,260,40,260,50,90,hayır,,,Geçerli,Ana Liste
boks maçı hangi kanalda,Boks,Dövüş Sporları,Bireysel Sıralama Serisi,Kıta Üstü,Üst,Karma,Bireysel,Bireysel Spor,Global,Uluslararası,Türk Sporcu Var,Doğrulanacak,Sürekli,Tek Etkinlik,Kanal/Yayın,İzleme,Lig/Organizasyon,Jenerik,Türkçe,Body,kan,480,LOW,7,0.22,0.07,0.2,evet,390,390,590,480,170,210,720,880,480,260,1000,480,1300,590,140,140,320,590,320,590,22200,590,480,1300,390,320,1000,590,880,480,590,hayır,,,Geçerli,Ana Liste
boks maçı takvim,Boks,Dövüş Sporları,Bireysel Sıralama Serisi,Kıta Üstü,Üst,Karma,Bireysel,Bireysel Spor,Global,Uluslararası,Türk Sporcu Var,Doğrulanacak,Sürekli,Tek Etkinlik,Takvim/Saat,Bilgi,Lig/Organizasyon,Jenerik,Türkçe,Body,tak,,,,,,,hayir,,,,,,,,,,,,,,,,,,,,,,,,,,,,,,,,hayır,,,Geçerli,Ana Liste
wwe,WWE,Dövüş Sporları,Bireysel Sıralama Serisi,Kıta Üstü,Üst,Karma,Bireysel,Bireysel Spor,ABD,Yabancı,Yok,TV+ Yok,Sürekli,Tek Etkinlik,Jenerik,Bilgi,Lig/Organizasyon,Jenerik,İngilizce,Head,jen,27100,LOW,3,0.19,0.05,0.36,evet,22200,22200,22200,27100,27100,27100,33100,33100,27100,22200,22200,33100,27100,27100,27100,33100,33100,27100,33100,27100,33100,27100,22200,27100,27100,22200,27100,40500,27100,27100,27100,hayır,,,Geçerli,Ana Liste
wwe canlı izle,WWE,Dövüş Sporları,Bireysel Sıralama Serisi,Kıta Üstü,Üst,Karma,Bireysel,Bireysel Spor,ABD,Yabancı,Yok,TV+ Yok,Sürekli,Tek Etkinlik,Canlı İzle,İzleme,Lig/Organizasyon,Jenerik,Türkçe,Body,izle,140,LOW,2,,,,evet,70,110,210,260,70,70,210,110,140,90,110,320,70,170,90,170,210,170,140,40,320,210,110,390,210,140,260,1000,140,140,320,hayır,,,Geçerli,Ana Liste
wwe hangi kanalda,WWE,Dövüş Sporları,Bireysel Sıralama Serisi,Kıta Üstü,Üst,Karma,Bireysel,Bireysel Spor,ABD,Yabancı,Yok,TV+ Yok,Sürekli,Tek Etkinlik,Kanal/Yayın,İzleme,Lig/Organizasyon,Jenerik,İngilizce,Body,kan,140,LOW,6,0.98,,,evet,70,50,70,170,90,110,170,480,140,90,70,140,70,50,70,50,260,170,260,260,480,320,210,390,320,210,320,1000,480,390,590,hayır,,,Geçerli,Ana Liste
wwe takvim,WWE,Dövüş Sporları,Bireysel Sıralama Serisi,Kıta Üstü,Üst,Karma,Bireysel,Bireysel Spor,ABD,Yabancı,Yok,TV+ Yok,Sürekli,Tek Etkinlik,Takvim/Saat,Bilgi,Lig/Organizasyon,Jenerik,İngilizce,Head,tak,10,LOW,7,,,,evet,10,10,10,10,10,20,20,20,20,10,10,20,20,10,20,20,30,20,0,0,0,0,0,0,0,0,0,0,0,0,0,hayır,,,Geçerli,Ana Liste
pfl,PFL,Dövüş Sporları,Bireysel Sıralama Serisi,Kıta Üstü,Niş,Karma,Bireysel,Bireysel Spor,Global,Uluslararası,Yok,Doğrulanacak,Yıllık,Tek Etkinlik,Jenerik,Bilgi,Lig/Organizasyon,Jenerik,İngilizce,Head,jen,1600,LOW,3,0.31,0.16,0.38,evet,1600,880,1000,1300,1600,2400,590,1600,880,5400,880,1900,1600,1600,1000,1600,1000,720,5400,1000,1900,3600,720,1300,880,1000,480,1300,1300,1000,480,hayır,,,Geçerli,Ana Liste
pfl canlı izle,PFL,Dövüş Sporları,Bireysel Sıralama Serisi,Kıta Üstü,Niş,Karma,Bireysel,Bireysel Spor,Global,Uluslararası,Yok,Doğrulanacak,Yıllık,Tek Etkinlik,Canlı İzle,İzleme,Lig/Organizasyon,Jenerik,Türkçe,Body,izle,10,LOW,0,,,,evet,10,0,0,10,10,90,10,10,10,40,0,0,10,0,10,10,0,10,110,0,0,0,0,0,0,0,0,0,0,0,0,hayır,,,Geçerli,Ana Liste
pfl takvim,PFL,Dövüş Sporları,Bireysel Sıralama Serisi,Kıta Üstü,Niş,Karma,Bireysel,Bireysel Spor,Global,Uluslararası,Yok,Doğrulanacak,Yıllık,Tek Etkinlik,Takvim/Saat,Bilgi,Lig/Organizasyon,Jenerik,İngilizce,Head,tak,,,,,,,hayir,,,,,,,,,,,,,,,,,,,,,,,,,,,,,,,,hayır,,,Geçerli,Ana Liste
one championship,ONE Championship,Dövüş Sporları,Bireysel Sıralama Serisi,Kıta Üstü,Niş,Karma,Bireysel,Bireysel Spor,Asya,Yabancı,Yok,Doğrulanacak,Sürekli,Tek Etkinlik,Jenerik,Bilgi,Lig/Organizasyon,Jenerik,İngilizce,Head,jen,1000,LOW,3,0.14,0.13,0.73,evet,1000,1300,1600,1300,1300,720,1000,1000,1600,880,880,1300,1000,720,880,880,1600,1300,1300,1300,1300,720,880,720,880,880,1300,1300,1300,1000,880,hayır,,,Geçerli,Ana Liste
one championship canlı izle,ONE Championship,Dövüş Sporları,Bireysel Sıralama Serisi,Kıta Üstü,Niş,Karma,Bireysel,Bireysel Spor,Asya,Yabancı,Yok,Doğrulanacak,Sürekli,Tek Etkinlik,Canlı İzle,İzleme,Lig/Organizasyon,Jenerik,Türkçe,Body,izle,20,LOW,4,,,,evet,10,50,20,70,10,10,10,10,30,20,0,0,0,0,0,0,0,0,0,0,0,0,0,0,0,0,0,0,0,0,0,hayır,,,Geçerli,Ana Liste
bellator,Bellator,Dövüş Sporları,Bireysel Sıralama Serisi,Kıta Üstü,Niş,Karma,Bireysel,Bireysel Spor,ABD,Yabancı,Yok,TV+ Yok,Sürekli,Tek Etkinlik,Jenerik,Bilgi,Lig/Organizasyon,Jenerik,İngilizce,Head,jen,880,LOW,10,1.04,0.26,2.68,evet,720,720,880,720,720,720,590,590,720,880,720,1900,1900,590,590,720,720,880,4400,1000,1600,720,1000,480,480,720,590,880,720,720,590,hayır,,,Geçerli,Ana Liste
bellator canlı izle,Bellator,Dövüş Sporları,Bireysel Sıralama Serisi,Kıta Üstü,Niş,Karma,Bireysel,Bireysel Spor,ABD,Yabancı,Yok,TV+ Yok,Sürekli,Tek Etkinlik,Canlı İzle,İzleme,Lig/Organizasyon,Jenerik,Türkçe,Body,izle,10,LOW,0,,,,evet,10,0,0,10,0,10,10,10,10,70,10,10,0,0,0,0,10,0,70,0,0,0,20,10,10,10,10,20,10,10,10,hayır,,,Geçerli,Ana Liste
kırkpınar,Yağlı Güreş,Dövüş Sporları,Kupa,Milli,Orta,Erkek,Bireysel,Bireysel Spor,Türkiye,Yerli,Türk Sporcu Var,Doğrulanacak,Yıllık,Tek Etkinlik,Jenerik,Bilgi,Lig/Organizasyon,Jenerik,Türkçe,Head,jen,8100,LOW,1,0.1,0.14,6.33,evet,27100,9900,8100,5400,4400,3600,3600,4400,6600,6600,8100,12100,40500,14800,9900,6600,5400,4400,6600,5400,5400,6600,8100,9900,27100,12100,8100,8100,5400,5400,5400,hayır,,,Geçerli,Ana Liste
kırkpınar canlı izle,Yağlı Güreş,Dövüş Sporları,Kupa,Milli,Orta,Erkek,Bireysel,Bireysel Spor,Türkiye,Yerli,Türk Sporcu Var,Doğrulanacak,Yıllık,Tek Etkinlik,Canlı İzle,İzleme,Lig/Organizasyon,Jenerik,Türkçe,Body,izle,170,LOW,0,,,,evet,1900,10,10,10,10,0,10,10,10,0,10,10,2900,20,10,10,10,10,0,10,10,10,10,10,8100,40,10,10,10,10,10,hayır,,,Geçerli,Ana Liste
kırkpınar takvim,Yağlı Güreş,Dövüş Sporları,Kupa,Milli,Orta,Erkek,Bireysel,Bireysel Spor,Türkiye,Yerli,Türk Sporcu Var,Doğrulanacak,Yıllık,Tek Etkinlik,Takvim/Saat,Bilgi,Lig/Organizasyon,Jenerik,Türkçe,Head,tak,,,,,,,hayir,,,,,,,,,,,,,,,,,,,,,,,,,,,,,,,,hayır,,,Geçerli,Ana Liste
yağlı güreş,Yağlı Güreş,Dövüş Sporları,Kupa,Milli,Orta,Erkek,Bireysel,Bireysel Spor,Türkiye,Yerli,Türk Sporcu Var,Doğrulanacak,Yıllık,Tek Etkinlik,Jenerik,Bilgi,Lig/Organizasyon,Jenerik,Türkçe,Head,jen,6600,LOW,0,0.11,0.02,0.1,evet,14800,9900,9900,9900,3600,3600,5400,3600,3600,4400,6600,12100,18100,14800,12100,5400,5400,3600,3600,4400,4400,9900,40500,8100,12100,9900,8100,5400,6600,5400,4400,hayır,,,Geçerli,Ana Liste
yağlı güreş canlı izle,Yağlı Güreş,Dövüş Sporları,Kupa,Milli,Orta,Erkek,Bireysel,Bireysel Spor,Türkiye,Yerli,Türk Sporcu Var,Doğrulanacak,Yıllık,Tek Etkinlik,Canlı İzle,İzleme,Lig/Organizasyon,Jenerik,Türkçe,Body,izle,210,LOW,0,,,,evet,720,720,590,140,10,10,10,10,10,20,90,140,320,140,110,20,10,0,10,0,10,10,50,70,260,170,90,20,10,10,0,hayır,,,Geçerli,Ana Liste
yağlı güreş takvim,Yağlı Güreş,Dövüş Sporları,Kupa,Milli,Orta,Erkek,Bireysel,Bireysel Spor,Türkiye,Yerli,Türk Sporcu Var,Doğrulanacak,Yıllık,Tek Etkinlik,Takvim/Saat,Bilgi,Lig/Organizasyon,Jenerik,Türkçe,Body,tak,40,LOW,0,,,,evet,90,70,70,40,20,10,10,0,10,20,70,110,140,140,140,70,10,10,10,10,10,10,30,50,50,50,50,20,10,10,10,hayır,,,Geçerli,Ana Liste
güreş,Güreş,Dövüş Sporları,Bireysel Sıralama Serisi,Milli,Orta,Karma,Bireysel,Bireysel Spor,Global,Uluslararası,Türk Sporcu Var,Doğrulanacak,Sürekli,Turnuva,Jenerik,Bilgi,Lig/Organizasyon,Jenerik,Türkçe,Head,jen,12100,LOW,0,0.03,,,evet,12100,14800,12100,14800,9900,9900,8100,8100,9900,9900,12100,12100,12100,12100,12100,12100,9900,8100,9900,9900,9900,12100,14800,22200,18100,18100,18100,9900,12100,22200,9900,hayır,,,Geçerli,Ana Liste
güreş canlı izle,Güreş,Dövüş Sporları,Bireysel Sıralama Serisi,Milli,Orta,Karma,Bireysel,Bireysel Spor,Global,Uluslararası,Türk Sporcu Var,Doğrulanacak,Sürekli,Turnuva,Canlı İzle,İzleme,Lig/Organizasyon,Jenerik,Türkçe,Body,izle,50,LOW,0,,,,evet,260,110,110,50,10,10,10,10,0,10,70,90,210,50,50,10,0,10,10,10,10,10,30,40,210,90,40,10,0,20,10,hayır,,,Geçerli,Ana Liste
kickboks,Kickboks,Dövüş Sporları,Bireysel Sıralama Serisi,Kıta Üstü,Niş,Karma,Bireysel,Bireysel Spor,Global,Uluslararası,Türk Sporcu Var,Doğrulanacak,Sürekli,Tek Etkinlik,Jenerik,Bilgi,Lig/Organizasyon,Jenerik,İngilizce,Head,jen,33100,LOW,8,0.27,0.15,1.01,evet,33100,33100,33100,40500,40500,33100,33100,33100,33100,33100,33100,27100,33100,33100,27100,27100,27100,33100,40500,40500,40500,33100,33100,33100,40500,74000,40500,33100,40500,40500,49500,hayır,,,Geçerli,Ana Liste
kickboks canlı izle,Kickboks,Dövüş Sporları,Bireysel Sıralama Serisi,Kıta Üstü,Niş,Karma,Bireysel,Bireysel Spor,Global,Uluslararası,Türk Sporcu Var,Doğrulanacak,Sürekli,Tek Etkinlik,Canlı İzle,İzleme,Lig/Organizasyon,Jenerik,Türkçe,Body,izle,20,LOW,10,,,,evet,10,10,20,20,20,10,10,20,20,10,10,20,20,10,10,20,10,10,10,10,10,10,10,10,10,10,10,10,10,10,10,hayır,,,Geçerli,Ana Liste
judo,Judo,Dövüş Sporları,Bireysel Sıralama Serisi,Milli,Niş,Karma,Bireysel,Bireysel Spor,Global,Uluslararası,Türk Sporcu Var,Doğrulanacak,Sürekli,Turnuva,Jenerik,Bilgi,Lig/Organizasyon,Jenerik,İngilizce,Head,jen,14800,LOW,1,0.12,0.16,2.52,evet,14800,14800,14800,18100,14800,14800,14800,14800,14800,22200,12100,12100,14800,14800,14800,14800,12100,14800,18100,22200,18100,18100,14800,18100,22200,12100,14800,14800,14800,14800,18100,hayır,,,Geçerli,Ana Liste
taekwondo,Taekwondo,Dövüş Sporları,Bireysel Sıralama Serisi,Milli,Niş,Karma,Bireysel,Bireysel Spor,Global,Uluslararası,Türk Sporcu Var,Doğrulanacak,Sürekli,Turnuva,Jenerik,Bilgi,Lig/Organizasyon,Jenerik,İngilizce,Head,jen,33100,LOW,2,0.18,0.15,0.73,evet,27100,33100,27100,27100,27100,33100,40500,33100,33100,33100,40500,33100,33100,27100,33100,33100,27100,33100,49500,40500,33100,33100,33100,40500,33100,27100,27100,22200,22200,27100,33100,hayır,,,Geçerli,Ana Liste
formula 1,Formula 1,Motor Sporları,Bireysel Sıralama Serisi,1. Seviye,Global Elit,Erkek,Bireysel,Bireysel Spor,Global,Uluslararası,Yok,TV+ Yok,Yıllık,Yarış Takvimi,Jenerik,Bilgi,Lig/Organizasyon,Jenerik,İngilizce,Head,jen,368000,LOW,6,0.35,0.17,0.62,evet,550000,450000,450000,246000,550000,165000,135000,368000,550000,550000,368000,368000,450000,450000,450000,450000,450000,110000,90500,201000,301000,301000,368000,246000,368000,301000,368000,246000,368000,201000,74000,hayır,,,Geçerli,Ana Liste
formula 1 puan durumu,Formula 1,Motor Sporları,Bireysel Sıralama Serisi,1. Seviye,Global Elit,Erkek,Bireysel,Bireysel Spor,Global,Uluslararası,Yok,TV+ Yok,Yıllık,Yarış Takvimi,Puan Durumu,Bilgi,Lig/Organizasyon,Jenerik,İngilizce,Body,pd,8100,LOW,1,0.21,0.14,0.18,evet,9900,8100,6600,3600,5400,880,1000,12100,18100,14800,6600,5400,6600,8100,8100,9900,6600,720,720,4400,8100,8100,12100,3600,8100,4400,5400,2900,4400,880,480,hayır,,,Geçerli,Ana Liste
formula 1 canlı izle,Formula 1,Motor Sporları,Bireysel Sıralama Serisi,1. Seviye,Global Elit,Erkek,Bireysel,Bireysel Spor,Global,Uluslararası,Yok,TV+ Yok,Yıllık,Yarış Takvimi,Canlı İzle,İzleme,Lig/Organizasyon,Jenerik,Türkçe,Body,izle,4400,LOW,3,0.28,0.12,0.55,evet,6600,4400,3600,170,8100,320,140,5400,6600,6600,8100,8100,9900,6600,8100,8100,5400,390,90,5400,8100,5400,8100,3600,6600,8100,12100,4400,6600,720,40,hayır,,,Geçerli,Ana Liste
formula 1 hangi kanalda,Formula 1,Motor Sporları,Bireysel Sıralama Serisi,1. Seviye,Global Elit,Erkek,Bireysel,Bireysel Spor,Global,Uluslararası,Yok,TV+ Yok,Yıllık,Yarış Takvimi,Kanal/Yayın,İzleme,Lig/Organizasyon,Jenerik,İngilizce,Body,kan,14800,LOW,11,0.23,0.09,0.29,evet,12100,14800,14800,1900,33100,2400,1300,22200,14800,14800,12100,14800,22200,14800,22200,27100,40500,2400,1300,5400,12100,12100,22200,12100,18100,18100,33100,18100,60500,18100,1900,hayır,,,Geçerli,Ana Liste
formula 1 takvim,Formula 1,Motor Sporları,Bireysel Sıralama Serisi,1. Seviye,Global Elit,Erkek,Bireysel,Bireysel Spor,Global,Uluslararası,Yok,TV+ Yok,Yıllık,Yarış Takvimi,Takvim/Saat,Bilgi,Lig/Organizasyon,Jenerik,İngilizce,Body,tak,18100,LOW,5,0.09,0.02,0.16,evet,27100,22200,22200,12100,22200,5400,2900,9900,27100,27100,18100,18100,22200,22200,33100,27100,22200,4400,2900,9900,22200,22200,22200,14800,22200,22200,27100,18100,27100,6600,2400,hayır,,,Geçerli,Ana Liste
formula 1 sıralama,Formula 1,Motor Sporları,Bireysel Sıralama Serisi,1. Seviye,Global Elit,Erkek,Bireysel,Bireysel Spor,Global,Uluslararası,Yok,TV+ Yok,Yıllık,Yarış Takvimi,İstatistik,Bilgi,Lig/Organizasyon,Jenerik,Türkçe,Body,sir,1300,LOW,2,,0.16,0.19,evet,1300,1600,1300,590,1600,110,140,1900,1900,1900,1300,880,1000,1300,1600,1300,1300,90,90,480,1000,880,1000,590,1000,720,880,390,880,260,70,hayır,,,Geçerli,Ana Liste
formula 1 bilet,Formula 1,Motor Sporları,Bireysel Sıralama Serisi,1. Seviye,Global Elit,Erkek,Bireysel,Bireysel Spor,Global,Uluslararası,Yok,TV+ Yok,Yıllık,Yarış Takvimi,Bilet,Ticari,Lig/Organizasyon,Jenerik,İngilizce,Body,bil,480,MEDIUM,39,0.17,0.02,0.18,evet,320,320,880,2400,210,260,170,110,140,210,390,390,320,320,320,320,320,140,170,90,110,110,170,110,260,140,210,170,260,320,260,hayır,,,Geçerli,Ana Liste
f1,Formula 1,Motor Sporları,Bireysel Sıralama Serisi,1. Seviye,Global Elit,Erkek,Bireysel,Bireysel Spor,Global,Uluslararası,Yok,TV+ Yok,Yıllık,Yarış Takvimi,Jenerik,Bilgi,Lig/Organizasyon,Jenerik,İngilizce,Head,jen,368000,LOW,6,0.35,0.17,0.62,evet,550000,450000,450000,246000,550000,165000,135000,368000,550000,550000,368000,368000,450000,450000,450000,450000,450000,110000,90500,201000,301000,301000,368000,246000,368000,301000,368000,246000,368000,201000,74000,hayır,,,Geçerli,Ana Liste
f1 puan durumu,Formula 1,Motor Sporları,Bireysel Sıralama Serisi,1. Seviye,Global Elit,Erkek,Bireysel,Bireysel Spor,Global,Uluslararası,Yok,TV+ Yok,Yıllık,Yarış Takvimi,Puan Durumu,Bilgi,Lig/Organizasyon,Jenerik,İngilizce,Body,pd,40500,LOW,1,0.24,0.16,0.18,evet,40500,40500,33100,14800,33100,3600,5400,74000,90500,60500,40500,27100,40500,33100,40500,40500,27100,1900,2900,22200,33100,33100,40500,14800,33100,18100,27100,18100,27100,2900,1900,hayır,,,Geçerli,Ana Liste
f1 canlı izle,Formula 1,Motor Sporları,Bireysel Sıralama Serisi,1. Seviye,Global Elit,Erkek,Bireysel,Bireysel Spor,Global,Uluslararası,Yok,TV+ Yok,Yıllık,Yarış Takvimi,Canlı İzle,İzleme,Lig/Organizasyon,Jenerik,Türkçe,Body,izle,4400,LOW,3,0.28,0.12,0.55,evet,6600,4400,3600,170,8100,320,140,5400,6600,6600,8100,8100,9900,6600,8100,8100,5400,390,90,5400,8100,5400,8100,3600,6600,8100,12100,4400,6600,720,40,hayır,,,Geçerli,Ana Liste
f1 hangi kanalda,Formula 1,Motor Sporları,Bireysel Sıralama Serisi,1. Seviye,Global Elit,Erkek,Bireysel,Bireysel Spor,Global,Uluslararası,Yok,TV+ Yok,Yıllık,Yarış Takvimi,Kanal/Yayın,İzleme,Lig/Organizasyon,Jenerik,İngilizce,Body,kan,14800,LOW,11,0.23,0.09,0.29,evet,12100,14800,14800,1900,33100,2400,1300,22200,14800,14800,12100,14800,22200,14800,22200,27100,40500,2400,1300,5400,12100,12100,22200,12100,18100,18100,33100,18100,60500,18100,1900,hayır,,,Geçerli,Ana Liste
f1 takvim,Formula 1,Motor Sporları,Bireysel Sıralama Serisi,1. Seviye,Global Elit,Erkek,Bireysel,Bireysel Spor,Global,Uluslararası,Yok,TV+ Yok,Yıllık,Yarış Takvimi,Takvim/Saat,Bilgi,Lig/Organizasyon,Jenerik,İngilizce,Head,tak,49500,LOW,2,0.24,0.05,0.58,evet,60500,60500,60500,27100,74000,14800,6600,27100,74000,74000,49500,49500,60500,60500,74000,74000,60500,12100,5400,22200,60500,49500,49500,33100,49500,49500,60500,40500,60500,18100,3600,hayır,,,Geçerli,Ana Liste
f1 sıralama,Formula 1,Motor Sporları,Bireysel Sıralama Serisi,1. Seviye,Global Elit,Erkek,Bireysel,Bireysel Spor,Global,Uluslararası,Yok,TV+ Yok,Yıllık,Yarış Takvimi,İstatistik,Bilgi,Lig/Organizasyon,Jenerik,Türkçe,Head,sir,5400,LOW,2,0.4,0.16,0.31,evet,6600,6600,5400,2400,6600,480,590,8100,9900,8100,5400,4400,5400,5400,6600,6600,4400,320,320,1900,4400,3600,5400,2900,5400,2900,3600,1900,4400,1000,320,hayır,,,Geçerli,Ana Liste
f1 bilet,Formula 1,Motor Sporları,Bireysel Sıralama Serisi,1. Seviye,Global Elit,Erkek,Bireysel,Bireysel Spor,Global,Uluslararası,Yok,TV+ Yok,Yıllık,Yarış Takvimi,Bilet,Ticari,Lig/Organizasyon,Jenerik,İngilizce,Head,bil,590,MEDIUM,47,0.14,0.02,0.16,evet,260,320,880,2900,390,390,260,260,260,320,480,720,1000,720,480,480,390,210,210,170,210,170,260,170,260,210,320,210,320,320,110,hayır,,,Geçerli,Ana Liste
motogp,MotoGP,Motor Sporları,Bireysel Sıralama Serisi,1. Seviye,Üst,Erkek,Bireysel,Bireysel Spor,Global,Uluslararası,Yok,TV+ Var,Yıllık,Yarış Takvimi,Jenerik,Bilgi,Lig/Organizasyon,Jenerik,İngilizce,Head,jen,60500,LOW,3,0.58,0.16,0.63,evet,40500,90500,90500,74000,201000,74000,22200,22200,74000,60500,27100,27100,33100,60500,33100,27100,22200,8100,5400,6600,18100,22200,22200,22200,22200,18100,18100,22200,22200,6600,5400,hayır,,,Geçerli,Ana Liste
motogp puan durumu,MotoGP,Motor Sporları,Bireysel Sıralama Serisi,1. Seviye,Üst,Erkek,Bireysel,Bireysel Spor,Global,Uluslararası,Yok,TV+ Var,Yıllık,Yarış Takvimi,Puan Durumu,Bilgi,Lig/Organizasyon,Jenerik,İngilizce,Body,pd,8100,LOW,0,0.07,0.13,0.59,evet,8100,18100,22200,14800,22200,2900,880,1300,4400,8100,2900,2900,5400,6600,5400,2900,1300,170,140,480,2900,2900,2400,1900,2400,1300,1300,1600,1300,210,210,hayır,,,Geçerli,Ana Liste
motogp canlı izle,MotoGP,Motor Sporları,Bireysel Sıralama Serisi,1. Seviye,Üst,Erkek,Bireysel,Bireysel Spor,Global,Uluslararası,Yok,TV+ Var,Yıllık,Yarış Takvimi,Canlı İzle,İzleme,Lig/Organizasyon,Jenerik,Türkçe,Body,izle,2400,LOW,9,0.34,0.11,0.45,evet,880,2900,3600,1900,14800,2400,40,10,1600,210,320,260,480,1000,480,320,720,50,10,10,480,390,590,590,320,480,480,880,720,30,10,hayır,,,Geçerli,Ana Liste
motogp hangi kanalda,MotoGP,Motor Sporları,Bireysel Sıralama Serisi,1. Seviye,Üst,Erkek,Bireysel,Bireysel Spor,Global,Uluslararası,Yok,TV+ Var,Yıllık,Yarış Takvimi,Kanal/Yayın,İzleme,Lig/Organizasyon,Jenerik,İngilizce,Body,kan,5400,LOW,17,0.17,0.07,0.26,evet,1600,3600,6600,4400,22200,12100,1600,880,6600,3600,1900,1600,2400,3600,1900,1900,2900,480,90,110,880,720,1300,1300,720,880,1000,1900,2900,480,140,hayır,,,Geçerli,Ana Liste
motogp takvim,MotoGP,Motor Sporları,Bireysel Sıralama Serisi,1. Seviye,Üst,Erkek,Bireysel,Bireysel Spor,Global,Uluslararası,Yok,TV+ Var,Yıllık,Yarış Takvimi,Takvim/Saat,Bilgi,Lig/Organizasyon,Jenerik,İngilizce,Head,tak,14800,LOW,3,0.31,0.16,0.59,evet,12100,27100,27100,22200,49500,18100,5400,3600,12100,6600,5400,5400,6600,8100,4400,3600,4400,1300,390,390,3600,3600,4400,4400,2900,3600,4400,4400,4400,1300,590,hayır,,,Geçerli,Ana Liste
motogp sıralama,MotoGP,Motor Sporları,Bireysel Sıralama Serisi,1. Seviye,Üst,Erkek,Bireysel,Bireysel Spor,Global,Uluslararası,Yok,TV+ Var,Yıllık,Yarış Takvimi,İstatistik,Bilgi,Lig/Organizasyon,Jenerik,Türkçe,Head,sir,720,LOW,1,,,,evet,390,880,1000,720,2400,720,140,170,590,720,210,170,390,720,320,170,110,20,10,20,90,170,140,170,210,140,170,210,140,20,20,hayır,,,Geçerli,Ana Liste
moto2,Moto2,Motor Sporları,Bireysel Sıralama Serisi,2. Seviye,Niş,Erkek,Bireysel,Bireysel Spor,Global,Uluslararası,Türk Sporcu Var,Doğrulanacak,Yıllık,Yarış Takvimi,Jenerik,Bilgi,Lig/Organizasyon,Jenerik,İngilizce,Head,jen,590,LOW,1,,,,evet,170,390,590,390,1000,480,170,170,880,1600,720,590,3600,9900,720,1000,480,170,110,90,320,390,590,480,390,320,480,590,1000,140,110,hayır,,,Geçerli,Ana Liste
moto2 puan durumu,Moto2,Motor Sporları,Bireysel Sıralama Serisi,2. Seviye,Niş,Erkek,Bireysel,Bireysel Spor,Global,Uluslararası,Türk Sporcu Var,Doğrulanacak,Yıllık,Yarış Takvimi,Puan Durumu,Bilgi,Lig/Organizasyon,Jenerik,İngilizce,Body,pd,210,LOW,0,,,,evet,70,90,140,70,210,90,30,30,320,590,390,320,1600,2400,210,320,90,20,10,10,110,170,210,140,140,110,210,170,210,20,10,hayır,,,Geçerli,Ana Liste
moto2 takvim,Moto2,Motor Sporları,Bireysel Sıralama Serisi,2. Seviye,Niş,Erkek,Bireysel,Bireysel Spor,Global,Uluslararası,Türk Sporcu Var,Doğrulanacak,Yıllık,Yarış Takvimi,Takvim/Saat,Bilgi,Lig/Organizasyon,Jenerik,İngilizce,Head,tak,70,LOW,1,,,,evet,20,90,110,50,210,70,10,10,50,50,70,70,210,320,170,140,40,10,10,10,30,50,90,50,20,0,0,0,0,0,0,hayır,,,Geçerli,Ana Liste
moto3,Moto3,Motor Sporları,Bireysel Sıralama Serisi,Alt Seviye,Niş,Erkek,Bireysel,Bireysel Spor,Global,Uluslararası,Türk Sporcu Var,Doğrulanacak,Yıllık,Yarış Takvimi,Jenerik,Bilgi,Lig/Organizasyon,Jenerik,İngilizce,Head,jen,320,LOW,3,,,,evet,320,390,390,260,320,210,210,210,320,720,320,260,320,390,260,320,170,140,170,110,170,210,210,210,210,140,210,170,260,110,140,hayır,,,Geçerli,Ana Liste
moto3 puan durumu,Moto3,Motor Sporları,Bireysel Sıralama Serisi,Alt Seviye,Niş,Erkek,Bireysel,Bireysel Spor,Global,Uluslararası,Türk Sporcu Var,Doğrulanacak,Yıllık,Yarış Takvimi,Puan Durumu,Bilgi,Lig/Organizasyon,Jenerik,İngilizce,Body,pd,20,LOW,0,,,,evet,10,20,30,10,30,10,10,10,30,50,10,20,70,70,20,20,10,10,10,10,10,40,20,30,30,0,0,0,0,0,0,hayır,,,Geçerli,Ana Liste
moto3 takvim,Moto3,Motor Sporları,Bireysel Sıralama Serisi,Alt Seviye,Niş,Erkek,Bireysel,Bireysel Spor,Global,Uluslararası,Türk Sporcu Var,Doğrulanacak,Yıllık,Yarış Takvimi,Takvim/Saat,Bilgi,Lig/Organizasyon,Jenerik,İngilizce,Head,tak,,,,,,,hayir,,,,,,,,,,,,,,,,,,,,,,,,,,,,,,,,hayır,,,Geçerli,Ana Liste
wrc,WRC Ralli,Motor Sporları,Bireysel Sıralama Serisi,1. Seviye,Niş,Erkek,Bireysel,Bireysel Spor,Global,Uluslararası,Yok,Doğrulanacak,Yıllık,Yarış Takvimi,Jenerik,Bilgi,Lig/Organizasyon,Jenerik,İngilizce,Head,jen,2900,LOW,1,,,,evet,1900,2400,2900,2900,2900,2400,2900,2400,4400,2900,2400,3600,2900,2900,2900,2900,2900,2900,2900,1900,2900,2400,2900,2400,2400,2400,2900,2900,3600,2900,3600,hayır,,,Geçerli,Ana Liste
wrc takvim,WRC Ralli,Motor Sporları,Bireysel Sıralama Serisi,1. Seviye,Niş,Erkek,Bireysel,Bireysel Spor,Global,Uluslararası,Yok,Doğrulanacak,Yıllık,Yarış Takvimi,Takvim/Saat,Bilgi,Lig/Organizasyon,Jenerik,İngilizce,Head,tak,90,LOW,0,,,,evet,30,70,70,70,70,70,90,50,140,90,110,140,110,110,110,90,170,170,210,70,140,140,140,110,110,110,110,110,170,170,110,hayır,,,Geçerli,Ana Liste
wrc canlı izle,WRC Ralli,Motor Sporları,Bireysel Sıralama Serisi,1. Seviye,Niş,Erkek,Bireysel,Bireysel Spor,Global,Uluslararası,Yok,Doğrulanacak,Yıllık,Yarış Takvimi,Canlı İzle,İzleme,Lig/Organizasyon,Jenerik,Türkçe,Body,izle,10,LOW,6,,,,evet,10,10,20,20,20,20,20,10,20,10,10,20,10,10,10,20,20,10,10,0,10,10,10,10,10,10,20,20,10,30,30,hayır,,,Geçerli,Ana Liste
ralli,WRC Ralli,Motor Sporları,Bireysel Sıralama Serisi,1. Seviye,Niş,Erkek,Bireysel,Bireysel Spor,Global,Uluslararası,Yok,Doğrulanacak,Yıllık,Yarış Takvimi,Jenerik,Bilgi,Lig/Organizasyon,Jenerik,İngilizce,Head,jen,2400,LOW,0,,,,evet,1900,1900,2400,2400,1900,1900,2400,2900,2400,2400,2900,2900,2400,2400,2400,2900,2400,1900,1900,1900,2900,1900,1900,2400,5400,2400,2900,2900,3600,2400,2400,hayır,,,Geçerli,Ana Liste
ralli takvim,WRC Ralli,Motor Sporları,Bireysel Sıralama Serisi,1. Seviye,Niş,Erkek,Bireysel,Bireysel Spor,Global,Uluslararası,Yok,Doğrulanacak,Yıllık,Yarış Takvimi,Takvim/Saat,Bilgi,Lig/Organizasyon,Jenerik,İngilizce,Head,tak,,,,,,,hayir,,,,,,,,,,,,,,,,,,,,,,,,,,,,,,,,hayır,,,Geçerli,Ana Liste
ralli canlı izle,WRC Ralli,Motor Sporları,Bireysel Sıralama Serisi,1. Seviye,Niş,Erkek,Bireysel,Bireysel Spor,Global,Uluslararası,Yok,Doğrulanacak,Yıllık,Yarış Takvimi,Canlı İzle,İzleme,Lig/Organizasyon,Jenerik,Türkçe,Body,izle,10,LOW,0,,,,evet,10,10,10,10,10,10,10,0,0,10,10,0,10,10,0,10,10,10,0,0,0,10,0,10,10,0,10,0,10,10,0,hayır,,,Geçerli,Ana Liste
formula e,Formula E,Motor Sporları,Bireysel Sıralama Serisi,1. Seviye,Niş,Erkek,Bireysel,Bireysel Spor,Global,Uluslararası,Yok,Doğrulanacak,Yıllık,Yarış Takvimi,Jenerik,Bilgi,Lig/Organizasyon,Jenerik,İngilizce,Head,jen,1600,LOW,1,0.83,0.13,0.76,evet,1000,880,2400,1300,1900,1600,1600,1600,1300,1000,1000,1300,2400,1300,1900,1600,1000,880,1000,1000,720,720,590,720,1000,880,1600,2400,1600,880,1900,hayır,,,Geçerli,Ana Liste
formula e takvim,Formula E,Motor Sporları,Bireysel Sıralama Serisi,1. Seviye,Niş,Erkek,Bireysel,Bireysel Spor,Global,Uluslararası,Yok,Doğrulanacak,Yıllık,Yarış Takvimi,Takvim/Saat,Bilgi,Lig/Organizasyon,Jenerik,İngilizce,Body,tak,50,LOW,1,,,,evet,40,50,90,50,70,40,70,50,30,10,20,20,70,70,70,50,30,40,40,30,10,20,20,20,50,40,70,70,50,30,70,hayır,,,Geçerli,Ana Liste
superbike,Superbike,Motor Sporları,Bireysel Sıralama Serisi,1. Seviye,Niş,Erkek,Bireysel,Bireysel Spor,Global,Uluslararası,Türk Sporcu Var,Doğrulanacak,Yıllık,Yarış Takvimi,Jenerik,Bilgi,Lig/Organizasyon,Jenerik,İngilizce,Head,jen,8100,LOW,1,0.27,,,evet,880,1300,1900,1600,2900,1900,1000,1300,2900,40500,22200,9900,27100,14800,14800,12100,8100,3600,1300,1000,2400,14800,12100,14800,18100,6600,4400,8100,8100,2400,1300,hayır,,,Geçerli,Ana Liste
superbike puan durumu,Superbike,Motor Sporları,Bireysel Sıralama Serisi,1. Seviye,Niş,Erkek,Bireysel,Bireysel Spor,Global,Uluslararası,Türk Sporcu Var,Doğrulanacak,Yıllık,Yarış Takvimi,Puan Durumu,Bilgi,Lig/Organizasyon,Jenerik,İngilizce,Body,pd,4400,LOW,0,,,,evet,390,590,880,720,880,720,170,320,880,22200,18100,9900,22200,12100,12100,8100,2900,880,140,260,480,8100,9900,6600,9900,3600,2400,5400,4400,720,210,hayır,,,Geçerli,Ana Liste
superbike takvim,Superbike,Motor Sporları,Bireysel Sıralama Serisi,1. Seviye,Niş,Erkek,Bireysel,Bireysel Spor,Global,Uluslararası,Türk Sporcu Var,Doğrulanacak,Yıllık,Yarış Takvimi,Takvim/Saat,Bilgi,Lig/Organizasyon,Jenerik,İngilizce,Head,tak,1600,LOW,2,,,,evet,110,140,260,320,480,390,90,40,110,8100,6600,3600,5400,2400,4400,2900,1300,590,170,110,140,3600,3600,4400,3600,2400,1300,1900,1600,590,140,hayır,,,Geçerli,Ana Liste
wsbk,Superbike,Motor Sporları,Bireysel Sıralama Serisi,1. Seviye,Niş,Erkek,Bireysel,Bireysel Spor,Global,Uluslararası,Türk Sporcu Var,Doğrulanacak,Yıllık,Yarış Takvimi,Jenerik,Bilgi,Lig/Organizasyon,Jenerik,İngilizce,Head,jen,6600,LOW,2,0.5,0.33,0.71,evet,880,1600,3600,2400,2900,3600,1300,1000,2400,33100,22200,8100,22200,14800,18100,12100,12100,8100,2900,1300,1900,18100,18100,14800,18100,9900,4400,9900,9900,6600,2900,hayır,,,Geçerli,Ana Liste
wsbk puan durumu,Superbike,Motor Sporları,Bireysel Sıralama Serisi,1. Seviye,Niş,Erkek,Bireysel,Bireysel Spor,Global,Uluslararası,Türk Sporcu Var,Doğrulanacak,Yıllık,Yarış Takvimi,Puan Durumu,Bilgi,Lig/Organizasyon,Jenerik,İngilizce,Body,pd,1900,LOW,1,0.44,,,evet,210,320,480,390,390,260,40,90,170,9900,9900,3600,9900,5400,5400,3600,1900,720,70,70,170,5400,6600,2400,4400,1600,590,2400,1300,480,50,hayır,,,Geçerli,Ana Liste
wsbk takvim,Superbike,Motor Sporları,Bireysel Sıralama Serisi,1. Seviye,Niş,Erkek,Bireysel,Bireysel Spor,Global,Uluslararası,Türk Sporcu Var,Doğrulanacak,Yıllık,Yarış Takvimi,Takvim/Saat,Bilgi,Lig/Organizasyon,Jenerik,İngilizce,Head,tak,2400,LOW,2,0.1,,,evet,170,210,480,480,590,1000,260,140,260,12100,12100,4400,9900,4400,6600,5400,4400,2400,480,260,320,5400,5400,6600,6600,3600,1600,2900,2400,1300,320,hayır,,,Geçerli,Ana Liste
nascar,NASCAR,Motor Sporları,Bireysel Sıralama Serisi,1. Seviye,Niş,Erkek,Bireysel,Bireysel Spor,ABD,Yabancı,Yok,TV+ Yok,Yıllık,Yarış Takvimi,Jenerik,Bilgi,Lig/Organizasyon,Jenerik,İngilizce,Head,jen,5400,LOW,1,0.49,0.1,0.6,evet,4400,5400,6600,5400,5400,5400,4400,5400,5400,5400,5400,6600,6600,5400,5400,5400,4400,4400,3600,3600,4400,4400,4400,5400,6600,6600,6600,8100,6600,8100,4400,hayır,,,Geçerli,Ana Liste
nascar takvim,NASCAR,Motor Sporları,Bireysel Sıralama Serisi,1. Seviye,Niş,Erkek,Bireysel,Bireysel Spor,ABD,Yabancı,Yok,TV+ Yok,Yıllık,Yarış Takvimi,Takvim/Saat,Bilgi,Lig/Organizasyon,Jenerik,İngilizce,Head,tak,20,LOW,0,,,,evet,10,10,10,10,30,20,10,10,20,20,50,40,40,50,40,50,50,50,30,20,40,40,30,20,20,20,20,10,30,10,10,hayır,,,Geçerli,Ana Liste
le mans,Le Mans / WEC,Motor Sporları,Bireysel Sıralama Serisi,1. Seviye,Niş,Erkek,Bireysel,Bireysel Spor,Global,Uluslararası,Yok,Doğrulanacak,Yıllık,Tek Etkinlik,Jenerik,Bilgi,Lig/Organizasyon,Jenerik,İngilizce,Head,jen,4400,LOW,2,,0.2,2.17,evet,2900,8100,8100,3600,2900,5400,4400,4400,2900,4400,3600,4400,6600,22200,4400,4400,3600,3600,2900,2400,2900,2400,2900,3600,4400,12100,8100,5400,9900,4400,3600,hayır,,,Geçerli,Ana Liste
le mans canlı izle,Le Mans / WEC,Motor Sporları,Bireysel Sıralama Serisi,1. Seviye,Niş,Erkek,Bireysel,Bireysel Spor,Global,Uluslararası,Yok,Doğrulanacak,Yıllık,Tek Etkinlik,Canlı İzle,İzleme,Lig/Organizasyon,Jenerik,Türkçe,Body,izle,20,LOW,0,,,,evet,10,140,10,10,10,10,10,10,10,10,10,10,10,590,10,10,10,10,10,10,10,10,10,10,10,480,10,20,10,10,10,hayır,,,Geçerli,Ana Liste
wec,Le Mans / WEC,Motor Sporları,Bireysel Sıralama Serisi,1. Seviye,Niş,Erkek,Bireysel,Bireysel Spor,Global,Uluslararası,Yok,Doğrulanacak,Yıllık,Tek Etkinlik,Jenerik,Bilgi,Lig/Organizasyon,Jenerik,İngilizce,Head,jen,1900,LOW,1,,0.25,1.08,evet,1900,2400,2900,2400,1300,1000,1000,2900,1600,1000,1600,1000,1900,3600,1900,1600,880,1300,590,720,1000,720,1300,720,1000,1900,1300,1300,1900,1000,720,hayır,,,Geçerli,Ana Liste
wec canlı izle,Le Mans / WEC,Motor Sporları,Bireysel Sıralama Serisi,1. Seviye,Niş,Erkek,Bireysel,Bireysel Spor,Global,Uluslararası,Yok,Doğrulanacak,Yıllık,Tek Etkinlik,Canlı İzle,İzleme,Lig/Organizasyon,Jenerik,Türkçe,Body,izle,10,LOW,0,,,,evet,10,20,0,0,0,0,0,0,0,0,0,0,0,0,0,0,0,0,0,0,0,0,0,0,0,0,0,0,0,0,0,hayır,,,Geçerli,Ana Liste
wimbledon,Wimbledon,Tenis,Dünya Turnuvası,Kıta Üstü,Üst,Karma,Bireysel,Bireysel Spor,Global,Uluslararası,Türk Sporcu Var,TV+ Var,Yıllık,Turnuva,Jenerik,Bilgi,Lig/Organizasyon,Jenerik,İngilizce,Head,jen,60500,LOW,2,0.8,0.2,2.36,evet,450000,110000,9900,8100,22200,40500,22200,5400,14800,9900,9900,9900,823000,74000,9900,6600,5400,4400,5400,4400,4400,6600,8100,9900,450000,33100,6600,6600,5400,8100,6600,hayır,,,Geçerli,Ana Liste
wimbledon fikstür,Wimbledon,Tenis,Dünya Turnuvası,Kıta Üstü,Üst,Karma,Bireysel,Bireysel Spor,Global,Uluslararası,Türk Sporcu Var,TV+ Var,Yıllık,Turnuva,Fikstür,Bilgi,Lig/Organizasyon,Jenerik,Türkçe,Head,fik,210,LOW,1,,,,evet,1900,390,10,10,10,10,10,10,10,10,10,10,3600,210,10,10,10,10,10,10,10,0,10,10,4400,110,10,10,10,10,10,hayır,,,Geçerli,Ana Liste
wimbledon canlı izle,Wimbledon,Tenis,Dünya Turnuvası,Kıta Üstü,Üst,Karma,Bireysel,Bireysel Spor,Global,Uluslararası,Türk Sporcu Var,TV+ Var,Yıllık,Turnuva,Canlı İzle,İzleme,Lig/Organizasyon,Jenerik,Türkçe,Body,izle,260,LOW,16,0.29,0.13,0.4,evet,1900,720,10,10,10,10,20,10,0,10,20,10,3600,210,10,10,10,10,10,10,10,10,10,30,3600,140,10,10,10,10,10,hayır,,,Geçerli,Ana Liste
wimbledon hangi kanalda,Wimbledon,Tenis,Dünya Turnuvası,Kıta Üstü,Üst,Karma,Bireysel,Bireysel Spor,Global,Uluslararası,Türk Sporcu Var,TV+ Var,Yıllık,Turnuva,Kanal/Yayın,İzleme,Lig/Organizasyon,Jenerik,İngilizce,Body,kan,1000,LOW,14,0.19,0.07,0.27,evet,6600,5400,70,10,10,30,50,10,10,10,20,40,18100,4400,50,10,10,10,10,10,10,20,40,40,14800,1300,50,20,20,10,20,hayır,,,Geçerli,Ana Liste
wimbledon takvim,Wimbledon,Tenis,Dünya Turnuvası,Kıta Üstü,Üst,Karma,Bireysel,Bireysel Spor,Global,Uluslararası,Türk Sporcu Var,TV+ Var,Yıllık,Turnuva,Takvim/Saat,Bilgi,Lig/Organizasyon,Jenerik,İngilizce,Head,tak,70,LOW,1,0.28,,,evet,590,210,10,10,0,10,10,10,10,10,0,10,1600,140,10,0,10,10,10,10,10,10,10,0,590,40,10,10,10,10,10,hayır,,,Geçerli,Ana Liste
wimbledon bilet,Wimbledon,Tenis,Dünya Turnuvası,Kıta Üstü,Üst,Karma,Bireysel,Bireysel Spor,Global,Uluslararası,Türk Sporcu Var,TV+ Var,Yıllık,Turnuva,Bilet,Ticari,Lig/Organizasyon,Jenerik,İngilizce,Head,bil,70,MEDIUM,34,0.19,0.03,0.22,evet,170,170,70,40,50,50,50,20,20,20,40,50,880,210,50,40,40,30,30,10,20,20,20,20,480,70,40,30,20,10,30,hayır,,,Geçerli,Ana Liste
roland garros,Roland Garros,Tenis,Dünya Turnuvası,Kıta Üstü,Üst,Karma,Bireysel,Bireysel Spor,Global,Uluslararası,Türk Sporcu Var,TV+ Var,Yıllık,Turnuva,Jenerik,Bilgi,Lig/Organizasyon,Jenerik,İngilizce,Head,jen,60500,LOW,5,0.88,0.14,1.09,evet,6600,368000,301000,8100,5400,5400,5400,2400,1600,1600,4400,2900,12100,450000,135000,5400,3600,2400,4400,1900,1600,2400,3600,4400,9900,246000,110000,6600,4400,4400,3600,hayır,,,Geçerli,Ana Liste
roland garros fikstür,Roland Garros,Tenis,Dünya Turnuvası,Kıta Üstü,Üst,Karma,Bireysel,Bireysel Spor,Global,Uluslararası,Türk Sporcu Var,TV+ Var,Yıllık,Turnuva,Fikstür,Bilgi,Lig/Organizasyon,Jenerik,Türkçe,Body,fik,320,LOW,5,,,,evet,20,1900,1600,20,10,10,10,0,0,10,10,10,20,1600,480,10,10,10,10,0,10,10,10,10,50,2900,1300,10,10,10,10,hayır,,,Geçerli,Ana Liste
roland garros canlı izle,Roland Garros,Tenis,Dünya Turnuvası,Kıta Üstü,Üst,Karma,Bireysel,Bireysel Spor,Global,Uluslararası,Türk Sporcu Var,TV+ Var,Yıllık,Turnuva,Canlı İzle,İzleme,Lig/Organizasyon,Jenerik,Türkçe,Body,izle,140,LOW,5,,,,evet,10,880,720,10,10,10,10,10,10,0,10,10,10,1600,390,10,0,10,0,0,0,10,0,10,20,880,480,10,10,0,10,hayır,,,Geçerli,Ana Liste
roland garros hangi kanalda,Roland Garros,Tenis,Dünya Turnuvası,Kıta Üstü,Üst,Karma,Bireysel,Bireysel Spor,Global,Uluslararası,Türk Sporcu Var,TV+ Var,Yıllık,Turnuva,Kanal/Yayın,İzleme,Lig/Organizasyon,Jenerik,İngilizce,Body,kan,590,LOW,6,,,,evet,40,1600,5400,70,10,20,20,10,10,10,40,50,40,4400,1900,30,10,10,10,10,10,10,10,30,110,1900,2900,70,20,10,20,hayır,,,Geçerli,Ana Liste
roland garros takvim,Roland Garros,Tenis,Dünya Turnuvası,Kıta Üstü,Üst,Karma,Bireysel,Bireysel Spor,Global,Uluslararası,Türk Sporcu Var,TV+ Var,Yıllık,Turnuva,Takvim/Saat,Bilgi,Lig/Organizasyon,Jenerik,İngilizce,Body,tak,70,LOW,14,,,,evet,10,260,390,10,20,10,10,10,10,0,10,10,10,320,110,10,10,10,10,0,0,0,10,10,10,210,170,0,10,10,10,hayır,,,Geçerli,Ana Liste
roland garros bilet,Roland Garros,Tenis,Dünya Turnuvası,Kıta Üstü,Üst,Karma,Bireysel,Bireysel Spor,Global,Uluslararası,Türk Sporcu Var,TV+ Var,Yıllık,Turnuva,Bilet,Ticari,Lig/Organizasyon,Jenerik,İngilizce,Body,bil,50,MEDIUM,42,0.16,0.03,0.34,evet,20,70,170,70,70,70,40,10,10,10,10,10,50,480,140,50,40,20,20,10,10,10,10,10,20,70,90,20,40,10,20,hayır,,,Geçerli,Ana Liste
fransa açık,Roland Garros,Tenis,Dünya Turnuvası,Kıta Üstü,Üst,Karma,Bireysel,Bireysel Spor,Global,Uluslararası,Türk Sporcu Var,TV+ Var,Yıllık,Turnuva,Jenerik,Bilgi,Lig/Organizasyon,Jenerik,Türkçe,Head,jen,6600,LOW,1,,,,evet,720,40500,40500,1000,320,590,590,140,140,210,590,480,1900,60500,18100,720,390,260,720,170,170,210,170,390,1300,27100,12100,590,390,320,480,hayır,,,Geçerli,Ana Liste
fransa açık fikstür,Roland Garros,Tenis,Dünya Turnuvası,Kıta Üstü,Üst,Karma,Bireysel,Bireysel Spor,Global,Uluslararası,Türk Sporcu Var,TV+ Var,Yıllık,Turnuva,Fikstür,Bilgi,Lig/Organizasyon,Jenerik,Türkçe,Body,fik,40,LOW,2,,,,evet,10,320,210,10,0,10,10,10,10,10,10,10,10,390,170,10,0,10,10,0,10,10,10,10,20,480,170,10,0,0,0,hayır,,,Geçerli,Ana Liste
fransa açık canlı izle,Roland Garros,Tenis,Dünya Turnuvası,Kıta Üstü,Üst,Karma,Bireysel,Bireysel Spor,Global,Uluslararası,Türk Sporcu Var,TV+ Var,Yıllık,Turnuva,Canlı İzle,İzleme,Lig/Organizasyon,Jenerik,Türkçe,Body,izle,10,LOW,5,,,,evet,10,70,70,10,0,0,0,10,0,0,0,0,10,390,50,10,0,10,10,0,10,10,0,10,10,170,90,0,0,0,0,hayır,,,Geçerli,Ana Liste
fransa açık hangi kanalda,Roland Garros,Tenis,Dünya Turnuvası,Kıta Üstü,Üst,Karma,Bireysel,Bireysel Spor,Global,Uluslararası,Türk Sporcu Var,TV+ Var,Yıllık,Turnuva,Kanal/Yayın,İzleme,Lig/Organizasyon,Jenerik,Türkçe,Body,kan,110,LOW,2,,,,evet,10,320,880,10,10,10,10,10,10,10,10,10,10,1300,720,10,10,10,10,10,0,10,0,10,20,720,720,10,10,10,10,hayır,,,Geçerli,Ana Liste
fransa açık takvim,Roland Garros,Tenis,Dünya Turnuvası,Kıta Üstü,Üst,Karma,Bireysel,Bireysel Spor,Global,Uluslararası,Türk Sporcu Var,TV+ Var,Yıllık,Turnuva,Takvim/Saat,Bilgi,Lig/Organizasyon,Jenerik,Türkçe,Body,tak,,,,,,,hayir,,,,,,,,,,,,,,,,,,,,,,,,,,,,,,,,hayır,,,Geçerli,Ana Liste
fransa açık bilet,Roland Garros,Tenis,Dünya Turnuvası,Kıta Üstü,Üst,Karma,Bireysel,Bireysel Spor,Global,Uluslararası,Türk Sporcu Var,TV+ Var,Yıllık,Turnuva,Bilet,Ticari,Lig/Organizasyon,Jenerik,Türkçe,Body,bil,,,,,,,hayir,,,,,,,,,,,,,,,,,,,,,,,,,,,,,,,,hayır,,,Geçerli,Ana Liste
us open tenis,US Open,Tenis,Dünya Turnuvası,Kıta Üstü,Üst,Karma,Bireysel,Bireysel Spor,Global,Uluslararası,Türk Sporcu Var,TV+ Var,Yıllık,Turnuva,Jenerik,Bilgi,Lig/Organizasyon,Jenerik,İngilizce,Body,jen,2900,LOW,29,0.69,0.14,1.1,evet,140,110,70,50,50,70,140,30,50,110,18100,14800,590,260,90,70,70,50,140,50,40,70,6600,5400,210,210,110,110,90,50,170,hayır,,,Geçerli,Ana Liste
us open tenis fikstür,US Open,Tenis,Dünya Turnuvası,Kıta Üstü,Üst,Karma,Bireysel,Bireysel Spor,Global,Uluslararası,Türk Sporcu Var,TV+ Var,Yıllık,Turnuva,Fikstür,Bilgi,Lig/Organizasyon,Jenerik,Türkçe,Body,fik,,,,,,,hayir,,,,,,,,,,,,,,,,,,,,,,,,,,,,,,,,hayır,,,Geçerli,Ana Liste
us open tenis canlı izle,US Open,Tenis,Dünya Turnuvası,Kıta Üstü,Üst,Karma,Bireysel,Bireysel Spor,Global,Uluslararası,Türk Sporcu Var,TV+ Var,Yıllık,Turnuva,Canlı İzle,İzleme,Lig/Organizasyon,Jenerik,Türkçe,Long-tail,izle,,,,,,,hayir,,,,,,,,,,,,,,,,,,,,,,,,,,,,,,,,hayır,,,Geçerli,Ana Liste
us open tenis hangi kanalda,US Open,Tenis,Dünya Turnuvası,Kıta Üstü,Üst,Karma,Bireysel,Bireysel Spor,Global,Uluslararası,Türk Sporcu Var,TV+ Var,Yıllık,Turnuva,Kanal/Yayın,İzleme,Lig/Organizasyon,Jenerik,İngilizce,Long-tail,kan,10,LOW,0,,,,evet,10,0,0,0,0,10,10,0,0,0,30,40,0,0,0,0,0,0,0,0,0,0,0,0,0,0,0,0,0,0,0,hayır,,,Geçerli,Ana Liste
us open tenis takvim,US Open,Tenis,Dünya Turnuvası,Kıta Üstü,Üst,Karma,Bireysel,Bireysel Spor,Global,Uluslararası,Türk Sporcu Var,TV+ Var,Yıllık,Turnuva,Takvim/Saat,Bilgi,Lig/Organizasyon,Jenerik,İngilizce,Body,tak,,,,,,,hayir,,,,,,,,,,,,,,,,,,,,,,,,,,,,,,,,hayır,,,Geçerli,Ana Liste
us open tenis bilet,US Open,Tenis,Dünya Turnuvası,Kıta Üstü,Üst,Karma,Bireysel,Bireysel Spor,Global,Uluslararası,Türk Sporcu Var,TV+ Var,Yıllık,Turnuva,Bilet,Ticari,Lig/Organizasyon,Jenerik,İngilizce,Body,bil,,,,,,,hayir,,,,,,,,,,,,,,,,,,,,,,,,,,,,,,,,hayır,,,Geçerli,Ana Liste
avustralya açık,Avustralya Açık,Tenis,Dünya Turnuvası,Kıta Üstü,Üst,Karma,Bireysel,Bireysel Spor,Global,Uluslararası,Türk Sporcu Var,TV+ Var,Yıllık,Turnuva,Jenerik,Bilgi,Lig/Organizasyon,Jenerik,Türkçe,Head,jen,27100,LOW,0,,,,evet,1000,1000,1000,1000,880,40500,246000,1600,590,590,1600,1000,3600,2400,1000,880,880,1300,135000,1300,720,720,720,1300,1900,1900,880,590,720,1600,110000,hayır,,,Geçerli,Ana Liste
avustralya açık fikstür,Avustralya Açık,Tenis,Dünya Turnuvası,Kıta Üstü,Üst,Karma,Bireysel,Bireysel Spor,Global,Uluslararası,Türk Sporcu Var,TV+ Var,Yıllık,Turnuva,Fikstür,Bilgi,Lig/Organizasyon,Jenerik,Türkçe,Body,fik,260,LOW,0,,,,evet,10,10,10,10,10,140,2900,10,10,10,10,10,10,10,10,10,0,20,2900,10,10,10,10,10,10,20,10,10,10,20,3600,hayır,,,Geçerli,Ana Liste
avustralya açık canlı izle,Avustralya Açık,Tenis,Dünya Turnuvası,Kıta Üstü,Üst,Karma,Bireysel,Bireysel Spor,Global,Uluslararası,Türk Sporcu Var,TV+ Var,Yıllık,Turnuva,Canlı İzle,İzleme,Lig/Organizasyon,Jenerik,Türkçe,Body,izle,260,LOW,19,,,,evet,10,10,10,10,10,720,2400,10,10,10,10,10,10,40,10,10,10,10,720,10,10,10,10,0,10,10,10,10,10,10,1300,hayır,,,Geçerli,Ana Liste
avustralya açık hangi kanalda,Avustralya Açık,Tenis,Dünya Turnuvası,Kıta Üstü,Üst,Karma,Bireysel,Bireysel Spor,Global,Uluslararası,Türk Sporcu Var,TV+ Var,Yıllık,Turnuva,Kanal/Yayın,İzleme,Lig/Organizasyon,Jenerik,Türkçe,Body,kan,880,LOW,3,,,,evet,30,10,10,10,20,1600,8100,50,10,10,20,10,30,30,10,10,10,10,4400,70,10,10,10,10,10,10,20,10,10,30,4400,hayır,,,Geçerli,Ana Liste
avustralya açık takvim,Avustralya Açık,Tenis,Dünya Turnuvası,Kıta Üstü,Üst,Karma,Bireysel,Bireysel Spor,Global,Uluslararası,Türk Sporcu Var,TV+ Var,Yıllık,Turnuva,Takvim/Saat,Bilgi,Lig/Organizasyon,Jenerik,Türkçe,Body,tak,,,,,,,hayir,,,,,,,,,,,,,,,,,,,,,,,,,,,,,,,,hayır,,,Geçerli,Ana Liste
avustralya açık bilet,Avustralya Açık,Tenis,Dünya Turnuvası,Kıta Üstü,Üst,Karma,Bireysel,Bireysel Spor,Global,Uluslararası,Türk Sporcu Var,TV+ Var,Yıllık,Turnuva,Bilet,Ticari,Lig/Organizasyon,Jenerik,Türkçe,Body,bil,,,,,,,hayir,,,,,,,,,,,,,,,,,,,,,,,,,,,,,,,,hayır,,,Geçerli,Ana Liste
atp,ATP Tour,Tenis,Bireysel Sıralama Serisi,1. Seviye,Üst,Erkek,Bireysel,Bireysel Spor,Global,Uluslararası,Türk Sporcu Var,TV+ Var,Yıllık,Yarış Takvimi,Jenerik,Bilgi,Lig/Organizasyon,Jenerik,İngilizce,Head,jen,9900,LOW,4,0.31,0.16,0.68,evet,8100,9900,12100,9900,9900,8100,9900,6600,9900,12100,18100,8100,9900,9900,9900,9900,9900,8100,8100,5400,8100,9900,8100,8100,8100,8100,9900,9900,9900,6600,12100,hayır,,,Geçerli,Ana Liste
atp sıralama,ATP Tour,Tenis,Bireysel Sıralama Serisi,1. Seviye,Üst,Erkek,Bireysel,Bireysel Spor,Global,Uluslararası,Türk Sporcu Var,TV+ Var,Yıllık,Yarış Takvimi,İstatistik,Bilgi,Lig/Organizasyon,Jenerik,Türkçe,Head,sir,1300,LOW,1,,,,evet,1900,1900,1900,1300,1000,1000,1300,320,1600,1300,1600,1300,2900,2400,1600,1300,1000,1000,1600,320,880,1300,1300,1300,2400,1900,1000,1000,1000,590,1600,hayır,,,Geçerli,Ana Liste
atp takvim,ATP Tour,Tenis,Bireysel Sıralama Serisi,1. Seviye,Üst,Erkek,Bireysel,Bireysel Spor,Global,Uluslararası,Türk Sporcu Var,TV+ Var,Yıllık,Yarış Takvimi,Takvim/Saat,Bilgi,Lig/Organizasyon,Jenerik,İngilizce,Head,tak,110,LOW,4,,,,evet,170,140,170,170,170,110,90,40,110,110,110,70,170,140,140,110,140,70,170,30,40,90,70,90,110,140,140,170,140,70,210,hayır,,,Geçerli,Ana Liste
atp canlı izle,ATP Tour,Tenis,Bireysel Sıralama Serisi,1. Seviye,Üst,Erkek,Bireysel,Bireysel Spor,Global,Uluslararası,Türk Sporcu Var,TV+ Var,Yıllık,Yarış Takvimi,Canlı İzle,İzleme,Lig/Organizasyon,Jenerik,Türkçe,Body,izle,10,LOW,12,,,,evet,10,10,10,10,20,10,10,10,10,20,10,10,10,10,10,20,20,10,20,10,10,10,30,30,30,10,10,20,10,10,10,hayır,,,Geçerli,Ana Liste
wta,WTA Tour,Tenis,Bireysel Sıralama Serisi,1. Seviye,Orta,Kadın,Bireysel,Bireysel Spor,Global,Uluslararası,Türk Sporcu Var,TV+ Var,Yıllık,Yarış Takvimi,Jenerik,Bilgi,Lig/Organizasyon,Jenerik,İngilizce,Head,jen,5400,LOW,1,0.17,0.13,0.49,evet,5400,8100,6600,6600,5400,6600,6600,1900,2900,5400,5400,5400,6600,5400,5400,4400,6600,5400,4400,1900,9900,4400,4400,4400,4400,6600,6600,4400,5400,4400,4400,hayır,,,Geçerli,Ana Liste
wta sıralama,WTA Tour,Tenis,Bireysel Sıralama Serisi,1. Seviye,Orta,Kadın,Bireysel,Bireysel Spor,Global,Uluslararası,Türk Sporcu Var,TV+ Var,Yıllık,Yarış Takvimi,İstatistik,Bilgi,Lig/Organizasyon,Jenerik,Türkçe,Head,sir,1300,LOW,1,,0.34,0.41,evet,1600,2400,1900,1600,1000,1300,1900,210,590,1000,1000,1300,2900,1600,1000,880,1000,880,1000,260,1000,1000,1000,720,1000,1000,880,480,480,590,1000,hayır,,,Geçerli,Ana Liste
wta takvim,WTA Tour,Tenis,Bireysel Sıralama Serisi,1. Seviye,Orta,Kadın,Bireysel,Bireysel Spor,Global,Uluslararası,Türk Sporcu Var,TV+ Var,Yıllık,Yarış Takvimi,Takvim/Saat,Bilgi,Lig/Organizasyon,Jenerik,İngilizce,Head,tak,,,,,,,hayir,,,,,,,,,,,,,,,,,,,,,,,,,,,,,,,,hayır,,,Geçerli,Ana Liste
wta canlı izle,WTA Tour,Tenis,Bireysel Sıralama Serisi,1. Seviye,Orta,Kadın,Bireysel,Bireysel Spor,Global,Uluslararası,Türk Sporcu Var,TV+ Var,Yıllık,Yarış Takvimi,Canlı İzle,İzleme,Lig/Organizasyon,Jenerik,Türkçe,Body,izle,90,LOW,9,0.24,0.04,0.16,evet,70,90,170,140,140,140,50,40,70,50,90,110,140,140,140,70,90,50,90,30,40,50,90,50,70,70,170,140,90,110,70,hayır,,,Geçerli,Ana Liste
atp finals,ATP Finals,Tenis,Dünya Turnuvası,Kıta Üstü,Orta,Erkek,Bireysel,Bireysel Spor,Global,Uluslararası,Yok,Doğrulanacak,Yıllık,Tek Etkinlik,Jenerik,Bilgi,Lig/Organizasyon,Jenerik,İngilizce,Head,jen,2900,LOW,17,1.88,0.25,1.3,evet,140,170,210,170,110,170,210,210,33100,390,260,210,320,260,170,90,140,90,110,110,14800,320,210,170,170,110,170,110,90,110,210,hayır,,,Geçerli,Ana Liste
atp finals canlı izle,ATP Finals,Tenis,Dünya Turnuvası,Kıta Üstü,Orta,Erkek,Bireysel,Bireysel Spor,Global,Uluslararası,Yok,Doğrulanacak,Yıllık,Tek Etkinlik,Canlı İzle,İzleme,Lig/Organizasyon,Jenerik,Türkçe,Body,izle,,,,,,,hayir,,,,,,,,,,,,,,,,,,,,,,,,,,,,,,,,hayır,,,Geçerli,Ana Liste
davis cup,Davis Cup,Tenis,Dünya Turnuvası,Milli,Niş,Erkek,Milli Takım,Bireysel Spor,Global,Uluslararası,Türk Sporcu Var,Doğrulanacak,Yıllık,Turnuva,Jenerik,Bilgi,Lig/Organizasyon,Jenerik,İngilizce,Head,jen,720,LOW,8,0.68,0.1,0.8,evet,320,480,170,110,140,1000,210,140,2900,320,2400,210,390,390,110,140,140,4400,1000,210,9900,1900,4400,390,210,170,170,110,320,720,260,hayır,,,Geçerli,Ana Liste
davis cup canlı izle,Davis Cup,Tenis,Dünya Turnuvası,Milli,Niş,Erkek,Milli Takım,Bireysel Spor,Global,Uluslararası,Türk Sporcu Var,Doğrulanacak,Yıllık,Turnuva,Canlı İzle,İzleme,Lig/Organizasyon,Jenerik,Türkçe,Body,izle,10,,,,,,evet,0,0,0,0,0,10,10,0,20,0,10,0,0,0,0,10,0,40,10,0,110,10,20,0,0,0,0,0,0,10,0,hayır,,,Geçerli,Ana Liste
olimpiyat,Yaz Olimpiyatları,Diğer,Dünya Turnuvası,Milli,Global Elit,Karma,Milli Takım,Takım Sporu,Global,Uluslararası,Türk Sporcu Var,Doğrulanacak,4 Yılda Bir,Turnuva,Jenerik,Bilgi,Lig/Organizasyon,Jenerik,İngilizce,Head,jen,12100,LOW,3,0.06,0.09,2,evet,12100,12100,18100,9900,9900,22200,9900,9900,8100,8100,8100,8100,8100,8100,8100,8100,8100,8100,8100,8100,8100,9900,9900,201000,74000,12100,14800,12100,12100,9900,8100,hayır,,,Geçerli,Ana Liste
olimpiyat puan durumu,Yaz Olimpiyatları,Diğer,Dünya Turnuvası,Milli,Global Elit,Karma,Milli Takım,Takım Sporu,Global,Uluslararası,Türk Sporcu Var,Doğrulanacak,4 Yılda Bir,Turnuva,Puan Durumu,Bilgi,Lig/Organizasyon,Jenerik,İngilizce,Body,pd,10,LOW,0,,,,evet,10,10,10,10,10,20,10,10,10,10,10,10,10,10,10,10,10,10,10,20,10,20,70,1600,590,30,40,20,10,10,10,hayır,,,Geçerli,Ana Liste
olimpiyat takvim,Yaz Olimpiyatları,Diğer,Dünya Turnuvası,Milli,Global Elit,Karma,Milli Takım,Takım Sporu,Global,Uluslararası,Türk Sporcu Var,Doğrulanacak,4 Yılda Bir,Turnuva,Takvim/Saat,Bilgi,Lig/Organizasyon,Jenerik,İngilizce,Head,tak,90,LOW,0,,,,evet,20,20,30,10,20,720,40,10,10,10,40,30,20,30,20,20,20,10,20,20,20,50,110,40500,27100,390,260,70,40,70,40,hayır,,,Geçerli,Ana Liste
olimpiyat canlı izle,Yaz Olimpiyatları,Diğer,Dünya Turnuvası,Milli,Global Elit,Karma,Milli Takım,Takım Sporu,Global,Uluslararası,Türk Sporcu Var,Doğrulanacak,4 Yılda Bir,Turnuva,Canlı İzle,İzleme,Lig/Organizasyon,Jenerik,Türkçe,Body,izle,140,LOW,0,,,,evet,10,10,40,10,10,1600,20,10,10,10,10,10,10,10,10,10,10,20,10,10,20,50,90,22200,18100,30,20,10,10,10,10,hayır,,,Geçerli,Ana Liste
olimpiyat oyunları,Yaz Olimpiyatları,Diğer,Dünya Turnuvası,Milli,Global Elit,Karma,Milli Takım,Takım Sporu,Global,Uluslararası,Türk Sporcu Var,Doğrulanacak,4 Yılda Bir,Turnuva,Jenerik,Bilgi,Lig/Organizasyon,Jenerik,Türkçe,Head,jen,1900,LOW,1,,0.21,0.66,evet,880,720,1000,1600,880,14800,1000,1000,720,590,720,480,590,720,880,1000,1000,1600,1000,1600,1300,1000,6600,60500,49500,2400,3600,3600,8100,3600,1600,hayır,,,Geçerli,Ana Liste
olimpiyat oyunları puan durumu,Yaz Olimpiyatları,Diğer,Dünya Turnuvası,Milli,Global Elit,Karma,Milli Takım,Takım Sporu,Global,Uluslararası,Türk Sporcu Var,Doğrulanacak,4 Yılda Bir,Turnuva,Puan Durumu,Bilgi,Lig/Organizasyon,Jenerik,Türkçe,Body,pd,10,,,,,,evet,0,0,0,0,0,10,0,0,0,0,0,0,10,10,10,0,0,10,10,0,0,0,10,110,50,10,10,0,0,0,0,hayır,,,Geçerli,Ana Liste
olimpiyat oyunları takvim,Yaz Olimpiyatları,Diğer,Dünya Turnuvası,Milli,Global Elit,Karma,Milli Takım,Takım Sporu,Global,Uluslararası,Türk Sporcu Var,Doğrulanacak,4 Yılda Bir,Turnuva,Takvim/Saat,Bilgi,Lig/Organizasyon,Jenerik,Türkçe,Body,tak,10,,,,,,evet,0,0,10,0,10,10,0,0,0,0,0,10,0,0,0,0,0,0,0,10,0,10,10,110,110,0,0,0,0,0,0,hayır,,,Geçerli,Ana Liste
olimpiyat oyunları canlı izle,Yaz Olimpiyatları,Diğer,Dünya Turnuvası,Milli,Global Elit,Karma,Milli Takım,Takım Sporu,Global,Uluslararası,Türk Sporcu Var,Doğrulanacak,4 Yılda Bir,Turnuva,Canlı İzle,İzleme,Lig/Organizasyon,Jenerik,Türkçe,Body,izle,10,,,,,,evet,0,0,0,0,0,70,0,0,0,0,0,0,0,10,10,0,10,10,10,10,10,0,10,720,590,10,0,10,10,10,10,hayır,,,Geçerli,Ana Liste
kış olimpiyatları,Kış Olimpiyatları,Kış Sporları,Dünya Turnuvası,Milli,Üst,Karma,Milli Takım,Takım Sporu,Global,Uluslararası,Türk Sporcu Var,Doğrulanacak,4 Yılda Bir,Turnuva,Jenerik,Bilgi,Lig/Organizasyon,Jenerik,Türkçe,Head,jen,18100,LOW,0,,,,evet,880,720,1000,1600,4400,201000,5400,1600,880,720,720,3600,480,480,480,590,880,1300,1300,1300,720,590,720,8100,3600,590,720,590,880,1300,1600,hayır,,,Geçerli,Ana Liste
kış olimpiyatları takvim,Kış Olimpiyatları,Kış Sporları,Dünya Turnuvası,Milli,Üst,Karma,Milli Takım,Takım Sporu,Global,Uluslararası,Türk Sporcu Var,Doğrulanacak,4 Yılda Bir,Turnuva,Takvim/Saat,Bilgi,Lig/Organizasyon,Jenerik,Türkçe,Body,tak,30,,,,,,evet,0,0,0,0,10,320,0,0,0,0,0,0,0,0,0,0,0,0,0,0,0,0,0,0,0,0,0,0,0,0,0,hayır,,,Geçerli,Ana Liste
kış olimpiyatları canlı izle,Kış Olimpiyatları,Kış Sporları,Dünya Turnuvası,Milli,Üst,Karma,Milli Takım,Takım Sporu,Global,Uluslararası,Türk Sporcu Var,Doğrulanacak,4 Yılda Bir,Turnuva,Canlı İzle,İzleme,Lig/Organizasyon,Jenerik,Türkçe,Body,izle,170,,,,,,evet,0,0,10,0,10,1900,10,0,0,0,0,0,0,0,0,0,10,0,0,0,0,0,0,0,0,0,0,0,0,10,10,hayır,,,Geçerli,Ana Liste
paralimpik,Paralimpik Oyunlar,Diğer,Dünya Turnuvası,Milli,Niş,Karma,Milli Takım,Takım Sporu,Global,Uluslararası,Türk Sporcu Var,Doğrulanacak,4 Yılda Bir,Turnuva,Jenerik,Bilgi,Lig/Organizasyon,Jenerik,İngilizce,Head,jen,1900,LOW,0,,,,evet,720,1300,3600,2400,5400,1300,880,1900,880,2400,2400,880,1000,1000,1600,880,1300,720,720,1000,590,1300,49500,18100,2400,720,1300,880,1600,1000,1000,hayır,,,Geçerli,Ana Liste
paralimpik canlı izle,Paralimpik Oyunlar,Diğer,Dünya Turnuvası,Milli,Niş,Karma,Milli Takım,Takım Sporu,Global,Uluslararası,Türk Sporcu Var,Doğrulanacak,4 Yılda Bir,Turnuva,Canlı İzle,İzleme,Lig/Organizasyon,Jenerik,Türkçe,Body,izle,,,,,,,hayir,,,,,,,,,,,,,,,,,,,,,,,,,,,,,,,,hayır,,,Geçerli,Ana Liste
nfl,NFL,Amerikan Futbolu,Lig,1. Seviye,Üst,Erkek,Kulüp,Takım Sporu,ABD,Yabancı,Yok,TV+ Yok,Yıllık,Sürekli Lig,Jenerik,Bilgi,Lig/Organizasyon,Jenerik,İngilizce,Head,jen,22200,LOW,4,0.38,0.17,0.69,evet,6600,9900,8100,6600,8100,18100,49500,40500,40500,40500,49500,12100,6600,5400,6600,6600,6600,18100,40500,33100,27100,27100,33100,9900,5400,5400,6600,6600,6600,18100,49500,hayır,,,Geçerli,Ana Liste
nfl puan durumu,NFL,Amerikan Futbolu,Lig,1. Seviye,Üst,Erkek,Kulüp,Takım Sporu,ABD,Yabancı,Yok,TV+ Yok,Yıllık,Sürekli Lig,Puan Durumu,Bilgi,Lig/Organizasyon,Jenerik,İngilizce,Body,pd,320,LOW,0,,,,evet,140,320,390,390,210,170,480,590,480,390,390,90,140,320,320,320,260,480,1300,1000,880,880,590,260,140,260,320,320,320,720,1000,hayır,,,Geçerli,Ana Liste
nfl fikstür,NFL,Amerikan Futbolu,Lig,1. Seviye,Üst,Erkek,Kulüp,Takım Sporu,ABD,Yabancı,Yok,TV+ Yok,Yıllık,Sürekli Lig,Fikstür,Bilgi,Lig/Organizasyon,Jenerik,Türkçe,Head,fik,170,LOW,12,,,,evet,20,10,30,30,30,70,390,320,260,260,480,110,30,50,30,20,30,210,880,720,590,590,720,170,40,20,30,30,40,210,880,hayır,,,Geçerli,Ana Liste
nfl canlı izle,NFL,Amerikan Futbolu,Lig,1. Seviye,Üst,Erkek,Kulüp,Takım Sporu,ABD,Yabancı,Yok,TV+ Yok,Yıllık,Sürekli Lig,Canlı İzle,İzleme,Lig/Organizasyon,Jenerik,Türkçe,Body,izle,70,LOW,14,,,,evet,10,10,10,10,10,260,110,90,70,40,110,10,10,10,10,10,10,260,210,90,90,70,110,20,10,10,10,10,10,170,210,hayır,,,Geçerli,Ana Liste
nfl hangi kanalda,NFL,Amerikan Futbolu,Lig,1. Seviye,Üst,Erkek,Kulüp,Takım Sporu,ABD,Yabancı,Yok,TV+ Yok,Yıllık,Sürekli Lig,Kanal/Yayın,İzleme,Lig/Organizasyon,Jenerik,İngilizce,Body,kan,70,LOW,11,,,,evet,10,10,10,10,10,170,170,70,110,90,170,90,30,10,20,10,10,210,210,90,90,90,210,90,30,20,20,20,10,110,170,hayır,,,Geçerli,Ana Liste
super bowl,NFL,Amerikan Futbolu,Lig,1. Seviye,Üst,Erkek,Kulüp,Takım Sporu,ABD,Yabancı,Yok,TV+ Yok,Yıllık,Sürekli Lig,Jenerik,Bilgi,Lig/Organizasyon,Jenerik,İngilizce,Head,jen,18100,LOW,3,0.2,0.09,0.58,evet,4400,4400,4400,5400,22200,165000,18100,3600,12100,8100,2400,1900,1900,2400,2900,2900,4400,90500,9900,3600,6600,2900,4400,1900,2900,2900,3600,2900,4400,90500,9900,hayır,,,Geçerli,Ana Liste
super bowl puan durumu,NFL,Amerikan Futbolu,Lig,1. Seviye,Üst,Erkek,Kulüp,Takım Sporu,ABD,Yabancı,Yok,TV+ Yok,Yıllık,Sürekli Lig,Puan Durumu,Bilgi,Lig/Organizasyon,Jenerik,İngilizce,Body,pd,,,,,,,hayir,,,,,,,,,,,,,,,,,,,,,,,,,,,,,,,,hayır,,,Geçerli,Ana Liste
super bowl fikstür,NFL,Amerikan Futbolu,Lig,1. Seviye,Üst,Erkek,Kulüp,Takım Sporu,ABD,Yabancı,Yok,TV+ Yok,Yıllık,Sürekli Lig,Fikstür,Bilgi,Lig/Organizasyon,Jenerik,Türkçe,Body,fik,,,,,,,hayir,,,,,,,,,,,,,,,,,,,,,,,,,,,,,,,,hayır,,,Geçerli,Ana Liste
super bowl canlı izle,NFL,Amerikan Futbolu,Lig,1. Seviye,Üst,Erkek,Kulüp,Takım Sporu,ABD,Yabancı,Yok,TV+ Yok,Yıllık,Sürekli Lig,Canlı İzle,İzleme,Lig/Organizasyon,Jenerik,Türkçe,Body,izle,90,LOW,0,,,,evet,10,10,0,10,10,1000,10,10,10,10,10,0,0,0,10,0,10,1000,10,10,0,0,10,10,0,0,10,0,0,880,10,hayır,,,Geçerli,Ana Liste
super bowl hangi kanalda,NFL,Amerikan Futbolu,Lig,1. Seviye,Üst,Erkek,Kulüp,Takım Sporu,ABD,Yabancı,Yok,TV+ Yok,Yıllık,Sürekli Lig,Kanal/Yayın,İzleme,Lig/Organizasyon,Jenerik,İngilizce,Body,kan,260,,,,,,evet,0,10,10,10,10,2900,40,10,10,10,0,10,10,10,10,10,10,5400,40,10,10,10,10,10,10,10,10,10,10,3600,30,hayır,,,Geçerli,Ana Liste
mlb,MLB,Beyzbol,Lig,1. Seviye,Niş,Erkek,Kulüp,Takım Sporu,ABD,Yabancı,Yok,TV+ Yok,Yıllık,Sürekli Lig,Jenerik,Bilgi,Lig/Organizasyon,Jenerik,İngilizce,Head,jen,5400,LOW,5,0.33,0.17,0.76,evet,5400,5400,6600,5400,4400,2900,2400,2400,4400,14800,8100,6600,5400,6600,5400,5400,3600,2400,2400,1900,2400,9900,5400,4400,4400,4400,4400,4400,3600,2400,2400,hayır,,,Geçerli,Ana Liste
mlb puan durumu,MLB,Beyzbol,Lig,1. Seviye,Niş,Erkek,Kulüp,Takım Sporu,ABD,Yabancı,Yok,TV+ Yok,Yıllık,Sürekli Lig,Puan Durumu,Bilgi,Lig/Organizasyon,Jenerik,İngilizce,Body,pd,70,LOW,0,,,,evet,70,90,110,70,50,40,40,30,30,70,90,50,50,70,70,50,40,30,20,10,10,40,30,40,50,50,90,70,20,30,20,hayır,,,Geçerli,Ana Liste
mlb canlı izle,MLB,Beyzbol,Lig,1. Seviye,Niş,Erkek,Kulüp,Takım Sporu,ABD,Yabancı,Yok,TV+ Yok,Yıllık,Sürekli Lig,Canlı İzle,İzleme,Lig/Organizasyon,Jenerik,Türkçe,Body,izle,,,,,,,hayir,,,,,,,,,,,,,,,,,,,,,,,,,,,,,,,,hayır,,,Geçerli,Ana Liste
nhl,NHL,Buz Hokeyi,Lig,1. Seviye,Niş,Erkek,Kulüp,Takım Sporu,ABD,Yabancı,Yok,TV+ Yok,Yıllık,Sürekli Lig,Jenerik,Bilgi,Lig/Organizasyon,Jenerik,İngilizce,Head,jen,5400,LOW,2,0.2,0.17,0.91,evet,1900,5400,9900,8100,4400,4400,6600,5400,5400,5400,2900,2400,2400,5400,9900,6600,4400,3600,4400,4400,4400,5400,2400,1900,1900,6600,9900,6600,5400,4400,4400,hayır,,,Geçerli,Ana Liste
nhl puan durumu,NHL,Buz Hokeyi,Lig,1. Seviye,Niş,Erkek,Kulüp,Takım Sporu,ABD,Yabancı,Yok,TV+ Yok,Yıllık,Sürekli Lig,Puan Durumu,Bilgi,Lig/Organizasyon,Jenerik,İngilizce,Body,pd,90,LOW,0,,,,evet,30,50,110,110,140,110,210,170,90,70,20,20,20,50,140,170,170,170,210,210,140,110,20,20,20,90,170,320,170,210,210,hayır,,,Geçerli,Ana Liste
nhl canlı izle,NHL,Buz Hokeyi,Lig,1. Seviye,Niş,Erkek,Kulüp,Takım Sporu,ABD,Yabancı,Yok,TV+ Yok,Yıllık,Sürekli Lig,Canlı İzle,İzleme,Lig/Organizasyon,Jenerik,Türkçe,Body,izle,10,LOW,21,0.27,,,evet,10,0,10,10,10,10,30,50,20,20,10,10,10,20,30,30,40,30,40,50,50,50,10,10,10,20,50,50,70,50,90,hayır,,,Geçerli,Ana Liste
buz hokeyi,NHL,Buz Hokeyi,Lig,1. Seviye,Niş,Erkek,Kulüp,Takım Sporu,ABD,Yabancı,Yok,TV+ Yok,Yıllık,Sürekli Lig,Jenerik,Bilgi,Lig/Organizasyon,Jenerik,İngilizce,Head,jen,9900,LOW,8,0.45,0.16,0.43,evet,5400,6600,9900,8100,9900,14800,14800,12100,9900,8100,6600,5400,4400,5400,8100,9900,12100,14800,14800,14800,12100,12100,8100,6600,5400,6600,9900,9900,12100,14800,14800,hayır,,,Geçerli,Ana Liste
buz hokeyi puan durumu,NHL,Buz Hokeyi,Lig,1. Seviye,Niş,Erkek,Kulüp,Takım Sporu,ABD,Yabancı,Yok,TV+ Yok,Yıllık,Sürekli Lig,Puan Durumu,Bilgi,Lig/Organizasyon,Jenerik,İngilizce,Body,pd,30,LOW,0,,,,evet,10,10,20,10,40,40,110,50,40,10,10,10,10,10,40,70,20,70,70,90,50,40,10,10,10,20,40,50,70,40,50,hayır,,,Geçerli,Ana Liste
buz hokeyi canlı izle,NHL,Buz Hokeyi,Lig,1. Seviye,Niş,Erkek,Kulüp,Takım Sporu,ABD,Yabancı,Yok,TV+ Yok,Yıllık,Sürekli Lig,Canlı İzle,İzleme,Lig/Organizasyon,Jenerik,Türkçe,Body,izle,390,LOW,5,,,,evet,30,30,140,210,390,480,720,590,720,480,590,320,260,260,880,880,1000,880,1000,1600,1900,1600,1000,880,880,880,1000,1600,2400,2400,2900,hayır,,,Geçerli,Ana Liste
tour de france,Tour de France,Bisiklet,Bireysel Sıralama Serisi,1. Seviye,Orta,Erkek,Bireysel,Bireysel Spor,Global,Uluslararası,Yok,Doğrulanacak,Yıllık,Yarış Takvimi,Jenerik,Bilgi,Lig/Organizasyon,Jenerik,İngilizce,Body,jen,8100,LOW,5,0.51,0.17,0.75,evet,22200,2900,1300,1600,18100,27100,8100,590,9900,8100,590,1000,27100,2400,1300,1000,880,720,590,590,590,1300,590,1300,27100,8100,2900,12100,880,880,720,hayır,,,Geçerli,Ana Liste
tour de france puan durumu,Tour de France,Bisiklet,Bireysel Sıralama Serisi,1. Seviye,Orta,Erkek,Bireysel,Bireysel Spor,Global,Uluslararası,Yok,Doğrulanacak,Yıllık,Yarış Takvimi,Puan Durumu,Bilgi,Lig/Organizasyon,Jenerik,İngilizce,Long-tail,pd,,,,,,,hayir,,,,,,,,,,,,,,,,,,,,,,,,,,,,,,,,hayır,,,Geçerli,Ana Liste
tour de france canlı izle,Tour de France,Bisiklet,Bireysel Sıralama Serisi,1. Seviye,Orta,Erkek,Bireysel,Bireysel Spor,Global,Uluslararası,Yok,Doğrulanacak,Yıllık,Yarış Takvimi,Canlı İzle,İzleme,Lig/Organizasyon,Jenerik,Türkçe,Long-tail,izle,10,LOW,12,0.34,0.17,0.66,evet,110,10,10,10,0,0,10,10,10,10,0,0,260,0,0,10,0,10,0,10,10,30,10,10,170,70,0,0,0,0,10,hayır,,,Geçerli,Ana Liste
tour de france takvim,Tour de France,Bisiklet,Bireysel Sıralama Serisi,1. Seviye,Orta,Erkek,Bireysel,Bireysel Spor,Global,Uluslararası,Yok,Doğrulanacak,Yıllık,Yarış Takvimi,Takvim/Saat,Bilgi,Lig/Organizasyon,Jenerik,İngilizce,Body,tak,10,LOW,8,0.35,,,evet,40,10,10,10,10,0,0,0,0,0,0,10,110,10,10,10,0,0,0,0,0,10,0,10,0,0,0,0,0,0,0,hayır,,,Geçerli,Ana Liste
cumhurbaşkanlığı bisiklet turu,Cumhurbaşkanlığı Bisiklet Turu,Bisiklet,Bireysel Sıralama Serisi,1. Seviye,Niş,Erkek,Bireysel,Bireysel Spor,Türkiye,Yerli,Türk Sporcu Var,Doğrulanacak,Yıllık,Yarış Takvimi,Jenerik,Bilgi,Lig/Organizasyon,Jenerik,Türkçe,Body,jen,3600,LOW,1,0.77,12.56,20,evet,320,260,9900,27100,720,480,210,110,140,260,210,210,320,260,27100,33100,720,390,210,90,110,210,260,260,480,260,480,40500,720,390,260,hayır,,,Geçerli,Ana Liste
cumhurbaşkanlığı bisiklet turu takvim,Cumhurbaşkanlığı Bisiklet Turu,Bisiklet,Bireysel Sıralama Serisi,1. Seviye,Niş,Erkek,Bireysel,Bireysel Spor,Türkiye,Yerli,Türk Sporcu Var,Doğrulanacak,Yıllık,Yarış Takvimi,Takvim/Saat,Bilgi,Lig/Organizasyon,Jenerik,Türkçe,Body,tak,,,,,,,hayir,,,,,,,,,,,,,,,,,,,,,,,,,,,,,,,,hayır,,,Geçerli,Ana Liste
atletizm,Dünya Atletizm Şampiyonası,Atletizm,Dünya Turnuvası,Milli,Orta,Karma,Milli Takım,Bireysel Spor,Global,Uluslararası,Türk Sporcu Var,Doğrulanacak,2 Yılda Bir,Turnuva,Jenerik,Bilgi,Lig/Organizasyon,Jenerik,İngilizce,Head,jen,6600,LOW,2,0.23,0.14,0.46,evet,4400,6600,5400,6600,5400,6600,4400,6600,6600,6600,8100,5400,5400,6600,8100,6600,8100,6600,8100,9900,6600,8100,6600,9900,6600,6600,8100,6600,9900,12100,9900,hayır,,,Geçerli,Ana Liste
atletizm canlı izle,Dünya Atletizm Şampiyonası,Atletizm,Dünya Turnuvası,Milli,Orta,Karma,Milli Takım,Bireysel Spor,Global,Uluslararası,Türk Sporcu Var,Doğrulanacak,2 Yılda Bir,Turnuva,Canlı İzle,İzleme,Lig/Organizasyon,Jenerik,Türkçe,Body,izle,10,,,,,,evet,0,10,0,10,0,10,0,0,0,0,10,10,0,10,10,10,10,0,0,0,0,0,10,10,10,10,10,0,0,0,0,hayır,,,Geçerli,Ana Liste
dünya atletizm şampiyonası,Dünya Atletizm Şampiyonası,Atletizm,Dünya Turnuvası,Milli,Orta,Karma,Milli Takım,Bireysel Spor,Global,Uluslararası,Türk Sporcu Var,Doğrulanacak,2 Yılda Bir,Turnuva,Jenerik,Bilgi,Lig/Organizasyon,Jenerik,Türkçe,Body,jen,1000,LOW,2,0.37,0.17,0.77,evet,260,170,140,110,390,90,90,90,110,170,9900,320,260,170,110,40,170,70,90,90,50,70,110,720,260,260,90,90,320,170,110,hayır,,,Geçerli,Ana Liste
dünya atletizm şampiyonası canlı izle,Dünya Atletizm Şampiyonası,Atletizm,Dünya Turnuvası,Milli,Orta,Karma,Milli Takım,Bireysel Spor,Global,Uluslararası,Türk Sporcu Var,Doğrulanacak,2 Yılda Bir,Turnuva,Canlı İzle,İzleme,Lig/Organizasyon,Jenerik,Türkçe,Long-tail,izle,10,,,,,,evet,0,10,0,0,10,0,0,0,0,0,110,0,0,0,0,0,10,0,0,0,10,10,0,10,10,10,10,10,10,0,0,hayır,,,Geçerli,Ana Liste
yüzme,Yüzme,Su Sporları,Bireysel Sıralama Serisi,Milli,Niş,Karma,Bireysel,Bireysel Spor,Global,Uluslararası,Türk Sporcu Var,Doğrulanacak,Sürekli,Turnuva,Jenerik,Bilgi,Lig/Organizasyon,Jenerik,Türkçe,Head,jen,8100,LOW,16,0.16,0.1,0.3,evet,12100,12100,8100,8100,6600,5400,5400,6600,8100,8100,9900,9900,12100,9900,8100,8100,6600,5400,8100,8100,6600,8100,8100,12100,14800,12100,9900,8100,6600,6600,6600,hayır,,,Geçerli,Ana Liste
jimnastik,Jimnastik,Diğer,Bireysel Sıralama Serisi,Milli,Niş,Karma,Bireysel,Bireysel Spor,Global,Uluslararası,Türk Sporcu Var,Doğrulanacak,Sürekli,Turnuva,Jenerik,Bilgi,Lig/Organizasyon,Jenerik,İngilizce,Head,jen,18100,LOW,7,0.21,0.14,0.84,evet,12100,14800,14800,18100,22200,22200,18100,14800,14800,18100,22200,12100,12100,12100,14800,18100,18100,18100,18100,18100,18100,18100,22200,14800,14800,14800,18100,14800,22200,18100,18100,hayır,,,Geçerli,Ana Liste
hentbol,Hentbol Ligleri,Hentbol,Lig,1. Seviye,Niş,Karma,Kulüp,Takım Sporu,Global,Uluslararası,Türk Takımı Var,Doğrulanacak,Yıllık,Sürekli Lig,Jenerik,Bilgi,Lig/Organizasyon,Jenerik,İngilizce,Head,jen,18100,LOW,1,0.21,0.07,0.47,evet,12100,22200,18100,18100,22200,14800,14800,18100,18100,18100,14800,9900,12100,14800,22200,18100,18100,18100,14800,22200,18100,22200,14800,14800,12100,12100,18100,18100,22200,22200,18100,hayır,,organizasyon 'Hentbol' → 'Hentbol Ligleri',Geçerli,Ana Liste
hentbol puan durumu,Hentbol Ligleri,Hentbol,Lig,1. Seviye,Niş,Karma,Kulüp,Takım Sporu,Global,Uluslararası,Türk Takımı Var,Doğrulanacak,Yıllık,Sürekli Lig,Puan Durumu,Bilgi,Lig/Organizasyon,Jenerik,İngilizce,Body,pd,260,LOW,1,,,,evet,20,70,320,390,480,480,260,480,480,320,140,50,30,170,590,320,390,480,210,480,320,320,170,70,30,70,390,480,480,390,260,hayır,,organizasyon 'Hentbol' → 'Hentbol Ligleri',Geçerli,Ana Liste
hentbol fikstür,Hentbol Ligleri,Hentbol,Lig,1. Seviye,Niş,Karma,Kulüp,Takım Sporu,Global,Uluslararası,Türk Takımı Var,Doğrulanacak,Yıllık,Sürekli Lig,Fikstür,Bilgi,Lig/Organizasyon,Jenerik,Türkçe,Head,fik,110,LOW,2,,,,evet,10,20,70,110,110,140,70,140,140,210,170,90,20,10,70,90,110,140,110,140,170,170,170,70,40,20,90,170,110,140,110,hayır,,organizasyon 'Hentbol' → 'Hentbol Ligleri',Geçerli,Ana Liste
golf,Golf Turnuvaları,Golf,Bireysel Sıralama Serisi,1. Seviye,Niş,Karma,Bireysel,Bireysel Spor,Global,Uluslararası,Yok,TV+ Yok,Yıllık,Yarış Takvimi,Jenerik,Bilgi,Lig/Organizasyon,Jenerik,İngilizce,Head,jen,110000,LOW,8,0.49,0.38,0.67,evet,110000,110000,110000,110000,110000,110000,110000,110000,110000,110000,110000,135000,110000,110000,110000,110000,110000,90500,90500,90500,90500,90500,90500,110000,110000,90500,90500,90500,90500,90500,90500,hayır,,organizasyon 'Golf' → 'Golf Turnuvaları',Geçerli,Ana Liste
golf canlı izle,Golf Turnuvaları,Golf,Bireysel Sıralama Serisi,1. Seviye,Niş,Karma,Bireysel,Bireysel Spor,Global,Uluslararası,Yok,TV+ Yok,Yıllık,Yarış Takvimi,Canlı İzle,İzleme,Lig/Organizasyon,Jenerik,Türkçe,Body,izle,,,,,,,hayir,,,,,,,,,,,,,,,,,,,,,,,,,,,,,,,,hayır,,organizasyon 'Golf' → 'Golf Turnuvaları',Geçerli,Ana Liste
snooker,Snooker,Diğer,Bireysel Sıralama Serisi,1. Seviye,Niş,Karma,Bireysel,Bireysel Spor,Global,Uluslararası,Yok,Doğrulanacak,Yıllık,Turnuva,Jenerik,Bilgi,Lig/Organizasyon,Jenerik,İngilizce,Head,jen,40500,LOW,2,0.17,0.1,0.3,evet,12100,12100,49500,110000,33100,49500,40500,40500,40500,33100,22200,33100,14800,8100,49500,90500,33100,27100,27100,27100,33100,27100,27100,12100,14800,8100,40500,74000,27100,40500,49500,hayır,,,Geçerli,Ana Liste
snooker canlı izle,Snooker,Diğer,Bireysel Sıralama Serisi,1. Seviye,Niş,Karma,Bireysel,Bireysel Spor,Global,Uluslararası,Yok,Doğrulanacak,Yıllık,Turnuva,Canlı İzle,İzleme,Lig/Organizasyon,Jenerik,Türkçe,Body,izle,720,LOW,1,,,,evet,260,110,720,1600,590,1300,880,720,720,590,590,480,140,110,1300,2400,1600,1300,1000,1300,1300,720,880,320,390,210,880,1600,590,880,1000,hayır,,,Geçerli,Ana Liste
dart,Dart,Diğer,Bireysel Sıralama Serisi,1. Seviye,Niş,Karma,Bireysel,Bireysel Spor,Global,Uluslararası,Yok,Doğrulanacak,Yıllık,Turnuva,Jenerik,Bilgi,Lig/Organizasyon,Jenerik,İngilizce,Head,jen,14800,HIGH,83,0.16,0.03,0.25,evet,12100,12100,14800,14800,14800,14800,14800,18100,14800,18100,12100,12100,12100,14800,14800,14800,14800,14800,18100,22200,14800,18100,14800,12100,14800,12100,14800,14800,14800,14800,18100,hayır,,,Geçerli,Ana Liste
dart canlı izle,Dart,Diğer,Bireysel Sıralama Serisi,1. Seviye,Niş,Karma,Bireysel,Bireysel Spor,Global,Uluslararası,Yok,Doğrulanacak,Yıllık,Turnuva,Canlı İzle,İzleme,Lig/Organizasyon,Jenerik,Türkçe,Body,izle,,,,,,,hayir,,,,,,,,,,,,,,,,,,,,,,,,,,,,,,,,hayır,,,Geçerli,Ana Liste
pdc dart,Dart,Diğer,Bireysel Sıralama Serisi,1. Seviye,Niş,Karma,Bireysel,Bireysel Spor,Global,Uluslararası,Yok,Doğrulanacak,Yıllık,Turnuva,Jenerik,Bilgi,Lig/Organizasyon,Jenerik,İngilizce,Head,jen,260,LOW,10,0.44,0.21,0.4,evet,320,210,320,260,170,140,260,390,210,590,320,170,320,210,320,210,140,170,390,260,170,390,170,110,260,140,260,210,140,170,260,hayır,,,Geçerli,Ana Liste
pdc dart canlı izle,Dart,Diğer,Bireysel Sıralama Serisi,1. Seviye,Niş,Karma,Bireysel,Bireysel Spor,Global,Uluslararası,Yok,Doğrulanacak,Yıllık,Turnuva,Canlı İzle,İzleme,Lig/Organizasyon,Jenerik,Türkçe,Body,izle,,,,,,,hayir,,,,,,,,,,,,,,,,,,,,,,,,,,,,,,,,hayır,,,Geçerli,Ana Liste
satranç,Satranç,Zihin Sporları,Bireysel Sıralama Serisi,1. Seviye,Orta,Karma,Bireysel,Bireysel Spor,Global,Uluslararası,Türk Sporcu Var,Doğrulanacak,Sürekli,Turnuva,Jenerik,Bilgi,Lig/Organizasyon,Jenerik,Türkçe,Head,jen,246000,LOW,10,0.3,0.09,20,evet,201000,301000,301000,301000,301000,301000,301000,301000,246000,246000,201000,165000,165000,201000,246000,246000,246000,246000,246000,246000,201000,201000,201000,165000,165000,165000,201000,201000,246000,246000,301000,hayır,,,Geçerli,Ana Liste
satranç sıralama,Satranç,Zihin Sporları,Bireysel Sıralama Serisi,1. Seviye,Orta,Karma,Bireysel,Bireysel Spor,Global,Uluslararası,Türk Sporcu Var,Doğrulanacak,Sürekli,Turnuva,İstatistik,Bilgi,Lig/Organizasyon,Jenerik,Türkçe,Head,sir,590,LOW,0,0.68,,,evet,390,390,720,720,720,880,1000,590,390,480,590,390,390,590,320,390,320,480,590,590,480,390,390,320,390,390,390,390,390,390,480,hayır,,,Geçerli,Ana Liste
satranç canlı izle,Satranç,Zihin Sporları,Bireysel Sıralama Serisi,1. Seviye,Orta,Karma,Bireysel,Bireysel Spor,Global,Uluslararası,Türk Sporcu Var,Doğrulanacak,Sürekli,Turnuva,Canlı İzle,İzleme,Lig/Organizasyon,Jenerik,Türkçe,Body,izle,,,,,,,hayir,,,,,,,,,,,,,,,,,,,,,,,,,,,,,,,,hayır,,,Geçerli,Ana Liste
at yarışı,TJK · At Yarışı,At Yarışı,Bireysel Sıralama Serisi,1. Seviye,Orta,Karma,Bireysel,Bireysel Spor,Türkiye,Yerli,Yok,Doğrulanacak,Sürekli,Yarış Takvimi,Jenerik,Bilgi,Lig/Organizasyon,Jenerik,Türkçe,Head,jen,368000,LOW,15,0.76,0.91,2.38,evet,368000,368000,368000,368000,368000,301000,368000,368000,368000,368000,301000,301000,368000,368000,368000,301000,301000,246000,301000,301000,301000,301000,301000,301000,301000,301000,301000,301000,301000,246000,246000,hayır,,organizasyon 'At Yarışı' → 'TJK · At Yarışı',Geçerli,Ana Liste
at yarışı takvim,TJK · At Yarışı,At Yarışı,Bireysel Sıralama Serisi,1. Seviye,Orta,Karma,Bireysel,Bireysel Spor,Türkiye,Yerli,Yok,Doğrulanacak,Sürekli,Yarış Takvimi,Takvim/Saat,Bilgi,Lig/Organizasyon,Jenerik,Türkçe,Body,tak,,,,,,,hayir,,,,,,,,,,,,,,,,,,,,,,,,,,,,,,,,hayır,,organizasyon 'At Yarışı' → 'TJK · At Yarışı',Geçerli,Ana Liste
at yarışı canlı izle,TJK · At Yarışı,At Yarışı,Bireysel Sıralama Serisi,1. Seviye,Orta,Karma,Bireysel,Bireysel Spor,Türkiye,Yerli,Yok,Doğrulanacak,Sürekli,Yarış Takvimi,Canlı İzle,İzleme,Lig/Organizasyon,Jenerik,Türkçe,Body,izle,33100,LOW,4,0.33,0.14,0.61,evet,33100,40500,40500,40500,40500,33100,33100,33100,33100,33100,33100,40500,40500,40500,49500,40500,40500,33100,33100,40500,33100,33100,27100,27100,27100,33100,33100,33100,33100,33100,33100,hayır,,organizasyon 'At Yarışı' → 'TJK · At Yarışı',Geçerli,Ana Liste
at yarışı sıralama,TJK · At Yarışı,At Yarışı,Bireysel Sıralama Serisi,1. Seviye,Orta,Karma,Bireysel,Bireysel Spor,Türkiye,Yerli,Yok,Doğrulanacak,Sürekli,Yarış Takvimi,İstatistik,Bilgi,Lig/Organizasyon,Jenerik,Türkçe,Body,sir,,,,,,,hayir,,,,,,,,,,,,,,,,,,,,,,,,,,,,,,,,hayır,,organizasyon 'At Yarışı' → 'TJK · At Yarışı',Geçerli,Ana Liste
tjk,TJK · At Yarışı,At Yarışı,Bireysel Sıralama Serisi,1. Seviye,Orta,Karma,Bireysel,Bireysel Spor,Türkiye,Yerli,Yok,Doğrulanacak,Sürekli,Yarış Takvimi,Jenerik,Bilgi,Lig/Organizasyon,Jenerik,İngilizce,Head,jen,7480000,LOW,9,0.75,0.4,0.68,evet,6120000,7480000,7480000,7480000,7480000,7480000,7480000,7480000,7480000,7480000,7480000,7480000,7480000,7480000,9140000,7480000,7480000,7480000,9140000,9140000,9140000,9140000,7480000,9140000,9140000,9140000,9140000,9140000,9140000,9140000,9140000,evet,,organizasyon 'At Yarışı' → 'TJK · At Yarışı',Geçerli,Ana Liste
tjk takvim,TJK · At Yarışı,At Yarışı,Bireysel Sıralama Serisi,1. Seviye,Orta,Karma,Bireysel,Bireysel Spor,Türkiye,Yerli,Yok,Doğrulanacak,Sürekli,Yarış Takvimi,Takvim/Saat,Bilgi,Lig/Organizasyon,Jenerik,İngilizce,Head,tak,390,LOW,8,0.19,0.09,0.3,evet,320,480,590,480,390,320,390,390,390,390,390,320,480,390,480,480,320,210,320,390,260,320,260,260,260,320,320,210,170,170,390,evet,,organizasyon 'At Yarışı' → 'TJK · At Yarışı',Geçerli,Ana Liste
tjk canlı izle,TJK · At Yarışı,At Yarışı,Bireysel Sıralama Serisi,1. Seviye,Orta,Karma,Bireysel,Bireysel Spor,Türkiye,Yerli,Yok,Doğrulanacak,Sürekli,Yarış Takvimi,Canlı İzle,İzleme,Lig/Organizasyon,Jenerik,Türkçe,Body,izle,110000,LOW,5,0.5,0.17,0.79,evet,90500,90500,110000,110000,110000,110000,135000,135000,135000,135000,135000,135000,135000,135000,135000,135000,165000,165000,246000,246000,135000,135000,110000,110000,110000,110000,110000,110000,135000,135000,135000,evet,,organizasyon 'At Yarışı' → 'TJK · At Yarışı',Geçerli,Ana Liste
tjk sıralama,TJK · At Yarışı,At Yarışı,Bireysel Sıralama Serisi,1. Seviye,Orta,Karma,Bireysel,Bireysel Spor,Türkiye,Yerli,Yok,Doğrulanacak,Sürekli,Yarış Takvimi,İstatistik,Bilgi,Lig/Organizasyon,Jenerik,Türkçe,Head,sir,,,,,,,hayir,,,,,,,,,,,,,,,,,,,,,,,,,,,,,,,,hayır,,organizasyon 'At Yarışı' → 'TJK · At Yarışı',Geçerli,Ana Liste
istanbul maratonu,İstanbul Maratonu,Atletizm,Tek Etkinlik,Milli,Niş,Karma,Bireysel,Bireysel Spor,Türkiye,Yerli,Türk Sporcu Var,Doğrulanacak,Yıllık,Tek Etkinlik,Jenerik,Bilgi,Lig/Organizasyon,Jenerik,İngilizce,Head,jen,9900,LOW,3,2.63,0.71,3.04,evet,5400,3600,4400,12100,3600,2900,2900,2400,27100,40500,9900,8100,5400,2900,4400,8100,2400,1900,2400,1600,33100,33100,9900,6600,4400,1900,3600,8100,2900,2400,2400,hayır,,,Geçerli,Ana Liste
istanbul maratonu takvim,İstanbul Maratonu,Atletizm,Tek Etkinlik,Milli,Niş,Karma,Bireysel,Bireysel Spor,Türkiye,Yerli,Türk Sporcu Var,Doğrulanacak,Yıllık,Tek Etkinlik,Takvim/Saat,Bilgi,Lig/Organizasyon,Jenerik,İngilizce,Body,tak,,,,,,,hayir,,,,,,,,,,,,,,,,,,,,,,,,,,,,,,,,hayır,,,Geçerli,Ana Liste
lol worlds,LoL Worlds,E-Spor,Dünya Turnuvası,Kıta Üstü,Üst,Karma,Kulüp,Takım Sporu,Global,Uluslararası,Türk Takımı Var,Doğrulanacak,Yıllık,Turnuva,Jenerik,Bilgi,Lig/Organizasyon,Jenerik,İngilizce,Head,jen,1900,LOW,3,0.31,0.12,0.43,evet,880,390,210,210,260,170,210,210,6600,12100,720,320,480,320,260,210,260,210,260,210,3600,14800,3600,480,320,210,390,260,170,140,170,hayır,,,Geçerli,Ana Liste
lol worlds fikstür,LoL Worlds,E-Spor,Dünya Turnuvası,Kıta Üstü,Üst,Karma,Kulüp,Takım Sporu,Global,Uluslararası,Türk Takımı Var,Doğrulanacak,Yıllık,Turnuva,Fikstür,Bilgi,Lig/Organizasyon,Jenerik,Türkçe,Body,fik,50,LOW,2,,,,evet,20,10,10,0,0,10,10,10,110,480,10,0,10,10,0,0,0,0,0,0,30,720,110,0,10,0,10,0,0,0,0,hayır,,,Geçerli,Ana Liste
lol worlds canlı izle,LoL Worlds,E-Spor,Dünya Turnuvası,Kıta Üstü,Üst,Karma,Kulüp,Takım Sporu,Global,Uluslararası,Türk Takımı Var,Doğrulanacak,Yıllık,Turnuva,Canlı İzle,İzleme,Lig/Organizasyon,Jenerik,Türkçe,Body,izle,,,,,,,hayir,,,,,,,,,,,,,,,,,,,,,,,,,,,,,,,,hayır,,,Geçerli,Ana Liste
worlds 2026,LoL Worlds,E-Spor,Dünya Turnuvası,Kıta Üstü,Üst,Karma,Kulüp,Takım Sporu,Global,Uluslararası,Türk Takımı Var,Doğrulanacak,Yıllık,Turnuva,Jenerik,Bilgi,Lig/Organizasyon,Jenerik,İngilizce,Head,jen,201000,LOW,2,0.7,0.14,0.93,evet,1000000,1220000,33100,27100,33100,14800,14800,22200,22200,18100,14800,6600,6600,12100,5400,2400,5400,2400,2400,4400,2400,2900,2900,2900,18100,8100,1300,880,1300,1600,1000,hayır,,,Geçerli,Ana Liste
worlds 2026 fikstür,LoL Worlds,E-Spor,Dünya Turnuvası,Kıta Üstü,Üst,Karma,Kulüp,Takım Sporu,Global,Uluslararası,Türk Takımı Var,Doğrulanacak,Yıllık,Turnuva,Fikstür,Bilgi,Lig/Organizasyon,Jenerik,Türkçe,Body,fik,,,,,,,hayir,,,,,,,,,,,,,,,,,,,,,,,,,,,,,,,,hayır,,,Geçerli,Ana Liste
worlds 2026 canlı izle,LoL Worlds,E-Spor,Dünya Turnuvası,Kıta Üstü,Üst,Karma,Kulüp,Takım Sporu,Global,Uluslararası,Türk Takımı Var,Doğrulanacak,Yıllık,Turnuva,Canlı İzle,İzleme,Lig/Organizasyon,Jenerik,Türkçe,Body,izle,,,,,,,hayir,,,,,,,,,,,,,,,,,,,,,,,,,,,,,,,,hayır,,,Geçerli,Ana Liste
tcl,TCL,E-Spor,Lig,1. Seviye,Niş,Karma,Kulüp,Takım Sporu,Türkiye,Yerli,Türk Takımı Var,Doğrulanacak,Yıllık,Sürekli Lig,Jenerik,Bilgi,Lig/Organizasyon,Jenerik,İngilizce,Head,jen,40500,HIGH,68,0.16,0.04,0.32,evet,40500,40500,33100,33100,40500,33100,40500,40500,49500,40500,40500,40500,49500,33100,33100,33100,33100,33100,40500,33100,33100,33100,27100,27100,27100,33100,27100,27100,33100,33100,40500,hayır,,,Geçerli,Ana Liste
tcl puan durumu,TCL,E-Spor,Lig,1. Seviye,Niş,Karma,Kulüp,Takım Sporu,Türkiye,Yerli,Türk Takımı Var,Doğrulanacak,Yıllık,Sürekli Lig,Puan Durumu,Bilgi,Lig/Organizasyon,Jenerik,İngilizce,Body,pd,90,LOW,0,,,,evet,20,20,70,50,30,90,50,40,30,10,90,590,210,50,480,320,210,880,390,10,10,30,20,10,90,70,20,30,70,110,20,hayır,,,Geçerli,Ana Liste
tcl fikstür,TCL,E-Spor,Lig,1. Seviye,Niş,Karma,Kulüp,Takım Sporu,Türkiye,Yerli,Türk Takımı Var,Doğrulanacak,Yıllık,Sürekli Lig,Fikstür,Bilgi,Lig/Organizasyon,Jenerik,Türkçe,Head,fik,140,LOW,0,,,,evet,90,10,40,50,20,140,110,10,10,20,390,880,480,50,720,880,720,1900,1300,10,10,10,10,10,110,70,20,10,50,90,40,hayır,,,Geçerli,Ana Liste
tcl canlı izle,TCL,E-Spor,Lig,1. Seviye,Niş,Karma,Kulüp,Takım Sporu,Türkiye,Yerli,Türk Takımı Var,Doğrulanacak,Yıllık,Sürekli Lig,Canlı İzle,İzleme,Lig/Organizasyon,Jenerik,Türkçe,Body,izle,10,,,,,,evet,0,0,0,0,0,0,0,0,0,0,10,0,0,0,0,0,0,0,0,10,10,0,0,0,0,0,0,0,0,0,0,hayır,,,Geçerli,Ana Liste
türkiye şampiyonluk ligi,TCL,E-Spor,Lig,1. Seviye,Niş,Karma,Kulüp,Takım Sporu,Türkiye,Yerli,Türk Takımı Var,Doğrulanacak,Yıllık,Sürekli Lig,Jenerik,Bilgi,Lig/Organizasyon,Jenerik,Türkçe,Body,jen,40,LOW,0,,,,evet,20,30,50,70,30,40,70,30,20,20,30,40,30,10,70,50,40,110,170,30,40,30,40,70,50,50,260,70,90,70,90,hayır,,,Geçerli,Ana Liste
türkiye şampiyonluk ligi puan durumu,TCL,E-Spor,Lig,1. Seviye,Niş,Karma,Kulüp,Takım Sporu,Türkiye,Yerli,Türk Takımı Var,Doğrulanacak,Yıllık,Sürekli Lig,Puan Durumu,Bilgi,Lig/Organizasyon,Jenerik,Türkçe,Long-tail,pd,,,,,,,hayir,,,,,,,,,,,,,,,,,,,,,,,,,,,,,,,,hayır,,,Geçerli,Ana Liste
türkiye şampiyonluk ligi fikstür,TCL,E-Spor,Lig,1. Seviye,Niş,Karma,Kulüp,Takım Sporu,Türkiye,Yerli,Türk Takımı Var,Doğrulanacak,Yıllık,Sürekli Lig,Fikstür,Bilgi,Lig/Organizasyon,Jenerik,Türkçe,Body,fik,,,,,,,hayir,,,,,,,,,,,,,,,,,,,,,,,,,,,,,,,,hayır,,,Geçerli,Ana Liste
türkiye şampiyonluk ligi canlı izle,TCL,E-Spor,Lig,1. Seviye,Niş,Karma,Kulüp,Takım Sporu,Türkiye,Yerli,Türk Takımı Var,Doğrulanacak,Yıllık,Sürekli Lig,Canlı İzle,İzleme,Lig/Organizasyon,Jenerik,Türkçe,Long-tail,izle,,,,,,,hayir,,,,,,,,,,,,,,,,,,,,,,,,,,,,,,,,hayır,,,Geçerli,Ana Liste
valorant champions,Valorant Champions,E-Spor,Dünya Turnuvası,Kıta Üstü,Orta,Karma,Kulüp,Takım Sporu,Global,Uluslararası,Türk Takımı Var,Doğrulanacak,Yıllık,Turnuva,Jenerik,Bilgi,Lig/Organizasyon,Jenerik,İngilizce,Head,jen,1000,LOW,3,0.63,0.13,0.86,evet,720,590,590,720,1000,590,480,320,480,1900,3600,1000,390,390,390,320,260,320,320,170,390,320,480,4400,1300,590,590,480,480,590,480,hayır,,,Geçerli,Ana Liste
valorant champions canlı izle,Valorant Champions,E-Spor,Dünya Turnuvası,Kıta Üstü,Orta,Karma,Kulüp,Takım Sporu,Global,Uluslararası,Türk Takımı Var,Doğrulanacak,Yıllık,Turnuva,Canlı İzle,İzleme,Lig/Organizasyon,Jenerik,Türkçe,Body,izle,,,,,,,hayir,,,,,,,,,,,,,,,,,,,,,,,,,,,,,,,,hayır,,,Geçerli,Ana Liste
vct,Valorant Champions,E-Spor,Dünya Turnuvası,Kıta Üstü,Orta,Karma,Kulüp,Takım Sporu,Global,Uluslararası,Türk Takımı Var,Doğrulanacak,Yıllık,Turnuva,Jenerik,Bilgi,Lig/Organizasyon,Jenerik,İngilizce,Head,jen,1900,LOW,5,0.53,0.14,0.92,evet,1900,1900,2400,2400,2900,2900,1600,390,590,1300,1900,2400,1300,1300,1900,1900,1000,1600,2400,390,590,720,590,2400,1600,1600,2400,2900,1600,2400,720,hayır,,,Geçerli,Ana Liste
vct canlı izle,Valorant Champions,E-Spor,Dünya Turnuvası,Kıta Üstü,Orta,Karma,Kulüp,Takım Sporu,Global,Uluslararası,Türk Takımı Var,Doğrulanacak,Yıllık,Turnuva,Canlı İzle,İzleme,Lig/Organizasyon,Jenerik,Türkçe,Body,izle,,,,,,,hayir,,,,,,,,,,,,,,,,,,,,,,,,,,,,,,,,hayır,,,Geçerli,Ana Liste
cs2 major,CS2 Major,E-Spor,Dünya Turnuvası,Kıta Üstü,Orta,Karma,Kulüp,Takım Sporu,Global,Uluslararası,Yok,Doğrulanacak,Yıllık,Turnuva,Jenerik,Bilgi,Lig/Organizasyon,Jenerik,İngilizce,Head,jen,1300,LOW,6,0.41,0.13,0.63,evet,260,8100,590,480,390,260,170,2400,2400,320,170,210,110,2400,720,390,390,480,320,720,590,210,480,210,110,110,210,480,5400,1000,260,hayır,,,Geçerli,Ana Liste
cs2 major canlı izle,CS2 Major,E-Spor,Dünya Turnuvası,Kıta Üstü,Orta,Karma,Kulüp,Takım Sporu,Global,Uluslararası,Yok,Doğrulanacak,Yıllık,Turnuva,Canlı İzle,İzleme,Lig/Organizasyon,Jenerik,Türkçe,Body,izle,,,,,,,hayir,,,,,,,,,,,,,,,,,,,,,,,,,,,,,,,,hayır,,,Geçerli,Ana Liste
counter strike major,CS2 Major,E-Spor,Dünya Turnuvası,Kıta Üstü,Orta,Karma,Kulüp,Takım Sporu,Global,Uluslararası,Yok,Doğrulanacak,Yıllık,Turnuva,Jenerik,Bilgi,Lig/Organizasyon,Jenerik,İngilizce,Body,jen,720,LOW,4,,,,evet,170,4400,390,480,320,260,210,1000,1000,260,170,210,170,1300,390,320,320,390,320,480,320,210,320,170,110,140,170,260,2900,390,140,hayır,,,Geçerli,Ana Liste
counter strike major canlı izle,CS2 Major,E-Spor,Dünya Turnuvası,Kıta Üstü,Orta,Karma,Kulüp,Takım Sporu,Global,Uluslararası,Yok,Doğrulanacak,Yıllık,Turnuva,Canlı İzle,İzleme,Lig/Organizasyon,Jenerik,Türkçe,Long-tail,izle,,,,,,,hayir,,,,,,,,,,,,,,,,,,,,,,,,,,,,,,,,hayır,,,Geçerli,Ana Liste
the international dota,Dota 2 The International,E-Spor,Dünya Turnuvası,Kıta Üstü,Niş,Karma,Kulüp,Takım Sporu,Global,Uluslararası,Yok,Doğrulanacak,Yıllık,Turnuva,Jenerik,Bilgi,Lig/Organizasyon,Jenerik,İngilizce,Body,jen,20,LOW,4,0.17,,,evet,20,20,10,10,10,10,10,10,10,10,170,30,20,30,10,10,10,10,10,10,10,10,90,20,10,10,10,10,10,10,10,hayır,,,Geçerli,Ana Liste
the international dota canlı izle,Dota 2 The International,E-Spor,Dünya Turnuvası,Kıta Üstü,Niş,Karma,Kulüp,Takım Sporu,Global,Uluslararası,Yok,Doğrulanacak,Yıllık,Turnuva,Canlı İzle,İzleme,Lig/Organizasyon,Jenerik,Türkçe,Long-tail,izle,,,,,,,hayir,,,,,,,,,,,,,,,,,,,,,,,,,,,,,,,,hayır,,,Geçerli,Ana Liste
espor,E-Spor Jenerik,E-Spor,Lig,1. Seviye,Orta,Karma,Kulüp,Takım Sporu,Global,Uluslararası,Türk Takımı Var,Doğrulanacak,Sürekli,Sürekli Lig,Jenerik,Bilgi,Lig/Organizasyon,Jenerik,İngilizce,Head,jen,12100,LOW,6,0.26,0.11,1.17,evet,12100,12100,9900,12100,12100,12100,12100,9900,9900,9900,9900,12100,12100,9900,9900,12100,12100,12100,14800,12100,12100,12100,9900,12100,9900,9900,9900,9900,9900,12100,9900,hayır,,,Geçerli,Ana Liste
espor canlı izle,E-Spor Jenerik,E-Spor,Lig,1. Seviye,Orta,Karma,Kulüp,Takım Sporu,Global,Uluslararası,Türk Takımı Var,Doğrulanacak,Sürekli,Sürekli Lig,Canlı İzle,İzleme,Lig/Organizasyon,Jenerik,Türkçe,Body,izle,10,LOW,0,,,,evet,20,10,10,10,10,10,10,10,10,10,10,20,10,0,20,10,10,10,10,10,10,10,10,10,10,0,10,10,10,10,10,hayır,,,Geçerli,Ana Liste
e-spor,E-Spor Jenerik,E-Spor,Lig,1. Seviye,Orta,Karma,Kulüp,Takım Sporu,Global,Uluslararası,Türk Takımı Var,Doğrulanacak,Sürekli,Sürekli Lig,Jenerik,Bilgi,Lig/Organizasyon,Jenerik,İngilizce,Head,jen,12100,LOW,6,0.26,0.11,1.17,evet,12100,12100,9900,12100,12100,12100,12100,9900,9900,9900,9900,12100,12100,9900,9900,12100,12100,12100,14800,12100,12100,12100,9900,12100,9900,9900,9900,9900,9900,12100,9900,hayır,,,Geçerli,Ana Liste
e-spor canlı izle,E-Spor Jenerik,E-Spor,Lig,1. Seviye,Orta,Karma,Kulüp,Takım Sporu,Global,Uluslararası,Türk Takımı Var,Doğrulanacak,Sürekli,Sürekli Lig,Canlı İzle,İzleme,Lig/Organizasyon,Jenerik,Türkçe,Body,izle,90,LOW,1,0.09,,,evet,170,40,70,50,70,70,30,40,30,90,110,170,140,20,140,50,30,50,70,50,40,90,70,170,110,50,170,70,70,110,90,hayır,,,Geçerli,Ana Liste
