keyword,organizasyon,spor_dali,musabaka_tipi,lig_seviyesi,prestij_katmani,cinsiyet,kulup_milli,takim_bireysel,cografya,yerlilik,turk_baglantisi,yayin_hakki,periyodiklik,takvim_tipi,sayfa_tipi,intent_katmani,entity_tipi,marka_tipi,dil,sorgu_uzunlugu,varyant_kodu,search_volume,competition,competition_index,cpc,low_bid,high_bid,veri_var,2026-07,2026-06,2026-05,2026-04,2026-03,2026-02,2026-01,2025-12,2025-11,2025-10,2025-09,2025-08,2025-07,2025-06,2025-05,2025-04,2025-03,2025-02,2025-01,2024-12,2024-11,2024-10,2024-09,2024-08,2024-07,2024-06,2024-05,2024-04,2024-03,2024-02,2024-01,kurum_sorgusu
galatasaray maçı,Süper Lig,Futbol,Lig,1. Seviye,Global Elit,Erkek,Kulüp,Takım Sporu,Türkiye,Yerli,Türk Takımı Var,TV+ Yok,Yıllık,Sürekli Lig,Takım Maç Sorgusu,Bilgi,Takım,Jenerik,Türkçe,Head,tk_mac,9140000,LOW,1,0.33,0.05,0.37,evet,1500000,301000,11100000,16600000,11100000,13600000,9140000,9140000,11100000,7480000,9140000,6120000,1830000,450000,9140000,9140000,9140000,13600000,9140000,11100000,9140000,9140000,7480000,7480000,1500000,246000,9140000,4090000,4090000,7480000,6120000,hayır
galatasaray maçı ne zaman,Süper Lig,Futbol,Lig,1. Seviye,Global Elit,Erkek,Kulüp,Takım Sporu,Türkiye,Yerli,Türk Takımı Var,TV+ Yok,Yıllık,Sürekli Lig,Takvim/Saat,Bilgi,Takım,Jenerik,Türkçe,Body,tk_nezaman,550000,LOW,2,0.32,0.04,0.3,evet,110000,49500,550000,673000,823000,823000,673000,673000,673000,550000,550000,450000,165000,90500,550000,550000,550000,823000,673000,673000,673000,550000,450000,450000,135000,49500,450000,368000,450000,550000,550000,hayır
galatasaray maçı hangi kanalda,Süper Lig,Futbol,Lig,1. Seviye,Global Elit,Erkek,Kulüp,Takım Sporu,Türkiye,Yerli,Türk Takımı Var,TV+ Yok,Yıllık,Sürekli Lig,Kanal/Yayın,İzleme,Takım,Jenerik,Türkçe,Body,tk_kanal,450000,LOW,3,0.25,0.07,0.3,evet,246000,6600,201000,368000,673000,673000,1000000,450000,550000,450000,823000,246000,301000,2400,201000,165000,74000,550000,550000,246000,450000,450000,301000,673000,201000,1900,110000,74000,49500,550000,110000,hayır
galatasaray canlı izle,Süper Lig,Futbol,Lig,1. Seviye,Global Elit,Erkek,Kulüp,Takım Sporu,Türkiye,Yerli,Türk Takımı Var,TV+ Yok,Yıllık,Sürekli Lig,Canlı İzle,İzleme,Takım,Jenerik,Türkçe,Body,tk_izle,9900,LOW,3,0.22,0.08,0.32,evet,2400,90,14800,18100,12100,12100,9900,9900,6600,8100,9900,8100,8100,260,14800,4400,5400,12100,12100,8100,8100,9900,12100,12100,9900,260,22200,5400,5400,14800,9900,hayır
galatasaray fikstür,Süper Lig,Futbol,Lig,1. Seviye,Global Elit,Erkek,Kulüp,Takım Sporu,Türkiye,Yerli,Türk Takımı Var,TV+ Yok,Yıllık,Sürekli Lig,Fikstür,Bilgi,Takım,Jenerik,Türkçe,Head,tk_fikstur,246000,LOW,1,0.25,0.05,0.34,evet,60500,4400,135000,368000,368000,368000,246000,301000,301000,301000,246000,201000,74000,8100,201000,301000,301000,368000,368000,301000,301000,301000,301000,201000,60500,5400,165000,301000,246000,368000,301000,hayır
galatasaray puan durumu,Süper Lig,Futbol,Lig,1. Seviye,Global Elit,Erkek,Kulüp,Takım Sporu,Türkiye,Yerli,Türk Takımı Var,TV+ Yok,Yıllık,Sürekli Lig,Puan Durumu,Bilgi,Takım,Jenerik,İngilizce,Body,tk_pd,4090000,LOW,0,0.15,0.03,0.26,evet,450000,135000,6120000,11100000,4090000,5000000,5000000,5000000,5000000,3350000,2740000,2740000,450000,301000,5000000,5000000,5000000,6120000,6120000,6120000,5000000,4090000,4090000,2740000,246000,90500,1830000,823000,673000,823000,673000,hayır
galatasaray kadro,Süper Lig,Futbol,Lig,1. Seviye,Global Elit,Erkek,Kulüp,Takım Sporu,Türkiye,Yerli,Türk Takımı Var,TV+ Yok,Yıllık,Sürekli Lig,Kadro,Bilgi,Takım,Jenerik,İngilizce,Head,tk_kadro,90500,LOW,1,0.33,0.16,0.32,evet,60500,27100,74000,90500,90500,110000,110000,74000,74000,49500,110000,110000,74000,49500,60500,60500,49500,165000,74000,90500,74000,74000,165000,110000,74000,49500,74000,49500,60500,110000,110000,hayır
galatasaray oyuncuları,Süper Lig,Futbol,Lig,1. Seviye,Global Elit,Erkek,Kulüp,Takım Sporu,Türkiye,Yerli,Türk Takımı Var,TV+ Yok,Yıllık,Sürekli Lig,Kadro,Bilgi,Takım,Jenerik,Türkçe,Head,tk_oyuncu,823000,LOW,0,0.44,0.05,0.33,evet,450000,110000,550000,673000,673000,1220000,1220000,823000,823000,550000,1000000,1000000,823000,450000,673000,550000,550000,1220000,673000,673000,550000,550000,1220000,823000,301000,110000,201000,135000,165000,201000,201000,hayır
galatasaray transfer,Süper Lig,Futbol,Lig,1. Seviye,Global Elit,Erkek,Kulüp,Takım Sporu,Türkiye,Yerli,Türk Takımı Var,TV+ Yok,Yıllık,Sürekli Lig,Transfer,Bilgi,Takım,Jenerik,İngilizce,Head,tk_transfer,450000,LOW,1,0.3,0.06,0.32,evet,823000,368000,301000,60500,60500,368000,1220000,301000,110000,90500,823000,1000000,1000000,1000000,246000,165000,135000,1000000,1500000,450000,135000,74000,1000000,823000,823000,550000,165000,90500,74000,450000,550000,hayır
galatasaray,Süper Lig,Futbol,Lig,1. Seviye,Global Elit,Erkek,Kulüp,Takım Sporu,Türkiye,Yerli,Türk Takımı Var,TV+ Yok,Yıllık,Sürekli Lig,Takım Jenerik,Bilgi,Takım,Jenerik,İngilizce,Head,tk_jen,30400000,LOW,1,0.28,0.05,0.31,evet,9140000,3350000,20400000,37200000,37200000,37200000,37200000,37200000,37200000,24900000,30400000,24900000,13600000,6120000,30400000,30400000,30400000,45500000,37200000,37200000,30400000,30400000,37200000,30400000,11100000,4090000,37200000,20400000,20400000,37200000,37200000,hayır
fenerbahçe maçı,Süper Lig,Futbol,Lig,1. Seviye,Global Elit,Erkek,Kulüp,Takım Sporu,Türkiye,Yerli,Türk Takımı Var,TV+ Yok,Yıllık,Sürekli Lig,Takım Maç Sorgusu,Bilgi,Takım,Jenerik,Türkçe,Head,tk_mac,7480000,LOW,1,0.28,0.06,0.37,evet,3350000,301000,5000000,11100000,9140000,13600000,9140000,7480000,9140000,6120000,6120000,7480000,1830000,301000,4090000,7480000,9140000,9140000,7480000,6120000,7480000,6120000,5000000,7480000,2240000,301000,6120000,6120000,6120000,5000000,5000000,hayır
fenerbahçe maçı ne zaman,Süper Lig,Futbol,Lig,1. Seviye,Global Elit,Erkek,Kulüp,Takım Sporu,Türkiye,Yerli,Türk Takımı Var,TV+ Yok,Yıllık,Sürekli Lig,Takvim/Saat,Bilgi,Takım,Jenerik,Türkçe,Body,tk_nezaman,301000,LOW,1,0.25,0.04,0.3,evet,201000,27100,165000,301000,301000,550000,450000,368000,368000,301000,246000,301000,74000,27100,165000,301000,368000,368000,368000,301000,301000,301000,201000,246000,110000,33100,301000,301000,301000,301000,301000,hayır
fenerbahçe maçı hangi kanalda,Süper Lig,Futbol,Lig,1. Seviye,Global Elit,Erkek,Kulüp,Takım Sporu,Türkiye,Yerli,Türk Takımı Var,TV+ Yok,Yıllık,Sürekli Lig,Kanal/Yayın,İzleme,Takım,Jenerik,Türkçe,Body,tk_kanal,450000,LOW,2,0.24,0.07,0.34,evet,1500000,2400,40500,165000,165000,368000,450000,301000,823000,368000,301000,1220000,301000,2400,40500,74000,246000,368000,450000,201000,368000,450000,201000,301000,368000,14800,60500,246000,301000,110000,110000,hayır
fenerbahçe canlı izle,Süper Lig,Futbol,Lig,1. Seviye,Global Elit,Erkek,Kulüp,Takım Sporu,Türkiye,Yerli,Türk Takımı Var,TV+ Yok,Yıllık,Sürekli Lig,Canlı İzle,İzleme,Takım,Jenerik,Türkçe,Body,tk_izle,12100,LOW,4,0.24,0.12,0.34,evet,22200,720,2400,8100,8100,18100,18100,9900,9900,5400,18100,18100,8100,170,2900,6600,6600,9900,9900,6600,6600,6600,8100,18100,14800,4400,18100,18100,14800,9900,18100,hayır
fenerbahçe fikstür,Süper Lig,Futbol,Lig,1. Seviye,Global Elit,Erkek,Kulüp,Takım Sporu,Türkiye,Yerli,Türk Takımı Var,TV+ Yok,Yıllık,Sürekli Lig,Fikstür,Bilgi,Takım,Jenerik,Türkçe,Head,tk_fikstur,165000,LOW,1,0.36,0.04,0.37,evet,90500,5400,49500,201000,201000,301000,201000,201000,201000,165000,201000,165000,60500,5400,74000,201000,246000,246000,246000,165000,201000,165000,165000,165000,74000,6600,110000,246000,246000,246000,246000,hayır
fenerbahçe puan durumu,Süper Lig,Futbol,Lig,1. Seviye,Global Elit,Erkek,Kulüp,Takım Sporu,Türkiye,Yerli,Türk Takımı Var,TV+ Yok,Yıllık,Sürekli Lig,Puan Durumu,Bilgi,Takım,Jenerik,Türkçe,Body,tk_pd,4090000,LOW,0,0.64,0.04,0.32,evet,550000,135000,5000000,7480000,5000000,5000000,5000000,5000000,5000000,2740000,2740000,1830000,301000,201000,3350000,5000000,4090000,4090000,5000000,4090000,4090000,3350000,2740000,2740000,246000,74000,1220000,823000,823000,823000,1000000,hayır
fenerbahçe kadro,Süper Lig,Futbol,Lig,1. Seviye,Global Elit,Erkek,Kulüp,Takım Sporu,Türkiye,Yerli,Türk Takımı Var,TV+ Yok,Yıllık,Sürekli Lig,Kadro,Bilgi,Takım,Jenerik,Türkçe,Head,tk_kadro,74000,LOW,1,0.35,0.14,0.36,evet,90500,33100,33100,74000,49500,110000,110000,74000,60500,40500,110000,110000,60500,27100,40500,49500,49500,110000,90500,49500,60500,49500,110000,90500,90500,60500,74000,74000,60500,74000,110000,hayır
fenerbahçe oyuncuları,Süper Lig,Futbol,Lig,1. Seviye,Global Elit,Erkek,Kulüp,Takım Sporu,Türkiye,Yerli,Türk Takımı Var,TV+ Yok,Yıllık,Sürekli Lig,Kadro,Bilgi,Takım,Jenerik,Türkçe,Head,tk_oyuncu,550000,LOW,0,0.08,0.1,0.57,evet,450000,135000,246000,450000,450000,1000000,1000000,673000,550000,450000,823000,1000000,550000,201000,368000,368000,368000,673000,673000,368000,450000,301000,450000,673000,246000,110000,135000,135000,135000,135000,201000,hayır
fenerbahçe transfer,Süper Lig,Futbol,Lig,1. Seviye,Global Elit,Erkek,Kulüp,Takım Sporu,Türkiye,Yerli,Türk Takımı Var,TV+ Yok,Yıllık,Sürekli Lig,Transfer,Bilgi,Takım,Jenerik,Türkçe,Head,tk_transfer,550000,LOW,1,0.36,0.11,0.42,evet,1000000,450000,201000,74000,60500,550000,1000000,301000,201000,135000,1000000,1500000,1830000,1500000,368000,165000,135000,450000,1000000,368000,201000,110000,550000,823000,1220000,673000,135000,60500,49500,201000,450000,hayır
fenerbahçe,Süper Lig,Futbol,Lig,1. Seviye,Global Elit,Erkek,Kulüp,Takım Sporu,Türkiye,Yerli,Türk Takımı Var,TV+ Yok,Yıllık,Sürekli Lig,Takım Jenerik,Bilgi,Takım,Jenerik,Türkçe,Head,tk_jen,24900000,LOW,1,0.31,0.13,0.72,evet,11100000,3350000,11100000,24900000,30400000,45500000,37200000,30400000,37200000,24900000,30400000,37200000,13600000,6120000,20400000,30400000,30400000,37200000,37200000,30400000,30400000,20400000,20400000,30400000,16600000,6120000,30400000,37200000,30400000,30400000,30400000,hayır
beşiktaş maçı,Süper Lig,Futbol,Lig,1. Seviye,Global Elit,Erkek,Kulüp,Takım Sporu,Türkiye,Yerli,Türk Takımı Var,TV+ Yok,Yıllık,Sürekli Lig,Takım Maç Sorgusu,Bilgi,Takım,Jenerik,Türkçe,Head,tk_mac,1500000,LOW,1,0.31,0.07,0.45,evet,1000000,135000,1000000,1830000,1500000,1830000,1000000,1500000,1220000,1500000,1500000,2240000,1000000,301000,1500000,1500000,1830000,1830000,2240000,2240000,2740000,2740000,2740000,2740000,450000,74000,823000,550000,823000,1000000,1000000,hayır
beşiktaş maçı ne zaman,Süper Lig,Futbol,Lig,1. Seviye,Global Elit,Erkek,Kulüp,Takım Sporu,Türkiye,Yerli,Türk Takımı Var,TV+ Yok,Yıllık,Sürekli Lig,Takvim/Saat,Bilgi,Takım,Jenerik,Türkçe,Body,tk_nezaman,90500,LOW,3,0.22,0.03,0.32,evet,74000,12100,60500,110000,90500,110000,90500,90500,74000,74000,90500,135000,74000,22200,74000,90500,110000,110000,135000,135000,135000,135000,135000,165000,33100,12100,60500,49500,74000,90500,74000,hayır
beşiktaş maçı hangi kanalda,Süper Lig,Futbol,Lig,1. Seviye,Global Elit,Erkek,Kulüp,Takım Sporu,Türkiye,Yerli,Türk Takımı Var,TV+ Yok,Yıllık,Sürekli Lig,Kanal/Yayın,İzleme,Takım,Jenerik,Türkçe,Body,tk_kanal,246000,LOW,4,0.3,0.1,0.4,evet,1000000,1900,49500,60500,110000,60500,60500,40500,40500,60500,60500,1830000,673000,2400,18100,40500,27100,90500,301000,110000,301000,301000,135000,550000,49500,590,60500,27100,27100,49500,40500,hayır
beşiktaş canlı izle,Süper Lig,Futbol,Lig,1. Seviye,Global Elit,Erkek,Kulüp,Takım Sporu,Türkiye,Yerli,Türk Takımı Var,TV+ Yok,Yıllık,Sürekli Lig,Canlı İzle,İzleme,Takım,Jenerik,Türkçe,Body,tk_izle,2900,LOW,3,0.22,0.07,0.36,evet,8100,40,880,1600,2900,3600,1600,1300,1900,2400,1900,8100,2900,170,1300,1300,1900,2900,4400,3600,3600,6600,5400,8100,1900,90,2900,1900,3600,2400,2400,hayır
beşiktaş fikstür,Süper Lig,Futbol,Lig,1. Seviye,Global Elit,Erkek,Kulüp,Takım Sporu,Türkiye,Yerli,Türk Takımı Var,TV+ Yok,Yıllık,Sürekli Lig,Fikstür,Bilgi,Takım,Jenerik,Türkçe,Head,tk_fikstur,33100,LOW,1,0.24,0.04,0.3,evet,27100,1600,9900,33100,40500,49500,27100,33100,27100,40500,49500,49500,27100,2900,22200,33100,40500,40500,49500,40500,60500,74000,90500,74000,18100,1300,18100,27100,22200,40500,33100,hayır
beşiktaş puan durumu,Süper Lig,Futbol,Lig,1. Seviye,Global Elit,Erkek,Kulüp,Takım Sporu,Türkiye,Yerli,Türk Takımı Var,TV+ Yok,Yıllık,Sürekli Lig,Puan Durumu,Bilgi,Takım,Jenerik,Türkçe,Body,tk_pd,1500000,LOW,0,0.51,0.04,0.32,evet,301000,60500,1500000,2240000,1830000,2240000,1220000,1830000,1500000,1500000,1500000,1000000,301000,550000,2240000,1830000,2240000,1830000,2240000,2240000,2240000,2240000,2740000,1830000,110000,33100,368000,201000,201000,246000,246000,hayır
beşiktaş kadro,Süper Lig,Futbol,Lig,1. Seviye,Global Elit,Erkek,Kulüp,Takım Sporu,Türkiye,Yerli,Türk Takımı Var,TV+ Yok,Yıllık,Sürekli Lig,Kadro,Bilgi,Takım,Jenerik,Türkçe,Head,tk_kadro,33100,LOW,0,0.24,0.09,0.36,evet,49500,14800,18100,27100,33100,40500,33100,27100,22200,27100,40500,40500,40500,14800,22200,22200,27100,33100,27100,33100,33100,49500,60500,74000,60500,33100,33100,22200,33100,40500,40500,hayır
beşiktaş oyuncuları,Süper Lig,Futbol,Lig,1. Seviye,Global Elit,Erkek,Kulüp,Takım Sporu,Türkiye,Yerli,Türk Takımı Var,TV+ Yok,Yıllık,Sürekli Lig,Kadro,Bilgi,Takım,Jenerik,Türkçe,Head,tk_oyuncu,301000,LOW,0,0.38,0.06,0.84,evet,368000,60500,135000,201000,246000,450000,368000,301000,246000,246000,450000,450000,550000,165000,246000,201000,246000,368000,301000,301000,301000,368000,450000,550000,165000,60500,90500,60500,74000,90500,90500,hayır
beşiktaş transfer,Süper Lig,Futbol,Lig,1. Seviye,Global Elit,Erkek,Kulüp,Takım Sporu,Türkiye,Yerli,Türk Takımı Var,TV+ Yok,Yıllık,Sürekli Lig,Transfer,Bilgi,Takım,Jenerik,Türkçe,Head,tk_transfer,301000,LOW,0,0.4,0.19,0.59,evet,673000,246000,110000,60500,49500,368000,673000,135000,49500,40500,673000,1000000,1000000,550000,246000,90500,90500,450000,301000,90500,90500,40500,368000,550000,550000,368000,110000,60500,40500,246000,301000,hayır
beşiktaş,Süper Lig,Futbol,Lig,1. Seviye,Global Elit,Erkek,Kulüp,Takım Sporu,Türkiye,Yerli,Türk Takımı Var,TV+ Yok,Yıllık,Sürekli Lig,Takım Jenerik,Bilgi,Takım,Jenerik,Türkçe,Head,tk_jen,11100000,LOW,1,0.1,0.03,0.29,evet,7480000,2240000,9140000,11100000,11100000,13600000,9140000,11100000,11100000,11100000,11100000,16600000,11100000,4090000,11100000,11100000,11100000,11100000,16600000,16600000,16600000,16600000,16600000,16600000,6120000,2740000,11100000,7480000,7480000,11100000,11100000,hayır
trabzonspor maçı,Süper Lig,Futbol,Lig,1. Seviye,Global Elit,Erkek,Kulüp,Takım Sporu,Türkiye,Yerli,Türk Takımı Var,TV+ Yok,Yıllık,Sürekli Lig,Takım Maç Sorgusu,Bilgi,Takım,Jenerik,Türkçe,Head,tk_mac,550000,LOW,1,0.3,0.05,0.32,evet,165000,33100,823000,1500000,673000,673000,450000,1000000,550000,368000,368000,450000,74000,27100,368000,673000,368000,450000,368000,450000,450000,301000,550000,1000000,135000,18100,301000,165000,201000,201000,246000,hayır
trabzonspor maçı ne zaman,Süper Lig,Futbol,Lig,1. Seviye,Global Elit,Erkek,Kulüp,Takım Sporu,Türkiye,Yerli,Türk Takımı Var,TV+ Yok,Yıllık,Sürekli Lig,Takvim/Saat,Bilgi,Takım,Jenerik,Türkçe,Body,tk_nezaman,14800,LOW,1,,0.05,0.32,evet,5400,1600,22200,27100,18100,14800,14800,22200,14800,12100,9900,12100,3600,1900,12100,22200,14800,14800,18100,12100,12100,9900,12100,27100,9900,1900,12100,9900,12100,14800,14800,hayır
trabzonspor maçı hangi kanalda,Süper Lig,Futbol,Lig,1. Seviye,Global Elit,Erkek,Kulüp,Takım Sporu,Türkiye,Yerli,Türk Takımı Var,TV+ Yok,Yıllık,Sürekli Lig,Kanal/Yayın,İzleme,Takım,Jenerik,Türkçe,Body,tk_kanal,14800,LOW,4,0.3,0.08,0.36,evet,12100,170,33100,40500,14800,14800,18100,27100,4400,3600,3600,6600,9900,90,6600,33100,3600,12100,9900,3600,8100,5400,12100,368000,74000,170,18100,12100,1600,8100,4400,hayır
trabzonspor canlı izle,Süper Lig,Futbol,Lig,1. Seviye,Global Elit,Erkek,Kulüp,Takım Sporu,Türkiye,Yerli,Türk Takımı Var,TV+ Yok,Yıllık,Sürekli Lig,Canlı İzle,İzleme,Takım,Jenerik,Türkçe,Body,tk_izle,1300,LOW,6,0.28,0.08,0.32,evet,590,140,1600,2900,1300,2400,1600,1900,880,880,880,1000,390,110,720,1300,1000,1900,720,1000,1600,1000,1900,2400,590,210,880,590,880,590,1300,hayır
trabzonspor fikstür,Süper Lig,Futbol,Lig,1. Seviye,Global Elit,Erkek,Kulüp,Takım Sporu,Türkiye,Yerli,Türk Takımı Var,TV+ Yok,Yıllık,Sürekli Lig,Fikstür,Bilgi,Takım,Jenerik,Türkçe,Head,tk_fikstur,12100,LOW,1,0.18,0.05,0.22,evet,9900,480,8100,40500,18100,12100,9900,18100,12100,12100,9900,12100,5400,480,5400,12100,9900,9900,9900,8100,8100,8100,12100,14800,6600,390,6600,8100,9900,9900,12100,hayır
trabzonspor puan durumu,Süper Lig,Futbol,Lig,1. Seviye,Global Elit,Erkek,Kulüp,Takım Sporu,Türkiye,Yerli,Türk Takımı Var,TV+ Yok,Yıllık,Sürekli Lig,Puan Durumu,Bilgi,Takım,Jenerik,İngilizce,Body,tk_pd,1000000,LOW,0,,0.04,0.25,evet,60500,27100,1220000,2740000,1220000,1000000,673000,1830000,1000000,823000,550000,550000,40500,40500,550000,823000,550000,673000,673000,673000,673000,450000,673000,301000,33100,9900,165000,90500,90500,74000,74000,hayır
trabzonspor kadro,Süper Lig,Futbol,Lig,1. Seviye,Global Elit,Erkek,Kulüp,Takım Sporu,Türkiye,Yerli,Türk Takımı Var,TV+ Yok,Yıllık,Sürekli Lig,Kadro,Bilgi,Takım,Jenerik,İngilizce,Head,tk_kadro,9900,LOW,0,,,,evet,9900,6600,9900,12100,6600,14800,12100,12100,9900,6600,14800,8100,5400,3600,8100,8100,4400,8100,6600,8100,8100,4400,12100,12100,12100,6600,8100,5400,9900,8100,14800,hayır
trabzonspor oyuncuları,Süper Lig,Futbol,Lig,1. Seviye,Global Elit,Erkek,Kulüp,Takım Sporu,Türkiye,Yerli,Türk Takımı Var,TV+ Yok,Yıllık,Sürekli Lig,Kadro,Bilgi,Takım,Jenerik,Türkçe,Head,tk_oyuncu,110000,LOW,0,0.26,,,evet,60500,27100,90500,135000,90500,135000,135000,165000,110000,90500,165000,110000,74000,40500,74000,74000,49500,90500,74000,74000,74000,49500,110000,135000,49500,22200,18100,14800,18100,18100,22200,hayır
trabzonspor transfer,Süper Lig,Futbol,Lig,1. Seviye,Global Elit,Erkek,Kulüp,Takım Sporu,Türkiye,Yerli,Türk Takımı Var,TV+ Yok,Yıllık,Sürekli Lig,Transfer,Bilgi,Takım,Jenerik,İngilizce,Head,tk_transfer,90500,LOW,1,0.27,0.11,0.21,evet,165000,135000,49500,22200,9900,49500,135000,40500,22200,18100,135000,201000,246000,165000,60500,18100,22200,90500,165000,49500,14800,9900,90500,201000,165000,90500,40500,22200,14800,49500,49500,hayır
trabzonspor,Süper Lig,Futbol,Lig,1. Seviye,Global Elit,Erkek,Kulüp,Takım Sporu,Türkiye,Yerli,Türk Takımı Var,TV+ Yok,Yıllık,Sürekli Lig,Takım Jenerik,Bilgi,Takım,Jenerik,İngilizce,Head,tk_jen,6120000,LOW,1,0.26,0.11,0.35,evet,2240000,1220000,9140000,11100000,6120000,6120000,5000000,9140000,5000000,4090000,5000000,5000000,2240000,1500000,4090000,6120000,3350000,5000000,4090000,4090000,4090000,2740000,5000000,7480000,2740000,1220000,6120000,3350000,4090000,4090000,5000000,hayır
başakşehir maçı,Süper Lig,Futbol,Lig,1. Seviye,Global Elit,Erkek,Kulüp,Takım Sporu,Türkiye,Yerli,Türk Takımı Var,TV+ Yok,Yıllık,Sürekli Lig,Takım Maç Sorgusu,Bilgi,Takım,Jenerik,Türkçe,Head,tk_mac,74000,LOW,0,0.28,0.05,0.37,evet,110000,6600,40500,60500,49500,49500,27100,49500,40500,60500,27100,368000,74000,5400,74000,60500,40500,110000,90500,201000,201000,165000,90500,368000,49500,1300,22200,14800,12100,27100,27100,hayır
başakşehir maçı ne zaman,Süper Lig,Futbol,Lig,1. Seviye,Global Elit,Erkek,Kulüp,Takım Sporu,Türkiye,Yerli,Türk Takımı Var,TV+ Yok,Yıllık,Sürekli Lig,Takvim/Saat,Bilgi,Takım,Jenerik,Türkçe,Body,tk_nezaman,1900,LOW,1,0.09,0.05,0.37,evet,5400,170,880,1600,1600,1300,1000,1600,880,1300,880,8100,2900,260,1600,1300,1300,1600,2400,4400,5400,4400,1900,8100,2400,110,1000,880,880,1300,1000,hayır
başakşehir maçı hangi kanalda,Süper Lig,Futbol,Lig,1. Seviye,Global Elit,Erkek,Kulüp,Takım Sporu,Türkiye,Yerli,Türk Takımı Var,TV+ Yok,Yıllık,Sürekli Lig,Kanal/Yayın,İzleme,Takım,Jenerik,Türkçe,Body,tk_kanal,22200,LOW,1,0.34,0.07,0.32,evet,110000,70,320,880,1000,880,1300,1600,1000,2400,880,165000,49500,90,390,480,720,2900,2900,18100,33100,40500,5400,135000,27100,30,260,210,390,880,720,hayır
başakşehir canlı izle,Süper Lig,Futbol,Lig,1. Seviye,Global Elit,Erkek,Kulüp,Takım Sporu,Türkiye,Yerli,Türk Takımı Var,TV+ Yok,Yıllık,Sürekli Lig,Canlı İzle,İzleme,Takım,Jenerik,Türkçe,Body,tk_izle,1300,LOW,5,0.43,,,evet,90,320,1000,1000,1300,1600,2400,2400,1900,1900,1600,590,210,590,1900,1900,2400,2900,1300,1600,320,320,90,390,90,10,20,40,50,70,140,hayır
başakşehir fikstür,Süper Lig,Futbol,Lig,1. Seviye,Global Elit,Erkek,Kulüp,Takım Sporu,Türkiye,Yerli,Türk Takımı Var,TV+ Yok,Yıllık,Sürekli Lig,Fikstür,Bilgi,Takım,Jenerik,Türkçe,Head,tk_fikstur,1000,LOW,1,,,,evet,1000,70,590,1300,1000,1000,720,1300,720,1000,880,2900,1000,90,1000,1300,720,1000,1600,2400,2400,1900,1900,3600,1000,70,1600,880,590,1000,1600,hayır
başakşehir puan durumu,Süper Lig,Futbol,Lig,1. Seviye,Global Elit,Erkek,Kulüp,Takım Sporu,Türkiye,Yerli,Türk Takımı Var,TV+ Yok,Yıllık,Sürekli Lig,Puan Durumu,Bilgi,Takım,Jenerik,Türkçe,Body,tk_pd,74000,LOW,0,0.03,0.02,0.26,evet,22200,5400,135000,165000,90500,90500,60500,90500,49500,60500,33100,60500,14800,14800,165000,135000,90500,165000,135000,301000,246000,135000,110000,74000,9900,1600,40500,18100,9900,18100,22200,hayır
başakşehir kadro,Süper Lig,Futbol,Lig,1. Seviye,Global Elit,Erkek,Kulüp,Takım Sporu,Türkiye,Yerli,Türk Takımı Var,TV+ Yok,Yıllık,Sürekli Lig,Kadro,Bilgi,Takım,Jenerik,Türkçe,Head,tk_kadro,2400,LOW,0,0.44,,,evet,2400,1600,1900,1900,2900,2900,1600,3600,1300,1900,2400,3600,1900,880,1900,1900,1600,2900,5400,4400,2900,2400,2900,4400,2400,1600,1900,1600,1600,4400,5400,hayır
başakşehir oyuncuları,Süper Lig,Futbol,Lig,1. Seviye,Global Elit,Erkek,Kulüp,Takım Sporu,Türkiye,Yerli,Türk Takımı Var,TV+ Yok,Yıllık,Sürekli Lig,Kadro,Bilgi,Takım,Jenerik,Türkçe,Head,tk_oyuncu,18100,LOW,0,,,,evet,14800,5400,14800,18100,22200,27100,14800,33100,12100,18100,14800,27100,14800,8100,18100,18100,14800,22200,33100,33100,18100,14800,18100,27100,8100,1900,4400,3600,2900,5400,8100,hayır
başakşehir transfer,Süper Lig,Futbol,Lig,1. Seviye,Global Elit,Erkek,Kulüp,Takım Sporu,Türkiye,Yerli,Türk Takımı Var,TV+ Yok,Yıllık,Sürekli Lig,Transfer,Bilgi,Takım,Jenerik,Türkçe,Head,tk_transfer,1300,LOW,0,0.31,,,evet,2900,1600,720,320,320,1000,1600,590,210,320,1900,2900,6600,2400,880,170,210,1600,2400,720,320,320,2400,6600,4400,1900,590,320,480,1000,2400,hayır
başakşehir,Süper Lig,Futbol,Lig,1. Seviye,Global Elit,Erkek,Kulüp,Takım Sporu,Türkiye,Yerli,Türk Takımı Var,TV+ Yok,Yıllık,Sürekli Lig,Takım Jenerik,Bilgi,Takım,Jenerik,Türkçe,Head,tk_jen,673000,LOW,1,0.37,0.05,0.57,evet,823000,201000,368000,450000,450000,450000,368000,550000,450000,550000,450000,2240000,673000,246000,450000,450000,368000,823000,673000,1220000,1220000,1000000,550000,1830000,550000,165000,368000,301000,246000,550000,550000,hayır
samsunspor maçı,Süper Lig,Futbol,Lig,1. Seviye,Global Elit,Erkek,Kulüp,Takım Sporu,Türkiye,Yerli,Türk Takımı Var,TV+ Yok,Yıllık,Sürekli Lig,Takım Maç Sorgusu,Bilgi,Takım,Jenerik,Türkçe,Head,tk_mac,110000,LOW,1,,,,evet,3600,1300,33100,49500,201000,135000,40500,201000,301000,165000,33100,165000,6600,22200,40500,33100,33100,33100,33100,22200,40500,27100,27100,12100,1600,720,22200,22200,22200,33100,40500,hayır
samsunspor maçı ne zaman,Süper Lig,Futbol,Lig,1. Seviye,Global Elit,Erkek,Kulüp,Takım Sporu,Türkiye,Yerli,Türk Takımı Var,TV+ Yok,Yıllık,Sürekli Lig,Takvim/Saat,Bilgi,Takım,Jenerik,Türkçe,Body,tk_nezaman,9900,LOW,1,,,,evet,880,390,2900,6600,14800,14800,8100,22200,18100,9900,5400,12100,1300,1600,6600,5400,5400,5400,5400,5400,8100,5400,4400,3600,590,390,3600,3600,4400,4400,5400,hayır
samsunspor maçı hangi kanalda,Süper Lig,Futbol,Lig,1. Seviye,Global Elit,Erkek,Kulüp,Takım Sporu,Türkiye,Yerli,Türk Takımı Var,TV+ Yok,Yıllık,Sürekli Lig,Kanal/Yayın,İzleme,Takım,Jenerik,Türkçe,Body,tk_kanal,40500,LOW,1,,0.05,0.2,evet,1600,70,1900,8100,33100,33100,6600,49500,90500,49500,5400,246000,2900,390,1300,1000,880,1300,1600,2900,4400,1600,1300,880,210,20,3600,1300,1600,1600,2400,hayır
samsunspor canlı izle,Süper Lig,Futbol,Lig,1. Seviye,Global Elit,Erkek,Kulüp,Takım Sporu,Türkiye,Yerli,Türk Takımı Var,TV+ Yok,Yıllık,Sürekli Lig,Canlı İzle,İzleme,Takım,Jenerik,Türkçe,Body,tk_izle,720,LOW,4,,,,evet,90,10,260,720,880,720,210,1000,1600,1000,480,2400,140,210,260,720,390,480,720,260,1300,880,590,210,70,10,480,320,590,590,590,hayır
samsunspor fikstür,Süper Lig,Futbol,Lig,1. Seviye,Global Elit,Erkek,Kulüp,Takım Sporu,Türkiye,Yerli,Türk Takımı Var,TV+ Yok,Yıllık,Sürekli Lig,Fikstür,Bilgi,Takım,Jenerik,Türkçe,Head,tk_fikstur,5400,LOW,1,0.24,0.05,0.24,evet,1900,170,1600,4400,6600,6600,4400,8100,12100,9900,5400,8100,2900,1300,9900,6600,6600,4400,5400,4400,8100,8100,5400,3600,2400,140,3600,4400,4400,6600,8100,hayır
samsunspor puan durumu,Süper Lig,Futbol,Lig,1. Seviye,Global Elit,Erkek,Kulüp,Takım Sporu,Türkiye,Yerli,Türk Takımı Var,TV+ Yok,Yıllık,Sürekli Lig,Puan Durumu,Bilgi,Takım,Jenerik,İngilizce,Body,tk_pd,368000,LOW,0,,0.04,0.25,evet,9900,6600,301000,368000,368000,368000,301000,823000,1000000,550000,201000,246000,22200,450000,823000,550000,450000,450000,450000,368000,550000,550000,368000,74000,3600,2400,90500,74000,49500,74000,74000,hayır
samsunspor kadro,Süper Lig,Futbol,Lig,1. Seviye,Global Elit,Erkek,Kulüp,Takım Sporu,Türkiye,Yerli,Türk Takımı Var,TV+ Yok,Yıllık,Sürekli Lig,Kadro,Bilgi,Takım,Jenerik,İngilizce,Head,tk_kadro,3600,LOW,0,,,,evet,1300,1000,3600,2400,3600,2900,3600,5400,4400,4400,1900,3600,1600,1300,1300,2900,2900,1600,2400,1600,4400,4400,1900,2400,1000,720,1300,1000,1000,2900,3600,hayır
samsunspor oyuncuları,Süper Lig,Futbol,Lig,1. Seviye,Global Elit,Erkek,Kulüp,Takım Sporu,Türkiye,Yerli,Türk Takımı Var,TV+ Yok,Yıllık,Sürekli Lig,Kadro,Bilgi,Takım,Jenerik,Türkçe,Head,tk_oyuncu,33100,LOW,0,,,,evet,8100,4400,27100,22200,40500,40500,49500,60500,49500,49500,22200,49500,18100,27100,33100,33100,40500,27100,27100,22200,49500,74000,27100,18100,2900,1600,3600,2900,2900,5400,5400,hayır
samsunspor transfer,Süper Lig,Futbol,Lig,1. Seviye,Global Elit,Erkek,Kulüp,Takım Sporu,Türkiye,Yerli,Türk Takımı Var,TV+ Yok,Yıllık,Sürekli Lig,Transfer,Bilgi,Takım,Jenerik,İngilizce,Head,tk_transfer,12100,LOW,0,1.13,0.21,0.37,evet,18100,9900,5400,1000,720,5400,22200,5400,1900,1300,22200,49500,33100,22200,5400,720,720,880,1000,390,480,720,720,2400,5400,2400,1000,320,390,14800,18100,hayır
samsunspor,Süper Lig,Futbol,Lig,1. Seviye,Global Elit,Erkek,Kulüp,Takım Sporu,Türkiye,Yerli,Türk Takımı Var,TV+ Yok,Yıllık,Sürekli Lig,Takım Jenerik,Bilgi,Takım,Jenerik,İngilizce,Head,tk_jen,2740000,LOW,0,0.11,0.03,0.23,evet,368000,246000,1500000,2240000,4090000,4090000,1830000,5000000,5000000,4090000,1500000,5000000,673000,1830000,3350000,2740000,2240000,1830000,2240000,1500000,2740000,2740000,1500000,673000,201000,165000,1000000,823000,823000,1500000,1830000,hayır
kocaelispor maçı,Süper Lig,Futbol,Lig,1. Seviye,Global Elit,Erkek,Kulüp,Takım Sporu,Türkiye,Yerli,Türk Takımı Var,TV+ Yok,Yıllık,Sürekli Lig,Takım Maç Sorgusu,Bilgi,Takım,Jenerik,Türkçe,Head,tk_mac,22200,LOW,0,,,,evet,880,480,14800,33100,22200,40500,18100,40500,40500,33100,22200,33100,1600,590,9900,33100,33100,27100,22200,18100,27100,12100,22200,12100,1300,480,14800,14800,8100,14800,12100,hayır
kocaelispor maçı ne zaman,Süper Lig,Futbol,Lig,1. Seviye,Global Elit,Erkek,Kulüp,Takım Sporu,Türkiye,Yerli,Türk Takımı Var,TV+ Yok,Yıllık,Sürekli Lig,Takvim/Saat,Bilgi,Takım,Jenerik,Türkçe,Body,tk_nezaman,3600,LOW,1,,,,evet,320,210,2400,4400,3600,5400,2900,5400,4400,4400,4400,3600,480,260,2400,6600,6600,4400,5400,4400,3600,2900,3600,1900,390,170,2400,2900,1900,2400,2400,hayır
kocaelispor maçı hangi kanalda,Süper Lig,Futbol,Lig,1. Seviye,Global Elit,Erkek,Kulüp,Takım Sporu,Türkiye,Yerli,Türk Takımı Var,TV+ Yok,Yıllık,Sürekli Lig,Kanal/Yayın,İzleme,Takım,Jenerik,Türkçe,Body,tk_kanal,1300,LOW,6,,,,evet,40,10,1600,1300,1000,2400,1000,2400,1300,1300,1000,2900,320,10,1000,2900,2900,3600,1900,1900,2400,1000,2900,2400,170,10,2400,1300,320,590,720,hayır
kocaelispor canlı izle,Süper Lig,Futbol,Lig,1. Seviye,Global Elit,Erkek,Kulüp,Takım Sporu,Türkiye,Yerli,Türk Takımı Var,TV+ Yok,Yıllık,Sürekli Lig,Canlı İzle,İzleme,Takım,Jenerik,Türkçe,Body,tk_izle,260,LOW,0,,,,evet,40,20,110,170,140,480,320,480,320,210,170,390,30,10,170,480,480,590,320,320,390,170,320,170,70,20,480,260,70,170,320,hayır
kocaelispor fikstür,Süper Lig,Futbol,Lig,1. Seviye,Global Elit,Erkek,Kulüp,Takım Sporu,Türkiye,Yerli,Türk Takımı Var,TV+ Yok,Yıllık,Sürekli Lig,Fikstür,Bilgi,Takım,Jenerik,Türkçe,Head,tk_fikstur,2900,LOW,1,0.1,0.03,0.14,evet,1600,70,720,2400,1900,3600,2400,2900,3600,3600,3600,5400,4400,90,590,2900,2400,2900,2400,1600,1900,1600,1300,1600,720,40,880,2400,1000,1600,1600,hayır
kocaelispor puan durumu,Süper Lig,Futbol,Lig,1. Seviye,Global Elit,Erkek,Kulüp,Takım Sporu,Türkiye,Yerli,Türk Takımı Var,TV+ Yok,Yıllık,Sürekli Lig,Puan Durumu,Bilgi,Takım,Jenerik,İngilizce,Body,tk_pd,135000,LOW,0,0.04,,,evet,4400,2900,135000,246000,135000,201000,74000,165000,246000,201000,90500,110000,12100,8100,165000,550000,368000,301000,246000,201000,201000,135000,110000,74000,2900,1000,22200,49500,18100,27100,27100,hayır
kocaelispor kadro,Süper Lig,Futbol,Lig,1. Seviye,Global Elit,Erkek,Kulüp,Takım Sporu,Türkiye,Yerli,Türk Takımı Var,TV+ Yok,Yıllık,Sürekli Lig,Kadro,Bilgi,Takım,Jenerik,İngilizce,Head,tk_kadro,1600,LOW,0,,,,evet,720,480,880,2400,720,2900,1300,1300,2900,1000,1300,2900,1000,590,880,1600,880,1000,880,590,880,590,720,1300,880,260,720,480,480,880,880,hayır
kocaelispor oyuncuları,Süper Lig,Futbol,Lig,1. Seviye,Global Elit,Erkek,Kulüp,Takım Sporu,Türkiye,Yerli,Türk Takımı Var,TV+ Yok,Yıllık,Sürekli Lig,Kadro,Bilgi,Takım,Jenerik,Türkçe,Head,tk_oyuncu,18100,LOW,0,,,,evet,2900,1900,5400,22200,9900,27100,14800,14800,33100,14800,22200,40500,14800,5400,12100,27100,14800,18100,14800,9900,9900,8100,8100,12100,2400,590,1300,1600,1000,1600,1600,hayır
kocaelispor transfer,Süper Lig,Futbol,Lig,1. Seviye,Global Elit,Erkek,Kulüp,Takım Sporu,Türkiye,Yerli,Türk Takımı Var,TV+ Yok,Yıllık,Sürekli Lig,Transfer,Bilgi,Takım,Jenerik,İngilizce,Head,tk_transfer,1900,LOW,1,0.08,0.26,0.78,evet,2900,1600,720,260,110,1600,2400,880,480,170,3600,8100,14800,9900,2400,590,140,2400,2400,390,140,110,720,3600,8100,2900,260,90,90,2900,4400,hayır
kocaelispor,Süper Lig,Futbol,Lig,1. Seviye,Global Elit,Erkek,Kulüp,Takım Sporu,Türkiye,Yerli,Türk Takımı Var,TV+ Yok,Yıllık,Sürekli Lig,Takım Jenerik,Bilgi,Takım,Jenerik,İngilizce,Head,tk_jen,823000,LOW,0,0.26,0.1,0.37,evet,110000,90500,550000,1220000,823000,1220000,550000,1000000,1500000,823000,673000,1000000,301000,201000,550000,1500000,1000000,1000000,823000,550000,673000,368000,550000,450000,201000,90500,450000,550000,368000,450000,450000,hayır
göztepe maçı,Süper Lig,Futbol,Lig,1. Seviye,Global Elit,Erkek,Kulüp,Takım Sporu,Türkiye,Yerli,Türk Takımı Var,TV+ Yok,Yıllık,Sürekli Lig,Takım Maç Sorgusu,Bilgi,Takım,Jenerik,Türkçe,Head,tk_mac,110000,LOW,1,,0.04,0.22,evet,12100,6600,90500,201000,90500,165000,135000,135000,110000,110000,110000,135000,18100,6600,110000,246000,110000,165000,201000,135000,135000,110000,90500,110000,8100,3600,40500,110000,60500,49500,40500,hayır
göztepe maçı ne zaman,Süper Lig,Futbol,Lig,1. Seviye,Global Elit,Erkek,Kulüp,Takım Sporu,Türkiye,Yerli,Türk Takımı Var,TV+ Yok,Yıllık,Sürekli Lig,Takvim/Saat,Bilgi,Takım,Jenerik,Türkçe,Body,tk_nezaman,4400,LOW,1,0.2,,,evet,590,720,3600,6600,4400,6600,6600,6600,5400,5400,3600,3600,880,480,4400,6600,4400,6600,5400,5400,4400,3600,2900,2400,390,480,2900,5400,3600,2900,2400,hayır
göztepe maçı hangi kanalda,Süper Lig,Futbol,Lig,1. Seviye,Global Elit,Erkek,Kulüp,Takım Sporu,Türkiye,Yerli,Türk Takımı Var,TV+ Yok,Yıllık,Sürekli Lig,Kanal/Yayın,İzleme,Takım,Jenerik,Türkçe,Body,tk_kanal,1000,LOW,3,0.21,0.06,0.3,evet,1000,10,1300,1600,590,880,1600,1300,1600,880,720,1900,1600,20,1000,2900,720,3600,1900,2900,1900,880,1000,1600,720,20,1300,8100,1600,1600,1000,hayır
göztepe canlı izle,Süper Lig,Futbol,Lig,1. Seviye,Global Elit,Erkek,Kulüp,Takım Sporu,Türkiye,Yerli,Türk Takımı Var,TV+ Yok,Yıllık,Sürekli Lig,Canlı İzle,İzleme,Takım,Jenerik,Türkçe,Body,tk_izle,70,LOW,4,,,,evet,10,10,40,110,30,90,110,110,110,40,50,170,40,10,40,70,40,90,140,90,140,140,110,210,50,20,90,480,70,70,70,hayır
göztepe fikstür,Süper Lig,Futbol,Lig,1. Seviye,Global Elit,Erkek,Kulüp,Takım Sporu,Türkiye,Yerli,Türk Takımı Var,TV+ Yok,Yıllık,Sürekli Lig,Fikstür,Bilgi,Takım,Jenerik,Türkçe,Head,tk_fikstur,5400,LOW,1,0.16,0.05,0.2,evet,2900,320,2400,8100,5400,8100,6600,6600,6600,8100,8100,8100,3600,480,5400,8100,6600,6600,9900,8100,8100,6600,6600,8100,3600,320,1900,6600,6600,5400,4400,hayır
göztepe puan durumu,Süper Lig,Futbol,Lig,1. Seviye,Global Elit,Erkek,Kulüp,Takım Sporu,Türkiye,Yerli,Türk Takımı Var,TV+ Yok,Yıllık,Sürekli Lig,Puan Durumu,Bilgi,Takım,Jenerik,Türkçe,Body,tk_pd,165000,LOW,0,,,,evet,6600,4400,165000,246000,110000,246000,201000,201000,135000,165000,165000,165000,8100,8100,165000,246000,135000,165000,246000,165000,165000,110000,90500,90500,4400,1900,33100,110000,49500,40500,27100,hayır
göztepe kadro,Süper Lig,Futbol,Lig,1. Seviye,Global Elit,Erkek,Kulüp,Takım Sporu,Türkiye,Yerli,Türk Takımı Var,TV+ Yok,Yıllık,Sürekli Lig,Kadro,Bilgi,Takım,Jenerik,Türkçe,Head,tk_kadro,2900,LOW,0,,,,evet,1300,1000,1600,4400,1600,3600,4400,2400,1600,2400,4400,5400,2900,1000,1900,5400,1900,1900,6600,1900,2900,1900,2400,5400,1600,1000,1600,1900,1000,1000,1300,hayır
göztepe oyuncuları,Süper Lig,Futbol,Lig,1. Seviye,Global Elit,Erkek,Kulüp,Takım Sporu,Türkiye,Yerli,Türk Takımı Var,TV+ Yok,Yıllık,Sürekli Lig,Kadro,Bilgi,Takım,Jenerik,Türkçe,Head,tk_oyuncu,22200,LOW,0,,,,evet,4400,2900,9900,22200,12100,33100,33100,22200,12100,22200,27100,33100,14800,5400,14800,40500,12100,14800,40500,14800,18100,12100,14800,27100,3600,1300,2900,4400,2400,2400,2900,hayır
göztepe transfer,Süper Lig,Futbol,Lig,1. Seviye,Global Elit,Erkek,Kulüp,Takım Sporu,Türkiye,Yerli,Türk Takımı Var,TV+ Yok,Yıllık,Sürekli Lig,Transfer,Bilgi,Takım,Jenerik,Türkçe,Head,tk_transfer,6600,LOW,0,,0.26,0.52,evet,9900,6600,2400,720,590,6600,9900,4400,1000,1000,12100,14800,22200,18100,2400,1000,720,5400,12100,2900,1600,1000,9900,18100,18100,12100,8100,880,590,4400,12100,hayır
göztepe,Süper Lig,Futbol,Lig,1. Seviye,Global Elit,Erkek,Kulüp,Takım Sporu,Türkiye,Yerli,Türk Takımı Var,TV+ Yok,Yıllık,Sürekli Lig,Takım Jenerik,Bilgi,Takım,Jenerik,Türkçe,Head,tk_jen,1220000,LOW,2,0.22,0.02,0.15,evet,301000,246000,1220000,1830000,1000000,1830000,1500000,1500000,1220000,1220000,1220000,1500000,368000,301000,1000000,1830000,1000000,1220000,1830000,1000000,1000000,823000,673000,1000000,301000,246000,450000,823000,550000,550000,550000,hayır
alanyaspor maçı,Süper Lig,Futbol,Lig,1. Seviye,Global Elit,Erkek,Kulüp,Takım Sporu,Türkiye,Yerli,Türk Takımı Var,TV+ Yok,Yıllık,Sürekli Lig,Takım Maç Sorgusu,Bilgi,Takım,Jenerik,Türkçe,Head,tk_mac,27100,LOW,0,,0.04,0.11,evet,8100,1300,18100,33100,33100,40500,33100,27100,22200,22200,49500,22200,6600,1600,165000,90500,49500,49500,27100,33100,18100,27100,18100,33100,2400,1000,12100,14800,9900,12100,14800,hayır
alanyaspor maçı ne zaman,Süper Lig,Futbol,Lig,1. Seviye,Global Elit,Erkek,Kulüp,Takım Sporu,Türkiye,Yerli,Türk Takımı Var,TV+ Yok,Yıllık,Sürekli Lig,Takvim/Saat,Bilgi,Takım,Jenerik,Türkçe,Body,tk_nezaman,1000,LOW,0,,,,evet,320,70,720,1600,1300,1300,1300,1300,1000,1000,1300,880,390,140,1900,1900,1600,1600,1300,1300,880,1000,880,1000,210,110,880,1300,1000,1000,1000,hayır
alanyaspor maçı hangi kanalda,Süper Lig,Futbol,Lig,1. Seviye,Global Elit,Erkek,Kulüp,Takım Sporu,Türkiye,Yerli,Türk Takımı Var,TV+ Yok,Yıllık,Sürekli Lig,Kanal/Yayın,İzleme,Takım,Jenerik,Türkçe,Body,tk_kanal,590,LOW,2,,,,evet,90,20,210,480,2400,720,720,590,170,320,320,320,260,10,390,260,480,1300,320,880,260,480,140,480,20,40,320,210,170,210,390,hayır
alanyaspor canlı izle,Süper Lig,Futbol,Lig,1. Seviye,Global Elit,Erkek,Kulüp,Takım Sporu,Türkiye,Yerli,Türk Takımı Var,TV+ Yok,Yıllık,Sürekli Lig,Canlı İzle,İzleme,Takım,Jenerik,Türkçe,Body,tk_izle,50,LOW,7,,,,evet,20,10,20,90,110,90,90,50,30,70,40,20,10,0,10,20,30,90,40,70,20,40,30,70,10,10,50,70,50,40,110,hayır
alanyaspor fikstür,Süper Lig,Futbol,Lig,1. Seviye,Global Elit,Erkek,Kulüp,Takım Sporu,Türkiye,Yerli,Türk Takımı Var,TV+ Yok,Yıllık,Sürekli Lig,Fikstür,Bilgi,Takım,Jenerik,Türkçe,Head,tk_fikstur,880,LOW,1,,,,evet,480,50,480,1000,880,1300,1000,880,720,720,1600,1000,480,50,3600,2900,1300,1300,1000,880,720,880,880,1300,390,40,720,1300,1000,1600,1300,hayır
alanyaspor puan durumu,Süper Lig,Futbol,Lig,1. Seviye,Global Elit,Erkek,Kulüp,Takım Sporu,Türkiye,Yerli,Türk Takımı Var,TV+ Yok,Yıllık,Sürekli Lig,Puan Durumu,Bilgi,Takım,Jenerik,İngilizce,Body,tk_pd,49500,LOW,0,0.33,0.03,0.26,evet,12100,1900,74000,74000,49500,74000,74000,60500,40500,40500,90500,40500,9900,5400,301000,165000,90500,90500,49500,60500,33100,40500,33100,40500,2900,720,14800,14800,6600,9900,5400,hayır
alanyaspor kadro,Süper Lig,Futbol,Lig,1. Seviye,Global Elit,Erkek,Kulüp,Takım Sporu,Türkiye,Yerli,Türk Takımı Var,TV+ Yok,Yıllık,Sürekli Lig,Kadro,Bilgi,Takım,Jenerik,İngilizce,Head,tk_kadro,2400,LOW,0,,,,evet,880,720,1000,2400,2900,4400,3600,2400,1600,1600,4400,1300,720,480,1000,1000,2900,2400,1000,1600,880,1600,1000,2400,1300,1000,1300,2900,1000,2900,1300,hayır
alanyaspor oyuncuları,Süper Lig,Futbol,Lig,1. Seviye,Global Elit,Erkek,Kulüp,Takım Sporu,Türkiye,Yerli,Türk Takımı Var,TV+ Yok,Yıllık,Sürekli Lig,Kadro,Bilgi,Takım,Jenerik,Türkçe,Head,tk_oyuncu,14800,LOW,0,,,,evet,4400,1900,5400,12100,14800,27100,22200,14800,8100,8100,27100,12100,8100,2400,9900,8100,18100,18100,6600,9900,6600,9900,6600,18100,3600,1000,1600,2900,1300,1900,1000,hayır
alanyaspor transfer,Süper Lig,Futbol,Lig,1. Seviye,Global Elit,Erkek,Kulüp,Takım Sporu,Türkiye,Yerli,Türk Takımı Var,TV+ Yok,Yıllık,Sürekli Lig,Transfer,Bilgi,Takım,Jenerik,İngilizce,Head,tk_transfer,720,LOW,16,1.56,0.63,1.58,evet,1600,880,590,260,210,720,880,320,260,390,1300,1000,1600,880,320,210,210,880,880,320,390,390,880,1900,2400,880,390,320,210,1300,880,hayır
alanyaspor,Süper Lig,Futbol,Lig,1. Seviye,Global Elit,Erkek,Kulüp,Takım Sporu,Türkiye,Yerli,Türk Takımı Var,TV+ Yok,Yıllık,Sürekli Lig,Takım Jenerik,Bilgi,Takım,Jenerik,İngilizce,Head,tk_jen,450000,LOW,0,0.11,0.03,0.14,evet,110000,27100,368000,550000,550000,823000,673000,550000,301000,301000,673000,368000,110000,49500,1500000,823000,673000,673000,368000,450000,246000,368000,246000,550000,74000,40500,673000,550000,368000,673000,450000,hayır
konyaspor maçı,Süper Lig,Futbol,Lig,1. Seviye,Global Elit,Erkek,Kulüp,Takım Sporu,Türkiye,Yerli,Türk Takımı Var,TV+ Yok,Yıllık,Sürekli Lig,Takım Maç Sorgusu,Bilgi,Takım,Jenerik,Türkçe,Head,tk_mac,33100,LOW,0,0.17,0.02,0.61,evet,4400,1900,74000,60500,33100,40500,22200,27100,33100,33100,33100,27100,2900,1600,33100,60500,40500,33100,49500,27100,27100,22200,18100,40500,3600,1600,90500,22200,27100,33100,33100,hayır
konyaspor maçı ne zaman,Süper Lig,Futbol,Lig,1. Seviye,Global Elit,Erkek,Kulüp,Takım Sporu,Türkiye,Yerli,Türk Takımı Var,TV+ Yok,Yıllık,Sürekli Lig,Takvim/Saat,Bilgi,Takım,Jenerik,Türkçe,Body,tk_nezaman,4400,LOW,0,,,,evet,1000,480,9900,6600,4400,4400,3600,4400,4400,4400,4400,3600,720,480,3600,6600,4400,4400,4400,3600,3600,3600,2900,3600,880,480,8100,2900,3600,4400,3600,hayır
konyaspor maçı hangi kanalda,Süper Lig,Futbol,Lig,1. Seviye,Global Elit,Erkek,Kulüp,Takım Sporu,Türkiye,Yerli,Türk Takımı Var,TV+ Yok,Yıllık,Sürekli Lig,Kanal/Yayın,İzleme,Takım,Jenerik,Türkçe,Body,tk_kanal,2400,LOW,1,0.12,0.06,0.47,evet,1000,90,8100,3600,6600,1600,1300,1600,880,1600,880,880,720,30,720,5400,720,2400,1600,1300,1300,1000,720,2400,880,70,3600,720,720,1000,1300,hayır
konyaspor canlı izle,Süper Lig,Futbol,Lig,1. Seviye,Global Elit,Erkek,Kulüp,Takım Sporu,Türkiye,Yerli,Türk Takımı Var,TV+ Yok,Yıllık,Sürekli Lig,Canlı İzle,İzleme,Takım,Jenerik,Türkçe,Body,tk_izle,390,LOW,1,,,,evet,390,170,590,390,390,480,880,720,320,390,260,260,140,90,390,720,590,880,320,590,720,260,210,590,390,170,1300,390,590,590,1000,hayır
konyaspor fikstür,Süper Lig,Futbol,Lig,1. Seviye,Global Elit,Erkek,Kulüp,Takım Sporu,Türkiye,Yerli,Türk Takımı Var,TV+ Yok,Yıllık,Sürekli Lig,Fikstür,Bilgi,Takım,Jenerik,Türkçe,Head,tk_fikstur,1900,LOW,1,0.14,0.04,0.14,evet,1600,110,1600,2900,1900,3600,1900,1900,1900,2400,2400,2900,1900,170,1600,3600,2900,2400,2900,2400,2400,1900,1900,2900,1900,90,6600,4400,2900,4400,2900,hayır
konyaspor puan durumu,Süper Lig,Futbol,Lig,1. Seviye,Global Elit,Erkek,Kulüp,Takım Sporu,Türkiye,Yerli,Türk Takımı Var,TV+ Yok,Yıllık,Sürekli Lig,Puan Durumu,Bilgi,Takım,Jenerik,İngilizce,Body,tk_pd,135000,LOW,0,,,,evet,6600,3600,201000,301000,135000,201000,74000,110000,90500,110000,110000,201000,8100,9900,201000,301000,246000,165000,201000,110000,110000,90500,90500,110000,4400,2400,165000,49500,27100,22200,22200,hayır
konyaspor kadro,Süper Lig,Futbol,Lig,1. Seviye,Global Elit,Erkek,Kulüp,Takım Sporu,Türkiye,Yerli,Türk Takımı Var,TV+ Yok,Yıllık,Sürekli Lig,Kadro,Bilgi,Takım,Jenerik,İngilizce,Head,tk_kadro,1600,LOW,0,,,,evet,1000,1000,3600,2400,1000,2900,1600,1600,880,1000,1600,1600,590,480,880,1900,1000,1300,2400,720,880,1000,1300,2900,1300,1000,12100,1000,880,2400,4400,hayır
konyaspor oyuncuları,Süper Lig,Futbol,Lig,1. Seviye,Global Elit,Erkek,Kulüp,Takım Sporu,Türkiye,Yerli,Türk Takımı Var,TV+ Yok,Yıllık,Sürekli Lig,Kadro,Bilgi,Takım,Jenerik,Türkçe,Head,tk_oyuncu,18100,LOW,0,,,,evet,5400,4400,27100,22200,12100,33100,27100,22200,12100,14800,22200,33100,9900,5400,14800,22200,14800,18100,27100,9900,9900,12100,12100,33100,6600,2400,14800,2900,2900,4400,6600,hayır
konyaspor transfer,Süper Lig,Futbol,Lig,1. Seviye,Global Elit,Erkek,Kulüp,Takım Sporu,Türkiye,Yerli,Türk Takımı Var,TV+ Yok,Yıllık,Sürekli Lig,Transfer,Bilgi,Takım,Jenerik,İngilizce,Head,tk_transfer,14800,LOW,1,0.1,0.03,0.31,evet,27100,14800,4400,1600,1000,9900,40500,18100,1300,1300,12100,33100,40500,12100,1900,1000,720,9900,18100,2900,720,1000,18100,27100,49500,18100,2900,1000,1300,22200,60500,hayır
konyaspor,Süper Lig,Futbol,Lig,1. Seviye,Global Elit,Erkek,Kulüp,Takım Sporu,Türkiye,Yerli,Türk Takımı Var,TV+ Yok,Yıllık,Sürekli Lig,Takım Jenerik,Bilgi,Takım,Jenerik,İngilizce,Head,tk_jen,1000000,LOW,0,0.11,0.02,0.13,evet,301000,165000,1830000,1500000,823000,1500000,823000,823000,823000,823000,823000,1500000,368000,201000,823000,1500000,1000000,1220000,1500000,673000,673000,673000,673000,1500000,450000,246000,4090000,823000,673000,1220000,1500000,hayır
antalyaspor maçı,Süper Lig,Futbol,Lig,1. Seviye,Global Elit,Erkek,Kulüp,Takım Sporu,Türkiye,Yerli,Türk Takımı Var,TV+ Yok,Yıllık,Sürekli Lig,Takım Maç Sorgusu,Bilgi,Takım,Jenerik,Türkçe,Head,tk_mac,49500,LOW,0,3.31,,,evet,4400,2400,301000,74000,49500,40500,27100,33100,27100,33100,33100,40500,5400,2900,40500,40500,60500,49500,40500,40500,40500,33100,60500,74000,6600,1000,12100,12100,12100,22200,22200,hayır
antalyaspor maçı ne zaman,Süper Lig,Futbol,Lig,1. Seviye,Global Elit,Erkek,Kulüp,Takım Sporu,Türkiye,Yerli,Türk Takımı Var,TV+ Yok,Yıllık,Sürekli Lig,Takvim/Saat,Bilgi,Takım,Jenerik,Türkçe,Body,tk_nezaman,880,LOW,0,,,,evet,170,110,2400,1000,1000,880,880,1000,1000,880,590,720,210,140,1000,1000,1600,1000,1000,880,880,880,880,880,210,110,720,720,880,1000,1300,hayır
antalyaspor maçı hangi kanalda,Süper Lig,Futbol,Lig,1. Seviye,Global Elit,Erkek,Kulüp,Takım Sporu,Türkiye,Yerli,Türk Takımı Var,TV+ Yok,Yıllık,Sürekli Lig,Kanal/Yayın,İzleme,Takım,Jenerik,Türkçe,Body,tk_kanal,320,LOW,2,,,,evet,30,10,880,260,590,390,320,590,260,480,140,260,40,10,260,110,480,480,720,720,260,210,210,260,170,0,170,170,90,260,390,hayır
antalyaspor canlı izle,Süper Lig,Futbol,Lig,1. Seviye,Global Elit,Erkek,Kulüp,Takım Sporu,Türkiye,Yerli,Türk Takımı Var,TV+ Yok,Yıllık,Sürekli Lig,Canlı İzle,İzleme,Takım,Jenerik,Türkçe,Body,tk_izle,140,LOW,0,,,,evet,70,90,390,110,170,110,210,170,110,110,70,140,140,140,170,170,170,170,110,390,210,110,210,140,110,110,170,210,140,480,260,hayır
antalyaspor fikstür,Süper Lig,Futbol,Lig,1. Seviye,Global Elit,Erkek,Kulüp,Takım Sporu,Türkiye,Yerli,Türk Takımı Var,TV+ Yok,Yıllık,Sürekli Lig,Fikstür,Bilgi,Takım,Jenerik,Türkçe,Head,tk_fikstur,1600,LOW,1,,,,evet,480,70,3600,2400,1900,1900,1600,1600,1600,1900,1600,1900,880,90,1600,1600,1900,2400,2400,1900,1600,1900,2400,2900,1300,90,1300,1900,1900,2900,3600,hayır
antalyaspor puan durumu,Süper Lig,Futbol,Lig,1. Seviye,Global Elit,Erkek,Kulüp,Takım Sporu,Türkiye,Yerli,Türk Takımı Var,TV+ Yok,Yıllık,Sürekli Lig,Puan Durumu,Bilgi,Takım,Jenerik,İngilizce,Body,tk_pd,135000,LOW,0,,,,evet,5400,3600,1000000,165000,110000,90500,40500,60500,40500,49500,74000,74000,6600,4400,90500,90500,110000,90500,74000,74000,90500,60500,110000,90500,3600,880,12100,9900,6600,12100,9900,hayır
antalyaspor kadro,Süper Lig,Futbol,Lig,1. Seviye,Global Elit,Erkek,Kulüp,Takım Sporu,Türkiye,Yerli,Türk Takımı Var,TV+ Yok,Yıllık,Sürekli Lig,Kadro,Bilgi,Takım,Jenerik,İngilizce,Head,tk_kadro,1900,LOW,0,,,,evet,720,590,5400,1900,2900,2400,1300,1900,1000,1300,1900,1900,880,480,1000,880,1900,1300,1600,1300,1000,1600,2900,2900,1600,880,1600,1000,1000,5400,3600,hayır
antalyaspor oyuncuları,Süper Lig,Futbol,Lig,1. Seviye,Global Elit,Erkek,Kulüp,Takım Sporu,Türkiye,Yerli,Türk Takımı Var,TV+ Yok,Yıllık,Sürekli Lig,Kadro,Bilgi,Takım,Jenerik,Türkçe,Head,tk_oyuncu,14800,LOW,0,,,,evet,2400,1900,40500,9900,18100,18100,9900,18100,8100,9900,18100,14800,6600,2900,8100,8100,22200,9900,12100,9900,8100,12100,22200,27100,4400,1300,1900,1300,1300,4400,2900,hayır
antalyaspor transfer,Süper Lig,Futbol,Lig,1. Seviye,Global Elit,Erkek,Kulüp,Takım Sporu,Türkiye,Yerli,Türk Takımı Var,TV+ Yok,Yıllık,Sürekli Lig,Transfer,Bilgi,Takım,Jenerik,İngilizce,Head,tk_transfer,720,LOW,1,,0.19,1.46,evet,1000,390,320,170,260,480,1300,480,140,320,1300,2400,4400,1000,260,210,170,390,720,260,210,390,2400,4400,4400,2400,720,210,590,2400,1900,hayır
antalyaspor,Süper Lig,Futbol,Lig,1. Seviye,Global Elit,Erkek,Kulüp,Takım Sporu,Türkiye,Yerli,Türk Takımı Var,TV+ Yok,Yıllık,Sürekli Lig,Takım Jenerik,Bilgi,Takım,Jenerik,İngilizce,Head,tk_jen,673000,LOW,0,0.72,,,evet,74000,60500,3350000,823000,673000,550000,368000,550000,368000,450000,550000,673000,135000,74000,450000,450000,673000,550000,550000,450000,450000,450000,673000,1000000,165000,74000,450000,368000,368000,1220000,1000000,hayır
kasımpaşa maçı,Süper Lig,Futbol,Lig,1. Seviye,Global Elit,Erkek,Kulüp,Takım Sporu,Türkiye,Yerli,Türk Takımı Var,TV+ Yok,Yıllık,Sürekli Lig,Takım Maç Sorgusu,Bilgi,Takım,Jenerik,Türkçe,Head,tk_mac,12100,LOW,0,0.07,,,evet,2400,720,14800,12100,22200,33100,12100,9900,8100,14800,18100,8100,2900,1000,22200,22200,14800,14800,22200,9900,27100,18100,9900,18100,1000,320,4400,8100,12100,12100,12100,hayır
kasımpaşa maçı ne zaman,Süper Lig,Futbol,Lig,1. Seviye,Global Elit,Erkek,Kulüp,Takım Sporu,Türkiye,Yerli,Türk Takımı Var,TV+ Yok,Yıllık,Sürekli Lig,Takvim/Saat,Bilgi,Takım,Jenerik,Türkçe,Body,tk_nezaman,720,LOW,0,0.59,,,evet,210,40,1000,880,880,1300,1300,880,590,720,480,480,170,50,720,880,1000,1300,1000,880,880,720,880,590,140,50,590,590,1000,1000,720,hayır
kasımpaşa maçı hangi kanalda,Süper Lig,Futbol,Lig,1. Seviye,Global Elit,Erkek,Kulüp,Takım Sporu,Türkiye,Yerli,Türk Takımı Var,TV+ Yok,Yıllık,Sürekli Lig,Kanal/Yayın,İzleme,Takım,Jenerik,Türkçe,Body,tk_kanal,260,LOW,1,,,,evet,50,10,480,320,170,590,590,480,110,390,90,110,70,10,260,210,480,590,590,390,390,210,260,320,50,0,140,140,260,320,390,hayır
kasımpaşa canlı izle,Süper Lig,Futbol,Lig,1. Seviye,Global Elit,Erkek,Kulüp,Takım Sporu,Türkiye,Yerli,Türk Takımı Var,TV+ Yok,Yıllık,Sürekli Lig,Canlı İzle,İzleme,Takım,Jenerik,Türkçe,Body,tk_izle,50,LOW,7,,,,evet,10,0,40,40,70,110,90,70,30,50,20,30,10,0,10,10,40,40,20,30,40,50,50,50,10,10,50,50,90,50,140,hayır
kasımpaşa fikstür,Süper Lig,Futbol,Lig,1. Seviye,Global Elit,Erkek,Kulüp,Takım Sporu,Türkiye,Yerli,Türk Takımı Var,TV+ Yok,Yıllık,Sürekli Lig,Fikstür,Bilgi,Takım,Jenerik,Türkçe,Head,tk_fikstur,720,LOW,1,0.05,,,evet,320,20,1000,1300,880,1600,1300,720,480,590,590,590,260,20,480,720,1000,1000,880,590,880,590,1000,720,390,10,390,480,1000,1000,720,hayır
kasımpaşa puan durumu,Süper Lig,Futbol,Lig,1. Seviye,Global Elit,Erkek,Kulüp,Takım Sporu,Türkiye,Yerli,Türk Takımı Var,TV+ Yok,Yıllık,Sürekli Lig,Puan Durumu,Bilgi,Takım,Jenerik,Türkçe,Body,tk_pd,22200,LOW,0,,,,evet,2900,1300,27100,14800,60500,74000,5400,6600,5400,22200,33100,8100,3600,2400,49500,49500,9900,9900,22200,720,40500,27100,5400,22200,320,90,590,8100,6600,1300,1900,hayır
kasımpaşa kadro,Süper Lig,Futbol,Lig,1. Seviye,Global Elit,Erkek,Kulüp,Takım Sporu,Türkiye,Yerli,Türk Takımı Var,TV+ Yok,Yıllık,Sürekli Lig,Kadro,Bilgi,Takım,Jenerik,Türkçe,Head,tk_kadro,2400,LOW,0,,,,evet,590,590,1900,1600,1600,8100,4400,2400,720,1300,1600,1300,590,480,880,1300,1900,2400,2900,1000,1900,1000,2900,1300,590,720,1000,880,2900,2400,1900,hayır
kasımpaşa oyuncuları,Süper Lig,Futbol,Lig,1. Seviye,Global Elit,Erkek,Kulüp,Takım Sporu,Türkiye,Yerli,Türk Takımı Var,TV+ Yok,Yıllık,Sürekli Lig,Kadro,Bilgi,Takım,Jenerik,Türkçe,Head,tk_oyuncu,5400,LOW,0,,,,evet,2400,1600,1000,1000,9900,18100,1600,880,1000,8100,12100,5400,5400,1300,6600,5400,880,880,2900,480,8100,4400,2900,8100,720,390,480,1000,2400,1000,1000,hayır
kasımpaşa transfer,Süper Lig,Futbol,Lig,1. Seviye,Global Elit,Erkek,Kulüp,Takım Sporu,Türkiye,Yerli,Türk Takımı Var,TV+ Yok,Yıllık,Sürekli Lig,Transfer,Bilgi,Takım,Jenerik,Türkçe,Head,tk_transfer,880,LOW,1,,,,evet,720,390,110,90,140,1300,6600,210,50,140,480,1000,1300,480,90,50,90,720,720,210,140,110,1300,1600,880,320,70,70,110,590,1000,hayır
kasımpaşa,Süper Lig,Futbol,Lig,1. Seviye,Global Elit,Erkek,Kulüp,Takım Sporu,Türkiye,Yerli,Türk Takımı Var,TV+ Yok,Yıllık,Sürekli Lig,Takım Jenerik,Bilgi,Takım,Jenerik,Türkçe,Head,tk_jen,246000,LOW,2,0.06,,,evet,60500,60500,301000,301000,201000,673000,368000,246000,135000,201000,246000,165000,74000,60500,201000,201000,450000,301000,301000,201000,301000,165000,246000,165000,60500,49500,135000,165000,450000,368000,246000,hayır
rizespor maçı,Süper Lig,Futbol,Lig,1. Seviye,Global Elit,Erkek,Kulüp,Takım Sporu,Türkiye,Yerli,Türk Takımı Var,TV+ Yok,Yıllık,Sürekli Lig,Takım Maç Sorgusu,Bilgi,Takım,Jenerik,Türkçe,Head,tk_mac,33100,LOW,0,0.18,,,evet,6600,1600,22200,90500,27100,49500,27100,40500,60500,33100,33100,33100,5400,2400,60500,74000,40500,110000,49500,60500,33100,33100,49500,60500,3600,880,12100,18100,14800,18100,33100,hayır
rizespor maçı ne zaman,Süper Lig,Futbol,Lig,1. Seviye,Global Elit,Erkek,Kulüp,Takım Sporu,Türkiye,Yerli,Türk Takımı Var,TV+ Yok,Yıllık,Sürekli Lig,Takvim/Saat,Bilgi,Takım,Jenerik,Türkçe,Body,tk_nezaman,880,LOW,1,,,,evet,210,70,590,1300,1000,1300,880,1300,1300,1000,1000,1000,210,90,1300,1600,1300,1600,1300,1600,1000,1000,1000,1000,170,70,720,1300,1000,1300,1300,hayır
rizespor maçı hangi kanalda,Süper Lig,Futbol,Lig,1. Seviye,Global Elit,Erkek,Kulüp,Takım Sporu,Türkiye,Yerli,Türk Takımı Var,TV+ Yok,Yıllık,Sürekli Lig,Kanal/Yayın,İzleme,Takım,Jenerik,Türkçe,Body,tk_kanal,590,LOW,2,,,,evet,390,10,320,480,720,1300,390,1300,590,390,390,320,480,10,390,320,320,1000,590,1000,260,390,390,720,210,10,480,210,260,260,1000,hayır
rizespor canlı izle,Süper Lig,Futbol,Lig,1. Seviye,Global Elit,Erkek,Kulüp,Takım Sporu,Türkiye,Yerli,Türk Takımı Var,TV+ Yok,Yıllık,Sürekli Lig,Canlı İzle,İzleme,Takım,Jenerik,Türkçe,Body,tk_izle,50,LOW,5,,,,evet,10,10,20,90,20,110,40,50,50,50,70,30,10,10,50,20,20,110,70,90,50,40,40,140,20,10,70,70,40,90,140,hayır
rizespor fikstür,Süper Lig,Futbol,Lig,1. Seviye,Global Elit,Erkek,Kulüp,Takım Sporu,Türkiye,Yerli,Türk Takımı Var,TV+ Yok,Yıllık,Sürekli Lig,Fikstür,Bilgi,Takım,Jenerik,Türkçe,Head,tk_fikstur,590,LOW,1,0.09,,,evet,390,30,260,1000,720,880,590,590,880,720,720,720,390,30,720,1600,880,1300,880,880,880,720,880,1000,320,20,320,720,720,880,1300,hayır
rizespor puan durumu,Süper Lig,Futbol,Lig,1. Seviye,Global Elit,Erkek,Kulüp,Takım Sporu,Türkiye,Yerli,Türk Takımı Var,TV+ Yok,Yıllık,Sürekli Lig,Puan Durumu,Bilgi,Takım,Jenerik,İngilizce,Body,tk_pd,60500,LOW,0,,0.03,0.09,evet,8100,2400,74000,201000,49500,90500,40500,60500,90500,49500,49500,40500,6600,6600,165000,135000,74000,165000,74000,90500,74000,49500,60500,74000,2400,1000,14800,18100,12100,12100,14800,hayır
rizespor kadro,Süper Lig,Futbol,Lig,1. Seviye,Global Elit,Erkek,Kulüp,Takım Sporu,Türkiye,Yerli,Türk Takımı Var,TV+ Yok,Yıllık,Sürekli Lig,Kadro,Bilgi,Takım,Jenerik,İngilizce,Head,tk_kadro,880,LOW,0,,,,evet,590,480,720,1600,880,1300,590,720,1300,720,1000,1300,590,390,720,880,880,3600,1300,880,1000,720,1900,1900,880,390,720,1300,1300,1900,1600,hayır
rizespor oyuncuları,Süper Lig,Futbol,Lig,1. Seviye,Global Elit,Erkek,Kulüp,Takım Sporu,Türkiye,Yerli,Türk Takımı Var,TV+ Yok,Yıllık,Sürekli Lig,Kadro,Bilgi,Takım,Jenerik,Türkçe,Head,tk_oyuncu,12100,LOW,0,,,,evet,4400,2400,6600,22200,9900,18100,8100,12100,18100,8100,9900,18100,8100,3600,12100,9900,9900,40500,18100,12100,9900,8100,22200,22200,2900,880,1600,2400,1900,2400,1900,hayır
rizespor transfer,Süper Lig,Futbol,Lig,1. Seviye,Global Elit,Erkek,Kulüp,Takım Sporu,Türkiye,Yerli,Türk Takımı Var,TV+ Yok,Yıllık,Sürekli Lig,Transfer,Bilgi,Takım,Jenerik,İngilizce,Head,tk_transfer,1300,LOW,0,0.33,0.02,0.37,evet,2900,1300,320,170,140,1900,1900,590,170,210,2900,3600,5400,1900,260,140,170,2900,8100,720,260,210,5400,5400,4400,2400,390,210,210,3600,3600,hayır
rizespor,Süper Lig,Futbol,Lig,1. Seviye,Global Elit,Erkek,Kulüp,Takım Sporu,Türkiye,Yerli,Türk Takımı Var,TV+ Yok,Yıllık,Sürekli Lig,Takım Jenerik,Bilgi,Takım,Jenerik,İngilizce,Head,tk_jen,201000,LOW,0,0.11,0.02,0.11,evet,60500,33100,135000,450000,110000,301000,135000,201000,301000,201000,201000,201000,90500,49500,246000,246000,201000,550000,246000,246000,165000,135000,201000,301000,60500,40500,135000,201000,201000,301000,368000,hayır
gaziantep fk maçı,Süper Lig,Futbol,Lig,1. Seviye,Global Elit,Erkek,Kulüp,Takım Sporu,Türkiye,Yerli,Türk Takımı Var,TV+ Yok,Yıllık,Sürekli Lig,Takım Maç Sorgusu,Bilgi,Takım,Jenerik,Türkçe,Body,tk_mac,22200,LOW,0,,,,evet,4400,880,9900,27100,33100,22200,22200,33100,27100,49500,22200,18100,4400,1600,27100,40500,40500,40500,33100,49500,22200,22200,33100,18100,1900,590,14800,6600,3600,3600,5400,hayır
gaziantep fk maçı ne zaman,Süper Lig,Futbol,Lig,1. Seviye,Global Elit,Erkek,Kulüp,Takım Sporu,Türkiye,Yerli,Türk Takımı Var,TV+ Yok,Yıllık,Sürekli Lig,Takvim/Saat,Bilgi,Takım,Jenerik,Türkçe,Long-tail,tk_nezaman,90,LOW,0,,,,evet,30,10,50,90,110,140,110,170,140,140,90,90,20,10,70,110,90,140,140,140,110,70,140,170,10,20,210,110,90,110,140,hayır
gaziantep fk maçı hangi kanalda,Süper Lig,Futbol,Lig,1. Seviye,Global Elit,Erkek,Kulüp,Takım Sporu,Türkiye,Yerli,Türk Takımı Var,TV+ Yok,Yıllık,Sürekli Lig,Kanal/Yayın,İzleme,Takım,Jenerik,Türkçe,Long-tail,tk_kanal,70,LOW,4,,,,evet,30,0,30,40,90,40,140,110,70,110,40,70,70,10,50,30,20,70,110,210,30,20,40,110,30,0,320,50,20,70,110,hayır
gaziantep fk canlı izle,Süper Lig,Futbol,Lig,1. Seviye,Global Elit,Erkek,Kulüp,Takım Sporu,Türkiye,Yerli,Türk Takımı Var,TV+ Yok,Yıllık,Sürekli Lig,Canlı İzle,İzleme,Takım,Jenerik,Türkçe,Body,tk_izle,30,LOW,4,,,,evet,10,0,10,20,10,10,10,30,70,70,30,40,20,0,10,30,20,30,30,50,20,50,30,30,10,0,110,40,20,70,70,hayır
gaziantep fk fikstür,Süper Lig,Futbol,Lig,1. Seviye,Global Elit,Erkek,Kulüp,Takım Sporu,Türkiye,Yerli,Türk Takımı Var,TV+ Yok,Yıllık,Sürekli Lig,Fikstür,Bilgi,Takım,Jenerik,Türkçe,Body,tk_fikstur,480,LOW,1,,,,evet,320,20,140,480,480,480,480,480,590,720,590,720,320,20,390,480,480,590,590,590,480,480,480,590,480,30,720,590,590,590,880,hayır
gaziantep fk puan durumu,Süper Lig,Futbol,Lig,1. Seviye,Global Elit,Erkek,Kulüp,Takım Sporu,Türkiye,Yerli,Türk Takımı Var,TV+ Yok,Yıllık,Sürekli Lig,Puan Durumu,Bilgi,Takım,Jenerik,İngilizce,Body,tk_pd,74000,LOW,0,,,,evet,8100,1900,49500,110000,90500,74000,60500,90500,90500,135000,60500,40500,5400,5400,90500,135000,135000,90500,90500,110000,60500,49500,49500,27100,2400,1300,74000,22200,9900,8100,9900,hayır
gaziantep fk kadro,Süper Lig,Futbol,Lig,1. Seviye,Global Elit,Erkek,Kulüp,Takım Sporu,Türkiye,Yerli,Türk Takımı Var,TV+ Yok,Yıllık,Sürekli Lig,Kadro,Bilgi,Takım,Jenerik,İngilizce,Body,tk_kadro,320,LOW,0,,,,evet,170,110,210,210,390,210,390,320,210,390,320,590,210,110,210,390,320,590,320,480,210,320,480,480,390,140,260,210,210,390,880,hayır
gaziantep fk oyuncuları,Süper Lig,Futbol,Lig,1. Seviye,Global Elit,Erkek,Kulüp,Takım Sporu,Türkiye,Yerli,Türk Takımı Var,TV+ Yok,Yıllık,Sürekli Lig,Kadro,Bilgi,Takım,Jenerik,Türkçe,Body,tk_oyuncu,12100,LOW,0,,,,evet,2900,1600,5400,8100,14800,9900,18100,14800,9900,22200,9900,18100,6600,2900,8100,14800,12100,18100,12100,18100,8100,8100,14800,9900,2900,1000,2900,1900,1600,2400,4400,hayır
gaziantep fk transfer,Süper Lig,Futbol,Lig,1. Seviye,Global Elit,Erkek,Kulüp,Takım Sporu,Türkiye,Yerli,Türk Takımı Var,TV+ Yok,Yıllık,Sürekli Lig,Transfer,Bilgi,Takım,Jenerik,İngilizce,Body,tk_transfer,590,LOW,1,,0.21,0.37,evet,1900,320,170,40,50,170,1000,480,90,140,880,2400,2400,880,140,70,110,880,1300,480,110,170,2400,5400,6600,1000,260,50,140,1600,2900,hayır
gaziantep fk,Süper Lig,Futbol,Lig,1. Seviye,Global Elit,Erkek,Kulüp,Takım Sporu,Türkiye,Yerli,Türk Takımı Var,TV+ Yok,Yıllık,Sürekli Lig,Takım Jenerik,Bilgi,Takım,Jenerik,İngilizce,Head,tk_jen,201000,LOW,0,0.05,0.06,0.21,evet,49500,27100,90500,201000,246000,201000,246000,246000,246000,301000,201000,246000,74000,49500,165000,301000,201000,246000,301000,301000,135000,135000,165000,165000,74000,40500,368000,165000,165000,201000,450000,hayır
eyüpspor maçı,Süper Lig,Futbol,Lig,1. Seviye,Global Elit,Erkek,Kulüp,Takım Sporu,Türkiye,Yerli,Türk Takımı Var,TV+ Yok,Yıllık,Sürekli Lig,Takım Maç Sorgusu,Bilgi,Takım,Jenerik,Türkçe,Head,tk_mac,22200,LOW,0,,,,evet,4400,1000,60500,49500,18100,27100,14800,18100,14800,14800,14800,27100,5400,2900,60500,110000,49500,90500,74000,110000,60500,40500,90500,110000,4400,1300,5400,12100,9900,9900,8100,hayır
eyüpspor maçı ne zaman,Süper Lig,Futbol,Lig,1. Seviye,Global Elit,Erkek,Kulüp,Takım Sporu,Türkiye,Yerli,Türk Takımı Var,TV+ Yok,Yıllık,Sürekli Lig,Takvim/Saat,Bilgi,Takım,Jenerik,Türkçe,Body,tk_nezaman,480,LOW,0,,,,evet,90,30,480,590,480,720,480,590,590,390,480,590,210,90,880,1900,1300,1600,1600,1300,880,720,1000,1300,170,70,390,880,720,1000,880,hayır
eyüpspor maçı hangi kanalda,Süper Lig,Futbol,Lig,1. Seviye,Global Elit,Erkek,Kulüp,Takım Sporu,Türkiye,Yerli,Türk Takımı Var,TV+ Yok,Yıllık,Sürekli Lig,Kanal/Yayın,İzleme,Takım,Jenerik,Türkçe,Body,tk_kanal,260,LOW,2,,,,evet,40,10,140,170,480,480,320,590,210,140,260,320,110,10,390,480,390,1300,1000,1300,720,320,590,590,50,10,140,720,320,390,720,hayır
eyüpspor canlı izle,Süper Lig,Futbol,Lig,1. Seviye,Global Elit,Erkek,Kulüp,Takım Sporu,Türkiye,Yerli,Türk Takımı Var,TV+ Yok,Yıllık,Sürekli Lig,Canlı İzle,İzleme,Takım,Jenerik,Türkçe,Body,tk_izle,40,LOW,0,,,,evet,10,0,20,20,10,40,20,70,40,50,40,110,10,10,50,40,30,70,210,390,110,50,210,170,10,0,50,110,90,70,40,hayır
eyüpspor fikstür,Süper Lig,Futbol,Lig,1. Seviye,Global Elit,Erkek,Kulüp,Takım Sporu,Türkiye,Yerli,Türk Takımı Var,TV+ Yok,Yıllık,Sürekli Lig,Fikstür,Bilgi,Takım,Jenerik,Türkçe,Head,tk_fikstur,480,LOW,1,,,,evet,140,10,880,1000,480,590,320,390,390,320,390,480,210,30,590,1900,880,1000,1000,1900,880,720,1600,1600,590,30,260,720,720,880,590,hayır
eyüpspor puan durumu,Süper Lig,Futbol,Lig,1. Seviye,Global Elit,Erkek,Kulüp,Takım Sporu,Türkiye,Yerli,Türk Takımı Var,TV+ Yok,Yıllık,Sürekli Lig,Puan Durumu,Bilgi,Takım,Jenerik,Türkçe,Body,tk_pd,74000,LOW,0,,0.02,0.08,evet,14800,2400,301000,135000,40500,74000,49500,49500,40500,33100,33100,49500,8100,9900,165000,301000,165000,246000,201000,301000,165000,110000,246000,201000,5400,2400,18100,40500,27100,27100,18100,hayır
eyüpspor kadro,Süper Lig,Futbol,Lig,1. Seviye,Global Elit,Erkek,Kulüp,Takım Sporu,Türkiye,Yerli,Türk Takımı Var,TV+ Yok,Yıllık,Sürekli Lig,Kadro,Bilgi,Takım,Jenerik,Türkçe,Head,tk_kadro,1000,LOW,0,,,,evet,390,260,1000,720,590,1600,1600,1600,720,1000,1600,1900,880,590,1300,2900,1600,2900,2900,6600,2400,1900,6600,4400,1900,880,1300,2900,1300,1900,2900,hayır
eyüpspor oyuncuları,Süper Lig,Futbol,Lig,1. Seviye,Global Elit,Erkek,Kulüp,Takım Sporu,Türkiye,Yerli,Türk Takımı Var,TV+ Yok,Yıllık,Sürekli Lig,Kadro,Bilgi,Takım,Jenerik,Türkçe,Head,tk_oyuncu,12100,LOW,0,,,,evet,2900,1900,14800,9900,8100,18100,18100,18100,9900,12100,14800,27100,14800,6600,14800,33100,18100,33100,33100,60500,33100,22200,49500,60500,6600,1600,2900,5400,2900,3600,3600,hayır
eyüpspor transfer,Süper Lig,Futbol,Lig,1. Seviye,Global Elit,Erkek,Kulüp,Takım Sporu,Türkiye,Yerli,Türk Takımı Var,TV+ Yok,Yıllık,Sürekli Lig,Transfer,Bilgi,Takım,Jenerik,Türkçe,Head,tk_transfer,390,LOW,0,,,,evet,720,140,70,40,50,480,1300,210,50,170,590,880,1300,480,720,390,140,1000,1300,390,210,260,2400,2900,5400,1600,1000,720,260,720,1300,hayır
eyüpspor,Süper Lig,Futbol,Lig,1. Seviye,Global Elit,Erkek,Kulüp,Takım Sporu,Türkiye,Yerli,Türk Takımı Var,TV+ Yok,Yıllık,Sürekli Lig,Takım Jenerik,Bilgi,Takım,Jenerik,Türkçe,Head,tk_jen,450000,LOW,0,0.26,0.05,0.31,evet,110000,40500,1220000,673000,368000,550000,368000,368000,368000,301000,301000,550000,110000,90500,823000,1500000,1000000,1500000,1500000,1830000,1000000,673000,1500000,1500000,135000,60500,301000,673000,450000,550000,550000,hayır
karagümrük maçı,Süper Lig,Futbol,Lig,1. Seviye,Global Elit,Erkek,Kulüp,Takım Sporu,Türkiye,Yerli,Türk Takımı Var,TV+ Yok,Yıllık,Sürekli Lig,Takım Maç Sorgusu,Bilgi,Takım,Jenerik,Türkçe,Head,tk_mac,22200,LOW,0,0.19,,,evet,1600,1000,40500,40500,49500,22200,18100,14800,12100,14800,9900,18100,4400,1300,40500,74000,27100,33100,14800,12100,6600,8100,6600,9900,1600,590,27100,14800,8100,12100,8100,hayır
karagümrük maçı ne zaman,Süper Lig,Futbol,Lig,1. Seviye,Global Elit,Erkek,Kulüp,Takım Sporu,Türkiye,Yerli,Türk Takımı Var,TV+ Yok,Yıllık,Sürekli Lig,Takvim/Saat,Bilgi,Takım,Jenerik,Türkçe,Body,tk_nezaman,390,LOW,0,,,,evet,50,20,480,590,480,480,480,480,590,320,320,390,70,40,1300,590,480,720,390,320,210,210,210,320,50,40,1000,880,590,590,480,hayır
karagümrük maçı hangi kanalda,Süper Lig,Futbol,Lig,1. Seviye,Global Elit,Erkek,Kulüp,Takım Sporu,Türkiye,Yerli,Türk Takımı Var,TV+ Yok,Yıllık,Sürekli Lig,Kanal/Yayın,İzleme,Takım,Jenerik,Türkçe,Body,tk_kanal,170,LOW,0,,,,evet,10,0,70,140,210,170,590,210,140,320,70,260,210,30,1900,320,480,1600,260,480,110,170,210,720,10,10,590,210,320,390,260,hayır
karagümrük canlı izle,Süper Lig,Futbol,Lig,1. Seviye,Global Elit,Erkek,Kulüp,Takım Sporu,Türkiye,Yerli,Türk Takımı Var,TV+ Yok,Yıllık,Sürekli Lig,Canlı İzle,İzleme,Takım,Jenerik,Türkçe,Body,tk_izle,20,,,,,,evet,0,10,10,70,30,10,20,10,10,10,10,20,10,10,70,20,10,70,10,50,10,20,10,90,10,10,110,110,20,40,30,hayır
karagümrük fikstür,Süper Lig,Futbol,Lig,1. Seviye,Global Elit,Erkek,Kulüp,Takım Sporu,Türkiye,Yerli,Türk Takımı Var,TV+ Yok,Yıllık,Sürekli Lig,Fikstür,Bilgi,Takım,Jenerik,Türkçe,Head,tk_fikstur,320,LOW,2,,,,evet,50,10,320,480,720,320,320,210,260,320,320,390,170,10,260,880,320,260,210,210,210,260,260,320,210,10,2900,2900,720,720,480,hayır
karagümrük puan durumu,Süper Lig,Futbol,Lig,1. Seviye,Global Elit,Erkek,Kulüp,Takım Sporu,Türkiye,Yerli,Türk Takımı Var,TV+ Yok,Yıllık,Sürekli Lig,Puan Durumu,Bilgi,Takım,Jenerik,Türkçe,Body,tk_pd,49500,LOW,0,,,,evet,4400,2400,135000,110000,135000,49500,49500,33100,22200,22200,18100,33100,9900,4400,110000,165000,74000,90500,60500,33100,22200,27100,14800,14800,1600,1000,74000,27100,9900,12100,8100,hayır
karagümrük kadro,Süper Lig,Futbol,Lig,1. Seviye,Global Elit,Erkek,Kulüp,Takım Sporu,Türkiye,Yerli,Türk Takımı Var,TV+ Yok,Yıllık,Sürekli Lig,Kadro,Bilgi,Takım,Jenerik,Türkçe,Head,tk_kadro,880,LOW,0,,,,evet,320,210,590,720,1600,720,1600,480,480,880,590,1600,390,260,880,390,320,390,480,320,320,390,480,1000,720,720,4400,2400,1900,2900,1600,hayır
karagümrük oyuncuları,Süper Lig,Futbol,Lig,1. Seviye,Global Elit,Erkek,Kulüp,Takım Sporu,Türkiye,Yerli,Türk Takımı Var,TV+ Yok,Yıllık,Sürekli Lig,Kadro,Bilgi,Takım,Jenerik,Türkçe,Head,tk_oyuncu,9900,LOW,0,,,,evet,1900,1300,8100,9900,18100,9900,22200,8100,6600,6600,6600,18100,5400,2400,12100,8100,5400,6600,6600,4400,4400,4400,4400,8100,2400,1900,9900,5400,5400,8100,3600,hayır
karagümrük transfer,Süper Lig,Futbol,Lig,1. Seviye,Global Elit,Erkek,Kulüp,Takım Sporu,Türkiye,Yerli,Türk Takımı Var,TV+ Yok,Yıllık,Sürekli Lig,Transfer,Bilgi,Takım,Jenerik,Türkçe,Head,tk_transfer,390,LOW,0,1.93,,,evet,480,140,110,30,110,880,1300,170,30,50,590,1300,1000,590,70,50,50,110,320,110,50,50,210,720,720,210,140,90,110,720,720,hayır
karagümrük,Süper Lig,Futbol,Lig,1. Seviye,Global Elit,Erkek,Kulüp,Takım Sporu,Türkiye,Yerli,Türk Takımı Var,TV+ Yok,Yıllık,Sürekli Lig,Takım Jenerik,Bilgi,Takım,Jenerik,Türkçe,Head,tk_jen,110000,LOW,2,0.44,,,evet,33100,27100,110000,110000,246000,90500,135000,74000,74000,135000,74000,135000,49500,40500,201000,135000,90500,135000,90500,74000,49500,60500,60500,135000,40500,33100,550000,301000,165000,301000,165000,hayır
gençlerbirliği maçı,Süper Lig,Futbol,Lig,1. Seviye,Global Elit,Erkek,Kulüp,Takım Sporu,Türkiye,Yerli,Türk Takımı Var,TV+ Yok,Yıllık,Sürekli Lig,Takım Maç Sorgusu,Bilgi,Takım,Jenerik,Türkçe,Head,tk_mac,60500,LOW,0,0.07,,,evet,8100,1900,201000,165000,40500,49500,22200,49500,49500,33100,27100,40500,8100,2400,60500,74000,27100,33100,14800,14800,9900,6600,8100,8100,2900,590,2900,5400,5400,6600,4400,hayır
gençlerbirliği maçı ne zaman,Süper Lig,Futbol,Lig,1. Seviye,Global Elit,Erkek,Kulüp,Takım Sporu,Türkiye,Yerli,Türk Takımı Var,TV+ Yok,Yıllık,Sürekli Lig,Takvim/Saat,Bilgi,Takım,Jenerik,Türkçe,Body,tk_nezaman,1300,LOW,0,,,,evet,260,90,2900,2900,1000,1300,880,1600,1300,1000,880,1000,320,110,1000,1300,720,880,480,590,390,320,320,390,110,30,260,480,390,590,390,hayır
gençlerbirliği maçı hangi kanalda,Süper Lig,Futbol,Lig,1. Seviye,Global Elit,Erkek,Kulüp,Takım Sporu,Türkiye,Yerli,Türk Takımı Var,TV+ Yok,Yıllık,Sürekli Lig,Kanal/Yayın,İzleme,Takım,Jenerik,Türkçe,Body,tk_kanal,720,LOW,2,,,,evet,70,10,1300,1300,1300,880,320,1000,880,390,210,590,170,10,1300,590,480,1000,260,880,590,170,480,720,170,10,140,720,170,210,140,hayır
gençlerbirliği canlı izle,Süper Lig,Futbol,Lig,1. Seviye,Global Elit,Erkek,Kulüp,Takım Sporu,Türkiye,Yerli,Türk Takımı Var,TV+ Yok,Yıllık,Sürekli Lig,Canlı İzle,İzleme,Takım,Jenerik,Türkçe,Body,tk_izle,50,LOW,10,,,,evet,10,10,110,140,50,50,20,50,70,40,40,110,10,10,40,30,10,110,10,140,50,20,70,50,10,0,30,70,40,50,20,hayır
gençlerbirliği fikstür,Süper Lig,Futbol,Lig,1. Seviye,Global Elit,Erkek,Kulüp,Takım Sporu,Türkiye,Yerli,Türk Takımı Var,TV+ Yok,Yıllık,Sürekli Lig,Fikstür,Bilgi,Takım,Jenerik,Türkçe,Head,tk_fikstur,2900,LOW,1,,,,evet,1600,70,3600,5400,2400,2900,1600,2400,2400,2400,2400,3600,3600,50,720,1600,880,1000,720,590,590,480,590,590,210,20,260,720,480,720,720,hayır
gençlerbirliği puan durumu,Süper Lig,Futbol,Lig,1. Seviye,Global Elit,Erkek,Kulüp,Takım Sporu,Türkiye,Yerli,Türk Takımı Var,TV+ Yok,Yıllık,Sürekli Lig,Puan Durumu,Bilgi,Takım,Jenerik,Türkçe,Body,tk_pd,135000,LOW,0,,,,evet,5400,4400,550000,368000,74000,90500,33100,135000,110000,74000,49500,60500,12100,5400,201000,246000,90500,110000,40500,33100,22200,18100,18100,12100,8100,880,6600,8100,3600,4400,2900,hayır
gençlerbirliği kadro,Süper Lig,Futbol,Lig,1. Seviye,Global Elit,Erkek,Kulüp,Takım Sporu,Türkiye,Yerli,Türk Takımı Var,TV+ Yok,Yıllık,Sürekli Lig,Kadro,Bilgi,Takım,Jenerik,Türkçe,Head,tk_kadro,1900,LOW,0,,,,evet,720,390,1900,5400,1600,1900,880,1600,2400,1300,1000,2400,1000,480,1000,590,390,590,480,390,390,390,390,720,590,260,320,390,390,1000,720,hayır
gençlerbirliği oyuncuları,Süper Lig,Futbol,Lig,1. Seviye,Global Elit,Erkek,Kulüp,Takım Sporu,Türkiye,Yerli,Türk Takımı Var,TV+ Yok,Yıllık,Sürekli Lig,Kadro,Bilgi,Takım,Jenerik,Türkçe,Head,tk_oyuncu,18100,LOW,0,,,,evet,2900,1900,18100,49500,12100,22200,8100,18100,33100,14800,12100,27100,12100,2400,9900,8100,5400,6600,3600,3600,2900,2900,2900,4400,3600,480,720,1000,880,1600,880,hayır
gençlerbirliği transfer,Süper Lig,Futbol,Lig,1. Seviye,Global Elit,Erkek,Kulüp,Takım Sporu,Türkiye,Yerli,Türk Takımı Var,TV+ Yok,Yıllık,Sürekli Lig,Transfer,Bilgi,Takım,Jenerik,Türkçe,Head,tk_transfer,880,LOW,0,0.44,,,evet,1900,590,320,170,110,480,880,590,260,170,1300,3600,3600,1600,720,110,50,720,480,90,40,40,170,480,720,390,210,90,70,390,590,hayır
gençlerbirliği,Süper Lig,Futbol,Lig,1. Seviye,Global Elit,Erkek,Kulüp,Takım Sporu,Türkiye,Yerli,Türk Takımı Var,TV+ Yok,Yıllık,Sürekli Lig,Takım Jenerik,Bilgi,Takım,Jenerik,Türkçe,Head,tk_jen,823000,LOW,0,0.24,0.02,0.27,evet,90500,60500,2740000,1830000,550000,673000,246000,823000,823000,450000,368000,550000,135000,74000,550000,673000,368000,368000,165000,165000,110000,90500,110000,110000,74000,60500,135000,165000,135000,201000,135000,hayır
kayserispor maçı,Süper Lig,Futbol,Lig,1. Seviye,Global Elit,Erkek,Kulüp,Takım Sporu,Türkiye,Yerli,Türk Takımı Var,TV+ Yok,Yıllık,Sürekli Lig,Takım Maç Sorgusu,Bilgi,Takım,Jenerik,Türkçe,Head,tk_mac,40500,LOW,0,,0.03,0.41,evet,5400,2400,90500,110000,49500,49500,22200,22200,40500,27100,33100,40500,8100,9900,90500,135000,60500,49500,33100,49500,33100,27100,40500,27100,2900,880,14800,12100,8100,14800,22200,hayır
kayserispor maçı ne zaman,Süper Lig,Futbol,Lig,1. Seviye,Global Elit,Erkek,Kulüp,Takım Sporu,Türkiye,Yerli,Türk Takımı Var,TV+ Yok,Yıllık,Sürekli Lig,Takvim/Saat,Bilgi,Takım,Jenerik,Türkçe,Body,tk_nezaman,1600,LOW,1,,,,evet,260,140,2400,2900,2400,2400,1600,1600,1900,1600,1600,1900,480,480,3600,3600,2400,2400,1900,2400,1900,1600,1600,1600,320,140,1600,1600,1300,1600,2400,hayır
kayserispor maçı hangi kanalda,Süper Lig,Futbol,Lig,1. Seviye,Global Elit,Erkek,Kulüp,Takım Sporu,Türkiye,Yerli,Türk Takımı Var,TV+ Yok,Yıllık,Sürekli Lig,Kanal/Yayın,İzleme,Takım,Jenerik,Türkçe,Body,tk_kanal,590,LOW,2,,,,evet,30,10,720,590,590,880,480,590,480,1000,720,590,210,90,880,590,320,480,260,720,590,590,390,590,50,10,720,210,170,260,880,hayır
kayserispor canlı izle,Süper Lig,Futbol,Lig,1. Seviye,Global Elit,Erkek,Kulüp,Takım Sporu,Türkiye,Yerli,Türk Takımı Var,TV+ Yok,Yıllık,Sürekli Lig,Canlı İzle,İzleme,Takım,Jenerik,Türkçe,Body,tk_izle,720,LOW,0,,,,evet,210,390,720,390,320,720,1900,1900,880,880,590,590,590,480,880,880,1600,3600,1600,1900,1600,590,590,590,2400,720,1000,590,2900,590,1000,hayır
kayserispor fikstür,Süper Lig,Futbol,Lig,1. Seviye,Global Elit,Erkek,Kulüp,Takım Sporu,Türkiye,Yerli,Türk Takımı Var,TV+ Yok,Yıllık,Sürekli Lig,Fikstür,Bilgi,Takım,Jenerik,Türkçe,Head,tk_fikstur,1300,LOW,1,0.52,,,evet,590,40,1300,2900,1600,1600,880,880,1000,1000,1000,1300,1300,70,1300,3600,1900,1600,1000,1300,1300,1000,1300,1300,880,40,1000,1300,880,1300,1900,hayır
kayserispor puan durumu,Süper Lig,Futbol,Lig,1. Seviye,Global Elit,Erkek,Kulüp,Takım Sporu,Türkiye,Yerli,Türk Takımı Var,TV+ Yok,Yıllık,Sürekli Lig,Puan Durumu,Bilgi,Takım,Jenerik,İngilizce,Body,tk_pd,90500,LOW,0,,,,evet,5400,3600,301000,301000,110000,110000,49500,60500,90500,49500,60500,60500,6600,49500,246000,368000,165000,135000,60500,110000,74000,49500,90500,33100,1900,1000,33100,18100,8100,12100,14800,hayır
kayserispor kadro,Süper Lig,Futbol,Lig,1. Seviye,Global Elit,Erkek,Kulüp,Takım Sporu,Türkiye,Yerli,Türk Takımı Var,TV+ Yok,Yıllık,Sürekli Lig,Kadro,Bilgi,Takım,Jenerik,İngilizce,Head,tk_kadro,1000,LOW,0,0.09,,,evet,880,480,1300,1600,1000,1600,1000,590,880,720,1300,1900,720,480,1300,2400,880,880,880,1600,1300,720,1600,1000,720,480,1300,720,590,1300,2900,hayır
kayserispor oyuncuları,Süper Lig,Futbol,Lig,1. Seviye,Global Elit,Erkek,Kulüp,Takım Sporu,Türkiye,Yerli,Türk Takımı Var,TV+ Yok,Yıllık,Sürekli Lig,Kadro,Bilgi,Takım,Jenerik,Türkçe,Head,tk_oyuncu,12100,LOW,0,0.48,,,evet,2900,1900,9900,14800,9900,18100,14800,8100,14800,9900,14800,22200,8100,6600,18100,27100,9900,9900,8100,14800,12100,8100,14800,9900,2400,1300,2400,1900,1600,2900,4400,hayır
kayserispor transfer,Süper Lig,Futbol,Lig,1. Seviye,Global Elit,Erkek,Kulüp,Takım Sporu,Türkiye,Yerli,Türk Takımı Var,TV+ Yok,Yıllık,Sürekli Lig,Transfer,Bilgi,Takım,Jenerik,İngilizce,Head,tk_transfer,3600,LOW,2,0.16,0.13,0.32,evet,2400,880,260,170,210,2400,9900,5400,210,390,3600,14800,8100,2400,720,260,90,260,480,170,110,140,720,1300,1900,1000,480,170,320,8100,2900,hayır
kayserispor,Süper Lig,Futbol,Lig,1. Seviye,Global Elit,Erkek,Kulüp,Takım Sporu,Türkiye,Yerli,Türk Takımı Var,TV+ Yok,Yıllık,Sürekli Lig,Takım Jenerik,Bilgi,Takım,Jenerik,İngilizce,Head,tk_jen,673000,LOW,1,0.24,0.09,0.4,evet,165000,135000,1220000,1220000,673000,823000,550000,450000,673000,450000,550000,673000,301000,368000,1000000,1500000,823000,823000,550000,673000,550000,368000,550000,368000,135000,110000,823000,450000,368000,823000,1500000,hayır
bandırmaspor maçı,TFF 1. Lig,Futbol,Lig,2. Seviye,Orta,Erkek,Kulüp,Takım Sporu,Türkiye,Yerli,Türk Takımı Var,TV+ Yok,Yıllık,Sürekli Lig,Takım Maç Sorgusu,Bilgi,Takım,Jenerik,Türkçe,Head,tk_mac,3600,LOW,0,,,,evet,110,50,1300,5400,4400,4400,2400,3600,4400,3600,4400,4400,260,390,40500,8100,6600,5400,6600,8100,5400,3600,3600,3600,390,110,1900,4400,3600,6600,3600,hayır
bandırmaspor maçı ne zaman,TFF 1. Lig,Futbol,Lig,2. Seviye,Orta,Erkek,Kulüp,Takım Sporu,Türkiye,Yerli,Türk Takımı Var,TV+ Yok,Yıllık,Sürekli Lig,Takvim/Saat,Bilgi,Takım,Jenerik,Türkçe,Body,tk_nezaman,480,LOW,0,,,,evet,30,20,320,880,720,720,480,590,720,590,720,590,50,70,4400,880,590,720,720,880,720,390,480,480,90,30,320,590,480,880,590,hayır
bandırmaspor maçı hangi kanalda,TFF 1. Lig,Futbol,Lig,2. Seviye,Orta,Erkek,Kulüp,Takım Sporu,Türkiye,Yerli,Türk Takımı Var,TV+ Yok,Yıllık,Sürekli Lig,Kanal/Yayın,İzleme,Takım,Jenerik,Türkçe,Body,tk_kanal,880,LOW,1,,,,evet,30,10,480,1600,880,2400,320,720,1000,590,1600,1300,20,90,9900,1600,1300,720,1600,2900,1600,720,1900,1600,210,10,390,1900,390,1300,880,hayır
bandırmaspor canlı izle,TFF 1. Lig,Futbol,Lig,2. Seviye,Orta,Erkek,Kulüp,Takım Sporu,Türkiye,Yerli,Türk Takımı Var,TV+ Yok,Yıllık,Sürekli Lig,Canlı İzle,İzleme,Takım,Jenerik,Türkçe,Body,tk_izle,40,LOW,10,,,,evet,10,0,30,90,70,70,10,30,30,40,30,50,10,10,390,50,20,20,40,110,90,20,210,110,10,10,50,110,20,90,70,hayır
bandırmaspor fikstür,TFF 1. Lig,Futbol,Lig,2. Seviye,Orta,Erkek,Kulüp,Takım Sporu,Türkiye,Yerli,Türk Takımı Var,TV+ Yok,Yıllık,Sürekli Lig,Fikstür,Bilgi,Takım,Jenerik,Türkçe,Head,tk_fikstur,260,LOW,1,,,,evet,140,10,70,390,390,260,260,390,320,320,320,390,140,30,480,480,320,260,320,390,480,320,320,320,140,10,140,390,260,390,390,hayır
bandırmaspor puan durumu,TFF 1. Lig,Futbol,Lig,2. Seviye,Orta,Erkek,Kulüp,Takım Sporu,Türkiye,Yerli,Türk Takımı Var,TV+ Yok,Yıllık,Sürekli Lig,Puan Durumu,Bilgi,Takım,Jenerik,Türkçe,Body,tk_pd,33100,LOW,0,,,,evet,1300,720,22200,110000,49500,40500,27100,33100,27100,22200,22200,22200,2400,2900,110000,110000,74000,60500,74000,74000,60500,27100,18100,18100,1900,320,5400,9900,3600,9900,4400,hayır
bandırmaspor kadro,TFF 1. Lig,Futbol,Lig,2. Seviye,Orta,Erkek,Kulüp,Takım Sporu,Türkiye,Yerli,Türk Takımı Var,TV+ Yok,Yıllık,Sürekli Lig,Kadro,Bilgi,Takım,Jenerik,Türkçe,Head,tk_kadro,170,LOW,0,,,,evet,140,90,170,320,170,170,170,210,110,110,170,320,170,110,880,260,170,260,210,210,210,170,170,320,260,50,140,140,140,1000,480,hayır
bandırmaspor oyuncuları,TFF 1. Lig,Futbol,Lig,2. Seviye,Orta,Erkek,Kulüp,Takım Sporu,Türkiye,Yerli,Türk Takımı Var,TV+ Yok,Yıllık,Sürekli Lig,Kadro,Bilgi,Takım,Jenerik,Türkçe,Head,tk_oyuncu,2400,LOW,0,,,,evet,720,320,1600,3600,2900,2400,2400,3600,1900,1900,1900,3600,1600,1000,12100,3600,2400,2900,3600,4400,3600,1900,2400,3600,1000,210,390,480,390,1900,720,hayır
bandırmaspor transfer,TFF 1. Lig,Futbol,Lig,2. Seviye,Orta,Erkek,Kulüp,Takım Sporu,Türkiye,Yerli,Türk Takımı Var,TV+ Yok,Yıllık,Sürekli Lig,Transfer,Bilgi,Takım,Jenerik,Türkçe,Head,tk_transfer,140,LOW,0,,,,evet,260,170,50,20,20,140,260,90,20,40,140,390,880,210,90,40,50,170,480,110,50,50,140,320,720,390,90,40,40,260,720,hayır
bandırmaspor,TFF 1. Lig,Futbol,Lig,2. Seviye,Orta,Erkek,Kulüp,Takım Sporu,Türkiye,Yerli,Türk Takımı Var,TV+ Yok,Yıllık,Sürekli Lig,Takım Jenerik,Bilgi,Takım,Jenerik,Türkçe,Head,tk_jen,135000,LOW,0,,,,evet,18100,9900,90500,368000,246000,201000,110000,165000,135000,110000,110000,135000,40500,33100,823000,368000,246000,201000,246000,246000,165000,90500,90500,110000,49500,14800,90500,165000,90500,368000,135000,hayır
erzurumspor maçı,TFF 1. Lig,Futbol,Lig,2. Seviye,Orta,Erkek,Kulüp,Takım Sporu,Türkiye,Yerli,Türk Takımı Var,TV+ Yok,Yıllık,Sürekli Lig,Takım Maç Sorgusu,Bilgi,Takım,Jenerik,Türkçe,Head,tk_mac,22200,LOW,0,,,,evet,4400,1000,6600,74000,49500,90500,18100,9900,8100,8100,12100,9900,720,320,9900,18100,14800,22200,9900,9900,14800,8100,9900,5400,1300,260,2900,8100,8100,8100,5400,hayır
erzurumspor maçı ne zaman,TFF 1. Lig,Futbol,Lig,2. Seviye,Orta,Erkek,Kulüp,Takım Sporu,Türkiye,Yerli,Türk Takımı Var,TV+ Yok,Yıllık,Sürekli Lig,Takvim/Saat,Bilgi,Takım,Jenerik,Türkçe,Body,tk_nezaman,4400,LOW,1,,0.04,0.37,evet,720,140,1300,12100,9900,8100,3600,2400,2400,2400,2900,2400,260,90,1900,2900,2400,2900,2400,1900,2400,1900,1900,1300,170,70,880,2400,1900,1900,1600,hayır
erzurumspor maçı hangi kanalda,TFF 1. Lig,Futbol,Lig,2. Seviye,Orta,Erkek,Kulüp,Takım Sporu,Türkiye,Yerli,Türk Takımı Var,TV+ Yok,Yıllık,Sürekli Lig,Kanal/Yayın,İzleme,Takım,Jenerik,Türkçe,Body,tk_kanal,2900,LOW,2,0.58,,,evet,260,20,1300,9900,2900,3600,2900,1900,1300,1300,2900,3600,40,10,3600,4400,3600,2900,5400,3600,2900,1900,8100,1300,40,10,590,2900,4400,1900,720,hayır
erzurumspor canlı izle,TFF 1. Lig,Futbol,Lig,2. Seviye,Orta,Erkek,Kulüp,Takım Sporu,Türkiye,Yerli,Türk Takımı Var,TV+ Yok,Yıllık,Sürekli Lig,Canlı İzle,İzleme,Takım,Jenerik,Türkçe,Body,tk_izle,320,LOW,7,,,,evet,30,0,50,1300,590,480,260,140,90,170,140,170,10,10,320,480,390,390,590,480,210,110,480,110,10,0,90,390,320,170,110,hayır
erzurumspor fikstür,TFF 1. Lig,Futbol,Lig,2. Seviye,Orta,Erkek,Kulüp,Takım Sporu,Türkiye,Yerli,Türk Takımı Var,TV+ Yok,Yıllık,Sürekli Lig,Fikstür,Bilgi,Takım,Jenerik,Türkçe,Head,tk_fikstur,1300,LOW,1,0.13,0.05,0.15,evet,3600,40,210,2900,2900,2900,1000,480,480,480,720,880,260,20,480,1000,720,720,590,480,720,720,590,480,260,10,260,480,480,590,390,hayır
erzurumspor puan durumu,TFF 1. Lig,Futbol,Lig,2. Seviye,Orta,Erkek,Kulüp,Takım Sporu,Türkiye,Yerli,Türk Takımı Var,TV+ Yok,Yıllık,Sürekli Lig,Puan Durumu,Bilgi,Takım,Jenerik,İngilizce,Body,tk_pd,49500,LOW,0,,,,evet,2900,1000,33100,135000,110000,246000,33100,18100,14800,12100,14800,12100,720,720,18100,33100,22200,60500,14800,8100,9900,8100,5400,1900,170,170,2400,6600,5400,8100,5400,hayır
erzurumspor kadro,TFF 1. Lig,Futbol,Lig,2. Seviye,Orta,Erkek,Kulüp,Takım Sporu,Türkiye,Yerli,Türk Takımı Var,TV+ Yok,Yıllık,Sürekli Lig,Kadro,Bilgi,Takım,Jenerik,İngilizce,Head,tk_kadro,720,LOW,0,,,,evet,880,390,1000,1600,880,1300,590,320,210,320,320,720,320,140,210,390,320,880,480,320,480,480,720,880,390,140,210,320,210,320,390,hayır
erzurumspor oyuncuları,TFF 1. Lig,Futbol,Lig,2. Seviye,Orta,Erkek,Kulüp,Takım Sporu,Türkiye,Yerli,Türk Takımı Var,TV+ Yok,Yıllık,Sürekli Lig,Kadro,Bilgi,Takım,Jenerik,Türkçe,Head,tk_oyuncu,1300,LOW,0,,,,evet,320,720,1600,1000,1300,9900,390,260,140,140,210,320,210,110,170,260,210,1600,210,210,260,260,320,590,1000,140,210,260,210,390,320,hayır
erzurumspor transfer,TFF 1. Lig,Futbol,Lig,2. Seviye,Orta,Erkek,Kulüp,Takım Sporu,Türkiye,Yerli,Türk Takımı Var,TV+ Yok,Yıllık,Sürekli Lig,Transfer,Bilgi,Takım,Jenerik,İngilizce,Head,tk_transfer,1600,LOW,1,0.92,0.29,1.49,evet,9900,3600,2400,720,170,1000,1900,210,50,30,390,1000,1600,880,110,70,40,720,1900,210,140,170,1900,5400,2400,590,210,90,70,260,480,hayır
erzurumspor,TFF 1. Lig,Futbol,Lig,2. Seviye,Orta,Erkek,Kulüp,Takım Sporu,Türkiye,Yerli,Türk Takımı Var,TV+ Yok,Yıllık,Sürekli Lig,Takım Jenerik,Bilgi,Takım,Jenerik,İngilizce,Head,tk_jen,450000,LOW,0,0.64,0.13,0.65,evet,165000,74000,246000,1500000,823000,823000,550000,246000,201000,201000,246000,368000,90500,49500,246000,368000,301000,450000,301000,246000,301000,201000,246000,165000,60500,27100,74000,201000,165000,201000,135000,hayır
sakaryaspor maçı,TFF 1. Lig,Futbol,Lig,2. Seviye,Orta,Erkek,Kulüp,Takım Sporu,Türkiye,Yerli,Türk Takımı Var,TV+ Yok,Yıllık,Sürekli Lig,Takım Maç Sorgusu,Bilgi,Takım,Jenerik,Türkçe,Head,tk_mac,5400,LOW,1,,,,evet,170,90,720,6600,8100,6600,5400,6600,6600,6600,6600,6600,1600,320,4400,6600,8100,9900,6600,5400,6600,4400,3600,8100,720,320,22200,8100,5400,5400,5400,hayır
sakaryaspor maçı ne zaman,TFF 1. Lig,Futbol,Lig,2. Seviye,Orta,Erkek,Kulüp,Takım Sporu,Türkiye,Yerli,Türk Takımı Var,TV+ Yok,Yıllık,Sürekli Lig,Takvim/Saat,Bilgi,Takım,Jenerik,Türkçe,Body,tk_nezaman,1300,LOW,1,,,,evet,110,70,320,1300,1900,1900,1600,1600,1600,1600,1900,1300,480,210,1600,1900,1900,2400,1600,1300,1300,1000,1000,1900,320,170,6600,1900,1600,1300,1300,hayır
sakaryaspor maçı hangi kanalda,TFF 1. Lig,Futbol,Lig,2. Seviye,Orta,Erkek,Kulüp,Takım Sporu,Türkiye,Yerli,Türk Takımı Var,TV+ Yok,Yıllık,Sürekli Lig,Kanal/Yayın,İzleme,Takım,Jenerik,Türkçe,Body,tk_kanal,720,LOW,0,,,,evet,10,0,40,1300,2400,590,320,720,260,390,1000,1000,390,10,2400,590,1300,720,590,480,720,390,720,5400,210,50,9900,880,260,260,480,hayır
sakaryaspor canlı izle,TFF 1. Lig,Futbol,Lig,2. Seviye,Orta,Erkek,Kulüp,Takım Sporu,Türkiye,Yerli,Türk Takımı Var,TV+ Yok,Yıllık,Sürekli Lig,Canlı İzle,İzleme,Takım,Jenerik,Türkçe,Body,tk_izle,90,LOW,0,,,,evet,10,10,10,110,260,110,50,40,50,70,140,170,50,10,320,90,140,90,40,50,170,110,110,1000,30,30,1900,390,70,70,70,hayır
sakaryaspor fikstür,TFF 1. Lig,Futbol,Lig,2. Seviye,Orta,Erkek,Kulüp,Takım Sporu,Türkiye,Yerli,Türk Takımı Var,TV+ Yok,Yıllık,Sürekli Lig,Fikstür,Bilgi,Takım,Jenerik,Türkçe,Head,tk_fikstur,590,LOW,1,0.06,,,evet,390,90,50,590,1000,880,590,590,590,880,880,880,590,40,480,880,880,880,720,720,590,720,590,880,720,30,1300,1900,1300,1000,1000,hayır
sakaryaspor puan durumu,TFF 1. Lig,Futbol,Lig,2. Seviye,Orta,Erkek,Kulüp,Takım Sporu,Türkiye,Yerli,Türk Takımı Var,TV+ Yok,Yıllık,Sürekli Lig,Puan Durumu,Bilgi,Takım,Jenerik,İngilizce,Body,tk_pd,90500,LOW,0,,,,evet,2900,1900,27100,201000,165000,165000,60500,74000,74000,90500,90500,60500,8100,4400,110000,201000,135000,165000,110000,90500,74000,60500,49500,49500,4400,1300,49500,49500,22200,18100,12100,hayır
sakaryaspor kadro,TFF 1. Lig,Futbol,Lig,2. Seviye,Orta,Erkek,Kulüp,Takım Sporu,Türkiye,Yerli,Türk Takımı Var,TV+ Yok,Yıllık,Sürekli Lig,Kadro,Bilgi,Takım,Jenerik,İngilizce,Head,tk_kadro,590,LOW,0,,,,evet,390,170,260,480,590,1000,720,720,720,720,880,880,880,260,320,590,590,880,590,480,590,480,720,1300,1000,320,1900,480,480,590,590,hayır
sakaryaspor oyuncuları,TFF 1. Lig,Futbol,Lig,2. Seviye,Orta,Erkek,Kulüp,Takım Sporu,Türkiye,Yerli,Türk Takımı Var,TV+ Yok,Yıllık,Sürekli Lig,Kadro,Bilgi,Takım,Jenerik,Türkçe,Head,tk_oyuncu,6600,LOW,0,,,,evet,1000,720,2400,6600,6600,12100,6600,6600,5400,8100,12100,9900,6600,1600,3600,5400,5400,8100,5400,5400,5400,4400,5400,9900,3600,720,3600,1300,880,880,880,hayır
sakaryaspor transfer,TFF 1. Lig,Futbol,Lig,2. Seviye,Orta,Erkek,Kulüp,Takım Sporu,Türkiye,Yerli,Türk Takımı Var,TV+ Yok,Yıllık,Sürekli Lig,Transfer,Bilgi,Takım,Jenerik,İngilizce,Head,tk_transfer,720,LOW,1,1.32,0.23,0.71,evet,880,110,50,90,90,2900,1900,110,30,90,1600,1300,4400,880,170,90,140,1600,2900,390,110,170,1000,4400,6600,1300,210,90,90,590,1600,hayır
sakaryaspor,TFF 1. Lig,Futbol,Lig,2. Seviye,Orta,Erkek,Kulüp,Takım Sporu,Türkiye,Yerli,Türk Takımı Var,TV+ Yok,Yıllık,Sürekli Lig,Takım Jenerik,Bilgi,Takım,Jenerik,İngilizce,Head,tk_jen,301000,LOW,0,,,,evet,60500,40500,90500,550000,550000,673000,301000,301000,246000,301000,450000,368000,165000,74000,246000,450000,450000,550000,368000,301000,301000,201000,301000,550000,201000,90500,1220000,550000,301000,301000,368000,hayır
boluspor maçı,TFF 1. Lig,Futbol,Lig,2. Seviye,Orta,Erkek,Kulüp,Takım Sporu,Türkiye,Yerli,Türk Takımı Var,TV+ Yok,Yıllık,Sürekli Lig,Takım Maç Sorgusu,Bilgi,Takım,Jenerik,Türkçe,Head,tk_mac,18100,LOW,0,,,,evet,880,480,5400,33100,27100,33100,27100,33100,22200,12100,18100,9900,1000,880,74000,33100,18100,27100,18100,18100,14800,9900,9900,9900,720,260,6600,6600,5400,6600,4400,hayır
boluspor maçı ne zaman,TFF 1. Lig,Futbol,Lig,2. Seviye,Orta,Erkek,Kulüp,Takım Sporu,Türkiye,Yerli,Türk Takımı Var,TV+ Yok,Yıllık,Sürekli Lig,Takvim/Saat,Bilgi,Takım,Jenerik,Türkçe,Body,tk_nezaman,720,LOW,2,,,,evet,50,20,320,1000,1000,1000,1000,1300,880,880,880,720,90,70,2400,1000,1000,1600,1000,1000,720,590,480,590,70,30,720,720,720,880,720,hayır
boluspor maçı hangi kanalda,TFF 1. Lig,Futbol,Lig,2. Seviye,Orta,Erkek,Kulüp,Takım Sporu,Türkiye,Yerli,Türk Takımı Var,TV+ Yok,Yıllık,Sürekli Lig,Kanal/Yayın,İzleme,Takım,Jenerik,Türkçe,Body,tk_kanal,1000,LOW,0,,,,evet,30,10,210,720,480,880,1000,1000,880,2400,1900,1900,10,30,4400,1300,1000,2400,1900,880,880,590,1000,2900,30,20,880,590,480,1000,320,hayır
boluspor canlı izle,TFF 1. Lig,Futbol,Lig,2. Seviye,Orta,Erkek,Kulüp,Takım Sporu,Türkiye,Yerli,Türk Takımı Var,TV+ Yok,Yıllık,Sürekli Lig,Canlı İzle,İzleme,Takım,Jenerik,Türkçe,Body,tk_izle,40,LOW,0,,,,evet,10,10,10,20,40,40,50,50,70,50,40,70,10,10,170,40,70,170,90,50,40,10,70,170,10,0,110,70,40,70,30,hayır
boluspor fikstür,TFF 1. Lig,Futbol,Lig,2. Seviye,Orta,Erkek,Kulüp,Takım Sporu,Türkiye,Yerli,Türk Takımı Var,TV+ Yok,Yıllık,Sürekli Lig,Fikstür,Bilgi,Takım,Jenerik,Türkçe,Head,tk_fikstur,590,LOW,1,,,,evet,110,20,110,1000,880,1000,880,1000,720,320,480,260,110,10,590,480,320,480,390,390,390,320,320,320,140,10,320,480,390,590,320,hayır
boluspor puan durumu,TFF 1. Lig,Futbol,Lig,2. Seviye,Orta,Erkek,Kulüp,Takım Sporu,Türkiye,Yerli,Türk Takımı Var,TV+ Yok,Yıllık,Sürekli Lig,Puan Durumu,Bilgi,Takım,Jenerik,İngilizce,Body,tk_pd,18100,LOW,0,,,,evet,390,320,5400,22200,14800,22200,14800,22200,27100,22200,40500,22200,1600,1900,135000,90500,49500,90500,49500,40500,33100,18100,18100,12100,720,320,9900,12100,6600,8100,4400,hayır
boluspor kadro,TFF 1. Lig,Futbol,Lig,2. Seviye,Orta,Erkek,Kulüp,Takım Sporu,Türkiye,Yerli,Türk Takımı Var,TV+ Yok,Yıllık,Sürekli Lig,Kadro,Bilgi,Takım,Jenerik,İngilizce,Head,tk_kadro,390,LOW,0,,,,evet,480,170,320,390,390,590,590,390,320,170,320,590,210,140,590,260,140,720,210,210,260,260,320,390,320,90,320,260,260,390,480,hayır
boluspor oyuncuları,TFF 1. Lig,Futbol,Lig,2. Seviye,Orta,Erkek,Kulüp,Takım Sporu,Türkiye,Yerli,Türk Takımı Var,TV+ Yok,Yıllık,Sürekli Lig,Kadro,Bilgi,Takım,Jenerik,Türkçe,Head,tk_oyuncu,1300,LOW,0,,,,evet,210,140,390,880,720,1000,1000,1000,1300,1900,2900,4400,1900,880,6600,2400,1600,9900,3600,1900,1900,1600,1900,2900,720,260,590,590,480,590,590,hayır
boluspor transfer,TFF 1. Lig,Futbol,Lig,2. Seviye,Orta,Erkek,Kulüp,Takım Sporu,Türkiye,Yerli,Türk Takımı Var,TV+ Yok,Yıllık,Sürekli Lig,Transfer,Bilgi,Takım,Jenerik,İngilizce,Head,tk_transfer,260,LOW,0,,,,evet,880,110,70,30,20,320,590,90,70,40,170,590,720,320,70,20,20,260,390,70,50,70,170,720,720,210,90,50,90,320,480,hayır
boluspor,TFF 1. Lig,Futbol,Lig,2. Seviye,Orta,Erkek,Kulüp,Takım Sporu,Türkiye,Yerli,Türk Takımı Var,TV+ Yok,Yıllık,Sürekli Lig,Takım Jenerik,Bilgi,Takım,Jenerik,İngilizce,Head,tk_jen,135000,LOW,0,0.07,,,evet,27100,14800,40500,201000,165000,246000,201000,201000,165000,110000,201000,165000,49500,49500,673000,368000,201000,450000,201000,165000,135000,90500,110000,110000,49500,22200,201000,165000,135000,165000,110000,hayır
manisa fk maçı,TFF 1. Lig,Futbol,Lig,2. Seviye,Orta,Erkek,Kulüp,Takım Sporu,Türkiye,Yerli,Türk Takımı Var,TV+ Yok,Yıllık,Sürekli Lig,Takım Maç Sorgusu,Bilgi,Takım,Jenerik,Türkçe,Body,tk_mac,4400,LOW,0,,,,evet,590,260,2400,8100,12100,8100,5400,5400,3600,3600,3600,3600,260,70,27100,18100,8100,8100,6600,5400,4400,5400,5400,4400,210,70,880,2400,1600,1900,1900,hayır
manisa fk maçı ne zaman,TFF 1. Lig,Futbol,Lig,2. Seviye,Orta,Erkek,Kulüp,Takım Sporu,Türkiye,Yerli,Türk Takımı Var,TV+ Yok,Yıllık,Sürekli Lig,Takvim/Saat,Bilgi,Takım,Jenerik,Türkçe,Long-tail,tk_nezaman,110,LOW,0,,,,evet,10,10,50,140,170,210,210,170,110,90,90,90,10,10,40,70,50,110,90,40,70,70,40,50,10,10,30,110,90,110,170,hayır
manisa fk maçı hangi kanalda,TFF 1. Lig,Futbol,Lig,2. Seviye,Orta,Erkek,Kulüp,Takım Sporu,Türkiye,Yerli,Türk Takımı Var,TV+ Yok,Yıllık,Sürekli Lig,Kanal/Yayın,İzleme,Takım,Jenerik,Türkçe,Long-tail,tk_kanal,110,LOW,0,,,,evet,10,10,20,140,140,210,210,70,90,140,140,320,10,0,260,140,50,210,70,70,90,210,90,210,10,10,50,170,50,110,170,hayır
manisa fk canlı izle,TFF 1. Lig,Futbol,Lig,2. Seviye,Orta,Erkek,Kulüp,Takım Sporu,Türkiye,Yerli,Türk Takımı Var,TV+ Yok,Yıllık,Sürekli Lig,Canlı İzle,İzleme,Takım,Jenerik,Türkçe,Body,tk_izle,10,,,,,,evet,0,0,10,20,10,10,10,10,10,10,10,20,0,10,70,50,20,40,10,30,20,40,10,30,10,0,10,20,10,30,30,hayır
manisa fk fikstür,TFF 1. Lig,Futbol,Lig,2. Seviye,Orta,Erkek,Kulüp,Takım Sporu,Türkiye,Yerli,Türk Takımı Var,TV+ Yok,Yıllık,Sürekli Lig,Fikstür,Bilgi,Takım,Jenerik,Türkçe,Body,tk_fikstur,210,LOW,1,,,,evet,110,10,30,260,260,260,210,210,260,260,320,170,90,10,110,320,260,320,390,260,210,260,320,390,110,10,90,210,210,260,320,hayır
manisa fk puan durumu,TFF 1. Lig,Futbol,Lig,2. Seviye,Orta,Erkek,Kulüp,Takım Sporu,Türkiye,Yerli,Türk Takımı Var,TV+ Yok,Yıllık,Sürekli Lig,Puan Durumu,Bilgi,Takım,Jenerik,İngilizce,Body,tk_pd,18100,LOW,0,,,,evet,1300,720,9900,33100,33100,33100,22200,22200,14800,9900,12100,8100,390,210,90500,40500,27100,27100,22200,18100,14800,14800,14800,6600,210,170,2400,6600,2900,2900,4400,hayır
manisa fk kadro,TFF 1. Lig,Futbol,Lig,2. Seviye,Orta,Erkek,Kulüp,Takım Sporu,Türkiye,Yerli,Türk Takımı Var,TV+ Yok,Yıllık,Sürekli Lig,Kadro,Bilgi,Takım,Jenerik,İngilizce,Body,tk_kadro,170,LOW,0,,,,evet,170,70,110,140,210,260,210,210,210,140,170,320,140,70,170,210,110,170,210,170,170,140,210,390,260,90,140,210,140,210,390,hayır
manisa fk oyuncuları,TFF 1. Lig,Futbol,Lig,2. Seviye,Orta,Erkek,Kulüp,Takım Sporu,Türkiye,Yerli,Türk Takımı Var,TV+ Yok,Yıllık,Sürekli Lig,Kadro,Bilgi,Takım,Jenerik,Türkçe,Body,tk_oyuncu,1900,LOW,0,,,,evet,590,320,1000,1900,3600,2400,1900,1900,1900,1600,2400,2400,320,90,1600,1300,1600,1900,1900,1900,1900,1300,1900,1600,260,110,320,480,480,590,880,hayır
manisa fk transfer,TFF 1. Lig,Futbol,Lig,2. Seviye,Orta,Erkek,Kulüp,Takım Sporu,Türkiye,Yerli,Türk Takımı Var,TV+ Yok,Yıllık,Sürekli Lig,Transfer,Bilgi,Takım,Jenerik,İngilizce,Body,tk_transfer,210,LOW,0,,,,evet,480,320,70,10,10,170,590,110,20,20,210,590,880,260,90,40,30,170,590,70,30,40,170,590,590,320,140,50,40,260,1000,hayır
manisa fk,TFF 1. Lig,Futbol,Lig,2. Seviye,Orta,Erkek,Kulüp,Takım Sporu,Türkiye,Yerli,Türk Takımı Var,TV+ Yok,Yıllık,Sürekli Lig,Takım Jenerik,Bilgi,Takım,Jenerik,İngilizce,Head,tk_jen,40500,LOW,0,,,,evet,14800,8100,14800,40500,60500,74000,49500,40500,33100,27100,40500,60500,14800,12100,74000,74000,40500,60500,60500,49500,33100,40500,33100,40500,14800,12100,18100,49500,33100,40500,60500,hayır
keçiörengücü maçı,TFF 1. Lig,Futbol,Lig,2. Seviye,Orta,Erkek,Kulüp,Takım Sporu,Türkiye,Yerli,Türk Takımı Var,TV+ Yok,Yıllık,Sürekli Lig,Takım Maç Sorgusu,Bilgi,Takım,Jenerik,Türkçe,Head,tk_mac,6600,LOW,0,0.2,,,evet,480,320,6600,18100,6600,9900,9900,6600,2900,2900,2900,4400,480,320,2400,18100,8100,6600,4400,6600,2900,3600,2900,3600,480,140,720,1600,880,1300,1300,hayır
keçiörengücü maçı ne zaman,TFF 1. Lig,Futbol,Lig,2. Seviye,Orta,Erkek,Kulüp,Takım Sporu,Türkiye,Yerli,Türk Takımı Var,TV+ Yok,Yıllık,Sürekli Lig,Takvim/Saat,Bilgi,Takım,Jenerik,Türkçe,Body,tk_nezaman,110,LOW,0,,,,evet,10,10,170,210,140,210,140,140,70,90,70,50,10,10,30,110,90,90,90,90,70,70,40,70,10,10,30,50,50,50,50,hayır
keçiörengücü maçı hangi kanalda,TFF 1. Lig,Futbol,Lig,2. Seviye,Orta,Erkek,Kulüp,Takım Sporu,Türkiye,Yerli,Türk Takımı Var,TV+ Yok,Yıllık,Sürekli Lig,Kanal/Yayın,İzleme,Takım,Jenerik,Türkçe,Body,tk_kanal,170,LOW,10,,,,evet,10,0,140,140,210,210,390,480,70,110,170,170,10,10,50,90,110,260,70,170,40,40,50,140,10,10,20,140,50,50,30,hayır
keçiörengücü canlı izle,TFF 1. Lig,Futbol,Lig,2. Seviye,Orta,Erkek,Kulüp,Takım Sporu,Türkiye,Yerli,Türk Takımı Var,TV+ Yok,Yıllık,Sürekli Lig,Canlı İzle,İzleme,Takım,Jenerik,Türkçe,Body,tk_izle,30,LOW,0,,,,evet,10,10,10,30,30,70,20,90,40,20,10,20,0,0,10,10,10,20,10,50,20,20,10,20,10,0,20,40,10,30,20,hayır
keçiörengücü fikstür,TFF 1. Lig,Futbol,Lig,2. Seviye,Orta,Erkek,Kulüp,Takım Sporu,Türkiye,Yerli,Türk Takımı Var,TV+ Yok,Yıllık,Sürekli Lig,Fikstür,Bilgi,Takım,Jenerik,Türkçe,Head,tk_fikstur,210,LOW,2,,,,evet,70,10,90,320,260,260,260,260,210,260,210,170,50,10,40,210,210,210,210,260,170,210,140,140,40,10,50,170,140,170,170,hayır
keçiörengücü puan durumu,TFF 1. Lig,Futbol,Lig,2. Seviye,Orta,Erkek,Kulüp,Takım Sporu,Türkiye,Yerli,Türk Takımı Var,TV+ Yok,Yıllık,Sürekli Lig,Puan Durumu,Bilgi,Takım,Jenerik,Türkçe,Body,tk_pd,22200,LOW,0,,,,evet,1600,720,27100,74000,27100,33100,40500,22200,12100,9900,9900,18100,1300,880,12100,49500,27100,27100,18100,22200,9900,9900,8100,6600,1000,260,2400,3600,1600,2400,2400,hayır
keçiörengücü kadro,TFF 1. Lig,Futbol,Lig,2. Seviye,Orta,Erkek,Kulüp,Takım Sporu,Türkiye,Yerli,Türk Takımı Var,TV+ Yok,Yıllık,Sürekli Lig,Kadro,Bilgi,Takım,Jenerik,Türkçe,Head,tk_kadro,170,LOW,0,,,,evet,70,40,170,140,140,170,480,170,90,110,140,260,70,50,70,140,110,110,140,170,110,140,140,210,140,70,110,110,140,260,260,hayır
keçiörengücü oyuncuları,TFF 1. Lig,Futbol,Lig,2. Seviye,Orta,Erkek,Kulüp,Takım Sporu,Türkiye,Yerli,Türk Takımı Var,TV+ Yok,Yıllık,Sürekli Lig,Kadro,Bilgi,Takım,Jenerik,Türkçe,Head,tk_oyuncu,3600,LOW,0,,,,evet,590,320,2400,2400,2400,4400,12100,4400,1900,2400,2900,5400,1000,590,1600,2400,2400,2400,1900,1900,1600,1600,1600,2400,590,170,320,390,320,590,590,hayır
keçiörengücü transfer,TFF 1. Lig,Futbol,Lig,2. Seviye,Orta,Erkek,Kulüp,Takım Sporu,Türkiye,Yerli,Türk Takımı Var,TV+ Yok,Yıllık,Sürekli Lig,Transfer,Bilgi,Takım,Jenerik,Türkçe,Head,tk_transfer,70,LOW,1,,,,evet,260,110,30,10,30,50,110,20,10,20,50,140,170,110,50,50,70,140,390,50,20,30,90,260,720,210,30,20,20,140,260,hayır
keçiörengücü,TFF 1. Lig,Futbol,Lig,2. Seviye,Orta,Erkek,Kulüp,Takım Sporu,Türkiye,Yerli,Türk Takımı Var,TV+ Yok,Yıllık,Sürekli Lig,Takım Jenerik,Bilgi,Takım,Jenerik,Türkçe,Head,tk_jen,40500,LOW,0,,,,evet,8100,6600,40500,49500,33100,60500,60500,49500,22200,22200,33100,60500,8100,5400,18100,40500,40500,40500,27100,33100,22200,18100,18100,27100,12100,6600,14800,22200,18100,27100,27100,hayır
adana demirspor maçı,TFF 1. Lig,Futbol,Lig,2. Seviye,Orta,Erkek,Kulüp,Takım Sporu,Türkiye,Yerli,Türk Takımı Var,TV+ Yok,Yıllık,Sürekli Lig,Takım Maç Sorgusu,Bilgi,Takım,Jenerik,Türkçe,Body,tk_mac,1600,LOW,0,,,,evet,390,390,720,1900,1600,1900,1900,1900,1900,1600,2400,3600,720,480,4400,4400,4400,9900,6600,8100,5400,5400,5400,8100,1000,590,8100,12100,12100,9900,22200,hayır
adana demirspor maçı ne zaman,TFF 1. Lig,Futbol,Lig,2. Seviye,Orta,Erkek,Kulüp,Takım Sporu,Türkiye,Yerli,Türk Takımı Var,TV+ Yok,Yıllık,Sürekli Lig,Takvim/Saat,Bilgi,Takım,Jenerik,Türkçe,Long-tail,tk_nezaman,480,LOW,1,,,,evet,140,90,390,590,590,590,720,590,480,480,590,880,320,260,1300,1300,1600,2400,1900,1900,1600,1600,1600,1600,590,390,2400,2400,2900,2400,3600,hayır
adana demirspor maçı hangi kanalda,TFF 1. Lig,Futbol,Lig,2. Seviye,Orta,Erkek,Kulüp,Takım Sporu,Türkiye,Yerli,Türk Takımı Var,TV+ Yok,Yıllık,Sürekli Lig,Kanal/Yayın,İzleme,Takım,Jenerik,Türkçe,Long-tail,tk_kanal,320,LOW,2,,,,evet,10,10,70,260,260,320,210,260,210,260,720,1000,70,10,260,390,260,590,320,1300,390,390,390,880,90,40,880,590,480,590,2400,hayır
adana demirspor canlı izle,TFF 1. Lig,Futbol,Lig,2. Seviye,Orta,Erkek,Kulüp,Takım Sporu,Türkiye,Yerli,Türk Takımı Var,TV+ Yok,Yıllık,Sürekli Lig,Canlı İzle,İzleme,Takım,Jenerik,Türkçe,Body,tk_izle,50,LOW,0,,,,evet,10,10,10,50,30,70,20,50,30,50,110,90,10,10,70,20,30,170,50,90,140,170,110,390,10,70,170,590,210,260,1000,hayır
adana demirspor fikstür,TFF 1. Lig,Futbol,Lig,2. Seviye,Orta,Erkek,Kulüp,Takım Sporu,Türkiye,Yerli,Türk Takımı Var,TV+ Yok,Yıllık,Sürekli Lig,Fikstür,Bilgi,Takım,Jenerik,Türkçe,Body,tk_fikstur,260,LOW,1,,,,evet,260,70,70,210,210,320,210,210,210,260,390,480,320,70,590,720,590,1000,1000,1300,880,880,1300,1600,1000,50,880,1900,1600,1600,2400,hayır
adana demirspor puan durumu,TFF 1. Lig,Futbol,Lig,2. Seviye,Orta,Erkek,Kulüp,Takım Sporu,Türkiye,Yerli,Türk Takımı Var,TV+ Yok,Yıllık,Sürekli Lig,Puan Durumu,Bilgi,Takım,Jenerik,İngilizce,Body,tk_pd,49500,LOW,0,0.08,,,evet,6600,6600,60500,90500,74000,90500,40500,60500,40500,40500,60500,60500,9900,12100,110000,90500,90500,201000,110000,301000,90500,74000,74000,74000,5400,1600,22200,22200,14800,12100,14800,hayır
adana demirspor kadro,TFF 1. Lig,Futbol,Lig,2. Seviye,Orta,Erkek,Kulüp,Takım Sporu,Türkiye,Yerli,Türk Takımı Var,TV+ Yok,Yıllık,Sürekli Lig,Kadro,Bilgi,Takım,Jenerik,İngilizce,Body,tk_kadro,590,LOW,0,,,,evet,480,260,590,880,720,880,590,390,320,390,590,1000,590,390,880,1000,880,1900,2400,2400,1300,1000,1900,6600,1900,1300,1600,8100,2400,3600,5400,hayır
adana demirspor oyuncuları,TFF 1. Lig,Futbol,Lig,2. Seviye,Orta,Erkek,Kulüp,Takım Sporu,Türkiye,Yerli,Türk Takımı Var,TV+ Yok,Yıllık,Sürekli Lig,Kadro,Bilgi,Takım,Jenerik,Türkçe,Body,tk_oyuncu,9900,LOW,0,,,,evet,1600,1600,9900,12100,12100,18100,12100,12100,8100,8100,12100,18100,6600,6600,22200,22200,18100,33100,27100,40500,27100,27100,27100,60500,6600,2900,3600,8100,4400,5400,8100,hayır
adana demirspor transfer,TFF 1. Lig,Futbol,Lig,2. Seviye,Orta,Erkek,Kulüp,Takım Sporu,Türkiye,Yerli,Türk Takımı Var,TV+ Yok,Yıllık,Sürekli Lig,Transfer,Bilgi,Takım,Jenerik,İngilizce,Body,tk_transfer,170,LOW,0,,,,evet,210,90,70,50,110,140,170,70,70,90,260,720,720,390,260,210,210,720,1300,720,480,590,1900,5400,4400,1900,590,480,590,5400,6600,hayır
adana demirspor,TFF 1. Lig,Futbol,Lig,2. Seviye,Orta,Erkek,Kulüp,Takım Sporu,Türkiye,Yerli,Türk Takımı Var,TV+ Yok,Yıllık,Sürekli Lig,Takım Jenerik,Bilgi,Takım,Jenerik,İngilizce,Head,tk_jen,246000,LOW,0,0.05,,,evet,110000,40500,201000,368000,246000,368000,201000,246000,201000,165000,301000,368000,110000,110000,673000,550000,550000,1220000,823000,1220000,550000,550000,550000,1000000,246000,135000,673000,1220000,673000,823000,1500000,hayır
ümraniyespor maçı,TFF 1. Lig,Futbol,Lig,2. Seviye,Orta,Erkek,Kulüp,Takım Sporu,Türkiye,Yerli,Türk Takımı Var,TV+ Yok,Yıllık,Sürekli Lig,Takım Maç Sorgusu,Bilgi,Takım,Jenerik,Türkçe,Head,tk_mac,3600,LOW,0,,,,evet,4400,260,1000,9900,8100,4400,2900,4400,2900,2900,2400,3600,2900,320,3600,9900,5400,6600,5400,6600,3600,3600,3600,4400,590,210,720,1900,1600,1600,2400,hayır
ümraniyespor maçı ne zaman,TFF 1. Lig,Futbol,Lig,2. Seviye,Orta,Erkek,Kulüp,Takım Sporu,Türkiye,Yerli,Türk Takımı Var,TV+ Yok,Yıllık,Sürekli Lig,Takvim/Saat,Bilgi,Takım,Jenerik,Türkçe,Body,tk_nezaman,110,LOW,1,,,,evet,70,10,70,170,170,170,170,170,110,90,90,110,90,10,110,170,140,210,140,170,90,110,140,140,40,20,110,170,210,210,320,hayır
ümraniyespor maçı hangi kanalda,TFF 1. Lig,Futbol,Lig,2. Seviye,Orta,Erkek,Kulüp,Takım Sporu,Türkiye,Yerli,Türk Takımı Var,TV+ Yok,Yıllık,Sürekli Lig,Kanal/Yayın,İzleme,Takım,Jenerik,Türkçe,Body,tk_kanal,170,LOW,2,,,,evet,260,10,20,390,110,170,140,210,70,140,70,260,480,10,210,110,70,140,110,590,140,90,90,90,20,0,30,110,70,30,170,hayır
ümraniyespor canlı izle,TFF 1. Lig,Futbol,Lig,2. Seviye,Orta,Erkek,Kulüp,Takım Sporu,Türkiye,Yerli,Türk Takımı Var,TV+ Yok,Yıllık,Sürekli Lig,Canlı İzle,İzleme,Takım,Jenerik,Türkçe,Body,tk_izle,20,LOW,1,,,,evet,20,0,10,110,30,20,10,30,10,10,10,20,50,10,20,20,10,50,10,50,20,20,10,20,10,0,20,20,10,20,20,hayır
ümraniyespor fikstür,TFF 1. Lig,Futbol,Lig,2. Seviye,Orta,Erkek,Kulüp,Takım Sporu,Türkiye,Yerli,Türk Takımı Var,TV+ Yok,Yıllık,Sürekli Lig,Fikstür,Bilgi,Takım,Jenerik,Türkçe,Head,tk_fikstur,110,LOW,0,,,,evet,50,10,20,170,140,140,110,140,140,140,140,140,50,10,70,140,140,170,140,170,110,170,140,140,90,30,70,140,110,140,210,hayır
ümraniyespor puan durumu,TFF 1. Lig,Futbol,Lig,2. Seviye,Orta,Erkek,Kulüp,Takım Sporu,Türkiye,Yerli,Türk Takımı Var,TV+ Yok,Yıllık,Sürekli Lig,Puan Durumu,Bilgi,Takım,Jenerik,Türkçe,Body,tk_pd,14800,LOW,0,,,,evet,12100,590,6600,40500,27100,22200,12100,18100,12100,9900,8100,9900,9900,880,18100,40500,22200,27100,18100,22200,12100,18100,14800,9900,1300,720,2400,5400,1900,2900,8100,hayır
ümraniyespor kadro,TFF 1. Lig,Futbol,Lig,2. Seviye,Orta,Erkek,Kulüp,Takım Sporu,Türkiye,Yerli,Türk Takımı Var,TV+ Yok,Yıllık,Sürekli Lig,Kadro,Bilgi,Takım,Jenerik,Türkçe,Head,tk_kadro,210,LOW,0,,,,evet,590,70,90,320,260,210,210,170,140,110,140,210,390,50,110,170,170,260,260,260,260,170,210,320,210,110,140,210,170,390,1300,hayır
ümraniyespor oyuncuları,TFF 1. Lig,Futbol,Lig,2. Seviye,Orta,Erkek,Kulüp,Takım Sporu,Türkiye,Yerli,Türk Takımı Var,TV+ Yok,Yıllık,Sürekli Lig,Kadro,Bilgi,Takım,Jenerik,Türkçe,Head,tk_oyuncu,1900,LOW,0,,,,evet,5400,260,880,2400,2400,2400,1600,1900,1600,1600,1300,2400,4400,480,1600,2900,1900,2900,1900,2900,2400,1900,1900,3600,720,390,390,720,590,720,1900,hayır
ümraniyespor transfer,TFF 1. Lig,Futbol,Lig,2. Seviye,Orta,Erkek,Kulüp,Takım Sporu,Türkiye,Yerli,Türk Takımı Var,TV+ Yok,Yıllık,Sürekli Lig,Transfer,Bilgi,Takım,Jenerik,Türkçe,Head,tk_transfer,40,LOW,0,,,,evet,170,70,10,10,10,10,40,10,10,10,30,90,110,30,10,20,10,70,70,30,10,20,90,170,210,110,90,10,10,170,170,hayır
ümraniyespor,TFF 1. Lig,Futbol,Lig,2. Seviye,Orta,Erkek,Kulüp,Takım Sporu,Türkiye,Yerli,Türk Takımı Var,TV+ Yok,Yıllık,Sürekli Lig,Takım Jenerik,Bilgi,Takım,Jenerik,Türkçe,Head,tk_jen,90500,LOW,0,0.11,0.03,0.16,evet,110000,5400,33100,165000,135000,110000,74000,110000,74000,60500,49500,90500,74000,6600,74000,165000,110000,165000,110000,135000,60500,74000,74000,74000,27100,22200,40500,90500,74000,90500,246000,hayır
amed sportif maçı,TFF 1. Lig,Futbol,Lig,2. Seviye,Orta,Erkek,Kulüp,Takım Sporu,Türkiye,Yerli,Türk Takımı Var,TV+ Yok,Yıllık,Sürekli Lig,Takım Maç Sorgusu,Bilgi,Takım,Jenerik,Türkçe,Body,tk_mac,74000,LOW,1,0.18,0.05,0.18,evet,9900,2400,246000,165000,74000,110000,49500,60500,27100,33100,33100,27100,1900,1000,18100,40500,40500,40500,40500,27100,27100,27100,49500,60500,3600,880,27100,110000,18100,8100,6600,hayır
amed sportif maçı ne zaman,TFF 1. Lig,Futbol,Lig,2. Seviye,Orta,Erkek,Kulüp,Takım Sporu,Türkiye,Yerli,Türk Takımı Var,TV+ Yok,Yıllık,Sürekli Lig,Takvim/Saat,Bilgi,Takım,Jenerik,Türkçe,Long-tail,tk_nezaman,140,LOW,2,,,,evet,50,20,110,260,170,140,170,210,110,140,140,70,10,10,50,140,90,70,50,50,20,20,40,0,0,0,0,0,0,0,0,hayır
amed sportif maçı hangi kanalda,TFF 1. Lig,Futbol,Lig,2. Seviye,Orta,Erkek,Kulüp,Takım Sporu,Türkiye,Yerli,Türk Takımı Var,TV+ Yok,Yıllık,Sürekli Lig,Kanal/Yayın,İzleme,Takım,Jenerik,Türkçe,Long-tail,tk_kanal,110,LOW,1,0.25,,,evet,20,10,260,480,40,50,50,70,70,40,70,90,0,0,10,40,30,30,40,40,30,50,110,40,10,0,10,70,30,10,10,hayır
amed sportif canlı izle,TFF 1. Lig,Futbol,Lig,2. Seviye,Orta,Erkek,Kulüp,Takım Sporu,Türkiye,Yerli,Türk Takımı Var,TV+ Yok,Yıllık,Sürekli Lig,Canlı İzle,İzleme,Takım,Jenerik,Türkçe,Body,tk_izle,2900,LOW,4,0.46,0.09,0.31,evet,210,50,14800,8100,1600,2900,1300,1300,480,720,1300,1300,70,30,880,3600,1600,1600,1900,1600,720,1300,3600,2900,110,30,2400,8100,1300,480,480,hayır
amed sportif fikstür,TFF 1. Lig,Futbol,Lig,2. Seviye,Orta,Erkek,Kulüp,Takım Sporu,Türkiye,Yerli,Türk Takımı Var,TV+ Yok,Yıllık,Sürekli Lig,Fikstür,Bilgi,Takım,Jenerik,Türkçe,Body,tk_fikstur,1300,LOW,2,0.16,0.06,0.13,evet,2400,70,720,2900,1600,1600,1000,1000,720,720,720,590,260,40,260,720,590,590,590,390,260,260,590,1000,590,40,260,2400,1300,480,390,hayır
amed sportif puan durumu,TFF 1. Lig,Futbol,Lig,2. Seviye,Orta,Erkek,Kulüp,Takım Sporu,Türkiye,Yerli,Türk Takımı Var,TV+ Yok,Yıllık,Sürekli Lig,Puan Durumu,Bilgi,Takım,Jenerik,İngilizce,Body,tk_pd,40500,LOW,1,,,,evet,1000,720,40500,110000,74000,90500,40500,49500,27100,18100,22200,9900,590,1000,12100,27100,22200,22200,22200,18100,12100,9900,14800,6600,880,1000,12100,74000,33100,18100,12100,hayır
amed sportif kadro,TFF 1. Lig,Futbol,Lig,2. Seviye,Orta,Erkek,Kulüp,Takım Sporu,Türkiye,Yerli,Türk Takımı Var,TV+ Yok,Yıllık,Sürekli Lig,Kadro,Bilgi,Takım,Jenerik,İngilizce,Body,tk_kadro,,,,,,,hayir,,,,,,,,,,,,,,,,,,,,,,,,,,,,,,,,hayır
amed sportif oyuncuları,TFF 1. Lig,Futbol,Lig,2. Seviye,Orta,Erkek,Kulüp,Takım Sporu,Türkiye,Yerli,Türk Takımı Var,TV+ Yok,Yıllık,Sürekli Lig,Kadro,Bilgi,Takım,Jenerik,Türkçe,Body,tk_oyuncu,10,LOW,0,,,,evet,30,10,50,50,20,0,0,0,0,0,0,0,0,0,0,0,0,0,0,0,0,0,0,0,0,0,0,0,0,0,0,hayır
amed sportif transfer,TFF 1. Lig,Futbol,Lig,2. Seviye,Orta,Erkek,Kulüp,Takım Sporu,Türkiye,Yerli,Türk Takımı Var,TV+ Yok,Yıllık,Sürekli Lig,Transfer,Bilgi,Takım,Jenerik,İngilizce,Body,tk_transfer,50,LOW,0,,,,evet,210,140,110,30,20,20,40,10,10,10,10,30,20,10,10,10,10,20,30,10,10,0,40,10,10,20,10,0,10,10,10,hayır
amed sportif,TFF 1. Lig,Futbol,Lig,2. Seviye,Orta,Erkek,Kulüp,Takım Sporu,Türkiye,Yerli,Türk Takımı Var,TV+ Yok,Yıllık,Sürekli Lig,Takım Jenerik,Bilgi,Takım,Jenerik,İngilizce,Head,tk_jen,1600,LOW,0,,,,evet,880,320,5400,4400,1000,1600,1000,1300,720,720,880,1000,140,70,320,880,880,880,880,1000,720,720,1000,1300,320,590,880,3600,1600,720,480,hayır
vanspor maçı,TFF 1. Lig,Futbol,Lig,2. Seviye,Orta,Erkek,Kulüp,Takım Sporu,Türkiye,Yerli,Türk Takımı Var,TV+ Yok,Yıllık,Sürekli Lig,Takım Maç Sorgusu,Bilgi,Takım,Jenerik,Türkçe,Head,tk_mac,18100,LOW,0,,,,evet,2400,720,2900,22200,22200,40500,14800,22200,22200,22200,18100,27100,1600,33100,49500,9900,9900,14800,4400,12100,6600,5400,8100,1300,260,320,14800,22200,9900,12100,6600,hayır
vanspor maçı ne zaman,TFF 1. Lig,Futbol,Lig,2. Seviye,Orta,Erkek,Kulüp,Takım Sporu,Türkiye,Yerli,Türk Takımı Var,TV+ Yok,Yıllık,Sürekli Lig,Takvim/Saat,Bilgi,Takım,Jenerik,Türkçe,Body,tk_nezaman,4400,LOW,0,,,,evet,390,260,1300,4400,6600,9900,5400,6600,5400,5400,5400,6600,880,5400,12100,2400,1600,2400,1600,2400,1300,1000,1600,1000,260,320,4400,4400,2900,2400,1600,hayır
vanspor maçı hangi kanalda,TFF 1. Lig,Futbol,Lig,2. Seviye,Orta,Erkek,Kulüp,Takım Sporu,Türkiye,Yerli,Türk Takımı Var,TV+ Yok,Yıllık,Sürekli Lig,Kanal/Yayın,İzleme,Takım,Jenerik,Türkçe,Body,tk_kanal,4400,LOW,0,,,,evet,20,10,590,1900,3600,8100,1600,3600,4400,6600,4400,14800,210,9900,22200,2900,1600,1900,720,2400,590,720,1900,110,20,20,2400,2900,1000,1300,720,hayır
vanspor canlı izle,TFF 1. Lig,Futbol,Lig,2. Seviye,Orta,Erkek,Kulüp,Takım Sporu,Türkiye,Yerli,Türk Takımı Var,TV+ Yok,Yıllık,Sürekli Lig,Canlı İzle,İzleme,Takım,Jenerik,Türkçe,Body,tk_izle,720,LOW,0,,,,evet,10,10,70,480,590,1900,480,720,720,880,590,1600,30,880,1600,170,90,390,70,390,170,210,390,10,10,10,480,1600,480,480,170,hayır
vanspor fikstür,TFF 1. Lig,Futbol,Lig,2. Seviye,Orta,Erkek,Kulüp,Takım Sporu,Türkiye,Yerli,Türk Takımı Var,TV+ Yok,Yıllık,Sürekli Lig,Fikstür,Bilgi,Takım,Jenerik,Türkçe,Head,tk_fikstur,390,LOW,1,,,,evet,170,10,30,210,320,720,390,320,480,390,590,720,480,110,590,140,170,320,170,260,170,170,260,210,110,50,320,1000,590,480,260,hayır
vanspor puan durumu,TFF 1. Lig,Futbol,Lig,2. Seviye,Orta,Erkek,Kulüp,Takım Sporu,Türkiye,Yerli,Türk Takımı Var,TV+ Yok,Yıllık,Sürekli Lig,Puan Durumu,Bilgi,Takım,Jenerik,İngilizce,Body,tk_pd,27100,LOW,0,,,,evet,3600,720,8100,60500,40500,49500,18100,33100,22200,27100,22200,18100,480,2900,14800,9900,9900,12100,5400,9900,6600,4400,6600,1300,320,480,12100,40500,18100,18100,9900,hayır
vanspor kadro,TFF 1. Lig,Futbol,Lig,2. Seviye,Orta,Erkek,Kulüp,Takım Sporu,Türkiye,Yerli,Türk Takımı Var,TV+ Yok,Yıllık,Sürekli Lig,Kadro,Bilgi,Takım,Jenerik,İngilizce,Head,tk_kadro,390,LOW,0,,,,evet,390,140,140,320,320,590,590,590,320,210,480,880,480,720,720,110,90,320,260,480,170,140,260,390,320,90,260,260,170,320,320,hayır
vanspor oyuncuları,TFF 1. Lig,Futbol,Lig,2. Seviye,Orta,Erkek,Kulüp,Takım Sporu,Türkiye,Yerli,Türk Takımı Var,TV+ Yok,Yıllık,Sürekli Lig,Kadro,Bilgi,Takım,Jenerik,Türkçe,Head,tk_oyuncu,720,LOW,0,,,,evet,1900,320,170,1300,1000,720,590,720,390,880,320,390,140,720,590,70,90,210,110,320,110,90,110,90,90,70,170,210,110,210,170,hayır
vanspor transfer,TFF 1. Lig,Futbol,Lig,2. Seviye,Orta,Erkek,Kulüp,Takım Sporu,Türkiye,Yerli,Türk Takımı Var,TV+ Yok,Yıllık,Sürekli Lig,Transfer,Bilgi,Takım,Jenerik,İngilizce,Head,tk_transfer,590,LOW,0,,,,evet,1300,590,170,40,30,260,1600,590,70,40,390,1900,2400,1900,70,50,40,140,320,170,40,50,90,390,480,110,20,20,20,140,390,hayır
vanspor,TFF 1. Lig,Futbol,Lig,2. Seviye,Orta,Erkek,Kulüp,Takım Sporu,Türkiye,Yerli,Türk Takımı Var,TV+ Yok,Yıllık,Sürekli Lig,Takım Jenerik,Bilgi,Takım,Jenerik,İngilizce,Head,tk_jen,301000,LOW,0,,,,evet,40500,33100,74000,246000,301000,673000,246000,450000,368000,301000,368000,450000,90500,550000,1220000,165000,135000,201000,90500,301000,110000,90500,135000,40500,27100,18100,301000,450000,201000,201000,135000,hayır
iğdır fk maçı,TFF 1. Lig,Futbol,Lig,2. Seviye,Orta,Erkek,Kulüp,Takım Sporu,Türkiye,Yerli,Türk Takımı Var,TV+ Yok,Yıllık,Sürekli Lig,Takım Maç Sorgusu,Bilgi,Takım,Jenerik,Türkçe,Body,tk_mac,40,LOW,0,,,,evet,10,0,20,30,40,50,70,50,40,70,70,30,10,10,170,110,170,320,210,170,170,110,260,210,70,210,320,140,210,320,260,hayır
iğdır fk maçı ne zaman,TFF 1. Lig,Futbol,Lig,2. Seviye,Orta,Erkek,Kulüp,Takım Sporu,Türkiye,Yerli,Türk Takımı Var,TV+ Yok,Yıllık,Sürekli Lig,Takvim/Saat,Bilgi,Takım,Jenerik,Türkçe,Long-tail,tk_nezaman,140,LOW,0,,,,evet,10,10,50,110,170,210,210,260,260,140,70,50,10,0,30,30,30,30,30,20,20,10,30,0,0,0,0,0,0,0,0,hayır
iğdır fk maçı hangi kanalda,TFF 1. Lig,Futbol,Lig,2. Seviye,Orta,Erkek,Kulüp,Takım Sporu,Türkiye,Yerli,Türk Takımı Var,TV+ Yok,Yıllık,Sürekli Lig,Kanal/Yayın,İzleme,Takım,Jenerik,Türkçe,Long-tail,tk_kanal,50,LOW,0,,,,evet,10,0,10,10,20,10,30,90,90,90,90,140,10,0,170,50,70,260,30,170,390,390,720,480,10,1000,480,70,70,50,40,hayır
iğdır fk canlı izle,TFF 1. Lig,Futbol,Lig,2. Seviye,Orta,Erkek,Kulüp,Takım Sporu,Türkiye,Yerli,Türk Takımı Var,TV+ Yok,Yıllık,Sürekli Lig,Canlı İzle,İzleme,Takım,Jenerik,Türkçe,Body,tk_izle,10,,,,,,evet,0,0,20,10,0,10,10,10,10,10,10,20,0,0,10,10,10,10,10,10,10,0,50,0,0,0,0,0,0,0,0,hayır
iğdır fk fikstür,TFF 1. Lig,Futbol,Lig,2. Seviye,Orta,Erkek,Kulüp,Takım Sporu,Türkiye,Yerli,Türk Takımı Var,TV+ Yok,Yıllık,Sürekli Lig,Fikstür,Bilgi,Takım,Jenerik,Türkçe,Body,tk_fikstur,,,,,,,hayir,,,,,,,,,,,,,,,,,,,,,,,,,,,,,,,,hayır
iğdır fk puan durumu,TFF 1. Lig,Futbol,Lig,2. Seviye,Orta,Erkek,Kulüp,Takım Sporu,Türkiye,Yerli,Türk Takımı Var,TV+ Yok,Yıllık,Sürekli Lig,Puan Durumu,Bilgi,Takım,Jenerik,Türkçe,Body,tk_pd,49500,LOW,0,,,,evet,1900,1900,74000,74000,60500,90500,49500,74000,49500,49500,49500,33100,1900,1900,110000,135000,90500,60500,40500,40500,60500,40500,74000,40500,1300,3600,14800,22200,18100,14800,12100,hayır
iğdır fk kadro,TFF 1. Lig,Futbol,Lig,2. Seviye,Orta,Erkek,Kulüp,Takım Sporu,Türkiye,Yerli,Türk Takımı Var,TV+ Yok,Yıllık,Sürekli Lig,Kadro,Bilgi,Takım,Jenerik,Türkçe,Body,tk_kadro,10,LOW,0,,,,evet,50,10,30,10,30,0,0,0,0,0,0,0,0,0,0,0,0,0,0,0,0,0,0,0,0,0,0,0,0,0,0,hayır
iğdır fk oyuncuları,TFF 1. Lig,Futbol,Lig,2. Seviye,Orta,Erkek,Kulüp,Takım Sporu,Türkiye,Yerli,Türk Takımı Var,TV+ Yok,Yıllık,Sürekli Lig,Kadro,Bilgi,Takım,Jenerik,Türkçe,Body,tk_oyuncu,20,LOW,0,,,,evet,10,10,10,10,10,10,10,10,10,30,50,70,70,50,40,110,90,110,90,90,110,90,170,210,0,0,0,0,0,0,0,hayır
iğdır fk transfer,TFF 1. Lig,Futbol,Lig,2. Seviye,Orta,Erkek,Kulüp,Takım Sporu,Türkiye,Yerli,Türk Takımı Var,TV+ Yok,Yıllık,Sürekli Lig,Transfer,Bilgi,Takım,Jenerik,Türkçe,Body,tk_transfer,320,LOW,0,,,,evet,720,720,210,70,40,390,880,110,20,30,260,390,590,320,90,30,40,140,720,90,50,70,320,720,1300,480,10,10,10,10,90,hayır
iğdır fk,TFF 1. Lig,Futbol,Lig,2. Seviye,Orta,Erkek,Kulüp,Takım Sporu,Türkiye,Yerli,Türk Takımı Var,TV+ Yok,Yıllık,Sürekli Lig,Takım Jenerik,Bilgi,Takım,Jenerik,Türkçe,Head,tk_jen,90500,LOW,0,,,,evet,18100,22200,110000,74000,90500,135000,90500,135000,74000,74000,90500,90500,14800,8100,90500,135000,110000,90500,74000,90500,201000,110000,246000,201000,27100,165000,246000,201000,301000,246000,165000,hayır
pendikspor maçı,TFF 1. Lig,Futbol,Lig,2. Seviye,Orta,Erkek,Kulüp,Takım Sporu,Türkiye,Yerli,Türk Takımı Var,TV+ Yok,Yıllık,Sürekli Lig,Takım Maç Sorgusu,Bilgi,Takım,Jenerik,Türkçe,Head,tk_mac,14800,LOW,0,,,,evet,720,480,18100,18100,9900,12100,22200,49500,18100,6600,9900,5400,720,480,9900,12100,8100,8100,6600,5400,6600,4400,6600,8100,1000,390,9900,9900,9900,8100,12100,hayır
pendikspor maçı ne zaman,TFF 1. Lig,Futbol,Lig,2. Seviye,Orta,Erkek,Kulüp,Takım Sporu,Türkiye,Yerli,Türk Takımı Var,TV+ Yok,Yıllık,Sürekli Lig,Takvim/Saat,Bilgi,Takım,Jenerik,Türkçe,Body,tk_nezaman,480,LOW,1,,,,evet,30,30,320,320,390,480,1000,1900,590,260,320,170,30,20,170,260,320,320,320,210,210,210,210,210,70,30,590,720,720,590,720,hayır
pendikspor maçı hangi kanalda,TFF 1. Lig,Futbol,Lig,2. Seviye,Orta,Erkek,Kulüp,Takım Sporu,Türkiye,Yerli,Türk Takımı Var,TV+ Yok,Yıllık,Sürekli Lig,Kanal/Yayın,İzleme,Takım,Jenerik,Türkçe,Body,tk_kanal,260,LOW,0,,,,evet,10,10,590,170,170,260,210,480,390,260,320,210,10,10,70,140,140,320,90,90,110,320,170,110,10,0,170,170,210,140,320,hayır
pendikspor canlı izle,TFF 1. Lig,Futbol,Lig,2. Seviye,Orta,Erkek,Kulüp,Takım Sporu,Türkiye,Yerli,Türk Takımı Var,TV+ Yok,Yıllık,Sürekli Lig,Canlı İzle,İzleme,Takım,Jenerik,Türkçe,Body,tk_izle,40,LOW,0,,,,evet,10,0,260,20,30,40,10,40,30,20,10,10,0,0,10,20,20,10,10,10,10,90,30,10,10,0,50,90,50,70,90,hayır
pendikspor fikstür,TFF 1. Lig,Futbol,Lig,2. Seviye,Orta,Erkek,Kulüp,Takım Sporu,Türkiye,Yerli,Türk Takımı Var,TV+ Yok,Yıllık,Sürekli Lig,Fikstür,Bilgi,Takım,Jenerik,Türkçe,Head,tk_fikstur,260,LOW,2,0.09,,,evet,90,10,140,260,320,320,320,390,260,260,260,210,90,10,70,170,110,210,210,210,170,140,140,170,110,10,880,720,720,720,720,hayır
pendikspor puan durumu,TFF 1. Lig,Futbol,Lig,2. Seviye,Orta,Erkek,Kulüp,Takım Sporu,Türkiye,Yerli,Türk Takımı Var,TV+ Yok,Yıllık,Sürekli Lig,Puan Durumu,Bilgi,Takım,Jenerik,İngilizce,Body,tk_pd,60500,LOW,0,,,,evet,1600,1300,60500,74000,49500,60500,110000,201000,74000,27100,33100,14800,1600,1600,40500,40500,27100,27100,27100,18100,18100,14800,18100,14800,1000,880,40500,27100,22200,18100,27100,hayır
pendikspor kadro,TFF 1. Lig,Futbol,Lig,2. Seviye,Orta,Erkek,Kulüp,Takım Sporu,Türkiye,Yerli,Türk Takımı Var,TV+ Yok,Yıllık,Sürekli Lig,Kadro,Bilgi,Takım,Jenerik,İngilizce,Head,tk_kadro,320,LOW,0,,,,evet,210,110,320,320,260,480,320,590,390,260,390,320,170,110,140,210,210,260,260,260,260,260,480,590,480,480,880,1600,2400,1600,2900,hayır
pendikspor oyuncuları,TFF 1. Lig,Futbol,Lig,2. Seviye,Orta,Erkek,Kulüp,Takım Sporu,Türkiye,Yerli,Türk Takımı Var,TV+ Yok,Yıllık,Sürekli Lig,Kadro,Bilgi,Takım,Jenerik,Türkçe,Head,tk_oyuncu,3600,LOW,0,,,,evet,590,320,2900,3600,2900,4400,5400,9900,5400,3600,4400,3600,1300,720,1900,2900,2400,2900,2900,2400,2400,2400,3600,4400,1300,880,2400,3600,4400,2900,5400,hayır
pendikspor transfer,TFF 1. Lig,Futbol,Lig,2. Seviye,Orta,Erkek,Kulüp,Takım Sporu,Türkiye,Yerli,Türk Takımı Var,TV+ Yok,Yıllık,Sürekli Lig,Transfer,Bilgi,Takım,Jenerik,İngilizce,Head,tk_transfer,140,LOW,1,0.65,,,evet,320,170,50,30,50,140,320,210,90,50,140,210,260,90,40,20,30,110,210,50,50,50,140,390,480,320,110,170,480,1000,3600,hayır
pendikspor,TFF 1. Lig,Futbol,Lig,2. Seviye,Orta,Erkek,Kulüp,Takım Sporu,Türkiye,Yerli,Türk Takımı Var,TV+ Yok,Yıllık,Sürekli Lig,Takım Jenerik,Bilgi,Takım,Jenerik,İngilizce,Head,tk_jen,301000,LOW,0,0.03,,,evet,14800,9900,301000,301000,246000,301000,450000,1000000,450000,165000,201000,90500,14800,9900,165000,165000,135000,135000,135000,90500,90500,90500,110000,110000,27100,27100,823000,550000,673000,550000,1000000,hayır
esenler erokspor maçı,TFF 1. Lig,Futbol,Lig,2. Seviye,Orta,Erkek,Kulüp,Takım Sporu,Türkiye,Yerli,Türk Takımı Var,TV+ Yok,Yıllık,Sürekli Lig,Takım Maç Sorgusu,Bilgi,Takım,Jenerik,Türkçe,Body,tk_mac,40500,LOW,0,,,,evet,720,320,90500,165000,135000,49500,9900,12100,9900,5400,2400,1300,390,110,1900,9900,5400,4400,390,720,480,720,18100,3600,320,50,480,4400,1900,720,480,hayır
esenler erokspor maçı ne zaman,TFF 1. Lig,Futbol,Lig,2. Seviye,Orta,Erkek,Kulüp,Takım Sporu,Türkiye,Yerli,Türk Takımı Var,TV+ Yok,Yıllık,Sürekli Lig,Takvim/Saat,Bilgi,Takım,Jenerik,Türkçe,Long-tail,tk_nezaman,590,LOW,0,,,,evet,10,10,1900,2900,1000,390,140,110,110,90,110,70,10,10,70,90,90,90,70,70,50,70,90,70,20,10,40,170,70,40,40,hayır
esenler erokspor maçı hangi kanalda,TFF 1. Lig,Futbol,Lig,2. Seviye,Orta,Erkek,Kulüp,Takım Sporu,Türkiye,Yerli,Türk Takımı Var,TV+ Yok,Yıllık,Sürekli Lig,Kanal/Yayın,İzleme,Takım,Jenerik,Türkçe,Long-tail,tk_kanal,320,LOW,0,,,,evet,10,10,1300,1600,390,390,70,170,70,110,90,90,10,0,10,40,50,40,20,110,110,70,260,90,0,10,20,70,70,40,40,hayır
esenler erokspor canlı izle,TFF 1. Lig,Futbol,Lig,2. Seviye,Orta,Erkek,Kulüp,Takım Sporu,Türkiye,Yerli,Türk Takımı Var,TV+ Yok,Yıllık,Sürekli Lig,Canlı İzle,İzleme,Takım,Jenerik,Türkçe,Body,tk_izle,260,,,,,,evet,0,10,1000,880,210,170,40,90,30,50,70,70,0,0,20,20,10,20,10,90,70,30,90,20,10,0,10,90,70,40,10,hayır
esenler erokspor fikstür,TFF 1. Lig,Futbol,Lig,2. Seviye,Orta,Erkek,Kulüp,Takım Sporu,Türkiye,Yerli,Türk Takımı Var,TV+ Yok,Yıllık,Sürekli Lig,Fikstür,Bilgi,Takım,Jenerik,Türkçe,Body,tk_fikstur,170,LOW,0,,,,evet,10,10,140,720,390,260,70,30,70,50,40,30,10,10,10,70,90,50,20,30,30,40,30,40,0,0,0,0,0,0,0,hayır
esenler erokspor puan durumu,TFF 1. Lig,Futbol,Lig,2. Seviye,Orta,Erkek,Kulüp,Takım Sporu,Türkiye,Yerli,Türk Takımı Var,TV+ Yok,Yıllık,Sürekli Lig,Puan Durumu,Bilgi,Takım,Jenerik,İngilizce,Body,tk_pd,135000,LOW,0,,,,evet,1600,1000,550000,368000,368000,201000,49500,74000,49500,18100,8100,4400,1900,480,8100,40500,22200,14800,210,590,480,720,60500,8100,10,20,170,390,480,390,320,hayır
esenler erokspor kadro,TFF 1. Lig,Futbol,Lig,2. Seviye,Orta,Erkek,Kulüp,Takım Sporu,Türkiye,Yerli,Türk Takımı Var,TV+ Yok,Yıllık,Sürekli Lig,Kadro,Bilgi,Takım,Jenerik,İngilizce,Body,tk_kadro,50,LOW,0,,,,evet,30,30,170,70,70,30,40,30,40,40,50,30,30,10,30,30,40,40,50,40,30,30,110,70,20,20,30,30,20,30,20,hayır
esenler erokspor oyuncuları,TFF 1. Lig,Futbol,Lig,2. Seviye,Orta,Erkek,Kulüp,Takım Sporu,Türkiye,Yerli,Türk Takımı Var,TV+ Yok,Yıllık,Sürekli Lig,Kadro,Bilgi,Takım,Jenerik,Türkçe,Body,tk_oyuncu,5400,LOW,0,,,,evet,590,210,12100,8100,14800,14800,3600,5400,5400,3600,1600,1600,1300,140,1300,2900,2400,1900,50,70,30,70,22200,3600,590,0,0,0,0,0,0,hayır
esenler erokspor transfer,TFF 1. Lig,Futbol,Lig,2. Seviye,Orta,Erkek,Kulüp,Takım Sporu,Türkiye,Yerli,Türk Takımı Var,TV+ Yok,Yıllık,Sürekli Lig,Transfer,Bilgi,Takım,Jenerik,İngilizce,Body,tk_transfer,50,LOW,0,,,,evet,260,30,20,20,20,40,70,10,20,10,50,90,260,70,10,10,10,40,70,20,10,30,110,260,320,110,30,10,10,30,30,hayır
esenler erokspor,TFF 1. Lig,Futbol,Lig,2. Seviye,Orta,Erkek,Kulüp,Takım Sporu,Türkiye,Yerli,Türk Takımı Var,TV+ Yok,Yıllık,Sürekli Lig,Takım Jenerik,Bilgi,Takım,Jenerik,İngilizce,Head,tk_jen,823000,LOW,0,,,,evet,18100,14800,1500000,3350000,1500000,1000000,368000,368000,301000,201000,246000,74000,14800,5400,40500,165000,110000,110000,60500,90500,60500,90500,301000,60500,12100,9900,135000,368000,135000,90500,60500,hayır
serikspor maçı,TFF 1. Lig,Futbol,Lig,2. Seviye,Orta,Erkek,Kulüp,Takım Sporu,Türkiye,Yerli,Türk Takımı Var,TV+ Yok,Yıllık,Sürekli Lig,Takım Maç Sorgusu,Bilgi,Takım,Jenerik,Türkçe,Head,tk_mac,5400,LOW,0,,,,evet,320,170,1300,18100,14800,6600,2400,3600,4400,5400,5400,1600,40,20,880,2900,1900,1900,480,720,480,320,210,70,30,20,110,320,260,320,260,hayır
serikspor maçı ne zaman,TFF 1. Lig,Futbol,Lig,2. Seviye,Orta,Erkek,Kulüp,Takım Sporu,Türkiye,Yerli,Türk Takımı Var,TV+ Yok,Yıllık,Sürekli Lig,Takvim/Saat,Bilgi,Takım,Jenerik,Türkçe,Body,tk_nezaman,70,LOW,0,,,,evet,10,0,20,110,110,90,50,110,90,90,50,90,10,10,70,110,90,110,70,90,30,40,0,0,0,0,0,0,0,0,0,hayır
serikspor maçı hangi kanalda,TFF 1. Lig,Futbol,Lig,2. Seviye,Orta,Erkek,Kulüp,Takım Sporu,Türkiye,Yerli,Türk Takımı Var,TV+ Yok,Yıllık,Sürekli Lig,Kanal/Yayın,İzleme,Takım,Jenerik,Türkçe,Body,tk_kanal,110,,,,,,evet,0,0,10,110,140,210,40,170,70,70,110,320,0,0,90,320,30,0,0,0,0,0,0,0,0,0,0,0,0,0,0,hayır
serikspor canlı izle,TFF 1. Lig,Futbol,Lig,2. Seviye,Orta,Erkek,Kulüp,Takım Sporu,Türkiye,Yerli,Türk Takımı Var,TV+ Yok,Yıllık,Sürekli Lig,Canlı İzle,İzleme,Takım,Jenerik,Türkçe,Body,tk_izle,30,,,,,,evet,0,0,10,70,70,70,10,50,10,40,30,40,10,10,90,260,70,50,10,140,90,40,320,0,0,0,0,0,0,0,0,hayır
serikspor fikstür,TFF 1. Lig,Futbol,Lig,2. Seviye,Orta,Erkek,Kulüp,Takım Sporu,Türkiye,Yerli,Türk Takımı Var,TV+ Yok,Yıllık,Sürekli Lig,Fikstür,Bilgi,Takım,Jenerik,Türkçe,Head,tk_fikstur,140,LOW,1,0.51,,,evet,50,10,10,210,320,170,90,110,90,110,170,210,110,20,170,590,210,210,210,210,170,170,170,70,20,10,50,170,170,110,140,hayır
serikspor puan durumu,TFF 1. Lig,Futbol,Lig,2. Seviye,Orta,Erkek,Kulüp,Takım Sporu,Türkiye,Yerli,Türk Takımı Var,TV+ Yok,Yıllık,Sürekli Lig,Puan Durumu,Bilgi,Takım,Jenerik,İngilizce,Body,tk_pd,22200,LOW,0,,,,evet,590,480,9900,60500,49500,27100,14800,22200,22200,18100,22200,3600,170,170,2900,8100,2900,2400,880,880,720,390,260,30,10,30,390,480,260,210,170,hayır
serikspor kadro,TFF 1. Lig,Futbol,Lig,2. Seviye,Orta,Erkek,Kulüp,Takım Sporu,Türkiye,Yerli,Türk Takımı Var,TV+ Yok,Yıllık,Sürekli Lig,Kadro,Bilgi,Takım,Jenerik,İngilizce,Head,tk_kadro,30,LOW,0,,,,evet,20,10,10,20,30,40,30,40,20,20,30,70,20,10,70,40,0,0,0,0,0,0,0,0,0,0,0,0,0,0,0,hayır
serikspor oyuncuları,TFF 1. Lig,Futbol,Lig,2. Seviye,Orta,Erkek,Kulüp,Takım Sporu,Türkiye,Yerli,Türk Takımı Var,TV+ Yok,Yıllık,Sürekli Lig,Kadro,Bilgi,Takım,Jenerik,Türkçe,Head,tk_oyuncu,1900,LOW,0,,,,evet,170,140,880,2400,2900,3600,1900,2400,2400,2900,3600,390,10,10,70,50,0,0,0,0,0,0,0,0,0,0,0,0,0,0,0,hayır
serikspor transfer,TFF 1. Lig,Futbol,Lig,2. Seviye,Orta,Erkek,Kulüp,Takım Sporu,Türkiye,Yerli,Türk Takımı Var,TV+ Yok,Yıllık,Sürekli Lig,Transfer,Bilgi,Takım,Jenerik,İngilizce,Head,tk_transfer,70,LOW,0,,,,evet,50,10,10,10,30,140,210,30,10,10,30,210,320,110,110,10,30,50,50,20,10,20,40,110,90,10,10,10,10,20,50,hayır
serikspor,TFF 1. Lig,Futbol,Lig,2. Seviye,Orta,Erkek,Kulüp,Takım Sporu,Türkiye,Yerli,Türk Takımı Var,TV+ Yok,Yıllık,Sürekli Lig,Takım Jenerik,Bilgi,Takım,Jenerik,İngilizce,Head,tk_jen,33100,LOW,0,,,,evet,4400,2400,12100,49500,49500,40500,22200,40500,40500,40500,49500,49500,6600,4400,33100,60500,18100,14800,8100,14800,12100,8100,8100,1900,1600,720,9900,5400,5400,4400,3600,hayır
hatayspor maçı,TFF 1. Lig,Futbol,Lig,2. Seviye,Orta,Erkek,Kulüp,Takım Sporu,Türkiye,Yerli,Türk Takımı Var,TV+ Yok,Yıllık,Sürekli Lig,Takım Maç Sorgusu,Bilgi,Takım,Jenerik,Türkçe,Head,tk_mac,8100,LOW,0,,,,evet,1600,880,2900,8100,9900,8100,6600,9900,9900,8100,12100,12100,3600,1600,33100,33100,40500,27100,60500,49500,27100,27100,33100,33100,2900,1000,49500,14800,12100,12100,14800,hayır
hatayspor maçı ne zaman,TFF 1. Lig,Futbol,Lig,2. Seviye,Orta,Erkek,Kulüp,Takım Sporu,Türkiye,Yerli,Türk Takımı Var,TV+ Yok,Yıllık,Sürekli Lig,Takvim/Saat,Bilgi,Takım,Jenerik,Türkçe,Body,tk_nezaman,320,LOW,0,,,,evet,50,30,110,320,320,320,320,590,480,390,390,480,210,70,720,880,1000,880,1300,1300,880,880,880,880,210,90,1900,1000,1000,1000,1000,hayır
hatayspor maçı hangi kanalda,TFF 1. Lig,Futbol,Lig,2. Seviye,Orta,Erkek,Kulüp,Takım Sporu,Türkiye,Yerli,Türk Takımı Var,TV+ Yok,Yıllık,Sürekli Lig,Kanal/Yayın,İzleme,Takım,Jenerik,Türkçe,Body,tk_kanal,480,LOW,8,,,,evet,10,10,140,170,210,390,1000,480,480,390,1000,1600,90,10,140,260,140,320,480,720,210,390,320,390,50,10,1600,320,170,390,590,hayır
hatayspor canlı izle,TFF 1. Lig,Futbol,Lig,2. Seviye,Orta,Erkek,Kulüp,Takım Sporu,Türkiye,Yerli,Türk Takımı Var,TV+ Yok,Yıllık,Sürekli Lig,Canlı İzle,İzleme,Takım,Jenerik,Türkçe,Body,tk_izle,40,LOW,2,,,,evet,10,10,20,30,40,50,50,30,50,20,70,140,140,30,110,40,30,140,260,140,70,110,140,140,20,10,590,140,110,140,260,hayır
hatayspor fikstür,TFF 1. Lig,Futbol,Lig,2. Seviye,Orta,Erkek,Kulüp,Takım Sporu,Türkiye,Yerli,Türk Takımı Var,TV+ Yok,Yıllık,Sürekli Lig,Fikstür,Bilgi,Takım,Jenerik,Türkçe,Head,tk_fikstur,210,LOW,1,,,,evet,110,20,40,140,210,210,260,260,320,320,390,480,260,20,390,880,1000,1000,1300,1600,1300,1300,1600,1600,1300,70,4400,2400,1900,2400,2400,hayır
hatayspor puan durumu,TFF 1. Lig,Futbol,Lig,2. Seviye,Orta,Erkek,Kulüp,Takım Sporu,Türkiye,Yerli,Türk Takımı Var,TV+ Yok,Yıllık,Sürekli Lig,Puan Durumu,Bilgi,Takım,Jenerik,İngilizce,Body,tk_pd,22200,LOW,0,,,,evet,2400,1300,18100,33100,33100,27100,22200,33100,33100,27100,33100,27100,4400,4400,110000,110000,110000,74000,135000,110000,60500,49500,49500,49500,2400,1600,110000,27100,18100,14800,14800,hayır
hatayspor kadro,TFF 1. Lig,Futbol,Lig,2. Seviye,Orta,Erkek,Kulüp,Takım Sporu,Türkiye,Yerli,Türk Takımı Var,TV+ Yok,Yıllık,Sürekli Lig,Kadro,Bilgi,Takım,Jenerik,İngilizce,Head,tk_kadro,390,LOW,0,,,,evet,210,110,210,390,480,480,590,590,480,390,390,480,480,390,1000,1300,720,880,3600,1900,1300,1300,2400,2900,880,590,1300,1000,1600,1600,1300,hayır
hatayspor oyuncuları,TFF 1. Lig,Futbol,Lig,2. Seviye,Orta,Erkek,Kulüp,Takım Sporu,Türkiye,Yerli,Türk Takımı Var,TV+ Yok,Yıllık,Sürekli Lig,Kadro,Bilgi,Takım,Jenerik,Türkçe,Head,tk_oyuncu,4400,LOW,0,,,,evet,720,590,2900,4400,5400,6600,5400,5400,4400,4400,5400,6600,5400,3600,18100,14800,9900,9900,27100,18100,12100,14800,27100,22200,2400,1000,2900,2400,2400,2900,1900,hayır
hatayspor transfer,TFF 1. Lig,Futbol,Lig,2. Seviye,Orta,Erkek,Kulüp,Takım Sporu,Türkiye,Yerli,Türk Takımı Var,TV+ Yok,Yıllık,Sürekli Lig,Transfer,Bilgi,Takım,Jenerik,İngilizce,Head,tk_transfer,170,LOW,0,,,,evet,140,50,50,30,90,390,880,90,40,70,140,260,390,210,90,70,70,320,590,260,140,210,4400,2400,2400,1300,170,50,110,1300,1600,hayır
hatayspor,TFF 1. Lig,Futbol,Lig,2. Seviye,Orta,Erkek,Kulüp,Takım Sporu,Türkiye,Yerli,Türk Takımı Var,TV+ Yok,Yıllık,Sürekli Lig,Takım Jenerik,Bilgi,Takım,Jenerik,İngilizce,Head,tk_jen,135000,LOW,0,,,,evet,18100,12100,60500,135000,201000,165000,135000,165000,135000,135000,165000,201000,60500,49500,550000,550000,450000,450000,1000000,673000,368000,368000,450000,673000,90500,60500,2740000,823000,550000,673000,673000,hayır
sivasspor maçı,TFF 1. Lig,Futbol,Lig,2. Seviye,Orta,Erkek,Kulüp,Takım Sporu,Türkiye,Yerli,Türk Takımı Var,TV+ Yok,Yıllık,Sürekli Lig,Takım Maç Sorgusu,Bilgi,Takım,Jenerik,Türkçe,Head,tk_mac,9900,LOW,0,,,,evet,720,320,2400,22200,12100,12100,14800,9900,9900,9900,9900,9900,1000,590,14800,14800,12100,12100,9900,12100,9900,8100,8100,8100,1000,720,8100,9900,8100,12100,14800,hayır
sivasspor maçı ne zaman,TFF 1. Lig,Futbol,Lig,2. Seviye,Orta,Erkek,Kulüp,Takım Sporu,Türkiye,Yerli,Türk Takımı Var,TV+ Yok,Yıllık,Sürekli Lig,Takvim/Saat,Bilgi,Takım,Jenerik,Türkçe,Body,tk_nezaman,1300,LOW,1,,,,evet,140,70,590,2400,2400,1900,1900,1600,1600,1600,1300,1000,260,140,1600,1900,1600,1300,1600,1600,1300,1000,1000,1000,260,140,1000,1300,1000,1300,1600,hayır
sivasspor maçı hangi kanalda,TFF 1. Lig,Futbol,Lig,2. Seviye,Orta,Erkek,Kulüp,Takım Sporu,Türkiye,Yerli,Türk Takımı Var,TV+ Yok,Yıllık,Sürekli Lig,Kanal/Yayın,İzleme,Takım,Jenerik,Türkçe,Body,tk_kanal,2900,LOW,1,,,,evet,90,20,590,8100,8100,2900,2900,2900,1300,2900,5400,4400,90,20,880,590,590,1300,1000,880,590,390,590,720,70,20,480,480,320,590,1000,hayır
sivasspor canlı izle,TFF 1. Lig,Futbol,Lig,2. Seviye,Orta,Erkek,Kulüp,Takım Sporu,Türkiye,Yerli,Türk Takımı Var,TV+ Yok,Yıllık,Sürekli Lig,Canlı İzle,İzleme,Takım,Jenerik,Türkçe,Body,tk_izle,210,LOW,10,0.47,,,evet,10,10,50,590,390,260,260,140,50,50,320,210,20,10,210,170,90,210,40,50,110,210,140,210,20,10,210,170,140,210,480,hayır
sivasspor fikstür,TFF 1. Lig,Futbol,Lig,2. Seviye,Orta,Erkek,Kulüp,Takım Sporu,Türkiye,Yerli,Türk Takımı Var,TV+ Yok,Yıllık,Sürekli Lig,Fikstür,Bilgi,Takım,Jenerik,Türkçe,Head,tk_fikstur,880,LOW,1,,,,evet,480,20,110,880,1300,1300,1000,880,880,1000,1300,1300,880,70,2900,5400,2900,1900,1900,1900,1600,1300,1300,1600,880,70,880,1900,1300,1900,2400,hayır
sivasspor puan durumu,TFF 1. Lig,Futbol,Lig,2. Seviye,Orta,Erkek,Kulüp,Takım Sporu,Türkiye,Yerli,Türk Takımı Var,TV+ Yok,Yıllık,Sürekli Lig,Puan Durumu,Bilgi,Takım,Jenerik,İngilizce,Body,tk_pd,110000,LOW,0,,,,evet,5400,3600,49500,201000,201000,165000,201000,110000,90500,110000,110000,74000,9900,9900,450000,450000,246000,135000,110000,135000,135000,74000,74000,74000,2900,1600,27100,33100,12100,14800,18100,hayır
sivasspor kadro,TFF 1. Lig,Futbol,Lig,2. Seviye,Orta,Erkek,Kulüp,Takım Sporu,Türkiye,Yerli,Türk Takımı Var,TV+ Yok,Yıllık,Sürekli Lig,Kadro,Bilgi,Takım,Jenerik,İngilizce,Head,tk_kadro,880,LOW,0,,,,evet,880,390,480,880,720,1300,1300,720,720,590,1000,1300,1000,480,1600,2400,1000,1300,1600,2900,1600,1000,1900,2900,1300,880,1900,2900,1000,1900,4400,hayır
sivasspor oyuncuları,TFF 1. Lig,Futbol,Lig,2. Seviye,Orta,Erkek,Kulüp,Takım Sporu,Türkiye,Yerli,Türk Takımı Var,TV+ Yok,Yıllık,Sürekli Lig,Kadro,Bilgi,Takım,Jenerik,Türkçe,Head,tk_oyuncu,9900,LOW,0,,,,evet,2400,1300,5400,9900,9900,14800,14800,9900,8100,9900,14800,18100,8100,4400,18100,22200,12100,12100,14800,27100,14800,8100,14800,22200,3600,1900,3600,4400,1900,3600,4400,hayır
sivasspor transfer,TFF 1. Lig,Futbol,Lig,2. Seviye,Orta,Erkek,Kulüp,Takım Sporu,Türkiye,Yerli,Türk Takımı Var,TV+ Yok,Yıllık,Sürekli Lig,Transfer,Bilgi,Takım,Jenerik,İngilizce,Head,tk_transfer,2900,LOW,0,,0.24,0.37,evet,2400,720,720,260,210,4400,12100,1000,320,390,4400,8100,9900,1600,590,390,720,8100,18100,4400,2900,1900,12100,33100,33100,9900,4400,880,1000,18100,33100,hayır
sivasspor,TFF 1. Lig,Futbol,Lig,2. Seviye,Orta,Erkek,Kulüp,Takım Sporu,Türkiye,Yerli,Türk Takımı Var,TV+ Yok,Yıllık,Sürekli Lig,Takım Jenerik,Bilgi,Takım,Jenerik,İngilizce,Head,tk_jen,450000,LOW,0,0.25,0.06,0.33,evet,165000,135000,201000,673000,673000,673000,1000000,450000,450000,450000,550000,550000,246000,201000,1830000,1830000,1000000,823000,823000,1000000,823000,550000,673000,823000,301000,165000,1000000,1220000,450000,823000,1500000,hayır
istanbulspor maçı,TFF 1. Lig,Futbol,Lig,2. Seviye,Orta,Erkek,Kulüp,Takım Sporu,Türkiye,Yerli,Türk Takımı Var,TV+ Yok,Yıllık,Sürekli Lig,Takım Maç Sorgusu,Bilgi,Takım,Jenerik,Türkçe,Head,tk_mac,5400,LOW,0,,,,evet,880,480,2400,9900,8100,14800,6600,6600,3600,5400,4400,4400,1300,880,14800,22200,14800,12100,9900,6600,6600,8100,12100,14800,1900,1000,8100,6600,4400,5400,9900,hayır
istanbulspor maçı ne zaman,TFF 1. Lig,Futbol,Lig,2. Seviye,Orta,Erkek,Kulüp,Takım Sporu,Türkiye,Yerli,Türk Takımı Var,TV+ Yok,Yıllık,Sürekli Lig,Takvim/Saat,Bilgi,Takım,Jenerik,Türkçe,Body,tk_nezaman,260,LOW,0,,,,evet,50,20,170,320,480,590,480,480,210,210,210,210,110,30,390,480,480,390,390,320,260,320,320,390,170,70,590,480,480,590,720,hayır
istanbulspor maçı hangi kanalda,TFF 1. Lig,Futbol,Lig,2. Seviye,Orta,Erkek,Kulüp,Takım Sporu,Türkiye,Yerli,Türk Takımı Var,TV+ Yok,Yıllık,Sürekli Lig,Kanal/Yayın,İzleme,Takım,Jenerik,Türkçe,Body,tk_kanal,210,LOW,1,,,,evet,40,10,50,90,210,880,140,210,90,140,170,320,70,10,260,140,480,260,170,320,170,110,320,390,40,10,110,70,50,50,210,hayır
istanbulspor canlı izle,TFF 1. Lig,Futbol,Lig,2. Seviye,Orta,Erkek,Kulüp,Takım Sporu,Türkiye,Yerli,Türk Takımı Var,TV+ Yok,Yıllık,Sürekli Lig,Canlı İzle,İzleme,Takım,Jenerik,Türkçe,Body,tk_izle,20,LOW,0,,,,evet,10,0,10,10,20,50,20,40,10,10,10,20,10,0,20,10,10,10,10,20,10,10,30,30,10,10,40,30,20,30,70,hayır
istanbulspor fikstür,TFF 1. Lig,Futbol,Lig,2. Seviye,Orta,Erkek,Kulüp,Takım Sporu,Türkiye,Yerli,Türk Takımı Var,TV+ Yok,Yıllık,Sürekli Lig,Fikstür,Bilgi,Takım,Jenerik,Türkçe,Head,tk_fikstur,170,LOW,1,,,,evet,110,10,50,260,260,210,210,210,170,140,140,140,50,20,170,170,170,260,170,110,170,170,260,210,70,20,390,320,320,390,880,hayır
istanbulspor puan durumu,TFF 1. Lig,Futbol,Lig,2. Seviye,Orta,Erkek,Kulüp,Takım Sporu,Türkiye,Yerli,Türk Takımı Var,TV+ Yok,Yıllık,Sürekli Lig,Puan Durumu,Bilgi,Takım,Jenerik,İngilizce,Body,tk_pd,18100,LOW,0,,,,evet,1600,1000,12100,33100,33100,49500,22200,22200,9900,12100,12100,8100,2400,2900,40500,74000,60500,40500,40500,22200,18100,22200,40500,33100,1900,1000,18100,8100,4400,4400,8100,hayır
istanbulspor kadro,TFF 1. Lig,Futbol,Lig,2. Seviye,Orta,Erkek,Kulüp,Takım Sporu,Türkiye,Yerli,Türk Takımı Var,TV+ Yok,Yıllık,Sürekli Lig,Kadro,Bilgi,Takım,Jenerik,İngilizce,Head,tk_kadro,320,LOW,0,,,,evet,110,110,170,260,390,1000,390,210,140,210,210,320,210,170,320,320,480,390,390,210,260,320,390,720,480,590,2400,720,720,1300,3600,hayır
istanbulspor oyuncuları,TFF 1. Lig,Futbol,Lig,2. Seviye,Orta,Erkek,Kulüp,Takım Sporu,Türkiye,Yerli,Türk Takımı Var,TV+ Yok,Yıllık,Sürekli Lig,Kadro,Bilgi,Takım,Jenerik,Türkçe,Head,tk_oyuncu,3600,LOW,0,,,,evet,590,390,1600,2900,4400,18100,4400,2900,1600,2400,1900,2900,1600,1300,3600,3600,5400,2900,3600,2400,1900,2400,5400,8100,1300,1600,2900,1600,1300,1300,2900,hayır
istanbulspor transfer,TFF 1. Lig,Futbol,Lig,2. Seviye,Orta,Erkek,Kulüp,Takım Sporu,Türkiye,Yerli,Türk Takımı Var,TV+ Yok,Yıllık,Sürekli Lig,Transfer,Bilgi,Takım,Jenerik,İngilizce,Head,tk_transfer,140,LOW,1,,,,evet,210,110,50,10,40,140,210,50,40,50,140,480,390,170,50,30,40,90,210,70,30,40,170,390,480,140,110,50,70,320,1000,hayır
istanbulspor,TFF 1. Lig,Futbol,Lig,2. Seviye,Orta,Erkek,Kulüp,Takım Sporu,Türkiye,Yerli,Türk Takımı Var,TV+ Yok,Yıllık,Sürekli Lig,Takım Jenerik,Bilgi,Takım,Jenerik,İngilizce,Head,tk_jen,110000,LOW,0,0.33,0.16,0.37,evet,14800,12100,60500,165000,165000,368000,135000,135000,60500,74000,90500,74000,22200,18100,201000,301000,301000,201000,165000,110000,90500,110000,201000,201000,33100,40500,550000,301000,201000,246000,673000,hayır
çorum fk maçı,TFF 1. Lig,Futbol,Lig,2. Seviye,Orta,Erkek,Kulüp,Takım Sporu,Türkiye,Yerli,Türk Takımı Var,TV+ Yok,Yıllık,Sürekli Lig,Takım Maç Sorgusu,Bilgi,Takım,Jenerik,Türkçe,Body,tk_mac,49500,LOW,0,0.09,0.05,0.16,evet,18100,3600,135000,90500,110000,40500,40500,33100,33100,40500,49500,40500,3600,1000,14800,60500,40500,40500,40500,27100,27100,14800,18100,14800,1600,480,18100,18100,6600,4400,4400,hayır
çorum fk maçı ne zaman,TFF 1. Lig,Futbol,Lig,2. Seviye,Orta,Erkek,Kulüp,Takım Sporu,Türkiye,Yerli,Türk Takımı Var,TV+ Yok,Yıllık,Sürekli Lig,Takvim/Saat,Bilgi,Takım,Jenerik,Türkçe,Long-tail,tk_nezaman,880,LOW,1,,,,evet,480,260,4400,880,880,590,590,590,590,480,480,390,40,10,90,260,260,320,320,320,320,210,210,260,30,20,320,210,170,140,170,hayır
çorum fk maçı hangi kanalda,TFF 1. Lig,Futbol,Lig,2. Seviye,Orta,Erkek,Kulüp,Takım Sporu,Türkiye,Yerli,Türk Takımı Var,TV+ Yok,Yıllık,Sürekli Lig,Kanal/Yayın,İzleme,Takım,Jenerik,Türkçe,Long-tail,tk_kanal,1600,LOW,1,,,,evet,70,20,8100,1900,590,880,590,480,720,1300,1000,1900,90,10,590,2400,1600,880,590,590,1300,1000,210,590,10,10,1900,1600,260,480,390,hayır
çorum fk canlı izle,TFF 1. Lig,Futbol,Lig,2. Seviye,Orta,Erkek,Kulüp,Takım Sporu,Türkiye,Yerli,Türk Takımı Var,TV+ Yok,Yıllık,Sürekli Lig,Canlı İzle,İzleme,Takım,Jenerik,Türkçe,Body,tk_izle,260,LOW,2,,,,evet,10,10,1900,480,170,110,50,90,90,140,70,90,10,10,40,140,140,140,90,90,110,170,50,110,10,10,880,480,140,140,90,hayır
çorum fk fikstür,TFF 1. Lig,Futbol,Lig,2. Seviye,Orta,Erkek,Kulüp,Takım Sporu,Türkiye,Yerli,Türk Takımı Var,TV+ Yok,Yıllık,Sürekli Lig,Fikstür,Bilgi,Takım,Jenerik,Türkçe,Body,tk_fikstur,590,LOW,1,0.1,,,evet,2400,50,590,390,720,390,390,320,390,480,590,720,390,10,70,390,390,480,480,320,260,260,260,390,260,10,390,720,390,320,320,hayır
çorum fk puan durumu,TFF 1. Lig,Futbol,Lig,2. Seviye,Orta,Erkek,Kulüp,Takım Sporu,Türkiye,Yerli,Türk Takımı Var,TV+ Yok,Yıllık,Sürekli Lig,Puan Durumu,Bilgi,Takım,Jenerik,Türkçe,Body,tk_pd,165000,LOW,0,,,,evet,14800,5400,301000,368000,368000,201000,165000,165000,135000,165000,165000,135000,3600,2900,60500,201000,165000,165000,165000,110000,110000,60500,60500,40500,1600,880,40500,74000,22200,14800,14800,hayır
çorum fk kadro,TFF 1. Lig,Futbol,Lig,2. Seviye,Orta,Erkek,Kulüp,Takım Sporu,Türkiye,Yerli,Türk Takımı Var,TV+ Yok,Yıllık,Sürekli Lig,Kadro,Bilgi,Takım,Jenerik,Türkçe,Body,tk_kadro,1000,LOW,0,,,,evet,2400,720,3600,720,880,590,1000,590,480,320,480,720,390,50,90,140,140,210,210,140,140,110,170,480,260,110,590,260,210,210,320,hayır
çorum fk oyuncuları,TFF 1. Lig,Futbol,Lig,2. Seviye,Orta,Erkek,Kulüp,Takım Sporu,Türkiye,Yerli,Türk Takımı Var,TV+ Yok,Yıllık,Sürekli Lig,Kadro,Bilgi,Takım,Jenerik,Türkçe,Body,tk_oyuncu,12100,LOW,0,,,,evet,14800,3600,33100,9900,12100,9900,14800,8100,6600,8100,14800,22200,4400,1300,2900,6600,5400,6600,6600,5400,3600,2900,3600,6600,1000,480,2900,2400,1300,880,1000,hayır
çorum fk transfer,TFF 1. Lig,Futbol,Lig,2. Seviye,Orta,Erkek,Kulüp,Takım Sporu,Türkiye,Yerli,Türk Takımı Var,TV+ Yok,Yıllık,Sürekli Lig,Transfer,Bilgi,Takım,Jenerik,Türkçe,Body,tk_transfer,1600,LOW,0,0.39,0.25,0.37,evet,12100,4400,880,50,90,170,1300,390,50,70,480,1000,2900,720,170,40,70,210,480,90,30,30,170,590,880,590,140,70,70,260,480,hayır
çorum fk,TFF 1. Lig,Futbol,Lig,2. Seviye,Orta,Erkek,Kulüp,Takım Sporu,Türkiye,Yerli,Türk Takımı Var,TV+ Yok,Yıllık,Sürekli Lig,Takım Jenerik,Bilgi,Takım,Jenerik,Türkçe,Head,tk_jen,550000,LOW,0,0.08,0.02,0.24,evet,246000,110000,1830000,1000000,823000,550000,450000,450000,450000,450000,550000,550000,110000,49500,165000,550000,368000,368000,368000,301000,201000,135000,135000,201000,49500,33100,673000,550000,246000,246000,246000,hayır
real madrid maçı,La Liga,Futbol,Lig,1. Seviye,Global Elit,Erkek,Kulüp,Takım Sporu,İspanya,Yabancı,Yok,TV+ Var,Yıllık,Sürekli Lig,Takım Maç Sorgusu,Bilgi,Takım,Jenerik,Türkçe,Body,tk_mac,165000,LOW,2,0.24,0.05,0.33,evet,14800,4400,74000,301000,246000,201000,246000,201000,246000,201000,201000,135000,135000,90500,201000,368000,201000,301000,301000,246000,201000,246000,246000,246000,40500,135000,450000,301000,90500,110000,368000,hayır
real madrid maçı ne zaman,La Liga,Futbol,Lig,1. Seviye,Global Elit,Erkek,Kulüp,Takım Sporu,İspanya,Yabancı,Yok,TV+ Var,Yıllık,Sürekli Lig,Takvim/Saat,Bilgi,Takım,Jenerik,Türkçe,Long-tail,tk_nezaman,22200,LOW,3,0.29,0.03,0.26,evet,2400,1300,9900,27100,27100,27100,33100,27100,27100,27100,27100,22200,22200,18100,27100,27100,22200,27100,33100,33100,27100,22200,27100,27100,5400,8100,40500,27100,18100,18100,40500,hayır
real madrid maçı hangi kanalda,La Liga,Futbol,Lig,1. Seviye,Global Elit,Erkek,Kulüp,Takım Sporu,İspanya,Yabancı,Yok,TV+ Var,Yıllık,Sürekli Lig,Kanal/Yayın,İzleme,Takım,Jenerik,Türkçe,Long-tail,tk_kanal,49500,LOW,8,0.23,0.09,0.43,evet,1300,320,14800,90500,74000,40500,74000,60500,74000,60500,90500,40500,33100,22200,40500,135000,74000,110000,110000,110000,90500,110000,90500,74000,3600,40500,74000,110000,22200,40500,165000,hayır
real madrid canlı izle,La Liga,Futbol,Lig,1. Seviye,Global Elit,Erkek,Kulüp,Takım Sporu,İspanya,Yabancı,Yok,TV+ Var,Yıllık,Sürekli Lig,Canlı İzle,İzleme,Takım,Jenerik,Türkçe,Body,tk_izle,2900,LOW,10,0.6,,,evet,50,10,480,4400,3600,2400,6600,4400,3600,3600,5400,3600,1300,1000,4400,8100,9900,12100,6600,8100,6600,12100,9900,5400,390,4400,14800,18100,3600,6600,27100,hayır
real madrid fikstür,La Liga,Futbol,Lig,1. Seviye,Global Elit,Erkek,Kulüp,Takım Sporu,İspanya,Yabancı,Yok,TV+ Var,Yıllık,Sürekli Lig,Fikstür,Bilgi,Takım,Jenerik,Türkçe,Body,tk_fikstur,5400,LOW,10,0.18,0.06,0.44,evet,880,260,2400,6600,6600,8100,8100,8100,8100,8100,8100,8100,3600,3600,8100,8100,5400,8100,9900,9900,8100,8100,9900,9900,1600,1300,14800,9900,6600,8100,18100,hayır
real madrid puan durumu,La Liga,Futbol,Lig,1. Seviye,Global Elit,Erkek,Kulüp,Takım Sporu,İspanya,Yabancı,Yok,TV+ Var,Yıllık,Sürekli Lig,Puan Durumu,Bilgi,Takım,Jenerik,İngilizce,Body,tk_pd,301000,LOW,0,0.03,0.03,0.22,evet,22200,18100,368000,550000,550000,368000,450000,368000,450000,368000,301000,165000,74000,90500,550000,673000,450000,550000,550000,550000,368000,301000,301000,246000,18100,27100,110000,74000,33100,33100,49500,hayır
real madrid kadro,La Liga,Futbol,Lig,1. Seviye,Global Elit,Erkek,Kulüp,Takım Sporu,İspanya,Yabancı,Yok,TV+ Var,Yıllık,Sürekli Lig,Kadro,Bilgi,Takım,Jenerik,İngilizce,Body,tk_kadro,5400,LOW,0,0.28,0.12,0.51,evet,8100,4400,4400,4400,6600,3600,4400,2900,3600,4400,6600,5400,8100,6600,8100,8100,6600,8100,8100,9900,8100,12100,12100,14800,14800,33100,22200,18100,9900,12100,33100,hayır
real madrid oyuncuları,La Liga,Futbol,Lig,1. Seviye,Global Elit,Erkek,Kulüp,Takım Sporu,İspanya,Yabancı,Yok,TV+ Var,Yıllık,Sürekli Lig,Kadro,Bilgi,Takım,Jenerik,Türkçe,Body,tk_oyuncu,110000,LOW,0,0.61,0.21,0.51,evet,49500,33100,74000,110000,135000,110000,201000,135000,135000,165000,165000,110000,165000,110000,165000,165000,110000,135000,165000,165000,135000,165000,201000,246000,60500,74000,49500,40500,22200,22200,40500,hayır
real madrid transfer,La Liga,Futbol,Lig,1. Seviye,Global Elit,Erkek,Kulüp,Takım Sporu,İspanya,Yabancı,Yok,TV+ Var,Yıllık,Sürekli Lig,Transfer,Bilgi,Takım,Jenerik,İngilizce,Body,tk_transfer,5400,LOW,1,0.71,0.27,1.14,evet,22200,22200,2400,880,720,1000,1900,1000,720,880,2400,5400,6600,9900,8100,1300,1000,1300,1900,1000,1300,1600,2400,4400,6600,6600,3600,1900,1600,4400,2900,hayır
real madrid,La Liga,Futbol,Lig,1. Seviye,Global Elit,Erkek,Kulüp,Takım Sporu,İspanya,Yabancı,Yok,TV+ Var,Yıllık,Sürekli Lig,Takım Jenerik,Bilgi,Takım,Jenerik,İngilizce,Head,tk_jen,3350000,LOW,1,0.43,0.06,0.52,evet,550000,368000,2240000,5000000,6120000,4090000,5000000,4090000,4090000,5000000,4090000,2740000,3350000,2240000,5000000,7480000,4090000,5000000,6120000,5000000,4090000,4090000,4090000,5000000,823000,2740000,9140000,7480000,2740000,3350000,7480000,hayır
barcelona maçı,La Liga,Futbol,Lig,1. Seviye,Global Elit,Erkek,Kulüp,Takım Sporu,İspanya,Yabancı,Yok,TV+ Var,Yıllık,Sürekli Lig,Takım Maç Sorgusu,Bilgi,Takım,Jenerik,Türkçe,Head,tk_mac,110000,LOW,3,0.27,0.05,0.34,evet,12100,8100,110000,246000,201000,135000,165000,110000,110000,135000,110000,74000,27100,27100,368000,368000,201000,165000,201000,135000,165000,165000,110000,74000,9900,6600,40500,60500,40500,33100,60500,hayır
barcelona maçı ne zaman,La Liga,Futbol,Lig,1. Seviye,Global Elit,Erkek,Kulüp,Takım Sporu,İspanya,Yabancı,Yok,TV+ Var,Yıllık,Sürekli Lig,Takvim/Saat,Bilgi,Takım,Jenerik,Türkçe,Body,tk_nezaman,5400,LOW,2,0.06,0.04,0.24,evet,1300,720,4400,8100,6600,6600,6600,5400,5400,5400,5400,4400,2400,2900,12100,12100,9900,6600,6600,5400,5400,4400,2900,2400,880,720,2900,3600,2400,2400,3600,hayır
barcelona maçı hangi kanalda,La Liga,Futbol,Lig,1. Seviye,Global Elit,Erkek,Kulüp,Takım Sporu,İspanya,Yabancı,Yok,TV+ Var,Yıllık,Sürekli Lig,Kanal/Yayın,İzleme,Takım,Jenerik,Türkçe,Body,tk_kanal,14800,LOW,5,,0.06,0.31,evet,320,170,6600,33100,22200,9900,22200,8100,9900,33100,9900,8100,2400,390,27100,74000,18100,9900,18100,9900,9900,14800,4400,3600,260,140,1900,9900,2900,1900,6600,hayır
barcelona canlı izle,La Liga,Futbol,Lig,1. Seviye,Global Elit,Erkek,Kulüp,Takım Sporu,İspanya,Yabancı,Yok,TV+ Var,Yıllık,Sürekli Lig,Canlı İzle,İzleme,Takım,Jenerik,Türkçe,Body,tk_izle,720,LOW,8,,,,evet,10,20,260,1000,1000,720,1300,590,880,1000,590,590,320,50,1900,2900,720,720,1300,590,720,880,260,390,50,40,210,720,320,210,590,hayır
barcelona fikstür,La Liga,Futbol,Lig,1. Seviye,Global Elit,Erkek,Kulüp,Takım Sporu,İspanya,Yabancı,Yok,TV+ Var,Yıllık,Sürekli Lig,Fikstür,Bilgi,Takım,Jenerik,Türkçe,Head,tk_fikstur,1300,LOW,15,0.16,0.05,0.3,evet,260,90,720,1600,1600,1600,1600,1300,1300,1600,1600,1300,390,260,3600,3600,1900,1900,1900,1600,1600,1900,1300,720,210,90,480,720,720,590,1000,hayır
barcelona puan durumu,La Liga,Futbol,Lig,1. Seviye,Global Elit,Erkek,Kulüp,Takım Sporu,İspanya,Yabancı,Yok,TV+ Var,Yıllık,Sürekli Lig,Puan Durumu,Bilgi,Takım,Jenerik,İngilizce,Body,tk_pd,74000,LOW,0,,,,evet,8100,1900,33100,33100,27100,22200,27100,135000,165000,165000,135000,74000,14800,18100,550000,368000,301000,246000,301000,246000,201000,165000,135000,60500,5400,4400,27100,33100,27100,27100,33100,hayır
barcelona kadro,La Liga,Futbol,Lig,1. Seviye,Global Elit,Erkek,Kulüp,Takım Sporu,İspanya,Yabancı,Yok,TV+ Var,Yıllık,Sürekli Lig,Kadro,Bilgi,Takım,Jenerik,İngilizce,Head,tk_kadro,5400,LOW,0,0.45,0.17,0.32,evet,6600,4400,6600,5400,6600,5400,5400,3600,5400,5400,5400,4400,5400,6600,12100,9900,6600,4400,8100,5400,8100,12100,8100,9900,8100,8100,6600,9900,6600,5400,8100,hayır
barcelona oyuncuları,La Liga,Futbol,Lig,1. Seviye,Global Elit,Erkek,Kulüp,Takım Sporu,İspanya,Yabancı,Yok,TV+ Var,Yıllık,Sürekli Lig,Kadro,Bilgi,Takım,Jenerik,Türkçe,Head,tk_oyuncu,40500,LOW,0,,,,evet,27100,14800,40500,40500,40500,40500,60500,33100,40500,49500,49500,40500,40500,33100,90500,74000,60500,40500,60500,40500,49500,60500,49500,49500,22200,12100,12100,14800,12100,9900,14800,hayır
barcelona transfer,La Liga,Futbol,Lig,1. Seviye,Global Elit,Erkek,Kulüp,Takım Sporu,İspanya,Yabancı,Yok,TV+ Var,Yıllık,Sürekli Lig,Transfer,Bilgi,Takım,Jenerik,İngilizce,Head,tk_transfer,2400,LOW,4,0.78,0.28,1.53,evet,8100,4400,3600,1300,1000,1000,1600,880,590,720,1600,3600,5400,4400,2400,880,720,720,1600,880,1000,1300,1600,6600,5400,3600,1900,1000,1300,1600,1900,hayır
barcelona,La Liga,Futbol,Lig,1. Seviye,Global Elit,Erkek,Kulüp,Takım Sporu,İspanya,Yabancı,Yok,TV+ Var,Yıllık,Sürekli Lig,Takım Jenerik,Bilgi,Takım,Jenerik,İngilizce,Head,tk_jen,1500000,LOW,5,0.56,0.14,1.1,evet,201000,135000,1000000,2240000,2240000,1500000,1830000,1220000,1830000,1830000,1500000,1000000,450000,368000,4090000,5000000,2240000,1830000,2240000,1500000,1500000,1830000,1000000,823000,246000,165000,673000,1500000,673000,550000,1000000,hayır
atletico madrid maçı,La Liga,Futbol,Lig,1. Seviye,Global Elit,Erkek,Kulüp,Takım Sporu,İspanya,Yabancı,Yok,TV+ Var,Yıllık,Sürekli Lig,Takım Maç Sorgusu,Bilgi,Takım,Jenerik,Türkçe,Body,tk_mac,5400,LOW,2,0.38,0.06,0.42,evet,1000,260,5400,12100,8100,14800,8100,4400,5400,4400,4400,2900,320,2900,4400,5400,8100,6600,6600,5400,6600,5400,6600,5400,480,480,2900,8100,3600,5400,6600,hayır
atletico madrid maçı ne zaman,La Liga,Futbol,Lig,1. Seviye,Global Elit,Erkek,Kulüp,Takım Sporu,İspanya,Yabancı,Yok,TV+ Var,Yıllık,Sürekli Lig,Takvim/Saat,Bilgi,Takım,Jenerik,Türkçe,Long-tail,tk_nezaman,720,LOW,1,,,,evet,110,90,880,1300,720,1000,1900,1000,590,590,480,480,170,320,390,480,590,480,480,480,320,480,260,390,70,260,390,880,320,390,480,hayır
atletico madrid maçı hangi kanalda,La Liga,Futbol,Lig,1. Seviye,Global Elit,Erkek,Kulüp,Takım Sporu,İspanya,Yabancı,Yok,TV+ Var,Yıllık,Sürekli Lig,Kanal/Yayın,İzleme,Takım,Jenerik,Türkçe,Long-tail,tk_kanal,1900,LOW,5,,0.21,0.41,evet,70,20,1900,5400,1600,6600,2900,720,1000,2900,880,480,30,1300,720,880,2400,1000,1300,1900,2400,1600,1000,880,30,50,390,2900,880,1300,2900,hayır
atletico madrid canlı izle,La Liga,Futbol,Lig,1. Seviye,Global Elit,Erkek,Kulüp,Takım Sporu,İspanya,Yabancı,Yok,TV+ Var,Yıllık,Sürekli Lig,Canlı İzle,İzleme,Takım,Jenerik,Türkçe,Body,tk_izle,210,LOW,7,,,,evet,10,10,110,320,260,720,390,210,210,170,110,50,0,90,70,70,320,90,110,260,170,140,210,170,10,10,70,210,320,260,390,hayır
atletico madrid fikstür,La Liga,Futbol,Lig,1. Seviye,Global Elit,Erkek,Kulüp,Takım Sporu,İspanya,Yabancı,Yok,TV+ Var,Yıllık,Sürekli Lig,Fikstür,Bilgi,Takım,Jenerik,Türkçe,Body,tk_fikstur,320,LOW,7,0.13,,,evet,50,20,90,390,320,590,1000,390,390,390,320,170,40,30,70,90,140,260,260,210,140,140,170,170,30,30,70,140,140,170,210,hayır
atletico madrid puan durumu,La Liga,Futbol,Lig,1. Seviye,Global Elit,Erkek,Kulüp,Takım Sporu,İspanya,Yabancı,Yok,TV+ Var,Yıllık,Sürekli Lig,Puan Durumu,Bilgi,Takım,Jenerik,İngilizce,Body,tk_pd,60500,LOW,0,0.14,,,evet,2900,2900,49500,90500,49500,90500,201000,60500,49500,40500,40500,18100,2400,14800,49500,49500,74000,90500,74000,74000,33100,33100,27100,14800,1600,1900,3600,5400,2900,3600,3600,hayır
atletico madrid kadro,La Liga,Futbol,Lig,1. Seviye,Global Elit,Erkek,Kulüp,Takım Sporu,İspanya,Yabancı,Yok,TV+ Var,Yıllık,Sürekli Lig,Kadro,Bilgi,Takım,Jenerik,İngilizce,Body,tk_kadro,2900,LOW,1,,0.31,0.44,evet,1600,1300,1900,2900,1900,2400,14800,2400,1900,1900,2400,2900,880,1600,1600,1300,2400,1300,1300,1600,1300,1600,1900,2400,1000,1000,880,1600,1300,1300,1900,hayır
atletico madrid oyuncuları,La Liga,Futbol,Lig,1. Seviye,Global Elit,Erkek,Kulüp,Takım Sporu,İspanya,Yabancı,Yok,TV+ Var,Yıllık,Sürekli Lig,Kadro,Bilgi,Takım,Jenerik,Türkçe,Body,tk_oyuncu,27100,LOW,0,0.49,,,evet,6600,6600,14800,22200,14800,27100,110000,27100,18100,14800,22200,18100,8100,12100,12100,9900,18100,18100,18100,18100,9900,12100,14800,18100,4400,2900,1600,2400,1600,1600,2900,hayır
atletico madrid transfer,La Liga,Futbol,Lig,1. Seviye,Global Elit,Erkek,Kulüp,Takım Sporu,İspanya,Yabancı,Yok,TV+ Var,Yıllık,Sürekli Lig,Transfer,Bilgi,Takım,Jenerik,İngilizce,Body,tk_transfer,590,LOW,0,,0.32,0.89,evet,1000,260,260,320,210,1300,1000,140,90,170,590,880,720,320,90,90,140,170,170,140,140,210,590,2900,480,320,110,110,70,140,210,hayır
atletico madrid,La Liga,Futbol,Lig,1. Seviye,Global Elit,Erkek,Kulüp,Takım Sporu,İspanya,Yabancı,Yok,TV+ Var,Yıllık,Sürekli Lig,Takım Jenerik,Bilgi,Takım,Jenerik,İngilizce,Head,tk_jen,673000,LOW,1,0.73,0.28,0.85,evet,110000,49500,450000,1220000,673000,1000000,1830000,550000,550000,450000,450000,246000,49500,201000,368000,301000,550000,550000,550000,450000,301000,301000,368000,368000,49500,49500,201000,550000,246000,368000,450000,hayır
sevilla maçı,La Liga,Futbol,Lig,1. Seviye,Global Elit,Erkek,Kulüp,Takım Sporu,İspanya,Yabancı,Yok,TV+ Var,Yıllık,Sürekli Lig,Takım Maç Sorgusu,Bilgi,Takım,Jenerik,Türkçe,Head,tk_mac,2900,LOW,2,0.12,0.07,0.42,evet,1300,50,6600,4400,2400,4400,4400,1600,2400,3600,3600,3600,590,90,3600,5400,3600,5400,4400,5400,3600,2900,5400,8100,2900,260,4400,4400,4400,5400,9900,hayır
sevilla maçı ne zaman,La Liga,Futbol,Lig,1. Seviye,Global Elit,Erkek,Kulüp,Takım Sporu,İspanya,Yabancı,Yok,TV+ Var,Yıllık,Sürekli Lig,Takvim/Saat,Bilgi,Takım,Jenerik,Türkçe,Body,tk_nezaman,90,LOW,1,,,,evet,70,10,90,110,70,170,140,90,110,140,70,90,20,10,110,140,70,140,110,90,90,90,70,140,90,40,210,170,140,170,170,hayır
sevilla maçı hangi kanalda,La Liga,Futbol,Lig,1. Seviye,Global Elit,Erkek,Kulüp,Takım Sporu,İspanya,Yabancı,Yok,TV+ Var,Yıllık,Sürekli Lig,Kanal/Yayın,İzleme,Takım,Jenerik,Türkçe,Body,tk_kanal,170,LOW,9,0.38,0.08,0.29,evet,110,10,140,110,140,140,210,90,110,170,260,320,50,10,210,140,140,140,210,390,210,170,320,480,90,10,260,210,170,260,1000,hayır
sevilla canlı izle,La Liga,Futbol,Lig,1. Seviye,Global Elit,Erkek,Kulüp,Takım Sporu,İspanya,Yabancı,Yok,TV+ Var,Yıllık,Sürekli Lig,Canlı İzle,İzleme,Takım,Jenerik,Türkçe,Body,tk_izle,30,LOW,7,,,,evet,20,10,40,30,50,10,40,10,40,30,40,40,10,10,50,20,20,30,10,50,40,30,40,40,20,10,20,30,20,30,70,hayır
sevilla fikstür,La Liga,Futbol,Lig,1. Seviye,Global Elit,Erkek,Kulüp,Takım Sporu,İspanya,Yabancı,Yok,TV+ Var,Yıllık,Sürekli Lig,Fikstür,Bilgi,Takım,Jenerik,Türkçe,Head,tk_fikstur,70,LOW,14,,,,evet,30,10,140,110,90,50,50,50,50,110,90,50,10,10,90,30,40,90,90,90,50,90,70,50,30,10,40,50,70,110,110,hayır
sevilla puan durumu,La Liga,Futbol,Lig,1. Seviye,Global Elit,Erkek,Kulüp,Takım Sporu,İspanya,Yabancı,Yok,TV+ Var,Yıllık,Sürekli Lig,Puan Durumu,Bilgi,Takım,Jenerik,İngilizce,Body,tk_pd,2400,LOW,0,,,,evet,390,210,14800,2400,1300,880,1300,880,720,3600,590,480,140,210,1900,1300,880,1900,1300,720,320,320,390,480,1600,110,720,590,480,880,1000,hayır
sevilla kadro,La Liga,Futbol,Lig,1. Seviye,Global Elit,Erkek,Kulüp,Takım Sporu,İspanya,Yabancı,Yok,TV+ Var,Yıllık,Sürekli Lig,Kadro,Bilgi,Takım,Jenerik,İngilizce,Head,tk_kadro,320,LOW,1,,,,evet,320,210,390,260,320,260,390,320,210,590,390,480,320,390,480,390,390,590,590,590,480,590,590,880,1600,720,720,590,480,720,1000,hayır
sevilla oyuncuları,La Liga,Futbol,Lig,1. Seviye,Global Elit,Erkek,Kulüp,Takım Sporu,İspanya,Yabancı,Yok,TV+ Var,Yıllık,Sürekli Lig,Kadro,Bilgi,Takım,Jenerik,Türkçe,Head,tk_oyuncu,260,LOW,0,,,,evet,140,170,1300,140,140,110,170,110,110,390,140,170,260,260,260,140,110,210,320,210,170,140,210,390,1300,170,210,210,210,260,480,hayır
sevilla transfer,La Liga,Futbol,Lig,1. Seviye,Global Elit,Erkek,Kulüp,Takım Sporu,İspanya,Yabancı,Yok,TV+ Var,Yıllık,Sürekli Lig,Transfer,Bilgi,Takım,Jenerik,İngilizce,Head,tk_transfer,50,LOW,2,,,,evet,70,20,30,20,20,20,70,20,20,50,110,170,50,30,20,10,20,30,30,20,20,30,90,210,260,50,30,40,20,70,110,hayır
sevilla,La Liga,Futbol,Lig,1. Seviye,Global Elit,Erkek,Kulüp,Takım Sporu,İspanya,Yabancı,Yok,TV+ Var,Yıllık,Sürekli Lig,Takım Jenerik,Bilgi,Takım,Jenerik,İngilizce,Head,tk_jen,74000,LOW,8,0.56,0.18,1.33,evet,33100,27100,135000,90500,74000,74000,90500,49500,60500,110000,74000,74000,27100,22200,90500,74000,74000,110000,90500,90500,60500,60500,90500,110000,60500,22200,110000,90500,90500,110000,201000,hayır
real sociedad maçı,La Liga,Futbol,Lig,1. Seviye,Global Elit,Erkek,Kulüp,Takım Sporu,İspanya,Yabancı,Yok,TV+ Var,Yıllık,Sürekli Lig,Takım Maç Sorgusu,Bilgi,Takım,Jenerik,Türkçe,Body,tk_mac,2400,LOW,1,,,,evet,590,260,4400,3600,2900,4400,4400,1900,1600,1600,2900,1000,590,390,4400,3600,6600,9900,9900,6600,8100,4400,4400,2400,720,260,1600,1600,1600,2900,2400,hayır
real sociedad maçı ne zaman,La Liga,Futbol,Lig,1. Seviye,Global Elit,Erkek,Kulüp,Takım Sporu,İspanya,Yabancı,Yok,TV+ Var,Yıllık,Sürekli Lig,Takvim/Saat,Bilgi,Takım,Jenerik,Türkçe,Long-tail,tk_nezaman,20,LOW,0,,,,evet,10,10,10,30,20,30,30,10,10,40,20,10,10,10,20,50,70,50,20,30,20,20,0,0,0,0,0,0,0,0,0,hayır
real sociedad maçı hangi kanalda,La Liga,Futbol,Lig,1. Seviye,Global Elit,Erkek,Kulüp,Takım Sporu,İspanya,Yabancı,Yok,TV+ Var,Yıllık,Sürekli Lig,Kanal/Yayın,İzleme,Takım,Jenerik,Türkçe,Long-tail,tk_kanal,50,LOW,2,,,,evet,10,0,50,50,70,90,70,90,50,50,40,50,20,10,90,70,70,170,110,70,90,210,140,70,10,10,90,390,140,320,390,hayır
real sociedad canlı izle,La Liga,Futbol,Lig,1. Seviye,Global Elit,Erkek,Kulüp,Takım Sporu,İspanya,Yabancı,Yok,TV+ Var,Yıllık,Sürekli Lig,Canlı İzle,İzleme,Takım,Jenerik,Türkçe,Body,tk_izle,20,LOW,29,,,,evet,10,0,10,20,10,30,10,30,10,20,10,70,10,10,30,20,20,50,30,30,30,90,70,30,10,0,20,70,30,110,90,hayır
real sociedad fikstür,La Liga,Futbol,Lig,1. Seviye,Global Elit,Erkek,Kulüp,Takım Sporu,İspanya,Yabancı,Yok,TV+ Var,Yıllık,Sürekli Lig,Fikstür,Bilgi,Takım,Jenerik,Türkçe,Body,tk_fikstur,20,LOW,18,0.38,,,evet,10,10,20,20,10,20,30,20,20,10,20,10,10,10,10,10,20,30,30,20,40,30,0,0,0,0,0,0,0,0,0,hayır
real sociedad puan durumu,La Liga,Futbol,Lig,1. Seviye,Global Elit,Erkek,Kulüp,Takım Sporu,İspanya,Yabancı,Yok,TV+ Var,Yıllık,Sürekli Lig,Puan Durumu,Bilgi,Takım,Jenerik,İngilizce,Body,tk_pd,5400,LOW,0,,,,evet,1900,1000,12100,12100,5400,8100,9900,4400,3600,3600,4400,1900,720,1000,8100,8100,9900,18100,22200,9900,14800,8100,8100,2900,1300,880,2400,1000,1000,1600,1300,hayır
real sociedad kadro,La Liga,Futbol,Lig,1. Seviye,Global Elit,Erkek,Kulüp,Takım Sporu,İspanya,Yabancı,Yok,TV+ Var,Yıllık,Sürekli Lig,Kadro,Bilgi,Takım,Jenerik,İngilizce,Body,tk_kadro,170,LOW,1,0.41,,,evet,170,110,170,210,140,210,320,140,110,110,170,170,140,140,210,210,320,320,320,210,320,260,390,320,480,390,480,480,320,590,590,hayır
real sociedad oyuncuları,La Liga,Futbol,Lig,1. Seviye,Global Elit,Erkek,Kulüp,Takım Sporu,İspanya,Yabancı,Yok,TV+ Var,Yıllık,Sürekli Lig,Kadro,Bilgi,Takım,Jenerik,Türkçe,Body,tk_oyuncu,1900,LOW,0,,,,evet,1300,880,1600,2400,1600,2400,2400,1600,1300,1600,2400,1600,1300,1900,3600,3600,3600,3600,4400,2400,4400,2400,3600,1900,1600,880,880,720,590,590,480,hayır
real sociedad transfer,La Liga,Futbol,Lig,1. Seviye,Global Elit,Erkek,Kulüp,Takım Sporu,İspanya,Yabancı,Yok,TV+ Var,Yıllık,Sürekli Lig,Transfer,Bilgi,Takım,Jenerik,İngilizce,Body,tk_transfer,20,LOW,3,,,,evet,20,10,10,10,10,10,30,10,10,10,50,50,30,10,10,10,10,20,10,10,10,10,30,30,40,30,10,10,10,10,20,hayır
real sociedad,La Liga,Futbol,Lig,1. Seviye,Global Elit,Erkek,Kulüp,Takım Sporu,İspanya,Yabancı,Yok,TV+ Var,Yıllık,Sürekli Lig,Takım Jenerik,Bilgi,Takım,Jenerik,İngilizce,Head,tk_jen,49500,LOW,1,0.52,0.23,0.68,evet,14800,8100,74000,90500,49500,90500,74000,49500,33100,33100,49500,27100,12100,12100,74000,74000,90500,165000,301000,135000,135000,90500,90500,49500,27100,22200,90500,74000,74000,135000,135000,hayır
villarreal maçı,La Liga,Futbol,Lig,1. Seviye,Global Elit,Erkek,Kulüp,Takım Sporu,İspanya,Yabancı,Yok,TV+ Var,Yıllık,Sürekli Lig,Takım Maç Sorgusu,Bilgi,Takım,Jenerik,Türkçe,Head,tk_mac,5400,LOW,0,,,,evet,1300,260,5400,6600,4400,6600,8100,9900,8100,8100,6600,3600,720,260,5400,5400,5400,2900,6600,6600,2400,5400,5400,6600,480,210,2400,1900,1900,1900,3600,hayır
villarreal maçı ne zaman,La Liga,Futbol,Lig,1. Seviye,Global Elit,Erkek,Kulüp,Takım Sporu,İspanya,Yabancı,Yok,TV+ Var,Yıllık,Sürekli Lig,Takvim/Saat,Bilgi,Takım,Jenerik,Türkçe,Body,tk_nezaman,40,LOW,1,,,,evet,20,10,30,40,20,50,90,90,40,30,30,20,10,10,10,40,210,20,20,20,20,30,0,0,0,0,0,0,0,0,0,hayır
villarreal maçı hangi kanalda,La Liga,Futbol,Lig,1. Seviye,Global Elit,Erkek,Kulüp,Takım Sporu,İspanya,Yabancı,Yok,TV+ Var,Yıllık,Sürekli Lig,Kanal/Yayın,İzleme,Takım,Jenerik,Türkçe,Body,tk_kanal,140,LOW,5,,,,evet,10,0,90,90,110,110,140,390,320,170,110,110,20,0,30,50,30,70,90,110,30,110,170,170,10,10,110,50,50,90,170,hayır
villarreal canlı izle,La Liga,Futbol,Lig,1. Seviye,Global Elit,Erkek,Kulüp,Takım Sporu,İspanya,Yabancı,Yok,TV+ Var,Yıllık,Sürekli Lig,Canlı İzle,İzleme,Takım,Jenerik,Türkçe,Body,tk_izle,30,LOW,8,,,,evet,10,0,10,10,30,20,10,110,50,30,10,20,10,0,10,10,10,10,10,20,10,30,30,20,10,10,30,10,10,40,30,hayır
villarreal fikstür,La Liga,Futbol,Lig,1. Seviye,Global Elit,Erkek,Kulüp,Takım Sporu,İspanya,Yabancı,Yok,TV+ Var,Yıllık,Sürekli Lig,Fikstür,Bilgi,Takım,Jenerik,Türkçe,Head,tk_fikstur,40,LOW,0,,,,evet,10,10,30,50,30,50,70,90,70,70,70,20,10,10,30,30,20,20,20,40,10,30,40,0,0,0,0,0,0,0,0,hayır
villarreal puan durumu,La Liga,Futbol,Lig,1. Seviye,Global Elit,Erkek,Kulüp,Takım Sporu,İspanya,Yabancı,Yok,TV+ Var,Yıllık,Sürekli Lig,Puan Durumu,Bilgi,Takım,Jenerik,İngilizce,Body,tk_pd,12100,LOW,0,,,,evet,4400,1600,18100,22200,12100,14800,22200,18100,14800,12100,9900,5400,1000,1300,14800,9900,9900,6600,9900,9900,4400,8100,8100,5400,390,10,140,70,260,110,90,hayır
villarreal kadro,La Liga,Futbol,Lig,1. Seviye,Global Elit,Erkek,Kulüp,Takım Sporu,İspanya,Yabancı,Yok,TV+ Var,Yıllık,Sürekli Lig,Kadro,Bilgi,Takım,Jenerik,İngilizce,Head,tk_kadro,390,LOW,0,,,,evet,320,170,320,210,210,320,590,390,390,590,480,320,210,210,320,170,260,210,320,260,210,390,480,720,390,480,880,320,320,390,590,hayır
villarreal oyuncuları,La Liga,Futbol,Lig,1. Seviye,Global Elit,Erkek,Kulüp,Takım Sporu,İspanya,Yabancı,Yok,TV+ Var,Yıllık,Sürekli Lig,Kadro,Bilgi,Takım,Jenerik,Türkçe,Head,tk_oyuncu,4400,LOW,0,,,,evet,2900,1600,5400,5400,3600,3600,8100,4400,4400,5400,3600,2900,1600,2400,4400,2900,2900,2400,2900,2400,1900,3600,2900,3600,1000,880,1300,480,390,390,590,hayır
villarreal transfer,La Liga,Futbol,Lig,1. Seviye,Global Elit,Erkek,Kulüp,Takım Sporu,İspanya,Yabancı,Yok,TV+ Var,Yıllık,Sürekli Lig,Transfer,Bilgi,Takım,Jenerik,İngilizce,Head,tk_transfer,50,LOW,2,,,,evet,30,20,20,10,20,10,70,40,30,90,140,140,40,10,10,10,10,10,20,10,20,30,50,140,40,40,40,30,10,30,70,hayır
villarreal,La Liga,Futbol,Lig,1. Seviye,Global Elit,Erkek,Kulüp,Takım Sporu,İspanya,Yabancı,Yok,TV+ Var,Yıllık,Sürekli Lig,Takım Jenerik,Bilgi,Takım,Jenerik,İngilizce,Head,tk_jen,60500,LOW,1,0.46,0.28,0.94,evet,14800,6600,49500,74000,49500,90500,74000,90500,90500,74000,60500,60500,9900,8100,40500,49500,40500,40500,74000,60500,22200,40500,49500,74000,9900,12100,90500,40500,60500,60500,74000,hayır
athletic bilbao maçı,La Liga,Futbol,Lig,1. Seviye,Global Elit,Erkek,Kulüp,Takım Sporu,İspanya,Yabancı,Yok,TV+ Var,Yıllık,Sürekli Lig,Takım Maç Sorgusu,Bilgi,Takım,Jenerik,Türkçe,Body,tk_mac,720,LOW,1,0.38,,,evet,320,20,390,590,480,1600,880,1300,720,1300,880,720,170,110,2900,2900,1900,1300,2900,2400,1600,1600,720,720,140,30,880,1300,720,1300,1300,hayır
athletic bilbao maçı ne zaman,La Liga,Futbol,Lig,1. Seviye,Global Elit,Erkek,Kulüp,Takım Sporu,İspanya,Yabancı,Yok,TV+ Var,Yıllık,Sürekli Lig,Takvim/Saat,Bilgi,Takım,Jenerik,Türkçe,Long-tail,tk_nezaman,50,LOW,1,,,,evet,20,10,30,30,50,50,110,70,50,140,90,50,30,30,320,320,260,170,480,390,70,30,30,20,10,10,30,50,20,70,0,hayır
athletic bilbao maçı hangi kanalda,La Liga,Futbol,Lig,1. Seviye,Global Elit,Erkek,Kulüp,Takım Sporu,İspanya,Yabancı,Yok,TV+ Var,Yıllık,Sürekli Lig,Kanal/Yayın,İzleme,Takım,Jenerik,Türkçe,Long-tail,tk_kanal,140,LOW,4,,,,evet,50,10,30,50,70,210,90,260,70,210,480,320,50,10,720,590,390,140,480,480,260,210,110,70,10,10,110,210,70,210,260,hayır
athletic bilbao canlı izle,La Liga,Futbol,Lig,1. Seviye,Global Elit,Erkek,Kulüp,Takım Sporu,İspanya,Yabancı,Yok,TV+ Var,Yıllık,Sürekli Lig,Canlı İzle,İzleme,Takım,Jenerik,Türkçe,Body,tk_izle,50,LOW,13,0.79,,,evet,30,0,20,40,40,90,40,140,30,90,90,40,10,0,40,140,50,20,170,40,50,90,30,30,10,0,20,70,40,30,170,hayır
athletic bilbao fikstür,La Liga,Futbol,Lig,1. Seviye,Global Elit,Erkek,Kulüp,Takım Sporu,İspanya,Yabancı,Yok,TV+ Var,Yıllık,Sürekli Lig,Fikstür,Bilgi,Takım,Jenerik,Türkçe,Body,tk_fikstur,40,LOW,5,,,,evet,10,10,10,10,30,30,90,70,20,90,50,20,10,0,30,50,50,50,260,480,140,70,70,50,0,0,0,0,0,0,0,hayır
athletic bilbao puan durumu,La Liga,Futbol,Lig,1. Seviye,Global Elit,Erkek,Kulüp,Takım Sporu,İspanya,Yabancı,Yok,TV+ Var,Yıllık,Sürekli Lig,Puan Durumu,Bilgi,Takım,Jenerik,İngilizce,Body,tk_pd,9900,LOW,0,,,,evet,2400,880,8100,6600,8100,9900,22200,12100,8100,12100,12100,6600,1900,1900,27100,27100,33100,33100,201000,165000,49500,18100,14800,9900,880,480,1000,1600,1000,1000,1000,hayır
athletic bilbao kadro,La Liga,Futbol,Lig,1. Seviye,Global Elit,Erkek,Kulüp,Takım Sporu,İspanya,Yabancı,Yok,TV+ Var,Yıllık,Sürekli Lig,Kadro,Bilgi,Takım,Jenerik,İngilizce,Body,tk_kadro,210,LOW,0,0.12,,,evet,210,90,210,170,170,170,260,210,170,260,320,210,210,260,720,320,590,320,2400,3600,720,480,720,1000,320,260,170,260,260,260,320,hayır
athletic bilbao oyuncuları,La Liga,Futbol,Lig,1. Seviye,Global Elit,Erkek,Kulüp,Takım Sporu,İspanya,Yabancı,Yok,TV+ Var,Yıllık,Sürekli Lig,Kadro,Bilgi,Takım,Jenerik,Türkçe,Body,tk_oyuncu,2900,LOW,0,,,,evet,2400,1300,2900,2400,2400,3600,4400,3600,2900,3600,5400,3600,2400,3600,9900,6600,8100,6600,33100,49500,14800,8100,8100,8100,1000,720,590,590,590,390,480,hayır
athletic bilbao transfer,La Liga,Futbol,Lig,1. Seviye,Global Elit,Erkek,Kulüp,Takım Sporu,İspanya,Yabancı,Yok,TV+ Var,Yıllık,Sürekli Lig,Transfer,Bilgi,Takım,Jenerik,İngilizce,Body,tk_transfer,50,LOW,1,,,,evet,50,10,20,20,20,90,50,50,40,40,170,140,90,30,70,20,50,140,170,260,50,70,110,170,50,40,40,30,40,40,50,hayır
athletic bilbao,La Liga,Futbol,Lig,1. Seviye,Global Elit,Erkek,Kulüp,Takım Sporu,İspanya,Yabancı,Yok,TV+ Var,Yıllık,Sürekli Lig,Takım Jenerik,Bilgi,Takım,Jenerik,İngilizce,Head,tk_jen,110000,LOW,1,0.62,0.05,0.63,evet,22200,6600,49500,40500,40500,74000,450000,135000,90500,135000,110000,74000,22200,22200,246000,201000,201000,201000,1000000,823000,450000,165000,110000,110000,18100,12100,60500,74000,60500,90500,90500,hayır
valencia maçı,La Liga,Futbol,Lig,1. Seviye,Global Elit,Erkek,Kulüp,Takım Sporu,İspanya,Yabancı,Yok,TV+ Var,Yıllık,Sürekli Lig,Takım Maç Sorgusu,Bilgi,Takım,Jenerik,Türkçe,Head,tk_mac,2900,LOW,5,0.09,0.03,1.58,evet,590,90,3600,2400,2900,2900,5400,4400,2400,1900,5400,1900,720,170,1900,3600,2900,3600,3600,3600,1900,3600,2900,3600,590,140,4400,4400,3600,2900,9900,hayır
valencia maçı ne zaman,La Liga,Futbol,Lig,1. Seviye,Global Elit,Erkek,Kulüp,Takım Sporu,İspanya,Yabancı,Yok,TV+ Var,Yıllık,Sürekli Lig,Takvim/Saat,Bilgi,Takım,Jenerik,Türkçe,Body,tk_nezaman,90,LOW,0,,,,evet,20,20,110,70,70,110,110,90,70,70,210,90,30,10,70,90,170,90,90,90,90,70,50,90,50,40,210,390,210,170,170,hayır
valencia maçı hangi kanalda,La Liga,Futbol,Lig,1. Seviye,Global Elit,Erkek,Kulüp,Takım Sporu,İspanya,Yabancı,Yok,TV+ Var,Yıllık,Sürekli Lig,Kanal/Yayın,İzleme,Takım,Jenerik,Türkçe,Body,tk_kanal,90,LOW,7,,,,evet,20,10,140,40,40,70,90,170,70,70,210,50,10,0,50,90,70,110,170,90,70,90,90,110,10,10,70,70,90,70,260,hayır
valencia canlı izle,La Liga,Futbol,Lig,1. Seviye,Global Elit,Erkek,Kulüp,Takım Sporu,İspanya,Yabancı,Yok,TV+ Var,Yıllık,Sürekli Lig,Canlı İzle,İzleme,Takım,Jenerik,Türkçe,Body,tk_izle,10,,,,,,evet,0,10,10,10,10,10,10,20,10,10,10,10,10,10,10,10,10,10,10,20,10,10,10,10,10,10,10,10,10,10,20,hayır
valencia fikstür,La Liga,Futbol,Lig,1. Seviye,Global Elit,Erkek,Kulüp,Takım Sporu,İspanya,Yabancı,Yok,TV+ Var,Yıllık,Sürekli Lig,Fikstür,Bilgi,Takım,Jenerik,Türkçe,Head,tk_fikstur,30,LOW,0,,,,evet,10,10,30,20,40,30,50,30,30,40,40,30,10,10,30,30,30,40,90,50,30,40,20,50,10,10,20,70,50,40,70,hayır
valencia puan durumu,La Liga,Futbol,Lig,1. Seviye,Global Elit,Erkek,Kulüp,Takım Sporu,İspanya,Yabancı,Yok,TV+ Var,Yıllık,Sürekli Lig,Puan Durumu,Bilgi,Takım,Jenerik,İngilizce,Body,tk_pd,880,LOW,1,,,,evet,170,90,1600,720,880,1000,1300,1300,720,480,880,590,170,140,1000,1600,1300,1600,1300,390,210,320,260,390,50,70,480,880,880,720,1600,hayır
valencia kadro,La Liga,Futbol,Lig,1. Seviye,Global Elit,Erkek,Kulüp,Takım Sporu,İspanya,Yabancı,Yok,TV+ Var,Yıllık,Sürekli Lig,Kadro,Bilgi,Takım,Jenerik,İngilizce,Head,tk_kadro,170,LOW,2,,,,evet,110,90,170,110,170,260,170,170,170,170,170,260,170,140,170,210,170,210,390,210,210,210,260,320,210,260,210,260,480,170,320,hayır
valencia oyuncuları,La Liga,Futbol,Lig,1. Seviye,Global Elit,Erkek,Kulüp,Takım Sporu,İspanya,Yabancı,Yok,TV+ Var,Yıllık,Sürekli Lig,Kadro,Bilgi,Takım,Jenerik,Türkçe,Head,tk_oyuncu,50,LOW,2,,,,evet,50,50,70,20,50,90,40,40,50,50,50,50,50,70,40,40,30,30,70,40,40,50,40,50,40,50,50,70,140,50,50,hayır
valencia transfer,La Liga,Futbol,Lig,1. Seviye,Global Elit,Erkek,Kulüp,Takım Sporu,İspanya,Yabancı,Yok,TV+ Var,Yıllık,Sürekli Lig,Transfer,Bilgi,Takım,Jenerik,İngilizce,Head,tk_transfer,40,LOW,6,,,,evet,40,70,20,10,10,20,20,10,20,10,70,140,90,40,10,30,40,40,90,20,20,40,70,170,70,110,40,30,40,70,90,hayır
valencia,La Liga,Futbol,Lig,1. Seviye,Global Elit,Erkek,Kulüp,Takım Sporu,İspanya,Yabancı,Yok,TV+ Var,Yıllık,Sürekli Lig,Takım Jenerik,Bilgi,Takım,Jenerik,İngilizce,Head,tk_jen,27100,LOW,10,0.8,0.17,1.82,evet,18100,22200,33100,22200,27100,33100,33100,33100,27100,18100,27100,22200,22200,18100,27100,27100,27100,27100,33100,27100,49500,60500,27100,27100,22200,22200,33100,27100,33100,33100,49500,hayır
real betis maçı,La Liga,Futbol,Lig,1. Seviye,Global Elit,Erkek,Kulüp,Takım Sporu,İspanya,Yabancı,Yok,TV+ Var,Yıllık,Sürekli Lig,Takım Maç Sorgusu,Bilgi,Takım,Jenerik,Türkçe,Body,tk_mac,5400,LOW,1,,,,evet,590,260,5400,8100,8100,6600,8100,9900,5400,6600,6600,4400,720,720,33100,14800,12100,18100,4400,6600,2900,3600,8100,2400,390,110,2400,2400,1600,3600,1900,hayır
real betis maçı ne zaman,La Liga,Futbol,Lig,1. Seviye,Global Elit,Erkek,Kulüp,Takım Sporu,İspanya,Yabancı,Yok,TV+ Var,Yıllık,Sürekli Lig,Takvim/Saat,Bilgi,Takım,Jenerik,Türkçe,Long-tail,tk_nezaman,50,LOW,0,,,,evet,10,10,40,40,50,70,140,110,30,50,40,30,10,20,210,70,70,50,20,40,10,20,40,0,0,0,0,0,0,0,0,hayır
real betis maçı hangi kanalda,La Liga,Futbol,Lig,1. Seviye,Global Elit,Erkek,Kulüp,Takım Sporu,İspanya,Yabancı,Yok,TV+ Var,Yıllık,Sürekli Lig,Kanal/Yayın,İzleme,Takım,Jenerik,Türkçe,Long-tail,tk_kanal,110,LOW,3,,,,evet,10,0,110,140,170,110,170,170,140,140,140,140,10,170,1300,390,110,140,20,110,90,110,260,90,20,10,210,90,40,210,170,hayır
real betis canlı izle,La Liga,Futbol,Lig,1. Seviye,Global Elit,Erkek,Kulüp,Takım Sporu,İspanya,Yabancı,Yok,TV+ Var,Yıllık,Sürekli Lig,Canlı İzle,İzleme,Takım,Jenerik,Türkçe,Body,tk_izle,40,LOW,21,0.17,,,evet,10,10,20,50,20,20,90,90,50,50,50,50,10,0,140,90,10,40,10,40,30,50,70,20,10,0,70,40,20,70,90,hayır
real betis fikstür,La Liga,Futbol,Lig,1. Seviye,Global Elit,Erkek,Kulüp,Takım Sporu,İspanya,Yabancı,Yok,TV+ Var,Yıllık,Sürekli Lig,Fikstür,Bilgi,Takım,Jenerik,Türkçe,Body,tk_fikstur,40,LOW,0,,,,evet,10,10,50,40,30,40,70,50,40,50,70,20,10,10,90,70,40,50,20,50,20,30,50,0,0,0,0,0,0,0,0,hayır
real betis puan durumu,La Liga,Futbol,Lig,1. Seviye,Global Elit,Erkek,Kulüp,Takım Sporu,İspanya,Yabancı,Yok,TV+ Var,Yıllık,Sürekli Lig,Puan Durumu,Bilgi,Takım,Jenerik,İngilizce,Body,tk_pd,12100,LOW,0,,,,evet,1300,1000,22200,14800,12100,14800,18100,18100,9900,9900,9900,6600,1300,1900,49500,22200,22200,18100,8100,9900,4400,4400,8100,1900,20,10,140,140,90,320,170,hayır
real betis kadro,La Liga,Futbol,Lig,1. Seviye,Global Elit,Erkek,Kulüp,Takım Sporu,İspanya,Yabancı,Yok,TV+ Var,Yıllık,Sürekli Lig,Kadro,Bilgi,Takım,Jenerik,İngilizce,Body,tk_kadro,320,LOW,1,,,,evet,210,170,320,320,260,480,390,320,260,260,320,260,260,320,1300,320,590,390,260,210,170,210,390,320,210,210,590,260,260,590,390,hayır
real betis oyuncuları,La Liga,Futbol,Lig,1. Seviye,Global Elit,Erkek,Kulüp,Takım Sporu,İspanya,Yabancı,Yok,TV+ Var,Yıllık,Sürekli Lig,Kadro,Bilgi,Takım,Jenerik,Türkçe,Body,tk_oyuncu,4400,LOW,0,,,,evet,1300,1000,3600,3600,3600,6600,6600,5400,4400,4400,5400,3600,2400,2900,18100,6600,9900,9900,5400,1900,1600,1300,2900,1600,590,390,880,390,390,1600,390,hayır
real betis transfer,La Liga,Futbol,Lig,1. Seviye,Global Elit,Erkek,Kulüp,Takım Sporu,İspanya,Yabancı,Yok,TV+ Var,Yıllık,Sürekli Lig,Transfer,Bilgi,Takım,Jenerik,İngilizce,Body,tk_transfer,50,LOW,0,,,,evet,20,10,20,10,10,210,30,10,20,20,140,90,40,20,50,20,30,50,110,20,20,10,50,50,30,20,30,10,10,210,40,hayır
real betis,La Liga,Futbol,Lig,1. Seviye,Global Elit,Erkek,Kulüp,Takım Sporu,İspanya,Yabancı,Yok,TV+ Var,Yıllık,Sürekli Lig,Takım Jenerik,Bilgi,Takım,Jenerik,İngilizce,Head,tk_jen,110000,LOW,1,0.77,0.09,0.88,evet,18100,8100,110000,110000,110000,135000,246000,165000,110000,110000,110000,90500,18100,22200,550000,201000,165000,201000,60500,90500,49500,40500,90500,40500,9900,9900,90500,60500,49500,135000,90500,hayır
girona maçı,La Liga,Futbol,Lig,1. Seviye,Global Elit,Erkek,Kulüp,Takım Sporu,İspanya,Yabancı,Yok,TV+ Var,Yıllık,Sürekli Lig,Takım Maç Sorgusu,Bilgi,Takım,Jenerik,Türkçe,Head,tk_mac,1300,LOW,2,,,,evet,210,20,3600,880,1000,880,1600,1300,480,1000,3600,590,170,20,2900,1300,1300,2400,1000,2400,2900,6600,5400,1300,390,50,5400,1300,4400,9900,9900,hayır
girona maçı ne zaman,La Liga,Futbol,Lig,1. Seviye,Global Elit,Erkek,Kulüp,Takım Sporu,İspanya,Yabancı,Yok,TV+ Var,Yıllık,Sürekli Lig,Takvim/Saat,Bilgi,Takım,Jenerik,Türkçe,Body,tk_nezaman,10,LOW,0,,,,evet,10,0,20,10,10,10,20,10,10,10,10,10,0,0,20,10,10,20,20,10,10,20,40,20,10,20,70,20,90,170,170,hayır
girona maçı hangi kanalda,La Liga,Futbol,Lig,1. Seviye,Global Elit,Erkek,Kulüp,Takım Sporu,İspanya,Yabancı,Yok,TV+ Var,Yıllık,Sürekli Lig,Kanal/Yayın,İzleme,Takım,Jenerik,Türkçe,Body,tk_kanal,40,LOW,0,,,,evet,10,0,140,40,70,50,40,40,20,40,50,40,10,10,90,40,30,30,50,260,390,390,110,50,10,10,260,70,210,880,1300,hayır
girona canlı izle,La Liga,Futbol,Lig,1. Seviye,Global Elit,Erkek,Kulüp,Takım Sporu,İspanya,Yabancı,Yok,TV+ Var,Yıllık,Sürekli Lig,Canlı İzle,İzleme,Takım,Jenerik,Türkçe,Body,tk_izle,10,LOW,11,,,,evet,10,0,30,10,10,10,10,10,10,10,10,10,10,10,20,10,10,10,10,20,10,30,10,10,10,0,40,10,20,140,140,hayır
girona fikstür,La Liga,Futbol,Lig,1. Seviye,Global Elit,Erkek,Kulüp,Takım Sporu,İspanya,Yabancı,Yok,TV+ Var,Yıllık,Sürekli Lig,Fikstür,Bilgi,Takım,Jenerik,Türkçe,Head,tk_fikstur,20,LOW,7,,,,evet,10,0,50,10,10,30,40,10,20,20,40,10,10,0,30,10,30,30,10,50,40,40,70,0,0,0,0,0,0,0,0,hayır
girona puan durumu,La Liga,Futbol,Lig,1. Seviye,Global Elit,Erkek,Kulüp,Takım Sporu,İspanya,Yabancı,Yok,TV+ Var,Yıllık,Sürekli Lig,Puan Durumu,Bilgi,Takım,Jenerik,İngilizce,Body,tk_pd,1300,LOW,0,,,,evet,210,260,2900,1300,480,1000,1600,590,720,1600,5400,260,70,110,1000,590,720,1300,720,590,880,5400,6600,170,140,20,590,320,390,880,1600,hayır
girona kadro,La Liga,Futbol,Lig,1. Seviye,Global Elit,Erkek,Kulüp,Takım Sporu,İspanya,Yabancı,Yok,TV+ Var,Yıllık,Sürekli Lig,Kadro,Bilgi,Takım,Jenerik,İngilizce,Head,tk_kadro,140,LOW,0,,,,evet,50,90,170,110,50,170,260,90,90,140,210,110,70,50,110,70,90,140,140,480,320,210,320,390,210,210,480,210,260,720,1900,hayır
girona oyuncuları,La Liga,Futbol,Lig,1. Seviye,Global Elit,Erkek,Kulüp,Takım Sporu,İspanya,Yabancı,Yok,TV+ Var,Yıllık,Sürekli Lig,Kadro,Bilgi,Takım,Jenerik,Türkçe,Head,tk_oyuncu,260,LOW,0,,,,evet,30,20,70,30,30,40,70,40,30,590,1900,10,20,30,50,20,40,30,50,110,30,880,1300,40,110,40,70,50,50,140,0,hayır
girona transfer,La Liga,Futbol,Lig,1. Seviye,Global Elit,Erkek,Kulüp,Takım Sporu,İspanya,Yabancı,Yok,TV+ Var,Yıllık,Sürekli Lig,Transfer,Bilgi,Takım,Jenerik,İngilizce,Head,tk_transfer,20,LOW,13,,,,evet,10,10,10,10,10,10,50,10,10,10,50,30,20,10,10,10,10,10,10,10,10,20,50,140,40,30,20,10,10,50,90,hayır
girona,La Liga,Futbol,Lig,1. Seviye,Global Elit,Erkek,Kulüp,Takım Sporu,İspanya,Yabancı,Yok,TV+ Var,Yıllık,Sürekli Lig,Takım Jenerik,Bilgi,Takım,Jenerik,İngilizce,Head,tk_jen,27100,LOW,7,0.57,0.24,1.38,evet,8100,8100,60500,27100,27100,33100,49500,22200,18100,22200,60500,18100,6600,4400,49500,27100,27100,33100,27100,60500,49500,74000,49500,33100,12100,9900,165000,49500,110000,246000,450000,hayır
juventus maçı,Serie A,Futbol,Lig,1. Seviye,Global Elit,Erkek,Kulüp,Takım Sporu,İtalya,Yabancı,Yok,TV+ Var,Yıllık,Sürekli Lig,Takım Maç Sorgusu,Bilgi,Takım,Jenerik,Türkçe,Head,tk_mac,60500,LOW,1,0.14,0.02,0.12,evet,8100,3600,33100,40500,40500,246000,110000,74000,60500,74000,60500,27100,14800,49500,49500,49500,49500,110000,90500,110000,74000,90500,60500,49500,9900,3600,18100,22200,14800,27100,49500,hayır
juventus maçı ne zaman,Serie A,Futbol,Lig,1. Seviye,Global Elit,Erkek,Kulüp,Takım Sporu,İtalya,Yabancı,Yok,TV+ Var,Yıllık,Sürekli Lig,Takvim/Saat,Bilgi,Takım,Jenerik,Türkçe,Body,tk_nezaman,2900,LOW,1,,,,evet,480,210,1600,2400,2400,12100,3600,2900,1600,2900,1900,1900,880,1600,1900,2400,2400,4400,3600,3600,2400,2400,1900,2400,1900,480,720,1300,720,1600,2400,hayır
juventus maçı hangi kanalda,Serie A,Futbol,Lig,1. Seviye,Global Elit,Erkek,Kulüp,Takım Sporu,İtalya,Yabancı,Yok,TV+ Var,Yıllık,Sürekli Lig,Kanal/Yayın,İzleme,Takım,Jenerik,Türkçe,Body,tk_kanal,3600,LOW,4,0.18,0.08,0.23,evet,1000,30,1300,1900,2900,12100,5400,4400,3600,4400,6600,1300,880,3600,880,1600,1600,5400,8100,12100,4400,6600,8100,2900,590,50,720,1300,880,2400,6600,hayır
juventus canlı izle,Serie A,Futbol,Lig,1. Seviye,Global Elit,Erkek,Kulüp,Takım Sporu,İtalya,Yabancı,Yok,TV+ Var,Yıllık,Sürekli Lig,Canlı İzle,İzleme,Takım,Jenerik,Türkçe,Body,tk_izle,210,LOW,16,0.13,,,evet,10,10,70,70,140,320,390,390,390,260,480,110,30,140,140,90,50,140,110,260,140,390,320,320,40,10,90,140,140,210,590,hayır
juventus fikstür,Serie A,Futbol,Lig,1. Seviye,Global Elit,Erkek,Kulüp,Takım Sporu,İtalya,Yabancı,Yok,TV+ Var,Yıllık,Sürekli Lig,Fikstür,Bilgi,Takım,Jenerik,Türkçe,Head,tk_fikstur,880,LOW,1,,,,evet,70,50,390,590,590,5400,1600,880,590,720,720,390,110,260,480,480,590,880,880,1000,720,720,720,480,140,30,210,390,390,590,1300,hayır
juventus puan durumu,Serie A,Futbol,Lig,1. Seviye,Global Elit,Erkek,Kulüp,Takım Sporu,İtalya,Yabancı,Yok,TV+ Var,Yıllık,Sürekli Lig,Puan Durumu,Bilgi,Takım,Jenerik,İngilizce,Body,tk_pd,110000,LOW,0,,,,evet,6600,8100,110000,60500,74000,450000,201000,110000,74000,90500,74000,18100,9900,33100,90500,74000,74000,90500,110000,110000,60500,74000,49500,27100,4400,3600,8100,8100,6600,6600,9900,hayır
juventus kadro,Serie A,Futbol,Lig,1. Seviye,Global Elit,Erkek,Kulüp,Takım Sporu,İtalya,Yabancı,Yok,TV+ Var,Yıllık,Sürekli Lig,Kadro,Bilgi,Takım,Jenerik,İngilizce,Head,tk_kadro,6600,LOW,0,,,,evet,2900,2900,2900,2900,4400,40500,14800,1900,1300,2400,2400,1600,2400,2400,1600,1600,1600,2900,2900,2400,2400,2900,3600,3600,3600,2900,2400,1900,1900,2400,4400,hayır
juventus oyuncuları,Serie A,Futbol,Lig,1. Seviye,Global Elit,Erkek,Kulüp,Takım Sporu,İtalya,Yabancı,Yok,TV+ Var,Yıllık,Sürekli Lig,Kadro,Bilgi,Takım,Jenerik,Türkçe,Head,tk_oyuncu,33100,LOW,0,,,,evet,14800,9900,14800,14800,22200,165000,90500,18100,18100,27100,22200,14800,22200,27100,18100,18100,14800,22200,27100,27100,22200,33100,27100,27100,12100,6600,3600,3600,2900,3600,6600,hayır
juventus transfer,Serie A,Futbol,Lig,1. Seviye,Global Elit,Erkek,Kulüp,Takım Sporu,İtalya,Yabancı,Yok,TV+ Var,Yıllık,Sürekli Lig,Transfer,Bilgi,Takım,Jenerik,İngilizce,Head,tk_transfer,480,LOW,0,,,,evet,880,390,260,140,260,1300,880,140,140,210,720,1000,1300,720,320,170,140,390,480,210,210,260,590,1300,1300,480,260,140,110,210,390,hayır
juventus,Serie A,Futbol,Lig,1. Seviye,Global Elit,Erkek,Kulüp,Takım Sporu,İtalya,Yabancı,Yok,TV+ Var,Yıllık,Sürekli Lig,Takım Jenerik,Bilgi,Takım,Jenerik,İngilizce,Head,tk_jen,673000,LOW,1,0.15,0.07,0.36,evet,90500,74000,301000,368000,550000,2740000,1220000,823000,673000,823000,823000,301000,201000,673000,368000,450000,450000,823000,1000000,1000000,673000,823000,673000,368000,165000,90500,368000,368000,301000,550000,1000000,hayır
inter maçı,Serie A,Futbol,Lig,1. Seviye,Global Elit,Erkek,Kulüp,Takım Sporu,İtalya,Yabancı,Yok,TV+ Var,Yıllık,Sürekli Lig,Takım Maç Sorgusu,Bilgi,Takım,Jenerik,Türkçe,Head,tk_mac,33100,LOW,1,0.2,0.05,0.13,evet,6600,1900,33100,60500,40500,74000,40500,33100,40500,33100,40500,18100,8100,49500,450000,201000,74000,60500,74000,74000,60500,49500,22200,14800,2400,2400,18100,27100,27100,33100,27100,hayır
inter maçı ne zaman,Serie A,Futbol,Lig,1. Seviye,Global Elit,Erkek,Kulüp,Takım Sporu,İtalya,Yabancı,Yok,TV+ Var,Yıllık,Sürekli Lig,Takvim/Saat,Bilgi,Takım,Jenerik,Türkçe,Body,tk_nezaman,1000,LOW,0,,,,evet,210,110,720,1000,880,1600,1600,1600,1600,1000,1300,1000,590,2400,14800,3600,1600,1300,1900,1900,1000,880,880,590,210,260,1000,1000,1300,1600,1300,hayır
inter maçı hangi kanalda,Serie A,Futbol,Lig,1. Seviye,Global Elit,Erkek,Kulüp,Takım Sporu,İtalya,Yabancı,Yok,TV+ Var,Yıllık,Sürekli Lig,Kanal/Yayın,İzleme,Takım,Jenerik,Türkçe,Body,tk_kanal,1900,LOW,5,,,,evet,140,10,720,1000,1000,6600,3600,2400,2400,2900,2400,1000,140,3600,27100,18100,5400,1900,5400,5400,2900,3600,3600,1000,110,20,720,1300,2400,4400,1900,hayır
inter canlı izle,Serie A,Futbol,Lig,1. Seviye,Global Elit,Erkek,Kulüp,Takım Sporu,İtalya,Yabancı,Yok,TV+ Var,Yıllık,Sürekli Lig,Canlı İzle,İzleme,Takım,Jenerik,Türkçe,Body,tk_izle,110,LOW,7,,,,evet,10,10,20,40,50,480,90,70,170,90,170,40,10,90,390,110,50,70,40,170,90,170,110,40,10,10,20,40,110,70,50,hayır
inter fikstür,Serie A,Futbol,Lig,1. Seviye,Global Elit,Erkek,Kulüp,Takım Sporu,İtalya,Yabancı,Yok,TV+ Var,Yıllık,Sürekli Lig,Fikstür,Bilgi,Takım,Jenerik,Türkçe,Head,tk_fikstur,390,LOW,5,0.07,,,evet,50,20,260,720,590,720,590,480,590,390,390,260,90,170,2400,1300,590,590,590,590,480,480,480,320,70,50,170,390,590,720,590,hayır
inter puan durumu,Serie A,Futbol,Lig,1. Seviye,Global Elit,Erkek,Kulüp,Takım Sporu,İtalya,Yabancı,Yok,TV+ Var,Yıllık,Sürekli Lig,Puan Durumu,Bilgi,Takım,Jenerik,İngilizce,Body,tk_pd,49500,LOW,0,,,,evet,4400,4400,110000,135000,90500,110000,27100,8100,60500,33100,33100,18100,6600,27100,550000,246000,110000,90500,90500,110000,90500,49500,1600,880,390,1900,9900,22200,8100,9900,8100,hayır
inter kadro,Serie A,Futbol,Lig,1. Seviye,Global Elit,Erkek,Kulüp,Takım Sporu,İtalya,Yabancı,Yok,TV+ Var,Yıllık,Sürekli Lig,Kadro,Bilgi,Takım,Jenerik,İngilizce,Head,tk_kadro,1900,LOW,0,,,,evet,1900,1600,1900,1600,1900,2400,2400,1900,1600,1600,2400,2400,2900,5400,18100,8100,3600,2400,3600,2400,2900,2900,2900,1900,2900,3600,2900,2900,3600,3600,3600,hayır
inter oyuncuları,Serie A,Futbol,Lig,1. Seviye,Global Elit,Erkek,Kulüp,Takım Sporu,İtalya,Yabancı,Yok,TV+ Var,Yıllık,Sürekli Lig,Kadro,Bilgi,Takım,Jenerik,Türkçe,Head,tk_oyuncu,9900,LOW,0,,,,evet,6600,4400,14800,14800,14800,22200,8100,590,9900,8100,12100,12100,12100,27100,74000,40500,18100,14800,22200,14800,14800,18100,480,480,880,2400,2400,3600,2400,2900,2400,hayır
inter transfer,Serie A,Futbol,Lig,1. Seviye,Global Elit,Erkek,Kulüp,Takım Sporu,İtalya,Yabancı,Yok,TV+ Var,Yıllık,Sürekli Lig,Transfer,Bilgi,Takım,Jenerik,İngilizce,Head,tk_transfer,210,LOW,1,,0.38,0.78,evet,390,110,110,70,70,90,170,50,70,70,390,720,480,720,390,210,140,170,140,50,90,90,210,390,390,260,140,210,110,320,210,hayır
inter,Serie A,Futbol,Lig,1. Seviye,Global Elit,Erkek,Kulüp,Takım Sporu,İtalya,Yabancı,Yok,TV+ Var,Yıllık,Sürekli Lig,Takım Jenerik,Bilgi,Takım,Jenerik,İngilizce,Head,tk_jen,368000,LOW,1,0.27,0.08,0.44,evet,74000,49500,301000,550000,368000,823000,550000,450000,450000,368000,450000,246000,135000,550000,3350000,2240000,673000,450000,673000,673000,550000,550000,368000,201000,60500,60500,301000,550000,450000,673000,450000,hayır
milan maçı,Serie A,Futbol,Lig,1. Seviye,Global Elit,Erkek,Kulüp,Takım Sporu,İtalya,Yabancı,Yok,TV+ Var,Yıllık,Sürekli Lig,Takım Maç Sorgusu,Bilgi,Takım,Jenerik,Türkçe,Head,tk_mac,8100,LOW,2,,0.08,0.4,evet,1000,320,5400,6600,8100,12100,18100,14800,9900,9900,8100,8100,2900,1000,14800,14800,12100,33100,22200,18100,18100,18100,9900,8100,1900,590,8100,12100,12100,22200,14800,hayır
milan maçı ne zaman,Serie A,Futbol,Lig,1. Seviye,Global Elit,Erkek,Kulüp,Takım Sporu,İtalya,Yabancı,Yok,TV+ Var,Yıllık,Sürekli Lig,Takvim/Saat,Bilgi,Takım,Jenerik,Türkçe,Body,tk_nezaman,320,LOW,0,,,,evet,70,40,260,260,320,480,590,590,390,390,320,390,260,140,720,390,390,720,720,480,590,590,320,320,170,140,480,720,480,720,590,hayır
milan maçı hangi kanalda,Serie A,Futbol,Lig,1. Seviye,Global Elit,Erkek,Kulüp,Takım Sporu,İtalya,Yabancı,Yok,TV+ Var,Yıllık,Sürekli Lig,Kanal/Yayın,İzleme,Takım,Jenerik,Türkçe,Body,tk_kanal,720,LOW,4,,,,evet,50,10,390,320,590,1000,1600,1300,720,1000,720,720,390,70,1300,1000,720,6600,3600,2400,5400,4400,1300,390,140,30,480,1000,720,2400,1600,hayır
milan canlı izle,Serie A,Futbol,Lig,1. Seviye,Global Elit,Erkek,Kulüp,Takım Sporu,İtalya,Yabancı,Yok,TV+ Var,Yıllık,Sürekli Lig,Canlı İzle,İzleme,Takım,Jenerik,Türkçe,Body,tk_izle,110,LOW,12,,,,evet,10,0,50,30,50,110,210,210,50,170,170,110,30,10,50,40,20,140,90,110,140,110,40,20,10,10,30,30,40,210,90,hayır
milan fikstür,Serie A,Futbol,Lig,1. Seviye,Global Elit,Erkek,Kulüp,Takım Sporu,İtalya,Yabancı,Yok,TV+ Var,Yıllık,Sürekli Lig,Fikstür,Bilgi,Takım,Jenerik,Türkçe,Head,tk_fikstur,210,LOW,14,0.3,,,evet,30,20,140,140,320,320,320,260,260,260,210,170,70,40,170,210,140,390,390,260,320,260,390,140,70,10,110,260,260,320,320,hayır
milan puan durumu,Serie A,Futbol,Lig,1. Seviye,Global Elit,Erkek,Kulüp,Takım Sporu,İtalya,Yabancı,Yok,TV+ Var,Yıllık,Sürekli Lig,Puan Durumu,Bilgi,Takım,Jenerik,İngilizce,Body,tk_pd,3600,LOW,0,,,,evet,1300,880,6600,4400,4400,4400,5400,4400,3600,3600,2400,1600,1000,720,5400,6600,4400,8100,5400,1300,1300,880,590,390,110,210,1000,1600,1300,2900,2400,hayır
milan kadro,Serie A,Futbol,Lig,1. Seviye,Global Elit,Erkek,Kulüp,Takım Sporu,İtalya,Yabancı,Yok,TV+ Var,Yıllık,Sürekli Lig,Kadro,Bilgi,Takım,Jenerik,İngilizce,Head,tk_kadro,2400,LOW,0,,,,evet,2400,1900,2900,1900,1900,1900,2900,2400,2400,2400,2900,3600,3600,2900,2900,2900,2400,4400,5400,2400,4400,3600,4400,3600,3600,3600,3600,4400,4400,5400,8100,hayır
milan oyuncuları,Serie A,Futbol,Lig,1. Seviye,Global Elit,Erkek,Kulüp,Takım Sporu,İtalya,Yabancı,Yok,TV+ Var,Yıllık,Sürekli Lig,Kadro,Bilgi,Takım,Jenerik,Türkçe,Head,tk_oyuncu,480,LOW,0,,,,evet,480,390,590,390,390,320,590,480,480,480,590,720,1000,880,720,720,590,720,1300,590,720,480,590,480,590,720,590,720,590,720,880,hayır
milan transfer,Serie A,Futbol,Lig,1. Seviye,Global Elit,Erkek,Kulüp,Takım Sporu,İtalya,Yabancı,Yok,TV+ Var,Yıllık,Sürekli Lig,Transfer,Bilgi,Takım,Jenerik,İngilizce,Head,tk_transfer,320,LOW,6,1.06,0.26,1.4,evet,720,260,170,110,110,170,260,140,140,140,590,1000,1000,720,320,140,110,1600,880,90,110,110,390,880,880,260,140,110,140,260,480,hayır
milan,Serie A,Futbol,Lig,1. Seviye,Global Elit,Erkek,Kulüp,Takım Sporu,İtalya,Yabancı,Yok,TV+ Var,Yıllık,Sürekli Lig,Takım Jenerik,Bilgi,Takım,Jenerik,İngilizce,Head,tk_jen,201000,LOW,4,0.71,0.23,0.95,evet,49500,33100,135000,135000,201000,246000,368000,246000,246000,201000,201000,165000,135000,60500,246000,246000,201000,550000,450000,301000,301000,246000,201000,135000,60500,40500,165000,246000,301000,450000,368000,hayır
napoli maçı,Serie A,Futbol,Lig,1. Seviye,Global Elit,Erkek,Kulüp,Takım Sporu,İtalya,Yabancı,Yok,TV+ Var,Yıllık,Sürekli Lig,Takım Maç Sorgusu,Bilgi,Takım,Jenerik,Türkçe,Head,tk_mac,22200,LOW,1,0.16,0.02,0.17,evet,2400,1300,12100,18100,14800,27100,74000,40500,27100,33100,27100,14800,9900,5400,201000,60500,27100,33100,27100,33100,22200,27100,27100,12100,2400,720,8100,8100,12100,14800,12100,hayır
napoli maçı ne zaman,Serie A,Futbol,Lig,1. Seviye,Global Elit,Erkek,Kulüp,Takım Sporu,İtalya,Yabancı,Yok,TV+ Var,Yıllık,Sürekli Lig,Takvim/Saat,Bilgi,Takım,Jenerik,Türkçe,Body,tk_nezaman,590,LOW,1,,,,evet,70,50,480,880,590,590,880,880,590,590,590,590,480,210,3600,1000,720,720,590,720,590,480,390,320,170,110,590,590,480,720,720,hayır
napoli maçı hangi kanalda,Serie A,Futbol,Lig,1. Seviye,Global Elit,Erkek,Kulüp,Takım Sporu,İtalya,Yabancı,Yok,TV+ Var,Yıllık,Sürekli Lig,Kanal/Yayın,İzleme,Takım,Jenerik,Türkçe,Body,tk_kanal,880,LOW,9,0.22,,,evet,90,10,260,390,480,720,1300,1600,3600,1300,880,720,110,10,4400,880,590,1000,590,1900,390,720,390,390,50,10,320,210,480,720,880,hayır
napoli canlı izle,Serie A,Futbol,Lig,1. Seviye,Global Elit,Erkek,Kulüp,Takım Sporu,İtalya,Yabancı,Yok,TV+ Var,Yıllık,Sürekli Lig,Canlı İzle,İzleme,Takım,Jenerik,Türkçe,Body,tk_izle,140,LOW,16,,,,evet,10,10,30,50,70,140,320,260,320,170,170,110,10,10,260,20,50,70,30,70,20,90,30,70,10,10,30,50,70,110,50,hayır
napoli fikstür,Serie A,Futbol,Lig,1. Seviye,Global Elit,Erkek,Kulüp,Takım Sporu,İtalya,Yabancı,Yok,TV+ Var,Yıllık,Sürekli Lig,Fikstür,Bilgi,Takım,Jenerik,Türkçe,Head,tk_fikstur,210,LOW,5,,,,evet,20,20,90,170,170,170,590,390,210,210,210,140,70,50,1900,720,210,210,210,210,210,210,320,110,30,10,70,110,140,170,140,hayır
napoli puan durumu,Serie A,Futbol,Lig,1. Seviye,Global Elit,Erkek,Kulüp,Takım Sporu,İtalya,Yabancı,Yok,TV+ Var,Yıllık,Sürekli Lig,Puan Durumu,Bilgi,Takım,Jenerik,İngilizce,Body,tk_pd,33100,LOW,0,,,,evet,2400,3600,33100,40500,27100,40500,90500,60500,49500,49500,33100,14800,8100,9900,450000,110000,49500,60500,49500,49500,49500,40500,27100,8100,1900,1600,8100,8100,9900,12100,9900,hayır
napoli kadro,Serie A,Futbol,Lig,1. Seviye,Global Elit,Erkek,Kulüp,Takım Sporu,İtalya,Yabancı,Yok,TV+ Var,Yıllık,Sürekli Lig,Kadro,Bilgi,Takım,Jenerik,İngilizce,Head,tk_kadro,1300,LOW,1,,,,evet,1300,880,1300,1000,1000,1300,2400,1600,1300,1600,1600,1900,3600,1900,2900,1300,1000,1300,1600,1000,1900,1600,4400,1300,1000,1600,1000,880,1300,1600,1900,hayır
napoli oyuncuları,Serie A,Futbol,Lig,1. Seviye,Global Elit,Erkek,Kulüp,Takım Sporu,İtalya,Yabancı,Yok,TV+ Var,Yıllık,Sürekli Lig,Kadro,Bilgi,Takım,Jenerik,Türkçe,Head,tk_oyuncu,12100,LOW,0,,,,evet,3600,4400,9900,8100,9900,14800,27100,14800,12100,14800,14800,18100,33100,18100,40500,14800,9900,18100,18100,12100,18100,14800,22200,6600,2900,2400,1900,2400,3600,3600,4400,hayır
napoli transfer,Serie A,Futbol,Lig,1. Seviye,Global Elit,Erkek,Kulüp,Takım Sporu,İtalya,Yabancı,Yok,TV+ Var,Yıllık,Sürekli Lig,Transfer,Bilgi,Takım,Jenerik,İngilizce,Head,tk_transfer,210,LOW,2,,,,evet,140,90,90,50,50,90,320,110,90,170,480,880,1600,880,390,110,70,390,260,50,90,90,720,480,320,90,50,70,70,50,140,hayır
napoli,Serie A,Futbol,Lig,1. Seviye,Global Elit,Erkek,Kulüp,Takım Sporu,İtalya,Yabancı,Yok,TV+ Var,Yıllık,Sürekli Lig,Takım Jenerik,Bilgi,Takım,Jenerik,İngilizce,Head,tk_jen,246000,LOW,5,0.59,0.17,0.93,evet,49500,40500,135000,165000,165000,301000,450000,368000,301000,368000,301000,201000,201000,90500,823000,301000,201000,301000,246000,246000,201000,201000,246000,135000,49500,40500,165000,110000,246000,246000,246000,hayır
roma maçı,Serie A,Futbol,Lig,1. Seviye,Global Elit,Erkek,Kulüp,Takım Sporu,İtalya,Yabancı,Yok,TV+ Var,Yıllık,Sürekli Lig,Takım Maç Sorgusu,Bilgi,Takım,Jenerik,Türkçe,Head,tk_mac,9900,LOW,1,0.47,,,evet,480,390,5400,6600,12100,14800,18100,14800,12100,14800,8100,5400,1000,480,9900,8100,18100,18100,14800,14800,9900,18100,14800,6600,1900,1600,27100,27100,14800,22200,14800,hayır
roma maçı ne zaman,Serie A,Futbol,Lig,1. Seviye,Global Elit,Erkek,Kulüp,Takım Sporu,İtalya,Yabancı,Yok,TV+ Var,Yıllık,Sürekli Lig,Takvim/Saat,Bilgi,Takım,Jenerik,Türkçe,Body,tk_nezaman,480,LOW,0,,,,evet,50,70,210,320,480,480,590,590,590,590,880,1000,170,90,1000,320,480,720,390,480,390,480,320,390,320,390,2400,2400,320,320,320,hayır
roma maçı hangi kanalda,Serie A,Futbol,Lig,1. Seviye,Global Elit,Erkek,Kulüp,Takım Sporu,İtalya,Yabancı,Yok,TV+ Var,Yıllık,Sürekli Lig,Kanal/Yayın,İzleme,Takım,Jenerik,Türkçe,Body,tk_kanal,390,LOW,13,,,,evet,10,10,210,170,590,720,720,720,390,590,390,210,50,20,210,320,2400,720,590,1300,480,880,590,320,90,50,1600,880,720,880,1000,hayır
roma canlı izle,Serie A,Futbol,Lig,1. Seviye,Global Elit,Erkek,Kulüp,Takım Sporu,İtalya,Yabancı,Yok,TV+ Var,Yıllık,Sürekli Lig,Canlı İzle,İzleme,Takım,Jenerik,Türkçe,Body,tk_izle,90,LOW,0,,,,evet,10,20,40,20,50,70,140,110,140,210,70,70,90,50,210,210,320,210,260,260,320,260,170,110,50,70,140,140,110,110,70,hayır
roma fikstür,Serie A,Futbol,Lig,1. Seviye,Global Elit,Erkek,Kulüp,Takım Sporu,İtalya,Yabancı,Yok,TV+ Var,Yıllık,Sürekli Lig,Fikstür,Bilgi,Takım,Jenerik,Türkçe,Head,tk_fikstur,210,LOW,5,,,,evet,20,10,140,170,260,320,320,260,260,260,210,170,40,10,210,170,210,320,210,260,210,260,320,210,50,50,320,480,210,260,260,hayır
roma puan durumu,Serie A,Futbol,Lig,1. Seviye,Global Elit,Erkek,Kulüp,Takım Sporu,İtalya,Yabancı,Yok,TV+ Var,Yıllık,Sürekli Lig,Puan Durumu,Bilgi,Takım,Jenerik,İngilizce,Body,tk_pd,2400,LOW,0,,,,evet,590,480,3600,2900,3600,2900,4400,3600,2900,2400,1300,590,260,260,4400,2400,3600,4400,2400,1000,720,720,720,320,140,1000,2400,2900,1300,1600,1300,hayır
roma kadro,Serie A,Futbol,Lig,1. Seviye,Global Elit,Erkek,Kulüp,Takım Sporu,İtalya,Yabancı,Yok,TV+ Var,Yıllık,Sürekli Lig,Kadro,Bilgi,Takım,Jenerik,İngilizce,Head,tk_kadro,880,LOW,0,,,,evet,720,590,720,590,880,1000,1000,720,720,880,880,1000,1000,880,880,880,1300,2400,1000,1300,1000,1300,2400,1300,1300,1600,2400,1600,1000,1600,1900,hayır
roma oyuncuları,Serie A,Futbol,Lig,1. Seviye,Global Elit,Erkek,Kulüp,Takım Sporu,İtalya,Yabancı,Yok,TV+ Var,Yıllık,Sürekli Lig,Kadro,Bilgi,Takım,Jenerik,Türkçe,Head,tk_oyuncu,320,LOW,0,,,,evet,320,260,320,320,390,320,390,260,320,390,320,480,480,480,480,480,390,720,480,590,390,390,590,390,390,480,590,390,390,480,720,hayır
roma transfer,Serie A,Futbol,Lig,1. Seviye,Global Elit,Erkek,Kulüp,Takım Sporu,İtalya,Yabancı,Yok,TV+ Var,Yıllık,Sürekli Lig,Transfer,Bilgi,Takım,Jenerik,İngilizce,Head,tk_transfer,170,LOW,2,,0.28,1.58,evet,390,140,50,30,70,70,170,90,90,90,170,590,480,210,90,70,90,170,70,110,140,110,1000,880,320,170,110,70,50,90,210,hayır
roma,Serie A,Futbol,Lig,1. Seviye,Global Elit,Erkek,Kulüp,Takım Sporu,İtalya,Yabancı,Yok,TV+ Var,Yıllık,Sürekli Lig,Takım Jenerik,Bilgi,Takım,Jenerik,İngilizce,Head,tk_jen,165000,LOW,5,0.56,0.15,0.87,evet,60500,60500,135000,110000,201000,201000,246000,165000,165000,201000,110000,110000,60500,60500,165000,135000,301000,301000,201000,246000,135000,201000,201000,110000,60500,74000,450000,301000,246000,368000,246000,hayır
lazio maçı,Serie A,Futbol,Lig,1. Seviye,Global Elit,Erkek,Kulüp,Takım Sporu,İtalya,Yabancı,Yok,TV+ Var,Yıllık,Sürekli Lig,Takım Maç Sorgusu,Bilgi,Takım,Jenerik,Türkçe,Head,tk_mac,8100,LOW,1,,,,evet,390,390,8100,8100,8100,8100,22200,9900,6600,8100,6600,18100,12100,2400,12100,27100,27100,22200,49500,40500,74000,33100,12100,6600,5400,320,6600,6600,8100,9900,6600,hayır
lazio maçı ne zaman,Serie A,Futbol,Lig,1. Seviye,Global Elit,Erkek,Kulüp,Takım Sporu,İtalya,Yabancı,Yok,TV+ Var,Yıllık,Sürekli Lig,Takvim/Saat,Bilgi,Takım,Jenerik,Türkçe,Body,tk_nezaman,110,LOW,0,,,,evet,20,30,90,90,70,90,260,90,50,110,140,390,590,110,140,170,210,260,480,320,590,320,140,170,70,40,140,210,260,320,390,hayır
lazio maçı hangi kanalda,Serie A,Futbol,Lig,1. Seviye,Global Elit,Erkek,Kulüp,Takım Sporu,İtalya,Yabancı,Yok,TV+ Var,Yıllık,Sürekli Lig,Kanal/Yayın,İzleme,Takım,Jenerik,Türkçe,Body,tk_kanal,720,LOW,0,,,,evet,10,10,260,170,390,170,2400,390,170,320,170,3600,1900,140,260,2900,1300,390,1300,1300,1000,480,260,140,20,10,210,390,390,480,480,hayır
lazio canlı izle,Serie A,Futbol,Lig,1. Seviye,Global Elit,Erkek,Kulüp,Takım Sporu,İtalya,Yabancı,Yok,TV+ Var,Yıllık,Sürekli Lig,Canlı İzle,İzleme,Takım,Jenerik,Türkçe,Body,tk_izle,50,,,,,,evet,0,0,20,30,50,40,170,90,50,50,20,50,50,0,20,110,70,40,50,90,90,70,30,20,10,0,20,40,10,10,20,hayır
lazio fikstür,Serie A,Futbol,Lig,1. Seviye,Global Elit,Erkek,Kulüp,Takım Sporu,İtalya,Yabancı,Yok,TV+ Var,Yıllık,Sürekli Lig,Fikstür,Bilgi,Takım,Jenerik,Türkçe,Head,tk_fikstur,70,LOW,0,,,,evet,10,10,50,40,70,70,260,50,50,70,50,70,90,10,90,90,110,110,210,260,590,170,110,40,50,10,70,90,140,210,140,hayır
lazio puan durumu,Serie A,Futbol,Lig,1. Seviye,Global Elit,Erkek,Kulüp,Takım Sporu,İtalya,Yabancı,Yok,TV+ Var,Yıllık,Sürekli Lig,Puan Durumu,Bilgi,Takım,Jenerik,İngilizce,Body,tk_pd,12100,LOW,0,,,,evet,880,880,14800,12100,12100,12100,27100,12100,6600,9900,8100,18100,22200,4400,27100,27100,27100,33100,110000,74000,135000,40500,18100,4400,2900,720,2400,2400,2900,6600,2900,hayır
lazio kadro,Serie A,Futbol,Lig,1. Seviye,Global Elit,Erkek,Kulüp,Takım Sporu,İtalya,Yabancı,Yok,TV+ Var,Yıllık,Sürekli Lig,Kadro,Bilgi,Takım,Jenerik,İngilizce,Head,tk_kadro,480,LOW,0,,,,evet,260,210,390,320,320,390,1300,390,260,260,320,1600,1600,390,480,590,590,720,1000,880,1000,720,720,720,880,590,590,590,720,1300,880,hayır
lazio oyuncuları,Serie A,Futbol,Lig,1. Seviye,Global Elit,Erkek,Kulüp,Takım Sporu,İtalya,Yabancı,Yok,TV+ Var,Yıllık,Sürekli Lig,Kadro,Bilgi,Takım,Jenerik,Türkçe,Head,tk_oyuncu,4400,LOW,0,,,,evet,1300,1300,2900,3600,2900,3600,14800,2400,1900,2400,2400,18100,22200,5400,5400,5400,5400,8100,18100,12100,22200,12100,6600,4400,2900,1300,880,880,880,1600,720,hayır
lazio transfer,Serie A,Futbol,Lig,1. Seviye,Global Elit,Erkek,Kulüp,Takım Sporu,İtalya,Yabancı,Yok,TV+ Var,Yıllık,Sürekli Lig,Transfer,Bilgi,Takım,Jenerik,İngilizce,Head,tk_transfer,70,LOW,0,,,,evet,50,10,10,20,10,40,390,20,20,10,70,260,210,50,20,30,20,70,40,20,40,30,90,110,170,90,30,20,40,110,70,hayır
lazio,Serie A,Futbol,Lig,1. Seviye,Global Elit,Erkek,Kulüp,Takım Sporu,İtalya,Yabancı,Yok,TV+ Var,Yıllık,Sürekli Lig,Takım Jenerik,Bilgi,Takım,Jenerik,İngilizce,Head,tk_jen,90500,LOW,1,0.29,0.23,1.25,evet,8100,6600,74000,90500,90500,74000,246000,110000,60500,74000,49500,201000,135000,22200,90500,246000,246000,165000,246000,246000,301000,135000,90500,60500,74000,14800,90500,110000,135000,201000,110000,hayır
atalanta maçı,Serie A,Futbol,Lig,1. Seviye,Global Elit,Erkek,Kulüp,Takım Sporu,İtalya,Yabancı,Yok,TV+ Var,Yıllık,Sürekli Lig,Takım Maç Sorgusu,Bilgi,Takım,Jenerik,Türkçe,Head,tk_mac,12100,LOW,1,,,,evet,720,390,5400,8100,14800,33100,22200,18100,9900,12100,14800,4400,880,880,9900,9900,9900,33100,27100,40500,18100,18100,18100,14800,1600,1900,18100,9900,6600,3600,5400,hayır
atalanta maçı ne zaman,Serie A,Futbol,Lig,1. Seviye,Global Elit,Erkek,Kulüp,Takım Sporu,İtalya,Yabancı,Yok,TV+ Var,Yıllık,Sürekli Lig,Takvim/Saat,Bilgi,Takım,Jenerik,Türkçe,Body,tk_nezaman,110,LOW,2,,,,evet,20,10,50,90,140,210,260,170,90,90,70,70,20,10,90,110,140,320,390,390,170,170,480,260,50,50,390,170,260,110,140,hayır
atalanta maçı hangi kanalda,Serie A,Futbol,Lig,1. Seviye,Global Elit,Erkek,Kulüp,Takım Sporu,İtalya,Yabancı,Yok,TV+ Var,Yıllık,Sürekli Lig,Kanal/Yayın,İzleme,Takım,Jenerik,Türkçe,Body,tk_kanal,480,LOW,0,,,,evet,10,10,110,210,390,1600,590,590,210,590,1000,170,20,10,210,320,260,5400,1600,2900,480,1600,590,720,30,170,3600,390,320,140,390,hayır
atalanta canlı izle,Serie A,Futbol,Lig,1. Seviye,Global Elit,Erkek,Kulüp,Takım Sporu,İtalya,Yabancı,Yok,TV+ Var,Yıllık,Sürekli Lig,Canlı İzle,İzleme,Takım,Jenerik,Türkçe,Body,tk_izle,70,LOW,10,,,,evet,10,10,10,20,70,260,110,110,40,110,140,20,10,0,50,50,20,260,50,140,50,210,70,30,10,10,170,110,30,20,30,hayır
atalanta fikstür,Serie A,Futbol,Lig,1. Seviye,Global Elit,Erkek,Kulüp,Takım Sporu,İtalya,Yabancı,Yok,TV+ Var,Yıllık,Sürekli Lig,Fikstür,Bilgi,Takım,Jenerik,Türkçe,Head,tk_fikstur,90,LOW,2,,,,evet,10,10,40,50,90,170,170,110,110,110,110,40,10,10,50,30,50,140,170,260,140,140,140,90,10,20,260,110,90,70,50,hayır
atalanta puan durumu,Serie A,Futbol,Lig,1. Seviye,Global Elit,Erkek,Kulüp,Takım Sporu,İtalya,Yabancı,Yok,TV+ Var,Yıllık,Sürekli Lig,Puan Durumu,Bilgi,Takım,Jenerik,İngilizce,Body,tk_pd,18100,LOW,0,,,,evet,1900,1600,12100,14800,18100,33100,40500,27100,14800,12100,14800,6600,1900,1900,22200,18100,18100,33100,40500,74000,27100,18100,14800,12100,2400,1600,12100,4400,2400,1300,390,hayır
atalanta kadro,Serie A,Futbol,Lig,1. Seviye,Global Elit,Erkek,Kulüp,Takım Sporu,İtalya,Yabancı,Yok,TV+ Var,Yıllık,Sürekli Lig,Kadro,Bilgi,Takım,Jenerik,İngilizce,Head,tk_kadro,720,LOW,1,,,,evet,320,260,480,320,720,1000,1300,880,720,480,880,720,480,480,480,390,480,1000,1300,1600,720,880,880,2400,720,1300,3600,1000,590,480,720,hayır
atalanta oyuncuları,Serie A,Futbol,Lig,1. Seviye,Global Elit,Erkek,Kulüp,Takım Sporu,İtalya,Yabancı,Yok,TV+ Var,Yıllık,Sürekli Lig,Kadro,Bilgi,Takım,Jenerik,Türkçe,Head,tk_oyuncu,5400,LOW,0,,,,evet,1600,1300,2900,2900,5400,8100,14800,8100,6600,3600,6600,4400,2400,2900,5400,3600,4400,6600,9900,14800,8100,5400,5400,18100,2900,1600,2400,880,590,260,720,hayır
atalanta transfer,Serie A,Futbol,Lig,1. Seviye,Global Elit,Erkek,Kulüp,Takım Sporu,İtalya,Yabancı,Yok,TV+ Var,Yıllık,Sürekli Lig,Transfer,Bilgi,Takım,Jenerik,İngilizce,Head,tk_transfer,90,LOW,2,,,,evet,30,20,20,20,50,110,260,50,40,30,170,210,170,30,20,10,40,90,70,90,70,40,170,480,170,90,140,40,20,30,50,hayır
atalanta,Serie A,Futbol,Lig,1. Seviye,Global Elit,Erkek,Kulüp,Takım Sporu,İtalya,Yabancı,Yok,TV+ Var,Yıllık,Sürekli Lig,Takım Jenerik,Bilgi,Takım,Jenerik,İngilizce,Head,tk_jen,135000,LOW,1,,0.24,0.64,evet,14800,9900,60500,90500,201000,368000,201000,165000,110000,135000,135000,60500,14800,14800,90500,110000,110000,368000,246000,368000,165000,201000,165000,165000,40500,60500,673000,201000,135000,74000,110000,hayır
fiorentina maçı,Serie A,Futbol,Lig,1. Seviye,Global Elit,Erkek,Kulüp,Takım Sporu,İtalya,Yabancı,Yok,TV+ Var,Yıllık,Sürekli Lig,Takım Maç Sorgusu,Bilgi,Takım,Jenerik,Türkçe,Head,tk_mac,5400,LOW,1,,,,evet,1000,390,2900,6600,8100,8100,8100,6600,6600,6600,2900,5400,3600,720,12100,12100,8100,9900,8100,14800,8100,8100,3600,8100,720,390,9900,8100,3600,2900,3600,hayır
fiorentina maçı ne zaman,Serie A,Futbol,Lig,1. Seviye,Global Elit,Erkek,Kulüp,Takım Sporu,İtalya,Yabancı,Yok,TV+ Var,Yıllık,Sürekli Lig,Takvim/Saat,Bilgi,Takım,Jenerik,Türkçe,Body,tk_nezaman,30,LOW,0,,,,evet,10,10,20,40,30,40,70,50,40,30,20,40,30,10,70,70,40,40,30,90,50,50,30,70,10,10,170,70,40,40,70,hayır
fiorentina maçı hangi kanalda,Serie A,Futbol,Lig,1. Seviye,Global Elit,Erkek,Kulüp,Takım Sporu,İtalya,Yabancı,Yok,TV+ Var,Yıllık,Sürekli Lig,Kanal/Yayın,İzleme,Takım,Jenerik,Türkçe,Body,tk_kanal,110,LOW,5,,,,evet,20,10,40,90,210,170,170,90,140,110,50,170,20,10,880,590,70,260,210,480,170,480,390,1300,20,20,1900,590,70,170,320,hayır
fiorentina canlı izle,Serie A,Futbol,Lig,1. Seviye,Global Elit,Erkek,Kulüp,Takım Sporu,İtalya,Yabancı,Yok,TV+ Var,Yıllık,Sürekli Lig,Canlı İzle,İzleme,Takım,Jenerik,Türkçe,Body,tk_izle,40,LOW,4,0.05,,,evet,10,0,20,50,110,70,40,20,40,30,10,70,10,10,70,50,10,50,20,50,40,140,10,140,10,10,170,210,20,30,50,hayır
fiorentina fikstür,Serie A,Futbol,Lig,1. Seviye,Global Elit,Erkek,Kulüp,Takım Sporu,İtalya,Yabancı,Yok,TV+ Var,Yıllık,Sürekli Lig,Fikstür,Bilgi,Takım,Jenerik,Türkçe,Head,tk_fikstur,40,LOW,4,,,,evet,10,10,20,50,50,50,50,70,40,50,30,20,40,10,40,70,70,70,50,90,50,50,30,110,10,10,140,110,110,90,70,hayır
fiorentina puan durumu,Serie A,Futbol,Lig,1. Seviye,Global Elit,Erkek,Kulüp,Takım Sporu,İtalya,Yabancı,Yok,TV+ Var,Yıllık,Sürekli Lig,Puan Durumu,Bilgi,Takım,Jenerik,İngilizce,Body,tk_pd,12100,LOW,0,,,,evet,3600,2400,8100,12100,12100,14800,18100,27100,22200,9900,4400,4400,3600,3600,18100,12100,9900,14800,12100,18100,12100,9900,3600,4400,590,20,390,260,320,140,210,hayır
fiorentina kadro,Serie A,Futbol,Lig,1. Seviye,Global Elit,Erkek,Kulüp,Takım Sporu,İtalya,Yabancı,Yok,TV+ Var,Yıllık,Sürekli Lig,Kadro,Bilgi,Takım,Jenerik,İngilizce,Head,tk_kadro,210,LOW,1,0.25,,,evet,260,140,140,140,170,210,320,260,210,260,170,260,320,210,320,260,210,390,320,320,260,320,260,390,170,260,720,320,480,260,320,hayır
fiorentina oyuncuları,Serie A,Futbol,Lig,1. Seviye,Global Elit,Erkek,Kulüp,Takım Sporu,İtalya,Yabancı,Yok,TV+ Var,Yıllık,Sürekli Lig,Kadro,Bilgi,Takım,Jenerik,Türkçe,Head,tk_oyuncu,3600,LOW,0,0.27,,,evet,1600,880,1600,1900,2400,2900,5400,6600,5400,4400,2400,4400,6600,2900,3600,4400,3600,5400,2400,3600,2900,2400,1900,4400,320,320,880,390,480,320,210,hayır
fiorentina transfer,Serie A,Futbol,Lig,1. Seviye,Global Elit,Erkek,Kulüp,Takım Sporu,İtalya,Yabancı,Yok,TV+ Var,Yıllık,Sürekli Lig,Transfer,Bilgi,Takım,Jenerik,İngilizce,Head,tk_transfer,40,LOW,1,0.51,,,evet,260,30,10,10,10,20,30,30,10,10,20,40,50,30,10,10,10,40,20,20,20,30,70,140,70,30,40,40,30,30,40,hayır
fiorentina,Serie A,Futbol,Lig,1. Seviye,Global Elit,Erkek,Kulüp,Takım Sporu,İtalya,Yabancı,Yok,TV+ Var,Yıllık,Sürekli Lig,Takım Jenerik,Bilgi,Takım,Jenerik,İngilizce,Head,tk_jen,60500,LOW,5,0.61,0.31,1.05,evet,27100,12100,33100,74000,90500,90500,74000,74000,60500,60500,33100,74000,40500,22200,135000,110000,74000,110000,90500,165000,74000,90500,33100,110000,12100,18100,368000,201000,110000,60500,74000,hayır
bologna maçı,Serie A,Futbol,Lig,1. Seviye,Global Elit,Erkek,Kulüp,Takım Sporu,İtalya,Yabancı,Yok,TV+ Var,Yıllık,Sürekli Lig,Takım Maç Sorgusu,Bilgi,Takım,Jenerik,Türkçe,Head,tk_mac,2400,LOW,2,,0.08,0.45,evet,720,210,1000,2400,4400,3600,3600,6600,1000,1600,720,1000,880,50,1300,3600,1600,2900,2900,4400,2900,1900,3600,1000,90,110,2400,4400,1900,5400,2400,hayır
bologna maçı ne zaman,Serie A,Futbol,Lig,1. Seviye,Global Elit,Erkek,Kulüp,Takım Sporu,İtalya,Yabancı,Yok,TV+ Var,Yıllık,Sürekli Lig,Takvim/Saat,Bilgi,Takım,Jenerik,Türkçe,Body,tk_nezaman,30,LOW,0,,,,evet,30,30,10,30,30,20,30,90,20,10,20,30,20,10,20,30,0,0,0,0,0,0,0,0,0,0,0,0,0,0,0,hayır
bologna maçı hangi kanalda,Serie A,Futbol,Lig,1. Seviye,Global Elit,Erkek,Kulüp,Takım Sporu,İtalya,Yabancı,Yok,TV+ Var,Yıllık,Sürekli Lig,Kanal/Yayın,İzleme,Takım,Jenerik,Türkçe,Body,tk_kanal,90,LOW,6,0.53,,,evet,50,10,50,50,140,140,210,390,30,50,20,20,10,10,40,70,20,70,70,110,140,70,170,20,10,10,70,110,40,110,0,hayır
bologna canlı izle,Serie A,Futbol,Lig,1. Seviye,Global Elit,Erkek,Kulüp,Takım Sporu,İtalya,Yabancı,Yok,TV+ Var,Yıllık,Sürekli Lig,Canlı İzle,İzleme,Takım,Jenerik,Türkçe,Body,tk_izle,20,LOW,5,,,,evet,10,10,10,20,20,10,10,90,10,20,10,10,10,10,10,30,10,10,30,10,10,10,20,10,0,10,10,30,10,20,20,hayır
bologna fikstür,Serie A,Futbol,Lig,1. Seviye,Global Elit,Erkek,Kulüp,Takım Sporu,İtalya,Yabancı,Yok,TV+ Var,Yıllık,Sürekli Lig,Fikstür,Bilgi,Takım,Jenerik,Türkçe,Head,tk_fikstur,40,LOW,2,,,,evet,40,70,20,40,50,30,50,40,30,30,10,30,30,10,40,70,30,40,40,50,50,70,50,30,20,10,40,70,30,70,50,hayır
bologna puan durumu,Serie A,Futbol,Lig,1. Seviye,Global Elit,Erkek,Kulüp,Takım Sporu,İtalya,Yabancı,Yok,TV+ Var,Yıllık,Sürekli Lig,Puan Durumu,Bilgi,Takım,Jenerik,İngilizce,Body,tk_pd,1300,LOW,0,,,,evet,590,2400,2400,1300,1300,1000,1000,2400,590,590,590,480,480,140,1000,1300,590,880,1000,590,390,480,320,70,50,70,260,320,170,390,260,hayır
bologna kadro,Serie A,Futbol,Lig,1. Seviye,Global Elit,Erkek,Kulüp,Takım Sporu,İtalya,Yabancı,Yok,TV+ Var,Yıllık,Sürekli Lig,Kadro,Bilgi,Takım,Jenerik,İngilizce,Head,tk_kadro,260,LOW,0,,,,evet,210,480,210,320,140,170,260,390,140,170,170,170,320,170,210,210,110,170,260,210,210,320,320,260,210,320,320,210,170,170,210,hayır
bologna oyuncuları,Serie A,Futbol,Lig,1. Seviye,Global Elit,Erkek,Kulüp,Takım Sporu,İtalya,Yabancı,Yok,TV+ Var,Yıllık,Sürekli Lig,Kadro,Bilgi,Takım,Jenerik,Türkçe,Head,tk_oyuncu,1300,LOW,0,,,,evet,1000,3600,1900,1000,1000,2400,2400,720,70,40,50,320,210,590,70,110,50,50,50,70,50,90,90,40,0,0,0,0,0,0,0,hayır
bologna transfer,Serie A,Futbol,Lig,1. Seviye,Global Elit,Erkek,Kulüp,Takım Sporu,İtalya,Yabancı,Yok,TV+ Var,Yıllık,Sürekli Lig,Transfer,Bilgi,Takım,Jenerik,İngilizce,Head,tk_transfer,40,LOW,7,4.36,0.39,3.15,evet,90,110,20,10,20,10,20,20,10,20,40,90,70,20,10,10,10,10,10,20,20,40,110,170,140,40,50,30,10,20,20,hayır
bologna,Serie A,Futbol,Lig,1. Seviye,Global Elit,Erkek,Kulüp,Takım Sporu,İtalya,Yabancı,Yok,TV+ Var,Yıllık,Sürekli Lig,Takım Jenerik,Bilgi,Takım,Jenerik,İngilizce,Head,tk_jen,60500,LOW,7,0.65,0.24,1.43,evet,40500,74000,74000,60500,90500,90500,74000,110000,40500,40500,33100,40500,49500,22200,60500,74000,33100,49500,40500,33100,27100,33100,40500,22200,22200,22200,33100,27100,27100,33100,27100,hayır
torino maçı,Serie A,Futbol,Lig,1. Seviye,Global Elit,Erkek,Kulüp,Takım Sporu,İtalya,Yabancı,Yok,TV+ Var,Yıllık,Sürekli Lig,Takım Maç Sorgusu,Bilgi,Takım,Jenerik,Türkçe,Head,tk_mac,1300,LOW,0,,,,evet,170,40,2400,1900,1300,1900,1900,1900,1300,1000,1000,590,210,30,1900,1900,1900,1600,3600,2900,1600,2900,2900,2400,210,20,2400,1600,2400,4400,1600,hayır
torino maçı ne zaman,Serie A,Futbol,Lig,1. Seviye,Global Elit,Erkek,Kulüp,Takım Sporu,İtalya,Yabancı,Yok,TV+ Var,Yıllık,Sürekli Lig,Takvim/Saat,Bilgi,Takım,Jenerik,Türkçe,Body,tk_nezaman,10,,,,,,evet,0,0,20,20,10,20,10,30,20,20,10,10,10,10,20,40,20,10,40,30,20,30,10,10,10,10,30,20,20,20,10,hayır
torino maçı hangi kanalda,Serie A,Futbol,Lig,1. Seviye,Global Elit,Erkek,Kulüp,Takım Sporu,İtalya,Yabancı,Yok,TV+ Var,Yıllık,Sürekli Lig,Kanal/Yayın,İzleme,Takım,Jenerik,Türkçe,Body,tk_kanal,40,LOW,0,,,,evet,10,0,50,30,20,40,30,70,50,20,20,70,10,10,40,20,20,40,70,70,40,110,140,70,0,0,50,30,50,170,20,hayır
torino canlı izle,Serie A,Futbol,Lig,1. Seviye,Global Elit,Erkek,Kulüp,Takım Sporu,İtalya,Yabancı,Yok,TV+ Var,Yıllık,Sürekli Lig,Canlı İzle,İzleme,Takım,Jenerik,Türkçe,Body,tk_izle,10,,,,,,evet,0,10,10,10,10,10,10,10,30,10,10,10,10,10,10,10,10,10,30,10,20,70,40,20,10,10,10,10,10,10,10,hayır
torino fikstür,Serie A,Futbol,Lig,1. Seviye,Global Elit,Erkek,Kulüp,Takım Sporu,İtalya,Yabancı,Yok,TV+ Var,Yıllık,Sürekli Lig,Fikstür,Bilgi,Takım,Jenerik,Türkçe,Head,tk_fikstur,20,LOW,0,,,,evet,10,10,40,20,20,30,20,20,20,20,10,10,10,0,20,30,20,10,20,20,20,20,20,10,10,0,30,20,90,40,20,hayır
torino puan durumu,Serie A,Futbol,Lig,1. Seviye,Global Elit,Erkek,Kulüp,Takım Sporu,İtalya,Yabancı,Yok,TV+ Var,Yıllık,Sürekli Lig,Puan Durumu,Bilgi,Takım,Jenerik,İngilizce,Body,tk_pd,390,LOW,0,,,,evet,210,50,880,720,480,590,590,590,480,320,210,90,70,50,480,320,320,320,480,260,140,170,210,140,20,10,590,210,390,390,170,hayır
torino kadro,Serie A,Futbol,Lig,1. Seviye,Global Elit,Erkek,Kulüp,Takım Sporu,İtalya,Yabancı,Yok,TV+ Var,Yıllık,Sürekli Lig,Kadro,Bilgi,Takım,Jenerik,İngilizce,Head,tk_kadro,110,LOW,0,,,,evet,40,40,90,70,110,140,260,90,70,110,90,140,110,70,70,70,90,140,140,110,110,140,210,210,110,140,170,110,110,140,170,hayır
torino oyuncuları,Serie A,Futbol,Lig,1. Seviye,Global Elit,Erkek,Kulüp,Takım Sporu,İtalya,Yabancı,Yok,TV+ Var,Yıllık,Sürekli Lig,Kadro,Bilgi,Takım,Jenerik,Türkçe,Head,tk_oyuncu,20,LOW,0,,,,evet,10,20,10,20,30,20,70,20,20,20,20,30,20,20,20,10,20,10,30,10,20,20,30,30,30,30,50,20,30,30,70,hayır
torino transfer,Serie A,Futbol,Lig,1. Seviye,Global Elit,Erkek,Kulüp,Takım Sporu,İtalya,Yabancı,Yok,TV+ Var,Yıllık,Sürekli Lig,Transfer,Bilgi,Takım,Jenerik,İngilizce,Head,tk_transfer,10,LOW,7,,,,evet,10,10,10,10,10,10,10,10,10,10,10,20,10,10,10,10,0,10,10,10,10,10,30,70,10,10,10,10,10,10,20,hayır
torino,Serie A,Futbol,Lig,1. Seviye,Global Elit,Erkek,Kulüp,Takım Sporu,İtalya,Yabancı,Yok,TV+ Var,Yıllık,Sürekli Lig,Takım Jenerik,Bilgi,Takım,Jenerik,İngilizce,Head,tk_jen,18100,LOW,6,0.51,0.15,1.64,evet,9900,9900,18100,18100,22200,33100,27100,18100,18100,22200,22200,18100,12100,9900,27100,18100,18100,18100,33100,22200,22200,27100,33100,27100,14800,12100,33100,22200,33100,49500,27100,hayır
manchester united maçı,Premier Lig,Futbol,Lig,1. Seviye,Global Elit,Erkek,Kulüp,Takım Sporu,İngiltere,Yabancı,Yok,TV+ Yok,Yıllık,Sürekli Lig,Takım Maç Sorgusu,Bilgi,Takım,Jenerik,Türkçe,Body,tk_mac,2900,LOW,1,0.16,,,evet,720,260,2400,2400,3600,6600,3600,6600,2900,1900,2900,3600,880,880,12100,6600,4400,5400,9900,8100,4400,4400,5400,3600,1300,480,2900,4400,3600,6600,6600,hayır
manchester united maçı ne zaman,Premier Lig,Futbol,Lig,1. Seviye,Global Elit,Erkek,Kulüp,Takım Sporu,İngiltere,Yabancı,Yok,TV+ Yok,Yıllık,Sürekli Lig,Takvim/Saat,Bilgi,Takım,Jenerik,Türkçe,Long-tail,tk_nezaman,390,LOW,0,,,,evet,70,50,390,390,480,720,720,590,390,390,390,480,210,260,1600,720,590,880,1000,880,590,880,480,390,170,110,480,720,720,880,1600,hayır
manchester united maçı hangi kanalda,Premier Lig,Futbol,Lig,1. Seviye,Global Elit,Erkek,Kulüp,Takım Sporu,İngiltere,Yabancı,Yok,TV+ Yok,Yıllık,Sürekli Lig,Kanal/Yayın,İzleme,Takım,Jenerik,Türkçe,Long-tail,tk_kanal,720,LOW,6,0.29,0.08,0.17,evet,260,10,480,480,1000,1000,880,1600,720,480,880,1600,320,110,8100,2900,720,1000,3600,1900,880,1600,1000,2400,260,30,1300,1000,720,1600,4400,hayır
manchester united canlı izle,Premier Lig,Futbol,Lig,1. Seviye,Global Elit,Erkek,Kulüp,Takım Sporu,İngiltere,Yabancı,Yok,TV+ Yok,Yıllık,Sürekli Lig,Canlı İzle,İzleme,Takım,Jenerik,Türkçe,Body,tk_izle,110,LOW,19,,0.04,0.21,evet,30,10,40,70,110,210,170,390,210,40,40,140,40,10,210,320,50,50,170,170,140,110,210,170,50,10,140,210,140,320,480,hayır
manchester united fikstür,Premier Lig,Futbol,Lig,1. Seviye,Global Elit,Erkek,Kulüp,Takım Sporu,İngiltere,Yabancı,Yok,TV+ Yok,Yıllık,Sürekli Lig,Fikstür,Bilgi,Takım,Jenerik,Türkçe,Body,tk_fikstur,170,LOW,4,,,,evet,50,20,170,110,210,480,210,140,140,210,210,170,70,40,140,140,110,140,320,260,260,390,260,170,50,40,140,140,140,210,720,hayır
manchester united puan durumu,Premier Lig,Futbol,Lig,1. Seviye,Global Elit,Erkek,Kulüp,Takım Sporu,İngiltere,Yabancı,Yok,TV+ Yok,Yıllık,Sürekli Lig,Puan Durumu,Bilgi,Takım,Jenerik,İngilizce,Body,tk_pd,90500,LOW,0,,,,evet,6600,6600,165000,110000,135000,246000,110000,74000,60500,74000,60500,49500,9900,9900,135000,90500,49500,90500,201000,165000,74000,165000,74000,33100,3600,2900,12100,12100,9900,12100,9900,hayır
manchester united kadro,Premier Lig,Futbol,Lig,1. Seviye,Global Elit,Erkek,Kulüp,Takım Sporu,İngiltere,Yabancı,Yok,TV+ Yok,Yıllık,Sürekli Lig,Kadro,Bilgi,Takım,Jenerik,İngilizce,Body,tk_kadro,1300,LOW,0,,,,evet,1600,1000,1300,1000,1300,1000,1600,880,1000,880,1900,1600,1000,1000,1900,1300,1000,1000,1600,1000,1300,6600,2400,2900,2400,2900,1900,1900,1600,1900,2900,hayır
manchester united oyuncuları,Premier Lig,Futbol,Lig,1. Seviye,Global Elit,Erkek,Kulüp,Takım Sporu,İngiltere,Yabancı,Yok,TV+ Yok,Yıllık,Sürekli Lig,Kadro,Bilgi,Takım,Jenerik,Türkçe,Body,tk_oyuncu,22200,LOW,0,,,,evet,12100,9900,22200,22200,22200,27100,27100,18100,22200,22200,40500,33100,18100,14800,33100,27100,18100,27100,40500,27100,27100,90500,40500,33100,9900,8100,5400,6600,4400,5400,8100,hayır
manchester united transfer,Premier Lig,Futbol,Lig,1. Seviye,Global Elit,Erkek,Kulüp,Takım Sporu,İngiltere,Yabancı,Yok,TV+ Yok,Yıllık,Sürekli Lig,Transfer,Bilgi,Takım,Jenerik,İngilizce,Body,tk_transfer,1300,LOW,0,,0.29,0.53,evet,2900,720,720,320,390,590,880,390,390,590,2900,5400,2900,2400,1000,590,590,1300,1600,720,880,1600,1600,4400,2400,880,720,880,590,880,1000,hayır
manchester united,Premier Lig,Futbol,Lig,1. Seviye,Global Elit,Erkek,Kulüp,Takım Sporu,İngiltere,Yabancı,Yok,TV+ Yok,Yıllık,Sürekli Lig,Takım Jenerik,Bilgi,Takım,Jenerik,İngilizce,Head,tk_jen,368000,LOW,1,0.26,0.1,0.76,evet,110000,60500,301000,246000,368000,1000000,450000,450000,301000,301000,450000,550000,165000,110000,1000000,673000,301000,368000,823000,673000,450000,673000,450000,368000,165000,110000,368000,450000,368000,550000,673000,hayır
manchester city maçı,Premier Lig,Futbol,Lig,1. Seviye,Global Elit,Erkek,Kulüp,Takım Sporu,İngiltere,Yabancı,Yok,TV+ Yok,Yıllık,Sürekli Lig,Takım Maç Sorgusu,Bilgi,Takım,Jenerik,Türkçe,Body,tk_mac,8100,LOW,1,,,,evet,720,590,12100,8100,9900,9900,18100,8100,8100,6600,6600,4400,1300,4400,8100,8100,6600,12100,14800,14800,12100,9900,9900,6600,1600,880,12100,18100,12100,14800,8100,hayır
manchester city maçı ne zaman,Premier Lig,Futbol,Lig,1. Seviye,Global Elit,Erkek,Kulüp,Takım Sporu,İngiltere,Yabancı,Yok,TV+ Yok,Yıllık,Sürekli Lig,Takvim/Saat,Bilgi,Takım,Jenerik,Türkçe,Long-tail,tk_nezaman,1000,LOW,1,,,,evet,210,170,1600,1600,1600,1300,2900,1300,880,720,720,590,320,720,880,880,1000,1300,1600,1300,1000,1300,1000,880,390,320,1900,2900,1600,1600,1300,hayır
manchester city maçı hangi kanalda,Premier Lig,Futbol,Lig,1. Seviye,Global Elit,Erkek,Kulüp,Takım Sporu,İngiltere,Yabancı,Yok,TV+ Yok,Yıllık,Sürekli Lig,Kanal/Yayın,İzleme,Takım,Jenerik,Türkçe,Long-tail,tk_kanal,2400,LOW,3,,,,evet,40,30,2900,1600,3600,2400,9900,2400,1600,1900,1600,1600,70,1300,3600,1600,1900,4400,3600,3600,5400,4400,4400,3600,390,40,3600,6600,2900,5400,2400,hayır
manchester city canlı izle,Premier Lig,Futbol,Lig,1. Seviye,Global Elit,Erkek,Kulüp,Takım Sporu,İngiltere,Yabancı,Yok,TV+ Yok,Yıllık,Sürekli Lig,Canlı İzle,İzleme,Takım,Jenerik,Türkçe,Body,tk_izle,320,,,,,,evet,0,0,320,210,320,210,1000,390,260,320,210,320,10,140,720,720,320,480,320,590,480,880,720,480,70,30,1300,1600,390,1000,320,hayır
manchester city fikstür,Premier Lig,Futbol,Lig,1. Seviye,Global Elit,Erkek,Kulüp,Takım Sporu,İngiltere,Yabancı,Yok,TV+ Yok,Yıllık,Sürekli Lig,Fikstür,Bilgi,Takım,Jenerik,Türkçe,Body,tk_fikstur,480,LOW,5,,,,evet,40,20,1000,1000,320,390,880,390,390,390,320,320,50,70,140,170,170,320,390,720,590,390,480,320,90,50,1000,1300,720,590,480,hayır
manchester city puan durumu,Premier Lig,Futbol,Lig,1. Seviye,Global Elit,Erkek,Kulüp,Takım Sporu,İngiltere,Yabancı,Yok,TV+ Yok,Yıllık,Sürekli Lig,Puan Durumu,Bilgi,Takım,Jenerik,İngilizce,Body,tk_pd,201000,LOW,0,,,,evet,8100,6600,673000,450000,165000,165000,368000,165000,135000,90500,74000,60500,8100,22200,135000,110000,74000,165000,246000,368000,246000,90500,110000,49500,6600,4400,74000,49500,27100,22200,14800,hayır
manchester city kadro,Premier Lig,Futbol,Lig,1. Seviye,Global Elit,Erkek,Kulüp,Takım Sporu,İngiltere,Yabancı,Yok,TV+ Yok,Yıllık,Sürekli Lig,Kadro,Bilgi,Takım,Jenerik,İngilizce,Body,tk_kadro,3600,LOW,0,,,,evet,2900,1900,2400,1900,2400,2400,14800,1900,1600,1900,3600,5400,1900,1900,1600,1600,1300,2400,1900,1600,1900,2400,2900,2900,2900,3600,2900,5400,3600,3600,3600,hayır
manchester city oyuncuları,Premier Lig,Futbol,Lig,1. Seviye,Global Elit,Erkek,Kulüp,Takım Sporu,İngiltere,Yabancı,Yok,TV+ Yok,Yıllık,Sürekli Lig,Kadro,Bilgi,Takım,Jenerik,Türkçe,Body,tk_oyuncu,40500,LOW,0,,,,evet,18100,12100,33100,27100,33100,33100,165000,33100,33100,27100,49500,49500,22200,33100,22200,22200,22200,40500,40500,40500,33100,33100,33100,33100,12100,8100,8100,12100,8100,6600,6600,hayır
manchester city transfer,Premier Lig,Futbol,Lig,1. Seviye,Global Elit,Erkek,Kulüp,Takım Sporu,İngiltere,Yabancı,Yok,TV+ Yok,Yıllık,Sürekli Lig,Transfer,Bilgi,Takım,Jenerik,İngilizce,Body,tk_transfer,880,LOW,1,,0.21,0.4,evet,1600,590,260,170,210,320,1300,260,260,320,1900,2900,2400,3600,720,390,390,1600,3600,480,320,390,880,2900,1900,1000,720,480,320,390,880,hayır
manchester city,Premier Lig,Futbol,Lig,1. Seviye,Global Elit,Erkek,Kulüp,Takım Sporu,İngiltere,Yabancı,Yok,TV+ Yok,Yıllık,Sürekli Lig,Takım Jenerik,Bilgi,Takım,Jenerik,İngilizce,Head,tk_jen,550000,LOW,1,0.58,0.19,1.04,evet,110000,74000,823000,673000,673000,550000,1500000,550000,450000,450000,550000,450000,165000,301000,450000,450000,368000,823000,823000,1000000,823000,550000,673000,550000,201000,135000,1000000,1500000,823000,1000000,550000,hayır
liverpool maçı,Premier Lig,Futbol,Lig,1. Seviye,Global Elit,Erkek,Kulüp,Takım Sporu,İngiltere,Yabancı,Yok,TV+ Yok,Yıllık,Sürekli Lig,Takım Maç Sorgusu,Bilgi,Takım,Jenerik,Türkçe,Head,tk_mac,90500,LOW,1,0.35,0.08,2.26,evet,5400,3600,40500,74000,246000,165000,74000,60500,90500,135000,246000,60500,14800,5400,49500,90500,90500,135000,135000,165000,110000,60500,49500,27100,4400,1900,12100,49500,40500,27100,27100,hayır
liverpool maçı ne zaman,Premier Lig,Futbol,Lig,1. Seviye,Global Elit,Erkek,Kulüp,Takım Sporu,İngiltere,Yabancı,Yok,TV+ Yok,Yıllık,Sürekli Lig,Takvim/Saat,Bilgi,Takım,Jenerik,Türkçe,Body,tk_nezaman,2400,LOW,1,,,,evet,260,140,1000,2900,12100,2900,1300,1300,1300,1600,5400,1300,480,260,880,1000,1600,1600,1600,2400,1000,720,590,480,140,110,720,1300,1600,1000,1000,hayır
liverpool maçı hangi kanalda,Premier Lig,Futbol,Lig,1. Seviye,Global Elit,Erkek,Kulüp,Takım Sporu,İngiltere,Yabancı,Yok,TV+ Yok,Yıllık,Sürekli Lig,Kanal/Yayın,İzleme,Takım,Jenerik,Türkçe,Body,tk_kanal,6600,LOW,4,0.2,0.05,0.19,evet,260,30,1900,9900,9900,2900,4400,2400,6600,8100,22200,6600,1300,70,1300,1900,9900,6600,8100,12100,8100,3600,4400,1900,170,50,880,5400,6600,5400,6600,hayır
liverpool canlı izle,Premier Lig,Futbol,Lig,1. Seviye,Global Elit,Erkek,Kulüp,Takım Sporu,İngiltere,Yabancı,Yok,TV+ Yok,Yıllık,Sürekli Lig,Canlı İzle,İzleme,Takım,Jenerik,Türkçe,Body,tk_izle,320,LOW,11,,,,evet,10,10,110,260,390,210,390,170,390,720,880,720,90,10,260,720,880,720,720,1000,590,260,260,260,30,10,140,720,590,590,720,hayır
liverpool fikstür,Premier Lig,Futbol,Lig,1. Seviye,Global Elit,Erkek,Kulüp,Takım Sporu,İngiltere,Yabancı,Yok,TV+ Yok,Yıllık,Sürekli Lig,Fikstür,Bilgi,Takım,Jenerik,Türkçe,Head,tk_fikstur,1600,LOW,2,,,,evet,70,50,480,720,6600,3600,720,590,1300,1900,3600,1000,210,90,390,880,880,1300,1000,1300,1000,720,720,390,90,90,320,1900,1600,1000,880,hayır
liverpool puan durumu,Premier Lig,Futbol,Lig,1. Seviye,Global Elit,Erkek,Kulüp,Takım Sporu,İngiltere,Yabancı,Yok,TV+ Yok,Yıllık,Sürekli Lig,Puan Durumu,Bilgi,Takım,Jenerik,İngilizce,Body,tk_pd,165000,LOW,0,0.35,0.02,0.09,evet,8100,6600,165000,110000,450000,301000,165000,135000,201000,246000,301000,90500,12100,12100,135000,246000,165000,246000,301000,368000,246000,90500,74000,27100,3600,1900,12100,40500,22200,14800,12100,hayır
liverpool kadro,Premier Lig,Futbol,Lig,1. Seviye,Global Elit,Erkek,Kulüp,Takım Sporu,İngiltere,Yabancı,Yok,TV+ Yok,Yıllık,Sürekli Lig,Kadro,Bilgi,Takım,Jenerik,İngilizce,Head,tk_kadro,12100,LOW,0,,,,evet,4400,3600,5400,5400,33100,14800,2900,2400,2900,8100,49500,14800,4400,2900,2400,2400,2900,2400,3600,3600,3600,2900,2900,2400,2400,2400,2400,2900,3600,4400,4400,hayır
liverpool oyuncuları,Premier Lig,Futbol,Lig,1. Seviye,Global Elit,Erkek,Kulüp,Takım Sporu,İngiltere,Yabancı,Yok,TV+ Yok,Yıllık,Sürekli Lig,Kadro,Bilgi,Takım,Jenerik,Türkçe,Head,tk_oyuncu,60500,LOW,0,,,,evet,14800,12100,22200,22200,135000,74000,27100,22200,27100,40500,201000,74000,40500,22200,22200,27100,27100,33100,33100,40500,49500,27100,22200,18100,8100,4400,3600,6600,6600,5400,5400,hayır
liverpool transfer,Premier Lig,Futbol,Lig,1. Seviye,Global Elit,Erkek,Kulüp,Takım Sporu,İngiltere,Yabancı,Yok,TV+ Yok,Yıllık,Sürekli Lig,Transfer,Bilgi,Takım,Jenerik,İngilizce,Head,tk_transfer,2400,LOW,1,0.29,0.77,2.55,evet,2400,1000,590,480,1300,1300,1000,590,720,1000,9900,9900,8100,6600,2400,720,590,590,1000,720,720,590,1300,4400,2400,1000,880,720,720,720,1600,hayır
liverpool,Premier Lig,Futbol,Lig,1. Seviye,Global Elit,Erkek,Kulüp,Takım Sporu,İngiltere,Yabancı,Yok,TV+ Yok,Yıllık,Sürekli Lig,Takım Jenerik,Bilgi,Takım,Jenerik,İngilizce,Head,tk_jen,1000000,LOW,4,0.47,0.21,0.77,evet,135000,90500,550000,1000000,2240000,1220000,1000000,823000,1000000,1500000,2740000,1000000,368000,135000,450000,823000,1000000,1220000,1220000,1830000,1000000,673000,550000,301000,135000,90500,368000,1220000,1500000,823000,823000,hayır
arsenal maçı,Premier Lig,Futbol,Lig,1. Seviye,Global Elit,Erkek,Kulüp,Takım Sporu,İngiltere,Yabancı,Yok,TV+ Yok,Yıllık,Sürekli Lig,Takım Maç Sorgusu,Bilgi,Takım,Jenerik,Türkçe,Head,tk_mac,135000,LOW,1,0.88,0.03,0.28,evet,8100,6600,550000,368000,165000,110000,135000,110000,74000,49500,49500,33100,9900,3600,74000,135000,49500,49500,74000,60500,49500,49500,40500,27100,5400,2400,40500,74000,27100,22200,14800,hayır
arsenal maçı ne zaman,Premier Lig,Futbol,Lig,1. Seviye,Global Elit,Erkek,Kulüp,Takım Sporu,İngiltere,Yabancı,Yok,TV+ Yok,Yıllık,Sürekli Lig,Takvim/Saat,Bilgi,Takım,Jenerik,Türkçe,Body,tk_nezaman,1900,LOW,1,,,,evet,210,260,8100,3600,1900,1600,1900,1600,1300,720,720,720,480,260,2900,2400,720,720,880,880,590,590,590,590,260,210,1900,2900,1600,1600,880,hayır
arsenal maçı hangi kanalda,Premier Lig,Futbol,Lig,1. Seviye,Global Elit,Erkek,Kulüp,Takım Sporu,İngiltere,Yabancı,Yok,TV+ Yok,Yıllık,Sürekli Lig,Kanal/Yayın,İzleme,Takım,Jenerik,Türkçe,Body,tk_kanal,8100,LOW,2,,,,evet,70,210,27100,18100,14800,2900,6600,5400,6600,4400,14800,2900,590,40,6600,22200,2400,2400,6600,4400,2900,4400,2400,1900,110,20,1900,8100,2900,2400,1900,hayır
arsenal canlı izle,Premier Lig,Futbol,Lig,1. Seviye,Global Elit,Erkek,Kulüp,Takım Sporu,İngiltere,Yabancı,Yok,TV+ Yok,Yıllık,Sürekli Lig,Canlı İzle,İzleme,Takım,Jenerik,Türkçe,Body,tk_izle,390,,,,,,evet,0,10,880,390,720,210,480,590,480,320,480,210,20,10,320,1300,140,320,390,140,170,320,170,210,20,0,170,590,390,170,140,hayır
arsenal fikstür,Premier Lig,Futbol,Lig,1. Seviye,Global Elit,Erkek,Kulüp,Takım Sporu,İngiltere,Yabancı,Yok,TV+ Yok,Yıllık,Sürekli Lig,Fikstür,Bilgi,Takım,Jenerik,Türkçe,Head,tk_fikstur,1600,LOW,2,,,,evet,110,70,6600,4400,2400,1600,1300,1000,880,590,590,590,140,70,480,1000,390,480,480,480,390,480,590,320,110,90,1900,2900,1600,720,480,hayır
arsenal puan durumu,Premier Lig,Futbol,Lig,1. Seviye,Global Elit,Erkek,Kulüp,Takım Sporu,İngiltere,Yabancı,Yok,TV+ Yok,Yıllık,Sürekli Lig,Puan Durumu,Bilgi,Takım,Jenerik,İngilizce,Body,tk_pd,301000,LOW,0,,,,evet,9900,12100,1220000,823000,368000,301000,368000,246000,201000,90500,74000,49500,8100,6600,90500,165000,74000,110000,135000,110000,90500,74000,74000,27100,4400,2900,40500,49500,18100,12100,6600,hayır
arsenal kadro,Premier Lig,Futbol,Lig,1. Seviye,Global Elit,Erkek,Kulüp,Takım Sporu,İngiltere,Yabancı,Yok,TV+ Yok,Yıllık,Sürekli Lig,Kadro,Bilgi,Takım,Jenerik,İngilizce,Head,tk_kadro,5400,LOW,0,0.29,0.26,0.35,evet,4400,4400,14800,5400,6600,4400,6600,3600,2900,2400,3600,3600,3600,2400,5400,8100,2900,2400,2900,2400,2900,2900,3600,3600,3600,3600,3600,6600,4400,3600,3600,hayır
arsenal oyuncuları,Premier Lig,Futbol,Lig,1. Seviye,Global Elit,Erkek,Kulüp,Takım Sporu,İngiltere,Yabancı,Yok,TV+ Yok,Yıllık,Sürekli Lig,Kadro,Bilgi,Takım,Jenerik,Türkçe,Head,tk_oyuncu,33100,LOW,0,,,,evet,18100,14800,90500,40500,49500,40500,60500,33100,33100,18100,22200,27100,18100,12100,22200,40500,18100,14800,18100,14800,14800,14800,14800,14800,6600,5400,5400,8100,5400,3600,3600,hayır
arsenal transfer,Premier Lig,Futbol,Lig,1. Seviye,Global Elit,Erkek,Kulüp,Takım Sporu,İngiltere,Yabancı,Yok,TV+ Yok,Yıllık,Sürekli Lig,Transfer,Bilgi,Takım,Jenerik,İngilizce,Head,tk_transfer,880,LOW,1,2.69,0.21,0.86,evet,1900,720,590,260,210,320,590,210,260,260,1300,3600,4400,1600,880,390,260,590,720,260,260,390,880,2900,1600,720,480,480,320,390,720,hayır
arsenal,Premier Lig,Futbol,Lig,1. Seviye,Global Elit,Erkek,Kulüp,Takım Sporu,İngiltere,Yabancı,Yok,TV+ Yok,Yıllık,Sürekli Lig,Takım Jenerik,Bilgi,Takım,Jenerik,İngilizce,Head,tk_jen,1220000,LOW,1,0.37,0.15,0.79,evet,110000,110000,4090000,2740000,1500000,823000,1220000,1000000,823000,550000,673000,550000,201000,74000,1000000,1830000,550000,550000,823000,673000,550000,550000,550000,301000,90500,74000,823000,1830000,823000,673000,368000,hayır
chelsea maçı,Premier Lig,Futbol,Lig,1. Seviye,Global Elit,Erkek,Kulüp,Takım Sporu,İngiltere,Yabancı,Yok,TV+ Yok,Yıllık,Sürekli Lig,Takım Maç Sorgusu,Bilgi,Takım,Jenerik,Türkçe,Head,tk_mac,27100,LOW,2,0.35,0.08,0.38,evet,3600,1900,27100,27100,40500,27100,33100,40500,40500,27100,40500,22200,49500,27100,60500,40500,18100,33100,33100,74000,33100,33100,33100,27100,4400,1600,12100,14800,6600,12100,9900,hayır
chelsea maçı ne zaman,Premier Lig,Futbol,Lig,1. Seviye,Global Elit,Erkek,Kulüp,Takım Sporu,İngiltere,Yabancı,Yok,TV+ Yok,Yıllık,Sürekli Lig,Takvim/Saat,Bilgi,Takım,Jenerik,Türkçe,Body,tk_nezaman,390,LOW,1,,,,evet,70,40,320,390,590,480,590,590,590,480,480,390,2400,720,1000,480,260,390,480,590,390,390,260,320,90,70,320,320,260,260,260,hayır
chelsea maçı hangi kanalda,Premier Lig,Futbol,Lig,1. Seviye,Global Elit,Erkek,Kulüp,Takım Sporu,İngiltere,Yabancı,Yok,TV+ Yok,Yıllık,Sürekli Lig,Kanal/Yayın,İzleme,Takım,Jenerik,Türkçe,Body,tk_kanal,1600,LOW,4,0.3,0.19,0.45,evet,260,20,1300,1000,2400,1000,1900,2900,4400,1300,2400,1900,5400,4400,8100,2900,480,1600,1000,2900,1300,1600,1900,2400,170,10,1000,1300,590,2400,3600,hayır
chelsea canlı izle,Premier Lig,Futbol,Lig,1. Seviye,Global Elit,Erkek,Kulüp,Takım Sporu,İngiltere,Yabancı,Yok,TV+ Yok,Yıllık,Sürekli Lig,Canlı İzle,İzleme,Takım,Jenerik,Türkçe,Body,tk_izle,210,LOW,9,,,,evet,40,10,50,50,140,170,210,590,480,170,210,210,260,170,210,210,20,90,110,140,260,210,210,210,40,10,170,110,50,210,320,hayır
chelsea fikstür,Premier Lig,Futbol,Lig,1. Seviye,Global Elit,Erkek,Kulüp,Takım Sporu,İngiltere,Yabancı,Yok,TV+ Yok,Yıllık,Sürekli Lig,Fikstür,Bilgi,Takım,Jenerik,Türkçe,Head,tk_fikstur,260,LOW,5,,,,evet,50,30,260,210,390,320,390,320,320,320,390,260,260,110,260,140,110,210,320,590,260,390,390,320,110,50,260,320,260,210,260,hayır
chelsea puan durumu,Premier Lig,Futbol,Lig,1. Seviye,Global Elit,Erkek,Kulüp,Takım Sporu,İngiltere,Yabancı,Yok,TV+ Yok,Yıllık,Sürekli Lig,Puan Durumu,Bilgi,Takım,Jenerik,İngilizce,Body,tk_pd,49500,LOW,0,,,,evet,4400,4400,90500,60500,60500,49500,74000,60500,74000,49500,40500,27100,33100,22200,90500,49500,27100,49500,60500,165000,60500,49500,40500,22200,2900,3600,9900,9900,3600,5400,3600,hayır
chelsea kadro,Premier Lig,Futbol,Lig,1. Seviye,Global Elit,Erkek,Kulüp,Takım Sporu,İngiltere,Yabancı,Yok,TV+ Yok,Yıllık,Sürekli Lig,Kadro,Bilgi,Takım,Jenerik,İngilizce,Head,tk_kadro,2900,LOW,0,,0.1,0.45,evet,3600,1900,2900,1900,3600,2400,3600,2900,3600,2900,3600,4400,6600,3600,3600,2400,2400,1900,2900,3600,2900,2900,5400,6600,2900,4400,2900,3600,2900,2900,3600,hayır
chelsea oyuncuları,Premier Lig,Futbol,Lig,1. Seviye,Global Elit,Erkek,Kulüp,Takım Sporu,İngiltere,Yabancı,Yok,TV+ Yok,Yıllık,Sürekli Lig,Kadro,Bilgi,Takım,Jenerik,Türkçe,Head,tk_oyuncu,18100,LOW,0,,,,evet,8100,8100,18100,12100,22200,18100,22200,14800,22200,14800,22200,18100,40500,22200,22200,14800,12100,14800,18100,27100,18100,18100,18100,22200,6600,5400,3600,4400,2900,2900,3600,hayır
chelsea transfer,Premier Lig,Futbol,Lig,1. Seviye,Global Elit,Erkek,Kulüp,Takım Sporu,İngiltere,Yabancı,Yok,TV+ Yok,Yıllık,Sürekli Lig,Transfer,Bilgi,Takım,Jenerik,İngilizce,Head,tk_transfer,880,LOW,1,0.37,0.27,0.7,evet,2400,590,390,140,210,320,880,390,390,390,1600,3600,3600,1900,880,390,390,480,480,390,480,590,1900,3600,1600,1000,590,590,390,590,720,hayır
chelsea,Premier Lig,Futbol,Lig,1. Seviye,Global Elit,Erkek,Kulüp,Takım Sporu,İngiltere,Yabancı,Yok,TV+ Yok,Yıllık,Sürekli Lig,Takım Jenerik,Bilgi,Takım,Jenerik,İngilizce,Head,tk_jen,368000,LOW,1,0.67,0.27,0.79,evet,110000,60500,301000,301000,550000,368000,550000,450000,550000,450000,550000,368000,1000000,368000,823000,450000,246000,368000,368000,673000,450000,368000,450000,450000,90500,74000,368000,450000,201000,368000,301000,hayır
tottenham maçı,Premier Lig,Futbol,Lig,1. Seviye,Global Elit,Erkek,Kulüp,Takım Sporu,İngiltere,Yabancı,Yok,TV+ Yok,Yıllık,Sürekli Lig,Takım Maç Sorgusu,Bilgi,Takım,Jenerik,Türkçe,Head,tk_mac,40500,LOW,2,0.25,0.06,0.32,evet,2900,1600,110000,90500,49500,60500,22200,18100,18100,18100,27100,22200,5400,3600,74000,33100,22200,27100,49500,60500,201000,90500,33100,14800,2400,1000,6600,5400,5400,5400,8100,hayır
tottenham maçı ne zaman,Premier Lig,Futbol,Lig,1. Seviye,Global Elit,Erkek,Kulüp,Takım Sporu,İngiltere,Yabancı,Yok,TV+ Yok,Yıllık,Sürekli Lig,Takvim/Saat,Bilgi,Takım,Jenerik,Türkçe,Body,tk_nezaman,320,LOW,1,,,,evet,50,10,390,210,390,590,390,260,210,260,320,480,210,140,1300,590,480,590,590,880,1600,1000,390,260,70,20,260,140,140,260,390,hayır
tottenham maçı hangi kanalda,Premier Lig,Futbol,Lig,1. Seviye,Global Elit,Erkek,Kulüp,Takım Sporu,İngiltere,Yabancı,Yok,TV+ Yok,Yıllık,Sürekli Lig,Kanal/Yayın,İzleme,Takım,Jenerik,Türkçe,Body,tk_kanal,720,LOW,3,,,,evet,90,10,590,260,1000,480,590,590,390,390,1300,3600,260,40,5400,1600,720,880,1000,2400,2900,1600,880,480,110,10,480,260,260,390,1000,hayır
tottenham canlı izle,Premier Lig,Futbol,Lig,1. Seviye,Global Elit,Erkek,Kulüp,Takım Sporu,İngiltere,Yabancı,Yok,TV+ Yok,Yıllık,Sürekli Lig,Canlı İzle,İzleme,Takım,Jenerik,Türkçe,Body,tk_izle,140,LOW,21,0.23,0.06,0.31,evet,50,0,70,70,140,40,110,110,70,110,170,590,20,10,140,210,50,40,210,480,320,260,210,90,40,0,70,40,40,50,70,hayır
tottenham fikstür,Premier Lig,Futbol,Lig,1. Seviye,Global Elit,Erkek,Kulüp,Takım Sporu,İngiltere,Yabancı,Yok,TV+ Yok,Yıllık,Sürekli Lig,Fikstür,Bilgi,Takım,Jenerik,Türkçe,Head,tk_fikstur,320,LOW,6,,,,evet,30,30,880,720,480,590,140,140,170,140,170,170,50,20,260,140,140,170,320,390,1600,880,390,140,70,30,140,210,260,170,140,hayır
tottenham puan durumu,Premier Lig,Futbol,Lig,1. Seviye,Global Elit,Erkek,Kulüp,Takım Sporu,İngiltere,Yabancı,Yok,TV+ Yok,Yıllık,Sürekli Lig,Puan Durumu,Bilgi,Takım,Jenerik,İngilizce,Body,tk_pd,90500,LOW,0,,,,evet,5400,8100,368000,301000,135000,135000,40500,22200,27100,27100,27100,27100,4400,9900,110000,49500,22200,49500,74000,74000,368000,110000,40500,14800,1600,2400,6600,3600,2400,2400,3600,hayır
tottenham kadro,Premier Lig,Futbol,Lig,1. Seviye,Global Elit,Erkek,Kulüp,Takım Sporu,İngiltere,Yabancı,Yok,TV+ Yok,Yıllık,Sürekli Lig,Kadro,Bilgi,Takım,Jenerik,İngilizce,Head,tk_kadro,1600,LOW,0,0.66,,,evet,1600,720,1600,1900,1900,4400,1300,880,880,880,1300,2400,1300,1000,1900,1000,880,1300,1300,1300,22200,5400,2900,2900,1000,1900,1300,1000,1000,1000,1900,hayır
tottenham oyuncuları,Premier Lig,Futbol,Lig,1. Seviye,Global Elit,Erkek,Kulüp,Takım Sporu,İngiltere,Yabancı,Yok,TV+ Yok,Yıllık,Sürekli Lig,Kadro,Bilgi,Takım,Jenerik,Türkçe,Head,tk_oyuncu,18100,LOW,0,1.63,,,evet,5400,5400,27100,40500,22200,40500,14800,8100,9900,8100,12100,22200,9900,9900,22200,12100,8100,14800,14800,12100,135000,60500,27100,12100,2900,4400,1600,1600,1600,1600,1900,hayır
tottenham transfer,Premier Lig,Futbol,Lig,1. Seviye,Global Elit,Erkek,Kulüp,Takım Sporu,İngiltere,Yabancı,Yok,TV+ Yok,Yıllık,Sürekli Lig,Transfer,Bilgi,Takım,Jenerik,İngilizce,Head,tk_transfer,720,LOW,1,0.22,0.25,0.45,evet,3600,590,320,260,210,320,320,140,170,210,1000,2400,1300,480,320,140,90,480,320,210,880,390,480,1000,590,260,260,170,170,260,320,hayır
tottenham,Premier Lig,Futbol,Lig,1. Seviye,Global Elit,Erkek,Kulüp,Takım Sporu,İngiltere,Yabancı,Yok,TV+ Yok,Yıllık,Sürekli Lig,Takım Jenerik,Bilgi,Takım,Jenerik,İngilizce,Head,tk_jen,301000,LOW,1,0.35,0.18,0.63,evet,74000,40500,450000,450000,550000,450000,201000,201000,201000,165000,301000,368000,90500,74000,1000000,368000,246000,246000,301000,550000,1220000,450000,301000,201000,49500,60500,246000,135000,135000,165000,201000,hayır
newcastle maçı,Premier Lig,Futbol,Lig,1. Seviye,Global Elit,Erkek,Kulüp,Takım Sporu,İngiltere,Yabancı,Yok,TV+ Yok,Yıllık,Sürekli Lig,Takım Maç Sorgusu,Bilgi,Takım,Jenerik,Türkçe,Head,tk_mac,880,LOW,1,,,,evet,140,10,320,320,1000,1600,1600,1300,1000,1600,480,390,110,20,590,1900,390,1000,1600,1300,880,480,590,480,110,50,590,880,390,1300,590,hayır
newcastle maçı ne zaman,Premier Lig,Futbol,Lig,1. Seviye,Global Elit,Erkek,Kulüp,Takım Sporu,İngiltere,Yabancı,Yok,TV+ Yok,Yıllık,Sürekli Lig,Takvim/Saat,Bilgi,Takım,Jenerik,Türkçe,Body,tk_nezaman,10,HIGH,71,,,,evet,10,10,10,10,10,30,0,0,0,0,0,0,0,0,0,0,0,0,0,0,0,0,0,0,0,0,0,0,0,0,0,hayır
newcastle maçı hangi kanalda,Premier Lig,Futbol,Lig,1. Seviye,Global Elit,Erkek,Kulüp,Takım Sporu,İngiltere,Yabancı,Yok,TV+ Yok,Yıllık,Sürekli Lig,Kanal/Yayın,İzleme,Takım,Jenerik,Türkçe,Body,tk_kanal,210,LOW,6,,,,evet,20,0,140,30,260,390,260,210,90,720,140,140,30,10,90,210,40,140,110,140,140,110,140,140,10,10,140,140,50,210,170,hayır
newcastle canlı izle,Premier Lig,Futbol,Lig,1. Seviye,Global Elit,Erkek,Kulüp,Takım Sporu,İngiltere,Yabancı,Yok,TV+ Yok,Yıllık,Sürekli Lig,Canlı İzle,İzleme,Takım,Jenerik,Türkçe,Body,tk_izle,30,LOW,3,,,,evet,10,0,10,10,40,90,20,50,20,90,30,20,10,10,10,50,10,10,40,20,40,20,30,50,10,10,30,30,20,30,10,hayır
newcastle fikstür,Premier Lig,Futbol,Lig,1. Seviye,Global Elit,Erkek,Kulüp,Takım Sporu,İngiltere,Yabancı,Yok,TV+ Yok,Yıllık,Sürekli Lig,Fikstür,Bilgi,Takım,Jenerik,Türkçe,Head,tk_fikstur,70,LOW,0,,,,evet,10,10,20,20,170,90,70,70,170,50,50,20,10,10,30,40,10,40,30,40,30,30,40,0,0,0,0,0,0,0,0,hayır
newcastle puan durumu,Premier Lig,Futbol,Lig,1. Seviye,Global Elit,Erkek,Kulüp,Takım Sporu,İngiltere,Yabancı,Yok,TV+ Yok,Yıllık,Sürekli Lig,Puan Durumu,Bilgi,Takım,Jenerik,İngilizce,Body,tk_pd,110,LOW,0,,,,evet,10,10,50,30,320,260,140,170,110,110,140,30,10,10,30,70,20,110,90,50,70,110,70,40,30,10,50,50,90,90,90,hayır
newcastle kadro,Premier Lig,Futbol,Lig,1. Seviye,Global Elit,Erkek,Kulüp,Takım Sporu,İngiltere,Yabancı,Yok,TV+ Yok,Yıllık,Sürekli Lig,Kadro,Bilgi,Takım,Jenerik,İngilizce,Head,tk_kadro,390,LOW,0,,,,evet,320,260,320,210,590,480,480,320,320,320,590,590,320,210,260,320,210,260,390,260,210,260,260,320,320,260,320,320,390,390,590,hayır
newcastle oyuncuları,Premier Lig,Futbol,Lig,1. Seviye,Global Elit,Erkek,Kulüp,Takım Sporu,İngiltere,Yabancı,Yok,TV+ Yok,Yıllık,Sürekli Lig,Kadro,Bilgi,Takım,Jenerik,Türkçe,Head,tk_oyuncu,140,LOW,0,,,,evet,210,170,170,140,210,170,170,110,110,110,140,110,110,140,170,140,70,140,140,90,90,50,70,90,90,110,140,140,140,140,170,hayır
newcastle transfer,Premier Lig,Futbol,Lig,1. Seviye,Global Elit,Erkek,Kulüp,Takım Sporu,İngiltere,Yabancı,Yok,TV+ Yok,Yıllık,Sürekli Lig,Transfer,Bilgi,Takım,Jenerik,İngilizce,Head,tk_transfer,260,LOW,1,,,,evet,260,50,70,10,40,110,90,70,90,170,720,1600,320,170,70,110,40,140,50,40,30,30,90,260,140,50,30,20,20,40,70,hayır
newcastle,Premier Lig,Futbol,Lig,1. Seviye,Global Elit,Erkek,Kulüp,Takım Sporu,İngiltere,Yabancı,Yok,TV+ Yok,Yıllık,Sürekli Lig,Takım Jenerik,Bilgi,Takım,Jenerik,İngilizce,Head,tk_jen,74000,LOW,5,0.46,0.22,0.78,evet,22200,14800,40500,33100,135000,201000,110000,90500,90500,110000,74000,60500,22200,18100,49500,135000,60500,74000,90500,74000,60500,40500,40500,40500,18100,14800,60500,60500,40500,74000,74000,hayır
aston villa maçı,Premier Lig,Futbol,Lig,1. Seviye,Global Elit,Erkek,Kulüp,Takım Sporu,İngiltere,Yabancı,Yok,TV+ Yok,Yıllık,Sürekli Lig,Takım Maç Sorgusu,Bilgi,Takım,Jenerik,Türkçe,Body,tk_mac,40500,LOW,1,0.34,0.11,0.58,evet,3600,1900,135000,18100,18100,40500,135000,60500,14800,14800,9900,8100,2900,1300,12100,33100,18100,22200,22200,18100,18100,27100,18100,6600,1300,590,14800,22200,12100,9900,9900,hayır
aston villa maçı ne zaman,Premier Lig,Futbol,Lig,1. Seviye,Global Elit,Erkek,Kulüp,Takım Sporu,İngiltere,Yabancı,Yok,TV+ Yok,Yıllık,Sürekli Lig,Takvim/Saat,Bilgi,Takım,Jenerik,Türkçe,Long-tail,tk_nezaman,880,LOW,1,,,,evet,90,70,6600,320,260,590,1300,720,140,110,110,110,40,20,140,260,140,140,260,210,170,170,170,140,70,40,480,480,390,320,480,hayır
aston villa maçı hangi kanalda,Premier Lig,Futbol,Lig,1. Seviye,Global Elit,Erkek,Kulüp,Takım Sporu,İngiltere,Yabancı,Yok,TV+ Yok,Yıllık,Sürekli Lig,Kanal/Yayın,İzleme,Takım,Jenerik,Türkçe,Long-tail,tk_kanal,3600,LOW,3,0.2,0.25,0.53,evet,320,70,40500,1900,390,1300,2400,880,390,390,320,480,70,10,390,2900,2900,720,1000,880,1000,720,1000,140,30,10,2400,2400,720,480,1000,hayır
aston villa canlı izle,Premier Lig,Futbol,Lig,1. Seviye,Global Elit,Erkek,Kulüp,Takım Sporu,İngiltere,Yabancı,Yok,TV+ Yok,Yıllık,Sürekli Lig,Canlı İzle,İzleme,Takım,Jenerik,Türkçe,Body,tk_izle,110,LOW,10,,,,evet,10,0,320,90,40,170,210,260,70,90,30,110,20,10,90,320,110,210,170,90,110,110,320,40,30,10,320,210,70,210,170,hayır
aston villa fikstür,Premier Lig,Futbol,Lig,1. Seviye,Global Elit,Erkek,Kulüp,Takım Sporu,İngiltere,Yabancı,Yok,TV+ Yok,Yıllık,Sürekli Lig,Fikstür,Bilgi,Takım,Jenerik,Türkçe,Body,tk_fikstur,260,LOW,1,,,,evet,20,50,480,90,110,210,1300,590,110,110,90,70,20,20,70,90,90,90,70,110,110,140,110,30,20,10,210,590,320,210,320,hayır
aston villa puan durumu,Premier Lig,Futbol,Lig,1. Seviye,Global Elit,Erkek,Kulüp,Takım Sporu,İngiltere,Yabancı,Yok,TV+ Yok,Yıllık,Sürekli Lig,Puan Durumu,Bilgi,Takım,Jenerik,İngilizce,Body,tk_pd,74000,LOW,0,,,,evet,4400,3600,246000,40500,40500,74000,368000,135000,27100,22200,18100,12100,4400,3600,27100,49500,22200,33100,27100,33100,27100,33100,22200,6600,1900,720,6600,12100,12100,5400,4400,hayır
aston villa kadro,Premier Lig,Futbol,Lig,1. Seviye,Global Elit,Erkek,Kulüp,Takım Sporu,İngiltere,Yabancı,Yok,TV+ Yok,Yıllık,Sürekli Lig,Kadro,Bilgi,Takım,Jenerik,İngilizce,Body,tk_kadro,2900,LOW,0,0.38,,,evet,1600,880,5400,880,1000,1600,18100,2400,720,880,1300,1600,880,720,880,1900,1300,1300,1600,1000,1000,1300,1000,1000,1000,720,1600,4400,5400,1600,1600,hayır
aston villa oyuncuları,Premier Lig,Futbol,Lig,1. Seviye,Global Elit,Erkek,Kulüp,Takım Sporu,İngiltere,Yabancı,Yok,TV+ Yok,Yıllık,Sürekli Lig,Kadro,Bilgi,Takım,Jenerik,Türkçe,Body,tk_oyuncu,22200,LOW,0,,,,evet,6600,5400,40500,8100,9900,18100,110000,27100,8100,8100,12100,9900,6600,5400,6600,14800,9900,12100,9900,6600,6600,8100,6600,5400,2400,1000,1900,4400,3600,1600,1300,hayır
aston villa transfer,Premier Lig,Futbol,Lig,1. Seviye,Global Elit,Erkek,Kulüp,Takım Sporu,İngiltere,Yabancı,Yok,TV+ Yok,Yıllık,Sürekli Lig,Transfer,Bilgi,Takım,Jenerik,İngilizce,Body,tk_transfer,320,LOW,0,,,,evet,720,90,140,40,40,110,720,170,70,110,590,720,320,210,90,140,210,1000,390,170,90,140,210,720,880,260,110,140,170,140,210,hayır
aston villa,Premier Lig,Futbol,Lig,1. Seviye,Global Elit,Erkek,Kulüp,Takım Sporu,İngiltere,Yabancı,Yok,TV+ Yok,Yıllık,Sürekli Lig,Takım Jenerik,Bilgi,Takım,Jenerik,İngilizce,Head,tk_jen,368000,LOW,1,0.55,0.2,0.78,evet,60500,33100,1830000,201000,165000,450000,1000000,368000,135000,135000,135000,135000,49500,27100,135000,450000,246000,246000,246000,201000,165000,201000,201000,74000,40500,22200,550000,823000,450000,246000,201000,hayır
everton maçı,Premier Lig,Futbol,Lig,1. Seviye,Global Elit,Erkek,Kulüp,Takım Sporu,İngiltere,Yabancı,Yok,TV+ Yok,Yıllık,Sürekli Lig,Takım Maç Sorgusu,Bilgi,Takım,Jenerik,Türkçe,Head,tk_mac,1600,LOW,0,,,,evet,320,50,1600,880,1600,2900,2900,2900,1900,1600,1600,1600,390,70,1000,1300,1300,2900,2900,2900,1000,1300,1000,880,390,140,1900,2400,1000,2400,3600,hayır
everton maçı ne zaman,Premier Lig,Futbol,Lig,1. Seviye,Global Elit,Erkek,Kulüp,Takım Sporu,İngiltere,Yabancı,Yok,TV+ Yok,Yıllık,Sürekli Lig,Takvim/Saat,Bilgi,Takım,Jenerik,Türkçe,Body,tk_nezaman,70,LOW,0,,,,evet,20,10,90,90,70,90,140,70,90,70,70,140,50,20,90,90,110,170,140,260,70,110,110,140,90,140,210,260,70,210,260,hayır
everton maçı hangi kanalda,Premier Lig,Futbol,Lig,1. Seviye,Global Elit,Erkek,Kulüp,Takım Sporu,İngiltere,Yabancı,Yok,TV+ Yok,Yıllık,Sürekli Lig,Kanal/Yayın,İzleme,Takım,Jenerik,Türkçe,Body,tk_kanal,140,LOW,5,,,,evet,30,10,110,30,90,170,170,260,170,70,260,170,50,10,70,50,50,210,210,140,70,110,110,110,10,10,170,140,50,260,720,hayır
everton canlı izle,Premier Lig,Futbol,Lig,1. Seviye,Global Elit,Erkek,Kulüp,Takım Sporu,İngiltere,Yabancı,Yok,TV+ Yok,Yıllık,Sürekli Lig,Canlı İzle,İzleme,Takım,Jenerik,Türkçe,Body,tk_izle,20,LOW,5,,,,evet,10,0,20,10,10,20,20,30,10,10,50,30,20,10,10,20,10,40,40,20,10,10,20,30,10,0,40,30,10,70,140,hayır
everton fikstür,Premier Lig,Futbol,Lig,1. Seviye,Global Elit,Erkek,Kulüp,Takım Sporu,İngiltere,Yabancı,Yok,TV+ Yok,Yıllık,Sürekli Lig,Fikstür,Bilgi,Takım,Jenerik,Türkçe,Head,tk_fikstur,40,LOW,0,,,,evet,10,10,40,30,30,90,50,40,40,30,30,20,10,10,20,30,10,40,30,70,20,10,30,30,10,10,20,70,20,50,50,hayır
everton puan durumu,Premier Lig,Futbol,Lig,1. Seviye,Global Elit,Erkek,Kulüp,Takım Sporu,İngiltere,Yabancı,Yok,TV+ Yok,Yıllık,Sürekli Lig,Puan Durumu,Bilgi,Takım,Jenerik,İngilizce,Body,tk_pd,9900,LOW,0,,,,evet,1600,1000,27100,9900,14800,12100,14800,14800,8100,8100,8100,6600,1600,1900,9900,9900,6600,22200,12100,22200,5400,6600,5400,3600,880,590,1900,3600,1000,1600,1900,hayır
everton kadro,Premier Lig,Futbol,Lig,1. Seviye,Global Elit,Erkek,Kulüp,Takım Sporu,İngiltere,Yabancı,Yok,TV+ Yok,Yıllık,Sürekli Lig,Kadro,Bilgi,Takım,Jenerik,İngilizce,Head,tk_kadro,320,LOW,0,,,,evet,320,170,320,170,320,260,590,320,260,260,390,480,260,170,210,260,170,320,260,320,210,210,260,390,320,260,320,390,260,320,390,hayır
everton oyuncuları,Premier Lig,Futbol,Lig,1. Seviye,Global Elit,Erkek,Kulüp,Takım Sporu,İngiltere,Yabancı,Yok,TV+ Yok,Yıllık,Sürekli Lig,Kadro,Bilgi,Takım,Jenerik,Türkçe,Head,tk_oyuncu,2900,LOW,0,,,,evet,1000,1000,3600,2400,2900,2900,5400,2400,2400,2400,2900,3600,1300,1300,1900,1900,1600,2900,2400,2900,1300,1600,1900,1900,590,480,390,480,320,320,390,hayır
everton transfer,Premier Lig,Futbol,Lig,1. Seviye,Global Elit,Erkek,Kulüp,Takım Sporu,İngiltere,Yabancı,Yok,TV+ Yok,Yıllık,Sürekli Lig,Transfer,Bilgi,Takım,Jenerik,İngilizce,Head,tk_transfer,720,LOW,1,,0.36,2.2,evet,590,210,590,320,590,480,1600,590,480,480,1000,1600,720,480,480,390,320,720,720,880,480,720,880,1600,1300,880,880,1000,720,1300,1300,hayır
everton,Premier Lig,Futbol,Lig,1. Seviye,Global Elit,Erkek,Kulüp,Takım Sporu,İngiltere,Yabancı,Yok,TV+ Yok,Yıllık,Sürekli Lig,Takım Jenerik,Bilgi,Takım,Jenerik,İngilizce,Head,tk_jen,60500,LOW,2,0.44,0.25,0.98,evet,14800,8100,74000,33100,60500,74000,90500,74000,60500,49500,74000,74000,18100,12100,40500,49500,33100,90500,74000,90500,27100,40500,33100,40500,14800,12100,60500,90500,27100,90500,110000,hayır
west ham maçı,Premier Lig,Futbol,Lig,1. Seviye,Global Elit,Erkek,Kulüp,Takım Sporu,İngiltere,Yabancı,Yok,TV+ Yok,Yıllık,Sürekli Lig,Takım Maç Sorgusu,Bilgi,Takım,Jenerik,Türkçe,Body,tk_mac,1000,LOW,1,,,,evet,210,10,1300,1900,1000,1900,1600,1600,590,1000,590,1000,170,30,1000,1300,1000,1600,880,3600,1300,480,260,720,390,30,390,2400,2400,3600,2900,hayır
west ham maçı ne zaman,Premier Lig,Futbol,Lig,1. Seviye,Global Elit,Erkek,Kulüp,Takım Sporu,İngiltere,Yabancı,Yok,TV+ Yok,Yıllık,Sürekli Lig,Takvim/Saat,Bilgi,Takım,Jenerik,Türkçe,Long-tail,tk_nezaman,10,LOW,0,,,,evet,10,10,50,0,0,0,0,0,0,0,0,0,0,0,0,0,0,0,0,0,0,0,0,0,0,0,0,0,0,0,0,hayır
west ham maçı hangi kanalda,Premier Lig,Futbol,Lig,1. Seviye,Global Elit,Erkek,Kulüp,Takım Sporu,İngiltere,Yabancı,Yok,TV+ Yok,Yıllık,Sürekli Lig,Kanal/Yayın,İzleme,Takım,Jenerik,Türkçe,Long-tail,tk_kanal,90,LOW,2,,,,evet,10,0,110,140,170,140,140,50,50,50,30,140,10,0,30,50,40,50,40,170,70,90,30,140,30,10,50,110,210,480,480,hayır
west ham canlı izle,Premier Lig,Futbol,Lig,1. Seviye,Global Elit,Erkek,Kulüp,Takım Sporu,İngiltere,Yabancı,Yok,TV+ Yok,Yıllık,Sürekli Lig,Canlı İzle,İzleme,Takım,Jenerik,Türkçe,Body,tk_izle,20,LOW,6,,,,evet,10,0,30,20,30,20,70,30,30,10,10,20,10,0,10,10,10,10,10,50,30,10,10,30,20,0,10,50,90,210,170,hayır
west ham fikstür,Premier Lig,Futbol,Lig,1. Seviye,Global Elit,Erkek,Kulüp,Takım Sporu,İngiltere,Yabancı,Yok,TV+ Yok,Yıllık,Sürekli Lig,Fikstür,Bilgi,Takım,Jenerik,Türkçe,Body,tk_fikstur,70,LOW,1,,,,evet,10,10,390,210,50,70,50,30,20,30,30,40,10,10,10,20,20,30,20,50,30,30,40,30,10,10,20,50,50,40,50,hayır
west ham puan durumu,Premier Lig,Futbol,Lig,1. Seviye,Global Elit,Erkek,Kulüp,Takım Sporu,İngiltere,Yabancı,Yok,TV+ Yok,Yıllık,Sürekli Lig,Puan Durumu,Bilgi,Takım,Jenerik,İngilizce,Body,tk_pd,140,LOW,0,,,,evet,10,10,260,260,260,170,210,140,70,110,30,140,30,10,90,140,70,110,50,260,140,50,70,70,20,20,110,480,480,320,390,hayır
west ham kadro,Premier Lig,Futbol,Lig,1. Seviye,Global Elit,Erkek,Kulüp,Takım Sporu,İngiltere,Yabancı,Yok,TV+ Yok,Yıllık,Sürekli Lig,Kadro,Bilgi,Takım,Jenerik,İngilizce,Body,tk_kadro,320,LOW,0,,,,evet,260,210,880,210,210,390,390,210,140,210,260,480,320,170,210,210,170,210,260,320,260,260,390,720,260,390,390,390,390,390,480,hayır
west ham oyuncuları,Premier Lig,Futbol,Lig,1. Seviye,Global Elit,Erkek,Kulüp,Takım Sporu,İngiltere,Yabancı,Yok,TV+ Yok,Yıllık,Sürekli Lig,Kadro,Bilgi,Takım,Jenerik,Türkçe,Body,tk_oyuncu,70,LOW,0,,,,evet,50,70,170,50,70,140,90,50,40,50,40,90,70,70,70,50,70,50,50,50,70,40,40,70,50,90,90,90,90,70,110,hayır
west ham transfer,Premier Lig,Futbol,Lig,1. Seviye,Global Elit,Erkek,Kulüp,Takım Sporu,İngiltere,Yabancı,Yok,TV+ Yok,Yıllık,Sürekli Lig,Transfer,Bilgi,Takım,Jenerik,İngilizce,Body,tk_transfer,140,LOW,4,0.27,0.39,0.55,evet,140,110,50,10,20,90,320,30,30,30,260,720,480,210,70,70,40,70,110,40,50,70,210,1300,390,880,260,30,30,40,50,hayır
west ham,Premier Lig,Futbol,Lig,1. Seviye,Global Elit,Erkek,Kulüp,Takım Sporu,İngiltere,Yabancı,Yok,TV+ Yok,Yıllık,Sürekli Lig,Takım Jenerik,Bilgi,Takım,Jenerik,İngilizce,Head,tk_jen,60500,LOW,1,0.74,0.26,1.24,evet,14800,12100,135000,74000,49500,90500,74000,49500,27100,40500,33100,60500,22200,9900,33100,40500,40500,49500,40500,110000,40500,27100,22200,49500,14800,12100,40500,90500,90500,110000,110000,hayır
bayern münih maçı,Bundesliga,Futbol,Lig,1. Seviye,Üst,Erkek,Kulüp,Takım Sporu,Almanya,Yabancı,Yok,TV+ Yok,Yıllık,Sürekli Lig,Takım Maç Sorgusu,Bilgi,Takım,Jenerik,Türkçe,Body,tk_mac,40500,LOW,1,0.09,0.04,0.25,evet,12100,3600,74000,110000,60500,27100,49500,33100,49500,33100,27100,22200,12100,60500,74000,60500,40500,49500,40500,40500,49500,49500,49500,27100,22200,3600,14800,27100,22200,40500,18100,hayır
bayern münih maçı ne zaman,Bundesliga,Futbol,Lig,1. Seviye,Üst,Erkek,Kulüp,Takım Sporu,Almanya,Yabancı,Yok,TV+ Yok,Yıllık,Sürekli Lig,Takvim/Saat,Bilgi,Takım,Jenerik,Türkçe,Long-tail,tk_nezaman,880,LOW,1,,,,evet,210,110,2400,1900,880,720,720,720,590,480,590,590,590,1300,480,880,720,1000,880,880,1000,880,720,590,320,260,1300,1900,1600,2900,2400,hayır
bayern münih maçı hangi kanalda,Bundesliga,Futbol,Lig,1. Seviye,Üst,Erkek,Kulüp,Takım Sporu,Almanya,Yabancı,Yok,TV+ Yok,Yıllık,Sürekli Lig,Kanal/Yayın,İzleme,Takım,Jenerik,Türkçe,Long-tail,tk_kanal,3600,LOW,3,0.24,,,evet,480,50,9900,14800,1600,880,1600,4400,2900,1300,2900,2400,480,6600,480,4400,1900,4400,2400,2400,5400,3600,1900,1600,320,50,1600,4400,2900,8100,1300,hayır
bayern münih canlı izle,Bundesliga,Futbol,Lig,1. Seviye,Üst,Erkek,Kulüp,Takım Sporu,Almanya,Yabancı,Yok,TV+ Yok,Yıllık,Sürekli Lig,Canlı İzle,İzleme,Takım,Jenerik,Türkçe,Body,tk_izle,210,LOW,11,,,,evet,30,10,260,480,170,70,140,480,260,140,210,320,40,260,50,170,140,320,390,320,390,260,260,260,30,10,110,390,320,720,170,hayır
bayern münih fikstür,Bundesliga,Futbol,Lig,1. Seviye,Üst,Erkek,Kulüp,Takım Sporu,Almanya,Yabancı,Yok,TV+ Yok,Yıllık,Sürekli Lig,Fikstür,Bilgi,Takım,Jenerik,Türkçe,Body,tk_fikstur,260,LOW,7,,0.04,0.49,evet,140,30,260,480,320,320,320,260,320,320,320,260,110,320,210,260,260,260,260,260,320,320,320,260,90,70,210,320,480,1000,880,hayır
bayern münih puan durumu,Bundesliga,Futbol,Lig,1. Seviye,Üst,Erkek,Kulüp,Takım Sporu,Almanya,Yabancı,Yok,TV+ Yok,Yıllık,Sürekli Lig,Puan Durumu,Bilgi,Takım,Jenerik,Türkçe,Body,tk_pd,74000,LOW,0,,,,evet,9900,6600,135000,201000,90500,74000,110000,60500,110000,60500,40500,22200,8100,40500,246000,110000,90500,74000,74000,90500,74000,74000,74000,27100,5400,2900,12100,18100,18100,22200,12100,hayır
bayern münih kadro,Bundesliga,Futbol,Lig,1. Seviye,Üst,Erkek,Kulüp,Takım Sporu,Almanya,Yabancı,Yok,TV+ Yok,Yıllık,Sürekli Lig,Kadro,Bilgi,Takım,Jenerik,Türkçe,Body,tk_kadro,2900,LOW,0,,0.18,0.49,evet,3600,2900,6600,6600,4400,1900,2400,1600,1900,1600,1600,1900,2400,3600,1600,2400,1900,1900,1900,1900,2400,2400,2900,2900,3600,5400,6600,8100,5400,8100,14800,hayır
bayern münih oyuncuları,Bundesliga,Futbol,Lig,1. Seviye,Üst,Erkek,Kulüp,Takım Sporu,Almanya,Yabancı,Yok,TV+ Yok,Yıllık,Sürekli Lig,Kadro,Bilgi,Takım,Jenerik,Türkçe,Body,tk_oyuncu,27100,LOW,0,,,,evet,18100,12100,33100,49500,33100,22200,22200,18100,27100,18100,18100,18100,22200,49500,18100,22200,18100,18100,18100,14800,22200,22200,27100,22200,12100,6600,8100,8100,6600,9900,18100,hayır
bayern münih transfer,Bundesliga,Futbol,Lig,1. Seviye,Üst,Erkek,Kulüp,Takım Sporu,Almanya,Yabancı,Yok,TV+ Yok,Yıllık,Sürekli Lig,Transfer,Bilgi,Takım,Jenerik,Türkçe,Body,tk_transfer,590,LOW,0,,,,evet,1900,720,320,390,260,210,320,110,210,260,880,1600,1300,1000,260,170,140,320,390,210,170,320,720,1600,1600,590,320,260,210,720,2900,hayır
bayern münih,Bundesliga,Futbol,Lig,1. Seviye,Üst,Erkek,Kulüp,Takım Sporu,Almanya,Yabancı,Yok,TV+ Yok,Yıllık,Sürekli Lig,Takım Jenerik,Bilgi,Takım,Jenerik,Türkçe,Head,tk_jen,450000,LOW,1,0.22,0.1,0.45,evet,135000,60500,1000000,1220000,673000,301000,450000,368000,450000,368000,368000,301000,201000,673000,450000,673000,450000,550000,368000,450000,550000,450000,550000,301000,165000,90500,550000,1000000,673000,1220000,550000,hayır
borussia dortmund maçı,Bundesliga,Futbol,Lig,1. Seviye,Üst,Erkek,Kulüp,Takım Sporu,Almanya,Yabancı,Yok,TV+ Yok,Yıllık,Sürekli Lig,Takım Maç Sorgusu,Bilgi,Takım,Jenerik,Türkçe,Body,tk_mac,8100,LOW,1,,0.05,1.09,evet,1600,1300,5400,8100,5400,22200,12100,9900,9900,14800,8100,4400,6600,8100,8100,18100,14800,18100,27100,18100,33100,49500,40500,18100,2400,4400,8100,9900,4400,5400,2900,hayır
borussia dortmund maçı ne zaman,Bundesliga,Futbol,Lig,1. Seviye,Üst,Erkek,Kulüp,Takım Sporu,Almanya,Yabancı,Yok,TV+ Yok,Yıllık,Sürekli Lig,Takvim/Saat,Bilgi,Takım,Jenerik,Türkçe,Long-tail,tk_nezaman,70,LOW,2,,,,evet,10,10,50,50,70,110,90,110,70,90,110,110,140,170,90,170,140,140,170,170,170,170,140,110,40,140,590,140,110,90,70,hayır
borussia dortmund maçı hangi kanalda,Bundesliga,Futbol,Lig,1. Seviye,Üst,Erkek,Kulüp,Takım Sporu,Almanya,Yabancı,Yok,TV+ Yok,Yıllık,Sürekli Lig,Kanal/Yayın,İzleme,Takım,Jenerik,Türkçe,Long-tail,tk_kanal,210,LOW,6,,,,evet,20,10,170,110,50,480,260,210,140,590,260,260,480,720,90,880,880,1300,880,390,880,1300,720,260,140,880,1300,880,320,320,140,hayır
borussia dortmund canlı izle,Bundesliga,Futbol,Lig,1. Seviye,Üst,Erkek,Kulüp,Takım Sporu,Almanya,Yabancı,Yok,TV+ Yok,Yıllık,Sürekli Lig,Canlı İzle,İzleme,Takım,Jenerik,Türkçe,Body,tk_izle,50,LOW,6,,,,evet,10,0,40,30,20,90,50,90,30,110,50,40,20,70,10,30,70,90,40,30,70,210,70,50,20,140,90,50,40,70,30,hayır
borussia dortmund fikstür,Bundesliga,Futbol,Lig,1. Seviye,Üst,Erkek,Kulüp,Takım Sporu,Almanya,Yabancı,Yok,TV+ Yok,Yıllık,Sürekli Lig,Fikstür,Bilgi,Takım,Jenerik,Türkçe,Body,tk_fikstur,20,LOW,27,0.25,,,evet,10,10,10,10,20,30,20,30,20,30,20,10,10,10,20,30,40,30,40,40,70,90,70,40,20,10,50,30,20,20,20,hayır
borussia dortmund puan durumu,Bundesliga,Futbol,Lig,1. Seviye,Üst,Erkek,Kulüp,Takım Sporu,Almanya,Yabancı,Yok,TV+ Yok,Yıllık,Sürekli Lig,Puan Durumu,Bilgi,Takım,Jenerik,İngilizce,Body,tk_pd,22200,LOW,0,,,,evet,3600,2900,22200,33100,18100,40500,33100,22200,27100,27100,18100,8100,6600,12100,27100,40500,33100,40500,90500,74000,110000,135000,90500,27100,1600,3600,9900,14800,9900,8100,5400,hayır
borussia dortmund kadro,Bundesliga,Futbol,Lig,1. Seviye,Üst,Erkek,Kulüp,Takım Sporu,Almanya,Yabancı,Yok,TV+ Yok,Yıllık,Sürekli Lig,Kadro,Bilgi,Takım,Jenerik,İngilizce,Body,tk_kadro,170,LOW,1,,,,evet,140,140,210,110,140,260,170,110,90,170,210,170,210,320,140,260,170,170,210,170,210,390,320,260,260,1300,1900,590,320,260,320,hayır
borussia dortmund oyuncuları,Bundesliga,Futbol,Lig,1. Seviye,Üst,Erkek,Kulüp,Takım Sporu,Almanya,Yabancı,Yok,TV+ Yok,Yıllık,Sürekli Lig,Kadro,Bilgi,Takım,Jenerik,Türkçe,Body,tk_oyuncu,8100,LOW,0,0.3,,,evet,5400,6600,12100,8100,6600,12100,9900,6600,8100,9900,9900,8100,14800,18100,6600,12100,12100,12100,12100,9900,12100,22200,14800,12100,4400,9900,9900,6600,3600,3600,3600,hayır
borussia dortmund transfer,Bundesliga,Futbol,Lig,1. Seviye,Üst,Erkek,Kulüp,Takım Sporu,Almanya,Yabancı,Yok,TV+ Yok,Yıllık,Sürekli Lig,Transfer,Bilgi,Takım,Jenerik,İngilizce,Body,tk_transfer,50,LOW,0,,,,evet,70,50,30,30,20,50,40,10,20,50,90,140,110,140,30,20,20,40,70,40,20,70,110,210,210,140,90,70,30,50,90,hayır
borussia dortmund,Bundesliga,Futbol,Lig,1. Seviye,Üst,Erkek,Kulüp,Takım Sporu,Almanya,Yabancı,Yok,TV+ Yok,Yıllık,Sürekli Lig,Takım Jenerik,Bilgi,Takım,Jenerik,İngilizce,Head,tk_jen,135000,LOW,2,0.94,0.14,0.7,evet,40500,22200,90500,110000,74000,201000,301000,165000,246000,201000,135000,60500,90500,110000,90500,165000,135000,165000,246000,165000,246000,368000,201000,110000,49500,165000,368000,246000,135000,135000,90500,hayır
bayer leverkusen maçı,Bundesliga,Futbol,Lig,1. Seviye,Üst,Erkek,Kulüp,Takım Sporu,Almanya,Yabancı,Yok,TV+ Yok,Yıllık,Sürekli Lig,Takım Maç Sorgusu,Bilgi,Takım,Jenerik,Türkçe,Body,tk_mac,720,LOW,6,,,,evet,110,50,390,590,1000,1600,1300,880,590,880,1000,480,140,110,590,1300,1300,1000,1600,1000,880,1300,1000,880,260,210,5400,3600,2900,1900,1000,hayır
bayer leverkusen maçı ne zaman,Bundesliga,Futbol,Lig,1. Seviye,Üst,Erkek,Kulüp,Takım Sporu,Almanya,Yabancı,Yok,TV+ Yok,Yıllık,Sürekli Lig,Takvim/Saat,Bilgi,Takım,Jenerik,Türkçe,Long-tail,tk_nezaman,20,LOW,0,,,,evet,10,10,20,30,30,30,40,20,20,20,30,20,10,10,30,30,30,40,30,40,30,40,50,50,0,0,0,0,0,0,0,hayır
bayer leverkusen maçı hangi kanalda,Bundesliga,Futbol,Lig,1. Seviye,Üst,Erkek,Kulüp,Takım Sporu,Almanya,Yabancı,Yok,TV+ Yok,Yıllık,Sürekli Lig,Kanal/Yayın,İzleme,Takım,Jenerik,Türkçe,Long-tail,tk_kanal,90,LOW,0,,,,evet,10,0,20,40,170,170,50,90,50,140,210,90,10,10,30,140,210,170,260,260,260,590,390,390,20,10,1600,590,390,480,210,hayır
bayer leverkusen canlı izle,Bundesliga,Futbol,Lig,1. Seviye,Üst,Erkek,Kulüp,Takım Sporu,Almanya,Yabancı,Yok,TV+ Yok,Yıllık,Sürekli Lig,Canlı İzle,İzleme,Takım,Jenerik,Türkçe,Body,tk_izle,30,LOW,0,,,,evet,10,0,10,10,50,70,50,20,20,50,50,30,10,0,10,10,30,20,20,10,20,210,50,40,10,0,40,110,90,90,20,hayır
bayer leverkusen fikstür,Bundesliga,Futbol,Lig,1. Seviye,Üst,Erkek,Kulüp,Takım Sporu,Almanya,Yabancı,Yok,TV+ Yok,Yıllık,Sürekli Lig,Fikstür,Bilgi,Takım,Jenerik,Türkçe,Body,tk_fikstur,10,,,,,,evet,0,10,10,10,20,10,20,20,20,10,20,10,10,10,20,10,30,20,20,10,20,40,40,20,10,10,170,210,110,140,0,hayır
bayer leverkusen puan durumu,Bundesliga,Futbol,Lig,1. Seviye,Üst,Erkek,Kulüp,Takım Sporu,Almanya,Yabancı,Yok,TV+ Yok,Yıllık,Sürekli Lig,Puan Durumu,Bilgi,Takım,Jenerik,İngilizce,Body,tk_pd,110,LOW,0,,,,evet,10,10,90,110,260,170,320,140,140,90,110,20,10,20,140,70,70,140,170,140,170,210,110,140,30,40,720,880,590,590,260,hayır
bayer leverkusen kadro,Bundesliga,Futbol,Lig,1. Seviye,Üst,Erkek,Kulüp,Takım Sporu,Almanya,Yabancı,Yok,TV+ Yok,Yıllık,Sürekli Lig,Kadro,Bilgi,Takım,Jenerik,İngilizce,Body,tk_kadro,110,LOW,3,,,,evet,110,70,90,110,210,90,110,70,90,90,170,170,210,260,210,170,210,170,260,170,210,210,260,320,320,590,1300,1000,590,720,320,hayır
bayer leverkusen oyuncuları,Bundesliga,Futbol,Lig,1. Seviye,Üst,Erkek,Kulüp,Takım Sporu,Almanya,Yabancı,Yok,TV+ Yok,Yıllık,Sürekli Lig,Kadro,Bilgi,Takım,Jenerik,Türkçe,Body,tk_oyuncu,70,LOW,1,,,,evet,50,50,70,70,90,50,70,40,70,50,110,170,110,170,140,110,90,70,110,70,70,90,90,110,140,170,390,320,170,170,90,hayır
bayer leverkusen transfer,Bundesliga,Futbol,Lig,1. Seviye,Üst,Erkek,Kulüp,Takım Sporu,Almanya,Yabancı,Yok,TV+ Yok,Yıllık,Sürekli Lig,Transfer,Bilgi,Takım,Jenerik,İngilizce,Body,tk_transfer,40,LOW,0,,,,evet,20,20,10,20,10,10,20,10,10,20,110,140,110,140,40,10,30,50,50,20,20,30,40,170,90,50,70,50,20,50,30,hayır
bayer leverkusen,Bundesliga,Futbol,Lig,1. Seviye,Üst,Erkek,Kulüp,Takım Sporu,Almanya,Yabancı,Yok,TV+ Yok,Yıllık,Sürekli Lig,Takım Jenerik,Bilgi,Takım,Jenerik,İngilizce,Head,tk_jen,33100,LOW,3,0.71,0.27,0.84,evet,5400,3600,18100,27100,49500,60500,40500,33100,27100,40500,60500,27100,22200,12100,40500,49500,60500,60500,60500,60500,60500,90500,74000,74000,18100,18100,450000,368000,246000,246000,90500,hayır
rb leipzig maçı,Bundesliga,Futbol,Lig,1. Seviye,Üst,Erkek,Kulüp,Takım Sporu,Almanya,Yabancı,Yok,TV+ Yok,Yıllık,Sürekli Lig,Takım Maç Sorgusu,Bilgi,Takım,Jenerik,Türkçe,Body,tk_mac,2400,LOW,0,,,,evet,390,210,1300,1900,2900,2400,2900,3600,2900,3600,3600,2400,390,590,1900,2900,1900,3600,8100,5400,6600,6600,4400,1600,320,140,590,590,1000,1000,590,hayır
rb leipzig maçı ne zaman,Bundesliga,Futbol,Lig,1. Seviye,Üst,Erkek,Kulüp,Takım Sporu,Almanya,Yabancı,Yok,TV+ Yok,Yıllık,Sürekli Lig,Takvim/Saat,Bilgi,Takım,Jenerik,Türkçe,Long-tail,tk_nezaman,,,,,,,hayir,,,,,,,,,,,,,,,,,,,,,,,,,,,,,,,,hayır
rb leipzig maçı hangi kanalda,Bundesliga,Futbol,Lig,1. Seviye,Üst,Erkek,Kulüp,Takım Sporu,Almanya,Yabancı,Yok,TV+ Yok,Yıllık,Sürekli Lig,Kanal/Yayın,İzleme,Takım,Jenerik,Türkçe,Long-tail,tk_kanal,10,LOW,7,,,,evet,10,0,10,10,10,10,10,10,0,10,10,10,10,0,10,0,10,10,10,10,10,10,10,10,0,0,10,10,10,50,0,hayır
rb leipzig canlı izle,Bundesliga,Futbol,Lig,1. Seviye,Üst,Erkek,Kulüp,Takım Sporu,Almanya,Yabancı,Yok,TV+ Yok,Yıllık,Sürekli Lig,Canlı İzle,İzleme,Takım,Jenerik,Türkçe,Body,tk_izle,10,,,,,,evet,0,0,0,0,10,0,10,10,10,0,10,10,0,10,0,10,10,10,0,10,10,50,10,10,0,0,10,10,10,20,10,hayır
rb leipzig fikstür,Bundesliga,Futbol,Lig,1. Seviye,Üst,Erkek,Kulüp,Takım Sporu,Almanya,Yabancı,Yok,TV+ Yok,Yıllık,Sürekli Lig,Fikstür,Bilgi,Takım,Jenerik,Türkçe,Body,tk_fikstur,10,LOW,0,,,,evet,10,10,10,10,10,10,10,10,0,10,10,10,10,10,10,0,10,10,10,20,10,10,10,10,10,10,10,10,10,0,0,hayır
rb leipzig puan durumu,Bundesliga,Futbol,Lig,1. Seviye,Üst,Erkek,Kulüp,Takım Sporu,Almanya,Yabancı,Yok,TV+ Yok,Yıllık,Sürekli Lig,Puan Durumu,Bilgi,Takım,Jenerik,İngilizce,Body,tk_pd,8100,LOW,0,,,,evet,1300,1600,8100,9900,12100,8100,9900,12100,9900,9900,8100,6600,1300,2900,8100,9900,8100,9900,18100,14800,14800,14800,9900,2400,720,590,1900,1900,2900,3600,2400,hayır
rb leipzig kadro,Bundesliga,Futbol,Lig,1. Seviye,Üst,Erkek,Kulüp,Takım Sporu,Almanya,Yabancı,Yok,TV+ Yok,Yıllık,Sürekli Lig,Kadro,Bilgi,Takım,Jenerik,İngilizce,Body,tk_kadro,30,LOW,0,,,,evet,40,20,30,20,20,10,20,30,20,40,20,50,30,20,20,20,40,40,70,70,70,70,70,70,40,50,50,40,50,110,90,hayır
rb leipzig oyuncuları,Bundesliga,Futbol,Lig,1. Seviye,Üst,Erkek,Kulüp,Takım Sporu,Almanya,Yabancı,Yok,TV+ Yok,Yıllık,Sürekli Lig,Kadro,Bilgi,Takım,Jenerik,Türkçe,Body,tk_oyuncu,2900,LOW,0,,,,evet,1300,1300,2900,2400,2400,2400,2900,3600,2900,3600,3600,6600,1900,2400,2400,1900,2400,2400,4400,3600,3600,4400,3600,2900,1000,720,720,1000,1000,1000,720,hayır
rb leipzig transfer,Bundesliga,Futbol,Lig,1. Seviye,Üst,Erkek,Kulüp,Takım Sporu,Almanya,Yabancı,Yok,TV+ Yok,Yıllık,Sürekli Lig,Transfer,Bilgi,Takım,Jenerik,İngilizce,Body,tk_transfer,110,LOW,1,,,,evet,140,50,40,30,40,40,70,40,40,70,210,480,210,70,40,30,30,30,40,20,30,50,70,170,90,50,50,30,50,110,140,hayır
rb leipzig,Bundesliga,Futbol,Lig,1. Seviye,Üst,Erkek,Kulüp,Takım Sporu,Almanya,Yabancı,Yok,TV+ Yok,Yıllık,Sürekli Lig,Takım Jenerik,Bilgi,Takım,Jenerik,İngilizce,Head,tk_jen,27100,LOW,2,0.23,0.19,1.49,evet,8100,12100,27100,33100,22200,22200,27100,33100,33100,40500,27100,27100,9900,12100,27100,27100,18100,22200,60500,40500,60500,49500,33100,14800,9900,8100,27100,27100,40500,40500,22200,hayır
eintracht frankfurt maçı,Bundesliga,Futbol,Lig,1. Seviye,Üst,Erkek,Kulüp,Takım Sporu,Almanya,Yabancı,Yok,TV+ Yok,Yıllık,Sürekli Lig,Takım Maç Sorgusu,Bilgi,Takım,Jenerik,Türkçe,Body,tk_mac,50,LOW,1,,,,evet,20,10,10,10,40,40,70,20,70,110,170,20,10,10,20,50,50,70,40,90,90,210,110,20,10,10,10,40,90,50,20,hayır
eintracht frankfurt maçı ne zaman,Bundesliga,Futbol,Lig,1. Seviye,Üst,Erkek,Kulüp,Takım Sporu,Almanya,Yabancı,Yok,TV+ Yok,Yıllık,Sürekli Lig,Takvim/Saat,Bilgi,Takım,Jenerik,Türkçe,Long-tail,tk_nezaman,,,,,,,hayir,,,,,,,,,,,,,,,,,,,,,,,,,,,,,,,,hayır
eintracht frankfurt maçı hangi kanalda,Bundesliga,Futbol,Lig,1. Seviye,Üst,Erkek,Kulüp,Takım Sporu,Almanya,Yabancı,Yok,TV+ Yok,Yıllık,Sürekli Lig,Kanal/Yayın,İzleme,Takım,Jenerik,Türkçe,Long-tail,tk_kanal,70,LOW,4,0.18,,,evet,70,0,10,10,10,10,10,10,20,90,480,20,10,0,10,10,20,10,30,10,20,50,10,0,10,0,10,10,10,10,20,hayır
eintracht frankfurt canlı izle,Bundesliga,Futbol,Lig,1. Seviye,Üst,Erkek,Kulüp,Takım Sporu,Almanya,Yabancı,Yok,TV+ Yok,Yıllık,Sürekli Lig,Canlı İzle,İzleme,Takım,Jenerik,Türkçe,Body,tk_izle,30,LOW,14,,,,evet,30,0,10,0,10,10,20,10,40,50,210,20,10,0,10,10,10,10,10,30,10,10,10,10,0,0,10,10,10,10,10,hayır
eintracht frankfurt fikstür,Bundesliga,Futbol,Lig,1. Seviye,Üst,Erkek,Kulüp,Takım Sporu,Almanya,Yabancı,Yok,TV+ Yok,Yıllık,Sürekli Lig,Fikstür,Bilgi,Takım,Jenerik,Türkçe,Body,tk_fikstur,20,LOW,0,,,,evet,10,10,10,10,10,10,20,10,30,30,140,10,10,0,10,10,10,10,40,20,20,70,30,0,0,0,0,0,0,0,0,hayır
eintracht frankfurt puan durumu,Bundesliga,Futbol,Lig,1. Seviye,Üst,Erkek,Kulüp,Takım Sporu,Almanya,Yabancı,Yok,TV+ Yok,Yıllık,Sürekli Lig,Puan Durumu,Bilgi,Takım,Jenerik,İngilizce,Body,tk_pd,27100,LOW,0,,,,evet,5400,2900,12100,6600,9900,12100,27100,12100,18100,27100,165000,18100,1600,1900,12100,14800,18100,27100,49500,33100,40500,90500,27100,6600,720,260,480,590,590,720,320,hayır
eintracht frankfurt kadro,Bundesliga,Futbol,Lig,1. Seviye,Üst,Erkek,Kulüp,Takım Sporu,Almanya,Yabancı,Yok,TV+ Yok,Yıllık,Sürekli Lig,Kadro,Bilgi,Takım,Jenerik,İngilizce,Body,tk_kadro,140,LOW,1,,,,evet,110,20,20,20,40,20,30,20,30,30,1000,140,20,20,20,30,50,70,70,20,40,480,140,50,10,10,20,20,20,20,30,hayır
eintracht frankfurt oyuncuları,Bundesliga,Futbol,Lig,1. Seviye,Üst,Erkek,Kulüp,Takım Sporu,Almanya,Yabancı,Yok,TV+ Yok,Yıllık,Sürekli Lig,Kadro,Bilgi,Takım,Jenerik,Türkçe,Body,tk_oyuncu,12100,LOW,0,,,,evet,5400,1900,2900,2400,3600,3600,5400,3600,5400,6600,90500,12100,2400,2400,3600,6600,8100,18100,8100,4400,5400,33100,9900,4400,50,110,170,110,140,210,140,hayır
eintracht frankfurt transfer,Bundesliga,Futbol,Lig,1. Seviye,Üst,Erkek,Kulüp,Takım Sporu,Almanya,Yabancı,Yok,TV+ Yok,Yıllık,Sürekli Lig,Transfer,Bilgi,Takım,Jenerik,İngilizce,Body,tk_transfer,50,LOW,3,0.07,,,evet,50,20,10,10,10,10,50,20,10,20,210,210,210,90,30,20,10,70,30,10,10,50,30,50,10,30,10,20,10,10,10,hayır
eintracht frankfurt,Bundesliga,Futbol,Lig,1. Seviye,Üst,Erkek,Kulüp,Takım Sporu,Almanya,Yabancı,Yok,TV+ Yok,Yıllık,Sürekli Lig,Takım Jenerik,Bilgi,Takım,Jenerik,İngilizce,Head,tk_jen,135000,LOW,2,0.24,0.04,0.93,evet,49500,9900,33100,27100,33100,40500,201000,90500,135000,201000,673000,60500,14800,12100,40500,60500,74000,90500,673000,368000,450000,450000,110000,33100,9900,5400,22200,22200,22200,40500,22200,hayır
fenerbahçe beko maçı,EuroLeague,Basketbol,Kıta Turnuvası,Kıta Üstü,Global Elit,Erkek,Kulüp,Takım Sporu,Avrupa,Uluslararası,Türk Takımı Var,TV+ Var,Yıllık,Sürekli Lig,Takım Maç Sorgusu,Bilgi,Takım,Jenerik,Türkçe,Body,tk_mac,33100,LOW,5,0.3,0.07,0.28,evet,1600,40500,60500,33100,40500,60500,49500,33100,33100,40500,8100,3600,1300,40500,74000,40500,33100,33100,33100,27100,40500,27100,5400,2900,1300,18100,49500,27100,33100,22200,33100,hayır
fenerbahçe beko maçı ne zaman,EuroLeague,Basketbol,Kıta Turnuvası,Kıta Üstü,Global Elit,Erkek,Kulüp,Takım Sporu,Avrupa,Uluslararası,Türk Takımı Var,TV+ Var,Yıllık,Sürekli Lig,Takvim/Saat,Bilgi,Takım,Jenerik,Türkçe,Long-tail,tk_nezaman,1600,LOW,4,0.17,0.05,0.18,evet,210,1600,3600,1600,1900,2400,2400,1900,1600,1600,480,320,140,2400,4400,1600,1300,1300,1300,1000,1900,1000,320,260,140,720,2900,1300,1300,1000,1600,hayır
fenerbahçe beko maçı hangi kanalda,EuroLeague,Basketbol,Kıta Turnuvası,Kıta Üstü,Global Elit,Erkek,Kulüp,Takım Sporu,Avrupa,Uluslararası,Türk Takımı Var,TV+ Var,Yıllık,Sürekli Lig,Kanal/Yayın,İzleme,Takım,Jenerik,Türkçe,Long-tail,tk_kanal,8100,LOW,4,0.23,,,evet,320,12100,18100,5400,6600,12100,9900,6600,6600,12100,4400,480,320,18100,60500,12100,6600,9900,5400,5400,9900,8100,2400,210,320,12100,33100,8100,8100,8100,9900,hayır
fenerbahçe beko canlı izle,EuroLeague,Basketbol,Kıta Turnuvası,Kıta Üstü,Global Elit,Erkek,Kulüp,Takım Sporu,Avrupa,Uluslararası,Türk Takımı Var,TV+ Var,Yıllık,Sürekli Lig,Canlı İzle,İzleme,Takım,Jenerik,Türkçe,Body,tk_izle,2900,LOW,4,,,,evet,20,2900,5400,3600,2900,8100,3600,2400,1900,1900,390,70,90,3600,12100,1000,590,880,880,390,880,880,210,10,10,1000,4400,1300,1300,720,1600,hayır
fenerbahçe beko fikstür,EuroLeague,Basketbol,Kıta Turnuvası,Kıta Üstü,Global Elit,Erkek,Kulüp,Takım Sporu,Avrupa,Uluslararası,Türk Takımı Var,TV+ Var,Yıllık,Sürekli Lig,Fikstür,Bilgi,Takım,Jenerik,Türkçe,Body,tk_fikstur,5400,LOW,2,,,,evet,390,2900,4400,5400,6600,8100,8100,6600,5400,6600,2400,1300,320,3600,6600,5400,6600,5400,6600,5400,8100,6600,1900,1900,590,1300,6600,6600,8100,5400,8100,hayır
fenerbahçe beko puan durumu,EuroLeague,Basketbol,Kıta Turnuvası,Kıta Üstü,Global Elit,Erkek,Kulüp,Takım Sporu,Avrupa,Uluslararası,Türk Takımı Var,TV+ Var,Yıllık,Sürekli Lig,Puan Durumu,Bilgi,Takım,Jenerik,Türkçe,Body,tk_pd,1300,LOW,0,,,,evet,110,320,1300,1600,1900,4400,2900,1300,1300,590,110,210,90,590,1600,880,1300,3600,1300,880,880,480,70,210,260,480,1000,880,2400,2400,1600,hayır
fenerbahçe beko kadro,EuroLeague,Basketbol,Kıta Turnuvası,Kıta Üstü,Global Elit,Erkek,Kulüp,Takım Sporu,Avrupa,Uluslararası,Türk Takımı Var,TV+ Var,Yıllık,Sürekli Lig,Kadro,Bilgi,Takım,Jenerik,Türkçe,Body,tk_kadro,2900,LOW,0,0.48,0.22,0.53,evet,2900,2400,1600,1000,1600,2900,2900,1600,1600,3600,9900,1900,1300,3600,9900,1900,1600,2400,1900,1900,3600,4400,5400,3600,2400,2400,3600,1300,1600,1300,1900,hayır
fenerbahçe beko oyuncuları,EuroLeague,Basketbol,Kıta Turnuvası,Kıta Üstü,Global Elit,Erkek,Kulüp,Takım Sporu,Avrupa,Uluslararası,Türk Takımı Var,TV+ Var,Yıllık,Sürekli Lig,Kadro,Bilgi,Takım,Jenerik,Türkçe,Body,tk_oyuncu,2400,LOW,0,0.23,,,evet,1300,1900,2400,1900,2400,4400,3600,1900,1900,1900,6600,1900,1600,4400,9900,2400,2400,4400,3600,2900,4400,4400,3600,3600,5400,4400,6600,2900,4400,3600,4400,hayır
fenerbahçe beko transfer,EuroLeague,Basketbol,Kıta Turnuvası,Kıta Üstü,Global Elit,Erkek,Kulüp,Takım Sporu,Avrupa,Uluslararası,Türk Takımı Var,TV+ Var,Yıllık,Sürekli Lig,Transfer,Bilgi,Takım,Jenerik,Türkçe,Body,tk_transfer,14800,LOW,0,0.08,0.15,2.65,evet,33100,27100,6600,3600,1300,5400,40500,5400,5400,8100,22200,27100,49500,27100,9900,3600,1600,6600,33100,18100,14800,22200,18100,27100,40500,49500,9900,3600,1600,3600,8100,hayır
fenerbahçe beko,EuroLeague,Basketbol,Kıta Turnuvası,Kıta Üstü,Global Elit,Erkek,Kulüp,Takım Sporu,Avrupa,Uluslararası,Türk Takımı Var,TV+ Var,Yıllık,Sürekli Lig,Takım Jenerik,Bilgi,Takım,Jenerik,Türkçe,Head,tk_jen,1220000,LOW,1,0.5,0.09,0.56,evet,165000,1500000,1830000,1000000,1220000,1830000,1830000,1220000,1000000,1500000,550000,135000,201000,2240000,4090000,1220000,1000000,1220000,1000000,823000,1220000,1000000,246000,90500,135000,1000000,2740000,1220000,1220000,823000,1220000,hayır
anadolu efes maçı,EuroLeague,Basketbol,Kıta Turnuvası,Kıta Üstü,Global Elit,Erkek,Kulüp,Takım Sporu,Avrupa,Uluslararası,Türk Takımı Var,TV+ Var,Yıllık,Sürekli Lig,Takım Maç Sorgusu,Bilgi,Takım,Jenerik,Türkçe,Body,tk_mac,5400,LOW,16,0.18,0.05,0.21,evet,480,1600,1900,4400,6600,6600,8100,8100,12100,9900,4400,720,390,3600,8100,12100,8100,5400,8100,9900,9900,9900,1900,880,390,3600,3600,8100,8100,6600,14800,hayır
anadolu efes maçı ne zaman,EuroLeague,Basketbol,Kıta Turnuvası,Kıta Üstü,Global Elit,Erkek,Kulüp,Takım Sporu,Avrupa,Uluslararası,Türk Takımı Var,TV+ Var,Yıllık,Sürekli Lig,Takvim/Saat,Bilgi,Takım,Jenerik,Türkçe,Long-tail,tk_nezaman,210,LOW,15,0.1,,,evet,30,110,90,140,170,210,210,320,320,590,210,40,20,210,590,480,320,260,320,390,390,390,140,90,40,140,260,390,480,320,590,hayır
anadolu efes maçı hangi kanalda,EuroLeague,Basketbol,Kıta Turnuvası,Kıta Üstü,Global Elit,Erkek,Kulüp,Takım Sporu,Avrupa,Uluslararası,Türk Takımı Var,TV+ Var,Yıllık,Sürekli Lig,Kanal/Yayın,İzleme,Takım,Jenerik,Türkçe,Long-tail,tk_kanal,720,LOW,6,,,,evet,10,320,170,260,590,880,1000,1000,1600,2400,1000,10,10,720,2900,2400,880,590,880,1600,1300,1900,320,20,10,720,590,1600,1300,880,1600,hayır
anadolu efes canlı izle,EuroLeague,Basketbol,Kıta Turnuvası,Kıta Üstü,Global Elit,Erkek,Kulüp,Takım Sporu,Avrupa,Uluslararası,Türk Takımı Var,TV+ Var,Yıllık,Sürekli Lig,Canlı İzle,İzleme,Takım,Jenerik,Türkçe,Body,tk_izle,110,LOW,14,,,,evet,10,90,20,50,50,110,140,170,260,390,140,10,10,320,590,480,210,90,110,140,260,260,70,10,10,140,90,390,260,260,480,hayır
anadolu efes fikstür,EuroLeague,Basketbol,Kıta Turnuvası,Kıta Üstü,Global Elit,Erkek,Kulüp,Takım Sporu,Avrupa,Uluslararası,Türk Takımı Var,TV+ Var,Yıllık,Sürekli Lig,Fikstür,Bilgi,Takım,Jenerik,Türkçe,Body,tk_fikstur,880,LOW,5,,,,evet,90,170,320,720,880,1000,1300,1300,1300,1900,1000,320,140,480,1000,1600,1600,1000,1600,1600,1600,1900,720,390,110,390,1300,1900,1900,1600,2400,hayır
anadolu efes puan durumu,EuroLeague,Basketbol,Kıta Turnuvası,Kıta Üstü,Global Elit,Erkek,Kulüp,Takım Sporu,Avrupa,Uluslararası,Türk Takımı Var,TV+ Var,Yıllık,Sürekli Lig,Puan Durumu,Bilgi,Takım,Jenerik,İngilizce,Body,tk_pd,90,LOW,0,,,,evet,20,20,40,70,90,260,110,110,110,70,20,40,20,40,70,90,110,140,70,110,110,90,20,50,40,50,110,260,260,390,210,hayır
anadolu efes kadro,EuroLeague,Basketbol,Kıta Turnuvası,Kıta Üstü,Global Elit,Erkek,Kulüp,Takım Sporu,Avrupa,Uluslararası,Türk Takımı Var,TV+ Var,Yıllık,Sürekli Lig,Kadro,Bilgi,Takım,Jenerik,İngilizce,Body,tk_kadro,1000,LOW,1,,,,evet,720,720,480,480,590,720,1000,1000,1300,1900,4400,720,720,1000,1300,1000,880,880,1000,1300,1600,1900,2400,1000,880,1300,1000,1000,1300,1300,1900,hayır
anadolu efes oyuncuları,EuroLeague,Basketbol,Kıta Turnuvası,Kıta Üstü,Global Elit,Erkek,Kulüp,Takım Sporu,Avrupa,Uluslararası,Türk Takımı Var,TV+ Var,Yıllık,Sürekli Lig,Kadro,Bilgi,Takım,Jenerik,Türkçe,Body,tk_oyuncu,1000,LOW,1,,,,evet,720,880,880,880,1000,1300,1600,1300,1300,1600,1900,480,480,1000,1600,1300,1300,1300,1600,1900,1600,1900,1900,1900,1300,1600,1600,1900,2400,2400,2900,hayır
anadolu efes transfer,EuroLeague,Basketbol,Kıta Turnuvası,Kıta Üstü,Global Elit,Erkek,Kulüp,Takım Sporu,Avrupa,Uluslararası,Türk Takımı Var,TV+ Var,Yıllık,Sürekli Lig,Transfer,Bilgi,Takım,Jenerik,İngilizce,Body,tk_transfer,1600,LOW,1,2.47,0.4,4,evet,6600,2900,720,320,110,170,590,880,720,880,1900,2400,12100,4400,1000,210,70,170,880,260,210,390,1300,2400,5400,8100,2900,880,140,320,720,hayır
anadolu efes,EuroLeague,Basketbol,Kıta Turnuvası,Kıta Üstü,Global Elit,Erkek,Kulüp,Takım Sporu,Avrupa,Uluslararası,Türk Takımı Var,TV+ Var,Yıllık,Sürekli Lig,Takım Jenerik,Bilgi,Takım,Jenerik,İngilizce,Head,tk_jen,165000,LOW,2,0.58,0.18,1.22,evet,49500,165000,60500,110000,135000,165000,201000,246000,246000,301000,110000,33100,49500,368000,550000,550000,246000,165000,246000,246000,246000,246000,74000,27100,40500,201000,135000,246000,201000,201000,368000,hayır
beşiktaş basketbol maçı,EuroLeague,Basketbol,Kıta Turnuvası,Kıta Üstü,Global Elit,Erkek,Kulüp,Takım Sporu,Avrupa,Uluslararası,Türk Takımı Var,TV+ Var,Yıllık,Sürekli Lig,Takım Maç Sorgusu,Bilgi,Takım,Jenerik,Türkçe,Body,tk_mac,33100,LOW,5,0.16,0.05,0.22,evet,1600,135000,40500,60500,27100,40500,40500,40500,22200,18100,9900,1300,1000,90500,12100,4400,6600,18100,9900,9900,9900,12100,2400,590,480,2400,6600,22200,40500,9900,12100,hayır
beşiktaş basketbol maçı ne zaman,EuroLeague,Basketbol,Kıta Turnuvası,Kıta Üstü,Global Elit,Erkek,Kulüp,Takım Sporu,Avrupa,Uluslararası,Türk Takımı Var,TV+ Var,Yıllık,Sürekli Lig,Takvim/Saat,Bilgi,Takım,Jenerik,Türkçe,Long-tail,tk_nezaman,1900,LOW,5,0.05,0.05,0.17,evet,170,3600,1600,2900,1600,1900,2900,2900,1900,1300,480,320,110,2900,880,390,590,880,720,720,720,720,260,170,70,170,590,1600,1300,590,720,hayır
beşiktaş basketbol maçı hangi kanalda,EuroLeague,Basketbol,Kıta Turnuvası,Kıta Üstü,Global Elit,Erkek,Kulüp,Takım Sporu,Avrupa,Uluslararası,Türk Takımı Var,TV+ Var,Yıllık,Sürekli Lig,Kanal/Yayın,İzleme,Takım,Jenerik,Türkçe,Long-tail,tk_kanal,5400,LOW,3,0.41,,,evet,170,8100,3600,9900,2900,3600,8100,9900,5400,6600,1300,320,110,6600,1600,590,1000,2400,1300,1900,1900,1600,390,30,30,170,590,3600,6600,1000,2400,hayır
beşiktaş basketbol canlı izle,EuroLeague,Basketbol,Kıta Turnuvası,Kıta Üstü,Global Elit,Erkek,Kulüp,Takım Sporu,Avrupa,Uluslararası,Türk Takımı Var,TV+ Var,Yıllık,Sürekli Lig,Canlı İzle,İzleme,Takım,Jenerik,Türkçe,Body,tk_izle,140,LOW,0,,,,evet,10,590,140,140,70,110,210,260,170,140,30,10,10,590,90,10,10,110,10,20,50,70,30,0,10,10,30,110,260,30,70,hayır
beşiktaş basketbol fikstür,EuroLeague,Basketbol,Kıta Turnuvası,Kıta Üstü,Global Elit,Erkek,Kulüp,Takım Sporu,Avrupa,Uluslararası,Türk Takımı Var,TV+ Var,Yıllık,Sürekli Lig,Fikstür,Bilgi,Takım,Jenerik,Türkçe,Body,tk_fikstur,1000,LOW,4,,0.11,0.23,evet,140,1000,1000,1300,1000,1000,1600,1900,1300,880,390,260,70,880,720,720,390,720,720,480,590,590,260,210,30,50,390,720,1000,720,880,hayır
beşiktaş basketbol puan durumu,EuroLeague,Basketbol,Kıta Turnuvası,Kıta Üstü,Global Elit,Erkek,Kulüp,Takım Sporu,Avrupa,Uluslararası,Türk Takımı Var,TV+ Var,Yıllık,Sürekli Lig,Puan Durumu,Bilgi,Takım,Jenerik,Türkçe,Body,tk_pd,880,LOW,0,,,,evet,90,320,880,1000,880,2400,1300,1600,880,390,110,140,40,590,720,390,320,1300,320,320,170,210,40,90,90,70,320,480,880,1300,880,hayır
beşiktaş basketbol kadro,EuroLeague,Basketbol,Kıta Turnuvası,Kıta Üstü,Global Elit,Erkek,Kulüp,Takım Sporu,Avrupa,Uluslararası,Türk Takımı Var,TV+ Var,Yıllık,Sürekli Lig,Kadro,Bilgi,Takım,Jenerik,Türkçe,Body,tk_kadro,590,LOW,1,,,,evet,720,880,320,480,390,480,480,480,590,480,1000,320,320,1600,390,170,140,390,210,210,260,480,480,170,140,170,210,260,480,260,390,hayır
beşiktaş basketbol oyuncuları,EuroLeague,Basketbol,Kıta Turnuvası,Kıta Üstü,Global Elit,Erkek,Kulüp,Takım Sporu,Avrupa,Uluslararası,Türk Takımı Var,TV+ Var,Yıllık,Sürekli Lig,Kadro,Bilgi,Takım,Jenerik,Türkçe,Body,tk_oyuncu,320,LOW,2,,,,evet,140,590,210,320,320,390,320,320,320,260,480,170,170,1000,320,210,110,390,320,210,170,210,110,90,140,140,260,170,320,210,260,hayır
beşiktaş basketbol transfer,EuroLeague,Basketbol,Kıta Turnuvası,Kıta Üstü,Global Elit,Erkek,Kulüp,Takım Sporu,Avrupa,Uluslararası,Türk Takımı Var,TV+ Var,Yıllık,Sürekli Lig,Transfer,Bilgi,Takım,Jenerik,Türkçe,Body,tk_transfer,880,LOW,0,,,,evet,6600,1900,110,90,70,170,720,260,170,170,390,480,1900,1900,140,70,90,260,210,210,210,480,480,390,590,1300,390,140,170,210,390,hayır
beşiktaş basketbol,EuroLeague,Basketbol,Kıta Turnuvası,Kıta Üstü,Global Elit,Erkek,Kulüp,Takım Sporu,Avrupa,Uluslararası,Türk Takımı Var,TV+ Var,Yıllık,Sürekli Lig,Takım Jenerik,Bilgi,Takım,Jenerik,Türkçe,Head,tk_jen,110000,LOW,2,0.37,0.11,0.67,evet,18100,246000,110000,135000,74000,165000,165000,165000,110000,90500,60500,12100,22200,450000,74000,27100,40500,74000,40500,40500,40500,40500,12100,5400,5400,14800,33100,74000,110000,49500,74000,hayır
real madrid basketbol maçı,EuroLeague,Basketbol,Kıta Turnuvası,Kıta Üstü,Global Elit,Erkek,Kulüp,Takım Sporu,Avrupa,Uluslararası,Türk Takımı Var,TV+ Var,Yıllık,Sürekli Lig,Takım Maç Sorgusu,Bilgi,Takım,Jenerik,Türkçe,Body,tk_mac,880,LOW,7,,,,evet,30,390,2900,1000,880,880,590,1300,880,880,390,50,70,1300,480,1300,880,590,1600,1000,880,1000,210,70,50,720,3600,720,880,880,1600,hayır
real madrid basketbol maçı ne zaman,EuroLeague,Basketbol,Kıta Turnuvası,Kıta Üstü,Global Elit,Erkek,Kulüp,Takım Sporu,Avrupa,Uluslararası,Türk Takımı Var,TV+ Var,Yıllık,Sürekli Lig,Takvim/Saat,Bilgi,Takım,Jenerik,Türkçe,Long-tail,tk_nezaman,,,,,,,hayir,,,,,,,,,,,,,,,,,,,,,,,,,,,,,,,,hayır
real madrid basketbol maçı hangi kanalda,EuroLeague,Basketbol,Kıta Turnuvası,Kıta Üstü,Global Elit,Erkek,Kulüp,Takım Sporu,Avrupa,Uluslararası,Türk Takımı Var,TV+ Var,Yıllık,Sürekli Lig,Kanal/Yayın,İzleme,Takım,Jenerik,Türkçe,Long-tail,tk_kanal,10,,,,,,evet,0,10,20,10,10,10,10,10,10,10,10,0,10,20,10,10,10,10,10,10,10,30,10,10,10,30,40,10,10,10,20,hayır
real madrid basketbol canlı izle,EuroLeague,Basketbol,Kıta Turnuvası,Kıta Üstü,Global Elit,Erkek,Kulüp,Takım Sporu,Avrupa,Uluslararası,Türk Takımı Var,TV+ Var,Yıllık,Sürekli Lig,Canlı İzle,İzleme,Takım,Jenerik,Türkçe,Long-tail,tk_izle,10,,,,,,evet,0,10,50,10,10,10,0,0,10,10,10,0,0,40,10,20,10,20,10,10,10,20,10,0,0,10,70,20,20,20,20,hayır
real madrid basketbol fikstür,EuroLeague,Basketbol,Kıta Turnuvası,Kıta Üstü,Global Elit,Erkek,Kulüp,Takım Sporu,Avrupa,Uluslararası,Türk Takımı Var,TV+ Var,Yıllık,Sürekli Lig,Fikstür,Bilgi,Takım,Jenerik,Türkçe,Body,tk_fikstur,10,LOW,0,,,,evet,10,10,20,10,10,10,10,10,10,10,10,0,10,10,10,10,10,10,10,10,10,10,10,10,10,10,10,0,10,10,10,hayır
real madrid basketbol puan durumu,EuroLeague,Basketbol,Kıta Turnuvası,Kıta Üstü,Global Elit,Erkek,Kulüp,Takım Sporu,Avrupa,Uluslararası,Türk Takımı Var,TV+ Var,Yıllık,Sürekli Lig,Puan Durumu,Bilgi,Takım,Jenerik,İngilizce,Long-tail,tk_pd,10,LOW,0,,,,evet,10,10,10,10,10,10,10,10,0,10,10,10,0,10,20,10,10,20,10,10,10,10,10,10,10,10,20,20,30,30,20,hayır
real madrid basketbol kadro,EuroLeague,Basketbol,Kıta Turnuvası,Kıta Üstü,Global Elit,Erkek,Kulüp,Takım Sporu,Avrupa,Uluslararası,Türk Takımı Var,TV+ Var,Yıllık,Sürekli Lig,Kadro,Bilgi,Takım,Jenerik,İngilizce,Body,tk_kadro,170,LOW,1,,,,evet,110,90,480,170,90,90,110,170,210,260,260,50,70,210,320,260,90,390,210,320,260,320,320,170,140,210,1000,320,480,320,720,hayır
real madrid basketbol oyuncuları,EuroLeague,Basketbol,Kıta Turnuvası,Kıta Üstü,Global Elit,Erkek,Kulüp,Takım Sporu,Avrupa,Uluslararası,Türk Takımı Var,TV+ Var,Yıllık,Sürekli Lig,Kadro,Bilgi,Takım,Jenerik,Türkçe,Body,tk_oyuncu,90,LOW,0,,,,evet,90,70,210,210,70,50,70,50,40,50,90,50,30,90,110,90,20,140,90,40,50,70,50,30,40,210,880,140,70,50,110,hayır
real madrid basketbol transfer,EuroLeague,Basketbol,Kıta Turnuvası,Kıta Üstü,Global Elit,Erkek,Kulüp,Takım Sporu,Avrupa,Uluslararası,Türk Takımı Var,TV+ Var,Yıllık,Sürekli Lig,Transfer,Bilgi,Takım,Jenerik,İngilizce,Body,tk_transfer,10,LOW,0,,,,evet,50,10,10,10,10,10,10,10,10,20,30,10,30,30,40,10,10,40,140,10,30,50,140,70,90,70,20,10,10,10,10,hayır
real madrid basketbol,EuroLeague,Basketbol,Kıta Turnuvası,Kıta Üstü,Global Elit,Erkek,Kulüp,Takım Sporu,Avrupa,Uluslararası,Türk Takımı Var,TV+ Var,Yıllık,Sürekli Lig,Takım Jenerik,Bilgi,Takım,Jenerik,İngilizce,Body,tk_jen,18100,LOW,1,0.25,0.16,0.74,evet,1900,9900,90500,22200,14800,18100,18100,14800,18100,22200,6600,1600,1900,40500,27100,49500,18100,14800,27100,27100,22200,27100,6600,5400,2400,18100,135000,33100,33100,27100,49500,hayır
barcelona basketbol maçı,EuroLeague,Basketbol,Kıta Turnuvası,Kıta Üstü,Global Elit,Erkek,Kulüp,Takım Sporu,Avrupa,Uluslararası,Türk Takımı Var,TV+ Var,Yıllık,Sürekli Lig,Takım Maç Sorgusu,Bilgi,Takım,Jenerik,Türkçe,Body,tk_mac,590,LOW,1,,,,evet,10,1300,210,590,480,720,480,1000,720,720,140,10,10,260,480,590,480,210,590,720,880,1000,140,10,10,110,880,880,880,390,720,hayır
barcelona basketbol maçı ne zaman,EuroLeague,Basketbol,Kıta Turnuvası,Kıta Üstü,Global Elit,Erkek,Kulüp,Takım Sporu,Avrupa,Uluslararası,Türk Takımı Var,TV+ Var,Yıllık,Sürekli Lig,Takvim/Saat,Bilgi,Takım,Jenerik,Türkçe,Long-tail,tk_nezaman,,,,,,,hayir,,,,,,,,,,,,,,,,,,,,,,,,,,,,,,,,hayır
barcelona basketbol maçı hangi kanalda,EuroLeague,Basketbol,Kıta Turnuvası,Kıta Üstü,Global Elit,Erkek,Kulüp,Takım Sporu,Avrupa,Uluslararası,Türk Takımı Var,TV+ Var,Yıllık,Sürekli Lig,Kanal/Yayın,İzleme,Takım,Jenerik,Türkçe,Long-tail,tk_kanal,,,,,,,hayir,,,,,,,,,,,,,,,,,,,,,,,,,,,,,,,,hayır
barcelona basketbol canlı izle,EuroLeague,Basketbol,Kıta Turnuvası,Kıta Üstü,Global Elit,Erkek,Kulüp,Takım Sporu,Avrupa,Uluslararası,Türk Takımı Var,TV+ Var,Yıllık,Sürekli Lig,Canlı İzle,İzleme,Takım,Jenerik,Türkçe,Body,tk_izle,10,,,,,,evet,0,10,10,10,10,10,10,10,10,20,10,0,0,10,10,10,50,10,10,10,10,10,20,0,0,10,20,10,50,20,20,hayır
barcelona basketbol fikstür,EuroLeague,Basketbol,Kıta Turnuvası,Kıta Üstü,Global Elit,Erkek,Kulüp,Takım Sporu,Avrupa,Uluslararası,Türk Takımı Var,TV+ Var,Yıllık,Sürekli Lig,Fikstür,Bilgi,Takım,Jenerik,Türkçe,Body,tk_fikstur,,,,,,,hayir,,,,,,,,,,,,,,,,,,,,,,,,,,,,,,,,hayır
barcelona basketbol puan durumu,EuroLeague,Basketbol,Kıta Turnuvası,Kıta Üstü,Global Elit,Erkek,Kulüp,Takım Sporu,Avrupa,Uluslararası,Türk Takımı Var,TV+ Var,Yıllık,Sürekli Lig,Puan Durumu,Bilgi,Takım,Jenerik,İngilizce,Body,tk_pd,,,,,,,hayir,,,,,,,,,,,,,,,,,,,,,,,,,,,,,,,,hayır
barcelona basketbol kadro,EuroLeague,Basketbol,Kıta Turnuvası,Kıta Üstü,Global Elit,Erkek,Kulüp,Takım Sporu,Avrupa,Uluslararası,Türk Takımı Var,TV+ Var,Yıllık,Sürekli Lig,Kadro,Bilgi,Takım,Jenerik,İngilizce,Body,tk_kadro,140,LOW,1,,,,evet,50,50,40,70,70,170,90,260,260,210,210,90,70,110,210,260,110,170,90,170,260,480,170,70,70,110,320,210,480,110,390,hayır
barcelona basketbol oyuncuları,EuroLeague,Basketbol,Kıta Turnuvası,Kıta Üstü,Global Elit,Erkek,Kulüp,Takım Sporu,Avrupa,Uluslararası,Türk Takımı Var,TV+ Var,Yıllık,Sürekli Lig,Kadro,Bilgi,Takım,Jenerik,Türkçe,Body,tk_oyuncu,10,LOW,0,,,,evet,10,10,10,10,10,20,20,30,20,10,20,10,10,10,30,30,10,10,10,10,10,10,10,10,10,10,10,10,10,10,10,hayır
barcelona basketbol transfer,EuroLeague,Basketbol,Kıta Turnuvası,Kıta Üstü,Global Elit,Erkek,Kulüp,Takım Sporu,Avrupa,Uluslararası,Türk Takımı Var,TV+ Var,Yıllık,Sürekli Lig,Transfer,Bilgi,Takım,Jenerik,İngilizce,Body,tk_transfer,10,LOW,2,1.23,,,evet,40,10,10,10,10,0,10,0,0,0,10,10,20,10,10,10,10,10,10,10,10,10,30,20,30,30,10,10,10,10,10,hayır
barcelona basketbol,EuroLeague,Basketbol,Kıta Turnuvası,Kıta Üstü,Global Elit,Erkek,Kulüp,Takım Sporu,Avrupa,Uluslararası,Türk Takımı Var,TV+ Var,Yıllık,Sürekli Lig,Takım Jenerik,Bilgi,Takım,Jenerik,İngilizce,Head,tk_jen,1000,LOW,1,,,,evet,170,1300,590,1300,880,1900,1000,1300,1600,1300,260,90,70,590,1000,1600,1600,590,1300,1900,1300,1600,320,90,90,390,1900,1900,1300,720,2400,hayır
panathinaikos maçı,EuroLeague,Basketbol,Kıta Turnuvası,Kıta Üstü,Global Elit,Erkek,Kulüp,Takım Sporu,Avrupa,Uluslararası,Türk Takımı Var,TV+ Var,Yıllık,Sürekli Lig,Takım Maç Sorgusu,Bilgi,Takım,Jenerik,Türkçe,Head,tk_mac,1300,LOW,1,0.13,,,evet,210,210,1300,880,2400,1900,1000,1000,880,1900,480,2400,590,390,1000,1600,2400,3600,2900,2900,2900,4400,5400,8100,1900,1900,14800,49500,27100,40500,74000,hayır
panathinaikos maçı ne zaman,EuroLeague,Basketbol,Kıta Turnuvası,Kıta Üstü,Global Elit,Erkek,Kulüp,Takım Sporu,Avrupa,Uluslararası,Türk Takımı Var,TV+ Var,Yıllık,Sürekli Lig,Takvim/Saat,Bilgi,Takım,Jenerik,Türkçe,Body,tk_nezaman,30,LOW,0,,,,evet,10,20,110,10,20,20,10,10,10,20,10,140,10,20,70,20,10,30,40,20,40,30,30,20,10,40,590,1300,1300,1600,2400,hayır
panathinaikos maçı hangi kanalda,EuroLeague,Basketbol,Kıta Turnuvası,Kıta Üstü,Global Elit,Erkek,Kulüp,Takım Sporu,Avrupa,Uluslararası,Türk Takımı Var,TV+ Var,Yıllık,Sürekli Lig,Kanal/Yayın,İzleme,Takım,Jenerik,Türkçe,Body,tk_kanal,260,LOW,4,,,,evet,30,210,140,50,70,140,90,110,90,210,90,1900,110,70,170,70,50,90,140,70,90,170,70,260,70,320,1000,4400,2400,5400,18100,hayır
panathinaikos canlı izle,EuroLeague,Basketbol,Kıta Turnuvası,Kıta Üstü,Global Elit,Erkek,Kulüp,Takım Sporu,Avrupa,Uluslararası,Türk Takımı Var,TV+ Var,Yıllık,Sürekli Lig,Canlı İzle,İzleme,Takım,Jenerik,Türkçe,Body,tk_izle,50,LOW,0,,,,evet,10,40,40,20,40,70,50,50,30,140,40,170,10,20,20,10,10,30,50,30,20,30,10,30,20,70,210,880,260,1000,2400,hayır
panathinaikos fikstür,EuroLeague,Basketbol,Kıta Turnuvası,Kıta Üstü,Global Elit,Erkek,Kulüp,Takım Sporu,Avrupa,Uluslararası,Türk Takımı Var,TV+ Var,Yıllık,Sürekli Lig,Fikstür,Bilgi,Takım,Jenerik,Türkçe,Head,tk_fikstur,40,LOW,0,,,,evet,10,10,30,30,50,70,30,40,30,40,20,70,10,10,20,10,20,40,20,30,40,40,30,50,10,20,390,2400,1000,1900,2900,hayır
panathinaikos puan durumu,EuroLeague,Basketbol,Kıta Turnuvası,Kıta Üstü,Global Elit,Erkek,Kulüp,Takım Sporu,Avrupa,Uluslararası,Türk Takımı Var,TV+ Var,Yıllık,Sürekli Lig,Puan Durumu,Bilgi,Takım,Jenerik,İngilizce,Body,tk_pd,1600,LOW,1,,,,evet,170,90,2400,1600,4400,2900,880,720,1300,2900,390,1900,480,880,1300,2900,5400,6600,6600,8100,5400,6600,6600,5400,1600,2400,33100,135000,40500,60500,60500,hayır
panathinaikos kadro,EuroLeague,Basketbol,Kıta Turnuvası,Kıta Üstü,Global Elit,Erkek,Kulüp,Takım Sporu,Avrupa,Uluslararası,Türk Takımı Var,TV+ Var,Yıllık,Sürekli Lig,Kadro,Bilgi,Takım,Jenerik,İngilizce,Head,tk_kadro,260,LOW,0,,,,evet,110,70,140,70,110,260,110,110,90,260,480,1300,210,170,590,210,110,210,140,210,210,390,480,260,320,260,880,720,590,880,2900,hayır
panathinaikos oyuncuları,EuroLeague,Basketbol,Kıta Turnuvası,Kıta Üstü,Global Elit,Erkek,Kulüp,Takım Sporu,Avrupa,Uluslararası,Türk Takımı Var,TV+ Var,Yıllık,Sürekli Lig,Kadro,Bilgi,Takım,Jenerik,Türkçe,Head,tk_oyuncu,480,LOW,0,,,,evet,40,40,390,390,880,880,170,260,480,590,140,1300,320,720,1300,1300,1900,2400,1900,2400,2900,3600,5400,5400,2900,720,2400,3600,1900,3600,6600,hayır
panathinaikos transfer,EuroLeague,Basketbol,Kıta Turnuvası,Kıta Üstü,Global Elit,Erkek,Kulüp,Takım Sporu,Avrupa,Uluslararası,Türk Takımı Var,TV+ Var,Yıllık,Sürekli Lig,Transfer,Bilgi,Takım,Jenerik,İngilizce,Head,tk_transfer,70,LOW,0,,,,evet,140,50,10,10,20,140,70,10,20,10,70,210,140,70,30,10,20,40,50,90,10,40,170,110,260,110,110,170,110,320,1900,hayır
panathinaikos,EuroLeague,Basketbol,Kıta Turnuvası,Kıta Üstü,Global Elit,Erkek,Kulüp,Takım Sporu,Avrupa,Uluslararası,Türk Takımı Var,TV+ Var,Yıllık,Sürekli Lig,Takım Jenerik,Bilgi,Takım,Jenerik,İngilizce,Head,tk_jen,60500,LOW,0,0.28,0.18,0.22,evet,14800,33100,74000,40500,49500,110000,74000,60500,33100,49500,33100,165000,22200,49500,135000,49500,60500,74000,60500,60500,49500,74000,60500,110000,40500,60500,368000,1000000,450000,1000000,1830000,hayır
olympiakos maçı,EuroLeague,Basketbol,Kıta Turnuvası,Kıta Üstü,Global Elit,Erkek,Kulüp,Takım Sporu,Avrupa,Uluslararası,Türk Takımı Var,TV+ Var,Yıllık,Sürekli Lig,Takım Maç Sorgusu,Bilgi,Takım,Jenerik,Türkçe,Head,tk_mac,590,LOW,0,,,,evet,320,70,480,260,320,1600,880,1300,590,320,1000,320,70,70,480,480,1600,2400,1300,1300,720,1000,480,720,320,320,6600,5400,2400,1600,2400,hayır
olympiakos maçı ne zaman,EuroLeague,Basketbol,Kıta Turnuvası,Kıta Üstü,Global Elit,Erkek,Kulüp,Takım Sporu,Avrupa,Uluslararası,Türk Takımı Var,TV+ Var,Yıllık,Sürekli Lig,Takvim/Saat,Bilgi,Takım,Jenerik,Türkçe,Body,tk_nezaman,30,LOW,0,,,,evet,10,10,50,10,20,30,40,40,40,20,30,70,10,10,90,50,50,260,50,50,40,50,50,70,50,70,1000,1600,260,70,140,hayır
olympiakos maçı hangi kanalda,EuroLeague,Basketbol,Kıta Turnuvası,Kıta Üstü,Global Elit,Erkek,Kulüp,Takım Sporu,Avrupa,Uluslararası,Türk Takımı Var,TV+ Var,Yıllık,Sürekli Lig,Kanal/Yayın,İzleme,Takım,Jenerik,Türkçe,Body,tk_kanal,170,LOW,3,,,,evet,10,70,110,40,70,260,110,590,170,110,390,90,10,50,70,50,260,110,210,170,90,90,40,90,40,140,5400,2400,880,320,880,hayır
olympiakos canlı izle,EuroLeague,Basketbol,Kıta Turnuvası,Kıta Üstü,Global Elit,Erkek,Kulüp,Takım Sporu,Avrupa,Uluslararası,Türk Takımı Var,TV+ Var,Yıllık,Sürekli Lig,Canlı İzle,İzleme,Takım,Jenerik,Türkçe,Body,tk_izle,20,LOW,12,,,,evet,10,10,20,20,20,70,10,30,10,10,20,10,10,10,10,10,20,30,20,170,50,30,40,30,20,10,260,260,170,170,210,hayır
olympiakos fikstür,EuroLeague,Basketbol,Kıta Turnuvası,Kıta Üstü,Global Elit,Erkek,Kulüp,Takım Sporu,Avrupa,Uluslararası,Türk Takımı Var,TV+ Var,Yıllık,Sürekli Lig,Fikstür,Bilgi,Takım,Jenerik,Türkçe,Head,tk_fikstur,50,LOW,0,,,,evet,10,10,50,20,30,50,170,90,50,30,50,50,10,10,30,10,40,170,50,30,20,40,70,20,0,0,0,0,0,0,0,hayır
olympiakos puan durumu,EuroLeague,Basketbol,Kıta Turnuvası,Kıta Üstü,Global Elit,Erkek,Kulüp,Takım Sporu,Avrupa,Uluslararası,Türk Takımı Var,TV+ Var,Yıllık,Sürekli Lig,Puan Durumu,Bilgi,Takım,Jenerik,İngilizce,Body,tk_pd,9900,LOW,0,,,,evet,1300,1300,33100,4400,4400,9900,27100,9900,8100,6600,4400,4400,1000,1600,8100,6600,8100,60500,33100,8100,9900,8100,8100,2900,720,1000,8100,22200,27100,2900,2400,hayır
olympiakos kadro,EuroLeague,Basketbol,Kıta Turnuvası,Kıta Üstü,Global Elit,Erkek,Kulüp,Takım Sporu,Avrupa,Uluslararası,Türk Takımı Var,TV+ Var,Yıllık,Sürekli Lig,Kadro,Bilgi,Takım,Jenerik,İngilizce,Head,tk_kadro,260,LOW,0,,,,evet,140,110,590,90,170,210,320,170,260,260,210,320,140,170,260,170,260,1300,390,210,210,320,480,320,390,480,1600,8100,8100,320,390,hayır
olympiakos oyuncuları,EuroLeague,Basketbol,Kıta Turnuvası,Kıta Üstü,Global Elit,Erkek,Kulüp,Takım Sporu,Avrupa,Uluslararası,Türk Takımı Var,TV+ Var,Yıllık,Sürekli Lig,Kadro,Bilgi,Takım,Jenerik,Türkçe,Head,tk_oyuncu,1900,LOW,0,,,,evet,880,590,1900,720,1300,2400,2900,1900,2900,2400,1900,2900,1000,1300,2400,1600,2900,12100,4400,2900,2900,4400,5400,1600,720,720,1900,9900,8100,320,480,hayır
olympiakos transfer,EuroLeague,Basketbol,Kıta Turnuvası,Kıta Üstü,Global Elit,Erkek,Kulüp,Takım Sporu,Avrupa,Uluslararası,Türk Takımı Var,TV+ Var,Yıllık,Sürekli Lig,Transfer,Bilgi,Takım,Jenerik,İngilizce,Head,tk_transfer,20,LOW,0,,,,evet,70,30,10,10,20,20,40,10,10,10,20,20,10,10,10,10,10,50,10,10,10,10,50,30,40,30,70,260,210,30,70,hayır
olympiakos,EuroLeague,Basketbol,Kıta Turnuvası,Kıta Üstü,Global Elit,Erkek,Kulüp,Takım Sporu,Avrupa,Uluslararası,Türk Takımı Var,TV+ Var,Yıllık,Sürekli Lig,Takım Jenerik,Bilgi,Takım,Jenerik,İngilizce,Head,tk_jen,40500,LOW,0,,,,evet,14800,14800,74000,18100,22200,60500,49500,60500,40500,27100,49500,33100,12100,22200,60500,33100,74000,201000,74000,49500,33100,49500,40500,33100,22200,40500,823000,823000,450000,90500,110000,hayır
maccabi tel aviv maçı,EuroLeague,Basketbol,Kıta Turnuvası,Kıta Üstü,Global Elit,Erkek,Kulüp,Takım Sporu,Avrupa,Uluslararası,Türk Takımı Var,TV+ Var,Yıllık,Sürekli Lig,Takım Maç Sorgusu,Bilgi,Takım,Jenerik,Türkçe,Body,tk_mac,390,LOW,0,,,,evet,390,70,320,260,480,480,2400,30,30,50,10,40,70,20,10,30,40,70,170,320,12100,6600,5400,1900,140,10,50,70,90,30,170,hayır
maccabi tel aviv maçı ne zaman,EuroLeague,Basketbol,Kıta Turnuvası,Kıta Üstü,Global Elit,Erkek,Kulüp,Takım Sporu,Avrupa,Uluslararası,Türk Takımı Var,TV+ Var,Yıllık,Sürekli Lig,Takvim/Saat,Bilgi,Takım,Jenerik,Türkçe,Long-tail,tk_nezaman,10,,,,,,evet,0,0,0,10,0,0,10,0,10,10,10,10,10,10,0,10,10,10,20,10,90,10,0,0,0,0,0,0,0,0,0,hayır
maccabi tel aviv maçı hangi kanalda,EuroLeague,Basketbol,Kıta Turnuvası,Kıta Üstü,Global Elit,Erkek,Kulüp,Takım Sporu,Avrupa,Uluslararası,Türk Takımı Var,TV+ Var,Yıllık,Sürekli Lig,Kanal/Yayın,İzleme,Takım,Jenerik,Türkçe,Long-tail,tk_kanal,10,LOW,5,,,,evet,10,0,10,10,10,0,10,10,10,30,10,10,10,10,10,10,10,10,20,50,170,30,10,20,0,0,0,0,0,0,0,hayır
maccabi tel aviv canlı izle,EuroLeague,Basketbol,Kıta Turnuvası,Kıta Üstü,Global Elit,Erkek,Kulüp,Takım Sporu,Avrupa,Uluslararası,Türk Takımı Var,TV+ Var,Yıllık,Sürekli Lig,Canlı İzle,İzleme,Takım,Jenerik,Türkçe,Long-tail,tk_izle,50,LOW,10,,,,evet,10,20,10,50,390,50,40,20,20,30,20,10,10,10,10,10,10,30,20,70,210,110,40,20,10,10,30,30,70,20,50,hayır
maccabi tel aviv fikstür,EuroLeague,Basketbol,Kıta Turnuvası,Kıta Üstü,Global Elit,Erkek,Kulüp,Takım Sporu,Avrupa,Uluslararası,Türk Takımı Var,TV+ Var,Yıllık,Sürekli Lig,Fikstür,Bilgi,Takım,Jenerik,Türkçe,Body,tk_fikstur,10,LOW,0,,,,evet,10,10,0,10,10,10,10,10,10,10,10,10,10,10,10,10,10,10,10,10,110,20,0,0,0,0,0,0,0,0,0,hayır
maccabi tel aviv puan durumu,EuroLeague,Basketbol,Kıta Turnuvası,Kıta Üstü,Global Elit,Erkek,Kulüp,Takım Sporu,Avrupa,Uluslararası,Türk Takımı Var,TV+ Var,Yıllık,Sürekli Lig,Puan Durumu,Bilgi,Takım,Jenerik,İngilizce,Long-tail,tk_pd,10,,,,,,evet,0,10,10,10,10,10,0,10,10,10,10,10,10,10,10,10,0,10,20,20,210,20,50,110,10,10,10,10,20,10,10,hayır
maccabi tel aviv kadro,EuroLeague,Basketbol,Kıta Turnuvası,Kıta Üstü,Global Elit,Erkek,Kulüp,Takım Sporu,Avrupa,Uluslararası,Türk Takımı Var,TV+ Var,Yıllık,Sürekli Lig,Kadro,Bilgi,Takım,Jenerik,İngilizce,Body,tk_kadro,10,LOW,0,,,,evet,10,10,10,10,20,10,10,20,30,20,30,10,10,10,10,10,10,20,30,40,1600,110,170,110,20,20,30,20,90,20,20,hayır
maccabi tel aviv oyuncuları,EuroLeague,Basketbol,Kıta Turnuvası,Kıta Üstü,Global Elit,Erkek,Kulüp,Takım Sporu,Avrupa,Uluslararası,Türk Takımı Var,TV+ Var,Yıllık,Sürekli Lig,Kadro,Bilgi,Takım,Jenerik,Türkçe,Body,tk_oyuncu,390,LOW,0,,,,evet,390,110,320,320,590,590,1900,10,20,10,10,10,10,10,10,10,20,20,70,110,8100,5400,5400,1600,0,0,0,0,0,0,0,hayır
maccabi tel aviv transfer,EuroLeague,Basketbol,Kıta Turnuvası,Kıta Üstü,Global Elit,Erkek,Kulüp,Takım Sporu,Avrupa,Uluslararası,Türk Takımı Var,TV+ Var,Yıllık,Sürekli Lig,Transfer,Bilgi,Takım,Jenerik,İngilizce,Body,tk_transfer,10,LOW,0,,,,evet,10,10,10,0,0,0,0,0,0,10,10,10,10,10,0,0,10,10,10,10,30,10,20,10,10,10,0,10,10,10,10,hayır
maccabi tel aviv,EuroLeague,Basketbol,Kıta Turnuvası,Kıta Üstü,Global Elit,Erkek,Kulüp,Takım Sporu,Avrupa,Uluslararası,Türk Takımı Var,TV+ Var,Yıllık,Sürekli Lig,Takım Jenerik,Bilgi,Takım,Jenerik,İngilizce,Body,tk_jen,22200,LOW,0,,,,evet,8100,2900,8100,8100,14800,14800,74000,22200,33100,33100,18100,12100,8100,5400,6600,6600,12100,18100,165000,110000,673000,90500,74000,40500,9900,2900,14800,14800,49500,12100,18100,hayır
zalgiris maçı,EuroLeague,Basketbol,Kıta Turnuvası,Kıta Üstü,Global Elit,Erkek,Kulüp,Takım Sporu,Avrupa,Uluslararası,Türk Takımı Var,TV+ Var,Yıllık,Sürekli Lig,Takım Maç Sorgusu,Bilgi,Takım,Jenerik,Türkçe,Head,tk_mac,170,LOW,1,,,,evet,480,140,210,170,210,110,50,30,320,260,70,210,260,110,70,30,20,20,50,40,170,90,70,170,260,140,40,50,90,40,30,hayır
zalgiris maçı ne zaman,EuroLeague,Basketbol,Kıta Turnuvası,Kıta Üstü,Global Elit,Erkek,Kulüp,Takım Sporu,Avrupa,Uluslararası,Türk Takımı Var,TV+ Var,Yıllık,Sürekli Lig,Takvim/Saat,Bilgi,Takım,Jenerik,Türkçe,Body,tk_nezaman,10,LOW,0,,,,evet,10,10,30,20,10,10,10,0,0,10,0,0,10,0,0,10,0,0,10,10,10,10,0,10,0,0,0,0,10,10,10,hayır
zalgiris maçı hangi kanalda,EuroLeague,Basketbol,Kıta Turnuvası,Kıta Üstü,Global Elit,Erkek,Kulüp,Takım Sporu,Avrupa,Uluslararası,Türk Takımı Var,TV+ Var,Yıllık,Sürekli Lig,Kanal/Yayın,İzleme,Takım,Jenerik,Türkçe,Body,tk_kanal,20,LOW,2,,,,evet,10,10,90,30,10,10,10,10,10,30,10,10,20,10,0,0,10,10,10,10,10,10,10,10,10,10,10,10,10,10,10,hayır
zalgiris canlı izle,EuroLeague,Basketbol,Kıta Turnuvası,Kıta Üstü,Global Elit,Erkek,Kulüp,Takım Sporu,Avrupa,Uluslararası,Türk Takımı Var,TV+ Var,Yıllık,Sürekli Lig,Canlı İzle,İzleme,Takım,Jenerik,Türkçe,Body,tk_izle,10,LOW,0,,,,evet,10,10,10,10,10,10,0,10,10,10,10,0,10,10,10,10,0,10,10,10,10,10,10,10,10,20,10,10,10,10,10,hayır
zalgiris fikstür,EuroLeague,Basketbol,Kıta Turnuvası,Kıta Üstü,Global Elit,Erkek,Kulüp,Takım Sporu,Avrupa,Uluslararası,Türk Takımı Var,TV+ Var,Yıllık,Sürekli Lig,Fikstür,Bilgi,Takım,Jenerik,Türkçe,Head,tk_fikstur,,,,,,,hayir,,,,,,,,,,,,,,,,,,,,,,,,,,,,,,,,hayır
zalgiris puan durumu,EuroLeague,Basketbol,Kıta Turnuvası,Kıta Üstü,Global Elit,Erkek,Kulüp,Takım Sporu,Avrupa,Uluslararası,Türk Takımı Var,TV+ Var,Yıllık,Sürekli Lig,Puan Durumu,Bilgi,Takım,Jenerik,İngilizce,Body,tk_pd,10,LOW,2,,,,evet,20,10,20,20,10,10,10,10,10,10,10,20,30,10,20,10,0,10,10,10,10,10,10,10,0,0,0,0,0,0,0,hayır
zalgiris kadro,EuroLeague,Basketbol,Kıta Turnuvası,Kıta Üstü,Global Elit,Erkek,Kulüp,Takım Sporu,Avrupa,Uluslararası,Türk Takımı Var,TV+ Var,Yıllık,Sürekli Lig,Kadro,Bilgi,Takım,Jenerik,İngilizce,Head,tk_kadro,20,LOW,0,,,,evet,10,10,40,70,30,20,10,10,10,40,10,10,10,10,10,20,10,10,40,20,40,20,10,10,20,20,20,10,10,20,30,hayır
zalgiris oyuncuları,EuroLeague,Basketbol,Kıta Turnuvası,Kıta Üstü,Global Elit,Erkek,Kulüp,Takım Sporu,Avrupa,Uluslararası,Türk Takımı Var,TV+ Var,Yıllık,Sürekli Lig,Kadro,Bilgi,Takım,Jenerik,Türkçe,Head,tk_oyuncu,20,LOW,0,,,,evet,10,10,70,50,20,20,10,10,20,30,10,10,10,10,10,10,10,10,20,10,30,10,10,10,10,10,10,10,10,20,30,hayır
zalgiris transfer,EuroLeague,Basketbol,Kıta Turnuvası,Kıta Üstü,Global Elit,Erkek,Kulüp,Takım Sporu,Avrupa,Uluslararası,Türk Takımı Var,TV+ Var,Yıllık,Sürekli Lig,Transfer,Bilgi,Takım,Jenerik,İngilizce,Head,tk_transfer,10,LOW,0,,,,evet,20,10,10,10,0,10,0,10,0,10,10,0,0,10,10,0,0,10,10,0,40,10,0,0,0,0,0,0,0,0,0,hayır
zalgiris,EuroLeague,Basketbol,Kıta Turnuvası,Kıta Üstü,Global Elit,Erkek,Kulüp,Takım Sporu,Avrupa,Uluslararası,Türk Takımı Var,TV+ Var,Yıllık,Sürekli Lig,Takım Jenerik,Bilgi,Takım,Jenerik,İngilizce,Head,tk_jen,9900,LOW,1,,0.09,0.23,evet,3600,2400,40500,22200,12100,8100,4400,6600,6600,22200,1600,2400,3600,3600,2400,1900,3600,4400,8100,4400,14800,9900,1900,4400,4400,2900,2400,2400,2900,2400,6600,hayır
partizan maçı,EuroLeague,Basketbol,Kıta Turnuvası,Kıta Üstü,Global Elit,Erkek,Kulüp,Takım Sporu,Avrupa,Uluslararası,Türk Takımı Var,TV+ Var,Yıllık,Sürekli Lig,Takım Maç Sorgusu,Bilgi,Takım,Jenerik,Türkçe,Head,tk_mac,320,LOW,1,0.35,0.07,0.25,evet,590,10,110,210,170,320,110,210,480,590,110,1300,880,110,170,170,210,320,70,1000,260,320,210,1000,880,70,260,390,480,210,210,hayır
partizan maçı ne zaman,EuroLeague,Basketbol,Kıta Turnuvası,Kıta Üstü,Global Elit,Erkek,Kulüp,Takım Sporu,Avrupa,Uluslararası,Türk Takımı Var,TV+ Var,Yıllık,Sürekli Lig,Takvim/Saat,Bilgi,Takım,Jenerik,Türkçe,Body,tk_nezaman,,,,,,,hayir,,,,,,,,,,,,,,,,,,,,,,,,,,,,,,,,hayır
partizan maçı hangi kanalda,EuroLeague,Basketbol,Kıta Turnuvası,Kıta Üstü,Global Elit,Erkek,Kulüp,Takım Sporu,Avrupa,Uluslararası,Türk Takımı Var,TV+ Var,Yıllık,Sürekli Lig,Kanal/Yayın,İzleme,Takım,Jenerik,Türkçe,Body,tk_kanal,10,LOW,2,,,,evet,10,0,10,20,10,30,10,10,10,10,10,20,10,10,10,50,10,10,10,40,30,70,10,170,30,10,20,20,20,10,20,hayır
partizan canlı izle,EuroLeague,Basketbol,Kıta Turnuvası,Kıta Üstü,Global Elit,Erkek,Kulüp,Takım Sporu,Avrupa,Uluslararası,Türk Takımı Var,TV+ Var,Yıllık,Sürekli Lig,Canlı İzle,İzleme,Takım,Jenerik,Türkçe,Body,tk_izle,10,LOW,24,0.18,,,evet,10,10,0,10,10,10,10,10,10,10,10,10,10,10,10,10,10,10,0,20,10,10,10,30,20,10,20,10,30,10,10,hayır
partizan fikstür,EuroLeague,Basketbol,Kıta Turnuvası,Kıta Üstü,Global Elit,Erkek,Kulüp,Takım Sporu,Avrupa,Uluslararası,Türk Takımı Var,TV+ Var,Yıllık,Sürekli Lig,Fikstür,Bilgi,Takım,Jenerik,Türkçe,Head,tk_fikstur,10,LOW,0,,,,evet,10,10,10,10,10,20,20,10,10,10,10,20,20,10,10,10,10,10,20,20,20,10,20,40,0,0,0,0,0,0,0,hayır
partizan puan durumu,EuroLeague,Basketbol,Kıta Turnuvası,Kıta Üstü,Global Elit,Erkek,Kulüp,Takım Sporu,Avrupa,Uluslararası,Türk Takımı Var,TV+ Var,Yıllık,Sürekli Lig,Puan Durumu,Bilgi,Takım,Jenerik,İngilizce,Body,tk_pd,70,LOW,0,,,,evet,50,40,90,90,90,70,70,50,90,70,40,140,110,50,70,50,40,70,50,70,40,30,30,140,40,50,40,30,40,20,20,hayır
partizan kadro,EuroLeague,Basketbol,Kıta Turnuvası,Kıta Üstü,Global Elit,Erkek,Kulüp,Takım Sporu,Avrupa,Uluslararası,Türk Takımı Var,TV+ Var,Yıllık,Sürekli Lig,Kadro,Bilgi,Takım,Jenerik,İngilizce,Head,tk_kadro,30,LOW,0,,,,evet,20,10,20,20,20,40,30,30,50,40,30,40,30,40,30,20,20,30,40,50,70,40,30,260,90,90,70,30,30,50,320,hayır
partizan oyuncuları,EuroLeague,Basketbol,Kıta Turnuvası,Kıta Üstü,Global Elit,Erkek,Kulüp,Takım Sporu,Avrupa,Uluslararası,Türk Takımı Var,TV+ Var,Yıllık,Sürekli Lig,Kadro,Bilgi,Takım,Jenerik,Türkçe,Head,tk_oyuncu,70,LOW,0,,,,evet,50,50,70,90,70,260,20,140,40,30,10,10,10,10,20,10,10,10,10,20,10,30,170,1600,170,140,140,70,110,170,720,hayır
partizan transfer,EuroLeague,Basketbol,Kıta Turnuvası,Kıta Üstü,Global Elit,Erkek,Kulüp,Takım Sporu,Avrupa,Uluslararası,Türk Takımı Var,TV+ Var,Yıllık,Sürekli Lig,Transfer,Bilgi,Takım,Jenerik,İngilizce,Head,tk_transfer,10,LOW,0,,,,evet,10,10,10,10,10,10,10,10,10,10,10,10,10,10,10,0,10,10,10,10,0,10,10,20,10,10,10,0,0,10,30,hayır
partizan,EuroLeague,Basketbol,Kıta Turnuvası,Kıta Üstü,Global Elit,Erkek,Kulüp,Takım Sporu,Avrupa,Uluslararası,Türk Takımı Var,TV+ Var,Yıllık,Sürekli Lig,Takım Jenerik,Bilgi,Takım,Jenerik,İngilizce,Head,tk_jen,9900,LOW,0,0.05,0.03,0.12,evet,6600,2900,5400,6600,5400,14800,5400,8100,22200,9900,5400,18100,14800,5400,6600,8100,9900,6600,5400,14800,9900,8100,8100,49500,14800,12100,14800,9900,12100,9900,27100,hayır
los angeles lakers maçı,NBA,Basketbol,Lig,1. Seviye,Global Elit,Erkek,Kulüp,Takım Sporu,ABD,Yabancı,Türk Sporcu Var,TV+ Var,Yıllık,Sürekli Lig,Takım Maç Sorgusu,Bilgi,Takım,Jenerik,Türkçe,Body,tk_mac,40,LOW,22,0.21,0.07,0.2,evet,20,20,70,110,40,20,20,50,40,30,20,40,50,70,20,70,90,90,70,50,70,50,20,50,70,50,30,50,70,40,90,hayır
los angeles lakers maçı ne zaman,NBA,Basketbol,Lig,1. Seviye,Global Elit,Erkek,Kulüp,Takım Sporu,ABD,Yabancı,Türk Sporcu Var,TV+ Var,Yıllık,Sürekli Lig,Takvim/Saat,Bilgi,Takım,Jenerik,Türkçe,Long-tail,tk_nezaman,10,LOW,0,,,,evet,10,0,20,10,10,0,10,10,10,10,10,10,10,10,10,10,10,10,10,10,10,10,10,10,10,10,10,20,20,10,20,hayır
los angeles lakers maçı hangi kanalda,NBA,Basketbol,Lig,1. Seviye,Global Elit,Erkek,Kulüp,Takım Sporu,ABD,Yabancı,Türk Sporcu Var,TV+ Var,Yıllık,Sürekli Lig,Kanal/Yayın,İzleme,Takım,Jenerik,Türkçe,Long-tail,tk_kanal,10,,,,,,evet,0,0,20,10,10,10,10,10,10,10,10,10,10,10,10,30,20,30,10,10,20,10,0,10,10,10,10,40,30,20,30,hayır
los angeles lakers canlı izle,NBA,Basketbol,Lig,1. Seviye,Global Elit,Erkek,Kulüp,Takım Sporu,ABD,Yabancı,Türk Sporcu Var,TV+ Var,Yıllık,Sürekli Lig,Canlı İzle,İzleme,Takım,Jenerik,Türkçe,Long-tail,tk_izle,10,HIGH,71,0.25,,,evet,10,10,10,10,20,10,10,10,20,10,0,10,10,10,0,10,10,20,20,10,20,10,0,10,10,10,10,40,20,10,20,hayır
los angeles lakers fikstür,NBA,Basketbol,Lig,1. Seviye,Global Elit,Erkek,Kulüp,Takım Sporu,ABD,Yabancı,Türk Sporcu Var,TV+ Var,Yıllık,Sürekli Lig,Fikstür,Bilgi,Takım,Jenerik,Türkçe,Body,tk_fikstur,10,LOW,14,0.05,,,evet,10,10,10,10,10,10,10,10,10,10,10,10,10,10,10,10,10,20,10,10,10,10,10,10,10,10,10,10,20,10,10,hayır
los angeles lakers puan durumu,NBA,Basketbol,Lig,1. Seviye,Global Elit,Erkek,Kulüp,Takım Sporu,ABD,Yabancı,Türk Sporcu Var,TV+ Var,Yıllık,Sürekli Lig,Puan Durumu,Bilgi,Takım,Jenerik,İngilizce,Long-tail,tk_pd,20,LOW,0,,,,evet,20,10,10,20,20,10,10,30,10,20,20,10,10,40,10,30,20,20,10,10,10,20,10,10,10,30,10,20,50,20,10,hayır
los angeles lakers kadro,NBA,Basketbol,Lig,1. Seviye,Global Elit,Erkek,Kulüp,Takım Sporu,ABD,Yabancı,Türk Sporcu Var,TV+ Var,Yıllık,Sürekli Lig,Kadro,Bilgi,Takım,Jenerik,İngilizce,Body,tk_kadro,70,LOW,1,,,,evet,50,30,40,70,70,50,40,70,70,90,210,90,90,110,90,50,70,260,70,90,90,140,90,110,90,90,70,140,170,170,170,hayır
los angeles lakers oyuncuları,NBA,Basketbol,Lig,1. Seviye,Global Elit,Erkek,Kulüp,Takım Sporu,ABD,Yabancı,Türk Sporcu Var,TV+ Var,Yıllık,Sürekli Lig,Kadro,Bilgi,Takım,Jenerik,Türkçe,Body,tk_oyuncu,140,LOW,0,,,,evet,170,110,110,210,90,50,30,30,40,170,390,140,90,90,70,50,40,50,50,50,50,50,30,40,50,30,40,90,50,50,70,hayır
los angeles lakers transfer,NBA,Basketbol,Lig,1. Seviye,Global Elit,Erkek,Kulüp,Takım Sporu,ABD,Yabancı,Türk Sporcu Var,TV+ Var,Yıllık,Sürekli Lig,Transfer,Bilgi,Takım,Jenerik,İngilizce,Body,tk_transfer,10,LOW,1,,,,evet,30,10,10,10,10,10,0,10,10,20,10,20,20,10,10,10,10,40,10,10,10,10,20,30,40,30,20,10,10,10,20,hayır
los angeles lakers,NBA,Basketbol,Lig,1. Seviye,Global Elit,Erkek,Kulüp,Takım Sporu,ABD,Yabancı,Türk Sporcu Var,TV+ Var,Yıllık,Sürekli Lig,Takım Jenerik,Bilgi,Takım,Jenerik,İngilizce,Body,tk_jen,18100,LOW,3,0.41,0.12,0.59,evet,8100,5400,22200,40500,27100,18100,18100,22200,27100,18100,9900,3600,6600,14800,9900,49500,49500,49500,22200,18100,22200,18100,2400,2900,4400,4400,6600,33100,27100,22200,22200,hayır
golden state warriors maçı,NBA,Basketbol,Lig,1. Seviye,Global Elit,Erkek,Kulüp,Takım Sporu,ABD,Yabancı,Türk Sporcu Var,TV+ Var,Yıllık,Sürekli Lig,Takım Maç Sorgusu,Bilgi,Takım,Jenerik,Türkçe,Body,tk_mac,30,LOW,11,0.22,0.06,0.36,evet,40,20,40,30,50,10,10,20,50,30,20,30,50,30,90,90,50,40,20,30,50,50,10,50,50,40,50,40,140,90,210,hayır
golden state warriors maçı ne zaman,NBA,Basketbol,Lig,1. Seviye,Global Elit,Erkek,Kulüp,Takım Sporu,ABD,Yabancı,Türk Sporcu Var,TV+ Var,Yıllık,Sürekli Lig,Takvim/Saat,Bilgi,Takım,Jenerik,Türkçe,Long-tail,tk_nezaman,10,LOW,0,,,,evet,10,10,10,10,10,10,10,10,10,0,10,10,10,10,10,10,0,10,10,10,10,10,10,10,10,10,10,10,10,10,10,hayır
golden state warriors maçı hangi kanalda,NBA,Basketbol,Lig,1. Seviye,Global Elit,Erkek,Kulüp,Takım Sporu,ABD,Yabancı,Türk Sporcu Var,TV+ Var,Yıllık,Sürekli Lig,Kanal/Yayın,İzleme,Takım,Jenerik,Türkçe,Long-tail,tk_kanal,10,,,,,,evet,0,0,0,10,10,10,10,30,30,20,10,0,0,0,40,20,30,10,20,20,70,40,0,10,0,10,10,30,30,70,70,hayır
golden state warriors canlı izle,NBA,Basketbol,Lig,1. Seviye,Global Elit,Erkek,Kulüp,Takım Sporu,ABD,Yabancı,Türk Sporcu Var,TV+ Var,Yıllık,Sürekli Lig,Canlı İzle,İzleme,Takım,Jenerik,Türkçe,Long-tail,tk_izle,10,,,,,,evet,0,0,10,10,10,0,10,10,10,10,0,10,10,10,20,20,10,10,10,20,20,10,10,10,10,0,0,10,30,20,10,hayır
golden state warriors fikstür,NBA,Basketbol,Lig,1. Seviye,Global Elit,Erkek,Kulüp,Takım Sporu,ABD,Yabancı,Türk Sporcu Var,TV+ Var,Yıllık,Sürekli Lig,Fikstür,Bilgi,Takım,Jenerik,Türkçe,Body,tk_fikstur,10,LOW,21,,,,evet,10,10,10,10,0,10,10,10,10,10,10,10,10,10,10,10,30,10,10,10,20,20,10,10,10,10,10,30,30,70,110,hayır
golden state warriors puan durumu,NBA,Basketbol,Lig,1. Seviye,Global Elit,Erkek,Kulüp,Takım Sporu,ABD,Yabancı,Türk Sporcu Var,TV+ Var,Yıllık,Sürekli Lig,Puan Durumu,Bilgi,Takım,Jenerik,İngilizce,Long-tail,tk_pd,10,LOW,0,,,,evet,10,10,10,10,10,10,10,10,10,10,10,10,10,10,70,590,590,70,50,10,10,30,10,10,10,20,30,10,40,20,10,hayır
golden state warriors kadro,NBA,Basketbol,Lig,1. Seviye,Global Elit,Erkek,Kulüp,Takım Sporu,ABD,Yabancı,Türk Sporcu Var,TV+ Var,Yıllık,Sürekli Lig,Kadro,Bilgi,Takım,Jenerik,İngilizce,Body,tk_kadro,110,LOW,2,,,,evet,110,50,40,50,50,70,50,70,70,170,390,170,110,50,90,70,50,110,70,70,90,110,50,90,90,50,110,140,170,210,260,hayır
golden state warriors oyuncuları,NBA,Basketbol,Lig,1. Seviye,Global Elit,Erkek,Kulüp,Takım Sporu,ABD,Yabancı,Türk Sporcu Var,TV+ Var,Yıllık,Sürekli Lig,Kadro,Bilgi,Takım,Jenerik,Türkçe,Body,tk_oyuncu,50,LOW,2,,,,evet,10,10,10,30,50,20,30,20,30,20,210,140,90,110,390,480,390,110,90,20,20,10,10,10,10,10,20,20,10,20,30,hayır
golden state warriors transfer,NBA,Basketbol,Lig,1. Seviye,Global Elit,Erkek,Kulüp,Takım Sporu,ABD,Yabancı,Türk Sporcu Var,TV+ Var,Yıllık,Sürekli Lig,Transfer,Bilgi,Takım,Jenerik,İngilizce,Body,tk_transfer,10,LOW,2,,,,evet,20,10,10,10,10,10,10,10,10,10,10,10,40,20,10,10,10,10,10,10,10,50,30,40,90,20,10,10,10,10,10,hayır
golden state warriors,NBA,Basketbol,Lig,1. Seviye,Global Elit,Erkek,Kulüp,Takım Sporu,ABD,Yabancı,Türk Sporcu Var,TV+ Var,Yıllık,Sürekli Lig,Takım Jenerik,Bilgi,Takım,Jenerik,İngilizce,Body,tk_jen,18100,LOW,5,0.22,0.17,0.71,evet,5400,5400,8100,27100,33100,18100,27100,33100,33100,27100,9900,4400,6600,6600,74000,74000,49500,33100,27100,33100,40500,22200,4400,6600,6600,6600,8100,33100,49500,40500,40500,hayır
boston celtics maçı,NBA,Basketbol,Lig,1. Seviye,Global Elit,Erkek,Kulüp,Takım Sporu,ABD,Yabancı,Türk Sporcu Var,TV+ Var,Yıllık,Sürekli Lig,Takım Maç Sorgusu,Bilgi,Takım,Jenerik,Türkçe,Body,tk_mac,30,LOW,12,,,,evet,20,10,10,70,10,10,20,30,90,30,10,10,30,20,50,50,140,90,50,40,140,50,10,20,70,110,70,70,140,50,50,hayır
boston celtics maçı ne zaman,NBA,Basketbol,Lig,1. Seviye,Global Elit,Erkek,Kulüp,Takım Sporu,ABD,Yabancı,Türk Sporcu Var,TV+ Var,Yıllık,Sürekli Lig,Takvim/Saat,Bilgi,Takım,Jenerik,Türkçe,Long-tail,tk_nezaman,10,LOW,24,,,,evet,10,0,10,10,0,0,0,10,10,10,10,10,10,10,10,10,10,10,0,10,10,10,10,10,10,10,20,10,30,10,10,hayır
boston celtics maçı hangi kanalda,NBA,Basketbol,Lig,1. Seviye,Global Elit,Erkek,Kulüp,Takım Sporu,ABD,Yabancı,Türk Sporcu Var,TV+ Var,Yıllık,Sürekli Lig,Kanal/Yayın,İzleme,Takım,Jenerik,Türkçe,Long-tail,tk_kanal,10,,,,,,evet,0,0,20,30,10,10,10,10,30,20,10,10,10,10,40,50,20,10,20,30,50,40,0,10,10,70,50,110,70,20,90,hayır
boston celtics canlı izle,NBA,Basketbol,Lig,1. Seviye,Global Elit,Erkek,Kulüp,Takım Sporu,ABD,Yabancı,Türk Sporcu Var,TV+ Var,Yıllık,Sürekli Lig,Canlı İzle,İzleme,Takım,Jenerik,Türkçe,Body,tk_izle,10,,,,,,evet,0,0,10,10,10,10,10,10,40,10,0,0,10,10,40,50,30,20,50,30,40,40,10,10,10,50,70,50,50,10,50,hayır
boston celtics fikstür,NBA,Basketbol,Lig,1. Seviye,Global Elit,Erkek,Kulüp,Takım Sporu,ABD,Yabancı,Türk Sporcu Var,TV+ Var,Yıllık,Sürekli Lig,Fikstür,Bilgi,Takım,Jenerik,Türkçe,Body,tk_fikstur,10,LOW,29,,,,evet,10,10,10,10,10,10,10,10,10,10,10,10,10,10,10,10,10,10,10,10,10,20,10,10,10,10,10,10,20,10,10,hayır
boston celtics puan durumu,NBA,Basketbol,Lig,1. Seviye,Global Elit,Erkek,Kulüp,Takım Sporu,ABD,Yabancı,Türk Sporcu Var,TV+ Var,Yıllık,Sürekli Lig,Puan Durumu,Bilgi,Takım,Jenerik,İngilizce,Body,tk_pd,10,LOW,0,,,,evet,10,10,10,10,10,10,10,10,10,10,10,10,10,10,40,110,210,40,50,10,10,20,10,10,10,10,10,10,30,10,10,hayır
boston celtics kadro,NBA,Basketbol,Lig,1. Seviye,Global Elit,Erkek,Kulüp,Takım Sporu,ABD,Yabancı,Türk Sporcu Var,TV+ Var,Yıllık,Sürekli Lig,Kadro,Bilgi,Takım,Jenerik,İngilizce,Body,tk_kadro,170,LOW,2,0.3,,,evet,170,140,170,140,140,90,110,140,170,390,390,140,140,110,320,210,170,260,260,210,260,390,140,170,260,1300,720,390,480,390,590,hayır
boston celtics oyuncuları,NBA,Basketbol,Lig,1. Seviye,Global Elit,Erkek,Kulüp,Takım Sporu,ABD,Yabancı,Türk Sporcu Var,TV+ Var,Yıllık,Sürekli Lig,Kadro,Bilgi,Takım,Jenerik,Türkçe,Body,tk_oyuncu,110,LOW,1,,,,evet,140,110,110,110,90,90,70,70,140,110,260,140,110,140,320,260,390,70,140,90,30,40,20,30,70,170,70,40,70,110,110,hayır
boston celtics transfer,NBA,Basketbol,Lig,1. Seviye,Global Elit,Erkek,Kulüp,Takım Sporu,ABD,Yabancı,Türk Sporcu Var,TV+ Var,Yıllık,Sürekli Lig,Transfer,Bilgi,Takım,Jenerik,İngilizce,Body,tk_transfer,10,LOW,1,,,,evet,30,10,10,10,10,10,0,10,10,30,10,10,20,10,10,0,10,10,10,10,10,20,10,10,20,10,10,10,0,10,10,hayır
boston celtics,NBA,Basketbol,Lig,1. Seviye,Global Elit,Erkek,Kulüp,Takım Sporu,ABD,Yabancı,Türk Sporcu Var,TV+ Var,Yıllık,Sürekli Lig,Takım Jenerik,Bilgi,Takım,Jenerik,İngilizce,Head,tk_jen,14800,LOW,6,0.5,0.24,0.91,evet,4400,4400,14800,27100,27100,18100,18100,22200,22200,18100,6600,3600,4400,6600,49500,27100,33100,22200,27100,27100,33100,22200,4400,5400,8100,90500,60500,33100,40500,22200,33100,hayır
chicago bulls maçı,NBA,Basketbol,Lig,1. Seviye,Global Elit,Erkek,Kulüp,Takım Sporu,ABD,Yabancı,Türk Sporcu Var,TV+ Var,Yıllık,Sürekli Lig,Takım Maç Sorgusu,Bilgi,Takım,Jenerik,Türkçe,Body,tk_mac,30,LOW,10,,,,evet,30,20,30,20,90,10,50,50,50,30,10,10,30,20,20,40,30,50,50,70,90,50,10,20,70,30,40,70,170,50,90,hayır
chicago bulls maçı ne zaman,NBA,Basketbol,Lig,1. Seviye,Global Elit,Erkek,Kulüp,Takım Sporu,ABD,Yabancı,Türk Sporcu Var,TV+ Var,Yıllık,Sürekli Lig,Takvim/Saat,Bilgi,Takım,Jenerik,Türkçe,Long-tail,tk_nezaman,,,,,,,hayir,,,,,,,,,,,,,,,,,,,,,,,,,,,,,,,,hayır
chicago bulls maçı hangi kanalda,NBA,Basketbol,Lig,1. Seviye,Global Elit,Erkek,Kulüp,Takım Sporu,ABD,Yabancı,Türk Sporcu Var,TV+ Var,Yıllık,Sürekli Lig,Kanal/Yayın,İzleme,Takım,Jenerik,Türkçe,Long-tail,tk_kanal,10,,,,,,evet,0,10,0,10,10,10,10,10,10,10,0,0,10,0,0,10,10,10,20,20,10,10,0,0,10,10,10,10,50,10,30,hayır
chicago bulls canlı izle,NBA,Basketbol,Lig,1. Seviye,Global Elit,Erkek,Kulüp,Takım Sporu,ABD,Yabancı,Türk Sporcu Var,TV+ Var,Yıllık,Sürekli Lig,Canlı İzle,İzleme,Takım,Jenerik,Türkçe,Body,tk_izle,10,MEDIUM,43,,,,evet,10,0,0,0,10,10,10,10,10,10,0,0,0,0,0,10,20,10,10,10,10,10,0,10,0,0,0,10,20,10,10,hayır
chicago bulls fikstür,NBA,Basketbol,Lig,1. Seviye,Global Elit,Erkek,Kulüp,Takım Sporu,ABD,Yabancı,Türk Sporcu Var,TV+ Var,Yıllık,Sürekli Lig,Fikstür,Bilgi,Takım,Jenerik,Türkçe,Body,tk_fikstur,10,LOW,14,,,,evet,10,10,10,0,10,10,10,10,10,10,10,10,10,10,10,10,10,10,10,10,20,10,10,10,10,10,10,10,20,10,20,hayır
chicago bulls puan durumu,NBA,Basketbol,Lig,1. Seviye,Global Elit,Erkek,Kulüp,Takım Sporu,ABD,Yabancı,Türk Sporcu Var,TV+ Var,Yıllık,Sürekli Lig,Puan Durumu,Bilgi,Takım,Jenerik,İngilizce,Body,tk_pd,10,LOW,0,,,,evet,10,20,20,10,20,10,20,10,10,10,10,10,10,10,30,50,90,20,20,10,10,10,10,10,10,20,20,10,30,20,10,hayır
chicago bulls kadro,NBA,Basketbol,Lig,1. Seviye,Global Elit,Erkek,Kulüp,Takım Sporu,ABD,Yabancı,Türk Sporcu Var,TV+ Var,Yıllık,Sürekli Lig,Kadro,Bilgi,Takım,Jenerik,İngilizce,Body,tk_kadro,90,LOW,0,,,,evet,50,50,90,50,30,40,110,140,90,140,90,50,70,70,70,70,90,90,50,50,90,110,70,90,90,70,50,110,140,110,170,hayır
chicago bulls oyuncuları,NBA,Basketbol,Lig,1. Seviye,Global Elit,Erkek,Kulüp,Takım Sporu,ABD,Yabancı,Türk Sporcu Var,TV+ Var,Yıllık,Sürekli Lig,Kadro,Bilgi,Takım,Jenerik,Türkçe,Body,tk_oyuncu,260,LOW,0,,,,evet,170,210,210,210,260,170,260,210,260,260,480,260,260,260,210,210,480,320,320,320,480,480,390,880,720,880,590,590,1000,590,480,hayır
chicago bulls transfer,NBA,Basketbol,Lig,1. Seviye,Global Elit,Erkek,Kulüp,Takım Sporu,ABD,Yabancı,Türk Sporcu Var,TV+ Var,Yıllık,Sürekli Lig,Transfer,Bilgi,Takım,Jenerik,İngilizce,Body,tk_transfer,40,LOW,0,,,,evet,40,50,50,30,20,40,50,20,30,40,50,90,70,50,30,10,10,10,10,10,10,10,10,30,40,20,20,10,10,10,10,hayır
chicago bulls,NBA,Basketbol,Lig,1. Seviye,Global Elit,Erkek,Kulüp,Takım Sporu,ABD,Yabancı,Türk Sporcu Var,TV+ Var,Yıllık,Sürekli Lig,Takım Jenerik,Bilgi,Takım,Jenerik,İngilizce,Head,tk_jen,9900,LOW,6,0.67,0.11,0.49,evet,4400,5400,8100,8100,12100,8100,12100,18100,18100,9900,8100,4400,5400,6600,8100,12100,22200,12100,14800,14800,14800,12100,5400,6600,6600,6600,8100,18100,40500,14800,18100,hayır
miami heat maçı,NBA,Basketbol,Lig,1. Seviye,Global Elit,Erkek,Kulüp,Takım Sporu,ABD,Yabancı,Türk Sporcu Var,TV+ Var,Yıllık,Sürekli Lig,Takım Maç Sorgusu,Bilgi,Takım,Jenerik,Türkçe,Body,tk_mac,30,LOW,11,,,,evet,30,10,10,50,50,20,50,50,50,30,10,10,30,10,10,40,50,40,140,50,30,50,10,10,50,10,10,90,110,50,90,hayır
miami heat maçı ne zaman,NBA,Basketbol,Lig,1. Seviye,Global Elit,Erkek,Kulüp,Takım Sporu,ABD,Yabancı,Türk Sporcu Var,TV+ Var,Yıllık,Sürekli Lig,Takvim/Saat,Bilgi,Takım,Jenerik,Türkçe,Long-tail,tk_nezaman,10,,,,,,evet,0,0,10,0,0,0,10,0,10,0,0,10,10,0,0,10,10,0,10,10,0,10,10,0,10,0,10,10,10,0,10,hayır
miami heat maçı hangi kanalda,NBA,Basketbol,Lig,1. Seviye,Global Elit,Erkek,Kulüp,Takım Sporu,ABD,Yabancı,Türk Sporcu Var,TV+ Var,Yıllık,Sürekli Lig,Kanal/Yayın,İzleme,Takım,Jenerik,Türkçe,Long-tail,tk_kanal,10,LOW,29,,,,evet,10,0,0,10,10,10,10,10,10,10,0,0,10,10,10,20,10,0,10,10,10,20,0,0,10,0,10,50,20,10,30,hayır
miami heat canlı izle,NBA,Basketbol,Lig,1. Seviye,Global Elit,Erkek,Kulüp,Takım Sporu,ABD,Yabancı,Türk Sporcu Var,TV+ Var,Yıllık,Sürekli Lig,Canlı İzle,İzleme,Takım,Jenerik,Türkçe,Body,tk_izle,10,,,,,,evet,0,0,0,10,10,10,10,10,10,10,0,0,10,0,0,10,10,10,10,10,10,10,0,0,10,10,10,10,20,10,10,hayır
miami heat fikstür,NBA,Basketbol,Lig,1. Seviye,Global Elit,Erkek,Kulüp,Takım Sporu,ABD,Yabancı,Türk Sporcu Var,TV+ Var,Yıllık,Sürekli Lig,Fikstür,Bilgi,Takım,Jenerik,Türkçe,Body,tk_fikstur,10,LOW,10,,,,evet,10,10,10,10,20,10,10,10,20,10,10,10,10,10,10,10,10,10,20,20,20,10,10,10,10,10,10,20,10,20,10,hayır
miami heat puan durumu,NBA,Basketbol,Lig,1. Seviye,Global Elit,Erkek,Kulüp,Takım Sporu,ABD,Yabancı,Türk Sporcu Var,TV+ Var,Yıllık,Sürekli Lig,Puan Durumu,Bilgi,Takım,Jenerik,İngilizce,Body,tk_pd,10,LOW,0,,,,evet,10,10,10,10,10,10,10,10,10,10,10,10,10,10,10,50,90,10,20,10,10,10,10,10,10,10,10,10,10,10,20,hayır
miami heat kadro,NBA,Basketbol,Lig,1. Seviye,Global Elit,Erkek,Kulüp,Takım Sporu,ABD,Yabancı,Türk Sporcu Var,TV+ Var,Yıllık,Sürekli Lig,Kadro,Bilgi,Takım,Jenerik,İngilizce,Body,tk_kadro,170,LOW,1,,,,evet,480,590,90,90,110,70,90,110,90,90,70,30,40,50,40,70,50,140,110,110,110,140,50,70,90,70,140,260,170,170,320,hayır
miami heat oyuncuları,NBA,Basketbol,Lig,1. Seviye,Global Elit,Erkek,Kulüp,Takım Sporu,ABD,Yabancı,Türk Sporcu Var,TV+ Var,Yıllık,Sürekli Lig,Kadro,Bilgi,Takım,Jenerik,Türkçe,Body,tk_oyuncu,90,LOW,1,,,,evet,90,140,50,30,50,40,50,70,110,140,170,110,140,110,110,260,260,210,210,170,170,170,140,390,320,320,170,320,320,210,260,hayır
miami heat transfer,NBA,Basketbol,Lig,1. Seviye,Global Elit,Erkek,Kulüp,Takım Sporu,ABD,Yabancı,Türk Sporcu Var,TV+ Var,Yıllık,Sürekli Lig,Transfer,Bilgi,Takım,Jenerik,İngilizce,Body,tk_transfer,10,LOW,3,,,,evet,30,10,10,0,10,0,10,0,10,10,10,10,10,10,10,10,10,10,10,10,10,10,10,10,10,10,10,10,10,10,0,hayır
miami heat,NBA,Basketbol,Lig,1. Seviye,Global Elit,Erkek,Kulüp,Takım Sporu,ABD,Yabancı,Türk Sporcu Var,TV+ Var,Yıllık,Sürekli Lig,Takım Jenerik,Bilgi,Takım,Jenerik,İngilizce,Head,tk_jen,8100,LOW,5,0.43,0.23,0.86,evet,3600,4400,2900,8100,27100,9900,12100,9900,14800,8100,2900,1300,2400,1900,2900,18100,14800,8100,18100,14800,9900,8100,1600,1900,2900,2400,4400,27100,18100,14800,18100,hayır
denver nuggets maçı,NBA,Basketbol,Lig,1. Seviye,Global Elit,Erkek,Kulüp,Takım Sporu,ABD,Yabancı,Türk Sporcu Var,TV+ Var,Yıllık,Sürekli Lig,Takım Maç Sorgusu,Bilgi,Takım,Jenerik,Türkçe,Body,tk_mac,10,LOW,14,0.67,,,evet,10,0,10,50,20,10,30,20,20,10,10,10,10,10,20,70,70,20,20,10,20,10,10,10,10,10,50,20,30,10,110,hayır
denver nuggets maçı ne zaman,NBA,Basketbol,Lig,1. Seviye,Global Elit,Erkek,Kulüp,Takım Sporu,ABD,Yabancı,Türk Sporcu Var,TV+ Var,Yıllık,Sürekli Lig,Takvim/Saat,Bilgi,Takım,Jenerik,Türkçe,Long-tail,tk_nezaman,,,,,,,hayir,,,,,,,,,,,,,,,,,,,,,,,,,,,,,,,,hayır
denver nuggets maçı hangi kanalda,NBA,Basketbol,Lig,1. Seviye,Global Elit,Erkek,Kulüp,Takım Sporu,ABD,Yabancı,Türk Sporcu Var,TV+ Var,Yıllık,Sürekli Lig,Kanal/Yayın,İzleme,Takım,Jenerik,Türkçe,Long-tail,tk_kanal,10,,,,,,evet,0,10,10,50,10,10,10,10,10,10,10,10,10,0,110,30,10,10,10,10,10,10,10,0,10,10,40,10,10,10,40,hayır
denver nuggets canlı izle,NBA,Basketbol,Lig,1. Seviye,Global Elit,Erkek,Kulüp,Takım Sporu,ABD,Yabancı,Türk Sporcu Var,TV+ Var,Yıllık,Sürekli Lig,Canlı İzle,İzleme,Takım,Jenerik,Türkçe,Body,tk_izle,10,MEDIUM,36,0.05,,,evet,10,0,0,20,10,10,10,10,10,10,0,0,0,0,10,10,10,10,10,10,10,10,10,10,10,10,10,10,20,10,20,hayır
denver nuggets fikstür,NBA,Basketbol,Lig,1. Seviye,Global Elit,Erkek,Kulüp,Takım Sporu,ABD,Yabancı,Türk Sporcu Var,TV+ Var,Yıllık,Sürekli Lig,Fikstür,Bilgi,Takım,Jenerik,Türkçe,Body,tk_fikstur,,,,,,,hayir,,,,,,,,,,,,,,,,,,,,,,,,,,,,,,,,hayır
denver nuggets puan durumu,NBA,Basketbol,Lig,1. Seviye,Global Elit,Erkek,Kulüp,Takım Sporu,ABD,Yabancı,Türk Sporcu Var,TV+ Var,Yıllık,Sürekli Lig,Puan Durumu,Bilgi,Takım,Jenerik,İngilizce,Body,tk_pd,10,LOW,7,,,,evet,10,0,10,10,10,10,10,10,10,0,10,10,0,10,30,210,210,30,0,0,0,0,0,0,0,0,0,0,0,0,0,hayır
denver nuggets kadro,NBA,Basketbol,Lig,1. Seviye,Global Elit,Erkek,Kulüp,Takım Sporu,ABD,Yabancı,Türk Sporcu Var,TV+ Var,Yıllık,Sürekli Lig,Kadro,Bilgi,Takım,Jenerik,İngilizce,Body,tk_kadro,70,LOW,1,,,,evet,50,30,40,70,50,70,50,110,110,140,90,50,50,40,70,70,50,50,40,50,70,90,70,50,70,30,210,140,110,90,140,hayır
denver nuggets oyuncuları,NBA,Basketbol,Lig,1. Seviye,Global Elit,Erkek,Kulüp,Takım Sporu,ABD,Yabancı,Türk Sporcu Var,TV+ Var,Yıllık,Sürekli Lig,Kadro,Bilgi,Takım,Jenerik,Türkçe,Body,tk_oyuncu,50,LOW,1,,,,evet,20,20,20,30,20,20,30,70,50,40,140,90,90,70,480,260,480,210,210,90,170,210,140,390,320,110,320,260,260,110,170,hayır
denver nuggets transfer,NBA,Basketbol,Lig,1. Seviye,Global Elit,Erkek,Kulüp,Takım Sporu,ABD,Yabancı,Türk Sporcu Var,TV+ Var,Yıllık,Sürekli Lig,Transfer,Bilgi,Takım,Jenerik,İngilizce,Body,tk_transfer,10,LOW,2,,,,evet,10,10,10,10,10,0,10,0,0,10,10,10,30,10,10,10,10,10,10,10,10,10,10,10,10,10,0,0,0,0,10,hayır
denver nuggets,NBA,Basketbol,Lig,1. Seviye,Global Elit,Erkek,Kulüp,Takım Sporu,ABD,Yabancı,Türk Sporcu Var,TV+ Var,Yıllık,Sürekli Lig,Takım Jenerik,Bilgi,Takım,Jenerik,İngilizce,Head,tk_jen,14800,LOW,4,,0.28,4.94,evet,1300,1600,6600,40500,22200,18100,18100,33100,27100,12100,5400,1300,2900,1900,74000,40500,27100,14800,22200,18100,14800,9900,1300,1900,1900,1900,49500,22200,22200,9900,22200,hayır
oklahoma city thunder maçı,NBA,Basketbol,Lig,1. Seviye,Global Elit,Erkek,Kulüp,Takım Sporu,ABD,Yabancı,Türk Sporcu Var,TV+ Var,Yıllık,Sürekli Lig,Takım Maç Sorgusu,Bilgi,Takım,Jenerik,Türkçe,Body,tk_mac,10,LOW,8,,,,evet,10,10,10,10,10,10,10,30,10,10,10,0,10,20,10,20,10,10,10,10,10,10,0,0,20,0,10,10,10,10,10,hayır
oklahoma city thunder maçı ne zaman,NBA,Basketbol,Lig,1. Seviye,Global Elit,Erkek,Kulüp,Takım Sporu,ABD,Yabancı,Türk Sporcu Var,TV+ Var,Yıllık,Sürekli Lig,Takvim/Saat,Bilgi,Takım,Jenerik,Türkçe,Long-tail,tk_nezaman,,,,,,,hayir,,,,,,,,,,,,,,,,,,,,,,,,,,,,,,,,hayır
oklahoma city thunder maçı hangi kanalda,NBA,Basketbol,Lig,1. Seviye,Global Elit,Erkek,Kulüp,Takım Sporu,ABD,Yabancı,Türk Sporcu Var,TV+ Var,Yıllık,Sürekli Lig,Kanal/Yayın,İzleme,Takım,Jenerik,Türkçe,Long-tail,tk_kanal,10,LOW,10,,,,evet,10,0,110,10,10,10,10,10,10,10,0,0,10,10,10,10,10,10,0,10,10,10,0,0,10,0,10,10,10,10,10,hayır
oklahoma city thunder canlı izle,NBA,Basketbol,Lig,1. Seviye,Global Elit,Erkek,Kulüp,Takım Sporu,ABD,Yabancı,Türk Sporcu Var,TV+ Var,Yıllık,Sürekli Lig,Canlı İzle,İzleme,Takım,Jenerik,Türkçe,Long-tail,tk_izle,10,MEDIUM,43,,,,evet,10,0,30,10,10,10,10,10,20,10,0,0,10,10,10,0,10,0,10,10,10,0,0,0,0,0,10,10,10,10,10,hayır
oklahoma city thunder fikstür,NBA,Basketbol,Lig,1. Seviye,Global Elit,Erkek,Kulüp,Takım Sporu,ABD,Yabancı,Türk Sporcu Var,TV+ Var,Yıllık,Sürekli Lig,Fikstür,Bilgi,Takım,Jenerik,Türkçe,Body,tk_fikstur,10,LOW,0,,,,evet,10,0,10,0,10,10,10,10,10,10,0,10,10,10,10,10,10,0,10,10,10,0,0,0,10,0,0,10,10,10,10,hayır
oklahoma city thunder puan durumu,NBA,Basketbol,Lig,1. Seviye,Global Elit,Erkek,Kulüp,Takım Sporu,ABD,Yabancı,Türk Sporcu Var,TV+ Var,Yıllık,Sürekli Lig,Puan Durumu,Bilgi,Takım,Jenerik,İngilizce,Long-tail,tk_pd,10,,,,,,evet,0,0,10,10,10,10,10,10,10,0,10,0,10,0,30,170,140,30,50,10,0,10,0,10,0,0,10,10,10,10,10,hayır
oklahoma city thunder kadro,NBA,Basketbol,Lig,1. Seviye,Global Elit,Erkek,Kulüp,Takım Sporu,ABD,Yabancı,Türk Sporcu Var,TV+ Var,Yıllık,Sürekli Lig,Kadro,Bilgi,Takım,Jenerik,İngilizce,Body,tk_kadro,110,LOW,1,,,,evet,30,30,260,50,40,40,30,90,70,140,320,170,70,260,140,50,40,30,50,50,40,70,30,30,20,20,140,90,70,70,140,hayır
oklahoma city thunder oyuncuları,NBA,Basketbol,Lig,1. Seviye,Global Elit,Erkek,Kulüp,Takım Sporu,ABD,Yabancı,Türk Sporcu Var,TV+ Var,Yıllık,Sürekli Lig,Kadro,Bilgi,Takım,Jenerik,Türkçe,Body,tk_oyuncu,50,LOW,5,0.18,,,evet,20,30,140,20,40,20,30,50,30,20,90,50,50,170,480,480,880,10,50,10,10,10,10,10,10,0,10,10,10,10,10,hayır
oklahoma city thunder transfer,NBA,Basketbol,Lig,1. Seviye,Global Elit,Erkek,Kulüp,Takım Sporu,ABD,Yabancı,Türk Sporcu Var,TV+ Var,Yıllık,Sürekli Lig,Transfer,Bilgi,Takım,Jenerik,İngilizce,Body,tk_transfer,10,LOW,0,,,,evet,10,10,0,0,0,10,0,10,10,10,10,10,10,10,10,0,10,0,0,0,10,10,10,10,10,0,0,0,0,10,0,hayır
oklahoma city thunder,NBA,Basketbol,Lig,1. Seviye,Global Elit,Erkek,Kulüp,Takım Sporu,ABD,Yabancı,Türk Sporcu Var,TV+ Var,Yıllık,Sürekli Lig,Takım Jenerik,Bilgi,Takım,Jenerik,İngilizce,Body,tk_jen,27100,LOW,5,0.38,0.2,0.85,evet,3600,8100,90500,22200,22200,18100,22200,49500,33100,18100,5400,2900,5400,90500,74000,27100,22200,14800,18100,18100,12100,6600,1600,1600,2400,1900,14800,14800,12100,9900,14800,hayır
new york knicks maçı,NBA,Basketbol,Lig,1. Seviye,Global Elit,Erkek,Kulüp,Takım Sporu,ABD,Yabancı,Türk Sporcu Var,TV+ Var,Yıllık,Sürekli Lig,Takım Maç Sorgusu,Bilgi,Takım,Jenerik,Türkçe,Body,tk_mac,20,LOW,7,,,,evet,10,50,50,10,50,10,10,30,10,10,10,10,30,10,40,20,10,40,20,90,30,20,10,10,40,10,20,50,20,10,110,hayır
new york knicks maçı ne zaman,NBA,Basketbol,Lig,1. Seviye,Global Elit,Erkek,Kulüp,Takım Sporu,ABD,Yabancı,Türk Sporcu Var,TV+ Var,Yıllık,Sürekli Lig,Takvim/Saat,Bilgi,Takım,Jenerik,Türkçe,Long-tail,tk_nezaman,,,,,,,hayir,,,,,,,,,,,,,,,,,,,,,,,,,,,,,,,,hayır
new york knicks maçı hangi kanalda,NBA,Basketbol,Lig,1. Seviye,Global Elit,Erkek,Kulüp,Takım Sporu,ABD,Yabancı,Türk Sporcu Var,TV+ Var,Yıllık,Sürekli Lig,Kanal/Yayın,İzleme,Takım,Jenerik,Türkçe,Long-tail,tk_kanal,10,LOW,14,,,,evet,10,140,30,0,0,0,0,0,0,0,0,0,0,0,0,0,0,0,0,0,0,0,0,0,0,0,0,0,0,0,0,hayır
new york knicks canlı izle,NBA,Basketbol,Lig,1. Seviye,Global Elit,Erkek,Kulüp,Takım Sporu,ABD,Yabancı,Türk Sporcu Var,TV+ Var,Yıllık,Sürekli Lig,Canlı İzle,İzleme,Takım,Jenerik,Türkçe,Long-tail,tk_izle,10,,,,,,evet,0,20,10,10,10,10,10,10,10,10,0,0,10,0,10,10,10,10,10,10,10,10,10,0,10,10,20,20,10,10,10,hayır
new york knicks fikstür,NBA,Basketbol,Lig,1. Seviye,Global Elit,Erkek,Kulüp,Takım Sporu,ABD,Yabancı,Türk Sporcu Var,TV+ Var,Yıllık,Sürekli Lig,Fikstür,Bilgi,Takım,Jenerik,Türkçe,Body,tk_fikstur,10,LOW,30,0.3,,,evet,10,10,20,10,10,10,10,10,10,10,0,10,10,10,10,10,10,10,10,10,20,20,10,10,10,10,10,10,10,10,10,hayır
new york knicks puan durumu,NBA,Basketbol,Lig,1. Seviye,Global Elit,Erkek,Kulüp,Takım Sporu,ABD,Yabancı,Türk Sporcu Var,TV+ Var,Yıllık,Sürekli Lig,Puan Durumu,Bilgi,Takım,Jenerik,İngilizce,Long-tail,tk_pd,10,LOW,0,,,,evet,10,10,0,10,10,10,0,10,10,0,10,10,0,10,10,40,70,10,20,10,10,10,10,10,10,10,10,10,10,10,10,hayır
new york knicks kadro,NBA,Basketbol,Lig,1. Seviye,Global Elit,Erkek,Kulüp,Takım Sporu,ABD,Yabancı,Türk Sporcu Var,TV+ Var,Yıllık,Sürekli Lig,Kadro,Bilgi,Takım,Jenerik,İngilizce,Body,tk_kadro,140,LOW,1,,,,evet,210,590,320,40,50,40,40,70,50,70,50,40,30,30,210,40,40,70,50,70,90,170,90,70,70,40,210,90,70,70,170,hayır
new york knicks oyuncuları,NBA,Basketbol,Lig,1. Seviye,Global Elit,Erkek,Kulüp,Takım Sporu,ABD,Yabancı,Türk Sporcu Var,TV+ Var,Yıllık,Sürekli Lig,Kadro,Bilgi,Takım,Jenerik,Türkçe,Body,tk_oyuncu,70,LOW,1,,,,evet,90,320,90,30,30,20,20,50,40,50,40,50,40,30,390,140,260,50,50,10,10,10,10,10,10,10,40,40,10,10,10,hayır
new york knicks transfer,NBA,Basketbol,Lig,1. Seviye,Global Elit,Erkek,Kulüp,Takım Sporu,ABD,Yabancı,Türk Sporcu Var,TV+ Var,Yıllık,Sürekli Lig,Transfer,Bilgi,Takım,Jenerik,İngilizce,Body,tk_transfer,10,LOW,0,,,,evet,10,10,10,10,10,10,10,10,10,10,10,10,10,10,10,0,10,10,10,10,10,10,10,10,10,10,10,10,10,10,10,hayır
new york knicks,NBA,Basketbol,Lig,1. Seviye,Global Elit,Erkek,Kulüp,Takım Sporu,ABD,Yabancı,Türk Sporcu Var,TV+ Var,Yıllık,Sürekli Lig,Takım Jenerik,Bilgi,Takım,Jenerik,İngilizce,Body,tk_jen,14800,LOW,4,0.85,0.22,0.84,evet,3600,74000,40500,9900,9900,6600,9900,18100,9900,6600,2400,1300,1900,3600,40500,12100,9900,6600,9900,12100,9900,6600,1600,1300,1900,1600,22200,14800,9900,6600,14800,hayır
vakıfbank maçı,Sultanlar Ligi,Voleybol,Lig,1. Seviye,Üst,Kadın,Kulüp,Takım Sporu,Türkiye,Yerli,Türk Takımı Var,Doğrulanacak,Yıllık,Sürekli Lig,Takım Maç Sorgusu,Bilgi,Takım,Jenerik,Türkçe,Head,tk_mac,,,,,,,hayir,,,,,,,,,,,,,,,,,,,,,,,,,,,,,,,,hayır
vakıfbank maçı ne zaman,Sultanlar Ligi,Voleybol,Lig,1. Seviye,Üst,Kadın,Kulüp,Takım Sporu,Türkiye,Yerli,Türk Takımı Var,Doğrulanacak,Yıllık,Sürekli Lig,Takvim/Saat,Bilgi,Takım,Jenerik,Türkçe,Body,tk_nezaman,260,LOW,0,,,,evet,10,30,1300,590,480,170,390,110,170,140,40,10,10,20,480,260,170,110,210,140,390,260,140,70,10,10,30,140,260,720,590,hayır
vakıfbank maçı hangi kanalda,Sultanlar Ligi,Voleybol,Lig,1. Seviye,Üst,Kadın,Kulüp,Takım Sporu,Türkiye,Yerli,Türk Takımı Var,Doğrulanacak,Yıllık,Sürekli Lig,Kanal/Yayın,İzleme,Takım,Jenerik,Türkçe,Body,tk_kanal,320,LOW,0,,,,evet,10,10,880,320,880,480,880,170,260,260,90,10,10,10,3600,140,260,140,390,210,880,170,70,10,10,10,10,90,210,2900,1600,hayır
vakıfbank canlı izle,Sultanlar Ligi,Voleybol,Lig,1. Seviye,Üst,Kadın,Kulüp,Takım Sporu,Türkiye,Yerli,Türk Takımı Var,Doğrulanacak,Yıllık,Sürekli Lig,Canlı İzle,İzleme,Takım,Jenerik,Türkçe,Body,tk_izle,10,,,,,,evet,0,10,20,10,10,10,10,10,10,10,10,10,10,0,40,10,10,10,10,10,40,10,10,10,0,10,10,10,10,170,40,hayır
vakıfbank fikstür,Sultanlar Ligi,Voleybol,Lig,1. Seviye,Üst,Kadın,Kulüp,Takım Sporu,Türkiye,Yerli,Türk Takımı Var,Doğrulanacak,Yıllık,Sürekli Lig,Fikstür,Bilgi,Takım,Jenerik,Türkçe,Head,tk_fikstur,,,,,,,hayir,,,,,,,,,,,,,,,,,,,,,,,,,,,,,,,,hayır
vakıfbank puan durumu,Sultanlar Ligi,Voleybol,Lig,1. Seviye,Üst,Kadın,Kulüp,Takım Sporu,Türkiye,Yerli,Türk Takımı Var,Doğrulanacak,Yıllık,Sürekli Lig,Puan Durumu,Bilgi,Takım,Jenerik,Türkçe,Body,tk_pd,30,LOW,0,,,,evet,10,10,50,70,50,50,70,40,20,10,10,0,10,10,10,20,30,10,20,30,70,30,70,10,10,10,10,20,70,50,70,hayır
vakıfbank kadro,Sultanlar Ligi,Voleybol,Lig,1. Seviye,Üst,Kadın,Kulüp,Takım Sporu,Türkiye,Yerli,Türk Takımı Var,Doğrulanacak,Yıllık,Sürekli Lig,Kadro,Bilgi,Takım,Jenerik,Türkçe,Head,tk_kadro,,,,,,,hayir,,,,,,,,,,,,,,,,,,,,,,,,,,,,,,,,hayır
vakıfbank oyuncuları,Sultanlar Ligi,Voleybol,Lig,1. Seviye,Üst,Kadın,Kulüp,Takım Sporu,Türkiye,Yerli,Türk Takımı Var,Doğrulanacak,Yıllık,Sürekli Lig,Kadro,Bilgi,Takım,Jenerik,Türkçe,Head,tk_oyuncu,,,,,,,hayir,,,,,,,,,,,,,,,,,,,,,,,,,,,,,,,,hayır
vakıfbank transfer,Sultanlar Ligi,Voleybol,Lig,1. Seviye,Üst,Kadın,Kulüp,Takım Sporu,Türkiye,Yerli,Türk Takımı Var,Doğrulanacak,Yıllık,Sürekli Lig,Transfer,Bilgi,Takım,Jenerik,Türkçe,Head,tk_transfer,70,LOW,0,,,,evet,90,110,210,90,30,30,110,20,20,30,50,70,70,260,320,170,90,90,50,40,30,30,50,260,110,210,720,880,210,140,90,hayır
vakıfbank,Sultanlar Ligi,Voleybol,Lig,1. Seviye,Üst,Kadın,Kulüp,Takım Sporu,Türkiye,Yerli,Türk Takımı Var,Doğrulanacak,Yıllık,Sürekli Lig,Takım Jenerik,Bilgi,Takım,Jenerik,Türkçe,Head,tk_jen,1220000,LOW,2,1,0.26,1.71,evet,1000000,1000000,1000000,1000000,1220000,1220000,1220000,1220000,1500000,1500000,1500000,1500000,1830000,1500000,1500000,1500000,1500000,1500000,1830000,1500000,1500000,1500000,1500000,1500000,1500000,1220000,1500000,1500000,1500000,1500000,1500000,hayır
fenerbahçe opet maçı,Sultanlar Ligi,Voleybol,Lig,1. Seviye,Üst,Kadın,Kulüp,Takım Sporu,Türkiye,Yerli,Türk Takımı Var,Doğrulanacak,Yıllık,Sürekli Lig,Takım Maç Sorgusu,Bilgi,Takım,Jenerik,Türkçe,Body,tk_mac,1000,LOW,0,,,,evet,20,90,320,2900,1600,1900,3600,1600,1000,880,110,10,30,70,140,1300,1000,880,1000,1000,1000,1300,140,90,50,110,320,5400,9900,6600,3600,hayır
fenerbahçe opet maçı ne zaman,Sultanlar Ligi,Voleybol,Lig,1. Seviye,Üst,Kadın,Kulüp,Takım Sporu,Türkiye,Yerli,Türk Takımı Var,Doğrulanacak,Yıllık,Sürekli Lig,Takvim/Saat,Bilgi,Takım,Jenerik,Türkçe,Long-tail,tk_nezaman,90,LOW,0,,,,evet,10,10,30,320,170,110,140,110,70,90,10,10,10,10,10,90,70,40,40,40,50,90,20,20,20,10,20,590,590,390,320,hayır
fenerbahçe opet maçı hangi kanalda,Sultanlar Ligi,Voleybol,Lig,1. Seviye,Üst,Kadın,Kulüp,Takım Sporu,Türkiye,Yerli,Türk Takımı Var,Doğrulanacak,Yıllık,Sürekli Lig,Kanal/Yayın,İzleme,Takım,Jenerik,Türkçe,Long-tail,tk_kanal,390,LOW,2,,,,evet,10,20,50,880,590,720,1000,590,480,480,70,10,10,10,30,880,390,320,320,320,480,590,20,30,10,30,40,1000,4400,2400,1600,hayır
fenerbahçe opet canlı izle,Sultanlar Ligi,Voleybol,Lig,1. Seviye,Üst,Kadın,Kulüp,Takım Sporu,Türkiye,Yerli,Türk Takımı Var,Doğrulanacak,Yıllık,Sürekli Lig,Canlı İzle,İzleme,Takım,Jenerik,Türkçe,Body,tk_izle,10,,,,,,evet,0,0,10,20,10,10,30,10,10,20,10,0,0,0,10,30,10,10,10,20,30,50,10,10,10,10,10,70,590,390,260,hayır
fenerbahçe opet fikstür,Sultanlar Ligi,Voleybol,Lig,1. Seviye,Üst,Kadın,Kulüp,Takım Sporu,Türkiye,Yerli,Türk Takımı Var,Doğrulanacak,Yıllık,Sürekli Lig,Fikstür,Bilgi,Takım,Jenerik,Türkçe,Body,tk_fikstur,590,LOW,0,,,,evet,30,70,170,880,720,880,1300,880,1000,1300,320,90,70,170,260,1300,1300,1600,1600,1000,1900,1900,720,590,390,320,590,4400,8100,5400,5400,hayır
fenerbahçe opet puan durumu,Sultanlar Ligi,Voleybol,Lig,1. Seviye,Üst,Kadın,Kulüp,Takım Sporu,Türkiye,Yerli,Türk Takımı Var,Doğrulanacak,Yıllık,Sürekli Lig,Puan Durumu,Bilgi,Takım,Jenerik,Türkçe,Body,tk_pd,170,LOW,0,,,,evet,10,10,90,320,170,480,480,210,170,110,10,10,10,30,110,260,260,480,480,390,260,260,10,10,20,50,140,590,2400,1000,880,hayır
fenerbahçe opet kadro,Sultanlar Ligi,Voleybol,Lig,1. Seviye,Üst,Kadın,Kulüp,Takım Sporu,Türkiye,Yerli,Türk Takımı Var,Doğrulanacak,Yıllık,Sürekli Lig,Kadro,Bilgi,Takım,Jenerik,Türkçe,Body,tk_kadro,390,LOW,0,,,,evet,110,110,70,590,320,390,390,480,480,1300,590,140,210,480,260,480,390,480,480,480,590,1300,480,1000,590,880,1000,2900,3600,1300,880,hayır
fenerbahçe opet oyuncuları,Sultanlar Ligi,Voleybol,Lig,1. Seviye,Üst,Kadın,Kulüp,Takım Sporu,Türkiye,Yerli,Türk Takımı Var,Doğrulanacak,Yıllık,Sürekli Lig,Kadro,Bilgi,Takım,Jenerik,Türkçe,Body,tk_oyuncu,70,LOW,0,,,,evet,10,10,30,260,50,70,110,70,50,70,70,10,30,30,20,90,50,90,70,70,50,110,20,90,40,90,170,1000,1000,260,210,hayır
fenerbahçe opet transfer,Sultanlar Ligi,Voleybol,Lig,1. Seviye,Üst,Kadın,Kulüp,Takım Sporu,Türkiye,Yerli,Türk Takımı Var,Doğrulanacak,Yıllık,Sürekli Lig,Transfer,Bilgi,Takım,Jenerik,Türkçe,Body,tk_transfer,320,LOW,0,,,,evet,720,480,590,1000,70,140,90,90,70,140,70,40,590,320,320,260,110,260,210,140,20,110,110,320,720,1900,2900,3600,390,140,170,hayır
fenerbahçe opet,Sultanlar Ligi,Voleybol,Lig,1. Seviye,Üst,Kadın,Kulüp,Takım Sporu,Türkiye,Yerli,Türk Takımı Var,Doğrulanacak,Yıllık,Sürekli Lig,Takım Jenerik,Bilgi,Takım,Jenerik,Türkçe,Head,tk_jen,9900,LOW,0,0.52,,,evet,1000,1600,4400,27100,8100,12100,22200,9900,9900,9900,2900,720,1900,2400,4400,27100,12100,9900,9900,9900,8100,22200,1900,3600,4400,8100,12100,74000,74000,33100,18100,hayır
eczacıbaşı maçı,Sultanlar Ligi,Voleybol,Lig,1. Seviye,Üst,Kadın,Kulüp,Takım Sporu,Türkiye,Yerli,Türk Takımı Var,Doğrulanacak,Yıllık,Sürekli Lig,Takım Maç Sorgusu,Bilgi,Takım,Jenerik,Türkçe,Head,tk_mac,1300,LOW,5,,,,evet,50,50,3600,590,4400,1300,1900,880,1000,1000,110,30,10,40,90,590,1300,720,1000,720,1300,1000,210,110,20,50,110,1000,2900,1600,1300,hayır
eczacıbaşı maçı ne zaman,Sultanlar Ligi,Voleybol,Lig,1. Seviye,Üst,Kadın,Kulüp,Takım Sporu,Türkiye,Yerli,Türk Takımı Var,Doğrulanacak,Yıllık,Sürekli Lig,Takvim/Saat,Bilgi,Takım,Jenerik,Türkçe,Body,tk_nezaman,210,LOW,4,,,,evet,10,10,880,140,260,210,390,140,110,210,30,10,10,10,10,110,260,140,210,110,320,170,50,20,10,20,20,170,480,320,260,hayır
eczacıbaşı maçı hangi kanalda,Sultanlar Ligi,Voleybol,Lig,1. Seviye,Üst,Kadın,Kulüp,Takım Sporu,Türkiye,Yerli,Türk Takımı Var,Doğrulanacak,Yıllık,Sürekli Lig,Kanal/Yayın,İzleme,Takım,Jenerik,Türkçe,Body,tk_kanal,320,LOW,0,,,,evet,10,10,880,40,1000,320,880,140,170,210,10,10,10,10,10,70,880,140,320,320,590,170,50,10,10,10,20,210,2400,1600,720,hayır
eczacıbaşı canlı izle,Sultanlar Ligi,Voleybol,Lig,1. Seviye,Üst,Kadın,Kulüp,Takım Sporu,Türkiye,Yerli,Türk Takımı Var,Doğrulanacak,Yıllık,Sürekli Lig,Canlı İzle,İzleme,Takım,Jenerik,Türkçe,Body,tk_izle,30,,,,,,evet,0,0,30,10,110,50,70,10,10,20,0,0,0,10,10,10,110,10,40,10,110,20,10,10,10,10,10,20,210,140,90,hayır
eczacıbaşı fikstür,Sultanlar Ligi,Voleybol,Lig,1. Seviye,Üst,Kadın,Kulüp,Takım Sporu,Türkiye,Yerli,Türk Takımı Var,Doğrulanacak,Yıllık,Sürekli Lig,Fikstür,Bilgi,Takım,Jenerik,Türkçe,Head,tk_fikstur,390,LOW,5,,,,evet,10,10,70,170,590,720,880,480,720,720,110,30,10,10,20,260,590,720,880,480,720,720,170,110,10,10,20,320,1000,720,720,hayır
eczacıbaşı puan durumu,Sultanlar Ligi,Voleybol,Lig,1. Seviye,Üst,Kadın,Kulüp,Takım Sporu,Türkiye,Yerli,Türk Takımı Var,Doğrulanacak,Yıllık,Sürekli Lig,Puan Durumu,Bilgi,Takım,Jenerik,Türkçe,Body,tk_pd,30,LOW,0,,,,evet,10,10,10,20,70,90,90,40,70,30,10,10,10,10,10,70,90,90,170,90,90,50,10,10,10,10,20,110,170,140,70,hayır
eczacıbaşı kadro,Sultanlar Ligi,Voleybol,Lig,1. Seviye,Üst,Kadın,Kulüp,Takım Sporu,Türkiye,Yerli,Türk Takımı Var,Doğrulanacak,Yıllık,Sürekli Lig,Kadro,Bilgi,Takım,Jenerik,Türkçe,Head,tk_kadro,880,LOW,0,0.39,,,evet,390,390,1300,590,1000,720,1000,880,880,1600,720,260,480,590,480,1600,880,880,1000,720,880,1600,590,1600,390,720,590,1600,1600,880,880,hayır
eczacıbaşı oyuncuları,Sultanlar Ligi,Voleybol,Lig,1. Seviye,Üst,Kadın,Kulüp,Takım Sporu,Türkiye,Yerli,Türk Takımı Var,Doğrulanacak,Yıllık,Sürekli Lig,Kadro,Bilgi,Takım,Jenerik,Türkçe,Head,tk_oyuncu,480,LOW,1,0.43,,,evet,210,210,720,390,720,480,720,390,720,590,260,170,170,320,260,880,480,590,720,480,590,720,320,880,260,480,590,1300,1300,720,720,hayır
eczacıbaşı transfer,Sultanlar Ligi,Voleybol,Lig,1. Seviye,Üst,Kadın,Kulüp,Takım Sporu,Türkiye,Yerli,Türk Takımı Var,Doğrulanacak,Yıllık,Sürekli Lig,Transfer,Bilgi,Takım,Jenerik,Türkçe,Head,tk_transfer,110,LOW,0,,,,evet,90,170,480,110,90,70,140,140,10,10,30,40,70,210,320,320,20,50,30,20,10,20,20,70,40,140,320,390,140,50,20,hayır
eczacıbaşı,Sultanlar Ligi,Voleybol,Lig,1. Seviye,Üst,Kadın,Kulüp,Takım Sporu,Türkiye,Yerli,Türk Takımı Var,Doğrulanacak,Yıllık,Sürekli Lig,Takım Jenerik,Bilgi,Takım,Jenerik,Türkçe,Head,tk_jen,14800,LOW,5,0.29,0.07,1.04,evet,9900,9900,14800,12100,18100,14800,14800,14800,14800,22200,14800,12100,12100,14800,18100,27100,22200,18100,22200,18100,22200,22200,14800,22200,14800,18100,22200,40500,49500,33100,27100,hayır
galatasaray daikin maçı,Sultanlar Ligi,Voleybol,Lig,1. Seviye,Üst,Kadın,Kulüp,Takım Sporu,Türkiye,Yerli,Türk Takımı Var,Doğrulanacak,Yıllık,Sürekli Lig,Takım Maç Sorgusu,Bilgi,Takım,Jenerik,Türkçe,Body,tk_mac,170,LOW,0,,,,evet,10,10,30,1300,320,210,170,110,50,140,10,0,0,0,10,210,40,90,50,30,70,70,30,10,10,0,10,40,30,20,70,hayır
galatasaray daikin maçı ne zaman,Sultanlar Ligi,Voleybol,Lig,1. Seviye,Üst,Kadın,Kulüp,Takım Sporu,Türkiye,Yerli,Türk Takımı Var,Doğrulanacak,Yıllık,Sürekli Lig,Takvim/Saat,Bilgi,Takım,Jenerik,Türkçe,Long-tail,tk_nezaman,50,LOW,0,,,,evet,10,0,10,110,70,70,90,70,70,70,10,10,10,10,10,20,20,140,70,90,70,50,0,0,0,0,0,0,0,0,0,hayır
galatasaray daikin maçı hangi kanalda,Sultanlar Ligi,Voleybol,Lig,1. Seviye,Üst,Kadın,Kulüp,Takım Sporu,Türkiye,Yerli,Türk Takımı Var,Doğrulanacak,Yıllık,Sürekli Lig,Kanal/Yayın,İzleme,Takım,Jenerik,Türkçe,Long-tail,tk_kanal,140,LOW,0,,,,evet,10,0,10,210,320,320,480,90,140,110,10,10,10,10,0,110,40,110,90,70,320,210,70,10,0,0,0,10,10,10,30,hayır
galatasaray daikin canlı izle,Sultanlar Ligi,Voleybol,Lig,1. Seviye,Üst,Kadın,Kulüp,Takım Sporu,Türkiye,Yerli,Türk Takımı Var,Doğrulanacak,Yıllık,Sürekli Lig,Canlı İzle,İzleme,Takım,Jenerik,Türkçe,Body,tk_izle,20,,,,,,evet,0,10,0,50,40,70,70,20,10,10,10,0,0,0,0,10,10,20,10,10,40,10,0,0,0,0,0,0,0,0,0,hayır
galatasaray daikin fikstür,Sultanlar Ligi,Voleybol,Lig,1. Seviye,Üst,Kadın,Kulüp,Takım Sporu,Türkiye,Yerli,Türk Takımı Var,Doğrulanacak,Yıllık,Sürekli Lig,Fikstür,Bilgi,Takım,Jenerik,Türkçe,Body,tk_fikstur,590,LOW,0,,,,evet,40,10,30,720,720,1000,880,880,880,1000,170,40,10,10,30,390,590,880,12100,720,880,1600,170,20,10,10,10,30,40,50,90,hayır
galatasaray daikin puan durumu,Sultanlar Ligi,Voleybol,Lig,1. Seviye,Üst,Kadın,Kulüp,Takım Sporu,Türkiye,Yerli,Türk Takımı Var,Doğrulanacak,Yıllık,Sürekli Lig,Puan Durumu,Bilgi,Takım,Jenerik,İngilizce,Body,tk_pd,170,LOW,0,,,,evet,10,10,20,390,140,320,320,260,390,260,30,10,20,30,50,480,210,320,390,720,480,880,90,0,0,0,0,0,0,0,0,hayır
galatasaray daikin kadro,Sultanlar Ligi,Voleybol,Lig,1. Seviye,Üst,Kadın,Kulüp,Takım Sporu,Türkiye,Yerli,Türk Takımı Var,Doğrulanacak,Yıllık,Sürekli Lig,Kadro,Bilgi,Takım,Jenerik,İngilizce,Body,tk_kadro,390,LOW,0,,,,evet,320,110,90,590,390,480,390,480,720,720,480,320,320,320,260,720,210,390,480,480,480,1000,390,210,70,110,140,170,210,390,320,hayır
galatasaray daikin oyuncuları,Sultanlar Ligi,Voleybol,Lig,1. Seviye,Üst,Kadın,Kulüp,Takım Sporu,Türkiye,Yerli,Türk Takımı Var,Doğrulanacak,Yıllık,Sürekli Lig,Kadro,Bilgi,Takım,Jenerik,Türkçe,Body,tk_oyuncu,70,LOW,0,,,,evet,30,20,20,210,90,90,90,90,110,70,50,10,20,40,20,110,30,90,90,70,70,110,50,10,10,10,10,10,20,20,30,hayır
galatasaray daikin transfer,Sultanlar Ligi,Voleybol,Lig,1. Seviye,Üst,Kadın,Kulüp,Takım Sporu,Türkiye,Yerli,Türk Takımı Var,Doğrulanacak,Yıllık,Sürekli Lig,Transfer,Bilgi,Takım,Jenerik,İngilizce,Body,tk_transfer,140,LOW,0,,,,evet,260,260,320,260,90,70,110,110,70,70,90,110,260,390,260,170,20,20,30,40,10,30,20,40,30,90,170,210,140,90,110,hayır
galatasaray daikin,Sultanlar Ligi,Voleybol,Lig,1. Seviye,Üst,Kadın,Kulüp,Takım Sporu,Türkiye,Yerli,Türk Takımı Var,Doğrulanacak,Yıllık,Sürekli Lig,Takım Jenerik,Bilgi,Takım,Jenerik,İngilizce,Head,tk_jen,6600,LOW,0,,,,evet,1000,880,1300,22200,8100,9900,8100,8100,8100,9900,2900,1900,2400,2400,2900,14800,3600,12100,6600,6600,6600,12100,3600,1000,480,720,880,1300,1300,1600,1600,hayır
türk hava yolları voleybol maçı,Sultanlar Ligi,Voleybol,Lig,1. Seviye,Üst,Kadın,Kulüp,Takım Sporu,Türkiye,Yerli,Türk Takımı Var,Doğrulanacak,Yıllık,Sürekli Lig,Takım Maç Sorgusu,Bilgi,Takım,Jenerik,Türkçe,Long-tail,tk_mac,140,LOW,3,,,,evet,10,10,10,140,170,260,390,210,260,210,20,10,10,10,20,170,590,880,320,140,390,210,10,10,10,30,30,170,480,140,140,hayır
türk hava yolları voleybol maçı ne zaman,Sultanlar Ligi,Voleybol,Lig,1. Seviye,Üst,Kadın,Kulüp,Takım Sporu,Türkiye,Yerli,Türk Takımı Var,Doğrulanacak,Yıllık,Sürekli Lig,Takvim/Saat,Bilgi,Takım,Jenerik,Türkçe,Long-tail,tk_nezaman,,,,,,,hayir,,,,,,,,,,,,,,,,,,,,,,,,,,,,,,,,hayır
türk hava yolları voleybol maçı hangi kanalda,Sultanlar Ligi,Voleybol,Lig,1. Seviye,Üst,Kadın,Kulüp,Takım Sporu,Türkiye,Yerli,Türk Takımı Var,Doğrulanacak,Yıllık,Sürekli Lig,Kanal/Yayın,İzleme,Takım,Jenerik,Türkçe,Long-tail,tk_kanal,50,LOW,7,,,,evet,10,10,10,20,20,40,210,110,110,140,10,10,10,10,10,40,210,210,110,40,110,20,0,10,10,10,20,10,70,10,20,hayır
türk hava yolları voleybol canlı izle,Sultanlar Ligi,Voleybol,Lig,1. Seviye,Üst,Kadın,Kulüp,Takım Sporu,Türkiye,Yerli,Türk Takımı Var,Doğrulanacak,Yıllık,Sürekli Lig,Canlı İzle,İzleme,Takım,Jenerik,Türkçe,Long-tail,tk_izle,,,,,,,hayir,,,,,,,,,,,,,,,,,,,,,,,,,,,,,,,,hayır
türk hava yolları voleybol fikstür,Sultanlar Ligi,Voleybol,Lig,1. Seviye,Üst,Kadın,Kulüp,Takım Sporu,Türkiye,Yerli,Türk Takımı Var,Doğrulanacak,Yıllık,Sürekli Lig,Fikstür,Bilgi,Takım,Jenerik,Türkçe,Long-tail,tk_fikstur,10,,,,,,evet,0,10,0,10,10,20,10,10,10,10,10,0,10,10,0,10,0,0,0,0,0,0,0,0,0,0,0,0,0,0,0,hayır
türk hava yolları voleybol puan durumu,Sultanlar Ligi,Voleybol,Lig,1. Seviye,Üst,Kadın,Kulüp,Takım Sporu,Türkiye,Yerli,Türk Takımı Var,Doğrulanacak,Yıllık,Sürekli Lig,Puan Durumu,Bilgi,Takım,Jenerik,Türkçe,Long-tail,tk_pd,,,,,,,hayir,,,,,,,,,,,,,,,,,,,,,,,,,,,,,,,,hayır
türk hava yolları voleybol kadro,Sultanlar Ligi,Voleybol,Lig,1. Seviye,Üst,Kadın,Kulüp,Takım Sporu,Türkiye,Yerli,Türk Takımı Var,Doğrulanacak,Yıllık,Sürekli Lig,Kadro,Bilgi,Takım,Jenerik,Türkçe,Long-tail,tk_kadro,480,LOW,0,,,,evet,140,140,140,320,390,590,880,590,480,1000,210,110,170,210,140,720,590,1300,590,260,1000,1000,260,590,170,320,320,1000,880,390,320,hayır
türk hava yolları voleybol oyuncuları,Sultanlar Ligi,Voleybol,Lig,1. Seviye,Üst,Kadın,Kulüp,Takım Sporu,Türkiye,Yerli,Türk Takımı Var,Doğrulanacak,Yıllık,Sürekli Lig,Kadro,Bilgi,Takım,Jenerik,Türkçe,Long-tail,tk_oyuncu,50,LOW,0,,,,evet,10,10,10,70,50,90,110,70,70,90,10,10,10,10,10,70,90,110,70,20,110,90,10,20,20,40,30,140,210,50,70,hayır
türk hava yolları voleybol transfer,Sultanlar Ligi,Voleybol,Lig,1. Seviye,Üst,Kadın,Kulüp,Takım Sporu,Türkiye,Yerli,Türk Takımı Var,Doğrulanacak,Yıllık,Sürekli Lig,Transfer,Bilgi,Takım,Jenerik,Türkçe,Long-tail,tk_transfer,10,,,,,,evet,0,10,10,10,0,0,0,0,0,10,0,0,0,0,0,0,0,10,0,10,0,10,0,10,10,10,10,10,10,0,0,hayır
türk hava yolları voleybol,Sultanlar Ligi,Voleybol,Lig,1. Seviye,Üst,Kadın,Kulüp,Takım Sporu,Türkiye,Yerli,Türk Takımı Var,Doğrulanacak,Yıllık,Sürekli Lig,Takım Jenerik,Bilgi,Takım,Jenerik,Türkçe,Body,tk_jen,1300,LOW,1,,,,evet,590,720,590,1000,1000,1600,2900,1600,1600,2900,880,590,590,720,590,1600,2400,3600,1900,1000,2900,2900,880,1600,880,1000,2900,2400,3600,1600,1300,hayır
galatasaray fenerbahçe,Süper Lig,Futbol,Lig,1. Seviye,Global Elit,Erkek,Kulüp,Takım Sporu,Türkiye,Yerli,Türk Takımı Var,TV+ Yok,Yıllık,Sürekli Lig,Rakip Eşleşmesi,Bilgi,Maç,Jenerik,Türkçe,Head,h2h,1830000,LOW,2,0.3,0.05,0.35,evet,135000,90500,673000,9140000,450000,450000,9140000,2740000,368000,301000,90500,90500,74000,60500,165000,1500000,550000,20400000,673000,301000,201000,201000,2740000,201000,165000,301000,16600000,9140000,1000000,673000,1500000,hayır
galatasaray fenerbahçe maçı,Süper Lig,Futbol,Lig,1. Seviye,Global Elit,Erkek,Kulüp,Takım Sporu,Türkiye,Yerli,Türk Takımı Var,TV+ Yok,Yıllık,Sürekli Lig,Rakip Eşleşmesi,Bilgi,Maç,Jenerik,Türkçe,Body,h2h_mac,550000,LOW,2,0.89,0.06,0.35,evet,12100,9900,74000,2740000,40500,40500,1000000,2240000,165000,40500,27100,22200,9900,8100,40500,823000,110000,3350000,60500,49500,40500,60500,2240000,49500,18100,22200,2740000,368000,60500,60500,135000,hayır
galatasaray fenerbahçe canlı izle,Süper Lig,Futbol,Lig,1. Seviye,Global Elit,Erkek,Kulüp,Takım Sporu,Türkiye,Yerli,Türk Takımı Var,TV+ Yok,Yıllık,Sürekli Lig,Canlı İzle,İzleme,Maç,Jenerik,Türkçe,Body,h2h_izle,14800,LOW,3,,,,evet,110,70,590,90500,210,210,14800,60500,320,170,140,110,70,90,260,6600,720,110000,170,140,110,320,33100,140,110,210,60500,4400,170,140,390,hayır
galatasaray fenerbahçe hangi kanalda,Süper Lig,Futbol,Lig,1. Seviye,Global Elit,Erkek,Kulüp,Takım Sporu,Türkiye,Yerli,Türk Takımı Var,TV+ Yok,Yıllık,Sürekli Lig,Kanal/Yayın,İzleme,Maç,Jenerik,Türkçe,Body,h2h_kanal,33100,LOW,4,0.17,0.11,0.3,evet,260,110,1000,135000,720,590,165000,49500,4400,1000,210,210,140,140,480,90500,3600,110000,1000,260,260,590,40500,590,210,320,60500,135000,3600,1000,1600,hayır
galatasaray fenerbahçe saat kaçta,Süper Lig,Futbol,Lig,1. Seviye,Global Elit,Erkek,Kulüp,Takım Sporu,Türkiye,Yerli,Türk Takımı Var,TV+ Yok,Yıllık,Sürekli Lig,Takvim/Saat,Bilgi,Maç,Jenerik,Türkçe,Body,h2h_saat,1900,LOW,2,,,,evet,20,10,210,8100,140,140,8100,5400,590,30,30,20,10,30,140,2900,320,12100,170,90,110,110,3600,70,40,50,9900,4400,170,140,480,hayır
galatasaray fenerbahçe istatistikleri,Süper Lig,Futbol,Lig,1. Seviye,Global Elit,Erkek,Kulüp,Takım Sporu,Türkiye,Yerli,Türk Takımı Var,TV+ Yok,Yıllık,Sürekli Lig,İstatistik,Bilgi,Maç,Jenerik,Türkçe,Body,h2h_ist,110000,LOW,0,0.21,0.05,0.28,evet,2900,1600,9900,673000,14800,14800,673000,33100,5400,2400,1900,2400,1600,1300,3600,12100,14800,1500000,18100,12100,6600,4400,18100,4400,1600,1600,110000,74000,6600,3600,5400,hayır
galatasaray beşiktaş,Süper Lig,Futbol,Lig,1. Seviye,Global Elit,Erkek,Kulüp,Takım Sporu,Türkiye,Yerli,Türk Takımı Var,TV+ Yok,Yıllık,Sürekli Lig,Rakip Eşleşmesi,Bilgi,Maç,Jenerik,Türkçe,Head,h2h,1220000,LOW,1,0.39,0.14,0.35,evet,27100,22200,246000,90500,1220000,135000,165000,135000,165000,13600000,450000,110000,74000,165000,165000,165000,1220000,201000,165000,246000,550000,13600000,550000,9140000,450000,33100,60500,60500,673000,165000,90500,hayır
galatasaray beşiktaş maçı,Süper Lig,Futbol,Lig,1. Seviye,Global Elit,Erkek,Kulüp,Takım Sporu,Türkiye,Yerli,Türk Takımı Var,TV+ Yok,Yıllık,Sürekli Lig,Rakip Eşleşmesi,Bilgi,Maç,Jenerik,Türkçe,Body,h2h_mac,165000,LOW,1,0.32,0.26,1.06,evet,8100,6600,27100,40500,450000,49500,27100,33100,33100,1220000,49500,18100,14800,14800,40500,40500,246000,40500,33100,40500,60500,673000,90500,673000,49500,9900,18100,18100,246000,40500,18100,hayır
galatasaray beşiktaş canlı izle,Süper Lig,Futbol,Lig,1. Seviye,Global Elit,Erkek,Kulüp,Takım Sporu,Türkiye,Yerli,Türk Takımı Var,TV+ Yok,Yıllık,Sürekli Lig,Canlı İzle,İzleme,Maç,Jenerik,Türkçe,Body,h2h_izle,8100,LOW,1,0.4,,,evet,50,20,140,110,27100,50,90,140,210,74000,140,90,70,90,110,390,18100,210,260,390,880,110000,260,22200,260,50,140,110,22200,110,110,hayır
galatasaray beşiktaş hangi kanalda,Süper Lig,Futbol,Lig,1. Seviye,Global Elit,Erkek,Kulüp,Takım Sporu,Türkiye,Yerli,Türk Takımı Var,TV+ Yok,Yıllık,Sürekli Lig,Kanal/Yayın,İzleme,Maç,Jenerik,Türkçe,Body,h2h_kanal,6600,LOW,1,,,,evet,30,10,590,140,22200,170,320,140,140,60500,1000,90,50,320,110,390,22200,170,170,210,880,74000,880,110000,6600,20,30,20,6600,260,10,hayır
galatasaray beşiktaş saat kaçta,Süper Lig,Futbol,Lig,1. Seviye,Global Elit,Erkek,Kulüp,Takım Sporu,Türkiye,Yerli,Türk Takımı Var,TV+ Yok,Yıllık,Sürekli Lig,Takvim/Saat,Bilgi,Maç,Jenerik,Türkçe,Body,h2h_saat,720,LOW,0,,,,evet,10,10,20,50,1900,50,40,50,90,5400,20,30,20,10,40,110,1300,70,70,140,170,5400,70,4400,110,10,20,20,880,70,20,hayır
galatasaray beşiktaş istatistikleri,Süper Lig,Futbol,Lig,1. Seviye,Global Elit,Erkek,Kulüp,Takım Sporu,Türkiye,Yerli,Türk Takımı Var,TV+ Yok,Yıllık,Sürekli Lig,İstatistik,Bilgi,Maç,Jenerik,Türkçe,Body,h2h_ist,90500,LOW,0,,,,evet,480,320,880,1600,8100,2900,2400,3600,4400,1220000,14800,4400,3600,1000,2400,2400,9900,5400,3600,4400,14800,1000000,14800,550000,33100,70,170,210,1300,390,260,hayır
galatasaray trabzonspor,Süper Lig,Futbol,Lig,1. Seviye,Global Elit,Erkek,Kulüp,Takım Sporu,Türkiye,Yerli,Türk Takımı Var,TV+ Yok,Yıllık,Sürekli Lig,Rakip Eşleşmesi,Bilgi,Maç,Jenerik,İngilizce,Head,h2h,1220000,LOW,1,0.35,0.04,0.35,evet,14800,14800,74000,1000000,165000,110000,5000000,823000,7480000,673000,40500,27100,18100,22200,1500000,135000,49500,74000,90500,11100000,110000,33100,27100,22200,14800,12100,27100,22200,49500,49500,823000,hayır
galatasaray trabzonspor maçı,Süper Lig,Futbol,Lig,1. Seviye,Global Elit,Erkek,Kulüp,Takım Sporu,Türkiye,Yerli,Türk Takımı Var,TV+ Yok,Yıllık,Sürekli Lig,Rakip Eşleşmesi,Bilgi,Maç,Jenerik,Türkçe,Body,h2h_mac,110000,LOW,1,0.45,0.05,0.35,evet,4400,2900,22200,246000,40500,18100,368000,90500,550000,74000,12100,8100,5400,8100,368000,40500,9900,14800,14800,823000,27100,8100,8100,8100,3600,2900,6600,5400,12100,14800,135000,hayır
galatasaray trabzonspor canlı izle,Süper Lig,Futbol,Lig,1. Seviye,Global Elit,Erkek,Kulüp,Takım Sporu,Türkiye,Yerli,Türk Takımı Var,TV+ Yok,Yıllık,Sürekli Lig,Canlı İzle,İzleme,Maç,Jenerik,Türkçe,Body,h2h_izle,4400,LOW,0,,,,evet,20,10,210,12100,110,90,5400,210,33100,210,50,40,40,40,14800,140,20,40,110,22200,210,30,40,70,40,30,70,40,90,210,14800,hayır
galatasaray trabzonspor hangi kanalda,Süper Lig,Futbol,Lig,1. Seviye,Global Elit,Erkek,Kulüp,Takım Sporu,Türkiye,Yerli,Türk Takımı Var,TV+ Yok,Yıllık,Sürekli Lig,Kanal/Yayın,İzleme,Maç,Jenerik,İngilizce,Body,h2h_kanal,14800,LOW,0,,,,evet,30,30,320,33100,720,170,90500,5400,40500,5400,90,50,70,70,49500,390,10,50,110,22200,320,50,30,50,20,10,20,10,30,110,5400,hayır
galatasaray trabzonspor saat kaçta,Süper Lig,Futbol,Lig,1. Seviye,Global Elit,Erkek,Kulüp,Takım Sporu,Türkiye,Yerli,Türk Takımı Var,TV+ Yok,Yıllık,Sürekli Lig,Takvim/Saat,Bilgi,Maç,Jenerik,Türkçe,Body,h2h_saat,480,LOW,0,,,,evet,10,10,40,1000,90,30,1600,260,2900,140,10,10,10,10,1900,90,10,30,50,2900,30,10,10,10,10,10,10,10,20,50,1000,hayır
galatasaray trabzonspor istatistikleri,Süper Lig,Futbol,Lig,1. Seviye,Global Elit,Erkek,Kulüp,Takım Sporu,Türkiye,Yerli,Türk Takımı Var,TV+ Yok,Yıllık,Sürekli Lig,İstatistik,Bilgi,Maç,Jenerik,İngilizce,Body,h2h_ist,110000,LOW,0,,,,evet,320,260,880,5400,3600,2400,246000,33100,823000,27100,720,480,320,210,5400,1600,880,1600,1900,550000,2400,880,1300,1000,210,30,70,70,90,110,880,hayır
galatasaray başakşehir,Süper Lig,Futbol,Lig,1. Seviye,Global Elit,Erkek,Kulüp,Takım Sporu,Türkiye,Yerli,Türk Takımı Var,TV+ Yok,Yıllık,Sürekli Lig,Rakip Eşleşmesi,Bilgi,Maç,Jenerik,Türkçe,Head,h2h,1000000,LOW,1,0.33,0.04,0.36,evet,8100,8100,33100,60500,7480000,49500,49500,3350000,12100,301000,9900,18100,40500,368000,3350000,40500,27100,49500,5000000,90500,14800,9900,9900,9900,8100,6600,14800,18100,27100,4090000,60500,hayır
galatasaray başakşehir maçı,Süper Lig,Futbol,Lig,1. Seviye,Global Elit,Erkek,Kulüp,Takım Sporu,Türkiye,Yerli,Türk Takımı Var,TV+ Yok,Yıllık,Sürekli Lig,Rakip Eşleşmesi,Bilgi,Maç,Jenerik,Türkçe,Body,h2h_mac,49500,LOW,1,,,,evet,1300,1300,5400,8100,368000,5400,5400,165000,2900,74000,880,1600,2400,12100,135000,8100,6600,8100,368000,9900,3600,1300,1600,1600,1000,880,1900,2400,2900,90500,4400,hayır
galatasaray başakşehir canlı izle,Süper Lig,Futbol,Lig,1. Seviye,Global Elit,Erkek,Kulüp,Takım Sporu,Türkiye,Yerli,Türk Takımı Var,TV+ Yok,Yıllık,Sürekli Lig,Canlı İzle,İzleme,Maç,Jenerik,Türkçe,Body,h2h_izle,1900,LOW,0,,,,evet,10,10,50,70,12100,10,30,6600,30,5400,10,10,10,210,5400,10,30,140,12100,20,10,10,20,10,10,10,30,30,70,9900,40,hayır
galatasaray başakşehir hangi kanalda,Süper Lig,Futbol,Lig,1. Seviye,Global Elit,Erkek,Kulüp,Takım Sporu,Türkiye,Yerli,Türk Takımı Var,TV+ Yok,Yıllık,Sürekli Lig,Kanal/Yayın,İzleme,Maç,Jenerik,Türkçe,Body,h2h_kanal,8100,LOW,6,,,,evet,10,10,30,140,27100,70,210,74000,30,4400,20,20,50,260,9900,50,40,140,74000,480,20,10,10,10,10,10,10,10,30,6600,30,hayır
galatasaray başakşehir saat kaçta,Süper Lig,Futbol,Lig,1. Seviye,Global Elit,Erkek,Kulüp,Takım Sporu,Türkiye,Yerli,Türk Takımı Var,TV+ Yok,Yıllık,Sürekli Lig,Takvim/Saat,Bilgi,Maç,Jenerik,Türkçe,Body,h2h_saat,320,LOW,0,,,,evet,10,0,40,70,2400,20,30,1300,10,390,10,10,10,30,720,10,10,20,1300,30,10,10,10,10,10,10,10,10,10,720,20,hayır
galatasaray başakşehir istatistikleri,Süper Lig,Futbol,Lig,1. Seviye,Global Elit,Erkek,Kulüp,Takım Sporu,Türkiye,Yerli,Türk Takımı Var,TV+ Yok,Yıllık,Sürekli Lig,İstatistik,Bilgi,Maç,Jenerik,Türkçe,Body,h2h_ist,60500,LOW,0,,,,evet,140,170,480,1600,450000,1000,1300,201000,140,1600,170,260,390,3600,135000,3600,1900,2400,201000,2900,480,260,260,320,90,20,30,50,140,8100,90,hayır
galatasaray samsunspor,Süper Lig,Futbol,Lig,1. Seviye,Global Elit,Erkek,Kulüp,Takım Sporu,Türkiye,Yerli,Türk Takımı Var,TV+ Yok,Yıllık,Sürekli Lig,Rakip Eşleşmesi,Bilgi,Maç,Jenerik,İngilizce,Head,h2h,673000,LOW,1,0.21,0.03,0.35,evet,5400,4400,450000,49500,22200,22200,33100,7480000,74000,18100,6600,6600,4400,4400,12100,368000,40500,18100,27100,49500,6120000,110000,12100,6600,2900,2400,6600,18100,6600,135000,33100,hayır
galatasaray samsunspor maçı,Süper Lig,Futbol,Lig,1. Seviye,Global Elit,Erkek,Kulüp,Takım Sporu,Türkiye,Yerli,Türk Takımı Var,TV+ Yok,Yıllık,Sürekli Lig,Rakip Eşleşmesi,Bilgi,Maç,Jenerik,Türkçe,Body,h2h_mac,40500,LOW,1,,,,evet,880,880,165000,14800,4400,2400,3600,246000,4400,2900,880,1300,590,720,2900,60500,8100,1900,2900,4400,246000,8100,880,720,320,210,590,590,720,27100,1900,hayır
galatasaray samsunspor canlı izle,Süper Lig,Futbol,Lig,1. Seviye,Global Elit,Erkek,Kulüp,Takım Sporu,Türkiye,Yerli,Türk Takımı Var,TV+ Yok,Yıllık,Sürekli Lig,Canlı İzle,İzleme,Maç,Jenerik,Türkçe,Body,h2h_izle,1600,LOW,6,,,,evet,10,10,8100,20,10,40,40,12100,10,10,10,10,10,10,90,5400,10,10,40,170,12100,10,10,10,10,10,20,20,10,4400,30,hayır
galatasaray samsunspor hangi kanalda,Süper Lig,Futbol,Lig,1. Seviye,Global Elit,Erkek,Kulüp,Takım Sporu,Türkiye,Yerli,Türk Takımı Var,TV+ Yok,Yıllık,Sürekli Lig,Kanal/Yayın,İzleme,Maç,Jenerik,İngilizce,Body,h2h_kanal,2400,LOW,0,,,,evet,10,10,3600,390,30,30,70,22200,70,10,10,20,10,10,50,5400,20,10,10,70,14800,140,10,10,10,0,10,20,10,1600,70,hayır
galatasaray samsunspor saat kaçta,Süper Lig,Futbol,Lig,1. Seviye,Global Elit,Erkek,Kulüp,Takım Sporu,Türkiye,Yerli,Türk Takımı Var,TV+ Yok,Yıllık,Sürekli Lig,Takvim/Saat,Bilgi,Maç,Jenerik,Türkçe,Body,h2h_saat,110,LOW,0,,,,evet,10,10,390,30,10,10,10,880,10,10,0,10,0,0,20,320,10,10,10,50,1900,10,10,10,10,0,10,10,10,590,50,hayır
galatasaray samsunspor istatistikleri,Süper Lig,Futbol,Lig,1. Seviye,Global Elit,Erkek,Kulüp,Takım Sporu,Türkiye,Yerli,Türk Takımı Var,TV+ Yok,Yıllık,Sürekli Lig,İstatistik,Bilgi,Maç,Jenerik,İngilizce,Body,h2h_ist,40500,LOW,0,,,,evet,70,70,1300,720,880,320,590,450000,1000,720,140,210,90,70,140,2900,1000,320,590,1000,368000,2400,320,210,50,20,20,20,20,590,110,hayır
galatasaray kocaelispor,Süper Lig,Futbol,Lig,1. Seviye,Global Elit,Erkek,Kulüp,Takım Sporu,Türkiye,Yerli,Türk Takımı Var,TV+ Yok,Yıllık,Sürekli Lig,Rakip Eşleşmesi,Bilgi,Maç,Jenerik,İngilizce,Head,h2h,450000,LOW,1,0.23,0.03,0.54,evet,6600,5400,27100,5000000,74000,49500,12100,12100,368000,4400,2400,4400,1600,590,590,880,260,480,320,320,260,170,260,260,140,140,320,260,260,210,260,hayır
galatasaray kocaelispor maçı,Süper Lig,Futbol,Lig,1. Seviye,Global Elit,Erkek,Kulüp,Takım Sporu,Türkiye,Yerli,Türk Takımı Var,TV+ Yok,Yıllık,Sürekli Lig,Rakip Eşleşmesi,Bilgi,Maç,Jenerik,Türkçe,Body,h2h_mac,18100,LOW,2,,,,evet,260,260,1000,165000,1300,1900,590,590,60500,320,140,210,50,70,70,110,40,90,50,40,40,20,20,20,10,10,50,40,40,20,40,hayır
galatasaray kocaelispor canlı izle,Süper Lig,Futbol,Lig,1. Seviye,Global Elit,Erkek,Kulüp,Takım Sporu,Türkiye,Yerli,Türk Takımı Var,TV+ Yok,Yıllık,Sürekli Lig,Canlı İzle,İzleme,Maç,Jenerik,Türkçe,Body,h2h_izle,1000,LOW,0,,,,evet,10,10,20,9900,10,10,10,10,3600,0,0,10,0,0,0,0,0,0,0,0,0,0,0,10,0,0,0,0,0,10,0,hayır
galatasaray kocaelispor hangi kanalda,Süper Lig,Futbol,Lig,1. Seviye,Global Elit,Erkek,Kulüp,Takım Sporu,Türkiye,Yerli,Türk Takımı Var,TV+ Yok,Yıllık,Sürekli Lig,Kanal/Yayın,İzleme,Maç,Jenerik,İngilizce,Body,h2h_kanal,1300,LOW,0,,,,evet,10,10,20,12100,40,20,10,10,2900,0,0,0,0,0,0,0,0,0,0,0,0,0,0,0,0,0,0,0,0,0,0,hayır
galatasaray kocaelispor saat kaçta,Süper Lig,Futbol,Lig,1. Seviye,Global Elit,Erkek,Kulüp,Takım Sporu,Türkiye,Yerli,Türk Takımı Var,TV+ Yok,Yıllık,Sürekli Lig,Takvim/Saat,Bilgi,Maç,Jenerik,Türkçe,Body,h2h_saat,110,LOW,0,,,,evet,10,0,20,880,20,10,10,0,390,0,0,0,0,0,0,0,0,0,0,0,0,0,0,0,0,0,0,0,0,0,0,hayır
galatasaray kocaelispor istatistikleri,Süper Lig,Futbol,Lig,1. Seviye,Global Elit,Erkek,Kulüp,Takım Sporu,Türkiye,Yerli,Türk Takımı Var,TV+ Yok,Yıllık,Sürekli Lig,İstatistik,Bilgi,Maç,Jenerik,İngilizce,Body,h2h_ist,60500,LOW,0,,,,evet,170,70,480,823000,1000,480,210,170,880,30,30,40,50,0,0,0,0,0,0,0,0,0,0,0,0,0,0,0,0,0,0,hayır
galatasaray göztepe,Süper Lig,Futbol,Lig,1. Seviye,Global Elit,Erkek,Kulüp,Takım Sporu,Türkiye,Yerli,Türk Takımı Var,TV+ Yok,Yıllık,Sürekli Lig,Rakip Eşleşmesi,Bilgi,Maç,Jenerik,Türkçe,Head,h2h,550000,LOW,1,0.14,0.03,0.32,evet,8100,2900,18100,550000,49500,33100,40500,27100,74000,5000000,22200,14800,5400,6600,201000,60500,18100,33100,5000000,550000,40500,9900,9900,14800,5400,1000,2400,2400,1900,1900,2400,hayır
galatasaray göztepe maçı,Süper Lig,Futbol,Lig,1. Seviye,Global Elit,Erkek,Kulüp,Takım Sporu,Türkiye,Yerli,Türk Takımı Var,TV+ Yok,Yıllık,Sürekli Lig,Rakip Eşleşmesi,Bilgi,Maç,Jenerik,Türkçe,Body,h2h_mac,40500,LOW,1,,0.09,0.36,evet,1000,720,4400,165000,12100,8100,8100,3600,8100,246000,2900,3600,880,1600,60500,14800,2900,4400,246000,33100,9900,1600,2400,4400,480,210,590,480,590,390,480,hayır
galatasaray göztepe canlı izle,Süper Lig,Futbol,Lig,1. Seviye,Global Elit,Erkek,Kulüp,Takım Sporu,Türkiye,Yerli,Türk Takımı Var,TV+ Yok,Yıllık,Sürekli Lig,Canlı İzle,İzleme,Maç,Jenerik,Türkçe,Body,h2h_izle,1300,LOW,2,,,,evet,10,10,40,6600,40,40,10,20,110,9900,10,20,10,10,1900,30,20,50,8100,110,10,0,10,10,0,10,0,10,10,10,10,hayır
galatasaray göztepe hangi kanalda,Süper Lig,Futbol,Lig,1. Seviye,Global Elit,Erkek,Kulüp,Takım Sporu,Türkiye,Yerli,Türk Takımı Var,TV+ Yok,Yıllık,Sürekli Lig,Kanal/Yayın,İzleme,Maç,Jenerik,Türkçe,Body,h2h_kanal,1900,LOW,0,,,,evet,10,10,20,8100,110,10,50,20,210,18100,30,20,30,10,1600,50,20,50,12100,720,10,10,10,10,0,10,0,0,10,0,10,hayır
galatasaray göztepe saat kaçta,Süper Lig,Futbol,Lig,1. Seviye,Global Elit,Erkek,Kulüp,Takım Sporu,Türkiye,Yerli,Türk Takımı Var,TV+ Yok,Yıllık,Sürekli Lig,Takvim/Saat,Bilgi,Maç,Jenerik,Türkçe,Body,h2h_saat,210,LOW,5,,,,evet,10,0,10,480,50,10,10,10,40,1900,10,10,10,0,170,50,10,20,880,70,10,10,10,0,0,0,0,10,0,10,10,hayır
galatasaray göztepe istatistikleri,Süper Lig,Futbol,Lig,1. Seviye,Global Elit,Erkek,Kulüp,Takım Sporu,Türkiye,Yerli,Türk Takımı Var,TV+ Yok,Yıllık,Sürekli Lig,İstatistik,Bilgi,Maç,Jenerik,Türkçe,Body,h2h_ist,33100,LOW,0,,,,evet,170,40,110,2400,590,590,1000,720,2400,368000,720,590,90,50,1300,720,390,590,301000,18100,590,170,210,390,0,10,0,10,0,0,0,hayır
fenerbahçe beşiktaş,Süper Lig,Futbol,Lig,1. Seviye,Global Elit,Erkek,Kulüp,Takım Sporu,Türkiye,Yerli,Türk Takımı Var,TV+ Yok,Yıllık,Sürekli Lig,Rakip Eşleşmesi,Bilgi,Maç,Jenerik,Türkçe,Head,h2h,1830000,LOW,1,0.4,0.05,0.5,evet,60500,823000,550000,9140000,823000,550000,301000,7480000,1220000,110000,368000,110000,60500,1500000,9140000,368000,201000,368000,246000,1000000,135000,74000,74000,74000,49500,201000,450000,7480000,165000,201000,90500,hayır
fenerbahçe beşiktaş maçı,Süper Lig,Futbol,Lig,1. Seviye,Global Elit,Erkek,Kulüp,Takım Sporu,Türkiye,Yerli,Türk Takımı Var,TV+ Yok,Yıllık,Sürekli Lig,Rakip Eşleşmesi,Bilgi,Maç,Jenerik,Türkçe,Body,h2h_mac,165000,LOW,1,0.63,0.08,0.39,evet,9900,12100,18100,1000000,60500,33100,33100,368000,301000,27100,8100,14800,12100,27100,550000,90500,33100,27100,22200,368000,33100,22200,22200,40500,8100,8100,22200,201000,18100,14800,18100,hayır
fenerbahçe beşiktaş canlı izle,Süper Lig,Futbol,Lig,1. Seviye,Global Elit,Erkek,Kulüp,Takım Sporu,Türkiye,Yerli,Türk Takımı Var,TV+ Yok,Yıllık,Sürekli Lig,Canlı İzle,İzleme,Maç,Jenerik,Türkçe,Body,h2h_izle,5400,LOW,3,,,,evet,50,260,110,33100,170,140,170,9900,27100,140,260,880,390,1300,22200,110,70,110,110,18100,50,210,90,70,40,110,260,18100,90,70,70,hayır
fenerbahçe beşiktaş hangi kanalda,Süper Lig,Futbol,Lig,1. Seviye,Global Elit,Erkek,Kulüp,Takım Sporu,Türkiye,Yerli,Türk Takımı Var,TV+ Yok,Yıllık,Sürekli Lig,Kanal/Yayın,İzleme,Maç,Jenerik,Türkçe,Body,h2h_kanal,18100,LOW,5,,,,evet,70,2900,1300,40500,1900,2400,880,165000,9900,320,5400,880,260,6600,27100,720,170,1000,390,12100,170,320,70,50,20,390,720,12100,70,590,30,hayır
fenerbahçe beşiktaş saat kaçta,Süper Lig,Futbol,Lig,1. Seviye,Global Elit,Erkek,Kulüp,Takım Sporu,Türkiye,Yerli,Türk Takımı Var,TV+ Yok,Yıllık,Sürekli Lig,Takvim/Saat,Bilgi,Maç,Jenerik,Türkçe,Body,h2h_saat,720,LOW,2,,,,evet,10,30,20,2900,140,50,70,1900,1300,70,40,1600,110,90,2900,140,140,40,30,1300,30,140,50,20,10,10,50,1900,50,30,30,hayır
fenerbahçe beşiktaş istatistikleri,Süper Lig,Futbol,Lig,1. Seviye,Global Elit,Erkek,Kulüp,Takım Sporu,Türkiye,Yerli,Türk Takımı Var,TV+ Yok,Yıllık,Sürekli Lig,İstatistik,Bilgi,Maç,Jenerik,Türkçe,Body,h2h_ist,135000,LOW,0,,,,evet,1000,480,1000,1220000,33100,5400,8100,450000,4400,1300,880,720,880,1300,823000,33100,6600,5400,2400,9900,1300,880,1000,1000,390,320,720,27100,590,390,390,hayır
fenerbahçe trabzonspor,Süper Lig,Futbol,Lig,1. Seviye,Global Elit,Erkek,Kulüp,Takım Sporu,Türkiye,Yerli,Türk Takımı Var,TV+ Yok,Yıllık,Sürekli Lig,Rakip Eşleşmesi,Bilgi,Maç,Jenerik,Türkçe,Head,h2h,673000,LOW,1,0.25,0.05,0.36,evet,9900,8100,22200,246000,40500,1000000,49500,74000,110000,74000,7480000,110000,22200,18100,60500,9140000,165000,60500,33100,40500,1000000,74000,27100,18100,14800,22200,60500,49500,1000000,74000,135000,hayır
fenerbahçe trabzonspor maçı,Süper Lig,Futbol,Lig,1. Seviye,Global Elit,Erkek,Kulüp,Takım Sporu,Türkiye,Yerli,Türk Takımı Var,TV+ Yok,Yıllık,Sürekli Lig,Rakip Eşleşmesi,Bilgi,Maç,Jenerik,Türkçe,Body,h2h_mac,74000,LOW,1,,0.06,0.36,evet,880,720,2900,8100,8100,368000,8100,4400,5400,3600,368000,1900,880,880,2900,301000,4400,2400,2400,3600,135000,8100,1900,1600,1000,1300,4400,4400,135000,3600,8100,hayır
fenerbahçe trabzonspor canlı izle,Süper Lig,Futbol,Lig,1. Seviye,Global Elit,Erkek,Kulüp,Takım Sporu,Türkiye,Yerli,Türk Takımı Var,TV+ Yok,Yıllık,Sürekli Lig,Canlı İzle,İzleme,Maç,Jenerik,Türkçe,Body,h2h_izle,2900,LOW,0,,,,evet,10,10,20,90,110,14800,70,20,90,90,22200,30,20,10,40,14800,70,40,30,70,14800,140,30,30,30,40,90,70,12100,30,110,hayır
fenerbahçe trabzonspor hangi kanalda,Süper Lig,Futbol,Lig,1. Seviye,Global Elit,Erkek,Kulüp,Takım Sporu,Türkiye,Yerli,Türk Takımı Var,TV+ Yok,Yıllık,Sürekli Lig,Kanal/Yayın,İzleme,Maç,Jenerik,Türkçe,Body,h2h_kanal,2400,LOW,4,,,,evet,10,10,20,210,170,8100,320,70,170,110,18100,70,40,10,50,33100,260,40,10,70,9900,210,30,20,40,10,40,20,3600,20,70,hayır
fenerbahçe trabzonspor saat kaçta,Süper Lig,Futbol,Lig,1. Seviye,Global Elit,Erkek,Kulüp,Takım Sporu,Türkiye,Yerli,Türk Takımı Var,TV+ Yok,Yıllık,Sürekli Lig,Takvim/Saat,Bilgi,Maç,Jenerik,Türkçe,Body,h2h_saat,320,LOW,0,,,,evet,10,10,10,40,40,1300,70,30,70,40,2400,50,10,10,20,2400,70,20,10,20,1000,40,20,10,10,10,10,10,1000,10,40,hayır
fenerbahçe trabzonspor istatistikleri,Süper Lig,Futbol,Lig,1. Seviye,Global Elit,Erkek,Kulüp,Takım Sporu,Türkiye,Yerli,Türk Takımı Var,TV+ Yok,Yıllık,Sürekli Lig,İstatistik,Bilgi,Maç,Jenerik,Türkçe,Body,h2h_ist,60500,LOW,0,,,,evet,260,90,260,480,390,5400,720,1900,3600,2400,673000,2400,720,320,1300,450000,6600,1600,720,720,2900,480,320,260,140,70,210,140,1300,260,320,hayır
fenerbahçe başakşehir,Süper Lig,Futbol,Lig,1. Seviye,Global Elit,Erkek,Kulüp,Takım Sporu,Türkiye,Yerli,Türk Takımı Var,TV+ Yok,Yıllık,Sürekli Lig,Rakip Eşleşmesi,Bilgi,Maç,Jenerik,Türkçe,Head,h2h,368000,LOW,1,0.32,0.07,0.36,evet,8100,14800,3350000,246000,18100,14800,9900,301000,6600,4400,4400,4400,4400,6600,246000,14800,14800,27100,60500,5000000,22200,6600,5400,8100,5400,6600,12100,12100,12100,33100,450000,hayır
fenerbahçe başakşehir maçı,Süper Lig,Futbol,Lig,1. Seviye,Global Elit,Erkek,Kulüp,Takım Sporu,Türkiye,Yerli,Türk Takımı Var,TV+ Yok,Yıllık,Sürekli Lig,Rakip Eşleşmesi,Bilgi,Maç,Jenerik,Türkçe,Body,h2h_mac,18100,LOW,1,,0.07,0.33,evet,880,1000,165000,14800,2400,2400,1600,49500,880,590,880,1000,1000,1900,33100,2900,2400,3600,6600,135000,2900,1000,880,1600,720,880,1600,1600,1900,5400,60500,hayır
fenerbahçe başakşehir canlı izle,Süper Lig,Futbol,Lig,1. Seviye,Global Elit,Erkek,Kulüp,Takım Sporu,Türkiye,Yerli,Türk Takımı Var,TV+ Yok,Yıllık,Sürekli Lig,Canlı İzle,İzleme,Maç,Jenerik,Türkçe,Body,h2h_izle,590,LOW,0,,,,evet,10,10,3600,10,10,10,20,3600,10,10,10,10,10,390,1900,50,10,40,70,6600,10,10,20,20,10,10,10,10,40,50,5400,hayır
fenerbahçe başakşehir hangi kanalda,Süper Lig,Futbol,Lig,1. Seviye,Global Elit,Erkek,Kulüp,Takım Sporu,Türkiye,Yerli,Türk Takımı Var,TV+ Yok,Yıllık,Sürekli Lig,Kanal/Yayın,İzleme,Maç,Jenerik,Türkçe,Body,h2h_kanal,880,LOW,0,,,,evet,10,10,9900,480,10,20,30,1900,10,10,10,10,10,140,1600,20,10,30,70,8100,20,10,10,10,10,10,20,10,20,70,3600,hayır
fenerbahçe başakşehir saat kaçta,Süper Lig,Futbol,Lig,1. Seviye,Global Elit,Erkek,Kulüp,Takım Sporu,Türkiye,Yerli,Türk Takımı Var,TV+ Yok,Yıllık,Sürekli Lig,Takvim/Saat,Bilgi,Maç,Jenerik,Türkçe,Body,h2h_saat,40,LOW,0,,,,evet,10,10,210,20,10,20,10,260,0,10,10,10,0,10,210,10,10,10,10,720,10,10,10,10,10,10,10,10,10,10,480,hayır
fenerbahçe başakşehir istatistikleri,Süper Lig,Futbol,Lig,1. Seviye,Global Elit,Erkek,Kulüp,Takım Sporu,Türkiye,Yerli,Türk Takımı Var,TV+ Yok,Yıllık,Sürekli Lig,İstatistik,Bilgi,Maç,Jenerik,Türkçe,Body,h2h_ist,22200,LOW,0,,,,evet,70,140,246000,8100,390,260,110,1300,70,50,70,70,70,90,1900,260,260,390,1300,301000,480,210,260,320,70,20,40,50,30,140,2400,hayır
fenerbahçe samsunspor,Süper Lig,Futbol,Lig,1. Seviye,Global Elit,Erkek,Kulüp,Takım Sporu,Türkiye,Yerli,Türk Takımı Var,TV+ Yok,Yıllık,Sürekli Lig,Rakip Eşleşmesi,Bilgi,Maç,Jenerik,Türkçe,Head,h2h,1000000,LOW,1,0.38,0.07,0.38,evet,6600,5400,33100,49500,7480000,60500,3350000,301000,33100,165000,5400,8100,4400,8100,14800,90500,7480000,9900,9900,8100,22200,246000,3600,3600,2400,2900,12100,14800,14800,60500,4090000,hayır
fenerbahçe samsunspor maçı,Süper Lig,Futbol,Lig,1. Seviye,Global Elit,Erkek,Kulüp,Takım Sporu,Türkiye,Yerli,Türk Takımı Var,TV+ Yok,Yıllık,Sürekli Lig,Rakip Eşleşmesi,Bilgi,Maç,Jenerik,Türkçe,Body,h2h_mac,49500,LOW,1,0.23,0.07,0.35,evet,1000,590,4400,4400,301000,4400,165000,22200,4400,40500,720,590,390,2900,1600,8100,135000,1900,1600,1000,3600,22200,880,320,210,170,480,590,480,2400,60500,hayır
fenerbahçe samsunspor canlı izle,Süper Lig,Futbol,Lig,1. Seviye,Global Elit,Erkek,Kulüp,Takım Sporu,Türkiye,Yerli,Türk Takımı Var,TV+ Yok,Yıllık,Sürekli Lig,Canlı İzle,İzleme,Maç,Jenerik,Türkçe,Body,h2h_izle,880,LOW,0,,,,evet,10,10,20,10,6600,20,2400,40,30,2400,10,10,10,10,10,90,6600,10,10,10,70,3600,10,10,10,10,10,10,10,50,12100,hayır
fenerbahçe samsunspor hangi kanalda,Süper Lig,Futbol,Lig,1. Seviye,Global Elit,Erkek,Kulüp,Takım Sporu,Türkiye,Yerli,Türk Takımı Var,TV+ Yok,Yıllık,Sürekli Lig,Kanal/Yayın,İzleme,Maç,Jenerik,Türkçe,Body,h2h_kanal,8100,LOW,10,,,,evet,10,20,20,50,14800,170,74000,1300,30,1900,10,10,10,10,10,50,8100,10,10,10,50,2900,10,10,10,10,10,10,10,40,6600,hayır
fenerbahçe samsunspor saat kaçta,Süper Lig,Futbol,Lig,1. Seviye,Global Elit,Erkek,Kulüp,Takım Sporu,Türkiye,Yerli,Türk Takımı Var,TV+ Yok,Yıllık,Sürekli Lig,Takvim/Saat,Bilgi,Maç,Jenerik,Türkçe,Body,h2h_saat,170,,,,,,evet,0,10,10,20,590,20,1000,90,20,140,10,10,0,0,0,20,880,10,0,10,10,170,10,10,0,0,10,10,10,20,880,hayır
fenerbahçe samsunspor istatistikleri,Süper Lig,Futbol,Lig,1. Seviye,Global Elit,Erkek,Kulüp,Takım Sporu,Türkiye,Yerli,Türk Takımı Var,TV+ Yok,Yıllık,Sürekli Lig,İstatistik,Bilgi,Maç,Jenerik,Türkçe,Body,h2h_ist,74000,LOW,0,,,,evet,70,90,320,880,673000,1600,201000,9900,480,880,90,140,70,170,390,4400,673000,880,260,170,260,1600,70,70,20,20,40,40,30,140,6600,hayır
fenerbahçe kocaelispor,Süper Lig,Futbol,Lig,1. Seviye,Global Elit,Erkek,Kulüp,Takım Sporu,Türkiye,Yerli,Türk Takımı Var,TV+ Yok,Yıllık,Sürekli Lig,Rakip Eşleşmesi,Bilgi,Maç,Jenerik,Türkçe,Head,h2h,450000,LOW,1,,,,evet,1000,1000,2900,14800,4400,165000,18100,12100,60500,14800,60500,5000000,8100,140,210,390,170,210,170,170,140,70,70,90,50,40,90,90,140,110,320,hayır
fenerbahçe kocaelispor maçı,Süper Lig,Futbol,Lig,1. Seviye,Global Elit,Erkek,Kulüp,Takım Sporu,Türkiye,Yerli,Türk Takımı Var,TV+ Yok,Yıllık,Sürekli Lig,Rakip Eşleşmesi,Bilgi,Maç,Jenerik,Türkçe,Body,h2h_mac,4400,LOW,1,,,,evet,50,40,140,480,170,18100,720,210,880,110,390,33100,50,10,20,110,20,30,20,20,10,10,10,10,10,10,10,10,10,10,10,hayır
fenerbahçe kocaelispor canlı izle,Süper Lig,Futbol,Lig,1. Seviye,Global Elit,Erkek,Kulüp,Takım Sporu,Türkiye,Yerli,Türk Takımı Var,TV+ Yok,Yıllık,Sürekli Lig,Canlı İzle,İzleme,Maç,Jenerik,Türkçe,Body,h2h_izle,1300,LOW,5,,,,evet,10,10,10,20,30,4400,10,10,40,30,70,9900,0,0,0,10,10,10,0,0,0,10,0,0,0,0,0,0,0,0,0,hayır
fenerbahçe kocaelispor hangi kanalda,Süper Lig,Futbol,Lig,1. Seviye,Global Elit,Erkek,Kulüp,Takım Sporu,Türkiye,Yerli,Türk Takımı Var,TV+ Yok,Yıllık,Sürekli Lig,Kanal/Yayın,İzleme,Maç,Jenerik,Türkçe,Body,h2h_kanal,1300,LOW,0,,,,evet,10,10,10,20,10,5400,110,10,10,10,30,9900,10,0,0,0,0,0,0,0,0,0,0,0,0,0,0,0,0,0,0,hayır
fenerbahçe kocaelispor saat kaçta,Süper Lig,Futbol,Lig,1. Seviye,Global Elit,Erkek,Kulüp,Takım Sporu,Türkiye,Yerli,Türk Takımı Var,TV+ Yok,Yıllık,Sürekli Lig,Takvim/Saat,Bilgi,Maç,Jenerik,Türkçe,Body,h2h_saat,110,,,,,,evet,0,0,10,10,10,590,30,10,10,10,20,720,0,0,0,0,0,0,0,0,0,0,0,0,0,0,0,0,0,0,0,hayır
fenerbahçe kocaelispor istatistikleri,Süper Lig,Futbol,Lig,1. Seviye,Global Elit,Erkek,Kulüp,Takım Sporu,Türkiye,Yerli,Türk Takımı Var,TV+ Yok,Yıllık,Sürekli Lig,İstatistik,Bilgi,Maç,Jenerik,Türkçe,Body,h2h_ist,27100,LOW,0,,,,evet,20,10,30,210,50,1300,260,210,1300,320,1900,301000,210,0,0,0,0,0,0,0,0,0,0,0,0,0,0,0,0,0,0,hayır
fenerbahçe göztepe,Süper Lig,Futbol,Lig,1. Seviye,Global Elit,Erkek,Kulüp,Takım Sporu,Türkiye,Yerli,Türk Takımı Var,TV+ Yok,Yıllık,Sürekli Lig,Rakip Eşleşmesi,Bilgi,Maç,Jenerik,Türkçe,Head,h2h,450000,LOW,1,0.23,0.05,0.33,evet,3600,1900,9900,27100,18100,90500,5000000,27100,12100,14800,14800,450000,4400,4400,12100,33100,27100,90500,6120000,22200,18100,8100,12100,450000,4400,880,1900,1900,1600,1600,1900,hayır
fenerbahçe göztepe maçı,Süper Lig,Futbol,Lig,1. Seviye,Global Elit,Erkek,Kulüp,Takım Sporu,Türkiye,Yerli,Türk Takımı Var,TV+ Yok,Yıllık,Sürekli Lig,Rakip Eşleşmesi,Bilgi,Maç,Jenerik,Türkçe,Body,h2h_mac,33100,LOW,1,,,,evet,590,480,1900,6600,3600,12100,246000,2900,1900,3600,2900,90500,720,590,1900,6600,2900,9900,246000,2900,3600,1300,2400,110000,1600,210,390,390,480,320,390,hayır
fenerbahçe göztepe canlı izle,Süper Lig,Futbol,Lig,1. Seviye,Global Elit,Erkek,Kulüp,Takım Sporu,Türkiye,Yerli,Türk Takımı Var,TV+ Yok,Yıllık,Sürekli Lig,Canlı İzle,İzleme,Maç,Jenerik,Türkçe,Body,h2h_izle,1600,LOW,5,,,,evet,10,10,10,20,20,210,14800,10,10,20,40,6600,10,10,20,40,30,140,12100,20,10,10,20,5400,0,10,0,0,0,0,10,hayır
fenerbahçe göztepe hangi kanalda,Süper Lig,Futbol,Lig,1. Seviye,Global Elit,Erkek,Kulüp,Takım Sporu,Türkiye,Yerli,Türk Takımı Var,TV+ Yok,Yıllık,Sürekli Lig,Kanal/Yayın,İzleme,Maç,Jenerik,Türkçe,Body,h2h_kanal,2400,LOW,0,,,,evet,10,10,10,30,50,170,22200,30,10,20,20,6600,10,10,10,40,10,70,6600,20,10,10,10,2400,10,0,10,0,10,10,10,hayır
fenerbahçe göztepe saat kaçta,Süper Lig,Futbol,Lig,1. Seviye,Global Elit,Erkek,Kulüp,Takım Sporu,Türkiye,Yerli,Türk Takımı Var,TV+ Yok,Yıllık,Sürekli Lig,Takvim/Saat,Bilgi,Maç,Jenerik,Türkçe,Body,h2h_saat,140,,,,,,evet,0,10,10,10,10,40,880,10,10,10,10,480,10,10,10,10,20,70,1900,30,20,10,10,260,0,10,0,0,0,0,10,hayır
fenerbahçe göztepe istatistikleri,Süper Lig,Futbol,Lig,1. Seviye,Global Elit,Erkek,Kulüp,Takım Sporu,Türkiye,Yerli,Türk Takımı Var,TV+ Yok,Yıllık,Sürekli Lig,İstatistik,Bilgi,Maç,Jenerik,Türkçe,Body,h2h_ist,49500,LOW,0,,,,evet,90,40,210,880,480,3600,673000,480,140,110,140,1600,70,90,170,320,390,1900,450000,320,170,90,140,1600,20,10,10,0,10,10,10,hayır
beşiktaş trabzonspor,Süper Lig,Futbol,Lig,1. Seviye,Global Elit,Erkek,Kulüp,Takım Sporu,Türkiye,Yerli,Türk Takımı Var,TV+ Yok,Yıllık,Sürekli Lig,Rakip Eşleşmesi,Bilgi,Maç,Jenerik,Türkçe,Head,h2h,246000,LOW,1,0.41,0.05,0.38,evet,14800,18100,2240000,135000,135000,33100,22200,450000,27100,12100,9900,8100,9900,12100,33100,40500,49500,4090000,60500,40500,33100,27100,550000,49500,40500,90500,5000000,27100,40500,2740000,165000,hayır
beşiktaş trabzonspor maçı,Süper Lig,Futbol,Lig,1. Seviye,Global Elit,Erkek,Kulüp,Takım Sporu,Türkiye,Yerli,Türk Takımı Var,TV+ Yok,Yıllık,Sürekli Lig,Rakip Eşleşmesi,Bilgi,Maç,Jenerik,Türkçe,Body,h2h_mac,12100,LOW,1,,,,evet,1600,1600,60500,14800,6600,5400,4400,40500,8100,1900,1000,1000,1600,2900,6600,8100,8100,201000,9900,5400,6600,5400,60500,12100,2900,4400,74000,4400,4400,33100,6600,hayır
beşiktaş trabzonspor canlı izle,Süper Lig,Futbol,Lig,1. Seviye,Global Elit,Erkek,Kulüp,Takım Sporu,Türkiye,Yerli,Türk Takımı Var,TV+ Yok,Yıllık,Sürekli Lig,Canlı İzle,İzleme,Maç,Jenerik,Türkçe,Body,h2h_izle,1000,LOW,3,,,,evet,20,10,5400,50,40,10,20,6600,50,10,10,10,20,20,10,30,50,14800,90,20,20,50,8100,140,10,20,4400,40,20,4400,20,hayır
beşiktaş trabzonspor hangi kanalda,Süper Lig,Futbol,Lig,1. Seviye,Global Elit,Erkek,Kulüp,Takım Sporu,Türkiye,Yerli,Türk Takımı Var,TV+ Yok,Yıllık,Sürekli Lig,Kanal/Yayın,İzleme,Maç,Jenerik,Türkçe,Body,h2h_kanal,1300,LOW,4,,,,evet,10,20,12100,110,260,20,20,3600,110,10,10,10,10,10,20,40,70,18100,260,30,90,90,6600,320,90,140,60500,50,10,3600,110,hayır
beşiktaş trabzonspor saat kaçta,Süper Lig,Futbol,Lig,1. Seviye,Global Elit,Erkek,Kulüp,Takım Sporu,Türkiye,Yerli,Türk Takımı Var,TV+ Yok,Yıllık,Sürekli Lig,Takvim/Saat,Bilgi,Maç,Jenerik,Türkçe,Body,h2h_saat,70,,,,,,evet,0,0,260,70,20,10,10,390,30,10,10,10,10,10,10,10,20,1000,30,10,20,10,720,90,20,10,1900,10,10,590,20,hayır
beşiktaş trabzonspor istatistikleri,Süper Lig,Futbol,Lig,1. Seviye,Global Elit,Erkek,Kulüp,Takım Sporu,Türkiye,Yerli,Türk Takımı Var,TV+ Yok,Yıllık,Sürekli Lig,İstatistik,Bilgi,Maç,Jenerik,Türkçe,Body,h2h_ist,12100,LOW,0,,,,evet,320,320,135000,3600,1300,1000,720,3600,480,320,260,170,170,260,590,590,1000,246000,1300,880,590,480,2900,720,210,320,18100,70,110,6600,480,hayır
beşiktaş başakşehir,Süper Lig,Futbol,Lig,1. Seviye,Global Elit,Erkek,Kulüp,Takım Sporu,Türkiye,Yerli,Türk Takımı Var,TV+ Yok,Yıllık,Sürekli Lig,Rakip Eşleşmesi,Bilgi,Maç,Jenerik,Türkçe,Head,h2h,246000,LOW,1,,,,evet,1900,3600,6600,6600,8100,135000,8100,9900,12100,27100,2740000,40500,5400,3600,14800,2240000,5400,2900,5400,5400,90500,2900,2400,2900,1600,1900,6600,40500,14800,8100,9900,hayır
beşiktaş başakşehir maçı,Süper Lig,Futbol,Lig,1. Seviye,Global Elit,Erkek,Kulüp,Takım Sporu,Türkiye,Yerli,Türk Takımı Var,TV+ Yok,Yıllık,Sürekli Lig,Rakip Eşleşmesi,Bilgi,Maç,Jenerik,Türkçe,Body,h2h_mac,8100,LOW,1,0.07,,,evet,390,1300,1000,1300,1900,27100,880,1000,880,1900,49500,1300,720,590,1600,74000,1300,1000,1900,1300,27100,480,390,390,260,260,1000,8100,1900,1000,1000,hayır
beşiktaş başakşehir canlı izle,Süper Lig,Futbol,Lig,1. Seviye,Global Elit,Erkek,Kulüp,Takım Sporu,Türkiye,Yerli,Türk Takımı Var,TV+ Yok,Yıllık,Sürekli Lig,Canlı İzle,İzleme,Maç,Jenerik,Türkçe,Body,h2h_izle,720,LOW,0,,,,evet,10,30,10,20,20,1900,10,10,10,20,6600,20,20,10,10,1900,10,10,20,10,1600,10,10,10,10,10,10,320,10,10,10,hayır
beşiktaş başakşehir hangi kanalda,Süper Lig,Futbol,Lig,1. Seviye,Global Elit,Erkek,Kulüp,Takım Sporu,Türkiye,Yerli,Türk Takımı Var,TV+ Yok,Yıllık,Sürekli Lig,Kanal/Yayın,İzleme,Maç,Jenerik,Türkçe,Body,h2h_kanal,590,LOW,4,,,,evet,10,70,10,20,40,880,10,30,10,70,6600,50,20,10,10,6600,10,10,20,30,4400,20,10,10,10,10,10,880,70,20,10,hayır
beşiktaş başakşehir saat kaçta,Süper Lig,Futbol,Lig,1. Seviye,Global Elit,Erkek,Kulüp,Takım Sporu,Türkiye,Yerli,Türk Takımı Var,TV+ Yok,Yıllık,Sürekli Lig,Takvim/Saat,Bilgi,Maç,Jenerik,Türkçe,Body,h2h_saat,40,LOW,0,,,,evet,10,10,0,0,10,90,0,10,10,10,390,20,10,0,10,480,10,10,10,10,480,0,10,10,10,0,10,110,30,10,10,hayır
beşiktaş başakşehir istatistikleri,Süper Lig,Futbol,Lig,1. Seviye,Global Elit,Erkek,Kulüp,Takım Sporu,Türkiye,Yerli,Türk Takımı Var,TV+ Yok,Yıllık,Sürekli Lig,İstatistik,Bilgi,Maç,Jenerik,Türkçe,Body,h2h_ist,18100,LOW,0,,,,evet,40,10,50,70,90,1300,110,170,170,590,201000,880,140,50,390,135000,390,210,110,110,880,40,70,90,40,20,20,140,50,30,30,hayır
beşiktaş samsunspor,Süper Lig,Futbol,Lig,1. Seviye,Global Elit,Erkek,Kulüp,Takım Sporu,Türkiye,Yerli,Türk Takımı Var,TV+ Yok,Yıllık,Sürekli Lig,Rakip Eşleşmesi,Bilgi,Maç,Jenerik,Türkçe,Head,h2h,246000,LOW,1,0.13,0.11,1.38,evet,1600,880,6600,74000,8100,6600,8100,40500,2740000,14800,3600,4400,2400,9900,14800,12100,22200,22200,2240000,14800,12100,12100,6600,246000,4400,1900,22200,1220000,22200,6600,5400,hayır
beşiktaş samsunspor maçı,Süper Lig,Futbol,Lig,1. Seviye,Global Elit,Erkek,Kulüp,Takım Sporu,Türkiye,Yerli,Türk Takımı Var,TV+ Yok,Yıllık,Sürekli Lig,Rakip Eşleşmesi,Bilgi,Maç,Jenerik,Türkçe,Body,h2h_mac,4400,LOW,3,,,,evet,90,50,480,9900,480,260,320,880,49500,320,110,210,170,390,480,720,880,1000,40500,210,590,590,590,12100,210,30,170,8100,90,110,170,hayır
beşiktaş samsunspor canlı izle,Süper Lig,Futbol,Lig,1. Seviye,Global Elit,Erkek,Kulüp,Takım Sporu,Türkiye,Yerli,Türk Takımı Var,TV+ Yok,Yıllık,Sürekli Lig,Canlı İzle,İzleme,Maç,Jenerik,Türkçe,Body,h2h_izle,210,,,,,,evet,0,10,10,720,10,10,10,20,1900,0,10,10,0,10,10,10,10,20,2400,10,10,10,20,6600,10,10,10,1600,10,10,10,hayır
beşiktaş samsunspor hangi kanalda,Süper Lig,Futbol,Lig,1. Seviye,Global Elit,Erkek,Kulüp,Takım Sporu,Türkiye,Yerli,Türk Takımı Var,TV+ Yok,Yıllık,Sürekli Lig,Kanal/Yayın,İzleme,Maç,Jenerik,Türkçe,Body,h2h_kanal,480,,,,,,evet,0,0,10,720,10,10,10,20,4400,10,0,10,10,10,10,10,10,70,5400,10,10,10,40,2400,20,0,30,1300,10,10,10,hayır
beşiktaş samsunspor saat kaçta,Süper Lig,Futbol,Lig,1. Seviye,Global Elit,Erkek,Kulüp,Takım Sporu,Türkiye,Yerli,Türk Takımı Var,TV+ Yok,Yıllık,Sürekli Lig,Takvim/Saat,Bilgi,Maç,Jenerik,Türkçe,Body,h2h_saat,70,,,,,,evet,0,0,0,140,10,10,10,10,590,10,0,10,0,0,10,10,10,10,390,10,10,10,10,110,0,0,0,0,0,0,0,hayır
beşiktaş samsunspor istatistikleri,Süper Lig,Futbol,Lig,1. Seviye,Global Elit,Erkek,Kulüp,Takım Sporu,Türkiye,Yerli,Türk Takımı Var,TV+ Yok,Yıllık,Sürekli Lig,İstatistik,Bilgi,Maç,Jenerik,Türkçe,Body,h2h_ist,18100,LOW,0,,,,evet,20,10,50,720,170,170,210,1600,246000,210,110,170,90,170,210,320,720,720,201000,320,210,140,70,880,0,0,0,0,0,0,0,hayır
beşiktaş kocaelispor,Süper Lig,Futbol,Lig,1. Seviye,Global Elit,Erkek,Kulüp,Takım Sporu,Türkiye,Yerli,Türk Takımı Var,TV+ Yok,Yıllık,Sürekli Lig,Rakip Eşleşmesi,Bilgi,Maç,Jenerik,Türkçe,Head,h2h,246000,LOW,1,0.29,0.04,0.19,evet,1600,590,1900,4400,9900,135000,8100,8100,27100,135000,2740000,8100,3600,170,390,720,390,1300,880,880,390,210,260,170,590,170,390,320,590,390,390,hayır
beşiktaş kocaelispor maçı,Süper Lig,Futbol,Lig,1. Seviye,Global Elit,Erkek,Kulüp,Takım Sporu,Türkiye,Yerli,Türk Takımı Var,TV+ Yok,Yıllık,Sürekli Lig,Rakip Eşleşmesi,Bilgi,Maç,Jenerik,Türkçe,Body,h2h_mac,8100,LOW,1,,,,evet,210,90,320,1000,1300,27100,1000,720,1900,4400,49500,590,320,70,110,210,140,390,320,210,50,20,30,10,40,10,10,10,20,10,20,hayır
beşiktaş kocaelispor canlı izle,Süper Lig,Futbol,Lig,1. Seviye,Global Elit,Erkek,Kulüp,Takım Sporu,Türkiye,Yerli,Türk Takımı Var,TV+ Yok,Yıllık,Sürekli Lig,Canlı İzle,İzleme,Maç,Jenerik,Türkçe,Body,h2h_izle,590,LOW,0,,,,evet,10,0,10,0,40,2900,10,10,10,110,3600,0,0,0,0,0,0,10,10,0,0,10,0,0,10,10,0,10,10,0,10,hayır
beşiktaş kocaelispor hangi kanalda,Süper Lig,Futbol,Lig,1. Seviye,Global Elit,Erkek,Kulüp,Takım Sporu,Türkiye,Yerli,Türk Takımı Var,TV+ Yok,Yıllık,Sürekli Lig,Kanal/Yayın,İzleme,Maç,Jenerik,Türkçe,Body,h2h_kanal,880,LOW,7,,,,evet,10,0,10,10,30,5400,210,10,10,110,4400,0,0,0,0,0,0,0,0,0,0,0,0,0,0,0,0,0,0,0,0,hayır
beşiktaş kocaelispor saat kaçta,Süper Lig,Futbol,Lig,1. Seviye,Global Elit,Erkek,Kulüp,Takım Sporu,Türkiye,Yerli,Türk Takımı Var,TV+ Yok,Yıllık,Sürekli Lig,Takvim/Saat,Bilgi,Maç,Jenerik,Türkçe,Body,h2h_saat,70,,,,,,evet,0,0,0,10,10,590,10,10,10,10,170,0,0,0,0,0,0,0,0,0,0,0,0,0,0,0,0,0,0,0,0,hayır
beşiktaş kocaelispor istatistikleri,Süper Lig,Futbol,Lig,1. Seviye,Global Elit,Erkek,Kulüp,Takım Sporu,Türkiye,Yerli,Türk Takımı Var,TV+ Yok,Yıllık,Sürekli Lig,İstatistik,Bilgi,Maç,Jenerik,Türkçe,Body,h2h_ist,14800,LOW,0,,,,evet,30,10,30,70,70,1000,110,140,590,2900,165000,140,110,10,20,50,30,70,40,0,0,0,0,0,0,0,0,0,0,0,0,hayır
beşiktaş göztepe,Süper Lig,Futbol,Lig,1. Seviye,Global Elit,Erkek,Kulüp,Takım Sporu,Türkiye,Yerli,Türk Takımı Var,TV+ Yok,Yıllık,Sürekli Lig,Rakip Eşleşmesi,Bilgi,Maç,Jenerik,Türkçe,Head,h2h,201000,LOW,1,0.28,0.06,0.37,evet,4400,2900,9900,18100,49500,2240000,14800,9900,5400,8100,110000,12100,8100,8100,22200,3350000,165000,12100,27100,49500,3350000,14800,6600,8100,3600,1300,2900,1900,1900,1900,2400,hayır
beşiktaş göztepe maçı,Süper Lig,Futbol,Lig,1. Seviye,Global Elit,Erkek,Kulüp,Takım Sporu,Türkiye,Yerli,Türk Takımı Var,TV+ Yok,Yıllık,Sürekli Lig,Rakip Eşleşmesi,Bilgi,Maç,Jenerik,Türkçe,Body,h2h_mac,18100,LOW,1,,,,evet,720,590,1900,3600,8100,165000,3600,2400,1300,2400,33100,2400,1300,1000,2900,246000,18100,1900,3600,5400,135000,1600,1000,2400,390,210,480,320,320,260,320,hayır
beşiktaş göztepe canlı izle,Süper Lig,Futbol,Lig,1. Seviye,Global Elit,Erkek,Kulüp,Takım Sporu,Türkiye,Yerli,Türk Takımı Var,TV+ Yok,Yıllık,Sürekli Lig,Canlı İzle,İzleme,Maç,Jenerik,Türkçe,Body,h2h_izle,590,,,,,,evet,0,10,10,10,30,3600,10,10,10,10,2400,30,10,10,20,6600,30,20,20,30,5400,10,10,10,0,0,0,0,10,0,0,hayır
beşiktaş göztepe hangi kanalda,Süper Lig,Futbol,Lig,1. Seviye,Global Elit,Erkek,Kulüp,Takım Sporu,Türkiye,Yerli,Türk Takımı Var,TV+ Yok,Yıllık,Sürekli Lig,Kanal/Yayın,İzleme,Maç,Jenerik,Türkçe,Body,h2h_kanal,880,,,,,,evet,0,10,10,20,50,8100,20,10,10,10,1900,20,10,10,40,33100,720,10,10,70,9900,10,10,10,10,0,10,0,0,0,10,hayır
beşiktaş göztepe saat kaçta,Süper Lig,Futbol,Lig,1. Seviye,Global Elit,Erkek,Kulüp,Takım Sporu,Türkiye,Yerli,Türk Takımı Var,TV+ Yok,Yıllık,Sürekli Lig,Takvim/Saat,Bilgi,Maç,Jenerik,Türkçe,Body,h2h_saat,40,,,,,,evet,0,0,0,10,10,260,10,10,10,10,140,10,10,0,10,880,30,10,10,10,110,0,10,0,10,0,10,0,0,0,0,hayır
beşiktaş göztepe istatistikleri,Süper Lig,Futbol,Lig,1. Seviye,Global Elit,Erkek,Kulüp,Takım Sporu,Türkiye,Yerli,Türk Takımı Var,TV+ Yok,Yıllık,Sürekli Lig,İstatistik,Bilgi,Maç,Jenerik,Türkçe,Body,h2h_ist,18100,LOW,0,,,,evet,110,50,210,720,1600,201000,480,260,140,170,1000,210,140,140,320,135000,6600,260,590,1000,165000,260,110,210,30,0,0,10,0,0,10,hayır
trabzonspor başakşehir,Süper Lig,Futbol,Lig,1. Seviye,Global Elit,Erkek,Kulüp,Takım Sporu,Türkiye,Yerli,Türk Takımı Var,TV+ Yok,Yıllık,Sürekli Lig,Rakip Eşleşmesi,Bilgi,Maç,Jenerik,Türkçe,Head,h2h,135000,LOW,1,0.16,0.03,0.38,evet,5400,1300,27100,1500000,27100,3600,1600,3600,40500,880,720,880,720,880,1600,2400,33100,2900,3600,4400,9900,673000,9900,5400,2400,1600,22200,6600,40500,673000,14800,hayır
trabzonspor başakşehir maçı,Süper Lig,Futbol,Lig,1. Seviye,Global Elit,Erkek,Kulüp,Takım Sporu,Türkiye,Yerli,Türk Takımı Var,TV+ Yok,Yıllık,Sürekli Lig,Rakip Eşleşmesi,Bilgi,Maç,Jenerik,Türkçe,Body,h2h_mac,6600,LOW,1,,,,evet,480,210,1900,60500,4400,590,480,880,9900,170,140,170,210,320,590,720,5400,590,590,590,880,18100,1300,1000,480,170,3600,480,1000,12100,590,hayır
trabzonspor başakşehir canlı izle,Süper Lig,Futbol,Lig,1. Seviye,Global Elit,Erkek,Kulüp,Takım Sporu,Türkiye,Yerli,Türk Takımı Var,TV+ Yok,Yıllık,Sürekli Lig,Canlı İzle,İzleme,Maç,Jenerik,Türkçe,Body,h2h_izle,480,LOW,0,,,,evet,10,10,30,4400,480,10,10,10,1000,10,10,10,10,10,10,10,590,10,10,10,10,1000,10,10,10,10,390,10,30,1300,20,hayır
trabzonspor başakşehir hangi kanalda,Süper Lig,Futbol,Lig,1. Seviye,Global Elit,Erkek,Kulüp,Takım Sporu,Türkiye,Yerli,Türk Takımı Var,TV+ Yok,Yıllık,Sürekli Lig,Kanal/Yayın,İzleme,Maç,Jenerik,Türkçe,Body,h2h_kanal,260,,,,,,evet,0,0,10,1000,1600,10,10,10,320,0,10,10,0,0,10,10,210,10,10,10,10,720,10,30,20,10,480,20,70,8100,10,hayır
trabzonspor başakşehir saat kaçta,Süper Lig,Futbol,Lig,1. Seviye,Global Elit,Erkek,Kulüp,Takım Sporu,Türkiye,Yerli,Türk Takımı Var,TV+ Yok,Yıllık,Sürekli Lig,Takvim/Saat,Bilgi,Maç,Jenerik,Türkçe,Body,h2h_saat,10,LOW,5,,,,evet,10,0,10,90,10,0,0,0,20,0,0,10,0,0,10,10,10,0,0,0,0,10,0,10,0,0,10,10,0,70,0,hayır
trabzonspor başakşehir istatistikleri,Süper Lig,Futbol,Lig,1. Seviye,Global Elit,Erkek,Kulüp,Takım Sporu,Türkiye,Yerli,Türk Takımı Var,TV+ Yok,Yıllık,Sürekli Lig,İstatistik,Bilgi,Maç,Jenerik,Türkçe,Body,h2h_ist,12100,LOW,0,,,,evet,110,10,390,135000,320,70,30,50,320,10,10,20,20,210,30,20,320,50,50,110,260,33100,110,90,30,10,170,30,90,2900,20,hayır
trabzonspor samsunspor,Süper Lig,Futbol,Lig,1. Seviye,Global Elit,Erkek,Kulüp,Takım Sporu,Türkiye,Yerli,Türk Takımı Var,TV+ Yok,Yıllık,Sürekli Lig,Rakip Eşleşmesi,Bilgi,Maç,Jenerik,İngilizce,Head,h2h,110000,LOW,13,0.1,0.04,0.12,evet,1600,1300,6600,60500,4400,74000,5400,6600,6600,9900,135000,1000000,6600,14800,1220000,12100,5400,3600,27100,6600,2400,2400,1600,1900,1600,1600,27100,5400,3600,5400,673000,hayır
trabzonspor samsunspor maçı,Süper Lig,Futbol,Lig,1. Seviye,Global Elit,Erkek,Kulüp,Takım Sporu,Türkiye,Yerli,Türk Takımı Var,TV+ Yok,Yıllık,Sürekli Lig,Rakip Eşleşmesi,Bilgi,Maç,Jenerik,Türkçe,Body,h2h_mac,3600,LOW,1,,,,evet,140,110,1300,9900,1000,12100,880,720,590,720,2900,14800,390,590,22200,720,480,480,5400,1000,210,210,170,590,140,170,2400,260,140,260,8100,hayır
trabzonspor samsunspor canlı izle,Süper Lig,Futbol,Lig,1. Seviye,Global Elit,Erkek,Kulüp,Takım Sporu,Türkiye,Yerli,Türk Takımı Var,TV+ Yok,Yıllık,Sürekli Lig,Canlı İzle,İzleme,Maç,Jenerik,Türkçe,Body,h2h_izle,390,LOW,0,,,,evet,10,0,10,590,10,720,10,10,10,10,390,2900,0,10,1300,10,10,10,720,10,10,10,10,10,10,10,1000,10,10,10,1600,hayır
trabzonspor samsunspor hangi kanalda,Süper Lig,Futbol,Lig,1. Seviye,Global Elit,Erkek,Kulüp,Takım Sporu,Türkiye,Yerli,Türk Takımı Var,TV+ Yok,Yıllık,Sürekli Lig,Kanal/Yayın,İzleme,Maç,Jenerik,İngilizce,Body,h2h_kanal,390,,,,,,evet,0,10,20,2400,30,480,10,10,0,10,70,1900,10,10,1000,10,10,10,210,10,10,10,0,10,0,10,140,10,10,10,390,hayır
trabzonspor samsunspor saat kaçta,Süper Lig,Futbol,Lig,1. Seviye,Global Elit,Erkek,Kulüp,Takım Sporu,Türkiye,Yerli,Türk Takımı Var,TV+ Yok,Yıllık,Sürekli Lig,Takvim/Saat,Bilgi,Maç,Jenerik,Türkçe,Body,h2h_saat,20,,,,,,evet,0,0,10,40,10,30,10,10,10,10,10,140,0,10,50,0,0,0,20,10,10,0,0,0,0,0,10,0,0,0,20,hayır
trabzonspor samsunspor istatistikleri,Süper Lig,Futbol,Lig,1. Seviye,Global Elit,Erkek,Kulüp,Takım Sporu,Türkiye,Yerli,Türk Takımı Var,TV+ Yok,Yıllık,Sürekli Lig,İstatistik,Bilgi,Maç,Jenerik,İngilizce,Body,h2h_ist,8100,LOW,1,,,,evet,20,10,40,480,70,2900,90,210,210,590,5400,90500,110,170,60500,260,110,90,260,90,30,20,10,10,10,10,260,40,10,10,880,hayır
trabzonspor kocaelispor,Süper Lig,Futbol,Lig,1. Seviye,Global Elit,Erkek,Kulüp,Takım Sporu,Türkiye,Yerli,Türk Takımı Var,TV+ Yok,Yıllık,Sürekli Lig,Rakip Eşleşmesi,Bilgi,Maç,Jenerik,İngilizce,Head,h2h,90500,LOW,0,,,,evet,480,390,1300,2900,1000,2400,18100,4400,4400,3600,8100,1000000,27100,40,50,170,30,50,70,40,30,10,10,20,20,20,40,20,40,30,20,hayır
trabzonspor kocaelispor maçı,Süper Lig,Futbol,Lig,1. Seviye,Global Elit,Erkek,Kulüp,Takım Sporu,Türkiye,Yerli,Türk Takımı Var,TV+ Yok,Yıllık,Sürekli Lig,Rakip Eşleşmesi,Bilgi,Maç,Jenerik,Türkçe,Body,h2h_mac,1600,LOW,0,,,,evet,30,30,260,260,110,390,9900,390,260,90,480,9900,480,10,10,20,10,10,10,10,0,10,10,10,10,10,10,10,10,10,10,hayır
trabzonspor kocaelispor canlı izle,Süper Lig,Futbol,Lig,1. Seviye,Global Elit,Erkek,Kulüp,Takım Sporu,Türkiye,Yerli,Türk Takımı Var,TV+ Yok,Yıllık,Sürekli Lig,Canlı İzle,İzleme,Maç,Jenerik,Türkçe,Body,h2h_izle,480,,,,,,evet,0,10,10,10,0,10,390,10,10,10,10,5400,0,0,0,0,0,0,0,0,0,10,0,0,0,0,0,0,0,0,0,hayır
trabzonspor kocaelispor hangi kanalda,Süper Lig,Futbol,Lig,1. Seviye,Global Elit,Erkek,Kulüp,Takım Sporu,Türkiye,Yerli,Türk Takımı Var,TV+ Yok,Yıllık,Sürekli Lig,Kanal/Yayın,İzleme,Maç,Jenerik,İngilizce,Body,h2h_kanal,170,LOW,0,,,,evet,10,0,10,10,10,10,260,10,10,10,10,1900,20,0,0,0,0,0,0,0,0,0,0,0,0,0,0,0,0,0,0,hayır
trabzonspor kocaelispor saat kaçta,Süper Lig,Futbol,Lig,1. Seviye,Global Elit,Erkek,Kulüp,Takım Sporu,Türkiye,Yerli,Türk Takımı Var,TV+ Yok,Yıllık,Sürekli Lig,Takvim/Saat,Bilgi,Maç,Jenerik,Türkçe,Body,h2h_saat,20,,,,,,evet,0,0,0,10,0,0,110,10,10,10,10,140,10,0,0,0,0,0,0,0,0,0,0,0,0,0,0,0,0,0,0,hayır
trabzonspor kocaelispor istatistikleri,Süper Lig,Futbol,Lig,1. Seviye,Global Elit,Erkek,Kulüp,Takım Sporu,Türkiye,Yerli,Türk Takımı Var,TV+ Yok,Yıllık,Sürekli Lig,İstatistik,Bilgi,Maç,Jenerik,İngilizce,Body,h2h_ist,5400,LOW,0,,,,evet,10,10,20,40,20,90,480,90,90,90,480,74000,880,0,0,0,0,0,0,0,0,0,0,0,0,0,0,0,0,0,0,hayır
trabzonspor göztepe,Süper Lig,Futbol,Lig,1. Seviye,Global Elit,Erkek,Kulüp,Takım Sporu,Türkiye,Yerli,Türk Takımı Var,TV+ Yok,Yıllık,Sürekli Lig,Rakip Eşleşmesi,Bilgi,Maç,Jenerik,Türkçe,Head,h2h,165000,LOW,1,0.48,0.04,0.33,evet,1900,2400,1500000,60500,5400,4400,2900,74000,1900,2900,3600,3600,1900,1900,22200,1830000,673000,3600,2400,1300,1900,18100,720,590,320,260,390,480,390,320,480,hayır
trabzonspor göztepe maçı,Süper Lig,Futbol,Lig,1. Seviye,Global Elit,Erkek,Kulüp,Takım Sporu,Türkiye,Yerli,Türk Takımı Var,TV+ Yok,Yıllık,Sürekli Lig,Rakip Eşleşmesi,Bilgi,Maç,Jenerik,Türkçe,Body,h2h_mac,5400,LOW,1,,,,evet,320,210,40500,2900,590,720,590,22200,590,590,480,480,210,260,1600,49500,14800,480,480,260,590,6600,260,210,90,50,90,70,50,50,70,hayır
trabzonspor göztepe canlı izle,Süper Lig,Futbol,Lig,1. Seviye,Global Elit,Erkek,Kulüp,Takım Sporu,Türkiye,Yerli,Türk Takımı Var,TV+ Yok,Yıllık,Sürekli Lig,Canlı İzle,İzleme,Maç,Jenerik,Türkçe,Body,h2h_izle,260,LOW,0,,,,evet,10,0,1600,10,10,10,10,1600,10,10,10,10,0,0,10,1300,1600,10,10,10,10,590,10,0,0,0,0,0,0,0,0,hayır
trabzonspor göztepe hangi kanalda,Süper Lig,Futbol,Lig,1. Seviye,Global Elit,Erkek,Kulüp,Takım Sporu,Türkiye,Yerli,Türk Takımı Var,TV+ Yok,Yıllık,Sürekli Lig,Kanal/Yayın,İzleme,Maç,Jenerik,Türkçe,Body,h2h_kanal,50,LOW,0,,,,evet,10,10,320,10,10,10,0,260,10,0,10,10,10,10,20,3600,590,10,0,0,0,110,0,0,0,0,0,0,0,0,0,hayır
trabzonspor göztepe saat kaçta,Süper Lig,Futbol,Lig,1. Seviye,Global Elit,Erkek,Kulüp,Takım Sporu,Türkiye,Yerli,Türk Takımı Var,TV+ Yok,Yıllık,Sürekli Lig,Takvim/Saat,Bilgi,Maç,Jenerik,Türkçe,Body,h2h_saat,10,,,,,,evet,0,0,40,10,10,0,0,20,10,0,0,10,0,10,0,70,0,0,0,0,0,0,0,0,0,0,0,0,0,0,0,hayır
trabzonspor göztepe istatistikleri,Süper Lig,Futbol,Lig,1. Seviye,Global Elit,Erkek,Kulüp,Takım Sporu,Türkiye,Yerli,Türk Takımı Var,TV+ Yok,Yıllık,Sürekli Lig,İstatistik,Bilgi,Maç,Jenerik,Türkçe,Body,h2h_ist,6600,LOW,1,,,,evet,30,20,90500,1600,110,90,50,590,20,50,50,70,30,20,390,90500,40500,90,50,20,30,170,0,0,0,0,0,0,0,0,0,hayır
başakşehir samsunspor,Süper Lig,Futbol,Lig,1. Seviye,Global Elit,Erkek,Kulüp,Takım Sporu,Türkiye,Yerli,Türk Takımı Var,TV+ Yok,Yıllık,Sürekli Lig,Rakip Eşleşmesi,Bilgi,Maç,Jenerik,Türkçe,Head,h2h,60500,LOW,1,,,,evet,1300,1600,823000,6600,1000,880,480,3600,390,320,210,590,390,390,1300,2400,5400,550000,40500,880,590,480,2900,590,170,140,590,1300,301000,14800,720,hayır
başakşehir samsunspor maçı,Süper Lig,Futbol,Lig,1. Seviye,Global Elit,Erkek,Kulüp,Takım Sporu,Türkiye,Yerli,Türk Takımı Var,TV+ Yok,Yıllık,Sürekli Lig,Rakip Eşleşmesi,Bilgi,Maç,Jenerik,Türkçe,Body,h2h_mac,140,LOW,1,,,,evet,10,10,1300,50,30,20,20,170,10,10,10,10,10,10,20,40,40,5400,110,10,10,20,170,50,10,10,10,10,590,40,10,hayır
başakşehir samsunspor canlı izle,Süper Lig,Futbol,Lig,1. Seviye,Global Elit,Erkek,Kulüp,Takım Sporu,Türkiye,Yerli,Türk Takımı Var,TV+ Yok,Yıllık,Sürekli Lig,Canlı İzle,İzleme,Maç,Jenerik,Türkçe,Body,h2h_izle,10,LOW,0,,,,evet,10,0,40,0,0,0,0,10,0,10,0,0,0,0,10,0,0,140,10,0,0,10,40,0,0,0,0,0,210,0,0,hayır
başakşehir samsunspor hangi kanalda,Süper Lig,Futbol,Lig,1. Seviye,Global Elit,Erkek,Kulüp,Takım Sporu,Türkiye,Yerli,Türk Takımı Var,TV+ Yok,Yıllık,Sürekli Lig,Kanal/Yayın,İzleme,Maç,Jenerik,Türkçe,Body,h2h_kanal,30,,,,,,evet,0,10,320,0,0,0,0,20,10,0,0,10,0,0,0,0,0,480,90,0,0,0,0,0,0,0,0,0,0,0,0,hayır
başakşehir samsunspor saat kaçta,Süper Lig,Futbol,Lig,1. Seviye,Global Elit,Erkek,Kulüp,Takım Sporu,Türkiye,Yerli,Türk Takımı Var,TV+ Yok,Yıllık,Sürekli Lig,Takvim/Saat,Bilgi,Maç,Jenerik,Türkçe,Body,h2h_saat,,,,,,,hayir,,,,,,,,,,,,,,,,,,,,,,,,,,,,,,,,hayır
başakşehir samsunspor istatistikleri,Süper Lig,Futbol,Lig,1. Seviye,Global Elit,Erkek,Kulüp,Takım Sporu,Türkiye,Yerli,Türk Takımı Var,TV+ Yok,Yıllık,Sürekli Lig,İstatistik,Bilgi,Maç,Jenerik,Türkçe,Body,h2h_ist,1000,LOW,2,,,,evet,10,20,12100,110,20,30,10,140,10,10,10,10,10,10,30,40,140,27100,1900,10,10,10,110,20,10,0,0,10,480,0,0,hayır
başakşehir kocaelispor,Süper Lig,Futbol,Lig,1. Seviye,Global Elit,Erkek,Kulüp,Takım Sporu,Türkiye,Yerli,Türk Takımı Var,TV+ Yok,Yıllık,Sürekli Lig,Rakip Eşleşmesi,Bilgi,Maç,Jenerik,Türkçe,Head,h2h,49500,LOW,0,,,,evet,3600,70,170,4400,720,720,480,1300,74000,450000,480,390,140,10,90,110,90,90,70,70,170,320,480,880,480,140,1000,4400,135000,10,10,hayır
başakşehir kocaelispor maçı,Süper Lig,Futbol,Lig,1. Seviye,Global Elit,Erkek,Kulüp,Takım Sporu,Türkiye,Yerli,Türk Takımı Var,TV+ Yok,Yıllık,Sürekli Lig,Rakip Eşleşmesi,Bilgi,Maç,Jenerik,Türkçe,Body,h2h_mac,880,LOW,1,,,,evet,20,10,10,480,50,30,20,50,2400,6600,10,0,10,0,10,10,10,10,10,0,0,10,0,10,10,10,0,10,170,0,0,hayır
başakşehir kocaelispor canlı izle,Süper Lig,Futbol,Lig,1. Seviye,Global Elit,Erkek,Kulüp,Takım Sporu,Türkiye,Yerli,Türk Takımı Var,TV+ Yok,Yıllık,Sürekli Lig,Canlı İzle,İzleme,Maç,Jenerik,Türkçe,Body,h2h_izle,10,,,,,,evet,0,0,0,40,0,0,0,0,0,70,0,0,0,0,0,0,0,0,0,0,0,0,0,0,0,0,0,0,0,0,0,hayır
başakşehir kocaelispor hangi kanalda,Süper Lig,Futbol,Lig,1. Seviye,Global Elit,Erkek,Kulüp,Takım Sporu,Türkiye,Yerli,Türk Takımı Var,TV+ Yok,Yıllık,Sürekli Lig,Kanal/Yayın,İzleme,Maç,Jenerik,Türkçe,Body,h2h_kanal,50,LOW,24,,,,evet,10,0,0,90,0,10,0,0,10,590,0,0,0,0,0,0,0,0,0,0,0,0,0,10,10,0,0,10,480,0,0,hayır
başakşehir kocaelispor saat kaçta,Süper Lig,Futbol,Lig,1. Seviye,Global Elit,Erkek,Kulüp,Takım Sporu,Türkiye,Yerli,Türk Takımı Var,TV+ Yok,Yıllık,Sürekli Lig,Takvim/Saat,Bilgi,Maç,Jenerik,Türkçe,Body,h2h_saat,,,,,,,hayir,,,,,,,,,,,,,,,,,,,,,,,,,,,,,,,,hayır
başakşehir kocaelispor istatistikleri,Süper Lig,Futbol,Lig,1. Seviye,Global Elit,Erkek,Kulüp,Takım Sporu,Türkiye,Yerli,Türk Takımı Var,TV+ Yok,Yıllık,Sürekli Lig,İstatistik,Bilgi,Maç,Jenerik,Türkçe,Body,h2h_ist,3600,LOW,0,,,,evet,110,10,10,390,50,50,30,110,3600,40500,10,10,10,10,10,20,20,20,10,10,10,20,30,50,0,0,0,0,0,0,0,hayır
başakşehir göztepe,Süper Lig,Futbol,Lig,1. Seviye,Global Elit,Erkek,Kulüp,Takım Sporu,Türkiye,Yerli,Türk Takımı Var,TV+ Yok,Yıllık,Sürekli Lig,Rakip Eşleşmesi,Bilgi,Maç,Jenerik,Türkçe,Head,h2h,49500,LOW,0,,,,evet,260,260,1900,4400,550000,6600,590,390,210,1600,390,320,210,260,1000,14800,1300,1900,4400,49500,450000,880,320,320,140,110,170,170,90,110,170,hayır
başakşehir göztepe maçı,Süper Lig,Futbol,Lig,1. Seviye,Global Elit,Erkek,Kulüp,Takım Sporu,Türkiye,Yerli,Türk Takımı Var,TV+ Yok,Yıllık,Sürekli Lig,Rakip Eşleşmesi,Bilgi,Maç,Jenerik,Türkçe,Body,h2h_mac,480,LOW,0,,,,evet,10,10,70,110,4400,50,20,40,10,140,40,20,20,10,50,1000,40,50,90,1000,5400,10,10,10,10,10,10,10,10,10,10,hayır
başakşehir göztepe canlı izle,Süper Lig,Futbol,Lig,1. Seviye,Global Elit,Erkek,Kulüp,Takım Sporu,Türkiye,Yerli,Türk Takımı Var,TV+ Yok,Yıllık,Sürekli Lig,Canlı İzle,İzleme,Maç,Jenerik,Türkçe,Body,h2h_izle,20,,,,,,evet,0,0,0,10,260,0,0,10,0,10,10,0,0,0,10,140,10,10,0,10,390,0,0,0,10,0,0,10,0,10,10,hayır
başakşehir göztepe hangi kanalda,Süper Lig,Futbol,Lig,1. Seviye,Global Elit,Erkek,Kulüp,Takım Sporu,Türkiye,Yerli,Türk Takımı Var,TV+ Yok,Yıllık,Sürekli Lig,Kanal/Yayın,İzleme,Maç,Jenerik,Türkçe,Body,h2h_kanal,30,,,,,,evet,0,0,0,10,390,0,0,0,0,10,10,0,0,0,0,30,0,10,10,10,590,10,0,0,0,0,0,0,0,0,0,hayır
başakşehir göztepe saat kaçta,Süper Lig,Futbol,Lig,1. Seviye,Global Elit,Erkek,Kulüp,Takım Sporu,Türkiye,Yerli,Türk Takımı Var,TV+ Yok,Yıllık,Sürekli Lig,Takvim/Saat,Bilgi,Maç,Jenerik,Türkçe,Body,h2h_saat,10,,,,,,evet,0,0,0,10,30,0,0,0,10,20,0,10,0,0,10,40,0,0,0,0,0,0,0,0,0,0,0,0,0,0,0,hayır
başakşehir göztepe istatistikleri,Süper Lig,Futbol,Lig,1. Seviye,Global Elit,Erkek,Kulüp,Takım Sporu,Türkiye,Yerli,Türk Takımı Var,TV+ Yok,Yıllık,Sürekli Lig,İstatistik,Bilgi,Maç,Jenerik,Türkçe,Body,h2h_ist,1900,LOW,0,,,,evet,10,10,50,390,22200,210,10,10,10,70,10,10,10,10,10,320,10,20,210,1000,18100,10,10,10,10,0,10,0,0,0,0,hayır
samsunspor kocaelispor,Süper Lig,Futbol,Lig,1. Seviye,Global Elit,Erkek,Kulüp,Takım Sporu,Türkiye,Yerli,Türk Takımı Var,TV+ Yok,Yıllık,Sürekli Lig,Rakip Eşleşmesi,Bilgi,Maç,Jenerik,İngilizce,Head,h2h,40500,LOW,0,,,,evet,90,110,390,880,880,6600,450000,2400,880,390,260,5400,260,30,50,90,40,90,50,40,40,40,20,30,20,20,50,50,20,30,70,hayır
samsunspor kocaelispor maçı,Süper Lig,Futbol,Lig,1. Seviye,Global Elit,Erkek,Kulüp,Takım Sporu,Türkiye,Yerli,Türk Takımı Var,TV+ Yok,Yıllık,Sürekli Lig,Rakip Eşleşmesi,Bilgi,Maç,Jenerik,Türkçe,Body,h2h_mac,260,LOW,4,,,,evet,10,10,10,20,10,30,2900,10,10,10,10,140,10,0,10,10,10,0,10,0,0,0,10,0,0,0,10,10,0,10,0,hayır
samsunspor kocaelispor canlı izle,Süper Lig,Futbol,Lig,1. Seviye,Global Elit,Erkek,Kulüp,Takım Sporu,Türkiye,Yerli,Türk Takımı Var,TV+ Yok,Yıllık,Sürekli Lig,Canlı İzle,İzleme,Maç,Jenerik,Türkçe,Body,h2h_izle,30,,,,,,evet,0,0,10,0,0,0,210,0,0,0,0,110,0,0,0,0,0,0,0,0,0,0,0,10,0,0,10,0,0,0,0,hayır
samsunspor kocaelispor hangi kanalda,Süper Lig,Futbol,Lig,1. Seviye,Global Elit,Erkek,Kulüp,Takım Sporu,Türkiye,Yerli,Türk Takımı Var,TV+ Yok,Yıllık,Sürekli Lig,Kanal/Yayın,İzleme,Maç,Jenerik,İngilizce,Body,h2h_kanal,40,,,,,,evet,0,0,0,0,10,0,390,10,10,10,0,110,10,0,0,0,0,0,0,0,0,0,0,0,0,0,0,0,0,0,0,hayır
samsunspor kocaelispor saat kaçta,Süper Lig,Futbol,Lig,1. Seviye,Global Elit,Erkek,Kulüp,Takım Sporu,Türkiye,Yerli,Türk Takımı Var,TV+ Yok,Yıllık,Sürekli Lig,Takvim/Saat,Bilgi,Maç,Jenerik,Türkçe,Body,h2h_saat,,,,,,,hayir,,,,,,,,,,,,,,,,,,,,,,,,,,,,,,,,hayır
samsunspor kocaelispor istatistikleri,Süper Lig,Futbol,Lig,1. Seviye,Global Elit,Erkek,Kulüp,Takım Sporu,Türkiye,Yerli,Türk Takımı Var,TV+ Yok,Yıllık,Sürekli Lig,İstatistik,Bilgi,Maç,Jenerik,İngilizce,Body,h2h_ist,2900,,,,,,evet,0,10,10,30,50,720,33100,20,10,10,10,70,10,0,0,0,0,0,0,0,0,0,0,0,0,0,0,0,0,0,0,hayır
samsunspor göztepe,Süper Lig,Futbol,Lig,1. Seviye,Global Elit,Erkek,Kulüp,Takım Sporu,Türkiye,Yerli,Türk Takımı Var,TV+ Yok,Yıllık,Sürekli Lig,Rakip Eşleşmesi,Bilgi,Maç,Jenerik,Türkçe,Head,h2h,60500,LOW,1,0.29,0.04,0.34,evet,6600,2900,673000,6600,1900,1600,1300,8100,1000,720,590,720,480,720,880,1600,18100,3600,5400,3600,8100,27100,550000,1300,210,40,110,90,70,70,90,hayır
samsunspor göztepe maçı,Süper Lig,Futbol,Lig,1. Seviye,Global Elit,Erkek,Kulüp,Takım Sporu,Türkiye,Yerli,Türk Takımı Var,TV+ Yok,Yıllık,Sürekli Lig,Rakip Eşleşmesi,Bilgi,Maç,Jenerik,Türkçe,Body,h2h_mac,590,LOW,1,,,,evet,170,40,4400,110,50,50,50,1900,70,40,20,40,20,30,70,90,2900,140,210,90,210,880,18100,20,10,10,10,10,10,10,20,hayır
samsunspor göztepe canlı izle,Süper Lig,Futbol,Lig,1. Seviye,Global Elit,Erkek,Kulüp,Takım Sporu,Türkiye,Yerli,Türk Takımı Var,TV+ Yok,Yıllık,Sürekli Lig,Canlı İzle,İzleme,Maç,Jenerik,Türkçe,Body,h2h_izle,20,,,,,,evet,0,0,210,0,0,0,0,70,10,10,0,10,0,0,0,10,70,0,0,10,10,10,320,10,0,0,0,0,0,0,0,hayır
samsunspor göztepe hangi kanalda,Süper Lig,Futbol,Lig,1. Seviye,Global Elit,Erkek,Kulüp,Takım Sporu,Türkiye,Yerli,Türk Takımı Var,TV+ Yok,Yıllık,Sürekli Lig,Kanal/Yayın,İzleme,Maç,Jenerik,Türkçe,Body,h2h_kanal,40,LOW,0,,,,evet,10,0,390,0,0,0,0,50,0,0,0,0,0,0,0,0,50,0,10,0,10,10,260,0,0,0,0,0,0,0,0,hayır
samsunspor göztepe saat kaçta,Süper Lig,Futbol,Lig,1. Seviye,Global Elit,Erkek,Kulüp,Takım Sporu,Türkiye,Yerli,Türk Takımı Var,TV+ Yok,Yıllık,Sürekli Lig,Takvim/Saat,Bilgi,Maç,Jenerik,Türkçe,Body,h2h_saat,10,,,,,,evet,0,10,40,0,0,0,0,40,10,10,0,0,0,0,10,0,50,10,10,0,0,10,50,0,0,0,0,0,0,0,0,hayır
samsunspor göztepe istatistikleri,Süper Lig,Futbol,Lig,1. Seviye,Global Elit,Erkek,Kulüp,Takım Sporu,Türkiye,Yerli,Türk Takımı Var,TV+ Yok,Yıllık,Sürekli Lig,İstatistik,Bilgi,Maç,Jenerik,Türkçe,Body,h2h_ist,1300,LOW,0,,,,evet,170,30,18100,110,40,30,30,170,20,10,10,20,10,10,10,20,260,70,110,70,210,720,22200,0,0,0,0,0,0,0,0,hayır
kocaelispor göztepe,Süper Lig,Futbol,Lig,1. Seviye,Global Elit,Erkek,Kulüp,Takım Sporu,Türkiye,Yerli,Türk Takımı Var,TV+ Yok,Yıllık,Sürekli Lig,Rakip Eşleşmesi,Bilgi,Maç,Jenerik,Türkçe,Head,h2h,74000,LOW,1,,,,evet,390,320,4400,823000,2400,1600,720,880,9900,320,260,480,260,170,320,480,210,260,390,480,480,390,480,720,390,480,1300,110000,12100,1600,720,hayır
kocaelispor göztepe maçı,Süper Lig,Futbol,Lig,1. Seviye,Global Elit,Erkek,Kulüp,Takım Sporu,Türkiye,Yerli,Türk Takımı Var,TV+ Yok,Yıllık,Sürekli Lig,Rakip Eşleşmesi,Bilgi,Maç,Jenerik,Türkçe,Body,h2h_mac,210,LOW,3,,,,evet,10,10,30,1900,10,20,10,40,720,10,10,20,10,10,10,10,10,10,20,10,10,10,10,10,10,10,10,1300,70,10,10,hayır
kocaelispor göztepe canlı izle,Süper Lig,Futbol,Lig,1. Seviye,Global Elit,Erkek,Kulüp,Takım Sporu,Türkiye,Yerli,Türk Takımı Var,TV+ Yok,Yıllık,Sürekli Lig,Canlı İzle,İzleme,Maç,Jenerik,Türkçe,Body,h2h_izle,40,,,,,,evet,0,10,0,260,0,0,0,10,170,0,0,0,0,0,0,0,0,0,0,0,0,0,0,0,0,0,0,0,0,0,0,hayır
kocaelispor göztepe hangi kanalda,Süper Lig,Futbol,Lig,1. Seviye,Global Elit,Erkek,Kulüp,Takım Sporu,Türkiye,Yerli,Türk Takımı Var,TV+ Yok,Yıllık,Sürekli Lig,Kanal/Yayın,İzleme,Maç,Jenerik,Türkçe,Body,h2h_kanal,30,,,,,,evet,0,0,10,260,0,0,0,0,140,0,0,0,0,0,0,0,0,0,0,0,0,0,0,0,0,0,0,0,0,0,0,hayır
kocaelispor göztepe saat kaçta,Süper Lig,Futbol,Lig,1. Seviye,Global Elit,Erkek,Kulüp,Takım Sporu,Türkiye,Yerli,Türk Takımı Var,TV+ Yok,Yıllık,Sürekli Lig,Takvim/Saat,Bilgi,Maç,Jenerik,Türkçe,Body,h2h_saat,,,,,,,hayir,,,,,,,,,,,,,,,,,,,,,,,,,,,,,,,,hayır
kocaelispor göztepe istatistikleri,Süper Lig,Futbol,Lig,1. Seviye,Global Elit,Erkek,Kulüp,Takım Sporu,Türkiye,Yerli,Türk Takımı Var,TV+ Yok,Yıllık,Sürekli Lig,İstatistik,Bilgi,Maç,Jenerik,Türkçe,Body,h2h_ist,1900,LOW,0,,,,evet,10,10,110,22200,40,20,10,10,140,0,0,0,0,0,0,0,0,0,0,0,0,0,0,0,0,0,0,0,0,0,0,hayır
bandırmaspor erzurumspor,TFF 1. Lig,Futbol,Lig,2. Seviye,Orta,Erkek,Kulüp,Takım Sporu,Türkiye,Yerli,Türk Takımı Var,TV+ Yok,Yıllık,Sürekli Lig,Rakip Eşleşmesi,Bilgi,Maç,Jenerik,Türkçe,Head,h2h,9900,LOW,0,,,,evet,50,40,260,1900,590,720,880,110000,260,210,170,320,260,880,201000,170,140,140,880,480,590,590,720,60500,880,90,50,110,110,590,40500,hayır
bandırmaspor erzurumspor maçı,TFF 1. Lig,Futbol,Lig,2. Seviye,Orta,Erkek,Kulüp,Takım Sporu,Türkiye,Yerli,Türk Takımı Var,TV+ Yok,Yıllık,Sürekli Lig,Rakip Eşleşmesi,Bilgi,Maç,Jenerik,Türkçe,Body,h2h_mac,10,,,,,,evet,0,0,10,40,10,0,10,110,0,0,10,0,10,10,480,0,0,0,10,10,10,10,0,390,10,0,10,0,10,10,390,hayır
bandırmaspor erzurumspor canlı izle,TFF 1. Lig,Futbol,Lig,2. Seviye,Orta,Erkek,Kulüp,Takım Sporu,Türkiye,Yerli,Türk Takımı Var,TV+ Yok,Yıllık,Sürekli Lig,Canlı İzle,İzleme,Maç,Jenerik,Türkçe,Body,h2h_izle,10,,,,,,evet,0,10,10,30,0,0,10,70,0,0,0,10,0,0,140,0,0,0,10,0,10,10,0,40,0,0,0,0,0,0,30,hayır
bandırmaspor erzurumspor hangi kanalda,TFF 1. Lig,Futbol,Lig,2. Seviye,Orta,Erkek,Kulüp,Takım Sporu,Türkiye,Yerli,Türk Takımı Var,TV+ Yok,Yıllık,Sürekli Lig,Kanal/Yayın,İzleme,Maç,Jenerik,Türkçe,Body,h2h_kanal,20,,,,,,evet,0,0,0,30,0,10,10,210,0,0,0,0,0,10,1000,0,0,0,10,0,0,0,0,50,0,0,0,0,0,0,0,hayır
bandırmaspor erzurumspor saat kaçta,TFF 1. Lig,Futbol,Lig,2. Seviye,Orta,Erkek,Kulüp,Takım Sporu,Türkiye,Yerli,Türk Takımı Var,TV+ Yok,Yıllık,Sürekli Lig,Takvim/Saat,Bilgi,Maç,Jenerik,Türkçe,Body,h2h_saat,,,,,,,hayir,,,,,,,,,,,,,,,,,,,,,,,,,,,,,,,,hayır
bandırmaspor erzurumspor istatistikleri,TFF 1. Lig,Futbol,Lig,2. Seviye,Orta,Erkek,Kulüp,Takım Sporu,Türkiye,Yerli,Türk Takımı Var,TV+ Yok,Yıllık,Sürekli Lig,İstatistik,Bilgi,Maç,Jenerik,Türkçe,Body,h2h_ist,,,,,,,hayir,,,,,,,,,,,,,,,,,,,,,,,,,,,,,,,,hayır
bandırmaspor sakaryaspor,TFF 1. Lig,Futbol,Lig,2. Seviye,Orta,Erkek,Kulüp,Takım Sporu,Türkiye,Yerli,Türk Takımı Var,TV+ Yok,Yıllık,Sürekli Lig,Rakip Eşleşmesi,Bilgi,Maç,Jenerik,Türkçe,Head,h2h,9900,LOW,0,,,,evet,40,30,110,260,110,140,320,260,260,260,720,110000,2400,50,720,140,720,170,260,390,1900,60500,170,70,50,70,210,90,70,880,320,hayır
bandırmaspor sakaryaspor maçı,TFF 1. Lig,Futbol,Lig,2. Seviye,Orta,Erkek,Kulüp,Takım Sporu,Türkiye,Yerli,Türk Takımı Var,TV+ Yok,Yıllık,Sürekli Lig,Rakip Eşleşmesi,Bilgi,Maç,Jenerik,Türkçe,Body,h2h_mac,110,,,,,,evet,0,10,10,0,0,0,10,10,10,0,10,1300,10,10,390,10,30,10,10,0,10,390,10,0,10,10,20,10,10,70,10,hayır
bandırmaspor sakaryaspor canlı izle,TFF 1. Lig,Futbol,Lig,2. Seviye,Orta,Erkek,Kulüp,Takım Sporu,Türkiye,Yerli,Türk Takımı Var,TV+ Yok,Yıllık,Sürekli Lig,Canlı İzle,İzleme,Maç,Jenerik,Türkçe,Body,h2h_izle,20,,,,,,evet,0,0,0,0,0,0,0,0,0,0,0,260,0,0,0,0,10,0,0,0,0,20,0,0,0,0,0,0,0,10,0,hayır
bandırmaspor sakaryaspor hangi kanalda,TFF 1. Lig,Futbol,Lig,2. Seviye,Orta,Erkek,Kulüp,Takım Sporu,Türkiye,Yerli,Türk Takımı Var,TV+ Yok,Yıllık,Sürekli Lig,Kanal/Yayın,İzleme,Maç,Jenerik,Türkçe,Body,h2h_kanal,50,,,,,,evet,0,0,0,0,0,0,10,0,0,0,0,590,10,0,10,0,70,0,0,0,0,0,0,0,0,0,0,0,0,0,0,hayır
bandırmaspor sakaryaspor saat kaçta,TFF 1. Lig,Futbol,Lig,2. Seviye,Orta,Erkek,Kulüp,Takım Sporu,Türkiye,Yerli,Türk Takımı Var,TV+ Yok,Yıllık,Sürekli Lig,Takvim/Saat,Bilgi,Maç,Jenerik,Türkçe,Body,h2h_saat,,,,,,,hayir,,,,,,,,,,,,,,,,,,,,,,,,,,,,,,,,hayır
bandırmaspor sakaryaspor istatistikleri,TFF 1. Lig,Futbol,Lig,2. Seviye,Orta,Erkek,Kulüp,Takım Sporu,Türkiye,Yerli,Türk Takımı Var,TV+ Yok,Yıllık,Sürekli Lig,İstatistik,Bilgi,Maç,Jenerik,Türkçe,Body,h2h_ist,390,LOW,0,,,,evet,10,0,10,10,10,10,10,10,10,10,10,4400,40,10,10,0,20,0,10,10,40,2400,0,0,0,0,0,0,0,0,0,hayır
bandırmaspor boluspor,TFF 1. Lig,Futbol,Lig,2. Seviye,Orta,Erkek,Kulüp,Takım Sporu,Türkiye,Yerli,Türk Takımı Var,TV+ Yok,Yıllık,Sürekli Lig,Rakip Eşleşmesi,Bilgi,Maç,Jenerik,Türkçe,Head,h2h,6600,LOW,0,,,,evet,30,20,90,140,1300,90,90,210,74000,260,170,260,320,1300,201000,90,390,90,90,260,33100,320,50,20,10,10,260,90,70,90,320,hayır
bandırmaspor boluspor maçı,TFF 1. Lig,Futbol,Lig,2. Seviye,Orta,Erkek,Kulüp,Takım Sporu,Türkiye,Yerli,Türk Takımı Var,TV+ Yok,Yıllık,Sürekli Lig,Rakip Eşleşmesi,Bilgi,Maç,Jenerik,Türkçe,Body,h2h_mac,10,,,,,,evet,0,0,10,10,40,10,10,10,90,0,10,10,10,20,2400,10,10,0,0,10,210,10,0,10,0,0,20,10,10,10,30,hayır
bandırmaspor boluspor canlı izle,TFF 1. Lig,Futbol,Lig,2. Seviye,Orta,Erkek,Kulüp,Takım Sporu,Türkiye,Yerli,Türk Takımı Var,TV+ Yok,Yıllık,Sürekli Lig,Canlı İzle,İzleme,Maç,Jenerik,Türkçe,Body,h2h_izle,10,,,,,,evet,0,0,0,0,10,10,0,0,70,0,0,0,0,0,50,0,0,0,0,0,50,0,0,0,0,0,10,10,10,10,10,hayır
bandırmaspor boluspor hangi kanalda,TFF 1. Lig,Futbol,Lig,2. Seviye,Orta,Erkek,Kulüp,Takım Sporu,Türkiye,Yerli,Türk Takımı Var,TV+ Yok,Yıllık,Sürekli Lig,Kanal/Yayın,İzleme,Maç,Jenerik,Türkçe,Body,h2h_kanal,10,,,,,,evet,0,0,10,0,10,0,0,0,170,0,0,0,0,0,50,0,0,0,0,0,0,0,0,0,0,0,0,0,0,0,0,hayır
bandırmaspor boluspor saat kaçta,TFF 1. Lig,Futbol,Lig,2. Seviye,Orta,Erkek,Kulüp,Takım Sporu,Türkiye,Yerli,Türk Takımı Var,TV+ Yok,Yıllık,Sürekli Lig,Takvim/Saat,Bilgi,Maç,Jenerik,Türkçe,Body,h2h_saat,,,,,,,hayir,,,,,,,,,,,,,,,,,,,,,,,,,,,,,,,,hayır
bandırmaspor boluspor istatistikleri,TFF 1. Lig,Futbol,Lig,2. Seviye,Orta,Erkek,Kulüp,Takım Sporu,Türkiye,Yerli,Türk Takımı Var,TV+ Yok,Yıllık,Sürekli Lig,İstatistik,Bilgi,Maç,Jenerik,Türkçe,Body,h2h_ist,170,LOW,0,,,,evet,10,0,10,10,10,10,0,10,1900,10,10,10,10,10,8100,10,10,10,10,20,1600,10,0,0,0,0,0,0,0,0,0,hayır
bandırmaspor manisa fk,TFF 1. Lig,Futbol,Lig,2. Seviye,Orta,Erkek,Kulüp,Takım Sporu,Türkiye,Yerli,Türk Takımı Var,TV+ Yok,Yıllık,Sürekli Lig,Rakip Eşleşmesi,Bilgi,Maç,Jenerik,Türkçe,Body,h2h,4400,LOW,0,,,,evet,10,20,50,30,40,590,70,140,210,590,49500,90,30,30,390,170,140,210,60500,4400,70,20,30,30,90,20,90,33100,390,70,30,hayır
bandırmaspor manisa fk maçı,TFF 1. Lig,Futbol,Lig,2. Seviye,Orta,Erkek,Kulüp,Takım Sporu,Türkiye,Yerli,Türk Takımı Var,TV+ Yok,Yıllık,Sürekli Lig,Rakip Eşleşmesi,Bilgi,Maç,Jenerik,Türkçe,Body,h2h_mac,,,,,,,hayir,,,,,,,,,,,,,,,,,,,,,,,,,,,,,,,,hayır
bandırmaspor manisa fk canlı izle,TFF 1. Lig,Futbol,Lig,2. Seviye,Orta,Erkek,Kulüp,Takım Sporu,Türkiye,Yerli,Türk Takımı Var,TV+ Yok,Yıllık,Sürekli Lig,Canlı İzle,İzleme,Maç,Jenerik,Türkçe,Long-tail,h2h_izle,10,,,,,,evet,0,0,0,10,0,90,0,10,10,0,20,0,0,0,70,0,0,0,20,10,10,10,0,0,10,0,10,320,0,0,0,hayır
bandırmaspor manisa fk hangi kanalda,TFF 1. Lig,Futbol,Lig,2. Seviye,Orta,Erkek,Kulüp,Takım Sporu,Türkiye,Yerli,Türk Takımı Var,TV+ Yok,Yıllık,Sürekli Lig,Kanal/Yayın,İzleme,Maç,Jenerik,Türkçe,Long-tail,h2h_kanal,10,,,,,,evet,0,0,0,0,0,90,0,0,10,0,40,10,0,0,210,10,0,0,90,0,0,0,0,0,0,0,0,0,0,0,0,hayır
bandırmaspor manisa fk saat kaçta,TFF 1. Lig,Futbol,Lig,2. Seviye,Orta,Erkek,Kulüp,Takım Sporu,Türkiye,Yerli,Türk Takımı Var,TV+ Yok,Yıllık,Sürekli Lig,Takvim/Saat,Bilgi,Maç,Jenerik,Türkçe,Long-tail,h2h_saat,,,,,,,hayir,,,,,,,,,,,,,,,,,,,,,,,,,,,,,,,,hayır
bandırmaspor manisa fk istatistikleri,TFF 1. Lig,Futbol,Lig,2. Seviye,Orta,Erkek,Kulüp,Takım Sporu,Türkiye,Yerli,Türk Takımı Var,TV+ Yok,Yıllık,Sürekli Lig,İstatistik,Bilgi,Maç,Jenerik,Türkçe,Body,h2h_ist,140,,,,,,evet,0,10,0,0,0,20,0,0,10,10,1600,10,0,0,10,10,10,10,2400,50,0,0,0,0,0,0,0,0,0,0,0,hayır
erzurumspor sakaryaspor,TFF 1. Lig,Futbol,Lig,2. Seviye,Orta,Erkek,Kulüp,Takım Sporu,Türkiye,Yerli,Türk Takımı Var,TV+ Yok,Yıllık,Sürekli Lig,Rakip Eşleşmesi,Bilgi,Maç,Jenerik,İngilizce,Head,h2h,9900,LOW,0,,,,evet,70,30,320,1000,390,2900,390,210,260,480,110000,2400,110,50,210,1600,390,720,2400,165000,480,210,140,140,110,70,590,74000,880,320,170,hayır
erzurumspor sakaryaspor maçı,TFF 1. Lig,Futbol,Lig,2. Seviye,Orta,Erkek,Kulüp,Takım Sporu,Türkiye,Yerli,Türk Takımı Var,TV+ Yok,Yıllık,Sürekli Lig,Rakip Eşleşmesi,Bilgi,Maç,Jenerik,Türkçe,Body,h2h_mac,210,LOW,0,,,,evet,10,10,10,10,10,1900,10,10,10,10,590,20,10,10,10,720,10,10,40,1300,10,10,10,10,10,0,10,480,10,10,10,hayır
erzurumspor sakaryaspor canlı izle,TFF 1. Lig,Futbol,Lig,2. Seviye,Orta,Erkek,Kulüp,Takım Sporu,Türkiye,Yerli,Türk Takımı Var,TV+ Yok,Yıllık,Sürekli Lig,Canlı İzle,İzleme,Maç,Jenerik,Türkçe,Body,h2h_izle,10,,,,,,evet,0,0,0,0,0,50,10,0,0,10,40,0,0,0,0,20,0,10,10,170,0,0,0,10,0,0,0,110,0,0,0,hayır
erzurumspor sakaryaspor hangi kanalda,TFF 1. Lig,Futbol,Lig,2. Seviye,Orta,Erkek,Kulüp,Takım Sporu,Türkiye,Yerli,Türk Takımı Var,TV+ Yok,Yıllık,Sürekli Lig,Kanal/Yayın,İzleme,Maç,Jenerik,İngilizce,Body,h2h_kanal,40,,,,,,evet,0,0,0,10,10,50,0,10,10,0,480,0,0,0,10,20,0,10,0,170,0,0,0,0,0,0,0,0,0,0,0,hayır
erzurumspor sakaryaspor saat kaçta,TFF 1. Lig,Futbol,Lig,2. Seviye,Orta,Erkek,Kulüp,Takım Sporu,Türkiye,Yerli,Türk Takımı Var,TV+ Yok,Yıllık,Sürekli Lig,Takvim/Saat,Bilgi,Maç,Jenerik,Türkçe,Body,h2h_saat,,,,,,,hayir,,,,,,,,,,,,,,,,,,,,,,,,,,,,,,,,hayır
erzurumspor sakaryaspor istatistikleri,TFF 1. Lig,Futbol,Lig,2. Seviye,Orta,Erkek,Kulüp,Takım Sporu,Türkiye,Yerli,Türk Takımı Var,TV+ Yok,Yıllık,Sürekli Lig,İstatistik,Bilgi,Maç,Jenerik,İngilizce,Body,h2h_ist,,,,,,,hayir,,,,,,,,,,,,,,,,,,,,,,,,,,,,,,,,hayır
erzurumspor boluspor,TFF 1. Lig,Futbol,Lig,2. Seviye,Orta,Erkek,Kulüp,Takım Sporu,Türkiye,Yerli,Türk Takımı Var,TV+ Yok,Yıllık,Sürekli Lig,Rakip Eşleşmesi,Bilgi,Maç,Jenerik,İngilizce,Head,h2h,33100,LOW,0,,,,evet,170,140,1000,450000,3600,880,260,590,40,30,40,50,40,50,480,140,720,880,210,260,590,74000,2900,110,50,30,70,170,210,1000,210,hayır
erzurumspor boluspor maçı,TFF 1. Lig,Futbol,Lig,2. Seviye,Orta,Erkek,Kulüp,Takım Sporu,Türkiye,Yerli,Türk Takımı Var,TV+ Yok,Yıllık,Sürekli Lig,Rakip Eşleşmesi,Bilgi,Maç,Jenerik,Türkçe,Body,h2h_mac,90,LOW,3,,,,evet,10,10,10,880,10,10,10,140,10,10,10,10,10,10,20,10,140,40,10,10,10,260,10,10,10,10,10,10,10,110,10,hayır
erzurumspor boluspor canlı izle,TFF 1. Lig,Futbol,Lig,2. Seviye,Orta,Erkek,Kulüp,Takım Sporu,Türkiye,Yerli,Türk Takımı Var,TV+ Yok,Yıllık,Sürekli Lig,Canlı İzle,İzleme,Maç,Jenerik,Türkçe,Body,h2h_izle,10,LOW,0,,,,evet,10,0,10,70,0,0,0,10,0,0,0,10,10,10,10,10,10,10,10,10,10,70,10,10,10,10,10,0,0,70,10,hayır
erzurumspor boluspor hangi kanalda,TFF 1. Lig,Futbol,Lig,2. Seviye,Orta,Erkek,Kulüp,Takım Sporu,Türkiye,Yerli,Türk Takımı Var,TV+ Yok,Yıllık,Sürekli Lig,Kanal/Yayın,İzleme,Maç,Jenerik,İngilizce,Body,h2h_kanal,10,,,,,,evet,0,0,0,90,0,0,0,10,0,0,0,0,0,0,10,0,10,0,0,0,0,140,0,0,0,0,0,0,0,0,0,hayır
erzurumspor boluspor saat kaçta,TFF 1. Lig,Futbol,Lig,2. Seviye,Orta,Erkek,Kulüp,Takım Sporu,Türkiye,Yerli,Türk Takımı Var,TV+ Yok,Yıllık,Sürekli Lig,Takvim/Saat,Bilgi,Maç,Jenerik,Türkçe,Body,h2h_saat,,,,,,,hayir,,,,,,,,,,,,,,,,,,,,,,,,,,,,,,,,hayır
erzurumspor boluspor istatistikleri,TFF 1. Lig,Futbol,Lig,2. Seviye,Orta,Erkek,Kulüp,Takım Sporu,Türkiye,Yerli,Türk Takımı Var,TV+ Yok,Yıllık,Sürekli Lig,İstatistik,Bilgi,Maç,Jenerik,İngilizce,Body,h2h_ist,,,,,,,hayir,,,,,,,,,,,,,,,,,,,,,,,,,,,,,,,,hayır
erzurumspor manisa fk,TFF 1. Lig,Futbol,Lig,2. Seviye,Orta,Erkek,Kulüp,Takım Sporu,Türkiye,Yerli,Türk Takımı Var,TV+ Yok,Yıllık,Sürekli Lig,Rakip Eşleşmesi,Bilgi,Maç,Jenerik,İngilizce,Body,h2h,33100,LOW,0,,,,evet,260,210,1300,3600,450000,3600,210,90,50,320,70,90,50,90,390,3600,135000,260,70,50,390,30,30,20,20,30,40,50,40,110,720,hayır
erzurumspor manisa fk maçı,TFF 1. Lig,Futbol,Lig,2. Seviye,Orta,Erkek,Kulüp,Takım Sporu,Türkiye,Yerli,Türk Takımı Var,TV+ Yok,Yıllık,Sürekli Lig,Rakip Eşleşmesi,Bilgi,Maç,Jenerik,Türkçe,Body,h2h_mac,10,,,,,,evet,0,10,10,10,40,0,0,0,0,0,0,0,0,0,0,0,0,0,0,0,0,0,0,0,0,0,0,0,0,0,0,hayır
erzurumspor manisa fk canlı izle,TFF 1. Lig,Futbol,Lig,2. Seviye,Orta,Erkek,Kulüp,Takım Sporu,Türkiye,Yerli,Türk Takımı Var,TV+ Yok,Yıllık,Sürekli Lig,Canlı İzle,İzleme,Maç,Jenerik,Türkçe,Long-tail,h2h_izle,10,,,,,,evet,0,0,0,0,30,0,0,0,0,10,0,0,0,0,0,0,70,0,0,0,0,0,0,0,0,0,0,0,0,0,0,hayır
erzurumspor manisa fk hangi kanalda,TFF 1. Lig,Futbol,Lig,2. Seviye,Orta,Erkek,Kulüp,Takım Sporu,Türkiye,Yerli,Türk Takımı Var,TV+ Yok,Yıllık,Sürekli Lig,Kanal/Yayın,İzleme,Maç,Jenerik,İngilizce,Long-tail,h2h_kanal,50,,,,,,evet,0,0,0,10,590,10,0,10,0,20,10,0,0,0,0,10,880,0,0,0,0,0,0,0,0,0,0,0,0,0,0,hayır
erzurumspor manisa fk saat kaçta,TFF 1. Lig,Futbol,Lig,2. Seviye,Orta,Erkek,Kulüp,Takım Sporu,Türkiye,Yerli,Türk Takımı Var,TV+ Yok,Yıllık,Sürekli Lig,Takvim/Saat,Bilgi,Maç,Jenerik,Türkçe,Long-tail,h2h_saat,,,,,,,hayir,,,,,,,,,,,,,,,,,,,,,,,,,,,,,,,,hayır
erzurumspor manisa fk istatistikleri,TFF 1. Lig,Futbol,Lig,2. Seviye,Orta,Erkek,Kulüp,Takım Sporu,Türkiye,Yerli,Türk Takımı Var,TV+ Yok,Yıllık,Sürekli Lig,İstatistik,Bilgi,Maç,Jenerik,İngilizce,Body,h2h_ist,,,,,,,hayir,,,,,,,,,,,,,,,,,,,,,,,,,,,,,,,,hayır
sakaryaspor boluspor,TFF 1. Lig,Futbol,Lig,2. Seviye,Orta,Erkek,Kulüp,Takım Sporu,Türkiye,Yerli,Türk Takımı Var,TV+ Yok,Yıllık,Sürekli Lig,Rakip Eşleşmesi,Bilgi,Maç,Jenerik,İngilizce,Head,h2h,6600,LOW,0,,,,evet,30,30,50,260,110,480,320,140,140,260,5400,74000,110,50,210,1000,110,210,390,60500,4400,170,90,140,70,90,1000,60500,1600,260,90,hayır
sakaryaspor boluspor maçı,TFF 1. Lig,Futbol,Lig,2. Seviye,Orta,Erkek,Kulüp,Takım Sporu,Türkiye,Yerli,Türk Takımı Var,TV+ Yok,Yıllık,Sürekli Lig,Rakip Eşleşmesi,Bilgi,Maç,Jenerik,Türkçe,Body,h2h_mac,70,LOW,0,,,,evet,10,10,10,40,10,70,20,20,20,20,90,480,10,10,90,70,10,40,20,2400,170,10,10,10,10,10,140,390,20,10,10,hayır
sakaryaspor boluspor canlı izle,TFF 1. Lig,Futbol,Lig,2. Seviye,Orta,Erkek,Kulüp,Takım Sporu,Türkiye,Yerli,Türk Takımı Var,TV+ Yok,Yıllık,Sürekli Lig,Canlı İzle,İzleme,Maç,Jenerik,Türkçe,Body,h2h_izle,,,,,,,hayir,,,,,,,,,,,,,,,,,,,,,,,,,,,,,,,,hayır
sakaryaspor boluspor hangi kanalda,TFF 1. Lig,Futbol,Lig,2. Seviye,Orta,Erkek,Kulüp,Takım Sporu,Türkiye,Yerli,Türk Takımı Var,TV+ Yok,Yıllık,Sürekli Lig,Kanal/Yayın,İzleme,Maç,Jenerik,İngilizce,Body,h2h_kanal,20,,,,,,evet,0,0,0,0,0,10,0,0,0,0,10,170,0,10,10,170,0,10,0,140,10,0,0,0,0,0,0,0,0,0,0,hayır
sakaryaspor boluspor saat kaçta,TFF 1. Lig,Futbol,Lig,2. Seviye,Orta,Erkek,Kulüp,Takım Sporu,Türkiye,Yerli,Türk Takımı Var,TV+ Yok,Yıllık,Sürekli Lig,Takvim/Saat,Bilgi,Maç,Jenerik,Türkçe,Body,h2h_saat,,,,,,,hayir,,,,,,,,,,,,,,,,,,,,,,,,,,,,,,,,hayır
sakaryaspor boluspor istatistikleri,TFF 1. Lig,Futbol,Lig,2. Seviye,Orta,Erkek,Kulüp,Takım Sporu,Türkiye,Yerli,Türk Takımı Var,TV+ Yok,Yıllık,Sürekli Lig,İstatistik,Bilgi,Maç,Jenerik,İngilizce,Body,h2h_ist,140,LOW,0,,,,evet,10,10,10,0,10,10,10,0,10,10,90,1600,10,10,10,20,0,10,10,3600,140,10,0,0,0,0,0,0,0,0,0,hayır
sakaryaspor manisa fk,TFF 1. Lig,Futbol,Lig,2. Seviye,Orta,Erkek,Kulüp,Takım Sporu,Türkiye,Yerli,Türk Takımı Var,TV+ Yok,Yıllık,Sürekli Lig,Rakip Eşleşmesi,Bilgi,Maç,Jenerik,İngilizce,Body,h2h,9900,LOW,0,,,,evet,50,40,320,210,170,390,1900,135000,140,50,40,50,50,50,390,170,210,1600,74000,210,50,30,70,880,30,50,210,260,49500,2400,140,hayır
sakaryaspor manisa fk maçı,TFF 1. Lig,Futbol,Lig,2. Seviye,Orta,Erkek,Kulüp,Takım Sporu,Türkiye,Yerli,Türk Takımı Var,TV+ Yok,Yıllık,Sürekli Lig,Rakip Eşleşmesi,Bilgi,Maç,Jenerik,Türkçe,Body,h2h_mac,,,,,,,hayir,,,,,,,,,,,,,,,,,,,,,,,,,,,,,,,,hayır
sakaryaspor manisa fk canlı izle,TFF 1. Lig,Futbol,Lig,2. Seviye,Orta,Erkek,Kulüp,Takım Sporu,Türkiye,Yerli,Türk Takımı Var,TV+ Yok,Yıllık,Sürekli Lig,Canlı İzle,İzleme,Maç,Jenerik,Türkçe,Long-tail,h2h_izle,,,,,,,hayir,,,,,,,,,,,,,,,,,,,,,,,,,,,,,,,,hayır
sakaryaspor manisa fk hangi kanalda,TFF 1. Lig,Futbol,Lig,2. Seviye,Orta,Erkek,Kulüp,Takım Sporu,Türkiye,Yerli,Türk Takımı Var,TV+ Yok,Yıllık,Sürekli Lig,Kanal/Yayın,İzleme,Maç,Jenerik,İngilizce,Long-tail,h2h_kanal,20,,,,,,evet,0,0,40,10,0,0,10,210,0,0,0,10,10,0,10,10,10,0,170,0,0,0,0,0,0,0,0,0,0,0,0,hayır
sakaryaspor manisa fk saat kaçta,TFF 1. Lig,Futbol,Lig,2. Seviye,Orta,Erkek,Kulüp,Takım Sporu,Türkiye,Yerli,Türk Takımı Var,TV+ Yok,Yıllık,Sürekli Lig,Takvim/Saat,Bilgi,Maç,Jenerik,Türkçe,Long-tail,h2h_saat,,,,,,,hayir,,,,,,,,,,,,,,,,,,,,,,,,,,,,,,,,hayır
sakaryaspor manisa fk istatistikleri,TFF 1. Lig,Futbol,Lig,2. Seviye,Orta,Erkek,Kulüp,Takım Sporu,Türkiye,Yerli,Türk Takımı Var,TV+ Yok,Yıllık,Sürekli Lig,İstatistik,Bilgi,Maç,Jenerik,İngilizce,Body,h2h_ist,260,LOW,0,,,,evet,10,0,10,10,10,10,30,2900,10,10,0,10,0,10,10,10,10,20,4400,0,0,0,0,0,0,0,0,0,0,0,0,hayır
boluspor manisa fk,TFF 1. Lig,Futbol,Lig,2. Seviye,Orta,Erkek,Kulüp,Takım Sporu,Türkiye,Yerli,Türk Takımı Var,TV+ Yok,Yıllık,Sürekli Lig,Rakip Eşleşmesi,Bilgi,Maç,Jenerik,İngilizce,Body,h2h,3600,LOW,0,,,,evet,1000,10,20,40,30,390,70,50,90,210,40500,720,20,10,30,20,20,480,70,50,390,880,27100,70,20,10,480,90,50,110,590,hayır
boluspor manisa fk maçı,TFF 1. Lig,Futbol,Lig,2. Seviye,Orta,Erkek,Kulüp,Takım Sporu,Türkiye,Yerli,Türk Takımı Var,TV+ Yok,Yıllık,Sürekli Lig,Rakip Eşleşmesi,Bilgi,Maç,Jenerik,Türkçe,Body,h2h_mac,,,,,,,hayir,,,,,,,,,,,,,,,,,,,,,,,,,,,,,,,,hayır
boluspor manisa fk canlı izle,TFF 1. Lig,Futbol,Lig,2. Seviye,Orta,Erkek,Kulüp,Takım Sporu,Türkiye,Yerli,Türk Takımı Var,TV+ Yok,Yıllık,Sürekli Lig,Canlı İzle,İzleme,Maç,Jenerik,Türkçe,Long-tail,h2h_izle,,,,,,,hayir,,,,,,,,,,,,,,,,,,,,,,,,,,,,,,,,hayır
boluspor manisa fk hangi kanalda,TFF 1. Lig,Futbol,Lig,2. Seviye,Orta,Erkek,Kulüp,Takım Sporu,Türkiye,Yerli,Türk Takımı Var,TV+ Yok,Yıllık,Sürekli Lig,Kanal/Yayın,İzleme,Maç,Jenerik,İngilizce,Long-tail,h2h_kanal,10,LOW,0,,,,evet,10,0,0,0,0,10,0,0,0,10,110,10,0,0,0,0,0,10,0,0,0,0,90,0,0,0,0,0,0,0,0,hayır
boluspor manisa fk saat kaçta,TFF 1. Lig,Futbol,Lig,2. Seviye,Orta,Erkek,Kulüp,Takım Sporu,Türkiye,Yerli,Türk Takımı Var,TV+ Yok,Yıllık,Sürekli Lig,Takvim/Saat,Bilgi,Maç,Jenerik,Türkçe,Long-tail,h2h_saat,,,,,,,hayir,,,,,,,,,,,,,,,,,,,,,,,,,,,,,,,,hayır
boluspor manisa fk istatistikleri,TFF 1. Lig,Futbol,Lig,2. Seviye,Orta,Erkek,Kulüp,Takım Sporu,Türkiye,Yerli,Türk Takımı Var,TV+ Yok,Yıllık,Sürekli Lig,İstatistik,Bilgi,Maç,Jenerik,İngilizce,Body,h2h_ist,110,LOW,0,,,,evet,20,0,0,0,0,10,10,10,10,10,1300,10,0,0,0,10,0,30,10,10,10,30,1000,0,0,0,0,0,0,0,0,hayır
real madrid barcelona,La Liga,Futbol,Lig,1. Seviye,Global Elit,Erkek,Kulüp,Takım Sporu,İspanya,Yabancı,Yok,TV+ Var,Yıllık,Sürekli Lig,Rakip Eşleşmesi,Bilgi,Maç,Jenerik,İngilizce,Body,h2h,301000,LOW,1,0.29,0.11,0.46,evet,8100,8100,90500,27100,33100,22200,368000,33100,90500,3350000,33100,49500,27100,27100,450000,450000,60500,74000,2740000,49500,110000,3350000,60500,1220000,22200,27100,90500,1500000,33100,33100,1830000,hayır
real madrid barcelona maçı,La Liga,Futbol,Lig,1. Seviye,Global Elit,Erkek,Kulüp,Takım Sporu,İspanya,Yabancı,Yok,TV+ Var,Yıllık,Sürekli Lig,Rakip Eşleşmesi,Bilgi,Maç,Jenerik,Türkçe,Body,h2h_mac,8100,LOW,4,0.17,0.09,0.34,evet,590,590,6600,2900,2400,1600,22200,1600,1600,49500,1900,1900,1900,1600,22200,18100,1900,1900,27100,1600,2400,40500,1300,22200,880,1900,2400,12100,880,1000,18100,hayır
real madrid barcelona canlı izle,La Liga,Futbol,Lig,1. Seviye,Global Elit,Erkek,Kulüp,Takım Sporu,İspanya,Yabancı,Yok,TV+ Var,Yıllık,Sürekli Lig,Canlı İzle,İzleme,Maç,Jenerik,Türkçe,Long-tail,h2h_izle,1900,LOW,1,,,,evet,30,40,1600,170,110,140,9900,90,210,9900,30,10,20,30,6600,4400,20,30,9900,20,50,14800,10,1600,20,30,40,4400,10,40,12100,hayır
real madrid barcelona hangi kanalda,La Liga,Futbol,Lig,1. Seviye,Global Elit,Erkek,Kulüp,Takım Sporu,İspanya,Yabancı,Yok,TV+ Var,Yıllık,Sürekli Lig,Kanal/Yayın,İzleme,Maç,Jenerik,İngilizce,Long-tail,h2h_kanal,9900,LOW,6,,,,evet,10,10,3600,390,210,140,60500,70,320,49500,210,50,170,170,49500,60500,110,320,90500,210,480,74000,140,9900,70,140,480,40500,170,110,27100,hayır
real madrid barcelona saat kaçta,La Liga,Futbol,Lig,1. Seviye,Global Elit,Erkek,Kulüp,Takım Sporu,İspanya,Yabancı,Yok,TV+ Var,Yıllık,Sürekli Lig,Takvim/Saat,Bilgi,Maç,Jenerik,Türkçe,Long-tail,h2h_saat,90,,,,,,evet,0,10,50,10,10,10,260,10,10,720,10,10,10,10,390,210,10,10,320,10,10,590,10,320,10,10,10,260,10,10,260,hayır
real madrid barcelona istatistikleri,La Liga,Futbol,Lig,1. Seviye,Global Elit,Erkek,Kulüp,Takım Sporu,İspanya,Yabancı,Yok,TV+ Var,Yıllık,Sürekli Lig,İstatistik,Bilgi,Maç,Jenerik,İngilizce,Body,h2h_ist,14800,LOW,2,,,,evet,70,20,70,50,50,50,390,590,2400,165000,720,590,590,320,2900,4400,1000,1000,135000,1000,2400,201000,1300,60500,170,110,170,4400,140,70,3600,hayır
real madrid atletico madrid,La Liga,Futbol,Lig,1. Seviye,Global Elit,Erkek,Kulüp,Takım Sporu,İspanya,Yabancı,Yok,TV+ Var,Yıllık,Sürekli Lig,Rakip Eşleşmesi,Bilgi,Maç,Jenerik,İngilizce,Body,h2h,201000,LOW,4,0.23,0.14,0.62,evet,6600,2400,9900,33100,2240000,6600,60500,5400,2900,5400,74000,4400,6600,6600,9900,22200,1830000,1220000,12100,9900,3600,8100,60500,6600,6600,8100,12100,14800,18100,673000,1500000,hayır
real madrid atletico madrid maçı,La Liga,Futbol,Lig,1. Seviye,Global Elit,Erkek,Kulüp,Takım Sporu,İspanya,Yabancı,Yok,TV+ Var,Yıllık,Sürekli Lig,Rakip Eşleşmesi,Bilgi,Maç,Jenerik,Türkçe,Long-tail,h2h_mac,5400,LOW,2,0.35,0.09,0.28,evet,3600,480,1600,3600,40500,1300,8100,1300,590,720,3600,590,880,1000,1600,3600,74000,27100,1900,1900,1000,1600,4400,1600,1300,720,1300,1300,1300,5400,18100,hayır
real madrid atletico madrid canlı izle,La Liga,Futbol,Lig,1. Seviye,Global Elit,Erkek,Kulüp,Takım Sporu,İspanya,Yabancı,Yok,TV+ Var,Yıllık,Sürekli Lig,Canlı İzle,İzleme,Maç,Jenerik,Türkçe,Long-tail,h2h_izle,1300,LOW,2,,,,evet,10,10,90,260,12100,90,2900,140,30,50,1900,20,50,40,50,320,33100,6600,20,110,50,110,1000,50,20,10,40,70,70,3600,18100,hayır
real madrid atletico madrid hangi kanalda,La Liga,Futbol,Lig,1. Seviye,Global Elit,Erkek,Kulüp,Takım Sporu,İspanya,Yabancı,Yok,TV+ Var,Yıllık,Sürekli Lig,Kanal/Yayın,İzleme,Maç,Jenerik,İngilizce,Long-tail,h2h_kanal,1900,LOW,0,,,,evet,10,10,90,170,14800,30,3600,90,10,210,2400,20,10,20,30,390,49500,22200,30,90,30,260,3600,40,10,20,50,90,140,1900,49500,hayır
real madrid atletico madrid saat kaçta,La Liga,Futbol,Lig,1. Seviye,Global Elit,Erkek,Kulüp,Takım Sporu,İspanya,Yabancı,Yok,TV+ Var,Yıllık,Sürekli Lig,Takvim/Saat,Bilgi,Maç,Jenerik,Türkçe,Long-tail,h2h_saat,30,,,,,,evet,0,10,10,20,170,0,40,10,10,10,70,0,10,0,10,10,210,90,0,10,10,10,40,10,0,0,0,10,10,70,170,hayır
real madrid atletico madrid istatistikleri,La Liga,Futbol,Lig,1. Seviye,Global Elit,Erkek,Kulüp,Takım Sporu,İspanya,Yabancı,Yok,TV+ Var,Yıllık,Sürekli Lig,İstatistik,Bilgi,Maç,Jenerik,İngilizce,Long-tail,h2h_ist,8100,LOW,2,,,,evet,30,10,90,880,90500,110,390,30,20,50,480,70,140,70,140,320,74000,60500,320,210,70,90,590,90,30,20,10,20,20,1000,2400,hayır
real madrid sevilla,La Liga,Futbol,Lig,1. Seviye,Global Elit,Erkek,Kulüp,Takım Sporu,İspanya,Yabancı,Yok,TV+ Var,Yıllık,Sürekli Lig,Rakip Eşleşmesi,Bilgi,Maç,Jenerik,İngilizce,Body,h2h,60500,LOW,4,0.21,0.09,0.33,evet,320,320,4400,720,1900,1600,18100,673000,880,1300,590,1000,1000,1600,27100,2900,3600,4400,33100,1500000,1000,1300,880,1600,1900,1600,3600,3600,22200,550000,1600,hayır
real madrid sevilla maçı,La Liga,Futbol,Lig,1. Seviye,Global Elit,Erkek,Kulüp,Takım Sporu,İspanya,Yabancı,Yok,TV+ Var,Yıllık,Sürekli Lig,Rakip Eşleşmesi,Bilgi,Maç,Jenerik,Türkçe,Body,h2h_mac,880,LOW,5,,,,evet,10,10,210,40,50,40,170,9900,40,30,30,20,10,30,1600,90,70,50,210,4400,50,70,50,70,40,50,210,140,390,2400,170,hayır
real madrid sevilla canlı izle,La Liga,Futbol,Lig,1. Seviye,Global Elit,Erkek,Kulüp,Takım Sporu,İspanya,Yabancı,Yok,TV+ Var,Yıllık,Sürekli Lig,Canlı İzle,İzleme,Maç,Jenerik,Türkçe,Long-tail,h2h_izle,40,,,,,,evet,0,0,40,0,10,10,10,480,10,10,10,10,10,10,1300,10,10,10,10,720,10,10,10,10,10,10,30,10,50,2900,10,hayır
real madrid sevilla hangi kanalda,La Liga,Futbol,Lig,1. Seviye,Global Elit,Erkek,Kulüp,Takım Sporu,İspanya,Yabancı,Yok,TV+ Var,Yıllık,Sürekli Lig,Kanal/Yayın,İzleme,Maç,Jenerik,İngilizce,Long-tail,h2h_kanal,210,,,,,,evet,0,0,70,10,10,10,10,2400,10,10,10,0,10,10,2400,10,10,10,40,880,10,10,10,10,10,10,10,10,70,2900,20,hayır
real madrid sevilla saat kaçta,La Liga,Futbol,Lig,1. Seviye,Global Elit,Erkek,Kulüp,Takım Sporu,İspanya,Yabancı,Yok,TV+ Var,Yıllık,Sürekli Lig,Takvim/Saat,Bilgi,Maç,Jenerik,Türkçe,Long-tail,h2h_saat,10,,,,,,evet,0,0,10,0,0,10,0,10,0,0,0,0,0,0,40,10,0,0,0,50,0,0,0,0,0,0,10,10,10,20,0,hayır
real madrid sevilla istatistikleri,La Liga,Futbol,Lig,1. Seviye,Global Elit,Erkek,Kulüp,Takım Sporu,İspanya,Yabancı,Yok,TV+ Var,Yıllık,Sürekli Lig,İstatistik,Bilgi,Maç,Jenerik,İngilizce,Body,h2h_ist,20,,,,,,evet,0,10,170,0,0,10,10,30,0,10,0,0,0,0,10,10,0,10,0,0,0,0,0,0,0,0,0,0,0,0,0,hayır
real madrid real sociedad,La Liga,Futbol,Lig,1. Seviye,Global Elit,Erkek,Kulüp,Takım Sporu,İspanya,Yabancı,Yok,TV+ Var,Yıllık,Sürekli Lig,Rakip Eşleşmesi,Bilgi,Maç,Jenerik,İngilizce,Body,h2h,90500,LOW,3,0.43,0.11,0.49,evet,2400,720,2400,2900,8100,1000000,2400,1000,880,1600,27100,6600,5400,49500,1220000,1500000,90500,27100,1300,1300,1000,1000,33100,1600,1000,1600,9900,165000,720,880,1300,hayır
real madrid real sociedad maçı,La Liga,Futbol,Lig,1. Seviye,Global Elit,Erkek,Kulüp,Takım Sporu,İspanya,Yabancı,Yok,TV+ Var,Yıllık,Sürekli Lig,Rakip Eşleşmesi,Bilgi,Maç,Jenerik,Türkçe,Long-tail,h2h_mac,320,LOW,16,0.82,0.16,0.47,evet,30,10,20,40,50,2900,40,20,10,20,590,20,30,90,5400,1300,210,1900,50,30,40,40,880,50,30,20,260,2400,10,10,10,hayır
real madrid real sociedad canlı izle,La Liga,Futbol,Lig,1. Seviye,Global Elit,Erkek,Kulüp,Takım Sporu,İspanya,Yabancı,Yok,TV+ Var,Yıllık,Sürekli Lig,Canlı İzle,İzleme,Maç,Jenerik,Türkçe,Long-tail,h2h_izle,110,LOW,7,,,,evet,10,10,10,10,10,590,20,10,10,10,590,10,10,10,720,2900,30,720,10,10,10,20,880,20,10,10,260,18100,10,10,10,hayır
real madrid real sociedad hangi kanalda,La Liga,Futbol,Lig,1. Seviye,Global Elit,Erkek,Kulüp,Takım Sporu,İspanya,Yabancı,Yok,TV+ Var,Yıllık,Sürekli Lig,Kanal/Yayın,İzleme,Maç,Jenerik,İngilizce,Long-tail,h2h_kanal,320,LOW,5,,,,evet,10,10,10,10,10,3600,10,10,10,10,480,40,10,20,4400,22200,720,3600,10,20,10,30,1600,30,20,30,480,33100,10,10,10,hayır
real madrid real sociedad saat kaçta,La Liga,Futbol,Lig,1. Seviye,Global Elit,Erkek,Kulüp,Takım Sporu,İspanya,Yabancı,Yok,TV+ Var,Yıllık,Sürekli Lig,Takvim/Saat,Bilgi,Maç,Jenerik,Türkçe,Long-tail,h2h_saat,10,,,,,,evet,0,0,0,0,10,10,10,0,0,10,20,0,0,10,50,70,0,0,0,0,0,0,0,0,0,0,0,0,0,0,0,hayır
real madrid real sociedad istatistikleri,La Liga,Futbol,Lig,1. Seviye,Global Elit,Erkek,Kulüp,Takım Sporu,İspanya,Yabancı,Yok,TV+ Var,Yıllık,Sürekli Lig,İstatistik,Bilgi,Maç,Jenerik,İngilizce,Long-tail,h2h_ist,2900,LOW,0,,,,evet,70,10,20,90,260,33100,50,20,20,20,390,70,110,590,40500,40500,4400,390,40,50,20,20,260,20,10,10,10,70,0,0,10,hayır
barcelona atletico madrid,La Liga,Futbol,Lig,1. Seviye,Global Elit,Erkek,Kulüp,Takım Sporu,İspanya,Yabancı,Yok,TV+ Var,Yıllık,Sürekli Lig,Rakip Eşleşmesi,Bilgi,Maç,Jenerik,İngilizce,Body,h2h,74000,LOW,2,1.06,0.22,0.76,evet,880,880,4400,246000,135000,40500,3600,550000,14800,1600,1600,1600,1600,2400,4400,40500,74000,550000,22200,550000,1600,880,720,1000,720,590,880,1900,9900,1600,3600,hayır
barcelona atletico madrid maçı,La Liga,Futbol,Lig,1. Seviye,Global Elit,Erkek,Kulüp,Takım Sporu,İspanya,Yabancı,Yok,TV+ Var,Yıllık,Sürekli Lig,Rakip Eşleşmesi,Bilgi,Maç,Jenerik,Türkçe,Body,h2h_mac,2900,LOW,1,,,,evet,210,90,480,14800,4400,1900,390,12100,590,390,390,320,260,390,720,1900,5400,27100,1000,12100,260,260,170,260,90,50,70,260,320,170,210,hayır
barcelona atletico madrid canlı izle,La Liga,Futbol,Lig,1. Seviye,Global Elit,Erkek,Kulüp,Takım Sporu,İspanya,Yabancı,Yok,TV+ Var,Yıllık,Sürekli Lig,Canlı İzle,İzleme,Maç,Jenerik,Türkçe,Long-tail,h2h_izle,1600,LOW,5,,,,evet,30,50,50,14800,1600,1600,30,720,20,30,20,10,10,10,10,720,590,1600,30,880,10,10,10,10,10,0,10,10,110,20,20,hayır
barcelona atletico madrid hangi kanalda,La Liga,Futbol,Lig,1. Seviye,Global Elit,Erkek,Kulüp,Takım Sporu,İspanya,Yabancı,Yok,TV+ Var,Yıllık,Sürekli Lig,Kanal/Yayın,İzleme,Maç,Jenerik,İngilizce,Long-tail,h2h_kanal,2400,LOW,3,,,,evet,10,10,50,18100,2900,4400,50,3600,40,10,10,10,10,10,40,4400,1300,9900,720,8100,10,10,10,10,10,0,10,30,390,0,30,hayır
barcelona atletico madrid saat kaçta,La Liga,Futbol,Lig,1. Seviye,Global Elit,Erkek,Kulüp,Takım Sporu,İspanya,Yabancı,Yok,TV+ Var,Yıllık,Sürekli Lig,Takvim/Saat,Bilgi,Maç,Jenerik,Türkçe,Long-tail,h2h_saat,20,,,,,,evet,0,0,10,170,30,10,0,30,10,0,0,0,0,0,10,10,10,20,10,10,10,0,0,0,0,0,0,0,10,0,0,hayır
barcelona atletico madrid istatistikleri,La Liga,Futbol,Lig,1. Seviye,Global Elit,Erkek,Kulüp,Takım Sporu,İspanya,Yabancı,Yok,TV+ Var,Yıllık,Sürekli Lig,İstatistik,Bilgi,Maç,Jenerik,İngilizce,Body,h2h_ist,2900,LOW,0,,,,evet,20,10,10,590,4400,320,40,27100,480,50,30,30,40,30,50,480,1300,27100,590,33100,70,30,50,70,10,0,10,10,40,0,10,hayır
barcelona sevilla,La Liga,Futbol,Lig,1. Seviye,Global Elit,Erkek,Kulüp,Takım Sporu,İspanya,Yabancı,Yok,TV+ Var,Yıllık,Sürekli Lig,Rakip Eşleşmesi,Bilgi,Maç,Jenerik,İngilizce,Head,h2h,1600,LOW,29,0.53,0.13,0.68,evet,140,140,260,320,8100,260,320,390,590,9900,480,590,480,880,1300,1600,1000,12100,1600,1600,3600,301000,880,880,720,720,5400,1000,720,880,1000,hayır
barcelona sevilla maçı,La Liga,Futbol,Lig,1. Seviye,Global Elit,Erkek,Kulüp,Takım Sporu,İspanya,Yabancı,Yok,TV+ Var,Yıllık,Sürekli Lig,Rakip Eşleşmesi,Bilgi,Maç,Jenerik,Türkçe,Body,h2h_mac,260,LOW,4,,,,evet,10,10,30,40,2400,30,40,40,30,320,10,10,40,20,70,90,50,1000,50,40,40,1000,10,20,20,10,390,30,20,40,40,hayır
barcelona sevilla canlı izle,La Liga,Futbol,Lig,1. Seviye,Global Elit,Erkek,Kulüp,Takım Sporu,İspanya,Yabancı,Yok,TV+ Var,Yıllık,Sürekli Lig,Canlı İzle,İzleme,Maç,Jenerik,Türkçe,Body,h2h_izle,30,,,,,,evet,0,0,10,10,140,10,10,0,10,210,10,10,0,10,10,10,10,90,10,10,10,480,10,10,10,10,170,10,0,10,10,hayır
barcelona sevilla hangi kanalda,La Liga,Futbol,Lig,1. Seviye,Global Elit,Erkek,Kulüp,Takım Sporu,İspanya,Yabancı,Yok,TV+ Var,Yıllık,Sürekli Lig,Kanal/Yayın,İzleme,Maç,Jenerik,İngilizce,Body,h2h_kanal,70,LOW,0,,,,evet,10,0,10,10,590,10,10,0,0,260,10,0,10,0,10,10,10,210,10,10,10,720,10,10,10,10,110,10,10,10,10,hayır
barcelona sevilla saat kaçta,La Liga,Futbol,Lig,1. Seviye,Global Elit,Erkek,Kulüp,Takım Sporu,İspanya,Yabancı,Yok,TV+ Var,Yıllık,Sürekli Lig,Takvim/Saat,Bilgi,Maç,Jenerik,Türkçe,Body,h2h_saat,10,,,,,,evet,0,0,0,0,0,0,0,0,0,10,0,0,0,0,10,0,0,0,0,0,0,10,0,0,0,0,0,0,0,0,0,hayır
barcelona sevilla istatistikleri,La Liga,Futbol,Lig,1. Seviye,Global Elit,Erkek,Kulüp,Takım Sporu,İspanya,Yabancı,Yok,TV+ Var,Yıllık,Sürekli Lig,İstatistik,Bilgi,Maç,Jenerik,İngilizce,Body,h2h_ist,,,,,,,hayir,,,,,,,,,,,,,,,,,,,,,,,,,,,,,,,,hayır
barcelona real sociedad,La Liga,Futbol,Lig,1. Seviye,Global Elit,Erkek,Kulüp,Takım Sporu,İspanya,Yabancı,Yok,TV+ Var,Yıllık,Sürekli Lig,Rakip Eşleşmesi,Bilgi,Maç,Jenerik,İngilizce,Body,h2h,33100,LOW,3,,,,evet,140,90,480,210,320,590,8100,480,880,8100,368000,390,480,260,880,1600,368000,9900,480,390,8100,320,480,480,480,720,201000,880,320,260,320,hayır
barcelona real sociedad maçı,La Liga,Futbol,Lig,1. Seviye,Global Elit,Erkek,Kulüp,Takım Sporu,İspanya,Yabancı,Yok,TV+ Var,Yıllık,Sürekli Lig,Rakip Eşleşmesi,Bilgi,Maç,Jenerik,Türkçe,Body,h2h_mac,40,LOW,14,,,,evet,10,0,10,10,10,10,110,10,10,20,320,10,20,10,20,20,880,20,10,10,260,10,10,10,10,10,480,10,0,10,10,hayır
barcelona real sociedad canlı izle,La Liga,Futbol,Lig,1. Seviye,Global Elit,Erkek,Kulüp,Takım Sporu,İspanya,Yabancı,Yok,TV+ Var,Yıllık,Sürekli Lig,Canlı İzle,İzleme,Maç,Jenerik,Türkçe,Long-tail,h2h_izle,90,LOW,0,,,,evet,10,10,10,10,10,10,590,10,10,10,320,0,0,10,10,10,140,10,0,10,210,10,0,0,0,0,260,10,10,0,10,hayır
barcelona real sociedad hangi kanalda,La Liga,Futbol,Lig,1. Seviye,Global Elit,Erkek,Kulüp,Takım Sporu,İspanya,Yabancı,Yok,TV+ Var,Yıllık,Sürekli Lig,Kanal/Yayın,İzleme,Maç,Jenerik,İngilizce,Long-tail,h2h_kanal,140,,,,,,evet,0,0,10,10,0,10,880,10,10,10,880,10,10,10,10,20,1000,30,10,0,480,10,10,10,0,10,880,20,10,10,10,hayır
barcelona real sociedad saat kaçta,La Liga,Futbol,Lig,1. Seviye,Global Elit,Erkek,Kulüp,Takım Sporu,İspanya,Yabancı,Yok,TV+ Var,Yıllık,Sürekli Lig,Takvim/Saat,Bilgi,Maç,Jenerik,Türkçe,Long-tail,h2h_saat,,,,,,,hayir,,,,,,,,,,,,,,,,,,,,,,,,,,,,,,,,hayır
barcelona real sociedad istatistikleri,La Liga,Futbol,Lig,1. Seviye,Global Elit,Erkek,Kulüp,Takım Sporu,İspanya,Yabancı,Yok,TV+ Var,Yıllık,Sürekli Lig,İstatistik,Bilgi,Maç,Jenerik,İngilizce,Body,h2h_ist,1900,LOW,0,,,,evet,10,0,10,10,10,10,90,20,90,590,22200,20,10,10,30,70,12100,480,10,10,210,10,10,10,10,0,390,0,10,0,0,hayır
atletico madrid sevilla,La Liga,Futbol,Lig,1. Seviye,Global Elit,Erkek,Kulüp,Takım Sporu,İspanya,Yabancı,Yok,TV+ Var,Yıllık,Sürekli Lig,Rakip Eşleşmesi,Bilgi,Maç,Jenerik,İngilizce,Body,h2h,27100,LOW,3,,,,evet,170,140,880,246000,590,320,720,1000,90500,5400,260,320,210,260,880,165000,1600,6600,1600,90500,480,320,210,480,1600,390,590,880,1300,90500,110000,hayır
atletico madrid sevilla maçı,La Liga,Futbol,Lig,1. Seviye,Global Elit,Erkek,Kulüp,Takım Sporu,İspanya,Yabancı,Yok,TV+ Var,Yıllık,Sürekli Lig,Rakip Eşleşmesi,Bilgi,Maç,Jenerik,Türkçe,Body,h2h_mac,70,LOW,0,,,,evet,10,0,10,210,10,10,10,40,390,40,10,10,10,10,10,30,10,40,10,880,10,10,10,10,10,10,10,10,10,140,880,hayır
atletico madrid sevilla canlı izle,La Liga,Futbol,Lig,1. Seviye,Global Elit,Erkek,Kulüp,Takım Sporu,İspanya,Yabancı,Yok,TV+ Var,Yıllık,Sürekli Lig,Canlı İzle,İzleme,Maç,Jenerik,Türkçe,Long-tail,h2h_izle,10,,,,,,evet,0,0,0,20,0,20,0,10,50,10,10,0,0,10,0,10,0,10,10,140,10,10,10,10,10,10,10,10,10,390,880,hayır
atletico madrid sevilla hangi kanalda,La Liga,Futbol,Lig,1. Seviye,Global Elit,Erkek,Kulüp,Takım Sporu,İspanya,Yabancı,Yok,TV+ Var,Yıllık,Sürekli Lig,Kanal/Yayın,İzleme,Maç,Jenerik,İngilizce,Long-tail,h2h_kanal,50,LOW,0,,,,evet,10,10,10,390,0,0,0,10,140,10,0,10,0,0,0,20,0,10,0,480,0,10,0,0,0,0,0,10,0,70,480,hayır
atletico madrid sevilla saat kaçta,La Liga,Futbol,Lig,1. Seviye,Global Elit,Erkek,Kulüp,Takım Sporu,İspanya,Yabancı,Yok,TV+ Var,Yıllık,Sürekli Lig,Takvim/Saat,Bilgi,Maç,Jenerik,Türkçe,Long-tail,h2h_saat,,,,,,,hayir,,,,,,,,,,,,,,,,,,,,,,,,,,,,,,,,hayır
atletico madrid sevilla istatistikleri,La Liga,Futbol,Lig,1. Seviye,Global Elit,Erkek,Kulüp,Takım Sporu,İspanya,Yabancı,Yok,TV+ Var,Yıllık,Sürekli Lig,İstatistik,Bilgi,Maç,Jenerik,İngilizce,Body,h2h_ist,50,,,,,,evet,0,0,10,30,10,10,10,0,30,480,0,0,0,0,0,0,0,0,0,0,0,0,0,0,0,0,0,0,0,0,0,hayır
atletico madrid real sociedad,La Liga,Futbol,Lig,1. Seviye,Global Elit,Erkek,Kulüp,Takım Sporu,İspanya,Yabancı,Yok,TV+ Var,Yıllık,Sürekli Lig,Rakip Eşleşmesi,Bilgi,Maç,Jenerik,İngilizce,Body,h2h,60500,LOW,1,0.44,,,evet,390,320,2900,450000,246000,480,1000,210,90,170,320,320,260,1000,201000,320,140,90,70,40,90,590,50,40,50,70,880,170,140,210,260,hayır
atletico madrid real sociedad maçı,La Liga,Futbol,Lig,1. Seviye,Global Elit,Erkek,Kulüp,Takım Sporu,İspanya,Yabancı,Yok,TV+ Var,Yıllık,Sürekli Lig,Rakip Eşleşmesi,Bilgi,Maç,Jenerik,Türkçe,Long-tail,h2h_mac,170,LOW,7,,,,evet,10,10,30,1600,260,10,10,10,0,0,10,10,10,10,390,0,10,0,0,0,10,10,10,0,0,0,10,10,10,10,0,hayır
atletico madrid real sociedad canlı izle,La Liga,Futbol,Lig,1. Seviye,Global Elit,Erkek,Kulüp,Takım Sporu,İspanya,Yabancı,Yok,TV+ Var,Yıllık,Sürekli Lig,Canlı İzle,İzleme,Maç,Jenerik,Türkçe,Long-tail,h2h_izle,70,LOW,7,,,,evet,10,10,10,720,40,10,210,10,0,0,10,10,10,0,140,10,20,10,10,0,10,30,10,10,0,0,40,10,10,10,10,hayır
atletico madrid real sociedad hangi kanalda,La Liga,Futbol,Lig,1. Seviye,Global Elit,Erkek,Kulüp,Takım Sporu,İspanya,Yabancı,Yok,TV+ Var,Yıllık,Sürekli Lig,Kanal/Yayın,İzleme,Maç,Jenerik,İngilizce,Long-tail,h2h_kanal,210,,,,,,evet,0,10,10,2400,210,10,20,10,0,10,10,0,0,10,590,70,20,10,0,0,10,140,10,0,0,10,50,30,0,10,10,hayır
atletico madrid real sociedad saat kaçta,La Liga,Futbol,Lig,1. Seviye,Global Elit,Erkek,Kulüp,Takım Sporu,İspanya,Yabancı,Yok,TV+ Var,Yıllık,Sürekli Lig,Takvim/Saat,Bilgi,Maç,Jenerik,Türkçe,Long-tail,h2h_saat,,,,,,,hayir,,,,,,,,,,,,,,,,,,,,,,,,,,,,,,,,hayır
atletico madrid real sociedad istatistikleri,La Liga,Futbol,Lig,1. Seviye,Global Elit,Erkek,Kulüp,Takım Sporu,İspanya,Yabancı,Yok,TV+ Var,Yıllık,Sürekli Lig,İstatistik,Bilgi,Maç,Jenerik,İngilizce,Long-tail,h2h_ist,1900,LOW,0,,,,evet,10,10,90,14800,8100,20,110,10,10,10,20,10,10,20,8100,0,0,0,0,0,0,0,0,0,0,0,0,0,0,0,0,hayır
sevilla real sociedad,La Liga,Futbol,Lig,1. Seviye,Global Elit,Erkek,Kulüp,Takım Sporu,İspanya,Yabancı,Yok,TV+ Var,Yıllık,Sürekli Lig,Rakip Eşleşmesi,Bilgi,Maç,Jenerik,İngilizce,Body,h2h,6600,LOW,2,,,,evet,70,50,49500,590,70,170,170,170,720,40500,90,90,40,30,170,390,49500,260,170,480,27100,390,170,170,480,140,390,720,40500,1000,390,hayır
sevilla real sociedad maçı,La Liga,Futbol,Lig,1. Seviye,Global Elit,Erkek,Kulüp,Takım Sporu,İspanya,Yabancı,Yok,TV+ Var,Yıllık,Sürekli Lig,Rakip Eşleşmesi,Bilgi,Maç,Jenerik,Türkçe,Body,h2h_mac,10,LOW,0,,,,evet,10,0,110,10,0,0,0,0,10,10,10,10,0,0,10,10,10,10,10,10,110,0,10,0,10,0,0,0,10,0,0,hayır
sevilla real sociedad canlı izle,La Liga,Futbol,Lig,1. Seviye,Global Elit,Erkek,Kulüp,Takım Sporu,İspanya,Yabancı,Yok,TV+ Var,Yıllık,Sürekli Lig,Canlı İzle,İzleme,Maç,Jenerik,Türkçe,Long-tail,h2h_izle,10,,,,,,evet,0,0,50,10,10,0,10,10,0,10,0,0,0,0,0,10,50,0,0,0,90,0,10,0,0,0,0,10,90,0,10,hayır
sevilla real sociedad hangi kanalda,La Liga,Futbol,Lig,1. Seviye,Global Elit,Erkek,Kulüp,Takım Sporu,İspanya,Yabancı,Yok,TV+ Var,Yıllık,Sürekli Lig,Kanal/Yayın,İzleme,Maç,Jenerik,İngilizce,Long-tail,h2h_kanal,10,,,,,,evet,0,0,70,0,0,0,10,0,0,90,0,0,0,0,0,0,90,10,0,0,50,0,0,10,0,0,0,0,90,10,10,hayır
sevilla real sociedad saat kaçta,La Liga,Futbol,Lig,1. Seviye,Global Elit,Erkek,Kulüp,Takım Sporu,İspanya,Yabancı,Yok,TV+ Var,Yıllık,Sürekli Lig,Takvim/Saat,Bilgi,Maç,Jenerik,Türkçe,Long-tail,h2h_saat,,,,,,,hayir,,,,,,,,,,,,,,,,,,,,,,,,,,,,,,,,hayır
sevilla real sociedad istatistikleri,La Liga,Futbol,Lig,1. Seviye,Global Elit,Erkek,Kulüp,Takım Sporu,İspanya,Yabancı,Yok,TV+ Var,Yıllık,Sürekli Lig,İstatistik,Bilgi,Maç,Jenerik,İngilizce,Body,h2h_ist,10,,,,,,evet,0,0,50,0,0,0,0,0,0,0,0,0,0,0,0,0,0,0,0,0,0,0,0,0,0,0,0,0,0,0,0,hayır
juventus inter,Serie A,Futbol,Lig,1. Seviye,Global Elit,Erkek,Kulüp,Takım Sporu,İtalya,Yabancı,Yok,TV+ Var,Yıllık,Sürekli Lig,Rakip Eşleşmesi,Bilgi,Maç,Jenerik,İngilizce,Head,h2h,49500,LOW,1,0.35,,,evet,1300,1000,2900,1600,1900,27100,8100,6600,4400,9900,450000,2400,1900,2900,2900,3600,5400,301000,3600,3600,8100,33100,1000,1000,1000,1600,2900,1600,1600,14800,8100,hayır
juventus inter maçı,Serie A,Futbol,Lig,1. Seviye,Global Elit,Erkek,Kulüp,Takım Sporu,İtalya,Yabancı,Yok,TV+ Var,Yıllık,Sürekli Lig,Rakip Eşleşmesi,Bilgi,Maç,Jenerik,Türkçe,Body,h2h_mac,1000,LOW,1,,,,evet,20,40,210,140,90,1900,480,320,170,590,9900,30,70,140,140,110,170,2900,390,260,590,2900,20,40,90,70,110,70,70,1300,210,hayır
juventus inter canlı izle,Serie A,Futbol,Lig,1. Seviye,Global Elit,Erkek,Kulüp,Takım Sporu,İtalya,Yabancı,Yok,TV+ Var,Yıllık,Sürekli Lig,Canlı İzle,İzleme,Maç,Jenerik,Türkçe,Body,h2h_izle,90,LOW,0,,,,evet,10,0,10,10,10,480,10,10,10,10,590,10,10,10,10,10,10,590,10,10,10,170,10,10,10,0,10,10,10,320,10,hayır
juventus inter hangi kanalda,Serie A,Futbol,Lig,1. Seviye,Global Elit,Erkek,Kulüp,Takım Sporu,İtalya,Yabancı,Yok,TV+ Var,Yıllık,Sürekli Lig,Kanal/Yayın,İzleme,Maç,Jenerik,İngilizce,Body,h2h_kanal,480,LOW,0,,,,evet,10,0,10,10,10,1600,10,0,10,10,3600,10,10,10,10,10,10,3600,20,10,10,880,10,10,10,10,10,10,10,1300,10,hayır
juventus inter saat kaçta,Serie A,Futbol,Lig,1. Seviye,Global Elit,Erkek,Kulüp,Takım Sporu,İtalya,Yabancı,Yok,TV+ Var,Yıllık,Sürekli Lig,Takvim/Saat,Bilgi,Maç,Jenerik,Türkçe,Body,h2h_saat,,,,,,,hayir,,,,,,,,,,,,,,,,,,,,,,,,,,,,,,,,hayır
juventus inter istatistikleri,Serie A,Futbol,Lig,1. Seviye,Global Elit,Erkek,Kulüp,Takım Sporu,İtalya,Yabancı,Yok,TV+ Var,Yıllık,Sürekli Lig,İstatistik,Bilgi,Maç,Jenerik,İngilizce,Body,h2h_ist,320,LOW,0,,,,evet,20,10,10,20,20,590,50,10,40,170,2900,110,90,140,50,90,210,22200,70,40,30,140,10,10,10,10,10,10,10,260,30,hayır
juventus milan,Serie A,Futbol,Lig,1. Seviye,Global Elit,Erkek,Kulüp,Takım Sporu,İtalya,Yabancı,Yok,TV+ Var,Yıllık,Sürekli Lig,Rakip Eşleşmesi,Bilgi,Maç,Jenerik,İngilizce,Head,h2h,18100,LOW,2,0.14,0.07,0.45,evet,590,390,1300,14800,880,1600,1600,1300,1300,201000,2400,880,1000,1900,1600,2400,2900,9900,673000,18100,22200,1000,880,880,880,880,5400,74000,880,1000,1900,hayır
juventus milan maçı,Serie A,Futbol,Lig,1. Seviye,Global Elit,Erkek,Kulüp,Takım Sporu,İtalya,Yabancı,Yok,TV+ Var,Yıllık,Sürekli Lig,Rakip Eşleşmesi,Bilgi,Maç,Jenerik,Türkçe,Body,h2h_mac,170,LOW,7,0.25,,,evet,20,30,50,590,30,110,50,50,70,1000,90,20,30,40,50,70,50,260,6600,110,1300,170,50,30,20,30,70,1900,40,90,70,hayır
juventus milan canlı izle,Serie A,Futbol,Lig,1. Seviye,Global Elit,Erkek,Kulüp,Takım Sporu,İtalya,Yabancı,Yok,TV+ Var,Yıllık,Sürekli Lig,Canlı İzle,İzleme,Maç,Jenerik,Türkçe,Body,h2h_izle,40,,,,,,evet,0,0,0,50,10,10,10,10,10,390,10,10,0,10,10,10,10,10,1000,10,140,10,10,0,0,10,10,110,0,10,10,hayır
juventus milan hangi kanalda,Serie A,Futbol,Lig,1. Seviye,Global Elit,Erkek,Kulüp,Takım Sporu,İtalya,Yabancı,Yok,TV+ Var,Yıllık,Sürekli Lig,Kanal/Yayın,İzleme,Maç,Jenerik,İngilizce,Body,h2h_kanal,210,,,,,,evet,0,0,10,90,10,10,10,10,10,2400,10,10,10,0,10,10,10,50,12100,90,390,20,10,10,10,10,10,210,10,10,10,hayır
juventus milan saat kaçta,Serie A,Futbol,Lig,1. Seviye,Global Elit,Erkek,Kulüp,Takım Sporu,İtalya,Yabancı,Yok,TV+ Var,Yıllık,Sürekli Lig,Takvim/Saat,Bilgi,Maç,Jenerik,Türkçe,Body,h2h_saat,10,,,,,,evet,0,0,0,10,0,10,0,0,0,20,10,0,0,0,0,0,0,0,20,0,10,0,10,0,0,0,0,10,0,10,0,hayır
juventus milan istatistikleri,Serie A,Futbol,Lig,1. Seviye,Global Elit,Erkek,Kulüp,Takım Sporu,İtalya,Yabancı,Yok,TV+ Var,Yıllık,Sürekli Lig,İstatistik,Bilgi,Maç,Jenerik,İngilizce,Body,h2h_ist,10,LOW,0,,,,evet,10,0,10,30,10,10,0,10,10,20,10,0,0,0,10,0,10,10,70,10,40,0,10,10,10,10,10,90,10,10,10,hayır
juventus napoli,Serie A,Futbol,Lig,1. Seviye,Global Elit,Erkek,Kulüp,Takım Sporu,İtalya,Yabancı,Yok,TV+ Var,Yıllık,Sürekli Lig,Rakip Eşleşmesi,Bilgi,Maç,Jenerik,İngilizce,Head,h2h,33100,LOW,1,2.39,,,evet,480,590,1300,1300,1600,14800,368000,5400,390,390,390,480,480,880,720,720,720,880,8100,880,1300,3600,135000,590,320,260,480,720,3600,1300,3600,hayır
juventus napoli maçı,Serie A,Futbol,Lig,1. Seviye,Global Elit,Erkek,Kulüp,Takım Sporu,İtalya,Yabancı,Yok,TV+ Var,Yıllık,Sürekli Lig,Rakip Eşleşmesi,Bilgi,Maç,Jenerik,Türkçe,Body,h2h_mac,480,LOW,0,,,,evet,20,20,30,30,50,210,5400,390,40,20,20,20,30,20,10,30,20,70,480,30,50,70,3600,10,10,10,10,10,170,20,50,hayır
juventus napoli canlı izle,Serie A,Futbol,Lig,1. Seviye,Global Elit,Erkek,Kulüp,Takım Sporu,İtalya,Yabancı,Yok,TV+ Var,Yıllık,Sürekli Lig,Canlı İzle,İzleme,Maç,Jenerik,Türkçe,Body,h2h_izle,50,,,,,,evet,0,0,0,10,0,10,390,140,0,0,0,10,0,10,10,0,10,10,110,0,0,0,320,0,10,0,0,0,20,0,10,hayır
juventus napoli hangi kanalda,Serie A,Futbol,Lig,1. Seviye,Global Elit,Erkek,Kulüp,Takım Sporu,İtalya,Yabancı,Yok,TV+ Var,Yıllık,Sürekli Lig,Kanal/Yayın,İzleme,Maç,Jenerik,İngilizce,Body,h2h_kanal,90,LOW,2,,,,evet,10,0,10,10,10,20,720,260,10,0,0,0,0,10,10,0,10,10,390,10,10,10,1000,10,10,0,10,10,110,10,40,hayır
juventus napoli saat kaçta,Serie A,Futbol,Lig,1. Seviye,Global Elit,Erkek,Kulüp,Takım Sporu,İtalya,Yabancı,Yok,TV+ Var,Yıllık,Sürekli Lig,Takvim/Saat,Bilgi,Maç,Jenerik,Türkçe,Body,h2h_saat,,,,,,,hayir,,,,,,,,,,,,,,,,,,,,,,,,,,,,,,,,hayır
juventus napoli istatistikleri,Serie A,Futbol,Lig,1. Seviye,Global Elit,Erkek,Kulüp,Takım Sporu,İtalya,Yabancı,Yok,TV+ Var,Yıllık,Sürekli Lig,İstatistik,Bilgi,Maç,Jenerik,İngilizce,Body,h2h_ist,1300,LOW,0,,,,evet,10,10,20,20,40,480,14800,170,10,10,20,10,10,10,10,10,10,10,140,20,70,320,12100,10,10,10,10,10,90,20,10,hayır
juventus roma,Serie A,Futbol,Lig,1. Seviye,Global Elit,Erkek,Kulüp,Takım Sporu,İtalya,Yabancı,Yok,TV+ Var,Yıllık,Sürekli Lig,Rakip Eşleşmesi,Bilgi,Maç,Jenerik,İngilizce,Head,h2h,74000,LOW,2,,0.08,0.46,evet,720,590,1300,1900,673000,33100,5400,165000,390,590,390,590,720,720,880,201000,8100,1000,880,1300,1300,1300,110000,9900,1000,1600,110000,2400,1600,2400,33100,hayır
juventus roma maçı,Serie A,Futbol,Lig,1. Seviye,Global Elit,Erkek,Kulüp,Takım Sporu,İtalya,Yabancı,Yok,TV+ Var,Yıllık,Sürekli Lig,Rakip Eşleşmesi,Bilgi,Maç,Jenerik,Türkçe,Body,h2h_mac,480,LOW,3,,,,evet,10,30,70,30,590,170,110,4400,20,20,10,10,10,10,20,480,50,40,30,40,30,50,1000,260,50,20,170,30,20,20,260,hayır
juventus roma canlı izle,Serie A,Futbol,Lig,1. Seviye,Global Elit,Erkek,Kulüp,Takım Sporu,İtalya,Yabancı,Yok,TV+ Var,Yıllık,Sürekli Lig,Canlı İzle,İzleme,Maç,Jenerik,Türkçe,Body,h2h_izle,20,LOW,14,,,,evet,10,0,0,0,70,10,10,210,0,10,10,10,0,0,0,90,0,0,10,10,0,0,260,30,0,0,70,10,10,10,20,hayır
juventus roma hangi kanalda,Serie A,Futbol,Lig,1. Seviye,Global Elit,Erkek,Kulüp,Takım Sporu,İtalya,Yabancı,Yok,TV+ Var,Yıllık,Sürekli Lig,Kanal/Yayın,İzleme,Maç,Jenerik,İngilizce,Body,h2h_kanal,110,,,,,,evet,0,0,0,10,110,10,10,1300,0,10,10,10,10,0,0,260,0,10,10,30,10,10,1000,210,10,10,260,10,0,10,50,hayır
juventus roma saat kaçta,Serie A,Futbol,Lig,1. Seviye,Global Elit,Erkek,Kulüp,Takım Sporu,İtalya,Yabancı,Yok,TV+ Var,Yıllık,Sürekli Lig,Takvim/Saat,Bilgi,Maç,Jenerik,Türkçe,Body,h2h_saat,,,,,,,hayir,,,,,,,,,,,,,,,,,,,,,,,,,,,,,,,,hayır
juventus roma istatistikleri,Serie A,Futbol,Lig,1. Seviye,Global Elit,Erkek,Kulüp,Takım Sporu,İtalya,Yabancı,Yok,TV+ Var,Yıllık,Sürekli Lig,İstatistik,Bilgi,Maç,Jenerik,İngilizce,Body,h2h_ist,,,,,,,hayir,,,,,,,,,,,,,,,,,,,,,,,,,,,,,,,,hayır
juventus lazio,Serie A,Futbol,Lig,1. Seviye,Global Elit,Erkek,Kulüp,Takım Sporu,İtalya,Yabancı,Yok,TV+ Var,Yıllık,Sürekli Lig,Rakip Eşleşmesi,Bilgi,Maç,Jenerik,İngilizce,Head,h2h,22200,LOW,1,,,,evet,210,170,390,480,880,301000,1300,170,210,3600,140,210,320,390,5400,720,480,590,1300,1600,2900,165000,880,1600,1000,480,1600,60500,4400,720,1600,hayır
juventus lazio maçı,Serie A,Futbol,Lig,1. Seviye,Global Elit,Erkek,Kulüp,Takım Sporu,İtalya,Yabancı,Yok,TV+ Var,Yıllık,Sürekli Lig,Rakip Eşleşmesi,Bilgi,Maç,Jenerik,Türkçe,Body,h2h_mac,480,LOW,2,,,,evet,10,10,10,10,20,5400,20,10,10,140,10,10,10,10,320,30,20,10,50,40,30,2400,10,10,10,10,10,720,90,10,20,hayır
juventus lazio canlı izle,Serie A,Futbol,Lig,1. Seviye,Global Elit,Erkek,Kulüp,Takım Sporu,İtalya,Yabancı,Yok,TV+ Var,Yıllık,Sürekli Lig,Canlı İzle,İzleme,Maç,Jenerik,Türkçe,Body,h2h_izle,40,,,,,,evet,0,0,0,10,0,320,10,40,10,210,10,0,10,10,320,20,10,10,20,10,10,1000,10,10,10,10,10,480,170,10,10,hayır
juventus lazio hangi kanalda,Serie A,Futbol,Lig,1. Seviye,Global Elit,Erkek,Kulüp,Takım Sporu,İtalya,Yabancı,Yok,TV+ Var,Yıllık,Sürekli Lig,Kanal/Yayın,İzleme,Maç,Jenerik,İngilizce,Body,h2h_kanal,50,LOW,0,,,,evet,10,0,0,0,0,590,0,0,0,50,0,0,0,0,70,0,10,0,0,0,10,480,10,10,10,0,10,720,30,10,10,hayır
juventus lazio saat kaçta,Serie A,Futbol,Lig,1. Seviye,Global Elit,Erkek,Kulüp,Takım Sporu,İtalya,Yabancı,Yok,TV+ Var,Yıllık,Sürekli Lig,Takvim/Saat,Bilgi,Maç,Jenerik,Türkçe,Body,h2h_saat,,,,,,,hayir,,,,,,,,,,,,,,,,,,,,,,,,,,,,,,,,hayır
juventus lazio istatistikleri,Serie A,Futbol,Lig,1. Seviye,Global Elit,Erkek,Kulüp,Takım Sporu,İtalya,Yabancı,Yok,TV+ Var,Yıllık,Sürekli Lig,İstatistik,Bilgi,Maç,Jenerik,İngilizce,Body,h2h_ist,1600,LOW,0,,,,evet,10,10,10,20,70,18100,50,10,10,140,10,10,10,10,210,10,10,10,40,40,90,12100,20,20,10,10,10,210,10,10,0,hayır
inter milan,Serie A,Futbol,Lig,1. Seviye,Global Elit,Erkek,Kulüp,Takım Sporu,İtalya,Yabancı,Yok,TV+ Var,Yıllık,Sürekli Lig,Rakip Eşleşmesi,Bilgi,Maç,Jenerik,İngilizce,Head,h2h,201000,LOW,1,0.37,0.15,0.53,evet,22200,18100,135000,165000,165000,246000,450000,301000,673000,201000,135000,49500,27100,110000,823000,823000,165000,201000,673000,201000,165000,165000,301000,74000,40500,27100,90500,135000,110000,135000,135000,hayır
inter milan maçı,Serie A,Futbol,Lig,1. Seviye,Global Elit,Erkek,Kulüp,Takım Sporu,İtalya,Yabancı,Yok,TV+ Var,Yıllık,Sürekli Lig,Rakip Eşleşmesi,Bilgi,Maç,Jenerik,Türkçe,Body,h2h_mac,6600,LOW,2,0.23,0.03,0.22,evet,390,1000,720,1300,3600,2400,18100,18100,22200,6600,4400,1300,1000,3600,8100,22200,2400,4400,18100,1900,3600,8100,27100,12100,2400,1300,2900,6600,1900,3600,2400,hayır
inter milan canlı izle,Serie A,Futbol,Lig,1. Seviye,Global Elit,Erkek,Kulüp,Takım Sporu,İtalya,Yabancı,Yok,TV+ Var,Yıllık,Sürekli Lig,Canlı İzle,İzleme,Maç,Jenerik,Türkçe,Body,h2h_izle,90,LOW,0,,,,evet,10,10,10,10,90,20,20,10,880,10,10,10,0,10,50,260,10,70,390,30,90,140,390,10,10,10,10,210,50,30,20,hayır
inter milan hangi kanalda,Serie A,Futbol,Lig,1. Seviye,Global Elit,Erkek,Kulüp,Takım Sporu,İtalya,Yabancı,Yok,TV+ Var,Yıllık,Sürekli Lig,Kanal/Yayın,İzleme,Maç,Jenerik,İngilizce,Body,h2h_kanal,210,LOW,5,,,,evet,10,10,40,40,260,170,90,110,1900,90,30,10,20,70,480,2900,70,390,2900,110,70,110,1600,30,10,10,40,590,90,140,90,hayır
inter milan saat kaçta,Serie A,Futbol,Lig,1. Seviye,Global Elit,Erkek,Kulüp,Takım Sporu,İtalya,Yabancı,Yok,TV+ Var,Yıllık,Sürekli Lig,Takvim/Saat,Bilgi,Maç,Jenerik,Türkçe,Body,h2h_saat,10,,,,,,evet,0,10,10,0,50,0,10,10,30,10,0,0,0,10,70,50,10,20,110,0,0,0,10,10,0,0,10,20,0,10,10,hayır
inter milan istatistikleri,Serie A,Futbol,Lig,1. Seviye,Global Elit,Erkek,Kulüp,Takım Sporu,İtalya,Yabancı,Yok,TV+ Var,Yıllık,Sürekli Lig,İstatistik,Bilgi,Maç,Jenerik,İngilizce,Body,h2h_ist,10,LOW,0,,,,evet,10,0,10,0,10,10,10,10,50,0,0,0,0,0,0,0,0,0,0,0,0,0,0,0,0,0,0,0,0,0,0,hayır
inter napoli,Serie A,Futbol,Lig,1. Seviye,Global Elit,Erkek,Kulüp,Takım Sporu,İtalya,Yabancı,Yok,TV+ Var,Yıllık,Sürekli Lig,Rakip Eşleşmesi,Bilgi,Maç,Jenerik,İngilizce,Head,h2h,40500,LOW,1,1.49,0.18,0.52,evet,720,880,2900,2900,2900,3600,135000,3600,8100,301000,1300,1300,1900,3600,27100,14800,201000,27100,8100,8100,246000,2400,5400,720,880,1000,2400,5400,135000,6600,201000,hayır
inter napoli maçı,Serie A,Futbol,Lig,1. Seviye,Global Elit,Erkek,Kulüp,Takım Sporu,İtalya,Yabancı,Yok,TV+ Var,Yıllık,Sürekli Lig,Rakip Eşleşmesi,Bilgi,Maç,Jenerik,Türkçe,Body,h2h_mac,390,LOW,1,,,,evet,30,20,50,70,40,70,3600,50,40,590,40,20,50,70,880,390,1000,170,70,50,8100,40,110,10,10,40,20,90,2400,70,1300,hayır
inter napoli canlı izle,Serie A,Futbol,Lig,1. Seviye,Global Elit,Erkek,Kulüp,Takım Sporu,İtalya,Yabancı,Yok,TV+ Var,Yıllık,Sürekli Lig,Canlı İzle,İzleme,Maç,Jenerik,Türkçe,Body,h2h_izle,50,,,,,,evet,0,0,10,10,10,10,590,10,10,70,10,10,0,0,40,10,90,10,10,0,480,0,10,0,0,0,0,10,110,0,70,hayır
inter napoli hangi kanalda,Serie A,Futbol,Lig,1. Seviye,Global Elit,Erkek,Kulüp,Takım Sporu,İtalya,Yabancı,Yok,TV+ Var,Yıllık,Sürekli Lig,Kanal/Yayın,İzleme,Maç,Jenerik,İngilizce,Body,h2h_kanal,50,,,,,,evet,0,0,0,10,10,10,480,0,10,140,10,10,0,0,40,10,70,10,170,10,2400,10,10,0,10,0,10,10,390,10,480,hayır
inter napoli saat kaçta,Serie A,Futbol,Lig,1. Seviye,Global Elit,Erkek,Kulüp,Takım Sporu,İtalya,Yabancı,Yok,TV+ Var,Yıllık,Sürekli Lig,Takvim/Saat,Bilgi,Maç,Jenerik,Türkçe,Body,h2h_saat,,,,,,,hayir,,,,,,,,,,,,,,,,,,,,,,,,,,,,,,,,hayır
inter napoli istatistikleri,Serie A,Futbol,Lig,1. Seviye,Global Elit,Erkek,Kulüp,Takım Sporu,İtalya,Yabancı,Yok,TV+ Var,Yıllık,Sürekli Lig,İstatistik,Bilgi,Maç,Jenerik,İngilizce,Body,h2h_ist,40,LOW,0,,,,evet,10,10,30,30,30,70,210,10,10,30,10,30,20,30,140,70,260,210,140,260,14800,70,0,0,0,0,0,0,0,0,0,hayır
inter roma,Serie A,Futbol,Lig,1. Seviye,Global Elit,Erkek,Kulüp,Takım Sporu,İtalya,Yabancı,Yok,TV+ Var,Yıllık,Sürekli Lig,Rakip Eşleşmesi,Bilgi,Maç,Jenerik,İngilizce,Head,h2h,40500,LOW,1,,,,evet,480,1000,5400,301000,5400,880,1000,1600,1900,165000,1300,880,880,1600,9900,246000,1900,1600,1600,2400,2900,135000,1300,1000,880,1600,4400,4400,5400,165000,6600,hayır
inter roma maçı,Serie A,Futbol,Lig,1. Seviye,Global Elit,Erkek,Kulüp,Takım Sporu,İtalya,Yabancı,Yok,TV+ Var,Yıllık,Sürekli Lig,Rakip Eşleşmesi,Bilgi,Maç,Jenerik,Türkçe,Body,h2h_mac,390,LOW,8,,,,evet,30,50,320,4400,210,30,20,20,30,260,10,30,20,30,90,880,20,50,50,110,30,1000,40,30,40,40,90,110,90,880,170,hayır
inter roma canlı izle,Serie A,Futbol,Lig,1. Seviye,Global Elit,Erkek,Kulüp,Takım Sporu,İtalya,Yabancı,Yok,TV+ Var,Yıllık,Sürekli Lig,Canlı İzle,İzleme,Maç,Jenerik,Türkçe,Body,h2h_izle,10,,,,,,evet,0,0,0,90,0,10,10,10,10,40,0,0,10,10,10,480,0,0,0,10,10,70,0,0,0,0,0,10,10,70,10,hayır
inter roma hangi kanalda,Serie A,Futbol,Lig,1. Seviye,Global Elit,Erkek,Kulüp,Takım Sporu,İtalya,Yabancı,Yok,TV+ Var,Yıllık,Sürekli Lig,Kanal/Yayın,İzleme,Maç,Jenerik,İngilizce,Body,h2h_kanal,40,LOW,14,,,,evet,10,0,10,480,10,10,10,10,10,90,0,0,10,0,10,590,0,10,10,10,10,590,10,10,0,0,10,10,10,390,10,hayır
inter roma saat kaçta,Serie A,Futbol,Lig,1. Seviye,Global Elit,Erkek,Kulüp,Takım Sporu,İtalya,Yabancı,Yok,TV+ Var,Yıllık,Sürekli Lig,Takvim/Saat,Bilgi,Maç,Jenerik,Türkçe,Body,h2h_saat,,,,,,,hayir,,,,,,,,,,,,,,,,,,,,,,,,,,,,,,,,hayır
inter roma istatistikleri,Serie A,Futbol,Lig,1. Seviye,Global Elit,Erkek,Kulüp,Takım Sporu,İtalya,Yabancı,Yok,TV+ Var,Yıllık,Sürekli Lig,İstatistik,Bilgi,Maç,Jenerik,İngilizce,Body,h2h_ist,,,,,,,hayir,,,,,,,,,,,,,,,,,,,,,,,,,,,,,,,,hayır
inter lazio,Serie A,Futbol,Lig,1. Seviye,Global Elit,Erkek,Kulüp,Takım Sporu,İtalya,Yabancı,Yok,TV+ Var,Yıllık,Sürekli Lig,Rakip Eşleşmesi,Bilgi,Maç,Jenerik,İngilizce,Head,h2h,33100,LOW,1,,,,evet,1000,2900,201000,3600,880,720,1300,1000,135000,880,590,1600,3600,4400,450000,3600,8100,135000,8100,246000,1600,1600,1900,2400,14800,2400,60500,1900,1900,3600,135000,hayır
inter lazio maçı,Serie A,Futbol,Lig,1. Seviye,Global Elit,Erkek,Kulüp,Takım Sporu,İtalya,Yabancı,Yok,TV+ Var,Yıllık,Sürekli Lig,Rakip Eşleşmesi,Bilgi,Maç,Jenerik,Türkçe,Body,h2h_mac,110,LOW,0,,,,evet,10,10,720,30,10,10,20,20,590,10,10,40,30,30,6600,90,170,6600,90,1900,50,30,20,50,260,10,1300,20,30,50,3600,hayır
inter lazio canlı izle,Serie A,Futbol,Lig,1. Seviye,Global Elit,Erkek,Kulüp,Takım Sporu,İtalya,Yabancı,Yok,TV+ Var,Yıllık,Sürekli Lig,Canlı İzle,İzleme,Maç,Jenerik,Türkçe,Body,h2h_izle,20,,,,,,evet,0,0,30,10,10,0,10,10,260,0,0,10,0,0,880,10,0,110,0,110,10,0,10,0,0,0,40,10,0,10,40,hayır
inter lazio hangi kanalda,Serie A,Futbol,Lig,1. Seviye,Global Elit,Erkek,Kulüp,Takım Sporu,İtalya,Yabancı,Yok,TV+ Var,Yıllık,Sürekli Lig,Kanal/Yayın,İzleme,Maç,Jenerik,İngilizce,Body,h2h_kanal,30,LOW,14,,,,evet,10,0,140,10,10,0,10,10,210,10,0,10,30,10,880,10,10,880,20,720,10,10,10,10,10,10,70,10,10,10,1300,hayır
inter lazio saat kaçta,Serie A,Futbol,Lig,1. Seviye,Global Elit,Erkek,Kulüp,Takım Sporu,İtalya,Yabancı,Yok,TV+ Var,Yıllık,Sürekli Lig,Takvim/Saat,Bilgi,Maç,Jenerik,Türkçe,Body,h2h_saat,,,,,,,hayir,,,,,,,,,,,,,,,,,,,,,,,,,,,,,,,,hayır
inter lazio istatistikleri,Serie A,Futbol,Lig,1. Seviye,Global Elit,Erkek,Kulüp,Takım Sporu,İtalya,Yabancı,Yok,TV+ Var,Yıllık,Sürekli Lig,İstatistik,Bilgi,Maç,Jenerik,İngilizce,Body,h2h_ist,590,LOW,0,,,,evet,10,10,260,20,20,30,10,10,6600,10,10,30,50,90,18100,110,260,9900,70,390,10,10,10,0,10,0,90,10,10,0,320,hayır
milan napoli,Serie A,Futbol,Lig,1. Seviye,Global Elit,Erkek,Kulüp,Takım Sporu,İtalya,Yabancı,Yok,TV+ Var,Yıllık,Sürekli Lig,Rakip Eşleşmesi,Bilgi,Maç,Jenerik,İngilizce,Head,h2h,14800,LOW,2,0.47,,,evet,210,170,480,3600,590,390,1000,5400,1300,14800,135000,480,480,390,720,1000,5400,1000,1000,1300,8100,110000,590,260,210,320,390,590,1300,74000,880,hayır
milan napoli maçı,Serie A,Futbol,Lig,1. Seviye,Global Elit,Erkek,Kulüp,Takım Sporu,İtalya,Yabancı,Yok,TV+ Var,Yıllık,Sürekli Lig,Rakip Eşleşmesi,Bilgi,Maç,Jenerik,Türkçe,Body,h2h_mac,140,LOW,1,,,,evet,10,10,20,210,20,20,70,210,30,40,1000,20,20,20,20,30,140,20,10,10,50,1600,20,10,10,10,20,40,50,1300,110,hayır
milan napoli canlı izle,Serie A,Futbol,Lig,1. Seviye,Global Elit,Erkek,Kulüp,Takım Sporu,İtalya,Yabancı,Yok,TV+ Var,Yıllık,Sürekli Lig,Canlı İzle,İzleme,Maç,Jenerik,Türkçe,Body,h2h_izle,50,,,,,,evet,0,0,10,50,10,10,20,90,10,10,480,10,10,0,0,10,30,10,10,10,10,390,10,10,10,10,10,10,10,320,10,hayır
milan napoli hangi kanalda,Serie A,Futbol,Lig,1. Seviye,Global Elit,Erkek,Kulüp,Takım Sporu,İtalya,Yabancı,Yok,TV+ Var,Yıllık,Sürekli Lig,Kanal/Yayın,İzleme,Maç,Jenerik,İngilizce,Body,h2h_kanal,70,,,,,,evet,0,0,10,30,0,10,10,90,10,10,590,0,0,0,10,10,110,10,10,10,90,1600,10,0,0,10,0,10,10,320,10,hayır
milan napoli saat kaçta,Serie A,Futbol,Lig,1. Seviye,Global Elit,Erkek,Kulüp,Takım Sporu,İtalya,Yabancı,Yok,TV+ Var,Yıllık,Sürekli Lig,Takvim/Saat,Bilgi,Maç,Jenerik,Türkçe,Body,h2h_saat,,,,,,,hayir,,,,,,,,,,,,,,,,,,,,,,,,,,,,,,,,hayır
milan napoli istatistikleri,Serie A,Futbol,Lig,1. Seviye,Global Elit,Erkek,Kulüp,Takım Sporu,İtalya,Yabancı,Yok,TV+ Var,Yıllık,Sürekli Lig,İstatistik,Bilgi,Maç,Jenerik,İngilizce,Body,h2h_ist,,,,,,,hayir,,,,,,,,,,,,,,,,,,,,,,,,,,,,,,,,hayır
milan roma,Serie A,Futbol,Lig,1. Seviye,Global Elit,Erkek,Kulüp,Takım Sporu,İtalya,Yabancı,Yok,TV+ Var,Yıllık,Sürekli Lig,Rakip Eşleşmesi,Bilgi,Maç,Jenerik,İngilizce,Head,h2h,9900,LOW,2,,,,evet,140,110,390,320,260,390,3600,880,90500,3600,210,260,480,480,2400,880,1300,135000,8100,110000,210,320,390,320,320,880,2900,135000,3600,1900,90500,hayır
milan roma maçı,Serie A,Futbol,Lig,1. Seviye,Global Elit,Erkek,Kulüp,Takım Sporu,İtalya,Yabancı,Yok,TV+ Var,Yıllık,Sürekli Lig,Rakip Eşleşmesi,Bilgi,Maç,Jenerik,Türkçe,Body,h2h_mac,390,LOW,9,,,,evet,10,10,40,50,10,30,480,20,4400,170,20,10,20,30,320,30,30,2900,140,1900,20,20,10,10,10,40,260,2900,90,40,1900,hayır
milan roma canlı izle,Serie A,Futbol,Lig,1. Seviye,Global Elit,Erkek,Kulüp,Takım Sporu,İtalya,Yabancı,Yok,TV+ Var,Yıllık,Sürekli Lig,Canlı İzle,İzleme,Maç,Jenerik,Türkçe,Body,h2h_izle,110,,,,,,evet,0,10,10,10,10,20,320,20,880,30,20,10,10,10,210,10,10,320,50,1000,20,10,10,10,10,40,260,1300,10,10,260,hayır
milan roma hangi kanalda,Serie A,Futbol,Lig,1. Seviye,Global Elit,Erkek,Kulüp,Takım Sporu,İtalya,Yabancı,Yok,TV+ Var,Yıllık,Sürekli Lig,Kanal/Yayın,İzleme,Maç,Jenerik,İngilizce,Body,h2h_kanal,40,,,,,,evet,0,0,0,10,10,10,40,10,480,10,0,0,10,10,30,10,10,2400,10,480,10,10,0,0,10,10,110,1000,10,10,720,hayır
milan roma saat kaçta,Serie A,Futbol,Lig,1. Seviye,Global Elit,Erkek,Kulüp,Takım Sporu,İtalya,Yabancı,Yok,TV+ Var,Yıllık,Sürekli Lig,Takvim/Saat,Bilgi,Maç,Jenerik,Türkçe,Body,h2h_saat,,,,,,,hayir,,,,,,,,,,,,,,,,,,,,,,,,,,,,,,,,hayır
milan roma istatistikleri,Serie A,Futbol,Lig,1. Seviye,Global Elit,Erkek,Kulüp,Takım Sporu,İtalya,Yabancı,Yok,TV+ Var,Yıllık,Sürekli Lig,İstatistik,Bilgi,Maç,Jenerik,İngilizce,Body,h2h_ist,10,,,,,,evet,0,0,0,0,10,10,30,10,20,20,0,0,0,0,10,0,10,10,0,0,0,0,0,0,0,0,0,0,0,0,0,hayır
milan lazio,Serie A,Futbol,Lig,1. Seviye,Global Elit,Erkek,Kulüp,Takım Sporu,İtalya,Yabancı,Yok,TV+ Var,Yıllık,Sürekli Lig,Rakip Eşleşmesi,Bilgi,Maç,Jenerik,İngilizce,Head,h2h,6600,LOW,5,,,,evet,70,40,140,140,1900,210,720,9900,74000,140,110,210,390,210,390,720,90500,4400,320,210,140,170,590,1000,170,110,210,390,3600,720,720,hayır
milan lazio maçı,Serie A,Futbol,Lig,1. Seviye,Global Elit,Erkek,Kulüp,Takım Sporu,İtalya,Yabancı,Yok,TV+ Var,Yıllık,Sürekli Lig,Rakip Eşleşmesi,Bilgi,Maç,Jenerik,Türkçe,Body,h2h_mac,170,LOW,0,,,,evet,10,10,10,10,260,10,10,260,1300,0,0,0,0,10,20,10,390,260,30,20,10,20,30,40,10,10,20,10,170,10,10,hayır
milan lazio canlı izle,Serie A,Futbol,Lig,1. Seviye,Global Elit,Erkek,Kulüp,Takım Sporu,İtalya,Yabancı,Yok,TV+ Var,Yıllık,Sürekli Lig,Canlı İzle,İzleme,Maç,Jenerik,Türkçe,Body,h2h_izle,40,LOW,0,,,,evet,10,0,0,10,50,0,10,70,390,0,10,0,0,0,0,10,260,0,0,0,0,0,0,10,10,0,10,0,10,0,10,hayır
milan lazio hangi kanalda,Serie A,Futbol,Lig,1. Seviye,Global Elit,Erkek,Kulüp,Takım Sporu,İtalya,Yabancı,Yok,TV+ Var,Yıllık,Sürekli Lig,Kanal/Yayın,İzleme,Maç,Jenerik,İngilizce,Body,h2h_kanal,40,,,,,,evet,0,0,0,10,20,0,0,50,390,10,0,0,10,0,10,10,590,10,10,10,10,10,10,30,0,0,0,10,70,0,10,hayır
milan lazio saat kaçta,Serie A,Futbol,Lig,1. Seviye,Global Elit,Erkek,Kulüp,Takım Sporu,İtalya,Yabancı,Yok,TV+ Var,Yıllık,Sürekli Lig,Takvim/Saat,Bilgi,Maç,Jenerik,Türkçe,Body,h2h_saat,,,,,,,hayir,,,,,,,,,,,,,,,,,,,,,,,,,,,,,,,,hayır
milan lazio istatistikleri,Serie A,Futbol,Lig,1. Seviye,Global Elit,Erkek,Kulüp,Takım Sporu,İtalya,Yabancı,Yok,TV+ Var,Yıllık,Sürekli Lig,İstatistik,Bilgi,Maç,Jenerik,İngilizce,Body,h2h_ist,,,,,,,hayir,,,,,,,,,,,,,,,,,,,,,,,,,,,,,,,,hayır
napoli roma,Serie A,Futbol,Lig,1. Seviye,Global Elit,Erkek,Kulüp,Takım Sporu,İtalya,Yabancı,Yok,TV+ Var,Yıllık,Sürekli Lig,Rakip Eşleşmesi,Bilgi,Maç,Jenerik,İngilizce,Head,h2h,12100,LOW,13,0.35,0.21,0.62,evet,210,260,390,590,1600,165000,590,590,1300,720,390,590,1600,880,880,720,720,4400,1600,3600,60500,880,2900,590,720,880,4400,49500,880,880,880,hayır
napoli roma maçı,Serie A,Futbol,Lig,1. Seviye,Global Elit,Erkek,Kulüp,Takım Sporu,İtalya,Yabancı,Yok,TV+ Var,Yıllık,Sürekli Lig,Rakip Eşleşmesi,Bilgi,Maç,Jenerik,Türkçe,Body,h2h_mac,390,LOW,1,,,,evet,10,10,20,40,70,4400,50,90,260,20,10,20,40,20,30,10,10,720,90,90,2400,50,170,30,10,20,90,720,20,40,50,hayır
napoli roma canlı izle,Serie A,Futbol,Lig,1. Seviye,Global Elit,Erkek,Kulüp,Takım Sporu,İtalya,Yabancı,Yok,TV+ Var,Yıllık,Sürekli Lig,Canlı İzle,İzleme,Maç,Jenerik,Türkçe,Body,h2h_izle,40,,,,,,evet,0,0,0,10,0,390,10,10,30,10,10,10,0,0,10,0,0,30,0,10,110,10,0,0,0,10,0,10,0,0,0,hayır
napoli roma hangi kanalda,Serie A,Futbol,Lig,1. Seviye,Global Elit,Erkek,Kulüp,Takım Sporu,İtalya,Yabancı,Yok,TV+ Var,Yıllık,Sürekli Lig,Kanal/Yayın,İzleme,Maç,Jenerik,İngilizce,Body,h2h_kanal,10,,,,,,evet,0,0,0,10,10,110,0,10,40,0,0,0,10,10,0,10,0,30,0,10,260,0,0,0,0,0,10,170,0,0,10,hayır
napoli roma saat kaçta,Serie A,Futbol,Lig,1. Seviye,Global Elit,Erkek,Kulüp,Takım Sporu,İtalya,Yabancı,Yok,TV+ Var,Yıllık,Sürekli Lig,Takvim/Saat,Bilgi,Maç,Jenerik,Türkçe,Body,h2h_saat,,,,,,,hayir,,,,,,,,,,,,,,,,,,,,,,,,,,,,,,,,hayır
napoli roma istatistikleri,Serie A,Futbol,Lig,1. Seviye,Global Elit,Erkek,Kulüp,Takım Sporu,İtalya,Yabancı,Yok,TV+ Var,Yıllık,Sürekli Lig,İstatistik,Bilgi,Maç,Jenerik,İngilizce,Body,h2h_ist,,,,,,,hayir,,,,,,,,,,,,,,,,,,,,,,,,,,,,,,,,hayır
napoli lazio,Serie A,Futbol,Lig,1. Seviye,Global Elit,Erkek,Kulüp,Takım Sporu,İtalya,Yabancı,Yok,TV+ Var,Yıllık,Sürekli Lig,Rakip Eşleşmesi,Bilgi,Maç,Jenerik,İngilizce,Head,h2h,18100,LOW,3,,0.05,0.28,evet,140,260,1300,90500,720,880,110000,2900,210,210,210,720,720,880,1300,1600,1900,60500,4400,165000,3600,2400,8100,320,1300,170,320,260,720,2400,40500,hayır
napoli lazio maçı,Serie A,Futbol,Lig,1. Seviye,Global Elit,Erkek,Kulüp,Takım Sporu,İtalya,Yabancı,Yok,TV+ Var,Yıllık,Sürekli Lig,Rakip Eşleşmesi,Bilgi,Maç,Jenerik,Türkçe,Body,h2h_mac,140,LOW,2,,,,evet,10,10,10,1600,10,10,90,10,10,10,10,10,10,10,40,20,30,110,40,1000,50,40,90,10,10,0,10,10,10,20,170,hayır
napoli lazio canlı izle,Serie A,Futbol,Lig,1. Seviye,Global Elit,Erkek,Kulüp,Takım Sporu,İtalya,Yabancı,Yok,TV+ Var,Yıllık,Sürekli Lig,Canlı İzle,İzleme,Maç,Jenerik,Türkçe,Body,h2h_izle,10,,,,,,evet,0,0,0,30,0,0,30,0,0,0,0,10,0,0,10,10,0,10,0,720,0,0,0,0,10,0,0,0,0,0,10,hayır
napoli lazio hangi kanalda,Serie A,Futbol,Lig,1. Seviye,Global Elit,Erkek,Kulüp,Takım Sporu,İtalya,Yabancı,Yok,TV+ Var,Yıllık,Sürekli Lig,Kanal/Yayın,İzleme,Maç,Jenerik,İngilizce,Body,h2h_kanal,10,,,,,,evet,0,0,0,50,10,10,90,0,0,0,0,0,10,0,10,10,10,10,10,3600,0,0,0,0,0,0,0,10,0,10,30,hayır
napoli lazio saat kaçta,Serie A,Futbol,Lig,1. Seviye,Global Elit,Erkek,Kulüp,Takım Sporu,İtalya,Yabancı,Yok,TV+ Var,Yıllık,Sürekli Lig,Takvim/Saat,Bilgi,Maç,Jenerik,Türkçe,Body,h2h_saat,,,,,,,hayir,,,,,,,,,,,,,,,,,,,,,,,,,,,,,,,,hayır
napoli lazio istatistikleri,Serie A,Futbol,Lig,1. Seviye,Global Elit,Erkek,Kulüp,Takım Sporu,İtalya,Yabancı,Yok,TV+ Var,Yıllık,Sürekli Lig,İstatistik,Bilgi,Maç,Jenerik,İngilizce,Body,h2h_ist,590,LOW,0,,,,evet,10,10,110,6600,10,10,70,10,10,0,10,10,10,10,20,10,20,140,90,12100,40,30,70,10,10,0,0,0,0,10,20,hayır
roma lazio,Serie A,Futbol,Lig,1. Seviye,Global Elit,Erkek,Kulüp,Takım Sporu,İtalya,Yabancı,Yok,TV+ Var,Yıllık,Sürekli Lig,Rakip Eşleşmesi,Bilgi,Maç,Jenerik,İngilizce,Head,h2h,8100,LOW,1,0.37,,,evet,390,880,27100,720,720,880,1300,720,720,2400,60500,880,1000,720,1300,74000,1000,2900,90500,5400,1000,1000,1000,1000,1600,720,2400,49500,1600,1900,74000,hayır
roma lazio maçı,Serie A,Futbol,Lig,1. Seviye,Global Elit,Erkek,Kulüp,Takım Sporu,İtalya,Yabancı,Yok,TV+ Var,Yıllık,Sürekli Lig,Rakip Eşleşmesi,Bilgi,Maç,Jenerik,Türkçe,Body,h2h_mac,30,LOW,0,,,,evet,10,10,170,10,10,10,30,20,10,20,70,20,40,10,30,140,10,90,590,30,30,30,30,10,70,20,50,720,20,10,390,hayır
roma lazio canlı izle,Serie A,Futbol,Lig,1. Seviye,Global Elit,Erkek,Kulüp,Takım Sporu,İtalya,Yabancı,Yok,TV+ Var,Yıllık,Sürekli Lig,Canlı İzle,İzleme,Maç,Jenerik,Türkçe,Body,h2h_izle,10,,,,,,evet,0,0,50,0,0,10,0,10,10,10,10,10,10,10,0,10,0,10,390,10,10,10,0,10,0,0,10,90,0,0,70,hayır
roma lazio hangi kanalda,Serie A,Futbol,Lig,1. Seviye,Global Elit,Erkek,Kulüp,Takım Sporu,İtalya,Yabancı,Yok,TV+ Var,Yıllık,Sürekli Lig,Kanal/Yayın,İzleme,Maç,Jenerik,İngilizce,Body,h2h_kanal,10,,,,,,evet,0,0,50,0,0,0,10,10,10,0,30,0,10,0,10,40,10,10,480,10,10,10,0,0,10,10,10,140,10,10,590,hayır
roma lazio saat kaçta,Serie A,Futbol,Lig,1. Seviye,Global Elit,Erkek,Kulüp,Takım Sporu,İtalya,Yabancı,Yok,TV+ Var,Yıllık,Sürekli Lig,Takvim/Saat,Bilgi,Maç,Jenerik,Türkçe,Body,h2h_saat,,,,,,,hayir,,,,,,,,,,,,,,,,,,,,,,,,,,,,,,,,hayır
roma lazio istatistikleri,Serie A,Futbol,Lig,1. Seviye,Global Elit,Erkek,Kulüp,Takım Sporu,İtalya,Yabancı,Yok,TV+ Var,Yıllık,Sürekli Lig,İstatistik,Bilgi,Maç,Jenerik,İngilizce,Body,h2h_ist,,,,,,,hayir,,,,,,,,,,,,,,,,,,,,,,,,,,,,,,,,hayır
manchester united manchester city,Premier Lig,Futbol,Lig,1. Seviye,Global Elit,Erkek,Kulüp,Takım Sporu,İngiltere,Yabancı,Yok,TV+ Yok,Yıllık,Sürekli Lig,Rakip Eşleşmesi,Bilgi,Maç,Jenerik,İngilizce,Body,h2h,40500,LOW,1,0.54,0.07,0.22,evet,1300,880,2900,3600,4400,8100,450000,1600,1300,1000,9900,1300,1000,1600,3600,301000,4400,2400,2900,12100,1600,1900,1300,12100,2900,2400,14800,4400,14800,6600,5400,hayır
manchester united manchester city maçı,Premier Lig,Futbol,Lig,1. Seviye,Global Elit,Erkek,Kulüp,Takım Sporu,İngiltere,Yabancı,Yok,TV+ Yok,Yıllık,Sürekli Lig,Rakip Eşleşmesi,Bilgi,Maç,Jenerik,Türkçe,Long-tail,h2h_mac,390,LOW,1,,,,evet,70,40,210,140,140,140,3600,50,50,40,390,40,70,70,110,720,110,260,210,880,210,170,140,480,90,170,480,260,880,210,320,hayır
manchester united manchester city canlı izle,Premier Lig,Futbol,Lig,1. Seviye,Global Elit,Erkek,Kulüp,Takım Sporu,İngiltere,Yabancı,Yok,TV+ Yok,Yıllık,Sürekli Lig,Canlı İzle,İzleme,Maç,Jenerik,Türkçe,Long-tail,h2h_izle,40,,,,,,evet,0,10,10,20,10,30,390,10,10,0,40,10,10,10,10,320,10,10,10,50,10,10,10,260,10,10,260,10,70,10,10,hayır
manchester united manchester city hangi kanalda,Premier Lig,Futbol,Lig,1. Seviye,Global Elit,Erkek,Kulüp,Takım Sporu,İngiltere,Yabancı,Yok,TV+ Yok,Yıllık,Sürekli Lig,Kanal/Yayın,İzleme,Maç,Jenerik,İngilizce,Long-tail,h2h_kanal,260,LOW,2,,,,evet,40,50,70,40,70,70,2400,10,10,10,390,0,0,10,10,1300,10,10,10,140,10,20,10,480,10,10,480,10,210,10,30,hayır
manchester united manchester city saat kaçta,Premier Lig,Futbol,Lig,1. Seviye,Global Elit,Erkek,Kulüp,Takım Sporu,İngiltere,Yabancı,Yok,TV+ Yok,Yıllık,Sürekli Lig,Takvim/Saat,Bilgi,Maç,Jenerik,Türkçe,Long-tail,h2h_saat,10,,,,,,evet,0,0,0,0,0,0,50,10,0,0,10,0,0,0,0,30,0,10,0,10,0,0,0,0,0,0,10,0,10,10,0,hayır
manchester united manchester city istatistikleri,Premier Lig,Futbol,Lig,1. Seviye,Global Elit,Erkek,Kulüp,Takım Sporu,İngiltere,Yabancı,Yok,TV+ Yok,Yıllık,Sürekli Lig,İstatistik,Bilgi,Maç,Jenerik,İngilizce,Long-tail,h2h_ist,2400,LOW,0,,,,evet,40,30,50,70,140,390,33100,50,40,20,320,30,30,30,110,22200,480,90,70,140,20,20,20,390,70,10,40,20,110,30,10,hayır
manchester united liverpool,Premier Lig,Futbol,Lig,1. Seviye,Global Elit,Erkek,Kulüp,Takım Sporu,İngiltere,Yabancı,Yok,TV+ Yok,Yıllık,Sürekli Lig,Rakip Eşleşmesi,Bilgi,Maç,Jenerik,İngilizce,Body,h2h,40500,LOW,0,,,,evet,2900,1600,450000,9900,3600,2400,1000,1000,1300,9900,1600,1000,1600,1600,2400,2900,2900,2900,18100,9900,5400,6600,246000,90500,4400,3600,8100,450000,550000,2400,2400,hayır
manchester united liverpool maçı,Premier Lig,Futbol,Lig,1. Seviye,Global Elit,Erkek,Kulüp,Takım Sporu,İngiltere,Yabancı,Yok,TV+ Yok,Yıllık,Sürekli Lig,Rakip Eşleşmesi,Bilgi,Maç,Jenerik,Türkçe,Body,h2h_mac,210,LOW,0,,,,evet,70,20,1900,140,70,70,50,50,70,320,30,30,40,40,40,140,110,110,390,210,90,70,1900,140,20,30,50,1600,1600,40,70,hayır
manchester united liverpool canlı izle,Premier Lig,Futbol,Lig,1. Seviye,Global Elit,Erkek,Kulüp,Takım Sporu,İngiltere,Yabancı,Yok,TV+ Yok,Yıllık,Sürekli Lig,Canlı İzle,İzleme,Maç,Jenerik,Türkçe,Long-tail,h2h_izle,40,,,,,,evet,0,10,260,10,10,10,30,30,40,70,50,40,10,10,10,10,10,10,90,10,10,30,320,50,10,10,10,320,260,0,10,hayır
manchester united liverpool hangi kanalda,Premier Lig,Futbol,Lig,1. Seviye,Global Elit,Erkek,Kulüp,Takım Sporu,İngiltere,Yabancı,Yok,TV+ Yok,Yıllık,Sürekli Lig,Kanal/Yayın,İzleme,Maç,Jenerik,İngilizce,Long-tail,h2h_kanal,140,,,,,,evet,0,0,1600,20,10,10,0,0,10,140,10,10,10,10,10,170,10,20,140,20,20,10,1600,390,10,10,20,1900,3600,10,10,hayır
manchester united liverpool saat kaçta,Premier Lig,Futbol,Lig,1. Seviye,Global Elit,Erkek,Kulüp,Takım Sporu,İngiltere,Yabancı,Yok,TV+ Yok,Yıllık,Sürekli Lig,Takvim/Saat,Bilgi,Maç,Jenerik,Türkçe,Long-tail,h2h_saat,,,,,,,hayir,,,,,,,,,,,,,,,,,,,,,,,,,,,,,,,,hayır
manchester united liverpool istatistikleri,Premier Lig,Futbol,Lig,1. Seviye,Global Elit,Erkek,Kulüp,Takım Sporu,İngiltere,Yabancı,Yok,TV+ Yok,Yıllık,Sürekli Lig,İstatistik,Bilgi,Maç,Jenerik,İngilizce,Body,h2h_ist,1600,LOW,0,,,,evet,40,20,18100,1300,90,90,40,20,40,390,30,20,10,20,30,30,20,30,390,170,110,170,14800,2900,50,0,0,0,0,0,0,hayır
manchester united arsenal,Premier Lig,Futbol,Lig,1. Seviye,Global Elit,Erkek,Kulüp,Takım Sporu,İngiltere,Yabancı,Yok,TV+ Yok,Yıllık,Sürekli Lig,Rakip Eşleşmesi,Bilgi,Maç,Jenerik,İngilizce,Body,h2h,33100,LOW,0,,,,evet,390,480,1900,1000,1600,1600,6600,1000,1600,1600,8100,368000,2900,1300,2400,3600,246000,2400,14800,2400,720,590,880,1000,2400,3600,201000,9900,2400,1000,880,hayır
manchester united arsenal maçı,Premier Lig,Futbol,Lig,1. Seviye,Global Elit,Erkek,Kulüp,Takım Sporu,İngiltere,Yabancı,Yok,TV+ Yok,Yıllık,Sürekli Lig,Rakip Eşleşmesi,Bilgi,Maç,Jenerik,Türkçe,Body,h2h_mac,480,LOW,1,,,,evet,90,170,590,320,480,260,480,140,170,140,390,2900,320,320,390,480,3600,390,1600,320,170,260,320,260,170,320,1600,320,260,70,110,hayır
manchester united arsenal canlı izle,Premier Lig,Futbol,Lig,1. Seviye,Global Elit,Erkek,Kulüp,Takım Sporu,İngiltere,Yabancı,Yok,TV+ Yok,Yıllık,Sürekli Lig,Canlı İzle,İzleme,Maç,Jenerik,Türkçe,Long-tail,h2h_izle,20,,,,,,evet,0,0,10,10,10,10,10,10,0,0,0,170,0,10,0,10,50,0,210,30,10,10,10,0,30,0,260,10,10,10,0,hayır
manchester united arsenal hangi kanalda,Premier Lig,Futbol,Lig,1. Seviye,Global Elit,Erkek,Kulüp,Takım Sporu,İngiltere,Yabancı,Yok,TV+ Yok,Yıllık,Sürekli Lig,Kanal/Yayın,İzleme,Maç,Jenerik,İngilizce,Long-tail,h2h_kanal,210,,,,,,evet,0,0,10,10,10,10,90,10,10,10,10,2400,10,0,10,20,880,10,480,210,10,0,10,10,30,0,1600,10,10,0,0,hayır
manchester united arsenal saat kaçta,Premier Lig,Futbol,Lig,1. Seviye,Global Elit,Erkek,Kulüp,Takım Sporu,İngiltere,Yabancı,Yok,TV+ Yok,Yıllık,Sürekli Lig,Takvim/Saat,Bilgi,Maç,Jenerik,Türkçe,Long-tail,h2h_saat,10,,,,,,evet,0,0,0,10,10,0,10,0,10,10,10,10,0,0,0,0,10,0,0,0,0,0,0,0,0,0,10,0,0,0,0,hayır
manchester united arsenal istatistikleri,Premier Lig,Futbol,Lig,1. Seviye,Global Elit,Erkek,Kulüp,Takım Sporu,İngiltere,Yabancı,Yok,TV+ Yok,Yıllık,Sürekli Lig,İstatistik,Bilgi,Maç,Jenerik,İngilizce,Body,h2h_ist,2900,LOW,0,,,,evet,10,0,20,10,30,30,390,50,90,90,590,33100,70,20,50,210,18100,90,140,110,20,10,20,10,0,0,0,0,0,0,0,hayır
manchester united chelsea,Premier Lig,Futbol,Lig,1. Seviye,Global Elit,Erkek,Kulüp,Takım Sporu,İngiltere,Yabancı,Yok,TV+ Yok,Yıllık,Sürekli Lig,Rakip Eşleşmesi,Bilgi,Maç,Jenerik,İngilizce,Body,h2h,60500,LOW,1,0.33,0.08,0.29,evet,880,1000,5400,246000,2900,2400,2400,2400,2900,9900,450000,2400,2400,3600,301000,2900,2400,2400,3600,4400,368000,14800,1900,2900,2400,2400,5400,301000,5400,2900,3600,hayır
manchester united chelsea maçı,Premier Lig,Futbol,Lig,1. Seviye,Global Elit,Erkek,Kulüp,Takım Sporu,İngiltere,Yabancı,Yok,TV+ Yok,Yıllık,Sürekli Lig,Rakip Eşleşmesi,Bilgi,Maç,Jenerik,Türkçe,Body,h2h_mac,170,LOW,2,,,,evet,10,10,30,110,30,10,20,20,20,20,1900,10,20,30,170,30,30,20,50,40,720,50,20,20,20,10,30,170,30,50,50,hayır
manchester united chelsea canlı izle,Premier Lig,Futbol,Lig,1. Seviye,Global Elit,Erkek,Kulüp,Takım Sporu,İngiltere,Yabancı,Yok,TV+ Yok,Yıllık,Sürekli Lig,Canlı İzle,İzleme,Maç,Jenerik,Türkçe,Long-tail,h2h_izle,30,,,,,,evet,0,0,10,30,0,10,10,0,10,0,260,10,10,0,10,10,10,10,0,0,170,10,0,0,0,0,10,110,10,10,30,hayır
manchester united chelsea hangi kanalda,Premier Lig,Futbol,Lig,1. Seviye,Global Elit,Erkek,Kulüp,Takım Sporu,İngiltere,Yabancı,Yok,TV+ Yok,Yıllık,Sürekli Lig,Kanal/Yayın,İzleme,Maç,Jenerik,İngilizce,Long-tail,h2h_kanal,140,,,,,,evet,0,10,0,70,0,10,10,0,10,10,1600,10,10,10,70,10,10,10,10,10,1000,10,10,10,10,0,0,260,10,10,10,hayır
manchester united chelsea saat kaçta,Premier Lig,Futbol,Lig,1. Seviye,Global Elit,Erkek,Kulüp,Takım Sporu,İngiltere,Yabancı,Yok,TV+ Yok,Yıllık,Sürekli Lig,Takvim/Saat,Bilgi,Maç,Jenerik,Türkçe,Long-tail,h2h_saat,10,,,,,,evet,0,0,0,0,0,0,0,0,0,0,10,0,0,0,0,0,0,0,0,0,10,0,0,0,0,0,0,10,0,0,0,hayır
manchester united chelsea istatistikleri,Premier Lig,Futbol,Lig,1. Seviye,Global Elit,Erkek,Kulüp,Takım Sporu,İngiltere,Yabancı,Yok,TV+ Yok,Yıllık,Sürekli Lig,İstatistik,Bilgi,Maç,Jenerik,İngilizce,Body,h2h_ist,2400,LOW,0,,,,evet,10,10,10,260,20,10,40,70,90,390,27100,70,20,30,590,20,20,20,50,170,22200,880,50,90,20,0,10,10,10,10,10,hayır
manchester united tottenham,Premier Lig,Futbol,Lig,1. Seviye,Global Elit,Erkek,Kulüp,Takım Sporu,İngiltere,Yabancı,Yok,TV+ Yok,Yıllık,Sürekli Lig,Rakip Eşleşmesi,Bilgi,Maç,Jenerik,İngilizce,Body,h2h,27100,LOW,1,,,,evet,480,260,1300,1000,2900,301000,1900,480,2900,480,590,1000,880,1300,49500,1300,1300,6600,6600,18100,6600,18100,201000,1000,480,720,1300,1300,1900,5400,368000,hayır
manchester united tottenham maçı,Premier Lig,Futbol,Lig,1. Seviye,Global Elit,Erkek,Kulüp,Takım Sporu,İngiltere,Yabancı,Yok,TV+ Yok,Yıllık,Sürekli Lig,Rakip Eşleşmesi,Bilgi,Maç,Jenerik,Türkçe,Body,h2h_mac,140,LOW,0,,,,evet,20,10,20,10,10,1300,20,40,70,20,10,30,30,90,1900,40,40,320,140,590,50,40,390,20,10,10,10,20,20,30,390,hayır
manchester united tottenham canlı izle,Premier Lig,Futbol,Lig,1. Seviye,Global Elit,Erkek,Kulüp,Takım Sporu,İngiltere,Yabancı,Yok,TV+ Yok,Yıllık,Sürekli Lig,Canlı İzle,İzleme,Maç,Jenerik,Türkçe,Long-tail,h2h_izle,30,,,,,,evet,0,0,0,0,10,260,0,0,30,0,0,10,0,0,170,0,0,20,0,30,10,10,140,10,0,0,10,0,0,0,260,hayır
manchester united tottenham hangi kanalda,Premier Lig,Futbol,Lig,1. Seviye,Global Elit,Erkek,Kulüp,Takım Sporu,İngiltere,Yabancı,Yok,TV+ Yok,Yıllık,Sürekli Lig,Kanal/Yayın,İzleme,Maç,Jenerik,İngilizce,Long-tail,h2h_kanal,20,,,,,,evet,0,0,10,10,10,260,10,10,30,10,0,10,0,10,3600,10,0,70,10,140,10,10,590,10,10,10,10,10,10,0,1600,hayır
manchester united tottenham saat kaçta,Premier Lig,Futbol,Lig,1. Seviye,Global Elit,Erkek,Kulüp,Takım Sporu,İngiltere,Yabancı,Yok,TV+ Yok,Yıllık,Sürekli Lig,Takvim/Saat,Bilgi,Maç,Jenerik,Türkçe,Long-tail,h2h_saat,,,,,,,hayir,,,,,,,,,,,,,,,,,,,,,,,,,,,,,,,,hayır
manchester united tottenham istatistikleri,Premier Lig,Futbol,Lig,1. Seviye,Global Elit,Erkek,Kulüp,Takım Sporu,İngiltere,Yabancı,Yok,TV+ Yok,Yıllık,Sürekli Lig,İstatistik,Bilgi,Maç,Jenerik,İngilizce,Body,h2h_ist,1300,LOW,0,,,,evet,20,10,20,40,170,18100,90,20,70,10,10,20,10,20,590,30,20,210,170,390,260,880,12100,40,10,10,10,10,10,10,320,hayır
manchester city liverpool,Premier Lig,Futbol,Lig,1. Seviye,Global Elit,Erkek,Kulüp,Takım Sporu,İngiltere,Yabancı,Yok,TV+ Yok,Yıllık,Sürekli Lig,Rakip Eşleşmesi,Bilgi,Maç,Jenerik,İngilizce,Body,h2h,135000,LOW,1,,0.09,0.44,evet,2900,2900,9900,823000,33100,22200,6600,5400,673000,4400,4400,1900,1900,2400,2400,3600,12100,673000,4400,12100,5400,1600,1600,1300,1000,1300,2400,4400,33100,6600,6600,hayır
manchester city liverpool maçı,Premier Lig,Futbol,Lig,1. Seviye,Global Elit,Erkek,Kulüp,Takım Sporu,İngiltere,Yabancı,Yok,TV+ Yok,Yıllık,Sürekli Lig,Rakip Eşleşmesi,Bilgi,Maç,Jenerik,Türkçe,Body,h2h_mac,880,LOW,1,,,,evet,90,110,320,5400,390,2400,110,90,2400,140,90,40,70,50,50,140,210,8100,170,720,210,70,70,50,40,30,70,260,1600,170,110,hayır
manchester city liverpool canlı izle,Premier Lig,Futbol,Lig,1. Seviye,Global Elit,Erkek,Kulüp,Takım Sporu,İngiltere,Yabancı,Yok,TV+ Yok,Yıllık,Sürekli Lig,Canlı İzle,İzleme,Maç,Jenerik,Türkçe,Long-tail,h2h_izle,140,LOW,14,,,,evet,10,0,10,880,10,170,10,10,480,10,10,10,10,10,10,10,10,720,0,50,10,10,10,10,0,0,10,10,480,10,10,hayır
manchester city liverpool hangi kanalda,Premier Lig,Futbol,Lig,1. Seviye,Global Elit,Erkek,Kulüp,Takım Sporu,İngiltere,Yabancı,Yok,TV+ Yok,Yıllık,Sürekli Lig,Kanal/Yayın,İzleme,Maç,Jenerik,İngilizce,Long-tail,h2h_kanal,720,LOW,4,,,,evet,10,10,20,6600,90,260,10,10,1300,10,10,10,10,10,10,10,10,5400,10,210,20,10,20,10,10,10,10,30,1300,10,10,hayır
manchester city liverpool saat kaçta,Premier Lig,Futbol,Lig,1. Seviye,Global Elit,Erkek,Kulüp,Takım Sporu,İngiltere,Yabancı,Yok,TV+ Yok,Yıllık,Sürekli Lig,Takvim/Saat,Bilgi,Maç,Jenerik,Türkçe,Long-tail,h2h_saat,10,,,,,,evet,0,10,10,70,10,10,0,10,10,0,0,0,0,0,0,0,0,10,0,10,0,0,10,0,0,0,0,0,10,0,0,hayır
manchester city liverpool istatistikleri,Premier Lig,Futbol,Lig,1. Seviye,Global Elit,Erkek,Kulüp,Takım Sporu,İngiltere,Yabancı,Yok,TV+ Yok,Yıllık,Sürekli Lig,İstatistik,Bilgi,Maç,Jenerik,İngilizce,Body,h2h_ist,4400,LOW,0,,,,evet,210,140,140,27100,1000,590,170,210,33100,140,170,110,50,70,90,110,390,33100,110,210,170,40,30,20,10,0,10,10,70,10,20,hayır
manchester city arsenal,Premier Lig,Futbol,Lig,1. Seviye,Global Elit,Erkek,Kulüp,Takım Sporu,İngiltere,Yabancı,Yok,TV+ Yok,Yıllık,Sürekli Lig,Rakip Eşleşmesi,Bilgi,Maç,Jenerik,İngilizce,Body,h2h,90500,LOW,1,,0.13,0.52,evet,2900,2400,22200,1000000,22200,6600,4400,2400,1600,1000,8100,1000,590,880,1600,2400,1600,9900,3600,3600,4400,12100,450000,1900,1000,1600,14800,49500,301000,2900,1600,hayır
manchester city arsenal maçı,Premier Lig,Futbol,Lig,1. Seviye,Global Elit,Erkek,Kulüp,Takım Sporu,İngiltere,Yabancı,Yok,TV+ Yok,Yıllık,Sürekli Lig,Rakip Eşleşmesi,Bilgi,Maç,Jenerik,Türkçe,Body,h2h_mac,880,LOW,1,,,,evet,90,70,320,8100,1000,110,110,90,50,50,320,30,40,40,70,110,90,590,140,90,70,170,2900,50,90,70,390,1600,1900,70,50,hayır
manchester city arsenal canlı izle,Premier Lig,Futbol,Lig,1. Seviye,Global Elit,Erkek,Kulüp,Takım Sporu,İngiltere,Yabancı,Yok,TV+ Yok,Yıllık,Sürekli Lig,Canlı İzle,İzleme,Maç,Jenerik,Türkçe,Long-tail,h2h_izle,140,LOW,7,,,,evet,10,0,10,1300,90,10,10,10,10,10,170,10,10,0,0,10,10,70,10,10,10,0,480,0,10,10,20,170,1000,10,0,hayır
manchester city arsenal hangi kanalda,Premier Lig,Futbol,Lig,1. Seviye,Global Elit,Erkek,Kulüp,Takım Sporu,İngiltere,Yabancı,Yok,TV+ Yok,Yıllık,Sürekli Lig,Kanal/Yayın,İzleme,Maç,Jenerik,İngilizce,Long-tail,h2h_kanal,390,LOW,0,,,,evet,10,10,10,4400,390,10,10,0,10,10,210,10,10,10,10,10,10,110,10,10,10,10,3600,10,10,10,20,70,2900,10,10,hayır
manchester city arsenal saat kaçta,Premier Lig,Futbol,Lig,1. Seviye,Global Elit,Erkek,Kulüp,Takım Sporu,İngiltere,Yabancı,Yok,TV+ Yok,Yıllık,Sürekli Lig,Takvim/Saat,Bilgi,Maç,Jenerik,Türkçe,Long-tail,h2h_saat,,,,,,,hayir,,,,,,,,,,,,,,,,,,,,,,,,,,,,,,,,hayır
manchester city arsenal istatistikleri,Premier Lig,Futbol,Lig,1. Seviye,Global Elit,Erkek,Kulüp,Takım Sporu,İngiltere,Yabancı,Yok,TV+ Yok,Yıllık,Sürekli Lig,İstatistik,Bilgi,Maç,Jenerik,İngilizce,Body,h2h_ist,5400,LOW,0,,,,evet,30,30,590,60500,720,210,170,90,30,30,210,20,20,10,30,40,40,260,110,110,170,590,40500,110,30,10,70,140,1000,10,10,hayır
manchester city chelsea,Premier Lig,Futbol,Lig,1. Seviye,Global Elit,Erkek,Kulüp,Takım Sporu,İngiltere,Yabancı,Yok,TV+ Yok,Yıllık,Sürekli Lig,Rakip Eşleşmesi,Bilgi,Maç,Jenerik,İngilizce,Body,h2h,33100,LOW,1,,,,evet,720,720,6600,8100,1900,1900,368000,6600,1900,1600,1900,1900,2400,2900,3600,2900,4400,12100,368000,3600,5400,3600,5400,135000,5400,3600,8100,368000,6600,301000,2400,hayır
manchester city chelsea maçı,Premier Lig,Futbol,Lig,1. Seviye,Global Elit,Erkek,Kulüp,Takım Sporu,İngiltere,Yabancı,Yok,TV+ Yok,Yıllık,Sürekli Lig,Rakip Eşleşmesi,Bilgi,Maç,Jenerik,Türkçe,Body,h2h_mac,390,LOW,5,,,,evet,10,30,390,260,40,50,4400,50,20,10,40,30,50,40,70,50,90,70,1900,40,70,50,70,1000,40,30,40,720,90,1000,40,hayır
manchester city chelsea canlı izle,Premier Lig,Futbol,Lig,1. Seviye,Global Elit,Erkek,Kulüp,Takım Sporu,İngiltere,Yabancı,Yok,TV+ Yok,Yıllık,Sürekli Lig,Canlı İzle,İzleme,Maç,Jenerik,Türkçe,Long-tail,h2h_izle,70,,,,,,evet,0,10,170,170,10,10,480,10,0,10,10,10,10,10,10,10,20,10,720,10,10,10,10,720,10,0,10,1000,10,1000,10,hayır
manchester city chelsea hangi kanalda,Premier Lig,Futbol,Lig,1. Seviye,Global Elit,Erkek,Kulüp,Takım Sporu,İngiltere,Yabancı,Yok,TV+ Yok,Yıllık,Sürekli Lig,Kanal/Yayın,İzleme,Maç,Jenerik,İngilizce,Long-tail,h2h_kanal,260,LOW,0,,,,evet,10,0,320,90,10,10,2400,10,10,10,30,10,10,10,10,10,50,10,2400,10,10,10,10,1900,10,10,10,2900,20,2900,10,hayır
manchester city chelsea saat kaçta,Premier Lig,Futbol,Lig,1. Seviye,Global Elit,Erkek,Kulüp,Takım Sporu,İngiltere,Yabancı,Yok,TV+ Yok,Yıllık,Sürekli Lig,Takvim/Saat,Bilgi,Maç,Jenerik,Türkçe,Long-tail,h2h_saat,10,,,,,,evet,0,0,10,40,0,0,0,0,0,0,0,0,0,0,0,0,0,0,0,0,0,0,0,0,0,0,0,0,0,0,0,hayır
manchester city chelsea istatistikleri,Premier Lig,Futbol,Lig,1. Seviye,Global Elit,Erkek,Kulüp,Takım Sporu,İngiltere,Yabancı,Yok,TV+ Yok,Yıllık,Sürekli Lig,İstatistik,Bilgi,Maç,Jenerik,İngilizce,Body,h2h_ist,2400,LOW,0,,,,evet,10,10,170,480,110,90,27100,880,50,40,90,90,70,40,90,50,90,480,18100,90,70,50,140,2900,90,10,10,1300,30,590,10,hayır
manchester city tottenham,Premier Lig,Futbol,Lig,1. Seviye,Global Elit,Erkek,Kulüp,Takım Sporu,İngiltere,Yabancı,Yok,TV+ Yok,Yıllık,Sürekli Lig,Rakip Eşleşmesi,Bilgi,Maç,Jenerik,İngilizce,Body,h2h,33100,LOW,1,,,,evet,390,260,720,880,1000,5400,2400,880,1300,1900,14800,368000,1000,1000,1900,1300,1600,8100,3600,12100,550000,9900,1300,1300,1300,880,18100,1900,1600,2400,14800,hayır
manchester city tottenham maçı,Premier Lig,Futbol,Lig,1. Seviye,Global Elit,Erkek,Kulüp,Takım Sporu,İngiltere,Yabancı,Yok,TV+ Yok,Yıllık,Sürekli Lig,Rakip Eşleşmesi,Bilgi,Maç,Jenerik,Türkçe,Body,h2h_mac,90,LOW,0,,,,evet,10,10,20,20,30,260,30,20,10,20,20,590,20,20,140,20,30,260,40,140,2400,480,50,40,40,10,480,50,20,10,210,hayır
manchester city tottenham canlı izle,Premier Lig,Futbol,Lig,1. Seviye,Global Elit,Erkek,Kulüp,Takım Sporu,İngiltere,Yabancı,Yok,TV+ Yok,Yıllık,Sürekli Lig,Canlı İzle,İzleme,Maç,Jenerik,Türkçe,Long-tail,h2h_izle,140,LOW,0,,,,evet,10,10,10,30,10,260,10,10,10,10,30,1300,10,10,10,10,10,140,10,10,390,140,10,10,10,10,590,10,10,10,480,hayır
manchester city tottenham hangi kanalda,Premier Lig,Futbol,Lig,1. Seviye,Global Elit,Erkek,Kulüp,Takım Sporu,İngiltere,Yabancı,Yok,TV+ Yok,Yıllık,Sürekli Lig,Kanal/Yayın,İzleme,Maç,Jenerik,İngilizce,Long-tail,h2h_kanal,210,,,,,,evet,0,0,10,10,10,720,50,20,10,10,10,1900,10,10,50,10,20,260,10,30,3600,590,20,10,10,10,1600,10,10,20,1300,hayır
manchester city tottenham saat kaçta,Premier Lig,Futbol,Lig,1. Seviye,Global Elit,Erkek,Kulüp,Takım Sporu,İngiltere,Yabancı,Yok,TV+ Yok,Yıllık,Sürekli Lig,Takvim/Saat,Bilgi,Maç,Jenerik,Türkçe,Long-tail,h2h_saat,10,,,,,,evet,0,0,0,0,0,10,0,0,0,0,0,40,0,0,10,0,0,10,10,0,40,0,0,0,0,0,0,0,0,0,0,hayır
manchester city tottenham istatistikleri,Premier Lig,Futbol,Lig,1. Seviye,Global Elit,Erkek,Kulüp,Takım Sporu,İngiltere,Yabancı,Yok,TV+ Yok,Yıllık,Sürekli Lig,İstatistik,Bilgi,Maç,Jenerik,İngilizce,Body,h2h_ist,2400,LOW,0,,,,evet,10,10,20,10,20,260,110,30,90,90,720,27100,40,30,20,20,20,320,70,480,27100,210,20,10,10,0,10,10,0,10,30,hayır
liverpool arsenal,Premier Lig,Futbol,Lig,1. Seviye,Global Elit,Erkek,Kulüp,Takım Sporu,İngiltere,Yabancı,Yok,TV+ Yok,Yıllık,Sürekli Lig,Rakip Eşleşmesi,Bilgi,Maç,Jenerik,İngilizce,Head,h2h,33100,LOW,1,,,,evet,1000,720,2400,1600,3600,1900,12100,2900,4400,4400,74000,301000,3600,1300,368000,8100,3600,3600,3600,5400,6600,14800,1900,22200,49500,1900,22200,22200,9900,18100,22200,hayır
liverpool arsenal maçı,Premier Lig,Futbol,Lig,1. Seviye,Global Elit,Erkek,Kulüp,Takım Sporu,İngiltere,Yabancı,Yok,TV+ Yok,Yıllık,Sürekli Lig,Rakip Eşleşmesi,Bilgi,Maç,Jenerik,Türkçe,Body,h2h_mac,1600,LOW,0,,,,evet,390,210,590,390,880,590,1600,320,480,590,2900,9900,390,390,6600,1000,590,590,590,880,1000,1900,390,590,1000,260,320,880,590,1000,720,hayır
liverpool arsenal canlı izle,Premier Lig,Futbol,Lig,1. Seviye,Global Elit,Erkek,Kulüp,Takım Sporu,İngiltere,Yabancı,Yok,TV+ Yok,Yıllık,Sürekli Lig,Canlı İzle,İzleme,Maç,Jenerik,Türkçe,Body,h2h_izle,110,,,,,,evet,0,0,10,10,10,10,210,10,10,10,20,1000,10,0,210,10,10,10,10,10,10,210,10,10,210,0,10,10,10,260,170,hayır
liverpool arsenal hangi kanalda,Premier Lig,Futbol,Lig,1. Seviye,Global Elit,Erkek,Kulüp,Takım Sporu,İngiltere,Yabancı,Yok,TV+ Yok,Yıllık,Sürekli Lig,Kanal/Yayın,İzleme,Maç,Jenerik,İngilizce,Body,h2h_kanal,320,,,,,,evet,0,0,10,10,10,20,480,10,10,10,260,2900,0,10,1900,10,10,10,10,10,30,880,10,20,590,10,10,10,20,1300,1600,hayır
liverpool arsenal saat kaçta,Premier Lig,Futbol,Lig,1. Seviye,Global Elit,Erkek,Kulüp,Takım Sporu,İngiltere,Yabancı,Yok,TV+ Yok,Yıllık,Sürekli Lig,Takvim/Saat,Bilgi,Maç,Jenerik,Türkçe,Body,h2h_saat,,,,,,,hayir,,,,,,,,,,,,,,,,,,,,,,,,,,,,,,,,hayır
liverpool arsenal istatistikleri,Premier Lig,Futbol,Lig,1. Seviye,Global Elit,Erkek,Kulüp,Takım Sporu,İngiltere,Yabancı,Yok,TV+ Yok,Yıllık,Sürekli Lig,İstatistik,Bilgi,Maç,Jenerik,İngilizce,Body,h2h_ist,2900,LOW,0,,,,evet,30,20,30,20,70,40,590,110,210,320,4400,33100,70,50,14800,260,110,90,50,90,140,260,50,390,1900,10,20,20,10,40,10,hayır
liverpool chelsea,Premier Lig,Futbol,Lig,1. Seviye,Global Elit,Erkek,Kulüp,Takım Sporu,İngiltere,Yabancı,Yok,TV+ Yok,Yıllık,Sürekli Lig,Rakip Eşleşmesi,Bilgi,Maç,Jenerik,İngilizce,Head,h2h,33100,LOW,1,,,,evet,1000,1900,368000,2400,2400,1600,880,590,720,14800,1900,1300,1900,1000,6600,1900,1900,1600,2400,6600,5400,246000,1000,1000,880,1600,1600,2900,3600,74000,201000,hayır
liverpool chelsea maçı,Premier Lig,Futbol,Lig,1. Seviye,Global Elit,Erkek,Kulüp,Takım Sporu,İngiltere,Yabancı,Yok,TV+ Yok,Yıllık,Sürekli Lig,Rakip Eşleşmesi,Bilgi,Maç,Jenerik,Türkçe,Body,h2h_mac,880,LOW,0,,,,evet,110,140,5400,390,590,260,210,140,170,2400,140,90,320,210,720,260,320,260,320,590,480,4400,210,260,110,260,170,210,210,1600,1600,hayır
liverpool chelsea canlı izle,Premier Lig,Futbol,Lig,1. Seviye,Global Elit,Erkek,Kulüp,Takım Sporu,İngiltere,Yabancı,Yok,TV+ Yok,Yıllık,Sürekli Lig,Canlı İzle,İzleme,Maç,Jenerik,Türkçe,Body,h2h_izle,110,LOW,0,,,,evet,10,10,1000,10,10,10,10,0,10,110,10,10,10,10,90,10,10,10,20,10,10,590,10,10,10,10,20,10,10,1000,1600,hayır
liverpool chelsea hangi kanalda,Premier Lig,Futbol,Lig,1. Seviye,Global Elit,Erkek,Kulüp,Takım Sporu,İngiltere,Yabancı,Yok,TV+ Yok,Yıllık,Sürekli Lig,Kanal/Yayın,İzleme,Maç,Jenerik,İngilizce,Body,h2h_kanal,140,,,,,,evet,0,0,1300,10,10,10,10,10,10,320,30,0,0,10,90,10,10,10,10,10,10,2400,10,10,10,0,10,10,30,2900,5400,hayır
liverpool chelsea saat kaçta,Premier Lig,Futbol,Lig,1. Seviye,Global Elit,Erkek,Kulüp,Takım Sporu,İngiltere,Yabancı,Yok,TV+ Yok,Yıllık,Sürekli Lig,Takvim/Saat,Bilgi,Maç,Jenerik,Türkçe,Body,h2h_saat,,,,,,,hayir,,,,,,,,,,,,,,,,,,,,,,,,,,,,,,,,hayır
liverpool chelsea istatistikleri,Premier Lig,Futbol,Lig,1. Seviye,Global Elit,Erkek,Kulüp,Takım Sporu,İngiltere,Yabancı,Yok,TV+ Yok,Yıllık,Sürekli Lig,İstatistik,Bilgi,Maç,Jenerik,İngilizce,Body,h2h_ist,1600,LOW,0,,,,evet,10,20,18100,70,50,30,20,10,10,210,30,30,40,10,170,20,20,40,40,170,260,18100,40,10,10,10,10,10,10,90,390,hayır
liverpool tottenham,Premier Lig,Futbol,Lig,1. Seviye,Global Elit,Erkek,Kulüp,Takım Sporu,İngiltere,Yabancı,Yok,TV+ Yok,Yıllık,Sürekli Lig,Rakip Eşleşmesi,Bilgi,Maç,Jenerik,İngilizce,Head,h2h,90500,LOW,0,,,,evet,720,590,1600,4400,1000000,201000,1900,5400,880,1000,1900,1900,6600,1900,18100,301000,4400,301000,18100,18100,2400,720,590,590,720,1900,201000,5400,1300,1000,1300,hayır
liverpool tottenham maçı,Premier Lig,Futbol,Lig,1. Seviye,Global Elit,Erkek,Kulüp,Takım Sporu,İngiltere,Yabancı,Yok,TV+ Yok,Yıllık,Sürekli Lig,Rakip Eşleşmesi,Bilgi,Maç,Jenerik,Türkçe,Body,h2h_mac,720,LOW,0,,,,evet,10,10,30,70,4400,2900,40,140,20,20,50,30,110,30,320,2400,210,1900,720,1300,90,10,10,10,20,10,880,50,50,50,30,hayır
liverpool tottenham canlı izle,Premier Lig,Futbol,Lig,1. Seviye,Global Elit,Erkek,Kulüp,Takım Sporu,İngiltere,Yabancı,Yok,TV+ Yok,Yıllık,Sürekli Lig,Canlı İzle,İzleme,Maç,Jenerik,Türkçe,Body,h2h_izle,90,,,,,,evet,0,10,10,10,1000,40,10,70,0,10,10,10,10,0,10,880,10,260,90,320,0,0,10,0,10,0,110,0,0,10,10,hayır
liverpool tottenham hangi kanalda,Premier Lig,Futbol,Lig,1. Seviye,Global Elit,Erkek,Kulüp,Takım Sporu,İngiltere,Yabancı,Yok,TV+ Yok,Yıllık,Sürekli Lig,Kanal/Yayın,İzleme,Maç,Jenerik,İngilizce,Body,h2h_kanal,390,LOW,0,,,,evet,10,0,10,10,4400,140,10,140,10,10,10,10,10,10,10,1000,20,6600,1900,390,10,10,10,10,10,0,590,10,10,10,10,hayır
liverpool tottenham saat kaçta,Premier Lig,Futbol,Lig,1. Seviye,Global Elit,Erkek,Kulüp,Takım Sporu,İngiltere,Yabancı,Yok,TV+ Yok,Yıllık,Sürekli Lig,Takvim/Saat,Bilgi,Maç,Jenerik,Türkçe,Body,h2h_saat,10,,,,,,evet,0,0,0,0,70,20,0,10,0,0,0,0,0,0,0,30,0,10,10,10,0,0,0,0,0,0,20,10,0,0,0,hayır
liverpool tottenham istatistikleri,Premier Lig,Futbol,Lig,1. Seviye,Global Elit,Erkek,Kulüp,Takım Sporu,İngiltere,Yabancı,Yok,TV+ Yok,Yıllık,Sürekli Lig,İstatistik,Bilgi,Maç,Jenerik,İngilizce,Body,h2h_ist,3600,LOW,2,,,,evet,10,10,50,210,49500,1000,40,170,10,20,30,40,30,30,590,12100,90,14800,480,210,20,10,10,10,10,10,320,30,10,10,0,hayır
arsenal chelsea,Premier Lig,Futbol,Lig,1. Seviye,Global Elit,Erkek,Kulüp,Takım Sporu,İngiltere,Yabancı,Yok,TV+ Yok,Yıllık,Sürekli Lig,Rakip Eşleşmesi,Bilgi,Maç,Jenerik,İngilizce,Head,h2h,60500,LOW,2,0.66,0.08,0.55,evet,1300,1000,3600,5400,368000,301000,14800,3600,18100,880,720,1000,1300,880,1600,5400,165000,1600,1600,1900,9900,2900,1000,1900,1300,1900,9900,368000,18100,1600,1300,hayır
arsenal chelsea maçı,Premier Lig,Futbol,Lig,1. Seviye,Global Elit,Erkek,Kulüp,Takım Sporu,İngiltere,Yabancı,Yok,TV+ Yok,Yıllık,Sürekli Lig,Rakip Eşleşmesi,Bilgi,Maç,Jenerik,Türkçe,Body,h2h_mac,2400,LOW,5,1.25,0.04,0.21,evet,140,140,320,390,8100,18100,1300,320,880,260,90,90,210,170,260,320,4400,210,260,320,480,720,90,110,110,110,390,6600,390,140,70,hayır
arsenal chelsea canlı izle,Premier Lig,Futbol,Lig,1. Seviye,Global Elit,Erkek,Kulüp,Takım Sporu,İngiltere,Yabancı,Yok,TV+ Yok,Yıllık,Sürekli Lig,Canlı İzle,İzleme,Maç,Jenerik,Türkçe,Body,h2h_izle,210,LOW,14,,,,evet,10,10,10,50,480,1600,320,10,320,10,10,10,10,10,10,10,170,10,0,10,90,10,10,10,10,10,10,1600,10,10,10,hayır
arsenal chelsea hangi kanalda,Premier Lig,Futbol,Lig,1. Seviye,Global Elit,Erkek,Kulüp,Takım Sporu,İngiltere,Yabancı,Yok,TV+ Yok,Yıllık,Sürekli Lig,Kanal/Yayın,İzleme,Maç,Jenerik,İngilizce,Body,h2h_kanal,720,LOW,5,,,,evet,10,0,10,20,2400,5400,1600,10,720,10,10,10,10,10,10,10,720,10,10,10,390,10,10,10,10,10,10,2900,40,10,10,hayır
arsenal chelsea saat kaçta,Premier Lig,Futbol,Lig,1. Seviye,Global Elit,Erkek,Kulüp,Takım Sporu,İngiltere,Yabancı,Yok,TV+ Yok,Yıllık,Sürekli Lig,Takvim/Saat,Bilgi,Maç,Jenerik,Türkçe,Body,h2h_saat,10,,,,,,evet,0,0,0,0,10,10,0,0,10,0,0,0,0,0,0,0,20,0,0,10,10,0,0,0,0,0,10,50,20,0,0,hayır
arsenal chelsea istatistikleri,Premier Lig,Futbol,Lig,1. Seviye,Global Elit,Erkek,Kulüp,Takım Sporu,İngiltere,Yabancı,Yok,TV+ Yok,Yıllık,Sürekli Lig,İstatistik,Bilgi,Maç,Jenerik,İngilizce,Body,h2h_ist,3600,LOW,0,,,,evet,20,10,90,170,18100,22200,480,50,480,20,10,10,30,140,210,480,9900,30,20,10,210,30,10,10,10,10,20,3600,70,10,0,hayır
arsenal tottenham,Premier Lig,Futbol,Lig,1. Seviye,Global Elit,Erkek,Kulüp,Takım Sporu,İngiltere,Yabancı,Yok,TV+ Yok,Yıllık,Sürekli Lig,Rakip Eşleşmesi,Bilgi,Maç,Jenerik,İngilizce,Head,h2h,22200,LOW,1,,0.13,0.45,evet,480,390,1600,1000,1900,12100,1900,4400,246000,1300,1300,18100,110000,1900,6600,1900,1000,1900,201000,1000,2400,720,6600,390,320,480,1900,8100,880,590,720,hayır
arsenal tottenham maçı,Premier Lig,Futbol,Lig,1. Seviye,Global Elit,Erkek,Kulüp,Takım Sporu,İngiltere,Yabancı,Yok,TV+ Yok,Yıllık,Sürekli Lig,Rakip Eşleşmesi,Bilgi,Maç,Jenerik,Türkçe,Body,h2h_mac,170,LOW,2,,,,evet,20,20,70,30,110,720,70,110,590,40,40,260,1600,50,50,90,40,140,4400,50,90,30,480,10,10,10,50,590,50,30,30,hayır
arsenal tottenham canlı izle,Premier Lig,Futbol,Lig,1. Seviye,Global Elit,Erkek,Kulüp,Takım Sporu,İngiltere,Yabancı,Yok,TV+ Yok,Yıllık,Sürekli Lig,Canlı İzle,İzleme,Maç,Jenerik,Türkçe,Body,h2h_izle,30,,,,,,evet,0,0,10,0,10,50,10,10,260,10,0,10,110,0,0,10,10,10,210,10,30,10,140,10,10,10,20,480,10,10,10,hayır
arsenal tottenham hangi kanalda,Premier Lig,Futbol,Lig,1. Seviye,Global Elit,Erkek,Kulüp,Takım Sporu,İngiltere,Yabancı,Yok,TV+ Yok,Yıllık,Sürekli Lig,Kanal/Yayın,İzleme,Maç,Jenerik,İngilizce,Body,h2h_kanal,140,,,,,,evet,0,0,10,10,10,320,10,10,1300,0,10,20,1600,10,20,10,10,10,1000,10,70,10,590,10,10,0,40,1300,10,10,10,hayır
arsenal tottenham saat kaçta,Premier Lig,Futbol,Lig,1. Seviye,Global Elit,Erkek,Kulüp,Takım Sporu,İngiltere,Yabancı,Yok,TV+ Yok,Yıllık,Sürekli Lig,Takvim/Saat,Bilgi,Maç,Jenerik,Türkçe,Body,h2h_saat,,,,,,,hayir,,,,,,,,,,,,,,,,,,,,,,,,,,,,,,,,hayır
arsenal tottenham istatistikleri,Premier Lig,Futbol,Lig,1. Seviye,Global Elit,Erkek,Kulüp,Takım Sporu,İngiltere,Yabancı,Yok,TV+ Yok,Yıllık,Sürekli Lig,İstatistik,Bilgi,Maç,Jenerik,İngilizce,Body,h2h_ist,1300,,,,,,evet,0,10,10,30,30,390,50,320,14800,90,70,390,6600,40,110,50,30,70,9900,20,40,20,90,0,10,10,0,10,0,0,0,hayır
chelsea tottenham,Premier Lig,Futbol,Lig,1. Seviye,Global Elit,Erkek,Kulüp,Takım Sporu,İngiltere,Yabancı,Yok,TV+ Yok,Yıllık,Sürekli Lig,Rakip Eşleşmesi,Bilgi,Maç,Jenerik,İngilizce,Head,h2h,33100,LOW,3,0.25,0.2,0.45,evet,2900,1900,368000,1900,720,720,390,390,2400,1000,1000,1000,1000,880,1600,165000,3600,590,1000,12100,880,720,590,590,480,720,165000,5400,1000,9900,590,hayır
chelsea tottenham maçı,Premier Lig,Futbol,Lig,1. Seviye,Global Elit,Erkek,Kulüp,Takım Sporu,İngiltere,Yabancı,Yok,TV+ Yok,Yıllık,Sürekli Lig,Rakip Eşleşmesi,Bilgi,Maç,Jenerik,Türkçe,Body,h2h_mac,210,LOW,1,,,,evet,20,20,2400,20,20,40,20,20,110,50,50,50,70,30,40,5400,70,20,50,390,20,10,20,10,10,20,1600,110,30,140,50,hayır
chelsea tottenham canlı izle,Premier Lig,Futbol,Lig,1. Seviye,Global Elit,Erkek,Kulüp,Takım Sporu,İngiltere,Yabancı,Yok,TV+ Yok,Yıllık,Sürekli Lig,Canlı İzle,İzleme,Maç,Jenerik,Türkçe,Body,h2h_izle,20,,,,,,evet,0,0,110,10,0,10,10,10,70,10,10,10,10,10,10,590,0,0,0,90,10,10,0,0,10,0,480,0,10,10,0,hayır
chelsea tottenham hangi kanalda,Premier Lig,Futbol,Lig,1. Seviye,Global Elit,Erkek,Kulüp,Takım Sporu,İngiltere,Yabancı,Yok,TV+ Yok,Yıllık,Sürekli Lig,Kanal/Yayın,İzleme,Maç,Jenerik,İngilizce,Body,h2h_kanal,50,LOW,5,,,,evet,20,10,480,10,10,10,0,0,70,10,10,10,10,10,10,1000,10,10,0,260,10,10,10,10,10,0,1600,10,0,50,10,hayır
chelsea tottenham saat kaçta,Premier Lig,Futbol,Lig,1. Seviye,Global Elit,Erkek,Kulüp,Takım Sporu,İngiltere,Yabancı,Yok,TV+ Yok,Yıllık,Sürekli Lig,Takvim/Saat,Bilgi,Maç,Jenerik,Türkçe,Body,h2h_saat,,,,,,,hayir,,,,,,,,,,,,,,,,,,,,,,,,,,,,,,,,hayır
chelsea tottenham istatistikleri,Premier Lig,Futbol,Lig,1. Seviye,Global Elit,Erkek,Kulüp,Takım Sporu,İngiltere,Yabancı,Yok,TV+ Yok,Yıllık,Sürekli Lig,İstatistik,Bilgi,Maç,Jenerik,İngilizce,Body,h2h_ist,1300,LOW,1,,,,evet,70,20,14800,30,30,10,10,10,110,40,10,10,10,10,50,14800,210,10,20,140,0,0,0,0,0,0,0,0,0,0,0,hayır
bayern münih borussia dortmund,Bundesliga,Futbol,Lig,1. Seviye,Üst,Erkek,Kulüp,Takım Sporu,Almanya,Yabancı,Yok,TV+ Yok,Yıllık,Sürekli Lig,Rakip Eşleşmesi,Bilgi,Maç,Jenerik,Türkçe,Body,h2h,18100,LOW,1,,0.09,0.27,evet,720,720,1300,880,1000,3600,1600,1000,2900,201000,1000,880,1000,2400,1900,201000,1300,880,720,1300,5400,590,720,880,880,1600,4400,22200,368000,1300,1000,hayır
bayern münih borussia dortmund maçı,Bundesliga,Futbol,Lig,1. Seviye,Üst,Erkek,Kulüp,Takım Sporu,Almanya,Yabancı,Yok,TV+ Yok,Yıllık,Sürekli Lig,Rakip Eşleşmesi,Bilgi,Maç,Jenerik,Türkçe,Long-tail,h2h_mac,40,LOW,0,,,,evet,10,10,10,10,30,90,10,10,10,390,10,10,20,20,20,2900,10,10,20,20,70,10,10,10,10,30,70,70,720,20,10,hayır
bayern münih borussia dortmund canlı izle,Bundesliga,Futbol,Lig,1. Seviye,Üst,Erkek,Kulüp,Takım Sporu,Almanya,Yabancı,Yok,TV+ Yok,Yıllık,Sürekli Lig,Canlı İzle,İzleme,Maç,Jenerik,Türkçe,Long-tail,h2h_izle,10,,,,,,evet,0,0,0,0,10,10,0,0,0,30,0,0,10,0,0,90,10,0,10,0,40,10,0,0,10,0,10,10,320,0,10,hayır
bayern münih borussia dortmund hangi kanalda,Bundesliga,Futbol,Lig,1. Seviye,Üst,Erkek,Kulüp,Takım Sporu,Almanya,Yabancı,Yok,TV+ Yok,Yıllık,Sürekli Lig,Kanal/Yayın,İzleme,Maç,Jenerik,Türkçe,Long-tail,h2h_kanal,90,LOW,0,,,,evet,10,10,10,0,10,70,10,0,10,880,0,0,0,0,0,1300,10,10,0,10,320,0,0,0,0,10,10,10,480,10,10,hayır
bayern münih borussia dortmund saat kaçta,Bundesliga,Futbol,Lig,1. Seviye,Üst,Erkek,Kulüp,Takım Sporu,Almanya,Yabancı,Yok,TV+ Yok,Yıllık,Sürekli Lig,Takvim/Saat,Bilgi,Maç,Jenerik,Türkçe,Long-tail,h2h_saat,,,,,,,hayir,,,,,,,,,,,,,,,,,,,,,,,,,,,,,,,,hayır
bayern münih borussia dortmund istatistikleri,Bundesliga,Futbol,Lig,1. Seviye,Üst,Erkek,Kulüp,Takım Sporu,Almanya,Yabancı,Yok,TV+ Yok,Yıllık,Sürekli Lig,İstatistik,Bilgi,Maç,Jenerik,Türkçe,Long-tail,h2h_ist,1000,LOW,0,,,,evet,10,10,10,20,20,260,50,40,320,12100,90,70,40,40,50,12100,70,20,40,30,260,10,10,10,10,10,20,30,880,10,0,hayır
bayern münih bayer leverkusen,Bundesliga,Futbol,Lig,1. Seviye,Üst,Erkek,Kulüp,Takım Sporu,Almanya,Yabancı,Yok,TV+ Yok,Yıllık,Sürekli Lig,Rakip Eşleşmesi,Bilgi,Maç,Jenerik,Türkçe,Body,h2h,70,LOW,1,,,,evet,20,30,40,170,170,10,10,20,260,70,20,20,30,70,110,30,1300,320,50,720,50,320,1000,30,50,40,110,140,90,1600,140,hayır
bayern münih bayer leverkusen maçı,Bundesliga,Futbol,Lig,1. Seviye,Üst,Erkek,Kulüp,Takım Sporu,Almanya,Yabancı,Yok,TV+ Yok,Yıllık,Sürekli Lig,Rakip Eşleşmesi,Bilgi,Maç,Jenerik,Türkçe,Long-tail,h2h_mac,70,LOW,29,0.13,,,evet,10,10,10,40,30,10,10,10,720,10,10,10,10,10,10,10,70,50,10,2400,10,10,70,10,0,10,10,10,10,20,10,hayır
bayern münih bayer leverkusen canlı izle,Bundesliga,Futbol,Lig,1. Seviye,Üst,Erkek,Kulüp,Takım Sporu,Almanya,Yabancı,Yok,TV+ Yok,Yıllık,Sürekli Lig,Canlı İzle,İzleme,Maç,Jenerik,Türkçe,Long-tail,h2h_izle,10,,,,,,evet,0,0,0,10,10,0,0,0,10,0,10,0,0,0,0,0,40,70,0,40,0,10,30,10,0,0,0,0,10,320,10,hayır
bayern münih bayer leverkusen hangi kanalda,Bundesliga,Futbol,Lig,1. Seviye,Üst,Erkek,Kulüp,Takım Sporu,Almanya,Yabancı,Yok,TV+ Yok,Yıllık,Sürekli Lig,Kanal/Yayın,İzleme,Maç,Jenerik,Türkçe,Long-tail,h2h_kanal,10,,,,,,evet,0,0,0,10,10,0,0,0,10,0,0,0,0,0,0,10,50,10,10,40,0,0,10,0,0,0,0,0,0,10,0,hayır
bayern münih bayer leverkusen saat kaçta,Bundesliga,Futbol,Lig,1. Seviye,Üst,Erkek,Kulüp,Takım Sporu,Almanya,Yabancı,Yok,TV+ Yok,Yıllık,Sürekli Lig,Takvim/Saat,Bilgi,Maç,Jenerik,Türkçe,Long-tail,h2h_saat,,,,,,,hayir,,,,,,,,,,,,,,,,,,,,,,,,,,,,,,,,hayır
bayern münih bayer leverkusen istatistikleri,Bundesliga,Futbol,Lig,1. Seviye,Üst,Erkek,Kulüp,Takım Sporu,Almanya,Yabancı,Yok,TV+ Yok,Yıllık,Sürekli Lig,İstatistik,Bilgi,Maç,Jenerik,Türkçe,Long-tail,h2h_ist,,,,,,,hayir,,,,,,,,,,,,,,,,,,,,,,,,,,,,,,,,hayır
bayern münih rb leipzig,Bundesliga,Futbol,Lig,1. Seviye,Üst,Erkek,Kulüp,Takım Sporu,Almanya,Yabancı,Yok,TV+ Yok,Yıllık,Sürekli Lig,Rakip Eşleşmesi,Bilgi,Maç,Jenerik,Türkçe,Body,h2h,27100,LOW,2,0.52,0.07,0.38,evet,480,210,1300,1000,1600,110000,2400,1000,1000,1600,5400,201000,880,590,2400,720,590,1000,8100,201000,260,170,210,390,390,320,590,1000,8100,201000,720,hayır
bayern münih rb leipzig maçı,Bundesliga,Futbol,Lig,1. Seviye,Üst,Erkek,Kulüp,Takım Sporu,Almanya,Yabancı,Yok,TV+ Yok,Yıllık,Sürekli Lig,Rakip Eşleşmesi,Bilgi,Maç,Jenerik,Türkçe,Long-tail,h2h_mac,,,,,,,hayir,,,,,,,,,,,,,,,,,,,,,,,,,,,,,,,,hayır
bayern münih rb leipzig canlı izle,Bundesliga,Futbol,Lig,1. Seviye,Üst,Erkek,Kulüp,Takım Sporu,Almanya,Yabancı,Yok,TV+ Yok,Yıllık,Sürekli Lig,Canlı İzle,İzleme,Maç,Jenerik,Türkçe,Long-tail,h2h_izle,20,LOW,0,,,,evet,10,0,10,10,0,110,30,10,10,0,0,70,0,0,10,0,0,0,10,50,0,0,0,0,0,0,0,0,10,40,0,hayır
bayern münih rb leipzig hangi kanalda,Bundesliga,Futbol,Lig,1. Seviye,Üst,Erkek,Kulüp,Takım Sporu,Almanya,Yabancı,Yok,TV+ Yok,Yıllık,Sürekli Lig,Kanal/Yayın,İzleme,Maç,Jenerik,Türkçe,Long-tail,h2h_kanal,140,LOW,0,,,,evet,10,10,10,10,10,590,90,0,10,0,10,720,10,10,320,10,10,10,10,720,0,10,0,10,0,0,10,10,20,390,10,hayır
bayern münih rb leipzig saat kaçta,Bundesliga,Futbol,Lig,1. Seviye,Üst,Erkek,Kulüp,Takım Sporu,Almanya,Yabancı,Yok,TV+ Yok,Yıllık,Sürekli Lig,Takvim/Saat,Bilgi,Maç,Jenerik,Türkçe,Long-tail,h2h_saat,,,,,,,hayir,,,,,,,,,,,,,,,,,,,,,,,,,,,,,,,,hayır
bayern münih rb leipzig istatistikleri,Bundesliga,Futbol,Lig,1. Seviye,Üst,Erkek,Kulüp,Takım Sporu,Almanya,Yabancı,Yok,TV+ Yok,Yıllık,Sürekli Lig,İstatistik,Bilgi,Maç,Jenerik,Türkçe,Long-tail,h2h_ist,1900,LOW,0,,,,evet,10,10,20,40,90,8100,170,50,30,110,320,12100,50,10,170,50,10,40,260,12100,10,10,10,20,10,0,0,10,10,320,0,hayır
borussia dortmund bayer leverkusen,Bundesliga,Futbol,Lig,1. Seviye,Üst,Erkek,Kulüp,Takım Sporu,Almanya,Yabancı,Yok,TV+ Yok,Yıllık,Sürekli Lig,Rakip Eşleşmesi,Bilgi,Maç,Jenerik,İngilizce,Body,h2h,70,LOW,0,,,,evet,10,10,10,390,10,10,10,210,40,40,10,10,10,10,30,30,20,40,2900,10,10,10,10,10,20,30,70,590,20,30,10,hayır
borussia dortmund bayer leverkusen maçı,Bundesliga,Futbol,Lig,1. Seviye,Üst,Erkek,Kulüp,Takım Sporu,Almanya,Yabancı,Yok,TV+ Yok,Yıllık,Sürekli Lig,Rakip Eşleşmesi,Bilgi,Maç,Jenerik,Türkçe,Long-tail,h2h_mac,,,,,,,hayir,,,,,,,,,,,,,,,,,,,,,,,,,,,,,,,,hayır
borussia dortmund bayer leverkusen canlı izle,Bundesliga,Futbol,Lig,1. Seviye,Üst,Erkek,Kulüp,Takım Sporu,Almanya,Yabancı,Yok,TV+ Yok,Yıllık,Sürekli Lig,Canlı İzle,İzleme,Maç,Jenerik,Türkçe,Long-tail,h2h_izle,10,,,,,,evet,0,0,0,10,0,0,0,10,10,0,0,0,0,0,0,0,0,0,10,0,0,0,0,0,0,0,0,10,0,0,0,hayır
borussia dortmund bayer leverkusen hangi kanalda,Bundesliga,Futbol,Lig,1. Seviye,Üst,Erkek,Kulüp,Takım Sporu,Almanya,Yabancı,Yok,TV+ Yok,Yıllık,Sürekli Lig,Kanal/Yayın,İzleme,Maç,Jenerik,İngilizce,Long-tail,h2h_kanal,,,,,,,hayir,,,,,,,,,,,,,,,,,,,,,,,,,,,,,,,,hayır
borussia dortmund bayer leverkusen saat kaçta,Bundesliga,Futbol,Lig,1. Seviye,Üst,Erkek,Kulüp,Takım Sporu,Almanya,Yabancı,Yok,TV+ Yok,Yıllık,Sürekli Lig,Takvim/Saat,Bilgi,Maç,Jenerik,Türkçe,Long-tail,h2h_saat,,,,,,,hayir,,,,,,,,,,,,,,,,,,,,,,,,,,,,,,,,hayır
borussia dortmund bayer leverkusen istatistikleri,Bundesliga,Futbol,Lig,1. Seviye,Üst,Erkek,Kulüp,Takım Sporu,Almanya,Yabancı,Yok,TV+ Yok,Yıllık,Sürekli Lig,İstatistik,Bilgi,Maç,Jenerik,İngilizce,Long-tail,h2h_ist,,,,,,,hayir,,,,,,,,,,,,,,,,,,,,,,,,,,,,,,,,hayır
borussia dortmund rb leipzig,Bundesliga,Futbol,Lig,1. Seviye,Üst,Erkek,Kulüp,Takım Sporu,Almanya,Yabancı,Yok,TV+ Yok,Yıllık,Sürekli Lig,Rakip Eşleşmesi,Bilgi,Maç,Jenerik,İngilizce,Body,h2h,5400,LOW,1,,,,evet,30,30,110,70,90,720,210,260,480,60500,1000,90,50,70,70,140,720,210,210,390,135000,3600,70,90,50,140,140,880,320,480,590,hayır
borussia dortmund rb leipzig maçı,Bundesliga,Futbol,Lig,1. Seviye,Üst,Erkek,Kulüp,Takım Sporu,Almanya,Yabancı,Yok,TV+ Yok,Yıllık,Sürekli Lig,Rakip Eşleşmesi,Bilgi,Maç,Jenerik,Türkçe,Long-tail,h2h_mac,,,,,,,hayir,,,,,,,,,,,,,,,,,,,,,,,,,,,,,,,,hayır
borussia dortmund rb leipzig canlı izle,Bundesliga,Futbol,Lig,1. Seviye,Üst,Erkek,Kulüp,Takım Sporu,Almanya,Yabancı,Yok,TV+ Yok,Yıllık,Sürekli Lig,Canlı İzle,İzleme,Maç,Jenerik,Türkçe,Long-tail,h2h_izle,10,,,,,,evet,0,0,0,0,0,10,0,0,0,20,0,0,0,0,0,0,10,0,0,0,10,0,0,0,0,0,0,0,0,0,0,hayır
borussia dortmund rb leipzig hangi kanalda,Bundesliga,Futbol,Lig,1. Seviye,Üst,Erkek,Kulüp,Takım Sporu,Almanya,Yabancı,Yok,TV+ Yok,Yıllık,Sürekli Lig,Kanal/Yayın,İzleme,Maç,Jenerik,İngilizce,Long-tail,h2h_kanal,20,,,,,,evet,0,0,0,0,0,20,0,0,0,210,0,0,0,0,0,0,10,10,0,0,390,10,0,0,0,0,0,0,0,0,0,hayır
borussia dortmund rb leipzig saat kaçta,Bundesliga,Futbol,Lig,1. Seviye,Üst,Erkek,Kulüp,Takım Sporu,Almanya,Yabancı,Yok,TV+ Yok,Yıllık,Sürekli Lig,Takvim/Saat,Bilgi,Maç,Jenerik,Türkçe,Long-tail,h2h_saat,,,,,,,hayir,,,,,,,,,,,,,,,,,,,,,,,,,,,,,,,,hayır
borussia dortmund rb leipzig istatistikleri,Bundesliga,Futbol,Lig,1. Seviye,Üst,Erkek,Kulüp,Takım Sporu,Almanya,Yabancı,Yok,TV+ Yok,Yıllık,Sürekli Lig,İstatistik,Bilgi,Maç,Jenerik,İngilizce,Long-tail,h2h_ist,590,,,,,,evet,0,0,10,10,10,110,20,20,40,6600,480,10,10,10,10,10,110,10,20,40,8100,720,0,0,0,0,0,0,0,0,0,hayır
bayer leverkusen rb leipzig,Bundesliga,Futbol,Lig,1. Seviye,Üst,Erkek,Kulüp,Takım Sporu,Almanya,Yabancı,Yok,TV+ Yok,Yıllık,Sürekli Lig,Rakip Eşleşmesi,Bilgi,Maç,Jenerik,İngilizce,Body,h2h,20,,,,,,evet,0,0,210,10,10,0,10,10,10,10,10,10,0,10,10,0,10,10,10,10,20,10,40,170,10,10,10,10,0,10,10,hayır
bayer leverkusen rb leipzig maçı,Bundesliga,Futbol,Lig,1. Seviye,Üst,Erkek,Kulüp,Takım Sporu,Almanya,Yabancı,Yok,TV+ Yok,Yıllık,Sürekli Lig,Rakip Eşleşmesi,Bilgi,Maç,Jenerik,Türkçe,Long-tail,h2h_mac,,,,,,,hayir,,,,,,,,,,,,,,,,,,,,,,,,,,,,,,,,hayır
bayer leverkusen rb leipzig canlı izle,Bundesliga,Futbol,Lig,1. Seviye,Üst,Erkek,Kulüp,Takım Sporu,Almanya,Yabancı,Yok,TV+ Yok,Yıllık,Sürekli Lig,Canlı İzle,İzleme,Maç,Jenerik,Türkçe,Long-tail,h2h_izle,10,,,,,,evet,0,0,10,0,0,0,0,0,0,0,0,0,0,0,0,0,0,0,0,0,0,0,0,0,0,0,0,0,0,0,0,hayır
bayer leverkusen rb leipzig hangi kanalda,Bundesliga,Futbol,Lig,1. Seviye,Üst,Erkek,Kulüp,Takım Sporu,Almanya,Yabancı,Yok,TV+ Yok,Yıllık,Sürekli Lig,Kanal/Yayın,İzleme,Maç,Jenerik,İngilizce,Long-tail,h2h_kanal,,,,,,,hayir,,,,,,,,,,,,,,,,,,,,,,,,,,,,,,,,hayır
bayer leverkusen rb leipzig saat kaçta,Bundesliga,Futbol,Lig,1. Seviye,Üst,Erkek,Kulüp,Takım Sporu,Almanya,Yabancı,Yok,TV+ Yok,Yıllık,Sürekli Lig,Takvim/Saat,Bilgi,Maç,Jenerik,Türkçe,Long-tail,h2h_saat,,,,,,,hayir,,,,,,,,,,,,,,,,,,,,,,,,,,,,,,,,hayır
bayer leverkusen rb leipzig istatistikleri,Bundesliga,Futbol,Lig,1. Seviye,Üst,Erkek,Kulüp,Takım Sporu,Almanya,Yabancı,Yok,TV+ Yok,Yıllık,Sürekli Lig,İstatistik,Bilgi,Maç,Jenerik,İngilizce,Long-tail,h2h_ist,,,,,,,hayir,,,,,,,,,,,,,,,,,,,,,,,,,,,,,,,,hayır
fenerbahçe beko anadolu efes,EuroLeague,Basketbol,Kıta Turnuvası,Kıta Üstü,Global Elit,Erkek,Kulüp,Takım Sporu,Avrupa,Uluslararası,Türk Takımı Var,TV+ Var,Yıllık,Sürekli Lig,Rakip Eşleşmesi,Bilgi,Maç,Jenerik,Türkçe,Body,h2h,9900,LOW,7,,,,evet,90,60500,1000,3600,140,480,18100,22200,590,4400,140,50,90,720,590,390,3600,390,12100,720,27100,8100,22200,170,210,74000,480,22200,1000,5400,390,hayır
fenerbahçe beko anadolu efes maçı,EuroLeague,Basketbol,Kıta Turnuvası,Kıta Üstü,Global Elit,Erkek,Kulüp,Takım Sporu,Avrupa,Uluslararası,Türk Takımı Var,TV+ Var,Yıllık,Sürekli Lig,Rakip Eşleşmesi,Bilgi,Maç,Jenerik,Türkçe,Long-tail,h2h_mac,1900,LOW,4,,,,evet,70,12100,590,140,140,480,4400,6600,320,210,20,20,30,590,170,390,320,260,2400,590,3600,880,4400,90,70,6600,140,1600,110,210,10,hayır
fenerbahçe beko anadolu efes canlı izle,EuroLeague,Basketbol,Kıta Turnuvası,Kıta Üstü,Global Elit,Erkek,Kulüp,Takım Sporu,Avrupa,Uluslararası,Türk Takımı Var,TV+ Var,Yıllık,Sürekli Lig,Canlı İzle,İzleme,Maç,Jenerik,Türkçe,Long-tail,h2h_izle,260,,,,,,evet,0,1000,10,140,10,10,880,480,10,210,10,10,10,10,20,10,70,10,390,20,1000,170,260,10,10,1300,10,1300,30,110,10,hayır
fenerbahçe beko anadolu efes hangi kanalda,EuroLeague,Basketbol,Kıta Turnuvası,Kıta Üstü,Global Elit,Erkek,Kulüp,Takım Sporu,Avrupa,Uluslararası,Türk Takımı Var,TV+ Var,Yıllık,Sürekli Lig,Kanal/Yayın,İzleme,Maç,Jenerik,Türkçe,Long-tail,h2h_kanal,320,LOW,0,,,,evet,10,1900,50,140,10,10,590,880,20,260,10,0,10,40,40,10,140,10,720,20,1300,1300,2400,10,10,4400,10,2400,20,1000,10,hayır
fenerbahçe beko anadolu efes saat kaçta,EuroLeague,Basketbol,Kıta Turnuvası,Kıta Üstü,Global Elit,Erkek,Kulüp,Takım Sporu,Avrupa,Uluslararası,Türk Takımı Var,TV+ Var,Yıllık,Sürekli Lig,Takvim/Saat,Bilgi,Maç,Jenerik,Türkçe,Long-tail,h2h_saat,10,,,,,,evet,0,10,10,10,0,0,10,10,0,10,0,0,0,10,0,0,10,0,10,0,20,10,20,0,10,20,0,10,10,10,10,hayır
fenerbahçe beko anadolu efes istatistikleri,EuroLeague,Basketbol,Kıta Turnuvası,Kıta Üstü,Global Elit,Erkek,Kulüp,Takım Sporu,Avrupa,Uluslararası,Türk Takımı Var,TV+ Var,Yıllık,Sürekli Lig,İstatistik,Bilgi,Maç,Jenerik,Türkçe,Long-tail,h2h_ist,3600,LOW,0,,,,evet,10,22200,110,20,10,110,8100,12100,10,10,10,0,10,10,10,20,90,30,5400,70,8100,70,170,10,10,1900,20,720,0,10,10,hayır
fenerbahçe beko beşiktaş basketbol,EuroLeague,Basketbol,Kıta Turnuvası,Kıta Üstü,Global Elit,Erkek,Kulüp,Takım Sporu,Avrupa,Uluslararası,Türk Takımı Var,TV+ Var,Yıllık,Sürekli Lig,Rakip Eşleşmesi,Bilgi,Maç,Jenerik,Türkçe,Body,h2h,260,LOW,4,,,,evet,10,720,210,140,20,390,880,20,10,20,880,20,30,6600,30,20,10,3600,110,0,0,0,0,0,0,0,0,0,0,0,0,hayır
fenerbahçe beko beşiktaş basketbol maçı,EuroLeague,Basketbol,Kıta Turnuvası,Kıta Üstü,Global Elit,Erkek,Kulüp,Takım Sporu,Avrupa,Uluslararası,Türk Takımı Var,TV+ Var,Yıllık,Sürekli Lig,Rakip Eşleşmesi,Bilgi,Maç,Jenerik,Türkçe,Long-tail,h2h_mac,1600,LOW,7,,,,evet,40,8100,2400,30,170,5400,170,30,30,50,2900,20,140,18100,320,10,10,590,40,10,0,10,10,10,10,50,30,210,10,30,0,hayır
fenerbahçe beko beşiktaş basketbol canlı izle,EuroLeague,Basketbol,Kıta Turnuvası,Kıta Üstü,Global Elit,Erkek,Kulüp,Takım Sporu,Avrupa,Uluslararası,Türk Takımı Var,TV+ Var,Yıllık,Sürekli Lig,Canlı İzle,İzleme,Maç,Jenerik,Türkçe,Long-tail,h2h_izle,,,,,,,hayir,,,,,,,,,,,,,,,,,,,,,,,,,,,,,,,,hayır
fenerbahçe beko beşiktaş basketbol hangi kanalda,EuroLeague,Basketbol,Kıta Turnuvası,Kıta Üstü,Global Elit,Erkek,Kulüp,Takım Sporu,Avrupa,Uluslararası,Türk Takımı Var,TV+ Var,Yıllık,Sürekli Lig,Kanal/Yayın,İzleme,Maç,Jenerik,Türkçe,Long-tail,h2h_kanal,10,,,,,,evet,0,90,10,0,0,20,10,0,10,10,20,0,0,170,0,0,0,0,0,0,0,0,0,0,0,0,0,0,0,0,0,hayır
fenerbahçe beko beşiktaş basketbol saat kaçta,EuroLeague,Basketbol,Kıta Turnuvası,Kıta Üstü,Global Elit,Erkek,Kulüp,Takım Sporu,Avrupa,Uluslararası,Türk Takımı Var,TV+ Var,Yıllık,Sürekli Lig,Takvim/Saat,Bilgi,Maç,Jenerik,Türkçe,Long-tail,h2h_saat,,,,,,,hayir,,,,,,,,,,,,,,,,,,,,,,,,,,,,,,,,hayır
fenerbahçe beko beşiktaş basketbol istatistikleri,EuroLeague,Basketbol,Kıta Turnuvası,Kıta Üstü,Global Elit,Erkek,Kulüp,Takım Sporu,Avrupa,Uluslararası,Türk Takımı Var,TV+ Var,Yıllık,Sürekli Lig,İstatistik,Bilgi,Maç,Jenerik,Türkçe,Long-tail,h2h_ist,,,,,,,hayir,,,,,,,,,,,,,,,,,,,,,,,,,,,,,,,,hayır
fenerbahçe beko real madrid basketbol,EuroLeague,Basketbol,Kıta Turnuvası,Kıta Üstü,Global Elit,Erkek,Kulüp,Takım Sporu,Avrupa,Uluslararası,Türk Takımı Var,TV+ Var,Yıllık,Sürekli Lig,Rakip Eşleşmesi,Bilgi,Maç,Jenerik,Türkçe,Long-tail,h2h,10,,,,,,evet,0,0,10,50,10,10,0,10,10,20,0,10,0,0,10,10,10,90,0,0,0,0,0,0,0,0,0,0,0,0,0,hayır
fenerbahçe beko real madrid basketbol maçı,EuroLeague,Basketbol,Kıta Turnuvası,Kıta Üstü,Global Elit,Erkek,Kulüp,Takım Sporu,Avrupa,Uluslararası,Türk Takımı Var,TV+ Var,Yıllık,Sürekli Lig,Rakip Eşleşmesi,Bilgi,Maç,Jenerik,Türkçe,Long-tail,h2h_mac,10,LOW,0,,,,evet,10,0,10,90,10,10,10,10,10,10,0,0,0,10,30,20,10,170,10,20,10,10,10,0,0,0,0,0,10,10,0,hayır
fenerbahçe beko real madrid basketbol canlı izle,EuroLeague,Basketbol,Kıta Turnuvası,Kıta Üstü,Global Elit,Erkek,Kulüp,Takım Sporu,Avrupa,Uluslararası,Türk Takımı Var,TV+ Var,Yıllık,Sürekli Lig,Canlı İzle,İzleme,Maç,Jenerik,Türkçe,Long-tail,h2h_izle,,,,,,,hayir,,,,,,,,,,,,,,,,,,,,,,,,,,,,,,,,hayır
fenerbahçe beko real madrid basketbol hangi kanalda,EuroLeague,Basketbol,Kıta Turnuvası,Kıta Üstü,Global Elit,Erkek,Kulüp,Takım Sporu,Avrupa,Uluslararası,Türk Takımı Var,TV+ Var,Yıllık,Sürekli Lig,Kanal/Yayın,İzleme,Maç,Jenerik,Türkçe,Long-tail,h2h_kanal,,,,,,,hayir,,,,,,,,,,,,,,,,,,,,,,,,,,,,,,,,hayır
fenerbahçe beko real madrid basketbol saat kaçta,EuroLeague,Basketbol,Kıta Turnuvası,Kıta Üstü,Global Elit,Erkek,Kulüp,Takım Sporu,Avrupa,Uluslararası,Türk Takımı Var,TV+ Var,Yıllık,Sürekli Lig,Takvim/Saat,Bilgi,Maç,Jenerik,Türkçe,Long-tail,h2h_saat,,,,,,,hayir,,,,,,,,,,,,,,,,,,,,,,,,,,,,,,,,hayır
fenerbahçe beko real madrid basketbol istatistikleri,EuroLeague,Basketbol,Kıta Turnuvası,Kıta Üstü,Global Elit,Erkek,Kulüp,Takım Sporu,Avrupa,Uluslararası,Türk Takımı Var,TV+ Var,Yıllık,Sürekli Lig,İstatistik,Bilgi,Maç,Jenerik,Türkçe,Long-tail,h2h_ist,,,,,,,hayir,,,,,,,,,,,,,,,,,,,,,,,,,,,,,,,,hayır
fenerbahçe beko barcelona basketbol,EuroLeague,Basketbol,Kıta Turnuvası,Kıta Üstü,Global Elit,Erkek,Kulüp,Takım Sporu,Avrupa,Uluslararası,Türk Takımı Var,TV+ Var,Yıllık,Sürekli Lig,Rakip Eşleşmesi,Bilgi,Maç,Jenerik,Türkçe,Body,h2h,,,,,,,hayir,,,,,,,,,,,,,,,,,,,,,,,,,,,,,,,,hayır
fenerbahçe beko barcelona basketbol maçı,EuroLeague,Basketbol,Kıta Turnuvası,Kıta Üstü,Global Elit,Erkek,Kulüp,Takım Sporu,Avrupa,Uluslararası,Türk Takımı Var,TV+ Var,Yıllık,Sürekli Lig,Rakip Eşleşmesi,Bilgi,Maç,Jenerik,Türkçe,Long-tail,h2h_mac,10,,,,,,evet,0,0,10,10,10,30,10,50,0,0,0,0,0,0,0,0,0,0,0,0,0,0,0,0,0,0,0,0,0,0,0,hayır
fenerbahçe beko barcelona basketbol canlı izle,EuroLeague,Basketbol,Kıta Turnuvası,Kıta Üstü,Global Elit,Erkek,Kulüp,Takım Sporu,Avrupa,Uluslararası,Türk Takımı Var,TV+ Var,Yıllık,Sürekli Lig,Canlı İzle,İzleme,Maç,Jenerik,Türkçe,Long-tail,h2h_izle,,,,,,,hayir,,,,,,,,,,,,,,,,,,,,,,,,,,,,,,,,hayır
fenerbahçe beko barcelona basketbol hangi kanalda,EuroLeague,Basketbol,Kıta Turnuvası,Kıta Üstü,Global Elit,Erkek,Kulüp,Takım Sporu,Avrupa,Uluslararası,Türk Takımı Var,TV+ Var,Yıllık,Sürekli Lig,Kanal/Yayın,İzleme,Maç,Jenerik,Türkçe,Long-tail,h2h_kanal,,,,,,,hayir,,,,,,,,,,,,,,,,,,,,,,,,,,,,,,,,hayır
fenerbahçe beko barcelona basketbol saat kaçta,EuroLeague,Basketbol,Kıta Turnuvası,Kıta Üstü,Global Elit,Erkek,Kulüp,Takım Sporu,Avrupa,Uluslararası,Türk Takımı Var,TV+ Var,Yıllık,Sürekli Lig,Takvim/Saat,Bilgi,Maç,Jenerik,Türkçe,Long-tail,h2h_saat,,,,,,,hayir,,,,,,,,,,,,,,,,,,,,,,,,,,,,,,,,hayır
fenerbahçe beko barcelona basketbol istatistikleri,EuroLeague,Basketbol,Kıta Turnuvası,Kıta Üstü,Global Elit,Erkek,Kulüp,Takım Sporu,Avrupa,Uluslararası,Türk Takımı Var,TV+ Var,Yıllık,Sürekli Lig,İstatistik,Bilgi,Maç,Jenerik,Türkçe,Long-tail,h2h_ist,,,,,,,hayir,,,,,,,,,,,,,,,,,,,,,,,,,,,,,,,,hayır
fenerbahçe beko panathinaikos,EuroLeague,Basketbol,Kıta Turnuvası,Kıta Üstü,Global Elit,Erkek,Kulüp,Takım Sporu,Avrupa,Uluslararası,Türk Takımı Var,TV+ Var,Yıllık,Sürekli Lig,Rakip Eşleşmesi,Bilgi,Maç,Jenerik,Türkçe,Body,h2h,2900,LOW,4,,,,evet,50,90,480,140,260,14800,390,18100,390,320,320,140,170,720,90500,720,390,5400,260,170,480,18100,260,70,110,390,60500,260,880,4400,480,hayır
fenerbahçe beko panathinaikos maçı,EuroLeague,Basketbol,Kıta Turnuvası,Kıta Üstü,Global Elit,Erkek,Kulüp,Takım Sporu,Avrupa,Uluslararası,Türk Takımı Var,TV+ Var,Yıllık,Sürekli Lig,Rakip Eşleşmesi,Bilgi,Maç,Jenerik,Türkçe,Body,h2h_mac,480,,,,,,evet,0,10,10,20,30,3600,40,1600,10,10,10,10,10,30,3600,10,10,110,10,10,40,1900,10,10,10,10,1300,10,20,40,10,hayır
fenerbahçe beko panathinaikos canlı izle,EuroLeague,Basketbol,Kıta Turnuvası,Kıta Üstü,Global Elit,Erkek,Kulüp,Takım Sporu,Avrupa,Uluslararası,Türk Takımı Var,TV+ Var,Yıllık,Sürekli Lig,Canlı İzle,İzleme,Maç,Jenerik,Türkçe,Long-tail,h2h_izle,90,,,,,,evet,0,10,30,10,10,720,10,320,10,10,10,10,10,10,4400,10,10,140,10,10,10,880,10,10,10,20,5400,20,10,390,10,hayır
fenerbahçe beko panathinaikos hangi kanalda,EuroLeague,Basketbol,Kıta Turnuvası,Kıta Üstü,Global Elit,Erkek,Kulüp,Takım Sporu,Avrupa,Uluslararası,Türk Takımı Var,TV+ Var,Yıllık,Sürekli Lig,Kanal/Yayın,İzleme,Maç,Jenerik,Türkçe,Long-tail,h2h_kanal,170,LOW,0,,,,evet,10,0,20,10,10,880,20,880,10,10,10,0,10,20,2400,10,10,390,40,40,20,590,10,20,10,90,9900,10,10,170,10,hayır
fenerbahçe beko panathinaikos saat kaçta,EuroLeague,Basketbol,Kıta Turnuvası,Kıta Üstü,Global Elit,Erkek,Kulüp,Takım Sporu,Avrupa,Uluslararası,Türk Takımı Var,TV+ Var,Yıllık,Sürekli Lig,Takvim/Saat,Bilgi,Maç,Jenerik,Türkçe,Long-tail,h2h_saat,10,,,,,,evet,0,0,0,0,0,10,0,10,0,0,10,0,0,0,140,0,0,10,0,0,0,10,0,0,0,0,0,0,0,0,0,hayır
fenerbahçe beko panathinaikos istatistikleri,EuroLeague,Basketbol,Kıta Turnuvası,Kıta Üstü,Global Elit,Erkek,Kulüp,Takım Sporu,Avrupa,Uluslararası,Türk Takımı Var,TV+ Var,Yıllık,Sürekli Lig,İstatistik,Bilgi,Maç,Jenerik,Türkçe,Body,h2h_ist,,,,,,,hayir,,,,,,,,,,,,,,,,,,,,,,,,,,,,,,,,hayır
anadolu efes beşiktaş basketbol,EuroLeague,Basketbol,Kıta Turnuvası,Kıta Üstü,Global Elit,Erkek,Kulüp,Takım Sporu,Avrupa,Uluslararası,Türk Takımı Var,TV+ Var,Yıllık,Sürekli Lig,Rakip Eşleşmesi,Bilgi,Maç,Jenerik,Türkçe,Body,h2h,10,LOW,0,,,,evet,10,10,10,10,50,10,10,10,10,10,10,10,10,880,70,0,0,0,0,0,0,0,0,0,0,0,0,0,0,0,0,hayır
anadolu efes beşiktaş basketbol maçı,EuroLeague,Basketbol,Kıta Turnuvası,Kıta Üstü,Global Elit,Erkek,Kulüp,Takım Sporu,Avrupa,Uluslararası,Türk Takımı Var,TV+ Var,Yıllık,Sürekli Lig,Rakip Eşleşmesi,Bilgi,Maç,Jenerik,Türkçe,Long-tail,h2h_mac,10,LOW,0,,,,evet,10,0,10,10,50,50,10,10,30,10,10,0,0,880,140,10,10,20,10,10,0,10,10,0,0,0,10,50,10,10,10,hayır
anadolu efes beşiktaş basketbol canlı izle,EuroLeague,Basketbol,Kıta Turnuvası,Kıta Üstü,Global Elit,Erkek,Kulüp,Takım Sporu,Avrupa,Uluslararası,Türk Takımı Var,TV+ Var,Yıllık,Sürekli Lig,Canlı İzle,İzleme,Maç,Jenerik,Türkçe,Long-tail,h2h_izle,,,,,,,hayir,,,,,,,,,,,,,,,,,,,,,,,,,,,,,,,,hayır
anadolu efes beşiktaş basketbol hangi kanalda,EuroLeague,Basketbol,Kıta Turnuvası,Kıta Üstü,Global Elit,Erkek,Kulüp,Takım Sporu,Avrupa,Uluslararası,Türk Takımı Var,TV+ Var,Yıllık,Sürekli Lig,Kanal/Yayın,İzleme,Maç,Jenerik,Türkçe,Long-tail,h2h_kanal,,,,,,,hayir,,,,,,,,,,,,,,,,,,,,,,,,,,,,,,,,hayır
anadolu efes beşiktaş basketbol saat kaçta,EuroLeague,Basketbol,Kıta Turnuvası,Kıta Üstü,Global Elit,Erkek,Kulüp,Takım Sporu,Avrupa,Uluslararası,Türk Takımı Var,TV+ Var,Yıllık,Sürekli Lig,Takvim/Saat,Bilgi,Maç,Jenerik,Türkçe,Long-tail,h2h_saat,,,,,,,hayir,,,,,,,,,,,,,,,,,,,,,,,,,,,,,,,,hayır
anadolu efes beşiktaş basketbol istatistikleri,EuroLeague,Basketbol,Kıta Turnuvası,Kıta Üstü,Global Elit,Erkek,Kulüp,Takım Sporu,Avrupa,Uluslararası,Türk Takımı Var,TV+ Var,Yıllık,Sürekli Lig,İstatistik,Bilgi,Maç,Jenerik,Türkçe,Long-tail,h2h_ist,,,,,,,hayir,,,,,,,,,,,,,,,,,,,,,,,,,,,,,,,,hayır
anadolu efes real madrid basketbol,EuroLeague,Basketbol,Kıta Turnuvası,Kıta Üstü,Global Elit,Erkek,Kulüp,Takım Sporu,Avrupa,Uluslararası,Türk Takımı Var,TV+ Var,Yıllık,Sürekli Lig,Rakip Eşleşmesi,Bilgi,Maç,Jenerik,İngilizce,Long-tail,h2h,10,,,,,,evet,0,0,10,0,10,0,10,30,10,0,0,10,0,0,0,10,0,30,10,10,10,0,10,0,0,0,10,0,0,10,10,hayır
anadolu efes real madrid basketbol maçı,EuroLeague,Basketbol,Kıta Turnuvası,Kıta Üstü,Global Elit,Erkek,Kulüp,Takım Sporu,Avrupa,Uluslararası,Türk Takımı Var,TV+ Var,Yıllık,Sürekli Lig,Rakip Eşleşmesi,Bilgi,Maç,Jenerik,Türkçe,Long-tail,h2h_mac,10,,,,,,evet,0,10,0,0,10,10,10,40,10,10,0,10,10,0,10,0,10,70,10,10,20,10,0,0,0,10,10,10,0,10,20,hayır
anadolu efes real madrid basketbol canlı izle,EuroLeague,Basketbol,Kıta Turnuvası,Kıta Üstü,Global Elit,Erkek,Kulüp,Takım Sporu,Avrupa,Uluslararası,Türk Takımı Var,TV+ Var,Yıllık,Sürekli Lig,Canlı İzle,İzleme,Maç,Jenerik,Türkçe,Long-tail,h2h_izle,,,,,,,hayir,,,,,,,,,,,,,,,,,,,,,,,,,,,,,,,,hayır
anadolu efes real madrid basketbol hangi kanalda,EuroLeague,Basketbol,Kıta Turnuvası,Kıta Üstü,Global Elit,Erkek,Kulüp,Takım Sporu,Avrupa,Uluslararası,Türk Takımı Var,TV+ Var,Yıllık,Sürekli Lig,Kanal/Yayın,İzleme,Maç,Jenerik,İngilizce,Long-tail,h2h_kanal,,,,,,,hayir,,,,,,,,,,,,,,,,,,,,,,,,,,,,,,,,hayır
anadolu efes real madrid basketbol saat kaçta,EuroLeague,Basketbol,Kıta Turnuvası,Kıta Üstü,Global Elit,Erkek,Kulüp,Takım Sporu,Avrupa,Uluslararası,Türk Takımı Var,TV+ Var,Yıllık,Sürekli Lig,Takvim/Saat,Bilgi,Maç,Jenerik,Türkçe,Long-tail,h2h_saat,,,,,,,hayir,,,,,,,,,,,,,,,,,,,,,,,,,,,,,,,,hayır
anadolu efes real madrid basketbol istatistikleri,EuroLeague,Basketbol,Kıta Turnuvası,Kıta Üstü,Global Elit,Erkek,Kulüp,Takım Sporu,Avrupa,Uluslararası,Türk Takımı Var,TV+ Var,Yıllık,Sürekli Lig,İstatistik,Bilgi,Maç,Jenerik,İngilizce,Long-tail,h2h_ist,,,,,,,hayir,,,,,,,,,,,,,,,,,,,,,,,,,,,,,,,,hayır
anadolu efes barcelona basketbol,EuroLeague,Basketbol,Kıta Turnuvası,Kıta Üstü,Global Elit,Erkek,Kulüp,Takım Sporu,Avrupa,Uluslararası,Türk Takımı Var,TV+ Var,Yıllık,Sürekli Lig,Rakip Eşleşmesi,Bilgi,Maç,Jenerik,İngilizce,Body,h2h,10,,,,,,evet,0,0,0,10,10,0,10,0,10,10,10,10,0,0,0,10,10,0,10,0,0,10,0,0,10,0,0,0,0,10,20,hayır
anadolu efes barcelona basketbol maçı,EuroLeague,Basketbol,Kıta Turnuvası,Kıta Üstü,Global Elit,Erkek,Kulüp,Takım Sporu,Avrupa,Uluslararası,Türk Takımı Var,TV+ Var,Yıllık,Sürekli Lig,Rakip Eşleşmesi,Bilgi,Maç,Jenerik,Türkçe,Long-tail,h2h_mac,10,,,,,,evet,0,10,10,20,10,0,0,0,40,0,0,10,0,0,10,10,0,10,10,10,10,10,0,10,0,10,0,0,0,0,20,hayır
anadolu efes barcelona basketbol canlı izle,EuroLeague,Basketbol,Kıta Turnuvası,Kıta Üstü,Global Elit,Erkek,Kulüp,Takım Sporu,Avrupa,Uluslararası,Türk Takımı Var,TV+ Var,Yıllık,Sürekli Lig,Canlı İzle,İzleme,Maç,Jenerik,Türkçe,Long-tail,h2h_izle,,,,,,,hayir,,,,,,,,,,,,,,,,,,,,,,,,,,,,,,,,hayır
anadolu efes barcelona basketbol hangi kanalda,EuroLeague,Basketbol,Kıta Turnuvası,Kıta Üstü,Global Elit,Erkek,Kulüp,Takım Sporu,Avrupa,Uluslararası,Türk Takımı Var,TV+ Var,Yıllık,Sürekli Lig,Kanal/Yayın,İzleme,Maç,Jenerik,İngilizce,Long-tail,h2h_kanal,,,,,,,hayir,,,,,,,,,,,,,,,,,,,,,,,,,,,,,,,,hayır
anadolu efes barcelona basketbol saat kaçta,EuroLeague,Basketbol,Kıta Turnuvası,Kıta Üstü,Global Elit,Erkek,Kulüp,Takım Sporu,Avrupa,Uluslararası,Türk Takımı Var,TV+ Var,Yıllık,Sürekli Lig,Takvim/Saat,Bilgi,Maç,Jenerik,Türkçe,Long-tail,h2h_saat,,,,,,,hayir,,,,,,,,,,,,,,,,,,,,,,,,,,,,,,,,hayır
anadolu efes barcelona basketbol istatistikleri,EuroLeague,Basketbol,Kıta Turnuvası,Kıta Üstü,Global Elit,Erkek,Kulüp,Takım Sporu,Avrupa,Uluslararası,Türk Takımı Var,TV+ Var,Yıllık,Sürekli Lig,İstatistik,Bilgi,Maç,Jenerik,İngilizce,Long-tail,h2h_ist,,,,,,,hayir,,,,,,,,,,,,,,,,,,,,,,,,,,,,,,,,hayır
anadolu efes panathinaikos,EuroLeague,Basketbol,Kıta Turnuvası,Kıta Üstü,Global Elit,Erkek,Kulüp,Takım Sporu,Avrupa,Uluslararası,Türk Takımı Var,TV+ Var,Yıllık,Sürekli Lig,Rakip Eşleşmesi,Bilgi,Maç,Jenerik,İngilizce,Body,h2h,6600,LOW,2,,,,evet,20,40,70,390,140,170,260,320,480,74000,1300,170,170,590,368000,368000,140,1600,390,49500,1000,480,2900,50,20,30,110,90,170,90,1600,hayır
anadolu efes panathinaikos maçı,EuroLeague,Basketbol,Kıta Turnuvası,Kıta Üstü,Global Elit,Erkek,Kulüp,Takım Sporu,Avrupa,Uluslararası,Türk Takımı Var,TV+ Var,Yıllık,Sürekli Lig,Rakip Eşleşmesi,Bilgi,Maç,Jenerik,Türkçe,Body,h2h_mac,90,,,,,,evet,0,0,10,20,0,10,10,10,10,1000,10,10,10,10,2400,4400,10,170,20,2400,20,10,210,10,0,10,10,10,10,10,90,hayır
anadolu efes panathinaikos canlı izle,EuroLeague,Basketbol,Kıta Turnuvası,Kıta Üstü,Global Elit,Erkek,Kulüp,Takım Sporu,Avrupa,Uluslararası,Türk Takımı Var,TV+ Var,Yıllık,Sürekli Lig,Canlı İzle,İzleme,Maç,Jenerik,Türkçe,Long-tail,h2h_izle,50,,,,,,evet,0,10,10,20,10,10,10,10,10,590,10,10,10,10,3600,2400,0,40,0,110,0,10,30,0,10,0,10,10,10,0,70,hayır
anadolu efes panathinaikos hangi kanalda,EuroLeague,Basketbol,Kıta Turnuvası,Kıta Üstü,Global Elit,Erkek,Kulüp,Takım Sporu,Avrupa,Uluslararası,Türk Takımı Var,TV+ Var,Yıllık,Sürekli Lig,Kanal/Yayın,İzleme,Maç,Jenerik,İngilizce,Long-tail,h2h_kanal,40,,,,,,evet,0,0,10,10,10,0,10,10,10,480,10,10,0,0,2400,1000,10,30,0,170,10,10,50,10,10,10,10,10,10,0,90,hayır
anadolu efes panathinaikos saat kaçta,EuroLeague,Basketbol,Kıta Turnuvası,Kıta Üstü,Global Elit,Erkek,Kulüp,Takım Sporu,Avrupa,Uluslararası,Türk Takımı Var,TV+ Var,Yıllık,Sürekli Lig,Takvim/Saat,Bilgi,Maç,Jenerik,Türkçe,Long-tail,h2h_saat,,,,,,,hayir,,,,,,,,,,,,,,,,,,,,,,,,,,,,,,,,hayır
anadolu efes panathinaikos istatistikleri,EuroLeague,Basketbol,Kıta Turnuvası,Kıta Üstü,Global Elit,Erkek,Kulüp,Takım Sporu,Avrupa,Uluslararası,Türk Takımı Var,TV+ Var,Yıllık,Sürekli Lig,İstatistik,Bilgi,Maç,Jenerik,İngilizce,Body,h2h_ist,,,,,,,hayir,,,,,,,,,,,,,,,,,,,,,,,,,,,,,,,,hayır
beşiktaş basketbol real madrid basketbol,EuroLeague,Basketbol,Kıta Turnuvası,Kıta Üstü,Global Elit,Erkek,Kulüp,Takım Sporu,Avrupa,Uluslararası,Türk Takımı Var,TV+ Var,Yıllık,Sürekli Lig,Rakip Eşleşmesi,Bilgi,Maç,Jenerik,Türkçe,Long-tail,h2h,,,,,,,hayir,,,,,,,,,,,,,,,,,,,,,,,,,,,,,,,,hayır
beşiktaş basketbol real madrid basketbol maçı,EuroLeague,Basketbol,Kıta Turnuvası,Kıta Üstü,Global Elit,Erkek,Kulüp,Takım Sporu,Avrupa,Uluslararası,Türk Takımı Var,TV+ Var,Yıllık,Sürekli Lig,Rakip Eşleşmesi,Bilgi,Maç,Jenerik,Türkçe,Long-tail,h2h_mac,,,,,,,hayir,,,,,,,,,,,,,,,,,,,,,,,,,,,,,,,,hayır
beşiktaş basketbol real madrid basketbol canlı izle,EuroLeague,Basketbol,Kıta Turnuvası,Kıta Üstü,Global Elit,Erkek,Kulüp,Takım Sporu,Avrupa,Uluslararası,Türk Takımı Var,TV+ Var,Yıllık,Sürekli Lig,Canlı İzle,İzleme,Maç,Jenerik,Türkçe,Long-tail,h2h_izle,,,,,,,hayir,,,,,,,,,,,,,,,,,,,,,,,,,,,,,,,,hayır
beşiktaş basketbol real madrid basketbol hangi kanalda,EuroLeague,Basketbol,Kıta Turnuvası,Kıta Üstü,Global Elit,Erkek,Kulüp,Takım Sporu,Avrupa,Uluslararası,Türk Takımı Var,TV+ Var,Yıllık,Sürekli Lig,Kanal/Yayın,İzleme,Maç,Jenerik,Türkçe,Long-tail,h2h_kanal,,,,,,,hayir,,,,,,,,,,,,,,,,,,,,,,,,,,,,,,,,hayır
beşiktaş basketbol real madrid basketbol saat kaçta,EuroLeague,Basketbol,Kıta Turnuvası,Kıta Üstü,Global Elit,Erkek,Kulüp,Takım Sporu,Avrupa,Uluslararası,Türk Takımı Var,TV+ Var,Yıllık,Sürekli Lig,Takvim/Saat,Bilgi,Maç,Jenerik,Türkçe,Long-tail,h2h_saat,,,,,,,hayir,,,,,,,,,,,,,,,,,,,,,,,,,,,,,,,,hayır
beşiktaş basketbol real madrid basketbol istatistikleri,EuroLeague,Basketbol,Kıta Turnuvası,Kıta Üstü,Global Elit,Erkek,Kulüp,Takım Sporu,Avrupa,Uluslararası,Türk Takımı Var,TV+ Var,Yıllık,Sürekli Lig,İstatistik,Bilgi,Maç,Jenerik,Türkçe,Long-tail,h2h_ist,,,,,,,hayir,,,,,,,,,,,,,,,,,,,,,,,,,,,,,,,,hayır
beşiktaş basketbol barcelona basketbol,EuroLeague,Basketbol,Kıta Turnuvası,Kıta Üstü,Global Elit,Erkek,Kulüp,Takım Sporu,Avrupa,Uluslararası,Türk Takımı Var,TV+ Var,Yıllık,Sürekli Lig,Rakip Eşleşmesi,Bilgi,Maç,Jenerik,Türkçe,Body,h2h,,,,,,,hayir,,,,,,,,,,,,,,,,,,,,,,,,,,,,,,,,hayır
beşiktaş basketbol barcelona basketbol maçı,EuroLeague,Basketbol,Kıta Turnuvası,Kıta Üstü,Global Elit,Erkek,Kulüp,Takım Sporu,Avrupa,Uluslararası,Türk Takımı Var,TV+ Var,Yıllık,Sürekli Lig,Rakip Eşleşmesi,Bilgi,Maç,Jenerik,Türkçe,Long-tail,h2h_mac,,,,,,,hayir,,,,,,,,,,,,,,,,,,,,,,,,,,,,,,,,hayır
beşiktaş basketbol barcelona basketbol canlı izle,EuroLeague,Basketbol,Kıta Turnuvası,Kıta Üstü,Global Elit,Erkek,Kulüp,Takım Sporu,Avrupa,Uluslararası,Türk Takımı Var,TV+ Var,Yıllık,Sürekli Lig,Canlı İzle,İzleme,Maç,Jenerik,Türkçe,Long-tail,h2h_izle,,,,,,,hayir,,,,,,,,,,,,,,,,,,,,,,,,,,,,,,,,hayır
beşiktaş basketbol barcelona basketbol hangi kanalda,EuroLeague,Basketbol,Kıta Turnuvası,Kıta Üstü,Global Elit,Erkek,Kulüp,Takım Sporu,Avrupa,Uluslararası,Türk Takımı Var,TV+ Var,Yıllık,Sürekli Lig,Kanal/Yayın,İzleme,Maç,Jenerik,Türkçe,Long-tail,h2h_kanal,,,,,,,hayir,,,,,,,,,,,,,,,,,,,,,,,,,,,,,,,,hayır
beşiktaş basketbol barcelona basketbol saat kaçta,EuroLeague,Basketbol,Kıta Turnuvası,Kıta Üstü,Global Elit,Erkek,Kulüp,Takım Sporu,Avrupa,Uluslararası,Türk Takımı Var,TV+ Var,Yıllık,Sürekli Lig,Takvim/Saat,Bilgi,Maç,Jenerik,Türkçe,Long-tail,h2h_saat,,,,,,,hayir,,,,,,,,,,,,,,,,,,,,,,,,,,,,,,,,hayır
beşiktaş basketbol barcelona basketbol istatistikleri,EuroLeague,Basketbol,Kıta Turnuvası,Kıta Üstü,Global Elit,Erkek,Kulüp,Takım Sporu,Avrupa,Uluslararası,Türk Takımı Var,TV+ Var,Yıllık,Sürekli Lig,İstatistik,Bilgi,Maç,Jenerik,Türkçe,Long-tail,h2h_ist,,,,,,,hayir,,,,,,,,,,,,,,,,,,,,,,,,,,,,,,,,hayır
beşiktaş basketbol panathinaikos,EuroLeague,Basketbol,Kıta Turnuvası,Kıta Üstü,Global Elit,Erkek,Kulüp,Takım Sporu,Avrupa,Uluslararası,Türk Takımı Var,TV+ Var,Yıllık,Sürekli Lig,Rakip Eşleşmesi,Bilgi,Maç,Jenerik,Türkçe,Body,h2h,,,,,,,hayir,,,,,,,,,,,,,,,,,,,,,,,,,,,,,,,,hayır
beşiktaş basketbol panathinaikos maçı,EuroLeague,Basketbol,Kıta Turnuvası,Kıta Üstü,Global Elit,Erkek,Kulüp,Takım Sporu,Avrupa,Uluslararası,Türk Takımı Var,TV+ Var,Yıllık,Sürekli Lig,Rakip Eşleşmesi,Bilgi,Maç,Jenerik,Türkçe,Body,h2h_mac,,,,,,,hayir,,,,,,,,,,,,,,,,,,,,,,,,,,,,,,,,hayır
beşiktaş basketbol panathinaikos canlı izle,EuroLeague,Basketbol,Kıta Turnuvası,Kıta Üstü,Global Elit,Erkek,Kulüp,Takım Sporu,Avrupa,Uluslararası,Türk Takımı Var,TV+ Var,Yıllık,Sürekli Lig,Canlı İzle,İzleme,Maç,Jenerik,Türkçe,Long-tail,h2h_izle,,,,,,,hayir,,,,,,,,,,,,,,,,,,,,,,,,,,,,,,,,hayır
beşiktaş basketbol panathinaikos hangi kanalda,EuroLeague,Basketbol,Kıta Turnuvası,Kıta Üstü,Global Elit,Erkek,Kulüp,Takım Sporu,Avrupa,Uluslararası,Türk Takımı Var,TV+ Var,Yıllık,Sürekli Lig,Kanal/Yayın,İzleme,Maç,Jenerik,Türkçe,Long-tail,h2h_kanal,,,,,,,hayir,,,,,,,,,,,,,,,,,,,,,,,,,,,,,,,,hayır
beşiktaş basketbol panathinaikos saat kaçta,EuroLeague,Basketbol,Kıta Turnuvası,Kıta Üstü,Global Elit,Erkek,Kulüp,Takım Sporu,Avrupa,Uluslararası,Türk Takımı Var,TV+ Var,Yıllık,Sürekli Lig,Takvim/Saat,Bilgi,Maç,Jenerik,Türkçe,Long-tail,h2h_saat,,,,,,,hayir,,,,,,,,,,,,,,,,,,,,,,,,,,,,,,,,hayır
beşiktaş basketbol panathinaikos istatistikleri,EuroLeague,Basketbol,Kıta Turnuvası,Kıta Üstü,Global Elit,Erkek,Kulüp,Takım Sporu,Avrupa,Uluslararası,Türk Takımı Var,TV+ Var,Yıllık,Sürekli Lig,İstatistik,Bilgi,Maç,Jenerik,Türkçe,Body,h2h_ist,,,,,,,hayir,,,,,,,,,,,,,,,,,,,,,,,,,,,,,,,,hayır
real madrid basketbol barcelona basketbol,EuroLeague,Basketbol,Kıta Turnuvası,Kıta Üstü,Global Elit,Erkek,Kulüp,Takım Sporu,Avrupa,Uluslararası,Türk Takımı Var,TV+ Var,Yıllık,Sürekli Lig,Rakip Eşleşmesi,Bilgi,Maç,Jenerik,İngilizce,Long-tail,h2h,,,,,,,hayir,,,,,,,,,,,,,,,,,,,,,,,,,,,,,,,,hayır
real madrid basketbol barcelona basketbol maçı,EuroLeague,Basketbol,Kıta Turnuvası,Kıta Üstü,Global Elit,Erkek,Kulüp,Takım Sporu,Avrupa,Uluslararası,Türk Takımı Var,TV+ Var,Yıllık,Sürekli Lig,Rakip Eşleşmesi,Bilgi,Maç,Jenerik,Türkçe,Long-tail,h2h_mac,,,,,,,hayir,,,,,,,,,,,,,,,,,,,,,,,,,,,,,,,,hayır
real madrid basketbol barcelona basketbol canlı izle,EuroLeague,Basketbol,Kıta Turnuvası,Kıta Üstü,Global Elit,Erkek,Kulüp,Takım Sporu,Avrupa,Uluslararası,Türk Takımı Var,TV+ Var,Yıllık,Sürekli Lig,Canlı İzle,İzleme,Maç,Jenerik,Türkçe,Long-tail,h2h_izle,,,,,,,hayir,,,,,,,,,,,,,,,,,,,,,,,,,,,,,,,,hayır
real madrid basketbol barcelona basketbol hangi kanalda,EuroLeague,Basketbol,Kıta Turnuvası,Kıta Üstü,Global Elit,Erkek,Kulüp,Takım Sporu,Avrupa,Uluslararası,Türk Takımı Var,TV+ Var,Yıllık,Sürekli Lig,Kanal/Yayın,İzleme,Maç,Jenerik,İngilizce,Long-tail,h2h_kanal,,,,,,,hayir,,,,,,,,,,,,,,,,,,,,,,,,,,,,,,,,hayır
real madrid basketbol barcelona basketbol saat kaçta,EuroLeague,Basketbol,Kıta Turnuvası,Kıta Üstü,Global Elit,Erkek,Kulüp,Takım Sporu,Avrupa,Uluslararası,Türk Takımı Var,TV+ Var,Yıllık,Sürekli Lig,Takvim/Saat,Bilgi,Maç,Jenerik,Türkçe,Long-tail,h2h_saat,,,,,,,hayir,,,,,,,,,,,,,,,,,,,,,,,,,,,,,,,,hayır
real madrid basketbol barcelona basketbol istatistikleri,EuroLeague,Basketbol,Kıta Turnuvası,Kıta Üstü,Global Elit,Erkek,Kulüp,Takım Sporu,Avrupa,Uluslararası,Türk Takımı Var,TV+ Var,Yıllık,Sürekli Lig,İstatistik,Bilgi,Maç,Jenerik,İngilizce,Long-tail,h2h_ist,,,,,,,hayir,,,,,,,,,,,,,,,,,,,,,,,,,,,,,,,,hayır
real madrid basketbol panathinaikos,EuroLeague,Basketbol,Kıta Turnuvası,Kıta Üstü,Global Elit,Erkek,Kulüp,Takım Sporu,Avrupa,Uluslararası,Türk Takımı Var,TV+ Var,Yıllık,Sürekli Lig,Rakip Eşleşmesi,Bilgi,Maç,Jenerik,İngilizce,Body,h2h,,,,,,,hayir,,,,,,,,,,,,,,,,,,,,,,,,,,,,,,,,hayır
real madrid basketbol panathinaikos maçı,EuroLeague,Basketbol,Kıta Turnuvası,Kıta Üstü,Global Elit,Erkek,Kulüp,Takım Sporu,Avrupa,Uluslararası,Türk Takımı Var,TV+ Var,Yıllık,Sürekli Lig,Rakip Eşleşmesi,Bilgi,Maç,Jenerik,Türkçe,Long-tail,h2h_mac,,,,,,,hayir,,,,,,,,,,,,,,,,,,,,,,,,,,,,,,,,hayır
real madrid basketbol panathinaikos canlı izle,EuroLeague,Basketbol,Kıta Turnuvası,Kıta Üstü,Global Elit,Erkek,Kulüp,Takım Sporu,Avrupa,Uluslararası,Türk Takımı Var,TV+ Var,Yıllık,Sürekli Lig,Canlı İzle,İzleme,Maç,Jenerik,Türkçe,Long-tail,h2h_izle,,,,,,,hayir,,,,,,,,,,,,,,,,,,,,,,,,,,,,,,,,hayır
real madrid basketbol panathinaikos hangi kanalda,EuroLeague,Basketbol,Kıta Turnuvası,Kıta Üstü,Global Elit,Erkek,Kulüp,Takım Sporu,Avrupa,Uluslararası,Türk Takımı Var,TV+ Var,Yıllık,Sürekli Lig,Kanal/Yayın,İzleme,Maç,Jenerik,İngilizce,Long-tail,h2h_kanal,,,,,,,hayir,,,,,,,,,,,,,,,,,,,,,,,,,,,,,,,,hayır
real madrid basketbol panathinaikos saat kaçta,EuroLeague,Basketbol,Kıta Turnuvası,Kıta Üstü,Global Elit,Erkek,Kulüp,Takım Sporu,Avrupa,Uluslararası,Türk Takımı Var,TV+ Var,Yıllık,Sürekli Lig,Takvim/Saat,Bilgi,Maç,Jenerik,Türkçe,Long-tail,h2h_saat,,,,,,,hayir,,,,,,,,,,,,,,,,,,,,,,,,,,,,,,,,hayır
real madrid basketbol panathinaikos istatistikleri,EuroLeague,Basketbol,Kıta Turnuvası,Kıta Üstü,Global Elit,Erkek,Kulüp,Takım Sporu,Avrupa,Uluslararası,Türk Takımı Var,TV+ Var,Yıllık,Sürekli Lig,İstatistik,Bilgi,Maç,Jenerik,İngilizce,Long-tail,h2h_ist,,,,,,,hayir,,,,,,,,,,,,,,,,,,,,,,,,,,,,,,,,hayır
barcelona basketbol panathinaikos,EuroLeague,Basketbol,Kıta Turnuvası,Kıta Üstü,Global Elit,Erkek,Kulüp,Takım Sporu,Avrupa,Uluslararası,Türk Takımı Var,TV+ Var,Yıllık,Sürekli Lig,Rakip Eşleşmesi,Bilgi,Maç,Jenerik,İngilizce,Body,h2h,,,,,,,hayir,,,,,,,,,,,,,,,,,,,,,,,,,,,,,,,,hayır
barcelona basketbol panathinaikos maçı,EuroLeague,Basketbol,Kıta Turnuvası,Kıta Üstü,Global Elit,Erkek,Kulüp,Takım Sporu,Avrupa,Uluslararası,Türk Takımı Var,TV+ Var,Yıllık,Sürekli Lig,Rakip Eşleşmesi,Bilgi,Maç,Jenerik,Türkçe,Body,h2h_mac,,,,,,,hayir,,,,,,,,,,,,,,,,,,,,,,,,,,,,,,,,hayır
barcelona basketbol panathinaikos canlı izle,EuroLeague,Basketbol,Kıta Turnuvası,Kıta Üstü,Global Elit,Erkek,Kulüp,Takım Sporu,Avrupa,Uluslararası,Türk Takımı Var,TV+ Var,Yıllık,Sürekli Lig,Canlı İzle,İzleme,Maç,Jenerik,Türkçe,Long-tail,h2h_izle,,,,,,,hayir,,,,,,,,,,,,,,,,,,,,,,,,,,,,,,,,hayır
barcelona basketbol panathinaikos hangi kanalda,EuroLeague,Basketbol,Kıta Turnuvası,Kıta Üstü,Global Elit,Erkek,Kulüp,Takım Sporu,Avrupa,Uluslararası,Türk Takımı Var,TV+ Var,Yıllık,Sürekli Lig,Kanal/Yayın,İzleme,Maç,Jenerik,İngilizce,Long-tail,h2h_kanal,,,,,,,hayir,,,,,,,,,,,,,,,,,,,,,,,,,,,,,,,,hayır
barcelona basketbol panathinaikos saat kaçta,EuroLeague,Basketbol,Kıta Turnuvası,Kıta Üstü,Global Elit,Erkek,Kulüp,Takım Sporu,Avrupa,Uluslararası,Türk Takımı Var,TV+ Var,Yıllık,Sürekli Lig,Takvim/Saat,Bilgi,Maç,Jenerik,Türkçe,Long-tail,h2h_saat,,,,,,,hayir,,,,,,,,,,,,,,,,,,,,,,,,,,,,,,,,hayır
barcelona basketbol panathinaikos istatistikleri,EuroLeague,Basketbol,Kıta Turnuvası,Kıta Üstü,Global Elit,Erkek,Kulüp,Takım Sporu,Avrupa,Uluslararası,Türk Takımı Var,TV+ Var,Yıllık,Sürekli Lig,İstatistik,Bilgi,Maç,Jenerik,İngilizce,Body,h2h_ist,,,,,,,hayir,,,,,,,,,,,,,,,,,,,,,,,,,,,,,,,,hayır
los angeles lakers golden state warriors,NBA,Basketbol,Lig,1. Seviye,Global Elit,Erkek,Kulüp,Takım Sporu,ABD,Yabancı,Türk Sporcu Var,TV+ Var,Yıllık,Sürekli Lig,Rakip Eşleşmesi,Bilgi,Maç,Jenerik,İngilizce,Long-tail,h2h,480,LOW,10,0.13,0.14,0.51,evet,110,40,50,880,210,880,90,90,90,2900,140,90,390,70,90,3600,210,2900,880,1900,140,1300,50,50,140,70,70,720,880,590,1300,hayır
los angeles lakers golden state warriors maçı,NBA,Basketbol,Lig,1. Seviye,Global Elit,Erkek,Kulüp,Takım Sporu,ABD,Yabancı,Türk Sporcu Var,TV+ Var,Yıllık,Sürekli Lig,Rakip Eşleşmesi,Bilgi,Maç,Jenerik,Türkçe,Long-tail,h2h_mac,,,,,,,hayir,,,,,,,,,,,,,,,,,,,,,,,,,,,,,,,,hayır
los angeles lakers golden state warriors canlı izle,NBA,Basketbol,Lig,1. Seviye,Global Elit,Erkek,Kulüp,Takım Sporu,ABD,Yabancı,Türk Sporcu Var,TV+ Var,Yıllık,Sürekli Lig,Canlı İzle,İzleme,Maç,Jenerik,Türkçe,Long-tail,h2h_izle,10,,,,,,evet,0,0,10,0,10,10,0,0,0,10,10,0,10,0,0,20,10,30,10,10,10,10,0,0,0,0,0,10,10,10,20,hayır
los angeles lakers golden state warriors hangi kanalda,NBA,Basketbol,Lig,1. Seviye,Global Elit,Erkek,Kulüp,Takım Sporu,ABD,Yabancı,Türk Sporcu Var,TV+ Var,Yıllık,Sürekli Lig,Kanal/Yayın,İzleme,Maç,Jenerik,İngilizce,Long-tail,h2h_kanal,,,,,,,hayir,,,,,,,,,,,,,,,,,,,,,,,,,,,,,,,,hayır
los angeles lakers golden state warriors saat kaçta,NBA,Basketbol,Lig,1. Seviye,Global Elit,Erkek,Kulüp,Takım Sporu,ABD,Yabancı,Türk Sporcu Var,TV+ Var,Yıllık,Sürekli Lig,Takvim/Saat,Bilgi,Maç,Jenerik,Türkçe,Long-tail,h2h_saat,,,,,,,hayir,,,,,,,,,,,,,,,,,,,,,,,,,,,,,,,,hayır
los angeles lakers golden state warriors istatistikleri,NBA,Basketbol,Lig,1. Seviye,Global Elit,Erkek,Kulüp,Takım Sporu,ABD,Yabancı,Türk Sporcu Var,TV+ Var,Yıllık,Sürekli Lig,İstatistik,Bilgi,Maç,Jenerik,İngilizce,Long-tail,h2h_ist,140,LOW,0,,,,evet,10,0,0,10,10,10,10,0,0,1600,10,0,0,0,0,0,0,0,0,0,0,0,0,0,0,0,0,0,0,0,0,hayır
los angeles lakers boston celtics,NBA,Basketbol,Lig,1. Seviye,Global Elit,Erkek,Kulüp,Takım Sporu,ABD,Yabancı,Türk Sporcu Var,TV+ Var,Yıllık,Sürekli Lig,Rakip Eşleşmesi,Bilgi,Maç,Jenerik,İngilizce,Long-tail,h2h,2400,LOW,3,,,,evet,50,110,140,140,390,12100,170,18100,140,90,110,140,210,210,170,320,40500,480,14800,140,140,140,50,90,170,260,170,170,260,2400,140,hayır
los angeles lakers boston celtics maçı,NBA,Basketbol,Lig,1. Seviye,Global Elit,Erkek,Kulüp,Takım Sporu,ABD,Yabancı,Türk Sporcu Var,TV+ Var,Yıllık,Sürekli Lig,Rakip Eşleşmesi,Bilgi,Maç,Jenerik,Türkçe,Long-tail,h2h_mac,,,,,,,hayir,,,,,,,,,,,,,,,,,,,,,,,,,,,,,,,,hayır
los angeles lakers boston celtics canlı izle,NBA,Basketbol,Lig,1. Seviye,Global Elit,Erkek,Kulüp,Takım Sporu,ABD,Yabancı,Türk Sporcu Var,TV+ Var,Yıllık,Sürekli Lig,Canlı İzle,İzleme,Maç,Jenerik,Türkçe,Long-tail,h2h_izle,10,,,,,,evet,0,0,0,0,0,10,0,10,0,0,0,0,0,0,0,0,10,0,0,0,0,0,0,0,10,0,0,0,10,10,0,hayır
los angeles lakers boston celtics hangi kanalda,NBA,Basketbol,Lig,1. Seviye,Global Elit,Erkek,Kulüp,Takım Sporu,ABD,Yabancı,Türk Sporcu Var,TV+ Var,Yıllık,Sürekli Lig,Kanal/Yayın,İzleme,Maç,Jenerik,İngilizce,Long-tail,h2h_kanal,,,,,,,hayir,,,,,,,,,,,,,,,,,,,,,,,,,,,,,,,,hayır
los angeles lakers boston celtics saat kaçta,NBA,Basketbol,Lig,1. Seviye,Global Elit,Erkek,Kulüp,Takım Sporu,ABD,Yabancı,Türk Sporcu Var,TV+ Var,Yıllık,Sürekli Lig,Takvim/Saat,Bilgi,Maç,Jenerik,Türkçe,Long-tail,h2h_saat,,,,,,,hayir,,,,,,,,,,,,,,,,,,,,,,,,,,,,,,,,hayır
los angeles lakers boston celtics istatistikleri,NBA,Basketbol,Lig,1. Seviye,Global Elit,Erkek,Kulüp,Takım Sporu,ABD,Yabancı,Türk Sporcu Var,TV+ Var,Yıllık,Sürekli Lig,İstatistik,Bilgi,Maç,Jenerik,İngilizce,Long-tail,h2h_ist,,,,,,,hayir,,,,,,,,,,,,,,,,,,,,,,,,,,,,,,,,hayır
los angeles lakers chicago bulls,NBA,Basketbol,Lig,1. Seviye,Global Elit,Erkek,Kulüp,Takım Sporu,ABD,Yabancı,Türk Sporcu Var,TV+ Var,Yıllık,Sürekli Lig,Rakip Eşleşmesi,Bilgi,Maç,Jenerik,İngilizce,Long-tail,h2h,10,LOW,18,,,,evet,10,10,10,10,40,10,20,10,10,10,10,10,10,10,20,20,110,10,10,10,10,10,10,10,20,10,10,10,30,10,40,hayır
los angeles lakers chicago bulls maçı,NBA,Basketbol,Lig,1. Seviye,Global Elit,Erkek,Kulüp,Takım Sporu,ABD,Yabancı,Türk Sporcu Var,TV+ Var,Yıllık,Sürekli Lig,Rakip Eşleşmesi,Bilgi,Maç,Jenerik,Türkçe,Long-tail,h2h_mac,,,,,,,hayir,,,,,,,,,,,,,,,,,,,,,,,,,,,,,,,,hayır
los angeles lakers chicago bulls canlı izle,NBA,Basketbol,Lig,1. Seviye,Global Elit,Erkek,Kulüp,Takım Sporu,ABD,Yabancı,Türk Sporcu Var,TV+ Var,Yıllık,Sürekli Lig,Canlı İzle,İzleme,Maç,Jenerik,Türkçe,Long-tail,h2h_izle,0,,,,,,evet,0,0,0,0,0,0,0,0,0,0,0,0,0,0,0,0,10,0,0,0,0,0,0,0,0,0,0,0,0,0,10,hayır
los angeles lakers chicago bulls hangi kanalda,NBA,Basketbol,Lig,1. Seviye,Global Elit,Erkek,Kulüp,Takım Sporu,ABD,Yabancı,Türk Sporcu Var,TV+ Var,Yıllık,Sürekli Lig,Kanal/Yayın,İzleme,Maç,Jenerik,İngilizce,Long-tail,h2h_kanal,,,,,,,hayir,,,,,,,,,,,,,,,,,,,,,,,,,,,,,,,,hayır
los angeles lakers chicago bulls saat kaçta,NBA,Basketbol,Lig,1. Seviye,Global Elit,Erkek,Kulüp,Takım Sporu,ABD,Yabancı,Türk Sporcu Var,TV+ Var,Yıllık,Sürekli Lig,Takvim/Saat,Bilgi,Maç,Jenerik,Türkçe,Long-tail,h2h_saat,,,,,,,hayir,,,,,,,,,,,,,,,,,,,,,,,,,,,,,,,,hayır
los angeles lakers chicago bulls istatistikleri,NBA,Basketbol,Lig,1. Seviye,Global Elit,Erkek,Kulüp,Takım Sporu,ABD,Yabancı,Türk Sporcu Var,TV+ Var,Yıllık,Sürekli Lig,İstatistik,Bilgi,Maç,Jenerik,İngilizce,Long-tail,h2h_ist,,,,,,,hayir,,,,,,,,,,,,,,,,,,,,,,,,,,,,,,,,hayır
los angeles lakers miami heat,NBA,Basketbol,Lig,1. Seviye,Global Elit,Erkek,Kulüp,Takım Sporu,ABD,Yabancı,Türk Sporcu Var,TV+ Var,Yıllık,Sürekli Lig,Rakip Eşleşmesi,Bilgi,Maç,Jenerik,İngilizce,Long-tail,h2h,90,LOW,15,,,,evet,30,0,10,10,50,10,10,10,880,10,10,10,50,10,10,10,10,10,390,40,10,0,10,10,30,10,10,10,10,10,50,hayır
los angeles lakers miami heat maçı,NBA,Basketbol,Lig,1. Seviye,Global Elit,Erkek,Kulüp,Takım Sporu,ABD,Yabancı,Türk Sporcu Var,TV+ Var,Yıllık,Sürekli Lig,Rakip Eşleşmesi,Bilgi,Maç,Jenerik,Türkçe,Long-tail,h2h_mac,10,MEDIUM,43,,,,evet,10,0,0,0,0,0,0,0,0,0,0,0,0,0,0,0,0,0,0,0,0,0,0,0,0,0,0,0,0,0,0,hayır
los angeles lakers miami heat canlı izle,NBA,Basketbol,Lig,1. Seviye,Global Elit,Erkek,Kulüp,Takım Sporu,ABD,Yabancı,Türk Sporcu Var,TV+ Var,Yıllık,Sürekli Lig,Canlı İzle,İzleme,Maç,Jenerik,Türkçe,Long-tail,h2h_izle,10,,,,,,evet,0,0,0,0,0,0,0,0,10,0,0,0,10,0,0,0,0,0,10,0,0,0,0,0,0,0,0,0,0,0,0,hayır
los angeles lakers miami heat hangi kanalda,NBA,Basketbol,Lig,1. Seviye,Global Elit,Erkek,Kulüp,Takım Sporu,ABD,Yabancı,Türk Sporcu Var,TV+ Var,Yıllık,Sürekli Lig,Kanal/Yayın,İzleme,Maç,Jenerik,İngilizce,Long-tail,h2h_kanal,10,,,,,,evet,0,0,0,0,0,0,0,0,10,0,0,0,10,0,0,0,0,0,0,0,0,0,0,0,0,0,0,0,0,0,0,hayır
los angeles lakers miami heat saat kaçta,NBA,Basketbol,Lig,1. Seviye,Global Elit,Erkek,Kulüp,Takım Sporu,ABD,Yabancı,Türk Sporcu Var,TV+ Var,Yıllık,Sürekli Lig,Takvim/Saat,Bilgi,Maç,Jenerik,Türkçe,Long-tail,h2h_saat,,,,,,,hayir,,,,,,,,,,,,,,,,,,,,,,,,,,,,,,,,hayır
los angeles lakers miami heat istatistikleri,NBA,Basketbol,Lig,1. Seviye,Global Elit,Erkek,Kulüp,Takım Sporu,ABD,Yabancı,Türk Sporcu Var,TV+ Var,Yıllık,Sürekli Lig,İstatistik,Bilgi,Maç,Jenerik,İngilizce,Long-tail,h2h_ist,,,,,,,hayir,,,,,,,,,,,,,,,,,,,,,,,,,,,,,,,,hayır
golden state warriors boston celtics,NBA,Basketbol,Lig,1. Seviye,Global Elit,Erkek,Kulüp,Takım Sporu,ABD,Yabancı,Türk Sporcu Var,TV+ Var,Yıllık,Sürekli Lig,Rakip Eşleşmesi,Bilgi,Maç,Jenerik,İngilizce,Long-tail,h2h,20,LOW,6,,,,evet,10,10,0,10,20,210,10,10,10,0,10,10,0,10,10,10,10,10,480,10,20,10,10,10,10,10,10,10,50,10,10,hayır
golden state warriors boston celtics maçı,NBA,Basketbol,Lig,1. Seviye,Global Elit,Erkek,Kulüp,Takım Sporu,ABD,Yabancı,Türk Sporcu Var,TV+ Var,Yıllık,Sürekli Lig,Rakip Eşleşmesi,Bilgi,Maç,Jenerik,Türkçe,Long-tail,h2h_mac,,,,,,,hayir,,,,,,,,,,,,,,,,,,,,,,,,,,,,,,,,hayır
golden state warriors boston celtics canlı izle,NBA,Basketbol,Lig,1. Seviye,Global Elit,Erkek,Kulüp,Takım Sporu,ABD,Yabancı,Türk Sporcu Var,TV+ Var,Yıllık,Sürekli Lig,Canlı İzle,İzleme,Maç,Jenerik,Türkçe,Long-tail,h2h_izle,10,,,,,,evet,0,0,0,0,10,0,0,0,0,0,0,0,0,0,0,0,0,0,10,0,0,0,0,0,0,0,10,0,10,0,0,hayır
golden state warriors boston celtics hangi kanalda,NBA,Basketbol,Lig,1. Seviye,Global Elit,Erkek,Kulüp,Takım Sporu,ABD,Yabancı,Türk Sporcu Var,TV+ Var,Yıllık,Sürekli Lig,Kanal/Yayın,İzleme,Maç,Jenerik,İngilizce,Long-tail,h2h_kanal,10,,,,,,evet,0,0,0,0,0,10,0,0,0,0,0,0,0,0,0,0,0,0,10,0,0,0,0,0,0,0,0,0,10,0,0,hayır
golden state warriors boston celtics saat kaçta,NBA,Basketbol,Lig,1. Seviye,Global Elit,Erkek,Kulüp,Takım Sporu,ABD,Yabancı,Türk Sporcu Var,TV+ Var,Yıllık,Sürekli Lig,Takvim/Saat,Bilgi,Maç,Jenerik,Türkçe,Long-tail,h2h_saat,,,,,,,hayir,,,,,,,,,,,,,,,,,,,,,,,,,,,,,,,,hayır
golden state warriors boston celtics istatistikleri,NBA,Basketbol,Lig,1. Seviye,Global Elit,Erkek,Kulüp,Takım Sporu,ABD,Yabancı,Türk Sporcu Var,TV+ Var,Yıllık,Sürekli Lig,İstatistik,Bilgi,Maç,Jenerik,İngilizce,Long-tail,h2h_ist,20,,,,,,evet,0,10,0,0,10,260,10,0,0,0,0,0,0,10,0,10,10,10,480,0,0,0,0,0,0,0,0,0,0,0,0,hayır
golden state warriors chicago bulls,NBA,Basketbol,Lig,1. Seviye,Global Elit,Erkek,Kulüp,Takım Sporu,ABD,Yabancı,Türk Sporcu Var,TV+ Var,Yıllık,Sürekli Lig,Rakip Eşleşmesi,Bilgi,Maç,Jenerik,İngilizce,Long-tail,h2h,10,LOW,0,,,,evet,10,10,10,10,140,10,10,10,10,10,10,0,10,0,10,10,10,10,170,10,10,10,10,0,10,0,10,10,70,10,10,hayır
golden state warriors chicago bulls maçı,NBA,Basketbol,Lig,1. Seviye,Global Elit,Erkek,Kulüp,Takım Sporu,ABD,Yabancı,Türk Sporcu Var,TV+ Var,Yıllık,Sürekli Lig,Rakip Eşleşmesi,Bilgi,Maç,Jenerik,Türkçe,Long-tail,h2h_mac,,,,,,,hayir,,,,,,,,,,,,,,,,,,,,,,,,,,,,,,,,hayır
golden state warriors chicago bulls canlı izle,NBA,Basketbol,Lig,1. Seviye,Global Elit,Erkek,Kulüp,Takım Sporu,ABD,Yabancı,Türk Sporcu Var,TV+ Var,Yıllık,Sürekli Lig,Canlı İzle,İzleme,Maç,Jenerik,Türkçe,Long-tail,h2h_izle,0,,,,,,evet,0,0,0,0,0,0,0,0,0,0,0,0,0,0,0,0,0,0,10,0,0,0,0,0,0,0,0,0,0,0,0,hayır
golden state warriors chicago bulls hangi kanalda,NBA,Basketbol,Lig,1. Seviye,Global Elit,Erkek,Kulüp,Takım Sporu,ABD,Yabancı,Türk Sporcu Var,TV+ Var,Yıllık,Sürekli Lig,Kanal/Yayın,İzleme,Maç,Jenerik,İngilizce,Long-tail,h2h_kanal,,,,,,,hayir,,,,,,,,,,,,,,,,,,,,,,,,,,,,,,,,hayır
golden state warriors chicago bulls saat kaçta,NBA,Basketbol,Lig,1. Seviye,Global Elit,Erkek,Kulüp,Takım Sporu,ABD,Yabancı,Türk Sporcu Var,TV+ Var,Yıllık,Sürekli Lig,Takvim/Saat,Bilgi,Maç,Jenerik,Türkçe,Long-tail,h2h_saat,,,,,,,hayir,,,,,,,,,,,,,,,,,,,,,,,,,,,,,,,,hayır
golden state warriors chicago bulls istatistikleri,NBA,Basketbol,Lig,1. Seviye,Global Elit,Erkek,Kulüp,Takım Sporu,ABD,Yabancı,Türk Sporcu Var,TV+ Var,Yıllık,Sürekli Lig,İstatistik,Bilgi,Maç,Jenerik,İngilizce,Long-tail,h2h_ist,10,,,,,,evet,0,10,10,0,140,0,0,0,0,0,0,0,0,0,0,0,0,10,210,0,0,0,0,0,0,0,0,0,0,0,0,hayır
golden state warriors miami heat,NBA,Basketbol,Lig,1. Seviye,Global Elit,Erkek,Kulüp,Takım Sporu,ABD,Yabancı,Türk Sporcu Var,TV+ Var,Yıllık,Sürekli Lig,Rakip Eşleşmesi,Bilgi,Maç,Jenerik,İngilizce,Long-tail,h2h,720,LOW,11,,,,evet,10,10,10,20,70,20,8100,20,210,10,10,10,70,10,10,20,590,30,6600,10,10,10,10,10,90,10,10,10,210,20,30,hayır
golden state warriors miami heat maçı,NBA,Basketbol,Lig,1. Seviye,Global Elit,Erkek,Kulüp,Takım Sporu,ABD,Yabancı,Türk Sporcu Var,TV+ Var,Yıllık,Sürekli Lig,Rakip Eşleşmesi,Bilgi,Maç,Jenerik,Türkçe,Long-tail,h2h_mac,,,,,,,hayir,,,,,,,,,,,,,,,,,,,,,,,,,,,,,,,,hayır
golden state warriors miami heat canlı izle,NBA,Basketbol,Lig,1. Seviye,Global Elit,Erkek,Kulüp,Takım Sporu,ABD,Yabancı,Türk Sporcu Var,TV+ Var,Yıllık,Sürekli Lig,Canlı İzle,İzleme,Maç,Jenerik,Türkçe,Long-tail,h2h_izle,10,,,,,,evet,0,0,0,0,0,0,10,0,0,0,0,0,10,0,0,0,10,0,0,0,0,0,0,0,10,0,0,0,0,0,0,hayır
golden state warriors miami heat hangi kanalda,NBA,Basketbol,Lig,1. Seviye,Global Elit,Erkek,Kulüp,Takım Sporu,ABD,Yabancı,Türk Sporcu Var,TV+ Var,Yıllık,Sürekli Lig,Kanal/Yayın,İzleme,Maç,Jenerik,İngilizce,Long-tail,h2h_kanal,,,,,,,hayir,,,,,,,,,,,,,,,,,,,,,,,,,,,,,,,,hayır
golden state warriors miami heat saat kaçta,NBA,Basketbol,Lig,1. Seviye,Global Elit,Erkek,Kulüp,Takım Sporu,ABD,Yabancı,Türk Sporcu Var,TV+ Var,Yıllık,Sürekli Lig,Takvim/Saat,Bilgi,Maç,Jenerik,Türkçe,Long-tail,h2h_saat,,,,,,,hayir,,,,,,,,,,,,,,,,,,,,,,,,,,,,,,,,hayır
golden state warriors miami heat istatistikleri,NBA,Basketbol,Lig,1. Seviye,Global Elit,Erkek,Kulüp,Takım Sporu,ABD,Yabancı,Türk Sporcu Var,TV+ Var,Yıllık,Sürekli Lig,İstatistik,Bilgi,Maç,Jenerik,İngilizce,Long-tail,h2h_ist,10,,,,,,evet,0,0,0,0,0,0,170,0,0,0,0,0,0,0,0,0,10,10,260,0,0,0,0,0,0,0,0,0,0,0,0,hayır
boston celtics chicago bulls,NBA,Basketbol,Lig,1. Seviye,Global Elit,Erkek,Kulüp,Takım Sporu,ABD,Yabancı,Türk Sporcu Var,TV+ Var,Yıllık,Sürekli Lig,Rakip Eşleşmesi,Bilgi,Maç,Jenerik,İngilizce,Body,h2h,30,LOW,0,,,,evet,10,10,10,10,10,50,260,10,10,10,10,10,10,10,10,10,10,20,90,210,210,10,10,10,10,10,10,10,90,40,10,hayır
boston celtics chicago bulls maçı,NBA,Basketbol,Lig,1. Seviye,Global Elit,Erkek,Kulüp,Takım Sporu,ABD,Yabancı,Türk Sporcu Var,TV+ Var,Yıllık,Sürekli Lig,Rakip Eşleşmesi,Bilgi,Maç,Jenerik,Türkçe,Long-tail,h2h_mac,,,,,,,hayir,,,,,,,,,,,,,,,,,,,,,,,,,,,,,,,,hayır
boston celtics chicago bulls canlı izle,NBA,Basketbol,Lig,1. Seviye,Global Elit,Erkek,Kulüp,Takım Sporu,ABD,Yabancı,Türk Sporcu Var,TV+ Var,Yıllık,Sürekli Lig,Canlı İzle,İzleme,Maç,Jenerik,Türkçe,Long-tail,h2h_izle,10,,,,,,evet,0,0,0,0,0,0,10,0,0,0,0,0,0,0,0,0,0,0,0,0,0,0,0,0,0,0,0,0,10,10,0,hayır
boston celtics chicago bulls hangi kanalda,NBA,Basketbol,Lig,1. Seviye,Global Elit,Erkek,Kulüp,Takım Sporu,ABD,Yabancı,Türk Sporcu Var,TV+ Var,Yıllık,Sürekli Lig,Kanal/Yayın,İzleme,Maç,Jenerik,İngilizce,Long-tail,h2h_kanal,0,,,,,,evet,0,0,0,0,0,0,0,0,0,0,0,0,0,0,0,0,0,0,10,0,10,0,0,0,0,0,0,0,10,0,0,hayır
boston celtics chicago bulls saat kaçta,NBA,Basketbol,Lig,1. Seviye,Global Elit,Erkek,Kulüp,Takım Sporu,ABD,Yabancı,Türk Sporcu Var,TV+ Var,Yıllık,Sürekli Lig,Takvim/Saat,Bilgi,Maç,Jenerik,Türkçe,Long-tail,h2h_saat,,,,,,,hayir,,,,,,,,,,,,,,,,,,,,,,,,,,,,,,,,hayır
boston celtics chicago bulls istatistikleri,NBA,Basketbol,Lig,1. Seviye,Global Elit,Erkek,Kulüp,Takım Sporu,ABD,Yabancı,Türk Sporcu Var,TV+ Var,Yıllık,Sürekli Lig,İstatistik,Bilgi,Maç,Jenerik,İngilizce,Long-tail,h2h_ist,20,,,,,,evet,0,0,0,0,0,70,140,10,0,0,0,0,0,0,10,0,0,10,70,170,0,0,0,0,0,0,0,0,0,0,0,hayır
boston celtics miami heat,NBA,Basketbol,Lig,1. Seviye,Global Elit,Erkek,Kulüp,Takım Sporu,ABD,Yabancı,Türk Sporcu Var,TV+ Var,Yıllık,Sürekli Lig,Rakip Eşleşmesi,Bilgi,Maç,Jenerik,İngilizce,Body,h2h,1300,LOW,4,,,,evet,20,30,210,6600,110,4400,2900,3600,40,30,40,50,90,90,140,5400,4400,2900,90,4400,90,90,70,40,110,320,14800,49500,210,8100,720,hayır
boston celtics miami heat maçı,NBA,Basketbol,Lig,1. Seviye,Global Elit,Erkek,Kulüp,Takım Sporu,ABD,Yabancı,Türk Sporcu Var,TV+ Var,Yıllık,Sürekli Lig,Rakip Eşleşmesi,Bilgi,Maç,Jenerik,Türkçe,Long-tail,h2h_mac,,,,,,,hayir,,,,,,,,,,,,,,,,,,,,,,,,,,,,,,,,hayır
boston celtics miami heat canlı izle,NBA,Basketbol,Lig,1. Seviye,Global Elit,Erkek,Kulüp,Takım Sporu,ABD,Yabancı,Türk Sporcu Var,TV+ Var,Yıllık,Sürekli Lig,Canlı İzle,İzleme,Maç,Jenerik,Türkçe,Long-tail,h2h_izle,10,LOW,0,,,,evet,10,0,0,10,0,0,0,0,0,0,0,0,0,0,0,10,10,10,0,10,0,0,0,0,10,10,10,90,0,10,10,hayır
boston celtics miami heat hangi kanalda,NBA,Basketbol,Lig,1. Seviye,Global Elit,Erkek,Kulüp,Takım Sporu,ABD,Yabancı,Türk Sporcu Var,TV+ Var,Yıllık,Sürekli Lig,Kanal/Yayın,İzleme,Maç,Jenerik,İngilizce,Long-tail,h2h_kanal,10,,,,,,evet,0,0,0,0,0,10,0,10,0,10,0,0,0,0,0,10,10,10,0,10,10,10,0,0,10,10,20,390,10,10,10,hayır
boston celtics miami heat saat kaçta,NBA,Basketbol,Lig,1. Seviye,Global Elit,Erkek,Kulüp,Takım Sporu,ABD,Yabancı,Türk Sporcu Var,TV+ Var,Yıllık,Sürekli Lig,Takvim/Saat,Bilgi,Maç,Jenerik,Türkçe,Long-tail,h2h_saat,,,,,,,hayir,,,,,,,,,,,,,,,,,,,,,,,,,,,,,,,,hayır
boston celtics miami heat istatistikleri,NBA,Basketbol,Lig,1. Seviye,Global Elit,Erkek,Kulüp,Takım Sporu,ABD,Yabancı,Türk Sporcu Var,TV+ Var,Yıllık,Sürekli Lig,İstatistik,Bilgi,Maç,Jenerik,İngilizce,Long-tail,h2h_ist,30,,,,,,evet,0,0,10,10,10,110,10,210,0,0,0,0,0,10,0,170,10,10,10,170,0,0,0,0,0,0,0,0,0,0,0,hayır
chicago bulls miami heat,NBA,Basketbol,Lig,1. Seviye,Global Elit,Erkek,Kulüp,Takım Sporu,ABD,Yabancı,Türk Sporcu Var,TV+ Var,Yıllık,Sürekli Lig,Rakip Eşleşmesi,Bilgi,Maç,Jenerik,İngilizce,Body,h2h,1000,LOW,0,,,,evet,10,10,20,30,40,2900,5400,90,3600,50,70,20,20,40,40,12100,2400,2400,50,30,30,40,30,20,50,90,210,12100,40,40,30,hayır
chicago bulls miami heat maçı,NBA,Basketbol,Lig,1. Seviye,Global Elit,Erkek,Kulüp,Takım Sporu,ABD,Yabancı,Türk Sporcu Var,TV+ Var,Yıllık,Sürekli Lig,Rakip Eşleşmesi,Bilgi,Maç,Jenerik,Türkçe,Long-tail,h2h_mac,10,,,,,,evet,0,0,0,0,0,0,10,0,0,0,0,0,0,0,0,10,0,0,10,0,0,0,0,0,0,0,0,0,0,0,0,hayır
chicago bulls miami heat canlı izle,NBA,Basketbol,Lig,1. Seviye,Global Elit,Erkek,Kulüp,Takım Sporu,ABD,Yabancı,Türk Sporcu Var,TV+ Var,Yıllık,Sürekli Lig,Canlı İzle,İzleme,Maç,Jenerik,Türkçe,Long-tail,h2h_izle,0,,,,,,evet,0,0,0,0,0,0,0,0,0,0,0,0,0,0,0,10,10,0,0,0,0,0,0,0,0,0,0,10,0,0,0,hayır
chicago bulls miami heat hangi kanalda,NBA,Basketbol,Lig,1. Seviye,Global Elit,Erkek,Kulüp,Takım Sporu,ABD,Yabancı,Türk Sporcu Var,TV+ Var,Yıllık,Sürekli Lig,Kanal/Yayın,İzleme,Maç,Jenerik,İngilizce,Long-tail,h2h_kanal,,,,,,,hayir,,,,,,,,,,,,,,,,,,,,,,,,,,,,,,,,hayır
chicago bulls miami heat saat kaçta,NBA,Basketbol,Lig,1. Seviye,Global Elit,Erkek,Kulüp,Takım Sporu,ABD,Yabancı,Türk Sporcu Var,TV+ Var,Yıllık,Sürekli Lig,Takvim/Saat,Bilgi,Maç,Jenerik,Türkçe,Long-tail,h2h_saat,,,,,,,hayir,,,,,,,,,,,,,,,,,,,,,,,,,,,,,,,,hayır
chicago bulls miami heat istatistikleri,NBA,Basketbol,Lig,1. Seviye,Global Elit,Erkek,Kulüp,Takım Sporu,ABD,Yabancı,Türk Sporcu Var,TV+ Var,Yıllık,Sürekli Lig,İstatistik,Bilgi,Maç,Jenerik,İngilizce,Long-tail,h2h_ist,20,,,,,,evet,0,0,0,0,0,10,170,0,110,0,10,0,0,10,10,480,0,70,0,0,0,0,0,0,0,0,0,0,0,0,0,hayır
vakıfbank fenerbahçe opet,Sultanlar Ligi,Voleybol,Lig,1. Seviye,Üst,Kadın,Kulüp,Takım Sporu,Türkiye,Yerli,Türk Takımı Var,Doğrulanacak,Yıllık,Sürekli Lig,Rakip Eşleşmesi,Bilgi,Maç,Jenerik,Türkçe,Body,h2h,20,,,,,,evet,0,0,10,140,10,30,10,10,10,30,10,10,0,10,10,90,140,40,10,10,40,20,10,0,10,10,10,30,320,110,20,hayır
vakıfbank fenerbahçe opet maçı,Sultanlar Ligi,Voleybol,Lig,1. Seviye,Üst,Kadın,Kulüp,Takım Sporu,Türkiye,Yerli,Türk Takımı Var,Doğrulanacak,Yıllık,Sürekli Lig,Rakip Eşleşmesi,Bilgi,Maç,Jenerik,Türkçe,Body,h2h_mac,,,,,,,hayir,,,,,,,,,,,,,,,,,,,,,,,,,,,,,,,,hayır
vakıfbank fenerbahçe opet canlı izle,Sultanlar Ligi,Voleybol,Lig,1. Seviye,Üst,Kadın,Kulüp,Takım Sporu,Türkiye,Yerli,Türk Takımı Var,Doğrulanacak,Yıllık,Sürekli Lig,Canlı İzle,İzleme,Maç,Jenerik,Türkçe,Long-tail,h2h_izle,10,,,,,,evet,0,0,0,10,0,0,0,0,0,0,0,0,0,0,0,10,10,0,0,0,10,0,10,0,0,10,0,10,10,10,0,hayır
vakıfbank fenerbahçe opet hangi kanalda,Sultanlar Ligi,Voleybol,Lig,1. Seviye,Üst,Kadın,Kulüp,Takım Sporu,Türkiye,Yerli,Türk Takımı Var,Doğrulanacak,Yıllık,Sürekli Lig,Kanal/Yayın,İzleme,Maç,Jenerik,Türkçe,Long-tail,h2h_kanal,0,,,,,,evet,0,0,0,0,0,0,0,0,0,0,0,0,0,0,0,0,10,0,0,0,10,10,0,0,0,0,0,10,10,10,0,hayır
vakıfbank fenerbahçe opet saat kaçta,Sultanlar Ligi,Voleybol,Lig,1. Seviye,Üst,Kadın,Kulüp,Takım Sporu,Türkiye,Yerli,Türk Takımı Var,Doğrulanacak,Yıllık,Sürekli Lig,Takvim/Saat,Bilgi,Maç,Jenerik,Türkçe,Long-tail,h2h_saat,,,,,,,hayir,,,,,,,,,,,,,,,,,,,,,,,,,,,,,,,,hayır
vakıfbank fenerbahçe opet istatistikleri,Sultanlar Ligi,Voleybol,Lig,1. Seviye,Üst,Kadın,Kulüp,Takım Sporu,Türkiye,Yerli,Türk Takımı Var,Doğrulanacak,Yıllık,Sürekli Lig,İstatistik,Bilgi,Maç,Jenerik,Türkçe,Body,h2h_ist,,,,,,,hayir,,,,,,,,,,,,,,,,,,,,,,,,,,,,,,,,hayır
vakıfbank eczacıbaşı,Sultanlar Ligi,Voleybol,Lig,1. Seviye,Üst,Kadın,Kulüp,Takım Sporu,Türkiye,Yerli,Türk Takımı Var,Doğrulanacak,Yıllık,Sürekli Lig,Rakip Eşleşmesi,Bilgi,Maç,Jenerik,Türkçe,Head,h2h,4400,LOW,1,,,,evet,170,170,22200,6600,9900,170,5400,170,210,2900,20,10,30,30,70,5400,2400,110,90,4400,170,140,320,70,20,40,90,1900,3600,140,210,hayır
vakıfbank eczacıbaşı maçı,Sultanlar Ligi,Voleybol,Lig,1. Seviye,Üst,Kadın,Kulüp,Takım Sporu,Türkiye,Yerli,Türk Takımı Var,Doğrulanacak,Yıllık,Sürekli Lig,Rakip Eşleşmesi,Bilgi,Maç,Jenerik,Türkçe,Body,h2h_mac,390,LOW,0,,,,evet,10,10,1900,320,480,20,1600,30,20,390,10,10,10,10,30,2900,720,30,30,1900,140,90,260,50,20,10,20,2900,2900,110,50,hayır
vakıfbank eczacıbaşı canlı izle,Sultanlar Ligi,Voleybol,Lig,1. Seviye,Üst,Kadın,Kulüp,Takım Sporu,Türkiye,Yerli,Türk Takımı Var,Doğrulanacak,Yıllık,Sürekli Lig,Canlı İzle,İzleme,Maç,Jenerik,Türkçe,Body,h2h_izle,40,,,,,,evet,0,0,210,40,110,10,50,0,10,30,0,0,0,0,0,40,10,0,0,40,0,10,20,0,0,10,10,30,40,10,10,hayır
vakıfbank eczacıbaşı hangi kanalda,Sultanlar Ligi,Voleybol,Lig,1. Seviye,Üst,Kadın,Kulüp,Takım Sporu,Türkiye,Yerli,Türk Takımı Var,Doğrulanacak,Yıllık,Sürekli Lig,Kanal/Yayın,İzleme,Maç,Jenerik,Türkçe,Body,h2h_kanal,,,,,,,hayir,,,,,,,,,,,,,,,,,,,,,,,,,,,,,,,,hayır
vakıfbank eczacıbaşı saat kaçta,Sultanlar Ligi,Voleybol,Lig,1. Seviye,Üst,Kadın,Kulüp,Takım Sporu,Türkiye,Yerli,Türk Takımı Var,Doğrulanacak,Yıllık,Sürekli Lig,Takvim/Saat,Bilgi,Maç,Jenerik,Türkçe,Body,h2h_saat,20,,,,,,evet,0,0,170,20,40,0,0,0,0,0,0,0,0,0,0,0,0,0,0,0,0,0,0,0,0,0,0,0,0,0,0,hayır
vakıfbank eczacıbaşı istatistikleri,Sultanlar Ligi,Voleybol,Lig,1. Seviye,Üst,Kadın,Kulüp,Takım Sporu,Türkiye,Yerli,Türk Takımı Var,Doğrulanacak,Yıllık,Sürekli Lig,İstatistik,Bilgi,Maç,Jenerik,Türkçe,Body,h2h_ist,,,,,,,hayir,,,,,,,,,,,,,,,,,,,,,,,,,,,,,,,,hayır
vakıfbank galatasaray daikin,Sultanlar Ligi,Voleybol,Lig,1. Seviye,Üst,Kadın,Kulüp,Takım Sporu,Türkiye,Yerli,Türk Takımı Var,Doğrulanacak,Yıllık,Sürekli Lig,Rakip Eşleşmesi,Bilgi,Maç,Jenerik,Türkçe,Body,h2h,,,,,,,hayir,,,,,,,,,,,,,,,,,,,,,,,,,,,,,,,,hayır
vakıfbank galatasaray daikin maçı,Sultanlar Ligi,Voleybol,Lig,1. Seviye,Üst,Kadın,Kulüp,Takım Sporu,Türkiye,Yerli,Türk Takımı Var,Doğrulanacak,Yıllık,Sürekli Lig,Rakip Eşleşmesi,Bilgi,Maç,Jenerik,Türkçe,Body,h2h_mac,,,,,,,hayir,,,,,,,,,,,,,,,,,,,,,,,,,,,,,,,,hayır
vakıfbank galatasaray daikin canlı izle,Sultanlar Ligi,Voleybol,Lig,1. Seviye,Üst,Kadın,Kulüp,Takım Sporu,Türkiye,Yerli,Türk Takımı Var,Doğrulanacak,Yıllık,Sürekli Lig,Canlı İzle,İzleme,Maç,Jenerik,Türkçe,Long-tail,h2h_izle,,,,,,,hayir,,,,,,,,,,,,,,,,,,,,,,,,,,,,,,,,hayır
vakıfbank galatasaray daikin hangi kanalda,Sultanlar Ligi,Voleybol,Lig,1. Seviye,Üst,Kadın,Kulüp,Takım Sporu,Türkiye,Yerli,Türk Takımı Var,Doğrulanacak,Yıllık,Sürekli Lig,Kanal/Yayın,İzleme,Maç,Jenerik,Türkçe,Long-tail,h2h_kanal,,,,,,,hayir,,,,,,,,,,,,,,,,,,,,,,,,,,,,,,,,hayır
vakıfbank galatasaray daikin saat kaçta,Sultanlar Ligi,Voleybol,Lig,1. Seviye,Üst,Kadın,Kulüp,Takım Sporu,Türkiye,Yerli,Türk Takımı Var,Doğrulanacak,Yıllık,Sürekli Lig,Takvim/Saat,Bilgi,Maç,Jenerik,Türkçe,Long-tail,h2h_saat,,,,,,,hayir,,,,,,,,,,,,,,,,,,,,,,,,,,,,,,,,hayır
vakıfbank galatasaray daikin istatistikleri,Sultanlar Ligi,Voleybol,Lig,1. Seviye,Üst,Kadın,Kulüp,Takım Sporu,Türkiye,Yerli,Türk Takımı Var,Doğrulanacak,Yıllık,Sürekli Lig,İstatistik,Bilgi,Maç,Jenerik,Türkçe,Body,h2h_ist,,,,,,,hayir,,,,,,,,,,,,,,,,,,,,,,,,,,,,,,,,hayır
fenerbahçe opet eczacıbaşı,Sultanlar Ligi,Voleybol,Lig,1. Seviye,Üst,Kadın,Kulüp,Takım Sporu,Türkiye,Yerli,Türk Takımı Var,Doğrulanacak,Yıllık,Sürekli Lig,Rakip Eşleşmesi,Bilgi,Maç,Jenerik,Türkçe,Body,h2h,20,,,,,,evet,0,10,10,10,70,10,140,10,50,10,10,10,0,10,10,170,50,30,390,30,20,1000,70,70,70,170,170,22200,6600,50,1300,hayır
fenerbahçe opet eczacıbaşı maçı,Sultanlar Ligi,Voleybol,Lig,1. Seviye,Üst,Kadın,Kulüp,Takım Sporu,Türkiye,Yerli,Türk Takımı Var,Doğrulanacak,Yıllık,Sürekli Lig,Rakip Eşleşmesi,Bilgi,Maç,Jenerik,Türkçe,Body,h2h_mac,10,,,,,,evet,0,0,0,0,0,10,10,10,10,0,0,0,0,10,0,10,10,0,30,10,0,50,10,10,0,0,10,720,260,0,40,hayır
fenerbahçe opet eczacıbaşı canlı izle,Sultanlar Ligi,Voleybol,Lig,1. Seviye,Üst,Kadın,Kulüp,Takım Sporu,Türkiye,Yerli,Türk Takımı Var,Doğrulanacak,Yıllık,Sürekli Lig,Canlı İzle,İzleme,Maç,Jenerik,Türkçe,Long-tail,h2h_izle,10,,,,,,evet,0,0,0,0,0,0,10,0,10,0,0,0,0,0,0,10,10,0,0,0,0,10,0,0,0,0,0,140,30,0,10,hayır
fenerbahçe opet eczacıbaşı hangi kanalda,Sultanlar Ligi,Voleybol,Lig,1. Seviye,Üst,Kadın,Kulüp,Takım Sporu,Türkiye,Yerli,Türk Takımı Var,Doğrulanacak,Yıllık,Sürekli Lig,Kanal/Yayın,İzleme,Maç,Jenerik,Türkçe,Long-tail,h2h_kanal,10,,,,,,evet,0,0,0,10,10,10,10,0,10,0,0,0,0,0,0,10,0,0,10,0,10,110,0,0,0,0,0,0,0,0,0,hayır
fenerbahçe opet eczacıbaşı saat kaçta,Sultanlar Ligi,Voleybol,Lig,1. Seviye,Üst,Kadın,Kulüp,Takım Sporu,Türkiye,Yerli,Türk Takımı Var,Doğrulanacak,Yıllık,Sürekli Lig,Takvim/Saat,Bilgi,Maç,Jenerik,Türkçe,Long-tail,h2h_saat,,,,,,,hayir,,,,,,,,,,,,,,,,,,,,,,,,,,,,,,,,hayır
fenerbahçe opet eczacıbaşı istatistikleri,Sultanlar Ligi,Voleybol,Lig,1. Seviye,Üst,Kadın,Kulüp,Takım Sporu,Türkiye,Yerli,Türk Takımı Var,Doğrulanacak,Yıllık,Sürekli Lig,İstatistik,Bilgi,Maç,Jenerik,Türkçe,Body,h2h_ist,,,,,,,hayir,,,,,,,,,,,,,,,,,,,,,,,,,,,,,,,,hayır
fenerbahçe opet galatasaray daikin,Sultanlar Ligi,Voleybol,Lig,1. Seviye,Üst,Kadın,Kulüp,Takım Sporu,Türkiye,Yerli,Türk Takımı Var,Doğrulanacak,Yıllık,Sürekli Lig,Rakip Eşleşmesi,Bilgi,Maç,Jenerik,Türkçe,Body,h2h,10,,,,,,evet,0,0,0,30,10,10,30,10,50,10,10,0,10,0,10,140,10,90,50,20,50,390,10,10,10,10,30,40,40,1000,70,hayır
fenerbahçe opet galatasaray daikin maçı,Sultanlar Ligi,Voleybol,Lig,1. Seviye,Üst,Kadın,Kulüp,Takım Sporu,Türkiye,Yerli,Türk Takımı Var,Doğrulanacak,Yıllık,Sürekli Lig,Rakip Eşleşmesi,Bilgi,Maç,Jenerik,Türkçe,Long-tail,h2h_mac,10,,,,,,evet,0,10,0,10,0,10,0,10,10,0,0,0,0,0,0,70,0,0,0,0,0,0,0,0,0,0,0,0,0,0,0,hayır
fenerbahçe opet galatasaray daikin canlı izle,Sultanlar Ligi,Voleybol,Lig,1. Seviye,Üst,Kadın,Kulüp,Takım Sporu,Türkiye,Yerli,Türk Takımı Var,Doğrulanacak,Yıllık,Sürekli Lig,Canlı İzle,İzleme,Maç,Jenerik,Türkçe,Long-tail,h2h_izle,,,,,,,hayir,,,,,,,,,,,,,,,,,,,,,,,,,,,,,,,,hayır
fenerbahçe opet galatasaray daikin hangi kanalda,Sultanlar Ligi,Voleybol,Lig,1. Seviye,Üst,Kadın,Kulüp,Takım Sporu,Türkiye,Yerli,Türk Takımı Var,Doğrulanacak,Yıllık,Sürekli Lig,Kanal/Yayın,İzleme,Maç,Jenerik,Türkçe,Long-tail,h2h_kanal,10,,,,,,evet,0,10,0,10,10,10,30,0,10,0,0,0,0,0,0,40,10,10,10,0,10,10,0,0,0,0,0,10,10,90,0,hayır
fenerbahçe opet galatasaray daikin saat kaçta,Sultanlar Ligi,Voleybol,Lig,1. Seviye,Üst,Kadın,Kulüp,Takım Sporu,Türkiye,Yerli,Türk Takımı Var,Doğrulanacak,Yıllık,Sürekli Lig,Takvim/Saat,Bilgi,Maç,Jenerik,Türkçe,Long-tail,h2h_saat,,,,,,,hayir,,,,,,,,,,,,,,,,,,,,,,,,,,,,,,,,hayır
fenerbahçe opet galatasaray daikin istatistikleri,Sultanlar Ligi,Voleybol,Lig,1. Seviye,Üst,Kadın,Kulüp,Takım Sporu,Türkiye,Yerli,Türk Takımı Var,Doğrulanacak,Yıllık,Sürekli Lig,İstatistik,Bilgi,Maç,Jenerik,Türkçe,Long-tail,h2h_ist,,,,,,,hayir,,,,,,,,,,,,,,,,,,,,,,,,,,,,,,,,hayır
eczacıbaşı galatasaray daikin,Sultanlar Ligi,Voleybol,Lig,1. Seviye,Üst,Kadın,Kulüp,Takım Sporu,Türkiye,Yerli,Türk Takımı Var,Doğrulanacak,Yıllık,Sürekli Lig,Rakip Eşleşmesi,Bilgi,Maç,Jenerik,Türkçe,Body,h2h,10,,,,,,evet,0,0,0,0,10,10,0,20,0,0,10,0,0,0,0,30,70,0,0,0,0,0,0,0,0,0,0,0,0,0,0,hayır
eczacıbaşı galatasaray daikin maçı,Sultanlar Ligi,Voleybol,Lig,1. Seviye,Üst,Kadın,Kulüp,Takım Sporu,Türkiye,Yerli,Türk Takımı Var,Doğrulanacak,Yıllık,Sürekli Lig,Rakip Eşleşmesi,Bilgi,Maç,Jenerik,Türkçe,Body,h2h_mac,,,,,,,hayir,,,,,,,,,,,,,,,,,,,,,,,,,,,,,,,,hayır
eczacıbaşı galatasaray daikin canlı izle,Sultanlar Ligi,Voleybol,Lig,1. Seviye,Üst,Kadın,Kulüp,Takım Sporu,Türkiye,Yerli,Türk Takımı Var,Doğrulanacak,Yıllık,Sürekli Lig,Canlı İzle,İzleme,Maç,Jenerik,Türkçe,Long-tail,h2h_izle,,,,,,,hayir,,,,,,,,,,,,,,,,,,,,,,,,,,,,,,,,hayır
eczacıbaşı galatasaray daikin hangi kanalda,Sultanlar Ligi,Voleybol,Lig,1. Seviye,Üst,Kadın,Kulüp,Takım Sporu,Türkiye,Yerli,Türk Takımı Var,Doğrulanacak,Yıllık,Sürekli Lig,Kanal/Yayın,İzleme,Maç,Jenerik,Türkçe,Long-tail,h2h_kanal,,,,,,,hayir,,,,,,,,,,,,,,,,,,,,,,,,,,,,,,,,hayır
eczacıbaşı galatasaray daikin saat kaçta,Sultanlar Ligi,Voleybol,Lig,1. Seviye,Üst,Kadın,Kulüp,Takım Sporu,Türkiye,Yerli,Türk Takımı Var,Doğrulanacak,Yıllık,Sürekli Lig,Takvim/Saat,Bilgi,Maç,Jenerik,Türkçe,Long-tail,h2h_saat,,,,,,,hayir,,,,,,,,,,,,,,,,,,,,,,,,,,,,,,,,hayır
eczacıbaşı galatasaray daikin istatistikleri,Sultanlar Ligi,Voleybol,Lig,1. Seviye,Üst,Kadın,Kulüp,Takım Sporu,Türkiye,Yerli,Türk Takımı Var,Doğrulanacak,Yıllık,Sürekli Lig,İstatistik,Bilgi,Maç,Jenerik,Türkçe,Body,h2h_ist,,,,,,,hayir,,,,,,,,,,,,,,,,,,,,,,,,,,,,,,,,hayır
türkiye ispanya,Milli Takım Karşılaşmaları,Futbol,Milli,Milli,Global Elit,Erkek,Milli Takım,Takım Sporu,Global,Uluslararası,Türk Takımı Var,TV+ Var,Sürekli,Turnuva,Rakip Eşleşmesi,Bilgi,Maç,Jenerik,Türkçe,Head,h2h,1000000,LOW,0,0.07,0.04,0.16,evet,33100,60500,18100,18100,90500,18100,18100,27100,1220000,246000,11100000,201000,60500,110000,60500,18100,40500,1000,4400,2400,1300,1300,1600,1300,9900,6600,590,480,590,480,480,hayır
türkiye ispanya maçı,Milli Takım Karşılaşmaları,Futbol,Milli,Milli,Global Elit,Erkek,Milli Takım,Takım Sporu,Global,Uluslararası,Türk Takımı Var,TV+ Var,Sürekli,Turnuva,Rakip Eşleşmesi,Bilgi,Maç,Jenerik,Türkçe,Body,h2h_mac,165000,LOW,1,,0.08,0.35,evet,8100,8100,2900,3600,12100,2900,3600,8100,1220000,27100,673000,40500,12100,18100,18100,1900,6600,480,1900,1600,880,1000,1600,1000,12100,6600,260,210,390,260,260,hayır
türkiye ispanya canlı izle,Milli Takım Karşılaşmaları,Futbol,Milli,Milli,Global Elit,Erkek,Milli Takım,Takım Sporu,Global,Uluslararası,Türk Takımı Var,TV+ Var,Sürekli,Turnuva,Canlı İzle,İzleme,Maç,Jenerik,Türkçe,Body,h2h_izle,4400,LOW,5,,,,evet,10,10,10,0,40,10,10,20,4400,110,49500,110,20,10,10,0,10,0,10,0,0,10,10,10,30,10,0,0,0,0,0,hayır
türkiye ispanya hangi kanalda,Milli Takım Karşılaşmaları,Futbol,Milli,Milli,Global Elit,Erkek,Milli Takım,Takım Sporu,Global,Uluslararası,Türk Takımı Var,TV+ Var,Sürekli,Turnuva,Kanal/Yayın,İzleme,Maç,Jenerik,Türkçe,Body,h2h_kanal,22200,LOW,4,,,,evet,30,30,10,20,90,30,30,70,27100,720,246000,720,170,210,70,30,40,0,10,10,10,10,10,0,10,20,0,10,0,0,0,hayır
türkiye portekiz,Milli Takım Karşılaşmaları,Futbol,Milli,Milli,Global Elit,Erkek,Milli Takım,Takım Sporu,Global,Uluslararası,Türk Takımı Var,TV+ Var,Sürekli,Turnuva,Rakip Eşleşmesi,Bilgi,Maç,Jenerik,Türkçe,Head,h2h,22200,LOW,0,,,,evet,9900,27100,9900,9900,14800,6600,5400,5400,12100,9900,22200,110000,9900,22200,9900,9900,27100,9900,12100,14800,27100,33100,33100,27100,246000,11100000,33100,18100,60500,27100,33100,hayır
türkiye portekiz maçı,Milli Takım Karşılaşmaları,Futbol,Milli,Milli,Global Elit,Erkek,Milli Takım,Takım Sporu,Global,Uluslararası,Türk Takımı Var,TV+ Var,Sürekli,Turnuva,Rakip Eşleşmesi,Bilgi,Maç,Jenerik,Türkçe,Body,h2h_mac,1900,LOW,1,,,,evet,1600,5400,1300,1600,2400,880,1000,880,1900,1300,2900,4400,1000,2900,1300,1300,2900,1300,2400,2900,5400,9900,5400,6600,49500,1500000,4400,2900,5400,4400,4400,hayır
türkiye portekiz canlı izle,Milli Takım Karşılaşmaları,Futbol,Milli,Milli,Global Elit,Erkek,Milli Takım,Takım Sporu,Global,Uluslararası,Türk Takımı Var,TV+ Var,Sürekli,Turnuva,Canlı İzle,İzleme,Maç,Jenerik,Türkçe,Body,h2h_izle,30,LOW,7,,,,evet,10,10,10,10,10,0,10,0,10,10,30,320,10,10,10,10,10,10,10,10,10,20,20,20,170,22200,10,10,10,10,0,hayır
türkiye portekiz hangi kanalda,Milli Takım Karşılaşmaları,Futbol,Milli,Milli,Global Elit,Erkek,Milli Takım,Takım Sporu,Global,Uluslararası,Türk Takımı Var,TV+ Var,Sürekli,Turnuva,Kanal/Yayın,İzleme,Maç,Jenerik,Türkçe,Body,h2h_kanal,170,LOW,0,,,,evet,10,10,10,10,10,10,0,10,10,10,110,1900,10,30,10,10,30,10,10,10,20,40,30,40,320,60500,70,20,90,20,20,hayır
türkiye fransa,Milli Takım Karşılaşmaları,Futbol,Milli,Milli,Global Elit,Erkek,Milli Takım,Takım Sporu,Global,Uluslararası,Türk Takımı Var,TV+ Var,Sürekli,Turnuva,Rakip Eşleşmesi,Bilgi,Maç,Jenerik,Türkçe,Head,h2h,74000,LOW,0,0.2,0.03,0.24,evet,165000,301000,27100,27100,301000,27100,2900,2400,6600,6600,22200,3600,2900,18100,4400,3600,8100,2900,4400,5400,9900,8100,5400,3600,27100,33100,12100,3600,9900,4400,5400,hayır
türkiye fransa maçı,Milli Takım Karşılaşmaları,Futbol,Milli,Milli,Global Elit,Erkek,Milli Takım,Takım Sporu,Global,Uluslararası,Türk Takımı Var,TV+ Var,Sürekli,Turnuva,Rakip Eşleşmesi,Bilgi,Maç,Jenerik,Türkçe,Body,h2h_mac,5400,LOW,0,0.1,0.04,0.3,evet,12100,18100,2900,2900,8100,4400,590,390,1000,1000,3600,720,880,4400,720,720,1900,590,1000,1300,2400,1900,1600,1600,9900,8100,2400,480,1000,880,1000,hayır
türkiye fransa canlı izle,Milli Takım Karşılaşmaları,Futbol,Milli,Milli,Global Elit,Erkek,Milli Takım,Takım Sporu,Global,Uluslararası,Türk Takımı Var,TV+ Var,Sürekli,Turnuva,Canlı İzle,İzleme,Maç,Jenerik,Türkçe,Body,h2h_izle,10,LOW,5,,,,evet,10,50,0,0,10,0,0,0,0,0,10,0,0,10,0,0,0,0,0,0,10,0,10,0,30,10,40,0,0,0,10,hayır
türkiye fransa hangi kanalda,Milli Takım Karşılaşmaları,Futbol,Milli,Milli,Global Elit,Erkek,Milli Takım,Takım Sporu,Global,Uluslararası,Türk Takımı Var,TV+ Var,Sürekli,Turnuva,Kanal/Yayın,İzleme,Maç,Jenerik,Türkçe,Body,h2h_kanal,90,LOW,3,,,,evet,170,320,20,20,390,50,0,10,10,0,30,10,0,90,10,0,10,0,0,0,10,0,10,10,110,20,110,10,10,0,10,hayır
türkiye arjantin,Milli Takım Karşılaşmaları,Futbol,Milli,Milli,Global Elit,Erkek,Milli Takım,Takım Sporu,Global,Uluslararası,Türk Takımı Var,TV+ Var,Sürekli,Turnuva,Rakip Eşleşmesi,Bilgi,Maç,Jenerik,Türkçe,Head,h2h,880,LOW,0,0.11,0.03,0.13,evet,2400,3600,480,320,1300,210,210,260,320,390,480,210,720,720,480,390,880,590,590,590,720,720,720,480,2900,3600,480,480,1000,720,1900,hayır
türkiye arjantin maçı,Milli Takım Karşılaşmaları,Futbol,Milli,Milli,Global Elit,Erkek,Milli Takım,Takım Sporu,Global,Uluslararası,Türk Takımı Var,TV+ Var,Sürekli,Turnuva,Rakip Eşleşmesi,Bilgi,Maç,Jenerik,Türkçe,Body,h2h_mac,1000,LOW,1,,,,evet,2400,6600,590,390,1600,260,260,260,480,390,590,320,1000,1300,480,480,1000,590,720,720,1000,1000,880,720,4400,4400,480,480,1600,1000,2400,hayır
türkiye arjantin canlı izle,Milli Takım Karşılaşmaları,Futbol,Milli,Milli,Global Elit,Erkek,Milli Takım,Takım Sporu,Global,Uluslararası,Türk Takımı Var,TV+ Var,Sürekli,Turnuva,Canlı İzle,İzleme,Maç,Jenerik,Türkçe,Body,h2h_izle,10,LOW,0,,,,evet,10,10,0,0,10,0,0,0,0,10,0,0,0,10,0,0,0,0,0,0,0,0,0,10,10,10,0,0,0,0,0,hayır
türkiye arjantin hangi kanalda,Milli Takım Karşılaşmaları,Futbol,Milli,Milli,Global Elit,Erkek,Milli Takım,Takım Sporu,Global,Uluslararası,Türk Takımı Var,TV+ Var,Sürekli,Turnuva,Kanal/Yayın,İzleme,Maç,Jenerik,Türkçe,Body,h2h_kanal,10,LOW,1,,,,evet,10,0,0,0,0,0,0,0,0,0,0,0,0,0,0,0,0,0,0,0,0,0,0,0,0,0,0,0,0,0,0,hayır
türkiye brezilya,Milli Takım Karşılaşmaları,Futbol,Milli,Milli,Global Elit,Erkek,Milli Takım,Takım Sporu,Global,Uluslararası,Türk Takımı Var,TV+ Var,Sürekli,Turnuva,Rakip Eşleşmesi,Bilgi,Maç,Jenerik,Türkçe,Head,h2h,8100,LOW,1,0.18,0.03,0.17,evet,60500,14800,2400,2900,2900,1000,1000,880,1600,3600,6600,2900,5400,27100,3600,2900,6600,2900,8100,2900,5400,3600,2900,74000,6600,22200,2900,2400,5400,3600,3600,hayır
türkiye brezilya maçı,Milli Takım Karşılaşmaları,Futbol,Milli,Milli,Global Elit,Erkek,Milli Takım,Takım Sporu,Global,Uluslararası,Türk Takımı Var,TV+ Var,Sürekli,Turnuva,Rakip Eşleşmesi,Bilgi,Maç,Jenerik,Türkçe,Body,h2h_mac,2400,LOW,0,0.71,0.04,0.19,evet,14800,8100,880,1000,880,480,390,390,590,720,1300,590,1600,6600,480,390,720,480,1600,480,720,720,1000,18100,1900,22200,590,390,720,590,590,hayır
türkiye brezilya canlı izle,Milli Takım Karşılaşmaları,Futbol,Milli,Milli,Global Elit,Erkek,Milli Takım,Takım Sporu,Global,Uluslararası,Türk Takımı Var,TV+ Var,Sürekli,Turnuva,Canlı İzle,İzleme,Maç,Jenerik,Türkçe,Body,h2h_izle,210,LOW,3,0.27,0.09,0.35,evet,2400,10,0,0,10,0,10,0,0,10,10,0,10,320,10,0,10,10,10,10,0,10,10,1600,10,210,10,0,0,0,0,hayır
türkiye brezilya hangi kanalda,Milli Takım Karşılaşmaları,Futbol,Milli,Milli,Global Elit,Erkek,Milli Takım,Takım Sporu,Global,Uluslararası,Türk Takımı Var,TV+ Var,Sürekli,Turnuva,Kanal/Yayın,İzleme,Maç,Jenerik,Türkçe,Body,h2h_kanal,170,LOW,4,0.26,0.1,0.32,evet,1900,20,10,10,10,10,10,10,10,0,20,0,10,590,0,0,0,0,10,0,0,10,10,1000,10,90,0,0,0,0,10,hayır
türkiye almanya,Milli Takım Karşılaşmaları,Futbol,Milli,Milli,Global Elit,Erkek,Milli Takım,Takım Sporu,Global,Uluslararası,Türk Takımı Var,TV+ Var,Sürekli,Turnuva,Rakip Eşleşmesi,Bilgi,Maç,Jenerik,Türkçe,Head,h2h,110000,LOW,0,0.14,0.04,0.15,evet,3600,14800,2400,2400,8100,2900,1900,3600,6600,8100,1500000,3600,2900,12100,2400,1600,2900,1600,1900,2400,8100,3600,3600,2900,18100,27100,9900,2900,8100,4400,8100,hayır
türkiye almanya maçı,Milli Takım Karşılaşmaları,Futbol,Milli,Milli,Global Elit,Erkek,Milli Takım,Takım Sporu,Global,Uluslararası,Türk Takımı Var,TV+ Var,Sürekli,Turnuva,Rakip Eşleşmesi,Bilgi,Maç,Jenerik,Türkçe,Body,h2h_mac,6600,LOW,0,0.23,,,evet,1300,6600,1000,880,2400,880,880,720,1300,1300,60500,1000,1300,3600,1000,880,1900,720,1000,1600,5400,2400,1900,1300,22200,18100,8100,1000,3600,2900,5400,hayır
türkiye almanya canlı izle,Milli Takım Karşılaşmaları,Futbol,Milli,Milli,Global Elit,Erkek,Milli Takım,Takım Sporu,Global,Uluslararası,Türk Takımı Var,TV+ Var,Sürekli,Turnuva,Canlı İzle,İzleme,Maç,Jenerik,Türkçe,Body,h2h_izle,390,,,,,,evet,0,170,0,10,30,0,10,10,10,20,4400,10,10,10,20,0,10,10,10,10,10,10,10,0,90,30,20,10,10,10,10,hayır
türkiye almanya hangi kanalda,Milli Takım Karşılaşmaları,Futbol,Milli,Milli,Global Elit,Erkek,Milli Takım,Takım Sporu,Global,Uluslararası,Türk Takımı Var,TV+ Var,Sürekli,Turnuva,Kanal/Yayın,İzleme,Maç,Jenerik,Türkçe,Body,h2h_kanal,1300,LOW,0,,,,evet,10,140,10,0,210,10,10,10,70,40,18100,70,10,50,30,10,10,0,0,10,70,10,20,10,50,70,260,10,20,10,20,hayır
türkiye ingiltere,Milli Takım Karşılaşmaları,Futbol,Milli,Milli,Global Elit,Erkek,Milli Takım,Takım Sporu,Global,Uluslararası,Türk Takımı Var,TV+ Var,Sürekli,Turnuva,Rakip Eşleşmesi,Bilgi,Maç,Jenerik,Türkçe,Head,h2h,1600,LOW,0,,,,evet,2900,3600,880,880,1300,880,1300,880,2900,1600,1600,590,720,1000,880,590,1600,590,720,1000,1600,1300,8100,880,6600,2900,590,480,590,390,590,hayır
türkiye ingiltere maçı,Milli Takım Karşılaşmaları,Futbol,Milli,Milli,Global Elit,Erkek,Milli Takım,Takım Sporu,Global,Uluslararası,Türk Takımı Var,TV+ Var,Sürekli,Turnuva,Rakip Eşleşmesi,Bilgi,Maç,Jenerik,Türkçe,Body,h2h_mac,720,LOW,1,,,,evet,1000,1600,590,480,720,480,720,390,1300,590,1000,260,260,590,480,480,1300,480,590,590,1000,1300,3600,880,14800,4400,390,480,590,320,320,hayır
türkiye ingiltere canlı izle,Milli Takım Karşılaşmaları,Futbol,Milli,Milli,Global Elit,Erkek,Milli Takım,Takım Sporu,Global,Uluslararası,Türk Takımı Var,TV+ Var,Sürekli,Turnuva,Canlı İzle,İzleme,Maç,Jenerik,Türkçe,Body,h2h_izle,10,,,,,,evet,0,0,0,0,0,0,0,0,0,0,10,0,0,0,0,0,10,0,10,0,10,0,10,0,10,10,0,0,0,0,0,hayır
türkiye ingiltere hangi kanalda,Milli Takım Karşılaşmaları,Futbol,Milli,Milli,Global Elit,Erkek,Milli Takım,Takım Sporu,Global,Uluslararası,Türk Takımı Var,TV+ Var,Sürekli,Turnuva,Kanal/Yayın,İzleme,Maç,Jenerik,Türkçe,Body,h2h_kanal,10,,,,,,evet,0,0,0,10,0,0,0,0,0,10,10,0,0,10,10,0,10,0,0,0,10,10,10,0,10,10,0,10,10,0,0,hayır
türkiye italya,Milli Takım Karşılaşmaları,Futbol,Milli,Milli,Global Elit,Erkek,Milli Takım,Takım Sporu,Global,Uluslararası,Türk Takımı Var,TV+ Var,Sürekli,Turnuva,Rakip Eşleşmesi,Bilgi,Maç,Jenerik,Türkçe,Head,h2h,22200,LOW,0,0.11,0.02,0.15,evet,22200,49500,9900,12100,33100,8100,1300,1600,2900,2400,110000,2400,18100,12100,4400,2900,12100,27100,3600,4400,8100,4400,4400,135000,9900,673000,22200,9900,33100,9900,2400,hayır
türkiye italya maçı,Milli Takım Karşılaşmaları,Futbol,Milli,Milli,Global Elit,Erkek,Milli Takım,Takım Sporu,Global,Uluslararası,Türk Takımı Var,TV+ Var,Sürekli,Turnuva,Rakip Eşleşmesi,Bilgi,Maç,Jenerik,Türkçe,Body,h2h_mac,3600,LOW,0,,,,evet,5400,6600,3600,6600,1900,880,170,260,880,590,18100,390,5400,2900,1000,260,2400,1900,390,480,1000,1300,1600,60500,4400,201000,12100,3600,9900,2400,480,hayır
türkiye italya canlı izle,Milli Takım Karşılaşmaları,Futbol,Milli,Milli,Global Elit,Erkek,Milli Takım,Takım Sporu,Global,Uluslararası,Türk Takımı Var,TV+ Var,Sürekli,Turnuva,Canlı İzle,İzleme,Maç,Jenerik,Türkçe,Body,h2h_izle,110,LOW,0,,,,evet,10,40,30,0,10,10,10,10,0,10,1300,10,210,20,50,10,20,40,10,10,10,10,30,2400,10,3600,480,0,50,10,10,hayır
türkiye italya hangi kanalda,Milli Takım Karşılaşmaları,Futbol,Milli,Milli,Global Elit,Erkek,Milli Takım,Takım Sporu,Global,Uluslararası,Türk Takımı Var,TV+ Var,Sürekli,Turnuva,Kanal/Yayın,İzleme,Maç,Jenerik,Türkçe,Body,h2h_kanal,210,LOW,2,,,,evet,40,90,50,10,40,10,0,0,10,10,2400,10,320,70,30,10,30,390,10,10,10,20,20,4400,40,14800,260,20,110,110,10,hayır
türkiye hollanda,Milli Takım Karşılaşmaları,Futbol,Milli,Milli,Global Elit,Erkek,Milli Takım,Takım Sporu,Global,Uluslararası,Türk Takımı Var,TV+ Var,Sürekli,Turnuva,Rakip Eşleşmesi,Bilgi,Maç,Jenerik,Türkçe,Head,h2h,6600,LOW,0,0.12,0.02,0.16,evet,5400,18100,5400,5400,12100,3600,3600,2900,5400,6600,12100,4400,9900,9900,6600,5400,14800,8100,8100,9900,14800,14800,18100,22200,6120000,9900,22200,1300,4400,1600,1600,hayır
türkiye hollanda maçı,Milli Takım Karşılaşmaları,Futbol,Milli,Milli,Global Elit,Erkek,Milli Takım,Takım Sporu,Global,Uluslararası,Türk Takımı Var,TV+ Var,Sürekli,Turnuva,Rakip Eşleşmesi,Bilgi,Maç,Jenerik,Türkçe,Body,h2h_mac,2900,LOW,0,0.7,,,evet,1600,14800,1600,1900,4400,1000,1300,880,1900,1600,4400,1600,4400,4400,2400,1600,3600,2400,2900,4400,5400,5400,6600,12100,1220000,4400,6600,260,880,210,260,hayır
türkiye hollanda canlı izle,Milli Takım Karşılaşmaları,Futbol,Milli,Milli,Global Elit,Erkek,Milli Takım,Takım Sporu,Global,Uluslararası,Türk Takımı Var,TV+ Var,Sürekli,Turnuva,Canlı İzle,İzleme,Maç,Jenerik,Türkçe,Body,h2h_izle,10,,,,,,evet,0,40,0,0,10,0,0,10,10,10,20,10,70,10,10,10,10,10,20,10,30,40,70,90,74000,10,50,10,10,0,0,hayır
türkiye hollanda hangi kanalda,Milli Takım Karşılaşmaları,Futbol,Milli,Milli,Global Elit,Erkek,Milli Takım,Takım Sporu,Global,Uluslararası,Türk Takımı Var,TV+ Var,Sürekli,Turnuva,Kanal/Yayın,İzleme,Maç,Jenerik,Türkçe,Body,h2h_kanal,20,LOW,9,,,,evet,10,90,10,10,40,10,10,10,10,10,70,10,170,10,30,10,20,10,10,10,20,30,40,110,27100,50,720,10,10,10,10,hayır
ispanya portekiz,Milli Takım Karşılaşmaları,Futbol,Milli,Milli,Global Elit,Erkek,Milli Takım,Takım Sporu,Global,Uluslararası,Türk Takımı Var,TV+ Var,Sürekli,Turnuva,Rakip Eşleşmesi,Bilgi,Maç,Jenerik,İngilizce,Head,h2h,49500,LOW,1,0.22,0.09,1.28,evet,550000,5400,1600,1300,3600,1300,1600,1300,2900,2400,8100,2400,14800,1000000,1900,3600,2400,1300,1300,1000,1300,1600,1300,880,5400,2400,880,880,1000,880,880,hayır
ispanya portekiz maçı,Milli Takım Karşılaşmaları,Futbol,Milli,Milli,Global Elit,Erkek,Milli Takım,Takım Sporu,Global,Uluslararası,Türk Takımı Var,TV+ Var,Sürekli,Turnuva,Rakip Eşleşmesi,Bilgi,Maç,Jenerik,Türkçe,Body,h2h_mac,8100,LOW,1,0.22,0.07,0.29,evet,90500,1600,390,260,390,170,260,260,390,590,2400,320,1600,74000,260,210,320,260,260,170,320,390,260,210,1900,480,170,110,170,110,90,hayır
ispanya portekiz canlı izle,Milli Takım Karşılaşmaları,Futbol,Milli,Milli,Global Elit,Erkek,Milli Takım,Takım Sporu,Global,Uluslararası,Türk Takımı Var,TV+ Var,Sürekli,Turnuva,Canlı İzle,İzleme,Maç,Jenerik,Türkçe,Body,h2h_izle,390,LOW,5,0.28,0.11,0.4,evet,4400,10,0,10,10,0,0,0,10,10,10,10,20,8100,0,10,0,0,10,0,0,10,0,0,20,10,0,0,0,0,0,hayır
ispanya portekiz hangi kanalda,Milli Takım Karşılaşmaları,Futbol,Milli,Milli,Global Elit,Erkek,Milli Takım,Takım Sporu,Global,Uluslararası,Türk Takımı Var,TV+ Var,Sürekli,Turnuva,Kanal/Yayın,İzleme,Maç,Jenerik,İngilizce,Body,h2h_kanal,260,LOW,4,0.33,0.1,0.39,evet,2900,10,0,0,10,10,10,10,10,10,20,10,110,27100,0,20,10,0,0,10,10,10,10,0,10,10,10,0,0,0,0,hayır
ispanya fransa,Milli Takım Karşılaşmaları,Futbol,Milli,Milli,Global Elit,Erkek,Milli Takım,Takım Sporu,Global,Uluslararası,Türk Takımı Var,TV+ Var,Sürekli,Turnuva,Rakip Eşleşmesi,Bilgi,Maç,Jenerik,İngilizce,Head,h2h,74000,LOW,0,0.34,0.06,0.5,evet,823000,18100,5400,5400,12100,5400,5400,2900,6600,6600,14800,4400,8100,1220000,12100,6600,14800,2900,3600,3600,5400,6600,8100,18100,2240000,4400,320,260,390,880,390,hayır
ispanya fransa maçı,Milli Takım Karşılaşmaları,Futbol,Milli,Milli,Global Elit,Erkek,Milli Takım,Takım Sporu,Global,Uluslararası,Türk Takımı Var,TV+ Var,Sürekli,Turnuva,Rakip Eşleşmesi,Bilgi,Maç,Jenerik,Türkçe,Body,h2h_mac,12100,LOW,0,0.26,0.03,0.26,evet,135000,1600,320,320,880,210,170,170,170,210,1000,260,480,49500,210,170,590,140,210,260,320,390,480,3600,368000,720,70,30,70,260,50,hayır
ispanya fransa canlı izle,Milli Takım Karşılaşmaları,Futbol,Milli,Milli,Global Elit,Erkek,Milli Takım,Takım Sporu,Global,Uluslararası,Türk Takımı Var,TV+ Var,Sürekli,Turnuva,Canlı İzle,İzleme,Maç,Jenerik,Türkçe,Body,h2h_izle,390,LOW,2,0.11,0.04,0.15,evet,4400,10,10,10,10,0,10,0,10,10,10,10,10,2900,10,0,10,0,10,0,10,10,10,30,5400,10,0,0,0,10,0,hayır
ispanya fransa hangi kanalda,Milli Takım Karşılaşmaları,Futbol,Milli,Milli,Global Elit,Erkek,Milli Takım,Takım Sporu,Global,Uluslararası,Türk Takımı Var,TV+ Var,Sürekli,Turnuva,Kanal/Yayın,İzleme,Maç,Jenerik,İngilizce,Body,h2h_kanal,260,LOW,1,0.19,0.08,0.26,evet,2900,10,10,0,10,10,10,10,20,30,50,20,30,49500,50,10,40,0,10,0,10,10,10,70,2900,10,10,0,10,20,10,hayır
ispanya arjantin,Milli Takım Karşılaşmaları,Futbol,Milli,Milli,Global Elit,Erkek,Milli Takım,Takım Sporu,Global,Uluslararası,Türk Takımı Var,TV+ Var,Sürekli,Turnuva,Rakip Eşleşmesi,Bilgi,Maç,Jenerik,İngilizce,Head,h2h,450000,LOW,1,0.13,0.03,0.17,evet,5000000,9900,2900,6600,33100,4400,2400,1900,590,590,1600,720,1000,6600,1900,720,1300,590,1300,880,1000,1600,1300,2400,9900,590,210,390,320,140,390,hayır
ispanya arjantin maçı,Milli Takım Karşılaşmaları,Futbol,Milli,Milli,Global Elit,Erkek,Milli Takım,Takım Sporu,Global,Uluslararası,Türk Takımı Var,TV+ Var,Sürekli,Turnuva,Rakip Eşleşmesi,Bilgi,Maç,Jenerik,Türkçe,Body,h2h_mac,27100,LOW,1,0.13,0.03,0.25,evet,368000,390,110,170,1000,170,110,170,260,90,140,40,70,320,90,50,50,40,50,30,70,260,260,720,1600,40,20,30,20,10,50,hayır
ispanya arjantin canlı izle,Milli Takım Karşılaşmaları,Futbol,Milli,Milli,Global Elit,Erkek,Milli Takım,Takım Sporu,Global,Uluslararası,Türk Takımı Var,TV+ Var,Sürekli,Turnuva,Canlı İzle,İzleme,Maç,Jenerik,Türkçe,Body,h2h_izle,5400,LOW,2,0.19,0.05,0.26,evet,74000,0,0,0,0,10,10,0,0,0,0,10,0,0,0,0,0,0,10,0,0,0,0,0,10,0,0,0,0,0,0,hayır
ispanya arjantin hangi kanalda,Milli Takım Karşılaşmaları,Futbol,Milli,Milli,Global Elit,Erkek,Milli Takım,Takım Sporu,Global,Uluslararası,Türk Takımı Var,TV+ Var,Sürekli,Turnuva,Kanal/Yayın,İzleme,Maç,Jenerik,İngilizce,Body,h2h_kanal,4400,LOW,4,0.28,0.1,0.38,evet,60500,10,10,10,40,0,0,0,0,0,0,0,0,0,0,0,0,0,0,0,0,0,0,0,0,0,0,0,0,0,0,hayır
ispanya brezilya,Milli Takım Karşılaşmaları,Futbol,Milli,Milli,Global Elit,Erkek,Milli Takım,Takım Sporu,Global,Uluslararası,Türk Takımı Var,TV+ Var,Sürekli,Turnuva,Rakip Eşleşmesi,Bilgi,Maç,Jenerik,İngilizce,Head,h2h,1600,LOW,0,,,,evet,2900,3600,1900,1000,1900,480,1900,590,1000,1000,1900,590,1000,2900,1900,1600,4400,2900,2400,1300,1900,1600,1600,1000,4400,12100,3600,6600,90500,480,320,hayır
ispanya brezilya maçı,Milli Takım Karşılaşmaları,Futbol,Milli,Milli,Global Elit,Erkek,Milli Takım,Takım Sporu,Global,Uluslararası,Türk Takımı Var,TV+ Var,Sürekli,Turnuva,Rakip Eşleşmesi,Bilgi,Maç,Jenerik,Türkçe,Body,h2h_mac,260,LOW,0,,,,evet,1000,390,320,260,390,70,260,50,140,70,70,20,40,110,140,50,90,110,90,50,70,70,50,140,390,590,50,140,2400,10,10,hayır
ispanya brezilya canlı izle,Milli Takım Karşılaşmaları,Futbol,Milli,Milli,Global Elit,Erkek,Milli Takım,Takım Sporu,Global,Uluslararası,Türk Takımı Var,TV+ Var,Sürekli,Turnuva,Canlı İzle,İzleme,Maç,Jenerik,Türkçe,Body,h2h_izle,10,LOW,2,,,,evet,10,10,10,10,0,0,0,0,0,0,10,0,0,0,10,0,0,0,10,0,0,0,0,10,10,10,10,10,480,0,0,hayır
ispanya brezilya hangi kanalda,Milli Takım Karşılaşmaları,Futbol,Milli,Milli,Global Elit,Erkek,Milli Takım,Takım Sporu,Global,Uluslararası,Türk Takımı Var,TV+ Var,Sürekli,Turnuva,Kanal/Yayın,İzleme,Maç,Jenerik,İngilizce,Body,h2h_kanal,10,LOW,0,,,,evet,10,10,10,10,0,0,0,0,0,0,10,0,10,10,10,0,0,10,0,10,0,10,10,20,0,0,0,0,0,0,0,hayır
ispanya almanya,Milli Takım Karşılaşmaları,Futbol,Milli,Milli,Global Elit,Erkek,Milli Takım,Takım Sporu,Global,Uluslararası,Türk Takımı Var,TV+ Var,Sürekli,Turnuva,Rakip Eşleşmesi,Bilgi,Maç,Jenerik,İngilizce,Head,h2h,1900,LOW,0,,,,evet,5400,3600,1000,1300,1600,880,1000,2900,1900,1300,2900,1000,4400,8100,1900,1900,3600,2400,2400,2400,3600,4400,6600,6600,2740000,8100,480,480,720,390,590,hayır
ispanya almanya maçı,Milli Takım Karşılaşmaları,Futbol,Milli,Milli,Global Elit,Erkek,Milli Takım,Takım Sporu,Global,Uluslararası,Türk Takımı Var,TV+ Var,Sürekli,Turnuva,Rakip Eşleşmesi,Bilgi,Maç,Jenerik,Türkçe,Body,h2h_mac,140,LOW,0,,,,evet,390,170,70,70,110,40,90,170,110,50,170,70,720,880,90,140,210,110,140,170,170,320,390,880,246000,720,40,20,30,20,20,hayır
ispanya almanya canlı izle,Milli Takım Karşılaşmaları,Futbol,Milli,Milli,Global Elit,Erkek,Milli Takım,Takım Sporu,Global,Uluslararası,Türk Takımı Var,TV+ Var,Sürekli,Turnuva,Canlı İzle,İzleme,Maç,Jenerik,Türkçe,Body,h2h_izle,10,LOW,7,,,,evet,20,0,10,0,10,10,10,10,0,0,10,10,20,30,0,0,10,0,10,10,10,10,10,20,12100,10,0,0,0,0,0,hayır
ispanya almanya hangi kanalda,Milli Takım Karşılaşmaları,Futbol,Milli,Milli,Global Elit,Erkek,Milli Takım,Takım Sporu,Global,Uluslararası,Türk Takımı Var,TV+ Var,Sürekli,Turnuva,Kanal/Yayın,İzleme,Maç,Jenerik,İngilizce,Body,h2h_kanal,10,LOW,5,0.16,,,evet,20,10,0,0,0,10,10,20,10,0,10,10,10,40,0,0,10,0,0,0,10,10,10,10,8100,10,0,0,0,0,0,hayır
ispanya ingiltere,Milli Takım Karşılaşmaları,Futbol,Milli,Milli,Global Elit,Erkek,Milli Takım,Takım Sporu,Global,Uluslararası,Türk Takımı Var,TV+ Var,Sürekli,Turnuva,Rakip Eşleşmesi,Bilgi,Maç,Jenerik,İngilizce,Head,h2h,5400,LOW,0,0.03,0.04,0.15,evet,33100,9900,2900,2900,4400,1300,1300,1000,2400,2400,5400,2400,9900,12100,6600,5400,9900,8100,8100,8100,12100,14800,18100,33100,3350000,2400,210,260,210,170,260,hayır
ispanya ingiltere maçı,Milli Takım Karşılaşmaları,Futbol,Milli,Milli,Global Elit,Erkek,Milli Takım,Takım Sporu,Global,Uluslararası,Türk Takımı Var,TV+ Var,Sürekli,Turnuva,Rakip Eşleşmesi,Bilgi,Maç,Jenerik,Türkçe,Body,h2h_mac,480,LOW,1,0.14,,,evet,4400,390,110,140,110,90,90,70,170,70,260,90,1600,590,170,140,260,170,260,390,480,880,1000,2400,450000,1000,20,50,70,30,40,hayır
ispanya ingiltere canlı izle,Milli Takım Karşılaşmaları,Futbol,Milli,Milli,Global Elit,Erkek,Milli Takım,Takım Sporu,Global,Uluslararası,Türk Takımı Var,TV+ Var,Sürekli,Turnuva,Canlı İzle,İzleme,Maç,Jenerik,Türkçe,Body,h2h_izle,10,LOW,2,0.12,,,evet,90,10,0,0,0,0,0,0,0,0,0,0,20,10,10,0,10,10,10,0,10,10,10,20,12100,10,0,0,0,0,0,hayır
ispanya ingiltere hangi kanalda,Milli Takım Karşılaşmaları,Futbol,Milli,Milli,Global Elit,Erkek,Milli Takım,Takım Sporu,Global,Uluslararası,Türk Takımı Var,TV+ Var,Sürekli,Turnuva,Kanal/Yayın,İzleme,Maç,Jenerik,İngilizce,Body,h2h_kanal,10,LOW,2,,,,evet,70,10,0,10,10,10,10,0,10,10,0,10,30,20,10,10,10,10,0,10,10,10,10,10,5400,10,0,0,10,0,0,hayır
ispanya italya,Milli Takım Karşılaşmaları,Futbol,Milli,Milli,Global Elit,Erkek,Milli Takım,Takım Sporu,Global,Uluslararası,Türk Takımı Var,TV+ Var,Sürekli,Turnuva,Rakip Eşleşmesi,Bilgi,Maç,Jenerik,İngilizce,Head,h2h,880,LOW,1,0.06,,,evet,1600,880,590,880,1000,390,480,390,720,1000,1600,590,1600,2400,1000,1600,1900,1000,1000,880,1300,1000,1600,1600,18100,823000,880,590,880,480,720,hayır
ispanya italya maçı,Milli Takım Karşılaşmaları,Futbol,Milli,Milli,Global Elit,Erkek,Milli Takım,Takım Sporu,Global,Uluslararası,Türk Takımı Var,TV+ Var,Sürekli,Turnuva,Rakip Eşleşmesi,Bilgi,Maç,Jenerik,Türkçe,Body,h2h_mac,70,LOW,0,,,,evet,170,50,30,40,50,20,40,30,50,90,210,30,170,320,70,110,140,30,50,30,90,70,140,210,2400,40500,30,30,30,20,30,hayır
ispanya italya canlı izle,Milli Takım Karşılaşmaları,Futbol,Milli,Milli,Global Elit,Erkek,Milli Takım,Takım Sporu,Global,Uluslararası,Türk Takımı Var,TV+ Var,Sürekli,Turnuva,Canlı İzle,İzleme,Maç,Jenerik,Türkçe,Body,h2h_izle,10,LOW,0,,,,evet,10,10,0,0,0,0,0,0,0,10,10,0,10,10,0,10,10,10,10,10,10,10,10,10,90,2900,10,10,10,10,0,hayır
ispanya italya hangi kanalda,Milli Takım Karşılaşmaları,Futbol,Milli,Milli,Global Elit,Erkek,Milli Takım,Takım Sporu,Global,Uluslararası,Türk Takımı Var,TV+ Var,Sürekli,Turnuva,Kanal/Yayın,İzleme,Maç,Jenerik,İngilizce,Body,h2h_kanal,10,LOW,0,,,,evet,10,10,10,0,10,0,10,0,0,10,10,0,10,20,0,0,10,0,10,10,10,10,0,10,20,1900,10,0,0,0,0,hayır
ispanya hollanda,Milli Takım Karşılaşmaları,Futbol,Milli,Milli,Global Elit,Erkek,Milli Takım,Takım Sporu,Global,Uluslararası,Türk Takımı Var,TV+ Var,Sürekli,Turnuva,Rakip Eşleşmesi,Bilgi,Maç,Jenerik,İngilizce,Head,h2h,1000,LOW,0,,,,evet,1600,1300,480,390,720,390,720,480,1300,1000,2900,880,1600,14800,6600,8100,368000,1300,1900,8100,480,320,320,260,6600,720,210,170,210,720,170,hayır
ispanya hollanda maçı,Milli Takım Karşılaşmaları,Futbol,Milli,Milli,Global Elit,Erkek,Milli Takım,Takım Sporu,Global,Uluslararası,Türk Takımı Var,TV+ Var,Sürekli,Turnuva,Rakip Eşleşmesi,Bilgi,Maç,Jenerik,Türkçe,Body,h2h_mac,70,LOW,0,,,,evet,110,70,30,20,30,30,90,30,50,50,140,50,70,390,140,210,18100,210,320,2400,70,70,90,90,3600,140,10,10,20,70,20,hayır
ispanya hollanda canlı izle,Milli Takım Karşılaşmaları,Futbol,Milli,Milli,Global Elit,Erkek,Milli Takım,Takım Sporu,Global,Uluslararası,Türk Takımı Var,TV+ Var,Sürekli,Turnuva,Canlı İzle,İzleme,Maç,Jenerik,Türkçe,Body,h2h_izle,10,,,,,,evet,0,0,0,0,10,0,0,0,0,0,0,0,10,10,0,10,1300,0,0,10,0,0,0,0,10,10,0,0,0,10,0,hayır
ispanya hollanda hangi kanalda,Milli Takım Karşılaşmaları,Futbol,Milli,Milli,Global Elit,Erkek,Milli Takım,Takım Sporu,Global,Uluslararası,Türk Takımı Var,TV+ Var,Sürekli,Turnuva,Kanal/Yayın,İzleme,Maç,Jenerik,İngilizce,Body,h2h_kanal,10,LOW,0,,,,evet,10,0,0,0,0,0,0,0,10,0,10,0,0,10,0,10,2900,0,0,0,0,0,0,0,0,0,0,0,0,0,0,hayır
portekiz fransa,Milli Takım Karşılaşmaları,Futbol,Milli,Milli,Global Elit,Erkek,Milli Takım,Takım Sporu,Global,Uluslararası,Türk Takımı Var,TV+ Var,Sürekli,Turnuva,Rakip Eşleşmesi,Bilgi,Maç,Jenerik,İngilizce,Head,h2h,4400,LOW,0,,,,evet,14800,12100,4400,2900,3600,2400,2400,2400,2400,2400,2900,2400,3600,22200,4400,4400,6600,3600,4400,4400,8100,8100,9900,12100,4090000,14800,2900,2900,3600,3600,4400,hayır
portekiz fransa maçı,Milli Takım Karşılaşmaları,Futbol,Milli,Milli,Global Elit,Erkek,Milli Takım,Takım Sporu,Global,Uluslararası,Türk Takımı Var,TV+ Var,Sürekli,Turnuva,Rakip Eşleşmesi,Bilgi,Maç,Jenerik,Türkçe,Body,h2h_mac,260,LOW,0,,,,evet,1000,720,210,140,170,170,170,140,140,110,170,110,170,1900,170,210,320,170,260,260,480,390,480,880,246000,880,140,140,170,210,170,hayır
portekiz fransa canlı izle,Milli Takım Karşılaşmaları,Futbol,Milli,Milli,Global Elit,Erkek,Milli Takım,Takım Sporu,Global,Uluslararası,Türk Takımı Var,TV+ Var,Sürekli,Turnuva,Canlı İzle,İzleme,Maç,Jenerik,Türkçe,Body,h2h_izle,10,LOW,1,,,,evet,10,0,0,0,10,10,0,0,0,0,10,10,0,40,0,0,10,10,10,10,10,10,10,40,27100,10,0,0,0,0,0,hayır
portekiz fransa hangi kanalda,Milli Takım Karşılaşmaları,Futbol,Milli,Milli,Global Elit,Erkek,Milli Takım,Takım Sporu,Global,Uluslararası,Türk Takımı Var,TV+ Var,Sürekli,Turnuva,Kanal/Yayın,İzleme,Maç,Jenerik,İngilizce,Body,h2h_kanal,10,LOW,0,,,,evet,10,10,10,10,10,10,0,10,10,0,0,10,0,210,10,10,10,10,10,10,10,10,10,10,12100,10,10,10,0,10,0,hayır
portekiz arjantin,Milli Takım Karşılaşmaları,Futbol,Milli,Milli,Global Elit,Erkek,Milli Takım,Takım Sporu,Global,Uluslararası,Türk Takımı Var,TV+ Var,Sürekli,Turnuva,Rakip Eşleşmesi,Bilgi,Maç,Jenerik,İngilizce,Head,h2h,1900,LOW,0,,,,evet,6600,9900,1300,590,720,590,880,2400,880,720,1000,880,1000,2900,1000,1000,1600,880,1000,1000,1600,1600,880,880,2400,3600,1300,1000,1900,1600,1900,hayır
portekiz arjantin maçı,Milli Takım Karşılaşmaları,Futbol,Milli,Milli,Global Elit,Erkek,Milli Takım,Takım Sporu,Global,Uluslararası,Türk Takımı Var,TV+ Var,Sürekli,Turnuva,Rakip Eşleşmesi,Bilgi,Maç,Jenerik,Türkçe,Body,h2h_mac,1600,LOW,0,0.17,0.03,0.13,evet,6600,6600,1300,480,590,480,720,1600,590,390,210,210,320,1000,320,390,480,390,390,390,480,480,320,480,880,1300,260,210,480,390,480,hayır
portekiz arjantin canlı izle,Milli Takım Karşılaşmaları,Futbol,Milli,Milli,Global Elit,Erkek,Milli Takım,Takım Sporu,Global,Uluslararası,Türk Takımı Var,TV+ Var,Sürekli,Turnuva,Canlı İzle,İzleme,Maç,Jenerik,Türkçe,Body,h2h_izle,10,LOW,0,,,,evet,10,10,0,0,0,0,0,0,0,0,0,0,0,0,0,0,0,0,0,0,0,0,0,10,0,10,0,0,0,0,0,hayır
portekiz arjantin hangi kanalda,Milli Takım Karşılaşmaları,Futbol,Milli,Milli,Global Elit,Erkek,Milli Takım,Takım Sporu,Global,Uluslararası,Türk Takımı Var,TV+ Var,Sürekli,Turnuva,Kanal/Yayın,İzleme,Maç,Jenerik,İngilizce,Body,h2h_kanal,10,LOW,0,,,,evet,10,10,0,0,0,0,0,0,0,10,0,0,0,0,0,10,0,0,0,0,0,0,0,0,10,0,0,0,0,0,0,hayır
portekiz brezilya,Milli Takım Karşılaşmaları,Futbol,Milli,Milli,Global Elit,Erkek,Milli Takım,Takım Sporu,Global,Uluslararası,Türk Takımı Var,TV+ Var,Sürekli,Turnuva,Rakip Eşleşmesi,Bilgi,Maç,Jenerik,İngilizce,Head,h2h,390,LOW,0,,,,evet,1000,1000,260,170,260,110,170,170,390,390,480,390,480,1000,480,480,880,590,590,720,720,390,390,390,880,1000,390,390,720,480,720,hayır
portekiz brezilya maçı,Milli Takım Karşılaşmaları,Futbol,Milli,Milli,Global Elit,Erkek,Milli Takım,Takım Sporu,Global,Uluslararası,Türk Takımı Var,TV+ Var,Sürekli,Turnuva,Rakip Eşleşmesi,Bilgi,Maç,Jenerik,Türkçe,Body,h2h_mac,590,LOW,0,,,,evet,1900,1900,320,260,390,170,260,320,880,320,390,320,320,720,320,320,480,390,390,590,480,320,260,320,720,880,320,320,590,390,720,hayır
portekiz brezilya canlı izle,Milli Takım Karşılaşmaları,Futbol,Milli,Milli,Global Elit,Erkek,Milli Takım,Takım Sporu,Global,Uluslararası,Türk Takımı Var,TV+ Var,Sürekli,Turnuva,Canlı İzle,İzleme,Maç,Jenerik,Türkçe,Body,h2h_izle,10,,,,,,evet,0,0,0,0,0,0,0,0,10,0,0,0,0,0,0,0,0,0,0,0,0,0,10,0,0,0,0,0,0,0,0,hayır
portekiz brezilya hangi kanalda,Milli Takım Karşılaşmaları,Futbol,Milli,Milli,Global Elit,Erkek,Milli Takım,Takım Sporu,Global,Uluslararası,Türk Takımı Var,TV+ Var,Sürekli,Turnuva,Kanal/Yayın,İzleme,Maç,Jenerik,İngilizce,Body,h2h_kanal,,,,,,,hayir,,,,,,,,,,,,,,,,,,,,,,,,,,,,,,,,hayır
portekiz almanya,Milli Takım Karşılaşmaları,Futbol,Milli,Milli,Global Elit,Erkek,Milli Takım,Takım Sporu,Global,Uluslararası,Türk Takımı Var,TV+ Var,Sürekli,Turnuva,Rakip Eşleşmesi,Bilgi,Maç,Jenerik,İngilizce,Head,h2h,880,LOW,0,,,,evet,1300,1900,590,590,880,480,720,480,1000,880,1300,590,1300,201000,2900,2900,2900,210,480,390,390,390,390,260,3600,2900,390,390,590,480,590,hayır
portekiz almanya maçı,Milli Takım Karşılaşmaları,Futbol,Milli,Milli,Global Elit,Erkek,Milli Takım,Takım Sporu,Global,Uluslararası,Türk Takımı Var,TV+ Var,Sürekli,Turnuva,Rakip Eşleşmesi,Bilgi,Maç,Jenerik,Türkçe,Body,h2h_mac,170,LOW,0,,,,evet,260,480,70,90,90,40,110,70,170,210,390,50,140,27100,260,320,390,50,70,70,50,70,70,70,1900,480,70,50,70,90,110,hayır
portekiz almanya canlı izle,Milli Takım Karşılaşmaları,Futbol,Milli,Milli,Global Elit,Erkek,Milli Takım,Takım Sporu,Global,Uluslararası,Türk Takımı Var,TV+ Var,Sürekli,Turnuva,Canlı İzle,İzleme,Maç,Jenerik,Türkçe,Body,h2h_izle,10,,,,,,evet,0,10,0,0,10,0,0,10,0,10,10,0,0,320,10,0,0,0,0,0,0,10,0,0,20,10,0,0,0,0,0,hayır
portekiz almanya hangi kanalda,Milli Takım Karşılaşmaları,Futbol,Milli,Milli,Global Elit,Erkek,Milli Takım,Takım Sporu,Global,Uluslararası,Türk Takımı Var,TV+ Var,Sürekli,Turnuva,Kanal/Yayın,İzleme,Maç,Jenerik,İngilizce,Body,h2h_kanal,10,LOW,0,,,,evet,10,10,10,10,10,10,10,10,10,10,30,10,20,22200,0,0,0,0,0,0,0,0,0,0,0,0,0,0,0,0,0,hayır
portekiz ingiltere,Milli Takım Karşılaşmaları,Futbol,Milli,Milli,Global Elit,Erkek,Milli Takım,Takım Sporu,Global,Uluslararası,Türk Takımı Var,TV+ Var,Sürekli,Turnuva,Rakip Eşleşmesi,Bilgi,Maç,Jenerik,İngilizce,Head,h2h,260,LOW,0,,,,evet,1000,720,170,140,170,90,170,110,260,170,140,110,210,480,210,110,210,480,140,140,210,170,170,110,2400,590,140,210,140,170,140,hayır
portekiz ingiltere maçı,Milli Takım Karşılaşmaları,Futbol,Milli,Milli,Global Elit,Erkek,Milli Takım,Takım Sporu,Global,Uluslararası,Türk Takımı Var,TV+ Var,Sürekli,Turnuva,Rakip Eşleşmesi,Bilgi,Maç,Jenerik,Türkçe,Body,h2h_mac,110,LOW,0,,,,evet,590,260,70,70,50,10,30,20,50,40,40,20,30,110,50,30,70,30,40,50,70,50,70,50,720,170,30,70,40,40,40,hayır
portekiz ingiltere canlı izle,Milli Takım Karşılaşmaları,Futbol,Milli,Milli,Global Elit,Erkek,Milli Takım,Takım Sporu,Global,Uluslararası,Türk Takımı Var,TV+ Var,Sürekli,Turnuva,Canlı İzle,İzleme,Maç,Jenerik,Türkçe,Body,h2h_izle,,,,,,,hayir,,,,,,,,,,,,,,,,,,,,,,,,,,,,,,,,hayır
portekiz ingiltere hangi kanalda,Milli Takım Karşılaşmaları,Futbol,Milli,Milli,Global Elit,Erkek,Milli Takım,Takım Sporu,Global,Uluslararası,Türk Takımı Var,TV+ Var,Sürekli,Turnuva,Kanal/Yayın,İzleme,Maç,Jenerik,İngilizce,Body,h2h_kanal,,,,,,,hayir,,,,,,,,,,,,,,,,,,,,,,,,,,,,,,,,hayır
portekiz italya,Milli Takım Karşılaşmaları,Futbol,Milli,Milli,Global Elit,Erkek,Milli Takım,Takım Sporu,Global,Uluslararası,Türk Takımı Var,TV+ Var,Sürekli,Turnuva,Rakip Eşleşmesi,Bilgi,Maç,Jenerik,İngilizce,Head,h2h,140,LOW,0,,,,evet,210,140,110,110,170,140,90,70,210,140,210,140,9900,480,110,210,260,170,170,170,210,210,210,170,590,1000,210,720,320,90,140,hayır
portekiz italya maçı,Milli Takım Karşılaşmaları,Futbol,Milli,Milli,Global Elit,Erkek,Milli Takım,Takım Sporu,Global,Uluslararası,Türk Takımı Var,TV+ Var,Sürekli,Turnuva,Rakip Eşleşmesi,Bilgi,Maç,Jenerik,Türkçe,Body,h2h_mac,70,LOW,0,,,,evet,170,70,30,30,50,20,40,30,90,70,90,20,1600,210,20,30,40,30,20,20,50,90,70,70,320,590,70,390,170,40,70,hayır
portekiz italya canlı izle,Milli Takım Karşılaşmaları,Futbol,Milli,Milli,Global Elit,Erkek,Milli Takım,Takım Sporu,Global,Uluslararası,Türk Takımı Var,TV+ Var,Sürekli,Turnuva,Canlı İzle,İzleme,Maç,Jenerik,Türkçe,Body,h2h_izle,10,,,,,,evet,0,0,0,0,0,0,0,0,10,0,0,0,10,0,0,0,0,0,0,0,0,10,0,0,10,0,0,0,0,0,0,hayır
portekiz italya hangi kanalda,Milli Takım Karşılaşmaları,Futbol,Milli,Milli,Global Elit,Erkek,Milli Takım,Takım Sporu,Global,Uluslararası,Türk Takımı Var,TV+ Var,Sürekli,Turnuva,Kanal/Yayın,İzleme,Maç,Jenerik,İngilizce,Body,h2h_kanal,10,,,,,,evet,0,0,0,0,0,0,0,0,10,0,0,0,10,10,0,0,0,0,0,0,0,0,0,0,0,0,0,0,0,0,0,hayır
portekiz hollanda,Milli Takım Karşılaşmaları,Futbol,Milli,Milli,Global Elit,Erkek,Milli Takım,Takım Sporu,Global,Uluslararası,Türk Takımı Var,TV+ Var,Sürekli,Turnuva,Rakip Eşleşmesi,Bilgi,Maç,Jenerik,İngilizce,Head,h2h,320,LOW,0,,,,evet,260,260,90,70,140,70,70,90,1600,480,590,390,480,2400,480,590,1300,390,590,590,880,880,880,480,3600,1600,390,390,480,320,480,hayır
portekiz hollanda maçı,Milli Takım Karşılaşmaları,Futbol,Milli,Milli,Global Elit,Erkek,Milli Takım,Takım Sporu,Global,Uluslararası,Türk Takımı Var,TV+ Var,Sürekli,Turnuva,Rakip Eşleşmesi,Bilgi,Maç,Jenerik,Türkçe,Body,h2h_mac,70,LOW,0,,,,evet,110,90,30,20,40,10,20,20,260,50,70,20,30,260,20,30,90,30,40,50,90,70,70,50,720,90,20,20,20,10,10,hayır
portekiz hollanda canlı izle,Milli Takım Karşılaşmaları,Futbol,Milli,Milli,Global Elit,Erkek,Milli Takım,Takım Sporu,Global,Uluslararası,Türk Takımı Var,TV+ Var,Sürekli,Turnuva,Canlı İzle,İzleme,Maç,Jenerik,Türkçe,Body,h2h_izle,10,,,,,,evet,0,10,0,0,0,0,0,0,0,0,0,0,0,10,0,0,10,0,0,0,10,0,10,0,10,10,0,0,0,0,0,hayır
portekiz hollanda hangi kanalda,Milli Takım Karşılaşmaları,Futbol,Milli,Milli,Global Elit,Erkek,Milli Takım,Takım Sporu,Global,Uluslararası,Türk Takımı Var,TV+ Var,Sürekli,Turnuva,Kanal/Yayın,İzleme,Maç,Jenerik,İngilizce,Body,h2h_kanal,10,,,,,,evet,0,0,0,0,0,0,0,0,0,0,10,0,0,10,0,0,10,0,0,0,10,10,0,0,10,10,0,0,0,0,0,hayır
fransa arjantin,Milli Takım Karşılaşmaları,Futbol,Milli,Milli,Global Elit,Erkek,Milli Takım,Takım Sporu,Global,Uluslararası,Türk Takımı Var,TV+ Var,Sürekli,Turnuva,Rakip Eşleşmesi,Bilgi,Maç,Jenerik,İngilizce,Head,h2h,6600,LOW,0,0.27,0.05,0.23,evet,40500,12100,3600,2400,2900,1600,1900,2400,1900,1600,1300,1000,1600,2900,2400,1900,2900,1600,1600,2400,1900,2900,1300,12100,5400,4400,2400,2400,2900,2400,3600,hayır
fransa arjantin maçı,Milli Takım Karşılaşmaları,Futbol,Milli,Milli,Global Elit,Erkek,Milli Takım,Takım Sporu,Global,Uluslararası,Türk Takımı Var,TV+ Var,Sürekli,Turnuva,Rakip Eşleşmesi,Bilgi,Maç,Jenerik,Türkçe,Body,h2h_mac,880,LOW,1,0.21,0.04,0.25,evet,8100,1000,260,170,210,170,140,210,140,110,90,90,140,170,140,110,170,140,170,210,140,320,110,1900,480,390,170,140,210,210,320,hayır
fransa arjantin canlı izle,Milli Takım Karşılaşmaları,Futbol,Milli,Milli,Global Elit,Erkek,Milli Takım,Takım Sporu,Global,Uluslararası,Türk Takımı Var,TV+ Var,Sürekli,Turnuva,Canlı İzle,İzleme,Maç,Jenerik,Türkçe,Body,h2h_izle,10,LOW,1,,,,evet,30,10,0,10,10,10,10,10,0,10,0,0,0,0,10,10,0,0,10,0,10,10,0,20,0,10,0,0,0,10,10,hayır
fransa arjantin hangi kanalda,Milli Takım Karşılaşmaları,Futbol,Milli,Milli,Global Elit,Erkek,Milli Takım,Takım Sporu,Global,Uluslararası,Türk Takımı Var,TV+ Var,Sürekli,Turnuva,Kanal/Yayın,İzleme,Maç,Jenerik,İngilizce,Body,h2h_kanal,10,LOW,1,,,,evet,50,10,0,0,10,0,0,0,0,0,0,0,0,0,0,0,10,10,0,10,10,10,0,70,10,0,0,0,0,10,10,hayır
fransa brezilya,Milli Takım Karşılaşmaları,Futbol,Milli,Milli,Global Elit,Erkek,Milli Takım,Takım Sporu,Global,Uluslararası,Türk Takımı Var,TV+ Var,Sürekli,Turnuva,Rakip Eşleşmesi,Bilgi,Maç,Jenerik,İngilizce,Head,h2h,14800,LOW,0,,,,evet,1600,1900,1000,2400,165000,170,260,210,320,320,590,480,1000,2400,480,390,590,390,590,480,590,480,390,590,1900,1000,390,320,880,390,590,hayır
fransa brezilya maçı,Milli Takım Karşılaşmaları,Futbol,Milli,Milli,Global Elit,Erkek,Milli Takım,Takım Sporu,Global,Uluslararası,Türk Takımı Var,TV+ Var,Sürekli,Turnuva,Rakip Eşleşmesi,Bilgi,Maç,Jenerik,Türkçe,Body,h2h_mac,1300,LOW,0,,,,evet,480,720,320,590,14800,50,50,40,90,50,210,210,390,260,70,140,90,40,70,110,90,90,70,390,320,210,110,110,210,90,90,hayır
fransa brezilya canlı izle,Milli Takım Karşılaşmaları,Futbol,Milli,Milli,Global Elit,Erkek,Milli Takım,Takım Sporu,Global,Uluslararası,Türk Takımı Var,TV+ Var,Sürekli,Turnuva,Canlı İzle,İzleme,Maç,Jenerik,Türkçe,Body,h2h_izle,30,LOW,21,,,,evet,10,10,0,10,320,0,0,0,0,0,10,10,10,10,0,0,0,0,0,0,0,0,10,10,10,0,0,0,0,0,0,hayır
fransa brezilya hangi kanalda,Milli Takım Karşılaşmaları,Futbol,Milli,Milli,Global Elit,Erkek,Milli Takım,Takım Sporu,Global,Uluslararası,Türk Takımı Var,TV+ Var,Sürekli,Turnuva,Kanal/Yayın,İzleme,Maç,Jenerik,İngilizce,Body,h2h_kanal,1600,LOW,1,,,,evet,20,50,10,40,18100,10,0,0,0,0,10,10,10,20,10,0,0,0,0,0,0,0,0,10,20,0,0,10,10,0,0,hayır
fransa almanya,Milli Takım Karşılaşmaları,Futbol,Milli,Milli,Global Elit,Erkek,Milli Takım,Takım Sporu,Global,Uluslararası,Türk Takımı Var,TV+ Var,Sürekli,Turnuva,Rakip Eşleşmesi,Bilgi,Maç,Jenerik,İngilizce,Head,h2h,1300,LOW,0,,,,evet,2400,3600,1000,880,880,390,590,590,1000,1600,880,1000,18100,90500,880,1000,2400,880,1900,1000,1600,1600,1900,2900,8100,14800,4400,6600,165000,2400,1600,hayır
fransa almanya maçı,Milli Takım Karşılaşmaları,Futbol,Milli,Milli,Global Elit,Erkek,Milli Takım,Takım Sporu,Global,Uluslararası,Türk Takımı Var,TV+ Var,Sürekli,Turnuva,Rakip Eşleşmesi,Bilgi,Maç,Jenerik,Türkçe,Body,h2h_mac,140,LOW,0,,,,evet,260,390,140,170,90,70,50,40,90,140,50,70,1600,14800,50,50,210,90,210,70,170,260,260,1300,3600,2900,880,720,49500,260,260,hayır
fransa almanya canlı izle,Milli Takım Karşılaşmaları,Futbol,Milli,Milli,Global Elit,Erkek,Milli Takım,Takım Sporu,Global,Uluslararası,Türk Takımı Var,TV+ Var,Sürekli,Turnuva,Canlı İzle,İzleme,Maç,Jenerik,Türkçe,Body,h2h_izle,10,LOW,4,,,,evet,10,10,0,10,0,10,0,0,10,10,10,0,20,390,0,0,0,0,0,0,0,10,10,210,50,10,10,0,720,10,10,hayır
fransa almanya hangi kanalda,Milli Takım Karşılaşmaları,Futbol,Milli,Milli,Global Elit,Erkek,Milli Takım,Takım Sporu,Global,Uluslararası,Türk Takımı Var,TV+ Var,Sürekli,Turnuva,Kanal/Yayın,İzleme,Maç,Jenerik,İngilizce,Body,h2h_kanal,10,LOW,0,,,,evet,10,0,0,0,0,10,10,10,10,10,10,0,70,1600,10,10,10,10,10,10,10,10,10,210,30,30,10,10,3600,10,10,hayır
fransa ingiltere,Milli Takım Karşılaşmaları,Futbol,Milli,Milli,Global Elit,Erkek,Milli Takım,Takım Sporu,Global,Uluslararası,Türk Takımı Var,TV+ Var,Sürekli,Turnuva,Rakip Eşleşmesi,Bilgi,Maç,Jenerik,İngilizce,Head,h2h,301000,LOW,1,0.14,0.03,0.19,evet,3350000,880,390,210,260,210,260,170,260,260,320,260,6600,880,390,320,390,260,320,260,480,320,320,390,6600,1300,390,320,720,390,480,hayır
fransa ingiltere maçı,Milli Takım Karşılaşmaları,Futbol,Milli,Milli,Global Elit,Erkek,Milli Takım,Takım Sporu,Global,Uluslararası,Türk Takımı Var,TV+ Var,Sürekli,Turnuva,Rakip Eşleşmesi,Bilgi,Maç,Jenerik,Türkçe,Body,h2h_mac,12100,LOW,1,0.15,0.03,0.25,evet,165000,260,210,70,110,90,70,50,110,50,90,50,880,260,140,90,140,70,70,50,210,170,210,170,3600,880,90,90,170,40,110,hayır
fransa ingiltere canlı izle,Milli Takım Karşılaşmaları,Futbol,Milli,Milli,Global Elit,Erkek,Milli Takım,Takım Sporu,Global,Uluslararası,Türk Takımı Var,TV+ Var,Sürekli,Turnuva,Canlı İzle,İzleme,Maç,Jenerik,Türkçe,Body,h2h_izle,320,LOW,6,0.1,0.04,0.15,evet,3600,0,0,0,0,0,0,0,0,0,0,10,10,0,0,0,0,0,0,10,0,0,0,0,20,10,0,0,10,0,0,hayır
fransa ingiltere hangi kanalda,Milli Takım Karşılaşmaları,Futbol,Milli,Milli,Global Elit,Erkek,Milli Takım,Takım Sporu,Global,Uluslararası,Türk Takımı Var,TV+ Var,Sürekli,Turnuva,Kanal/Yayın,İzleme,Maç,Jenerik,İngilizce,Body,h2h_kanal,390,LOW,4,0.36,0.1,0.32,evet,5400,10,0,0,0,0,0,0,0,0,0,10,10,10,10,0,10,0,0,0,10,0,0,0,10,0,0,0,10,0,0,hayır
fransa italya,Milli Takım Karşılaşmaları,Futbol,Milli,Milli,Global Elit,Erkek,Milli Takım,Takım Sporu,Global,Uluslararası,Türk Takımı Var,TV+ Var,Sürekli,Turnuva,Rakip Eşleşmesi,Bilgi,Maç,Jenerik,İngilizce,Head,h2h,880,LOW,0,,,,evet,2900,1600,590,720,1000,480,390,260,480,880,720,590,880,2400,720,720,1600,720,880,880,22200,4400,201000,1900,12100,9900,390,320,480,320,320,hayır
fransa italya maçı,Milli Takım Karşılaşmaları,Futbol,Milli,Milli,Global Elit,Erkek,Milli Takım,Takım Sporu,Global,Uluslararası,Türk Takımı Var,TV+ Var,Sürekli,Turnuva,Rakip Eşleşmesi,Bilgi,Maç,Jenerik,Türkçe,Body,h2h_mac,90,LOW,0,,,,evet,320,110,40,40,110,90,30,10,30,70,70,30,40,320,70,70,210,90,110,90,5400,480,33100,210,720,590,70,50,70,70,90,hayır
fransa italya canlı izle,Milli Takım Karşılaşmaları,Futbol,Milli,Milli,Global Elit,Erkek,Milli Takım,Takım Sporu,Global,Uluslararası,Türk Takımı Var,TV+ Var,Sürekli,Turnuva,Canlı İzle,İzleme,Maç,Jenerik,Türkçe,Body,h2h_izle,10,LOW,5,,,,evet,10,10,0,0,0,10,0,0,0,0,0,10,0,10,10,10,10,10,0,10,1300,0,110,10,10,10,0,0,0,0,0,hayır
fransa italya hangi kanalda,Milli Takım Karşılaşmaları,Futbol,Milli,Milli,Global Elit,Erkek,Milli Takım,Takım Sporu,Global,Uluslararası,Türk Takımı Var,TV+ Var,Sürekli,Turnuva,Kanal/Yayın,İzleme,Maç,Jenerik,İngilizce,Body,h2h_kanal,10,LOW,3,,,,evet,10,10,0,0,10,0,0,0,0,0,10,0,10,10,10,0,10,0,10,0,480,10,320,0,0,10,0,0,10,0,0,hayır
fransa hollanda,Milli Takım Karşılaşmaları,Futbol,Milli,Milli,Global Elit,Erkek,Milli Takım,Takım Sporu,Global,Uluslararası,Türk Takımı Var,TV+ Var,Sürekli,Turnuva,Rakip Eşleşmesi,Bilgi,Maç,Jenerik,İngilizce,Head,h2h,390,LOW,0,,,,evet,720,1000,260,720,320,170,170,140,170,260,260,260,590,590,210,260,880,210,320,320,390,590,590,720,18100,165000,320,320,720,480,590,hayır
fransa hollanda maçı,Milli Takım Karşılaşmaları,Futbol,Milli,Milli,Global Elit,Erkek,Milli Takım,Takım Sporu,Global,Uluslararası,Türk Takımı Var,TV+ Var,Sürekli,Turnuva,Rakip Eşleşmesi,Bilgi,Maç,Jenerik,Türkçe,Body,h2h_mac,70,LOW,0,,,,evet,140,390,40,40,50,20,20,10,20,20,10,20,70,50,10,20,110,10,40,20,70,50,70,140,6600,27100,20,10,40,30,30,hayır
fransa hollanda canlı izle,Milli Takım Karşılaşmaları,Futbol,Milli,Milli,Global Elit,Erkek,Milli Takım,Takım Sporu,Global,Uluslararası,Türk Takımı Var,TV+ Var,Sürekli,Turnuva,Canlı İzle,İzleme,Maç,Jenerik,Türkçe,Body,h2h_izle,10,LOW,0,,,,evet,10,10,0,10,0,0,0,10,0,10,10,0,10,10,0,10,10,0,10,10,0,10,10,10,390,1000,0,0,10,10,10,hayır
fransa hollanda hangi kanalda,Milli Takım Karşılaşmaları,Futbol,Milli,Milli,Global Elit,Erkek,Milli Takım,Takım Sporu,Global,Uluslararası,Türk Takımı Var,TV+ Var,Sürekli,Turnuva,Kanal/Yayın,İzleme,Maç,Jenerik,İngilizce,Body,h2h_kanal,10,,,,,,evet,0,0,0,10,0,0,0,10,0,0,0,0,10,10,0,0,20,0,0,0,0,10,0,10,140,1300,10,0,10,10,10,hayır
arjantin brezilya,Milli Takım Karşılaşmaları,Futbol,Milli,Milli,Global Elit,Erkek,Milli Takım,Takım Sporu,Global,Uluslararası,Türk Takımı Var,TV+ Var,Sürekli,Turnuva,Rakip Eşleşmesi,Bilgi,Maç,Jenerik,İngilizce,Head,h2h,4400,LOW,0,,,,evet,8100,9900,2900,1900,5400,1900,2400,1600,4400,3600,5400,2900,4400,27100,14800,18100,301000,2400,2400,1600,1900,5400,1000,880,5400,6600,1300,1300,2400,2400,2400,hayır
arjantin brezilya maçı,Milli Takım Karşılaşmaları,Futbol,Milli,Milli,Global Elit,Erkek,Milli Takım,Takım Sporu,Global,Uluslararası,Türk Takımı Var,TV+ Var,Sürekli,Turnuva,Rakip Eşleşmesi,Bilgi,Maç,Jenerik,Türkçe,Body,h2h_mac,210,LOW,1,,,,evet,720,720,110,110,170,90,140,110,110,90,170,140,170,320,260,390,4400,140,140,110,170,1600,140,170,720,590,140,140,260,320,390,hayır
arjantin brezilya canlı izle,Milli Takım Karşılaşmaları,Futbol,Milli,Milli,Global Elit,Erkek,Milli Takım,Takım Sporu,Global,Uluslararası,Türk Takımı Var,TV+ Var,Sürekli,Turnuva,Canlı İzle,İzleme,Maç,Jenerik,Türkçe,Body,h2h_izle,10,LOW,0,,,,evet,10,10,10,0,10,10,10,0,10,0,10,10,10,10,10,10,1300,0,0,0,0,10,0,0,10,0,10,10,10,10,0,hayır
arjantin brezilya hangi kanalda,Milli Takım Karşılaşmaları,Futbol,Milli,Milli,Global Elit,Erkek,Milli Takım,Takım Sporu,Global,Uluslararası,Türk Takımı Var,TV+ Var,Sürekli,Turnuva,Kanal/Yayın,İzleme,Maç,Jenerik,İngilizce,Body,h2h_kanal,10,LOW,2,,,,evet,10,10,0,0,10,0,10,10,0,0,10,10,10,10,10,10,4400,10,10,10,10,10,10,0,10,10,10,10,10,10,10,hayır
arjantin almanya,Milli Takım Karşılaşmaları,Futbol,Milli,Milli,Global Elit,Erkek,Milli Takım,Takım Sporu,Global,Uluslararası,Türk Takımı Var,TV+ Var,Sürekli,Turnuva,Rakip Eşleşmesi,Bilgi,Maç,Jenerik,İngilizce,Head,h2h,260,LOW,0,,,,evet,880,720,390,110,170,50,90,90,90,170,260,170,210,480,320,320,260,210,260,210,210,260,170,320,720,590,320,480,590,320,390,hayır
arjantin almanya maçı,Milli Takım Karşılaşmaları,Futbol,Milli,Milli,Global Elit,Erkek,Milli Takım,Takım Sporu,Global,Uluslararası,Türk Takımı Var,TV+ Var,Sürekli,Turnuva,Rakip Eşleşmesi,Bilgi,Maç,Jenerik,Türkçe,Body,h2h_mac,70,LOW,1,,,,evet,320,260,140,70,50,20,40,20,30,20,20,20,20,50,30,30,40,30,40,70,40,40,40,110,90,70,30,30,50,50,40,hayır
arjantin almanya canlı izle,Milli Takım Karşılaşmaları,Futbol,Milli,Milli,Global Elit,Erkek,Milli Takım,Takım Sporu,Global,Uluslararası,Türk Takımı Var,TV+ Var,Sürekli,Turnuva,Canlı İzle,İzleme,Maç,Jenerik,Türkçe,Body,h2h_izle,10,LOW,0,,,,evet,10,10,0,0,0,0,0,10,0,0,0,0,0,0,0,0,0,0,0,0,0,0,0,10,0,0,0,0,0,0,0,hayır
arjantin almanya hangi kanalda,Milli Takım Karşılaşmaları,Futbol,Milli,Milli,Global Elit,Erkek,Milli Takım,Takım Sporu,Global,Uluslararası,Türk Takımı Var,TV+ Var,Sürekli,Turnuva,Kanal/Yayın,İzleme,Maç,Jenerik,İngilizce,Body,h2h_kanal,10,LOW,0,,,,evet,10,0,0,0,0,0,0,0,0,0,0,0,0,0,0,0,0,0,0,0,0,0,0,10,0,0,0,0,0,0,0,hayır
arjantin ingiltere,Milli Takım Karşılaşmaları,Futbol,Milli,Milli,Global Elit,Erkek,Milli Takım,Takım Sporu,Global,Uluslararası,Türk Takımı Var,TV+ Var,Sürekli,Turnuva,Rakip Eşleşmesi,Bilgi,Maç,Jenerik,İngilizce,Head,h2h,74000,LOW,0,0.16,0.09,0.41,evet,1000000,210,40,50,40,20,40,30,30,50,90,110,110,210,110,110,170,110,90,110,70,110,90,90,260,210,90,90,170,140,140,hayır
arjantin ingiltere maçı,Milli Takım Karşılaşmaları,Futbol,Milli,Milli,Global Elit,Erkek,Milli Takım,Takım Sporu,Global,Uluslararası,Türk Takımı Var,TV+ Var,Sürekli,Turnuva,Rakip Eşleşmesi,Bilgi,Maç,Jenerik,Türkçe,Body,h2h_mac,27100,LOW,1,0.15,0.04,0.25,evet,301000,210,20,20,40,20,20,20,30,30,40,30,50,110,70,40,70,40,40,70,50,50,50,70,210,110,40,30,40,110,70,hayır
arjantin ingiltere canlı izle,Milli Takım Karşılaşmaları,Futbol,Milli,Milli,Global Elit,Erkek,Milli Takım,Takım Sporu,Global,Uluslararası,Türk Takımı Var,TV+ Var,Sürekli,Turnuva,Canlı İzle,İzleme,Maç,Jenerik,Türkçe,Body,h2h_izle,1900,LOW,1,0.11,0.05,0.19,evet,27100,0,0,0,0,0,0,0,0,0,0,0,0,0,0,0,0,0,0,0,0,0,0,0,0,0,0,0,0,0,0,hayır
arjantin ingiltere hangi kanalda,Milli Takım Karşılaşmaları,Futbol,Milli,Milli,Global Elit,Erkek,Milli Takım,Takım Sporu,Global,Uluslararası,Türk Takımı Var,TV+ Var,Sürekli,Turnuva,Kanal/Yayın,İzleme,Maç,Jenerik,İngilizce,Body,h2h_kanal,4400,LOW,2,0.2,0.08,0.3,evet,49500,0,0,0,0,0,0,0,0,0,0,0,0,0,0,0,0,0,0,0,0,0,0,0,0,0,0,0,0,0,0,hayır
arjantin italya,Milli Takım Karşılaşmaları,Futbol,Milli,Milli,Global Elit,Erkek,Milli Takım,Takım Sporu,Global,Uluslararası,Türk Takımı Var,TV+ Var,Sürekli,Turnuva,Rakip Eşleşmesi,Bilgi,Maç,Jenerik,İngilizce,Head,h2h,170,LOW,0,,,,evet,720,170,70,70,140,70,50,70,70,90,170,90,210,390,170,110,170,110,140,140,170,260,170,140,1000,720,210,140,140,110,170,hayır
arjantin italya maçı,Milli Takım Karşılaşmaları,Futbol,Milli,Milli,Global Elit,Erkek,Milli Takım,Takım Sporu,Global,Uluslararası,Türk Takımı Var,TV+ Var,Sürekli,Turnuva,Rakip Eşleşmesi,Bilgi,Maç,Jenerik,Türkçe,Body,h2h_mac,50,LOW,1,0.02,,,evet,320,40,10,10,20,10,10,10,10,10,70,10,20,50,40,10,30,30,30,20,20,20,20,20,210,170,30,30,30,20,20,hayır
arjantin italya canlı izle,Milli Takım Karşılaşmaları,Futbol,Milli,Milli,Global Elit,Erkek,Milli Takım,Takım Sporu,Global,Uluslararası,Türk Takımı Var,TV+ Var,Sürekli,Turnuva,Canlı İzle,İzleme,Maç,Jenerik,Türkçe,Body,h2h_izle,10,LOW,0,,,,evet,10,0,0,10,0,0,0,0,0,0,0,0,10,0,0,0,0,0,0,0,0,0,0,0,0,0,0,0,0,0,0,hayır
arjantin italya hangi kanalda,Milli Takım Karşılaşmaları,Futbol,Milli,Milli,Global Elit,Erkek,Milli Takım,Takım Sporu,Global,Uluslararası,Türk Takımı Var,TV+ Var,Sürekli,Turnuva,Kanal/Yayın,İzleme,Maç,Jenerik,İngilizce,Body,h2h_kanal,10,LOW,3,,,,evet,10,0,10,0,10,0,10,0,0,0,0,0,0,10,0,0,10,10,10,0,0,0,0,0,0,10,0,0,10,10,0,hayır
arjantin hollanda,Milli Takım Karşılaşmaları,Futbol,Milli,Milli,Global Elit,Erkek,Milli Takım,Takım Sporu,Global,Uluslararası,Türk Takımı Var,TV+ Var,Sürekli,Turnuva,Rakip Eşleşmesi,Bilgi,Maç,Jenerik,İngilizce,Head,h2h,880,LOW,0,,,,evet,4400,2400,480,390,390,260,390,590,480,480,480,260,320,880,480,320,590,390,480,720,480,590,390,320,1900,1000,480,480,590,390,720,hayır
arjantin hollanda maçı,Milli Takım Karşılaşmaları,Futbol,Milli,Milli,Global Elit,Erkek,Milli Takım,Takım Sporu,Global,Uluslararası,Türk Takımı Var,TV+ Var,Sürekli,Turnuva,Rakip Eşleşmesi,Bilgi,Maç,Jenerik,Türkçe,Body,h2h_mac,140,LOW,1,,,,evet,480,390,70,70,90,50,90,140,90,50,50,50,50,90,30,30,50,40,70,70,50,90,40,50,210,170,50,50,50,90,170,hayır
arjantin hollanda canlı izle,Milli Takım Karşılaşmaları,Futbol,Milli,Milli,Global Elit,Erkek,Milli Takım,Takım Sporu,Global,Uluslararası,Türk Takımı Var,TV+ Var,Sürekli,Turnuva,Canlı İzle,İzleme,Maç,Jenerik,Türkçe,Body,h2h_izle,10,,,,,,evet,0,0,10,0,0,0,0,0,0,0,0,0,0,0,0,0,0,0,0,10,0,0,0,0,10,0,0,10,0,0,0,hayır
arjantin hollanda hangi kanalda,Milli Takım Karşılaşmaları,Futbol,Milli,Milli,Global Elit,Erkek,Milli Takım,Takım Sporu,Global,Uluslararası,Türk Takımı Var,TV+ Var,Sürekli,Turnuva,Kanal/Yayın,İzleme,Maç,Jenerik,İngilizce,Body,h2h_kanal,10,LOW,0,,,,evet,10,0,0,0,0,0,0,0,10,0,0,0,0,0,0,0,10,0,0,0,0,0,0,0,0,0,0,0,10,0,0,hayır
brezilya almanya,Milli Takım Karşılaşmaları,Futbol,Milli,Milli,Global Elit,Erkek,Milli Takım,Takım Sporu,Global,Uluslararası,Türk Takımı Var,TV+ Var,Sürekli,Turnuva,Rakip Eşleşmesi,Bilgi,Maç,Jenerik,İngilizce,Head,h2h,1000,LOW,0,,,,evet,1300,2400,390,390,480,320,320,210,390,1300,3600,1300,2400,2900,1600,1600,1900,1300,1600,1600,1600,1900,1300,1000,4400,5400,1900,1600,2900,1600,1900,hayır
brezilya almanya maçı,Milli Takım Karşılaşmaları,Futbol,Milli,Milli,Global Elit,Erkek,Milli Takım,Takım Sporu,Global,Uluslararası,Türk Takımı Var,TV+ Var,Sürekli,Turnuva,Rakip Eşleşmesi,Bilgi,Maç,Jenerik,Türkçe,Body,h2h_mac,260,LOW,0,,,,evet,390,1000,170,170,170,110,140,110,140,110,210,70,260,140,90,90,90,90,90,90,90,110,70,110,260,320,110,90,210,110,110,hayır
brezilya almanya canlı izle,Milli Takım Karşılaşmaları,Futbol,Milli,Milli,Global Elit,Erkek,Milli Takım,Takım Sporu,Global,Uluslararası,Türk Takımı Var,TV+ Var,Sürekli,Turnuva,Canlı İzle,İzleme,Maç,Jenerik,Türkçe,Body,h2h_izle,10,,,,,,evet,0,10,0,0,0,0,0,0,0,0,0,0,10,10,0,0,0,0,10,0,0,0,0,10,50,0,0,0,0,0,0,hayır
brezilya almanya hangi kanalda,Milli Takım Karşılaşmaları,Futbol,Milli,Milli,Global Elit,Erkek,Milli Takım,Takım Sporu,Global,Uluslararası,Türk Takımı Var,TV+ Var,Sürekli,Turnuva,Kanal/Yayın,İzleme,Maç,Jenerik,İngilizce,Body,h2h_kanal,10,LOW,0,,,,evet,10,10,0,0,10,0,0,0,0,10,10,0,10,10,0,10,0,0,10,0,0,0,0,10,40,0,0,0,10,10,0,hayır
brezilya ingiltere,Milli Takım Karşılaşmaları,Futbol,Milli,Milli,Global Elit,Erkek,Milli Takım,Takım Sporu,Global,Uluslararası,Türk Takımı Var,TV+ Var,Sürekli,Turnuva,Rakip Eşleşmesi,Bilgi,Maç,Jenerik,İngilizce,Head,h2h,140,LOW,0,,,,evet,720,320,50,50,50,20,30,40,170,70,70,90,110,210,210,110,210,110,210,140,90,140,140,140,390,720,320,590,22200,210,260,hayır
brezilya ingiltere maçı,Milli Takım Karşılaşmaları,Futbol,Milli,Milli,Global Elit,Erkek,Milli Takım,Takım Sporu,Global,Uluslararası,Türk Takımı Var,TV+ Var,Sürekli,Turnuva,Rakip Eşleşmesi,Bilgi,Maç,Jenerik,Türkçe,Body,h2h_mac,50,LOW,1,,,,evet,320,110,20,10,30,10,20,20,70,10,10,20,10,30,30,20,20,10,20,10,20,30,30,30,50,90,40,70,1300,10,10,hayır
brezilya ingiltere canlı izle,Milli Takım Karşılaşmaları,Futbol,Milli,Milli,Global Elit,Erkek,Milli Takım,Takım Sporu,Global,Uluslararası,Türk Takımı Var,TV+ Var,Sürekli,Turnuva,Canlı İzle,İzleme,Maç,Jenerik,Türkçe,Body,h2h_izle,10,LOW,7,0.05,,,evet,10,0,0,0,0,0,0,0,0,0,0,0,0,0,0,0,0,0,0,0,0,0,0,0,0,10,0,0,70,0,0,hayır
brezilya ingiltere hangi kanalda,Milli Takım Karşılaşmaları,Futbol,Milli,Milli,Global Elit,Erkek,Milli Takım,Takım Sporu,Global,Uluslararası,Türk Takımı Var,TV+ Var,Sürekli,Turnuva,Kanal/Yayın,İzleme,Maç,Jenerik,İngilizce,Body,h2h_kanal,10,LOW,11,,,,evet,10,10,0,0,0,0,0,0,0,0,0,0,0,0,0,0,0,0,0,0,0,0,0,0,0,0,0,10,210,0,0,hayır
brezilya italya,Milli Takım Karşılaşmaları,Futbol,Milli,Milli,Global Elit,Erkek,Milli Takım,Takım Sporu,Global,Uluslararası,Türk Takımı Var,TV+ Var,Sürekli,Turnuva,Rakip Eşleşmesi,Bilgi,Maç,Jenerik,İngilizce,Head,h2h,1000,LOW,0,,,,evet,2400,260,50,40,70,20,40,30,70,90,9900,210,880,590,320,320,210,140,140,110,140,2400,110,320,320,590,320,140,170,590,170,hayır
brezilya italya maçı,Milli Takım Karşılaşmaları,Futbol,Milli,Milli,Global Elit,Erkek,Milli Takım,Takım Sporu,Global,Uluslararası,Türk Takımı Var,TV+ Var,Sürekli,Turnuva,Rakip Eşleşmesi,Bilgi,Maç,Jenerik,Türkçe,Body,h2h_mac,480,LOW,0,,,,evet,1300,210,20,20,30,10,10,10,30,20,4400,30,480,140,10,10,10,10,20,20,30,260,20,210,50,260,90,10,40,30,20,hayır
brezilya italya canlı izle,Milli Takım Karşılaşmaları,Futbol,Milli,Milli,Global Elit,Erkek,Milli Takım,Takım Sporu,Global,Uluslararası,Türk Takımı Var,TV+ Var,Sürekli,Turnuva,Canlı İzle,İzleme,Maç,Jenerik,Türkçe,Body,h2h_izle,20,LOW,2,0.27,,,evet,50,0,0,0,10,0,0,0,0,0,140,0,10,10,0,0,0,0,0,0,0,0,0,10,0,0,0,0,0,0,0,hayır
brezilya italya hangi kanalda,Milli Takım Karşılaşmaları,Futbol,Milli,Milli,Global Elit,Erkek,Milli Takım,Takım Sporu,Global,Uluslararası,Türk Takımı Var,TV+ Var,Sürekli,Turnuva,Kanal/Yayın,İzleme,Maç,Jenerik,İngilizce,Body,h2h_kanal,20,LOW,2,,,,evet,30,10,0,0,10,0,0,0,0,0,140,0,20,0,0,0,0,0,0,0,0,0,0,10,10,10,10,0,10,0,0,hayır
brezilya hollanda,Milli Takım Karşılaşmaları,Futbol,Milli,Milli,Global Elit,Erkek,Milli Takım,Takım Sporu,Global,Uluslararası,Türk Takımı Var,TV+ Var,Sürekli,Turnuva,Rakip Eşleşmesi,Bilgi,Maç,Jenerik,İngilizce,Head,h2h,70,LOW,0,,,,evet,320,170,30,20,50,10,10,20,10,10,50,40,110,140,40,50,50,50,40,40,50,20,50,50,90,110,110,50,50,40,40,hayır
brezilya hollanda maçı,Milli Takım Karşılaşmaları,Futbol,Milli,Milli,Global Elit,Erkek,Milli Takım,Takım Sporu,Global,Uluslararası,Türk Takımı Var,TV+ Var,Sürekli,Turnuva,Rakip Eşleşmesi,Bilgi,Maç,Jenerik,Türkçe,Body,h2h_mac,50,LOW,1,,,,evet,320,110,20,10,30,10,10,10,10,10,20,10,20,20,10,10,20,20,10,10,10,20,20,70,70,40,40,10,10,10,10,hayır
brezilya hollanda canlı izle,Milli Takım Karşılaşmaları,Futbol,Milli,Milli,Global Elit,Erkek,Milli Takım,Takım Sporu,Global,Uluslararası,Türk Takımı Var,TV+ Var,Sürekli,Turnuva,Canlı İzle,İzleme,Maç,Jenerik,Türkçe,Body,h2h_izle,10,LOW,0,,,,evet,10,0,0,0,0,0,0,0,0,0,0,0,0,0,0,0,0,0,0,0,0,0,0,0,0,0,0,0,0,0,0,hayır
brezilya hollanda hangi kanalda,Milli Takım Karşılaşmaları,Futbol,Milli,Milli,Global Elit,Erkek,Milli Takım,Takım Sporu,Global,Uluslararası,Türk Takımı Var,TV+ Var,Sürekli,Turnuva,Kanal/Yayın,İzleme,Maç,Jenerik,İngilizce,Body,h2h_kanal,,,,,,,hayir,,,,,,,,,,,,,,,,,,,,,,,,,,,,,,,,hayır
almanya ingiltere,Milli Takım Karşılaşmaları,Futbol,Milli,Milli,Global Elit,Erkek,Milli Takım,Takım Sporu,Global,Uluslararası,Türk Takımı Var,TV+ Var,Sürekli,Turnuva,Rakip Eşleşmesi,Bilgi,Maç,Jenerik,İngilizce,Head,h2h,170,LOW,0,,,,evet,390,320,210,90,110,50,90,110,110,140,210,170,320,720,210,260,390,210,210,210,320,390,390,320,2400,1600,320,260,590,210,260,hayır
almanya ingiltere maçı,Milli Takım Karşılaşmaları,Futbol,Milli,Milli,Global Elit,Erkek,Milli Takım,Takım Sporu,Global,Uluslararası,Türk Takımı Var,TV+ Var,Sürekli,Turnuva,Rakip Eşleşmesi,Bilgi,Maç,Jenerik,Türkçe,Body,h2h_mac,140,LOW,0,,,,evet,170,110,880,40,50,10,30,40,50,40,90,30,90,480,50,30,70,30,50,50,50,70,110,40,880,390,30,40,90,30,30,hayır
almanya ingiltere canlı izle,Milli Takım Karşılaşmaları,Futbol,Milli,Milli,Global Elit,Erkek,Milli Takım,Takım Sporu,Global,Uluslararası,Türk Takımı Var,TV+ Var,Sürekli,Turnuva,Canlı İzle,İzleme,Maç,Jenerik,Türkçe,Body,h2h_izle,10,LOW,0,,,,evet,10,0,0,0,0,0,0,0,0,0,0,0,10,10,0,10,0,10,0,0,0,0,0,0,10,0,0,0,10,0,0,hayır
almanya ingiltere hangi kanalda,Milli Takım Karşılaşmaları,Futbol,Milli,Milli,Global Elit,Erkek,Milli Takım,Takım Sporu,Global,Uluslararası,Türk Takımı Var,TV+ Var,Sürekli,Turnuva,Kanal/Yayın,İzleme,Maç,Jenerik,İngilizce,Body,h2h_kanal,10,,,,,,evet,0,0,10,0,0,0,0,10,0,0,10,0,10,10,0,0,0,0,0,0,0,0,0,0,10,10,0,0,10,0,0,hayır
almanya italya,Milli Takım Karşılaşmaları,Futbol,Milli,Milli,Global Elit,Erkek,Milli Takım,Takım Sporu,Global,Uluslararası,Türk Takımı Var,TV+ Var,Sürekli,Turnuva,Rakip Eşleşmesi,Bilgi,Maç,Jenerik,İngilizce,Head,h2h,880,LOW,0,0.36,,,evet,1900,1300,590,480,590,390,480,390,1000,1000,1300,720,1600,12100,4400,6600,201000,880,880,1300,720,480,480,390,1300,2900,590,480,590,320,390,hayır
almanya italya maçı,Milli Takım Karşılaşmaları,Futbol,Milli,Milli,Global Elit,Erkek,Milli Takım,Takım Sporu,Global,Uluslararası,Türk Takımı Var,TV+ Var,Sürekli,Turnuva,Rakip Eşleşmesi,Bilgi,Maç,Jenerik,Türkçe,Body,h2h_mac,140,LOW,0,,,,evet,390,590,110,40,40,30,50,50,90,30,70,50,110,720,70,170,6600,70,70,140,140,70,90,50,320,720,90,50,70,40,20,hayır
almanya italya canlı izle,Milli Takım Karşılaşmaları,Futbol,Milli,Milli,Global Elit,Erkek,Milli Takım,Takım Sporu,Global,Uluslararası,Türk Takımı Var,TV+ Var,Sürekli,Turnuva,Canlı İzle,İzleme,Maç,Jenerik,Türkçe,Body,h2h_izle,10,,,,,,evet,0,10,0,10,10,0,0,0,10,0,10,0,10,10,0,10,590,0,0,0,0,0,0,0,10,10,10,0,0,0,0,hayır
almanya italya hangi kanalda,Milli Takım Karşılaşmaları,Futbol,Milli,Milli,Global Elit,Erkek,Milli Takım,Takım Sporu,Global,Uluslararası,Türk Takımı Var,TV+ Var,Sürekli,Turnuva,Kanal/Yayın,İzleme,Maç,Jenerik,İngilizce,Body,h2h_kanal,10,,,,,,evet,0,10,0,0,10,10,0,0,0,0,10,0,10,10,0,10,1900,10,0,0,0,0,0,0,10,10,0,0,0,0,0,hayır
almanya hollanda,Milli Takım Karşılaşmaları,Futbol,Milli,Milli,Global Elit,Erkek,Milli Takım,Takım Sporu,Global,Uluslararası,Türk Takımı Var,TV+ Var,Sürekli,Turnuva,Rakip Eşleşmesi,Bilgi,Maç,Jenerik,İngilizce,Head,h2h,590,LOW,1,,,,evet,720,1900,390,390,880,320,260,260,390,590,590,480,720,1300,880,390,1900,590,880,1600,6600,165000,14800,590,4400,6600,2400,2900,49500,390,320,hayır
almanya hollanda maçı,Milli Takım Karşılaşmaları,Futbol,Milli,Milli,Global Elit,Erkek,Milli Takım,Takım Sporu,Global,Uluslararası,Türk Takımı Var,TV+ Var,Sürekli,Turnuva,Rakip Eşleşmesi,Bilgi,Maç,Jenerik,Türkçe,Body,h2h_mac,50,LOW,0,,,,evet,70,170,20,20,70,10,30,20,90,50,50,30,20,110,40,10,140,50,90,110,390,33100,22200,110,2400,880,170,90,9900,40,40,hayır
almanya hollanda canlı izle,Milli Takım Karşılaşmaları,Futbol,Milli,Milli,Global Elit,Erkek,Milli Takım,Takım Sporu,Global,Uluslararası,Türk Takımı Var,TV+ Var,Sürekli,Turnuva,Canlı İzle,İzleme,Maç,Jenerik,Türkçe,Body,h2h_izle,10,LOW,0,,,,evet,10,0,0,0,0,0,0,0,0,0,10,0,0,10,10,10,10,10,0,10,10,590,320,10,40,10,10,10,210,10,0,hayır
almanya hollanda hangi kanalda,Milli Takım Karşılaşmaları,Futbol,Milli,Milli,Global Elit,Erkek,Milli Takım,Takım Sporu,Global,Uluslararası,Türk Takımı Var,TV+ Var,Sürekli,Turnuva,Kanal/Yayın,İzleme,Maç,Jenerik,İngilizce,Body,h2h_kanal,10,LOW,0,,,,evet,10,10,10,0,0,0,0,0,10,10,10,10,0,10,10,0,10,10,10,10,10,390,720,10,10,10,10,10,50,0,0,hayır
ingiltere italya,Milli Takım Karşılaşmaları,Futbol,Milli,Milli,Global Elit,Erkek,Milli Takım,Takım Sporu,Global,Uluslararası,Türk Takımı Var,TV+ Var,Sürekli,Turnuva,Rakip Eşleşmesi,Bilgi,Maç,Jenerik,İngilizce,Head,h2h,210,LOW,0,,,,evet,390,260,140,140,210,110,170,110,260,210,320,260,18100,390,260,170,390,260,210,260,480,590,590,390,2900,4400,720,590,1300,1000,1000,hayır
ingiltere italya maçı,Milli Takım Karşılaşmaları,Futbol,Milli,Milli,Global Elit,Erkek,Milli Takım,Takım Sporu,Global,Uluslararası,Türk Takımı Var,TV+ Var,Sürekli,Turnuva,Rakip Eşleşmesi,Bilgi,Maç,Jenerik,Türkçe,Body,h2h_mac,40,LOW,1,,,,evet,90,50,20,20,40,40,20,20,40,20,30,40,2400,40,30,20,30,20,40,20,50,50,70,40,390,390,40,40,90,110,50,hayır
ingiltere italya canlı izle,Milli Takım Karşılaşmaları,Futbol,Milli,Milli,Global Elit,Erkek,Milli Takım,Takım Sporu,Global,Uluslararası,Türk Takımı Var,TV+ Var,Sürekli,Turnuva,Canlı İzle,İzleme,Maç,Jenerik,Türkçe,Body,h2h_izle,10,,,,,,evet,0,10,0,10,0,0,0,0,0,10,0,0,10,0,0,0,10,0,0,0,10,10,10,0,10,10,0,10,10,10,10,hayır
ingiltere italya hangi kanalda,Milli Takım Karşılaşmaları,Futbol,Milli,Milli,Global Elit,Erkek,Milli Takım,Takım Sporu,Global,Uluslararası,Türk Takımı Var,TV+ Var,Sürekli,Turnuva,Kanal/Yayın,İzleme,Maç,Jenerik,İngilizce,Body,h2h_kanal,10,LOW,0,,,,evet,10,10,0,0,10,0,0,10,0,0,10,0,70,0,0,10,0,10,0,10,10,10,0,0,10,10,10,0,10,10,10,hayır
ingiltere hollanda,Milli Takım Karşılaşmaları,Futbol,Milli,Milli,Global Elit,Erkek,Milli Takım,Takım Sporu,Global,Uluslararası,Türk Takımı Var,TV+ Var,Sürekli,Turnuva,Rakip Eşleşmesi,Bilgi,Maç,Jenerik,İngilizce,Head,h2h,260,LOW,0,,,,evet,880,320,110,110,170,140,260,590,110,110,170,110,6600,480,260,210,320,260,320,390,480,590,880,1600,823000,480,40,40,70,40,50,hayır
ingiltere hollanda maçı,Milli Takım Karşılaşmaları,Futbol,Milli,Milli,Global Elit,Erkek,Milli Takım,Takım Sporu,Global,Uluslararası,Türk Takımı Var,TV+ Var,Sürekli,Turnuva,Rakip Eşleşmesi,Bilgi,Maç,Jenerik,Türkçe,Body,h2h_mac,110,LOW,0,,,,evet,480,90,40,40,70,30,90,320,40,20,40,20,320,260,90,50,90,70,90,140,210,210,390,720,301000,590,10,20,70,10,30,hayır
ingiltere hollanda canlı izle,Milli Takım Karşılaşmaları,Futbol,Milli,Milli,Global Elit,Erkek,Milli Takım,Takım Sporu,Global,Uluslararası,Türk Takımı Var,TV+ Var,Sürekli,Turnuva,Canlı İzle,İzleme,Maç,Jenerik,Türkçe,Body,h2h_izle,10,LOW,0,,,,evet,10,10,0,0,0,0,0,0,0,0,0,0,70,10,0,10,10,0,0,0,10,0,10,10,2900,10,0,0,10,0,0,hayır
ingiltere hollanda hangi kanalda,Milli Takım Karşılaşmaları,Futbol,Milli,Milli,Global Elit,Erkek,Milli Takım,Takım Sporu,Global,Uluslararası,Türk Takımı Var,TV+ Var,Sürekli,Turnuva,Kanal/Yayın,İzleme,Maç,Jenerik,İngilizce,Body,h2h_kanal,10,LOW,0,,,,evet,10,0,0,0,0,10,0,0,0,0,0,0,70,10,10,0,0,0,0,0,10,10,10,0,720,0,0,0,0,0,0,hayır
italya hollanda,Milli Takım Karşılaşmaları,Futbol,Milli,Milli,Global Elit,Erkek,Milli Takım,Takım Sporu,Global,Uluslararası,Türk Takımı Var,TV+ Var,Sürekli,Turnuva,Rakip Eşleşmesi,Bilgi,Maç,Jenerik,İngilizce,Head,h2h,90,LOW,0,,,,evet,590,90,30,30,40,20,20,30,50,40,90,70,110,90,50,40,170,40,50,70,50,70,90,1300,720,320,70,90,70,30,70,hayır
italya hollanda maçı,Milli Takım Karşılaşmaları,Futbol,Milli,Milli,Global Elit,Erkek,Milli Takım,Takım Sporu,Global,Uluslararası,Türk Takımı Var,TV+ Var,Sürekli,Turnuva,Rakip Eşleşmesi,Bilgi,Maç,Jenerik,Türkçe,Body,h2h_mac,40,LOW,1,,,,evet,390,30,10,10,10,10,10,10,20,10,10,10,30,10,20,10,90,10,10,10,10,10,20,590,590,140,20,10,10,10,10,hayır
italya hollanda canlı izle,Milli Takım Karşılaşmaları,Futbol,Milli,Milli,Global Elit,Erkek,Milli Takım,Takım Sporu,Global,Uluslararası,Türk Takımı Var,TV+ Var,Sürekli,Turnuva,Canlı İzle,İzleme,Maç,Jenerik,Türkçe,Body,h2h_izle,10,LOW,8,,,,evet,40,0,0,0,0,0,0,0,0,0,10,0,10,0,0,0,10,0,0,0,0,0,0,20,10,0,0,0,0,0,0,hayır
italya hollanda hangi kanalda,Milli Takım Karşılaşmaları,Futbol,Milli,Milli,Global Elit,Erkek,Milli Takım,Takım Sporu,Global,Uluslararası,Türk Takımı Var,TV+ Var,Sürekli,Turnuva,Kanal/Yayın,İzleme,Maç,Jenerik,İngilizce,Body,h2h_kanal,10,LOW,2,,,,evet,10,10,0,0,10,0,0,0,0,0,0,10,0,0,0,0,10,0,0,0,0,0,0,10,0,0,0,0,0,0,0,hayır
türkiye milli takım maçı,Milli Takım Karşılaşmaları,Futbol,Milli,Milli,Global Elit,Erkek,Milli Takım,Takım Sporu,Global,Uluslararası,Türk Takımı Var,TV+ Var,Sürekli,Turnuva,Takım Maç Sorgusu,Bilgi,Takım,Jenerik,Türkçe,Body,tk_mac,3600,LOW,1,0.01,,,evet,720,14800,2400,1300,8100,1900,1300,1300,4400,5400,5400,880,1600,5400,1000,880,3600,1000,1600,2900,4400,5400,5400,720,5400,18100,1900,1000,8100,2400,2900,hayır
türkiye milli takım maçı ne zaman,Milli Takım Karşılaşmaları,Futbol,Milli,Milli,Global Elit,Erkek,Milli Takım,Takım Sporu,Global,Uluslararası,Türk Takımı Var,TV+ Var,Sürekli,Turnuva,Takvim/Saat,Bilgi,Takım,Jenerik,Türkçe,Long-tail,tk_nezaman,2400,LOW,2,0.01,,,evet,210,8100,1000,590,4400,590,390,480,3600,3600,2400,320,390,1600,320,320,2400,260,390,590,2900,3600,2900,260,1600,6600,320,140,1900,170,210,hayır
türkiye milli takım maçı hangi kanalda,Milli Takım Karşılaşmaları,Futbol,Milli,Milli,Global Elit,Erkek,Milli Takım,Takım Sporu,Global,Uluslararası,Türk Takımı Var,TV+ Var,Sürekli,Turnuva,Kanal/Yayın,İzleme,Takım,Jenerik,Türkçe,Long-tail,tk_kanal,880,LOW,1,,,,evet,20,1900,30,30,2400,20,10,10,1300,1600,2900,20,10,880,10,10,1300,10,10,20,1900,2900,3600,20,260,3600,70,20,2400,10,10,hayır
türkiye milli takım canlı izle,Milli Takım Karşılaşmaları,Futbol,Milli,Milli,Global Elit,Erkek,Milli Takım,Takım Sporu,Global,Uluslararası,Türk Takımı Var,TV+ Var,Sürekli,Turnuva,Canlı İzle,İzleme,Takım,Jenerik,Türkçe,Long-tail,tk_izle,90,,,,,,evet,0,390,10,10,320,0,10,0,140,110,110,0,0,210,0,10,170,0,10,0,90,170,110,10,390,590,10,10,320,10,0,hayır
türkiye milli takım fikstür,Milli Takım Karşılaşmaları,Futbol,Milli,Milli,Global Elit,Erkek,Milli Takım,Takım Sporu,Global,Uluslararası,Türk Takımı Var,TV+ Var,Sürekli,Turnuva,Fikstür,Bilgi,Takım,Jenerik,Türkçe,Body,tk_fikstur,1600,LOW,1,,,,evet,390,3600,1000,880,3600,1300,480,590,1900,2400,1900,480,320,880,320,260,1600,480,480,880,2400,2900,2900,720,880,3600,590,390,1900,720,590,hayır
ispanya maçı,Milli Takım Karşılaşmaları,Futbol,Milli,Milli,Global Elit,Erkek,Milli Takım,Takım Sporu,Global,Uluslararası,Türk Takımı Var,TV+ Var,Sürekli,Turnuva,Takım Maç Sorgusu,Bilgi,Takım,Jenerik,Türkçe,Head,tk_mac,110000,LOW,1,0.21,0.05,0.35,evet,823000,201000,2400,5400,22200,1900,2400,2400,110000,90500,110000,1900,3600,110000,2400,1900,40500,1600,1600,2400,22200,33100,49500,3600,301000,165000,590,590,18100,720,880,hayır
ispanya maçı ne zaman,Milli Takım Karşılaşmaları,Futbol,Milli,Milli,Global Elit,Erkek,Milli Takım,Takım Sporu,Global,Uluslararası,Türk Takımı Var,TV+ Var,Sürekli,Turnuva,Takvim/Saat,Bilgi,Takım,Jenerik,Türkçe,Body,tk_nezaman,4400,LOW,2,0.14,0.03,0.19,evet,22200,5400,260,260,1000,260,320,480,8100,2400,9900,480,320,2900,320,210,1000,110,110,170,390,590,590,210,8100,1900,40,30,140,30,50,hayır
ispanya maçı hangi kanalda,Milli Takım Karşılaşmaları,Futbol,Milli,Milli,Global Elit,Erkek,Milli Takım,Takım Sporu,Global,Uluslararası,Türk Takımı Var,TV+ Var,Sürekli,Turnuva,Kanal/Yayın,İzleme,Takım,Jenerik,Türkçe,Body,tk_kanal,6600,LOW,2,0.28,0.09,0.32,evet,40500,5400,70,90,1000,70,110,110,8100,1900,22200,170,110,9900,70,50,2900,50,70,140,1600,3600,3600,210,2900,8100,90,90,390,50,210,hayır
ispanya canlı izle,Milli Takım Karşılaşmaları,Futbol,Milli,Milli,Global Elit,Erkek,Milli Takım,Takım Sporu,Global,Uluslararası,Türk Takımı Var,TV+ Var,Sürekli,Turnuva,Canlı İzle,İzleme,Takım,Jenerik,Türkçe,Body,tk_izle,140,LOW,1,0.15,0.08,0.2,evet,1300,140,20,30,30,10,10,30,30,40,110,10,10,70,10,20,40,10,10,10,10,50,30,10,390,170,20,20,20,10,20,hayır
ispanya fikstür,Milli Takım Karşılaşmaları,Futbol,Milli,Milli,Global Elit,Erkek,Milli Takım,Takım Sporu,Global,Uluslararası,Türk Takımı Var,TV+ Var,Sürekli,Turnuva,Fikstür,Bilgi,Takım,Jenerik,Türkçe,Head,tk_fikstur,480,LOW,7,,0.06,0.26,evet,1300,720,210,170,260,140,110,140,720,720,1300,140,50,260,260,170,260,110,110,170,170,170,210,170,590,390,210,170,110,110,210,hayır
portekiz maçı,Milli Takım Karşılaşmaları,Futbol,Milli,Milli,Global Elit,Erkek,Milli Takım,Takım Sporu,Global,Uluslararası,Türk Takımı Var,TV+ Var,Sürekli,Turnuva,Takım Maç Sorgusu,Bilgi,Takım,Jenerik,Türkçe,Head,tk_mac,165000,LOW,0,0.2,0.05,0.39,evet,673000,1000000,8100,9900,22200,6600,6600,8100,90500,90500,135000,4400,6600,368000,6600,8100,110000,4400,5400,8100,110000,90500,90500,8100,550000,550000,3600,3600,27100,4400,6600,hayır
portekiz maçı ne zaman,Milli Takım Karşılaşmaları,Futbol,Milli,Milli,Global Elit,Erkek,Milli Takım,Takım Sporu,Global,Uluslararası,Türk Takımı Var,TV+ Var,Sürekli,Turnuva,Takvim/Saat,Bilgi,Takım,Jenerik,Türkçe,Body,tk_nezaman,4400,LOW,3,0.12,0.03,0.14,evet,14800,27100,720,880,1600,880,880,1000,2400,1600,2900,590,720,6600,880,880,2900,590,880,1000,2900,2400,2400,590,8100,14800,480,390,1300,390,720,hayır
portekiz maçı hangi kanalda,Milli Takım Karşılaşmaları,Futbol,Milli,Milli,Global Elit,Erkek,Milli Takım,Takım Sporu,Global,Uluslararası,Türk Takımı Var,TV+ Var,Sürekli,Turnuva,Kanal/Yayın,İzleme,Takım,Jenerik,Türkçe,Body,tk_kanal,4400,LOW,5,0.29,0.09,0.3,evet,12100,22200,70,90,480,90,110,110,4400,2900,12100,170,210,27100,140,170,8100,90,140,170,8100,12100,12100,90,9900,18100,50,70,1900,50,110,hayır
portekiz canlı izle,Milli Takım Karşılaşmaları,Futbol,Milli,Milli,Global Elit,Erkek,Milli Takım,Takım Sporu,Global,Uluslararası,Türk Takımı Var,TV+ Var,Sürekli,Turnuva,Canlı İzle,İzleme,Takım,Jenerik,Türkçe,Body,tk_izle,170,LOW,6,0.1,0.14,0.39,evet,720,880,10,10,30,20,10,10,50,110,170,10,20,170,10,10,140,10,10,10,140,210,260,10,880,480,10,10,90,10,10,hayır
portekiz fikstür,Milli Takım Karşılaşmaları,Futbol,Milli,Milli,Global Elit,Erkek,Milli Takım,Takım Sporu,Global,Uluslararası,Türk Takımı Var,TV+ Var,Sürekli,Turnuva,Fikstür,Bilgi,Takım,Jenerik,Türkçe,Head,tk_fikstur,390,LOW,2,0.47,,,evet,880,2400,70,70,90,30,30,40,260,210,260,40,40,390,170,90,320,40,40,90,260,260,260,50,720,1300,50,40,170,40,70,hayır
fransa maçı,Milli Takım Karşılaşmaları,Futbol,Milli,Milli,Global Elit,Erkek,Milli Takım,Takım Sporu,Global,Uluslararası,Türk Takımı Var,TV+ Var,Sürekli,Turnuva,Takım Maç Sorgusu,Bilgi,Takım,Jenerik,Türkçe,Head,tk_mac,110000,LOW,1,0.14,0.04,0.31,evet,673000,368000,3600,5400,49500,2900,2400,1900,22200,22200,40500,880,2400,60500,1900,2400,60500,1300,1600,1900,27100,33100,49500,6600,201000,246000,1900,1600,18100,2400,3600,hayır
fransa maçı ne zaman,Milli Takım Karşılaşmaları,Futbol,Milli,Milli,Global Elit,Erkek,Milli Takım,Takım Sporu,Global,Uluslararası,Türk Takımı Var,TV+ Var,Sürekli,Turnuva,Takvim/Saat,Bilgi,Takım,Jenerik,Türkçe,Body,tk_nezaman,2900,LOW,3,0.12,0.02,0.18,evet,22200,9900,260,260,1300,260,210,260,590,480,590,110,170,1600,210,210,720,170,210,210,880,590,590,260,6600,5400,210,110,390,140,210,hayır
fransa maçı hangi kanalda,Milli Takım Karşılaşmaları,Futbol,Milli,Milli,Global Elit,Erkek,Milli Takım,Takım Sporu,Global,Uluslararası,Türk Takımı Var,TV+ Var,Sürekli,Turnuva,Kanal/Yayın,İzleme,Takım,Jenerik,Türkçe,Body,tk_kanal,2900,LOW,3,0.25,0.08,0.28,evet,12100,9900,40,50,3600,30,30,40,1900,1600,4400,40,50,4400,40,50,2400,20,70,30,2900,1000,880,140,2900,12100,40,10,390,20,30,hayır
fransa canlı izle,Milli Takım Karşılaşmaları,Futbol,Milli,Milli,Global Elit,Erkek,Milli Takım,Takım Sporu,Global,Uluslararası,Türk Takımı Var,TV+ Var,Sürekli,Turnuva,Canlı İzle,İzleme,Takım,Jenerik,Türkçe,Body,tk_izle,90,LOW,3,0.08,0.05,0.18,evet,480,260,30,10,10,10,70,50,70,50,70,20,20,20,20,40,70,50,50,70,50,40,70,50,170,260,40,70,50,50,50,hayır
fransa fikstür,Milli Takım Karşılaşmaları,Futbol,Milli,Milli,Global Elit,Erkek,Milli Takım,Takım Sporu,Global,Uluslararası,Türk Takımı Var,TV+ Var,Sürekli,Turnuva,Fikstür,Bilgi,Takım,Jenerik,Türkçe,Head,tk_fikstur,210,LOW,2,,0.05,0.34,evet,880,880,70,70,140,70,70,50,70,110,90,20,20,110,30,20,70,20,30,30,70,70,70,50,390,480,40,40,90,30,40,hayır
arjantin maçı,Milli Takım Karşılaşmaları,Futbol,Milli,Milli,Global Elit,Erkek,Milli Takım,Takım Sporu,Global,Uluslararası,Türk Takımı Var,TV+ Var,Sürekli,Turnuva,Takım Maç Sorgusu,Bilgi,Takım,Jenerik,Türkçe,Head,tk_mac,301000,LOW,1,0.17,0.03,0.3,evet,3350000,450000,2900,5400,9900,1900,2400,2400,12100,14800,33100,1000,1600,27100,2400,1900,18100,1900,2400,2900,27100,33100,18100,4400,201000,90500,2400,2400,12100,3600,4400,hayır
arjantin maçı ne zaman,Milli Takım Karşılaşmaları,Futbol,Milli,Milli,Global Elit,Erkek,Milli Takım,Takım Sporu,Global,Uluslararası,Türk Takımı Var,TV+ Var,Sürekli,Turnuva,Takvim/Saat,Bilgi,Takım,Jenerik,Türkçe,Body,tk_nezaman,6600,LOW,4,0.12,0.02,0.12,evet,60500,18100,320,390,720,260,320,390,480,480,720,170,210,1300,480,390,1000,320,390,390,880,720,590,390,6600,3600,320,260,590,390,480,hayır
arjantin maçı hangi kanalda,Milli Takım Karşılaşmaları,Futbol,Milli,Milli,Global Elit,Erkek,Milli Takım,Takım Sporu,Global,Uluslararası,Türk Takımı Var,TV+ Var,Sürekli,Turnuva,Kanal/Yayın,İzleme,Takım,Jenerik,Türkçe,Body,tk_kanal,12100,LOW,2,0.26,0.08,0.31,evet,135000,5400,10,20,390,20,10,10,480,110,1000,10,20,590,10,20,390,40,20,20,590,590,590,20,4400,1900,20,10,140,10,10,hayır
arjantin canlı izle,Milli Takım Karşılaşmaları,Futbol,Milli,Milli,Global Elit,Erkek,Milli Takım,Takım Sporu,Global,Uluslararası,Türk Takımı Var,TV+ Var,Sürekli,Turnuva,Canlı İzle,İzleme,Takım,Jenerik,Türkçe,Body,tk_izle,210,LOW,2,0.17,0.04,0.47,evet,2400,210,10,10,30,10,10,10,20,10,40,10,10,30,70,10,10,10,10,10,20,40,20,10,140,70,10,10,30,10,20,hayır
arjantin fikstür,Milli Takım Karşılaşmaları,Futbol,Milli,Milli,Global Elit,Erkek,Milli Takım,Takım Sporu,Global,Uluslararası,Türk Takımı Var,TV+ Var,Sürekli,Turnuva,Fikstür,Bilgi,Takım,Jenerik,Türkçe,Head,tk_fikstur,590,LOW,2,0.14,0.05,0.26,evet,2900,2900,70,50,90,20,20,40,140,210,140,20,20,140,30,10,110,20,20,30,170,210,70,30,720,590,30,20,110,40,70,hayır
brezilya maçı,Milli Takım Karşılaşmaları,Futbol,Milli,Milli,Global Elit,Erkek,Milli Takım,Takım Sporu,Global,Uluslararası,Türk Takımı Var,TV+ Var,Sürekli,Turnuva,Takım Maç Sorgusu,Bilgi,Takım,Jenerik,Türkçe,Head,tk_mac,40500,LOW,1,0.15,0.08,0.31,evet,165000,246000,8100,5400,40500,1300,1600,1300,22200,9900,12100,880,1300,18100,1900,1900,18100,1300,1900,1300,14800,6600,8100,3600,22200,27100,1300,1300,18100,1600,1900,hayır
brezilya maçı ne zaman,Milli Takım Karşılaşmaları,Futbol,Milli,Milli,Global Elit,Erkek,Milli Takım,Takım Sporu,Global,Uluslararası,Türk Takımı Var,TV+ Var,Sürekli,Turnuva,Takvim/Saat,Bilgi,Takım,Jenerik,Türkçe,Body,tk_nezaman,1600,LOW,2,0.13,0.03,0.18,evet,4400,9900,720,320,2900,170,210,140,480,260,480,140,210,1000,260,210,880,210,260,170,480,260,210,1300,880,1900,170,140,480,170,140,hayır
brezilya maçı hangi kanalda,Milli Takım Karşılaşmaları,Futbol,Milli,Milli,Global Elit,Erkek,Milli Takım,Takım Sporu,Global,Uluslararası,Türk Takımı Var,TV+ Var,Sürekli,Turnuva,Kanal/Yayın,İzleme,Takım,Jenerik,Türkçe,Body,tk_kanal,1300,LOW,3,0.23,0.07,0.24,evet,2400,9900,720,50,3600,10,10,10,720,170,320,20,40,880,10,10,260,20,20,10,390,110,210,320,320,880,20,10,590,10,10,hayır
brezilya canlı izle,Milli Takım Karşılaşmaları,Futbol,Milli,Milli,Global Elit,Erkek,Milli Takım,Takım Sporu,Global,Uluslararası,Türk Takımı Var,TV+ Var,Sürekli,Turnuva,Canlı İzle,İzleme,Takım,Jenerik,Türkçe,Body,tk_izle,70,LOW,2,,,,evet,320,390,30,10,30,10,20,20,10,20,10,10,20,40,10,20,30,10,10,20,70,40,20,20,30,30,20,20,40,10,50,hayır
brezilya fikstür,Milli Takım Karşılaşmaları,Futbol,Milli,Milli,Global Elit,Erkek,Milli Takım,Takım Sporu,Global,Uluslararası,Türk Takımı Var,TV+ Var,Sürekli,Turnuva,Fikstür,Bilgi,Takım,Jenerik,Türkçe,Head,tk_fikstur,140,LOW,2,,,,evet,170,720,70,70,480,10,10,10,90,50,70,10,10,50,20,10,70,10,10,10,30,30,30,10,70,140,10,10,110,10,20,hayır
almanya maçı,Milli Takım Karşılaşmaları,Futbol,Milli,Milli,Global Elit,Erkek,Milli Takım,Takım Sporu,Global,Uluslararası,Türk Takımı Var,TV+ Var,Sürekli,Turnuva,Takım Maç Sorgusu,Bilgi,Takım,Jenerik,Türkçe,Head,tk_mac,60500,LOW,0,0.72,0.05,0.36,evet,14800,450000,6600,2400,27100,880,1000,1300,60500,22200,60500,720,1600,33100,1000,1000,22200,880,1300,1600,33100,49500,33100,1900,135000,368000,1300,1000,18100,880,1000,hayır
almanya maçı ne zaman,Milli Takım Karşılaşmaları,Futbol,Milli,Milli,Global Elit,Erkek,Milli Takım,Takım Sporu,Global,Uluslararası,Türk Takımı Var,TV+ Var,Sürekli,Turnuva,Takvim/Saat,Bilgi,Takım,Jenerik,Türkçe,Body,tk_nezaman,1300,LOW,1,,0.01,0.05,evet,590,12100,390,140,1000,90,140,140,720,320,1300,50,110,880,110,140,480,90,110,140,590,720,720,140,5400,9900,170,70,260,90,90,hayır
almanya maçı hangi kanalda,Milli Takım Karşılaşmaları,Futbol,Milli,Milli,Global Elit,Erkek,Milli Takım,Takım Sporu,Global,Uluslararası,Türk Takımı Var,TV+ Var,Sürekli,Turnuva,Kanal/Yayın,İzleme,Takım,Jenerik,Türkçe,Body,tk_kanal,2400,LOW,3,,,,evet,170,12100,720,50,2900,20,50,50,6600,2400,4400,210,110,3600,50,50,1000,40,30,30,1600,880,2400,50,1600,22200,70,10,590,20,30,hayır
almanya canlı izle,Milli Takım Karşılaşmaları,Futbol,Milli,Milli,Global Elit,Erkek,Milli Takım,Takım Sporu,Global,Uluslararası,Türk Takımı Var,TV+ Var,Sürekli,Turnuva,Canlı İzle,İzleme,Takım,Jenerik,Türkçe,Body,tk_izle,140,LOW,1,,,,evet,70,390,90,70,110,110,170,170,260,140,140,50,70,70,30,50,70,110,70,170,140,110,110,110,210,320,70,50,70,70,140,hayır
almanya fikstür,Milli Takım Karşılaşmaları,Futbol,Milli,Milli,Global Elit,Erkek,Milli Takım,Takım Sporu,Global,Uluslararası,Türk Takımı Var,TV+ Var,Sürekli,Turnuva,Fikstür,Bilgi,Takım,Jenerik,Türkçe,Head,tk_fikstur,210,LOW,4,,,,evet,90,1000,110,90,170,40,50,50,320,140,210,40,30,70,30,40,70,40,40,70,90,140,110,70,210,880,70,70,110,90,70,hayır
ingiltere maçı,Milli Takım Karşılaşmaları,Futbol,Milli,Milli,Global Elit,Erkek,Milli Takım,Takım Sporu,Global,Uluslararası,Türk Takımı Var,TV+ Var,Sürekli,Turnuva,Takım Maç Sorgusu,Bilgi,Takım,Jenerik,Türkçe,Head,tk_mac,74000,LOW,0,0.16,0.03,0.26,evet,673000,165000,2400,2900,14800,1300,1600,1300,18100,9900,18100,720,1600,18100,1600,1300,18100,1300,1600,1900,22200,40500,33100,3600,550000,368000,880,1000,14800,880,1000,hayır
ingiltere maçı ne zaman,Milli Takım Karşılaşmaları,Futbol,Milli,Milli,Global Elit,Erkek,Milli Takım,Takım Sporu,Global,Uluslararası,Türk Takımı Var,TV+ Var,Sürekli,Turnuva,Takvim/Saat,Bilgi,Takım,Jenerik,Türkçe,Body,tk_nezaman,1300,LOW,3,0.07,0.01,0.11,evet,12100,2400,260,260,320,90,140,110,260,260,320,90,110,390,320,170,390,90,140,140,590,590,390,170,9900,3600,70,70,210,90,50,hayır
ingiltere maçı hangi kanalda,Milli Takım Karşılaşmaları,Futbol,Milli,Milli,Global Elit,Erkek,Milli Takım,Takım Sporu,Global,Uluslararası,Türk Takımı Var,TV+ Var,Sürekli,Turnuva,Kanal/Yayın,İzleme,Takım,Jenerik,Türkçe,Body,tk_kanal,2900,LOW,1,0.25,0.1,0.32,evet,27100,2900,140,90,590,90,110,140,1000,390,1900,140,90,880,110,90,1000,90,140,90,2400,2900,1600,170,2900,8100,50,70,390,90,110,hayır
ingiltere canlı izle,Milli Takım Karşılaşmaları,Futbol,Milli,Milli,Global Elit,Erkek,Milli Takım,Takım Sporu,Global,Uluslararası,Türk Takımı Var,TV+ Var,Sürekli,Turnuva,Canlı İzle,İzleme,Takım,Jenerik,Türkçe,Body,tk_izle,90,LOW,1,,,,evet,480,110,40,20,50,30,70,50,30,70,20,10,10,10,10,10,20,10,10,10,90,50,50,50,210,210,20,10,20,30,30,hayır
ingiltere fikstür,Milli Takım Karşılaşmaları,Futbol,Milli,Milli,Global Elit,Erkek,Milli Takım,Takım Sporu,Global,Uluslararası,Türk Takımı Var,TV+ Var,Sürekli,Turnuva,Fikstür,Bilgi,Takım,Jenerik,Türkçe,Head,tk_fikstur,320,LOW,2,,,,evet,590,480,480,320,210,260,210,170,170,170,260,170,50,70,90,90,110,140,170,170,210,260,210,170,480,590,320,320,210,170,170,hayır
italya maçı,Milli Takım Karşılaşmaları,Futbol,Milli,Milli,Global Elit,Erkek,Milli Takım,Takım Sporu,Global,Uluslararası,Türk Takımı Var,TV+ Var,Sürekli,Turnuva,Takım Maç Sorgusu,Bilgi,Takım,Jenerik,Türkçe,Head,tk_mac,14800,LOW,0,,,,evet,3600,9900,880,12100,90500,1300,1000,880,22200,18100,18100,720,1600,18100,1600,1000,9900,880,1300,1000,18100,18100,12100,3600,9900,165000,1300,880,14800,880,880,hayır
italya maçı ne zaman,Milli Takım Karşılaşmaları,Futbol,Milli,Milli,Global Elit,Erkek,Milli Takım,Takım Sporu,Global,Uluslararası,Türk Takımı Var,TV+ Var,Sürekli,Turnuva,Takvim/Saat,Bilgi,Takım,Jenerik,Türkçe,Body,tk_nezaman,390,LOW,2,,,,evet,320,390,110,140,1300,170,140,90,320,390,1000,170,320,720,390,170,480,170,140,170,480,390,480,2400,720,4400,260,140,390,110,110,hayır
italya maçı hangi kanalda,Milli Takım Karşılaşmaları,Futbol,Milli,Milli,Global Elit,Erkek,Milli Takım,Takım Sporu,Global,Uluslararası,Türk Takımı Var,TV+ Var,Sürekli,Turnuva,Kanal/Yayın,İzleme,Takım,Jenerik,Türkçe,Body,tk_kanal,720,LOW,2,,,,evet,90,320,40,90,5400,70,50,50,880,210,1000,50,170,1600,70,20,390,30,40,90,1300,590,170,320,70,5400,70,30,720,50,50,hayır
italya canlı izle,Milli Takım Karşılaşmaları,Futbol,Milli,Milli,Global Elit,Erkek,Milli Takım,Takım Sporu,Global,Uluslararası,Türk Takımı Var,TV+ Var,Sürekli,Turnuva,Canlı İzle,İzleme,Takım,Jenerik,Türkçe,Body,tk_izle,40,LOW,0,,,,evet,10,10,10,10,140,10,40,50,70,50,90,40,10,70,30,20,40,30,70,50,90,70,30,50,50,170,70,30,30,30,40,hayır
italya fikstür,Milli Takım Karşılaşmaları,Futbol,Milli,Milli,Global Elit,Erkek,Milli Takım,Takım Sporu,Global,Uluslararası,Türk Takımı Var,TV+ Var,Sürekli,Turnuva,Fikstür,Bilgi,Takım,Jenerik,Türkçe,Head,tk_fikstur,110,LOW,2,,,,evet,30,50,70,110,260,170,70,70,210,170,140,70,40,70,390,140,110,70,90,90,110,140,110,70,70,480,110,90,110,110,90,hayır
hollanda maçı,Milli Takım Karşılaşmaları,Futbol,Milli,Milli,Global Elit,Erkek,Milli Takım,Takım Sporu,Global,Uluslararası,Türk Takımı Var,TV+ Var,Sürekli,Turnuva,Takım Maç Sorgusu,Bilgi,Takım,Jenerik,Türkçe,Head,tk_mac,9900,LOW,0,,,,evet,3600,60500,480,880,9900,320,390,260,12100,12100,18100,260,480,12100,390,480,8100,480,590,720,18100,22200,22200,1300,201000,74000,720,320,12100,260,320,hayır
hollanda maçı ne zaman,Milli Takım Karşılaşmaları,Futbol,Milli,Milli,Global Elit,Erkek,Milli Takım,Takım Sporu,Global,Uluslararası,Türk Takımı Var,TV+ Var,Sürekli,Turnuva,Takvim/Saat,Bilgi,Takım,Jenerik,Türkçe,Body,tk_nezaman,320,LOW,2,,,,evet,260,1900,70,70,390,30,40,20,170,140,260,30,70,210,40,40,210,50,90,110,320,260,390,140,22200,1300,110,20,110,30,40,hayır
hollanda maçı hangi kanalda,Milli Takım Karşılaşmaları,Futbol,Milli,Milli,Global Elit,Erkek,Milli Takım,Takım Sporu,Global,Uluslararası,Türk Takımı Var,TV+ Var,Sürekli,Turnuva,Kanal/Yayın,İzleme,Takım,Jenerik,Türkçe,Body,tk_kanal,590,LOW,2,,,,evet,70,2900,10,20,480,10,10,10,590,1000,1900,90,110,1000,30,20,590,10,10,20,720,480,1300,30,3600,1900,260,10,170,20,10,hayır
hollanda canlı izle,Milli Takım Karşılaşmaları,Futbol,Milli,Milli,Global Elit,Erkek,Milli Takım,Takım Sporu,Global,Uluslararası,Türk Takımı Var,TV+ Var,Sürekli,Turnuva,Canlı İzle,İzleme,Takım,Jenerik,Türkçe,Body,tk_izle,70,LOW,2,,,,evet,20,90,30,40,40,40,140,70,90,50,90,20,20,70,20,20,40,40,90,70,90,70,50,40,320,140,40,30,40,50,110,hayır
hollanda fikstür,Milli Takım Karşılaşmaları,Futbol,Milli,Milli,Global Elit,Erkek,Milli Takım,Takım Sporu,Global,Uluslararası,Türk Takımı Var,TV+ Var,Sürekli,Turnuva,Fikstür,Bilgi,Takım,Jenerik,Türkçe,Head,tk_fikstur,50,LOW,1,,,,evet,40,210,20,10,70,20,40,30,70,50,50,30,10,20,70,10,30,40,40,30,70,70,50,30,880,260,30,30,20,20,30,hayır
fas maçı,Milli Takım Karşılaşmaları,Futbol,Milli,Milli,Global Elit,Erkek,Milli Takım,Takım Sporu,Global,Uluslararası,Türk Takımı Var,TV+ Var,Sürekli,Turnuva,Takım Maç Sorgusu,Bilgi,Takım,Jenerik,Türkçe,Head,tk_mac,27100,LOW,0,0.32,0.04,0.31,evet,165000,49500,1900,480,3600,480,49500,18100,4400,1900,3600,1900,170,2400,260,390,6600,390,390,480,12100,6600,12100,1000,1300,6600,390,390,8100,2400,49500,hayır
fas maçı ne zaman,Milli Takım Karşılaşmaları,Futbol,Milli,Milli,Global Elit,Erkek,Milli Takım,Takım Sporu,Global,Uluslararası,Türk Takımı Var,TV+ Var,Sürekli,Turnuva,Takvim/Saat,Bilgi,Takım,Jenerik,Türkçe,Body,tk_nezaman,1300,LOW,5,0.12,0.02,0.12,evet,9900,2400,170,40,110,40,1000,480,50,40,50,70,10,90,10,10,320,30,30,40,170,170,170,70,90,260,50,30,260,110,1300,hayır
fas maçı hangi kanalda,Milli Takım Karşılaşmaları,Futbol,Milli,Milli,Global Elit,Erkek,Milli Takım,Takım Sporu,Global,Uluslararası,Türk Takımı Var,TV+ Var,Sürekli,Turnuva,Kanal/Yayın,İzleme,Takım,Jenerik,Türkçe,Body,tk_kanal,880,LOW,4,0.22,0.11,0.34,evet,1900,1600,90,10,260,10,4400,1600,50,70,210,90,10,210,10,10,260,10,10,20,390,590,880,110,40,260,10,10,480,10,1000,hayır
fas canlı izle,Milli Takım Karşılaşmaları,Futbol,Milli,Milli,Global Elit,Erkek,Milli Takım,Takım Sporu,Global,Uluslararası,Türk Takımı Var,TV+ Var,Sürekli,Turnuva,Canlı İzle,İzleme,Takım,Jenerik,Türkçe,Body,tk_izle,30,LOW,3,,,,evet,90,90,10,20,10,10,50,50,10,10,10,10,10,10,10,10,10,10,10,10,10,10,10,10,10,10,10,0,10,10,10,hayır
fas fikstür,Milli Takım Karşılaşmaları,Futbol,Milli,Milli,Global Elit,Erkek,Milli Takım,Takım Sporu,Global,Uluslararası,Türk Takımı Var,TV+ Var,Sürekli,Turnuva,Fikstür,Bilgi,Takım,Jenerik,Türkçe,Head,tk_fikstur,90,LOW,3,,,,evet,480,320,10,10,10,10,210,70,20,20,20,10,0,10,10,10,70,10,0,10,40,40,40,10,10,30,10,10,70,20,320,hayır
norveç maçı,Milli Takım Karşılaşmaları,Futbol,Milli,Milli,Global Elit,Erkek,Milli Takım,Takım Sporu,Global,Uluslararası,Türk Takımı Var,TV+ Var,Sürekli,Turnuva,Takım Maç Sorgusu,Bilgi,Takım,Jenerik,Türkçe,Head,tk_mac,40500,LOW,0,0.15,0.05,0.27,evet,368000,90500,390,590,2900,390,480,590,12100,14800,22200,260,720,12100,210,320,8100,210,260,320,12100,14800,14800,260,1000,5400,260,320,8100,210,320,hayır
norveç maçı ne zaman,Milli Takım Karşılaşmaları,Futbol,Milli,Milli,Global Elit,Erkek,Milli Takım,Takım Sporu,Global,Uluslararası,Türk Takımı Var,TV+ Var,Sürekli,Turnuva,Takvim/Saat,Bilgi,Takım,Jenerik,Türkçe,Body,tk_nezaman,720,LOW,3,0.12,0.03,0.16,evet,6600,1900,30,20,70,30,30,50,140,140,70,20,30,140,10,20,90,10,20,20,110,140,50,10,70,170,20,10,70,10,20,hayır
norveç maçı hangi kanalda,Milli Takım Karşılaşmaları,Futbol,Milli,Milli,Global Elit,Erkek,Milli Takım,Takım Sporu,Global,Uluslararası,Türk Takımı Var,TV+ Var,Sürekli,Turnuva,Kanal/Yayın,İzleme,Takım,Jenerik,Türkçe,Body,tk_kanal,590,LOW,3,0.2,0.07,0.25,evet,2400,2900,10,10,110,10,10,10,590,880,210,10,70,390,10,10,390,10,10,10,390,390,320,10,30,140,10,10,260,10,0,hayır
norveç canlı izle,Milli Takım Karşılaşmaları,Futbol,Milli,Milli,Global Elit,Erkek,Milli Takım,Takım Sporu,Global,Uluslararası,Türk Takımı Var,TV+ Var,Sürekli,Turnuva,Canlı İzle,İzleme,Takım,Jenerik,Türkçe,Body,tk_izle,90,LOW,0,,,,evet,320,170,20,40,70,40,50,110,70,50,50,30,20,20,10,30,40,50,110,110,170,260,210,70,50,70,90,70,110,90,170,hayır
norveç fikstür,Milli Takım Karşılaşmaları,Futbol,Milli,Milli,Global Elit,Erkek,Milli Takım,Takım Sporu,Global,Uluslararası,Türk Takımı Var,TV+ Var,Sürekli,Turnuva,Fikstür,Bilgi,Takım,Jenerik,Türkçe,Head,tk_fikstur,90,LOW,1,,,,evet,390,320,10,10,20,10,10,10,90,70,40,10,10,30,10,10,10,10,10,10,20,40,10,10,20,20,10,10,10,10,10,hayır
belçika maçı,Milli Takım Karşılaşmaları,Futbol,Milli,Milli,Global Elit,Erkek,Milli Takım,Takım Sporu,Global,Uluslararası,Türk Takımı Var,TV+ Var,Sürekli,Turnuva,Takım Maç Sorgusu,Bilgi,Takım,Jenerik,Türkçe,Head,tk_mac,14800,LOW,0,0.33,0.05,0.34,evet,110000,40500,390,480,2900,590,390,390,5400,8100,9900,590,480,12100,590,590,8100,720,880,1000,9900,8100,8100,590,9900,74000,390,390,8100,390,480,hayır
belçika maçı ne zaman,Milli Takım Karşılaşmaları,Futbol,Milli,Milli,Global Elit,Erkek,Milli Takım,Takım Sporu,Global,Uluslararası,Türk Takımı Var,TV+ Var,Sürekli,Turnuva,Takvim/Saat,Bilgi,Takım,Jenerik,Türkçe,Body,tk_nezaman,390,LOW,2,0.35,0.02,0.18,evet,2400,880,30,30,90,50,70,30,140,140,140,110,50,210,90,70,210,70,110,140,320,260,210,70,320,1000,40,20,110,40,20,hayır
belçika maçı hangi kanalda,Milli Takım Karşılaşmaları,Futbol,Milli,Milli,Global Elit,Erkek,Milli Takım,Takım Sporu,Global,Uluslararası,Türk Takımı Var,TV+ Var,Sürekli,Turnuva,Kanal/Yayın,İzleme,Takım,Jenerik,Türkçe,Body,tk_kanal,260,LOW,2,0.43,0.1,0.4,evet,880,1000,20,10,170,30,40,30,210,320,320,110,40,720,40,50,140,50,70,90,880,320,170,10,140,1600,10,10,210,10,10,hayır
belçika canlı izle,Milli Takım Karşılaşmaları,Futbol,Milli,Milli,Global Elit,Erkek,Milli Takım,Takım Sporu,Global,Uluslararası,Türk Takımı Var,TV+ Var,Sürekli,Turnuva,Canlı İzle,İzleme,Takım,Jenerik,Türkçe,Body,tk_izle,10,LOW,1,,,,evet,50,20,10,10,10,0,10,10,10,10,10,10,10,20,10,10,10,10,10,10,30,20,10,10,40,110,20,20,30,20,20,hayır
belçika fikstür,Milli Takım Karşılaşmaları,Futbol,Milli,Milli,Global Elit,Erkek,Milli Takım,Takım Sporu,Global,Uluslararası,Türk Takımı Var,TV+ Var,Sürekli,Turnuva,Fikstür,Bilgi,Takım,Jenerik,Türkçe,Head,tk_fikstur,50,LOW,2,,,,evet,320,210,10,10,10,10,10,10,20,20,30,10,10,30,20,10,10,10,10,0,20,30,20,10,30,210,10,10,50,20,10,hayır
hırvatistan maçı,Milli Takım Karşılaşmaları,Futbol,Milli,Milli,Global Elit,Erkek,Milli Takım,Takım Sporu,Global,Uluslararası,Türk Takımı Var,TV+ Var,Sürekli,Turnuva,Takım Maç Sorgusu,Bilgi,Takım,Jenerik,Türkçe,Head,tk_mac,8100,LOW,0,0.21,0.04,0.2,evet,8100,49500,320,720,2900,320,210,210,9900,9900,12100,110,170,14800,260,390,14800,320,480,320,12100,22200,12100,390,1900,90500,390,480,8100,590,720,hayır
hırvatistan maçı ne zaman,Milli Takım Karşılaşmaları,Futbol,Milli,Milli,Global Elit,Erkek,Milli Takım,Takım Sporu,Global,Uluslararası,Türk Takımı Var,TV+ Var,Sürekli,Turnuva,Takvim/Saat,Bilgi,Takım,Jenerik,Türkçe,Body,tk_nezaman,110,LOW,1,,,,evet,170,590,20,20,90,20,10,10,90,50,110,10,10,140,10,20,170,20,30,30,170,170,110,20,110,880,50,30,170,20,50,hayır
hırvatistan maçı hangi kanalda,Milli Takım Karşılaşmaları,Futbol,Milli,Milli,Global Elit,Erkek,Milli Takım,Takım Sporu,Global,Uluslararası,Türk Takımı Var,TV+ Var,Sürekli,Turnuva,Kanal/Yayın,İzleme,Takım,Jenerik,Türkçe,Body,tk_kanal,320,LOW,3,,,,evet,70,1600,10,10,260,10,10,10,320,480,720,10,10,1000,10,10,260,10,10,10,480,1600,720,10,10,1600,10,10,210,20,20,hayır
hırvatistan canlı izle,Milli Takım Karşılaşmaları,Futbol,Milli,Milli,Global Elit,Erkek,Milli Takım,Takım Sporu,Global,Uluslararası,Türk Takımı Var,TV+ Var,Sürekli,Turnuva,Canlı İzle,İzleme,Takım,Jenerik,Türkçe,Body,tk_izle,10,LOW,2,,,,evet,10,50,10,0,10,0,0,0,10,10,30,0,10,50,10,10,10,10,10,0,20,30,20,10,10,110,10,10,10,0,10,hayır
hırvatistan fikstür,Milli Takım Karşılaşmaları,Futbol,Milli,Milli,Global Elit,Erkek,Milli Takım,Takım Sporu,Global,Uluslararası,Türk Takımı Var,TV+ Var,Sürekli,Turnuva,Fikstür,Bilgi,Takım,Jenerik,Türkçe,Head,tk_fikstur,20,LOW,2,,,,evet,20,90,10,10,10,0,0,10,10,20,10,10,0,30,10,10,20,10,10,0,20,20,20,10,20,320,10,10,20,10,10,hayır
abd maçı,Milli Takım Karşılaşmaları,Futbol,Milli,Milli,Global Elit,Erkek,Milli Takım,Takım Sporu,Global,Uluslararası,Türk Takımı Var,TV+ Var,Sürekli,Turnuva,Takım Maç Sorgusu,Bilgi,Takım,Jenerik,Türkçe,Head,tk_mac,9900,LOW,1,0.34,0.09,0.31,evet,40500,74000,2900,720,2400,110,90,140,720,720,1300,70,1300,6600,210,260,1300,90,320,50,480,480,1300,590,1600,4400,70,70,1300,40,480,hayır
abd maçı ne zaman,Milli Takım Karşılaşmaları,Futbol,Milli,Milli,Global Elit,Erkek,Milli Takım,Takım Sporu,Global,Uluslararası,Türk Takımı Var,TV+ Var,Sürekli,Turnuva,Takvim/Saat,Bilgi,Takım,Jenerik,Türkçe,Body,tk_nezaman,590,LOW,4,0.18,0.03,0.17,evet,1000,5400,110,110,110,20,10,30,10,20,210,10,30,390,40,50,70,10,10,10,10,10,10,70,90,210,20,10,20,0,10,hayır
abd maçı hangi kanalda,Milli Takım Karşılaşmaları,Futbol,Milli,Milli,Global Elit,Erkek,Milli Takım,Takım Sporu,Global,Uluslararası,Türk Takımı Var,TV+ Var,Sürekli,Turnuva,Kanal/Yayın,İzleme,Takım,Jenerik,Türkçe,Body,tk_kanal,170,LOW,5,0.08,0.1,0.19,evet,210,1600,210,10,70,10,10,10,10,10,110,10,50,1000,10,10,30,10,10,10,10,10,20,140,90,170,10,10,10,10,10,hayır
abd canlı izle,Milli Takım Karşılaşmaları,Futbol,Milli,Milli,Global Elit,Erkek,Milli Takım,Takım Sporu,Global,Uluslararası,Türk Takımı Var,TV+ Var,Sürekli,Turnuva,Canlı İzle,İzleme,Takım,Jenerik,Türkçe,Body,tk_izle,30,LOW,2,,,,evet,20,40,20,20,10,20,90,20,20,20,20,10,10,30,20,10,30,30,90,40,70,50,10,20,50,10,10,10,20,20,40,hayır
abd fikstür,Milli Takım Karşılaşmaları,Futbol,Milli,Milli,Global Elit,Erkek,Milli Takım,Takım Sporu,Global,Uluslararası,Türk Takımı Var,TV+ Var,Sürekli,Turnuva,Fikstür,Bilgi,Takım,Jenerik,Türkçe,Head,tk_fikstur,50,LOW,5,,0.05,0.23,evet,170,390,20,20,30,0,0,0,0,0,0,0,0,0,0,0,0,0,0,0,0,0,0,0,0,0,0,0,0,0,0,hayır
türkiye brezilya voleybol,Voleybol Milli Karşılaşmaları,Voleybol,Milli,Milli,Global Elit,Kadın,Milli Takım,Takım Sporu,Global,Uluslararası,Türk Takımı Var,TV+ Var,Sürekli,Turnuva,Rakip Eşleşmesi,Bilgi,Maç,Jenerik,Türkçe,Body,h2h_vol,1900,LOW,1,0.17,0.04,0.25,evet,22200,260,40,10,40,20,20,20,20,30,590,90,1300,60500,210,90,90,70,90,90,70,90,210,110000,70,4400,110,20,10,30,40,hayır
türkiye brezilya voleybol maçı,Voleybol Milli Karşılaşmaları,Voleybol,Milli,Milli,Global Elit,Kadın,Milli Takım,Takım Sporu,Global,Uluslararası,Türk Takımı Var,TV+ Var,Sürekli,Turnuva,Rakip Eşleşmesi,Bilgi,Maç,Jenerik,Türkçe,Body,h2h_vol,9900,LOW,1,0.21,0.04,0.26,evet,110000,590,70,40,50,30,30,20,40,30,3600,110,4400,9900,170,50,40,30,50,90,50,90,140,33100,210,12100,260,50,50,50,70,hayır
türkiye brezilya voleybol maçı ne zaman,Voleybol Milli Karşılaşmaları,Voleybol,Milli,Milli,Global Elit,Kadın,Milli Takım,Takım Sporu,Global,Uluslararası,Türk Takımı Var,TV+ Var,Sürekli,Turnuva,Takvim/Saat,Bilgi,Maç,Jenerik,Türkçe,Long-tail,h2h_vol,12100,LOW,1,0.19,0.03,0.23,evet,135000,260,10,10,10,10,10,10,10,10,590,50,880,18100,40,10,10,10,10,10,10,10,10,4400,30,9900,70,0,0,10,10,hayır
türkiye brezilya voleybol canlı izle,Voleybol Milli Karşılaşmaları,Voleybol,Milli,Milli,Global Elit,Kadın,Milli Takım,Takım Sporu,Global,Uluslararası,Türk Takımı Var,TV+ Var,Sürekli,Turnuva,Canlı İzle,İzleme,Maç,Jenerik,Türkçe,Long-tail,h2h_vol,50,LOW,3,0.28,0.09,0.34,evet,590,10,0,0,10,0,10,0,0,0,10,0,10,880,0,0,10,10,10,0,0,10,0,2400,10,110,0,0,0,10,0,hayır
türkiye brezilya voleybol hangi kanalda,Voleybol Milli Karşılaşmaları,Voleybol,Milli,Milli,Global Elit,Kadın,Milli Takım,Takım Sporu,Global,Uluslararası,Türk Takımı Var,TV+ Var,Sürekli,Turnuva,Kanal/Yayın,İzleme,Maç,Jenerik,Türkçe,Long-tail,h2h_vol,50,LOW,4,0.34,0.12,0.3,evet,720,10,0,0,0,0,0,0,0,0,10,10,10,880,0,0,0,0,0,0,0,0,10,1000,10,20,0,0,0,0,0,hayır
türkiye italya voleybol,Voleybol Milli Karşılaşmaları,Voleybol,Milli,Milli,Global Elit,Kadın,Milli Takım,Takım Sporu,Global,Uluslararası,Türk Takımı Var,TV+ Var,Sürekli,Turnuva,Rakip Eşleşmesi,Bilgi,Maç,Jenerik,Türkçe,Body,h2h_vol,4400,LOW,1,1.15,,,evet,880,9900,1600,50,90,50,90,30,50,90,40500,170,49500,720,1600,90,170,140,140,170,170,260,590,450000,480,1600,9900,170,210,170,170,hayır
türkiye italya voleybol maçı,Voleybol Milli Karşılaşmaları,Voleybol,Milli,Milli,Global Elit,Kadın,Milli Takım,Takım Sporu,Global,Uluslararası,Türk Takımı Var,TV+ Var,Sürekli,Turnuva,Rakip Eşleşmesi,Bilgi,Maç,Jenerik,Türkçe,Body,h2h_vol,33100,LOW,2,0.12,0.05,0.22,evet,5400,12100,8100,90,260,170,590,210,320,480,368000,720,12100,3600,6600,50,50,90,90,90,140,140,170,33100,720,1600,49500,90,110,170,170,hayır
türkiye italya voleybol maçı ne zaman,Voleybol Milli Karşılaşmaları,Voleybol,Milli,Milli,Global Elit,Kadın,Milli Takım,Takım Sporu,Global,Uluslararası,Türk Takımı Var,TV+ Var,Sürekli,Turnuva,Takvim/Saat,Bilgi,Maç,Jenerik,Türkçe,Long-tail,h2h_vol,1900,LOW,1,,,,evet,480,480,320,10,30,20,20,20,30,50,22200,90,12100,880,260,30,30,30,20,30,40,50,110,90500,1000,590,720,20,30,30,10,hayır
türkiye italya voleybol canlı izle,Voleybol Milli Karşılaşmaları,Voleybol,Milli,Milli,Global Elit,Kadın,Milli Takım,Takım Sporu,Global,Uluslararası,Türk Takımı Var,TV+ Var,Sürekli,Turnuva,Canlı İzle,İzleme,Maç,Jenerik,Türkçe,Long-tail,h2h_vol,90,LOW,4,,,,evet,20,40,70,0,10,0,10,0,0,10,880,10,320,20,70,10,10,10,10,10,10,20,10,9900,10,50,590,10,10,10,10,hayır
türkiye italya voleybol hangi kanalda,Voleybol Milli Karşılaşmaları,Voleybol,Milli,Milli,Global Elit,Kadın,Milli Takım,Takım Sporu,Global,Uluslararası,Türk Takımı Var,TV+ Var,Sürekli,Turnuva,Kanal/Yayın,İzleme,Maç,Jenerik,Türkçe,Long-tail,h2h_vol,140,LOW,3,,,,evet,30,170,90,0,0,0,0,10,0,0,1600,10,480,20,50,10,0,10,10,10,10,10,20,14800,10,50,320,10,0,10,10,hayır
türkiye abd voleybol,Voleybol Milli Karşılaşmaları,Voleybol,Milli,Milli,Global Elit,Kadın,Milli Takım,Takım Sporu,Global,Uluslararası,Türk Takımı Var,TV+ Var,Sürekli,Turnuva,Rakip Eşleşmesi,Bilgi,Maç,Jenerik,Türkçe,Body,h2h_vol,720,LOW,1,,0.05,0.46,evet,5400,880,10,10,10,10,10,10,10,10,2900,10,260,50,10,10,10,10,10,10,10,20,20,1000,320,4400,1900,20,20,20,20,hayır
türkiye abd voleybol maçı,Voleybol Milli Karşılaşmaları,Voleybol,Milli,Milli,Global Elit,Kadın,Milli Takım,Takım Sporu,Global,Uluslararası,Türk Takımı Var,TV+ Var,Sürekli,Turnuva,Rakip Eşleşmesi,Bilgi,Maç,Jenerik,Türkçe,Body,h2h_vol,6600,LOW,1,0.3,0.06,0.33,evet,27100,880,50,30,20,20,20,10,20,20,49500,70,1600,210,30,40,20,30,70,140,70,50,40,590,260,27100,1300,30,10,20,30,hayır
türkiye abd voleybol maçı ne zaman,Voleybol Milli Karşılaşmaları,Voleybol,Milli,Milli,Global Elit,Kadın,Milli Takım,Takım Sporu,Global,Uluslararası,Türk Takımı Var,TV+ Var,Sürekli,Turnuva,Takvim/Saat,Bilgi,Maç,Jenerik,Türkçe,Long-tail,h2h_vol,480,LOW,1,0.01,0.01,0.18,evet,1300,320,10,10,10,10,0,10,10,10,4400,30,140,90,10,10,10,10,10,10,10,10,10,90,10,4400,590,10,10,10,0,hayır
türkiye abd voleybol canlı izle,Voleybol Milli Karşılaşmaları,Voleybol,Milli,Milli,Global Elit,Kadın,Milli Takım,Takım Sporu,Global,Uluslararası,Türk Takımı Var,TV+ Var,Sürekli,Turnuva,Canlı İzle,İzleme,Maç,Jenerik,Türkçe,Long-tail,h2h_vol,10,LOW,3,,,,evet,140,10,0,0,0,0,0,0,0,0,40,0,10,10,0,0,0,0,0,0,0,0,10,0,0,70,10,0,0,0,0,hayır
türkiye abd voleybol hangi kanalda,Voleybol Milli Karşılaşmaları,Voleybol,Milli,Milli,Global Elit,Kadın,Milli Takım,Takım Sporu,Global,Uluslararası,Türk Takımı Var,TV+ Var,Sürekli,Turnuva,Kanal/Yayın,İzleme,Maç,Jenerik,Türkçe,Long-tail,h2h_vol,30,LOW,2,,,,evet,140,10,0,10,0,0,0,0,0,0,210,10,10,20,10,10,10,0,0,0,0,0,0,10,10,0,0,0,0,0,0,hayır
türkiye sırbistan voleybol,Voleybol Milli Karşılaşmaları,Voleybol,Milli,Milli,Global Elit,Kadın,Milli Takım,Takım Sporu,Global,Uluslararası,Türk Takımı Var,TV+ Var,Sürekli,Turnuva,Rakip Eşleşmesi,Bilgi,Maç,Jenerik,Türkçe,Body,h2h_vol,390,LOW,1,0.08,0.06,20,evet,4400,90,260,10,30,20,10,10,20,10,320,260,12100,720,10,20,20,20,10,20,20,30,30,1000,210,1000,8100,50,50,40,390,hayır
türkiye sırbistan voleybol maçı,Voleybol Milli Karşılaşmaları,Voleybol,Milli,Milli,Global Elit,Kadın,Milli Takım,Takım Sporu,Global,Uluslararası,Türk Takımı Var,TV+ Var,Sürekli,Turnuva,Rakip Eşleşmesi,Bilgi,Maç,Jenerik,Türkçe,Body,h2h_vol,720,LOW,1,0.15,0.06,20,evet,1900,480,3600,70,90,90,50,20,40,50,1000,1000,27100,2900,90,110,70,90,210,110,110,90,70,880,320,5400,27100,320,320,320,1000,hayır
türkiye sırbistan voleybol maçı ne zaman,Voleybol Milli Karşılaşmaları,Voleybol,Milli,Milli,Global Elit,Kadın,Milli Takım,Takım Sporu,Global,Uluslararası,Türk Takımı Var,TV+ Var,Sürekli,Turnuva,Takvim/Saat,Bilgi,Maç,Jenerik,Türkçe,Long-tail,h2h_vol,70,LOW,1,,,,evet,320,50,140,10,10,10,10,10,10,10,140,170,1300,170,10,10,10,10,10,10,10,10,10,480,30,170,1600,10,10,10,30,hayır
türkiye sırbistan voleybol canlı izle,Voleybol Milli Karşılaşmaları,Voleybol,Milli,Milli,Global Elit,Kadın,Milli Takım,Takım Sporu,Global,Uluslararası,Türk Takımı Var,TV+ Var,Sürekli,Turnuva,Canlı İzle,İzleme,Maç,Jenerik,Türkçe,Long-tail,h2h_vol,10,LOW,4,,,,evet,70,0,10,0,0,10,0,0,0,0,10,10,70,30,0,0,0,10,0,0,0,0,10,10,0,10,50,0,0,10,10,hayır
türkiye sırbistan voleybol hangi kanalda,Voleybol Milli Karşılaşmaları,Voleybol,Milli,Milli,Global Elit,Kadın,Milli Takım,Takım Sporu,Global,Uluslararası,Türk Takımı Var,TV+ Var,Sürekli,Turnuva,Kanal/Yayın,İzleme,Maç,Jenerik,Türkçe,Long-tail,h2h_vol,10,LOW,1,,,,evet,10,10,10,0,0,0,10,0,0,0,10,10,50,10,0,0,0,0,0,0,0,0,0,10,0,10,30,0,0,0,10,hayır
türkiye polonya voleybol,Voleybol Milli Karşılaşmaları,Voleybol,Milli,Milli,Global Elit,Kadın,Milli Takım,Takım Sporu,Global,Uluslararası,Türk Takımı Var,TV+ Var,Sürekli,Turnuva,Rakip Eşleşmesi,Bilgi,Maç,Jenerik,Türkçe,Body,h2h_vol,1300,LOW,4,0.27,0.16,0.62,evet,1600,720,1300,10,10,10,10,10,20,70,12100,70,320,4400,10,10,10,10,10,10,20,10,10,210,170,33100,70,10,10,10,30,hayır
türkiye polonya voleybol maçı,Voleybol Milli Karşılaşmaları,Voleybol,Milli,Milli,Global Elit,Kadın,Milli Takım,Takım Sporu,Global,Uluslararası,Türk Takımı Var,TV+ Var,Sürekli,Turnuva,Rakip Eşleşmesi,Bilgi,Maç,Jenerik,Türkçe,Body,h2h_vol,5400,LOW,2,0.35,0.12,0.42,evet,40500,6600,1900,20,50,30,40,30,40,140,22200,390,2400,27100,70,50,30,30,30,30,20,40,50,720,480,22200,320,40,50,70,90,hayır
türkiye polonya voleybol maçı ne zaman,Voleybol Milli Karşılaşmaları,Voleybol,Milli,Milli,Global Elit,Kadın,Milli Takım,Takım Sporu,Global,Uluslararası,Türk Takımı Var,TV+ Var,Sürekli,Turnuva,Takvim/Saat,Bilgi,Maç,Jenerik,Türkçe,Long-tail,h2h_vol,1900,LOW,2,0.29,,,evet,880,210,210,10,10,0,10,10,10,70,22200,30,390,1600,10,10,10,10,10,10,10,10,10,110,70,14800,40,10,10,10,10,hayır
türkiye polonya voleybol canlı izle,Voleybol Milli Karşılaşmaları,Voleybol,Milli,Milli,Global Elit,Kadın,Milli Takım,Takım Sporu,Global,Uluslararası,Türk Takımı Var,TV+ Var,Sürekli,Turnuva,Canlı İzle,İzleme,Maç,Jenerik,Türkçe,Long-tail,h2h_vol,20,LOW,3,0.17,,,evet,50,10,90,0,0,0,0,0,0,0,40,0,0,30,0,0,0,0,0,0,0,0,0,10,10,480,10,10,10,10,10,hayır
türkiye polonya voleybol hangi kanalda,Voleybol Milli Karşılaşmaları,Voleybol,Milli,Milli,Global Elit,Kadın,Milli Takım,Takım Sporu,Global,Uluslararası,Türk Takımı Var,TV+ Var,Sürekli,Turnuva,Kanal/Yayın,İzleme,Maç,Jenerik,Türkçe,Long-tail,h2h_vol,10,LOW,2,,,,evet,40,10,20,0,0,0,0,0,0,0,90,10,10,40,0,0,0,0,0,0,0,0,0,10,10,0,0,0,0,0,0,hayır
türkiye çin voleybol,Voleybol Milli Karşılaşmaları,Voleybol,Milli,Milli,Global Elit,Kadın,Milli Takım,Takım Sporu,Global,Uluslararası,Türk Takımı Var,TV+ Var,Sürekli,Turnuva,Rakip Eşleşmesi,Bilgi,Maç,Jenerik,Türkçe,Body,h2h_vol,2900,LOW,2,0.09,0.02,0.16,evet,22200,12100,50,30,10,10,10,10,10,10,170,50,480,5400,70,90,70,50,50,110,70,90,170,165000,90,3600,140,30,30,10,40,hayır
türkiye çin voleybol maçı,Voleybol Milli Karşılaşmaları,Voleybol,Milli,Milli,Global Elit,Kadın,Milli Takım,Takım Sporu,Global,Uluslararası,Türk Takımı Var,TV+ Var,Sürekli,Turnuva,Rakip Eşleşmesi,Bilgi,Maç,Jenerik,Türkçe,Body,h2h_vol,9900,LOW,2,0.23,0.03,0.25,evet,27100,90500,210,140,110,110,70,90,50,50,1000,210,1000,27100,90,70,70,70,50,110,90,90,170,40500,210,33100,390,110,70,90,110,hayır
türkiye çin voleybol maçı ne zaman,Voleybol Milli Karşılaşmaları,Voleybol,Milli,Milli,Global Elit,Kadın,Milli Takım,Takım Sporu,Global,Uluslararası,Türk Takımı Var,TV+ Var,Sürekli,Turnuva,Takvim/Saat,Bilgi,Maç,Jenerik,Türkçe,Long-tail,h2h_vol,5400,LOW,1,0.11,0.02,0.17,evet,60500,5400,40,30,10,20,10,0,10,10,90,20,110,12100,10,10,10,10,10,10,10,10,20,2900,40,9900,70,10,10,0,10,hayır
türkiye çin voleybol canlı izle,Voleybol Milli Karşılaşmaları,Voleybol,Milli,Milli,Global Elit,Kadın,Milli Takım,Takım Sporu,Global,Uluslararası,Türk Takımı Var,TV+ Var,Sürekli,Turnuva,Canlı İzle,İzleme,Maç,Jenerik,Türkçe,Long-tail,h2h_vol,50,LOW,2,0.08,,,evet,390,260,0,0,0,0,0,0,0,0,20,10,10,50,10,10,10,10,10,10,10,0,10,2900,10,210,10,0,10,0,10,hayır
türkiye çin voleybol hangi kanalda,Voleybol Milli Karşılaşmaları,Voleybol,Milli,Milli,Global Elit,Kadın,Milli Takım,Takım Sporu,Global,Uluslararası,Türk Takımı Var,TV+ Var,Sürekli,Turnuva,Kanal/Yayın,İzleme,Maç,Jenerik,Türkçe,Long-tail,h2h_vol,70,LOW,4,0.36,,,evet,390,320,0,10,0,0,10,0,0,0,10,10,10,90,10,0,10,10,0,10,0,10,10,9900,0,0,0,0,0,0,0,hayır
türkiye japonya voleybol,Voleybol Milli Karşılaşmaları,Voleybol,Milli,Milli,Global Elit,Kadın,Milli Takım,Takım Sporu,Global,Uluslararası,Türk Takımı Var,TV+ Var,Sürekli,Turnuva,Rakip Eşleşmesi,Bilgi,Maç,Jenerik,Türkçe,Body,h2h_vol,880,LOW,1,0.11,,,evet,1600,170,10,10,30,10,10,30,20,20,8100,70,4400,70,10,20,10,10,20,10,10,10,20,140,50,590,49500,50,70,70,70,hayır
türkiye japonya voleybol maçı,Voleybol Milli Karşılaşmaları,Voleybol,Milli,Milli,Global Elit,Kadın,Milli Takım,Takım Sporu,Global,Uluslararası,Türk Takımı Var,TV+ Var,Sürekli,Turnuva,Rakip Eşleşmesi,Bilgi,Maç,Jenerik,Türkçe,Body,h2h_vol,14800,LOW,1,0.23,0.05,0.27,evet,49500,720,70,50,170,50,90,260,90,170,110000,880,60500,390,50,30,30,40,50,30,30,20,40,480,140,880,12100,70,50,50,90,hayır
türkiye japonya voleybol maçı ne zaman,Voleybol Milli Karşılaşmaları,Voleybol,Milli,Milli,Global Elit,Kadın,Milli Takım,Takım Sporu,Global,Uluslararası,Türk Takımı Var,TV+ Var,Sürekli,Turnuva,Takvim/Saat,Bilgi,Maç,Jenerik,Türkçe,Long-tail,h2h_vol,1600,LOW,2,0.01,0.01,0.09,evet,1600,210,10,10,10,10,10,20,20,50,18100,260,74000,30,10,10,10,0,10,10,10,10,10,70,20,260,2400,70,30,10,10,hayır
türkiye japonya voleybol canlı izle,Voleybol Milli Karşılaşmaları,Voleybol,Milli,Milli,Global Elit,Kadın,Milli Takım,Takım Sporu,Global,Uluslararası,Türk Takımı Var,TV+ Var,Sürekli,Turnuva,Canlı İzle,İzleme,Maç,Jenerik,Türkçe,Long-tail,h2h_vol,20,LOW,3,0.11,,,evet,90,0,0,0,0,0,0,0,0,0,110,10,50,0,0,0,0,0,0,0,0,0,0,10,0,10,260,0,0,0,0,hayır
türkiye japonya voleybol hangi kanalda,Voleybol Milli Karşılaşmaları,Voleybol,Milli,Milli,Global Elit,Kadın,Milli Takım,Takım Sporu,Global,Uluslararası,Türk Takımı Var,TV+ Var,Sürekli,Turnuva,Kanal/Yayın,İzleme,Maç,Jenerik,Türkçe,Long-tail,h2h_vol,30,LOW,2,,,,evet,70,10,0,0,0,0,0,0,0,0,260,0,110,0,0,0,0,0,0,0,0,0,0,0,0,0,0,0,0,0,0,hayır
türkiye hollanda voleybol,Voleybol Milli Karşılaşmaları,Voleybol,Milli,Milli,Global Elit,Kadın,Milli Takım,Takım Sporu,Global,Uluslararası,Türk Takımı Var,TV+ Var,Sürekli,Turnuva,Rakip Eşleşmesi,Bilgi,Maç,Jenerik,Türkçe,Body,h2h_vol,1600,LOW,1,,,,evet,90,4400,30,10,10,10,10,20,10,30,14800,140,6600,880,4400,30,50,50,50,70,70,140,210,4400,110000,1600,8100,10,10,10,10,hayır
türkiye hollanda voleybol maçı,Voleybol Milli Karşılaşmaları,Voleybol,Milli,Milli,Global Elit,Kadın,Milli Takım,Takım Sporu,Global,Uluslararası,Türk Takımı Var,TV+ Var,Sürekli,Turnuva,Rakip Eşleşmesi,Bilgi,Maç,Jenerik,Türkçe,Body,h2h_vol,1300,LOW,1,,,,evet,720,14800,140,20,10,10,10,10,20,30,2400,480,27100,4400,880,20,20,30,30,40,70,210,260,2900,33100,1000,40500,20,20,10,10,hayır
türkiye hollanda voleybol maçı ne zaman,Voleybol Milli Karşılaşmaları,Voleybol,Milli,Milli,Global Elit,Kadın,Milli Takım,Takım Sporu,Global,Uluslararası,Türk Takımı Var,TV+ Var,Sürekli,Turnuva,Takvim/Saat,Bilgi,Maç,Jenerik,Türkçe,Long-tail,h2h_vol,480,LOW,1,0.01,,,evet,70,260,10,10,10,10,10,10,10,10,5400,50,3600,590,390,10,10,10,10,10,10,20,30,480,33100,110,2400,10,10,10,0,hayır
türkiye hollanda voleybol canlı izle,Voleybol Milli Karşılaşmaları,Voleybol,Milli,Milli,Global Elit,Kadın,Milli Takım,Takım Sporu,Global,Uluslararası,Türk Takımı Var,TV+ Var,Sürekli,Turnuva,Canlı İzle,İzleme,Maç,Jenerik,Türkçe,Long-tail,h2h_vol,10,LOW,0,,,,evet,10,30,0,0,0,0,0,0,0,0,20,0,30,10,10,0,0,0,0,0,0,0,0,20,1300,10,140,0,0,0,0,hayır
türkiye hollanda voleybol hangi kanalda,Voleybol Milli Karşılaşmaları,Voleybol,Milli,Milli,Global Elit,Kadın,Milli Takım,Takım Sporu,Global,Uluslararası,Türk Takımı Var,TV+ Var,Sürekli,Turnuva,Kanal/Yayın,İzleme,Maç,Jenerik,Türkçe,Long-tail,h2h_vol,10,,,,,,evet,0,40,0,0,0,0,0,0,0,0,10,10,20,10,20,0,0,0,0,0,0,0,0,10,390,0,0,0,0,0,0,hayır
polonya ekstraklasa,Polonya Ekstraklasa,Futbol,Lig,1. Seviye,Orta,Erkek,Kulüp,Takım Sporu,Polonya,Yabancı,Yok,TV+ Yok,Yıllık,Sürekli Lig,Jenerik,Bilgi,Lig/Organizasyon,Jenerik,İngilizce,Head,jen,390,LOW,3,0.42,0.14,0.52,evet,320,30,590,390,590,720,170,320,480,320,320,480,260,40,480,390,260,390,110,320,390,320,390,720,390,20,720,880,590,480,110,hayır
polonya ekstraklasa puan durumu,Polonya Ekstraklasa,Futbol,Lig,1. Seviye,Orta,Erkek,Kulüp,Takım Sporu,Polonya,Yabancı,Yok,TV+ Yok,Yıllık,Sürekli Lig,Puan Durumu,Bilgi,Lig/Organizasyon,Jenerik,İngilizce,Body,pd,320,LOW,1,0.45,0.21,0.5,evet,1300,90,480,720,480,260,70,90,210,170,110,170,50,10,260,170,210,50,10,40,110,50,70,110,50,10,140,140,110,90,10,hayır
polonya ekstraklasa fikstür,Polonya Ekstraklasa,Futbol,Lig,1. Seviye,Orta,Erkek,Kulüp,Takım Sporu,Polonya,Yabancı,Yok,TV+ Yok,Yıllık,Sürekli Lig,Fikstür,Bilgi,Lig/Organizasyon,Jenerik,Türkçe,Body,fik,,,,,,,hayir,,,,,,,,,,,,,,,,,,,,,,,,,,,,,,,,hayır
polonya ekstraklasa maçları,Polonya Ekstraklasa,Futbol,Lig,1. Seviye,Orta,Erkek,Kulüp,Takım Sporu,Polonya,Yabancı,Yok,TV+ Yok,Yıllık,Sürekli Lig,Takım Maç Sorgusu,Bilgi,Lig/Organizasyon,Jenerik,Türkçe,Body,maclar,,,,,,,hayir,,,,,,,,,,,,,,,,,,,,,,,,,,,,,,,,hayır
belçika pro lig,Belçika Pro Lig,Futbol,Lig,1. Seviye,Niş,Erkek,Kulüp,Takım Sporu,Belçika,Yabancı,Yok,TV+ Yok,Yıllık,Sürekli Lig,Jenerik,Bilgi,Lig/Organizasyon,Jenerik,Türkçe,Body,jen,3600,LOW,0,,,,evet,390,480,5400,3600,2900,4400,2900,5400,5400,4400,2900,3600,1600,590,8100,3600,3600,8100,3600,5400,2900,2400,4400,3600,1600,590,4400,4400,5400,5400,2400,hayır
belçika pro lig puan durumu,Belçika Pro Lig,Futbol,Lig,1. Seviye,Niş,Erkek,Kulüp,Takım Sporu,Belçika,Yabancı,Yok,TV+ Yok,Yıllık,Sürekli Lig,Puan Durumu,Bilgi,Lig/Organizasyon,Jenerik,Türkçe,Long-tail,pd,1300,LOW,0,,,,evet,480,390,1600,880,1300,1600,1000,1900,2400,1000,880,720,390,390,4400,1300,1300,2400,1600,880,590,480,880,480,260,70,880,880,1000,1000,590,hayır
belçika pro lig fikstür,Belçika Pro Lig,Futbol,Lig,1. Seviye,Niş,Erkek,Kulüp,Takım Sporu,Belçika,Yabancı,Yok,TV+ Yok,Yıllık,Sürekli Lig,Fikstür,Bilgi,Lig/Organizasyon,Jenerik,Türkçe,Body,fik,,,,,,,hayir,,,,,,,,,,,,,,,,,,,,,,,,,,,,,,,,hayır
belçika pro lig maçları,Belçika Pro Lig,Futbol,Lig,1. Seviye,Niş,Erkek,Kulüp,Takım Sporu,Belçika,Yabancı,Yok,TV+ Yok,Yıllık,Sürekli Lig,Takım Maç Sorgusu,Bilgi,Lig/Organizasyon,Jenerik,Türkçe,Body,maclar,10,LOW,0,,,,evet,20,10,50,10,10,10,10,10,10,10,10,10,20,0,20,10,30,10,10,10,10,10,10,70,0,0,0,0,0,0,0,hayır
i skoçya premiership,İskoçya Premiership,Futbol,Lig,1. Seviye,Niş,Erkek,Kulüp,Takım Sporu,İskoçya,Yabancı,Yok,TV+ Yok,Yıllık,Sürekli Lig,Jenerik,Bilgi,Lig/Organizasyon,Jenerik,Türkçe,Head,jen,,,,,,,hayir,,,,,,,,,,,,,,,,,,,,,,,,,,,,,,,,hayır
i skoçya premiership puan durumu,İskoçya Premiership,Futbol,Lig,1. Seviye,Niş,Erkek,Kulüp,Takım Sporu,İskoçya,Yabancı,Yok,TV+ Yok,Yıllık,Sürekli Lig,Puan Durumu,Bilgi,Lig/Organizasyon,Jenerik,Türkçe,Body,pd,,,,,,,hayir,,,,,,,,,,,,,,,,,,,,,,,,,,,,,,,,hayır
i skoçya premiership fikstür,İskoçya Premiership,Futbol,Lig,1. Seviye,Niş,Erkek,Kulüp,Takım Sporu,İskoçya,Yabancı,Yok,TV+ Yok,Yıllık,Sürekli Lig,Fikstür,Bilgi,Lig/Organizasyon,Jenerik,Türkçe,Body,fik,,,,,,,hayir,,,,,,,,,,,,,,,,,,,,,,,,,,,,,,,,hayır
i skoçya premiership maçları,İskoçya Premiership,Futbol,Lig,1. Seviye,Niş,Erkek,Kulüp,Takım Sporu,İskoçya,Yabancı,Yok,TV+ Yok,Yıllık,Sürekli Lig,Takım Maç Sorgusu,Bilgi,Lig/Organizasyon,Jenerik,Türkçe,Body,maclar,,,,,,,hayir,,,,,,,,,,,,,,,,,,,,,,,,,,,,,,,,hayır
avusturya bundesliga,Avusturya Bundesliga,Futbol,Lig,1. Seviye,Niş,Erkek,Kulüp,Takım Sporu,Avusturya,Yabancı,Yok,TV+ Yok,Yıllık,Sürekli Lig,Jenerik,Bilgi,Lig/Organizasyon,Jenerik,İngilizce,Head,jen,1000,LOW,0,,,,evet,1900,210,1600,1300,880,880,390,590,880,720,720,1600,1300,590,3600,1300,880,880,480,720,1000,1000,1300,2900,1900,390,1300,880,590,720,390,hayır
avusturya bundesliga puan durumu,Avusturya Bundesliga,Futbol,Lig,1. Seviye,Niş,Erkek,Kulüp,Takım Sporu,Avusturya,Yabancı,Yok,TV+ Yok,Yıllık,Sürekli Lig,Puan Durumu,Bilgi,Lig/Organizasyon,Jenerik,İngilizce,Body,pd,4400,LOW,0,,,,evet,9900,1300,8100,5400,4400,3600,2400,2900,3600,3600,2900,5400,5400,2400,18100,8100,5400,5400,3600,4400,5400,6600,4400,6600,1900,590,1000,720,590,590,170,hayır
avusturya bundesliga fikstür,Avusturya Bundesliga,Futbol,Lig,1. Seviye,Niş,Erkek,Kulüp,Takım Sporu,Avusturya,Yabancı,Yok,TV+ Yok,Yıllık,Sürekli Lig,Fikstür,Bilgi,Lig/Organizasyon,Jenerik,Türkçe,Body,fik,10,LOW,5,,,,evet,10,10,10,10,10,10,10,10,0,10,0,0,0,10,10,10,10,0,10,10,10,10,10,10,10,0,0,10,10,0,0,hayır
avusturya bundesliga maçları,Avusturya Bundesliga,Futbol,Lig,1. Seviye,Niş,Erkek,Kulüp,Takım Sporu,Avusturya,Yabancı,Yok,TV+ Yok,Yıllık,Sürekli Lig,Takım Maç Sorgusu,Bilgi,Lig/Organizasyon,Jenerik,Türkçe,Body,maclar,590,LOW,1,,,,evet,880,110,1300,1000,720,590,210,390,590,480,480,590,320,210,4400,1600,1300,1000,390,880,1000,1000,880,1600,170,70,260,210,210,90,20,hayır
i sviçre süper lig,İsviçre Süper Lig,Futbol,Lig,1. Seviye,Niş,Erkek,Kulüp,Takım Sporu,İsviçre,Yabancı,Yok,TV+ Yok,Yıllık,Sürekli Lig,Jenerik,Bilgi,Lig/Organizasyon,Jenerik,Türkçe,Body,jen,,,,,,,hayir,,,,,,,,,,,,,,,,,,,,,,,,,,,,,,,,hayır
i sviçre süper lig puan durumu,İsviçre Süper Lig,Futbol,Lig,1. Seviye,Niş,Erkek,Kulüp,Takım Sporu,İsviçre,Yabancı,Yok,TV+ Yok,Yıllık,Sürekli Lig,Puan Durumu,Bilgi,Lig/Organizasyon,Jenerik,Türkçe,Long-tail,pd,,,,,,,hayir,,,,,,,,,,,,,,,,,,,,,,,,,,,,,,,,hayır
i sviçre süper lig fikstür,İsviçre Süper Lig,Futbol,Lig,1. Seviye,Niş,Erkek,Kulüp,Takım Sporu,İsviçre,Yabancı,Yok,TV+ Yok,Yıllık,Sürekli Lig,Fikstür,Bilgi,Lig/Organizasyon,Jenerik,Türkçe,Body,fik,,,,,,,hayir,,,,,,,,,,,,,,,,,,,,,,,,,,,,,,,,hayır
i sviçre süper lig maçları,İsviçre Süper Lig,Futbol,Lig,1. Seviye,Niş,Erkek,Kulüp,Takım Sporu,İsviçre,Yabancı,Yok,TV+ Yok,Yıllık,Sürekli Lig,Takım Maç Sorgusu,Bilgi,Lig/Organizasyon,Jenerik,Türkçe,Body,maclar,,,,,,,hayir,,,,,,,,,,,,,,,,,,,,,,,,,,,,,,,,hayır
danimarka süper lig,Danimarka Süper Lig,Futbol,Lig,1. Seviye,Niş,Erkek,Kulüp,Takım Sporu,Danimarka,Yabancı,Yok,TV+ Yok,Yıllık,Sürekli Lig,Jenerik,Bilgi,Lig/Organizasyon,Jenerik,Türkçe,Body,jen,1600,LOW,2,0.42,0.2,0.43,evet,4400,880,1900,1900,1300,1900,590,1300,2400,1600,1300,1900,1300,390,1900,2900,1600,1300,1900,880,1600,1600,1600,2900,1600,480,3600,2400,1900,1900,590,hayır
danimarka süper lig puan durumu,Danimarka Süper Lig,Futbol,Lig,1. Seviye,Niş,Erkek,Kulüp,Takım Sporu,Danimarka,Yabancı,Yok,TV+ Yok,Yıllık,Sürekli Lig,Puan Durumu,Bilgi,Lig/Organizasyon,Jenerik,Türkçe,Long-tail,pd,8100,LOW,1,0.49,0.22,0.49,evet,14800,5400,12100,8100,8100,9900,3600,6600,8100,6600,5400,6600,3600,2400,12100,9900,6600,8100,18100,6600,8100,8100,6600,8100,3600,720,2900,1600,1300,1000,480,hayır
danimarka süper lig fikstür,Danimarka Süper Lig,Futbol,Lig,1. Seviye,Niş,Erkek,Kulüp,Takım Sporu,Danimarka,Yabancı,Yok,TV+ Yok,Yıllık,Sürekli Lig,Fikstür,Bilgi,Lig/Organizasyon,Jenerik,Türkçe,Body,fik,,,,,,,hayir,,,,,,,,,,,,,,,,,,,,,,,,,,,,,,,,hayır
danimarka süper lig maçları,Danimarka Süper Lig,Futbol,Lig,1. Seviye,Niş,Erkek,Kulüp,Takım Sporu,Danimarka,Yabancı,Yok,TV+ Yok,Yıllık,Sürekli Lig,Takım Maç Sorgusu,Bilgi,Lig/Organizasyon,Jenerik,Türkçe,Body,maclar,,,,,,,hayir,,,,,,,,,,,,,,,,,,,,,,,,,,,,,,,,hayır
i sveç allsvenskan,İsveç Allsvenskan,Futbol,Lig,1. Seviye,Niş,Erkek,Kulüp,Takım Sporu,İsveç,Yabancı,Yok,TV+ Yok,Yıllık,Sürekli Lig,Jenerik,Bilgi,Lig/Organizasyon,Jenerik,Türkçe,Head,jen,,,,,,,hayir,,,,,,,,,,,,,,,,,,,,,,,,,,,,,,,,hayır
i sveç allsvenskan puan durumu,İsveç Allsvenskan,Futbol,Lig,1. Seviye,Niş,Erkek,Kulüp,Takım Sporu,İsveç,Yabancı,Yok,TV+ Yok,Yıllık,Sürekli Lig,Puan Durumu,Bilgi,Lig/Organizasyon,Jenerik,Türkçe,Body,pd,,,,,,,hayir,,,,,,,,,,,,,,,,,,,,,,,,,,,,,,,,hayır
i sveç allsvenskan fikstür,İsveç Allsvenskan,Futbol,Lig,1. Seviye,Niş,Erkek,Kulüp,Takım Sporu,İsveç,Yabancı,Yok,TV+ Yok,Yıllık,Sürekli Lig,Fikstür,Bilgi,Lig/Organizasyon,Jenerik,Türkçe,Body,fik,,,,,,,hayir,,,,,,,,,,,,,,,,,,,,,,,,,,,,,,,,hayır
i sveç allsvenskan maçları,İsveç Allsvenskan,Futbol,Lig,1. Seviye,Niş,Erkek,Kulüp,Takım Sporu,İsveç,Yabancı,Yok,TV+ Yok,Yıllık,Sürekli Lig,Takım Maç Sorgusu,Bilgi,Lig/Organizasyon,Jenerik,Türkçe,Body,maclar,,,,,,,hayir,,,,,,,,,,,,,,,,,,,,,,,,,,,,,,,,hayır
norveç eliteserien,Norveç Eliteserien,Futbol,Lig,1. Seviye,Niş,Erkek,Kulüp,Takım Sporu,Norveç,Yabancı,Yok,TV+ Yok,Yıllık,Sürekli Lig,Jenerik,Bilgi,Lig/Organizasyon,Jenerik,Türkçe,Head,jen,210,LOW,1,,,,evet,720,70,590,390,110,20,20,50,260,140,70,140,480,320,210,170,30,20,70,40,170,140,170,320,590,480,590,260,90,40,20,hayır
norveç eliteserien puan durumu,Norveç Eliteserien,Futbol,Lig,1. Seviye,Niş,Erkek,Kulüp,Takım Sporu,Norveç,Yabancı,Yok,TV+ Yok,Yıllık,Sürekli Lig,Puan Durumu,Bilgi,Lig/Organizasyon,Jenerik,Türkçe,Body,pd,210,LOW,1,0.36,0.17,0.34,evet,390,50,480,320,110,70,50,50,320,260,170,210,390,210,320,140,50,30,40,70,70,50,70,110,170,70,40,10,10,10,10,hayır
norveç eliteserien fikstür,Norveç Eliteserien,Futbol,Lig,1. Seviye,Niş,Erkek,Kulüp,Takım Sporu,Norveç,Yabancı,Yok,TV+ Yok,Yıllık,Sürekli Lig,Fikstür,Bilgi,Lig/Organizasyon,Jenerik,Türkçe,Body,fik,10,LOW,1,,,,evet,30,10,20,10,10,10,10,10,10,10,20,40,0,0,0,0,0,0,0,0,0,0,0,0,0,0,0,0,0,0,0,hayır
norveç eliteserien maçları,Norveç Eliteserien,Futbol,Lig,1. Seviye,Niş,Erkek,Kulüp,Takım Sporu,Norveç,Yabancı,Yok,TV+ Yok,Yıllık,Sürekli Lig,Takım Maç Sorgusu,Bilgi,Lig/Organizasyon,Jenerik,Türkçe,Body,maclar,,,,,,,hayir,,,,,,,,,,,,,,,,,,,,,,,,,,,,,,,,hayır
çek ligi,Çek Ligi,Futbol,Lig,1. Seviye,Niş,Erkek,Kulüp,Takım Sporu,Çekya,Yabancı,Yok,TV+ Yok,Yıllık,Sürekli Lig,Jenerik,Bilgi,Lig/Organizasyon,Jenerik,Türkçe,Head,jen,6600,LOW,0,,,,evet,4400,1300,12100,4400,6600,8100,4400,3600,18100,9900,4400,8100,2900,2400,8100,5400,8100,14800,8100,8100,27100,9900,9900,22200,6600,2900,8100,6600,9900,27100,2900,hayır
çek ligi puan durumu,Çek Ligi,Futbol,Lig,1. Seviye,Niş,Erkek,Kulüp,Takım Sporu,Çekya,Yabancı,Yok,TV+ Yok,Yıllık,Sürekli Lig,Puan Durumu,Bilgi,Lig/Organizasyon,Jenerik,Türkçe,Body,pd,1600,LOW,0,,,,evet,720,210,2400,880,1300,1900,1600,880,5400,1900,720,1000,590,390,1600,1000,1000,1900,1000,1600,5400,1300,1300,2900,880,590,2400,1600,2400,6600,590,hayır
çek ligi fikstür,Çek Ligi,Futbol,Lig,1. Seviye,Niş,Erkek,Kulüp,Takım Sporu,Çekya,Yabancı,Yok,TV+ Yok,Yıllık,Sürekli Lig,Fikstür,Bilgi,Lig/Organizasyon,Jenerik,Türkçe,Body,fik,,,,,,,hayir,,,,,,,,,,,,,,,,,,,,,,,,,,,,,,,,hayır
çek ligi maçları,Çek Ligi,Futbol,Lig,1. Seviye,Niş,Erkek,Kulüp,Takım Sporu,Çekya,Yabancı,Yok,TV+ Yok,Yıllık,Sürekli Lig,Takım Maç Sorgusu,Bilgi,Lig/Organizasyon,Jenerik,Türkçe,Body,maclar,,,,,,,hayir,,,,,,,,,,,,,,,,,,,,,,,,,,,,,,,,hayır
hırvatistan ligi,Hırvatistan Ligi,Futbol,Lig,1. Seviye,Niş,Erkek,Kulüp,Takım Sporu,Hırvatistan,Yabancı,Yok,TV+ Yok,Yıllık,Sürekli Lig,Jenerik,Bilgi,Lig/Organizasyon,Jenerik,Türkçe,Head,jen,3600,LOW,0,,,,evet,1300,1000,3600,2900,2400,2400,1900,2400,2400,2900,14800,3600,1300,1600,5400,4400,2900,2900,2400,2900,3600,2400,2900,2900,2400,2400,4400,3600,3600,3600,2400,hayır
hırvatistan ligi puan durumu,Hırvatistan Ligi,Futbol,Lig,1. Seviye,Niş,Erkek,Kulüp,Takım Sporu,Hırvatistan,Yabancı,Yok,TV+ Yok,Yıllık,Sürekli Lig,Puan Durumu,Bilgi,Lig/Organizasyon,Jenerik,Türkçe,Body,pd,720,LOW,0,,,,evet,210,170,590,590,720,720,480,590,720,720,2900,590,210,320,880,880,720,880,390,590,590,480,590,720,480,390,1000,1000,880,1300,480,hayır
hırvatistan ligi fikstür,Hırvatistan Ligi,Futbol,Lig,1. Seviye,Niş,Erkek,Kulüp,Takım Sporu,Hırvatistan,Yabancı,Yok,TV+ Yok,Yıllık,Sürekli Lig,Fikstür,Bilgi,Lig/Organizasyon,Jenerik,Türkçe,Body,fik,,,,,,,hayir,,,,,,,,,,,,,,,,,,,,,,,,,,,,,,,,hayır
hırvatistan ligi maçları,Hırvatistan Ligi,Futbol,Lig,1. Seviye,Niş,Erkek,Kulüp,Takım Sporu,Hırvatistan,Yabancı,Yok,TV+ Yok,Yıllık,Sürekli Lig,Takım Maç Sorgusu,Bilgi,Lig/Organizasyon,Jenerik,Türkçe,Body,maclar,,,,,,,hayir,,,,,,,,,,,,,,,,,,,,,,,,,,,,,,,,hayır
sırbistan süper ligi,Sırbistan Süper Ligi,Futbol,Lig,1. Seviye,Niş,Erkek,Kulüp,Takım Sporu,Sırbistan,Yabancı,Yok,TV+ Yok,Yıllık,Sürekli Lig,Jenerik,Bilgi,Lig/Organizasyon,Jenerik,Türkçe,Body,jen,390,LOW,0,,,,evet,260,50,320,480,480,390,210,480,590,320,320,480,390,210,590,480,590,880,480,1000,720,590,590,720,320,210,1000,390,720,480,480,hayır
sırbistan süper ligi puan durumu,Sırbistan Süper Ligi,Futbol,Lig,1. Seviye,Niş,Erkek,Kulüp,Takım Sporu,Sırbistan,Yabancı,Yok,TV+ Yok,Yıllık,Sürekli Lig,Puan Durumu,Bilgi,Lig/Organizasyon,Jenerik,Türkçe,Long-tail,pd,1600,LOW,0,,,,evet,880,480,1900,1900,1600,1900,1000,1600,1900,1300,1300,1900,1000,1000,2900,2400,1900,2900,1900,2400,2400,1900,2400,1900,590,260,720,390,590,260,140,hayır
sırbistan süper ligi fikstür,Sırbistan Süper Ligi,Futbol,Lig,1. Seviye,Niş,Erkek,Kulüp,Takım Sporu,Sırbistan,Yabancı,Yok,TV+ Yok,Yıllık,Sürekli Lig,Fikstür,Bilgi,Lig/Organizasyon,Jenerik,Türkçe,Body,fik,,,,,,,hayir,,,,,,,,,,,,,,,,,,,,,,,,,,,,,,,,hayır
sırbistan süper ligi maçları,Sırbistan Süper Ligi,Futbol,Lig,1. Seviye,Niş,Erkek,Kulüp,Takım Sporu,Sırbistan,Yabancı,Yok,TV+ Yok,Yıllık,Sürekli Lig,Takım Maç Sorgusu,Bilgi,Lig/Organizasyon,Jenerik,Türkçe,Body,maclar,210,LOW,0,,,,evet,140,40,210,260,260,320,140,260,320,260,260,320,170,110,480,480,480,590,260,480,390,320,390,390,90,0,0,0,0,0,0,hayır
ukrayna premier ligi,Ukrayna Premier Ligi,Futbol,Lig,1. Seviye,Niş,Erkek,Kulüp,Takım Sporu,Ukrayna,Yabancı,Yok,TV+ Yok,Yıllık,Sürekli Lig,Jenerik,Bilgi,Lig/Organizasyon,Jenerik,İngilizce,Body,jen,8100,LOW,0,,,,evet,480,390,14800,18100,4400,4400,1900,9900,9900,8100,9900,18100,1900,1000,2900,1000,1000,590,1300,1300,880,720,880,1300,210,140,1000,1300,880,590,210,hayır
ukrayna premier ligi puan durumu,Ukrayna Premier Ligi,Futbol,Lig,1. Seviye,Niş,Erkek,Kulüp,Takım Sporu,Ukrayna,Yabancı,Yok,TV+ Yok,Yıllık,Sürekli Lig,Puan Durumu,Bilgi,Lig/Organizasyon,Jenerik,İngilizce,Long-tail,pd,49500,LOW,0,,,,evet,2900,2400,74000,110000,40500,33100,18100,40500,60500,49500,60500,33100,14800,9900,22200,3600,3600,2900,9900,4400,3600,2400,2900,2900,720,260,880,1000,590,260,110,hayır
ukrayna premier ligi fikstür,Ukrayna Premier Ligi,Futbol,Lig,1. Seviye,Niş,Erkek,Kulüp,Takım Sporu,Ukrayna,Yabancı,Yok,TV+ Yok,Yıllık,Sürekli Lig,Fikstür,Bilgi,Lig/Organizasyon,Jenerik,Türkçe,Body,fik,10,LOW,0,,,,evet,10,10,30,50,0,0,0,0,0,0,0,0,0,0,0,0,0,0,0,0,0,0,0,0,0,0,0,0,0,0,0,hayır
ukrayna premier ligi maçları,Ukrayna Premier Ligi,Futbol,Lig,1. Seviye,Niş,Erkek,Kulüp,Takım Sporu,Ukrayna,Yabancı,Yok,TV+ Yok,Yıllık,Sürekli Lig,Takım Maç Sorgusu,Bilgi,Lig/Organizasyon,Jenerik,Türkçe,Body,maclar,8100,LOW,0,,,,evet,260,170,14800,33100,8100,5400,2900,6600,8100,6600,8100,4400,1300,480,1900,720,590,320,1900,720,590,390,480,720,70,40,140,170,210,110,10,hayır
romanya ligi,Romanya Ligi,Futbol,Lig,1. Seviye,Niş,Erkek,Kulüp,Takım Sporu,Romanya,Yabancı,Yok,TV+ Yok,Yıllık,Sürekli Lig,Jenerik,Bilgi,Lig/Organizasyon,Jenerik,İngilizce,Head,jen,8100,LOW,0,0.32,,,evet,4400,1000,8100,8100,9900,12100,18100,6600,6600,6600,6600,12100,5400,1600,8100,9900,8100,12100,5400,9900,9900,8100,12100,6600,8100,4400,5400,8100,6600,12100,5400,hayır
romanya ligi puan durumu,Romanya Ligi,Futbol,Lig,1. Seviye,Niş,Erkek,Kulüp,Takım Sporu,Romanya,Yabancı,Yok,TV+ Yok,Yıllık,Sürekli Lig,Puan Durumu,Bilgi,Lig/Organizasyon,Jenerik,İngilizce,Body,pd,1900,LOW,1,,,,evet,480,170,1900,1900,2400,3600,6600,1900,1600,1600,1300,1900,880,320,1600,1900,1600,2400,1300,2400,1900,1900,1900,1300,1300,1000,1000,1600,1300,2400,880,hayır
romanya ligi fikstür,Romanya Ligi,Futbol,Lig,1. Seviye,Niş,Erkek,Kulüp,Takım Sporu,Romanya,Yabancı,Yok,TV+ Yok,Yıllık,Sürekli Lig,Fikstür,Bilgi,Lig/Organizasyon,Jenerik,Türkçe,Body,fik,,,,,,,hayir,,,,,,,,,,,,,,,,,,,,,,,,,,,,,,,,hayır
romanya ligi maçları,Romanya Ligi,Futbol,Lig,1. Seviye,Niş,Erkek,Kulüp,Takım Sporu,Romanya,Yabancı,Yok,TV+ Yok,Yıllık,Sürekli Lig,Takım Maç Sorgusu,Bilgi,Lig/Organizasyon,Jenerik,Türkçe,Body,maclar,10,LOW,0,,,,evet,10,10,30,20,20,30,10,10,10,20,10,10,20,10,10,10,20,70,30,20,40,10,20,10,10,10,20,30,10,40,10,hayır
bulgaristan ligi,Bulgaristan Ligi,Futbol,Lig,1. Seviye,Niş,Erkek,Kulüp,Takım Sporu,Bulgaristan,Yabancı,Yok,TV+ Yok,Yıllık,Sürekli Lig,Jenerik,Bilgi,Lig/Organizasyon,Jenerik,İngilizce,Head,jen,3600,LOW,0,,,,evet,1900,720,5400,4400,4400,3600,1600,2400,3600,4400,2900,3600,2900,1600,5400,4400,3600,3600,1600,3600,2900,2900,2900,3600,1900,1300,5400,4400,4400,3600,1900,hayır
bulgaristan ligi puan durumu,Bulgaristan Ligi,Futbol,Lig,1. Seviye,Niş,Erkek,Kulüp,Takım Sporu,Bulgaristan,Yabancı,Yok,TV+ Yok,Yıllık,Sürekli Lig,Puan Durumu,Bilgi,Lig/Organizasyon,Jenerik,İngilizce,Body,pd,1000,LOW,0,,,,evet,480,170,1600,1600,1600,1900,590,1000,1000,1000,720,720,720,390,1600,1600,880,1000,480,1000,880,720,880,880,390,320,1900,1600,1000,1000,590,hayır
bulgaristan ligi fikstür,Bulgaristan Ligi,Futbol,Lig,1. Seviye,Niş,Erkek,Kulüp,Takım Sporu,Bulgaristan,Yabancı,Yok,TV+ Yok,Yıllık,Sürekli Lig,Fikstür,Bilgi,Lig/Organizasyon,Jenerik,Türkçe,Body,fik,,,,,,,hayir,,,,,,,,,,,,,,,,,,,,,,,,,,,,,,,,hayır
bulgaristan ligi maçları,Bulgaristan Ligi,Futbol,Lig,1. Seviye,Niş,Erkek,Kulüp,Takım Sporu,Bulgaristan,Yabancı,Yok,TV+ Yok,Yıllık,Sürekli Lig,Takım Maç Sorgusu,Bilgi,Lig/Organizasyon,Jenerik,Türkçe,Body,maclar,40,LOW,0,,,,evet,10,0,30,40,30,40,10,90,70,40,70,0,0,0,0,0,0,0,0,0,0,0,0,0,0,0,0,0,0,0,0,hayır
i srail ligi,İsrail Ligi,Futbol,Lig,1. Seviye,Niş,Erkek,Kulüp,Takım Sporu,İsrail,Yabancı,Yok,TV+ Yok,Yıllık,Sürekli Lig,Jenerik,Bilgi,Lig/Organizasyon,Jenerik,Türkçe,Head,jen,,,,,,,hayir,,,,,,,,,,,,,,,,,,,,,,,,,,,,,,,,hayır
i srail ligi puan durumu,İsrail Ligi,Futbol,Lig,1. Seviye,Niş,Erkek,Kulüp,Takım Sporu,İsrail,Yabancı,Yok,TV+ Yok,Yıllık,Sürekli Lig,Puan Durumu,Bilgi,Lig/Organizasyon,Jenerik,Türkçe,Body,pd,,,,,,,hayir,,,,,,,,,,,,,,,,,,,,,,,,,,,,,,,,hayır
i srail ligi fikstür,İsrail Ligi,Futbol,Lig,1. Seviye,Niş,Erkek,Kulüp,Takım Sporu,İsrail,Yabancı,Yok,TV+ Yok,Yıllık,Sürekli Lig,Fikstür,Bilgi,Lig/Organizasyon,Jenerik,Türkçe,Body,fik,,,,,,,hayir,,,,,,,,,,,,,,,,,,,,,,,,,,,,,,,,hayır
i srail ligi maçları,İsrail Ligi,Futbol,Lig,1. Seviye,Niş,Erkek,Kulüp,Takım Sporu,İsrail,Yabancı,Yok,TV+ Yok,Yıllık,Sürekli Lig,Takım Maç Sorgusu,Bilgi,Lig/Organizasyon,Jenerik,Türkçe,Body,maclar,,,,,,,hayir,,,,,,,,,,,,,,,,,,,,,,,,,,,,,,,,hayır
mısır ligi,Mısır Ligi,Futbol,Lig,1. Seviye,Niş,Erkek,Kulüp,Takım Sporu,Mısır,Yabancı,Yok,TV+ Yok,Yıllık,Sürekli Lig,Jenerik,Bilgi,Lig/Organizasyon,Jenerik,Türkçe,Head,jen,1900,LOW,0,,,,evet,880,880,3600,2400,1900,2900,2400,1900,1300,1600,1900,1900,390,1300,3600,1300,1900,3600,4400,5400,1300,880,590,1900,6600,4400,4400,2900,1600,2400,1900,hayır
mısır ligi puan durumu,Mısır Ligi,Futbol,Lig,1. Seviye,Niş,Erkek,Kulüp,Takım Sporu,Mısır,Yabancı,Yok,TV+ Yok,Yıllık,Sürekli Lig,Puan Durumu,Bilgi,Lig/Organizasyon,Jenerik,Türkçe,Body,pd,390,LOW,1,,,,evet,170,170,480,320,590,590,720,720,260,210,320,210,90,590,590,260,480,590,720,590,210,170,70,480,880,720,880,590,260,480,320,hayır
mısır ligi fikstür,Mısır Ligi,Futbol,Lig,1. Seviye,Niş,Erkek,Kulüp,Takım Sporu,Mısır,Yabancı,Yok,TV+ Yok,Yıllık,Sürekli Lig,Fikstür,Bilgi,Lig/Organizasyon,Jenerik,Türkçe,Body,fik,,,,,,,hayir,,,,,,,,,,,,,,,,,,,,,,,,,,,,,,,,hayır
mısır ligi maçları,Mısır Ligi,Futbol,Lig,1. Seviye,Niş,Erkek,Kulüp,Takım Sporu,Mısır,Yabancı,Yok,TV+ Yok,Yıllık,Sürekli Lig,Takım Maç Sorgusu,Bilgi,Lig/Organizasyon,Jenerik,Türkçe,Body,maclar,20,LOW,1,,,,evet,10,10,10,20,20,20,30,40,10,10,10,10,10,10,10,10,10,30,30,40,20,10,10,10,20,30,10,10,10,10,10,hayır
azerbaycan premyer liqası,Azerbaycan Premyer Liqası,Futbol,Lig,1. Seviye,Niş,Erkek,Kulüp,Takım Sporu,Azerbaycan,Yabancı,Yok,TV+ Yok,Yıllık,Sürekli Lig,Jenerik,Bilgi,Lig/Organizasyon,Jenerik,Türkçe,Body,jen,170,LOW,0,,,,evet,40,50,140,170,140,110,170,170,320,320,260,170,70,40,70,70,50,70,70,90,110,110,70,70,30,20,90,90,110,70,50,hayır
azerbaycan premyer liqası puan durumu,Azerbaycan Premyer Liqası,Futbol,Lig,1. Seviye,Niş,Erkek,Kulüp,Takım Sporu,Azerbaycan,Yabancı,Yok,TV+ Yok,Yıllık,Sürekli Lig,Puan Durumu,Bilgi,Lig/Organizasyon,Jenerik,Türkçe,Long-tail,pd,,,,,,,hayir,,,,,,,,,,,,,,,,,,,,,,,,,,,,,,,,hayır
azerbaycan premyer liqası fikstür,Azerbaycan Premyer Liqası,Futbol,Lig,1. Seviye,Niş,Erkek,Kulüp,Takım Sporu,Azerbaycan,Yabancı,Yok,TV+ Yok,Yıllık,Sürekli Lig,Fikstür,Bilgi,Lig/Organizasyon,Jenerik,Türkçe,Body,fik,,,,,,,hayir,,,,,,,,,,,,,,,,,,,,,,,,,,,,,,,,hayır
azerbaycan premyer liqası maçları,Azerbaycan Premyer Liqası,Futbol,Lig,1. Seviye,Niş,Erkek,Kulüp,Takım Sporu,Azerbaycan,Yabancı,Yok,TV+ Yok,Yıllık,Sürekli Lig,Takım Maç Sorgusu,Bilgi,Lig/Organizasyon,Jenerik,Türkçe,Body,maclar,,,,,,,hayir,,,,,,,,,,,,,,,,,,,,,,,,,,,,,,,,hayır
championship,Championship,Futbol,Lig,2. Seviye,Niş,Erkek,Kulüp,Takım Sporu,İngiltere,Yabancı,Yok,TV+ Yok,Yıllık,Sürekli Lig,Jenerik,Bilgi,Lig/Organizasyon,Jenerik,İngilizce,Head,jen,165000,MEDIUM,43,0.28,0.12,0.32,evet,40500,40500,368000,201000,165000,165000,201000,165000,165000,135000,110000,90500,40500,40500,165000,165000,110000,110000,135000,110000,110000,90500,74000,74000,40500,49500,165000,301000,165000,201000,135000,hayır
championship puan durumu,Championship,Futbol,Lig,2. Seviye,Niş,Erkek,Kulüp,Takım Sporu,İngiltere,Yabancı,Yok,TV+ Yok,Yıllık,Sürekli Lig,Puan Durumu,Bilgi,Lig/Organizasyon,Jenerik,İngilizce,Body,pd,90500,LOW,0,,,,evet,5400,8100,246000,165000,110000,135000,135000,110000,74000,60500,40500,27100,8100,12100,110000,135000,60500,74000,90500,90500,49500,49500,40500,33100,4400,5400,40500,90500,33100,49500,22200,hayır
championship fikstür,Championship,Futbol,Lig,2. Seviye,Niş,Erkek,Kulüp,Takım Sporu,İngiltere,Yabancı,Yok,TV+ Yok,Yıllık,Sürekli Lig,Fikstür,Bilgi,Lig/Organizasyon,Jenerik,Türkçe,Head,fik,90,LOW,1,,,,evet,70,40,260,140,90,110,110,70,40,50,50,70,40,10,110,140,90,90,170,70,50,50,50,70,40,30,260,390,90,140,70,hayır
championship maçları,Championship,Futbol,Lig,2. Seviye,Niş,Erkek,Kulüp,Takım Sporu,İngiltere,Yabancı,Yok,TV+ Yok,Yıllık,Sürekli Lig,Takım Maç Sorgusu,Bilgi,Lig/Organizasyon,Jenerik,Türkçe,Head,maclar,18100,LOW,0,0.2,,,evet,590,590,60500,40500,22200,27100,27100,18100,12100,8100,5400,4400,720,880,27100,40500,18100,18100,22200,18100,9900,9900,8100,9900,480,480,5400,18100,5400,5400,2900,hayır
serie b,Serie B,Futbol,Lig,2. Seviye,Niş,Erkek,Kulüp,Takım Sporu,İtalya,Yabancı,Yok,TV+ Yok,Yıllık,Sürekli Lig,Jenerik,Bilgi,Lig/Organizasyon,Jenerik,İngilizce,Head,jen,9900,LOW,0,,,,evet,3600,2900,18100,12100,12100,12100,9900,9900,8100,6600,6600,6600,3600,6600,22200,14800,9900,9900,9900,12100,8100,8100,8100,8100,5400,5400,27100,14800,9900,12100,12100,hayır
serie b puan durumu,Serie B,Futbol,Lig,2. Seviye,Niş,Erkek,Kulüp,Takım Sporu,İtalya,Yabancı,Yok,TV+ Yok,Yıllık,Sürekli Lig,Puan Durumu,Bilgi,Lig/Organizasyon,Jenerik,İngilizce,Body,pd,8100,LOW,0,,,,evet,3600,2900,18100,12100,9900,9900,8100,8100,6600,5400,4400,3600,2400,5400,27100,14800,9900,9900,9900,12100,6600,6600,5400,4400,210,110,590,390,320,390,390,hayır
serie b fikstür,Serie B,Futbol,Lig,2. Seviye,Niş,Erkek,Kulüp,Takım Sporu,İtalya,Yabancı,Yok,TV+ Yok,Yıllık,Sürekli Lig,Fikstür,Bilgi,Lig/Organizasyon,Jenerik,Türkçe,Body,fik,,,,,,,hayir,,,,,,,,,,,,,,,,,,,,,,,,,,,,,,,,hayır
serie b maçları,Serie B,Futbol,Lig,2. Seviye,Niş,Erkek,Kulüp,Takım Sporu,İtalya,Yabancı,Yok,TV+ Yok,Yıllık,Sürekli Lig,Takım Maç Sorgusu,Bilgi,Lig/Organizasyon,Jenerik,Türkçe,Body,maclar,1000,LOW,0,,,,evet,260,260,2900,1600,1900,1300,880,1000,720,880,720,390,210,590,4400,1900,1600,1600,1600,2400,1000,1300,1000,880,170,110,1000,480,260,320,260,hayır
la liga 2,La Liga 2,Futbol,Lig,2. Seviye,Niş,Erkek,Kulüp,Takım Sporu,İspanya,Yabancı,Yok,TV+ Yok,Yıllık,Sürekli Lig,Jenerik,Bilgi,Lig/Organizasyon,Jenerik,İngilizce,Body,jen,8100,LOW,1,,,,evet,1300,4400,18100,12100,12100,8100,8100,6600,8100,6600,6600,3600,1000,5400,12100,8100,6600,6600,6600,8100,6600,5400,5400,4400,1300,4400,14800,12100,9900,8100,6600,hayır
la liga 2 puan durumu,La Liga 2,Futbol,Lig,2. Seviye,Niş,Erkek,Kulüp,Takım Sporu,İspanya,Yabancı,Yok,TV+ Yok,Yıllık,Sürekli Lig,Puan Durumu,Bilgi,Lig/Organizasyon,Jenerik,İngilizce,Long-tail,pd,880,LOW,1,,,,evet,170,320,2400,1300,1600,880,880,880,880,590,480,320,170,480,1600,1000,880,720,720,880,720,480,480,320,260,590,2400,1900,2400,720,880,hayır
la liga 2 fikstür,La Liga 2,Futbol,Lig,2. Seviye,Niş,Erkek,Kulüp,Takım Sporu,İspanya,Yabancı,Yok,TV+ Yok,Yıllık,Sürekli Lig,Fikstür,Bilgi,Lig/Organizasyon,Jenerik,Türkçe,Body,fik,,,,,,,hayir,,,,,,,,,,,,,,,,,,,,,,,,,,,,,,,,hayır
la liga 2 maçları,La Liga 2,Futbol,Lig,2. Seviye,Niş,Erkek,Kulüp,Takım Sporu,İspanya,Yabancı,Yok,TV+ Yok,Yıllık,Sürekli Lig,Takım Maç Sorgusu,Bilgi,Lig/Organizasyon,Jenerik,Türkçe,Body,maclar,20,LOW,0,,,,evet,10,10,30,20,30,30,10,10,20,40,10,10,10,10,30,30,70,10,20,30,10,20,20,20,10,50,590,480,720,40,110,hayır
2. bundesliga,2. Bundesliga,Futbol,Lig,2. Seviye,Niş,Erkek,Kulüp,Takım Sporu,Almanya,Yabancı,Yok,TV+ Yok,Yıllık,Sürekli Lig,Jenerik,Bilgi,Lig/Organizasyon,Jenerik,İngilizce,Head,jen,22200,LOW,2,1.99,0.23,0.56,evet,1300,1000,40500,33100,18100,18100,12100,14800,27100,40500,40500,33100,2400,1900,49500,40500,22200,18100,12100,18100,27100,33100,40500,27100,2900,1900,40500,40500,22200,18100,9900,hayır
2. bundesliga puan durumu,2. Bundesliga,Futbol,Lig,2. Seviye,Niş,Erkek,Kulüp,Takım Sporu,Almanya,Yabancı,Yok,TV+ Yok,Yıllık,Sürekli Lig,Puan Durumu,Bilgi,Lig/Organizasyon,Jenerik,İngilizce,Body,pd,22200,LOW,0,,,,evet,1900,2900,60500,40500,27100,27100,22200,22200,18100,18100,12100,12100,2900,4400,60500,40500,33100,33100,22200,27100,22200,18100,18100,12100,2400,1300,6600,5400,5400,4400,1900,hayır
2. bundesliga fikstür,2. Bundesliga,Futbol,Lig,2. Seviye,Niş,Erkek,Kulüp,Takım Sporu,Almanya,Yabancı,Yok,TV+ Yok,Yıllık,Sürekli Lig,Fikstür,Bilgi,Lig/Organizasyon,Jenerik,Türkçe,Body,fik,,,,,,,hayir,,,,,,,,,,,,,,,,,,,,,,,,,,,,,,,,hayır
2. bundesliga maçları,2. Bundesliga,Futbol,Lig,2. Seviye,Niş,Erkek,Kulüp,Takım Sporu,Almanya,Yabancı,Yok,TV+ Yok,Yıllık,Sürekli Lig,Takım Maç Sorgusu,Bilgi,Lig/Organizasyon,Jenerik,Türkçe,Body,maclar,4400,LOW,1,,,,evet,260,210,9900,9900,6600,5400,3600,3600,3600,4400,2900,3600,390,590,14800,9900,8100,8100,5400,8100,5400,5400,5400,5400,480,140,1600,1600,1300,880,390,hayır
olimpiyat,Yaz Olimpiyatları,Diğer,Dünya Turnuvası,Milli,Orta,Karma,Milli Takım,Bireysel Spor,Global,Uluslararası,Türk Sporcu Var,Doğrulanacak,4 Yılda Bir,Turnuva,Jenerik,Bilgi,Etkinlik,Jenerik,İngilizce,Head,jen,12100,LOW,3,0.06,0.09,2,evet,12100,12100,18100,9900,9900,22200,9900,9900,8100,8100,8100,8100,8100,8100,8100,8100,8100,8100,8100,8100,8100,9900,9900,201000,74000,12100,14800,12100,12100,9900,8100,hayır
olimpiyat ne zaman,Yaz Olimpiyatları,Diğer,Dünya Turnuvası,Milli,Orta,Karma,Milli Takım,Bireysel Spor,Global,Uluslararası,Türk Sporcu Var,Doğrulanacak,4 Yılda Bir,Turnuva,Takvim/Saat,Bilgi,Etkinlik,Jenerik,İngilizce,Body,nezaman,3600,LOW,0,,0.07,2,evet,5400,4400,2400,2900,1900,6600,2900,1600,1900,1600,5400,2400,2400,2900,1600,1000,880,720,720,590,390,320,480,14800,165000,49500,22200,12100,4400,3600,2900,hayır
olimpiyat takvim,Yaz Olimpiyatları,Diğer,Dünya Turnuvası,Milli,Orta,Karma,Milli Takım,Bireysel Spor,Global,Uluslararası,Türk Sporcu Var,Doğrulanacak,4 Yılda Bir,Turnuva,Takvim/Saat,Bilgi,Etkinlik,Jenerik,İngilizce,Head,takvim,90,LOW,0,,,,evet,20,20,30,10,20,720,40,10,10,10,40,30,20,30,20,20,20,10,20,20,20,50,110,40500,27100,390,260,70,40,70,40,hayır
olimpiyat canlı izle,Yaz Olimpiyatları,Diğer,Dünya Turnuvası,Milli,Orta,Karma,Milli Takım,Bireysel Spor,Global,Uluslararası,Türk Sporcu Var,Doğrulanacak,4 Yılda Bir,Turnuva,Canlı İzle,İzleme,Etkinlik,Jenerik,Türkçe,Body,izle,140,LOW,0,,,,evet,10,10,40,10,10,1600,20,10,10,10,10,10,10,10,10,10,10,20,10,10,20,50,90,22200,18100,30,20,10,10,10,10,hayır
olimpiyat hangi kanalda,Yaz Olimpiyatları,Diğer,Dünya Turnuvası,Milli,Orta,Karma,Milli Takım,Bireysel Spor,Global,Uluslararası,Türk Sporcu Var,Doğrulanacak,4 Yılda Bir,Turnuva,Kanal/Yayın,İzleme,Etkinlik,Jenerik,İngilizce,Body,kanal,390,LOW,1,,,,evet,20,50,50,50,50,3600,40,20,30,20,90,50,50,30,20,30,30,30,50,70,110,140,320,74000,135000,720,260,140,40,30,40,hayır
olimpiyat puan durumu,Yaz Olimpiyatları,Diğer,Dünya Turnuvası,Milli,Orta,Karma,Milli Takım,Bireysel Spor,Global,Uluslararası,Türk Sporcu Var,Doğrulanacak,4 Yılda Bir,Turnuva,Puan Durumu,Bilgi,Etkinlik,Jenerik,İngilizce,Body,pd,10,LOW,0,,,,evet,10,10,10,10,10,20,10,10,10,10,10,10,10,10,10,10,10,10,10,20,10,20,70,1600,590,30,40,20,10,10,10,hayır
olimpiyat fikstür,Yaz Olimpiyatları,Diğer,Dünya Turnuvası,Milli,Orta,Karma,Milli Takım,Bireysel Spor,Global,Uluslararası,Türk Sporcu Var,Doğrulanacak,4 Yılda Bir,Turnuva,Fikstür,Bilgi,Etkinlik,Jenerik,Türkçe,Head,fik,10,LOW,0,,,,evet,10,10,10,10,10,50,10,10,0,10,10,10,10,10,10,10,10,10,0,10,10,10,10,8100,5400,70,10,20,10,10,10,hayır
olimpiyat oyunları,Yaz Olimpiyatları,Diğer,Dünya Turnuvası,Milli,Orta,Karma,Milli Takım,Bireysel Spor,Global,Uluslararası,Türk Sporcu Var,Doğrulanacak,4 Yılda Bir,Turnuva,Jenerik,Bilgi,Etkinlik,Jenerik,Türkçe,Head,jen,1900,LOW,1,,0.21,0.66,evet,880,720,1000,1600,880,14800,1000,1000,720,590,720,480,590,720,880,1000,1000,1600,1000,1600,1300,1000,6600,60500,49500,2400,3600,3600,8100,3600,1600,hayır
olimpiyat oyunları ne zaman,Yaz Olimpiyatları,Diğer,Dünya Turnuvası,Milli,Orta,Karma,Milli Takım,Bireysel Spor,Global,Uluslararası,Türk Sporcu Var,Doğrulanacak,4 Yılda Bir,Turnuva,Takvim/Saat,Bilgi,Etkinlik,Jenerik,Türkçe,Body,nezaman,110,LOW,1,,,,evet,140,140,90,110,70,260,90,70,70,50,110,50,90,70,50,70,40,40,20,30,20,10,30,320,2900,880,590,320,210,140,110,hayır
olimpiyat oyunları takvim,Yaz Olimpiyatları,Diğer,Dünya Turnuvası,Milli,Orta,Karma,Milli Takım,Bireysel Spor,Global,Uluslararası,Türk Sporcu Var,Doğrulanacak,4 Yılda Bir,Turnuva,Takvim/Saat,Bilgi,Etkinlik,Jenerik,Türkçe,Body,takvim,10,,,,,,evet,0,0,10,0,10,10,0,0,0,0,0,10,0,0,0,0,0,0,0,10,0,10,10,110,110,0,0,0,0,0,0,hayır
olimpiyat oyunları canlı izle,Yaz Olimpiyatları,Diğer,Dünya Turnuvası,Milli,Orta,Karma,Milli Takım,Bireysel Spor,Global,Uluslararası,Türk Sporcu Var,Doğrulanacak,4 Yılda Bir,Turnuva,Canlı İzle,İzleme,Etkinlik,Jenerik,Türkçe,Body,izle,10,,,,,,evet,0,0,0,0,0,70,0,0,0,0,0,0,0,10,10,0,10,10,10,10,10,0,10,720,590,10,0,10,10,10,10,hayır
olimpiyat oyunları hangi kanalda,Yaz Olimpiyatları,Diğer,Dünya Turnuvası,Milli,Orta,Karma,Milli Takım,Bireysel Spor,Global,Uluslararası,Türk Sporcu Var,Doğrulanacak,4 Yılda Bir,Turnuva,Kanal/Yayın,İzleme,Etkinlik,Jenerik,Türkçe,Body,kanal,30,LOW,0,,,,evet,10,10,10,10,10,320,10,10,10,0,10,10,10,10,0,10,10,10,10,10,10,10,20,1900,6600,10,10,10,10,10,10,hayır
olimpiyat oyunları puan durumu,Yaz Olimpiyatları,Diğer,Dünya Turnuvası,Milli,Orta,Karma,Milli Takım,Bireysel Spor,Global,Uluslararası,Türk Sporcu Var,Doğrulanacak,4 Yılda Bir,Turnuva,Puan Durumu,Bilgi,Etkinlik,Jenerik,Türkçe,Body,pd,10,,,,,,evet,0,0,0,0,0,10,0,0,0,0,0,0,10,10,10,0,0,10,10,0,0,0,10,110,50,10,10,0,0,0,0,hayır
olimpiyat oyunları fikstür,Yaz Olimpiyatları,Diğer,Dünya Turnuvası,Milli,Orta,Karma,Milli Takım,Bireysel Spor,Global,Uluslararası,Türk Sporcu Var,Doğrulanacak,4 Yılda Bir,Turnuva,Fikstür,Bilgi,Etkinlik,Jenerik,Türkçe,Body,fik,10,,,,,,evet,0,10,0,0,0,10,0,0,0,0,0,0,0,0,0,0,0,10,0,10,0,10,0,480,320,10,10,0,0,0,0,hayır
yaz olimpiyatları,Yaz Olimpiyatları,Diğer,Dünya Turnuvası,Milli,Orta,Karma,Milli Takım,Bireysel Spor,Global,Uluslararası,Türk Sporcu Var,Doğrulanacak,4 Yılda Bir,Turnuva,Jenerik,Bilgi,Etkinlik,Jenerik,Türkçe,Head,jen,1000,LOW,1,,,,evet,720,590,390,1300,590,2900,480,590,2900,260,390,590,590,1300,170,140,170,140,140,260,170,170,260,22200,12100,1000,1000,880,720,590,480,hayır
yaz olimpiyatları ne zaman,Yaz Olimpiyatları,Diğer,Dünya Turnuvası,Milli,Orta,Karma,Milli Takım,Bireysel Spor,Global,Uluslararası,Türk Sporcu Var,Doğrulanacak,4 Yılda Bir,Turnuva,Takvim/Saat,Bilgi,Etkinlik,Jenerik,Türkçe,Body,nezaman,390,LOW,0,,,,evet,390,260,110,110,260,2900,210,140,210,50,90,90,140,1300,40,30,30,20,10,10,10,10,10,210,880,390,140,70,30,50,20,hayır
yaz olimpiyatları takvim,Yaz Olimpiyatları,Diğer,Dünya Turnuvası,Milli,Orta,Karma,Milli Takım,Bireysel Spor,Global,Uluslararası,Türk Sporcu Var,Doğrulanacak,4 Yılda Bir,Turnuva,Takvim/Saat,Bilgi,Etkinlik,Jenerik,Türkçe,Body,takvim,,,,,,,hayir,,,,,,,,,,,,,,,,,,,,,,,,,,,,,,,,hayır
yaz olimpiyatları canlı izle,Yaz Olimpiyatları,Diğer,Dünya Turnuvası,Milli,Orta,Karma,Milli Takım,Bireysel Spor,Global,Uluslararası,Türk Sporcu Var,Doğrulanacak,4 Yılda Bir,Turnuva,Canlı İzle,İzleme,Etkinlik,Jenerik,Türkçe,Body,izle,10,,,,,,evet,0,0,0,0,0,0,0,0,0,0,0,10,10,0,0,0,0,0,0,0,0,0,10,110,0,0,0,0,0,0,0,hayır
yaz olimpiyatları hangi kanalda,Yaz Olimpiyatları,Diğer,Dünya Turnuvası,Milli,Orta,Karma,Milli Takım,Bireysel Spor,Global,Uluslararası,Türk Sporcu Var,Doğrulanacak,4 Yılda Bir,Turnuva,Kanal/Yayın,İzleme,Etkinlik,Jenerik,Türkçe,Body,kanal,10,,,,,,evet,0,0,10,0,0,0,0,0,0,0,0,10,10,0,0,0,0,0,0,0,0,10,0,260,0,0,0,0,0,0,0,hayır
yaz olimpiyatları puan durumu,Yaz Olimpiyatları,Diğer,Dünya Turnuvası,Milli,Orta,Karma,Milli Takım,Bireysel Spor,Global,Uluslararası,Türk Sporcu Var,Doğrulanacak,4 Yılda Bir,Turnuva,Puan Durumu,Bilgi,Etkinlik,Jenerik,Türkçe,Body,pd,,,,,,,hayir,,,,,,,,,,,,,,,,,,,,,,,,,,,,,,,,hayır
yaz olimpiyatları fikstür,Yaz Olimpiyatları,Diğer,Dünya Turnuvası,Milli,Orta,Karma,Milli Takım,Bireysel Spor,Global,Uluslararası,Türk Sporcu Var,Doğrulanacak,4 Yılda Bir,Turnuva,Fikstür,Bilgi,Etkinlik,Jenerik,Türkçe,Body,fik,,,,,,,hayir,,,,,,,,,,,,,,,,,,,,,,,,,,,,,,,,hayır
olimpiyat madalya sıralaması,Yaz Olimpiyatları,Diğer,Dünya Turnuvası,Milli,Orta,Karma,Milli Takım,Bireysel Spor,Global,Uluslararası,Türk Sporcu Var,Doğrulanacak,4 Yılda Bir,Turnuva,Jenerik,Bilgi,Etkinlik,Jenerik,Türkçe,Body,jen,170,LOW,0,,,,evet,90,70,70,90,110,880,110,70,50,70,140,90,140,110,110,170,140,140,170,140,170,320,2900,246000,60500,170,110,70,90,110,90,hayır
olimpiyat madalya sıralaması ne zaman,Yaz Olimpiyatları,Diğer,Dünya Turnuvası,Milli,Orta,Karma,Milli Takım,Bireysel Spor,Global,Uluslararası,Türk Sporcu Var,Doğrulanacak,4 Yılda Bir,Turnuva,Takvim/Saat,Bilgi,Etkinlik,Jenerik,Türkçe,Long-tail,nezaman,,,,,,,hayir,,,,,,,,,,,,,,,,,,,,,,,,,,,,,,,,hayır
olimpiyat madalya sıralaması takvim,Yaz Olimpiyatları,Diğer,Dünya Turnuvası,Milli,Orta,Karma,Milli Takım,Bireysel Spor,Global,Uluslararası,Türk Sporcu Var,Doğrulanacak,4 Yılda Bir,Turnuva,Takvim/Saat,Bilgi,Etkinlik,Jenerik,Türkçe,Body,takvim,,,,,,,hayir,,,,,,,,,,,,,,,,,,,,,,,,,,,,,,,,hayır
olimpiyat madalya sıralaması canlı izle,Yaz Olimpiyatları,Diğer,Dünya Turnuvası,Milli,Orta,Karma,Milli Takım,Bireysel Spor,Global,Uluslararası,Türk Sporcu Var,Doğrulanacak,4 Yılda Bir,Turnuva,Canlı İzle,İzleme,Etkinlik,Jenerik,Türkçe,Long-tail,izle,,,,,,,hayir,,,,,,,,,,,,,,,,,,,,,,,,,,,,,,,,hayır
olimpiyat madalya sıralaması hangi kanalda,Yaz Olimpiyatları,Diğer,Dünya Turnuvası,Milli,Orta,Karma,Milli Takım,Bireysel Spor,Global,Uluslararası,Türk Sporcu Var,Doğrulanacak,4 Yılda Bir,Turnuva,Kanal/Yayın,İzleme,Etkinlik,Jenerik,Türkçe,Long-tail,kanal,,,,,,,hayir,,,,,,,,,,,,,,,,,,,,,,,,,,,,,,,,hayır
olimpiyat madalya sıralaması puan durumu,Yaz Olimpiyatları,Diğer,Dünya Turnuvası,Milli,Orta,Karma,Milli Takım,Bireysel Spor,Global,Uluslararası,Türk Sporcu Var,Doğrulanacak,4 Yılda Bir,Turnuva,Puan Durumu,Bilgi,Etkinlik,Jenerik,Türkçe,Long-tail,pd,,,,,,,hayir,,,,,,,,,,,,,,,,,,,,,,,,,,,,,,,,hayır
olimpiyat madalya sıralaması fikstür,Yaz Olimpiyatları,Diğer,Dünya Turnuvası,Milli,Orta,Karma,Milli Takım,Bireysel Spor,Global,Uluslararası,Türk Sporcu Var,Doğrulanacak,4 Yılda Bir,Turnuva,Fikstür,Bilgi,Etkinlik,Jenerik,Türkçe,Body,fik,,,,,,,hayir,,,,,,,,,,,,,,,,,,,,,,,,,,,,,,,,hayır
kış olimpiyatları,Kış Olimpiyatları,Kış Sporları,Dünya Turnuvası,Milli,Orta,Karma,Milli Takım,Bireysel Spor,Global,Uluslararası,Türk Sporcu Var,Doğrulanacak,4 Yılda Bir,Turnuva,Jenerik,Bilgi,Etkinlik,Jenerik,Türkçe,Head,jen,18100,LOW,0,,,,evet,880,720,1000,1600,4400,201000,5400,1600,880,720,720,3600,480,480,480,590,880,1300,1300,1300,720,590,720,8100,3600,590,720,590,880,1300,1600,hayır
kış olimpiyatları ne zaman,Kış Olimpiyatları,Kış Sporları,Dünya Turnuvası,Milli,Orta,Karma,Milli Takım,Bireysel Spor,Global,Uluslararası,Türk Sporcu Var,Doğrulanacak,4 Yılda Bir,Turnuva,Takvim/Saat,Bilgi,Etkinlik,Jenerik,Türkçe,Body,nezaman,1000,LOW,2,,,,evet,210,110,50,70,210,6600,2400,880,480,320,390,320,210,170,140,170,320,390,480,480,390,320,390,5400,3600,480,260,260,210,320,480,hayır
kış olimpiyatları takvim,Kış Olimpiyatları,Kış Sporları,Dünya Turnuvası,Milli,Orta,Karma,Milli Takım,Bireysel Spor,Global,Uluslararası,Türk Sporcu Var,Doğrulanacak,4 Yılda Bir,Turnuva,Takvim/Saat,Bilgi,Etkinlik,Jenerik,Türkçe,Body,takvim,30,,,,,,evet,0,0,0,0,10,320,0,0,0,0,0,0,0,0,0,0,0,0,0,0,0,0,0,0,0,0,0,0,0,0,0,hayır
kış olimpiyatları canlı izle,Kış Olimpiyatları,Kış Sporları,Dünya Turnuvası,Milli,Orta,Karma,Milli Takım,Bireysel Spor,Global,Uluslararası,Türk Sporcu Var,Doğrulanacak,4 Yılda Bir,Turnuva,Canlı İzle,İzleme,Etkinlik,Jenerik,Türkçe,Body,izle,170,,,,,,evet,0,0,10,0,10,1900,10,0,0,0,0,0,0,0,0,0,10,0,0,0,0,0,0,0,0,0,0,0,0,10,10,hayır
kış olimpiyatları hangi kanalda,Kış Olimpiyatları,Kış Sporları,Dünya Turnuvası,Milli,Orta,Karma,Milli Takım,Bireysel Spor,Global,Uluslararası,Türk Sporcu Var,Doğrulanacak,4 Yılda Bir,Turnuva,Kanal/Yayın,İzleme,Etkinlik,Jenerik,Türkçe,Body,kanal,1600,,,,,,evet,0,10,10,20,70,18100,170,20,10,10,10,0,10,10,0,0,10,30,10,10,10,0,0,10,30,10,10,10,10,10,70,hayır
kış olimpiyatları puan durumu,Kış Olimpiyatları,Kış Sporları,Dünya Turnuvası,Milli,Orta,Karma,Milli Takım,Bireysel Spor,Global,Uluslararası,Türk Sporcu Var,Doğrulanacak,4 Yılda Bir,Turnuva,Puan Durumu,Bilgi,Etkinlik,Jenerik,Türkçe,Body,pd,10,,,,,,evet,0,0,0,0,10,50,0,0,0,0,0,0,0,0,0,0,0,0,0,0,0,0,0,0,0,0,0,0,0,0,0,hayır
kış olimpiyatları fikstür,Kış Olimpiyatları,Kış Sporları,Dünya Turnuvası,Milli,Orta,Karma,Milli Takım,Bireysel Spor,Global,Uluslararası,Türk Sporcu Var,Doğrulanacak,4 Yılda Bir,Turnuva,Fikstür,Bilgi,Etkinlik,Jenerik,Türkçe,Body,fik,20,,,,,,evet,0,0,0,0,10,210,0,0,0,0,0,0,0,0,0,0,0,0,0,0,0,0,0,0,0,0,0,0,0,0,0,hayır
kış olimpiyat oyunları,Kış Olimpiyatları,Kış Sporları,Dünya Turnuvası,Milli,Orta,Karma,Milli Takım,Bireysel Spor,Global,Uluslararası,Türk Sporcu Var,Doğrulanacak,4 Yılda Bir,Turnuva,Jenerik,Bilgi,Etkinlik,Jenerik,Türkçe,Body,jen,480,LOW,0,,,,evet,40,30,40,70,170,5400,320,170,70,50,50,70,20,30,40,40,50,110,70,110,70,70,50,320,110,30,70,40,90,90,90,hayır
kış olimpiyat oyunları ne zaman,Kış Olimpiyatları,Kış Sporları,Dünya Turnuvası,Milli,Orta,Karma,Milli Takım,Bireysel Spor,Global,Uluslararası,Türk Sporcu Var,Doğrulanacak,4 Yılda Bir,Turnuva,Takvim/Saat,Bilgi,Etkinlik,Jenerik,Türkçe,Long-tail,nezaman,10,LOW,0,,,,evet,10,0,10,10,10,50,0,0,0,0,0,0,0,0,0,0,0,0,0,0,0,0,0,0,0,0,0,0,0,0,0,hayır
kış olimpiyat oyunları takvim,Kış Olimpiyatları,Kış Sporları,Dünya Turnuvası,Milli,Orta,Karma,Milli Takım,Bireysel Spor,Global,Uluslararası,Türk Sporcu Var,Doğrulanacak,4 Yılda Bir,Turnuva,Takvim/Saat,Bilgi,Etkinlik,Jenerik,Türkçe,Body,takvim,,,,,,,hayir,,,,,,,,,,,,,,,,,,,,,,,,,,,,,,,,hayır
kış olimpiyat oyunları canlı izle,Kış Olimpiyatları,Kış Sporları,Dünya Turnuvası,Milli,Orta,Karma,Milli Takım,Bireysel Spor,Global,Uluslararası,Türk Sporcu Var,Doğrulanacak,4 Yılda Bir,Turnuva,Canlı İzle,İzleme,Etkinlik,Jenerik,Türkçe,Long-tail,izle,,,,,,,hayir,,,,,,,,,,,,,,,,,,,,,,,,,,,,,,,,hayır
kış olimpiyat oyunları hangi kanalda,Kış Olimpiyatları,Kış Sporları,Dünya Turnuvası,Milli,Orta,Karma,Milli Takım,Bireysel Spor,Global,Uluslararası,Türk Sporcu Var,Doğrulanacak,4 Yılda Bir,Turnuva,Kanal/Yayın,İzleme,Etkinlik,Jenerik,Türkçe,Long-tail,kanal,20,,,,,,evet,0,0,0,0,0,260,0,0,0,0,0,0,0,0,0,0,0,0,0,0,0,0,0,0,0,0,0,0,0,0,0,hayır
kış olimpiyat oyunları puan durumu,Kış Olimpiyatları,Kış Sporları,Dünya Turnuvası,Milli,Orta,Karma,Milli Takım,Bireysel Spor,Global,Uluslararası,Türk Sporcu Var,Doğrulanacak,4 Yılda Bir,Turnuva,Puan Durumu,Bilgi,Etkinlik,Jenerik,Türkçe,Long-tail,pd,,,,,,,hayir,,,,,,,,,,,,,,,,,,,,,,,,,,,,,,,,hayır
kış olimpiyat oyunları fikstür,Kış Olimpiyatları,Kış Sporları,Dünya Turnuvası,Milli,Orta,Karma,Milli Takım,Bireysel Spor,Global,Uluslararası,Türk Sporcu Var,Doğrulanacak,4 Yılda Bir,Turnuva,Fikstür,Bilgi,Etkinlik,Jenerik,Türkçe,Body,fik,,,,,,,hayir,,,,,,,,,,,,,,,,,,,,,,,,,,,,,,,,hayır
paralimpik oyunları,Paralimpik Oyunlar,Diğer,Dünya Turnuvası,Milli,Orta,Karma,Milli Takım,Bireysel Spor,Global,Uluslararası,Türk Sporcu Var,Doğrulanacak,4 Yılda Bir,Turnuva,Jenerik,Bilgi,Etkinlik,Jenerik,Türkçe,Head,jen,3600,LOW,1,2.17,1.21,2.7,evet,390,880,5400,2900,33100,1000,1300,1900,390,720,1000,720,1300,1600,2400,1600,1900,1900,1900,5400,6600,12100,2240000,2740000,1300,390,1000,880,1900,880,880,hayır
paralimpik oyunları ne zaman,Paralimpik Oyunlar,Diğer,Dünya Turnuvası,Milli,Orta,Karma,Milli Takım,Bireysel Spor,Global,Uluslararası,Türk Sporcu Var,Doğrulanacak,4 Yılda Bir,Turnuva,Takvim/Saat,Bilgi,Etkinlik,Jenerik,Türkçe,Body,nezaman,390,LOW,0,,,,evet,20,10,20,40,4400,10,20,30,10,10,10,10,30,10,10,10,10,10,10,10,20,50,3600,5400,70,0,0,0,0,0,0,hayır
paralimpik oyunları takvim,Paralimpik Oyunlar,Diğer,Dünya Turnuvası,Milli,Orta,Karma,Milli Takım,Bireysel Spor,Global,Uluslararası,Türk Sporcu Var,Doğrulanacak,4 Yılda Bir,Turnuva,Takvim/Saat,Bilgi,Etkinlik,Jenerik,Türkçe,Body,takvim,,,,,,,hayir,,,,,,,,,,,,,,,,,,,,,,,,,,,,,,,,hayır
paralimpik oyunları canlı izle,Paralimpik Oyunlar,Diğer,Dünya Turnuvası,Milli,Orta,Karma,Milli Takım,Bireysel Spor,Global,Uluslararası,Türk Sporcu Var,Doğrulanacak,4 Yılda Bir,Turnuva,Canlı İzle,İzleme,Etkinlik,Jenerik,Türkçe,Body,izle,0,,,,,,evet,0,0,0,0,0,0,0,0,0,0,0,0,10,0,0,0,0,0,0,0,10,0,110,110,0,0,0,0,0,0,0,hayır
paralimpik oyunları hangi kanalda,Paralimpik Oyunlar,Diğer,Dünya Turnuvası,Milli,Orta,Karma,Milli Takım,Bireysel Spor,Global,Uluslararası,Türk Sporcu Var,Doğrulanacak,4 Yılda Bir,Turnuva,Kanal/Yayın,İzleme,Etkinlik,Jenerik,Türkçe,Body,kanal,10,,,,,,evet,0,0,0,10,10,0,0,10,10,0,10,10,10,0,0,0,10,0,0,0,0,10,320,720,10,0,0,0,0,0,0,hayır
paralimpik oyunları puan durumu,Paralimpik Oyunlar,Diğer,Dünya Turnuvası,Milli,Orta,Karma,Milli Takım,Bireysel Spor,Global,Uluslararası,Türk Sporcu Var,Doğrulanacak,4 Yılda Bir,Turnuva,Puan Durumu,Bilgi,Etkinlik,Jenerik,Türkçe,Body,pd,0,,,,,,evet,0,0,0,0,0,0,0,0,0,0,0,0,0,0,0,0,0,0,0,10,10,0,50,0,0,0,0,0,0,0,0,hayır
paralimpik oyunları fikstür,Paralimpik Oyunlar,Diğer,Dünya Turnuvası,Milli,Orta,Karma,Milli Takım,Bireysel Spor,Global,Uluslararası,Türk Sporcu Var,Doğrulanacak,4 Yılda Bir,Turnuva,Fikstür,Bilgi,Etkinlik,Jenerik,Türkçe,Body,fik,,,,,,,hayir,,,,,,,,,,,,,,,,,,,,,,,,,,,,,,,,hayır
avrupa oyunları,Avrupa Oyunları,Diğer,Dünya Turnuvası,Milli,Orta,Karma,Milli Takım,Bireysel Spor,Global,Uluslararası,Türk Sporcu Var,Doğrulanacak,4 Yılda Bir,Turnuva,Jenerik,Bilgi,Etkinlik,Jenerik,Türkçe,Head,jen,140,LOW,1,0.36,0.15,0.41,evet,320,260,90,170,90,140,140,110,170,140,90,90,90,90,70,90,170,110,140,140,140,70,110,480,320,260,6600,210,2400,70,50,hayır
avrupa oyunları ne zaman,Avrupa Oyunları,Diğer,Dünya Turnuvası,Milli,Orta,Karma,Milli Takım,Bireysel Spor,Global,Uluslararası,Türk Sporcu Var,Doğrulanacak,4 Yılda Bir,Turnuva,Takvim/Saat,Bilgi,Etkinlik,Jenerik,Türkçe,Body,nezaman,10,LOW,1,,,,evet,30,0,0,0,0,0,0,0,0,0,0,0,0,0,0,0,0,0,0,0,0,0,0,0,0,0,0,0,0,0,0,hayır
avrupa oyunları takvim,Avrupa Oyunları,Diğer,Dünya Turnuvası,Milli,Orta,Karma,Milli Takım,Bireysel Spor,Global,Uluslararası,Türk Sporcu Var,Doğrulanacak,4 Yılda Bir,Turnuva,Takvim/Saat,Bilgi,Etkinlik,Jenerik,Türkçe,Body,takvim,,,,,,,hayir,,,,,,,,,,,,,,,,,,,,,,,,,,,,,,,,hayır
avrupa oyunları canlı izle,Avrupa Oyunları,Diğer,Dünya Turnuvası,Milli,Orta,Karma,Milli Takım,Bireysel Spor,Global,Uluslararası,Türk Sporcu Var,Doğrulanacak,4 Yılda Bir,Turnuva,Canlı İzle,İzleme,Etkinlik,Jenerik,Türkçe,Body,izle,,,,,,,hayir,,,,,,,,,,,,,,,,,,,,,,,,,,,,,,,,hayır
avrupa oyunları hangi kanalda,Avrupa Oyunları,Diğer,Dünya Turnuvası,Milli,Orta,Karma,Milli Takım,Bireysel Spor,Global,Uluslararası,Türk Sporcu Var,Doğrulanacak,4 Yılda Bir,Turnuva,Kanal/Yayın,İzleme,Etkinlik,Jenerik,Türkçe,Body,kanal,10,,,,,,evet,0,0,0,0,0,0,0,0,0,0,10,0,0,0,0,0,0,0,0,0,0,0,0,10,0,10,0,10,10,0,0,hayır
avrupa oyunları puan durumu,Avrupa Oyunları,Diğer,Dünya Turnuvası,Milli,Orta,Karma,Milli Takım,Bireysel Spor,Global,Uluslararası,Türk Sporcu Var,Doğrulanacak,4 Yılda Bir,Turnuva,Puan Durumu,Bilgi,Etkinlik,Jenerik,Türkçe,Body,pd,,,,,,,hayir,,,,,,,,,,,,,,,,,,,,,,,,,,,,,,,,hayır
avrupa oyunları fikstür,Avrupa Oyunları,Diğer,Dünya Turnuvası,Milli,Orta,Karma,Milli Takım,Bireysel Spor,Global,Uluslararası,Türk Sporcu Var,Doğrulanacak,4 Yılda Bir,Turnuva,Fikstür,Bilgi,Etkinlik,Jenerik,Türkçe,Body,fik,,,,,,,hayir,,,,,,,,,,,,,,,,,,,,,,,,,,,,,,,,hayır
akdeniz oyunları,Akdeniz Oyunları,Diğer,Dünya Turnuvası,Milli,Orta,Karma,Milli Takım,Bireysel Spor,Global,Uluslararası,Türk Sporcu Var,Doğrulanacak,4 Yılda Bir,Turnuva,Jenerik,Bilgi,Etkinlik,Jenerik,Türkçe,Head,jen,480,LOW,0,0.38,,,evet,1300,1000,590,590,320,390,260,320,390,320,320,260,320,320,260,390,320,260,260,260,320,320,260,1000,720,390,590,390,320,390,320,hayır
akdeniz oyunları ne zaman,Akdeniz Oyunları,Diğer,Dünya Turnuvası,Milli,Orta,Karma,Milli Takım,Bireysel Spor,Global,Uluslararası,Türk Sporcu Var,Doğrulanacak,4 Yılda Bir,Turnuva,Takvim/Saat,Bilgi,Etkinlik,Jenerik,Türkçe,Body,nezaman,70,LOW,0,,,,evet,260,110,70,50,10,10,20,10,70,50,50,50,70,30,20,20,10,10,20,20,20,20,50,170,140,40,20,20,20,10,10,hayır
akdeniz oyunları takvim,Akdeniz Oyunları,Diğer,Dünya Turnuvası,Milli,Orta,Karma,Milli Takım,Bireysel Spor,Global,Uluslararası,Türk Sporcu Var,Doğrulanacak,4 Yılda Bir,Turnuva,Takvim/Saat,Bilgi,Etkinlik,Jenerik,Türkçe,Body,takvim,10,LOW,0,,,,evet,10,0,0,0,0,0,0,0,0,0,0,0,0,0,0,0,0,0,0,0,0,0,0,0,0,0,0,0,0,0,0,hayır
akdeniz oyunları canlı izle,Akdeniz Oyunları,Diğer,Dünya Turnuvası,Milli,Orta,Karma,Milli Takım,Bireysel Spor,Global,Uluslararası,Türk Sporcu Var,Doğrulanacak,4 Yılda Bir,Turnuva,Canlı İzle,İzleme,Etkinlik,Jenerik,Türkçe,Body,izle,10,LOW,0,,,,evet,10,0,0,0,0,0,0,0,0,0,0,0,0,0,0,0,0,0,0,0,0,0,0,0,0,0,10,0,0,0,0,hayır
akdeniz oyunları hangi kanalda,Akdeniz Oyunları,Diğer,Dünya Turnuvası,Milli,Orta,Karma,Milli Takım,Bireysel Spor,Global,Uluslararası,Türk Sporcu Var,Doğrulanacak,4 Yılda Bir,Turnuva,Kanal/Yayın,İzleme,Etkinlik,Jenerik,Türkçe,Body,kanal,10,LOW,0,,,,evet,10,10,10,10,0,0,0,0,0,0,0,0,0,10,0,0,0,0,0,0,0,0,0,10,10,10,0,0,10,0,0,hayır
akdeniz oyunları puan durumu,Akdeniz Oyunları,Diğer,Dünya Turnuvası,Milli,Orta,Karma,Milli Takım,Bireysel Spor,Global,Uluslararası,Türk Sporcu Var,Doğrulanacak,4 Yılda Bir,Turnuva,Puan Durumu,Bilgi,Etkinlik,Jenerik,Türkçe,Body,pd,10,,,,,,evet,0,0,0,0,0,0,0,0,10,0,0,0,0,0,0,0,0,0,0,0,0,0,0,0,0,0,0,0,0,0,0,hayır
akdeniz oyunları fikstür,Akdeniz Oyunları,Diğer,Dünya Turnuvası,Milli,Orta,Karma,Milli Takım,Bireysel Spor,Global,Uluslararası,Türk Sporcu Var,Doğrulanacak,4 Yılda Bir,Turnuva,Fikstür,Bilgi,Etkinlik,Jenerik,Türkçe,Body,fik,0,,,,,,evet,0,0,0,0,0,0,0,0,0,0,0,0,0,0,0,0,0,0,0,0,0,0,0,0,0,0,0,0,0,0,0,hayır
kayak dünya kupası,Kayak Dünya Kupası,Kış Sporları,Dünya Turnuvası,Milli,Orta,Karma,Milli Takım,Bireysel Spor,Global,Uluslararası,Türk Sporcu Var,Doğrulanacak,Yıllık,Turnuva,Jenerik,Bilgi,Etkinlik,Jenerik,Türkçe,Body,jen,10,LOW,0,,,,evet,10,0,10,0,10,10,10,30,10,10,0,0,0,0,0,10,20,40,0,0,0,0,0,0,0,0,0,0,0,0,0,hayır
kayak dünya kupası ne zaman,Kayak Dünya Kupası,Kış Sporları,Dünya Turnuvası,Milli,Orta,Karma,Milli Takım,Bireysel Spor,Global,Uluslararası,Türk Sporcu Var,Doğrulanacak,Yıllık,Turnuva,Takvim/Saat,Bilgi,Etkinlik,Jenerik,Türkçe,Long-tail,nezaman,,,,,,,hayir,,,,,,,,,,,,,,,,,,,,,,,,,,,,,,,,hayır
kayak dünya kupası takvim,Kayak Dünya Kupası,Kış Sporları,Dünya Turnuvası,Milli,Orta,Karma,Milli Takım,Bireysel Spor,Global,Uluslararası,Türk Sporcu Var,Doğrulanacak,Yıllık,Turnuva,Takvim/Saat,Bilgi,Etkinlik,Jenerik,Türkçe,Body,takvim,,,,,,,hayir,,,,,,,,,,,,,,,,,,,,,,,,,,,,,,,,hayır
kayak dünya kupası canlı izle,Kayak Dünya Kupası,Kış Sporları,Dünya Turnuvası,Milli,Orta,Karma,Milli Takım,Bireysel Spor,Global,Uluslararası,Türk Sporcu Var,Doğrulanacak,Yıllık,Turnuva,Canlı İzle,İzleme,Etkinlik,Jenerik,Türkçe,Long-tail,izle,,,,,,,hayir,,,,,,,,,,,,,,,,,,,,,,,,,,,,,,,,hayır
kayak dünya kupası hangi kanalda,Kayak Dünya Kupası,Kış Sporları,Dünya Turnuvası,Milli,Orta,Karma,Milli Takım,Bireysel Spor,Global,Uluslararası,Türk Sporcu Var,Doğrulanacak,Yıllık,Turnuva,Kanal/Yayın,İzleme,Etkinlik,Jenerik,Türkçe,Long-tail,kanal,,,,,,,hayir,,,,,,,,,,,,,,,,,,,,,,,,,,,,,,,,hayır
kayak dünya kupası puan durumu,Kayak Dünya Kupası,Kış Sporları,Dünya Turnuvası,Milli,Orta,Karma,Milli Takım,Bireysel Spor,Global,Uluslararası,Türk Sporcu Var,Doğrulanacak,Yıllık,Turnuva,Puan Durumu,Bilgi,Etkinlik,Jenerik,Türkçe,Long-tail,pd,,,,,,,hayir,,,,,,,,,,,,,,,,,,,,,,,,,,,,,,,,hayır
kayak dünya kupası fikstür,Kayak Dünya Kupası,Kış Sporları,Dünya Turnuvası,Milli,Orta,Karma,Milli Takım,Bireysel Spor,Global,Uluslararası,Türk Sporcu Var,Doğrulanacak,Yıllık,Turnuva,Fikstür,Bilgi,Etkinlik,Jenerik,Türkçe,Body,fik,,,,,,,hayir,,,,,,,,,,,,,,,,,,,,,,,,,,,,,,,,hayır
alp disiplini,Kayak Dünya Kupası,Kış Sporları,Dünya Turnuvası,Milli,Orta,Karma,Milli Takım,Bireysel Spor,Global,Uluslararası,Türk Sporcu Var,Doğrulanacak,Yıllık,Turnuva,Jenerik,Bilgi,Etkinlik,Jenerik,İngilizce,Head,jen,720,LOW,0,,,,evet,170,140,210,210,480,5400,720,720,390,320,260,110,110,90,110,170,1000,320,590,390,320,260,140,320,210,170,260,260,590,720,880,hayır
alp disiplini ne zaman,Kayak Dünya Kupası,Kış Sporları,Dünya Turnuvası,Milli,Orta,Karma,Milli Takım,Bireysel Spor,Global,Uluslararası,Türk Sporcu Var,Doğrulanacak,Yıllık,Turnuva,Takvim/Saat,Bilgi,Etkinlik,Jenerik,İngilizce,Body,nezaman,,,,,,,hayir,,,,,,,,,,,,,,,,,,,,,,,,,,,,,,,,hayır
alp disiplini takvim,Kayak Dünya Kupası,Kış Sporları,Dünya Turnuvası,Milli,Orta,Karma,Milli Takım,Bireysel Spor,Global,Uluslararası,Türk Sporcu Var,Doğrulanacak,Yıllık,Turnuva,Takvim/Saat,Bilgi,Etkinlik,Jenerik,İngilizce,Body,takvim,,,,,,,hayir,,,,,,,,,,,,,,,,,,,,,,,,,,,,,,,,hayır
alp disiplini canlı izle,Kayak Dünya Kupası,Kış Sporları,Dünya Turnuvası,Milli,Orta,Karma,Milli Takım,Bireysel Spor,Global,Uluslararası,Türk Sporcu Var,Doğrulanacak,Yıllık,Turnuva,Canlı İzle,İzleme,Etkinlik,Jenerik,Türkçe,Body,izle,,,,,,,hayir,,,,,,,,,,,,,,,,,,,,,,,,,,,,,,,,hayır
alp disiplini hangi kanalda,Kayak Dünya Kupası,Kış Sporları,Dünya Turnuvası,Milli,Orta,Karma,Milli Takım,Bireysel Spor,Global,Uluslararası,Türk Sporcu Var,Doğrulanacak,Yıllık,Turnuva,Kanal/Yayın,İzleme,Etkinlik,Jenerik,İngilizce,Body,kanal,,,,,,,hayir,,,,,,,,,,,,,,,,,,,,,,,,,,,,,,,,hayır
alp disiplini puan durumu,Kayak Dünya Kupası,Kış Sporları,Dünya Turnuvası,Milli,Orta,Karma,Milli Takım,Bireysel Spor,Global,Uluslararası,Türk Sporcu Var,Doğrulanacak,Yıllık,Turnuva,Puan Durumu,Bilgi,Etkinlik,Jenerik,İngilizce,Body,pd,10,,,,,,evet,0,0,10,10,10,170,0,0,0,0,0,0,0,0,0,0,0,0,0,0,0,0,0,0,0,0,0,0,0,0,0,hayır
alp disiplini fikstür,Kayak Dünya Kupası,Kış Sporları,Dünya Turnuvası,Milli,Orta,Karma,Milli Takım,Bireysel Spor,Global,Uluslararası,Türk Sporcu Var,Doğrulanacak,Yıllık,Turnuva,Fikstür,Bilgi,Etkinlik,Jenerik,Türkçe,Body,fik,,,,,,,hayir,,,,,,,,,,,,,,,,,,,,,,,,,,,,,,,,hayır
artistik buz pateni,Buz Pateni,Kış Sporları,Dünya Turnuvası,Milli,Orta,Karma,Milli Takım,Bireysel Spor,Global,Uluslararası,Türk Sporcu Var,Doğrulanacak,Yıllık,Turnuva,Jenerik,Bilgi,Etkinlik,Jenerik,İngilizce,Body,jen,2900,LOW,4,0.03,0.01,0.13,evet,590,590,720,1300,1900,27100,1600,1000,880,880,590,1300,480,480,720,880,1000,1300,1900,1600,1000,880,480,880,880,590,1000,1000,1900,1600,2400,hayır
artistik buz pateni ne zaman,Buz Pateni,Kış Sporları,Dünya Turnuvası,Milli,Orta,Karma,Milli Takım,Bireysel Spor,Global,Uluslararası,Türk Sporcu Var,Doğrulanacak,Yıllık,Turnuva,Takvim/Saat,Bilgi,Etkinlik,Jenerik,İngilizce,Long-tail,nezaman,10,LOW,0,,,,evet,10,0,10,10,10,50,20,10,10,10,10,0,0,10,10,10,10,20,40,0,0,0,0,0,0,0,0,0,0,0,0,hayır
artistik buz pateni takvim,Buz Pateni,Kış Sporları,Dünya Turnuvası,Milli,Orta,Karma,Milli Takım,Bireysel Spor,Global,Uluslararası,Türk Sporcu Var,Doğrulanacak,Yıllık,Turnuva,Takvim/Saat,Bilgi,Etkinlik,Jenerik,İngilizce,Body,takvim,,,,,,,hayir,,,,,,,,,,,,,,,,,,,,,,,,,,,,,,,,hayır
artistik buz pateni canlı izle,Buz Pateni,Kış Sporları,Dünya Turnuvası,Milli,Orta,Karma,Milli Takım,Bireysel Spor,Global,Uluslararası,Türk Sporcu Var,Doğrulanacak,Yıllık,Turnuva,Canlı İzle,İzleme,Etkinlik,Jenerik,Türkçe,Long-tail,izle,10,,,,,,evet,0,0,10,0,10,110,0,0,0,0,0,0,0,0,0,0,0,0,0,0,0,0,0,0,0,0,0,0,0,0,0,hayır
artistik buz pateni hangi kanalda,Buz Pateni,Kış Sporları,Dünya Turnuvası,Milli,Orta,Karma,Milli Takım,Bireysel Spor,Global,Uluslararası,Türk Sporcu Var,Doğrulanacak,Yıllık,Turnuva,Kanal/Yayın,İzleme,Etkinlik,Jenerik,İngilizce,Long-tail,kanal,50,,,,,,evet,0,10,10,10,30,590,30,10,10,10,10,10,0,0,0,10,10,20,10,10,10,10,10,10,0,10,0,10,20,20,70,hayır
artistik buz pateni puan durumu,Buz Pateni,Kış Sporları,Dünya Turnuvası,Milli,Orta,Karma,Milli Takım,Bireysel Spor,Global,Uluslararası,Türk Sporcu Var,Doğrulanacak,Yıllık,Turnuva,Puan Durumu,Bilgi,Etkinlik,Jenerik,İngilizce,Long-tail,pd,,,,,,,hayir,,,,,,,,,,,,,,,,,,,,,,,,,,,,,,,,hayır
artistik buz pateni fikstür,Buz Pateni,Kış Sporları,Dünya Turnuvası,Milli,Orta,Karma,Milli Takım,Bireysel Spor,Global,Uluslararası,Türk Sporcu Var,Doğrulanacak,Yıllık,Turnuva,Fikstür,Bilgi,Etkinlik,Jenerik,Türkçe,Body,fik,,,,,,,hayir,,,,,,,,,,,,,,,,,,,,,,,,,,,,,,,,hayır
buz pateni şampiyonası,Buz Pateni,Kış Sporları,Dünya Turnuvası,Milli,Orta,Karma,Milli Takım,Bireysel Spor,Global,Uluslararası,Türk Sporcu Var,Doğrulanacak,Yıllık,Turnuva,Jenerik,Bilgi,Etkinlik,Jenerik,Türkçe,Body,jen,50,LOW,0,,,,evet,10,10,20,20,110,140,170,50,30,20,10,10,10,10,10,10,70,50,90,30,30,20,10,10,20,20,20,20,90,90,90,hayır
buz pateni şampiyonası ne zaman,Buz Pateni,Kış Sporları,Dünya Turnuvası,Milli,Orta,Karma,Milli Takım,Bireysel Spor,Global,Uluslararası,Türk Sporcu Var,Doğrulanacak,Yıllık,Turnuva,Takvim/Saat,Bilgi,Etkinlik,Jenerik,Türkçe,Long-tail,nezaman,,,,,,,hayir,,,,,,,,,,,,,,,,,,,,,,,,,,,,,,,,hayır
buz pateni şampiyonası takvim,Buz Pateni,Kış Sporları,Dünya Turnuvası,Milli,Orta,Karma,Milli Takım,Bireysel Spor,Global,Uluslararası,Türk Sporcu Var,Doğrulanacak,Yıllık,Turnuva,Takvim/Saat,Bilgi,Etkinlik,Jenerik,Türkçe,Body,takvim,,,,,,,hayir,,,,,,,,,,,,,,,,,,,,,,,,,,,,,,,,hayır
buz pateni şampiyonası canlı izle,Buz Pateni,Kış Sporları,Dünya Turnuvası,Milli,Orta,Karma,Milli Takım,Bireysel Spor,Global,Uluslararası,Türk Sporcu Var,Doğrulanacak,Yıllık,Turnuva,Canlı İzle,İzleme,Etkinlik,Jenerik,Türkçe,Long-tail,izle,,,,,,,hayir,,,,,,,,,,,,,,,,,,,,,,,,,,,,,,,,hayır
buz pateni şampiyonası hangi kanalda,Buz Pateni,Kış Sporları,Dünya Turnuvası,Milli,Orta,Karma,Milli Takım,Bireysel Spor,Global,Uluslararası,Türk Sporcu Var,Doğrulanacak,Yıllık,Turnuva,Kanal/Yayın,İzleme,Etkinlik,Jenerik,Türkçe,Long-tail,kanal,,,,,,,hayir,,,,,,,,,,,,,,,,,,,,,,,,,,,,,,,,hayır
buz pateni şampiyonası puan durumu,Buz Pateni,Kış Sporları,Dünya Turnuvası,Milli,Orta,Karma,Milli Takım,Bireysel Spor,Global,Uluslararası,Türk Sporcu Var,Doğrulanacak,Yıllık,Turnuva,Puan Durumu,Bilgi,Etkinlik,Jenerik,Türkçe,Long-tail,pd,,,,,,,hayir,,,,,,,,,,,,,,,,,,,,,,,,,,,,,,,,hayır
buz pateni şampiyonası fikstür,Buz Pateni,Kış Sporları,Dünya Turnuvası,Milli,Orta,Karma,Milli Takım,Bireysel Spor,Global,Uluslararası,Türk Sporcu Var,Doğrulanacak,Yıllık,Turnuva,Fikstür,Bilgi,Etkinlik,Jenerik,Türkçe,Body,fik,,,,,,,hayir,,,,,,,,,,,,,,,,,,,,,,,,,,,,,,,,hayır
biatlon,Biatlon,Kış Sporları,Dünya Turnuvası,Milli,Orta,Karma,Milli Takım,Bireysel Spor,Global,Uluslararası,Türk Sporcu Var,Doğrulanacak,Yıllık,Turnuva,Jenerik,Bilgi,Etkinlik,Jenerik,İngilizce,Head,jen,1000,LOW,0,,,,evet,480,480,590,880,1000,4400,1000,880,720,720,720,720,1300,320,390,390,1000,720,880,880,590,590,1000,880,590,320,590,720,880,1300,1300,hayır
biatlon ne zaman,Biatlon,Kış Sporları,Dünya Turnuvası,Milli,Orta,Karma,Milli Takım,Bireysel Spor,Global,Uluslararası,Türk Sporcu Var,Doğrulanacak,Yıllık,Turnuva,Takvim/Saat,Bilgi,Etkinlik,Jenerik,İngilizce,Body,nezaman,,,,,,,hayir,,,,,,,,,,,,,,,,,,,,,,,,,,,,,,,,hayır
biatlon takvim,Biatlon,Kış Sporları,Dünya Turnuvası,Milli,Orta,Karma,Milli Takım,Bireysel Spor,Global,Uluslararası,Türk Sporcu Var,Doğrulanacak,Yıllık,Turnuva,Takvim/Saat,Bilgi,Etkinlik,Jenerik,İngilizce,Head,takvim,,,,,,,hayir,,,,,,,,,,,,,,,,,,,,,,,,,,,,,,,,hayır
biatlon canlı izle,Biatlon,Kış Sporları,Dünya Turnuvası,Milli,Orta,Karma,Milli Takım,Bireysel Spor,Global,Uluslararası,Türk Sporcu Var,Doğrulanacak,Yıllık,Turnuva,Canlı İzle,İzleme,Etkinlik,Jenerik,Türkçe,Body,izle,,,,,,,hayir,,,,,,,,,,,,,,,,,,,,,,,,,,,,,,,,hayır
biatlon hangi kanalda,Biatlon,Kış Sporları,Dünya Turnuvası,Milli,Orta,Karma,Milli Takım,Bireysel Spor,Global,Uluslararası,Türk Sporcu Var,Doğrulanacak,Yıllık,Turnuva,Kanal/Yayın,İzleme,Etkinlik,Jenerik,İngilizce,Body,kanal,,,,,,,hayir,,,,,,,,,,,,,,,,,,,,,,,,,,,,,,,,hayır
biatlon puan durumu,Biatlon,Kış Sporları,Dünya Turnuvası,Milli,Orta,Karma,Milli Takım,Bireysel Spor,Global,Uluslararası,Türk Sporcu Var,Doğrulanacak,Yıllık,Turnuva,Puan Durumu,Bilgi,Etkinlik,Jenerik,İngilizce,Body,pd,,,,,,,hayir,,,,,,,,,,,,,,,,,,,,,,,,,,,,,,,,hayır
biatlon fikstür,Biatlon,Kış Sporları,Dünya Turnuvası,Milli,Orta,Karma,Milli Takım,Bireysel Spor,Global,Uluslararası,Türk Sporcu Var,Doğrulanacak,Yıllık,Turnuva,Fikstür,Bilgi,Etkinlik,Jenerik,Türkçe,Head,fik,,,,,,,hayir,,,,,,,,,,,,,,,,,,,,,,,,,,,,,,,,hayır
dünya atletizm şampiyonası,Dünya Atletizm Şampiyonası,Atletizm,Dünya Turnuvası,Milli,Orta,Karma,Milli Takım,Bireysel Spor,Global,Uluslararası,Türk Sporcu Var,Doğrulanacak,2 Yılda Bir,Turnuva,Jenerik,Bilgi,Etkinlik,Jenerik,Türkçe,Body,jen,1000,LOW,2,0.37,0.17,0.77,evet,260,170,140,110,390,90,90,90,110,170,9900,320,260,170,110,40,170,70,90,90,50,70,110,720,260,260,90,90,320,170,110,hayır
dünya atletizm şampiyonası ne zaman,Dünya Atletizm Şampiyonası,Atletizm,Dünya Turnuvası,Milli,Orta,Karma,Milli Takım,Bireysel Spor,Global,Uluslararası,Türk Sporcu Var,Doğrulanacak,2 Yılda Bir,Turnuva,Takvim/Saat,Bilgi,Etkinlik,Jenerik,Türkçe,Long-tail,nezaman,50,LOW,1,0.53,,,evet,140,50,40,30,20,10,10,10,10,10,260,70,50,30,70,30,30,10,10,10,10,10,20,110,30,20,10,10,10,10,10,hayır
dünya atletizm şampiyonası takvim,Dünya Atletizm Şampiyonası,Atletizm,Dünya Turnuvası,Milli,Orta,Karma,Milli Takım,Bireysel Spor,Global,Uluslararası,Türk Sporcu Var,Doğrulanacak,2 Yılda Bir,Turnuva,Takvim/Saat,Bilgi,Etkinlik,Jenerik,Türkçe,Body,takvim,,,,,,,hayir,,,,,,,,,,,,,,,,,,,,,,,,,,,,,,,,hayır
dünya atletizm şampiyonası canlı izle,Dünya Atletizm Şampiyonası,Atletizm,Dünya Turnuvası,Milli,Orta,Karma,Milli Takım,Bireysel Spor,Global,Uluslararası,Türk Sporcu Var,Doğrulanacak,2 Yılda Bir,Turnuva,Canlı İzle,İzleme,Etkinlik,Jenerik,Türkçe,Long-tail,izle,10,,,,,,evet,0,10,0,0,10,0,0,0,0,0,110,0,0,0,0,0,10,0,0,0,10,10,0,10,10,10,10,10,10,0,0,hayır
dünya atletizm şampiyonası hangi kanalda,Dünya Atletizm Şampiyonası,Atletizm,Dünya Turnuvası,Milli,Orta,Karma,Milli Takım,Bireysel Spor,Global,Uluslararası,Türk Sporcu Var,Doğrulanacak,2 Yılda Bir,Turnuva,Kanal/Yayın,İzleme,Etkinlik,Jenerik,Türkçe,Long-tail,kanal,90,LOW,0,,,,evet,10,10,0,10,40,10,10,10,10,10,1000,10,10,0,10,0,10,0,10,0,0,0,10,10,10,10,10,10,10,10,0,hayır
dünya atletizm şampiyonası puan durumu,Dünya Atletizm Şampiyonası,Atletizm,Dünya Turnuvası,Milli,Orta,Karma,Milli Takım,Bireysel Spor,Global,Uluslararası,Türk Sporcu Var,Doğrulanacak,2 Yılda Bir,Turnuva,Puan Durumu,Bilgi,Etkinlik,Jenerik,Türkçe,Long-tail,pd,,,,,,,hayir,,,,,,,,,,,,,,,,,,,,,,,,,,,,,,,,hayır
dünya atletizm şampiyonası fikstür,Dünya Atletizm Şampiyonası,Atletizm,Dünya Turnuvası,Milli,Orta,Karma,Milli Takım,Bireysel Spor,Global,Uluslararası,Türk Sporcu Var,Doğrulanacak,2 Yılda Bir,Turnuva,Fikstür,Bilgi,Etkinlik,Jenerik,Türkçe,Body,fik,,,,,,,hayir,,,,,,,,,,,,,,,,,,,,,,,,,,,,,,,,hayır
atletizm şampiyonası,Dünya Atletizm Şampiyonası,Atletizm,Dünya Turnuvası,Milli,Orta,Karma,Milli Takım,Bireysel Spor,Global,Uluslararası,Türk Sporcu Var,Doğrulanacak,2 Yılda Bir,Turnuva,Jenerik,Bilgi,Etkinlik,Jenerik,Türkçe,Head,jen,210,LOW,5,,,,evet,40,50,50,30,110,50,30,20,30,50,1900,90,140,140,70,40,140,50,40,50,40,40,20,70,70,480,90,70,110,170,50,hayır
atletizm şampiyonası ne zaman,Dünya Atletizm Şampiyonası,Atletizm,Dünya Turnuvası,Milli,Orta,Karma,Milli Takım,Bireysel Spor,Global,Uluslararası,Türk Sporcu Var,Doğrulanacak,2 Yılda Bir,Turnuva,Takvim/Saat,Bilgi,Etkinlik,Jenerik,Türkçe,Body,nezaman,,,,,,,hayir,,,,,,,,,,,,,,,,,,,,,,,,,,,,,,,,hayır
atletizm şampiyonası takvim,Dünya Atletizm Şampiyonası,Atletizm,Dünya Turnuvası,Milli,Orta,Karma,Milli Takım,Bireysel Spor,Global,Uluslararası,Türk Sporcu Var,Doğrulanacak,2 Yılda Bir,Turnuva,Takvim/Saat,Bilgi,Etkinlik,Jenerik,Türkçe,Body,takvim,,,,,,,hayir,,,,,,,,,,,,,,,,,,,,,,,,,,,,,,,,hayır
atletizm şampiyonası canlı izle,Dünya Atletizm Şampiyonası,Atletizm,Dünya Turnuvası,Milli,Orta,Karma,Milli Takım,Bireysel Spor,Global,Uluslararası,Türk Sporcu Var,Doğrulanacak,2 Yılda Bir,Turnuva,Canlı İzle,İzleme,Etkinlik,Jenerik,Türkçe,Body,izle,,,,,,,hayir,,,,,,,,,,,,,,,,,,,,,,,,,,,,,,,,hayır
atletizm şampiyonası hangi kanalda,Dünya Atletizm Şampiyonası,Atletizm,Dünya Turnuvası,Milli,Orta,Karma,Milli Takım,Bireysel Spor,Global,Uluslararası,Türk Sporcu Var,Doğrulanacak,2 Yılda Bir,Turnuva,Kanal/Yayın,İzleme,Etkinlik,Jenerik,Türkçe,Body,kanal,20,LOW,7,,,,evet,10,0,10,0,20,10,0,0,10,10,170,10,0,10,10,10,10,0,0,10,0,0,0,10,10,70,10,10,10,10,0,hayır
atletizm şampiyonası puan durumu,Dünya Atletizm Şampiyonası,Atletizm,Dünya Turnuvası,Milli,Orta,Karma,Milli Takım,Bireysel Spor,Global,Uluslararası,Türk Sporcu Var,Doğrulanacak,2 Yılda Bir,Turnuva,Puan Durumu,Bilgi,Etkinlik,Jenerik,Türkçe,Body,pd,,,,,,,hayir,,,,,,,,,,,,,,,,,,,,,,,,,,,,,,,,hayır
atletizm şampiyonası fikstür,Dünya Atletizm Şampiyonası,Atletizm,Dünya Turnuvası,Milli,Orta,Karma,Milli Takım,Bireysel Spor,Global,Uluslararası,Türk Sporcu Var,Doğrulanacak,2 Yılda Bir,Turnuva,Fikstür,Bilgi,Etkinlik,Jenerik,Türkçe,Body,fik,,,,,,,hayir,,,,,,,,,,,,,,,,,,,,,,,,,,,,,,,,hayır
dünya yüzme şampiyonası,Dünya Yüzme Şampiyonası,Su Sporları,Dünya Turnuvası,Milli,Orta,Karma,Milli Takım,Bireysel Spor,Global,Uluslararası,Türk Sporcu Var,Doğrulanacak,2 Yılda Bir,Turnuva,Jenerik,Bilgi,Etkinlik,Jenerik,Türkçe,Body,jen,70,LOW,0,,,,evet,70,30,20,20,30,20,20,20,20,30,90,390,320,70,30,30,20,20,20,320,20,20,10,90,40,20,20,10,20,70,20,hayır
dünya yüzme şampiyonası ne zaman,Dünya Yüzme Şampiyonası,Su Sporları,Dünya Turnuvası,Milli,Orta,Karma,Milli Takım,Bireysel Spor,Global,Uluslararası,Türk Sporcu Var,Doğrulanacak,2 Yılda Bir,Turnuva,Takvim/Saat,Bilgi,Etkinlik,Jenerik,Türkçe,Long-tail,nezaman,,,,,,,hayir,,,,,,,,,,,,,,,,,,,,,,,,,,,,,,,,hayır
dünya yüzme şampiyonası takvim,Dünya Yüzme Şampiyonası,Su Sporları,Dünya Turnuvası,Milli,Orta,Karma,Milli Takım,Bireysel Spor,Global,Uluslararası,Türk Sporcu Var,Doğrulanacak,2 Yılda Bir,Turnuva,Takvim/Saat,Bilgi,Etkinlik,Jenerik,Türkçe,Body,takvim,,,,,,,hayir,,,,,,,,,,,,,,,,,,,,,,,,,,,,,,,,hayır
dünya yüzme şampiyonası canlı izle,Dünya Yüzme Şampiyonası,Su Sporları,Dünya Turnuvası,Milli,Orta,Karma,Milli Takım,Bireysel Spor,Global,Uluslararası,Türk Sporcu Var,Doğrulanacak,2 Yılda Bir,Turnuva,Canlı İzle,İzleme,Etkinlik,Jenerik,Türkçe,Long-tail,izle,,,,,,,hayir,,,,,,,,,,,,,,,,,,,,,,,,,,,,,,,,hayır
dünya yüzme şampiyonası hangi kanalda,Dünya Yüzme Şampiyonası,Su Sporları,Dünya Turnuvası,Milli,Orta,Karma,Milli Takım,Bireysel Spor,Global,Uluslararası,Türk Sporcu Var,Doğrulanacak,2 Yılda Bir,Turnuva,Kanal/Yayın,İzleme,Etkinlik,Jenerik,Türkçe,Long-tail,kanal,10,,,,,,evet,0,0,0,10,0,0,0,0,0,10,10,90,140,0,0,0,0,0,0,0,0,0,0,0,0,0,0,0,0,0,0,hayır
dünya yüzme şampiyonası puan durumu,Dünya Yüzme Şampiyonası,Su Sporları,Dünya Turnuvası,Milli,Orta,Karma,Milli Takım,Bireysel Spor,Global,Uluslararası,Türk Sporcu Var,Doğrulanacak,2 Yılda Bir,Turnuva,Puan Durumu,Bilgi,Etkinlik,Jenerik,Türkçe,Long-tail,pd,,,,,,,hayir,,,,,,,,,,,,,,,,,,,,,,,,,,,,,,,,hayır
dünya yüzme şampiyonası fikstür,Dünya Yüzme Şampiyonası,Su Sporları,Dünya Turnuvası,Milli,Orta,Karma,Milli Takım,Bireysel Spor,Global,Uluslararası,Türk Sporcu Var,Doğrulanacak,2 Yılda Bir,Turnuva,Fikstür,Bilgi,Etkinlik,Jenerik,Türkçe,Body,fik,,,,,,,hayir,,,,,,,,,,,,,,,,,,,,,,,,,,,,,,,,hayır
dünya güreş şampiyonası,Dünya Güreş Şampiyonası,Dövüş Sporları,Dünya Turnuvası,Milli,Orta,Karma,Milli Takım,Bireysel Spor,Global,Uluslararası,Türk Sporcu Var,Doğrulanacak,Yıllık,Turnuva,Jenerik,Bilgi,Etkinlik,Jenerik,Türkçe,Body,jen,390,LOW,0,,,,evet,140,210,140,480,70,140,110,90,110,260,2900,210,110,110,70,140,170,90,140,140,210,390,90,390,210,170,390,210,210,590,170,hayır
dünya güreş şampiyonası ne zaman,Dünya Güreş Şampiyonası,Dövüş Sporları,Dünya Turnuvası,Milli,Orta,Karma,Milli Takım,Bireysel Spor,Global,Uluslararası,Türk Sporcu Var,Doğrulanacak,Yıllık,Turnuva,Takvim/Saat,Bilgi,Etkinlik,Jenerik,Türkçe,Long-tail,nezaman,40,LOW,0,,,,evet,10,10,10,90,10,10,10,10,10,30,210,30,30,10,10,20,0,0,0,0,0,0,0,0,0,0,0,0,0,0,0,hayır
dünya güreş şampiyonası takvim,Dünya Güreş Şampiyonası,Dövüş Sporları,Dünya Turnuvası,Milli,Orta,Karma,Milli Takım,Bireysel Spor,Global,Uluslararası,Türk Sporcu Var,Doğrulanacak,Yıllık,Turnuva,Takvim/Saat,Bilgi,Etkinlik,Jenerik,Türkçe,Body,takvim,,,,,,,hayir,,,,,,,,,,,,,,,,,,,,,,,,,,,,,,,,hayır
dünya güreş şampiyonası canlı izle,Dünya Güreş Şampiyonası,Dövüş Sporları,Dünya Turnuvası,Milli,Orta,Karma,Milli Takım,Bireysel Spor,Global,Uluslararası,Türk Sporcu Var,Doğrulanacak,Yıllık,Turnuva,Canlı İzle,İzleme,Etkinlik,Jenerik,Türkçe,Long-tail,izle,10,LOW,0,,,,evet,10,0,10,10,0,10,10,10,0,10,90,10,10,10,0,10,0,10,0,0,0,20,10,0,0,0,10,0,0,20,10,hayır
dünya güreş şampiyonası hangi kanalda,Dünya Güreş Şampiyonası,Dövüş Sporları,Dünya Turnuvası,Milli,Orta,Karma,Milli Takım,Bireysel Spor,Global,Uluslararası,Türk Sporcu Var,Doğrulanacak,Yıllık,Turnuva,Kanal/Yayın,İzleme,Etkinlik,Jenerik,Türkçe,Long-tail,kanal,40,LOW,0,,,,evet,10,0,10,70,10,30,10,10,10,20,320,10,10,10,10,30,10,10,10,0,10,90,10,10,10,10,10,10,0,30,10,hayır
dünya güreş şampiyonası puan durumu,Dünya Güreş Şampiyonası,Dövüş Sporları,Dünya Turnuvası,Milli,Orta,Karma,Milli Takım,Bireysel Spor,Global,Uluslararası,Türk Sporcu Var,Doğrulanacak,Yıllık,Turnuva,Puan Durumu,Bilgi,Etkinlik,Jenerik,Türkçe,Long-tail,pd,,,,,,,hayir,,,,,,,,,,,,,,,,,,,,,,,,,,,,,,,,hayır
dünya güreş şampiyonası fikstür,Dünya Güreş Şampiyonası,Dövüş Sporları,Dünya Turnuvası,Milli,Orta,Karma,Milli Takım,Bireysel Spor,Global,Uluslararası,Türk Sporcu Var,Doğrulanacak,Yıllık,Turnuva,Fikstür,Bilgi,Etkinlik,Jenerik,Türkçe,Body,fik,,,,,,,hayir,,,,,,,,,,,,,,,,,,,,,,,,,,,,,,,,hayır
güreş şampiyonası,Dünya Güreş Şampiyonası,Dövüş Sporları,Dünya Turnuvası,Milli,Orta,Karma,Milli Takım,Bireysel Spor,Global,Uluslararası,Türk Sporcu Var,Doğrulanacak,Yıllık,Turnuva,Jenerik,Bilgi,Etkinlik,Jenerik,Türkçe,Head,jen,480,LOW,0,,,,evet,140,170,140,4400,50,110,50,90,50,110,390,70,110,90,110,210,70,50,110,50,70,50,50,90,140,70,140,90,110,1600,70,hayır
güreş şampiyonası ne zaman,Dünya Güreş Şampiyonası,Dövüş Sporları,Dünya Turnuvası,Milli,Orta,Karma,Milli Takım,Bireysel Spor,Global,Uluslararası,Türk Sporcu Var,Doğrulanacak,Yıllık,Turnuva,Takvim/Saat,Bilgi,Etkinlik,Jenerik,Türkçe,Body,nezaman,10,LOW,0,,,,evet,10,10,0,50,0,0,0,0,0,0,0,0,0,0,0,0,0,0,0,0,0,0,0,0,0,0,0,0,0,0,0,hayır
güreş şampiyonası takvim,Dünya Güreş Şampiyonası,Dövüş Sporları,Dünya Turnuvası,Milli,Orta,Karma,Milli Takım,Bireysel Spor,Global,Uluslararası,Türk Sporcu Var,Doğrulanacak,Yıllık,Turnuva,Takvim/Saat,Bilgi,Etkinlik,Jenerik,Türkçe,Body,takvim,,,,,,,hayir,,,,,,,,,,,,,,,,,,,,,,,,,,,,,,,,hayır
güreş şampiyonası canlı izle,Dünya Güreş Şampiyonası,Dövüş Sporları,Dünya Turnuvası,Milli,Orta,Karma,Milli Takım,Bireysel Spor,Global,Uluslararası,Türk Sporcu Var,Doğrulanacak,Yıllık,Turnuva,Canlı İzle,İzleme,Etkinlik,Jenerik,Türkçe,Body,izle,,,,,,,hayir,,,,,,,,,,,,,,,,,,,,,,,,,,,,,,,,hayır
güreş şampiyonası hangi kanalda,Dünya Güreş Şampiyonası,Dövüş Sporları,Dünya Turnuvası,Milli,Orta,Karma,Milli Takım,Bireysel Spor,Global,Uluslararası,Türk Sporcu Var,Doğrulanacak,Yıllık,Turnuva,Kanal/Yayın,İzleme,Etkinlik,Jenerik,Türkçe,Body,kanal,30,LOW,0,,,,evet,10,10,10,260,10,10,10,10,0,10,30,10,10,10,10,50,0,0,0,0,0,0,0,0,0,0,0,0,0,0,0,hayır
güreş şampiyonası puan durumu,Dünya Güreş Şampiyonası,Dövüş Sporları,Dünya Turnuvası,Milli,Orta,Karma,Milli Takım,Bireysel Spor,Global,Uluslararası,Türk Sporcu Var,Doğrulanacak,Yıllık,Turnuva,Puan Durumu,Bilgi,Etkinlik,Jenerik,Türkçe,Body,pd,,,,,,,hayir,,,,,,,,,,,,,,,,,,,,,,,,,,,,,,,,hayır
güreş şampiyonası fikstür,Dünya Güreş Şampiyonası,Dövüş Sporları,Dünya Turnuvası,Milli,Orta,Karma,Milli Takım,Bireysel Spor,Global,Uluslararası,Türk Sporcu Var,Doğrulanacak,Yıllık,Turnuva,Fikstür,Bilgi,Etkinlik,Jenerik,Türkçe,Body,fik,,,,,,,hayir,,,,,,,,,,,,,,,,,,,,,,,,,,,,,,,,hayır
halter şampiyonası,Dünya Halter Şampiyonası,Diğer,Dünya Turnuvası,Milli,Orta,Karma,Milli Takım,Bireysel Spor,Global,Uluslararası,Türk Sporcu Var,Doğrulanacak,Yıllık,Turnuva,Jenerik,Bilgi,Etkinlik,Jenerik,Türkçe,Head,jen,390,LOW,0,,,,evet,170,210,320,1600,210,170,170,210,260,880,320,140,210,170,260,320,140,260,140,170,170,170,170,320,320,260,320,210,210,1300,210,hayır
halter şampiyonası ne zaman,Dünya Halter Şampiyonası,Diğer,Dünya Turnuvası,Milli,Orta,Karma,Milli Takım,Bireysel Spor,Global,Uluslararası,Türk Sporcu Var,Doğrulanacak,Yıllık,Turnuva,Takvim/Saat,Bilgi,Etkinlik,Jenerik,Türkçe,Body,nezaman,,,,,,,hayir,,,,,,,,,,,,,,,,,,,,,,,,,,,,,,,,hayır
halter şampiyonası takvim,Dünya Halter Şampiyonası,Diğer,Dünya Turnuvası,Milli,Orta,Karma,Milli Takım,Bireysel Spor,Global,Uluslararası,Türk Sporcu Var,Doğrulanacak,Yıllık,Turnuva,Takvim/Saat,Bilgi,Etkinlik,Jenerik,Türkçe,Body,takvim,,,,,,,hayir,,,,,,,,,,,,,,,,,,,,,,,,,,,,,,,,hayır
halter şampiyonası canlı izle,Dünya Halter Şampiyonası,Diğer,Dünya Turnuvası,Milli,Orta,Karma,Milli Takım,Bireysel Spor,Global,Uluslararası,Türk Sporcu Var,Doğrulanacak,Yıllık,Turnuva,Canlı İzle,İzleme,Etkinlik,Jenerik,Türkçe,Body,izle,10,LOW,0,,,,evet,10,0,10,70,10,10,10,10,10,30,10,10,10,10,10,70,0,0,0,10,10,10,10,20,10,10,10,10,0,30,10,hayır
halter şampiyonası hangi kanalda,Dünya Halter Şampiyonası,Diğer,Dünya Turnuvası,Milli,Orta,Karma,Milli Takım,Bireysel Spor,Global,Uluslararası,Türk Sporcu Var,Doğrulanacak,Yıllık,Turnuva,Kanal/Yayın,İzleme,Etkinlik,Jenerik,Türkçe,Body,kanal,10,LOW,7,,,,evet,10,0,0,40,10,10,0,0,10,50,0,10,0,0,10,140,10,0,10,10,10,10,10,10,10,0,10,0,10,70,0,hayır
halter şampiyonası puan durumu,Dünya Halter Şampiyonası,Diğer,Dünya Turnuvası,Milli,Orta,Karma,Milli Takım,Bireysel Spor,Global,Uluslararası,Türk Sporcu Var,Doğrulanacak,Yıllık,Turnuva,Puan Durumu,Bilgi,Etkinlik,Jenerik,Türkçe,Body,pd,,,,,,,hayir,,,,,,,,,,,,,,,,,,,,,,,,,,,,,,,,hayır
halter şampiyonası fikstür,Dünya Halter Şampiyonası,Diğer,Dünya Turnuvası,Milli,Orta,Karma,Milli Takım,Bireysel Spor,Global,Uluslararası,Türk Sporcu Var,Doğrulanacak,Yıllık,Turnuva,Fikstür,Bilgi,Etkinlik,Jenerik,Türkçe,Body,fik,,,,,,,hayir,,,,,,,,,,,,,,,,,,,,,,,,,,,,,,,,hayır
okçuluk şampiyonası,Dünya Okçuluk Şampiyonası,Diğer,Dünya Turnuvası,Milli,Orta,Karma,Milli Takım,Bireysel Spor,Global,Uluslararası,Türk Sporcu Var,Doğrulanacak,Yıllık,Turnuva,Jenerik,Bilgi,Etkinlik,Jenerik,Türkçe,Head,jen,110,LOW,0,,,,evet,90,110,170,210,90,50,70,110,210,170,140,40,90,90,90,140,90,110,40,50,70,90,140,210,210,140,170,110,170,110,90,hayır
okçuluk şampiyonası ne zaman,Dünya Okçuluk Şampiyonası,Diğer,Dünya Turnuvası,Milli,Orta,Karma,Milli Takım,Bireysel Spor,Global,Uluslararası,Türk Sporcu Var,Doğrulanacak,Yıllık,Turnuva,Takvim/Saat,Bilgi,Etkinlik,Jenerik,Türkçe,Body,nezaman,,,,,,,hayir,,,,,,,,,,,,,,,,,,,,,,,,,,,,,,,,hayır
okçuluk şampiyonası takvim,Dünya Okçuluk Şampiyonası,Diğer,Dünya Turnuvası,Milli,Orta,Karma,Milli Takım,Bireysel Spor,Global,Uluslararası,Türk Sporcu Var,Doğrulanacak,Yıllık,Turnuva,Takvim/Saat,Bilgi,Etkinlik,Jenerik,Türkçe,Body,takvim,,,,,,,hayir,,,,,,,,,,,,,,,,,,,,,,,,,,,,,,,,hayır
okçuluk şampiyonası canlı izle,Dünya Okçuluk Şampiyonası,Diğer,Dünya Turnuvası,Milli,Orta,Karma,Milli Takım,Bireysel Spor,Global,Uluslararası,Türk Sporcu Var,Doğrulanacak,Yıllık,Turnuva,Canlı İzle,İzleme,Etkinlik,Jenerik,Türkçe,Body,izle,,,,,,,hayir,,,,,,,,,,,,,,,,,,,,,,,,,,,,,,,,hayır
okçuluk şampiyonası hangi kanalda,Dünya Okçuluk Şampiyonası,Diğer,Dünya Turnuvası,Milli,Orta,Karma,Milli Takım,Bireysel Spor,Global,Uluslararası,Türk Sporcu Var,Doğrulanacak,Yıllık,Turnuva,Kanal/Yayın,İzleme,Etkinlik,Jenerik,Türkçe,Body,kanal,,,,,,,hayir,,,,,,,,,,,,,,,,,,,,,,,,,,,,,,,,hayır
okçuluk şampiyonası puan durumu,Dünya Okçuluk Şampiyonası,Diğer,Dünya Turnuvası,Milli,Orta,Karma,Milli Takım,Bireysel Spor,Global,Uluslararası,Türk Sporcu Var,Doğrulanacak,Yıllık,Turnuva,Puan Durumu,Bilgi,Etkinlik,Jenerik,Türkçe,Body,pd,,,,,,,hayir,,,,,,,,,,,,,,,,,,,,,,,,,,,,,,,,hayır
okçuluk şampiyonası fikstür,Dünya Okçuluk Şampiyonası,Diğer,Dünya Turnuvası,Milli,Orta,Karma,Milli Takım,Bireysel Spor,Global,Uluslararası,Türk Sporcu Var,Doğrulanacak,Yıllık,Turnuva,Fikstür,Bilgi,Etkinlik,Jenerik,Türkçe,Body,fik,,,,,,,hayir,,,,,,,,,,,,,,,,,,,,,,,,,,,,,,,,hayır
jimnastik şampiyonası,Dünya Jimnastik Şampiyonası,Diğer,Dünya Turnuvası,Milli,Orta,Karma,Milli Takım,Bireysel Spor,Global,Uluslararası,Türk Sporcu Var,Doğrulanacak,Yıllık,Turnuva,Jenerik,Bilgi,Etkinlik,Jenerik,Türkçe,Head,jen,30,LOW,0,,,,evet,10,20,40,30,110,50,10,20,40,30,40,20,10,20,30,10,90,30,10,20,10,10,20,70,20,20,70,30,50,50,20,hayır
jimnastik şampiyonası ne zaman,Dünya Jimnastik Şampiyonası,Diğer,Dünya Turnuvası,Milli,Orta,Karma,Milli Takım,Bireysel Spor,Global,Uluslararası,Türk Sporcu Var,Doğrulanacak,Yıllık,Turnuva,Takvim/Saat,Bilgi,Etkinlik,Jenerik,Türkçe,Body,nezaman,,,,,,,hayir,,,,,,,,,,,,,,,,,,,,,,,,,,,,,,,,hayır
jimnastik şampiyonası takvim,Dünya Jimnastik Şampiyonası,Diğer,Dünya Turnuvası,Milli,Orta,Karma,Milli Takım,Bireysel Spor,Global,Uluslararası,Türk Sporcu Var,Doğrulanacak,Yıllık,Turnuva,Takvim/Saat,Bilgi,Etkinlik,Jenerik,Türkçe,Body,takvim,,,,,,,hayir,,,,,,,,,,,,,,,,,,,,,,,,,,,,,,,,hayır
jimnastik şampiyonası canlı izle,Dünya Jimnastik Şampiyonası,Diğer,Dünya Turnuvası,Milli,Orta,Karma,Milli Takım,Bireysel Spor,Global,Uluslararası,Türk Sporcu Var,Doğrulanacak,Yıllık,Turnuva,Canlı İzle,İzleme,Etkinlik,Jenerik,Türkçe,Body,izle,,,,,,,hayir,,,,,,,,,,,,,,,,,,,,,,,,,,,,,,,,hayır
jimnastik şampiyonası hangi kanalda,Dünya Jimnastik Şampiyonası,Diğer,Dünya Turnuvası,Milli,Orta,Karma,Milli Takım,Bireysel Spor,Global,Uluslararası,Türk Sporcu Var,Doğrulanacak,Yıllık,Turnuva,Kanal/Yayın,İzleme,Etkinlik,Jenerik,Türkçe,Body,kanal,,,,,,,hayir,,,,,,,,,,,,,,,,,,,,,,,,,,,,,,,,hayır
jimnastik şampiyonası puan durumu,Dünya Jimnastik Şampiyonası,Diğer,Dünya Turnuvası,Milli,Orta,Karma,Milli Takım,Bireysel Spor,Global,Uluslararası,Türk Sporcu Var,Doğrulanacak,Yıllık,Turnuva,Puan Durumu,Bilgi,Etkinlik,Jenerik,Türkçe,Body,pd,,,,,,,hayir,,,,,,,,,,,,,,,,,,,,,,,,,,,,,,,,hayır
jimnastik şampiyonası fikstür,Dünya Jimnastik Şampiyonası,Diğer,Dünya Turnuvası,Milli,Orta,Karma,Milli Takım,Bireysel Spor,Global,Uluslararası,Türk Sporcu Var,Doğrulanacak,Yıllık,Turnuva,Fikstür,Bilgi,Etkinlik,Jenerik,Türkçe,Body,fik,,,,,,,hayir,,,,,,,,,,,,,,,,,,,,,,,,,,,,,,,,hayır
taekwondo şampiyonası,Dünya Taekwondo Şampiyonası,Dövüş Sporları,Dünya Turnuvası,Milli,Orta,Karma,Milli Takım,Bireysel Spor,Global,Uluslararası,Türk Sporcu Var,Doğrulanacak,2 Yılda Bir,Turnuva,Jenerik,Bilgi,Etkinlik,Jenerik,Türkçe,Head,jen,10,LOW,0,,,,evet,10,10,10,10,10,10,10,10,10,10,20,10,10,10,10,20,10,20,20,20,10,10,10,20,20,10,30,10,10,20,10,hayır
taekwondo şampiyonası ne zaman,Dünya Taekwondo Şampiyonası,Dövüş Sporları,Dünya Turnuvası,Milli,Orta,Karma,Milli Takım,Bireysel Spor,Global,Uluslararası,Türk Sporcu Var,Doğrulanacak,2 Yılda Bir,Turnuva,Takvim/Saat,Bilgi,Etkinlik,Jenerik,Türkçe,Body,nezaman,,,,,,,hayir,,,,,,,,,,,,,,,,,,,,,,,,,,,,,,,,hayır
taekwondo şampiyonası takvim,Dünya Taekwondo Şampiyonası,Dövüş Sporları,Dünya Turnuvası,Milli,Orta,Karma,Milli Takım,Bireysel Spor,Global,Uluslararası,Türk Sporcu Var,Doğrulanacak,2 Yılda Bir,Turnuva,Takvim/Saat,Bilgi,Etkinlik,Jenerik,Türkçe,Body,takvim,,,,,,,hayir,,,,,,,,,,,,,,,,,,,,,,,,,,,,,,,,hayır
taekwondo şampiyonası canlı izle,Dünya Taekwondo Şampiyonası,Dövüş Sporları,Dünya Turnuvası,Milli,Orta,Karma,Milli Takım,Bireysel Spor,Global,Uluslararası,Türk Sporcu Var,Doğrulanacak,2 Yılda Bir,Turnuva,Canlı İzle,İzleme,Etkinlik,Jenerik,Türkçe,Body,izle,,,,,,,hayir,,,,,,,,,,,,,,,,,,,,,,,,,,,,,,,,hayır
taekwondo şampiyonası hangi kanalda,Dünya Taekwondo Şampiyonası,Dövüş Sporları,Dünya Turnuvası,Milli,Orta,Karma,Milli Takım,Bireysel Spor,Global,Uluslararası,Türk Sporcu Var,Doğrulanacak,2 Yılda Bir,Turnuva,Kanal/Yayın,İzleme,Etkinlik,Jenerik,Türkçe,Body,kanal,,,,,,,hayir,,,,,,,,,,,,,,,,,,,,,,,,,,,,,,,,hayır
taekwondo şampiyonası puan durumu,Dünya Taekwondo Şampiyonası,Dövüş Sporları,Dünya Turnuvası,Milli,Orta,Karma,Milli Takım,Bireysel Spor,Global,Uluslararası,Türk Sporcu Var,Doğrulanacak,2 Yılda Bir,Turnuva,Puan Durumu,Bilgi,Etkinlik,Jenerik,Türkçe,Body,pd,,,,,,,hayir,,,,,,,,,,,,,,,,,,,,,,,,,,,,,,,,hayır
taekwondo şampiyonası fikstür,Dünya Taekwondo Şampiyonası,Dövüş Sporları,Dünya Turnuvası,Milli,Orta,Karma,Milli Takım,Bireysel Spor,Global,Uluslararası,Türk Sporcu Var,Doğrulanacak,2 Yılda Bir,Turnuva,Fikstür,Bilgi,Etkinlik,Jenerik,Türkçe,Body,fik,,,,,,,hayir,,,,,,,,,,,,,,,,,,,,,,,,,,,,,,,,hayır
judo şampiyonası,Dünya Judo Şampiyonası,Dövüş Sporları,Dünya Turnuvası,Milli,Orta,Karma,Milli Takım,Bireysel Spor,Global,Uluslararası,Türk Sporcu Var,Doğrulanacak,Yıllık,Turnuva,Jenerik,Bilgi,Etkinlik,Jenerik,Türkçe,Head,jen,20,LOW,0,,,,evet,30,20,20,20,20,10,10,20,20,20,20,20,20,30,10,40,20,20,20,10,10,10,10,20,10,10,50,40,40,20,30,hayır
judo şampiyonası ne zaman,Dünya Judo Şampiyonası,Dövüş Sporları,Dünya Turnuvası,Milli,Orta,Karma,Milli Takım,Bireysel Spor,Global,Uluslararası,Türk Sporcu Var,Doğrulanacak,Yıllık,Turnuva,Takvim/Saat,Bilgi,Etkinlik,Jenerik,Türkçe,Body,nezaman,,,,,,,hayir,,,,,,,,,,,,,,,,,,,,,,,,,,,,,,,,hayır
judo şampiyonası takvim,Dünya Judo Şampiyonası,Dövüş Sporları,Dünya Turnuvası,Milli,Orta,Karma,Milli Takım,Bireysel Spor,Global,Uluslararası,Türk Sporcu Var,Doğrulanacak,Yıllık,Turnuva,Takvim/Saat,Bilgi,Etkinlik,Jenerik,Türkçe,Body,takvim,,,,,,,hayir,,,,,,,,,,,,,,,,,,,,,,,,,,,,,,,,hayır
judo şampiyonası canlı izle,Dünya Judo Şampiyonası,Dövüş Sporları,Dünya Turnuvası,Milli,Orta,Karma,Milli Takım,Bireysel Spor,Global,Uluslararası,Türk Sporcu Var,Doğrulanacak,Yıllık,Turnuva,Canlı İzle,İzleme,Etkinlik,Jenerik,Türkçe,Body,izle,,,,,,,hayir,,,,,,,,,,,,,,,,,,,,,,,,,,,,,,,,hayır
judo şampiyonası hangi kanalda,Dünya Judo Şampiyonası,Dövüş Sporları,Dünya Turnuvası,Milli,Orta,Karma,Milli Takım,Bireysel Spor,Global,Uluslararası,Türk Sporcu Var,Doğrulanacak,Yıllık,Turnuva,Kanal/Yayın,İzleme,Etkinlik,Jenerik,Türkçe,Body,kanal,,,,,,,hayir,,,,,,,,,,,,,,,,,,,,,,,,,,,,,,,,hayır
judo şampiyonası puan durumu,Dünya Judo Şampiyonası,Dövüş Sporları,Dünya Turnuvası,Milli,Orta,Karma,Milli Takım,Bireysel Spor,Global,Uluslararası,Türk Sporcu Var,Doğrulanacak,Yıllık,Turnuva,Puan Durumu,Bilgi,Etkinlik,Jenerik,Türkçe,Body,pd,,,,,,,hayir,,,,,,,,,,,,,,,,,,,,,,,,,,,,,,,,hayır
judo şampiyonası fikstür,Dünya Judo Şampiyonası,Dövüş Sporları,Dünya Turnuvası,Milli,Orta,Karma,Milli Takım,Bireysel Spor,Global,Uluslararası,Türk Sporcu Var,Doğrulanacak,Yıllık,Turnuva,Fikstür,Bilgi,Etkinlik,Jenerik,Türkçe,Body,fik,,,,,,,hayir,,,,,,,,,,,,,,,,,,,,,,,,,,,,,,,,hayır
hentbol dünya şampiyonası,Dünya Hentbol Şampiyonası,Hentbol,Dünya Turnuvası,Milli,Orta,Karma,Milli Takım,Takım Sporu,Global,Uluslararası,Türk Sporcu Var,Doğrulanacak,2 Yılda Bir,Turnuva,Jenerik,Bilgi,Etkinlik,Jenerik,Türkçe,Body,jen,20,LOW,0,,,,evet,10,70,30,20,70,20,10,20,20,10,10,10,0,10,10,10,10,40,70,10,20,10,10,10,10,10,10,30,20,30,110,hayır
hentbol dünya şampiyonası ne zaman,Dünya Hentbol Şampiyonası,Hentbol,Dünya Turnuvası,Milli,Orta,Karma,Milli Takım,Takım Sporu,Global,Uluslararası,Türk Sporcu Var,Doğrulanacak,2 Yılda Bir,Turnuva,Takvim/Saat,Bilgi,Etkinlik,Jenerik,Türkçe,Long-tail,nezaman,,,,,,,hayir,,,,,,,,,,,,,,,,,,,,,,,,,,,,,,,,hayır
hentbol dünya şampiyonası takvim,Dünya Hentbol Şampiyonası,Hentbol,Dünya Turnuvası,Milli,Orta,Karma,Milli Takım,Takım Sporu,Global,Uluslararası,Türk Sporcu Var,Doğrulanacak,2 Yılda Bir,Turnuva,Takvim/Saat,Bilgi,Etkinlik,Jenerik,Türkçe,Body,takvim,,,,,,,hayir,,,,,,,,,,,,,,,,,,,,,,,,,,,,,,,,hayır
hentbol dünya şampiyonası canlı izle,Dünya Hentbol Şampiyonası,Hentbol,Dünya Turnuvası,Milli,Orta,Karma,Milli Takım,Takım Sporu,Global,Uluslararası,Türk Sporcu Var,Doğrulanacak,2 Yılda Bir,Turnuva,Canlı İzle,İzleme,Etkinlik,Jenerik,Türkçe,Long-tail,izle,,,,,,,hayir,,,,,,,,,,,,,,,,,,,,,,,,,,,,,,,,hayır
hentbol dünya şampiyonası hangi kanalda,Dünya Hentbol Şampiyonası,Hentbol,Dünya Turnuvası,Milli,Orta,Karma,Milli Takım,Takım Sporu,Global,Uluslararası,Türk Sporcu Var,Doğrulanacak,2 Yılda Bir,Turnuva,Kanal/Yayın,İzleme,Etkinlik,Jenerik,Türkçe,Long-tail,kanal,10,,,,,,evet,0,10,10,10,0,10,0,10,10,0,10,10,10,10,10,10,10,20,0,0,0,0,0,0,0,0,0,0,0,0,0,hayır
hentbol dünya şampiyonası puan durumu,Dünya Hentbol Şampiyonası,Hentbol,Dünya Turnuvası,Milli,Orta,Karma,Milli Takım,Takım Sporu,Global,Uluslararası,Türk Sporcu Var,Doğrulanacak,2 Yılda Bir,Turnuva,Puan Durumu,Bilgi,Etkinlik,Jenerik,Türkçe,Long-tail,pd,,,,,,,hayir,,,,,,,,,,,,,,,,,,,,,,,,,,,,,,,,hayır
hentbol dünya şampiyonası fikstür,Dünya Hentbol Şampiyonası,Hentbol,Dünya Turnuvası,Milli,Orta,Karma,Milli Takım,Takım Sporu,Global,Uluslararası,Türk Sporcu Var,Doğrulanacak,2 Yılda Bir,Turnuva,Fikstür,Bilgi,Etkinlik,Jenerik,Türkçe,Body,fik,,,,,,,hayir,,,,,,,,,,,,,,,,,,,,,,,,,,,,,,,,hayır
masa tenisi şampiyonası,Dünya Masa Tenisi Şampiyonası,Diğer,Dünya Turnuvası,Milli,Orta,Karma,Milli Takım,Bireysel Spor,Global,Uluslararası,Türk Sporcu Var,Doğrulanacak,2 Yılda Bir,Turnuva,Jenerik,Bilgi,Etkinlik,Jenerik,Türkçe,Body,jen,30,LOW,0,,,,evet,10,30,50,30,30,30,30,40,40,20,20,10,10,30,70,30,40,40,40,50,40,40,50,50,30,40,90,50,50,40,50,hayır
masa tenisi şampiyonası ne zaman,Dünya Masa Tenisi Şampiyonası,Diğer,Dünya Turnuvası,Milli,Orta,Karma,Milli Takım,Bireysel Spor,Global,Uluslararası,Türk Sporcu Var,Doğrulanacak,2 Yılda Bir,Turnuva,Takvim/Saat,Bilgi,Etkinlik,Jenerik,Türkçe,Long-tail,nezaman,,,,,,,hayir,,,,,,,,,,,,,,,,,,,,,,,,,,,,,,,,hayır
masa tenisi şampiyonası takvim,Dünya Masa Tenisi Şampiyonası,Diğer,Dünya Turnuvası,Milli,Orta,Karma,Milli Takım,Bireysel Spor,Global,Uluslararası,Türk Sporcu Var,Doğrulanacak,2 Yılda Bir,Turnuva,Takvim/Saat,Bilgi,Etkinlik,Jenerik,Türkçe,Body,takvim,,,,,,,hayir,,,,,,,,,,,,,,,,,,,,,,,,,,,,,,,,hayır
masa tenisi şampiyonası canlı izle,Dünya Masa Tenisi Şampiyonası,Diğer,Dünya Turnuvası,Milli,Orta,Karma,Milli Takım,Bireysel Spor,Global,Uluslararası,Türk Sporcu Var,Doğrulanacak,2 Yılda Bir,Turnuva,Canlı İzle,İzleme,Etkinlik,Jenerik,Türkçe,Long-tail,izle,,,,,,,hayir,,,,,,,,,,,,,,,,,,,,,,,,,,,,,,,,hayır
masa tenisi şampiyonası hangi kanalda,Dünya Masa Tenisi Şampiyonası,Diğer,Dünya Turnuvası,Milli,Orta,Karma,Milli Takım,Bireysel Spor,Global,Uluslararası,Türk Sporcu Var,Doğrulanacak,2 Yılda Bir,Turnuva,Kanal/Yayın,İzleme,Etkinlik,Jenerik,Türkçe,Long-tail,kanal,,,,,,,hayir,,,,,,,,,,,,,,,,,,,,,,,,,,,,,,,,hayır
masa tenisi şampiyonası puan durumu,Dünya Masa Tenisi Şampiyonası,Diğer,Dünya Turnuvası,Milli,Orta,Karma,Milli Takım,Bireysel Spor,Global,Uluslararası,Türk Sporcu Var,Doğrulanacak,2 Yılda Bir,Turnuva,Puan Durumu,Bilgi,Etkinlik,Jenerik,Türkçe,Long-tail,pd,,,,,,,hayir,,,,,,,,,,,,,,,,,,,,,,,,,,,,,,,,hayır
masa tenisi şampiyonası fikstür,Dünya Masa Tenisi Şampiyonası,Diğer,Dünya Turnuvası,Milli,Orta,Karma,Milli Takım,Bireysel Spor,Global,Uluslararası,Türk Sporcu Var,Doğrulanacak,2 Yılda Bir,Turnuva,Fikstür,Bilgi,Etkinlik,Jenerik,Türkçe,Body,fik,,,,,,,hayir,,,,,,,,,,,,,,,,,,,,,,,,,,,,,,,,hayır
buz hokeyi şampiyonası,Dünya Buz Hokeyi Şampiyonası,Buz Hokeyi,Dünya Turnuvası,Milli,Orta,Erkek,Milli Takım,Takım Sporu,Global,Uluslararası,Türk Sporcu Var,Doğrulanacak,Yıllık,Turnuva,Jenerik,Bilgi,Etkinlik,Jenerik,Türkçe,Body,jen,10,LOW,0,,,,evet,10,10,10,20,10,10,40,10,0,10,0,10,10,10,20,20,10,10,20,10,10,10,0,0,10,10,20,10,30,10,10,hayır
buz hokeyi şampiyonası ne zaman,Dünya Buz Hokeyi Şampiyonası,Buz Hokeyi,Dünya Turnuvası,Milli,Orta,Erkek,Milli Takım,Takım Sporu,Global,Uluslararası,Türk Sporcu Var,Doğrulanacak,Yıllık,Turnuva,Takvim/Saat,Bilgi,Etkinlik,Jenerik,Türkçe,Long-tail,nezaman,,,,,,,hayir,,,,,,,,,,,,,,,,,,,,,,,,,,,,,,,,hayır
buz hokeyi şampiyonası takvim,Dünya Buz Hokeyi Şampiyonası,Buz Hokeyi,Dünya Turnuvası,Milli,Orta,Erkek,Milli Takım,Takım Sporu,Global,Uluslararası,Türk Sporcu Var,Doğrulanacak,Yıllık,Turnuva,Takvim/Saat,Bilgi,Etkinlik,Jenerik,Türkçe,Body,takvim,,,,,,,hayir,,,,,,,,,,,,,,,,,,,,,,,,,,,,,,,,hayır
buz hokeyi şampiyonası canlı izle,Dünya Buz Hokeyi Şampiyonası,Buz Hokeyi,Dünya Turnuvası,Milli,Orta,Erkek,Milli Takım,Takım Sporu,Global,Uluslararası,Türk Sporcu Var,Doğrulanacak,Yıllık,Turnuva,Canlı İzle,İzleme,Etkinlik,Jenerik,Türkçe,Long-tail,izle,,,,,,,hayir,,,,,,,,,,,,,,,,,,,,,,,,,,,,,,,,hayır
buz hokeyi şampiyonası hangi kanalda,Dünya Buz Hokeyi Şampiyonası,Buz Hokeyi,Dünya Turnuvası,Milli,Orta,Erkek,Milli Takım,Takım Sporu,Global,Uluslararası,Türk Sporcu Var,Doğrulanacak,Yıllık,Turnuva,Kanal/Yayın,İzleme,Etkinlik,Jenerik,Türkçe,Long-tail,kanal,,,,,,,hayir,,,,,,,,,,,,,,,,,,,,,,,,,,,,,,,,hayır
buz hokeyi şampiyonası puan durumu,Dünya Buz Hokeyi Şampiyonası,Buz Hokeyi,Dünya Turnuvası,Milli,Orta,Erkek,Milli Takım,Takım Sporu,Global,Uluslararası,Türk Sporcu Var,Doğrulanacak,Yıllık,Turnuva,Puan Durumu,Bilgi,Etkinlik,Jenerik,Türkçe,Long-tail,pd,,,,,,,hayir,,,,,,,,,,,,,,,,,,,,,,,,,,,,,,,,hayır
buz hokeyi şampiyonası fikstür,Dünya Buz Hokeyi Şampiyonası,Buz Hokeyi,Dünya Turnuvası,Milli,Orta,Erkek,Milli Takım,Takım Sporu,Global,Uluslararası,Türk Sporcu Var,Doğrulanacak,Yıllık,Turnuva,Fikstür,Bilgi,Etkinlik,Jenerik,Türkçe,Body,fik,,,,,,,hayir,,,,,,,,,,,,,,,,,,,,,,,,,,,,,,,,hayır
basketbol dünya kupası,Dünya Basketbol Kupası,Basketbol,Dünya Turnuvası,Milli,Orta,Erkek,Milli Takım,Takım Sporu,Global,Uluslararası,Türk Sporcu Var,Doğrulanacak,4 Yılda Bir,Turnuva,Jenerik,Bilgi,Etkinlik,Jenerik,Türkçe,Body,jen,6600,LOW,2,0.21,0.06,0.35,evet,33100,8100,1300,880,2400,2400,390,880,2900,480,27100,1900,480,880,1000,260,320,390,260,210,170,170,170,1000,2400,1000,720,390,390,480,480,hayır
basketbol dünya kupası ne zaman,Dünya Basketbol Kupası,Basketbol,Dünya Turnuvası,Milli,Orta,Erkek,Milli Takım,Takım Sporu,Global,Uluslararası,Türk Sporcu Var,Doğrulanacak,4 Yılda Bir,Turnuva,Takvim/Saat,Bilgi,Etkinlik,Jenerik,Türkçe,Long-tail,nezaman,880,LOW,2,0.25,0.11,0.45,evet,3600,1600,320,210,480,480,70,70,320,70,3600,140,40,90,90,10,30,70,30,10,20,20,10,90,390,170,50,40,20,20,30,hayır
basketbol dünya kupası takvim,Dünya Basketbol Kupası,Basketbol,Dünya Turnuvası,Milli,Orta,Erkek,Milli Takım,Takım Sporu,Global,Uluslararası,Türk Sporcu Var,Doğrulanacak,4 Yılda Bir,Turnuva,Takvim/Saat,Bilgi,Etkinlik,Jenerik,Türkçe,Body,takvim,,,,,,,hayir,,,,,,,,,,,,,,,,,,,,,,,,,,,,,,,,hayır
basketbol dünya kupası canlı izle,Dünya Basketbol Kupası,Basketbol,Dünya Turnuvası,Milli,Orta,Erkek,Milli Takım,Takım Sporu,Global,Uluslararası,Türk Sporcu Var,Doğrulanacak,4 Yılda Bir,Turnuva,Canlı İzle,İzleme,Etkinlik,Jenerik,Türkçe,Long-tail,izle,10,LOW,5,0.15,,,evet,20,0,0,0,0,0,0,0,10,0,10,0,0,0,0,0,0,0,0,0,0,0,0,10,10,10,0,0,0,0,0,hayır
basketbol dünya kupası hangi kanalda,Dünya Basketbol Kupası,Basketbol,Dünya Turnuvası,Milli,Orta,Erkek,Milli Takım,Takım Sporu,Global,Uluslararası,Türk Sporcu Var,Doğrulanacak,4 Yılda Bir,Turnuva,Kanal/Yayın,İzleme,Etkinlik,Jenerik,Türkçe,Long-tail,kanal,20,LOW,1,,,,evet,90,10,0,0,10,10,0,0,10,0,70,10,10,10,0,0,0,10,10,0,0,0,0,10,40,10,10,10,20,20,20,hayır
basketbol dünya kupası puan durumu,Dünya Basketbol Kupası,Basketbol,Dünya Turnuvası,Milli,Orta,Erkek,Milli Takım,Takım Sporu,Global,Uluslararası,Türk Sporcu Var,Doğrulanacak,4 Yılda Bir,Turnuva,Puan Durumu,Bilgi,Etkinlik,Jenerik,Türkçe,Long-tail,pd,110,LOW,1,0.06,,,evet,720,50,10,10,110,110,10,30,140,10,140,20,10,10,10,20,10,10,10,10,10,0,10,10,10,10,10,10,10,10,10,hayır
basketbol dünya kupası fikstür,Dünya Basketbol Kupası,Basketbol,Dünya Turnuvası,Milli,Orta,Erkek,Milli Takım,Takım Sporu,Global,Uluslararası,Türk Sporcu Var,Doğrulanacak,4 Yılda Bir,Turnuva,Fikstür,Bilgi,Etkinlik,Jenerik,Türkçe,Body,fik,50,LOW,3,0.01,0.03,0.29,evet,260,20,10,10,40,30,0,10,40,10,260,30,0,10,0,0,10,10,0,0,0,0,10,10,10,10,10,0,0,10,10,hayır
kadınlar eurobasket,Kadınlar EuroBasket,Basketbol,Dünya Turnuvası,Milli,Orta,Kadın,Milli Takım,Takım Sporu,Global,Uluslararası,Türk Sporcu Var,Doğrulanacak,2 Yılda Bir,Turnuva,Jenerik,Bilgi,Etkinlik,Jenerik,Türkçe,Head,jen,170,LOW,1,,,,evet,10,10,10,20,40,10,10,20,40,140,1900,30,70,3600,40,10,10,50,10,0,10,10,0,10,10,10,10,10,10,10,10,hayır
kadınlar eurobasket ne zaman,Kadınlar EuroBasket,Basketbol,Dünya Turnuvası,Milli,Orta,Kadın,Milli Takım,Takım Sporu,Global,Uluslararası,Türk Sporcu Var,Doğrulanacak,2 Yılda Bir,Turnuva,Takvim/Saat,Bilgi,Etkinlik,Jenerik,Türkçe,Body,nezaman,,,,,,,hayir,,,,,,,,,,,,,,,,,,,,,,,,,,,,,,,,hayır
kadınlar eurobasket takvim,Kadınlar EuroBasket,Basketbol,Dünya Turnuvası,Milli,Orta,Kadın,Milli Takım,Takım Sporu,Global,Uluslararası,Türk Sporcu Var,Doğrulanacak,2 Yılda Bir,Turnuva,Takvim/Saat,Bilgi,Etkinlik,Jenerik,Türkçe,Body,takvim,,,,,,,hayir,,,,,,,,,,,,,,,,,,,,,,,,,,,,,,,,hayır
kadınlar eurobasket canlı izle,Kadınlar EuroBasket,Basketbol,Dünya Turnuvası,Milli,Orta,Kadın,Milli Takım,Takım Sporu,Global,Uluslararası,Türk Sporcu Var,Doğrulanacak,2 Yılda Bir,Turnuva,Canlı İzle,İzleme,Etkinlik,Jenerik,Türkçe,Body,izle,,,,,,,hayir,,,,,,,,,,,,,,,,,,,,,,,,,,,,,,,,hayır
kadınlar eurobasket hangi kanalda,Kadınlar EuroBasket,Basketbol,Dünya Turnuvası,Milli,Orta,Kadın,Milli Takım,Takım Sporu,Global,Uluslararası,Türk Sporcu Var,Doğrulanacak,2 Yılda Bir,Turnuva,Kanal/Yayın,İzleme,Etkinlik,Jenerik,Türkçe,Body,kanal,,,,,,,hayir,,,,,,,,,,,,,,,,,,,,,,,,,,,,,,,,hayır
kadınlar eurobasket puan durumu,Kadınlar EuroBasket,Basketbol,Dünya Turnuvası,Milli,Orta,Kadın,Milli Takım,Takım Sporu,Global,Uluslararası,Türk Sporcu Var,Doğrulanacak,2 Yılda Bir,Turnuva,Puan Durumu,Bilgi,Etkinlik,Jenerik,Türkçe,Body,pd,,,,,,,hayir,,,,,,,,,,,,,,,,,,,,,,,,,,,,,,,,hayır
kadınlar eurobasket fikstür,Kadınlar EuroBasket,Basketbol,Dünya Turnuvası,Milli,Orta,Kadın,Milli Takım,Takım Sporu,Global,Uluslararası,Türk Sporcu Var,Doğrulanacak,2 Yılda Bir,Turnuva,Fikstür,Bilgi,Etkinlik,Jenerik,Türkçe,Body,fik,,,,,,,hayir,,,,,,,,,,,,,,,,,,,,,,,,,,,,,,,,hayır
kadın basketbol avrupa şampiyonası,Kadınlar EuroBasket,Basketbol,Dünya Turnuvası,Milli,Orta,Kadın,Milli Takım,Takım Sporu,Global,Uluslararası,Türk Sporcu Var,Doğrulanacak,2 Yılda Bir,Turnuva,Jenerik,Bilgi,Etkinlik,Jenerik,Türkçe,Body,jen,110,LOW,1,,,,evet,40,20,40,260,90,70,40,30,40,50,480,110,210,6600,110,140,70,140,40,20,70,40,10,10,40,50,40,90,50,40,40,hayır
kadın basketbol avrupa şampiyonası ne zaman,Kadınlar EuroBasket,Basketbol,Dünya Turnuvası,Milli,Orta,Kadın,Milli Takım,Takım Sporu,Global,Uluslararası,Türk Sporcu Var,Doğrulanacak,2 Yılda Bir,Turnuva,Takvim/Saat,Bilgi,Etkinlik,Jenerik,Türkçe,Long-tail,nezaman,,,,,,,hayir,,,,,,,,,,,,,,,,,,,,,,,,,,,,,,,,hayır
kadın basketbol avrupa şampiyonası takvim,Kadınlar EuroBasket,Basketbol,Dünya Turnuvası,Milli,Orta,Kadın,Milli Takım,Takım Sporu,Global,Uluslararası,Türk Sporcu Var,Doğrulanacak,2 Yılda Bir,Turnuva,Takvim/Saat,Bilgi,Etkinlik,Jenerik,Türkçe,Long-tail,takvim,,,,,,,hayir,,,,,,,,,,,,,,,,,,,,,,,,,,,,,,,,hayır
kadın basketbol avrupa şampiyonası canlı izle,Kadınlar EuroBasket,Basketbol,Dünya Turnuvası,Milli,Orta,Kadın,Milli Takım,Takım Sporu,Global,Uluslararası,Türk Sporcu Var,Doğrulanacak,2 Yılda Bir,Turnuva,Canlı İzle,İzleme,Etkinlik,Jenerik,Türkçe,Long-tail,izle,,,,,,,hayir,,,,,,,,,,,,,,,,,,,,,,,,,,,,,,,,hayır
kadın basketbol avrupa şampiyonası hangi kanalda,Kadınlar EuroBasket,Basketbol,Dünya Turnuvası,Milli,Orta,Kadın,Milli Takım,Takım Sporu,Global,Uluslararası,Türk Sporcu Var,Doğrulanacak,2 Yılda Bir,Turnuva,Kanal/Yayın,İzleme,Etkinlik,Jenerik,Türkçe,Long-tail,kanal,,,,,,,hayir,,,,,,,,,,,,,,,,,,,,,,,,,,,,,,,,hayır
kadın basketbol avrupa şampiyonası puan durumu,Kadınlar EuroBasket,Basketbol,Dünya Turnuvası,Milli,Orta,Kadın,Milli Takım,Takım Sporu,Global,Uluslararası,Türk Sporcu Var,Doğrulanacak,2 Yılda Bir,Turnuva,Puan Durumu,Bilgi,Etkinlik,Jenerik,Türkçe,Long-tail,pd,,,,,,,hayir,,,,,,,,,,,,,,,,,,,,,,,,,,,,,,,,hayır
kadın basketbol avrupa şampiyonası fikstür,Kadınlar EuroBasket,Basketbol,Dünya Turnuvası,Milli,Orta,Kadın,Milli Takım,Takım Sporu,Global,Uluslararası,Türk Sporcu Var,Doğrulanacak,2 Yılda Bir,Turnuva,Fikstür,Bilgi,Etkinlik,Jenerik,Türkçe,Long-tail,fik,,,,,,,hayir,,,,,,,,,,,,,,,,,,,,,,,,,,,,,,,,hayır
kadınlar uluslar ligi,Kadınlar Voleybol Uluslar Ligi,Voleybol,Dünya Turnuvası,Milli,Orta,Kadın,Milli Takım,Takım Sporu,Global,Uluslararası,Türk Sporcu Var,Doğrulanacak,Yıllık,Turnuva,Jenerik,Bilgi,Etkinlik,Jenerik,Türkçe,Body,jen,70,LOW,1,0.45,,,evet,210,140,10,10,10,10,10,30,30,140,70,70,1000,1600,140,170,30,210,10,10,20,10,10,20,50,210,140,10,10,20,10,hayır
kadınlar uluslar ligi ne zaman,Kadınlar Voleybol Uluslar Ligi,Voleybol,Dünya Turnuvası,Milli,Orta,Kadın,Milli Takım,Takım Sporu,Global,Uluslararası,Türk Sporcu Var,Doğrulanacak,Yıllık,Turnuva,Takvim/Saat,Bilgi,Etkinlik,Jenerik,Türkçe,Long-tail,nezaman,,,,,,,hayir,,,,,,,,,,,,,,,,,,,,,,,,,,,,,,,,hayır
kadınlar uluslar ligi takvim,Kadınlar Voleybol Uluslar Ligi,Voleybol,Dünya Turnuvası,Milli,Orta,Kadın,Milli Takım,Takım Sporu,Global,Uluslararası,Türk Sporcu Var,Doğrulanacak,Yıllık,Turnuva,Takvim/Saat,Bilgi,Etkinlik,Jenerik,Türkçe,Body,takvim,,,,,,,hayir,,,,,,,,,,,,,,,,,,,,,,,,,,,,,,,,hayır
kadınlar uluslar ligi canlı izle,Kadınlar Voleybol Uluslar Ligi,Voleybol,Dünya Turnuvası,Milli,Orta,Kadın,Milli Takım,Takım Sporu,Global,Uluslararası,Türk Sporcu Var,Doğrulanacak,Yıllık,Turnuva,Canlı İzle,İzleme,Etkinlik,Jenerik,Türkçe,Long-tail,izle,,,,,,,hayir,,,,,,,,,,,,,,,,,,,,,,,,,,,,,,,,hayır
kadınlar uluslar ligi hangi kanalda,Kadınlar Voleybol Uluslar Ligi,Voleybol,Dünya Turnuvası,Milli,Orta,Kadın,Milli Takım,Takım Sporu,Global,Uluslararası,Türk Sporcu Var,Doğrulanacak,Yıllık,Turnuva,Kanal/Yayın,İzleme,Etkinlik,Jenerik,Türkçe,Long-tail,kanal,,,,,,,hayir,,,,,,,,,,,,,,,,,,,,,,,,,,,,,,,,hayır
kadınlar uluslar ligi puan durumu,Kadınlar Voleybol Uluslar Ligi,Voleybol,Dünya Turnuvası,Milli,Orta,Kadın,Milli Takım,Takım Sporu,Global,Uluslararası,Türk Sporcu Var,Doğrulanacak,Yıllık,Turnuva,Puan Durumu,Bilgi,Etkinlik,Jenerik,Türkçe,Long-tail,pd,10,LOW,0,,,,evet,30,30,10,10,0,10,10,10,10,20,10,10,40,140,40,110,0,0,0,0,0,0,0,0,0,0,0,0,0,0,0,hayır
kadınlar uluslar ligi fikstür,Kadınlar Voleybol Uluslar Ligi,Voleybol,Dünya Turnuvası,Milli,Orta,Kadın,Milli Takım,Takım Sporu,Global,Uluslararası,Türk Sporcu Var,Doğrulanacak,Yıllık,Turnuva,Fikstür,Bilgi,Etkinlik,Jenerik,Türkçe,Body,fik,,,,,,,hayir,,,,,,,,,,,,,,,,,,,,,,,,,,,,,,,,hayır
vnl kadınlar,Kadınlar Voleybol Uluslar Ligi,Voleybol,Dünya Turnuvası,Milli,Orta,Kadın,Milli Takım,Takım Sporu,Global,Uluslararası,Türk Sporcu Var,Doğrulanacak,Yıllık,Turnuva,Jenerik,Bilgi,Etkinlik,Jenerik,Türkçe,Head,jen,8100,LOW,1,0.48,0.24,20,evet,74000,27100,260,50,30,20,20,20,20,40,390,590,27100,8100,140,30,10,20,10,20,20,20,10,170,260,18100,3600,70,20,20,10,hayır
vnl kadınlar ne zaman,Kadınlar Voleybol Uluslar Ligi,Voleybol,Dünya Turnuvası,Milli,Orta,Kadın,Milli Takım,Takım Sporu,Global,Uluslararası,Türk Sporcu Var,Doğrulanacak,Yıllık,Turnuva,Takvim/Saat,Bilgi,Etkinlik,Jenerik,Türkçe,Body,nezaman,30,LOW,2,0.01,,,evet,140,170,30,10,10,0,10,0,10,0,10,10,90,70,50,0,0,0,0,0,0,0,0,0,0,0,0,0,0,0,0,hayır
vnl kadınlar takvim,Kadınlar Voleybol Uluslar Ligi,Voleybol,Dünya Turnuvası,Milli,Orta,Kadın,Milli Takım,Takım Sporu,Global,Uluslararası,Türk Sporcu Var,Doğrulanacak,Yıllık,Turnuva,Takvim/Saat,Bilgi,Etkinlik,Jenerik,Türkçe,Body,takvim,10,LOW,2,0.01,,,evet,70,40,10,0,0,10,0,0,0,0,0,0,40,70,0,0,0,0,0,0,0,0,0,0,0,0,0,0,0,0,0,hayır
vnl kadınlar canlı izle,Kadınlar Voleybol Uluslar Ligi,Voleybol,Dünya Turnuvası,Milli,Orta,Kadın,Milli Takım,Takım Sporu,Global,Uluslararası,Türk Sporcu Var,Doğrulanacak,Yıllık,Turnuva,Canlı İzle,İzleme,Etkinlik,Jenerik,Türkçe,Body,izle,20,LOW,4,0.4,,,evet,210,50,0,0,0,0,0,0,0,0,0,0,70,0,0,0,0,0,0,0,0,0,0,0,0,0,0,0,0,0,0,hayır
vnl kadınlar hangi kanalda,Kadınlar Voleybol Uluslar Ligi,Voleybol,Dünya Turnuvası,Milli,Orta,Kadın,Milli Takım,Takım Sporu,Global,Uluslararası,Türk Sporcu Var,Doğrulanacak,Yıllık,Turnuva,Kanal/Yayın,İzleme,Etkinlik,Jenerik,Türkçe,Body,kanal,40,LOW,6,0.18,0.13,0.3,evet,210,260,20,0,0,0,0,0,0,0,0,10,140,50,0,0,0,0,0,0,0,0,0,0,0,0,0,0,0,0,0,hayır
vnl kadınlar puan durumu,Kadınlar Voleybol Uluslar Ligi,Voleybol,Dünya Turnuvası,Milli,Orta,Kadın,Milli Takım,Takım Sporu,Global,Uluslararası,Türk Sporcu Var,Doğrulanacak,Yıllık,Turnuva,Puan Durumu,Bilgi,Etkinlik,Jenerik,Türkçe,Body,pd,1600,LOW,0,0.41,0.32,20,evet,14800,3600,10,10,10,10,0,10,10,10,90,140,3600,1900,10,10,10,0,10,10,10,0,10,30,70,5400,1000,10,0,10,0,hayır
vnl kadınlar fikstür,Kadınlar Voleybol Uluslar Ligi,Voleybol,Dünya Turnuvası,Milli,Orta,Kadın,Milli Takım,Takım Sporu,Global,Uluslararası,Türk Sporcu Var,Doğrulanacak,Yıllık,Turnuva,Fikstür,Bilgi,Etkinlik,Jenerik,Türkçe,Body,fik,170,LOW,2,0.34,0.2,20,evet,1300,480,10,10,0,10,10,0,10,10,20,50,1300,880,20,10,0,0,10,10,10,0,10,10,20,1600,720,10,10,10,10,hayır
fivb kadınlar uluslar ligi,Kadınlar Voleybol Uluslar Ligi,Voleybol,Dünya Turnuvası,Milli,Orta,Kadın,Milli Takım,Takım Sporu,Global,Uluslararası,Türk Sporcu Var,Doğrulanacak,Yıllık,Turnuva,Jenerik,Bilgi,Etkinlik,Jenerik,Türkçe,Body,jen,,,,,,,hayir,,,,,,,,,,,,,,,,,,,,,,,,,,,,,,,,hayır
fivb kadınlar uluslar ligi ne zaman,Kadınlar Voleybol Uluslar Ligi,Voleybol,Dünya Turnuvası,Milli,Orta,Kadın,Milli Takım,Takım Sporu,Global,Uluslararası,Türk Sporcu Var,Doğrulanacak,Yıllık,Turnuva,Takvim/Saat,Bilgi,Etkinlik,Jenerik,Türkçe,Long-tail,nezaman,,,,,,,hayir,,,,,,,,,,,,,,,,,,,,,,,,,,,,,,,,hayır
fivb kadınlar uluslar ligi takvim,Kadınlar Voleybol Uluslar Ligi,Voleybol,Dünya Turnuvası,Milli,Orta,Kadın,Milli Takım,Takım Sporu,Global,Uluslararası,Türk Sporcu Var,Doğrulanacak,Yıllık,Turnuva,Takvim/Saat,Bilgi,Etkinlik,Jenerik,Türkçe,Long-tail,takvim,,,,,,,hayir,,,,,,,,,,,,,,,,,,,,,,,,,,,,,,,,hayır
fivb kadınlar uluslar ligi canlı izle,Kadınlar Voleybol Uluslar Ligi,Voleybol,Dünya Turnuvası,Milli,Orta,Kadın,Milli Takım,Takım Sporu,Global,Uluslararası,Türk Sporcu Var,Doğrulanacak,Yıllık,Turnuva,Canlı İzle,İzleme,Etkinlik,Jenerik,Türkçe,Long-tail,izle,,,,,,,hayir,,,,,,,,,,,,,,,,,,,,,,,,,,,,,,,,hayır
fivb kadınlar uluslar ligi hangi kanalda,Kadınlar Voleybol Uluslar Ligi,Voleybol,Dünya Turnuvası,Milli,Orta,Kadın,Milli Takım,Takım Sporu,Global,Uluslararası,Türk Sporcu Var,Doğrulanacak,Yıllık,Turnuva,Kanal/Yayın,İzleme,Etkinlik,Jenerik,Türkçe,Long-tail,kanal,,,,,,,hayir,,,,,,,,,,,,,,,,,,,,,,,,,,,,,,,,hayır
fivb kadınlar uluslar ligi puan durumu,Kadınlar Voleybol Uluslar Ligi,Voleybol,Dünya Turnuvası,Milli,Orta,Kadın,Milli Takım,Takım Sporu,Global,Uluslararası,Türk Sporcu Var,Doğrulanacak,Yıllık,Turnuva,Puan Durumu,Bilgi,Etkinlik,Jenerik,Türkçe,Long-tail,pd,,,,,,,hayir,,,,,,,,,,,,,,,,,,,,,,,,,,,,,,,,hayır
fivb kadınlar uluslar ligi fikstür,Kadınlar Voleybol Uluslar Ligi,Voleybol,Dünya Turnuvası,Milli,Orta,Kadın,Milli Takım,Takım Sporu,Global,Uluslararası,Türk Sporcu Var,Doğrulanacak,Yıllık,Turnuva,Fikstür,Bilgi,Etkinlik,Jenerik,Türkçe,Long-tail,fik,,,,,,,hayir,,,,,,,,,,,,,,,,,,,,,,,,,,,,,,,,hayır
vnl 2026,Kadınlar Voleybol Uluslar Ligi,Voleybol,Dünya Turnuvası,Milli,Orta,Kadın,Milli Takım,Takım Sporu,Global,Uluslararası,Türk Sporcu Var,Doğrulanacak,Yıllık,Turnuva,Jenerik,Bilgi,Etkinlik,Jenerik,İngilizce,Head,jen,14800,LOW,2,0.38,0.12,20,evet,90500,74000,9900,2900,1600,1900,1600,260,170,140,260,50,110,110,20,10,10,10,10,10,10,10,0,10,0,0,0,0,0,0,0,hayır
vnl 2026 ne zaman,Kadınlar Voleybol Uluslar Ligi,Voleybol,Dünya Turnuvası,Milli,Orta,Kadın,Milli Takım,Takım Sporu,Global,Uluslararası,Türk Sporcu Var,Doğrulanacak,Yıllık,Turnuva,Takvim/Saat,Bilgi,Etkinlik,Jenerik,İngilizce,Body,nezaman,140,LOW,1,,,,evet,90,210,880,170,50,30,50,10,10,10,40,0,0,0,0,0,0,0,0,0,0,0,0,0,0,0,0,0,0,0,0,hayır
vnl 2026 takvim,Kadınlar Voleybol Uluslar Ligi,Voleybol,Dünya Turnuvası,Milli,Orta,Kadın,Milli Takım,Takım Sporu,Global,Uluslararası,Türk Sporcu Var,Doğrulanacak,Yıllık,Turnuva,Takvim/Saat,Bilgi,Etkinlik,Jenerik,İngilizce,Body,takvim,40,LOW,1,0.37,,,evet,210,260,50,0,0,0,0,0,0,0,0,0,0,0,0,0,0,0,0,0,0,0,0,0,0,0,0,0,0,0,0,hayır
vnl 2026 canlı izle,Kadınlar Voleybol Uluslar Ligi,Voleybol,Dünya Turnuvası,Milli,Orta,Kadın,Milli Takım,Takım Sporu,Global,Uluslararası,Türk Sporcu Var,Doğrulanacak,Yıllık,Turnuva,Canlı İzle,İzleme,Etkinlik,Jenerik,Türkçe,Body,izle,40,LOW,5,1.82,0.1,1.52,evet,260,260,0,0,0,0,0,0,0,0,0,0,0,0,0,0,0,0,0,0,0,0,0,0,0,0,0,0,0,0,0,hayır
vnl 2026 hangi kanalda,Kadınlar Voleybol Uluslar Ligi,Voleybol,Dünya Turnuvası,Milli,Orta,Kadın,Milli Takım,Takım Sporu,Global,Uluslararası,Türk Sporcu Var,Doğrulanacak,Yıllık,Turnuva,Kanal/Yayın,İzleme,Etkinlik,Jenerik,İngilizce,Body,kanal,260,LOW,6,0.3,0.12,0.51,evet,320,1900,390,0,0,0,0,0,0,0,0,0,0,0,0,0,0,0,0,0,0,0,0,0,0,0,0,0,0,0,0,hayır
vnl 2026 puan durumu,Kadınlar Voleybol Uluslar Ligi,Voleybol,Dünya Turnuvası,Milli,Orta,Kadın,Milli Takım,Takım Sporu,Global,Uluslararası,Türk Sporcu Var,Doğrulanacak,Yıllık,Turnuva,Puan Durumu,Bilgi,Etkinlik,Jenerik,İngilizce,Body,pd,1600,LOW,0,1.18,1.71,10.2,evet,12100,8100,0,0,0,0,0,0,0,0,0,0,0,0,0,0,0,0,0,0,0,0,0,0,0,0,0,0,0,0,0,hayır
vnl 2026 fikstür,Kadınlar Voleybol Uluslar Ligi,Voleybol,Dünya Turnuvası,Milli,Orta,Kadın,Milli Takım,Takım Sporu,Global,Uluslararası,Türk Sporcu Var,Doğrulanacak,Yıllık,Turnuva,Fikstür,Bilgi,Etkinlik,Jenerik,Türkçe,Body,fik,390,LOW,1,0.19,0.01,0.38,evet,1900,1900,260,110,20,30,0,0,0,0,0,0,0,0,0,0,0,0,0,0,0,0,0,0,0,0,0,0,0,0,0,hayır
erkekler uluslar ligi,Erkekler Voleybol Uluslar Ligi,Voleybol,Dünya Turnuvası,Milli,Orta,Erkek,Milli Takım,Takım Sporu,Global,Uluslararası,Türk Sporcu Var,Doğrulanacak,Yıllık,Turnuva,Jenerik,Bilgi,Etkinlik,Jenerik,İngilizce,Body,jen,10,LOW,0,,,,evet,40,30,0,0,10,0,0,0,10,0,10,10,10,50,10,10,30,10,10,0,20,20,0,0,0,0,0,0,0,0,0,hayır
erkekler uluslar ligi ne zaman,Erkekler Voleybol Uluslar Ligi,Voleybol,Dünya Turnuvası,Milli,Orta,Erkek,Milli Takım,Takım Sporu,Global,Uluslararası,Türk Sporcu Var,Doğrulanacak,Yıllık,Turnuva,Takvim/Saat,Bilgi,Etkinlik,Jenerik,İngilizce,Long-tail,nezaman,,,,,,,hayir,,,,,,,,,,,,,,,,,,,,,,,,,,,,,,,,hayır
erkekler uluslar ligi takvim,Erkekler Voleybol Uluslar Ligi,Voleybol,Dünya Turnuvası,Milli,Orta,Erkek,Milli Takım,Takım Sporu,Global,Uluslararası,Türk Sporcu Var,Doğrulanacak,Yıllık,Turnuva,Takvim/Saat,Bilgi,Etkinlik,Jenerik,İngilizce,Body,takvim,,,,,,,hayir,,,,,,,,,,,,,,,,,,,,,,,,,,,,,,,,hayır
erkekler uluslar ligi canlı izle,Erkekler Voleybol Uluslar Ligi,Voleybol,Dünya Turnuvası,Milli,Orta,Erkek,Milli Takım,Takım Sporu,Global,Uluslararası,Türk Sporcu Var,Doğrulanacak,Yıllık,Turnuva,Canlı İzle,İzleme,Etkinlik,Jenerik,Türkçe,Long-tail,izle,,,,,,,hayir,,,,,,,,,,,,,,,,,,,,,,,,,,,,,,,,hayır
erkekler uluslar ligi hangi kanalda,Erkekler Voleybol Uluslar Ligi,Voleybol,Dünya Turnuvası,Milli,Orta,Erkek,Milli Takım,Takım Sporu,Global,Uluslararası,Türk Sporcu Var,Doğrulanacak,Yıllık,Turnuva,Kanal/Yayın,İzleme,Etkinlik,Jenerik,İngilizce,Long-tail,kanal,,,,,,,hayir,,,,,,,,,,,,,,,,,,,,,,,,,,,,,,,,hayır
erkekler uluslar ligi puan durumu,Erkekler Voleybol Uluslar Ligi,Voleybol,Dünya Turnuvası,Milli,Orta,Erkek,Milli Takım,Takım Sporu,Global,Uluslararası,Türk Sporcu Var,Doğrulanacak,Yıllık,Turnuva,Puan Durumu,Bilgi,Etkinlik,Jenerik,İngilizce,Long-tail,pd,10,LOW,1,,,,evet,30,40,0,0,10,10,0,0,10,10,0,10,20,50,10,10,90,10,0,10,210,20,0,0,0,0,0,0,0,0,0,hayır
erkekler uluslar ligi fikstür,Erkekler Voleybol Uluslar Ligi,Voleybol,Dünya Turnuvası,Milli,Orta,Erkek,Milli Takım,Takım Sporu,Global,Uluslararası,Türk Sporcu Var,Doğrulanacak,Yıllık,Turnuva,Fikstür,Bilgi,Etkinlik,Jenerik,Türkçe,Body,fik,,,,,,,hayir,,,,,,,,,,,,,,,,,,,,,,,,,,,,,,,,hayır
vnl erkekler,Erkekler Voleybol Uluslar Ligi,Voleybol,Dünya Turnuvası,Milli,Orta,Erkek,Milli Takım,Takım Sporu,Global,Uluslararası,Türk Sporcu Var,Doğrulanacak,Yıllık,Turnuva,Jenerik,Bilgi,Etkinlik,Jenerik,İngilizce,Head,jen,14800,LOW,2,0.27,0.15,0.6,evet,110000,60500,140,20,10,20,10,30,10,30,720,2900,27100,12100,40,30,10,10,10,10,10,30,40,210,480,18100,5400,40,20,10,10,hayır
vnl erkekler ne zaman,Erkekler Voleybol Uluslar Ligi,Voleybol,Dünya Turnuvası,Milli,Orta,Erkek,Milli Takım,Takım Sporu,Global,Uluslararası,Türk Sporcu Var,Doğrulanacak,Yıllık,Turnuva,Takvim/Saat,Bilgi,Etkinlik,Jenerik,İngilizce,Body,nezaman,10,LOW,1,,,,evet,50,0,0,0,0,0,0,0,0,0,0,0,0,0,0,0,0,0,0,0,0,0,0,0,0,0,0,0,0,0,0,hayır
vnl erkekler takvim,Erkekler Voleybol Uluslar Ligi,Voleybol,Dünya Turnuvası,Milli,Orta,Erkek,Milli Takım,Takım Sporu,Global,Uluslararası,Türk Sporcu Var,Doğrulanacak,Yıllık,Turnuva,Takvim/Saat,Bilgi,Etkinlik,Jenerik,İngilizce,Body,takvim,10,LOW,1,,,,evet,40,40,10,0,0,0,0,0,0,0,0,10,20,0,0,0,0,0,0,0,0,0,0,0,0,0,0,0,0,0,0,hayır
vnl erkekler canlı izle,Erkekler Voleybol Uluslar Ligi,Voleybol,Dünya Turnuvası,Milli,Orta,Erkek,Milli Takım,Takım Sporu,Global,Uluslararası,Türk Sporcu Var,Doğrulanacak,Yıllık,Turnuva,Canlı İzle,İzleme,Etkinlik,Jenerik,Türkçe,Body,izle,10,LOW,6,0.12,,,evet,110,50,0,0,0,0,0,0,0,0,0,0,0,0,0,0,0,0,0,0,0,0,0,0,0,0,0,0,0,0,0,hayır
vnl erkekler hangi kanalda,Erkekler Voleybol Uluslar Ligi,Voleybol,Dünya Turnuvası,Milli,Orta,Erkek,Milli Takım,Takım Sporu,Global,Uluslararası,Türk Sporcu Var,Doğrulanacak,Yıllık,Turnuva,Kanal/Yayın,İzleme,Etkinlik,Jenerik,İngilizce,Body,kanal,40,LOW,8,0.64,0.14,0.53,evet,170,260,10,0,0,0,0,0,0,0,0,10,70,50,10,0,0,0,0,0,0,0,0,0,10,0,0,0,0,0,0,hayır
vnl erkekler puan durumu,Erkekler Voleybol Uluslar Ligi,Voleybol,Dünya Turnuvası,Milli,Orta,Erkek,Milli Takım,Takım Sporu,Global,Uluslararası,Türk Sporcu Var,Doğrulanacak,Yıllık,Turnuva,Puan Durumu,Bilgi,Etkinlik,Jenerik,İngilizce,Body,pd,3600,LOW,1,0.29,0.14,0.39,evet,27100,14800,10,10,10,10,10,10,10,10,210,320,6600,1900,10,0,0,0,10,10,10,0,10,30,90,6600,1600,10,0,10,0,hayır
vnl erkekler fikstür,Erkekler Voleybol Uluslar Ligi,Voleybol,Dünya Turnuvası,Milli,Orta,Erkek,Milli Takım,Takım Sporu,Global,Uluslararası,Türk Sporcu Var,Doğrulanacak,Yıllık,Turnuva,Fikstür,Bilgi,Etkinlik,Jenerik,Türkçe,Body,fik,110,LOW,3,,,,evet,880,480,10,0,10,0,0,0,10,10,20,70,720,590,10,10,0,10,0,10,10,10,0,10,10,1300,390,10,10,10,0,hayır
kadınlar voleybol dünya şampiyonası,Kadınlar Voleybol Dünya Şampiyonası,Voleybol,Dünya Turnuvası,Milli,Orta,Kadın,Milli Takım,Takım Sporu,Global,Uluslararası,Türk Sporcu Var,Doğrulanacak,4 Yılda Bir,Turnuva,Jenerik,Bilgi,Etkinlik,Jenerik,Türkçe,Body,jen,9900,LOW,1,0.45,0.25,20,evet,1300,590,170,140,70,90,110,110,320,320,74000,33100,1000,720,70,50,50,30,30,50,20,30,30,480,110,390,320,70,90,50,50,hayır
kadınlar voleybol dünya şampiyonası ne zaman,Kadınlar Voleybol Dünya Şampiyonası,Voleybol,Dünya Turnuvası,Milli,Orta,Kadın,Milli Takım,Takım Sporu,Global,Uluslararası,Türk Sporcu Var,Doğrulanacak,4 Yılda Bir,Turnuva,Takvim/Saat,Bilgi,Etkinlik,Jenerik,Türkçe,Long-tail,nezaman,320,LOW,1,0.69,,,evet,260,90,50,20,10,10,10,10,10,30,1000,1900,1300,320,50,30,20,10,10,40,20,10,10,110,20,50,40,10,10,10,10,hayır
kadınlar voleybol dünya şampiyonası takvim,Kadınlar Voleybol Dünya Şampiyonası,Voleybol,Dünya Turnuvası,Milli,Orta,Kadın,Milli Takım,Takım Sporu,Global,Uluslararası,Türk Sporcu Var,Doğrulanacak,4 Yılda Bir,Turnuva,Takvim/Saat,Bilgi,Etkinlik,Jenerik,Türkçe,Long-tail,takvim,,,,,,,hayir,,,,,,,,,,,,,,,,,,,,,,,,,,,,,,,,hayır
kadınlar voleybol dünya şampiyonası canlı izle,Kadınlar Voleybol Dünya Şampiyonası,Voleybol,Dünya Turnuvası,Milli,Orta,Kadın,Milli Takım,Takım Sporu,Global,Uluslararası,Türk Sporcu Var,Doğrulanacak,4 Yılda Bir,Turnuva,Canlı İzle,İzleme,Etkinlik,Jenerik,Türkçe,Long-tail,izle,10,LOW,4,,,,evet,10,10,0,0,0,0,0,0,0,0,140,20,0,0,0,0,0,0,0,0,0,0,0,0,0,0,0,0,0,0,0,hayır
kadınlar voleybol dünya şampiyonası hangi kanalda,Kadınlar Voleybol Dünya Şampiyonası,Voleybol,Dünya Turnuvası,Milli,Orta,Kadın,Milli Takım,Takım Sporu,Global,Uluslararası,Türk Sporcu Var,Doğrulanacak,4 Yılda Bir,Turnuva,Kanal/Yayın,İzleme,Etkinlik,Jenerik,Türkçe,Long-tail,kanal,210,LOW,4,,,,evet,20,0,10,0,10,0,0,10,10,10,1300,880,10,10,0,0,10,0,0,10,0,0,0,0,0,10,10,0,0,0,0,hayır
kadınlar voleybol dünya şampiyonası puan durumu,Kadınlar Voleybol Dünya Şampiyonası,Voleybol,Dünya Turnuvası,Milli,Orta,Kadın,Milli Takım,Takım Sporu,Global,Uluslararası,Türk Sporcu Var,Doğrulanacak,4 Yılda Bir,Turnuva,Puan Durumu,Bilgi,Etkinlik,Jenerik,Türkçe,Long-tail,pd,2900,LOW,0,0.44,,,evet,590,260,20,20,70,50,70,90,210,170,18100,14800,880,880,40,20,30,10,30,70,20,20,10,260,70,590,210,20,10,20,10,hayır
kadınlar voleybol dünya şampiyonası fikstür,Kadınlar Voleybol Dünya Şampiyonası,Voleybol,Dünya Turnuvası,Milli,Orta,Kadın,Milli Takım,Takım Sporu,Global,Uluslararası,Türk Sporcu Var,Doğrulanacak,4 Yılda Bir,Turnuva,Fikstür,Bilgi,Etkinlik,Jenerik,Türkçe,Long-tail,fik,390,LOW,1,,,,evet,30,10,10,10,10,10,10,10,30,20,2400,2400,50,10,10,0,0,10,0,0,0,0,0,0,10,30,10,10,0,10,10,hayır
kadınlar voleybol avrupa şampiyonası,Kadınlar Voleybol Avrupa Şampiyonası,Voleybol,Dünya Turnuvası,Milli,Orta,Kadın,Milli Takım,Takım Sporu,Global,Uluslararası,Türk Sporcu Var,Doğrulanacak,2 Yılda Bir,Turnuva,Jenerik,Bilgi,Etkinlik,Jenerik,Türkçe,Body,jen,590,LOW,5,0.08,0.02,0.22,evet,3600,720,320,260,170,110,170,70,140,140,880,320,210,260,170,90,140,140,90,30,110,70,30,480,170,390,320,170,140,70,70,hayır
kadınlar voleybol avrupa şampiyonası ne zaman,Kadınlar Voleybol Avrupa Şampiyonası,Voleybol,Dünya Turnuvası,Milli,Orta,Kadın,Milli Takım,Takım Sporu,Global,Uluslararası,Türk Sporcu Var,Doğrulanacak,2 Yılda Bir,Turnuva,Takvim/Saat,Bilgi,Etkinlik,Jenerik,Türkçe,Long-tail,nezaman,70,LOW,2,0.02,0.01,0.08,evet,590,50,10,20,10,10,10,10,10,20,70,30,30,20,10,10,10,10,10,10,10,10,10,40,10,30,10,10,10,0,10,hayır
kadınlar voleybol avrupa şampiyonası takvim,Kadınlar Voleybol Avrupa Şampiyonası,Voleybol,Dünya Turnuvası,Milli,Orta,Kadın,Milli Takım,Takım Sporu,Global,Uluslararası,Türk Sporcu Var,Doğrulanacak,2 Yılda Bir,Turnuva,Takvim/Saat,Bilgi,Etkinlik,Jenerik,Türkçe,Long-tail,takvim,,,,,,,hayir,,,,,,,,,,,,,,,,,,,,,,,,,,,,,,,,hayır
kadınlar voleybol avrupa şampiyonası canlı izle,Kadınlar Voleybol Avrupa Şampiyonası,Voleybol,Dünya Turnuvası,Milli,Orta,Kadın,Milli Takım,Takım Sporu,Global,Uluslararası,Türk Sporcu Var,Doğrulanacak,2 Yılda Bir,Turnuva,Canlı İzle,İzleme,Etkinlik,Jenerik,Türkçe,Long-tail,izle,10,LOW,6,,,,evet,10,10,0,0,10,0,10,0,10,0,10,10,10,10,10,0,10,0,0,10,10,10,0,30,10,40,70,10,10,10,10,hayır
kadınlar voleybol avrupa şampiyonası hangi kanalda,Kadınlar Voleybol Avrupa Şampiyonası,Voleybol,Dünya Turnuvası,Milli,Orta,Kadın,Milli Takım,Takım Sporu,Global,Uluslararası,Türk Sporcu Var,Doğrulanacak,2 Yılda Bir,Turnuva,Kanal/Yayın,İzleme,Etkinlik,Jenerik,Türkçe,Long-tail,kanal,10,LOW,0,,,,evet,10,10,10,0,0,0,0,0,0,0,0,10,0,0,10,0,0,0,10,10,0,0,0,10,0,0,10,0,0,10,10,hayır
kadınlar voleybol avrupa şampiyonası puan durumu,Kadınlar Voleybol Avrupa Şampiyonası,Voleybol,Dünya Turnuvası,Milli,Orta,Kadın,Milli Takım,Takım Sporu,Global,Uluslararası,Türk Sporcu Var,Doğrulanacak,2 Yılda Bir,Turnuva,Puan Durumu,Bilgi,Etkinlik,Jenerik,Türkçe,Long-tail,pd,,,,,,,hayir,,,,,,,,,,,,,,,,,,,,,,,,,,,,,,,,hayır
kadınlar voleybol avrupa şampiyonası fikstür,Kadınlar Voleybol Avrupa Şampiyonası,Voleybol,Dünya Turnuvası,Milli,Orta,Kadın,Milli Takım,Takım Sporu,Global,Uluslararası,Türk Sporcu Var,Doğrulanacak,2 Yılda Bir,Turnuva,Fikstür,Bilgi,Etkinlik,Jenerik,Türkçe,Long-tail,fik,10,LOW,4,,,,evet,10,0,0,10,30,30,10,10,0,10,0,10,0,10,0,10,0,0,10,0,10,0,0,10,0,10,10,0,0,0,10,hayır
dünya kupası elemeleri,Dünya Kupası Elemeleri,Futbol,Dünya Turnuvası,Milli,Orta,Erkek,Milli Takım,Takım Sporu,Global,Uluslararası,Türk Sporcu Var,Doğrulanacak,4 Yılda Bir,Turnuva,Jenerik,Bilgi,Etkinlik,Jenerik,Türkçe,Body,jen,368000,LOW,7,0.09,0.02,0.14,evet,60500,90500,18100,110000,1500000,40500,22200,40500,1000000,1000000,823000,27100,18100,201000,22200,12100,165000,6600,6600,22200,27100,27100,18100,4400,60500,27100,1600,1000,4400,1900,2400,hayır
dünya kupası elemeleri ne zaman,Dünya Kupası Elemeleri,Futbol,Dünya Turnuvası,Milli,Orta,Erkek,Milli Takım,Takım Sporu,Global,Uluslararası,Türk Sporcu Var,Doğrulanacak,4 Yılda Bir,Turnuva,Takvim/Saat,Bilgi,Etkinlik,Jenerik,Türkçe,Long-tail,nezaman,480,LOW,7,0.04,,,evet,50,320,210,170,1300,480,260,260,720,320,590,880,720,3600,1900,720,5400,590,590,1900,4400,4400,2400,880,8100,1300,110,50,170,70,50,hayır
dünya kupası elemeleri takvim,Dünya Kupası Elemeleri,Futbol,Dünya Turnuvası,Milli,Orta,Erkek,Milli Takım,Takım Sporu,Global,Uluslararası,Türk Sporcu Var,Doğrulanacak,4 Yılda Bir,Turnuva,Takvim/Saat,Bilgi,Etkinlik,Jenerik,Türkçe,Body,takvim,,,,,,,hayir,,,,,,,,,,,,,,,,,,,,,,,,,,,,,,,,hayır
dünya kupası elemeleri canlı izle,Dünya Kupası Elemeleri,Futbol,Dünya Turnuvası,Milli,Orta,Erkek,Milli Takım,Takım Sporu,Global,Uluslararası,Türk Sporcu Var,Doğrulanacak,4 Yılda Bir,Turnuva,Canlı İzle,İzleme,Etkinlik,Jenerik,Türkçe,Long-tail,izle,20,LOW,3,,,,evet,20,50,0,0,50,10,0,0,40,50,40,0,0,40,10,0,30,0,0,10,10,10,10,0,10,10,0,0,10,0,0,hayır
dünya kupası elemeleri hangi kanalda,Dünya Kupası Elemeleri,Futbol,Dünya Turnuvası,Milli,Orta,Erkek,Milli Takım,Takım Sporu,Global,Uluslararası,Türk Sporcu Var,Doğrulanacak,4 Yılda Bir,Turnuva,Kanal/Yayın,İzleme,Etkinlik,Jenerik,Türkçe,Long-tail,kanal,880,LOW,6,0.05,,,evet,50,140,30,30,1300,40,30,50,2900,2400,3600,140,40,1900,70,30,1000,10,10,90,90,40,70,10,10,90,10,10,30,10,0,hayır
dünya kupası elemeleri puan durumu,Dünya Kupası Elemeleri,Futbol,Dünya Turnuvası,Milli,Orta,Erkek,Milli Takım,Takım Sporu,Global,Uluslararası,Türk Sporcu Var,Doğrulanacak,4 Yılda Bir,Turnuva,Puan Durumu,Bilgi,Etkinlik,Jenerik,Türkçe,Long-tail,pd,110000,LOW,4,0.05,0.03,0.1,evet,3600,8100,880,6600,60500,2900,2400,5400,550000,550000,246000,2400,1300,40500,1300,880,27100,210,170,480,480,480,260,170,480,320,40,20,70,40,70,hayır
dünya kupası elemeleri fikstür,Dünya Kupası Elemeleri,Futbol,Dünya Turnuvası,Milli,Orta,Erkek,Milli Takım,Takım Sporu,Global,Uluslararası,Türk Sporcu Var,Doğrulanacak,4 Yılda Bir,Turnuva,Fikstür,Bilgi,Etkinlik,Jenerik,Türkçe,Body,fik,1900,LOW,10,0.02,0.03,0.11,evet,390,720,110,390,4400,260,140,210,6600,3600,5400,210,90,1300,110,30,480,10,20,170,50,50,70,10,170,40,10,10,30,10,10,hayır
dünya kupası eleme grupları,Dünya Kupası Elemeleri,Futbol,Dünya Turnuvası,Milli,Orta,Erkek,Milli Takım,Takım Sporu,Global,Uluslararası,Türk Sporcu Var,Doğrulanacak,4 Yılda Bir,Turnuva,Jenerik,Bilgi,Etkinlik,Jenerik,Türkçe,Body,jen,6600,LOW,6,0.09,0.02,0.17,evet,480,1900,320,1600,4400,390,170,880,18100,18100,27100,1300,590,6600,1000,1000,18100,390,590,4400,1600,1600,1000,260,2900,480,40,30,110,70,40,hayır
dünya kupası eleme grupları ne zaman,Dünya Kupası Elemeleri,Futbol,Dünya Turnuvası,Milli,Orta,Erkek,Milli Takım,Takım Sporu,Global,Uluslararası,Türk Sporcu Var,Doğrulanacak,4 Yılda Bir,Turnuva,Takvim/Saat,Bilgi,Etkinlik,Jenerik,Türkçe,Long-tail,nezaman,,,,,,,hayir,,,,,,,,,,,,,,,,,,,,,,,,,,,,,,,,hayır
dünya kupası eleme grupları takvim,Dünya Kupası Elemeleri,Futbol,Dünya Turnuvası,Milli,Orta,Erkek,Milli Takım,Takım Sporu,Global,Uluslararası,Türk Sporcu Var,Doğrulanacak,4 Yılda Bir,Turnuva,Takvim/Saat,Bilgi,Etkinlik,Jenerik,Türkçe,Long-tail,takvim,,,,,,,hayir,,,,,,,,,,,,,,,,,,,,,,,,,,,,,,,,hayır
dünya kupası eleme grupları canlı izle,Dünya Kupası Elemeleri,Futbol,Dünya Turnuvası,Milli,Orta,Erkek,Milli Takım,Takım Sporu,Global,Uluslararası,Türk Sporcu Var,Doğrulanacak,4 Yılda Bir,Turnuva,Canlı İzle,İzleme,Etkinlik,Jenerik,Türkçe,Long-tail,izle,,,,,,,hayir,,,,,,,,,,,,,,,,,,,,,,,,,,,,,,,,hayır
dünya kupası eleme grupları hangi kanalda,Dünya Kupası Elemeleri,Futbol,Dünya Turnuvası,Milli,Orta,Erkek,Milli Takım,Takım Sporu,Global,Uluslararası,Türk Sporcu Var,Doğrulanacak,4 Yılda Bir,Turnuva,Kanal/Yayın,İzleme,Etkinlik,Jenerik,Türkçe,Long-tail,kanal,,,,,,,hayir,,,,,,,,,,,,,,,,,,,,,,,,,,,,,,,,hayır
dünya kupası eleme grupları puan durumu,Dünya Kupası Elemeleri,Futbol,Dünya Turnuvası,Milli,Orta,Erkek,Milli Takım,Takım Sporu,Global,Uluslararası,Türk Sporcu Var,Doğrulanacak,4 Yılda Bir,Turnuva,Puan Durumu,Bilgi,Etkinlik,Jenerik,Türkçe,Long-tail,pd,480,LOW,8,,0.03,0.09,evet,50,720,10,50,170,10,10,30,1900,1900,720,10,10,70,10,10,40,10,10,10,20,20,10,0,10,10,10,0,10,0,0,hayır
dünya kupası eleme grupları fikstür,Dünya Kupası Elemeleri,Futbol,Dünya Turnuvası,Milli,Orta,Erkek,Milli Takım,Takım Sporu,Global,Uluslararası,Türk Sporcu Var,Doğrulanacak,4 Yılda Bir,Turnuva,Fikstür,Bilgi,Etkinlik,Jenerik,Türkçe,Long-tail,fik,,,,,,,hayir,,,,,,,,,,,,,,,,,,,,,,,,,,,,,,,,hayır
euro elemeleri,EURO Elemeleri,Futbol,Dünya Turnuvası,Milli,Orta,Erkek,Milli Takım,Takım Sporu,Global,Uluslararası,Türk Sporcu Var,Doğrulanacak,4 Yılda Bir,Turnuva,Jenerik,Bilgi,Etkinlik,Jenerik,İngilizce,Head,jen,170,LOW,0,,,,evet,210,260,70,90,170,40,40,50,320,260,260,50,50,170,50,40,260,40,50,70,260,210,210,110,1000,2400,260,210,3600,390,590,hayır
euro elemeleri ne zaman,EURO Elemeleri,Futbol,Dünya Turnuvası,Milli,Orta,Erkek,Milli Takım,Takım Sporu,Global,Uluslararası,Türk Sporcu Var,Doğrulanacak,4 Yılda Bir,Turnuva,Takvim/Saat,Bilgi,Etkinlik,Jenerik,İngilizce,Body,nezaman,,,,,,,hayir,,,,,,,,,,,,,,,,,,,,,,,,,,,,,,,,hayır
euro elemeleri takvim,EURO Elemeleri,Futbol,Dünya Turnuvası,Milli,Orta,Erkek,Milli Takım,Takım Sporu,Global,Uluslararası,Türk Sporcu Var,Doğrulanacak,4 Yılda Bir,Turnuva,Takvim/Saat,Bilgi,Etkinlik,Jenerik,İngilizce,Body,takvim,,,,,,,hayir,,,,,,,,,,,,,,,,,,,,,,,,,,,,,,,,hayır
euro elemeleri canlı izle,EURO Elemeleri,Futbol,Dünya Turnuvası,Milli,Orta,Erkek,Milli Takım,Takım Sporu,Global,Uluslararası,Türk Sporcu Var,Doğrulanacak,4 Yılda Bir,Turnuva,Canlı İzle,İzleme,Etkinlik,Jenerik,Türkçe,Body,izle,,,,,,,hayir,,,,,,,,,,,,,,,,,,,,,,,,,,,,,,,,hayır
euro elemeleri hangi kanalda,EURO Elemeleri,Futbol,Dünya Turnuvası,Milli,Orta,Erkek,Milli Takım,Takım Sporu,Global,Uluslararası,Türk Sporcu Var,Doğrulanacak,4 Yılda Bir,Turnuva,Kanal/Yayın,İzleme,Etkinlik,Jenerik,İngilizce,Body,kanal,,,,,,,hayir,,,,,,,,,,,,,,,,,,,,,,,,,,,,,,,,hayır
euro elemeleri puan durumu,EURO Elemeleri,Futbol,Dünya Turnuvası,Milli,Orta,Erkek,Milli Takım,Takım Sporu,Global,Uluslararası,Türk Sporcu Var,Doğrulanacak,4 Yılda Bir,Turnuva,Puan Durumu,Bilgi,Etkinlik,Jenerik,İngilizce,Body,pd,10,LOW,1,,,,evet,20,20,10,10,10,10,10,10,30,40,20,10,10,10,10,10,20,10,20,10,40,40,30,20,140,390,20,20,70,30,50,hayır
euro elemeleri fikstür,EURO Elemeleri,Futbol,Dünya Turnuvası,Milli,Orta,Erkek,Milli Takım,Takım Sporu,Global,Uluslararası,Türk Sporcu Var,Doğrulanacak,4 Yılda Bir,Turnuva,Fikstür,Bilgi,Etkinlik,Jenerik,Türkçe,Body,fik,10,LOW,29,,,,evet,10,0,0,0,0,0,0,0,0,10,0,0,0,0,0,0,10,0,0,0,0,10,0,0,10,10,10,10,50,10,30,hayır
avrupa şampiyonası elemeleri,EURO Elemeleri,Futbol,Dünya Turnuvası,Milli,Orta,Erkek,Milli Takım,Takım Sporu,Global,Uluslararası,Türk Sporcu Var,Doğrulanacak,4 Yılda Bir,Turnuva,Jenerik,Bilgi,Etkinlik,Jenerik,Türkçe,Body,jen,720,LOW,1,0.16,,,evet,320,720,70,210,480,110,90,90,2900,1900,1000,140,110,210,110,90,590,170,90,140,480,480,480,210,2900,8100,720,590,12100,1000,880,hayır
avrupa şampiyonası elemeleri ne zaman,EURO Elemeleri,Futbol,Dünya Turnuvası,Milli,Orta,Erkek,Milli Takım,Takım Sporu,Global,Uluslararası,Türk Sporcu Var,Doğrulanacak,4 Yılda Bir,Turnuva,Takvim/Saat,Bilgi,Etkinlik,Jenerik,Türkçe,Long-tail,nezaman,10,LOW,1,,,,evet,20,90,10,10,10,10,0,0,10,0,10,10,10,10,10,0,10,10,0,10,10,10,10,10,10,0,0,0,0,0,0,hayır
avrupa şampiyonası elemeleri takvim,EURO Elemeleri,Futbol,Dünya Turnuvası,Milli,Orta,Erkek,Milli Takım,Takım Sporu,Global,Uluslararası,Türk Sporcu Var,Doğrulanacak,4 Yılda Bir,Turnuva,Takvim/Saat,Bilgi,Etkinlik,Jenerik,Türkçe,Body,takvim,,,,,,,hayir,,,,,,,,,,,,,,,,,,,,,,,,,,,,,,,,hayır
avrupa şampiyonası elemeleri canlı izle,EURO Elemeleri,Futbol,Dünya Turnuvası,Milli,Orta,Erkek,Milli Takım,Takım Sporu,Global,Uluslararası,Türk Sporcu Var,Doğrulanacak,4 Yılda Bir,Turnuva,Canlı İzle,İzleme,Etkinlik,Jenerik,Türkçe,Long-tail,izle,,,,,,,hayir,,,,,,,,,,,,,,,,,,,,,,,,,,,,,,,,hayır
avrupa şampiyonası elemeleri hangi kanalda,EURO Elemeleri,Futbol,Dünya Turnuvası,Milli,Orta,Erkek,Milli Takım,Takım Sporu,Global,Uluslararası,Türk Sporcu Var,Doğrulanacak,4 Yılda Bir,Turnuva,Kanal/Yayın,İzleme,Etkinlik,Jenerik,Türkçe,Long-tail,kanal,10,,,,,,evet,0,0,0,0,0,0,0,0,10,10,10,0,10,10,0,0,10,0,0,10,10,10,10,0,10,110,10,10,110,10,10,hayır
avrupa şampiyonası elemeleri puan durumu,EURO Elemeleri,Futbol,Dünya Turnuvası,Milli,Orta,Erkek,Milli Takım,Takım Sporu,Global,Uluslararası,Türk Sporcu Var,Doğrulanacak,4 Yılda Bir,Turnuva,Puan Durumu,Bilgi,Etkinlik,Jenerik,Türkçe,Long-tail,pd,40,LOW,3,,,,evet,10,30,20,10,10,10,10,10,170,140,50,10,10,10,10,10,20,10,10,10,70,50,30,10,210,1300,40,20,210,70,90,hayır
avrupa şampiyonası elemeleri fikstür,EURO Elemeleri,Futbol,Dünya Turnuvası,Milli,Orta,Erkek,Milli Takım,Takım Sporu,Global,Uluslararası,Türk Sporcu Var,Doğrulanacak,4 Yılda Bir,Turnuva,Fikstür,Bilgi,Etkinlik,Jenerik,Türkçe,Body,fik,10,,,,,,evet,0,10,0,0,10,0,0,0,10,10,10,10,0,10,10,10,10,0,0,10,10,10,10,10,10,70,10,10,50,10,10,hayır
kadınlar dünya kupası,Kadınlar Dünya Kupası,Futbol,Dünya Turnuvası,Milli,Orta,Kadın,Milli Takım,Takım Sporu,Global,Uluslararası,Türk Sporcu Var,Doğrulanacak,4 Yılda Bir,Turnuva,Jenerik,Bilgi,Etkinlik,Jenerik,Türkçe,Body,jen,1300,LOW,1,0.59,0.22,8.74,evet,2900,3600,590,1300,1000,210,260,320,2400,1000,1300,880,8100,1300,390,320,390,260,320,260,390,480,390,480,1600,1300,720,1300,720,590,720,hayır
kadınlar dünya kupası ne zaman,Kadınlar Dünya Kupası,Futbol,Dünya Turnuvası,Milli,Orta,Kadın,Milli Takım,Takım Sporu,Global,Uluslararası,Türk Sporcu Var,Doğrulanacak,4 Yılda Bir,Turnuva,Takvim/Saat,Bilgi,Etkinlik,Jenerik,Türkçe,Long-tail,nezaman,70,LOW,2,0.14,0.08,0.41,evet,320,260,40,70,50,20,20,20,40,20,20,30,110,50,40,10,10,10,10,10,10,10,10,10,70,30,20,10,10,10,10,hayır
kadınlar dünya kupası takvim,Kadınlar Dünya Kupası,Futbol,Dünya Turnuvası,Milli,Orta,Kadın,Milli Takım,Takım Sporu,Global,Uluslararası,Türk Sporcu Var,Doğrulanacak,4 Yılda Bir,Turnuva,Takvim/Saat,Bilgi,Etkinlik,Jenerik,Türkçe,Body,takvim,,,,,,,hayir,,,,,,,,,,,,,,,,,,,,,,,,,,,,,,,,hayır
kadınlar dünya kupası canlı izle,Kadınlar Dünya Kupası,Futbol,Dünya Turnuvası,Milli,Orta,Kadın,Milli Takım,Takım Sporu,Global,Uluslararası,Türk Sporcu Var,Doğrulanacak,4 Yılda Bir,Turnuva,Canlı İzle,İzleme,Etkinlik,Jenerik,Türkçe,Long-tail,izle,10,,,,,,evet,0,10,0,10,10,0,0,0,0,10,10,10,10,0,0,0,0,0,0,0,0,0,10,0,0,10,0,10,0,0,0,hayır
kadınlar dünya kupası hangi kanalda,Kadınlar Dünya Kupası,Futbol,Dünya Turnuvası,Milli,Orta,Kadın,Milli Takım,Takım Sporu,Global,Uluslararası,Türk Sporcu Var,Doğrulanacak,4 Yılda Bir,Turnuva,Kanal/Yayın,İzleme,Etkinlik,Jenerik,Türkçe,Long-tail,kanal,10,LOW,0,,,,evet,10,40,10,10,20,0,10,10,10,10,10,10,40,0,10,10,10,0,10,10,0,0,10,10,10,10,10,10,10,10,10,hayır
kadınlar dünya kupası puan durumu,Kadınlar Dünya Kupası,Futbol,Dünya Turnuvası,Milli,Orta,Kadın,Milli Takım,Takım Sporu,Global,Uluslararası,Türk Sporcu Var,Doğrulanacak,4 Yılda Bir,Turnuva,Puan Durumu,Bilgi,Etkinlik,Jenerik,Türkçe,Long-tail,pd,30,LOW,3,,,,evet,10,20,0,10,10,0,0,10,210,30,10,10,10,10,10,10,10,10,10,10,10,0,10,10,10,10,10,10,10,10,10,hayır
kadınlar dünya kupası fikstür,Kadınlar Dünya Kupası,Futbol,Dünya Turnuvası,Milli,Orta,Kadın,Milli Takım,Takım Sporu,Global,Uluslararası,Türk Sporcu Var,Doğrulanacak,4 Yılda Bir,Turnuva,Fikstür,Bilgi,Etkinlik,Jenerik,Türkçe,Body,fik,10,LOW,3,,,,evet,10,10,0,10,10,0,0,0,10,10,30,40,40,10,0,10,0,0,0,10,10,0,10,10,10,10,10,10,0,10,10,hayır
kadınlar avrupa şampiyonası,Kadınlar EURO,Futbol,Dünya Turnuvası,Milli,Orta,Kadın,Milli Takım,Takım Sporu,Global,Uluslararası,Türk Sporcu Var,Doğrulanacak,4 Yılda Bir,Turnuva,Jenerik,Bilgi,Etkinlik,Jenerik,Türkçe,Body,jen,90,LOW,3,0.04,0.03,0.11,evet,140,50,30,30,10,10,20,30,70,140,260,170,3600,170,30,20,20,20,10,10,20,50,10,50,170,40,70,90,40,20,10,hayır
kadınlar avrupa şampiyonası ne zaman,Kadınlar EURO,Futbol,Dünya Turnuvası,Milli,Orta,Kadın,Milli Takım,Takım Sporu,Global,Uluslararası,Türk Sporcu Var,Doğrulanacak,4 Yılda Bir,Turnuva,Takvim/Saat,Bilgi,Etkinlik,Jenerik,Türkçe,Long-tail,nezaman,10,LOW,1,,,,evet,70,0,0,0,0,0,0,0,0,0,0,0,0,0,0,0,0,0,0,0,0,0,0,0,0,0,0,0,0,0,0,hayır
kadınlar avrupa şampiyonası takvim,Kadınlar EURO,Futbol,Dünya Turnuvası,Milli,Orta,Kadın,Milli Takım,Takım Sporu,Global,Uluslararası,Türk Sporcu Var,Doğrulanacak,4 Yılda Bir,Turnuva,Takvim/Saat,Bilgi,Etkinlik,Jenerik,Türkçe,Body,takvim,,,,,,,hayir,,,,,,,,,,,,,,,,,,,,,,,,,,,,,,,,hayır
kadınlar avrupa şampiyonası canlı izle,Kadınlar EURO,Futbol,Dünya Turnuvası,Milli,Orta,Kadın,Milli Takım,Takım Sporu,Global,Uluslararası,Türk Sporcu Var,Doğrulanacak,4 Yılda Bir,Turnuva,Canlı İzle,İzleme,Etkinlik,Jenerik,Türkçe,Long-tail,izle,,,,,,,hayir,,,,,,,,,,,,,,,,,,,,,,,,,,,,,,,,hayır
kadınlar avrupa şampiyonası hangi kanalda,Kadınlar EURO,Futbol,Dünya Turnuvası,Milli,Orta,Kadın,Milli Takım,Takım Sporu,Global,Uluslararası,Türk Sporcu Var,Doğrulanacak,4 Yılda Bir,Turnuva,Kanal/Yayın,İzleme,Etkinlik,Jenerik,Türkçe,Long-tail,kanal,10,LOW,0,,,,evet,10,10,10,0,10,0,0,10,10,10,0,10,110,10,10,10,10,0,10,10,10,10,10,10,10,10,10,20,10,10,10,hayır
kadınlar avrupa şampiyonası puan durumu,Kadınlar EURO,Futbol,Dünya Turnuvası,Milli,Orta,Kadın,Milli Takım,Takım Sporu,Global,Uluslararası,Türk Sporcu Var,Doğrulanacak,4 Yılda Bir,Turnuva,Puan Durumu,Bilgi,Etkinlik,Jenerik,Türkçe,Long-tail,pd,10,LOW,0,,,,evet,10,0,10,0,0,10,10,0,10,10,10,0,320,10,10,0,0,10,10,10,10,10,0,10,50,20,20,30,0,10,10,hayır
kadınlar avrupa şampiyonası fikstür,Kadınlar EURO,Futbol,Dünya Turnuvası,Milli,Orta,Kadın,Milli Takım,Takım Sporu,Global,Uluslararası,Türk Sporcu Var,Doğrulanacak,4 Yılda Bir,Turnuva,Fikstür,Bilgi,Etkinlik,Jenerik,Türkçe,Body,fik,10,LOW,1,,,,evet,10,10,10,10,10,10,0,10,10,10,10,10,140,0,0,0,0,0,0,0,0,0,0,0,0,0,0,0,0,0,0,hayır
canlı skor,Jenerik Spor,Çoklu/Jenerik,Jenerik,Yok,Global Elit,Karma,Jenerik,Jenerik,Türkiye,Yerli,Yok,TV+ Var,Sürekli,Sürekli Lig,Maç/Skor,Bilgi,Jenerik,Jenerik,Türkçe,Head,jenerik,5000000,LOW,3,0.02,0.01,0.05,evet,2740000,2740000,4090000,5000000,5000000,6120000,5000000,5000000,5000000,5000000,5000000,4090000,1830000,1830000,4090000,5000000,5000000,5000000,6120000,5000000,5000000,5000000,5000000,5000000,2240000,2740000,5000000,5000000,4090000,5000000,6120000,hayır
canlı sonuçlar,Jenerik Spor,Çoklu/Jenerik,Jenerik,Yok,Global Elit,Karma,Jenerik,Jenerik,Türkiye,Yerli,Yok,TV+ Var,Sürekli,Sürekli Lig,Maç/Skor,Bilgi,Jenerik,Jenerik,Türkçe,Head,jenerik,49500,LOW,6,0.04,0.01,0.07,evet,33100,33100,49500,60500,60500,60500,60500,60500,49500,49500,49500,49500,27100,27100,49500,60500,60500,60500,60500,60500,60500,60500,49500,49500,33100,33100,60500,60500,60500,60500,60500,hayır
maç sonuçları,Jenerik Spor,Çoklu/Jenerik,Jenerik,Yok,Global Elit,Karma,Jenerik,Jenerik,Türkiye,Yerli,Yok,TV+ Var,Sürekli,Sürekli Lig,Maç/Skor,Bilgi,Jenerik,Jenerik,Türkçe,Head,jenerik,550000,LOW,5,0.03,0.01,0.04,evet,301000,450000,550000,673000,550000,550000,550000,673000,550000,450000,450000,450000,165000,165000,450000,550000,550000,823000,550000,550000,673000,673000,550000,550000,673000,550000,823000,550000,450000,550000,550000,hayır
bugünkü maçlar,Jenerik Spor,Çoklu/Jenerik,Jenerik,Yok,Global Elit,Karma,Jenerik,Jenerik,Türkiye,Yerli,Yok,TV+ Var,Sürekli,Sürekli Lig,Takvim/Saat,Bilgi,Jenerik,Jenerik,Türkçe,Head,jenerik,368000,LOW,4,0.11,0.02,0.15,evet,301000,301000,301000,368000,368000,301000,301000,368000,368000,450000,450000,368000,165000,165000,301000,368000,301000,368000,301000,368000,368000,368000,301000,301000,246000,368000,301000,246000,246000,246000,246000,hayır
bugün hangi maçlar var,Jenerik Spor,Çoklu/Jenerik,Jenerik,Yok,Global Elit,Karma,Jenerik,Jenerik,Türkiye,Yerli,Yok,TV+ Var,Sürekli,Sürekli Lig,Takvim/Saat,Bilgi,Jenerik,Jenerik,Türkçe,Body,jenerik,201000,LOW,4,0.13,0.02,0.16,evet,135000,165000,165000,201000,201000,201000,165000,201000,246000,246000,201000,165000,74000,90500,165000,165000,135000,165000,135000,165000,201000,201000,165000,165000,135000,165000,110000,74000,90500,90500,110000,hayır
maç programı,Jenerik Spor,Çoklu/Jenerik,Jenerik,Yok,Global Elit,Karma,Jenerik,Jenerik,Türkiye,Yerli,Yok,TV+ Var,Sürekli,Sürekli Lig,Takvim/Saat,Bilgi,Jenerik,Jenerik,Türkçe,Head,jenerik,33100,LOW,7,0.07,0.01,0.14,evet,22200,33100,22200,33100,33100,33100,27100,33100,33100,40500,40500,40500,12100,12100,27100,33100,33100,33100,33100,33100,33100,33100,33100,33100,14800,40500,27100,27100,27100,33100,40500,hayır
canlı maç izle,Jenerik Spor,Çoklu/Jenerik,Jenerik,Yok,Global Elit,Karma,Jenerik,Jenerik,Türkiye,Yerli,Yok,TV+ Var,Sürekli,Sürekli Lig,Canlı İzle,İzleme,Jenerik,Jenerik,Türkçe,Body,jenerik,1500000,LOW,2,0.22,0.07,0.8,evet,823000,301000,1220000,2740000,1830000,2240000,1500000,1500000,1220000,1000000,1220000,2240000,823000,368000,1830000,1830000,1830000,2240000,1830000,2240000,1500000,1830000,1830000,2240000,1500000,450000,2740000,2240000,2240000,2240000,1830000,hayır
şifresiz maç izle,Jenerik Spor,Çoklu/Jenerik,Jenerik,Yok,Global Elit,Karma,Jenerik,Jenerik,Türkiye,Yerli,Yok,TV+ Var,Sürekli,Sürekli Lig,Canlı İzle,İzleme,Jenerik,Jenerik,Türkçe,Body,jenerik,3600,LOW,2,0.4,0.13,0.35,evet,1900,590,3600,6600,4400,5400,2400,3600,3600,2900,4400,6600,1900,1000,6600,8100,6600,8100,6600,6600,5400,6600,8100,12100,8100,1300,14800,9900,8100,9900,8100,hayır
maç izle,Jenerik Spor,Çoklu/Jenerik,Jenerik,Yok,Global Elit,Karma,Jenerik,Jenerik,Türkiye,Yerli,Yok,TV+ Var,Sürekli,Sürekli Lig,Canlı İzle,İzleme,Jenerik,Jenerik,Türkçe,Head,jenerik,201000,LOW,4,0.34,0.16,0.32,evet,135000,60500,201000,450000,246000,246000,201000,246000,135000,110000,135000,165000,60500,40500,201000,201000,201000,246000,165000,165000,165000,201000,201000,201000,165000,60500,301000,246000,246000,201000,201000,hayır
maç hangi kanalda,Jenerik Spor,Çoklu/Jenerik,Jenerik,Yok,Global Elit,Karma,Jenerik,Jenerik,Türkiye,Yerli,Yok,TV+ Var,Sürekli,Sürekli Lig,Kanal/Yayın,İzleme,Jenerik,Jenerik,Türkçe,Body,jenerik,74000,LOW,3,0.28,0.11,0.36,evet,60500,60500,33100,74000,135000,33100,74000,74000,74000,74000,90500,40500,14800,14800,27100,40500,40500,49500,33100,18100,60500,74000,74000,60500,90500,74000,40500,27100,18100,14800,9900,hayır
maç saat kaçta,Jenerik Spor,Çoklu/Jenerik,Jenerik,Yok,Global Elit,Karma,Jenerik,Jenerik,Türkiye,Yerli,Yok,TV+ Var,Sürekli,Sürekli Lig,Takvim/Saat,Bilgi,Jenerik,Jenerik,Türkçe,Body,jenerik,22200,LOW,3,0.05,0.01,0.05,evet,14800,27100,9900,33100,49500,12100,22200,22200,18100,18100,18100,6600,1300,1900,12100,14800,12100,22200,8100,8100,18100,22200,27100,18100,60500,22200,27100,9900,6600,5400,4400,hayır
spor haberleri,Jenerik Spor,Çoklu/Jenerik,Jenerik,Yok,Global Elit,Karma,Jenerik,Jenerik,Türkiye,Yerli,Yok,TV+ Var,Sürekli,Sürekli Lig,Haber,Bilgi,Jenerik,Jenerik,İngilizce,Head,jenerik,550000,LOW,4,0.15,0.04,0.32,evet,673000,450000,368000,301000,301000,550000,673000,368000,368000,368000,673000,823000,823000,550000,368000,368000,368000,550000,673000,450000,368000,368000,673000,823000,823000,673000,550000,450000,550000,673000,823000,hayır
maç özetleri,Jenerik Spor,Çoklu/Jenerik,Jenerik,Yok,Global Elit,Karma,Jenerik,Jenerik,Türkiye,Yerli,Yok,TV+ Var,Sürekli,Sürekli Lig,Maç/Skor,Bilgi,Jenerik,Jenerik,Türkçe,Head,jenerik,246000,LOW,1,0.35,0.17,0.49,evet,22200,33100,165000,368000,301000,450000,201000,368000,301000,301000,450000,368000,14800,33100,301000,368000,368000,301000,368000,368000,368000,301000,450000,368000,27100,33100,368000,368000,368000,368000,550000,hayır
puan durumu,Jenerik Spor,Çoklu/Jenerik,Jenerik,Yok,Global Elit,Karma,Jenerik,Jenerik,Türkiye,Yerli,Yok,TV+ Var,Sürekli,Sürekli Lig,Puan Durumu,Bilgi,Jenerik,Jenerik,İngilizce,Head,jenerik,1000000,LOW,1,0.29,0.11,0.32,evet,60500,60500,1500000,2740000,1220000,1220000,823000,1220000,1000000,673000,673000,450000,33100,110000,1220000,1500000,1500000,1000000,823000,1220000,823000,823000,1000000,673000,49500,135000,2740000,1220000,1000000,1220000,1500000,hayır
fikstür,Jenerik Spor,Çoklu/Jenerik,Jenerik,Yok,Global Elit,Karma,Jenerik,Jenerik,Türkiye,Yerli,Yok,TV+ Var,Sürekli,Sürekli Lig,Fikstür,Bilgi,Jenerik,Jenerik,Türkçe,Head,jenerik,246000,LOW,2,0.13,0.03,0.36,evet,74000,14800,246000,450000,301000,368000,201000,301000,301000,246000,246000,246000,74000,22200,301000,368000,368000,301000,301000,301000,246000,246000,301000,301000,74000,18100,450000,368000,301000,368000,450000,hayır
spor kanalları,Jenerik Spor,Çoklu/Jenerik,Jenerik,Yok,Global Elit,Karma,Jenerik,Jenerik,Türkiye,Yerli,Yok,TV+ Var,Sürekli,Sürekli Lig,Kanal/Yayın,İzleme,Jenerik,Jenerik,Türkçe,Head,jenerik,2900,LOW,8,0.2,0.06,0.28,evet,2400,1900,1900,3600,2400,3600,2400,2900,2900,2400,5400,5400,3600,1600,3600,3600,2400,3600,2900,1900,2400,2400,2900,2900,2900,2900,4400,3600,4400,4400,4400,hayır
iddaa programı,Jenerik Spor,Çoklu/Jenerik,Jenerik,Yok,Global Elit,Karma,Jenerik,Jenerik,Türkiye,Yerli,Yok,TV+ Var,Sürekli,Sürekli Lig,Takvim/Saat,Bilgi,Jenerik,Jenerik,Türkçe,Head,jenerik,201000,LOW,7,0.02,0.01,0.04,evet,135000,135000,201000,246000,246000,246000,246000,201000,201000,201000,201000,165000,135000,135000,201000,246000,201000,246000,246000,246000,201000,201000,201000,201000,135000,135000,201000,201000,201000,201000,201000,hayır
transfer haberleri,Jenerik Spor,Çoklu/Jenerik,Jenerik,Yok,Global Elit,Karma,Jenerik,Jenerik,Türkiye,Yerli,Yok,TV+ Var,Sürekli,Sürekli Lig,Transfer,Bilgi,Jenerik,Jenerik,İngilizce,Head,jenerik,33100,LOW,7,0.15,0.03,0.28,evet,74000,33100,18100,4400,4400,33100,90500,27100,5400,5400,60500,74000,110000,90500,18100,6600,4400,33100,90500,22200,9900,6600,60500,60500,110000,110000,22200,8100,6600,33100,74000,hayır
