keyword,organizasyon,spor_dali,musabaka_tipi,lig_seviyesi,prestij_katmani,cinsiyet,kulup_milli,takim_bireysel,cografya,yerlilik,turk_baglantisi,yayin_hakki,periyodiklik,takvim_tipi,sayfa_tipi,intent_katmani,entity_tipi,marka_tipi,dil,sorgu_uzunlugu,varyant_kodu,katman,search_volume,competition,competition_index,cpc,low_bid,high_bid,veri_var,2026-07,2026-06,2026-05,2026-04,2026-03,2026-02,2026-01,2025-12,2025-11,2025-10,2025-09,2025-08,2025-07,kurum_sorgusu,kulup_dogrulama
galatasaray,Süper Lig,Futbol,Lig,1. Seviye,Çekirdek,Erkek,Kulüp,Takım Sporu,Türkiye,Yerli,Türk Takımı Var,TV+ Yok,Yıllık,Sürekli Lig,Takım Jenerik,Bilgi,Takım,Jenerik,İngilizce,Head,Takım Jenerik,Çekirdek,30400000,LOW,1,0.28,0.05,0.31,evet,9140000,3350000,20400000,37200000,37200000,37200000,37200000,37200000,37200000,24900000,30400000,24900000,,hayır,Çekirdek
galatasaray maçları,Süper Lig,Futbol,Lig,1. Seviye,Çekirdek,Erkek,Kulüp,Takım Sporu,Türkiye,Yerli,Türk Takımı Var,TV+ Yok,Yıllık,Sürekli Lig,Takım Maç Sorgusu,Bilgi,Takım,Jenerik,Türkçe,Head,Takım Maç Sorgusu,Çekirdek,9140000,LOW,1,0.33,0.05,0.37,evet,1500000,301000,11100000,16600000,11100000,13600000,9140000,9140000,11100000,7480000,9140000,6120000,,hayır,Çekirdek
galatasaray fikstür,Süper Lig,Futbol,Lig,1. Seviye,Çekirdek,Erkek,Kulüp,Takım Sporu,Türkiye,Yerli,Türk Takımı Var,TV+ Yok,Yıllık,Sürekli Lig,Fikstür,Bilgi,Takım,Jenerik,Türkçe,Head,Fikstür,Çekirdek,246000,LOW,1,0.25,0.05,0.34,evet,60500,4400,135000,368000,368000,368000,246000,301000,301000,301000,246000,201000,,hayır,Çekirdek
galatasaray puan durumu,Süper Lig,Futbol,Lig,1. Seviye,Çekirdek,Erkek,Kulüp,Takım Sporu,Türkiye,Yerli,Türk Takımı Var,TV+ Yok,Yıllık,Sürekli Lig,Puan Durumu,Bilgi,Takım,Jenerik,İngilizce,Body,Puan Durumu,Çekirdek,4090000,LOW,0,0.15,0.03,0.26,evet,450000,135000,6120000,11100000,4090000,5000000,5000000,5000000,5000000,3350000,2740000,2740000,,hayır,Çekirdek
galatasaray kadrosu,Süper Lig,Futbol,Lig,1. Seviye,Çekirdek,Erkek,Kulüp,Takım Sporu,Türkiye,Yerli,Türk Takımı Var,TV+ Yok,Yıllık,Sürekli Lig,Kadro,Bilgi,Takım,Jenerik,İngilizce,Head,Kadro,Çekirdek,90500,LOW,1,0.33,0.16,0.32,evet,60500,27100,74000,90500,90500,110000,110000,74000,74000,49500,110000,110000,,hayır,Çekirdek
galatasaray canlı izle,Süper Lig,Futbol,Lig,1. Seviye,Çekirdek,Erkek,Kulüp,Takım Sporu,Türkiye,Yerli,Türk Takımı Var,TV+ Yok,Yıllık,Sürekli Lig,Canlı İzle,İzleme,Takım,Jenerik,Türkçe,Body,Canlı İzle,Çekirdek,9900,LOW,3,0.22,0.08,0.32,evet,2400,90,14800,18100,12100,12100,9900,9900,6600,8100,9900,8100,,hayır,Çekirdek
galatasaray transfer,Süper Lig,Futbol,Lig,1. Seviye,Çekirdek,Erkek,Kulüp,Takım Sporu,Türkiye,Yerli,Türk Takımı Var,TV+ Yok,Yıllık,Sürekli Lig,Transfer,Bilgi,Takım,Jenerik,İngilizce,Head,Transfer,Çekirdek,450000,LOW,1,0.3,0.06,0.32,evet,823000,368000,301000,60500,60500,368000,1220000,301000,110000,90500,823000,1000000,,hayır,Çekirdek
fenerbahçe,Süper Lig,Futbol,Lig,1. Seviye,Çekirdek,Erkek,Kulüp,Takım Sporu,Türkiye,Yerli,Türk Takımı Var,TV+ Yok,Yıllık,Sürekli Lig,Takım Jenerik,Bilgi,Takım,Jenerik,Türkçe,Head,Takım Jenerik,Çekirdek,24900000,LOW,1,0.31,0.13,0.72,evet,11100000,3350000,11100000,24900000,30400000,45500000,37200000,30400000,37200000,24900000,30400000,37200000,,hayır,Çekirdek
fenerbahçe maçları,Süper Lig,Futbol,Lig,1. Seviye,Çekirdek,Erkek,Kulüp,Takım Sporu,Türkiye,Yerli,Türk Takımı Var,TV+ Yok,Yıllık,Sürekli Lig,Takım Maç Sorgusu,Bilgi,Takım,Jenerik,Türkçe,Head,Takım Maç Sorgusu,Çekirdek,7480000,LOW,1,0.28,0.06,0.37,evet,3350000,301000,5000000,11100000,9140000,13600000,9140000,7480000,9140000,6120000,6120000,7480000,,hayır,Çekirdek
fenerbahçe fikstür,Süper Lig,Futbol,Lig,1. Seviye,Çekirdek,Erkek,Kulüp,Takım Sporu,Türkiye,Yerli,Türk Takımı Var,TV+ Yok,Yıllık,Sürekli Lig,Fikstür,Bilgi,Takım,Jenerik,Türkçe,Head,Fikstür,Çekirdek,165000,LOW,1,0.36,0.04,0.37,evet,90500,5400,49500,201000,201000,301000,201000,201000,201000,165000,201000,165000,,hayır,Çekirdek
fenerbahçe puan durumu,Süper Lig,Futbol,Lig,1. Seviye,Çekirdek,Erkek,Kulüp,Takım Sporu,Türkiye,Yerli,Türk Takımı Var,TV+ Yok,Yıllık,Sürekli Lig,Puan Durumu,Bilgi,Takım,Jenerik,Türkçe,Body,Puan Durumu,Çekirdek,4090000,LOW,0,0.64,0.04,0.32,evet,550000,135000,5000000,7480000,5000000,5000000,5000000,5000000,5000000,2740000,2740000,1830000,,hayır,Çekirdek
fenerbahçe kadrosu,Süper Lig,Futbol,Lig,1. Seviye,Çekirdek,Erkek,Kulüp,Takım Sporu,Türkiye,Yerli,Türk Takımı Var,TV+ Yok,Yıllık,Sürekli Lig,Kadro,Bilgi,Takım,Jenerik,Türkçe,Head,Kadro,Çekirdek,74000,LOW,1,0.35,0.14,0.36,evet,90500,33100,33100,74000,49500,110000,110000,74000,60500,40500,110000,110000,,hayır,Çekirdek
fenerbahçe canlı izle,Süper Lig,Futbol,Lig,1. Seviye,Çekirdek,Erkek,Kulüp,Takım Sporu,Türkiye,Yerli,Türk Takımı Var,TV+ Yok,Yıllık,Sürekli Lig,Canlı İzle,İzleme,Takım,Jenerik,Türkçe,Body,Canlı İzle,Çekirdek,12100,LOW,4,0.24,0.12,0.34,evet,22200,720,2400,8100,8100,18100,18100,9900,9900,5400,18100,18100,,hayır,Çekirdek
fenerbahçe transfer,Süper Lig,Futbol,Lig,1. Seviye,Çekirdek,Erkek,Kulüp,Takım Sporu,Türkiye,Yerli,Türk Takımı Var,TV+ Yok,Yıllık,Sürekli Lig,Transfer,Bilgi,Takım,Jenerik,Türkçe,Head,Transfer,Çekirdek,550000,LOW,1,0.36,0.11,0.42,evet,1000000,450000,201000,74000,60500,550000,1000000,301000,201000,135000,1000000,1500000,,hayır,Çekirdek
beşiktaş,Süper Lig,Futbol,Lig,1. Seviye,Çekirdek,Erkek,Kulüp,Takım Sporu,Türkiye,Yerli,Türk Takımı Var,TV+ Yok,Yıllık,Sürekli Lig,Takım Jenerik,Bilgi,Takım,Jenerik,Türkçe,Head,Takım Jenerik,Çekirdek,11100000,LOW,1,0.1,0.03,0.29,evet,7480000,2240000,9140000,11100000,11100000,13600000,9140000,11100000,11100000,11100000,11100000,16600000,,hayır,Çekirdek
beşiktaş maçları,Süper Lig,Futbol,Lig,1. Seviye,Çekirdek,Erkek,Kulüp,Takım Sporu,Türkiye,Yerli,Türk Takımı Var,TV+ Yok,Yıllık,Sürekli Lig,Takım Maç Sorgusu,Bilgi,Takım,Jenerik,Türkçe,Head,Takım Maç Sorgusu,Çekirdek,1500000,LOW,1,0.31,0.07,0.45,evet,1000000,135000,1000000,1830000,1500000,1830000,1000000,1500000,1220000,1500000,1500000,2240000,,hayır,Çekirdek
beşiktaş fikstür,Süper Lig,Futbol,Lig,1. Seviye,Çekirdek,Erkek,Kulüp,Takım Sporu,Türkiye,Yerli,Türk Takımı Var,TV+ Yok,Yıllık,Sürekli Lig,Fikstür,Bilgi,Takım,Jenerik,Türkçe,Head,Fikstür,Çekirdek,33100,LOW,1,0.24,0.04,0.3,evet,27100,1600,9900,33100,40500,49500,27100,33100,27100,40500,49500,49500,,hayır,Çekirdek
beşiktaş puan durumu,Süper Lig,Futbol,Lig,1. Seviye,Çekirdek,Erkek,Kulüp,Takım Sporu,Türkiye,Yerli,Türk Takımı Var,TV+ Yok,Yıllık,Sürekli Lig,Puan Durumu,Bilgi,Takım,Jenerik,Türkçe,Body,Puan Durumu,Çekirdek,1500000,LOW,0,0.51,0.04,0.32,evet,301000,60500,1500000,2240000,1830000,2240000,1220000,1830000,1500000,1500000,1500000,1000000,,hayır,Çekirdek
beşiktaş kadrosu,Süper Lig,Futbol,Lig,1. Seviye,Çekirdek,Erkek,Kulüp,Takım Sporu,Türkiye,Yerli,Türk Takımı Var,TV+ Yok,Yıllık,Sürekli Lig,Kadro,Bilgi,Takım,Jenerik,Türkçe,Head,Kadro,Çekirdek,33100,LOW,0,0.24,0.09,0.36,evet,49500,14800,18100,27100,33100,40500,33100,27100,22200,27100,40500,40500,,hayır,Çekirdek
beşiktaş canlı izle,Süper Lig,Futbol,Lig,1. Seviye,Çekirdek,Erkek,Kulüp,Takım Sporu,Türkiye,Yerli,Türk Takımı Var,TV+ Yok,Yıllık,Sürekli Lig,Canlı İzle,İzleme,Takım,Jenerik,Türkçe,Body,Canlı İzle,Çekirdek,2900,LOW,3,0.22,0.07,0.36,evet,8100,40,880,1600,2900,3600,1600,1300,1900,2400,1900,8100,,hayır,Çekirdek
beşiktaş transfer,Süper Lig,Futbol,Lig,1. Seviye,Çekirdek,Erkek,Kulüp,Takım Sporu,Türkiye,Yerli,Türk Takımı Var,TV+ Yok,Yıllık,Sürekli Lig,Transfer,Bilgi,Takım,Jenerik,Türkçe,Head,Transfer,Çekirdek,301000,LOW,0,0.4,0.19,0.59,evet,673000,246000,110000,60500,49500,368000,673000,135000,49500,40500,673000,1000000,,hayır,Çekirdek
trabzonspor,Süper Lig,Futbol,Lig,1. Seviye,Çekirdek,Erkek,Kulüp,Takım Sporu,Türkiye,Yerli,Türk Takımı Var,TV+ Yok,Yıllık,Sürekli Lig,Takım Jenerik,Bilgi,Takım,Jenerik,İngilizce,Head,Takım Jenerik,Çekirdek,6120000,LOW,1,0.26,0.11,0.35,evet,2240000,1220000,9140000,11100000,6120000,6120000,5000000,9140000,5000000,4090000,5000000,5000000,,hayır,Çekirdek
trabzonspor maçları,Süper Lig,Futbol,Lig,1. Seviye,Çekirdek,Erkek,Kulüp,Takım Sporu,Türkiye,Yerli,Türk Takımı Var,TV+ Yok,Yıllık,Sürekli Lig,Takım Maç Sorgusu,Bilgi,Takım,Jenerik,Türkçe,Head,Takım Maç Sorgusu,Çekirdek,550000,LOW,1,0.3,0.05,0.32,evet,165000,33100,823000,1500000,673000,673000,450000,1000000,550000,368000,368000,450000,,hayır,Çekirdek
trabzonspor fikstür,Süper Lig,Futbol,Lig,1. Seviye,Çekirdek,Erkek,Kulüp,Takım Sporu,Türkiye,Yerli,Türk Takımı Var,TV+ Yok,Yıllık,Sürekli Lig,Fikstür,Bilgi,Takım,Jenerik,Türkçe,Head,Fikstür,Çekirdek,12100,LOW,1,0.18,0.05,0.22,evet,9900,480,8100,40500,18100,12100,9900,18100,12100,12100,9900,12100,,hayır,Çekirdek
trabzonspor puan durumu,Süper Lig,Futbol,Lig,1. Seviye,Çekirdek,Erkek,Kulüp,Takım Sporu,Türkiye,Yerli,Türk Takımı Var,TV+ Yok,Yıllık,Sürekli Lig,Puan Durumu,Bilgi,Takım,Jenerik,İngilizce,Body,Puan Durumu,Çekirdek,1000000,LOW,0,,0.04,0.25,evet,60500,27100,1220000,2740000,1220000,1000000,673000,1830000,1000000,823000,550000,550000,,hayır,Çekirdek
trabzonspor kadrosu,Süper Lig,Futbol,Lig,1. Seviye,Çekirdek,Erkek,Kulüp,Takım Sporu,Türkiye,Yerli,Türk Takımı Var,TV+ Yok,Yıllık,Sürekli Lig,Kadro,Bilgi,Takım,Jenerik,İngilizce,Head,Kadro,Çekirdek,9900,LOW,0,,,,evet,9900,6600,9900,12100,6600,14800,12100,12100,9900,6600,14800,8100,,hayır,Çekirdek
trabzonspor canlı izle,Süper Lig,Futbol,Lig,1. Seviye,Çekirdek,Erkek,Kulüp,Takım Sporu,Türkiye,Yerli,Türk Takımı Var,TV+ Yok,Yıllık,Sürekli Lig,Canlı İzle,İzleme,Takım,Jenerik,Türkçe,Body,Canlı İzle,Çekirdek,1300,LOW,6,0.28,0.08,0.32,evet,590,140,1600,2900,1300,2400,1600,1900,880,880,880,1000,,hayır,Çekirdek
trabzonspor transfer,Süper Lig,Futbol,Lig,1. Seviye,Çekirdek,Erkek,Kulüp,Takım Sporu,Türkiye,Yerli,Türk Takımı Var,TV+ Yok,Yıllık,Sürekli Lig,Transfer,Bilgi,Takım,Jenerik,İngilizce,Head,Transfer,Çekirdek,90500,LOW,1,0.27,0.11,0.21,evet,165000,135000,49500,22200,9900,49500,135000,40500,22200,18100,135000,201000,,hayır,Çekirdek
başakşehir,Süper Lig,Futbol,Lig,1. Seviye,Çekirdek,Erkek,Kulüp,Takım Sporu,Türkiye,Yerli,Türk Takımı Var,TV+ Yok,Yıllık,Sürekli Lig,Takım Jenerik,Bilgi,Takım,Jenerik,Türkçe,Head,Takım Jenerik,Çekirdek,673000,LOW,1,0.37,0.05,0.57,evet,823000,201000,368000,450000,450000,450000,368000,550000,450000,550000,450000,2240000,,hayır,Çekirdek
başakşehir maçları,Süper Lig,Futbol,Lig,1. Seviye,Çekirdek,Erkek,Kulüp,Takım Sporu,Türkiye,Yerli,Türk Takımı Var,TV+ Yok,Yıllık,Sürekli Lig,Takım Maç Sorgusu,Bilgi,Takım,Jenerik,Türkçe,Head,Takım Maç Sorgusu,Çekirdek,74000,LOW,0,0.28,0.05,0.37,evet,110000,6600,40500,60500,49500,49500,27100,49500,40500,60500,27100,368000,,hayır,Çekirdek
başakşehir fikstür,Süper Lig,Futbol,Lig,1. Seviye,Çekirdek,Erkek,Kulüp,Takım Sporu,Türkiye,Yerli,Türk Takımı Var,TV+ Yok,Yıllık,Sürekli Lig,Fikstür,Bilgi,Takım,Jenerik,Türkçe,Head,Fikstür,Çekirdek,1000,LOW,1,,,,evet,1000,70,590,1300,1000,1000,720,1300,720,1000,880,2900,,hayır,Çekirdek
başakşehir puan durumu,Süper Lig,Futbol,Lig,1. Seviye,Çekirdek,Erkek,Kulüp,Takım Sporu,Türkiye,Yerli,Türk Takımı Var,TV+ Yok,Yıllık,Sürekli Lig,Puan Durumu,Bilgi,Takım,Jenerik,Türkçe,Body,Puan Durumu,Çekirdek,74000,LOW,0,0.03,0.02,0.26,evet,22200,5400,135000,165000,90500,90500,60500,90500,49500,60500,33100,60500,,hayır,Çekirdek
başakşehir kadrosu,Süper Lig,Futbol,Lig,1. Seviye,Çekirdek,Erkek,Kulüp,Takım Sporu,Türkiye,Yerli,Türk Takımı Var,TV+ Yok,Yıllık,Sürekli Lig,Kadro,Bilgi,Takım,Jenerik,Türkçe,Head,Kadro,Çekirdek,2400,LOW,0,0.44,,,evet,2400,1600,1900,1900,2900,2900,1600,3600,1300,1900,2400,3600,,hayır,Çekirdek
başakşehir canlı izle,Süper Lig,Futbol,Lig,1. Seviye,Çekirdek,Erkek,Kulüp,Takım Sporu,Türkiye,Yerli,Türk Takımı Var,TV+ Yok,Yıllık,Sürekli Lig,Canlı İzle,İzleme,Takım,Jenerik,Türkçe,Body,Canlı İzle,Çekirdek,1300,LOW,5,0.43,,,evet,90,320,1000,1000,1300,1600,2400,2400,1900,1900,1600,590,,hayır,Çekirdek
başakşehir transfer,Süper Lig,Futbol,Lig,1. Seviye,Çekirdek,Erkek,Kulüp,Takım Sporu,Türkiye,Yerli,Türk Takımı Var,TV+ Yok,Yıllık,Sürekli Lig,Transfer,Bilgi,Takım,Jenerik,Türkçe,Head,Transfer,Çekirdek,1300,LOW,0,0.31,,,evet,2900,1600,720,320,320,1000,1600,590,210,320,1900,2900,,hayır,Çekirdek
samsunspor,Süper Lig,Futbol,Lig,1. Seviye,Çekirdek,Erkek,Kulüp,Takım Sporu,Türkiye,Yerli,Türk Takımı Var,TV+ Yok,Yıllık,Sürekli Lig,Takım Jenerik,Bilgi,Takım,Jenerik,İngilizce,Head,Takım Jenerik,Çekirdek,2740000,LOW,0,0.11,0.03,0.23,evet,368000,246000,1500000,2240000,4090000,4090000,1830000,5000000,5000000,4090000,1500000,5000000,,hayır,Çekirdek
samsunspor maçları,Süper Lig,Futbol,Lig,1. Seviye,Çekirdek,Erkek,Kulüp,Takım Sporu,Türkiye,Yerli,Türk Takımı Var,TV+ Yok,Yıllık,Sürekli Lig,Takım Maç Sorgusu,Bilgi,Takım,Jenerik,Türkçe,Head,Takım Maç Sorgusu,Çekirdek,135000,LOW,0,0.14,0.04,0.2,evet,18100,5400,74000,110000,201000,165000,135000,246000,301000,201000,90500,165000,,hayır,Çekirdek
samsunspor fikstür,Süper Lig,Futbol,Lig,1. Seviye,Çekirdek,Erkek,Kulüp,Takım Sporu,Türkiye,Yerli,Türk Takımı Var,TV+ Yok,Yıllık,Sürekli Lig,Fikstür,Bilgi,Takım,Jenerik,Türkçe,Head,Fikstür,Çekirdek,5400,LOW,1,0.24,0.05,0.24,evet,1900,170,1600,4400,6600,6600,4400,8100,12100,9900,5400,8100,,hayır,Çekirdek
samsunspor puan durumu,Süper Lig,Futbol,Lig,1. Seviye,Çekirdek,Erkek,Kulüp,Takım Sporu,Türkiye,Yerli,Türk Takımı Var,TV+ Yok,Yıllık,Sürekli Lig,Puan Durumu,Bilgi,Takım,Jenerik,İngilizce,Body,Puan Durumu,Çekirdek,368000,LOW,0,,0.04,0.25,evet,9900,6600,301000,368000,368000,368000,301000,823000,1000000,550000,201000,246000,,hayır,Çekirdek
samsunspor kadrosu,Süper Lig,Futbol,Lig,1. Seviye,Çekirdek,Erkek,Kulüp,Takım Sporu,Türkiye,Yerli,Türk Takımı Var,TV+ Yok,Yıllık,Sürekli Lig,Kadro,Bilgi,Takım,Jenerik,İngilizce,Head,Kadro,Çekirdek,3600,LOW,0,,,,evet,1300,1000,3600,2400,3600,2900,3600,5400,4400,4400,1900,3600,,hayır,Çekirdek
samsunspor canlı izle,Süper Lig,Futbol,Lig,1. Seviye,Çekirdek,Erkek,Kulüp,Takım Sporu,Türkiye,Yerli,Türk Takımı Var,TV+ Yok,Yıllık,Sürekli Lig,Canlı İzle,İzleme,Takım,Jenerik,Türkçe,Body,Canlı İzle,Çekirdek,720,LOW,4,,,,evet,90,10,260,720,880,720,210,1000,1600,1000,480,2400,,hayır,Çekirdek
samsunspor transfer,Süper Lig,Futbol,Lig,1. Seviye,Çekirdek,Erkek,Kulüp,Takım Sporu,Türkiye,Yerli,Türk Takımı Var,TV+ Yok,Yıllık,Sürekli Lig,Transfer,Bilgi,Takım,Jenerik,İngilizce,Head,Transfer,Çekirdek,12100,LOW,0,1.13,0.21,0.37,evet,18100,9900,5400,1000,720,5400,22200,5400,1900,1300,22200,49500,,hayır,Çekirdek
kocaelispor,Süper Lig,Futbol,Lig,1. Seviye,Çekirdek,Erkek,Kulüp,Takım Sporu,Türkiye,Yerli,Türk Takımı Var,TV+ Yok,Yıllık,Sürekli Lig,Takım Jenerik,Bilgi,Takım,Jenerik,İngilizce,Head,Takım Jenerik,Çekirdek,823000,LOW,0,0.26,0.1,0.37,evet,110000,90500,550000,1220000,823000,1220000,550000,1000000,1500000,823000,673000,1000000,,hayır,Çekirdek
kocaelispor maçları,Süper Lig,Futbol,Lig,1. Seviye,Çekirdek,Erkek,Kulüp,Takım Sporu,Türkiye,Yerli,Türk Takımı Var,TV+ Yok,Yıllık,Sürekli Lig,Takım Maç Sorgusu,Bilgi,Takım,Jenerik,Türkçe,Head,Takım Maç Sorgusu,Çekirdek,49500,LOW,0,,,,evet,6600,1600,22200,90500,40500,90500,33100,60500,90500,60500,49500,74000,,hayır,Çekirdek
kocaelispor fikstür,Süper Lig,Futbol,Lig,1. Seviye,Çekirdek,Erkek,Kulüp,Takım Sporu,Türkiye,Yerli,Türk Takımı Var,TV+ Yok,Yıllık,Sürekli Lig,Fikstür,Bilgi,Takım,Jenerik,Türkçe,Head,Fikstür,Çekirdek,2900,LOW,1,0.1,0.03,0.14,evet,1600,70,720,2400,1900,3600,2400,2900,3600,3600,3600,5400,,hayır,Çekirdek
kocaelispor puan durumu,Süper Lig,Futbol,Lig,1. Seviye,Çekirdek,Erkek,Kulüp,Takım Sporu,Türkiye,Yerli,Türk Takımı Var,TV+ Yok,Yıllık,Sürekli Lig,Puan Durumu,Bilgi,Takım,Jenerik,İngilizce,Body,Puan Durumu,Çekirdek,135000,LOW,0,0.04,,,evet,4400,2900,135000,246000,135000,201000,74000,165000,246000,201000,90500,110000,,hayır,Çekirdek
kocaelispor kadrosu,Süper Lig,Futbol,Lig,1. Seviye,Çekirdek,Erkek,Kulüp,Takım Sporu,Türkiye,Yerli,Türk Takımı Var,TV+ Yok,Yıllık,Sürekli Lig,Kadro,Bilgi,Takım,Jenerik,İngilizce,Head,Kadro,Çekirdek,1600,LOW,0,,,,evet,720,480,880,2400,720,2900,1300,1300,2900,1000,1300,2900,,hayır,Çekirdek
kocaelispor canlı izle,Süper Lig,Futbol,Lig,1. Seviye,Çekirdek,Erkek,Kulüp,Takım Sporu,Türkiye,Yerli,Türk Takımı Var,TV+ Yok,Yıllık,Sürekli Lig,Canlı İzle,İzleme,Takım,Jenerik,Türkçe,Body,Canlı İzle,Çekirdek,260,LOW,0,,,,evet,40,20,110,170,140,480,320,480,320,210,170,390,,hayır,Çekirdek
kocaelispor transfer,Süper Lig,Futbol,Lig,1. Seviye,Çekirdek,Erkek,Kulüp,Takım Sporu,Türkiye,Yerli,Türk Takımı Var,TV+ Yok,Yıllık,Sürekli Lig,Transfer,Bilgi,Takım,Jenerik,İngilizce,Head,Transfer,Çekirdek,1900,LOW,1,0.08,0.26,0.78,evet,2900,1600,720,260,110,1600,2400,880,480,170,3600,8100,,hayır,Çekirdek
göztepe,Süper Lig,Futbol,Lig,1. Seviye,Çekirdek,Erkek,Kulüp,Takım Sporu,Türkiye,Yerli,Türk Takımı Var,TV+ Yok,Yıllık,Sürekli Lig,Takım Jenerik,Bilgi,Takım,Jenerik,Türkçe,Head,Takım Jenerik,Çekirdek,1220000,LOW,2,0.22,0.02,0.15,evet,301000,246000,1220000,1830000,1000000,1830000,1500000,1500000,1220000,1220000,1220000,1500000,,hayır,Çekirdek
göztepe maçları,Süper Lig,Futbol,Lig,1. Seviye,Çekirdek,Erkek,Kulüp,Takım Sporu,Türkiye,Yerli,Türk Takımı Var,TV+ Yok,Yıllık,Sürekli Lig,Takım Maç Sorgusu,Bilgi,Takım,Jenerik,Türkçe,Head,Takım Maç Sorgusu,Çekirdek,110000,LOW,1,,0.04,0.22,evet,12100,6600,90500,201000,90500,165000,135000,135000,110000,110000,110000,135000,,hayır,Çekirdek
göztepe fikstür,Süper Lig,Futbol,Lig,1. Seviye,Çekirdek,Erkek,Kulüp,Takım Sporu,Türkiye,Yerli,Türk Takımı Var,TV+ Yok,Yıllık,Sürekli Lig,Fikstür,Bilgi,Takım,Jenerik,Türkçe,Head,Fikstür,Çekirdek,5400,LOW,1,0.16,0.05,0.2,evet,2900,320,2400,8100,5400,8100,6600,6600,6600,8100,8100,8100,,hayır,Çekirdek
göztepe puan durumu,Süper Lig,Futbol,Lig,1. Seviye,Çekirdek,Erkek,Kulüp,Takım Sporu,Türkiye,Yerli,Türk Takımı Var,TV+ Yok,Yıllık,Sürekli Lig,Puan Durumu,Bilgi,Takım,Jenerik,Türkçe,Body,Puan Durumu,Çekirdek,165000,LOW,0,,,,evet,6600,4400,165000,246000,110000,246000,201000,201000,135000,165000,165000,165000,,hayır,Çekirdek
göztepe kadrosu,Süper Lig,Futbol,Lig,1. Seviye,Çekirdek,Erkek,Kulüp,Takım Sporu,Türkiye,Yerli,Türk Takımı Var,TV+ Yok,Yıllık,Sürekli Lig,Kadro,Bilgi,Takım,Jenerik,Türkçe,Head,Kadro,Çekirdek,2900,LOW,0,,,,evet,1300,1000,1600,4400,1600,3600,4400,2400,1600,2400,4400,5400,,hayır,Çekirdek
göztepe canlı izle,Süper Lig,Futbol,Lig,1. Seviye,Çekirdek,Erkek,Kulüp,Takım Sporu,Türkiye,Yerli,Türk Takımı Var,TV+ Yok,Yıllık,Sürekli Lig,Canlı İzle,İzleme,Takım,Jenerik,Türkçe,Body,Canlı İzle,Çekirdek,70,LOW,4,,,,evet,10,10,40,110,30,90,110,110,110,40,50,170,,hayır,Çekirdek
göztepe transfer,Süper Lig,Futbol,Lig,1. Seviye,Çekirdek,Erkek,Kulüp,Takım Sporu,Türkiye,Yerli,Türk Takımı Var,TV+ Yok,Yıllık,Sürekli Lig,Transfer,Bilgi,Takım,Jenerik,Türkçe,Head,Transfer,Çekirdek,6600,LOW,0,,0.26,0.52,evet,9900,6600,2400,720,590,6600,9900,4400,1000,1000,12100,14800,,hayır,Çekirdek
alanyaspor,Süper Lig,Futbol,Lig,1. Seviye,Çekirdek,Erkek,Kulüp,Takım Sporu,Türkiye,Yerli,Türk Takımı Var,TV+ Yok,Yıllık,Sürekli Lig,Takım Jenerik,Bilgi,Takım,Jenerik,İngilizce,Head,Takım Jenerik,Çekirdek,450000,LOW,0,0.11,0.03,0.14,evet,110000,27100,368000,550000,550000,823000,673000,550000,301000,301000,673000,368000,,hayır,Çekirdek
alanyaspor maçları,Süper Lig,Futbol,Lig,1. Seviye,Çekirdek,Erkek,Kulüp,Takım Sporu,Türkiye,Yerli,Türk Takımı Var,TV+ Yok,Yıllık,Sürekli Lig,Takım Maç Sorgusu,Bilgi,Takım,Jenerik,Türkçe,Head,Takım Maç Sorgusu,Çekirdek,27100,LOW,0,,0.04,0.11,evet,8100,1300,18100,33100,33100,40500,33100,27100,22200,22200,49500,22200,,hayır,Çekirdek
alanyaspor fikstür,Süper Lig,Futbol,Lig,1. Seviye,Çekirdek,Erkek,Kulüp,Takım Sporu,Türkiye,Yerli,Türk Takımı Var,TV+ Yok,Yıllık,Sürekli Lig,Fikstür,Bilgi,Takım,Jenerik,Türkçe,Head,Fikstür,Çekirdek,880,LOW,1,,,,evet,480,50,480,1000,880,1300,1000,880,720,720,1600,1000,,hayır,Çekirdek
alanyaspor puan durumu,Süper Lig,Futbol,Lig,1. Seviye,Çekirdek,Erkek,Kulüp,Takım Sporu,Türkiye,Yerli,Türk Takımı Var,TV+ Yok,Yıllık,Sürekli Lig,Puan Durumu,Bilgi,Takım,Jenerik,İngilizce,Body,Puan Durumu,Çekirdek,49500,LOW,0,0.33,0.03,0.26,evet,12100,1900,74000,74000,49500,74000,74000,60500,40500,40500,90500,40500,,hayır,Çekirdek
alanyaspor kadrosu,Süper Lig,Futbol,Lig,1. Seviye,Çekirdek,Erkek,Kulüp,Takım Sporu,Türkiye,Yerli,Türk Takımı Var,TV+ Yok,Yıllık,Sürekli Lig,Kadro,Bilgi,Takım,Jenerik,İngilizce,Head,Kadro,Çekirdek,2400,LOW,0,,,,evet,880,720,1000,2400,2900,4400,3600,2400,1600,1600,4400,1300,,hayır,Çekirdek
alanyaspor canlı izle,Süper Lig,Futbol,Lig,1. Seviye,Çekirdek,Erkek,Kulüp,Takım Sporu,Türkiye,Yerli,Türk Takımı Var,TV+ Yok,Yıllık,Sürekli Lig,Canlı İzle,İzleme,Takım,Jenerik,Türkçe,Body,Canlı İzle,Çekirdek,50,LOW,7,,,,evet,20,10,20,90,110,90,90,50,30,70,40,20,,hayır,Çekirdek
alanyaspor transfer,Süper Lig,Futbol,Lig,1. Seviye,Çekirdek,Erkek,Kulüp,Takım Sporu,Türkiye,Yerli,Türk Takımı Var,TV+ Yok,Yıllık,Sürekli Lig,Transfer,Bilgi,Takım,Jenerik,İngilizce,Head,Transfer,Çekirdek,720,LOW,16,1.56,0.63,1.58,evet,1600,880,590,260,210,720,880,320,260,390,1300,1000,,hayır,Çekirdek
konyaspor,Süper Lig,Futbol,Lig,1. Seviye,Çekirdek,Erkek,Kulüp,Takım Sporu,Türkiye,Yerli,Türk Takımı Var,TV+ Yok,Yıllık,Sürekli Lig,Takım Jenerik,Bilgi,Takım,Jenerik,İngilizce,Head,Takım Jenerik,Çekirdek,1000000,LOW,0,0.11,0.02,0.13,evet,301000,165000,1830000,1500000,823000,1500000,823000,823000,823000,823000,823000,1500000,,hayır,Çekirdek
konyaspor maçları,Süper Lig,Futbol,Lig,1. Seviye,Çekirdek,Erkek,Kulüp,Takım Sporu,Türkiye,Yerli,Türk Takımı Var,TV+ Yok,Yıllık,Sürekli Lig,Takım Maç Sorgusu,Bilgi,Takım,Jenerik,Türkçe,Head,Takım Maç Sorgusu,Çekirdek,49500,LOW,0,,0.06,0.16,evet,12100,3600,90500,110000,49500,74000,40500,49500,33100,40500,49500,90500,,hayır,Çekirdek
konyaspor fikstür,Süper Lig,Futbol,Lig,1. Seviye,Çekirdek,Erkek,Kulüp,Takım Sporu,Türkiye,Yerli,Türk Takımı Var,TV+ Yok,Yıllık,Sürekli Lig,Fikstür,Bilgi,Takım,Jenerik,Türkçe,Head,Fikstür,Çekirdek,1900,LOW,1,0.14,0.04,0.14,evet,1600,110,1600,2900,1900,3600,1900,1900,1900,2400,2400,2900,,hayır,Çekirdek
konyaspor puan durumu,Süper Lig,Futbol,Lig,1. Seviye,Çekirdek,Erkek,Kulüp,Takım Sporu,Türkiye,Yerli,Türk Takımı Var,TV+ Yok,Yıllık,Sürekli Lig,Puan Durumu,Bilgi,Takım,Jenerik,İngilizce,Body,Puan Durumu,Çekirdek,135000,LOW,0,,,,evet,6600,3600,201000,301000,135000,201000,74000,110000,90500,110000,110000,201000,,hayır,Çekirdek
konyaspor kadrosu,Süper Lig,Futbol,Lig,1. Seviye,Çekirdek,Erkek,Kulüp,Takım Sporu,Türkiye,Yerli,Türk Takımı Var,TV+ Yok,Yıllık,Sürekli Lig,Kadro,Bilgi,Takım,Jenerik,İngilizce,Head,Kadro,Çekirdek,480,LOW,0,,,,evet,260,260,880,880,320,880,480,480,390,320,480,590,,hayır,Çekirdek
konyaspor canlı izle,Süper Lig,Futbol,Lig,1. Seviye,Çekirdek,Erkek,Kulüp,Takım Sporu,Türkiye,Yerli,Türk Takımı Var,TV+ Yok,Yıllık,Sürekli Lig,Canlı İzle,İzleme,Takım,Jenerik,Türkçe,Body,Canlı İzle,Çekirdek,390,LOW,1,,,,evet,390,170,590,390,390,480,880,720,320,390,260,260,,hayır,Çekirdek
konyaspor transfer,Süper Lig,Futbol,Lig,1. Seviye,Çekirdek,Erkek,Kulüp,Takım Sporu,Türkiye,Yerli,Türk Takımı Var,TV+ Yok,Yıllık,Sürekli Lig,Transfer,Bilgi,Takım,Jenerik,İngilizce,Head,Transfer,Çekirdek,14800,LOW,1,0.1,0.03,0.31,evet,27100,14800,4400,1600,1000,9900,40500,18100,1300,1300,12100,33100,,hayır,Çekirdek
antalyaspor,Süper Lig,Futbol,Lig,1. Seviye,Çekirdek,Erkek,Kulüp,Takım Sporu,Türkiye,Yerli,Türk Takımı Var,TV+ Yok,Yıllık,Sürekli Lig,Takım Jenerik,Bilgi,Takım,Jenerik,İngilizce,Head,Takım Jenerik,Çekirdek,673000,LOW,0,0.72,,,evet,74000,60500,3350000,823000,673000,550000,368000,550000,368000,450000,550000,673000,,hayır,Çekirdek
antalyaspor maçları,Süper Lig,Futbol,Lig,1. Seviye,Çekirdek,Erkek,Kulüp,Takım Sporu,Türkiye,Yerli,Türk Takımı Var,TV+ Yok,Yıllık,Sürekli Lig,Takım Maç Sorgusu,Bilgi,Takım,Jenerik,Türkçe,Head,Takım Maç Sorgusu,Çekirdek,49500,LOW,0,3.31,,,evet,4400,2400,301000,74000,49500,40500,27100,33100,27100,33100,33100,40500,,hayır,Çekirdek
antalyaspor fikstür,Süper Lig,Futbol,Lig,1. Seviye,Çekirdek,Erkek,Kulüp,Takım Sporu,Türkiye,Yerli,Türk Takımı Var,TV+ Yok,Yıllık,Sürekli Lig,Fikstür,Bilgi,Takım,Jenerik,Türkçe,Head,Fikstür,Çekirdek,1600,LOW,1,,,,evet,480,70,3600,2400,1900,1900,1600,1600,1600,1900,1600,1900,,hayır,Çekirdek
antalyaspor puan durumu,Süper Lig,Futbol,Lig,1. Seviye,Çekirdek,Erkek,Kulüp,Takım Sporu,Türkiye,Yerli,Türk Takımı Var,TV+ Yok,Yıllık,Sürekli Lig,Puan Durumu,Bilgi,Takım,Jenerik,İngilizce,Body,Puan Durumu,Çekirdek,135000,LOW,0,,,,evet,5400,3600,1000000,165000,110000,90500,40500,60500,40500,49500,74000,74000,,hayır,Çekirdek
antalyaspor kadrosu,Süper Lig,Futbol,Lig,1. Seviye,Çekirdek,Erkek,Kulüp,Takım Sporu,Türkiye,Yerli,Türk Takımı Var,TV+ Yok,Yıllık,Sürekli Lig,Kadro,Bilgi,Takım,Jenerik,İngilizce,Head,Kadro,Çekirdek,1900,LOW,0,,,,evet,720,590,5400,1900,2900,2400,1300,1900,1000,1300,1900,1900,,hayır,Çekirdek
antalyaspor canlı izle,Süper Lig,Futbol,Lig,1. Seviye,Çekirdek,Erkek,Kulüp,Takım Sporu,Türkiye,Yerli,Türk Takımı Var,TV+ Yok,Yıllık,Sürekli Lig,Canlı İzle,İzleme,Takım,Jenerik,Türkçe,Body,Canlı İzle,Çekirdek,140,LOW,0,,,,evet,70,90,390,110,170,110,210,170,110,110,70,140,,hayır,Çekirdek
antalyaspor transfer,Süper Lig,Futbol,Lig,1. Seviye,Çekirdek,Erkek,Kulüp,Takım Sporu,Türkiye,Yerli,Türk Takımı Var,TV+ Yok,Yıllık,Sürekli Lig,Transfer,Bilgi,Takım,Jenerik,İngilizce,Head,Transfer,Çekirdek,720,LOW,1,,0.19,1.46,evet,1000,390,320,170,260,480,1300,480,140,320,1300,2400,,hayır,Çekirdek
kasımpaşa,Süper Lig,Futbol,Lig,1. Seviye,Çekirdek,Erkek,Kulüp,Takım Sporu,Türkiye,Yerli,Türk Takımı Var,TV+ Yok,Yıllık,Sürekli Lig,Takım Jenerik,Bilgi,Takım,Jenerik,Türkçe,Head,Takım Jenerik,Çekirdek,246000,LOW,2,0.06,,,evet,60500,60500,301000,301000,201000,673000,368000,246000,135000,201000,246000,165000,,hayır,Çekirdek
kasımpaşa maçları,Süper Lig,Futbol,Lig,1. Seviye,Çekirdek,Erkek,Kulüp,Takım Sporu,Türkiye,Yerli,Türk Takımı Var,TV+ Yok,Yıllık,Sürekli Lig,Takım Maç Sorgusu,Bilgi,Takım,Jenerik,Türkçe,Head,Takım Maç Sorgusu,Çekirdek,12100,LOW,0,0.07,,,evet,2400,720,14800,12100,22200,33100,12100,9900,8100,14800,18100,8100,,hayır,Çekirdek
kasımpaşa fikstür,Süper Lig,Futbol,Lig,1. Seviye,Çekirdek,Erkek,Kulüp,Takım Sporu,Türkiye,Yerli,Türk Takımı Var,TV+ Yok,Yıllık,Sürekli Lig,Fikstür,Bilgi,Takım,Jenerik,Türkçe,Head,Fikstür,Çekirdek,720,LOW,1,0.05,,,evet,320,20,1000,1300,880,1600,1300,720,480,590,590,590,,hayır,Çekirdek
kasımpaşa puan durumu,Süper Lig,Futbol,Lig,1. Seviye,Çekirdek,Erkek,Kulüp,Takım Sporu,Türkiye,Yerli,Türk Takımı Var,TV+ Yok,Yıllık,Sürekli Lig,Puan Durumu,Bilgi,Takım,Jenerik,Türkçe,Body,Puan Durumu,Çekirdek,22200,LOW,0,,,,evet,2900,1300,27100,14800,60500,74000,5400,6600,5400,22200,33100,8100,,hayır,Çekirdek
kasımpaşa kadrosu,Süper Lig,Futbol,Lig,1. Seviye,Çekirdek,Erkek,Kulüp,Takım Sporu,Türkiye,Yerli,Türk Takımı Var,TV+ Yok,Yıllık,Sürekli Lig,Kadro,Bilgi,Takım,Jenerik,Türkçe,Head,Kadro,Çekirdek,2400,LOW,0,,,,evet,590,590,1900,1600,1600,8100,4400,2400,720,1300,1600,1300,,hayır,Çekirdek
kasımpaşa canlı izle,Süper Lig,Futbol,Lig,1. Seviye,Çekirdek,Erkek,Kulüp,Takım Sporu,Türkiye,Yerli,Türk Takımı Var,TV+ Yok,Yıllık,Sürekli Lig,Canlı İzle,İzleme,Takım,Jenerik,Türkçe,Body,Canlı İzle,Çekirdek,50,LOW,7,,,,evet,10,0,40,40,70,110,90,70,30,50,20,30,,hayır,Çekirdek
kasımpaşa transfer,Süper Lig,Futbol,Lig,1. Seviye,Çekirdek,Erkek,Kulüp,Takım Sporu,Türkiye,Yerli,Türk Takımı Var,TV+ Yok,Yıllık,Sürekli Lig,Transfer,Bilgi,Takım,Jenerik,Türkçe,Head,Transfer,Çekirdek,880,LOW,1,,,,evet,720,390,110,90,140,1300,6600,210,50,140,480,1000,,hayır,Çekirdek
çaykur rizespor,Süper Lig,Futbol,Lig,1. Seviye,Çekirdek,Erkek,Kulüp,Takım Sporu,Türkiye,Yerli,Türk Takımı Var,TV+ Yok,Yıllık,Sürekli Lig,Takım Jenerik,Bilgi,Takım,Jenerik,Türkçe,Head,Takım Jenerik,Çekirdek,246000,LOW,0,0.16,0.02,0.22,evet,74000,33100,301000,673000,246000,368000,201000,301000,368000,246000,165000,246000,,hayır,Çekirdek
çaykur rizespor maçları,Süper Lig,Futbol,Lig,1. Seviye,Çekirdek,Erkek,Kulüp,Takım Sporu,Türkiye,Yerli,Türk Takımı Var,TV+ Yok,Yıllık,Sürekli Lig,Takım Maç Sorgusu,Bilgi,Takım,Jenerik,Türkçe,Body,Takım Maç Sorgusu,Çekirdek,1900,LOW,1,0.08,,,evet,590,210,1600,2900,1000,2400,1600,1900,2900,1900,1900,1600,,hayır,Çekirdek
çaykur rizespor fikstür,Süper Lig,Futbol,Lig,1. Seviye,Çekirdek,Erkek,Kulüp,Takım Sporu,Türkiye,Yerli,Türk Takımı Var,TV+ Yok,Yıllık,Sürekli Lig,Fikstür,Bilgi,Takım,Jenerik,Türkçe,Body,Fikstür,Çekirdek,170,LOW,1,,,,evet,140,10,50,210,140,170,140,140,170,210,170,320,,hayır,Çekirdek
çaykur rizespor puan durumu,Süper Lig,Futbol,Lig,1. Seviye,Çekirdek,Erkek,Kulüp,Takım Sporu,Türkiye,Yerli,Türk Takımı Var,TV+ Yok,Yıllık,Sürekli Lig,Puan Durumu,Bilgi,Takım,Jenerik,Türkçe,Body,Puan Durumu,Çekirdek,390,LOW,1,0.04,,,evet,70,50,390,1300,390,590,320,390,590,260,210,170,,hayır,Çekirdek
çaykur rizespor kadrosu,Süper Lig,Futbol,Lig,1. Seviye,Çekirdek,Erkek,Kulüp,Takım Sporu,Türkiye,Yerli,Türk Takımı Var,TV+ Yok,Yıllık,Sürekli Lig,Kadro,Bilgi,Takım,Jenerik,Türkçe,Body,Kadro,Çekirdek,320,LOW,0,,,,evet,170,170,260,720,390,390,260,260,390,210,320,480,,hayır,Çekirdek
çaykur rizespor canlı izle,Süper Lig,Futbol,Lig,1. Seviye,Çekirdek,Erkek,Kulüp,Takım Sporu,Türkiye,Yerli,Türk Takımı Var,TV+ Yok,Yıllık,Sürekli Lig,Canlı İzle,İzleme,Takım,Jenerik,Türkçe,Body,Canlı İzle,Çekirdek,40,LOW,5,0.16,,,evet,20,10,70,50,40,90,20,30,40,20,20,30,,hayır,Çekirdek
çaykur rizespor transfer,Süper Lig,Futbol,Lig,1. Seviye,Çekirdek,Erkek,Kulüp,Takım Sporu,Türkiye,Yerli,Türk Takımı Var,TV+ Yok,Yıllık,Sürekli Lig,Transfer,Bilgi,Takım,Jenerik,Türkçe,Body,Transfer,Çekirdek,320,LOW,1,0.19,,,evet,590,320,90,50,40,320,480,110,40,50,720,1000,,hayır,Çekirdek
gaziantep fk,Süper Lig,Futbol,Lig,1. Seviye,Çekirdek,Erkek,Kulüp,Takım Sporu,Türkiye,Yerli,Türk Takımı Var,TV+ Yok,Yıllık,Sürekli Lig,Takım Jenerik,Bilgi,Takım,Jenerik,İngilizce,Head,Takım Jenerik,Çekirdek,201000,LOW,0,0.05,0.06,0.21,evet,49500,27100,90500,201000,246000,201000,246000,246000,246000,301000,201000,246000,,hayır,Çekirdek
gaziantep fk maçları,Süper Lig,Futbol,Lig,1. Seviye,Çekirdek,Erkek,Kulüp,Takım Sporu,Türkiye,Yerli,Türk Takımı Var,TV+ Yok,Yıllık,Sürekli Lig,Takım Maç Sorgusu,Bilgi,Takım,Jenerik,Türkçe,Body,Takım Maç Sorgusu,Çekirdek,22200,LOW,0,,,,evet,4400,880,9900,27100,33100,22200,22200,33100,27100,49500,22200,18100,,hayır,Çekirdek
gaziantep fk fikstür,Süper Lig,Futbol,Lig,1. Seviye,Çekirdek,Erkek,Kulüp,Takım Sporu,Türkiye,Yerli,Türk Takımı Var,TV+ Yok,Yıllık,Sürekli Lig,Fikstür,Bilgi,Takım,Jenerik,Türkçe,Body,Fikstür,Çekirdek,480,LOW,1,,,,evet,320,20,140,480,480,480,480,480,590,720,590,720,,hayır,Çekirdek
gaziantep fk puan durumu,Süper Lig,Futbol,Lig,1. Seviye,Çekirdek,Erkek,Kulüp,Takım Sporu,Türkiye,Yerli,Türk Takımı Var,TV+ Yok,Yıllık,Sürekli Lig,Puan Durumu,Bilgi,Takım,Jenerik,İngilizce,Body,Puan Durumu,Çekirdek,74000,LOW,0,,,,evet,8100,1900,49500,110000,90500,74000,60500,90500,90500,135000,60500,40500,,hayır,Çekirdek
gaziantep fk kadrosu,Süper Lig,Futbol,Lig,1. Seviye,Çekirdek,Erkek,Kulüp,Takım Sporu,Türkiye,Yerli,Türk Takımı Var,TV+ Yok,Yıllık,Sürekli Lig,Kadro,Bilgi,Takım,Jenerik,İngilizce,Body,Kadro,Çekirdek,320,LOW,0,,,,evet,170,110,210,210,390,210,390,320,210,390,320,590,,hayır,Çekirdek
gaziantep fk canlı izle,Süper Lig,Futbol,Lig,1. Seviye,Çekirdek,Erkek,Kulüp,Takım Sporu,Türkiye,Yerli,Türk Takımı Var,TV+ Yok,Yıllık,Sürekli Lig,Canlı İzle,İzleme,Takım,Jenerik,Türkçe,Body,Canlı İzle,Çekirdek,30,LOW,4,,,,evet,10,0,10,20,10,10,10,30,70,70,30,40,,hayır,Çekirdek
gaziantep fk transfer,Süper Lig,Futbol,Lig,1. Seviye,Çekirdek,Erkek,Kulüp,Takım Sporu,Türkiye,Yerli,Türk Takımı Var,TV+ Yok,Yıllık,Sürekli Lig,Transfer,Bilgi,Takım,Jenerik,İngilizce,Body,Transfer,Çekirdek,590,LOW,1,,0.21,0.37,evet,1900,320,170,40,50,170,1000,480,90,140,880,2400,,hayır,Çekirdek
eyüpspor,Süper Lig,Futbol,Lig,1. Seviye,Çekirdek,Erkek,Kulüp,Takım Sporu,Türkiye,Yerli,Türk Takımı Var,TV+ Yok,Yıllık,Sürekli Lig,Takım Jenerik,Bilgi,Takım,Jenerik,Türkçe,Head,Takım Jenerik,Çekirdek,450000,LOW,0,0.26,0.05,0.31,evet,110000,40500,1220000,673000,368000,550000,368000,368000,368000,301000,301000,550000,,hayır,Çekirdek
eyüpspor maçları,Süper Lig,Futbol,Lig,1. Seviye,Çekirdek,Erkek,Kulüp,Takım Sporu,Türkiye,Yerli,Türk Takımı Var,TV+ Yok,Yıllık,Sürekli Lig,Takım Maç Sorgusu,Bilgi,Takım,Jenerik,Türkçe,Head,Takım Maç Sorgusu,Çekirdek,22200,LOW,0,,,,evet,4400,1000,60500,49500,18100,27100,14800,18100,14800,14800,14800,27100,,hayır,Çekirdek
eyüpspor fikstür,Süper Lig,Futbol,Lig,1. Seviye,Çekirdek,Erkek,Kulüp,Takım Sporu,Türkiye,Yerli,Türk Takımı Var,TV+ Yok,Yıllık,Sürekli Lig,Fikstür,Bilgi,Takım,Jenerik,Türkçe,Head,Fikstür,Çekirdek,480,LOW,1,,,,evet,140,10,880,1000,480,590,320,390,390,320,390,480,,hayır,Çekirdek
eyüpspor puan durumu,Süper Lig,Futbol,Lig,1. Seviye,Çekirdek,Erkek,Kulüp,Takım Sporu,Türkiye,Yerli,Türk Takımı Var,TV+ Yok,Yıllık,Sürekli Lig,Puan Durumu,Bilgi,Takım,Jenerik,Türkçe,Body,Puan Durumu,Çekirdek,74000,LOW,0,,0.02,0.08,evet,14800,2400,301000,135000,40500,74000,49500,49500,40500,33100,33100,49500,,hayır,Çekirdek
eyüpspor kadrosu,Süper Lig,Futbol,Lig,1. Seviye,Çekirdek,Erkek,Kulüp,Takım Sporu,Türkiye,Yerli,Türk Takımı Var,TV+ Yok,Yıllık,Sürekli Lig,Kadro,Bilgi,Takım,Jenerik,Türkçe,Head,Kadro,Çekirdek,1000,LOW,0,,,,evet,390,260,1000,720,590,1600,1600,1600,720,1000,1600,1900,,hayır,Çekirdek
eyüpspor canlı izle,Süper Lig,Futbol,Lig,1. Seviye,Çekirdek,Erkek,Kulüp,Takım Sporu,Türkiye,Yerli,Türk Takımı Var,TV+ Yok,Yıllık,Sürekli Lig,Canlı İzle,İzleme,Takım,Jenerik,Türkçe,Body,Canlı İzle,Çekirdek,40,LOW,0,,,,evet,10,0,20,20,10,40,20,70,40,50,40,110,,hayır,Çekirdek
eyüpspor transfer,Süper Lig,Futbol,Lig,1. Seviye,Çekirdek,Erkek,Kulüp,Takım Sporu,Türkiye,Yerli,Türk Takımı Var,TV+ Yok,Yıllık,Sürekli Lig,Transfer,Bilgi,Takım,Jenerik,Türkçe,Head,Transfer,Çekirdek,390,LOW,0,,,,evet,720,140,70,40,50,480,1300,210,50,170,590,880,,hayır,Çekirdek
fatih karagümrük,Süper Lig,Futbol,Lig,1. Seviye,Çekirdek,Erkek,Kulüp,Takım Sporu,Türkiye,Yerli,Türk Takımı Var,TV+ Yok,Yıllık,Sürekli Lig,Takım Jenerik,Bilgi,Takım,Jenerik,Türkçe,Head,Takım Jenerik,Çekirdek,14800,LOW,0,0.01,,,evet,4400,2400,9900,12100,22200,12100,14800,12100,12100,18100,12100,33100,,hayır,Çekirdek
fatih karagümrük maçları,Süper Lig,Futbol,Lig,1. Seviye,Çekirdek,Erkek,Kulüp,Takım Sporu,Türkiye,Yerli,Türk Takımı Var,TV+ Yok,Yıllık,Sürekli Lig,Takım Maç Sorgusu,Bilgi,Takım,Jenerik,Türkçe,Body,Takım Maç Sorgusu,Çekirdek,590,LOW,0,,,,evet,90,50,720,720,880,880,590,880,590,880,480,720,,hayır,Çekirdek
fatih karagümrük fikstür,Süper Lig,Futbol,Lig,1. Seviye,Çekirdek,Erkek,Kulüp,Takım Sporu,Türkiye,Yerli,Türk Takımı Var,TV+ Yok,Yıllık,Sürekli Lig,Fikstür,Bilgi,Takım,Jenerik,Türkçe,Body,Fikstür,Çekirdek,40,LOW,0,,,,evet,10,10,30,50,50,50,40,20,30,40,30,90,,hayır,Çekirdek
fatih karagümrük puan durumu,Süper Lig,Futbol,Lig,1. Seviye,Çekirdek,Erkek,Kulüp,Takım Sporu,Türkiye,Yerli,Türk Takımı Var,TV+ Yok,Yıllık,Sürekli Lig,Puan Durumu,Bilgi,Takım,Jenerik,Türkçe,Body,Puan Durumu,Çekirdek,170,LOW,0,,,,evet,30,20,260,320,480,210,170,210,140,210,110,90,,hayır,Çekirdek
fatih karagümrük kadrosu,Süper Lig,Futbol,Lig,1. Seviye,Çekirdek,Erkek,Kulüp,Takım Sporu,Türkiye,Yerli,Türk Takımı Var,TV+ Yok,Yıllık,Sürekli Lig,Kadro,Bilgi,Takım,Jenerik,Türkçe,Body,Kadro,Çekirdek,170,LOW,0,,,,evet,90,40,90,90,210,110,210,210,210,170,140,480,,hayır,Çekirdek
fatih karagümrük canlı izle,Süper Lig,Futbol,Lig,1. Seviye,Çekirdek,Erkek,Kulüp,Takım Sporu,Türkiye,Yerli,Türk Takımı Var,TV+ Yok,Yıllık,Sürekli Lig,Canlı İzle,İzleme,Takım,Jenerik,Türkçe,Body,Canlı İzle,Çekirdek,10,LOW,14,,,,evet,10,0,10,10,20,10,10,30,10,10,10,10,,hayır,Çekirdek
fatih karagümrük transfer,Süper Lig,Futbol,Lig,1. Seviye,Çekirdek,Erkek,Kulüp,Takım Sporu,Türkiye,Yerli,Türk Takımı Var,TV+ Yok,Yıllık,Sürekli Lig,Transfer,Bilgi,Takım,Jenerik,Türkçe,Body,Transfer,Çekirdek,50,LOW,0,,,,evet,70,10,10,10,10,50,170,30,10,20,90,210,,hayır,Çekirdek
gençlerbirliği,Süper Lig,Futbol,Lig,1. Seviye,Çekirdek,Erkek,Kulüp,Takım Sporu,Türkiye,Yerli,Türk Takımı Var,TV+ Yok,Yıllık,Sürekli Lig,Takım Jenerik,Bilgi,Takım,Jenerik,Türkçe,Head,Takım Jenerik,Çekirdek,823000,LOW,0,0.24,0.02,0.27,evet,90500,60500,2740000,1830000,550000,673000,246000,823000,823000,450000,368000,550000,,hayır,Çekirdek
gençlerbirliği maçları,Süper Lig,Futbol,Lig,1. Seviye,Çekirdek,Erkek,Kulüp,Takım Sporu,Türkiye,Yerli,Türk Takımı Var,TV+ Yok,Yıllık,Sürekli Lig,Takım Maç Sorgusu,Bilgi,Takım,Jenerik,Türkçe,Head,Takım Maç Sorgusu,Çekirdek,60500,LOW,0,0.07,,,evet,8100,1900,201000,165000,40500,49500,22200,49500,49500,33100,27100,40500,,hayır,Çekirdek
gençlerbirliği fikstür,Süper Lig,Futbol,Lig,1. Seviye,Çekirdek,Erkek,Kulüp,Takım Sporu,Türkiye,Yerli,Türk Takımı Var,TV+ Yok,Yıllık,Sürekli Lig,Fikstür,Bilgi,Takım,Jenerik,Türkçe,Head,Fikstür,Çekirdek,2900,LOW,1,,,,evet,1600,70,3600,5400,2400,2900,1600,2400,2400,2400,2400,3600,,hayır,Çekirdek
gençlerbirliği puan durumu,Süper Lig,Futbol,Lig,1. Seviye,Çekirdek,Erkek,Kulüp,Takım Sporu,Türkiye,Yerli,Türk Takımı Var,TV+ Yok,Yıllık,Sürekli Lig,Puan Durumu,Bilgi,Takım,Jenerik,Türkçe,Body,Puan Durumu,Çekirdek,135000,LOW,0,,,,evet,5400,4400,550000,368000,74000,90500,33100,135000,110000,74000,49500,60500,,hayır,Çekirdek
gençlerbirliği kadrosu,Süper Lig,Futbol,Lig,1. Seviye,Çekirdek,Erkek,Kulüp,Takım Sporu,Türkiye,Yerli,Türk Takımı Var,TV+ Yok,Yıllık,Sürekli Lig,Kadro,Bilgi,Takım,Jenerik,Türkçe,Head,Kadro,Çekirdek,1900,LOW,0,,,,evet,720,390,1900,5400,1600,1900,880,1600,2400,1300,1000,2400,,hayır,Çekirdek
gençlerbirliği canlı izle,Süper Lig,Futbol,Lig,1. Seviye,Çekirdek,Erkek,Kulüp,Takım Sporu,Türkiye,Yerli,Türk Takımı Var,TV+ Yok,Yıllık,Sürekli Lig,Canlı İzle,İzleme,Takım,Jenerik,Türkçe,Body,Canlı İzle,Çekirdek,50,LOW,10,,,,evet,10,10,110,140,50,50,20,50,70,40,40,110,,hayır,Çekirdek
gençlerbirliği transfer,Süper Lig,Futbol,Lig,1. Seviye,Çekirdek,Erkek,Kulüp,Takım Sporu,Türkiye,Yerli,Türk Takımı Var,TV+ Yok,Yıllık,Sürekli Lig,Transfer,Bilgi,Takım,Jenerik,Türkçe,Head,Transfer,Çekirdek,880,LOW,0,0.44,,,evet,1900,590,320,170,110,480,880,590,260,170,1300,3600,,hayır,Çekirdek
kayserispor,Süper Lig,Futbol,Lig,1. Seviye,Çekirdek,Erkek,Kulüp,Takım Sporu,Türkiye,Yerli,Türk Takımı Var,TV+ Yok,Yıllık,Sürekli Lig,Takım Jenerik,Bilgi,Takım,Jenerik,İngilizce,Head,Takım Jenerik,Çekirdek,673000,LOW,1,0.24,0.09,0.4,evet,165000,135000,1220000,1220000,673000,823000,550000,450000,673000,450000,550000,673000,,hayır,Çekirdek
kayserispor maçları,Süper Lig,Futbol,Lig,1. Seviye,Çekirdek,Erkek,Kulüp,Takım Sporu,Türkiye,Yerli,Türk Takımı Var,TV+ Yok,Yıllık,Sürekli Lig,Takım Maç Sorgusu,Bilgi,Takım,Jenerik,Türkçe,Head,Takım Maç Sorgusu,Çekirdek,40500,LOW,0,,0.03,0.41,evet,5400,2400,90500,110000,49500,49500,22200,22200,40500,27100,33100,40500,,hayır,Çekirdek
kayserispor fikstür,Süper Lig,Futbol,Lig,1. Seviye,Çekirdek,Erkek,Kulüp,Takım Sporu,Türkiye,Yerli,Türk Takımı Var,TV+ Yok,Yıllık,Sürekli Lig,Fikstür,Bilgi,Takım,Jenerik,Türkçe,Head,Fikstür,Çekirdek,1300,LOW,1,0.52,,,evet,590,40,1300,2900,1600,1600,880,880,1000,1000,1000,1300,,hayır,Çekirdek
kayserispor puan durumu,Süper Lig,Futbol,Lig,1. Seviye,Çekirdek,Erkek,Kulüp,Takım Sporu,Türkiye,Yerli,Türk Takımı Var,TV+ Yok,Yıllık,Sürekli Lig,Puan Durumu,Bilgi,Takım,Jenerik,İngilizce,Body,Puan Durumu,Çekirdek,90500,LOW,0,,,,evet,5400,3600,301000,301000,110000,110000,49500,60500,90500,49500,60500,60500,,hayır,Çekirdek
kayserispor kadrosu,Süper Lig,Futbol,Lig,1. Seviye,Çekirdek,Erkek,Kulüp,Takım Sporu,Türkiye,Yerli,Türk Takımı Var,TV+ Yok,Yıllık,Sürekli Lig,Kadro,Bilgi,Takım,Jenerik,İngilizce,Head,Kadro,Çekirdek,1000,LOW,0,0.09,,,evet,880,480,1300,1600,1000,1600,1000,590,880,720,1300,1900,,hayır,Çekirdek
kayserispor canlı izle,Süper Lig,Futbol,Lig,1. Seviye,Çekirdek,Erkek,Kulüp,Takım Sporu,Türkiye,Yerli,Türk Takımı Var,TV+ Yok,Yıllık,Sürekli Lig,Canlı İzle,İzleme,Takım,Jenerik,Türkçe,Body,Canlı İzle,Çekirdek,720,LOW,0,,,,evet,210,390,720,390,320,720,1900,1900,880,880,590,590,,hayır,Çekirdek
kayserispor transfer,Süper Lig,Futbol,Lig,1. Seviye,Çekirdek,Erkek,Kulüp,Takım Sporu,Türkiye,Yerli,Türk Takımı Var,TV+ Yok,Yıllık,Sürekli Lig,Transfer,Bilgi,Takım,Jenerik,İngilizce,Head,Transfer,Çekirdek,3600,LOW,2,0.16,0.13,0.32,evet,2400,880,260,170,210,2400,9900,5400,210,390,3600,14800,,hayır,Çekirdek
amed sportif,Süper Lig,Futbol,Lig,1. Seviye,Çekirdek,Erkek,Kulüp,Takım Sporu,Türkiye,Yerli,Türk Takımı Var,TV+ Yok,Yıllık,Sürekli Lig,Takım Jenerik,Bilgi,Takım,Jenerik,İngilizce,Head,Takım Jenerik,Çekirdek,1600,LOW,0,,,,evet,880,320,5400,4400,1000,1600,1000,1300,720,720,880,1000,,hayır,Çekirdek
amed sportif maçları,Süper Lig,Futbol,Lig,1. Seviye,Çekirdek,Erkek,Kulüp,Takım Sporu,Türkiye,Yerli,Türk Takımı Var,TV+ Yok,Yıllık,Sürekli Lig,Takım Maç Sorgusu,Bilgi,Takım,Jenerik,Türkçe,Body,Takım Maç Sorgusu,Çekirdek,74000,LOW,1,0.18,0.05,0.18,evet,9900,2400,246000,165000,74000,110000,49500,60500,27100,33100,33100,27100,,hayır,Çekirdek
amed sportif fikstür,Süper Lig,Futbol,Lig,1. Seviye,Çekirdek,Erkek,Kulüp,Takım Sporu,Türkiye,Yerli,Türk Takımı Var,TV+ Yok,Yıllık,Sürekli Lig,Fikstür,Bilgi,Takım,Jenerik,Türkçe,Body,Fikstür,Çekirdek,1300,LOW,2,0.16,0.06,0.13,evet,2400,70,720,2900,1600,1600,1000,1000,720,720,720,590,,hayır,Çekirdek
amed sportif puan durumu,Süper Lig,Futbol,Lig,1. Seviye,Çekirdek,Erkek,Kulüp,Takım Sporu,Türkiye,Yerli,Türk Takımı Var,TV+ Yok,Yıllık,Sürekli Lig,Puan Durumu,Bilgi,Takım,Jenerik,İngilizce,Body,Puan Durumu,Çekirdek,40500,LOW,1,,,,evet,1000,720,40500,110000,74000,90500,40500,49500,27100,18100,22200,9900,,hayır,Çekirdek
amed sportif kadrosu,Süper Lig,Futbol,Lig,1. Seviye,Çekirdek,Erkek,Kulüp,Takım Sporu,Türkiye,Yerli,Türk Takımı Var,TV+ Yok,Yıllık,Sürekli Lig,Kadro,Bilgi,Takım,Jenerik,İngilizce,Body,Kadro,Çekirdek,1000,LOW,0,,,,evet,1600,590,3600,1300,720,1000,1000,880,390,480,880,880,,hayır,Çekirdek
amed sportif canlı izle,Süper Lig,Futbol,Lig,1. Seviye,Çekirdek,Erkek,Kulüp,Takım Sporu,Türkiye,Yerli,Türk Takımı Var,TV+ Yok,Yıllık,Sürekli Lig,Canlı İzle,İzleme,Takım,Jenerik,Türkçe,Body,Canlı İzle,Çekirdek,2900,LOW,4,0.46,0.09,0.31,evet,210,50,14800,8100,1600,2900,1300,1300,480,720,1300,1300,,hayır,Çekirdek
amed sportif transfer,Süper Lig,Futbol,Lig,1. Seviye,Çekirdek,Erkek,Kulüp,Takım Sporu,Türkiye,Yerli,Türk Takımı Var,TV+ Yok,Yıllık,Sürekli Lig,Transfer,Bilgi,Takım,Jenerik,İngilizce,Body,Transfer,Çekirdek,50,LOW,0,,,,evet,210,140,110,30,20,20,40,10,10,10,10,30,,hayır,Çekirdek
çorum fk,Süper Lig,Futbol,Lig,1. Seviye,Çekirdek,Erkek,Kulüp,Takım Sporu,Türkiye,Yerli,Türk Takımı Var,TV+ Yok,Yıllık,Sürekli Lig,Takım Jenerik,Bilgi,Takım,Jenerik,Türkçe,Head,Takım Jenerik,Çekirdek,550000,LOW,0,0.08,0.02,0.24,evet,246000,110000,1830000,1000000,823000,550000,450000,450000,450000,450000,550000,550000,,hayır,Çekirdek
çorum fk maçları,Süper Lig,Futbol,Lig,1. Seviye,Çekirdek,Erkek,Kulüp,Takım Sporu,Türkiye,Yerli,Türk Takımı Var,TV+ Yok,Yıllık,Sürekli Lig,Takım Maç Sorgusu,Bilgi,Takım,Jenerik,Türkçe,Body,Takım Maç Sorgusu,Çekirdek,49500,LOW,0,0.09,0.05,0.16,evet,18100,3600,135000,90500,110000,40500,40500,33100,33100,40500,49500,40500,,hayır,Çekirdek
çorum fk fikstür,Süper Lig,Futbol,Lig,1. Seviye,Çekirdek,Erkek,Kulüp,Takım Sporu,Türkiye,Yerli,Türk Takımı Var,TV+ Yok,Yıllık,Sürekli Lig,Fikstür,Bilgi,Takım,Jenerik,Türkçe,Body,Fikstür,Çekirdek,590,LOW,1,0.1,,,evet,2400,50,590,390,720,390,390,320,390,480,590,720,,hayır,Çekirdek
çorum fk puan durumu,Süper Lig,Futbol,Lig,1. Seviye,Çekirdek,Erkek,Kulüp,Takım Sporu,Türkiye,Yerli,Türk Takımı Var,TV+ Yok,Yıllık,Sürekli Lig,Puan Durumu,Bilgi,Takım,Jenerik,Türkçe,Body,Puan Durumu,Çekirdek,165000,LOW,0,,,,evet,14800,5400,301000,368000,368000,201000,165000,165000,135000,165000,165000,135000,,hayır,Çekirdek
çorum fk kadrosu,Süper Lig,Futbol,Lig,1. Seviye,Çekirdek,Erkek,Kulüp,Takım Sporu,Türkiye,Yerli,Türk Takımı Var,TV+ Yok,Yıllık,Sürekli Lig,Kadro,Bilgi,Takım,Jenerik,Türkçe,Body,Kadro,Çekirdek,1000,LOW,0,,,,evet,2400,720,3600,720,880,590,1000,590,480,320,480,720,,hayır,Çekirdek
çorum fk canlı izle,Süper Lig,Futbol,Lig,1. Seviye,Çekirdek,Erkek,Kulüp,Takım Sporu,Türkiye,Yerli,Türk Takımı Var,TV+ Yok,Yıllık,Sürekli Lig,Canlı İzle,İzleme,Takım,Jenerik,Türkçe,Body,Canlı İzle,Çekirdek,260,LOW,2,,,,evet,10,10,1900,480,170,110,50,90,90,140,70,90,,hayır,Çekirdek
çorum fk transfer,Süper Lig,Futbol,Lig,1. Seviye,Çekirdek,Erkek,Kulüp,Takım Sporu,Türkiye,Yerli,Türk Takımı Var,TV+ Yok,Yıllık,Sürekli Lig,Transfer,Bilgi,Takım,Jenerik,Türkçe,Body,Transfer,Çekirdek,1600,LOW,0,0.39,0.25,0.37,evet,12100,4400,880,50,90,170,1300,390,50,70,480,1000,,hayır,Çekirdek
erzurumspor,Süper Lig,Futbol,Lig,1. Seviye,Çekirdek,Erkek,Kulüp,Takım Sporu,Türkiye,Yerli,Türk Takımı Var,TV+ Yok,Yıllık,Sürekli Lig,Takım Jenerik,Bilgi,Takım,Jenerik,İngilizce,Head,Takım Jenerik,Çekirdek,450000,LOW,0,0.64,0.13,0.65,evet,165000,74000,246000,1500000,823000,823000,550000,246000,201000,201000,246000,368000,,hayır,Çekirdek
erzurumspor maçları,Süper Lig,Futbol,Lig,1. Seviye,Çekirdek,Erkek,Kulüp,Takım Sporu,Türkiye,Yerli,Türk Takımı Var,TV+ Yok,Yıllık,Sürekli Lig,Takım Maç Sorgusu,Bilgi,Takım,Jenerik,Türkçe,Head,Takım Maç Sorgusu,Çekirdek,22200,LOW,0,,,,evet,4400,1000,6600,74000,49500,90500,18100,9900,8100,8100,12100,9900,,hayır,Çekirdek
erzurumspor fikstür,Süper Lig,Futbol,Lig,1. Seviye,Çekirdek,Erkek,Kulüp,Takım Sporu,Türkiye,Yerli,Türk Takımı Var,TV+ Yok,Yıllık,Sürekli Lig,Fikstür,Bilgi,Takım,Jenerik,Türkçe,Head,Fikstür,Çekirdek,1300,LOW,1,0.13,0.05,0.15,evet,3600,40,210,2900,2900,2900,1000,480,480,480,720,880,,hayır,Çekirdek
erzurumspor puan durumu,Süper Lig,Futbol,Lig,1. Seviye,Çekirdek,Erkek,Kulüp,Takım Sporu,Türkiye,Yerli,Türk Takımı Var,TV+ Yok,Yıllık,Sürekli Lig,Puan Durumu,Bilgi,Takım,Jenerik,İngilizce,Body,Puan Durumu,Çekirdek,49500,LOW,0,,,,evet,2900,1000,33100,135000,110000,246000,33100,18100,14800,12100,14800,12100,,hayır,Çekirdek
erzurumspor kadrosu,Süper Lig,Futbol,Lig,1. Seviye,Çekirdek,Erkek,Kulüp,Takım Sporu,Türkiye,Yerli,Türk Takımı Var,TV+ Yok,Yıllık,Sürekli Lig,Kadro,Bilgi,Takım,Jenerik,İngilizce,Head,Kadro,Çekirdek,720,LOW,0,,,,evet,880,390,1000,1600,880,1300,590,320,210,320,320,720,,hayır,Çekirdek
erzurumspor canlı izle,Süper Lig,Futbol,Lig,1. Seviye,Çekirdek,Erkek,Kulüp,Takım Sporu,Türkiye,Yerli,Türk Takımı Var,TV+ Yok,Yıllık,Sürekli Lig,Canlı İzle,İzleme,Takım,Jenerik,Türkçe,Body,Canlı İzle,Çekirdek,320,LOW,7,,,,evet,30,0,50,1300,590,480,260,140,90,170,140,170,,hayır,Çekirdek
erzurumspor transfer,Süper Lig,Futbol,Lig,1. Seviye,Çekirdek,Erkek,Kulüp,Takım Sporu,Türkiye,Yerli,Türk Takımı Var,TV+ Yok,Yıllık,Sürekli Lig,Transfer,Bilgi,Takım,Jenerik,İngilizce,Head,Transfer,Çekirdek,1600,LOW,1,0.92,0.29,1.49,evet,9900,3600,2400,720,170,1000,1900,210,50,30,390,1000,,hayır,Çekirdek
bandırmaspor,TFF 1. Lig,Futbol,Lig,2. Seviye,Çekirdek,Erkek,Kulüp,Takım Sporu,Türkiye,Yerli,Türk Takımı Var,TV+ Yok,Yıllık,Sürekli Lig,Takım Jenerik,Bilgi,Takım,Jenerik,Türkçe,Head,Takım Jenerik,Çekirdek,135000,LOW,0,,,,evet,18100,9900,90500,368000,246000,201000,110000,165000,135000,110000,110000,135000,,hayır,Çekirdek
bandırmaspor maçları,TFF 1. Lig,Futbol,Lig,2. Seviye,Çekirdek,Erkek,Kulüp,Takım Sporu,Türkiye,Yerli,Türk Takımı Var,TV+ Yok,Yıllık,Sürekli Lig,Takım Maç Sorgusu,Bilgi,Takım,Jenerik,Türkçe,Head,Takım Maç Sorgusu,Çekirdek,6600,LOW,0,0.35,,,evet,880,320,4400,27100,12100,6600,4400,6600,5400,5400,5400,6600,,hayır,Çekirdek
bandırmaspor fikstür,TFF 1. Lig,Futbol,Lig,2. Seviye,Çekirdek,Erkek,Kulüp,Takım Sporu,Türkiye,Yerli,Türk Takımı Var,TV+ Yok,Yıllık,Sürekli Lig,Fikstür,Bilgi,Takım,Jenerik,Türkçe,Head,Fikstür,Çekirdek,260,LOW,1,,,,evet,140,10,70,390,390,260,260,390,320,320,320,390,,hayır,Çekirdek
bandırmaspor puan durumu,TFF 1. Lig,Futbol,Lig,2. Seviye,Çekirdek,Erkek,Kulüp,Takım Sporu,Türkiye,Yerli,Türk Takımı Var,TV+ Yok,Yıllık,Sürekli Lig,Puan Durumu,Bilgi,Takım,Jenerik,Türkçe,Body,Puan Durumu,Çekirdek,33100,LOW,0,,,,evet,1300,720,22200,110000,49500,40500,27100,33100,27100,22200,22200,22200,,hayır,Çekirdek
bandırmaspor kadrosu,TFF 1. Lig,Futbol,Lig,2. Seviye,Çekirdek,Erkek,Kulüp,Takım Sporu,Türkiye,Yerli,Türk Takımı Var,TV+ Yok,Yıllık,Sürekli Lig,Kadro,Bilgi,Takım,Jenerik,Türkçe,Head,Kadro,Çekirdek,170,LOW,0,,,,evet,140,90,170,320,170,170,170,210,110,110,170,320,,hayır,Çekirdek
bandırmaspor canlı izle,TFF 1. Lig,Futbol,Lig,2. Seviye,Çekirdek,Erkek,Kulüp,Takım Sporu,Türkiye,Yerli,Türk Takımı Var,TV+ Yok,Yıllık,Sürekli Lig,Canlı İzle,İzleme,Takım,Jenerik,Türkçe,Body,Canlı İzle,Çekirdek,40,LOW,10,,,,evet,10,0,30,90,70,70,10,30,30,40,30,50,,hayır,Çekirdek
bandırmaspor transfer,TFF 1. Lig,Futbol,Lig,2. Seviye,Çekirdek,Erkek,Kulüp,Takım Sporu,Türkiye,Yerli,Türk Takımı Var,TV+ Yok,Yıllık,Sürekli Lig,Transfer,Bilgi,Takım,Jenerik,Türkçe,Head,Transfer,Çekirdek,140,LOW,0,,,,evet,260,170,50,20,20,140,260,90,20,40,140,390,,hayır,Çekirdek
sakaryaspor,TFF 1. Lig,Futbol,Lig,2. Seviye,Çekirdek,Erkek,Kulüp,Takım Sporu,Türkiye,Yerli,Türk Takımı Var,TV+ Yok,Yıllık,Sürekli Lig,Takım Jenerik,Bilgi,Takım,Jenerik,İngilizce,Head,Takım Jenerik,Çekirdek,301000,LOW,0,,,,evet,60500,40500,90500,550000,550000,673000,301000,301000,246000,301000,450000,368000,,hayır,Çekirdek
sakaryaspor maçları,TFF 1. Lig,Futbol,Lig,2. Seviye,Çekirdek,Erkek,Kulüp,Takım Sporu,Türkiye,Yerli,Türk Takımı Var,TV+ Yok,Yıllık,Sürekli Lig,Takım Maç Sorgusu,Bilgi,Takım,Jenerik,Türkçe,Head,Takım Maç Sorgusu,Çekirdek,18100,LOW,0,,,,evet,2400,1000,4400,40500,49500,33100,14800,14800,14800,22200,22200,18100,,hayır,Çekirdek
sakaryaspor fikstür,TFF 1. Lig,Futbol,Lig,2. Seviye,Çekirdek,Erkek,Kulüp,Takım Sporu,Türkiye,Yerli,Türk Takımı Var,TV+ Yok,Yıllık,Sürekli Lig,Fikstür,Bilgi,Takım,Jenerik,Türkçe,Head,Fikstür,Çekirdek,590,LOW,1,0.06,,,evet,390,90,50,590,1000,880,590,590,590,880,880,880,,hayır,Çekirdek
sakaryaspor puan durumu,TFF 1. Lig,Futbol,Lig,2. Seviye,Çekirdek,Erkek,Kulüp,Takım Sporu,Türkiye,Yerli,Türk Takımı Var,TV+ Yok,Yıllık,Sürekli Lig,Puan Durumu,Bilgi,Takım,Jenerik,İngilizce,Body,Puan Durumu,Çekirdek,90500,LOW,0,,,,evet,2900,1900,27100,201000,165000,165000,60500,74000,74000,90500,90500,60500,,hayır,Çekirdek
sakaryaspor kadrosu,TFF 1. Lig,Futbol,Lig,2. Seviye,Çekirdek,Erkek,Kulüp,Takım Sporu,Türkiye,Yerli,Türk Takımı Var,TV+ Yok,Yıllık,Sürekli Lig,Kadro,Bilgi,Takım,Jenerik,İngilizce,Head,Kadro,Çekirdek,590,LOW,0,,,,evet,390,170,260,480,590,1000,720,720,720,720,880,880,,hayır,Çekirdek
sakaryaspor canlı izle,TFF 1. Lig,Futbol,Lig,2. Seviye,Çekirdek,Erkek,Kulüp,Takım Sporu,Türkiye,Yerli,Türk Takımı Var,TV+ Yok,Yıllık,Sürekli Lig,Canlı İzle,İzleme,Takım,Jenerik,Türkçe,Body,Canlı İzle,Çekirdek,90,LOW,0,,,,evet,10,10,10,110,260,110,50,40,50,70,140,170,,hayır,Çekirdek
sakaryaspor transfer,TFF 1. Lig,Futbol,Lig,2. Seviye,Çekirdek,Erkek,Kulüp,Takım Sporu,Türkiye,Yerli,Türk Takımı Var,TV+ Yok,Yıllık,Sürekli Lig,Transfer,Bilgi,Takım,Jenerik,İngilizce,Head,Transfer,Çekirdek,720,LOW,1,1.32,0.23,0.71,evet,880,110,50,90,90,2900,1900,110,30,90,1600,1300,,hayır,Çekirdek
boluspor,TFF 1. Lig,Futbol,Lig,2. Seviye,Çekirdek,Erkek,Kulüp,Takım Sporu,Türkiye,Yerli,Türk Takımı Var,TV+ Yok,Yıllık,Sürekli Lig,Takım Jenerik,Bilgi,Takım,Jenerik,İngilizce,Head,Takım Jenerik,Çekirdek,135000,LOW,0,0.07,,,evet,27100,14800,40500,201000,165000,246000,201000,201000,165000,110000,201000,165000,,hayır,Çekirdek
boluspor maçları,TFF 1. Lig,Futbol,Lig,2. Seviye,Çekirdek,Erkek,Kulüp,Takım Sporu,Türkiye,Yerli,Türk Takımı Var,TV+ Yok,Yıllık,Sürekli Lig,Takım Maç Sorgusu,Bilgi,Takım,Jenerik,Türkçe,Head,Takım Maç Sorgusu,Çekirdek,18100,LOW,0,,,,evet,880,480,5400,33100,27100,33100,27100,33100,22200,12100,18100,9900,,hayır,Çekirdek
boluspor fikstür,TFF 1. Lig,Futbol,Lig,2. Seviye,Çekirdek,Erkek,Kulüp,Takım Sporu,Türkiye,Yerli,Türk Takımı Var,TV+ Yok,Yıllık,Sürekli Lig,Fikstür,Bilgi,Takım,Jenerik,Türkçe,Head,Fikstür,Çekirdek,590,LOW,1,,,,evet,110,20,110,1000,880,1000,880,1000,720,320,480,260,,hayır,Çekirdek
boluspor puan durumu,TFF 1. Lig,Futbol,Lig,2. Seviye,Çekirdek,Erkek,Kulüp,Takım Sporu,Türkiye,Yerli,Türk Takımı Var,TV+ Yok,Yıllık,Sürekli Lig,Puan Durumu,Bilgi,Takım,Jenerik,İngilizce,Body,Puan Durumu,Çekirdek,18100,LOW,0,,,,evet,390,320,5400,22200,14800,22200,14800,22200,27100,22200,40500,22200,,hayır,Çekirdek
boluspor kadrosu,TFF 1. Lig,Futbol,Lig,2. Seviye,Çekirdek,Erkek,Kulüp,Takım Sporu,Türkiye,Yerli,Türk Takımı Var,TV+ Yok,Yıllık,Sürekli Lig,Kadro,Bilgi,Takım,Jenerik,İngilizce,Head,Kadro,Çekirdek,390,LOW,0,,,,evet,480,170,320,390,390,590,590,390,320,170,320,590,,hayır,Çekirdek
boluspor canlı izle,TFF 1. Lig,Futbol,Lig,2. Seviye,Çekirdek,Erkek,Kulüp,Takım Sporu,Türkiye,Yerli,Türk Takımı Var,TV+ Yok,Yıllık,Sürekli Lig,Canlı İzle,İzleme,Takım,Jenerik,Türkçe,Body,Canlı İzle,Çekirdek,40,LOW,0,,,,evet,10,10,10,20,40,40,50,50,70,50,40,70,,hayır,Çekirdek
boluspor transfer,TFF 1. Lig,Futbol,Lig,2. Seviye,Çekirdek,Erkek,Kulüp,Takım Sporu,Türkiye,Yerli,Türk Takımı Var,TV+ Yok,Yıllık,Sürekli Lig,Transfer,Bilgi,Takım,Jenerik,İngilizce,Head,Transfer,Çekirdek,260,LOW,0,,,,evet,880,110,70,30,20,320,590,90,70,40,170,590,,hayır,Çekirdek
manisa fk,TFF 1. Lig,Futbol,Lig,2. Seviye,Çekirdek,Erkek,Kulüp,Takım Sporu,Türkiye,Yerli,Türk Takımı Var,TV+ Yok,Yıllık,Sürekli Lig,Takım Jenerik,Bilgi,Takım,Jenerik,İngilizce,Head,Takım Jenerik,Çekirdek,40500,LOW,0,,,,evet,14800,8100,14800,40500,60500,74000,49500,40500,33100,27100,40500,60500,,hayır,Çekirdek
manisa fk maçları,TFF 1. Lig,Futbol,Lig,2. Seviye,Çekirdek,Erkek,Kulüp,Takım Sporu,Türkiye,Yerli,Türk Takımı Var,TV+ Yok,Yıllık,Sürekli Lig,Takım Maç Sorgusu,Bilgi,Takım,Jenerik,Türkçe,Body,Takım Maç Sorgusu,Çekirdek,4400,LOW,0,,,,evet,590,260,2400,8100,12100,8100,5400,5400,3600,3600,3600,3600,,hayır,Çekirdek
manisa fk fikstür,TFF 1. Lig,Futbol,Lig,2. Seviye,Çekirdek,Erkek,Kulüp,Takım Sporu,Türkiye,Yerli,Türk Takımı Var,TV+ Yok,Yıllık,Sürekli Lig,Fikstür,Bilgi,Takım,Jenerik,Türkçe,Body,Fikstür,Çekirdek,210,LOW,1,,,,evet,110,10,30,260,260,260,210,210,260,260,320,170,,hayır,Çekirdek
manisa fk puan durumu,TFF 1. Lig,Futbol,Lig,2. Seviye,Çekirdek,Erkek,Kulüp,Takım Sporu,Türkiye,Yerli,Türk Takımı Var,TV+ Yok,Yıllık,Sürekli Lig,Puan Durumu,Bilgi,Takım,Jenerik,İngilizce,Body,Puan Durumu,Çekirdek,18100,LOW,0,,,,evet,1300,720,9900,33100,33100,33100,22200,22200,14800,9900,12100,8100,,hayır,Çekirdek
manisa fk kadrosu,TFF 1. Lig,Futbol,Lig,2. Seviye,Çekirdek,Erkek,Kulüp,Takım Sporu,Türkiye,Yerli,Türk Takımı Var,TV+ Yok,Yıllık,Sürekli Lig,Kadro,Bilgi,Takım,Jenerik,İngilizce,Body,Kadro,Çekirdek,20,LOW,0,,,,evet,30,20,10,20,20,20,20,20,20,10,20,40,,hayır,Çekirdek
manisa fk canlı izle,TFF 1. Lig,Futbol,Lig,2. Seviye,Çekirdek,Erkek,Kulüp,Takım Sporu,Türkiye,Yerli,Türk Takımı Var,TV+ Yok,Yıllık,Sürekli Lig,Canlı İzle,İzleme,Takım,Jenerik,Türkçe,Body,Canlı İzle,Çekirdek,10,,,,,,evet,0,0,10,20,10,10,10,10,10,10,10,20,,hayır,Çekirdek
manisa fk transfer,TFF 1. Lig,Futbol,Lig,2. Seviye,Çekirdek,Erkek,Kulüp,Takım Sporu,Türkiye,Yerli,Türk Takımı Var,TV+ Yok,Yıllık,Sürekli Lig,Transfer,Bilgi,Takım,Jenerik,İngilizce,Body,Transfer,Çekirdek,210,LOW,0,,,,evet,480,320,70,10,10,170,590,110,20,20,210,590,,hayır,Çekirdek
keçiörengücü,TFF 1. Lig,Futbol,Lig,2. Seviye,Çekirdek,Erkek,Kulüp,Takım Sporu,Türkiye,Yerli,Türk Takımı Var,TV+ Yok,Yıllık,Sürekli Lig,Takım Jenerik,Bilgi,Takım,Jenerik,Türkçe,Head,Takım Jenerik,Çekirdek,40500,LOW,0,,,,evet,8100,6600,40500,49500,33100,60500,60500,49500,22200,22200,33100,60500,,hayır,Çekirdek
keçiörengücü maçları,TFF 1. Lig,Futbol,Lig,2. Seviye,Çekirdek,Erkek,Kulüp,Takım Sporu,Türkiye,Yerli,Türk Takımı Var,TV+ Yok,Yıllık,Sürekli Lig,Takım Maç Sorgusu,Bilgi,Takım,Jenerik,Türkçe,Head,Takım Maç Sorgusu,Çekirdek,6600,LOW,0,0.2,,,evet,480,320,6600,18100,6600,9900,9900,6600,2900,2900,2900,4400,,hayır,Çekirdek
keçiörengücü fikstür,TFF 1. Lig,Futbol,Lig,2. Seviye,Çekirdek,Erkek,Kulüp,Takım Sporu,Türkiye,Yerli,Türk Takımı Var,TV+ Yok,Yıllık,Sürekli Lig,Fikstür,Bilgi,Takım,Jenerik,Türkçe,Head,Fikstür,Çekirdek,210,LOW,2,,,,evet,70,10,90,320,260,260,260,260,210,260,210,170,,hayır,Çekirdek
keçiörengücü puan durumu,TFF 1. Lig,Futbol,Lig,2. Seviye,Çekirdek,Erkek,Kulüp,Takım Sporu,Türkiye,Yerli,Türk Takımı Var,TV+ Yok,Yıllık,Sürekli Lig,Puan Durumu,Bilgi,Takım,Jenerik,Türkçe,Body,Puan Durumu,Çekirdek,22200,LOW,0,,,,evet,1600,720,27100,74000,27100,33100,40500,22200,12100,9900,9900,18100,,hayır,Çekirdek
keçiörengücü kadrosu,TFF 1. Lig,Futbol,Lig,2. Seviye,Çekirdek,Erkek,Kulüp,Takım Sporu,Türkiye,Yerli,Türk Takımı Var,TV+ Yok,Yıllık,Sürekli Lig,Kadro,Bilgi,Takım,Jenerik,Türkçe,Head,Kadro,Çekirdek,170,LOW,0,,,,evet,70,40,170,140,140,170,480,170,90,110,140,260,,hayır,Çekirdek
keçiörengücü canlı izle,TFF 1. Lig,Futbol,Lig,2. Seviye,Çekirdek,Erkek,Kulüp,Takım Sporu,Türkiye,Yerli,Türk Takımı Var,TV+ Yok,Yıllık,Sürekli Lig,Canlı İzle,İzleme,Takım,Jenerik,Türkçe,Body,Canlı İzle,Çekirdek,30,LOW,0,,,,evet,10,10,10,30,30,70,20,90,40,20,10,20,,hayır,Çekirdek
keçiörengücü transfer,TFF 1. Lig,Futbol,Lig,2. Seviye,Çekirdek,Erkek,Kulüp,Takım Sporu,Türkiye,Yerli,Türk Takımı Var,TV+ Yok,Yıllık,Sürekli Lig,Transfer,Bilgi,Takım,Jenerik,Türkçe,Head,Transfer,Çekirdek,70,LOW,1,,,,evet,260,110,30,10,30,50,110,20,10,20,50,140,,hayır,Çekirdek
adana demirspor,TFF 1. Lig,Futbol,Lig,2. Seviye,Çekirdek,Erkek,Kulüp,Takım Sporu,Türkiye,Yerli,Türk Takımı Var,TV+ Yok,Yıllık,Sürekli Lig,Takım Jenerik,Bilgi,Takım,Jenerik,İngilizce,Head,Takım Jenerik,Çekirdek,246000,LOW,0,0.05,,,evet,110000,40500,201000,368000,246000,368000,201000,246000,201000,165000,301000,368000,,hayır,Çekirdek
adana demirspor maçları,TFF 1. Lig,Futbol,Lig,2. Seviye,Çekirdek,Erkek,Kulüp,Takım Sporu,Türkiye,Yerli,Türk Takımı Var,TV+ Yok,Yıllık,Sürekli Lig,Takım Maç Sorgusu,Bilgi,Takım,Jenerik,Türkçe,Body,Takım Maç Sorgusu,Çekirdek,14800,LOW,0,,,,evet,4400,3600,18100,27100,22200,33100,12100,14800,9900,9900,18100,22200,,hayır,Çekirdek
adana demirspor fikstür,TFF 1. Lig,Futbol,Lig,2. Seviye,Çekirdek,Erkek,Kulüp,Takım Sporu,Türkiye,Yerli,Türk Takımı Var,TV+ Yok,Yıllık,Sürekli Lig,Fikstür,Bilgi,Takım,Jenerik,Türkçe,Body,Fikstür,Çekirdek,260,LOW,1,,,,evet,260,70,70,210,210,320,210,210,210,260,390,480,,hayır,Çekirdek
adana demirspor puan durumu,TFF 1. Lig,Futbol,Lig,2. Seviye,Çekirdek,Erkek,Kulüp,Takım Sporu,Türkiye,Yerli,Türk Takımı Var,TV+ Yok,Yıllık,Sürekli Lig,Puan Durumu,Bilgi,Takım,Jenerik,İngilizce,Body,Puan Durumu,Çekirdek,49500,LOW,0,0.08,,,evet,6600,6600,60500,90500,74000,90500,40500,60500,40500,40500,60500,60500,,hayır,Çekirdek
adana demirspor kadrosu,TFF 1. Lig,Futbol,Lig,2. Seviye,Çekirdek,Erkek,Kulüp,Takım Sporu,Türkiye,Yerli,Türk Takımı Var,TV+ Yok,Yıllık,Sürekli Lig,Kadro,Bilgi,Takım,Jenerik,İngilizce,Body,Kadro,Çekirdek,590,LOW,0,,,,evet,480,260,590,880,720,880,590,390,320,390,590,1000,,hayır,Çekirdek
adana demirspor canlı izle,TFF 1. Lig,Futbol,Lig,2. Seviye,Çekirdek,Erkek,Kulüp,Takım Sporu,Türkiye,Yerli,Türk Takımı Var,TV+ Yok,Yıllık,Sürekli Lig,Canlı İzle,İzleme,Takım,Jenerik,Türkçe,Body,Canlı İzle,Çekirdek,50,LOW,0,,,,evet,10,10,10,50,30,70,20,50,30,50,110,90,,hayır,Çekirdek
adana demirspor transfer,TFF 1. Lig,Futbol,Lig,2. Seviye,Çekirdek,Erkek,Kulüp,Takım Sporu,Türkiye,Yerli,Türk Takımı Var,TV+ Yok,Yıllık,Sürekli Lig,Transfer,Bilgi,Takım,Jenerik,İngilizce,Body,Transfer,Çekirdek,170,LOW,0,,,,evet,210,90,70,50,110,140,170,70,70,90,260,720,,hayır,Çekirdek
ümraniyespor,TFF 1. Lig,Futbol,Lig,2. Seviye,Çekirdek,Erkek,Kulüp,Takım Sporu,Türkiye,Yerli,Türk Takımı Var,TV+ Yok,Yıllık,Sürekli Lig,Takım Jenerik,Bilgi,Takım,Jenerik,Türkçe,Head,Takım Jenerik,Çekirdek,90500,LOW,0,0.11,0.03,0.16,evet,110000,5400,33100,165000,135000,110000,74000,110000,74000,60500,49500,90500,,hayır,Çekirdek
ümraniyespor maçları,TFF 1. Lig,Futbol,Lig,2. Seviye,Çekirdek,Erkek,Kulüp,Takım Sporu,Türkiye,Yerli,Türk Takımı Var,TV+ Yok,Yıllık,Sürekli Lig,Takım Maç Sorgusu,Bilgi,Takım,Jenerik,Türkçe,Head,Takım Maç Sorgusu,Çekirdek,3600,LOW,0,,,,evet,4400,260,1000,9900,8100,4400,2900,4400,2900,2900,2400,3600,,hayır,Çekirdek
ümraniyespor fikstür,TFF 1. Lig,Futbol,Lig,2. Seviye,Çekirdek,Erkek,Kulüp,Takım Sporu,Türkiye,Yerli,Türk Takımı Var,TV+ Yok,Yıllık,Sürekli Lig,Fikstür,Bilgi,Takım,Jenerik,Türkçe,Head,Fikstür,Çekirdek,110,LOW,0,,,,evet,50,10,20,170,140,140,110,140,140,140,140,140,,hayır,Çekirdek
ümraniyespor puan durumu,TFF 1. Lig,Futbol,Lig,2. Seviye,Çekirdek,Erkek,Kulüp,Takım Sporu,Türkiye,Yerli,Türk Takımı Var,TV+ Yok,Yıllık,Sürekli Lig,Puan Durumu,Bilgi,Takım,Jenerik,Türkçe,Body,Puan Durumu,Çekirdek,14800,LOW,0,,,,evet,12100,590,6600,40500,27100,22200,12100,18100,12100,9900,8100,9900,,hayır,Çekirdek
ümraniyespor kadrosu,TFF 1. Lig,Futbol,Lig,2. Seviye,Çekirdek,Erkek,Kulüp,Takım Sporu,Türkiye,Yerli,Türk Takımı Var,TV+ Yok,Yıllık,Sürekli Lig,Kadro,Bilgi,Takım,Jenerik,Türkçe,Head,Kadro,Çekirdek,210,LOW,0,,,,evet,590,70,90,320,260,210,210,170,140,110,140,210,,hayır,Çekirdek
ümraniyespor canlı izle,TFF 1. Lig,Futbol,Lig,2. Seviye,Çekirdek,Erkek,Kulüp,Takım Sporu,Türkiye,Yerli,Türk Takımı Var,TV+ Yok,Yıllık,Sürekli Lig,Canlı İzle,İzleme,Takım,Jenerik,Türkçe,Body,Canlı İzle,Çekirdek,20,LOW,1,,,,evet,20,0,10,110,30,20,10,30,10,10,10,20,,hayır,Çekirdek
ümraniyespor transfer,TFF 1. Lig,Futbol,Lig,2. Seviye,Çekirdek,Erkek,Kulüp,Takım Sporu,Türkiye,Yerli,Türk Takımı Var,TV+ Yok,Yıllık,Sürekli Lig,Transfer,Bilgi,Takım,Jenerik,Türkçe,Head,Transfer,Çekirdek,40,LOW,0,,,,evet,170,70,10,10,10,10,40,10,10,10,30,90,,hayır,Çekirdek
vanspor,TFF 1. Lig,Futbol,Lig,2. Seviye,Çekirdek,Erkek,Kulüp,Takım Sporu,Türkiye,Yerli,Türk Takımı Var,TV+ Yok,Yıllık,Sürekli Lig,Takım Jenerik,Bilgi,Takım,Jenerik,İngilizce,Head,Takım Jenerik,Çekirdek,301000,LOW,0,,,,evet,40500,33100,74000,246000,301000,673000,246000,450000,368000,301000,368000,450000,,hayır,Çekirdek
vanspor maçları,TFF 1. Lig,Futbol,Lig,2. Seviye,Çekirdek,Erkek,Kulüp,Takım Sporu,Türkiye,Yerli,Türk Takımı Var,TV+ Yok,Yıllık,Sürekli Lig,Takım Maç Sorgusu,Bilgi,Takım,Jenerik,Türkçe,Head,Takım Maç Sorgusu,Çekirdek,18100,LOW,0,,,,evet,2400,720,2900,22200,22200,40500,14800,22200,22200,22200,18100,27100,,hayır,Çekirdek
vanspor fikstür,TFF 1. Lig,Futbol,Lig,2. Seviye,Çekirdek,Erkek,Kulüp,Takım Sporu,Türkiye,Yerli,Türk Takımı Var,TV+ Yok,Yıllık,Sürekli Lig,Fikstür,Bilgi,Takım,Jenerik,Türkçe,Head,Fikstür,Çekirdek,390,LOW,1,,,,evet,170,10,30,210,320,720,390,320,480,390,590,720,,hayır,Çekirdek
vanspor puan durumu,TFF 1. Lig,Futbol,Lig,2. Seviye,Çekirdek,Erkek,Kulüp,Takım Sporu,Türkiye,Yerli,Türk Takımı Var,TV+ Yok,Yıllık,Sürekli Lig,Puan Durumu,Bilgi,Takım,Jenerik,İngilizce,Body,Puan Durumu,Çekirdek,27100,LOW,0,,,,evet,3600,720,8100,60500,40500,49500,18100,33100,22200,27100,22200,18100,,hayır,Çekirdek
vanspor kadrosu,TFF 1. Lig,Futbol,Lig,2. Seviye,Çekirdek,Erkek,Kulüp,Takım Sporu,Türkiye,Yerli,Türk Takımı Var,TV+ Yok,Yıllık,Sürekli Lig,Kadro,Bilgi,Takım,Jenerik,İngilizce,Head,Kadro,Çekirdek,390,LOW,0,,,,evet,390,140,140,320,320,590,590,590,320,210,480,880,,hayır,Çekirdek
vanspor canlı izle,TFF 1. Lig,Futbol,Lig,2. Seviye,Çekirdek,Erkek,Kulüp,Takım Sporu,Türkiye,Yerli,Türk Takımı Var,TV+ Yok,Yıllık,Sürekli Lig,Canlı İzle,İzleme,Takım,Jenerik,Türkçe,Body,Canlı İzle,Çekirdek,720,LOW,0,,,,evet,10,10,70,480,590,1900,480,720,720,880,590,1600,,hayır,Çekirdek
vanspor transfer,TFF 1. Lig,Futbol,Lig,2. Seviye,Çekirdek,Erkek,Kulüp,Takım Sporu,Türkiye,Yerli,Türk Takımı Var,TV+ Yok,Yıllık,Sürekli Lig,Transfer,Bilgi,Takım,Jenerik,İngilizce,Head,Transfer,Çekirdek,590,LOW,0,,,,evet,1300,590,170,40,30,260,1600,590,70,40,390,1900,,hayır,Çekirdek
iğdır fk,TFF 1. Lig,Futbol,Lig,2. Seviye,Çekirdek,Erkek,Kulüp,Takım Sporu,Türkiye,Yerli,Türk Takımı Var,TV+ Yok,Yıllık,Sürekli Lig,Takım Jenerik,Bilgi,Takım,Jenerik,Türkçe,Head,Takım Jenerik,Çekirdek,90500,LOW,0,,,,evet,18100,22200,110000,74000,90500,135000,90500,135000,74000,74000,90500,90500,,hayır,Çekirdek
iğdır fk maçları,TFF 1. Lig,Futbol,Lig,2. Seviye,Çekirdek,Erkek,Kulüp,Takım Sporu,Türkiye,Yerli,Türk Takımı Var,TV+ Yok,Yıllık,Sürekli Lig,Takım Maç Sorgusu,Bilgi,Takım,Jenerik,Türkçe,Body,Takım Maç Sorgusu,Çekirdek,90,LOW,2,,,,evet,10,10,20,50,70,140,140,210,210,90,20,40,,hayır,Çekirdek
iğdır fk fikstür,TFF 1. Lig,Futbol,Lig,2. Seviye,Çekirdek,Erkek,Kulüp,Takım Sporu,Türkiye,Yerli,Türk Takımı Var,TV+ Yok,Yıllık,Sürekli Lig,Fikstür,Bilgi,Takım,Jenerik,Türkçe,Body,Fikstür,Çekirdek,,,,,,,hayir,,,,,,,,,,,,,,hayır,Çekirdek
iğdır fk puan durumu,TFF 1. Lig,Futbol,Lig,2. Seviye,Çekirdek,Erkek,Kulüp,Takım Sporu,Türkiye,Yerli,Türk Takımı Var,TV+ Yok,Yıllık,Sürekli Lig,Puan Durumu,Bilgi,Takım,Jenerik,Türkçe,Body,Puan Durumu,Çekirdek,49500,LOW,0,,,,evet,1900,1900,74000,74000,60500,90500,49500,74000,49500,49500,49500,33100,,hayır,Çekirdek
iğdır fk kadrosu,TFF 1. Lig,Futbol,Lig,2. Seviye,Çekirdek,Erkek,Kulüp,Takım Sporu,Türkiye,Yerli,Türk Takımı Var,TV+ Yok,Yıllık,Sürekli Lig,Kadro,Bilgi,Takım,Jenerik,Türkçe,Body,Kadro,Çekirdek,10,LOW,0,,,,evet,10,10,10,10,10,10,10,10,10,10,10,10,,hayır,Çekirdek
iğdır fk canlı izle,TFF 1. Lig,Futbol,Lig,2. Seviye,Çekirdek,Erkek,Kulüp,Takım Sporu,Türkiye,Yerli,Türk Takımı Var,TV+ Yok,Yıllık,Sürekli Lig,Canlı İzle,İzleme,Takım,Jenerik,Türkçe,Body,Canlı İzle,Çekirdek,10,,,,,,evet,0,0,20,10,0,10,10,10,10,10,10,20,,hayır,Çekirdek
iğdır fk transfer,TFF 1. Lig,Futbol,Lig,2. Seviye,Çekirdek,Erkek,Kulüp,Takım Sporu,Türkiye,Yerli,Türk Takımı Var,TV+ Yok,Yıllık,Sürekli Lig,Transfer,Bilgi,Takım,Jenerik,Türkçe,Body,Transfer,Çekirdek,320,LOW,0,,,,evet,720,720,210,70,40,390,880,110,20,30,260,390,,hayır,Çekirdek
pendikspor,TFF 1. Lig,Futbol,Lig,2. Seviye,Çekirdek,Erkek,Kulüp,Takım Sporu,Türkiye,Yerli,Türk Takımı Var,TV+ Yok,Yıllık,Sürekli Lig,Takım Jenerik,Bilgi,Takım,Jenerik,İngilizce,Head,Takım Jenerik,Çekirdek,301000,LOW,0,0.03,,,evet,14800,9900,301000,301000,246000,301000,450000,1000000,450000,165000,201000,90500,,hayır,Çekirdek
pendikspor maçları,TFF 1. Lig,Futbol,Lig,2. Seviye,Çekirdek,Erkek,Kulüp,Takım Sporu,Türkiye,Yerli,Türk Takımı Var,TV+ Yok,Yıllık,Sürekli Lig,Takım Maç Sorgusu,Bilgi,Takım,Jenerik,Türkçe,Head,Takım Maç Sorgusu,Çekirdek,14800,LOW,0,,,,evet,720,480,18100,18100,9900,12100,22200,49500,18100,6600,9900,5400,,hayır,Çekirdek
pendikspor fikstür,TFF 1. Lig,Futbol,Lig,2. Seviye,Çekirdek,Erkek,Kulüp,Takım Sporu,Türkiye,Yerli,Türk Takımı Var,TV+ Yok,Yıllık,Sürekli Lig,Fikstür,Bilgi,Takım,Jenerik,Türkçe,Head,Fikstür,Çekirdek,260,LOW,2,0.09,,,evet,90,10,140,260,320,320,320,390,260,260,260,210,,hayır,Çekirdek
pendikspor puan durumu,TFF 1. Lig,Futbol,Lig,2. Seviye,Çekirdek,Erkek,Kulüp,Takım Sporu,Türkiye,Yerli,Türk Takımı Var,TV+ Yok,Yıllık,Sürekli Lig,Puan Durumu,Bilgi,Takım,Jenerik,İngilizce,Body,Puan Durumu,Çekirdek,60500,LOW,0,,,,evet,1600,1300,60500,74000,49500,60500,110000,201000,74000,27100,33100,14800,,hayır,Çekirdek
pendikspor kadrosu,TFF 1. Lig,Futbol,Lig,2. Seviye,Çekirdek,Erkek,Kulüp,Takım Sporu,Türkiye,Yerli,Türk Takımı Var,TV+ Yok,Yıllık,Sürekli Lig,Kadro,Bilgi,Takım,Jenerik,İngilizce,Head,Kadro,Çekirdek,320,LOW,0,,,,evet,210,110,320,320,260,480,320,590,390,260,390,320,,hayır,Çekirdek
pendikspor canlı izle,TFF 1. Lig,Futbol,Lig,2. Seviye,Çekirdek,Erkek,Kulüp,Takım Sporu,Türkiye,Yerli,Türk Takımı Var,TV+ Yok,Yıllık,Sürekli Lig,Canlı İzle,İzleme,Takım,Jenerik,Türkçe,Body,Canlı İzle,Çekirdek,40,LOW,0,,,,evet,10,0,260,20,30,40,10,40,30,20,10,10,,hayır,Çekirdek
pendikspor transfer,TFF 1. Lig,Futbol,Lig,2. Seviye,Çekirdek,Erkek,Kulüp,Takım Sporu,Türkiye,Yerli,Türk Takımı Var,TV+ Yok,Yıllık,Sürekli Lig,Transfer,Bilgi,Takım,Jenerik,İngilizce,Head,Transfer,Çekirdek,140,LOW,1,0.65,,,evet,320,170,50,30,50,140,320,210,90,50,140,210,,hayır,Çekirdek
esenler erokspor,TFF 1. Lig,Futbol,Lig,2. Seviye,Çekirdek,Erkek,Kulüp,Takım Sporu,Türkiye,Yerli,Türk Takımı Var,TV+ Yok,Yıllık,Sürekli Lig,Takım Jenerik,Bilgi,Takım,Jenerik,İngilizce,Head,Takım Jenerik,Çekirdek,823000,LOW,0,,,,evet,18100,14800,1500000,3350000,1500000,1000000,368000,368000,301000,201000,246000,74000,,hayır,Çekirdek
esenler erokspor maçları,TFF 1. Lig,Futbol,Lig,2. Seviye,Çekirdek,Erkek,Kulüp,Takım Sporu,Türkiye,Yerli,Türk Takımı Var,TV+ Yok,Yıllık,Sürekli Lig,Takım Maç Sorgusu,Bilgi,Takım,Jenerik,Türkçe,Body,Takım Maç Sorgusu,Çekirdek,40500,LOW,0,,,,evet,720,320,90500,165000,135000,49500,9900,12100,9900,5400,2400,1300,,hayır,Çekirdek
esenler erokspor fikstür,TFF 1. Lig,Futbol,Lig,2. Seviye,Çekirdek,Erkek,Kulüp,Takım Sporu,Türkiye,Yerli,Türk Takımı Var,TV+ Yok,Yıllık,Sürekli Lig,Fikstür,Bilgi,Takım,Jenerik,Türkçe,Body,Fikstür,Çekirdek,170,LOW,0,,,,evet,10,10,140,720,390,260,70,30,70,50,40,30,,hayır,Çekirdek
esenler erokspor puan durumu,TFF 1. Lig,Futbol,Lig,2. Seviye,Çekirdek,Erkek,Kulüp,Takım Sporu,Türkiye,Yerli,Türk Takımı Var,TV+ Yok,Yıllık,Sürekli Lig,Puan Durumu,Bilgi,Takım,Jenerik,İngilizce,Body,Puan Durumu,Çekirdek,135000,LOW,0,,,,evet,1600,1000,550000,368000,368000,201000,49500,74000,49500,18100,8100,4400,,hayır,Çekirdek
esenler erokspor kadrosu,TFF 1. Lig,Futbol,Lig,2. Seviye,Çekirdek,Erkek,Kulüp,Takım Sporu,Türkiye,Yerli,Türk Takımı Var,TV+ Yok,Yıllık,Sürekli Lig,Kadro,Bilgi,Takım,Jenerik,İngilizce,Body,Kadro,Çekirdek,170,LOW,0,,,,evet,90,20,590,210,210,210,90,110,170,90,140,140,,hayır,Çekirdek
esenler erokspor canlı izle,TFF 1. Lig,Futbol,Lig,2. Seviye,Çekirdek,Erkek,Kulüp,Takım Sporu,Türkiye,Yerli,Türk Takımı Var,TV+ Yok,Yıllık,Sürekli Lig,Canlı İzle,İzleme,Takım,Jenerik,Türkçe,Body,Canlı İzle,Çekirdek,260,,,,,,evet,0,10,1000,880,210,170,40,90,30,50,70,70,,hayır,Çekirdek
esenler erokspor transfer,TFF 1. Lig,Futbol,Lig,2. Seviye,Çekirdek,Erkek,Kulüp,Takım Sporu,Türkiye,Yerli,Türk Takımı Var,TV+ Yok,Yıllık,Sürekli Lig,Transfer,Bilgi,Takım,Jenerik,İngilizce,Body,Transfer,Çekirdek,50,LOW,0,,,,evet,260,30,20,20,20,40,70,10,20,10,50,90,,hayır,Çekirdek
serikspor,TFF 1. Lig,Futbol,Lig,2. Seviye,Çekirdek,Erkek,Kulüp,Takım Sporu,Türkiye,Yerli,Türk Takımı Var,TV+ Yok,Yıllık,Sürekli Lig,Takım Jenerik,Bilgi,Takım,Jenerik,İngilizce,Head,Takım Jenerik,Çekirdek,33100,LOW,0,,,,evet,4400,2400,12100,49500,49500,40500,22200,40500,40500,40500,49500,49500,,hayır,Çekirdek
serikspor maçları,TFF 1. Lig,Futbol,Lig,2. Seviye,Çekirdek,Erkek,Kulüp,Takım Sporu,Türkiye,Yerli,Türk Takımı Var,TV+ Yok,Yıllık,Sürekli Lig,Takım Maç Sorgusu,Bilgi,Takım,Jenerik,Türkçe,Head,Takım Maç Sorgusu,Çekirdek,5400,LOW,0,,,,evet,320,170,1300,18100,14800,6600,2400,3600,4400,5400,5400,1600,,hayır,Çekirdek
serikspor fikstür,TFF 1. Lig,Futbol,Lig,2. Seviye,Çekirdek,Erkek,Kulüp,Takım Sporu,Türkiye,Yerli,Türk Takımı Var,TV+ Yok,Yıllık,Sürekli Lig,Fikstür,Bilgi,Takım,Jenerik,Türkçe,Head,Fikstür,Çekirdek,140,LOW,1,0.51,,,evet,50,10,10,210,320,170,90,110,90,110,170,210,,hayır,Çekirdek
serikspor puan durumu,TFF 1. Lig,Futbol,Lig,2. Seviye,Çekirdek,Erkek,Kulüp,Takım Sporu,Türkiye,Yerli,Türk Takımı Var,TV+ Yok,Yıllık,Sürekli Lig,Puan Durumu,Bilgi,Takım,Jenerik,İngilizce,Body,Puan Durumu,Çekirdek,22200,LOW,0,,,,evet,590,480,9900,60500,49500,27100,14800,22200,22200,18100,22200,3600,,hayır,Çekirdek
serikspor kadrosu,TFF 1. Lig,Futbol,Lig,2. Seviye,Çekirdek,Erkek,Kulüp,Takım Sporu,Türkiye,Yerli,Türk Takımı Var,TV+ Yok,Yıllık,Sürekli Lig,Kadro,Bilgi,Takım,Jenerik,İngilizce,Head,Kadro,Çekirdek,70,LOW,0,,,,evet,10,10,20,70,110,90,70,50,70,70,90,110,,hayır,Çekirdek
serikspor canlı izle,TFF 1. Lig,Futbol,Lig,2. Seviye,Çekirdek,Erkek,Kulüp,Takım Sporu,Türkiye,Yerli,Türk Takımı Var,TV+ Yok,Yıllık,Sürekli Lig,Canlı İzle,İzleme,Takım,Jenerik,Türkçe,Body,Canlı İzle,Çekirdek,30,,,,,,evet,0,0,10,70,70,70,10,50,10,40,30,40,,hayır,Çekirdek
serikspor transfer,TFF 1. Lig,Futbol,Lig,2. Seviye,Çekirdek,Erkek,Kulüp,Takım Sporu,Türkiye,Yerli,Türk Takımı Var,TV+ Yok,Yıllık,Sürekli Lig,Transfer,Bilgi,Takım,Jenerik,İngilizce,Head,Transfer,Çekirdek,70,LOW,0,,,,evet,50,10,10,10,30,140,210,30,10,10,30,210,,hayır,Çekirdek
hatayspor,TFF 1. Lig,Futbol,Lig,2. Seviye,Çekirdek,Erkek,Kulüp,Takım Sporu,Türkiye,Yerli,Türk Takımı Var,TV+ Yok,Yıllık,Sürekli Lig,Takım Jenerik,Bilgi,Takım,Jenerik,İngilizce,Head,Takım Jenerik,Çekirdek,135000,LOW,0,,,,evet,18100,12100,60500,135000,201000,165000,135000,165000,135000,135000,165000,201000,,hayır,Çekirdek
hatayspor maçları,TFF 1. Lig,Futbol,Lig,2. Seviye,Çekirdek,Erkek,Kulüp,Takım Sporu,Türkiye,Yerli,Türk Takımı Var,TV+ Yok,Yıllık,Sürekli Lig,Takım Maç Sorgusu,Bilgi,Takım,Jenerik,Türkçe,Head,Takım Maç Sorgusu,Çekirdek,8100,LOW,0,,,,evet,1600,880,2900,8100,9900,8100,6600,9900,9900,8100,12100,12100,,hayır,Çekirdek
hatayspor fikstür,TFF 1. Lig,Futbol,Lig,2. Seviye,Çekirdek,Erkek,Kulüp,Takım Sporu,Türkiye,Yerli,Türk Takımı Var,TV+ Yok,Yıllık,Sürekli Lig,Fikstür,Bilgi,Takım,Jenerik,Türkçe,Head,Fikstür,Çekirdek,210,LOW,1,,,,evet,110,20,40,140,210,210,260,260,320,320,390,480,,hayır,Çekirdek
hatayspor puan durumu,TFF 1. Lig,Futbol,Lig,2. Seviye,Çekirdek,Erkek,Kulüp,Takım Sporu,Türkiye,Yerli,Türk Takımı Var,TV+ Yok,Yıllık,Sürekli Lig,Puan Durumu,Bilgi,Takım,Jenerik,İngilizce,Body,Puan Durumu,Çekirdek,22200,LOW,0,,,,evet,2400,1300,18100,33100,33100,27100,22200,33100,33100,27100,33100,27100,,hayır,Çekirdek
hatayspor kadrosu,TFF 1. Lig,Futbol,Lig,2. Seviye,Çekirdek,Erkek,Kulüp,Takım Sporu,Türkiye,Yerli,Türk Takımı Var,TV+ Yok,Yıllık,Sürekli Lig,Kadro,Bilgi,Takım,Jenerik,İngilizce,Head,Kadro,Çekirdek,390,LOW,0,,,,evet,210,110,210,390,480,480,590,590,480,390,390,480,,hayır,Çekirdek
hatayspor canlı izle,TFF 1. Lig,Futbol,Lig,2. Seviye,Çekirdek,Erkek,Kulüp,Takım Sporu,Türkiye,Yerli,Türk Takımı Var,TV+ Yok,Yıllık,Sürekli Lig,Canlı İzle,İzleme,Takım,Jenerik,Türkçe,Body,Canlı İzle,Çekirdek,40,LOW,2,,,,evet,10,10,20,30,40,50,50,30,50,20,70,140,,hayır,Çekirdek
hatayspor transfer,TFF 1. Lig,Futbol,Lig,2. Seviye,Çekirdek,Erkek,Kulüp,Takım Sporu,Türkiye,Yerli,Türk Takımı Var,TV+ Yok,Yıllık,Sürekli Lig,Transfer,Bilgi,Takım,Jenerik,İngilizce,Head,Transfer,Çekirdek,170,LOW,0,,,,evet,140,50,50,30,90,390,880,90,40,70,140,260,,hayır,Çekirdek
sivasspor,TFF 1. Lig,Futbol,Lig,2. Seviye,Çekirdek,Erkek,Kulüp,Takım Sporu,Türkiye,Yerli,Türk Takımı Var,TV+ Yok,Yıllık,Sürekli Lig,Takım Jenerik,Bilgi,Takım,Jenerik,İngilizce,Head,Takım Jenerik,Çekirdek,450000,LOW,0,0.25,0.06,0.33,evet,165000,135000,201000,673000,673000,673000,1000000,450000,450000,450000,550000,550000,,hayır,Çekirdek
sivasspor maçları,TFF 1. Lig,Futbol,Lig,2. Seviye,Çekirdek,Erkek,Kulüp,Takım Sporu,Türkiye,Yerli,Türk Takımı Var,TV+ Yok,Yıllık,Sürekli Lig,Takım Maç Sorgusu,Bilgi,Takım,Jenerik,Türkçe,Head,Takım Maç Sorgusu,Çekirdek,33100,LOW,0,,,,evet,5400,1600,9900,60500,60500,49500,49500,27100,27100,33100,33100,33100,,hayır,Çekirdek
sivasspor fikstür,TFF 1. Lig,Futbol,Lig,2. Seviye,Çekirdek,Erkek,Kulüp,Takım Sporu,Türkiye,Yerli,Türk Takımı Var,TV+ Yok,Yıllık,Sürekli Lig,Fikstür,Bilgi,Takım,Jenerik,Türkçe,Head,Fikstür,Çekirdek,880,LOW,1,,,,evet,480,20,110,880,1300,1300,1000,880,880,1000,1300,1300,,hayır,Çekirdek
sivasspor puan durumu,TFF 1. Lig,Futbol,Lig,2. Seviye,Çekirdek,Erkek,Kulüp,Takım Sporu,Türkiye,Yerli,Türk Takımı Var,TV+ Yok,Yıllık,Sürekli Lig,Puan Durumu,Bilgi,Takım,Jenerik,İngilizce,Body,Puan Durumu,Çekirdek,110000,LOW,0,,,,evet,5400,3600,49500,201000,201000,165000,201000,110000,90500,110000,110000,74000,,hayır,Çekirdek
sivasspor kadrosu,TFF 1. Lig,Futbol,Lig,2. Seviye,Çekirdek,Erkek,Kulüp,Takım Sporu,Türkiye,Yerli,Türk Takımı Var,TV+ Yok,Yıllık,Sürekli Lig,Kadro,Bilgi,Takım,Jenerik,İngilizce,Head,Kadro,Çekirdek,880,LOW,0,,,,evet,880,390,480,880,720,1300,1300,720,720,590,1000,1300,,hayır,Çekirdek
sivasspor canlı izle,TFF 1. Lig,Futbol,Lig,2. Seviye,Çekirdek,Erkek,Kulüp,Takım Sporu,Türkiye,Yerli,Türk Takımı Var,TV+ Yok,Yıllık,Sürekli Lig,Canlı İzle,İzleme,Takım,Jenerik,Türkçe,Body,Canlı İzle,Çekirdek,210,LOW,10,0.47,,,evet,10,10,50,590,390,260,260,140,50,50,320,210,,hayır,Çekirdek
sivasspor transfer,TFF 1. Lig,Futbol,Lig,2. Seviye,Çekirdek,Erkek,Kulüp,Takım Sporu,Türkiye,Yerli,Türk Takımı Var,TV+ Yok,Yıllık,Sürekli Lig,Transfer,Bilgi,Takım,Jenerik,İngilizce,Head,Transfer,Çekirdek,2900,LOW,0,,0.24,0.37,evet,2400,720,720,260,210,4400,12100,1000,320,390,4400,8100,,hayır,Çekirdek
istanbulspor,TFF 1. Lig,Futbol,Lig,2. Seviye,Çekirdek,Erkek,Kulüp,Takım Sporu,Türkiye,Yerli,Türk Takımı Var,TV+ Yok,Yıllık,Sürekli Lig,Takım Jenerik,Bilgi,Takım,Jenerik,İngilizce,Head,Takım Jenerik,Çekirdek,110000,LOW,0,0.33,0.16,0.37,evet,14800,12100,60500,165000,165000,368000,135000,135000,60500,74000,90500,74000,,hayır,Çekirdek
istanbulspor maçları,TFF 1. Lig,Futbol,Lig,2. Seviye,Çekirdek,Erkek,Kulüp,Takım Sporu,Türkiye,Yerli,Türk Takımı Var,TV+ Yok,Yıllık,Sürekli Lig,Takım Maç Sorgusu,Bilgi,Takım,Jenerik,Türkçe,Head,Takım Maç Sorgusu,Çekirdek,5400,LOW,0,,,,evet,880,480,2400,9900,8100,14800,6600,6600,3600,5400,4400,4400,,hayır,Çekirdek
istanbulspor fikstür,TFF 1. Lig,Futbol,Lig,2. Seviye,Çekirdek,Erkek,Kulüp,Takım Sporu,Türkiye,Yerli,Türk Takımı Var,TV+ Yok,Yıllık,Sürekli Lig,Fikstür,Bilgi,Takım,Jenerik,Türkçe,Head,Fikstür,Çekirdek,170,LOW,1,,,,evet,110,10,50,260,260,210,210,210,170,140,140,140,,hayır,Çekirdek
istanbulspor puan durumu,TFF 1. Lig,Futbol,Lig,2. Seviye,Çekirdek,Erkek,Kulüp,Takım Sporu,Türkiye,Yerli,Türk Takımı Var,TV+ Yok,Yıllık,Sürekli Lig,Puan Durumu,Bilgi,Takım,Jenerik,İngilizce,Body,Puan Durumu,Çekirdek,18100,LOW,0,,,,evet,1600,1000,12100,33100,33100,49500,22200,22200,9900,12100,12100,8100,,hayır,Çekirdek
istanbulspor kadrosu,TFF 1. Lig,Futbol,Lig,2. Seviye,Çekirdek,Erkek,Kulüp,Takım Sporu,Türkiye,Yerli,Türk Takımı Var,TV+ Yok,Yıllık,Sürekli Lig,Kadro,Bilgi,Takım,Jenerik,İngilizce,Head,Kadro,Çekirdek,320,LOW,0,,,,evet,110,110,170,260,390,1000,390,210,140,210,210,320,,hayır,Çekirdek
istanbulspor canlı izle,TFF 1. Lig,Futbol,Lig,2. Seviye,Çekirdek,Erkek,Kulüp,Takım Sporu,Türkiye,Yerli,Türk Takımı Var,TV+ Yok,Yıllık,Sürekli Lig,Canlı İzle,İzleme,Takım,Jenerik,Türkçe,Body,Canlı İzle,Çekirdek,20,LOW,0,,,,evet,10,0,10,10,20,50,20,40,10,10,10,20,,hayır,Çekirdek
istanbulspor transfer,TFF 1. Lig,Futbol,Lig,2. Seviye,Çekirdek,Erkek,Kulüp,Takım Sporu,Türkiye,Yerli,Türk Takımı Var,TV+ Yok,Yıllık,Sürekli Lig,Transfer,Bilgi,Takım,Jenerik,İngilizce,Head,Transfer,Çekirdek,140,LOW,1,,,,evet,210,110,50,10,40,140,210,50,40,50,140,480,,hayır,Çekirdek
bodrum fk,TFF 1. Lig,Futbol,Lig,2. Seviye,Çekirdek,Erkek,Kulüp,Takım Sporu,Türkiye,Yerli,Türk Takımı Var,TV+ Yok,Yıllık,Sürekli Lig,Takım Jenerik,Bilgi,Takım,Jenerik,İngilizce,Head,Takım Jenerik,Çekirdek,246000,LOW,0,0.01,,,evet,14800,8100,301000,301000,246000,368000,201000,368000,368000,246000,201000,90500,,hayır,Çekirdek
bodrum fk maçları,TFF 1. Lig,Futbol,Lig,2. Seviye,Çekirdek,Erkek,Kulüp,Takım Sporu,Türkiye,Yerli,Türk Takımı Var,TV+ Yok,Yıllık,Sürekli Lig,Takım Maç Sorgusu,Bilgi,Takım,Jenerik,Türkçe,Body,Takım Maç Sorgusu,Çekirdek,8100,LOW,0,,,,evet,720,320,18100,18100,9900,9900,8100,18100,14800,3600,70,1900,,hayır,Çekirdek
bodrum fk fikstür,TFF 1. Lig,Futbol,Lig,2. Seviye,Çekirdek,Erkek,Kulüp,Takım Sporu,Türkiye,Yerli,Türk Takımı Var,TV+ Yok,Yıllık,Sürekli Lig,Fikstür,Bilgi,Takım,Jenerik,Türkçe,Body,Fikstür,Çekirdek,30,LOW,0,,,,evet,30,10,30,40,30,30,20,30,50,40,50,30,,hayır,Çekirdek
bodrum fk puan durumu,TFF 1. Lig,Futbol,Lig,2. Seviye,Çekirdek,Erkek,Kulüp,Takım Sporu,Türkiye,Yerli,Türk Takımı Var,TV+ Yok,Yıllık,Sürekli Lig,Puan Durumu,Bilgi,Takım,Jenerik,İngilizce,Body,Puan Durumu,Çekirdek,70,LOW,2,,,,evet,10,10,70,110,90,70,50,140,170,90,50,40,,hayır,Çekirdek
bodrum fk kadrosu,TFF 1. Lig,Futbol,Lig,2. Seviye,Çekirdek,Erkek,Kulüp,Takım Sporu,Türkiye,Yerli,Türk Takımı Var,TV+ Yok,Yıllık,Sürekli Lig,Kadro,Bilgi,Takım,Jenerik,İngilizce,Body,Kadro,Çekirdek,10,LOW,0,,,,evet,10,10,10,10,10,20,10,10,10,10,10,10,,hayır,Çekirdek
bodrum fk canlı izle,TFF 1. Lig,Futbol,Lig,2. Seviye,Çekirdek,Erkek,Kulüp,Takım Sporu,Türkiye,Yerli,Türk Takımı Var,TV+ Yok,Yıllık,Sürekli Lig,Canlı İzle,İzleme,Takım,Jenerik,Türkçe,Body,Canlı İzle,Çekirdek,30,,,,,,evet,0,0,90,40,70,30,20,110,0,0,0,0,,hayır,Çekirdek
bodrum fk transfer,TFF 1. Lig,Futbol,Lig,2. Seviye,Çekirdek,Erkek,Kulüp,Takım Sporu,Türkiye,Yerli,Türk Takımı Var,TV+ Yok,Yıllık,Sürekli Lig,Transfer,Bilgi,Takım,Jenerik,İngilizce,Body,Transfer,Çekirdek,50,LOW,0,,,,evet,140,40,20,10,10,110,140,30,10,20,30,70,,hayır,Çekirdek
şanlıurfaspor,TFF 1. Lig,Futbol,Lig,2. Seviye,Çekirdek,Erkek,Kulüp,Takım Sporu,Türkiye,Yerli,Türk Takımı Var,TV+ Yok,Yıllık,Sürekli Lig,Takım Jenerik,Bilgi,Takım,Jenerik,Türkçe,Head,Takım Jenerik,Çekirdek,201000,LOW,0,,,,evet,27100,18100,90500,301000,165000,165000,201000,246000,201000,301000,301000,135000,,hayır,Çekirdek
şanlıurfaspor maçları,TFF 1. Lig,Futbol,Lig,2. Seviye,Çekirdek,Erkek,Kulüp,Takım Sporu,Türkiye,Yerli,Türk Takımı Var,TV+ Yok,Yıllık,Sürekli Lig,Takım Maç Sorgusu,Bilgi,Takım,Jenerik,Türkçe,Head,Takım Maç Sorgusu,Çekirdek,18100,LOW,0,,,,evet,1300,880,9900,49500,14800,18100,22200,27100,22200,27100,27100,12100,,hayır,Çekirdek
şanlıurfaspor fikstür,TFF 1. Lig,Futbol,Lig,2. Seviye,Çekirdek,Erkek,Kulüp,Takım Sporu,Türkiye,Yerli,Türk Takımı Var,TV+ Yok,Yıllık,Sürekli Lig,Fikstür,Bilgi,Takım,Jenerik,Türkçe,Head,Fikstür,Çekirdek,170,LOW,1,,,,evet,50,10,40,260,140,140,140,170,210,260,260,210,,hayır,Çekirdek
şanlıurfaspor puan durumu,TFF 1. Lig,Futbol,Lig,2. Seviye,Çekirdek,Erkek,Kulüp,Takım Sporu,Türkiye,Yerli,Türk Takımı Var,TV+ Yok,Yıllık,Sürekli Lig,Puan Durumu,Bilgi,Takım,Jenerik,Türkçe,Body,Puan Durumu,Çekirdek,74000,LOW,0,,,,evet,1900,1600,27100,165000,74000,90500,90500,110000,90500,135000,110000,40500,,hayır,Çekirdek
şanlıurfaspor kadrosu,TFF 1. Lig,Futbol,Lig,2. Seviye,Çekirdek,Erkek,Kulüp,Takım Sporu,Türkiye,Yerli,Türk Takımı Var,TV+ Yok,Yıllık,Sürekli Lig,Kadro,Bilgi,Takım,Jenerik,Türkçe,Head,Kadro,Çekirdek,320,LOW,0,,,,evet,260,140,260,590,320,480,480,320,480,260,210,170,,hayır,Çekirdek
şanlıurfaspor canlı izle,TFF 1. Lig,Futbol,Lig,2. Seviye,Çekirdek,Erkek,Kulüp,Takım Sporu,Türkiye,Yerli,Türk Takımı Var,TV+ Yok,Yıllık,Sürekli Lig,Canlı İzle,İzleme,Takım,Jenerik,Türkçe,Body,Canlı İzle,Çekirdek,210,LOW,0,,,,evet,10,10,260,1000,140,110,90,110,140,140,140,70,,hayır,Çekirdek
şanlıurfaspor transfer,TFF 1. Lig,Futbol,Lig,2. Seviye,Çekirdek,Erkek,Kulüp,Takım Sporu,Türkiye,Yerli,Türk Takımı Var,TV+ Yok,Yıllık,Sürekli Lig,Transfer,Bilgi,Takım,Jenerik,Türkçe,Head,Transfer,Çekirdek,110,LOW,0,0.41,,,evet,320,110,40,30,30,70,260,90,30,30,170,210,,hayır,Çekirdek
adanaspor,TFF 1. Lig,Futbol,Lig,2. Seviye,Çekirdek,Erkek,Kulüp,Takım Sporu,Türkiye,Yerli,Türk Takımı Var,TV+ Yok,Yıllık,Sürekli Lig,Takım Jenerik,Bilgi,Takım,Jenerik,İngilizce,Head,Takım Jenerik,Çekirdek,60500,LOW,0,0.1,0.05,0.35,evet,40500,14800,27100,49500,60500,60500,49500,60500,74000,90500,135000,135000,,hayır,Çekirdek
adanaspor maçları,TFF 1. Lig,Futbol,Lig,2. Seviye,Çekirdek,Erkek,Kulüp,Takım Sporu,Türkiye,Yerli,Türk Takımı Var,TV+ Yok,Yıllık,Sürekli Lig,Takım Maç Sorgusu,Bilgi,Takım,Jenerik,Türkçe,Head,Takım Maç Sorgusu,Çekirdek,3600,LOW,1,,,,evet,1000,480,1600,3600,4400,5400,3600,3600,3600,5400,6600,5400,,hayır,Çekirdek
adanaspor fikstür,TFF 1. Lig,Futbol,Lig,2. Seviye,Çekirdek,Erkek,Kulüp,Takım Sporu,Türkiye,Yerli,Türk Takımı Var,TV+ Yok,Yıllık,Sürekli Lig,Fikstür,Bilgi,Takım,Jenerik,Türkçe,Head,Fikstür,Çekirdek,140,LOW,1,,,,evet,90,10,20,90,110,140,140,140,170,260,320,320,,hayır,Çekirdek
adanaspor puan durumu,TFF 1. Lig,Futbol,Lig,2. Seviye,Çekirdek,Erkek,Kulüp,Takım Sporu,Türkiye,Yerli,Türk Takımı Var,TV+ Yok,Yıllık,Sürekli Lig,Puan Durumu,Bilgi,Takım,Jenerik,İngilizce,Body,Puan Durumu,Çekirdek,9900,LOW,0,,,,evet,1300,880,8100,12100,12100,12100,12100,12100,9900,14800,14800,9900,,hayır,Çekirdek
adanaspor kadrosu,TFF 1. Lig,Futbol,Lig,2. Seviye,Çekirdek,Erkek,Kulüp,Takım Sporu,Türkiye,Yerli,Türk Takımı Var,TV+ Yok,Yıllık,Sürekli Lig,Kadro,Bilgi,Takım,Jenerik,İngilizce,Head,Kadro,Çekirdek,140,LOW,0,,,,evet,90,70,90,110,110,140,110,90,90,140,210,320,,hayır,Çekirdek
adanaspor canlı izle,TFF 1. Lig,Futbol,Lig,2. Seviye,Çekirdek,Erkek,Kulüp,Takım Sporu,Türkiye,Yerli,Türk Takımı Var,TV+ Yok,Yıllık,Sürekli Lig,Canlı İzle,İzleme,Takım,Jenerik,Türkçe,Body,Canlı İzle,Çekirdek,10,,,,,,evet,0,10,10,10,10,10,10,10,10,20,40,50,,hayır,Çekirdek
adanaspor transfer,TFF 1. Lig,Futbol,Lig,2. Seviye,Çekirdek,Erkek,Kulüp,Takım Sporu,Türkiye,Yerli,Türk Takımı Var,TV+ Yok,Yıllık,Sürekli Lig,Transfer,Bilgi,Takım,Jenerik,İngilizce,Head,Transfer,Çekirdek,70,LOW,0,,,,evet,90,50,30,10,10,30,50,30,10,40,110,390,,hayır,Çekirdek
real madrid,La Liga,Futbol,Lig,1. Seviye,Çekirdek,Erkek,Kulüp,Takım Sporu,İspanya,Yabancı,Yok,TV+ Var,Yıllık,Sürekli Lig,Takım Jenerik,Bilgi,Takım,Jenerik,İngilizce,Head,Takım Jenerik,Çekirdek,3350000,LOW,1,0.43,0.06,0.52,evet,550000,368000,2240000,5000000,6120000,4090000,5000000,4090000,4090000,5000000,4090000,2740000,,hayır,Çekirdek
real madrid maçları,La Liga,Futbol,Lig,1. Seviye,Çekirdek,Erkek,Kulüp,Takım Sporu,İspanya,Yabancı,Yok,TV+ Var,Yıllık,Sürekli Lig,Takım Maç Sorgusu,Bilgi,Takım,Jenerik,Türkçe,Body,Takım Maç Sorgusu,Çekirdek,165000,LOW,1,0.33,0.05,0.28,evet,49500,14800,110000,246000,246000,201000,246000,201000,201000,201000,201000,165000,,hayır,Çekirdek
real madrid fikstür,La Liga,Futbol,Lig,1. Seviye,Çekirdek,Erkek,Kulüp,Takım Sporu,İspanya,Yabancı,Yok,TV+ Var,Yıllık,Sürekli Lig,Fikstür,Bilgi,Takım,Jenerik,Türkçe,Body,Fikstür,Çekirdek,5400,LOW,10,0.18,0.06,0.44,evet,880,260,2400,6600,6600,8100,8100,8100,8100,8100,8100,8100,,hayır,Çekirdek
real madrid puan durumu,La Liga,Futbol,Lig,1. Seviye,Çekirdek,Erkek,Kulüp,Takım Sporu,İspanya,Yabancı,Yok,TV+ Var,Yıllık,Sürekli Lig,Puan Durumu,Bilgi,Takım,Jenerik,İngilizce,Body,Puan Durumu,Çekirdek,301000,LOW,0,0.03,0.03,0.22,evet,22200,18100,368000,550000,550000,368000,450000,368000,450000,368000,301000,165000,,hayır,Çekirdek
real madrid kadrosu,La Liga,Futbol,Lig,1. Seviye,Çekirdek,Erkek,Kulüp,Takım Sporu,İspanya,Yabancı,Yok,TV+ Var,Yıllık,Sürekli Lig,Kadro,Bilgi,Takım,Jenerik,İngilizce,Body,Kadro,Çekirdek,4400,LOW,0,,,,evet,3600,2900,4400,4400,4400,4400,8100,5400,5400,5400,2400,2400,,hayır,Çekirdek
real madrid canlı izle,La Liga,Futbol,Lig,1. Seviye,Çekirdek,Erkek,Kulüp,Takım Sporu,İspanya,Yabancı,Yok,TV+ Var,Yıllık,Sürekli Lig,Canlı İzle,İzleme,Takım,Jenerik,Türkçe,Body,Canlı İzle,Çekirdek,2900,LOW,10,0.6,,,evet,50,10,480,4400,3600,2400,6600,4400,3600,3600,5400,3600,,hayır,Çekirdek
real madrid transfer,La Liga,Futbol,Lig,1. Seviye,Çekirdek,Erkek,Kulüp,Takım Sporu,İspanya,Yabancı,Yok,TV+ Var,Yıllık,Sürekli Lig,Transfer,Bilgi,Takım,Jenerik,İngilizce,Body,Transfer,Çekirdek,5400,LOW,1,0.71,0.27,1.14,evet,22200,22200,2400,880,720,1000,1900,1000,720,880,2400,5400,,hayır,Çekirdek
barcelona,La Liga,Futbol,Lig,1. Seviye,Çekirdek,Erkek,Kulüp,Takım Sporu,İspanya,Yabancı,Yok,TV+ Var,Yıllık,Sürekli Lig,Takım Jenerik,Bilgi,Takım,Jenerik,İngilizce,Head,Takım Jenerik,Çekirdek,1500000,LOW,5,0.56,0.14,1.1,evet,201000,135000,1000000,2240000,2240000,1500000,1830000,1220000,1830000,1830000,1500000,1000000,,hayır,Çekirdek
barcelona maçları,La Liga,Futbol,Lig,1. Seviye,Çekirdek,Erkek,Kulüp,Takım Sporu,İspanya,Yabancı,Yok,TV+ Var,Yıllık,Sürekli Lig,Takım Maç Sorgusu,Bilgi,Takım,Jenerik,Türkçe,Head,Takım Maç Sorgusu,Çekirdek,110000,LOW,3,0.27,0.05,0.34,evet,12100,8100,110000,246000,201000,135000,165000,110000,110000,135000,110000,74000,,hayır,Çekirdek
barcelona fikstür,La Liga,Futbol,Lig,1. Seviye,Çekirdek,Erkek,Kulüp,Takım Sporu,İspanya,Yabancı,Yok,TV+ Var,Yıllık,Sürekli Lig,Fikstür,Bilgi,Takım,Jenerik,Türkçe,Head,Fikstür,Çekirdek,1300,LOW,15,0.16,0.05,0.3,evet,260,90,720,1600,1600,1600,1600,1300,1300,1600,1600,1300,,hayır,Çekirdek
barcelona puan durumu,La Liga,Futbol,Lig,1. Seviye,Çekirdek,Erkek,Kulüp,Takım Sporu,İspanya,Yabancı,Yok,TV+ Var,Yıllık,Sürekli Lig,Puan Durumu,Bilgi,Takım,Jenerik,İngilizce,Body,Puan Durumu,Çekirdek,74000,LOW,0,,,,evet,8100,1900,33100,33100,27100,22200,27100,135000,165000,165000,135000,74000,,hayır,Çekirdek
barcelona kadrosu,La Liga,Futbol,Lig,1. Seviye,Çekirdek,Erkek,Kulüp,Takım Sporu,İspanya,Yabancı,Yok,TV+ Var,Yıllık,Sürekli Lig,Kadro,Bilgi,Takım,Jenerik,İngilizce,Head,Kadro,Çekirdek,5400,LOW,0,0.45,0.17,0.32,evet,6600,4400,6600,5400,6600,5400,5400,3600,5400,5400,5400,4400,,hayır,Çekirdek
barcelona canlı izle,La Liga,Futbol,Lig,1. Seviye,Çekirdek,Erkek,Kulüp,Takım Sporu,İspanya,Yabancı,Yok,TV+ Var,Yıllık,Sürekli Lig,Canlı İzle,İzleme,Takım,Jenerik,Türkçe,Body,Canlı İzle,Çekirdek,720,LOW,8,,,,evet,10,20,260,1000,1000,720,1300,590,880,1000,590,590,,hayır,Çekirdek
barcelona transfer,La Liga,Futbol,Lig,1. Seviye,Çekirdek,Erkek,Kulüp,Takım Sporu,İspanya,Yabancı,Yok,TV+ Var,Yıllık,Sürekli Lig,Transfer,Bilgi,Takım,Jenerik,İngilizce,Head,Transfer,Çekirdek,2400,LOW,4,0.78,0.28,1.53,evet,8100,4400,3600,1300,1000,1000,1600,880,590,720,1600,3600,,hayır,Çekirdek
atletico madrid,La Liga,Futbol,Lig,1. Seviye,Çekirdek,Erkek,Kulüp,Takım Sporu,İspanya,Yabancı,Yok,TV+ Var,Yıllık,Sürekli Lig,Takım Jenerik,Bilgi,Takım,Jenerik,İngilizce,Head,Takım Jenerik,Çekirdek,673000,LOW,1,0.73,0.28,0.85,evet,110000,49500,450000,1220000,673000,1000000,1830000,550000,550000,450000,450000,246000,,hayır,Çekirdek
atletico madrid maçları,La Liga,Futbol,Lig,1. Seviye,Çekirdek,Erkek,Kulüp,Takım Sporu,İspanya,Yabancı,Yok,TV+ Var,Yıllık,Sürekli Lig,Takım Maç Sorgusu,Bilgi,Takım,Jenerik,Türkçe,Body,Takım Maç Sorgusu,Çekirdek,33100,LOW,1,0.1,0.05,0.28,evet,1900,1300,18100,40500,33100,49500,90500,33100,33100,33100,27100,9900,,hayır,Çekirdek
atletico madrid fikstür,La Liga,Futbol,Lig,1. Seviye,Çekirdek,Erkek,Kulüp,Takım Sporu,İspanya,Yabancı,Yok,TV+ Var,Yıllık,Sürekli Lig,Fikstür,Bilgi,Takım,Jenerik,Türkçe,Body,Fikstür,Çekirdek,320,LOW,7,0.13,,,evet,50,20,90,390,320,590,1000,390,390,390,320,170,,hayır,Çekirdek
atletico madrid puan durumu,La Liga,Futbol,Lig,1. Seviye,Çekirdek,Erkek,Kulüp,Takım Sporu,İspanya,Yabancı,Yok,TV+ Var,Yıllık,Sürekli Lig,Puan Durumu,Bilgi,Takım,Jenerik,İngilizce,Body,Puan Durumu,Çekirdek,60500,LOW,0,0.14,,,evet,2900,2900,49500,90500,49500,90500,201000,60500,49500,40500,40500,18100,,hayır,Çekirdek
atletico madrid kadrosu,La Liga,Futbol,Lig,1. Seviye,Çekirdek,Erkek,Kulüp,Takım Sporu,İspanya,Yabancı,Yok,TV+ Var,Yıllık,Sürekli Lig,Kadro,Bilgi,Takım,Jenerik,İngilizce,Body,Kadro,Çekirdek,2900,LOW,1,,0.31,0.44,evet,1600,1300,1900,2900,1900,2400,14800,2400,1900,1900,2400,2900,,hayır,Çekirdek
atletico madrid canlı izle,La Liga,Futbol,Lig,1. Seviye,Çekirdek,Erkek,Kulüp,Takım Sporu,İspanya,Yabancı,Yok,TV+ Var,Yıllık,Sürekli Lig,Canlı İzle,İzleme,Takım,Jenerik,Türkçe,Body,Canlı İzle,Çekirdek,210,LOW,7,,,,evet,10,10,110,320,260,720,390,210,210,170,110,50,,hayır,Çekirdek
atletico madrid transfer,La Liga,Futbol,Lig,1. Seviye,Çekirdek,Erkek,Kulüp,Takım Sporu,İspanya,Yabancı,Yok,TV+ Var,Yıllık,Sürekli Lig,Transfer,Bilgi,Takım,Jenerik,İngilizce,Body,Transfer,Çekirdek,590,LOW,0,,0.32,0.89,evet,1000,260,260,320,210,1300,1000,140,90,170,590,880,,hayır,Çekirdek
sevilla,La Liga,Futbol,Lig,1. Seviye,Çekirdek,Erkek,Kulüp,Takım Sporu,İspanya,Yabancı,Yok,TV+ Var,Yıllık,Sürekli Lig,Takım Jenerik,Bilgi,Takım,Jenerik,İngilizce,Head,Takım Jenerik,Çekirdek,74000,LOW,8,0.56,0.18,1.33,evet,33100,27100,135000,90500,74000,74000,90500,49500,60500,110000,74000,74000,,hayır,Çekirdek
sevilla maçları,La Liga,Futbol,Lig,1. Seviye,Çekirdek,Erkek,Kulüp,Takım Sporu,İspanya,Yabancı,Yok,TV+ Var,Yıllık,Sürekli Lig,Takım Maç Sorgusu,Bilgi,Takım,Jenerik,Türkçe,Head,Takım Maç Sorgusu,Çekirdek,2900,LOW,2,0.12,0.07,0.42,evet,1300,50,6600,4400,2400,4400,4400,1600,2400,3600,3600,3600,,hayır,Çekirdek
sevilla fikstür,La Liga,Futbol,Lig,1. Seviye,Çekirdek,Erkek,Kulüp,Takım Sporu,İspanya,Yabancı,Yok,TV+ Var,Yıllık,Sürekli Lig,Fikstür,Bilgi,Takım,Jenerik,Türkçe,Head,Fikstür,Çekirdek,70,LOW,14,,,,evet,30,10,140,110,90,50,50,50,50,110,90,50,,hayır,Çekirdek
sevilla puan durumu,La Liga,Futbol,Lig,1. Seviye,Çekirdek,Erkek,Kulüp,Takım Sporu,İspanya,Yabancı,Yok,TV+ Var,Yıllık,Sürekli Lig,Puan Durumu,Bilgi,Takım,Jenerik,İngilizce,Body,Puan Durumu,Çekirdek,2400,LOW,0,,,,evet,390,210,14800,2400,1300,880,1300,880,720,3600,590,480,,hayır,Çekirdek
sevilla kadrosu,La Liga,Futbol,Lig,1. Seviye,Çekirdek,Erkek,Kulüp,Takım Sporu,İspanya,Yabancı,Yok,TV+ Var,Yıllık,Sürekli Lig,Kadro,Bilgi,Takım,Jenerik,İngilizce,Head,Kadro,Çekirdek,320,LOW,1,,,,evet,320,210,390,260,320,260,390,320,210,590,390,480,,hayır,Çekirdek
sevilla canlı izle,La Liga,Futbol,Lig,1. Seviye,Çekirdek,Erkek,Kulüp,Takım Sporu,İspanya,Yabancı,Yok,TV+ Var,Yıllık,Sürekli Lig,Canlı İzle,İzleme,Takım,Jenerik,Türkçe,Body,Canlı İzle,Çekirdek,30,LOW,7,,,,evet,20,10,40,30,50,10,40,10,40,30,40,40,,hayır,Çekirdek
sevilla transfer,La Liga,Futbol,Lig,1. Seviye,Çekirdek,Erkek,Kulüp,Takım Sporu,İspanya,Yabancı,Yok,TV+ Var,Yıllık,Sürekli Lig,Transfer,Bilgi,Takım,Jenerik,İngilizce,Head,Transfer,Çekirdek,50,LOW,2,,,,evet,70,20,30,20,20,20,70,20,20,50,110,170,,hayır,Çekirdek
real sociedad,La Liga,Futbol,Lig,1. Seviye,Çekirdek,Erkek,Kulüp,Takım Sporu,İspanya,Yabancı,Yok,TV+ Var,Yıllık,Sürekli Lig,Takım Jenerik,Bilgi,Takım,Jenerik,İngilizce,Head,Takım Jenerik,Çekirdek,49500,LOW,1,0.52,0.23,0.68,evet,14800,8100,74000,90500,49500,90500,74000,49500,33100,33100,49500,27100,,hayır,Çekirdek
real sociedad maçları,La Liga,Futbol,Lig,1. Seviye,Çekirdek,Erkek,Kulüp,Takım Sporu,İspanya,Yabancı,Yok,TV+ Var,Yıllık,Sürekli Lig,Takım Maç Sorgusu,Bilgi,Takım,Jenerik,Türkçe,Body,Takım Maç Sorgusu,Çekirdek,2400,LOW,1,,,,evet,590,260,4400,3600,2900,4400,4400,1900,1600,1600,2900,1000,,hayır,Çekirdek
real sociedad fikstür,La Liga,Futbol,Lig,1. Seviye,Çekirdek,Erkek,Kulüp,Takım Sporu,İspanya,Yabancı,Yok,TV+ Var,Yıllık,Sürekli Lig,Fikstür,Bilgi,Takım,Jenerik,Türkçe,Body,Fikstür,Çekirdek,20,LOW,18,0.38,,,evet,10,10,20,20,10,20,30,20,20,10,20,10,,hayır,Çekirdek
real sociedad puan durumu,La Liga,Futbol,Lig,1. Seviye,Çekirdek,Erkek,Kulüp,Takım Sporu,İspanya,Yabancı,Yok,TV+ Var,Yıllık,Sürekli Lig,Puan Durumu,Bilgi,Takım,Jenerik,İngilizce,Body,Puan Durumu,Çekirdek,5400,LOW,0,,,,evet,1900,1000,12100,12100,5400,8100,9900,4400,3600,3600,4400,1900,,hayır,Çekirdek
real sociedad kadrosu,La Liga,Futbol,Lig,1. Seviye,Çekirdek,Erkek,Kulüp,Takım Sporu,İspanya,Yabancı,Yok,TV+ Var,Yıllık,Sürekli Lig,Kadro,Bilgi,Takım,Jenerik,İngilizce,Body,Kadro,Çekirdek,170,LOW,1,0.41,,,evet,170,110,170,210,140,210,320,140,110,110,170,170,,hayır,Çekirdek
real sociedad canlı izle,La Liga,Futbol,Lig,1. Seviye,Çekirdek,Erkek,Kulüp,Takım Sporu,İspanya,Yabancı,Yok,TV+ Var,Yıllık,Sürekli Lig,Canlı İzle,İzleme,Takım,Jenerik,Türkçe,Body,Canlı İzle,Çekirdek,20,LOW,29,,,,evet,10,0,10,20,10,30,10,30,10,20,10,70,,hayır,Çekirdek
real sociedad transfer,La Liga,Futbol,Lig,1. Seviye,Çekirdek,Erkek,Kulüp,Takım Sporu,İspanya,Yabancı,Yok,TV+ Var,Yıllık,Sürekli Lig,Transfer,Bilgi,Takım,Jenerik,İngilizce,Body,Transfer,Çekirdek,20,LOW,3,,,,evet,20,10,10,10,10,10,30,10,10,10,50,50,,hayır,Çekirdek
villarreal,La Liga,Futbol,Lig,1. Seviye,Çekirdek,Erkek,Kulüp,Takım Sporu,İspanya,Yabancı,Yok,TV+ Var,Yıllık,Sürekli Lig,Takım Jenerik,Bilgi,Takım,Jenerik,İngilizce,Head,Takım Jenerik,Çekirdek,60500,LOW,1,0.46,0.28,0.94,evet,14800,6600,49500,74000,49500,90500,74000,90500,90500,74000,60500,60500,,hayır,Çekirdek
villarreal maçları,La Liga,Futbol,Lig,1. Seviye,Çekirdek,Erkek,Kulüp,Takım Sporu,İspanya,Yabancı,Yok,TV+ Var,Yıllık,Sürekli Lig,Takım Maç Sorgusu,Bilgi,Takım,Jenerik,Türkçe,Head,Takım Maç Sorgusu,Çekirdek,5400,LOW,0,,,,evet,1300,260,5400,6600,4400,6600,8100,9900,8100,8100,6600,3600,,hayır,Çekirdek
villarreal fikstür,La Liga,Futbol,Lig,1. Seviye,Çekirdek,Erkek,Kulüp,Takım Sporu,İspanya,Yabancı,Yok,TV+ Var,Yıllık,Sürekli Lig,Fikstür,Bilgi,Takım,Jenerik,Türkçe,Head,Fikstür,Çekirdek,40,LOW,0,,,,evet,10,10,30,50,30,50,70,90,70,70,70,20,,hayır,Çekirdek
villarreal puan durumu,La Liga,Futbol,Lig,1. Seviye,Çekirdek,Erkek,Kulüp,Takım Sporu,İspanya,Yabancı,Yok,TV+ Var,Yıllık,Sürekli Lig,Puan Durumu,Bilgi,Takım,Jenerik,İngilizce,Body,Puan Durumu,Çekirdek,12100,LOW,0,,,,evet,4400,1600,18100,22200,12100,14800,22200,18100,14800,12100,9900,5400,,hayır,Çekirdek
villarreal kadrosu,La Liga,Futbol,Lig,1. Seviye,Çekirdek,Erkek,Kulüp,Takım Sporu,İspanya,Yabancı,Yok,TV+ Var,Yıllık,Sürekli Lig,Kadro,Bilgi,Takım,Jenerik,İngilizce,Head,Kadro,Çekirdek,390,LOW,0,,,,evet,320,170,320,210,210,320,590,390,390,590,480,320,,hayır,Çekirdek
villarreal canlı izle,La Liga,Futbol,Lig,1. Seviye,Çekirdek,Erkek,Kulüp,Takım Sporu,İspanya,Yabancı,Yok,TV+ Var,Yıllık,Sürekli Lig,Canlı İzle,İzleme,Takım,Jenerik,Türkçe,Body,Canlı İzle,Çekirdek,30,LOW,8,,,,evet,10,0,10,10,30,20,10,110,50,30,10,20,,hayır,Çekirdek
villarreal transfer,La Liga,Futbol,Lig,1. Seviye,Çekirdek,Erkek,Kulüp,Takım Sporu,İspanya,Yabancı,Yok,TV+ Var,Yıllık,Sürekli Lig,Transfer,Bilgi,Takım,Jenerik,İngilizce,Head,Transfer,Çekirdek,50,LOW,2,,,,evet,30,20,20,10,20,10,70,40,30,90,140,140,,hayır,Çekirdek
athletic bilbao,La Liga,Futbol,Lig,1. Seviye,Çekirdek,Erkek,Kulüp,Takım Sporu,İspanya,Yabancı,Yok,TV+ Var,Yıllık,Sürekli Lig,Takım Jenerik,Bilgi,Takım,Jenerik,İngilizce,Head,Takım Jenerik,Çekirdek,110000,LOW,1,0.62,0.05,0.63,evet,22200,6600,49500,40500,40500,74000,450000,135000,90500,135000,110000,74000,,hayır,Çekirdek
athletic bilbao maçları,La Liga,Futbol,Lig,1. Seviye,Çekirdek,Erkek,Kulüp,Takım Sporu,İspanya,Yabancı,Yok,TV+ Var,Yıllık,Sürekli Lig,Takım Maç Sorgusu,Bilgi,Takım,Jenerik,Türkçe,Body,Takım Maç Sorgusu,Çekirdek,5400,LOW,1,,,,evet,880,210,1900,2400,2900,4400,14800,9900,4400,9900,5400,3600,,hayır,Çekirdek
athletic bilbao fikstür,La Liga,Futbol,Lig,1. Seviye,Çekirdek,Erkek,Kulüp,Takım Sporu,İspanya,Yabancı,Yok,TV+ Var,Yıllık,Sürekli Lig,Fikstür,Bilgi,Takım,Jenerik,Türkçe,Body,Fikstür,Çekirdek,40,LOW,5,,,,evet,10,10,10,10,30,30,90,70,20,90,50,20,,hayır,Çekirdek
athletic bilbao puan durumu,La Liga,Futbol,Lig,1. Seviye,Çekirdek,Erkek,Kulüp,Takım Sporu,İspanya,Yabancı,Yok,TV+ Var,Yıllık,Sürekli Lig,Puan Durumu,Bilgi,Takım,Jenerik,İngilizce,Body,Puan Durumu,Çekirdek,9900,LOW,0,,,,evet,2400,880,8100,6600,8100,9900,22200,12100,8100,12100,12100,6600,,hayır,Çekirdek
athletic bilbao kadrosu,La Liga,Futbol,Lig,1. Seviye,Çekirdek,Erkek,Kulüp,Takım Sporu,İspanya,Yabancı,Yok,TV+ Var,Yıllık,Sürekli Lig,Kadro,Bilgi,Takım,Jenerik,İngilizce,Body,Kadro,Çekirdek,210,LOW,0,0.12,,,evet,210,90,210,170,170,170,260,210,170,260,320,210,,hayır,Çekirdek
athletic bilbao canlı izle,La Liga,Futbol,Lig,1. Seviye,Çekirdek,Erkek,Kulüp,Takım Sporu,İspanya,Yabancı,Yok,TV+ Var,Yıllık,Sürekli Lig,Canlı İzle,İzleme,Takım,Jenerik,Türkçe,Body,Canlı İzle,Çekirdek,50,LOW,13,0.79,,,evet,30,0,20,40,40,90,40,140,30,90,90,40,,hayır,Çekirdek
athletic bilbao transfer,La Liga,Futbol,Lig,1. Seviye,Çekirdek,Erkek,Kulüp,Takım Sporu,İspanya,Yabancı,Yok,TV+ Var,Yıllık,Sürekli Lig,Transfer,Bilgi,Takım,Jenerik,İngilizce,Body,Transfer,Çekirdek,50,LOW,1,,,,evet,50,10,20,20,20,90,50,50,40,40,170,140,,hayır,Çekirdek
valencia,La Liga,Futbol,Lig,1. Seviye,Çekirdek,Erkek,Kulüp,Takım Sporu,İspanya,Yabancı,Yok,TV+ Var,Yıllık,Sürekli Lig,Takım Jenerik,Bilgi,Takım,Jenerik,İngilizce,Head,Takım Jenerik,Çekirdek,27100,LOW,10,0.8,0.17,1.82,evet,18100,22200,33100,22200,27100,33100,33100,33100,27100,18100,27100,22200,,hayır,Çekirdek
valencia maçları,La Liga,Futbol,Lig,1. Seviye,Çekirdek,Erkek,Kulüp,Takım Sporu,İspanya,Yabancı,Yok,TV+ Var,Yıllık,Sürekli Lig,Takım Maç Sorgusu,Bilgi,Takım,Jenerik,Türkçe,Head,Takım Maç Sorgusu,Çekirdek,2900,LOW,5,0.09,0.03,1.58,evet,590,90,3600,2400,2900,2900,5400,4400,2400,1900,5400,1900,,hayır,Çekirdek
valencia fikstür,La Liga,Futbol,Lig,1. Seviye,Çekirdek,Erkek,Kulüp,Takım Sporu,İspanya,Yabancı,Yok,TV+ Var,Yıllık,Sürekli Lig,Fikstür,Bilgi,Takım,Jenerik,Türkçe,Head,Fikstür,Çekirdek,30,LOW,0,,,,evet,10,10,30,20,40,30,50,30,30,40,40,30,,hayır,Çekirdek
valencia puan durumu,La Liga,Futbol,Lig,1. Seviye,Çekirdek,Erkek,Kulüp,Takım Sporu,İspanya,Yabancı,Yok,TV+ Var,Yıllık,Sürekli Lig,Puan Durumu,Bilgi,Takım,Jenerik,İngilizce,Body,Puan Durumu,Çekirdek,880,LOW,1,,,,evet,170,90,1600,720,880,1000,1300,1300,720,480,880,590,,hayır,Çekirdek
valencia kadrosu,La Liga,Futbol,Lig,1. Seviye,Çekirdek,Erkek,Kulüp,Takım Sporu,İspanya,Yabancı,Yok,TV+ Var,Yıllık,Sürekli Lig,Kadro,Bilgi,Takım,Jenerik,İngilizce,Head,Kadro,Çekirdek,170,LOW,2,,,,evet,110,90,170,110,170,260,170,170,170,170,170,260,,hayır,Çekirdek
valencia canlı izle,La Liga,Futbol,Lig,1. Seviye,Çekirdek,Erkek,Kulüp,Takım Sporu,İspanya,Yabancı,Yok,TV+ Var,Yıllık,Sürekli Lig,Canlı İzle,İzleme,Takım,Jenerik,Türkçe,Body,Canlı İzle,Çekirdek,10,,,,,,evet,0,10,10,10,10,10,10,20,10,10,10,10,,hayır,Çekirdek
valencia transfer,La Liga,Futbol,Lig,1. Seviye,Çekirdek,Erkek,Kulüp,Takım Sporu,İspanya,Yabancı,Yok,TV+ Var,Yıllık,Sürekli Lig,Transfer,Bilgi,Takım,Jenerik,İngilizce,Head,Transfer,Çekirdek,40,LOW,6,,,,evet,40,70,20,10,10,20,20,10,20,10,70,140,,hayır,Çekirdek
real betis,La Liga,Futbol,Lig,1. Seviye,Çekirdek,Erkek,Kulüp,Takım Sporu,İspanya,Yabancı,Yok,TV+ Var,Yıllık,Sürekli Lig,Takım Jenerik,Bilgi,Takım,Jenerik,İngilizce,Head,Takım Jenerik,Çekirdek,110000,LOW,1,0.77,0.09,0.88,evet,18100,8100,110000,110000,110000,135000,246000,165000,110000,110000,110000,90500,,hayır,Çekirdek
real betis maçları,La Liga,Futbol,Lig,1. Seviye,Çekirdek,Erkek,Kulüp,Takım Sporu,İspanya,Yabancı,Yok,TV+ Var,Yıllık,Sürekli Lig,Takım Maç Sorgusu,Bilgi,Takım,Jenerik,Türkçe,Body,Takım Maç Sorgusu,Çekirdek,5400,LOW,1,,,,evet,590,260,5400,8100,8100,6600,8100,9900,5400,6600,6600,4400,,hayır,Çekirdek
real betis fikstür,La Liga,Futbol,Lig,1. Seviye,Çekirdek,Erkek,Kulüp,Takım Sporu,İspanya,Yabancı,Yok,TV+ Var,Yıllık,Sürekli Lig,Fikstür,Bilgi,Takım,Jenerik,Türkçe,Body,Fikstür,Çekirdek,40,LOW,0,,,,evet,10,10,50,40,30,40,70,50,40,50,70,20,,hayır,Çekirdek
real betis puan durumu,La Liga,Futbol,Lig,1. Seviye,Çekirdek,Erkek,Kulüp,Takım Sporu,İspanya,Yabancı,Yok,TV+ Var,Yıllık,Sürekli Lig,Puan Durumu,Bilgi,Takım,Jenerik,İngilizce,Body,Puan Durumu,Çekirdek,12100,LOW,0,,,,evet,1300,1000,22200,14800,12100,14800,18100,18100,9900,9900,9900,6600,,hayır,Çekirdek
real betis kadrosu,La Liga,Futbol,Lig,1. Seviye,Çekirdek,Erkek,Kulüp,Takım Sporu,İspanya,Yabancı,Yok,TV+ Var,Yıllık,Sürekli Lig,Kadro,Bilgi,Takım,Jenerik,İngilizce,Body,Kadro,Çekirdek,320,LOW,1,,,,evet,210,170,320,320,260,480,390,320,260,260,320,260,,hayır,Çekirdek
real betis canlı izle,La Liga,Futbol,Lig,1. Seviye,Çekirdek,Erkek,Kulüp,Takım Sporu,İspanya,Yabancı,Yok,TV+ Var,Yıllık,Sürekli Lig,Canlı İzle,İzleme,Takım,Jenerik,Türkçe,Body,Canlı İzle,Çekirdek,40,LOW,21,0.17,,,evet,10,10,20,50,20,20,90,90,50,50,50,50,,hayır,Çekirdek
real betis transfer,La Liga,Futbol,Lig,1. Seviye,Çekirdek,Erkek,Kulüp,Takım Sporu,İspanya,Yabancı,Yok,TV+ Var,Yıllık,Sürekli Lig,Transfer,Bilgi,Takım,Jenerik,İngilizce,Body,Transfer,Çekirdek,50,LOW,0,,,,evet,20,10,20,10,10,210,30,10,20,20,140,90,,hayır,Çekirdek
girona,La Liga,Futbol,Lig,1. Seviye,Çekirdek,Erkek,Kulüp,Takım Sporu,İspanya,Yabancı,Yok,TV+ Var,Yıllık,Sürekli Lig,Takım Jenerik,Bilgi,Takım,Jenerik,İngilizce,Head,Takım Jenerik,Çekirdek,27100,LOW,7,0.57,0.24,1.38,evet,8100,8100,60500,27100,27100,33100,49500,22200,18100,22200,60500,18100,,hayır,Çekirdek
girona maçları,La Liga,Futbol,Lig,1. Seviye,Çekirdek,Erkek,Kulüp,Takım Sporu,İspanya,Yabancı,Yok,TV+ Var,Yıllık,Sürekli Lig,Takım Maç Sorgusu,Bilgi,Takım,Jenerik,Türkçe,Head,Takım Maç Sorgusu,Çekirdek,1300,LOW,2,,,,evet,210,20,3600,880,1000,880,1600,1300,480,1000,3600,590,,hayır,Çekirdek
girona fikstür,La Liga,Futbol,Lig,1. Seviye,Çekirdek,Erkek,Kulüp,Takım Sporu,İspanya,Yabancı,Yok,TV+ Var,Yıllık,Sürekli Lig,Fikstür,Bilgi,Takım,Jenerik,Türkçe,Head,Fikstür,Çekirdek,20,LOW,7,,,,evet,10,0,50,10,10,30,40,10,20,20,40,10,,hayır,Çekirdek
girona puan durumu,La Liga,Futbol,Lig,1. Seviye,Çekirdek,Erkek,Kulüp,Takım Sporu,İspanya,Yabancı,Yok,TV+ Var,Yıllık,Sürekli Lig,Puan Durumu,Bilgi,Takım,Jenerik,İngilizce,Body,Puan Durumu,Çekirdek,1300,LOW,0,,,,evet,210,260,2900,1300,480,1000,1600,590,720,1600,5400,260,,hayır,Çekirdek
girona kadrosu,La Liga,Futbol,Lig,1. Seviye,Çekirdek,Erkek,Kulüp,Takım Sporu,İspanya,Yabancı,Yok,TV+ Var,Yıllık,Sürekli Lig,Kadro,Bilgi,Takım,Jenerik,İngilizce,Head,Kadro,Çekirdek,140,LOW,0,,,,evet,50,90,170,110,50,170,260,90,90,140,210,110,,hayır,Çekirdek
girona canlı izle,La Liga,Futbol,Lig,1. Seviye,Çekirdek,Erkek,Kulüp,Takım Sporu,İspanya,Yabancı,Yok,TV+ Var,Yıllık,Sürekli Lig,Canlı İzle,İzleme,Takım,Jenerik,Türkçe,Body,Canlı İzle,Çekirdek,10,LOW,11,,,,evet,10,0,30,10,10,10,10,10,10,10,10,10,,hayır,Çekirdek
girona transfer,La Liga,Futbol,Lig,1. Seviye,Çekirdek,Erkek,Kulüp,Takım Sporu,İspanya,Yabancı,Yok,TV+ Var,Yıllık,Sürekli Lig,Transfer,Bilgi,Takım,Jenerik,İngilizce,Head,Transfer,Çekirdek,20,LOW,13,,,,evet,10,10,10,10,10,10,50,10,10,10,50,30,,hayır,Çekirdek
celta vigo,La Liga,Futbol,Lig,1. Seviye,Çekirdek,Erkek,Kulüp,Takım Sporu,İspanya,Yabancı,Yok,TV+ Var,Yıllık,Sürekli Lig,Takım Jenerik,Bilgi,Takım,Jenerik,İngilizce,Head,Takım Jenerik,Çekirdek,33100,LOW,1,0.47,0.18,0.43,evet,4400,2900,33100,74000,60500,49500,40500,40500,33100,27100,18100,18100,,hayır,Çekirdek
celta vigo maçları,La Liga,Futbol,Lig,1. Seviye,Çekirdek,Erkek,Kulüp,Takım Sporu,İspanya,Yabancı,Yok,TV+ Var,Yıllık,Sürekli Lig,Takım Maç Sorgusu,Bilgi,Takım,Jenerik,Türkçe,Body,Takım Maç Sorgusu,Çekirdek,2900,LOW,2,0.16,,,evet,390,260,2900,5400,5400,4400,2400,3600,3600,1900,1300,390,,hayır,Çekirdek
celta vigo fikstür,La Liga,Futbol,Lig,1. Seviye,Çekirdek,Erkek,Kulüp,Takım Sporu,İspanya,Yabancı,Yok,TV+ Var,Yıllık,Sürekli Lig,Fikstür,Bilgi,Takım,Jenerik,Türkçe,Body,Fikstür,Çekirdek,10,,,,,,evet,0,0,30,30,30,20,20,20,0,0,0,0,,hayır,Çekirdek
celta vigo puan durumu,La Liga,Futbol,Lig,1. Seviye,Çekirdek,Erkek,Kulüp,Takım Sporu,İspanya,Yabancı,Yok,TV+ Var,Yıllık,Sürekli Lig,Puan Durumu,Bilgi,Takım,Jenerik,İngilizce,Body,Puan Durumu,Çekirdek,5400,LOW,0,,,,evet,320,390,8100,9900,9900,6600,5400,8100,6600,2400,2400,40,,hayır,Çekirdek
celta vigo kadrosu,La Liga,Futbol,Lig,1. Seviye,Çekirdek,Erkek,Kulüp,Takım Sporu,İspanya,Yabancı,Yok,TV+ Var,Yıllık,Sürekli Lig,Kadro,Bilgi,Takım,Jenerik,İngilizce,Body,Kadro,Çekirdek,90,LOW,0,,,,evet,30,50,90,110,170,110,170,140,90,70,70,50,,hayır,Çekirdek
celta vigo canlı izle,La Liga,Futbol,Lig,1. Seviye,Çekirdek,Erkek,Kulüp,Takım Sporu,İspanya,Yabancı,Yok,TV+ Var,Yıllık,Sürekli Lig,Canlı İzle,İzleme,Takım,Jenerik,Türkçe,Body,Canlı İzle,Çekirdek,40,LOW,7,0.13,,,evet,20,10,20,110,70,70,70,40,70,30,10,10,,hayır,Çekirdek
celta vigo transfer,La Liga,Futbol,Lig,1. Seviye,Çekirdek,Erkek,Kulüp,Takım Sporu,İspanya,Yabancı,Yok,TV+ Var,Yıllık,Sürekli Lig,Transfer,Bilgi,Takım,Jenerik,İngilizce,Body,Transfer,Çekirdek,10,LOW,0,,,,evet,10,10,10,10,10,10,10,10,10,10,10,10,,hayır,Çekirdek
osasuna,La Liga,Futbol,Lig,1. Seviye,Çekirdek,Erkek,Kulüp,Takım Sporu,İspanya,Yabancı,Yok,TV+ Var,Yıllık,Sürekli Lig,Takım Jenerik,Bilgi,Takım,Jenerik,İngilizce,Head,Takım Jenerik,Çekirdek,18100,LOW,1,0.31,,,evet,4400,1900,27100,22200,27100,27100,27100,27100,14800,22200,27100,18100,,hayır,Çekirdek
osasuna maçları,La Liga,Futbol,Lig,1. Seviye,Çekirdek,Erkek,Kulüp,Takım Sporu,İspanya,Yabancı,Yok,TV+ Var,Yıllık,Sürekli Lig,Takım Maç Sorgusu,Bilgi,Takım,Jenerik,Türkçe,Head,Takım Maç Sorgusu,Çekirdek,1600,LOW,1,0.04,0.04,0.31,evet,480,50,2900,1900,1900,2400,1900,1900,1000,1600,1900,1600,,hayır,Çekirdek
osasuna fikstür,La Liga,Futbol,Lig,1. Seviye,Çekirdek,Erkek,Kulüp,Takım Sporu,İspanya,Yabancı,Yok,TV+ Var,Yıllık,Sürekli Lig,Fikstür,Bilgi,Takım,Jenerik,Türkçe,Head,Fikstür,Çekirdek,,,,,,,hayir,,,,,,,,,,,,,,hayır,Çekirdek
osasuna puan durumu,La Liga,Futbol,Lig,1. Seviye,Çekirdek,Erkek,Kulüp,Takım Sporu,İspanya,Yabancı,Yok,TV+ Var,Yıllık,Sürekli Lig,Puan Durumu,Bilgi,Takım,Jenerik,İngilizce,Body,Puan Durumu,Çekirdek,3600,LOW,0,,,,evet,480,390,8100,3600,3600,6600,2900,4400,1900,2400,1900,2400,,hayır,Çekirdek
osasuna kadrosu,La Liga,Futbol,Lig,1. Seviye,Çekirdek,Erkek,Kulüp,Takım Sporu,İspanya,Yabancı,Yok,TV+ Var,Yıllık,Sürekli Lig,Kadro,Bilgi,Takım,Jenerik,İngilizce,Head,Kadro,Çekirdek,10,LOW,0,,,,evet,10,10,20,10,10,20,10,10,10,10,10,30,,hayır,Çekirdek
osasuna canlı izle,La Liga,Futbol,Lig,1. Seviye,Çekirdek,Erkek,Kulüp,Takım Sporu,İspanya,Yabancı,Yok,TV+ Var,Yıllık,Sürekli Lig,Canlı İzle,İzleme,Takım,Jenerik,Türkçe,Body,Canlı İzle,Çekirdek,,,,,,,hayir,,,,,,,,,,,,,,hayır,Çekirdek
osasuna transfer,La Liga,Futbol,Lig,1. Seviye,Çekirdek,Erkek,Kulüp,Takım Sporu,İspanya,Yabancı,Yok,TV+ Var,Yıllık,Sürekli Lig,Transfer,Bilgi,Takım,Jenerik,İngilizce,Head,Transfer,Çekirdek,10,LOW,0,,,,evet,10,10,0,10,10,10,10,10,10,10,10,20,,hayır,Çekirdek
getafe,La Liga,Futbol,Lig,1. Seviye,Çekirdek,Erkek,Kulüp,Takım Sporu,İspanya,Yabancı,Yok,TV+ Var,Yıllık,Sürekli Lig,Takım Jenerik,Bilgi,Takım,Jenerik,İngilizce,Head,Takım Jenerik,Çekirdek,27100,LOW,2,0.36,0.23,0.49,evet,8100,2400,33100,33100,27100,22200,49500,27100,27100,49500,27100,14800,,hayır,Çekirdek
getafe maçları,La Liga,Futbol,Lig,1. Seviye,Çekirdek,Erkek,Kulüp,Takım Sporu,İspanya,Yabancı,Yok,TV+ Var,Yıllık,Sürekli Lig,Takım Maç Sorgusu,Bilgi,Takım,Jenerik,Türkçe,Head,Takım Maç Sorgusu,Çekirdek,2900,LOW,2,0.08,0.05,0.41,evet,1000,170,3600,3600,3600,1600,5400,3600,2400,6600,2900,1600,,hayır,Çekirdek
getafe fikstür,La Liga,Futbol,Lig,1. Seviye,Çekirdek,Erkek,Kulüp,Takım Sporu,İspanya,Yabancı,Yok,TV+ Var,Yıllık,Sürekli Lig,Fikstür,Bilgi,Takım,Jenerik,Türkçe,Head,Fikstür,Çekirdek,20,LOW,0,,,,evet,10,10,30,40,30,10,30,20,10,30,20,10,,hayır,Çekirdek
getafe puan durumu,La Liga,Futbol,Lig,1. Seviye,Çekirdek,Erkek,Kulüp,Takım Sporu,İspanya,Yabancı,Yok,TV+ Var,Yıllık,Sürekli Lig,Puan Durumu,Bilgi,Takım,Jenerik,İngilizce,Body,Puan Durumu,Çekirdek,5400,LOW,0,,,,evet,880,720,12100,8100,8100,2400,8100,6600,3600,8100,4400,1600,,hayır,Çekirdek
getafe kadrosu,La Liga,Futbol,Lig,1. Seviye,Çekirdek,Erkek,Kulüp,Takım Sporu,İspanya,Yabancı,Yok,TV+ Var,Yıllık,Sürekli Lig,Kadro,Bilgi,Takım,Jenerik,İngilizce,Head,Kadro,Çekirdek,50,LOW,1,,,,evet,40,30,40,40,110,30,50,40,50,110,70,90,,hayır,Çekirdek
getafe canlı izle,La Liga,Futbol,Lig,1. Seviye,Çekirdek,Erkek,Kulüp,Takım Sporu,İspanya,Yabancı,Yok,TV+ Var,Yıllık,Sürekli Lig,Canlı İzle,İzleme,Takım,Jenerik,Türkçe,Body,Canlı İzle,Çekirdek,10,LOW,0,,,,evet,10,0,10,10,10,10,30,10,10,20,10,10,,hayır,Çekirdek
getafe transfer,La Liga,Futbol,Lig,1. Seviye,Çekirdek,Erkek,Kulüp,Takım Sporu,İspanya,Yabancı,Yok,TV+ Var,Yıllık,Sürekli Lig,Transfer,Bilgi,Takım,Jenerik,İngilizce,Head,Transfer,Çekirdek,10,LOW,0,,,,evet,10,10,0,10,10,10,10,10,10,10,10,10,,hayır,Çekirdek
rayo vallecano,La Liga,Futbol,Lig,1. Seviye,Çekirdek,Erkek,Kulüp,Takım Sporu,İspanya,Yabancı,Yok,TV+ Var,Yıllık,Sürekli Lig,Takım Jenerik,Bilgi,Takım,Jenerik,İngilizce,Head,Takım Jenerik,Çekirdek,74000,LOW,1,0.19,0.1,1,evet,4400,4400,135000,49500,301000,135000,22200,49500,40500,18100,14800,22200,,hayır,Çekirdek
rayo vallecano maçları,La Liga,Futbol,Lig,1. Seviye,Çekirdek,Erkek,Kulüp,Takım Sporu,İspanya,Yabancı,Yok,TV+ Var,Yıllık,Sürekli Lig,Takım Maç Sorgusu,Bilgi,Takım,Jenerik,Türkçe,Body,Takım Maç Sorgusu,Çekirdek,4400,LOW,1,,,,evet,140,110,6600,3600,18100,9900,1600,1900,1600,880,1000,1900,,hayır,Çekirdek
rayo vallecano fikstür,La Liga,Futbol,Lig,1. Seviye,Çekirdek,Erkek,Kulüp,Takım Sporu,İspanya,Yabancı,Yok,TV+ Var,Yıllık,Sürekli Lig,Fikstür,Bilgi,Takım,Jenerik,Türkçe,Body,Fikstür,Çekirdek,20,LOW,0,,,,evet,10,10,20,10,90,30,10,10,10,10,10,10,,hayır,Çekirdek
rayo vallecano puan durumu,La Liga,Futbol,Lig,1. Seviye,Çekirdek,Erkek,Kulüp,Takım Sporu,İspanya,Yabancı,Yok,TV+ Var,Yıllık,Sürekli Lig,Puan Durumu,Bilgi,Takım,Jenerik,İngilizce,Body,Puan Durumu,Çekirdek,1900,LOW,0,,,,evet,110,140,4400,1300,9900,4400,390,480,480,170,170,390,,hayır,Çekirdek
rayo vallecano kadrosu,La Liga,Futbol,Lig,1. Seviye,Çekirdek,Erkek,Kulüp,Takım Sporu,İspanya,Yabancı,Yok,TV+ Var,Yıllık,Sürekli Lig,Kadro,Bilgi,Takım,Jenerik,İngilizce,Body,Kadro,Çekirdek,20,LOW,0,,,,evet,10,10,30,10,90,50,10,10,10,10,10,10,,hayır,Çekirdek
rayo vallecano canlı izle,La Liga,Futbol,Lig,1. Seviye,Çekirdek,Erkek,Kulüp,Takım Sporu,İspanya,Yabancı,Yok,TV+ Var,Yıllık,Sürekli Lig,Canlı İzle,İzleme,Takım,Jenerik,Türkçe,Body,Canlı İzle,Çekirdek,20,,,,,,evet,0,10,70,40,90,10,10,10,10,10,10,10,,hayır,Çekirdek
rayo vallecano transfer,La Liga,Futbol,Lig,1. Seviye,Çekirdek,Erkek,Kulüp,Takım Sporu,İspanya,Yabancı,Yok,TV+ Var,Yıllık,Sürekli Lig,Transfer,Bilgi,Takım,Jenerik,İngilizce,Body,Transfer,Çekirdek,10,LOW,0,,,,evet,10,10,10,10,30,20,0,10,10,10,10,10,,hayır,Çekirdek
mallorca,La Liga,Futbol,Lig,1. Seviye,Çekirdek,Erkek,Kulüp,Takım Sporu,İspanya,Yabancı,Yok,TV+ Var,Yıllık,Sürekli Lig,Takım Jenerik,Bilgi,Takım,Jenerik,İngilizce,Head,Takım Jenerik,Çekirdek,27100,LOW,15,0.55,0.15,0.88,evet,18100,22200,60500,60500,27100,33100,27100,27100,12100,12100,22200,22200,,hayır,Çekirdek
mallorca maçları,La Liga,Futbol,Lig,1. Seviye,Çekirdek,Erkek,Kulüp,Takım Sporu,İspanya,Yabancı,Yok,TV+ Var,Yıllık,Sürekli Lig,Takım Maç Sorgusu,Bilgi,Takım,Jenerik,Türkçe,Head,Takım Maç Sorgusu,Çekirdek,720,LOW,5,0.57,0.04,0.25,evet,90,50,1000,1300,590,1300,880,1600,590,390,880,260,,hayır,Çekirdek
mallorca fikstür,La Liga,Futbol,Lig,1. Seviye,Çekirdek,Erkek,Kulüp,Takım Sporu,İspanya,Yabancı,Yok,TV+ Var,Yıllık,Sürekli Lig,Fikstür,Bilgi,Takım,Jenerik,Türkçe,Head,Fikstür,Çekirdek,20,LOW,14,,,,evet,10,10,70,40,20,30,20,10,10,10,10,10,,hayır,Çekirdek
mallorca puan durumu,La Liga,Futbol,Lig,1. Seviye,Çekirdek,Erkek,Kulüp,Takım Sporu,İspanya,Yabancı,Yok,TV+ Var,Yıllık,Sürekli Lig,Puan Durumu,Bilgi,Takım,Jenerik,İngilizce,Body,Puan Durumu,Çekirdek,1000,LOW,0,,,,evet,320,1000,3600,2900,880,880,1000,590,210,260,260,260,,hayır,Çekirdek
mallorca kadrosu,La Liga,Futbol,Lig,1. Seviye,Çekirdek,Erkek,Kulüp,Takım Sporu,İspanya,Yabancı,Yok,TV+ Var,Yıllık,Sürekli Lig,Kadro,Bilgi,Takım,Jenerik,İngilizce,Head,Kadro,Çekirdek,70,LOW,0,,,,evet,40,70,110,140,70,110,90,50,30,20,70,170,,hayır,Çekirdek
mallorca canlı izle,La Liga,Futbol,Lig,1. Seviye,Çekirdek,Erkek,Kulüp,Takım Sporu,İspanya,Yabancı,Yok,TV+ Var,Yıllık,Sürekli Lig,Canlı İzle,İzleme,Takım,Jenerik,Türkçe,Body,Canlı İzle,Çekirdek,10,LOW,0,,,,evet,10,0,10,10,0,10,0,20,10,10,10,10,,hayır,Çekirdek
mallorca transfer,La Liga,Futbol,Lig,1. Seviye,Çekirdek,Erkek,Kulüp,Takım Sporu,İspanya,Yabancı,Yok,TV+ Var,Yıllık,Sürekli Lig,Transfer,Bilgi,Takım,Jenerik,İngilizce,Head,Transfer,Çekirdek,10,MEDIUM,48,2.37,0.43,2.73,evet,20,20,20,20,10,20,10,10,10,10,10,40,,hayır,Çekirdek
alaves,La Liga,Futbol,Lig,1. Seviye,Çekirdek,Erkek,Kulüp,Takım Sporu,İspanya,Yabancı,Yok,TV+ Var,Yıllık,Sürekli Lig,Takım Jenerik,Bilgi,Takım,Jenerik,İngilizce,Head,Takım Jenerik,Çekirdek,12100,LOW,1,,0.32,0.86,evet,1900,590,22200,14800,12100,18100,18100,14800,8100,14800,6600,8100,,hayır,Çekirdek
alaves maçları,La Liga,Futbol,Lig,1. Seviye,Çekirdek,Erkek,Kulüp,Takım Sporu,İspanya,Yabancı,Yok,TV+ Var,Yıllık,Sürekli Lig,Takım Maç Sorgusu,Bilgi,Takım,Jenerik,Türkçe,Head,Takım Maç Sorgusu,Çekirdek,10,LOW,0,,,,evet,10,0,10,10,10,10,10,10,10,10,10,10,,hayır,Çekirdek
alaves fikstür,La Liga,Futbol,Lig,1. Seviye,Çekirdek,Erkek,Kulüp,Takım Sporu,İspanya,Yabancı,Yok,TV+ Var,Yıllık,Sürekli Lig,Fikstür,Bilgi,Takım,Jenerik,Türkçe,Head,Fikstür,Çekirdek,,,,,,,hayir,,,,,,,,,,,,,,hayır,Çekirdek
alaves puan durumu,La Liga,Futbol,Lig,1. Seviye,Çekirdek,Erkek,Kulüp,Takım Sporu,İspanya,Yabancı,Yok,TV+ Var,Yıllık,Sürekli Lig,Puan Durumu,Bilgi,Takım,Jenerik,İngilizce,Body,Puan Durumu,Çekirdek,2900,LOW,0,,,,evet,480,260,9900,5400,2900,3600,3600,4400,1900,1900,1300,1600,,hayır,Çekirdek
alaves kadrosu,La Liga,Futbol,Lig,1. Seviye,Çekirdek,Erkek,Kulüp,Takım Sporu,İspanya,Yabancı,Yok,TV+ Var,Yıllık,Sürekli Lig,Kadro,Bilgi,Takım,Jenerik,İngilizce,Head,Kadro,Çekirdek,,,,,,,hayir,,,,,,,,,,,,,,hayır,Çekirdek
alaves canlı izle,La Liga,Futbol,Lig,1. Seviye,Çekirdek,Erkek,Kulüp,Takım Sporu,İspanya,Yabancı,Yok,TV+ Var,Yıllık,Sürekli Lig,Canlı İzle,İzleme,Takım,Jenerik,Türkçe,Body,Canlı İzle,Çekirdek,,,,,,,hayir,,,,,,,,,,,,,,hayır,Çekirdek
alaves transfer,La Liga,Futbol,Lig,1. Seviye,Çekirdek,Erkek,Kulüp,Takım Sporu,İspanya,Yabancı,Yok,TV+ Var,Yıllık,Sürekli Lig,Transfer,Bilgi,Takım,Jenerik,İngilizce,Head,Transfer,Çekirdek,10,LOW,0,,,,evet,10,10,0,10,0,0,10,10,10,10,0,10,,hayır,Çekirdek
espanyol,La Liga,Futbol,Lig,1. Seviye,Çekirdek,Erkek,Kulüp,Takım Sporu,İspanya,Yabancı,Yok,TV+ Var,Yıllık,Sürekli Lig,Takım Jenerik,Bilgi,Takım,Jenerik,İngilizce,Head,Takım Jenerik,Çekirdek,27100,LOW,1,1.2,0.24,1.61,evet,5400,2400,27100,22200,60500,22200,40500,27100,27100,22200,49500,18100,,hayır,Çekirdek
espanyol maçları,La Liga,Futbol,Lig,1. Seviye,Çekirdek,Erkek,Kulüp,Takım Sporu,İspanya,Yabancı,Yok,TV+ Var,Yıllık,Sürekli Lig,Takım Maç Sorgusu,Bilgi,Takım,Jenerik,Türkçe,Head,Takım Maç Sorgusu,Çekirdek,2900,LOW,1,,,,evet,720,210,2900,2400,5400,2900,4400,3600,3600,2400,5400,1600,,hayır,Çekirdek
espanyol fikstür,La Liga,Futbol,Lig,1. Seviye,Çekirdek,Erkek,Kulüp,Takım Sporu,İspanya,Yabancı,Yok,TV+ Var,Yıllık,Sürekli Lig,Fikstür,Bilgi,Takım,Jenerik,Türkçe,Head,Fikstür,Çekirdek,20,LOW,0,,,,evet,10,10,30,30,30,30,30,20,20,20,30,10,,hayır,Çekirdek
espanyol puan durumu,La Liga,Futbol,Lig,1. Seviye,Çekirdek,Erkek,Kulüp,Takım Sporu,İspanya,Yabancı,Yok,TV+ Var,Yıllık,Sürekli Lig,Puan Durumu,Bilgi,Takım,Jenerik,İngilizce,Body,Puan Durumu,Çekirdek,5400,LOW,0,,,,evet,720,480,8100,4400,9900,4400,8100,6600,8100,2900,6600,2400,,hayır,Çekirdek
espanyol kadrosu,La Liga,Futbol,Lig,1. Seviye,Çekirdek,Erkek,Kulüp,Takım Sporu,İspanya,Yabancı,Yok,TV+ Var,Yıllık,Sürekli Lig,Kadro,Bilgi,Takım,Jenerik,İngilizce,Head,Kadro,Çekirdek,90,LOW,0,,,,evet,50,40,90,70,70,70,210,90,110,50,140,70,,hayır,Çekirdek
espanyol canlı izle,La Liga,Futbol,Lig,1. Seviye,Çekirdek,Erkek,Kulüp,Takım Sporu,İspanya,Yabancı,Yok,TV+ Var,Yıllık,Sürekli Lig,Canlı İzle,İzleme,Takım,Jenerik,Türkçe,Body,Canlı İzle,Çekirdek,10,LOW,5,,,,evet,10,0,10,10,20,10,20,10,10,10,10,20,,hayır,Çekirdek
espanyol transfer,La Liga,Futbol,Lig,1. Seviye,Çekirdek,Erkek,Kulüp,Takım Sporu,İspanya,Yabancı,Yok,TV+ Var,Yıllık,Sürekli Lig,Transfer,Bilgi,Takım,Jenerik,İngilizce,Head,Transfer,Çekirdek,10,LOW,0,,,,evet,10,10,10,10,10,10,10,10,10,10,10,20,,hayır,Çekirdek
elche,La Liga,Futbol,Lig,1. Seviye,Çekirdek,Erkek,Kulüp,Takım Sporu,İspanya,Yabancı,Yok,TV+ Var,Yıllık,Sürekli Lig,Takım Jenerik,Bilgi,Takım,Jenerik,İngilizce,Head,Takım Jenerik,Çekirdek,14800,LOW,2,,0.21,1.46,evet,4400,1600,18100,22200,18100,14800,18100,14800,22200,8100,14800,14800,,hayır,Çekirdek
elche maçları,La Liga,Futbol,Lig,1. Seviye,Çekirdek,Erkek,Kulüp,Takım Sporu,İspanya,Yabancı,Yok,TV+ Var,Yıllık,Sürekli Lig,Takım Maç Sorgusu,Bilgi,Takım,Jenerik,Türkçe,Head,Takım Maç Sorgusu,Çekirdek,1600,LOW,1,,,,evet,390,90,2900,2400,1900,1600,2900,1600,2900,1000,1900,1300,,hayır,Çekirdek
elche fikstür,La Liga,Futbol,Lig,1. Seviye,Çekirdek,Erkek,Kulüp,Takım Sporu,İspanya,Yabancı,Yok,TV+ Var,Yıllık,Sürekli Lig,Fikstür,Bilgi,Takım,Jenerik,Türkçe,Head,Fikstür,Çekirdek,,,,,,,hayir,,,,,,,,,,,,,,hayır,Çekirdek
elche puan durumu,La Liga,Futbol,Lig,1. Seviye,Çekirdek,Erkek,Kulüp,Takım Sporu,İspanya,Yabancı,Yok,TV+ Var,Yıllık,Sürekli Lig,Puan Durumu,Bilgi,Takım,Jenerik,İngilizce,Body,Puan Durumu,Çekirdek,4400,LOW,0,,,,evet,390,390,9900,6600,6600,2400,4400,3600,6600,2400,3600,1900,,hayır,Çekirdek
elche kadrosu,La Liga,Futbol,Lig,1. Seviye,Çekirdek,Erkek,Kulüp,Takım Sporu,İspanya,Yabancı,Yok,TV+ Var,Yıllık,Sürekli Lig,Kadro,Bilgi,Takım,Jenerik,İngilizce,Head,Kadro,Çekirdek,,,,,,,hayir,,,,,,,,,,,,,,hayır,Çekirdek
elche canlı izle,La Liga,Futbol,Lig,1. Seviye,Çekirdek,Erkek,Kulüp,Takım Sporu,İspanya,Yabancı,Yok,TV+ Var,Yıllık,Sürekli Lig,Canlı İzle,İzleme,Takım,Jenerik,Türkçe,Body,Canlı İzle,Çekirdek,10,LOW,0,,,,evet,10,0,10,10,10,10,10,20,0,0,0,0,,hayır,Çekirdek
elche transfer,La Liga,Futbol,Lig,1. Seviye,Çekirdek,Erkek,Kulüp,Takım Sporu,İspanya,Yabancı,Yok,TV+ Var,Yıllık,Sürekli Lig,Transfer,Bilgi,Takım,Jenerik,İngilizce,Head,Transfer,Çekirdek,10,LOW,0,,,,evet,10,10,10,0,10,0,0,10,10,10,10,10,,hayır,Çekirdek
levante,La Liga,Futbol,Lig,1. Seviye,Çekirdek,Erkek,Kulüp,Takım Sporu,İspanya,Yabancı,Yok,TV+ Var,Yıllık,Sürekli Lig,Takım Jenerik,Bilgi,Takım,Jenerik,İngilizce,Head,Takım Jenerik,Çekirdek,18100,LOW,1,0.43,0.17,1.01,evet,5400,2900,27100,27100,22200,27100,22200,14800,12100,12100,14800,22200,,hayır,Çekirdek
levante maçları,La Liga,Futbol,Lig,1. Seviye,Çekirdek,Erkek,Kulüp,Takım Sporu,İspanya,Yabancı,Yok,TV+ Var,Yıllık,Sürekli Lig,Takım Maç Sorgusu,Bilgi,Takım,Jenerik,Türkçe,Head,Takım Maç Sorgusu,Çekirdek,1900,LOW,1,,,,evet,260,50,4400,2900,2400,2900,2900,1900,1300,1000,2400,1900,,hayır,Çekirdek
levante fikstür,La Liga,Futbol,Lig,1. Seviye,Çekirdek,Erkek,Kulüp,Takım Sporu,İspanya,Yabancı,Yok,TV+ Var,Yıllık,Sürekli Lig,Fikstür,Bilgi,Takım,Jenerik,Türkçe,Head,Fikstür,Çekirdek,10,,,,,,evet,0,10,40,0,0,0,0,0,0,0,0,0,,hayır,Çekirdek
levante puan durumu,La Liga,Futbol,Lig,1. Seviye,Çekirdek,Erkek,Kulüp,Takım Sporu,İspanya,Yabancı,Yok,TV+ Var,Yıllık,Sürekli Lig,Puan Durumu,Bilgi,Takım,Jenerik,İngilizce,Body,Puan Durumu,Çekirdek,3600,LOW,0,,,,evet,260,390,12100,5400,2900,4400,5400,2900,1900,1600,2900,2900,,hayır,Çekirdek
levante kadrosu,La Liga,Futbol,Lig,1. Seviye,Çekirdek,Erkek,Kulüp,Takım Sporu,İspanya,Yabancı,Yok,TV+ Var,Yıllık,Sürekli Lig,Kadro,Bilgi,Takım,Jenerik,İngilizce,Head,Kadro,Çekirdek,50,LOW,0,,,,evet,30,20,40,40,30,40,70,30,30,40,110,140,,hayır,Çekirdek
levante canlı izle,La Liga,Futbol,Lig,1. Seviye,Çekirdek,Erkek,Kulüp,Takım Sporu,İspanya,Yabancı,Yok,TV+ Var,Yıllık,Sürekli Lig,Canlı İzle,İzleme,Takım,Jenerik,Türkçe,Body,Canlı İzle,Çekirdek,10,LOW,14,,,,evet,10,0,10,10,10,10,10,10,10,10,10,10,,hayır,Çekirdek
levante transfer,La Liga,Futbol,Lig,1. Seviye,Çekirdek,Erkek,Kulüp,Takım Sporu,İspanya,Yabancı,Yok,TV+ Var,Yıllık,Sürekli Lig,Transfer,Bilgi,Takım,Jenerik,İngilizce,Head,Transfer,Çekirdek,10,LOW,0,,,,evet,10,10,10,10,0,0,10,10,10,10,10,10,,hayır,Çekirdek
oviedo,La Liga,Futbol,Lig,1. Seviye,Çekirdek,Erkek,Kulüp,Takım Sporu,İspanya,Yabancı,Yok,TV+ Var,Yıllık,Sürekli Lig,Takım Jenerik,Bilgi,Takım,Jenerik,İngilizce,Head,Takım Jenerik,Çekirdek,1900,LOW,7,0.65,0.34,1.9,evet,1300,1000,1900,1600,1900,1900,1900,1600,1600,1600,2400,4400,,hayır,Çekirdek
oviedo maçları,La Liga,Futbol,Lig,1. Seviye,Çekirdek,Erkek,Kulüp,Takım Sporu,İspanya,Yabancı,Yok,TV+ Var,Yıllık,Sürekli Lig,Takım Maç Sorgusu,Bilgi,Takım,Jenerik,Türkçe,Head,Takım Maç Sorgusu,Çekirdek,,,,,,,hayir,,,,,,,,,,,,,,hayır,Çekirdek
oviedo fikstür,La Liga,Futbol,Lig,1. Seviye,Çekirdek,Erkek,Kulüp,Takım Sporu,İspanya,Yabancı,Yok,TV+ Var,Yıllık,Sürekli Lig,Fikstür,Bilgi,Takım,Jenerik,Türkçe,Head,Fikstür,Çekirdek,,,,,,,hayir,,,,,,,,,,,,,,hayır,Çekirdek
oviedo puan durumu,La Liga,Futbol,Lig,1. Seviye,Çekirdek,Erkek,Kulüp,Takım Sporu,İspanya,Yabancı,Yok,TV+ Var,Yıllık,Sürekli Lig,Puan Durumu,Bilgi,Takım,Jenerik,İngilizce,Body,Puan Durumu,Çekirdek,320,LOW,0,,,,evet,140,70,1300,720,390,320,390,140,210,110,260,260,,hayır,Çekirdek
oviedo kadrosu,La Liga,Futbol,Lig,1. Seviye,Çekirdek,Erkek,Kulüp,Takım Sporu,İspanya,Yabancı,Yok,TV+ Var,Yıllık,Sürekli Lig,Kadro,Bilgi,Takım,Jenerik,İngilizce,Head,Kadro,Çekirdek,,,,,,,hayir,,,,,,,,,,,,,,hayır,Çekirdek
oviedo canlı izle,La Liga,Futbol,Lig,1. Seviye,Çekirdek,Erkek,Kulüp,Takım Sporu,İspanya,Yabancı,Yok,TV+ Var,Yıllık,Sürekli Lig,Canlı İzle,İzleme,Takım,Jenerik,Türkçe,Body,Canlı İzle,Çekirdek,,,,,,,hayir,,,,,,,,,,,,,,hayır,Çekirdek
oviedo transfer,La Liga,Futbol,Lig,1. Seviye,Çekirdek,Erkek,Kulüp,Takım Sporu,İspanya,Yabancı,Yok,TV+ Var,Yıllık,Sürekli Lig,Transfer,Bilgi,Takım,Jenerik,İngilizce,Head,Transfer,Çekirdek,10,,,,,,evet,0,0,0,0,10,10,10,0,0,0,10,10,,hayır,Çekirdek
juventus,Serie A,Futbol,Lig,1. Seviye,Çekirdek,Erkek,Kulüp,Takım Sporu,İtalya,Yabancı,Yok,TV+ Var,Yıllık,Sürekli Lig,Takım Jenerik,Bilgi,Takım,Jenerik,İngilizce,Head,Takım Jenerik,Çekirdek,673000,LOW,1,0.15,0.07,0.36,evet,90500,74000,301000,368000,550000,2740000,1220000,823000,673000,823000,823000,301000,,hayır,Çekirdek
juventus maçları,Serie A,Futbol,Lig,1. Seviye,Çekirdek,Erkek,Kulüp,Takım Sporu,İtalya,Yabancı,Yok,TV+ Var,Yıllık,Sürekli Lig,Takım Maç Sorgusu,Bilgi,Takım,Jenerik,Türkçe,Head,Takım Maç Sorgusu,Çekirdek,60500,LOW,1,0.14,0.02,0.12,evet,8100,3600,33100,40500,40500,246000,110000,74000,60500,74000,60500,27100,,hayır,Çekirdek
juventus fikstür,Serie A,Futbol,Lig,1. Seviye,Çekirdek,Erkek,Kulüp,Takım Sporu,İtalya,Yabancı,Yok,TV+ Var,Yıllık,Sürekli Lig,Fikstür,Bilgi,Takım,Jenerik,Türkçe,Head,Fikstür,Çekirdek,880,LOW,1,,,,evet,70,50,390,590,590,5400,1600,880,590,720,720,390,,hayır,Çekirdek
juventus puan durumu,Serie A,Futbol,Lig,1. Seviye,Çekirdek,Erkek,Kulüp,Takım Sporu,İtalya,Yabancı,Yok,TV+ Var,Yıllık,Sürekli Lig,Puan Durumu,Bilgi,Takım,Jenerik,İngilizce,Body,Puan Durumu,Çekirdek,110000,LOW,0,,,,evet,6600,8100,110000,60500,74000,450000,201000,110000,74000,90500,74000,18100,,hayır,Çekirdek
juventus kadrosu,Serie A,Futbol,Lig,1. Seviye,Çekirdek,Erkek,Kulüp,Takım Sporu,İtalya,Yabancı,Yok,TV+ Var,Yıllık,Sürekli Lig,Kadro,Bilgi,Takım,Jenerik,İngilizce,Head,Kadro,Çekirdek,6600,LOW,0,,,,evet,2900,2900,2900,2900,4400,40500,14800,1900,1300,2400,2400,1600,,hayır,Çekirdek
juventus canlı izle,Serie A,Futbol,Lig,1. Seviye,Çekirdek,Erkek,Kulüp,Takım Sporu,İtalya,Yabancı,Yok,TV+ Var,Yıllık,Sürekli Lig,Canlı İzle,İzleme,Takım,Jenerik,Türkçe,Body,Canlı İzle,Çekirdek,210,LOW,16,0.13,,,evet,10,10,70,70,140,320,390,390,390,260,480,110,,hayır,Çekirdek
juventus transfer,Serie A,Futbol,Lig,1. Seviye,Çekirdek,Erkek,Kulüp,Takım Sporu,İtalya,Yabancı,Yok,TV+ Var,Yıllık,Sürekli Lig,Transfer,Bilgi,Takım,Jenerik,İngilizce,Head,Transfer,Çekirdek,480,LOW,0,,,,evet,880,390,260,140,260,1300,880,140,140,210,720,1000,,hayır,Çekirdek
inter,Serie A,Futbol,Lig,1. Seviye,Çekirdek,Erkek,Kulüp,Takım Sporu,İtalya,Yabancı,Yok,TV+ Var,Yıllık,Sürekli Lig,Takım Jenerik,Bilgi,Takım,Jenerik,İngilizce,Head,Takım Jenerik,Çekirdek,368000,LOW,1,0.27,0.08,0.44,evet,74000,49500,301000,550000,368000,823000,550000,450000,450000,368000,450000,246000,,hayır,Çekirdek
inter maçları,Serie A,Futbol,Lig,1. Seviye,Çekirdek,Erkek,Kulüp,Takım Sporu,İtalya,Yabancı,Yok,TV+ Var,Yıllık,Sürekli Lig,Takım Maç Sorgusu,Bilgi,Takım,Jenerik,Türkçe,Head,Takım Maç Sorgusu,Çekirdek,33100,LOW,1,0.2,0.05,0.13,evet,6600,1900,33100,60500,40500,74000,40500,33100,40500,33100,40500,18100,,hayır,Çekirdek
inter fikstür,Serie A,Futbol,Lig,1. Seviye,Çekirdek,Erkek,Kulüp,Takım Sporu,İtalya,Yabancı,Yok,TV+ Var,Yıllık,Sürekli Lig,Fikstür,Bilgi,Takım,Jenerik,Türkçe,Head,Fikstür,Çekirdek,390,LOW,5,0.07,,,evet,50,20,260,720,590,720,590,480,590,390,390,260,,hayır,Çekirdek
inter puan durumu,Serie A,Futbol,Lig,1. Seviye,Çekirdek,Erkek,Kulüp,Takım Sporu,İtalya,Yabancı,Yok,TV+ Var,Yıllık,Sürekli Lig,Puan Durumu,Bilgi,Takım,Jenerik,İngilizce,Body,Puan Durumu,Çekirdek,49500,LOW,0,,,,evet,4400,4400,110000,135000,90500,110000,27100,8100,60500,33100,33100,18100,,hayır,Çekirdek
inter kadrosu,Serie A,Futbol,Lig,1. Seviye,Çekirdek,Erkek,Kulüp,Takım Sporu,İtalya,Yabancı,Yok,TV+ Var,Yıllık,Sürekli Lig,Kadro,Bilgi,Takım,Jenerik,İngilizce,Head,Kadro,Çekirdek,1900,LOW,0,,,,evet,1900,1600,1900,1600,1900,2400,2400,1900,1600,1600,2400,2400,,hayır,Çekirdek
inter canlı izle,Serie A,Futbol,Lig,1. Seviye,Çekirdek,Erkek,Kulüp,Takım Sporu,İtalya,Yabancı,Yok,TV+ Var,Yıllık,Sürekli Lig,Canlı İzle,İzleme,Takım,Jenerik,Türkçe,Body,Canlı İzle,Çekirdek,110,LOW,7,,,,evet,10,10,20,40,50,480,90,70,170,90,170,40,,hayır,Çekirdek
inter transfer,Serie A,Futbol,Lig,1. Seviye,Çekirdek,Erkek,Kulüp,Takım Sporu,İtalya,Yabancı,Yok,TV+ Var,Yıllık,Sürekli Lig,Transfer,Bilgi,Takım,Jenerik,İngilizce,Head,Transfer,Çekirdek,210,LOW,1,,0.38,0.78,evet,390,110,110,70,70,90,170,50,70,70,390,720,,hayır,Çekirdek
milan,Serie A,Futbol,Lig,1. Seviye,Çekirdek,Erkek,Kulüp,Takım Sporu,İtalya,Yabancı,Yok,TV+ Var,Yıllık,Sürekli Lig,Takım Jenerik,Bilgi,Takım,Jenerik,İngilizce,Head,Takım Jenerik,Çekirdek,201000,LOW,4,0.71,0.23,0.95,evet,49500,33100,135000,135000,201000,246000,368000,246000,246000,201000,201000,165000,,hayır,Çekirdek
milan maçları,Serie A,Futbol,Lig,1. Seviye,Çekirdek,Erkek,Kulüp,Takım Sporu,İtalya,Yabancı,Yok,TV+ Var,Yıllık,Sürekli Lig,Takım Maç Sorgusu,Bilgi,Takım,Jenerik,Türkçe,Head,Takım Maç Sorgusu,Çekirdek,8100,LOW,2,,0.08,0.4,evet,1000,320,5400,6600,8100,12100,18100,14800,9900,9900,8100,8100,,hayır,Çekirdek
milan fikstür,Serie A,Futbol,Lig,1. Seviye,Çekirdek,Erkek,Kulüp,Takım Sporu,İtalya,Yabancı,Yok,TV+ Var,Yıllık,Sürekli Lig,Fikstür,Bilgi,Takım,Jenerik,Türkçe,Head,Fikstür,Çekirdek,210,LOW,14,0.3,,,evet,30,20,140,140,320,320,320,260,260,260,210,170,,hayır,Çekirdek
milan puan durumu,Serie A,Futbol,Lig,1. Seviye,Çekirdek,Erkek,Kulüp,Takım Sporu,İtalya,Yabancı,Yok,TV+ Var,Yıllık,Sürekli Lig,Puan Durumu,Bilgi,Takım,Jenerik,İngilizce,Body,Puan Durumu,Çekirdek,3600,LOW,0,,,,evet,1300,880,6600,4400,4400,4400,5400,4400,3600,3600,2400,1600,,hayır,Çekirdek
milan kadrosu,Serie A,Futbol,Lig,1. Seviye,Çekirdek,Erkek,Kulüp,Takım Sporu,İtalya,Yabancı,Yok,TV+ Var,Yıllık,Sürekli Lig,Kadro,Bilgi,Takım,Jenerik,İngilizce,Head,Kadro,Çekirdek,2400,LOW,0,,,,evet,2400,1900,2900,1900,1900,1900,2900,2400,2400,2400,2900,3600,,hayır,Çekirdek
milan canlı izle,Serie A,Futbol,Lig,1. Seviye,Çekirdek,Erkek,Kulüp,Takım Sporu,İtalya,Yabancı,Yok,TV+ Var,Yıllık,Sürekli Lig,Canlı İzle,İzleme,Takım,Jenerik,Türkçe,Body,Canlı İzle,Çekirdek,110,LOW,12,,,,evet,10,0,50,30,50,110,210,210,50,170,170,110,,hayır,Çekirdek
milan transfer,Serie A,Futbol,Lig,1. Seviye,Çekirdek,Erkek,Kulüp,Takım Sporu,İtalya,Yabancı,Yok,TV+ Var,Yıllık,Sürekli Lig,Transfer,Bilgi,Takım,Jenerik,İngilizce,Head,Transfer,Çekirdek,320,LOW,6,1.06,0.26,1.4,evet,720,260,170,110,110,170,260,140,140,140,590,1000,,hayır,Çekirdek
napoli,Serie A,Futbol,Lig,1. Seviye,Çekirdek,Erkek,Kulüp,Takım Sporu,İtalya,Yabancı,Yok,TV+ Var,Yıllık,Sürekli Lig,Takım Jenerik,Bilgi,Takım,Jenerik,İngilizce,Head,Takım Jenerik,Çekirdek,246000,LOW,5,0.59,0.17,0.93,evet,49500,40500,135000,165000,165000,301000,450000,368000,301000,368000,301000,201000,,hayır,Çekirdek
napoli maçları,Serie A,Futbol,Lig,1. Seviye,Çekirdek,Erkek,Kulüp,Takım Sporu,İtalya,Yabancı,Yok,TV+ Var,Yıllık,Sürekli Lig,Takım Maç Sorgusu,Bilgi,Takım,Jenerik,Türkçe,Head,Takım Maç Sorgusu,Çekirdek,22200,LOW,1,0.16,0.02,0.17,evet,2400,1300,12100,18100,14800,27100,74000,40500,27100,33100,27100,14800,,hayır,Çekirdek
napoli fikstür,Serie A,Futbol,Lig,1. Seviye,Çekirdek,Erkek,Kulüp,Takım Sporu,İtalya,Yabancı,Yok,TV+ Var,Yıllık,Sürekli Lig,Fikstür,Bilgi,Takım,Jenerik,Türkçe,Head,Fikstür,Çekirdek,210,LOW,5,,,,evet,20,20,90,170,170,170,590,390,210,210,210,140,,hayır,Çekirdek
napoli puan durumu,Serie A,Futbol,Lig,1. Seviye,Çekirdek,Erkek,Kulüp,Takım Sporu,İtalya,Yabancı,Yok,TV+ Var,Yıllık,Sürekli Lig,Puan Durumu,Bilgi,Takım,Jenerik,İngilizce,Body,Puan Durumu,Çekirdek,33100,LOW,0,,,,evet,2400,3600,33100,40500,27100,40500,90500,60500,49500,49500,33100,14800,,hayır,Çekirdek
napoli kadrosu,Serie A,Futbol,Lig,1. Seviye,Çekirdek,Erkek,Kulüp,Takım Sporu,İtalya,Yabancı,Yok,TV+ Var,Yıllık,Sürekli Lig,Kadro,Bilgi,Takım,Jenerik,İngilizce,Head,Kadro,Çekirdek,1300,LOW,1,,,,evet,1300,880,1300,1000,1000,1300,2400,1600,1300,1600,1600,1900,,hayır,Çekirdek
napoli canlı izle,Serie A,Futbol,Lig,1. Seviye,Çekirdek,Erkek,Kulüp,Takım Sporu,İtalya,Yabancı,Yok,TV+ Var,Yıllık,Sürekli Lig,Canlı İzle,İzleme,Takım,Jenerik,Türkçe,Body,Canlı İzle,Çekirdek,140,LOW,16,,,,evet,10,10,30,50,70,140,320,260,320,170,170,110,,hayır,Çekirdek
napoli transfer,Serie A,Futbol,Lig,1. Seviye,Çekirdek,Erkek,Kulüp,Takım Sporu,İtalya,Yabancı,Yok,TV+ Var,Yıllık,Sürekli Lig,Transfer,Bilgi,Takım,Jenerik,İngilizce,Head,Transfer,Çekirdek,210,LOW,2,,,,evet,140,90,90,50,50,90,320,110,90,170,480,880,,hayır,Çekirdek
roma,Serie A,Futbol,Lig,1. Seviye,Çekirdek,Erkek,Kulüp,Takım Sporu,İtalya,Yabancı,Yok,TV+ Var,Yıllık,Sürekli Lig,Takım Jenerik,Bilgi,Takım,Jenerik,İngilizce,Head,Takım Jenerik,Çekirdek,165000,LOW,5,0.56,0.15,0.87,evet,60500,60500,135000,110000,201000,201000,246000,165000,165000,201000,110000,110000,,hayır,Çekirdek
roma maçları,Serie A,Futbol,Lig,1. Seviye,Çekirdek,Erkek,Kulüp,Takım Sporu,İtalya,Yabancı,Yok,TV+ Var,Yıllık,Sürekli Lig,Takım Maç Sorgusu,Bilgi,Takım,Jenerik,Türkçe,Head,Takım Maç Sorgusu,Çekirdek,9900,LOW,1,0.47,,,evet,480,390,5400,6600,12100,14800,18100,14800,12100,14800,8100,5400,,hayır,Çekirdek
roma fikstür,Serie A,Futbol,Lig,1. Seviye,Çekirdek,Erkek,Kulüp,Takım Sporu,İtalya,Yabancı,Yok,TV+ Var,Yıllık,Sürekli Lig,Fikstür,Bilgi,Takım,Jenerik,Türkçe,Head,Fikstür,Çekirdek,210,LOW,5,,,,evet,20,10,140,170,260,320,320,260,260,260,210,170,,hayır,Çekirdek
roma puan durumu,Serie A,Futbol,Lig,1. Seviye,Çekirdek,Erkek,Kulüp,Takım Sporu,İtalya,Yabancı,Yok,TV+ Var,Yıllık,Sürekli Lig,Puan Durumu,Bilgi,Takım,Jenerik,İngilizce,Body,Puan Durumu,Çekirdek,2400,LOW,0,,,,evet,590,480,3600,2900,3600,2900,4400,3600,2900,2400,1300,590,,hayır,Çekirdek
roma kadrosu,Serie A,Futbol,Lig,1. Seviye,Çekirdek,Erkek,Kulüp,Takım Sporu,İtalya,Yabancı,Yok,TV+ Var,Yıllık,Sürekli Lig,Kadro,Bilgi,Takım,Jenerik,İngilizce,Head,Kadro,Çekirdek,880,LOW,0,,,,evet,720,590,720,590,880,1000,1000,720,720,880,880,1000,,hayır,Çekirdek
roma canlı izle,Serie A,Futbol,Lig,1. Seviye,Çekirdek,Erkek,Kulüp,Takım Sporu,İtalya,Yabancı,Yok,TV+ Var,Yıllık,Sürekli Lig,Canlı İzle,İzleme,Takım,Jenerik,Türkçe,Body,Canlı İzle,Çekirdek,90,LOW,0,,,,evet,10,20,40,20,50,70,140,110,140,210,70,70,,hayır,Çekirdek
roma transfer,Serie A,Futbol,Lig,1. Seviye,Çekirdek,Erkek,Kulüp,Takım Sporu,İtalya,Yabancı,Yok,TV+ Var,Yıllık,Sürekli Lig,Transfer,Bilgi,Takım,Jenerik,İngilizce,Head,Transfer,Çekirdek,170,LOW,2,,0.28,1.58,evet,390,140,50,30,70,70,170,90,90,90,170,590,,hayır,Çekirdek
lazio,Serie A,Futbol,Lig,1. Seviye,Çekirdek,Erkek,Kulüp,Takım Sporu,İtalya,Yabancı,Yok,TV+ Var,Yıllık,Sürekli Lig,Takım Jenerik,Bilgi,Takım,Jenerik,İngilizce,Head,Takım Jenerik,Çekirdek,90500,LOW,1,0.29,0.23,1.25,evet,8100,6600,74000,90500,90500,74000,246000,110000,60500,74000,49500,201000,,hayır,Çekirdek
lazio maçları,Serie A,Futbol,Lig,1. Seviye,Çekirdek,Erkek,Kulüp,Takım Sporu,İtalya,Yabancı,Yok,TV+ Var,Yıllık,Sürekli Lig,Takım Maç Sorgusu,Bilgi,Takım,Jenerik,Türkçe,Head,Takım Maç Sorgusu,Çekirdek,8100,LOW,1,,,,evet,390,390,8100,8100,8100,8100,22200,9900,6600,8100,6600,18100,,hayır,Çekirdek
lazio fikstür,Serie A,Futbol,Lig,1. Seviye,Çekirdek,Erkek,Kulüp,Takım Sporu,İtalya,Yabancı,Yok,TV+ Var,Yıllık,Sürekli Lig,Fikstür,Bilgi,Takım,Jenerik,Türkçe,Head,Fikstür,Çekirdek,70,LOW,0,,,,evet,10,10,50,40,70,70,260,50,50,70,50,70,,hayır,Çekirdek
lazio puan durumu,Serie A,Futbol,Lig,1. Seviye,Çekirdek,Erkek,Kulüp,Takım Sporu,İtalya,Yabancı,Yok,TV+ Var,Yıllık,Sürekli Lig,Puan Durumu,Bilgi,Takım,Jenerik,İngilizce,Body,Puan Durumu,Çekirdek,12100,LOW,0,,,,evet,880,880,14800,12100,12100,12100,27100,12100,6600,9900,8100,18100,,hayır,Çekirdek
lazio kadrosu,Serie A,Futbol,Lig,1. Seviye,Çekirdek,Erkek,Kulüp,Takım Sporu,İtalya,Yabancı,Yok,TV+ Var,Yıllık,Sürekli Lig,Kadro,Bilgi,Takım,Jenerik,İngilizce,Head,Kadro,Çekirdek,480,LOW,0,,,,evet,260,210,390,320,320,390,1300,390,260,260,320,1600,,hayır,Çekirdek
lazio canlı izle,Serie A,Futbol,Lig,1. Seviye,Çekirdek,Erkek,Kulüp,Takım Sporu,İtalya,Yabancı,Yok,TV+ Var,Yıllık,Sürekli Lig,Canlı İzle,İzleme,Takım,Jenerik,Türkçe,Body,Canlı İzle,Çekirdek,50,,,,,,evet,0,0,20,30,50,40,170,90,50,50,20,50,,hayır,Çekirdek
lazio transfer,Serie A,Futbol,Lig,1. Seviye,Çekirdek,Erkek,Kulüp,Takım Sporu,İtalya,Yabancı,Yok,TV+ Var,Yıllık,Sürekli Lig,Transfer,Bilgi,Takım,Jenerik,İngilizce,Head,Transfer,Çekirdek,70,LOW,0,,,,evet,50,10,10,20,10,40,390,20,20,10,70,260,,hayır,Çekirdek
atalanta,Serie A,Futbol,Lig,1. Seviye,Çekirdek,Erkek,Kulüp,Takım Sporu,İtalya,Yabancı,Yok,TV+ Var,Yıllık,Sürekli Lig,Takım Jenerik,Bilgi,Takım,Jenerik,İngilizce,Head,Takım Jenerik,Çekirdek,135000,LOW,1,,0.24,0.64,evet,14800,9900,60500,90500,201000,368000,201000,165000,110000,135000,135000,60500,,hayır,Çekirdek
atalanta maçları,Serie A,Futbol,Lig,1. Seviye,Çekirdek,Erkek,Kulüp,Takım Sporu,İtalya,Yabancı,Yok,TV+ Var,Yıllık,Sürekli Lig,Takım Maç Sorgusu,Bilgi,Takım,Jenerik,Türkçe,Head,Takım Maç Sorgusu,Çekirdek,12100,LOW,1,,,,evet,720,390,5400,8100,14800,33100,22200,18100,9900,12100,14800,4400,,hayır,Çekirdek
atalanta fikstür,Serie A,Futbol,Lig,1. Seviye,Çekirdek,Erkek,Kulüp,Takım Sporu,İtalya,Yabancı,Yok,TV+ Var,Yıllık,Sürekli Lig,Fikstür,Bilgi,Takım,Jenerik,Türkçe,Head,Fikstür,Çekirdek,90,LOW,2,,,,evet,10,10,40,50,90,170,170,110,110,110,110,40,,hayır,Çekirdek
atalanta puan durumu,Serie A,Futbol,Lig,1. Seviye,Çekirdek,Erkek,Kulüp,Takım Sporu,İtalya,Yabancı,Yok,TV+ Var,Yıllık,Sürekli Lig,Puan Durumu,Bilgi,Takım,Jenerik,İngilizce,Body,Puan Durumu,Çekirdek,18100,LOW,0,,,,evet,1900,1600,12100,14800,18100,33100,40500,27100,14800,12100,14800,6600,,hayır,Çekirdek
atalanta kadrosu,Serie A,Futbol,Lig,1. Seviye,Çekirdek,Erkek,Kulüp,Takım Sporu,İtalya,Yabancı,Yok,TV+ Var,Yıllık,Sürekli Lig,Kadro,Bilgi,Takım,Jenerik,İngilizce,Head,Kadro,Çekirdek,720,LOW,1,,,,evet,320,260,480,320,720,1000,1300,880,720,480,880,720,,hayır,Çekirdek
atalanta canlı izle,Serie A,Futbol,Lig,1. Seviye,Çekirdek,Erkek,Kulüp,Takım Sporu,İtalya,Yabancı,Yok,TV+ Var,Yıllık,Sürekli Lig,Canlı İzle,İzleme,Takım,Jenerik,Türkçe,Body,Canlı İzle,Çekirdek,70,LOW,10,,,,evet,10,10,10,20,70,260,110,110,40,110,140,20,,hayır,Çekirdek
atalanta transfer,Serie A,Futbol,Lig,1. Seviye,Çekirdek,Erkek,Kulüp,Takım Sporu,İtalya,Yabancı,Yok,TV+ Var,Yıllık,Sürekli Lig,Transfer,Bilgi,Takım,Jenerik,İngilizce,Head,Transfer,Çekirdek,90,LOW,2,,,,evet,30,20,20,20,50,110,260,50,40,30,170,210,,hayır,Çekirdek
fiorentina,Serie A,Futbol,Lig,1. Seviye,Çekirdek,Erkek,Kulüp,Takım Sporu,İtalya,Yabancı,Yok,TV+ Var,Yıllık,Sürekli Lig,Takım Jenerik,Bilgi,Takım,Jenerik,İngilizce,Head,Takım Jenerik,Çekirdek,60500,LOW,5,0.61,0.31,1.05,evet,27100,12100,33100,74000,90500,90500,74000,74000,60500,60500,33100,74000,,hayır,Çekirdek
fiorentina maçları,Serie A,Futbol,Lig,1. Seviye,Çekirdek,Erkek,Kulüp,Takım Sporu,İtalya,Yabancı,Yok,TV+ Var,Yıllık,Sürekli Lig,Takım Maç Sorgusu,Bilgi,Takım,Jenerik,Türkçe,Head,Takım Maç Sorgusu,Çekirdek,5400,LOW,1,,,,evet,1000,390,2900,6600,8100,8100,8100,6600,6600,6600,2900,5400,,hayır,Çekirdek
fiorentina fikstür,Serie A,Futbol,Lig,1. Seviye,Çekirdek,Erkek,Kulüp,Takım Sporu,İtalya,Yabancı,Yok,TV+ Var,Yıllık,Sürekli Lig,Fikstür,Bilgi,Takım,Jenerik,Türkçe,Head,Fikstür,Çekirdek,40,LOW,4,,,,evet,10,10,20,50,50,50,50,70,40,50,30,20,,hayır,Çekirdek
fiorentina puan durumu,Serie A,Futbol,Lig,1. Seviye,Çekirdek,Erkek,Kulüp,Takım Sporu,İtalya,Yabancı,Yok,TV+ Var,Yıllık,Sürekli Lig,Puan Durumu,Bilgi,Takım,Jenerik,İngilizce,Body,Puan Durumu,Çekirdek,12100,LOW,0,,,,evet,3600,2400,8100,12100,12100,14800,18100,27100,22200,9900,4400,4400,,hayır,Çekirdek
fiorentina kadrosu,Serie A,Futbol,Lig,1. Seviye,Çekirdek,Erkek,Kulüp,Takım Sporu,İtalya,Yabancı,Yok,TV+ Var,Yıllık,Sürekli Lig,Kadro,Bilgi,Takım,Jenerik,İngilizce,Head,Kadro,Çekirdek,210,LOW,1,0.25,,,evet,260,140,140,140,170,210,320,260,210,260,170,260,,hayır,Çekirdek
fiorentina canlı izle,Serie A,Futbol,Lig,1. Seviye,Çekirdek,Erkek,Kulüp,Takım Sporu,İtalya,Yabancı,Yok,TV+ Var,Yıllık,Sürekli Lig,Canlı İzle,İzleme,Takım,Jenerik,Türkçe,Body,Canlı İzle,Çekirdek,40,LOW,4,0.05,,,evet,10,0,20,50,110,70,40,20,40,30,10,70,,hayır,Çekirdek
fiorentina transfer,Serie A,Futbol,Lig,1. Seviye,Çekirdek,Erkek,Kulüp,Takım Sporu,İtalya,Yabancı,Yok,TV+ Var,Yıllık,Sürekli Lig,Transfer,Bilgi,Takım,Jenerik,İngilizce,Head,Transfer,Çekirdek,40,LOW,1,0.51,,,evet,260,30,10,10,10,20,30,30,10,10,20,40,,hayır,Çekirdek
bologna,Serie A,Futbol,Lig,1. Seviye,Çekirdek,Erkek,Kulüp,Takım Sporu,İtalya,Yabancı,Yok,TV+ Var,Yıllık,Sürekli Lig,Takım Jenerik,Bilgi,Takım,Jenerik,İngilizce,Head,Takım Jenerik,Çekirdek,60500,LOW,7,0.65,0.24,1.43,evet,40500,74000,74000,60500,90500,90500,74000,110000,40500,40500,33100,40500,,hayır,Çekirdek
bologna maçları,Serie A,Futbol,Lig,1. Seviye,Çekirdek,Erkek,Kulüp,Takım Sporu,İtalya,Yabancı,Yok,TV+ Var,Yıllık,Sürekli Lig,Takım Maç Sorgusu,Bilgi,Takım,Jenerik,Türkçe,Head,Takım Maç Sorgusu,Çekirdek,1600,LOW,1,,0.12,0.23,evet,1900,2900,1600,1300,2400,4400,3600,1300,50,70,50,210,,hayır,Çekirdek
bologna fikstür,Serie A,Futbol,Lig,1. Seviye,Çekirdek,Erkek,Kulüp,Takım Sporu,İtalya,Yabancı,Yok,TV+ Var,Yıllık,Sürekli Lig,Fikstür,Bilgi,Takım,Jenerik,Türkçe,Head,Fikstür,Çekirdek,40,LOW,2,,,,evet,40,70,20,40,50,30,50,40,30,30,10,30,,hayır,Çekirdek
bologna puan durumu,Serie A,Futbol,Lig,1. Seviye,Çekirdek,Erkek,Kulüp,Takım Sporu,İtalya,Yabancı,Yok,TV+ Var,Yıllık,Sürekli Lig,Puan Durumu,Bilgi,Takım,Jenerik,İngilizce,Body,Puan Durumu,Çekirdek,1300,LOW,0,,,,evet,590,2400,2400,1300,1300,1000,1000,2400,590,590,590,480,,hayır,Çekirdek
bologna kadrosu,Serie A,Futbol,Lig,1. Seviye,Çekirdek,Erkek,Kulüp,Takım Sporu,İtalya,Yabancı,Yok,TV+ Var,Yıllık,Sürekli Lig,Kadro,Bilgi,Takım,Jenerik,İngilizce,Head,Kadro,Çekirdek,260,LOW,0,,,,evet,210,480,210,320,140,170,260,390,140,170,170,170,,hayır,Çekirdek
bologna canlı izle,Serie A,Futbol,Lig,1. Seviye,Çekirdek,Erkek,Kulüp,Takım Sporu,İtalya,Yabancı,Yok,TV+ Var,Yıllık,Sürekli Lig,Canlı İzle,İzleme,Takım,Jenerik,Türkçe,Body,Canlı İzle,Çekirdek,20,LOW,5,,,,evet,10,10,10,20,20,10,10,90,10,20,10,10,,hayır,Çekirdek
bologna transfer,Serie A,Futbol,Lig,1. Seviye,Çekirdek,Erkek,Kulüp,Takım Sporu,İtalya,Yabancı,Yok,TV+ Var,Yıllık,Sürekli Lig,Transfer,Bilgi,Takım,Jenerik,İngilizce,Head,Transfer,Çekirdek,40,LOW,7,4.36,0.39,3.15,evet,90,110,20,10,20,10,20,20,10,20,40,90,,hayır,Çekirdek
torino,Serie A,Futbol,Lig,1. Seviye,Çekirdek,Erkek,Kulüp,Takım Sporu,İtalya,Yabancı,Yok,TV+ Var,Yıllık,Sürekli Lig,Takım Jenerik,Bilgi,Takım,Jenerik,İngilizce,Head,Takım Jenerik,Çekirdek,18100,LOW,6,0.51,0.15,1.64,evet,9900,9900,18100,18100,22200,33100,27100,18100,18100,22200,22200,18100,,hayır,Çekirdek
torino maçları,Serie A,Futbol,Lig,1. Seviye,Çekirdek,Erkek,Kulüp,Takım Sporu,İtalya,Yabancı,Yok,TV+ Var,Yıllık,Sürekli Lig,Takım Maç Sorgusu,Bilgi,Takım,Jenerik,Türkçe,Head,Takım Maç Sorgusu,Çekirdek,20,LOW,2,,,,evet,10,10,20,30,40,10,40,30,30,20,20,20,,hayır,Çekirdek
torino fikstür,Serie A,Futbol,Lig,1. Seviye,Çekirdek,Erkek,Kulüp,Takım Sporu,İtalya,Yabancı,Yok,TV+ Var,Yıllık,Sürekli Lig,Fikstür,Bilgi,Takım,Jenerik,Türkçe,Head,Fikstür,Çekirdek,20,LOW,0,,,,evet,10,10,40,20,20,30,20,20,20,20,10,10,,hayır,Çekirdek
torino puan durumu,Serie A,Futbol,Lig,1. Seviye,Çekirdek,Erkek,Kulüp,Takım Sporu,İtalya,Yabancı,Yok,TV+ Var,Yıllık,Sürekli Lig,Puan Durumu,Bilgi,Takım,Jenerik,İngilizce,Body,Puan Durumu,Çekirdek,390,LOW,0,,,,evet,210,50,880,720,480,590,590,590,480,320,210,90,,hayır,Çekirdek
torino kadrosu,Serie A,Futbol,Lig,1. Seviye,Çekirdek,Erkek,Kulüp,Takım Sporu,İtalya,Yabancı,Yok,TV+ Var,Yıllık,Sürekli Lig,Kadro,Bilgi,Takım,Jenerik,İngilizce,Head,Kadro,Çekirdek,110,LOW,0,,,,evet,40,40,90,70,110,140,260,90,70,110,90,140,,hayır,Çekirdek
torino canlı izle,Serie A,Futbol,Lig,1. Seviye,Çekirdek,Erkek,Kulüp,Takım Sporu,İtalya,Yabancı,Yok,TV+ Var,Yıllık,Sürekli Lig,Canlı İzle,İzleme,Takım,Jenerik,Türkçe,Body,Canlı İzle,Çekirdek,10,,,,,,evet,0,10,10,10,10,10,10,10,30,10,10,10,,hayır,Çekirdek
torino transfer,Serie A,Futbol,Lig,1. Seviye,Çekirdek,Erkek,Kulüp,Takım Sporu,İtalya,Yabancı,Yok,TV+ Var,Yıllık,Sürekli Lig,Transfer,Bilgi,Takım,Jenerik,İngilizce,Head,Transfer,Çekirdek,10,LOW,7,,,,evet,10,10,10,10,10,10,10,10,10,10,10,20,,hayır,Çekirdek
udinese,Serie A,Futbol,Lig,1. Seviye,Çekirdek,Erkek,Kulüp,Takım Sporu,İtalya,Yabancı,Yok,TV+ Var,Yıllık,Sürekli Lig,Takım Jenerik,Bilgi,Takım,Jenerik,İngilizce,Head,Takım Jenerik,Çekirdek,27100,LOW,2,0.64,0.25,1.36,evet,8100,5400,22200,22200,33100,27100,33100,40500,27100,33100,40500,22200,,hayır,Çekirdek
udinese maçları,Serie A,Futbol,Lig,1. Seviye,Çekirdek,Erkek,Kulüp,Takım Sporu,İtalya,Yabancı,Yok,TV+ Var,Yıllık,Sürekli Lig,Takım Maç Sorgusu,Bilgi,Takım,Jenerik,Türkçe,Head,Takım Maç Sorgusu,Çekirdek,1900,LOW,2,,,,evet,390,140,1000,1900,2900,1900,1900,3600,1900,2900,1900,880,,hayır,Çekirdek
udinese fikstür,Serie A,Futbol,Lig,1. Seviye,Çekirdek,Erkek,Kulüp,Takım Sporu,İtalya,Yabancı,Yok,TV+ Var,Yıllık,Sürekli Lig,Fikstür,Bilgi,Takım,Jenerik,Türkçe,Head,Fikstür,Çekirdek,20,LOW,0,,,,evet,10,0,10,20,20,20,20,40,30,30,10,10,,hayır,Çekirdek
udinese puan durumu,Serie A,Futbol,Lig,1. Seviye,Çekirdek,Erkek,Kulüp,Takım Sporu,İtalya,Yabancı,Yok,TV+ Var,Yıllık,Sürekli Lig,Puan Durumu,Bilgi,Takım,Jenerik,İngilizce,Body,Puan Durumu,Çekirdek,4400,LOW,0,0.81,,,evet,1000,880,4400,6600,6600,4400,5400,9900,5400,5400,4400,1900,,hayır,Çekirdek
udinese kadrosu,Serie A,Futbol,Lig,1. Seviye,Çekirdek,Erkek,Kulüp,Takım Sporu,İtalya,Yabancı,Yok,TV+ Var,Yıllık,Sürekli Lig,Kadro,Bilgi,Takım,Jenerik,İngilizce,Head,Kadro,Çekirdek,110,LOW,2,,,,evet,50,50,140,70,110,110,210,210,90,110,140,110,,hayır,Çekirdek
udinese canlı izle,Serie A,Futbol,Lig,1. Seviye,Çekirdek,Erkek,Kulüp,Takım Sporu,İtalya,Yabancı,Yok,TV+ Var,Yıllık,Sürekli Lig,Canlı İzle,İzleme,Takım,Jenerik,Türkçe,Body,Canlı İzle,Çekirdek,10,,,,,,evet,0,0,0,0,10,10,10,10,10,20,20,30,,hayır,Çekirdek
udinese transfer,Serie A,Futbol,Lig,1. Seviye,Çekirdek,Erkek,Kulüp,Takım Sporu,İtalya,Yabancı,Yok,TV+ Var,Yıllık,Sürekli Lig,Transfer,Bilgi,Takım,Jenerik,İngilizce,Head,Transfer,Çekirdek,10,LOW,2,,,,evet,10,10,10,10,10,10,10,10,10,10,20,70,,hayır,Çekirdek
genoa,Serie A,Futbol,Lig,1. Seviye,Çekirdek,Erkek,Kulüp,Takım Sporu,İtalya,Yabancı,Yok,TV+ Var,Yıllık,Sürekli Lig,Takım Jenerik,Bilgi,Takım,Jenerik,İngilizce,Head,Takım Jenerik,Çekirdek,18100,LOW,4,0.93,0.24,2,evet,4400,4400,9900,18100,33100,18100,49500,22200,18100,12100,22200,12100,,hayır,Çekirdek
genoa maçları,Serie A,Futbol,Lig,1. Seviye,Çekirdek,Erkek,Kulüp,Takım Sporu,İtalya,Yabancı,Yok,TV+ Var,Yıllık,Sürekli Lig,Takım Maç Sorgusu,Bilgi,Takım,Jenerik,Türkçe,Head,Takım Maç Sorgusu,Çekirdek,1600,LOW,0,,,,evet,140,90,720,1600,2900,1300,4400,2400,1600,1300,1900,720,,hayır,Çekirdek
genoa fikstür,Serie A,Futbol,Lig,1. Seviye,Çekirdek,Erkek,Kulüp,Takım Sporu,İtalya,Yabancı,Yok,TV+ Var,Yıllık,Sürekli Lig,Fikstür,Bilgi,Takım,Jenerik,Türkçe,Head,Fikstür,Çekirdek,10,,,,,,evet,0,10,10,30,10,10,20,20,10,10,10,10,,hayır,Çekirdek
genoa puan durumu,Serie A,Futbol,Lig,1. Seviye,Çekirdek,Erkek,Kulüp,Takım Sporu,İtalya,Yabancı,Yok,TV+ Var,Yıllık,Sürekli Lig,Puan Durumu,Bilgi,Takım,Jenerik,İngilizce,Body,Puan Durumu,Çekirdek,2900,LOW,0,,,,evet,480,590,2400,2900,6600,2400,5400,4400,1900,1900,2400,1000,,hayır,Çekirdek
genoa kadrosu,Serie A,Futbol,Lig,1. Seviye,Çekirdek,Erkek,Kulüp,Takım Sporu,İtalya,Yabancı,Yok,TV+ Var,Yıllık,Sürekli Lig,Kadro,Bilgi,Takım,Jenerik,İngilizce,Head,Kadro,Çekirdek,70,LOW,0,,,,evet,20,40,40,90,50,70,90,140,50,70,70,90,,hayır,Çekirdek
genoa canlı izle,Serie A,Futbol,Lig,1. Seviye,Çekirdek,Erkek,Kulüp,Takım Sporu,İtalya,Yabancı,Yok,TV+ Var,Yıllık,Sürekli Lig,Canlı İzle,İzleme,Takım,Jenerik,Türkçe,Body,Canlı İzle,Çekirdek,10,LOW,14,,,,evet,10,0,0,10,10,10,20,40,10,10,10,10,,hayır,Çekirdek
genoa transfer,Serie A,Futbol,Lig,1. Seviye,Çekirdek,Erkek,Kulüp,Takım Sporu,İtalya,Yabancı,Yok,TV+ Var,Yıllık,Sürekli Lig,Transfer,Bilgi,Takım,Jenerik,İngilizce,Head,Transfer,Çekirdek,10,LOW,0,,,,evet,10,10,10,10,10,10,10,10,10,10,10,20,,hayır,Çekirdek
cagliari,Serie A,Futbol,Lig,1. Seviye,Çekirdek,Erkek,Kulüp,Takım Sporu,İtalya,Yabancı,Yok,TV+ Var,Yıllık,Sürekli Lig,Takım Jenerik,Bilgi,Takım,Jenerik,İngilizce,Head,Takım Jenerik,Çekirdek,49500,LOW,4,0.66,0.2,1,evet,8100,6600,18100,33100,40500,110000,135000,90500,18100,27100,40500,110000,,hayır,Çekirdek
cagliari maçları,Serie A,Futbol,Lig,1. Seviye,Çekirdek,Erkek,Kulüp,Takım Sporu,İtalya,Yabancı,Yok,TV+ Var,Yıllık,Sürekli Lig,Takım Maç Sorgusu,Bilgi,Takım,Jenerik,Türkçe,Head,Takım Maç Sorgusu,Çekirdek,3600,LOW,2,,,,evet,390,90,1900,3600,4400,9900,9900,5400,880,1600,1600,4400,,hayır,Çekirdek
cagliari fikstür,Serie A,Futbol,Lig,1. Seviye,Çekirdek,Erkek,Kulüp,Takım Sporu,İtalya,Yabancı,Yok,TV+ Var,Yıllık,Sürekli Lig,Fikstür,Bilgi,Takım,Jenerik,Türkçe,Head,Fikstür,Çekirdek,90,LOW,7,,,,evet,10,10,20,40,50,140,170,90,30,40,90,390,,hayır,Çekirdek
cagliari puan durumu,Serie A,Futbol,Lig,1. Seviye,Çekirdek,Erkek,Kulüp,Takım Sporu,İtalya,Yabancı,Yok,TV+ Var,Yıllık,Sürekli Lig,Puan Durumu,Bilgi,Takım,Jenerik,İngilizce,Body,Puan Durumu,Çekirdek,6600,LOW,0,,,,evet,140,480,5400,6600,8100,18100,22200,14800,880,720,720,1900,,hayır,Çekirdek
cagliari kadrosu,Serie A,Futbol,Lig,1. Seviye,Çekirdek,Erkek,Kulüp,Takım Sporu,İtalya,Yabancı,Yok,TV+ Var,Yıllık,Sürekli Lig,Kadro,Bilgi,Takım,Jenerik,İngilizce,Head,Kadro,Çekirdek,110,LOW,0,,,,evet,20,20,30,70,90,140,170,170,90,70,90,320,,hayır,Çekirdek
cagliari canlı izle,Serie A,Futbol,Lig,1. Seviye,Çekirdek,Erkek,Kulüp,Takım Sporu,İtalya,Yabancı,Yok,TV+ Var,Yıllık,Sürekli Lig,Canlı İzle,İzleme,Takım,Jenerik,Türkçe,Body,Canlı İzle,Çekirdek,30,LOW,14,0.43,,,evet,10,0,10,10,10,40,90,20,10,10,70,90,,hayır,Çekirdek
cagliari transfer,Serie A,Futbol,Lig,1. Seviye,Çekirdek,Erkek,Kulüp,Takım Sporu,İtalya,Yabancı,Yok,TV+ Var,Yıllık,Sürekli Lig,Transfer,Bilgi,Takım,Jenerik,İngilizce,Head,Transfer,Çekirdek,10,LOW,7,,,,evet,10,10,10,10,10,10,10,10,10,10,10,90,,hayır,Çekirdek
hellas verona,Serie A,Futbol,Lig,1. Seviye,Çekirdek,Erkek,Kulüp,Takım Sporu,İtalya,Yabancı,Yok,TV+ Var,Yıllık,Sürekli Lig,Takım Jenerik,Bilgi,Takım,Jenerik,İngilizce,Head,Takım Jenerik,Çekirdek,22200,LOW,0,,,,evet,3600,2900,18100,18100,18100,33100,60500,18100,14800,22200,33100,27100,,hayır,Çekirdek
hellas verona maçları,Serie A,Futbol,Lig,1. Seviye,Çekirdek,Erkek,Kulüp,Takım Sporu,İtalya,Yabancı,Yok,TV+ Var,Yıllık,Sürekli Lig,Takım Maç Sorgusu,Bilgi,Takım,Jenerik,Türkçe,Body,Takım Maç Sorgusu,Çekirdek,10,LOW,7,,,,evet,10,0,10,10,10,10,10,10,10,10,10,10,,hayır,Çekirdek
hellas verona fikstür,Serie A,Futbol,Lig,1. Seviye,Çekirdek,Erkek,Kulüp,Takım Sporu,İtalya,Yabancı,Yok,TV+ Var,Yıllık,Sürekli Lig,Fikstür,Bilgi,Takım,Jenerik,Türkçe,Body,Fikstür,Çekirdek,,,,,,,hayir,,,,,,,,,,,,,,hayır,Çekirdek
hellas verona puan durumu,Serie A,Futbol,Lig,1. Seviye,Çekirdek,Erkek,Kulüp,Takım Sporu,İtalya,Yabancı,Yok,TV+ Var,Yıllık,Sürekli Lig,Puan Durumu,Bilgi,Takım,Jenerik,İngilizce,Body,Puan Durumu,Çekirdek,30,LOW,0,,,,evet,10,10,20,20,30,40,70,30,30,30,70,30,,hayır,Çekirdek
hellas verona kadrosu,Serie A,Futbol,Lig,1. Seviye,Çekirdek,Erkek,Kulüp,Takım Sporu,İtalya,Yabancı,Yok,TV+ Var,Yıllık,Sürekli Lig,Kadro,Bilgi,Takım,Jenerik,İngilizce,Body,Kadro,Çekirdek,,,,,,,hayir,,,,,,,,,,,,,,hayır,Çekirdek
hellas verona canlı izle,Serie A,Futbol,Lig,1. Seviye,Çekirdek,Erkek,Kulüp,Takım Sporu,İtalya,Yabancı,Yok,TV+ Var,Yıllık,Sürekli Lig,Canlı İzle,İzleme,Takım,Jenerik,Türkçe,Body,Canlı İzle,Çekirdek,10,LOW,21,,,,evet,10,0,10,10,10,0,10,10,10,10,10,10,,hayır,Çekirdek
hellas verona transfer,Serie A,Futbol,Lig,1. Seviye,Çekirdek,Erkek,Kulüp,Takım Sporu,İtalya,Yabancı,Yok,TV+ Var,Yıllık,Sürekli Lig,Transfer,Bilgi,Takım,Jenerik,İngilizce,Body,Transfer,Çekirdek,10,LOW,0,,,,evet,10,0,10,0,0,10,10,10,0,10,10,20,,hayır,Çekirdek
lecce,Serie A,Futbol,Lig,1. Seviye,Çekirdek,Erkek,Kulüp,Takım Sporu,İtalya,Yabancı,Yok,TV+ Var,Yıllık,Sürekli Lig,Takım Jenerik,Bilgi,Takım,Jenerik,İngilizce,Head,Takım Jenerik,Çekirdek,22200,LOW,5,0.55,0.21,1.23,evet,6600,3600,60500,40500,18100,40500,40500,22200,14800,14800,18100,12100,,hayır,Çekirdek
lecce maçları,Serie A,Futbol,Lig,1. Seviye,Çekirdek,Erkek,Kulüp,Takım Sporu,İtalya,Yabancı,Yok,TV+ Var,Yıllık,Sürekli Lig,Takım Maç Sorgusu,Bilgi,Takım,Jenerik,Türkçe,Head,Takım Maç Sorgusu,Çekirdek,1600,LOW,4,0.34,0.04,0.26,evet,210,40,3600,2900,880,2900,2900,1600,1000,1000,1300,320,,hayır,Çekirdek
lecce fikstür,Serie A,Futbol,Lig,1. Seviye,Çekirdek,Erkek,Kulüp,Takım Sporu,İtalya,Yabancı,Yok,TV+ Var,Yıllık,Sürekli Lig,Fikstür,Bilgi,Takım,Jenerik,Türkçe,Head,Fikstür,Çekirdek,20,LOW,10,,,,evet,10,0,50,20,10,10,30,10,20,20,10,10,,hayır,Çekirdek
lecce puan durumu,Serie A,Futbol,Lig,1. Seviye,Çekirdek,Erkek,Kulüp,Takım Sporu,İtalya,Yabancı,Yok,TV+ Var,Yıllık,Sürekli Lig,Puan Durumu,Bilgi,Takım,Jenerik,İngilizce,Body,Puan Durumu,Çekirdek,2900,LOW,0,,,,evet,590,210,9900,4400,1900,4400,5400,2400,1300,1600,1600,90,,hayır,Çekirdek
lecce kadrosu,Serie A,Futbol,Lig,1. Seviye,Çekirdek,Erkek,Kulüp,Takım Sporu,İtalya,Yabancı,Yok,TV+ Var,Yıllık,Sürekli Lig,Kadro,Bilgi,Takım,Jenerik,İngilizce,Head,Kadro,Çekirdek,40,LOW,1,,,,evet,20,10,30,40,40,50,110,30,20,50,50,50,,hayır,Çekirdek
lecce canlı izle,Serie A,Futbol,Lig,1. Seviye,Çekirdek,Erkek,Kulüp,Takım Sporu,İtalya,Yabancı,Yok,TV+ Var,Yıllık,Sürekli Lig,Canlı İzle,İzleme,Takım,Jenerik,Türkçe,Body,Canlı İzle,Çekirdek,10,LOW,7,,,,evet,10,10,10,10,0,10,10,10,10,10,10,10,,hayır,Çekirdek
lecce transfer,Serie A,Futbol,Lig,1. Seviye,Çekirdek,Erkek,Kulüp,Takım Sporu,İtalya,Yabancı,Yok,TV+ Var,Yıllık,Sürekli Lig,Transfer,Bilgi,Takım,Jenerik,İngilizce,Head,Transfer,Çekirdek,10,LOW,11,2.11,,,evet,10,10,0,10,10,10,10,0,0,10,10,10,,hayır,Çekirdek
parma,Serie A,Futbol,Lig,1. Seviye,Çekirdek,Erkek,Kulüp,Takım Sporu,İtalya,Yabancı,Yok,TV+ Var,Yıllık,Sürekli Lig,Takım Jenerik,Bilgi,Takım,Jenerik,İngilizce,Head,Takım Jenerik,Çekirdek,18100,LOW,2,0.53,0.26,1.39,evet,6600,4400,18100,22200,14800,27100,27100,27100,18100,14800,18100,12100,,hayır,Çekirdek
parma maçları,Serie A,Futbol,Lig,1. Seviye,Çekirdek,Erkek,Kulüp,Takım Sporu,İtalya,Yabancı,Yok,TV+ Var,Yıllık,Sürekli Lig,Takım Maç Sorgusu,Bilgi,Takım,Jenerik,Türkçe,Head,Takım Maç Sorgusu,Çekirdek,140,LOW,2,,,,evet,10,10,480,70,20,590,480,10,10,10,10,20,,hayır,Çekirdek
parma fikstür,Serie A,Futbol,Lig,1. Seviye,Çekirdek,Erkek,Kulüp,Takım Sporu,İtalya,Yabancı,Yok,TV+ Var,Yıllık,Sürekli Lig,Fikstür,Bilgi,Takım,Jenerik,Türkçe,Head,Fikstür,Çekirdek,20,LOW,0,,,,evet,10,0,10,20,10,10,30,30,30,20,10,20,,hayır,Çekirdek
parma puan durumu,Serie A,Futbol,Lig,1. Seviye,Çekirdek,Erkek,Kulüp,Takım Sporu,İtalya,Yabancı,Yok,TV+ Var,Yıllık,Sürekli Lig,Puan Durumu,Bilgi,Takım,Jenerik,İngilizce,Body,Puan Durumu,Çekirdek,320,LOW,0,,,,evet,110,90,480,590,320,480,590,480,320,210,210,140,,hayır,Çekirdek
parma kadrosu,Serie A,Futbol,Lig,1. Seviye,Çekirdek,Erkek,Kulüp,Takım Sporu,İtalya,Yabancı,Yok,TV+ Var,Yıllık,Sürekli Lig,Kadro,Bilgi,Takım,Jenerik,İngilizce,Head,Kadro,Çekirdek,90,LOW,0,,,,evet,40,50,90,90,50,90,260,70,70,70,70,140,,hayır,Çekirdek
parma canlı izle,Serie A,Futbol,Lig,1. Seviye,Çekirdek,Erkek,Kulüp,Takım Sporu,İtalya,Yabancı,Yok,TV+ Var,Yıllık,Sürekli Lig,Canlı İzle,İzleme,Takım,Jenerik,Türkçe,Body,Canlı İzle,Çekirdek,10,,,,,,evet,0,10,10,10,10,20,20,10,10,10,10,10,,hayır,Çekirdek
parma transfer,Serie A,Futbol,Lig,1. Seviye,Çekirdek,Erkek,Kulüp,Takım Sporu,İtalya,Yabancı,Yok,TV+ Var,Yıllık,Sürekli Lig,Transfer,Bilgi,Takım,Jenerik,İngilizce,Head,Transfer,Çekirdek,10,LOW,2,,,,evet,10,10,10,10,10,10,10,10,10,10,10,40,,hayır,Çekirdek
como,Serie A,Futbol,Lig,1. Seviye,Çekirdek,Erkek,Kulüp,Takım Sporu,İtalya,Yabancı,Yok,TV+ Var,Yıllık,Sürekli Lig,Takım Jenerik,Bilgi,Takım,Jenerik,İngilizce,Head,Takım Jenerik,Çekirdek,60500,LOW,5,0.47,0.2,1.15,evet,27100,22200,74000,74000,74000,90500,110000,27100,49500,49500,40500,90500,,hayır,Çekirdek
como maçları,Serie A,Futbol,Lig,1. Seviye,Çekirdek,Erkek,Kulüp,Takım Sporu,İtalya,Yabancı,Yok,TV+ Var,Yıllık,Sürekli Lig,Takım Maç Sorgusu,Bilgi,Takım,Jenerik,Türkçe,Head,Takım Maç Sorgusu,Çekirdek,50,LOW,2,,,,evet,10,10,50,90,50,90,90,30,40,50,40,70,,hayır,Çekirdek
como fikstür,Serie A,Futbol,Lig,1. Seviye,Çekirdek,Erkek,Kulüp,Takım Sporu,İtalya,Yabancı,Yok,TV+ Var,Yıllık,Sürekli Lig,Fikstür,Bilgi,Takım,Jenerik,Türkçe,Head,Fikstür,Çekirdek,40,LOW,1,,,,evet,10,10,70,90,50,70,70,40,20,30,40,0,,hayır,Çekirdek
como puan durumu,Serie A,Futbol,Lig,1. Seviye,Çekirdek,Erkek,Kulüp,Takım Sporu,İtalya,Yabancı,Yok,TV+ Var,Yıllık,Sürekli Lig,Puan Durumu,Bilgi,Takım,Jenerik,İngilizce,Body,Puan Durumu,Çekirdek,1600,LOW,0,,,,evet,720,720,3600,2900,1900,2400,2400,720,720,590,390,590,,hayır,Çekirdek
como kadrosu,Serie A,Futbol,Lig,1. Seviye,Çekirdek,Erkek,Kulüp,Takım Sporu,İtalya,Yabancı,Yok,TV+ Var,Yıllık,Sürekli Lig,Kadro,Bilgi,Takım,Jenerik,İngilizce,Head,Kadro,Çekirdek,110,LOW,0,,,,evet,110,70,110,140,140,210,140,70,50,50,70,90,,hayır,Çekirdek
como canlı izle,Serie A,Futbol,Lig,1. Seviye,Çekirdek,Erkek,Kulüp,Takım Sporu,İtalya,Yabancı,Yok,TV+ Var,Yıllık,Sürekli Lig,Canlı İzle,İzleme,Takım,Jenerik,Türkçe,Body,Canlı İzle,Çekirdek,,,,,,,hayir,,,,,,,,,,,,,,hayır,Çekirdek
como transfer,Serie A,Futbol,Lig,1. Seviye,Çekirdek,Erkek,Kulüp,Takım Sporu,İtalya,Yabancı,Yok,TV+ Var,Yıllık,Sürekli Lig,Transfer,Bilgi,Takım,Jenerik,İngilizce,Head,Transfer,Çekirdek,50,LOW,3,,,,evet,70,50,20,20,10,30,30,10,20,30,50,260,,hayır,Çekirdek
sassuolo,Serie A,Futbol,Lig,1. Seviye,Çekirdek,Erkek,Kulüp,Takım Sporu,İtalya,Yabancı,Yok,TV+ Var,Yıllık,Sürekli Lig,Takım Jenerik,Bilgi,Takım,Jenerik,İngilizce,Head,Takım Jenerik,Çekirdek,14800,LOW,3,0.51,0.2,0.56,evet,9900,4400,9900,14800,14800,18100,18100,14800,27100,18100,9900,22200,,hayır,Çekirdek
sassuolo maçları,Serie A,Futbol,Lig,1. Seviye,Çekirdek,Erkek,Kulüp,Takım Sporu,İtalya,Yabancı,Yok,TV+ Var,Yıllık,Sürekli Lig,Takım Maç Sorgusu,Bilgi,Takım,Jenerik,Türkçe,Head,Takım Maç Sorgusu,Çekirdek,1600,LOW,1,0.07,,,evet,880,140,880,1300,1900,1600,2400,1900,2400,2400,1000,1300,,hayır,Çekirdek
sassuolo fikstür,Serie A,Futbol,Lig,1. Seviye,Çekirdek,Erkek,Kulüp,Takım Sporu,İtalya,Yabancı,Yok,TV+ Var,Yıllık,Sürekli Lig,Fikstür,Bilgi,Takım,Jenerik,Türkçe,Head,Fikstür,Çekirdek,,,,,,,hayir,,,,,,,,,,,,,,hayır,Çekirdek
sassuolo puan durumu,Serie A,Futbol,Lig,1. Seviye,Çekirdek,Erkek,Kulüp,Takım Sporu,İtalya,Yabancı,Yok,TV+ Var,Yıllık,Sürekli Lig,Puan Durumu,Bilgi,Takım,Jenerik,İngilizce,Body,Puan Durumu,Çekirdek,2400,LOW,0,,,,evet,880,720,2400,2400,3600,2900,3600,2900,2900,1900,1600,2400,,hayır,Çekirdek
sassuolo kadrosu,Serie A,Futbol,Lig,1. Seviye,Çekirdek,Erkek,Kulüp,Takım Sporu,İtalya,Yabancı,Yok,TV+ Var,Yıllık,Sürekli Lig,Kadro,Bilgi,Takım,Jenerik,İngilizce,Head,Kadro,Çekirdek,70,LOW,1,,,,evet,70,50,50,40,90,70,90,90,50,70,70,140,,hayır,Çekirdek
sassuolo canlı izle,Serie A,Futbol,Lig,1. Seviye,Çekirdek,Erkek,Kulüp,Takım Sporu,İtalya,Yabancı,Yok,TV+ Var,Yıllık,Sürekli Lig,Canlı İzle,İzleme,Takım,Jenerik,Türkçe,Body,Canlı İzle,Çekirdek,10,LOW,20,,,,evet,10,0,10,10,10,0,10,10,20,10,10,10,,hayır,Çekirdek
sassuolo transfer,Serie A,Futbol,Lig,1. Seviye,Çekirdek,Erkek,Kulüp,Takım Sporu,İtalya,Yabancı,Yok,TV+ Var,Yıllık,Sürekli Lig,Transfer,Bilgi,Takım,Jenerik,İngilizce,Head,Transfer,Çekirdek,10,LOW,0,,,,evet,10,10,0,10,10,10,10,10,10,10,10,30,,hayır,Çekirdek
pisa,Serie A,Futbol,Lig,1. Seviye,Çekirdek,Erkek,Kulüp,Takım Sporu,İtalya,Yabancı,Yok,TV+ Var,Yıllık,Sürekli Lig,Takım Jenerik,Bilgi,Takım,Jenerik,İngilizce,Head,Takım Jenerik,Çekirdek,8100,LOW,5,0.38,0.14,1.77,evet,4400,5400,9900,8100,14800,8100,9900,8100,8100,6600,5400,5400,,hayır,Çekirdek
pisa maçları,Serie A,Futbol,Lig,1. Seviye,Çekirdek,Erkek,Kulüp,Takım Sporu,İtalya,Yabancı,Yok,TV+ Var,Yıllık,Sürekli Lig,Takım Maç Sorgusu,Bilgi,Takım,Jenerik,Türkçe,Head,Takım Maç Sorgusu,Çekirdek,10,LOW,0,,,,evet,10,10,10,10,20,10,10,20,10,20,20,10,,hayır,Çekirdek
pisa fikstür,Serie A,Futbol,Lig,1. Seviye,Çekirdek,Erkek,Kulüp,Takım Sporu,İtalya,Yabancı,Yok,TV+ Var,Yıllık,Sürekli Lig,Fikstür,Bilgi,Takım,Jenerik,Türkçe,Head,Fikstür,Çekirdek,,,,,,,hayir,,,,,,,,,,,,,,hayır,Çekirdek
pisa puan durumu,Serie A,Futbol,Lig,1. Seviye,Çekirdek,Erkek,Kulüp,Takım Sporu,İtalya,Yabancı,Yok,TV+ Var,Yıllık,Sürekli Lig,Puan Durumu,Bilgi,Takım,Jenerik,İngilizce,Body,Puan Durumu,Çekirdek,260,LOW,1,,,,evet,70,70,590,390,590,260,480,320,260,170,90,110,,hayır,Çekirdek
pisa kadrosu,Serie A,Futbol,Lig,1. Seviye,Çekirdek,Erkek,Kulüp,Takım Sporu,İtalya,Yabancı,Yok,TV+ Var,Yıllık,Sürekli Lig,Kadro,Bilgi,Takım,Jenerik,İngilizce,Head,Kadro,Çekirdek,10,LOW,0,,,,evet,10,10,10,10,20,10,20,0,0,0,0,0,,hayır,Çekirdek
pisa canlı izle,Serie A,Futbol,Lig,1. Seviye,Çekirdek,Erkek,Kulüp,Takım Sporu,İtalya,Yabancı,Yok,TV+ Var,Yıllık,Sürekli Lig,Canlı İzle,İzleme,Takım,Jenerik,Türkçe,Body,Canlı İzle,Çekirdek,,,,,,,hayir,,,,,,,,,,,,,,hayır,Çekirdek
pisa transfer,Serie A,Futbol,Lig,1. Seviye,Çekirdek,Erkek,Kulüp,Takım Sporu,İtalya,Yabancı,Yok,TV+ Var,Yıllık,Sürekli Lig,Transfer,Bilgi,Takım,Jenerik,İngilizce,Head,Transfer,Çekirdek,10,LOW,21,,,,evet,10,10,10,0,10,10,10,10,10,10,10,20,,hayır,Çekirdek
cremonese,Serie A,Futbol,Lig,1. Seviye,Çekirdek,Erkek,Kulüp,Takım Sporu,İtalya,Yabancı,Yok,TV+ Var,Yıllık,Sürekli Lig,Takım Jenerik,Bilgi,Takım,Jenerik,İngilizce,Head,Takım Jenerik,Çekirdek,6600,LOW,0,,,,evet,1300,880,12100,4400,6600,4400,14800,9900,5400,8100,9900,6600,,hayır,Çekirdek
cremonese maçları,Serie A,Futbol,Lig,1. Seviye,Çekirdek,Erkek,Kulüp,Takım Sporu,İtalya,Yabancı,Yok,TV+ Var,Yıllık,Sürekli Lig,Takım Maç Sorgusu,Bilgi,Takım,Jenerik,Türkçe,Head,Takım Maç Sorgusu,Çekirdek,880,LOW,0,,,,evet,50,50,1900,720,720,880,1600,1600,720,1000,1300,720,,hayır,Çekirdek
cremonese fikstür,Serie A,Futbol,Lig,1. Seviye,Çekirdek,Erkek,Kulüp,Takım Sporu,İtalya,Yabancı,Yok,TV+ Var,Yıllık,Sürekli Lig,Fikstür,Bilgi,Takım,Jenerik,Türkçe,Head,Fikstür,Çekirdek,,,,,,,hayir,,,,,,,,,,,,,,hayır,Çekirdek
cremonese puan durumu,Serie A,Futbol,Lig,1. Seviye,Çekirdek,Erkek,Kulüp,Takım Sporu,İtalya,Yabancı,Yok,TV+ Var,Yıllık,Sürekli Lig,Puan Durumu,Bilgi,Takım,Jenerik,İngilizce,Body,Puan Durumu,Çekirdek,2400,LOW,0,,,,evet,320,480,8100,2400,1900,1900,2900,3600,1600,2400,3600,2400,,hayır,Çekirdek
cremonese kadrosu,Serie A,Futbol,Lig,1. Seviye,Çekirdek,Erkek,Kulüp,Takım Sporu,İtalya,Yabancı,Yok,TV+ Var,Yıllık,Sürekli Lig,Kadro,Bilgi,Takım,Jenerik,İngilizce,Head,Kadro,Çekirdek,,,,,,,hayir,,,,,,,,,,,,,,hayır,Çekirdek
cremonese canlı izle,Serie A,Futbol,Lig,1. Seviye,Çekirdek,Erkek,Kulüp,Takım Sporu,İtalya,Yabancı,Yok,TV+ Var,Yıllık,Sürekli Lig,Canlı İzle,İzleme,Takım,Jenerik,Türkçe,Body,Canlı İzle,Çekirdek,,,,,,,hayir,,,,,,,,,,,,,,hayır,Çekirdek
cremonese transfer,Serie A,Futbol,Lig,1. Seviye,Çekirdek,Erkek,Kulüp,Takım Sporu,İtalya,Yabancı,Yok,TV+ Var,Yıllık,Sürekli Lig,Transfer,Bilgi,Takım,Jenerik,İngilizce,Head,Transfer,Çekirdek,10,LOW,0,,,,evet,10,0,0,0,0,0,10,10,10,10,10,10,,hayır,Çekirdek
manchester united,Premier Lig,Futbol,Lig,1. Seviye,Çekirdek,Erkek,Kulüp,Takım Sporu,İngiltere,Yabancı,Yok,TV+ Yok,Yıllık,Sürekli Lig,Takım Jenerik,Bilgi,Takım,Jenerik,İngilizce,Head,Takım Jenerik,Çekirdek,368000,LOW,1,0.26,0.1,0.76,evet,110000,60500,301000,246000,368000,1000000,450000,450000,301000,301000,450000,550000,,hayır,Çekirdek
manchester united maçları,Premier Lig,Futbol,Lig,1. Seviye,Çekirdek,Erkek,Kulüp,Takım Sporu,İngiltere,Yabancı,Yok,TV+ Yok,Yıllık,Sürekli Lig,Takım Maç Sorgusu,Bilgi,Takım,Jenerik,Türkçe,Body,Takım Maç Sorgusu,Çekirdek,33100,LOW,0,0.56,0.03,0.17,evet,3600,2400,49500,33100,40500,110000,40500,22200,22200,27100,22200,27100,,hayır,Çekirdek
manchester united fikstür,Premier Lig,Futbol,Lig,1. Seviye,Çekirdek,Erkek,Kulüp,Takım Sporu,İngiltere,Yabancı,Yok,TV+ Yok,Yıllık,Sürekli Lig,Fikstür,Bilgi,Takım,Jenerik,Türkçe,Body,Fikstür,Çekirdek,170,LOW,4,,,,evet,50,20,170,110,210,480,210,140,140,210,210,170,,hayır,Çekirdek
manchester united puan durumu,Premier Lig,Futbol,Lig,1. Seviye,Çekirdek,Erkek,Kulüp,Takım Sporu,İngiltere,Yabancı,Yok,TV+ Yok,Yıllık,Sürekli Lig,Puan Durumu,Bilgi,Takım,Jenerik,İngilizce,Body,Puan Durumu,Çekirdek,90500,LOW,0,,,,evet,6600,6600,165000,110000,135000,246000,110000,74000,60500,74000,60500,49500,,hayır,Çekirdek
manchester united kadrosu,Premier Lig,Futbol,Lig,1. Seviye,Çekirdek,Erkek,Kulüp,Takım Sporu,İngiltere,Yabancı,Yok,TV+ Yok,Yıllık,Sürekli Lig,Kadro,Bilgi,Takım,Jenerik,İngilizce,Body,Kadro,Çekirdek,390,LOW,0,,,,evet,590,390,480,390,390,320,590,260,260,260,480,390,,hayır,Çekirdek
manchester united canlı izle,Premier Lig,Futbol,Lig,1. Seviye,Çekirdek,Erkek,Kulüp,Takım Sporu,İngiltere,Yabancı,Yok,TV+ Yok,Yıllık,Sürekli Lig,Canlı İzle,İzleme,Takım,Jenerik,Türkçe,Body,Canlı İzle,Çekirdek,110,LOW,19,,0.04,0.21,evet,30,10,40,70,110,210,170,390,210,40,40,140,,hayır,Çekirdek
manchester united transfer,Premier Lig,Futbol,Lig,1. Seviye,Çekirdek,Erkek,Kulüp,Takım Sporu,İngiltere,Yabancı,Yok,TV+ Yok,Yıllık,Sürekli Lig,Transfer,Bilgi,Takım,Jenerik,İngilizce,Body,Transfer,Çekirdek,1300,LOW,0,,0.29,0.53,evet,2900,720,720,320,390,590,880,390,390,590,2900,5400,,hayır,Çekirdek
manchester city,Premier Lig,Futbol,Lig,1. Seviye,Çekirdek,Erkek,Kulüp,Takım Sporu,İngiltere,Yabancı,Yok,TV+ Yok,Yıllık,Sürekli Lig,Takım Jenerik,Bilgi,Takım,Jenerik,İngilizce,Head,Takım Jenerik,Çekirdek,550000,LOW,1,0.58,0.19,1.04,evet,110000,74000,823000,673000,673000,550000,1500000,550000,450000,450000,550000,450000,,hayır,Çekirdek
manchester city maçları,Premier Lig,Futbol,Lig,1. Seviye,Çekirdek,Erkek,Kulüp,Takım Sporu,İngiltere,Yabancı,Yok,TV+ Yok,Yıllık,Sürekli Lig,Takım Maç Sorgusu,Bilgi,Takım,Jenerik,Türkçe,Body,Takım Maç Sorgusu,Çekirdek,74000,LOW,1,0.13,0.07,0.4,evet,5400,3600,201000,165000,60500,49500,135000,49500,49500,40500,40500,27100,,hayır,Çekirdek
manchester city fikstür,Premier Lig,Futbol,Lig,1. Seviye,Çekirdek,Erkek,Kulüp,Takım Sporu,İngiltere,Yabancı,Yok,TV+ Yok,Yıllık,Sürekli Lig,Fikstür,Bilgi,Takım,Jenerik,Türkçe,Body,Fikstür,Çekirdek,480,LOW,5,,,,evet,40,20,1000,1000,320,390,880,390,390,390,320,320,,hayır,Çekirdek
manchester city puan durumu,Premier Lig,Futbol,Lig,1. Seviye,Çekirdek,Erkek,Kulüp,Takım Sporu,İngiltere,Yabancı,Yok,TV+ Yok,Yıllık,Sürekli Lig,Puan Durumu,Bilgi,Takım,Jenerik,İngilizce,Body,Puan Durumu,Çekirdek,201000,LOW,0,,,,evet,8100,6600,673000,450000,165000,165000,368000,165000,135000,90500,74000,60500,,hayır,Çekirdek
manchester city kadrosu,Premier Lig,Futbol,Lig,1. Seviye,Çekirdek,Erkek,Kulüp,Takım Sporu,İngiltere,Yabancı,Yok,TV+ Yok,Yıllık,Sürekli Lig,Kadro,Bilgi,Takım,Jenerik,İngilizce,Body,Kadro,Çekirdek,1000,LOW,0,,,,evet,880,590,720,590,720,720,5400,590,590,480,880,880,,hayır,Çekirdek
manchester city canlı izle,Premier Lig,Futbol,Lig,1. Seviye,Çekirdek,Erkek,Kulüp,Takım Sporu,İngiltere,Yabancı,Yok,TV+ Yok,Yıllık,Sürekli Lig,Canlı İzle,İzleme,Takım,Jenerik,Türkçe,Body,Canlı İzle,Çekirdek,320,,,,,,evet,0,0,320,210,320,210,1000,390,260,320,210,320,,hayır,Çekirdek
manchester city transfer,Premier Lig,Futbol,Lig,1. Seviye,Çekirdek,Erkek,Kulüp,Takım Sporu,İngiltere,Yabancı,Yok,TV+ Yok,Yıllık,Sürekli Lig,Transfer,Bilgi,Takım,Jenerik,İngilizce,Body,Transfer,Çekirdek,880,LOW,1,,0.21,0.4,evet,1600,590,260,170,210,320,1300,260,260,320,1900,2900,,hayır,Çekirdek
liverpool,Premier Lig,Futbol,Lig,1. Seviye,Çekirdek,Erkek,Kulüp,Takım Sporu,İngiltere,Yabancı,Yok,TV+ Yok,Yıllık,Sürekli Lig,Takım Jenerik,Bilgi,Takım,Jenerik,İngilizce,Head,Takım Jenerik,Çekirdek,1000000,LOW,4,0.47,0.21,0.77,evet,135000,90500,550000,1000000,2240000,1220000,1000000,823000,1000000,1500000,2740000,1000000,,hayır,Çekirdek
liverpool maçları,Premier Lig,Futbol,Lig,1. Seviye,Çekirdek,Erkek,Kulüp,Takım Sporu,İngiltere,Yabancı,Yok,TV+ Yok,Yıllık,Sürekli Lig,Takım Maç Sorgusu,Bilgi,Takım,Jenerik,Türkçe,Head,Takım Maç Sorgusu,Çekirdek,90500,LOW,1,0.35,0.08,2.26,evet,5400,3600,40500,74000,246000,165000,74000,60500,90500,135000,246000,60500,,hayır,Çekirdek
liverpool fikstür,Premier Lig,Futbol,Lig,1. Seviye,Çekirdek,Erkek,Kulüp,Takım Sporu,İngiltere,Yabancı,Yok,TV+ Yok,Yıllık,Sürekli Lig,Fikstür,Bilgi,Takım,Jenerik,Türkçe,Head,Fikstür,Çekirdek,1600,LOW,2,,,,evet,70,50,480,720,6600,3600,720,590,1300,1900,3600,1000,,hayır,Çekirdek
liverpool puan durumu,Premier Lig,Futbol,Lig,1. Seviye,Çekirdek,Erkek,Kulüp,Takım Sporu,İngiltere,Yabancı,Yok,TV+ Yok,Yıllık,Sürekli Lig,Puan Durumu,Bilgi,Takım,Jenerik,İngilizce,Body,Puan Durumu,Çekirdek,165000,LOW,0,0.35,0.02,0.09,evet,8100,6600,165000,110000,450000,301000,165000,135000,201000,246000,301000,90500,,hayır,Çekirdek
liverpool kadrosu,Premier Lig,Futbol,Lig,1. Seviye,Çekirdek,Erkek,Kulüp,Takım Sporu,İngiltere,Yabancı,Yok,TV+ Yok,Yıllık,Sürekli Lig,Kadro,Bilgi,Takım,Jenerik,İngilizce,Head,Kadro,Çekirdek,12100,LOW,0,,,,evet,4400,3600,5400,5400,33100,14800,2900,2400,2900,8100,49500,14800,,hayır,Çekirdek
liverpool canlı izle,Premier Lig,Futbol,Lig,1. Seviye,Çekirdek,Erkek,Kulüp,Takım Sporu,İngiltere,Yabancı,Yok,TV+ Yok,Yıllık,Sürekli Lig,Canlı İzle,İzleme,Takım,Jenerik,Türkçe,Body,Canlı İzle,Çekirdek,320,LOW,11,,,,evet,10,10,110,260,390,210,390,170,390,720,880,720,,hayır,Çekirdek
liverpool transfer,Premier Lig,Futbol,Lig,1. Seviye,Çekirdek,Erkek,Kulüp,Takım Sporu,İngiltere,Yabancı,Yok,TV+ Yok,Yıllık,Sürekli Lig,Transfer,Bilgi,Takım,Jenerik,İngilizce,Head,Transfer,Çekirdek,2400,LOW,1,0.29,0.77,2.55,evet,2400,1000,590,480,1300,1300,1000,590,720,1000,9900,9900,,hayır,Çekirdek
arsenal,Premier Lig,Futbol,Lig,1. Seviye,Çekirdek,Erkek,Kulüp,Takım Sporu,İngiltere,Yabancı,Yok,TV+ Yok,Yıllık,Sürekli Lig,Takım Jenerik,Bilgi,Takım,Jenerik,İngilizce,Head,Takım Jenerik,Çekirdek,1220000,LOW,1,0.37,0.15,0.79,evet,110000,110000,4090000,2740000,1500000,823000,1220000,1000000,823000,550000,673000,550000,,hayır,Çekirdek
arsenal maçları,Premier Lig,Futbol,Lig,1. Seviye,Çekirdek,Erkek,Kulüp,Takım Sporu,İngiltere,Yabancı,Yok,TV+ Yok,Yıllık,Sürekli Lig,Takım Maç Sorgusu,Bilgi,Takım,Jenerik,Türkçe,Head,Takım Maç Sorgusu,Çekirdek,135000,LOW,1,0.88,0.03,0.28,evet,8100,6600,550000,368000,165000,110000,135000,110000,74000,49500,49500,33100,,hayır,Çekirdek
arsenal fikstür,Premier Lig,Futbol,Lig,1. Seviye,Çekirdek,Erkek,Kulüp,Takım Sporu,İngiltere,Yabancı,Yok,TV+ Yok,Yıllık,Sürekli Lig,Fikstür,Bilgi,Takım,Jenerik,Türkçe,Head,Fikstür,Çekirdek,1600,LOW,2,,,,evet,110,70,6600,4400,2400,1600,1300,1000,880,590,590,590,,hayır,Çekirdek
arsenal puan durumu,Premier Lig,Futbol,Lig,1. Seviye,Çekirdek,Erkek,Kulüp,Takım Sporu,İngiltere,Yabancı,Yok,TV+ Yok,Yıllık,Sürekli Lig,Puan Durumu,Bilgi,Takım,Jenerik,İngilizce,Body,Puan Durumu,Çekirdek,301000,LOW,0,,,,evet,9900,12100,1220000,823000,368000,301000,368000,246000,201000,90500,74000,49500,,hayır,Çekirdek
arsenal kadrosu,Premier Lig,Futbol,Lig,1. Seviye,Çekirdek,Erkek,Kulüp,Takım Sporu,İngiltere,Yabancı,Yok,TV+ Yok,Yıllık,Sürekli Lig,Kadro,Bilgi,Takım,Jenerik,İngilizce,Head,Kadro,Çekirdek,5400,LOW,0,0.29,0.26,0.35,evet,4400,4400,14800,5400,6600,4400,6600,3600,2900,2400,3600,3600,,hayır,Çekirdek
arsenal canlı izle,Premier Lig,Futbol,Lig,1. Seviye,Çekirdek,Erkek,Kulüp,Takım Sporu,İngiltere,Yabancı,Yok,TV+ Yok,Yıllık,Sürekli Lig,Canlı İzle,İzleme,Takım,Jenerik,Türkçe,Body,Canlı İzle,Çekirdek,390,,,,,,evet,0,10,880,390,720,210,480,590,480,320,480,210,,hayır,Çekirdek
arsenal transfer,Premier Lig,Futbol,Lig,1. Seviye,Çekirdek,Erkek,Kulüp,Takım Sporu,İngiltere,Yabancı,Yok,TV+ Yok,Yıllık,Sürekli Lig,Transfer,Bilgi,Takım,Jenerik,İngilizce,Head,Transfer,Çekirdek,880,LOW,1,2.69,0.21,0.86,evet,1900,720,590,260,210,320,590,210,260,260,1300,3600,,hayır,Çekirdek
chelsea,Premier Lig,Futbol,Lig,1. Seviye,Çekirdek,Erkek,Kulüp,Takım Sporu,İngiltere,Yabancı,Yok,TV+ Yok,Yıllık,Sürekli Lig,Takım Jenerik,Bilgi,Takım,Jenerik,İngilizce,Head,Takım Jenerik,Çekirdek,368000,LOW,1,0.67,0.27,0.79,evet,110000,60500,301000,301000,550000,368000,550000,450000,550000,450000,550000,368000,,hayır,Çekirdek
chelsea maçları,Premier Lig,Futbol,Lig,1. Seviye,Çekirdek,Erkek,Kulüp,Takım Sporu,İngiltere,Yabancı,Yok,TV+ Yok,Yıllık,Sürekli Lig,Takım Maç Sorgusu,Bilgi,Takım,Jenerik,Türkçe,Head,Takım Maç Sorgusu,Çekirdek,27100,LOW,2,0.35,0.08,0.38,evet,3600,1900,27100,27100,40500,27100,33100,40500,40500,27100,40500,22200,,hayır,Çekirdek
chelsea fikstür,Premier Lig,Futbol,Lig,1. Seviye,Çekirdek,Erkek,Kulüp,Takım Sporu,İngiltere,Yabancı,Yok,TV+ Yok,Yıllık,Sürekli Lig,Fikstür,Bilgi,Takım,Jenerik,Türkçe,Head,Fikstür,Çekirdek,260,LOW,5,,,,evet,50,30,260,210,390,320,390,320,320,320,390,260,,hayır,Çekirdek
chelsea puan durumu,Premier Lig,Futbol,Lig,1. Seviye,Çekirdek,Erkek,Kulüp,Takım Sporu,İngiltere,Yabancı,Yok,TV+ Yok,Yıllık,Sürekli Lig,Puan Durumu,Bilgi,Takım,Jenerik,İngilizce,Body,Puan Durumu,Çekirdek,49500,LOW,0,,,,evet,4400,4400,90500,60500,60500,49500,74000,60500,74000,49500,40500,27100,,hayır,Çekirdek
chelsea kadrosu,Premier Lig,Futbol,Lig,1. Seviye,Çekirdek,Erkek,Kulüp,Takım Sporu,İngiltere,Yabancı,Yok,TV+ Yok,Yıllık,Sürekli Lig,Kadro,Bilgi,Takım,Jenerik,İngilizce,Head,Kadro,Çekirdek,2900,LOW,0,,0.1,0.45,evet,3600,1900,2900,1900,3600,2400,3600,2900,3600,2900,3600,4400,,hayır,Çekirdek
chelsea canlı izle,Premier Lig,Futbol,Lig,1. Seviye,Çekirdek,Erkek,Kulüp,Takım Sporu,İngiltere,Yabancı,Yok,TV+ Yok,Yıllık,Sürekli Lig,Canlı İzle,İzleme,Takım,Jenerik,Türkçe,Body,Canlı İzle,Çekirdek,210,LOW,9,,,,evet,40,10,50,50,140,170,210,590,480,170,210,210,,hayır,Çekirdek
chelsea transfer,Premier Lig,Futbol,Lig,1. Seviye,Çekirdek,Erkek,Kulüp,Takım Sporu,İngiltere,Yabancı,Yok,TV+ Yok,Yıllık,Sürekli Lig,Transfer,Bilgi,Takım,Jenerik,İngilizce,Head,Transfer,Çekirdek,880,LOW,1,0.37,0.27,0.7,evet,2400,590,390,140,210,320,880,390,390,390,1600,3600,,hayır,Çekirdek
tottenham,Premier Lig,Futbol,Lig,1. Seviye,Çekirdek,Erkek,Kulüp,Takım Sporu,İngiltere,Yabancı,Yok,TV+ Yok,Yıllık,Sürekli Lig,Takım Jenerik,Bilgi,Takım,Jenerik,İngilizce,Head,Takım Jenerik,Çekirdek,301000,LOW,1,0.35,0.18,0.63,evet,74000,40500,450000,450000,550000,450000,201000,201000,201000,165000,301000,368000,,hayır,Çekirdek
tottenham maçları,Premier Lig,Futbol,Lig,1. Seviye,Çekirdek,Erkek,Kulüp,Takım Sporu,İngiltere,Yabancı,Yok,TV+ Yok,Yıllık,Sürekli Lig,Takım Maç Sorgusu,Bilgi,Takım,Jenerik,Türkçe,Head,Takım Maç Sorgusu,Çekirdek,40500,LOW,2,0.25,0.06,0.32,evet,2900,1600,110000,90500,49500,60500,22200,18100,18100,18100,27100,22200,,hayır,Çekirdek
tottenham fikstür,Premier Lig,Futbol,Lig,1. Seviye,Çekirdek,Erkek,Kulüp,Takım Sporu,İngiltere,Yabancı,Yok,TV+ Yok,Yıllık,Sürekli Lig,Fikstür,Bilgi,Takım,Jenerik,Türkçe,Head,Fikstür,Çekirdek,320,LOW,6,,,,evet,30,30,880,720,480,590,140,140,170,140,170,170,,hayır,Çekirdek
tottenham puan durumu,Premier Lig,Futbol,Lig,1. Seviye,Çekirdek,Erkek,Kulüp,Takım Sporu,İngiltere,Yabancı,Yok,TV+ Yok,Yıllık,Sürekli Lig,Puan Durumu,Bilgi,Takım,Jenerik,İngilizce,Body,Puan Durumu,Çekirdek,90500,LOW,0,,,,evet,5400,8100,368000,301000,135000,135000,40500,22200,27100,27100,27100,27100,,hayır,Çekirdek
tottenham kadrosu,Premier Lig,Futbol,Lig,1. Seviye,Çekirdek,Erkek,Kulüp,Takım Sporu,İngiltere,Yabancı,Yok,TV+ Yok,Yıllık,Sürekli Lig,Kadro,Bilgi,Takım,Jenerik,İngilizce,Head,Kadro,Çekirdek,1600,LOW,0,0.66,,,evet,1600,720,1600,1900,1900,4400,1300,880,880,880,1300,2400,,hayır,Çekirdek
tottenham canlı izle,Premier Lig,Futbol,Lig,1. Seviye,Çekirdek,Erkek,Kulüp,Takım Sporu,İngiltere,Yabancı,Yok,TV+ Yok,Yıllık,Sürekli Lig,Canlı İzle,İzleme,Takım,Jenerik,Türkçe,Body,Canlı İzle,Çekirdek,140,LOW,21,0.23,0.06,0.31,evet,50,0,70,70,140,40,110,110,70,110,170,590,,hayır,Çekirdek
tottenham transfer,Premier Lig,Futbol,Lig,1. Seviye,Çekirdek,Erkek,Kulüp,Takım Sporu,İngiltere,Yabancı,Yok,TV+ Yok,Yıllık,Sürekli Lig,Transfer,Bilgi,Takım,Jenerik,İngilizce,Head,Transfer,Çekirdek,720,LOW,1,0.22,0.25,0.45,evet,3600,590,320,260,210,320,320,140,170,210,1000,2400,,hayır,Çekirdek
newcastle,Premier Lig,Futbol,Lig,1. Seviye,Çekirdek,Erkek,Kulüp,Takım Sporu,İngiltere,Yabancı,Yok,TV+ Yok,Yıllık,Sürekli Lig,Takım Jenerik,Bilgi,Takım,Jenerik,İngilizce,Head,Takım Jenerik,Çekirdek,74000,LOW,5,0.46,0.22,0.78,evet,22200,14800,40500,33100,135000,201000,110000,90500,90500,110000,74000,60500,,hayır,Çekirdek
newcastle maçları,Premier Lig,Futbol,Lig,1. Seviye,Çekirdek,Erkek,Kulüp,Takım Sporu,İngiltere,Yabancı,Yok,TV+ Yok,Yıllık,Sürekli Lig,Takım Maç Sorgusu,Bilgi,Takım,Jenerik,Türkçe,Head,Takım Maç Sorgusu,Çekirdek,40,LOW,0,,,,evet,10,10,10,10,90,70,40,30,70,50,40,30,,hayır,Çekirdek
newcastle fikstür,Premier Lig,Futbol,Lig,1. Seviye,Çekirdek,Erkek,Kulüp,Takım Sporu,İngiltere,Yabancı,Yok,TV+ Yok,Yıllık,Sürekli Lig,Fikstür,Bilgi,Takım,Jenerik,Türkçe,Head,Fikstür,Çekirdek,70,LOW,0,,,,evet,10,10,20,20,170,90,70,70,170,50,50,20,,hayır,Çekirdek
newcastle puan durumu,Premier Lig,Futbol,Lig,1. Seviye,Çekirdek,Erkek,Kulüp,Takım Sporu,İngiltere,Yabancı,Yok,TV+ Yok,Yıllık,Sürekli Lig,Puan Durumu,Bilgi,Takım,Jenerik,İngilizce,Body,Puan Durumu,Çekirdek,110,LOW,0,,,,evet,10,10,50,30,320,260,140,170,110,110,140,30,,hayır,Çekirdek
newcastle kadrosu,Premier Lig,Futbol,Lig,1. Seviye,Çekirdek,Erkek,Kulüp,Takım Sporu,İngiltere,Yabancı,Yok,TV+ Yok,Yıllık,Sürekli Lig,Kadro,Bilgi,Takım,Jenerik,İngilizce,Head,Kadro,Çekirdek,390,LOW,0,,,,evet,320,260,320,210,590,480,480,320,320,320,590,590,,hayır,Çekirdek
newcastle canlı izle,Premier Lig,Futbol,Lig,1. Seviye,Çekirdek,Erkek,Kulüp,Takım Sporu,İngiltere,Yabancı,Yok,TV+ Yok,Yıllık,Sürekli Lig,Canlı İzle,İzleme,Takım,Jenerik,Türkçe,Body,Canlı İzle,Çekirdek,30,LOW,3,,,,evet,10,0,10,10,40,90,20,50,20,90,30,20,,hayır,Çekirdek
newcastle transfer,Premier Lig,Futbol,Lig,1. Seviye,Çekirdek,Erkek,Kulüp,Takım Sporu,İngiltere,Yabancı,Yok,TV+ Yok,Yıllık,Sürekli Lig,Transfer,Bilgi,Takım,Jenerik,İngilizce,Head,Transfer,Çekirdek,260,LOW,1,,,,evet,260,50,70,10,40,110,90,70,90,170,720,1600,,hayır,Çekirdek
aston villa,Premier Lig,Futbol,Lig,1. Seviye,Çekirdek,Erkek,Kulüp,Takım Sporu,İngiltere,Yabancı,Yok,TV+ Yok,Yıllık,Sürekli Lig,Takım Jenerik,Bilgi,Takım,Jenerik,İngilizce,Head,Takım Jenerik,Çekirdek,368000,LOW,1,0.55,0.2,0.78,evet,60500,33100,1830000,201000,165000,450000,1000000,368000,135000,135000,135000,135000,,hayır,Çekirdek
aston villa maçları,Premier Lig,Futbol,Lig,1. Seviye,Çekirdek,Erkek,Kulüp,Takım Sporu,İngiltere,Yabancı,Yok,TV+ Yok,Yıllık,Sürekli Lig,Takım Maç Sorgusu,Bilgi,Takım,Jenerik,Türkçe,Body,Takım Maç Sorgusu,Çekirdek,40500,LOW,1,0.34,0.11,0.58,evet,3600,1900,135000,18100,18100,40500,135000,60500,14800,14800,9900,8100,,hayır,Çekirdek
aston villa fikstür,Premier Lig,Futbol,Lig,1. Seviye,Çekirdek,Erkek,Kulüp,Takım Sporu,İngiltere,Yabancı,Yok,TV+ Yok,Yıllık,Sürekli Lig,Fikstür,Bilgi,Takım,Jenerik,Türkçe,Body,Fikstür,Çekirdek,260,LOW,1,,,,evet,20,50,480,90,110,210,1300,590,110,110,90,70,,hayır,Çekirdek
aston villa puan durumu,Premier Lig,Futbol,Lig,1. Seviye,Çekirdek,Erkek,Kulüp,Takım Sporu,İngiltere,Yabancı,Yok,TV+ Yok,Yıllık,Sürekli Lig,Puan Durumu,Bilgi,Takım,Jenerik,İngilizce,Body,Puan Durumu,Çekirdek,74000,LOW,0,,,,evet,4400,3600,246000,40500,40500,74000,368000,135000,27100,22200,18100,12100,,hayır,Çekirdek
aston villa kadrosu,Premier Lig,Futbol,Lig,1. Seviye,Çekirdek,Erkek,Kulüp,Takım Sporu,İngiltere,Yabancı,Yok,TV+ Yok,Yıllık,Sürekli Lig,Kadro,Bilgi,Takım,Jenerik,İngilizce,Body,Kadro,Çekirdek,2900,LOW,0,0.38,,,evet,1600,880,5400,880,1000,1600,18100,2400,720,880,1300,1600,,hayır,Çekirdek
aston villa canlı izle,Premier Lig,Futbol,Lig,1. Seviye,Çekirdek,Erkek,Kulüp,Takım Sporu,İngiltere,Yabancı,Yok,TV+ Yok,Yıllık,Sürekli Lig,Canlı İzle,İzleme,Takım,Jenerik,Türkçe,Body,Canlı İzle,Çekirdek,110,LOW,10,,,,evet,10,0,320,90,40,170,210,260,70,90,30,110,,hayır,Çekirdek
aston villa transfer,Premier Lig,Futbol,Lig,1. Seviye,Çekirdek,Erkek,Kulüp,Takım Sporu,İngiltere,Yabancı,Yok,TV+ Yok,Yıllık,Sürekli Lig,Transfer,Bilgi,Takım,Jenerik,İngilizce,Body,Transfer,Çekirdek,320,LOW,0,,,,evet,720,90,140,40,40,110,720,170,70,110,590,720,,hayır,Çekirdek
everton,Premier Lig,Futbol,Lig,1. Seviye,Çekirdek,Erkek,Kulüp,Takım Sporu,İngiltere,Yabancı,Yok,TV+ Yok,Yıllık,Sürekli Lig,Takım Jenerik,Bilgi,Takım,Jenerik,İngilizce,Head,Takım Jenerik,Çekirdek,60500,LOW,2,0.44,0.25,0.98,evet,14800,8100,74000,33100,60500,74000,90500,74000,60500,49500,74000,74000,,hayır,Çekirdek
everton maçları,Premier Lig,Futbol,Lig,1. Seviye,Çekirdek,Erkek,Kulüp,Takım Sporu,İngiltere,Yabancı,Yok,TV+ Yok,Yıllık,Sürekli Lig,Takım Maç Sorgusu,Bilgi,Takım,Jenerik,Türkçe,Head,Takım Maç Sorgusu,Çekirdek,3600,LOW,0,,,,evet,480,210,4400,2900,3600,5400,5400,6600,3600,2900,4400,3600,,hayır,Çekirdek
everton fikstür,Premier Lig,Futbol,Lig,1. Seviye,Çekirdek,Erkek,Kulüp,Takım Sporu,İngiltere,Yabancı,Yok,TV+ Yok,Yıllık,Sürekli Lig,Fikstür,Bilgi,Takım,Jenerik,Türkçe,Head,Fikstür,Çekirdek,40,LOW,0,,,,evet,10,10,40,30,30,90,50,40,40,30,30,20,,hayır,Çekirdek
everton puan durumu,Premier Lig,Futbol,Lig,1. Seviye,Çekirdek,Erkek,Kulüp,Takım Sporu,İngiltere,Yabancı,Yok,TV+ Yok,Yıllık,Sürekli Lig,Puan Durumu,Bilgi,Takım,Jenerik,İngilizce,Body,Puan Durumu,Çekirdek,9900,LOW,0,,,,evet,1600,1000,27100,9900,14800,12100,14800,14800,8100,8100,8100,6600,,hayır,Çekirdek
everton kadrosu,Premier Lig,Futbol,Lig,1. Seviye,Çekirdek,Erkek,Kulüp,Takım Sporu,İngiltere,Yabancı,Yok,TV+ Yok,Yıllık,Sürekli Lig,Kadro,Bilgi,Takım,Jenerik,İngilizce,Head,Kadro,Çekirdek,320,LOW,0,,,,evet,320,170,320,170,320,260,590,320,260,260,390,480,,hayır,Çekirdek
everton canlı izle,Premier Lig,Futbol,Lig,1. Seviye,Çekirdek,Erkek,Kulüp,Takım Sporu,İngiltere,Yabancı,Yok,TV+ Yok,Yıllık,Sürekli Lig,Canlı İzle,İzleme,Takım,Jenerik,Türkçe,Body,Canlı İzle,Çekirdek,20,LOW,5,,,,evet,10,0,20,10,10,20,20,30,10,10,50,30,,hayır,Çekirdek
everton transfer,Premier Lig,Futbol,Lig,1. Seviye,Çekirdek,Erkek,Kulüp,Takım Sporu,İngiltere,Yabancı,Yok,TV+ Yok,Yıllık,Sürekli Lig,Transfer,Bilgi,Takım,Jenerik,İngilizce,Head,Transfer,Çekirdek,720,LOW,1,,0.36,2.2,evet,590,210,590,320,590,480,1600,590,480,480,1000,1600,,hayır,Çekirdek
west ham,Premier Lig,Futbol,Lig,1. Seviye,Çekirdek,Erkek,Kulüp,Takım Sporu,İngiltere,Yabancı,Yok,TV+ Yok,Yıllık,Sürekli Lig,Takım Jenerik,Bilgi,Takım,Jenerik,İngilizce,Head,Takım Jenerik,Çekirdek,60500,LOW,1,0.74,0.26,1.24,evet,14800,12100,135000,74000,49500,90500,74000,49500,27100,40500,33100,60500,,hayır,Çekirdek
west ham maçları,Premier Lig,Futbol,Lig,1. Seviye,Çekirdek,Erkek,Kulüp,Takım Sporu,İngiltere,Yabancı,Yok,TV+ Yok,Yıllık,Sürekli Lig,Takım Maç Sorgusu,Bilgi,Takım,Jenerik,Türkçe,Body,Takım Maç Sorgusu,Çekirdek,30,LOW,0,,,,evet,10,0,170,50,40,20,20,20,20,20,10,30,,hayır,Çekirdek
west ham fikstür,Premier Lig,Futbol,Lig,1. Seviye,Çekirdek,Erkek,Kulüp,Takım Sporu,İngiltere,Yabancı,Yok,TV+ Yok,Yıllık,Sürekli Lig,Fikstür,Bilgi,Takım,Jenerik,Türkçe,Body,Fikstür,Çekirdek,70,LOW,1,,,,evet,10,10,390,210,50,70,50,30,20,30,30,40,,hayır,Çekirdek
west ham puan durumu,Premier Lig,Futbol,Lig,1. Seviye,Çekirdek,Erkek,Kulüp,Takım Sporu,İngiltere,Yabancı,Yok,TV+ Yok,Yıllık,Sürekli Lig,Puan Durumu,Bilgi,Takım,Jenerik,İngilizce,Body,Puan Durumu,Çekirdek,140,LOW,0,,,,evet,10,10,260,260,260,170,210,140,70,110,30,140,,hayır,Çekirdek
west ham kadrosu,Premier Lig,Futbol,Lig,1. Seviye,Çekirdek,Erkek,Kulüp,Takım Sporu,İngiltere,Yabancı,Yok,TV+ Yok,Yıllık,Sürekli Lig,Kadro,Bilgi,Takım,Jenerik,İngilizce,Body,Kadro,Çekirdek,320,LOW,0,,,,evet,260,210,880,210,210,390,390,210,140,210,260,480,,hayır,Çekirdek
west ham canlı izle,Premier Lig,Futbol,Lig,1. Seviye,Çekirdek,Erkek,Kulüp,Takım Sporu,İngiltere,Yabancı,Yok,TV+ Yok,Yıllık,Sürekli Lig,Canlı İzle,İzleme,Takım,Jenerik,Türkçe,Body,Canlı İzle,Çekirdek,20,LOW,6,,,,evet,10,0,30,20,30,20,70,30,30,10,10,20,,hayır,Çekirdek
west ham transfer,Premier Lig,Futbol,Lig,1. Seviye,Çekirdek,Erkek,Kulüp,Takım Sporu,İngiltere,Yabancı,Yok,TV+ Yok,Yıllık,Sürekli Lig,Transfer,Bilgi,Takım,Jenerik,İngilizce,Body,Transfer,Çekirdek,140,LOW,4,0.27,0.39,0.55,evet,140,110,50,10,20,90,320,30,30,30,260,720,,hayır,Çekirdek
brighton,Premier Lig,Futbol,Lig,1. Seviye,Çekirdek,Erkek,Kulüp,Takım Sporu,İngiltere,Yabancı,Yok,TV+ Yok,Yıllık,Sürekli Lig,Takım Jenerik,Bilgi,Takım,Jenerik,İngilizce,Head,Takım Jenerik,Çekirdek,74000,LOW,5,0.57,0.23,1.05,evet,18100,18100,60500,90500,90500,60500,110000,90500,74000,60500,74000,90500,,hayır,Çekirdek
brighton maçları,Premier Lig,Futbol,Lig,1. Seviye,Çekirdek,Erkek,Kulüp,Takım Sporu,İngiltere,Yabancı,Yok,TV+ Yok,Yıllık,Sürekli Lig,Takım Maç Sorgusu,Bilgi,Takım,Jenerik,Türkçe,Head,Takım Maç Sorgusu,Çekirdek,5400,LOW,1,,,,evet,480,590,8100,8100,6600,6600,9900,8100,5400,5400,6600,3600,,hayır,Çekirdek
brighton fikstür,Premier Lig,Futbol,Lig,1. Seviye,Çekirdek,Erkek,Kulüp,Takım Sporu,İngiltere,Yabancı,Yok,TV+ Yok,Yıllık,Sürekli Lig,Fikstür,Bilgi,Takım,Jenerik,Türkçe,Head,Fikstür,Çekirdek,40,LOW,7,,,,evet,10,10,30,50,40,30,70,70,50,50,50,70,,hayır,Çekirdek
brighton puan durumu,Premier Lig,Futbol,Lig,1. Seviye,Çekirdek,Erkek,Kulüp,Takım Sporu,İngiltere,Yabancı,Yok,TV+ Yok,Yıllık,Sürekli Lig,Puan Durumu,Bilgi,Takım,Jenerik,İngilizce,Body,Puan Durumu,Çekirdek,14800,LOW,0,,,,evet,880,2400,27100,27100,22200,14800,22200,14800,12100,8100,9900,2900,,hayır,Çekirdek
brighton kadrosu,Premier Lig,Futbol,Lig,1. Seviye,Çekirdek,Erkek,Kulüp,Takım Sporu,İngiltere,Yabancı,Yok,TV+ Yok,Yıllık,Sürekli Lig,Kadro,Bilgi,Takım,Jenerik,İngilizce,Head,Kadro,Çekirdek,320,LOW,0,,,,evet,320,260,320,320,480,320,390,390,210,260,320,480,,hayır,Çekirdek
brighton canlı izle,Premier Lig,Futbol,Lig,1. Seviye,Çekirdek,Erkek,Kulüp,Takım Sporu,İngiltere,Yabancı,Yok,TV+ Yok,Yıllık,Sürekli Lig,Canlı İzle,İzleme,Takım,Jenerik,Türkçe,Body,Canlı İzle,Çekirdek,10,LOW,7,,,,evet,10,10,20,10,10,10,40,30,20,10,10,10,,hayır,Çekirdek
brighton transfer,Premier Lig,Futbol,Lig,1. Seviye,Çekirdek,Erkek,Kulüp,Takım Sporu,İngiltere,Yabancı,Yok,TV+ Yok,Yıllık,Sürekli Lig,Transfer,Bilgi,Takım,Jenerik,İngilizce,Head,Transfer,Çekirdek,50,LOW,1,,,,evet,90,90,20,10,20,20,30,30,20,20,70,140,,hayır,Çekirdek
crystal palace,Premier Lig,Futbol,Lig,1. Seviye,Çekirdek,Erkek,Kulüp,Takım Sporu,İngiltere,Yabancı,Yok,TV+ Yok,Yıllık,Sürekli Lig,Takım Jenerik,Bilgi,Takım,Jenerik,İngilizce,Head,Takım Jenerik,Çekirdek,74000,LOW,9,0.33,0.1,0.38,evet,22200,18100,301000,110000,49500,60500,49500,60500,49500,49500,60500,60500,,hayır,Çekirdek
crystal palace maçları,Premier Lig,Futbol,Lig,1. Seviye,Çekirdek,Erkek,Kulüp,Takım Sporu,İngiltere,Yabancı,Yok,TV+ Yok,Yıllık,Sürekli Lig,Takım Maç Sorgusu,Bilgi,Takım,Jenerik,Türkçe,Body,Takım Maç Sorgusu,Çekirdek,5400,LOW,1,0.11,,,evet,590,480,18100,9900,4400,4400,3600,8100,5400,6600,5400,3600,,hayır,Çekirdek
crystal palace fikstür,Premier Lig,Futbol,Lig,1. Seviye,Çekirdek,Erkek,Kulüp,Takım Sporu,İngiltere,Yabancı,Yok,TV+ Yok,Yıllık,Sürekli Lig,Fikstür,Bilgi,Takım,Jenerik,Türkçe,Body,Fikstür,Çekirdek,40,LOW,2,,,,evet,10,10,90,50,30,20,20,50,30,70,50,30,,hayır,Çekirdek
crystal palace puan durumu,Premier Lig,Futbol,Lig,1. Seviye,Çekirdek,Erkek,Kulüp,Takım Sporu,İngiltere,Yabancı,Yok,TV+ Yok,Yıllık,Sürekli Lig,Puan Durumu,Bilgi,Takım,Jenerik,İngilizce,Body,Puan Durumu,Çekirdek,14800,LOW,0,,,,evet,1900,2400,60500,33100,8100,9900,8100,14800,12100,14800,14800,5400,,hayır,Çekirdek
crystal palace kadrosu,Premier Lig,Futbol,Lig,1. Seviye,Çekirdek,Erkek,Kulüp,Takım Sporu,İngiltere,Yabancı,Yok,TV+ Yok,Yıllık,Sürekli Lig,Kadro,Bilgi,Takım,Jenerik,İngilizce,Body,Kadro,Çekirdek,390,LOW,0,,,,evet,320,260,1300,590,210,210,320,210,170,210,480,320,,hayır,Çekirdek
crystal palace canlı izle,Premier Lig,Futbol,Lig,1. Seviye,Çekirdek,Erkek,Kulüp,Takım Sporu,İngiltere,Yabancı,Yok,TV+ Yok,Yıllık,Sürekli Lig,Canlı İzle,İzleme,Takım,Jenerik,Türkçe,Body,Canlı İzle,Çekirdek,40,LOW,14,,,,evet,10,0,70,20,30,90,50,70,30,70,10,40,,hayır,Çekirdek
crystal palace transfer,Premier Lig,Futbol,Lig,1. Seviye,Çekirdek,Erkek,Kulüp,Takım Sporu,İngiltere,Yabancı,Yok,TV+ Yok,Yıllık,Sürekli Lig,Transfer,Bilgi,Takım,Jenerik,İngilizce,Body,Transfer,Çekirdek,90,LOW,1,,,,evet,110,40,90,30,40,110,110,20,40,50,140,260,,hayır,Çekirdek
fulham,Premier Lig,Futbol,Lig,1. Seviye,Çekirdek,Erkek,Kulüp,Takım Sporu,İngiltere,Yabancı,Yok,TV+ Yok,Yıllık,Sürekli Lig,Takım Jenerik,Bilgi,Takım,Jenerik,İngilizce,Head,Takım Jenerik,Çekirdek,40500,LOW,1,0.32,0.25,0.75,evet,12100,6600,27100,22200,60500,33100,60500,110000,22200,49500,33100,49500,,hayır,Çekirdek
fulham maçları,Premier Lig,Futbol,Lig,1. Seviye,Çekirdek,Erkek,Kulüp,Takım Sporu,İngiltere,Yabancı,Yok,TV+ Yok,Yıllık,Sürekli Lig,Takım Maç Sorgusu,Bilgi,Takım,Jenerik,Türkçe,Head,Takım Maç Sorgusu,Çekirdek,3600,LOW,0,,,,evet,720,170,1900,2400,4400,3600,6600,9900,1900,4400,2400,4400,,hayır,Çekirdek
fulham fikstür,Premier Lig,Futbol,Lig,1. Seviye,Çekirdek,Erkek,Kulüp,Takım Sporu,İngiltere,Yabancı,Yok,TV+ Yok,Yıllık,Sürekli Lig,Fikstür,Bilgi,Takım,Jenerik,Türkçe,Head,Fikstür,Çekirdek,30,LOW,2,,,,evet,10,10,10,20,50,20,30,70,20,40,10,40,,hayır,Çekirdek
fulham puan durumu,Premier Lig,Futbol,Lig,1. Seviye,Çekirdek,Erkek,Kulüp,Takım Sporu,İngiltere,Yabancı,Yok,TV+ Yok,Yıllık,Sürekli Lig,Puan Durumu,Bilgi,Takım,Jenerik,İngilizce,Body,Puan Durumu,Çekirdek,5400,LOW,0,,,,evet,1000,1000,6600,5400,8100,6600,9900,12100,2900,4400,2900,4400,,hayır,Çekirdek
fulham kadrosu,Premier Lig,Futbol,Lig,1. Seviye,Çekirdek,Erkek,Kulüp,Takım Sporu,İngiltere,Yabancı,Yok,TV+ Yok,Yıllık,Sürekli Lig,Kadro,Bilgi,Takım,Jenerik,İngilizce,Head,Kadro,Çekirdek,260,LOW,0,0.2,,,evet,210,170,260,170,170,260,320,320,170,170,210,390,,hayır,Çekirdek
fulham canlı izle,Premier Lig,Futbol,Lig,1. Seviye,Çekirdek,Erkek,Kulüp,Takım Sporu,İngiltere,Yabancı,Yok,TV+ Yok,Yıllık,Sürekli Lig,Canlı İzle,İzleme,Takım,Jenerik,Türkçe,Body,Canlı İzle,Çekirdek,10,LOW,7,0.03,,,evet,10,0,10,10,10,20,10,50,10,10,10,10,,hayır,Çekirdek
fulham transfer,Premier Lig,Futbol,Lig,1. Seviye,Çekirdek,Erkek,Kulüp,Takım Sporu,İngiltere,Yabancı,Yok,TV+ Yok,Yıllık,Sürekli Lig,Transfer,Bilgi,Takım,Jenerik,İngilizce,Head,Transfer,Çekirdek,50,LOW,1,,,,evet,140,70,20,10,20,40,50,30,10,10,110,170,,hayır,Çekirdek
brentford,Premier Lig,Futbol,Lig,1. Seviye,Çekirdek,Erkek,Kulüp,Takım Sporu,İngiltere,Yabancı,Yok,TV+ Yok,Yıllık,Sürekli Lig,Takım Jenerik,Bilgi,Takım,Jenerik,İngilizce,Head,Takım Jenerik,Çekirdek,27100,LOW,3,0.45,0.24,0.71,evet,5400,3600,18100,18100,49500,40500,33100,33100,27100,33100,27100,18100,,hayır,Çekirdek
brentford maçları,Premier Lig,Futbol,Lig,1. Seviye,Çekirdek,Erkek,Kulüp,Takım Sporu,İngiltere,Yabancı,Yok,TV+ Yok,Yıllık,Sürekli Lig,Takım Maç Sorgusu,Bilgi,Takım,Jenerik,Türkçe,Head,Takım Maç Sorgusu,Çekirdek,2400,LOW,0,,,,evet,210,170,2900,2400,4400,4400,3600,4400,1600,3600,1900,1000,,hayır,Çekirdek
brentford fikstür,Premier Lig,Futbol,Lig,1. Seviye,Çekirdek,Erkek,Kulüp,Takım Sporu,İngiltere,Yabancı,Yok,TV+ Yok,Yıllık,Sürekli Lig,Fikstür,Bilgi,Takım,Jenerik,Türkçe,Head,Fikstür,Çekirdek,10,LOW,6,,,,evet,10,10,20,10,10,20,20,20,10,30,10,10,,hayır,Çekirdek
brentford puan durumu,Premier Lig,Futbol,Lig,1. Seviye,Çekirdek,Erkek,Kulüp,Takım Sporu,İngiltere,Yabancı,Yok,TV+ Yok,Yıllık,Sürekli Lig,Puan Durumu,Bilgi,Takım,Jenerik,İngilizce,Body,Puan Durumu,Çekirdek,6600,LOW,0,,,,evet,880,880,14800,8100,9900,12100,8100,9900,2900,8100,3600,1900,,hayır,Çekirdek
brentford kadrosu,Premier Lig,Futbol,Lig,1. Seviye,Çekirdek,Erkek,Kulüp,Takım Sporu,İngiltere,Yabancı,Yok,TV+ Yok,Yıllık,Sürekli Lig,Kadro,Bilgi,Takım,Jenerik,İngilizce,Head,Kadro,Çekirdek,70,LOW,0,,,,evet,30,20,40,50,40,110,70,70,30,110,110,70,,hayır,Çekirdek
brentford canlı izle,Premier Lig,Futbol,Lig,1. Seviye,Çekirdek,Erkek,Kulüp,Takım Sporu,İngiltere,Yabancı,Yok,TV+ Yok,Yıllık,Sürekli Lig,Canlı İzle,İzleme,Takım,Jenerik,Türkçe,Body,Canlı İzle,Çekirdek,10,,,,,,evet,0,0,10,10,40,20,10,10,10,10,10,10,,hayır,Çekirdek
brentford transfer,Premier Lig,Futbol,Lig,1. Seviye,Çekirdek,Erkek,Kulüp,Takım Sporu,İngiltere,Yabancı,Yok,TV+ Yok,Yıllık,Sürekli Lig,Transfer,Bilgi,Takım,Jenerik,İngilizce,Head,Transfer,Çekirdek,40,LOW,0,,,,evet,30,20,20,10,20,20,30,20,20,50,90,140,,hayır,Çekirdek
nottingham forest,Premier Lig,Futbol,Lig,1. Seviye,Çekirdek,Erkek,Kulüp,Takım Sporu,İngiltere,Yabancı,Yok,TV+ Yok,Yıllık,Sürekli Lig,Takım Jenerik,Bilgi,Takım,Jenerik,İngilizce,Head,Takım Jenerik,Çekirdek,165000,LOW,0,,0.2,2.57,evet,22200,12100,110000,135000,165000,1000000,450000,40500,40500,49500,60500,49500,,hayır,Çekirdek
nottingham forest maçları,Premier Lig,Futbol,Lig,1. Seviye,Çekirdek,Erkek,Kulüp,Takım Sporu,İngiltere,Yabancı,Yok,TV+ Yok,Yıllık,Sürekli Lig,Takım Maç Sorgusu,Bilgi,Takım,Jenerik,Türkçe,Body,Takım Maç Sorgusu,Çekirdek,22200,LOW,0,,,,evet,1000,480,18100,18100,22200,135000,49500,5400,3600,4400,3600,2400,,hayır,Çekirdek
nottingham forest fikstür,Premier Lig,Futbol,Lig,1. Seviye,Çekirdek,Erkek,Kulüp,Takım Sporu,İngiltere,Yabancı,Yok,TV+ Yok,Yıllık,Sürekli Lig,Fikstür,Bilgi,Takım,Jenerik,Türkçe,Body,Fikstür,Çekirdek,140,LOW,0,,,,evet,10,10,70,90,140,880,210,30,20,40,20,20,,hayır,Çekirdek
nottingham forest puan durumu,Premier Lig,Futbol,Lig,1. Seviye,Çekirdek,Erkek,Kulüp,Takım Sporu,İngiltere,Yabancı,Yok,TV+ Yok,Yıllık,Sürekli Lig,Puan Durumu,Bilgi,Takım,Jenerik,İngilizce,Body,Puan Durumu,Çekirdek,74000,LOW,0,,,,evet,2900,1900,60500,60500,49500,450000,201000,9900,9900,12100,8100,6600,,hayır,Çekirdek
nottingham forest kadrosu,Premier Lig,Futbol,Lig,1. Seviye,Çekirdek,Erkek,Kulüp,Takım Sporu,İngiltere,Yabancı,Yok,TV+ Yok,Yıllık,Sürekli Lig,Kadro,Bilgi,Takım,Jenerik,İngilizce,Body,Kadro,Çekirdek,260,LOW,0,,,,evet,30,30,70,40,90,1900,720,20,30,20,30,20,,hayır,Çekirdek
nottingham forest canlı izle,Premier Lig,Futbol,Lig,1. Seviye,Çekirdek,Erkek,Kulüp,Takım Sporu,İngiltere,Yabancı,Yok,TV+ Yok,Yıllık,Sürekli Lig,Canlı İzle,İzleme,Takım,Jenerik,Türkçe,Body,Canlı İzle,Çekirdek,20,LOW,19,,,,evet,10,0,10,20,50,20,30,20,10,20,10,20,,hayır,Çekirdek
nottingham forest transfer,Premier Lig,Futbol,Lig,1. Seviye,Çekirdek,Erkek,Kulüp,Takım Sporu,İngiltere,Yabancı,Yok,TV+ Yok,Yıllık,Sürekli Lig,Transfer,Bilgi,Takım,Jenerik,İngilizce,Body,Transfer,Çekirdek,90,LOW,1,,,,evet,90,40,20,10,50,320,210,10,10,30,110,210,,hayır,Çekirdek
wolverhampton,Premier Lig,Futbol,Lig,1. Seviye,Çekirdek,Erkek,Kulüp,Takım Sporu,İngiltere,Yabancı,Yok,TV+ Yok,Yıllık,Sürekli Lig,Takım Jenerik,Bilgi,Takım,Jenerik,İngilizce,Head,Takım Jenerik,Çekirdek,18100,LOW,9,0.49,0.23,0.82,evet,5400,5400,12100,18100,27100,40500,40500,49500,8100,9900,12100,9900,,hayır,Çekirdek
wolverhampton maçları,Premier Lig,Futbol,Lig,1. Seviye,Çekirdek,Erkek,Kulüp,Takım Sporu,İngiltere,Yabancı,Yok,TV+ Yok,Yıllık,Sürekli Lig,Takım Maç Sorgusu,Bilgi,Takım,Jenerik,Türkçe,Head,Takım Maç Sorgusu,Çekirdek,1600,LOW,1,,,,evet,10,40,1900,1300,4400,5400,4400,40,10,10,10,10,,hayır,Çekirdek
wolverhampton fikstür,Premier Lig,Futbol,Lig,1. Seviye,Çekirdek,Erkek,Kulüp,Takım Sporu,İngiltere,Yabancı,Yok,TV+ Yok,Yıllık,Sürekli Lig,Fikstür,Bilgi,Takım,Jenerik,Türkçe,Head,Fikstür,Çekirdek,10,LOW,0,,,,evet,10,10,10,10,30,30,20,30,10,10,10,10,,hayır,Çekirdek
wolverhampton puan durumu,Premier Lig,Futbol,Lig,1. Seviye,Çekirdek,Erkek,Kulüp,Takım Sporu,İngiltere,Yabancı,Yok,TV+ Yok,Yıllık,Sürekli Lig,Puan Durumu,Bilgi,Takım,Jenerik,İngilizce,Body,Puan Durumu,Çekirdek,1300,LOW,0,,,,evet,260,320,2400,1600,2400,1900,1600,1000,590,720,720,390,,hayır,Çekirdek
wolverhampton kadrosu,Premier Lig,Futbol,Lig,1. Seviye,Çekirdek,Erkek,Kulüp,Takım Sporu,İngiltere,Yabancı,Yok,TV+ Yok,Yıllık,Sürekli Lig,Kadro,Bilgi,Takım,Jenerik,İngilizce,Head,Kadro,Çekirdek,170,LOW,0,,,,evet,90,110,170,210,210,260,320,480,70,70,70,90,,hayır,Çekirdek
wolverhampton canlı izle,Premier Lig,Futbol,Lig,1. Seviye,Çekirdek,Erkek,Kulüp,Takım Sporu,İngiltere,Yabancı,Yok,TV+ Yok,Yıllık,Sürekli Lig,Canlı İzle,İzleme,Takım,Jenerik,Türkçe,Body,Canlı İzle,Çekirdek,10,,,,,,evet,0,0,10,0,10,10,20,10,0,10,10,10,,hayır,Çekirdek
wolverhampton transfer,Premier Lig,Futbol,Lig,1. Seviye,Çekirdek,Erkek,Kulüp,Takım Sporu,İngiltere,Yabancı,Yok,TV+ Yok,Yıllık,Sürekli Lig,Transfer,Bilgi,Takım,Jenerik,İngilizce,Head,Transfer,Çekirdek,320,LOW,12,1.35,0.33,0.98,evet,210,260,390,390,320,210,170,210,170,320,390,880,,hayır,Çekirdek
bournemouth,Premier Lig,Futbol,Lig,1. Seviye,Çekirdek,Erkek,Kulüp,Takım Sporu,İngiltere,Yabancı,Yok,TV+ Yok,Yıllık,Sürekli Lig,Takım Jenerik,Bilgi,Takım,Jenerik,İngilizce,Head,Takım Jenerik,Çekirdek,33100,LOW,7,0.5,0.24,1.07,evet,14800,12100,60500,27100,33100,33100,49500,40500,33100,33100,18100,33100,,hayır,Çekirdek
bournemouth maçları,Premier Lig,Futbol,Lig,1. Seviye,Çekirdek,Erkek,Kulüp,Takım Sporu,İngiltere,Yabancı,Yok,TV+ Yok,Yıllık,Sürekli Lig,Takım Maç Sorgusu,Bilgi,Takım,Jenerik,Türkçe,Head,Takım Maç Sorgusu,Çekirdek,2400,LOW,1,0.25,,,evet,590,390,8100,2900,1900,2900,2900,2900,2400,1900,170,590,,hayır,Çekirdek
bournemouth fikstür,Premier Lig,Futbol,Lig,1. Seviye,Çekirdek,Erkek,Kulüp,Takım Sporu,İngiltere,Yabancı,Yok,TV+ Yok,Yıllık,Sürekli Lig,Fikstür,Bilgi,Takım,Jenerik,Türkçe,Head,Fikstür,Çekirdek,20,LOW,0,,,,evet,10,10,40,30,10,30,30,30,20,20,10,20,,hayır,Çekirdek
bournemouth puan durumu,Premier Lig,Futbol,Lig,1. Seviye,Çekirdek,Erkek,Kulüp,Takım Sporu,İngiltere,Yabancı,Yok,TV+ Yok,Yıllık,Sürekli Lig,Puan Durumu,Bilgi,Takım,Jenerik,İngilizce,Body,Puan Durumu,Çekirdek,8100,LOW,0,,,,evet,1900,2400,33100,9900,5400,6600,8100,6600,9900,5400,880,1000,,hayır,Çekirdek
bournemouth kadrosu,Premier Lig,Futbol,Lig,1. Seviye,Çekirdek,Erkek,Kulüp,Takım Sporu,İngiltere,Yabancı,Yok,TV+ Yok,Yıllık,Sürekli Lig,Kadro,Bilgi,Takım,Jenerik,İngilizce,Head,Kadro,Çekirdek,170,LOW,0,,,,evet,110,140,260,140,140,170,320,170,110,210,140,320,,hayır,Çekirdek
bournemouth canlı izle,Premier Lig,Futbol,Lig,1. Seviye,Çekirdek,Erkek,Kulüp,Takım Sporu,İngiltere,Yabancı,Yok,TV+ Yok,Yıllık,Sürekli Lig,Canlı İzle,İzleme,Takım,Jenerik,Türkçe,Body,Canlı İzle,Çekirdek,10,LOW,9,0.15,,,evet,20,0,20,10,10,10,30,20,10,30,10,10,,hayır,Çekirdek
bournemouth transfer,Premier Lig,Futbol,Lig,1. Seviye,Çekirdek,Erkek,Kulüp,Takım Sporu,İngiltere,Yabancı,Yok,TV+ Yok,Yıllık,Sürekli Lig,Transfer,Bilgi,Takım,Jenerik,İngilizce,Head,Transfer,Çekirdek,110,LOW,0,,,,evet,50,30,70,30,30,70,210,40,70,140,140,480,,hayır,Çekirdek
leeds united,Premier Lig,Futbol,Lig,1. Seviye,Çekirdek,Erkek,Kulüp,Takım Sporu,İngiltere,Yabancı,Yok,TV+ Yok,Yıllık,Sürekli Lig,Takım Jenerik,Bilgi,Takım,Jenerik,İngilizce,Head,Takım Jenerik,Çekirdek,27100,LOW,2,0.49,0.33,1.38,evet,8100,5400,33100,33100,33100,40500,40500,40500,14800,22200,14800,40500,,hayır,Çekirdek
leeds united maçları,Premier Lig,Futbol,Lig,1. Seviye,Çekirdek,Erkek,Kulüp,Takım Sporu,İngiltere,Yabancı,Yok,TV+ Yok,Yıllık,Sürekli Lig,Takım Maç Sorgusu,Bilgi,Takım,Jenerik,Türkçe,Body,Takım Maç Sorgusu,Çekirdek,1600,LOW,1,,,,evet,170,110,1900,2400,1600,2900,2900,3600,880,1000,590,1900,,hayır,Çekirdek
leeds united fikstür,Premier Lig,Futbol,Lig,1. Seviye,Çekirdek,Erkek,Kulüp,Takım Sporu,İngiltere,Yabancı,Yok,TV+ Yok,Yıllık,Sürekli Lig,Fikstür,Bilgi,Takım,Jenerik,Türkçe,Body,Fikstür,Çekirdek,,,,,,,hayir,,,,,,,,,,,,,,hayır,Çekirdek
leeds united puan durumu,Premier Lig,Futbol,Lig,1. Seviye,Çekirdek,Erkek,Kulüp,Takım Sporu,İngiltere,Yabancı,Yok,TV+ Yok,Yıllık,Sürekli Lig,Puan Durumu,Bilgi,Takım,Jenerik,İngilizce,Body,Puan Durumu,Çekirdek,5400,LOW,0,,,,evet,880,880,12100,9900,6600,9900,8100,9900,2900,2900,1900,3600,,hayır,Çekirdek
leeds united kadrosu,Premier Lig,Futbol,Lig,1. Seviye,Çekirdek,Erkek,Kulüp,Takım Sporu,İngiltere,Yabancı,Yok,TV+ Yok,Yıllık,Sürekli Lig,Kadro,Bilgi,Takım,Jenerik,İngilizce,Body,Kadro,Çekirdek,90,LOW,0,,,,evet,40,40,90,90,50,170,170,90,40,50,70,140,,hayır,Çekirdek
leeds united canlı izle,Premier Lig,Futbol,Lig,1. Seviye,Çekirdek,Erkek,Kulüp,Takım Sporu,İngiltere,Yabancı,Yok,TV+ Yok,Yıllık,Sürekli Lig,Canlı İzle,İzleme,Takım,Jenerik,Türkçe,Body,Canlı İzle,Çekirdek,20,LOW,3,,,,evet,20,0,10,10,10,40,70,40,10,20,10,20,,hayır,Çekirdek
leeds united transfer,Premier Lig,Futbol,Lig,1. Seviye,Çekirdek,Erkek,Kulüp,Takım Sporu,İngiltere,Yabancı,Yok,TV+ Yok,Yıllık,Sürekli Lig,Transfer,Bilgi,Takım,Jenerik,İngilizce,Body,Transfer,Çekirdek,70,LOW,1,,,,evet,110,50,20,10,10,40,40,30,10,20,90,390,,hayır,Çekirdek
burnley,Premier Lig,Futbol,Lig,1. Seviye,Çekirdek,Erkek,Kulüp,Takım Sporu,İngiltere,Yabancı,Yok,TV+ Yok,Yıllık,Sürekli Lig,Takım Jenerik,Bilgi,Takım,Jenerik,İngilizce,Head,Takım Jenerik,Çekirdek,14800,LOW,5,0.47,0.26,0.67,evet,22200,2400,22200,14800,9900,22200,18100,22200,9900,8100,14800,14800,,hayır,Çekirdek
burnley maçları,Premier Lig,Futbol,Lig,1. Seviye,Çekirdek,Erkek,Kulüp,Takım Sporu,İngiltere,Yabancı,Yok,TV+ Yok,Yıllık,Sürekli Lig,Takım Maç Sorgusu,Bilgi,Takım,Jenerik,Türkçe,Head,Takım Maç Sorgusu,Çekirdek,320,LOW,0,,,,evet,110,40,2400,320,260,30,590,20,20,10,10,30,,hayır,Çekirdek
burnley fikstür,Premier Lig,Futbol,Lig,1. Seviye,Çekirdek,Erkek,Kulüp,Takım Sporu,İngiltere,Yabancı,Yok,TV+ Yok,Yıllık,Sürekli Lig,Fikstür,Bilgi,Takım,Jenerik,Türkçe,Head,Fikstür,Çekirdek,,,,,,,hayir,,,,,,,,,,,,,,hayır,Çekirdek
burnley puan durumu,Premier Lig,Futbol,Lig,1. Seviye,Çekirdek,Erkek,Kulüp,Takım Sporu,İngiltere,Yabancı,Yok,TV+ Yok,Yıllık,Sürekli Lig,Puan Durumu,Bilgi,Takım,Jenerik,İngilizce,Body,Puan Durumu,Çekirdek,590,LOW,0,,,,evet,1000,140,1900,1300,480,720,480,480,260,210,320,320,,hayır,Çekirdek
burnley kadrosu,Premier Lig,Futbol,Lig,1. Seviye,Çekirdek,Erkek,Kulüp,Takım Sporu,İngiltere,Yabancı,Yok,TV+ Yok,Yıllık,Sürekli Lig,Kadro,Bilgi,Takım,Jenerik,İngilizce,Head,Kadro,Çekirdek,20,LOW,0,,,,evet,40,10,30,20,10,20,20,10,10,10,20,20,,hayır,Çekirdek
burnley canlı izle,Premier Lig,Futbol,Lig,1. Seviye,Çekirdek,Erkek,Kulüp,Takım Sporu,İngiltere,Yabancı,Yok,TV+ Yok,Yıllık,Sürekli Lig,Canlı İzle,İzleme,Takım,Jenerik,Türkçe,Body,Canlı İzle,Çekirdek,10,LOW,11,,,,evet,10,0,10,10,10,10,10,10,10,10,10,10,,hayır,Çekirdek
burnley transfer,Premier Lig,Futbol,Lig,1. Seviye,Çekirdek,Erkek,Kulüp,Takım Sporu,İngiltere,Yabancı,Yok,TV+ Yok,Yıllık,Sürekli Lig,Transfer,Bilgi,Takım,Jenerik,İngilizce,Head,Transfer,Çekirdek,30,LOW,0,,,,evet,50,10,20,10,10,10,20,10,10,10,50,170,,hayır,Çekirdek
sunderland,Premier Lig,Futbol,Lig,1. Seviye,Çekirdek,Erkek,Kulüp,Takım Sporu,İngiltere,Yabancı,Yok,TV+ Yok,Yıllık,Sürekli Lig,Takım Jenerik,Bilgi,Takım,Jenerik,İngilizce,Head,Takım Jenerik,Çekirdek,33100,LOW,5,0.43,0.24,0.81,evet,6600,6600,27100,27100,22200,49500,33100,40500,40500,27100,22200,49500,,hayır,Çekirdek
sunderland maçları,Premier Lig,Futbol,Lig,1. Seviye,Çekirdek,Erkek,Kulüp,Takım Sporu,İngiltere,Yabancı,Yok,TV+ Yok,Yıllık,Sürekli Lig,Takım Maç Sorgusu,Bilgi,Takım,Jenerik,Türkçe,Head,Takım Maç Sorgusu,Çekirdek,2900,LOW,2,,,,evet,320,260,1900,2400,2400,4400,2900,5400,4400,4400,2400,3600,,hayır,Çekirdek
sunderland fikstür,Premier Lig,Futbol,Lig,1. Seviye,Çekirdek,Erkek,Kulüp,Takım Sporu,İngiltere,Yabancı,Yok,TV+ Yok,Yıllık,Sürekli Lig,Fikstür,Bilgi,Takım,Jenerik,Türkçe,Head,Fikstür,Çekirdek,10,LOW,0,,,,evet,10,0,20,10,20,40,10,0,0,0,0,0,,hayır,Çekirdek
sunderland puan durumu,Premier Lig,Futbol,Lig,1. Seviye,Çekirdek,Erkek,Kulüp,Takım Sporu,İngiltere,Yabancı,Yok,TV+ Yok,Yıllık,Sürekli Lig,Puan Durumu,Bilgi,Takım,Jenerik,İngilizce,Body,Puan Durumu,Çekirdek,8100,LOW,0,,,,evet,1600,1900,12100,8100,6600,9900,8100,12100,14800,12100,6600,9900,,hayır,Çekirdek
sunderland kadrosu,Premier Lig,Futbol,Lig,1. Seviye,Çekirdek,Erkek,Kulüp,Takım Sporu,İngiltere,Yabancı,Yok,TV+ Yok,Yıllık,Sürekli Lig,Kadro,Bilgi,Takım,Jenerik,İngilizce,Head,Kadro,Çekirdek,170,LOW,0,,,,evet,110,90,140,110,110,260,210,170,260,170,210,260,,hayır,Çekirdek
sunderland canlı izle,Premier Lig,Futbol,Lig,1. Seviye,Çekirdek,Erkek,Kulüp,Takım Sporu,İngiltere,Yabancı,Yok,TV+ Yok,Yıllık,Sürekli Lig,Canlı İzle,İzleme,Takım,Jenerik,Türkçe,Body,Canlı İzle,Çekirdek,10,LOW,6,,,,evet,10,0,10,10,20,10,20,20,10,10,10,10,,hayır,Çekirdek
sunderland transfer,Premier Lig,Futbol,Lig,1. Seviye,Çekirdek,Erkek,Kulüp,Takım Sporu,İngiltere,Yabancı,Yok,TV+ Yok,Yıllık,Sürekli Lig,Transfer,Bilgi,Takım,Jenerik,İngilizce,Head,Transfer,Çekirdek,140,LOW,0,,,,evet,90,30,70,10,20,50,70,30,70,70,320,720,,hayır,Çekirdek
bayern münih,Bundesliga,Futbol,Lig,1. Seviye,Çekirdek,Erkek,Kulüp,Takım Sporu,Almanya,Yabancı,Yok,TV+ Yok,Yıllık,Sürekli Lig,Takım Jenerik,Bilgi,Takım,Jenerik,Türkçe,Head,Takım Jenerik,Çekirdek,450000,LOW,1,0.22,0.1,0.45,evet,135000,60500,1000000,1220000,673000,301000,450000,368000,450000,368000,368000,301000,,hayır,Çekirdek
bayern münih maçları,Bundesliga,Futbol,Lig,1. Seviye,Çekirdek,Erkek,Kulüp,Takım Sporu,Almanya,Yabancı,Yok,TV+ Yok,Yıllık,Sürekli Lig,Takım Maç Sorgusu,Bilgi,Takım,Jenerik,Türkçe,Body,Takım Maç Sorgusu,Çekirdek,40500,LOW,1,0.09,0.04,0.25,evet,12100,3600,74000,110000,60500,27100,49500,33100,49500,33100,27100,22200,,hayır,Çekirdek
bayern münih fikstür,Bundesliga,Futbol,Lig,1. Seviye,Çekirdek,Erkek,Kulüp,Takım Sporu,Almanya,Yabancı,Yok,TV+ Yok,Yıllık,Sürekli Lig,Fikstür,Bilgi,Takım,Jenerik,Türkçe,Body,Fikstür,Çekirdek,260,LOW,7,,0.04,0.49,evet,140,30,260,480,320,320,320,260,320,320,320,260,,hayır,Çekirdek
bayern münih puan durumu,Bundesliga,Futbol,Lig,1. Seviye,Çekirdek,Erkek,Kulüp,Takım Sporu,Almanya,Yabancı,Yok,TV+ Yok,Yıllık,Sürekli Lig,Puan Durumu,Bilgi,Takım,Jenerik,Türkçe,Body,Puan Durumu,Çekirdek,74000,LOW,0,,,,evet,9900,6600,135000,201000,90500,74000,110000,60500,110000,60500,40500,22200,,hayır,Çekirdek
bayern münih kadrosu,Bundesliga,Futbol,Lig,1. Seviye,Çekirdek,Erkek,Kulüp,Takım Sporu,Almanya,Yabancı,Yok,TV+ Yok,Yıllık,Sürekli Lig,Kadro,Bilgi,Takım,Jenerik,Türkçe,Body,Kadro,Çekirdek,2900,LOW,0,,0.18,0.49,evet,3600,2900,6600,6600,4400,1900,2400,1600,1900,1600,1600,1900,,hayır,Çekirdek
bayern münih canlı izle,Bundesliga,Futbol,Lig,1. Seviye,Çekirdek,Erkek,Kulüp,Takım Sporu,Almanya,Yabancı,Yok,TV+ Yok,Yıllık,Sürekli Lig,Canlı İzle,İzleme,Takım,Jenerik,Türkçe,Body,Canlı İzle,Çekirdek,210,LOW,11,,,,evet,30,10,260,480,170,70,140,480,260,140,210,320,,hayır,Çekirdek
bayern münih transfer,Bundesliga,Futbol,Lig,1. Seviye,Çekirdek,Erkek,Kulüp,Takım Sporu,Almanya,Yabancı,Yok,TV+ Yok,Yıllık,Sürekli Lig,Transfer,Bilgi,Takım,Jenerik,Türkçe,Body,Transfer,Çekirdek,590,LOW,0,,,,evet,1900,720,320,390,260,210,320,110,210,260,880,1600,,hayır,Çekirdek
borussia dortmund,Bundesliga,Futbol,Lig,1. Seviye,Çekirdek,Erkek,Kulüp,Takım Sporu,Almanya,Yabancı,Yok,TV+ Yok,Yıllık,Sürekli Lig,Takım Jenerik,Bilgi,Takım,Jenerik,İngilizce,Head,Takım Jenerik,Çekirdek,135000,LOW,2,0.94,0.14,0.7,evet,,22200,90500,110000,74000,201000,301000,165000,246000,201000,135000,60500,90500,hayır,Çekirdek
borussia dortmund maçları,Bundesliga,Futbol,Lig,1. Seviye,Çekirdek,Erkek,Kulüp,Takım Sporu,Almanya,Yabancı,Yok,TV+ Yok,Yıllık,Sürekli Lig,Takım Maç Sorgusu,Bilgi,Takım,Jenerik,Türkçe,Body,Takım Maç Sorgusu,Çekirdek,8100,LOW,1,,0.05,1.09,evet,,1300,5400,8100,5400,22200,12100,9900,9900,14800,8100,4400,6600,hayır,Çekirdek
borussia dortmund fikstür,Bundesliga,Futbol,Lig,1. Seviye,Çekirdek,Erkek,Kulüp,Takım Sporu,Almanya,Yabancı,Yok,TV+ Yok,Yıllık,Sürekli Lig,Fikstür,Bilgi,Takım,Jenerik,Türkçe,Body,Fikstür,Çekirdek,20,LOW,27,0.25,,,evet,,10,10,10,20,30,20,30,20,30,20,10,10,hayır,Çekirdek
borussia dortmund puan durumu,Bundesliga,Futbol,Lig,1. Seviye,Çekirdek,Erkek,Kulüp,Takım Sporu,Almanya,Yabancı,Yok,TV+ Yok,Yıllık,Sürekli Lig,Puan Durumu,Bilgi,Takım,Jenerik,İngilizce,Body,Puan Durumu,Çekirdek,22200,LOW,0,,,,evet,,2900,22200,33100,18100,40500,33100,22200,27100,27100,18100,8100,6600,hayır,Çekirdek
borussia dortmund kadrosu,Bundesliga,Futbol,Lig,1. Seviye,Çekirdek,Erkek,Kulüp,Takım Sporu,Almanya,Yabancı,Yok,TV+ Yok,Yıllık,Sürekli Lig,Kadro,Bilgi,Takım,Jenerik,İngilizce,Body,Kadro,Çekirdek,90,LOW,1,,,,evet,,90,140,90,70,140,90,70,70,110,140,90,110,hayır,Çekirdek
borussia dortmund canlı izle,Bundesliga,Futbol,Lig,1. Seviye,Çekirdek,Erkek,Kulüp,Takım Sporu,Almanya,Yabancı,Yok,TV+ Yok,Yıllık,Sürekli Lig,Canlı İzle,İzleme,Takım,Jenerik,Türkçe,Body,Canlı İzle,Çekirdek,50,LOW,6,,,,evet,,0,40,30,20,90,50,90,30,110,50,40,20,hayır,Çekirdek
borussia dortmund transfer,Bundesliga,Futbol,Lig,1. Seviye,Çekirdek,Erkek,Kulüp,Takım Sporu,Almanya,Yabancı,Yok,TV+ Yok,Yıllık,Sürekli Lig,Transfer,Bilgi,Takım,Jenerik,İngilizce,Body,Transfer,Çekirdek,50,LOW,0,,,,evet,,50,30,30,20,50,40,10,20,50,90,140,110,hayır,Çekirdek
bayer leverkusen,Bundesliga,Futbol,Lig,1. Seviye,Çekirdek,Erkek,Kulüp,Takım Sporu,Almanya,Yabancı,Yok,TV+ Yok,Yıllık,Sürekli Lig,Takım Jenerik,Bilgi,Takım,Jenerik,İngilizce,Head,Takım Jenerik,Çekirdek,33100,LOW,3,0.71,0.27,0.84,evet,,3600,18100,27100,49500,60500,40500,33100,27100,40500,60500,27100,22200,hayır,Çekirdek
bayer leverkusen maçları,Bundesliga,Futbol,Lig,1. Seviye,Çekirdek,Erkek,Kulüp,Takım Sporu,Almanya,Yabancı,Yok,TV+ Yok,Yıllık,Sürekli Lig,Takım Maç Sorgusu,Bilgi,Takım,Jenerik,Türkçe,Body,Takım Maç Sorgusu,Çekirdek,720,LOW,6,,,,evet,,50,390,590,1000,1600,1300,880,590,880,1000,480,140,hayır,Çekirdek
bayer leverkusen fikstür,Bundesliga,Futbol,Lig,1. Seviye,Çekirdek,Erkek,Kulüp,Takım Sporu,Almanya,Yabancı,Yok,TV+ Yok,Yıllık,Sürekli Lig,Fikstür,Bilgi,Takım,Jenerik,Türkçe,Body,Fikstür,Çekirdek,10,,,,,,evet,,10,10,10,20,10,20,20,20,10,20,10,10,hayır,Çekirdek
bayer leverkusen puan durumu,Bundesliga,Futbol,Lig,1. Seviye,Çekirdek,Erkek,Kulüp,Takım Sporu,Almanya,Yabancı,Yok,TV+ Yok,Yıllık,Sürekli Lig,Puan Durumu,Bilgi,Takım,Jenerik,İngilizce,Body,Puan Durumu,Çekirdek,110,LOW,0,,,,evet,,10,90,110,260,170,320,140,140,90,110,20,10,hayır,Çekirdek
bayer leverkusen kadrosu,Bundesliga,Futbol,Lig,1. Seviye,Çekirdek,Erkek,Kulüp,Takım Sporu,Almanya,Yabancı,Yok,TV+ Yok,Yıllık,Sürekli Lig,Kadro,Bilgi,Takım,Jenerik,İngilizce,Body,Kadro,Çekirdek,110,LOW,3,,,,evet,,70,90,110,210,90,110,70,90,90,170,170,210,hayır,Çekirdek
bayer leverkusen canlı izle,Bundesliga,Futbol,Lig,1. Seviye,Çekirdek,Erkek,Kulüp,Takım Sporu,Almanya,Yabancı,Yok,TV+ Yok,Yıllık,Sürekli Lig,Canlı İzle,İzleme,Takım,Jenerik,Türkçe,Body,Canlı İzle,Çekirdek,30,LOW,0,,,,evet,,0,10,10,50,70,50,20,20,50,50,30,10,hayır,Çekirdek
bayer leverkusen transfer,Bundesliga,Futbol,Lig,1. Seviye,Çekirdek,Erkek,Kulüp,Takım Sporu,Almanya,Yabancı,Yok,TV+ Yok,Yıllık,Sürekli Lig,Transfer,Bilgi,Takım,Jenerik,İngilizce,Body,Transfer,Çekirdek,40,LOW,0,,,,evet,,20,10,20,10,10,20,10,10,20,110,140,110,hayır,Çekirdek
rb leipzig,Bundesliga,Futbol,Lig,1. Seviye,Çekirdek,Erkek,Kulüp,Takım Sporu,Almanya,Yabancı,Yok,TV+ Yok,Yıllık,Sürekli Lig,Takım Jenerik,Bilgi,Takım,Jenerik,İngilizce,Head,Takım Jenerik,Çekirdek,27100,LOW,2,0.23,0.19,1.49,evet,,12100,27100,33100,22200,22200,27100,33100,33100,40500,27100,27100,9900,hayır,Çekirdek
rb leipzig maçları,Bundesliga,Futbol,Lig,1. Seviye,Çekirdek,Erkek,Kulüp,Takım Sporu,Almanya,Yabancı,Yok,TV+ Yok,Yıllık,Sürekli Lig,Takım Maç Sorgusu,Bilgi,Takım,Jenerik,Türkçe,Body,Takım Maç Sorgusu,Çekirdek,2400,LOW,0,,,,evet,,210,1300,1900,2900,2400,2900,3600,2900,3600,3600,2400,390,hayır,Çekirdek
rb leipzig fikstür,Bundesliga,Futbol,Lig,1. Seviye,Çekirdek,Erkek,Kulüp,Takım Sporu,Almanya,Yabancı,Yok,TV+ Yok,Yıllık,Sürekli Lig,Fikstür,Bilgi,Takım,Jenerik,Türkçe,Body,Fikstür,Çekirdek,10,LOW,0,,,,evet,,10,10,10,10,10,10,10,0,10,10,10,10,hayır,Çekirdek
rb leipzig puan durumu,Bundesliga,Futbol,Lig,1. Seviye,Çekirdek,Erkek,Kulüp,Takım Sporu,Almanya,Yabancı,Yok,TV+ Yok,Yıllık,Sürekli Lig,Puan Durumu,Bilgi,Takım,Jenerik,İngilizce,Body,Puan Durumu,Çekirdek,8100,LOW,0,,,,evet,,1600,8100,9900,12100,8100,9900,12100,9900,9900,8100,6600,1300,hayır,Çekirdek
rb leipzig kadrosu,Bundesliga,Futbol,Lig,1. Seviye,Çekirdek,Erkek,Kulüp,Takım Sporu,Almanya,Yabancı,Yok,TV+ Yok,Yıllık,Sürekli Lig,Kadro,Bilgi,Takım,Jenerik,İngilizce,Body,Kadro,Çekirdek,30,LOW,0,,,,evet,,20,30,20,20,10,20,30,20,40,20,50,30,hayır,Çekirdek
rb leipzig canlı izle,Bundesliga,Futbol,Lig,1. Seviye,Çekirdek,Erkek,Kulüp,Takım Sporu,Almanya,Yabancı,Yok,TV+ Yok,Yıllık,Sürekli Lig,Canlı İzle,İzleme,Takım,Jenerik,Türkçe,Body,Canlı İzle,Çekirdek,10,,,,,,evet,,0,0,0,10,0,10,10,10,0,10,10,0,hayır,Çekirdek
rb leipzig transfer,Bundesliga,Futbol,Lig,1. Seviye,Çekirdek,Erkek,Kulüp,Takım Sporu,Almanya,Yabancı,Yok,TV+ Yok,Yıllık,Sürekli Lig,Transfer,Bilgi,Takım,Jenerik,İngilizce,Body,Transfer,Çekirdek,110,LOW,1,,,,evet,,50,40,30,40,40,70,40,40,70,210,480,210,hayır,Çekirdek
eintracht frankfurt,Bundesliga,Futbol,Lig,1. Seviye,Çekirdek,Erkek,Kulüp,Takım Sporu,Almanya,Yabancı,Yok,TV+ Yok,Yıllık,Sürekli Lig,Takım Jenerik,Bilgi,Takım,Jenerik,İngilizce,Head,Takım Jenerik,Çekirdek,135000,LOW,2,0.24,0.04,0.93,evet,,9900,33100,27100,33100,40500,201000,90500,135000,201000,673000,60500,14800,hayır,Çekirdek
eintracht frankfurt maçları,Bundesliga,Futbol,Lig,1. Seviye,Çekirdek,Erkek,Kulüp,Takım Sporu,Almanya,Yabancı,Yok,TV+ Yok,Yıllık,Sürekli Lig,Takım Maç Sorgusu,Bilgi,Takım,Jenerik,Türkçe,Body,Takım Maç Sorgusu,Çekirdek,14800,LOW,0,,,,evet,,880,2400,2400,3600,4400,12100,8100,12100,27100,74000,8100,720,hayır,Çekirdek
eintracht frankfurt fikstür,Bundesliga,Futbol,Lig,1. Seviye,Çekirdek,Erkek,Kulüp,Takım Sporu,Almanya,Yabancı,Yok,TV+ Yok,Yıllık,Sürekli Lig,Fikstür,Bilgi,Takım,Jenerik,Türkçe,Body,Fikstür,Çekirdek,20,LOW,0,,,,evet,,10,10,10,10,10,20,10,30,30,140,10,10,hayır,Çekirdek
eintracht frankfurt puan durumu,Bundesliga,Futbol,Lig,1. Seviye,Çekirdek,Erkek,Kulüp,Takım Sporu,Almanya,Yabancı,Yok,TV+ Yok,Yıllık,Sürekli Lig,Puan Durumu,Bilgi,Takım,Jenerik,İngilizce,Body,Puan Durumu,Çekirdek,27100,LOW,0,,,,evet,,2900,12100,6600,9900,12100,27100,12100,18100,27100,165000,18100,1600,hayır,Çekirdek
eintracht frankfurt kadrosu,Bundesliga,Futbol,Lig,1. Seviye,Çekirdek,Erkek,Kulüp,Takım Sporu,Almanya,Yabancı,Yok,TV+ Yok,Yıllık,Sürekli Lig,Kadro,Bilgi,Takım,Jenerik,İngilizce,Body,Kadro,Çekirdek,90,LOW,0,,,,evet,,10,10,10,10,10,10,10,10,20,880,20,10,hayır,Çekirdek
eintracht frankfurt canlı izle,Bundesliga,Futbol,Lig,1. Seviye,Çekirdek,Erkek,Kulüp,Takım Sporu,Almanya,Yabancı,Yok,TV+ Yok,Yıllık,Sürekli Lig,Canlı İzle,İzleme,Takım,Jenerik,Türkçe,Body,Canlı İzle,Çekirdek,30,LOW,14,,,,evet,,0,10,0,10,10,20,10,40,50,210,20,10,hayır,Çekirdek
eintracht frankfurt transfer,Bundesliga,Futbol,Lig,1. Seviye,Çekirdek,Erkek,Kulüp,Takım Sporu,Almanya,Yabancı,Yok,TV+ Yok,Yıllık,Sürekli Lig,Transfer,Bilgi,Takım,Jenerik,İngilizce,Body,Transfer,Çekirdek,50,LOW,3,0.07,,,evet,,20,10,10,10,10,50,20,10,20,210,210,210,hayır,Çekirdek
vfb stuttgart,Bundesliga,Futbol,Lig,1. Seviye,Çekirdek,Erkek,Kulüp,Takım Sporu,Almanya,Yabancı,Yok,TV+ Yok,Yıllık,Sürekli Lig,Takım Jenerik,Bilgi,Takım,Jenerik,İngilizce,Head,Takım Jenerik,Çekirdek,74000,LOW,2,0.36,0.12,0.44,evet,,8100,40500,40500,33100,33100,135000,49500,74000,450000,33100,22200,6600,hayır,Çekirdek
vfb stuttgart maçları,Bundesliga,Futbol,Lig,1. Seviye,Çekirdek,Erkek,Kulüp,Takım Sporu,Almanya,Yabancı,Yok,TV+ Yok,Yıllık,Sürekli Lig,Takım Maç Sorgusu,Bilgi,Takım,Jenerik,Türkçe,Body,Takım Maç Sorgusu,Çekirdek,9900,LOW,1,,,,evet,,590,4400,4400,4400,5400,5400,5400,6600,74000,4400,1900,480,hayır,Çekirdek
vfb stuttgart fikstür,Bundesliga,Futbol,Lig,1. Seviye,Çekirdek,Erkek,Kulüp,Takım Sporu,Almanya,Yabancı,Yok,TV+ Yok,Yıllık,Sürekli Lig,Fikstür,Bilgi,Takım,Jenerik,Türkçe,Body,Fikstür,Çekirdek,,,,,,,hayir,,,,,,,,,,,,,,hayır,Çekirdek
vfb stuttgart puan durumu,Bundesliga,Futbol,Lig,1. Seviye,Çekirdek,Erkek,Kulüp,Takım Sporu,Almanya,Yabancı,Yok,TV+ Yok,Yıllık,Sürekli Lig,Puan Durumu,Bilgi,Takım,Jenerik,İngilizce,Body,Puan Durumu,Çekirdek,22200,LOW,0,0.09,,,evet,,2400,18100,14800,18100,14800,18100,14800,22200,165000,9900,5400,1300,hayır,Çekirdek
vfb stuttgart kadrosu,Bundesliga,Futbol,Lig,1. Seviye,Çekirdek,Erkek,Kulüp,Takım Sporu,Almanya,Yabancı,Yok,TV+ Yok,Yıllık,Sürekli Lig,Kadro,Bilgi,Takım,Jenerik,İngilizce,Body,Kadro,Çekirdek,50,LOW,1,,,,evet,,10,20,20,20,20,30,20,20,320,10,20,10,hayır,Çekirdek
vfb stuttgart canlı izle,Bundesliga,Futbol,Lig,1. Seviye,Çekirdek,Erkek,Kulüp,Takım Sporu,Almanya,Yabancı,Yok,TV+ Yok,Yıllık,Sürekli Lig,Canlı İzle,İzleme,Takım,Jenerik,Türkçe,Body,Canlı İzle,Çekirdek,,,,,,,hayir,,,,,,,,,,,,,,hayır,Çekirdek
vfb stuttgart transfer,Bundesliga,Futbol,Lig,1. Seviye,Çekirdek,Erkek,Kulüp,Takım Sporu,Almanya,Yabancı,Yok,TV+ Yok,Yıllık,Sürekli Lig,Transfer,Bilgi,Takım,Jenerik,İngilizce,Body,Transfer,Çekirdek,10,LOW,0,,,,evet,,10,10,0,10,10,10,0,10,10,40,70,50,hayır,Çekirdek
werder bremen,Bundesliga,Futbol,Lig,1. Seviye,Çekirdek,Erkek,Kulüp,Takım Sporu,Almanya,Yabancı,Yok,TV+ Yok,Yıllık,Sürekli Lig,Takım Jenerik,Bilgi,Takım,Jenerik,İngilizce,Head,Takım Jenerik,Çekirdek,22200,LOW,1,0.04,0.05,0.54,evet,,4400,22200,18100,18100,22200,60500,18100,27100,33100,27100,22200,8100,hayır,Çekirdek
werder bremen maçları,Bundesliga,Futbol,Lig,1. Seviye,Çekirdek,Erkek,Kulüp,Takım Sporu,Almanya,Yabancı,Yok,TV+ Yok,Yıllık,Sürekli Lig,Takım Maç Sorgusu,Bilgi,Takım,Jenerik,Türkçe,Body,Takım Maç Sorgusu,Çekirdek,880,LOW,1,,,,evet,,50,590,590,720,720,2900,590,1000,880,1000,590,210,hayır,Çekirdek
werder bremen fikstür,Bundesliga,Futbol,Lig,1. Seviye,Çekirdek,Erkek,Kulüp,Takım Sporu,Almanya,Yabancı,Yok,TV+ Yok,Yıllık,Sürekli Lig,Fikstür,Bilgi,Takım,Jenerik,Türkçe,Body,Fikstür,Çekirdek,10,,,,,,evet,,0,10,10,10,10,40,10,10,10,10,10,10,hayır,Çekirdek
werder bremen puan durumu,Bundesliga,Futbol,Lig,1. Seviye,Çekirdek,Erkek,Kulüp,Takım Sporu,Almanya,Yabancı,Yok,TV+ Yok,Yıllık,Sürekli Lig,Puan Durumu,Bilgi,Takım,Jenerik,İngilizce,Body,Puan Durumu,Çekirdek,260,LOW,0,,,,evet,,70,480,260,210,210,590,170,260,210,210,110,50,hayır,Çekirdek
werder bremen kadrosu,Bundesliga,Futbol,Lig,1. Seviye,Çekirdek,Erkek,Kulüp,Takım Sporu,Almanya,Yabancı,Yok,TV+ Yok,Yıllık,Sürekli Lig,Kadro,Bilgi,Takım,Jenerik,İngilizce,Body,Kadro,Çekirdek,40,LOW,2,0.53,,,evet,,10,40,40,40,20,70,50,40,50,90,50,30,hayır,Çekirdek
werder bremen canlı izle,Bundesliga,Futbol,Lig,1. Seviye,Çekirdek,Erkek,Kulüp,Takım Sporu,Almanya,Yabancı,Yok,TV+ Yok,Yıllık,Sürekli Lig,Canlı İzle,İzleme,Takım,Jenerik,Türkçe,Body,Canlı İzle,Çekirdek,20,LOW,8,0.17,,,evet,,0,10,10,10,20,30,10,30,30,30,10,10,hayır,Çekirdek
werder bremen transfer,Bundesliga,Futbol,Lig,1. Seviye,Çekirdek,Erkek,Kulüp,Takım Sporu,Almanya,Yabancı,Yok,TV+ Yok,Yıllık,Sürekli Lig,Transfer,Bilgi,Takım,Jenerik,İngilizce,Body,Transfer,Çekirdek,30,LOW,0,,,,evet,,10,10,10,10,10,10,10,10,10,50,170,30,hayır,Çekirdek
borussia mönchengladbach,Bundesliga,Futbol,Lig,1. Seviye,Çekirdek,Erkek,Kulüp,Takım Sporu,Almanya,Yabancı,Yok,TV+ Yok,Yıllık,Sürekli Lig,Takım Jenerik,Bilgi,Takım,Jenerik,Türkçe,Head,Takım Jenerik,Çekirdek,9900,LOW,3,0.4,0.23,0.67,evet,,4400,12100,9900,12100,9900,14800,12100,9900,18100,14800,8100,5400,hayır,Çekirdek
borussia mönchengladbach maçları,Bundesliga,Futbol,Lig,1. Seviye,Çekirdek,Erkek,Kulüp,Takım Sporu,Almanya,Yabancı,Yok,TV+ Yok,Yıllık,Sürekli Lig,Takım Maç Sorgusu,Bilgi,Takım,Jenerik,Türkçe,Body,Takım Maç Sorgusu,Çekirdek,720,LOW,1,,,,evet,,110,480,390,1300,480,1300,1000,720,1000,880,320,140,hayır,Çekirdek
borussia mönchengladbach fikstür,Bundesliga,Futbol,Lig,1. Seviye,Çekirdek,Erkek,Kulüp,Takım Sporu,Almanya,Yabancı,Yok,TV+ Yok,Yıllık,Sürekli Lig,Fikstür,Bilgi,Takım,Jenerik,Türkçe,Body,Fikstür,Çekirdek,,,,,,,hayir,,,,,,,,,,,,,,hayır,Çekirdek
borussia mönchengladbach puan durumu,Bundesliga,Futbol,Lig,1. Seviye,Çekirdek,Erkek,Kulüp,Takım Sporu,Almanya,Yabancı,Yok,TV+ Yok,Yıllık,Sürekli Lig,Puan Durumu,Bilgi,Takım,Jenerik,Türkçe,Body,Puan Durumu,Çekirdek,,,,,,,hayir,,,,,,,,,,,,,,hayır,Çekirdek
borussia mönchengladbach kadrosu,Bundesliga,Futbol,Lig,1. Seviye,Çekirdek,Erkek,Kulüp,Takım Sporu,Almanya,Yabancı,Yok,TV+ Yok,Yıllık,Sürekli Lig,Kadro,Bilgi,Takım,Jenerik,Türkçe,Body,Kadro,Çekirdek,10,LOW,0,,,,evet,,10,10,10,10,20,30,20,10,20,10,20,10,hayır,Çekirdek
borussia mönchengladbach canlı izle,Bundesliga,Futbol,Lig,1. Seviye,Çekirdek,Erkek,Kulüp,Takım Sporu,Almanya,Yabancı,Yok,TV+ Yok,Yıllık,Sürekli Lig,Canlı İzle,İzleme,Takım,Jenerik,Türkçe,Body,Canlı İzle,Çekirdek,,,,,,,hayir,,,,,,,,,,,,,,hayır,Çekirdek
borussia mönchengladbach transfer,Bundesliga,Futbol,Lig,1. Seviye,Çekirdek,Erkek,Kulüp,Takım Sporu,Almanya,Yabancı,Yok,TV+ Yok,Yıllık,Sürekli Lig,Transfer,Bilgi,Takım,Jenerik,Türkçe,Body,Transfer,Çekirdek,10,LOW,9,,,,evet,,10,20,10,10,10,20,10,10,10,10,10,10,hayır,Çekirdek
hoffenheim,Bundesliga,Futbol,Lig,1. Seviye,Çekirdek,Erkek,Kulüp,Takım Sporu,Almanya,Yabancı,Yok,TV+ Yok,Yıllık,Sürekli Lig,Takım Jenerik,Bilgi,Takım,Jenerik,İngilizce,Head,Takım Jenerik,Çekirdek,22200,LOW,1,0.47,0.2,0.72,evet,,8100,27100,33100,33100,33100,49500,14800,18100,22200,9900,12100,9900,hayır,Çekirdek
hoffenheim maçları,Bundesliga,Futbol,Lig,1. Seviye,Çekirdek,Erkek,Kulüp,Takım Sporu,Almanya,Yabancı,Yok,TV+ Yok,Yıllık,Sürekli Lig,Takım Maç Sorgusu,Bilgi,Takım,Jenerik,Türkçe,Head,Takım Maç Sorgusu,Çekirdek,1900,LOW,1,0.28,,,evet,,480,2900,2900,3600,2900,5400,1300,1600,1900,1300,880,590,hayır,Çekirdek
hoffenheim fikstür,Bundesliga,Futbol,Lig,1. Seviye,Çekirdek,Erkek,Kulüp,Takım Sporu,Almanya,Yabancı,Yok,TV+ Yok,Yıllık,Sürekli Lig,Fikstür,Bilgi,Takım,Jenerik,Türkçe,Head,Fikstür,Çekirdek,20,LOW,0,,,,evet,,10,40,20,20,20,50,20,10,20,10,10,10,hayır,Çekirdek
hoffenheim puan durumu,Bundesliga,Futbol,Lig,1. Seviye,Çekirdek,Erkek,Kulüp,Takım Sporu,Almanya,Yabancı,Yok,TV+ Yok,Yıllık,Sürekli Lig,Puan Durumu,Bilgi,Takım,Jenerik,İngilizce,Body,Puan Durumu,Çekirdek,590,LOW,0,,,,evet,,320,1600,1300,1000,590,720,260,210,210,140,90,110,hayır,Çekirdek
hoffenheim kadrosu,Bundesliga,Futbol,Lig,1. Seviye,Çekirdek,Erkek,Kulüp,Takım Sporu,Almanya,Yabancı,Yok,TV+ Yok,Yıllık,Sürekli Lig,Kadro,Bilgi,Takım,Jenerik,İngilizce,Head,Kadro,Çekirdek,110,LOW,1,0.35,,,evet,,90,110,110,210,110,210,90,70,90,90,90,90,hayır,Çekirdek
hoffenheim canlı izle,Bundesliga,Futbol,Lig,1. Seviye,Çekirdek,Erkek,Kulüp,Takım Sporu,Almanya,Yabancı,Yok,TV+ Yok,Yıllık,Sürekli Lig,Canlı İzle,İzleme,Takım,Jenerik,Türkçe,Body,Canlı İzle,Çekirdek,10,LOW,0,,,,evet,,0,10,10,10,10,10,0,10,50,10,10,0,hayır,Çekirdek
hoffenheim transfer,Bundesliga,Futbol,Lig,1. Seviye,Çekirdek,Erkek,Kulüp,Takım Sporu,Almanya,Yabancı,Yok,TV+ Yok,Yıllık,Sürekli Lig,Transfer,Bilgi,Takım,Jenerik,İngilizce,Head,Transfer,Çekirdek,20,LOW,3,,,,evet,,10,10,10,10,10,30,10,10,10,30,40,30,hayır,Çekirdek
freiburg,Bundesliga,Futbol,Lig,1. Seviye,Çekirdek,Erkek,Kulüp,Takım Sporu,Almanya,Yabancı,Yok,TV+ Yok,Yıllık,Sürekli Lig,Takım Jenerik,Bilgi,Takım,Jenerik,İngilizce,Head,Takım Jenerik,Çekirdek,49500,LOW,5,0.66,0.2,1.25,evet,,8100,246000,60500,40500,27100,33100,33100,22200,27100,22200,9900,8100,hayır,Çekirdek
freiburg maçları,Bundesliga,Futbol,Lig,1. Seviye,Çekirdek,Erkek,Kulüp,Takım Sporu,Almanya,Yabancı,Yok,TV+ Yok,Yıllık,Sürekli Lig,Takım Maç Sorgusu,Bilgi,Takım,Jenerik,Türkçe,Head,Takım Maç Sorgusu,Çekirdek,1600,LOW,5,0.07,,,evet,,170,14800,2400,70,30,50,40,30,20,20,10,10,hayır,Çekirdek
freiburg fikstür,Bundesliga,Futbol,Lig,1. Seviye,Çekirdek,Erkek,Kulüp,Takım Sporu,Almanya,Yabancı,Yok,TV+ Yok,Yıllık,Sürekli Lig,Fikstür,Bilgi,Takım,Jenerik,Türkçe,Head,Fikstür,Çekirdek,30,LOW,2,,,,evet,,10,90,50,40,20,20,30,20,30,10,10,10,hayır,Çekirdek
freiburg puan durumu,Bundesliga,Futbol,Lig,1. Seviye,Çekirdek,Erkek,Kulüp,Takım Sporu,Almanya,Yabancı,Yok,TV+ Yok,Yıllık,Sürekli Lig,Puan Durumu,Bilgi,Takım,Jenerik,İngilizce,Body,Puan Durumu,Çekirdek,1600,LOW,0,,,,evet,,140,9900,1900,1000,880,1600,720,720,320,210,50,30,hayır,Çekirdek
freiburg kadrosu,Bundesliga,Futbol,Lig,1. Seviye,Çekirdek,Erkek,Kulüp,Takım Sporu,Almanya,Yabancı,Yok,TV+ Yok,Yıllık,Sürekli Lig,Kadro,Bilgi,Takım,Jenerik,İngilizce,Head,Kadro,Çekirdek,210,LOW,0,,,,evet,,70,1300,170,90,50,110,110,70,70,70,40,50,hayır,Çekirdek
freiburg canlı izle,Bundesliga,Futbol,Lig,1. Seviye,Çekirdek,Erkek,Kulüp,Takım Sporu,Almanya,Yabancı,Yok,TV+ Yok,Yıllık,Sürekli Lig,Canlı İzle,İzleme,Takım,Jenerik,Türkçe,Body,Canlı İzle,Çekirdek,10,LOW,17,0.1,,,evet,,0,10,10,10,10,20,50,10,20,10,0,10,hayır,Çekirdek
freiburg transfer,Bundesliga,Futbol,Lig,1. Seviye,Çekirdek,Erkek,Kulüp,Takım Sporu,Almanya,Yabancı,Yok,TV+ Yok,Yıllık,Sürekli Lig,Transfer,Bilgi,Takım,Jenerik,İngilizce,Head,Transfer,Çekirdek,10,LOW,8,0.54,,,evet,,10,50,10,10,10,10,10,10,10,10,10,10,hayır,Çekirdek
paris saint germain,Ligue 1,Futbol,Lig,1. Seviye,Çekirdek,Erkek,Kulüp,Takım Sporu,Fransa,Yabancı,Yok,TV+ Yok,Yıllık,Sürekli Lig,Takım Jenerik,Bilgi,Takım,Jenerik,İngilizce,Body,Takım Jenerik,Çekirdek,1220000,LOW,1,0.63,0.21,0.92,evet,,201000,4090000,2740000,1220000,823000,1000000,673000,1000000,1000000,673000,1000000,1830000,hayır,Çekirdek
paris saint germain maçları,Ligue 1,Futbol,Lig,1. Seviye,Çekirdek,Erkek,Kulüp,Takım Sporu,Fransa,Yabancı,Yok,TV+ Yok,Yıllık,Sürekli Lig,Takım Maç Sorgusu,Bilgi,Takım,Jenerik,Türkçe,Body,Takım Maç Sorgusu,Çekirdek,210,LOW,3,0.12,0.05,0.13,evet,,110,480,390,320,170,210,140,140,210,140,210,390,hayır,Çekirdek
paris saint germain fikstür,Ligue 1,Futbol,Lig,1. Seviye,Çekirdek,Erkek,Kulüp,Takım Sporu,Fransa,Yabancı,Yok,TV+ Yok,Yıllık,Sürekli Lig,Fikstür,Bilgi,Takım,Jenerik,Türkçe,Body,Fikstür,Çekirdek,30,LOW,5,,,,evet,,10,30,30,30,30,20,20,30,40,40,30,20,hayır,Çekirdek
paris saint germain puan durumu,Ligue 1,Futbol,Lig,1. Seviye,Çekirdek,Erkek,Kulüp,Takım Sporu,Fransa,Yabancı,Yok,TV+ Yok,Yıllık,Sürekli Lig,Puan Durumu,Bilgi,Takım,Jenerik,İngilizce,Long-tail,Puan Durumu,Çekirdek,260,LOW,0,,,,evet,,50,590,480,390,320,320,210,170,170,170,110,90,hayır,Çekirdek
paris saint germain kadrosu,Ligue 1,Futbol,Lig,1. Seviye,Çekirdek,Erkek,Kulüp,Takım Sporu,Fransa,Yabancı,Yok,TV+ Yok,Yıllık,Sürekli Lig,Kadro,Bilgi,Takım,Jenerik,İngilizce,Body,Kadro,Çekirdek,1000,LOW,0,,0.08,0.3,evet,,1000,2400,1300,2400,880,1000,590,590,880,1000,1300,2400,hayır,Çekirdek
paris saint germain canlı izle,Ligue 1,Futbol,Lig,1. Seviye,Çekirdek,Erkek,Kulüp,Takım Sporu,Fransa,Yabancı,Yok,TV+ Yok,Yıllık,Sürekli Lig,Canlı İzle,İzleme,Takım,Jenerik,Türkçe,Long-tail,Canlı İzle,Çekirdek,260,LOW,0,,,,evet,,10,720,480,170,210,170,110,170,320,210,210,480,hayır,Çekirdek
paris saint germain transfer,Ligue 1,Futbol,Lig,1. Seviye,Çekirdek,Erkek,Kulüp,Takım Sporu,Fransa,Yabancı,Yok,TV+ Yok,Yıllık,Sürekli Lig,Transfer,Bilgi,Takım,Jenerik,İngilizce,Body,Transfer,Çekirdek,590,LOW,0,0.45,,,evet,,880,720,320,210,210,320,140,210,260,720,1600,1300,hayır,Çekirdek
marsilya,Ligue 1,Futbol,Lig,1. Seviye,Çekirdek,Erkek,Kulüp,Takım Sporu,Fransa,Yabancı,Yok,TV+ Yok,Yıllık,Sürekli Lig,Takım Jenerik,Bilgi,Takım,Jenerik,İngilizce,Head,Takım Jenerik,Çekirdek,90500,LOW,4,0.64,0.16,0.91,evet,,33100,74000,90500,110000,90500,165000,90500,135000,110000,135000,74000,27100,hayır,Çekirdek
marsilya maçları,Ligue 1,Futbol,Lig,1. Seviye,Çekirdek,Erkek,Kulüp,Takım Sporu,Fransa,Yabancı,Yok,TV+ Yok,Yıllık,Sürekli Lig,Takım Maç Sorgusu,Bilgi,Takım,Jenerik,Türkçe,Head,Takım Maç Sorgusu,Çekirdek,6600,LOW,0,,0.06,0.27,evet,,720,1900,2900,6600,5400,22200,8100,9900,9900,9900,2400,720,hayır,Çekirdek
marsilya fikstür,Ligue 1,Futbol,Lig,1. Seviye,Çekirdek,Erkek,Kulüp,Takım Sporu,Fransa,Yabancı,Yok,TV+ Yok,Yıllık,Sürekli Lig,Fikstür,Bilgi,Takım,Jenerik,Türkçe,Head,Fikstür,Çekirdek,90,LOW,0,,,,evet,,20,30,40,90,50,210,110,110,110,110,40,20,hayır,Çekirdek
marsilya puan durumu,Ligue 1,Futbol,Lig,1. Seviye,Çekirdek,Erkek,Kulüp,Takım Sporu,Fransa,Yabancı,Yok,TV+ Yok,Yıllık,Sürekli Lig,Puan Durumu,Bilgi,Takım,Jenerik,İngilizce,Body,Puan Durumu,Çekirdek,14800,LOW,0,,,,evet,,2900,12100,9900,14800,12100,40500,14800,18100,18100,18100,4400,1600,hayır,Çekirdek
marsilya kadrosu,Ligue 1,Futbol,Lig,1. Seviye,Çekirdek,Erkek,Kulüp,Takım Sporu,Fransa,Yabancı,Yok,TV+ Yok,Yıllık,Sürekli Lig,Kadro,Bilgi,Takım,Jenerik,İngilizce,Head,Kadro,Çekirdek,590,LOW,0,,,,evet,,590,880,260,390,590,720,390,390,480,880,880,390,hayır,Çekirdek
marsilya canlı izle,Ligue 1,Futbol,Lig,1. Seviye,Çekirdek,Erkek,Kulüp,Takım Sporu,Fransa,Yabancı,Yok,TV+ Yok,Yıllık,Sürekli Lig,Canlı İzle,İzleme,Takım,Jenerik,Türkçe,Body,Canlı İzle,Çekirdek,30,LOW,5,,,,evet,,10,10,20,20,10,50,30,110,70,40,20,20,hayır,Çekirdek
marsilya transfer,Ligue 1,Futbol,Lig,1. Seviye,Çekirdek,Erkek,Kulüp,Takım Sporu,Fransa,Yabancı,Yok,TV+ Yok,Yıllık,Sürekli Lig,Transfer,Bilgi,Takım,Jenerik,İngilizce,Head,Transfer,Çekirdek,110,LOW,4,0.3,0.26,0.57,evet,,70,70,20,40,110,210,40,50,50,260,320,170,hayır,Çekirdek
lyon,Ligue 1,Futbol,Lig,1. Seviye,Çekirdek,Erkek,Kulüp,Takım Sporu,Fransa,Yabancı,Yok,TV+ Yok,Yıllık,Sürekli Lig,Takım Jenerik,Bilgi,Takım,Jenerik,İngilizce,Head,Takım Jenerik,Çekirdek,110000,LOW,5,0.6,0.23,1.36,evet,,18100,74000,74000,201000,165000,165000,74000,90500,110000,110000,60500,40500,hayır,Çekirdek
lyon maçları,Ligue 1,Futbol,Lig,1. Seviye,Çekirdek,Erkek,Kulüp,Takım Sporu,Fransa,Yabancı,Yok,TV+ Yok,Yıllık,Sürekli Lig,Takım Maç Sorgusu,Bilgi,Takım,Jenerik,Türkçe,Head,Takım Maç Sorgusu,Çekirdek,9900,LOW,2,0.35,0.05,0.33,evet,,390,6600,8100,18100,14800,22200,9900,9900,12100,12100,2900,2400,hayır,Çekirdek
lyon fikstür,Ligue 1,Futbol,Lig,1. Seviye,Çekirdek,Erkek,Kulüp,Takım Sporu,Fransa,Yabancı,Yok,TV+ Yok,Yıllık,Sürekli Lig,Fikstür,Bilgi,Takım,Jenerik,Türkçe,Head,Fikstür,Çekirdek,50,LOW,0,,,,evet,,10,70,40,140,70,90,40,40,50,70,30,30,hayır,Çekirdek
lyon puan durumu,Ligue 1,Futbol,Lig,1. Seviye,Çekirdek,Erkek,Kulüp,Takım Sporu,Fransa,Yabancı,Yok,TV+ Yok,Yıllık,Sürekli Lig,Puan Durumu,Bilgi,Takım,Jenerik,İngilizce,Body,Puan Durumu,Çekirdek,18100,LOW,0,,,,evet,,1600,27100,22200,22200,27100,40500,18100,14800,14800,12100,2400,5400,hayır,Çekirdek
lyon kadrosu,Ligue 1,Futbol,Lig,1. Seviye,Çekirdek,Erkek,Kulüp,Takım Sporu,Fransa,Yabancı,Yok,TV+ Yok,Yıllık,Sürekli Lig,Kadro,Bilgi,Takım,Jenerik,İngilizce,Head,Kadro,Çekirdek,480,LOW,0,,,,evet,,320,590,390,590,590,880,390,320,480,720,480,1000,hayır,Çekirdek
lyon canlı izle,Ligue 1,Futbol,Lig,1. Seviye,Çekirdek,Erkek,Kulüp,Takım Sporu,Fransa,Yabancı,Yok,TV+ Yok,Yıllık,Sürekli Lig,Canlı İzle,İzleme,Takım,Jenerik,Türkçe,Body,Canlı İzle,Çekirdek,20,LOW,0,,,,evet,,10,10,10,30,40,50,30,20,20,20,20,10,hayır,Çekirdek
lyon transfer,Ligue 1,Futbol,Lig,1. Seviye,Çekirdek,Erkek,Kulüp,Takım Sporu,Fransa,Yabancı,Yok,TV+ Yok,Yıllık,Sürekli Lig,Transfer,Bilgi,Takım,Jenerik,İngilizce,Head,Transfer,Çekirdek,70,LOW,4,0.55,0.27,1.63,evet,,30,40,20,20,70,110,30,30,40,210,170,170,hayır,Çekirdek
monaco,Ligue 1,Futbol,Lig,1. Seviye,Çekirdek,Erkek,Kulüp,Takım Sporu,Fransa,Yabancı,Yok,TV+ Yok,Yıllık,Sürekli Lig,Takım Jenerik,Bilgi,Takım,Jenerik,İngilizce,Head,Takım Jenerik,Çekirdek,201000,LOW,2,0.42,0.1,0.96,evet,,49500,74000,135000,90500,201000,165000,550000,301000,201000,165000,201000,110000,hayır,Çekirdek
monaco maçları,Ligue 1,Futbol,Lig,1. Seviye,Çekirdek,Erkek,Kulüp,Takım Sporu,Fransa,Yabancı,Yok,TV+ Yok,Yıllık,Sürekli Lig,Takım Maç Sorgusu,Bilgi,Takım,Jenerik,Türkçe,Head,Takım Maç Sorgusu,Çekirdek,18100,LOW,0,0.18,0.12,0.19,evet,,1000,4400,8100,4400,14800,27100,74000,49500,22200,18100,12100,9900,hayır,Çekirdek
monaco fikstür,Ligue 1,Futbol,Lig,1. Seviye,Çekirdek,Erkek,Kulüp,Takım Sporu,Fransa,Yabancı,Yok,TV+ Yok,Yıllık,Sürekli Lig,Fikstür,Bilgi,Takım,Jenerik,Türkçe,Head,Fikstür,Çekirdek,260,LOW,0,,,,evet,,10,50,50,50,110,210,1000,590,260,170,170,50,hayır,Çekirdek
monaco puan durumu,Ligue 1,Futbol,Lig,1. Seviye,Çekirdek,Erkek,Kulüp,Takım Sporu,Fransa,Yabancı,Yok,TV+ Yok,Yıllık,Sürekli Lig,Puan Durumu,Bilgi,Takım,Jenerik,İngilizce,Body,Puan Durumu,Çekirdek,33100,LOW,0,,,,evet,,1600,14800,14800,9900,22200,33100,135000,74000,27100,18100,18100,3600,hayır,Çekirdek
monaco kadrosu,Ligue 1,Futbol,Lig,1. Seviye,Çekirdek,Erkek,Kulüp,Takım Sporu,Fransa,Yabancı,Yok,TV+ Yok,Yıllık,Sürekli Lig,Kadro,Bilgi,Takım,Jenerik,İngilizce,Head,Kadro,Çekirdek,1300,LOW,0,,,,evet,,480,480,390,480,590,720,8100,1300,880,1000,2400,720,hayır,Çekirdek
monaco canlı izle,Ligue 1,Futbol,Lig,1. Seviye,Çekirdek,Erkek,Kulüp,Takım Sporu,Fransa,Yabancı,Yok,TV+ Yok,Yıllık,Sürekli Lig,Canlı İzle,İzleme,Takım,Jenerik,Türkçe,Body,Canlı İzle,Çekirdek,50,LOW,0,,,,evet,,10,10,50,10,30,50,210,110,40,40,10,20,hayır,Çekirdek
monaco transfer,Ligue 1,Futbol,Lig,1. Seviye,Çekirdek,Erkek,Kulüp,Takım Sporu,Fransa,Yabancı,Yok,TV+ Yok,Yıllık,Sürekli Lig,Transfer,Bilgi,Takım,Jenerik,İngilizce,Head,Transfer,Çekirdek,110,LOW,5,0.78,0.48,1.57,evet,,30,30,30,30,50,50,210,40,50,260,480,260,hayır,Çekirdek
lille,Ligue 1,Futbol,Lig,1. Seviye,Çekirdek,Erkek,Kulüp,Takım Sporu,Fransa,Yabancı,Yok,TV+ Yok,Yıllık,Sürekli Lig,Takım Jenerik,Bilgi,Takım,Jenerik,İngilizce,Head,Takım Jenerik,Çekirdek,90500,LOW,5,0.63,0.31,0.57,evet,,14800,49500,60500,90500,110000,110000,135000,90500,201000,110000,165000,22200,hayır,Çekirdek
lille maçları,Ligue 1,Futbol,Lig,1. Seviye,Çekirdek,Erkek,Kulüp,Takım Sporu,Fransa,Yabancı,Yok,TV+ Yok,Yıllık,Sürekli Lig,Takım Maç Sorgusu,Bilgi,Takım,Jenerik,Türkçe,Head,Takım Maç Sorgusu,Çekirdek,8100,LOW,1,,,,evet,,590,5400,6600,9900,12100,12100,12100,9900,18100,9900,9900,1300,hayır,Çekirdek
lille fikstür,Ligue 1,Futbol,Lig,1. Seviye,Çekirdek,Erkek,Kulüp,Takım Sporu,Fransa,Yabancı,Yok,TV+ Yok,Yıllık,Sürekli Lig,Fikstür,Bilgi,Takım,Jenerik,Türkçe,Head,Fikstür,Çekirdek,70,LOW,3,,,,evet,,10,70,30,70,70,70,90,70,110,70,90,20,hayır,Çekirdek
lille puan durumu,Ligue 1,Futbol,Lig,1. Seviye,Çekirdek,Erkek,Kulüp,Takım Sporu,Fransa,Yabancı,Yok,TV+ Yok,Yıllık,Sürekli Lig,Puan Durumu,Bilgi,Takım,Jenerik,İngilizce,Body,Puan Durumu,Çekirdek,18100,LOW,0,,,,evet,,2400,22200,18100,18100,18100,22200,33100,14800,33100,12100,14800,1900,hayır,Çekirdek
lille kadrosu,Ligue 1,Futbol,Lig,1. Seviye,Çekirdek,Erkek,Kulüp,Takım Sporu,Fransa,Yabancı,Yok,TV+ Yok,Yıllık,Sürekli Lig,Kadro,Bilgi,Takım,Jenerik,İngilizce,Head,Kadro,Çekirdek,480,LOW,0,,,,evet,,390,390,260,480,480,590,480,260,720,480,880,480,hayır,Çekirdek
lille canlı izle,Ligue 1,Futbol,Lig,1. Seviye,Çekirdek,Erkek,Kulüp,Takım Sporu,Fransa,Yabancı,Yok,TV+ Yok,Yıllık,Sürekli Lig,Canlı İzle,İzleme,Takım,Jenerik,Türkçe,Body,Canlı İzle,Çekirdek,10,LOW,0,,,,evet,,0,10,10,10,20,10,20,20,10,30,10,10,hayır,Çekirdek
lille transfer,Ligue 1,Futbol,Lig,1. Seviye,Çekirdek,Erkek,Kulüp,Takım Sporu,Fransa,Yabancı,Yok,TV+ Yok,Yıllık,Sürekli Lig,Transfer,Bilgi,Takım,Jenerik,İngilizce,Head,Transfer,Çekirdek,70,LOW,0,,,,evet,,40,20,10,20,70,50,30,20,50,110,320,110,hayır,Çekirdek
nice,Ligue 1,Futbol,Lig,1. Seviye,Çekirdek,Erkek,Kulüp,Takım Sporu,Fransa,Yabancı,Yok,TV+ Yok,Yıllık,Sürekli Lig,Takım Jenerik,Bilgi,Takım,Jenerik,İngilizce,Head,Takım Jenerik,Çekirdek,74000,LOW,9,0.75,0.21,1.53,evet,,22200,74000,33100,33100,40500,40500,40500,40500,301000,74000,110000,27100,hayır,Çekirdek
nice maçları,Ligue 1,Futbol,Lig,1. Seviye,Çekirdek,Erkek,Kulüp,Takım Sporu,Fransa,Yabancı,Yok,TV+ Yok,Yıllık,Sürekli Lig,Takım Maç Sorgusu,Bilgi,Takım,Jenerik,Türkçe,Head,Takım Maç Sorgusu,Çekirdek,1900,LOW,4,0.08,,,evet,,30,4400,1300,1300,2400,2400,1600,1600,4400,1900,2400,210,hayır,Çekirdek
nice fikstür,Ligue 1,Futbol,Lig,1. Seviye,Çekirdek,Erkek,Kulüp,Takım Sporu,Fransa,Yabancı,Yok,TV+ Yok,Yıllık,Sürekli Lig,Fikstür,Bilgi,Takım,Jenerik,Türkçe,Head,Fikstür,Çekirdek,70,LOW,0,,,,evet,,10,50,10,20,10,40,20,30,390,110,50,10,hayır,Çekirdek
nice puan durumu,Ligue 1,Futbol,Lig,1. Seviye,Çekirdek,Erkek,Kulüp,Takım Sporu,Fransa,Yabancı,Yok,TV+ Yok,Yıllık,Sürekli Lig,Puan Durumu,Bilgi,Takım,Jenerik,İngilizce,Body,Puan Durumu,Çekirdek,2400,LOW,0,,,,evet,,170,2900,590,480,720,880,720,880,18100,2400,1300,260,hayır,Çekirdek
nice kadrosu,Ligue 1,Futbol,Lig,1. Seviye,Çekirdek,Erkek,Kulüp,Takım Sporu,Fransa,Yabancı,Yok,TV+ Yok,Yıllık,Sürekli Lig,Kadro,Bilgi,Takım,Jenerik,İngilizce,Head,Kadro,Çekirdek,590,LOW,0,,,,evet,,210,210,140,110,170,260,140,140,3600,1000,1000,390,hayır,Çekirdek
nice canlı izle,Ligue 1,Futbol,Lig,1. Seviye,Çekirdek,Erkek,Kulüp,Takım Sporu,Fransa,Yabancı,Yok,TV+ Yok,Yıllık,Sürekli Lig,Canlı İzle,İzleme,Takım,Jenerik,Türkçe,Body,Canlı İzle,Çekirdek,10,,,,,,evet,,0,10,10,10,10,20,10,10,10,10,10,10,hayır,Çekirdek
nice transfer,Ligue 1,Futbol,Lig,1. Seviye,Çekirdek,Erkek,Kulüp,Takım Sporu,Fransa,Yabancı,Yok,TV+ Yok,Yıllık,Sürekli Lig,Transfer,Bilgi,Takım,Jenerik,İngilizce,Head,Transfer,Çekirdek,50,MEDIUM,36,2.26,1.13,4.62,evet,,10,10,10,10,10,20,30,10,260,90,170,70,hayır,Çekirdek
rennes,Ligue 1,Futbol,Lig,1. Seviye,Çekirdek,Erkek,Kulüp,Takım Sporu,Fransa,Yabancı,Yok,TV+ Yok,Yıllık,Sürekli Lig,Takım Jenerik,Bilgi,Takım,Jenerik,İngilizce,Head,Takım Jenerik,Çekirdek,33100,LOW,5,0.43,0.24,0.75,evet,,6600,27100,33100,33100,60500,60500,14800,27100,18100,22200,49500,12100,hayır,Çekirdek
rennes maçları,Ligue 1,Futbol,Lig,1. Seviye,Çekirdek,Erkek,Kulüp,Takım Sporu,Fransa,Yabancı,Yok,TV+ Yok,Yıllık,Sürekli Lig,Takım Maç Sorgusu,Bilgi,Takım,Jenerik,Türkçe,Head,Takım Maç Sorgusu,Çekirdek,1300,LOW,1,,,,evet,,140,1600,1600,1600,3600,2400,1000,1000,590,880,1300,390,hayır,Çekirdek
rennes fikstür,Ligue 1,Futbol,Lig,1. Seviye,Çekirdek,Erkek,Kulüp,Takım Sporu,Fransa,Yabancı,Yok,TV+ Yok,Yıllık,Sürekli Lig,Fikstür,Bilgi,Takım,Jenerik,Türkçe,Head,Fikstür,Çekirdek,20,LOW,0,,,,evet,,10,70,20,20,30,30,10,10,10,10,20,10,hayır,Çekirdek
rennes puan durumu,Ligue 1,Futbol,Lig,1. Seviye,Çekirdek,Erkek,Kulüp,Takım Sporu,Fransa,Yabancı,Yok,TV+ Yok,Yıllık,Sürekli Lig,Puan Durumu,Bilgi,Takım,Jenerik,İngilizce,Body,Puan Durumu,Çekirdek,590,LOW,0,,,,evet,,170,880,880,590,1600,880,390,260,140,140,170,90,hayır,Çekirdek
rennes kadrosu,Ligue 1,Futbol,Lig,1. Seviye,Çekirdek,Erkek,Kulüp,Takım Sporu,Fransa,Yabancı,Yok,TV+ Yok,Yıllık,Sürekli Lig,Kadro,Bilgi,Takım,Jenerik,İngilizce,Head,Kadro,Çekirdek,170,LOW,0,,,,evet,,70,170,110,90,260,320,110,140,140,140,320,170,hayır,Çekirdek
rennes canlı izle,Ligue 1,Futbol,Lig,1. Seviye,Çekirdek,Erkek,Kulüp,Takım Sporu,Fransa,Yabancı,Yok,TV+ Yok,Yıllık,Sürekli Lig,Canlı İzle,İzleme,Takım,Jenerik,Türkçe,Body,Canlı İzle,Çekirdek,10,LOW,26,,,,evet,,0,10,10,0,10,20,0,10,10,10,10,10,hayır,Çekirdek
rennes transfer,Ligue 1,Futbol,Lig,1. Seviye,Çekirdek,Erkek,Kulüp,Takım Sporu,Fransa,Yabancı,Yok,TV+ Yok,Yıllık,Sürekli Lig,Transfer,Bilgi,Takım,Jenerik,İngilizce,Head,Transfer,Çekirdek,10,LOW,5,,,,evet,,10,10,10,10,20,30,10,10,10,20,30,30,hayır,Çekirdek
lens,Ligue 1,Futbol,Lig,1. Seviye,Çekirdek,Erkek,Kulüp,Takım Sporu,Fransa,Yabancı,Yok,TV+ Yok,Yıllık,Sürekli Lig,Takım Jenerik,Bilgi,Takım,Jenerik,İngilizce,Head,Takım Jenerik,Çekirdek,90500,MEDIUM,62,0.44,0.17,0.44,evet,,90500,110000,110000,110000,110000,90500,90500,90500,90500,90500,90500,90500,hayır,Çekirdek
lens maçları,Ligue 1,Futbol,Lig,1. Seviye,Çekirdek,Erkek,Kulüp,Takım Sporu,Fransa,Yabancı,Yok,TV+ Yok,Yıllık,Sürekli Lig,Takım Maç Sorgusu,Bilgi,Takım,Jenerik,Türkçe,Head,Takım Maç Sorgusu,Çekirdek,50,LOW,2,,,,evet,,20,110,70,70,90,90,40,30,10,70,10,10,hayır,Çekirdek
lens fikstür,Ligue 1,Futbol,Lig,1. Seviye,Çekirdek,Erkek,Kulüp,Takım Sporu,Fransa,Yabancı,Yok,TV+ Yok,Yıllık,Sürekli Lig,Fikstür,Bilgi,Takım,Jenerik,Türkçe,Head,Fikstür,Çekirdek,40,LOW,0,,,,evet,,10,90,110,90,70,50,40,10,10,10,10,10,hayır,Çekirdek
lens puan durumu,Ligue 1,Futbol,Lig,1. Seviye,Çekirdek,Erkek,Kulüp,Takım Sporu,Fransa,Yabancı,Yok,TV+ Yok,Yıllık,Sürekli Lig,Puan Durumu,Bilgi,Takım,Jenerik,İngilizce,Body,Puan Durumu,Çekirdek,1300,LOW,0,,,,evet,,260,3600,2900,1900,1900,1600,880,390,320,140,90,40,hayır,Çekirdek
lens kadrosu,Ligue 1,Futbol,Lig,1. Seviye,Çekirdek,Erkek,Kulüp,Takım Sporu,Fransa,Yabancı,Yok,TV+ Yok,Yıllık,Sürekli Lig,Kadro,Bilgi,Takım,Jenerik,İngilizce,Head,Kadro,Çekirdek,210,LOW,0,,,,evet,,210,320,260,210,390,320,260,140,90,110,110,90,hayır,Çekirdek
lens canlı izle,Ligue 1,Futbol,Lig,1. Seviye,Çekirdek,Erkek,Kulüp,Takım Sporu,Fransa,Yabancı,Yok,TV+ Yok,Yıllık,Sürekli Lig,Canlı İzle,İzleme,Takım,Jenerik,Türkçe,Body,Canlı İzle,Çekirdek,,,,,,,hayir,,,,,,,,,,,,,,hayır,Çekirdek
lens transfer,Ligue 1,Futbol,Lig,1. Seviye,Çekirdek,Erkek,Kulüp,Takım Sporu,Fransa,Yabancı,Yok,TV+ Yok,Yıllık,Sürekli Lig,Transfer,Bilgi,Takım,Jenerik,İngilizce,Head,Transfer,Çekirdek,20,LOW,0,,,,evet,,20,10,10,10,50,30,30,20,10,10,20,20,hayır,Çekirdek
fenerbahçe beko,EuroLeague,Basketbol,Lig,Kıta Üstü,Çekirdek,Erkek,Kulüp,Takım Sporu,Avrupa,Yabancı,Yok,TV+ Var,Yıllık,Sürekli Lig,Takım Jenerik,Bilgi,Takım,Jenerik,Türkçe,Head,Takım Jenerik,Çekirdek,1220000,LOW,1,0.5,0.09,0.56,evet,,1500000,1830000,1000000,1220000,1830000,1830000,1220000,1000000,1500000,550000,135000,201000,hayır,Çekirdek
fenerbahçe beko maçları,EuroLeague,Basketbol,Lig,Kıta Üstü,Çekirdek,Erkek,Kulüp,Takım Sporu,Avrupa,Yabancı,Yok,TV+ Var,Yıllık,Sürekli Lig,Takım Maç Sorgusu,Bilgi,Takım,Jenerik,Türkçe,Body,Takım Maç Sorgusu,Çekirdek,33100,LOW,5,0.3,0.07,0.28,evet,,40500,60500,33100,40500,60500,49500,33100,33100,40500,8100,3600,1300,hayır,Çekirdek
fenerbahçe beko fikstür,EuroLeague,Basketbol,Lig,Kıta Üstü,Çekirdek,Erkek,Kulüp,Takım Sporu,Avrupa,Yabancı,Yok,TV+ Var,Yıllık,Sürekli Lig,Fikstür,Bilgi,Takım,Jenerik,Türkçe,Body,Fikstür,Çekirdek,5400,LOW,2,,,,evet,,2900,4400,5400,6600,8100,8100,6600,5400,6600,2400,1300,320,hayır,Çekirdek
fenerbahçe beko puan durumu,EuroLeague,Basketbol,Lig,Kıta Üstü,Çekirdek,Erkek,Kulüp,Takım Sporu,Avrupa,Yabancı,Yok,TV+ Var,Yıllık,Sürekli Lig,Puan Durumu,Bilgi,Takım,Jenerik,Türkçe,Body,Puan Durumu,Çekirdek,1300,LOW,0,,,,evet,,320,1300,1600,1900,4400,2900,1300,1300,590,110,210,90,hayır,Çekirdek
fenerbahçe beko kadrosu,EuroLeague,Basketbol,Lig,Kıta Üstü,Çekirdek,Erkek,Kulüp,Takım Sporu,Avrupa,Yabancı,Yok,TV+ Var,Yıllık,Sürekli Lig,Kadro,Bilgi,Takım,Jenerik,Türkçe,Body,Kadro,Çekirdek,2900,LOW,0,0.48,0.22,0.53,evet,,2400,1600,1000,1600,2900,2900,1600,1600,3600,9900,1900,1300,hayır,Çekirdek
fenerbahçe beko canlı izle,EuroLeague,Basketbol,Lig,Kıta Üstü,Çekirdek,Erkek,Kulüp,Takım Sporu,Avrupa,Yabancı,Yok,TV+ Var,Yıllık,Sürekli Lig,Canlı İzle,İzleme,Takım,Jenerik,Türkçe,Body,Canlı İzle,Çekirdek,2900,LOW,4,,,,evet,,2900,5400,3600,2900,8100,3600,2400,1900,1900,390,70,90,hayır,Çekirdek
fenerbahçe beko transfer,EuroLeague,Basketbol,Lig,Kıta Üstü,Çekirdek,Erkek,Kulüp,Takım Sporu,Avrupa,Yabancı,Yok,TV+ Var,Yıllık,Sürekli Lig,Transfer,Bilgi,Takım,Jenerik,Türkçe,Body,Transfer,Çekirdek,14800,LOW,0,0.08,0.15,2.65,evet,,27100,6600,3600,1300,5400,40500,5400,5400,8100,22200,27100,49500,hayır,Çekirdek
anadolu efes,EuroLeague,Basketbol,Lig,Kıta Üstü,Çekirdek,Erkek,Kulüp,Takım Sporu,Avrupa,Yabancı,Yok,TV+ Var,Yıllık,Sürekli Lig,Takım Jenerik,Bilgi,Takım,Jenerik,İngilizce,Head,Takım Jenerik,Çekirdek,165000,LOW,2,0.58,0.18,1.22,evet,,165000,60500,110000,135000,165000,201000,246000,246000,301000,110000,33100,49500,hayır,Çekirdek
anadolu efes maçları,EuroLeague,Basketbol,Lig,Kıta Üstü,Çekirdek,Erkek,Kulüp,Takım Sporu,Avrupa,Yabancı,Yok,TV+ Var,Yıllık,Sürekli Lig,Takım Maç Sorgusu,Bilgi,Takım,Jenerik,Türkçe,Body,Takım Maç Sorgusu,Çekirdek,5400,LOW,16,0.18,0.05,0.21,evet,,1600,1900,4400,6600,6600,8100,8100,12100,9900,4400,720,390,hayır,Çekirdek
anadolu efes fikstür,EuroLeague,Basketbol,Lig,Kıta Üstü,Çekirdek,Erkek,Kulüp,Takım Sporu,Avrupa,Yabancı,Yok,TV+ Var,Yıllık,Sürekli Lig,Fikstür,Bilgi,Takım,Jenerik,Türkçe,Body,Fikstür,Çekirdek,880,LOW,5,,,,evet,,170,320,720,880,1000,1300,1300,1300,1900,1000,320,140,hayır,Çekirdek
anadolu efes puan durumu,EuroLeague,Basketbol,Lig,Kıta Üstü,Çekirdek,Erkek,Kulüp,Takım Sporu,Avrupa,Yabancı,Yok,TV+ Var,Yıllık,Sürekli Lig,Puan Durumu,Bilgi,Takım,Jenerik,İngilizce,Body,Puan Durumu,Çekirdek,90,LOW,0,,,,evet,,20,40,70,90,260,110,110,110,70,20,40,20,hayır,Çekirdek
anadolu efes kadrosu,EuroLeague,Basketbol,Lig,Kıta Üstü,Çekirdek,Erkek,Kulüp,Takım Sporu,Avrupa,Yabancı,Yok,TV+ Var,Yıllık,Sürekli Lig,Kadro,Bilgi,Takım,Jenerik,İngilizce,Body,Kadro,Çekirdek,1000,LOW,1,,,,evet,,720,480,480,590,720,1000,1000,1300,1900,4400,720,720,hayır,Çekirdek
anadolu efes canlı izle,EuroLeague,Basketbol,Lig,Kıta Üstü,Çekirdek,Erkek,Kulüp,Takım Sporu,Avrupa,Yabancı,Yok,TV+ Var,Yıllık,Sürekli Lig,Canlı İzle,İzleme,Takım,Jenerik,Türkçe,Body,Canlı İzle,Çekirdek,110,LOW,14,,,,evet,,90,20,50,50,110,140,170,260,390,140,10,10,hayır,Çekirdek
anadolu efes transfer,EuroLeague,Basketbol,Lig,Kıta Üstü,Çekirdek,Erkek,Kulüp,Takım Sporu,Avrupa,Yabancı,Yok,TV+ Var,Yıllık,Sürekli Lig,Transfer,Bilgi,Takım,Jenerik,İngilizce,Body,Transfer,Çekirdek,1600,LOW,1,2.47,0.4,4,evet,,2900,720,320,110,170,590,880,720,880,1900,2400,12100,hayır,Çekirdek
beşiktaş basketbol,EuroLeague,Basketbol,Lig,Kıta Üstü,Çekirdek,Erkek,Kulüp,Takım Sporu,Avrupa,Yabancı,Yok,TV+ Var,Yıllık,Sürekli Lig,Takım Jenerik,Bilgi,Takım,Jenerik,Türkçe,Head,Takım Jenerik,Çekirdek,110000,LOW,2,0.37,0.11,0.67,evet,,246000,110000,135000,74000,165000,165000,165000,110000,90500,60500,12100,22200,hayır,Çekirdek
beşiktaş basketbol maçları,EuroLeague,Basketbol,Lig,Kıta Üstü,Çekirdek,Erkek,Kulüp,Takım Sporu,Avrupa,Yabancı,Yok,TV+ Var,Yıllık,Sürekli Lig,Takım Maç Sorgusu,Bilgi,Takım,Jenerik,Türkçe,Body,Takım Maç Sorgusu,Çekirdek,33100,LOW,5,0.16,0.05,0.22,evet,,135000,40500,60500,27100,40500,40500,40500,22200,18100,9900,1300,1000,hayır,Çekirdek
beşiktaş basketbol fikstür,EuroLeague,Basketbol,Lig,Kıta Üstü,Çekirdek,Erkek,Kulüp,Takım Sporu,Avrupa,Yabancı,Yok,TV+ Var,Yıllık,Sürekli Lig,Fikstür,Bilgi,Takım,Jenerik,Türkçe,Body,Fikstür,Çekirdek,1000,LOW,4,,0.11,0.23,evet,,1000,1000,1300,1000,1000,1600,1900,1300,880,390,260,70,hayır,Çekirdek
beşiktaş basketbol puan durumu,EuroLeague,Basketbol,Lig,Kıta Üstü,Çekirdek,Erkek,Kulüp,Takım Sporu,Avrupa,Yabancı,Yok,TV+ Var,Yıllık,Sürekli Lig,Puan Durumu,Bilgi,Takım,Jenerik,Türkçe,Body,Puan Durumu,Çekirdek,880,LOW,0,,,,evet,,320,880,1000,880,2400,1300,1600,880,390,110,140,40,hayır,Çekirdek
beşiktaş basketbol kadrosu,EuroLeague,Basketbol,Lig,Kıta Üstü,Çekirdek,Erkek,Kulüp,Takım Sporu,Avrupa,Yabancı,Yok,TV+ Var,Yıllık,Sürekli Lig,Kadro,Bilgi,Takım,Jenerik,Türkçe,Body,Kadro,Çekirdek,590,LOW,1,,,,evet,,880,320,480,390,480,480,480,590,480,1000,320,320,hayır,Çekirdek
beşiktaş basketbol canlı izle,EuroLeague,Basketbol,Lig,Kıta Üstü,Çekirdek,Erkek,Kulüp,Takım Sporu,Avrupa,Yabancı,Yok,TV+ Var,Yıllık,Sürekli Lig,Canlı İzle,İzleme,Takım,Jenerik,Türkçe,Body,Canlı İzle,Çekirdek,140,LOW,0,,,,evet,,590,140,140,70,110,210,260,170,140,30,10,10,hayır,Çekirdek
beşiktaş basketbol transfer,EuroLeague,Basketbol,Lig,Kıta Üstü,Çekirdek,Erkek,Kulüp,Takım Sporu,Avrupa,Yabancı,Yok,TV+ Var,Yıllık,Sürekli Lig,Transfer,Bilgi,Takım,Jenerik,Türkçe,Body,Transfer,Çekirdek,880,LOW,0,,,,evet,,1900,110,90,70,170,720,260,170,170,390,480,1900,hayır,Çekirdek
real madrid basketbol,EuroLeague,Basketbol,Lig,Kıta Üstü,Çekirdek,Erkek,Kulüp,Takım Sporu,Avrupa,Yabancı,Yok,TV+ Var,Yıllık,Sürekli Lig,Takım Jenerik,Bilgi,Takım,Jenerik,İngilizce,Body,Takım Jenerik,Çekirdek,18100,LOW,1,0.25,0.16,0.74,evet,,9900,90500,22200,14800,18100,18100,14800,18100,22200,6600,1600,1900,hayır,Çekirdek
real madrid basketbol maçları,EuroLeague,Basketbol,Lig,Kıta Üstü,Çekirdek,Erkek,Kulüp,Takım Sporu,Avrupa,Yabancı,Yok,TV+ Var,Yıllık,Sürekli Lig,Takım Maç Sorgusu,Bilgi,Takım,Jenerik,Türkçe,Body,Takım Maç Sorgusu,Çekirdek,10,,,,,,evet,,10,50,0,0,0,0,0,0,0,0,0,0,hayır,Çekirdek
real madrid basketbol fikstür,EuroLeague,Basketbol,Lig,Kıta Üstü,Çekirdek,Erkek,Kulüp,Takım Sporu,Avrupa,Yabancı,Yok,TV+ Var,Yıllık,Sürekli Lig,Fikstür,Bilgi,Takım,Jenerik,Türkçe,Body,Fikstür,Çekirdek,10,LOW,0,,,,evet,,10,20,10,10,10,10,10,10,10,10,0,10,hayır,Çekirdek
real madrid basketbol puan durumu,EuroLeague,Basketbol,Lig,Kıta Üstü,Çekirdek,Erkek,Kulüp,Takım Sporu,Avrupa,Yabancı,Yok,TV+ Var,Yıllık,Sürekli Lig,Puan Durumu,Bilgi,Takım,Jenerik,İngilizce,Long-tail,Puan Durumu,Çekirdek,10,LOW,0,,,,evet,,10,10,10,10,10,10,10,0,10,10,10,0,hayır,Çekirdek
real madrid basketbol kadrosu,EuroLeague,Basketbol,Lig,Kıta Üstü,Çekirdek,Erkek,Kulüp,Takım Sporu,Avrupa,Yabancı,Yok,TV+ Var,Yıllık,Sürekli Lig,Kadro,Bilgi,Takım,Jenerik,İngilizce,Body,Kadro,Çekirdek,170,LOW,1,,,,evet,,90,480,170,90,90,110,170,210,260,260,50,70,hayır,Çekirdek
real madrid basketbol canlı izle,EuroLeague,Basketbol,Lig,Kıta Üstü,Çekirdek,Erkek,Kulüp,Takım Sporu,Avrupa,Yabancı,Yok,TV+ Var,Yıllık,Sürekli Lig,Canlı İzle,İzleme,Takım,Jenerik,Türkçe,Long-tail,Canlı İzle,Çekirdek,10,,,,,,evet,,10,50,10,10,10,0,0,10,10,10,0,0,hayır,Çekirdek
real madrid basketbol transfer,EuroLeague,Basketbol,Lig,Kıta Üstü,Çekirdek,Erkek,Kulüp,Takım Sporu,Avrupa,Yabancı,Yok,TV+ Var,Yıllık,Sürekli Lig,Transfer,Bilgi,Takım,Jenerik,İngilizce,Body,Transfer,Çekirdek,10,LOW,0,,,,evet,,10,10,10,10,10,10,10,10,20,30,10,30,hayır,Çekirdek
barcelona basketbol,EuroLeague,Basketbol,Lig,Kıta Üstü,Çekirdek,Erkek,Kulüp,Takım Sporu,Avrupa,Yabancı,Yok,TV+ Var,Yıllık,Sürekli Lig,Takım Jenerik,Bilgi,Takım,Jenerik,İngilizce,Head,Takım Jenerik,Çekirdek,1000,LOW,1,,,,evet,,1300,590,1300,880,1900,1000,1300,1600,1300,260,90,70,hayır,Çekirdek
barcelona basketbol maçları,EuroLeague,Basketbol,Lig,Kıta Üstü,Çekirdek,Erkek,Kulüp,Takım Sporu,Avrupa,Yabancı,Yok,TV+ Var,Yıllık,Sürekli Lig,Takım Maç Sorgusu,Bilgi,Takım,Jenerik,Türkçe,Body,Takım Maç Sorgusu,Çekirdek,,,,,,,hayir,,,,,,,,,,,,,,hayır,Çekirdek
barcelona basketbol fikstür,EuroLeague,Basketbol,Lig,Kıta Üstü,Çekirdek,Erkek,Kulüp,Takım Sporu,Avrupa,Yabancı,Yok,TV+ Var,Yıllık,Sürekli Lig,Fikstür,Bilgi,Takım,Jenerik,Türkçe,Body,Fikstür,Çekirdek,,,,,,,hayir,,,,,,,,,,,,,,hayır,Çekirdek
barcelona basketbol puan durumu,EuroLeague,Basketbol,Lig,Kıta Üstü,Çekirdek,Erkek,Kulüp,Takım Sporu,Avrupa,Yabancı,Yok,TV+ Var,Yıllık,Sürekli Lig,Puan Durumu,Bilgi,Takım,Jenerik,İngilizce,Body,Puan Durumu,Çekirdek,,,,,,,hayir,,,,,,,,,,,,,,hayır,Çekirdek
barcelona basketbol kadrosu,EuroLeague,Basketbol,Lig,Kıta Üstü,Çekirdek,Erkek,Kulüp,Takım Sporu,Avrupa,Yabancı,Yok,TV+ Var,Yıllık,Sürekli Lig,Kadro,Bilgi,Takım,Jenerik,İngilizce,Body,Kadro,Çekirdek,140,LOW,1,,,,evet,,50,40,70,70,170,90,260,260,210,210,90,70,hayır,Çekirdek
barcelona basketbol canlı izle,EuroLeague,Basketbol,Lig,Kıta Üstü,Çekirdek,Erkek,Kulüp,Takım Sporu,Avrupa,Yabancı,Yok,TV+ Var,Yıllık,Sürekli Lig,Canlı İzle,İzleme,Takım,Jenerik,Türkçe,Body,Canlı İzle,Çekirdek,10,,,,,,evet,,10,10,10,10,10,10,10,10,20,10,0,0,hayır,Çekirdek
barcelona basketbol transfer,EuroLeague,Basketbol,Lig,Kıta Üstü,Çekirdek,Erkek,Kulüp,Takım Sporu,Avrupa,Yabancı,Yok,TV+ Var,Yıllık,Sürekli Lig,Transfer,Bilgi,Takım,Jenerik,İngilizce,Body,Transfer,Çekirdek,10,LOW,2,1.23,,,evet,,10,10,10,10,0,10,0,0,0,10,10,20,hayır,Çekirdek
panathinaikos,EuroLeague,Basketbol,Lig,Kıta Üstü,Çekirdek,Erkek,Kulüp,Takım Sporu,Avrupa,Yabancı,Yok,TV+ Var,Yıllık,Sürekli Lig,Takım Jenerik,Bilgi,Takım,Jenerik,İngilizce,Head,Takım Jenerik,Çekirdek,60500,LOW,0,0.28,0.18,0.22,evet,,33100,74000,40500,49500,110000,74000,60500,33100,49500,33100,165000,22200,hayır,Çekirdek
panathinaikos maçları,EuroLeague,Basketbol,Lig,Kıta Üstü,Çekirdek,Erkek,Kulüp,Takım Sporu,Avrupa,Yabancı,Yok,TV+ Var,Yıllık,Sürekli Lig,Takım Maç Sorgusu,Bilgi,Takım,Jenerik,Türkçe,Head,Takım Maç Sorgusu,Çekirdek,1300,LOW,1,0.13,,,evet,,210,1300,880,2400,1900,1000,1000,880,1900,480,2400,590,hayır,Çekirdek
panathinaikos fikstür,EuroLeague,Basketbol,Lig,Kıta Üstü,Çekirdek,Erkek,Kulüp,Takım Sporu,Avrupa,Yabancı,Yok,TV+ Var,Yıllık,Sürekli Lig,Fikstür,Bilgi,Takım,Jenerik,Türkçe,Head,Fikstür,Çekirdek,40,LOW,0,,,,evet,,10,30,30,50,70,30,40,30,40,20,70,10,hayır,Çekirdek
panathinaikos puan durumu,EuroLeague,Basketbol,Lig,Kıta Üstü,Çekirdek,Erkek,Kulüp,Takım Sporu,Avrupa,Yabancı,Yok,TV+ Var,Yıllık,Sürekli Lig,Puan Durumu,Bilgi,Takım,Jenerik,İngilizce,Body,Puan Durumu,Çekirdek,1600,LOW,1,,,,evet,,90,2400,1600,4400,2900,880,720,1300,2900,390,1900,480,hayır,Çekirdek
panathinaikos kadrosu,EuroLeague,Basketbol,Lig,Kıta Üstü,Çekirdek,Erkek,Kulüp,Takım Sporu,Avrupa,Yabancı,Yok,TV+ Var,Yıllık,Sürekli Lig,Kadro,Bilgi,Takım,Jenerik,İngilizce,Head,Kadro,Çekirdek,260,LOW,0,,,,evet,,70,140,70,110,260,110,110,90,260,480,1300,210,hayır,Çekirdek
panathinaikos canlı izle,EuroLeague,Basketbol,Lig,Kıta Üstü,Çekirdek,Erkek,Kulüp,Takım Sporu,Avrupa,Yabancı,Yok,TV+ Var,Yıllık,Sürekli Lig,Canlı İzle,İzleme,Takım,Jenerik,Türkçe,Body,Canlı İzle,Çekirdek,50,LOW,0,,,,evet,,40,40,20,40,70,50,50,30,140,40,170,10,hayır,Çekirdek
panathinaikos transfer,EuroLeague,Basketbol,Lig,Kıta Üstü,Çekirdek,Erkek,Kulüp,Takım Sporu,Avrupa,Yabancı,Yok,TV+ Var,Yıllık,Sürekli Lig,Transfer,Bilgi,Takım,Jenerik,İngilizce,Head,Transfer,Çekirdek,70,LOW,0,,,,evet,,50,10,10,20,140,70,10,20,10,70,210,140,hayır,Çekirdek
olympiakos,EuroLeague,Basketbol,Lig,Kıta Üstü,Çekirdek,Erkek,Kulüp,Takım Sporu,Avrupa,Yabancı,Yok,TV+ Var,Yıllık,Sürekli Lig,Takım Jenerik,Bilgi,Takım,Jenerik,İngilizce,Head,Takım Jenerik,Çekirdek,40500,LOW,0,,,,evet,,14800,74000,18100,22200,60500,49500,60500,40500,27100,49500,33100,12100,hayır,Çekirdek
olympiakos maçları,EuroLeague,Basketbol,Lig,Kıta Üstü,Çekirdek,Erkek,Kulüp,Takım Sporu,Avrupa,Yabancı,Yok,TV+ Var,Yıllık,Sürekli Lig,Takım Maç Sorgusu,Bilgi,Takım,Jenerik,Türkçe,Head,Takım Maç Sorgusu,Çekirdek,4400,LOW,0,0.08,,,evet,,590,8100,1300,1600,5400,22200,8100,4400,3600,2400,1900,390,hayır,Çekirdek
olympiakos fikstür,EuroLeague,Basketbol,Lig,Kıta Üstü,Çekirdek,Erkek,Kulüp,Takım Sporu,Avrupa,Yabancı,Yok,TV+ Var,Yıllık,Sürekli Lig,Fikstür,Bilgi,Takım,Jenerik,Türkçe,Head,Fikstür,Çekirdek,50,LOW,0,,,,evet,,10,50,20,30,50,170,90,50,30,50,50,10,hayır,Çekirdek
olympiakos puan durumu,EuroLeague,Basketbol,Lig,Kıta Üstü,Çekirdek,Erkek,Kulüp,Takım Sporu,Avrupa,Yabancı,Yok,TV+ Var,Yıllık,Sürekli Lig,Puan Durumu,Bilgi,Takım,Jenerik,İngilizce,Body,Puan Durumu,Çekirdek,9900,LOW,0,,,,evet,,1300,33100,4400,4400,9900,27100,9900,8100,6600,4400,4400,1000,hayır,Çekirdek
olympiakos kadrosu,EuroLeague,Basketbol,Lig,Kıta Üstü,Çekirdek,Erkek,Kulüp,Takım Sporu,Avrupa,Yabancı,Yok,TV+ Var,Yıllık,Sürekli Lig,Kadro,Bilgi,Takım,Jenerik,İngilizce,Head,Kadro,Çekirdek,260,LOW,0,,,,evet,,110,590,90,170,210,320,170,260,260,210,320,140,hayır,Çekirdek
olympiakos canlı izle,EuroLeague,Basketbol,Lig,Kıta Üstü,Çekirdek,Erkek,Kulüp,Takım Sporu,Avrupa,Yabancı,Yok,TV+ Var,Yıllık,Sürekli Lig,Canlı İzle,İzleme,Takım,Jenerik,Türkçe,Body,Canlı İzle,Çekirdek,20,LOW,12,,,,evet,,10,20,20,20,70,10,30,10,10,20,10,10,hayır,Çekirdek
olympiakos transfer,EuroLeague,Basketbol,Lig,Kıta Üstü,Çekirdek,Erkek,Kulüp,Takım Sporu,Avrupa,Yabancı,Yok,TV+ Var,Yıllık,Sürekli Lig,Transfer,Bilgi,Takım,Jenerik,İngilizce,Head,Transfer,Çekirdek,20,LOW,0,,,,evet,,30,10,10,20,20,40,10,10,10,20,20,10,hayır,Çekirdek
maccabi tel aviv,EuroLeague,Basketbol,Lig,Kıta Üstü,Çekirdek,Erkek,Kulüp,Takım Sporu,Avrupa,Yabancı,Yok,TV+ Var,Yıllık,Sürekli Lig,Takım Jenerik,Bilgi,Takım,Jenerik,İngilizce,Body,Takım Jenerik,Çekirdek,22200,LOW,0,,,,evet,,2900,8100,8100,14800,14800,74000,22200,33100,33100,18100,12100,8100,hayır,Çekirdek
maccabi tel aviv maçları,EuroLeague,Basketbol,Lig,Kıta Üstü,Çekirdek,Erkek,Kulüp,Takım Sporu,Avrupa,Yabancı,Yok,TV+ Var,Yıllık,Sürekli Lig,Takım Maç Sorgusu,Bilgi,Takım,Jenerik,Türkçe,Body,Takım Maç Sorgusu,Çekirdek,390,LOW,0,,,,evet,,70,320,260,480,480,2400,30,30,50,10,40,70,hayır,Çekirdek
maccabi tel aviv fikstür,EuroLeague,Basketbol,Lig,Kıta Üstü,Çekirdek,Erkek,Kulüp,Takım Sporu,Avrupa,Yabancı,Yok,TV+ Var,Yıllık,Sürekli Lig,Fikstür,Bilgi,Takım,Jenerik,Türkçe,Body,Fikstür,Çekirdek,10,LOW,0,,,,evet,,10,0,10,10,10,10,10,10,10,10,10,10,hayır,Çekirdek
maccabi tel aviv puan durumu,EuroLeague,Basketbol,Lig,Kıta Üstü,Çekirdek,Erkek,Kulüp,Takım Sporu,Avrupa,Yabancı,Yok,TV+ Var,Yıllık,Sürekli Lig,Puan Durumu,Bilgi,Takım,Jenerik,İngilizce,Long-tail,Puan Durumu,Çekirdek,10,,,,,,evet,,10,10,10,10,10,0,10,10,10,10,10,10,hayır,Çekirdek
maccabi tel aviv kadrosu,EuroLeague,Basketbol,Lig,Kıta Üstü,Çekirdek,Erkek,Kulüp,Takım Sporu,Avrupa,Yabancı,Yok,TV+ Var,Yıllık,Sürekli Lig,Kadro,Bilgi,Takım,Jenerik,İngilizce,Body,Kadro,Çekirdek,10,LOW,0,,,,evet,,10,10,10,20,10,10,20,30,20,30,10,10,hayır,Çekirdek
maccabi tel aviv canlı izle,EuroLeague,Basketbol,Lig,Kıta Üstü,Çekirdek,Erkek,Kulüp,Takım Sporu,Avrupa,Yabancı,Yok,TV+ Var,Yıllık,Sürekli Lig,Canlı İzle,İzleme,Takım,Jenerik,Türkçe,Long-tail,Canlı İzle,Çekirdek,50,LOW,10,,,,evet,,20,10,50,390,50,40,20,20,30,20,10,10,hayır,Çekirdek
maccabi tel aviv transfer,EuroLeague,Basketbol,Lig,Kıta Üstü,Çekirdek,Erkek,Kulüp,Takım Sporu,Avrupa,Yabancı,Yok,TV+ Var,Yıllık,Sürekli Lig,Transfer,Bilgi,Takım,Jenerik,İngilizce,Body,Transfer,Çekirdek,10,LOW,0,,,,evet,,10,10,0,0,0,0,0,0,10,10,10,10,hayır,Çekirdek
zalgiris,EuroLeague,Basketbol,Lig,Kıta Üstü,Çekirdek,Erkek,Kulüp,Takım Sporu,Avrupa,Yabancı,Yok,TV+ Var,Yıllık,Sürekli Lig,Takım Jenerik,Bilgi,Takım,Jenerik,İngilizce,Head,Takım Jenerik,Çekirdek,9900,LOW,1,,0.09,0.23,evet,,2400,40500,22200,12100,8100,4400,6600,6600,22200,1600,2400,3600,hayır,Çekirdek
zalgiris maçları,EuroLeague,Basketbol,Lig,Kıta Üstü,Çekirdek,Erkek,Kulüp,Takım Sporu,Avrupa,Yabancı,Yok,TV+ Var,Yıllık,Sürekli Lig,Takım Maç Sorgusu,Bilgi,Takım,Jenerik,Türkçe,Head,Takım Maç Sorgusu,Çekirdek,10,LOW,10,,,,evet,,0,10,10,10,10,10,0,50,10,10,10,0,hayır,Çekirdek
zalgiris fikstür,EuroLeague,Basketbol,Lig,Kıta Üstü,Çekirdek,Erkek,Kulüp,Takım Sporu,Avrupa,Yabancı,Yok,TV+ Var,Yıllık,Sürekli Lig,Fikstür,Bilgi,Takım,Jenerik,Türkçe,Head,Fikstür,Çekirdek,,,,,,,hayir,,,,,,,,,,,,,,hayır,Çekirdek
zalgiris puan durumu,EuroLeague,Basketbol,Lig,Kıta Üstü,Çekirdek,Erkek,Kulüp,Takım Sporu,Avrupa,Yabancı,Yok,TV+ Var,Yıllık,Sürekli Lig,Puan Durumu,Bilgi,Takım,Jenerik,İngilizce,Body,Puan Durumu,Çekirdek,10,LOW,2,,,,evet,,10,20,20,10,10,10,10,10,10,10,20,30,hayır,Çekirdek
zalgiris kadrosu,EuroLeague,Basketbol,Lig,Kıta Üstü,Çekirdek,Erkek,Kulüp,Takım Sporu,Avrupa,Yabancı,Yok,TV+ Var,Yıllık,Sürekli Lig,Kadro,Bilgi,Takım,Jenerik,İngilizce,Head,Kadro,Çekirdek,10,LOW,0,,,,evet,,10,10,10,10,10,10,10,10,20,10,10,0,hayır,Çekirdek
zalgiris canlı izle,EuroLeague,Basketbol,Lig,Kıta Üstü,Çekirdek,Erkek,Kulüp,Takım Sporu,Avrupa,Yabancı,Yok,TV+ Var,Yıllık,Sürekli Lig,Canlı İzle,İzleme,Takım,Jenerik,Türkçe,Body,Canlı İzle,Çekirdek,10,LOW,0,,,,evet,,10,10,10,10,10,0,10,10,10,10,0,10,hayır,Çekirdek
zalgiris transfer,EuroLeague,Basketbol,Lig,Kıta Üstü,Çekirdek,Erkek,Kulüp,Takım Sporu,Avrupa,Yabancı,Yok,TV+ Var,Yıllık,Sürekli Lig,Transfer,Bilgi,Takım,Jenerik,İngilizce,Head,Transfer,Çekirdek,10,LOW,0,,,,evet,,10,10,10,0,10,0,10,0,10,10,0,0,hayır,Çekirdek
partizan,EuroLeague,Basketbol,Lig,Kıta Üstü,Çekirdek,Erkek,Kulüp,Takım Sporu,Avrupa,Yabancı,Yok,TV+ Var,Yıllık,Sürekli Lig,Takım Jenerik,Bilgi,Takım,Jenerik,İngilizce,Head,Takım Jenerik,Çekirdek,9900,LOW,0,0.05,0.03,0.12,evet,,2900,5400,6600,5400,14800,5400,8100,22200,9900,5400,18100,14800,hayır,Çekirdek
partizan maçları,EuroLeague,Basketbol,Lig,Kıta Üstü,Çekirdek,Erkek,Kulüp,Takım Sporu,Avrupa,Yabancı,Yok,TV+ Var,Yıllık,Sürekli Lig,Takım Maç Sorgusu,Bilgi,Takım,Jenerik,Türkçe,Head,Takım Maç Sorgusu,Çekirdek,90,LOW,0,,,,evet,,30,110,170,90,210,20,140,70,50,10,20,10,hayır,Çekirdek
partizan fikstür,EuroLeague,Basketbol,Lig,Kıta Üstü,Çekirdek,Erkek,Kulüp,Takım Sporu,Avrupa,Yabancı,Yok,TV+ Var,Yıllık,Sürekli Lig,Fikstür,Bilgi,Takım,Jenerik,Türkçe,Head,Fikstür,Çekirdek,10,LOW,0,,,,evet,,10,10,10,10,20,20,10,10,10,10,20,20,hayır,Çekirdek
partizan puan durumu,EuroLeague,Basketbol,Lig,Kıta Üstü,Çekirdek,Erkek,Kulüp,Takım Sporu,Avrupa,Yabancı,Yok,TV+ Var,Yıllık,Sürekli Lig,Puan Durumu,Bilgi,Takım,Jenerik,İngilizce,Body,Puan Durumu,Çekirdek,70,LOW,0,,,,evet,,40,90,90,90,70,70,50,90,70,40,140,110,hayır,Çekirdek
partizan kadrosu,EuroLeague,Basketbol,Lig,Kıta Üstü,Çekirdek,Erkek,Kulüp,Takım Sporu,Avrupa,Yabancı,Yok,TV+ Var,Yıllık,Sürekli Lig,Kadro,Bilgi,Takım,Jenerik,İngilizce,Head,Kadro,Çekirdek,30,LOW,0,,,,evet,,10,20,20,20,40,30,30,50,40,30,40,30,hayır,Çekirdek
partizan canlı izle,EuroLeague,Basketbol,Lig,Kıta Üstü,Çekirdek,Erkek,Kulüp,Takım Sporu,Avrupa,Yabancı,Yok,TV+ Var,Yıllık,Sürekli Lig,Canlı İzle,İzleme,Takım,Jenerik,Türkçe,Body,Canlı İzle,Çekirdek,10,LOW,24,0.18,,,evet,,10,0,10,10,10,10,10,10,10,10,10,10,hayır,Çekirdek
partizan transfer,EuroLeague,Basketbol,Lig,Kıta Üstü,Çekirdek,Erkek,Kulüp,Takım Sporu,Avrupa,Yabancı,Yok,TV+ Var,Yıllık,Sürekli Lig,Transfer,Bilgi,Takım,Jenerik,İngilizce,Head,Transfer,Çekirdek,10,LOW,0,,,,evet,,10,10,10,10,10,10,10,10,10,10,10,10,hayır,Çekirdek
crvena zvezda,EuroLeague,Basketbol,Lig,Kıta Üstü,Çekirdek,Erkek,Kulüp,Takım Sporu,Avrupa,Yabancı,Yok,TV+ Var,Yıllık,Sürekli Lig,Takım Jenerik,Bilgi,Takım,Jenerik,İngilizce,Head,Takım Jenerik,Çekirdek,1600,LOW,2,0.22,0.03,1,evet,,1000,1000,880,1300,1600,1300,1600,1600,1900,1600,4400,1600,hayır,Çekirdek
crvena zvezda maçları,EuroLeague,Basketbol,Lig,Kıta Üstü,Çekirdek,Erkek,Kulüp,Takım Sporu,Avrupa,Yabancı,Yok,TV+ Var,Yıllık,Sürekli Lig,Takım Maç Sorgusu,Bilgi,Takım,Jenerik,Türkçe,Body,Takım Maç Sorgusu,Çekirdek,,,,,,,hayir,,,,,,,,,,,,,,hayır,Çekirdek
crvena zvezda fikstür,EuroLeague,Basketbol,Lig,Kıta Üstü,Çekirdek,Erkek,Kulüp,Takım Sporu,Avrupa,Yabancı,Yok,TV+ Var,Yıllık,Sürekli Lig,Fikstür,Bilgi,Takım,Jenerik,Türkçe,Body,Fikstür,Çekirdek,,,,,,,hayir,,,,,,,,,,,,,,hayır,Çekirdek
crvena zvezda puan durumu,EuroLeague,Basketbol,Lig,Kıta Üstü,Çekirdek,Erkek,Kulüp,Takım Sporu,Avrupa,Yabancı,Yok,TV+ Var,Yıllık,Sürekli Lig,Puan Durumu,Bilgi,Takım,Jenerik,İngilizce,Body,Puan Durumu,Çekirdek,,,,,,,hayir,,,,,,,,,,,,,,hayır,Çekirdek
crvena zvezda kadrosu,EuroLeague,Basketbol,Lig,Kıta Üstü,Çekirdek,Erkek,Kulüp,Takım Sporu,Avrupa,Yabancı,Yok,TV+ Var,Yıllık,Sürekli Lig,Kadro,Bilgi,Takım,Jenerik,İngilizce,Body,Kadro,Çekirdek,,,,,,,hayir,,,,,,,,,,,,,,hayır,Çekirdek
crvena zvezda canlı izle,EuroLeague,Basketbol,Lig,Kıta Üstü,Çekirdek,Erkek,Kulüp,Takım Sporu,Avrupa,Yabancı,Yok,TV+ Var,Yıllık,Sürekli Lig,Canlı İzle,İzleme,Takım,Jenerik,Türkçe,Body,Canlı İzle,Çekirdek,,,,,,,hayir,,,,,,,,,,,,,,hayır,Çekirdek
crvena zvezda transfer,EuroLeague,Basketbol,Lig,Kıta Üstü,Çekirdek,Erkek,Kulüp,Takım Sporu,Avrupa,Yabancı,Yok,TV+ Var,Yıllık,Sürekli Lig,Transfer,Bilgi,Takım,Jenerik,İngilizce,Body,Transfer,Çekirdek,10,LOW,0,,,,evet,,0,0,0,10,0,0,0,0,10,0,10,10,hayır,Çekirdek
virtus bologna,EuroLeague,Basketbol,Lig,Kıta Üstü,Çekirdek,Erkek,Kulüp,Takım Sporu,Avrupa,Yabancı,Yok,TV+ Var,Yıllık,Sürekli Lig,Takım Jenerik,Bilgi,Takım,Jenerik,İngilizce,Head,Takım Jenerik,Çekirdek,2400,LOW,0,,,,evet,,1600,2400,2400,1900,2900,5400,4400,4400,5400,1000,480,720,hayır,Çekirdek
virtus bologna maçları,EuroLeague,Basketbol,Lig,Kıta Üstü,Çekirdek,Erkek,Kulüp,Takım Sporu,Avrupa,Yabancı,Yok,TV+ Var,Yıllık,Sürekli Lig,Takım Maç Sorgusu,Bilgi,Takım,Jenerik,Türkçe,Body,Takım Maç Sorgusu,Çekirdek,,,,,,,hayir,,,,,,,,,,,,,,hayır,Çekirdek
virtus bologna fikstür,EuroLeague,Basketbol,Lig,Kıta Üstü,Çekirdek,Erkek,Kulüp,Takım Sporu,Avrupa,Yabancı,Yok,TV+ Var,Yıllık,Sürekli Lig,Fikstür,Bilgi,Takım,Jenerik,Türkçe,Body,Fikstür,Çekirdek,,,,,,,hayir,,,,,,,,,,,,,,hayır,Çekirdek
virtus bologna puan durumu,EuroLeague,Basketbol,Lig,Kıta Üstü,Çekirdek,Erkek,Kulüp,Takım Sporu,Avrupa,Yabancı,Yok,TV+ Var,Yıllık,Sürekli Lig,Puan Durumu,Bilgi,Takım,Jenerik,İngilizce,Body,Puan Durumu,Çekirdek,10,LOW,0,,,,evet,,10,10,0,10,10,10,0,10,10,0,0,10,hayır,Çekirdek
virtus bologna kadrosu,EuroLeague,Basketbol,Lig,Kıta Üstü,Çekirdek,Erkek,Kulüp,Takım Sporu,Avrupa,Yabancı,Yok,TV+ Var,Yıllık,Sürekli Lig,Kadro,Bilgi,Takım,Jenerik,İngilizce,Body,Kadro,Çekirdek,10,LOW,0,,,,evet,,0,10,10,10,10,20,10,10,10,10,0,0,hayır,Çekirdek
virtus bologna canlı izle,EuroLeague,Basketbol,Lig,Kıta Üstü,Çekirdek,Erkek,Kulüp,Takım Sporu,Avrupa,Yabancı,Yok,TV+ Var,Yıllık,Sürekli Lig,Canlı İzle,İzleme,Takım,Jenerik,Türkçe,Body,Canlı İzle,Çekirdek,10,,,,,,evet,,10,0,10,0,10,10,10,10,10,0,10,0,hayır,Çekirdek
virtus bologna transfer,EuroLeague,Basketbol,Lig,Kıta Üstü,Çekirdek,Erkek,Kulüp,Takım Sporu,Avrupa,Yabancı,Yok,TV+ Var,Yıllık,Sürekli Lig,Transfer,Bilgi,Takım,Jenerik,İngilizce,Body,Transfer,Çekirdek,10,LOW,0,,,,evet,,10,0,0,0,0,10,0,10,0,10,0,10,hayır,Çekirdek
olimpia milano,EuroLeague,Basketbol,Lig,Kıta Üstü,Çekirdek,Erkek,Kulüp,Takım Sporu,Avrupa,Yabancı,Yok,TV+ Var,Yıllık,Sürekli Lig,Takım Jenerik,Bilgi,Takım,Jenerik,İngilizce,Head,Takım Jenerik,Çekirdek,3600,LOW,2,0.47,0.09,0.42,evet,,4400,2900,1900,4400,3600,3600,4400,8100,4400,1900,480,1000,hayır,Çekirdek
olimpia milano maçları,EuroLeague,Basketbol,Lig,Kıta Üstü,Çekirdek,Erkek,Kulüp,Takım Sporu,Avrupa,Yabancı,Yok,TV+ Var,Yıllık,Sürekli Lig,Takım Maç Sorgusu,Bilgi,Takım,Jenerik,Türkçe,Body,Takım Maç Sorgusu,Çekirdek,,,,,,,hayir,,,,,,,,,,,,,,hayır,Çekirdek
olimpia milano fikstür,EuroLeague,Basketbol,Lig,Kıta Üstü,Çekirdek,Erkek,Kulüp,Takım Sporu,Avrupa,Yabancı,Yok,TV+ Var,Yıllık,Sürekli Lig,Fikstür,Bilgi,Takım,Jenerik,Türkçe,Body,Fikstür,Çekirdek,,,,,,,hayir,,,,,,,,,,,,,,hayır,Çekirdek
olimpia milano puan durumu,EuroLeague,Basketbol,Lig,Kıta Üstü,Çekirdek,Erkek,Kulüp,Takım Sporu,Avrupa,Yabancı,Yok,TV+ Var,Yıllık,Sürekli Lig,Puan Durumu,Bilgi,Takım,Jenerik,İngilizce,Body,Puan Durumu,Çekirdek,,,,,,,hayir,,,,,,,,,,,,,,hayır,Çekirdek
olimpia milano kadrosu,EuroLeague,Basketbol,Lig,Kıta Üstü,Çekirdek,Erkek,Kulüp,Takım Sporu,Avrupa,Yabancı,Yok,TV+ Var,Yıllık,Sürekli Lig,Kadro,Bilgi,Takım,Jenerik,İngilizce,Body,Kadro,Çekirdek,,,,,,,hayir,,,,,,,,,,,,,,hayır,Çekirdek
olimpia milano canlı izle,EuroLeague,Basketbol,Lig,Kıta Üstü,Çekirdek,Erkek,Kulüp,Takım Sporu,Avrupa,Yabancı,Yok,TV+ Var,Yıllık,Sürekli Lig,Canlı İzle,İzleme,Takım,Jenerik,Türkçe,Body,Canlı İzle,Çekirdek,10,,,,,,evet,,10,10,0,10,10,10,0,10,10,10,0,0,hayır,Çekirdek
olimpia milano transfer,EuroLeague,Basketbol,Lig,Kıta Üstü,Çekirdek,Erkek,Kulüp,Takım Sporu,Avrupa,Yabancı,Yok,TV+ Var,Yıllık,Sürekli Lig,Transfer,Bilgi,Takım,Jenerik,İngilizce,Body,Transfer,Çekirdek,10,LOW,0,,,,evet,,10,10,10,10,0,0,10,0,0,10,10,40,hayır,Çekirdek
asvel,EuroLeague,Basketbol,Lig,Kıta Üstü,Çekirdek,Erkek,Kulüp,Takım Sporu,Avrupa,Yabancı,Yok,TV+ Var,Yıllık,Sürekli Lig,Takım Jenerik,Bilgi,Takım,Jenerik,İngilizce,Head,Takım Jenerik,Çekirdek,2400,LOW,1,,,,evet,,590,1900,2400,2400,2900,5400,4400,6600,4400,390,170,210,hayır,Çekirdek
asvel maçları,EuroLeague,Basketbol,Lig,Kıta Üstü,Çekirdek,Erkek,Kulüp,Takım Sporu,Avrupa,Yabancı,Yok,TV+ Var,Yıllık,Sürekli Lig,Takım Maç Sorgusu,Bilgi,Takım,Jenerik,Türkçe,Head,Takım Maç Sorgusu,Çekirdek,,,,,,,hayir,,,,,,,,,,,,,,hayır,Çekirdek
asvel fikstür,EuroLeague,Basketbol,Lig,Kıta Üstü,Çekirdek,Erkek,Kulüp,Takım Sporu,Avrupa,Yabancı,Yok,TV+ Var,Yıllık,Sürekli Lig,Fikstür,Bilgi,Takım,Jenerik,Türkçe,Head,Fikstür,Çekirdek,,,,,,,hayir,,,,,,,,,,,,,,hayır,Çekirdek
asvel puan durumu,EuroLeague,Basketbol,Lig,Kıta Üstü,Çekirdek,Erkek,Kulüp,Takım Sporu,Avrupa,Yabancı,Yok,TV+ Var,Yıllık,Sürekli Lig,Puan Durumu,Bilgi,Takım,Jenerik,İngilizce,Body,Puan Durumu,Çekirdek,,,,,,,hayir,,,,,,,,,,,,,,hayır,Çekirdek
asvel kadrosu,EuroLeague,Basketbol,Lig,Kıta Üstü,Çekirdek,Erkek,Kulüp,Takım Sporu,Avrupa,Yabancı,Yok,TV+ Var,Yıllık,Sürekli Lig,Kadro,Bilgi,Takım,Jenerik,İngilizce,Head,Kadro,Çekirdek,,,,,,,hayir,,,,,,,,,,,,,,hayır,Çekirdek
asvel canlı izle,EuroLeague,Basketbol,Lig,Kıta Üstü,Çekirdek,Erkek,Kulüp,Takım Sporu,Avrupa,Yabancı,Yok,TV+ Var,Yıllık,Sürekli Lig,Canlı İzle,İzleme,Takım,Jenerik,Türkçe,Body,Canlı İzle,Çekirdek,,,,,,,hayir,,,,,,,,,,,,,,hayır,Çekirdek
asvel transfer,EuroLeague,Basketbol,Lig,Kıta Üstü,Çekirdek,Erkek,Kulüp,Takım Sporu,Avrupa,Yabancı,Yok,TV+ Var,Yıllık,Sürekli Lig,Transfer,Bilgi,Takım,Jenerik,İngilizce,Head,Transfer,Çekirdek,10,LOW,0,,,,evet,,40,0,0,0,0,0,0,0,0,0,0,0,hayır,Çekirdek
baskonia,EuroLeague,Basketbol,Lig,Kıta Üstü,Çekirdek,Erkek,Kulüp,Takım Sporu,Avrupa,Yabancı,Yok,TV+ Var,Yıllık,Sürekli Lig,Takım Jenerik,Bilgi,Takım,Jenerik,İngilizce,Head,Takım Jenerik,Çekirdek,5400,LOW,0,,,,evet,,3600,2400,6600,5400,3600,18100,6600,5400,8100,880,320,390,hayır,Çekirdek
baskonia maçları,EuroLeague,Basketbol,Lig,Kıta Üstü,Çekirdek,Erkek,Kulüp,Takım Sporu,Avrupa,Yabancı,Yok,TV+ Var,Yıllık,Sürekli Lig,Takım Maç Sorgusu,Bilgi,Takım,Jenerik,Türkçe,Head,Takım Maç Sorgusu,Çekirdek,,,,,,,hayir,,,,,,,,,,,,,,hayır,Çekirdek
baskonia fikstür,EuroLeague,Basketbol,Lig,Kıta Üstü,Çekirdek,Erkek,Kulüp,Takım Sporu,Avrupa,Yabancı,Yok,TV+ Var,Yıllık,Sürekli Lig,Fikstür,Bilgi,Takım,Jenerik,Türkçe,Head,Fikstür,Çekirdek,,,,,,,hayir,,,,,,,,,,,,,,hayır,Çekirdek
baskonia puan durumu,EuroLeague,Basketbol,Lig,Kıta Üstü,Çekirdek,Erkek,Kulüp,Takım Sporu,Avrupa,Yabancı,Yok,TV+ Var,Yıllık,Sürekli Lig,Puan Durumu,Bilgi,Takım,Jenerik,İngilizce,Body,Puan Durumu,Çekirdek,10,LOW,0,,,,evet,,10,10,0,10,10,40,10,10,10,0,0,0,hayır,Çekirdek
baskonia kadrosu,EuroLeague,Basketbol,Lig,Kıta Üstü,Çekirdek,Erkek,Kulüp,Takım Sporu,Avrupa,Yabancı,Yok,TV+ Var,Yıllık,Sürekli Lig,Kadro,Bilgi,Takım,Jenerik,İngilizce,Head,Kadro,Çekirdek,,,,,,,hayir,,,,,,,,,,,,,,hayır,Çekirdek
baskonia canlı izle,EuroLeague,Basketbol,Lig,Kıta Üstü,Çekirdek,Erkek,Kulüp,Takım Sporu,Avrupa,Yabancı,Yok,TV+ Var,Yıllık,Sürekli Lig,Canlı İzle,İzleme,Takım,Jenerik,Türkçe,Body,Canlı İzle,Çekirdek,,,,,,,hayir,,,,,,,,,,,,,,hayır,Çekirdek
baskonia transfer,EuroLeague,Basketbol,Lig,Kıta Üstü,Çekirdek,Erkek,Kulüp,Takım Sporu,Avrupa,Yabancı,Yok,TV+ Var,Yıllık,Sürekli Lig,Transfer,Bilgi,Takım,Jenerik,İngilizce,Head,Transfer,Çekirdek,,,,,,,hayir,,,,,,,,,,,,,,hayır,Çekirdek
bayern münih basketbol,EuroLeague,Basketbol,Lig,Kıta Üstü,Çekirdek,Erkek,Kulüp,Takım Sporu,Avrupa,Yabancı,Yok,TV+ Var,Yıllık,Sürekli Lig,Takım Jenerik,Bilgi,Takım,Jenerik,Türkçe,Body,Takım Jenerik,Çekirdek,590,LOW,1,,,,evet,,590,480,590,390,390,480,720,880,1600,170,40,30,hayır,Çekirdek
bayern münih basketbol maçları,EuroLeague,Basketbol,Lig,Kıta Üstü,Çekirdek,Erkek,Kulüp,Takım Sporu,Avrupa,Yabancı,Yok,TV+ Var,Yıllık,Sürekli Lig,Takım Maç Sorgusu,Bilgi,Takım,Jenerik,Türkçe,Body,Takım Maç Sorgusu,Çekirdek,,,,,,,hayir,,,,,,,,,,,,,,hayır,Çekirdek
bayern münih basketbol fikstür,EuroLeague,Basketbol,Lig,Kıta Üstü,Çekirdek,Erkek,Kulüp,Takım Sporu,Avrupa,Yabancı,Yok,TV+ Var,Yıllık,Sürekli Lig,Fikstür,Bilgi,Takım,Jenerik,Türkçe,Body,Fikstür,Çekirdek,,,,,,,hayir,,,,,,,,,,,,,,hayır,Çekirdek
bayern münih basketbol puan durumu,EuroLeague,Basketbol,Lig,Kıta Üstü,Çekirdek,Erkek,Kulüp,Takım Sporu,Avrupa,Yabancı,Yok,TV+ Var,Yıllık,Sürekli Lig,Puan Durumu,Bilgi,Takım,Jenerik,Türkçe,Long-tail,Puan Durumu,Çekirdek,10,,,,,,evet,,0,10,10,0,10,10,10,10,10,0,0,10,hayır,Çekirdek
bayern münih basketbol kadrosu,EuroLeague,Basketbol,Lig,Kıta Üstü,Çekirdek,Erkek,Kulüp,Takım Sporu,Avrupa,Yabancı,Yok,TV+ Var,Yıllık,Sürekli Lig,Kadro,Bilgi,Takım,Jenerik,Türkçe,Body,Kadro,Çekirdek,30,LOW,0,,,,evet,,10,10,10,10,10,10,10,50,140,50,20,10,hayır,Çekirdek
bayern münih basketbol canlı izle,EuroLeague,Basketbol,Lig,Kıta Üstü,Çekirdek,Erkek,Kulüp,Takım Sporu,Avrupa,Yabancı,Yok,TV+ Var,Yıllık,Sürekli Lig,Canlı İzle,İzleme,Takım,Jenerik,Türkçe,Long-tail,Canlı İzle,Çekirdek,10,,,,,,evet,,20,10,10,10,10,10,10,10,10,10,0,0,hayır,Çekirdek
bayern münih basketbol transfer,EuroLeague,Basketbol,Lig,Kıta Üstü,Çekirdek,Erkek,Kulüp,Takım Sporu,Avrupa,Yabancı,Yok,TV+ Var,Yıllık,Sürekli Lig,Transfer,Bilgi,Takım,Jenerik,Türkçe,Body,Transfer,Çekirdek,10,LOW,0,,,,evet,,0,0,0,0,0,0,0,0,10,0,0,10,hayır,Çekirdek
paris basketball,EuroLeague,Basketbol,Lig,Kıta Üstü,Çekirdek,Erkek,Kulüp,Takım Sporu,Avrupa,Yabancı,Yok,TV+ Var,Yıllık,Sürekli Lig,Takım Jenerik,Bilgi,Takım,Jenerik,İngilizce,Head,Takım Jenerik,Çekirdek,9900,LOW,2,0.27,,,evet,,14800,6600,6600,9900,18100,12100,12100,12100,27100,4400,590,2400,hayır,Çekirdek
paris basketball maçları,EuroLeague,Basketbol,Lig,Kıta Üstü,Çekirdek,Erkek,Kulüp,Takım Sporu,Avrupa,Yabancı,Yok,TV+ Var,Yıllık,Sürekli Lig,Takım Maç Sorgusu,Bilgi,Takım,Jenerik,Türkçe,Body,Takım Maç Sorgusu,Çekirdek,,,,,,,hayir,,,,,,,,,,,,,,hayır,Çekirdek
paris basketball fikstür,EuroLeague,Basketbol,Lig,Kıta Üstü,Çekirdek,Erkek,Kulüp,Takım Sporu,Avrupa,Yabancı,Yok,TV+ Var,Yıllık,Sürekli Lig,Fikstür,Bilgi,Takım,Jenerik,Türkçe,Body,Fikstür,Çekirdek,,,,,,,hayir,,,,,,,,,,,,,,hayır,Çekirdek
paris basketball puan durumu,EuroLeague,Basketbol,Lig,Kıta Üstü,Çekirdek,Erkek,Kulüp,Takım Sporu,Avrupa,Yabancı,Yok,TV+ Var,Yıllık,Sürekli Lig,Puan Durumu,Bilgi,Takım,Jenerik,İngilizce,Body,Puan Durumu,Çekirdek,,,,,,,hayir,,,,,,,,,,,,,,hayır,Çekirdek
paris basketball kadrosu,EuroLeague,Basketbol,Lig,Kıta Üstü,Çekirdek,Erkek,Kulüp,Takım Sporu,Avrupa,Yabancı,Yok,TV+ Var,Yıllık,Sürekli Lig,Kadro,Bilgi,Takım,Jenerik,İngilizce,Body,Kadro,Çekirdek,10,,,,,,evet,,0,0,0,10,10,10,0,0,10,0,0,0,hayır,Çekirdek
paris basketball canlı izle,EuroLeague,Basketbol,Lig,Kıta Üstü,Çekirdek,Erkek,Kulüp,Takım Sporu,Avrupa,Yabancı,Yok,TV+ Var,Yıllık,Sürekli Lig,Canlı İzle,İzleme,Takım,Jenerik,Türkçe,Body,Canlı İzle,Çekirdek,,,,,,,hayir,,,,,,,,,,,,,,hayır,Çekirdek
paris basketball transfer,EuroLeague,Basketbol,Lig,Kıta Üstü,Çekirdek,Erkek,Kulüp,Takım Sporu,Avrupa,Yabancı,Yok,TV+ Var,Yıllık,Sürekli Lig,Transfer,Bilgi,Takım,Jenerik,İngilizce,Body,Transfer,Çekirdek,,,,,,,hayir,,,,,,,,,,,,,,hayır,Çekirdek
hapoel tel aviv,EuroLeague,Basketbol,Lig,Kıta Üstü,Çekirdek,Erkek,Kulüp,Takım Sporu,Avrupa,Yabancı,Yok,TV+ Var,Yıllık,Sürekli Lig,Takım Jenerik,Bilgi,Takım,Jenerik,İngilizce,Body,Takım Jenerik,Çekirdek,14800,LOW,0,0.14,0.04,0.17,evet,,3600,14800,40500,12100,18100,40500,18100,27100,14800,2400,720,1600,hayır,Çekirdek
hapoel tel aviv maçları,EuroLeague,Basketbol,Lig,Kıta Üstü,Çekirdek,Erkek,Kulüp,Takım Sporu,Avrupa,Yabancı,Yok,TV+ Var,Yıllık,Sürekli Lig,Takım Maç Sorgusu,Bilgi,Takım,Jenerik,Türkçe,Body,Takım Maç Sorgusu,Çekirdek,30,LOW,0,,,,evet,,10,20,40,10,20,50,40,50,70,20,10,10,hayır,Çekirdek
hapoel tel aviv fikstür,EuroLeague,Basketbol,Lig,Kıta Üstü,Çekirdek,Erkek,Kulüp,Takım Sporu,Avrupa,Yabancı,Yok,TV+ Var,Yıllık,Sürekli Lig,Fikstür,Bilgi,Takım,Jenerik,Türkçe,Body,Fikstür,Çekirdek,,,,,,,hayir,,,,,,,,,,,,,,hayır,Çekirdek
hapoel tel aviv puan durumu,EuroLeague,Basketbol,Lig,Kıta Üstü,Çekirdek,Erkek,Kulüp,Takım Sporu,Avrupa,Yabancı,Yok,TV+ Var,Yıllık,Sürekli Lig,Puan Durumu,Bilgi,Takım,Jenerik,İngilizce,Long-tail,Puan Durumu,Çekirdek,10,LOW,0,,,,evet,,10,20,20,10,10,30,10,10,10,10,10,10,hayır,Çekirdek
hapoel tel aviv kadrosu,EuroLeague,Basketbol,Lig,Kıta Üstü,Çekirdek,Erkek,Kulüp,Takım Sporu,Avrupa,Yabancı,Yok,TV+ Var,Yıllık,Sürekli Lig,Kadro,Bilgi,Takım,Jenerik,İngilizce,Body,Kadro,Çekirdek,20,LOW,0,,,,evet,,10,10,30,10,10,50,30,50,50,10,10,10,hayır,Çekirdek
hapoel tel aviv canlı izle,EuroLeague,Basketbol,Lig,Kıta Üstü,Çekirdek,Erkek,Kulüp,Takım Sporu,Avrupa,Yabancı,Yok,TV+ Var,Yıllık,Sürekli Lig,Canlı İzle,İzleme,Takım,Jenerik,Türkçe,Long-tail,Canlı İzle,Çekirdek,,,,,,,hayir,,,,,,,,,,,,,,hayır,Çekirdek
hapoel tel aviv transfer,EuroLeague,Basketbol,Lig,Kıta Üstü,Çekirdek,Erkek,Kulüp,Takım Sporu,Avrupa,Yabancı,Yok,TV+ Var,Yıllık,Sürekli Lig,Transfer,Bilgi,Takım,Jenerik,İngilizce,Body,Transfer,Çekirdek,10,LOW,0,,,,evet,,10,10,0,10,10,10,0,0,10,10,10,20,hayır,Çekirdek
valencia basket,EuroLeague,Basketbol,Lig,Kıta Üstü,Çekirdek,Erkek,Kulüp,Takım Sporu,Avrupa,Yabancı,Yok,TV+ Var,Yıllık,Sürekli Lig,Takım Jenerik,Bilgi,Takım,Jenerik,İngilizce,Head,Takım Jenerik,Çekirdek,14800,LOW,1,,,,evet,,22200,49500,22200,9900,9900,14800,12100,12100,18100,1300,210,480,hayır,Çekirdek
valencia basket maçları,EuroLeague,Basketbol,Lig,Kıta Üstü,Çekirdek,Erkek,Kulüp,Takım Sporu,Avrupa,Yabancı,Yok,TV+ Var,Yıllık,Sürekli Lig,Takım Maç Sorgusu,Bilgi,Takım,Jenerik,Türkçe,Body,Takım Maç Sorgusu,Çekirdek,,,,,,,hayir,,,,,,,,,,,,,,hayır,Çekirdek
valencia basket fikstür,EuroLeague,Basketbol,Lig,Kıta Üstü,Çekirdek,Erkek,Kulüp,Takım Sporu,Avrupa,Yabancı,Yok,TV+ Var,Yıllık,Sürekli Lig,Fikstür,Bilgi,Takım,Jenerik,Türkçe,Body,Fikstür,Çekirdek,,,,,,,hayir,,,,,,,,,,,,,,hayır,Çekirdek
valencia basket puan durumu,EuroLeague,Basketbol,Lig,Kıta Üstü,Çekirdek,Erkek,Kulüp,Takım Sporu,Avrupa,Yabancı,Yok,TV+ Var,Yıllık,Sürekli Lig,Puan Durumu,Bilgi,Takım,Jenerik,İngilizce,Body,Puan Durumu,Çekirdek,10,,,,,,evet,,10,10,10,10,10,10,10,10,10,0,0,0,hayır,Çekirdek
valencia basket kadrosu,EuroLeague,Basketbol,Lig,Kıta Üstü,Çekirdek,Erkek,Kulüp,Takım Sporu,Avrupa,Yabancı,Yok,TV+ Var,Yıllık,Sürekli Lig,Kadro,Bilgi,Takım,Jenerik,İngilizce,Body,Kadro,Çekirdek,50,LOW,1,,,,evet,,70,170,50,20,30,90,20,10,70,30,10,20,hayır,Çekirdek
valencia basket canlı izle,EuroLeague,Basketbol,Lig,Kıta Üstü,Çekirdek,Erkek,Kulüp,Takım Sporu,Avrupa,Yabancı,Yok,TV+ Var,Yıllık,Sürekli Lig,Canlı İzle,İzleme,Takım,Jenerik,Türkçe,Body,Canlı İzle,Çekirdek,10,,,,,,evet,,20,30,30,10,10,10,10,10,10,10,0,0,hayır,Çekirdek
valencia basket transfer,EuroLeague,Basketbol,Lig,Kıta Üstü,Çekirdek,Erkek,Kulüp,Takım Sporu,Avrupa,Yabancı,Yok,TV+ Var,Yıllık,Sürekli Lig,Transfer,Bilgi,Takım,Jenerik,İngilizce,Body,Transfer,Çekirdek,,,,,,,hayir,,,,,,,,,,,,,,hayır,Çekirdek
dubai basketball,EuroLeague,Basketbol,Lig,Kıta Üstü,Çekirdek,Erkek,Kulüp,Takım Sporu,Avrupa,Yabancı,Yok,TV+ Var,Yıllık,Sürekli Lig,Takım Jenerik,Bilgi,Takım,Jenerik,İngilizce,Head,Takım Jenerik,Çekirdek,12100,LOW,1,0.51,0.24,0.74,evet,,2400,2900,6600,8100,9900,22200,14800,14800,40500,8100,720,1900,hayır,Çekirdek
dubai basketball maçları,EuroLeague,Basketbol,Lig,Kıta Üstü,Çekirdek,Erkek,Kulüp,Takım Sporu,Avrupa,Yabancı,Yok,TV+ Var,Yıllık,Sürekli Lig,Takım Maç Sorgusu,Bilgi,Takım,Jenerik,Türkçe,Body,Takım Maç Sorgusu,Çekirdek,,,,,,,hayir,,,,,,,,,,,,,,hayır,Çekirdek
dubai basketball fikstür,EuroLeague,Basketbol,Lig,Kıta Üstü,Çekirdek,Erkek,Kulüp,Takım Sporu,Avrupa,Yabancı,Yok,TV+ Var,Yıllık,Sürekli Lig,Fikstür,Bilgi,Takım,Jenerik,Türkçe,Body,Fikstür,Çekirdek,,,,,,,hayir,,,,,,,,,,,,,,hayır,Çekirdek
dubai basketball puan durumu,EuroLeague,Basketbol,Lig,Kıta Üstü,Çekirdek,Erkek,Kulüp,Takım Sporu,Avrupa,Yabancı,Yok,TV+ Var,Yıllık,Sürekli Lig,Puan Durumu,Bilgi,Takım,Jenerik,İngilizce,Body,Puan Durumu,Çekirdek,,,,,,,hayir,,,,,,,,,,,,,,hayır,Çekirdek
dubai basketball kadrosu,EuroLeague,Basketbol,Lig,Kıta Üstü,Çekirdek,Erkek,Kulüp,Takım Sporu,Avrupa,Yabancı,Yok,TV+ Var,Yıllık,Sürekli Lig,Kadro,Bilgi,Takım,Jenerik,İngilizce,Body,Kadro,Çekirdek,10,LOW,0,,,,evet,,10,10,0,10,10,10,10,10,40,20,0,0,hayır,Çekirdek
dubai basketball canlı izle,EuroLeague,Basketbol,Lig,Kıta Üstü,Çekirdek,Erkek,Kulüp,Takım Sporu,Avrupa,Yabancı,Yok,TV+ Var,Yıllık,Sürekli Lig,Canlı İzle,İzleme,Takım,Jenerik,Türkçe,Body,Canlı İzle,Çekirdek,,,,,,,hayir,,,,,,,,,,,,,,hayır,Çekirdek
dubai basketball transfer,EuroLeague,Basketbol,Lig,Kıta Üstü,Çekirdek,Erkek,Kulüp,Takım Sporu,Avrupa,Yabancı,Yok,TV+ Var,Yıllık,Sürekli Lig,Transfer,Bilgi,Takım,Jenerik,İngilizce,Body,Transfer,Çekirdek,10,LOW,0,,,,evet,,10,0,0,0,10,10,0,0,10,10,10,10,hayır,Çekirdek
los angeles lakers,NBA,Basketbol,Lig,1. Seviye,Çekirdek,Erkek,Kulüp,Takım Sporu,ABD,Yabancı,Yok,TV+ Var,Yıllık,Sürekli Lig,Takım Jenerik,Bilgi,Takım,Jenerik,İngilizce,Body,Takım Jenerik,Çekirdek,18100,LOW,3,0.41,0.12,0.59,evet,,5400,22200,40500,27100,18100,18100,22200,27100,18100,9900,3600,6600,hayır,Çekirdek
los angeles lakers maçları,NBA,Basketbol,Lig,1. Seviye,Çekirdek,Erkek,Kulüp,Takım Sporu,ABD,Yabancı,Yok,TV+ Var,Yıllık,Sürekli Lig,Takım Maç Sorgusu,Bilgi,Takım,Jenerik,Türkçe,Body,Takım Maç Sorgusu,Çekirdek,40,LOW,22,0.21,0.07,0.2,evet,,20,70,110,40,20,20,50,40,30,20,40,50,hayır,Çekirdek
los angeles lakers fikstür,NBA,Basketbol,Lig,1. Seviye,Çekirdek,Erkek,Kulüp,Takım Sporu,ABD,Yabancı,Yok,TV+ Var,Yıllık,Sürekli Lig,Fikstür,Bilgi,Takım,Jenerik,Türkçe,Body,Fikstür,Çekirdek,10,LOW,14,0.05,,,evet,,10,10,10,10,10,10,10,10,10,10,10,10,hayır,Çekirdek
los angeles lakers puan durumu,NBA,Basketbol,Lig,1. Seviye,Çekirdek,Erkek,Kulüp,Takım Sporu,ABD,Yabancı,Yok,TV+ Var,Yıllık,Sürekli Lig,Puan Durumu,Bilgi,Takım,Jenerik,İngilizce,Long-tail,Puan Durumu,Çekirdek,20,LOW,0,,,,evet,,10,10,20,20,10,10,30,10,20,20,10,10,hayır,Çekirdek
los angeles lakers kadrosu,NBA,Basketbol,Lig,1. Seviye,Çekirdek,Erkek,Kulüp,Takım Sporu,ABD,Yabancı,Yok,TV+ Var,Yıllık,Sürekli Lig,Kadro,Bilgi,Takım,Jenerik,İngilizce,Body,Kadro,Çekirdek,70,LOW,1,,,,evet,,30,40,70,70,50,40,70,70,90,210,90,90,hayır,Çekirdek
los angeles lakers canlı izle,NBA,Basketbol,Lig,1. Seviye,Çekirdek,Erkek,Kulüp,Takım Sporu,ABD,Yabancı,Yok,TV+ Var,Yıllık,Sürekli Lig,Canlı İzle,İzleme,Takım,Jenerik,Türkçe,Long-tail,Canlı İzle,Çekirdek,10,HIGH,71,0.25,,,evet,,10,10,10,20,10,10,10,20,10,0,10,10,hayır,Çekirdek
los angeles lakers transfer,NBA,Basketbol,Lig,1. Seviye,Çekirdek,Erkek,Kulüp,Takım Sporu,ABD,Yabancı,Yok,TV+ Var,Yıllık,Sürekli Lig,Transfer,Bilgi,Takım,Jenerik,İngilizce,Body,Transfer,Çekirdek,10,LOW,1,,,,evet,,10,10,10,10,10,0,10,10,20,10,20,20,hayır,Çekirdek
golden state warriors,NBA,Basketbol,Lig,1. Seviye,Çekirdek,Erkek,Kulüp,Takım Sporu,ABD,Yabancı,Yok,TV+ Var,Yıllık,Sürekli Lig,Takım Jenerik,Bilgi,Takım,Jenerik,İngilizce,Body,Takım Jenerik,Çekirdek,18100,LOW,5,0.22,0.17,0.71,evet,,5400,8100,27100,33100,18100,27100,33100,33100,27100,9900,4400,6600,hayır,Çekirdek
golden state warriors maçları,NBA,Basketbol,Lig,1. Seviye,Çekirdek,Erkek,Kulüp,Takım Sporu,ABD,Yabancı,Yok,TV+ Var,Yıllık,Sürekli Lig,Takım Maç Sorgusu,Bilgi,Takım,Jenerik,Türkçe,Body,Takım Maç Sorgusu,Çekirdek,30,LOW,11,0.22,0.06,0.36,evet,,20,40,30,50,10,10,20,50,30,20,30,50,hayır,Çekirdek
golden state warriors fikstür,NBA,Basketbol,Lig,1. Seviye,Çekirdek,Erkek,Kulüp,Takım Sporu,ABD,Yabancı,Yok,TV+ Var,Yıllık,Sürekli Lig,Fikstür,Bilgi,Takım,Jenerik,Türkçe,Body,Fikstür,Çekirdek,10,LOW,21,,,,evet,,10,10,10,0,10,10,10,10,10,10,10,10,hayır,Çekirdek
golden state warriors puan durumu,NBA,Basketbol,Lig,1. Seviye,Çekirdek,Erkek,Kulüp,Takım Sporu,ABD,Yabancı,Yok,TV+ Var,Yıllık,Sürekli Lig,Puan Durumu,Bilgi,Takım,Jenerik,İngilizce,Long-tail,Puan Durumu,Çekirdek,10,LOW,0,,,,evet,,10,10,10,10,10,10,10,10,10,10,10,10,hayır,Çekirdek
golden state warriors kadrosu,NBA,Basketbol,Lig,1. Seviye,Çekirdek,Erkek,Kulüp,Takım Sporu,ABD,Yabancı,Yok,TV+ Var,Yıllık,Sürekli Lig,Kadro,Bilgi,Takım,Jenerik,İngilizce,Body,Kadro,Çekirdek,110,LOW,2,,,,evet,,50,40,50,50,70,50,70,70,170,390,170,110,hayır,Çekirdek
golden state warriors canlı izle,NBA,Basketbol,Lig,1. Seviye,Çekirdek,Erkek,Kulüp,Takım Sporu,ABD,Yabancı,Yok,TV+ Var,Yıllık,Sürekli Lig,Canlı İzle,İzleme,Takım,Jenerik,Türkçe,Long-tail,Canlı İzle,Çekirdek,10,,,,,,evet,,0,10,10,10,0,10,10,10,10,0,10,10,hayır,Çekirdek
golden state warriors transfer,NBA,Basketbol,Lig,1. Seviye,Çekirdek,Erkek,Kulüp,Takım Sporu,ABD,Yabancı,Yok,TV+ Var,Yıllık,Sürekli Lig,Transfer,Bilgi,Takım,Jenerik,İngilizce,Body,Transfer,Çekirdek,10,LOW,2,,,,evet,,10,10,10,10,10,10,10,10,10,10,10,40,hayır,Çekirdek
boston celtics,NBA,Basketbol,Lig,1. Seviye,Çekirdek,Erkek,Kulüp,Takım Sporu,ABD,Yabancı,Yok,TV+ Var,Yıllık,Sürekli Lig,Takım Jenerik,Bilgi,Takım,Jenerik,İngilizce,Head,Takım Jenerik,Çekirdek,14800,LOW,6,0.5,0.24,0.91,evet,,4400,14800,27100,27100,18100,18100,22200,22200,18100,6600,3600,4400,hayır,Çekirdek
boston celtics maçları,NBA,Basketbol,Lig,1. Seviye,Çekirdek,Erkek,Kulüp,Takım Sporu,ABD,Yabancı,Yok,TV+ Var,Yıllık,Sürekli Lig,Takım Maç Sorgusu,Bilgi,Takım,Jenerik,Türkçe,Body,Takım Maç Sorgusu,Çekirdek,30,LOW,12,,,,evet,,10,10,70,10,10,20,30,90,30,10,10,30,hayır,Çekirdek
boston celtics fikstür,NBA,Basketbol,Lig,1. Seviye,Çekirdek,Erkek,Kulüp,Takım Sporu,ABD,Yabancı,Yok,TV+ Var,Yıllık,Sürekli Lig,Fikstür,Bilgi,Takım,Jenerik,Türkçe,Body,Fikstür,Çekirdek,10,LOW,29,,,,evet,,10,10,10,10,10,10,10,10,10,10,10,10,hayır,Çekirdek
boston celtics puan durumu,NBA,Basketbol,Lig,1. Seviye,Çekirdek,Erkek,Kulüp,Takım Sporu,ABD,Yabancı,Yok,TV+ Var,Yıllık,Sürekli Lig,Puan Durumu,Bilgi,Takım,Jenerik,İngilizce,Body,Puan Durumu,Çekirdek,10,LOW,0,,,,evet,,10,10,10,10,10,10,10,10,10,10,10,10,hayır,Çekirdek
boston celtics kadrosu,NBA,Basketbol,Lig,1. Seviye,Çekirdek,Erkek,Kulüp,Takım Sporu,ABD,Yabancı,Yok,TV+ Var,Yıllık,Sürekli Lig,Kadro,Bilgi,Takım,Jenerik,İngilizce,Body,Kadro,Çekirdek,10,LOW,4,,,,evet,,10,10,10,10,10,10,10,10,20,10,10,10,hayır,Çekirdek
boston celtics canlı izle,NBA,Basketbol,Lig,1. Seviye,Çekirdek,Erkek,Kulüp,Takım Sporu,ABD,Yabancı,Yok,TV+ Var,Yıllık,Sürekli Lig,Canlı İzle,İzleme,Takım,Jenerik,Türkçe,Body,Canlı İzle,Çekirdek,10,,,,,,evet,,0,10,10,10,10,10,10,40,10,0,0,10,hayır,Çekirdek
boston celtics transfer,NBA,Basketbol,Lig,1. Seviye,Çekirdek,Erkek,Kulüp,Takım Sporu,ABD,Yabancı,Yok,TV+ Var,Yıllık,Sürekli Lig,Transfer,Bilgi,Takım,Jenerik,İngilizce,Body,Transfer,Çekirdek,10,LOW,1,,,,evet,,10,10,10,10,10,0,10,10,30,10,10,20,hayır,Çekirdek
chicago bulls,NBA,Basketbol,Lig,1. Seviye,Çekirdek,Erkek,Kulüp,Takım Sporu,ABD,Yabancı,Yok,TV+ Var,Yıllık,Sürekli Lig,Takım Jenerik,Bilgi,Takım,Jenerik,İngilizce,Head,Takım Jenerik,Çekirdek,9900,LOW,6,0.67,0.11,0.49,evet,,5400,8100,8100,12100,8100,12100,18100,18100,9900,8100,4400,5400,hayır,Çekirdek
chicago bulls maçları,NBA,Basketbol,Lig,1. Seviye,Çekirdek,Erkek,Kulüp,Takım Sporu,ABD,Yabancı,Yok,TV+ Var,Yıllık,Sürekli Lig,Takım Maç Sorgusu,Bilgi,Takım,Jenerik,Türkçe,Body,Takım Maç Sorgusu,Çekirdek,30,LOW,10,,,,evet,,20,30,20,90,10,50,50,50,30,10,10,30,hayır,Çekirdek
chicago bulls fikstür,NBA,Basketbol,Lig,1. Seviye,Çekirdek,Erkek,Kulüp,Takım Sporu,ABD,Yabancı,Yok,TV+ Var,Yıllık,Sürekli Lig,Fikstür,Bilgi,Takım,Jenerik,Türkçe,Body,Fikstür,Çekirdek,10,LOW,14,,,,evet,,10,10,0,10,10,10,10,10,10,10,10,10,hayır,Çekirdek
chicago bulls puan durumu,NBA,Basketbol,Lig,1. Seviye,Çekirdek,Erkek,Kulüp,Takım Sporu,ABD,Yabancı,Yok,TV+ Var,Yıllık,Sürekli Lig,Puan Durumu,Bilgi,Takım,Jenerik,İngilizce,Body,Puan Durumu,Çekirdek,10,LOW,0,,,,evet,,20,20,10,20,10,20,10,10,10,10,10,10,hayır,Çekirdek
chicago bulls kadrosu,NBA,Basketbol,Lig,1. Seviye,Çekirdek,Erkek,Kulüp,Takım Sporu,ABD,Yabancı,Yok,TV+ Var,Yıllık,Sürekli Lig,Kadro,Bilgi,Takım,Jenerik,İngilizce,Body,Kadro,Çekirdek,90,LOW,0,,,,evet,,50,90,50,30,40,110,140,90,140,90,50,70,hayır,Çekirdek
chicago bulls canlı izle,NBA,Basketbol,Lig,1. Seviye,Çekirdek,Erkek,Kulüp,Takım Sporu,ABD,Yabancı,Yok,TV+ Var,Yıllık,Sürekli Lig,Canlı İzle,İzleme,Takım,Jenerik,Türkçe,Body,Canlı İzle,Çekirdek,10,MEDIUM,43,,,,evet,,0,0,0,10,10,10,10,10,10,0,0,0,hayır,Çekirdek
chicago bulls transfer,NBA,Basketbol,Lig,1. Seviye,Çekirdek,Erkek,Kulüp,Takım Sporu,ABD,Yabancı,Yok,TV+ Var,Yıllık,Sürekli Lig,Transfer,Bilgi,Takım,Jenerik,İngilizce,Body,Transfer,Çekirdek,40,LOW,0,,,,evet,,50,50,30,20,40,50,20,30,40,50,90,70,hayır,Çekirdek
miami heat,NBA,Basketbol,Lig,1. Seviye,Çekirdek,Erkek,Kulüp,Takım Sporu,ABD,Yabancı,Yok,TV+ Var,Yıllık,Sürekli Lig,Takım Jenerik,Bilgi,Takım,Jenerik,İngilizce,Head,Takım Jenerik,Çekirdek,8100,LOW,5,0.43,0.23,0.86,evet,,4400,2900,8100,27100,9900,12100,9900,14800,8100,2900,1300,2400,hayır,Çekirdek
miami heat maçları,NBA,Basketbol,Lig,1. Seviye,Çekirdek,Erkek,Kulüp,Takım Sporu,ABD,Yabancı,Yok,TV+ Var,Yıllık,Sürekli Lig,Takım Maç Sorgusu,Bilgi,Takım,Jenerik,Türkçe,Body,Takım Maç Sorgusu,Çekirdek,30,LOW,11,,,,evet,,10,10,50,50,20,50,50,50,30,10,10,30,hayır,Çekirdek
miami heat fikstür,NBA,Basketbol,Lig,1. Seviye,Çekirdek,Erkek,Kulüp,Takım Sporu,ABD,Yabancı,Yok,TV+ Var,Yıllık,Sürekli Lig,Fikstür,Bilgi,Takım,Jenerik,Türkçe,Body,Fikstür,Çekirdek,10,LOW,10,,,,evet,,10,10,10,20,10,10,10,20,10,10,10,10,hayır,Çekirdek
miami heat puan durumu,NBA,Basketbol,Lig,1. Seviye,Çekirdek,Erkek,Kulüp,Takım Sporu,ABD,Yabancı,Yok,TV+ Var,Yıllık,Sürekli Lig,Puan Durumu,Bilgi,Takım,Jenerik,İngilizce,Body,Puan Durumu,Çekirdek,10,LOW,0,,,,evet,,10,10,10,10,10,10,10,10,10,10,10,10,hayır,Çekirdek
miami heat kadrosu,NBA,Basketbol,Lig,1. Seviye,Çekirdek,Erkek,Kulüp,Takım Sporu,ABD,Yabancı,Yok,TV+ Var,Yıllık,Sürekli Lig,Kadro,Bilgi,Takım,Jenerik,İngilizce,Body,Kadro,Çekirdek,20,LOW,1,,,,evet,,50,10,10,10,10,20,10,20,10,10,10,10,hayır,Çekirdek
miami heat canlı izle,NBA,Basketbol,Lig,1. Seviye,Çekirdek,Erkek,Kulüp,Takım Sporu,ABD,Yabancı,Yok,TV+ Var,Yıllık,Sürekli Lig,Canlı İzle,İzleme,Takım,Jenerik,Türkçe,Body,Canlı İzle,Çekirdek,10,,,,,,evet,,0,0,10,10,10,10,10,10,10,0,0,10,hayır,Çekirdek
miami heat transfer,NBA,Basketbol,Lig,1. Seviye,Çekirdek,Erkek,Kulüp,Takım Sporu,ABD,Yabancı,Yok,TV+ Var,Yıllık,Sürekli Lig,Transfer,Bilgi,Takım,Jenerik,İngilizce,Body,Transfer,Çekirdek,10,LOW,3,,,,evet,,10,10,0,10,0,10,0,10,10,10,10,10,hayır,Çekirdek
denver nuggets,NBA,Basketbol,Lig,1. Seviye,Çekirdek,Erkek,Kulüp,Takım Sporu,ABD,Yabancı,Yok,TV+ Var,Yıllık,Sürekli Lig,Takım Jenerik,Bilgi,Takım,Jenerik,İngilizce,Head,Takım Jenerik,Çekirdek,14800,LOW,4,,0.28,4.94,evet,,1600,6600,40500,22200,18100,18100,33100,27100,12100,5400,1300,2900,hayır,Çekirdek
denver nuggets maçları,NBA,Basketbol,Lig,1. Seviye,Çekirdek,Erkek,Kulüp,Takım Sporu,ABD,Yabancı,Yok,TV+ Var,Yıllık,Sürekli Lig,Takım Maç Sorgusu,Bilgi,Takım,Jenerik,Türkçe,Body,Takım Maç Sorgusu,Çekirdek,,,,,,,hayir,,,,,,,,,,,,,,hayır,Çekirdek
denver nuggets fikstür,NBA,Basketbol,Lig,1. Seviye,Çekirdek,Erkek,Kulüp,Takım Sporu,ABD,Yabancı,Yok,TV+ Var,Yıllık,Sürekli Lig,Fikstür,Bilgi,Takım,Jenerik,Türkçe,Body,Fikstür,Çekirdek,,,,,,,hayir,,,,,,,,,,,,,,hayır,Çekirdek
denver nuggets puan durumu,NBA,Basketbol,Lig,1. Seviye,Çekirdek,Erkek,Kulüp,Takım Sporu,ABD,Yabancı,Yok,TV+ Var,Yıllık,Sürekli Lig,Puan Durumu,Bilgi,Takım,Jenerik,İngilizce,Body,Puan Durumu,Çekirdek,10,LOW,7,,,,evet,,0,10,10,10,10,10,10,10,0,10,10,0,hayır,Çekirdek
denver nuggets kadrosu,NBA,Basketbol,Lig,1. Seviye,Çekirdek,Erkek,Kulüp,Takım Sporu,ABD,Yabancı,Yok,TV+ Var,Yıllık,Sürekli Lig,Kadro,Bilgi,Takım,Jenerik,İngilizce,Body,Kadro,Çekirdek,10,LOW,5,,,,evet,,10,10,10,10,0,10,10,10,10,10,10,10,hayır,Çekirdek
denver nuggets canlı izle,NBA,Basketbol,Lig,1. Seviye,Çekirdek,Erkek,Kulüp,Takım Sporu,ABD,Yabancı,Yok,TV+ Var,Yıllık,Sürekli Lig,Canlı İzle,İzleme,Takım,Jenerik,Türkçe,Body,Canlı İzle,Çekirdek,10,MEDIUM,36,0.05,,,evet,,0,0,20,10,10,10,10,10,10,0,0,0,hayır,Çekirdek
denver nuggets transfer,NBA,Basketbol,Lig,1. Seviye,Çekirdek,Erkek,Kulüp,Takım Sporu,ABD,Yabancı,Yok,TV+ Var,Yıllık,Sürekli Lig,Transfer,Bilgi,Takım,Jenerik,İngilizce,Body,Transfer,Çekirdek,10,LOW,2,,,,evet,,10,10,10,10,0,10,0,0,10,10,10,30,hayır,Çekirdek
oklahoma city thunder,NBA,Basketbol,Lig,1. Seviye,Çekirdek,Erkek,Kulüp,Takım Sporu,ABD,Yabancı,Yok,TV+ Var,Yıllık,Sürekli Lig,Takım Jenerik,Bilgi,Takım,Jenerik,İngilizce,Body,Takım Jenerik,Çekirdek,27100,LOW,5,0.38,0.2,0.85,evet,,8100,90500,22200,22200,18100,22200,49500,33100,18100,5400,2900,5400,hayır,Çekirdek
oklahoma city thunder maçları,NBA,Basketbol,Lig,1. Seviye,Çekirdek,Erkek,Kulüp,Takım Sporu,ABD,Yabancı,Yok,TV+ Var,Yıllık,Sürekli Lig,Takım Maç Sorgusu,Bilgi,Takım,Jenerik,Türkçe,Body,Takım Maç Sorgusu,Çekirdek,10,LOW,10,,,,evet,,0,10,10,10,0,10,10,10,10,10,10,10,hayır,Çekirdek
oklahoma city thunder fikstür,NBA,Basketbol,Lig,1. Seviye,Çekirdek,Erkek,Kulüp,Takım Sporu,ABD,Yabancı,Yok,TV+ Var,Yıllık,Sürekli Lig,Fikstür,Bilgi,Takım,Jenerik,Türkçe,Body,Fikstür,Çekirdek,10,LOW,0,,,,evet,,0,10,0,10,10,10,10,10,10,0,10,10,hayır,Çekirdek
oklahoma city thunder puan durumu,NBA,Basketbol,Lig,1. Seviye,Çekirdek,Erkek,Kulüp,Takım Sporu,ABD,Yabancı,Yok,TV+ Var,Yıllık,Sürekli Lig,Puan Durumu,Bilgi,Takım,Jenerik,İngilizce,Long-tail,Puan Durumu,Çekirdek,10,,,,,,evet,,0,10,10,10,10,10,10,10,0,10,0,10,hayır,Çekirdek
oklahoma city thunder kadrosu,NBA,Basketbol,Lig,1. Seviye,Çekirdek,Erkek,Kulüp,Takım Sporu,ABD,Yabancı,Yok,TV+ Var,Yıllık,Sürekli Lig,Kadro,Bilgi,Takım,Jenerik,İngilizce,Body,Kadro,Çekirdek,10,LOW,0,,,,evet,,10,30,10,10,10,10,10,20,20,20,10,10,hayır,Çekirdek
oklahoma city thunder canlı izle,NBA,Basketbol,Lig,1. Seviye,Çekirdek,Erkek,Kulüp,Takım Sporu,ABD,Yabancı,Yok,TV+ Var,Yıllık,Sürekli Lig,Canlı İzle,İzleme,Takım,Jenerik,Türkçe,Long-tail,Canlı İzle,Çekirdek,10,MEDIUM,43,,,,evet,,0,30,10,10,10,10,10,20,10,0,0,10,hayır,Çekirdek
oklahoma city thunder transfer,NBA,Basketbol,Lig,1. Seviye,Çekirdek,Erkek,Kulüp,Takım Sporu,ABD,Yabancı,Yok,TV+ Var,Yıllık,Sürekli Lig,Transfer,Bilgi,Takım,Jenerik,İngilizce,Body,Transfer,Çekirdek,10,LOW,0,,,,evet,,10,0,0,0,10,0,10,10,10,10,10,10,hayır,Çekirdek
new york knicks,NBA,Basketbol,Lig,1. Seviye,Çekirdek,Erkek,Kulüp,Takım Sporu,ABD,Yabancı,Yok,TV+ Var,Yıllık,Sürekli Lig,Takım Jenerik,Bilgi,Takım,Jenerik,İngilizce,Body,Takım Jenerik,Çekirdek,14800,LOW,4,0.85,0.22,0.84,evet,,74000,40500,9900,9900,6600,9900,18100,9900,6600,2400,1300,1900,hayır,Çekirdek
new york knicks maçları,NBA,Basketbol,Lig,1. Seviye,Çekirdek,Erkek,Kulüp,Takım Sporu,ABD,Yabancı,Yok,TV+ Var,Yıllık,Sürekli Lig,Takım Maç Sorgusu,Bilgi,Takım,Jenerik,Türkçe,Body,Takım Maç Sorgusu,Çekirdek,10,LOW,21,0.26,,,evet,,10,10,10,10,10,10,10,10,10,10,10,10,hayır,Çekirdek
new york knicks fikstür,NBA,Basketbol,Lig,1. Seviye,Çekirdek,Erkek,Kulüp,Takım Sporu,ABD,Yabancı,Yok,TV+ Var,Yıllık,Sürekli Lig,Fikstür,Bilgi,Takım,Jenerik,Türkçe,Body,Fikstür,Çekirdek,10,LOW,30,0.3,,,evet,,10,20,10,10,10,10,10,10,10,0,10,10,hayır,Çekirdek
new york knicks puan durumu,NBA,Basketbol,Lig,1. Seviye,Çekirdek,Erkek,Kulüp,Takım Sporu,ABD,Yabancı,Yok,TV+ Var,Yıllık,Sürekli Lig,Puan Durumu,Bilgi,Takım,Jenerik,İngilizce,Long-tail,Puan Durumu,Çekirdek,10,LOW,0,,,,evet,,10,0,10,10,10,0,10,10,0,10,10,0,hayır,Çekirdek
new york knicks kadrosu,NBA,Basketbol,Lig,1. Seviye,Çekirdek,Erkek,Kulüp,Takım Sporu,ABD,Yabancı,Yok,TV+ Var,Yıllık,Sürekli Lig,Kadro,Bilgi,Takım,Jenerik,İngilizce,Body,Kadro,Çekirdek,20,LOW,0,,,,evet,,110,50,10,10,10,10,10,10,10,10,10,10,hayır,Çekirdek
new york knicks canlı izle,NBA,Basketbol,Lig,1. Seviye,Çekirdek,Erkek,Kulüp,Takım Sporu,ABD,Yabancı,Yok,TV+ Var,Yıllık,Sürekli Lig,Canlı İzle,İzleme,Takım,Jenerik,Türkçe,Long-tail,Canlı İzle,Çekirdek,10,,,,,,evet,,20,10,10,10,10,10,10,10,10,0,0,10,hayır,Çekirdek
new york knicks transfer,NBA,Basketbol,Lig,1. Seviye,Çekirdek,Erkek,Kulüp,Takım Sporu,ABD,Yabancı,Yok,TV+ Var,Yıllık,Sürekli Lig,Transfer,Bilgi,Takım,Jenerik,İngilizce,Body,Transfer,Çekirdek,10,LOW,0,,,,evet,,10,10,10,10,10,10,10,10,10,10,10,10,hayır,Çekirdek
dallas mavericks,NBA,Basketbol,Lig,1. Seviye,Çekirdek,Erkek,Kulüp,Takım Sporu,ABD,Yabancı,Yok,TV+ Var,Yıllık,Sürekli Lig,Takım Jenerik,Bilgi,Takım,Jenerik,İngilizce,Head,Takım Jenerik,Çekirdek,8100,LOW,6,1.01,0.38,1.6,evet,,1600,1900,4400,8100,6600,14800,14800,14800,9900,2400,1000,2900,hayır,Çekirdek
dallas mavericks maçları,NBA,Basketbol,Lig,1. Seviye,Çekirdek,Erkek,Kulüp,Takım Sporu,ABD,Yabancı,Yok,TV+ Var,Yıllık,Sürekli Lig,Takım Maç Sorgusu,Bilgi,Takım,Jenerik,Türkçe,Body,Takım Maç Sorgusu,Çekirdek,10,LOW,17,0.31,,,evet,,10,10,0,10,0,10,10,10,10,0,10,10,hayır,Çekirdek
dallas mavericks fikstür,NBA,Basketbol,Lig,1. Seviye,Çekirdek,Erkek,Kulüp,Takım Sporu,ABD,Yabancı,Yok,TV+ Var,Yıllık,Sürekli Lig,Fikstür,Bilgi,Takım,Jenerik,Türkçe,Body,Fikstür,Çekirdek,,,,,,,hayir,,,,,,,,,,,,,,hayır,Çekirdek
dallas mavericks puan durumu,NBA,Basketbol,Lig,1. Seviye,Çekirdek,Erkek,Kulüp,Takım Sporu,ABD,Yabancı,Yok,TV+ Var,Yıllık,Sürekli Lig,Puan Durumu,Bilgi,Takım,Jenerik,İngilizce,Body,Puan Durumu,Çekirdek,10,LOW,4,,,,evet,,10,10,0,10,10,10,10,10,10,10,10,10,hayır,Çekirdek
dallas mavericks kadrosu,NBA,Basketbol,Lig,1. Seviye,Çekirdek,Erkek,Kulüp,Takım Sporu,ABD,Yabancı,Yok,TV+ Var,Yıllık,Sürekli Lig,Kadro,Bilgi,Takım,Jenerik,İngilizce,Body,Kadro,Çekirdek,90,LOW,6,,0.22,0.69,evet,,30,20,30,20,30,50,70,110,140,210,140,140,hayır,Çekirdek
dallas mavericks canlı izle,NBA,Basketbol,Lig,1. Seviye,Çekirdek,Erkek,Kulüp,Takım Sporu,ABD,Yabancı,Yok,TV+ Var,Yıllık,Sürekli Lig,Canlı İzle,İzleme,Takım,Jenerik,Türkçe,Body,Canlı İzle,Çekirdek,10,,,,,,evet,,0,0,0,10,0,10,10,0,10,10,0,10,hayır,Çekirdek
dallas mavericks transfer,NBA,Basketbol,Lig,1. Seviye,Çekirdek,Erkek,Kulüp,Takım Sporu,ABD,Yabancı,Yok,TV+ Var,Yıllık,Sürekli Lig,Transfer,Bilgi,Takım,Jenerik,İngilizce,Body,Transfer,Çekirdek,10,LOW,2,,,,evet,,0,0,0,0,10,10,10,10,0,10,10,10,hayır,Çekirdek
phoenix suns,NBA,Basketbol,Lig,1. Seviye,Çekirdek,Erkek,Kulüp,Takım Sporu,ABD,Yabancı,Yok,TV+ Var,Yıllık,Sürekli Lig,Takım Jenerik,Bilgi,Takım,Jenerik,İngilizce,Head,Takım Jenerik,Çekirdek,6600,LOW,3,0.6,0.08,0.53,evet,,880,1300,9900,8100,6600,9900,8100,14800,9900,2900,1300,4400,hayır,Çekirdek
phoenix suns maçları,NBA,Basketbol,Lig,1. Seviye,Çekirdek,Erkek,Kulüp,Takım Sporu,ABD,Yabancı,Yok,TV+ Var,Yıllık,Sürekli Lig,Takım Maç Sorgusu,Bilgi,Takım,Jenerik,Türkçe,Body,Takım Maç Sorgusu,Çekirdek,,,,,,,hayir,,,,,,,,,,,,,,hayır,Çekirdek
phoenix suns fikstür,NBA,Basketbol,Lig,1. Seviye,Çekirdek,Erkek,Kulüp,Takım Sporu,ABD,Yabancı,Yok,TV+ Var,Yıllık,Sürekli Lig,Fikstür,Bilgi,Takım,Jenerik,Türkçe,Body,Fikstür,Çekirdek,,,,,,,hayir,,,,,,,,,,,,,,hayır,Çekirdek
phoenix suns puan durumu,NBA,Basketbol,Lig,1. Seviye,Çekirdek,Erkek,Kulüp,Takım Sporu,ABD,Yabancı,Yok,TV+ Var,Yıllık,Sürekli Lig,Puan Durumu,Bilgi,Takım,Jenerik,İngilizce,Body,Puan Durumu,Çekirdek,10,,,,,,evet,,10,10,10,10,10,10,10,10,10,10,10,30,hayır,Çekirdek
phoenix suns kadrosu,NBA,Basketbol,Lig,1. Seviye,Çekirdek,Erkek,Kulüp,Takım Sporu,ABD,Yabancı,Yok,TV+ Var,Yıllık,Sürekli Lig,Kadro,Bilgi,Takım,Jenerik,İngilizce,Body,Kadro,Çekirdek,70,LOW,1,,,,evet,,40,20,70,40,50,50,90,110,140,70,70,110,hayır,Çekirdek
phoenix suns canlı izle,NBA,Basketbol,Lig,1. Seviye,Çekirdek,Erkek,Kulüp,Takım Sporu,ABD,Yabancı,Yok,TV+ Var,Yıllık,Sürekli Lig,Canlı İzle,İzleme,Takım,Jenerik,Türkçe,Body,Canlı İzle,Çekirdek,,,,,,,hayir,,,,,,,,,,,,,,hayır,Çekirdek
phoenix suns transfer,NBA,Basketbol,Lig,1. Seviye,Çekirdek,Erkek,Kulüp,Takım Sporu,ABD,Yabancı,Yok,TV+ Var,Yıllık,Sürekli Lig,Transfer,Bilgi,Takım,Jenerik,İngilizce,Body,Transfer,Çekirdek,10,,,,,,evet,,10,10,0,0,0,10,0,0,0,0,0,10,hayır,Çekirdek
milwaukee bucks,NBA,Basketbol,Lig,1. Seviye,Çekirdek,Erkek,Kulüp,Takım Sporu,ABD,Yabancı,Yok,TV+ Var,Yıllık,Sürekli Lig,Takım Jenerik,Bilgi,Takım,Jenerik,İngilizce,Head,Takım Jenerik,Çekirdek,5400,LOW,5,,0.22,0.52,evet,,1600,2900,6600,9900,6600,6600,6600,14800,6600,6600,1000,1900,hayır,Çekirdek
milwaukee bucks maçları,NBA,Basketbol,Lig,1. Seviye,Çekirdek,Erkek,Kulüp,Takım Sporu,ABD,Yabancı,Yok,TV+ Var,Yıllık,Sürekli Lig,Takım Maç Sorgusu,Bilgi,Takım,Jenerik,Türkçe,Body,Takım Maç Sorgusu,Çekirdek,,,,,,,hayir,,,,,,,,,,,,,,hayır,Çekirdek
milwaukee bucks fikstür,NBA,Basketbol,Lig,1. Seviye,Çekirdek,Erkek,Kulüp,Takım Sporu,ABD,Yabancı,Yok,TV+ Var,Yıllık,Sürekli Lig,Fikstür,Bilgi,Takım,Jenerik,Türkçe,Body,Fikstür,Çekirdek,,,,,,,hayir,,,,,,,,,,,,,,hayır,Çekirdek
milwaukee bucks puan durumu,NBA,Basketbol,Lig,1. Seviye,Çekirdek,Erkek,Kulüp,Takım Sporu,ABD,Yabancı,Yok,TV+ Var,Yıllık,Sürekli Lig,Puan Durumu,Bilgi,Takım,Jenerik,İngilizce,Body,Puan Durumu,Çekirdek,10,LOW,29,,,,evet,,10,10,10,0,10,0,10,10,0,10,0,10,hayır,Çekirdek
milwaukee bucks kadrosu,NBA,Basketbol,Lig,1. Seviye,Çekirdek,Erkek,Kulüp,Takım Sporu,ABD,Yabancı,Yok,TV+ Var,Yıllık,Sürekli Lig,Kadro,Bilgi,Takım,Jenerik,İngilizce,Body,Kadro,Çekirdek,90,LOW,1,,,,evet,,110,140,70,90,70,70,50,110,110,110,30,50,hayır,Çekirdek
milwaukee bucks canlı izle,NBA,Basketbol,Lig,1. Seviye,Çekirdek,Erkek,Kulüp,Takım Sporu,ABD,Yabancı,Yok,TV+ Var,Yıllık,Sürekli Lig,Canlı İzle,İzleme,Takım,Jenerik,Türkçe,Body,Canlı İzle,Çekirdek,10,LOW,0,,,,evet,,0,0,0,10,10,10,10,10,10,0,0,0,hayır,Çekirdek
milwaukee bucks transfer,NBA,Basketbol,Lig,1. Seviye,Çekirdek,Erkek,Kulüp,Takım Sporu,ABD,Yabancı,Yok,TV+ Var,Yıllık,Sürekli Lig,Transfer,Bilgi,Takım,Jenerik,İngilizce,Body,Transfer,Çekirdek,10,,,,,,evet,,10,0,0,0,0,10,10,0,10,10,0,10,hayır,Çekirdek
philadelphia 76ers,NBA,Basketbol,Lig,1. Seviye,Çekirdek,Erkek,Kulüp,Takım Sporu,ABD,Yabancı,Yok,TV+ Var,Yıllık,Sürekli Lig,Takım Jenerik,Bilgi,Takım,Jenerik,İngilizce,Head,Takım Jenerik,Çekirdek,8100,LOW,3,0.41,0.21,1.18,evet,,590,8100,9900,8100,5400,12100,8100,12100,12100,2900,880,1000,hayır,Çekirdek
philadelphia 76ers maçları,NBA,Basketbol,Lig,1. Seviye,Çekirdek,Erkek,Kulüp,Takım Sporu,ABD,Yabancı,Yok,TV+ Var,Yıllık,Sürekli Lig,Takım Maç Sorgusu,Bilgi,Takım,Jenerik,Türkçe,Body,Takım Maç Sorgusu,Çekirdek,10,LOW,4,,,,evet,,10,10,10,10,10,10,10,10,10,10,10,10,hayır,Çekirdek
philadelphia 76ers fikstür,NBA,Basketbol,Lig,1. Seviye,Çekirdek,Erkek,Kulüp,Takım Sporu,ABD,Yabancı,Yok,TV+ Var,Yıllık,Sürekli Lig,Fikstür,Bilgi,Takım,Jenerik,Türkçe,Body,Fikstür,Çekirdek,,,,,,,hayir,,,,,,,,,,,,,,hayır,Çekirdek
philadelphia 76ers puan durumu,NBA,Basketbol,Lig,1. Seviye,Çekirdek,Erkek,Kulüp,Takım Sporu,ABD,Yabancı,Yok,TV+ Var,Yıllık,Sürekli Lig,Puan Durumu,Bilgi,Takım,Jenerik,İngilizce,Body,Puan Durumu,Çekirdek,10,LOW,1,,,,evet,,10,0,10,0,0,10,0,10,0,10,10,10,hayır,Çekirdek
philadelphia 76ers kadrosu,NBA,Basketbol,Lig,1. Seviye,Çekirdek,Erkek,Kulüp,Takım Sporu,ABD,Yabancı,Yok,TV+ Var,Yıllık,Sürekli Lig,Kadro,Bilgi,Takım,Jenerik,İngilizce,Body,Kadro,Çekirdek,90,LOW,1,,,,evet,,10,10,10,10,10,10,20,20,30,70,30,20,hayır,Çekirdek
philadelphia 76ers canlı izle,NBA,Basketbol,Lig,1. Seviye,Çekirdek,Erkek,Kulüp,Takım Sporu,ABD,Yabancı,Yok,TV+ Var,Yıllık,Sürekli Lig,Canlı İzle,İzleme,Takım,Jenerik,Türkçe,Body,Canlı İzle,Çekirdek,10,,,,,,evet,,0,10,10,10,0,10,10,10,10,0,0,10,hayır,Çekirdek
philadelphia 76ers transfer,NBA,Basketbol,Lig,1. Seviye,Çekirdek,Erkek,Kulüp,Takım Sporu,ABD,Yabancı,Yok,TV+ Var,Yıllık,Sürekli Lig,Transfer,Bilgi,Takım,Jenerik,İngilizce,Body,Transfer,Çekirdek,10,LOW,1,,,,evet,,10,0,0,0,0,0,0,0,0,0,0,0,hayır,Çekirdek
cleveland cavaliers,NBA,Basketbol,Lig,1. Seviye,Çekirdek,Erkek,Kulüp,Takım Sporu,ABD,Yabancı,Yok,TV+ Var,Yıllık,Sürekli Lig,Takım Jenerik,Bilgi,Takım,Jenerik,İngilizce,Head,Takım Jenerik,Çekirdek,9900,LOW,3,0.53,0.18,0.81,evet,,1300,33100,12100,9900,9900,12100,14800,14800,6600,2900,720,1300,hayır,Çekirdek
cleveland cavaliers maçları,NBA,Basketbol,Lig,1. Seviye,Çekirdek,Erkek,Kulüp,Takım Sporu,ABD,Yabancı,Yok,TV+ Var,Yıllık,Sürekli Lig,Takım Maç Sorgusu,Bilgi,Takım,Jenerik,Türkçe,Body,Takım Maç Sorgusu,Çekirdek,10,LOW,13,,,,evet,,0,30,10,10,10,10,10,10,10,0,10,10,hayır,Çekirdek
cleveland cavaliers fikstür,NBA,Basketbol,Lig,1. Seviye,Çekirdek,Erkek,Kulüp,Takım Sporu,ABD,Yabancı,Yok,TV+ Var,Yıllık,Sürekli Lig,Fikstür,Bilgi,Takım,Jenerik,Türkçe,Body,Fikstür,Çekirdek,10,,,,,,evet,,10,0,10,10,0,10,10,0,0,10,10,10,hayır,Çekirdek
cleveland cavaliers puan durumu,NBA,Basketbol,Lig,1. Seviye,Çekirdek,Erkek,Kulüp,Takım Sporu,ABD,Yabancı,Yok,TV+ Var,Yıllık,Sürekli Lig,Puan Durumu,Bilgi,Takım,Jenerik,İngilizce,Body,Puan Durumu,Çekirdek,10,LOW,0,,,,evet,,0,0,0,10,10,0,10,10,0,10,10,0,hayır,Çekirdek
cleveland cavaliers kadrosu,NBA,Basketbol,Lig,1. Seviye,Çekirdek,Erkek,Kulüp,Takım Sporu,ABD,Yabancı,Yok,TV+ Var,Yıllık,Sürekli Lig,Kadro,Bilgi,Takım,Jenerik,İngilizce,Body,Kadro,Çekirdek,50,LOW,1,,,,evet,,30,90,70,30,50,30,40,50,40,90,40,20,hayır,Çekirdek
cleveland cavaliers canlı izle,NBA,Basketbol,Lig,1. Seviye,Çekirdek,Erkek,Kulüp,Takım Sporu,ABD,Yabancı,Yok,TV+ Var,Yıllık,Sürekli Lig,Canlı İzle,İzleme,Takım,Jenerik,Türkçe,Body,Canlı İzle,Çekirdek,10,LOW,29,,,,evet,,10,10,10,10,10,10,10,10,10,0,0,0,hayır,Çekirdek
cleveland cavaliers transfer,NBA,Basketbol,Lig,1. Seviye,Çekirdek,Erkek,Kulüp,Takım Sporu,ABD,Yabancı,Yok,TV+ Var,Yıllık,Sürekli Lig,Transfer,Bilgi,Takım,Jenerik,İngilizce,Body,Transfer,Çekirdek,10,LOW,0,,,,evet,,0,10,0,10,10,10,10,0,10,10,10,0,hayır,Çekirdek
houston rockets,NBA,Basketbol,Lig,1. Seviye,Çekirdek,Erkek,Kulüp,Takım Sporu,ABD,Yabancı,Yok,TV+ Var,Yıllık,Sürekli Lig,Takım Jenerik,Bilgi,Takım,Jenerik,İngilizce,Head,Takım Jenerik,Çekirdek,246000,LOW,3,0.62,0.17,0.61,evet,,8100,90500,450000,301000,301000,368000,450000,450000,201000,110000,12100,14800,hayır,Çekirdek
houston rockets maçları,NBA,Basketbol,Lig,1. Seviye,Çekirdek,Erkek,Kulüp,Takım Sporu,ABD,Yabancı,Yok,TV+ Var,Yıllık,Sürekli Lig,Takım Maç Sorgusu,Bilgi,Takım,Jenerik,Türkçe,Body,Takım Maç Sorgusu,Çekirdek,390,LOW,8,,,,evet,,70,110,590,480,480,720,880,880,590,170,50,50,hayır,Çekirdek
houston rockets fikstür,NBA,Basketbol,Lig,1. Seviye,Çekirdek,Erkek,Kulüp,Takım Sporu,ABD,Yabancı,Yok,TV+ Var,Yıllık,Sürekli Lig,Fikstür,Bilgi,Takım,Jenerik,Türkçe,Body,Fikstür,Çekirdek,260,LOW,18,,,,evet,,10,70,390,260,320,390,720,720,390,70,30,10,hayır,Çekirdek
houston rockets puan durumu,NBA,Basketbol,Lig,1. Seviye,Çekirdek,Erkek,Kulüp,Takım Sporu,ABD,Yabancı,Yok,TV+ Var,Yıllık,Sürekli Lig,Puan Durumu,Bilgi,Takım,Jenerik,İngilizce,Body,Puan Durumu,Çekirdek,720,LOW,0,,,,evet,,70,110,720,720,720,880,1000,1600,210,1600,50,20,hayır,Çekirdek
houston rockets kadrosu,NBA,Basketbol,Lig,1. Seviye,Çekirdek,Erkek,Kulüp,Takım Sporu,ABD,Yabancı,Yok,TV+ Var,Yıllık,Sürekli Lig,Kadro,Bilgi,Takım,Jenerik,İngilizce,Body,Kadro,Çekirdek,40,LOW,0,,,,evet,,10,20,20,10,10,20,30,70,70,90,40,40,hayır,Çekirdek
houston rockets canlı izle,NBA,Basketbol,Lig,1. Seviye,Çekirdek,Erkek,Kulüp,Takım Sporu,ABD,Yabancı,Yok,TV+ Var,Yıllık,Sürekli Lig,Canlı İzle,İzleme,Takım,Jenerik,Türkçe,Body,Canlı İzle,Çekirdek,390,LOW,21,0.18,,,evet,,10,90,480,320,720,590,590,1300,590,10,10,10,hayır,Çekirdek
houston rockets transfer,NBA,Basketbol,Lig,1. Seviye,Çekirdek,Erkek,Kulüp,Takım Sporu,ABD,Yabancı,Yok,TV+ Var,Yıllık,Sürekli Lig,Transfer,Bilgi,Takım,Jenerik,İngilizce,Body,Transfer,Çekirdek,70,LOW,1,,,,evet,,50,20,10,10,10,10,20,70,140,210,110,210,hayır,Çekirdek
san antonio spurs,NBA,Basketbol,Lig,1. Seviye,Çekirdek,Erkek,Kulüp,Takım Sporu,ABD,Yabancı,Yok,TV+ Var,Yıllık,Sürekli Lig,Takım Jenerik,Bilgi,Takım,Jenerik,İngilizce,Body,Takım Jenerik,Çekirdek,18100,LOW,3,0.42,0.18,1,evet,,49500,60500,18100,18100,9900,14800,18100,22200,14800,2400,880,1600,hayır,Çekirdek
san antonio spurs maçları,NBA,Basketbol,Lig,1. Seviye,Çekirdek,Erkek,Kulüp,Takım Sporu,ABD,Yabancı,Yok,TV+ Var,Yıllık,Sürekli Lig,Takım Maç Sorgusu,Bilgi,Takım,Jenerik,Türkçe,Body,Takım Maç Sorgusu,Çekirdek,,,,,,,hayir,,,,,,,,,,,,,,hayır,Çekirdek
san antonio spurs fikstür,NBA,Basketbol,Lig,1. Seviye,Çekirdek,Erkek,Kulüp,Takım Sporu,ABD,Yabancı,Yok,TV+ Var,Yıllık,Sürekli Lig,Fikstür,Bilgi,Takım,Jenerik,Türkçe,Body,Fikstür,Çekirdek,20,LOW,0,,,,evet,,20,30,30,30,20,20,30,30,20,0,10,10,hayır,Çekirdek
san antonio spurs puan durumu,NBA,Basketbol,Lig,1. Seviye,Çekirdek,Erkek,Kulüp,Takım Sporu,ABD,Yabancı,Yok,TV+ Var,Yıllık,Sürekli Lig,Puan Durumu,Bilgi,Takım,Jenerik,İngilizce,Long-tail,Puan Durumu,Çekirdek,10,,,,,,evet,,10,10,0,10,10,0,10,10,10,10,10,10,hayır,Çekirdek
san antonio spurs kadrosu,NBA,Basketbol,Lig,1. Seviye,Çekirdek,Erkek,Kulüp,Takım Sporu,ABD,Yabancı,Yok,TV+ Var,Yıllık,Sürekli Lig,Kadro,Bilgi,Takım,Jenerik,İngilizce,Body,Kadro,Çekirdek,140,LOW,1,,,,evet,,390,480,110,70,110,70,90,90,110,90,30,50,hayır,Çekirdek
san antonio spurs canlı izle,NBA,Basketbol,Lig,1. Seviye,Çekirdek,Erkek,Kulüp,Takım Sporu,ABD,Yabancı,Yok,TV+ Var,Yıllık,Sürekli Lig,Canlı İzle,İzleme,Takım,Jenerik,Türkçe,Long-tail,Canlı İzle,Çekirdek,10,LOW,7,0.51,,,evet,,50,70,10,10,10,10,10,10,10,0,0,0,hayır,Çekirdek
san antonio spurs transfer,NBA,Basketbol,Lig,1. Seviye,Çekirdek,Erkek,Kulüp,Takım Sporu,ABD,Yabancı,Yok,TV+ Var,Yıllık,Sürekli Lig,Transfer,Bilgi,Takım,Jenerik,İngilizce,Body,Transfer,Çekirdek,10,LOW,0,,,,evet,,10,10,10,10,10,10,10,10,10,10,10,10,hayır,Çekirdek
brooklyn nets,NBA,Basketbol,Lig,1. Seviye,Çekirdek,Erkek,Kulüp,Takım Sporu,ABD,Yabancı,Yok,TV+ Var,Yıllık,Sürekli Lig,Takım Jenerik,Bilgi,Takım,Jenerik,İngilizce,Head,Takım Jenerik,Çekirdek,3600,LOW,5,0.23,0.24,0.66,evet,,1000,1300,2400,8100,3600,6600,5400,5400,6600,1900,880,1300,hayır,Çekirdek
brooklyn nets maçları,NBA,Basketbol,Lig,1. Seviye,Çekirdek,Erkek,Kulüp,Takım Sporu,ABD,Yabancı,Yok,TV+ Var,Yıllık,Sürekli Lig,Takım Maç Sorgusu,Bilgi,Takım,Jenerik,Türkçe,Body,Takım Maç Sorgusu,Çekirdek,10,LOW,10,,,,evet,,10,10,10,10,10,10,10,10,10,10,0,10,hayır,Çekirdek
brooklyn nets fikstür,NBA,Basketbol,Lig,1. Seviye,Çekirdek,Erkek,Kulüp,Takım Sporu,ABD,Yabancı,Yok,TV+ Var,Yıllık,Sürekli Lig,Fikstür,Bilgi,Takım,Jenerik,Türkçe,Body,Fikstür,Çekirdek,10,LOW,0,,,,evet,,0,0,10,10,10,10,10,10,10,0,0,10,hayır,Çekirdek
brooklyn nets puan durumu,NBA,Basketbol,Lig,1. Seviye,Çekirdek,Erkek,Kulüp,Takım Sporu,ABD,Yabancı,Yok,TV+ Var,Yıllık,Sürekli Lig,Puan Durumu,Bilgi,Takım,Jenerik,İngilizce,Body,Puan Durumu,Çekirdek,10,LOW,0,,,,evet,,10,10,10,10,10,10,0,10,10,10,10,10,hayır,Çekirdek
brooklyn nets kadrosu,NBA,Basketbol,Lig,1. Seviye,Çekirdek,Erkek,Kulüp,Takım Sporu,ABD,Yabancı,Yok,TV+ Var,Yıllık,Sürekli Lig,Kadro,Bilgi,Takım,Jenerik,İngilizce,Body,Kadro,Çekirdek,40,LOW,8,,,,evet,,20,10,10,20,10,30,20,50,110,70,20,30,hayır,Çekirdek
brooklyn nets canlı izle,NBA,Basketbol,Lig,1. Seviye,Çekirdek,Erkek,Kulüp,Takım Sporu,ABD,Yabancı,Yok,TV+ Var,Yıllık,Sürekli Lig,Canlı İzle,İzleme,Takım,Jenerik,Türkçe,Body,Canlı İzle,Çekirdek,10,,,,,,evet,,0,0,0,10,0,10,0,10,10,0,0,0,hayır,Çekirdek
brooklyn nets transfer,NBA,Basketbol,Lig,1. Seviye,Çekirdek,Erkek,Kulüp,Takım Sporu,ABD,Yabancı,Yok,TV+ Var,Yıllık,Sürekli Lig,Transfer,Bilgi,Takım,Jenerik,İngilizce,Body,Transfer,Çekirdek,10,,,,,,evet,,10,0,0,0,10,0,0,0,10,0,0,10,hayır,Çekirdek
toronto raptors,NBA,Basketbol,Lig,1. Seviye,Çekirdek,Erkek,Kulüp,Takım Sporu,ABD,Yabancı,Yok,TV+ Var,Yıllık,Sürekli Lig,Takım Jenerik,Bilgi,Takım,Jenerik,İngilizce,Head,Takım Jenerik,Çekirdek,5400,LOW,6,0.51,0.22,0.85,evet,,1300,4400,9900,8100,5400,8100,9900,9900,8100,1300,590,1000,hayır,Çekirdek
toronto raptors maçları,NBA,Basketbol,Lig,1. Seviye,Çekirdek,Erkek,Kulüp,Takım Sporu,ABD,Yabancı,Yok,TV+ Var,Yıllık,Sürekli Lig,Takım Maç Sorgusu,Bilgi,Takım,Jenerik,Türkçe,Body,Takım Maç Sorgusu,Çekirdek,10,,,,,,evet,,10,0,10,10,10,10,10,10,10,0,0,10,hayır,Çekirdek
toronto raptors fikstür,NBA,Basketbol,Lig,1. Seviye,Çekirdek,Erkek,Kulüp,Takım Sporu,ABD,Yabancı,Yok,TV+ Var,Yıllık,Sürekli Lig,Fikstür,Bilgi,Takım,Jenerik,Türkçe,Body,Fikstür,Çekirdek,10,,,,,,evet,,10,10,10,0,10,10,10,10,10,10,0,0,hayır,Çekirdek
toronto raptors puan durumu,NBA,Basketbol,Lig,1. Seviye,Çekirdek,Erkek,Kulüp,Takım Sporu,ABD,Yabancı,Yok,TV+ Var,Yıllık,Sürekli Lig,Puan Durumu,Bilgi,Takım,Jenerik,İngilizce,Body,Puan Durumu,Çekirdek,10,LOW,0,,,,evet,,0,10,0,0,10,0,10,0,10,0,10,10,hayır,Çekirdek
toronto raptors kadrosu,NBA,Basketbol,Lig,1. Seviye,Çekirdek,Erkek,Kulüp,Takım Sporu,ABD,Yabancı,Yok,TV+ Var,Yıllık,Sürekli Lig,Kadro,Bilgi,Takım,Jenerik,İngilizce,Body,Kadro,Çekirdek,40,LOW,2,,,,evet,,70,30,40,30,20,40,40,50,50,20,10,30,hayır,Çekirdek
toronto raptors canlı izle,NBA,Basketbol,Lig,1. Seviye,Çekirdek,Erkek,Kulüp,Takım Sporu,ABD,Yabancı,Yok,TV+ Var,Yıllık,Sürekli Lig,Canlı İzle,İzleme,Takım,Jenerik,Türkçe,Body,Canlı İzle,Çekirdek,10,LOW,29,,,,evet,,0,10,10,10,10,10,10,10,10,0,0,10,hayır,Çekirdek
toronto raptors transfer,NBA,Basketbol,Lig,1. Seviye,Çekirdek,Erkek,Kulüp,Takım Sporu,ABD,Yabancı,Yok,TV+ Var,Yıllık,Sürekli Lig,Transfer,Bilgi,Takım,Jenerik,İngilizce,Body,Transfer,Çekirdek,10,LOW,5,,,,evet,,10,0,0,0,10,0,0,0,0,10,10,10,hayır,Çekirdek
atlanta hawks,NBA,Basketbol,Lig,1. Seviye,Çekirdek,Erkek,Kulüp,Takım Sporu,ABD,Yabancı,Yok,TV+ Var,Yıllık,Sürekli Lig,Takım Jenerik,Bilgi,Takım,Jenerik,İngilizce,Head,Takım Jenerik,Çekirdek,6600,LOW,2,,0.15,3.83,evet,,880,3600,12100,9900,4400,9900,12100,12100,6600,1000,720,1000,hayır,Çekirdek
atlanta hawks maçları,NBA,Basketbol,Lig,1. Seviye,Çekirdek,Erkek,Kulüp,Takım Sporu,ABD,Yabancı,Yok,TV+ Var,Yıllık,Sürekli Lig,Takım Maç Sorgusu,Bilgi,Takım,Jenerik,Türkçe,Body,Takım Maç Sorgusu,Çekirdek,,,,,,,hayir,,,,,,,,,,,,,,hayır,Çekirdek
atlanta hawks fikstür,NBA,Basketbol,Lig,1. Seviye,Çekirdek,Erkek,Kulüp,Takım Sporu,ABD,Yabancı,Yok,TV+ Var,Yıllık,Sürekli Lig,Fikstür,Bilgi,Takım,Jenerik,Türkçe,Body,Fikstür,Çekirdek,,,,,,,hayir,,,,,,,,,,,,,,hayır,Çekirdek
atlanta hawks puan durumu,NBA,Basketbol,Lig,1. Seviye,Çekirdek,Erkek,Kulüp,Takım Sporu,ABD,Yabancı,Yok,TV+ Var,Yıllık,Sürekli Lig,Puan Durumu,Bilgi,Takım,Jenerik,İngilizce,Body,Puan Durumu,Çekirdek,10,LOW,0,,,,evet,,0,0,10,10,0,0,10,10,10,0,10,10,hayır,Çekirdek
atlanta hawks kadrosu,NBA,Basketbol,Lig,1. Seviye,Çekirdek,Erkek,Kulüp,Takım Sporu,ABD,Yabancı,Yok,TV+ Var,Yıllık,Sürekli Lig,Kadro,Bilgi,Takım,Jenerik,İngilizce,Body,Kadro,Çekirdek,30,LOW,0,,,,evet,,30,20,70,20,10,30,40,50,50,20,20,40,hayır,Çekirdek
atlanta hawks canlı izle,NBA,Basketbol,Lig,1. Seviye,Çekirdek,Erkek,Kulüp,Takım Sporu,ABD,Yabancı,Yok,TV+ Var,Yıllık,Sürekli Lig,Canlı İzle,İzleme,Takım,Jenerik,Türkçe,Body,Canlı İzle,Çekirdek,10,,,,,,evet,,0,0,0,10,10,10,10,10,10,0,0,10,hayır,Çekirdek
atlanta hawks transfer,NBA,Basketbol,Lig,1. Seviye,Çekirdek,Erkek,Kulüp,Takım Sporu,ABD,Yabancı,Yok,TV+ Var,Yıllık,Sürekli Lig,Transfer,Bilgi,Takım,Jenerik,İngilizce,Body,Transfer,Çekirdek,,,,,,,hayir,,,,,,,,,,,,,,hayır,Çekirdek
memphis grizzlies,NBA,Basketbol,Lig,1. Seviye,Çekirdek,Erkek,Kulüp,Takım Sporu,ABD,Yabancı,Yok,TV+ Var,Yıllık,Sürekli Lig,Takım Jenerik,Bilgi,Takım,Jenerik,İngilizce,Head,Takım Jenerik,Çekirdek,4400,LOW,8,0.32,0.22,1.63,evet,,1000,3600,2900,6600,5400,9900,8100,9900,6600,1900,880,3600,hayır,Çekirdek
memphis grizzlies maçları,NBA,Basketbol,Lig,1. Seviye,Çekirdek,Erkek,Kulüp,Takım Sporu,ABD,Yabancı,Yok,TV+ Var,Yıllık,Sürekli Lig,Takım Maç Sorgusu,Bilgi,Takım,Jenerik,Türkçe,Body,Takım Maç Sorgusu,Çekirdek,,,,,,,hayir,,,,,,,,,,,,,,hayır,Çekirdek
memphis grizzlies fikstür,NBA,Basketbol,Lig,1. Seviye,Çekirdek,Erkek,Kulüp,Takım Sporu,ABD,Yabancı,Yok,TV+ Var,Yıllık,Sürekli Lig,Fikstür,Bilgi,Takım,Jenerik,Türkçe,Body,Fikstür,Çekirdek,,,,,,,hayir,,,,,,,,,,,,,,hayır,Çekirdek
memphis grizzlies puan durumu,NBA,Basketbol,Lig,1. Seviye,Çekirdek,Erkek,Kulüp,Takım Sporu,ABD,Yabancı,Yok,TV+ Var,Yıllık,Sürekli Lig,Puan Durumu,Bilgi,Takım,Jenerik,İngilizce,Body,Puan Durumu,Çekirdek,10,LOW,0,,,,evet,,10,10,0,0,0,10,10,0,0,10,10,20,hayır,Çekirdek
memphis grizzlies kadrosu,NBA,Basketbol,Lig,1. Seviye,Çekirdek,Erkek,Kulüp,Takım Sporu,ABD,Yabancı,Yok,TV+ Var,Yıllık,Sürekli Lig,Kadro,Bilgi,Takım,Jenerik,İngilizce,Body,Kadro,Çekirdek,50,LOW,1,,,,evet,,90,140,20,20,20,40,40,40,90,30,20,30,hayır,Çekirdek
memphis grizzlies canlı izle,NBA,Basketbol,Lig,1. Seviye,Çekirdek,Erkek,Kulüp,Takım Sporu,ABD,Yabancı,Yok,TV+ Var,Yıllık,Sürekli Lig,Canlı İzle,İzleme,Takım,Jenerik,Türkçe,Body,Canlı İzle,Çekirdek,10,,,,,,evet,,0,0,0,10,10,10,10,10,10,10,0,0,hayır,Çekirdek
memphis grizzlies transfer,NBA,Basketbol,Lig,1. Seviye,Çekirdek,Erkek,Kulüp,Takım Sporu,ABD,Yabancı,Yok,TV+ Var,Yıllık,Sürekli Lig,Transfer,Bilgi,Takım,Jenerik,İngilizce,Body,Transfer,Çekirdek,,,,,,,hayir,,,,,,,,,,,,,,hayır,Çekirdek
minnesota timberwolves,NBA,Basketbol,Lig,1. Seviye,Çekirdek,Erkek,Kulüp,Takım Sporu,ABD,Yabancı,Yok,TV+ Var,Yıllık,Sürekli Lig,Takım Jenerik,Bilgi,Takım,Jenerik,İngilizce,Head,Takım Jenerik,Çekirdek,6600,LOW,4,0.38,0.17,0.65,evet,,1600,14800,12100,9900,5400,9900,9900,8100,6600,1600,880,1300,hayır,Çekirdek
minnesota timberwolves maçları,NBA,Basketbol,Lig,1. Seviye,Çekirdek,Erkek,Kulüp,Takım Sporu,ABD,Yabancı,Yok,TV+ Var,Yıllık,Sürekli Lig,Takım Maç Sorgusu,Bilgi,Takım,Jenerik,Türkçe,Body,Takım Maç Sorgusu,Çekirdek,,,,,,,hayir,,,,,,,,,,,,,,hayır,Çekirdek
minnesota timberwolves fikstür,NBA,Basketbol,Lig,1. Seviye,Çekirdek,Erkek,Kulüp,Takım Sporu,ABD,Yabancı,Yok,TV+ Var,Yıllık,Sürekli Lig,Fikstür,Bilgi,Takım,Jenerik,Türkçe,Body,Fikstür,Çekirdek,,,,,,,hayir,,,,,,,,,,,,,,hayır,Çekirdek
minnesota timberwolves puan durumu,NBA,Basketbol,Lig,1. Seviye,Çekirdek,Erkek,Kulüp,Takım Sporu,ABD,Yabancı,Yok,TV+ Var,Yıllık,Sürekli Lig,Puan Durumu,Bilgi,Takım,Jenerik,İngilizce,Body,Puan Durumu,Çekirdek,10,,,,,,evet,,0,0,10,0,10,10,0,10,10,10,0,0,hayır,Çekirdek
minnesota timberwolves kadrosu,NBA,Basketbol,Lig,1. Seviye,Çekirdek,Erkek,Kulüp,Takım Sporu,ABD,Yabancı,Yok,TV+ Var,Yıllık,Sürekli Lig,Kadro,Bilgi,Takım,Jenerik,İngilizce,Body,Kadro,Çekirdek,50,LOW,2,,,,evet,,90,70,70,40,40,50,70,50,70,50,30,30,hayır,Çekirdek
minnesota timberwolves canlı izle,NBA,Basketbol,Lig,1. Seviye,Çekirdek,Erkek,Kulüp,Takım Sporu,ABD,Yabancı,Yok,TV+ Var,Yıllık,Sürekli Lig,Canlı İzle,İzleme,Takım,Jenerik,Türkçe,Body,Canlı İzle,Çekirdek,,,,,,,hayir,,,,,,,,,,,,,,hayır,Çekirdek
minnesota timberwolves transfer,NBA,Basketbol,Lig,1. Seviye,Çekirdek,Erkek,Kulüp,Takım Sporu,ABD,Yabancı,Yok,TV+ Var,Yıllık,Sürekli Lig,Transfer,Bilgi,Takım,Jenerik,İngilizce,Body,Transfer,Çekirdek,10,LOW,0,,,,evet,,0,0,0,0,0,0,0,0,0,0,0,0,hayır,Çekirdek
orlando magic,NBA,Basketbol,Lig,1. Seviye,Çekirdek,Erkek,Kulüp,Takım Sporu,ABD,Yabancı,Yok,TV+ Var,Yıllık,Sürekli Lig,Takım Jenerik,Bilgi,Takım,Jenerik,İngilizce,Head,Takım Jenerik,Çekirdek,8100,LOW,3,0.25,0.24,0.79,evet,,880,9900,18100,12100,8100,12100,12100,14800,9900,5400,720,880,hayır,Çekirdek
orlando magic maçları,NBA,Basketbol,Lig,1. Seviye,Çekirdek,Erkek,Kulüp,Takım Sporu,ABD,Yabancı,Yok,TV+ Var,Yıllık,Sürekli Lig,Takım Maç Sorgusu,Bilgi,Takım,Jenerik,Türkçe,Body,Takım Maç Sorgusu,Çekirdek,10,LOW,0,,,,evet,,10,10,10,10,10,10,10,10,10,10,10,10,hayır,Çekirdek
orlando magic fikstür,NBA,Basketbol,Lig,1. Seviye,Çekirdek,Erkek,Kulüp,Takım Sporu,ABD,Yabancı,Yok,TV+ Var,Yıllık,Sürekli Lig,Fikstür,Bilgi,Takım,Jenerik,Türkçe,Body,Fikstür,Çekirdek,,,,,,,hayir,,,,,,,,,,,,,,hayır,Çekirdek
orlando magic puan durumu,NBA,Basketbol,Lig,1. Seviye,Çekirdek,Erkek,Kulüp,Takım Sporu,ABD,Yabancı,Yok,TV+ Var,Yıllık,Sürekli Lig,Puan Durumu,Bilgi,Takım,Jenerik,İngilizce,Body,Puan Durumu,Çekirdek,10,,,,,,evet,,10,10,10,10,10,10,10,20,10,10,10,10,hayır,Çekirdek
orlando magic kadrosu,NBA,Basketbol,Lig,1. Seviye,Çekirdek,Erkek,Kulüp,Takım Sporu,ABD,Yabancı,Yok,TV+ Var,Yıllık,Sürekli Lig,Kadro,Bilgi,Takım,Jenerik,İngilizce,Body,Kadro,Çekirdek,110,LOW,1,,,,evet,,50,90,140,90,110,140,110,170,110,140,70,40,hayır,Çekirdek
orlando magic canlı izle,NBA,Basketbol,Lig,1. Seviye,Çekirdek,Erkek,Kulüp,Takım Sporu,ABD,Yabancı,Yok,TV+ Var,Yıllık,Sürekli Lig,Canlı İzle,İzleme,Takım,Jenerik,Türkçe,Body,Canlı İzle,Çekirdek,10,LOW,29,,,,evet,,0,10,10,10,10,10,10,10,10,0,0,10,hayır,Çekirdek
orlando magic transfer,NBA,Basketbol,Lig,1. Seviye,Çekirdek,Erkek,Kulüp,Takım Sporu,ABD,Yabancı,Yok,TV+ Var,Yıllık,Sürekli Lig,Transfer,Bilgi,Takım,Jenerik,İngilizce,Body,Transfer,Çekirdek,,,,,,,hayir,,,,,,,,,,,,,,hayır,Çekirdek
indiana pacers,NBA,Basketbol,Lig,1. Seviye,Çekirdek,Erkek,Kulüp,Takım Sporu,ABD,Yabancı,Yok,TV+ Var,Yıllık,Sürekli Lig,Takım Jenerik,Bilgi,Takım,Jenerik,İngilizce,Head,Takım Jenerik,Çekirdek,4400,LOW,4,,0.18,0.7,evet,,720,1900,3600,6600,5400,8100,8100,8100,5400,1300,1300,2400,hayır,Çekirdek
indiana pacers maçları,NBA,Basketbol,Lig,1. Seviye,Çekirdek,Erkek,Kulüp,Takım Sporu,ABD,Yabancı,Yok,TV+ Var,Yıllık,Sürekli Lig,Takım Maç Sorgusu,Bilgi,Takım,Jenerik,Türkçe,Body,Takım Maç Sorgusu,Çekirdek,,,,,,,hayir,,,,,,,,,,,,,,hayır,Çekirdek
indiana pacers fikstür,NBA,Basketbol,Lig,1. Seviye,Çekirdek,Erkek,Kulüp,Takım Sporu,ABD,Yabancı,Yok,TV+ Var,Yıllık,Sürekli Lig,Fikstür,Bilgi,Takım,Jenerik,Türkçe,Body,Fikstür,Çekirdek,,,,,,,hayir,,,,,,,,,,,,,,hayır,Çekirdek
indiana pacers puan durumu,NBA,Basketbol,Lig,1. Seviye,Çekirdek,Erkek,Kulüp,Takım Sporu,ABD,Yabancı,Yok,TV+ Var,Yıllık,Sürekli Lig,Puan Durumu,Bilgi,Takım,Jenerik,İngilizce,Body,Puan Durumu,Çekirdek,,,,,,,hayir,,,,,,,,,,,,,,hayır,Çekirdek
indiana pacers kadrosu,NBA,Basketbol,Lig,1. Seviye,Çekirdek,Erkek,Kulüp,Takım Sporu,ABD,Yabancı,Yok,TV+ Var,Yıllık,Sürekli Lig,Kadro,Bilgi,Takım,Jenerik,İngilizce,Body,Kadro,Çekirdek,70,LOW,1,,,,evet,,90,70,30,40,70,50,50,90,90,70,50,70,hayır,Çekirdek
indiana pacers canlı izle,NBA,Basketbol,Lig,1. Seviye,Çekirdek,Erkek,Kulüp,Takım Sporu,ABD,Yabancı,Yok,TV+ Var,Yıllık,Sürekli Lig,Canlı İzle,İzleme,Takım,Jenerik,Türkçe,Body,Canlı İzle,Çekirdek,10,LOW,0,,,,evet,,0,0,10,10,10,10,10,0,10,0,0,10,hayır,Çekirdek
indiana pacers transfer,NBA,Basketbol,Lig,1. Seviye,Çekirdek,Erkek,Kulüp,Takım Sporu,ABD,Yabancı,Yok,TV+ Var,Yıllık,Sürekli Lig,Transfer,Bilgi,Takım,Jenerik,İngilizce,Body,Transfer,Çekirdek,,,,,,,hayir,,,,,,,,,,,,,,hayır,Çekirdek
sacramento kings,NBA,Basketbol,Lig,1. Seviye,Çekirdek,Erkek,Kulüp,Takım Sporu,ABD,Yabancı,Yok,TV+ Var,Yıllık,Sürekli Lig,Takım Jenerik,Bilgi,Takım,Jenerik,İngilizce,Head,Takım Jenerik,Çekirdek,5400,LOW,3,0.48,0.18,0.66,evet,,1000,1000,2900,8100,5400,9900,9900,12100,6600,5400,720,1000,hayır,Çekirdek
sacramento kings maçları,NBA,Basketbol,Lig,1. Seviye,Çekirdek,Erkek,Kulüp,Takım Sporu,ABD,Yabancı,Yok,TV+ Var,Yıllık,Sürekli Lig,Takım Maç Sorgusu,Bilgi,Takım,Jenerik,Türkçe,Body,Takım Maç Sorgusu,Çekirdek,10,LOW,0,,,,evet,,0,10,0,10,10,10,10,0,10,0,0,0,hayır,Çekirdek
sacramento kings fikstür,NBA,Basketbol,Lig,1. Seviye,Çekirdek,Erkek,Kulüp,Takım Sporu,ABD,Yabancı,Yok,TV+ Var,Yıllık,Sürekli Lig,Fikstür,Bilgi,Takım,Jenerik,Türkçe,Body,Fikstür,Çekirdek,10,,,,,,evet,,0,10,0,10,0,10,10,10,10,0,0,10,hayır,Çekirdek
sacramento kings puan durumu,NBA,Basketbol,Lig,1. Seviye,Çekirdek,Erkek,Kulüp,Takım Sporu,ABD,Yabancı,Yok,TV+ Var,Yıllık,Sürekli Lig,Puan Durumu,Bilgi,Takım,Jenerik,İngilizce,Body,Puan Durumu,Çekirdek,10,LOW,0,,,,evet,,0,10,0,0,10,0,10,0,10,10,0,10,hayır,Çekirdek
sacramento kings kadrosu,NBA,Basketbol,Lig,1. Seviye,Çekirdek,Erkek,Kulüp,Takım Sporu,ABD,Yabancı,Yok,TV+ Var,Yıllık,Sürekli Lig,Kadro,Bilgi,Takım,Jenerik,İngilizce,Body,Kadro,Çekirdek,70,LOW,2,0.64,,,evet,,50,50,30,40,30,90,90,110,140,70,10,20,hayır,Çekirdek
sacramento kings canlı izle,NBA,Basketbol,Lig,1. Seviye,Çekirdek,Erkek,Kulüp,Takım Sporu,ABD,Yabancı,Yok,TV+ Var,Yıllık,Sürekli Lig,Canlı İzle,İzleme,Takım,Jenerik,Türkçe,Body,Canlı İzle,Çekirdek,10,,,,,,evet,,0,0,0,10,0,10,10,10,0,0,0,0,hayır,Çekirdek
sacramento kings transfer,NBA,Basketbol,Lig,1. Seviye,Çekirdek,Erkek,Kulüp,Takım Sporu,ABD,Yabancı,Yok,TV+ Var,Yıllık,Sürekli Lig,Transfer,Bilgi,Takım,Jenerik,İngilizce,Body,Transfer,Çekirdek,,,,,,,hayir,,,,,,,,,,,,,,hayır,Çekirdek
new orleans pelicans,NBA,Basketbol,Lig,1. Seviye,Çekirdek,Erkek,Kulüp,Takım Sporu,ABD,Yabancı,Yok,TV+ Var,Yıllık,Sürekli Lig,Takım Jenerik,Bilgi,Takım,Jenerik,İngilizce,Body,Takım Jenerik,Çekirdek,2900,LOW,4,0.31,0.19,0.55,evet,,480,720,1900,5400,3600,4400,6600,5400,3600,1000,590,720,hayır,Çekirdek
new orleans pelicans maçları,NBA,Basketbol,Lig,1. Seviye,Çekirdek,Erkek,Kulüp,Takım Sporu,ABD,Yabancı,Yok,TV+ Var,Yıllık,Sürekli Lig,Takım Maç Sorgusu,Bilgi,Takım,Jenerik,Türkçe,Body,Takım Maç Sorgusu,Çekirdek,,,,,,,hayir,,,,,,,,,,,,,,hayır,Çekirdek
new orleans pelicans fikstür,NBA,Basketbol,Lig,1. Seviye,Çekirdek,Erkek,Kulüp,Takım Sporu,ABD,Yabancı,Yok,TV+ Var,Yıllık,Sürekli Lig,Fikstür,Bilgi,Takım,Jenerik,Türkçe,Body,Fikstür,Çekirdek,10,,,,,,evet,,0,10,0,0,0,0,10,0,0,10,10,0,hayır,Çekirdek
new orleans pelicans puan durumu,NBA,Basketbol,Lig,1. Seviye,Çekirdek,Erkek,Kulüp,Takım Sporu,ABD,Yabancı,Yok,TV+ Var,Yıllık,Sürekli Lig,Puan Durumu,Bilgi,Takım,Jenerik,İngilizce,Long-tail,Puan Durumu,Çekirdek,10,,,,,,evet,,10,0,10,10,0,0,0,0,10,10,10,0,hayır,Çekirdek
new orleans pelicans kadrosu,NBA,Basketbol,Lig,1. Seviye,Çekirdek,Erkek,Kulüp,Takım Sporu,ABD,Yabancı,Yok,TV+ Var,Yıllık,Sürekli Lig,Kadro,Bilgi,Takım,Jenerik,İngilizce,Body,Kadro,Çekirdek,10,LOW,0,,,,evet,,10,0,0,10,10,10,10,10,10,10,10,0,hayır,Çekirdek
new orleans pelicans canlı izle,NBA,Basketbol,Lig,1. Seviye,Çekirdek,Erkek,Kulüp,Takım Sporu,ABD,Yabancı,Yok,TV+ Var,Yıllık,Sürekli Lig,Canlı İzle,İzleme,Takım,Jenerik,Türkçe,Long-tail,Canlı İzle,Çekirdek,,,,,,,hayir,,,,,,,,,,,,,,hayır,Çekirdek
new orleans pelicans transfer,NBA,Basketbol,Lig,1. Seviye,Çekirdek,Erkek,Kulüp,Takım Sporu,ABD,Yabancı,Yok,TV+ Var,Yıllık,Sürekli Lig,Transfer,Bilgi,Takım,Jenerik,İngilizce,Body,Transfer,Çekirdek,,,,,,,hayir,,,,,,,,,,,,,,hayır,Çekirdek
detroit pistons,NBA,Basketbol,Lig,1. Seviye,Çekirdek,Erkek,Kulüp,Takım Sporu,ABD,Yabancı,Yok,TV+ Var,Yıllık,Sürekli Lig,Takım Jenerik,Bilgi,Takım,Jenerik,İngilizce,Head,Takım Jenerik,Çekirdek,9900,LOW,2,0.29,0.24,1.4,evet,,1300,27100,14800,14800,9900,12100,9900,14800,6600,1000,590,1000,hayır,Çekirdek
detroit pistons maçları,NBA,Basketbol,Lig,1. Seviye,Çekirdek,Erkek,Kulüp,Takım Sporu,ABD,Yabancı,Yok,TV+ Var,Yıllık,Sürekli Lig,Takım Maç Sorgusu,Bilgi,Takım,Jenerik,Türkçe,Body,Takım Maç Sorgusu,Çekirdek,,,,,,,hayir,,,,,,,,,,,,,,hayır,Çekirdek
detroit pistons fikstür,NBA,Basketbol,Lig,1. Seviye,Çekirdek,Erkek,Kulüp,Takım Sporu,ABD,Yabancı,Yok,TV+ Var,Yıllık,Sürekli Lig,Fikstür,Bilgi,Takım,Jenerik,Türkçe,Body,Fikstür,Çekirdek,,,,,,,hayir,,,,,,,,,,,,,,hayır,Çekirdek
detroit pistons puan durumu,NBA,Basketbol,Lig,1. Seviye,Çekirdek,Erkek,Kulüp,Takım Sporu,ABD,Yabancı,Yok,TV+ Var,Yıllık,Sürekli Lig,Puan Durumu,Bilgi,Takım,Jenerik,İngilizce,Body,Puan Durumu,Çekirdek,10,LOW,0,,,,evet,,10,0,10,10,10,10,10,10,10,0,0,10,hayır,Çekirdek
detroit pistons kadrosu,NBA,Basketbol,Lig,1. Seviye,Çekirdek,Erkek,Kulüp,Takım Sporu,ABD,Yabancı,Yok,TV+ Var,Yıllık,Sürekli Lig,Kadro,Bilgi,Takım,Jenerik,İngilizce,Body,Kadro,Çekirdek,70,LOW,0,,,,evet,,50,140,90,90,70,110,90,110,90,20,10,20,hayır,Çekirdek
detroit pistons canlı izle,NBA,Basketbol,Lig,1. Seviye,Çekirdek,Erkek,Kulüp,Takım Sporu,ABD,Yabancı,Yok,TV+ Var,Yıllık,Sürekli Lig,Canlı İzle,İzleme,Takım,Jenerik,Türkçe,Body,Canlı İzle,Çekirdek,10,,,,,,evet,,0,20,10,10,10,10,0,10,10,0,0,0,hayır,Çekirdek
detroit pistons transfer,NBA,Basketbol,Lig,1. Seviye,Çekirdek,Erkek,Kulüp,Takım Sporu,ABD,Yabancı,Yok,TV+ Var,Yıllık,Sürekli Lig,Transfer,Bilgi,Takım,Jenerik,İngilizce,Body,Transfer,Çekirdek,10,LOW,0,,,,evet,,0,10,0,0,10,0,0,10,10,10,10,10,hayır,Çekirdek
portland trail blazers,NBA,Basketbol,Lig,1. Seviye,Çekirdek,Erkek,Kulüp,Takım Sporu,ABD,Yabancı,Yok,TV+ Var,Yıllık,Sürekli Lig,Takım Jenerik,Bilgi,Takım,Jenerik,İngilizce,Body,Takım Jenerik,Çekirdek,4400,LOW,6,0.37,0.32,1.23,evet,,1300,1000,8100,6600,5400,6600,6600,8100,3600,880,390,1000,hayır,Çekirdek
portland trail blazers maçları,NBA,Basketbol,Lig,1. Seviye,Çekirdek,Erkek,Kulüp,Takım Sporu,ABD,Yabancı,Yok,TV+ Var,Yıllık,Sürekli Lig,Takım Maç Sorgusu,Bilgi,Takım,Jenerik,Türkçe,Body,Takım Maç Sorgusu,Çekirdek,,,,,,,hayir,,,,,,,,,,,,,,hayır,Çekirdek
portland trail blazers fikstür,NBA,Basketbol,Lig,1. Seviye,Çekirdek,Erkek,Kulüp,Takım Sporu,ABD,Yabancı,Yok,TV+ Var,Yıllık,Sürekli Lig,Fikstür,Bilgi,Takım,Jenerik,Türkçe,Body,Fikstür,Çekirdek,,,,,,,hayir,,,,,,,,,,,,,,hayır,Çekirdek
portland trail blazers puan durumu,NBA,Basketbol,Lig,1. Seviye,Çekirdek,Erkek,Kulüp,Takım Sporu,ABD,Yabancı,Yok,TV+ Var,Yıllık,Sürekli Lig,Puan Durumu,Bilgi,Takım,Jenerik,İngilizce,Long-tail,Puan Durumu,Çekirdek,10,LOW,0,,,,evet,,10,0,0,0,0,10,10,10,0,0,0,0,hayır,Çekirdek
portland trail blazers kadrosu,NBA,Basketbol,Lig,1. Seviye,Çekirdek,Erkek,Kulüp,Takım Sporu,ABD,Yabancı,Yok,TV+ Var,Yıllık,Sürekli Lig,Kadro,Bilgi,Takım,Jenerik,İngilizce,Body,Kadro,Çekirdek,20,LOW,1,,,,evet,,20,10,20,10,10,20,10,20,20,20,20,20,hayır,Çekirdek
portland trail blazers canlı izle,NBA,Basketbol,Lig,1. Seviye,Çekirdek,Erkek,Kulüp,Takım Sporu,ABD,Yabancı,Yok,TV+ Var,Yıllık,Sürekli Lig,Canlı İzle,İzleme,Takım,Jenerik,Türkçe,Long-tail,Canlı İzle,Çekirdek,10,,,,,,evet,,0,0,10,10,0,10,0,0,0,0,0,0,hayır,Çekirdek
portland trail blazers transfer,NBA,Basketbol,Lig,1. Seviye,Çekirdek,Erkek,Kulüp,Takım Sporu,ABD,Yabancı,Yok,TV+ Var,Yıllık,Sürekli Lig,Transfer,Bilgi,Takım,Jenerik,İngilizce,Body,Transfer,Çekirdek,,,,,,,hayir,,,,,,,,,,,,,,hayır,Çekirdek
utah jazz,NBA,Basketbol,Lig,1. Seviye,Çekirdek,Erkek,Kulüp,Takım Sporu,ABD,Yabancı,Yok,TV+ Var,Yıllık,Sürekli Lig,Takım Jenerik,Bilgi,Takım,Jenerik,İngilizce,Head,Takım Jenerik,Çekirdek,5400,LOW,1,,0.14,1.64,evet,,1600,1900,3600,9900,6600,9900,9900,12100,5400,2400,1900,2900,hayır,Çekirdek
utah jazz maçları,NBA,Basketbol,Lig,1. Seviye,Çekirdek,Erkek,Kulüp,Takım Sporu,ABD,Yabancı,Yok,TV+ Var,Yıllık,Sürekli Lig,Takım Maç Sorgusu,Bilgi,Takım,Jenerik,Türkçe,Body,Takım Maç Sorgusu,Çekirdek,,,,,,,hayir,,,,,,,,,,,,,,hayır,Çekirdek
utah jazz fikstür,NBA,Basketbol,Lig,1. Seviye,Çekirdek,Erkek,Kulüp,Takım Sporu,ABD,Yabancı,Yok,TV+ Var,Yıllık,Sürekli Lig,Fikstür,Bilgi,Takım,Jenerik,Türkçe,Body,Fikstür,Çekirdek,10,LOW,0,,,,evet,,0,0,10,10,0,0,10,10,10,10,0,0,hayır,Çekirdek
utah jazz puan durumu,NBA,Basketbol,Lig,1. Seviye,Çekirdek,Erkek,Kulüp,Takım Sporu,ABD,Yabancı,Yok,TV+ Var,Yıllık,Sürekli Lig,Puan Durumu,Bilgi,Takım,Jenerik,İngilizce,Body,Puan Durumu,Çekirdek,10,,,,,,evet,,0,10,10,10,0,10,10,10,10,10,10,10,hayır,Çekirdek
utah jazz kadrosu,NBA,Basketbol,Lig,1. Seviye,Çekirdek,Erkek,Kulüp,Takım Sporu,ABD,Yabancı,Yok,TV+ Var,Yıllık,Sürekli Lig,Kadro,Bilgi,Takım,Jenerik,İngilizce,Body,Kadro,Çekirdek,30,LOW,1,,,,evet,,30,20,20,20,20,30,40,70,70,40,20,20,hayır,Çekirdek
utah jazz canlı izle,NBA,Basketbol,Lig,1. Seviye,Çekirdek,Erkek,Kulüp,Takım Sporu,ABD,Yabancı,Yok,TV+ Var,Yıllık,Sürekli Lig,Canlı İzle,İzleme,Takım,Jenerik,Türkçe,Body,Canlı İzle,Çekirdek,10,LOW,11,,,,evet,,0,0,0,0,10,10,10,10,10,0,0,10,hayır,Çekirdek
utah jazz transfer,NBA,Basketbol,Lig,1. Seviye,Çekirdek,Erkek,Kulüp,Takım Sporu,ABD,Yabancı,Yok,TV+ Var,Yıllık,Sürekli Lig,Transfer,Bilgi,Takım,Jenerik,İngilizce,Body,Transfer,Çekirdek,10,,,,,,evet,,0,0,0,0,0,0,0,10,0,0,0,0,hayır,Çekirdek
charlotte hornets,NBA,Basketbol,Lig,1. Seviye,Çekirdek,Erkek,Kulüp,Takım Sporu,ABD,Yabancı,Yok,TV+ Var,Yıllık,Sürekli Lig,Takım Jenerik,Bilgi,Takım,Jenerik,İngilizce,Head,Takım Jenerik,Çekirdek,5400,LOW,4,0.49,0.32,0.87,evet,,1900,1600,8100,12100,12100,8100,6600,6600,4400,1600,720,1300,hayır,Çekirdek
charlotte hornets maçları,NBA,Basketbol,Lig,1. Seviye,Çekirdek,Erkek,Kulüp,Takım Sporu,ABD,Yabancı,Yok,TV+ Var,Yıllık,Sürekli Lig,Takım Maç Sorgusu,Bilgi,Takım,Jenerik,Türkçe,Body,Takım Maç Sorgusu,Çekirdek,,,,,,,hayir,,,,,,,,,,,,,,hayır,Çekirdek
charlotte hornets fikstür,NBA,Basketbol,Lig,1. Seviye,Çekirdek,Erkek,Kulüp,Takım Sporu,ABD,Yabancı,Yok,TV+ Var,Yıllık,Sürekli Lig,Fikstür,Bilgi,Takım,Jenerik,Türkçe,Body,Fikstür,Çekirdek,,,,,,,hayir,,,,,,,,,,,,,,hayır,Çekirdek
charlotte hornets puan durumu,NBA,Basketbol,Lig,1. Seviye,Çekirdek,Erkek,Kulüp,Takım Sporu,ABD,Yabancı,Yok,TV+ Var,Yıllık,Sürekli Lig,Puan Durumu,Bilgi,Takım,Jenerik,İngilizce,Body,Puan Durumu,Çekirdek,10,,,,,,evet,,10,10,0,0,10,10,0,10,0,10,10,10,hayır,Çekirdek
charlotte hornets kadrosu,NBA,Basketbol,Lig,1. Seviye,Çekirdek,Erkek,Kulüp,Takım Sporu,ABD,Yabancı,Yok,TV+ Var,Yıllık,Sürekli Lig,Kadro,Bilgi,Takım,Jenerik,İngilizce,Body,Kadro,Çekirdek,,,,,,,hayir,,,,,,,,,,,,,,hayır,Çekirdek
charlotte hornets canlı izle,NBA,Basketbol,Lig,1. Seviye,Çekirdek,Erkek,Kulüp,Takım Sporu,ABD,Yabancı,Yok,TV+ Var,Yıllık,Sürekli Lig,Canlı İzle,İzleme,Takım,Jenerik,Türkçe,Body,Canlı İzle,Çekirdek,,,,,,,hayir,,,,,,,,,,,,,,hayır,Çekirdek
charlotte hornets transfer,NBA,Basketbol,Lig,1. Seviye,Çekirdek,Erkek,Kulüp,Takım Sporu,ABD,Yabancı,Yok,TV+ Var,Yıllık,Sürekli Lig,Transfer,Bilgi,Takım,Jenerik,İngilizce,Body,Transfer,Çekirdek,,,,,,,hayir,,,,,,,,,,,,,,hayır,Çekirdek
washington wizards,NBA,Basketbol,Lig,1. Seviye,Çekirdek,Erkek,Kulüp,Takım Sporu,ABD,Yabancı,Yok,TV+ Var,Yıllık,Sürekli Lig,Takım Jenerik,Bilgi,Takım,Jenerik,İngilizce,Head,Takım Jenerik,Çekirdek,2900,LOW,3,0.16,0.15,0.88,evet,,1000,1300,2900,6600,4400,6600,4400,4400,3600,720,390,880,hayır,Çekirdek
washington wizards maçları,NBA,Basketbol,Lig,1. Seviye,Çekirdek,Erkek,Kulüp,Takım Sporu,ABD,Yabancı,Yok,TV+ Var,Yıllık,Sürekli Lig,Takım Maç Sorgusu,Bilgi,Takım,Jenerik,Türkçe,Body,Takım Maç Sorgusu,Çekirdek,,,,,,,hayir,,,,,,,,,,,,,,hayır,Çekirdek
washington wizards fikstür,NBA,Basketbol,Lig,1. Seviye,Çekirdek,Erkek,Kulüp,Takım Sporu,ABD,Yabancı,Yok,TV+ Var,Yıllık,Sürekli Lig,Fikstür,Bilgi,Takım,Jenerik,Türkçe,Body,Fikstür,Çekirdek,,,,,,,hayir,,,,,,,,,,,,,,hayır,Çekirdek
washington wizards puan durumu,NBA,Basketbol,Lig,1. Seviye,Çekirdek,Erkek,Kulüp,Takım Sporu,ABD,Yabancı,Yok,TV+ Var,Yıllık,Sürekli Lig,Puan Durumu,Bilgi,Takım,Jenerik,İngilizce,Body,Puan Durumu,Çekirdek,,,,,,,hayir,,,,,,,,,,,,,,hayır,Çekirdek
washington wizards kadrosu,NBA,Basketbol,Lig,1. Seviye,Çekirdek,Erkek,Kulüp,Takım Sporu,ABD,Yabancı,Yok,TV+ Var,Yıllık,Sürekli Lig,Kadro,Bilgi,Takım,Jenerik,İngilizce,Body,Kadro,Çekirdek,50,LOW,1,,,,evet,,90,70,30,50,40,50,30,50,50,30,10,30,hayır,Çekirdek
washington wizards canlı izle,NBA,Basketbol,Lig,1. Seviye,Çekirdek,Erkek,Kulüp,Takım Sporu,ABD,Yabancı,Yok,TV+ Var,Yıllık,Sürekli Lig,Canlı İzle,İzleme,Takım,Jenerik,Türkçe,Body,Canlı İzle,Çekirdek,10,,,,,,evet,,0,0,0,10,10,10,10,0,10,0,0,0,hayır,Çekirdek
washington wizards transfer,NBA,Basketbol,Lig,1. Seviye,Çekirdek,Erkek,Kulüp,Takım Sporu,ABD,Yabancı,Yok,TV+ Var,Yıllık,Sürekli Lig,Transfer,Bilgi,Takım,Jenerik,İngilizce,Body,Transfer,Çekirdek,,,,,,,hayir,,,,,,,,,,,,,,hayır,Çekirdek
los angeles clippers,NBA,Basketbol,Lig,1. Seviye,Çekirdek,Erkek,Kulüp,Takım Sporu,ABD,Yabancı,Yok,TV+ Var,Yıllık,Sürekli Lig,Takım Jenerik,Bilgi,Takım,Jenerik,İngilizce,Body,Takım Jenerik,Çekirdek,5400,LOW,6,0.66,0.29,1.83,evet,,720,1000,4400,9900,6600,9900,9900,12100,3600,1900,1000,1300,hayır,Çekirdek
los angeles clippers maçları,NBA,Basketbol,Lig,1. Seviye,Çekirdek,Erkek,Kulüp,Takım Sporu,ABD,Yabancı,Yok,TV+ Var,Yıllık,Sürekli Lig,Takım Maç Sorgusu,Bilgi,Takım,Jenerik,Türkçe,Body,Takım Maç Sorgusu,Çekirdek,,,,,,,hayir,,,,,,,,,,,,,,hayır,Çekirdek
los angeles clippers fikstür,NBA,Basketbol,Lig,1. Seviye,Çekirdek,Erkek,Kulüp,Takım Sporu,ABD,Yabancı,Yok,TV+ Var,Yıllık,Sürekli Lig,Fikstür,Bilgi,Takım,Jenerik,Türkçe,Body,Fikstür,Çekirdek,,,,,,,hayir,,,,,,,,,,,,,,hayır,Çekirdek
los angeles clippers puan durumu,NBA,Basketbol,Lig,1. Seviye,Çekirdek,Erkek,Kulüp,Takım Sporu,ABD,Yabancı,Yok,TV+ Var,Yıllık,Sürekli Lig,Puan Durumu,Bilgi,Takım,Jenerik,İngilizce,Long-tail,Puan Durumu,Çekirdek,,,,,,,hayir,,,,,,,,,,,,,,hayır,Çekirdek
los angeles clippers kadrosu,NBA,Basketbol,Lig,1. Seviye,Çekirdek,Erkek,Kulüp,Takım Sporu,ABD,Yabancı,Yok,TV+ Var,Yıllık,Sürekli Lig,Kadro,Bilgi,Takım,Jenerik,İngilizce,Body,Kadro,Çekirdek,50,LOW,3,0.17,,,evet,,20,30,40,40,50,40,70,70,70,70,40,70,hayır,Çekirdek
los angeles clippers canlı izle,NBA,Basketbol,Lig,1. Seviye,Çekirdek,Erkek,Kulüp,Takım Sporu,ABD,Yabancı,Yok,TV+ Var,Yıllık,Sürekli Lig,Canlı İzle,İzleme,Takım,Jenerik,Türkçe,Long-tail,Canlı İzle,Çekirdek,10,,,,,,evet,,0,0,10,0,10,10,0,10,10,0,0,10,hayır,Çekirdek
los angeles clippers transfer,NBA,Basketbol,Lig,1. Seviye,Çekirdek,Erkek,Kulüp,Takım Sporu,ABD,Yabancı,Yok,TV+ Var,Yıllık,Sürekli Lig,Transfer,Bilgi,Takım,Jenerik,İngilizce,Body,Transfer,Çekirdek,10,LOW,19,,,,evet,,0,0,10,0,0,10,0,0,10,0,10,10,hayır,Çekirdek
vakıfbank,Sultanlar Ligi,Voleybol,Lig,1. Seviye,Çekirdek,Kadın,Kulüp,Takım Sporu,Türkiye,Yerli,Türk Takımı Var,Doğrulanacak,Yıllık,Sürekli Lig,Takım Jenerik,Bilgi,Takım,Jenerik,Türkçe,Head,Takım Jenerik,Çekirdek,1220000,LOW,2,1,0.26,1.71,evet,,1000000,1000000,1000000,1220000,1220000,1220000,1220000,1500000,1500000,1500000,1500000,1830000,hayır,Çekirdek
vakıfbank maçları,Sultanlar Ligi,Voleybol,Lig,1. Seviye,Çekirdek,Kadın,Kulüp,Takım Sporu,Türkiye,Yerli,Türk Takımı Var,Doğrulanacak,Yıllık,Sürekli Lig,Takım Maç Sorgusu,Bilgi,Takım,Jenerik,Türkçe,Head,Takım Maç Sorgusu,Çekirdek,,,,,,,hayir,,,,,,,,,,,,,,hayır,Çekirdek
vakıfbank fikstür,Sultanlar Ligi,Voleybol,Lig,1. Seviye,Çekirdek,Kadın,Kulüp,Takım Sporu,Türkiye,Yerli,Türk Takımı Var,Doğrulanacak,Yıllık,Sürekli Lig,Fikstür,Bilgi,Takım,Jenerik,Türkçe,Head,Fikstür,Çekirdek,,,,,,,hayir,,,,,,,,,,,,,,hayır,Çekirdek
vakıfbank puan durumu,Sultanlar Ligi,Voleybol,Lig,1. Seviye,Çekirdek,Kadın,Kulüp,Takım Sporu,Türkiye,Yerli,Türk Takımı Var,Doğrulanacak,Yıllık,Sürekli Lig,Puan Durumu,Bilgi,Takım,Jenerik,Türkçe,Body,Puan Durumu,Çekirdek,30,LOW,0,,,,evet,,10,50,70,50,50,70,40,20,10,10,0,10,hayır,Çekirdek
vakıfbank kadrosu,Sultanlar Ligi,Voleybol,Lig,1. Seviye,Çekirdek,Kadın,Kulüp,Takım Sporu,Türkiye,Yerli,Türk Takımı Var,Doğrulanacak,Yıllık,Sürekli Lig,Kadro,Bilgi,Takım,Jenerik,Türkçe,Head,Kadro,Çekirdek,,,,,,,hayir,,,,,,,,,,,,,,hayır,Çekirdek
vakıfbank canlı izle,Sultanlar Ligi,Voleybol,Lig,1. Seviye,Çekirdek,Kadın,Kulüp,Takım Sporu,Türkiye,Yerli,Türk Takımı Var,Doğrulanacak,Yıllık,Sürekli Lig,Canlı İzle,İzleme,Takım,Jenerik,Türkçe,Body,Canlı İzle,Çekirdek,10,,,,,,evet,,10,20,10,10,10,10,10,10,10,10,10,10,hayır,Çekirdek
vakıfbank transfer,Sultanlar Ligi,Voleybol,Lig,1. Seviye,Çekirdek,Kadın,Kulüp,Takım Sporu,Türkiye,Yerli,Türk Takımı Var,Doğrulanacak,Yıllık,Sürekli Lig,Transfer,Bilgi,Takım,Jenerik,Türkçe,Head,Transfer,Çekirdek,70,LOW,0,,,,evet,,110,210,90,30,30,110,20,20,30,50,70,70,hayır,Çekirdek
fenerbahçe opet,Sultanlar Ligi,Voleybol,Lig,1. Seviye,Çekirdek,Kadın,Kulüp,Takım Sporu,Türkiye,Yerli,Türk Takımı Var,Doğrulanacak,Yıllık,Sürekli Lig,Takım Jenerik,Bilgi,Takım,Jenerik,Türkçe,Head,Takım Jenerik,Çekirdek,9900,LOW,0,0.52,,,evet,,1600,4400,27100,8100,12100,22200,9900,9900,9900,2900,720,1900,hayır,Çekirdek
fenerbahçe opet maçları,Sultanlar Ligi,Voleybol,Lig,1. Seviye,Çekirdek,Kadın,Kulüp,Takım Sporu,Türkiye,Yerli,Türk Takımı Var,Doğrulanacak,Yıllık,Sürekli Lig,Takım Maç Sorgusu,Bilgi,Takım,Jenerik,Türkçe,Body,Takım Maç Sorgusu,Çekirdek,1000,LOW,0,,,,evet,,90,320,2900,1600,1900,3600,1600,1000,880,110,10,30,hayır,Çekirdek
fenerbahçe opet fikstür,Sultanlar Ligi,Voleybol,Lig,1. Seviye,Çekirdek,Kadın,Kulüp,Takım Sporu,Türkiye,Yerli,Türk Takımı Var,Doğrulanacak,Yıllık,Sürekli Lig,Fikstür,Bilgi,Takım,Jenerik,Türkçe,Body,Fikstür,Çekirdek,590,LOW,0,,,,evet,,70,170,880,720,880,1300,880,1000,1300,320,90,70,hayır,Çekirdek
fenerbahçe opet puan durumu,Sultanlar Ligi,Voleybol,Lig,1. Seviye,Çekirdek,Kadın,Kulüp,Takım Sporu,Türkiye,Yerli,Türk Takımı Var,Doğrulanacak,Yıllık,Sürekli Lig,Puan Durumu,Bilgi,Takım,Jenerik,Türkçe,Body,Puan Durumu,Çekirdek,170,LOW,0,,,,evet,,10,90,320,170,480,480,210,170,110,10,10,10,hayır,Çekirdek
fenerbahçe opet kadrosu,Sultanlar Ligi,Voleybol,Lig,1. Seviye,Çekirdek,Kadın,Kulüp,Takım Sporu,Türkiye,Yerli,Türk Takımı Var,Doğrulanacak,Yıllık,Sürekli Lig,Kadro,Bilgi,Takım,Jenerik,Türkçe,Body,Kadro,Çekirdek,390,LOW,0,,,,evet,,110,70,590,320,390,390,480,480,1300,590,140,210,hayır,Çekirdek
fenerbahçe opet canlı izle,Sultanlar Ligi,Voleybol,Lig,1. Seviye,Çekirdek,Kadın,Kulüp,Takım Sporu,Türkiye,Yerli,Türk Takımı Var,Doğrulanacak,Yıllık,Sürekli Lig,Canlı İzle,İzleme,Takım,Jenerik,Türkçe,Body,Canlı İzle,Çekirdek,10,,,,,,evet,,0,10,20,10,10,30,10,10,20,10,0,0,hayır,Çekirdek
fenerbahçe opet transfer,Sultanlar Ligi,Voleybol,Lig,1. Seviye,Çekirdek,Kadın,Kulüp,Takım Sporu,Türkiye,Yerli,Türk Takımı Var,Doğrulanacak,Yıllık,Sürekli Lig,Transfer,Bilgi,Takım,Jenerik,Türkçe,Body,Transfer,Çekirdek,320,LOW,0,,,,evet,,480,590,1000,70,140,90,90,70,140,70,40,590,hayır,Çekirdek
eczacıbaşı,Sultanlar Ligi,Voleybol,Lig,1. Seviye,Çekirdek,Kadın,Kulüp,Takım Sporu,Türkiye,Yerli,Türk Takımı Var,Doğrulanacak,Yıllık,Sürekli Lig,Takım Jenerik,Bilgi,Takım,Jenerik,Türkçe,Head,Takım Jenerik,Çekirdek,14800,LOW,5,0.29,0.07,1.04,evet,,9900,14800,12100,18100,14800,14800,14800,14800,22200,14800,12100,12100,hayır,Çekirdek
eczacıbaşı maçları,Sultanlar Ligi,Voleybol,Lig,1. Seviye,Çekirdek,Kadın,Kulüp,Takım Sporu,Türkiye,Yerli,Türk Takımı Var,Doğrulanacak,Yıllık,Sürekli Lig,Takım Maç Sorgusu,Bilgi,Takım,Jenerik,Türkçe,Head,Takım Maç Sorgusu,Çekirdek,1300,LOW,5,,,,evet,,50,3600,590,4400,1300,1900,880,1000,1000,110,30,10,hayır,Çekirdek
eczacıbaşı fikstür,Sultanlar Ligi,Voleybol,Lig,1. Seviye,Çekirdek,Kadın,Kulüp,Takım Sporu,Türkiye,Yerli,Türk Takımı Var,Doğrulanacak,Yıllık,Sürekli Lig,Fikstür,Bilgi,Takım,Jenerik,Türkçe,Head,Fikstür,Çekirdek,390,LOW,5,,,,evet,,10,70,170,590,720,880,480,720,720,110,30,10,hayır,Çekirdek
eczacıbaşı puan durumu,Sultanlar Ligi,Voleybol,Lig,1. Seviye,Çekirdek,Kadın,Kulüp,Takım Sporu,Türkiye,Yerli,Türk Takımı Var,Doğrulanacak,Yıllık,Sürekli Lig,Puan Durumu,Bilgi,Takım,Jenerik,Türkçe,Body,Puan Durumu,Çekirdek,30,LOW,0,,,,evet,,10,10,20,70,90,90,40,70,30,10,10,10,hayır,Çekirdek
eczacıbaşı kadrosu,Sultanlar Ligi,Voleybol,Lig,1. Seviye,Çekirdek,Kadın,Kulüp,Takım Sporu,Türkiye,Yerli,Türk Takımı Var,Doğrulanacak,Yıllık,Sürekli Lig,Kadro,Bilgi,Takım,Jenerik,Türkçe,Head,Kadro,Çekirdek,880,LOW,0,0.39,,,evet,,390,1300,590,1000,720,1000,880,880,1600,720,260,480,hayır,Çekirdek
eczacıbaşı canlı izle,Sultanlar Ligi,Voleybol,Lig,1. Seviye,Çekirdek,Kadın,Kulüp,Takım Sporu,Türkiye,Yerli,Türk Takımı Var,Doğrulanacak,Yıllık,Sürekli Lig,Canlı İzle,İzleme,Takım,Jenerik,Türkçe,Body,Canlı İzle,Çekirdek,30,,,,,,evet,,0,30,10,110,50,70,10,10,20,0,0,0,hayır,Çekirdek
eczacıbaşı transfer,Sultanlar Ligi,Voleybol,Lig,1. Seviye,Çekirdek,Kadın,Kulüp,Takım Sporu,Türkiye,Yerli,Türk Takımı Var,Doğrulanacak,Yıllık,Sürekli Lig,Transfer,Bilgi,Takım,Jenerik,Türkçe,Head,Transfer,Çekirdek,110,LOW,0,,,,evet,,170,480,110,90,70,140,140,10,10,30,40,70,hayır,Çekirdek
galatasaray daikin,Sultanlar Ligi,Voleybol,Lig,1. Seviye,Çekirdek,Kadın,Kulüp,Takım Sporu,Türkiye,Yerli,Türk Takımı Var,Doğrulanacak,Yıllık,Sürekli Lig,Takım Jenerik,Bilgi,Takım,Jenerik,İngilizce,Head,Takım Jenerik,Çekirdek,6600,LOW,0,,,,evet,,880,1300,22200,8100,9900,8100,8100,8100,9900,2900,1900,2400,hayır,Çekirdek
galatasaray daikin maçları,Sultanlar Ligi,Voleybol,Lig,1. Seviye,Çekirdek,Kadın,Kulüp,Takım Sporu,Türkiye,Yerli,Türk Takımı Var,Doğrulanacak,Yıllık,Sürekli Lig,Takım Maç Sorgusu,Bilgi,Takım,Jenerik,Türkçe,Body,Takım Maç Sorgusu,Çekirdek,480,LOW,0,,,,evet,,10,40,720,720,880,1000,720,590,590,50,20,20,hayır,Çekirdek
galatasaray daikin fikstür,Sultanlar Ligi,Voleybol,Lig,1. Seviye,Çekirdek,Kadın,Kulüp,Takım Sporu,Türkiye,Yerli,Türk Takımı Var,Doğrulanacak,Yıllık,Sürekli Lig,Fikstür,Bilgi,Takım,Jenerik,Türkçe,Body,Fikstür,Çekirdek,590,LOW,0,,,,evet,,10,30,720,720,1000,880,880,880,1000,170,40,10,hayır,Çekirdek
galatasaray daikin puan durumu,Sultanlar Ligi,Voleybol,Lig,1. Seviye,Çekirdek,Kadın,Kulüp,Takım Sporu,Türkiye,Yerli,Türk Takımı Var,Doğrulanacak,Yıllık,Sürekli Lig,Puan Durumu,Bilgi,Takım,Jenerik,İngilizce,Body,Puan Durumu,Çekirdek,170,LOW,0,,,,evet,,10,20,390,140,320,320,260,390,260,30,10,20,hayır,Çekirdek
galatasaray daikin kadrosu,Sultanlar Ligi,Voleybol,Lig,1. Seviye,Çekirdek,Kadın,Kulüp,Takım Sporu,Türkiye,Yerli,Türk Takımı Var,Doğrulanacak,Yıllık,Sürekli Lig,Kadro,Bilgi,Takım,Jenerik,İngilizce,Body,Kadro,Çekirdek,390,LOW,0,,,,evet,,110,90,590,390,480,390,480,720,720,480,320,320,hayır,Çekirdek
galatasaray daikin canlı izle,Sultanlar Ligi,Voleybol,Lig,1. Seviye,Çekirdek,Kadın,Kulüp,Takım Sporu,Türkiye,Yerli,Türk Takımı Var,Doğrulanacak,Yıllık,Sürekli Lig,Canlı İzle,İzleme,Takım,Jenerik,Türkçe,Body,Canlı İzle,Çekirdek,20,,,,,,evet,,10,0,50,40,70,70,20,10,10,10,0,0,hayır,Çekirdek
galatasaray daikin transfer,Sultanlar Ligi,Voleybol,Lig,1. Seviye,Çekirdek,Kadın,Kulüp,Takım Sporu,Türkiye,Yerli,Türk Takımı Var,Doğrulanacak,Yıllık,Sürekli Lig,Transfer,Bilgi,Takım,Jenerik,İngilizce,Body,Transfer,Çekirdek,140,LOW,0,,,,evet,,260,320,260,90,70,110,110,70,70,90,110,260,hayır,Çekirdek
türk hava yolları voleybol,Sultanlar Ligi,Voleybol,Lig,1. Seviye,Çekirdek,Kadın,Kulüp,Takım Sporu,Türkiye,Yerli,Türk Takımı Var,Doğrulanacak,Yıllık,Sürekli Lig,Takım Jenerik,Bilgi,Takım,Jenerik,Türkçe,Body,Takım Jenerik,Çekirdek,1300,LOW,1,,,,evet,,720,590,1000,1000,1600,2900,1600,1600,2900,880,590,590,hayır,Çekirdek
türk hava yolları voleybol maçları,Sultanlar Ligi,Voleybol,Lig,1. Seviye,Çekirdek,Kadın,Kulüp,Takım Sporu,Türkiye,Yerli,Türk Takımı Var,Doğrulanacak,Yıllık,Sürekli Lig,Takım Maç Sorgusu,Bilgi,Takım,Jenerik,Türkçe,Long-tail,Takım Maç Sorgusu,Çekirdek,,,,,,,hayir,,,,,,,,,,,,,,hayır,Çekirdek
türk hava yolları voleybol fikstür,Sultanlar Ligi,Voleybol,Lig,1. Seviye,Çekirdek,Kadın,Kulüp,Takım Sporu,Türkiye,Yerli,Türk Takımı Var,Doğrulanacak,Yıllık,Sürekli Lig,Fikstür,Bilgi,Takım,Jenerik,Türkçe,Long-tail,Fikstür,Çekirdek,10,,,,,,evet,,10,0,10,10,20,10,10,10,10,10,0,10,hayır,Çekirdek
türk hava yolları voleybol puan durumu,Sultanlar Ligi,Voleybol,Lig,1. Seviye,Çekirdek,Kadın,Kulüp,Takım Sporu,Türkiye,Yerli,Türk Takımı Var,Doğrulanacak,Yıllık,Sürekli Lig,Puan Durumu,Bilgi,Takım,Jenerik,Türkçe,Long-tail,Puan Durumu,Çekirdek,,,,,,,hayir,,,,,,,,,,,,,,hayır,Çekirdek
türk hava yolları voleybol kadrosu,Sultanlar Ligi,Voleybol,Lig,1. Seviye,Çekirdek,Kadın,Kulüp,Takım Sporu,Türkiye,Yerli,Türk Takımı Var,Doğrulanacak,Yıllık,Sürekli Lig,Kadro,Bilgi,Takım,Jenerik,Türkçe,Long-tail,Kadro,Çekirdek,480,LOW,0,,,,evet,,140,140,320,390,590,880,590,480,1000,210,110,170,hayır,Çekirdek
türk hava yolları voleybol canlı izle,Sultanlar Ligi,Voleybol,Lig,1. Seviye,Çekirdek,Kadın,Kulüp,Takım Sporu,Türkiye,Yerli,Türk Takımı Var,Doğrulanacak,Yıllık,Sürekli Lig,Canlı İzle,İzleme,Takım,Jenerik,Türkçe,Long-tail,Canlı İzle,Çekirdek,,,,,,,hayir,,,,,,,,,,,,,,hayır,Çekirdek
türk hava yolları voleybol transfer,Sultanlar Ligi,Voleybol,Lig,1. Seviye,Çekirdek,Kadın,Kulüp,Takım Sporu,Türkiye,Yerli,Türk Takımı Var,Doğrulanacak,Yıllık,Sürekli Lig,Transfer,Bilgi,Takım,Jenerik,Türkçe,Long-tail,Transfer,Çekirdek,10,,,,,,evet,,10,10,10,0,0,0,0,0,10,0,0,0,hayır,Çekirdek
beşiktaş voleybol,Sultanlar Ligi,Voleybol,Lig,1. Seviye,Çekirdek,Kadın,Kulüp,Takım Sporu,Türkiye,Yerli,Türk Takımı Var,Doğrulanacak,Yıllık,Sürekli Lig,Takım Jenerik,Bilgi,Takım,Jenerik,Türkçe,Head,Takım Jenerik,Çekirdek,2900,LOW,2,0.27,0.12,0.34,evet,,1600,1900,1900,2900,4400,4400,3600,3600,6600,3600,1600,1900,hayır,Çekirdek
beşiktaş voleybol maçları,Sultanlar Ligi,Voleybol,Lig,1. Seviye,Çekirdek,Kadın,Kulüp,Takım Sporu,Türkiye,Yerli,Türk Takımı Var,Doğrulanacak,Yıllık,Sürekli Lig,Takım Maç Sorgusu,Bilgi,Takım,Jenerik,Türkçe,Body,Takım Maç Sorgusu,Çekirdek,390,LOW,3,,,,evet,,170,210,260,390,720,720,720,590,720,210,70,70,hayır,Çekirdek
beşiktaş voleybol fikstür,Sultanlar Ligi,Voleybol,Lig,1. Seviye,Çekirdek,Kadın,Kulüp,Takım Sporu,Türkiye,Yerli,Türk Takımı Var,Doğrulanacak,Yıllık,Sürekli Lig,Fikstür,Bilgi,Takım,Jenerik,Türkçe,Body,Fikstür,Çekirdek,70,LOW,0,,,,evet,,10,10,20,50,110,170,110,170,210,70,20,10,hayır,Çekirdek
beşiktaş voleybol puan durumu,Sultanlar Ligi,Voleybol,Lig,1. Seviye,Çekirdek,Kadın,Kulüp,Takım Sporu,Türkiye,Yerli,Türk Takımı Var,Doğrulanacak,Yıllık,Sürekli Lig,Puan Durumu,Bilgi,Takım,Jenerik,Türkçe,Body,Puan Durumu,Çekirdek,170,LOW,2,,,,evet,,50,140,170,140,320,260,390,260,140,40,10,20,hayır,Çekirdek
beşiktaş voleybol kadrosu,Sultanlar Ligi,Voleybol,Lig,1. Seviye,Çekirdek,Kadın,Kulüp,Takım Sporu,Türkiye,Yerli,Türk Takımı Var,Doğrulanacak,Yıllık,Sürekli Lig,Kadro,Bilgi,Takım,Jenerik,Türkçe,Body,Kadro,Çekirdek,260,LOW,0,,,,evet,,140,110,170,210,390,590,390,260,590,260,110,210,hayır,Çekirdek
beşiktaş voleybol canlı izle,Sultanlar Ligi,Voleybol,Lig,1. Seviye,Çekirdek,Kadın,Kulüp,Takım Sporu,Türkiye,Yerli,Türk Takımı Var,Doğrulanacak,Yıllık,Sürekli Lig,Canlı İzle,İzleme,Takım,Jenerik,Türkçe,Body,Canlı İzle,Çekirdek,,,,,,,hayir,,,,,,,,,,,,,,hayır,Çekirdek
beşiktaş voleybol transfer,Sultanlar Ligi,Voleybol,Lig,1. Seviye,Çekirdek,Kadın,Kulüp,Takım Sporu,Türkiye,Yerli,Türk Takımı Var,Doğrulanacak,Yıllık,Sürekli Lig,Transfer,Bilgi,Takım,Jenerik,Türkçe,Body,Transfer,Çekirdek,50,LOW,0,,,,evet,,40,90,70,90,170,50,50,20,20,20,20,20,hayır,Çekirdek
kuzeyboru,Sultanlar Ligi,Voleybol,Lig,1. Seviye,Çekirdek,Kadın,Kulüp,Takım Sporu,Türkiye,Yerli,Türk Takımı Var,Doğrulanacak,Yıllık,Sürekli Lig,Takım Jenerik,Bilgi,Takım,Jenerik,İngilizce,Head,Takım Jenerik,Çekirdek,3600,LOW,3,0.14,0.08,0.32,evet,,2400,2400,2900,3600,4400,4400,3600,2900,4400,2900,2900,3600,hayır,Çekirdek
kuzeyboru maçları,Sultanlar Ligi,Voleybol,Lig,1. Seviye,Çekirdek,Kadın,Kulüp,Takım Sporu,Türkiye,Yerli,Türk Takımı Var,Doğrulanacak,Yıllık,Sürekli Lig,Takım Maç Sorgusu,Bilgi,Takım,Jenerik,Türkçe,Head,Takım Maç Sorgusu,Çekirdek,70,LOW,0,,,,evet,,10,10,20,50,110,140,170,170,210,30,10,10,hayır,Çekirdek
kuzeyboru fikstür,Sultanlar Ligi,Voleybol,Lig,1. Seviye,Çekirdek,Kadın,Kulüp,Takım Sporu,Türkiye,Yerli,Türk Takımı Var,Doğrulanacak,Yıllık,Sürekli Lig,Fikstür,Bilgi,Takım,Jenerik,Türkçe,Head,Fikstür,Çekirdek,90,,,,,,evet,,10,10,10,30,140,210,170,140,210,40,30,10,hayır,Çekirdek
kuzeyboru puan durumu,Sultanlar Ligi,Voleybol,Lig,1. Seviye,Çekirdek,Kadın,Kulüp,Takım Sporu,Türkiye,Yerli,Türk Takımı Var,Doğrulanacak,Yıllık,Sürekli Lig,Puan Durumu,Bilgi,Takım,Jenerik,İngilizce,Body,Puan Durumu,Çekirdek,20,LOW,0,,,,evet,,10,10,10,10,30,70,30,40,10,10,0,0,hayır,Çekirdek
kuzeyboru kadrosu,Sultanlar Ligi,Voleybol,Lig,1. Seviye,Çekirdek,Kadın,Kulüp,Takım Sporu,Türkiye,Yerli,Türk Takımı Var,Doğrulanacak,Yıllık,Sürekli Lig,Kadro,Bilgi,Takım,Jenerik,İngilizce,Head,Kadro,Çekirdek,10,,,,,,evet,,10,0,10,10,10,10,10,10,40,10,0,10,hayır,Çekirdek
kuzeyboru canlı izle,Sultanlar Ligi,Voleybol,Lig,1. Seviye,Çekirdek,Kadın,Kulüp,Takım Sporu,Türkiye,Yerli,Türk Takımı Var,Doğrulanacak,Yıllık,Sürekli Lig,Canlı İzle,İzleme,Takım,Jenerik,Türkçe,Body,Canlı İzle,Çekirdek,,,,,,,hayir,,,,,,,,,,,,,,hayır,Çekirdek
kuzeyboru transfer,Sultanlar Ligi,Voleybol,Lig,1. Seviye,Çekirdek,Kadın,Kulüp,Takım Sporu,Türkiye,Yerli,Türk Takımı Var,Doğrulanacak,Yıllık,Sürekli Lig,Transfer,Bilgi,Takım,Jenerik,İngilizce,Head,Transfer,Çekirdek,,,,,,,hayir,,,,,,,,,,,,,,hayır,Çekirdek
zeren spor,Sultanlar Ligi,Voleybol,Lig,1. Seviye,Çekirdek,Kadın,Kulüp,Takım Sporu,Türkiye,Yerli,Türk Takımı Var,Doğrulanacak,Yıllık,Sürekli Lig,Takım Jenerik,Bilgi,Takım,Jenerik,İngilizce,Head,Takım Jenerik,Çekirdek,9900,LOW,0,,,,evet,,1900,2900,6600,14800,18100,18100,8100,14800,18100,4400,1900,2400,hayır,Çekirdek
zeren spor maçları,Sultanlar Ligi,Voleybol,Lig,1. Seviye,Çekirdek,Kadın,Kulüp,Takım Sporu,Türkiye,Yerli,Türk Takımı Var,Doğrulanacak,Yıllık,Sürekli Lig,Takım Maç Sorgusu,Bilgi,Takım,Jenerik,Türkçe,Body,Takım Maç Sorgusu,Çekirdek,140,LOW,0,,,,evet,,10,10,40,210,320,320,210,210,170,50,10,10,hayır,Çekirdek
zeren spor fikstür,Sultanlar Ligi,Voleybol,Lig,1. Seviye,Çekirdek,Kadın,Kulüp,Takım Sporu,Türkiye,Yerli,Türk Takımı Var,Doğrulanacak,Yıllık,Sürekli Lig,Fikstür,Bilgi,Takım,Jenerik,Türkçe,Body,Fikstür,Çekirdek,390,LOW,0,,,,evet,,10,10,140,480,880,1000,720,590,720,140,50,10,hayır,Çekirdek
zeren spor puan durumu,Sultanlar Ligi,Voleybol,Lig,1. Seviye,Çekirdek,Kadın,Kulüp,Takım Sporu,Türkiye,Yerli,Türk Takımı Var,Doğrulanacak,Yıllık,Sürekli Lig,Puan Durumu,Bilgi,Takım,Jenerik,İngilizce,Body,Puan Durumu,Çekirdek,140,LOW,4,,,,evet,,20,30,70,170,320,390,170,210,170,40,20,30,hayır,Çekirdek
zeren spor kadrosu,Sultanlar Ligi,Voleybol,Lig,1. Seviye,Çekirdek,Kadın,Kulüp,Takım Sporu,Türkiye,Yerli,Türk Takımı Var,Doğrulanacak,Yıllık,Sürekli Lig,Kadro,Bilgi,Takım,Jenerik,İngilizce,Body,Kadro,Çekirdek,50,LOW,0,,,,evet,,20,30,40,70,110,90,70,110,90,30,10,40,hayır,Çekirdek
zeren spor canlı izle,Sultanlar Ligi,Voleybol,Lig,1. Seviye,Çekirdek,Kadın,Kulüp,Takım Sporu,Türkiye,Yerli,Türk Takımı Var,Doğrulanacak,Yıllık,Sürekli Lig,Canlı İzle,İzleme,Takım,Jenerik,Türkçe,Body,Canlı İzle,Çekirdek,10,,,,,,evet,,0,10,10,50,0,0,0,0,0,0,0,0,hayır,Çekirdek
zeren spor transfer,Sultanlar Ligi,Voleybol,Lig,1. Seviye,Çekirdek,Kadın,Kulüp,Takım Sporu,Türkiye,Yerli,Türk Takımı Var,Doğrulanacak,Yıllık,Sürekli Lig,Transfer,Bilgi,Takım,Jenerik,İngilizce,Body,Transfer,Çekirdek,50,LOW,0,,,,evet,,90,110,90,50,90,40,10,10,10,10,20,50,hayır,Çekirdek
nilüfer belediyespor,Sultanlar Ligi,Voleybol,Lig,1. Seviye,Çekirdek,Kadın,Kulüp,Takım Sporu,Türkiye,Yerli,Türk Takımı Var,Doğrulanacak,Yıllık,Sürekli Lig,Takım Jenerik,Bilgi,Takım,Jenerik,Türkçe,Head,Takım Jenerik,Çekirdek,1300,LOW,0,,,,evet,,880,880,1600,1300,1300,1600,1600,2400,1600,880,590,480,hayır,Çekirdek
nilüfer belediyespor maçları,Sultanlar Ligi,Voleybol,Lig,1. Seviye,Çekirdek,Kadın,Kulüp,Takım Sporu,Türkiye,Yerli,Türk Takımı Var,Doğrulanacak,Yıllık,Sürekli Lig,Takım Maç Sorgusu,Bilgi,Takım,Jenerik,Türkçe,Body,Takım Maç Sorgusu,Çekirdek,10,,,,,,evet,,0,0,10,10,10,10,10,10,10,0,10,10,hayır,Çekirdek
nilüfer belediyespor fikstür,Sultanlar Ligi,Voleybol,Lig,1. Seviye,Çekirdek,Kadın,Kulüp,Takım Sporu,Türkiye,Yerli,Türk Takımı Var,Doğrulanacak,Yıllık,Sürekli Lig,Fikstür,Bilgi,Takım,Jenerik,Türkçe,Body,Fikstür,Çekirdek,30,LOW,0,,,,evet,,0,10,20,20,50,50,50,70,50,10,10,10,hayır,Çekirdek
nilüfer belediyespor puan durumu,Sultanlar Ligi,Voleybol,Lig,1. Seviye,Çekirdek,Kadın,Kulüp,Takım Sporu,Türkiye,Yerli,Türk Takımı Var,Doğrulanacak,Yıllık,Sürekli Lig,Puan Durumu,Bilgi,Takım,Jenerik,Türkçe,Body,Puan Durumu,Çekirdek,20,LOW,0,,,,evet,,10,10,40,40,40,30,40,20,30,30,20,10,hayır,Çekirdek
nilüfer belediyespor kadrosu,Sultanlar Ligi,Voleybol,Lig,1. Seviye,Çekirdek,Kadın,Kulüp,Takım Sporu,Türkiye,Yerli,Türk Takımı Var,Doğrulanacak,Yıllık,Sürekli Lig,Kadro,Bilgi,Takım,Jenerik,Türkçe,Body,Kadro,Çekirdek,10,LOW,0,,,,evet,,0,0,10,10,10,10,10,10,10,0,0,10,hayır,Çekirdek
nilüfer belediyespor canlı izle,Sultanlar Ligi,Voleybol,Lig,1. Seviye,Çekirdek,Kadın,Kulüp,Takım Sporu,Türkiye,Yerli,Türk Takımı Var,Doğrulanacak,Yıllık,Sürekli Lig,Canlı İzle,İzleme,Takım,Jenerik,Türkçe,Body,Canlı İzle,Çekirdek,,,,,,,hayir,,,,,,,,,,,,,,hayır,Çekirdek
nilüfer belediyespor transfer,Sultanlar Ligi,Voleybol,Lig,1. Seviye,Çekirdek,Kadın,Kulüp,Takım Sporu,Türkiye,Yerli,Türk Takımı Var,Doğrulanacak,Yıllık,Sürekli Lig,Transfer,Bilgi,Takım,Jenerik,Türkçe,Body,Transfer,Çekirdek,,,,,,,hayir,,,,,,,,,,,,,,hayır,Çekirdek
aydın büyükşehir,Sultanlar Ligi,Voleybol,Lig,1. Seviye,Çekirdek,Kadın,Kulüp,Takım Sporu,Türkiye,Yerli,Türk Takımı Var,Doğrulanacak,Yıllık,Sürekli Lig,Takım Jenerik,Bilgi,Takım,Jenerik,Türkçe,Head,Takım Jenerik,Çekirdek,1000,LOW,0,,,,evet,,1000,1000,1300,1000,1000,1000,590,590,720,880,1900,880,hayır,Çekirdek
aydın büyükşehir maçları,Sultanlar Ligi,Voleybol,Lig,1. Seviye,Çekirdek,Kadın,Kulüp,Takım Sporu,Türkiye,Yerli,Türk Takımı Var,Doğrulanacak,Yıllık,Sürekli Lig,Takım Maç Sorgusu,Bilgi,Takım,Jenerik,Türkçe,Body,Takım Maç Sorgusu,Çekirdek,,,,,,,hayir,,,,,,,,,,,,,,hayır,Çekirdek
aydın büyükşehir fikstür,Sultanlar Ligi,Voleybol,Lig,1. Seviye,Çekirdek,Kadın,Kulüp,Takım Sporu,Türkiye,Yerli,Türk Takımı Var,Doğrulanacak,Yıllık,Sürekli Lig,Fikstür,Bilgi,Takım,Jenerik,Türkçe,Body,Fikstür,Çekirdek,,,,,,,hayir,,,,,,,,,,,,,,hayır,Çekirdek
aydın büyükşehir puan durumu,Sultanlar Ligi,Voleybol,Lig,1. Seviye,Çekirdek,Kadın,Kulüp,Takım Sporu,Türkiye,Yerli,Türk Takımı Var,Doğrulanacak,Yıllık,Sürekli Lig,Puan Durumu,Bilgi,Takım,Jenerik,Türkçe,Body,Puan Durumu,Çekirdek,,,,,,,hayir,,,,,,,,,,,,,,hayır,Çekirdek
aydın büyükşehir kadrosu,Sultanlar Ligi,Voleybol,Lig,1. Seviye,Çekirdek,Kadın,Kulüp,Takım Sporu,Türkiye,Yerli,Türk Takımı Var,Doğrulanacak,Yıllık,Sürekli Lig,Kadro,Bilgi,Takım,Jenerik,Türkçe,Body,Kadro,Çekirdek,,,,,,,hayir,,,,,,,,,,,,,,hayır,Çekirdek
aydın büyükşehir canlı izle,Sultanlar Ligi,Voleybol,Lig,1. Seviye,Çekirdek,Kadın,Kulüp,Takım Sporu,Türkiye,Yerli,Türk Takımı Var,Doğrulanacak,Yıllık,Sürekli Lig,Canlı İzle,İzleme,Takım,Jenerik,Türkçe,Body,Canlı İzle,Çekirdek,,,,,,,hayir,,,,,,,,,,,,,,hayır,Çekirdek
aydın büyükşehir transfer,Sultanlar Ligi,Voleybol,Lig,1. Seviye,Çekirdek,Kadın,Kulüp,Takım Sporu,Türkiye,Yerli,Türk Takımı Var,Doğrulanacak,Yıllık,Sürekli Lig,Transfer,Bilgi,Takım,Jenerik,Türkçe,Body,Transfer,Çekirdek,,,,,,,hayir,,,,,,,,,,,,,,hayır,Çekirdek
ziraat bankkart,Efeler Ligi,Voleybol,Lig,1. Seviye,Çekirdek,Erkek,Kulüp,Takım Sporu,Türkiye,Yerli,Türk Takımı Var,Doğrulanacak,Yıllık,Sürekli Lig,Takım Jenerik,Bilgi,Takım,Jenerik,İngilizce,Head,Takım Jenerik,Çekirdek,2900,LOW,9,0.77,0.19,0.7,evet,,2900,2900,2900,2900,2900,2900,2900,3600,2900,2400,2900,2400,hayır,Çekirdek
ziraat bankkart maçları,Efeler Ligi,Voleybol,Lig,1. Seviye,Çekirdek,Erkek,Kulüp,Takım Sporu,Türkiye,Yerli,Türk Takımı Var,Doğrulanacak,Yıllık,Sürekli Lig,Takım Maç Sorgusu,Bilgi,Takım,Jenerik,Türkçe,Body,Takım Maç Sorgusu,Çekirdek,10,,,,,,evet,,10,20,0,0,0,0,0,0,0,0,0,0,hayır,Çekirdek
ziraat bankkart fikstür,Efeler Ligi,Voleybol,Lig,1. Seviye,Çekirdek,Erkek,Kulüp,Takım Sporu,Türkiye,Yerli,Türk Takımı Var,Doğrulanacak,Yıllık,Sürekli Lig,Fikstür,Bilgi,Takım,Jenerik,Türkçe,Body,Fikstür,Çekirdek,70,LOW,0,,,,evet,,10,30,140,110,110,110,70,70,90,10,10,10,hayır,Çekirdek
ziraat bankkart puan durumu,Efeler Ligi,Voleybol,Lig,1. Seviye,Çekirdek,Erkek,Kulüp,Takım Sporu,Türkiye,Yerli,Türk Takımı Var,Doğrulanacak,Yıllık,Sürekli Lig,Puan Durumu,Bilgi,Takım,Jenerik,İngilizce,Body,Puan Durumu,Çekirdek,,,,,,,hayir,,,,,,,,,,,,,,hayır,Çekirdek
ziraat bankkart kadrosu,Efeler Ligi,Voleybol,Lig,1. Seviye,Çekirdek,Erkek,Kulüp,Takım Sporu,Türkiye,Yerli,Türk Takımı Var,Doğrulanacak,Yıllık,Sürekli Lig,Kadro,Bilgi,Takım,Jenerik,İngilizce,Body,Kadro,Çekirdek,10,LOW,0,,,,evet,,10,10,10,10,10,10,20,10,0,0,0,0,hayır,Çekirdek
ziraat bankkart canlı izle,Efeler Ligi,Voleybol,Lig,1. Seviye,Çekirdek,Erkek,Kulüp,Takım Sporu,Türkiye,Yerli,Türk Takımı Var,Doğrulanacak,Yıllık,Sürekli Lig,Canlı İzle,İzleme,Takım,Jenerik,Türkçe,Body,Canlı İzle,Çekirdek,,,,,,,hayir,,,,,,,,,,,,,,hayır,Çekirdek
ziraat bankkart transfer,Efeler Ligi,Voleybol,Lig,1. Seviye,Çekirdek,Erkek,Kulüp,Takım Sporu,Türkiye,Yerli,Türk Takımı Var,Doğrulanacak,Yıllık,Sürekli Lig,Transfer,Bilgi,Takım,Jenerik,İngilizce,Body,Transfer,Çekirdek,,,,,,,hayir,,,,,,,,,,,,,,hayır,Çekirdek
halkbank voleybol,Efeler Ligi,Voleybol,Lig,1. Seviye,Çekirdek,Erkek,Kulüp,Takım Sporu,Türkiye,Yerli,Türk Takımı Var,Doğrulanacak,Yıllık,Sürekli Lig,Takım Jenerik,Bilgi,Takım,Jenerik,İngilizce,Head,Takım Jenerik,Çekirdek,880,LOW,0,,,,evet,,390,320,880,880,1600,1600,1600,720,1600,480,480,480,hayır,Çekirdek
halkbank voleybol maçları,Efeler Ligi,Voleybol,Lig,1. Seviye,Çekirdek,Erkek,Kulüp,Takım Sporu,Türkiye,Yerli,Türk Takımı Var,Doğrulanacak,Yıllık,Sürekli Lig,Takım Maç Sorgusu,Bilgi,Takım,Jenerik,Türkçe,Body,Takım Maç Sorgusu,Çekirdek,320,LOW,0,,,,evet,,20,40,260,170,1900,590,320,110,140,10,10,10,hayır,Çekirdek
halkbank voleybol fikstür,Efeler Ligi,Voleybol,Lig,1. Seviye,Çekirdek,Erkek,Kulüp,Takım Sporu,Türkiye,Yerli,Türk Takımı Var,Doğrulanacak,Yıllık,Sürekli Lig,Fikstür,Bilgi,Takım,Jenerik,Türkçe,Body,Fikstür,Çekirdek,40,LOW,0,,,,evet,,0,10,70,70,110,140,70,30,20,10,10,10,hayır,Çekirdek
halkbank voleybol puan durumu,Efeler Ligi,Voleybol,Lig,1. Seviye,Çekirdek,Erkek,Kulüp,Takım Sporu,Türkiye,Yerli,Türk Takımı Var,Doğrulanacak,Yıllık,Sürekli Lig,Puan Durumu,Bilgi,Takım,Jenerik,İngilizce,Body,Puan Durumu,Çekirdek,10,,,,,,evet,,10,10,10,10,20,10,10,10,10,10,0,0,hayır,Çekirdek
halkbank voleybol kadrosu,Efeler Ligi,Voleybol,Lig,1. Seviye,Çekirdek,Erkek,Kulüp,Takım Sporu,Türkiye,Yerli,Türk Takımı Var,Doğrulanacak,Yıllık,Sürekli Lig,Kadro,Bilgi,Takım,Jenerik,İngilizce,Body,Kadro,Çekirdek,,,,,,,hayir,,,,,,,,,,,,,,hayır,Çekirdek
halkbank voleybol canlı izle,Efeler Ligi,Voleybol,Lig,1. Seviye,Çekirdek,Erkek,Kulüp,Takım Sporu,Türkiye,Yerli,Türk Takımı Var,Doğrulanacak,Yıllık,Sürekli Lig,Canlı İzle,İzleme,Takım,Jenerik,Türkçe,Body,Canlı İzle,Çekirdek,,,,,,,hayir,,,,,,,,,,,,,,hayır,Çekirdek
halkbank voleybol transfer,Efeler Ligi,Voleybol,Lig,1. Seviye,Çekirdek,Erkek,Kulüp,Takım Sporu,Türkiye,Yerli,Türk Takımı Var,Doğrulanacak,Yıllık,Sürekli Lig,Transfer,Bilgi,Takım,Jenerik,İngilizce,Body,Transfer,Çekirdek,,,,,,,hayir,,,,,,,,,,,,,,hayır,Çekirdek
fenerbahçe voleybol,Efeler Ligi,Voleybol,Lig,1. Seviye,Çekirdek,Erkek,Kulüp,Takım Sporu,Türkiye,Yerli,Türk Takımı Var,Doğrulanacak,Yıllık,Sürekli Lig,Takım Jenerik,Bilgi,Takım,Jenerik,Türkçe,Head,Takım Jenerik,Çekirdek,18100,LOW,3,0.48,0.18,1.83,evet,,5400,8100,33100,33100,22200,27100,18100,27100,33100,14800,4400,5400,hayır,Çekirdek
fenerbahçe voleybol maçları,Efeler Ligi,Voleybol,Lig,1. Seviye,Çekirdek,Erkek,Kulüp,Takım Sporu,Türkiye,Yerli,Türk Takımı Var,Doğrulanacak,Yıllık,Sürekli Lig,Takım Maç Sorgusu,Bilgi,Takım,Jenerik,Türkçe,Body,Takım Maç Sorgusu,Çekirdek,8100,LOW,2,,0.05,0.3,evet,,720,1600,12100,22200,9900,12100,8100,12100,12100,2900,480,480,hayır,Çekirdek
fenerbahçe voleybol fikstür,Efeler Ligi,Voleybol,Lig,1. Seviye,Çekirdek,Erkek,Kulüp,Takım Sporu,Türkiye,Yerli,Türk Takımı Var,Doğrulanacak,Yıllık,Sürekli Lig,Fikstür,Bilgi,Takım,Jenerik,Türkçe,Body,Fikstür,Çekirdek,720,LOW,2,,,,evet,,90,110,590,880,1300,1300,1000,1300,1600,590,320,260,hayır,Çekirdek
fenerbahçe voleybol puan durumu,Efeler Ligi,Voleybol,Lig,1. Seviye,Çekirdek,Erkek,Kulüp,Takım Sporu,Türkiye,Yerli,Türk Takımı Var,Doğrulanacak,Yıllık,Sürekli Lig,Puan Durumu,Bilgi,Takım,Jenerik,Türkçe,Body,Puan Durumu,Çekirdek,480,LOW,0,,,,evet,,140,590,880,720,1000,1000,590,720,260,90,20,40,hayır,Çekirdek
fenerbahçe voleybol kadrosu,Efeler Ligi,Voleybol,Lig,1. Seviye,Çekirdek,Erkek,Kulüp,Takım Sporu,Türkiye,Yerli,Türk Takımı Var,Doğrulanacak,Yıllık,Sürekli Lig,Kadro,Bilgi,Takım,Jenerik,Türkçe,Body,Kadro,Çekirdek,1900,LOW,0,,,,evet,,880,1000,1900,2400,1600,2400,1600,2400,5400,2900,720,1300,hayır,Çekirdek
fenerbahçe voleybol canlı izle,Efeler Ligi,Voleybol,Lig,1. Seviye,Çekirdek,Erkek,Kulüp,Takım Sporu,Türkiye,Yerli,Türk Takımı Var,Doğrulanacak,Yıllık,Sürekli Lig,Canlı İzle,İzleme,Takım,Jenerik,Türkçe,Body,Canlı İzle,Çekirdek,40,LOW,0,,,,evet,,10,10,70,140,50,40,30,70,40,30,10,10,hayır,Çekirdek
fenerbahçe voleybol transfer,Efeler Ligi,Voleybol,Lig,1. Seviye,Çekirdek,Erkek,Kulüp,Takım Sporu,Türkiye,Yerli,Türk Takımı Var,Doğrulanacak,Yıllık,Sürekli Lig,Transfer,Bilgi,Takım,Jenerik,Türkçe,Body,Transfer,Çekirdek,590,LOW,0,,,,evet,,1300,1900,1000,260,260,320,140,90,110,480,320,720,hayır,Çekirdek
galatasaray voleybol,Efeler Ligi,Voleybol,Lig,1. Seviye,Çekirdek,Erkek,Kulüp,Takım Sporu,Türkiye,Yerli,Türk Takımı Var,Doğrulanacak,Yıllık,Sürekli Lig,Takım Jenerik,Bilgi,Takım,Jenerik,İngilizce,Head,Takım Jenerik,Çekirdek,9900,LOW,0,0.75,0.19,1.73,evet,,2900,4400,33100,12100,12100,9900,14800,12100,14800,8100,3600,6600,hayır,Çekirdek
galatasaray voleybol maçları,Efeler Ligi,Voleybol,Lig,1. Seviye,Çekirdek,Erkek,Kulüp,Takım Sporu,Türkiye,Yerli,Türk Takımı Var,Doğrulanacak,Yıllık,Sürekli Lig,Takım Maç Sorgusu,Bilgi,Takım,Jenerik,Türkçe,Body,Takım Maç Sorgusu,Çekirdek,1600,LOW,2,,,,evet,,140,390,5400,2400,2900,2400,1900,1900,1600,210,90,70,hayır,Çekirdek
galatasaray voleybol fikstür,Efeler Ligi,Voleybol,Lig,1. Seviye,Çekirdek,Erkek,Kulüp,Takım Sporu,Türkiye,Yerli,Türk Takımı Var,Doğrulanacak,Yıllık,Sürekli Lig,Fikstür,Bilgi,Takım,Jenerik,Türkçe,Body,Fikstür,Çekirdek,320,LOW,1,,,,evet,,10,50,260,260,480,480,480,720,880,210,70,20,hayır,Çekirdek
galatasaray voleybol puan durumu,Efeler Ligi,Voleybol,Lig,1. Seviye,Çekirdek,Erkek,Kulüp,Takım Sporu,Türkiye,Yerli,Türk Takımı Var,Doğrulanacak,Yıllık,Sürekli Lig,Puan Durumu,Bilgi,Takım,Jenerik,İngilizce,Body,Puan Durumu,Çekirdek,260,LOW,3,,,,evet,,40,170,590,390,480,390,390,390,320,90,30,30,hayır,Çekirdek
galatasaray voleybol kadrosu,Efeler Ligi,Voleybol,Lig,1. Seviye,Çekirdek,Erkek,Kulüp,Takım Sporu,Türkiye,Yerli,Türk Takımı Var,Doğrulanacak,Yıllık,Sürekli Lig,Kadro,Bilgi,Takım,Jenerik,İngilizce,Body,Kadro,Çekirdek,1600,LOW,0,,,,evet,,720,720,1300,1300,1000,1300,1900,1900,2400,3600,880,1300,hayır,Çekirdek
galatasaray voleybol canlı izle,Efeler Ligi,Voleybol,Lig,1. Seviye,Çekirdek,Erkek,Kulüp,Takım Sporu,Türkiye,Yerli,Türk Takımı Var,Doğrulanacak,Yıllık,Sürekli Lig,Canlı İzle,İzleme,Takım,Jenerik,Türkçe,Body,Canlı İzle,Çekirdek,20,,,,,,evet,,0,0,40,20,40,30,20,10,20,0,0,0,hayır,Çekirdek
galatasaray voleybol transfer,Efeler Ligi,Voleybol,Lig,1. Seviye,Çekirdek,Erkek,Kulüp,Takım Sporu,Türkiye,Yerli,Türk Takımı Var,Doğrulanacak,Yıllık,Sürekli Lig,Transfer,Bilgi,Takım,Jenerik,İngilizce,Body,Transfer,Çekirdek,210,LOW,0,,,,evet,,390,260,170,70,70,110,170,110,170,390,320,880,hayır,Çekirdek
arkas spor,Efeler Ligi,Voleybol,Lig,1. Seviye,Çekirdek,Erkek,Kulüp,Takım Sporu,Türkiye,Yerli,Türk Takımı Var,Doğrulanacak,Yıllık,Sürekli Lig,Takım Jenerik,Bilgi,Takım,Jenerik,İngilizce,Head,Takım Jenerik,Çekirdek,480,LOW,1,0.28,,,evet,,390,320,480,480,480,390,480,480,720,480,320,390,hayır,Çekirdek
arkas spor maçları,Efeler Ligi,Voleybol,Lig,1. Seviye,Çekirdek,Erkek,Kulüp,Takım Sporu,Türkiye,Yerli,Türk Takımı Var,Doğrulanacak,Yıllık,Sürekli Lig,Takım Maç Sorgusu,Bilgi,Takım,Jenerik,Türkçe,Body,Takım Maç Sorgusu,Çekirdek,10,,,,,,evet,,0,0,10,10,10,10,10,10,10,10,0,0,hayır,Çekirdek
arkas spor fikstür,Efeler Ligi,Voleybol,Lig,1. Seviye,Çekirdek,Erkek,Kulüp,Takım Sporu,Türkiye,Yerli,Türk Takımı Var,Doğrulanacak,Yıllık,Sürekli Lig,Fikstür,Bilgi,Takım,Jenerik,Türkçe,Body,Fikstür,Çekirdek,10,,,,,,evet,,0,0,10,10,10,10,10,10,10,10,10,0,hayır,Çekirdek
arkas spor puan durumu,Efeler Ligi,Voleybol,Lig,1. Seviye,Çekirdek,Erkek,Kulüp,Takım Sporu,Türkiye,Yerli,Türk Takımı Var,Doğrulanacak,Yıllık,Sürekli Lig,Puan Durumu,Bilgi,Takım,Jenerik,İngilizce,Body,Puan Durumu,Çekirdek,10,,,,,,evet,,0,10,10,10,10,0,10,10,10,0,0,0,hayır,Çekirdek
arkas spor kadrosu,Efeler Ligi,Voleybol,Lig,1. Seviye,Çekirdek,Erkek,Kulüp,Takım Sporu,Türkiye,Yerli,Türk Takımı Var,Doğrulanacak,Yıllık,Sürekli Lig,Kadro,Bilgi,Takım,Jenerik,İngilizce,Body,Kadro,Çekirdek,,,,,,,hayir,,,,,,,,,,,,,,hayır,Çekirdek
arkas spor canlı izle,Efeler Ligi,Voleybol,Lig,1. Seviye,Çekirdek,Erkek,Kulüp,Takım Sporu,Türkiye,Yerli,Türk Takımı Var,Doğrulanacak,Yıllık,Sürekli Lig,Canlı İzle,İzleme,Takım,Jenerik,Türkçe,Body,Canlı İzle,Çekirdek,,,,,,,hayir,,,,,,,,,,,,,,hayır,Çekirdek
arkas spor transfer,Efeler Ligi,Voleybol,Lig,1. Seviye,Çekirdek,Erkek,Kulüp,Takım Sporu,Türkiye,Yerli,Türk Takımı Var,Doğrulanacak,Yıllık,Sürekli Lig,Transfer,Bilgi,Takım,Jenerik,İngilizce,Body,Transfer,Çekirdek,,,,,,,hayir,,,,,,,,,,,,,,hayır,Çekirdek
tokat belediye plevne,Efeler Ligi,Voleybol,Lig,1. Seviye,Çekirdek,Erkek,Kulüp,Takım Sporu,Türkiye,Yerli,Türk Takımı Var,Doğrulanacak,Yıllık,Sürekli Lig,Takım Jenerik,Bilgi,Takım,Jenerik,İngilizce,Body,Takım Jenerik,Çekirdek,50,LOW,0,,,,evet,,10,30,50,50,70,50,70,50,140,140,20,30,hayır,Çekirdek
tokat belediye plevne maçları,Efeler Ligi,Voleybol,Lig,1. Seviye,Çekirdek,Erkek,Kulüp,Takım Sporu,Türkiye,Yerli,Türk Takımı Var,Doğrulanacak,Yıllık,Sürekli Lig,Takım Maç Sorgusu,Bilgi,Takım,Jenerik,Türkçe,Body,Takım Maç Sorgusu,Çekirdek,,,,,,,hayir,,,,,,,,,,,,,,hayır,Çekirdek
tokat belediye plevne fikstür,Efeler Ligi,Voleybol,Lig,1. Seviye,Çekirdek,Erkek,Kulüp,Takım Sporu,Türkiye,Yerli,Türk Takımı Var,Doğrulanacak,Yıllık,Sürekli Lig,Fikstür,Bilgi,Takım,Jenerik,Türkçe,Body,Fikstür,Çekirdek,,,,,,,hayir,,,,,,,,,,,,,,hayır,Çekirdek
tokat belediye plevne puan durumu,Efeler Ligi,Voleybol,Lig,1. Seviye,Çekirdek,Erkek,Kulüp,Takım Sporu,Türkiye,Yerli,Türk Takımı Var,Doğrulanacak,Yıllık,Sürekli Lig,Puan Durumu,Bilgi,Takım,Jenerik,İngilizce,Long-tail,Puan Durumu,Çekirdek,10,,,,,,evet,,0,10,10,10,10,10,10,20,10,10,0,0,hayır,Çekirdek
tokat belediye plevne kadrosu,Efeler Ligi,Voleybol,Lig,1. Seviye,Çekirdek,Erkek,Kulüp,Takım Sporu,Türkiye,Yerli,Türk Takımı Var,Doğrulanacak,Yıllık,Sürekli Lig,Kadro,Bilgi,Takım,Jenerik,İngilizce,Body,Kadro,Çekirdek,,,,,,,hayir,,,,,,,,,,,,,,hayır,Çekirdek
tokat belediye plevne canlı izle,Efeler Ligi,Voleybol,Lig,1. Seviye,Çekirdek,Erkek,Kulüp,Takım Sporu,Türkiye,Yerli,Türk Takımı Var,Doğrulanacak,Yıllık,Sürekli Lig,Canlı İzle,İzleme,Takım,Jenerik,Türkçe,Long-tail,Canlı İzle,Çekirdek,,,,,,,hayir,,,,,,,,,,,,,,hayır,Çekirdek
tokat belediye plevne transfer,Efeler Ligi,Voleybol,Lig,1. Seviye,Çekirdek,Erkek,Kulüp,Takım Sporu,Türkiye,Yerli,Türk Takımı Var,Doğrulanacak,Yıllık,Sürekli Lig,Transfer,Bilgi,Takım,Jenerik,İngilizce,Body,Transfer,Çekirdek,,,,,,,hayir,,,,,,,,,,,,,,hayır,Çekirdek
cizre belediyespor,Efeler Ligi,Voleybol,Lig,1. Seviye,Çekirdek,Erkek,Kulüp,Takım Sporu,Türkiye,Yerli,Türk Takımı Var,Doğrulanacak,Yıllık,Sürekli Lig,Takım Jenerik,Bilgi,Takım,Jenerik,İngilizce,Head,Takım Jenerik,Çekirdek,720,LOW,0,,,,evet,,20,210,50,40,70,6600,90,90,30,10,10,10,hayır,Çekirdek
cizre belediyespor maçları,Efeler Ligi,Voleybol,Lig,1. Seviye,Çekirdek,Erkek,Kulüp,Takım Sporu,Türkiye,Yerli,Türk Takımı Var,Doğrulanacak,Yıllık,Sürekli Lig,Takım Maç Sorgusu,Bilgi,Takım,Jenerik,Türkçe,Body,Takım Maç Sorgusu,Çekirdek,,,,,,,hayir,,,,,,,,,,,,,,hayır,Çekirdek
cizre belediyespor fikstür,Efeler Ligi,Voleybol,Lig,1. Seviye,Çekirdek,Erkek,Kulüp,Takım Sporu,Türkiye,Yerli,Türk Takımı Var,Doğrulanacak,Yıllık,Sürekli Lig,Fikstür,Bilgi,Takım,Jenerik,Türkçe,Body,Fikstür,Çekirdek,,,,,,,hayir,,,,,,,,,,,,,,hayır,Çekirdek
cizre belediyespor puan durumu,Efeler Ligi,Voleybol,Lig,1. Seviye,Çekirdek,Erkek,Kulüp,Takım Sporu,Türkiye,Yerli,Türk Takımı Var,Doğrulanacak,Yıllık,Sürekli Lig,Puan Durumu,Bilgi,Takım,Jenerik,İngilizce,Body,Puan Durumu,Çekirdek,,,,,,,hayir,,,,,,,,,,,,,,hayır,Çekirdek
cizre belediyespor kadrosu,Efeler Ligi,Voleybol,Lig,1. Seviye,Çekirdek,Erkek,Kulüp,Takım Sporu,Türkiye,Yerli,Türk Takımı Var,Doğrulanacak,Yıllık,Sürekli Lig,Kadro,Bilgi,Takım,Jenerik,İngilizce,Body,Kadro,Çekirdek,,,,,,,hayir,,,,,,,,,,,,,,hayır,Çekirdek
cizre belediyespor canlı izle,Efeler Ligi,Voleybol,Lig,1. Seviye,Çekirdek,Erkek,Kulüp,Takım Sporu,Türkiye,Yerli,Türk Takımı Var,Doğrulanacak,Yıllık,Sürekli Lig,Canlı İzle,İzleme,Takım,Jenerik,Türkçe,Body,Canlı İzle,Çekirdek,,,,,,,hayir,,,,,,,,,,,,,,hayır,Çekirdek
cizre belediyespor transfer,Efeler Ligi,Voleybol,Lig,1. Seviye,Çekirdek,Erkek,Kulüp,Takım Sporu,Türkiye,Yerli,Türk Takımı Var,Doğrulanacak,Yıllık,Sürekli Lig,Transfer,Bilgi,Takım,Jenerik,İngilizce,Body,Transfer,Çekirdek,,,,,,,hayir,,,,,,,,,,,,,,hayır,Çekirdek
istanbul büyükşehir belediyespor,Efeler Ligi,Voleybol,Lig,1. Seviye,Çekirdek,Erkek,Kulüp,Takım Sporu,Türkiye,Yerli,Türk Takımı Var,Doğrulanacak,Yıllık,Sürekli Lig,Takım Jenerik,Bilgi,Takım,Jenerik,Türkçe,Body,Takım Jenerik,Çekirdek,140,LOW,1,,,,evet,,110,210,140,110,140,140,170,140,110,110,170,90,hayır,Çekirdek
istanbul büyükşehir belediyespor maçları,Efeler Ligi,Voleybol,Lig,1. Seviye,Çekirdek,Erkek,Kulüp,Takım Sporu,Türkiye,Yerli,Türk Takımı Var,Doğrulanacak,Yıllık,Sürekli Lig,Takım Maç Sorgusu,Bilgi,Takım,Jenerik,Türkçe,Body,Takım Maç Sorgusu,Çekirdek,,,,,,,hayir,,,,,,,,,,,,,,hayır,Çekirdek
istanbul büyükşehir belediyespor fikstür,Efeler Ligi,Voleybol,Lig,1. Seviye,Çekirdek,Erkek,Kulüp,Takım Sporu,Türkiye,Yerli,Türk Takımı Var,Doğrulanacak,Yıllık,Sürekli Lig,Fikstür,Bilgi,Takım,Jenerik,Türkçe,Body,Fikstür,Çekirdek,,,,,,,hayir,,,,,,,,,,,,,,hayır,Çekirdek
istanbul büyükşehir belediyespor puan durumu,Efeler Ligi,Voleybol,Lig,1. Seviye,Çekirdek,Erkek,Kulüp,Takım Sporu,Türkiye,Yerli,Türk Takımı Var,Doğrulanacak,Yıllık,Sürekli Lig,Puan Durumu,Bilgi,Takım,Jenerik,Türkçe,Long-tail,Puan Durumu,Çekirdek,,,,,,,hayir,,,,,,,,,,,,,,hayır,Çekirdek
istanbul büyükşehir belediyespor kadrosu,Efeler Ligi,Voleybol,Lig,1. Seviye,Çekirdek,Erkek,Kulüp,Takım Sporu,Türkiye,Yerli,Türk Takımı Var,Doğrulanacak,Yıllık,Sürekli Lig,Kadro,Bilgi,Takım,Jenerik,Türkçe,Body,Kadro,Çekirdek,10,,,,,,evet,,0,10,0,0,10,10,10,0,10,10,0,0,hayır,Çekirdek
istanbul büyükşehir belediyespor canlı izle,Efeler Ligi,Voleybol,Lig,1. Seviye,Çekirdek,Erkek,Kulüp,Takım Sporu,Türkiye,Yerli,Türk Takımı Var,Doğrulanacak,Yıllık,Sürekli Lig,Canlı İzle,İzleme,Takım,Jenerik,Türkçe,Long-tail,Canlı İzle,Çekirdek,,,,,,,hayir,,,,,,,,,,,,,,hayır,Çekirdek
istanbul büyükşehir belediyespor transfer,Efeler Ligi,Voleybol,Lig,1. Seviye,Çekirdek,Erkek,Kulüp,Takım Sporu,Türkiye,Yerli,Türk Takımı Var,Doğrulanacak,Yıllık,Sürekli Lig,Transfer,Bilgi,Takım,Jenerik,Türkçe,Body,Transfer,Çekirdek,,,,,,,hayir,,,,,,,,,,,,,,hayır,Çekirdek
a.f.c. greenwich borough,FA Cup Alt Ligler,Futbol,Lig,Alt Seviye,Uzun Kuyruk,Erkek,Kulüp,Takım Sporu,İngiltere,Yabancı,Yok,TV+ Var,Yıllık,Sürekli Lig,Takım Jenerik,Bilgi,Takım,Jenerik,İngilizce,Body,Takım Jenerik,Uzun Kuyruk,10,,,,,,evet,,10,0,0,0,10,0,10,0,10,10,10,0,hayır,Doğrulanacak
a.f.c. portchester,FA Cup Alt Ligler,Futbol,Lig,Alt Seviye,Uzun Kuyruk,Erkek,Kulüp,Takım Sporu,İngiltere,Yabancı,Yok,TV+ Var,Yıllık,Sürekli Lig,Takım Jenerik,Bilgi,Takım,Jenerik,İngilizce,Head,Takım Jenerik,Uzun Kuyruk,10,LOW,0,,,,evet,,0,10,10,10,10,0,0,10,10,10,10,10,hayır,Şüpheli (kişi adı olabilir)
a.f.c. stoneham,FA Cup Alt Ligler,Futbol,Lig,Alt Seviye,Uzun Kuyruk,Erkek,Kulüp,Takım Sporu,İngiltere,Yabancı,Yok,TV+ Var,Yıllık,Sürekli Lig,Takım Jenerik,Bilgi,Takım,Jenerik,İngilizce,Head,Takım Jenerik,Uzun Kuyruk,10,LOW,0,,,,evet,,10,30,10,10,0,10,10,10,10,10,10,10,hayır,Şüpheli (kişi adı olabilir)
afc rushden diamonds,FA Cup Alt Ligler,Futbol,Lig,Alt Seviye,Uzun Kuyruk,Erkek,Kulüp,Takım Sporu,İngiltere,Yabancı,Yok,TV+ Var,Yıllık,Sürekli Lig,Takım Jenerik,Bilgi,Takım,Jenerik,Türkçe,Body,Takım Jenerik,Uzun Kuyruk,10,LOW,0,,,,evet,,10,10,0,10,10,10,10,10,10,20,10,10,hayır,Kulüp
abbey hey,FA Cup Alt Ligler,Futbol,Lig,Alt Seviye,Uzun Kuyruk,Erkek,Kulüp,Takım Sporu,İngiltere,Yabancı,Yok,TV+ Var,Yıllık,Sürekli Lig,Takım Jenerik,Bilgi,Takım,Jenerik,İngilizce,Head,Takım Jenerik,Uzun Kuyruk,10,LOW,0,,,,evet,,0,10,0,10,0,10,0,0,0,0,10,10,hayır,Şüpheli (kişi adı olabilir)
abbey hulton united,FA Cup Alt Ligler,Futbol,Lig,Alt Seviye,Uzun Kuyruk,Erkek,Kulüp,Takım Sporu,İngiltere,Yabancı,Yok,TV+ Var,Yıllık,Sürekli Lig,Takım Jenerik,Bilgi,Takım,Jenerik,İngilizce,Body,Takım Jenerik,Uzun Kuyruk,10,LOW,0,,,,evet,,0,0,0,0,10,0,0,0,10,0,10,10,hayır,Kulüp
alton,FA Cup Alt Ligler,Futbol,Lig,Alt Seviye,Uzun Kuyruk,Erkek,Kulüp,Takım Sporu,İngiltere,Yabancı,Yok,TV+ Var,Yıllık,Sürekli Lig,Takım Jenerik,Bilgi,Takım,Jenerik,İngilizce,Head,Takım Jenerik,Uzun Kuyruk,260,LOW,3,,,,evet,,320,260,260,390,320,390,210,210,320,260,170,170,hayır,Doğrulanacak
amersham town,FA Cup Alt Ligler,Futbol,Lig,Alt Seviye,Uzun Kuyruk,Erkek,Kulüp,Takım Sporu,İngiltere,Yabancı,Yok,TV+ Var,Yıllık,Sürekli Lig,Takım Jenerik,Bilgi,Takım,Jenerik,İngilizce,Head,Takım Jenerik,Uzun Kuyruk,10,,,,,,evet,,10,0,0,0,0,0,0,0,0,0,10,10,hayır,Kulüp
andover new street,FA Cup Alt Ligler,Futbol,Lig,Alt Seviye,Uzun Kuyruk,Erkek,Kulüp,Takım Sporu,İngiltere,Yabancı,Yok,TV+ Var,Yıllık,Sürekli Lig,Takım Jenerik,Bilgi,Takım,Jenerik,İngilizce,Body,Takım Jenerik,Uzun Kuyruk,10,LOW,0,,,,evet,,0,10,0,0,0,10,10,10,0,10,10,10,hayır,Doğrulanacak
ardley united,FA Cup Alt Ligler,Futbol,Lig,Alt Seviye,Uzun Kuyruk,Erkek,Kulüp,Takım Sporu,İngiltere,Yabancı,Yok,TV+ Var,Yıllık,Sürekli Lig,Takım Jenerik,Bilgi,Takım,Jenerik,İngilizce,Head,Takım Jenerik,Uzun Kuyruk,10,LOW,0,,,,evet,,0,10,10,10,10,10,10,0,20,0,10,10,hayır,Kulüp
ascot united,FA Cup Alt Ligler,Futbol,Lig,Alt Seviye,Uzun Kuyruk,Erkek,Kulüp,Takım Sporu,İngiltere,Yabancı,Yok,TV+ Var,Yıllık,Sürekli Lig,Takım Jenerik,Bilgi,Takım,Jenerik,İngilizce,Head,Takım Jenerik,Uzun Kuyruk,20,LOW,2,,,,evet,,10,10,10,20,10,20,30,20,30,30,20,10,hayır,Kulüp
ashby ivanhoe,FA Cup Alt Ligler,Futbol,Lig,Alt Seviye,Uzun Kuyruk,Erkek,Kulüp,Takım Sporu,İngiltere,Yabancı,Yok,TV+ Var,Yıllık,Sürekli Lig,Takım Jenerik,Bilgi,Takım,Jenerik,İngilizce,Head,Takım Jenerik,Uzun Kuyruk,10,LOW,0,,,,evet,,0,10,0,0,0,10,0,0,10,10,10,10,hayır,Şüpheli (kişi adı olabilir)
ashford town,FA Cup Alt Ligler,Futbol,Lig,Alt Seviye,Uzun Kuyruk,Erkek,Kulüp,Takım Sporu,İngiltere,Yabancı,Yok,TV+ Var,Yıllık,Sürekli Lig,Takım Jenerik,Bilgi,Takım,Jenerik,İngilizce,Head,Takım Jenerik,Uzun Kuyruk,10,LOW,1,,,,evet,,10,0,10,10,10,10,0,0,10,10,10,10,hayır,Kulüp
ashington,FA Cup Alt Ligler,Futbol,Lig,Alt Seviye,Uzun Kuyruk,Erkek,Kulüp,Takım Sporu,İngiltere,Yabancı,Yok,TV+ Var,Yıllık,Sürekli Lig,Takım Jenerik,Bilgi,Takım,Jenerik,İngilizce,Head,Takım Jenerik,Uzun Kuyruk,110,LOW,1,,,,evet,,50,50,90,480,40,70,40,40,260,210,50,70,hayır,Doğrulanacak
atherton collieries,FA Cup Alt Ligler,Futbol,Lig,Alt Seviye,Uzun Kuyruk,Erkek,Kulüp,Takım Sporu,İngiltere,Yabancı,Yok,TV+ Var,Yıllık,Sürekli Lig,Takım Jenerik,Bilgi,Takım,Jenerik,İngilizce,Head,Takım Jenerik,Uzun Kuyruk,10,LOW,0,,,,evet,,0,0,10,10,10,10,10,10,40,10,20,20,hayır,Şüpheli (kişi adı olabilir)
aylesbury united,FA Cup Alt Ligler,Futbol,Lig,Alt Seviye,Uzun Kuyruk,Erkek,Kulüp,Takım Sporu,İngiltere,Yabancı,Yok,TV+ Var,Yıllık,Sürekli Lig,Takım Jenerik,Bilgi,Takım,Jenerik,İngilizce,Head,Takım Jenerik,Uzun Kuyruk,10,LOW,0,,,,evet,,10,10,10,10,10,10,10,40,10,10,10,0,hayır,Kulüp
badshot lea,FA Cup Alt Ligler,Futbol,Lig,Alt Seviye,Uzun Kuyruk,Erkek,Kulüp,Takım Sporu,İngiltere,Yabancı,Yok,TV+ Var,Yıllık,Sürekli Lig,Takım Jenerik,Bilgi,Takım,Jenerik,İngilizce,Head,Takım Jenerik,Uzun Kuyruk,10,LOW,0,,,,evet,,0,0,10,0,0,10,10,10,10,10,10,10,hayır,Şüpheli (kişi adı olabilir)
baffins milton rovers,FA Cup Alt Ligler,Futbol,Lig,Alt Seviye,Uzun Kuyruk,Erkek,Kulüp,Takım Sporu,İngiltere,Yabancı,Yok,TV+ Var,Yıllık,Sürekli Lig,Takım Jenerik,Bilgi,Takım,Jenerik,İngilizce,Body,Takım Jenerik,Uzun Kuyruk,10,LOW,0,,,,evet,,10,10,0,10,10,10,10,0,10,10,10,10,hayır,Kulüp
baldock town,FA Cup Alt Ligler,Futbol,Lig,Alt Seviye,Uzun Kuyruk,Erkek,Kulüp,Takım Sporu,İngiltere,Yabancı,Yok,TV+ Var,Yıllık,Sürekli Lig,Takım Jenerik,Bilgi,Takım,Jenerik,İngilizce,Head,Takım Jenerik,Uzun Kuyruk,10,LOW,0,,,,evet,,0,0,0,0,0,10,10,0,0,10,10,10,hayır,Kulüp
balham,FA Cup Alt Ligler,Futbol,Lig,Alt Seviye,Uzun Kuyruk,Erkek,Kulüp,Takım Sporu,İngiltere,Yabancı,Yok,TV+ Var,Yıllık,Sürekli Lig,Takım Jenerik,Bilgi,Takım,Jenerik,İngilizce,Head,Takım Jenerik,Uzun Kuyruk,110,LOW,9,0.53,0.19,1.92,evet,,110,110,140,110,110,140,110,140,140,110,110,140,hayır,Doğrulanacak
barnoldswick town,FA Cup Alt Ligler,Futbol,Lig,Alt Seviye,Uzun Kuyruk,Erkek,Kulüp,Takım Sporu,İngiltere,Yabancı,Yok,TV+ Var,Yıllık,Sürekli Lig,Takım Jenerik,Bilgi,Takım,Jenerik,İngilizce,Head,Takım Jenerik,Uzun Kuyruk,10,LOW,0,,,,evet,,0,10,10,0,10,10,0,10,10,10,10,10,hayır,Kulüp
barnstaple town,FA Cup Alt Ligler,Futbol,Lig,Alt Seviye,Uzun Kuyruk,Erkek,Kulüp,Takım Sporu,İngiltere,Yabancı,Yok,TV+ Var,Yıllık,Sürekli Lig,Takım Jenerik,Bilgi,Takım,Jenerik,İngilizce,Head,Takım Jenerik,Uzun Kuyruk,10,,,,,,evet,,0,10,10,10,0,10,10,10,0,10,10,10,hayır,Kulüp
barton town,FA Cup Alt Ligler,Futbol,Lig,Alt Seviye,Uzun Kuyruk,Erkek,Kulüp,Takım Sporu,İngiltere,Yabancı,Yok,TV+ Var,Yıllık,Sürekli Lig,Takım Jenerik,Bilgi,Takım,Jenerik,İngilizce,Head,Takım Jenerik,Uzun Kuyruk,10,,,,,,evet,,0,10,10,10,0,0,10,0,0,10,10,0,hayır,Kulüp
bashley,FA Cup Alt Ligler,Futbol,Lig,Alt Seviye,Uzun Kuyruk,Erkek,Kulüp,Takım Sporu,İngiltere,Yabancı,Yok,TV+ Var,Yıllık,Sürekli Lig,Takım Jenerik,Bilgi,Takım,Jenerik,İngilizce,Head,Takım Jenerik,Uzun Kuyruk,10,LOW,0,,,,evet,,10,30,10,10,10,10,10,10,10,10,10,10,hayır,Doğrulanacak
beaconsfield town,FA Cup Alt Ligler,Futbol,Lig,Alt Seviye,Uzun Kuyruk,Erkek,Kulüp,Takım Sporu,İngiltere,Yabancı,Yok,TV+ Var,Yıllık,Sürekli Lig,Takım Jenerik,Bilgi,Takım,Jenerik,İngilizce,Head,Takım Jenerik,Uzun Kuyruk,10,LOW,0,,,,evet,,10,10,10,10,10,10,10,10,70,10,10,10,hayır,Kulüp
bearsted,FA Cup Alt Ligler,Futbol,Lig,Alt Seviye,Uzun Kuyruk,Erkek,Kulüp,Takım Sporu,İngiltere,Yabancı,Yok,TV+ Var,Yıllık,Sürekli Lig,Takım Jenerik,Bilgi,Takım,Jenerik,İngilizce,Head,Takım Jenerik,Uzun Kuyruk,10,LOW,2,,,,evet,,10,10,10,10,10,10,0,10,10,10,10,0,hayır,Doğrulanacak
beckenham town,FA Cup Alt Ligler,Futbol,Lig,Alt Seviye,Uzun Kuyruk,Erkek,Kulüp,Takım Sporu,İngiltere,Yabancı,Yok,TV+ Var,Yıllık,Sürekli Lig,Takım Jenerik,Bilgi,Takım,Jenerik,İngilizce,Head,Takım Jenerik,Uzun Kuyruk,10,,,,,,evet,,0,10,10,10,10,10,10,0,10,10,10,10,hayır,Kulüp
bedfont,FA Cup Alt Ligler,Futbol,Lig,Alt Seviye,Uzun Kuyruk,Erkek,Kulüp,Takım Sporu,İngiltere,Yabancı,Yok,TV+ Var,Yıllık,Sürekli Lig,Takım Jenerik,Bilgi,Takım,Jenerik,İngilizce,Head,Takım Jenerik,Uzun Kuyruk,10,LOW,3,,,,evet,,10,10,10,20,10,20,10,10,10,20,10,10,hayır,Doğrulanacak
bedworth united,FA Cup Alt Ligler,Futbol,Lig,Alt Seviye,Uzun Kuyruk,Erkek,Kulüp,Takım Sporu,İngiltere,Yabancı,Yok,TV+ Var,Yıllık,Sürekli Lig,Takım Jenerik,Bilgi,Takım,Jenerik,İngilizce,Head,Takım Jenerik,Uzun Kuyruk,10,LOW,0,,,,evet,,10,10,10,10,10,10,10,10,50,10,10,10,hayır,Kulüp
beverley town,FA Cup Alt Ligler,Futbol,Lig,Alt Seviye,Uzun Kuyruk,Erkek,Kulüp,Takım Sporu,İngiltere,Yabancı,Yok,TV+ Var,Yıllık,Sürekli Lig,Takım Jenerik,Bilgi,Takım,Jenerik,İngilizce,Head,Takım Jenerik,Uzun Kuyruk,170,LOW,4,,,,evet,,260,260,260,140,110,140,140,140,170,210,170,210,hayır,Kulüp
bishop auckland,FA Cup Alt Ligler,Futbol,Lig,Alt Seviye,Uzun Kuyruk,Erkek,Kulüp,Takım Sporu,İngiltere,Yabancı,Yok,TV+ Var,Yıllık,Sürekli Lig,Takım Jenerik,Bilgi,Takım,Jenerik,İngilizce,Head,Takım Jenerik,Uzun Kuyruk,40,LOW,8,0.59,0.27,0.5,evet,,50,40,30,70,50,30,30,20,30,40,50,40,hayır,Şüpheli (kişi adı olabilir)
blyth spartans,FA Cup Alt Ligler,Futbol,Lig,Alt Seviye,Uzun Kuyruk,Erkek,Kulüp,Takım Sporu,İngiltere,Yabancı,Yok,TV+ Var,Yıllık,Sürekli Lig,Takım Jenerik,Bilgi,Takım,Jenerik,İngilizce,Head,Takım Jenerik,Uzun Kuyruk,40,LOW,0,,,,evet,,30,50,30,40,40,40,20,40,70,40,70,70,hayır,Şüpheli (kişi adı olabilir)
bognor regis town,FA Cup Alt Ligler,Futbol,Lig,Alt Seviye,Uzun Kuyruk,Erkek,Kulüp,Takım Sporu,İngiltere,Yabancı,Yok,TV+ Var,Yıllık,Sürekli Lig,Takım Jenerik,Bilgi,Takım,Jenerik,İngilizce,Body,Takım Jenerik,Uzun Kuyruk,30,LOW,0,,,,evet,,10,10,10,30,10,40,30,30,40,30,40,20,hayır,Kulüp
boldmere st. michaels,FA Cup Alt Ligler,Futbol,Lig,Alt Seviye,Uzun Kuyruk,Erkek,Kulüp,Takım Sporu,İngiltere,Yabancı,Yok,TV+ Var,Yıllık,Sürekli Lig,Takım Jenerik,Bilgi,Takım,Jenerik,İngilizce,Body,Takım Jenerik,Uzun Kuyruk,10,LOW,0,,,,evet,,0,10,10,10,10,10,0,10,20,10,20,10,hayır,Doğrulanacak
bootle,FA Cup Alt Ligler,Futbol,Lig,Alt Seviye,Uzun Kuyruk,Erkek,Kulüp,Takım Sporu,İngiltere,Yabancı,Yok,TV+ Var,Yıllık,Sürekli Lig,Takım Jenerik,Bilgi,Takım,Jenerik,İngilizce,Head,Takım Jenerik,Uzun Kuyruk,210,LOW,9,0.39,0.33,2.43,evet,,140,210,260,390,260,210,210,170,260,210,170,170,hayır,Doğrulanacak
boston town,FA Cup Alt Ligler,Futbol,Lig,Alt Seviye,Uzun Kuyruk,Erkek,Kulüp,Takım Sporu,İngiltere,Yabancı,Yok,TV+ Var,Yıllık,Sürekli Lig,Takım Jenerik,Bilgi,Takım,Jenerik,İngilizce,Head,Takım Jenerik,Uzun Kuyruk,10,LOW,17,,,,evet,,10,10,10,10,10,10,10,10,10,10,10,10,hayır,Kulüp
bottesford town,FA Cup Alt Ligler,Futbol,Lig,Alt Seviye,Uzun Kuyruk,Erkek,Kulüp,Takım Sporu,İngiltere,Yabancı,Yok,TV+ Var,Yıllık,Sürekli Lig,Takım Jenerik,Bilgi,Takım,Jenerik,İngilizce,Head,Takım Jenerik,Uzun Kuyruk,10,,,,,,evet,,0,0,0,0,0,10,0,10,0,0,10,10,hayır,Kulüp
bourne town,FA Cup Alt Ligler,Futbol,Lig,Alt Seviye,Uzun Kuyruk,Erkek,Kulüp,Takım Sporu,İngiltere,Yabancı,Yok,TV+ Var,Yıllık,Sürekli Lig,Takım Jenerik,Bilgi,Takım,Jenerik,İngilizce,Head,Takım Jenerik,Uzun Kuyruk,10,LOW,0,,,,evet,,0,0,0,0,10,10,0,0,10,10,10,10,hayır,Kulüp
brantham athletic,FA Cup Alt Ligler,Futbol,Lig,Alt Seviye,Uzun Kuyruk,Erkek,Kulüp,Takım Sporu,İngiltere,Yabancı,Yok,TV+ Var,Yıllık,Sürekli Lig,Takım Jenerik,Bilgi,Takım,Jenerik,İngilizce,Head,Takım Jenerik,Uzun Kuyruk,10,,,,,,evet,,0,10,10,10,10,30,20,10,30,10,10,10,hayır,Kulüp
bridgwater united,FA Cup Alt Ligler,Futbol,Lig,Alt Seviye,Uzun Kuyruk,Erkek,Kulüp,Takım Sporu,İngiltere,Yabancı,Yok,TV+ Var,Yıllık,Sürekli Lig,Takım Jenerik,Bilgi,Takım,Jenerik,İngilizce,Head,Takım Jenerik,Uzun Kuyruk,10,,,,,,evet,,10,0,10,10,10,0,10,0,0,10,10,10,hayır,Kulüp
bridlington town,FA Cup Alt Ligler,Futbol,Lig,Alt Seviye,Uzun Kuyruk,Erkek,Kulüp,Takım Sporu,İngiltere,Yabancı,Yok,TV+ Var,Yıllık,Sürekli Lig,Takım Jenerik,Bilgi,Takım,Jenerik,İngilizce,Head,Takım Jenerik,Uzun Kuyruk,10,LOW,0,,,,evet,,10,0,10,10,0,0,0,10,10,0,10,0,hayır,Kulüp
brislington,FA Cup Alt Ligler,Futbol,Lig,Alt Seviye,Uzun Kuyruk,Erkek,Kulüp,Takım Sporu,İngiltere,Yabancı,Yok,TV+ Var,Yıllık,Sürekli Lig,Takım Jenerik,Bilgi,Takım,Jenerik,İngilizce,Head,Takım Jenerik,Uzun Kuyruk,10,LOW,2,,,,evet,,10,10,10,10,10,10,10,10,10,10,10,10,hayır,Doğrulanacak
brixham,FA Cup Alt Ligler,Futbol,Lig,Alt Seviye,Uzun Kuyruk,Erkek,Kulüp,Takım Sporu,İngiltere,Yabancı,Yok,TV+ Var,Yıllık,Sürekli Lig,Takım Jenerik,Bilgi,Takım,Jenerik,İngilizce,Head,Takım Jenerik,Uzun Kuyruk,30,LOW,7,,,,evet,,30,30,30,20,30,20,30,20,40,30,50,40,hayır,Doğrulanacak
broadfields united,FA Cup Alt Ligler,Futbol,Lig,Alt Seviye,Uzun Kuyruk,Erkek,Kulüp,Takım Sporu,İngiltere,Yabancı,Yok,TV+ Var,Yıllık,Sürekli Lig,Takım Jenerik,Bilgi,Takım,Jenerik,İngilizce,Head,Takım Jenerik,Uzun Kuyruk,10,LOW,0,,,,evet,,10,0,0,0,0,0,0,0,10,0,10,10,hayır,Kulüp
buckhurst hill,FA Cup Alt Ligler,Futbol,Lig,Alt Seviye,Uzun Kuyruk,Erkek,Kulüp,Takım Sporu,İngiltere,Yabancı,Yok,TV+ Var,Yıllık,Sürekli Lig,Takım Jenerik,Bilgi,Takım,Jenerik,İngilizce,Head,Takım Jenerik,Uzun Kuyruk,20,LOW,4,,,,evet,,10,20,20,20,10,10,20,10,30,20,40,20,hayır,Şüpheli (kişi adı olabilir)
burnham,FA Cup Alt Ligler,Futbol,Lig,Alt Seviye,Uzun Kuyruk,Erkek,Kulüp,Takım Sporu,İngiltere,Yabancı,Yok,TV+ Var,Yıllık,Sürekli Lig,Takım Jenerik,Bilgi,Takım,Jenerik,İngilizce,Head,Takım Jenerik,Uzun Kuyruk,260,LOW,0,,,,evet,,880,210,110,90,70,110,110,90,70,70,90,90,hayır,Doğrulanacak
burscough,FA Cup Alt Ligler,Futbol,Lig,Alt Seviye,Uzun Kuyruk,Erkek,Kulüp,Takım Sporu,İngiltere,Yabancı,Yok,TV+ Var,Yıllık,Sürekli Lig,Takım Jenerik,Bilgi,Takım,Jenerik,İngilizce,Head,Takım Jenerik,Uzun Kuyruk,10,LOW,1,,,,evet,,10,10,10,10,10,10,10,10,20,10,10,10,hayır,Doğrulanacak
camberley town,FA Cup Alt Ligler,Futbol,Lig,Alt Seviye,Uzun Kuyruk,Erkek,Kulüp,Takım Sporu,İngiltere,Yabancı,Yok,TV+ Var,Yıllık,Sürekli Lig,Takım Jenerik,Bilgi,Takım,Jenerik,İngilizce,Head,Takım Jenerik,Uzun Kuyruk,10,,,,,,evet,,0,0,10,0,0,10,10,10,10,10,10,10,hayır,Kulüp
campion,FA Cup Alt Ligler,Futbol,Lig,Alt Seviye,Uzun Kuyruk,Erkek,Kulüp,Takım Sporu,İngiltere,Yabancı,Yok,TV+ Var,Yıllık,Sürekli Lig,Takım Jenerik,Bilgi,Takım,Jenerik,İngilizce,Head,Takım Jenerik,Uzun Kuyruk,390,LOW,19,0.3,0.06,0.54,evet,,260,390,390,390,390,480,480,590,590,480,390,480,hayır,Doğrulanacak
chasetown,FA Cup Alt Ligler,Futbol,Lig,Alt Seviye,Uzun Kuyruk,Erkek,Kulüp,Takım Sporu,İngiltere,Yabancı,Yok,TV+ Var,Yıllık,Sürekli Lig,Takım Jenerik,Bilgi,Takım,Jenerik,İngilizce,Head,Takım Jenerik,Uzun Kuyruk,20,LOW,0,,,,evet,,10,10,10,10,10,10,10,50,50,110,20,10,hayır,Doğrulanacak
cheadle town,FA Cup Alt Ligler,Futbol,Lig,Alt Seviye,Uzun Kuyruk,Erkek,Kulüp,Takım Sporu,İngiltere,Yabancı,Yok,TV+ Var,Yıllık,Sürekli Lig,Takım Jenerik,Bilgi,Takım,Jenerik,İngilizce,Head,Takım Jenerik,Uzun Kuyruk,10,LOW,0,,,,evet,,10,10,10,10,10,10,10,10,10,10,10,10,hayır,Kulüp
cirencester town,FA Cup Alt Ligler,Futbol,Lig,Alt Seviye,Uzun Kuyruk,Erkek,Kulüp,Takım Sporu,İngiltere,Yabancı,Yok,TV+ Var,Yıllık,Sürekli Lig,Takım Jenerik,Bilgi,Takım,Jenerik,İngilizce,Head,Takım Jenerik,Uzun Kuyruk,10,LOW,0,,,,evet,,0,10,0,10,10,0,0,0,0,0,10,0,hayır,Kulüp
clitheroe,FA Cup Alt Ligler,Futbol,Lig,Alt Seviye,Uzun Kuyruk,Erkek,Kulüp,Takım Sporu,İngiltere,Yabancı,Yok,TV+ Var,Yıllık,Sürekli Lig,Takım Jenerik,Bilgi,Takım,Jenerik,İngilizce,Head,Takım Jenerik,Uzun Kuyruk,30,LOW,8,,,,evet,,20,20,20,10,30,20,20,30,50,30,50,30,hayır,Doğrulanacak
cobham,FA Cup Alt Ligler,Futbol,Lig,Alt Seviye,Uzun Kuyruk,Erkek,Kulüp,Takım Sporu,İngiltere,Yabancı,Yok,TV+ Var,Yıllık,Sürekli Lig,Takım Jenerik,Bilgi,Takım,Jenerik,İngilizce,Head,Takım Jenerik,Uzun Kuyruk,140,LOW,2,0.04,,,evet,,110,110,210,210,140,210,170,110,140,110,140,170,hayır,Doğrulanacak
cockfosters,FA Cup Alt Ligler,Futbol,Lig,Alt Seviye,Uzun Kuyruk,Erkek,Kulüp,Takım Sporu,İngiltere,Yabancı,Yok,TV+ Var,Yıllık,Sürekli Lig,Takım Jenerik,Bilgi,Takım,Jenerik,İngilizce,Head,Takım Jenerik,Uzun Kuyruk,50,LOW,2,,,,evet,,70,90,50,70,50,70,50,50,40,70,50,70,hayır,Doğrulanacak
concord rangers,FA Cup Alt Ligler,Futbol,Lig,Alt Seviye,Uzun Kuyruk,Erkek,Kulüp,Takım Sporu,İngiltere,Yabancı,Yok,TV+ Var,Yıllık,Sürekli Lig,Takım Jenerik,Bilgi,Takım,Jenerik,İngilizce,Head,Takım Jenerik,Uzun Kuyruk,30,LOW,0,,,,evet,,70,10,20,50,50,30,10,40,50,20,50,30,hayır,Kulüp
consett,FA Cup Alt Ligler,Futbol,Lig,Alt Seviye,Uzun Kuyruk,Erkek,Kulüp,Takım Sporu,İngiltere,Yabancı,Yok,TV+ Var,Yıllık,Sürekli Lig,Takım Jenerik,Bilgi,Takım,Jenerik,İngilizce,Head,Takım Jenerik,Uzun Kuyruk,140,LOW,0,,,,evet,,90,110,170,90,110,170,210,110,140,140,140,140,hayır,Doğrulanacak
corby town,FA Cup Alt Ligler,Futbol,Lig,Alt Seviye,Uzun Kuyruk,Erkek,Kulüp,Takım Sporu,İngiltere,Yabancı,Yok,TV+ Var,Yıllık,Sürekli Lig,Takım Jenerik,Bilgi,Takım,Jenerik,İngilizce,Head,Takım Jenerik,Uzun Kuyruk,50,LOW,0,,,,evet,,10,10,10,90,50,50,50,20,170,50,40,50,hayır,Kulüp
corinthian,FA Cup Alt Ligler,Futbol,Lig,Alt Seviye,Uzun Kuyruk,Erkek,Kulüp,Takım Sporu,İngiltere,Yabancı,Yok,TV+ Var,Yıllık,Sürekli Lig,Takım Jenerik,Bilgi,Takım,Jenerik,İngilizce,Head,Takım Jenerik,Uzun Kuyruk,9900,LOW,1,0.14,0.19,0.54,evet,,9900,12100,9900,8100,12100,12100,12100,9900,6600,8100,12100,9900,hayır,Doğrulanacak
cornard united,FA Cup Alt Ligler,Futbol,Lig,Alt Seviye,Uzun Kuyruk,Erkek,Kulüp,Takım Sporu,İngiltere,Yabancı,Yok,TV+ Var,Yıllık,Sürekli Lig,Takım Jenerik,Bilgi,Takım,Jenerik,İngilizce,Head,Takım Jenerik,Uzun Kuyruk,10,LOW,0,,,,evet,,0,0,10,0,10,10,0,0,10,0,10,10,hayır,Kulüp
coventry united,FA Cup Alt Ligler,Futbol,Lig,Alt Seviye,Uzun Kuyruk,Erkek,Kulüp,Takım Sporu,İngiltere,Yabancı,Yok,TV+ Var,Yıllık,Sürekli Lig,Takım Jenerik,Bilgi,Takım,Jenerik,İngilizce,Head,Takım Jenerik,Uzun Kuyruk,10,LOW,0,,,,evet,,10,10,10,10,10,10,0,10,10,10,10,10,hayır,Kulüp
crook town,FA Cup Alt Ligler,Futbol,Lig,Alt Seviye,Uzun Kuyruk,Erkek,Kulüp,Takım Sporu,İngiltere,Yabancı,Yok,TV+ Var,Yıllık,Sürekli Lig,Takım Jenerik,Bilgi,Takım,Jenerik,İngilizce,Head,Takım Jenerik,Uzun Kuyruk,10,LOW,0,,,,evet,,0,10,10,10,0,10,10,10,10,10,10,10,hayır,Kulüp
crowborough athletic,FA Cup Alt Ligler,Futbol,Lig,Alt Seviye,Uzun Kuyruk,Erkek,Kulüp,Takım Sporu,İngiltere,Yabancı,Yok,TV+ Var,Yıllık,Sürekli Lig,Takım Jenerik,Bilgi,Takım,Jenerik,İngilizce,Head,Takım Jenerik,Uzun Kuyruk,10,,,,,,evet,,0,0,10,10,10,10,10,20,0,0,10,0,hayır,Kulüp
deal town,FA Cup Alt Ligler,Futbol,Lig,Alt Seviye,Uzun Kuyruk,Erkek,Kulüp,Takım Sporu,İngiltere,Yabancı,Yok,TV+ Var,Yıllık,Sürekli Lig,Takım Jenerik,Bilgi,Takım,Jenerik,İngilizce,Head,Takım Jenerik,Uzun Kuyruk,10,LOW,0,,,,evet,,10,0,0,10,0,10,10,10,10,10,10,10,hayır,Kulüp
dearne district,FA Cup Alt Ligler,Futbol,Lig,Alt Seviye,Uzun Kuyruk,Erkek,Kulüp,Takım Sporu,İngiltere,Yabancı,Yok,TV+ Var,Yıllık,Sürekli Lig,Takım Jenerik,Bilgi,Takım,Jenerik,Türkçe,Body,Takım Jenerik,Uzun Kuyruk,,,,,,,hayir,,,,,,,,,,,,,,hayır,Şüpheli (kişi adı olabilir)
dereham town,FA Cup Alt Ligler,Futbol,Lig,Alt Seviye,Uzun Kuyruk,Erkek,Kulüp,Takım Sporu,İngiltere,Yabancı,Yok,TV+ Var,Yıllık,Sürekli Lig,Takım Jenerik,Bilgi,Takım,Jenerik,İngilizce,Head,Takım Jenerik,Uzun Kuyruk,10,LOW,0,,,,evet,,10,0,0,0,0,10,10,10,10,10,10,10,hayır,Kulüp
desborough town,FA Cup Alt Ligler,Futbol,Lig,Alt Seviye,Uzun Kuyruk,Erkek,Kulüp,Takım Sporu,İngiltere,Yabancı,Yok,TV+ Var,Yıllık,Sürekli Lig,Takım Jenerik,Bilgi,Takım,Jenerik,İngilizce,Head,Takım Jenerik,Uzun Kuyruk,10,,,,,,evet,,0,0,0,0,10,0,10,10,0,10,0,0,hayır,Kulüp
devizes town,FA Cup Alt Ligler,Futbol,Lig,Alt Seviye,Uzun Kuyruk,Erkek,Kulüp,Takım Sporu,İngiltere,Yabancı,Yok,TV+ Var,Yıllık,Sürekli Lig,Takım Jenerik,Bilgi,Takım,Jenerik,İngilizce,Head,Takım Jenerik,Uzun Kuyruk,10,LOW,5,,,,evet,,10,10,10,20,10,10,10,10,10,10,10,10,hayır,Kulüp
didcot town,FA Cup Alt Ligler,Futbol,Lig,Alt Seviye,Uzun Kuyruk,Erkek,Kulüp,Takım Sporu,İngiltere,Yabancı,Yok,TV+ Var,Yıllık,Sürekli Lig,Takım Jenerik,Bilgi,Takım,Jenerik,İngilizce,Head,Takım Jenerik,Uzun Kuyruk,10,LOW,0,,,,evet,,10,10,0,0,0,10,0,10,10,10,10,10,hayır,Kulüp
downham town,FA Cup Alt Ligler,Futbol,Lig,Alt Seviye,Uzun Kuyruk,Erkek,Kulüp,Takım Sporu,İngiltere,Yabancı,Yok,TV+ Var,Yıllık,Sürekli Lig,Takım Jenerik,Bilgi,Takım,Jenerik,İngilizce,Head,Takım Jenerik,Uzun Kuyruk,10,,,,,,evet,,10,0,10,0,10,0,10,30,10,10,10,0,hayır,Kulüp
downton,FA Cup Alt Ligler,Futbol,Lig,Alt Seviye,Uzun Kuyruk,Erkek,Kulüp,Takım Sporu,İngiltere,Yabancı,Yok,TV+ Var,Yıllık,Sürekli Lig,Takım Jenerik,Bilgi,Takım,Jenerik,İngilizce,Head,Takım Jenerik,Uzun Kuyruk,260,LOW,4,,0.18,0.72,evet,,210,260,390,210,140,260,260,210,210,210,210,210,hayır,Doğrulanacak
droitwich spa,FA Cup Alt Ligler,Futbol,Lig,Alt Seviye,Uzun Kuyruk,Erkek,Kulüp,Takım Sporu,İngiltere,Yabancı,Yok,TV+ Var,Yıllık,Sürekli Lig,Takım Jenerik,Bilgi,Takım,Jenerik,İngilizce,Head,Takım Jenerik,Uzun Kuyruk,10,LOW,3,,,,evet,,10,10,10,20,10,10,10,10,10,10,10,10,hayır,Şüpheli (kişi adı olabilir)
droylsden,FA Cup Alt Ligler,Futbol,Lig,Alt Seviye,Uzun Kuyruk,Erkek,Kulüp,Takım Sporu,İngiltere,Yabancı,Yok,TV+ Var,Yıllık,Sürekli Lig,Takım Jenerik,Bilgi,Takım,Jenerik,İngilizce,Head,Takım Jenerik,Uzun Kuyruk,10,LOW,13,,,,evet,,10,70,10,10,10,10,10,10,10,10,10,20,hayır,Doğrulanacak
dudley town,FA Cup Alt Ligler,Futbol,Lig,Alt Seviye,Uzun Kuyruk,Erkek,Kulüp,Takım Sporu,İngiltere,Yabancı,Yok,TV+ Var,Yıllık,Sürekli Lig,Takım Jenerik,Bilgi,Takım,Jenerik,İngilizce,Head,Takım Jenerik,Uzun Kuyruk,10,LOW,0,,,,evet,,10,20,10,10,10,10,10,20,10,20,20,50,hayır,Kulüp
dunstable,FA Cup Alt Ligler,Futbol,Lig,Alt Seviye,Uzun Kuyruk,Erkek,Kulüp,Takım Sporu,İngiltere,Yabancı,Yok,TV+ Var,Yıllık,Sürekli Lig,Takım Jenerik,Bilgi,Takım,Jenerik,İngilizce,Head,Takım Jenerik,Uzun Kuyruk,70,LOW,1,,,,evet,,50,70,50,70,50,50,70,70,70,50,70,50,hayır,Doğrulanacak
easington colliery,FA Cup Alt Ligler,Futbol,Lig,Alt Seviye,Uzun Kuyruk,Erkek,Kulüp,Takım Sporu,İngiltere,Yabancı,Yok,TV+ Var,Yıllık,Sürekli Lig,Takım Jenerik,Bilgi,Takım,Jenerik,İngilizce,Head,Takım Jenerik,Uzun Kuyruk,10,LOW,0,,,,evet,,10,10,10,10,0,10,0,10,10,10,10,10,hayır,Şüpheli (kişi adı olabilir)
east grinstead town,FA Cup Alt Ligler,Futbol,Lig,Alt Seviye,Uzun Kuyruk,Erkek,Kulüp,Takım Sporu,İngiltere,Yabancı,Yok,TV+ Var,Yıllık,Sürekli Lig,Takım Jenerik,Bilgi,Takım,Jenerik,İngilizce,Body,Takım Jenerik,Uzun Kuyruk,10,LOW,0,,,,evet,,10,0,10,10,10,0,10,0,10,10,10,10,hayır,Kulüp
eastbourne town,FA Cup Alt Ligler,Futbol,Lig,Alt Seviye,Uzun Kuyruk,Erkek,Kulüp,Takım Sporu,İngiltere,Yabancı,Yok,TV+ Var,Yıllık,Sürekli Lig,Takım Jenerik,Bilgi,Takım,Jenerik,İngilizce,Head,Takım Jenerik,Uzun Kuyruk,10,LOW,10,,,,evet,,10,0,10,0,10,10,10,0,0,10,10,10,hayır,Kulüp
eastwood,FA Cup Alt Ligler,Futbol,Lig,Alt Seviye,Uzun Kuyruk,Erkek,Kulüp,Takım Sporu,İngiltere,Yabancı,Yok,TV+ Var,Yıllık,Sürekli Lig,Takım Jenerik,Bilgi,Takım,Jenerik,İngilizce,Head,Takım Jenerik,Uzun Kuyruk,480,LOW,0,,,,evet,,590,590,480,590,480,590,590,480,480,390,390,480,hayır,Doğrulanacak
enfield,FA Cup Alt Ligler,Futbol,Lig,Alt Seviye,Uzun Kuyruk,Erkek,Kulüp,Takım Sporu,İngiltere,Yabancı,Yok,TV+ Var,Yıllık,Sürekli Lig,Takım Jenerik,Bilgi,Takım,Jenerik,İngilizce,Head,Takım Jenerik,Uzun Kuyruk,1000,LOW,2,,0.1,2.88,evet,,880,1000,880,2400,1300,1600,1000,880,1000,1000,1000,880,hayır,Doğrulanacak
epsom ewell,FA Cup Alt Ligler,Futbol,Lig,Alt Seviye,Uzun Kuyruk,Erkek,Kulüp,Takım Sporu,İngiltere,Yabancı,Yok,TV+ Var,Yıllık,Sürekli Lig,Takım Jenerik,Bilgi,Takım,Jenerik,Türkçe,Body,Takım Jenerik,Uzun Kuyruk,10,LOW,0,,,,evet,,0,10,10,0,10,10,0,10,10,10,10,0,hayır,Şüpheli (kişi adı olabilir)
erith belvedere,FA Cup Alt Ligler,Futbol,Lig,Alt Seviye,Uzun Kuyruk,Erkek,Kulüp,Takım Sporu,İngiltere,Yabancı,Yok,TV+ Var,Yıllık,Sürekli Lig,Takım Jenerik,Bilgi,Takım,Jenerik,Türkçe,Body,Takım Jenerik,Uzun Kuyruk,10,LOW,0,,,,evet,,10,0,0,0,0,0,0,0,0,0,0,10,hayır,Şüpheli (kişi adı olabilir)
erith town,FA Cup Alt Ligler,Futbol,Lig,Alt Seviye,Uzun Kuyruk,Erkek,Kulüp,Takım Sporu,İngiltere,Yabancı,Yok,TV+ Var,Yıllık,Sürekli Lig,Takım Jenerik,Bilgi,Takım,Jenerik,İngilizce,Head,Takım Jenerik,Uzun Kuyruk,10,,,,,,evet,,10,10,0,10,10,10,10,10,10,10,10,10,hayır,Kulüp
euxton villa,FA Cup Alt Ligler,Futbol,Lig,Alt Seviye,Uzun Kuyruk,Erkek,Kulüp,Takım Sporu,İngiltere,Yabancı,Yok,TV+ Var,Yıllık,Sürekli Lig,Takım Jenerik,Bilgi,Takım,Jenerik,İngilizce,Head,Takım Jenerik,Uzun Kuyruk,10,LOW,14,,,,evet,,10,10,0,10,0,0,0,0,10,10,0,0,hayır,Şüpheli (kişi adı olabilir)
everett rovers,FA Cup Alt Ligler,Futbol,Lig,Alt Seviye,Uzun Kuyruk,Erkek,Kulüp,Takım Sporu,İngiltere,Yabancı,Yok,TV+ Var,Yıllık,Sürekli Lig,Takım Jenerik,Bilgi,Takım,Jenerik,İngilizce,Head,Takım Jenerik,Uzun Kuyruk,10,LOW,0,,,,evet,,0,10,10,0,0,0,0,0,10,10,10,10,hayır,Kulüp
exmouth town,FA Cup Alt Ligler,Futbol,Lig,Alt Seviye,Uzun Kuyruk,Erkek,Kulüp,Takım Sporu,İngiltere,Yabancı,Yok,TV+ Var,Yıllık,Sürekli Lig,Takım Jenerik,Bilgi,Takım,Jenerik,İngilizce,Head,Takım Jenerik,Uzun Kuyruk,20,LOW,0,,,,evet,,0,10,0,0,0,0,0,0,10,210,0,10,hayır,Kulüp
f.c. st helens,FA Cup Alt Ligler,Futbol,Lig,Alt Seviye,Uzun Kuyruk,Erkek,Kulüp,Takım Sporu,İngiltere,Yabancı,Yok,TV+ Var,Yıllık,Sürekli Lig,Takım Jenerik,Bilgi,Takım,Jenerik,İngilizce,Body,Takım Jenerik,Uzun Kuyruk,10,LOW,0,,,,evet,,10,0,10,10,0,10,10,10,10,10,10,10,hayır,Doğrulanacak
fairford town,FA Cup Alt Ligler,Futbol,Lig,Alt Seviye,Uzun Kuyruk,Erkek,Kulüp,Takım Sporu,İngiltere,Yabancı,Yok,TV+ Var,Yıllık,Sürekli Lig,Takım Jenerik,Bilgi,Takım,Jenerik,İngilizce,Head,Takım Jenerik,Uzun Kuyruk,10,LOW,0,,,,evet,,0,0,10,10,0,10,10,0,10,0,10,10,hayır,Kulüp
fakenham town,FA Cup Alt Ligler,Futbol,Lig,Alt Seviye,Uzun Kuyruk,Erkek,Kulüp,Takım Sporu,İngiltere,Yabancı,Yok,TV+ Var,Yıllık,Sürekli Lig,Takım Jenerik,Bilgi,Takım,Jenerik,İngilizce,Head,Takım Jenerik,Uzun Kuyruk,10,,,,,,evet,,0,0,0,0,0,10,0,0,0,0,0,10,hayır,Kulüp
falmouth town,FA Cup Alt Ligler,Futbol,Lig,Alt Seviye,Uzun Kuyruk,Erkek,Kulüp,Takım Sporu,İngiltere,Yabancı,Yok,TV+ Var,Yıllık,Sürekli Lig,Takım Jenerik,Bilgi,Takım,Jenerik,İngilizce,Head,Takım Jenerik,Uzun Kuyruk,10,LOW,0,,,,evet,,10,10,10,20,10,10,0,30,10,10,10,0,hayır,Kulüp
faversham town,FA Cup Alt Ligler,Futbol,Lig,Alt Seviye,Uzun Kuyruk,Erkek,Kulüp,Takım Sporu,İngiltere,Yabancı,Yok,TV+ Var,Yıllık,Sürekli Lig,Takım Jenerik,Bilgi,Takım,Jenerik,İngilizce,Head,Takım Jenerik,Uzun Kuyruk,10,LOW,0,,,,evet,,10,10,10,10,40,10,10,20,20,20,10,30,hayır,Kulüp
flackwell heath,FA Cup Alt Ligler,Futbol,Lig,Alt Seviye,Uzun Kuyruk,Erkek,Kulüp,Takım Sporu,İngiltere,Yabancı,Yok,TV+ Var,Yıllık,Sürekli Lig,Takım Jenerik,Bilgi,Takım,Jenerik,İngilizce,Head,Takım Jenerik,Uzun Kuyruk,10,LOW,29,,,,evet,,10,0,10,0,10,10,10,10,10,10,10,0,hayır,Şüpheli (kişi adı olabilir)
fleetlands,FA Cup Alt Ligler,Futbol,Lig,Alt Seviye,Uzun Kuyruk,Erkek,Kulüp,Takım Sporu,İngiltere,Yabancı,Yok,TV+ Var,Yıllık,Sürekli Lig,Takım Jenerik,Bilgi,Takım,Jenerik,İngilizce,Head,Takım Jenerik,Uzun Kuyruk,10,,,,,,evet,,10,0,10,10,10,10,10,10,0,10,10,0,hayır,Doğrulanacak
frenford,FA Cup Alt Ligler,Futbol,Lig,Alt Seviye,Uzun Kuyruk,Erkek,Kulüp,Takım Sporu,İngiltere,Yabancı,Yok,TV+ Var,Yıllık,Sürekli Lig,Takım Jenerik,Bilgi,Takım,Jenerik,İngilizce,Head,Takım Jenerik,Uzun Kuyruk,10,,,,,,evet,,10,10,10,10,10,10,10,10,10,10,10,10,hayır,Doğrulanacak
frickley athletic,FA Cup Alt Ligler,Futbol,Lig,Alt Seviye,Uzun Kuyruk,Erkek,Kulüp,Takım Sporu,İngiltere,Yabancı,Yok,TV+ Var,Yıllık,Sürekli Lig,Takım Jenerik,Bilgi,Takım,Jenerik,İngilizce,Head,Takım Jenerik,Uzun Kuyruk,10,,,,,,evet,,10,10,10,0,0,0,10,10,10,10,10,10,hayır,Kulüp
garforth town,FA Cup Alt Ligler,Futbol,Lig,Alt Seviye,Uzun Kuyruk,Erkek,Kulüp,Takım Sporu,İngiltere,Yabancı,Yok,TV+ Var,Yıllık,Sürekli Lig,Takım Jenerik,Bilgi,Takım,Jenerik,İngilizce,Head,Takım Jenerik,Uzun Kuyruk,10,LOW,0,,,,evet,,10,10,10,10,10,20,10,10,10,10,10,10,hayır,Kulüp
glossop north end,FA Cup Alt Ligler,Futbol,Lig,Alt Seviye,Uzun Kuyruk,Erkek,Kulüp,Takım Sporu,İngiltere,Yabancı,Yok,TV+ Var,Yıllık,Sürekli Lig,Takım Jenerik,Bilgi,Takım,Jenerik,İngilizce,Body,Takım Jenerik,Uzun Kuyruk,10,LOW,0,,,,evet,,10,10,10,10,10,10,10,10,10,10,30,20,hayır,Doğrulanacak
golcar united,FA Cup Alt Ligler,Futbol,Lig,Alt Seviye,Uzun Kuyruk,Erkek,Kulüp,Takım Sporu,İngiltere,Yabancı,Yok,TV+ Var,Yıllık,Sürekli Lig,Takım Jenerik,Bilgi,Takım,Jenerik,İngilizce,Head,Takım Jenerik,Uzun Kuyruk,10,LOW,0,,,,evet,,0,10,0,10,0,0,0,10,10,10,10,10,hayır,Kulüp
grays athletic,FA Cup Alt Ligler,Futbol,Lig,Alt Seviye,Uzun Kuyruk,Erkek,Kulüp,Takım Sporu,İngiltere,Yabancı,Yok,TV+ Var,Yıllık,Sürekli Lig,Takım Jenerik,Bilgi,Takım,Jenerik,İngilizce,Head,Takım Jenerik,Uzun Kuyruk,20,LOW,0,,,,evet,,10,10,10,10,10,10,10,70,110,10,30,10,hayır,Kulüp
hallen,FA Cup Alt Ligler,Futbol,Lig,Alt Seviye,Uzun Kuyruk,Erkek,Kulüp,Takım Sporu,İngiltere,Yabancı,Yok,TV+ Var,Yıllık,Sürekli Lig,Takım Jenerik,Bilgi,Takım,Jenerik,İngilizce,Head,Takım Jenerik,Uzun Kuyruk,50,LOW,1,,,,evet,,50,40,50,50,40,40,50,40,70,50,70,50,hayır,Doğrulanacak
halstead town,FA Cup Alt Ligler,Futbol,Lig,Alt Seviye,Uzun Kuyruk,Erkek,Kulüp,Takım Sporu,İngiltere,Yabancı,Yok,TV+ Var,Yıllık,Sürekli Lig,Takım Jenerik,Bilgi,Takım,Jenerik,İngilizce,Head,Takım Jenerik,Uzun Kuyruk,10,,,,,,evet,,0,10,0,0,0,10,0,0,10,10,10,10,hayır,Kulüp
hamble club,FA Cup Alt Ligler,Futbol,Lig,Alt Seviye,Uzun Kuyruk,Erkek,Kulüp,Takım Sporu,İngiltere,Yabancı,Yok,TV+ Var,Yıllık,Sürekli Lig,Takım Jenerik,Bilgi,Takım,Jenerik,İngilizce,Head,Takım Jenerik,Uzun Kuyruk,0,,,,,,evet,,0,0,0,0,0,0,0,0,0,0,0,0,hayır,Kulüp
hanley town,FA Cup Alt Ligler,Futbol,Lig,Alt Seviye,Uzun Kuyruk,Erkek,Kulüp,Takım Sporu,İngiltere,Yabancı,Yok,TV+ Var,Yıllık,Sürekli Lig,Takım Jenerik,Bilgi,Takım,Jenerik,İngilizce,Head,Takım Jenerik,Uzun Kuyruk,10,LOW,0,,,,evet,,0,0,0,10,0,10,10,0,10,10,10,10,hayır,Kulüp
harefield united,FA Cup Alt Ligler,Futbol,Lig,Alt Seviye,Uzun Kuyruk,Erkek,Kulüp,Takım Sporu,İngiltere,Yabancı,Yok,TV+ Var,Yıllık,Sürekli Lig,Takım Jenerik,Bilgi,Takım,Jenerik,İngilizce,Head,Takım Jenerik,Uzun Kuyruk,10,LOW,0,,,,evet,,10,0,10,0,10,10,0,0,10,10,10,0,hayır,Kulüp
haringey borough,FA Cup Alt Ligler,Futbol,Lig,Alt Seviye,Uzun Kuyruk,Erkek,Kulüp,Takım Sporu,İngiltere,Yabancı,Yok,TV+ Var,Yıllık,Sürekli Lig,Takım Jenerik,Bilgi,Takım,Jenerik,İngilizce,Head,Takım Jenerik,Uzun Kuyruk,10,LOW,0,,,,evet,,10,10,10,10,10,10,10,10,10,10,10,10,hayır,Şüpheli (kişi adı olabilir)
harleston town,FA Cup Alt Ligler,Futbol,Lig,Alt Seviye,Uzun Kuyruk,Erkek,Kulüp,Takım Sporu,İngiltere,Yabancı,Yok,TV+ Var,Yıllık,Sürekli Lig,Takım Jenerik,Bilgi,Takım,Jenerik,İngilizce,Head,Takım Jenerik,Uzun Kuyruk,10,,,,,,evet,0,0,0,10,0,0,0,0,0,10,0,0,,hayır,Kulüp
harlow town,FA Cup Alt Ligler,Futbol,Lig,Alt Seviye,Uzun Kuyruk,Erkek,Kulüp,Takım Sporu,İngiltere,Yabancı,Yok,TV+ Var,Yıllık,Sürekli Lig,Takım Jenerik,Bilgi,Takım,Jenerik,İngilizce,Head,Takım Jenerik,Uzun Kuyruk,10,LOW,0,,,,evet,10,10,10,20,10,10,10,10,10,20,20,10,,hayır,Kulüp
hartley wintney,FA Cup Alt Ligler,Futbol,Lig,Alt Seviye,Uzun Kuyruk,Erkek,Kulüp,Takım Sporu,İngiltere,Yabancı,Yok,TV+ Var,Yıllık,Sürekli Lig,Takım Jenerik,Bilgi,Takım,Jenerik,İngilizce,Head,Takım Jenerik,Uzun Kuyruk,10,MEDIUM,36,,,,evet,10,10,10,20,20,10,10,10,10,10,10,10,,hayır,Şüpheli (kişi adı olabilir)
hassocks,FA Cup Alt Ligler,Futbol,Lig,Alt Seviye,Uzun Kuyruk,Erkek,Kulüp,Takım Sporu,İngiltere,Yabancı,Yok,TV+ Var,Yıllık,Sürekli Lig,Takım Jenerik,Bilgi,Takım,Jenerik,İngilizce,Head,Takım Jenerik,Uzun Kuyruk,40,LOW,3,,,,evet,30,30,50,50,50,30,30,20,40,40,40,40,,hayır,Doğrulanacak
hayes yeading united,FA Cup Alt Ligler,Futbol,Lig,Alt Seviye,Uzun Kuyruk,Erkek,Kulüp,Takım Sporu,İngiltere,Yabancı,Yok,TV+ Var,Yıllık,Sürekli Lig,Takım Jenerik,Bilgi,Takım,Jenerik,Türkçe,Body,Takım Jenerik,Uzun Kuyruk,10,LOW,0,,,,evet,10,0,0,0,10,0,0,10,10,0,0,0,,hayır,Kulüp
haywards heath town,FA Cup Alt Ligler,Futbol,Lig,Alt Seviye,Uzun Kuyruk,Erkek,Kulüp,Takım Sporu,İngiltere,Yabancı,Yok,TV+ Var,Yıllık,Sürekli Lig,Takım Jenerik,Bilgi,Takım,Jenerik,İngilizce,Body,Takım Jenerik,Uzun Kuyruk,10,,,,,,evet,0,0,0,10,0,0,0,0,0,0,0,0,,hayır,Kulüp
heaton stannington,FA Cup Alt Ligler,Futbol,Lig,Alt Seviye,Uzun Kuyruk,Erkek,Kulüp,Takım Sporu,İngiltere,Yabancı,Yok,TV+ Var,Yıllık,Sürekli Lig,Takım Jenerik,Bilgi,Takım,Jenerik,İngilizce,Head,Takım Jenerik,Uzun Kuyruk,20,LOW,0,,,,evet,10,10,0,10,10,10,90,10,40,20,10,10,,hayır,Şüpheli (kişi adı olabilir)
hendon,FA Cup Alt Ligler,Futbol,Lig,Alt Seviye,Uzun Kuyruk,Erkek,Kulüp,Takım Sporu,İngiltere,Yabancı,Yok,TV+ Var,Yıllık,Sürekli Lig,Takım Jenerik,Bilgi,Takım,Jenerik,İngilizce,Head,Takım Jenerik,Uzun Kuyruk,90,LOW,2,,,,evet,170,90,110,110,110,50,70,90,70,110,70,90,,hayır,Doğrulanacak
hereford pegasus,FA Cup Alt Ligler,Futbol,Lig,Alt Seviye,Uzun Kuyruk,Erkek,Kulüp,Takım Sporu,İngiltere,Yabancı,Yok,TV+ Var,Yıllık,Sürekli Lig,Takım Jenerik,Bilgi,Takım,Jenerik,İngilizce,Head,Takım Jenerik,Uzun Kuyruk,10,,,,,,evet,0,0,0,0,0,0,0,0,0,0,0,10,,hayır,Şüpheli (kişi adı olabilir)
herne bay,FA Cup Alt Ligler,Futbol,Lig,Alt Seviye,Uzun Kuyruk,Erkek,Kulüp,Takım Sporu,İngiltere,Yabancı,Yok,TV+ Var,Yıllık,Sürekli Lig,Takım Jenerik,Bilgi,Takım,Jenerik,İngilizce,Head,Takım Jenerik,Uzun Kuyruk,50,LOW,7,0.09,,,evet,70,50,30,40,50,70,30,20,30,30,50,70,,hayır,Şüpheli (kişi adı olabilir)
histon,FA Cup Alt Ligler,Futbol,Lig,Alt Seviye,Uzun Kuyruk,Erkek,Kulüp,Takım Sporu,İngiltere,Yabancı,Yok,TV+ Var,Yıllık,Sürekli Lig,Takım Jenerik,Bilgi,Takım,Jenerik,İngilizce,Head,Takım Jenerik,Uzun Kuyruk,210,LOW,0,,,,evet,110,210,210,210,210,170,260,390,320,260,170,140,,hayır,Doğrulanacak
hollands blair,FA Cup Alt Ligler,Futbol,Lig,Alt Seviye,Uzun Kuyruk,Erkek,Kulüp,Takım Sporu,İngiltere,Yabancı,Yok,TV+ Var,Yıllık,Sürekli Lig,Takım Jenerik,Bilgi,Takım,Jenerik,Türkçe,Body,Takım Jenerik,Uzun Kuyruk,,,,,,,hayir,,,,,,,,,,,,,,hayır,Şüpheli (kişi adı olabilir)
horbury town,FA Cup Alt Ligler,Futbol,Lig,Alt Seviye,Uzun Kuyruk,Erkek,Kulüp,Takım Sporu,İngiltere,Yabancı,Yok,TV+ Var,Yıllık,Sürekli Lig,Takım Jenerik,Bilgi,Takım,Jenerik,İngilizce,Head,Takım Jenerik,Uzun Kuyruk,10,,,,,,evet,0,0,0,0,10,0,0,0,0,0,0,10,,hayır,Kulüp
hucknall town,FA Cup Alt Ligler,Futbol,Lig,Alt Seviye,Uzun Kuyruk,Erkek,Kulüp,Takım Sporu,İngiltere,Yabancı,Yok,TV+ Var,Yıllık,Sürekli Lig,Takım Jenerik,Bilgi,Takım,Jenerik,İngilizce,Head,Takım Jenerik,Uzun Kuyruk,10,,,,,,evet,0,0,10,0,0,0,10,0,0,10,10,10,,hayır,Kulüp
hullbridge sports,FA Cup Alt Ligler,Futbol,Lig,Alt Seviye,Uzun Kuyruk,Erkek,Kulüp,Takım Sporu,İngiltere,Yabancı,Yok,TV+ Var,Yıllık,Sürekli Lig,Takım Jenerik,Bilgi,Takım,Jenerik,İngilizce,Head,Takım Jenerik,Uzun Kuyruk,10,,,,,,evet,0,10,0,0,0,0,0,0,0,0,0,10,,hayır,Şüpheli (kişi adı olabilir)
hungerford town,FA Cup Alt Ligler,Futbol,Lig,Alt Seviye,Uzun Kuyruk,Erkek,Kulüp,Takım Sporu,İngiltere,Yabancı,Yok,TV+ Var,Yıllık,Sürekli Lig,Takım Jenerik,Bilgi,Takım,Jenerik,İngilizce,Head,Takım Jenerik,Uzun Kuyruk,70,LOW,0,,,,evet,10,10,20,20,20,40,70,390,110,30,20,40,,hayır,Kulüp
hutton,FA Cup Alt Ligler,Futbol,Lig,Alt Seviye,Uzun Kuyruk,Erkek,Kulüp,Takım Sporu,İngiltere,Yabancı,Yok,TV+ Var,Yıllık,Sürekli Lig,Takım Jenerik,Bilgi,Takım,Jenerik,İngilizce,Head,Takım Jenerik,Uzun Kuyruk,50,LOW,0,,,,evet,30,30,40,30,70,40,50,40,40,40,110,40,,hayır,Doğrulanacak
ipswich wanderers,FA Cup Alt Ligler,Futbol,Lig,Alt Seviye,Uzun Kuyruk,Erkek,Kulüp,Takım Sporu,İngiltere,Yabancı,Yok,TV+ Var,Yıllık,Sürekli Lig,Takım Jenerik,Bilgi,Takım,Jenerik,İngilizce,Head,Takım Jenerik,Uzun Kuyruk,10,LOW,0,,,,evet,10,0,0,10,0,10,0,0,10,10,10,10,,hayır,Şüpheli (kişi adı olabilir)
irlam,FA Cup Alt Ligler,Futbol,Lig,Alt Seviye,Uzun Kuyruk,Erkek,Kulüp,Takım Sporu,İngiltere,Yabancı,Yok,TV+ Var,Yıllık,Sürekli Lig,Takım Jenerik,Bilgi,Takım,Jenerik,İngilizce,Head,Takım Jenerik,Uzun Kuyruk,10,LOW,0,,,,evet,10,10,20,10,10,10,30,10,20,20,10,20,,hayır,Doğrulanacak
ivybridge town,FA Cup Alt Ligler,Futbol,Lig,Alt Seviye,Uzun Kuyruk,Erkek,Kulüp,Takım Sporu,İngiltere,Yabancı,Yok,TV+ Var,Yıllık,Sürekli Lig,Takım Jenerik,Bilgi,Takım,Jenerik,İngilizce,Head,Takım Jenerik,Uzun Kuyruk,10,,,,,,evet,0,0,0,10,0,0,10,0,0,10,10,10,,hayır,Kulüp
kendal town,FA Cup Alt Ligler,Futbol,Lig,Alt Seviye,Uzun Kuyruk,Erkek,Kulüp,Takım Sporu,İngiltere,Yabancı,Yok,TV+ Var,Yıllık,Sürekli Lig,Takım Jenerik,Bilgi,Takım,Jenerik,İngilizce,Head,Takım Jenerik,Uzun Kuyruk,10,LOW,0,,,,evet,10,10,10,0,10,10,10,0,10,20,10,10,,hayır,Kulüp
kennington,FA Cup Alt Ligler,Futbol,Lig,Alt Seviye,Uzun Kuyruk,Erkek,Kulüp,Takım Sporu,İngiltere,Yabancı,Yok,TV+ Var,Yıllık,Sürekli Lig,Takım Jenerik,Bilgi,Takım,Jenerik,İngilizce,Head,Takım Jenerik,Uzun Kuyruk,70,LOW,6,,,,evet,70,50,90,90,70,50,50,70,50,90,90,140,,hayır,Doğrulanacak
kidsgrove athletic,FA Cup Alt Ligler,Futbol,Lig,Alt Seviye,Uzun Kuyruk,Erkek,Kulüp,Takım Sporu,İngiltere,Yabancı,Yok,TV+ Var,Yıllık,Sürekli Lig,Takım Jenerik,Bilgi,Takım,Jenerik,İngilizce,Head,Takım Jenerik,Uzun Kuyruk,10,LOW,0,,,,evet,50,10,10,10,30,10,10,10,10,30,10,40,,hayır,Kulüp
kings langley,FA Cup Alt Ligler,Futbol,Lig,Alt Seviye,Uzun Kuyruk,Erkek,Kulüp,Takım Sporu,İngiltere,Yabancı,Yok,TV+ Var,Yıllık,Sürekli Lig,Takım Jenerik,Bilgi,Takım,Jenerik,İngilizce,Head,Takım Jenerik,Uzun Kuyruk,20,LOW,2,,,,evet,30,30,20,20,10,20,30,10,20,20,30,30,,hayır,Şüpheli (kişi adı olabilir)
kingstonian,FA Cup Alt Ligler,Futbol,Lig,Alt Seviye,Uzun Kuyruk,Erkek,Kulüp,Takım Sporu,İngiltere,Yabancı,Yok,TV+ Var,Yıllık,Sürekli Lig,Takım Jenerik,Bilgi,Takım,Jenerik,İngilizce,Head,Takım Jenerik,Uzun Kuyruk,30,LOW,1,,,,evet,10,10,20,20,50,30,20,90,30,90,10,20,,hayır,Doğrulanacak
knaresborough town,FA Cup Alt Ligler,Futbol,Lig,Alt Seviye,Uzun Kuyruk,Erkek,Kulüp,Takım Sporu,İngiltere,Yabancı,Yok,TV+ Var,Yıllık,Sürekli Lig,Takım Jenerik,Bilgi,Takım,Jenerik,İngilizce,Head,Takım Jenerik,Uzun Kuyruk,10,LOW,0,,,,evet,10,0,10,10,0,0,10,0,0,0,0,0,,hayır,Kulüp
knowle,FA Cup Alt Ligler,Futbol,Lig,Alt Seviye,Uzun Kuyruk,Erkek,Kulüp,Takım Sporu,İngiltere,Yabancı,Yok,TV+ Var,Yıllık,Sürekli Lig,Takım Jenerik,Bilgi,Takım,Jenerik,İngilizce,Head,Takım Jenerik,Uzun Kuyruk,40,LOW,0,,,,evet,10,20,10,110,90,70,90,40,20,10,10,20,,hayır,Doğrulanacak
larkhall athletic,FA Cup Alt Ligler,Futbol,Lig,Alt Seviye,Uzun Kuyruk,Erkek,Kulüp,Takım Sporu,İngiltere,Yabancı,Yok,TV+ Var,Yıllık,Sürekli Lig,Takım Jenerik,Bilgi,Takım,Jenerik,İngilizce,Head,Takım Jenerik,Uzun Kuyruk,10,,,,,,evet,0,10,10,10,10,10,20,10,20,10,10,10,,hayır,Kulüp
laverstock ford,FA Cup Alt Ligler,Futbol,Lig,Alt Seviye,Uzun Kuyruk,Erkek,Kulüp,Takım Sporu,İngiltere,Yabancı,Yok,TV+ Var,Yıllık,Sürekli Lig,Takım Jenerik,Bilgi,Takım,Jenerik,Türkçe,Body,Takım Jenerik,Uzun Kuyruk,,,,,,,hayir,,,,,,,,,,,,,,hayır,Şüpheli (kişi adı olabilir)
leverstock green,FA Cup Alt Ligler,Futbol,Lig,Alt Seviye,Uzun Kuyruk,Erkek,Kulüp,Takım Sporu,İngiltere,Yabancı,Yok,TV+ Var,Yıllık,Sürekli Lig,Takım Jenerik,Bilgi,Takım,Jenerik,İngilizce,Head,Takım Jenerik,Uzun Kuyruk,10,LOW,0,,,,evet,10,10,0,10,10,10,0,0,0,10,10,0,,hayır,Şüpheli (kişi adı olabilir)
lincoln united,FA Cup Alt Ligler,Futbol,Lig,Alt Seviye,Uzun Kuyruk,Erkek,Kulüp,Takım Sporu,İngiltere,Yabancı,Yok,TV+ Var,Yıllık,Sürekli Lig,Takım Jenerik,Bilgi,Takım,Jenerik,İngilizce,Head,Takım Jenerik,Uzun Kuyruk,10,LOW,0,,,,evet,30,10,10,10,20,10,10,10,10,20,20,10,,hayır,Kulüp
lingfield,FA Cup Alt Ligler,Futbol,Lig,Alt Seviye,Uzun Kuyruk,Erkek,Kulüp,Takım Sporu,İngiltere,Yabancı,Yok,TV+ Var,Yıllık,Sürekli Lig,Takım Jenerik,Bilgi,Takım,Jenerik,İngilizce,Head,Takım Jenerik,Uzun Kuyruk,30,LOW,11,,,,evet,20,10,30,40,40,30,70,40,30,20,40,40,,hayır,Doğrulanacak
litherland remyca,FA Cup Alt Ligler,Futbol,Lig,Alt Seviye,Uzun Kuyruk,Erkek,Kulüp,Takım Sporu,İngiltere,Yabancı,Yok,TV+ Var,Yıllık,Sürekli Lig,Takım Jenerik,Bilgi,Takım,Jenerik,İngilizce,Head,Takım Jenerik,Uzun Kuyruk,10,,,,,,evet,0,10,0,0,0,0,10,10,10,0,10,10,,hayır,Şüpheli (kişi adı olabilir)
little oakley,FA Cup Alt Ligler,Futbol,Lig,Alt Seviye,Uzun Kuyruk,Erkek,Kulüp,Takım Sporu,İngiltere,Yabancı,Yok,TV+ Var,Yıllık,Sürekli Lig,Takım Jenerik,Bilgi,Takım,Jenerik,İngilizce,Head,Takım Jenerik,Uzun Kuyruk,10,LOW,0,,,,evet,10,0,10,0,0,10,10,0,10,10,0,0,,hayır,Şüpheli (kişi adı olabilir)
littlehampton town,FA Cup Alt Ligler,Futbol,Lig,Alt Seviye,Uzun Kuyruk,Erkek,Kulüp,Takım Sporu,İngiltere,Yabancı,Yok,TV+ Var,Yıllık,Sürekli Lig,Takım Jenerik,Bilgi,Takım,Jenerik,İngilizce,Head,Takım Jenerik,Uzun Kuyruk,10,LOW,0,,,,evet,10,10,10,10,10,10,20,10,10,20,10,10,,hayır,Kulüp
liversedge,FA Cup Alt Ligler,Futbol,Lig,Alt Seviye,Uzun Kuyruk,Erkek,Kulüp,Takım Sporu,İngiltere,Yabancı,Yok,TV+ Var,Yıllık,Sürekli Lig,Takım Jenerik,Bilgi,Takım,Jenerik,İngilizce,Head,Takım Jenerik,Uzun Kuyruk,10,LOW,1,,,,evet,20,10,10,10,10,10,10,10,10,10,10,20,,hayır,Doğrulanacak
long eaton united,FA Cup Alt Ligler,Futbol,Lig,Alt Seviye,Uzun Kuyruk,Erkek,Kulüp,Takım Sporu,İngiltere,Yabancı,Yok,TV+ Var,Yıllık,Sürekli Lig,Takım Jenerik,Bilgi,Takım,Jenerik,İngilizce,Body,Takım Jenerik,Uzun Kuyruk,10,LOW,0,,,,evet,10,10,10,10,10,0,10,10,0,20,10,30,,hayır,Kulüp
longlevens,FA Cup Alt Ligler,Futbol,Lig,Alt Seviye,Uzun Kuyruk,Erkek,Kulüp,Takım Sporu,İngiltere,Yabancı,Yok,TV+ Var,Yıllık,Sürekli Lig,Takım Jenerik,Bilgi,Takım,Jenerik,İngilizce,Head,Takım Jenerik,Uzun Kuyruk,10,LOW,0,,,,evet,10,10,10,10,0,10,10,0,0,0,0,10,,hayır,Doğrulanacak
longridge town,FA Cup Alt Ligler,Futbol,Lig,Alt Seviye,Uzun Kuyruk,Erkek,Kulüp,Takım Sporu,İngiltere,Yabancı,Yok,TV+ Var,Yıllık,Sürekli Lig,Takım Jenerik,Bilgi,Takım,Jenerik,İngilizce,Head,Takım Jenerik,Uzun Kuyruk,10,,,,,,evet,0,0,0,0,0,0,0,0,0,0,0,10,,hayır,Kulüp
lutterworth town,FA Cup Alt Ligler,Futbol,Lig,Alt Seviye,Uzun Kuyruk,Erkek,Kulüp,Takım Sporu,İngiltere,Yabancı,Yok,TV+ Var,Yıllık,Sürekli Lig,Takım Jenerik,Bilgi,Takım,Jenerik,İngilizce,Head,Takım Jenerik,Uzun Kuyruk,10,LOW,0,,,,evet,10,0,0,0,0,0,0,0,0,10,0,0,,hayır,Kulüp
lye town,FA Cup Alt Ligler,Futbol,Lig,Alt Seviye,Uzun Kuyruk,Erkek,Kulüp,Takım Sporu,İngiltere,Yabancı,Yok,TV+ Var,Yıllık,Sürekli Lig,Takım Jenerik,Bilgi,Takım,Jenerik,İngilizce,Head,Takım Jenerik,Uzun Kuyruk,10,,,,,,evet,0,0,0,10,0,10,10,0,10,10,10,10,,hayır,Kulüp
mangotsfield united,FA Cup Alt Ligler,Futbol,Lig,Alt Seviye,Uzun Kuyruk,Erkek,Kulüp,Takım Sporu,İngiltere,Yabancı,Yok,TV+ Var,Yıllık,Sürekli Lig,Takım Jenerik,Bilgi,Takım,Jenerik,İngilizce,Head,Takım Jenerik,Uzun Kuyruk,10,,,,,,evet,0,0,10,10,0,10,0,10,10,10,10,10,,hayır,Kulüp
march town united,FA Cup Alt Ligler,Futbol,Lig,Alt Seviye,Uzun Kuyruk,Erkek,Kulüp,Takım Sporu,İngiltere,Yabancı,Yok,TV+ Var,Yıllık,Sürekli Lig,Takım Jenerik,Bilgi,Takım,Jenerik,İngilizce,Body,Takım Jenerik,Uzun Kuyruk,10,LOW,0,,,,evet,10,0,10,0,0,10,10,10,10,10,10,10,,hayır,Kulüp
marlow,FA Cup Alt Ligler,Futbol,Lig,Alt Seviye,Uzun Kuyruk,Erkek,Kulüp,Takım Sporu,İngiltere,Yabancı,Yok,TV+ Var,Yıllık,Sürekli Lig,Takım Jenerik,Bilgi,Takım,Jenerik,İngilizce,Head,Takım Jenerik,Uzun Kuyruk,1000,LOW,1,,,,evet,880,880,1000,1300,1900,880,1300,1000,880,590,590,590,,hayır,Doğrulanacak
marske united,FA Cup Alt Ligler,Futbol,Lig,Alt Seviye,Uzun Kuyruk,Erkek,Kulüp,Takım Sporu,İngiltere,Yabancı,Yok,TV+ Var,Yıllık,Sürekli Lig,Takım Jenerik,Bilgi,Takım,Jenerik,İngilizce,Head,Takım Jenerik,Uzun Kuyruk,,,,,,,hayir,,,,,,,,,,,,,,hayır,Kulüp
melksham town,FA Cup Alt Ligler,Futbol,Lig,Alt Seviye,Uzun Kuyruk,Erkek,Kulüp,Takım Sporu,İngiltere,Yabancı,Yok,TV+ Var,Yıllık,Sürekli Lig,Takım Jenerik,Bilgi,Takım,Jenerik,İngilizce,Head,Takım Jenerik,Uzun Kuyruk,10,,,,,,evet,0,10,0,0,0,0,10,0,10,10,10,10,,hayır,Kulüp
merstham,FA Cup Alt Ligler,Futbol,Lig,Alt Seviye,Uzun Kuyruk,Erkek,Kulüp,Takım Sporu,İngiltere,Yabancı,Yok,TV+ Var,Yıllık,Sürekli Lig,Takım Jenerik,Bilgi,Takım,Jenerik,İngilizce,Head,Takım Jenerik,Uzun Kuyruk,10,LOW,0,,,,evet,10,10,20,10,10,10,10,10,10,10,20,10,,hayır,Doğrulanacak
mickleover,FA Cup Alt Ligler,Futbol,Lig,Alt Seviye,Uzun Kuyruk,Erkek,Kulüp,Takım Sporu,İngiltere,Yabancı,Yok,TV+ Var,Yıllık,Sürekli Lig,Takım Jenerik,Bilgi,Takım,Jenerik,İngilizce,Head,Takım Jenerik,Uzun Kuyruk,10,LOW,0,,,,evet,10,10,10,30,10,10,10,10,10,20,10,10,,hayır,Doğrulanacak
midhurst easebourne,FA Cup Alt Ligler,Futbol,Lig,Alt Seviye,Uzun Kuyruk,Erkek,Kulüp,Takım Sporu,İngiltere,Yabancı,Yok,TV+ Var,Yıllık,Sürekli Lig,Takım Jenerik,Bilgi,Takım,Jenerik,Türkçe,Body,Takım Jenerik,Uzun Kuyruk,,,,,,,hayir,,,,,,,,,,,,,,hayır,Şüpheli (kişi adı olabilir)
mildenhall town,FA Cup Alt Ligler,Futbol,Lig,Alt Seviye,Uzun Kuyruk,Erkek,Kulüp,Takım Sporu,İngiltere,Yabancı,Yok,TV+ Var,Yıllık,Sürekli Lig,Takım Jenerik,Bilgi,Takım,Jenerik,İngilizce,Head,Takım Jenerik,Uzun Kuyruk,20,LOW,0,,,,evet,10,0,0,10,20,30,30,50,40,20,10,10,,hayır,Kulüp
millbrook,FA Cup Alt Ligler,Futbol,Lig,Alt Seviye,Uzun Kuyruk,Erkek,Kulüp,Takım Sporu,İngiltere,Yabancı,Yok,TV+ Var,Yıllık,Sürekli Lig,Takım Jenerik,Bilgi,Takım,Jenerik,İngilizce,Head,Takım Jenerik,Uzun Kuyruk,50,LOW,2,,,,evet,50,30,40,50,50,90,50,50,40,70,50,50,,hayır,Doğrulanacak
milton keynes irish,FA Cup Alt Ligler,Futbol,Lig,Alt Seviye,Uzun Kuyruk,Erkek,Kulüp,Takım Sporu,İngiltere,Yabancı,Yok,TV+ Var,Yıllık,Sürekli Lig,Takım Jenerik,Bilgi,Takım,Jenerik,İngilizce,Body,Takım Jenerik,Uzun Kuyruk,10,LOW,0,,,,evet,10,10,0,0,10,0,10,0,10,0,0,10,,hayır,Doğrulanacak
mossley,FA Cup Alt Ligler,Futbol,Lig,Alt Seviye,Uzun Kuyruk,Erkek,Kulüp,Takım Sporu,İngiltere,Yabancı,Yok,TV+ Var,Yıllık,Sürekli Lig,Takım Jenerik,Bilgi,Takım,Jenerik,İngilizce,Head,Takım Jenerik,Uzun Kuyruk,10,LOW,0,,,,evet,20,10,20,20,10,20,10,10,10,10,10,10,,hayır,Doğrulanacak
mulbarton wanderers,FA Cup Alt Ligler,Futbol,Lig,Alt Seviye,Uzun Kuyruk,Erkek,Kulüp,Takım Sporu,İngiltere,Yabancı,Yok,TV+ Var,Yıllık,Sürekli Lig,Takım Jenerik,Bilgi,Takım,Jenerik,İngilizce,Head,Takım Jenerik,Uzun Kuyruk,10,,,,,,evet,0,10,0,0,0,0,10,10,0,10,0,10,,hayır,Şüpheli (kişi adı olabilir)
nantwich town,FA Cup Alt Ligler,Futbol,Lig,Alt Seviye,Uzun Kuyruk,Erkek,Kulüp,Takım Sporu,İngiltere,Yabancı,Yok,TV+ Var,Yıllık,Sürekli Lig,Takım Jenerik,Bilgi,Takım,Jenerik,İngilizce,Head,Takım Jenerik,Uzun Kuyruk,10,LOW,0,,,,evet,10,0,10,10,10,10,10,10,30,30,10,10,,hayır,Kulüp
nelson,FA Cup Alt Ligler,Futbol,Lig,Alt Seviye,Uzun Kuyruk,Erkek,Kulüp,Takım Sporu,İngiltere,Yabancı,Yok,TV+ Var,Yıllık,Sürekli Lig,Takım Jenerik,Bilgi,Takım,Jenerik,İngilizce,Head,Takım Jenerik,Uzun Kuyruk,9900,LOW,4,0.62,0.3,1.03,evet,14800,8100,9900,6600,8100,6600,8100,6600,8100,9900,9900,33100,,hayır,Doğrulanacak
newcastle town,FA Cup Alt Ligler,Futbol,Lig,Alt Seviye,Uzun Kuyruk,Erkek,Kulüp,Takım Sporu,İngiltere,Yabancı,Yok,TV+ Var,Yıllık,Sürekli Lig,Takım Jenerik,Bilgi,Takım,Jenerik,İngilizce,Head,Takım Jenerik,Uzun Kuyruk,10,LOW,0,,,,evet,10,10,10,10,30,10,10,10,10,30,10,20,,hayır,Kulüp
newhaven,FA Cup Alt Ligler,Futbol,Lig,Alt Seviye,Uzun Kuyruk,Erkek,Kulüp,Takım Sporu,İngiltere,Yabancı,Yok,TV+ Var,Yıllık,Sürekli Lig,Takım Jenerik,Bilgi,Takım,Jenerik,İngilizce,Head,Takım Jenerik,Uzun Kuyruk,50,LOW,8,,,,evet,50,40,50,50,50,40,50,30,50,50,40,70,,hayır,Doğrulanacak
newmarket town,FA Cup Alt Ligler,Futbol,Lig,Alt Seviye,Uzun Kuyruk,Erkek,Kulüp,Takım Sporu,İngiltere,Yabancı,Yok,TV+ Var,Yıllık,Sürekli Lig,Takım Jenerik,Bilgi,Takım,Jenerik,İngilizce,Head,Takım Jenerik,Uzun Kuyruk,20,LOW,0,,,,evet,20,20,10,20,10,10,10,20,10,20,10,20,,hayır,Kulüp
newport pagnell town,FA Cup Alt Ligler,Futbol,Lig,Alt Seviye,Uzun Kuyruk,Erkek,Kulüp,Takım Sporu,İngiltere,Yabancı,Yok,TV+ Var,Yıllık,Sürekli Lig,Takım Jenerik,Bilgi,Takım,Jenerik,İngilizce,Body,Takım Jenerik,Uzun Kuyruk,10,LOW,0,,,,evet,10,0,10,10,10,10,10,0,10,10,10,10,,hayır,Kulüp
north ferriby,FA Cup Alt Ligler,Futbol,Lig,Alt Seviye,Uzun Kuyruk,Erkek,Kulüp,Takım Sporu,İngiltere,Yabancı,Yok,TV+ Var,Yıllık,Sürekli Lig,Takım Jenerik,Bilgi,Takım,Jenerik,İngilizce,Head,Takım Jenerik,Uzun Kuyruk,20,LOW,1,,,,evet,70,10,10,10,10,10,30,20,10,10,20,20,,hayır,Şüpheli (kişi adı olabilir)
north greenford united,FA Cup Alt Ligler,Futbol,Lig,Alt Seviye,Uzun Kuyruk,Erkek,Kulüp,Takım Sporu,İngiltere,Yabancı,Yok,TV+ Var,Yıllık,Sürekli Lig,Takım Jenerik,Bilgi,Takım,Jenerik,İngilizce,Body,Takım Jenerik,Uzun Kuyruk,10,,,,,,evet,0,0,10,10,10,10,0,0,10,10,0,10,,hayır,Kulüp
north leigh,FA Cup Alt Ligler,Futbol,Lig,Alt Seviye,Uzun Kuyruk,Erkek,Kulüp,Takım Sporu,İngiltere,Yabancı,Yok,TV+ Var,Yıllık,Sürekli Lig,Takım Jenerik,Bilgi,Takım,Jenerik,İngilizce,Head,Takım Jenerik,Uzun Kuyruk,10,LOW,0,,,,evet,10,10,10,10,10,10,10,0,10,10,10,10,,hayır,Şüpheli (kişi adı olabilir)
north shields,FA Cup Alt Ligler,Futbol,Lig,Alt Seviye,Uzun Kuyruk,Erkek,Kulüp,Takım Sporu,İngiltere,Yabancı,Yok,TV+ Var,Yıllık,Sürekli Lig,Takım Jenerik,Bilgi,Takım,Jenerik,İngilizce,Head,Takım Jenerik,Uzun Kuyruk,210,LOW,1,,,,evet,170,210,170,210,170,210,260,260,260,320,260,260,,hayır,Şüpheli (kişi adı olabilir)
northampton on chenecks,FA Cup Alt Ligler,Futbol,Lig,Alt Seviye,Uzun Kuyruk,Erkek,Kulüp,Takım Sporu,İngiltere,Yabancı,Yok,TV+ Var,Yıllık,Sürekli Lig,Takım Jenerik,Bilgi,Takım,Jenerik,İngilizce,Body,Takım Jenerik,Uzun Kuyruk,10,,,,,,evet,0,0,0,10,0,10,0,10,0,0,10,0,,hayır,Doğrulanacak
northampton sileby rangers,FA Cup Alt Ligler,Futbol,Lig,Alt Seviye,Uzun Kuyruk,Erkek,Kulüp,Takım Sporu,İngiltere,Yabancı,Yok,TV+ Var,Yıllık,Sürekli Lig,Takım Jenerik,Bilgi,Takım,Jenerik,İngilizce,Body,Takım Jenerik,Uzun Kuyruk,10,,,,,,evet,0,0,0,10,0,0,10,10,10,10,0,10,,hayır,Kulüp
northwich victoria,FA Cup Alt Ligler,Futbol,Lig,Alt Seviye,Uzun Kuyruk,Erkek,Kulüp,Takım Sporu,İngiltere,Yabancı,Yok,TV+ Var,Yıllık,Sürekli Lig,Takım Jenerik,Bilgi,Takım,Jenerik,İngilizce,Head,Takım Jenerik,Uzun Kuyruk,10,LOW,0,,,,evet,10,10,10,20,20,10,10,10,10,10,10,20,,hayır,Şüpheli (kişi adı olabilir)
northwood,FA Cup Alt Ligler,Futbol,Lig,Alt Seviye,Uzun Kuyruk,Erkek,Kulüp,Takım Sporu,İngiltere,Yabancı,Yok,TV+ Var,Yıllık,Sürekli Lig,Takım Jenerik,Bilgi,Takım,Jenerik,İngilizce,Head,Takım Jenerik,Uzun Kuyruk,210,LOW,1,,,,evet,210,170,170,320,260,260,210,210,260,170,170,260,,hayır,Doğrulanacak
nuneaton town,FA Cup Alt Ligler,Futbol,Lig,Alt Seviye,Uzun Kuyruk,Erkek,Kulüp,Takım Sporu,İngiltere,Yabancı,Yok,TV+ Var,Yıllık,Sürekli Lig,Takım Jenerik,Bilgi,Takım,Jenerik,İngilizce,Head,Takım Jenerik,Uzun Kuyruk,10,LOW,0,,,,evet,20,10,10,10,10,10,10,10,10,20,10,30,,hayır,Kulüp
ossett united,FA Cup Alt Ligler,Futbol,Lig,Alt Seviye,Uzun Kuyruk,Erkek,Kulüp,Takım Sporu,İngiltere,Yabancı,Yok,TV+ Var,Yıllık,Sürekli Lig,Takım Jenerik,Bilgi,Takım,Jenerik,İngilizce,Head,Takım Jenerik,Uzun Kuyruk,10,LOW,14,,,,evet,10,10,10,10,10,10,10,10,10,20,30,10,,hayır,Kulüp
pagham,FA Cup Alt Ligler,Futbol,Lig,Alt Seviye,Uzun Kuyruk,Erkek,Kulüp,Takım Sporu,İngiltere,Yabancı,Yok,TV+ Var,Yıllık,Sürekli Lig,Takım Jenerik,Bilgi,Takım,Jenerik,İngilizce,Head,Takım Jenerik,Uzun Kuyruk,10,LOW,0,,,,evet,10,10,10,10,0,10,10,0,0,10,10,10,,hayır,Doğrulanacak
parkgate,FA Cup Alt Ligler,Futbol,Lig,Alt Seviye,Uzun Kuyruk,Erkek,Kulüp,Takım Sporu,İngiltere,Yabancı,Yok,TV+ Var,Yıllık,Sürekli Lig,Takım Jenerik,Bilgi,Takım,Jenerik,İngilizce,Head,Takım Jenerik,Uzun Kuyruk,10,LOW,13,0.15,,,evet,10,10,10,10,10,10,10,10,10,10,10,10,,hayır,Doğrulanacak
peacehaven telscombe,FA Cup Alt Ligler,Futbol,Lig,Alt Seviye,Uzun Kuyruk,Erkek,Kulüp,Takım Sporu,İngiltere,Yabancı,Yok,TV+ Var,Yıllık,Sürekli Lig,Takım Jenerik,Bilgi,Takım,Jenerik,Türkçe,Body,Takım Jenerik,Uzun Kuyruk,,,,,,,hayir,,,,,,,,,,,,,,hayır,Şüpheli (kişi adı olabilir)
penn tylers green,FA Cup Alt Ligler,Futbol,Lig,Alt Seviye,Uzun Kuyruk,Erkek,Kulüp,Takım Sporu,İngiltere,Yabancı,Yok,TV+ Var,Yıllık,Sürekli Lig,Takım Jenerik,Bilgi,Takım,Jenerik,Türkçe,Body,Takım Jenerik,Uzun Kuyruk,10,LOW,0,,,,evet,10,0,10,0,10,0,0,0,0,0,10,10,,hayır,Doğrulanacak
pershore town,FA Cup Alt Ligler,Futbol,Lig,Alt Seviye,Uzun Kuyruk,Erkek,Kulüp,Takım Sporu,İngiltere,Yabancı,Yok,TV+ Var,Yıllık,Sürekli Lig,Takım Jenerik,Bilgi,Takım,Jenerik,İngilizce,Head,Takım Jenerik,Uzun Kuyruk,10,,,,,,evet,0,10,0,0,0,0,10,0,0,0,0,10,,hayır,Kulüp
petersfield town,FA Cup Alt Ligler,Futbol,Lig,Alt Seviye,Uzun Kuyruk,Erkek,Kulüp,Takım Sporu,İngiltere,Yabancı,Yok,TV+ Var,Yıllık,Sürekli Lig,Takım Jenerik,Bilgi,Takım,Jenerik,İngilizce,Head,Takım Jenerik,Uzun Kuyruk,10,,,,,,evet,0,0,0,0,0,0,0,10,0,0,10,0,,hayır,Kulüp
petts wood holmesdale,FA Cup Alt Ligler,Futbol,Lig,Alt Seviye,Uzun Kuyruk,Erkek,Kulüp,Takım Sporu,İngiltere,Yabancı,Yok,TV+ Var,Yıllık,Sürekli Lig,Takım Jenerik,Bilgi,Takım,Jenerik,Türkçe,Body,Takım Jenerik,Uzun Kuyruk,,,,,,,hayir,,,,,,,,,,,,,,hayır,Doğrulanacak
portishead town,FA Cup Alt Ligler,Futbol,Lig,Alt Seviye,Uzun Kuyruk,Erkek,Kulüp,Takım Sporu,İngiltere,Yabancı,Yok,TV+ Var,Yıllık,Sürekli Lig,Takım Jenerik,Bilgi,Takım,Jenerik,İngilizce,Head,Takım Jenerik,Uzun Kuyruk,10,LOW,0,,,,evet,10,20,10,30,10,10,20,10,10,20,10,10,,hayır,Kulüp
portland united,FA Cup Alt Ligler,Futbol,Lig,Alt Seviye,Uzun Kuyruk,Erkek,Kulüp,Takım Sporu,İngiltere,Yabancı,Yok,TV+ Var,Yıllık,Sürekli Lig,Takım Jenerik,Bilgi,Takım,Jenerik,İngilizce,Head,Takım Jenerik,Uzun Kuyruk,10,LOW,0,,,,evet,10,0,10,0,0,10,10,10,10,10,10,10,,hayır,Kulüp
potters bar town,FA Cup Alt Ligler,Futbol,Lig,Alt Seviye,Uzun Kuyruk,Erkek,Kulüp,Takım Sporu,İngiltere,Yabancı,Yok,TV+ Var,Yıllık,Sürekli Lig,Takım Jenerik,Bilgi,Takım,Jenerik,İngilizce,Body,Takım Jenerik,Uzun Kuyruk,30,LOW,2,,,,evet,10,10,10,30,10,20,90,70,40,20,30,20,,hayır,Kulüp
potton united,FA Cup Alt Ligler,Futbol,Lig,Alt Seviye,Uzun Kuyruk,Erkek,Kulüp,Takım Sporu,İngiltere,Yabancı,Yok,TV+ Var,Yıllık,Sürekli Lig,Takım Jenerik,Bilgi,Takım,Jenerik,İngilizce,Head,Takım Jenerik,Uzun Kuyruk,10,LOW,0,,,,evet,10,0,0,10,0,0,10,10,0,10,10,10,,hayır,Kulüp
prescot cables,FA Cup Alt Ligler,Futbol,Lig,Alt Seviye,Uzun Kuyruk,Erkek,Kulüp,Takım Sporu,İngiltere,Yabancı,Yok,TV+ Var,Yıllık,Sürekli Lig,Takım Jenerik,Bilgi,Takım,Jenerik,İngilizce,Head,Takım Jenerik,Uzun Kuyruk,110,LOW,0,,,,evet,10,10,10,50,70,50,170,90,50,390,260,90,,hayır,Şüpheli (kişi adı olabilir)
prestwich heys,FA Cup Alt Ligler,Futbol,Lig,Alt Seviye,Uzun Kuyruk,Erkek,Kulüp,Takım Sporu,İngiltere,Yabancı,Yok,TV+ Var,Yıllık,Sürekli Lig,Takım Jenerik,Bilgi,Takım,Jenerik,İngilizce,Head,Takım Jenerik,Uzun Kuyruk,10,LOW,0,,,,evet,10,0,0,10,0,0,0,10,10,10,10,10,,hayır,Şüpheli (kişi adı olabilir)
punjab united,FA Cup Alt Ligler,Futbol,Lig,Alt Seviye,Uzun Kuyruk,Erkek,Kulüp,Takım Sporu,İngiltere,Yabancı,Yok,TV+ Var,Yıllık,Sürekli Lig,Takım Jenerik,Bilgi,Takım,Jenerik,İngilizce,Head,Takım Jenerik,Uzun Kuyruk,10,LOW,0,,,,evet,10,0,10,10,10,10,10,10,0,0,10,10,,hayır,Kulüp
raynes park vale,FA Cup Alt Ligler,Futbol,Lig,Alt Seviye,Uzun Kuyruk,Erkek,Kulüp,Takım Sporu,İngiltere,Yabancı,Yok,TV+ Var,Yıllık,Sürekli Lig,Takım Jenerik,Bilgi,Takım,Jenerik,İngilizce,Body,Takım Jenerik,Uzun Kuyruk,10,LOW,0,,,,evet,10,0,0,10,20,10,10,10,30,10,10,10,,hayır,Doğrulanacak
redcar town,FA Cup Alt Ligler,Futbol,Lig,Alt Seviye,Uzun Kuyruk,Erkek,Kulüp,Takım Sporu,İngiltere,Yabancı,Yok,TV+ Var,Yıllık,Sürekli Lig,Takım Jenerik,Bilgi,Takım,Jenerik,İngilizce,Head,Takım Jenerik,Uzun Kuyruk,10,,,,,,evet,0,0,0,0,0,10,0,0,0,0,10,10,,hayır,Kulüp
redhill,FA Cup Alt Ligler,Futbol,Lig,Alt Seviye,Uzun Kuyruk,Erkek,Kulüp,Takım Sporu,İngiltere,Yabancı,Yok,TV+ Var,Yıllık,Sürekli Lig,Takım Jenerik,Bilgi,Takım,Jenerik,İngilizce,Head,Takım Jenerik,Uzun Kuyruk,110,LOW,2,0.41,,,evet,110,90,90,110,90,140,70,90,70,110,110,110,,hayır,Doğrulanacak
retford,FA Cup Alt Ligler,Futbol,Lig,Alt Seviye,Uzun Kuyruk,Erkek,Kulüp,Takım Sporu,İngiltere,Yabancı,Yok,TV+ Var,Yıllık,Sürekli Lig,Takım Jenerik,Bilgi,Takım,Jenerik,İngilizce,Head,Takım Jenerik,Uzun Kuyruk,40,LOW,1,,,,evet,50,50,30,30,40,40,30,50,20,30,90,20,,hayır,Doğrulanacak
risborough rangers,FA Cup Alt Ligler,Futbol,Lig,Alt Seviye,Uzun Kuyruk,Erkek,Kulüp,Takım Sporu,İngiltere,Yabancı,Yok,TV+ Var,Yıllık,Sürekli Lig,Takım Jenerik,Bilgi,Takım,Jenerik,İngilizce,Head,Takım Jenerik,Uzun Kuyruk,10,LOW,7,,,,evet,10,10,0,0,0,0,10,10,0,10,10,10,,hayır,Kulüp
roman glass st george,FA Cup Alt Ligler,Futbol,Lig,Alt Seviye,Uzun Kuyruk,Erkek,Kulüp,Takım Sporu,İngiltere,Yabancı,Yok,TV+ Var,Yıllık,Sürekli Lig,Takım Jenerik,Bilgi,Takım,Jenerik,İngilizce,Body,Takım Jenerik,Uzun Kuyruk,10,LOW,0,,,,evet,10,0,10,0,0,10,0,0,0,10,0,10,,hayır,Doğrulanacak
romford,FA Cup Alt Ligler,Futbol,Lig,Alt Seviye,Uzun Kuyruk,Erkek,Kulüp,Takım Sporu,İngiltere,Yabancı,Yok,TV+ Var,Yıllık,Sürekli Lig,Takım Jenerik,Bilgi,Takım,Jenerik,İngilizce,Head,Takım Jenerik,Uzun Kuyruk,260,LOW,2,0.75,,,evet,210,320,260,210,210,210,390,210,210,210,210,320,,hayır,Doğrulanacak
romulus,FA Cup Alt Ligler,Futbol,Lig,Alt Seviye,Uzun Kuyruk,Erkek,Kulüp,Takım Sporu,İngiltere,Yabancı,Yok,TV+ Var,Yıllık,Sürekli Lig,Takım Jenerik,Bilgi,Takım,Jenerik,İngilizce,Head,Takım Jenerik,Uzun Kuyruk,1900,LOW,1,,,,evet,1600,1600,1900,1900,1900,1900,2400,1900,2900,2400,1900,2900,,hayır,Doğrulanacak
rugby borough,FA Cup Alt Ligler,Futbol,Lig,Alt Seviye,Uzun Kuyruk,Erkek,Kulüp,Takım Sporu,İngiltere,Yabancı,Yok,TV+ Var,Yıllık,Sürekli Lig,Takım Jenerik,Bilgi,Takım,Jenerik,İngilizce,Head,Takım Jenerik,Uzun Kuyruk,10,,,,,,evet,0,10,0,10,0,0,10,10,10,10,10,10,,hayır,Şüpheli (kişi adı olabilir)
rugby town,FA Cup Alt Ligler,Futbol,Lig,Alt Seviye,Uzun Kuyruk,Erkek,Kulüp,Takım Sporu,İngiltere,Yabancı,Yok,TV+ Var,Yıllık,Sürekli Lig,Takım Jenerik,Bilgi,Takım,Jenerik,İngilizce,Head,Takım Jenerik,Uzun Kuyruk,30,LOW,4,,,,evet,20,10,20,30,40,20,20,20,30,40,30,40,,hayır,Kulüp
runcorn town,FA Cup Alt Ligler,Futbol,Lig,Alt Seviye,Uzun Kuyruk,Erkek,Kulüp,Takım Sporu,İngiltere,Yabancı,Yok,TV+ Var,Yıllık,Sürekli Lig,Takım Jenerik,Bilgi,Takım,Jenerik,İngilizce,Head,Takım Jenerik,Uzun Kuyruk,10,,,,,,evet,0,0,0,0,0,0,0,0,0,0,0,10,,hayır,Kulüp
rusthall,FA Cup Alt Ligler,Futbol,Lig,Alt Seviye,Uzun Kuyruk,Erkek,Kulüp,Takım Sporu,İngiltere,Yabancı,Yok,TV+ Var,Yıllık,Sürekli Lig,Takım Jenerik,Bilgi,Takım,Jenerik,İngilizce,Head,Takım Jenerik,Uzun Kuyruk,10,LOW,0,,,,evet,10,10,10,10,10,10,10,30,10,0,10,10,,hayır,Doğrulanacak
se dons,FA Cup Alt Ligler,Futbol,Lig,Alt Seviye,Uzun Kuyruk,Erkek,Kulüp,Takım Sporu,İngiltere,Yabancı,Yok,TV+ Var,Yıllık,Sürekli Lig,Takım Jenerik,Bilgi,Takım,Jenerik,İngilizce,Head,Takım Jenerik,Uzun Kuyruk,10,LOW,0,,,,evet,10,10,20,10,10,10,0,10,0,30,10,10,,hayır,Şüpheli (kişi adı olabilir)
saffron walden town,FA Cup Alt Ligler,Futbol,Lig,Alt Seviye,Uzun Kuyruk,Erkek,Kulüp,Takım Sporu,İngiltere,Yabancı,Yok,TV+ Var,Yıllık,Sürekli Lig,Takım Jenerik,Bilgi,Takım,Jenerik,İngilizce,Body,Takım Jenerik,Uzun Kuyruk,10,LOW,0,,,,evet,10,0,0,0,10,10,0,10,0,10,10,10,,hayır,Kulüp
sawbridgeworth town,FA Cup Alt Ligler,Futbol,Lig,Alt Seviye,Uzun Kuyruk,Erkek,Kulüp,Takım Sporu,İngiltere,Yabancı,Yok,TV+ Var,Yıllık,Sürekli Lig,Takım Jenerik,Bilgi,Takım,Jenerik,İngilizce,Head,Takım Jenerik,Uzun Kuyruk,10,LOW,0,,,,evet,10,0,0,0,0,0,10,10,10,10,10,10,,hayır,Kulüp
sheerwater,FA Cup Alt Ligler,Futbol,Lig,Alt Seviye,Uzun Kuyruk,Erkek,Kulüp,Takım Sporu,İngiltere,Yabancı,Yok,TV+ Var,Yıllık,Sürekli Lig,Takım Jenerik,Bilgi,Takım,Jenerik,İngilizce,Head,Takım Jenerik,Uzun Kuyruk,10,LOW,0,,,,evet,10,10,10,10,10,10,10,10,10,10,10,10,,hayır,Doğrulanacak
sheppey united,FA Cup Alt Ligler,Futbol,Lig,Alt Seviye,Uzun Kuyruk,Erkek,Kulüp,Takım Sporu,İngiltere,Yabancı,Yok,TV+ Var,Yıllık,Sürekli Lig,Takım Jenerik,Bilgi,Takım,Jenerik,İngilizce,Head,Takım Jenerik,Uzun Kuyruk,10,LOW,0,,,,evet,10,10,0,10,10,10,10,10,10,10,10,10,,hayır,Kulüp
shepton mallet,FA Cup Alt Ligler,Futbol,Lig,Alt Seviye,Uzun Kuyruk,Erkek,Kulüp,Takım Sporu,İngiltere,Yabancı,Yok,TV+ Var,Yıllık,Sürekli Lig,Takım Jenerik,Bilgi,Takım,Jenerik,İngilizce,Head,Takım Jenerik,Uzun Kuyruk,20,LOW,12,,,,evet,20,40,20,40,20,10,20,10,20,20,20,20,,hayır,Şüpheli (kişi adı olabilir)
sherwood colliery,FA Cup Alt Ligler,Futbol,Lig,Alt Seviye,Uzun Kuyruk,Erkek,Kulüp,Takım Sporu,İngiltere,Yabancı,Yok,TV+ Var,Yıllık,Sürekli Lig,Takım Jenerik,Bilgi,Takım,Jenerik,İngilizce,Head,Takım Jenerik,Uzun Kuyruk,10,LOW,0,,,,evet,10,0,0,0,0,0,10,10,0,10,10,10,,hayır,Şüpheli (kişi adı olabilir)
shifnal town,FA Cup Alt Ligler,Futbol,Lig,Alt Seviye,Uzun Kuyruk,Erkek,Kulüp,Takım Sporu,İngiltere,Yabancı,Yok,TV+ Var,Yıllık,Sürekli Lig,Takım Jenerik,Bilgi,Takım,Jenerik,İngilizce,Head,Takım Jenerik,Uzun Kuyruk,10,LOW,0,,,,evet,10,0,0,10,10,10,10,10,0,10,10,0,,hayır,Kulüp
shildon,FA Cup Alt Ligler,Futbol,Lig,Alt Seviye,Uzun Kuyruk,Erkek,Kulüp,Takım Sporu,İngiltere,Yabancı,Yok,TV+ Var,Yıllık,Sürekli Lig,Takım Jenerik,Bilgi,Takım,Jenerik,İngilizce,Head,Takım Jenerik,Uzun Kuyruk,20,LOW,0,,,,evet,30,20,20,20,20,20,20,20,20,20,30,10,,hayır,Doğrulanacak
silsden,FA Cup Alt Ligler,Futbol,Lig,Alt Seviye,Uzun Kuyruk,Erkek,Kulüp,Takım Sporu,İngiltere,Yabancı,Yok,TV+ Var,Yıllık,Sürekli Lig,Takım Jenerik,Bilgi,Takım,Jenerik,İngilizce,Head,Takım Jenerik,Uzun Kuyruk,10,LOW,0,,,,evet,10,10,10,10,10,10,10,10,10,30,20,10,,hayır,Doğrulanacak
slimbridge,FA Cup Alt Ligler,Futbol,Lig,Alt Seviye,Uzun Kuyruk,Erkek,Kulüp,Takım Sporu,İngiltere,Yabancı,Yok,TV+ Var,Yıllık,Sürekli Lig,Takım Jenerik,Bilgi,Takım,Jenerik,İngilizce,Head,Takım Jenerik,Uzun Kuyruk,10,LOW,0,,,,evet,110,0,10,10,10,10,0,10,0,10,10,0,,hayır,Doğrulanacak
snodland town,FA Cup Alt Ligler,Futbol,Lig,Alt Seviye,Uzun Kuyruk,Erkek,Kulüp,Takım Sporu,İngiltere,Yabancı,Yok,TV+ Var,Yıllık,Sürekli Lig,Takım Jenerik,Bilgi,Takım,Jenerik,İngilizce,Head,Takım Jenerik,Uzun Kuyruk,10,,,,,,evet,0,10,10,0,0,10,10,0,0,10,10,10,,hayır,Kulüp
south liverpool,FA Cup Alt Ligler,Futbol,Lig,Alt Seviye,Uzun Kuyruk,Erkek,Kulüp,Takım Sporu,İngiltere,Yabancı,Yok,TV+ Var,Yıllık,Sürekli Lig,Takım Jenerik,Bilgi,Takım,Jenerik,İngilizce,Head,Takım Jenerik,Uzun Kuyruk,10,LOW,0,,,,evet,10,0,10,10,10,10,10,10,10,10,10,10,,hayır,Şüpheli (kişi adı olabilir)
sporting khalsa,FA Cup Alt Ligler,Futbol,Lig,Alt Seviye,Uzun Kuyruk,Erkek,Kulüp,Takım Sporu,İngiltere,Yabancı,Yok,TV+ Var,Yıllık,Sürekli Lig,Takım Jenerik,Bilgi,Takım,Jenerik,İngilizce,Head,Takım Jenerik,Uzun Kuyruk,10,LOW,0,,,,evet,10,10,10,10,10,10,0,0,0,20,40,10,,hayır,Kulüp
st blazey,FA Cup Alt Ligler,Futbol,Lig,Alt Seviye,Uzun Kuyruk,Erkek,Kulüp,Takım Sporu,İngiltere,Yabancı,Yok,TV+ Var,Yıllık,Sürekli Lig,Takım Jenerik,Bilgi,Takım,Jenerik,İngilizce,Head,Takım Jenerik,Uzun Kuyruk,10,,,,,,evet,0,0,0,10,0,0,10,10,0,0,10,10,,hayır,Şüpheli (kişi adı olabilir)
st ives town,FA Cup Alt Ligler,Futbol,Lig,Alt Seviye,Uzun Kuyruk,Erkek,Kulüp,Takım Sporu,İngiltere,Yabancı,Yok,TV+ Var,Yıllık,Sürekli Lig,Takım Jenerik,Bilgi,Takım,Jenerik,İngilizce,Body,Takım Jenerik,Uzun Kuyruk,20,LOW,0,,,,evet,10,10,10,20,30,30,40,20,110,10,20,10,,hayır,Kulüp
st neots town,FA Cup Alt Ligler,Futbol,Lig,Alt Seviye,Uzun Kuyruk,Erkek,Kulüp,Takım Sporu,İngiltere,Yabancı,Yok,TV+ Var,Yıllık,Sürekli Lig,Takım Jenerik,Bilgi,Takım,Jenerik,İngilizce,Body,Takım Jenerik,Uzun Kuyruk,10,LOW,0,,,,evet,10,10,10,10,10,10,10,10,10,30,10,20,,hayır,Kulüp
stafford rangers,FA Cup Alt Ligler,Futbol,Lig,Alt Seviye,Uzun Kuyruk,Erkek,Kulüp,Takım Sporu,İngiltere,Yabancı,Yok,TV+ Var,Yıllık,Sürekli Lig,Takım Jenerik,Bilgi,Takım,Jenerik,İngilizce,Head,Takım Jenerik,Uzun Kuyruk,30,LOW,0,,,,evet,70,10,20,20,20,20,10,10,40,20,40,30,,hayır,Kulüp
stotfold,FA Cup Alt Ligler,Futbol,Lig,Alt Seviye,Uzun Kuyruk,Erkek,Kulüp,Takım Sporu,İngiltere,Yabancı,Yok,TV+ Var,Yıllık,Sürekli Lig,Takım Jenerik,Bilgi,Takım,Jenerik,İngilizce,Head,Takım Jenerik,Uzun Kuyruk,10,LOW,6,,,,evet,10,10,10,10,10,10,10,10,10,10,10,10,,hayır,Doğrulanacak
stowmarket town,FA Cup Alt Ligler,Futbol,Lig,Alt Seviye,Uzun Kuyruk,Erkek,Kulüp,Takım Sporu,İngiltere,Yabancı,Yok,TV+ Var,Yıllık,Sürekli Lig,Takım Jenerik,Bilgi,Takım,Jenerik,İngilizce,Head,Takım Jenerik,Uzun Kuyruk,10,,,,,,evet,0,10,0,0,0,10,0,10,10,10,10,10,,hayır,Kulüp
street,FA Cup Alt Ligler,Futbol,Lig,Alt Seviye,Uzun Kuyruk,Erkek,Kulüp,Takım Sporu,İngiltere,Yabancı,Yok,TV+ Var,Yıllık,Sürekli Lig,Takım Jenerik,Bilgi,Takım,Jenerik,İngilizce,Head,Takım Jenerik,Uzun Kuyruk,5400,LOW,3,0.17,0.08,0.31,evet,4400,5400,6600,6600,6600,5400,6600,6600,6600,5400,5400,5400,,hayır,Doğrulanacak
sutton coldfield town,FA Cup Alt Ligler,Futbol,Lig,Alt Seviye,Uzun Kuyruk,Erkek,Kulüp,Takım Sporu,İngiltere,Yabancı,Yok,TV+ Var,Yıllık,Sürekli Lig,Takım Jenerik,Bilgi,Takım,Jenerik,İngilizce,Body,Takım Jenerik,Uzun Kuyruk,10,LOW,0,,,,evet,10,0,10,10,10,10,10,10,10,20,10,10,,hayır,Kulüp
sutton common rovers,FA Cup Alt Ligler,Futbol,Lig,Alt Seviye,Uzun Kuyruk,Erkek,Kulüp,Takım Sporu,İngiltere,Yabancı,Yok,TV+ Var,Yıllık,Sürekli Lig,Takım Jenerik,Bilgi,Takım,Jenerik,İngilizce,Body,Takım Jenerik,Uzun Kuyruk,10,,,,,,evet,0,0,0,0,10,10,0,10,10,10,10,10,,hayır,Kulüp
sutton united,FA Cup Alt Ligler,Futbol,Lig,Alt Seviye,Uzun Kuyruk,Erkek,Kulüp,Takım Sporu,İngiltere,Yabancı,Yok,TV+ Var,Yıllık,Sürekli Lig,Takım Jenerik,Bilgi,Takım,Jenerik,İngilizce,Head,Takım Jenerik,Uzun Kuyruk,880,LOW,0,,,,evet,390,70,210,390,1600,880,390,1000,1000,1000,2900,590,,hayır,Kulüp
swindon supermarine,FA Cup Alt Ligler,Futbol,Lig,Alt Seviye,Uzun Kuyruk,Erkek,Kulüp,Takım Sporu,İngiltere,Yabancı,Yok,TV+ Var,Yıllık,Sürekli Lig,Takım Jenerik,Bilgi,Takım,Jenerik,İngilizce,Head,Takım Jenerik,Uzun Kuyruk,30,LOW,0,,,,evet,20,10,10,40,20,110,40,10,50,10,10,10,,hayır,Şüpheli (kişi adı olabilir)
tadcaster albion,FA Cup Alt Ligler,Futbol,Lig,Alt Seviye,Uzun Kuyruk,Erkek,Kulüp,Takım Sporu,İngiltere,Yabancı,Yok,TV+ Var,Yıllık,Sürekli Lig,Takım Jenerik,Bilgi,Takım,Jenerik,İngilizce,Head,Takım Jenerik,Uzun Kuyruk,10,LOW,0,,,,evet,10,10,0,10,10,10,10,0,0,0,10,10,,hayır,Şüpheli (kişi adı olabilir)
tadley calleva,FA Cup Alt Ligler,Futbol,Lig,Alt Seviye,Uzun Kuyruk,Erkek,Kulüp,Takım Sporu,İngiltere,Yabancı,Yok,TV+ Var,Yıllık,Sürekli Lig,Takım Jenerik,Bilgi,Takım,Jenerik,İngilizce,Head,Takım Jenerik,Uzun Kuyruk,10,LOW,0,,,,evet,10,0,10,0,0,0,10,0,0,10,10,20,,hayır,Şüpheli (kişi adı olabilir)
takeley,FA Cup Alt Ligler,Futbol,Lig,Alt Seviye,Uzun Kuyruk,Erkek,Kulüp,Takım Sporu,İngiltere,Yabancı,Yok,TV+ Var,Yıllık,Sürekli Lig,Takım Jenerik,Bilgi,Takım,Jenerik,İngilizce,Head,Takım Jenerik,Uzun Kuyruk,20,LOW,8,,,,evet,20,10,20,20,30,10,10,10,10,20,10,20,,hayır,Doğrulanacak
tavistock,FA Cup Alt Ligler,Futbol,Lig,Alt Seviye,Uzun Kuyruk,Erkek,Kulüp,Takım Sporu,İngiltere,Yabancı,Yok,TV+ Var,Yıllık,Sürekli Lig,Takım Jenerik,Bilgi,Takım,Jenerik,İngilizce,Head,Takım Jenerik,Uzun Kuyruk,390,LOW,5,,0.36,1.43,evet,260,390,390,720,480,590,480,390,260,260,320,320,,hayır,Doğrulanacak
thackley,FA Cup Alt Ligler,Futbol,Lig,Alt Seviye,Uzun Kuyruk,Erkek,Kulüp,Takım Sporu,İngiltere,Yabancı,Yok,TV+ Var,Yıllık,Sürekli Lig,Takım Jenerik,Bilgi,Takım,Jenerik,İngilizce,Head,Takım Jenerik,Uzun Kuyruk,10,LOW,0,,,,evet,10,0,10,0,0,0,0,10,0,10,0,10,,hayır,Doğrulanacak
thatcham town,FA Cup Alt Ligler,Futbol,Lig,Alt Seviye,Uzun Kuyruk,Erkek,Kulüp,Takım Sporu,İngiltere,Yabancı,Yok,TV+ Var,Yıllık,Sürekli Lig,Takım Jenerik,Bilgi,Takım,Jenerik,İngilizce,Head,Takım Jenerik,Uzun Kuyruk,10,,,,,,evet,0,0,0,0,0,10,0,0,0,0,0,0,,hayır,Kulüp
thetford town,FA Cup Alt Ligler,Futbol,Lig,Alt Seviye,Uzun Kuyruk,Erkek,Kulüp,Takım Sporu,İngiltere,Yabancı,Yok,TV+ Var,Yıllık,Sürekli Lig,Takım Jenerik,Bilgi,Takım,Jenerik,İngilizce,Head,Takım Jenerik,Uzun Kuyruk,10,,,,,,evet,0,0,0,0,10,0,0,0,10,0,0,0,,hayır,Kulüp
thornaby,FA Cup Alt Ligler,Futbol,Lig,Alt Seviye,Uzun Kuyruk,Erkek,Kulüp,Takım Sporu,İngiltere,Yabancı,Yok,TV+ Var,Yıllık,Sürekli Lig,Takım Jenerik,Bilgi,Takım,Jenerik,İngilizce,Head,Takım Jenerik,Uzun Kuyruk,20,LOW,5,,,,evet,10,10,10,10,20,10,10,10,20,30,30,20,,hayır,Doğrulanacak
tilbury,FA Cup Alt Ligler,Futbol,Lig,Alt Seviye,Uzun Kuyruk,Erkek,Kulüp,Takım Sporu,İngiltere,Yabancı,Yok,TV+ Var,Yıllık,Sürekli Lig,Takım Jenerik,Bilgi,Takım,Jenerik,İngilizce,Head,Takım Jenerik,Uzun Kuyruk,480,MEDIUM,37,0.2,0.05,0.48,evet,390,480,590,590,590,590,590,590,720,590,390,390,,hayır,Doğrulanacak
tooting mitcham united,FA Cup Alt Ligler,Futbol,Lig,Alt Seviye,Uzun Kuyruk,Erkek,Kulüp,Takım Sporu,İngiltere,Yabancı,Yok,TV+ Var,Yıllık,Sürekli Lig,Takım Jenerik,Bilgi,Takım,Jenerik,Türkçe,Body,Takım Jenerik,Uzun Kuyruk,10,LOW,0,,,,evet,10,0,0,10,0,0,10,0,10,10,0,10,,hayır,Kulüp
trafford,FA Cup Alt Ligler,Futbol,Lig,Alt Seviye,Uzun Kuyruk,Erkek,Kulüp,Takım Sporu,İngiltere,Yabancı,Yok,TV+ Var,Yıllık,Sürekli Lig,Takım Jenerik,Bilgi,Takım,Jenerik,İngilizce,Head,Takım Jenerik,Uzun Kuyruk,2900,LOW,3,1.04,0.43,0.78,evet,1600,1000,1900,1300,1000,880,880,1300,720,1300,4400,22200,,hayır,Doğrulanacak
tunbridge wells,FA Cup Alt Ligler,Futbol,Lig,Alt Seviye,Uzun Kuyruk,Erkek,Kulüp,Takım Sporu,İngiltere,Yabancı,Yok,TV+ Var,Yıllık,Sürekli Lig,Takım Jenerik,Bilgi,Takım,Jenerik,İngilizce,Head,Takım Jenerik,Uzun Kuyruk,170,LOW,14,0.7,0.3,1.35,evet,170,170,140,170,170,140,170,210,140,210,210,260,,hayır,Şüpheli (kişi adı olabilir)
virginia water,FA Cup Alt Ligler,Futbol,Lig,Alt Seviye,Uzun Kuyruk,Erkek,Kulüp,Takım Sporu,İngiltere,Yabancı,Yok,TV+ Var,Yıllık,Sürekli Lig,Takım Jenerik,Bilgi,Takım,Jenerik,İngilizce,Head,Takım Jenerik,Uzun Kuyruk,40,LOW,5,0.77,,,evet,70,70,30,40,90,40,30,40,10,30,30,40,,hayır,Şüpheli (kişi adı olabilir)
walkover,FA Cup Alt Ligler,Futbol,Lig,Alt Seviye,Uzun Kuyruk,Erkek,Kulüp,Takım Sporu,İngiltere,Yabancı,Yok,TV+ Var,Yıllık,Sürekli Lig,Takım Jenerik,Bilgi,Takım,Jenerik,İngilizce,Head,Takım Jenerik,Uzun Kuyruk,140,LOW,0,,,,evet,90,260,210,140,110,70,170,90,110,170,140,140,,hayır,Doğrulanacak
wallingford crowmarsh,FA Cup Alt Ligler,Futbol,Lig,Alt Seviye,Uzun Kuyruk,Erkek,Kulüp,Takım Sporu,İngiltere,Yabancı,Yok,TV+ Var,Yıllık,Sürekli Lig,Takım Jenerik,Bilgi,Takım,Jenerik,Türkçe,Body,Takım Jenerik,Uzun Kuyruk,,,,,,,hayir,,,,,,,,,,,,,,hayır,Şüpheli (kişi adı olabilir)
walsham-le-willows,FA Cup Alt Ligler,Futbol,Lig,Alt Seviye,Uzun Kuyruk,Erkek,Kulüp,Takım Sporu,İngiltere,Yabancı,Yok,TV+ Var,Yıllık,Sürekli Lig,Takım Jenerik,Bilgi,Takım,Jenerik,İngilizce,Head,Takım Jenerik,Uzun Kuyruk,10,,,,,,evet,0,0,0,0,0,0,0,10,10,10,10,10,,hayır,Doğrulanacak
wellingborough town,FA Cup Alt Ligler,Futbol,Lig,Alt Seviye,Uzun Kuyruk,Erkek,Kulüp,Takım Sporu,İngiltere,Yabancı,Yok,TV+ Var,Yıllık,Sürekli Lig,Takım Jenerik,Bilgi,Takım,Jenerik,İngilizce,Head,Takım Jenerik,Uzun Kuyruk,10,,,,,,evet,0,10,10,10,10,20,10,10,10,10,10,10,,hayır,Kulüp
west auckland town,FA Cup Alt Ligler,Futbol,Lig,Alt Seviye,Uzun Kuyruk,Erkek,Kulüp,Takım Sporu,İngiltere,Yabancı,Yok,TV+ Var,Yıllık,Sürekli Lig,Takım Jenerik,Bilgi,Takım,Jenerik,İngilizce,Body,Takım Jenerik,Uzun Kuyruk,10,LOW,0,,,,evet,10,10,10,10,10,10,10,0,10,10,20,10,,hayır,Kulüp
west didsbury chorlton,FA Cup Alt Ligler,Futbol,Lig,Alt Seviye,Uzun Kuyruk,Erkek,Kulüp,Takım Sporu,İngiltere,Yabancı,Yok,TV+ Var,Yıllık,Sürekli Lig,Takım Jenerik,Bilgi,Takım,Jenerik,Türkçe,Body,Takım Jenerik,Uzun Kuyruk,10,,,,,,evet,0,0,0,10,0,10,0,0,0,0,0,0,,hayır,Doğrulanacak
west essex,FA Cup Alt Ligler,Futbol,Lig,Alt Seviye,Uzun Kuyruk,Erkek,Kulüp,Takım Sporu,İngiltere,Yabancı,Yok,TV+ Var,Yıllık,Sürekli Lig,Takım Jenerik,Bilgi,Takım,Jenerik,İngilizce,Head,Takım Jenerik,Uzun Kuyruk,10,LOW,0,,,,evet,10,10,10,10,10,10,10,10,10,10,10,10,,hayır,Şüpheli (kişi adı olabilir)
westbury united,FA Cup Alt Ligler,Futbol,Lig,Alt Seviye,Uzun Kuyruk,Erkek,Kulüp,Takım Sporu,İngiltere,Yabancı,Yok,TV+ Var,Yıllık,Sürekli Lig,Takım Jenerik,Bilgi,Takım,Jenerik,İngilizce,Head,Takım Jenerik,Uzun Kuyruk,10,LOW,0,,,,evet,10,0,10,10,10,10,10,10,10,30,50,10,,hayır,Kulüp
westfield,FA Cup Alt Ligler,Futbol,Lig,Alt Seviye,Uzun Kuyruk,Erkek,Kulüp,Takım Sporu,İngiltere,Yabancı,Yok,TV+ Var,Yıllık,Sürekli Lig,Takım Jenerik,Bilgi,Takım,Jenerik,İngilizce,Head,Takım Jenerik,Uzun Kuyruk,720,LOW,2,0.12,0.61,4.29,evet,880,720,720,720,880,590,880,720,720,720,590,880,,hayır,Doğrulanacak
whitchurch alport,FA Cup Alt Ligler,Futbol,Lig,Alt Seviye,Uzun Kuyruk,Erkek,Kulüp,Takım Sporu,İngiltere,Yabancı,Yok,TV+ Var,Yıllık,Sürekli Lig,Takım Jenerik,Bilgi,Takım,Jenerik,İngilizce,Head,Takım Jenerik,Uzun Kuyruk,10,LOW,0,,,,evet,10,10,10,10,0,10,10,0,0,10,10,10,,hayır,Şüpheli (kişi adı olabilir)
white ensign,FA Cup Alt Ligler,Futbol,Lig,Alt Seviye,Uzun Kuyruk,Erkek,Kulüp,Takım Sporu,İngiltere,Yabancı,Yok,TV+ Var,Yıllık,Sürekli Lig,Takım Jenerik,Bilgi,Takım,Jenerik,İngilizce,Head,Takım Jenerik,Uzun Kuyruk,10,LOW,0,,,,evet,10,10,10,10,10,10,10,10,10,10,10,10,,hayır,Şüpheli (kişi adı olabilir)
whitley bay,FA Cup Alt Ligler,Futbol,Lig,Alt Seviye,Uzun Kuyruk,Erkek,Kulüp,Takım Sporu,İngiltere,Yabancı,Yok,TV+ Var,Yıllık,Sürekli Lig,Takım Jenerik,Bilgi,Takım,Jenerik,İngilizce,Head,Takım Jenerik,Uzun Kuyruk,70,LOW,4,,0.14,1.29,evet,170,110,70,70,50,90,40,30,40,50,50,70,,hayır,Şüpheli (kişi adı olabilir)
whitstable town,FA Cup Alt Ligler,Futbol,Lig,Alt Seviye,Uzun Kuyruk,Erkek,Kulüp,Takım Sporu,İngiltere,Yabancı,Yok,TV+ Var,Yıllık,Sürekli Lig,Takım Jenerik,Bilgi,Takım,Jenerik,İngilizce,Head,Takım Jenerik,Uzun Kuyruk,10,LOW,0,,,,evet,10,10,10,10,10,10,0,10,10,10,10,10,,hayır,Kulüp
willand rovers,FA Cup Alt Ligler,Futbol,Lig,Alt Seviye,Uzun Kuyruk,Erkek,Kulüp,Takım Sporu,İngiltere,Yabancı,Yok,TV+ Var,Yıllık,Sürekli Lig,Takım Jenerik,Bilgi,Takım,Jenerik,İngilizce,Head,Takım Jenerik,Uzun Kuyruk,10,,,,,,evet,0,0,10,0,20,0,10,10,10,70,0,10,,hayır,Kulüp
winslow united,FA Cup Alt Ligler,Futbol,Lig,Alt Seviye,Uzun Kuyruk,Erkek,Kulüp,Takım Sporu,İngiltere,Yabancı,Yok,TV+ Var,Yıllık,Sürekli Lig,Takım Jenerik,Bilgi,Takım,Jenerik,İngilizce,Head,Takım Jenerik,Uzun Kuyruk,10,,,,,,evet,0,0,10,10,10,0,10,10,0,10,10,10,,hayır,Kulüp
wisbech town,FA Cup Alt Ligler,Futbol,Lig,Alt Seviye,Uzun Kuyruk,Erkek,Kulüp,Takım Sporu,İngiltere,Yabancı,Yok,TV+ Var,Yıllık,Sürekli Lig,Takım Jenerik,Bilgi,Takım,Jenerik,İngilizce,Head,Takım Jenerik,Uzun Kuyruk,10,,,,,,evet,0,10,10,0,10,10,10,0,0,10,10,10,,hayır,Kulüp
witham town,FA Cup Alt Ligler,Futbol,Lig,Alt Seviye,Uzun Kuyruk,Erkek,Kulüp,Takım Sporu,İngiltere,Yabancı,Yok,TV+ Var,Yıllık,Sürekli Lig,Takım Jenerik,Bilgi,Takım,Jenerik,İngilizce,Head,Takım Jenerik,Uzun Kuyruk,30,LOW,0,,,,evet,20,10,20,20,90,20,10,40,40,40,30,30,,hayır,Kulüp
witton albion,FA Cup Alt Ligler,Futbol,Lig,Alt Seviye,Uzun Kuyruk,Erkek,Kulüp,Takım Sporu,İngiltere,Yabancı,Yok,TV+ Var,Yıllık,Sürekli Lig,Takım Jenerik,Bilgi,Takım,Jenerik,İngilizce,Head,Takım Jenerik,Uzun Kuyruk,10,LOW,0,,,,evet,10,10,10,10,10,20,10,10,10,10,30,30,,hayır,Şüpheli (kişi adı olabilir)
wokingham town,FA Cup Alt Ligler,Futbol,Lig,Alt Seviye,Uzun Kuyruk,Erkek,Kulüp,Takım Sporu,İngiltere,Yabancı,Yok,TV+ Var,Yıllık,Sürekli Lig,Takım Jenerik,Bilgi,Takım,Jenerik,İngilizce,Head,Takım Jenerik,Uzun Kuyruk,110,LOW,2,,,,evet,170,90,140,110,140,90,90,140,110,140,110,170,,hayır,Kulüp
woodbridge town,FA Cup Alt Ligler,Futbol,Lig,Alt Seviye,Uzun Kuyruk,Erkek,Kulüp,Takım Sporu,İngiltere,Yabancı,Yok,TV+ Var,Yıllık,Sürekli Lig,Takım Jenerik,Bilgi,Takım,Jenerik,İngilizce,Head,Takım Jenerik,Uzun Kuyruk,20,LOW,5,,,,evet,20,10,10,10,30,20,10,20,10,10,10,30,,hayır,Kulüp
woodford town,FA Cup Alt Ligler,Futbol,Lig,Alt Seviye,Uzun Kuyruk,Erkek,Kulüp,Takım Sporu,İngiltere,Yabancı,Yok,TV+ Var,Yıllık,Sürekli Lig,Takım Jenerik,Bilgi,Takım,Jenerik,İngilizce,Head,Takım Jenerik,Uzun Kuyruk,10,LOW,0,,,,evet,10,0,10,10,0,10,10,10,0,10,10,10,,hayır,Kulüp
worcester raiders,FA Cup Alt Ligler,Futbol,Lig,Alt Seviye,Uzun Kuyruk,Erkek,Kulüp,Takım Sporu,İngiltere,Yabancı,Yok,TV+ Var,Yıllık,Sürekli Lig,Takım Jenerik,Bilgi,Takım,Jenerik,İngilizce,Head,Takım Jenerik,Uzun Kuyruk,10,LOW,0,,,,evet,10,10,10,0,0,0,0,10,0,10,10,10,,hayır,Şüpheli (kişi adı olabilir)
wythenshawe,FA Cup Alt Ligler,Futbol,Lig,Alt Seviye,Uzun Kuyruk,Erkek,Kulüp,Takım Sporu,İngiltere,Yabancı,Yok,TV+ Var,Yıllık,Sürekli Lig,Takım Jenerik,Bilgi,Takım,Jenerik,İngilizce,Head,Takım Jenerik,Uzun Kuyruk,210,LOW,2,,,,evet,210,170,170,210,140,140,210,260,480,170,170,210,,hayır,Doğrulanacak
yarm eaglescliffe,FA Cup Alt Ligler,Futbol,Lig,Alt Seviye,Uzun Kuyruk,Erkek,Kulüp,Takım Sporu,İngiltere,Yabancı,Yok,TV+ Var,Yıllık,Sürekli Lig,Takım Jenerik,Bilgi,Takım,Jenerik,Türkçe,Body,Takım Jenerik,Uzun Kuyruk,10,,,,,,evet,0,0,0,0,10,0,0,0,0,0,0,0,,hayır,Şüpheli (kişi adı olabilir)
yateley united,FA Cup Alt Ligler,Futbol,Lig,Alt Seviye,Uzun Kuyruk,Erkek,Kulüp,Takım Sporu,İngiltere,Yabancı,Yok,TV+ Var,Yıllık,Sürekli Lig,Takım Jenerik,Bilgi,Takım,Jenerik,İngilizce,Head,Takım Jenerik,Uzun Kuyruk,10,LOW,0,,,,evet,10,0,0,0,10,0,0,0,0,10,10,0,,hayır,Kulüp
yaxley,FA Cup Alt Ligler,Futbol,Lig,Alt Seviye,Uzun Kuyruk,Erkek,Kulüp,Takım Sporu,İngiltere,Yabancı,Yok,TV+ Var,Yıllık,Sürekli Lig,Takım Jenerik,Bilgi,Takım,Jenerik,İngilizce,Head,Takım Jenerik,Uzun Kuyruk,210,LOW,0,,,,evet,210,210,260,210,170,170,210,170,170,170,170,210,,hayır,Doğrulanacak
ac virtus,Konferans Ligi Elemeleri,Futbol,Lig,Kıta Üstü,Uzun Kuyruk,Erkek,Kulüp,Takım Sporu,Avrupa,Yabancı,Yok,TV+ Var,Yıllık,Sürekli Lig,Takım Jenerik,Bilgi,Takım,Jenerik,İngilizce,Head,Takım Jenerik,Uzun Kuyruk,50,LOW,0,,,,evet,140,10,20,20,20,10,20,40,20,10,20,320,,hayır,Kulüp
aek larnaca,Konferans Ligi Elemeleri,Futbol,Lig,Kıta Üstü,Uzun Kuyruk,Erkek,Kulüp,Takım Sporu,Avrupa,Yabancı,Yok,TV+ Var,Yıllık,Sürekli Lig,Takım Jenerik,Bilgi,Takım,Jenerik,İngilizce,Head,Takım Jenerik,Uzun Kuyruk,5400,LOW,0,,,,evet,3600,480,1000,1300,9900,1300,1000,12100,8100,6600,1000,14800,,hayır,Kulüp
af elbasani,Konferans Ligi Elemeleri,Futbol,Lig,Kıta Üstü,Uzun Kuyruk,Erkek,Kulüp,Takım Sporu,Avrupa,Yabancı,Yok,TV+ Var,Yıllık,Sürekli Lig,Takım Jenerik,Bilgi,Takım,Jenerik,İngilizce,Head,Takım Jenerik,Uzun Kuyruk,260,LOW,0,,,,evet,1600,110,260,210,110,210,140,480,70,90,90,70,,hayır,Şüpheli (kişi adı olabilir)
afc ajax,Konferans Ligi Elemeleri,Futbol,Lig,Kıta Üstü,Uzun Kuyruk,Erkek,Kulüp,Takım Sporu,Avrupa,Yabancı,Yok,TV+ Var,Yıllık,Sürekli Lig,Takım Jenerik,Bilgi,Takım,Jenerik,İngilizce,Head,Takım Jenerik,Uzun Kuyruk,90500,LOW,1,0.78,0.07,0.2,evet,4400,2900,14800,8100,9900,12100,135000,90500,368000,301000,74000,33100,,hayır,Kulüp
as monaco,Konferans Ligi Elemeleri,Futbol,Lig,Kıta Üstü,Uzun Kuyruk,Erkek,Kulüp,Takım Sporu,Avrupa,Yabancı,Yok,TV+ Var,Yıllık,Sürekli Lig,Takım Jenerik,Bilgi,Takım,Jenerik,İngilizce,Head,Takım Jenerik,Uzun Kuyruk,5400,LOW,1,,0.2,0.42,evet,1000,720,1600,2400,1900,3600,14800,9900,9900,6600,4400,5400,,hayır,Kulüp
apollon limassol,Konferans Ligi Elemeleri,Futbol,Lig,Kıta Üstü,Uzun Kuyruk,Erkek,Kulüp,Takım Sporu,Avrupa,Yabancı,Yok,TV+ Var,Yıllık,Sürekli Lig,Takım Jenerik,Bilgi,Takım,Jenerik,İngilizce,Head,Takım Jenerik,Uzun Kuyruk,720,LOW,0,,,,evet,1600,390,1900,480,590,590,880,390,480,390,390,720,,hayır,Şüpheli (kişi adı olabilir)
atlètic club d'escaldes,Konferans Ligi Elemeleri,Futbol,Lig,Kıta Üstü,Uzun Kuyruk,Erkek,Kulüp,Takım Sporu,Avrupa,Yabancı,Yok,TV+ Var,Yıllık,Sürekli Lig,Takım Jenerik,Bilgi,Takım,Jenerik,Türkçe,Body,Takım Jenerik,Uzun Kuyruk,170,LOW,0,,,,evet,1600,30,50,30,50,30,20,50,70,40,30,70,,hayır,Kulüp
beitar jerusalem,Konferans Ligi Elemeleri,Futbol,Lig,Kıta Üstü,Uzun Kuyruk,Erkek,Kulüp,Takım Sporu,Avrupa,Yabancı,Yok,TV+ Var,Yıllık,Sürekli Lig,Takım Jenerik,Bilgi,Takım,Jenerik,İngilizce,Head,Takım Jenerik,Uzun Kuyruk,480,LOW,1,,,,evet,720,170,1000,390,210,590,720,590,260,480,320,720,,hayır,Şüpheli (kişi adı olabilir)
bohemian,Konferans Ligi Elemeleri,Futbol,Lig,Kıta Üstü,Uzun Kuyruk,Erkek,Kulüp,Takım Sporu,Avrupa,Yabancı,Yok,TV+ Var,Yıllık,Sürekli Lig,Takım Jenerik,Bilgi,Takım,Jenerik,İngilizce,Head,Takım Jenerik,Uzun Kuyruk,5400,LOW,11,0.24,0.13,0.77,evet,12100,8100,9900,6600,5400,4400,3600,3600,3600,4400,4400,6600,,hayır,Doğrulanacak
brighton hove albion,Konferans Ligi Elemeleri,Futbol,Lig,Kıta Üstü,Uzun Kuyruk,Erkek,Kulüp,Takım Sporu,Avrupa,Yabancı,Yok,TV+ Var,Yıllık,Sürekli Lig,Takım Jenerik,Bilgi,Takım,Jenerik,Türkçe,Body,Takım Jenerik,Uzun Kuyruk,210,LOW,2,,,,evet,90,110,260,170,260,210,480,210,170,210,260,260,,hayır,Doğrulanacak
cfr cluj,Konferans Ligi Elemeleri,Futbol,Lig,Kıta Üstü,Uzun Kuyruk,Erkek,Kulüp,Takım Sporu,Avrupa,Yabancı,Yok,TV+ Var,Yıllık,Sürekli Lig,Takım Jenerik,Bilgi,Takım,Jenerik,İngilizce,Head,Takım Jenerik,Uzun Kuyruk,1900,LOW,1,,,,evet,2400,480,1900,1600,2900,2900,1300,2900,880,2400,1000,3600,,hayır,Kulüp
caernarfon town,Konferans Ligi Elemeleri,Futbol,Lig,Kıta Üstü,Uzun Kuyruk,Erkek,Kulüp,Takım Sporu,Avrupa,Yabancı,Yok,TV+ Var,Yıllık,Sürekli Lig,Takım Jenerik,Bilgi,Takım,Jenerik,İngilizce,Head,Takım Jenerik,Uzun Kuyruk,320,LOW,1,,0.3,0.63,evet,590,20,10,50,320,110,260,480,390,260,880,480,,hayır,Kulüp
coleraine,Konferans Ligi Elemeleri,Futbol,Lig,Kıta Üstü,Uzun Kuyruk,Erkek,Kulüp,Takım Sporu,Avrupa,Yabancı,Yok,TV+ Var,Yıllık,Sürekli Lig,Takım Jenerik,Bilgi,Takım,Jenerik,İngilizce,Head,Takım Jenerik,Uzun Kuyruk,480,LOW,2,0.95,,,evet,590,90,260,1000,210,720,720,590,480,320,170,320,,hayır,Doğrulanacak
connah's quay nomads,Konferans Ligi Elemeleri,Futbol,Lig,Kıta Üstü,Uzun Kuyruk,Erkek,Kulüp,Takım Sporu,Avrupa,Yabancı,Yok,TV+ Var,Yıllık,Sürekli Lig,Takım Jenerik,Bilgi,Takım,Jenerik,İngilizce,Body,Takım Jenerik,Uzun Kuyruk,140,LOW,0,,,,evet,320,50,30,40,90,90,260,320,90,140,140,70,,hayır,Doğrulanacak
debreceni vsc,Konferans Ligi Elemeleri,Futbol,Lig,Kıta Üstü,Uzun Kuyruk,Erkek,Kulüp,Takım Sporu,Avrupa,Yabancı,Yok,TV+ Var,Yıllık,Sürekli Lig,Takım Jenerik,Bilgi,Takım,Jenerik,İngilizce,Head,Takım Jenerik,Uzun Kuyruk,1000,LOW,0,,0.51,0.51,evet,1300,90,390,720,590,880,590,1600,5400,320,260,720,,hayır,Şüpheli (kişi adı olabilir)
europa,Konferans Ligi Elemeleri,Futbol,Lig,Kıta Üstü,Uzun Kuyruk,Erkek,Kulüp,Takım Sporu,Avrupa,Yabancı,Yok,TV+ Var,Yıllık,Sürekli Lig,Takım Jenerik,Bilgi,Takım,Jenerik,İngilizce,Head,Takım Jenerik,Uzun Kuyruk,8100,LOW,1,0.06,0.01,0.36,evet,8100,8100,12100,12100,8100,6600,6600,6600,6600,8100,8100,6600,,hayır,Doğrulanacak
f.c. copenhagen,Konferans Ligi Elemeleri,Futbol,Lig,Kıta Üstü,Uzun Kuyruk,Erkek,Kulüp,Takım Sporu,Avrupa,Yabancı,Yok,TV+ Var,Yıllık,Sürekli Lig,Takım Jenerik,Bilgi,Takım,Jenerik,İngilizce,Head,Takım Jenerik,Uzun Kuyruk,390,LOW,3,,,,evet,390,70,320,260,260,260,260,210,480,590,480,1000,,hayır,Kulüp
fc alashkert,Konferans Ligi Elemeleri,Futbol,Lig,Kıta Üstü,Uzun Kuyruk,Erkek,Kulüp,Takım Sporu,Avrupa,Yabancı,Yok,TV+ Var,Yıllık,Sürekli Lig,Takım Jenerik,Bilgi,Takım,Jenerik,İngilizce,Head,Takım Jenerik,Uzun Kuyruk,260,LOW,0,,,,evet,1600,50,110,90,50,140,90,70,210,480,210,260,,hayır,Kulüp
fc astana,Konferans Ligi Elemeleri,Futbol,Lig,Kıta Üstü,Uzun Kuyruk,Erkek,Kulüp,Takım Sporu,Avrupa,Yabancı,Yok,TV+ Var,Yıllık,Sürekli Lig,Takım Jenerik,Bilgi,Takım,Jenerik,İngilizce,Head,Takım Jenerik,Uzun Kuyruk,6600,LOW,0,,,,evet,8100,2900,5400,2400,4400,880,1600,880,1000,2900,3600,40500,,hayır,Kulüp
fc atert bissen,Konferans Ligi Elemeleri,Futbol,Lig,Kıta Üstü,Uzun Kuyruk,Erkek,Kulüp,Takım Sporu,Avrupa,Yabancı,Yok,TV+ Var,Yıllık,Sürekli Lig,Takım Jenerik,Bilgi,Takım,Jenerik,İngilizce,Body,Takım Jenerik,Uzun Kuyruk,90,LOW,0,,,,evet,720,70,50,10,30,10,50,10,20,10,10,10,,hayır,Kulüp
fc bate borisov,Konferans Ligi Elemeleri,Futbol,Lig,Kıta Üstü,Uzun Kuyruk,Erkek,Kulüp,Takım Sporu,Avrupa,Yabancı,Yok,TV+ Var,Yıllık,Sürekli Lig,Takım Jenerik,Bilgi,Takım,Jenerik,İngilizce,Body,Takım Jenerik,Uzun Kuyruk,110,LOW,0,,,,evet,170,320,260,90,20,20,10,20,320,70,70,110,,hayır,Kulüp
fc ballkani,Konferans Ligi Elemeleri,Futbol,Lig,Kıta Üstü,Uzun Kuyruk,Erkek,Kulüp,Takım Sporu,Avrupa,Yabancı,Yok,TV+ Var,Yıllık,Sürekli Lig,Takım Jenerik,Bilgi,Takım,Jenerik,İngilizce,Head,Takım Jenerik,Uzun Kuyruk,210,LOW,0,,,,evet,1600,70,40,70,90,40,390,40,20,40,40,390,,hayır,Kulüp
fc cska 1948 sofia,Konferans Ligi Elemeleri,Futbol,Lig,Kıta Üstü,Uzun Kuyruk,Erkek,Kulüp,Takım Sporu,Avrupa,Yabancı,Yok,TV+ Var,Yıllık,Sürekli Lig,Takım Jenerik,Bilgi,Takım,Jenerik,İngilizce,Body,Takım Jenerik,Uzun Kuyruk,10,LOW,0,,,,evet,10,10,10,0,0,10,10,10,10,10,10,10,,hayır,Kulüp
fc dac 1904 dunajská streda,Konferans Ligi Elemeleri,Futbol,Lig,Kıta Üstü,Uzun Kuyruk,Erkek,Kulüp,Takım Sporu,Avrupa,Yabancı,Yok,TV+ Var,Yıllık,Sürekli Lig,Takım Jenerik,Bilgi,Takım,Jenerik,Türkçe,Long-tail,Takım Jenerik,Uzun Kuyruk,20,LOW,0,,,,evet,40,20,10,10,10,10,10,10,10,20,30,40,,hayır,Kulüp
fc differdange 03,Konferans Ligi Elemeleri,Futbol,Lig,Kıta Üstü,Uzun Kuyruk,Erkek,Kulüp,Takım Sporu,Avrupa,Yabancı,Yok,TV+ Var,Yıllık,Sürekli Lig,Takım Jenerik,Bilgi,Takım,Jenerik,İngilizce,Body,Takım Jenerik,Uzun Kuyruk,210,LOW,0,,,,evet,720,30,140,90,110,110,50,70,140,170,140,1000,,hayır,Kulüp
fc dila gori,Konferans Ligi Elemeleri,Futbol,Lig,Kıta Üstü,Uzun Kuyruk,Erkek,Kulüp,Takım Sporu,Avrupa,Yabancı,Yok,TV+ Var,Yıllık,Sürekli Lig,Takım Jenerik,Bilgi,Takım,Jenerik,İngilizce,Body,Takım Jenerik,Uzun Kuyruk,1600,LOW,1,0.19,0.15,0.15,evet,3600,2900,2400,1600,1900,260,110,720,1900,1600,880,720,,hayır,Kulüp
fc dinamo minsk,Konferans Ligi Elemeleri,Futbol,Lig,Kıta Üstü,Uzun Kuyruk,Erkek,Kulüp,Takım Sporu,Avrupa,Yabancı,Yok,TV+ Var,Yıllık,Sürekli Lig,Takım Jenerik,Bilgi,Takım,Jenerik,İngilizce,Body,Takım Jenerik,Uzun Kuyruk,2400,LOW,0,,,,evet,6600,3600,2900,3600,720,390,1600,1300,2400,1600,1600,1600,,hayır,Kulüp
fc dinamo tbilisi,Konferans Ligi Elemeleri,Futbol,Lig,Kıta Üstü,Uzun Kuyruk,Erkek,Kulüp,Takım Sporu,Avrupa,Yabancı,Yok,TV+ Var,Yıllık,Sürekli Lig,Takım Jenerik,Bilgi,Takım,Jenerik,İngilizce,Body,Takım Jenerik,Uzun Kuyruk,720,LOW,0,1.85,,,evet,1600,880,880,480,590,720,320,480,720,720,590,590,,hayır,Kulüp
fc drita,Konferans Ligi Elemeleri,Futbol,Lig,Kıta Üstü,Uzun Kuyruk,Erkek,Kulüp,Takım Sporu,Avrupa,Yabancı,Yok,TV+ Var,Yıllık,Sürekli Lig,Takım Jenerik,Bilgi,Takım,Jenerik,İngilizce,Head,Takım Jenerik,Uzun Kuyruk,720,LOW,0,,,,evet,2400,40,210,170,170,1000,210,1300,1000,720,260,1600,,hayır,Kulüp
fc dynamo kyiv,Konferans Ligi Elemeleri,Futbol,Lig,Kıta Üstü,Uzun Kuyruk,Erkek,Kulüp,Takım Sporu,Avrupa,Yabancı,Yok,TV+ Var,Yıllık,Sürekli Lig,Takım Jenerik,Bilgi,Takım,Jenerik,İngilizce,Body,Takım Jenerik,Uzun Kuyruk,4400,LOW,1,,0.18,0.49,evet,5400,1000,2400,2400,1900,1600,1300,2400,2900,9900,3600,14800,,hayır,Kulüp
fc flora,Konferans Ligi Elemeleri,Futbol,Lig,Kıta Üstü,Uzun Kuyruk,Erkek,Kulüp,Takım Sporu,Avrupa,Yabancı,Yok,TV+ Var,Yıllık,Sürekli Lig,Takım Jenerik,Bilgi,Takım,Jenerik,İngilizce,Head,Takım Jenerik,Uzun Kuyruk,880,LOW,0,0.43,,,evet,2900,1300,1000,1000,880,210,110,70,390,720,880,480,,hayır,Kulüp
fc hegelmann,Konferans Ligi Elemeleri,Futbol,Lig,Kıta Üstü,Uzun Kuyruk,Erkek,Kulüp,Takım Sporu,Avrupa,Yabancı,Yok,TV+ Var,Yıllık,Sürekli Lig,Takım Jenerik,Bilgi,Takım,Jenerik,İngilizce,Head,Takım Jenerik,Uzun Kuyruk,170,LOW,0,1.2,,,evet,480,210,140,70,170,50,20,30,50,390,90,480,,hayır,Kulüp
fc hradec králové,Konferans Ligi Elemeleri,Futbol,Lig,Kıta Üstü,Uzun Kuyruk,Erkek,Kulüp,Takım Sporu,Avrupa,Yabancı,Yok,TV+ Var,Yıllık,Sürekli Lig,Takım Jenerik,Bilgi,Takım,Jenerik,Türkçe,Body,Takım Jenerik,Uzun Kuyruk,2400,LOW,0,,,,evet,27100,140,590,170,260,320,320,140,720,320,170,260,,hayır,Kulüp
fc inter turku,Konferans Ligi Elemeleri,Futbol,Lig,Kıta Üstü,Uzun Kuyruk,Erkek,Kulüp,Takım Sporu,Avrupa,Yabancı,Yok,TV+ Var,Yıllık,Sürekli Lig,Takım Jenerik,Bilgi,Takım,Jenerik,İngilizce,Body,Takım Jenerik,Uzun Kuyruk,27100,LOW,0,0.21,0.17,0.97,evet,201000,27100,27100,12100,1600,3600,2900,590,1900,9900,5400,14800,,hayır,Kulüp
fc koper,Konferans Ligi Elemeleri,Futbol,Lig,Kıta Üstü,Uzun Kuyruk,Erkek,Kulüp,Takım Sporu,Avrupa,Yabancı,Yok,TV+ Var,Yıllık,Sürekli Lig,Takım Jenerik,Bilgi,Takım,Jenerik,İngilizce,Head,Takım Jenerik,Uzun Kuyruk,880,LOW,0,,,,evet,1300,590,480,1300,590,1300,320,880,590,480,480,1600,,hayır,Kulüp
fc lnz cherkasy,Konferans Ligi Elemeleri,Futbol,Lig,Kıta Üstü,Uzun Kuyruk,Erkek,Kulüp,Takım Sporu,Avrupa,Yabancı,Yok,TV+ Var,Yıllık,Sürekli Lig,Takım Jenerik,Bilgi,Takım,Jenerik,İngilizce,Body,Takım Jenerik,Uzun Kuyruk,18100,LOW,1,,,,evet,140,260,18100,74000,22200,27100,14800,40500,12100,6600,880,1300,,hayır,Kulüp
fc lugano,Konferans Ligi Elemeleri,Futbol,Lig,Kıta Üstü,Uzun Kuyruk,Erkek,Kulüp,Takım Sporu,Avrupa,Yabancı,Yok,TV+ Var,Yıllık,Sürekli Lig,Takım Jenerik,Bilgi,Takım,Jenerik,İngilizce,Head,Takım Jenerik,Uzun Kuyruk,9900,LOW,1,0.64,0.25,0.91,evet,9900,1600,6600,4400,14800,14800,14800,9900,9900,12100,5400,18100,,hayır,Kulüp
fc maxline vitebsk,Konferans Ligi Elemeleri,Futbol,Lig,Kıta Üstü,Uzun Kuyruk,Erkek,Kulüp,Takım Sporu,Avrupa,Yabancı,Yok,TV+ Var,Yıllık,Sürekli Lig,Takım Jenerik,Bilgi,Takım,Jenerik,İngilizce,Body,Takım Jenerik,Uzun Kuyruk,10,LOW,0,,,,evet,40,10,40,10,10,10,0,0,10,10,10,10,,hayır,Kulüp
fc midtjylland,Konferans Ligi Elemeleri,Futbol,Lig,Kıta Üstü,Uzun Kuyruk,Erkek,Kulüp,Takım Sporu,Avrupa,Yabancı,Yok,TV+ Var,Yıllık,Sürekli Lig,Takım Jenerik,Bilgi,Takım,Jenerik,İngilizce,Head,Takım Jenerik,Uzun Kuyruk,60500,LOW,1,0.21,0.03,0.25,evet,201000,14800,9900,6600,27100,18100,165000,60500,201000,60500,14800,6600,,hayır,Kulüp
fc milsami orhei,Konferans Ligi Elemeleri,Futbol,Lig,Kıta Üstü,Uzun Kuyruk,Erkek,Kulüp,Takım Sporu,Avrupa,Yabancı,Yok,TV+ Var,Yıllık,Sürekli Lig,Takım Jenerik,Bilgi,Takım,Jenerik,İngilizce,Body,Takım Jenerik,Uzun Kuyruk,390,LOW,0,,,,evet,1300,210,260,140,260,110,70,40,210,170,260,1300,,hayır,Kulüp
fc noah,Konferans Ligi Elemeleri,Futbol,Lig,Kıta Üstü,Uzun Kuyruk,Erkek,Kulüp,Takım Sporu,Avrupa,Yabancı,Yok,TV+ Var,Yıllık,Sürekli Lig,Takım Jenerik,Bilgi,Takım,Jenerik,İngilizce,Head,Takım Jenerik,Uzun Kuyruk,880,LOW,0,,,,evet,590,50,260,320,320,2400,140,1000,1000,1300,320,2900,,hayır,Kulüp
fc nordsjælland,Konferans Ligi Elemeleri,Futbol,Lig,Kıta Üstü,Uzun Kuyruk,Erkek,Kulüp,Takım Sporu,Avrupa,Yabancı,Yok,TV+ Var,Yıllık,Sürekli Lig,Takım Jenerik,Bilgi,Takım,Jenerik,Türkçe,Head,Takım Jenerik,Uzun Kuyruk,2900,LOW,0,,,,evet,5400,1000,1900,2400,2400,3600,2400,2900,2900,1900,2900,2900,,hayır,Kulüp
fc petrocub hîncești,Konferans Ligi Elemeleri,Futbol,Lig,Kıta Üstü,Uzun Kuyruk,Erkek,Kulüp,Takım Sporu,Avrupa,Yabancı,Yok,TV+ Var,Yıllık,Sürekli Lig,Takım Jenerik,Bilgi,Takım,Jenerik,Türkçe,Body,Takım Jenerik,Uzun Kuyruk,260,LOW,0,,,,evet,880,70,320,210,210,140,110,140,260,140,140,320,,hayır,Kulüp
fc polissya zhytomyr,Konferans Ligi Elemeleri,Futbol,Lig,Kıta Üstü,Uzun Kuyruk,Erkek,Kulüp,Takım Sporu,Avrupa,Yabancı,Yok,TV+ Var,Yıllık,Sürekli Lig,Takım Jenerik,Bilgi,Takım,Jenerik,İngilizce,Body,Takım Jenerik,Uzun Kuyruk,110,LOW,0,,,,evet,140,50,260,260,70,70,90,70,90,70,40,170,,hayır,Kulüp
fc pyunik,Konferans Ligi Elemeleri,Futbol,Lig,Kıta Üstü,Uzun Kuyruk,Erkek,Kulüp,Takım Sporu,Avrupa,Yabancı,Yok,TV+ Var,Yıllık,Sürekli Lig,Takım Jenerik,Bilgi,Takım,Jenerik,İngilizce,Head,Takım Jenerik,Uzun Kuyruk,590,LOW,0,,,,evet,3600,170,480,320,480,140,140,110,320,260,260,1300,,hayır,Kulüp
fc santa coloma,Konferans Ligi Elemeleri,Futbol,Lig,Kıta Üstü,Uzun Kuyruk,Erkek,Kulüp,Takım Sporu,Avrupa,Yabancı,Yok,TV+ Var,Yıllık,Sürekli Lig,Takım Jenerik,Bilgi,Takım,Jenerik,İngilizce,Body,Takım Jenerik,Uzun Kuyruk,140,LOW,0,,,,evet,720,30,70,90,90,90,50,140,210,110,30,50,,hayır,Kulüp
fc sheriff tiraspol,Konferans Ligi Elemeleri,Futbol,Lig,Kıta Üstü,Uzun Kuyruk,Erkek,Kulüp,Takım Sporu,Avrupa,Yabancı,Yok,TV+ Var,Yıllık,Sürekli Lig,Takım Jenerik,Bilgi,Takım,Jenerik,İngilizce,Body,Takım Jenerik,Uzun Kuyruk,1900,LOW,0,,,,evet,8100,480,1600,1000,1300,720,880,720,1000,880,1300,3600,,hayır,Kulüp
fc sion,Konferans Ligi Elemeleri,Futbol,Lig,Kıta Üstü,Uzun Kuyruk,Erkek,Kulüp,Takım Sporu,Avrupa,Yabancı,Yok,TV+ Var,Yıllık,Sürekli Lig,Takım Jenerik,Bilgi,Takım,Jenerik,İngilizce,Head,Takım Jenerik,Uzun Kuyruk,1300,LOW,0,,,,evet,1300,390,1600,590,1000,2400,1600,1900,880,1300,1000,1900,,hayır,Kulüp
fc spartak trnava,Konferans Ligi Elemeleri,Futbol,Lig,Kıta Üstü,Uzun Kuyruk,Erkek,Kulüp,Takım Sporu,Avrupa,Yabancı,Yok,TV+ Var,Yıllık,Sürekli Lig,Takım Jenerik,Bilgi,Takım,Jenerik,İngilizce,Body,Takım Jenerik,Uzun Kuyruk,8100,LOW,0,,0.03,0.17,evet,74000,1000,1000,1600,1300,2900,1000,1300,1600,1600,1600,18100,,hayır,Kulüp
fc st. gallen,Konferans Ligi Elemeleri,Futbol,Lig,Kıta Üstü,Uzun Kuyruk,Erkek,Kulüp,Takım Sporu,Avrupa,Yabancı,Yok,TV+ Var,Yıllık,Sürekli Lig,Takım Jenerik,Bilgi,Takım,Jenerik,İngilizce,Body,Takım Jenerik,Uzun Kuyruk,2900,LOW,1,2.26,0.17,0.88,evet,5400,390,2900,1600,2900,5400,1600,3600,2400,2400,1900,5400,,hayır,Kulüp
fc tobol,Konferans Ligi Elemeleri,Futbol,Lig,Kıta Üstü,Uzun Kuyruk,Erkek,Kulüp,Takım Sporu,Avrupa,Yabancı,Yok,TV+ Var,Yıllık,Sürekli Lig,Takım Jenerik,Bilgi,Takım,Jenerik,İngilizce,Head,Takım Jenerik,Uzun Kuyruk,260,LOW,0,,,,evet,880,390,480,210,480,70,90,30,50,110,210,210,,hayır,Kulüp
fc torpedo kutaisi,Konferans Ligi Elemeleri,Futbol,Lig,Kıta Üstü,Uzun Kuyruk,Erkek,Kulüp,Takım Sporu,Avrupa,Yabancı,Yok,TV+ Var,Yıllık,Sürekli Lig,Takım Jenerik,Bilgi,Takım,Jenerik,İngilizce,Body,Takım Jenerik,Uzun Kuyruk,480,LOW,0,,,,evet,1000,1000,1300,480,260,170,90,210,260,480,140,210,,hayır,Kulüp
fc twente,Konferans Ligi Elemeleri,Futbol,Lig,Kıta Üstü,Uzun Kuyruk,Erkek,Kulüp,Takım Sporu,Avrupa,Yabancı,Yok,TV+ Var,Yıllık,Sürekli Lig,Takım Jenerik,Bilgi,Takım,Jenerik,İngilizce,Head,Takım Jenerik,Uzun Kuyruk,4400,LOW,1,0.67,0.14,1.21,evet,2900,880,6600,4400,3600,4400,4400,4400,4400,5400,3600,5400,,hayır,Kulüp
fc una strassen,Konferans Ligi Elemeleri,Futbol,Lig,Kıta Üstü,Uzun Kuyruk,Erkek,Kulüp,Takım Sporu,Avrupa,Yabancı,Yok,TV+ Var,Yıllık,Sürekli Lig,Takım Jenerik,Bilgi,Takım,Jenerik,İngilizce,Body,Takım Jenerik,Uzun Kuyruk,110,LOW,0,,,,evet,1000,70,20,10,20,20,10,20,40,40,30,50,,hayır,Kulüp
fc universitatea cluj,Konferans Ligi Elemeleri,Futbol,Lig,Kıta Üstü,Uzun Kuyruk,Erkek,Kulüp,Takım Sporu,Avrupa,Yabancı,Yok,TV+ Var,Yıllık,Sürekli Lig,Takım Jenerik,Bilgi,Takım,Jenerik,İngilizce,Body,Takım Jenerik,Uzun Kuyruk,880,LOW,2,0.68,0.76,0.91,evet,1900,260,1000,1300,1000,1000,1600,590,320,390,480,880,,hayır,Kulüp
fc vaduz,Konferans Ligi Elemeleri,Futbol,Lig,Kıta Üstü,Uzun Kuyruk,Erkek,Kulüp,Takım Sporu,Avrupa,Yabancı,Yok,TV+ Var,Yıllık,Sürekli Lig,Takım Jenerik,Bilgi,Takım,Jenerik,İngilizce,Head,Takım Jenerik,Uzun Kuyruk,720,LOW,0,,,,evet,1300,140,880,1000,590,720,390,590,390,480,260,1900,,hayır,Kulüp
fc yelimay,Konferans Ligi Elemeleri,Futbol,Lig,Kıta Üstü,Uzun Kuyruk,Erkek,Kulüp,Takım Sporu,Avrupa,Yabancı,Yok,TV+ Var,Yıllık,Sürekli Lig,Takım Jenerik,Bilgi,Takım,Jenerik,İngilizce,Head,Takım Jenerik,Uzun Kuyruk,140,LOW,0,,,,evet,720,110,210,210,140,50,110,20,10,10,10,10,,hayır,Kulüp
fc zimbru chișinău,Konferans Ligi Elemeleri,Futbol,Lig,Kıta Üstü,Uzun Kuyruk,Erkek,Kulüp,Takım Sporu,Avrupa,Yabancı,Yok,TV+ Var,Yıllık,Sürekli Lig,Takım Jenerik,Bilgi,Takım,Jenerik,Türkçe,Body,Takım Jenerik,Uzun Kuyruk,10,LOW,1,,,,evet,20,10,10,10,10,20,10,10,10,10,20,30,,hayır,Kulüp
fci levadia tallinn,Konferans Ligi Elemeleri,Futbol,Lig,Kıta Üstü,Uzun Kuyruk,Erkek,Kulüp,Takım Sporu,Avrupa,Yabancı,Yok,TV+ Var,Yıllık,Sürekli Lig,Takım Jenerik,Bilgi,Takım,Jenerik,İngilizce,Body,Takım Jenerik,Uzun Kuyruk,20,LOW,1,,,,evet,40,20,20,10,10,0,10,10,10,30,40,30,,hayır,Doğrulanacak
fcsb,Konferans Ligi Elemeleri,Futbol,Lig,Kıta Üstü,Uzun Kuyruk,Erkek,Kulüp,Takım Sporu,Avrupa,Yabancı,Yok,TV+ Var,Yıllık,Sürekli Lig,Takım Jenerik,Bilgi,Takım,Jenerik,İngilizce,Head,Takım Jenerik,Uzun Kuyruk,165000,LOW,2,0.04,0.23,0.64,evet,12100,3600,14800,12100,14800,40500,1220000,165000,90500,60500,40500,90500,,hayır,Kulüp
fk auda,Konferans Ligi Elemeleri,Futbol,Lig,Kıta Üstü,Uzun Kuyruk,Erkek,Kulüp,Takım Sporu,Avrupa,Yabancı,Yok,TV+ Var,Yıllık,Sürekli Lig,Takım Jenerik,Bilgi,Takım,Jenerik,İngilizce,Head,Takım Jenerik,Uzun Kuyruk,720,LOW,1,0.27,0.06,0.35,evet,2400,1900,1900,720,390,110,40,10,170,590,480,590,,hayır,Kulüp
fk austria wien,Konferans Ligi Elemeleri,Futbol,Lig,Kıta Üstü,Uzun Kuyruk,Erkek,Kulüp,Takım Sporu,Avrupa,Yabancı,Yok,TV+ Var,Yıllık,Sürekli Lig,Takım Jenerik,Bilgi,Takım,Jenerik,İngilizce,Body,Takım Jenerik,Uzun Kuyruk,1000,LOW,1,,0.32,1.94,evet,2400,390,880,880,880,1300,590,590,880,880,720,2400,,hayır,Kulüp
fk borac banja luka,Konferans Ligi Elemeleri,Futbol,Lig,Kıta Üstü,Uzun Kuyruk,Erkek,Kulüp,Takım Sporu,Avrupa,Yabancı,Yok,TV+ Var,Yıllık,Sürekli Lig,Takım Jenerik,Bilgi,Takım,Jenerik,İngilizce,Body,Takım Jenerik,Uzun Kuyruk,390,LOW,0,,,,evet,720,320,590,390,320,590,210,390,320,590,260,260,,hayır,Kulüp
fk dečić,Konferans Ligi Elemeleri,Futbol,Lig,Kıta Üstü,Uzun Kuyruk,Erkek,Kulüp,Takım Sporu,Avrupa,Yabancı,Yok,TV+ Var,Yıllık,Sürekli Lig,Takım Jenerik,Bilgi,Takım,Jenerik,Türkçe,Head,Takım Jenerik,Uzun Kuyruk,210,LOW,0,,,,evet,1600,70,110,70,40,140,30,90,50,140,50,170,,hayır,Kulüp
fk jablonec,Konferans Ligi Elemeleri,Futbol,Lig,Kıta Üstü,Uzun Kuyruk,Erkek,Kulüp,Takım Sporu,Avrupa,Yabancı,Yok,TV+ Var,Yıllık,Sürekli Lig,Takım Jenerik,Bilgi,Takım,Jenerik,İngilizce,Head,Takım Jenerik,Uzun Kuyruk,140,LOW,0,,,,evet,260,90,110,70,110,110,110,50,90,210,140,260,,hayır,Kulüp
fk liepāja,Konferans Ligi Elemeleri,Futbol,Lig,Kıta Üstü,Uzun Kuyruk,Erkek,Kulüp,Takım Sporu,Avrupa,Yabancı,Yok,TV+ Var,Yıllık,Sürekli Lig,Takım Jenerik,Bilgi,Takım,Jenerik,Türkçe,Head,Takım Jenerik,Uzun Kuyruk,480,LOW,0,,,,evet,1900,880,720,720,320,90,70,20,90,170,260,390,,hayır,Kulüp
fk mornar,Konferans Ligi Elemeleri,Futbol,Lig,Kıta Üstü,Uzun Kuyruk,Erkek,Kulüp,Takım Sporu,Avrupa,Yabancı,Yok,TV+ Var,Yıllık,Sürekli Lig,Takım Jenerik,Bilgi,Takım,Jenerik,İngilizce,Head,Takım Jenerik,Uzun Kuyruk,210,LOW,0,,,,evet,1900,30,110,70,90,140,70,50,40,90,20,40,,hayır,Kulüp
fk panevėžys,Konferans Ligi Elemeleri,Futbol,Lig,Kıta Üstü,Uzun Kuyruk,Erkek,Kulüp,Takım Sporu,Avrupa,Yabancı,Yok,TV+ Var,Yıllık,Sürekli Lig,Takım Jenerik,Bilgi,Takım,Jenerik,Türkçe,Head,Takım Jenerik,Uzun Kuyruk,110,LOW,0,,,,evet,210,720,260,20,70,50,10,10,10,40,30,50,,hayır,Kulüp
fk partizan,Konferans Ligi Elemeleri,Futbol,Lig,Kıta Üstü,Uzun Kuyruk,Erkek,Kulüp,Takım Sporu,Avrupa,Yabancı,Yok,TV+ Var,Yıllık,Sürekli Lig,Takım Jenerik,Bilgi,Takım,Jenerik,İngilizce,Head,Takım Jenerik,Uzun Kuyruk,1300,LOW,0,0.05,,,evet,1000,480,880,1000,1000,1300,1600,1000,1600,1300,1000,3600,,hayır,Kulüp
fk rfs,Konferans Ligi Elemeleri,Futbol,Lig,Kıta Üstü,Uzun Kuyruk,Erkek,Kulüp,Takım Sporu,Avrupa,Yabancı,Yok,TV+ Var,Yıllık,Sürekli Lig,Takım Jenerik,Bilgi,Takım,Jenerik,İngilizce,Head,Takım Jenerik,Uzun Kuyruk,50,LOW,0,,,,evet,30,10,10,10,20,20,20,10,20,70,170,210,,hayır,Kulüp
fk sarajevo,Konferans Ligi Elemeleri,Futbol,Lig,Kıta Üstü,Uzun Kuyruk,Erkek,Kulüp,Takım Sporu,Avrupa,Yabancı,Yok,TV+ Var,Yıllık,Sürekli Lig,Takım Jenerik,Bilgi,Takım,Jenerik,İngilizce,Head,Takım Jenerik,Uzun Kuyruk,1600,LOW,0,,,,evet,2400,1900,1600,1300,1300,2900,590,1000,720,1900,1600,1300,,hayır,Kulüp
fk sileks,Konferans Ligi Elemeleri,Futbol,Lig,Kıta Üstü,Uzun Kuyruk,Erkek,Kulüp,Takım Sporu,Avrupa,Yabancı,Yok,TV+ Var,Yıllık,Sürekli Lig,Takım Jenerik,Bilgi,Takım,Jenerik,İngilizce,Head,Takım Jenerik,Uzun Kuyruk,720,LOW,10,0.03,0.01,0.06,evet,1600,320,720,480,880,1300,590,590,590,390,480,720,,hayır,Kulüp
fk sutjeska nikšić,Konferans Ligi Elemeleri,Futbol,Lig,Kıta Üstü,Uzun Kuyruk,Erkek,Kulüp,Takım Sporu,Avrupa,Yabancı,Yok,TV+ Var,Yıllık,Sürekli Lig,Takım Jenerik,Bilgi,Takım,Jenerik,Türkçe,Body,Takım Jenerik,Uzun Kuyruk,260,LOW,0,,,,evet,1900,90,140,110,170,110,50,70,50,70,90,90,,hayır,Kulüp
fk vardar,Konferans Ligi Elemeleri,Futbol,Lig,Kıta Üstü,Uzun Kuyruk,Erkek,Kulüp,Takım Sporu,Avrupa,Yabancı,Yok,TV+ Var,Yıllık,Sürekli Lig,Takım Jenerik,Bilgi,Takım,Jenerik,İngilizce,Head,Takım Jenerik,Uzun Kuyruk,1600,LOW,0,,,,evet,2900,880,1000,880,2400,6600,1600,390,590,590,880,1300,,hayır,Kulüp
fk velež mostar,Konferans Ligi Elemeleri,Futbol,Lig,Kıta Üstü,Uzun Kuyruk,Erkek,Kulüp,Takım Sporu,Avrupa,Yabancı,Yok,TV+ Var,Yıllık,Sürekli Lig,Takım Jenerik,Bilgi,Takım,Jenerik,Türkçe,Body,Takım Jenerik,Uzun Kuyruk,170,LOW,0,,,,evet,320,70,320,170,140,480,40,110,70,90,50,110,,hayır,Kulüp
fk vojvodina,Konferans Ligi Elemeleri,Futbol,Lig,Kıta Üstü,Uzun Kuyruk,Erkek,Kulüp,Takım Sporu,Avrupa,Yabancı,Yok,TV+ Var,Yıllık,Sürekli Lig,Takım Jenerik,Bilgi,Takım,Jenerik,İngilizce,Head,Takım Jenerik,Uzun Kuyruk,880,LOW,0,,,,evet,3600,390,1300,1300,720,480,320,720,720,720,390,480,,hayır,Kulüp
fk žalgiris,Konferans Ligi Elemeleri,Futbol,Lig,Kıta Üstü,Uzun Kuyruk,Erkek,Kulüp,Takım Sporu,Avrupa,Yabancı,Yok,TV+ Var,Yıllık,Sürekli Lig,Takım Jenerik,Bilgi,Takım,Jenerik,Türkçe,Head,Takım Jenerik,Uzun Kuyruk,2400,LOW,0,,,,evet,8100,4400,2400,1300,2400,1000,480,480,880,2400,880,3600,,hayır,Kulüp
fk železničar pančevo,Konferans Ligi Elemeleri,Futbol,Lig,Kıta Üstü,Uzun Kuyruk,Erkek,Kulüp,Takım Sporu,Avrupa,Yabancı,Yok,TV+ Var,Yıllık,Sürekli Lig,Takım Jenerik,Bilgi,Takım,Jenerik,Türkçe,Body,Takım Jenerik,Uzun Kuyruk,320,LOW,0,,,,evet,880,140,390,320,210,260,210,260,210,210,140,260,,hayır,Kulüp
floriana,Konferans Ligi Elemeleri,Futbol,Lig,Kıta Üstü,Uzun Kuyruk,Erkek,Kulüp,Takım Sporu,Avrupa,Yabancı,Yok,TV+ Var,Yıllık,Sürekli Lig,Takım Jenerik,Bilgi,Takım,Jenerik,İngilizce,Head,Takım Jenerik,Uzun Kuyruk,590,LOW,0,,0.13,1.23,evet,2900,90,320,390,140,1300,720,210,210,320,390,210,,hayır,Doğrulanacak
gais,Konferans Ligi Elemeleri,Futbol,Lig,Kıta Üstü,Uzun Kuyruk,Erkek,Kulüp,Takım Sporu,Avrupa,Yabancı,Yok,TV+ Var,Yıllık,Sürekli Lig,Takım Jenerik,Bilgi,Takım,Jenerik,İngilizce,Head,Takım Jenerik,Uzun Kuyruk,5400,LOW,1,0.86,0.61,0.86,evet,22200,1900,12100,4400,2900,1600,590,590,2900,6600,2400,12100,,hayır,Doğrulanacak
gks katowice,Konferans Ligi Elemeleri,Futbol,Lig,Kıta Üstü,Uzun Kuyruk,Erkek,Kulüp,Takım Sporu,Avrupa,Yabancı,Yok,TV+ Var,Yıllık,Sürekli Lig,Takım Jenerik,Bilgi,Takım,Jenerik,İngilizce,Head,Takım Jenerik,Uzun Kuyruk,1300,LOW,0,0.03,0.19,0.53,evet,6600,880,1600,880,720,390,480,320,480,880,880,880,,hayır,Şüpheli (kişi adı olabilir)
glentoran,Konferans Ligi Elemeleri,Futbol,Lig,Kıta Üstü,Uzun Kuyruk,Erkek,Kulüp,Takım Sporu,Avrupa,Yabancı,Yok,TV+ Var,Yıllık,Sürekli Lig,Takım Jenerik,Bilgi,Takım,Jenerik,İngilizce,Head,Takım Jenerik,Uzun Kuyruk,1300,LOW,0,,,,evet,1900,720,140,1000,1900,1000,1300,1600,2900,1000,720,590,,hayır,Doğrulanacak
győri eto,Konferans Ligi Elemeleri,Futbol,Lig,Kıta Üstü,Uzun Kuyruk,Erkek,Kulüp,Takım Sporu,Avrupa,Yabancı,Yok,TV+ Var,Yıllık,Sürekli Lig,Takım Jenerik,Bilgi,Takım,Jenerik,Türkçe,Head,Takım Jenerik,Uzun Kuyruk,140,LOW,0,,,,evet,260,70,140,260,260,260,40,70,50,40,20,320,,hayır,Şüpheli (kişi adı olabilir)
górnik zabrze,Konferans Ligi Elemeleri,Futbol,Lig,Kıta Üstü,Uzun Kuyruk,Erkek,Kulüp,Takım Sporu,Avrupa,Yabancı,Yok,TV+ Var,Yıllık,Sürekli Lig,Takım Jenerik,Bilgi,Takım,Jenerik,Türkçe,Head,Takım Jenerik,Uzun Kuyruk,74000,LOW,1,0.37,0.03,0.45,evet,673000,135000,18100,3600,1600,3600,1600,2400,4400,4400,3600,4400,,hayır,Kulüp
hnk hajduk split,Konferans Ligi Elemeleri,Futbol,Lig,Kıta Üstü,Uzun Kuyruk,Erkek,Kulüp,Takım Sporu,Avrupa,Yabancı,Yok,TV+ Var,Yıllık,Sürekli Lig,Takım Jenerik,Bilgi,Takım,Jenerik,İngilizce,Body,Takım Jenerik,Uzun Kuyruk,4400,LOW,0,0.06,0.15,0.45,evet,8100,880,1900,3600,1900,2900,2400,2900,3600,4400,5400,9900,,hayır,Kulüp
hnk rijeka,Konferans Ligi Elemeleri,Futbol,Lig,Kıta Üstü,Uzun Kuyruk,Erkek,Kulüp,Takım Sporu,Avrupa,Yabancı,Yok,TV+ Var,Yıllık,Sürekli Lig,Takım Jenerik,Bilgi,Takım,Jenerik,İngilizce,Head,Takım Jenerik,Uzun Kuyruk,3600,LOW,0,,,,evet,590,390,880,880,3600,4400,2400,6600,4400,5400,1900,8100,,hayır,Kulüp
hammarby fotboll,Konferans Ligi Elemeleri,Futbol,Lig,Kıta Üstü,Uzun Kuyruk,Erkek,Kulüp,Takım Sporu,Avrupa,Yabancı,Yok,TV+ Var,Yıllık,Sürekli Lig,Takım Jenerik,Bilgi,Takım,Jenerik,İngilizce,Head,Takım Jenerik,Uzun Kuyruk,90,LOW,3,0.35,0.33,2.26,evet,260,40,260,90,20,10,20,10,70,110,70,110,,hayır,Şüpheli (kişi adı olabilir)
hamrun spartans,Konferans Ligi Elemeleri,Futbol,Lig,Kıta Üstü,Uzun Kuyruk,Erkek,Kulüp,Takım Sporu,Avrupa,Yabancı,Yok,TV+ Var,Yıllık,Sürekli Lig,Takım Jenerik,Bilgi,Takım,Jenerik,İngilizce,Head,Takım Jenerik,Uzun Kuyruk,3600,LOW,0,,,,evet,1300,50,170,320,260,1600,720,1000,27100,3600,1000,8100,,hayır,Şüpheli (kişi adı olabilir)
havnar bóltfelag,Konferans Ligi Elemeleri,Futbol,Lig,Kıta Üstü,Uzun Kuyruk,Erkek,Kulüp,Takım Sporu,Avrupa,Yabancı,Yok,TV+ Var,Yıllık,Sürekli Lig,Takım Jenerik,Bilgi,Takım,Jenerik,Türkçe,Head,Takım Jenerik,Uzun Kuyruk,210,LOW,0,,,,evet,260,140,140,480,1300,10,10,10,10,70,30,110,,hayır,Şüpheli (kişi adı olabilir)
heart of midlothian,Konferans Ligi Elemeleri,Futbol,Lig,Kıta Üstü,Uzun Kuyruk,Erkek,Kulüp,Takım Sporu,Avrupa,Yabancı,Yok,TV+ Var,Yıllık,Sürekli Lig,Takım Jenerik,Bilgi,Takım,Jenerik,İngilizce,Body,Takım Jenerik,Uzun Kuyruk,480,LOW,0,,,,evet,1000,110,1600,390,390,720,260,320,170,590,110,170,,hayır,Doğrulanacak
helsingin jalkapalloklubi,Konferans Ligi Elemeleri,Futbol,Lig,Kıta Üstü,Uzun Kuyruk,Erkek,Kulüp,Takım Sporu,Avrupa,Yabancı,Yok,TV+ Var,Yıllık,Sürekli Lig,Takım Jenerik,Bilgi,Takım,Jenerik,İngilizce,Head,Takım Jenerik,Uzun Kuyruk,10,LOW,5,,,,evet,10,10,10,10,10,10,10,10,10,10,10,20,,hayır,Şüpheli (kişi adı olabilir)
hibernian,Konferans Ligi Elemeleri,Futbol,Lig,Kıta Üstü,Uzun Kuyruk,Erkek,Kulüp,Takım Sporu,Avrupa,Yabancı,Yok,TV+ Var,Yıllık,Sürekli Lig,Takım Jenerik,Bilgi,Takım,Jenerik,İngilizce,Head,Takım Jenerik,Uzun Kuyruk,2900,LOW,1,1.19,0.25,0.59,evet,2900,880,2400,1600,720,4400,2400,4400,1900,1600,1600,6600,,hayır,Doğrulanacak
hšk zrinjski mostar,Konferans Ligi Elemeleri,Futbol,Lig,Kıta Üstü,Uzun Kuyruk,Erkek,Kulüp,Takım Sporu,Avrupa,Yabancı,Yok,TV+ Var,Yıllık,Sürekli Lig,Takım Jenerik,Bilgi,Takım,Jenerik,Türkçe,Body,Takım Jenerik,Uzun Kuyruk,3600,LOW,0,,,,evet,320,210,880,590,880,5400,1600,6600,4400,22200,1000,1900,,hayır,Doğrulanacak
ifk göteborg,Konferans Ligi Elemeleri,Futbol,Lig,Kıta Üstü,Uzun Kuyruk,Erkek,Kulüp,Takım Sporu,Avrupa,Yabancı,Yok,TV+ Var,Yıllık,Sürekli Lig,Takım Jenerik,Bilgi,Takım,Jenerik,Türkçe,Head,Takım Jenerik,Uzun Kuyruk,1900,LOW,0,,,,evet,5400,1600,4400,880,480,590,320,260,720,1900,1600,3600,,hayır,Şüpheli (kişi adı olabilir)
inter club d'escaldes,Konferans Ligi Elemeleri,Futbol,Lig,Kıta Üstü,Uzun Kuyruk,Erkek,Kulüp,Takım Sporu,Avrupa,Yabancı,Yok,TV+ Var,Yıllık,Sürekli Lig,Takım Jenerik,Bilgi,Takım,Jenerik,İngilizce,Body,Takım Jenerik,Uzun Kuyruk,260,LOW,0,,,,evet,1300,210,140,140,170,110,170,110,90,140,210,260,,hayır,Kulüp
kaa gent,Konferans Ligi Elemeleri,Futbol,Lig,Kıta Üstü,Uzun Kuyruk,Erkek,Kulüp,Takım Sporu,Avrupa,Yabancı,Yok,TV+ Var,Yıllık,Sürekli Lig,Takım Jenerik,Bilgi,Takım,Jenerik,İngilizce,Head,Takım Jenerik,Uzun Kuyruk,8100,LOW,0,,0.23,0.7,evet,4400,880,9900,6600,6600,9900,9900,14800,6600,6600,5400,9900,,hayır,Şüpheli (kişi adı olabilir)
kf dukagjini,Konferans Ligi Elemeleri,Futbol,Lig,Kıta Üstü,Uzun Kuyruk,Erkek,Kulüp,Takım Sporu,Avrupa,Yabancı,Yok,TV+ Var,Yıllık,Sürekli Lig,Takım Jenerik,Bilgi,Takım,Jenerik,İngilizce,Head,Takım Jenerik,Uzun Kuyruk,110,LOW,0,,,,evet,720,30,40,50,50,30,320,50,10,30,50,20,,hayır,Kulüp
kf malisheva,Konferans Ligi Elemeleri,Futbol,Lig,Kıta Üstü,Uzun Kuyruk,Erkek,Kulüp,Takım Sporu,Avrupa,Yabancı,Yok,TV+ Var,Yıllık,Sürekli Lig,Takım Jenerik,Bilgi,Takım,Jenerik,İngilizce,Head,Takım Jenerik,Uzun Kuyruk,170,LOW,0,,,,evet,1600,50,30,20,90,70,50,30,10,30,70,70,,hayır,Kulüp
kf shkëndija,Konferans Ligi Elemeleri,Futbol,Lig,Kıta Üstü,Uzun Kuyruk,Erkek,Kulüp,Takım Sporu,Avrupa,Yabancı,Yok,TV+ Var,Yıllık,Sürekli Lig,Takım Jenerik,Bilgi,Takım,Jenerik,Türkçe,Head,Takım Jenerik,Uzun Kuyruk,1900,LOW,0,,,,evet,480,170,260,390,320,12100,2900,880,590,590,140,1600,,hayır,Kulüp
kf vllaznia,Konferans Ligi Elemeleri,Futbol,Lig,Kıta Üstü,Uzun Kuyruk,Erkek,Kulüp,Takım Sporu,Avrupa,Yabancı,Yok,TV+ Var,Yıllık,Sürekli Lig,Takım Jenerik,Bilgi,Takım,Jenerik,İngilizce,Head,Takım Jenerik,Uzun Kuyruk,210,LOW,0,,,,evet,1000,140,210,170,140,170,90,90,90,110,70,140,,hayır,Kulüp
klaksvíkar ítróttarfelag,Konferans Ligi Elemeleri,Futbol,Lig,Kıta Üstü,Uzun Kuyruk,Erkek,Kulüp,Takım Sporu,Avrupa,Yabancı,Yok,TV+ Var,Yıllık,Sürekli Lig,Takım Jenerik,Bilgi,Takım,Jenerik,Türkçe,Head,Takım Jenerik,Uzun Kuyruk,20,LOW,0,,,,evet,70,10,20,10,10,10,10,10,10,20,10,50,,hayır,Şüpheli (kişi adı olabilir)
knattspyrnufélagið víkingur,Konferans Ligi Elemeleri,Futbol,Lig,Kıta Üstü,Uzun Kuyruk,Erkek,Kulüp,Takım Sporu,Avrupa,Yabancı,Yok,TV+ Var,Yıllık,Sürekli Lig,Takım Jenerik,Bilgi,Takım,Jenerik,Türkçe,Head,Takım Jenerik,Uzun Kuyruk,30,LOW,0,,,,evet,90,30,70,10,10,10,10,10,50,20,10,70,,hayır,Şüpheli (kişi adı olabilir)
kuopion palloseura,Konferans Ligi Elemeleri,Futbol,Lig,Kıta Üstü,Uzun Kuyruk,Erkek,Kulüp,Takım Sporu,Avrupa,Yabancı,Yok,TV+ Var,Yıllık,Sürekli Lig,Takım Jenerik,Bilgi,Takım,Jenerik,İngilizce,Head,Takım Jenerik,Uzun Kuyruk,5400,LOW,0,,,,evet,8100,3600,4400,1000,590,3600,2900,22200,9900,6600,1900,5400,,hayır,Şüpheli (kişi adı olabilir)
larne,Konferans Ligi Elemeleri,Futbol,Lig,Kıta Üstü,Uzun Kuyruk,Erkek,Kulüp,Takım Sporu,Avrupa,Yabancı,Yok,TV+ Var,Yıllık,Sürekli Lig,Takım Jenerik,Bilgi,Takım,Jenerik,İngilizce,Head,Takım Jenerik,Uzun Kuyruk,1000,LOW,1,,0.28,2.24,evet,2900,170,110,590,590,880,1600,1600,1000,390,590,1300,,hayır,Doğrulanacak
lincoln red imps,Konferans Ligi Elemeleri,Futbol,Lig,Kıta Üstü,Uzun Kuyruk,Erkek,Kulüp,Takım Sporu,Avrupa,Yabancı,Yok,TV+ Var,Yıllık,Sürekli Lig,Takım Jenerik,Bilgi,Takım,Jenerik,İngilizce,Body,Takım Jenerik,Uzun Kuyruk,2900,LOW,0,,,,evet,4400,390,880,590,720,1300,1900,6600,5400,9900,1000,5400,,hayır,Doğrulanacak
linfield,Konferans Ligi Elemeleri,Futbol,Lig,Kıta Üstü,Uzun Kuyruk,Erkek,Kulüp,Takım Sporu,Avrupa,Yabancı,Yok,TV+ Var,Yıllık,Sürekli Lig,Takım Jenerik,Bilgi,Takım,Jenerik,İngilizce,Head,Takım Jenerik,Uzun Kuyruk,1000,LOW,0,,3.47,3.47,evet,1600,170,720,590,720,880,2400,590,720,880,1000,2900,,hayır,Doğrulanacak
marsaxlokk,Konferans Ligi Elemeleri,Futbol,Lig,Kıta Üstü,Uzun Kuyruk,Erkek,Kulüp,Takım Sporu,Avrupa,Yabancı,Yok,TV+ Var,Yıllık,Sürekli Lig,Takım Jenerik,Bilgi,Takım,Jenerik,İngilizce,Head,Takım Jenerik,Uzun Kuyruk,390,LOW,8,1.03,0.16,1.23,evet,480,320,390,390,390,320,320,210,320,390,390,390,,hayır,Doğrulanacak
motherwell,Konferans Ligi Elemeleri,Futbol,Lig,Kıta Üstü,Uzun Kuyruk,Erkek,Kulüp,Takım Sporu,Avrupa,Yabancı,Yok,TV+ Var,Yıllık,Sürekli Lig,Takım Jenerik,Bilgi,Takım,Jenerik,İngilizce,Head,Takım Jenerik,Uzun Kuyruk,1300,LOW,2,0.12,0.11,0.34,evet,2400,590,1900,720,1000,2400,1600,2400,1000,880,390,880,,hayır,Doğrulanacak
mšk žilina,Konferans Ligi Elemeleri,Futbol,Lig,Kıta Üstü,Uzun Kuyruk,Erkek,Kulüp,Takım Sporu,Avrupa,Yabancı,Yok,TV+ Var,Yıllık,Sürekli Lig,Takım Jenerik,Bilgi,Takım,Jenerik,Türkçe,Head,Takım Jenerik,Uzun Kuyruk,210,LOW,0,,,,evet,720,170,140,170,170,110,50,110,320,140,210,320,,hayır,Şüpheli (kişi adı olabilir)
nk aluminij,Konferans Ligi Elemeleri,Futbol,Lig,Kıta Üstü,Uzun Kuyruk,Erkek,Kulüp,Takım Sporu,Avrupa,Yabancı,Yok,TV+ Var,Yıllık,Sürekli Lig,Takım Jenerik,Bilgi,Takım,Jenerik,İngilizce,Head,Takım Jenerik,Uzun Kuyruk,390,LOW,0,,,,evet,1300,110,210,720,590,480,210,50,390,260,210,260,,hayır,Kulüp
nk bravo,Konferans Ligi Elemeleri,Futbol,Lig,Kıta Üstü,Uzun Kuyruk,Erkek,Kulüp,Takım Sporu,Avrupa,Yabancı,Yok,TV+ Var,Yıllık,Sürekli Lig,Takım Jenerik,Bilgi,Takım,Jenerik,İngilizce,Head,Takım Jenerik,Uzun Kuyruk,1000,LOW,0,,,,evet,1900,110,880,2900,1600,1900,390,480,1300,880,590,590,,hayır,Kulüp
nk varaždin,Konferans Ligi Elemeleri,Futbol,Lig,Kıta Üstü,Uzun Kuyruk,Erkek,Kulüp,Takım Sporu,Avrupa,Yabancı,Yok,TV+ Var,Yıllık,Sürekli Lig,Takım Jenerik,Bilgi,Takım,Jenerik,Türkçe,Head,Takım Jenerik,Uzun Kuyruk,320,LOW,0,,,,evet,390,90,390,260,210,210,480,260,260,210,480,320,,hayır,Kulüp
nsí runavík,Konferans Ligi Elemeleri,Futbol,Lig,Kıta Üstü,Uzun Kuyruk,Erkek,Kulüp,Takım Sporu,Avrupa,Yabancı,Yok,TV+ Var,Yıllık,Sürekli Lig,Takım Jenerik,Bilgi,Takım,Jenerik,Türkçe,Head,Takım Jenerik,Uzun Kuyruk,170,LOW,0,,,,evet,880,320,210,140,70,10,10,10,20,90,70,170,,hayır,Şüpheli (kişi adı olabilir)
neftçi pfk,Konferans Ligi Elemeleri,Futbol,Lig,Kıta Üstü,Uzun Kuyruk,Erkek,Kulüp,Takım Sporu,Avrupa,Yabancı,Yok,TV+ Var,Yıllık,Sürekli Lig,Takım Jenerik,Bilgi,Takım,Jenerik,Türkçe,Head,Takım Jenerik,Uzun Kuyruk,2900,LOW,0,,,,evet,2400,590,2400,2900,3600,4400,2400,3600,5400,5400,880,880,,hayır,Şüpheli (kişi adı olabilir)
nõmme kalju,Konferans Ligi Elemeleri,Futbol,Lig,Kıta Üstü,Uzun Kuyruk,Erkek,Kulüp,Takım Sporu,Avrupa,Yabancı,Yok,TV+ Var,Yıllık,Sürekli Lig,Takım Jenerik,Bilgi,Takım,Jenerik,Türkçe,Head,Takım Jenerik,Uzun Kuyruk,30,LOW,0,,,,evet,70,50,20,50,10,10,10,10,20,10,30,90,,hayır,Şüpheli (kişi adı olabilir)
ofk petrovac,Konferans Ligi Elemeleri,Futbol,Lig,Kıta Üstü,Uzun Kuyruk,Erkek,Kulüp,Takım Sporu,Avrupa,Yabancı,Yok,TV+ Var,Yıllık,Sürekli Lig,Takım Jenerik,Bilgi,Takım,Jenerik,İngilizce,Head,Takım Jenerik,Uzun Kuyruk,110,LOW,0,,,,evet,880,110,40,30,90,110,70,90,20,50,40,40,,hayır,Şüpheli (kişi adı olabilir)
paok,Konferans Ligi Elemeleri,Futbol,Lig,Kıta Üstü,Uzun Kuyruk,Erkek,Kulüp,Takım Sporu,Avrupa,Yabancı,Yok,TV+ Var,Yıllık,Sürekli Lig,Takım Jenerik,Bilgi,Takım,Jenerik,İngilizce,Head,Takım Jenerik,Uzun Kuyruk,40500,LOW,0,0.48,,,evet,18100,2400,33100,12100,22200,60500,110000,33100,49500,33100,33100,40500,,hayır,Kulüp
pfc ludogorets razgrad,Konferans Ligi Elemeleri,Futbol,Lig,Kıta Üstü,Uzun Kuyruk,Erkek,Kulüp,Takım Sporu,Avrupa,Yabancı,Yok,TV+ Var,Yıllık,Sürekli Lig,Takım Jenerik,Bilgi,Takım,Jenerik,İngilizce,Body,Takım Jenerik,Uzun Kuyruk,320,LOW,1,,,,evet,110,30,140,210,210,320,1300,260,480,390,260,260,,hayır,Kulüp
pafos,Konferans Ligi Elemeleri,Futbol,Lig,Kıta Üstü,Uzun Kuyruk,Erkek,Kulüp,Takım Sporu,Avrupa,Yabancı,Yok,TV+ Var,Yıllık,Sürekli Lig,Takım Jenerik,Bilgi,Takım,Jenerik,İngilizce,Head,Takım Jenerik,Uzun Kuyruk,22200,LOW,1,0.57,0.17,1.02,evet,5400,2400,3600,1900,2900,2900,18100,18100,60500,33100,49500,90500,,hayır,Doğrulanacak
paide linnameeskond,Konferans Ligi Elemeleri,Futbol,Lig,Kıta Üstü,Uzun Kuyruk,Erkek,Kulüp,Takım Sporu,Avrupa,Yabancı,Yok,TV+ Var,Yıllık,Sürekli Lig,Takım Jenerik,Bilgi,Takım,Jenerik,İngilizce,Head,Takım Jenerik,Uzun Kuyruk,260,LOW,0,,,,evet,1300,210,320,210,70,30,50,10,70,210,170,260,,hayır,Şüpheli (kişi adı olabilir)
paksi,Konferans Ligi Elemeleri,Futbol,Lig,Kıta Üstü,Uzun Kuyruk,Erkek,Kulüp,Takım Sporu,Avrupa,Yabancı,Yok,TV+ Var,Yıllık,Sürekli Lig,Takım Jenerik,Bilgi,Takım,Jenerik,İngilizce,Head,Takım Jenerik,Uzun Kuyruk,1000,LOW,1,0.17,0.13,0.35,evet,2400,480,590,720,720,2400,480,1300,1900,880,590,1300,,hayır,Doğrulanacak
penybont,Konferans Ligi Elemeleri,Futbol,Lig,Kıta Üstü,Uzun Kuyruk,Erkek,Kulüp,Takım Sporu,Avrupa,Yabancı,Yok,TV+ Var,Yıllık,Sürekli Lig,Takım Jenerik,Bilgi,Takım,Jenerik,İngilizce,Head,Takım Jenerik,Uzun Kuyruk,320,LOW,0,,,,evet,390,70,90,170,260,40,480,480,260,880,590,390,,hayır,Doğrulanacak
qarabağ,Konferans Ligi Elemeleri,Futbol,Lig,Kıta Üstü,Uzun Kuyruk,Erkek,Kulüp,Takım Sporu,Avrupa,Yabancı,Yok,TV+ Var,Yıllık,Sürekli Lig,Takım Jenerik,Bilgi,Takım,Jenerik,Türkçe,Head,Takım Jenerik,Uzun Kuyruk,60500,LOW,0,,,,evet,12100,5400,8100,12100,18100,165000,135000,49500,135000,165000,49500,49500,,hayır,Kulüp
raków częstochowa,Konferans Ligi Elemeleri,Futbol,Lig,Kıta Üstü,Uzun Kuyruk,Erkek,Kulüp,Takım Sporu,Avrupa,Yabancı,Yok,TV+ Var,Yıllık,Sürekli Lig,Takım Jenerik,Bilgi,Takım,Jenerik,Türkçe,Head,Takım Jenerik,Uzun Kuyruk,8100,LOW,0,,,,evet,2900,1000,4400,2400,9900,9900,8100,33100,14800,6600,1300,4400,,hayır,Şüpheli (kişi adı olabilir)
rangers,Konferans Ligi Elemeleri,Futbol,Lig,Kıta Üstü,Uzun Kuyruk,Erkek,Kulüp,Takım Sporu,Avrupa,Yabancı,Yok,TV+ Var,Yıllık,Sürekli Lig,Takım Jenerik,Bilgi,Takım,Jenerik,İngilizce,Head,Takım Jenerik,Uzun Kuyruk,60500,LOW,4,0.31,0.18,0.87,evet,22200,22200,60500,33100,49500,49500,60500,60500,33100,40500,60500,165000,,hayır,Kulüp
riga,Konferans Ligi Elemeleri,Futbol,Lig,Kıta Üstü,Uzun Kuyruk,Erkek,Kulüp,Takım Sporu,Avrupa,Yabancı,Yok,TV+ Var,Yıllık,Sürekli Lig,Takım Jenerik,Bilgi,Takım,Jenerik,İngilizce,Head,Takım Jenerik,Uzun Kuyruk,18100,LOW,14,0.67,0.14,1.29,evet,12100,9900,14800,12100,9900,9900,12100,14800,9900,9900,110000,18100,,hayır,Doğrulanacak
s.c. braga,Konferans Ligi Elemeleri,Futbol,Lig,Kıta Üstü,Uzun Kuyruk,Erkek,Kulüp,Takım Sporu,Avrupa,Yabancı,Yok,TV+ Var,Yıllık,Sürekli Lig,Takım Jenerik,Bilgi,Takım,Jenerik,İngilizce,Head,Takım Jenerik,Uzun Kuyruk,27100,LOW,1,,,,evet,2900,1000,18100,27100,14800,18100,90500,49500,49500,49500,9900,12100,,hayır,Şüpheli (kişi adı olabilir)
sc freiburg,Konferans Ligi Elemeleri,Futbol,Lig,Kıta Üstü,Uzun Kuyruk,Erkek,Kulüp,Takım Sporu,Avrupa,Yabancı,Yok,TV+ Var,Yıllık,Sürekli Lig,Takım Jenerik,Bilgi,Takım,Jenerik,İngilizce,Head,Takım Jenerik,Uzun Kuyruk,40500,LOW,2,0.3,0.16,0.38,evet,2400,1900,135000,27100,12100,18100,110000,49500,60500,27100,12100,5400,,hayır,Kulüp
sk brann,Konferans Ligi Elemeleri,Futbol,Lig,Kıta Üstü,Uzun Kuyruk,Erkek,Kulüp,Takım Sporu,Avrupa,Yabancı,Yok,TV+ Var,Yıllık,Sürekli Lig,Takım Jenerik,Bilgi,Takım,Jenerik,İngilizce,Head,Takım Jenerik,Uzun Kuyruk,60500,LOW,0,,,,evet,2400,480,4400,2900,3600,8100,90500,368000,110000,49500,14800,12100,,hayır,Kulüp
sk rapid wien,Konferans Ligi Elemeleri,Futbol,Lig,Kıta Üstü,Uzun Kuyruk,Erkek,Kulüp,Takım Sporu,Avrupa,Yabancı,Yok,TV+ Var,Yıllık,Sürekli Lig,Takım Jenerik,Bilgi,Takım,Jenerik,İngilizce,Body,Takım Jenerik,Uzun Kuyruk,590,LOW,2,,,,evet,720,140,720,590,320,590,210,720,720,480,390,880,,hayır,Kulüp
sp la fiorita,Konferans Ligi Elemeleri,Futbol,Lig,Kıta Üstü,Uzun Kuyruk,Erkek,Kulüp,Takım Sporu,Avrupa,Yabancı,Yok,TV+ Var,Yıllık,Sürekli Lig,Takım Jenerik,Bilgi,Takım,Jenerik,İngilizce,Body,Takım Jenerik,Uzun Kuyruk,70,LOW,0,,,,evet,390,70,70,30,50,50,30,30,30,40,40,140,,hayır,Doğrulanacak
shamrock rovers,Konferans Ligi Elemeleri,Futbol,Lig,Kıta Üstü,Uzun Kuyruk,Erkek,Kulüp,Takım Sporu,Avrupa,Yabancı,Yok,TV+ Var,Yıllık,Sürekli Lig,Takım Jenerik,Bilgi,Takım,Jenerik,İngilizce,Head,Takım Jenerik,Uzun Kuyruk,6600,LOW,0,0.73,,,evet,9900,6600,9900,2900,2900,2400,1300,6600,18100,8100,2400,12100,,hayır,Kulüp
shelbourne,Konferans Ligi Elemeleri,Futbol,Lig,Kıta Üstü,Uzun Kuyruk,Erkek,Kulüp,Takım Sporu,Avrupa,Yabancı,Yok,TV+ Var,Yıllık,Sürekli Lig,Takım Jenerik,Bilgi,Takım,Jenerik,İngilizce,Head,Takım Jenerik,Uzun Kuyruk,1300,LOW,2,0.41,0.32,0.46,evet,1300,2400,2900,720,1300,720,390,720,880,1300,880,2400,,hayır,Doğrulanacak
st joseph's,Konferans Ligi Elemeleri,Futbol,Lig,Kıta Üstü,Uzun Kuyruk,Erkek,Kulüp,Takım Sporu,Avrupa,Yabancı,Yok,TV+ Var,Yıllık,Sürekli Lig,Takım Jenerik,Bilgi,Takım,Jenerik,İngilizce,Head,Takım Jenerik,Uzun Kuyruk,1300,LOW,2,2.14,0.53,2.65,evet,5400,1600,880,1000,720,720,720,720,1000,1000,1600,1300,,hayır,Şüpheli (kişi adı olabilir)
the new saints,Konferans Ligi Elemeleri,Futbol,Lig,Kıta Üstü,Uzun Kuyruk,Erkek,Kulüp,Takım Sporu,Avrupa,Yabancı,Yok,TV+ Var,Yıllık,Sürekli Lig,Takım Jenerik,Bilgi,Takım,Jenerik,İngilizce,Body,Takım Jenerik,Uzun Kuyruk,1600,LOW,0,,0.18,0.47,evet,3600,720,390,590,1000,1000,1900,1900,1900,2400,1900,1300,,hayır,Doğrulanacak
tre fiori,Konferans Ligi Elemeleri,Futbol,Lig,Kıta Üstü,Uzun Kuyruk,Erkek,Kulüp,Takım Sporu,Avrupa,Yabancı,Yok,TV+ Var,Yıllık,Sürekli Lig,Takım Jenerik,Bilgi,Takım,Jenerik,İngilizce,Head,Takım Jenerik,Uzun Kuyruk,90,LOW,1,0.91,0.32,1.52,evet,590,70,70,90,50,70,110,40,20,50,10,40,,hayır,Şüpheli (kişi adı olabilir)
tromsø il,Konferans Ligi Elemeleri,Futbol,Lig,Kıta Üstü,Uzun Kuyruk,Erkek,Kulüp,Takım Sporu,Avrupa,Yabancı,Yok,TV+ Var,Yıllık,Sürekli Lig,Takım Jenerik,Bilgi,Takım,Jenerik,Türkçe,Head,Takım Jenerik,Uzun Kuyruk,8100,LOW,0,,,,evet,27100,1000,12100,22200,4400,1300,3600,2400,4400,4400,2900,12100,,hayır,Şüpheli (kişi adı olabilir)
us mondorf-les-bains,Konferans Ligi Elemeleri,Futbol,Lig,Kıta Üstü,Uzun Kuyruk,Erkek,Kulüp,Takım Sporu,Avrupa,Yabancı,Yok,TV+ Var,Yıllık,Sürekli Lig,Takım Jenerik,Bilgi,Takım,Jenerik,İngilizce,Head,Takım Jenerik,Uzun Kuyruk,70,LOW,0,,,,evet,590,30,10,20,20,10,10,10,10,20,20,10,,hayır,Şüpheli (kişi adı olabilir)
valletta,Konferans Ligi Elemeleri,Futbol,Lig,Kıta Üstü,Uzun Kuyruk,Erkek,Kulüp,Takım Sporu,Avrupa,Yabancı,Yok,TV+ Var,Yıllık,Sürekli Lig,Takım Jenerik,Bilgi,Takım,Jenerik,İngilizce,Head,Takım Jenerik,Uzun Kuyruk,1900,LOW,14,0.34,0.09,0.89,evet,2400,2400,2900,2400,2400,1900,1900,1600,1900,2400,1600,1900,,hayır,Doğrulanacak
víkingur gøta,Konferans Ligi Elemeleri,Futbol,Lig,Kıta Üstü,Uzun Kuyruk,Erkek,Kulüp,Takım Sporu,Avrupa,Yabancı,Yok,TV+ Var,Yıllık,Sürekli Lig,Takım Jenerik,Bilgi,Takım,Jenerik,Türkçe,Head,Takım Jenerik,Uzun Kuyruk,140,LOW,0,,,,evet,260,170,170,140,90,10,10,10,30,90,90,720,,hayır,Şüpheli (kişi adı olabilir)
zira,Konferans Ligi Elemeleri,Futbol,Lig,Kıta Üstü,Uzun Kuyruk,Erkek,Kulüp,Takım Sporu,Avrupa,Yabancı,Yok,TV+ Var,Yıllık,Sürekli Lig,Takım Jenerik,Bilgi,Takım,Jenerik,İngilizce,Head,Takım Jenerik,Uzun Kuyruk,6600,LOW,0,,,,evet,5400,6600,6600,6600,8100,6600,6600,6600,6600,6600,6600,5400,,hayır,Doğrulanacak
i stanbul başakşehir f.k.,Konferans Ligi Elemeleri,Futbol,Lig,Kıta Üstü,Uzun Kuyruk,Erkek,Kulüp,Takım Sporu,Avrupa,Yabancı,Yok,TV+ Var,Yıllık,Sürekli Lig,Takım Jenerik,Bilgi,Takım,Jenerik,Türkçe,Body,Takım Jenerik,Uzun Kuyruk,,,,,,,hayir,,,,,,,,,,,,,,hayır,Doğrulanacak
ac omonia,Şampiyonlar Ligi Elemeleri,Futbol,Lig,Kıta Üstü,Uzun Kuyruk,Erkek,Kulüp,Takım Sporu,Avrupa,Yabancı,Yok,TV+ Var,Yıllık,Sürekli Lig,Takım Jenerik,Bilgi,Takım,Jenerik,İngilizce,Head,Takım Jenerik,Uzun Kuyruk,260,LOW,0,,,,evet,590,30,110,70,140,590,210,320,170,260,50,320,,hayır,Kulüp
ac sparta prague,Şampiyonlar Ligi Elemeleri,Futbol,Lig,Kıta Üstü,Uzun Kuyruk,Erkek,Kulüp,Takım Sporu,Avrupa,Yabancı,Yok,TV+ Var,Yıllık,Sürekli Lig,Takım Jenerik,Bilgi,Takım,Jenerik,İngilizce,Body,Takım Jenerik,Uzun Kuyruk,720,LOW,5,0.28,0.17,1.56,evet,720,210,590,480,1000,480,390,720,720,1000,390,1300,,hayır,Kulüp
aek athens,Şampiyonlar Ligi Elemeleri,Futbol,Lig,Kıta Üstü,Uzun Kuyruk,Erkek,Kulüp,Takım Sporu,Avrupa,Yabancı,Yok,TV+ Var,Yıllık,Sürekli Lig,Takım Jenerik,Bilgi,Takım,Jenerik,İngilizce,Head,Takım Jenerik,Uzun Kuyruk,3600,LOW,0,,,,evet,880,720,1900,4400,3600,1300,1600,12100,3600,2400,1600,8100,,hayır,Kulüp
aarhus gymnastikforening,Şampiyonlar Ligi Elemeleri,Futbol,Lig,Kıta Üstü,Uzun Kuyruk,Erkek,Kulüp,Takım Sporu,Avrupa,Yabancı,Yok,TV+ Var,Yıllık,Sürekli Lig,Takım Jenerik,Bilgi,Takım,Jenerik,İngilizce,Head,Takım Jenerik,Uzun Kuyruk,140,LOW,0,,,,evet,480,70,140,110,140,210,90,110,210,110,70,40,,hayır,Şüpheli (kişi adı olabilir)
alasana yirajang,Şampiyonlar Ligi Elemeleri,Futbol,Lig,Kıta Üstü,Uzun Kuyruk,Erkek,Kulüp,Takım Sporu,Avrupa,Yabancı,Yok,TV+ Var,Yıllık,Sürekli Lig,Takım Jenerik,Bilgi,Takım,Jenerik,İngilizce,Head,Takım Jenerik,Uzun Kuyruk,20,LOW,0,,,,evet,20,20,10,10,10,10,20,20,20,30,20,40,,hayır,Şüpheli (kişi adı olabilir)
alejandro hernández hernández,Şampiyonlar Ligi Elemeleri,Futbol,Lig,Kıta Üstü,Uzun Kuyruk,Erkek,Kulüp,Takım Sporu,Avrupa,Yabancı,Yok,TV+ Var,Yıllık,Sürekli Lig,Takım Jenerik,Bilgi,Takım,Jenerik,Türkçe,Body,Takım Jenerik,Uzun Kuyruk,10,LOW,0,,,,evet,10,10,40,10,10,10,40,10,10,10,10,10,,hayır,Doğrulanacak
almaty,Şampiyonlar Ligi Elemeleri,Futbol,Lig,Kıta Üstü,Uzun Kuyruk,Erkek,Kulüp,Takım Sporu,Avrupa,Yabancı,Yok,TV+ Var,Yıllık,Sürekli Lig,Takım Jenerik,Bilgi,Takım,Jenerik,İngilizce,Head,Takım Jenerik,Uzun Kuyruk,6600,LOW,11,0.77,0.33,2.91,evet,6600,5400,5400,4400,5400,4400,5400,5400,5400,6600,9900,14800,,hayır,Doğrulanacak
amine benchaib,Şampiyonlar Ligi Elemeleri,Futbol,Lig,Kıta Üstü,Uzun Kuyruk,Erkek,Kulüp,Takım Sporu,Avrupa,Yabancı,Yok,TV+ Var,Yıllık,Sürekli Lig,Takım Jenerik,Bilgi,Takım,Jenerik,İngilizce,Head,Takım Jenerik,Uzun Kuyruk,10,LOW,0,,,,evet,20,10,10,10,10,10,10,10,10,10,10,10,,hayır,Şüpheli (kişi adı olabilir)
anderson talisca,Şampiyonlar Ligi Elemeleri,Futbol,Lig,Kıta Üstü,Uzun Kuyruk,Erkek,Kulüp,Takım Sporu,Avrupa,Yabancı,Yok,TV+ Var,Yıllık,Sürekli Lig,Takım Jenerik,Bilgi,Takım,Jenerik,İngilizce,Head,Takım Jenerik,Uzun Kuyruk,14800,LOW,0,,0.1,1.14,evet,9900,4400,12100,14800,8100,27100,22200,27100,8100,6600,9900,22200,,hayır,Şüpheli (kişi adı olabilir)
andreas helmersen,Şampiyonlar Ligi Elemeleri,Futbol,Lig,Kıta Üstü,Uzun Kuyruk,Erkek,Kulüp,Takım Sporu,Avrupa,Yabancı,Yok,TV+ Var,Yıllık,Sürekli Lig,Takım Jenerik,Bilgi,Takım,Jenerik,İngilizce,Head,Takım Jenerik,Uzun Kuyruk,210,LOW,0,,,,evet,90,20,50,70,210,210,110,40,90,1600,40,50,,hayır,Şüpheli (kişi adı olabilir)
armstrong oko-flex,Şampiyonlar Ligi Elemeleri,Futbol,Lig,Kıta Üstü,Uzun Kuyruk,Erkek,Kulüp,Takım Sporu,Avrupa,Yabancı,Yok,TV+ Var,Yıllık,Sürekli Lig,Takım Jenerik,Bilgi,Takım,Jenerik,İngilizce,Head,Takım Jenerik,Uzun Kuyruk,10,LOW,0,,,,evet,20,10,10,10,0,10,10,10,10,10,0,10,,hayır,Şüpheli (kişi adı olabilir)
aspmyra stadion,Şampiyonlar Ligi Elemeleri,Futbol,Lig,Kıta Üstü,Uzun Kuyruk,Erkek,Kulüp,Takım Sporu,Avrupa,Yabancı,Yok,TV+ Var,Yıllık,Sürekli Lig,Takım Jenerik,Bilgi,Takım,Jenerik,İngilizce,Head,Takım Jenerik,Uzun Kuyruk,1300,LOW,0,,,,evet,90,40,140,170,5400,2900,1900,170,1300,2400,880,590,,hayır,Şüpheli (kişi adı olabilir)
bank respublika arena,Şampiyonlar Ligi Elemeleri,Futbol,Lig,Kıta Üstü,Uzun Kuyruk,Erkek,Kulüp,Takım Sporu,Avrupa,Yabancı,Yok,TV+ Var,Yıllık,Sürekli Lig,Takım Jenerik,Bilgi,Takım,Jenerik,İngilizce,Body,Takım Jenerik,Uzun Kuyruk,70,LOW,0,,,,evet,140,50,70,90,50,50,70,50,40,40,30,110,,hayır,Doğrulanacak
belgrade,Şampiyonlar Ligi Elemeleri,Futbol,Lig,Kıta Üstü,Uzun Kuyruk,Erkek,Kulüp,Takım Sporu,Avrupa,Yabancı,Yok,TV+ Var,Yıllık,Sürekli Lig,Takım Jenerik,Bilgi,Takım,Jenerik,İngilizce,Head,Takım Jenerik,Uzun Kuyruk,4400,LOW,14,0.73,0.2,1.12,evet,4400,3600,4400,4400,4400,3600,3600,4400,3600,4400,4400,4400,,hayır,Doğrulanacak
bob nii armah,Şampiyonlar Ligi Elemeleri,Futbol,Lig,Kıta Üstü,Uzun Kuyruk,Erkek,Kulüp,Takım Sporu,Avrupa,Yabancı,Yok,TV+ Var,Yıllık,Sürekli Lig,Takım Jenerik,Bilgi,Takım,Jenerik,İngilizce,Body,Takım Jenerik,Uzun Kuyruk,10,LOW,0,,,,evet,20,10,20,10,10,10,10,10,10,10,0,10,,hayır,Doğrulanacak
bodø,Şampiyonlar Ligi Elemeleri,Futbol,Lig,Kıta Üstü,Uzun Kuyruk,Erkek,Kulüp,Takım Sporu,Avrupa,Yabancı,Yok,TV+ Var,Yıllık,Sürekli Lig,Takım Jenerik,Bilgi,Takım,Jenerik,Türkçe,Head,Takım Jenerik,Uzun Kuyruk,1600,LOW,4,,0.23,1.3,evet,590,260,390,320,2900,2400,1300,480,720,8100,880,1000,,hayır,Doğrulanacak
bratislava,Şampiyonlar Ligi Elemeleri,Futbol,Lig,Kıta Üstü,Uzun Kuyruk,Erkek,Kulüp,Takım Sporu,Avrupa,Yabancı,Yok,TV+ Var,Yıllık,Sürekli Lig,Takım Jenerik,Bilgi,Takım,Jenerik,İngilizce,Head,Takım Jenerik,Uzun Kuyruk,18100,LOW,12,0.7,0.19,1.36,evet,22200,18100,22200,18100,22200,18100,14800,18100,14800,18100,18100,18100,,hayır,Doğrulanacak
brighton labeau,Şampiyonlar Ligi Elemeleri,Futbol,Lig,Kıta Üstü,Uzun Kuyruk,Erkek,Kulüp,Takım Sporu,Avrupa,Yabancı,Yok,TV+ Var,Yıllık,Sürekli Lig,Takım Jenerik,Bilgi,Takım,Jenerik,İngilizce,Head,Takım Jenerik,Uzun Kuyruk,20,LOW,0,,,,evet,40,10,20,10,40,30,30,30,10,20,10,20,,hayır,Şüpheli (kişi adı olabilir)
cs universitatea craiova,Şampiyonlar Ligi Elemeleri,Futbol,Lig,Kıta Üstü,Uzun Kuyruk,Erkek,Kulüp,Takım Sporu,Avrupa,Yabancı,Yok,TV+ Var,Yıllık,Sürekli Lig,Takım Jenerik,Bilgi,Takım,Jenerik,İngilizce,Body,Takım Jenerik,Uzun Kuyruk,12100,LOW,1,,,,evet,2900,720,2400,1900,1900,5400,12100,12100,6600,4400,2400,90500,,hayır,Doğrulanacak
celje,Şampiyonlar Ligi Elemeleri,Futbol,Lig,Kıta Üstü,Uzun Kuyruk,Erkek,Kulüp,Takım Sporu,Avrupa,Yabancı,Yok,TV+ Var,Yıllık,Sürekli Lig,Takım Jenerik,Bilgi,Takım,Jenerik,İngilizce,Head,Takım Jenerik,Uzun Kuyruk,5400,LOW,1,,0.29,0.74,evet,6600,390,1600,1900,6600,6600,1600,4400,8100,8100,3600,12100,,hayır,Doğrulanacak
celtic,Şampiyonlar Ligi Elemeleri,Futbol,Lig,Kıta Üstü,Uzun Kuyruk,Erkek,Kulüp,Takım Sporu,Avrupa,Yabancı,Yok,TV+ Var,Yıllık,Sürekli Lig,Takım Jenerik,Bilgi,Takım,Jenerik,İngilizce,Head,Takım Jenerik,Uzun Kuyruk,74000,LOW,1,0.39,0.22,1.72,evet,22200,9900,201000,33100,60500,90500,74000,74000,49500,60500,40500,201000,,hayır,Kulüp
craiova,Şampiyonlar Ligi Elemeleri,Futbol,Lig,Kıta Üstü,Uzun Kuyruk,Erkek,Kulüp,Takım Sporu,Avrupa,Yabancı,Yok,TV+ Var,Yıllık,Sürekli Lig,Takım Jenerik,Bilgi,Takım,Jenerik,İngilizce,Head,Takım Jenerik,Uzun Kuyruk,2900,LOW,3,0.19,0.13,1.01,evet,1900,1300,1300,1600,1600,1600,1300,1900,1600,1300,1600,14800,,hayır,Doğrulanacak
davide massa,Şampiyonlar Ligi Elemeleri,Futbol,Lig,Kıta Üstü,Uzun Kuyruk,Erkek,Kulüp,Takım Sporu,Avrupa,Yabancı,Yok,TV+ Var,Yıllık,Sürekli Lig,Takım Jenerik,Bilgi,Takım,Jenerik,İngilizce,Head,Takım Jenerik,Uzun Kuyruk,590,LOW,0,,,,evet,70,50,170,260,170,170,320,110,170,390,5400,50,,hayır,Şüpheli (kişi adı olabilir)
dion drena beljo,Şampiyonlar Ligi Elemeleri,Futbol,Lig,Kıta Üstü,Uzun Kuyruk,Erkek,Kulüp,Takım Sporu,Avrupa,Yabancı,Yok,TV+ Var,Yıllık,Sürekli Lig,Takım Jenerik,Bilgi,Takım,Jenerik,İngilizce,Body,Takım Jenerik,Uzun Kuyruk,590,LOW,0,,,,evet,210,260,390,320,260,320,320,70,30,140,4400,90,,hayır,Doğrulanacak
dublin,Şampiyonlar Ligi Elemeleri,Futbol,Lig,Kıta Üstü,Uzun Kuyruk,Erkek,Kulüp,Takım Sporu,Avrupa,Yabancı,Yok,TV+ Var,Yıllık,Sürekli Lig,Takım Jenerik,Bilgi,Takım,Jenerik,İngilizce,Head,Takım Jenerik,Uzun Kuyruk,22200,LOW,9,0.62,0.17,1.25,evet,18100,18100,18100,22200,22200,18100,22200,18100,18100,22200,18100,27100,,hayır,Doğrulanacak
décines-charpieu,Şampiyonlar Ligi Elemeleri,Futbol,Lig,Kıta Üstü,Uzun Kuyruk,Erkek,Kulüp,Takım Sporu,Avrupa,Yabancı,Yok,TV+ Var,Yıllık,Sürekli Lig,Takım Jenerik,Bilgi,Takım,Jenerik,Türkçe,Head,Takım Jenerik,Uzun Kuyruk,140,LOW,4,0.38,,,evet,110,50,110,210,260,140,210,140,70,70,110,90,,hayır,Doğrulanacak
egnatia arena,Şampiyonlar Ligi Elemeleri,Futbol,Lig,Kıta Üstü,Uzun Kuyruk,Erkek,Kulüp,Takım Sporu,Avrupa,Yabancı,Yok,TV+ Var,Yıllık,Sürekli Lig,Takım Jenerik,Bilgi,Takım,Jenerik,İngilizce,Head,Takım Jenerik,Uzun Kuyruk,10,LOW,0,,,,evet,10,0,0,10,0,0,0,0,0,10,10,10,,hayır,Şüpheli (kişi adı olabilir)
eneo bitri,Şampiyonlar Ligi Elemeleri,Futbol,Lig,Kıta Üstü,Uzun Kuyruk,Erkek,Kulüp,Takım Sporu,Avrupa,Yabancı,Yok,TV+ Var,Yıllık,Sürekli Lig,Takım Jenerik,Bilgi,Takım,Jenerik,İngilizce,Head,Takım Jenerik,Uzun Kuyruk,10,LOW,0,,,,evet,10,0,10,10,10,10,0,10,10,10,10,10,,hayır,Şüpheli (kişi adı olabilir)
europa sports park,Şampiyonlar Ligi Elemeleri,Futbol,Lig,Kıta Üstü,Uzun Kuyruk,Erkek,Kulüp,Takım Sporu,Avrupa,Yabancı,Yok,TV+ Var,Yıllık,Sürekli Lig,Takım Jenerik,Bilgi,Takım,Jenerik,İngilizce,Body,Takım Jenerik,Uzun Kuyruk,10,LOW,0,,,,evet,10,10,10,10,10,0,10,0,10,10,10,10,,hayır,Doğrulanacak
fc ararat-armenia,Şampiyonlar Ligi Elemeleri,Futbol,Lig,Kıta Üstü,Uzun Kuyruk,Erkek,Kulüp,Takım Sporu,Avrupa,Yabancı,Yok,TV+ Var,Yıllık,Sürekli Lig,Takım Jenerik,Bilgi,Takım,Jenerik,İngilizce,Head,Takım Jenerik,Uzun Kuyruk,70,LOW,0,,,,evet,320,10,30,70,40,10,10,10,30,30,70,140,,hayır,Kulüp
fc iberia 1999,Şampiyonlar Ligi Elemeleri,Futbol,Lig,Kıta Üstü,Uzun Kuyruk,Erkek,Kulüp,Takım Sporu,Avrupa,Yabancı,Yok,TV+ Var,Yıllık,Sürekli Lig,Takım Jenerik,Bilgi,Takım,Jenerik,İngilizce,Body,Takım Jenerik,Uzun Kuyruk,90,LOW,0,,,,evet,390,260,70,50,40,90,40,20,70,50,50,70,,hayır,Kulüp
fc kairat,Şampiyonlar Ligi Elemeleri,Futbol,Lig,Kıta Üstü,Uzun Kuyruk,Erkek,Kulüp,Takım Sporu,Avrupa,Yabancı,Yok,TV+ Var,Yıllık,Sürekli Lig,Takım Jenerik,Bilgi,Takım,Jenerik,İngilizce,Head,Takım Jenerik,Uzun Kuyruk,27100,LOW,0,,,,evet,9900,1900,2900,1900,3600,4400,27100,14800,22200,33100,74000,135000,,hayır,Kulüp
fc thun,Şampiyonlar Ligi Elemeleri,Futbol,Lig,Kıta Üstü,Uzun Kuyruk,Erkek,Kulüp,Takım Sporu,Avrupa,Yabancı,Yok,TV+ Var,Yıllık,Sürekli Lig,Takım Jenerik,Bilgi,Takım,Jenerik,İngilizce,Head,Takım Jenerik,Uzun Kuyruk,4400,LOW,0,,,,evet,4400,720,18100,2400,3600,6600,1900,2900,2400,2400,880,2900,,hayır,Kulüp
fk bodø glimt,Şampiyonlar Ligi Elemeleri,Futbol,Lig,Kıta Üstü,Uzun Kuyruk,Erkek,Kulüp,Takım Sporu,Avrupa,Yabancı,Yok,TV+ Var,Yıllık,Sürekli Lig,Takım Jenerik,Bilgi,Takım,Jenerik,Türkçe,Head,Takım Jenerik,Uzun Kuyruk,3600,LOW,1,,,,evet,390,90,390,480,3600,3600,12100,1000,1600,18100,3600,1300,,hayır,Kulüp
fk kauno žalgiris,Şampiyonlar Ligi Elemeleri,Futbol,Lig,Kıta Üstü,Uzun Kuyruk,Erkek,Kulüp,Takım Sporu,Avrupa,Yabancı,Yok,TV+ Var,Yıllık,Sürekli Lig,Takım Jenerik,Bilgi,Takım,Jenerik,Türkçe,Body,Takım Jenerik,Uzun Kuyruk,140,LOW,0,,,,evet,390,260,170,90,70,70,40,90,70,140,70,170,,hayır,Kulüp
filip jagiełło,Şampiyonlar Ligi Elemeleri,Futbol,Lig,Kıta Üstü,Uzun Kuyruk,Erkek,Kulüp,Takım Sporu,Avrupa,Yabancı,Yok,TV+ Var,Yıllık,Sürekli Lig,Takım Jenerik,Bilgi,Takım,Jenerik,Türkçe,Head,Takım Jenerik,Uzun Kuyruk,10,LOW,0,,,,evet,10,10,10,10,10,10,10,10,10,10,10,20,,hayır,Şüpheli (kişi adı olabilir)
frederik tingager,Şampiyonlar Ligi Elemeleri,Futbol,Lig,Kıta Üstü,Uzun Kuyruk,Erkek,Kulüp,Takım Sporu,Avrupa,Yabancı,Yok,TV+ Var,Yıllık,Sürekli Lig,Takım Jenerik,Bilgi,Takım,Jenerik,İngilizce,Head,Takım Jenerik,Uzun Kuyruk,10,LOW,0,,,,evet,10,10,10,10,10,10,10,10,10,10,10,10,,hayır,Şüpheli (kişi adı olabilir)
gnk dinamo zagreb,Şampiyonlar Ligi Elemeleri,Futbol,Lig,Kıta Üstü,Uzun Kuyruk,Erkek,Kulüp,Takım Sporu,Avrupa,Yabancı,Yok,TV+ Var,Yıllık,Sürekli Lig,Takım Jenerik,Bilgi,Takım,Jenerik,İngilizce,Body,Takım Jenerik,Uzun Kuyruk,40500,LOW,0,,,,evet,3600,590,2400,1900,2400,14800,74000,18100,40500,110000,201000,6600,,hayır,Kulüp
gibraltar,Şampiyonlar Ligi Elemeleri,Futbol,Lig,Kıta Üstü,Uzun Kuyruk,Erkek,Kulüp,Takım Sporu,Avrupa,Yabancı,Yok,TV+ Var,Yıllık,Sürekli Lig,Takım Jenerik,Bilgi,Takım,Jenerik,İngilizce,Head,Takım Jenerik,Uzun Kuyruk,4400,LOW,3,0.28,0.17,1.68,evet,5400,4400,3600,4400,4400,4400,3600,3600,4400,5400,3600,3600,,hayır,Doğrulanacak
glenn nyberg,Şampiyonlar Ligi Elemeleri,Futbol,Lig,Kıta Üstü,Uzun Kuyruk,Erkek,Kulüp,Takım Sporu,Avrupa,Yabancı,Yok,TV+ Var,Yıllık,Sürekli Lig,Takım Jenerik,Bilgi,Takım,Jenerik,İngilizce,Head,Takım Jenerik,Uzun Kuyruk,210,LOW,0,,,,evet,590,170,140,90,70,70,30,90,40,50,90,880,,hayır,Şüpheli (kişi adı olabilir)
goffertstadion,Şampiyonlar Ligi Elemeleri,Futbol,Lig,Kıta Üstü,Uzun Kuyruk,Erkek,Kulüp,Takım Sporu,Avrupa,Yabancı,Yok,TV+ Var,Yıllık,Sürekli Lig,Takım Jenerik,Bilgi,Takım,Jenerik,İngilizce,Head,Takım Jenerik,Uzun Kuyruk,20,LOW,1,,,,evet,30,20,20,20,30,30,10,20,10,10,50,40,,hayır,Doğrulanacak
graz,Şampiyonlar Ligi Elemeleri,Futbol,Lig,Kıta Üstü,Uzun Kuyruk,Erkek,Kulüp,Takım Sporu,Avrupa,Yabancı,Yok,TV+ Var,Yıllık,Sürekli Lig,Takım Jenerik,Bilgi,Takım,Jenerik,İngilizce,Head,Takım Jenerik,Uzun Kuyruk,4400,LOW,8,0.92,0.18,2.21,evet,6600,4400,4400,5400,5400,4400,3600,4400,4400,5400,4400,5400,,hayır,Doğrulanacak
haladás sportkomplexum,Şampiyonlar Ligi Elemeleri,Futbol,Lig,Kıta Üstü,Uzun Kuyruk,Erkek,Kulüp,Takım Sporu,Avrupa,Yabancı,Yok,TV+ Var,Yıllık,Sürekli Lig,Takım Jenerik,Bilgi,Takım,Jenerik,Türkçe,Head,Takım Jenerik,Uzun Kuyruk,10,LOW,0,,,,evet,30,40,0,0,0,10,10,10,0,10,10,10,,hayır,Şüpheli (kişi adı olabilir)
hapoel be'er sheva,Şampiyonlar Ligi Elemeleri,Futbol,Lig,Kıta Üstü,Uzun Kuyruk,Erkek,Kulüp,Takım Sporu,Avrupa,Yabancı,Yok,TV+ Var,Yıllık,Sürekli Lig,Takım Jenerik,Bilgi,Takım,Jenerik,İngilizce,Body,Takım Jenerik,Uzun Kuyruk,590,LOW,0,,,,evet,2400,140,1000,390,140,390,390,480,260,390,260,260,,hayır,Kulüp
hällevik,Şampiyonlar Ligi Elemeleri,Futbol,Lig,Kıta Üstü,Uzun Kuyruk,Erkek,Kulüp,Takım Sporu,Avrupa,Yabancı,Yok,TV+ Var,Yıllık,Sürekli Lig,Takım Jenerik,Bilgi,Takım,Jenerik,Türkçe,Head,Takım Jenerik,Uzun Kuyruk,70,LOW,5,,,,evet,10,10,10,10,10,10,10,10,20,480,260,40,,hayır,Doğrulanacak
igor zlatanović,Şampiyonlar Ligi Elemeleri,Futbol,Lig,Kıta Üstü,Uzun Kuyruk,Erkek,Kulüp,Takım Sporu,Avrupa,Yabancı,Yok,TV+ Var,Yıllık,Sürekli Lig,Takım Jenerik,Bilgi,Takım,Jenerik,Türkçe,Head,Takım Jenerik,Uzun Kuyruk,10,LOW,0,,,,evet,10,10,10,0,0,0,10,10,0,10,10,10,,hayır,Şüpheli (kişi adı olabilir)
inver park,Şampiyonlar Ligi Elemeleri,Futbol,Lig,Kıta Üstü,Uzun Kuyruk,Erkek,Kulüp,Takım Sporu,Avrupa,Yabancı,Yok,TV+ Var,Yıllık,Sürekli Lig,Takım Jenerik,Bilgi,Takım,Jenerik,İngilizce,Head,Takım Jenerik,Uzun Kuyruk,10,LOW,0,,,,evet,40,10,10,10,10,10,10,10,10,10,10,10,,hayır,Şüpheli (kişi adı olabilir)
istanbul,Şampiyonlar Ligi Elemeleri,Futbol,Lig,Kıta Üstü,Uzun Kuyruk,Erkek,Kulüp,Takım Sporu,Avrupa,Yabancı,Yok,TV+ Var,Yıllık,Sürekli Lig,Takım Jenerik,Bilgi,Takım,Jenerik,İngilizce,Head,Takım Jenerik,Uzun Kuyruk,1000000,LOW,3,0.41,0.12,0.6,evet,1000000,1000000,1000000,1000000,1000000,1000000,1500000,823000,550000,1830000,1220000,1220000,,hayır,Şüpheli (yer/genel kelime)
istván kovács,Şampiyonlar Ligi Elemeleri,Futbol,Lig,Kıta Üstü,Uzun Kuyruk,Erkek,Kulüp,Takım Sporu,Avrupa,Yabancı,Yok,TV+ Var,Yıllık,Sürekli Lig,Takım Jenerik,Bilgi,Takım,Jenerik,Türkçe,Head,Takım Jenerik,Uzun Kuyruk,320,LOW,0,,,,evet,390,260,210,390,210,90,1000,110,260,210,170,590,,hayır,Şüpheli (kişi adı olabilir)
javon east,Şampiyonlar Ligi Elemeleri,Futbol,Lig,Kıta Üstü,Uzun Kuyruk,Erkek,Kulüp,Takım Sporu,Avrupa,Yabancı,Yok,TV+ Var,Yıllık,Sürekli Lig,Takım Jenerik,Bilgi,Takım,Jenerik,İngilizce,Head,Takım Jenerik,Uzun Kuyruk,10,LOW,0,,,,evet,10,10,10,10,10,10,10,10,10,10,10,10,,hayır,Şüpheli (kişi adı olabilir)
josé maría sánchez martínez,Şampiyonlar Ligi Elemeleri,Futbol,Lig,Kıta Üstü,Uzun Kuyruk,Erkek,Kulüp,Takım Sporu,Avrupa,Yabancı,Yok,TV+ Var,Yıllık,Sürekli Lig,Takım Jenerik,Bilgi,Takım,Jenerik,Türkçe,Body,Takım Jenerik,Uzun Kuyruk,70,LOW,0,,,,evet,10,10,20,20,20,10,10,140,480,10,10,10,,hayır,Doğrulanacak
joy-lance mickels,Şampiyonlar Ligi Elemeleri,Futbol,Lig,Kıta Üstü,Uzun Kuyruk,Erkek,Kulüp,Takım Sporu,Avrupa,Yabancı,Yok,TV+ Var,Yıllık,Sürekli Lig,Takım Jenerik,Bilgi,Takım,Jenerik,İngilizce,Head,Takım Jenerik,Uzun Kuyruk,170,LOW,0,,,,evet,70,50,590,260,170,170,140,210,40,50,20,50,,hayır,Şüpheli (kişi adı olabilir)
kf egnatia rrogozhinë,Şampiyonlar Ligi Elemeleri,Futbol,Lig,Kıta Üstü,Uzun Kuyruk,Erkek,Kulüp,Takım Sporu,Avrupa,Yabancı,Yok,TV+ Var,Yıllık,Sürekli Lig,Takım Jenerik,Bilgi,Takım,Jenerik,Türkçe,Body,Takım Jenerik,Uzun Kuyruk,20,LOW,0,,,,evet,90,0,10,10,10,10,10,10,10,10,20,30,,hayır,Kulüp
kaunas,Şampiyonlar Ligi Elemeleri,Futbol,Lig,Kıta Üstü,Uzun Kuyruk,Erkek,Kulüp,Takım Sporu,Avrupa,Yabancı,Yok,TV+ Var,Yıllık,Sürekli Lig,Takım Jenerik,Bilgi,Takım,Jenerik,İngilizce,Head,Takım Jenerik,Uzun Kuyruk,2400,LOW,8,0.78,0.25,2.35,evet,1900,1900,4400,2900,2400,1900,1900,1900,1600,2400,1900,1900,,hayır,Doğrulanacak
klaksvík,Şampiyonlar Ligi Elemeleri,Futbol,Lig,Kıta Üstü,Uzun Kuyruk,Erkek,Kulüp,Takım Sporu,Avrupa,Yabancı,Yok,TV+ Var,Yıllık,Sürekli Lig,Takım Jenerik,Bilgi,Takım,Jenerik,Türkçe,Head,Takım Jenerik,Uzun Kuyruk,40,LOW,1,,,,evet,90,20,30,20,30,20,30,30,30,50,40,50,,hayır,Doğrulanacak
kristian arnstad,Şampiyonlar Ligi Elemeleri,Futbol,Lig,Kıta Üstü,Uzun Kuyruk,Erkek,Kulüp,Takım Sporu,Avrupa,Yabancı,Yok,TV+ Var,Yıllık,Sürekli Lig,Takım Jenerik,Bilgi,Takım,Jenerik,İngilizce,Head,Takım Jenerik,Uzun Kuyruk,110,LOW,0,,,,evet,140,50,90,70,140,90,110,110,260,90,20,20,,hayır,Şüpheli (kişi adı olabilir)
kuopio,Şampiyonlar Ligi Elemeleri,Futbol,Lig,Kıta Üstü,Uzun Kuyruk,Erkek,Kulüp,Takım Sporu,Avrupa,Yabancı,Yok,TV+ Var,Yıllık,Sürekli Lig,Takım Jenerik,Bilgi,Takım,Jenerik,İngilizce,Head,Takım Jenerik,Uzun Kuyruk,320,LOW,4,0.26,0.12,0.81,evet,390,320,260,260,320,320,320,480,210,260,170,320,,hayır,Doğrulanacak
lask,Şampiyonlar Ligi Elemeleri,Futbol,Lig,Kıta Üstü,Uzun Kuyruk,Erkek,Kulüp,Takım Sporu,Avrupa,Yabancı,Yok,TV+ Var,Yıllık,Sürekli Lig,Takım Jenerik,Bilgi,Takım,Jenerik,İngilizce,Head,Takım Jenerik,Uzun Kuyruk,12100,LOW,1,0.43,0.21,0.34,evet,90500,1900,14800,6600,6600,4400,2900,1900,2900,2900,2400,6600,,hayır,Doğrulanacak
lech poznań,Şampiyonlar Ligi Elemeleri,Futbol,Lig,Kıta Üstü,Uzun Kuyruk,Erkek,Kulüp,Takım Sporu,Avrupa,Yabancı,Yok,TV+ Var,Yıllık,Sürekli Lig,Takım Jenerik,Bilgi,Takım,Jenerik,Türkçe,Head,Takım Jenerik,Uzun Kuyruk,18100,LOW,0,0.67,0.18,2.41,evet,40500,5400,9900,9900,27100,18100,5400,18100,14800,22200,8100,27100,,hayır,Kulüp
lukas kačavenda,Şampiyonlar Ligi Elemeleri,Futbol,Lig,Kıta Üstü,Uzun Kuyruk,Erkek,Kulüp,Takım Sporu,Avrupa,Yabancı,Yok,TV+ Var,Yıllık,Sürekli Lig,Takım Jenerik,Bilgi,Takım,Jenerik,Türkçe,Head,Takım Jenerik,Uzun Kuyruk,10,LOW,0,,,,evet,20,10,10,0,10,10,10,0,10,0,10,10,,hayır,Şüpheli (kişi adı olabilir)
marc gual,Şampiyonlar Ligi Elemeleri,Futbol,Lig,Kıta Üstü,Uzun Kuyruk,Erkek,Kulüp,Takım Sporu,Avrupa,Yabancı,Yok,TV+ Var,Yıllık,Sürekli Lig,Takım Jenerik,Bilgi,Takım,Jenerik,İngilizce,Head,Takım Jenerik,Uzun Kuyruk,30,LOW,0,,,,evet,70,20,10,10,10,20,10,20,10,20,50,110,,hayır,Şüpheli (kişi adı olabilir)
mario kvesić,Şampiyonlar Ligi Elemeleri,Futbol,Lig,Kıta Üstü,Uzun Kuyruk,Erkek,Kulüp,Takım Sporu,Avrupa,Yabancı,Yok,TV+ Var,Yıllık,Sürekli Lig,Takım Jenerik,Bilgi,Takım,Jenerik,Türkçe,Head,Takım Jenerik,Uzun Kuyruk,10,LOW,0,,,,evet,20,0,0,0,10,10,10,10,10,10,10,20,,hayır,Şüpheli (kişi adı olabilir)
masazir,Şampiyonlar Ligi Elemeleri,Futbol,Lig,Kıta Üstü,Uzun Kuyruk,Erkek,Kulüp,Takım Sporu,Avrupa,Yabancı,Yok,TV+ Var,Yıllık,Sürekli Lig,Takım Jenerik,Bilgi,Takım,Jenerik,İngilizce,Head,Takım Jenerik,Uzun Kuyruk,70,LOW,1,,,,evet,70,70,70,90,70,70,50,50,50,50,50,70,,hayır,Doğrulanacak
mason greenwood,Şampiyonlar Ligi Elemeleri,Futbol,Lig,Kıta Üstü,Uzun Kuyruk,Erkek,Kulüp,Takım Sporu,Avrupa,Yabancı,Yok,TV+ Var,Yıllık,Sürekli Lig,Takım Jenerik,Bilgi,Takım,Jenerik,İngilizce,Head,Takım Jenerik,Uzun Kuyruk,135000,LOW,1,0.48,0.23,0.56,evet,1220000,246000,74000,4400,5400,4400,6600,8100,5400,9900,4400,5400,,hayır,Şüpheli (kişi adı olabilir)
mateo lisica,Şampiyonlar Ligi Elemeleri,Futbol,Lig,Kıta Üstü,Uzun Kuyruk,Erkek,Kulüp,Takım Sporu,Avrupa,Yabancı,Yok,TV+ Var,Yıllık,Sürekli Lig,Takım Jenerik,Bilgi,Takım,Jenerik,İngilizce,Head,Takım Jenerik,Uzun Kuyruk,90,LOW,0,,,,evet,30,30,20,20,20,30,30,20,20,70,720,30,,hayır,Şüpheli (kişi adı olabilir)
maurizio mariani,Şampiyonlar Ligi Elemeleri,Futbol,Lig,Kıta Üstü,Uzun Kuyruk,Erkek,Kulüp,Takım Sporu,Avrupa,Yabancı,Yok,TV+ Var,Yıllık,Sürekli Lig,Takım Jenerik,Bilgi,Takım,Jenerik,İngilizce,Head,Takım Jenerik,Uzun Kuyruk,260,LOW,0,,,,evet,260,480,390,320,260,1000,50,70,140,40,90,40,,hayır,Şüpheli (kişi adı olabilir)
michael oliver,Şampiyonlar Ligi Elemeleri,Futbol,Lig,Kıta Üstü,Uzun Kuyruk,Erkek,Kulüp,Takım Sporu,Avrupa,Yabancı,Yok,TV+ Var,Yıllık,Sürekli Lig,Takım Jenerik,Bilgi,Takım,Jenerik,İngilizce,Head,Takım Jenerik,Uzun Kuyruk,4400,LOW,0,,,,evet,5400,2400,1600,5400,22200,1300,1300,1000,1300,9900,8100,720,,hayır,Şüpheli (kişi adı olabilir)
miha zajc,Şampiyonlar Ligi Elemeleri,Futbol,Lig,Kıta Üstü,Uzun Kuyruk,Erkek,Kulüp,Takım Sporu,Avrupa,Yabancı,Yok,TV+ Var,Yıllık,Sürekli Lig,Takım Jenerik,Bilgi,Takım,Jenerik,İngilizce,Head,Takım Jenerik,Uzun Kuyruk,12100,LOW,0,,,,evet,1900,1300,1900,1900,2400,2400,2900,22200,1900,3600,33100,60500,,hayır,Şüpheli (kişi adı olabilir)
mjällby aif,Şampiyonlar Ligi Elemeleri,Futbol,Lig,Kıta Üstü,Uzun Kuyruk,Erkek,Kulüp,Takım Sporu,Avrupa,Yabancı,Yok,TV+ Var,Yıllık,Sürekli Lig,Takım Jenerik,Bilgi,Takım,Jenerik,Türkçe,Head,Takım Jenerik,Uzun Kuyruk,2400,LOW,0,,,,evet,6600,1300,3600,1000,390,480,590,590,1600,8100,3600,2900,,hayır,Şüpheli (kişi adı olabilir)
nec nijmegen,Şampiyonlar Ligi Elemeleri,Futbol,Lig,Kıta Üstü,Uzun Kuyruk,Erkek,Kulüp,Takım Sporu,Avrupa,Yabancı,Yok,TV+ Var,Yıllık,Sürekli Lig,Takım Jenerik,Bilgi,Takım,Jenerik,İngilizce,Head,Takım Jenerik,Uzun Kuyruk,8100,LOW,6,0.58,0.36,1.67,evet,18100,2400,9900,6600,12100,14800,5400,5400,3600,2900,2900,6600,,hayır,Şüpheli (kişi adı olabilir)
nk celje,Şampiyonlar Ligi Elemeleri,Futbol,Lig,Kıta Üstü,Uzun Kuyruk,Erkek,Kulüp,Takım Sporu,Avrupa,Yabancı,Yok,TV+ Var,Yıllık,Sürekli Lig,Takım Jenerik,Bilgi,Takım,Jenerik,İngilizce,Head,Takım Jenerik,Uzun Kuyruk,14800,LOW,0,,,,evet,5400,480,1600,2900,8100,9900,4400,22200,90500,22200,3600,9900,,hayır,Kulüp
nicușor bancu,Şampiyonlar Ligi Elemeleri,Futbol,Lig,Kıta Üstü,Uzun Kuyruk,Erkek,Kulüp,Takım Sporu,Avrupa,Yabancı,Yok,TV+ Var,Yıllık,Sürekli Lig,Takım Jenerik,Bilgi,Takım,Jenerik,Türkçe,Head,Takım Jenerik,Uzun Kuyruk,170,LOW,0,,,,evet,10,10,10,10,1600,10,10,10,90,10,10,210,,hayır,Şüpheli (kişi adı olabilir)
nijmegen,Şampiyonlar Ligi Elemeleri,Futbol,Lig,Kıta Üstü,Uzun Kuyruk,Erkek,Kulüp,Takım Sporu,Avrupa,Yabancı,Yok,TV+ Var,Yıllık,Sürekli Lig,Takım Jenerik,Bilgi,Takım,Jenerik,İngilizce,Head,Takım Jenerik,Uzun Kuyruk,3600,LOW,6,0.61,0.19,1.25,evet,9900,1900,4400,2900,3600,3600,2900,2400,1900,1900,1900,2900,,hayır,Doğrulanacak
nika sikharulashvili,Şampiyonlar Ligi Elemeleri,Futbol,Lig,Kıta Üstü,Uzun Kuyruk,Erkek,Kulüp,Takım Sporu,Avrupa,Yabancı,Yok,TV+ Var,Yıllık,Sürekli Lig,Takım Jenerik,Bilgi,Takım,Jenerik,İngilizce,Head,Takım Jenerik,Uzun Kuyruk,10,LOW,0,,,,evet,20,0,0,0,0,10,0,10,0,10,10,0,,hayır,Şüpheli (kişi adı olabilir)
ole didrik blomberg,Şampiyonlar Ligi Elemeleri,Futbol,Lig,Kıta Üstü,Uzun Kuyruk,Erkek,Kulüp,Takım Sporu,Avrupa,Yabancı,Yok,TV+ Var,Yıllık,Sürekli Lig,Takım Jenerik,Bilgi,Takım,Jenerik,İngilizce,Body,Takım Jenerik,Uzun Kuyruk,320,LOW,0,,,,evet,50,30,90,90,1600,720,390,40,140,590,50,70,,hayır,Doğrulanacak
olympiacos,Şampiyonlar Ligi Elemeleri,Futbol,Lig,Kıta Üstü,Uzun Kuyruk,Erkek,Kulüp,Takım Sporu,Avrupa,Yabancı,Yok,TV+ Var,Yıllık,Sürekli Lig,Takım Jenerik,Bilgi,Takım,Jenerik,İngilizce,Head,Takım Jenerik,Uzun Kuyruk,74000,LOW,0,,,,evet,6600,9900,49500,22200,33100,60500,550000,74000,60500,40500,27100,12100,,hayır,Kulüp
olympique lyonnais,Şampiyonlar Ligi Elemeleri,Futbol,Lig,Kıta Üstü,Uzun Kuyruk,Erkek,Kulüp,Takım Sporu,Avrupa,Yabancı,Yok,TV+ Var,Yıllık,Sürekli Lig,Takım Jenerik,Bilgi,Takım,Jenerik,İngilizce,Head,Takım Jenerik,Uzun Kuyruk,60500,LOW,1,0.65,0.18,1.2,evet,8100,4400,49500,33100,33100,49500,246000,90500,74000,60500,22200,18100,,hayır,Şüpheli (kişi adı olabilir)
pfc levski sofia,Şampiyonlar Ligi Elemeleri,Futbol,Lig,Kıta Üstü,Uzun Kuyruk,Erkek,Kulüp,Takım Sporu,Avrupa,Yabancı,Yok,TV+ Var,Yıllık,Sürekli Lig,Takım Jenerik,Bilgi,Takım,Jenerik,İngilizce,Body,Takım Jenerik,Uzun Kuyruk,4400,LOW,0,,0.4,2.78,evet,9900,880,4400,5400,5400,3600,1600,2400,2400,2900,2400,8100,,hayır,Doğrulanacak
parc olympique lyonnais,Şampiyonlar Ligi Elemeleri,Futbol,Lig,Kıta Üstü,Uzun Kuyruk,Erkek,Kulüp,Takım Sporu,Avrupa,Yabancı,Yok,TV+ Var,Yıllık,Sürekli Lig,Takım Jenerik,Bilgi,Takım,Jenerik,İngilizce,Body,Takım Jenerik,Uzun Kuyruk,20,LOW,1,,,,evet,30,10,10,20,20,10,10,10,10,30,10,10,,hayır,Doğrulanacak
páll klettskarð,Şampiyonlar Ligi Elemeleri,Futbol,Lig,Kıta Üstü,Uzun Kuyruk,Erkek,Kulüp,Takım Sporu,Avrupa,Yabancı,Yok,TV+ Var,Yıllık,Sürekli Lig,Takım Jenerik,Bilgi,Takım,Jenerik,Türkçe,Head,Takım Jenerik,Uzun Kuyruk,10,LOW,0,,,,evet,10,10,0,10,10,10,10,0,20,40,30,10,,hayır,Şüpheli (kişi adı olabilir)
randers,Şampiyonlar Ligi Elemeleri,Futbol,Lig,Kıta Üstü,Uzun Kuyruk,Erkek,Kulüp,Takım Sporu,Avrupa,Yabancı,Yok,TV+ Var,Yıllık,Sürekli Lig,Takım Jenerik,Bilgi,Takım,Jenerik,İngilizce,Head,Takım Jenerik,Uzun Kuyruk,5400,LOW,2,0.55,0.29,0.59,evet,9900,1000,3600,4400,2900,3600,1600,2400,5400,3600,14800,5400,,hayır,Doğrulanacak
red star belgrade,Şampiyonlar Ligi Elemeleri,Futbol,Lig,Kıta Üstü,Uzun Kuyruk,Erkek,Kulüp,Takım Sporu,Avrupa,Yabancı,Yok,TV+ Var,Yıllık,Sürekli Lig,Takım Jenerik,Bilgi,Takım,Jenerik,İngilizce,Body,Takım Jenerik,Uzun Kuyruk,390,LOW,4,,,,evet,260,210,480,320,390,390,390,320,320,320,480,720,,hayır,Doğrulanacak
reykjavík,Şampiyonlar Ligi Elemeleri,Futbol,Lig,Kıta Üstü,Uzun Kuyruk,Erkek,Kulüp,Takım Sporu,Avrupa,Yabancı,Yok,TV+ Var,Yıllık,Sürekli Lig,Takım Jenerik,Bilgi,Takım,Jenerik,Türkçe,Head,Takım Jenerik,Uzun Kuyruk,480,LOW,10,0.6,0.13,0.9,evet,880,320,390,390,390,320,480,480,480,390,480,390,,hayır,Doğrulanacak
royale union saint-gilloise,Şampiyonlar Ligi Elemeleri,Futbol,Lig,Kıta Üstü,Uzun Kuyruk,Erkek,Kulüp,Takım Sporu,Avrupa,Yabancı,Yok,TV+ Var,Yıllık,Sürekli Lig,Takım Jenerik,Bilgi,Takım,Jenerik,İngilizce,Body,Takım Jenerik,Uzun Kuyruk,165000,LOW,0,,,,evet,8100,3600,27100,18100,22200,40500,201000,165000,1220000,201000,201000,33100,,hayır,Doğrulanacak
rrogozhinë,Şampiyonlar Ligi Elemeleri,Futbol,Lig,Kıta Üstü,Uzun Kuyruk,Erkek,Kulüp,Takım Sporu,Avrupa,Yabancı,Yok,TV+ Var,Yıllık,Sürekli Lig,Takım Jenerik,Bilgi,Takım,Jenerik,Türkçe,Head,Takım Jenerik,Uzun Kuyruk,10,LOW,0,,,,evet,10,10,10,10,10,10,10,10,10,10,20,10,,hayır,Doğrulanacak
sk sturm graz,Şampiyonlar Ligi Elemeleri,Futbol,Lig,Kıta Üstü,Uzun Kuyruk,Erkek,Kulüp,Takım Sporu,Avrupa,Yabancı,Yok,TV+ Var,Yıllık,Sürekli Lig,Takım Jenerik,Bilgi,Takım,Jenerik,İngilizce,Body,Takım Jenerik,Uzun Kuyruk,40500,LOW,0,0.31,0.05,0.41,evet,246000,3600,9900,14800,8100,9900,27100,18100,18100,27100,22200,40500,,hayır,Kulüp
sabah,Şampiyonlar Ligi Elemeleri,Futbol,Lig,Kıta Üstü,Uzun Kuyruk,Erkek,Kulüp,Takım Sporu,Avrupa,Yabancı,Yok,TV+ Var,Yıllık,Sürekli Lig,Takım Jenerik,Bilgi,Takım,Jenerik,İngilizce,Head,Takım Jenerik,Uzun Kuyruk,1500000,LOW,1,0.3,0.1,0.28,evet,1220000,1220000,1220000,1500000,1830000,1500000,1500000,1500000,1220000,1500000,1500000,1500000,,hayır,Şüpheli (yer/genel kelime)
sandro lima,Şampiyonlar Ligi Elemeleri,Futbol,Lig,Kıta Üstü,Uzun Kuyruk,Erkek,Kulüp,Takım Sporu,Avrupa,Yabancı,Yok,TV+ Var,Yıllık,Sürekli Lig,Takım Jenerik,Bilgi,Takım,Jenerik,İngilizce,Head,Takım Jenerik,Uzun Kuyruk,90,LOW,0,,,,evet,110,30,110,90,90,70,90,110,50,70,70,110,,hayır,Şüpheli (kişi adı olabilir)
serdar gözübüyük,Şampiyonlar Ligi Elemeleri,Futbol,Lig,Kıta Üstü,Uzun Kuyruk,Erkek,Kulüp,Takım Sporu,Avrupa,Yabancı,Yok,TV+ Var,Yıllık,Sürekli Lig,Takım Jenerik,Bilgi,Takım,Jenerik,Türkçe,Head,Takım Jenerik,Uzun Kuyruk,1900,LOW,0,,,,evet,170,260,320,1900,9900,720,2400,880,390,4400,480,210,,hayır,Şüpheli (kişi adı olabilir)
sofia,Şampiyonlar Ligi Elemeleri,Futbol,Lig,Kıta Üstü,Uzun Kuyruk,Erkek,Kulüp,Takım Sporu,Avrupa,Yabancı,Yok,TV+ Var,Yıllık,Sürekli Lig,Takım Jenerik,Bilgi,Takım,Jenerik,İngilizce,Head,Takım Jenerik,Uzun Kuyruk,9900,LOW,6,0.79,0.23,2.42,evet,12100,9900,12100,9900,9900,9900,9900,8100,8100,8100,9900,9900,,hayır,Doğrulanacak
stadion georgi asparuhov,Şampiyonlar Ligi Elemeleri,Futbol,Lig,Kıta Üstü,Uzun Kuyruk,Erkek,Kulüp,Takım Sporu,Avrupa,Yabancı,Yok,TV+ Var,Yıllık,Sürekli Lig,Takım Jenerik,Bilgi,Takım,Jenerik,İngilizce,Body,Takım Jenerik,Uzun Kuyruk,10,LOW,1,,,,evet,20,10,20,10,10,10,0,0,10,10,10,10,,hayır,Doğrulanacak
stadion maksimir,Şampiyonlar Ligi Elemeleri,Futbol,Lig,Kıta Üstü,Uzun Kuyruk,Erkek,Kulüp,Takım Sporu,Avrupa,Yabancı,Yok,TV+ Var,Yıllık,Sürekli Lig,Takım Jenerik,Bilgi,Takım,Jenerik,İngilizce,Head,Takım Jenerik,Uzun Kuyruk,260,LOW,1,,,,evet,50,50,30,20,30,40,40,50,70,70,2400,90,,hayır,Şüpheli (kişi adı olabilir)
stadion z'dežele,Şampiyonlar Ligi Elemeleri,Futbol,Lig,Kıta Üstü,Uzun Kuyruk,Erkek,Kulüp,Takım Sporu,Avrupa,Yabancı,Yok,TV+ Var,Yıllık,Sürekli Lig,Takım Jenerik,Bilgi,Takım,Jenerik,Türkçe,Head,Takım Jenerik,Uzun Kuyruk,20,LOW,0,,,,evet,20,10,10,10,20,20,10,10,70,70,20,70,,hayır,Şüpheli (kişi adı olabilir)
strandvallen,Şampiyonlar Ligi Elemeleri,Futbol,Lig,Kıta Üstü,Uzun Kuyruk,Erkek,Kulüp,Takım Sporu,Avrupa,Yabancı,Yok,TV+ Var,Yıllık,Sürekli Lig,Takım Jenerik,Bilgi,Takım,Jenerik,İngilizce,Head,Takım Jenerik,Uzun Kuyruk,90,LOW,0,,,,evet,70,10,20,20,20,20,10,20,50,480,210,50,,hayır,Doğrulanacak
suleiman camara,Şampiyonlar Ligi Elemeleri,Futbol,Lig,Kıta Üstü,Uzun Kuyruk,Erkek,Kulüp,Takım Sporu,Avrupa,Yabancı,Yok,TV+ Var,Yıllık,Sürekli Lig,Takım Jenerik,Bilgi,Takım,Jenerik,İngilizce,Head,Takım Jenerik,Uzun Kuyruk,10,LOW,0,,,,evet,20,10,30,10,10,10,40,10,10,10,10,10,,hayır,Şüpheli (kişi adı olabilir)
svit sešlar,Şampiyonlar Ligi Elemeleri,Futbol,Lig,Kıta Üstü,Uzun Kuyruk,Erkek,Kulüp,Takım Sporu,Avrupa,Yabancı,Yok,TV+ Var,Yıllık,Sürekli Lig,Takım Jenerik,Bilgi,Takım,Jenerik,Türkçe,Head,Takım Jenerik,Uzun Kuyruk,320,LOW,0,,,,evet,10,20,10,30,70,140,50,320,210,390,1000,1600,,hayır,Şüpheli (kişi adı olabilir)
szombathely,Şampiyonlar Ligi Elemeleri,Futbol,Lig,Kıta Üstü,Uzun Kuyruk,Erkek,Kulüp,Takım Sporu,Avrupa,Yabancı,Yok,TV+ Var,Yıllık,Sürekli Lig,Takım Jenerik,Bilgi,Takım,Jenerik,İngilizce,Head,Takım Jenerik,Uzun Kuyruk,210,LOW,5,,0.28,1.71,evet,320,170,210,210,260,170,140,140,210,320,260,210,,hayır,Doğrulanacak
szymon marciniak,Şampiyonlar Ligi Elemeleri,Futbol,Lig,Kıta Üstü,Uzun Kuyruk,Erkek,Kulüp,Takım Sporu,Avrupa,Yabancı,Yok,TV+ Var,Yıllık,Sürekli Lig,Takım Jenerik,Bilgi,Takım,Jenerik,İngilizce,Head,Takım Jenerik,Uzun Kuyruk,2400,LOW,0,,,,evet,2400,1000,880,1300,22200,480,320,390,390,720,590,590,,hayır,Şüpheli (kişi adı olabilir)
talisca,Şampiyonlar Ligi Elemeleri,Futbol,Lig,Kıta Üstü,Uzun Kuyruk,Erkek,Kulüp,Takım Sporu,Avrupa,Yabancı,Yok,TV+ Var,Yıllık,Sürekli Lig,Takım Jenerik,Bilgi,Takım,Jenerik,İngilizce,Head,Takım Jenerik,Uzun Kuyruk,201000,LOW,0,0.26,0.16,0.52,evet,110000,60500,165000,246000,165000,368000,301000,301000,110000,90500,165000,301000,,hayır,Doğrulanacak
tbilisi,Şampiyonlar Ligi Elemeleri,Futbol,Lig,Kıta Üstü,Uzun Kuyruk,Erkek,Kulüp,Takım Sporu,Avrupa,Yabancı,Yok,TV+ Var,Yıllık,Sürekli Lig,Takım Jenerik,Bilgi,Takım,Jenerik,İngilizce,Head,Takım Jenerik,Uzun Kuyruk,8100,LOW,12,1.16,0.19,1.57,evet,6600,6600,9900,6600,8100,6600,9900,12100,8100,6600,6600,6600,,hayır,Doğrulanacak
tehelné pole,Şampiyonlar Ligi Elemeleri,Futbol,Lig,Kıta Üstü,Uzun Kuyruk,Erkek,Kulüp,Takım Sporu,Avrupa,Yabancı,Yok,TV+ Var,Yıllık,Sürekli Lig,Takım Jenerik,Bilgi,Takım,Jenerik,Türkçe,Head,Takım Jenerik,Uzun Kuyruk,260,LOW,0,,,,evet,30,10,10,30,2400,10,10,20,140,40,390,110,,hayır,Şüpheli (kişi adı olabilir)
tobias bech,Şampiyonlar Ligi Elemeleri,Futbol,Lig,Kıta Üstü,Uzun Kuyruk,Erkek,Kulüp,Takım Sporu,Avrupa,Yabancı,Yok,TV+ Var,Yıllık,Sürekli Lig,Takım Jenerik,Bilgi,Takım,Jenerik,İngilizce,Head,Takım Jenerik,Uzun Kuyruk,210,LOW,0,,,,evet,170,390,210,140,140,140,390,260,170,110,70,90,,hayır,Şüpheli (kişi adı olabilir)
tómas kristjánsson,Şampiyonlar Ligi Elemeleri,Futbol,Lig,Kıta Üstü,Uzun Kuyruk,Erkek,Kulüp,Takım Sporu,Avrupa,Yabancı,Yok,TV+ Var,Yıllık,Sürekli Lig,Takım Jenerik,Bilgi,Takım,Jenerik,Türkçe,Head,Takım Jenerik,Uzun Kuyruk,10,LOW,0,,,,evet,10,10,10,0,10,10,0,0,0,0,0,0,,hayır,Şüpheli (kişi adı olabilir)
utc+00 00,Şampiyonlar Ligi Elemeleri,Futbol,Lig,Kıta Üstü,Uzun Kuyruk,Erkek,Kulüp,Takım Sporu,Avrupa,Yabancı,Yok,TV+ Var,Yıllık,Sürekli Lig,Takım Jenerik,Bilgi,Takım,Jenerik,Türkçe,Head,Takım Jenerik,Uzun Kuyruk,140,LOW,1,,,,evet,140,140,110,140,140,140,140,140,170,140,170,140,,hayır,Şüpheli (kişi adı olabilir)
utc+01 00,Şampiyonlar Ligi Elemeleri,Futbol,Lig,Kıta Üstü,Uzun Kuyruk,Erkek,Kulüp,Takım Sporu,Avrupa,Yabancı,Yok,TV+ Var,Yıllık,Sürekli Lig,Takım Jenerik,Bilgi,Takım,Jenerik,Türkçe,Head,Takım Jenerik,Uzun Kuyruk,70,LOW,0,,,,evet,40,30,110,40,50,40,70,70,70,70,210,70,,hayır,Şüpheli (kişi adı olabilir)
utc+03 00,Şampiyonlar Ligi Elemeleri,Futbol,Lig,Kıta Üstü,Uzun Kuyruk,Erkek,Kulüp,Takım Sporu,Avrupa,Yabancı,Yok,TV+ Var,Yıllık,Sürekli Lig,Takım Jenerik,Bilgi,Takım,Jenerik,Türkçe,Head,Takım Jenerik,Uzun Kuyruk,110,LOW,1,,,,evet,90,90,70,110,90,110,110,110,110,90,140,140,,hayır,Şüpheli (kişi adı olabilir)
utc+04 00,Şampiyonlar Ligi Elemeleri,Futbol,Lig,Kıta Üstü,Uzun Kuyruk,Erkek,Kulüp,Takım Sporu,Avrupa,Yabancı,Yok,TV+ Var,Yıllık,Sürekli Lig,Takım Jenerik,Bilgi,Takım,Jenerik,Türkçe,Head,Takım Jenerik,Uzun Kuyruk,50,LOW,1,,,,evet,50,30,70,50,50,50,20,50,50,50,70,70,,hayır,Şüpheli (kişi adı olabilir)
utc+05 00,Şampiyonlar Ligi Elemeleri,Futbol,Lig,Kıta Üstü,Uzun Kuyruk,Erkek,Kulüp,Takım Sporu,Avrupa,Yabancı,Yok,TV+ Var,Yıllık,Sürekli Lig,Takım Jenerik,Bilgi,Takım,Jenerik,Türkçe,Head,Takım Jenerik,Uzun Kuyruk,40,LOW,2,,,,evet,20,30,30,40,30,50,40,30,50,40,90,40,,hayır,Şüpheli (kişi adı olabilir)
veljko simić,Şampiyonlar Ligi Elemeleri,Futbol,Lig,Kıta Üstü,Uzun Kuyruk,Erkek,Kulüp,Takım Sporu,Avrupa,Yabancı,Yok,TV+ Var,Yıllık,Sürekli Lig,Takım Jenerik,Bilgi,Takım,Jenerik,Türkçe,Head,Takım Jenerik,Uzun Kuyruk,140,LOW,0,,,,evet,30,20,110,170,170,210,110,90,90,70,50,590,,hayır,Şüpheli (kişi adı olabilir)
viking,Şampiyonlar Ligi Elemeleri,Futbol,Lig,Kıta Üstü,Uzun Kuyruk,Erkek,Kulüp,Takım Sporu,Avrupa,Yabancı,Yok,TV+ Var,Yıllık,Sürekli Lig,Takım Jenerik,Bilgi,Takım,Jenerik,İngilizce,Head,Takım Jenerik,Uzun Kuyruk,135000,LOW,2,0.53,0.26,0.44,evet,165000,165000,201000,201000,165000,135000,165000,110000,90500,74000,40500,74000,,hayır,Şüpheli (yer/genel kelime)
við djúpumýrar,Şampiyonlar Ligi Elemeleri,Futbol,Lig,Kıta Üstü,Uzun Kuyruk,Erkek,Kulüp,Takım Sporu,Avrupa,Yabancı,Yok,TV+ Var,Yıllık,Sürekli Lig,Takım Jenerik,Bilgi,Takım,Jenerik,Türkçe,Head,Takım Jenerik,Uzun Kuyruk,10,LOW,2,,,,evet,30,10,0,10,0,0,10,0,10,10,10,10,,hayır,Şüpheli (kişi adı olabilir)
víkingsvöllur,Şampiyonlar Ligi Elemeleri,Futbol,Lig,Kıta Üstü,Uzun Kuyruk,Erkek,Kulüp,Takım Sporu,Avrupa,Yabancı,Yok,TV+ Var,Yıllık,Sürekli Lig,Takım Jenerik,Bilgi,Takım,Jenerik,Türkçe,Head,Takım Jenerik,Uzun Kuyruk,10,LOW,0,,,,evet,10,10,10,10,10,10,10,0,10,10,10,30,,hayır,Doğrulanacak
yaya dukuly,Şampiyonlar Ligi Elemeleri,Futbol,Lig,Kıta Üstü,Uzun Kuyruk,Erkek,Kulüp,Takım Sporu,Avrupa,Yabancı,Yok,TV+ Var,Yıllık,Sürekli Lig,Takım Jenerik,Bilgi,Takım,Jenerik,İngilizce,Head,Takım Jenerik,Uzun Kuyruk,70,LOW,0,,,,evet,50,720,20,20,10,10,20,30,10,10,10,10,,hayır,Şüpheli (kişi adı olabilir)
yerevan,Şampiyonlar Ligi Elemeleri,Futbol,Lig,Kıta Üstü,Uzun Kuyruk,Erkek,Kulüp,Takım Sporu,Avrupa,Yabancı,Yok,TV+ Var,Yıllık,Sürekli Lig,Takım Jenerik,Bilgi,Takım,Jenerik,İngilizce,Head,Takım Jenerik,Uzun Kuyruk,2400,LOW,1,0.37,0.33,1.95,evet,2400,2400,2900,2400,2900,1900,1900,2400,1900,1600,1600,2400,,hayır,Doğrulanacak
zagreb,Şampiyonlar Ligi Elemeleri,Futbol,Lig,Kıta Üstü,Uzun Kuyruk,Erkek,Kulüp,Takım Sporu,Avrupa,Yabancı,Yok,TV+ Var,Yıllık,Sürekli Lig,Takım Jenerik,Bilgi,Takım,Jenerik,İngilizce,Head,Takım Jenerik,Uzun Kuyruk,18100,LOW,9,0.73,0.17,1.39,evet,14800,12100,12100,12100,12100,12100,14800,12100,12100,14800,60500,14800,,hayır,Şüpheli (yer/genel kelime)
zahi ahmed,Şampiyonlar Ligi Elemeleri,Futbol,Lig,Kıta Üstü,Uzun Kuyruk,Erkek,Kulüp,Takım Sporu,Avrupa,Yabancı,Yok,TV+ Var,Yıllık,Sürekli Lig,Takım Jenerik,Bilgi,Takım,Jenerik,İngilizce,Head,Takım Jenerik,Uzun Kuyruk,10,LOW,0,,,,evet,20,0,10,10,10,10,10,10,10,10,10,10,,hayır,Şüpheli (kişi adı olabilir)
šk slovan bratislava,Şampiyonlar Ligi Elemeleri,Futbol,Lig,Kıta Üstü,Uzun Kuyruk,Erkek,Kulüp,Takım Sporu,Avrupa,Yabancı,Yok,TV+ Var,Yıllık,Sürekli Lig,Takım Jenerik,Bilgi,Takım,Jenerik,Türkçe,Body,Takım Jenerik,Uzun Kuyruk,2400,LOW,1,0.33,0.08,0.34,evet,1900,480,720,720,880,1600,1600,3600,6600,4400,1000,4400,,hayır,Doğrulanacak
adjarabet arena,Avrupa Ligi Elemeleri,Futbol,Lig,Kıta Üstü,Uzun Kuyruk,Erkek,Kulüp,Takım Sporu,Avrupa,Yabancı,Yok,TV+ Var,Yıllık,Sürekli Lig,Takım Jenerik,Bilgi,Takım,Jenerik,İngilizce,Head,Takım Jenerik,Uzun Kuyruk,110,LOW,1,0.01,,,evet,140,140,110,90,90,70,50,110,90,110,90,140,,hayır,Şüpheli (kişi adı olabilir)
allahyar sayyadmanesh,Avrupa Ligi Elemeleri,Futbol,Lig,Kıta Üstü,Uzun Kuyruk,Erkek,Kulüp,Takım Sporu,Avrupa,Yabancı,Yok,TV+ Var,Yıllık,Sürekli Lig,Takım Jenerik,Bilgi,Takım,Jenerik,İngilizce,Head,Takım Jenerik,Uzun Kuyruk,720,LOW,0,,,,evet,590,1300,1300,720,1000,480,590,480,390,320,390,590,,hayır,Şüpheli (kişi adı olabilir)
arena lublin,Avrupa Ligi Elemeleri,Futbol,Lig,Kıta Üstü,Uzun Kuyruk,Erkek,Kulüp,Takım Sporu,Avrupa,Yabancı,Yok,TV+ Var,Yıllık,Sürekli Lig,Takım Jenerik,Bilgi,Takım,Jenerik,İngilizce,Head,Takım Jenerik,Uzun Kuyruk,30,LOW,0,,,,evet,20,10,10,10,10,10,20,10,10,70,10,260,,hayır,Şüpheli (kişi adı olabilir)
baku,Avrupa Ligi Elemeleri,Futbol,Lig,Kıta Üstü,Uzun Kuyruk,Erkek,Kulüp,Takım Sporu,Avrupa,Yabancı,Yok,TV+ Var,Yıllık,Sürekli Lig,Takım Jenerik,Bilgi,Takım,Jenerik,İngilizce,Head,Takım Jenerik,Uzun Kuyruk,6600,LOW,9,0.55,0.15,1.09,evet,8100,6600,6600,6600,6600,5400,5400,5400,5400,6600,6600,6600,,hayır,Doğrulanacak
batumi,Avrupa Ligi Elemeleri,Futbol,Lig,Kıta Üstü,Uzun Kuyruk,Erkek,Kulüp,Takım Sporu,Avrupa,Yabancı,Yok,TV+ Var,Yıllık,Sürekli Lig,Takım Jenerik,Bilgi,Takım,Jenerik,İngilizce,Head,Takım Jenerik,Uzun Kuyruk,4400,LOW,12,0.53,0.13,0.8,evet,6600,5400,6600,4400,4400,2900,3600,4400,3600,4400,4400,6600,,hayır,Doğrulanacak
beşiktaş j.k.,Avrupa Ligi Elemeleri,Futbol,Lig,Kıta Üstü,Uzun Kuyruk,Erkek,Kulüp,Takım Sporu,Avrupa,Yabancı,Yok,TV+ Var,Yıllık,Sürekli Lig,Takım Jenerik,Bilgi,Takım,Jenerik,Türkçe,Head,Takım Jenerik,Uzun Kuyruk,40500,LOW,3,0.08,0.02,0.27,evet,27100,9900,33100,49500,40500,49500,27100,40500,33100,40500,40500,60500,,hayır,Şüpheli (kişi adı olabilir)
białystok,Avrupa Ligi Elemeleri,Futbol,Lig,Kıta Üstü,Uzun Kuyruk,Erkek,Kulüp,Takım Sporu,Avrupa,Yabancı,Yok,TV+ Var,Yıllık,Sürekli Lig,Takım Jenerik,Bilgi,Takım,Jenerik,Türkçe,Head,Takım Jenerik,Uzun Kuyruk,260,LOW,3,,,,evet,320,260,260,260,260,390,210,260,210,260,260,260,,hayır,Doğrulanacak
brussels,Avrupa Ligi Elemeleri,Futbol,Lig,Kıta Üstü,Uzun Kuyruk,Erkek,Kulüp,Takım Sporu,Avrupa,Yabancı,Yok,TV+ Var,Yıllık,Sürekli Lig,Takım Jenerik,Bilgi,Takım,Jenerik,İngilizce,Head,Takım Jenerik,Uzun Kuyruk,3600,LOW,6,2.18,0.31,2.33,evet,4400,4400,3600,3600,3600,3600,4400,3600,3600,3600,3600,3600,,hayır,Doğrulanacak
budapest,Avrupa Ligi Elemeleri,Futbol,Lig,Kıta Üstü,Uzun Kuyruk,Erkek,Kulüp,Takım Sporu,Avrupa,Yabancı,Yok,TV+ Var,Yıllık,Sürekli Lig,Takım Jenerik,Bilgi,Takım,Jenerik,İngilizce,Head,Takım Jenerik,Uzun Kuyruk,12100,LOW,14,0.65,0.18,1.39,evet,12100,9900,22200,12100,12100,9900,9900,9900,12100,9900,9900,12100,,hayır,Doğrulanacak
damian sylwestrzak,Avrupa Ligi Elemeleri,Futbol,Lig,Kıta Üstü,Uzun Kuyruk,Erkek,Kulüp,Takım Sporu,Avrupa,Yabancı,Yok,TV+ Var,Yıllık,Sürekli Lig,Takım Jenerik,Bilgi,Takım,Jenerik,İngilizce,Head,Takım Jenerik,Uzun Kuyruk,10,LOW,0,,,,evet,10,10,10,10,10,10,20,20,20,20,20,10,,hayır,Şüpheli (kişi adı olabilir)
daniel håkans,Avrupa Ligi Elemeleri,Futbol,Lig,Kıta Üstü,Uzun Kuyruk,Erkek,Kulüp,Takım Sporu,Avrupa,Yabancı,Yok,TV+ Var,Yıllık,Sürekli Lig,Takım Jenerik,Bilgi,Takım,Jenerik,Türkçe,Head,Takım Jenerik,Uzun Kuyruk,10,LOW,0,,,,evet,20,20,20,10,10,10,10,10,10,10,0,10,,hayır,Şüpheli (kişi adı olabilir)
danylo sikan,Avrupa Ligi Elemeleri,Futbol,Lig,Kıta Üstü,Uzun Kuyruk,Erkek,Kulüp,Takım Sporu,Avrupa,Yabancı,Yok,TV+ Var,Yıllık,Sürekli Lig,Takım Jenerik,Bilgi,Takım,Jenerik,İngilizce,Head,Takım Jenerik,Uzun Kuyruk,1000,LOW,0,,,,evet,480,260,590,480,480,720,4400,1300,880,720,1900,880,,hayır,Şüpheli (kişi adı olabilir)
dario melnjak,Avrupa Ligi Elemeleri,Futbol,Lig,Kıta Üstü,Uzun Kuyruk,Erkek,Kulüp,Takım Sporu,Avrupa,Yabancı,Yok,TV+ Var,Yıllık,Sürekli Lig,Takım Jenerik,Bilgi,Takım,Jenerik,İngilizce,Head,Takım Jenerik,Uzun Kuyruk,30,LOW,0,,,,evet,40,10,50,30,30,20,30,40,30,20,40,50,,hayır,Şüpheli (kişi adı olabilir)
dor peretz,Avrupa Ligi Elemeleri,Futbol,Lig,Kıta Üstü,Uzun Kuyruk,Erkek,Kulüp,Takım Sporu,Avrupa,Yabancı,Yok,TV+ Var,Yıllık,Sürekli Lig,Takım Jenerik,Bilgi,Takım,Jenerik,İngilizce,Head,Takım Jenerik,Uzun Kuyruk,320,LOW,0,,,,evet,70,50,110,170,320,170,390,170,390,590,1600,210,,hayır,Şüpheli (kişi adı olabilir)
espen eskås,Avrupa Ligi Elemeleri,Futbol,Lig,Kıta Üstü,Uzun Kuyruk,Erkek,Kulüp,Takım Sporu,Avrupa,Yabancı,Yok,TV+ Var,Yıllık,Sürekli Lig,Takım Jenerik,Bilgi,Takım,Jenerik,Türkçe,Head,Takım Jenerik,Uzun Kuyruk,20,LOW,0,,,,evet,50,30,10,20,30,30,10,10,10,10,10,10,,hayır,Şüpheli (kişi adı olabilir)
estádio da luz,Avrupa Ligi Elemeleri,Futbol,Lig,Kıta Üstü,Uzun Kuyruk,Erkek,Kulüp,Takım Sporu,Avrupa,Yabancı,Yok,TV+ Var,Yıllık,Sürekli Lig,Takım Jenerik,Bilgi,Takım,Jenerik,Türkçe,Body,Takım Jenerik,Uzun Kuyruk,2400,LOW,7,,0.23,0.47,evet,210,320,390,320,480,1900,1600,590,880,720,2900,22200,,hayır,Doğrulanacak
fc red bull salzburg,Avrupa Ligi Elemeleri,Futbol,Lig,Kıta Üstü,Uzun Kuyruk,Erkek,Kulüp,Takım Sporu,Avrupa,Yabancı,Yok,TV+ Var,Yıllık,Sürekli Lig,Takım Jenerik,Bilgi,Takım,Jenerik,İngilizce,Body,Takım Jenerik,Uzun Kuyruk,14800,LOW,1,0.23,0.03,0.33,evet,12100,2400,5400,5400,5400,5400,60500,12100,14800,18100,9900,22200,,hayır,Kulüp
fc viktoria plzeň,Avrupa Ligi Elemeleri,Futbol,Lig,Kıta Üstü,Uzun Kuyruk,Erkek,Kulüp,Takım Sporu,Avrupa,Yabancı,Yok,TV+ Var,Yıllık,Sürekli Lig,Takım Jenerik,Bilgi,Takım,Jenerik,Türkçe,Body,Takım Jenerik,Uzun Kuyruk,27100,LOW,0,0.58,,,evet,2900,1300,2400,1900,4400,18100,27100,4400,246000,14800,1900,1900,,hayır,Kulüp
ferencváros stadion,Avrupa Ligi Elemeleri,Futbol,Lig,Kıta Üstü,Uzun Kuyruk,Erkek,Kulüp,Takım Sporu,Avrupa,Yabancı,Yok,TV+ Var,Yıllık,Sürekli Lig,Takım Jenerik,Bilgi,Takım,Jenerik,Türkçe,Head,Takım Jenerik,Uzun Kuyruk,10,LOW,0,,,,evet,10,10,0,0,10,10,10,0,10,0,10,10,,hayır,Şüpheli (kişi adı olabilir)
ferencvárosi tc,Avrupa Ligi Elemeleri,Futbol,Lig,Kıta Üstü,Uzun Kuyruk,Erkek,Kulüp,Takım Sporu,Avrupa,Yabancı,Yok,TV+ Var,Yıllık,Sürekli Lig,Takım Jenerik,Bilgi,Takım,Jenerik,Türkçe,Head,Takım Jenerik,Uzun Kuyruk,2900,LOW,0,,,,evet,1900,880,720,880,1000,1900,3600,3600,14800,2400,3600,1900,,hayır,Şüpheli (kişi adı olabilir)
georgi kabakov,Avrupa Ligi Elemeleri,Futbol,Lig,Kıta Üstü,Uzun Kuyruk,Erkek,Kulüp,Takım Sporu,Avrupa,Yabancı,Yok,TV+ Var,Yıllık,Sürekli Lig,Takım Jenerik,Bilgi,Takım,Jenerik,İngilizce,Head,Takım Jenerik,Uzun Kuyruk,10,LOW,0,,,,evet,10,10,10,10,10,10,10,10,10,30,10,30,,hayır,Şüpheli (kişi adı olabilir)
giannis konstantelias,Avrupa Ligi Elemeleri,Futbol,Lig,Kıta Üstü,Uzun Kuyruk,Erkek,Kulüp,Takım Sporu,Avrupa,Yabancı,Yok,TV+ Var,Yıllık,Sürekli Lig,Takım Jenerik,Bilgi,Takım,Jenerik,İngilizce,Head,Takım Jenerik,Uzun Kuyruk,590,LOW,0,,,,evet,480,390,390,260,260,260,590,2900,320,390,720,480,,hayır,Şüpheli (kişi adı olabilir)
graham burke,Avrupa Ligi Elemeleri,Futbol,Lig,Kıta Üstü,Uzun Kuyruk,Erkek,Kulüp,Takım Sporu,Avrupa,Yabancı,Yok,TV+ Var,Yıllık,Sürekli Lig,Takım Jenerik,Bilgi,Takım,Jenerik,İngilizce,Head,Takım Jenerik,Uzun Kuyruk,10,LOW,0,,,,evet,20,10,10,10,20,10,10,20,10,10,20,30,,hayır,Şüpheli (kişi adı olabilir)
haris tabaković,Avrupa Ligi Elemeleri,Futbol,Lig,Kıta Üstü,Uzun Kuyruk,Erkek,Kulüp,Takım Sporu,Avrupa,Yabancı,Yok,TV+ Var,Yıllık,Sürekli Lig,Takım Jenerik,Bilgi,Takım,Jenerik,Türkçe,Head,Takım Jenerik,Uzun Kuyruk,590,LOW,0,,,,evet,260,1000,260,720,2400,480,590,320,880,170,110,40,,hayır,Şüpheli (kişi adı olabilir)
hradec králové,Avrupa Ligi Elemeleri,Futbol,Lig,Kıta Üstü,Uzun Kuyruk,Erkek,Kulüp,Takım Sporu,Avrupa,Yabancı,Yok,TV+ Var,Yıllık,Sürekli Lig,Takım Jenerik,Bilgi,Takım,Jenerik,Türkçe,Head,Takım Jenerik,Uzun Kuyruk,390,LOW,7,0.6,0.27,1.18,evet,3600,90,170,90,70,70,70,70,90,110,70,70,,hayır,Şüpheli (kişi adı olabilir)
igor pajač,Avrupa Ligi Elemeleri,Futbol,Lig,Kıta Üstü,Uzun Kuyruk,Erkek,Kulüp,Takım Sporu,Avrupa,Yabancı,Yok,TV+ Var,Yıllık,Sürekli Lig,Takım Jenerik,Bilgi,Takım,Jenerik,Türkçe,Head,Takım Jenerik,Uzun Kuyruk,10,,,,,,evet,0,10,0,0,10,0,10,0,10,20,0,10,,hayır,Şüpheli (kişi adı olabilir)
ioannis pittas,Avrupa Ligi Elemeleri,Futbol,Lig,Kıta Üstü,Uzun Kuyruk,Erkek,Kulüp,Takım Sporu,Avrupa,Yabancı,Yok,TV+ Var,Yıllık,Sürekli Lig,Takım Jenerik,Bilgi,Takım,Jenerik,İngilizce,Head,Takım Jenerik,Uzun Kuyruk,50,LOW,0,,,,evet,20,20,20,20,70,20,10,30,50,170,90,30,,hayır,Şüpheli (kişi adı olabilir)
jagiellonia białystok,Avrupa Ligi Elemeleri,Futbol,Lig,Kıta Üstü,Uzun Kuyruk,Erkek,Kulüp,Takım Sporu,Avrupa,Yabancı,Yok,TV+ Var,Yıllık,Sürekli Lig,Takım Jenerik,Bilgi,Takım,Jenerik,Türkçe,Head,Takım Jenerik,Uzun Kuyruk,6600,LOW,0,,,,evet,5400,1300,2900,1900,3600,22200,2900,9900,9900,12100,2400,5400,,hayır,Kulüp
jaly mouaddib,Avrupa Ligi Elemeleri,Futbol,Lig,Kıta Üstü,Uzun Kuyruk,Erkek,Kulüp,Takım Sporu,Avrupa,Yabancı,Yok,TV+ Var,Yıllık,Sürekli Lig,Takım Jenerik,Bilgi,Takım,Jenerik,İngilizce,Head,Takım Jenerik,Uzun Kuyruk,10,LOW,0,,,,evet,50,10,90,10,10,10,10,0,0,0,10,10,,hayır,Şüpheli (kişi adı olabilir)
joão pinheiro,Avrupa Ligi Elemeleri,Futbol,Lig,Kıta Üstü,Uzun Kuyruk,Erkek,Kulüp,Takım Sporu,Avrupa,Yabancı,Yok,TV+ Var,Yıllık,Sürekli Lig,Takım Jenerik,Bilgi,Takım,Jenerik,Türkçe,Head,Takım Jenerik,Uzun Kuyruk,1600,LOW,0,,,,evet,720,720,9900,210,170,8100,50,30,40,20,20,260,,hayır,Şüpheli (kişi adı olabilir)
justin lonwijk,Avrupa Ligi Elemeleri,Futbol,Lig,Kıta Üstü,Uzun Kuyruk,Erkek,Kulüp,Takım Sporu,Avrupa,Yabancı,Yok,TV+ Var,Yıllık,Sürekli Lig,Takım Jenerik,Bilgi,Takım,Jenerik,İngilizce,Head,Takım Jenerik,Uzun Kuyruk,20,LOW,0,,,,evet,40,10,10,10,10,20,20,10,20,30,10,20,,hayır,Şüpheli (kişi adı olabilir)
kf egnatia,Avrupa Ligi Elemeleri,Futbol,Lig,Kıta Üstü,Uzun Kuyruk,Erkek,Kulüp,Takım Sporu,Avrupa,Yabancı,Yok,TV+ Var,Yıllık,Sürekli Lig,Takım Jenerik,Bilgi,Takım,Jenerik,İngilizce,Head,Takım Jenerik,Uzun Kuyruk,170,LOW,0,,,,evet,1000,10,30,70,40,40,30,140,50,30,50,320,,hayır,Kulüp
kristoffer zachariassen,Avrupa Ligi Elemeleri,Futbol,Lig,Kıta Üstü,Uzun Kuyruk,Erkek,Kulüp,Takım Sporu,Avrupa,Yabancı,Yok,TV+ Var,Yıllık,Sürekli Lig,Takım Jenerik,Bilgi,Takım,Jenerik,İngilizce,Head,Takım Jenerik,Uzun Kuyruk,90,LOW,0,,,,evet,10,10,10,10,20,30,50,30,880,10,10,20,,hayır,Şüpheli (kişi adı olabilir)
kyriakos athanasiou,Avrupa Ligi Elemeleri,Futbol,Lig,Kıta Üstü,Uzun Kuyruk,Erkek,Kulüp,Takım Sporu,Avrupa,Yabancı,Yok,TV+ Var,Yıllık,Sürekli Lig,Takım Jenerik,Bilgi,Takım,Jenerik,İngilizce,Head,Takım Jenerik,Uzun Kuyruk,10,LOW,0,,,,evet,10,0,0,0,0,0,0,0,0,0,0,10,,hayır,Şüpheli (kişi adı olabilir)
lenny joseph,Avrupa Ligi Elemeleri,Futbol,Lig,Kıta Üstü,Uzun Kuyruk,Erkek,Kulüp,Takım Sporu,Avrupa,Yabancı,Yok,TV+ Var,Yıllık,Sürekli Lig,Takım Jenerik,Bilgi,Takım,Jenerik,İngilizce,Head,Takım Jenerik,Uzun Kuyruk,170,LOW,0,,,,evet,260,590,70,20,90,50,50,50,880,30,30,140,,hayır,Şüpheli (kişi adı olabilir)
lillestrøm,Avrupa Ligi Elemeleri,Futbol,Lig,Kıta Üstü,Uzun Kuyruk,Erkek,Kulüp,Takım Sporu,Avrupa,Yabancı,Yok,TV+ Var,Yıllık,Sürekli Lig,Takım Jenerik,Bilgi,Takım,Jenerik,Türkçe,Head,Takım Jenerik,Uzun Kuyruk,4400,LOW,1,0.7,0.22,0.98,evet,8100,1600,18100,6600,2900,1600,720,1000,1300,2900,1900,3600,,hayır,Doğrulanacak
limassol,Avrupa Ligi Elemeleri,Futbol,Lig,Kıta Üstü,Uzun Kuyruk,Erkek,Kulüp,Takım Sporu,Avrupa,Yabancı,Yok,TV+ Var,Yıllık,Sürekli Lig,Takım Jenerik,Bilgi,Takım,Jenerik,İngilizce,Head,Takım Jenerik,Uzun Kuyruk,1900,LOW,8,0.37,0.14,0.84,evet,1600,1600,1600,1600,2400,1600,1600,1900,1600,1900,2400,2900,,hayır,Şüpheli (yer/genel kelime)
lisbon,Avrupa Ligi Elemeleri,Futbol,Lig,Kıta Üstü,Uzun Kuyruk,Erkek,Kulüp,Takım Sporu,Avrupa,Yabancı,Yok,TV+ Var,Yıllık,Sürekli Lig,Takım Jenerik,Bilgi,Takım,Jenerik,İngilizce,Head,Takım Jenerik,Uzun Kuyruk,6600,LOW,11,0.7,0.22,1.38,evet,6600,6600,6600,8100,8100,6600,6600,5400,6600,5400,6600,6600,,hayır,Doğrulanacak
lublin,Avrupa Ligi Elemeleri,Futbol,Lig,Kıta Üstü,Uzun Kuyruk,Erkek,Kulüp,Takım Sporu,Avrupa,Yabancı,Yok,TV+ Var,Yıllık,Sürekli Lig,Takım Jenerik,Bilgi,Takım,Jenerik,İngilizce,Head,Takım Jenerik,Uzun Kuyruk,1600,LOW,5,1.15,0.26,1.22,evet,1600,1300,1300,1600,1900,2400,1600,2400,1300,1600,1600,1300,,hayır,Doğrulanacak
lukáš ambros,Avrupa Ligi Elemeleri,Futbol,Lig,Kıta Üstü,Uzun Kuyruk,Erkek,Kulüp,Takım Sporu,Avrupa,Yabancı,Yok,TV+ Var,Yıllık,Sürekli Lig,Takım Jenerik,Bilgi,Takım,Jenerik,Türkçe,Head,Takım Jenerik,Uzun Kuyruk,10,LOW,0,,,,evet,50,20,10,10,10,10,10,10,10,10,10,10,,hayır,Şüpheli (kişi adı olabilir)
malšovická aréna,Avrupa Ligi Elemeleri,Futbol,Lig,Kıta Üstü,Uzun Kuyruk,Erkek,Kulüp,Takım Sporu,Avrupa,Yabancı,Yok,TV+ Var,Yıllık,Sürekli Lig,Takım Jenerik,Bilgi,Takım,Jenerik,Türkçe,Head,Takım Jenerik,Uzun Kuyruk,30,LOW,0,,,,evet,260,0,10,10,0,10,10,10,0,10,140,10,,hayır,Şüpheli (kişi adı olabilir)
mick van buren,Avrupa Ligi Elemeleri,Futbol,Lig,Kıta Üstü,Uzun Kuyruk,Erkek,Kulüp,Takım Sporu,Avrupa,Yabancı,Yok,TV+ Var,Yıllık,Sürekli Lig,Takım Jenerik,Bilgi,Takım,Jenerik,İngilizce,Body,Takım Jenerik,Uzun Kuyruk,20,LOW,0,,,,evet,210,10,10,10,0,10,10,0,10,10,10,10,,hayır,Doğrulanacak
mihajlo cvetković,Avrupa Ligi Elemeleri,Futbol,Lig,Kıta Üstü,Uzun Kuyruk,Erkek,Kulüp,Takım Sporu,Avrupa,Yabancı,Yok,TV+ Var,Yıllık,Sürekli Lig,Takım Jenerik,Bilgi,Takım,Jenerik,Türkçe,Head,Takım Jenerik,Uzun Kuyruk,50,LOW,0,,,,evet,70,30,70,30,50,70,70,70,90,70,30,30,,hayır,Şüpheli (kişi adı olabilir)
nicosia,Avrupa Ligi Elemeleri,Futbol,Lig,Kıta Üstü,Uzun Kuyruk,Erkek,Kulüp,Takım Sporu,Avrupa,Yabancı,Yok,TV+ Var,Yıllık,Sürekli Lig,Takım Jenerik,Bilgi,Takım,Jenerik,İngilizce,Head,Takım Jenerik,Uzun Kuyruk,2900,LOW,7,0.79,0.26,2.81,evet,2400,2400,2400,2400,2400,2400,2400,2400,2400,3600,4400,4400,,hayır,Doğrulanacak
nikola dabanović,Avrupa Ligi Elemeleri,Futbol,Lig,Kıta Üstü,Uzun Kuyruk,Erkek,Kulüp,Takım Sporu,Avrupa,Yabancı,Yok,TV+ Var,Yıllık,Sürekli Lig,Takım Jenerik,Bilgi,Takım,Jenerik,Türkçe,Head,Takım Jenerik,Uzun Kuyruk,10,LOW,0,,,,evet,10,10,0,10,0,0,10,0,10,10,10,0,,hayır,Şüpheli (kişi adı olabilir)
ofi crete,Avrupa Ligi Elemeleri,Futbol,Lig,Kıta Üstü,Uzun Kuyruk,Erkek,Kulüp,Takım Sporu,Avrupa,Yabancı,Yok,TV+ Var,Yıllık,Sürekli Lig,Takım Jenerik,Bilgi,Takım,Jenerik,İngilizce,Head,Takım Jenerik,Uzun Kuyruk,880,LOW,0,,,,evet,390,170,880,480,720,2400,2400,720,1000,880,720,480,,hayır,Şüpheli (kişi adı olabilir)
orkun kökçü,Avrupa Ligi Elemeleri,Futbol,Lig,Kıta Üstü,Uzun Kuyruk,Erkek,Kulüp,Takım Sporu,Avrupa,Yabancı,Yok,TV+ Var,Yıllık,Sürekli Lig,Takım Jenerik,Bilgi,Takım,Jenerik,Türkçe,Head,Takım Jenerik,Uzun Kuyruk,201000,LOW,0,0.37,0.13,0.52,evet,165000,201000,135000,246000,368000,246000,135000,135000,301000,110000,201000,165000,,hayır,Şüpheli (kişi adı olabilir)
pfc cska sofia,Avrupa Ligi Elemeleri,Futbol,Lig,Kıta Üstü,Uzun Kuyruk,Erkek,Kulüp,Takım Sporu,Avrupa,Yabancı,Yok,TV+ Var,Yıllık,Sürekli Lig,Takım Jenerik,Bilgi,Takım,Jenerik,İngilizce,Body,Takım Jenerik,Uzun Kuyruk,2900,LOW,0,0.35,0.2,1.42,evet,12100,720,2900,3600,2900,4400,880,1900,1300,1300,2400,1600,,hayır,Doğrulanacak
patrik wålemark,Avrupa Ligi Elemeleri,Futbol,Lig,Kıta Üstü,Uzun Kuyruk,Erkek,Kulüp,Takım Sporu,Avrupa,Yabancı,Yok,TV+ Var,Yıllık,Sürekli Lig,Takım Jenerik,Bilgi,Takım,Jenerik,Türkçe,Head,Takım Jenerik,Uzun Kuyruk,10,LOW,0,,,,evet,20,10,10,10,20,10,20,10,10,10,10,10,,hayır,Şüpheli (kişi adı olabilir)
poznań,Avrupa Ligi Elemeleri,Futbol,Lig,Kıta Üstü,Uzun Kuyruk,Erkek,Kulüp,Takım Sporu,Avrupa,Yabancı,Yok,TV+ Var,Yıllık,Sürekli Lig,Takım Jenerik,Bilgi,Takım,Jenerik,Türkçe,Head,Takım Jenerik,Uzun Kuyruk,260,LOW,5,2.37,,,evet,320,320,320,210,260,210,210,210,170,260,390,390,,hayır,Doğrulanacak
rsc anderlecht,Avrupa Ligi Elemeleri,Futbol,Lig,Kıta Üstü,Uzun Kuyruk,Erkek,Kulüp,Takım Sporu,Avrupa,Yabancı,Yok,TV+ Var,Yıllık,Sürekli Lig,Takım Jenerik,Bilgi,Takım,Jenerik,İngilizce,Head,Takım Jenerik,Uzun Kuyruk,5400,LOW,1,0.24,,,evet,2400,880,4400,2400,3600,14800,4400,9900,9900,4400,4400,8100,,hayır,Şüpheli (kişi adı olabilir)
rafa silva,Avrupa Ligi Elemeleri,Futbol,Lig,Kıta Üstü,Uzun Kuyruk,Erkek,Kulüp,Takım Sporu,Avrupa,Yabancı,Yok,TV+ Var,Yıllık,Sürekli Lig,Takım Jenerik,Bilgi,Takım,Jenerik,İngilizce,Head,Takım Jenerik,Uzun Kuyruk,301000,LOW,0,,0.14,0.57,evet,60500,40500,110000,90500,90500,165000,550000,550000,1000000,301000,246000,201000,,hayır,Şüpheli (kişi adı olabilir)
red bull arena,Avrupa Ligi Elemeleri,Futbol,Lig,Kıta Üstü,Uzun Kuyruk,Erkek,Kulüp,Takım Sporu,Avrupa,Yabancı,Yok,TV+ Var,Yıllık,Sürekli Lig,Takım Jenerik,Bilgi,Takım,Jenerik,İngilizce,Body,Takım Jenerik,Uzun Kuyruk,880,LOW,4,0.76,0.35,1.26,evet,720,720,3600,480,480,320,320,320,880,480,590,720,,hayır,Doğrulanacak
renaldo cephas,Avrupa Ligi Elemeleri,Futbol,Lig,Kıta Üstü,Uzun Kuyruk,Erkek,Kulüp,Takım Sporu,Avrupa,Yabancı,Yok,TV+ Var,Yıllık,Sürekli Lig,Takım Jenerik,Bilgi,Takım,Jenerik,İngilizce,Head,Takım Jenerik,Uzun Kuyruk,320,LOW,0,,,,evet,260,320,140,140,170,170,140,480,480,320,260,1300,,hayır,Şüpheli (kişi adı olabilir)
ricardo de burgos bengoetxea,Avrupa Ligi Elemeleri,Futbol,Lig,Kıta Üstü,Uzun Kuyruk,Erkek,Kulüp,Takım Sporu,Avrupa,Yabancı,Yok,TV+ Var,Yıllık,Sürekli Lig,Takım Jenerik,Bilgi,Takım,Jenerik,İngilizce,Body,Takım Jenerik,Uzun Kuyruk,90,LOW,0,,,,evet,40,0,10,10,20,10,20,50,880,20,20,10,,hayır,Doğrulanacak
s.l. benfica,Avrupa Ligi Elemeleri,Futbol,Lig,Kıta Üstü,Uzun Kuyruk,Erkek,Kulüp,Takım Sporu,Avrupa,Yabancı,Yok,TV+ Var,Yıllık,Sürekli Lig,Takım Jenerik,Bilgi,Takım,Jenerik,İngilizce,Head,Takım Jenerik,Uzun Kuyruk,201000,LOW,1,0.05,0.04,0.19,evet,18100,4400,49500,74000,49500,110000,1000000,301000,246000,135000,110000,368000,,hayır,Kulüp
salzburg,Avrupa Ligi Elemeleri,Futbol,Lig,Kıta Üstü,Uzun Kuyruk,Erkek,Kulüp,Takım Sporu,Avrupa,Yabancı,Yok,TV+ Var,Yıllık,Sürekli Lig,Takım Jenerik,Bilgi,Takım,Jenerik,İngilizce,Head,Takım Jenerik,Uzun Kuyruk,27100,LOW,15,0.7,0.21,1.75,evet,22200,14800,18100,18100,22200,18100,22200,22200,33100,40500,33100,90500,,hayır,Kulüp
sebastian gishamer,Avrupa Ligi Elemeleri,Futbol,Lig,Kıta Üstü,Uzun Kuyruk,Erkek,Kulüp,Takım Sporu,Avrupa,Yabancı,Yok,TV+ Var,Yıllık,Sürekli Lig,Takım Jenerik,Bilgi,Takım,Jenerik,İngilizce,Head,Takım Jenerik,Uzun Kuyruk,10,LOW,0,,,,evet,10,10,0,10,10,10,10,10,90,20,0,10,,hayır,Şüpheli (kişi adı olabilir)
sheriff arena,Avrupa Ligi Elemeleri,Futbol,Lig,Kıta Üstü,Uzun Kuyruk,Erkek,Kulüp,Takım Sporu,Avrupa,Yabancı,Yok,TV+ Var,Yıllık,Sürekli Lig,Takım Jenerik,Bilgi,Takım,Jenerik,İngilizce,Head,Takım Jenerik,Uzun Kuyruk,10,,,,,,evet,0,10,10,10,0,0,10,10,10,10,10,10,,hayır,Şüpheli (kişi adı olabilir)
simone sozza,Avrupa Ligi Elemeleri,Futbol,Lig,Kıta Üstü,Uzun Kuyruk,Erkek,Kulüp,Takım Sporu,Avrupa,Yabancı,Yok,TV+ Var,Yıllık,Sürekli Lig,Takım Jenerik,Bilgi,Takım,Jenerik,İngilizce,Head,Takım Jenerik,Uzun Kuyruk,70,LOW,0,,,,evet,10,10,20,70,50,320,40,40,210,20,110,10,,hayır,Şüpheli (kişi adı olabilir)
sint-truidense vv,Avrupa Ligi Elemeleri,Futbol,Lig,Kıta Üstü,Uzun Kuyruk,Erkek,Kulüp,Takım Sporu,Avrupa,Yabancı,Yok,TV+ Var,Yıllık,Sürekli Lig,Takım Jenerik,Bilgi,Takım,Jenerik,İngilizce,Head,Takım Jenerik,Uzun Kuyruk,20,LOW,0,,,,evet,20,20,30,20,20,20,10,10,10,10,20,40,,hayır,Şüpheli (kişi adı olabilir)
split croatia,Avrupa Ligi Elemeleri,Futbol,Lig,Kıta Üstü,Uzun Kuyruk,Erkek,Kulüp,Takım Sporu,Avrupa,Yabancı,Yok,TV+ Var,Yıllık,Sürekli Lig,Takım Jenerik,Bilgi,Takım,Jenerik,Türkçe,Head,Takım Jenerik,Uzun Kuyruk,1000,LOW,25,0.69,0.2,1.16,evet,1600,1300,1300,1000,1300,880,720,590,590,720,880,1600,,hayır,Şüpheli (kişi adı olabilir)
stadion miejski,Avrupa Ligi Elemeleri,Futbol,Lig,Kıta Üstü,Uzun Kuyruk,Erkek,Kulüp,Takım Sporu,Avrupa,Yabancı,Yok,TV+ Var,Yıllık,Sürekli Lig,Takım Jenerik,Bilgi,Takım,Jenerik,İngilizce,Head,Takım Jenerik,Uzun Kuyruk,140,LOW,2,,,,evet,30,30,70,480,140,50,20,30,40,110,320,260,,hayır,Şüpheli (kişi adı olabilir)
stadion poljud,Avrupa Ligi Elemeleri,Futbol,Lig,Kıta Üstü,Uzun Kuyruk,Erkek,Kulüp,Takım Sporu,Avrupa,Yabancı,Yok,TV+ Var,Yıllık,Sürekli Lig,Takım Jenerik,Bilgi,Takım,Jenerik,İngilizce,Head,Takım Jenerik,Uzun Kuyruk,20,LOW,2,,,,evet,30,30,20,20,20,20,20,20,20,10,20,50,,hayır,Şüpheli (kişi adı olabilir)
stefano sensi,Avrupa Ligi Elemeleri,Futbol,Lig,Kıta Üstü,Uzun Kuyruk,Erkek,Kulüp,Takım Sporu,Avrupa,Yabancı,Yok,TV+ Var,Yıllık,Sürekli Lig,Takım Jenerik,Bilgi,Takım,Jenerik,İngilizce,Head,Takım Jenerik,Uzun Kuyruk,210,LOW,0,,,,evet,70,260,70,50,50,50,70,50,70,90,1300,140,,hayır,Şüpheli (kişi adı olabilir)
stockhorn arena,Avrupa Ligi Elemeleri,Futbol,Lig,Kıta Üstü,Uzun Kuyruk,Erkek,Kulüp,Takım Sporu,Avrupa,Yabancı,Yok,TV+ Var,Yıllık,Sürekli Lig,Takım Jenerik,Bilgi,Takım,Jenerik,İngilizce,Head,Takım Jenerik,Uzun Kuyruk,50,LOW,0,,,,evet,50,20,110,40,70,50,30,30,50,40,40,110,,hayır,Şüpheli (kişi adı olabilir)
thessaloniki,Avrupa Ligi Elemeleri,Futbol,Lig,Kıta Üstü,Uzun Kuyruk,Erkek,Kulüp,Takım Sporu,Avrupa,Yabancı,Yok,TV+ Var,Yıllık,Sürekli Lig,Takım Jenerik,Bilgi,Takım,Jenerik,İngilizce,Head,Takım Jenerik,Uzun Kuyruk,5400,LOW,16,0.86,0.19,1.5,evet,8100,6600,6600,5400,5400,4400,4400,5400,5400,5400,5400,8100,,hayır,Doğrulanacak
thun,Avrupa Ligi Elemeleri,Futbol,Lig,Kıta Üstü,Uzun Kuyruk,Erkek,Kulüp,Takım Sporu,Avrupa,Yabancı,Yok,TV+ Var,Yıllık,Sürekli Lig,Takım Jenerik,Bilgi,Takım,Jenerik,İngilizce,Head,Takım Jenerik,Uzun Kuyruk,2900,LOW,2,1.22,0.32,1.84,evet,6600,1300,4400,2400,4400,5400,1600,2400,1600,1600,1000,1600,,hayır,Doğrulanacak
tiraspol,Avrupa Ligi Elemeleri,Futbol,Lig,Kıta Üstü,Uzun Kuyruk,Erkek,Kulüp,Takım Sporu,Avrupa,Yabancı,Yok,TV+ Var,Yıllık,Sürekli Lig,Takım Jenerik,Bilgi,Takım,Jenerik,İngilizce,Head,Takım Jenerik,Uzun Kuyruk,1000,LOW,4,0.35,0.14,1.09,evet,880,880,1000,1000,1300,880,1300,1300,1300,880,880,1000,,hayır,Doğrulanacak
toon raemaekers,Avrupa Ligi Elemeleri,Futbol,Lig,Kıta Üstü,Uzun Kuyruk,Erkek,Kulüp,Takım Sporu,Avrupa,Yabancı,Yok,TV+ Var,Yıllık,Sürekli Lig,Takım Jenerik,Bilgi,Takım,Jenerik,İngilizce,Head,Takım Jenerik,Uzun Kuyruk,70,LOW,0,,,,evet,30,10,10,10,30,20,20,40,720,20,10,40,,hayır,Şüpheli (kişi adı olabilir)
vangelis pavlidis,Avrupa Ligi Elemeleri,Futbol,Lig,Kıta Üstü,Uzun Kuyruk,Erkek,Kulüp,Takım Sporu,Avrupa,Yabancı,Yok,TV+ Var,Yıllık,Sürekli Lig,Takım Jenerik,Bilgi,Takım,Jenerik,İngilizce,Head,Takım Jenerik,Uzun Kuyruk,8100,LOW,1,0.37,0.21,0.31,evet,1900,33100,6600,2400,2400,3600,6600,3600,2900,2900,3600,18100,,hayır,Şüpheli (kişi adı olabilir)
volodymyr brazhko,Avrupa Ligi Elemeleri,Futbol,Lig,Kıta Üstü,Uzun Kuyruk,Erkek,Kulüp,Takım Sporu,Avrupa,Yabancı,Yok,TV+ Var,Yıllık,Sürekli Lig,Takım Jenerik,Bilgi,Takım,Jenerik,İngilizce,Head,Takım Jenerik,Uzun Kuyruk,50,LOW,3,,,,evet,50,10,30,20,10,10,50,40,50,170,110,140,,hayır,Şüpheli (kişi adı olabilir)
zakaria sawo,Avrupa Ligi Elemeleri,Futbol,Lig,Kıta Üstü,Uzun Kuyruk,Erkek,Kulüp,Takım Sporu,Avrupa,Yabancı,Yok,TV+ Var,Yıllık,Sürekli Lig,Takım Jenerik,Bilgi,Takım,Jenerik,İngilizce,Head,Takım Jenerik,Uzun Kuyruk,50,LOW,0,,,,evet,90,90,320,10,10,10,20,20,10,10,10,10,,hayır,Şüpheli (kişi adı olabilir)
