keyword,organizasyon,spor_dali,musabaka_tipi,lig_seviyesi,prestij_katmani,cinsiyet,kulup_milli,takim_bireysel,cografya,yerlilik,turk_baglantisi,yayin_hakki,periyodiklik,takvim_tipi,sayfa_tipi,intent_katmani,entity_tipi,marka_tipi,dil,sorgu_uzunlugu,varyant_kodu,kulup,katman,oyuncu_ana_ad
nigel williams-goss,EuroLeague,Basketbol,Lig,1. Seviye,Ana Liste,Erkek,Kulüp,Takım Sporu,Yurt Dışı,Yabancı,Yok,Doğrulanacak,Yıllık,Sürekli Lig,Oyuncu Jenerik,Bilgi,Oyuncu,Jenerik,İngilizce,Head,Oyuncu Jenerik,Žalgiris Kaunas,Genişletme,nigel williams-goss
nigel williams-goss kimdir,EuroLeague,Basketbol,Lig,1. Seviye,Ana Liste,Erkek,Kulüp,Takım Sporu,Yurt Dışı,Yabancı,Yok,Doğrulanacak,Yıllık,Sürekli Lig,Oyuncu Bilgi,Bilgi,Oyuncu,Jenerik,İngilizce,Body,Oyuncu Bilgi,Žalgiris Kaunas,Genişletme,nigel williams-goss
nigel williams-goss hangi takımda,EuroLeague,Basketbol,Lig,1. Seviye,Ana Liste,Erkek,Kulüp,Takım Sporu,Yurt Dışı,Yabancı,Yok,Doğrulanacak,Yıllık,Sürekli Lig,Oyuncu Bilgi,Bilgi,Oyuncu,Jenerik,Türkçe,Body,Oyuncu Bilgi,Žalgiris Kaunas,Genişletme,nigel williams-goss
nigel williams-goss istatistik,EuroLeague,Basketbol,Lig,1. Seviye,Ana Liste,Erkek,Kulüp,Takım Sporu,Yurt Dışı,Yabancı,Yok,Doğrulanacak,Yıllık,Sürekli Lig,İstatistik,Bilgi,Oyuncu,Jenerik,İngilizce,Body,İstatistik,Žalgiris Kaunas,Genişletme,nigel williams-goss
kaodirichi akobundu-ehiogu,EuroLeague,Basketbol,Lig,1. Seviye,Ana Liste,Erkek,Kulüp,Takım Sporu,Yurt Dışı,Yabancı,Yok,Doğrulanacak,Yıllık,Sürekli Lig,Oyuncu Jenerik,Bilgi,Oyuncu,Jenerik,İngilizce,Head,Oyuncu Jenerik,Žalgiris Kaunas,Genişletme,kaodirichi akobundu-ehiogu
kaodirichi akobundu-ehiogu kimdir,EuroLeague,Basketbol,Lig,1. Seviye,Ana Liste,Erkek,Kulüp,Takım Sporu,Yurt Dışı,Yabancı,Yok,Doğrulanacak,Yıllık,Sürekli Lig,Oyuncu Bilgi,Bilgi,Oyuncu,Jenerik,İngilizce,Body,Oyuncu Bilgi,Žalgiris Kaunas,Genişletme,kaodirichi akobundu-ehiogu
kaodirichi akobundu-ehiogu hangi takımda,EuroLeague,Basketbol,Lig,1. Seviye,Ana Liste,Erkek,Kulüp,Takım Sporu,Yurt Dışı,Yabancı,Yok,Doğrulanacak,Yıllık,Sürekli Lig,Oyuncu Bilgi,Bilgi,Oyuncu,Jenerik,Türkçe,Body,Oyuncu Bilgi,Žalgiris Kaunas,Genişletme,kaodirichi akobundu-ehiogu
kaodirichi akobundu-ehiogu istatistik,EuroLeague,Basketbol,Lig,1. Seviye,Ana Liste,Erkek,Kulüp,Takım Sporu,Yurt Dışı,Yabancı,Yok,Doğrulanacak,Yıllık,Sürekli Lig,İstatistik,Bilgi,Oyuncu,Jenerik,İngilizce,Body,İstatistik,Žalgiris Kaunas,Genişletme,kaodirichi akobundu-ehiogu
dovydas giedraitis,EuroLeague,Basketbol,Lig,1. Seviye,Ana Liste,Erkek,Kulüp,Takım Sporu,Yurt Dışı,Yabancı,Yok,Doğrulanacak,Yıllık,Sürekli Lig,Oyuncu Jenerik,Bilgi,Oyuncu,Jenerik,İngilizce,Head,Oyuncu Jenerik,Žalgiris Kaunas,Genişletme,dovydas giedraitis
dovydas giedraitis kimdir,EuroLeague,Basketbol,Lig,1. Seviye,Ana Liste,Erkek,Kulüp,Takım Sporu,Yurt Dışı,Yabancı,Yok,Doğrulanacak,Yıllık,Sürekli Lig,Oyuncu Bilgi,Bilgi,Oyuncu,Jenerik,İngilizce,Body,Oyuncu Bilgi,Žalgiris Kaunas,Genişletme,dovydas giedraitis
dovydas giedraitis hangi takımda,EuroLeague,Basketbol,Lig,1. Seviye,Ana Liste,Erkek,Kulüp,Takım Sporu,Yurt Dışı,Yabancı,Yok,Doğrulanacak,Yıllık,Sürekli Lig,Oyuncu Bilgi,Bilgi,Oyuncu,Jenerik,Türkçe,Body,Oyuncu Bilgi,Žalgiris Kaunas,Genişletme,dovydas giedraitis
dovydas giedraitis istatistik,EuroLeague,Basketbol,Lig,1. Seviye,Ana Liste,Erkek,Kulüp,Takım Sporu,Yurt Dışı,Yabancı,Yok,Doğrulanacak,Yıllık,Sürekli Lig,İstatistik,Bilgi,Oyuncu,Jenerik,İngilizce,Body,İstatistik,Žalgiris Kaunas,Genişletme,dovydas giedraitis
azuolas tubelis,EuroLeague,Basketbol,Lig,1. Seviye,Ana Liste,Erkek,Kulüp,Takım Sporu,Yurt Dışı,Yabancı,Yok,Doğrulanacak,Yıllık,Sürekli Lig,Oyuncu Jenerik,Bilgi,Oyuncu,Jenerik,İngilizce,Head,Oyuncu Jenerik,Žalgiris Kaunas,Genişletme,azuolas tubelis
azuolas tubelis kimdir,EuroLeague,Basketbol,Lig,1. Seviye,Ana Liste,Erkek,Kulüp,Takım Sporu,Yurt Dışı,Yabancı,Yok,Doğrulanacak,Yıllık,Sürekli Lig,Oyuncu Bilgi,Bilgi,Oyuncu,Jenerik,İngilizce,Body,Oyuncu Bilgi,Žalgiris Kaunas,Genişletme,azuolas tubelis
azuolas tubelis hangi takımda,EuroLeague,Basketbol,Lig,1. Seviye,Ana Liste,Erkek,Kulüp,Takım Sporu,Yurt Dışı,Yabancı,Yok,Doğrulanacak,Yıllık,Sürekli Lig,Oyuncu Bilgi,Bilgi,Oyuncu,Jenerik,Türkçe,Body,Oyuncu Bilgi,Žalgiris Kaunas,Genişletme,azuolas tubelis
azuolas tubelis istatistik,EuroLeague,Basketbol,Lig,1. Seviye,Ana Liste,Erkek,Kulüp,Takım Sporu,Yurt Dışı,Yabancı,Yok,Doğrulanacak,Yıllık,Sürekli Lig,İstatistik,Bilgi,Oyuncu,Jenerik,İngilizce,Body,İstatistik,Žalgiris Kaunas,Genişletme,azuolas tubelis
maodo lo,EuroLeague,Basketbol,Lig,1. Seviye,Ana Liste,Erkek,Kulüp,Takım Sporu,Yurt Dışı,Yabancı,Yok,Doğrulanacak,Yıllık,Sürekli Lig,Oyuncu Jenerik,Bilgi,Oyuncu,Jenerik,İngilizce,Head,Oyuncu Jenerik,Žalgiris Kaunas,Genişletme,maodo lo
maodo lo kimdir,EuroLeague,Basketbol,Lig,1. Seviye,Ana Liste,Erkek,Kulüp,Takım Sporu,Yurt Dışı,Yabancı,Yok,Doğrulanacak,Yıllık,Sürekli Lig,Oyuncu Bilgi,Bilgi,Oyuncu,Jenerik,İngilizce,Body,Oyuncu Bilgi,Žalgiris Kaunas,Genişletme,maodo lo
maodo lo hangi takımda,EuroLeague,Basketbol,Lig,1. Seviye,Ana Liste,Erkek,Kulüp,Takım Sporu,Yurt Dışı,Yabancı,Yok,Doğrulanacak,Yıllık,Sürekli Lig,Oyuncu Bilgi,Bilgi,Oyuncu,Jenerik,Türkçe,Body,Oyuncu Bilgi,Žalgiris Kaunas,Genişletme,maodo lo
maodo lo istatistik,EuroLeague,Basketbol,Lig,1. Seviye,Ana Liste,Erkek,Kulüp,Takım Sporu,Yurt Dışı,Yabancı,Yok,Doğrulanacak,Yıllık,Sürekli Lig,İstatistik,Bilgi,Oyuncu,Jenerik,İngilizce,Body,İstatistik,Žalgiris Kaunas,Genişletme,maodo lo
dustin sleva,EuroLeague,Basketbol,Lig,1. Seviye,Ana Liste,Erkek,Kulüp,Takım Sporu,Yurt Dışı,Yabancı,Yok,Doğrulanacak,Yıllık,Sürekli Lig,Oyuncu Jenerik,Bilgi,Oyuncu,Jenerik,İngilizce,Head,Oyuncu Jenerik,Žalgiris Kaunas,Genişletme,dustin sleva
dustin sleva kimdir,EuroLeague,Basketbol,Lig,1. Seviye,Ana Liste,Erkek,Kulüp,Takım Sporu,Yurt Dışı,Yabancı,Yok,Doğrulanacak,Yıllık,Sürekli Lig,Oyuncu Bilgi,Bilgi,Oyuncu,Jenerik,İngilizce,Body,Oyuncu Bilgi,Žalgiris Kaunas,Genişletme,dustin sleva
dustin sleva hangi takımda,EuroLeague,Basketbol,Lig,1. Seviye,Ana Liste,Erkek,Kulüp,Takım Sporu,Yurt Dışı,Yabancı,Yok,Doğrulanacak,Yıllık,Sürekli Lig,Oyuncu Bilgi,Bilgi,Oyuncu,Jenerik,Türkçe,Body,Oyuncu Bilgi,Žalgiris Kaunas,Genişletme,dustin sleva
dustin sleva istatistik,EuroLeague,Basketbol,Lig,1. Seviye,Ana Liste,Erkek,Kulüp,Takım Sporu,Yurt Dışı,Yabancı,Yok,Doğrulanacak,Yıllık,Sürekli Lig,İstatistik,Bilgi,Oyuncu,Jenerik,İngilizce,Body,İstatistik,Žalgiris Kaunas,Genişletme,dustin sleva
marek blazevic,EuroLeague,Basketbol,Lig,1. Seviye,Ana Liste,Erkek,Kulüp,Takım Sporu,Yurt Dışı,Yabancı,Yok,Doğrulanacak,Yıllık,Sürekli Lig,Oyuncu Jenerik,Bilgi,Oyuncu,Jenerik,İngilizce,Head,Oyuncu Jenerik,Žalgiris Kaunas,Genişletme,marek blazevic
marek blazevic kimdir,EuroLeague,Basketbol,Lig,1. Seviye,Ana Liste,Erkek,Kulüp,Takım Sporu,Yurt Dışı,Yabancı,Yok,Doğrulanacak,Yıllık,Sürekli Lig,Oyuncu Bilgi,Bilgi,Oyuncu,Jenerik,İngilizce,Body,Oyuncu Bilgi,Žalgiris Kaunas,Genişletme,marek blazevic
marek blazevic hangi takımda,EuroLeague,Basketbol,Lig,1. Seviye,Ana Liste,Erkek,Kulüp,Takım Sporu,Yurt Dışı,Yabancı,Yok,Doğrulanacak,Yıllık,Sürekli Lig,Oyuncu Bilgi,Bilgi,Oyuncu,Jenerik,Türkçe,Body,Oyuncu Bilgi,Žalgiris Kaunas,Genişletme,marek blazevic
marek blazevic istatistik,EuroLeague,Basketbol,Lig,1. Seviye,Ana Liste,Erkek,Kulüp,Takım Sporu,Yurt Dışı,Yabancı,Yok,Doğrulanacak,Yıllık,Sürekli Lig,İstatistik,Bilgi,Oyuncu,Jenerik,İngilizce,Body,İstatistik,Žalgiris Kaunas,Genişletme,marek blazevic
marius grigonis,EuroLeague,Basketbol,Lig,1. Seviye,Ana Liste,Erkek,Kulüp,Takım Sporu,Yurt Dışı,Yabancı,Yok,Doğrulanacak,Yıllık,Sürekli Lig,Oyuncu Jenerik,Bilgi,Oyuncu,Jenerik,İngilizce,Head,Oyuncu Jenerik,Žalgiris Kaunas,Genişletme,marius grigonis
marius grigonis kimdir,EuroLeague,Basketbol,Lig,1. Seviye,Ana Liste,Erkek,Kulüp,Takım Sporu,Yurt Dışı,Yabancı,Yok,Doğrulanacak,Yıllık,Sürekli Lig,Oyuncu Bilgi,Bilgi,Oyuncu,Jenerik,İngilizce,Body,Oyuncu Bilgi,Žalgiris Kaunas,Genişletme,marius grigonis
marius grigonis hangi takımda,EuroLeague,Basketbol,Lig,1. Seviye,Ana Liste,Erkek,Kulüp,Takım Sporu,Yurt Dışı,Yabancı,Yok,Doğrulanacak,Yıllık,Sürekli Lig,Oyuncu Bilgi,Bilgi,Oyuncu,Jenerik,Türkçe,Body,Oyuncu Bilgi,Žalgiris Kaunas,Genişletme,marius grigonis
marius grigonis istatistik,EuroLeague,Basketbol,Lig,1. Seviye,Ana Liste,Erkek,Kulüp,Takım Sporu,Yurt Dışı,Yabancı,Yok,Doğrulanacak,Yıllık,Sürekli Lig,İstatistik,Bilgi,Oyuncu,Jenerik,İngilizce,Body,İstatistik,Žalgiris Kaunas,Genişletme,marius grigonis
i̇dil gür,Sultanlar Ligi,Voleybol,Lig,1. Seviye,Ana Liste,Kadın,Kulüp,Takım Sporu,Türkiye,Yerli,Türk Takımı Var,Doğrulanacak,Yıllık,Sürekli Lig,Oyuncu Jenerik,Bilgi,Oyuncu,Jenerik,Türkçe,Head,Oyuncu Jenerik,Aydın Büyükşehir Belediyespor,Genişletme,i̇dil gür
i̇dil gür kimdir,Sultanlar Ligi,Voleybol,Lig,1. Seviye,Ana Liste,Kadın,Kulüp,Takım Sporu,Türkiye,Yerli,Türk Takımı Var,Doğrulanacak,Yıllık,Sürekli Lig,Oyuncu Bilgi,Bilgi,Oyuncu,Jenerik,Türkçe,Body,Oyuncu Bilgi,Aydın Büyükşehir Belediyespor,Genişletme,i̇dil gür
i̇dil gür hangi takımda,Sultanlar Ligi,Voleybol,Lig,1. Seviye,Ana Liste,Kadın,Kulüp,Takım Sporu,Türkiye,Yerli,Türk Takımı Var,Doğrulanacak,Yıllık,Sürekli Lig,Oyuncu Bilgi,Bilgi,Oyuncu,Jenerik,Türkçe,Body,Oyuncu Bilgi,Aydın Büyükşehir Belediyespor,Genişletme,i̇dil gür
i̇dil gür istatistik,Sultanlar Ligi,Voleybol,Lig,1. Seviye,Ana Liste,Kadın,Kulüp,Takım Sporu,Türkiye,Yerli,Türk Takımı Var,Doğrulanacak,Yıllık,Sürekli Lig,İstatistik,Bilgi,Oyuncu,Jenerik,Türkçe,Body,İstatistik,Aydın Büyükşehir Belediyespor,Genişletme,i̇dil gür
i̇larya zararsız,Sultanlar Ligi,Voleybol,Lig,1. Seviye,Ana Liste,Kadın,Kulüp,Takım Sporu,Türkiye,Yerli,Türk Takımı Var,Doğrulanacak,Yıllık,Sürekli Lig,Oyuncu Jenerik,Bilgi,Oyuncu,Jenerik,Türkçe,Head,Oyuncu Jenerik,Aydın Büyükşehir Belediyespor,Genişletme,i̇larya zararsız
i̇larya zararsız kimdir,Sultanlar Ligi,Voleybol,Lig,1. Seviye,Ana Liste,Kadın,Kulüp,Takım Sporu,Türkiye,Yerli,Türk Takımı Var,Doğrulanacak,Yıllık,Sürekli Lig,Oyuncu Bilgi,Bilgi,Oyuncu,Jenerik,Türkçe,Body,Oyuncu Bilgi,Aydın Büyükşehir Belediyespor,Genişletme,i̇larya zararsız
i̇larya zararsız hangi takımda,Sultanlar Ligi,Voleybol,Lig,1. Seviye,Ana Liste,Kadın,Kulüp,Takım Sporu,Türkiye,Yerli,Türk Takımı Var,Doğrulanacak,Yıllık,Sürekli Lig,Oyuncu Bilgi,Bilgi,Oyuncu,Jenerik,Türkçe,Body,Oyuncu Bilgi,Aydın Büyükşehir Belediyespor,Genişletme,i̇larya zararsız
i̇larya zararsız istatistik,Sultanlar Ligi,Voleybol,Lig,1. Seviye,Ana Liste,Kadın,Kulüp,Takım Sporu,Türkiye,Yerli,Türk Takımı Var,Doğrulanacak,Yıllık,Sürekli Lig,İstatistik,Bilgi,Oyuncu,Jenerik,Türkçe,Body,İstatistik,Aydın Büyükşehir Belediyespor,Genişletme,i̇larya zararsız
halil i̇brahim yücel,Efeler Ligi,Voleybol,Lig,1. Seviye,Ana Liste,Erkek,Kulüp,Takım Sporu,Türkiye,Yerli,Türk Takımı Var,Doğrulanacak,Yıllık,Sürekli Lig,Oyuncu Jenerik,Bilgi,Oyuncu,Jenerik,Türkçe,Body,Oyuncu Jenerik,Cizre Belediyespor,Genişletme,halil i̇brahim yücel
halil i̇brahim yücel kimdir,Efeler Ligi,Voleybol,Lig,1. Seviye,Ana Liste,Erkek,Kulüp,Takım Sporu,Türkiye,Yerli,Türk Takımı Var,Doğrulanacak,Yıllık,Sürekli Lig,Oyuncu Bilgi,Bilgi,Oyuncu,Jenerik,Türkçe,Body,Oyuncu Bilgi,Cizre Belediyespor,Genişletme,halil i̇brahim yücel
halil i̇brahim yücel hangi takımda,Efeler Ligi,Voleybol,Lig,1. Seviye,Ana Liste,Erkek,Kulüp,Takım Sporu,Türkiye,Yerli,Türk Takımı Var,Doğrulanacak,Yıllık,Sürekli Lig,Oyuncu Bilgi,Bilgi,Oyuncu,Jenerik,Türkçe,Long-tail,Oyuncu Bilgi,Cizre Belediyespor,Genişletme,halil i̇brahim yücel
halil i̇brahim yücel istatistik,Efeler Ligi,Voleybol,Lig,1. Seviye,Ana Liste,Erkek,Kulüp,Takım Sporu,Türkiye,Yerli,Türk Takımı Var,Doğrulanacak,Yıllık,Sürekli Lig,İstatistik,Bilgi,Oyuncu,Jenerik,Türkçe,Body,İstatistik,Cizre Belediyespor,Genişletme,halil i̇brahim yücel
halil i̇brahim kurt,Efeler Ligi,Voleybol,Lig,1. Seviye,Ana Liste,Erkek,Kulüp,Takım Sporu,Türkiye,Yerli,Türk Takımı Var,Doğrulanacak,Yıllık,Sürekli Lig,Oyuncu Jenerik,Bilgi,Oyuncu,Jenerik,Türkçe,Body,Oyuncu Jenerik,Cizre Belediyespor,Genişletme,halil i̇brahim kurt
halil i̇brahim kurt kimdir,Efeler Ligi,Voleybol,Lig,1. Seviye,Ana Liste,Erkek,Kulüp,Takım Sporu,Türkiye,Yerli,Türk Takımı Var,Doğrulanacak,Yıllık,Sürekli Lig,Oyuncu Bilgi,Bilgi,Oyuncu,Jenerik,Türkçe,Body,Oyuncu Bilgi,Cizre Belediyespor,Genişletme,halil i̇brahim kurt
halil i̇brahim kurt hangi takımda,Efeler Ligi,Voleybol,Lig,1. Seviye,Ana Liste,Erkek,Kulüp,Takım Sporu,Türkiye,Yerli,Türk Takımı Var,Doğrulanacak,Yıllık,Sürekli Lig,Oyuncu Bilgi,Bilgi,Oyuncu,Jenerik,Türkçe,Long-tail,Oyuncu Bilgi,Cizre Belediyespor,Genişletme,halil i̇brahim kurt
halil i̇brahim kurt istatistik,Efeler Ligi,Voleybol,Lig,1. Seviye,Ana Liste,Erkek,Kulüp,Takım Sporu,Türkiye,Yerli,Türk Takımı Var,Doğrulanacak,Yıllık,Sürekli Lig,İstatistik,Bilgi,Oyuncu,Jenerik,Türkçe,Body,İstatistik,Cizre Belediyespor,Genişletme,halil i̇brahim kurt
kaan i̇ncekara,Sultanlar Ligi,Voleybol,Lig,1. Seviye,Ana Liste,Kadın,Kulüp,Takım Sporu,Türkiye,Yerli,Türk Takımı Var,Doğrulanacak,Yıllık,Sürekli Lig,Oyuncu Jenerik,Bilgi,Oyuncu,Jenerik,Türkçe,Head,Oyuncu Jenerik,Eczacıbaşı S.K. (women's volleyball),Genişletme,kaan i̇ncekara
kaan i̇ncekara kimdir,Sultanlar Ligi,Voleybol,Lig,1. Seviye,Ana Liste,Kadın,Kulüp,Takım Sporu,Türkiye,Yerli,Türk Takımı Var,Doğrulanacak,Yıllık,Sürekli Lig,Oyuncu Bilgi,Bilgi,Oyuncu,Jenerik,Türkçe,Body,Oyuncu Bilgi,Eczacıbaşı S.K. (women's volleyball),Genişletme,kaan i̇ncekara
kaan i̇ncekara hangi takımda,Sultanlar Ligi,Voleybol,Lig,1. Seviye,Ana Liste,Kadın,Kulüp,Takım Sporu,Türkiye,Yerli,Türk Takımı Var,Doğrulanacak,Yıllık,Sürekli Lig,Oyuncu Bilgi,Bilgi,Oyuncu,Jenerik,Türkçe,Body,Oyuncu Bilgi,Eczacıbaşı S.K. (women's volleyball),Genişletme,kaan i̇ncekara
kaan i̇ncekara istatistik,Sultanlar Ligi,Voleybol,Lig,1. Seviye,Ana Liste,Kadın,Kulüp,Takım Sporu,Türkiye,Yerli,Türk Takımı Var,Doğrulanacak,Yıllık,Sürekli Lig,İstatistik,Bilgi,Oyuncu,Jenerik,Türkçe,Body,İstatistik,Eczacıbaşı S.K. (women's volleyball),Genişletme,kaan i̇ncekara
tuğba şenoğlu i̇vegin,Sultanlar Ligi,Voleybol,Lig,1. Seviye,Ana Liste,Kadın,Kulüp,Takım Sporu,Türkiye,Yerli,Türk Takımı Var,Doğrulanacak,Yıllık,Sürekli Lig,Oyuncu Jenerik,Bilgi,Oyuncu,Jenerik,Türkçe,Body,Oyuncu Jenerik,Kuzeyboru S.K.,Genişletme,tuğba şenoğlu i̇vegin
tuğba şenoğlu i̇vegin kimdir,Sultanlar Ligi,Voleybol,Lig,1. Seviye,Ana Liste,Kadın,Kulüp,Takım Sporu,Türkiye,Yerli,Türk Takımı Var,Doğrulanacak,Yıllık,Sürekli Lig,Oyuncu Bilgi,Bilgi,Oyuncu,Jenerik,Türkçe,Body,Oyuncu Bilgi,Kuzeyboru S.K.,Genişletme,tuğba şenoğlu i̇vegin
tuğba şenoğlu i̇vegin hangi takımda,Sultanlar Ligi,Voleybol,Lig,1. Seviye,Ana Liste,Kadın,Kulüp,Takım Sporu,Türkiye,Yerli,Türk Takımı Var,Doğrulanacak,Yıllık,Sürekli Lig,Oyuncu Bilgi,Bilgi,Oyuncu,Jenerik,Türkçe,Long-tail,Oyuncu Bilgi,Kuzeyboru S.K.,Genişletme,tuğba şenoğlu i̇vegin
tuğba şenoğlu i̇vegin istatistik,Sultanlar Ligi,Voleybol,Lig,1. Seviye,Ana Liste,Kadın,Kulüp,Takım Sporu,Türkiye,Yerli,Türk Takımı Var,Doğrulanacak,Yıllık,Sürekli Lig,İstatistik,Bilgi,Oyuncu,Jenerik,Türkçe,Body,İstatistik,Kuzeyboru S.K.,Genişletme,tuğba şenoğlu i̇vegin
merve i̇zbilir,Sultanlar Ligi,Voleybol,Lig,1. Seviye,Ana Liste,Kadın,Kulüp,Takım Sporu,Türkiye,Yerli,Türk Takımı Var,Doğrulanacak,Yıllık,Sürekli Lig,Oyuncu Jenerik,Bilgi,Oyuncu,Jenerik,Türkçe,Head,Oyuncu Jenerik,Nilüfer Belediyespor,Genişletme,merve i̇zbilir
merve i̇zbilir kimdir,Sultanlar Ligi,Voleybol,Lig,1. Seviye,Ana Liste,Kadın,Kulüp,Takım Sporu,Türkiye,Yerli,Türk Takımı Var,Doğrulanacak,Yıllık,Sürekli Lig,Oyuncu Bilgi,Bilgi,Oyuncu,Jenerik,Türkçe,Body,Oyuncu Bilgi,Nilüfer Belediyespor,Genişletme,merve i̇zbilir
merve i̇zbilir hangi takımda,Sultanlar Ligi,Voleybol,Lig,1. Seviye,Ana Liste,Kadın,Kulüp,Takım Sporu,Türkiye,Yerli,Türk Takımı Var,Doğrulanacak,Yıllık,Sürekli Lig,Oyuncu Bilgi,Bilgi,Oyuncu,Jenerik,Türkçe,Body,Oyuncu Bilgi,Nilüfer Belediyespor,Genişletme,merve i̇zbilir
merve i̇zbilir istatistik,Sultanlar Ligi,Voleybol,Lig,1. Seviye,Ana Liste,Kadın,Kulüp,Takım Sporu,Türkiye,Yerli,Türk Takımı Var,Doğrulanacak,Yıllık,Sürekli Lig,İstatistik,Bilgi,Oyuncu,Jenerik,Türkçe,Body,İstatistik,Nilüfer Belediyespor,Genişletme,merve i̇zbilir
yuki i̇shikawa,Efeler Ligi,Voleybol,Lig,1. Seviye,Ana Liste,Erkek,Kulüp,Takım Sporu,Türkiye,Yerli,Türk Takımı Var,Doğrulanacak,Yıllık,Sürekli Lig,Oyuncu Jenerik,Bilgi,Oyuncu,Jenerik,Türkçe,Head,Oyuncu Jenerik,Ziraat Bankkart S.K.,Genişletme,yuki i̇shikawa
yuki i̇shikawa kimdir,Efeler Ligi,Voleybol,Lig,1. Seviye,Ana Liste,Erkek,Kulüp,Takım Sporu,Türkiye,Yerli,Türk Takımı Var,Doğrulanacak,Yıllık,Sürekli Lig,Oyuncu Bilgi,Bilgi,Oyuncu,Jenerik,Türkçe,Body,Oyuncu Bilgi,Ziraat Bankkart S.K.,Genişletme,yuki i̇shikawa
yuki i̇shikawa hangi takımda,Efeler Ligi,Voleybol,Lig,1. Seviye,Ana Liste,Erkek,Kulüp,Takım Sporu,Türkiye,Yerli,Türk Takımı Var,Doğrulanacak,Yıllık,Sürekli Lig,Oyuncu Bilgi,Bilgi,Oyuncu,Jenerik,Türkçe,Body,Oyuncu Bilgi,Ziraat Bankkart S.K.,Genişletme,yuki i̇shikawa
yuki i̇shikawa istatistik,Efeler Ligi,Voleybol,Lig,1. Seviye,Ana Liste,Erkek,Kulüp,Takım Sporu,Türkiye,Yerli,Türk Takımı Var,Doğrulanacak,Yıllık,Sürekli Lig,İstatistik,Bilgi,Oyuncu,Jenerik,Türkçe,Body,İstatistik,Ziraat Bankkart S.K.,Genişletme,yuki i̇shikawa
panagiotis kalaitzakis,EuroLeague,Basketbol,Lig,1. Seviye,Ana Liste,Erkek,Kulüp,Takım Sporu,Yurt Dışı,Yabancı,Yok,Doğrulanacak,Yıllık,Sürekli Lig,Oyuncu Jenerik,Bilgi,Oyuncu,Jenerik,İngilizce,Head,Oyuncu Jenerik,Panathinaikos B.C.,Genişletme,panagiotis kalaitzakis
panagiotis kalaitzakis kimdir,EuroLeague,Basketbol,Lig,1. Seviye,Ana Liste,Erkek,Kulüp,Takım Sporu,Yurt Dışı,Yabancı,Yok,Doğrulanacak,Yıllık,Sürekli Lig,Oyuncu Bilgi,Bilgi,Oyuncu,Jenerik,İngilizce,Body,Oyuncu Bilgi,Panathinaikos B.C.,Genişletme,panagiotis kalaitzakis
panagiotis kalaitzakis hangi takımda,EuroLeague,Basketbol,Lig,1. Seviye,Ana Liste,Erkek,Kulüp,Takım Sporu,Yurt Dışı,Yabancı,Yok,Doğrulanacak,Yıllık,Sürekli Lig,Oyuncu Bilgi,Bilgi,Oyuncu,Jenerik,Türkçe,Body,Oyuncu Bilgi,Panathinaikos B.C.,Genişletme,panagiotis kalaitzakis
panagiotis kalaitzakis istatistik,EuroLeague,Basketbol,Lig,1. Seviye,Ana Liste,Erkek,Kulüp,Takım Sporu,Yurt Dışı,Yabancı,Yok,Doğrulanacak,Yıllık,Sürekli Lig,İstatistik,Bilgi,Oyuncu,Jenerik,İngilizce,Body,İstatistik,Panathinaikos B.C.,Genişletme,panagiotis kalaitzakis
kostas sloukas,EuroLeague,Basketbol,Lig,1. Seviye,Ana Liste,Erkek,Kulüp,Takım Sporu,Yurt Dışı,Yabancı,Yok,Doğrulanacak,Yıllık,Sürekli Lig,Oyuncu Jenerik,Bilgi,Oyuncu,Jenerik,İngilizce,Head,Oyuncu Jenerik,Panathinaikos B.C.,Genişletme,kostas sloukas
kostas sloukas kimdir,EuroLeague,Basketbol,Lig,1. Seviye,Ana Liste,Erkek,Kulüp,Takım Sporu,Yurt Dışı,Yabancı,Yok,Doğrulanacak,Yıllık,Sürekli Lig,Oyuncu Bilgi,Bilgi,Oyuncu,Jenerik,İngilizce,Body,Oyuncu Bilgi,Panathinaikos B.C.,Genişletme,kostas sloukas
kostas sloukas hangi takımda,EuroLeague,Basketbol,Lig,1. Seviye,Ana Liste,Erkek,Kulüp,Takım Sporu,Yurt Dışı,Yabancı,Yok,Doğrulanacak,Yıllık,Sürekli Lig,Oyuncu Bilgi,Bilgi,Oyuncu,Jenerik,Türkçe,Body,Oyuncu Bilgi,Panathinaikos B.C.,Genişletme,kostas sloukas
kostas sloukas istatistik,EuroLeague,Basketbol,Lig,1. Seviye,Ana Liste,Erkek,Kulüp,Takım Sporu,Yurt Dışı,Yabancı,Yok,Doğrulanacak,Yıllık,Sürekli Lig,İstatistik,Bilgi,Oyuncu,Jenerik,İngilizce,Body,İstatistik,Panathinaikos B.C.,Genişletme,kostas sloukas
nigel hayes-davis,EuroLeague,Basketbol,Lig,1. Seviye,Ana Liste,Erkek,Kulüp,Takım Sporu,Yurt Dışı,Yabancı,Yok,Doğrulanacak,Yıllık,Sürekli Lig,Oyuncu Jenerik,Bilgi,Oyuncu,Jenerik,İngilizce,Head,Oyuncu Jenerik,Panathinaikos B.C.,Genişletme,nigel hayes-davis
nigel hayes-davis kimdir,EuroLeague,Basketbol,Lig,1. Seviye,Ana Liste,Erkek,Kulüp,Takım Sporu,Yurt Dışı,Yabancı,Yok,Doğrulanacak,Yıllık,Sürekli Lig,Oyuncu Bilgi,Bilgi,Oyuncu,Jenerik,İngilizce,Body,Oyuncu Bilgi,Panathinaikos B.C.,Genişletme,nigel hayes-davis
nigel hayes-davis hangi takımda,EuroLeague,Basketbol,Lig,1. Seviye,Ana Liste,Erkek,Kulüp,Takım Sporu,Yurt Dışı,Yabancı,Yok,Doğrulanacak,Yıllık,Sürekli Lig,Oyuncu Bilgi,Bilgi,Oyuncu,Jenerik,Türkçe,Body,Oyuncu Bilgi,Panathinaikos B.C.,Genişletme,nigel hayes-davis
nigel hayes-davis istatistik,EuroLeague,Basketbol,Lig,1. Seviye,Ana Liste,Erkek,Kulüp,Takım Sporu,Yurt Dışı,Yabancı,Yok,Doğrulanacak,Yıllık,Sürekli Lig,İstatistik,Bilgi,Oyuncu,Jenerik,İngilizce,Body,İstatistik,Panathinaikos B.C.,Genişletme,nigel hayes-davis
nikos rogkavopoulos,EuroLeague,Basketbol,Lig,1. Seviye,Ana Liste,Erkek,Kulüp,Takım Sporu,Yurt Dışı,Yabancı,Yok,Doğrulanacak,Yıllık,Sürekli Lig,Oyuncu Jenerik,Bilgi,Oyuncu,Jenerik,İngilizce,Head,Oyuncu Jenerik,Panathinaikos B.C.,Genişletme,nikos rogkavopoulos
nikos rogkavopoulos kimdir,EuroLeague,Basketbol,Lig,1. Seviye,Ana Liste,Erkek,Kulüp,Takım Sporu,Yurt Dışı,Yabancı,Yok,Doğrulanacak,Yıllık,Sürekli Lig,Oyuncu Bilgi,Bilgi,Oyuncu,Jenerik,İngilizce,Body,Oyuncu Bilgi,Panathinaikos B.C.,Genişletme,nikos rogkavopoulos
nikos rogkavopoulos hangi takımda,EuroLeague,Basketbol,Lig,1. Seviye,Ana Liste,Erkek,Kulüp,Takım Sporu,Yurt Dışı,Yabancı,Yok,Doğrulanacak,Yıllık,Sürekli Lig,Oyuncu Bilgi,Bilgi,Oyuncu,Jenerik,Türkçe,Body,Oyuncu Bilgi,Panathinaikos B.C.,Genişletme,nikos rogkavopoulos
nikos rogkavopoulos istatistik,EuroLeague,Basketbol,Lig,1. Seviye,Ana Liste,Erkek,Kulüp,Takım Sporu,Yurt Dışı,Yabancı,Yok,Doğrulanacak,Yıllık,Sürekli Lig,İstatistik,Bilgi,Oyuncu,Jenerik,İngilizce,Body,İstatistik,Panathinaikos B.C.,Genişletme,nikos rogkavopoulos
ioannis kouzeloglou,EuroLeague,Basketbol,Lig,1. Seviye,Ana Liste,Erkek,Kulüp,Takım Sporu,Yurt Dışı,Yabancı,Yok,Doğrulanacak,Yıllık,Sürekli Lig,Oyuncu Jenerik,Bilgi,Oyuncu,Jenerik,İngilizce,Head,Oyuncu Jenerik,Panathinaikos B.C.,Genişletme,ioannis kouzeloglou
ioannis kouzeloglou kimdir,EuroLeague,Basketbol,Lig,1. Seviye,Ana Liste,Erkek,Kulüp,Takım Sporu,Yurt Dışı,Yabancı,Yok,Doğrulanacak,Yıllık,Sürekli Lig,Oyuncu Bilgi,Bilgi,Oyuncu,Jenerik,İngilizce,Body,Oyuncu Bilgi,Panathinaikos B.C.,Genişletme,ioannis kouzeloglou
ioannis kouzeloglou hangi takımda,EuroLeague,Basketbol,Lig,1. Seviye,Ana Liste,Erkek,Kulüp,Takım Sporu,Yurt Dışı,Yabancı,Yok,Doğrulanacak,Yıllık,Sürekli Lig,Oyuncu Bilgi,Bilgi,Oyuncu,Jenerik,Türkçe,Body,Oyuncu Bilgi,Panathinaikos B.C.,Genişletme,ioannis kouzeloglou
ioannis kouzeloglou istatistik,EuroLeague,Basketbol,Lig,1. Seviye,Ana Liste,Erkek,Kulüp,Takım Sporu,Yurt Dışı,Yabancı,Yok,Doğrulanacak,Yıllık,Sürekli Lig,İstatistik,Bilgi,Oyuncu,Jenerik,İngilizce,Body,İstatistik,Panathinaikos B.C.,Genişletme,ioannis kouzeloglou
kendrick nunn,EuroLeague,Basketbol,Lig,1. Seviye,Ana Liste,Erkek,Kulüp,Takım Sporu,Yurt Dışı,Yabancı,Yok,Doğrulanacak,Yıllık,Sürekli Lig,Oyuncu Jenerik,Bilgi,Oyuncu,Jenerik,İngilizce,Head,Oyuncu Jenerik,Panathinaikos B.C.,Genişletme,kendrick nunn
kendrick nunn kimdir,EuroLeague,Basketbol,Lig,1. Seviye,Ana Liste,Erkek,Kulüp,Takım Sporu,Yurt Dışı,Yabancı,Yok,Doğrulanacak,Yıllık,Sürekli Lig,Oyuncu Bilgi,Bilgi,Oyuncu,Jenerik,İngilizce,Body,Oyuncu Bilgi,Panathinaikos B.C.,Genişletme,kendrick nunn
kendrick nunn hangi takımda,EuroLeague,Basketbol,Lig,1. Seviye,Ana Liste,Erkek,Kulüp,Takım Sporu,Yurt Dışı,Yabancı,Yok,Doğrulanacak,Yıllık,Sürekli Lig,Oyuncu Bilgi,Bilgi,Oyuncu,Jenerik,Türkçe,Body,Oyuncu Bilgi,Panathinaikos B.C.,Genişletme,kendrick nunn
kendrick nunn istatistik,EuroLeague,Basketbol,Lig,1. Seviye,Ana Liste,Erkek,Kulüp,Takım Sporu,Yurt Dışı,Yabancı,Yok,Doğrulanacak,Yıllık,Sürekli Lig,İstatistik,Bilgi,Oyuncu,Jenerik,İngilizce,Body,İstatistik,Panathinaikos B.C.,Genişletme,kendrick nunn
mathias lessort,EuroLeague,Basketbol,Lig,1. Seviye,Ana Liste,Erkek,Kulüp,Takım Sporu,Yurt Dışı,Yabancı,Yok,Doğrulanacak,Yıllık,Sürekli Lig,Oyuncu Jenerik,Bilgi,Oyuncu,Jenerik,İngilizce,Head,Oyuncu Jenerik,Panathinaikos B.C.,Genişletme,mathias lessort
mathias lessort kimdir,EuroLeague,Basketbol,Lig,1. Seviye,Ana Liste,Erkek,Kulüp,Takım Sporu,Yurt Dışı,Yabancı,Yok,Doğrulanacak,Yıllık,Sürekli Lig,Oyuncu Bilgi,Bilgi,Oyuncu,Jenerik,İngilizce,Body,Oyuncu Bilgi,Panathinaikos B.C.,Genişletme,mathias lessort
mathias lessort hangi takımda,EuroLeague,Basketbol,Lig,1. Seviye,Ana Liste,Erkek,Kulüp,Takım Sporu,Yurt Dışı,Yabancı,Yok,Doğrulanacak,Yıllık,Sürekli Lig,Oyuncu Bilgi,Bilgi,Oyuncu,Jenerik,Türkçe,Body,Oyuncu Bilgi,Panathinaikos B.C.,Genişletme,mathias lessort
mathias lessort istatistik,EuroLeague,Basketbol,Lig,1. Seviye,Ana Liste,Erkek,Kulüp,Takım Sporu,Yurt Dışı,Yabancı,Yok,Doğrulanacak,Yıllık,Sürekli Lig,İstatistik,Bilgi,Oyuncu,Jenerik,İngilizce,Body,İstatistik,Panathinaikos B.C.,Genişletme,mathias lessort
dinos mitoglou,EuroLeague,Basketbol,Lig,1. Seviye,Ana Liste,Erkek,Kulüp,Takım Sporu,Yurt Dışı,Yabancı,Yok,Doğrulanacak,Yıllık,Sürekli Lig,Oyuncu Jenerik,Bilgi,Oyuncu,Jenerik,İngilizce,Head,Oyuncu Jenerik,Panathinaikos B.C.,Genişletme,dinos mitoglou
dinos mitoglou kimdir,EuroLeague,Basketbol,Lig,1. Seviye,Ana Liste,Erkek,Kulüp,Takım Sporu,Yurt Dışı,Yabancı,Yok,Doğrulanacak,Yıllık,Sürekli Lig,Oyuncu Bilgi,Bilgi,Oyuncu,Jenerik,İngilizce,Body,Oyuncu Bilgi,Panathinaikos B.C.,Genişletme,dinos mitoglou
dinos mitoglou hangi takımda,EuroLeague,Basketbol,Lig,1. Seviye,Ana Liste,Erkek,Kulüp,Takım Sporu,Yurt Dışı,Yabancı,Yok,Doğrulanacak,Yıllık,Sürekli Lig,Oyuncu Bilgi,Bilgi,Oyuncu,Jenerik,Türkçe,Body,Oyuncu Bilgi,Panathinaikos B.C.,Genişletme,dinos mitoglou
dinos mitoglou istatistik,EuroLeague,Basketbol,Lig,1. Seviye,Ana Liste,Erkek,Kulüp,Takım Sporu,Yurt Dışı,Yabancı,Yok,Doğrulanacak,Yıllık,Sürekli Lig,İstatistik,Bilgi,Oyuncu,Jenerik,İngilizce,Body,İstatistik,Panathinaikos B.C.,Genişletme,dinos mitoglou
lefteris mantzoukas,EuroLeague,Basketbol,Lig,1. Seviye,Ana Liste,Erkek,Kulüp,Takım Sporu,Yurt Dışı,Yabancı,Yok,Doğrulanacak,Yıllık,Sürekli Lig,Oyuncu Jenerik,Bilgi,Oyuncu,Jenerik,İngilizce,Head,Oyuncu Jenerik,Panathinaikos B.C.,Genişletme,lefteris mantzoukas
lefteris mantzoukas kimdir,EuroLeague,Basketbol,Lig,1. Seviye,Ana Liste,Erkek,Kulüp,Takım Sporu,Yurt Dışı,Yabancı,Yok,Doğrulanacak,Yıllık,Sürekli Lig,Oyuncu Bilgi,Bilgi,Oyuncu,Jenerik,İngilizce,Body,Oyuncu Bilgi,Panathinaikos B.C.,Genişletme,lefteris mantzoukas
lefteris mantzoukas hangi takımda,EuroLeague,Basketbol,Lig,1. Seviye,Ana Liste,Erkek,Kulüp,Takım Sporu,Yurt Dışı,Yabancı,Yok,Doğrulanacak,Yıllık,Sürekli Lig,Oyuncu Bilgi,Bilgi,Oyuncu,Jenerik,Türkçe,Body,Oyuncu Bilgi,Panathinaikos B.C.,Genişletme,lefteris mantzoukas
lefteris mantzoukas istatistik,EuroLeague,Basketbol,Lig,1. Seviye,Ana Liste,Erkek,Kulüp,Takım Sporu,Yurt Dışı,Yabancı,Yok,Doğrulanacak,Yıllık,Sürekli Lig,İstatistik,Bilgi,Oyuncu,Jenerik,İngilizce,Body,İstatistik,Panathinaikos B.C.,Genişletme,lefteris mantzoukas
brancou badio,EuroLeague,Basketbol,Lig,1. Seviye,Ana Liste,Erkek,Kulüp,Takım Sporu,Yurt Dışı,Yabancı,Yok,Doğrulanacak,Yıllık,Sürekli Lig,Oyuncu Jenerik,Bilgi,Oyuncu,Jenerik,İngilizce,Head,Oyuncu Jenerik,Panathinaikos B.C.,Genişletme,brancou badio
brancou badio kimdir,EuroLeague,Basketbol,Lig,1. Seviye,Ana Liste,Erkek,Kulüp,Takım Sporu,Yurt Dışı,Yabancı,Yok,Doğrulanacak,Yıllık,Sürekli Lig,Oyuncu Bilgi,Bilgi,Oyuncu,Jenerik,İngilizce,Body,Oyuncu Bilgi,Panathinaikos B.C.,Genişletme,brancou badio
brancou badio hangi takımda,EuroLeague,Basketbol,Lig,1. Seviye,Ana Liste,Erkek,Kulüp,Takım Sporu,Yurt Dışı,Yabancı,Yok,Doğrulanacak,Yıllık,Sürekli Lig,Oyuncu Bilgi,Bilgi,Oyuncu,Jenerik,Türkçe,Body,Oyuncu Bilgi,Panathinaikos B.C.,Genişletme,brancou badio
brancou badio istatistik,EuroLeague,Basketbol,Lig,1. Seviye,Ana Liste,Erkek,Kulüp,Takım Sporu,Yurt Dışı,Yabancı,Yok,Doğrulanacak,Yıllık,Sürekli Lig,İstatistik,Bilgi,Oyuncu,Jenerik,İngilizce,Body,İstatistik,Panathinaikos B.C.,Genişletme,brancou badio
isaac bonga,EuroLeague,Basketbol,Lig,1. Seviye,Ana Liste,Erkek,Kulüp,Takım Sporu,Yurt Dışı,Yabancı,Yok,Doğrulanacak,Yıllık,Sürekli Lig,Oyuncu Jenerik,Bilgi,Oyuncu,Jenerik,İngilizce,Head,Oyuncu Jenerik,Panathinaikos B.C.,Genişletme,isaac bonga
isaac bonga kimdir,EuroLeague,Basketbol,Lig,1. Seviye,Ana Liste,Erkek,Kulüp,Takım Sporu,Yurt Dışı,Yabancı,Yok,Doğrulanacak,Yıllık,Sürekli Lig,Oyuncu Bilgi,Bilgi,Oyuncu,Jenerik,İngilizce,Body,Oyuncu Bilgi,Panathinaikos B.C.,Genişletme,isaac bonga
isaac bonga hangi takımda,EuroLeague,Basketbol,Lig,1. Seviye,Ana Liste,Erkek,Kulüp,Takım Sporu,Yurt Dışı,Yabancı,Yok,Doğrulanacak,Yıllık,Sürekli Lig,Oyuncu Bilgi,Bilgi,Oyuncu,Jenerik,Türkçe,Body,Oyuncu Bilgi,Panathinaikos B.C.,Genişletme,isaac bonga
isaac bonga istatistik,EuroLeague,Basketbol,Lig,1. Seviye,Ana Liste,Erkek,Kulüp,Takım Sporu,Yurt Dışı,Yabancı,Yok,Doğrulanacak,Yıllık,Sürekli Lig,İstatistik,Bilgi,Oyuncu,Jenerik,İngilizce,Body,İstatistik,Panathinaikos B.C.,Genişletme,isaac bonga
dimitrios moraitis,EuroLeague,Basketbol,Lig,1. Seviye,Ana Liste,Erkek,Kulüp,Takım Sporu,Yurt Dışı,Yabancı,Yok,Doğrulanacak,Yıllık,Sürekli Lig,Oyuncu Jenerik,Bilgi,Oyuncu,Jenerik,İngilizce,Head,Oyuncu Jenerik,Panathinaikos B.C.,Genişletme,dimitrios moraitis
dimitrios moraitis kimdir,EuroLeague,Basketbol,Lig,1. Seviye,Ana Liste,Erkek,Kulüp,Takım Sporu,Yurt Dışı,Yabancı,Yok,Doğrulanacak,Yıllık,Sürekli Lig,Oyuncu Bilgi,Bilgi,Oyuncu,Jenerik,İngilizce,Body,Oyuncu Bilgi,Panathinaikos B.C.,Genişletme,dimitrios moraitis
dimitrios moraitis hangi takımda,EuroLeague,Basketbol,Lig,1. Seviye,Ana Liste,Erkek,Kulüp,Takım Sporu,Yurt Dışı,Yabancı,Yok,Doğrulanacak,Yıllık,Sürekli Lig,Oyuncu Bilgi,Bilgi,Oyuncu,Jenerik,Türkçe,Body,Oyuncu Bilgi,Panathinaikos B.C.,Genişletme,dimitrios moraitis
dimitrios moraitis istatistik,EuroLeague,Basketbol,Lig,1. Seviye,Ana Liste,Erkek,Kulüp,Takım Sporu,Yurt Dışı,Yabancı,Yok,Doğrulanacak,Yıllık,Sürekli Lig,İstatistik,Bilgi,Oyuncu,Jenerik,İngilizce,Body,İstatistik,Panathinaikos B.C.,Genişletme,dimitrios moraitis
tyson ward,EuroLeague,Basketbol,Lig,1. Seviye,Ana Liste,Erkek,Kulüp,Takım Sporu,Yurt Dışı,Yabancı,Yok,Doğrulanacak,Yıllık,Sürekli Lig,Oyuncu Jenerik,Bilgi,Oyuncu,Jenerik,İngilizce,Head,Oyuncu Jenerik,Olympiacos B.C.,Genişletme,tyson ward
tyson ward kimdir,EuroLeague,Basketbol,Lig,1. Seviye,Ana Liste,Erkek,Kulüp,Takım Sporu,Yurt Dışı,Yabancı,Yok,Doğrulanacak,Yıllık,Sürekli Lig,Oyuncu Bilgi,Bilgi,Oyuncu,Jenerik,İngilizce,Body,Oyuncu Bilgi,Olympiacos B.C.,Genişletme,tyson ward
tyson ward hangi takımda,EuroLeague,Basketbol,Lig,1. Seviye,Ana Liste,Erkek,Kulüp,Takım Sporu,Yurt Dışı,Yabancı,Yok,Doğrulanacak,Yıllık,Sürekli Lig,Oyuncu Bilgi,Bilgi,Oyuncu,Jenerik,Türkçe,Body,Oyuncu Bilgi,Olympiacos B.C.,Genişletme,tyson ward
tyson ward istatistik,EuroLeague,Basketbol,Lig,1. Seviye,Ana Liste,Erkek,Kulüp,Takım Sporu,Yurt Dışı,Yabancı,Yok,Doğrulanacak,Yıllık,Sürekli Lig,İstatistik,Bilgi,Oyuncu,Jenerik,İngilizce,Body,İstatistik,Olympiacos B.C.,Genişletme,tyson ward
giorgos bourneles,EuroLeague,Basketbol,Lig,1. Seviye,Ana Liste,Erkek,Kulüp,Takım Sporu,Yurt Dışı,Yabancı,Yok,Doğrulanacak,Yıllık,Sürekli Lig,Oyuncu Jenerik,Bilgi,Oyuncu,Jenerik,İngilizce,Head,Oyuncu Jenerik,Olympiacos B.C.,Genişletme,giorgos bourneles
giorgos bourneles kimdir,EuroLeague,Basketbol,Lig,1. Seviye,Ana Liste,Erkek,Kulüp,Takım Sporu,Yurt Dışı,Yabancı,Yok,Doğrulanacak,Yıllık,Sürekli Lig,Oyuncu Bilgi,Bilgi,Oyuncu,Jenerik,İngilizce,Body,Oyuncu Bilgi,Olympiacos B.C.,Genişletme,giorgos bourneles
giorgos bourneles hangi takımda,EuroLeague,Basketbol,Lig,1. Seviye,Ana Liste,Erkek,Kulüp,Takım Sporu,Yurt Dışı,Yabancı,Yok,Doğrulanacak,Yıllık,Sürekli Lig,Oyuncu Bilgi,Bilgi,Oyuncu,Jenerik,Türkçe,Body,Oyuncu Bilgi,Olympiacos B.C.,Genişletme,giorgos bourneles
giorgos bourneles istatistik,EuroLeague,Basketbol,Lig,1. Seviye,Ana Liste,Erkek,Kulüp,Takım Sporu,Yurt Dışı,Yabancı,Yok,Doğrulanacak,Yıllık,Sürekli Lig,İstatistik,Bilgi,Oyuncu,Jenerik,İngilizce,Body,İstatistik,Olympiacos B.C.,Genişletme,giorgos bourneles
giannoulis larentzakis,EuroLeague,Basketbol,Lig,1. Seviye,Ana Liste,Erkek,Kulüp,Takım Sporu,Yurt Dışı,Yabancı,Yok,Doğrulanacak,Yıllık,Sürekli Lig,Oyuncu Jenerik,Bilgi,Oyuncu,Jenerik,İngilizce,Head,Oyuncu Jenerik,Olympiacos B.C.,Genişletme,giannoulis larentzakis
giannoulis larentzakis kimdir,EuroLeague,Basketbol,Lig,1. Seviye,Ana Liste,Erkek,Kulüp,Takım Sporu,Yurt Dışı,Yabancı,Yok,Doğrulanacak,Yıllık,Sürekli Lig,Oyuncu Bilgi,Bilgi,Oyuncu,Jenerik,İngilizce,Body,Oyuncu Bilgi,Olympiacos B.C.,Genişletme,giannoulis larentzakis
giannoulis larentzakis hangi takımda,EuroLeague,Basketbol,Lig,1. Seviye,Ana Liste,Erkek,Kulüp,Takım Sporu,Yurt Dışı,Yabancı,Yok,Doğrulanacak,Yıllık,Sürekli Lig,Oyuncu Bilgi,Bilgi,Oyuncu,Jenerik,Türkçe,Body,Oyuncu Bilgi,Olympiacos B.C.,Genişletme,giannoulis larentzakis
giannoulis larentzakis istatistik,EuroLeague,Basketbol,Lig,1. Seviye,Ana Liste,Erkek,Kulüp,Takım Sporu,Yurt Dışı,Yabancı,Yok,Doğrulanacak,Yıllık,Sürekli Lig,İstatistik,Bilgi,Oyuncu,Jenerik,İngilizce,Body,İstatistik,Olympiacos B.C.,Genişletme,giannoulis larentzakis
jean montero,EuroLeague,Basketbol,Lig,1. Seviye,Ana Liste,Erkek,Kulüp,Takım Sporu,Yurt Dışı,Yabancı,Yok,Doğrulanacak,Yıllık,Sürekli Lig,Oyuncu Jenerik,Bilgi,Oyuncu,Jenerik,İngilizce,Head,Oyuncu Jenerik,Olympiacos B.C.,Genişletme,jean montero
jean montero kimdir,EuroLeague,Basketbol,Lig,1. Seviye,Ana Liste,Erkek,Kulüp,Takım Sporu,Yurt Dışı,Yabancı,Yok,Doğrulanacak,Yıllık,Sürekli Lig,Oyuncu Bilgi,Bilgi,Oyuncu,Jenerik,İngilizce,Body,Oyuncu Bilgi,Olympiacos B.C.,Genişletme,jean montero
jean montero hangi takımda,EuroLeague,Basketbol,Lig,1. Seviye,Ana Liste,Erkek,Kulüp,Takım Sporu,Yurt Dışı,Yabancı,Yok,Doğrulanacak,Yıllık,Sürekli Lig,Oyuncu Bilgi,Bilgi,Oyuncu,Jenerik,Türkçe,Body,Oyuncu Bilgi,Olympiacos B.C.,Genişletme,jean montero
jean montero istatistik,EuroLeague,Basketbol,Lig,1. Seviye,Ana Liste,Erkek,Kulüp,Takım Sporu,Yurt Dışı,Yabancı,Yok,Doğrulanacak,Yıllık,Sürekli Lig,İstatistik,Bilgi,Oyuncu,Jenerik,İngilizce,Body,İstatistik,Olympiacos B.C.,Genişletme,jean montero
sasha vezenkov,EuroLeague,Basketbol,Lig,1. Seviye,Ana Liste,Erkek,Kulüp,Takım Sporu,Yurt Dışı,Yabancı,Yok,Doğrulanacak,Yıllık,Sürekli Lig,Oyuncu Jenerik,Bilgi,Oyuncu,Jenerik,İngilizce,Head,Oyuncu Jenerik,Olympiacos B.C.,Genişletme,sasha vezenkov
sasha vezenkov kimdir,EuroLeague,Basketbol,Lig,1. Seviye,Ana Liste,Erkek,Kulüp,Takım Sporu,Yurt Dışı,Yabancı,Yok,Doğrulanacak,Yıllık,Sürekli Lig,Oyuncu Bilgi,Bilgi,Oyuncu,Jenerik,İngilizce,Body,Oyuncu Bilgi,Olympiacos B.C.,Genişletme,sasha vezenkov
sasha vezenkov hangi takımda,EuroLeague,Basketbol,Lig,1. Seviye,Ana Liste,Erkek,Kulüp,Takım Sporu,Yurt Dışı,Yabancı,Yok,Doğrulanacak,Yıllık,Sürekli Lig,Oyuncu Bilgi,Bilgi,Oyuncu,Jenerik,Türkçe,Body,Oyuncu Bilgi,Olympiacos B.C.,Genişletme,sasha vezenkov
sasha vezenkov istatistik,EuroLeague,Basketbol,Lig,1. Seviye,Ana Liste,Erkek,Kulüp,Takım Sporu,Yurt Dışı,Yabancı,Yok,Doğrulanacak,Yıllık,Sürekli Lig,İstatistik,Bilgi,Oyuncu,Jenerik,İngilizce,Body,İstatistik,Olympiacos B.C.,Genişletme,sasha vezenkov
omiros netzipoglou,EuroLeague,Basketbol,Lig,1. Seviye,Ana Liste,Erkek,Kulüp,Takım Sporu,Yurt Dışı,Yabancı,Yok,Doğrulanacak,Yıllık,Sürekli Lig,Oyuncu Jenerik,Bilgi,Oyuncu,Jenerik,İngilizce,Head,Oyuncu Jenerik,Olympiacos B.C.,Genişletme,omiros netzipoglou
omiros netzipoglou kimdir,EuroLeague,Basketbol,Lig,1. Seviye,Ana Liste,Erkek,Kulüp,Takım Sporu,Yurt Dışı,Yabancı,Yok,Doğrulanacak,Yıllık,Sürekli Lig,Oyuncu Bilgi,Bilgi,Oyuncu,Jenerik,İngilizce,Body,Oyuncu Bilgi,Olympiacos B.C.,Genişletme,omiros netzipoglou
omiros netzipoglou hangi takımda,EuroLeague,Basketbol,Lig,1. Seviye,Ana Liste,Erkek,Kulüp,Takım Sporu,Yurt Dışı,Yabancı,Yok,Doğrulanacak,Yıllık,Sürekli Lig,Oyuncu Bilgi,Bilgi,Oyuncu,Jenerik,Türkçe,Body,Oyuncu Bilgi,Olympiacos B.C.,Genişletme,omiros netzipoglou
omiros netzipoglou istatistik,EuroLeague,Basketbol,Lig,1. Seviye,Ana Liste,Erkek,Kulüp,Takım Sporu,Yurt Dışı,Yabancı,Yok,Doğrulanacak,Yıllık,Sürekli Lig,İstatistik,Bilgi,Oyuncu,Jenerik,İngilizce,Body,İstatistik,Olympiacos B.C.,Genişletme,omiros netzipoglou
tyrique jones,EuroLeague,Basketbol,Lig,1. Seviye,Ana Liste,Erkek,Kulüp,Takım Sporu,Yurt Dışı,Yabancı,Yok,Doğrulanacak,Yıllık,Sürekli Lig,Oyuncu Jenerik,Bilgi,Oyuncu,Jenerik,İngilizce,Head,Oyuncu Jenerik,Olympiacos B.C.,Genişletme,tyrique jones
tyrique jones kimdir,EuroLeague,Basketbol,Lig,1. Seviye,Ana Liste,Erkek,Kulüp,Takım Sporu,Yurt Dışı,Yabancı,Yok,Doğrulanacak,Yıllık,Sürekli Lig,Oyuncu Bilgi,Bilgi,Oyuncu,Jenerik,İngilizce,Body,Oyuncu Bilgi,Olympiacos B.C.,Genişletme,tyrique jones
tyrique jones hangi takımda,EuroLeague,Basketbol,Lig,1. Seviye,Ana Liste,Erkek,Kulüp,Takım Sporu,Yurt Dışı,Yabancı,Yok,Doğrulanacak,Yıllık,Sürekli Lig,Oyuncu Bilgi,Bilgi,Oyuncu,Jenerik,Türkçe,Body,Oyuncu Bilgi,Olympiacos B.C.,Genişletme,tyrique jones
tyrique jones istatistik,EuroLeague,Basketbol,Lig,1. Seviye,Ana Liste,Erkek,Kulüp,Takım Sporu,Yurt Dışı,Yabancı,Yok,Doğrulanacak,Yıllık,Sürekli Lig,İstatistik,Bilgi,Oyuncu,Jenerik,İngilizce,Body,İstatistik,Olympiacos B.C.,Genişletme,tyrique jones
codi miller-mcintyre,EuroLeague,Basketbol,Lig,1. Seviye,Ana Liste,Erkek,Kulüp,Takım Sporu,Yurt Dışı,Yabancı,Yok,Doğrulanacak,Yıllık,Sürekli Lig,Oyuncu Jenerik,Bilgi,Oyuncu,Jenerik,İngilizce,Head,Oyuncu Jenerik,Olympiacos B.C.,Genişletme,codi miller-mcintyre
codi miller-mcintyre kimdir,EuroLeague,Basketbol,Lig,1. Seviye,Ana Liste,Erkek,Kulüp,Takım Sporu,Yurt Dışı,Yabancı,Yok,Doğrulanacak,Yıllık,Sürekli Lig,Oyuncu Bilgi,Bilgi,Oyuncu,Jenerik,İngilizce,Body,Oyuncu Bilgi,Olympiacos B.C.,Genişletme,codi miller-mcintyre
codi miller-mcintyre hangi takımda,EuroLeague,Basketbol,Lig,1. Seviye,Ana Liste,Erkek,Kulüp,Takım Sporu,Yurt Dışı,Yabancı,Yok,Doğrulanacak,Yıllık,Sürekli Lig,Oyuncu Bilgi,Bilgi,Oyuncu,Jenerik,Türkçe,Body,Oyuncu Bilgi,Olympiacos B.C.,Genişletme,codi miller-mcintyre
codi miller-mcintyre istatistik,EuroLeague,Basketbol,Lig,1. Seviye,Ana Liste,Erkek,Kulüp,Takım Sporu,Yurt Dışı,Yabancı,Yok,Doğrulanacak,Yıllık,Sürekli Lig,İstatistik,Bilgi,Oyuncu,Jenerik,İngilizce,Body,İstatistik,Olympiacos B.C.,Genişletme,codi miller-mcintyre
mbaye ndiaye,EuroLeague,Basketbol,Lig,1. Seviye,Ana Liste,Erkek,Kulüp,Takım Sporu,Yurt Dışı,Yabancı,Yok,Doğrulanacak,Yıllık,Sürekli Lig,Oyuncu Jenerik,Bilgi,Oyuncu,Jenerik,İngilizce,Head,Oyuncu Jenerik,Olympiacos B.C.,Genişletme,mbaye ndiaye
mbaye ndiaye kimdir,EuroLeague,Basketbol,Lig,1. Seviye,Ana Liste,Erkek,Kulüp,Takım Sporu,Yurt Dışı,Yabancı,Yok,Doğrulanacak,Yıllık,Sürekli Lig,Oyuncu Bilgi,Bilgi,Oyuncu,Jenerik,İngilizce,Body,Oyuncu Bilgi,Olympiacos B.C.,Genişletme,mbaye ndiaye
mbaye ndiaye hangi takımda,EuroLeague,Basketbol,Lig,1. Seviye,Ana Liste,Erkek,Kulüp,Takım Sporu,Yurt Dışı,Yabancı,Yok,Doğrulanacak,Yıllık,Sürekli Lig,Oyuncu Bilgi,Bilgi,Oyuncu,Jenerik,Türkçe,Body,Oyuncu Bilgi,Olympiacos B.C.,Genişletme,mbaye ndiaye
mbaye ndiaye istatistik,EuroLeague,Basketbol,Lig,1. Seviye,Ana Liste,Erkek,Kulüp,Takım Sporu,Yurt Dışı,Yabancı,Yok,Doğrulanacak,Yıllık,Sürekli Lig,İstatistik,Bilgi,Oyuncu,Jenerik,İngilizce,Body,İstatistik,Olympiacos B.C.,Genişletme,mbaye ndiaye
gabriel lundberg,EuroLeague,Basketbol,Lig,1. Seviye,Ana Liste,Erkek,Kulüp,Takım Sporu,Yurt Dışı,Yabancı,Yok,Doğrulanacak,Yıllık,Sürekli Lig,Oyuncu Jenerik,Bilgi,Oyuncu,Jenerik,İngilizce,Head,Oyuncu Jenerik,Maccabi Tel Aviv B.C.,Genişletme,gabriel lundberg
gabriel lundberg kimdir,EuroLeague,Basketbol,Lig,1. Seviye,Ana Liste,Erkek,Kulüp,Takım Sporu,Yurt Dışı,Yabancı,Yok,Doğrulanacak,Yıllık,Sürekli Lig,Oyuncu Bilgi,Bilgi,Oyuncu,Jenerik,İngilizce,Body,Oyuncu Bilgi,Maccabi Tel Aviv B.C.,Genişletme,gabriel lundberg
gabriel lundberg hangi takımda,EuroLeague,Basketbol,Lig,1. Seviye,Ana Liste,Erkek,Kulüp,Takım Sporu,Yurt Dışı,Yabancı,Yok,Doğrulanacak,Yıllık,Sürekli Lig,Oyuncu Bilgi,Bilgi,Oyuncu,Jenerik,Türkçe,Body,Oyuncu Bilgi,Maccabi Tel Aviv B.C.,Genişletme,gabriel lundberg
gabriel lundberg istatistik,EuroLeague,Basketbol,Lig,1. Seviye,Ana Liste,Erkek,Kulüp,Takım Sporu,Yurt Dışı,Yabancı,Yok,Doğrulanacak,Yıllık,Sürekli Lig,İstatistik,Bilgi,Oyuncu,Jenerik,İngilizce,Body,İstatistik,Maccabi Tel Aviv B.C.,Genişletme,gabriel lundberg
jaylen hoard,EuroLeague,Basketbol,Lig,1. Seviye,Ana Liste,Erkek,Kulüp,Takım Sporu,Yurt Dışı,Yabancı,Yok,Doğrulanacak,Yıllık,Sürekli Lig,Oyuncu Jenerik,Bilgi,Oyuncu,Jenerik,İngilizce,Head,Oyuncu Jenerik,Maccabi Tel Aviv B.C.,Genişletme,jaylen hoard
jaylen hoard kimdir,EuroLeague,Basketbol,Lig,1. Seviye,Ana Liste,Erkek,Kulüp,Takım Sporu,Yurt Dışı,Yabancı,Yok,Doğrulanacak,Yıllık,Sürekli Lig,Oyuncu Bilgi,Bilgi,Oyuncu,Jenerik,İngilizce,Body,Oyuncu Bilgi,Maccabi Tel Aviv B.C.,Genişletme,jaylen hoard
jaylen hoard hangi takımda,EuroLeague,Basketbol,Lig,1. Seviye,Ana Liste,Erkek,Kulüp,Takım Sporu,Yurt Dışı,Yabancı,Yok,Doğrulanacak,Yıllık,Sürekli Lig,Oyuncu Bilgi,Bilgi,Oyuncu,Jenerik,Türkçe,Body,Oyuncu Bilgi,Maccabi Tel Aviv B.C.,Genişletme,jaylen hoard
jaylen hoard istatistik,EuroLeague,Basketbol,Lig,1. Seviye,Ana Liste,Erkek,Kulüp,Takım Sporu,Yurt Dışı,Yabancı,Yok,Doğrulanacak,Yıllık,Sürekli Lig,İstatistik,Bilgi,Oyuncu,Jenerik,İngilizce,Body,İstatistik,Maccabi Tel Aviv B.C.,Genişletme,jaylen hoard
jimmy clark iii,EuroLeague,Basketbol,Lig,1. Seviye,Ana Liste,Erkek,Kulüp,Takım Sporu,Yurt Dışı,Yabancı,Yok,Doğrulanacak,Yıllık,Sürekli Lig,Oyuncu Jenerik,Bilgi,Oyuncu,Jenerik,İngilizce,Body,Oyuncu Jenerik,Maccabi Tel Aviv B.C.,Genişletme,jimmy clark iii
jimmy clark iii kimdir,EuroLeague,Basketbol,Lig,1. Seviye,Ana Liste,Erkek,Kulüp,Takım Sporu,Yurt Dışı,Yabancı,Yok,Doğrulanacak,Yıllık,Sürekli Lig,Oyuncu Bilgi,Bilgi,Oyuncu,Jenerik,İngilizce,Body,Oyuncu Bilgi,Maccabi Tel Aviv B.C.,Genişletme,jimmy clark iii
jimmy clark iii hangi takımda,EuroLeague,Basketbol,Lig,1. Seviye,Ana Liste,Erkek,Kulüp,Takım Sporu,Yurt Dışı,Yabancı,Yok,Doğrulanacak,Yıllık,Sürekli Lig,Oyuncu Bilgi,Bilgi,Oyuncu,Jenerik,Türkçe,Long-tail,Oyuncu Bilgi,Maccabi Tel Aviv B.C.,Genişletme,jimmy clark iii
jimmy clark iii istatistik,EuroLeague,Basketbol,Lig,1. Seviye,Ana Liste,Erkek,Kulüp,Takım Sporu,Yurt Dışı,Yabancı,Yok,Doğrulanacak,Yıllık,Sürekli Lig,İstatistik,Bilgi,Oyuncu,Jenerik,İngilizce,Body,İstatistik,Maccabi Tel Aviv B.C.,Genişletme,jimmy clark iii
amit ebo,EuroLeague,Basketbol,Lig,1. Seviye,Ana Liste,Erkek,Kulüp,Takım Sporu,Yurt Dışı,Yabancı,Yok,Doğrulanacak,Yıllık,Sürekli Lig,Oyuncu Jenerik,Bilgi,Oyuncu,Jenerik,İngilizce,Head,Oyuncu Jenerik,Maccabi Tel Aviv B.C.,Genişletme,amit ebo
amit ebo kimdir,EuroLeague,Basketbol,Lig,1. Seviye,Ana Liste,Erkek,Kulüp,Takım Sporu,Yurt Dışı,Yabancı,Yok,Doğrulanacak,Yıllık,Sürekli Lig,Oyuncu Bilgi,Bilgi,Oyuncu,Jenerik,İngilizce,Body,Oyuncu Bilgi,Maccabi Tel Aviv B.C.,Genişletme,amit ebo
amit ebo hangi takımda,EuroLeague,Basketbol,Lig,1. Seviye,Ana Liste,Erkek,Kulüp,Takım Sporu,Yurt Dışı,Yabancı,Yok,Doğrulanacak,Yıllık,Sürekli Lig,Oyuncu Bilgi,Bilgi,Oyuncu,Jenerik,Türkçe,Body,Oyuncu Bilgi,Maccabi Tel Aviv B.C.,Genişletme,amit ebo
amit ebo istatistik,EuroLeague,Basketbol,Lig,1. Seviye,Ana Liste,Erkek,Kulüp,Takım Sporu,Yurt Dışı,Yabancı,Yok,Doğrulanacak,Yıllık,Sürekli Lig,İstatistik,Bilgi,Oyuncu,Jenerik,İngilizce,Body,İstatistik,Maccabi Tel Aviv B.C.,Genişletme,amit ebo
gur lavy,EuroLeague,Basketbol,Lig,1. Seviye,Ana Liste,Erkek,Kulüp,Takım Sporu,Yurt Dışı,Yabancı,Yok,Doğrulanacak,Yıllık,Sürekli Lig,Oyuncu Jenerik,Bilgi,Oyuncu,Jenerik,İngilizce,Head,Oyuncu Jenerik,Maccabi Tel Aviv B.C.,Genişletme,gur lavy
gur lavy kimdir,EuroLeague,Basketbol,Lig,1. Seviye,Ana Liste,Erkek,Kulüp,Takım Sporu,Yurt Dışı,Yabancı,Yok,Doğrulanacak,Yıllık,Sürekli Lig,Oyuncu Bilgi,Bilgi,Oyuncu,Jenerik,İngilizce,Body,Oyuncu Bilgi,Maccabi Tel Aviv B.C.,Genişletme,gur lavy
gur lavy hangi takımda,EuroLeague,Basketbol,Lig,1. Seviye,Ana Liste,Erkek,Kulüp,Takım Sporu,Yurt Dışı,Yabancı,Yok,Doğrulanacak,Yıllık,Sürekli Lig,Oyuncu Bilgi,Bilgi,Oyuncu,Jenerik,Türkçe,Body,Oyuncu Bilgi,Maccabi Tel Aviv B.C.,Genişletme,gur lavy
gur lavy istatistik,EuroLeague,Basketbol,Lig,1. Seviye,Ana Liste,Erkek,Kulüp,Takım Sporu,Yurt Dışı,Yabancı,Yok,Doğrulanacak,Yıllık,Sürekli Lig,İstatistik,Bilgi,Oyuncu,Jenerik,İngilizce,Body,İstatistik,Maccabi Tel Aviv B.C.,Genişletme,gur lavy
armando bacot,EuroLeague,Basketbol,Lig,1. Seviye,Ana Liste,Erkek,Kulüp,Takım Sporu,Yurt Dışı,Yabancı,Yok,Doğrulanacak,Yıllık,Sürekli Lig,Oyuncu Jenerik,Bilgi,Oyuncu,Jenerik,İngilizce,Head,Oyuncu Jenerik,Maccabi Tel Aviv B.C.,Genişletme,armando bacot
armando bacot kimdir,EuroLeague,Basketbol,Lig,1. Seviye,Ana Liste,Erkek,Kulüp,Takım Sporu,Yurt Dışı,Yabancı,Yok,Doğrulanacak,Yıllık,Sürekli Lig,Oyuncu Bilgi,Bilgi,Oyuncu,Jenerik,İngilizce,Body,Oyuncu Bilgi,Maccabi Tel Aviv B.C.,Genişletme,armando bacot
armando bacot hangi takımda,EuroLeague,Basketbol,Lig,1. Seviye,Ana Liste,Erkek,Kulüp,Takım Sporu,Yurt Dışı,Yabancı,Yok,Doğrulanacak,Yıllık,Sürekli Lig,Oyuncu Bilgi,Bilgi,Oyuncu,Jenerik,Türkçe,Body,Oyuncu Bilgi,Maccabi Tel Aviv B.C.,Genişletme,armando bacot
armando bacot istatistik,EuroLeague,Basketbol,Lig,1. Seviye,Ana Liste,Erkek,Kulüp,Takım Sporu,Yurt Dışı,Yabancı,Yok,Doğrulanacak,Yıllık,Sürekli Lig,İstatistik,Bilgi,Oyuncu,Jenerik,İngilizce,Body,İstatistik,Maccabi Tel Aviv B.C.,Genişletme,armando bacot
roman sorkin,EuroLeague,Basketbol,Lig,1. Seviye,Ana Liste,Erkek,Kulüp,Takım Sporu,Yurt Dışı,Yabancı,Yok,Doğrulanacak,Yıllık,Sürekli Lig,Oyuncu Jenerik,Bilgi,Oyuncu,Jenerik,İngilizce,Head,Oyuncu Jenerik,Maccabi Tel Aviv B.C.,Genişletme,roman sorkin
roman sorkin kimdir,EuroLeague,Basketbol,Lig,1. Seviye,Ana Liste,Erkek,Kulüp,Takım Sporu,Yurt Dışı,Yabancı,Yok,Doğrulanacak,Yıllık,Sürekli Lig,Oyuncu Bilgi,Bilgi,Oyuncu,Jenerik,İngilizce,Body,Oyuncu Bilgi,Maccabi Tel Aviv B.C.,Genişletme,roman sorkin
roman sorkin hangi takımda,EuroLeague,Basketbol,Lig,1. Seviye,Ana Liste,Erkek,Kulüp,Takım Sporu,Yurt Dışı,Yabancı,Yok,Doğrulanacak,Yıllık,Sürekli Lig,Oyuncu Bilgi,Bilgi,Oyuncu,Jenerik,Türkçe,Body,Oyuncu Bilgi,Maccabi Tel Aviv B.C.,Genişletme,roman sorkin
roman sorkin istatistik,EuroLeague,Basketbol,Lig,1. Seviye,Ana Liste,Erkek,Kulüp,Takım Sporu,Yurt Dışı,Yabancı,Yok,Doğrulanacak,Yıllık,Sürekli Lig,İstatistik,Bilgi,Oyuncu,Jenerik,İngilizce,Body,İstatistik,Maccabi Tel Aviv B.C.,Genişletme,roman sorkin
will rayman,EuroLeague,Basketbol,Lig,1. Seviye,Ana Liste,Erkek,Kulüp,Takım Sporu,Yurt Dışı,Yabancı,Yok,Doğrulanacak,Yıllık,Sürekli Lig,Oyuncu Jenerik,Bilgi,Oyuncu,Jenerik,İngilizce,Head,Oyuncu Jenerik,Maccabi Tel Aviv B.C.,Genişletme,will rayman
will rayman kimdir,EuroLeague,Basketbol,Lig,1. Seviye,Ana Liste,Erkek,Kulüp,Takım Sporu,Yurt Dışı,Yabancı,Yok,Doğrulanacak,Yıllık,Sürekli Lig,Oyuncu Bilgi,Bilgi,Oyuncu,Jenerik,İngilizce,Body,Oyuncu Bilgi,Maccabi Tel Aviv B.C.,Genişletme,will rayman
will rayman hangi takımda,EuroLeague,Basketbol,Lig,1. Seviye,Ana Liste,Erkek,Kulüp,Takım Sporu,Yurt Dışı,Yabancı,Yok,Doğrulanacak,Yıllık,Sürekli Lig,Oyuncu Bilgi,Bilgi,Oyuncu,Jenerik,Türkçe,Body,Oyuncu Bilgi,Maccabi Tel Aviv B.C.,Genişletme,will rayman
will rayman istatistik,EuroLeague,Basketbol,Lig,1. Seviye,Ana Liste,Erkek,Kulüp,Takım Sporu,Yurt Dışı,Yabancı,Yok,Doğrulanacak,Yıllık,Sürekli Lig,İstatistik,Bilgi,Oyuncu,Jenerik,İngilizce,Body,İstatistik,Maccabi Tel Aviv B.C.,Genişletme,will rayman
john dibartolomeo,EuroLeague,Basketbol,Lig,1. Seviye,Ana Liste,Erkek,Kulüp,Takım Sporu,Yurt Dışı,Yabancı,Yok,Doğrulanacak,Yıllık,Sürekli Lig,Oyuncu Jenerik,Bilgi,Oyuncu,Jenerik,İngilizce,Head,Oyuncu Jenerik,Maccabi Tel Aviv B.C.,Genişletme,john dibartolomeo
john dibartolomeo kimdir,EuroLeague,Basketbol,Lig,1. Seviye,Ana Liste,Erkek,Kulüp,Takım Sporu,Yurt Dışı,Yabancı,Yok,Doğrulanacak,Yıllık,Sürekli Lig,Oyuncu Bilgi,Bilgi,Oyuncu,Jenerik,İngilizce,Body,Oyuncu Bilgi,Maccabi Tel Aviv B.C.,Genişletme,john dibartolomeo
john dibartolomeo hangi takımda,EuroLeague,Basketbol,Lig,1. Seviye,Ana Liste,Erkek,Kulüp,Takım Sporu,Yurt Dışı,Yabancı,Yok,Doğrulanacak,Yıllık,Sürekli Lig,Oyuncu Bilgi,Bilgi,Oyuncu,Jenerik,Türkçe,Body,Oyuncu Bilgi,Maccabi Tel Aviv B.C.,Genişletme,john dibartolomeo
john dibartolomeo istatistik,EuroLeague,Basketbol,Lig,1. Seviye,Ana Liste,Erkek,Kulüp,Takım Sporu,Yurt Dışı,Yabancı,Yok,Doğrulanacak,Yıllık,Sürekli Lig,İstatistik,Bilgi,Oyuncu,Jenerik,İngilizce,Body,İstatistik,Maccabi Tel Aviv B.C.,Genişletme,john dibartolomeo
keaton wallace,EuroLeague,Basketbol,Lig,1. Seviye,Ana Liste,Erkek,Kulüp,Takım Sporu,Yurt Dışı,Yabancı,Yok,Doğrulanacak,Yıllık,Sürekli Lig,Oyuncu Jenerik,Bilgi,Oyuncu,Jenerik,İngilizce,Head,Oyuncu Jenerik,Maccabi Tel Aviv B.C.,Genişletme,keaton wallace
keaton wallace kimdir,EuroLeague,Basketbol,Lig,1. Seviye,Ana Liste,Erkek,Kulüp,Takım Sporu,Yurt Dışı,Yabancı,Yok,Doğrulanacak,Yıllık,Sürekli Lig,Oyuncu Bilgi,Bilgi,Oyuncu,Jenerik,İngilizce,Body,Oyuncu Bilgi,Maccabi Tel Aviv B.C.,Genişletme,keaton wallace
keaton wallace hangi takımda,EuroLeague,Basketbol,Lig,1. Seviye,Ana Liste,Erkek,Kulüp,Takım Sporu,Yurt Dışı,Yabancı,Yok,Doğrulanacak,Yıllık,Sürekli Lig,Oyuncu Bilgi,Bilgi,Oyuncu,Jenerik,Türkçe,Body,Oyuncu Bilgi,Maccabi Tel Aviv B.C.,Genişletme,keaton wallace
keaton wallace istatistik,EuroLeague,Basketbol,Lig,1. Seviye,Ana Liste,Erkek,Kulüp,Takım Sporu,Yurt Dışı,Yabancı,Yok,Doğrulanacak,Yıllık,Sürekli Lig,İstatistik,Bilgi,Oyuncu,Jenerik,İngilizce,Body,İstatistik,Maccabi Tel Aviv B.C.,Genişletme,keaton wallace
t. j. leaf,EuroLeague,Basketbol,Lig,1. Seviye,Ana Liste,Erkek,Kulüp,Takım Sporu,Yurt Dışı,Yabancı,Yok,Doğrulanacak,Yıllık,Sürekli Lig,Oyuncu Jenerik,Bilgi,Oyuncu,Jenerik,İngilizce,Body,Oyuncu Jenerik,Maccabi Tel Aviv B.C.,Genişletme,t. j. leaf
t. j. leaf kimdir,EuroLeague,Basketbol,Lig,1. Seviye,Ana Liste,Erkek,Kulüp,Takım Sporu,Yurt Dışı,Yabancı,Yok,Doğrulanacak,Yıllık,Sürekli Lig,Oyuncu Bilgi,Bilgi,Oyuncu,Jenerik,İngilizce,Body,Oyuncu Bilgi,Maccabi Tel Aviv B.C.,Genişletme,t. j. leaf
t. j. leaf hangi takımda,EuroLeague,Basketbol,Lig,1. Seviye,Ana Liste,Erkek,Kulüp,Takım Sporu,Yurt Dışı,Yabancı,Yok,Doğrulanacak,Yıllık,Sürekli Lig,Oyuncu Bilgi,Bilgi,Oyuncu,Jenerik,Türkçe,Long-tail,Oyuncu Bilgi,Maccabi Tel Aviv B.C.,Genişletme,t. j. leaf
t. j. leaf istatistik,EuroLeague,Basketbol,Lig,1. Seviye,Ana Liste,Erkek,Kulüp,Takım Sporu,Yurt Dışı,Yabancı,Yok,Doğrulanacak,Yıllık,Sürekli Lig,İstatistik,Bilgi,Oyuncu,Jenerik,İngilizce,Body,İstatistik,Maccabi Tel Aviv B.C.,Genişletme,t. j. leaf
yam madar,EuroLeague,Basketbol,Lig,1. Seviye,Ana Liste,Erkek,Kulüp,Takım Sporu,Yurt Dışı,Yabancı,Yok,Doğrulanacak,Yıllık,Sürekli Lig,Oyuncu Jenerik,Bilgi,Oyuncu,Jenerik,İngilizce,Head,Oyuncu Jenerik,Maccabi Tel Aviv B.C.,Genişletme,yam madar
yam madar kimdir,EuroLeague,Basketbol,Lig,1. Seviye,Ana Liste,Erkek,Kulüp,Takım Sporu,Yurt Dışı,Yabancı,Yok,Doğrulanacak,Yıllık,Sürekli Lig,Oyuncu Bilgi,Bilgi,Oyuncu,Jenerik,İngilizce,Body,Oyuncu Bilgi,Maccabi Tel Aviv B.C.,Genişletme,yam madar
yam madar hangi takımda,EuroLeague,Basketbol,Lig,1. Seviye,Ana Liste,Erkek,Kulüp,Takım Sporu,Yurt Dışı,Yabancı,Yok,Doğrulanacak,Yıllık,Sürekli Lig,Oyuncu Bilgi,Bilgi,Oyuncu,Jenerik,Türkçe,Body,Oyuncu Bilgi,Maccabi Tel Aviv B.C.,Genişletme,yam madar
yam madar istatistik,EuroLeague,Basketbol,Lig,1. Seviye,Ana Liste,Erkek,Kulüp,Takım Sporu,Yurt Dışı,Yabancı,Yok,Doğrulanacak,Yıllık,Sürekli Lig,İstatistik,Bilgi,Oyuncu,Jenerik,İngilizce,Body,İstatistik,Maccabi Tel Aviv B.C.,Genişletme,yam madar
shane hunter,EuroLeague,Basketbol,Lig,1. Seviye,Ana Liste,Erkek,Kulüp,Takım Sporu,Yurt Dışı,Yabancı,Yok,Doğrulanacak,Yıllık,Sürekli Lig,Oyuncu Jenerik,Bilgi,Oyuncu,Jenerik,İngilizce,Head,Oyuncu Jenerik,Maccabi Tel Aviv B.C.,Genişletme,shane hunter
shane hunter kimdir,EuroLeague,Basketbol,Lig,1. Seviye,Ana Liste,Erkek,Kulüp,Takım Sporu,Yurt Dışı,Yabancı,Yok,Doğrulanacak,Yıllık,Sürekli Lig,Oyuncu Bilgi,Bilgi,Oyuncu,Jenerik,İngilizce,Body,Oyuncu Bilgi,Maccabi Tel Aviv B.C.,Genişletme,shane hunter
shane hunter hangi takımda,EuroLeague,Basketbol,Lig,1. Seviye,Ana Liste,Erkek,Kulüp,Takım Sporu,Yurt Dışı,Yabancı,Yok,Doğrulanacak,Yıllık,Sürekli Lig,Oyuncu Bilgi,Bilgi,Oyuncu,Jenerik,Türkçe,Body,Oyuncu Bilgi,Maccabi Tel Aviv B.C.,Genişletme,shane hunter
shane hunter istatistik,EuroLeague,Basketbol,Lig,1. Seviye,Ana Liste,Erkek,Kulüp,Takım Sporu,Yurt Dışı,Yabancı,Yok,Doğrulanacak,Yıllık,Sürekli Lig,İstatistik,Bilgi,Oyuncu,Jenerik,İngilizce,Body,İstatistik,Maccabi Tel Aviv B.C.,Genişletme,shane hunter
kyle allman jr.,EuroLeague,Basketbol,Lig,1. Seviye,Ana Liste,Erkek,Kulüp,Takım Sporu,Yurt Dışı,Yabancı,Yok,Doğrulanacak,Yıllık,Sürekli Lig,Oyuncu Jenerik,Bilgi,Oyuncu,Jenerik,İngilizce,Body,Oyuncu Jenerik,KK Partizan,Genişletme,kyle allman jr.
kyle allman jr. kimdir,EuroLeague,Basketbol,Lig,1. Seviye,Ana Liste,Erkek,Kulüp,Takım Sporu,Yurt Dışı,Yabancı,Yok,Doğrulanacak,Yıllık,Sürekli Lig,Oyuncu Bilgi,Bilgi,Oyuncu,Jenerik,İngilizce,Body,Oyuncu Bilgi,KK Partizan,Genişletme,kyle allman jr.
kyle allman jr. hangi takımda,EuroLeague,Basketbol,Lig,1. Seviye,Ana Liste,Erkek,Kulüp,Takım Sporu,Yurt Dışı,Yabancı,Yok,Doğrulanacak,Yıllık,Sürekli Lig,Oyuncu Bilgi,Bilgi,Oyuncu,Jenerik,Türkçe,Long-tail,Oyuncu Bilgi,KK Partizan,Genişletme,kyle allman jr.
kyle allman jr. istatistik,EuroLeague,Basketbol,Lig,1. Seviye,Ana Liste,Erkek,Kulüp,Takım Sporu,Yurt Dışı,Yabancı,Yok,Doğrulanacak,Yıllık,Sürekli Lig,İstatistik,Bilgi,Oyuncu,Jenerik,İngilizce,Body,İstatistik,KK Partizan,Genişletme,kyle allman jr.
carlik jones,EuroLeague,Basketbol,Lig,1. Seviye,Ana Liste,Erkek,Kulüp,Takım Sporu,Yurt Dışı,Yabancı,Yok,Doğrulanacak,Yıllık,Sürekli Lig,Oyuncu Jenerik,Bilgi,Oyuncu,Jenerik,İngilizce,Head,Oyuncu Jenerik,KK Partizan,Genişletme,carlik jones
carlik jones kimdir,EuroLeague,Basketbol,Lig,1. Seviye,Ana Liste,Erkek,Kulüp,Takım Sporu,Yurt Dışı,Yabancı,Yok,Doğrulanacak,Yıllık,Sürekli Lig,Oyuncu Bilgi,Bilgi,Oyuncu,Jenerik,İngilizce,Body,Oyuncu Bilgi,KK Partizan,Genişletme,carlik jones
carlik jones hangi takımda,EuroLeague,Basketbol,Lig,1. Seviye,Ana Liste,Erkek,Kulüp,Takım Sporu,Yurt Dışı,Yabancı,Yok,Doğrulanacak,Yıllık,Sürekli Lig,Oyuncu Bilgi,Bilgi,Oyuncu,Jenerik,Türkçe,Body,Oyuncu Bilgi,KK Partizan,Genişletme,carlik jones
carlik jones istatistik,EuroLeague,Basketbol,Lig,1. Seviye,Ana Liste,Erkek,Kulüp,Takım Sporu,Yurt Dışı,Yabancı,Yok,Doğrulanacak,Yıllık,Sürekli Lig,İstatistik,Bilgi,Oyuncu,Jenerik,İngilizce,Body,İstatistik,KK Partizan,Genişletme,carlik jones
ethan thompson,EuroLeague,Basketbol,Lig,1. Seviye,Ana Liste,Erkek,Kulüp,Takım Sporu,Yurt Dışı,Yabancı,Yok,Doğrulanacak,Yıllık,Sürekli Lig,Oyuncu Jenerik,Bilgi,Oyuncu,Jenerik,İngilizce,Head,Oyuncu Jenerik,KK Partizan,Genişletme,ethan thompson
ethan thompson kimdir,EuroLeague,Basketbol,Lig,1. Seviye,Ana Liste,Erkek,Kulüp,Takım Sporu,Yurt Dışı,Yabancı,Yok,Doğrulanacak,Yıllık,Sürekli Lig,Oyuncu Bilgi,Bilgi,Oyuncu,Jenerik,İngilizce,Body,Oyuncu Bilgi,KK Partizan,Genişletme,ethan thompson
ethan thompson hangi takımda,EuroLeague,Basketbol,Lig,1. Seviye,Ana Liste,Erkek,Kulüp,Takım Sporu,Yurt Dışı,Yabancı,Yok,Doğrulanacak,Yıllık,Sürekli Lig,Oyuncu Bilgi,Bilgi,Oyuncu,Jenerik,Türkçe,Body,Oyuncu Bilgi,KK Partizan,Genişletme,ethan thompson
ethan thompson istatistik,EuroLeague,Basketbol,Lig,1. Seviye,Ana Liste,Erkek,Kulüp,Takım Sporu,Yurt Dışı,Yabancı,Yok,Doğrulanacak,Yıllık,Sürekli Lig,İstatistik,Bilgi,Oyuncu,Jenerik,İngilizce,Body,İstatistik,KK Partizan,Genişletme,ethan thompson
alessandro pajola,EuroLeague,Basketbol,Lig,1. Seviye,Ana Liste,Erkek,Kulüp,Takım Sporu,Yurt Dışı,Yabancı,Yok,Doğrulanacak,Yıllık,Sürekli Lig,Oyuncu Jenerik,Bilgi,Oyuncu,Jenerik,İngilizce,Head,Oyuncu Jenerik,KK Partizan,Genişletme,alessandro pajola
alessandro pajola kimdir,EuroLeague,Basketbol,Lig,1. Seviye,Ana Liste,Erkek,Kulüp,Takım Sporu,Yurt Dışı,Yabancı,Yok,Doğrulanacak,Yıllık,Sürekli Lig,Oyuncu Bilgi,Bilgi,Oyuncu,Jenerik,İngilizce,Body,Oyuncu Bilgi,KK Partizan,Genişletme,alessandro pajola
alessandro pajola hangi takımda,EuroLeague,Basketbol,Lig,1. Seviye,Ana Liste,Erkek,Kulüp,Takım Sporu,Yurt Dışı,Yabancı,Yok,Doğrulanacak,Yıllık,Sürekli Lig,Oyuncu Bilgi,Bilgi,Oyuncu,Jenerik,Türkçe,Body,Oyuncu Bilgi,KK Partizan,Genişletme,alessandro pajola
alessandro pajola istatistik,EuroLeague,Basketbol,Lig,1. Seviye,Ana Liste,Erkek,Kulüp,Takım Sporu,Yurt Dışı,Yabancı,Yok,Doğrulanacak,Yıllık,Sürekli Lig,İstatistik,Bilgi,Oyuncu,Jenerik,İngilizce,Body,İstatistik,KK Partizan,Genişletme,alessandro pajola
mario nakic,EuroLeague,Basketbol,Lig,1. Seviye,Ana Liste,Erkek,Kulüp,Takım Sporu,Yurt Dışı,Yabancı,Yok,Doğrulanacak,Yıllık,Sürekli Lig,Oyuncu Jenerik,Bilgi,Oyuncu,Jenerik,İngilizce,Head,Oyuncu Jenerik,KK Partizan,Genişletme,mario nakic
mario nakic kimdir,EuroLeague,Basketbol,Lig,1. Seviye,Ana Liste,Erkek,Kulüp,Takım Sporu,Yurt Dışı,Yabancı,Yok,Doğrulanacak,Yıllık,Sürekli Lig,Oyuncu Bilgi,Bilgi,Oyuncu,Jenerik,İngilizce,Body,Oyuncu Bilgi,KK Partizan,Genişletme,mario nakic
mario nakic hangi takımda,EuroLeague,Basketbol,Lig,1. Seviye,Ana Liste,Erkek,Kulüp,Takım Sporu,Yurt Dışı,Yabancı,Yok,Doğrulanacak,Yıllık,Sürekli Lig,Oyuncu Bilgi,Bilgi,Oyuncu,Jenerik,Türkçe,Body,Oyuncu Bilgi,KK Partizan,Genişletme,mario nakic
mario nakic istatistik,EuroLeague,Basketbol,Lig,1. Seviye,Ana Liste,Erkek,Kulüp,Takım Sporu,Yurt Dışı,Yabancı,Yok,Doğrulanacak,Yıllık,Sürekli Lig,İstatistik,Bilgi,Oyuncu,Jenerik,İngilizce,Body,İstatistik,KK Partizan,Genişletme,mario nakic
nikola tanaskovic,EuroLeague,Basketbol,Lig,1. Seviye,Ana Liste,Erkek,Kulüp,Takım Sporu,Yurt Dışı,Yabancı,Yok,Doğrulanacak,Yıllık,Sürekli Lig,Oyuncu Jenerik,Bilgi,Oyuncu,Jenerik,İngilizce,Head,Oyuncu Jenerik,KK Partizan,Genişletme,nikola tanaskovic
nikola tanaskovic kimdir,EuroLeague,Basketbol,Lig,1. Seviye,Ana Liste,Erkek,Kulüp,Takım Sporu,Yurt Dışı,Yabancı,Yok,Doğrulanacak,Yıllık,Sürekli Lig,Oyuncu Bilgi,Bilgi,Oyuncu,Jenerik,İngilizce,Body,Oyuncu Bilgi,KK Partizan,Genişletme,nikola tanaskovic
nikola tanaskovic hangi takımda,EuroLeague,Basketbol,Lig,1. Seviye,Ana Liste,Erkek,Kulüp,Takım Sporu,Yurt Dışı,Yabancı,Yok,Doğrulanacak,Yıllık,Sürekli Lig,Oyuncu Bilgi,Bilgi,Oyuncu,Jenerik,Türkçe,Body,Oyuncu Bilgi,KK Partizan,Genişletme,nikola tanaskovic
nikola tanaskovic istatistik,EuroLeague,Basketbol,Lig,1. Seviye,Ana Liste,Erkek,Kulüp,Takım Sporu,Yurt Dışı,Yabancı,Yok,Doğrulanacak,Yıllık,Sürekli Lig,İstatistik,Bilgi,Oyuncu,Jenerik,İngilizce,Body,İstatistik,KK Partizan,Genişletme,nikola tanaskovic
kevarrius hayes,EuroLeague,Basketbol,Lig,1. Seviye,Ana Liste,Erkek,Kulüp,Takım Sporu,Yurt Dışı,Yabancı,Yok,Doğrulanacak,Yıllık,Sürekli Lig,Oyuncu Jenerik,Bilgi,Oyuncu,Jenerik,İngilizce,Head,Oyuncu Jenerik,KK Partizan,Genişletme,kevarrius hayes
kevarrius hayes kimdir,EuroLeague,Basketbol,Lig,1. Seviye,Ana Liste,Erkek,Kulüp,Takım Sporu,Yurt Dışı,Yabancı,Yok,Doğrulanacak,Yıllık,Sürekli Lig,Oyuncu Bilgi,Bilgi,Oyuncu,Jenerik,İngilizce,Body,Oyuncu Bilgi,KK Partizan,Genişletme,kevarrius hayes
kevarrius hayes hangi takımda,EuroLeague,Basketbol,Lig,1. Seviye,Ana Liste,Erkek,Kulüp,Takım Sporu,Yurt Dışı,Yabancı,Yok,Doğrulanacak,Yıllık,Sürekli Lig,Oyuncu Bilgi,Bilgi,Oyuncu,Jenerik,Türkçe,Body,Oyuncu Bilgi,KK Partizan,Genişletme,kevarrius hayes
kevarrius hayes istatistik,EuroLeague,Basketbol,Lig,1. Seviye,Ana Liste,Erkek,Kulüp,Takım Sporu,Yurt Dışı,Yabancı,Yok,Doğrulanacak,Yıllık,Sürekli Lig,İstatistik,Bilgi,Oyuncu,Jenerik,İngilizce,Body,İstatistik,KK Partizan,Genişletme,kevarrius hayes
arijan lakic,EuroLeague,Basketbol,Lig,1. Seviye,Ana Liste,Erkek,Kulüp,Takım Sporu,Yurt Dışı,Yabancı,Yok,Doğrulanacak,Yıllık,Sürekli Lig,Oyuncu Jenerik,Bilgi,Oyuncu,Jenerik,İngilizce,Head,Oyuncu Jenerik,KK Partizan,Genişletme,arijan lakic
arijan lakic kimdir,EuroLeague,Basketbol,Lig,1. Seviye,Ana Liste,Erkek,Kulüp,Takım Sporu,Yurt Dışı,Yabancı,Yok,Doğrulanacak,Yıllık,Sürekli Lig,Oyuncu Bilgi,Bilgi,Oyuncu,Jenerik,İngilizce,Body,Oyuncu Bilgi,KK Partizan,Genişletme,arijan lakic
arijan lakic hangi takımda,EuroLeague,Basketbol,Lig,1. Seviye,Ana Liste,Erkek,Kulüp,Takım Sporu,Yurt Dışı,Yabancı,Yok,Doğrulanacak,Yıllık,Sürekli Lig,Oyuncu Bilgi,Bilgi,Oyuncu,Jenerik,Türkçe,Body,Oyuncu Bilgi,KK Partizan,Genişletme,arijan lakic
arijan lakic istatistik,EuroLeague,Basketbol,Lig,1. Seviye,Ana Liste,Erkek,Kulüp,Takım Sporu,Yurt Dışı,Yabancı,Yok,Doğrulanacak,Yıllık,Sürekli Lig,İstatistik,Bilgi,Oyuncu,Jenerik,İngilizce,Body,İstatistik,KK Partizan,Genişletme,arijan lakic
tonye jekiri,EuroLeague,Basketbol,Lig,1. Seviye,Ana Liste,Erkek,Kulüp,Takım Sporu,Yurt Dışı,Yabancı,Yok,Doğrulanacak,Yıllık,Sürekli Lig,Oyuncu Jenerik,Bilgi,Oyuncu,Jenerik,İngilizce,Head,Oyuncu Jenerik,KK Partizan,Genişletme,tonye jekiri
tonye jekiri kimdir,EuroLeague,Basketbol,Lig,1. Seviye,Ana Liste,Erkek,Kulüp,Takım Sporu,Yurt Dışı,Yabancı,Yok,Doğrulanacak,Yıllık,Sürekli Lig,Oyuncu Bilgi,Bilgi,Oyuncu,Jenerik,İngilizce,Body,Oyuncu Bilgi,KK Partizan,Genişletme,tonye jekiri
tonye jekiri hangi takımda,EuroLeague,Basketbol,Lig,1. Seviye,Ana Liste,Erkek,Kulüp,Takım Sporu,Yurt Dışı,Yabancı,Yok,Doğrulanacak,Yıllık,Sürekli Lig,Oyuncu Bilgi,Bilgi,Oyuncu,Jenerik,Türkçe,Body,Oyuncu Bilgi,KK Partizan,Genişletme,tonye jekiri
tonye jekiri istatistik,EuroLeague,Basketbol,Lig,1. Seviye,Ana Liste,Erkek,Kulüp,Takım Sporu,Yurt Dışı,Yabancı,Yok,Doğrulanacak,Yıllık,Sürekli Lig,İstatistik,Bilgi,Oyuncu,Jenerik,İngilizce,Body,İstatistik,KK Partizan,Genişletme,tonye jekiri
derek willis,EuroLeague,Basketbol,Lig,1. Seviye,Ana Liste,Erkek,Kulüp,Takım Sporu,Yurt Dışı,Yabancı,Yok,Doğrulanacak,Yıllık,Sürekli Lig,Oyuncu Jenerik,Bilgi,Oyuncu,Jenerik,İngilizce,Head,Oyuncu Jenerik,KK Partizan,Genişletme,derek willis
derek willis kimdir,EuroLeague,Basketbol,Lig,1. Seviye,Ana Liste,Erkek,Kulüp,Takım Sporu,Yurt Dışı,Yabancı,Yok,Doğrulanacak,Yıllık,Sürekli Lig,Oyuncu Bilgi,Bilgi,Oyuncu,Jenerik,İngilizce,Body,Oyuncu Bilgi,KK Partizan,Genişletme,derek willis
derek willis hangi takımda,EuroLeague,Basketbol,Lig,1. Seviye,Ana Liste,Erkek,Kulüp,Takım Sporu,Yurt Dışı,Yabancı,Yok,Doğrulanacak,Yıllık,Sürekli Lig,Oyuncu Bilgi,Bilgi,Oyuncu,Jenerik,Türkçe,Body,Oyuncu Bilgi,KK Partizan,Genişletme,derek willis
derek willis istatistik,EuroLeague,Basketbol,Lig,1. Seviye,Ana Liste,Erkek,Kulüp,Takım Sporu,Yurt Dışı,Yabancı,Yok,Doğrulanacak,Yıllık,Sürekli Lig,İstatistik,Bilgi,Oyuncu,Jenerik,İngilizce,Body,İstatistik,KK Partizan,Genişletme,derek willis
matteo spagnolo,EuroLeague,Basketbol,Lig,1. Seviye,Ana Liste,Erkek,Kulüp,Takım Sporu,Yurt Dışı,Yabancı,Yok,Doğrulanacak,Yıllık,Sürekli Lig,Oyuncu Jenerik,Bilgi,Oyuncu,Jenerik,İngilizce,Head,Oyuncu Jenerik,Saski Baskonia,Genişletme,matteo spagnolo
matteo spagnolo kimdir,EuroLeague,Basketbol,Lig,1. Seviye,Ana Liste,Erkek,Kulüp,Takım Sporu,Yurt Dışı,Yabancı,Yok,Doğrulanacak,Yıllık,Sürekli Lig,Oyuncu Bilgi,Bilgi,Oyuncu,Jenerik,İngilizce,Body,Oyuncu Bilgi,Saski Baskonia,Genişletme,matteo spagnolo
matteo spagnolo hangi takımda,EuroLeague,Basketbol,Lig,1. Seviye,Ana Liste,Erkek,Kulüp,Takım Sporu,Yurt Dışı,Yabancı,Yok,Doğrulanacak,Yıllık,Sürekli Lig,Oyuncu Bilgi,Bilgi,Oyuncu,Jenerik,Türkçe,Body,Oyuncu Bilgi,Saski Baskonia,Genişletme,matteo spagnolo
matteo spagnolo istatistik,EuroLeague,Basketbol,Lig,1. Seviye,Ana Liste,Erkek,Kulüp,Takım Sporu,Yurt Dışı,Yabancı,Yok,Doğrulanacak,Yıllık,Sürekli Lig,İstatistik,Bilgi,Oyuncu,Jenerik,İngilizce,Body,İstatistik,Saski Baskonia,Genişletme,matteo spagnolo
khalifa diop,EuroLeague,Basketbol,Lig,1. Seviye,Ana Liste,Erkek,Kulüp,Takım Sporu,Yurt Dışı,Yabancı,Yok,Doğrulanacak,Yıllık,Sürekli Lig,Oyuncu Jenerik,Bilgi,Oyuncu,Jenerik,İngilizce,Head,Oyuncu Jenerik,Saski Baskonia,Genişletme,khalifa diop
khalifa diop kimdir,EuroLeague,Basketbol,Lig,1. Seviye,Ana Liste,Erkek,Kulüp,Takım Sporu,Yurt Dışı,Yabancı,Yok,Doğrulanacak,Yıllık,Sürekli Lig,Oyuncu Bilgi,Bilgi,Oyuncu,Jenerik,İngilizce,Body,Oyuncu Bilgi,Saski Baskonia,Genişletme,khalifa diop
khalifa diop hangi takımda,EuroLeague,Basketbol,Lig,1. Seviye,Ana Liste,Erkek,Kulüp,Takım Sporu,Yurt Dışı,Yabancı,Yok,Doğrulanacak,Yıllık,Sürekli Lig,Oyuncu Bilgi,Bilgi,Oyuncu,Jenerik,Türkçe,Body,Oyuncu Bilgi,Saski Baskonia,Genişletme,khalifa diop
khalifa diop istatistik,EuroLeague,Basketbol,Lig,1. Seviye,Ana Liste,Erkek,Kulüp,Takım Sporu,Yurt Dışı,Yabancı,Yok,Doğrulanacak,Yıllık,Sürekli Lig,İstatistik,Bilgi,Oyuncu,Jenerik,İngilizce,Body,İstatistik,Saski Baskonia,Genişletme,khalifa diop
clement frisch,EuroLeague,Basketbol,Lig,1. Seviye,Ana Liste,Erkek,Kulüp,Takım Sporu,Yurt Dışı,Yabancı,Yok,Doğrulanacak,Yıllık,Sürekli Lig,Oyuncu Jenerik,Bilgi,Oyuncu,Jenerik,İngilizce,Head,Oyuncu Jenerik,Saski Baskonia,Genişletme,clement frisch
clement frisch kimdir,EuroLeague,Basketbol,Lig,1. Seviye,Ana Liste,Erkek,Kulüp,Takım Sporu,Yurt Dışı,Yabancı,Yok,Doğrulanacak,Yıllık,Sürekli Lig,Oyuncu Bilgi,Bilgi,Oyuncu,Jenerik,İngilizce,Body,Oyuncu Bilgi,Saski Baskonia,Genişletme,clement frisch
clement frisch hangi takımda,EuroLeague,Basketbol,Lig,1. Seviye,Ana Liste,Erkek,Kulüp,Takım Sporu,Yurt Dışı,Yabancı,Yok,Doğrulanacak,Yıllık,Sürekli Lig,Oyuncu Bilgi,Bilgi,Oyuncu,Jenerik,Türkçe,Body,Oyuncu Bilgi,Saski Baskonia,Genişletme,clement frisch
clement frisch istatistik,EuroLeague,Basketbol,Lig,1. Seviye,Ana Liste,Erkek,Kulüp,Takım Sporu,Yurt Dışı,Yabancı,Yok,Doğrulanacak,Yıllık,Sürekli Lig,İstatistik,Bilgi,Oyuncu,Jenerik,İngilizce,Body,İstatistik,Saski Baskonia,Genişletme,clement frisch
stefan joksimovic,EuroLeague,Basketbol,Lig,1. Seviye,Ana Liste,Erkek,Kulüp,Takım Sporu,Yurt Dışı,Yabancı,Yok,Doğrulanacak,Yıllık,Sürekli Lig,Oyuncu Jenerik,Bilgi,Oyuncu,Jenerik,İngilizce,Head,Oyuncu Jenerik,Saski Baskonia,Genişletme,stefan joksimovic
stefan joksimovic kimdir,EuroLeague,Basketbol,Lig,1. Seviye,Ana Liste,Erkek,Kulüp,Takım Sporu,Yurt Dışı,Yabancı,Yok,Doğrulanacak,Yıllık,Sürekli Lig,Oyuncu Bilgi,Bilgi,Oyuncu,Jenerik,İngilizce,Body,Oyuncu Bilgi,Saski Baskonia,Genişletme,stefan joksimovic
stefan joksimovic hangi takımda,EuroLeague,Basketbol,Lig,1. Seviye,Ana Liste,Erkek,Kulüp,Takım Sporu,Yurt Dışı,Yabancı,Yok,Doğrulanacak,Yıllık,Sürekli Lig,Oyuncu Bilgi,Bilgi,Oyuncu,Jenerik,Türkçe,Body,Oyuncu Bilgi,Saski Baskonia,Genişletme,stefan joksimovic
stefan joksimovic istatistik,EuroLeague,Basketbol,Lig,1. Seviye,Ana Liste,Erkek,Kulüp,Takım Sporu,Yurt Dışı,Yabancı,Yok,Doğrulanacak,Yıllık,Sürekli Lig,İstatistik,Bilgi,Oyuncu,Jenerik,İngilizce,Body,İstatistik,Saski Baskonia,Genişletme,stefan joksimovic
chris duarte,EuroLeague,Basketbol,Lig,1. Seviye,Ana Liste,Erkek,Kulüp,Takım Sporu,Yurt Dışı,Yabancı,Yok,Doğrulanacak,Yıllık,Sürekli Lig,Oyuncu Jenerik,Bilgi,Oyuncu,Jenerik,İngilizce,Head,Oyuncu Jenerik,Saski Baskonia,Genişletme,chris duarte
chris duarte kimdir,EuroLeague,Basketbol,Lig,1. Seviye,Ana Liste,Erkek,Kulüp,Takım Sporu,Yurt Dışı,Yabancı,Yok,Doğrulanacak,Yıllık,Sürekli Lig,Oyuncu Bilgi,Bilgi,Oyuncu,Jenerik,İngilizce,Body,Oyuncu Bilgi,Saski Baskonia,Genişletme,chris duarte
chris duarte hangi takımda,EuroLeague,Basketbol,Lig,1. Seviye,Ana Liste,Erkek,Kulüp,Takım Sporu,Yurt Dışı,Yabancı,Yok,Doğrulanacak,Yıllık,Sürekli Lig,Oyuncu Bilgi,Bilgi,Oyuncu,Jenerik,Türkçe,Body,Oyuncu Bilgi,Saski Baskonia,Genişletme,chris duarte
chris duarte istatistik,EuroLeague,Basketbol,Lig,1. Seviye,Ana Liste,Erkek,Kulüp,Takım Sporu,Yurt Dışı,Yabancı,Yok,Doğrulanacak,Yıllık,Sürekli Lig,İstatistik,Bilgi,Oyuncu,Jenerik,İngilizce,Body,İstatistik,Saski Baskonia,Genişletme,chris duarte
a. j. lawson,EuroLeague,Basketbol,Lig,1. Seviye,Ana Liste,Erkek,Kulüp,Takım Sporu,Yurt Dışı,Yabancı,Yok,Doğrulanacak,Yıllık,Sürekli Lig,Oyuncu Jenerik,Bilgi,Oyuncu,Jenerik,İngilizce,Body,Oyuncu Jenerik,Saski Baskonia,Genişletme,a. j. lawson
a. j. lawson kimdir,EuroLeague,Basketbol,Lig,1. Seviye,Ana Liste,Erkek,Kulüp,Takım Sporu,Yurt Dışı,Yabancı,Yok,Doğrulanacak,Yıllık,Sürekli Lig,Oyuncu Bilgi,Bilgi,Oyuncu,Jenerik,İngilizce,Body,Oyuncu Bilgi,Saski Baskonia,Genişletme,a. j. lawson
a. j. lawson hangi takımda,EuroLeague,Basketbol,Lig,1. Seviye,Ana Liste,Erkek,Kulüp,Takım Sporu,Yurt Dışı,Yabancı,Yok,Doğrulanacak,Yıllık,Sürekli Lig,Oyuncu Bilgi,Bilgi,Oyuncu,Jenerik,Türkçe,Long-tail,Oyuncu Bilgi,Saski Baskonia,Genişletme,a. j. lawson
a. j. lawson istatistik,EuroLeague,Basketbol,Lig,1. Seviye,Ana Liste,Erkek,Kulüp,Takım Sporu,Yurt Dışı,Yabancı,Yok,Doğrulanacak,Yıllık,Sürekli Lig,İstatistik,Bilgi,Oyuncu,Jenerik,İngilizce,Body,İstatistik,Saski Baskonia,Genişletme,a. j. lawson
d.j. stewart jr.,EuroLeague,Basketbol,Lig,1. Seviye,Ana Liste,Erkek,Kulüp,Takım Sporu,Yurt Dışı,Yabancı,Yok,Doğrulanacak,Yıllık,Sürekli Lig,Oyuncu Jenerik,Bilgi,Oyuncu,Jenerik,İngilizce,Body,Oyuncu Jenerik,Saski Baskonia,Genişletme,d.j. stewart jr.
d.j. stewart jr. kimdir,EuroLeague,Basketbol,Lig,1. Seviye,Ana Liste,Erkek,Kulüp,Takım Sporu,Yurt Dışı,Yabancı,Yok,Doğrulanacak,Yıllık,Sürekli Lig,Oyuncu Bilgi,Bilgi,Oyuncu,Jenerik,İngilizce,Body,Oyuncu Bilgi,Saski Baskonia,Genişletme,d.j. stewart jr.
d.j. stewart jr. hangi takımda,EuroLeague,Basketbol,Lig,1. Seviye,Ana Liste,Erkek,Kulüp,Takım Sporu,Yurt Dışı,Yabancı,Yok,Doğrulanacak,Yıllık,Sürekli Lig,Oyuncu Bilgi,Bilgi,Oyuncu,Jenerik,Türkçe,Long-tail,Oyuncu Bilgi,Saski Baskonia,Genişletme,d.j. stewart jr.
d.j. stewart jr. istatistik,EuroLeague,Basketbol,Lig,1. Seviye,Ana Liste,Erkek,Kulüp,Takım Sporu,Yurt Dışı,Yabancı,Yok,Doğrulanacak,Yıllık,Sürekli Lig,İstatistik,Bilgi,Oyuncu,Jenerik,İngilizce,Body,İstatistik,Saski Baskonia,Genişletme,d.j. stewart jr.
damion baugh,EuroLeague,Basketbol,Lig,1. Seviye,Ana Liste,Erkek,Kulüp,Takım Sporu,Yurt Dışı,Yabancı,Yok,Doğrulanacak,Yıllık,Sürekli Lig,Oyuncu Jenerik,Bilgi,Oyuncu,Jenerik,İngilizce,Head,Oyuncu Jenerik,Saski Baskonia,Genişletme,damion baugh
damion baugh kimdir,EuroLeague,Basketbol,Lig,1. Seviye,Ana Liste,Erkek,Kulüp,Takım Sporu,Yurt Dışı,Yabancı,Yok,Doğrulanacak,Yıllık,Sürekli Lig,Oyuncu Bilgi,Bilgi,Oyuncu,Jenerik,İngilizce,Body,Oyuncu Bilgi,Saski Baskonia,Genişletme,damion baugh
damion baugh hangi takımda,EuroLeague,Basketbol,Lig,1. Seviye,Ana Liste,Erkek,Kulüp,Takım Sporu,Yurt Dışı,Yabancı,Yok,Doğrulanacak,Yıllık,Sürekli Lig,Oyuncu Bilgi,Bilgi,Oyuncu,Jenerik,Türkçe,Body,Oyuncu Bilgi,Saski Baskonia,Genişletme,damion baugh
damion baugh istatistik,EuroLeague,Basketbol,Lig,1. Seviye,Ana Liste,Erkek,Kulüp,Takım Sporu,Yurt Dışı,Yabancı,Yok,Doğrulanacak,Yıllık,Sürekli Lig,İstatistik,Bilgi,Oyuncu,Jenerik,İngilizce,Body,İstatistik,Saski Baskonia,Genişletme,damion baugh
i̇lkay gündoğan,Süper Lig,Futbol,Lig,1. Seviye,Ana Liste,Erkek,Kulüp,Takım Sporu,Türkiye,Yerli,Türk Takımı Var,TV+ Yok,Yıllık,Sürekli Lig,Oyuncu Jenerik,Bilgi,Oyuncu,Jenerik,Türkçe,Head,Oyuncu Jenerik,galatasaray,Genişletme,i̇lkay gündoğan
i̇lkay gündoğan kimdir,Süper Lig,Futbol,Lig,1. Seviye,Ana Liste,Erkek,Kulüp,Takım Sporu,Türkiye,Yerli,Türk Takımı Var,TV+ Yok,Yıllık,Sürekli Lig,Oyuncu Bilgi,Bilgi,Oyuncu,Jenerik,Türkçe,Body,Oyuncu Bilgi,galatasaray,Genişletme,i̇lkay gündoğan
i̇lkay gündoğan hangi takımda,Süper Lig,Futbol,Lig,1. Seviye,Ana Liste,Erkek,Kulüp,Takım Sporu,Türkiye,Yerli,Türk Takımı Var,TV+ Yok,Yıllık,Sürekli Lig,Oyuncu Bilgi,Bilgi,Oyuncu,Jenerik,Türkçe,Body,Oyuncu Bilgi,galatasaray,Genişletme,i̇lkay gündoğan
i̇lkay gündoğan istatistik,Süper Lig,Futbol,Lig,1. Seviye,Ana Liste,Erkek,Kulüp,Takım Sporu,Türkiye,Yerli,Türk Takımı Var,TV+ Yok,Yıllık,Sürekli Lig,İstatistik,Bilgi,Oyuncu,Jenerik,Türkçe,Body,İstatistik,galatasaray,Genişletme,i̇lkay gündoğan
i̇smail yüksek,Süper Lig,Futbol,Lig,1. Seviye,Ana Liste,Erkek,Kulüp,Takım Sporu,Türkiye,Yerli,Türk Takımı Var,TV+ Yok,Yıllık,Sürekli Lig,Oyuncu Jenerik,Bilgi,Oyuncu,Jenerik,Türkçe,Head,Oyuncu Jenerik,fenerbahçe,Genişletme,i̇smail yüksek
i̇smail yüksek kimdir,Süper Lig,Futbol,Lig,1. Seviye,Ana Liste,Erkek,Kulüp,Takım Sporu,Türkiye,Yerli,Türk Takımı Var,TV+ Yok,Yıllık,Sürekli Lig,Oyuncu Bilgi,Bilgi,Oyuncu,Jenerik,Türkçe,Body,Oyuncu Bilgi,fenerbahçe,Genişletme,i̇smail yüksek
i̇smail yüksek hangi takımda,Süper Lig,Futbol,Lig,1. Seviye,Ana Liste,Erkek,Kulüp,Takım Sporu,Türkiye,Yerli,Türk Takımı Var,TV+ Yok,Yıllık,Sürekli Lig,Oyuncu Bilgi,Bilgi,Oyuncu,Jenerik,Türkçe,Body,Oyuncu Bilgi,fenerbahçe,Genişletme,i̇smail yüksek
i̇smail yüksek istatistik,Süper Lig,Futbol,Lig,1. Seviye,Ana Liste,Erkek,Kulüp,Takım Sporu,Türkiye,Yerli,Türk Takımı Var,TV+ Yok,Yıllık,Sürekli Lig,İstatistik,Bilgi,Oyuncu,Jenerik,Türkçe,Body,İstatistik,fenerbahçe,Genişletme,i̇smail yüksek
i̇rfan can kahveci,Süper Lig,Futbol,Lig,1. Seviye,Ana Liste,Erkek,Kulüp,Takım Sporu,Türkiye,Yerli,Türk Takımı Var,TV+ Yok,Yıllık,Sürekli Lig,Oyuncu Jenerik,Bilgi,Oyuncu,Jenerik,Türkçe,Body,Oyuncu Jenerik,fenerbahçe,Genişletme,i̇rfan can kahveci
i̇rfan can kahveci kimdir,Süper Lig,Futbol,Lig,1. Seviye,Ana Liste,Erkek,Kulüp,Takım Sporu,Türkiye,Yerli,Türk Takımı Var,TV+ Yok,Yıllık,Sürekli Lig,Oyuncu Bilgi,Bilgi,Oyuncu,Jenerik,Türkçe,Body,Oyuncu Bilgi,fenerbahçe,Genişletme,i̇rfan can kahveci
i̇rfan can kahveci hangi takımda,Süper Lig,Futbol,Lig,1. Seviye,Ana Liste,Erkek,Kulüp,Takım Sporu,Türkiye,Yerli,Türk Takımı Var,TV+ Yok,Yıllık,Sürekli Lig,Oyuncu Bilgi,Bilgi,Oyuncu,Jenerik,Türkçe,Long-tail,Oyuncu Bilgi,fenerbahçe,Genişletme,i̇rfan can kahveci
i̇rfan can kahveci istatistik,Süper Lig,Futbol,Lig,1. Seviye,Ana Liste,Erkek,Kulüp,Takım Sporu,Türkiye,Yerli,Türk Takımı Var,TV+ Yok,Yıllık,Sürekli Lig,İstatistik,Bilgi,Oyuncu,Jenerik,Türkçe,Body,İstatistik,fenerbahçe,Genişletme,i̇rfan can kahveci
i̇lhan fakılı,Süper Lig,Futbol,Lig,1. Seviye,Ana Liste,Erkek,Kulüp,Takım Sporu,Türkiye,Yerli,Türk Takımı Var,TV+ Yok,Yıllık,Sürekli Lig,Oyuncu Jenerik,Bilgi,Oyuncu,Jenerik,Türkçe,Head,Oyuncu Jenerik,beşiktaş,Genişletme,i̇lhan fakılı
i̇lhan fakılı kimdir,Süper Lig,Futbol,Lig,1. Seviye,Ana Liste,Erkek,Kulüp,Takım Sporu,Türkiye,Yerli,Türk Takımı Var,TV+ Yok,Yıllık,Sürekli Lig,Oyuncu Bilgi,Bilgi,Oyuncu,Jenerik,Türkçe,Body,Oyuncu Bilgi,beşiktaş,Genişletme,i̇lhan fakılı
i̇lhan fakılı hangi takımda,Süper Lig,Futbol,Lig,1. Seviye,Ana Liste,Erkek,Kulüp,Takım Sporu,Türkiye,Yerli,Türk Takımı Var,TV+ Yok,Yıllık,Sürekli Lig,Oyuncu Bilgi,Bilgi,Oyuncu,Jenerik,Türkçe,Body,Oyuncu Bilgi,beşiktaş,Genişletme,i̇lhan fakılı
i̇lhan fakılı istatistik,Süper Lig,Futbol,Lig,1. Seviye,Ana Liste,Erkek,Kulüp,Takım Sporu,Türkiye,Yerli,Türk Takımı Var,TV+ Yok,Yıllık,Sürekli Lig,İstatistik,Bilgi,Oyuncu,Jenerik,Türkçe,Body,İstatistik,beşiktaş,Genişletme,i̇lhan fakılı
i̇zzet çelik,Süper Lig,Futbol,Lig,1. Seviye,Ana Liste,Erkek,Kulüp,Takım Sporu,Türkiye,Yerli,Türk Takımı Var,TV+ Yok,Yıllık,Sürekli Lig,Oyuncu Jenerik,Bilgi,Oyuncu,Jenerik,Türkçe,Head,Oyuncu Jenerik,alanyaspor,Genişletme,i̇zzet çelik
i̇zzet çelik kimdir,Süper Lig,Futbol,Lig,1. Seviye,Ana Liste,Erkek,Kulüp,Takım Sporu,Türkiye,Yerli,Türk Takımı Var,TV+ Yok,Yıllık,Sürekli Lig,Oyuncu Bilgi,Bilgi,Oyuncu,Jenerik,Türkçe,Body,Oyuncu Bilgi,alanyaspor,Genişletme,i̇zzet çelik
i̇zzet çelik hangi takımda,Süper Lig,Futbol,Lig,1. Seviye,Ana Liste,Erkek,Kulüp,Takım Sporu,Türkiye,Yerli,Türk Takımı Var,TV+ Yok,Yıllık,Sürekli Lig,Oyuncu Bilgi,Bilgi,Oyuncu,Jenerik,Türkçe,Body,Oyuncu Bilgi,alanyaspor,Genişletme,i̇zzet çelik
i̇zzet çelik istatistik,Süper Lig,Futbol,Lig,1. Seviye,Ana Liste,Erkek,Kulüp,Takım Sporu,Türkiye,Yerli,Türk Takımı Var,TV+ Yok,Yıllık,Sürekli Lig,İstatistik,Bilgi,Oyuncu,Jenerik,Türkçe,Body,İstatistik,alanyaspor,Genişletme,i̇zzet çelik
i̇brahim kaya,Süper Lig,Futbol,Lig,1. Seviye,Ana Liste,Erkek,Kulüp,Takım Sporu,Türkiye,Yerli,Türk Takımı Var,TV+ Yok,Yıllık,Sürekli Lig,Oyuncu Jenerik,Bilgi,Oyuncu,Jenerik,Türkçe,Head,Oyuncu Jenerik,alanyaspor,Genişletme,i̇brahim kaya
i̇brahim kaya kimdir,Süper Lig,Futbol,Lig,1. Seviye,Ana Liste,Erkek,Kulüp,Takım Sporu,Türkiye,Yerli,Türk Takımı Var,TV+ Yok,Yıllık,Sürekli Lig,Oyuncu Bilgi,Bilgi,Oyuncu,Jenerik,Türkçe,Body,Oyuncu Bilgi,alanyaspor,Genişletme,i̇brahim kaya
i̇brahim kaya hangi takımda,Süper Lig,Futbol,Lig,1. Seviye,Ana Liste,Erkek,Kulüp,Takım Sporu,Türkiye,Yerli,Türk Takımı Var,TV+ Yok,Yıllık,Sürekli Lig,Oyuncu Bilgi,Bilgi,Oyuncu,Jenerik,Türkçe,Body,Oyuncu Bilgi,alanyaspor,Genişletme,i̇brahim kaya
i̇brahim kaya istatistik,Süper Lig,Futbol,Lig,1. Seviye,Ana Liste,Erkek,Kulüp,Takım Sporu,Türkiye,Yerli,Türk Takımı Var,TV+ Yok,Yıllık,Sürekli Lig,İstatistik,Bilgi,Oyuncu,Jenerik,Türkçe,Body,İstatistik,alanyaspor,Genişletme,i̇brahim kaya
melih i̇brahimoğlu,Süper Lig,Futbol,Lig,1. Seviye,Ana Liste,Erkek,Kulüp,Takım Sporu,Türkiye,Yerli,Türk Takımı Var,TV+ Yok,Yıllık,Sürekli Lig,Oyuncu Jenerik,Bilgi,Oyuncu,Jenerik,Türkçe,Head,Oyuncu Jenerik,konyaspor,Genişletme,melih i̇brahimoğlu
melih i̇brahimoğlu kimdir,Süper Lig,Futbol,Lig,1. Seviye,Ana Liste,Erkek,Kulüp,Takım Sporu,Türkiye,Yerli,Türk Takımı Var,TV+ Yok,Yıllık,Sürekli Lig,Oyuncu Bilgi,Bilgi,Oyuncu,Jenerik,Türkçe,Body,Oyuncu Bilgi,konyaspor,Genişletme,melih i̇brahimoğlu
melih i̇brahimoğlu hangi takımda,Süper Lig,Futbol,Lig,1. Seviye,Ana Liste,Erkek,Kulüp,Takım Sporu,Türkiye,Yerli,Türk Takımı Var,TV+ Yok,Yıllık,Sürekli Lig,Oyuncu Bilgi,Bilgi,Oyuncu,Jenerik,Türkçe,Body,Oyuncu Bilgi,konyaspor,Genişletme,melih i̇brahimoğlu
melih i̇brahimoğlu istatistik,Süper Lig,Futbol,Lig,1. Seviye,Ana Liste,Erkek,Kulüp,Takım Sporu,Türkiye,Yerli,Türk Takımı Var,TV+ Yok,Yıllık,Sürekli Lig,İstatistik,Bilgi,Oyuncu,Jenerik,Türkçe,Body,İstatistik,konyaspor,Genişletme,melih i̇brahimoğlu
ege i̇zmirli,Süper Lig,Futbol,Lig,1. Seviye,Ana Liste,Erkek,Kulüp,Takım Sporu,Türkiye,Yerli,Türk Takımı Var,TV+ Yok,Yıllık,Sürekli Lig,Oyuncu Jenerik,Bilgi,Oyuncu,Jenerik,Türkçe,Head,Oyuncu Jenerik,antalyaspor,Genişletme,ege i̇zmirli
ege i̇zmirli kimdir,Süper Lig,Futbol,Lig,1. Seviye,Ana Liste,Erkek,Kulüp,Takım Sporu,Türkiye,Yerli,Türk Takımı Var,TV+ Yok,Yıllık,Sürekli Lig,Oyuncu Bilgi,Bilgi,Oyuncu,Jenerik,Türkçe,Body,Oyuncu Bilgi,antalyaspor,Genişletme,ege i̇zmirli
ege i̇zmirli hangi takımda,Süper Lig,Futbol,Lig,1. Seviye,Ana Liste,Erkek,Kulüp,Takım Sporu,Türkiye,Yerli,Türk Takımı Var,TV+ Yok,Yıllık,Sürekli Lig,Oyuncu Bilgi,Bilgi,Oyuncu,Jenerik,Türkçe,Body,Oyuncu Bilgi,antalyaspor,Genişletme,ege i̇zmirli
ege i̇zmirli istatistik,Süper Lig,Futbol,Lig,1. Seviye,Ana Liste,Erkek,Kulüp,Takım Sporu,Türkiye,Yerli,Türk Takımı Var,TV+ Yok,Yıllık,Sürekli Lig,İstatistik,Bilgi,Oyuncu,Jenerik,Türkçe,Body,İstatistik,antalyaspor,Genişletme,ege i̇zmirli
yakub i̇lçin,Süper Lig,Futbol,Lig,1. Seviye,Ana Liste,Erkek,Kulüp,Takım Sporu,Türkiye,Yerli,Türk Takımı Var,TV+ Yok,Yıllık,Sürekli Lig,Oyuncu Jenerik,Bilgi,Oyuncu,Jenerik,Türkçe,Head,Oyuncu Jenerik,antalyaspor,Genişletme,yakub i̇lçin
yakub i̇lçin kimdir,Süper Lig,Futbol,Lig,1. Seviye,Ana Liste,Erkek,Kulüp,Takım Sporu,Türkiye,Yerli,Türk Takımı Var,TV+ Yok,Yıllık,Sürekli Lig,Oyuncu Bilgi,Bilgi,Oyuncu,Jenerik,Türkçe,Body,Oyuncu Bilgi,antalyaspor,Genişletme,yakub i̇lçin
yakub i̇lçin hangi takımda,Süper Lig,Futbol,Lig,1. Seviye,Ana Liste,Erkek,Kulüp,Takım Sporu,Türkiye,Yerli,Türk Takımı Var,TV+ Yok,Yıllık,Sürekli Lig,Oyuncu Bilgi,Bilgi,Oyuncu,Jenerik,Türkçe,Body,Oyuncu Bilgi,antalyaspor,Genişletme,yakub i̇lçin
yakub i̇lçin istatistik,Süper Lig,Futbol,Lig,1. Seviye,Ana Liste,Erkek,Kulüp,Takım Sporu,Türkiye,Yerli,Türk Takımı Var,TV+ Yok,Yıllık,Sürekli Lig,İstatistik,Bilgi,Oyuncu,Jenerik,Türkçe,Body,İstatistik,antalyaspor,Genişletme,yakub i̇lçin
i̇brahim kağan alkış,Süper Lig,Futbol,Lig,1. Seviye,Ana Liste,Erkek,Kulüp,Takım Sporu,Türkiye,Yerli,Türk Takımı Var,TV+ Yok,Yıllık,Sürekli Lig,Oyuncu Jenerik,Bilgi,Oyuncu,Jenerik,Türkçe,Body,Oyuncu Jenerik,gaziantep fk,Genişletme,i̇brahim kağan alkış
i̇brahim kağan alkış kimdir,Süper Lig,Futbol,Lig,1. Seviye,Ana Liste,Erkek,Kulüp,Takım Sporu,Türkiye,Yerli,Türk Takımı Var,TV+ Yok,Yıllık,Sürekli Lig,Oyuncu Bilgi,Bilgi,Oyuncu,Jenerik,Türkçe,Body,Oyuncu Bilgi,gaziantep fk,Genişletme,i̇brahim kağan alkış
i̇brahim kağan alkış hangi takımda,Süper Lig,Futbol,Lig,1. Seviye,Ana Liste,Erkek,Kulüp,Takım Sporu,Türkiye,Yerli,Türk Takımı Var,TV+ Yok,Yıllık,Sürekli Lig,Oyuncu Bilgi,Bilgi,Oyuncu,Jenerik,Türkçe,Long-tail,Oyuncu Bilgi,gaziantep fk,Genişletme,i̇brahim kağan alkış
i̇brahim kağan alkış istatistik,Süper Lig,Futbol,Lig,1. Seviye,Ana Liste,Erkek,Kulüp,Takım Sporu,Türkiye,Yerli,Türk Takımı Var,TV+ Yok,Yıllık,Sürekli Lig,İstatistik,Bilgi,Oyuncu,Jenerik,Türkçe,Body,İstatistik,gaziantep fk,Genişletme,i̇brahim kağan alkış
taşkın i̇lter,Süper Lig,Futbol,Lig,1. Seviye,Ana Liste,Erkek,Kulüp,Takım Sporu,Türkiye,Yerli,Türk Takımı Var,TV+ Yok,Yıllık,Sürekli Lig,Oyuncu Jenerik,Bilgi,Oyuncu,Jenerik,Türkçe,Head,Oyuncu Jenerik,eyüpspor,Genişletme,taşkın i̇lter
taşkın i̇lter kimdir,Süper Lig,Futbol,Lig,1. Seviye,Ana Liste,Erkek,Kulüp,Takım Sporu,Türkiye,Yerli,Türk Takımı Var,TV+ Yok,Yıllık,Sürekli Lig,Oyuncu Bilgi,Bilgi,Oyuncu,Jenerik,Türkçe,Body,Oyuncu Bilgi,eyüpspor,Genişletme,taşkın i̇lter
taşkın i̇lter hangi takımda,Süper Lig,Futbol,Lig,1. Seviye,Ana Liste,Erkek,Kulüp,Takım Sporu,Türkiye,Yerli,Türk Takımı Var,TV+ Yok,Yıllık,Sürekli Lig,Oyuncu Bilgi,Bilgi,Oyuncu,Jenerik,Türkçe,Body,Oyuncu Bilgi,eyüpspor,Genişletme,taşkın i̇lter
taşkın i̇lter istatistik,Süper Lig,Futbol,Lig,1. Seviye,Ana Liste,Erkek,Kulüp,Takım Sporu,Türkiye,Yerli,Türk Takımı Var,TV+ Yok,Yıllık,Sürekli Lig,İstatistik,Bilgi,Oyuncu,Jenerik,Türkçe,Body,İstatistik,eyüpspor,Genişletme,taşkın i̇lter
i̇rfan can eğribayat,Süper Lig,Futbol,Lig,1. Seviye,Ana Liste,Erkek,Kulüp,Takım Sporu,Türkiye,Yerli,Türk Takımı Var,TV+ Yok,Yıllık,Sürekli Lig,Oyuncu Jenerik,Bilgi,Oyuncu,Jenerik,Türkçe,Body,Oyuncu Jenerik,gençlerbirliği,Genişletme,i̇rfan can eğribayat
i̇rfan can eğribayat kimdir,Süper Lig,Futbol,Lig,1. Seviye,Ana Liste,Erkek,Kulüp,Takım Sporu,Türkiye,Yerli,Türk Takımı Var,TV+ Yok,Yıllık,Sürekli Lig,Oyuncu Bilgi,Bilgi,Oyuncu,Jenerik,Türkçe,Body,Oyuncu Bilgi,gençlerbirliği,Genişletme,i̇rfan can eğribayat
i̇rfan can eğribayat hangi takımda,Süper Lig,Futbol,Lig,1. Seviye,Ana Liste,Erkek,Kulüp,Takım Sporu,Türkiye,Yerli,Türk Takımı Var,TV+ Yok,Yıllık,Sürekli Lig,Oyuncu Bilgi,Bilgi,Oyuncu,Jenerik,Türkçe,Long-tail,Oyuncu Bilgi,gençlerbirliği,Genişletme,i̇rfan can eğribayat
i̇rfan can eğribayat istatistik,Süper Lig,Futbol,Lig,1. Seviye,Ana Liste,Erkek,Kulüp,Takım Sporu,Türkiye,Yerli,Türk Takımı Var,TV+ Yok,Yıllık,Sürekli Lig,İstatistik,Bilgi,Oyuncu,Jenerik,Türkçe,Body,İstatistik,gençlerbirliği,Genişletme,i̇rfan can eğribayat
taha i̇brahim rençber,Süper Lig,Futbol,Lig,1. Seviye,Ana Liste,Erkek,Kulüp,Takım Sporu,Türkiye,Yerli,Türk Takımı Var,TV+ Yok,Yıllık,Sürekli Lig,Oyuncu Jenerik,Bilgi,Oyuncu,Jenerik,Türkçe,Body,Oyuncu Jenerik,çorum fk,Genişletme,taha i̇brahim rençber
taha i̇brahim rençber kimdir,Süper Lig,Futbol,Lig,1. Seviye,Ana Liste,Erkek,Kulüp,Takım Sporu,Türkiye,Yerli,Türk Takımı Var,TV+ Yok,Yıllık,Sürekli Lig,Oyuncu Bilgi,Bilgi,Oyuncu,Jenerik,Türkçe,Body,Oyuncu Bilgi,çorum fk,Genişletme,taha i̇brahim rençber
taha i̇brahim rençber hangi takımda,Süper Lig,Futbol,Lig,1. Seviye,Ana Liste,Erkek,Kulüp,Takım Sporu,Türkiye,Yerli,Türk Takımı Var,TV+ Yok,Yıllık,Sürekli Lig,Oyuncu Bilgi,Bilgi,Oyuncu,Jenerik,Türkçe,Long-tail,Oyuncu Bilgi,çorum fk,Genişletme,taha i̇brahim rençber
taha i̇brahim rençber istatistik,Süper Lig,Futbol,Lig,1. Seviye,Ana Liste,Erkek,Kulüp,Takım Sporu,Türkiye,Yerli,Türk Takımı Var,TV+ Yok,Yıllık,Sürekli Lig,İstatistik,Bilgi,Oyuncu,Jenerik,Türkçe,Body,İstatistik,çorum fk,Genişletme,taha i̇brahim rençber
i̇lkan sever,Süper Lig,Futbol,Lig,1. Seviye,Ana Liste,Erkek,Kulüp,Takım Sporu,Türkiye,Yerli,Türk Takımı Var,TV+ Yok,Yıllık,Sürekli Lig,Oyuncu Jenerik,Bilgi,Oyuncu,Jenerik,Türkçe,Head,Oyuncu Jenerik,erzurumspor,Genişletme,i̇lkan sever
i̇lkan sever kimdir,Süper Lig,Futbol,Lig,1. Seviye,Ana Liste,Erkek,Kulüp,Takım Sporu,Türkiye,Yerli,Türk Takımı Var,TV+ Yok,Yıllık,Sürekli Lig,Oyuncu Bilgi,Bilgi,Oyuncu,Jenerik,Türkçe,Body,Oyuncu Bilgi,erzurumspor,Genişletme,i̇lkan sever
i̇lkan sever hangi takımda,Süper Lig,Futbol,Lig,1. Seviye,Ana Liste,Erkek,Kulüp,Takım Sporu,Türkiye,Yerli,Türk Takımı Var,TV+ Yok,Yıllık,Sürekli Lig,Oyuncu Bilgi,Bilgi,Oyuncu,Jenerik,Türkçe,Body,Oyuncu Bilgi,erzurumspor,Genişletme,i̇lkan sever
i̇lkan sever istatistik,Süper Lig,Futbol,Lig,1. Seviye,Ana Liste,Erkek,Kulüp,Takım Sporu,Türkiye,Yerli,Türk Takımı Var,TV+ Yok,Yıllık,Sürekli Lig,İstatistik,Bilgi,Oyuncu,Jenerik,Türkçe,Body,İstatistik,erzurumspor,Genişletme,i̇lkan sever
i̇smail kalburcu,TFF 1. Lig,Futbol,Lig,1. Seviye,Ana Liste,Erkek,Kulüp,Takım Sporu,Türkiye,Yerli,Türk Takımı Var,TV+ Yok,Yıllık,Sürekli Lig,Oyuncu Jenerik,Bilgi,Oyuncu,Jenerik,Türkçe,Head,Oyuncu Jenerik,boluspor,Genişletme,i̇smail kalburcu
i̇smail kalburcu kimdir,TFF 1. Lig,Futbol,Lig,1. Seviye,Ana Liste,Erkek,Kulüp,Takım Sporu,Türkiye,Yerli,Türk Takımı Var,TV+ Yok,Yıllık,Sürekli Lig,Oyuncu Bilgi,Bilgi,Oyuncu,Jenerik,Türkçe,Body,Oyuncu Bilgi,boluspor,Genişletme,i̇smail kalburcu
i̇smail kalburcu hangi takımda,TFF 1. Lig,Futbol,Lig,1. Seviye,Ana Liste,Erkek,Kulüp,Takım Sporu,Türkiye,Yerli,Türk Takımı Var,TV+ Yok,Yıllık,Sürekli Lig,Oyuncu Bilgi,Bilgi,Oyuncu,Jenerik,Türkçe,Body,Oyuncu Bilgi,boluspor,Genişletme,i̇smail kalburcu
i̇smail kalburcu istatistik,TFF 1. Lig,Futbol,Lig,1. Seviye,Ana Liste,Erkek,Kulüp,Takım Sporu,Türkiye,Yerli,Türk Takımı Var,TV+ Yok,Yıllık,Sürekli Lig,İstatistik,Bilgi,Oyuncu,Jenerik,Türkçe,Body,İstatistik,boluspor,Genişletme,i̇smail kalburcu
ada i̇bik,TFF 1. Lig,Futbol,Lig,1. Seviye,Ana Liste,Erkek,Kulüp,Takım Sporu,Türkiye,Yerli,Türk Takımı Var,TV+ Yok,Yıllık,Sürekli Lig,Oyuncu Jenerik,Bilgi,Oyuncu,Jenerik,Türkçe,Head,Oyuncu Jenerik,manisa fk,Genişletme,ada i̇bik
ada i̇bik kimdir,TFF 1. Lig,Futbol,Lig,1. Seviye,Ana Liste,Erkek,Kulüp,Takım Sporu,Türkiye,Yerli,Türk Takımı Var,TV+ Yok,Yıllık,Sürekli Lig,Oyuncu Bilgi,Bilgi,Oyuncu,Jenerik,Türkçe,Body,Oyuncu Bilgi,manisa fk,Genişletme,ada i̇bik
ada i̇bik hangi takımda,TFF 1. Lig,Futbol,Lig,1. Seviye,Ana Liste,Erkek,Kulüp,Takım Sporu,Türkiye,Yerli,Türk Takımı Var,TV+ Yok,Yıllık,Sürekli Lig,Oyuncu Bilgi,Bilgi,Oyuncu,Jenerik,Türkçe,Body,Oyuncu Bilgi,manisa fk,Genişletme,ada i̇bik
ada i̇bik istatistik,TFF 1. Lig,Futbol,Lig,1. Seviye,Ana Liste,Erkek,Kulüp,Takım Sporu,Türkiye,Yerli,Türk Takımı Var,TV+ Yok,Yıllık,Sürekli Lig,İstatistik,Bilgi,Oyuncu,Jenerik,Türkçe,Body,İstatistik,manisa fk,Genişletme,ada i̇bik
fırat i̇nal,TFF 1. Lig,Futbol,Lig,1. Seviye,Ana Liste,Erkek,Kulüp,Takım Sporu,Türkiye,Yerli,Türk Takımı Var,TV+ Yok,Yıllık,Sürekli Lig,Oyuncu Jenerik,Bilgi,Oyuncu,Jenerik,Türkçe,Head,Oyuncu Jenerik,manisa fk,Genişletme,fırat i̇nal
fırat i̇nal kimdir,TFF 1. Lig,Futbol,Lig,1. Seviye,Ana Liste,Erkek,Kulüp,Takım Sporu,Türkiye,Yerli,Türk Takımı Var,TV+ Yok,Yıllık,Sürekli Lig,Oyuncu Bilgi,Bilgi,Oyuncu,Jenerik,Türkçe,Body,Oyuncu Bilgi,manisa fk,Genişletme,fırat i̇nal
fırat i̇nal hangi takımda,TFF 1. Lig,Futbol,Lig,1. Seviye,Ana Liste,Erkek,Kulüp,Takım Sporu,Türkiye,Yerli,Türk Takımı Var,TV+ Yok,Yıllık,Sürekli Lig,Oyuncu Bilgi,Bilgi,Oyuncu,Jenerik,Türkçe,Body,Oyuncu Bilgi,manisa fk,Genişletme,fırat i̇nal
fırat i̇nal istatistik,TFF 1. Lig,Futbol,Lig,1. Seviye,Ana Liste,Erkek,Kulüp,Takım Sporu,Türkiye,Yerli,Türk Takımı Var,TV+ Yok,Yıllık,Sürekli Lig,İstatistik,Bilgi,Oyuncu,Jenerik,Türkçe,Body,İstatistik,manisa fk,Genişletme,fırat i̇nal
i̇shak karaoğul,TFF 1. Lig,Futbol,Lig,1. Seviye,Ana Liste,Erkek,Kulüp,Takım Sporu,Türkiye,Yerli,Türk Takımı Var,TV+ Yok,Yıllık,Sürekli Lig,Oyuncu Jenerik,Bilgi,Oyuncu,Jenerik,Türkçe,Head,Oyuncu Jenerik,keçiörengücü,Genişletme,i̇shak karaoğul
i̇shak karaoğul kimdir,TFF 1. Lig,Futbol,Lig,1. Seviye,Ana Liste,Erkek,Kulüp,Takım Sporu,Türkiye,Yerli,Türk Takımı Var,TV+ Yok,Yıllık,Sürekli Lig,Oyuncu Bilgi,Bilgi,Oyuncu,Jenerik,Türkçe,Body,Oyuncu Bilgi,keçiörengücü,Genişletme,i̇shak karaoğul
i̇shak karaoğul hangi takımda,TFF 1. Lig,Futbol,Lig,1. Seviye,Ana Liste,Erkek,Kulüp,Takım Sporu,Türkiye,Yerli,Türk Takımı Var,TV+ Yok,Yıllık,Sürekli Lig,Oyuncu Bilgi,Bilgi,Oyuncu,Jenerik,Türkçe,Body,Oyuncu Bilgi,keçiörengücü,Genişletme,i̇shak karaoğul
i̇shak karaoğul istatistik,TFF 1. Lig,Futbol,Lig,1. Seviye,Ana Liste,Erkek,Kulüp,Takım Sporu,Türkiye,Yerli,Türk Takımı Var,TV+ Yok,Yıllık,Sürekli Lig,İstatistik,Bilgi,Oyuncu,Jenerik,Türkçe,Body,İstatistik,keçiörengücü,Genişletme,i̇shak karaoğul
i̇brahim akdağ,TFF 1. Lig,Futbol,Lig,1. Seviye,Ana Liste,Erkek,Kulüp,Takım Sporu,Türkiye,Yerli,Türk Takımı Var,TV+ Yok,Yıllık,Sürekli Lig,Oyuncu Jenerik,Bilgi,Oyuncu,Jenerik,Türkçe,Head,Oyuncu Jenerik,keçiörengücü,Genişletme,i̇brahim akdağ
i̇brahim akdağ kimdir,TFF 1. Lig,Futbol,Lig,1. Seviye,Ana Liste,Erkek,Kulüp,Takım Sporu,Türkiye,Yerli,Türk Takımı Var,TV+ Yok,Yıllık,Sürekli Lig,Oyuncu Bilgi,Bilgi,Oyuncu,Jenerik,Türkçe,Body,Oyuncu Bilgi,keçiörengücü,Genişletme,i̇brahim akdağ
i̇brahim akdağ hangi takımda,TFF 1. Lig,Futbol,Lig,1. Seviye,Ana Liste,Erkek,Kulüp,Takım Sporu,Türkiye,Yerli,Türk Takımı Var,TV+ Yok,Yıllık,Sürekli Lig,Oyuncu Bilgi,Bilgi,Oyuncu,Jenerik,Türkçe,Body,Oyuncu Bilgi,keçiörengücü,Genişletme,i̇brahim akdağ
i̇brahim akdağ istatistik,TFF 1. Lig,Futbol,Lig,1. Seviye,Ana Liste,Erkek,Kulüp,Takım Sporu,Türkiye,Yerli,Türk Takımı Var,TV+ Yok,Yıllık,Sürekli Lig,İstatistik,Bilgi,Oyuncu,Jenerik,Türkçe,Body,İstatistik,keçiörengücü,Genişletme,i̇brahim akdağ
ulaş i̇mergi,TFF 1. Lig,Futbol,Lig,1. Seviye,Ana Liste,Erkek,Kulüp,Takım Sporu,Türkiye,Yerli,Türk Takımı Var,TV+ Yok,Yıllık,Sürekli Lig,Oyuncu Jenerik,Bilgi,Oyuncu,Jenerik,Türkçe,Head,Oyuncu Jenerik,adana demirspor,Genişletme,ulaş i̇mergi
ulaş i̇mergi kimdir,TFF 1. Lig,Futbol,Lig,1. Seviye,Ana Liste,Erkek,Kulüp,Takım Sporu,Türkiye,Yerli,Türk Takımı Var,TV+ Yok,Yıllık,Sürekli Lig,Oyuncu Bilgi,Bilgi,Oyuncu,Jenerik,Türkçe,Body,Oyuncu Bilgi,adana demirspor,Genişletme,ulaş i̇mergi
ulaş i̇mergi hangi takımda,TFF 1. Lig,Futbol,Lig,1. Seviye,Ana Liste,Erkek,Kulüp,Takım Sporu,Türkiye,Yerli,Türk Takımı Var,TV+ Yok,Yıllık,Sürekli Lig,Oyuncu Bilgi,Bilgi,Oyuncu,Jenerik,Türkçe,Body,Oyuncu Bilgi,adana demirspor,Genişletme,ulaş i̇mergi
ulaş i̇mergi istatistik,TFF 1. Lig,Futbol,Lig,1. Seviye,Ana Liste,Erkek,Kulüp,Takım Sporu,Türkiye,Yerli,Türk Takımı Var,TV+ Yok,Yıllık,Sürekli Lig,İstatistik,Bilgi,Oyuncu,Jenerik,Türkçe,Body,İstatistik,adana demirspor,Genişletme,ulaş i̇mergi
hüseyin i̇şlek,TFF 1. Lig,Futbol,Lig,1. Seviye,Ana Liste,Erkek,Kulüp,Takım Sporu,Türkiye,Yerli,Türk Takımı Var,TV+ Yok,Yıllık,Sürekli Lig,Oyuncu Jenerik,Bilgi,Oyuncu,Jenerik,Türkçe,Head,Oyuncu Jenerik,pendikspor,Genişletme,hüseyin i̇şlek
hüseyin i̇şlek kimdir,TFF 1. Lig,Futbol,Lig,1. Seviye,Ana Liste,Erkek,Kulüp,Takım Sporu,Türkiye,Yerli,Türk Takımı Var,TV+ Yok,Yıllık,Sürekli Lig,Oyuncu Bilgi,Bilgi,Oyuncu,Jenerik,Türkçe,Body,Oyuncu Bilgi,pendikspor,Genişletme,hüseyin i̇şlek
hüseyin i̇şlek hangi takımda,TFF 1. Lig,Futbol,Lig,1. Seviye,Ana Liste,Erkek,Kulüp,Takım Sporu,Türkiye,Yerli,Türk Takımı Var,TV+ Yok,Yıllık,Sürekli Lig,Oyuncu Bilgi,Bilgi,Oyuncu,Jenerik,Türkçe,Body,Oyuncu Bilgi,pendikspor,Genişletme,hüseyin i̇şlek
hüseyin i̇şlek istatistik,TFF 1. Lig,Futbol,Lig,1. Seviye,Ana Liste,Erkek,Kulüp,Takım Sporu,Türkiye,Yerli,Türk Takımı Var,TV+ Yok,Yıllık,Sürekli Lig,İstatistik,Bilgi,Oyuncu,Jenerik,Türkçe,Body,İstatistik,pendikspor,Genişletme,hüseyin i̇şlek
taha emre i̇nce,TFF 1. Lig,Futbol,Lig,1. Seviye,Ana Liste,Erkek,Kulüp,Takım Sporu,Türkiye,Yerli,Türk Takımı Var,TV+ Yok,Yıllık,Sürekli Lig,Oyuncu Jenerik,Bilgi,Oyuncu,Jenerik,Türkçe,Body,Oyuncu Jenerik,pendikspor,Genişletme,taha emre i̇nce
taha emre i̇nce kimdir,TFF 1. Lig,Futbol,Lig,1. Seviye,Ana Liste,Erkek,Kulüp,Takım Sporu,Türkiye,Yerli,Türk Takımı Var,TV+ Yok,Yıllık,Sürekli Lig,Oyuncu Bilgi,Bilgi,Oyuncu,Jenerik,Türkçe,Body,Oyuncu Bilgi,pendikspor,Genişletme,taha emre i̇nce
taha emre i̇nce hangi takımda,TFF 1. Lig,Futbol,Lig,1. Seviye,Ana Liste,Erkek,Kulüp,Takım Sporu,Türkiye,Yerli,Türk Takımı Var,TV+ Yok,Yıllık,Sürekli Lig,Oyuncu Bilgi,Bilgi,Oyuncu,Jenerik,Türkçe,Long-tail,Oyuncu Bilgi,pendikspor,Genişletme,taha emre i̇nce
taha emre i̇nce istatistik,TFF 1. Lig,Futbol,Lig,1. Seviye,Ana Liste,Erkek,Kulüp,Takım Sporu,Türkiye,Yerli,Türk Takımı Var,TV+ Yok,Yıllık,Sürekli Lig,İstatistik,Bilgi,Oyuncu,Jenerik,Türkçe,Body,İstatistik,pendikspor,Genişletme,taha emre i̇nce
mehmet i̇din,TFF 1. Lig,Futbol,Lig,1. Seviye,Ana Liste,Erkek,Kulüp,Takım Sporu,Türkiye,Yerli,Türk Takımı Var,TV+ Yok,Yıllık,Sürekli Lig,Oyuncu Jenerik,Bilgi,Oyuncu,Jenerik,Türkçe,Head,Oyuncu Jenerik,esenler erokspor,Genişletme,mehmet i̇din
mehmet i̇din kimdir,TFF 1. Lig,Futbol,Lig,1. Seviye,Ana Liste,Erkek,Kulüp,Takım Sporu,Türkiye,Yerli,Türk Takımı Var,TV+ Yok,Yıllık,Sürekli Lig,Oyuncu Bilgi,Bilgi,Oyuncu,Jenerik,Türkçe,Body,Oyuncu Bilgi,esenler erokspor,Genişletme,mehmet i̇din
mehmet i̇din hangi takımda,TFF 1. Lig,Futbol,Lig,1. Seviye,Ana Liste,Erkek,Kulüp,Takım Sporu,Türkiye,Yerli,Türk Takımı Var,TV+ Yok,Yıllık,Sürekli Lig,Oyuncu Bilgi,Bilgi,Oyuncu,Jenerik,Türkçe,Body,Oyuncu Bilgi,esenler erokspor,Genişletme,mehmet i̇din
mehmet i̇din istatistik,TFF 1. Lig,Futbol,Lig,1. Seviye,Ana Liste,Erkek,Kulüp,Takım Sporu,Türkiye,Yerli,Türk Takımı Var,TV+ Yok,Yıllık,Sürekli Lig,İstatistik,Bilgi,Oyuncu,Jenerik,Türkçe,Body,İstatistik,esenler erokspor,Genişletme,mehmet i̇din
yusuf i̇slam atay,TFF 1. Lig,Futbol,Lig,1. Seviye,Ana Liste,Erkek,Kulüp,Takım Sporu,Türkiye,Yerli,Türk Takımı Var,TV+ Yok,Yıllık,Sürekli Lig,Oyuncu Jenerik,Bilgi,Oyuncu,Jenerik,Türkçe,Body,Oyuncu Jenerik,serikspor,Genişletme,yusuf i̇slam atay
yusuf i̇slam atay kimdir,TFF 1. Lig,Futbol,Lig,1. Seviye,Ana Liste,Erkek,Kulüp,Takım Sporu,Türkiye,Yerli,Türk Takımı Var,TV+ Yok,Yıllık,Sürekli Lig,Oyuncu Bilgi,Bilgi,Oyuncu,Jenerik,Türkçe,Body,Oyuncu Bilgi,serikspor,Genişletme,yusuf i̇slam atay
yusuf i̇slam atay hangi takımda,TFF 1. Lig,Futbol,Lig,1. Seviye,Ana Liste,Erkek,Kulüp,Takım Sporu,Türkiye,Yerli,Türk Takımı Var,TV+ Yok,Yıllık,Sürekli Lig,Oyuncu Bilgi,Bilgi,Oyuncu,Jenerik,Türkçe,Long-tail,Oyuncu Bilgi,serikspor,Genişletme,yusuf i̇slam atay
yusuf i̇slam atay istatistik,TFF 1. Lig,Futbol,Lig,1. Seviye,Ana Liste,Erkek,Kulüp,Takım Sporu,Türkiye,Yerli,Türk Takımı Var,TV+ Yok,Yıllık,Sürekli Lig,İstatistik,Bilgi,Oyuncu,Jenerik,Türkçe,Body,İstatistik,serikspor,Genişletme,yusuf i̇slam atay
mert i̇smet aşıcı,TFF 1. Lig,Futbol,Lig,1. Seviye,Ana Liste,Erkek,Kulüp,Takım Sporu,Türkiye,Yerli,Türk Takımı Var,TV+ Yok,Yıllık,Sürekli Lig,Oyuncu Jenerik,Bilgi,Oyuncu,Jenerik,Türkçe,Body,Oyuncu Jenerik,serikspor,Genişletme,mert i̇smet aşıcı
mert i̇smet aşıcı kimdir,TFF 1. Lig,Futbol,Lig,1. Seviye,Ana Liste,Erkek,Kulüp,Takım Sporu,Türkiye,Yerli,Türk Takımı Var,TV+ Yok,Yıllık,Sürekli Lig,Oyuncu Bilgi,Bilgi,Oyuncu,Jenerik,Türkçe,Body,Oyuncu Bilgi,serikspor,Genişletme,mert i̇smet aşıcı
mert i̇smet aşıcı hangi takımda,TFF 1. Lig,Futbol,Lig,1. Seviye,Ana Liste,Erkek,Kulüp,Takım Sporu,Türkiye,Yerli,Türk Takımı Var,TV+ Yok,Yıllık,Sürekli Lig,Oyuncu Bilgi,Bilgi,Oyuncu,Jenerik,Türkçe,Long-tail,Oyuncu Bilgi,serikspor,Genişletme,mert i̇smet aşıcı
mert i̇smet aşıcı istatistik,TFF 1. Lig,Futbol,Lig,1. Seviye,Ana Liste,Erkek,Kulüp,Takım Sporu,Türkiye,Yerli,Türk Takımı Var,TV+ Yok,Yıllık,Sürekli Lig,İstatistik,Bilgi,Oyuncu,Jenerik,Türkçe,Body,İstatistik,serikspor,Genişletme,mert i̇smet aşıcı
muhammed i̇lham mallayev,TFF 1. Lig,Futbol,Lig,1. Seviye,Ana Liste,Erkek,Kulüp,Takım Sporu,Türkiye,Yerli,Türk Takımı Var,TV+ Yok,Yıllık,Sürekli Lig,Oyuncu Jenerik,Bilgi,Oyuncu,Jenerik,Türkçe,Body,Oyuncu Jenerik,serikspor,Genişletme,muhammed i̇lham mallayev
muhammed i̇lham mallayev kimdir,TFF 1. Lig,Futbol,Lig,1. Seviye,Ana Liste,Erkek,Kulüp,Takım Sporu,Türkiye,Yerli,Türk Takımı Var,TV+ Yok,Yıllık,Sürekli Lig,Oyuncu Bilgi,Bilgi,Oyuncu,Jenerik,Türkçe,Body,Oyuncu Bilgi,serikspor,Genişletme,muhammed i̇lham mallayev
muhammed i̇lham mallayev hangi takımda,TFF 1. Lig,Futbol,Lig,1. Seviye,Ana Liste,Erkek,Kulüp,Takım Sporu,Türkiye,Yerli,Türk Takımı Var,TV+ Yok,Yıllık,Sürekli Lig,Oyuncu Bilgi,Bilgi,Oyuncu,Jenerik,Türkçe,Long-tail,Oyuncu Bilgi,serikspor,Genişletme,muhammed i̇lham mallayev
muhammed i̇lham mallayev istatistik,TFF 1. Lig,Futbol,Lig,1. Seviye,Ana Liste,Erkek,Kulüp,Takım Sporu,Türkiye,Yerli,Türk Takımı Var,TV+ Yok,Yıllık,Sürekli Lig,İstatistik,Bilgi,Oyuncu,Jenerik,Türkçe,Body,İstatistik,serikspor,Genişletme,muhammed i̇lham mallayev
i̇smail tarım,TFF 1. Lig,Futbol,Lig,1. Seviye,Ana Liste,Erkek,Kulüp,Takım Sporu,Türkiye,Yerli,Türk Takımı Var,TV+ Yok,Yıllık,Sürekli Lig,Oyuncu Jenerik,Bilgi,Oyuncu,Jenerik,Türkçe,Head,Oyuncu Jenerik,bodrum fk,Genişletme,i̇smail tarım
i̇smail tarım kimdir,TFF 1. Lig,Futbol,Lig,1. Seviye,Ana Liste,Erkek,Kulüp,Takım Sporu,Türkiye,Yerli,Türk Takımı Var,TV+ Yok,Yıllık,Sürekli Lig,Oyuncu Bilgi,Bilgi,Oyuncu,Jenerik,Türkçe,Body,Oyuncu Bilgi,bodrum fk,Genişletme,i̇smail tarım
i̇smail tarım hangi takımda,TFF 1. Lig,Futbol,Lig,1. Seviye,Ana Liste,Erkek,Kulüp,Takım Sporu,Türkiye,Yerli,Türk Takımı Var,TV+ Yok,Yıllık,Sürekli Lig,Oyuncu Bilgi,Bilgi,Oyuncu,Jenerik,Türkçe,Body,Oyuncu Bilgi,bodrum fk,Genişletme,i̇smail tarım
i̇smail tarım istatistik,TFF 1. Lig,Futbol,Lig,1. Seviye,Ana Liste,Erkek,Kulüp,Takım Sporu,Türkiye,Yerli,Türk Takımı Var,TV+ Yok,Yıllık,Sürekli Lig,İstatistik,Bilgi,Oyuncu,Jenerik,Türkçe,Body,İstatistik,bodrum fk,Genişletme,i̇smail tarım
i̇brahim sürgülü,TFF 1. Lig,Futbol,Lig,1. Seviye,Ana Liste,Erkek,Kulüp,Takım Sporu,Türkiye,Yerli,Türk Takımı Var,TV+ Yok,Yıllık,Sürekli Lig,Oyuncu Jenerik,Bilgi,Oyuncu,Jenerik,Türkçe,Head,Oyuncu Jenerik,şanlıurfaspor,Genişletme,i̇brahim sürgülü
i̇brahim sürgülü kimdir,TFF 1. Lig,Futbol,Lig,1. Seviye,Ana Liste,Erkek,Kulüp,Takım Sporu,Türkiye,Yerli,Türk Takımı Var,TV+ Yok,Yıllık,Sürekli Lig,Oyuncu Bilgi,Bilgi,Oyuncu,Jenerik,Türkçe,Body,Oyuncu Bilgi,şanlıurfaspor,Genişletme,i̇brahim sürgülü
i̇brahim sürgülü hangi takımda,TFF 1. Lig,Futbol,Lig,1. Seviye,Ana Liste,Erkek,Kulüp,Takım Sporu,Türkiye,Yerli,Türk Takımı Var,TV+ Yok,Yıllık,Sürekli Lig,Oyuncu Bilgi,Bilgi,Oyuncu,Jenerik,Türkçe,Body,Oyuncu Bilgi,şanlıurfaspor,Genişletme,i̇brahim sürgülü
i̇brahim sürgülü istatistik,TFF 1. Lig,Futbol,Lig,1. Seviye,Ana Liste,Erkek,Kulüp,Takım Sporu,Türkiye,Yerli,Türk Takımı Var,TV+ Yok,Yıllık,Sürekli Lig,İstatistik,Bilgi,Oyuncu,Jenerik,Türkçe,Body,İstatistik,şanlıurfaspor,Genişletme,i̇brahim sürgülü
i̇lker günaslan,TFF 1. Lig,Futbol,Lig,1. Seviye,Ana Liste,Erkek,Kulüp,Takım Sporu,Türkiye,Yerli,Türk Takımı Var,TV+ Yok,Yıllık,Sürekli Lig,Oyuncu Jenerik,Bilgi,Oyuncu,Jenerik,Türkçe,Head,Oyuncu Jenerik,şanlıurfaspor,Genişletme,i̇lker günaslan
i̇lker günaslan kimdir,TFF 1. Lig,Futbol,Lig,1. Seviye,Ana Liste,Erkek,Kulüp,Takım Sporu,Türkiye,Yerli,Türk Takımı Var,TV+ Yok,Yıllık,Sürekli Lig,Oyuncu Bilgi,Bilgi,Oyuncu,Jenerik,Türkçe,Body,Oyuncu Bilgi,şanlıurfaspor,Genişletme,i̇lker günaslan
i̇lker günaslan hangi takımda,TFF 1. Lig,Futbol,Lig,1. Seviye,Ana Liste,Erkek,Kulüp,Takım Sporu,Türkiye,Yerli,Türk Takımı Var,TV+ Yok,Yıllık,Sürekli Lig,Oyuncu Bilgi,Bilgi,Oyuncu,Jenerik,Türkçe,Body,Oyuncu Bilgi,şanlıurfaspor,Genişletme,i̇lker günaslan
i̇lker günaslan istatistik,TFF 1. Lig,Futbol,Lig,1. Seviye,Ana Liste,Erkek,Kulüp,Takım Sporu,Türkiye,Yerli,Türk Takımı Var,TV+ Yok,Yıllık,Sürekli Lig,İstatistik,Bilgi,Oyuncu,Jenerik,Türkçe,Body,İstatistik,şanlıurfaspor,Genişletme,i̇lker günaslan
i̇brahim burak işık,TFF 1. Lig,Futbol,Lig,1. Seviye,Ana Liste,Erkek,Kulüp,Takım Sporu,Türkiye,Yerli,Türk Takımı Var,TV+ Yok,Yıllık,Sürekli Lig,Oyuncu Jenerik,Bilgi,Oyuncu,Jenerik,Türkçe,Body,Oyuncu Jenerik,şanlıurfaspor,Genişletme,i̇brahim burak işık
i̇brahim burak işık kimdir,TFF 1. Lig,Futbol,Lig,1. Seviye,Ana Liste,Erkek,Kulüp,Takım Sporu,Türkiye,Yerli,Türk Takımı Var,TV+ Yok,Yıllık,Sürekli Lig,Oyuncu Bilgi,Bilgi,Oyuncu,Jenerik,Türkçe,Body,Oyuncu Bilgi,şanlıurfaspor,Genişletme,i̇brahim burak işık
i̇brahim burak işık hangi takımda,TFF 1. Lig,Futbol,Lig,1. Seviye,Ana Liste,Erkek,Kulüp,Takım Sporu,Türkiye,Yerli,Türk Takımı Var,TV+ Yok,Yıllık,Sürekli Lig,Oyuncu Bilgi,Bilgi,Oyuncu,Jenerik,Türkçe,Long-tail,Oyuncu Bilgi,şanlıurfaspor,Genişletme,i̇brahim burak işık
i̇brahim burak işık istatistik,TFF 1. Lig,Futbol,Lig,1. Seviye,Ana Liste,Erkek,Kulüp,Takım Sporu,Türkiye,Yerli,Türk Takımı Var,TV+ Yok,Yıllık,Sürekli Lig,İstatistik,Bilgi,Oyuncu,Jenerik,Türkçe,Body,İstatistik,şanlıurfaspor,Genişletme,i̇brahim burak işık
semih i̇smail bakır,TFF 1. Lig,Futbol,Lig,1. Seviye,Ana Liste,Erkek,Kulüp,Takım Sporu,Türkiye,Yerli,Türk Takımı Var,TV+ Yok,Yıllık,Sürekli Lig,Oyuncu Jenerik,Bilgi,Oyuncu,Jenerik,Türkçe,Body,Oyuncu Jenerik,adanaspor,Genişletme,semih i̇smail bakır
semih i̇smail bakır kimdir,TFF 1. Lig,Futbol,Lig,1. Seviye,Ana Liste,Erkek,Kulüp,Takım Sporu,Türkiye,Yerli,Türk Takımı Var,TV+ Yok,Yıllık,Sürekli Lig,Oyuncu Bilgi,Bilgi,Oyuncu,Jenerik,Türkçe,Body,Oyuncu Bilgi,adanaspor,Genişletme,semih i̇smail bakır
semih i̇smail bakır hangi takımda,TFF 1. Lig,Futbol,Lig,1. Seviye,Ana Liste,Erkek,Kulüp,Takım Sporu,Türkiye,Yerli,Türk Takımı Var,TV+ Yok,Yıllık,Sürekli Lig,Oyuncu Bilgi,Bilgi,Oyuncu,Jenerik,Türkçe,Long-tail,Oyuncu Bilgi,adanaspor,Genişletme,semih i̇smail bakır
semih i̇smail bakır istatistik,TFF 1. Lig,Futbol,Lig,1. Seviye,Ana Liste,Erkek,Kulüp,Takım Sporu,Türkiye,Yerli,Türk Takımı Var,TV+ Yok,Yıllık,Sürekli Lig,İstatistik,Bilgi,Oyuncu,Jenerik,Türkçe,Body,İstatistik,adanaspor,Genişletme,semih i̇smail bakır
azer i̇pek,TFF 1. Lig,Futbol,Lig,1. Seviye,Ana Liste,Erkek,Kulüp,Takım Sporu,Türkiye,Yerli,Türk Takımı Var,TV+ Yok,Yıllık,Sürekli Lig,Oyuncu Jenerik,Bilgi,Oyuncu,Jenerik,Türkçe,Head,Oyuncu Jenerik,adanaspor,Genişletme,azer i̇pek
azer i̇pek kimdir,TFF 1. Lig,Futbol,Lig,1. Seviye,Ana Liste,Erkek,Kulüp,Takım Sporu,Türkiye,Yerli,Türk Takımı Var,TV+ Yok,Yıllık,Sürekli Lig,Oyuncu Bilgi,Bilgi,Oyuncu,Jenerik,Türkçe,Body,Oyuncu Bilgi,adanaspor,Genişletme,azer i̇pek
azer i̇pek hangi takımda,TFF 1. Lig,Futbol,Lig,1. Seviye,Ana Liste,Erkek,Kulüp,Takım Sporu,Türkiye,Yerli,Türk Takımı Var,TV+ Yok,Yıllık,Sürekli Lig,Oyuncu Bilgi,Bilgi,Oyuncu,Jenerik,Türkçe,Body,Oyuncu Bilgi,adanaspor,Genişletme,azer i̇pek
azer i̇pek istatistik,TFF 1. Lig,Futbol,Lig,1. Seviye,Ana Liste,Erkek,Kulüp,Takım Sporu,Türkiye,Yerli,Türk Takımı Var,TV+ Yok,Yıllık,Sürekli Lig,İstatistik,Bilgi,Oyuncu,Jenerik,Türkçe,Body,İstatistik,adanaspor,Genişletme,azer i̇pek
mesut i̇ncekara,TFF 1. Lig,Futbol,Lig,1. Seviye,Ana Liste,Erkek,Kulüp,Takım Sporu,Türkiye,Yerli,Türk Takımı Var,TV+ Yok,Yıllık,Sürekli Lig,Oyuncu Jenerik,Bilgi,Oyuncu,Jenerik,Türkçe,Head,Oyuncu Jenerik,adanaspor,Genişletme,mesut i̇ncekara
mesut i̇ncekara kimdir,TFF 1. Lig,Futbol,Lig,1. Seviye,Ana Liste,Erkek,Kulüp,Takım Sporu,Türkiye,Yerli,Türk Takımı Var,TV+ Yok,Yıllık,Sürekli Lig,Oyuncu Bilgi,Bilgi,Oyuncu,Jenerik,Türkçe,Body,Oyuncu Bilgi,adanaspor,Genişletme,mesut i̇ncekara
mesut i̇ncekara hangi takımda,TFF 1. Lig,Futbol,Lig,1. Seviye,Ana Liste,Erkek,Kulüp,Takım Sporu,Türkiye,Yerli,Türk Takımı Var,TV+ Yok,Yıllık,Sürekli Lig,Oyuncu Bilgi,Bilgi,Oyuncu,Jenerik,Türkçe,Body,Oyuncu Bilgi,adanaspor,Genişletme,mesut i̇ncekara
mesut i̇ncekara istatistik,TFF 1. Lig,Futbol,Lig,1. Seviye,Ana Liste,Erkek,Kulüp,Takım Sporu,Türkiye,Yerli,Türk Takımı Var,TV+ Yok,Yıllık,Sürekli Lig,İstatistik,Bilgi,Oyuncu,Jenerik,Türkçe,Body,İstatistik,adanaspor,Genişletme,mesut i̇ncekara
i̇smail solmaz,TFF 1. Lig,Futbol,Lig,1. Seviye,Ana Liste,Erkek,Kulüp,Takım Sporu,Türkiye,Yerli,Türk Takımı Var,TV+ Yok,Yıllık,Sürekli Lig,Oyuncu Jenerik,Bilgi,Oyuncu,Jenerik,Türkçe,Head,Oyuncu Jenerik,adanaspor,Genişletme,i̇smail solmaz
i̇smail solmaz kimdir,TFF 1. Lig,Futbol,Lig,1. Seviye,Ana Liste,Erkek,Kulüp,Takım Sporu,Türkiye,Yerli,Türk Takımı Var,TV+ Yok,Yıllık,Sürekli Lig,Oyuncu Bilgi,Bilgi,Oyuncu,Jenerik,Türkçe,Body,Oyuncu Bilgi,adanaspor,Genişletme,i̇smail solmaz
i̇smail solmaz hangi takımda,TFF 1. Lig,Futbol,Lig,1. Seviye,Ana Liste,Erkek,Kulüp,Takım Sporu,Türkiye,Yerli,Türk Takımı Var,TV+ Yok,Yıllık,Sürekli Lig,Oyuncu Bilgi,Bilgi,Oyuncu,Jenerik,Türkçe,Body,Oyuncu Bilgi,adanaspor,Genişletme,i̇smail solmaz
i̇smail solmaz istatistik,TFF 1. Lig,Futbol,Lig,1. Seviye,Ana Liste,Erkek,Kulüp,Takım Sporu,Türkiye,Yerli,Türk Takımı Var,TV+ Yok,Yıllık,Sürekli Lig,İstatistik,Bilgi,Oyuncu,Jenerik,Türkçe,Body,İstatistik,adanaspor,Genişletme,i̇smail solmaz
emirhan i̇lkhan,Serie A,Futbol,Lig,1. Seviye,Ana Liste,Erkek,Kulüp,Takım Sporu,İtalya,Yabancı,Yok,TV+ Var,Yıllık,Sürekli Lig,Oyuncu Jenerik,Bilgi,Oyuncu,Jenerik,Türkçe,Head,Oyuncu Jenerik,torino,Genişletme,emirhan i̇lkhan
emirhan i̇lkhan kimdir,Serie A,Futbol,Lig,1. Seviye,Ana Liste,Erkek,Kulüp,Takım Sporu,İtalya,Yabancı,Yok,TV+ Var,Yıllık,Sürekli Lig,Oyuncu Bilgi,Bilgi,Oyuncu,Jenerik,Türkçe,Body,Oyuncu Bilgi,torino,Genişletme,emirhan i̇lkhan
emirhan i̇lkhan hangi takımda,Serie A,Futbol,Lig,1. Seviye,Ana Liste,Erkek,Kulüp,Takım Sporu,İtalya,Yabancı,Yok,TV+ Var,Yıllık,Sürekli Lig,Oyuncu Bilgi,Bilgi,Oyuncu,Jenerik,Türkçe,Body,Oyuncu Bilgi,torino,Genişletme,emirhan i̇lkhan
emirhan i̇lkhan istatistik,Serie A,Futbol,Lig,1. Seviye,Ana Liste,Erkek,Kulüp,Takım Sporu,İtalya,Yabancı,Yok,TV+ Var,Yıllık,Sürekli Lig,İstatistik,Bilgi,Oyuncu,Jenerik,Türkçe,Body,İstatistik,torino,Genişletme,emirhan i̇lkhan
konan n’dri,Serie A,Futbol,Lig,1. Seviye,Ana Liste,Erkek,Kulüp,Takım Sporu,İtalya,Yabancı,Yok,TV+ Var,Yıllık,Sürekli Lig,Oyuncu Jenerik,Bilgi,Oyuncu,Jenerik,Türkçe,Head,Oyuncu Jenerik,lecce,Genişletme,konan n’dri
konan n’dri kimdir,Serie A,Futbol,Lig,1. Seviye,Ana Liste,Erkek,Kulüp,Takım Sporu,İtalya,Yabancı,Yok,TV+ Var,Yıllık,Sürekli Lig,Oyuncu Bilgi,Bilgi,Oyuncu,Jenerik,Türkçe,Body,Oyuncu Bilgi,lecce,Genişletme,konan n’dri
konan n’dri hangi takımda,Serie A,Futbol,Lig,1. Seviye,Ana Liste,Erkek,Kulüp,Takım Sporu,İtalya,Yabancı,Yok,TV+ Var,Yıllık,Sürekli Lig,Oyuncu Bilgi,Bilgi,Oyuncu,Jenerik,Türkçe,Body,Oyuncu Bilgi,lecce,Genişletme,konan n’dri
konan n’dri istatistik,Serie A,Futbol,Lig,1. Seviye,Ana Liste,Erkek,Kulüp,Takım Sporu,İtalya,Yabancı,Yok,TV+ Var,Yıllık,Sürekli Lig,İstatistik,Bilgi,Oyuncu,Jenerik,Türkçe,Body,İstatistik,lecce,Genişletme,konan n’dri
i̇sak vural,Serie A,Futbol,Lig,1. Seviye,Ana Liste,Erkek,Kulüp,Takım Sporu,İtalya,Yabancı,Yok,TV+ Var,Yıllık,Sürekli Lig,Oyuncu Jenerik,Bilgi,Oyuncu,Jenerik,Türkçe,Head,Oyuncu Jenerik,pisa,Genişletme,i̇sak vural
i̇sak vural kimdir,Serie A,Futbol,Lig,1. Seviye,Ana Liste,Erkek,Kulüp,Takım Sporu,İtalya,Yabancı,Yok,TV+ Var,Yıllık,Sürekli Lig,Oyuncu Bilgi,Bilgi,Oyuncu,Jenerik,Türkçe,Body,Oyuncu Bilgi,pisa,Genişletme,i̇sak vural
i̇sak vural hangi takımda,Serie A,Futbol,Lig,1. Seviye,Ana Liste,Erkek,Kulüp,Takım Sporu,İtalya,Yabancı,Yok,TV+ Var,Yıllık,Sürekli Lig,Oyuncu Bilgi,Bilgi,Oyuncu,Jenerik,Türkçe,Body,Oyuncu Bilgi,pisa,Genişletme,i̇sak vural
i̇sak vural istatistik,Serie A,Futbol,Lig,1. Seviye,Ana Liste,Erkek,Kulüp,Takım Sporu,İtalya,Yabancı,Yok,TV+ Var,Yıllık,Sürekli Lig,İstatistik,Bilgi,Oyuncu,Jenerik,Türkçe,Body,İstatistik,pisa,Genişletme,i̇sak vural
i̇lbey i̇nanç çekiç,Diğer Avrupa Ligleri,Futbol,Lig,1. Seviye,Ana Liste,Erkek,Kulüp,Takım Sporu,Türkiye,Yerli,Türk Takımı Var,Doğrulanacak,Yıllık,Sürekli Lig,Oyuncu Jenerik,Bilgi,Oyuncu,Jenerik,Türkçe,Body,Oyuncu Jenerik,tokat belediye plevne,Genişletme,i̇lbey i̇nanç çekiç
i̇lbey i̇nanç çekiç kimdir,Diğer Avrupa Ligleri,Futbol,Lig,1. Seviye,Ana Liste,Erkek,Kulüp,Takım Sporu,Türkiye,Yerli,Türk Takımı Var,Doğrulanacak,Yıllık,Sürekli Lig,Oyuncu Bilgi,Bilgi,Oyuncu,Jenerik,Türkçe,Body,Oyuncu Bilgi,tokat belediye plevne,Genişletme,i̇lbey i̇nanç çekiç
i̇lbey i̇nanç çekiç hangi takımda,Diğer Avrupa Ligleri,Futbol,Lig,1. Seviye,Ana Liste,Erkek,Kulüp,Takım Sporu,Türkiye,Yerli,Türk Takımı Var,Doğrulanacak,Yıllık,Sürekli Lig,Oyuncu Bilgi,Bilgi,Oyuncu,Jenerik,Türkçe,Long-tail,Oyuncu Bilgi,tokat belediye plevne,Genişletme,i̇lbey i̇nanç çekiç
i̇lbey i̇nanç çekiç istatistik,Diğer Avrupa Ligleri,Futbol,Lig,1. Seviye,Ana Liste,Erkek,Kulüp,Takım Sporu,Türkiye,Yerli,Türk Takımı Var,Doğrulanacak,Yıllık,Sürekli Lig,İstatistik,Bilgi,Oyuncu,Jenerik,Türkçe,Body,İstatistik,tokat belediye plevne,Genişletme,i̇lbey i̇nanç çekiç
i̇brahim alan,Diğer Avrupa Ligleri,Futbol,Lig,1. Seviye,Ana Liste,Erkek,Kulüp,Takım Sporu,Türkiye,Yerli,Türk Takımı Var,Doğrulanacak,Yıllık,Sürekli Lig,Oyuncu Jenerik,Bilgi,Oyuncu,Jenerik,Türkçe,Head,Oyuncu Jenerik,tokat belediye plevne,Genişletme,i̇brahim alan
i̇brahim alan kimdir,Diğer Avrupa Ligleri,Futbol,Lig,1. Seviye,Ana Liste,Erkek,Kulüp,Takım Sporu,Türkiye,Yerli,Türk Takımı Var,Doğrulanacak,Yıllık,Sürekli Lig,Oyuncu Bilgi,Bilgi,Oyuncu,Jenerik,Türkçe,Body,Oyuncu Bilgi,tokat belediye plevne,Genişletme,i̇brahim alan
i̇brahim alan hangi takımda,Diğer Avrupa Ligleri,Futbol,Lig,1. Seviye,Ana Liste,Erkek,Kulüp,Takım Sporu,Türkiye,Yerli,Türk Takımı Var,Doğrulanacak,Yıllık,Sürekli Lig,Oyuncu Bilgi,Bilgi,Oyuncu,Jenerik,Türkçe,Body,Oyuncu Bilgi,tokat belediye plevne,Genişletme,i̇brahim alan
i̇brahim alan istatistik,Diğer Avrupa Ligleri,Futbol,Lig,1. Seviye,Ana Liste,Erkek,Kulüp,Takım Sporu,Türkiye,Yerli,Türk Takımı Var,Doğrulanacak,Yıllık,Sürekli Lig,İstatistik,Bilgi,Oyuncu,Jenerik,Türkçe,Body,İstatistik,tokat belediye plevne,Genişletme,i̇brahim alan
