keyword,organizasyon,spor_dali,musabaka_tipi,lig_seviyesi,prestij_katmani,cinsiyet,kulup_milli,takim_bireysel,cografya,yerlilik,turk_baglantisi,yayin_hakki,periyodiklik,takvim_tipi,sayfa_tipi,intent_katmani,entity_tipi,marka_tipi,dil,sorgu_uzunlugu,varyant_kodu,kulup,oyuncu_ana_ad,kurum_sorgusu,oyuncu_dogrulama,varyant_denetim,teknik_kadro,katman
ilkay gündoğan,Süper Lig,Futbol,Lig,1. Seviye,Çekirdek,Erkek,Kulüp,Takım Sporu,Türkiye,Yerli,Türk Takımı Var,TV+ Yok,Yıllık,Sürekli Lig,Oyuncu Jenerik,Bilgi,Oyuncu,Jenerik,Türkçe,Head,Oyuncu Jenerik,galatasaray,i̇lkay gündoğan,hayır,Oyuncu,Geçerli,,Genişletme
ilkay gündoğan kimdir,Süper Lig,Futbol,Lig,1. Seviye,Çekirdek,Erkek,Kulüp,Takım Sporu,Türkiye,Yerli,Türk Takımı Var,TV+ Yok,Yıllık,Sürekli Lig,Oyuncu Bilgi,Bilgi,Oyuncu,Jenerik,Türkçe,Body,Oyuncu Bilgi,galatasaray,i̇lkay gündoğan,hayır,Oyuncu,Geçerli,,Genişletme
ilkay gündoğan hangi takımda,Süper Lig,Futbol,Lig,1. Seviye,Çekirdek,Erkek,Kulüp,Takım Sporu,Türkiye,Yerli,Türk Takımı Var,TV+ Yok,Yıllık,Sürekli Lig,Oyuncu Bilgi,Bilgi,Oyuncu,Jenerik,Türkçe,Body,Oyuncu Bilgi,galatasaray,i̇lkay gündoğan,hayır,Oyuncu,Geçerli,,Genişletme
ilkay gündoğan istatistik,Süper Lig,Futbol,Lig,1. Seviye,Çekirdek,Erkek,Kulüp,Takım Sporu,Türkiye,Yerli,Türk Takımı Var,TV+ Yok,Yıllık,Sürekli Lig,İstatistik,Bilgi,Oyuncu,Jenerik,Türkçe,Body,İstatistik,galatasaray,i̇lkay gündoğan,hayır,Oyuncu,Geçerli,,Genişletme
ismail yüksek,Süper Lig,Futbol,Lig,1. Seviye,Çekirdek,Erkek,Kulüp,Takım Sporu,Türkiye,Yerli,Türk Takımı Var,TV+ Yok,Yıllık,Sürekli Lig,Oyuncu Jenerik,Bilgi,Oyuncu,Jenerik,Türkçe,Head,Oyuncu Jenerik,fenerbahçe,i̇smail yüksek,hayır,Oyuncu,Geçerli,,Genişletme
ismail yüksek kimdir,Süper Lig,Futbol,Lig,1. Seviye,Çekirdek,Erkek,Kulüp,Takım Sporu,Türkiye,Yerli,Türk Takımı Var,TV+ Yok,Yıllık,Sürekli Lig,Oyuncu Bilgi,Bilgi,Oyuncu,Jenerik,Türkçe,Body,Oyuncu Bilgi,fenerbahçe,i̇smail yüksek,hayır,Oyuncu,Geçerli,,Genişletme
ismail yüksek hangi takımda,Süper Lig,Futbol,Lig,1. Seviye,Çekirdek,Erkek,Kulüp,Takım Sporu,Türkiye,Yerli,Türk Takımı Var,TV+ Yok,Yıllık,Sürekli Lig,Oyuncu Bilgi,Bilgi,Oyuncu,Jenerik,Türkçe,Body,Oyuncu Bilgi,fenerbahçe,i̇smail yüksek,hayır,Oyuncu,Geçerli,,Genişletme
ismail yüksek istatistik,Süper Lig,Futbol,Lig,1. Seviye,Çekirdek,Erkek,Kulüp,Takım Sporu,Türkiye,Yerli,Türk Takımı Var,TV+ Yok,Yıllık,Sürekli Lig,İstatistik,Bilgi,Oyuncu,Jenerik,Türkçe,Body,İstatistik,fenerbahçe,i̇smail yüksek,hayır,Oyuncu,Geçerli,,Genişletme
irfan can kahveci,Süper Lig,Futbol,Lig,1. Seviye,Çekirdek,Erkek,Kulüp,Takım Sporu,Türkiye,Yerli,Türk Takımı Var,TV+ Yok,Yıllık,Sürekli Lig,Oyuncu Jenerik,Bilgi,Oyuncu,Jenerik,Türkçe,Body,Oyuncu Jenerik,fenerbahçe,i̇rfan can kahveci,hayır,Oyuncu,Geçerli,,Genişletme
irfan can kahveci kimdir,Süper Lig,Futbol,Lig,1. Seviye,Çekirdek,Erkek,Kulüp,Takım Sporu,Türkiye,Yerli,Türk Takımı Var,TV+ Yok,Yıllık,Sürekli Lig,Oyuncu Bilgi,Bilgi,Oyuncu,Jenerik,Türkçe,Body,Oyuncu Bilgi,fenerbahçe,i̇rfan can kahveci,hayır,Oyuncu,Geçerli,,Genişletme
irfan can kahveci hangi takımda,Süper Lig,Futbol,Lig,1. Seviye,Çekirdek,Erkek,Kulüp,Takım Sporu,Türkiye,Yerli,Türk Takımı Var,TV+ Yok,Yıllık,Sürekli Lig,Oyuncu Bilgi,Bilgi,Oyuncu,Jenerik,Türkçe,Long-tail,Oyuncu Bilgi,fenerbahçe,i̇rfan can kahveci,hayır,Oyuncu,Geçerli,,Genişletme
irfan can kahveci istatistik,Süper Lig,Futbol,Lig,1. Seviye,Çekirdek,Erkek,Kulüp,Takım Sporu,Türkiye,Yerli,Türk Takımı Var,TV+ Yok,Yıllık,Sürekli Lig,İstatistik,Bilgi,Oyuncu,Jenerik,Türkçe,Body,İstatistik,fenerbahçe,i̇rfan can kahveci,hayır,Oyuncu,Geçerli,,Genişletme
irfan kahveci,Süper Lig,Futbol,Lig,1. Seviye,Çekirdek,Erkek,Kulüp,Takım Sporu,Türkiye,Yerli,Türk Takımı Var,TV+ Yok,Yıllık,Sürekli Lig,Oyuncu Jenerik,Bilgi,Oyuncu,Jenerik,Türkçe,Head,Oyuncu Jenerik,fenerbahçe,i̇rfan can kahveci,hayır,Oyuncu,Geçerli,,Genişletme
irfan kahveci kimdir,Süper Lig,Futbol,Lig,1. Seviye,Çekirdek,Erkek,Kulüp,Takım Sporu,Türkiye,Yerli,Türk Takımı Var,TV+ Yok,Yıllık,Sürekli Lig,Oyuncu Bilgi,Bilgi,Oyuncu,Jenerik,Türkçe,Body,Oyuncu Bilgi,fenerbahçe,i̇rfan can kahveci,hayır,Oyuncu,Geçerli,,Genişletme
irfan kahveci hangi takımda,Süper Lig,Futbol,Lig,1. Seviye,Çekirdek,Erkek,Kulüp,Takım Sporu,Türkiye,Yerli,Türk Takımı Var,TV+ Yok,Yıllık,Sürekli Lig,Oyuncu Bilgi,Bilgi,Oyuncu,Jenerik,Türkçe,Body,Oyuncu Bilgi,fenerbahçe,i̇rfan can kahveci,hayır,Oyuncu,Geçerli,,Genişletme
irfan kahveci istatistik,Süper Lig,Futbol,Lig,1. Seviye,Çekirdek,Erkek,Kulüp,Takım Sporu,Türkiye,Yerli,Türk Takımı Var,TV+ Yok,Yıllık,Sürekli Lig,İstatistik,Bilgi,Oyuncu,Jenerik,Türkçe,Body,İstatistik,fenerbahçe,i̇rfan can kahveci,hayır,Oyuncu,Geçerli,,Genişletme
ilhan fakılı,Süper Lig,Futbol,Lig,1. Seviye,Çekirdek,Erkek,Kulüp,Takım Sporu,Türkiye,Yerli,Türk Takımı Var,TV+ Yok,Yıllık,Sürekli Lig,Oyuncu Jenerik,Bilgi,Oyuncu,Jenerik,Türkçe,Head,Oyuncu Jenerik,beşiktaş,i̇lhan fakılı,hayır,Oyuncu,Geçerli,,Genişletme
ilhan fakılı kimdir,Süper Lig,Futbol,Lig,1. Seviye,Çekirdek,Erkek,Kulüp,Takım Sporu,Türkiye,Yerli,Türk Takımı Var,TV+ Yok,Yıllık,Sürekli Lig,Oyuncu Bilgi,Bilgi,Oyuncu,Jenerik,Türkçe,Body,Oyuncu Bilgi,beşiktaş,i̇lhan fakılı,hayır,Oyuncu,Geçerli,,Genişletme
ilhan fakılı hangi takımda,Süper Lig,Futbol,Lig,1. Seviye,Çekirdek,Erkek,Kulüp,Takım Sporu,Türkiye,Yerli,Türk Takımı Var,TV+ Yok,Yıllık,Sürekli Lig,Oyuncu Bilgi,Bilgi,Oyuncu,Jenerik,Türkçe,Body,Oyuncu Bilgi,beşiktaş,i̇lhan fakılı,hayır,Oyuncu,Geçerli,,Genişletme
ilhan fakılı istatistik,Süper Lig,Futbol,Lig,1. Seviye,Çekirdek,Erkek,Kulüp,Takım Sporu,Türkiye,Yerli,Türk Takımı Var,TV+ Yok,Yıllık,Sürekli Lig,İstatistik,Bilgi,Oyuncu,Jenerik,Türkçe,Body,İstatistik,beşiktaş,i̇lhan fakılı,hayır,Oyuncu,Geçerli,,Genişletme
taha emre ince,Süper Lig,Futbol,Lig,1. Seviye,Çekirdek,Erkek,Kulüp,Takım Sporu,Türkiye,Yerli,Türk Takımı Var,TV+ Yok,Yıllık,Sürekli Lig,Oyuncu Jenerik,Bilgi,Oyuncu,Jenerik,Türkçe,Body,Oyuncu Jenerik,trabzonspor,taha emre i̇nce,hayır,Oyuncu,Geçerli,,Genişletme
taha emre ince kimdir,Süper Lig,Futbol,Lig,1. Seviye,Çekirdek,Erkek,Kulüp,Takım Sporu,Türkiye,Yerli,Türk Takımı Var,TV+ Yok,Yıllık,Sürekli Lig,Oyuncu Bilgi,Bilgi,Oyuncu,Jenerik,Türkçe,Body,Oyuncu Bilgi,trabzonspor,taha emre i̇nce,hayır,Oyuncu,Geçerli,,Genişletme
taha emre ince hangi takımda,Süper Lig,Futbol,Lig,1. Seviye,Çekirdek,Erkek,Kulüp,Takım Sporu,Türkiye,Yerli,Türk Takımı Var,TV+ Yok,Yıllık,Sürekli Lig,Oyuncu Bilgi,Bilgi,Oyuncu,Jenerik,Türkçe,Long-tail,Oyuncu Bilgi,trabzonspor,taha emre i̇nce,hayır,Oyuncu,Geçerli,,Genişletme
taha emre ince istatistik,Süper Lig,Futbol,Lig,1. Seviye,Çekirdek,Erkek,Kulüp,Takım Sporu,Türkiye,Yerli,Türk Takımı Var,TV+ Yok,Yıllık,Sürekli Lig,İstatistik,Bilgi,Oyuncu,Jenerik,Türkçe,Body,İstatistik,trabzonspor,taha emre i̇nce,hayır,Oyuncu,Geçerli,,Genişletme
taha ince,Süper Lig,Futbol,Lig,1. Seviye,Çekirdek,Erkek,Kulüp,Takım Sporu,Türkiye,Yerli,Türk Takımı Var,TV+ Yok,Yıllık,Sürekli Lig,Oyuncu Jenerik,Bilgi,Oyuncu,Jenerik,Türkçe,Head,Oyuncu Jenerik,trabzonspor,taha emre i̇nce,hayır,Oyuncu,Geçerli,,Genişletme
taha ince kimdir,Süper Lig,Futbol,Lig,1. Seviye,Çekirdek,Erkek,Kulüp,Takım Sporu,Türkiye,Yerli,Türk Takımı Var,TV+ Yok,Yıllık,Sürekli Lig,Oyuncu Bilgi,Bilgi,Oyuncu,Jenerik,Türkçe,Body,Oyuncu Bilgi,trabzonspor,taha emre i̇nce,hayır,Oyuncu,Geçerli,,Genişletme
taha ince hangi takımda,Süper Lig,Futbol,Lig,1. Seviye,Çekirdek,Erkek,Kulüp,Takım Sporu,Türkiye,Yerli,Türk Takımı Var,TV+ Yok,Yıllık,Sürekli Lig,Oyuncu Bilgi,Bilgi,Oyuncu,Jenerik,Türkçe,Body,Oyuncu Bilgi,trabzonspor,taha emre i̇nce,hayır,Oyuncu,Geçerli,,Genişletme
taha ince istatistik,Süper Lig,Futbol,Lig,1. Seviye,Çekirdek,Erkek,Kulüp,Takım Sporu,Türkiye,Yerli,Türk Takımı Var,TV+ Yok,Yıllık,Sürekli Lig,İstatistik,Bilgi,Oyuncu,Jenerik,Türkçe,Body,İstatistik,trabzonspor,taha emre i̇nce,hayır,Oyuncu,Geçerli,,Genişletme
selçuk inan,Süper Lig,Futbol,Lig,1. Seviye,Çekirdek,Erkek,Kulüp,Takım Sporu,Türkiye,Yerli,Türk Takımı Var,TV+ Yok,Yıllık,Sürekli Lig,Oyuncu Jenerik,Bilgi,Oyuncu,Jenerik,Türkçe,Head,Oyuncu Jenerik,kocaelispor,selçuk i̇nan,hayır,Oyuncu,Geçerli,,Genişletme
selçuk inan kimdir,Süper Lig,Futbol,Lig,1. Seviye,Çekirdek,Erkek,Kulüp,Takım Sporu,Türkiye,Yerli,Türk Takımı Var,TV+ Yok,Yıllık,Sürekli Lig,Oyuncu Bilgi,Bilgi,Oyuncu,Jenerik,Türkçe,Body,Oyuncu Bilgi,kocaelispor,selçuk i̇nan,hayır,Oyuncu,Geçerli,,Genişletme
selçuk inan hangi takımda,Süper Lig,Futbol,Lig,1. Seviye,Çekirdek,Erkek,Kulüp,Takım Sporu,Türkiye,Yerli,Türk Takımı Var,TV+ Yok,Yıllık,Sürekli Lig,Oyuncu Bilgi,Bilgi,Oyuncu,Jenerik,Türkçe,Body,Oyuncu Bilgi,kocaelispor,selçuk i̇nan,hayır,Oyuncu,Geçerli,,Genişletme
selçuk inan istatistik,Süper Lig,Futbol,Lig,1. Seviye,Çekirdek,Erkek,Kulüp,Takım Sporu,Türkiye,Yerli,Türk Takımı Var,TV+ Yok,Yıllık,Sürekli Lig,İstatistik,Bilgi,Oyuncu,Jenerik,Türkçe,Body,İstatistik,kocaelispor,selçuk i̇nan,hayır,Oyuncu,Geçerli,,Genişletme
ismail köybaşı,Süper Lig,Futbol,Lig,1. Seviye,Çekirdek,Erkek,Kulüp,Takım Sporu,Türkiye,Yerli,Türk Takımı Var,TV+ Yok,Yıllık,Sürekli Lig,Oyuncu Jenerik,Bilgi,Oyuncu,Jenerik,Türkçe,Head,Oyuncu Jenerik,göztepe,i̇smail köybaşı,hayır,Oyuncu,Geçerli,,Genişletme
ismail köybaşı kimdir,Süper Lig,Futbol,Lig,1. Seviye,Çekirdek,Erkek,Kulüp,Takım Sporu,Türkiye,Yerli,Türk Takımı Var,TV+ Yok,Yıllık,Sürekli Lig,Oyuncu Bilgi,Bilgi,Oyuncu,Jenerik,Türkçe,Body,Oyuncu Bilgi,göztepe,i̇smail köybaşı,hayır,Oyuncu,Geçerli,,Genişletme
ismail köybaşı hangi takımda,Süper Lig,Futbol,Lig,1. Seviye,Çekirdek,Erkek,Kulüp,Takım Sporu,Türkiye,Yerli,Türk Takımı Var,TV+ Yok,Yıllık,Sürekli Lig,Oyuncu Bilgi,Bilgi,Oyuncu,Jenerik,Türkçe,Body,Oyuncu Bilgi,göztepe,i̇smail köybaşı,hayır,Oyuncu,Geçerli,,Genişletme
ismail köybaşı istatistik,Süper Lig,Futbol,Lig,1. Seviye,Çekirdek,Erkek,Kulüp,Takım Sporu,Türkiye,Yerli,Türk Takımı Var,TV+ Yok,Yıllık,Sürekli Lig,İstatistik,Bilgi,Oyuncu,Jenerik,Türkçe,Body,İstatistik,göztepe,i̇smail köybaşı,hayır,Oyuncu,Geçerli,,Genişletme
ilter,Süper Lig,Futbol,Lig,1. Seviye,Çekirdek,Erkek,Kulüp,Takım Sporu,Türkiye,Yerli,Türk Takımı Var,TV+ Yok,Yıllık,Sürekli Lig,Oyuncu Jenerik,Bilgi,Oyuncu,Jenerik,Türkçe,Head,Oyuncu Jenerik,eyüpspor,taşkın i̇lter,hayır,Oyuncu,Geçerli,,Genişletme
ilter kimdir,Süper Lig,Futbol,Lig,1. Seviye,Çekirdek,Erkek,Kulüp,Takım Sporu,Türkiye,Yerli,Türk Takımı Var,TV+ Yok,Yıllık,Sürekli Lig,Oyuncu Bilgi,Bilgi,Oyuncu,Jenerik,Türkçe,Head,Oyuncu Bilgi,eyüpspor,taşkın i̇lter,hayır,Oyuncu,Geçerli,,Genişletme
ilter hangi takımda,Süper Lig,Futbol,Lig,1. Seviye,Çekirdek,Erkek,Kulüp,Takım Sporu,Türkiye,Yerli,Türk Takımı Var,TV+ Yok,Yıllık,Sürekli Lig,Oyuncu Bilgi,Bilgi,Oyuncu,Jenerik,Türkçe,Body,Oyuncu Bilgi,eyüpspor,taşkın i̇lter,hayır,Oyuncu,Geçerli,,Genişletme
ilter istatistik,Süper Lig,Futbol,Lig,1. Seviye,Çekirdek,Erkek,Kulüp,Takım Sporu,Türkiye,Yerli,Türk Takımı Var,TV+ Yok,Yıllık,Sürekli Lig,İstatistik,Bilgi,Oyuncu,Jenerik,Türkçe,Head,İstatistik,eyüpspor,taşkın i̇lter,hayır,Oyuncu,Geçerli,,Genişletme
taşkın ilter,Süper Lig,Futbol,Lig,1. Seviye,Çekirdek,Erkek,Kulüp,Takım Sporu,Türkiye,Yerli,Türk Takımı Var,TV+ Yok,Yıllık,Sürekli Lig,Oyuncu Jenerik,Bilgi,Oyuncu,Jenerik,Türkçe,Head,Oyuncu Jenerik,eyüpspor,taşkın i̇lter,hayır,Oyuncu,Geçerli,,Genişletme
taşkın ilter kimdir,Süper Lig,Futbol,Lig,1. Seviye,Çekirdek,Erkek,Kulüp,Takım Sporu,Türkiye,Yerli,Türk Takımı Var,TV+ Yok,Yıllık,Sürekli Lig,Oyuncu Bilgi,Bilgi,Oyuncu,Jenerik,Türkçe,Body,Oyuncu Bilgi,eyüpspor,taşkın i̇lter,hayır,Oyuncu,Geçerli,,Genişletme
taşkın ilter hangi takımda,Süper Lig,Futbol,Lig,1. Seviye,Çekirdek,Erkek,Kulüp,Takım Sporu,Türkiye,Yerli,Türk Takımı Var,TV+ Yok,Yıllık,Sürekli Lig,Oyuncu Bilgi,Bilgi,Oyuncu,Jenerik,Türkçe,Body,Oyuncu Bilgi,eyüpspor,taşkın i̇lter,hayır,Oyuncu,Geçerli,,Genişletme
taşkın ilter istatistik,Süper Lig,Futbol,Lig,1. Seviye,Çekirdek,Erkek,Kulüp,Takım Sporu,Türkiye,Yerli,Türk Takımı Var,TV+ Yok,Yıllık,Sürekli Lig,İstatistik,Bilgi,Oyuncu,Jenerik,Türkçe,Body,İstatistik,eyüpspor,taşkın i̇lter,hayır,Oyuncu,Geçerli,,Genişletme
ilayda cansu kara,Süper Lig,Futbol,Lig,1. Seviye,Çekirdek,Erkek,Kulüp,Takım Sporu,Türkiye,Yerli,Türk Takımı Var,TV+ Yok,Yıllık,Sürekli Lig,Oyuncu Jenerik,Bilgi,Oyuncu,Jenerik,Türkçe,Body,Oyuncu Jenerik,amed sportif,i̇layda cansu kara,hayır,Oyuncu,Geçerli,,Genişletme
ilayda cansu kara kimdir,Süper Lig,Futbol,Lig,1. Seviye,Çekirdek,Erkek,Kulüp,Takım Sporu,Türkiye,Yerli,Türk Takımı Var,TV+ Yok,Yıllık,Sürekli Lig,Oyuncu Bilgi,Bilgi,Oyuncu,Jenerik,Türkçe,Body,Oyuncu Bilgi,amed sportif,i̇layda cansu kara,hayır,Oyuncu,Geçerli,,Genişletme
ilayda cansu kara hangi takımda,Süper Lig,Futbol,Lig,1. Seviye,Çekirdek,Erkek,Kulüp,Takım Sporu,Türkiye,Yerli,Türk Takımı Var,TV+ Yok,Yıllık,Sürekli Lig,Oyuncu Bilgi,Bilgi,Oyuncu,Jenerik,Türkçe,Long-tail,Oyuncu Bilgi,amed sportif,i̇layda cansu kara,hayır,Oyuncu,Geçerli,,Genişletme
ilayda cansu kara istatistik,Süper Lig,Futbol,Lig,1. Seviye,Çekirdek,Erkek,Kulüp,Takım Sporu,Türkiye,Yerli,Türk Takımı Var,TV+ Yok,Yıllık,Sürekli Lig,İstatistik,Bilgi,Oyuncu,Jenerik,Türkçe,Body,İstatistik,amed sportif,i̇layda cansu kara,hayır,Oyuncu,Geçerli,,Genişletme
ilayda kara,Süper Lig,Futbol,Lig,1. Seviye,Çekirdek,Erkek,Kulüp,Takım Sporu,Türkiye,Yerli,Türk Takımı Var,TV+ Yok,Yıllık,Sürekli Lig,Oyuncu Jenerik,Bilgi,Oyuncu,Jenerik,Türkçe,Head,Oyuncu Jenerik,amed sportif,i̇layda cansu kara,hayır,Oyuncu,Geçerli,,Genişletme
ilayda kara kimdir,Süper Lig,Futbol,Lig,1. Seviye,Çekirdek,Erkek,Kulüp,Takım Sporu,Türkiye,Yerli,Türk Takımı Var,TV+ Yok,Yıllık,Sürekli Lig,Oyuncu Bilgi,Bilgi,Oyuncu,Jenerik,Türkçe,Body,Oyuncu Bilgi,amed sportif,i̇layda cansu kara,hayır,Oyuncu,Geçerli,,Genişletme
ilayda kara hangi takımda,Süper Lig,Futbol,Lig,1. Seviye,Çekirdek,Erkek,Kulüp,Takım Sporu,Türkiye,Yerli,Türk Takımı Var,TV+ Yok,Yıllık,Sürekli Lig,Oyuncu Bilgi,Bilgi,Oyuncu,Jenerik,Türkçe,Body,Oyuncu Bilgi,amed sportif,i̇layda cansu kara,hayır,Oyuncu,Geçerli,,Genişletme
ilayda kara istatistik,Süper Lig,Futbol,Lig,1. Seviye,Çekirdek,Erkek,Kulüp,Takım Sporu,Türkiye,Yerli,Türk Takımı Var,TV+ Yok,Yıllık,Sürekli Lig,İstatistik,Bilgi,Oyuncu,Jenerik,Türkçe,Body,İstatistik,amed sportif,i̇layda cansu kara,hayır,Oyuncu,Geçerli,,Genişletme
ilhan şahin,Süper Lig,Futbol,Lig,1. Seviye,Çekirdek,Erkek,Kulüp,Takım Sporu,Türkiye,Yerli,Türk Takımı Var,TV+ Yok,Yıllık,Sürekli Lig,Oyuncu Jenerik,Bilgi,Oyuncu,Jenerik,Türkçe,Head,Oyuncu Jenerik,erzurumspor,i̇lhan şahin,hayır,Oyuncu,Geçerli,,Genişletme
ilhan şahin kimdir,Süper Lig,Futbol,Lig,1. Seviye,Çekirdek,Erkek,Kulüp,Takım Sporu,Türkiye,Yerli,Türk Takımı Var,TV+ Yok,Yıllık,Sürekli Lig,Oyuncu Bilgi,Bilgi,Oyuncu,Jenerik,Türkçe,Body,Oyuncu Bilgi,erzurumspor,i̇lhan şahin,hayır,Oyuncu,Geçerli,,Genişletme
ilhan şahin hangi takımda,Süper Lig,Futbol,Lig,1. Seviye,Çekirdek,Erkek,Kulüp,Takım Sporu,Türkiye,Yerli,Türk Takımı Var,TV+ Yok,Yıllık,Sürekli Lig,Oyuncu Bilgi,Bilgi,Oyuncu,Jenerik,Türkçe,Body,Oyuncu Bilgi,erzurumspor,i̇lhan şahin,hayır,Oyuncu,Geçerli,,Genişletme
ilhan şahin istatistik,Süper Lig,Futbol,Lig,1. Seviye,Çekirdek,Erkek,Kulüp,Takım Sporu,Türkiye,Yerli,Türk Takımı Var,TV+ Yok,Yıllık,Sürekli Lig,İstatistik,Bilgi,Oyuncu,Jenerik,Türkçe,Body,İstatistik,erzurumspor,i̇lhan şahin,hayır,Oyuncu,Geçerli,,Genişletme
ismail kartal,TFF 1. Lig,Futbol,Lig,1. Seviye,Çekirdek,Erkek,Kulüp,Takım Sporu,Türkiye,Yerli,Türk Takımı Var,TV+ Yok,Yıllık,Sürekli Lig,Oyuncu Jenerik,Bilgi,Oyuncu,Jenerik,Türkçe,Head,Oyuncu Jenerik,sakaryaspor,i̇smail kartal,hayır,Oyuncu,Geçerli,,Genişletme
ismail kartal kimdir,TFF 1. Lig,Futbol,Lig,1. Seviye,Çekirdek,Erkek,Kulüp,Takım Sporu,Türkiye,Yerli,Türk Takımı Var,TV+ Yok,Yıllık,Sürekli Lig,Oyuncu Bilgi,Bilgi,Oyuncu,Jenerik,Türkçe,Body,Oyuncu Bilgi,sakaryaspor,i̇smail kartal,hayır,Oyuncu,Geçerli,,Genişletme
ismail kartal hangi takımda,TFF 1. Lig,Futbol,Lig,1. Seviye,Çekirdek,Erkek,Kulüp,Takım Sporu,Türkiye,Yerli,Türk Takımı Var,TV+ Yok,Yıllık,Sürekli Lig,Oyuncu Bilgi,Bilgi,Oyuncu,Jenerik,Türkçe,Body,Oyuncu Bilgi,sakaryaspor,i̇smail kartal,hayır,Oyuncu,Geçerli,,Genişletme
ismail kartal istatistik,TFF 1. Lig,Futbol,Lig,1. Seviye,Çekirdek,Erkek,Kulüp,Takım Sporu,Türkiye,Yerli,Türk Takımı Var,TV+ Yok,Yıllık,Sürekli Lig,İstatistik,Bilgi,Oyuncu,Jenerik,Türkçe,Body,İstatistik,sakaryaspor,i̇smail kartal,hayır,Oyuncu,Geçerli,,Genişletme
batuhan işçiler,TFF 1. Lig,Futbol,Lig,1. Seviye,Çekirdek,Erkek,Kulüp,Takım Sporu,Türkiye,Yerli,Türk Takımı Var,TV+ Yok,Yıllık,Sürekli Lig,Oyuncu Jenerik,Bilgi,Oyuncu,Jenerik,Türkçe,Head,Oyuncu Jenerik,serikspor,batuhan i̇şçiler,hayır,Oyuncu,Geçerli,,Genişletme
batuhan işçiler kimdir,TFF 1. Lig,Futbol,Lig,1. Seviye,Çekirdek,Erkek,Kulüp,Takım Sporu,Türkiye,Yerli,Türk Takımı Var,TV+ Yok,Yıllık,Sürekli Lig,Oyuncu Bilgi,Bilgi,Oyuncu,Jenerik,Türkçe,Body,Oyuncu Bilgi,serikspor,batuhan i̇şçiler,hayır,Oyuncu,Geçerli,,Genişletme
batuhan işçiler hangi takımda,TFF 1. Lig,Futbol,Lig,1. Seviye,Çekirdek,Erkek,Kulüp,Takım Sporu,Türkiye,Yerli,Türk Takımı Var,TV+ Yok,Yıllık,Sürekli Lig,Oyuncu Bilgi,Bilgi,Oyuncu,Jenerik,Türkçe,Body,Oyuncu Bilgi,serikspor,batuhan i̇şçiler,hayır,Oyuncu,Geçerli,,Genişletme
batuhan işçiler istatistik,TFF 1. Lig,Futbol,Lig,1. Seviye,Çekirdek,Erkek,Kulüp,Takım Sporu,Türkiye,Yerli,Türk Takımı Var,TV+ Yok,Yıllık,Sürekli Lig,İstatistik,Bilgi,Oyuncu,Jenerik,Türkçe,Body,İstatistik,serikspor,batuhan i̇şçiler,hayır,Oyuncu,Geçerli,,Genişletme
işçiler,TFF 1. Lig,Futbol,Lig,1. Seviye,Çekirdek,Erkek,Kulüp,Takım Sporu,Türkiye,Yerli,Türk Takımı Var,TV+ Yok,Yıllık,Sürekli Lig,Oyuncu Jenerik,Bilgi,Oyuncu,Jenerik,Türkçe,Head,Oyuncu Jenerik,serikspor,batuhan i̇şçiler,hayır,Oyuncu,Geçerli,,Genişletme
işçiler kimdir,TFF 1. Lig,Futbol,Lig,1. Seviye,Çekirdek,Erkek,Kulüp,Takım Sporu,Türkiye,Yerli,Türk Takımı Var,TV+ Yok,Yıllık,Sürekli Lig,Oyuncu Bilgi,Bilgi,Oyuncu,Jenerik,Türkçe,Head,Oyuncu Bilgi,serikspor,batuhan i̇şçiler,hayır,Oyuncu,Geçerli,,Genişletme
işçiler hangi takımda,TFF 1. Lig,Futbol,Lig,1. Seviye,Çekirdek,Erkek,Kulüp,Takım Sporu,Türkiye,Yerli,Türk Takımı Var,TV+ Yok,Yıllık,Sürekli Lig,Oyuncu Bilgi,Bilgi,Oyuncu,Jenerik,Türkçe,Body,Oyuncu Bilgi,serikspor,batuhan i̇şçiler,hayır,Oyuncu,Geçerli,,Genişletme
işçiler istatistik,TFF 1. Lig,Futbol,Lig,1. Seviye,Çekirdek,Erkek,Kulüp,Takım Sporu,Türkiye,Yerli,Türk Takımı Var,TV+ Yok,Yıllık,Sürekli Lig,İstatistik,Bilgi,Oyuncu,Jenerik,Türkçe,Head,İstatistik,serikspor,batuhan i̇şçiler,hayır,Oyuncu,Geçerli,,Genişletme
izcican,TFF 1. Lig,Futbol,Lig,1. Seviye,Çekirdek,Erkek,Kulüp,Takım Sporu,Türkiye,Yerli,Türk Takımı Var,TV+ Yok,Yıllık,Sürekli Lig,Oyuncu Jenerik,Bilgi,Oyuncu,Jenerik,Türkçe,Head,Oyuncu Jenerik,şanlıurfaspor,sami i̇zcican,hayır,Oyuncu,Geçerli,,Genişletme
izcican kimdir,TFF 1. Lig,Futbol,Lig,1. Seviye,Çekirdek,Erkek,Kulüp,Takım Sporu,Türkiye,Yerli,Türk Takımı Var,TV+ Yok,Yıllık,Sürekli Lig,Oyuncu Bilgi,Bilgi,Oyuncu,Jenerik,Türkçe,Head,Oyuncu Bilgi,şanlıurfaspor,sami i̇zcican,hayır,Oyuncu,Geçerli,,Genişletme
izcican hangi takımda,TFF 1. Lig,Futbol,Lig,1. Seviye,Çekirdek,Erkek,Kulüp,Takım Sporu,Türkiye,Yerli,Türk Takımı Var,TV+ Yok,Yıllık,Sürekli Lig,Oyuncu Bilgi,Bilgi,Oyuncu,Jenerik,Türkçe,Body,Oyuncu Bilgi,şanlıurfaspor,sami i̇zcican,hayır,Oyuncu,Geçerli,,Genişletme
izcican istatistik,TFF 1. Lig,Futbol,Lig,1. Seviye,Çekirdek,Erkek,Kulüp,Takım Sporu,Türkiye,Yerli,Türk Takımı Var,TV+ Yok,Yıllık,Sürekli Lig,İstatistik,Bilgi,Oyuncu,Jenerik,Türkçe,Head,İstatistik,şanlıurfaspor,sami i̇zcican,hayır,Oyuncu,Geçerli,,Genişletme
sami izcican,TFF 1. Lig,Futbol,Lig,1. Seviye,Çekirdek,Erkek,Kulüp,Takım Sporu,Türkiye,Yerli,Türk Takımı Var,TV+ Yok,Yıllık,Sürekli Lig,Oyuncu Jenerik,Bilgi,Oyuncu,Jenerik,Türkçe,Head,Oyuncu Jenerik,şanlıurfaspor,sami i̇zcican,hayır,Oyuncu,Geçerli,,Genişletme
sami izcican kimdir,TFF 1. Lig,Futbol,Lig,1. Seviye,Çekirdek,Erkek,Kulüp,Takım Sporu,Türkiye,Yerli,Türk Takımı Var,TV+ Yok,Yıllık,Sürekli Lig,Oyuncu Bilgi,Bilgi,Oyuncu,Jenerik,Türkçe,Body,Oyuncu Bilgi,şanlıurfaspor,sami i̇zcican,hayır,Oyuncu,Geçerli,,Genişletme
sami izcican hangi takımda,TFF 1. Lig,Futbol,Lig,1. Seviye,Çekirdek,Erkek,Kulüp,Takım Sporu,Türkiye,Yerli,Türk Takımı Var,TV+ Yok,Yıllık,Sürekli Lig,Oyuncu Bilgi,Bilgi,Oyuncu,Jenerik,Türkçe,Body,Oyuncu Bilgi,şanlıurfaspor,sami i̇zcican,hayır,Oyuncu,Geçerli,,Genişletme
sami izcican istatistik,TFF 1. Lig,Futbol,Lig,1. Seviye,Çekirdek,Erkek,Kulüp,Takım Sporu,Türkiye,Yerli,Türk Takımı Var,TV+ Yok,Yıllık,Sürekli Lig,İstatistik,Bilgi,Oyuncu,Jenerik,Türkçe,Body,İstatistik,şanlıurfaspor,sami i̇zcican,hayır,Oyuncu,Geçerli,,Genişletme
ibrahim yavuz,TFF 1. Lig,Futbol,Lig,1. Seviye,Çekirdek,Erkek,Kulüp,Takım Sporu,Türkiye,Yerli,Türk Takımı Var,TV+ Yok,Yıllık,Sürekli Lig,Oyuncu Jenerik,Bilgi,Oyuncu,Jenerik,Türkçe,Head,Oyuncu Jenerik,şanlıurfaspor,i̇brahim yavuz,hayır,Oyuncu,Geçerli,,Genişletme
ibrahim yavuz kimdir,TFF 1. Lig,Futbol,Lig,1. Seviye,Çekirdek,Erkek,Kulüp,Takım Sporu,Türkiye,Yerli,Türk Takımı Var,TV+ Yok,Yıllık,Sürekli Lig,Oyuncu Bilgi,Bilgi,Oyuncu,Jenerik,Türkçe,Body,Oyuncu Bilgi,şanlıurfaspor,i̇brahim yavuz,hayır,Oyuncu,Geçerli,,Genişletme
ibrahim yavuz hangi takımda,TFF 1. Lig,Futbol,Lig,1. Seviye,Çekirdek,Erkek,Kulüp,Takım Sporu,Türkiye,Yerli,Türk Takımı Var,TV+ Yok,Yıllık,Sürekli Lig,Oyuncu Bilgi,Bilgi,Oyuncu,Jenerik,Türkçe,Body,Oyuncu Bilgi,şanlıurfaspor,i̇brahim yavuz,hayır,Oyuncu,Geçerli,,Genişletme
ibrahim yavuz istatistik,TFF 1. Lig,Futbol,Lig,1. Seviye,Çekirdek,Erkek,Kulüp,Takım Sporu,Türkiye,Yerli,Türk Takımı Var,TV+ Yok,Yıllık,Sürekli Lig,İstatistik,Bilgi,Oyuncu,Jenerik,Türkçe,Body,İstatistik,şanlıurfaspor,i̇brahim yavuz,hayır,Oyuncu,Geçerli,,Genişletme
izzet kaya,TFF 1. Lig,Futbol,Lig,1. Seviye,Çekirdek,Erkek,Kulüp,Takım Sporu,Türkiye,Yerli,Türk Takımı Var,TV+ Yok,Yıllık,Sürekli Lig,Oyuncu Jenerik,Bilgi,Oyuncu,Jenerik,Türkçe,Head,Oyuncu Jenerik,şanlıurfaspor,i̇zzet kaya,hayır,Oyuncu,Geçerli,,Genişletme
izzet kaya kimdir,TFF 1. Lig,Futbol,Lig,1. Seviye,Çekirdek,Erkek,Kulüp,Takım Sporu,Türkiye,Yerli,Türk Takımı Var,TV+ Yok,Yıllık,Sürekli Lig,Oyuncu Bilgi,Bilgi,Oyuncu,Jenerik,Türkçe,Body,Oyuncu Bilgi,şanlıurfaspor,i̇zzet kaya,hayır,Oyuncu,Geçerli,,Genişletme
izzet kaya hangi takımda,TFF 1. Lig,Futbol,Lig,1. Seviye,Çekirdek,Erkek,Kulüp,Takım Sporu,Türkiye,Yerli,Türk Takımı Var,TV+ Yok,Yıllık,Sürekli Lig,Oyuncu Bilgi,Bilgi,Oyuncu,Jenerik,Türkçe,Body,Oyuncu Bilgi,şanlıurfaspor,i̇zzet kaya,hayır,Oyuncu,Geçerli,,Genişletme
izzet kaya istatistik,TFF 1. Lig,Futbol,Lig,1. Seviye,Çekirdek,Erkek,Kulüp,Takım Sporu,Türkiye,Yerli,Türk Takımı Var,TV+ Yok,Yıllık,Sürekli Lig,İstatistik,Bilgi,Oyuncu,Jenerik,Türkçe,Body,İstatistik,şanlıurfaspor,i̇zzet kaya,hayır,Oyuncu,Geçerli,,Genişletme
kerem inan,TFF 1. Lig,Futbol,Lig,1. Seviye,Çekirdek,Erkek,Kulüp,Takım Sporu,Türkiye,Yerli,Türk Takımı Var,TV+ Yok,Yıllık,Sürekli Lig,Oyuncu Jenerik,Bilgi,Oyuncu,Jenerik,Türkçe,Head,Oyuncu Jenerik,şanlıurfaspor,kerem i̇nan,hayır,Oyuncu,Geçerli,,Genişletme
kerem inan kimdir,TFF 1. Lig,Futbol,Lig,1. Seviye,Çekirdek,Erkek,Kulüp,Takım Sporu,Türkiye,Yerli,Türk Takımı Var,TV+ Yok,Yıllık,Sürekli Lig,Oyuncu Bilgi,Bilgi,Oyuncu,Jenerik,Türkçe,Body,Oyuncu Bilgi,şanlıurfaspor,kerem i̇nan,hayır,Oyuncu,Geçerli,,Genişletme
kerem inan hangi takımda,TFF 1. Lig,Futbol,Lig,1. Seviye,Çekirdek,Erkek,Kulüp,Takım Sporu,Türkiye,Yerli,Türk Takımı Var,TV+ Yok,Yıllık,Sürekli Lig,Oyuncu Bilgi,Bilgi,Oyuncu,Jenerik,Türkçe,Body,Oyuncu Bilgi,şanlıurfaspor,kerem i̇nan,hayır,Oyuncu,Geçerli,,Genişletme
kerem inan istatistik,TFF 1. Lig,Futbol,Lig,1. Seviye,Çekirdek,Erkek,Kulüp,Takım Sporu,Türkiye,Yerli,Türk Takımı Var,TV+ Yok,Yıllık,Sürekli Lig,İstatistik,Bilgi,Oyuncu,Jenerik,Türkçe,Body,İstatistik,şanlıurfaspor,kerem i̇nan,hayır,Oyuncu,Geçerli,,Genişletme
ilkem özkaynak,TFF 1. Lig,Futbol,Lig,1. Seviye,Çekirdek,Erkek,Kulüp,Takım Sporu,Türkiye,Yerli,Türk Takımı Var,TV+ Yok,Yıllık,Sürekli Lig,Oyuncu Jenerik,Bilgi,Oyuncu,Jenerik,Türkçe,Head,Oyuncu Jenerik,adanaspor,i̇lkem özkaynak,hayır,Oyuncu,Geçerli,,Genişletme
ilkem özkaynak kimdir,TFF 1. Lig,Futbol,Lig,1. Seviye,Çekirdek,Erkek,Kulüp,Takım Sporu,Türkiye,Yerli,Türk Takımı Var,TV+ Yok,Yıllık,Sürekli Lig,Oyuncu Bilgi,Bilgi,Oyuncu,Jenerik,Türkçe,Body,Oyuncu Bilgi,adanaspor,i̇lkem özkaynak,hayır,Oyuncu,Geçerli,,Genişletme
ilkem özkaynak hangi takımda,TFF 1. Lig,Futbol,Lig,1. Seviye,Çekirdek,Erkek,Kulüp,Takım Sporu,Türkiye,Yerli,Türk Takımı Var,TV+ Yok,Yıllık,Sürekli Lig,Oyuncu Bilgi,Bilgi,Oyuncu,Jenerik,Türkçe,Body,Oyuncu Bilgi,adanaspor,i̇lkem özkaynak,hayır,Oyuncu,Geçerli,,Genişletme
ilkem özkaynak istatistik,TFF 1. Lig,Futbol,Lig,1. Seviye,Çekirdek,Erkek,Kulüp,Takım Sporu,Türkiye,Yerli,Türk Takımı Var,TV+ Yok,Yıllık,Sürekli Lig,İstatistik,Bilgi,Oyuncu,Jenerik,Türkçe,Body,İstatistik,adanaspor,i̇lkem özkaynak,hayır,Oyuncu,Geçerli,,Genişletme
izzet yıldırım,TFF 1. Lig,Futbol,Lig,1. Seviye,Çekirdek,Erkek,Kulüp,Takım Sporu,Türkiye,Yerli,Türk Takımı Var,TV+ Yok,Yıllık,Sürekli Lig,Oyuncu Jenerik,Bilgi,Oyuncu,Jenerik,Türkçe,Head,Oyuncu Jenerik,adanaspor,i̇zzet yıldırım,hayır,Oyuncu,Geçerli,,Genişletme
izzet yıldırım kimdir,TFF 1. Lig,Futbol,Lig,1. Seviye,Çekirdek,Erkek,Kulüp,Takım Sporu,Türkiye,Yerli,Türk Takımı Var,TV+ Yok,Yıllık,Sürekli Lig,Oyuncu Bilgi,Bilgi,Oyuncu,Jenerik,Türkçe,Body,Oyuncu Bilgi,adanaspor,i̇zzet yıldırım,hayır,Oyuncu,Geçerli,,Genişletme
izzet yıldırım hangi takımda,TFF 1. Lig,Futbol,Lig,1. Seviye,Çekirdek,Erkek,Kulüp,Takım Sporu,Türkiye,Yerli,Türk Takımı Var,TV+ Yok,Yıllık,Sürekli Lig,Oyuncu Bilgi,Bilgi,Oyuncu,Jenerik,Türkçe,Body,Oyuncu Bilgi,adanaspor,i̇zzet yıldırım,hayır,Oyuncu,Geçerli,,Genişletme
izzet yıldırım istatistik,TFF 1. Lig,Futbol,Lig,1. Seviye,Çekirdek,Erkek,Kulüp,Takım Sporu,Türkiye,Yerli,Türk Takımı Var,TV+ Yok,Yıllık,Sürekli Lig,İstatistik,Bilgi,Oyuncu,Jenerik,Türkçe,Body,İstatistik,adanaspor,i̇zzet yıldırım,hayır,Oyuncu,Geçerli,,Genişletme
emirhan ilkhan,Serie A,Futbol,Lig,1. Seviye,Çekirdek,Erkek,Kulüp,Takım Sporu,İtalya,Yabancı,Yok,TV+ Var,Yıllık,Sürekli Lig,Oyuncu Jenerik,Bilgi,Oyuncu,Jenerik,Türkçe,Head,Oyuncu Jenerik,torino,emirhan i̇lkhan,hayır,Oyuncu,Geçerli,,Genişletme
emirhan ilkhan kimdir,Serie A,Futbol,Lig,1. Seviye,Çekirdek,Erkek,Kulüp,Takım Sporu,İtalya,Yabancı,Yok,TV+ Var,Yıllık,Sürekli Lig,Oyuncu Bilgi,Bilgi,Oyuncu,Jenerik,Türkçe,Body,Oyuncu Bilgi,torino,emirhan i̇lkhan,hayır,Oyuncu,Geçerli,,Genişletme
emirhan ilkhan hangi takımda,Serie A,Futbol,Lig,1. Seviye,Çekirdek,Erkek,Kulüp,Takım Sporu,İtalya,Yabancı,Yok,TV+ Var,Yıllık,Sürekli Lig,Oyuncu Bilgi,Bilgi,Oyuncu,Jenerik,Türkçe,Body,Oyuncu Bilgi,torino,emirhan i̇lkhan,hayır,Oyuncu,Geçerli,,Genişletme
emirhan ilkhan istatistik,Serie A,Futbol,Lig,1. Seviye,Çekirdek,Erkek,Kulüp,Takım Sporu,İtalya,Yabancı,Yok,TV+ Var,Yıllık,Sürekli Lig,İstatistik,Bilgi,Oyuncu,Jenerik,Türkçe,Body,İstatistik,torino,emirhan i̇lkhan,hayır,Oyuncu,Geçerli,,Genişletme
ilkhan,Serie A,Futbol,Lig,1. Seviye,Çekirdek,Erkek,Kulüp,Takım Sporu,İtalya,Yabancı,Yok,TV+ Var,Yıllık,Sürekli Lig,Oyuncu Jenerik,Bilgi,Oyuncu,Jenerik,Türkçe,Head,Oyuncu Jenerik,torino,emirhan i̇lkhan,hayır,Oyuncu,Geçerli,,Genişletme
ilkhan kimdir,Serie A,Futbol,Lig,1. Seviye,Çekirdek,Erkek,Kulüp,Takım Sporu,İtalya,Yabancı,Yok,TV+ Var,Yıllık,Sürekli Lig,Oyuncu Bilgi,Bilgi,Oyuncu,Jenerik,Türkçe,Head,Oyuncu Bilgi,torino,emirhan i̇lkhan,hayır,Oyuncu,Geçerli,,Genişletme
ilkhan hangi takımda,Serie A,Futbol,Lig,1. Seviye,Çekirdek,Erkek,Kulüp,Takım Sporu,İtalya,Yabancı,Yok,TV+ Var,Yıllık,Sürekli Lig,Oyuncu Bilgi,Bilgi,Oyuncu,Jenerik,Türkçe,Body,Oyuncu Bilgi,torino,emirhan i̇lkhan,hayır,Oyuncu,Geçerli,,Genişletme
ilkhan istatistik,Serie A,Futbol,Lig,1. Seviye,Çekirdek,Erkek,Kulüp,Takım Sporu,İtalya,Yabancı,Yok,TV+ Var,Yıllık,Sürekli Lig,İstatistik,Bilgi,Oyuncu,Jenerik,Türkçe,Head,İstatistik,torino,emirhan i̇lkhan,hayır,Oyuncu,Geçerli,,Genişletme
illya zabarni,Ligue 1,Futbol,Lig,1. Seviye,Çekirdek,Erkek,Kulüp,Takım Sporu,Fransa,Yabancı,Yok,TV+ Yok,Yıllık,Sürekli Lig,Oyuncu Jenerik,Bilgi,Oyuncu,Jenerik,Türkçe,Head,Oyuncu Jenerik,paris saint germain,i̇llya zabarni,hayır,Oyuncu,Geçerli,,Genişletme
illya zabarni kimdir,Ligue 1,Futbol,Lig,1. Seviye,Çekirdek,Erkek,Kulüp,Takım Sporu,Fransa,Yabancı,Yok,TV+ Yok,Yıllık,Sürekli Lig,Oyuncu Bilgi,Bilgi,Oyuncu,Jenerik,Türkçe,Body,Oyuncu Bilgi,paris saint germain,i̇llya zabarni,hayır,Oyuncu,Geçerli,,Genişletme
illya zabarni hangi takımda,Ligue 1,Futbol,Lig,1. Seviye,Çekirdek,Erkek,Kulüp,Takım Sporu,Fransa,Yabancı,Yok,TV+ Yok,Yıllık,Sürekli Lig,Oyuncu Bilgi,Bilgi,Oyuncu,Jenerik,Türkçe,Body,Oyuncu Bilgi,paris saint germain,i̇llya zabarni,hayır,Oyuncu,Geçerli,,Genişletme
illya zabarni istatistik,Ligue 1,Futbol,Lig,1. Seviye,Çekirdek,Erkek,Kulüp,Takım Sporu,Fransa,Yabancı,Yok,TV+ Yok,Yıllık,Sürekli Lig,İstatistik,Bilgi,Oyuncu,Jenerik,Türkçe,Body,İstatistik,paris saint germain,i̇llya zabarni,hayır,Oyuncu,Geçerli,,Genişletme
idil saçalır,EuroLeague,Basketbol,Lig,1. Seviye,Çekirdek,Erkek,Kulüp,Takım Sporu,Avrupa,Yabancı,Yok,TV+ Var,Yıllık,Sürekli Lig,Oyuncu Jenerik,Bilgi,Oyuncu,Jenerik,Türkçe,Head,Oyuncu Jenerik,beşiktaş basketbol,i̇dil saçalır,hayır,Oyuncu,Geçerli,,Genişletme
idil saçalır kimdir,EuroLeague,Basketbol,Lig,1. Seviye,Çekirdek,Erkek,Kulüp,Takım Sporu,Avrupa,Yabancı,Yok,TV+ Var,Yıllık,Sürekli Lig,Oyuncu Bilgi,Bilgi,Oyuncu,Jenerik,Türkçe,Body,Oyuncu Bilgi,beşiktaş basketbol,i̇dil saçalır,hayır,Oyuncu,Geçerli,,Genişletme
idil saçalır hangi takımda,EuroLeague,Basketbol,Lig,1. Seviye,Çekirdek,Erkek,Kulüp,Takım Sporu,Avrupa,Yabancı,Yok,TV+ Var,Yıllık,Sürekli Lig,Oyuncu Bilgi,Bilgi,Oyuncu,Jenerik,Türkçe,Body,Oyuncu Bilgi,beşiktaş basketbol,i̇dil saçalır,hayır,Oyuncu,Geçerli,,Genişletme
idil saçalır istatistik,EuroLeague,Basketbol,Lig,1. Seviye,Çekirdek,Erkek,Kulüp,Takım Sporu,Avrupa,Yabancı,Yok,TV+ Var,Yıllık,Sürekli Lig,İstatistik,Bilgi,Oyuncu,Jenerik,Türkçe,Body,İstatistik,beşiktaş basketbol,i̇dil saçalır,hayır,Oyuncu,Geçerli,,Genişletme
ilayda güner,EuroLeague,Basketbol,Lig,1. Seviye,Çekirdek,Erkek,Kulüp,Takım Sporu,Avrupa,Yabancı,Yok,TV+ Var,Yıllık,Sürekli Lig,Oyuncu Jenerik,Bilgi,Oyuncu,Jenerik,Türkçe,Head,Oyuncu Jenerik,beşiktaş basketbol,i̇layda güner,hayır,Oyuncu,Geçerli,,Genişletme
ilayda güner kimdir,EuroLeague,Basketbol,Lig,1. Seviye,Çekirdek,Erkek,Kulüp,Takım Sporu,Avrupa,Yabancı,Yok,TV+ Var,Yıllık,Sürekli Lig,Oyuncu Bilgi,Bilgi,Oyuncu,Jenerik,Türkçe,Body,Oyuncu Bilgi,beşiktaş basketbol,i̇layda güner,hayır,Oyuncu,Geçerli,,Genişletme
ilayda güner hangi takımda,EuroLeague,Basketbol,Lig,1. Seviye,Çekirdek,Erkek,Kulüp,Takım Sporu,Avrupa,Yabancı,Yok,TV+ Var,Yıllık,Sürekli Lig,Oyuncu Bilgi,Bilgi,Oyuncu,Jenerik,Türkçe,Body,Oyuncu Bilgi,beşiktaş basketbol,i̇layda güner,hayır,Oyuncu,Geçerli,,Genişletme
ilayda güner istatistik,EuroLeague,Basketbol,Lig,1. Seviye,Çekirdek,Erkek,Kulüp,Takım Sporu,Avrupa,Yabancı,Yok,TV+ Var,Yıllık,Sürekli Lig,İstatistik,Bilgi,Oyuncu,Jenerik,Türkçe,Body,İstatistik,beşiktaş basketbol,i̇layda güner,hayır,Oyuncu,Geçerli,,Genişletme
ersan ilyasova,NBA,Basketbol,Lig,1. Seviye,Çekirdek,Erkek,Kulüp,Takım Sporu,ABD,Yabancı,Yok,TV+ Var,Yıllık,Sürekli Lig,Oyuncu Jenerik,Bilgi,Oyuncu,Jenerik,Türkçe,Head,Oyuncu Jenerik,orlando magic,ersan i̇lyasova,hayır,Oyuncu,Geçerli,,Genişletme
ersan ilyasova kimdir,NBA,Basketbol,Lig,1. Seviye,Çekirdek,Erkek,Kulüp,Takım Sporu,ABD,Yabancı,Yok,TV+ Var,Yıllık,Sürekli Lig,Oyuncu Bilgi,Bilgi,Oyuncu,Jenerik,Türkçe,Body,Oyuncu Bilgi,orlando magic,ersan i̇lyasova,hayır,Oyuncu,Geçerli,,Genişletme
ersan ilyasova hangi takımda,NBA,Basketbol,Lig,1. Seviye,Çekirdek,Erkek,Kulüp,Takım Sporu,ABD,Yabancı,Yok,TV+ Var,Yıllık,Sürekli Lig,Oyuncu Bilgi,Bilgi,Oyuncu,Jenerik,Türkçe,Body,Oyuncu Bilgi,orlando magic,ersan i̇lyasova,hayır,Oyuncu,Geçerli,,Genişletme
ersan ilyasova istatistik,NBA,Basketbol,Lig,1. Seviye,Çekirdek,Erkek,Kulüp,Takım Sporu,ABD,Yabancı,Yok,TV+ Var,Yıllık,Sürekli Lig,İstatistik,Bilgi,Oyuncu,Jenerik,Türkçe,Body,İstatistik,orlando magic,ersan i̇lyasova,hayır,Oyuncu,Geçerli,,Genişletme
ilyasova,NBA,Basketbol,Lig,1. Seviye,Çekirdek,Erkek,Kulüp,Takım Sporu,ABD,Yabancı,Yok,TV+ Var,Yıllık,Sürekli Lig,Oyuncu Jenerik,Bilgi,Oyuncu,Jenerik,Türkçe,Head,Oyuncu Jenerik,orlando magic,ersan i̇lyasova,hayır,Oyuncu,Geçerli,,Genişletme
ilyasova kimdir,NBA,Basketbol,Lig,1. Seviye,Çekirdek,Erkek,Kulüp,Takım Sporu,ABD,Yabancı,Yok,TV+ Var,Yıllık,Sürekli Lig,Oyuncu Bilgi,Bilgi,Oyuncu,Jenerik,Türkçe,Head,Oyuncu Bilgi,orlando magic,ersan i̇lyasova,hayır,Oyuncu,Geçerli,,Genişletme
ilyasova hangi takımda,NBA,Basketbol,Lig,1. Seviye,Çekirdek,Erkek,Kulüp,Takım Sporu,ABD,Yabancı,Yok,TV+ Var,Yıllık,Sürekli Lig,Oyuncu Bilgi,Bilgi,Oyuncu,Jenerik,Türkçe,Body,Oyuncu Bilgi,orlando magic,ersan i̇lyasova,hayır,Oyuncu,Geçerli,,Genişletme
ilyasova istatistik,NBA,Basketbol,Lig,1. Seviye,Çekirdek,Erkek,Kulüp,Takım Sporu,ABD,Yabancı,Yok,TV+ Var,Yıllık,Sürekli Lig,İstatistik,Bilgi,Oyuncu,Jenerik,Türkçe,Head,İstatistik,orlando magic,ersan i̇lyasova,hayır,Oyuncu,Geçerli,,Genişletme
ipek soroğlu,Sultanlar Ligi,Voleybol,Lig,1. Seviye,Çekirdek,Kadın,Kulüp,Takım Sporu,Türkiye,Yerli,Türk Takımı Var,Doğrulanacak,Yıllık,Sürekli Lig,Oyuncu Jenerik,Bilgi,Oyuncu,Jenerik,Türkçe,Head,Oyuncu Jenerik,vakıfbank,i̇pek soroğlu,hayır,Oyuncu,Geçerli,,Genişletme
ipek soroğlu kimdir,Sultanlar Ligi,Voleybol,Lig,1. Seviye,Çekirdek,Kadın,Kulüp,Takım Sporu,Türkiye,Yerli,Türk Takımı Var,Doğrulanacak,Yıllık,Sürekli Lig,Oyuncu Bilgi,Bilgi,Oyuncu,Jenerik,Türkçe,Body,Oyuncu Bilgi,vakıfbank,i̇pek soroğlu,hayır,Oyuncu,Geçerli,,Genişletme
ipek soroğlu hangi takımda,Sultanlar Ligi,Voleybol,Lig,1. Seviye,Çekirdek,Kadın,Kulüp,Takım Sporu,Türkiye,Yerli,Türk Takımı Var,Doğrulanacak,Yıllık,Sürekli Lig,Oyuncu Bilgi,Bilgi,Oyuncu,Jenerik,Türkçe,Body,Oyuncu Bilgi,vakıfbank,i̇pek soroğlu,hayır,Oyuncu,Geçerli,,Genişletme
ipek soroğlu istatistik,Sultanlar Ligi,Voleybol,Lig,1. Seviye,Çekirdek,Kadın,Kulüp,Takım Sporu,Türkiye,Yerli,Türk Takımı Var,Doğrulanacak,Yıllık,Sürekli Lig,İstatistik,Bilgi,Oyuncu,Jenerik,Türkçe,Body,İstatistik,vakıfbank,i̇pek soroğlu,hayır,Oyuncu,Geçerli,,Genişletme
iva dudova,Sultanlar Ligi,Voleybol,Lig,1. Seviye,Çekirdek,Kadın,Kulüp,Takım Sporu,Türkiye,Yerli,Türk Takımı Var,Doğrulanacak,Yıllık,Sürekli Lig,Oyuncu Jenerik,Bilgi,Oyuncu,Jenerik,Türkçe,Head,Oyuncu Jenerik,eczacıbaşı,i̇va dudova,hayır,Oyuncu,Geçerli,,Genişletme
iva dudova kimdir,Sultanlar Ligi,Voleybol,Lig,1. Seviye,Çekirdek,Kadın,Kulüp,Takım Sporu,Türkiye,Yerli,Türk Takımı Var,Doğrulanacak,Yıllık,Sürekli Lig,Oyuncu Bilgi,Bilgi,Oyuncu,Jenerik,Türkçe,Body,Oyuncu Bilgi,eczacıbaşı,i̇va dudova,hayır,Oyuncu,Geçerli,,Genişletme
iva dudova hangi takımda,Sultanlar Ligi,Voleybol,Lig,1. Seviye,Çekirdek,Kadın,Kulüp,Takım Sporu,Türkiye,Yerli,Türk Takımı Var,Doğrulanacak,Yıllık,Sürekli Lig,Oyuncu Bilgi,Bilgi,Oyuncu,Jenerik,Türkçe,Body,Oyuncu Bilgi,eczacıbaşı,i̇va dudova,hayır,Oyuncu,Geçerli,,Genişletme
iva dudova istatistik,Sultanlar Ligi,Voleybol,Lig,1. Seviye,Çekirdek,Kadın,Kulüp,Takım Sporu,Türkiye,Yerli,Türk Takımı Var,Doğrulanacak,Yıllık,Sürekli Lig,İstatistik,Bilgi,Oyuncu,Jenerik,Türkçe,Body,İstatistik,eczacıbaşı,i̇va dudova,hayır,Oyuncu,Geçerli,,Genişletme
izbilir,Sultanlar Ligi,Voleybol,Lig,1. Seviye,Çekirdek,Kadın,Kulüp,Takım Sporu,Türkiye,Yerli,Türk Takımı Var,Doğrulanacak,Yıllık,Sürekli Lig,Oyuncu Jenerik,Bilgi,Oyuncu,Jenerik,Türkçe,Head,Oyuncu Jenerik,nilüfer belediyespor,merve i̇zbilir,hayır,Oyuncu,Geçerli,,Genişletme
izbilir kimdir,Sultanlar Ligi,Voleybol,Lig,1. Seviye,Çekirdek,Kadın,Kulüp,Takım Sporu,Türkiye,Yerli,Türk Takımı Var,Doğrulanacak,Yıllık,Sürekli Lig,Oyuncu Bilgi,Bilgi,Oyuncu,Jenerik,Türkçe,Head,Oyuncu Bilgi,nilüfer belediyespor,merve i̇zbilir,hayır,Oyuncu,Geçerli,,Genişletme
izbilir hangi takımda,Sultanlar Ligi,Voleybol,Lig,1. Seviye,Çekirdek,Kadın,Kulüp,Takım Sporu,Türkiye,Yerli,Türk Takımı Var,Doğrulanacak,Yıllık,Sürekli Lig,Oyuncu Bilgi,Bilgi,Oyuncu,Jenerik,Türkçe,Body,Oyuncu Bilgi,nilüfer belediyespor,merve i̇zbilir,hayır,Oyuncu,Geçerli,,Genişletme
izbilir istatistik,Sultanlar Ligi,Voleybol,Lig,1. Seviye,Çekirdek,Kadın,Kulüp,Takım Sporu,Türkiye,Yerli,Türk Takımı Var,Doğrulanacak,Yıllık,Sürekli Lig,İstatistik,Bilgi,Oyuncu,Jenerik,Türkçe,Head,İstatistik,nilüfer belediyespor,merve i̇zbilir,hayır,Oyuncu,Geçerli,,Genişletme
merve izbilir,Sultanlar Ligi,Voleybol,Lig,1. Seviye,Çekirdek,Kadın,Kulüp,Takım Sporu,Türkiye,Yerli,Türk Takımı Var,Doğrulanacak,Yıllık,Sürekli Lig,Oyuncu Jenerik,Bilgi,Oyuncu,Jenerik,Türkçe,Head,Oyuncu Jenerik,nilüfer belediyespor,merve i̇zbilir,hayır,Oyuncu,Geçerli,,Genişletme
merve izbilir kimdir,Sultanlar Ligi,Voleybol,Lig,1. Seviye,Çekirdek,Kadın,Kulüp,Takım Sporu,Türkiye,Yerli,Türk Takımı Var,Doğrulanacak,Yıllık,Sürekli Lig,Oyuncu Bilgi,Bilgi,Oyuncu,Jenerik,Türkçe,Body,Oyuncu Bilgi,nilüfer belediyespor,merve i̇zbilir,hayır,Oyuncu,Geçerli,,Genişletme
merve izbilir hangi takımda,Sultanlar Ligi,Voleybol,Lig,1. Seviye,Çekirdek,Kadın,Kulüp,Takım Sporu,Türkiye,Yerli,Türk Takımı Var,Doğrulanacak,Yıllık,Sürekli Lig,Oyuncu Bilgi,Bilgi,Oyuncu,Jenerik,Türkçe,Body,Oyuncu Bilgi,nilüfer belediyespor,merve i̇zbilir,hayır,Oyuncu,Geçerli,,Genişletme
merve izbilir istatistik,Sultanlar Ligi,Voleybol,Lig,1. Seviye,Çekirdek,Kadın,Kulüp,Takım Sporu,Türkiye,Yerli,Türk Takımı Var,Doğrulanacak,Yıllık,Sürekli Lig,İstatistik,Bilgi,Oyuncu,Jenerik,Türkçe,Body,İstatistik,nilüfer belediyespor,merve i̇zbilir,hayır,Oyuncu,Geçerli,,Genişletme
istanbul başakşehir f.k.,Konferans Ligi Elemeleri,Futbol,Kıta Turnuvası,Kıta Üstü,Uzun Kuyruk,Erkek,Kulüp,Takım Sporu,Avrupa,Yabancı,Yok,TV+ Var,Yıllık,Sürekli Lig,Takım Jenerik,Bilgi,Takım,Jenerik,Türkçe,Body,Takım Jenerik,,,hayır,,,,Uzun Kuyruk
iskoçya premiership,İskoçya Premiership,Futbol,Lig,1. Seviye,Niş,Erkek,Kulüp,Takım Sporu,İskoçya,Yabancı,Yok,TV+ Yok,Yıllık,Sürekli Lig,Jenerik,Bilgi,Lig/Organizasyon,Jenerik,Türkçe,Head,jen,,,hayır,,,,Genişletme
iskoçya premiership puan durumu,İskoçya Premiership,Futbol,Lig,1. Seviye,Niş,Erkek,Kulüp,Takım Sporu,İskoçya,Yabancı,Yok,TV+ Yok,Yıllık,Sürekli Lig,Puan Durumu,Bilgi,Lig/Organizasyon,Jenerik,Türkçe,Body,pd,,,hayır,,,,Genişletme
iskoçya premiership fikstür,İskoçya Premiership,Futbol,Lig,1. Seviye,Niş,Erkek,Kulüp,Takım Sporu,İskoçya,Yabancı,Yok,TV+ Yok,Yıllık,Sürekli Lig,Fikstür,Bilgi,Lig/Organizasyon,Jenerik,Türkçe,Body,fik,,,hayır,,,,Genişletme
iskoçya premiership maçları,İskoçya Premiership,Futbol,Lig,1. Seviye,Niş,Erkek,Kulüp,Takım Sporu,İskoçya,Yabancı,Yok,TV+ Yok,Yıllık,Sürekli Lig,Maç/Skor,Bilgi,Lig/Organizasyon,Jenerik,Türkçe,Body,maclar,,,hayır,,,,Genişletme
isviçre süper lig,İsviçre Süper Lig,Futbol,Lig,1. Seviye,Niş,Erkek,Kulüp,Takım Sporu,İsviçre,Yabancı,Yok,TV+ Yok,Yıllık,Sürekli Lig,Jenerik,Bilgi,Lig/Organizasyon,Jenerik,Türkçe,Body,jen,,,hayır,,,,Genişletme
isviçre süper lig puan durumu,İsviçre Süper Lig,Futbol,Lig,1. Seviye,Niş,Erkek,Kulüp,Takım Sporu,İsviçre,Yabancı,Yok,TV+ Yok,Yıllık,Sürekli Lig,Puan Durumu,Bilgi,Lig/Organizasyon,Jenerik,Türkçe,Long-tail,pd,,,hayır,,,,Genişletme
isviçre süper lig fikstür,İsviçre Süper Lig,Futbol,Lig,1. Seviye,Niş,Erkek,Kulüp,Takım Sporu,İsviçre,Yabancı,Yok,TV+ Yok,Yıllık,Sürekli Lig,Fikstür,Bilgi,Lig/Organizasyon,Jenerik,Türkçe,Body,fik,,,hayır,,,,Genişletme
isviçre süper lig maçları,İsviçre Süper Lig,Futbol,Lig,1. Seviye,Niş,Erkek,Kulüp,Takım Sporu,İsviçre,Yabancı,Yok,TV+ Yok,Yıllık,Sürekli Lig,Maç/Skor,Bilgi,Lig/Organizasyon,Jenerik,Türkçe,Body,maclar,,,hayır,,,,Genişletme
isveç allsvenskan,İsveç Allsvenskan,Futbol,Lig,1. Seviye,Niş,Erkek,Kulüp,Takım Sporu,İsveç,Yabancı,Yok,TV+ Yok,Yıllık,Sürekli Lig,Jenerik,Bilgi,Lig/Organizasyon,Jenerik,Türkçe,Head,jen,,,hayır,,,,Genişletme
isveç allsvenskan puan durumu,İsveç Allsvenskan,Futbol,Lig,1. Seviye,Niş,Erkek,Kulüp,Takım Sporu,İsveç,Yabancı,Yok,TV+ Yok,Yıllık,Sürekli Lig,Puan Durumu,Bilgi,Lig/Organizasyon,Jenerik,Türkçe,Body,pd,,,hayır,,,,Genişletme
isveç allsvenskan fikstür,İsveç Allsvenskan,Futbol,Lig,1. Seviye,Niş,Erkek,Kulüp,Takım Sporu,İsveç,Yabancı,Yok,TV+ Yok,Yıllık,Sürekli Lig,Fikstür,Bilgi,Lig/Organizasyon,Jenerik,Türkçe,Body,fik,,,hayır,,,,Genişletme
isveç allsvenskan maçları,İsveç Allsvenskan,Futbol,Lig,1. Seviye,Niş,Erkek,Kulüp,Takım Sporu,İsveç,Yabancı,Yok,TV+ Yok,Yıllık,Sürekli Lig,Maç/Skor,Bilgi,Lig/Organizasyon,Jenerik,Türkçe,Body,maclar,,,hayır,,,,Genişletme
israil ligi,İsrail Ligi,Futbol,Lig,1. Seviye,Niş,Erkek,Kulüp,Takım Sporu,İsrail,Yabancı,Yok,TV+ Yok,Yıllık,Sürekli Lig,Jenerik,Bilgi,Lig/Organizasyon,Jenerik,Türkçe,Head,jen,,,hayır,,,,Genişletme
israil ligi puan durumu,İsrail Ligi,Futbol,Lig,1. Seviye,Niş,Erkek,Kulüp,Takım Sporu,İsrail,Yabancı,Yok,TV+ Yok,Yıllık,Sürekli Lig,Puan Durumu,Bilgi,Lig/Organizasyon,Jenerik,Türkçe,Body,pd,,,hayır,,,,Genişletme
israil ligi fikstür,İsrail Ligi,Futbol,Lig,1. Seviye,Niş,Erkek,Kulüp,Takım Sporu,İsrail,Yabancı,Yok,TV+ Yok,Yıllık,Sürekli Lig,Fikstür,Bilgi,Lig/Organizasyon,Jenerik,Türkçe,Body,fik,,,hayır,,,,Genişletme
israil ligi maçları,İsrail Ligi,Futbol,Lig,1. Seviye,Niş,Erkek,Kulüp,Takım Sporu,İsrail,Yabancı,Yok,TV+ Yok,Yıllık,Sürekli Lig,Maç/Skor,Bilgi,Lig/Organizasyon,Jenerik,Türkçe,Body,maclar,,,hayır,,,,Genişletme
idil gür,Sultanlar Ligi,Voleybol,Lig,1. Seviye,Ana Liste,Kadın,Kulüp,Takım Sporu,Türkiye,Yerli,Türk Takımı Var,Doğrulanacak,Yıllık,Sürekli Lig,Oyuncu Jenerik,Bilgi,Oyuncu,Jenerik,Türkçe,Head,Oyuncu Jenerik,aydın büyükşehir belediyespor,i̇dil gür,hayır,,,,Genişletme
idil gür kimdir,Sultanlar Ligi,Voleybol,Lig,1. Seviye,Ana Liste,Kadın,Kulüp,Takım Sporu,Türkiye,Yerli,Türk Takımı Var,Doğrulanacak,Yıllık,Sürekli Lig,Oyuncu Bilgi,Bilgi,Oyuncu,Jenerik,Türkçe,Body,Oyuncu Bilgi,aydın büyükşehir belediyespor,i̇dil gür,hayır,,,,Genişletme
idil gür hangi takımda,Sultanlar Ligi,Voleybol,Lig,1. Seviye,Ana Liste,Kadın,Kulüp,Takım Sporu,Türkiye,Yerli,Türk Takımı Var,Doğrulanacak,Yıllık,Sürekli Lig,Oyuncu Bilgi,Bilgi,Oyuncu,Jenerik,Türkçe,Body,Oyuncu Bilgi,aydın büyükşehir belediyespor,i̇dil gür,hayır,,,,Genişletme
idil gür istatistik,Sultanlar Ligi,Voleybol,Lig,1. Seviye,Ana Liste,Kadın,Kulüp,Takım Sporu,Türkiye,Yerli,Türk Takımı Var,Doğrulanacak,Yıllık,Sürekli Lig,İstatistik,Bilgi,Oyuncu,Jenerik,Türkçe,Body,İstatistik,aydın büyükşehir belediyespor,i̇dil gür,hayır,,,,Genişletme
ilarya zararsız,Sultanlar Ligi,Voleybol,Lig,1. Seviye,Ana Liste,Kadın,Kulüp,Takım Sporu,Türkiye,Yerli,Türk Takımı Var,Doğrulanacak,Yıllık,Sürekli Lig,Oyuncu Jenerik,Bilgi,Oyuncu,Jenerik,Türkçe,Head,Oyuncu Jenerik,aydın büyükşehir belediyespor,i̇larya zararsız,hayır,,,,Genişletme
ilarya zararsız kimdir,Sultanlar Ligi,Voleybol,Lig,1. Seviye,Ana Liste,Kadın,Kulüp,Takım Sporu,Türkiye,Yerli,Türk Takımı Var,Doğrulanacak,Yıllık,Sürekli Lig,Oyuncu Bilgi,Bilgi,Oyuncu,Jenerik,Türkçe,Body,Oyuncu Bilgi,aydın büyükşehir belediyespor,i̇larya zararsız,hayır,,,,Genişletme
ilarya zararsız hangi takımda,Sultanlar Ligi,Voleybol,Lig,1. Seviye,Ana Liste,Kadın,Kulüp,Takım Sporu,Türkiye,Yerli,Türk Takımı Var,Doğrulanacak,Yıllık,Sürekli Lig,Oyuncu Bilgi,Bilgi,Oyuncu,Jenerik,Türkçe,Body,Oyuncu Bilgi,aydın büyükşehir belediyespor,i̇larya zararsız,hayır,,,,Genişletme
ilarya zararsız istatistik,Sultanlar Ligi,Voleybol,Lig,1. Seviye,Ana Liste,Kadın,Kulüp,Takım Sporu,Türkiye,Yerli,Türk Takımı Var,Doğrulanacak,Yıllık,Sürekli Lig,İstatistik,Bilgi,Oyuncu,Jenerik,Türkçe,Body,İstatistik,aydın büyükşehir belediyespor,i̇larya zararsız,hayır,,,,Genişletme
halil ibrahim yücel,Efeler Ligi,Voleybol,Lig,1. Seviye,Ana Liste,Erkek,Kulüp,Takım Sporu,Türkiye,Yerli,Türk Takımı Var,Doğrulanacak,Yıllık,Sürekli Lig,Oyuncu Jenerik,Bilgi,Oyuncu,Jenerik,Türkçe,Body,Oyuncu Jenerik,cizre belediyespor,halil i̇brahim yücel,hayır,,,,Genişletme
halil ibrahim yücel kimdir,Efeler Ligi,Voleybol,Lig,1. Seviye,Ana Liste,Erkek,Kulüp,Takım Sporu,Türkiye,Yerli,Türk Takımı Var,Doğrulanacak,Yıllık,Sürekli Lig,Oyuncu Bilgi,Bilgi,Oyuncu,Jenerik,Türkçe,Body,Oyuncu Bilgi,cizre belediyespor,halil i̇brahim yücel,hayır,,,,Genişletme
halil ibrahim yücel hangi takımda,Efeler Ligi,Voleybol,Lig,1. Seviye,Ana Liste,Erkek,Kulüp,Takım Sporu,Türkiye,Yerli,Türk Takımı Var,Doğrulanacak,Yıllık,Sürekli Lig,Oyuncu Bilgi,Bilgi,Oyuncu,Jenerik,Türkçe,Long-tail,Oyuncu Bilgi,cizre belediyespor,halil i̇brahim yücel,hayır,,,,Genişletme
halil ibrahim yücel istatistik,Efeler Ligi,Voleybol,Lig,1. Seviye,Ana Liste,Erkek,Kulüp,Takım Sporu,Türkiye,Yerli,Türk Takımı Var,Doğrulanacak,Yıllık,Sürekli Lig,İstatistik,Bilgi,Oyuncu,Jenerik,Türkçe,Body,İstatistik,cizre belediyespor,halil i̇brahim yücel,hayır,,,,Genişletme
halil ibrahim kurt,Efeler Ligi,Voleybol,Lig,1. Seviye,Ana Liste,Erkek,Kulüp,Takım Sporu,Türkiye,Yerli,Türk Takımı Var,Doğrulanacak,Yıllık,Sürekli Lig,Oyuncu Jenerik,Bilgi,Oyuncu,Jenerik,Türkçe,Body,Oyuncu Jenerik,cizre belediyespor,halil i̇brahim kurt,hayır,,,,Genişletme
halil ibrahim kurt kimdir,Efeler Ligi,Voleybol,Lig,1. Seviye,Ana Liste,Erkek,Kulüp,Takım Sporu,Türkiye,Yerli,Türk Takımı Var,Doğrulanacak,Yıllık,Sürekli Lig,Oyuncu Bilgi,Bilgi,Oyuncu,Jenerik,Türkçe,Body,Oyuncu Bilgi,cizre belediyespor,halil i̇brahim kurt,hayır,,,,Genişletme
halil ibrahim kurt hangi takımda,Efeler Ligi,Voleybol,Lig,1. Seviye,Ana Liste,Erkek,Kulüp,Takım Sporu,Türkiye,Yerli,Türk Takımı Var,Doğrulanacak,Yıllık,Sürekli Lig,Oyuncu Bilgi,Bilgi,Oyuncu,Jenerik,Türkçe,Long-tail,Oyuncu Bilgi,cizre belediyespor,halil i̇brahim kurt,hayır,,,,Genişletme
halil ibrahim kurt istatistik,Efeler Ligi,Voleybol,Lig,1. Seviye,Ana Liste,Erkek,Kulüp,Takım Sporu,Türkiye,Yerli,Türk Takımı Var,Doğrulanacak,Yıllık,Sürekli Lig,İstatistik,Bilgi,Oyuncu,Jenerik,Türkçe,Body,İstatistik,cizre belediyespor,halil i̇brahim kurt,hayır,,,,Genişletme
kaan incekara,Sultanlar Ligi,Voleybol,Lig,1. Seviye,Ana Liste,Kadın,Kulüp,Takım Sporu,Türkiye,Yerli,Türk Takımı Var,Doğrulanacak,Yıllık,Sürekli Lig,Oyuncu Jenerik,Bilgi,Oyuncu,Jenerik,Türkçe,Head,Oyuncu Jenerik,eczacıbaşı s.k. (women's volleyball),kaan i̇ncekara,hayır,,,,Genişletme
kaan incekara kimdir,Sultanlar Ligi,Voleybol,Lig,1. Seviye,Ana Liste,Kadın,Kulüp,Takım Sporu,Türkiye,Yerli,Türk Takımı Var,Doğrulanacak,Yıllık,Sürekli Lig,Oyuncu Bilgi,Bilgi,Oyuncu,Jenerik,Türkçe,Body,Oyuncu Bilgi,eczacıbaşı s.k. (women's volleyball),kaan i̇ncekara,hayır,,,,Genişletme
kaan incekara hangi takımda,Sultanlar Ligi,Voleybol,Lig,1. Seviye,Ana Liste,Kadın,Kulüp,Takım Sporu,Türkiye,Yerli,Türk Takımı Var,Doğrulanacak,Yıllık,Sürekli Lig,Oyuncu Bilgi,Bilgi,Oyuncu,Jenerik,Türkçe,Body,Oyuncu Bilgi,eczacıbaşı s.k. (women's volleyball),kaan i̇ncekara,hayır,,,,Genişletme
kaan incekara istatistik,Sultanlar Ligi,Voleybol,Lig,1. Seviye,Ana Liste,Kadın,Kulüp,Takım Sporu,Türkiye,Yerli,Türk Takımı Var,Doğrulanacak,Yıllık,Sürekli Lig,İstatistik,Bilgi,Oyuncu,Jenerik,Türkçe,Body,İstatistik,eczacıbaşı s.k. (women's volleyball),kaan i̇ncekara,hayır,,,,Genişletme
tuğba şenoğlu ivegin,Sultanlar Ligi,Voleybol,Lig,1. Seviye,Ana Liste,Kadın,Kulüp,Takım Sporu,Türkiye,Yerli,Türk Takımı Var,Doğrulanacak,Yıllık,Sürekli Lig,Oyuncu Jenerik,Bilgi,Oyuncu,Jenerik,Türkçe,Body,Oyuncu Jenerik,kuzeyboru s.k.,tuğba şenoğlu i̇vegin,hayır,,,,Genişletme
tuğba şenoğlu ivegin kimdir,Sultanlar Ligi,Voleybol,Lig,1. Seviye,Ana Liste,Kadın,Kulüp,Takım Sporu,Türkiye,Yerli,Türk Takımı Var,Doğrulanacak,Yıllık,Sürekli Lig,Oyuncu Bilgi,Bilgi,Oyuncu,Jenerik,Türkçe,Body,Oyuncu Bilgi,kuzeyboru s.k.,tuğba şenoğlu i̇vegin,hayır,,,,Genişletme
tuğba şenoğlu ivegin hangi takımda,Sultanlar Ligi,Voleybol,Lig,1. Seviye,Ana Liste,Kadın,Kulüp,Takım Sporu,Türkiye,Yerli,Türk Takımı Var,Doğrulanacak,Yıllık,Sürekli Lig,Oyuncu Bilgi,Bilgi,Oyuncu,Jenerik,Türkçe,Long-tail,Oyuncu Bilgi,kuzeyboru s.k.,tuğba şenoğlu i̇vegin,hayır,,,,Genişletme
tuğba şenoğlu ivegin istatistik,Sultanlar Ligi,Voleybol,Lig,1. Seviye,Ana Liste,Kadın,Kulüp,Takım Sporu,Türkiye,Yerli,Türk Takımı Var,Doğrulanacak,Yıllık,Sürekli Lig,İstatistik,Bilgi,Oyuncu,Jenerik,Türkçe,Body,İstatistik,kuzeyboru s.k.,tuğba şenoğlu i̇vegin,hayır,,,,Genişletme
yuki ishikawa,Efeler Ligi,Voleybol,Lig,1. Seviye,Ana Liste,Erkek,Kulüp,Takım Sporu,Türkiye,Yerli,Türk Takımı Var,Doğrulanacak,Yıllık,Sürekli Lig,Oyuncu Jenerik,Bilgi,Oyuncu,Jenerik,Türkçe,Head,Oyuncu Jenerik,ziraat bankkart s.k.,yuki i̇shikawa,hayır,,,,Genişletme
yuki ishikawa kimdir,Efeler Ligi,Voleybol,Lig,1. Seviye,Ana Liste,Erkek,Kulüp,Takım Sporu,Türkiye,Yerli,Türk Takımı Var,Doğrulanacak,Yıllık,Sürekli Lig,Oyuncu Bilgi,Bilgi,Oyuncu,Jenerik,Türkçe,Body,Oyuncu Bilgi,ziraat bankkart s.k.,yuki i̇shikawa,hayır,,,,Genişletme
yuki ishikawa hangi takımda,Efeler Ligi,Voleybol,Lig,1. Seviye,Ana Liste,Erkek,Kulüp,Takım Sporu,Türkiye,Yerli,Türk Takımı Var,Doğrulanacak,Yıllık,Sürekli Lig,Oyuncu Bilgi,Bilgi,Oyuncu,Jenerik,Türkçe,Body,Oyuncu Bilgi,ziraat bankkart s.k.,yuki i̇shikawa,hayır,,,,Genişletme
yuki ishikawa istatistik,Efeler Ligi,Voleybol,Lig,1. Seviye,Ana Liste,Erkek,Kulüp,Takım Sporu,Türkiye,Yerli,Türk Takımı Var,Doğrulanacak,Yıllık,Sürekli Lig,İstatistik,Bilgi,Oyuncu,Jenerik,Türkçe,Body,İstatistik,ziraat bankkart s.k.,yuki i̇shikawa,hayır,,,,Genişletme
izzet çelik,Süper Lig,Futbol,Lig,1. Seviye,Ana Liste,Erkek,Kulüp,Takım Sporu,Türkiye,Yerli,Türk Takımı Var,TV+ Yok,Yıllık,Sürekli Lig,Oyuncu Jenerik,Bilgi,Oyuncu,Jenerik,Türkçe,Head,Oyuncu Jenerik,alanyaspor,i̇zzet çelik,hayır,,,,Genişletme
izzet çelik kimdir,Süper Lig,Futbol,Lig,1. Seviye,Ana Liste,Erkek,Kulüp,Takım Sporu,Türkiye,Yerli,Türk Takımı Var,TV+ Yok,Yıllık,Sürekli Lig,Oyuncu Bilgi,Bilgi,Oyuncu,Jenerik,Türkçe,Body,Oyuncu Bilgi,alanyaspor,i̇zzet çelik,hayır,,,,Genişletme
izzet çelik hangi takımda,Süper Lig,Futbol,Lig,1. Seviye,Ana Liste,Erkek,Kulüp,Takım Sporu,Türkiye,Yerli,Türk Takımı Var,TV+ Yok,Yıllık,Sürekli Lig,Oyuncu Bilgi,Bilgi,Oyuncu,Jenerik,Türkçe,Body,Oyuncu Bilgi,alanyaspor,i̇zzet çelik,hayır,,,,Genişletme
izzet çelik istatistik,Süper Lig,Futbol,Lig,1. Seviye,Ana Liste,Erkek,Kulüp,Takım Sporu,Türkiye,Yerli,Türk Takımı Var,TV+ Yok,Yıllık,Sürekli Lig,İstatistik,Bilgi,Oyuncu,Jenerik,Türkçe,Body,İstatistik,alanyaspor,i̇zzet çelik,hayır,,,,Genişletme
ibrahim kaya,Süper Lig,Futbol,Lig,1. Seviye,Ana Liste,Erkek,Kulüp,Takım Sporu,Türkiye,Yerli,Türk Takımı Var,TV+ Yok,Yıllık,Sürekli Lig,Oyuncu Jenerik,Bilgi,Oyuncu,Jenerik,Türkçe,Head,Oyuncu Jenerik,alanyaspor,i̇brahim kaya,hayır,,,,Genişletme
ibrahim kaya kimdir,Süper Lig,Futbol,Lig,1. Seviye,Ana Liste,Erkek,Kulüp,Takım Sporu,Türkiye,Yerli,Türk Takımı Var,TV+ Yok,Yıllık,Sürekli Lig,Oyuncu Bilgi,Bilgi,Oyuncu,Jenerik,Türkçe,Body,Oyuncu Bilgi,alanyaspor,i̇brahim kaya,hayır,,,,Genişletme
ibrahim kaya hangi takımda,Süper Lig,Futbol,Lig,1. Seviye,Ana Liste,Erkek,Kulüp,Takım Sporu,Türkiye,Yerli,Türk Takımı Var,TV+ Yok,Yıllık,Sürekli Lig,Oyuncu Bilgi,Bilgi,Oyuncu,Jenerik,Türkçe,Body,Oyuncu Bilgi,alanyaspor,i̇brahim kaya,hayır,,,,Genişletme
ibrahim kaya istatistik,Süper Lig,Futbol,Lig,1. Seviye,Ana Liste,Erkek,Kulüp,Takım Sporu,Türkiye,Yerli,Türk Takımı Var,TV+ Yok,Yıllık,Sürekli Lig,İstatistik,Bilgi,Oyuncu,Jenerik,Türkçe,Body,İstatistik,alanyaspor,i̇brahim kaya,hayır,,,,Genişletme
melih ibrahimoğlu,Süper Lig,Futbol,Lig,1. Seviye,Ana Liste,Erkek,Kulüp,Takım Sporu,Türkiye,Yerli,Türk Takımı Var,TV+ Yok,Yıllık,Sürekli Lig,Oyuncu Jenerik,Bilgi,Oyuncu,Jenerik,Türkçe,Head,Oyuncu Jenerik,konyaspor,melih i̇brahimoğlu,hayır,,,,Genişletme
melih ibrahimoğlu kimdir,Süper Lig,Futbol,Lig,1. Seviye,Ana Liste,Erkek,Kulüp,Takım Sporu,Türkiye,Yerli,Türk Takımı Var,TV+ Yok,Yıllık,Sürekli Lig,Oyuncu Bilgi,Bilgi,Oyuncu,Jenerik,Türkçe,Body,Oyuncu Bilgi,konyaspor,melih i̇brahimoğlu,hayır,,,,Genişletme
melih ibrahimoğlu hangi takımda,Süper Lig,Futbol,Lig,1. Seviye,Ana Liste,Erkek,Kulüp,Takım Sporu,Türkiye,Yerli,Türk Takımı Var,TV+ Yok,Yıllık,Sürekli Lig,Oyuncu Bilgi,Bilgi,Oyuncu,Jenerik,Türkçe,Body,Oyuncu Bilgi,konyaspor,melih i̇brahimoğlu,hayır,,,,Genişletme
melih ibrahimoğlu istatistik,Süper Lig,Futbol,Lig,1. Seviye,Ana Liste,Erkek,Kulüp,Takım Sporu,Türkiye,Yerli,Türk Takımı Var,TV+ Yok,Yıllık,Sürekli Lig,İstatistik,Bilgi,Oyuncu,Jenerik,Türkçe,Body,İstatistik,konyaspor,melih i̇brahimoğlu,hayır,,,,Genişletme
ege izmirli,Süper Lig,Futbol,Lig,1. Seviye,Ana Liste,Erkek,Kulüp,Takım Sporu,Türkiye,Yerli,Türk Takımı Var,TV+ Yok,Yıllık,Sürekli Lig,Oyuncu Jenerik,Bilgi,Oyuncu,Jenerik,Türkçe,Head,Oyuncu Jenerik,antalyaspor,ege i̇zmirli,hayır,,,,Genişletme
ege izmirli kimdir,Süper Lig,Futbol,Lig,1. Seviye,Ana Liste,Erkek,Kulüp,Takım Sporu,Türkiye,Yerli,Türk Takımı Var,TV+ Yok,Yıllık,Sürekli Lig,Oyuncu Bilgi,Bilgi,Oyuncu,Jenerik,Türkçe,Body,Oyuncu Bilgi,antalyaspor,ege i̇zmirli,hayır,,,,Genişletme
ege izmirli hangi takımda,Süper Lig,Futbol,Lig,1. Seviye,Ana Liste,Erkek,Kulüp,Takım Sporu,Türkiye,Yerli,Türk Takımı Var,TV+ Yok,Yıllık,Sürekli Lig,Oyuncu Bilgi,Bilgi,Oyuncu,Jenerik,Türkçe,Body,Oyuncu Bilgi,antalyaspor,ege i̇zmirli,hayır,,,,Genişletme
ege izmirli istatistik,Süper Lig,Futbol,Lig,1. Seviye,Ana Liste,Erkek,Kulüp,Takım Sporu,Türkiye,Yerli,Türk Takımı Var,TV+ Yok,Yıllık,Sürekli Lig,İstatistik,Bilgi,Oyuncu,Jenerik,Türkçe,Body,İstatistik,antalyaspor,ege i̇zmirli,hayır,,,,Genişletme
yakub ilçin,Süper Lig,Futbol,Lig,1. Seviye,Ana Liste,Erkek,Kulüp,Takım Sporu,Türkiye,Yerli,Türk Takımı Var,TV+ Yok,Yıllık,Sürekli Lig,Oyuncu Jenerik,Bilgi,Oyuncu,Jenerik,Türkçe,Head,Oyuncu Jenerik,antalyaspor,yakub i̇lçin,hayır,,,,Genişletme
yakub ilçin kimdir,Süper Lig,Futbol,Lig,1. Seviye,Ana Liste,Erkek,Kulüp,Takım Sporu,Türkiye,Yerli,Türk Takımı Var,TV+ Yok,Yıllık,Sürekli Lig,Oyuncu Bilgi,Bilgi,Oyuncu,Jenerik,Türkçe,Body,Oyuncu Bilgi,antalyaspor,yakub i̇lçin,hayır,,,,Genişletme
yakub ilçin hangi takımda,Süper Lig,Futbol,Lig,1. Seviye,Ana Liste,Erkek,Kulüp,Takım Sporu,Türkiye,Yerli,Türk Takımı Var,TV+ Yok,Yıllık,Sürekli Lig,Oyuncu Bilgi,Bilgi,Oyuncu,Jenerik,Türkçe,Body,Oyuncu Bilgi,antalyaspor,yakub i̇lçin,hayır,,,,Genişletme
yakub ilçin istatistik,Süper Lig,Futbol,Lig,1. Seviye,Ana Liste,Erkek,Kulüp,Takım Sporu,Türkiye,Yerli,Türk Takımı Var,TV+ Yok,Yıllık,Sürekli Lig,İstatistik,Bilgi,Oyuncu,Jenerik,Türkçe,Body,İstatistik,antalyaspor,yakub i̇lçin,hayır,,,,Genişletme
ibrahim kağan alkış,Süper Lig,Futbol,Lig,1. Seviye,Ana Liste,Erkek,Kulüp,Takım Sporu,Türkiye,Yerli,Türk Takımı Var,TV+ Yok,Yıllık,Sürekli Lig,Oyuncu Jenerik,Bilgi,Oyuncu,Jenerik,Türkçe,Body,Oyuncu Jenerik,gaziantep fk,i̇brahim kağan alkış,hayır,,,,Genişletme
ibrahim kağan alkış kimdir,Süper Lig,Futbol,Lig,1. Seviye,Ana Liste,Erkek,Kulüp,Takım Sporu,Türkiye,Yerli,Türk Takımı Var,TV+ Yok,Yıllık,Sürekli Lig,Oyuncu Bilgi,Bilgi,Oyuncu,Jenerik,Türkçe,Body,Oyuncu Bilgi,gaziantep fk,i̇brahim kağan alkış,hayır,,,,Genişletme
ibrahim kağan alkış hangi takımda,Süper Lig,Futbol,Lig,1. Seviye,Ana Liste,Erkek,Kulüp,Takım Sporu,Türkiye,Yerli,Türk Takımı Var,TV+ Yok,Yıllık,Sürekli Lig,Oyuncu Bilgi,Bilgi,Oyuncu,Jenerik,Türkçe,Long-tail,Oyuncu Bilgi,gaziantep fk,i̇brahim kağan alkış,hayır,,,,Genişletme
ibrahim kağan alkış istatistik,Süper Lig,Futbol,Lig,1. Seviye,Ana Liste,Erkek,Kulüp,Takım Sporu,Türkiye,Yerli,Türk Takımı Var,TV+ Yok,Yıllık,Sürekli Lig,İstatistik,Bilgi,Oyuncu,Jenerik,Türkçe,Body,İstatistik,gaziantep fk,i̇brahim kağan alkış,hayır,,,,Genişletme
irfan can eğribayat,Süper Lig,Futbol,Lig,1. Seviye,Ana Liste,Erkek,Kulüp,Takım Sporu,Türkiye,Yerli,Türk Takımı Var,TV+ Yok,Yıllık,Sürekli Lig,Oyuncu Jenerik,Bilgi,Oyuncu,Jenerik,Türkçe,Body,Oyuncu Jenerik,gençlerbirliği,i̇rfan can eğribayat,hayır,,,,Genişletme
irfan can eğribayat kimdir,Süper Lig,Futbol,Lig,1. Seviye,Ana Liste,Erkek,Kulüp,Takım Sporu,Türkiye,Yerli,Türk Takımı Var,TV+ Yok,Yıllık,Sürekli Lig,Oyuncu Bilgi,Bilgi,Oyuncu,Jenerik,Türkçe,Body,Oyuncu Bilgi,gençlerbirliği,i̇rfan can eğribayat,hayır,,,,Genişletme
irfan can eğribayat hangi takımda,Süper Lig,Futbol,Lig,1. Seviye,Ana Liste,Erkek,Kulüp,Takım Sporu,Türkiye,Yerli,Türk Takımı Var,TV+ Yok,Yıllık,Sürekli Lig,Oyuncu Bilgi,Bilgi,Oyuncu,Jenerik,Türkçe,Long-tail,Oyuncu Bilgi,gençlerbirliği,i̇rfan can eğribayat,hayır,,,,Genişletme
irfan can eğribayat istatistik,Süper Lig,Futbol,Lig,1. Seviye,Ana Liste,Erkek,Kulüp,Takım Sporu,Türkiye,Yerli,Türk Takımı Var,TV+ Yok,Yıllık,Sürekli Lig,İstatistik,Bilgi,Oyuncu,Jenerik,Türkçe,Body,İstatistik,gençlerbirliği,i̇rfan can eğribayat,hayır,,,,Genişletme
taha ibrahim rençber,Süper Lig,Futbol,Lig,1. Seviye,Ana Liste,Erkek,Kulüp,Takım Sporu,Türkiye,Yerli,Türk Takımı Var,TV+ Yok,Yıllık,Sürekli Lig,Oyuncu Jenerik,Bilgi,Oyuncu,Jenerik,Türkçe,Body,Oyuncu Jenerik,çorum fk,taha i̇brahim rençber,hayır,,,,Genişletme
taha ibrahim rençber kimdir,Süper Lig,Futbol,Lig,1. Seviye,Ana Liste,Erkek,Kulüp,Takım Sporu,Türkiye,Yerli,Türk Takımı Var,TV+ Yok,Yıllık,Sürekli Lig,Oyuncu Bilgi,Bilgi,Oyuncu,Jenerik,Türkçe,Body,Oyuncu Bilgi,çorum fk,taha i̇brahim rençber,hayır,,,,Genişletme
taha ibrahim rençber hangi takımda,Süper Lig,Futbol,Lig,1. Seviye,Ana Liste,Erkek,Kulüp,Takım Sporu,Türkiye,Yerli,Türk Takımı Var,TV+ Yok,Yıllık,Sürekli Lig,Oyuncu Bilgi,Bilgi,Oyuncu,Jenerik,Türkçe,Long-tail,Oyuncu Bilgi,çorum fk,taha i̇brahim rençber,hayır,,,,Genişletme
taha ibrahim rençber istatistik,Süper Lig,Futbol,Lig,1. Seviye,Ana Liste,Erkek,Kulüp,Takım Sporu,Türkiye,Yerli,Türk Takımı Var,TV+ Yok,Yıllık,Sürekli Lig,İstatistik,Bilgi,Oyuncu,Jenerik,Türkçe,Body,İstatistik,çorum fk,taha i̇brahim rençber,hayır,,,,Genişletme
ilkan sever,Süper Lig,Futbol,Lig,1. Seviye,Ana Liste,Erkek,Kulüp,Takım Sporu,Türkiye,Yerli,Türk Takımı Var,TV+ Yok,Yıllık,Sürekli Lig,Oyuncu Jenerik,Bilgi,Oyuncu,Jenerik,Türkçe,Head,Oyuncu Jenerik,erzurumspor,i̇lkan sever,hayır,,,,Genişletme
ilkan sever kimdir,Süper Lig,Futbol,Lig,1. Seviye,Ana Liste,Erkek,Kulüp,Takım Sporu,Türkiye,Yerli,Türk Takımı Var,TV+ Yok,Yıllık,Sürekli Lig,Oyuncu Bilgi,Bilgi,Oyuncu,Jenerik,Türkçe,Body,Oyuncu Bilgi,erzurumspor,i̇lkan sever,hayır,,,,Genişletme
ilkan sever hangi takımda,Süper Lig,Futbol,Lig,1. Seviye,Ana Liste,Erkek,Kulüp,Takım Sporu,Türkiye,Yerli,Türk Takımı Var,TV+ Yok,Yıllık,Sürekli Lig,Oyuncu Bilgi,Bilgi,Oyuncu,Jenerik,Türkçe,Body,Oyuncu Bilgi,erzurumspor,i̇lkan sever,hayır,,,,Genişletme
ilkan sever istatistik,Süper Lig,Futbol,Lig,1. Seviye,Ana Liste,Erkek,Kulüp,Takım Sporu,Türkiye,Yerli,Türk Takımı Var,TV+ Yok,Yıllık,Sürekli Lig,İstatistik,Bilgi,Oyuncu,Jenerik,Türkçe,Body,İstatistik,erzurumspor,i̇lkan sever,hayır,,,,Genişletme
ismail kalburcu,TFF 1. Lig,Futbol,Lig,1. Seviye,Ana Liste,Erkek,Kulüp,Takım Sporu,Türkiye,Yerli,Türk Takımı Var,TV+ Yok,Yıllık,Sürekli Lig,Oyuncu Jenerik,Bilgi,Oyuncu,Jenerik,Türkçe,Head,Oyuncu Jenerik,boluspor,i̇smail kalburcu,hayır,,,,Genişletme
ismail kalburcu kimdir,TFF 1. Lig,Futbol,Lig,1. Seviye,Ana Liste,Erkek,Kulüp,Takım Sporu,Türkiye,Yerli,Türk Takımı Var,TV+ Yok,Yıllık,Sürekli Lig,Oyuncu Bilgi,Bilgi,Oyuncu,Jenerik,Türkçe,Body,Oyuncu Bilgi,boluspor,i̇smail kalburcu,hayır,,,,Genişletme
ismail kalburcu hangi takımda,TFF 1. Lig,Futbol,Lig,1. Seviye,Ana Liste,Erkek,Kulüp,Takım Sporu,Türkiye,Yerli,Türk Takımı Var,TV+ Yok,Yıllık,Sürekli Lig,Oyuncu Bilgi,Bilgi,Oyuncu,Jenerik,Türkçe,Body,Oyuncu Bilgi,boluspor,i̇smail kalburcu,hayır,,,,Genişletme
ismail kalburcu istatistik,TFF 1. Lig,Futbol,Lig,1. Seviye,Ana Liste,Erkek,Kulüp,Takım Sporu,Türkiye,Yerli,Türk Takımı Var,TV+ Yok,Yıllık,Sürekli Lig,İstatistik,Bilgi,Oyuncu,Jenerik,Türkçe,Body,İstatistik,boluspor,i̇smail kalburcu,hayır,,,,Genişletme
ada ibik,TFF 1. Lig,Futbol,Lig,1. Seviye,Ana Liste,Erkek,Kulüp,Takım Sporu,Türkiye,Yerli,Türk Takımı Var,TV+ Yok,Yıllık,Sürekli Lig,Oyuncu Jenerik,Bilgi,Oyuncu,Jenerik,Türkçe,Head,Oyuncu Jenerik,manisa fk,ada i̇bik,hayır,,,,Genişletme
ada ibik kimdir,TFF 1. Lig,Futbol,Lig,1. Seviye,Ana Liste,Erkek,Kulüp,Takım Sporu,Türkiye,Yerli,Türk Takımı Var,TV+ Yok,Yıllık,Sürekli Lig,Oyuncu Bilgi,Bilgi,Oyuncu,Jenerik,Türkçe,Body,Oyuncu Bilgi,manisa fk,ada i̇bik,hayır,,,,Genişletme
ada ibik hangi takımda,TFF 1. Lig,Futbol,Lig,1. Seviye,Ana Liste,Erkek,Kulüp,Takım Sporu,Türkiye,Yerli,Türk Takımı Var,TV+ Yok,Yıllık,Sürekli Lig,Oyuncu Bilgi,Bilgi,Oyuncu,Jenerik,Türkçe,Body,Oyuncu Bilgi,manisa fk,ada i̇bik,hayır,,,,Genişletme
ada ibik istatistik,TFF 1. Lig,Futbol,Lig,1. Seviye,Ana Liste,Erkek,Kulüp,Takım Sporu,Türkiye,Yerli,Türk Takımı Var,TV+ Yok,Yıllık,Sürekli Lig,İstatistik,Bilgi,Oyuncu,Jenerik,Türkçe,Body,İstatistik,manisa fk,ada i̇bik,hayır,,,,Genişletme
fırat inal,TFF 1. Lig,Futbol,Lig,1. Seviye,Ana Liste,Erkek,Kulüp,Takım Sporu,Türkiye,Yerli,Türk Takımı Var,TV+ Yok,Yıllık,Sürekli Lig,Oyuncu Jenerik,Bilgi,Oyuncu,Jenerik,Türkçe,Head,Oyuncu Jenerik,manisa fk,fırat i̇nal,hayır,,,,Genişletme
fırat inal kimdir,TFF 1. Lig,Futbol,Lig,1. Seviye,Ana Liste,Erkek,Kulüp,Takım Sporu,Türkiye,Yerli,Türk Takımı Var,TV+ Yok,Yıllık,Sürekli Lig,Oyuncu Bilgi,Bilgi,Oyuncu,Jenerik,Türkçe,Body,Oyuncu Bilgi,manisa fk,fırat i̇nal,hayır,,,,Genişletme
fırat inal hangi takımda,TFF 1. Lig,Futbol,Lig,1. Seviye,Ana Liste,Erkek,Kulüp,Takım Sporu,Türkiye,Yerli,Türk Takımı Var,TV+ Yok,Yıllık,Sürekli Lig,Oyuncu Bilgi,Bilgi,Oyuncu,Jenerik,Türkçe,Body,Oyuncu Bilgi,manisa fk,fırat i̇nal,hayır,,,,Genişletme
fırat inal istatistik,TFF 1. Lig,Futbol,Lig,1. Seviye,Ana Liste,Erkek,Kulüp,Takım Sporu,Türkiye,Yerli,Türk Takımı Var,TV+ Yok,Yıllık,Sürekli Lig,İstatistik,Bilgi,Oyuncu,Jenerik,Türkçe,Body,İstatistik,manisa fk,fırat i̇nal,hayır,,,,Genişletme
ishak karaoğul,TFF 1. Lig,Futbol,Lig,1. Seviye,Ana Liste,Erkek,Kulüp,Takım Sporu,Türkiye,Yerli,Türk Takımı Var,TV+ Yok,Yıllık,Sürekli Lig,Oyuncu Jenerik,Bilgi,Oyuncu,Jenerik,Türkçe,Head,Oyuncu Jenerik,keçiörengücü,i̇shak karaoğul,hayır,,,,Genişletme
ishak karaoğul kimdir,TFF 1. Lig,Futbol,Lig,1. Seviye,Ana Liste,Erkek,Kulüp,Takım Sporu,Türkiye,Yerli,Türk Takımı Var,TV+ Yok,Yıllık,Sürekli Lig,Oyuncu Bilgi,Bilgi,Oyuncu,Jenerik,Türkçe,Body,Oyuncu Bilgi,keçiörengücü,i̇shak karaoğul,hayır,,,,Genişletme
ishak karaoğul hangi takımda,TFF 1. Lig,Futbol,Lig,1. Seviye,Ana Liste,Erkek,Kulüp,Takım Sporu,Türkiye,Yerli,Türk Takımı Var,TV+ Yok,Yıllık,Sürekli Lig,Oyuncu Bilgi,Bilgi,Oyuncu,Jenerik,Türkçe,Body,Oyuncu Bilgi,keçiörengücü,i̇shak karaoğul,hayır,,,,Genişletme
ishak karaoğul istatistik,TFF 1. Lig,Futbol,Lig,1. Seviye,Ana Liste,Erkek,Kulüp,Takım Sporu,Türkiye,Yerli,Türk Takımı Var,TV+ Yok,Yıllık,Sürekli Lig,İstatistik,Bilgi,Oyuncu,Jenerik,Türkçe,Body,İstatistik,keçiörengücü,i̇shak karaoğul,hayır,,,,Genişletme
ibrahim akdağ,TFF 1. Lig,Futbol,Lig,1. Seviye,Ana Liste,Erkek,Kulüp,Takım Sporu,Türkiye,Yerli,Türk Takımı Var,TV+ Yok,Yıllık,Sürekli Lig,Oyuncu Jenerik,Bilgi,Oyuncu,Jenerik,Türkçe,Head,Oyuncu Jenerik,keçiörengücü,i̇brahim akdağ,hayır,,,,Genişletme
ibrahim akdağ kimdir,TFF 1. Lig,Futbol,Lig,1. Seviye,Ana Liste,Erkek,Kulüp,Takım Sporu,Türkiye,Yerli,Türk Takımı Var,TV+ Yok,Yıllık,Sürekli Lig,Oyuncu Bilgi,Bilgi,Oyuncu,Jenerik,Türkçe,Body,Oyuncu Bilgi,keçiörengücü,i̇brahim akdağ,hayır,,,,Genişletme
ibrahim akdağ hangi takımda,TFF 1. Lig,Futbol,Lig,1. Seviye,Ana Liste,Erkek,Kulüp,Takım Sporu,Türkiye,Yerli,Türk Takımı Var,TV+ Yok,Yıllık,Sürekli Lig,Oyuncu Bilgi,Bilgi,Oyuncu,Jenerik,Türkçe,Body,Oyuncu Bilgi,keçiörengücü,i̇brahim akdağ,hayır,,,,Genişletme
ibrahim akdağ istatistik,TFF 1. Lig,Futbol,Lig,1. Seviye,Ana Liste,Erkek,Kulüp,Takım Sporu,Türkiye,Yerli,Türk Takımı Var,TV+ Yok,Yıllık,Sürekli Lig,İstatistik,Bilgi,Oyuncu,Jenerik,Türkçe,Body,İstatistik,keçiörengücü,i̇brahim akdağ,hayır,,,,Genişletme
ulaş imergi,TFF 1. Lig,Futbol,Lig,1. Seviye,Ana Liste,Erkek,Kulüp,Takım Sporu,Türkiye,Yerli,Türk Takımı Var,TV+ Yok,Yıllık,Sürekli Lig,Oyuncu Jenerik,Bilgi,Oyuncu,Jenerik,Türkçe,Head,Oyuncu Jenerik,adana demirspor,ulaş i̇mergi,hayır,,,,Genişletme
ulaş imergi kimdir,TFF 1. Lig,Futbol,Lig,1. Seviye,Ana Liste,Erkek,Kulüp,Takım Sporu,Türkiye,Yerli,Türk Takımı Var,TV+ Yok,Yıllık,Sürekli Lig,Oyuncu Bilgi,Bilgi,Oyuncu,Jenerik,Türkçe,Body,Oyuncu Bilgi,adana demirspor,ulaş i̇mergi,hayır,,,,Genişletme
ulaş imergi hangi takımda,TFF 1. Lig,Futbol,Lig,1. Seviye,Ana Liste,Erkek,Kulüp,Takım Sporu,Türkiye,Yerli,Türk Takımı Var,TV+ Yok,Yıllık,Sürekli Lig,Oyuncu Bilgi,Bilgi,Oyuncu,Jenerik,Türkçe,Body,Oyuncu Bilgi,adana demirspor,ulaş i̇mergi,hayır,,,,Genişletme
ulaş imergi istatistik,TFF 1. Lig,Futbol,Lig,1. Seviye,Ana Liste,Erkek,Kulüp,Takım Sporu,Türkiye,Yerli,Türk Takımı Var,TV+ Yok,Yıllık,Sürekli Lig,İstatistik,Bilgi,Oyuncu,Jenerik,Türkçe,Body,İstatistik,adana demirspor,ulaş i̇mergi,hayır,,,,Genişletme
hüseyin işlek,TFF 1. Lig,Futbol,Lig,1. Seviye,Ana Liste,Erkek,Kulüp,Takım Sporu,Türkiye,Yerli,Türk Takımı Var,TV+ Yok,Yıllık,Sürekli Lig,Oyuncu Jenerik,Bilgi,Oyuncu,Jenerik,Türkçe,Head,Oyuncu Jenerik,pendikspor,hüseyin i̇şlek,hayır,,,,Genişletme
hüseyin işlek kimdir,TFF 1. Lig,Futbol,Lig,1. Seviye,Ana Liste,Erkek,Kulüp,Takım Sporu,Türkiye,Yerli,Türk Takımı Var,TV+ Yok,Yıllık,Sürekli Lig,Oyuncu Bilgi,Bilgi,Oyuncu,Jenerik,Türkçe,Body,Oyuncu Bilgi,pendikspor,hüseyin i̇şlek,hayır,,,,Genişletme
hüseyin işlek hangi takımda,TFF 1. Lig,Futbol,Lig,1. Seviye,Ana Liste,Erkek,Kulüp,Takım Sporu,Türkiye,Yerli,Türk Takımı Var,TV+ Yok,Yıllık,Sürekli Lig,Oyuncu Bilgi,Bilgi,Oyuncu,Jenerik,Türkçe,Body,Oyuncu Bilgi,pendikspor,hüseyin i̇şlek,hayır,,,,Genişletme
hüseyin işlek istatistik,TFF 1. Lig,Futbol,Lig,1. Seviye,Ana Liste,Erkek,Kulüp,Takım Sporu,Türkiye,Yerli,Türk Takımı Var,TV+ Yok,Yıllık,Sürekli Lig,İstatistik,Bilgi,Oyuncu,Jenerik,Türkçe,Body,İstatistik,pendikspor,hüseyin i̇şlek,hayır,,,,Genişletme
mehmet idin,TFF 1. Lig,Futbol,Lig,1. Seviye,Ana Liste,Erkek,Kulüp,Takım Sporu,Türkiye,Yerli,Türk Takımı Var,TV+ Yok,Yıllık,Sürekli Lig,Oyuncu Jenerik,Bilgi,Oyuncu,Jenerik,Türkçe,Head,Oyuncu Jenerik,esenler erokspor,mehmet i̇din,hayır,,,,Genişletme
mehmet idin kimdir,TFF 1. Lig,Futbol,Lig,1. Seviye,Ana Liste,Erkek,Kulüp,Takım Sporu,Türkiye,Yerli,Türk Takımı Var,TV+ Yok,Yıllık,Sürekli Lig,Oyuncu Bilgi,Bilgi,Oyuncu,Jenerik,Türkçe,Body,Oyuncu Bilgi,esenler erokspor,mehmet i̇din,hayır,,,,Genişletme
mehmet idin hangi takımda,TFF 1. Lig,Futbol,Lig,1. Seviye,Ana Liste,Erkek,Kulüp,Takım Sporu,Türkiye,Yerli,Türk Takımı Var,TV+ Yok,Yıllık,Sürekli Lig,Oyuncu Bilgi,Bilgi,Oyuncu,Jenerik,Türkçe,Body,Oyuncu Bilgi,esenler erokspor,mehmet i̇din,hayır,,,,Genişletme
mehmet idin istatistik,TFF 1. Lig,Futbol,Lig,1. Seviye,Ana Liste,Erkek,Kulüp,Takım Sporu,Türkiye,Yerli,Türk Takımı Var,TV+ Yok,Yıllık,Sürekli Lig,İstatistik,Bilgi,Oyuncu,Jenerik,Türkçe,Body,İstatistik,esenler erokspor,mehmet i̇din,hayır,,,,Genişletme
yusuf islam atay,TFF 1. Lig,Futbol,Lig,1. Seviye,Ana Liste,Erkek,Kulüp,Takım Sporu,Türkiye,Yerli,Türk Takımı Var,TV+ Yok,Yıllık,Sürekli Lig,Oyuncu Jenerik,Bilgi,Oyuncu,Jenerik,Türkçe,Body,Oyuncu Jenerik,serikspor,yusuf i̇slam atay,hayır,,,,Genişletme
yusuf islam atay kimdir,TFF 1. Lig,Futbol,Lig,1. Seviye,Ana Liste,Erkek,Kulüp,Takım Sporu,Türkiye,Yerli,Türk Takımı Var,TV+ Yok,Yıllık,Sürekli Lig,Oyuncu Bilgi,Bilgi,Oyuncu,Jenerik,Türkçe,Body,Oyuncu Bilgi,serikspor,yusuf i̇slam atay,hayır,,,,Genişletme
yusuf islam atay hangi takımda,TFF 1. Lig,Futbol,Lig,1. Seviye,Ana Liste,Erkek,Kulüp,Takım Sporu,Türkiye,Yerli,Türk Takımı Var,TV+ Yok,Yıllık,Sürekli Lig,Oyuncu Bilgi,Bilgi,Oyuncu,Jenerik,Türkçe,Long-tail,Oyuncu Bilgi,serikspor,yusuf i̇slam atay,hayır,,,,Genişletme
yusuf islam atay istatistik,TFF 1. Lig,Futbol,Lig,1. Seviye,Ana Liste,Erkek,Kulüp,Takım Sporu,Türkiye,Yerli,Türk Takımı Var,TV+ Yok,Yıllık,Sürekli Lig,İstatistik,Bilgi,Oyuncu,Jenerik,Türkçe,Body,İstatistik,serikspor,yusuf i̇slam atay,hayır,,,,Genişletme
mert ismet aşıcı,TFF 1. Lig,Futbol,Lig,1. Seviye,Ana Liste,Erkek,Kulüp,Takım Sporu,Türkiye,Yerli,Türk Takımı Var,TV+ Yok,Yıllık,Sürekli Lig,Oyuncu Jenerik,Bilgi,Oyuncu,Jenerik,Türkçe,Body,Oyuncu Jenerik,serikspor,mert i̇smet aşıcı,hayır,,,,Genişletme
mert ismet aşıcı kimdir,TFF 1. Lig,Futbol,Lig,1. Seviye,Ana Liste,Erkek,Kulüp,Takım Sporu,Türkiye,Yerli,Türk Takımı Var,TV+ Yok,Yıllık,Sürekli Lig,Oyuncu Bilgi,Bilgi,Oyuncu,Jenerik,Türkçe,Body,Oyuncu Bilgi,serikspor,mert i̇smet aşıcı,hayır,,,,Genişletme
mert ismet aşıcı hangi takımda,TFF 1. Lig,Futbol,Lig,1. Seviye,Ana Liste,Erkek,Kulüp,Takım Sporu,Türkiye,Yerli,Türk Takımı Var,TV+ Yok,Yıllık,Sürekli Lig,Oyuncu Bilgi,Bilgi,Oyuncu,Jenerik,Türkçe,Long-tail,Oyuncu Bilgi,serikspor,mert i̇smet aşıcı,hayır,,,,Genişletme
mert ismet aşıcı istatistik,TFF 1. Lig,Futbol,Lig,1. Seviye,Ana Liste,Erkek,Kulüp,Takım Sporu,Türkiye,Yerli,Türk Takımı Var,TV+ Yok,Yıllık,Sürekli Lig,İstatistik,Bilgi,Oyuncu,Jenerik,Türkçe,Body,İstatistik,serikspor,mert i̇smet aşıcı,hayır,,,,Genişletme
muhammed ilham mallayev,TFF 1. Lig,Futbol,Lig,1. Seviye,Ana Liste,Erkek,Kulüp,Takım Sporu,Türkiye,Yerli,Türk Takımı Var,TV+ Yok,Yıllık,Sürekli Lig,Oyuncu Jenerik,Bilgi,Oyuncu,Jenerik,Türkçe,Body,Oyuncu Jenerik,serikspor,muhammed i̇lham mallayev,hayır,,,,Genişletme
muhammed ilham mallayev kimdir,TFF 1. Lig,Futbol,Lig,1. Seviye,Ana Liste,Erkek,Kulüp,Takım Sporu,Türkiye,Yerli,Türk Takımı Var,TV+ Yok,Yıllık,Sürekli Lig,Oyuncu Bilgi,Bilgi,Oyuncu,Jenerik,Türkçe,Body,Oyuncu Bilgi,serikspor,muhammed i̇lham mallayev,hayır,,,,Genişletme
muhammed ilham mallayev hangi takımda,TFF 1. Lig,Futbol,Lig,1. Seviye,Ana Liste,Erkek,Kulüp,Takım Sporu,Türkiye,Yerli,Türk Takımı Var,TV+ Yok,Yıllık,Sürekli Lig,Oyuncu Bilgi,Bilgi,Oyuncu,Jenerik,Türkçe,Long-tail,Oyuncu Bilgi,serikspor,muhammed i̇lham mallayev,hayır,,,,Genişletme
muhammed ilham mallayev istatistik,TFF 1. Lig,Futbol,Lig,1. Seviye,Ana Liste,Erkek,Kulüp,Takım Sporu,Türkiye,Yerli,Türk Takımı Var,TV+ Yok,Yıllık,Sürekli Lig,İstatistik,Bilgi,Oyuncu,Jenerik,Türkçe,Body,İstatistik,serikspor,muhammed i̇lham mallayev,hayır,,,,Genişletme
ismail tarım,TFF 1. Lig,Futbol,Lig,1. Seviye,Ana Liste,Erkek,Kulüp,Takım Sporu,Türkiye,Yerli,Türk Takımı Var,TV+ Yok,Yıllık,Sürekli Lig,Oyuncu Jenerik,Bilgi,Oyuncu,Jenerik,Türkçe,Head,Oyuncu Jenerik,bodrum fk,i̇smail tarım,hayır,,,,Genişletme
ismail tarım kimdir,TFF 1. Lig,Futbol,Lig,1. Seviye,Ana Liste,Erkek,Kulüp,Takım Sporu,Türkiye,Yerli,Türk Takımı Var,TV+ Yok,Yıllık,Sürekli Lig,Oyuncu Bilgi,Bilgi,Oyuncu,Jenerik,Türkçe,Body,Oyuncu Bilgi,bodrum fk,i̇smail tarım,hayır,,,,Genişletme
ismail tarım hangi takımda,TFF 1. Lig,Futbol,Lig,1. Seviye,Ana Liste,Erkek,Kulüp,Takım Sporu,Türkiye,Yerli,Türk Takımı Var,TV+ Yok,Yıllık,Sürekli Lig,Oyuncu Bilgi,Bilgi,Oyuncu,Jenerik,Türkçe,Body,Oyuncu Bilgi,bodrum fk,i̇smail tarım,hayır,,,,Genişletme
ismail tarım istatistik,TFF 1. Lig,Futbol,Lig,1. Seviye,Ana Liste,Erkek,Kulüp,Takım Sporu,Türkiye,Yerli,Türk Takımı Var,TV+ Yok,Yıllık,Sürekli Lig,İstatistik,Bilgi,Oyuncu,Jenerik,Türkçe,Body,İstatistik,bodrum fk,i̇smail tarım,hayır,,,,Genişletme
ibrahim sürgülü,TFF 1. Lig,Futbol,Lig,1. Seviye,Ana Liste,Erkek,Kulüp,Takım Sporu,Türkiye,Yerli,Türk Takımı Var,TV+ Yok,Yıllık,Sürekli Lig,Oyuncu Jenerik,Bilgi,Oyuncu,Jenerik,Türkçe,Head,Oyuncu Jenerik,şanlıurfaspor,i̇brahim sürgülü,hayır,,,,Genişletme
ibrahim sürgülü kimdir,TFF 1. Lig,Futbol,Lig,1. Seviye,Ana Liste,Erkek,Kulüp,Takım Sporu,Türkiye,Yerli,Türk Takımı Var,TV+ Yok,Yıllık,Sürekli Lig,Oyuncu Bilgi,Bilgi,Oyuncu,Jenerik,Türkçe,Body,Oyuncu Bilgi,şanlıurfaspor,i̇brahim sürgülü,hayır,,,,Genişletme
ibrahim sürgülü hangi takımda,TFF 1. Lig,Futbol,Lig,1. Seviye,Ana Liste,Erkek,Kulüp,Takım Sporu,Türkiye,Yerli,Türk Takımı Var,TV+ Yok,Yıllık,Sürekli Lig,Oyuncu Bilgi,Bilgi,Oyuncu,Jenerik,Türkçe,Body,Oyuncu Bilgi,şanlıurfaspor,i̇brahim sürgülü,hayır,,,,Genişletme
ibrahim sürgülü istatistik,TFF 1. Lig,Futbol,Lig,1. Seviye,Ana Liste,Erkek,Kulüp,Takım Sporu,Türkiye,Yerli,Türk Takımı Var,TV+ Yok,Yıllık,Sürekli Lig,İstatistik,Bilgi,Oyuncu,Jenerik,Türkçe,Body,İstatistik,şanlıurfaspor,i̇brahim sürgülü,hayır,,,,Genişletme
ilker günaslan,TFF 1. Lig,Futbol,Lig,1. Seviye,Ana Liste,Erkek,Kulüp,Takım Sporu,Türkiye,Yerli,Türk Takımı Var,TV+ Yok,Yıllık,Sürekli Lig,Oyuncu Jenerik,Bilgi,Oyuncu,Jenerik,Türkçe,Head,Oyuncu Jenerik,şanlıurfaspor,i̇lker günaslan,hayır,,,,Genişletme
ilker günaslan kimdir,TFF 1. Lig,Futbol,Lig,1. Seviye,Ana Liste,Erkek,Kulüp,Takım Sporu,Türkiye,Yerli,Türk Takımı Var,TV+ Yok,Yıllık,Sürekli Lig,Oyuncu Bilgi,Bilgi,Oyuncu,Jenerik,Türkçe,Body,Oyuncu Bilgi,şanlıurfaspor,i̇lker günaslan,hayır,,,,Genişletme
ilker günaslan hangi takımda,TFF 1. Lig,Futbol,Lig,1. Seviye,Ana Liste,Erkek,Kulüp,Takım Sporu,Türkiye,Yerli,Türk Takımı Var,TV+ Yok,Yıllık,Sürekli Lig,Oyuncu Bilgi,Bilgi,Oyuncu,Jenerik,Türkçe,Body,Oyuncu Bilgi,şanlıurfaspor,i̇lker günaslan,hayır,,,,Genişletme
ilker günaslan istatistik,TFF 1. Lig,Futbol,Lig,1. Seviye,Ana Liste,Erkek,Kulüp,Takım Sporu,Türkiye,Yerli,Türk Takımı Var,TV+ Yok,Yıllık,Sürekli Lig,İstatistik,Bilgi,Oyuncu,Jenerik,Türkçe,Body,İstatistik,şanlıurfaspor,i̇lker günaslan,hayır,,,,Genişletme
ibrahim burak işık,TFF 1. Lig,Futbol,Lig,1. Seviye,Ana Liste,Erkek,Kulüp,Takım Sporu,Türkiye,Yerli,Türk Takımı Var,TV+ Yok,Yıllık,Sürekli Lig,Oyuncu Jenerik,Bilgi,Oyuncu,Jenerik,Türkçe,Body,Oyuncu Jenerik,şanlıurfaspor,i̇brahim burak işık,hayır,,,,Genişletme
ibrahim burak işık kimdir,TFF 1. Lig,Futbol,Lig,1. Seviye,Ana Liste,Erkek,Kulüp,Takım Sporu,Türkiye,Yerli,Türk Takımı Var,TV+ Yok,Yıllık,Sürekli Lig,Oyuncu Bilgi,Bilgi,Oyuncu,Jenerik,Türkçe,Body,Oyuncu Bilgi,şanlıurfaspor,i̇brahim burak işık,hayır,,,,Genişletme
ibrahim burak işık hangi takımda,TFF 1. Lig,Futbol,Lig,1. Seviye,Ana Liste,Erkek,Kulüp,Takım Sporu,Türkiye,Yerli,Türk Takımı Var,TV+ Yok,Yıllık,Sürekli Lig,Oyuncu Bilgi,Bilgi,Oyuncu,Jenerik,Türkçe,Long-tail,Oyuncu Bilgi,şanlıurfaspor,i̇brahim burak işık,hayır,,,,Genişletme
ibrahim burak işık istatistik,TFF 1. Lig,Futbol,Lig,1. Seviye,Ana Liste,Erkek,Kulüp,Takım Sporu,Türkiye,Yerli,Türk Takımı Var,TV+ Yok,Yıllık,Sürekli Lig,İstatistik,Bilgi,Oyuncu,Jenerik,Türkçe,Body,İstatistik,şanlıurfaspor,i̇brahim burak işık,hayır,,,,Genişletme
semih ismail bakır,TFF 1. Lig,Futbol,Lig,1. Seviye,Ana Liste,Erkek,Kulüp,Takım Sporu,Türkiye,Yerli,Türk Takımı Var,TV+ Yok,Yıllık,Sürekli Lig,Oyuncu Jenerik,Bilgi,Oyuncu,Jenerik,Türkçe,Body,Oyuncu Jenerik,adanaspor,semih i̇smail bakır,hayır,,,,Genişletme
semih ismail bakır kimdir,TFF 1. Lig,Futbol,Lig,1. Seviye,Ana Liste,Erkek,Kulüp,Takım Sporu,Türkiye,Yerli,Türk Takımı Var,TV+ Yok,Yıllık,Sürekli Lig,Oyuncu Bilgi,Bilgi,Oyuncu,Jenerik,Türkçe,Body,Oyuncu Bilgi,adanaspor,semih i̇smail bakır,hayır,,,,Genişletme
semih ismail bakır hangi takımda,TFF 1. Lig,Futbol,Lig,1. Seviye,Ana Liste,Erkek,Kulüp,Takım Sporu,Türkiye,Yerli,Türk Takımı Var,TV+ Yok,Yıllık,Sürekli Lig,Oyuncu Bilgi,Bilgi,Oyuncu,Jenerik,Türkçe,Long-tail,Oyuncu Bilgi,adanaspor,semih i̇smail bakır,hayır,,,,Genişletme
semih ismail bakır istatistik,TFF 1. Lig,Futbol,Lig,1. Seviye,Ana Liste,Erkek,Kulüp,Takım Sporu,Türkiye,Yerli,Türk Takımı Var,TV+ Yok,Yıllık,Sürekli Lig,İstatistik,Bilgi,Oyuncu,Jenerik,Türkçe,Body,İstatistik,adanaspor,semih i̇smail bakır,hayır,,,,Genişletme
azer ipek,TFF 1. Lig,Futbol,Lig,1. Seviye,Ana Liste,Erkek,Kulüp,Takım Sporu,Türkiye,Yerli,Türk Takımı Var,TV+ Yok,Yıllık,Sürekli Lig,Oyuncu Jenerik,Bilgi,Oyuncu,Jenerik,Türkçe,Head,Oyuncu Jenerik,adanaspor,azer i̇pek,hayır,,,,Genişletme
azer ipek kimdir,TFF 1. Lig,Futbol,Lig,1. Seviye,Ana Liste,Erkek,Kulüp,Takım Sporu,Türkiye,Yerli,Türk Takımı Var,TV+ Yok,Yıllık,Sürekli Lig,Oyuncu Bilgi,Bilgi,Oyuncu,Jenerik,Türkçe,Body,Oyuncu Bilgi,adanaspor,azer i̇pek,hayır,,,,Genişletme
azer ipek hangi takımda,TFF 1. Lig,Futbol,Lig,1. Seviye,Ana Liste,Erkek,Kulüp,Takım Sporu,Türkiye,Yerli,Türk Takımı Var,TV+ Yok,Yıllık,Sürekli Lig,Oyuncu Bilgi,Bilgi,Oyuncu,Jenerik,Türkçe,Body,Oyuncu Bilgi,adanaspor,azer i̇pek,hayır,,,,Genişletme
azer ipek istatistik,TFF 1. Lig,Futbol,Lig,1. Seviye,Ana Liste,Erkek,Kulüp,Takım Sporu,Türkiye,Yerli,Türk Takımı Var,TV+ Yok,Yıllık,Sürekli Lig,İstatistik,Bilgi,Oyuncu,Jenerik,Türkçe,Body,İstatistik,adanaspor,azer i̇pek,hayır,,,,Genişletme
mesut incekara,TFF 1. Lig,Futbol,Lig,1. Seviye,Ana Liste,Erkek,Kulüp,Takım Sporu,Türkiye,Yerli,Türk Takımı Var,TV+ Yok,Yıllık,Sürekli Lig,Oyuncu Jenerik,Bilgi,Oyuncu,Jenerik,Türkçe,Head,Oyuncu Jenerik,adanaspor,mesut i̇ncekara,hayır,,,,Genişletme
mesut incekara kimdir,TFF 1. Lig,Futbol,Lig,1. Seviye,Ana Liste,Erkek,Kulüp,Takım Sporu,Türkiye,Yerli,Türk Takımı Var,TV+ Yok,Yıllık,Sürekli Lig,Oyuncu Bilgi,Bilgi,Oyuncu,Jenerik,Türkçe,Body,Oyuncu Bilgi,adanaspor,mesut i̇ncekara,hayır,,,,Genişletme
mesut incekara hangi takımda,TFF 1. Lig,Futbol,Lig,1. Seviye,Ana Liste,Erkek,Kulüp,Takım Sporu,Türkiye,Yerli,Türk Takımı Var,TV+ Yok,Yıllık,Sürekli Lig,Oyuncu Bilgi,Bilgi,Oyuncu,Jenerik,Türkçe,Body,Oyuncu Bilgi,adanaspor,mesut i̇ncekara,hayır,,,,Genişletme
mesut incekara istatistik,TFF 1. Lig,Futbol,Lig,1. Seviye,Ana Liste,Erkek,Kulüp,Takım Sporu,Türkiye,Yerli,Türk Takımı Var,TV+ Yok,Yıllık,Sürekli Lig,İstatistik,Bilgi,Oyuncu,Jenerik,Türkçe,Body,İstatistik,adanaspor,mesut i̇ncekara,hayır,,,,Genişletme
ismail solmaz,TFF 1. Lig,Futbol,Lig,1. Seviye,Ana Liste,Erkek,Kulüp,Takım Sporu,Türkiye,Yerli,Türk Takımı Var,TV+ Yok,Yıllık,Sürekli Lig,Oyuncu Jenerik,Bilgi,Oyuncu,Jenerik,Türkçe,Head,Oyuncu Jenerik,adanaspor,i̇smail solmaz,hayır,,,,Genişletme
ismail solmaz kimdir,TFF 1. Lig,Futbol,Lig,1. Seviye,Ana Liste,Erkek,Kulüp,Takım Sporu,Türkiye,Yerli,Türk Takımı Var,TV+ Yok,Yıllık,Sürekli Lig,Oyuncu Bilgi,Bilgi,Oyuncu,Jenerik,Türkçe,Body,Oyuncu Bilgi,adanaspor,i̇smail solmaz,hayır,,,,Genişletme
ismail solmaz hangi takımda,TFF 1. Lig,Futbol,Lig,1. Seviye,Ana Liste,Erkek,Kulüp,Takım Sporu,Türkiye,Yerli,Türk Takımı Var,TV+ Yok,Yıllık,Sürekli Lig,Oyuncu Bilgi,Bilgi,Oyuncu,Jenerik,Türkçe,Body,Oyuncu Bilgi,adanaspor,i̇smail solmaz,hayır,,,,Genişletme
ismail solmaz istatistik,TFF 1. Lig,Futbol,Lig,1. Seviye,Ana Liste,Erkek,Kulüp,Takım Sporu,Türkiye,Yerli,Türk Takımı Var,TV+ Yok,Yıllık,Sürekli Lig,İstatistik,Bilgi,Oyuncu,Jenerik,Türkçe,Body,İstatistik,adanaspor,i̇smail solmaz,hayır,,,,Genişletme
isak vural,Serie A,Futbol,Lig,1. Seviye,Ana Liste,Erkek,Kulüp,Takım Sporu,İtalya,Yabancı,Yok,TV+ Var,Yıllık,Sürekli Lig,Oyuncu Jenerik,Bilgi,Oyuncu,Jenerik,Türkçe,Head,Oyuncu Jenerik,pisa,i̇sak vural,hayır,,,,Genişletme
isak vural kimdir,Serie A,Futbol,Lig,1. Seviye,Ana Liste,Erkek,Kulüp,Takım Sporu,İtalya,Yabancı,Yok,TV+ Var,Yıllık,Sürekli Lig,Oyuncu Bilgi,Bilgi,Oyuncu,Jenerik,Türkçe,Body,Oyuncu Bilgi,pisa,i̇sak vural,hayır,,,,Genişletme
isak vural hangi takımda,Serie A,Futbol,Lig,1. Seviye,Ana Liste,Erkek,Kulüp,Takım Sporu,İtalya,Yabancı,Yok,TV+ Var,Yıllık,Sürekli Lig,Oyuncu Bilgi,Bilgi,Oyuncu,Jenerik,Türkçe,Body,Oyuncu Bilgi,pisa,i̇sak vural,hayır,,,,Genişletme
isak vural istatistik,Serie A,Futbol,Lig,1. Seviye,Ana Liste,Erkek,Kulüp,Takım Sporu,İtalya,Yabancı,Yok,TV+ Var,Yıllık,Sürekli Lig,İstatistik,Bilgi,Oyuncu,Jenerik,Türkçe,Body,İstatistik,pisa,i̇sak vural,hayır,,,,Genişletme
ilbey inanç çekiç,Diğer Avrupa Ligleri,Futbol,Lig,1. Seviye,Ana Liste,Erkek,Kulüp,Takım Sporu,Türkiye,Yerli,Türk Takımı Var,Doğrulanacak,Yıllık,Sürekli Lig,Oyuncu Jenerik,Bilgi,Oyuncu,Jenerik,Türkçe,Body,Oyuncu Jenerik,tokat belediye plevne,i̇lbey i̇nanç çekiç,hayır,,,,Genişletme
ilbey inanç çekiç kimdir,Diğer Avrupa Ligleri,Futbol,Lig,1. Seviye,Ana Liste,Erkek,Kulüp,Takım Sporu,Türkiye,Yerli,Türk Takımı Var,Doğrulanacak,Yıllık,Sürekli Lig,Oyuncu Bilgi,Bilgi,Oyuncu,Jenerik,Türkçe,Body,Oyuncu Bilgi,tokat belediye plevne,i̇lbey i̇nanç çekiç,hayır,,,,Genişletme
ilbey inanç çekiç hangi takımda,Diğer Avrupa Ligleri,Futbol,Lig,1. Seviye,Ana Liste,Erkek,Kulüp,Takım Sporu,Türkiye,Yerli,Türk Takımı Var,Doğrulanacak,Yıllık,Sürekli Lig,Oyuncu Bilgi,Bilgi,Oyuncu,Jenerik,Türkçe,Long-tail,Oyuncu Bilgi,tokat belediye plevne,i̇lbey i̇nanç çekiç,hayır,,,,Genişletme
ilbey inanç çekiç istatistik,Diğer Avrupa Ligleri,Futbol,Lig,1. Seviye,Ana Liste,Erkek,Kulüp,Takım Sporu,Türkiye,Yerli,Türk Takımı Var,Doğrulanacak,Yıllık,Sürekli Lig,İstatistik,Bilgi,Oyuncu,Jenerik,Türkçe,Body,İstatistik,tokat belediye plevne,i̇lbey i̇nanç çekiç,hayır,,,,Genişletme
ibrahim alan,Diğer Avrupa Ligleri,Futbol,Lig,1. Seviye,Ana Liste,Erkek,Kulüp,Takım Sporu,Türkiye,Yerli,Türk Takımı Var,Doğrulanacak,Yıllık,Sürekli Lig,Oyuncu Jenerik,Bilgi,Oyuncu,Jenerik,Türkçe,Head,Oyuncu Jenerik,tokat belediye plevne,i̇brahim alan,hayır,,,,Genişletme
ibrahim alan kimdir,Diğer Avrupa Ligleri,Futbol,Lig,1. Seviye,Ana Liste,Erkek,Kulüp,Takım Sporu,Türkiye,Yerli,Türk Takımı Var,Doğrulanacak,Yıllık,Sürekli Lig,Oyuncu Bilgi,Bilgi,Oyuncu,Jenerik,Türkçe,Body,Oyuncu Bilgi,tokat belediye plevne,i̇brahim alan,hayır,,,,Genişletme
ibrahim alan hangi takımda,Diğer Avrupa Ligleri,Futbol,Lig,1. Seviye,Ana Liste,Erkek,Kulüp,Takım Sporu,Türkiye,Yerli,Türk Takımı Var,Doğrulanacak,Yıllık,Sürekli Lig,Oyuncu Bilgi,Bilgi,Oyuncu,Jenerik,Türkçe,Body,Oyuncu Bilgi,tokat belediye plevne,i̇brahim alan,hayır,,,,Genişletme
ibrahim alan istatistik,Diğer Avrupa Ligleri,Futbol,Lig,1. Seviye,Ana Liste,Erkek,Kulüp,Takım Sporu,Türkiye,Yerli,Türk Takımı Var,Doğrulanacak,Yıllık,Sürekli Lig,İstatistik,Bilgi,Oyuncu,Jenerik,Türkçe,Body,İstatistik,tokat belediye plevne,i̇brahim alan,hayır,,,,Genişletme
nigel williams-goss,EuroLeague,Basketbol,Lig,1. Seviye,Ana Liste,Erkek,Kulüp,Takım Sporu,Yurt Dışı,Yabancı,Yok,Doğrulanacak,Yıllık,Sürekli Lig,Oyuncu Jenerik,Bilgi,Oyuncu,Jenerik,İngilizce,Head,Oyuncu Jenerik,Žalgiris Kaunas,nigel williams-goss,,,,,Genişletme
nigel williams-goss kimdir,EuroLeague,Basketbol,Lig,1. Seviye,Ana Liste,Erkek,Kulüp,Takım Sporu,Yurt Dışı,Yabancı,Yok,Doğrulanacak,Yıllık,Sürekli Lig,Oyuncu Bilgi,Bilgi,Oyuncu,Jenerik,İngilizce,Body,Oyuncu Bilgi,Žalgiris Kaunas,nigel williams-goss,,,,,Genişletme
nigel williams-goss hangi takımda,EuroLeague,Basketbol,Lig,1. Seviye,Ana Liste,Erkek,Kulüp,Takım Sporu,Yurt Dışı,Yabancı,Yok,Doğrulanacak,Yıllık,Sürekli Lig,Oyuncu Bilgi,Bilgi,Oyuncu,Jenerik,Türkçe,Body,Oyuncu Bilgi,Žalgiris Kaunas,nigel williams-goss,,,,,Genişletme
nigel williams-goss istatistik,EuroLeague,Basketbol,Lig,1. Seviye,Ana Liste,Erkek,Kulüp,Takım Sporu,Yurt Dışı,Yabancı,Yok,Doğrulanacak,Yıllık,Sürekli Lig,İstatistik,Bilgi,Oyuncu,Jenerik,İngilizce,Body,İstatistik,Žalgiris Kaunas,nigel williams-goss,,,,,Genişletme
kaodirichi akobundu-ehiogu,EuroLeague,Basketbol,Lig,1. Seviye,Ana Liste,Erkek,Kulüp,Takım Sporu,Yurt Dışı,Yabancı,Yok,Doğrulanacak,Yıllık,Sürekli Lig,Oyuncu Jenerik,Bilgi,Oyuncu,Jenerik,İngilizce,Head,Oyuncu Jenerik,Žalgiris Kaunas,kaodirichi akobundu-ehiogu,,,,,Genişletme
kaodirichi akobundu-ehiogu kimdir,EuroLeague,Basketbol,Lig,1. Seviye,Ana Liste,Erkek,Kulüp,Takım Sporu,Yurt Dışı,Yabancı,Yok,Doğrulanacak,Yıllık,Sürekli Lig,Oyuncu Bilgi,Bilgi,Oyuncu,Jenerik,İngilizce,Body,Oyuncu Bilgi,Žalgiris Kaunas,kaodirichi akobundu-ehiogu,,,,,Genişletme
kaodirichi akobundu-ehiogu hangi takımda,EuroLeague,Basketbol,Lig,1. Seviye,Ana Liste,Erkek,Kulüp,Takım Sporu,Yurt Dışı,Yabancı,Yok,Doğrulanacak,Yıllık,Sürekli Lig,Oyuncu Bilgi,Bilgi,Oyuncu,Jenerik,Türkçe,Body,Oyuncu Bilgi,Žalgiris Kaunas,kaodirichi akobundu-ehiogu,,,,,Genişletme
kaodirichi akobundu-ehiogu istatistik,EuroLeague,Basketbol,Lig,1. Seviye,Ana Liste,Erkek,Kulüp,Takım Sporu,Yurt Dışı,Yabancı,Yok,Doğrulanacak,Yıllık,Sürekli Lig,İstatistik,Bilgi,Oyuncu,Jenerik,İngilizce,Body,İstatistik,Žalgiris Kaunas,kaodirichi akobundu-ehiogu,,,,,Genişletme
dovydas giedraitis,EuroLeague,Basketbol,Lig,1. Seviye,Ana Liste,Erkek,Kulüp,Takım Sporu,Yurt Dışı,Yabancı,Yok,Doğrulanacak,Yıllık,Sürekli Lig,Oyuncu Jenerik,Bilgi,Oyuncu,Jenerik,İngilizce,Head,Oyuncu Jenerik,Žalgiris Kaunas,dovydas giedraitis,,,,,Genişletme
dovydas giedraitis kimdir,EuroLeague,Basketbol,Lig,1. Seviye,Ana Liste,Erkek,Kulüp,Takım Sporu,Yurt Dışı,Yabancı,Yok,Doğrulanacak,Yıllık,Sürekli Lig,Oyuncu Bilgi,Bilgi,Oyuncu,Jenerik,İngilizce,Body,Oyuncu Bilgi,Žalgiris Kaunas,dovydas giedraitis,,,,,Genişletme
dovydas giedraitis hangi takımda,EuroLeague,Basketbol,Lig,1. Seviye,Ana Liste,Erkek,Kulüp,Takım Sporu,Yurt Dışı,Yabancı,Yok,Doğrulanacak,Yıllık,Sürekli Lig,Oyuncu Bilgi,Bilgi,Oyuncu,Jenerik,Türkçe,Body,Oyuncu Bilgi,Žalgiris Kaunas,dovydas giedraitis,,,,,Genişletme
dovydas giedraitis istatistik,EuroLeague,Basketbol,Lig,1. Seviye,Ana Liste,Erkek,Kulüp,Takım Sporu,Yurt Dışı,Yabancı,Yok,Doğrulanacak,Yıllık,Sürekli Lig,İstatistik,Bilgi,Oyuncu,Jenerik,İngilizce,Body,İstatistik,Žalgiris Kaunas,dovydas giedraitis,,,,,Genişletme
azuolas tubelis,EuroLeague,Basketbol,Lig,1. Seviye,Ana Liste,Erkek,Kulüp,Takım Sporu,Yurt Dışı,Yabancı,Yok,Doğrulanacak,Yıllık,Sürekli Lig,Oyuncu Jenerik,Bilgi,Oyuncu,Jenerik,İngilizce,Head,Oyuncu Jenerik,Žalgiris Kaunas,azuolas tubelis,,,,,Genişletme
azuolas tubelis kimdir,EuroLeague,Basketbol,Lig,1. Seviye,Ana Liste,Erkek,Kulüp,Takım Sporu,Yurt Dışı,Yabancı,Yok,Doğrulanacak,Yıllık,Sürekli Lig,Oyuncu Bilgi,Bilgi,Oyuncu,Jenerik,İngilizce,Body,Oyuncu Bilgi,Žalgiris Kaunas,azuolas tubelis,,,,,Genişletme
azuolas tubelis hangi takımda,EuroLeague,Basketbol,Lig,1. Seviye,Ana Liste,Erkek,Kulüp,Takım Sporu,Yurt Dışı,Yabancı,Yok,Doğrulanacak,Yıllık,Sürekli Lig,Oyuncu Bilgi,Bilgi,Oyuncu,Jenerik,Türkçe,Body,Oyuncu Bilgi,Žalgiris Kaunas,azuolas tubelis,,,,,Genişletme
azuolas tubelis istatistik,EuroLeague,Basketbol,Lig,1. Seviye,Ana Liste,Erkek,Kulüp,Takım Sporu,Yurt Dışı,Yabancı,Yok,Doğrulanacak,Yıllık,Sürekli Lig,İstatistik,Bilgi,Oyuncu,Jenerik,İngilizce,Body,İstatistik,Žalgiris Kaunas,azuolas tubelis,,,,,Genişletme
maodo lo,EuroLeague,Basketbol,Lig,1. Seviye,Ana Liste,Erkek,Kulüp,Takım Sporu,Yurt Dışı,Yabancı,Yok,Doğrulanacak,Yıllık,Sürekli Lig,Oyuncu Jenerik,Bilgi,Oyuncu,Jenerik,İngilizce,Head,Oyuncu Jenerik,Žalgiris Kaunas,maodo lo,,,,,Genişletme
maodo lo kimdir,EuroLeague,Basketbol,Lig,1. Seviye,Ana Liste,Erkek,Kulüp,Takım Sporu,Yurt Dışı,Yabancı,Yok,Doğrulanacak,Yıllık,Sürekli Lig,Oyuncu Bilgi,Bilgi,Oyuncu,Jenerik,İngilizce,Body,Oyuncu Bilgi,Žalgiris Kaunas,maodo lo,,,,,Genişletme
maodo lo hangi takımda,EuroLeague,Basketbol,Lig,1. Seviye,Ana Liste,Erkek,Kulüp,Takım Sporu,Yurt Dışı,Yabancı,Yok,Doğrulanacak,Yıllık,Sürekli Lig,Oyuncu Bilgi,Bilgi,Oyuncu,Jenerik,Türkçe,Body,Oyuncu Bilgi,Žalgiris Kaunas,maodo lo,,,,,Genişletme
maodo lo istatistik,EuroLeague,Basketbol,Lig,1. Seviye,Ana Liste,Erkek,Kulüp,Takım Sporu,Yurt Dışı,Yabancı,Yok,Doğrulanacak,Yıllık,Sürekli Lig,İstatistik,Bilgi,Oyuncu,Jenerik,İngilizce,Body,İstatistik,Žalgiris Kaunas,maodo lo,,,,,Genişletme
dustin sleva,EuroLeague,Basketbol,Lig,1. Seviye,Ana Liste,Erkek,Kulüp,Takım Sporu,Yurt Dışı,Yabancı,Yok,Doğrulanacak,Yıllık,Sürekli Lig,Oyuncu Jenerik,Bilgi,Oyuncu,Jenerik,İngilizce,Head,Oyuncu Jenerik,Žalgiris Kaunas,dustin sleva,,,,,Genişletme
dustin sleva kimdir,EuroLeague,Basketbol,Lig,1. Seviye,Ana Liste,Erkek,Kulüp,Takım Sporu,Yurt Dışı,Yabancı,Yok,Doğrulanacak,Yıllık,Sürekli Lig,Oyuncu Bilgi,Bilgi,Oyuncu,Jenerik,İngilizce,Body,Oyuncu Bilgi,Žalgiris Kaunas,dustin sleva,,,,,Genişletme
dustin sleva hangi takımda,EuroLeague,Basketbol,Lig,1. Seviye,Ana Liste,Erkek,Kulüp,Takım Sporu,Yurt Dışı,Yabancı,Yok,Doğrulanacak,Yıllık,Sürekli Lig,Oyuncu Bilgi,Bilgi,Oyuncu,Jenerik,Türkçe,Body,Oyuncu Bilgi,Žalgiris Kaunas,dustin sleva,,,,,Genişletme
dustin sleva istatistik,EuroLeague,Basketbol,Lig,1. Seviye,Ana Liste,Erkek,Kulüp,Takım Sporu,Yurt Dışı,Yabancı,Yok,Doğrulanacak,Yıllık,Sürekli Lig,İstatistik,Bilgi,Oyuncu,Jenerik,İngilizce,Body,İstatistik,Žalgiris Kaunas,dustin sleva,,,,,Genişletme
marek blazevic,EuroLeague,Basketbol,Lig,1. Seviye,Ana Liste,Erkek,Kulüp,Takım Sporu,Yurt Dışı,Yabancı,Yok,Doğrulanacak,Yıllık,Sürekli Lig,Oyuncu Jenerik,Bilgi,Oyuncu,Jenerik,İngilizce,Head,Oyuncu Jenerik,Žalgiris Kaunas,marek blazevic,,,,,Genişletme
marek blazevic kimdir,EuroLeague,Basketbol,Lig,1. Seviye,Ana Liste,Erkek,Kulüp,Takım Sporu,Yurt Dışı,Yabancı,Yok,Doğrulanacak,Yıllık,Sürekli Lig,Oyuncu Bilgi,Bilgi,Oyuncu,Jenerik,İngilizce,Body,Oyuncu Bilgi,Žalgiris Kaunas,marek blazevic,,,,,Genişletme
marek blazevic hangi takımda,EuroLeague,Basketbol,Lig,1. Seviye,Ana Liste,Erkek,Kulüp,Takım Sporu,Yurt Dışı,Yabancı,Yok,Doğrulanacak,Yıllık,Sürekli Lig,Oyuncu Bilgi,Bilgi,Oyuncu,Jenerik,Türkçe,Body,Oyuncu Bilgi,Žalgiris Kaunas,marek blazevic,,,,,Genişletme
marek blazevic istatistik,EuroLeague,Basketbol,Lig,1. Seviye,Ana Liste,Erkek,Kulüp,Takım Sporu,Yurt Dışı,Yabancı,Yok,Doğrulanacak,Yıllık,Sürekli Lig,İstatistik,Bilgi,Oyuncu,Jenerik,İngilizce,Body,İstatistik,Žalgiris Kaunas,marek blazevic,,,,,Genişletme
marius grigonis,EuroLeague,Basketbol,Lig,1. Seviye,Ana Liste,Erkek,Kulüp,Takım Sporu,Yurt Dışı,Yabancı,Yok,Doğrulanacak,Yıllık,Sürekli Lig,Oyuncu Jenerik,Bilgi,Oyuncu,Jenerik,İngilizce,Head,Oyuncu Jenerik,Žalgiris Kaunas,marius grigonis,,,,,Genişletme
marius grigonis kimdir,EuroLeague,Basketbol,Lig,1. Seviye,Ana Liste,Erkek,Kulüp,Takım Sporu,Yurt Dışı,Yabancı,Yok,Doğrulanacak,Yıllık,Sürekli Lig,Oyuncu Bilgi,Bilgi,Oyuncu,Jenerik,İngilizce,Body,Oyuncu Bilgi,Žalgiris Kaunas,marius grigonis,,,,,Genişletme
marius grigonis hangi takımda,EuroLeague,Basketbol,Lig,1. Seviye,Ana Liste,Erkek,Kulüp,Takım Sporu,Yurt Dışı,Yabancı,Yok,Doğrulanacak,Yıllık,Sürekli Lig,Oyuncu Bilgi,Bilgi,Oyuncu,Jenerik,Türkçe,Body,Oyuncu Bilgi,Žalgiris Kaunas,marius grigonis,,,,,Genişletme
marius grigonis istatistik,EuroLeague,Basketbol,Lig,1. Seviye,Ana Liste,Erkek,Kulüp,Takım Sporu,Yurt Dışı,Yabancı,Yok,Doğrulanacak,Yıllık,Sürekli Lig,İstatistik,Bilgi,Oyuncu,Jenerik,İngilizce,Body,İstatistik,Žalgiris Kaunas,marius grigonis,,,,,Genişletme
i̇dil gür,Sultanlar Ligi,Voleybol,Lig,1. Seviye,Ana Liste,Kadın,Kulüp,Takım Sporu,Türkiye,Yerli,Türk Takımı Var,Doğrulanacak,Yıllık,Sürekli Lig,Oyuncu Jenerik,Bilgi,Oyuncu,Jenerik,Türkçe,Head,Oyuncu Jenerik,Aydın Büyükşehir Belediyespor,i̇dil gür,,,,,Genişletme
i̇dil gür kimdir,Sultanlar Ligi,Voleybol,Lig,1. Seviye,Ana Liste,Kadın,Kulüp,Takım Sporu,Türkiye,Yerli,Türk Takımı Var,Doğrulanacak,Yıllık,Sürekli Lig,Oyuncu Bilgi,Bilgi,Oyuncu,Jenerik,Türkçe,Body,Oyuncu Bilgi,Aydın Büyükşehir Belediyespor,i̇dil gür,,,,,Genişletme
i̇dil gür hangi takımda,Sultanlar Ligi,Voleybol,Lig,1. Seviye,Ana Liste,Kadın,Kulüp,Takım Sporu,Türkiye,Yerli,Türk Takımı Var,Doğrulanacak,Yıllık,Sürekli Lig,Oyuncu Bilgi,Bilgi,Oyuncu,Jenerik,Türkçe,Body,Oyuncu Bilgi,Aydın Büyükşehir Belediyespor,i̇dil gür,,,,,Genişletme
i̇dil gür istatistik,Sultanlar Ligi,Voleybol,Lig,1. Seviye,Ana Liste,Kadın,Kulüp,Takım Sporu,Türkiye,Yerli,Türk Takımı Var,Doğrulanacak,Yıllık,Sürekli Lig,İstatistik,Bilgi,Oyuncu,Jenerik,Türkçe,Body,İstatistik,Aydın Büyükşehir Belediyespor,i̇dil gür,,,,,Genişletme
i̇larya zararsız,Sultanlar Ligi,Voleybol,Lig,1. Seviye,Ana Liste,Kadın,Kulüp,Takım Sporu,Türkiye,Yerli,Türk Takımı Var,Doğrulanacak,Yıllık,Sürekli Lig,Oyuncu Jenerik,Bilgi,Oyuncu,Jenerik,Türkçe,Head,Oyuncu Jenerik,Aydın Büyükşehir Belediyespor,i̇larya zararsız,,,,,Genişletme
i̇larya zararsız kimdir,Sultanlar Ligi,Voleybol,Lig,1. Seviye,Ana Liste,Kadın,Kulüp,Takım Sporu,Türkiye,Yerli,Türk Takımı Var,Doğrulanacak,Yıllık,Sürekli Lig,Oyuncu Bilgi,Bilgi,Oyuncu,Jenerik,Türkçe,Body,Oyuncu Bilgi,Aydın Büyükşehir Belediyespor,i̇larya zararsız,,,,,Genişletme
i̇larya zararsız hangi takımda,Sultanlar Ligi,Voleybol,Lig,1. Seviye,Ana Liste,Kadın,Kulüp,Takım Sporu,Türkiye,Yerli,Türk Takımı Var,Doğrulanacak,Yıllık,Sürekli Lig,Oyuncu Bilgi,Bilgi,Oyuncu,Jenerik,Türkçe,Body,Oyuncu Bilgi,Aydın Büyükşehir Belediyespor,i̇larya zararsız,,,,,Genişletme
i̇larya zararsız istatistik,Sultanlar Ligi,Voleybol,Lig,1. Seviye,Ana Liste,Kadın,Kulüp,Takım Sporu,Türkiye,Yerli,Türk Takımı Var,Doğrulanacak,Yıllık,Sürekli Lig,İstatistik,Bilgi,Oyuncu,Jenerik,Türkçe,Body,İstatistik,Aydın Büyükşehir Belediyespor,i̇larya zararsız,,,,,Genişletme
halil i̇brahim yücel,Efeler Ligi,Voleybol,Lig,1. Seviye,Ana Liste,Erkek,Kulüp,Takım Sporu,Türkiye,Yerli,Türk Takımı Var,Doğrulanacak,Yıllık,Sürekli Lig,Oyuncu Jenerik,Bilgi,Oyuncu,Jenerik,Türkçe,Body,Oyuncu Jenerik,Cizre Belediyespor,halil i̇brahim yücel,,,,,Genişletme
halil i̇brahim yücel kimdir,Efeler Ligi,Voleybol,Lig,1. Seviye,Ana Liste,Erkek,Kulüp,Takım Sporu,Türkiye,Yerli,Türk Takımı Var,Doğrulanacak,Yıllık,Sürekli Lig,Oyuncu Bilgi,Bilgi,Oyuncu,Jenerik,Türkçe,Body,Oyuncu Bilgi,Cizre Belediyespor,halil i̇brahim yücel,,,,,Genişletme
halil i̇brahim yücel hangi takımda,Efeler Ligi,Voleybol,Lig,1. Seviye,Ana Liste,Erkek,Kulüp,Takım Sporu,Türkiye,Yerli,Türk Takımı Var,Doğrulanacak,Yıllık,Sürekli Lig,Oyuncu Bilgi,Bilgi,Oyuncu,Jenerik,Türkçe,Long-tail,Oyuncu Bilgi,Cizre Belediyespor,halil i̇brahim yücel,,,,,Genişletme
halil i̇brahim yücel istatistik,Efeler Ligi,Voleybol,Lig,1. Seviye,Ana Liste,Erkek,Kulüp,Takım Sporu,Türkiye,Yerli,Türk Takımı Var,Doğrulanacak,Yıllık,Sürekli Lig,İstatistik,Bilgi,Oyuncu,Jenerik,Türkçe,Body,İstatistik,Cizre Belediyespor,halil i̇brahim yücel,,,,,Genişletme
halil i̇brahim kurt,Efeler Ligi,Voleybol,Lig,1. Seviye,Ana Liste,Erkek,Kulüp,Takım Sporu,Türkiye,Yerli,Türk Takımı Var,Doğrulanacak,Yıllık,Sürekli Lig,Oyuncu Jenerik,Bilgi,Oyuncu,Jenerik,Türkçe,Body,Oyuncu Jenerik,Cizre Belediyespor,halil i̇brahim kurt,,,,,Genişletme
halil i̇brahim kurt kimdir,Efeler Ligi,Voleybol,Lig,1. Seviye,Ana Liste,Erkek,Kulüp,Takım Sporu,Türkiye,Yerli,Türk Takımı Var,Doğrulanacak,Yıllık,Sürekli Lig,Oyuncu Bilgi,Bilgi,Oyuncu,Jenerik,Türkçe,Body,Oyuncu Bilgi,Cizre Belediyespor,halil i̇brahim kurt,,,,,Genişletme
halil i̇brahim kurt hangi takımda,Efeler Ligi,Voleybol,Lig,1. Seviye,Ana Liste,Erkek,Kulüp,Takım Sporu,Türkiye,Yerli,Türk Takımı Var,Doğrulanacak,Yıllık,Sürekli Lig,Oyuncu Bilgi,Bilgi,Oyuncu,Jenerik,Türkçe,Long-tail,Oyuncu Bilgi,Cizre Belediyespor,halil i̇brahim kurt,,,,,Genişletme
halil i̇brahim kurt istatistik,Efeler Ligi,Voleybol,Lig,1. Seviye,Ana Liste,Erkek,Kulüp,Takım Sporu,Türkiye,Yerli,Türk Takımı Var,Doğrulanacak,Yıllık,Sürekli Lig,İstatistik,Bilgi,Oyuncu,Jenerik,Türkçe,Body,İstatistik,Cizre Belediyespor,halil i̇brahim kurt,,,,,Genişletme
kaan i̇ncekara,Sultanlar Ligi,Voleybol,Lig,1. Seviye,Ana Liste,Kadın,Kulüp,Takım Sporu,Türkiye,Yerli,Türk Takımı Var,Doğrulanacak,Yıllık,Sürekli Lig,Oyuncu Jenerik,Bilgi,Oyuncu,Jenerik,Türkçe,Head,Oyuncu Jenerik,Eczacıbaşı S.K. (women's volleyball),kaan i̇ncekara,,,,,Genişletme
kaan i̇ncekara kimdir,Sultanlar Ligi,Voleybol,Lig,1. Seviye,Ana Liste,Kadın,Kulüp,Takım Sporu,Türkiye,Yerli,Türk Takımı Var,Doğrulanacak,Yıllık,Sürekli Lig,Oyuncu Bilgi,Bilgi,Oyuncu,Jenerik,Türkçe,Body,Oyuncu Bilgi,Eczacıbaşı S.K. (women's volleyball),kaan i̇ncekara,,,,,Genişletme
kaan i̇ncekara hangi takımda,Sultanlar Ligi,Voleybol,Lig,1. Seviye,Ana Liste,Kadın,Kulüp,Takım Sporu,Türkiye,Yerli,Türk Takımı Var,Doğrulanacak,Yıllık,Sürekli Lig,Oyuncu Bilgi,Bilgi,Oyuncu,Jenerik,Türkçe,Body,Oyuncu Bilgi,Eczacıbaşı S.K. (women's volleyball),kaan i̇ncekara,,,,,Genişletme
kaan i̇ncekara istatistik,Sultanlar Ligi,Voleybol,Lig,1. Seviye,Ana Liste,Kadın,Kulüp,Takım Sporu,Türkiye,Yerli,Türk Takımı Var,Doğrulanacak,Yıllık,Sürekli Lig,İstatistik,Bilgi,Oyuncu,Jenerik,Türkçe,Body,İstatistik,Eczacıbaşı S.K. (women's volleyball),kaan i̇ncekara,,,,,Genişletme
tuğba şenoğlu i̇vegin,Sultanlar Ligi,Voleybol,Lig,1. Seviye,Ana Liste,Kadın,Kulüp,Takım Sporu,Türkiye,Yerli,Türk Takımı Var,Doğrulanacak,Yıllık,Sürekli Lig,Oyuncu Jenerik,Bilgi,Oyuncu,Jenerik,Türkçe,Body,Oyuncu Jenerik,Kuzeyboru S.K.,tuğba şenoğlu i̇vegin,,,,,Genişletme
tuğba şenoğlu i̇vegin kimdir,Sultanlar Ligi,Voleybol,Lig,1. Seviye,Ana Liste,Kadın,Kulüp,Takım Sporu,Türkiye,Yerli,Türk Takımı Var,Doğrulanacak,Yıllık,Sürekli Lig,Oyuncu Bilgi,Bilgi,Oyuncu,Jenerik,Türkçe,Body,Oyuncu Bilgi,Kuzeyboru S.K.,tuğba şenoğlu i̇vegin,,,,,Genişletme
tuğba şenoğlu i̇vegin hangi takımda,Sultanlar Ligi,Voleybol,Lig,1. Seviye,Ana Liste,Kadın,Kulüp,Takım Sporu,Türkiye,Yerli,Türk Takımı Var,Doğrulanacak,Yıllık,Sürekli Lig,Oyuncu Bilgi,Bilgi,Oyuncu,Jenerik,Türkçe,Long-tail,Oyuncu Bilgi,Kuzeyboru S.K.,tuğba şenoğlu i̇vegin,,,,,Genişletme
tuğba şenoğlu i̇vegin istatistik,Sultanlar Ligi,Voleybol,Lig,1. Seviye,Ana Liste,Kadın,Kulüp,Takım Sporu,Türkiye,Yerli,Türk Takımı Var,Doğrulanacak,Yıllık,Sürekli Lig,İstatistik,Bilgi,Oyuncu,Jenerik,Türkçe,Body,İstatistik,Kuzeyboru S.K.,tuğba şenoğlu i̇vegin,,,,,Genişletme
merve i̇zbilir,Sultanlar Ligi,Voleybol,Lig,1. Seviye,Ana Liste,Kadın,Kulüp,Takım Sporu,Türkiye,Yerli,Türk Takımı Var,Doğrulanacak,Yıllık,Sürekli Lig,Oyuncu Jenerik,Bilgi,Oyuncu,Jenerik,Türkçe,Head,Oyuncu Jenerik,Nilüfer Belediyespor,merve i̇zbilir,,,,,Genişletme
merve i̇zbilir kimdir,Sultanlar Ligi,Voleybol,Lig,1. Seviye,Ana Liste,Kadın,Kulüp,Takım Sporu,Türkiye,Yerli,Türk Takımı Var,Doğrulanacak,Yıllık,Sürekli Lig,Oyuncu Bilgi,Bilgi,Oyuncu,Jenerik,Türkçe,Body,Oyuncu Bilgi,Nilüfer Belediyespor,merve i̇zbilir,,,,,Genişletme
merve i̇zbilir hangi takımda,Sultanlar Ligi,Voleybol,Lig,1. Seviye,Ana Liste,Kadın,Kulüp,Takım Sporu,Türkiye,Yerli,Türk Takımı Var,Doğrulanacak,Yıllık,Sürekli Lig,Oyuncu Bilgi,Bilgi,Oyuncu,Jenerik,Türkçe,Body,Oyuncu Bilgi,Nilüfer Belediyespor,merve i̇zbilir,,,,,Genişletme
merve i̇zbilir istatistik,Sultanlar Ligi,Voleybol,Lig,1. Seviye,Ana Liste,Kadın,Kulüp,Takım Sporu,Türkiye,Yerli,Türk Takımı Var,Doğrulanacak,Yıllık,Sürekli Lig,İstatistik,Bilgi,Oyuncu,Jenerik,Türkçe,Body,İstatistik,Nilüfer Belediyespor,merve i̇zbilir,,,,,Genişletme
yuki i̇shikawa,Efeler Ligi,Voleybol,Lig,1. Seviye,Ana Liste,Erkek,Kulüp,Takım Sporu,Türkiye,Yerli,Türk Takımı Var,Doğrulanacak,Yıllık,Sürekli Lig,Oyuncu Jenerik,Bilgi,Oyuncu,Jenerik,Türkçe,Head,Oyuncu Jenerik,Ziraat Bankkart S.K.,yuki i̇shikawa,,,,,Genişletme
yuki i̇shikawa kimdir,Efeler Ligi,Voleybol,Lig,1. Seviye,Ana Liste,Erkek,Kulüp,Takım Sporu,Türkiye,Yerli,Türk Takımı Var,Doğrulanacak,Yıllık,Sürekli Lig,Oyuncu Bilgi,Bilgi,Oyuncu,Jenerik,Türkçe,Body,Oyuncu Bilgi,Ziraat Bankkart S.K.,yuki i̇shikawa,,,,,Genişletme
yuki i̇shikawa hangi takımda,Efeler Ligi,Voleybol,Lig,1. Seviye,Ana Liste,Erkek,Kulüp,Takım Sporu,Türkiye,Yerli,Türk Takımı Var,Doğrulanacak,Yıllık,Sürekli Lig,Oyuncu Bilgi,Bilgi,Oyuncu,Jenerik,Türkçe,Body,Oyuncu Bilgi,Ziraat Bankkart S.K.,yuki i̇shikawa,,,,,Genişletme
yuki i̇shikawa istatistik,Efeler Ligi,Voleybol,Lig,1. Seviye,Ana Liste,Erkek,Kulüp,Takım Sporu,Türkiye,Yerli,Türk Takımı Var,Doğrulanacak,Yıllık,Sürekli Lig,İstatistik,Bilgi,Oyuncu,Jenerik,Türkçe,Body,İstatistik,Ziraat Bankkart S.K.,yuki i̇shikawa,,,,,Genişletme
panagiotis kalaitzakis,EuroLeague,Basketbol,Lig,1. Seviye,Ana Liste,Erkek,Kulüp,Takım Sporu,Yurt Dışı,Yabancı,Yok,Doğrulanacak,Yıllık,Sürekli Lig,Oyuncu Jenerik,Bilgi,Oyuncu,Jenerik,İngilizce,Head,Oyuncu Jenerik,Panathinaikos B.C.,panagiotis kalaitzakis,,,,,Genişletme
panagiotis kalaitzakis kimdir,EuroLeague,Basketbol,Lig,1. Seviye,Ana Liste,Erkek,Kulüp,Takım Sporu,Yurt Dışı,Yabancı,Yok,Doğrulanacak,Yıllık,Sürekli Lig,Oyuncu Bilgi,Bilgi,Oyuncu,Jenerik,İngilizce,Body,Oyuncu Bilgi,Panathinaikos B.C.,panagiotis kalaitzakis,,,,,Genişletme
panagiotis kalaitzakis hangi takımda,EuroLeague,Basketbol,Lig,1. Seviye,Ana Liste,Erkek,Kulüp,Takım Sporu,Yurt Dışı,Yabancı,Yok,Doğrulanacak,Yıllık,Sürekli Lig,Oyuncu Bilgi,Bilgi,Oyuncu,Jenerik,Türkçe,Body,Oyuncu Bilgi,Panathinaikos B.C.,panagiotis kalaitzakis,,,,,Genişletme
panagiotis kalaitzakis istatistik,EuroLeague,Basketbol,Lig,1. Seviye,Ana Liste,Erkek,Kulüp,Takım Sporu,Yurt Dışı,Yabancı,Yok,Doğrulanacak,Yıllık,Sürekli Lig,İstatistik,Bilgi,Oyuncu,Jenerik,İngilizce,Body,İstatistik,Panathinaikos B.C.,panagiotis kalaitzakis,,,,,Genişletme
kostas sloukas,EuroLeague,Basketbol,Lig,1. Seviye,Ana Liste,Erkek,Kulüp,Takım Sporu,Yurt Dışı,Yabancı,Yok,Doğrulanacak,Yıllık,Sürekli Lig,Oyuncu Jenerik,Bilgi,Oyuncu,Jenerik,İngilizce,Head,Oyuncu Jenerik,Panathinaikos B.C.,kostas sloukas,,,,,Genişletme
kostas sloukas kimdir,EuroLeague,Basketbol,Lig,1. Seviye,Ana Liste,Erkek,Kulüp,Takım Sporu,Yurt Dışı,Yabancı,Yok,Doğrulanacak,Yıllık,Sürekli Lig,Oyuncu Bilgi,Bilgi,Oyuncu,Jenerik,İngilizce,Body,Oyuncu Bilgi,Panathinaikos B.C.,kostas sloukas,,,,,Genişletme
kostas sloukas hangi takımda,EuroLeague,Basketbol,Lig,1. Seviye,Ana Liste,Erkek,Kulüp,Takım Sporu,Yurt Dışı,Yabancı,Yok,Doğrulanacak,Yıllık,Sürekli Lig,Oyuncu Bilgi,Bilgi,Oyuncu,Jenerik,Türkçe,Body,Oyuncu Bilgi,Panathinaikos B.C.,kostas sloukas,,,,,Genişletme
kostas sloukas istatistik,EuroLeague,Basketbol,Lig,1. Seviye,Ana Liste,Erkek,Kulüp,Takım Sporu,Yurt Dışı,Yabancı,Yok,Doğrulanacak,Yıllık,Sürekli Lig,İstatistik,Bilgi,Oyuncu,Jenerik,İngilizce,Body,İstatistik,Panathinaikos B.C.,kostas sloukas,,,,,Genişletme
nigel hayes-davis,EuroLeague,Basketbol,Lig,1. Seviye,Ana Liste,Erkek,Kulüp,Takım Sporu,Yurt Dışı,Yabancı,Yok,Doğrulanacak,Yıllık,Sürekli Lig,Oyuncu Jenerik,Bilgi,Oyuncu,Jenerik,İngilizce,Head,Oyuncu Jenerik,Panathinaikos B.C.,nigel hayes-davis,,,,,Genişletme
nigel hayes-davis kimdir,EuroLeague,Basketbol,Lig,1. Seviye,Ana Liste,Erkek,Kulüp,Takım Sporu,Yurt Dışı,Yabancı,Yok,Doğrulanacak,Yıllık,Sürekli Lig,Oyuncu Bilgi,Bilgi,Oyuncu,Jenerik,İngilizce,Body,Oyuncu Bilgi,Panathinaikos B.C.,nigel hayes-davis,,,,,Genişletme
nigel hayes-davis hangi takımda,EuroLeague,Basketbol,Lig,1. Seviye,Ana Liste,Erkek,Kulüp,Takım Sporu,Yurt Dışı,Yabancı,Yok,Doğrulanacak,Yıllık,Sürekli Lig,Oyuncu Bilgi,Bilgi,Oyuncu,Jenerik,Türkçe,Body,Oyuncu Bilgi,Panathinaikos B.C.,nigel hayes-davis,,,,,Genişletme
nigel hayes-davis istatistik,EuroLeague,Basketbol,Lig,1. Seviye,Ana Liste,Erkek,Kulüp,Takım Sporu,Yurt Dışı,Yabancı,Yok,Doğrulanacak,Yıllık,Sürekli Lig,İstatistik,Bilgi,Oyuncu,Jenerik,İngilizce,Body,İstatistik,Panathinaikos B.C.,nigel hayes-davis,,,,,Genişletme
nikos rogkavopoulos,EuroLeague,Basketbol,Lig,1. Seviye,Ana Liste,Erkek,Kulüp,Takım Sporu,Yurt Dışı,Yabancı,Yok,Doğrulanacak,Yıllık,Sürekli Lig,Oyuncu Jenerik,Bilgi,Oyuncu,Jenerik,İngilizce,Head,Oyuncu Jenerik,Panathinaikos B.C.,nikos rogkavopoulos,,,,,Genişletme
nikos rogkavopoulos kimdir,EuroLeague,Basketbol,Lig,1. Seviye,Ana Liste,Erkek,Kulüp,Takım Sporu,Yurt Dışı,Yabancı,Yok,Doğrulanacak,Yıllık,Sürekli Lig,Oyuncu Bilgi,Bilgi,Oyuncu,Jenerik,İngilizce,Body,Oyuncu Bilgi,Panathinaikos B.C.,nikos rogkavopoulos,,,,,Genişletme
nikos rogkavopoulos hangi takımda,EuroLeague,Basketbol,Lig,1. Seviye,Ana Liste,Erkek,Kulüp,Takım Sporu,Yurt Dışı,Yabancı,Yok,Doğrulanacak,Yıllık,Sürekli Lig,Oyuncu Bilgi,Bilgi,Oyuncu,Jenerik,Türkçe,Body,Oyuncu Bilgi,Panathinaikos B.C.,nikos rogkavopoulos,,,,,Genişletme
nikos rogkavopoulos istatistik,EuroLeague,Basketbol,Lig,1. Seviye,Ana Liste,Erkek,Kulüp,Takım Sporu,Yurt Dışı,Yabancı,Yok,Doğrulanacak,Yıllık,Sürekli Lig,İstatistik,Bilgi,Oyuncu,Jenerik,İngilizce,Body,İstatistik,Panathinaikos B.C.,nikos rogkavopoulos,,,,,Genişletme
ioannis kouzeloglou,EuroLeague,Basketbol,Lig,1. Seviye,Ana Liste,Erkek,Kulüp,Takım Sporu,Yurt Dışı,Yabancı,Yok,Doğrulanacak,Yıllık,Sürekli Lig,Oyuncu Jenerik,Bilgi,Oyuncu,Jenerik,İngilizce,Head,Oyuncu Jenerik,Panathinaikos B.C.,ioannis kouzeloglou,,,,,Genişletme
ioannis kouzeloglou kimdir,EuroLeague,Basketbol,Lig,1. Seviye,Ana Liste,Erkek,Kulüp,Takım Sporu,Yurt Dışı,Yabancı,Yok,Doğrulanacak,Yıllık,Sürekli Lig,Oyuncu Bilgi,Bilgi,Oyuncu,Jenerik,İngilizce,Body,Oyuncu Bilgi,Panathinaikos B.C.,ioannis kouzeloglou,,,,,Genişletme
ioannis kouzeloglou hangi takımda,EuroLeague,Basketbol,Lig,1. Seviye,Ana Liste,Erkek,Kulüp,Takım Sporu,Yurt Dışı,Yabancı,Yok,Doğrulanacak,Yıllık,Sürekli Lig,Oyuncu Bilgi,Bilgi,Oyuncu,Jenerik,Türkçe,Body,Oyuncu Bilgi,Panathinaikos B.C.,ioannis kouzeloglou,,,,,Genişletme
ioannis kouzeloglou istatistik,EuroLeague,Basketbol,Lig,1. Seviye,Ana Liste,Erkek,Kulüp,Takım Sporu,Yurt Dışı,Yabancı,Yok,Doğrulanacak,Yıllık,Sürekli Lig,İstatistik,Bilgi,Oyuncu,Jenerik,İngilizce,Body,İstatistik,Panathinaikos B.C.,ioannis kouzeloglou,,,,,Genişletme
kendrick nunn,EuroLeague,Basketbol,Lig,1. Seviye,Ana Liste,Erkek,Kulüp,Takım Sporu,Yurt Dışı,Yabancı,Yok,Doğrulanacak,Yıllık,Sürekli Lig,Oyuncu Jenerik,Bilgi,Oyuncu,Jenerik,İngilizce,Head,Oyuncu Jenerik,Panathinaikos B.C.,kendrick nunn,,,,,Genişletme
kendrick nunn kimdir,EuroLeague,Basketbol,Lig,1. Seviye,Ana Liste,Erkek,Kulüp,Takım Sporu,Yurt Dışı,Yabancı,Yok,Doğrulanacak,Yıllık,Sürekli Lig,Oyuncu Bilgi,Bilgi,Oyuncu,Jenerik,İngilizce,Body,Oyuncu Bilgi,Panathinaikos B.C.,kendrick nunn,,,,,Genişletme
kendrick nunn hangi takımda,EuroLeague,Basketbol,Lig,1. Seviye,Ana Liste,Erkek,Kulüp,Takım Sporu,Yurt Dışı,Yabancı,Yok,Doğrulanacak,Yıllık,Sürekli Lig,Oyuncu Bilgi,Bilgi,Oyuncu,Jenerik,Türkçe,Body,Oyuncu Bilgi,Panathinaikos B.C.,kendrick nunn,,,,,Genişletme
kendrick nunn istatistik,EuroLeague,Basketbol,Lig,1. Seviye,Ana Liste,Erkek,Kulüp,Takım Sporu,Yurt Dışı,Yabancı,Yok,Doğrulanacak,Yıllık,Sürekli Lig,İstatistik,Bilgi,Oyuncu,Jenerik,İngilizce,Body,İstatistik,Panathinaikos B.C.,kendrick nunn,,,,,Genişletme
mathias lessort,EuroLeague,Basketbol,Lig,1. Seviye,Ana Liste,Erkek,Kulüp,Takım Sporu,Yurt Dışı,Yabancı,Yok,Doğrulanacak,Yıllık,Sürekli Lig,Oyuncu Jenerik,Bilgi,Oyuncu,Jenerik,İngilizce,Head,Oyuncu Jenerik,Panathinaikos B.C.,mathias lessort,,,,,Genişletme
mathias lessort kimdir,EuroLeague,Basketbol,Lig,1. Seviye,Ana Liste,Erkek,Kulüp,Takım Sporu,Yurt Dışı,Yabancı,Yok,Doğrulanacak,Yıllık,Sürekli Lig,Oyuncu Bilgi,Bilgi,Oyuncu,Jenerik,İngilizce,Body,Oyuncu Bilgi,Panathinaikos B.C.,mathias lessort,,,,,Genişletme
mathias lessort hangi takımda,EuroLeague,Basketbol,Lig,1. Seviye,Ana Liste,Erkek,Kulüp,Takım Sporu,Yurt Dışı,Yabancı,Yok,Doğrulanacak,Yıllık,Sürekli Lig,Oyuncu Bilgi,Bilgi,Oyuncu,Jenerik,Türkçe,Body,Oyuncu Bilgi,Panathinaikos B.C.,mathias lessort,,,,,Genişletme
mathias lessort istatistik,EuroLeague,Basketbol,Lig,1. Seviye,Ana Liste,Erkek,Kulüp,Takım Sporu,Yurt Dışı,Yabancı,Yok,Doğrulanacak,Yıllık,Sürekli Lig,İstatistik,Bilgi,Oyuncu,Jenerik,İngilizce,Body,İstatistik,Panathinaikos B.C.,mathias lessort,,,,,Genişletme
dinos mitoglou,EuroLeague,Basketbol,Lig,1. Seviye,Ana Liste,Erkek,Kulüp,Takım Sporu,Yurt Dışı,Yabancı,Yok,Doğrulanacak,Yıllık,Sürekli Lig,Oyuncu Jenerik,Bilgi,Oyuncu,Jenerik,İngilizce,Head,Oyuncu Jenerik,Panathinaikos B.C.,dinos mitoglou,,,,,Genişletme
dinos mitoglou kimdir,EuroLeague,Basketbol,Lig,1. Seviye,Ana Liste,Erkek,Kulüp,Takım Sporu,Yurt Dışı,Yabancı,Yok,Doğrulanacak,Yıllık,Sürekli Lig,Oyuncu Bilgi,Bilgi,Oyuncu,Jenerik,İngilizce,Body,Oyuncu Bilgi,Panathinaikos B.C.,dinos mitoglou,,,,,Genişletme
dinos mitoglou hangi takımda,EuroLeague,Basketbol,Lig,1. Seviye,Ana Liste,Erkek,Kulüp,Takım Sporu,Yurt Dışı,Yabancı,Yok,Doğrulanacak,Yıllık,Sürekli Lig,Oyuncu Bilgi,Bilgi,Oyuncu,Jenerik,Türkçe,Body,Oyuncu Bilgi,Panathinaikos B.C.,dinos mitoglou,,,,,Genişletme
dinos mitoglou istatistik,EuroLeague,Basketbol,Lig,1. Seviye,Ana Liste,Erkek,Kulüp,Takım Sporu,Yurt Dışı,Yabancı,Yok,Doğrulanacak,Yıllık,Sürekli Lig,İstatistik,Bilgi,Oyuncu,Jenerik,İngilizce,Body,İstatistik,Panathinaikos B.C.,dinos mitoglou,,,,,Genişletme
lefteris mantzoukas,EuroLeague,Basketbol,Lig,1. Seviye,Ana Liste,Erkek,Kulüp,Takım Sporu,Yurt Dışı,Yabancı,Yok,Doğrulanacak,Yıllık,Sürekli Lig,Oyuncu Jenerik,Bilgi,Oyuncu,Jenerik,İngilizce,Head,Oyuncu Jenerik,Panathinaikos B.C.,lefteris mantzoukas,,,,,Genişletme
lefteris mantzoukas kimdir,EuroLeague,Basketbol,Lig,1. Seviye,Ana Liste,Erkek,Kulüp,Takım Sporu,Yurt Dışı,Yabancı,Yok,Doğrulanacak,Yıllık,Sürekli Lig,Oyuncu Bilgi,Bilgi,Oyuncu,Jenerik,İngilizce,Body,Oyuncu Bilgi,Panathinaikos B.C.,lefteris mantzoukas,,,,,Genişletme
lefteris mantzoukas hangi takımda,EuroLeague,Basketbol,Lig,1. Seviye,Ana Liste,Erkek,Kulüp,Takım Sporu,Yurt Dışı,Yabancı,Yok,Doğrulanacak,Yıllık,Sürekli Lig,Oyuncu Bilgi,Bilgi,Oyuncu,Jenerik,Türkçe,Body,Oyuncu Bilgi,Panathinaikos B.C.,lefteris mantzoukas,,,,,Genişletme
lefteris mantzoukas istatistik,EuroLeague,Basketbol,Lig,1. Seviye,Ana Liste,Erkek,Kulüp,Takım Sporu,Yurt Dışı,Yabancı,Yok,Doğrulanacak,Yıllık,Sürekli Lig,İstatistik,Bilgi,Oyuncu,Jenerik,İngilizce,Body,İstatistik,Panathinaikos B.C.,lefteris mantzoukas,,,,,Genişletme
brancou badio,EuroLeague,Basketbol,Lig,1. Seviye,Ana Liste,Erkek,Kulüp,Takım Sporu,Yurt Dışı,Yabancı,Yok,Doğrulanacak,Yıllık,Sürekli Lig,Oyuncu Jenerik,Bilgi,Oyuncu,Jenerik,İngilizce,Head,Oyuncu Jenerik,Panathinaikos B.C.,brancou badio,,,,,Genişletme
brancou badio kimdir,EuroLeague,Basketbol,Lig,1. Seviye,Ana Liste,Erkek,Kulüp,Takım Sporu,Yurt Dışı,Yabancı,Yok,Doğrulanacak,Yıllık,Sürekli Lig,Oyuncu Bilgi,Bilgi,Oyuncu,Jenerik,İngilizce,Body,Oyuncu Bilgi,Panathinaikos B.C.,brancou badio,,,,,Genişletme
brancou badio hangi takımda,EuroLeague,Basketbol,Lig,1. Seviye,Ana Liste,Erkek,Kulüp,Takım Sporu,Yurt Dışı,Yabancı,Yok,Doğrulanacak,Yıllık,Sürekli Lig,Oyuncu Bilgi,Bilgi,Oyuncu,Jenerik,Türkçe,Body,Oyuncu Bilgi,Panathinaikos B.C.,brancou badio,,,,,Genişletme
brancou badio istatistik,EuroLeague,Basketbol,Lig,1. Seviye,Ana Liste,Erkek,Kulüp,Takım Sporu,Yurt Dışı,Yabancı,Yok,Doğrulanacak,Yıllık,Sürekli Lig,İstatistik,Bilgi,Oyuncu,Jenerik,İngilizce,Body,İstatistik,Panathinaikos B.C.,brancou badio,,,,,Genişletme
isaac bonga,EuroLeague,Basketbol,Lig,1. Seviye,Ana Liste,Erkek,Kulüp,Takım Sporu,Yurt Dışı,Yabancı,Yok,Doğrulanacak,Yıllık,Sürekli Lig,Oyuncu Jenerik,Bilgi,Oyuncu,Jenerik,İngilizce,Head,Oyuncu Jenerik,Panathinaikos B.C.,isaac bonga,,,,,Genişletme
isaac bonga kimdir,EuroLeague,Basketbol,Lig,1. Seviye,Ana Liste,Erkek,Kulüp,Takım Sporu,Yurt Dışı,Yabancı,Yok,Doğrulanacak,Yıllık,Sürekli Lig,Oyuncu Bilgi,Bilgi,Oyuncu,Jenerik,İngilizce,Body,Oyuncu Bilgi,Panathinaikos B.C.,isaac bonga,,,,,Genişletme
isaac bonga hangi takımda,EuroLeague,Basketbol,Lig,1. Seviye,Ana Liste,Erkek,Kulüp,Takım Sporu,Yurt Dışı,Yabancı,Yok,Doğrulanacak,Yıllık,Sürekli Lig,Oyuncu Bilgi,Bilgi,Oyuncu,Jenerik,Türkçe,Body,Oyuncu Bilgi,Panathinaikos B.C.,isaac bonga,,,,,Genişletme
isaac bonga istatistik,EuroLeague,Basketbol,Lig,1. Seviye,Ana Liste,Erkek,Kulüp,Takım Sporu,Yurt Dışı,Yabancı,Yok,Doğrulanacak,Yıllık,Sürekli Lig,İstatistik,Bilgi,Oyuncu,Jenerik,İngilizce,Body,İstatistik,Panathinaikos B.C.,isaac bonga,,,,,Genişletme
dimitrios moraitis,EuroLeague,Basketbol,Lig,1. Seviye,Ana Liste,Erkek,Kulüp,Takım Sporu,Yurt Dışı,Yabancı,Yok,Doğrulanacak,Yıllık,Sürekli Lig,Oyuncu Jenerik,Bilgi,Oyuncu,Jenerik,İngilizce,Head,Oyuncu Jenerik,Panathinaikos B.C.,dimitrios moraitis,,,,,Genişletme
dimitrios moraitis kimdir,EuroLeague,Basketbol,Lig,1. Seviye,Ana Liste,Erkek,Kulüp,Takım Sporu,Yurt Dışı,Yabancı,Yok,Doğrulanacak,Yıllık,Sürekli Lig,Oyuncu Bilgi,Bilgi,Oyuncu,Jenerik,İngilizce,Body,Oyuncu Bilgi,Panathinaikos B.C.,dimitrios moraitis,,,,,Genişletme
dimitrios moraitis hangi takımda,EuroLeague,Basketbol,Lig,1. Seviye,Ana Liste,Erkek,Kulüp,Takım Sporu,Yurt Dışı,Yabancı,Yok,Doğrulanacak,Yıllık,Sürekli Lig,Oyuncu Bilgi,Bilgi,Oyuncu,Jenerik,Türkçe,Body,Oyuncu Bilgi,Panathinaikos B.C.,dimitrios moraitis,,,,,Genişletme
dimitrios moraitis istatistik,EuroLeague,Basketbol,Lig,1. Seviye,Ana Liste,Erkek,Kulüp,Takım Sporu,Yurt Dışı,Yabancı,Yok,Doğrulanacak,Yıllık,Sürekli Lig,İstatistik,Bilgi,Oyuncu,Jenerik,İngilizce,Body,İstatistik,Panathinaikos B.C.,dimitrios moraitis,,,,,Genişletme
tyson ward,EuroLeague,Basketbol,Lig,1. Seviye,Ana Liste,Erkek,Kulüp,Takım Sporu,Yurt Dışı,Yabancı,Yok,Doğrulanacak,Yıllık,Sürekli Lig,Oyuncu Jenerik,Bilgi,Oyuncu,Jenerik,İngilizce,Head,Oyuncu Jenerik,Olympiacos B.C.,tyson ward,,,,,Genişletme
tyson ward kimdir,EuroLeague,Basketbol,Lig,1. Seviye,Ana Liste,Erkek,Kulüp,Takım Sporu,Yurt Dışı,Yabancı,Yok,Doğrulanacak,Yıllık,Sürekli Lig,Oyuncu Bilgi,Bilgi,Oyuncu,Jenerik,İngilizce,Body,Oyuncu Bilgi,Olympiacos B.C.,tyson ward,,,,,Genişletme
tyson ward hangi takımda,EuroLeague,Basketbol,Lig,1. Seviye,Ana Liste,Erkek,Kulüp,Takım Sporu,Yurt Dışı,Yabancı,Yok,Doğrulanacak,Yıllık,Sürekli Lig,Oyuncu Bilgi,Bilgi,Oyuncu,Jenerik,Türkçe,Body,Oyuncu Bilgi,Olympiacos B.C.,tyson ward,,,,,Genişletme
tyson ward istatistik,EuroLeague,Basketbol,Lig,1. Seviye,Ana Liste,Erkek,Kulüp,Takım Sporu,Yurt Dışı,Yabancı,Yok,Doğrulanacak,Yıllık,Sürekli Lig,İstatistik,Bilgi,Oyuncu,Jenerik,İngilizce,Body,İstatistik,Olympiacos B.C.,tyson ward,,,,,Genişletme
giorgos bourneles,EuroLeague,Basketbol,Lig,1. Seviye,Ana Liste,Erkek,Kulüp,Takım Sporu,Yurt Dışı,Yabancı,Yok,Doğrulanacak,Yıllık,Sürekli Lig,Oyuncu Jenerik,Bilgi,Oyuncu,Jenerik,İngilizce,Head,Oyuncu Jenerik,Olympiacos B.C.,giorgos bourneles,,,,,Genişletme
giorgos bourneles kimdir,EuroLeague,Basketbol,Lig,1. Seviye,Ana Liste,Erkek,Kulüp,Takım Sporu,Yurt Dışı,Yabancı,Yok,Doğrulanacak,Yıllık,Sürekli Lig,Oyuncu Bilgi,Bilgi,Oyuncu,Jenerik,İngilizce,Body,Oyuncu Bilgi,Olympiacos B.C.,giorgos bourneles,,,,,Genişletme
giorgos bourneles hangi takımda,EuroLeague,Basketbol,Lig,1. Seviye,Ana Liste,Erkek,Kulüp,Takım Sporu,Yurt Dışı,Yabancı,Yok,Doğrulanacak,Yıllık,Sürekli Lig,Oyuncu Bilgi,Bilgi,Oyuncu,Jenerik,Türkçe,Body,Oyuncu Bilgi,Olympiacos B.C.,giorgos bourneles,,,,,Genişletme
giorgos bourneles istatistik,EuroLeague,Basketbol,Lig,1. Seviye,Ana Liste,Erkek,Kulüp,Takım Sporu,Yurt Dışı,Yabancı,Yok,Doğrulanacak,Yıllık,Sürekli Lig,İstatistik,Bilgi,Oyuncu,Jenerik,İngilizce,Body,İstatistik,Olympiacos B.C.,giorgos bourneles,,,,,Genişletme
giannoulis larentzakis,EuroLeague,Basketbol,Lig,1. Seviye,Ana Liste,Erkek,Kulüp,Takım Sporu,Yurt Dışı,Yabancı,Yok,Doğrulanacak,Yıllık,Sürekli Lig,Oyuncu Jenerik,Bilgi,Oyuncu,Jenerik,İngilizce,Head,Oyuncu Jenerik,Olympiacos B.C.,giannoulis larentzakis,,,,,Genişletme
giannoulis larentzakis kimdir,EuroLeague,Basketbol,Lig,1. Seviye,Ana Liste,Erkek,Kulüp,Takım Sporu,Yurt Dışı,Yabancı,Yok,Doğrulanacak,Yıllık,Sürekli Lig,Oyuncu Bilgi,Bilgi,Oyuncu,Jenerik,İngilizce,Body,Oyuncu Bilgi,Olympiacos B.C.,giannoulis larentzakis,,,,,Genişletme
giannoulis larentzakis hangi takımda,EuroLeague,Basketbol,Lig,1. Seviye,Ana Liste,Erkek,Kulüp,Takım Sporu,Yurt Dışı,Yabancı,Yok,Doğrulanacak,Yıllık,Sürekli Lig,Oyuncu Bilgi,Bilgi,Oyuncu,Jenerik,Türkçe,Body,Oyuncu Bilgi,Olympiacos B.C.,giannoulis larentzakis,,,,,Genişletme
giannoulis larentzakis istatistik,EuroLeague,Basketbol,Lig,1. Seviye,Ana Liste,Erkek,Kulüp,Takım Sporu,Yurt Dışı,Yabancı,Yok,Doğrulanacak,Yıllık,Sürekli Lig,İstatistik,Bilgi,Oyuncu,Jenerik,İngilizce,Body,İstatistik,Olympiacos B.C.,giannoulis larentzakis,,,,,Genişletme
jean montero,EuroLeague,Basketbol,Lig,1. Seviye,Ana Liste,Erkek,Kulüp,Takım Sporu,Yurt Dışı,Yabancı,Yok,Doğrulanacak,Yıllık,Sürekli Lig,Oyuncu Jenerik,Bilgi,Oyuncu,Jenerik,İngilizce,Head,Oyuncu Jenerik,Olympiacos B.C.,jean montero,,,,,Genişletme
jean montero kimdir,EuroLeague,Basketbol,Lig,1. Seviye,Ana Liste,Erkek,Kulüp,Takım Sporu,Yurt Dışı,Yabancı,Yok,Doğrulanacak,Yıllık,Sürekli Lig,Oyuncu Bilgi,Bilgi,Oyuncu,Jenerik,İngilizce,Body,Oyuncu Bilgi,Olympiacos B.C.,jean montero,,,,,Genişletme
jean montero hangi takımda,EuroLeague,Basketbol,Lig,1. Seviye,Ana Liste,Erkek,Kulüp,Takım Sporu,Yurt Dışı,Yabancı,Yok,Doğrulanacak,Yıllık,Sürekli Lig,Oyuncu Bilgi,Bilgi,Oyuncu,Jenerik,Türkçe,Body,Oyuncu Bilgi,Olympiacos B.C.,jean montero,,,,,Genişletme
jean montero istatistik,EuroLeague,Basketbol,Lig,1. Seviye,Ana Liste,Erkek,Kulüp,Takım Sporu,Yurt Dışı,Yabancı,Yok,Doğrulanacak,Yıllık,Sürekli Lig,İstatistik,Bilgi,Oyuncu,Jenerik,İngilizce,Body,İstatistik,Olympiacos B.C.,jean montero,,,,,Genişletme
sasha vezenkov,EuroLeague,Basketbol,Lig,1. Seviye,Ana Liste,Erkek,Kulüp,Takım Sporu,Yurt Dışı,Yabancı,Yok,Doğrulanacak,Yıllık,Sürekli Lig,Oyuncu Jenerik,Bilgi,Oyuncu,Jenerik,İngilizce,Head,Oyuncu Jenerik,Olympiacos B.C.,sasha vezenkov,,,,,Genişletme
sasha vezenkov kimdir,EuroLeague,Basketbol,Lig,1. Seviye,Ana Liste,Erkek,Kulüp,Takım Sporu,Yurt Dışı,Yabancı,Yok,Doğrulanacak,Yıllık,Sürekli Lig,Oyuncu Bilgi,Bilgi,Oyuncu,Jenerik,İngilizce,Body,Oyuncu Bilgi,Olympiacos B.C.,sasha vezenkov,,,,,Genişletme
sasha vezenkov hangi takımda,EuroLeague,Basketbol,Lig,1. Seviye,Ana Liste,Erkek,Kulüp,Takım Sporu,Yurt Dışı,Yabancı,Yok,Doğrulanacak,Yıllık,Sürekli Lig,Oyuncu Bilgi,Bilgi,Oyuncu,Jenerik,Türkçe,Body,Oyuncu Bilgi,Olympiacos B.C.,sasha vezenkov,,,,,Genişletme
sasha vezenkov istatistik,EuroLeague,Basketbol,Lig,1. Seviye,Ana Liste,Erkek,Kulüp,Takım Sporu,Yurt Dışı,Yabancı,Yok,Doğrulanacak,Yıllık,Sürekli Lig,İstatistik,Bilgi,Oyuncu,Jenerik,İngilizce,Body,İstatistik,Olympiacos B.C.,sasha vezenkov,,,,,Genişletme
omiros netzipoglou,EuroLeague,Basketbol,Lig,1. Seviye,Ana Liste,Erkek,Kulüp,Takım Sporu,Yurt Dışı,Yabancı,Yok,Doğrulanacak,Yıllık,Sürekli Lig,Oyuncu Jenerik,Bilgi,Oyuncu,Jenerik,İngilizce,Head,Oyuncu Jenerik,Olympiacos B.C.,omiros netzipoglou,,,,,Genişletme
omiros netzipoglou kimdir,EuroLeague,Basketbol,Lig,1. Seviye,Ana Liste,Erkek,Kulüp,Takım Sporu,Yurt Dışı,Yabancı,Yok,Doğrulanacak,Yıllık,Sürekli Lig,Oyuncu Bilgi,Bilgi,Oyuncu,Jenerik,İngilizce,Body,Oyuncu Bilgi,Olympiacos B.C.,omiros netzipoglou,,,,,Genişletme
omiros netzipoglou hangi takımda,EuroLeague,Basketbol,Lig,1. Seviye,Ana Liste,Erkek,Kulüp,Takım Sporu,Yurt Dışı,Yabancı,Yok,Doğrulanacak,Yıllık,Sürekli Lig,Oyuncu Bilgi,Bilgi,Oyuncu,Jenerik,Türkçe,Body,Oyuncu Bilgi,Olympiacos B.C.,omiros netzipoglou,,,,,Genişletme
omiros netzipoglou istatistik,EuroLeague,Basketbol,Lig,1. Seviye,Ana Liste,Erkek,Kulüp,Takım Sporu,Yurt Dışı,Yabancı,Yok,Doğrulanacak,Yıllık,Sürekli Lig,İstatistik,Bilgi,Oyuncu,Jenerik,İngilizce,Body,İstatistik,Olympiacos B.C.,omiros netzipoglou,,,,,Genişletme
tyrique jones,EuroLeague,Basketbol,Lig,1. Seviye,Ana Liste,Erkek,Kulüp,Takım Sporu,Yurt Dışı,Yabancı,Yok,Doğrulanacak,Yıllık,Sürekli Lig,Oyuncu Jenerik,Bilgi,Oyuncu,Jenerik,İngilizce,Head,Oyuncu Jenerik,Olympiacos B.C.,tyrique jones,,,,,Genişletme
tyrique jones kimdir,EuroLeague,Basketbol,Lig,1. Seviye,Ana Liste,Erkek,Kulüp,Takım Sporu,Yurt Dışı,Yabancı,Yok,Doğrulanacak,Yıllık,Sürekli Lig,Oyuncu Bilgi,Bilgi,Oyuncu,Jenerik,İngilizce,Body,Oyuncu Bilgi,Olympiacos B.C.,tyrique jones,,,,,Genişletme
tyrique jones hangi takımda,EuroLeague,Basketbol,Lig,1. Seviye,Ana Liste,Erkek,Kulüp,Takım Sporu,Yurt Dışı,Yabancı,Yok,Doğrulanacak,Yıllık,Sürekli Lig,Oyuncu Bilgi,Bilgi,Oyuncu,Jenerik,Türkçe,Body,Oyuncu Bilgi,Olympiacos B.C.,tyrique jones,,,,,Genişletme
tyrique jones istatistik,EuroLeague,Basketbol,Lig,1. Seviye,Ana Liste,Erkek,Kulüp,Takım Sporu,Yurt Dışı,Yabancı,Yok,Doğrulanacak,Yıllık,Sürekli Lig,İstatistik,Bilgi,Oyuncu,Jenerik,İngilizce,Body,İstatistik,Olympiacos B.C.,tyrique jones,,,,,Genişletme
codi miller-mcintyre,EuroLeague,Basketbol,Lig,1. Seviye,Ana Liste,Erkek,Kulüp,Takım Sporu,Yurt Dışı,Yabancı,Yok,Doğrulanacak,Yıllık,Sürekli Lig,Oyuncu Jenerik,Bilgi,Oyuncu,Jenerik,İngilizce,Head,Oyuncu Jenerik,Olympiacos B.C.,codi miller-mcintyre,,,,,Genişletme
codi miller-mcintyre kimdir,EuroLeague,Basketbol,Lig,1. Seviye,Ana Liste,Erkek,Kulüp,Takım Sporu,Yurt Dışı,Yabancı,Yok,Doğrulanacak,Yıllık,Sürekli Lig,Oyuncu Bilgi,Bilgi,Oyuncu,Jenerik,İngilizce,Body,Oyuncu Bilgi,Olympiacos B.C.,codi miller-mcintyre,,,,,Genişletme
codi miller-mcintyre hangi takımda,EuroLeague,Basketbol,Lig,1. Seviye,Ana Liste,Erkek,Kulüp,Takım Sporu,Yurt Dışı,Yabancı,Yok,Doğrulanacak,Yıllık,Sürekli Lig,Oyuncu Bilgi,Bilgi,Oyuncu,Jenerik,Türkçe,Body,Oyuncu Bilgi,Olympiacos B.C.,codi miller-mcintyre,,,,,Genişletme
codi miller-mcintyre istatistik,EuroLeague,Basketbol,Lig,1. Seviye,Ana Liste,Erkek,Kulüp,Takım Sporu,Yurt Dışı,Yabancı,Yok,Doğrulanacak,Yıllık,Sürekli Lig,İstatistik,Bilgi,Oyuncu,Jenerik,İngilizce,Body,İstatistik,Olympiacos B.C.,codi miller-mcintyre,,,,,Genişletme
mbaye ndiaye,EuroLeague,Basketbol,Lig,1. Seviye,Ana Liste,Erkek,Kulüp,Takım Sporu,Yurt Dışı,Yabancı,Yok,Doğrulanacak,Yıllık,Sürekli Lig,Oyuncu Jenerik,Bilgi,Oyuncu,Jenerik,İngilizce,Head,Oyuncu Jenerik,Olympiacos B.C.,mbaye ndiaye,,,,,Genişletme
mbaye ndiaye kimdir,EuroLeague,Basketbol,Lig,1. Seviye,Ana Liste,Erkek,Kulüp,Takım Sporu,Yurt Dışı,Yabancı,Yok,Doğrulanacak,Yıllık,Sürekli Lig,Oyuncu Bilgi,Bilgi,Oyuncu,Jenerik,İngilizce,Body,Oyuncu Bilgi,Olympiacos B.C.,mbaye ndiaye,,,,,Genişletme
mbaye ndiaye hangi takımda,EuroLeague,Basketbol,Lig,1. Seviye,Ana Liste,Erkek,Kulüp,Takım Sporu,Yurt Dışı,Yabancı,Yok,Doğrulanacak,Yıllık,Sürekli Lig,Oyuncu Bilgi,Bilgi,Oyuncu,Jenerik,Türkçe,Body,Oyuncu Bilgi,Olympiacos B.C.,mbaye ndiaye,,,,,Genişletme
mbaye ndiaye istatistik,EuroLeague,Basketbol,Lig,1. Seviye,Ana Liste,Erkek,Kulüp,Takım Sporu,Yurt Dışı,Yabancı,Yok,Doğrulanacak,Yıllık,Sürekli Lig,İstatistik,Bilgi,Oyuncu,Jenerik,İngilizce,Body,İstatistik,Olympiacos B.C.,mbaye ndiaye,,,,,Genişletme
gabriel lundberg,EuroLeague,Basketbol,Lig,1. Seviye,Ana Liste,Erkek,Kulüp,Takım Sporu,Yurt Dışı,Yabancı,Yok,Doğrulanacak,Yıllık,Sürekli Lig,Oyuncu Jenerik,Bilgi,Oyuncu,Jenerik,İngilizce,Head,Oyuncu Jenerik,Maccabi Tel Aviv B.C.,gabriel lundberg,,,,,Genişletme
gabriel lundberg kimdir,EuroLeague,Basketbol,Lig,1. Seviye,Ana Liste,Erkek,Kulüp,Takım Sporu,Yurt Dışı,Yabancı,Yok,Doğrulanacak,Yıllık,Sürekli Lig,Oyuncu Bilgi,Bilgi,Oyuncu,Jenerik,İngilizce,Body,Oyuncu Bilgi,Maccabi Tel Aviv B.C.,gabriel lundberg,,,,,Genişletme
gabriel lundberg hangi takımda,EuroLeague,Basketbol,Lig,1. Seviye,Ana Liste,Erkek,Kulüp,Takım Sporu,Yurt Dışı,Yabancı,Yok,Doğrulanacak,Yıllık,Sürekli Lig,Oyuncu Bilgi,Bilgi,Oyuncu,Jenerik,Türkçe,Body,Oyuncu Bilgi,Maccabi Tel Aviv B.C.,gabriel lundberg,,,,,Genişletme
gabriel lundberg istatistik,EuroLeague,Basketbol,Lig,1. Seviye,Ana Liste,Erkek,Kulüp,Takım Sporu,Yurt Dışı,Yabancı,Yok,Doğrulanacak,Yıllık,Sürekli Lig,İstatistik,Bilgi,Oyuncu,Jenerik,İngilizce,Body,İstatistik,Maccabi Tel Aviv B.C.,gabriel lundberg,,,,,Genişletme
jaylen hoard,EuroLeague,Basketbol,Lig,1. Seviye,Ana Liste,Erkek,Kulüp,Takım Sporu,Yurt Dışı,Yabancı,Yok,Doğrulanacak,Yıllık,Sürekli Lig,Oyuncu Jenerik,Bilgi,Oyuncu,Jenerik,İngilizce,Head,Oyuncu Jenerik,Maccabi Tel Aviv B.C.,jaylen hoard,,,,,Genişletme
jaylen hoard kimdir,EuroLeague,Basketbol,Lig,1. Seviye,Ana Liste,Erkek,Kulüp,Takım Sporu,Yurt Dışı,Yabancı,Yok,Doğrulanacak,Yıllık,Sürekli Lig,Oyuncu Bilgi,Bilgi,Oyuncu,Jenerik,İngilizce,Body,Oyuncu Bilgi,Maccabi Tel Aviv B.C.,jaylen hoard,,,,,Genişletme
jaylen hoard hangi takımda,EuroLeague,Basketbol,Lig,1. Seviye,Ana Liste,Erkek,Kulüp,Takım Sporu,Yurt Dışı,Yabancı,Yok,Doğrulanacak,Yıllık,Sürekli Lig,Oyuncu Bilgi,Bilgi,Oyuncu,Jenerik,Türkçe,Body,Oyuncu Bilgi,Maccabi Tel Aviv B.C.,jaylen hoard,,,,,Genişletme
jaylen hoard istatistik,EuroLeague,Basketbol,Lig,1. Seviye,Ana Liste,Erkek,Kulüp,Takım Sporu,Yurt Dışı,Yabancı,Yok,Doğrulanacak,Yıllık,Sürekli Lig,İstatistik,Bilgi,Oyuncu,Jenerik,İngilizce,Body,İstatistik,Maccabi Tel Aviv B.C.,jaylen hoard,,,,,Genişletme
jimmy clark iii,EuroLeague,Basketbol,Lig,1. Seviye,Ana Liste,Erkek,Kulüp,Takım Sporu,Yurt Dışı,Yabancı,Yok,Doğrulanacak,Yıllık,Sürekli Lig,Oyuncu Jenerik,Bilgi,Oyuncu,Jenerik,İngilizce,Body,Oyuncu Jenerik,Maccabi Tel Aviv B.C.,jimmy clark iii,,,,,Genişletme
jimmy clark iii kimdir,EuroLeague,Basketbol,Lig,1. Seviye,Ana Liste,Erkek,Kulüp,Takım Sporu,Yurt Dışı,Yabancı,Yok,Doğrulanacak,Yıllık,Sürekli Lig,Oyuncu Bilgi,Bilgi,Oyuncu,Jenerik,İngilizce,Body,Oyuncu Bilgi,Maccabi Tel Aviv B.C.,jimmy clark iii,,,,,Genişletme
jimmy clark iii hangi takımda,EuroLeague,Basketbol,Lig,1. Seviye,Ana Liste,Erkek,Kulüp,Takım Sporu,Yurt Dışı,Yabancı,Yok,Doğrulanacak,Yıllık,Sürekli Lig,Oyuncu Bilgi,Bilgi,Oyuncu,Jenerik,Türkçe,Long-tail,Oyuncu Bilgi,Maccabi Tel Aviv B.C.,jimmy clark iii,,,,,Genişletme
jimmy clark iii istatistik,EuroLeague,Basketbol,Lig,1. Seviye,Ana Liste,Erkek,Kulüp,Takım Sporu,Yurt Dışı,Yabancı,Yok,Doğrulanacak,Yıllık,Sürekli Lig,İstatistik,Bilgi,Oyuncu,Jenerik,İngilizce,Body,İstatistik,Maccabi Tel Aviv B.C.,jimmy clark iii,,,,,Genişletme
amit ebo,EuroLeague,Basketbol,Lig,1. Seviye,Ana Liste,Erkek,Kulüp,Takım Sporu,Yurt Dışı,Yabancı,Yok,Doğrulanacak,Yıllık,Sürekli Lig,Oyuncu Jenerik,Bilgi,Oyuncu,Jenerik,İngilizce,Head,Oyuncu Jenerik,Maccabi Tel Aviv B.C.,amit ebo,,,,,Genişletme
amit ebo kimdir,EuroLeague,Basketbol,Lig,1. Seviye,Ana Liste,Erkek,Kulüp,Takım Sporu,Yurt Dışı,Yabancı,Yok,Doğrulanacak,Yıllık,Sürekli Lig,Oyuncu Bilgi,Bilgi,Oyuncu,Jenerik,İngilizce,Body,Oyuncu Bilgi,Maccabi Tel Aviv B.C.,amit ebo,,,,,Genişletme
amit ebo hangi takımda,EuroLeague,Basketbol,Lig,1. Seviye,Ana Liste,Erkek,Kulüp,Takım Sporu,Yurt Dışı,Yabancı,Yok,Doğrulanacak,Yıllık,Sürekli Lig,Oyuncu Bilgi,Bilgi,Oyuncu,Jenerik,Türkçe,Body,Oyuncu Bilgi,Maccabi Tel Aviv B.C.,amit ebo,,,,,Genişletme
amit ebo istatistik,EuroLeague,Basketbol,Lig,1. Seviye,Ana Liste,Erkek,Kulüp,Takım Sporu,Yurt Dışı,Yabancı,Yok,Doğrulanacak,Yıllık,Sürekli Lig,İstatistik,Bilgi,Oyuncu,Jenerik,İngilizce,Body,İstatistik,Maccabi Tel Aviv B.C.,amit ebo,,,,,Genişletme
gur lavy,EuroLeague,Basketbol,Lig,1. Seviye,Ana Liste,Erkek,Kulüp,Takım Sporu,Yurt Dışı,Yabancı,Yok,Doğrulanacak,Yıllık,Sürekli Lig,Oyuncu Jenerik,Bilgi,Oyuncu,Jenerik,İngilizce,Head,Oyuncu Jenerik,Maccabi Tel Aviv B.C.,gur lavy,,,,,Genişletme
gur lavy kimdir,EuroLeague,Basketbol,Lig,1. Seviye,Ana Liste,Erkek,Kulüp,Takım Sporu,Yurt Dışı,Yabancı,Yok,Doğrulanacak,Yıllık,Sürekli Lig,Oyuncu Bilgi,Bilgi,Oyuncu,Jenerik,İngilizce,Body,Oyuncu Bilgi,Maccabi Tel Aviv B.C.,gur lavy,,,,,Genişletme
gur lavy hangi takımda,EuroLeague,Basketbol,Lig,1. Seviye,Ana Liste,Erkek,Kulüp,Takım Sporu,Yurt Dışı,Yabancı,Yok,Doğrulanacak,Yıllık,Sürekli Lig,Oyuncu Bilgi,Bilgi,Oyuncu,Jenerik,Türkçe,Body,Oyuncu Bilgi,Maccabi Tel Aviv B.C.,gur lavy,,,,,Genişletme
gur lavy istatistik,EuroLeague,Basketbol,Lig,1. Seviye,Ana Liste,Erkek,Kulüp,Takım Sporu,Yurt Dışı,Yabancı,Yok,Doğrulanacak,Yıllık,Sürekli Lig,İstatistik,Bilgi,Oyuncu,Jenerik,İngilizce,Body,İstatistik,Maccabi Tel Aviv B.C.,gur lavy,,,,,Genişletme
armando bacot,EuroLeague,Basketbol,Lig,1. Seviye,Ana Liste,Erkek,Kulüp,Takım Sporu,Yurt Dışı,Yabancı,Yok,Doğrulanacak,Yıllık,Sürekli Lig,Oyuncu Jenerik,Bilgi,Oyuncu,Jenerik,İngilizce,Head,Oyuncu Jenerik,Maccabi Tel Aviv B.C.,armando bacot,,,,,Genişletme
armando bacot kimdir,EuroLeague,Basketbol,Lig,1. Seviye,Ana Liste,Erkek,Kulüp,Takım Sporu,Yurt Dışı,Yabancı,Yok,Doğrulanacak,Yıllık,Sürekli Lig,Oyuncu Bilgi,Bilgi,Oyuncu,Jenerik,İngilizce,Body,Oyuncu Bilgi,Maccabi Tel Aviv B.C.,armando bacot,,,,,Genişletme
armando bacot hangi takımda,EuroLeague,Basketbol,Lig,1. Seviye,Ana Liste,Erkek,Kulüp,Takım Sporu,Yurt Dışı,Yabancı,Yok,Doğrulanacak,Yıllık,Sürekli Lig,Oyuncu Bilgi,Bilgi,Oyuncu,Jenerik,Türkçe,Body,Oyuncu Bilgi,Maccabi Tel Aviv B.C.,armando bacot,,,,,Genişletme
armando bacot istatistik,EuroLeague,Basketbol,Lig,1. Seviye,Ana Liste,Erkek,Kulüp,Takım Sporu,Yurt Dışı,Yabancı,Yok,Doğrulanacak,Yıllık,Sürekli Lig,İstatistik,Bilgi,Oyuncu,Jenerik,İngilizce,Body,İstatistik,Maccabi Tel Aviv B.C.,armando bacot,,,,,Genişletme
roman sorkin,EuroLeague,Basketbol,Lig,1. Seviye,Ana Liste,Erkek,Kulüp,Takım Sporu,Yurt Dışı,Yabancı,Yok,Doğrulanacak,Yıllık,Sürekli Lig,Oyuncu Jenerik,Bilgi,Oyuncu,Jenerik,İngilizce,Head,Oyuncu Jenerik,Maccabi Tel Aviv B.C.,roman sorkin,,,,,Genişletme
roman sorkin kimdir,EuroLeague,Basketbol,Lig,1. Seviye,Ana Liste,Erkek,Kulüp,Takım Sporu,Yurt Dışı,Yabancı,Yok,Doğrulanacak,Yıllık,Sürekli Lig,Oyuncu Bilgi,Bilgi,Oyuncu,Jenerik,İngilizce,Body,Oyuncu Bilgi,Maccabi Tel Aviv B.C.,roman sorkin,,,,,Genişletme
roman sorkin hangi takımda,EuroLeague,Basketbol,Lig,1. Seviye,Ana Liste,Erkek,Kulüp,Takım Sporu,Yurt Dışı,Yabancı,Yok,Doğrulanacak,Yıllık,Sürekli Lig,Oyuncu Bilgi,Bilgi,Oyuncu,Jenerik,Türkçe,Body,Oyuncu Bilgi,Maccabi Tel Aviv B.C.,roman sorkin,,,,,Genişletme
roman sorkin istatistik,EuroLeague,Basketbol,Lig,1. Seviye,Ana Liste,Erkek,Kulüp,Takım Sporu,Yurt Dışı,Yabancı,Yok,Doğrulanacak,Yıllık,Sürekli Lig,İstatistik,Bilgi,Oyuncu,Jenerik,İngilizce,Body,İstatistik,Maccabi Tel Aviv B.C.,roman sorkin,,,,,Genişletme
will rayman,EuroLeague,Basketbol,Lig,1. Seviye,Ana Liste,Erkek,Kulüp,Takım Sporu,Yurt Dışı,Yabancı,Yok,Doğrulanacak,Yıllık,Sürekli Lig,Oyuncu Jenerik,Bilgi,Oyuncu,Jenerik,İngilizce,Head,Oyuncu Jenerik,Maccabi Tel Aviv B.C.,will rayman,,,,,Genişletme
will rayman kimdir,EuroLeague,Basketbol,Lig,1. Seviye,Ana Liste,Erkek,Kulüp,Takım Sporu,Yurt Dışı,Yabancı,Yok,Doğrulanacak,Yıllık,Sürekli Lig,Oyuncu Bilgi,Bilgi,Oyuncu,Jenerik,İngilizce,Body,Oyuncu Bilgi,Maccabi Tel Aviv B.C.,will rayman,,,,,Genişletme
will rayman hangi takımda,EuroLeague,Basketbol,Lig,1. Seviye,Ana Liste,Erkek,Kulüp,Takım Sporu,Yurt Dışı,Yabancı,Yok,Doğrulanacak,Yıllık,Sürekli Lig,Oyuncu Bilgi,Bilgi,Oyuncu,Jenerik,Türkçe,Body,Oyuncu Bilgi,Maccabi Tel Aviv B.C.,will rayman,,,,,Genişletme
will rayman istatistik,EuroLeague,Basketbol,Lig,1. Seviye,Ana Liste,Erkek,Kulüp,Takım Sporu,Yurt Dışı,Yabancı,Yok,Doğrulanacak,Yıllık,Sürekli Lig,İstatistik,Bilgi,Oyuncu,Jenerik,İngilizce,Body,İstatistik,Maccabi Tel Aviv B.C.,will rayman,,,,,Genişletme
john dibartolomeo,EuroLeague,Basketbol,Lig,1. Seviye,Ana Liste,Erkek,Kulüp,Takım Sporu,Yurt Dışı,Yabancı,Yok,Doğrulanacak,Yıllık,Sürekli Lig,Oyuncu Jenerik,Bilgi,Oyuncu,Jenerik,İngilizce,Head,Oyuncu Jenerik,Maccabi Tel Aviv B.C.,john dibartolomeo,,,,,Genişletme
john dibartolomeo kimdir,EuroLeague,Basketbol,Lig,1. Seviye,Ana Liste,Erkek,Kulüp,Takım Sporu,Yurt Dışı,Yabancı,Yok,Doğrulanacak,Yıllık,Sürekli Lig,Oyuncu Bilgi,Bilgi,Oyuncu,Jenerik,İngilizce,Body,Oyuncu Bilgi,Maccabi Tel Aviv B.C.,john dibartolomeo,,,,,Genişletme
john dibartolomeo hangi takımda,EuroLeague,Basketbol,Lig,1. Seviye,Ana Liste,Erkek,Kulüp,Takım Sporu,Yurt Dışı,Yabancı,Yok,Doğrulanacak,Yıllık,Sürekli Lig,Oyuncu Bilgi,Bilgi,Oyuncu,Jenerik,Türkçe,Body,Oyuncu Bilgi,Maccabi Tel Aviv B.C.,john dibartolomeo,,,,,Genişletme
john dibartolomeo istatistik,EuroLeague,Basketbol,Lig,1. Seviye,Ana Liste,Erkek,Kulüp,Takım Sporu,Yurt Dışı,Yabancı,Yok,Doğrulanacak,Yıllık,Sürekli Lig,İstatistik,Bilgi,Oyuncu,Jenerik,İngilizce,Body,İstatistik,Maccabi Tel Aviv B.C.,john dibartolomeo,,,,,Genişletme
keaton wallace,EuroLeague,Basketbol,Lig,1. Seviye,Ana Liste,Erkek,Kulüp,Takım Sporu,Yurt Dışı,Yabancı,Yok,Doğrulanacak,Yıllık,Sürekli Lig,Oyuncu Jenerik,Bilgi,Oyuncu,Jenerik,İngilizce,Head,Oyuncu Jenerik,Maccabi Tel Aviv B.C.,keaton wallace,,,,,Genişletme
keaton wallace kimdir,EuroLeague,Basketbol,Lig,1. Seviye,Ana Liste,Erkek,Kulüp,Takım Sporu,Yurt Dışı,Yabancı,Yok,Doğrulanacak,Yıllık,Sürekli Lig,Oyuncu Bilgi,Bilgi,Oyuncu,Jenerik,İngilizce,Body,Oyuncu Bilgi,Maccabi Tel Aviv B.C.,keaton wallace,,,,,Genişletme
keaton wallace hangi takımda,EuroLeague,Basketbol,Lig,1. Seviye,Ana Liste,Erkek,Kulüp,Takım Sporu,Yurt Dışı,Yabancı,Yok,Doğrulanacak,Yıllık,Sürekli Lig,Oyuncu Bilgi,Bilgi,Oyuncu,Jenerik,Türkçe,Body,Oyuncu Bilgi,Maccabi Tel Aviv B.C.,keaton wallace,,,,,Genişletme
keaton wallace istatistik,EuroLeague,Basketbol,Lig,1. Seviye,Ana Liste,Erkek,Kulüp,Takım Sporu,Yurt Dışı,Yabancı,Yok,Doğrulanacak,Yıllık,Sürekli Lig,İstatistik,Bilgi,Oyuncu,Jenerik,İngilizce,Body,İstatistik,Maccabi Tel Aviv B.C.,keaton wallace,,,,,Genişletme
t. j. leaf,EuroLeague,Basketbol,Lig,1. Seviye,Ana Liste,Erkek,Kulüp,Takım Sporu,Yurt Dışı,Yabancı,Yok,Doğrulanacak,Yıllık,Sürekli Lig,Oyuncu Jenerik,Bilgi,Oyuncu,Jenerik,İngilizce,Body,Oyuncu Jenerik,Maccabi Tel Aviv B.C.,t. j. leaf,,,,,Genişletme
t. j. leaf kimdir,EuroLeague,Basketbol,Lig,1. Seviye,Ana Liste,Erkek,Kulüp,Takım Sporu,Yurt Dışı,Yabancı,Yok,Doğrulanacak,Yıllık,Sürekli Lig,Oyuncu Bilgi,Bilgi,Oyuncu,Jenerik,İngilizce,Body,Oyuncu Bilgi,Maccabi Tel Aviv B.C.,t. j. leaf,,,,,Genişletme
t. j. leaf hangi takımda,EuroLeague,Basketbol,Lig,1. Seviye,Ana Liste,Erkek,Kulüp,Takım Sporu,Yurt Dışı,Yabancı,Yok,Doğrulanacak,Yıllık,Sürekli Lig,Oyuncu Bilgi,Bilgi,Oyuncu,Jenerik,Türkçe,Long-tail,Oyuncu Bilgi,Maccabi Tel Aviv B.C.,t. j. leaf,,,,,Genişletme
t. j. leaf istatistik,EuroLeague,Basketbol,Lig,1. Seviye,Ana Liste,Erkek,Kulüp,Takım Sporu,Yurt Dışı,Yabancı,Yok,Doğrulanacak,Yıllık,Sürekli Lig,İstatistik,Bilgi,Oyuncu,Jenerik,İngilizce,Body,İstatistik,Maccabi Tel Aviv B.C.,t. j. leaf,,,,,Genişletme
yam madar,EuroLeague,Basketbol,Lig,1. Seviye,Ana Liste,Erkek,Kulüp,Takım Sporu,Yurt Dışı,Yabancı,Yok,Doğrulanacak,Yıllık,Sürekli Lig,Oyuncu Jenerik,Bilgi,Oyuncu,Jenerik,İngilizce,Head,Oyuncu Jenerik,Maccabi Tel Aviv B.C.,yam madar,,,,,Genişletme
yam madar kimdir,EuroLeague,Basketbol,Lig,1. Seviye,Ana Liste,Erkek,Kulüp,Takım Sporu,Yurt Dışı,Yabancı,Yok,Doğrulanacak,Yıllık,Sürekli Lig,Oyuncu Bilgi,Bilgi,Oyuncu,Jenerik,İngilizce,Body,Oyuncu Bilgi,Maccabi Tel Aviv B.C.,yam madar,,,,,Genişletme
yam madar hangi takımda,EuroLeague,Basketbol,Lig,1. Seviye,Ana Liste,Erkek,Kulüp,Takım Sporu,Yurt Dışı,Yabancı,Yok,Doğrulanacak,Yıllık,Sürekli Lig,Oyuncu Bilgi,Bilgi,Oyuncu,Jenerik,Türkçe,Body,Oyuncu Bilgi,Maccabi Tel Aviv B.C.,yam madar,,,,,Genişletme
yam madar istatistik,EuroLeague,Basketbol,Lig,1. Seviye,Ana Liste,Erkek,Kulüp,Takım Sporu,Yurt Dışı,Yabancı,Yok,Doğrulanacak,Yıllık,Sürekli Lig,İstatistik,Bilgi,Oyuncu,Jenerik,İngilizce,Body,İstatistik,Maccabi Tel Aviv B.C.,yam madar,,,,,Genişletme
shane hunter,EuroLeague,Basketbol,Lig,1. Seviye,Ana Liste,Erkek,Kulüp,Takım Sporu,Yurt Dışı,Yabancı,Yok,Doğrulanacak,Yıllık,Sürekli Lig,Oyuncu Jenerik,Bilgi,Oyuncu,Jenerik,İngilizce,Head,Oyuncu Jenerik,Maccabi Tel Aviv B.C.,shane hunter,,,,,Genişletme
shane hunter kimdir,EuroLeague,Basketbol,Lig,1. Seviye,Ana Liste,Erkek,Kulüp,Takım Sporu,Yurt Dışı,Yabancı,Yok,Doğrulanacak,Yıllık,Sürekli Lig,Oyuncu Bilgi,Bilgi,Oyuncu,Jenerik,İngilizce,Body,Oyuncu Bilgi,Maccabi Tel Aviv B.C.,shane hunter,,,,,Genişletme
shane hunter hangi takımda,EuroLeague,Basketbol,Lig,1. Seviye,Ana Liste,Erkek,Kulüp,Takım Sporu,Yurt Dışı,Yabancı,Yok,Doğrulanacak,Yıllık,Sürekli Lig,Oyuncu Bilgi,Bilgi,Oyuncu,Jenerik,Türkçe,Body,Oyuncu Bilgi,Maccabi Tel Aviv B.C.,shane hunter,,,,,Genişletme
shane hunter istatistik,EuroLeague,Basketbol,Lig,1. Seviye,Ana Liste,Erkek,Kulüp,Takım Sporu,Yurt Dışı,Yabancı,Yok,Doğrulanacak,Yıllık,Sürekli Lig,İstatistik,Bilgi,Oyuncu,Jenerik,İngilizce,Body,İstatistik,Maccabi Tel Aviv B.C.,shane hunter,,,,,Genişletme
kyle allman jr.,EuroLeague,Basketbol,Lig,1. Seviye,Ana Liste,Erkek,Kulüp,Takım Sporu,Yurt Dışı,Yabancı,Yok,Doğrulanacak,Yıllık,Sürekli Lig,Oyuncu Jenerik,Bilgi,Oyuncu,Jenerik,İngilizce,Body,Oyuncu Jenerik,KK Partizan,kyle allman jr.,,,,,Genişletme
kyle allman jr. kimdir,EuroLeague,Basketbol,Lig,1. Seviye,Ana Liste,Erkek,Kulüp,Takım Sporu,Yurt Dışı,Yabancı,Yok,Doğrulanacak,Yıllık,Sürekli Lig,Oyuncu Bilgi,Bilgi,Oyuncu,Jenerik,İngilizce,Body,Oyuncu Bilgi,KK Partizan,kyle allman jr.,,,,,Genişletme
kyle allman jr. hangi takımda,EuroLeague,Basketbol,Lig,1. Seviye,Ana Liste,Erkek,Kulüp,Takım Sporu,Yurt Dışı,Yabancı,Yok,Doğrulanacak,Yıllık,Sürekli Lig,Oyuncu Bilgi,Bilgi,Oyuncu,Jenerik,Türkçe,Long-tail,Oyuncu Bilgi,KK Partizan,kyle allman jr.,,,,,Genişletme
kyle allman jr. istatistik,EuroLeague,Basketbol,Lig,1. Seviye,Ana Liste,Erkek,Kulüp,Takım Sporu,Yurt Dışı,Yabancı,Yok,Doğrulanacak,Yıllık,Sürekli Lig,İstatistik,Bilgi,Oyuncu,Jenerik,İngilizce,Body,İstatistik,KK Partizan,kyle allman jr.,,,,,Genişletme
carlik jones,EuroLeague,Basketbol,Lig,1. Seviye,Ana Liste,Erkek,Kulüp,Takım Sporu,Yurt Dışı,Yabancı,Yok,Doğrulanacak,Yıllık,Sürekli Lig,Oyuncu Jenerik,Bilgi,Oyuncu,Jenerik,İngilizce,Head,Oyuncu Jenerik,KK Partizan,carlik jones,,,,,Genişletme
carlik jones kimdir,EuroLeague,Basketbol,Lig,1. Seviye,Ana Liste,Erkek,Kulüp,Takım Sporu,Yurt Dışı,Yabancı,Yok,Doğrulanacak,Yıllık,Sürekli Lig,Oyuncu Bilgi,Bilgi,Oyuncu,Jenerik,İngilizce,Body,Oyuncu Bilgi,KK Partizan,carlik jones,,,,,Genişletme
carlik jones hangi takımda,EuroLeague,Basketbol,Lig,1. Seviye,Ana Liste,Erkek,Kulüp,Takım Sporu,Yurt Dışı,Yabancı,Yok,Doğrulanacak,Yıllık,Sürekli Lig,Oyuncu Bilgi,Bilgi,Oyuncu,Jenerik,Türkçe,Body,Oyuncu Bilgi,KK Partizan,carlik jones,,,,,Genişletme
carlik jones istatistik,EuroLeague,Basketbol,Lig,1. Seviye,Ana Liste,Erkek,Kulüp,Takım Sporu,Yurt Dışı,Yabancı,Yok,Doğrulanacak,Yıllık,Sürekli Lig,İstatistik,Bilgi,Oyuncu,Jenerik,İngilizce,Body,İstatistik,KK Partizan,carlik jones,,,,,Genişletme
ethan thompson,EuroLeague,Basketbol,Lig,1. Seviye,Ana Liste,Erkek,Kulüp,Takım Sporu,Yurt Dışı,Yabancı,Yok,Doğrulanacak,Yıllık,Sürekli Lig,Oyuncu Jenerik,Bilgi,Oyuncu,Jenerik,İngilizce,Head,Oyuncu Jenerik,KK Partizan,ethan thompson,,,,,Genişletme
ethan thompson kimdir,EuroLeague,Basketbol,Lig,1. Seviye,Ana Liste,Erkek,Kulüp,Takım Sporu,Yurt Dışı,Yabancı,Yok,Doğrulanacak,Yıllık,Sürekli Lig,Oyuncu Bilgi,Bilgi,Oyuncu,Jenerik,İngilizce,Body,Oyuncu Bilgi,KK Partizan,ethan thompson,,,,,Genişletme
ethan thompson hangi takımda,EuroLeague,Basketbol,Lig,1. Seviye,Ana Liste,Erkek,Kulüp,Takım Sporu,Yurt Dışı,Yabancı,Yok,Doğrulanacak,Yıllık,Sürekli Lig,Oyuncu Bilgi,Bilgi,Oyuncu,Jenerik,Türkçe,Body,Oyuncu Bilgi,KK Partizan,ethan thompson,,,,,Genişletme
ethan thompson istatistik,EuroLeague,Basketbol,Lig,1. Seviye,Ana Liste,Erkek,Kulüp,Takım Sporu,Yurt Dışı,Yabancı,Yok,Doğrulanacak,Yıllık,Sürekli Lig,İstatistik,Bilgi,Oyuncu,Jenerik,İngilizce,Body,İstatistik,KK Partizan,ethan thompson,,,,,Genişletme
alessandro pajola,EuroLeague,Basketbol,Lig,1. Seviye,Ana Liste,Erkek,Kulüp,Takım Sporu,Yurt Dışı,Yabancı,Yok,Doğrulanacak,Yıllık,Sürekli Lig,Oyuncu Jenerik,Bilgi,Oyuncu,Jenerik,İngilizce,Head,Oyuncu Jenerik,KK Partizan,alessandro pajola,,,,,Genişletme
alessandro pajola kimdir,EuroLeague,Basketbol,Lig,1. Seviye,Ana Liste,Erkek,Kulüp,Takım Sporu,Yurt Dışı,Yabancı,Yok,Doğrulanacak,Yıllık,Sürekli Lig,Oyuncu Bilgi,Bilgi,Oyuncu,Jenerik,İngilizce,Body,Oyuncu Bilgi,KK Partizan,alessandro pajola,,,,,Genişletme
alessandro pajola hangi takımda,EuroLeague,Basketbol,Lig,1. Seviye,Ana Liste,Erkek,Kulüp,Takım Sporu,Yurt Dışı,Yabancı,Yok,Doğrulanacak,Yıllık,Sürekli Lig,Oyuncu Bilgi,Bilgi,Oyuncu,Jenerik,Türkçe,Body,Oyuncu Bilgi,KK Partizan,alessandro pajola,,,,,Genişletme
alessandro pajola istatistik,EuroLeague,Basketbol,Lig,1. Seviye,Ana Liste,Erkek,Kulüp,Takım Sporu,Yurt Dışı,Yabancı,Yok,Doğrulanacak,Yıllık,Sürekli Lig,İstatistik,Bilgi,Oyuncu,Jenerik,İngilizce,Body,İstatistik,KK Partizan,alessandro pajola,,,,,Genişletme
mario nakic,EuroLeague,Basketbol,Lig,1. Seviye,Ana Liste,Erkek,Kulüp,Takım Sporu,Yurt Dışı,Yabancı,Yok,Doğrulanacak,Yıllık,Sürekli Lig,Oyuncu Jenerik,Bilgi,Oyuncu,Jenerik,İngilizce,Head,Oyuncu Jenerik,KK Partizan,mario nakic,,,,,Genişletme
mario nakic kimdir,EuroLeague,Basketbol,Lig,1. Seviye,Ana Liste,Erkek,Kulüp,Takım Sporu,Yurt Dışı,Yabancı,Yok,Doğrulanacak,Yıllık,Sürekli Lig,Oyuncu Bilgi,Bilgi,Oyuncu,Jenerik,İngilizce,Body,Oyuncu Bilgi,KK Partizan,mario nakic,,,,,Genişletme
mario nakic hangi takımda,EuroLeague,Basketbol,Lig,1. Seviye,Ana Liste,Erkek,Kulüp,Takım Sporu,Yurt Dışı,Yabancı,Yok,Doğrulanacak,Yıllık,Sürekli Lig,Oyuncu Bilgi,Bilgi,Oyuncu,Jenerik,Türkçe,Body,Oyuncu Bilgi,KK Partizan,mario nakic,,,,,Genişletme
mario nakic istatistik,EuroLeague,Basketbol,Lig,1. Seviye,Ana Liste,Erkek,Kulüp,Takım Sporu,Yurt Dışı,Yabancı,Yok,Doğrulanacak,Yıllık,Sürekli Lig,İstatistik,Bilgi,Oyuncu,Jenerik,İngilizce,Body,İstatistik,KK Partizan,mario nakic,,,,,Genişletme
nikola tanaskovic,EuroLeague,Basketbol,Lig,1. Seviye,Ana Liste,Erkek,Kulüp,Takım Sporu,Yurt Dışı,Yabancı,Yok,Doğrulanacak,Yıllık,Sürekli Lig,Oyuncu Jenerik,Bilgi,Oyuncu,Jenerik,İngilizce,Head,Oyuncu Jenerik,KK Partizan,nikola tanaskovic,,,,,Genişletme
nikola tanaskovic kimdir,EuroLeague,Basketbol,Lig,1. Seviye,Ana Liste,Erkek,Kulüp,Takım Sporu,Yurt Dışı,Yabancı,Yok,Doğrulanacak,Yıllık,Sürekli Lig,Oyuncu Bilgi,Bilgi,Oyuncu,Jenerik,İngilizce,Body,Oyuncu Bilgi,KK Partizan,nikola tanaskovic,,,,,Genişletme
nikola tanaskovic hangi takımda,EuroLeague,Basketbol,Lig,1. Seviye,Ana Liste,Erkek,Kulüp,Takım Sporu,Yurt Dışı,Yabancı,Yok,Doğrulanacak,Yıllık,Sürekli Lig,Oyuncu Bilgi,Bilgi,Oyuncu,Jenerik,Türkçe,Body,Oyuncu Bilgi,KK Partizan,nikola tanaskovic,,,,,Genişletme
nikola tanaskovic istatistik,EuroLeague,Basketbol,Lig,1. Seviye,Ana Liste,Erkek,Kulüp,Takım Sporu,Yurt Dışı,Yabancı,Yok,Doğrulanacak,Yıllık,Sürekli Lig,İstatistik,Bilgi,Oyuncu,Jenerik,İngilizce,Body,İstatistik,KK Partizan,nikola tanaskovic,,,,,Genişletme
kevarrius hayes,EuroLeague,Basketbol,Lig,1. Seviye,Ana Liste,Erkek,Kulüp,Takım Sporu,Yurt Dışı,Yabancı,Yok,Doğrulanacak,Yıllık,Sürekli Lig,Oyuncu Jenerik,Bilgi,Oyuncu,Jenerik,İngilizce,Head,Oyuncu Jenerik,KK Partizan,kevarrius hayes,,,,,Genişletme
kevarrius hayes kimdir,EuroLeague,Basketbol,Lig,1. Seviye,Ana Liste,Erkek,Kulüp,Takım Sporu,Yurt Dışı,Yabancı,Yok,Doğrulanacak,Yıllık,Sürekli Lig,Oyuncu Bilgi,Bilgi,Oyuncu,Jenerik,İngilizce,Body,Oyuncu Bilgi,KK Partizan,kevarrius hayes,,,,,Genişletme
kevarrius hayes hangi takımda,EuroLeague,Basketbol,Lig,1. Seviye,Ana Liste,Erkek,Kulüp,Takım Sporu,Yurt Dışı,Yabancı,Yok,Doğrulanacak,Yıllık,Sürekli Lig,Oyuncu Bilgi,Bilgi,Oyuncu,Jenerik,Türkçe,Body,Oyuncu Bilgi,KK Partizan,kevarrius hayes,,,,,Genişletme
kevarrius hayes istatistik,EuroLeague,Basketbol,Lig,1. Seviye,Ana Liste,Erkek,Kulüp,Takım Sporu,Yurt Dışı,Yabancı,Yok,Doğrulanacak,Yıllık,Sürekli Lig,İstatistik,Bilgi,Oyuncu,Jenerik,İngilizce,Body,İstatistik,KK Partizan,kevarrius hayes,,,,,Genişletme
arijan lakic,EuroLeague,Basketbol,Lig,1. Seviye,Ana Liste,Erkek,Kulüp,Takım Sporu,Yurt Dışı,Yabancı,Yok,Doğrulanacak,Yıllık,Sürekli Lig,Oyuncu Jenerik,Bilgi,Oyuncu,Jenerik,İngilizce,Head,Oyuncu Jenerik,KK Partizan,arijan lakic,,,,,Genişletme
arijan lakic kimdir,EuroLeague,Basketbol,Lig,1. Seviye,Ana Liste,Erkek,Kulüp,Takım Sporu,Yurt Dışı,Yabancı,Yok,Doğrulanacak,Yıllık,Sürekli Lig,Oyuncu Bilgi,Bilgi,Oyuncu,Jenerik,İngilizce,Body,Oyuncu Bilgi,KK Partizan,arijan lakic,,,,,Genişletme
arijan lakic hangi takımda,EuroLeague,Basketbol,Lig,1. Seviye,Ana Liste,Erkek,Kulüp,Takım Sporu,Yurt Dışı,Yabancı,Yok,Doğrulanacak,Yıllık,Sürekli Lig,Oyuncu Bilgi,Bilgi,Oyuncu,Jenerik,Türkçe,Body,Oyuncu Bilgi,KK Partizan,arijan lakic,,,,,Genişletme
arijan lakic istatistik,EuroLeague,Basketbol,Lig,1. Seviye,Ana Liste,Erkek,Kulüp,Takım Sporu,Yurt Dışı,Yabancı,Yok,Doğrulanacak,Yıllık,Sürekli Lig,İstatistik,Bilgi,Oyuncu,Jenerik,İngilizce,Body,İstatistik,KK Partizan,arijan lakic,,,,,Genişletme
tonye jekiri,EuroLeague,Basketbol,Lig,1. Seviye,Ana Liste,Erkek,Kulüp,Takım Sporu,Yurt Dışı,Yabancı,Yok,Doğrulanacak,Yıllık,Sürekli Lig,Oyuncu Jenerik,Bilgi,Oyuncu,Jenerik,İngilizce,Head,Oyuncu Jenerik,KK Partizan,tonye jekiri,,,,,Genişletme
tonye jekiri kimdir,EuroLeague,Basketbol,Lig,1. Seviye,Ana Liste,Erkek,Kulüp,Takım Sporu,Yurt Dışı,Yabancı,Yok,Doğrulanacak,Yıllık,Sürekli Lig,Oyuncu Bilgi,Bilgi,Oyuncu,Jenerik,İngilizce,Body,Oyuncu Bilgi,KK Partizan,tonye jekiri,,,,,Genişletme
tonye jekiri hangi takımda,EuroLeague,Basketbol,Lig,1. Seviye,Ana Liste,Erkek,Kulüp,Takım Sporu,Yurt Dışı,Yabancı,Yok,Doğrulanacak,Yıllık,Sürekli Lig,Oyuncu Bilgi,Bilgi,Oyuncu,Jenerik,Türkçe,Body,Oyuncu Bilgi,KK Partizan,tonye jekiri,,,,,Genişletme
tonye jekiri istatistik,EuroLeague,Basketbol,Lig,1. Seviye,Ana Liste,Erkek,Kulüp,Takım Sporu,Yurt Dışı,Yabancı,Yok,Doğrulanacak,Yıllık,Sürekli Lig,İstatistik,Bilgi,Oyuncu,Jenerik,İngilizce,Body,İstatistik,KK Partizan,tonye jekiri,,,,,Genişletme
derek willis,EuroLeague,Basketbol,Lig,1. Seviye,Ana Liste,Erkek,Kulüp,Takım Sporu,Yurt Dışı,Yabancı,Yok,Doğrulanacak,Yıllık,Sürekli Lig,Oyuncu Jenerik,Bilgi,Oyuncu,Jenerik,İngilizce,Head,Oyuncu Jenerik,KK Partizan,derek willis,,,,,Genişletme
derek willis kimdir,EuroLeague,Basketbol,Lig,1. Seviye,Ana Liste,Erkek,Kulüp,Takım Sporu,Yurt Dışı,Yabancı,Yok,Doğrulanacak,Yıllık,Sürekli Lig,Oyuncu Bilgi,Bilgi,Oyuncu,Jenerik,İngilizce,Body,Oyuncu Bilgi,KK Partizan,derek willis,,,,,Genişletme
derek willis hangi takımda,EuroLeague,Basketbol,Lig,1. Seviye,Ana Liste,Erkek,Kulüp,Takım Sporu,Yurt Dışı,Yabancı,Yok,Doğrulanacak,Yıllık,Sürekli Lig,Oyuncu Bilgi,Bilgi,Oyuncu,Jenerik,Türkçe,Body,Oyuncu Bilgi,KK Partizan,derek willis,,,,,Genişletme
derek willis istatistik,EuroLeague,Basketbol,Lig,1. Seviye,Ana Liste,Erkek,Kulüp,Takım Sporu,Yurt Dışı,Yabancı,Yok,Doğrulanacak,Yıllık,Sürekli Lig,İstatistik,Bilgi,Oyuncu,Jenerik,İngilizce,Body,İstatistik,KK Partizan,derek willis,,,,,Genişletme
matteo spagnolo,EuroLeague,Basketbol,Lig,1. Seviye,Ana Liste,Erkek,Kulüp,Takım Sporu,Yurt Dışı,Yabancı,Yok,Doğrulanacak,Yıllık,Sürekli Lig,Oyuncu Jenerik,Bilgi,Oyuncu,Jenerik,İngilizce,Head,Oyuncu Jenerik,Saski Baskonia,matteo spagnolo,,,,,Genişletme
matteo spagnolo kimdir,EuroLeague,Basketbol,Lig,1. Seviye,Ana Liste,Erkek,Kulüp,Takım Sporu,Yurt Dışı,Yabancı,Yok,Doğrulanacak,Yıllık,Sürekli Lig,Oyuncu Bilgi,Bilgi,Oyuncu,Jenerik,İngilizce,Body,Oyuncu Bilgi,Saski Baskonia,matteo spagnolo,,,,,Genişletme
matteo spagnolo hangi takımda,EuroLeague,Basketbol,Lig,1. Seviye,Ana Liste,Erkek,Kulüp,Takım Sporu,Yurt Dışı,Yabancı,Yok,Doğrulanacak,Yıllık,Sürekli Lig,Oyuncu Bilgi,Bilgi,Oyuncu,Jenerik,Türkçe,Body,Oyuncu Bilgi,Saski Baskonia,matteo spagnolo,,,,,Genişletme
matteo spagnolo istatistik,EuroLeague,Basketbol,Lig,1. Seviye,Ana Liste,Erkek,Kulüp,Takım Sporu,Yurt Dışı,Yabancı,Yok,Doğrulanacak,Yıllık,Sürekli Lig,İstatistik,Bilgi,Oyuncu,Jenerik,İngilizce,Body,İstatistik,Saski Baskonia,matteo spagnolo,,,,,Genişletme
khalifa diop,EuroLeague,Basketbol,Lig,1. Seviye,Ana Liste,Erkek,Kulüp,Takım Sporu,Yurt Dışı,Yabancı,Yok,Doğrulanacak,Yıllık,Sürekli Lig,Oyuncu Jenerik,Bilgi,Oyuncu,Jenerik,İngilizce,Head,Oyuncu Jenerik,Saski Baskonia,khalifa diop,,,,,Genişletme
khalifa diop kimdir,EuroLeague,Basketbol,Lig,1. Seviye,Ana Liste,Erkek,Kulüp,Takım Sporu,Yurt Dışı,Yabancı,Yok,Doğrulanacak,Yıllık,Sürekli Lig,Oyuncu Bilgi,Bilgi,Oyuncu,Jenerik,İngilizce,Body,Oyuncu Bilgi,Saski Baskonia,khalifa diop,,,,,Genişletme
khalifa diop hangi takımda,EuroLeague,Basketbol,Lig,1. Seviye,Ana Liste,Erkek,Kulüp,Takım Sporu,Yurt Dışı,Yabancı,Yok,Doğrulanacak,Yıllık,Sürekli Lig,Oyuncu Bilgi,Bilgi,Oyuncu,Jenerik,Türkçe,Body,Oyuncu Bilgi,Saski Baskonia,khalifa diop,,,,,Genişletme
khalifa diop istatistik,EuroLeague,Basketbol,Lig,1. Seviye,Ana Liste,Erkek,Kulüp,Takım Sporu,Yurt Dışı,Yabancı,Yok,Doğrulanacak,Yıllık,Sürekli Lig,İstatistik,Bilgi,Oyuncu,Jenerik,İngilizce,Body,İstatistik,Saski Baskonia,khalifa diop,,,,,Genişletme
clement frisch,EuroLeague,Basketbol,Lig,1. Seviye,Ana Liste,Erkek,Kulüp,Takım Sporu,Yurt Dışı,Yabancı,Yok,Doğrulanacak,Yıllık,Sürekli Lig,Oyuncu Jenerik,Bilgi,Oyuncu,Jenerik,İngilizce,Head,Oyuncu Jenerik,Saski Baskonia,clement frisch,,,,,Genişletme
clement frisch kimdir,EuroLeague,Basketbol,Lig,1. Seviye,Ana Liste,Erkek,Kulüp,Takım Sporu,Yurt Dışı,Yabancı,Yok,Doğrulanacak,Yıllık,Sürekli Lig,Oyuncu Bilgi,Bilgi,Oyuncu,Jenerik,İngilizce,Body,Oyuncu Bilgi,Saski Baskonia,clement frisch,,,,,Genişletme
clement frisch hangi takımda,EuroLeague,Basketbol,Lig,1. Seviye,Ana Liste,Erkek,Kulüp,Takım Sporu,Yurt Dışı,Yabancı,Yok,Doğrulanacak,Yıllık,Sürekli Lig,Oyuncu Bilgi,Bilgi,Oyuncu,Jenerik,Türkçe,Body,Oyuncu Bilgi,Saski Baskonia,clement frisch,,,,,Genişletme
clement frisch istatistik,EuroLeague,Basketbol,Lig,1. Seviye,Ana Liste,Erkek,Kulüp,Takım Sporu,Yurt Dışı,Yabancı,Yok,Doğrulanacak,Yıllık,Sürekli Lig,İstatistik,Bilgi,Oyuncu,Jenerik,İngilizce,Body,İstatistik,Saski Baskonia,clement frisch,,,,,Genişletme
stefan joksimovic,EuroLeague,Basketbol,Lig,1. Seviye,Ana Liste,Erkek,Kulüp,Takım Sporu,Yurt Dışı,Yabancı,Yok,Doğrulanacak,Yıllık,Sürekli Lig,Oyuncu Jenerik,Bilgi,Oyuncu,Jenerik,İngilizce,Head,Oyuncu Jenerik,Saski Baskonia,stefan joksimovic,,,,,Genişletme
stefan joksimovic kimdir,EuroLeague,Basketbol,Lig,1. Seviye,Ana Liste,Erkek,Kulüp,Takım Sporu,Yurt Dışı,Yabancı,Yok,Doğrulanacak,Yıllık,Sürekli Lig,Oyuncu Bilgi,Bilgi,Oyuncu,Jenerik,İngilizce,Body,Oyuncu Bilgi,Saski Baskonia,stefan joksimovic,,,,,Genişletme
stefan joksimovic hangi takımda,EuroLeague,Basketbol,Lig,1. Seviye,Ana Liste,Erkek,Kulüp,Takım Sporu,Yurt Dışı,Yabancı,Yok,Doğrulanacak,Yıllık,Sürekli Lig,Oyuncu Bilgi,Bilgi,Oyuncu,Jenerik,Türkçe,Body,Oyuncu Bilgi,Saski Baskonia,stefan joksimovic,,,,,Genişletme
stefan joksimovic istatistik,EuroLeague,Basketbol,Lig,1. Seviye,Ana Liste,Erkek,Kulüp,Takım Sporu,Yurt Dışı,Yabancı,Yok,Doğrulanacak,Yıllık,Sürekli Lig,İstatistik,Bilgi,Oyuncu,Jenerik,İngilizce,Body,İstatistik,Saski Baskonia,stefan joksimovic,,,,,Genişletme
chris duarte,EuroLeague,Basketbol,Lig,1. Seviye,Ana Liste,Erkek,Kulüp,Takım Sporu,Yurt Dışı,Yabancı,Yok,Doğrulanacak,Yıllık,Sürekli Lig,Oyuncu Jenerik,Bilgi,Oyuncu,Jenerik,İngilizce,Head,Oyuncu Jenerik,Saski Baskonia,chris duarte,,,,,Genişletme
chris duarte kimdir,EuroLeague,Basketbol,Lig,1. Seviye,Ana Liste,Erkek,Kulüp,Takım Sporu,Yurt Dışı,Yabancı,Yok,Doğrulanacak,Yıllık,Sürekli Lig,Oyuncu Bilgi,Bilgi,Oyuncu,Jenerik,İngilizce,Body,Oyuncu Bilgi,Saski Baskonia,chris duarte,,,,,Genişletme
chris duarte hangi takımda,EuroLeague,Basketbol,Lig,1. Seviye,Ana Liste,Erkek,Kulüp,Takım Sporu,Yurt Dışı,Yabancı,Yok,Doğrulanacak,Yıllık,Sürekli Lig,Oyuncu Bilgi,Bilgi,Oyuncu,Jenerik,Türkçe,Body,Oyuncu Bilgi,Saski Baskonia,chris duarte,,,,,Genişletme
chris duarte istatistik,EuroLeague,Basketbol,Lig,1. Seviye,Ana Liste,Erkek,Kulüp,Takım Sporu,Yurt Dışı,Yabancı,Yok,Doğrulanacak,Yıllık,Sürekli Lig,İstatistik,Bilgi,Oyuncu,Jenerik,İngilizce,Body,İstatistik,Saski Baskonia,chris duarte,,,,,Genişletme
a. j. lawson,EuroLeague,Basketbol,Lig,1. Seviye,Ana Liste,Erkek,Kulüp,Takım Sporu,Yurt Dışı,Yabancı,Yok,Doğrulanacak,Yıllık,Sürekli Lig,Oyuncu Jenerik,Bilgi,Oyuncu,Jenerik,İngilizce,Body,Oyuncu Jenerik,Saski Baskonia,a. j. lawson,,,,,Genişletme
a. j. lawson kimdir,EuroLeague,Basketbol,Lig,1. Seviye,Ana Liste,Erkek,Kulüp,Takım Sporu,Yurt Dışı,Yabancı,Yok,Doğrulanacak,Yıllık,Sürekli Lig,Oyuncu Bilgi,Bilgi,Oyuncu,Jenerik,İngilizce,Body,Oyuncu Bilgi,Saski Baskonia,a. j. lawson,,,,,Genişletme
a. j. lawson hangi takımda,EuroLeague,Basketbol,Lig,1. Seviye,Ana Liste,Erkek,Kulüp,Takım Sporu,Yurt Dışı,Yabancı,Yok,Doğrulanacak,Yıllık,Sürekli Lig,Oyuncu Bilgi,Bilgi,Oyuncu,Jenerik,Türkçe,Long-tail,Oyuncu Bilgi,Saski Baskonia,a. j. lawson,,,,,Genişletme
a. j. lawson istatistik,EuroLeague,Basketbol,Lig,1. Seviye,Ana Liste,Erkek,Kulüp,Takım Sporu,Yurt Dışı,Yabancı,Yok,Doğrulanacak,Yıllık,Sürekli Lig,İstatistik,Bilgi,Oyuncu,Jenerik,İngilizce,Body,İstatistik,Saski Baskonia,a. j. lawson,,,,,Genişletme
d.j. stewart jr.,EuroLeague,Basketbol,Lig,1. Seviye,Ana Liste,Erkek,Kulüp,Takım Sporu,Yurt Dışı,Yabancı,Yok,Doğrulanacak,Yıllık,Sürekli Lig,Oyuncu Jenerik,Bilgi,Oyuncu,Jenerik,İngilizce,Body,Oyuncu Jenerik,Saski Baskonia,d.j. stewart jr.,,,,,Genişletme
d.j. stewart jr. kimdir,EuroLeague,Basketbol,Lig,1. Seviye,Ana Liste,Erkek,Kulüp,Takım Sporu,Yurt Dışı,Yabancı,Yok,Doğrulanacak,Yıllık,Sürekli Lig,Oyuncu Bilgi,Bilgi,Oyuncu,Jenerik,İngilizce,Body,Oyuncu Bilgi,Saski Baskonia,d.j. stewart jr.,,,,,Genişletme
d.j. stewart jr. hangi takımda,EuroLeague,Basketbol,Lig,1. Seviye,Ana Liste,Erkek,Kulüp,Takım Sporu,Yurt Dışı,Yabancı,Yok,Doğrulanacak,Yıllık,Sürekli Lig,Oyuncu Bilgi,Bilgi,Oyuncu,Jenerik,Türkçe,Long-tail,Oyuncu Bilgi,Saski Baskonia,d.j. stewart jr.,,,,,Genişletme
d.j. stewart jr. istatistik,EuroLeague,Basketbol,Lig,1. Seviye,Ana Liste,Erkek,Kulüp,Takım Sporu,Yurt Dışı,Yabancı,Yok,Doğrulanacak,Yıllık,Sürekli Lig,İstatistik,Bilgi,Oyuncu,Jenerik,İngilizce,Body,İstatistik,Saski Baskonia,d.j. stewart jr.,,,,,Genişletme
damion baugh,EuroLeague,Basketbol,Lig,1. Seviye,Ana Liste,Erkek,Kulüp,Takım Sporu,Yurt Dışı,Yabancı,Yok,Doğrulanacak,Yıllık,Sürekli Lig,Oyuncu Jenerik,Bilgi,Oyuncu,Jenerik,İngilizce,Head,Oyuncu Jenerik,Saski Baskonia,damion baugh,,,,,Genişletme
damion baugh kimdir,EuroLeague,Basketbol,Lig,1. Seviye,Ana Liste,Erkek,Kulüp,Takım Sporu,Yurt Dışı,Yabancı,Yok,Doğrulanacak,Yıllık,Sürekli Lig,Oyuncu Bilgi,Bilgi,Oyuncu,Jenerik,İngilizce,Body,Oyuncu Bilgi,Saski Baskonia,damion baugh,,,,,Genişletme
damion baugh hangi takımda,EuroLeague,Basketbol,Lig,1. Seviye,Ana Liste,Erkek,Kulüp,Takım Sporu,Yurt Dışı,Yabancı,Yok,Doğrulanacak,Yıllık,Sürekli Lig,Oyuncu Bilgi,Bilgi,Oyuncu,Jenerik,Türkçe,Body,Oyuncu Bilgi,Saski Baskonia,damion baugh,,,,,Genişletme
damion baugh istatistik,EuroLeague,Basketbol,Lig,1. Seviye,Ana Liste,Erkek,Kulüp,Takım Sporu,Yurt Dışı,Yabancı,Yok,Doğrulanacak,Yıllık,Sürekli Lig,İstatistik,Bilgi,Oyuncu,Jenerik,İngilizce,Body,İstatistik,Saski Baskonia,damion baugh,,,,,Genişletme
i̇lkay gündoğan,Süper Lig,Futbol,Lig,1. Seviye,Ana Liste,Erkek,Kulüp,Takım Sporu,Türkiye,Yerli,Türk Takımı Var,TV+ Yok,Yıllık,Sürekli Lig,Oyuncu Jenerik,Bilgi,Oyuncu,Jenerik,Türkçe,Head,Oyuncu Jenerik,galatasaray,i̇lkay gündoğan,,,,,Genişletme
i̇lkay gündoğan kimdir,Süper Lig,Futbol,Lig,1. Seviye,Ana Liste,Erkek,Kulüp,Takım Sporu,Türkiye,Yerli,Türk Takımı Var,TV+ Yok,Yıllık,Sürekli Lig,Oyuncu Bilgi,Bilgi,Oyuncu,Jenerik,Türkçe,Body,Oyuncu Bilgi,galatasaray,i̇lkay gündoğan,,,,,Genişletme
i̇lkay gündoğan hangi takımda,Süper Lig,Futbol,Lig,1. Seviye,Ana Liste,Erkek,Kulüp,Takım Sporu,Türkiye,Yerli,Türk Takımı Var,TV+ Yok,Yıllık,Sürekli Lig,Oyuncu Bilgi,Bilgi,Oyuncu,Jenerik,Türkçe,Body,Oyuncu Bilgi,galatasaray,i̇lkay gündoğan,,,,,Genişletme
i̇lkay gündoğan istatistik,Süper Lig,Futbol,Lig,1. Seviye,Ana Liste,Erkek,Kulüp,Takım Sporu,Türkiye,Yerli,Türk Takımı Var,TV+ Yok,Yıllık,Sürekli Lig,İstatistik,Bilgi,Oyuncu,Jenerik,Türkçe,Body,İstatistik,galatasaray,i̇lkay gündoğan,,,,,Genişletme
i̇smail yüksek,Süper Lig,Futbol,Lig,1. Seviye,Ana Liste,Erkek,Kulüp,Takım Sporu,Türkiye,Yerli,Türk Takımı Var,TV+ Yok,Yıllık,Sürekli Lig,Oyuncu Jenerik,Bilgi,Oyuncu,Jenerik,Türkçe,Head,Oyuncu Jenerik,fenerbahçe,i̇smail yüksek,,,,,Genişletme
i̇smail yüksek kimdir,Süper Lig,Futbol,Lig,1. Seviye,Ana Liste,Erkek,Kulüp,Takım Sporu,Türkiye,Yerli,Türk Takımı Var,TV+ Yok,Yıllık,Sürekli Lig,Oyuncu Bilgi,Bilgi,Oyuncu,Jenerik,Türkçe,Body,Oyuncu Bilgi,fenerbahçe,i̇smail yüksek,,,,,Genişletme
i̇smail yüksek hangi takımda,Süper Lig,Futbol,Lig,1. Seviye,Ana Liste,Erkek,Kulüp,Takım Sporu,Türkiye,Yerli,Türk Takımı Var,TV+ Yok,Yıllık,Sürekli Lig,Oyuncu Bilgi,Bilgi,Oyuncu,Jenerik,Türkçe,Body,Oyuncu Bilgi,fenerbahçe,i̇smail yüksek,,,,,Genişletme
i̇smail yüksek istatistik,Süper Lig,Futbol,Lig,1. Seviye,Ana Liste,Erkek,Kulüp,Takım Sporu,Türkiye,Yerli,Türk Takımı Var,TV+ Yok,Yıllık,Sürekli Lig,İstatistik,Bilgi,Oyuncu,Jenerik,Türkçe,Body,İstatistik,fenerbahçe,i̇smail yüksek,,,,,Genişletme
i̇rfan can kahveci,Süper Lig,Futbol,Lig,1. Seviye,Ana Liste,Erkek,Kulüp,Takım Sporu,Türkiye,Yerli,Türk Takımı Var,TV+ Yok,Yıllık,Sürekli Lig,Oyuncu Jenerik,Bilgi,Oyuncu,Jenerik,Türkçe,Body,Oyuncu Jenerik,fenerbahçe,i̇rfan can kahveci,,,,,Genişletme
i̇rfan can kahveci kimdir,Süper Lig,Futbol,Lig,1. Seviye,Ana Liste,Erkek,Kulüp,Takım Sporu,Türkiye,Yerli,Türk Takımı Var,TV+ Yok,Yıllık,Sürekli Lig,Oyuncu Bilgi,Bilgi,Oyuncu,Jenerik,Türkçe,Body,Oyuncu Bilgi,fenerbahçe,i̇rfan can kahveci,,,,,Genişletme
i̇rfan can kahveci hangi takımda,Süper Lig,Futbol,Lig,1. Seviye,Ana Liste,Erkek,Kulüp,Takım Sporu,Türkiye,Yerli,Türk Takımı Var,TV+ Yok,Yıllık,Sürekli Lig,Oyuncu Bilgi,Bilgi,Oyuncu,Jenerik,Türkçe,Long-tail,Oyuncu Bilgi,fenerbahçe,i̇rfan can kahveci,,,,,Genişletme
i̇rfan can kahveci istatistik,Süper Lig,Futbol,Lig,1. Seviye,Ana Liste,Erkek,Kulüp,Takım Sporu,Türkiye,Yerli,Türk Takımı Var,TV+ Yok,Yıllık,Sürekli Lig,İstatistik,Bilgi,Oyuncu,Jenerik,Türkçe,Body,İstatistik,fenerbahçe,i̇rfan can kahveci,,,,,Genişletme
i̇lhan fakılı,Süper Lig,Futbol,Lig,1. Seviye,Ana Liste,Erkek,Kulüp,Takım Sporu,Türkiye,Yerli,Türk Takımı Var,TV+ Yok,Yıllık,Sürekli Lig,Oyuncu Jenerik,Bilgi,Oyuncu,Jenerik,Türkçe,Head,Oyuncu Jenerik,beşiktaş,i̇lhan fakılı,,,,,Genişletme
i̇lhan fakılı kimdir,Süper Lig,Futbol,Lig,1. Seviye,Ana Liste,Erkek,Kulüp,Takım Sporu,Türkiye,Yerli,Türk Takımı Var,TV+ Yok,Yıllık,Sürekli Lig,Oyuncu Bilgi,Bilgi,Oyuncu,Jenerik,Türkçe,Body,Oyuncu Bilgi,beşiktaş,i̇lhan fakılı,,,,,Genişletme
i̇lhan fakılı hangi takımda,Süper Lig,Futbol,Lig,1. Seviye,Ana Liste,Erkek,Kulüp,Takım Sporu,Türkiye,Yerli,Türk Takımı Var,TV+ Yok,Yıllık,Sürekli Lig,Oyuncu Bilgi,Bilgi,Oyuncu,Jenerik,Türkçe,Body,Oyuncu Bilgi,beşiktaş,i̇lhan fakılı,,,,,Genişletme
i̇lhan fakılı istatistik,Süper Lig,Futbol,Lig,1. Seviye,Ana Liste,Erkek,Kulüp,Takım Sporu,Türkiye,Yerli,Türk Takımı Var,TV+ Yok,Yıllık,Sürekli Lig,İstatistik,Bilgi,Oyuncu,Jenerik,Türkçe,Body,İstatistik,beşiktaş,i̇lhan fakılı,,,,,Genişletme
i̇zzet çelik,Süper Lig,Futbol,Lig,1. Seviye,Ana Liste,Erkek,Kulüp,Takım Sporu,Türkiye,Yerli,Türk Takımı Var,TV+ Yok,Yıllık,Sürekli Lig,Oyuncu Jenerik,Bilgi,Oyuncu,Jenerik,Türkçe,Head,Oyuncu Jenerik,alanyaspor,i̇zzet çelik,,,,,Genişletme
i̇zzet çelik kimdir,Süper Lig,Futbol,Lig,1. Seviye,Ana Liste,Erkek,Kulüp,Takım Sporu,Türkiye,Yerli,Türk Takımı Var,TV+ Yok,Yıllık,Sürekli Lig,Oyuncu Bilgi,Bilgi,Oyuncu,Jenerik,Türkçe,Body,Oyuncu Bilgi,alanyaspor,i̇zzet çelik,,,,,Genişletme
i̇zzet çelik hangi takımda,Süper Lig,Futbol,Lig,1. Seviye,Ana Liste,Erkek,Kulüp,Takım Sporu,Türkiye,Yerli,Türk Takımı Var,TV+ Yok,Yıllık,Sürekli Lig,Oyuncu Bilgi,Bilgi,Oyuncu,Jenerik,Türkçe,Body,Oyuncu Bilgi,alanyaspor,i̇zzet çelik,,,,,Genişletme
i̇zzet çelik istatistik,Süper Lig,Futbol,Lig,1. Seviye,Ana Liste,Erkek,Kulüp,Takım Sporu,Türkiye,Yerli,Türk Takımı Var,TV+ Yok,Yıllık,Sürekli Lig,İstatistik,Bilgi,Oyuncu,Jenerik,Türkçe,Body,İstatistik,alanyaspor,i̇zzet çelik,,,,,Genişletme
i̇brahim kaya,Süper Lig,Futbol,Lig,1. Seviye,Ana Liste,Erkek,Kulüp,Takım Sporu,Türkiye,Yerli,Türk Takımı Var,TV+ Yok,Yıllık,Sürekli Lig,Oyuncu Jenerik,Bilgi,Oyuncu,Jenerik,Türkçe,Head,Oyuncu Jenerik,alanyaspor,i̇brahim kaya,,,,,Genişletme
i̇brahim kaya kimdir,Süper Lig,Futbol,Lig,1. Seviye,Ana Liste,Erkek,Kulüp,Takım Sporu,Türkiye,Yerli,Türk Takımı Var,TV+ Yok,Yıllık,Sürekli Lig,Oyuncu Bilgi,Bilgi,Oyuncu,Jenerik,Türkçe,Body,Oyuncu Bilgi,alanyaspor,i̇brahim kaya,,,,,Genişletme
i̇brahim kaya hangi takımda,Süper Lig,Futbol,Lig,1. Seviye,Ana Liste,Erkek,Kulüp,Takım Sporu,Türkiye,Yerli,Türk Takımı Var,TV+ Yok,Yıllık,Sürekli Lig,Oyuncu Bilgi,Bilgi,Oyuncu,Jenerik,Türkçe,Body,Oyuncu Bilgi,alanyaspor,i̇brahim kaya,,,,,Genişletme
i̇brahim kaya istatistik,Süper Lig,Futbol,Lig,1. Seviye,Ana Liste,Erkek,Kulüp,Takım Sporu,Türkiye,Yerli,Türk Takımı Var,TV+ Yok,Yıllık,Sürekli Lig,İstatistik,Bilgi,Oyuncu,Jenerik,Türkçe,Body,İstatistik,alanyaspor,i̇brahim kaya,,,,,Genişletme
melih i̇brahimoğlu,Süper Lig,Futbol,Lig,1. Seviye,Ana Liste,Erkek,Kulüp,Takım Sporu,Türkiye,Yerli,Türk Takımı Var,TV+ Yok,Yıllık,Sürekli Lig,Oyuncu Jenerik,Bilgi,Oyuncu,Jenerik,Türkçe,Head,Oyuncu Jenerik,konyaspor,melih i̇brahimoğlu,,,,,Genişletme
melih i̇brahimoğlu kimdir,Süper Lig,Futbol,Lig,1. Seviye,Ana Liste,Erkek,Kulüp,Takım Sporu,Türkiye,Yerli,Türk Takımı Var,TV+ Yok,Yıllık,Sürekli Lig,Oyuncu Bilgi,Bilgi,Oyuncu,Jenerik,Türkçe,Body,Oyuncu Bilgi,konyaspor,melih i̇brahimoğlu,,,,,Genişletme
melih i̇brahimoğlu hangi takımda,Süper Lig,Futbol,Lig,1. Seviye,Ana Liste,Erkek,Kulüp,Takım Sporu,Türkiye,Yerli,Türk Takımı Var,TV+ Yok,Yıllık,Sürekli Lig,Oyuncu Bilgi,Bilgi,Oyuncu,Jenerik,Türkçe,Body,Oyuncu Bilgi,konyaspor,melih i̇brahimoğlu,,,,,Genişletme
melih i̇brahimoğlu istatistik,Süper Lig,Futbol,Lig,1. Seviye,Ana Liste,Erkek,Kulüp,Takım Sporu,Türkiye,Yerli,Türk Takımı Var,TV+ Yok,Yıllık,Sürekli Lig,İstatistik,Bilgi,Oyuncu,Jenerik,Türkçe,Body,İstatistik,konyaspor,melih i̇brahimoğlu,,,,,Genişletme
ege i̇zmirli,Süper Lig,Futbol,Lig,1. Seviye,Ana Liste,Erkek,Kulüp,Takım Sporu,Türkiye,Yerli,Türk Takımı Var,TV+ Yok,Yıllık,Sürekli Lig,Oyuncu Jenerik,Bilgi,Oyuncu,Jenerik,Türkçe,Head,Oyuncu Jenerik,antalyaspor,ege i̇zmirli,,,,,Genişletme
ege i̇zmirli kimdir,Süper Lig,Futbol,Lig,1. Seviye,Ana Liste,Erkek,Kulüp,Takım Sporu,Türkiye,Yerli,Türk Takımı Var,TV+ Yok,Yıllık,Sürekli Lig,Oyuncu Bilgi,Bilgi,Oyuncu,Jenerik,Türkçe,Body,Oyuncu Bilgi,antalyaspor,ege i̇zmirli,,,,,Genişletme
ege i̇zmirli hangi takımda,Süper Lig,Futbol,Lig,1. Seviye,Ana Liste,Erkek,Kulüp,Takım Sporu,Türkiye,Yerli,Türk Takımı Var,TV+ Yok,Yıllık,Sürekli Lig,Oyuncu Bilgi,Bilgi,Oyuncu,Jenerik,Türkçe,Body,Oyuncu Bilgi,antalyaspor,ege i̇zmirli,,,,,Genişletme
ege i̇zmirli istatistik,Süper Lig,Futbol,Lig,1. Seviye,Ana Liste,Erkek,Kulüp,Takım Sporu,Türkiye,Yerli,Türk Takımı Var,TV+ Yok,Yıllık,Sürekli Lig,İstatistik,Bilgi,Oyuncu,Jenerik,Türkçe,Body,İstatistik,antalyaspor,ege i̇zmirli,,,,,Genişletme
yakub i̇lçin,Süper Lig,Futbol,Lig,1. Seviye,Ana Liste,Erkek,Kulüp,Takım Sporu,Türkiye,Yerli,Türk Takımı Var,TV+ Yok,Yıllık,Sürekli Lig,Oyuncu Jenerik,Bilgi,Oyuncu,Jenerik,Türkçe,Head,Oyuncu Jenerik,antalyaspor,yakub i̇lçin,,,,,Genişletme
yakub i̇lçin kimdir,Süper Lig,Futbol,Lig,1. Seviye,Ana Liste,Erkek,Kulüp,Takım Sporu,Türkiye,Yerli,Türk Takımı Var,TV+ Yok,Yıllık,Sürekli Lig,Oyuncu Bilgi,Bilgi,Oyuncu,Jenerik,Türkçe,Body,Oyuncu Bilgi,antalyaspor,yakub i̇lçin,,,,,Genişletme
yakub i̇lçin hangi takımda,Süper Lig,Futbol,Lig,1. Seviye,Ana Liste,Erkek,Kulüp,Takım Sporu,Türkiye,Yerli,Türk Takımı Var,TV+ Yok,Yıllık,Sürekli Lig,Oyuncu Bilgi,Bilgi,Oyuncu,Jenerik,Türkçe,Body,Oyuncu Bilgi,antalyaspor,yakub i̇lçin,,,,,Genişletme
yakub i̇lçin istatistik,Süper Lig,Futbol,Lig,1. Seviye,Ana Liste,Erkek,Kulüp,Takım Sporu,Türkiye,Yerli,Türk Takımı Var,TV+ Yok,Yıllık,Sürekli Lig,İstatistik,Bilgi,Oyuncu,Jenerik,Türkçe,Body,İstatistik,antalyaspor,yakub i̇lçin,,,,,Genişletme
i̇brahim kağan alkış,Süper Lig,Futbol,Lig,1. Seviye,Ana Liste,Erkek,Kulüp,Takım Sporu,Türkiye,Yerli,Türk Takımı Var,TV+ Yok,Yıllık,Sürekli Lig,Oyuncu Jenerik,Bilgi,Oyuncu,Jenerik,Türkçe,Body,Oyuncu Jenerik,gaziantep fk,i̇brahim kağan alkış,,,,,Genişletme
i̇brahim kağan alkış kimdir,Süper Lig,Futbol,Lig,1. Seviye,Ana Liste,Erkek,Kulüp,Takım Sporu,Türkiye,Yerli,Türk Takımı Var,TV+ Yok,Yıllık,Sürekli Lig,Oyuncu Bilgi,Bilgi,Oyuncu,Jenerik,Türkçe,Body,Oyuncu Bilgi,gaziantep fk,i̇brahim kağan alkış,,,,,Genişletme
i̇brahim kağan alkış hangi takımda,Süper Lig,Futbol,Lig,1. Seviye,Ana Liste,Erkek,Kulüp,Takım Sporu,Türkiye,Yerli,Türk Takımı Var,TV+ Yok,Yıllık,Sürekli Lig,Oyuncu Bilgi,Bilgi,Oyuncu,Jenerik,Türkçe,Long-tail,Oyuncu Bilgi,gaziantep fk,i̇brahim kağan alkış,,,,,Genişletme
i̇brahim kağan alkış istatistik,Süper Lig,Futbol,Lig,1. Seviye,Ana Liste,Erkek,Kulüp,Takım Sporu,Türkiye,Yerli,Türk Takımı Var,TV+ Yok,Yıllık,Sürekli Lig,İstatistik,Bilgi,Oyuncu,Jenerik,Türkçe,Body,İstatistik,gaziantep fk,i̇brahim kağan alkış,,,,,Genişletme
taşkın i̇lter,Süper Lig,Futbol,Lig,1. Seviye,Ana Liste,Erkek,Kulüp,Takım Sporu,Türkiye,Yerli,Türk Takımı Var,TV+ Yok,Yıllık,Sürekli Lig,Oyuncu Jenerik,Bilgi,Oyuncu,Jenerik,Türkçe,Head,Oyuncu Jenerik,eyüpspor,taşkın i̇lter,,,,,Genişletme
taşkın i̇lter kimdir,Süper Lig,Futbol,Lig,1. Seviye,Ana Liste,Erkek,Kulüp,Takım Sporu,Türkiye,Yerli,Türk Takımı Var,TV+ Yok,Yıllık,Sürekli Lig,Oyuncu Bilgi,Bilgi,Oyuncu,Jenerik,Türkçe,Body,Oyuncu Bilgi,eyüpspor,taşkın i̇lter,,,,,Genişletme
taşkın i̇lter hangi takımda,Süper Lig,Futbol,Lig,1. Seviye,Ana Liste,Erkek,Kulüp,Takım Sporu,Türkiye,Yerli,Türk Takımı Var,TV+ Yok,Yıllık,Sürekli Lig,Oyuncu Bilgi,Bilgi,Oyuncu,Jenerik,Türkçe,Body,Oyuncu Bilgi,eyüpspor,taşkın i̇lter,,,,,Genişletme
taşkın i̇lter istatistik,Süper Lig,Futbol,Lig,1. Seviye,Ana Liste,Erkek,Kulüp,Takım Sporu,Türkiye,Yerli,Türk Takımı Var,TV+ Yok,Yıllık,Sürekli Lig,İstatistik,Bilgi,Oyuncu,Jenerik,Türkçe,Body,İstatistik,eyüpspor,taşkın i̇lter,,,,,Genişletme
i̇rfan can eğribayat,Süper Lig,Futbol,Lig,1. Seviye,Ana Liste,Erkek,Kulüp,Takım Sporu,Türkiye,Yerli,Türk Takımı Var,TV+ Yok,Yıllık,Sürekli Lig,Oyuncu Jenerik,Bilgi,Oyuncu,Jenerik,Türkçe,Body,Oyuncu Jenerik,gençlerbirliği,i̇rfan can eğribayat,,,,,Genişletme
i̇rfan can eğribayat kimdir,Süper Lig,Futbol,Lig,1. Seviye,Ana Liste,Erkek,Kulüp,Takım Sporu,Türkiye,Yerli,Türk Takımı Var,TV+ Yok,Yıllık,Sürekli Lig,Oyuncu Bilgi,Bilgi,Oyuncu,Jenerik,Türkçe,Body,Oyuncu Bilgi,gençlerbirliği,i̇rfan can eğribayat,,,,,Genişletme
i̇rfan can eğribayat hangi takımda,Süper Lig,Futbol,Lig,1. Seviye,Ana Liste,Erkek,Kulüp,Takım Sporu,Türkiye,Yerli,Türk Takımı Var,TV+ Yok,Yıllık,Sürekli Lig,Oyuncu Bilgi,Bilgi,Oyuncu,Jenerik,Türkçe,Long-tail,Oyuncu Bilgi,gençlerbirliği,i̇rfan can eğribayat,,,,,Genişletme
i̇rfan can eğribayat istatistik,Süper Lig,Futbol,Lig,1. Seviye,Ana Liste,Erkek,Kulüp,Takım Sporu,Türkiye,Yerli,Türk Takımı Var,TV+ Yok,Yıllık,Sürekli Lig,İstatistik,Bilgi,Oyuncu,Jenerik,Türkçe,Body,İstatistik,gençlerbirliği,i̇rfan can eğribayat,,,,,Genişletme
taha i̇brahim rençber,Süper Lig,Futbol,Lig,1. Seviye,Ana Liste,Erkek,Kulüp,Takım Sporu,Türkiye,Yerli,Türk Takımı Var,TV+ Yok,Yıllık,Sürekli Lig,Oyuncu Jenerik,Bilgi,Oyuncu,Jenerik,Türkçe,Body,Oyuncu Jenerik,çorum fk,taha i̇brahim rençber,,,,,Genişletme
taha i̇brahim rençber kimdir,Süper Lig,Futbol,Lig,1. Seviye,Ana Liste,Erkek,Kulüp,Takım Sporu,Türkiye,Yerli,Türk Takımı Var,TV+ Yok,Yıllık,Sürekli Lig,Oyuncu Bilgi,Bilgi,Oyuncu,Jenerik,Türkçe,Body,Oyuncu Bilgi,çorum fk,taha i̇brahim rençber,,,,,Genişletme
taha i̇brahim rençber hangi takımda,Süper Lig,Futbol,Lig,1. Seviye,Ana Liste,Erkek,Kulüp,Takım Sporu,Türkiye,Yerli,Türk Takımı Var,TV+ Yok,Yıllık,Sürekli Lig,Oyuncu Bilgi,Bilgi,Oyuncu,Jenerik,Türkçe,Long-tail,Oyuncu Bilgi,çorum fk,taha i̇brahim rençber,,,,,Genişletme
taha i̇brahim rençber istatistik,Süper Lig,Futbol,Lig,1. Seviye,Ana Liste,Erkek,Kulüp,Takım Sporu,Türkiye,Yerli,Türk Takımı Var,TV+ Yok,Yıllık,Sürekli Lig,İstatistik,Bilgi,Oyuncu,Jenerik,Türkçe,Body,İstatistik,çorum fk,taha i̇brahim rençber,,,,,Genişletme
i̇lkan sever,Süper Lig,Futbol,Lig,1. Seviye,Ana Liste,Erkek,Kulüp,Takım Sporu,Türkiye,Yerli,Türk Takımı Var,TV+ Yok,Yıllık,Sürekli Lig,Oyuncu Jenerik,Bilgi,Oyuncu,Jenerik,Türkçe,Head,Oyuncu Jenerik,erzurumspor,i̇lkan sever,,,,,Genişletme
i̇lkan sever kimdir,Süper Lig,Futbol,Lig,1. Seviye,Ana Liste,Erkek,Kulüp,Takım Sporu,Türkiye,Yerli,Türk Takımı Var,TV+ Yok,Yıllık,Sürekli Lig,Oyuncu Bilgi,Bilgi,Oyuncu,Jenerik,Türkçe,Body,Oyuncu Bilgi,erzurumspor,i̇lkan sever,,,,,Genişletme
i̇lkan sever hangi takımda,Süper Lig,Futbol,Lig,1. Seviye,Ana Liste,Erkek,Kulüp,Takım Sporu,Türkiye,Yerli,Türk Takımı Var,TV+ Yok,Yıllık,Sürekli Lig,Oyuncu Bilgi,Bilgi,Oyuncu,Jenerik,Türkçe,Body,Oyuncu Bilgi,erzurumspor,i̇lkan sever,,,,,Genişletme
i̇lkan sever istatistik,Süper Lig,Futbol,Lig,1. Seviye,Ana Liste,Erkek,Kulüp,Takım Sporu,Türkiye,Yerli,Türk Takımı Var,TV+ Yok,Yıllık,Sürekli Lig,İstatistik,Bilgi,Oyuncu,Jenerik,Türkçe,Body,İstatistik,erzurumspor,i̇lkan sever,,,,,Genişletme
i̇smail kalburcu,TFF 1. Lig,Futbol,Lig,1. Seviye,Ana Liste,Erkek,Kulüp,Takım Sporu,Türkiye,Yerli,Türk Takımı Var,TV+ Yok,Yıllık,Sürekli Lig,Oyuncu Jenerik,Bilgi,Oyuncu,Jenerik,Türkçe,Head,Oyuncu Jenerik,boluspor,i̇smail kalburcu,,,,,Genişletme
i̇smail kalburcu kimdir,TFF 1. Lig,Futbol,Lig,1. Seviye,Ana Liste,Erkek,Kulüp,Takım Sporu,Türkiye,Yerli,Türk Takımı Var,TV+ Yok,Yıllık,Sürekli Lig,Oyuncu Bilgi,Bilgi,Oyuncu,Jenerik,Türkçe,Body,Oyuncu Bilgi,boluspor,i̇smail kalburcu,,,,,Genişletme
i̇smail kalburcu hangi takımda,TFF 1. Lig,Futbol,Lig,1. Seviye,Ana Liste,Erkek,Kulüp,Takım Sporu,Türkiye,Yerli,Türk Takımı Var,TV+ Yok,Yıllık,Sürekli Lig,Oyuncu Bilgi,Bilgi,Oyuncu,Jenerik,Türkçe,Body,Oyuncu Bilgi,boluspor,i̇smail kalburcu,,,,,Genişletme
i̇smail kalburcu istatistik,TFF 1. Lig,Futbol,Lig,1. Seviye,Ana Liste,Erkek,Kulüp,Takım Sporu,Türkiye,Yerli,Türk Takımı Var,TV+ Yok,Yıllık,Sürekli Lig,İstatistik,Bilgi,Oyuncu,Jenerik,Türkçe,Body,İstatistik,boluspor,i̇smail kalburcu,,,,,Genişletme
ada i̇bik,TFF 1. Lig,Futbol,Lig,1. Seviye,Ana Liste,Erkek,Kulüp,Takım Sporu,Türkiye,Yerli,Türk Takımı Var,TV+ Yok,Yıllık,Sürekli Lig,Oyuncu Jenerik,Bilgi,Oyuncu,Jenerik,Türkçe,Head,Oyuncu Jenerik,manisa fk,ada i̇bik,,,,,Genişletme
ada i̇bik kimdir,TFF 1. Lig,Futbol,Lig,1. Seviye,Ana Liste,Erkek,Kulüp,Takım Sporu,Türkiye,Yerli,Türk Takımı Var,TV+ Yok,Yıllık,Sürekli Lig,Oyuncu Bilgi,Bilgi,Oyuncu,Jenerik,Türkçe,Body,Oyuncu Bilgi,manisa fk,ada i̇bik,,,,,Genişletme
ada i̇bik hangi takımda,TFF 1. Lig,Futbol,Lig,1. Seviye,Ana Liste,Erkek,Kulüp,Takım Sporu,Türkiye,Yerli,Türk Takımı Var,TV+ Yok,Yıllık,Sürekli Lig,Oyuncu Bilgi,Bilgi,Oyuncu,Jenerik,Türkçe,Body,Oyuncu Bilgi,manisa fk,ada i̇bik,,,,,Genişletme
ada i̇bik istatistik,TFF 1. Lig,Futbol,Lig,1. Seviye,Ana Liste,Erkek,Kulüp,Takım Sporu,Türkiye,Yerli,Türk Takımı Var,TV+ Yok,Yıllık,Sürekli Lig,İstatistik,Bilgi,Oyuncu,Jenerik,Türkçe,Body,İstatistik,manisa fk,ada i̇bik,,,,,Genişletme
fırat i̇nal,TFF 1. Lig,Futbol,Lig,1. Seviye,Ana Liste,Erkek,Kulüp,Takım Sporu,Türkiye,Yerli,Türk Takımı Var,TV+ Yok,Yıllık,Sürekli Lig,Oyuncu Jenerik,Bilgi,Oyuncu,Jenerik,Türkçe,Head,Oyuncu Jenerik,manisa fk,fırat i̇nal,,,,,Genişletme
fırat i̇nal kimdir,TFF 1. Lig,Futbol,Lig,1. Seviye,Ana Liste,Erkek,Kulüp,Takım Sporu,Türkiye,Yerli,Türk Takımı Var,TV+ Yok,Yıllık,Sürekli Lig,Oyuncu Bilgi,Bilgi,Oyuncu,Jenerik,Türkçe,Body,Oyuncu Bilgi,manisa fk,fırat i̇nal,,,,,Genişletme
fırat i̇nal hangi takımda,TFF 1. Lig,Futbol,Lig,1. Seviye,Ana Liste,Erkek,Kulüp,Takım Sporu,Türkiye,Yerli,Türk Takımı Var,TV+ Yok,Yıllık,Sürekli Lig,Oyuncu Bilgi,Bilgi,Oyuncu,Jenerik,Türkçe,Body,Oyuncu Bilgi,manisa fk,fırat i̇nal,,,,,Genişletme
fırat i̇nal istatistik,TFF 1. Lig,Futbol,Lig,1. Seviye,Ana Liste,Erkek,Kulüp,Takım Sporu,Türkiye,Yerli,Türk Takımı Var,TV+ Yok,Yıllık,Sürekli Lig,İstatistik,Bilgi,Oyuncu,Jenerik,Türkçe,Body,İstatistik,manisa fk,fırat i̇nal,,,,,Genişletme
i̇shak karaoğul,TFF 1. Lig,Futbol,Lig,1. Seviye,Ana Liste,Erkek,Kulüp,Takım Sporu,Türkiye,Yerli,Türk Takımı Var,TV+ Yok,Yıllık,Sürekli Lig,Oyuncu Jenerik,Bilgi,Oyuncu,Jenerik,Türkçe,Head,Oyuncu Jenerik,keçiörengücü,i̇shak karaoğul,,,,,Genişletme
i̇shak karaoğul kimdir,TFF 1. Lig,Futbol,Lig,1. Seviye,Ana Liste,Erkek,Kulüp,Takım Sporu,Türkiye,Yerli,Türk Takımı Var,TV+ Yok,Yıllık,Sürekli Lig,Oyuncu Bilgi,Bilgi,Oyuncu,Jenerik,Türkçe,Body,Oyuncu Bilgi,keçiörengücü,i̇shak karaoğul,,,,,Genişletme
i̇shak karaoğul hangi takımda,TFF 1. Lig,Futbol,Lig,1. Seviye,Ana Liste,Erkek,Kulüp,Takım Sporu,Türkiye,Yerli,Türk Takımı Var,TV+ Yok,Yıllık,Sürekli Lig,Oyuncu Bilgi,Bilgi,Oyuncu,Jenerik,Türkçe,Body,Oyuncu Bilgi,keçiörengücü,i̇shak karaoğul,,,,,Genişletme
i̇shak karaoğul istatistik,TFF 1. Lig,Futbol,Lig,1. Seviye,Ana Liste,Erkek,Kulüp,Takım Sporu,Türkiye,Yerli,Türk Takımı Var,TV+ Yok,Yıllık,Sürekli Lig,İstatistik,Bilgi,Oyuncu,Jenerik,Türkçe,Body,İstatistik,keçiörengücü,i̇shak karaoğul,,,,,Genişletme
i̇brahim akdağ,TFF 1. Lig,Futbol,Lig,1. Seviye,Ana Liste,Erkek,Kulüp,Takım Sporu,Türkiye,Yerli,Türk Takımı Var,TV+ Yok,Yıllık,Sürekli Lig,Oyuncu Jenerik,Bilgi,Oyuncu,Jenerik,Türkçe,Head,Oyuncu Jenerik,keçiörengücü,i̇brahim akdağ,,,,,Genişletme
i̇brahim akdağ kimdir,TFF 1. Lig,Futbol,Lig,1. Seviye,Ana Liste,Erkek,Kulüp,Takım Sporu,Türkiye,Yerli,Türk Takımı Var,TV+ Yok,Yıllık,Sürekli Lig,Oyuncu Bilgi,Bilgi,Oyuncu,Jenerik,Türkçe,Body,Oyuncu Bilgi,keçiörengücü,i̇brahim akdağ,,,,,Genişletme
i̇brahim akdağ hangi takımda,TFF 1. Lig,Futbol,Lig,1. Seviye,Ana Liste,Erkek,Kulüp,Takım Sporu,Türkiye,Yerli,Türk Takımı Var,TV+ Yok,Yıllık,Sürekli Lig,Oyuncu Bilgi,Bilgi,Oyuncu,Jenerik,Türkçe,Body,Oyuncu Bilgi,keçiörengücü,i̇brahim akdağ,,,,,Genişletme
i̇brahim akdağ istatistik,TFF 1. Lig,Futbol,Lig,1. Seviye,Ana Liste,Erkek,Kulüp,Takım Sporu,Türkiye,Yerli,Türk Takımı Var,TV+ Yok,Yıllık,Sürekli Lig,İstatistik,Bilgi,Oyuncu,Jenerik,Türkçe,Body,İstatistik,keçiörengücü,i̇brahim akdağ,,,,,Genişletme
ulaş i̇mergi,TFF 1. Lig,Futbol,Lig,1. Seviye,Ana Liste,Erkek,Kulüp,Takım Sporu,Türkiye,Yerli,Türk Takımı Var,TV+ Yok,Yıllık,Sürekli Lig,Oyuncu Jenerik,Bilgi,Oyuncu,Jenerik,Türkçe,Head,Oyuncu Jenerik,adana demirspor,ulaş i̇mergi,,,,,Genişletme
ulaş i̇mergi kimdir,TFF 1. Lig,Futbol,Lig,1. Seviye,Ana Liste,Erkek,Kulüp,Takım Sporu,Türkiye,Yerli,Türk Takımı Var,TV+ Yok,Yıllık,Sürekli Lig,Oyuncu Bilgi,Bilgi,Oyuncu,Jenerik,Türkçe,Body,Oyuncu Bilgi,adana demirspor,ulaş i̇mergi,,,,,Genişletme
ulaş i̇mergi hangi takımda,TFF 1. Lig,Futbol,Lig,1. Seviye,Ana Liste,Erkek,Kulüp,Takım Sporu,Türkiye,Yerli,Türk Takımı Var,TV+ Yok,Yıllık,Sürekli Lig,Oyuncu Bilgi,Bilgi,Oyuncu,Jenerik,Türkçe,Body,Oyuncu Bilgi,adana demirspor,ulaş i̇mergi,,,,,Genişletme
ulaş i̇mergi istatistik,TFF 1. Lig,Futbol,Lig,1. Seviye,Ana Liste,Erkek,Kulüp,Takım Sporu,Türkiye,Yerli,Türk Takımı Var,TV+ Yok,Yıllık,Sürekli Lig,İstatistik,Bilgi,Oyuncu,Jenerik,Türkçe,Body,İstatistik,adana demirspor,ulaş i̇mergi,,,,,Genişletme
hüseyin i̇şlek,TFF 1. Lig,Futbol,Lig,1. Seviye,Ana Liste,Erkek,Kulüp,Takım Sporu,Türkiye,Yerli,Türk Takımı Var,TV+ Yok,Yıllık,Sürekli Lig,Oyuncu Jenerik,Bilgi,Oyuncu,Jenerik,Türkçe,Head,Oyuncu Jenerik,pendikspor,hüseyin i̇şlek,,,,,Genişletme
hüseyin i̇şlek kimdir,TFF 1. Lig,Futbol,Lig,1. Seviye,Ana Liste,Erkek,Kulüp,Takım Sporu,Türkiye,Yerli,Türk Takımı Var,TV+ Yok,Yıllık,Sürekli Lig,Oyuncu Bilgi,Bilgi,Oyuncu,Jenerik,Türkçe,Body,Oyuncu Bilgi,pendikspor,hüseyin i̇şlek,,,,,Genişletme
hüseyin i̇şlek hangi takımda,TFF 1. Lig,Futbol,Lig,1. Seviye,Ana Liste,Erkek,Kulüp,Takım Sporu,Türkiye,Yerli,Türk Takımı Var,TV+ Yok,Yıllık,Sürekli Lig,Oyuncu Bilgi,Bilgi,Oyuncu,Jenerik,Türkçe,Body,Oyuncu Bilgi,pendikspor,hüseyin i̇şlek,,,,,Genişletme
hüseyin i̇şlek istatistik,TFF 1. Lig,Futbol,Lig,1. Seviye,Ana Liste,Erkek,Kulüp,Takım Sporu,Türkiye,Yerli,Türk Takımı Var,TV+ Yok,Yıllık,Sürekli Lig,İstatistik,Bilgi,Oyuncu,Jenerik,Türkçe,Body,İstatistik,pendikspor,hüseyin i̇şlek,,,,,Genişletme
taha emre i̇nce,TFF 1. Lig,Futbol,Lig,1. Seviye,Ana Liste,Erkek,Kulüp,Takım Sporu,Türkiye,Yerli,Türk Takımı Var,TV+ Yok,Yıllık,Sürekli Lig,Oyuncu Jenerik,Bilgi,Oyuncu,Jenerik,Türkçe,Body,Oyuncu Jenerik,pendikspor,taha emre i̇nce,,,,,Genişletme
taha emre i̇nce kimdir,TFF 1. Lig,Futbol,Lig,1. Seviye,Ana Liste,Erkek,Kulüp,Takım Sporu,Türkiye,Yerli,Türk Takımı Var,TV+ Yok,Yıllık,Sürekli Lig,Oyuncu Bilgi,Bilgi,Oyuncu,Jenerik,Türkçe,Body,Oyuncu Bilgi,pendikspor,taha emre i̇nce,,,,,Genişletme
taha emre i̇nce hangi takımda,TFF 1. Lig,Futbol,Lig,1. Seviye,Ana Liste,Erkek,Kulüp,Takım Sporu,Türkiye,Yerli,Türk Takımı Var,TV+ Yok,Yıllık,Sürekli Lig,Oyuncu Bilgi,Bilgi,Oyuncu,Jenerik,Türkçe,Long-tail,Oyuncu Bilgi,pendikspor,taha emre i̇nce,,,,,Genişletme
taha emre i̇nce istatistik,TFF 1. Lig,Futbol,Lig,1. Seviye,Ana Liste,Erkek,Kulüp,Takım Sporu,Türkiye,Yerli,Türk Takımı Var,TV+ Yok,Yıllık,Sürekli Lig,İstatistik,Bilgi,Oyuncu,Jenerik,Türkçe,Body,İstatistik,pendikspor,taha emre i̇nce,,,,,Genişletme
mehmet i̇din,TFF 1. Lig,Futbol,Lig,1. Seviye,Ana Liste,Erkek,Kulüp,Takım Sporu,Türkiye,Yerli,Türk Takımı Var,TV+ Yok,Yıllık,Sürekli Lig,Oyuncu Jenerik,Bilgi,Oyuncu,Jenerik,Türkçe,Head,Oyuncu Jenerik,esenler erokspor,mehmet i̇din,,,,,Genişletme
mehmet i̇din kimdir,TFF 1. Lig,Futbol,Lig,1. Seviye,Ana Liste,Erkek,Kulüp,Takım Sporu,Türkiye,Yerli,Türk Takımı Var,TV+ Yok,Yıllık,Sürekli Lig,Oyuncu Bilgi,Bilgi,Oyuncu,Jenerik,Türkçe,Body,Oyuncu Bilgi,esenler erokspor,mehmet i̇din,,,,,Genişletme
mehmet i̇din hangi takımda,TFF 1. Lig,Futbol,Lig,1. Seviye,Ana Liste,Erkek,Kulüp,Takım Sporu,Türkiye,Yerli,Türk Takımı Var,TV+ Yok,Yıllık,Sürekli Lig,Oyuncu Bilgi,Bilgi,Oyuncu,Jenerik,Türkçe,Body,Oyuncu Bilgi,esenler erokspor,mehmet i̇din,,,,,Genişletme
mehmet i̇din istatistik,TFF 1. Lig,Futbol,Lig,1. Seviye,Ana Liste,Erkek,Kulüp,Takım Sporu,Türkiye,Yerli,Türk Takımı Var,TV+ Yok,Yıllık,Sürekli Lig,İstatistik,Bilgi,Oyuncu,Jenerik,Türkçe,Body,İstatistik,esenler erokspor,mehmet i̇din,,,,,Genişletme
yusuf i̇slam atay,TFF 1. Lig,Futbol,Lig,1. Seviye,Ana Liste,Erkek,Kulüp,Takım Sporu,Türkiye,Yerli,Türk Takımı Var,TV+ Yok,Yıllık,Sürekli Lig,Oyuncu Jenerik,Bilgi,Oyuncu,Jenerik,Türkçe,Body,Oyuncu Jenerik,serikspor,yusuf i̇slam atay,,,,,Genişletme
yusuf i̇slam atay kimdir,TFF 1. Lig,Futbol,Lig,1. Seviye,Ana Liste,Erkek,Kulüp,Takım Sporu,Türkiye,Yerli,Türk Takımı Var,TV+ Yok,Yıllık,Sürekli Lig,Oyuncu Bilgi,Bilgi,Oyuncu,Jenerik,Türkçe,Body,Oyuncu Bilgi,serikspor,yusuf i̇slam atay,,,,,Genişletme
yusuf i̇slam atay hangi takımda,TFF 1. Lig,Futbol,Lig,1. Seviye,Ana Liste,Erkek,Kulüp,Takım Sporu,Türkiye,Yerli,Türk Takımı Var,TV+ Yok,Yıllık,Sürekli Lig,Oyuncu Bilgi,Bilgi,Oyuncu,Jenerik,Türkçe,Long-tail,Oyuncu Bilgi,serikspor,yusuf i̇slam atay,,,,,Genişletme
yusuf i̇slam atay istatistik,TFF 1. Lig,Futbol,Lig,1. Seviye,Ana Liste,Erkek,Kulüp,Takım Sporu,Türkiye,Yerli,Türk Takımı Var,TV+ Yok,Yıllık,Sürekli Lig,İstatistik,Bilgi,Oyuncu,Jenerik,Türkçe,Body,İstatistik,serikspor,yusuf i̇slam atay,,,,,Genişletme
mert i̇smet aşıcı,TFF 1. Lig,Futbol,Lig,1. Seviye,Ana Liste,Erkek,Kulüp,Takım Sporu,Türkiye,Yerli,Türk Takımı Var,TV+ Yok,Yıllık,Sürekli Lig,Oyuncu Jenerik,Bilgi,Oyuncu,Jenerik,Türkçe,Body,Oyuncu Jenerik,serikspor,mert i̇smet aşıcı,,,,,Genişletme
mert i̇smet aşıcı kimdir,TFF 1. Lig,Futbol,Lig,1. Seviye,Ana Liste,Erkek,Kulüp,Takım Sporu,Türkiye,Yerli,Türk Takımı Var,TV+ Yok,Yıllık,Sürekli Lig,Oyuncu Bilgi,Bilgi,Oyuncu,Jenerik,Türkçe,Body,Oyuncu Bilgi,serikspor,mert i̇smet aşıcı,,,,,Genişletme
mert i̇smet aşıcı hangi takımda,TFF 1. Lig,Futbol,Lig,1. Seviye,Ana Liste,Erkek,Kulüp,Takım Sporu,Türkiye,Yerli,Türk Takımı Var,TV+ Yok,Yıllık,Sürekli Lig,Oyuncu Bilgi,Bilgi,Oyuncu,Jenerik,Türkçe,Long-tail,Oyuncu Bilgi,serikspor,mert i̇smet aşıcı,,,,,Genişletme
mert i̇smet aşıcı istatistik,TFF 1. Lig,Futbol,Lig,1. Seviye,Ana Liste,Erkek,Kulüp,Takım Sporu,Türkiye,Yerli,Türk Takımı Var,TV+ Yok,Yıllık,Sürekli Lig,İstatistik,Bilgi,Oyuncu,Jenerik,Türkçe,Body,İstatistik,serikspor,mert i̇smet aşıcı,,,,,Genişletme
muhammed i̇lham mallayev,TFF 1. Lig,Futbol,Lig,1. Seviye,Ana Liste,Erkek,Kulüp,Takım Sporu,Türkiye,Yerli,Türk Takımı Var,TV+ Yok,Yıllık,Sürekli Lig,Oyuncu Jenerik,Bilgi,Oyuncu,Jenerik,Türkçe,Body,Oyuncu Jenerik,serikspor,muhammed i̇lham mallayev,,,,,Genişletme
muhammed i̇lham mallayev kimdir,TFF 1. Lig,Futbol,Lig,1. Seviye,Ana Liste,Erkek,Kulüp,Takım Sporu,Türkiye,Yerli,Türk Takımı Var,TV+ Yok,Yıllık,Sürekli Lig,Oyuncu Bilgi,Bilgi,Oyuncu,Jenerik,Türkçe,Body,Oyuncu Bilgi,serikspor,muhammed i̇lham mallayev,,,,,Genişletme
muhammed i̇lham mallayev hangi takımda,TFF 1. Lig,Futbol,Lig,1. Seviye,Ana Liste,Erkek,Kulüp,Takım Sporu,Türkiye,Yerli,Türk Takımı Var,TV+ Yok,Yıllık,Sürekli Lig,Oyuncu Bilgi,Bilgi,Oyuncu,Jenerik,Türkçe,Long-tail,Oyuncu Bilgi,serikspor,muhammed i̇lham mallayev,,,,,Genişletme
muhammed i̇lham mallayev istatistik,TFF 1. Lig,Futbol,Lig,1. Seviye,Ana Liste,Erkek,Kulüp,Takım Sporu,Türkiye,Yerli,Türk Takımı Var,TV+ Yok,Yıllık,Sürekli Lig,İstatistik,Bilgi,Oyuncu,Jenerik,Türkçe,Body,İstatistik,serikspor,muhammed i̇lham mallayev,,,,,Genişletme
i̇smail tarım,TFF 1. Lig,Futbol,Lig,1. Seviye,Ana Liste,Erkek,Kulüp,Takım Sporu,Türkiye,Yerli,Türk Takımı Var,TV+ Yok,Yıllık,Sürekli Lig,Oyuncu Jenerik,Bilgi,Oyuncu,Jenerik,Türkçe,Head,Oyuncu Jenerik,bodrum fk,i̇smail tarım,,,,,Genişletme
i̇smail tarım kimdir,TFF 1. Lig,Futbol,Lig,1. Seviye,Ana Liste,Erkek,Kulüp,Takım Sporu,Türkiye,Yerli,Türk Takımı Var,TV+ Yok,Yıllık,Sürekli Lig,Oyuncu Bilgi,Bilgi,Oyuncu,Jenerik,Türkçe,Body,Oyuncu Bilgi,bodrum fk,i̇smail tarım,,,,,Genişletme
i̇smail tarım hangi takımda,TFF 1. Lig,Futbol,Lig,1. Seviye,Ana Liste,Erkek,Kulüp,Takım Sporu,Türkiye,Yerli,Türk Takımı Var,TV+ Yok,Yıllık,Sürekli Lig,Oyuncu Bilgi,Bilgi,Oyuncu,Jenerik,Türkçe,Body,Oyuncu Bilgi,bodrum fk,i̇smail tarım,,,,,Genişletme
i̇smail tarım istatistik,TFF 1. Lig,Futbol,Lig,1. Seviye,Ana Liste,Erkek,Kulüp,Takım Sporu,Türkiye,Yerli,Türk Takımı Var,TV+ Yok,Yıllık,Sürekli Lig,İstatistik,Bilgi,Oyuncu,Jenerik,Türkçe,Body,İstatistik,bodrum fk,i̇smail tarım,,,,,Genişletme
i̇brahim sürgülü,TFF 1. Lig,Futbol,Lig,1. Seviye,Ana Liste,Erkek,Kulüp,Takım Sporu,Türkiye,Yerli,Türk Takımı Var,TV+ Yok,Yıllık,Sürekli Lig,Oyuncu Jenerik,Bilgi,Oyuncu,Jenerik,Türkçe,Head,Oyuncu Jenerik,şanlıurfaspor,i̇brahim sürgülü,,,,,Genişletme
i̇brahim sürgülü kimdir,TFF 1. Lig,Futbol,Lig,1. Seviye,Ana Liste,Erkek,Kulüp,Takım Sporu,Türkiye,Yerli,Türk Takımı Var,TV+ Yok,Yıllık,Sürekli Lig,Oyuncu Bilgi,Bilgi,Oyuncu,Jenerik,Türkçe,Body,Oyuncu Bilgi,şanlıurfaspor,i̇brahim sürgülü,,,,,Genişletme
i̇brahim sürgülü hangi takımda,TFF 1. Lig,Futbol,Lig,1. Seviye,Ana Liste,Erkek,Kulüp,Takım Sporu,Türkiye,Yerli,Türk Takımı Var,TV+ Yok,Yıllık,Sürekli Lig,Oyuncu Bilgi,Bilgi,Oyuncu,Jenerik,Türkçe,Body,Oyuncu Bilgi,şanlıurfaspor,i̇brahim sürgülü,,,,,Genişletme
i̇brahim sürgülü istatistik,TFF 1. Lig,Futbol,Lig,1. Seviye,Ana Liste,Erkek,Kulüp,Takım Sporu,Türkiye,Yerli,Türk Takımı Var,TV+ Yok,Yıllık,Sürekli Lig,İstatistik,Bilgi,Oyuncu,Jenerik,Türkçe,Body,İstatistik,şanlıurfaspor,i̇brahim sürgülü,,,,,Genişletme
i̇lker günaslan,TFF 1. Lig,Futbol,Lig,1. Seviye,Ana Liste,Erkek,Kulüp,Takım Sporu,Türkiye,Yerli,Türk Takımı Var,TV+ Yok,Yıllık,Sürekli Lig,Oyuncu Jenerik,Bilgi,Oyuncu,Jenerik,Türkçe,Head,Oyuncu Jenerik,şanlıurfaspor,i̇lker günaslan,,,,,Genişletme
i̇lker günaslan kimdir,TFF 1. Lig,Futbol,Lig,1. Seviye,Ana Liste,Erkek,Kulüp,Takım Sporu,Türkiye,Yerli,Türk Takımı Var,TV+ Yok,Yıllık,Sürekli Lig,Oyuncu Bilgi,Bilgi,Oyuncu,Jenerik,Türkçe,Body,Oyuncu Bilgi,şanlıurfaspor,i̇lker günaslan,,,,,Genişletme
i̇lker günaslan hangi takımda,TFF 1. Lig,Futbol,Lig,1. Seviye,Ana Liste,Erkek,Kulüp,Takım Sporu,Türkiye,Yerli,Türk Takımı Var,TV+ Yok,Yıllık,Sürekli Lig,Oyuncu Bilgi,Bilgi,Oyuncu,Jenerik,Türkçe,Body,Oyuncu Bilgi,şanlıurfaspor,i̇lker günaslan,,,,,Genişletme
i̇lker günaslan istatistik,TFF 1. Lig,Futbol,Lig,1. Seviye,Ana Liste,Erkek,Kulüp,Takım Sporu,Türkiye,Yerli,Türk Takımı Var,TV+ Yok,Yıllık,Sürekli Lig,İstatistik,Bilgi,Oyuncu,Jenerik,Türkçe,Body,İstatistik,şanlıurfaspor,i̇lker günaslan,,,,,Genişletme
i̇brahim burak işık,TFF 1. Lig,Futbol,Lig,1. Seviye,Ana Liste,Erkek,Kulüp,Takım Sporu,Türkiye,Yerli,Türk Takımı Var,TV+ Yok,Yıllık,Sürekli Lig,Oyuncu Jenerik,Bilgi,Oyuncu,Jenerik,Türkçe,Body,Oyuncu Jenerik,şanlıurfaspor,i̇brahim burak işık,,,,,Genişletme
i̇brahim burak işık kimdir,TFF 1. Lig,Futbol,Lig,1. Seviye,Ana Liste,Erkek,Kulüp,Takım Sporu,Türkiye,Yerli,Türk Takımı Var,TV+ Yok,Yıllık,Sürekli Lig,Oyuncu Bilgi,Bilgi,Oyuncu,Jenerik,Türkçe,Body,Oyuncu Bilgi,şanlıurfaspor,i̇brahim burak işık,,,,,Genişletme
i̇brahim burak işık hangi takımda,TFF 1. Lig,Futbol,Lig,1. Seviye,Ana Liste,Erkek,Kulüp,Takım Sporu,Türkiye,Yerli,Türk Takımı Var,TV+ Yok,Yıllık,Sürekli Lig,Oyuncu Bilgi,Bilgi,Oyuncu,Jenerik,Türkçe,Long-tail,Oyuncu Bilgi,şanlıurfaspor,i̇brahim burak işık,,,,,Genişletme
i̇brahim burak işık istatistik,TFF 1. Lig,Futbol,Lig,1. Seviye,Ana Liste,Erkek,Kulüp,Takım Sporu,Türkiye,Yerli,Türk Takımı Var,TV+ Yok,Yıllık,Sürekli Lig,İstatistik,Bilgi,Oyuncu,Jenerik,Türkçe,Body,İstatistik,şanlıurfaspor,i̇brahim burak işık,,,,,Genişletme
semih i̇smail bakır,TFF 1. Lig,Futbol,Lig,1. Seviye,Ana Liste,Erkek,Kulüp,Takım Sporu,Türkiye,Yerli,Türk Takımı Var,TV+ Yok,Yıllık,Sürekli Lig,Oyuncu Jenerik,Bilgi,Oyuncu,Jenerik,Türkçe,Body,Oyuncu Jenerik,adanaspor,semih i̇smail bakır,,,,,Genişletme
semih i̇smail bakır kimdir,TFF 1. Lig,Futbol,Lig,1. Seviye,Ana Liste,Erkek,Kulüp,Takım Sporu,Türkiye,Yerli,Türk Takımı Var,TV+ Yok,Yıllık,Sürekli Lig,Oyuncu Bilgi,Bilgi,Oyuncu,Jenerik,Türkçe,Body,Oyuncu Bilgi,adanaspor,semih i̇smail bakır,,,,,Genişletme
semih i̇smail bakır hangi takımda,TFF 1. Lig,Futbol,Lig,1. Seviye,Ana Liste,Erkek,Kulüp,Takım Sporu,Türkiye,Yerli,Türk Takımı Var,TV+ Yok,Yıllık,Sürekli Lig,Oyuncu Bilgi,Bilgi,Oyuncu,Jenerik,Türkçe,Long-tail,Oyuncu Bilgi,adanaspor,semih i̇smail bakır,,,,,Genişletme
semih i̇smail bakır istatistik,TFF 1. Lig,Futbol,Lig,1. Seviye,Ana Liste,Erkek,Kulüp,Takım Sporu,Türkiye,Yerli,Türk Takımı Var,TV+ Yok,Yıllık,Sürekli Lig,İstatistik,Bilgi,Oyuncu,Jenerik,Türkçe,Body,İstatistik,adanaspor,semih i̇smail bakır,,,,,Genişletme
azer i̇pek,TFF 1. Lig,Futbol,Lig,1. Seviye,Ana Liste,Erkek,Kulüp,Takım Sporu,Türkiye,Yerli,Türk Takımı Var,TV+ Yok,Yıllık,Sürekli Lig,Oyuncu Jenerik,Bilgi,Oyuncu,Jenerik,Türkçe,Head,Oyuncu Jenerik,adanaspor,azer i̇pek,,,,,Genişletme
azer i̇pek kimdir,TFF 1. Lig,Futbol,Lig,1. Seviye,Ana Liste,Erkek,Kulüp,Takım Sporu,Türkiye,Yerli,Türk Takımı Var,TV+ Yok,Yıllık,Sürekli Lig,Oyuncu Bilgi,Bilgi,Oyuncu,Jenerik,Türkçe,Body,Oyuncu Bilgi,adanaspor,azer i̇pek,,,,,Genişletme
azer i̇pek hangi takımda,TFF 1. Lig,Futbol,Lig,1. Seviye,Ana Liste,Erkek,Kulüp,Takım Sporu,Türkiye,Yerli,Türk Takımı Var,TV+ Yok,Yıllık,Sürekli Lig,Oyuncu Bilgi,Bilgi,Oyuncu,Jenerik,Türkçe,Body,Oyuncu Bilgi,adanaspor,azer i̇pek,,,,,Genişletme
azer i̇pek istatistik,TFF 1. Lig,Futbol,Lig,1. Seviye,Ana Liste,Erkek,Kulüp,Takım Sporu,Türkiye,Yerli,Türk Takımı Var,TV+ Yok,Yıllık,Sürekli Lig,İstatistik,Bilgi,Oyuncu,Jenerik,Türkçe,Body,İstatistik,adanaspor,azer i̇pek,,,,,Genişletme
mesut i̇ncekara,TFF 1. Lig,Futbol,Lig,1. Seviye,Ana Liste,Erkek,Kulüp,Takım Sporu,Türkiye,Yerli,Türk Takımı Var,TV+ Yok,Yıllık,Sürekli Lig,Oyuncu Jenerik,Bilgi,Oyuncu,Jenerik,Türkçe,Head,Oyuncu Jenerik,adanaspor,mesut i̇ncekara,,,,,Genişletme
mesut i̇ncekara kimdir,TFF 1. Lig,Futbol,Lig,1. Seviye,Ana Liste,Erkek,Kulüp,Takım Sporu,Türkiye,Yerli,Türk Takımı Var,TV+ Yok,Yıllık,Sürekli Lig,Oyuncu Bilgi,Bilgi,Oyuncu,Jenerik,Türkçe,Body,Oyuncu Bilgi,adanaspor,mesut i̇ncekara,,,,,Genişletme
mesut i̇ncekara hangi takımda,TFF 1. Lig,Futbol,Lig,1. Seviye,Ana Liste,Erkek,Kulüp,Takım Sporu,Türkiye,Yerli,Türk Takımı Var,TV+ Yok,Yıllık,Sürekli Lig,Oyuncu Bilgi,Bilgi,Oyuncu,Jenerik,Türkçe,Body,Oyuncu Bilgi,adanaspor,mesut i̇ncekara,,,,,Genişletme
mesut i̇ncekara istatistik,TFF 1. Lig,Futbol,Lig,1. Seviye,Ana Liste,Erkek,Kulüp,Takım Sporu,Türkiye,Yerli,Türk Takımı Var,TV+ Yok,Yıllık,Sürekli Lig,İstatistik,Bilgi,Oyuncu,Jenerik,Türkçe,Body,İstatistik,adanaspor,mesut i̇ncekara,,,,,Genişletme
i̇smail solmaz,TFF 1. Lig,Futbol,Lig,1. Seviye,Ana Liste,Erkek,Kulüp,Takım Sporu,Türkiye,Yerli,Türk Takımı Var,TV+ Yok,Yıllık,Sürekli Lig,Oyuncu Jenerik,Bilgi,Oyuncu,Jenerik,Türkçe,Head,Oyuncu Jenerik,adanaspor,i̇smail solmaz,,,,,Genişletme
i̇smail solmaz kimdir,TFF 1. Lig,Futbol,Lig,1. Seviye,Ana Liste,Erkek,Kulüp,Takım Sporu,Türkiye,Yerli,Türk Takımı Var,TV+ Yok,Yıllık,Sürekli Lig,Oyuncu Bilgi,Bilgi,Oyuncu,Jenerik,Türkçe,Body,Oyuncu Bilgi,adanaspor,i̇smail solmaz,,,,,Genişletme
i̇smail solmaz hangi takımda,TFF 1. Lig,Futbol,Lig,1. Seviye,Ana Liste,Erkek,Kulüp,Takım Sporu,Türkiye,Yerli,Türk Takımı Var,TV+ Yok,Yıllık,Sürekli Lig,Oyuncu Bilgi,Bilgi,Oyuncu,Jenerik,Türkçe,Body,Oyuncu Bilgi,adanaspor,i̇smail solmaz,,,,,Genişletme
i̇smail solmaz istatistik,TFF 1. Lig,Futbol,Lig,1. Seviye,Ana Liste,Erkek,Kulüp,Takım Sporu,Türkiye,Yerli,Türk Takımı Var,TV+ Yok,Yıllık,Sürekli Lig,İstatistik,Bilgi,Oyuncu,Jenerik,Türkçe,Body,İstatistik,adanaspor,i̇smail solmaz,,,,,Genişletme
emirhan i̇lkhan,Serie A,Futbol,Lig,1. Seviye,Ana Liste,Erkek,Kulüp,Takım Sporu,İtalya,Yabancı,Yok,TV+ Var,Yıllık,Sürekli Lig,Oyuncu Jenerik,Bilgi,Oyuncu,Jenerik,Türkçe,Head,Oyuncu Jenerik,torino,emirhan i̇lkhan,,,,,Genişletme
emirhan i̇lkhan kimdir,Serie A,Futbol,Lig,1. Seviye,Ana Liste,Erkek,Kulüp,Takım Sporu,İtalya,Yabancı,Yok,TV+ Var,Yıllık,Sürekli Lig,Oyuncu Bilgi,Bilgi,Oyuncu,Jenerik,Türkçe,Body,Oyuncu Bilgi,torino,emirhan i̇lkhan,,,,,Genişletme
emirhan i̇lkhan hangi takımda,Serie A,Futbol,Lig,1. Seviye,Ana Liste,Erkek,Kulüp,Takım Sporu,İtalya,Yabancı,Yok,TV+ Var,Yıllık,Sürekli Lig,Oyuncu Bilgi,Bilgi,Oyuncu,Jenerik,Türkçe,Body,Oyuncu Bilgi,torino,emirhan i̇lkhan,,,,,Genişletme
emirhan i̇lkhan istatistik,Serie A,Futbol,Lig,1. Seviye,Ana Liste,Erkek,Kulüp,Takım Sporu,İtalya,Yabancı,Yok,TV+ Var,Yıllık,Sürekli Lig,İstatistik,Bilgi,Oyuncu,Jenerik,Türkçe,Body,İstatistik,torino,emirhan i̇lkhan,,,,,Genişletme
konan n’dri,Serie A,Futbol,Lig,1. Seviye,Ana Liste,Erkek,Kulüp,Takım Sporu,İtalya,Yabancı,Yok,TV+ Var,Yıllık,Sürekli Lig,Oyuncu Jenerik,Bilgi,Oyuncu,Jenerik,Türkçe,Head,Oyuncu Jenerik,lecce,konan n’dri,,,,,Genişletme
konan n’dri kimdir,Serie A,Futbol,Lig,1. Seviye,Ana Liste,Erkek,Kulüp,Takım Sporu,İtalya,Yabancı,Yok,TV+ Var,Yıllık,Sürekli Lig,Oyuncu Bilgi,Bilgi,Oyuncu,Jenerik,Türkçe,Body,Oyuncu Bilgi,lecce,konan n’dri,,,,,Genişletme
konan n’dri hangi takımda,Serie A,Futbol,Lig,1. Seviye,Ana Liste,Erkek,Kulüp,Takım Sporu,İtalya,Yabancı,Yok,TV+ Var,Yıllık,Sürekli Lig,Oyuncu Bilgi,Bilgi,Oyuncu,Jenerik,Türkçe,Body,Oyuncu Bilgi,lecce,konan n’dri,,,,,Genişletme
konan n’dri istatistik,Serie A,Futbol,Lig,1. Seviye,Ana Liste,Erkek,Kulüp,Takım Sporu,İtalya,Yabancı,Yok,TV+ Var,Yıllık,Sürekli Lig,İstatistik,Bilgi,Oyuncu,Jenerik,Türkçe,Body,İstatistik,lecce,konan n’dri,,,,,Genişletme
i̇sak vural,Serie A,Futbol,Lig,1. Seviye,Ana Liste,Erkek,Kulüp,Takım Sporu,İtalya,Yabancı,Yok,TV+ Var,Yıllık,Sürekli Lig,Oyuncu Jenerik,Bilgi,Oyuncu,Jenerik,Türkçe,Head,Oyuncu Jenerik,pisa,i̇sak vural,,,,,Genişletme
i̇sak vural kimdir,Serie A,Futbol,Lig,1. Seviye,Ana Liste,Erkek,Kulüp,Takım Sporu,İtalya,Yabancı,Yok,TV+ Var,Yıllık,Sürekli Lig,Oyuncu Bilgi,Bilgi,Oyuncu,Jenerik,Türkçe,Body,Oyuncu Bilgi,pisa,i̇sak vural,,,,,Genişletme
i̇sak vural hangi takımda,Serie A,Futbol,Lig,1. Seviye,Ana Liste,Erkek,Kulüp,Takım Sporu,İtalya,Yabancı,Yok,TV+ Var,Yıllık,Sürekli Lig,Oyuncu Bilgi,Bilgi,Oyuncu,Jenerik,Türkçe,Body,Oyuncu Bilgi,pisa,i̇sak vural,,,,,Genişletme
i̇sak vural istatistik,Serie A,Futbol,Lig,1. Seviye,Ana Liste,Erkek,Kulüp,Takım Sporu,İtalya,Yabancı,Yok,TV+ Var,Yıllık,Sürekli Lig,İstatistik,Bilgi,Oyuncu,Jenerik,Türkçe,Body,İstatistik,pisa,i̇sak vural,,,,,Genişletme
i̇lbey i̇nanç çekiç,Diğer Avrupa Ligleri,Futbol,Lig,1. Seviye,Ana Liste,Erkek,Kulüp,Takım Sporu,Türkiye,Yerli,Türk Takımı Var,Doğrulanacak,Yıllık,Sürekli Lig,Oyuncu Jenerik,Bilgi,Oyuncu,Jenerik,Türkçe,Body,Oyuncu Jenerik,tokat belediye plevne,i̇lbey i̇nanç çekiç,,,,,Genişletme
i̇lbey i̇nanç çekiç kimdir,Diğer Avrupa Ligleri,Futbol,Lig,1. Seviye,Ana Liste,Erkek,Kulüp,Takım Sporu,Türkiye,Yerli,Türk Takımı Var,Doğrulanacak,Yıllık,Sürekli Lig,Oyuncu Bilgi,Bilgi,Oyuncu,Jenerik,Türkçe,Body,Oyuncu Bilgi,tokat belediye plevne,i̇lbey i̇nanç çekiç,,,,,Genişletme
i̇lbey i̇nanç çekiç hangi takımda,Diğer Avrupa Ligleri,Futbol,Lig,1. Seviye,Ana Liste,Erkek,Kulüp,Takım Sporu,Türkiye,Yerli,Türk Takımı Var,Doğrulanacak,Yıllık,Sürekli Lig,Oyuncu Bilgi,Bilgi,Oyuncu,Jenerik,Türkçe,Long-tail,Oyuncu Bilgi,tokat belediye plevne,i̇lbey i̇nanç çekiç,,,,,Genişletme
i̇lbey i̇nanç çekiç istatistik,Diğer Avrupa Ligleri,Futbol,Lig,1. Seviye,Ana Liste,Erkek,Kulüp,Takım Sporu,Türkiye,Yerli,Türk Takımı Var,Doğrulanacak,Yıllık,Sürekli Lig,İstatistik,Bilgi,Oyuncu,Jenerik,Türkçe,Body,İstatistik,tokat belediye plevne,i̇lbey i̇nanç çekiç,,,,,Genişletme
i̇brahim alan,Diğer Avrupa Ligleri,Futbol,Lig,1. Seviye,Ana Liste,Erkek,Kulüp,Takım Sporu,Türkiye,Yerli,Türk Takımı Var,Doğrulanacak,Yıllık,Sürekli Lig,Oyuncu Jenerik,Bilgi,Oyuncu,Jenerik,Türkçe,Head,Oyuncu Jenerik,tokat belediye plevne,i̇brahim alan,,,,,Genişletme
i̇brahim alan kimdir,Diğer Avrupa Ligleri,Futbol,Lig,1. Seviye,Ana Liste,Erkek,Kulüp,Takım Sporu,Türkiye,Yerli,Türk Takımı Var,Doğrulanacak,Yıllık,Sürekli Lig,Oyuncu Bilgi,Bilgi,Oyuncu,Jenerik,Türkçe,Body,Oyuncu Bilgi,tokat belediye plevne,i̇brahim alan,,,,,Genişletme
i̇brahim alan hangi takımda,Diğer Avrupa Ligleri,Futbol,Lig,1. Seviye,Ana Liste,Erkek,Kulüp,Takım Sporu,Türkiye,Yerli,Türk Takımı Var,Doğrulanacak,Yıllık,Sürekli Lig,Oyuncu Bilgi,Bilgi,Oyuncu,Jenerik,Türkçe,Body,Oyuncu Bilgi,tokat belediye plevne,i̇brahim alan,,,,,Genişletme
i̇brahim alan istatistik,Diğer Avrupa Ligleri,Futbol,Lig,1. Seviye,Ana Liste,Erkek,Kulüp,Takım Sporu,Türkiye,Yerli,Türk Takımı Var,Doğrulanacak,Yıllık,Sürekli Lig,İstatistik,Bilgi,Oyuncu,Jenerik,Türkçe,Body,İstatistik,tokat belediye plevne,i̇brahim alan,,,,,Genişletme
davinson sánchez,Süper Lig,Futbol,Lig,1. Seviye,Çekirdek,Erkek,Kulüp,Takım Sporu,Türkiye,Yerli,Türk Takımı Var,TV+ Yok,Yıllık,Sürekli Lig,Oyuncu Jenerik,Bilgi,Oyuncu,Jenerik,Türkçe,Head,Oyuncu Jenerik,galatasaray,,,,,,
davinson sánchez kimdir,Süper Lig,Futbol,Lig,1. Seviye,Çekirdek,Erkek,Kulüp,Takım Sporu,Türkiye,Yerli,Türk Takımı Var,TV+ Yok,Yıllık,Sürekli Lig,Oyuncu Bilgi,Bilgi,Oyuncu,Jenerik,Türkçe,Body,Oyuncu Bilgi,galatasaray,,,,,,
davinson sánchez hangi takımda,Süper Lig,Futbol,Lig,1. Seviye,Çekirdek,Erkek,Kulüp,Takım Sporu,Türkiye,Yerli,Türk Takımı Var,TV+ Yok,Yıllık,Sürekli Lig,Oyuncu Bilgi,Bilgi,Oyuncu,Jenerik,Türkçe,Body,Oyuncu Bilgi,galatasaray,,,,,,
davinson sánchez istatistik,Süper Lig,Futbol,Lig,1. Seviye,Çekirdek,Erkek,Kulüp,Takım Sporu,Türkiye,Yerli,Türk Takımı Var,TV+ Yok,Yıllık,Sürekli Lig,İstatistik,Bilgi,Oyuncu,Jenerik,Türkçe,Body,İstatistik,galatasaray,,,,,,
leroy sané,Süper Lig,Futbol,Lig,1. Seviye,Çekirdek,Erkek,Kulüp,Takım Sporu,Türkiye,Yerli,Türk Takımı Var,TV+ Yok,Yıllık,Sürekli Lig,Oyuncu Jenerik,Bilgi,Oyuncu,Jenerik,Türkçe,Head,Oyuncu Jenerik,galatasaray,,,,,,
leroy sané kimdir,Süper Lig,Futbol,Lig,1. Seviye,Çekirdek,Erkek,Kulüp,Takım Sporu,Türkiye,Yerli,Türk Takımı Var,TV+ Yok,Yıllık,Sürekli Lig,Oyuncu Bilgi,Bilgi,Oyuncu,Jenerik,Türkçe,Body,Oyuncu Bilgi,galatasaray,,,,,,
leroy sané hangi takımda,Süper Lig,Futbol,Lig,1. Seviye,Çekirdek,Erkek,Kulüp,Takım Sporu,Türkiye,Yerli,Türk Takımı Var,TV+ Yok,Yıllık,Sürekli Lig,Oyuncu Bilgi,Bilgi,Oyuncu,Jenerik,Türkçe,Body,Oyuncu Bilgi,galatasaray,,,,,,
leroy sané istatistik,Süper Lig,Futbol,Lig,1. Seviye,Çekirdek,Erkek,Kulüp,Takım Sporu,Türkiye,Yerli,Türk Takımı Var,TV+ Yok,Yıllık,Sürekli Lig,İstatistik,Bilgi,Oyuncu,Jenerik,Türkçe,Body,İstatistik,galatasaray,,,,,,
mattéo guendouzi,Süper Lig,Futbol,Lig,1. Seviye,Çekirdek,Erkek,Kulüp,Takım Sporu,Türkiye,Yerli,Türk Takımı Var,TV+ Yok,Yıllık,Sürekli Lig,Oyuncu Jenerik,Bilgi,Oyuncu,Jenerik,Türkçe,Head,Oyuncu Jenerik,fenerbahçe,,,,,,
mattéo guendouzi kimdir,Süper Lig,Futbol,Lig,1. Seviye,Çekirdek,Erkek,Kulüp,Takım Sporu,Türkiye,Yerli,Türk Takımı Var,TV+ Yok,Yıllık,Sürekli Lig,Oyuncu Bilgi,Bilgi,Oyuncu,Jenerik,Türkçe,Body,Oyuncu Bilgi,fenerbahçe,,,,,,
mattéo guendouzi hangi takımda,Süper Lig,Futbol,Lig,1. Seviye,Çekirdek,Erkek,Kulüp,Takım Sporu,Türkiye,Yerli,Türk Takımı Var,TV+ Yok,Yıllık,Sürekli Lig,Oyuncu Bilgi,Bilgi,Oyuncu,Jenerik,Türkçe,Body,Oyuncu Bilgi,fenerbahçe,,,,,,
mattéo guendouzi istatistik,Süper Lig,Futbol,Lig,1. Seviye,Çekirdek,Erkek,Kulüp,Takım Sporu,Türkiye,Yerli,Türk Takımı Var,TV+ Yok,Yıllık,Sürekli Lig,İstatistik,Bilgi,Oyuncu,Jenerik,Türkçe,Body,İstatistik,fenerbahçe,,,,,,
nathan aké,Süper Lig,Futbol,Lig,1. Seviye,Çekirdek,Erkek,Kulüp,Takım Sporu,Türkiye,Yerli,Türk Takımı Var,TV+ Yok,Yıllık,Sürekli Lig,Oyuncu Jenerik,Bilgi,Oyuncu,Jenerik,Türkçe,Head,Oyuncu Jenerik,fenerbahçe,,,,,,
nathan aké kimdir,Süper Lig,Futbol,Lig,1. Seviye,Çekirdek,Erkek,Kulüp,Takım Sporu,Türkiye,Yerli,Türk Takımı Var,TV+ Yok,Yıllık,Sürekli Lig,Oyuncu Bilgi,Bilgi,Oyuncu,Jenerik,Türkçe,Body,Oyuncu Bilgi,fenerbahçe,,,,,,
nathan aké hangi takımda,Süper Lig,Futbol,Lig,1. Seviye,Çekirdek,Erkek,Kulüp,Takım Sporu,Türkiye,Yerli,Türk Takımı Var,TV+ Yok,Yıllık,Sürekli Lig,Oyuncu Bilgi,Bilgi,Oyuncu,Jenerik,Türkçe,Body,Oyuncu Bilgi,fenerbahçe,,,,,,
nathan aké istatistik,Süper Lig,Futbol,Lig,1. Seviye,Çekirdek,Erkek,Kulüp,Takım Sporu,Türkiye,Yerli,Türk Takımı Var,TV+ Yok,Yıllık,Sürekli Lig,İstatistik,Bilgi,Oyuncu,Jenerik,Türkçe,Body,İstatistik,fenerbahçe,,,,,,
nélson semedo,Süper Lig,Futbol,Lig,1. Seviye,Çekirdek,Erkek,Kulüp,Takım Sporu,Türkiye,Yerli,Türk Takımı Var,TV+ Yok,Yıllık,Sürekli Lig,Oyuncu Jenerik,Bilgi,Oyuncu,Jenerik,Türkçe,Head,Oyuncu Jenerik,fenerbahçe,,,,,,
nélson semedo kimdir,Süper Lig,Futbol,Lig,1. Seviye,Çekirdek,Erkek,Kulüp,Takım Sporu,Türkiye,Yerli,Türk Takımı Var,TV+ Yok,Yıllık,Sürekli Lig,Oyuncu Bilgi,Bilgi,Oyuncu,Jenerik,Türkçe,Body,Oyuncu Bilgi,fenerbahçe,,,,,,
nélson semedo hangi takımda,Süper Lig,Futbol,Lig,1. Seviye,Çekirdek,Erkek,Kulüp,Takım Sporu,Türkiye,Yerli,Türk Takımı Var,TV+ Yok,Yıllık,Sürekli Lig,Oyuncu Bilgi,Bilgi,Oyuncu,Jenerik,Türkçe,Body,Oyuncu Bilgi,fenerbahçe,,,,,,
nélson semedo istatistik,Süper Lig,Futbol,Lig,1. Seviye,Çekirdek,Erkek,Kulüp,Takım Sporu,Türkiye,Yerli,Türk Takımı Var,TV+ Yok,Yıllık,Sürekli Lig,İstatistik,Bilgi,Oyuncu,Jenerik,Türkçe,Body,İstatistik,fenerbahçe,,,,,,
milan škriniar,Süper Lig,Futbol,Lig,1. Seviye,Çekirdek,Erkek,Kulüp,Takım Sporu,Türkiye,Yerli,Türk Takımı Var,TV+ Yok,Yıllık,Sürekli Lig,Oyuncu Jenerik,Bilgi,Oyuncu,Jenerik,Türkçe,Head,Oyuncu Jenerik,fenerbahçe,,,,,,
milan škriniar kimdir,Süper Lig,Futbol,Lig,1. Seviye,Çekirdek,Erkek,Kulüp,Takım Sporu,Türkiye,Yerli,Türk Takımı Var,TV+ Yok,Yıllık,Sürekli Lig,Oyuncu Bilgi,Bilgi,Oyuncu,Jenerik,Türkçe,Body,Oyuncu Bilgi,fenerbahçe,,,,,,
milan škriniar hangi takımda,Süper Lig,Futbol,Lig,1. Seviye,Çekirdek,Erkek,Kulüp,Takım Sporu,Türkiye,Yerli,Türk Takımı Var,TV+ Yok,Yıllık,Sürekli Lig,Oyuncu Bilgi,Bilgi,Oyuncu,Jenerik,Türkçe,Body,Oyuncu Bilgi,fenerbahçe,,,,,,
milan škriniar istatistik,Süper Lig,Futbol,Lig,1. Seviye,Çekirdek,Erkek,Kulüp,Takım Sporu,Türkiye,Yerli,Türk Takımı Var,TV+ Yok,Yıllık,Sürekli Lig,İstatistik,Bilgi,Oyuncu,Jenerik,Türkçe,Body,İstatistik,fenerbahçe,,,,,,
rodrigo becão,Süper Lig,Futbol,Lig,1. Seviye,Çekirdek,Erkek,Kulüp,Takım Sporu,Türkiye,Yerli,Türk Takımı Var,TV+ Yok,Yıllık,Sürekli Lig,Oyuncu Jenerik,Bilgi,Oyuncu,Jenerik,Türkçe,Head,Oyuncu Jenerik,fenerbahçe,,,,,,
rodrigo becão kimdir,Süper Lig,Futbol,Lig,1. Seviye,Çekirdek,Erkek,Kulüp,Takım Sporu,Türkiye,Yerli,Türk Takımı Var,TV+ Yok,Yıllık,Sürekli Lig,Oyuncu Bilgi,Bilgi,Oyuncu,Jenerik,Türkçe,Body,Oyuncu Bilgi,fenerbahçe,,,,,,
rodrigo becão hangi takımda,Süper Lig,Futbol,Lig,1. Seviye,Çekirdek,Erkek,Kulüp,Takım Sporu,Türkiye,Yerli,Türk Takımı Var,TV+ Yok,Yıllık,Sürekli Lig,Oyuncu Bilgi,Bilgi,Oyuncu,Jenerik,Türkçe,Body,Oyuncu Bilgi,fenerbahçe,,,,,,
rodrigo becão istatistik,Süper Lig,Futbol,Lig,1. Seviye,Çekirdek,Erkek,Kulüp,Takım Sporu,Türkiye,Yerli,Türk Takımı Var,TV+ Yok,Yıllık,Sürekli Lig,İstatistik,Bilgi,Oyuncu,Jenerik,Türkçe,Body,İstatistik,fenerbahçe,,,,,,
ognjen mimović,Süper Lig,Futbol,Lig,1. Seviye,Çekirdek,Erkek,Kulüp,Takım Sporu,Türkiye,Yerli,Türk Takımı Var,TV+ Yok,Yıllık,Sürekli Lig,Oyuncu Jenerik,Bilgi,Oyuncu,Jenerik,Türkçe,Head,Oyuncu Jenerik,fenerbahçe,,,,,,
ognjen mimović kimdir,Süper Lig,Futbol,Lig,1. Seviye,Çekirdek,Erkek,Kulüp,Takım Sporu,Türkiye,Yerli,Türk Takımı Var,TV+ Yok,Yıllık,Sürekli Lig,Oyuncu Bilgi,Bilgi,Oyuncu,Jenerik,Türkçe,Body,Oyuncu Bilgi,fenerbahçe,,,,,,
ognjen mimović hangi takımda,Süper Lig,Futbol,Lig,1. Seviye,Çekirdek,Erkek,Kulüp,Takım Sporu,Türkiye,Yerli,Türk Takımı Var,TV+ Yok,Yıllık,Sürekli Lig,Oyuncu Bilgi,Bilgi,Oyuncu,Jenerik,Türkçe,Body,Oyuncu Bilgi,fenerbahçe,,,,,,
ognjen mimović istatistik,Süper Lig,Futbol,Lig,1. Seviye,Çekirdek,Erkek,Kulüp,Takım Sporu,Türkiye,Yerli,Türk Takımı Var,TV+ Yok,Yıllık,Sürekli Lig,İstatistik,Bilgi,Oyuncu,Jenerik,Türkçe,Body,İstatistik,fenerbahçe,,,,,,
n'golo kanté,Süper Lig,Futbol,Lig,1. Seviye,Çekirdek,Erkek,Kulüp,Takım Sporu,Türkiye,Yerli,Türk Takımı Var,TV+ Yok,Yıllık,Sürekli Lig,Oyuncu Jenerik,Bilgi,Oyuncu,Jenerik,Türkçe,Head,Oyuncu Jenerik,fenerbahçe,,,,,,
n'golo kanté kimdir,Süper Lig,Futbol,Lig,1. Seviye,Çekirdek,Erkek,Kulüp,Takım Sporu,Türkiye,Yerli,Türk Takımı Var,TV+ Yok,Yıllık,Sürekli Lig,Oyuncu Bilgi,Bilgi,Oyuncu,Jenerik,Türkçe,Body,Oyuncu Bilgi,fenerbahçe,,,,,,
n'golo kanté hangi takımda,Süper Lig,Futbol,Lig,1. Seviye,Çekirdek,Erkek,Kulüp,Takım Sporu,Türkiye,Yerli,Türk Takımı Var,TV+ Yok,Yıllık,Sürekli Lig,Oyuncu Bilgi,Bilgi,Oyuncu,Jenerik,Türkçe,Body,Oyuncu Bilgi,fenerbahçe,,,,,,
n'golo kanté istatistik,Süper Lig,Futbol,Lig,1. Seviye,Çekirdek,Erkek,Kulüp,Takım Sporu,Türkiye,Yerli,Türk Takımı Var,TV+ Yok,Yıllık,Sürekli Lig,İstatistik,Bilgi,Oyuncu,Jenerik,Türkçe,Body,İstatistik,fenerbahçe,,,,,,
amir hadžiahmetović,Süper Lig,Futbol,Lig,1. Seviye,Çekirdek,Erkek,Kulüp,Takım Sporu,Türkiye,Yerli,Türk Takımı Var,TV+ Yok,Yıllık,Sürekli Lig,Oyuncu Jenerik,Bilgi,Oyuncu,Jenerik,Türkçe,Head,Oyuncu Jenerik,beşiktaş,,,,,,
amir hadžiahmetović kimdir,Süper Lig,Futbol,Lig,1. Seviye,Çekirdek,Erkek,Kulüp,Takım Sporu,Türkiye,Yerli,Türk Takımı Var,TV+ Yok,Yıllık,Sürekli Lig,Oyuncu Bilgi,Bilgi,Oyuncu,Jenerik,Türkçe,Body,Oyuncu Bilgi,beşiktaş,,,,,,
amir hadžiahmetović hangi takımda,Süper Lig,Futbol,Lig,1. Seviye,Çekirdek,Erkek,Kulüp,Takım Sporu,Türkiye,Yerli,Türk Takımı Var,TV+ Yok,Yıllık,Sürekli Lig,Oyuncu Bilgi,Bilgi,Oyuncu,Jenerik,Türkçe,Body,Oyuncu Bilgi,beşiktaş,,,,,,
amir hadžiahmetović istatistik,Süper Lig,Futbol,Lig,1. Seviye,Çekirdek,Erkek,Kulüp,Takım Sporu,Türkiye,Yerli,Türk Takımı Var,TV+ Yok,Yıllık,Sürekli Lig,İstatistik,Bilgi,Oyuncu,Jenerik,Türkçe,Body,İstatistik,beşiktaş,,,,,,
václav černý,Süper Lig,Futbol,Lig,1. Seviye,Çekirdek,Erkek,Kulüp,Takım Sporu,Türkiye,Yerli,Türk Takımı Var,TV+ Yok,Yıllık,Sürekli Lig,Oyuncu Jenerik,Bilgi,Oyuncu,Jenerik,Türkçe,Head,Oyuncu Jenerik,beşiktaş,,,,,,
václav černý kimdir,Süper Lig,Futbol,Lig,1. Seviye,Çekirdek,Erkek,Kulüp,Takım Sporu,Türkiye,Yerli,Türk Takımı Var,TV+ Yok,Yıllık,Sürekli Lig,Oyuncu Bilgi,Bilgi,Oyuncu,Jenerik,Türkçe,Body,Oyuncu Bilgi,beşiktaş,,,,,,
václav černý hangi takımda,Süper Lig,Futbol,Lig,1. Seviye,Çekirdek,Erkek,Kulüp,Takım Sporu,Türkiye,Yerli,Türk Takımı Var,TV+ Yok,Yıllık,Sürekli Lig,Oyuncu Bilgi,Bilgi,Oyuncu,Jenerik,Türkçe,Body,Oyuncu Bilgi,beşiktaş,,,,,,
václav černý istatistik,Süper Lig,Futbol,Lig,1. Seviye,Çekirdek,Erkek,Kulüp,Takım Sporu,Türkiye,Yerli,Türk Takımı Var,TV+ Yok,Yıllık,Sürekli Lig,İstatistik,Bilgi,Oyuncu,Jenerik,Türkçe,Body,İstatistik,beşiktaş,,,,,,
dušan vlahović,Süper Lig,Futbol,Lig,1. Seviye,Çekirdek,Erkek,Kulüp,Takım Sporu,Türkiye,Yerli,Türk Takımı Var,TV+ Yok,Yıllık,Sürekli Lig,Oyuncu Jenerik,Bilgi,Oyuncu,Jenerik,Türkçe,Head,Oyuncu Jenerik,beşiktaş,,,,,,
dušan vlahović kimdir,Süper Lig,Futbol,Lig,1. Seviye,Çekirdek,Erkek,Kulüp,Takım Sporu,Türkiye,Yerli,Türk Takımı Var,TV+ Yok,Yıllık,Sürekli Lig,Oyuncu Bilgi,Bilgi,Oyuncu,Jenerik,Türkçe,Body,Oyuncu Bilgi,beşiktaş,,,,,,
dušan vlahović hangi takımda,Süper Lig,Futbol,Lig,1. Seviye,Çekirdek,Erkek,Kulüp,Takım Sporu,Türkiye,Yerli,Türk Takımı Var,TV+ Yok,Yıllık,Sürekli Lig,Oyuncu Bilgi,Bilgi,Oyuncu,Jenerik,Türkçe,Body,Oyuncu Bilgi,beşiktaş,,,,,,
dušan vlahović istatistik,Süper Lig,Futbol,Lig,1. Seviye,Çekirdek,Erkek,Kulüp,Takım Sporu,Türkiye,Yerli,Türk Takımı Var,TV+ Yok,Yıllık,Sürekli Lig,İstatistik,Bilgi,Oyuncu,Jenerik,Türkçe,Body,İstatistik,beşiktaş,,,,,,
tiago djaló,Süper Lig,Futbol,Lig,1. Seviye,Çekirdek,Erkek,Kulüp,Takım Sporu,Türkiye,Yerli,Türk Takımı Var,TV+ Yok,Yıllık,Sürekli Lig,Oyuncu Jenerik,Bilgi,Oyuncu,Jenerik,Türkçe,Head,Oyuncu Jenerik,beşiktaş,,,,,,
tiago djaló kimdir,Süper Lig,Futbol,Lig,1. Seviye,Çekirdek,Erkek,Kulüp,Takım Sporu,Türkiye,Yerli,Türk Takımı Var,TV+ Yok,Yıllık,Sürekli Lig,Oyuncu Bilgi,Bilgi,Oyuncu,Jenerik,Türkçe,Body,Oyuncu Bilgi,beşiktaş,,,,,,
tiago djaló hangi takımda,Süper Lig,Futbol,Lig,1. Seviye,Çekirdek,Erkek,Kulüp,Takım Sporu,Türkiye,Yerli,Türk Takımı Var,TV+ Yok,Yıllık,Sürekli Lig,Oyuncu Bilgi,Bilgi,Oyuncu,Jenerik,Türkçe,Body,Oyuncu Bilgi,beşiktaş,,,,,,
tiago djaló istatistik,Süper Lig,Futbol,Lig,1. Seviye,Çekirdek,Erkek,Kulüp,Takım Sporu,Türkiye,Yerli,Türk Takımı Var,TV+ Yok,Yıllık,Sürekli Lig,İstatistik,Bilgi,Oyuncu,Jenerik,Türkçe,Body,İstatistik,beşiktaş,,,,,,
stefan savić,Süper Lig,Futbol,Lig,1. Seviye,Çekirdek,Erkek,Kulüp,Takım Sporu,Türkiye,Yerli,Türk Takımı Var,TV+ Yok,Yıllık,Sürekli Lig,Oyuncu Jenerik,Bilgi,Oyuncu,Jenerik,Türkçe,Head,Oyuncu Jenerik,trabzonspor,,,,,,
stefan savić kimdir,Süper Lig,Futbol,Lig,1. Seviye,Çekirdek,Erkek,Kulüp,Takım Sporu,Türkiye,Yerli,Türk Takımı Var,TV+ Yok,Yıllık,Sürekli Lig,Oyuncu Bilgi,Bilgi,Oyuncu,Jenerik,Türkçe,Body,Oyuncu Bilgi,trabzonspor,,,,,,
stefan savić hangi takımda,Süper Lig,Futbol,Lig,1. Seviye,Çekirdek,Erkek,Kulüp,Takım Sporu,Türkiye,Yerli,Türk Takımı Var,TV+ Yok,Yıllık,Sürekli Lig,Oyuncu Bilgi,Bilgi,Oyuncu,Jenerik,Türkçe,Body,Oyuncu Bilgi,trabzonspor,,,,,,
stefan savić istatistik,Süper Lig,Futbol,Lig,1. Seviye,Çekirdek,Erkek,Kulüp,Takım Sporu,Türkiye,Yerli,Türk Takımı Var,TV+ Yok,Yıllık,Sürekli Lig,İstatistik,Bilgi,Oyuncu,Jenerik,Türkçe,Body,İstatistik,trabzonspor,,,,,,
andré onana,Süper Lig,Futbol,Lig,1. Seviye,Çekirdek,Erkek,Kulüp,Takım Sporu,Türkiye,Yerli,Türk Takımı Var,TV+ Yok,Yıllık,Sürekli Lig,Oyuncu Jenerik,Bilgi,Oyuncu,Jenerik,Türkçe,Head,Oyuncu Jenerik,trabzonspor,,,,,,
andré onana kimdir,Süper Lig,Futbol,Lig,1. Seviye,Çekirdek,Erkek,Kulüp,Takım Sporu,Türkiye,Yerli,Türk Takımı Var,TV+ Yok,Yıllık,Sürekli Lig,Oyuncu Bilgi,Bilgi,Oyuncu,Jenerik,Türkçe,Body,Oyuncu Bilgi,trabzonspor,,,,,,
andré onana hangi takımda,Süper Lig,Futbol,Lig,1. Seviye,Çekirdek,Erkek,Kulüp,Takım Sporu,Türkiye,Yerli,Türk Takımı Var,TV+ Yok,Yıllık,Sürekli Lig,Oyuncu Bilgi,Bilgi,Oyuncu,Jenerik,Türkçe,Body,Oyuncu Bilgi,trabzonspor,,,,,,
andré onana istatistik,Süper Lig,Futbol,Lig,1. Seviye,Çekirdek,Erkek,Kulüp,Takım Sporu,Türkiye,Yerli,Türk Takımı Var,TV+ Yok,Yıllık,Sürekli Lig,İstatistik,Bilgi,Oyuncu,Jenerik,Türkçe,Body,İstatistik,trabzonspor,,,,,,
léo duarte,Süper Lig,Futbol,Lig,1. Seviye,Çekirdek,Erkek,Kulüp,Takım Sporu,Türkiye,Yerli,Türk Takımı Var,TV+ Yok,Yıllık,Sürekli Lig,Oyuncu Jenerik,Bilgi,Oyuncu,Jenerik,Türkçe,Head,Oyuncu Jenerik,başakşehir,,,,,,
léo duarte kimdir,Süper Lig,Futbol,Lig,1. Seviye,Çekirdek,Erkek,Kulüp,Takım Sporu,Türkiye,Yerli,Türk Takımı Var,TV+ Yok,Yıllık,Sürekli Lig,Oyuncu Bilgi,Bilgi,Oyuncu,Jenerik,Türkçe,Body,Oyuncu Bilgi,başakşehir,,,,,,
léo duarte hangi takımda,Süper Lig,Futbol,Lig,1. Seviye,Çekirdek,Erkek,Kulüp,Takım Sporu,Türkiye,Yerli,Türk Takımı Var,TV+ Yok,Yıllık,Sürekli Lig,Oyuncu Bilgi,Bilgi,Oyuncu,Jenerik,Türkçe,Body,Oyuncu Bilgi,başakşehir,,,,,,
léo duarte istatistik,Süper Lig,Futbol,Lig,1. Seviye,Çekirdek,Erkek,Kulüp,Takım Sporu,Türkiye,Yerli,Türk Takımı Var,TV+ Yok,Yıllık,Sürekli Lig,İstatistik,Bilgi,Oyuncu,Jenerik,Türkçe,Body,İstatistik,başakşehir,,,,,,
jakub kałuziński,Süper Lig,Futbol,Lig,1. Seviye,Çekirdek,Erkek,Kulüp,Takım Sporu,Türkiye,Yerli,Türk Takımı Var,TV+ Yok,Yıllık,Sürekli Lig,Oyuncu Jenerik,Bilgi,Oyuncu,Jenerik,Türkçe,Head,Oyuncu Jenerik,başakşehir,,,,,,
jakub kałuziński kimdir,Süper Lig,Futbol,Lig,1. Seviye,Çekirdek,Erkek,Kulüp,Takım Sporu,Türkiye,Yerli,Türk Takımı Var,TV+ Yok,Yıllık,Sürekli Lig,Oyuncu Bilgi,Bilgi,Oyuncu,Jenerik,Türkçe,Body,Oyuncu Bilgi,başakşehir,,,,,,
jakub kałuziński hangi takımda,Süper Lig,Futbol,Lig,1. Seviye,Çekirdek,Erkek,Kulüp,Takım Sporu,Türkiye,Yerli,Türk Takımı Var,TV+ Yok,Yıllık,Sürekli Lig,Oyuncu Bilgi,Bilgi,Oyuncu,Jenerik,Türkçe,Body,Oyuncu Bilgi,başakşehir,,,,,,
jakub kałuziński istatistik,Süper Lig,Futbol,Lig,1. Seviye,Çekirdek,Erkek,Kulüp,Takım Sporu,Türkiye,Yerli,Türk Takımı Var,TV+ Yok,Yıllık,Sürekli Lig,İstatistik,Bilgi,Oyuncu,Jenerik,Türkçe,Body,İstatistik,başakşehir,,,,,,
christopher opéri,Süper Lig,Futbol,Lig,1. Seviye,Çekirdek,Erkek,Kulüp,Takım Sporu,Türkiye,Yerli,Türk Takımı Var,TV+ Yok,Yıllık,Sürekli Lig,Oyuncu Jenerik,Bilgi,Oyuncu,Jenerik,Türkçe,Head,Oyuncu Jenerik,başakşehir,,,,,,
christopher opéri kimdir,Süper Lig,Futbol,Lig,1. Seviye,Çekirdek,Erkek,Kulüp,Takım Sporu,Türkiye,Yerli,Türk Takımı Var,TV+ Yok,Yıllık,Sürekli Lig,Oyuncu Bilgi,Bilgi,Oyuncu,Jenerik,Türkçe,Body,Oyuncu Bilgi,başakşehir,,,,,,
christopher opéri hangi takımda,Süper Lig,Futbol,Lig,1. Seviye,Çekirdek,Erkek,Kulüp,Takım Sporu,Türkiye,Yerli,Türk Takımı Var,TV+ Yok,Yıllık,Sürekli Lig,Oyuncu Bilgi,Bilgi,Oyuncu,Jenerik,Türkçe,Body,Oyuncu Bilgi,başakşehir,,,,,,
christopher opéri istatistik,Süper Lig,Futbol,Lig,1. Seviye,Çekirdek,Erkek,Kulüp,Takım Sporu,Türkiye,Yerli,Türk Takımı Var,TV+ Yok,Yıllık,Sürekli Lig,İstatistik,Bilgi,Oyuncu,Jenerik,Türkçe,Body,İstatistik,başakşehir,,,,,,
ivan brnić,Süper Lig,Futbol,Lig,1. Seviye,Çekirdek,Erkek,Kulüp,Takım Sporu,Türkiye,Yerli,Türk Takımı Var,TV+ Yok,Yıllık,Sürekli Lig,Oyuncu Jenerik,Bilgi,Oyuncu,Jenerik,Türkçe,Head,Oyuncu Jenerik,başakşehir,,,,,,
ivan brnić kimdir,Süper Lig,Futbol,Lig,1. Seviye,Çekirdek,Erkek,Kulüp,Takım Sporu,Türkiye,Yerli,Türk Takımı Var,TV+ Yok,Yıllık,Sürekli Lig,Oyuncu Bilgi,Bilgi,Oyuncu,Jenerik,Türkçe,Body,Oyuncu Bilgi,başakşehir,,,,,,
ivan brnić hangi takımda,Süper Lig,Futbol,Lig,1. Seviye,Çekirdek,Erkek,Kulüp,Takım Sporu,Türkiye,Yerli,Türk Takımı Var,TV+ Yok,Yıllık,Sürekli Lig,Oyuncu Bilgi,Bilgi,Oyuncu,Jenerik,Türkçe,Body,Oyuncu Bilgi,başakşehir,,,,,,
ivan brnić istatistik,Süper Lig,Futbol,Lig,1. Seviye,Çekirdek,Erkek,Kulüp,Takım Sporu,Türkiye,Yerli,Türk Takımı Var,TV+ Yok,Yıllık,Sürekli Lig,İstatistik,Bilgi,Oyuncu,Jenerik,Türkçe,Body,İstatistik,başakşehir,,,,,,
logi tómasson,Süper Lig,Futbol,Lig,1. Seviye,Çekirdek,Erkek,Kulüp,Takım Sporu,Türkiye,Yerli,Türk Takımı Var,TV+ Yok,Yıllık,Sürekli Lig,Oyuncu Jenerik,Bilgi,Oyuncu,Jenerik,Türkçe,Head,Oyuncu Jenerik,samsunspor,,,,,,
logi tómasson kimdir,Süper Lig,Futbol,Lig,1. Seviye,Çekirdek,Erkek,Kulüp,Takım Sporu,Türkiye,Yerli,Türk Takımı Var,TV+ Yok,Yıllık,Sürekli Lig,Oyuncu Bilgi,Bilgi,Oyuncu,Jenerik,Türkçe,Body,Oyuncu Bilgi,samsunspor,,,,,,
logi tómasson hangi takımda,Süper Lig,Futbol,Lig,1. Seviye,Çekirdek,Erkek,Kulüp,Takım Sporu,Türkiye,Yerli,Türk Takımı Var,TV+ Yok,Yıllık,Sürekli Lig,Oyuncu Bilgi,Bilgi,Oyuncu,Jenerik,Türkçe,Body,Oyuncu Bilgi,samsunspor,,,,,,
logi tómasson istatistik,Süper Lig,Futbol,Lig,1. Seviye,Çekirdek,Erkek,Kulüp,Takım Sporu,Türkiye,Yerli,Türk Takımı Var,TV+ Yok,Yıllık,Sürekli Lig,İstatistik,Bilgi,Oyuncu,Jenerik,Türkçe,Body,İstatistik,samsunspor,,,,,,
toni borevković,Süper Lig,Futbol,Lig,1. Seviye,Çekirdek,Erkek,Kulüp,Takım Sporu,Türkiye,Yerli,Türk Takımı Var,TV+ Yok,Yıllık,Sürekli Lig,Oyuncu Jenerik,Bilgi,Oyuncu,Jenerik,Türkçe,Head,Oyuncu Jenerik,samsunspor,,,,,,
toni borevković kimdir,Süper Lig,Futbol,Lig,1. Seviye,Çekirdek,Erkek,Kulüp,Takım Sporu,Türkiye,Yerli,Türk Takımı Var,TV+ Yok,Yıllık,Sürekli Lig,Oyuncu Bilgi,Bilgi,Oyuncu,Jenerik,Türkçe,Body,Oyuncu Bilgi,samsunspor,,,,,,
toni borevković hangi takımda,Süper Lig,Futbol,Lig,1. Seviye,Çekirdek,Erkek,Kulüp,Takım Sporu,Türkiye,Yerli,Türk Takımı Var,TV+ Yok,Yıllık,Sürekli Lig,Oyuncu Bilgi,Bilgi,Oyuncu,Jenerik,Türkçe,Body,Oyuncu Bilgi,samsunspor,,,,,,
toni borevković istatistik,Süper Lig,Futbol,Lig,1. Seviye,Çekirdek,Erkek,Kulüp,Takım Sporu,Türkiye,Yerli,Türk Takımı Var,TV+ Yok,Yıllık,Sürekli Lig,İstatistik,Bilgi,Oyuncu,Jenerik,Türkçe,Body,İstatistik,samsunspor,,,,,,
anto sekongo,Süper Lig,Futbol,Lig,1. Seviye,Çekirdek,Erkek,Kulüp,Takım Sporu,Türkiye,Yerli,Türk Takımı Var,TV+ Yok,Yıllık,Sürekli Lig,Oyuncu Jenerik,Bilgi,Oyuncu,Jenerik,İngilizce,Head,Oyuncu Jenerik,samsunspor,,,,,,
anto sekongo kimdir,Süper Lig,Futbol,Lig,1. Seviye,Çekirdek,Erkek,Kulüp,Takım Sporu,Türkiye,Yerli,Türk Takımı Var,TV+ Yok,Yıllık,Sürekli Lig,Oyuncu Bilgi,Bilgi,Oyuncu,Jenerik,İngilizce,Body,Oyuncu Bilgi,samsunspor,,,,,,
anto sekongo hangi takımda,Süper Lig,Futbol,Lig,1. Seviye,Çekirdek,Erkek,Kulüp,Takım Sporu,Türkiye,Yerli,Türk Takımı Var,TV+ Yok,Yıllık,Sürekli Lig,Oyuncu Bilgi,Bilgi,Oyuncu,Jenerik,Türkçe,Body,Oyuncu Bilgi,samsunspor,,,,,,
anto sekongo istatistik,Süper Lig,Futbol,Lig,1. Seviye,Çekirdek,Erkek,Kulüp,Takım Sporu,Türkiye,Yerli,Türk Takımı Var,TV+ Yok,Yıllık,Sürekli Lig,İstatistik,Bilgi,Oyuncu,Jenerik,İngilizce,Body,İstatistik,samsunspor,,,,,,
massadio haïdara,Süper Lig,Futbol,Lig,1. Seviye,Çekirdek,Erkek,Kulüp,Takım Sporu,Türkiye,Yerli,Türk Takımı Var,TV+ Yok,Yıllık,Sürekli Lig,Oyuncu Jenerik,Bilgi,Oyuncu,Jenerik,Türkçe,Head,Oyuncu Jenerik,kocaelispor,,,,,,
massadio haïdara kimdir,Süper Lig,Futbol,Lig,1. Seviye,Çekirdek,Erkek,Kulüp,Takım Sporu,Türkiye,Yerli,Türk Takımı Var,TV+ Yok,Yıllık,Sürekli Lig,Oyuncu Bilgi,Bilgi,Oyuncu,Jenerik,Türkçe,Body,Oyuncu Bilgi,kocaelispor,,,,,,
massadio haïdara hangi takımda,Süper Lig,Futbol,Lig,1. Seviye,Çekirdek,Erkek,Kulüp,Takım Sporu,Türkiye,Yerli,Türk Takımı Var,TV+ Yok,Yıllık,Sürekli Lig,Oyuncu Bilgi,Bilgi,Oyuncu,Jenerik,Türkçe,Body,Oyuncu Bilgi,kocaelispor,,,,,,
massadio haïdara istatistik,Süper Lig,Futbol,Lig,1. Seviye,Çekirdek,Erkek,Kulüp,Takım Sporu,Türkiye,Yerli,Türk Takımı Var,TV+ Yok,Yıllık,Sürekli Lig,İstatistik,Bilgi,Oyuncu,Jenerik,Türkçe,Body,İstatistik,kocaelispor,,,,,,
allan godói,Süper Lig,Futbol,Lig,1. Seviye,Çekirdek,Erkek,Kulüp,Takım Sporu,Türkiye,Yerli,Türk Takımı Var,TV+ Yok,Yıllık,Sürekli Lig,Oyuncu Jenerik,Bilgi,Oyuncu,Jenerik,Türkçe,Head,Oyuncu Jenerik,göztepe,,,,,,
allan godói kimdir,Süper Lig,Futbol,Lig,1. Seviye,Çekirdek,Erkek,Kulüp,Takım Sporu,Türkiye,Yerli,Türk Takımı Var,TV+ Yok,Yıllık,Sürekli Lig,Oyuncu Bilgi,Bilgi,Oyuncu,Jenerik,Türkçe,Body,Oyuncu Bilgi,göztepe,,,,,,
allan godói hangi takımda,Süper Lig,Futbol,Lig,1. Seviye,Çekirdek,Erkek,Kulüp,Takım Sporu,Türkiye,Yerli,Türk Takımı Var,TV+ Yok,Yıllık,Sürekli Lig,Oyuncu Bilgi,Bilgi,Oyuncu,Jenerik,Türkçe,Body,Oyuncu Bilgi,göztepe,,,,,,
allan godói istatistik,Süper Lig,Futbol,Lig,1. Seviye,Çekirdek,Erkek,Kulüp,Takım Sporu,Türkiye,Yerli,Türk Takımı Var,TV+ Yok,Yıllık,Sürekli Lig,İstatistik,Bilgi,Oyuncu,Jenerik,Türkçe,Body,İstatistik,göztepe,,,,,,
i̇smail köybaşı,Süper Lig,Futbol,Lig,1. Seviye,Çekirdek,Erkek,Kulüp,Takım Sporu,Türkiye,Yerli,Türk Takımı Var,TV+ Yok,Yıllık,Sürekli Lig,Oyuncu Jenerik,Bilgi,Oyuncu,Jenerik,Türkçe,Head,Oyuncu Jenerik,göztepe,,,,,,
i̇smail köybaşı kimdir,Süper Lig,Futbol,Lig,1. Seviye,Çekirdek,Erkek,Kulüp,Takım Sporu,Türkiye,Yerli,Türk Takımı Var,TV+ Yok,Yıllık,Sürekli Lig,Oyuncu Bilgi,Bilgi,Oyuncu,Jenerik,Türkçe,Body,Oyuncu Bilgi,göztepe,,,,,,
i̇smail köybaşı hangi takımda,Süper Lig,Futbol,Lig,1. Seviye,Çekirdek,Erkek,Kulüp,Takım Sporu,Türkiye,Yerli,Türk Takımı Var,TV+ Yok,Yıllık,Sürekli Lig,Oyuncu Bilgi,Bilgi,Oyuncu,Jenerik,Türkçe,Body,Oyuncu Bilgi,göztepe,,,,,,
i̇smail köybaşı istatistik,Süper Lig,Futbol,Lig,1. Seviye,Çekirdek,Erkek,Kulüp,Takım Sporu,Türkiye,Yerli,Türk Takımı Var,TV+ Yok,Yıllık,Sürekli Lig,İstatistik,Bilgi,Oyuncu,Jenerik,Türkçe,Body,İstatistik,göztepe,,,,,,
haydar yılmaz,Süper Lig,Futbol,Lig,1. Seviye,Çekirdek,Erkek,Kulüp,Takım Sporu,Türkiye,Yerli,Türk Takımı Var,TV+ Yok,Yıllık,Sürekli Lig,Oyuncu Jenerik,Bilgi,Oyuncu,Jenerik,Türkçe,Head,Oyuncu Jenerik,alanyaspor,,,,,,
haydar yılmaz kimdir,Süper Lig,Futbol,Lig,1. Seviye,Çekirdek,Erkek,Kulüp,Takım Sporu,Türkiye,Yerli,Türk Takımı Var,TV+ Yok,Yıllık,Sürekli Lig,Oyuncu Bilgi,Bilgi,Oyuncu,Jenerik,Türkçe,Body,Oyuncu Bilgi,alanyaspor,,,,,,
haydar yılmaz hangi takımda,Süper Lig,Futbol,Lig,1. Seviye,Çekirdek,Erkek,Kulüp,Takım Sporu,Türkiye,Yerli,Türk Takımı Var,TV+ Yok,Yıllık,Sürekli Lig,Oyuncu Bilgi,Bilgi,Oyuncu,Jenerik,Türkçe,Body,Oyuncu Bilgi,alanyaspor,,,,,,
haydar yılmaz istatistik,Süper Lig,Futbol,Lig,1. Seviye,Çekirdek,Erkek,Kulüp,Takım Sporu,Türkiye,Yerli,Türk Takımı Var,TV+ Yok,Yıllık,Sürekli Lig,İstatistik,Bilgi,Oyuncu,Jenerik,Türkçe,Body,İstatistik,alanyaspor,,,,,,
türker toptaş,Süper Lig,Futbol,Lig,1. Seviye,Çekirdek,Erkek,Kulüp,Takım Sporu,Türkiye,Yerli,Türk Takımı Var,TV+ Yok,Yıllık,Sürekli Lig,Oyuncu Jenerik,Bilgi,Oyuncu,Jenerik,Türkçe,Head,Oyuncu Jenerik,alanyaspor,,,,,,
türker toptaş kimdir,Süper Lig,Futbol,Lig,1. Seviye,Çekirdek,Erkek,Kulüp,Takım Sporu,Türkiye,Yerli,Türk Takımı Var,TV+ Yok,Yıllık,Sürekli Lig,Oyuncu Bilgi,Bilgi,Oyuncu,Jenerik,Türkçe,Body,Oyuncu Bilgi,alanyaspor,,,,,,
türker toptaş hangi takımda,Süper Lig,Futbol,Lig,1. Seviye,Çekirdek,Erkek,Kulüp,Takım Sporu,Türkiye,Yerli,Türk Takımı Var,TV+ Yok,Yıllık,Sürekli Lig,Oyuncu Bilgi,Bilgi,Oyuncu,Jenerik,Türkçe,Body,Oyuncu Bilgi,alanyaspor,,,,,,
türker toptaş istatistik,Süper Lig,Futbol,Lig,1. Seviye,Çekirdek,Erkek,Kulüp,Takım Sporu,Türkiye,Yerli,Türk Takımı Var,TV+ Yok,Yıllık,Sürekli Lig,İstatistik,Bilgi,Oyuncu,Jenerik,Türkçe,Body,İstatistik,alanyaspor,,,,,,
koray çölgeçen,Süper Lig,Futbol,Lig,1. Seviye,Çekirdek,Erkek,Kulüp,Takım Sporu,Türkiye,Yerli,Türk Takımı Var,TV+ Yok,Yıllık,Sürekli Lig,Oyuncu Jenerik,Bilgi,Oyuncu,Jenerik,Türkçe,Head,Oyuncu Jenerik,alanyaspor,,,,,,
koray çölgeçen kimdir,Süper Lig,Futbol,Lig,1. Seviye,Çekirdek,Erkek,Kulüp,Takım Sporu,Türkiye,Yerli,Türk Takımı Var,TV+ Yok,Yıllık,Sürekli Lig,Oyuncu Bilgi,Bilgi,Oyuncu,Jenerik,Türkçe,Body,Oyuncu Bilgi,alanyaspor,,,,,,
koray çölgeçen hangi takımda,Süper Lig,Futbol,Lig,1. Seviye,Çekirdek,Erkek,Kulüp,Takım Sporu,Türkiye,Yerli,Türk Takımı Var,TV+ Yok,Yıllık,Sürekli Lig,Oyuncu Bilgi,Bilgi,Oyuncu,Jenerik,Türkçe,Body,Oyuncu Bilgi,alanyaspor,,,,,,
koray çölgeçen istatistik,Süper Lig,Futbol,Lig,1. Seviye,Çekirdek,Erkek,Kulüp,Takım Sporu,Türkiye,Yerli,Türk Takımı Var,TV+ Yok,Yıllık,Sürekli Lig,İstatistik,Bilgi,Oyuncu,Jenerik,Türkçe,Body,İstatistik,alanyaspor,,,,,,
kerem gülbahar,Süper Lig,Futbol,Lig,1. Seviye,Çekirdek,Erkek,Kulüp,Takım Sporu,Türkiye,Yerli,Türk Takımı Var,TV+ Yok,Yıllık,Sürekli Lig,Oyuncu Jenerik,Bilgi,Oyuncu,Jenerik,Türkçe,Head,Oyuncu Jenerik,alanyaspor,,,,,,
kerem gülbahar kimdir,Süper Lig,Futbol,Lig,1. Seviye,Çekirdek,Erkek,Kulüp,Takım Sporu,Türkiye,Yerli,Türk Takımı Var,TV+ Yok,Yıllık,Sürekli Lig,Oyuncu Bilgi,Bilgi,Oyuncu,Jenerik,Türkçe,Body,Oyuncu Bilgi,alanyaspor,,,,,,
kerem gülbahar hangi takımda,Süper Lig,Futbol,Lig,1. Seviye,Çekirdek,Erkek,Kulüp,Takım Sporu,Türkiye,Yerli,Türk Takımı Var,TV+ Yok,Yıllık,Sürekli Lig,Oyuncu Bilgi,Bilgi,Oyuncu,Jenerik,Türkçe,Body,Oyuncu Bilgi,alanyaspor,,,,,,
kerem gülbahar istatistik,Süper Lig,Futbol,Lig,1. Seviye,Çekirdek,Erkek,Kulüp,Takım Sporu,Türkiye,Yerli,Türk Takımı Var,TV+ Yok,Yıllık,Sürekli Lig,İstatistik,Bilgi,Oyuncu,Jenerik,Türkçe,Body,İstatistik,alanyaspor,,,,,,
efecan karaca,Süper Lig,Futbol,Lig,1. Seviye,Çekirdek,Erkek,Kulüp,Takım Sporu,Türkiye,Yerli,Türk Takımı Var,TV+ Yok,Yıllık,Sürekli Lig,Oyuncu Jenerik,Bilgi,Oyuncu,Jenerik,İngilizce,Head,Oyuncu Jenerik,alanyaspor,,,,,,
efecan karaca kimdir,Süper Lig,Futbol,Lig,1. Seviye,Çekirdek,Erkek,Kulüp,Takım Sporu,Türkiye,Yerli,Türk Takımı Var,TV+ Yok,Yıllık,Sürekli Lig,Oyuncu Bilgi,Bilgi,Oyuncu,Jenerik,İngilizce,Body,Oyuncu Bilgi,alanyaspor,,,,,,
efecan karaca hangi takımda,Süper Lig,Futbol,Lig,1. Seviye,Çekirdek,Erkek,Kulüp,Takım Sporu,Türkiye,Yerli,Türk Takımı Var,TV+ Yok,Yıllık,Sürekli Lig,Oyuncu Bilgi,Bilgi,Oyuncu,Jenerik,Türkçe,Body,Oyuncu Bilgi,alanyaspor,,,,,,
efecan karaca istatistik,Süper Lig,Futbol,Lig,1. Seviye,Çekirdek,Erkek,Kulüp,Takım Sporu,Türkiye,Yerli,Türk Takımı Var,TV+ Yok,Yıllık,Sürekli Lig,İstatistik,Bilgi,Oyuncu,Jenerik,İngilizce,Body,İstatistik,alanyaspor,,,,,,
jonathan ayité,Süper Lig,Futbol,Lig,1. Seviye,Çekirdek,Erkek,Kulüp,Takım Sporu,Türkiye,Yerli,Türk Takımı Var,TV+ Yok,Yıllık,Sürekli Lig,Oyuncu Jenerik,Bilgi,Oyuncu,Jenerik,Türkçe,Head,Oyuncu Jenerik,alanyaspor,,,,,,
jonathan ayité kimdir,Süper Lig,Futbol,Lig,1. Seviye,Çekirdek,Erkek,Kulüp,Takım Sporu,Türkiye,Yerli,Türk Takımı Var,TV+ Yok,Yıllık,Sürekli Lig,Oyuncu Bilgi,Bilgi,Oyuncu,Jenerik,Türkçe,Body,Oyuncu Bilgi,alanyaspor,,,,,,
jonathan ayité hangi takımda,Süper Lig,Futbol,Lig,1. Seviye,Çekirdek,Erkek,Kulüp,Takım Sporu,Türkiye,Yerli,Türk Takımı Var,TV+ Yok,Yıllık,Sürekli Lig,Oyuncu Bilgi,Bilgi,Oyuncu,Jenerik,Türkçe,Body,Oyuncu Bilgi,alanyaspor,,,,,,
jonathan ayité istatistik,Süper Lig,Futbol,Lig,1. Seviye,Çekirdek,Erkek,Kulüp,Takım Sporu,Türkiye,Yerli,Türk Takımı Var,TV+ Yok,Yıllık,Sürekli Lig,İstatistik,Bilgi,Oyuncu,Jenerik,Türkçe,Body,İstatistik,alanyaspor,,,,,,
timuçin aşçıgil,Süper Lig,Futbol,Lig,1. Seviye,Çekirdek,Erkek,Kulüp,Takım Sporu,Türkiye,Yerli,Türk Takımı Var,TV+ Yok,Yıllık,Sürekli Lig,Oyuncu Jenerik,Bilgi,Oyuncu,Jenerik,Türkçe,Head,Oyuncu Jenerik,alanyaspor,,,,,,
timuçin aşçıgil kimdir,Süper Lig,Futbol,Lig,1. Seviye,Çekirdek,Erkek,Kulüp,Takım Sporu,Türkiye,Yerli,Türk Takımı Var,TV+ Yok,Yıllık,Sürekli Lig,Oyuncu Bilgi,Bilgi,Oyuncu,Jenerik,Türkçe,Body,Oyuncu Bilgi,alanyaspor,,,,,,
timuçin aşçıgil hangi takımda,Süper Lig,Futbol,Lig,1. Seviye,Çekirdek,Erkek,Kulüp,Takım Sporu,Türkiye,Yerli,Türk Takımı Var,TV+ Yok,Yıllık,Sürekli Lig,Oyuncu Bilgi,Bilgi,Oyuncu,Jenerik,Türkçe,Body,Oyuncu Bilgi,alanyaspor,,,,,,
timuçin aşçıgil istatistik,Süper Lig,Futbol,Lig,1. Seviye,Çekirdek,Erkek,Kulüp,Takım Sporu,Türkiye,Yerli,Türk Takımı Var,TV+ Yok,Yıllık,Sürekli Lig,İstatistik,Bilgi,Oyuncu,Jenerik,Türkçe,Body,İstatistik,alanyaspor,,,,,,
yussif chibsah,Süper Lig,Futbol,Lig,1. Seviye,Çekirdek,Erkek,Kulüp,Takım Sporu,Türkiye,Yerli,Türk Takımı Var,TV+ Yok,Yıllık,Sürekli Lig,Oyuncu Jenerik,Bilgi,Oyuncu,Jenerik,İngilizce,Head,Oyuncu Jenerik,alanyaspor,,,,,,
yussif chibsah kimdir,Süper Lig,Futbol,Lig,1. Seviye,Çekirdek,Erkek,Kulüp,Takım Sporu,Türkiye,Yerli,Türk Takımı Var,TV+ Yok,Yıllık,Sürekli Lig,Oyuncu Bilgi,Bilgi,Oyuncu,Jenerik,İngilizce,Body,Oyuncu Bilgi,alanyaspor,,,,,,
yussif chibsah hangi takımda,Süper Lig,Futbol,Lig,1. Seviye,Çekirdek,Erkek,Kulüp,Takım Sporu,Türkiye,Yerli,Türk Takımı Var,TV+ Yok,Yıllık,Sürekli Lig,Oyuncu Bilgi,Bilgi,Oyuncu,Jenerik,Türkçe,Body,Oyuncu Bilgi,alanyaspor,,,,,,
yussif chibsah istatistik,Süper Lig,Futbol,Lig,1. Seviye,Çekirdek,Erkek,Kulüp,Takım Sporu,Türkiye,Yerli,Türk Takımı Var,TV+ Yok,Yıllık,Sürekli Lig,İstatistik,Bilgi,Oyuncu,Jenerik,İngilizce,Body,İstatistik,alanyaspor,,,,,,
ahmet özer,Süper Lig,Futbol,Lig,1. Seviye,Çekirdek,Erkek,Kulüp,Takım Sporu,Türkiye,Yerli,Türk Takımı Var,TV+ Yok,Yıllık,Sürekli Lig,Oyuncu Jenerik,Bilgi,Oyuncu,Jenerik,Türkçe,Head,Oyuncu Jenerik,alanyaspor,,,,,,
ahmet özer kimdir,Süper Lig,Futbol,Lig,1. Seviye,Çekirdek,Erkek,Kulüp,Takım Sporu,Türkiye,Yerli,Türk Takımı Var,TV+ Yok,Yıllık,Sürekli Lig,Oyuncu Bilgi,Bilgi,Oyuncu,Jenerik,Türkçe,Body,Oyuncu Bilgi,alanyaspor,,,,,,
ahmet özer hangi takımda,Süper Lig,Futbol,Lig,1. Seviye,Çekirdek,Erkek,Kulüp,Takım Sporu,Türkiye,Yerli,Türk Takımı Var,TV+ Yok,Yıllık,Sürekli Lig,Oyuncu Bilgi,Bilgi,Oyuncu,Jenerik,Türkçe,Body,Oyuncu Bilgi,alanyaspor,,,,,,
ahmet özer istatistik,Süper Lig,Futbol,Lig,1. Seviye,Çekirdek,Erkek,Kulüp,Takım Sporu,Türkiye,Yerli,Türk Takımı Var,TV+ Yok,Yıllık,Sürekli Lig,İstatistik,Bilgi,Oyuncu,Jenerik,Türkçe,Body,İstatistik,alanyaspor,,,,,,
gökay iravul,Süper Lig,Futbol,Lig,1. Seviye,Çekirdek,Erkek,Kulüp,Takım Sporu,Türkiye,Yerli,Türk Takımı Var,TV+ Yok,Yıllık,Sürekli Lig,Oyuncu Jenerik,Bilgi,Oyuncu,Jenerik,Türkçe,Head,Oyuncu Jenerik,alanyaspor,,,,,,
gökay iravul kimdir,Süper Lig,Futbol,Lig,1. Seviye,Çekirdek,Erkek,Kulüp,Takım Sporu,Türkiye,Yerli,Türk Takımı Var,TV+ Yok,Yıllık,Sürekli Lig,Oyuncu Bilgi,Bilgi,Oyuncu,Jenerik,Türkçe,Body,Oyuncu Bilgi,alanyaspor,,,,,,
gökay iravul hangi takımda,Süper Lig,Futbol,Lig,1. Seviye,Çekirdek,Erkek,Kulüp,Takım Sporu,Türkiye,Yerli,Türk Takımı Var,TV+ Yok,Yıllık,Sürekli Lig,Oyuncu Bilgi,Bilgi,Oyuncu,Jenerik,Türkçe,Body,Oyuncu Bilgi,alanyaspor,,,,,,
gökay iravul istatistik,Süper Lig,Futbol,Lig,1. Seviye,Çekirdek,Erkek,Kulüp,Takım Sporu,Türkiye,Yerli,Türk Takımı Var,TV+ Yok,Yıllık,Sürekli Lig,İstatistik,Bilgi,Oyuncu,Jenerik,Türkçe,Body,İstatistik,alanyaspor,,,,,,
adem gökçe,Süper Lig,Futbol,Lig,1. Seviye,Çekirdek,Erkek,Kulüp,Takım Sporu,Türkiye,Yerli,Türk Takımı Var,TV+ Yok,Yıllık,Sürekli Lig,Oyuncu Jenerik,Bilgi,Oyuncu,Jenerik,Türkçe,Head,Oyuncu Jenerik,alanyaspor,,,,,,
adem gökçe kimdir,Süper Lig,Futbol,Lig,1. Seviye,Çekirdek,Erkek,Kulüp,Takım Sporu,Türkiye,Yerli,Türk Takımı Var,TV+ Yok,Yıllık,Sürekli Lig,Oyuncu Bilgi,Bilgi,Oyuncu,Jenerik,Türkçe,Body,Oyuncu Bilgi,alanyaspor,,,,,,
adem gökçe hangi takımda,Süper Lig,Futbol,Lig,1. Seviye,Çekirdek,Erkek,Kulüp,Takım Sporu,Türkiye,Yerli,Türk Takımı Var,TV+ Yok,Yıllık,Sürekli Lig,Oyuncu Bilgi,Bilgi,Oyuncu,Jenerik,Türkçe,Body,Oyuncu Bilgi,alanyaspor,,,,,,
adem gökçe istatistik,Süper Lig,Futbol,Lig,1. Seviye,Çekirdek,Erkek,Kulüp,Takım Sporu,Türkiye,Yerli,Türk Takımı Var,TV+ Yok,Yıllık,Sürekli Lig,İstatistik,Bilgi,Oyuncu,Jenerik,Türkçe,Body,İstatistik,alanyaspor,,,,,,
özgür öcal,Süper Lig,Futbol,Lig,1. Seviye,Çekirdek,Erkek,Kulüp,Takım Sporu,Türkiye,Yerli,Türk Takımı Var,TV+ Yok,Yıllık,Sürekli Lig,Oyuncu Jenerik,Bilgi,Oyuncu,Jenerik,Türkçe,Head,Oyuncu Jenerik,alanyaspor,,,,,,
özgür öcal kimdir,Süper Lig,Futbol,Lig,1. Seviye,Çekirdek,Erkek,Kulüp,Takım Sporu,Türkiye,Yerli,Türk Takımı Var,TV+ Yok,Yıllık,Sürekli Lig,Oyuncu Bilgi,Bilgi,Oyuncu,Jenerik,Türkçe,Body,Oyuncu Bilgi,alanyaspor,,,,,,
özgür öcal hangi takımda,Süper Lig,Futbol,Lig,1. Seviye,Çekirdek,Erkek,Kulüp,Takım Sporu,Türkiye,Yerli,Türk Takımı Var,TV+ Yok,Yıllık,Sürekli Lig,Oyuncu Bilgi,Bilgi,Oyuncu,Jenerik,Türkçe,Body,Oyuncu Bilgi,alanyaspor,,,,,,
özgür öcal istatistik,Süper Lig,Futbol,Lig,1. Seviye,Çekirdek,Erkek,Kulüp,Takım Sporu,Türkiye,Yerli,Türk Takımı Var,TV+ Yok,Yıllık,Sürekli Lig,İstatistik,Bilgi,Oyuncu,Jenerik,Türkçe,Body,İstatistik,alanyaspor,,,,,,
eren özen,Süper Lig,Futbol,Lig,1. Seviye,Çekirdek,Erkek,Kulüp,Takım Sporu,Türkiye,Yerli,Türk Takımı Var,TV+ Yok,Yıllık,Sürekli Lig,Oyuncu Jenerik,Bilgi,Oyuncu,Jenerik,Türkçe,Head,Oyuncu Jenerik,alanyaspor,,,,,,
eren özen kimdir,Süper Lig,Futbol,Lig,1. Seviye,Çekirdek,Erkek,Kulüp,Takım Sporu,Türkiye,Yerli,Türk Takımı Var,TV+ Yok,Yıllık,Sürekli Lig,Oyuncu Bilgi,Bilgi,Oyuncu,Jenerik,Türkçe,Body,Oyuncu Bilgi,alanyaspor,,,,,,
eren özen hangi takımda,Süper Lig,Futbol,Lig,1. Seviye,Çekirdek,Erkek,Kulüp,Takım Sporu,Türkiye,Yerli,Türk Takımı Var,TV+ Yok,Yıllık,Sürekli Lig,Oyuncu Bilgi,Bilgi,Oyuncu,Jenerik,Türkçe,Body,Oyuncu Bilgi,alanyaspor,,,,,,
eren özen istatistik,Süper Lig,Futbol,Lig,1. Seviye,Çekirdek,Erkek,Kulüp,Takım Sporu,Türkiye,Yerli,Türk Takımı Var,TV+ Yok,Yıllık,Sürekli Lig,İstatistik,Bilgi,Oyuncu,Jenerik,Türkçe,Body,İstatistik,alanyaspor,,,,,,
sinan özkan,Süper Lig,Futbol,Lig,1. Seviye,Çekirdek,Erkek,Kulüp,Takım Sporu,Türkiye,Yerli,Türk Takımı Var,TV+ Yok,Yıllık,Sürekli Lig,Oyuncu Jenerik,Bilgi,Oyuncu,Jenerik,Türkçe,Head,Oyuncu Jenerik,alanyaspor,,,,,,
sinan özkan kimdir,Süper Lig,Futbol,Lig,1. Seviye,Çekirdek,Erkek,Kulüp,Takım Sporu,Türkiye,Yerli,Türk Takımı Var,TV+ Yok,Yıllık,Sürekli Lig,Oyuncu Bilgi,Bilgi,Oyuncu,Jenerik,Türkçe,Body,Oyuncu Bilgi,alanyaspor,,,,,,
sinan özkan hangi takımda,Süper Lig,Futbol,Lig,1. Seviye,Çekirdek,Erkek,Kulüp,Takım Sporu,Türkiye,Yerli,Türk Takımı Var,TV+ Yok,Yıllık,Sürekli Lig,Oyuncu Bilgi,Bilgi,Oyuncu,Jenerik,Türkçe,Body,Oyuncu Bilgi,alanyaspor,,,,,,
sinan özkan istatistik,Süper Lig,Futbol,Lig,1. Seviye,Çekirdek,Erkek,Kulüp,Takım Sporu,Türkiye,Yerli,Türk Takımı Var,TV+ Yok,Yıllık,Sürekli Lig,İstatistik,Bilgi,Oyuncu,Jenerik,Türkçe,Body,İstatistik,alanyaspor,,,,,,
osman şimşek,Süper Lig,Futbol,Lig,1. Seviye,Çekirdek,Erkek,Kulüp,Takım Sporu,Türkiye,Yerli,Türk Takımı Var,TV+ Yok,Yıllık,Sürekli Lig,Oyuncu Jenerik,Bilgi,Oyuncu,Jenerik,Türkçe,Head,Oyuncu Jenerik,alanyaspor,,,,,,
osman şimşek kimdir,Süper Lig,Futbol,Lig,1. Seviye,Çekirdek,Erkek,Kulüp,Takım Sporu,Türkiye,Yerli,Türk Takımı Var,TV+ Yok,Yıllık,Sürekli Lig,Oyuncu Bilgi,Bilgi,Oyuncu,Jenerik,Türkçe,Body,Oyuncu Bilgi,alanyaspor,,,,,,
osman şimşek hangi takımda,Süper Lig,Futbol,Lig,1. Seviye,Çekirdek,Erkek,Kulüp,Takım Sporu,Türkiye,Yerli,Türk Takımı Var,TV+ Yok,Yıllık,Sürekli Lig,Oyuncu Bilgi,Bilgi,Oyuncu,Jenerik,Türkçe,Body,Oyuncu Bilgi,alanyaspor,,,,,,
osman şimşek istatistik,Süper Lig,Futbol,Lig,1. Seviye,Çekirdek,Erkek,Kulüp,Takım Sporu,Türkiye,Yerli,Türk Takımı Var,TV+ Yok,Yıllık,Sürekli Lig,İstatistik,Bilgi,Oyuncu,Jenerik,Türkçe,Body,İstatistik,alanyaspor,,,,,,
kazım dülger,Süper Lig,Futbol,Lig,1. Seviye,Çekirdek,Erkek,Kulüp,Takım Sporu,Türkiye,Yerli,Türk Takımı Var,TV+ Yok,Yıllık,Sürekli Lig,Oyuncu Jenerik,Bilgi,Oyuncu,Jenerik,Türkçe,Head,Oyuncu Jenerik,alanyaspor,,,,,,
kazım dülger kimdir,Süper Lig,Futbol,Lig,1. Seviye,Çekirdek,Erkek,Kulüp,Takım Sporu,Türkiye,Yerli,Türk Takımı Var,TV+ Yok,Yıllık,Sürekli Lig,Oyuncu Bilgi,Bilgi,Oyuncu,Jenerik,Türkçe,Body,Oyuncu Bilgi,alanyaspor,,,,,,
kazım dülger hangi takımda,Süper Lig,Futbol,Lig,1. Seviye,Çekirdek,Erkek,Kulüp,Takım Sporu,Türkiye,Yerli,Türk Takımı Var,TV+ Yok,Yıllık,Sürekli Lig,Oyuncu Bilgi,Bilgi,Oyuncu,Jenerik,Türkçe,Body,Oyuncu Bilgi,alanyaspor,,,,,,
kazım dülger istatistik,Süper Lig,Futbol,Lig,1. Seviye,Çekirdek,Erkek,Kulüp,Takım Sporu,Türkiye,Yerli,Türk Takımı Var,TV+ Yok,Yıllık,Sürekli Lig,İstatistik,Bilgi,Oyuncu,Jenerik,Türkçe,Body,İstatistik,alanyaspor,,,,,,
tomáš borek,Süper Lig,Futbol,Lig,1. Seviye,Çekirdek,Erkek,Kulüp,Takım Sporu,Türkiye,Yerli,Türk Takımı Var,TV+ Yok,Yıllık,Sürekli Lig,Oyuncu Jenerik,Bilgi,Oyuncu,Jenerik,Türkçe,Head,Oyuncu Jenerik,alanyaspor,,,,,,
tomáš borek kimdir,Süper Lig,Futbol,Lig,1. Seviye,Çekirdek,Erkek,Kulüp,Takım Sporu,Türkiye,Yerli,Türk Takımı Var,TV+ Yok,Yıllık,Sürekli Lig,Oyuncu Bilgi,Bilgi,Oyuncu,Jenerik,Türkçe,Body,Oyuncu Bilgi,alanyaspor,,,,,,
tomáš borek hangi takımda,Süper Lig,Futbol,Lig,1. Seviye,Çekirdek,Erkek,Kulüp,Takım Sporu,Türkiye,Yerli,Türk Takımı Var,TV+ Yok,Yıllık,Sürekli Lig,Oyuncu Bilgi,Bilgi,Oyuncu,Jenerik,Türkçe,Body,Oyuncu Bilgi,alanyaspor,,,,,,
tomáš borek istatistik,Süper Lig,Futbol,Lig,1. Seviye,Çekirdek,Erkek,Kulüp,Takım Sporu,Türkiye,Yerli,Türk Takımı Var,TV+ Yok,Yıllık,Sürekli Lig,İstatistik,Bilgi,Oyuncu,Jenerik,Türkçe,Body,İstatistik,alanyaspor,,,,,,
kerem can akyüz,Süper Lig,Futbol,Lig,1. Seviye,Çekirdek,Erkek,Kulüp,Takım Sporu,Türkiye,Yerli,Türk Takımı Var,TV+ Yok,Yıllık,Sürekli Lig,Oyuncu Jenerik,Bilgi,Oyuncu,Jenerik,Türkçe,Body,Oyuncu Jenerik,alanyaspor,,,,,,
kerem can akyüz kimdir,Süper Lig,Futbol,Lig,1. Seviye,Çekirdek,Erkek,Kulüp,Takım Sporu,Türkiye,Yerli,Türk Takımı Var,TV+ Yok,Yıllık,Sürekli Lig,Oyuncu Bilgi,Bilgi,Oyuncu,Jenerik,Türkçe,Body,Oyuncu Bilgi,alanyaspor,,,,,,
kerem can akyüz hangi takımda,Süper Lig,Futbol,Lig,1. Seviye,Çekirdek,Erkek,Kulüp,Takım Sporu,Türkiye,Yerli,Türk Takımı Var,TV+ Yok,Yıllık,Sürekli Lig,Oyuncu Bilgi,Bilgi,Oyuncu,Jenerik,Türkçe,Long-tail,Oyuncu Bilgi,alanyaspor,,,,,,
kerem can akyüz istatistik,Süper Lig,Futbol,Lig,1. Seviye,Çekirdek,Erkek,Kulüp,Takım Sporu,Türkiye,Yerli,Türk Takımı Var,TV+ Yok,Yıllık,Sürekli Lig,İstatistik,Bilgi,Oyuncu,Jenerik,Türkçe,Body,İstatistik,alanyaspor,,,,,,
ahmet şahbaz,Süper Lig,Futbol,Lig,1. Seviye,Çekirdek,Erkek,Kulüp,Takım Sporu,Türkiye,Yerli,Türk Takımı Var,TV+ Yok,Yıllık,Sürekli Lig,Oyuncu Jenerik,Bilgi,Oyuncu,Jenerik,Türkçe,Head,Oyuncu Jenerik,alanyaspor,,,,,,
ahmet şahbaz kimdir,Süper Lig,Futbol,Lig,1. Seviye,Çekirdek,Erkek,Kulüp,Takım Sporu,Türkiye,Yerli,Türk Takımı Var,TV+ Yok,Yıllık,Sürekli Lig,Oyuncu Bilgi,Bilgi,Oyuncu,Jenerik,Türkçe,Body,Oyuncu Bilgi,alanyaspor,,,,,,
ahmet şahbaz hangi takımda,Süper Lig,Futbol,Lig,1. Seviye,Çekirdek,Erkek,Kulüp,Takım Sporu,Türkiye,Yerli,Türk Takımı Var,TV+ Yok,Yıllık,Sürekli Lig,Oyuncu Bilgi,Bilgi,Oyuncu,Jenerik,Türkçe,Body,Oyuncu Bilgi,alanyaspor,,,,,,
ahmet şahbaz istatistik,Süper Lig,Futbol,Lig,1. Seviye,Çekirdek,Erkek,Kulüp,Takım Sporu,Türkiye,Yerli,Türk Takımı Var,TV+ Yok,Yıllık,Sürekli Lig,İstatistik,Bilgi,Oyuncu,Jenerik,Türkçe,Body,İstatistik,alanyaspor,,,,,,
tolga tekin,Süper Lig,Futbol,Lig,1. Seviye,Çekirdek,Erkek,Kulüp,Takım Sporu,Türkiye,Yerli,Türk Takımı Var,TV+ Yok,Yıllık,Sürekli Lig,Oyuncu Jenerik,Bilgi,Oyuncu,Jenerik,İngilizce,Head,Oyuncu Jenerik,alanyaspor,,,,,,
tolga tekin kimdir,Süper Lig,Futbol,Lig,1. Seviye,Çekirdek,Erkek,Kulüp,Takım Sporu,Türkiye,Yerli,Türk Takımı Var,TV+ Yok,Yıllık,Sürekli Lig,Oyuncu Bilgi,Bilgi,Oyuncu,Jenerik,İngilizce,Body,Oyuncu Bilgi,alanyaspor,,,,,,
tolga tekin hangi takımda,Süper Lig,Futbol,Lig,1. Seviye,Çekirdek,Erkek,Kulüp,Takım Sporu,Türkiye,Yerli,Türk Takımı Var,TV+ Yok,Yıllık,Sürekli Lig,Oyuncu Bilgi,Bilgi,Oyuncu,Jenerik,Türkçe,Body,Oyuncu Bilgi,alanyaspor,,,,,,
tolga tekin istatistik,Süper Lig,Futbol,Lig,1. Seviye,Çekirdek,Erkek,Kulüp,Takım Sporu,Türkiye,Yerli,Türk Takımı Var,TV+ Yok,Yıllık,Sürekli Lig,İstatistik,Bilgi,Oyuncu,Jenerik,İngilizce,Body,İstatistik,alanyaspor,,,,,,
deniz vural,Süper Lig,Futbol,Lig,1. Seviye,Çekirdek,Erkek,Kulüp,Takım Sporu,Türkiye,Yerli,Türk Takımı Var,TV+ Yok,Yıllık,Sürekli Lig,Oyuncu Jenerik,Bilgi,Oyuncu,Jenerik,İngilizce,Head,Oyuncu Jenerik,alanyaspor,,,,,,
deniz vural kimdir,Süper Lig,Futbol,Lig,1. Seviye,Çekirdek,Erkek,Kulüp,Takım Sporu,Türkiye,Yerli,Türk Takımı Var,TV+ Yok,Yıllık,Sürekli Lig,Oyuncu Bilgi,Bilgi,Oyuncu,Jenerik,İngilizce,Body,Oyuncu Bilgi,alanyaspor,,,,,,
deniz vural hangi takımda,Süper Lig,Futbol,Lig,1. Seviye,Çekirdek,Erkek,Kulüp,Takım Sporu,Türkiye,Yerli,Türk Takımı Var,TV+ Yok,Yıllık,Sürekli Lig,Oyuncu Bilgi,Bilgi,Oyuncu,Jenerik,Türkçe,Body,Oyuncu Bilgi,alanyaspor,,,,,,
deniz vural istatistik,Süper Lig,Futbol,Lig,1. Seviye,Çekirdek,Erkek,Kulüp,Takım Sporu,Türkiye,Yerli,Türk Takımı Var,TV+ Yok,Yıllık,Sürekli Lig,İstatistik,Bilgi,Oyuncu,Jenerik,İngilizce,Body,İstatistik,alanyaspor,,,,,,
marko jevtović,Süper Lig,Futbol,Lig,1. Seviye,Çekirdek,Erkek,Kulüp,Takım Sporu,Türkiye,Yerli,Türk Takımı Var,TV+ Yok,Yıllık,Sürekli Lig,Oyuncu Jenerik,Bilgi,Oyuncu,Jenerik,Türkçe,Head,Oyuncu Jenerik,konyaspor,,,,,,
marko jevtović kimdir,Süper Lig,Futbol,Lig,1. Seviye,Çekirdek,Erkek,Kulüp,Takım Sporu,Türkiye,Yerli,Türk Takımı Var,TV+ Yok,Yıllık,Sürekli Lig,Oyuncu Bilgi,Bilgi,Oyuncu,Jenerik,Türkçe,Body,Oyuncu Bilgi,konyaspor,,,,,,
marko jevtović hangi takımda,Süper Lig,Futbol,Lig,1. Seviye,Çekirdek,Erkek,Kulüp,Takım Sporu,Türkiye,Yerli,Türk Takımı Var,TV+ Yok,Yıllık,Sürekli Lig,Oyuncu Bilgi,Bilgi,Oyuncu,Jenerik,Türkçe,Body,Oyuncu Bilgi,konyaspor,,,,,,
marko jevtović istatistik,Süper Lig,Futbol,Lig,1. Seviye,Çekirdek,Erkek,Kulüp,Takım Sporu,Türkiye,Yerli,Türk Takımı Var,TV+ Yok,Yıllık,Sürekli Lig,İstatistik,Bilgi,Oyuncu,Jenerik,Türkçe,Body,İstatistik,konyaspor,,,,,,
bahadır han güngördü,Süper Lig,Futbol,Lig,1. Seviye,Çekirdek,Erkek,Kulüp,Takım Sporu,Türkiye,Yerli,Türk Takımı Var,TV+ Yok,Yıllık,Sürekli Lig,Oyuncu Jenerik,Bilgi,Oyuncu,Jenerik,Türkçe,Body,Oyuncu Jenerik,konyaspor,,,,,,
bahadır han güngördü kimdir,Süper Lig,Futbol,Lig,1. Seviye,Çekirdek,Erkek,Kulüp,Takım Sporu,Türkiye,Yerli,Türk Takımı Var,TV+ Yok,Yıllık,Sürekli Lig,Oyuncu Bilgi,Bilgi,Oyuncu,Jenerik,Türkçe,Body,Oyuncu Bilgi,konyaspor,,,,,,
bahadır han güngördü hangi takımda,Süper Lig,Futbol,Lig,1. Seviye,Çekirdek,Erkek,Kulüp,Takım Sporu,Türkiye,Yerli,Türk Takımı Var,TV+ Yok,Yıllık,Sürekli Lig,Oyuncu Bilgi,Bilgi,Oyuncu,Jenerik,Türkçe,Long-tail,Oyuncu Bilgi,konyaspor,,,,,,
bahadır han güngördü istatistik,Süper Lig,Futbol,Lig,1. Seviye,Çekirdek,Erkek,Kulüp,Takım Sporu,Türkiye,Yerli,Türk Takımı Var,TV+ Yok,Yıllık,Sürekli Lig,İstatistik,Bilgi,Oyuncu,Jenerik,Türkçe,Body,İstatistik,konyaspor,,,,,,
bsc young boys,Süper Lig,Futbol,Lig,1. Seviye,Çekirdek,Erkek,Kulüp,Takım Sporu,Türkiye,Yerli,Türk Takımı Var,TV+ Yok,Yıllık,Sürekli Lig,Oyuncu Jenerik,Bilgi,Oyuncu,Jenerik,İngilizce,Body,Oyuncu Jenerik,konyaspor,,,,,,
bsc young boys kimdir,Süper Lig,Futbol,Lig,1. Seviye,Çekirdek,Erkek,Kulüp,Takım Sporu,Türkiye,Yerli,Türk Takımı Var,TV+ Yok,Yıllık,Sürekli Lig,Oyuncu Bilgi,Bilgi,Oyuncu,Jenerik,İngilizce,Body,Oyuncu Bilgi,konyaspor,,,,,,
bsc young boys hangi takımda,Süper Lig,Futbol,Lig,1. Seviye,Çekirdek,Erkek,Kulüp,Takım Sporu,Türkiye,Yerli,Türk Takımı Var,TV+ Yok,Yıllık,Sürekli Lig,Oyuncu Bilgi,Bilgi,Oyuncu,Jenerik,Türkçe,Long-tail,Oyuncu Bilgi,konyaspor,,,,,,
bsc young boys istatistik,Süper Lig,Futbol,Lig,1. Seviye,Çekirdek,Erkek,Kulüp,Takım Sporu,Türkiye,Yerli,Türk Takımı Var,TV+ Yok,Yıllık,Sürekli Lig,İstatistik,Bilgi,Oyuncu,Jenerik,İngilizce,Body,İstatistik,konyaspor,,,,,,
rajmund tóth,Süper Lig,Futbol,Lig,1. Seviye,Çekirdek,Erkek,Kulüp,Takım Sporu,Türkiye,Yerli,Türk Takımı Var,TV+ Yok,Yıllık,Sürekli Lig,Oyuncu Jenerik,Bilgi,Oyuncu,Jenerik,Türkçe,Head,Oyuncu Jenerik,konyaspor,,,,,,
rajmund tóth kimdir,Süper Lig,Futbol,Lig,1. Seviye,Çekirdek,Erkek,Kulüp,Takım Sporu,Türkiye,Yerli,Türk Takımı Var,TV+ Yok,Yıllık,Sürekli Lig,Oyuncu Bilgi,Bilgi,Oyuncu,Jenerik,Türkçe,Body,Oyuncu Bilgi,konyaspor,,,,,,
rajmund tóth hangi takımda,Süper Lig,Futbol,Lig,1. Seviye,Çekirdek,Erkek,Kulüp,Takım Sporu,Türkiye,Yerli,Türk Takımı Var,TV+ Yok,Yıllık,Sürekli Lig,Oyuncu Bilgi,Bilgi,Oyuncu,Jenerik,Türkçe,Body,Oyuncu Bilgi,konyaspor,,,,,,
rajmund tóth istatistik,Süper Lig,Futbol,Lig,1. Seviye,Çekirdek,Erkek,Kulüp,Takım Sporu,Türkiye,Yerli,Türk Takımı Var,TV+ Yok,Yıllık,Sürekli Lig,İstatistik,Bilgi,Oyuncu,Jenerik,Türkçe,Body,İstatistik,konyaspor,,,,,,
blaž kramer,Süper Lig,Futbol,Lig,1. Seviye,Çekirdek,Erkek,Kulüp,Takım Sporu,Türkiye,Yerli,Türk Takımı Var,TV+ Yok,Yıllık,Sürekli Lig,Oyuncu Jenerik,Bilgi,Oyuncu,Jenerik,Türkçe,Head,Oyuncu Jenerik,konyaspor,,,,,,
blaž kramer kimdir,Süper Lig,Futbol,Lig,1. Seviye,Çekirdek,Erkek,Kulüp,Takım Sporu,Türkiye,Yerli,Türk Takımı Var,TV+ Yok,Yıllık,Sürekli Lig,Oyuncu Bilgi,Bilgi,Oyuncu,Jenerik,Türkçe,Body,Oyuncu Bilgi,konyaspor,,,,,,
blaž kramer hangi takımda,Süper Lig,Futbol,Lig,1. Seviye,Çekirdek,Erkek,Kulüp,Takım Sporu,Türkiye,Yerli,Türk Takımı Var,TV+ Yok,Yıllık,Sürekli Lig,Oyuncu Bilgi,Bilgi,Oyuncu,Jenerik,Türkçe,Body,Oyuncu Bilgi,konyaspor,,,,,,
blaž kramer istatistik,Süper Lig,Futbol,Lig,1. Seviye,Çekirdek,Erkek,Kulüp,Takım Sporu,Türkiye,Yerli,Türk Takımı Var,TV+ Yok,Yıllık,Sürekli Lig,İstatistik,Bilgi,Oyuncu,Jenerik,Türkçe,Body,İstatistik,konyaspor,,,,,,
julián cuesta,Süper Lig,Futbol,Lig,1. Seviye,Çekirdek,Erkek,Kulüp,Takım Sporu,Türkiye,Yerli,Türk Takımı Var,TV+ Yok,Yıllık,Sürekli Lig,Oyuncu Jenerik,Bilgi,Oyuncu,Jenerik,Türkçe,Head,Oyuncu Jenerik,antalyaspor,,,,,,
julián cuesta kimdir,Süper Lig,Futbol,Lig,1. Seviye,Çekirdek,Erkek,Kulüp,Takım Sporu,Türkiye,Yerli,Türk Takımı Var,TV+ Yok,Yıllık,Sürekli Lig,Oyuncu Bilgi,Bilgi,Oyuncu,Jenerik,Türkçe,Body,Oyuncu Bilgi,antalyaspor,,,,,,
julián cuesta hangi takımda,Süper Lig,Futbol,Lig,1. Seviye,Çekirdek,Erkek,Kulüp,Takım Sporu,Türkiye,Yerli,Türk Takımı Var,TV+ Yok,Yıllık,Sürekli Lig,Oyuncu Bilgi,Bilgi,Oyuncu,Jenerik,Türkçe,Body,Oyuncu Bilgi,antalyaspor,,,,,,
julián cuesta istatistik,Süper Lig,Futbol,Lig,1. Seviye,Çekirdek,Erkek,Kulüp,Takım Sporu,Türkiye,Yerli,Türk Takımı Var,TV+ Yok,Yıllık,Sürekli Lig,İstatistik,Bilgi,Oyuncu,Jenerik,Türkçe,Body,İstatistik,antalyaspor,,,,,,
dario šarić,Süper Lig,Futbol,Lig,1. Seviye,Çekirdek,Erkek,Kulüp,Takım Sporu,Türkiye,Yerli,Türk Takımı Var,TV+ Yok,Yıllık,Sürekli Lig,Oyuncu Jenerik,Bilgi,Oyuncu,Jenerik,Türkçe,Head,Oyuncu Jenerik,antalyaspor,,,,,,
dario šarić kimdir,Süper Lig,Futbol,Lig,1. Seviye,Çekirdek,Erkek,Kulüp,Takım Sporu,Türkiye,Yerli,Türk Takımı Var,TV+ Yok,Yıllık,Sürekli Lig,Oyuncu Bilgi,Bilgi,Oyuncu,Jenerik,Türkçe,Body,Oyuncu Bilgi,antalyaspor,,,,,,
dario šarić hangi takımda,Süper Lig,Futbol,Lig,1. Seviye,Çekirdek,Erkek,Kulüp,Takım Sporu,Türkiye,Yerli,Türk Takımı Var,TV+ Yok,Yıllık,Sürekli Lig,Oyuncu Bilgi,Bilgi,Oyuncu,Jenerik,Türkçe,Body,Oyuncu Bilgi,antalyaspor,,,,,,
dario šarić istatistik,Süper Lig,Futbol,Lig,1. Seviye,Çekirdek,Erkek,Kulüp,Takım Sporu,Türkiye,Yerli,Türk Takımı Var,TV+ Yok,Yıllık,Sürekli Lig,İstatistik,Bilgi,Oyuncu,Jenerik,Türkçe,Body,İstatistik,antalyaspor,,,,,,
cláudio winck,Süper Lig,Futbol,Lig,1. Seviye,Çekirdek,Erkek,Kulüp,Takım Sporu,Türkiye,Yerli,Türk Takımı Var,TV+ Yok,Yıllık,Sürekli Lig,Oyuncu Jenerik,Bilgi,Oyuncu,Jenerik,Türkçe,Head,Oyuncu Jenerik,kasımpaşa,,,,,,
cláudio winck kimdir,Süper Lig,Futbol,Lig,1. Seviye,Çekirdek,Erkek,Kulüp,Takım Sporu,Türkiye,Yerli,Türk Takımı Var,TV+ Yok,Yıllık,Sürekli Lig,Oyuncu Bilgi,Bilgi,Oyuncu,Jenerik,Türkçe,Body,Oyuncu Bilgi,kasımpaşa,,,,,,
cláudio winck hangi takımda,Süper Lig,Futbol,Lig,1. Seviye,Çekirdek,Erkek,Kulüp,Takım Sporu,Türkiye,Yerli,Türk Takımı Var,TV+ Yok,Yıllık,Sürekli Lig,Oyuncu Bilgi,Bilgi,Oyuncu,Jenerik,Türkçe,Body,Oyuncu Bilgi,kasımpaşa,,,,,,
cláudio winck istatistik,Süper Lig,Futbol,Lig,1. Seviye,Çekirdek,Erkek,Kulüp,Takım Sporu,Türkiye,Yerli,Türk Takımı Var,TV+ Yok,Yıllık,Sürekli Lig,İstatistik,Bilgi,Oyuncu,Jenerik,Türkçe,Body,İstatistik,kasımpaşa,,,,,,
haris hajradinović,Süper Lig,Futbol,Lig,1. Seviye,Çekirdek,Erkek,Kulüp,Takım Sporu,Türkiye,Yerli,Türk Takımı Var,TV+ Yok,Yıllık,Sürekli Lig,Oyuncu Jenerik,Bilgi,Oyuncu,Jenerik,Türkçe,Head,Oyuncu Jenerik,kasımpaşa,,,,,,
haris hajradinović kimdir,Süper Lig,Futbol,Lig,1. Seviye,Çekirdek,Erkek,Kulüp,Takım Sporu,Türkiye,Yerli,Türk Takımı Var,TV+ Yok,Yıllık,Sürekli Lig,Oyuncu Bilgi,Bilgi,Oyuncu,Jenerik,Türkçe,Body,Oyuncu Bilgi,kasımpaşa,,,,,,
haris hajradinović hangi takımda,Süper Lig,Futbol,Lig,1. Seviye,Çekirdek,Erkek,Kulüp,Takım Sporu,Türkiye,Yerli,Türk Takımı Var,TV+ Yok,Yıllık,Sürekli Lig,Oyuncu Bilgi,Bilgi,Oyuncu,Jenerik,Türkçe,Body,Oyuncu Bilgi,kasımpaşa,,,,,,
haris hajradinović istatistik,Süper Lig,Futbol,Lig,1. Seviye,Çekirdek,Erkek,Kulüp,Takım Sporu,Türkiye,Yerli,Türk Takımı Var,TV+ Yok,Yıllık,Sürekli Lig,İstatistik,Bilgi,Oyuncu,Jenerik,Türkçe,Body,İstatistik,kasımpaşa,,,,,,
fousseni diabaté,Süper Lig,Futbol,Lig,1. Seviye,Çekirdek,Erkek,Kulüp,Takım Sporu,Türkiye,Yerli,Türk Takımı Var,TV+ Yok,Yıllık,Sürekli Lig,Oyuncu Jenerik,Bilgi,Oyuncu,Jenerik,Türkçe,Head,Oyuncu Jenerik,kasımpaşa,,,,,,
fousseni diabaté kimdir,Süper Lig,Futbol,Lig,1. Seviye,Çekirdek,Erkek,Kulüp,Takım Sporu,Türkiye,Yerli,Türk Takımı Var,TV+ Yok,Yıllık,Sürekli Lig,Oyuncu Bilgi,Bilgi,Oyuncu,Jenerik,Türkçe,Body,Oyuncu Bilgi,kasımpaşa,,,,,,
fousseni diabaté hangi takımda,Süper Lig,Futbol,Lig,1. Seviye,Çekirdek,Erkek,Kulüp,Takım Sporu,Türkiye,Yerli,Türk Takımı Var,TV+ Yok,Yıllık,Sürekli Lig,Oyuncu Bilgi,Bilgi,Oyuncu,Jenerik,Türkçe,Body,Oyuncu Bilgi,kasımpaşa,,,,,,
fousseni diabaté istatistik,Süper Lig,Futbol,Lig,1. Seviye,Çekirdek,Erkek,Kulüp,Takım Sporu,Türkiye,Yerli,Türk Takımı Var,TV+ Yok,Yıllık,Sürekli Lig,İstatistik,Bilgi,Oyuncu,Jenerik,Türkçe,Body,İstatistik,kasımpaşa,,,,,,
pape habib guèye,Süper Lig,Futbol,Lig,1. Seviye,Çekirdek,Erkek,Kulüp,Takım Sporu,Türkiye,Yerli,Türk Takımı Var,TV+ Yok,Yıllık,Sürekli Lig,Oyuncu Jenerik,Bilgi,Oyuncu,Jenerik,Türkçe,Body,Oyuncu Jenerik,kasımpaşa,,,,,,
pape habib guèye kimdir,Süper Lig,Futbol,Lig,1. Seviye,Çekirdek,Erkek,Kulüp,Takım Sporu,Türkiye,Yerli,Türk Takımı Var,TV+ Yok,Yıllık,Sürekli Lig,Oyuncu Bilgi,Bilgi,Oyuncu,Jenerik,Türkçe,Body,Oyuncu Bilgi,kasımpaşa,,,,,,
pape habib guèye hangi takımda,Süper Lig,Futbol,Lig,1. Seviye,Çekirdek,Erkek,Kulüp,Takım Sporu,Türkiye,Yerli,Türk Takımı Var,TV+ Yok,Yıllık,Sürekli Lig,Oyuncu Bilgi,Bilgi,Oyuncu,Jenerik,Türkçe,Long-tail,Oyuncu Bilgi,kasımpaşa,,,,,,
pape habib guèye istatistik,Süper Lig,Futbol,Lig,1. Seviye,Çekirdek,Erkek,Kulüp,Takım Sporu,Türkiye,Yerli,Türk Takımı Var,TV+ Yok,Yıllık,Sürekli Lig,İstatistik,Bilgi,Oyuncu,Jenerik,Türkçe,Body,İstatistik,kasımpaşa,,,,,,
valentin mihăilă,Süper Lig,Futbol,Lig,1. Seviye,Çekirdek,Erkek,Kulüp,Takım Sporu,Türkiye,Yerli,Türk Takımı Var,TV+ Yok,Yıllık,Sürekli Lig,Oyuncu Jenerik,Bilgi,Oyuncu,Jenerik,Türkçe,Head,Oyuncu Jenerik,çaykur rizespor,,,,,,
valentin mihăilă kimdir,Süper Lig,Futbol,Lig,1. Seviye,Çekirdek,Erkek,Kulüp,Takım Sporu,Türkiye,Yerli,Türk Takımı Var,TV+ Yok,Yıllık,Sürekli Lig,Oyuncu Bilgi,Bilgi,Oyuncu,Jenerik,Türkçe,Body,Oyuncu Bilgi,çaykur rizespor,,,,,,
valentin mihăilă hangi takımda,Süper Lig,Futbol,Lig,1. Seviye,Çekirdek,Erkek,Kulüp,Takım Sporu,Türkiye,Yerli,Türk Takımı Var,TV+ Yok,Yıllık,Sürekli Lig,Oyuncu Bilgi,Bilgi,Oyuncu,Jenerik,Türkçe,Body,Oyuncu Bilgi,çaykur rizespor,,,,,,
valentin mihăilă istatistik,Süper Lig,Futbol,Lig,1. Seviye,Çekirdek,Erkek,Kulüp,Takım Sporu,Türkiye,Yerli,Türk Takımı Var,TV+ Yok,Yıllık,Sürekli Lig,İstatistik,Bilgi,Oyuncu,Jenerik,Türkçe,Body,İstatistik,çaykur rizespor,,,,,,
dal varešanović,Süper Lig,Futbol,Lig,1. Seviye,Çekirdek,Erkek,Kulüp,Takım Sporu,Türkiye,Yerli,Türk Takımı Var,TV+ Yok,Yıllık,Sürekli Lig,Oyuncu Jenerik,Bilgi,Oyuncu,Jenerik,Türkçe,Head,Oyuncu Jenerik,çaykur rizespor,,,,,,
dal varešanović kimdir,Süper Lig,Futbol,Lig,1. Seviye,Çekirdek,Erkek,Kulüp,Takım Sporu,Türkiye,Yerli,Türk Takımı Var,TV+ Yok,Yıllık,Sürekli Lig,Oyuncu Bilgi,Bilgi,Oyuncu,Jenerik,Türkçe,Body,Oyuncu Bilgi,çaykur rizespor,,,,,,
dal varešanović hangi takımda,Süper Lig,Futbol,Lig,1. Seviye,Çekirdek,Erkek,Kulüp,Takım Sporu,Türkiye,Yerli,Türk Takımı Var,TV+ Yok,Yıllık,Sürekli Lig,Oyuncu Bilgi,Bilgi,Oyuncu,Jenerik,Türkçe,Body,Oyuncu Bilgi,çaykur rizespor,,,,,,
dal varešanović istatistik,Süper Lig,Futbol,Lig,1. Seviye,Çekirdek,Erkek,Kulüp,Takım Sporu,Türkiye,Yerli,Türk Takımı Var,TV+ Yok,Yıllık,Sürekli Lig,İstatistik,Bilgi,Oyuncu,Jenerik,Türkçe,Body,İstatistik,çaykur rizespor,,,,,,
muhamed buljubašić,Süper Lig,Futbol,Lig,1. Seviye,Çekirdek,Erkek,Kulüp,Takım Sporu,Türkiye,Yerli,Türk Takımı Var,TV+ Yok,Yıllık,Sürekli Lig,Oyuncu Jenerik,Bilgi,Oyuncu,Jenerik,Türkçe,Head,Oyuncu Jenerik,çaykur rizespor,,,,,,
muhamed buljubašić kimdir,Süper Lig,Futbol,Lig,1. Seviye,Çekirdek,Erkek,Kulüp,Takım Sporu,Türkiye,Yerli,Türk Takımı Var,TV+ Yok,Yıllık,Sürekli Lig,Oyuncu Bilgi,Bilgi,Oyuncu,Jenerik,Türkçe,Body,Oyuncu Bilgi,çaykur rizespor,,,,,,
muhamed buljubašić hangi takımda,Süper Lig,Futbol,Lig,1. Seviye,Çekirdek,Erkek,Kulüp,Takım Sporu,Türkiye,Yerli,Türk Takımı Var,TV+ Yok,Yıllık,Sürekli Lig,Oyuncu Bilgi,Bilgi,Oyuncu,Jenerik,Türkçe,Body,Oyuncu Bilgi,çaykur rizespor,,,,,,
muhamed buljubašić istatistik,Süper Lig,Futbol,Lig,1. Seviye,Çekirdek,Erkek,Kulüp,Takım Sporu,Türkiye,Yerli,Türk Takımı Var,TV+ Yok,Yıllık,Sürekli Lig,İstatistik,Bilgi,Oyuncu,Jenerik,Türkçe,Body,İstatistik,çaykur rizespor,,,,,,
luis pérez,Süper Lig,Futbol,Lig,1. Seviye,Çekirdek,Erkek,Kulüp,Takım Sporu,Türkiye,Yerli,Türk Takımı Var,TV+ Yok,Yıllık,Sürekli Lig,Oyuncu Jenerik,Bilgi,Oyuncu,Jenerik,Türkçe,Head,Oyuncu Jenerik,gaziantep fk,,,,,,
luis pérez kimdir,Süper Lig,Futbol,Lig,1. Seviye,Çekirdek,Erkek,Kulüp,Takım Sporu,Türkiye,Yerli,Türk Takımı Var,TV+ Yok,Yıllık,Sürekli Lig,Oyuncu Bilgi,Bilgi,Oyuncu,Jenerik,Türkçe,Body,Oyuncu Bilgi,gaziantep fk,,,,,,
luis pérez hangi takımda,Süper Lig,Futbol,Lig,1. Seviye,Çekirdek,Erkek,Kulüp,Takım Sporu,Türkiye,Yerli,Türk Takımı Var,TV+ Yok,Yıllık,Sürekli Lig,Oyuncu Bilgi,Bilgi,Oyuncu,Jenerik,Türkçe,Body,Oyuncu Bilgi,gaziantep fk,,,,,,
luis pérez istatistik,Süper Lig,Futbol,Lig,1. Seviye,Çekirdek,Erkek,Kulüp,Takım Sporu,Türkiye,Yerli,Türk Takımı Var,TV+ Yok,Yıllık,Sürekli Lig,İstatistik,Bilgi,Oyuncu,Jenerik,Türkçe,Body,İstatistik,gaziantep fk,,,,,,
nazım sangaré,Süper Lig,Futbol,Lig,1. Seviye,Çekirdek,Erkek,Kulüp,Takım Sporu,Türkiye,Yerli,Türk Takımı Var,TV+ Yok,Yıllık,Sürekli Lig,Oyuncu Jenerik,Bilgi,Oyuncu,Jenerik,Türkçe,Head,Oyuncu Jenerik,gaziantep fk,,,,,,
nazım sangaré kimdir,Süper Lig,Futbol,Lig,1. Seviye,Çekirdek,Erkek,Kulüp,Takım Sporu,Türkiye,Yerli,Türk Takımı Var,TV+ Yok,Yıllık,Sürekli Lig,Oyuncu Bilgi,Bilgi,Oyuncu,Jenerik,Türkçe,Body,Oyuncu Bilgi,gaziantep fk,,,,,,
nazım sangaré hangi takımda,Süper Lig,Futbol,Lig,1. Seviye,Çekirdek,Erkek,Kulüp,Takım Sporu,Türkiye,Yerli,Türk Takımı Var,TV+ Yok,Yıllık,Sürekli Lig,Oyuncu Bilgi,Bilgi,Oyuncu,Jenerik,Türkçe,Body,Oyuncu Bilgi,gaziantep fk,,,,,,
nazım sangaré istatistik,Süper Lig,Futbol,Lig,1. Seviye,Çekirdek,Erkek,Kulüp,Takım Sporu,Türkiye,Yerli,Türk Takımı Var,TV+ Yok,Yıllık,Sürekli Lig,İstatistik,Bilgi,Oyuncu,Jenerik,Türkçe,Body,İstatistik,gaziantep fk,,,,,,
kévin rodrigues,Süper Lig,Futbol,Lig,1. Seviye,Çekirdek,Erkek,Kulüp,Takım Sporu,Türkiye,Yerli,Türk Takımı Var,TV+ Yok,Yıllık,Sürekli Lig,Oyuncu Jenerik,Bilgi,Oyuncu,Jenerik,Türkçe,Head,Oyuncu Jenerik,gaziantep fk,,,,,,
kévin rodrigues kimdir,Süper Lig,Futbol,Lig,1. Seviye,Çekirdek,Erkek,Kulüp,Takım Sporu,Türkiye,Yerli,Türk Takımı Var,TV+ Yok,Yıllık,Sürekli Lig,Oyuncu Bilgi,Bilgi,Oyuncu,Jenerik,Türkçe,Body,Oyuncu Bilgi,gaziantep fk,,,,,,
kévin rodrigues hangi takımda,Süper Lig,Futbol,Lig,1. Seviye,Çekirdek,Erkek,Kulüp,Takım Sporu,Türkiye,Yerli,Türk Takımı Var,TV+ Yok,Yıllık,Sürekli Lig,Oyuncu Bilgi,Bilgi,Oyuncu,Jenerik,Türkçe,Body,Oyuncu Bilgi,gaziantep fk,,,,,,
kévin rodrigues istatistik,Süper Lig,Futbol,Lig,1. Seviye,Çekirdek,Erkek,Kulüp,Takım Sporu,Türkiye,Yerli,Türk Takımı Var,TV+ Yok,Yıllık,Sürekli Lig,İstatistik,Bilgi,Oyuncu,Jenerik,Türkçe,Body,İstatistik,gaziantep fk,,,,,,
samu sáiz,Süper Lig,Futbol,Lig,1. Seviye,Çekirdek,Erkek,Kulüp,Takım Sporu,Türkiye,Yerli,Türk Takımı Var,TV+ Yok,Yıllık,Sürekli Lig,Oyuncu Jenerik,Bilgi,Oyuncu,Jenerik,Türkçe,Head,Oyuncu Jenerik,eyüpspor,,,,,,
samu sáiz kimdir,Süper Lig,Futbol,Lig,1. Seviye,Çekirdek,Erkek,Kulüp,Takım Sporu,Türkiye,Yerli,Türk Takımı Var,TV+ Yok,Yıllık,Sürekli Lig,Oyuncu Bilgi,Bilgi,Oyuncu,Jenerik,Türkçe,Body,Oyuncu Bilgi,eyüpspor,,,,,,
samu sáiz hangi takımda,Süper Lig,Futbol,Lig,1. Seviye,Çekirdek,Erkek,Kulüp,Takım Sporu,Türkiye,Yerli,Türk Takımı Var,TV+ Yok,Yıllık,Sürekli Lig,Oyuncu Bilgi,Bilgi,Oyuncu,Jenerik,Türkçe,Body,Oyuncu Bilgi,eyüpspor,,,,,,
samu sáiz istatistik,Süper Lig,Futbol,Lig,1. Seviye,Çekirdek,Erkek,Kulüp,Takım Sporu,Türkiye,Yerli,Türk Takımı Var,TV+ Yok,Yıllık,Sürekli Lig,İstatistik,Bilgi,Oyuncu,Jenerik,Türkçe,Body,İstatistik,eyüpspor,,,,,,
nihad mujakić,Süper Lig,Futbol,Lig,1. Seviye,Çekirdek,Erkek,Kulüp,Takım Sporu,Türkiye,Yerli,Türk Takımı Var,TV+ Yok,Yıllık,Sürekli Lig,Oyuncu Jenerik,Bilgi,Oyuncu,Jenerik,Türkçe,Head,Oyuncu Jenerik,eyüpspor,,,,,,
nihad mujakić kimdir,Süper Lig,Futbol,Lig,1. Seviye,Çekirdek,Erkek,Kulüp,Takım Sporu,Türkiye,Yerli,Türk Takımı Var,TV+ Yok,Yıllık,Sürekli Lig,Oyuncu Bilgi,Bilgi,Oyuncu,Jenerik,Türkçe,Body,Oyuncu Bilgi,eyüpspor,,,,,,
nihad mujakić hangi takımda,Süper Lig,Futbol,Lig,1. Seviye,Çekirdek,Erkek,Kulüp,Takım Sporu,Türkiye,Yerli,Türk Takımı Var,TV+ Yok,Yıllık,Sürekli Lig,Oyuncu Bilgi,Bilgi,Oyuncu,Jenerik,Türkçe,Body,Oyuncu Bilgi,eyüpspor,,,,,,
nihad mujakić istatistik,Süper Lig,Futbol,Lig,1. Seviye,Çekirdek,Erkek,Kulüp,Takım Sporu,Türkiye,Yerli,Türk Takımı Var,TV+ Yok,Yıllık,Sürekli Lig,İstatistik,Bilgi,Oyuncu,Jenerik,Türkçe,Body,İstatistik,eyüpspor,,,,,,
mateusz łęgowski,Süper Lig,Futbol,Lig,1. Seviye,Çekirdek,Erkek,Kulüp,Takım Sporu,Türkiye,Yerli,Türk Takımı Var,TV+ Yok,Yıllık,Sürekli Lig,Oyuncu Jenerik,Bilgi,Oyuncu,Jenerik,Türkçe,Head,Oyuncu Jenerik,eyüpspor,,,,,,
mateusz łęgowski kimdir,Süper Lig,Futbol,Lig,1. Seviye,Çekirdek,Erkek,Kulüp,Takım Sporu,Türkiye,Yerli,Türk Takımı Var,TV+ Yok,Yıllık,Sürekli Lig,Oyuncu Bilgi,Bilgi,Oyuncu,Jenerik,Türkçe,Body,Oyuncu Bilgi,eyüpspor,,,,,,
mateusz łęgowski hangi takımda,Süper Lig,Futbol,Lig,1. Seviye,Çekirdek,Erkek,Kulüp,Takım Sporu,Türkiye,Yerli,Türk Takımı Var,TV+ Yok,Yıllık,Sürekli Lig,Oyuncu Bilgi,Bilgi,Oyuncu,Jenerik,Türkçe,Body,Oyuncu Bilgi,eyüpspor,,,,,,
mateusz łęgowski istatistik,Süper Lig,Futbol,Lig,1. Seviye,Çekirdek,Erkek,Kulüp,Takım Sporu,Türkiye,Yerli,Türk Takımı Var,TV+ Yok,Yıllık,Sürekli Lig,İstatistik,Bilgi,Oyuncu,Jenerik,Türkçe,Body,İstatistik,eyüpspor,,,,,,
denis drăguș,Süper Lig,Futbol,Lig,1. Seviye,Çekirdek,Erkek,Kulüp,Takım Sporu,Türkiye,Yerli,Türk Takımı Var,TV+ Yok,Yıllık,Sürekli Lig,Oyuncu Jenerik,Bilgi,Oyuncu,Jenerik,Türkçe,Head,Oyuncu Jenerik,eyüpspor,,,,,,
denis drăguș kimdir,Süper Lig,Futbol,Lig,1. Seviye,Çekirdek,Erkek,Kulüp,Takım Sporu,Türkiye,Yerli,Türk Takımı Var,TV+ Yok,Yıllık,Sürekli Lig,Oyuncu Bilgi,Bilgi,Oyuncu,Jenerik,Türkçe,Body,Oyuncu Bilgi,eyüpspor,,,,,,
denis drăguș hangi takımda,Süper Lig,Futbol,Lig,1. Seviye,Çekirdek,Erkek,Kulüp,Takım Sporu,Türkiye,Yerli,Türk Takımı Var,TV+ Yok,Yıllık,Sürekli Lig,Oyuncu Bilgi,Bilgi,Oyuncu,Jenerik,Türkçe,Body,Oyuncu Bilgi,eyüpspor,,,,,,
denis drăguș istatistik,Süper Lig,Futbol,Lig,1. Seviye,Çekirdek,Erkek,Kulüp,Takım Sporu,Türkiye,Yerli,Türk Takımı Var,TV+ Yok,Yıllık,Sürekli Lig,İstatistik,Bilgi,Oyuncu,Jenerik,Türkçe,Body,İstatistik,eyüpspor,,,,,,
svit sešlar kimdir,Süper Lig,Futbol,Lig,1. Seviye,Çekirdek,Erkek,Kulüp,Takım Sporu,Türkiye,Yerli,Türk Takımı Var,TV+ Yok,Yıllık,Sürekli Lig,Oyuncu Bilgi,Bilgi,Oyuncu,Jenerik,Türkçe,Body,Oyuncu Bilgi,eyüpspor,,,,,,
svit sešlar hangi takımda,Süper Lig,Futbol,Lig,1. Seviye,Çekirdek,Erkek,Kulüp,Takım Sporu,Türkiye,Yerli,Türk Takımı Var,TV+ Yok,Yıllık,Sürekli Lig,Oyuncu Bilgi,Bilgi,Oyuncu,Jenerik,Türkçe,Body,Oyuncu Bilgi,eyüpspor,,,,,,
svit sešlar istatistik,Süper Lig,Futbol,Lig,1. Seviye,Çekirdek,Erkek,Kulüp,Takım Sporu,Türkiye,Yerli,Türk Takımı Var,TV+ Yok,Yıllık,Sürekli Lig,İstatistik,Bilgi,Oyuncu,Jenerik,Türkçe,Body,İstatistik,eyüpspor,,,,,,
matías kranevitter,Süper Lig,Futbol,Lig,1. Seviye,Çekirdek,Erkek,Kulüp,Takım Sporu,Türkiye,Yerli,Türk Takımı Var,TV+ Yok,Yıllık,Sürekli Lig,Oyuncu Jenerik,Bilgi,Oyuncu,Jenerik,Türkçe,Head,Oyuncu Jenerik,fatih karagümrük,,,,,,
matías kranevitter kimdir,Süper Lig,Futbol,Lig,1. Seviye,Çekirdek,Erkek,Kulüp,Takım Sporu,Türkiye,Yerli,Türk Takımı Var,TV+ Yok,Yıllık,Sürekli Lig,Oyuncu Bilgi,Bilgi,Oyuncu,Jenerik,Türkçe,Body,Oyuncu Bilgi,fatih karagümrük,,,,,,
matías kranevitter hangi takımda,Süper Lig,Futbol,Lig,1. Seviye,Çekirdek,Erkek,Kulüp,Takım Sporu,Türkiye,Yerli,Türk Takımı Var,TV+ Yok,Yıllık,Sürekli Lig,Oyuncu Bilgi,Bilgi,Oyuncu,Jenerik,Türkçe,Body,Oyuncu Bilgi,fatih karagümrük,,,,,,
matías kranevitter istatistik,Süper Lig,Futbol,Lig,1. Seviye,Çekirdek,Erkek,Kulüp,Takım Sporu,Türkiye,Yerli,Türk Takımı Var,TV+ Yok,Yıllık,Sürekli Lig,İstatistik,Bilgi,Oyuncu,Jenerik,Türkçe,Body,İstatistik,fatih karagümrük,,,,,,
daniel johnson,Süper Lig,Futbol,Lig,1. Seviye,Çekirdek,Erkek,Kulüp,Takım Sporu,Türkiye,Yerli,Türk Takımı Var,TV+ Yok,Yıllık,Sürekli Lig,Oyuncu Jenerik,Bilgi,Oyuncu,Jenerik,İngilizce,Head,Oyuncu Jenerik,fatih karagümrük,,,,,,
daniel johnson kimdir,Süper Lig,Futbol,Lig,1. Seviye,Çekirdek,Erkek,Kulüp,Takım Sporu,Türkiye,Yerli,Türk Takımı Var,TV+ Yok,Yıllık,Sürekli Lig,Oyuncu Bilgi,Bilgi,Oyuncu,Jenerik,İngilizce,Body,Oyuncu Bilgi,fatih karagümrük,,,,,,
daniel johnson hangi takımda,Süper Lig,Futbol,Lig,1. Seviye,Çekirdek,Erkek,Kulüp,Takım Sporu,Türkiye,Yerli,Türk Takımı Var,TV+ Yok,Yıllık,Sürekli Lig,Oyuncu Bilgi,Bilgi,Oyuncu,Jenerik,Türkçe,Body,Oyuncu Bilgi,fatih karagümrük,,,,,,
daniel johnson istatistik,Süper Lig,Futbol,Lig,1. Seviye,Çekirdek,Erkek,Kulüp,Takım Sporu,Türkiye,Yerli,Türk Takımı Var,TV+ Yok,Yıllık,Sürekli Lig,İstatistik,Bilgi,Oyuncu,Jenerik,İngilizce,Body,İstatistik,fatih karagümrük,,,,,,
ivo grbić,Süper Lig,Futbol,Lig,1. Seviye,Çekirdek,Erkek,Kulüp,Takım Sporu,Türkiye,Yerli,Türk Takımı Var,TV+ Yok,Yıllık,Sürekli Lig,Oyuncu Jenerik,Bilgi,Oyuncu,Jenerik,Türkçe,Head,Oyuncu Jenerik,fatih karagümrük,,,,,,
ivo grbić kimdir,Süper Lig,Futbol,Lig,1. Seviye,Çekirdek,Erkek,Kulüp,Takım Sporu,Türkiye,Yerli,Türk Takımı Var,TV+ Yok,Yıllık,Sürekli Lig,Oyuncu Bilgi,Bilgi,Oyuncu,Jenerik,Türkçe,Body,Oyuncu Bilgi,fatih karagümrük,,,,,,
ivo grbić hangi takımda,Süper Lig,Futbol,Lig,1. Seviye,Çekirdek,Erkek,Kulüp,Takım Sporu,Türkiye,Yerli,Türk Takımı Var,TV+ Yok,Yıllık,Sürekli Lig,Oyuncu Bilgi,Bilgi,Oyuncu,Jenerik,Türkçe,Body,Oyuncu Bilgi,fatih karagümrük,,,,,,
ivo grbić istatistik,Süper Lig,Futbol,Lig,1. Seviye,Çekirdek,Erkek,Kulüp,Takım Sporu,Türkiye,Yerli,Türk Takımı Var,TV+ Yok,Yıllık,Sürekli Lig,İstatistik,Bilgi,Oyuncu,Jenerik,Türkçe,Body,İstatistik,fatih karagümrük,,,,,,
dinamo tbilisi,Süper Lig,Futbol,Lig,1. Seviye,Çekirdek,Erkek,Kulüp,Takım Sporu,Türkiye,Yerli,Türk Takımı Var,TV+ Yok,Yıllık,Sürekli Lig,Oyuncu Jenerik,Bilgi,Oyuncu,Jenerik,İngilizce,Head,Oyuncu Jenerik,fatih karagümrük,,,,,,
dinamo tbilisi kimdir,Süper Lig,Futbol,Lig,1. Seviye,Çekirdek,Erkek,Kulüp,Takım Sporu,Türkiye,Yerli,Türk Takımı Var,TV+ Yok,Yıllık,Sürekli Lig,Oyuncu Bilgi,Bilgi,Oyuncu,Jenerik,İngilizce,Body,Oyuncu Bilgi,fatih karagümrük,,,,,,
dinamo tbilisi hangi takımda,Süper Lig,Futbol,Lig,1. Seviye,Çekirdek,Erkek,Kulüp,Takım Sporu,Türkiye,Yerli,Türk Takımı Var,TV+ Yok,Yıllık,Sürekli Lig,Oyuncu Bilgi,Bilgi,Oyuncu,Jenerik,Türkçe,Body,Oyuncu Bilgi,fatih karagümrük,,,,,,
dinamo tbilisi istatistik,Süper Lig,Futbol,Lig,1. Seviye,Çekirdek,Erkek,Kulüp,Takım Sporu,Türkiye,Yerli,Türk Takımı Var,TV+ Yok,Yıllık,Sürekli Lig,İstatistik,Bilgi,Oyuncu,Jenerik,İngilizce,Body,İstatistik,fatih karagümrük,,,,,,
joão camacho,Süper Lig,Futbol,Lig,1. Seviye,Çekirdek,Erkek,Kulüp,Takım Sporu,Türkiye,Yerli,Türk Takımı Var,TV+ Yok,Yıllık,Sürekli Lig,Oyuncu Jenerik,Bilgi,Oyuncu,Jenerik,Türkçe,Head,Oyuncu Jenerik,fatih karagümrük,,,,,,
joão camacho kimdir,Süper Lig,Futbol,Lig,1. Seviye,Çekirdek,Erkek,Kulüp,Takım Sporu,Türkiye,Yerli,Türk Takımı Var,TV+ Yok,Yıllık,Sürekli Lig,Oyuncu Bilgi,Bilgi,Oyuncu,Jenerik,Türkçe,Body,Oyuncu Bilgi,fatih karagümrük,,,,,,
joão camacho hangi takımda,Süper Lig,Futbol,Lig,1. Seviye,Çekirdek,Erkek,Kulüp,Takım Sporu,Türkiye,Yerli,Türk Takımı Var,TV+ Yok,Yıllık,Sürekli Lig,Oyuncu Bilgi,Bilgi,Oyuncu,Jenerik,Türkçe,Body,Oyuncu Bilgi,fatih karagümrük,,,,,,
joão camacho istatistik,Süper Lig,Futbol,Lig,1. Seviye,Çekirdek,Erkek,Kulüp,Takım Sporu,Türkiye,Yerli,Türk Takımı Var,TV+ Yok,Yıllık,Sürekli Lig,İstatistik,Bilgi,Oyuncu,Jenerik,Türkçe,Body,İstatistik,fatih karagümrük,,,,,,
žan žužek,Süper Lig,Futbol,Lig,1. Seviye,Çekirdek,Erkek,Kulüp,Takım Sporu,Türkiye,Yerli,Türk Takımı Var,TV+ Yok,Yıllık,Sürekli Lig,Oyuncu Jenerik,Bilgi,Oyuncu,Jenerik,Türkçe,Head,Oyuncu Jenerik,gençlerbirliği,,,,,,
žan žužek kimdir,Süper Lig,Futbol,Lig,1. Seviye,Çekirdek,Erkek,Kulüp,Takım Sporu,Türkiye,Yerli,Türk Takımı Var,TV+ Yok,Yıllık,Sürekli Lig,Oyuncu Bilgi,Bilgi,Oyuncu,Jenerik,Türkçe,Body,Oyuncu Bilgi,gençlerbirliği,,,,,,
žan žužek hangi takımda,Süper Lig,Futbol,Lig,1. Seviye,Çekirdek,Erkek,Kulüp,Takım Sporu,Türkiye,Yerli,Türk Takımı Var,TV+ Yok,Yıllık,Sürekli Lig,Oyuncu Bilgi,Bilgi,Oyuncu,Jenerik,Türkçe,Body,Oyuncu Bilgi,gençlerbirliği,,,,,,
žan žužek istatistik,Süper Lig,Futbol,Lig,1. Seviye,Çekirdek,Erkek,Kulüp,Takım Sporu,Türkiye,Yerli,Türk Takımı Var,TV+ Yok,Yıllık,Sürekli Lig,İstatistik,Bilgi,Oyuncu,Jenerik,Türkçe,Body,İstatistik,gençlerbirliği,,,,,,
michał nalepa,Süper Lig,Futbol,Lig,1. Seviye,Çekirdek,Erkek,Kulüp,Takım Sporu,Türkiye,Yerli,Türk Takımı Var,TV+ Yok,Yıllık,Sürekli Lig,Oyuncu Jenerik,Bilgi,Oyuncu,Jenerik,Türkçe,Head,Oyuncu Jenerik,gençlerbirliği,,,,,,
michał nalepa kimdir,Süper Lig,Futbol,Lig,1. Seviye,Çekirdek,Erkek,Kulüp,Takım Sporu,Türkiye,Yerli,Türk Takımı Var,TV+ Yok,Yıllık,Sürekli Lig,Oyuncu Bilgi,Bilgi,Oyuncu,Jenerik,Türkçe,Body,Oyuncu Bilgi,gençlerbirliği,,,,,,
michał nalepa hangi takımda,Süper Lig,Futbol,Lig,1. Seviye,Çekirdek,Erkek,Kulüp,Takım Sporu,Türkiye,Yerli,Türk Takımı Var,TV+ Yok,Yıllık,Sürekli Lig,Oyuncu Bilgi,Bilgi,Oyuncu,Jenerik,Türkçe,Body,Oyuncu Bilgi,gençlerbirliği,,,,,,
michał nalepa istatistik,Süper Lig,Futbol,Lig,1. Seviye,Çekirdek,Erkek,Kulüp,Takım Sporu,Türkiye,Yerli,Türk Takımı Var,TV+ Yok,Yıllık,Sürekli Lig,İstatistik,Bilgi,Oyuncu,Jenerik,Türkçe,Body,İstatistik,gençlerbirliği,,,,,,
sékou koïta,Süper Lig,Futbol,Lig,1. Seviye,Çekirdek,Erkek,Kulüp,Takım Sporu,Türkiye,Yerli,Türk Takımı Var,TV+ Yok,Yıllık,Sürekli Lig,Oyuncu Jenerik,Bilgi,Oyuncu,Jenerik,Türkçe,Head,Oyuncu Jenerik,gençlerbirliği,,,,,,
sékou koïta kimdir,Süper Lig,Futbol,Lig,1. Seviye,Çekirdek,Erkek,Kulüp,Takım Sporu,Türkiye,Yerli,Türk Takımı Var,TV+ Yok,Yıllık,Sürekli Lig,Oyuncu Bilgi,Bilgi,Oyuncu,Jenerik,Türkçe,Body,Oyuncu Bilgi,gençlerbirliği,,,,,,
sékou koïta hangi takımda,Süper Lig,Futbol,Lig,1. Seviye,Çekirdek,Erkek,Kulüp,Takım Sporu,Türkiye,Yerli,Türk Takımı Var,TV+ Yok,Yıllık,Sürekli Lig,Oyuncu Bilgi,Bilgi,Oyuncu,Jenerik,Türkçe,Body,Oyuncu Bilgi,gençlerbirliği,,,,,,
sékou koïta istatistik,Süper Lig,Futbol,Lig,1. Seviye,Çekirdek,Erkek,Kulüp,Takım Sporu,Türkiye,Yerli,Türk Takımı Var,TV+ Yok,Yıllık,Sürekli Lig,İstatistik,Bilgi,Oyuncu,Jenerik,Türkçe,Body,İstatistik,gençlerbirliği,,,,,,
matěj hanousek,Süper Lig,Futbol,Lig,1. Seviye,Çekirdek,Erkek,Kulüp,Takım Sporu,Türkiye,Yerli,Türk Takımı Var,TV+ Yok,Yıllık,Sürekli Lig,Oyuncu Jenerik,Bilgi,Oyuncu,Jenerik,Türkçe,Head,Oyuncu Jenerik,gençlerbirliği,,,,,,
matěj hanousek kimdir,Süper Lig,Futbol,Lig,1. Seviye,Çekirdek,Erkek,Kulüp,Takım Sporu,Türkiye,Yerli,Türk Takımı Var,TV+ Yok,Yıllık,Sürekli Lig,Oyuncu Bilgi,Bilgi,Oyuncu,Jenerik,Türkçe,Body,Oyuncu Bilgi,gençlerbirliği,,,,,,
matěj hanousek hangi takımda,Süper Lig,Futbol,Lig,1. Seviye,Çekirdek,Erkek,Kulüp,Takım Sporu,Türkiye,Yerli,Türk Takımı Var,TV+ Yok,Yıllık,Sürekli Lig,Oyuncu Bilgi,Bilgi,Oyuncu,Jenerik,Türkçe,Body,Oyuncu Bilgi,gençlerbirliği,,,,,,
matěj hanousek istatistik,Süper Lig,Futbol,Lig,1. Seviye,Çekirdek,Erkek,Kulüp,Takım Sporu,Türkiye,Yerli,Türk Takımı Var,TV+ Yok,Yıllık,Sürekli Lig,İstatistik,Bilgi,Oyuncu,Jenerik,Türkçe,Body,İstatistik,gençlerbirliği,,,,,,
mamadi camará,Süper Lig,Futbol,Lig,1. Seviye,Çekirdek,Erkek,Kulüp,Takım Sporu,Türkiye,Yerli,Türk Takımı Var,TV+ Yok,Yıllık,Sürekli Lig,Oyuncu Jenerik,Bilgi,Oyuncu,Jenerik,Türkçe,Head,Oyuncu Jenerik,kayserispor,,,,,,
mamadi camará kimdir,Süper Lig,Futbol,Lig,1. Seviye,Çekirdek,Erkek,Kulüp,Takım Sporu,Türkiye,Yerli,Türk Takımı Var,TV+ Yok,Yıllık,Sürekli Lig,Oyuncu Bilgi,Bilgi,Oyuncu,Jenerik,Türkçe,Body,Oyuncu Bilgi,kayserispor,,,,,,
mamadi camará hangi takımda,Süper Lig,Futbol,Lig,1. Seviye,Çekirdek,Erkek,Kulüp,Takım Sporu,Türkiye,Yerli,Türk Takımı Var,TV+ Yok,Yıllık,Sürekli Lig,Oyuncu Bilgi,Bilgi,Oyuncu,Jenerik,Türkçe,Body,Oyuncu Bilgi,kayserispor,,,,,,
mamadi camará istatistik,Süper Lig,Futbol,Lig,1. Seviye,Çekirdek,Erkek,Kulüp,Takım Sporu,Türkiye,Yerli,Türk Takımı Var,TV+ Yok,Yıllık,Sürekli Lig,İstatistik,Bilgi,Oyuncu,Jenerik,Türkçe,Body,İstatistik,kayserispor,,,,,,
amadou cissé,Süper Lig,Futbol,Lig,1. Seviye,Çekirdek,Erkek,Kulüp,Takım Sporu,Türkiye,Yerli,Türk Takımı Var,TV+ Yok,Yıllık,Sürekli Lig,Oyuncu Jenerik,Bilgi,Oyuncu,Jenerik,Türkçe,Head,Oyuncu Jenerik,amed sportif,,,,,,
amadou cissé kimdir,Süper Lig,Futbol,Lig,1. Seviye,Çekirdek,Erkek,Kulüp,Takım Sporu,Türkiye,Yerli,Türk Takımı Var,TV+ Yok,Yıllık,Sürekli Lig,Oyuncu Bilgi,Bilgi,Oyuncu,Jenerik,Türkçe,Body,Oyuncu Bilgi,amed sportif,,,,,,
amadou cissé hangi takımda,Süper Lig,Futbol,Lig,1. Seviye,Çekirdek,Erkek,Kulüp,Takım Sporu,Türkiye,Yerli,Türk Takımı Var,TV+ Yok,Yıllık,Sürekli Lig,Oyuncu Bilgi,Bilgi,Oyuncu,Jenerik,Türkçe,Body,Oyuncu Bilgi,amed sportif,,,,,,
amadou cissé istatistik,Süper Lig,Futbol,Lig,1. Seviye,Çekirdek,Erkek,Kulüp,Takım Sporu,Türkiye,Yerli,Türk Takımı Var,TV+ Yok,Yıllık,Sürekli Lig,İstatistik,Bilgi,Oyuncu,Jenerik,Türkçe,Body,İstatistik,amed sportif,,,,,,
hrvoje smolčić,Süper Lig,Futbol,Lig,1. Seviye,Çekirdek,Erkek,Kulüp,Takım Sporu,Türkiye,Yerli,Türk Takımı Var,TV+ Yok,Yıllık,Sürekli Lig,Oyuncu Jenerik,Bilgi,Oyuncu,Jenerik,Türkçe,Head,Oyuncu Jenerik,çorum fk,,,,,,
hrvoje smolčić kimdir,Süper Lig,Futbol,Lig,1. Seviye,Çekirdek,Erkek,Kulüp,Takım Sporu,Türkiye,Yerli,Türk Takımı Var,TV+ Yok,Yıllık,Sürekli Lig,Oyuncu Bilgi,Bilgi,Oyuncu,Jenerik,Türkçe,Body,Oyuncu Bilgi,çorum fk,,,,,,
hrvoje smolčić hangi takımda,Süper Lig,Futbol,Lig,1. Seviye,Çekirdek,Erkek,Kulüp,Takım Sporu,Türkiye,Yerli,Türk Takımı Var,TV+ Yok,Yıllık,Sürekli Lig,Oyuncu Bilgi,Bilgi,Oyuncu,Jenerik,Türkçe,Body,Oyuncu Bilgi,çorum fk,,,,,,
hrvoje smolčić istatistik,Süper Lig,Futbol,Lig,1. Seviye,Çekirdek,Erkek,Kulüp,Takım Sporu,Türkiye,Yerli,Türk Takımı Var,TV+ Yok,Yıllık,Sürekli Lig,İstatistik,Bilgi,Oyuncu,Jenerik,Türkçe,Body,İstatistik,çorum fk,,,,,,
jesús ramírez,Süper Lig,Futbol,Lig,1. Seviye,Çekirdek,Erkek,Kulüp,Takım Sporu,Türkiye,Yerli,Türk Takımı Var,TV+ Yok,Yıllık,Sürekli Lig,Oyuncu Jenerik,Bilgi,Oyuncu,Jenerik,Türkçe,Head,Oyuncu Jenerik,çorum fk,,,,,,
jesús ramírez kimdir,Süper Lig,Futbol,Lig,1. Seviye,Çekirdek,Erkek,Kulüp,Takım Sporu,Türkiye,Yerli,Türk Takımı Var,TV+ Yok,Yıllık,Sürekli Lig,Oyuncu Bilgi,Bilgi,Oyuncu,Jenerik,Türkçe,Body,Oyuncu Bilgi,çorum fk,,,,,,
jesús ramírez hangi takımda,Süper Lig,Futbol,Lig,1. Seviye,Çekirdek,Erkek,Kulüp,Takım Sporu,Türkiye,Yerli,Türk Takımı Var,TV+ Yok,Yıllık,Sürekli Lig,Oyuncu Bilgi,Bilgi,Oyuncu,Jenerik,Türkçe,Body,Oyuncu Bilgi,çorum fk,,,,,,
jesús ramírez istatistik,Süper Lig,Futbol,Lig,1. Seviye,Çekirdek,Erkek,Kulüp,Takım Sporu,Türkiye,Yerli,Türk Takımı Var,TV+ Yok,Yıllık,Sürekli Lig,İstatistik,Bilgi,Oyuncu,Jenerik,Türkçe,Body,İstatistik,çorum fk,,,,,,
amar gërxhaliu,Süper Lig,Futbol,Lig,1. Seviye,Çekirdek,Erkek,Kulüp,Takım Sporu,Türkiye,Yerli,Türk Takımı Var,TV+ Yok,Yıllık,Sürekli Lig,Oyuncu Jenerik,Bilgi,Oyuncu,Jenerik,Türkçe,Head,Oyuncu Jenerik,erzurumspor,,,,,,
amar gërxhaliu kimdir,Süper Lig,Futbol,Lig,1. Seviye,Çekirdek,Erkek,Kulüp,Takım Sporu,Türkiye,Yerli,Türk Takımı Var,TV+ Yok,Yıllık,Sürekli Lig,Oyuncu Bilgi,Bilgi,Oyuncu,Jenerik,Türkçe,Body,Oyuncu Bilgi,erzurumspor,,,,,,
amar gërxhaliu hangi takımda,Süper Lig,Futbol,Lig,1. Seviye,Çekirdek,Erkek,Kulüp,Takım Sporu,Türkiye,Yerli,Türk Takımı Var,TV+ Yok,Yıllık,Sürekli Lig,Oyuncu Bilgi,Bilgi,Oyuncu,Jenerik,Türkçe,Body,Oyuncu Bilgi,erzurumspor,,,,,,
amar gërxhaliu istatistik,Süper Lig,Futbol,Lig,1. Seviye,Çekirdek,Erkek,Kulüp,Takım Sporu,Türkiye,Yerli,Türk Takımı Var,TV+ Yok,Yıllık,Sürekli Lig,İstatistik,Bilgi,Oyuncu,Jenerik,Türkçe,Body,İstatistik,erzurumspor,,,,,,
murat akpınar,Süper Lig,Futbol,Lig,1. Seviye,Çekirdek,Erkek,Kulüp,Takım Sporu,Türkiye,Yerli,Türk Takımı Var,TV+ Yok,Yıllık,Sürekli Lig,Oyuncu Jenerik,Bilgi,Oyuncu,Jenerik,Türkçe,Head,Oyuncu Jenerik,erzurumspor,,,,,,
murat akpınar kimdir,Süper Lig,Futbol,Lig,1. Seviye,Çekirdek,Erkek,Kulüp,Takım Sporu,Türkiye,Yerli,Türk Takımı Var,TV+ Yok,Yıllık,Sürekli Lig,Oyuncu Bilgi,Bilgi,Oyuncu,Jenerik,Türkçe,Body,Oyuncu Bilgi,erzurumspor,,,,,,
murat akpınar hangi takımda,Süper Lig,Futbol,Lig,1. Seviye,Çekirdek,Erkek,Kulüp,Takım Sporu,Türkiye,Yerli,Türk Takımı Var,TV+ Yok,Yıllık,Sürekli Lig,Oyuncu Bilgi,Bilgi,Oyuncu,Jenerik,Türkçe,Body,Oyuncu Bilgi,erzurumspor,,,,,,
murat akpınar istatistik,Süper Lig,Futbol,Lig,1. Seviye,Çekirdek,Erkek,Kulüp,Takım Sporu,Türkiye,Yerli,Türk Takımı Var,TV+ Yok,Yıllık,Sürekli Lig,İstatistik,Bilgi,Oyuncu,Jenerik,Türkçe,Body,İstatistik,erzurumspor,,,,,,
martín rodríguez,Süper Lig,Futbol,Lig,1. Seviye,Çekirdek,Erkek,Kulüp,Takım Sporu,Türkiye,Yerli,Türk Takımı Var,TV+ Yok,Yıllık,Sürekli Lig,Oyuncu Jenerik,Bilgi,Oyuncu,Jenerik,Türkçe,Head,Oyuncu Jenerik,erzurumspor,,,,,,
martín rodríguez kimdir,Süper Lig,Futbol,Lig,1. Seviye,Çekirdek,Erkek,Kulüp,Takım Sporu,Türkiye,Yerli,Türk Takımı Var,TV+ Yok,Yıllık,Sürekli Lig,Oyuncu Bilgi,Bilgi,Oyuncu,Jenerik,Türkçe,Body,Oyuncu Bilgi,erzurumspor,,,,,,
martín rodríguez hangi takımda,Süper Lig,Futbol,Lig,1. Seviye,Çekirdek,Erkek,Kulüp,Takım Sporu,Türkiye,Yerli,Türk Takımı Var,TV+ Yok,Yıllık,Sürekli Lig,Oyuncu Bilgi,Bilgi,Oyuncu,Jenerik,Türkçe,Body,Oyuncu Bilgi,erzurumspor,,,,,,
martín rodríguez istatistik,Süper Lig,Futbol,Lig,1. Seviye,Çekirdek,Erkek,Kulüp,Takım Sporu,Türkiye,Yerli,Türk Takımı Var,TV+ Yok,Yıllık,Sürekli Lig,İstatistik,Bilgi,Oyuncu,Jenerik,Türkçe,Body,İstatistik,erzurumspor,,,,,,
nariman akhundzade,Süper Lig,Futbol,Lig,1. Seviye,Çekirdek,Erkek,Kulüp,Takım Sporu,Türkiye,Yerli,Türk Takımı Var,TV+ Yok,Yıllık,Sürekli Lig,Oyuncu Jenerik,Bilgi,Oyuncu,Jenerik,İngilizce,Head,Oyuncu Jenerik,erzurumspor,,,,,,
nariman akhundzade kimdir,Süper Lig,Futbol,Lig,1. Seviye,Çekirdek,Erkek,Kulüp,Takım Sporu,Türkiye,Yerli,Türk Takımı Var,TV+ Yok,Yıllık,Sürekli Lig,Oyuncu Bilgi,Bilgi,Oyuncu,Jenerik,İngilizce,Body,Oyuncu Bilgi,erzurumspor,,,,,,
nariman akhundzade hangi takımda,Süper Lig,Futbol,Lig,1. Seviye,Çekirdek,Erkek,Kulüp,Takım Sporu,Türkiye,Yerli,Türk Takımı Var,TV+ Yok,Yıllık,Sürekli Lig,Oyuncu Bilgi,Bilgi,Oyuncu,Jenerik,Türkçe,Body,Oyuncu Bilgi,erzurumspor,,,,,,
nariman akhundzade istatistik,Süper Lig,Futbol,Lig,1. Seviye,Çekirdek,Erkek,Kulüp,Takım Sporu,Türkiye,Yerli,Türk Takımı Var,TV+ Yok,Yıllık,Sürekli Lig,İstatistik,Bilgi,Oyuncu,Jenerik,İngilizce,Body,İstatistik,erzurumspor,,,,,,
columbus crew,Süper Lig,Futbol,Lig,1. Seviye,Çekirdek,Erkek,Kulüp,Takım Sporu,Türkiye,Yerli,Türk Takımı Var,TV+ Yok,Yıllık,Sürekli Lig,Oyuncu Jenerik,Bilgi,Oyuncu,Jenerik,İngilizce,Head,Oyuncu Jenerik,erzurumspor,,,,,,
columbus crew kimdir,Süper Lig,Futbol,Lig,1. Seviye,Çekirdek,Erkek,Kulüp,Takım Sporu,Türkiye,Yerli,Türk Takımı Var,TV+ Yok,Yıllık,Sürekli Lig,Oyuncu Bilgi,Bilgi,Oyuncu,Jenerik,İngilizce,Body,Oyuncu Bilgi,erzurumspor,,,,,,
columbus crew hangi takımda,Süper Lig,Futbol,Lig,1. Seviye,Çekirdek,Erkek,Kulüp,Takım Sporu,Türkiye,Yerli,Türk Takımı Var,TV+ Yok,Yıllık,Sürekli Lig,Oyuncu Bilgi,Bilgi,Oyuncu,Jenerik,Türkçe,Body,Oyuncu Bilgi,erzurumspor,,,,,,
columbus crew istatistik,Süper Lig,Futbol,Lig,1. Seviye,Çekirdek,Erkek,Kulüp,Takım Sporu,Türkiye,Yerli,Türk Takımı Var,TV+ Yok,Yıllık,Sürekli Lig,İstatistik,Bilgi,Oyuncu,Jenerik,İngilizce,Body,İstatistik,erzurumspor,,,,,,
rémi mulumba,TFF 1. Lig,Futbol,Lig,1. Seviye,Çekirdek,Erkek,Kulüp,Takım Sporu,Türkiye,Yerli,Türk Takımı Var,TV+ Yok,Yıllık,Sürekli Lig,Oyuncu Jenerik,Bilgi,Oyuncu,Jenerik,Türkçe,Head,Oyuncu Jenerik,bandırmaspor,,,,,,
rémi mulumba kimdir,TFF 1. Lig,Futbol,Lig,1. Seviye,Çekirdek,Erkek,Kulüp,Takım Sporu,Türkiye,Yerli,Türk Takımı Var,TV+ Yok,Yıllık,Sürekli Lig,Oyuncu Bilgi,Bilgi,Oyuncu,Jenerik,Türkçe,Body,Oyuncu Bilgi,bandırmaspor,,,,,,
rémi mulumba hangi takımda,TFF 1. Lig,Futbol,Lig,1. Seviye,Çekirdek,Erkek,Kulüp,Takım Sporu,Türkiye,Yerli,Türk Takımı Var,TV+ Yok,Yıllık,Sürekli Lig,Oyuncu Bilgi,Bilgi,Oyuncu,Jenerik,Türkçe,Body,Oyuncu Bilgi,bandırmaspor,,,,,,
rémi mulumba istatistik,TFF 1. Lig,Futbol,Lig,1. Seviye,Çekirdek,Erkek,Kulüp,Takım Sporu,Türkiye,Yerli,Türk Takımı Var,TV+ Yok,Yıllık,Sürekli Lig,İstatistik,Bilgi,Oyuncu,Jenerik,Türkçe,Body,İstatistik,bandırmaspor,,,,,,
matej pučko,TFF 1. Lig,Futbol,Lig,1. Seviye,Çekirdek,Erkek,Kulüp,Takım Sporu,Türkiye,Yerli,Türk Takımı Var,TV+ Yok,Yıllık,Sürekli Lig,Oyuncu Jenerik,Bilgi,Oyuncu,Jenerik,Türkçe,Head,Oyuncu Jenerik,bandırmaspor,,,,,,
matej pučko kimdir,TFF 1. Lig,Futbol,Lig,1. Seviye,Çekirdek,Erkek,Kulüp,Takım Sporu,Türkiye,Yerli,Türk Takımı Var,TV+ Yok,Yıllık,Sürekli Lig,Oyuncu Bilgi,Bilgi,Oyuncu,Jenerik,Türkçe,Body,Oyuncu Bilgi,bandırmaspor,,,,,,
matej pučko hangi takımda,TFF 1. Lig,Futbol,Lig,1. Seviye,Çekirdek,Erkek,Kulüp,Takım Sporu,Türkiye,Yerli,Türk Takımı Var,TV+ Yok,Yıllık,Sürekli Lig,Oyuncu Bilgi,Bilgi,Oyuncu,Jenerik,Türkçe,Body,Oyuncu Bilgi,bandırmaspor,,,,,,
matej pučko istatistik,TFF 1. Lig,Futbol,Lig,1. Seviye,Çekirdek,Erkek,Kulüp,Takım Sporu,Türkiye,Yerli,Türk Takımı Var,TV+ Yok,Yıllık,Sürekli Lig,İstatistik,Bilgi,Oyuncu,Jenerik,Türkçe,Body,İstatistik,bandırmaspor,,,,,,
milutin osmajić,TFF 1. Lig,Futbol,Lig,1. Seviye,Çekirdek,Erkek,Kulüp,Takım Sporu,Türkiye,Yerli,Türk Takımı Var,TV+ Yok,Yıllık,Sürekli Lig,Oyuncu Jenerik,Bilgi,Oyuncu,Jenerik,Türkçe,Head,Oyuncu Jenerik,bandırmaspor,,,,,,
milutin osmajić kimdir,TFF 1. Lig,Futbol,Lig,1. Seviye,Çekirdek,Erkek,Kulüp,Takım Sporu,Türkiye,Yerli,Türk Takımı Var,TV+ Yok,Yıllık,Sürekli Lig,Oyuncu Bilgi,Bilgi,Oyuncu,Jenerik,Türkçe,Body,Oyuncu Bilgi,bandırmaspor,,,,,,
milutin osmajić hangi takımda,TFF 1. Lig,Futbol,Lig,1. Seviye,Çekirdek,Erkek,Kulüp,Takım Sporu,Türkiye,Yerli,Türk Takımı Var,TV+ Yok,Yıllık,Sürekli Lig,Oyuncu Bilgi,Bilgi,Oyuncu,Jenerik,Türkçe,Body,Oyuncu Bilgi,bandırmaspor,,,,,,
milutin osmajić istatistik,TFF 1. Lig,Futbol,Lig,1. Seviye,Çekirdek,Erkek,Kulüp,Takım Sporu,Türkiye,Yerli,Türk Takımı Var,TV+ Yok,Yıllık,Sürekli Lig,İstatistik,Bilgi,Oyuncu,Jenerik,Türkçe,Body,İstatistik,bandırmaspor,,,,,,
ataberk dadakdeniz,TFF 1. Lig,Futbol,Lig,1. Seviye,Çekirdek,Erkek,Kulüp,Takım Sporu,Türkiye,Yerli,Türk Takımı Var,TV+ Yok,Yıllık,Sürekli Lig,Oyuncu Jenerik,Bilgi,Oyuncu,Jenerik,İngilizce,Head,Oyuncu Jenerik,sakaryaspor,,,,,,
ataberk dadakdeniz kimdir,TFF 1. Lig,Futbol,Lig,1. Seviye,Çekirdek,Erkek,Kulüp,Takım Sporu,Türkiye,Yerli,Türk Takımı Var,TV+ Yok,Yıllık,Sürekli Lig,Oyuncu Bilgi,Bilgi,Oyuncu,Jenerik,İngilizce,Body,Oyuncu Bilgi,sakaryaspor,,,,,,
ataberk dadakdeniz hangi takımda,TFF 1. Lig,Futbol,Lig,1. Seviye,Çekirdek,Erkek,Kulüp,Takım Sporu,Türkiye,Yerli,Türk Takımı Var,TV+ Yok,Yıllık,Sürekli Lig,Oyuncu Bilgi,Bilgi,Oyuncu,Jenerik,Türkçe,Body,Oyuncu Bilgi,sakaryaspor,,,,,,
ataberk dadakdeniz istatistik,TFF 1. Lig,Futbol,Lig,1. Seviye,Çekirdek,Erkek,Kulüp,Takım Sporu,Türkiye,Yerli,Türk Takımı Var,TV+ Yok,Yıllık,Sürekli Lig,İstatistik,Bilgi,Oyuncu,Jenerik,İngilizce,Body,İstatistik,sakaryaspor,,,,,,
mete kaan demir,TFF 1. Lig,Futbol,Lig,1. Seviye,Çekirdek,Erkek,Kulüp,Takım Sporu,Türkiye,Yerli,Türk Takımı Var,TV+ Yok,Yıllık,Sürekli Lig,Oyuncu Jenerik,Bilgi,Oyuncu,Jenerik,İngilizce,Body,Oyuncu Jenerik,sakaryaspor,,,,,,
mete kaan demir kimdir,TFF 1. Lig,Futbol,Lig,1. Seviye,Çekirdek,Erkek,Kulüp,Takım Sporu,Türkiye,Yerli,Türk Takımı Var,TV+ Yok,Yıllık,Sürekli Lig,Oyuncu Bilgi,Bilgi,Oyuncu,Jenerik,İngilizce,Body,Oyuncu Bilgi,sakaryaspor,,,,,,
mete kaan demir hangi takımda,TFF 1. Lig,Futbol,Lig,1. Seviye,Çekirdek,Erkek,Kulüp,Takım Sporu,Türkiye,Yerli,Türk Takımı Var,TV+ Yok,Yıllık,Sürekli Lig,Oyuncu Bilgi,Bilgi,Oyuncu,Jenerik,Türkçe,Long-tail,Oyuncu Bilgi,sakaryaspor,,,,,,
mete kaan demir istatistik,TFF 1. Lig,Futbol,Lig,1. Seviye,Çekirdek,Erkek,Kulüp,Takım Sporu,Türkiye,Yerli,Türk Takımı Var,TV+ Yok,Yıllık,Sürekli Lig,İstatistik,Bilgi,Oyuncu,Jenerik,İngilizce,Body,İstatistik,sakaryaspor,,,,,,
łukasz zwoliński,TFF 1. Lig,Futbol,Lig,1. Seviye,Çekirdek,Erkek,Kulüp,Takım Sporu,Türkiye,Yerli,Türk Takımı Var,TV+ Yok,Yıllık,Sürekli Lig,Oyuncu Jenerik,Bilgi,Oyuncu,Jenerik,Türkçe,Head,Oyuncu Jenerik,sakaryaspor,,,,,,
łukasz zwoliński kimdir,TFF 1. Lig,Futbol,Lig,1. Seviye,Çekirdek,Erkek,Kulüp,Takım Sporu,Türkiye,Yerli,Türk Takımı Var,TV+ Yok,Yıllık,Sürekli Lig,Oyuncu Bilgi,Bilgi,Oyuncu,Jenerik,Türkçe,Body,Oyuncu Bilgi,sakaryaspor,,,,,,
łukasz zwoliński hangi takımda,TFF 1. Lig,Futbol,Lig,1. Seviye,Çekirdek,Erkek,Kulüp,Takım Sporu,Türkiye,Yerli,Türk Takımı Var,TV+ Yok,Yıllık,Sürekli Lig,Oyuncu Bilgi,Bilgi,Oyuncu,Jenerik,Türkçe,Body,Oyuncu Bilgi,sakaryaspor,,,,,,
łukasz zwoliński istatistik,TFF 1. Lig,Futbol,Lig,1. Seviye,Çekirdek,Erkek,Kulüp,Takım Sporu,Türkiye,Yerli,Türk Takımı Var,TV+ Yok,Yıllık,Sürekli Lig,İstatistik,Bilgi,Oyuncu,Jenerik,Türkçe,Body,İstatistik,sakaryaspor,,,,,,
sergio peña,TFF 1. Lig,Futbol,Lig,1. Seviye,Çekirdek,Erkek,Kulüp,Takım Sporu,Türkiye,Yerli,Türk Takımı Var,TV+ Yok,Yıllık,Sürekli Lig,Oyuncu Jenerik,Bilgi,Oyuncu,Jenerik,Türkçe,Head,Oyuncu Jenerik,sakaryaspor,,,,,,
sergio peña kimdir,TFF 1. Lig,Futbol,Lig,1. Seviye,Çekirdek,Erkek,Kulüp,Takım Sporu,Türkiye,Yerli,Türk Takımı Var,TV+ Yok,Yıllık,Sürekli Lig,Oyuncu Bilgi,Bilgi,Oyuncu,Jenerik,Türkçe,Body,Oyuncu Bilgi,sakaryaspor,,,,,,
sergio peña hangi takımda,TFF 1. Lig,Futbol,Lig,1. Seviye,Çekirdek,Erkek,Kulüp,Takım Sporu,Türkiye,Yerli,Türk Takımı Var,TV+ Yok,Yıllık,Sürekli Lig,Oyuncu Bilgi,Bilgi,Oyuncu,Jenerik,Türkçe,Body,Oyuncu Bilgi,sakaryaspor,,,,,,
sergio peña istatistik,TFF 1. Lig,Futbol,Lig,1. Seviye,Çekirdek,Erkek,Kulüp,Takım Sporu,Türkiye,Yerli,Türk Takımı Var,TV+ Yok,Yıllık,Sürekli Lig,İstatistik,Bilgi,Oyuncu,Jenerik,Türkçe,Body,İstatistik,sakaryaspor,,,,,,
ismaila soro,TFF 1. Lig,Futbol,Lig,1. Seviye,Çekirdek,Erkek,Kulüp,Takım Sporu,Türkiye,Yerli,Türk Takımı Var,TV+ Yok,Yıllık,Sürekli Lig,Oyuncu Jenerik,Bilgi,Oyuncu,Jenerik,İngilizce,Head,Oyuncu Jenerik,sakaryaspor,,,,,,
ismaila soro kimdir,TFF 1. Lig,Futbol,Lig,1. Seviye,Çekirdek,Erkek,Kulüp,Takım Sporu,Türkiye,Yerli,Türk Takımı Var,TV+ Yok,Yıllık,Sürekli Lig,Oyuncu Bilgi,Bilgi,Oyuncu,Jenerik,İngilizce,Body,Oyuncu Bilgi,sakaryaspor,,,,,,
ismaila soro hangi takımda,TFF 1. Lig,Futbol,Lig,1. Seviye,Çekirdek,Erkek,Kulüp,Takım Sporu,Türkiye,Yerli,Türk Takımı Var,TV+ Yok,Yıllık,Sürekli Lig,Oyuncu Bilgi,Bilgi,Oyuncu,Jenerik,Türkçe,Body,Oyuncu Bilgi,sakaryaspor,,,,,,
ismaila soro istatistik,TFF 1. Lig,Futbol,Lig,1. Seviye,Çekirdek,Erkek,Kulüp,Takım Sporu,Türkiye,Yerli,Türk Takımı Var,TV+ Yok,Yıllık,Sürekli Lig,İstatistik,Bilgi,Oyuncu,Jenerik,İngilizce,Body,İstatistik,sakaryaspor,,,,,,
alaaddin okumuş,TFF 1. Lig,Futbol,Lig,1. Seviye,Çekirdek,Erkek,Kulüp,Takım Sporu,Türkiye,Yerli,Türk Takımı Var,TV+ Yok,Yıllık,Sürekli Lig,Oyuncu Jenerik,Bilgi,Oyuncu,Jenerik,Türkçe,Head,Oyuncu Jenerik,sakaryaspor,,,,,,
alaaddin okumuş kimdir,TFF 1. Lig,Futbol,Lig,1. Seviye,Çekirdek,Erkek,Kulüp,Takım Sporu,Türkiye,Yerli,Türk Takımı Var,TV+ Yok,Yıllık,Sürekli Lig,Oyuncu Bilgi,Bilgi,Oyuncu,Jenerik,Türkçe,Body,Oyuncu Bilgi,sakaryaspor,,,,,,
alaaddin okumuş hangi takımda,TFF 1. Lig,Futbol,Lig,1. Seviye,Çekirdek,Erkek,Kulüp,Takım Sporu,Türkiye,Yerli,Türk Takımı Var,TV+ Yok,Yıllık,Sürekli Lig,Oyuncu Bilgi,Bilgi,Oyuncu,Jenerik,Türkçe,Body,Oyuncu Bilgi,sakaryaspor,,,,,,
alaaddin okumuş istatistik,TFF 1. Lig,Futbol,Lig,1. Seviye,Çekirdek,Erkek,Kulüp,Takım Sporu,Türkiye,Yerli,Türk Takımı Var,TV+ Yok,Yıllık,Sürekli Lig,İstatistik,Bilgi,Oyuncu,Jenerik,Türkçe,Body,İstatistik,sakaryaspor,,,,,,
salih dursun,TFF 1. Lig,Futbol,Lig,1. Seviye,Çekirdek,Erkek,Kulüp,Takım Sporu,Türkiye,Yerli,Türk Takımı Var,TV+ Yok,Yıllık,Sürekli Lig,Oyuncu Jenerik,Bilgi,Oyuncu,Jenerik,İngilizce,Head,Oyuncu Jenerik,sakaryaspor,,,,,,
salih dursun kimdir,TFF 1. Lig,Futbol,Lig,1. Seviye,Çekirdek,Erkek,Kulüp,Takım Sporu,Türkiye,Yerli,Türk Takımı Var,TV+ Yok,Yıllık,Sürekli Lig,Oyuncu Bilgi,Bilgi,Oyuncu,Jenerik,İngilizce,Body,Oyuncu Bilgi,sakaryaspor,,,,,,
salih dursun hangi takımda,TFF 1. Lig,Futbol,Lig,1. Seviye,Çekirdek,Erkek,Kulüp,Takım Sporu,Türkiye,Yerli,Türk Takımı Var,TV+ Yok,Yıllık,Sürekli Lig,Oyuncu Bilgi,Bilgi,Oyuncu,Jenerik,Türkçe,Body,Oyuncu Bilgi,sakaryaspor,,,,,,
salih dursun istatistik,TFF 1. Lig,Futbol,Lig,1. Seviye,Çekirdek,Erkek,Kulüp,Takım Sporu,Türkiye,Yerli,Türk Takımı Var,TV+ Yok,Yıllık,Sürekli Lig,İstatistik,Bilgi,Oyuncu,Jenerik,İngilizce,Body,İstatistik,sakaryaspor,,,,,,
owusu kwabena,TFF 1. Lig,Futbol,Lig,1. Seviye,Çekirdek,Erkek,Kulüp,Takım Sporu,Türkiye,Yerli,Türk Takımı Var,TV+ Yok,Yıllık,Sürekli Lig,Oyuncu Jenerik,Bilgi,Oyuncu,Jenerik,İngilizce,Head,Oyuncu Jenerik,sakaryaspor,,,,,,
owusu kwabena kimdir,TFF 1. Lig,Futbol,Lig,1. Seviye,Çekirdek,Erkek,Kulüp,Takım Sporu,Türkiye,Yerli,Türk Takımı Var,TV+ Yok,Yıllık,Sürekli Lig,Oyuncu Bilgi,Bilgi,Oyuncu,Jenerik,İngilizce,Body,Oyuncu Bilgi,sakaryaspor,,,,,,
owusu kwabena hangi takımda,TFF 1. Lig,Futbol,Lig,1. Seviye,Çekirdek,Erkek,Kulüp,Takım Sporu,Türkiye,Yerli,Türk Takımı Var,TV+ Yok,Yıllık,Sürekli Lig,Oyuncu Bilgi,Bilgi,Oyuncu,Jenerik,Türkçe,Body,Oyuncu Bilgi,sakaryaspor,,,,,,
owusu kwabena istatistik,TFF 1. Lig,Futbol,Lig,1. Seviye,Çekirdek,Erkek,Kulüp,Takım Sporu,Türkiye,Yerli,Türk Takımı Var,TV+ Yok,Yıllık,Sürekli Lig,İstatistik,Bilgi,Oyuncu,Jenerik,İngilizce,Body,İstatistik,sakaryaspor,,,,,,
arif kocaman,TFF 1. Lig,Futbol,Lig,1. Seviye,Çekirdek,Erkek,Kulüp,Takım Sporu,Türkiye,Yerli,Türk Takımı Var,TV+ Yok,Yıllık,Sürekli Lig,Oyuncu Jenerik,Bilgi,Oyuncu,Jenerik,İngilizce,Head,Oyuncu Jenerik,sakaryaspor,,,,,,
arif kocaman kimdir,TFF 1. Lig,Futbol,Lig,1. Seviye,Çekirdek,Erkek,Kulüp,Takım Sporu,Türkiye,Yerli,Türk Takımı Var,TV+ Yok,Yıllık,Sürekli Lig,Oyuncu Bilgi,Bilgi,Oyuncu,Jenerik,İngilizce,Body,Oyuncu Bilgi,sakaryaspor,,,,,,
arif kocaman hangi takımda,TFF 1. Lig,Futbol,Lig,1. Seviye,Çekirdek,Erkek,Kulüp,Takım Sporu,Türkiye,Yerli,Türk Takımı Var,TV+ Yok,Yıllık,Sürekli Lig,Oyuncu Bilgi,Bilgi,Oyuncu,Jenerik,Türkçe,Body,Oyuncu Bilgi,sakaryaspor,,,,,,
arif kocaman istatistik,TFF 1. Lig,Futbol,Lig,1. Seviye,Çekirdek,Erkek,Kulüp,Takım Sporu,Türkiye,Yerli,Türk Takımı Var,TV+ Yok,Yıllık,Sürekli Lig,İstatistik,Bilgi,Oyuncu,Jenerik,İngilizce,Body,İstatistik,sakaryaspor,,,,,,
josip vuković,TFF 1. Lig,Futbol,Lig,1. Seviye,Çekirdek,Erkek,Kulüp,Takım Sporu,Türkiye,Yerli,Türk Takımı Var,TV+ Yok,Yıllık,Sürekli Lig,Oyuncu Jenerik,Bilgi,Oyuncu,Jenerik,Türkçe,Head,Oyuncu Jenerik,sakaryaspor,,,,,,
josip vuković kimdir,TFF 1. Lig,Futbol,Lig,1. Seviye,Çekirdek,Erkek,Kulüp,Takım Sporu,Türkiye,Yerli,Türk Takımı Var,TV+ Yok,Yıllık,Sürekli Lig,Oyuncu Bilgi,Bilgi,Oyuncu,Jenerik,Türkçe,Body,Oyuncu Bilgi,sakaryaspor,,,,,,
josip vuković hangi takımda,TFF 1. Lig,Futbol,Lig,1. Seviye,Çekirdek,Erkek,Kulüp,Takım Sporu,Türkiye,Yerli,Türk Takımı Var,TV+ Yok,Yıllık,Sürekli Lig,Oyuncu Bilgi,Bilgi,Oyuncu,Jenerik,Türkçe,Body,Oyuncu Bilgi,sakaryaspor,,,,,,
josip vuković istatistik,TFF 1. Lig,Futbol,Lig,1. Seviye,Çekirdek,Erkek,Kulüp,Takım Sporu,Türkiye,Yerli,Türk Takımı Var,TV+ Yok,Yıllık,Sürekli Lig,İstatistik,Bilgi,Oyuncu,Jenerik,Türkçe,Body,İstatistik,sakaryaspor,,,,,,
eren erdoğan,TFF 1. Lig,Futbol,Lig,1. Seviye,Çekirdek,Erkek,Kulüp,Takım Sporu,Türkiye,Yerli,Türk Takımı Var,TV+ Yok,Yıllık,Sürekli Lig,Oyuncu Jenerik,Bilgi,Oyuncu,Jenerik,Türkçe,Head,Oyuncu Jenerik,sakaryaspor,,,,,,
eren erdoğan kimdir,TFF 1. Lig,Futbol,Lig,1. Seviye,Çekirdek,Erkek,Kulüp,Takım Sporu,Türkiye,Yerli,Türk Takımı Var,TV+ Yok,Yıllık,Sürekli Lig,Oyuncu Bilgi,Bilgi,Oyuncu,Jenerik,Türkçe,Body,Oyuncu Bilgi,sakaryaspor,,,,,,
eren erdoğan hangi takımda,TFF 1. Lig,Futbol,Lig,1. Seviye,Çekirdek,Erkek,Kulüp,Takım Sporu,Türkiye,Yerli,Türk Takımı Var,TV+ Yok,Yıllık,Sürekli Lig,Oyuncu Bilgi,Bilgi,Oyuncu,Jenerik,Türkçe,Body,Oyuncu Bilgi,sakaryaspor,,,,,,
eren erdoğan istatistik,TFF 1. Lig,Futbol,Lig,1. Seviye,Çekirdek,Erkek,Kulüp,Takım Sporu,Türkiye,Yerli,Türk Takımı Var,TV+ Yok,Yıllık,Sürekli Lig,İstatistik,Bilgi,Oyuncu,Jenerik,Türkçe,Body,İstatistik,sakaryaspor,,,,,,
poyraz efe yıldırım,TFF 1. Lig,Futbol,Lig,1. Seviye,Çekirdek,Erkek,Kulüp,Takım Sporu,Türkiye,Yerli,Türk Takımı Var,TV+ Yok,Yıllık,Sürekli Lig,Oyuncu Jenerik,Bilgi,Oyuncu,Jenerik,Türkçe,Body,Oyuncu Jenerik,sakaryaspor,,,,,,
poyraz efe yıldırım kimdir,TFF 1. Lig,Futbol,Lig,1. Seviye,Çekirdek,Erkek,Kulüp,Takım Sporu,Türkiye,Yerli,Türk Takımı Var,TV+ Yok,Yıllık,Sürekli Lig,Oyuncu Bilgi,Bilgi,Oyuncu,Jenerik,Türkçe,Body,Oyuncu Bilgi,sakaryaspor,,,,,,
poyraz efe yıldırım hangi takımda,TFF 1. Lig,Futbol,Lig,1. Seviye,Çekirdek,Erkek,Kulüp,Takım Sporu,Türkiye,Yerli,Türk Takımı Var,TV+ Yok,Yıllık,Sürekli Lig,Oyuncu Bilgi,Bilgi,Oyuncu,Jenerik,Türkçe,Long-tail,Oyuncu Bilgi,sakaryaspor,,,,,,
poyraz efe yıldırım istatistik,TFF 1. Lig,Futbol,Lig,1. Seviye,Çekirdek,Erkek,Kulüp,Takım Sporu,Türkiye,Yerli,Türk Takımı Var,TV+ Yok,Yıllık,Sürekli Lig,İstatistik,Bilgi,Oyuncu,Jenerik,Türkçe,Body,İstatistik,sakaryaspor,,,,,,
mário balbúrdia,TFF 1. Lig,Futbol,Lig,1. Seviye,Çekirdek,Erkek,Kulüp,Takım Sporu,Türkiye,Yerli,Türk Takımı Var,TV+ Yok,Yıllık,Sürekli Lig,Oyuncu Jenerik,Bilgi,Oyuncu,Jenerik,Türkçe,Head,Oyuncu Jenerik,boluspor,,,,,,
mário balbúrdia kimdir,TFF 1. Lig,Futbol,Lig,1. Seviye,Çekirdek,Erkek,Kulüp,Takım Sporu,Türkiye,Yerli,Türk Takımı Var,TV+ Yok,Yıllık,Sürekli Lig,Oyuncu Bilgi,Bilgi,Oyuncu,Jenerik,Türkçe,Body,Oyuncu Bilgi,boluspor,,,,,,
mário balbúrdia hangi takımda,TFF 1. Lig,Futbol,Lig,1. Seviye,Çekirdek,Erkek,Kulüp,Takım Sporu,Türkiye,Yerli,Türk Takımı Var,TV+ Yok,Yıllık,Sürekli Lig,Oyuncu Bilgi,Bilgi,Oyuncu,Jenerik,Türkçe,Body,Oyuncu Bilgi,boluspor,,,,,,
mário balbúrdia istatistik,TFF 1. Lig,Futbol,Lig,1. Seviye,Çekirdek,Erkek,Kulüp,Takım Sporu,Türkiye,Yerli,Türk Takımı Var,TV+ Yok,Yıllık,Sürekli Lig,İstatistik,Bilgi,Oyuncu,Jenerik,Türkçe,Body,İstatistik,boluspor,,,,,,
famoussa koné,TFF 1. Lig,Futbol,Lig,1. Seviye,Çekirdek,Erkek,Kulüp,Takım Sporu,Türkiye,Yerli,Türk Takımı Var,TV+ Yok,Yıllık,Sürekli Lig,Oyuncu Jenerik,Bilgi,Oyuncu,Jenerik,Türkçe,Head,Oyuncu Jenerik,keçiörengücü,,,,,,
famoussa koné kimdir,TFF 1. Lig,Futbol,Lig,1. Seviye,Çekirdek,Erkek,Kulüp,Takım Sporu,Türkiye,Yerli,Türk Takımı Var,TV+ Yok,Yıllık,Sürekli Lig,Oyuncu Bilgi,Bilgi,Oyuncu,Jenerik,Türkçe,Body,Oyuncu Bilgi,keçiörengücü,,,,,,
famoussa koné hangi takımda,TFF 1. Lig,Futbol,Lig,1. Seviye,Çekirdek,Erkek,Kulüp,Takım Sporu,Türkiye,Yerli,Türk Takımı Var,TV+ Yok,Yıllık,Sürekli Lig,Oyuncu Bilgi,Bilgi,Oyuncu,Jenerik,Türkçe,Body,Oyuncu Bilgi,keçiörengücü,,,,,,
famoussa koné istatistik,TFF 1. Lig,Futbol,Lig,1. Seviye,Çekirdek,Erkek,Kulüp,Takım Sporu,Türkiye,Yerli,Türk Takımı Var,TV+ Yok,Yıllık,Sürekli Lig,İstatistik,Bilgi,Oyuncu,Jenerik,Türkçe,Body,İstatistik,keçiörengücü,,,,,,
engjëll hoti,TFF 1. Lig,Futbol,Lig,1. Seviye,Çekirdek,Erkek,Kulüp,Takım Sporu,Türkiye,Yerli,Türk Takımı Var,TV+ Yok,Yıllık,Sürekli Lig,Oyuncu Jenerik,Bilgi,Oyuncu,Jenerik,Türkçe,Head,Oyuncu Jenerik,ümraniyespor,,,,,,
engjëll hoti kimdir,TFF 1. Lig,Futbol,Lig,1. Seviye,Çekirdek,Erkek,Kulüp,Takım Sporu,Türkiye,Yerli,Türk Takımı Var,TV+ Yok,Yıllık,Sürekli Lig,Oyuncu Bilgi,Bilgi,Oyuncu,Jenerik,Türkçe,Body,Oyuncu Bilgi,ümraniyespor,,,,,,
engjëll hoti hangi takımda,TFF 1. Lig,Futbol,Lig,1. Seviye,Çekirdek,Erkek,Kulüp,Takım Sporu,Türkiye,Yerli,Türk Takımı Var,TV+ Yok,Yıllık,Sürekli Lig,Oyuncu Bilgi,Bilgi,Oyuncu,Jenerik,Türkçe,Body,Oyuncu Bilgi,ümraniyespor,,,,,,
engjëll hoti istatistik,TFF 1. Lig,Futbol,Lig,1. Seviye,Çekirdek,Erkek,Kulüp,Takım Sporu,Türkiye,Yerli,Türk Takımı Var,TV+ Yok,Yıllık,Sürekli Lig,İstatistik,Bilgi,Oyuncu,Jenerik,Türkçe,Body,İstatistik,ümraniyespor,,,,,,
andrej đokanović,TFF 1. Lig,Futbol,Lig,1. Seviye,Çekirdek,Erkek,Kulüp,Takım Sporu,Türkiye,Yerli,Türk Takımı Var,TV+ Yok,Yıllık,Sürekli Lig,Oyuncu Jenerik,Bilgi,Oyuncu,Jenerik,Türkçe,Head,Oyuncu Jenerik,ümraniyespor,,,,,,
andrej đokanović kimdir,TFF 1. Lig,Futbol,Lig,1. Seviye,Çekirdek,Erkek,Kulüp,Takım Sporu,Türkiye,Yerli,Türk Takımı Var,TV+ Yok,Yıllık,Sürekli Lig,Oyuncu Bilgi,Bilgi,Oyuncu,Jenerik,Türkçe,Body,Oyuncu Bilgi,ümraniyespor,,,,,,
andrej đokanović hangi takımda,TFF 1. Lig,Futbol,Lig,1. Seviye,Çekirdek,Erkek,Kulüp,Takım Sporu,Türkiye,Yerli,Türk Takımı Var,TV+ Yok,Yıllık,Sürekli Lig,Oyuncu Bilgi,Bilgi,Oyuncu,Jenerik,Türkçe,Body,Oyuncu Bilgi,ümraniyespor,,,,,,
andrej đokanović istatistik,TFF 1. Lig,Futbol,Lig,1. Seviye,Çekirdek,Erkek,Kulüp,Takım Sporu,Türkiye,Yerli,Türk Takımı Var,TV+ Yok,Yıllık,Sürekli Lig,İstatistik,Bilgi,Oyuncu,Jenerik,Türkçe,Body,İstatistik,ümraniyespor,,,,,,
loïc kouagba,TFF 1. Lig,Futbol,Lig,1. Seviye,Çekirdek,Erkek,Kulüp,Takım Sporu,Türkiye,Yerli,Türk Takımı Var,TV+ Yok,Yıllık,Sürekli Lig,Oyuncu Jenerik,Bilgi,Oyuncu,Jenerik,Türkçe,Head,Oyuncu Jenerik,iğdır fk,,,,,,
loïc kouagba kimdir,TFF 1. Lig,Futbol,Lig,1. Seviye,Çekirdek,Erkek,Kulüp,Takım Sporu,Türkiye,Yerli,Türk Takımı Var,TV+ Yok,Yıllık,Sürekli Lig,Oyuncu Bilgi,Bilgi,Oyuncu,Jenerik,Türkçe,Body,Oyuncu Bilgi,iğdır fk,,,,,,
loïc kouagba hangi takımda,TFF 1. Lig,Futbol,Lig,1. Seviye,Çekirdek,Erkek,Kulüp,Takım Sporu,Türkiye,Yerli,Türk Takımı Var,TV+ Yok,Yıllık,Sürekli Lig,Oyuncu Bilgi,Bilgi,Oyuncu,Jenerik,Türkçe,Body,Oyuncu Bilgi,iğdır fk,,,,,,
loïc kouagba istatistik,TFF 1. Lig,Futbol,Lig,1. Seviye,Çekirdek,Erkek,Kulüp,Takım Sporu,Türkiye,Yerli,Türk Takımı Var,TV+ Yok,Yıllık,Sürekli Lig,İstatistik,Bilgi,Oyuncu,Jenerik,Türkçe,Body,İstatistik,iğdır fk,,,,,,
dino hotić,TFF 1. Lig,Futbol,Lig,1. Seviye,Çekirdek,Erkek,Kulüp,Takım Sporu,Türkiye,Yerli,Türk Takımı Var,TV+ Yok,Yıllık,Sürekli Lig,Oyuncu Jenerik,Bilgi,Oyuncu,Jenerik,Türkçe,Head,Oyuncu Jenerik,iğdır fk,,,,,,
dino hotić kimdir,TFF 1. Lig,Futbol,Lig,1. Seviye,Çekirdek,Erkek,Kulüp,Takım Sporu,Türkiye,Yerli,Türk Takımı Var,TV+ Yok,Yıllık,Sürekli Lig,Oyuncu Bilgi,Bilgi,Oyuncu,Jenerik,Türkçe,Body,Oyuncu Bilgi,iğdır fk,,,,,,
dino hotić hangi takımda,TFF 1. Lig,Futbol,Lig,1. Seviye,Çekirdek,Erkek,Kulüp,Takım Sporu,Türkiye,Yerli,Türk Takımı Var,TV+ Yok,Yıllık,Sürekli Lig,Oyuncu Bilgi,Bilgi,Oyuncu,Jenerik,Türkçe,Body,Oyuncu Bilgi,iğdır fk,,,,,,
dino hotić istatistik,TFF 1. Lig,Futbol,Lig,1. Seviye,Çekirdek,Erkek,Kulüp,Takım Sporu,Türkiye,Yerli,Türk Takımı Var,TV+ Yok,Yıllık,Sürekli Lig,İstatistik,Bilgi,Oyuncu,Jenerik,Türkçe,Body,İstatistik,iğdır fk,,,,,,
leandro kappel,TFF 1. Lig,Futbol,Lig,1. Seviye,Çekirdek,Erkek,Kulüp,Takım Sporu,Türkiye,Yerli,Türk Takımı Var,TV+ Yok,Yıllık,Sürekli Lig,Oyuncu Jenerik,Bilgi,Oyuncu,Jenerik,İngilizce,Head,Oyuncu Jenerik,pendikspor,,,,,,
leandro kappel kimdir,TFF 1. Lig,Futbol,Lig,1. Seviye,Çekirdek,Erkek,Kulüp,Takım Sporu,Türkiye,Yerli,Türk Takımı Var,TV+ Yok,Yıllık,Sürekli Lig,Oyuncu Bilgi,Bilgi,Oyuncu,Jenerik,İngilizce,Body,Oyuncu Bilgi,pendikspor,,,,,,
leandro kappel hangi takımda,TFF 1. Lig,Futbol,Lig,1. Seviye,Çekirdek,Erkek,Kulüp,Takım Sporu,Türkiye,Yerli,Türk Takımı Var,TV+ Yok,Yıllık,Sürekli Lig,Oyuncu Bilgi,Bilgi,Oyuncu,Jenerik,Türkçe,Body,Oyuncu Bilgi,pendikspor,,,,,,
leandro kappel istatistik,TFF 1. Lig,Futbol,Lig,1. Seviye,Çekirdek,Erkek,Kulüp,Takım Sporu,Türkiye,Yerli,Türk Takımı Var,TV+ Yok,Yıllık,Sürekli Lig,İstatistik,Bilgi,Oyuncu,Jenerik,İngilizce,Body,İstatistik,pendikspor,,,,,,
endri çekiçi,TFF 1. Lig,Futbol,Lig,1. Seviye,Çekirdek,Erkek,Kulüp,Takım Sporu,Türkiye,Yerli,Türk Takımı Var,TV+ Yok,Yıllık,Sürekli Lig,Oyuncu Jenerik,Bilgi,Oyuncu,Jenerik,Türkçe,Head,Oyuncu Jenerik,pendikspor,,,,,,
endri çekiçi kimdir,TFF 1. Lig,Futbol,Lig,1. Seviye,Çekirdek,Erkek,Kulüp,Takım Sporu,Türkiye,Yerli,Türk Takımı Var,TV+ Yok,Yıllık,Sürekli Lig,Oyuncu Bilgi,Bilgi,Oyuncu,Jenerik,Türkçe,Body,Oyuncu Bilgi,pendikspor,,,,,,
endri çekiçi hangi takımda,TFF 1. Lig,Futbol,Lig,1. Seviye,Çekirdek,Erkek,Kulüp,Takım Sporu,Türkiye,Yerli,Türk Takımı Var,TV+ Yok,Yıllık,Sürekli Lig,Oyuncu Bilgi,Bilgi,Oyuncu,Jenerik,Türkçe,Body,Oyuncu Bilgi,pendikspor,,,,,,
endri çekiçi istatistik,TFF 1. Lig,Futbol,Lig,1. Seviye,Çekirdek,Erkek,Kulüp,Takım Sporu,Türkiye,Yerli,Türk Takımı Var,TV+ Yok,Yıllık,Sürekli Lig,İstatistik,Bilgi,Oyuncu,Jenerik,Türkçe,Body,İstatistik,pendikspor,,,,,,
halil akbunar,TFF 1. Lig,Futbol,Lig,1. Seviye,Çekirdek,Erkek,Kulüp,Takım Sporu,Türkiye,Yerli,Türk Takımı Var,TV+ Yok,Yıllık,Sürekli Lig,Oyuncu Jenerik,Bilgi,Oyuncu,Jenerik,İngilizce,Head,Oyuncu Jenerik,pendikspor,,,,,,
halil akbunar kimdir,TFF 1. Lig,Futbol,Lig,1. Seviye,Çekirdek,Erkek,Kulüp,Takım Sporu,Türkiye,Yerli,Türk Takımı Var,TV+ Yok,Yıllık,Sürekli Lig,Oyuncu Bilgi,Bilgi,Oyuncu,Jenerik,İngilizce,Body,Oyuncu Bilgi,pendikspor,,,,,,
halil akbunar hangi takımda,TFF 1. Lig,Futbol,Lig,1. Seviye,Çekirdek,Erkek,Kulüp,Takım Sporu,Türkiye,Yerli,Türk Takımı Var,TV+ Yok,Yıllık,Sürekli Lig,Oyuncu Bilgi,Bilgi,Oyuncu,Jenerik,Türkçe,Body,Oyuncu Bilgi,pendikspor,,,,,,
halil akbunar istatistik,TFF 1. Lig,Futbol,Lig,1. Seviye,Çekirdek,Erkek,Kulüp,Takım Sporu,Türkiye,Yerli,Türk Takımı Var,TV+ Yok,Yıllık,Sürekli Lig,İstatistik,Bilgi,Oyuncu,Jenerik,İngilizce,Body,İstatistik,pendikspor,,,,,,
murat akça,TFF 1. Lig,Futbol,Lig,1. Seviye,Çekirdek,Erkek,Kulüp,Takım Sporu,Türkiye,Yerli,Türk Takımı Var,TV+ Yok,Yıllık,Sürekli Lig,Oyuncu Jenerik,Bilgi,Oyuncu,Jenerik,Türkçe,Head,Oyuncu Jenerik,pendikspor,,,,,,
murat akça kimdir,TFF 1. Lig,Futbol,Lig,1. Seviye,Çekirdek,Erkek,Kulüp,Takım Sporu,Türkiye,Yerli,Türk Takımı Var,TV+ Yok,Yıllık,Sürekli Lig,Oyuncu Bilgi,Bilgi,Oyuncu,Jenerik,Türkçe,Body,Oyuncu Bilgi,pendikspor,,,,,,
murat akça hangi takımda,TFF 1. Lig,Futbol,Lig,1. Seviye,Çekirdek,Erkek,Kulüp,Takım Sporu,Türkiye,Yerli,Türk Takımı Var,TV+ Yok,Yıllık,Sürekli Lig,Oyuncu Bilgi,Bilgi,Oyuncu,Jenerik,Türkçe,Body,Oyuncu Bilgi,pendikspor,,,,,,
murat akça istatistik,TFF 1. Lig,Futbol,Lig,1. Seviye,Çekirdek,Erkek,Kulüp,Takım Sporu,Türkiye,Yerli,Türk Takımı Var,TV+ Yok,Yıllık,Sürekli Lig,İstatistik,Bilgi,Oyuncu,Jenerik,Türkçe,Body,İstatistik,pendikspor,,,,,,
joher rassoul,TFF 1. Lig,Futbol,Lig,1. Seviye,Çekirdek,Erkek,Kulüp,Takım Sporu,Türkiye,Yerli,Türk Takımı Var,TV+ Yok,Yıllık,Sürekli Lig,Oyuncu Jenerik,Bilgi,Oyuncu,Jenerik,İngilizce,Head,Oyuncu Jenerik,pendikspor,,,,,,
joher rassoul kimdir,TFF 1. Lig,Futbol,Lig,1. Seviye,Çekirdek,Erkek,Kulüp,Takım Sporu,Türkiye,Yerli,Türk Takımı Var,TV+ Yok,Yıllık,Sürekli Lig,Oyuncu Bilgi,Bilgi,Oyuncu,Jenerik,İngilizce,Body,Oyuncu Bilgi,pendikspor,,,,,,
joher rassoul hangi takımda,TFF 1. Lig,Futbol,Lig,1. Seviye,Çekirdek,Erkek,Kulüp,Takım Sporu,Türkiye,Yerli,Türk Takımı Var,TV+ Yok,Yıllık,Sürekli Lig,Oyuncu Bilgi,Bilgi,Oyuncu,Jenerik,Türkçe,Body,Oyuncu Bilgi,pendikspor,,,,,,
joher rassoul istatistik,TFF 1. Lig,Futbol,Lig,1. Seviye,Çekirdek,Erkek,Kulüp,Takım Sporu,Türkiye,Yerli,Türk Takımı Var,TV+ Yok,Yıllık,Sürekli Lig,İstatistik,Bilgi,Oyuncu,Jenerik,İngilizce,Body,İstatistik,pendikspor,,,,,,
fredrik midtsjø,TFF 1. Lig,Futbol,Lig,1. Seviye,Çekirdek,Erkek,Kulüp,Takım Sporu,Türkiye,Yerli,Türk Takımı Var,TV+ Yok,Yıllık,Sürekli Lig,Oyuncu Jenerik,Bilgi,Oyuncu,Jenerik,Türkçe,Head,Oyuncu Jenerik,pendikspor,,,,,,
fredrik midtsjø kimdir,TFF 1. Lig,Futbol,Lig,1. Seviye,Çekirdek,Erkek,Kulüp,Takım Sporu,Türkiye,Yerli,Türk Takımı Var,TV+ Yok,Yıllık,Sürekli Lig,Oyuncu Bilgi,Bilgi,Oyuncu,Jenerik,Türkçe,Body,Oyuncu Bilgi,pendikspor,,,,,,
fredrik midtsjø hangi takımda,TFF 1. Lig,Futbol,Lig,1. Seviye,Çekirdek,Erkek,Kulüp,Takım Sporu,Türkiye,Yerli,Türk Takımı Var,TV+ Yok,Yıllık,Sürekli Lig,Oyuncu Bilgi,Bilgi,Oyuncu,Jenerik,Türkçe,Body,Oyuncu Bilgi,pendikspor,,,,,,
fredrik midtsjø istatistik,TFF 1. Lig,Futbol,Lig,1. Seviye,Çekirdek,Erkek,Kulüp,Takım Sporu,Türkiye,Yerli,Türk Takımı Var,TV+ Yok,Yıllık,Sürekli Lig,İstatistik,Bilgi,Oyuncu,Jenerik,Türkçe,Body,İstatistik,pendikspor,,,,,,
abdoulay diaby,TFF 1. Lig,Futbol,Lig,1. Seviye,Çekirdek,Erkek,Kulüp,Takım Sporu,Türkiye,Yerli,Türk Takımı Var,TV+ Yok,Yıllık,Sürekli Lig,Oyuncu Jenerik,Bilgi,Oyuncu,Jenerik,İngilizce,Head,Oyuncu Jenerik,pendikspor,,,,,,
abdoulay diaby kimdir,TFF 1. Lig,Futbol,Lig,1. Seviye,Çekirdek,Erkek,Kulüp,Takım Sporu,Türkiye,Yerli,Türk Takımı Var,TV+ Yok,Yıllık,Sürekli Lig,Oyuncu Bilgi,Bilgi,Oyuncu,Jenerik,İngilizce,Body,Oyuncu Bilgi,pendikspor,,,,,,
abdoulay diaby hangi takımda,TFF 1. Lig,Futbol,Lig,1. Seviye,Çekirdek,Erkek,Kulüp,Takım Sporu,Türkiye,Yerli,Türk Takımı Var,TV+ Yok,Yıllık,Sürekli Lig,Oyuncu Bilgi,Bilgi,Oyuncu,Jenerik,Türkçe,Body,Oyuncu Bilgi,pendikspor,,,,,,
abdoulay diaby istatistik,TFF 1. Lig,Futbol,Lig,1. Seviye,Çekirdek,Erkek,Kulüp,Takım Sporu,Türkiye,Yerli,Türk Takımı Var,TV+ Yok,Yıllık,Sürekli Lig,İstatistik,Bilgi,Oyuncu,Jenerik,İngilizce,Body,İstatistik,pendikspor,,,,,,
erdem özgenç,TFF 1. Lig,Futbol,Lig,1. Seviye,Çekirdek,Erkek,Kulüp,Takım Sporu,Türkiye,Yerli,Türk Takımı Var,TV+ Yok,Yıllık,Sürekli Lig,Oyuncu Jenerik,Bilgi,Oyuncu,Jenerik,Türkçe,Head,Oyuncu Jenerik,pendikspor,,,,,,
erdem özgenç kimdir,TFF 1. Lig,Futbol,Lig,1. Seviye,Çekirdek,Erkek,Kulüp,Takım Sporu,Türkiye,Yerli,Türk Takımı Var,TV+ Yok,Yıllık,Sürekli Lig,Oyuncu Bilgi,Bilgi,Oyuncu,Jenerik,Türkçe,Body,Oyuncu Bilgi,pendikspor,,,,,,
erdem özgenç hangi takımda,TFF 1. Lig,Futbol,Lig,1. Seviye,Çekirdek,Erkek,Kulüp,Takım Sporu,Türkiye,Yerli,Türk Takımı Var,TV+ Yok,Yıllık,Sürekli Lig,Oyuncu Bilgi,Bilgi,Oyuncu,Jenerik,Türkçe,Body,Oyuncu Bilgi,pendikspor,,,,,,
erdem özgenç istatistik,TFF 1. Lig,Futbol,Lig,1. Seviye,Çekirdek,Erkek,Kulüp,Takım Sporu,Türkiye,Yerli,Türk Takımı Var,TV+ Yok,Yıllık,Sürekli Lig,İstatistik,Bilgi,Oyuncu,Jenerik,Türkçe,Body,İstatistik,pendikspor,,,,,,
alpaslan öztürk,TFF 1. Lig,Futbol,Lig,1. Seviye,Çekirdek,Erkek,Kulüp,Takım Sporu,Türkiye,Yerli,Türk Takımı Var,TV+ Yok,Yıllık,Sürekli Lig,Oyuncu Jenerik,Bilgi,Oyuncu,Jenerik,Türkçe,Head,Oyuncu Jenerik,pendikspor,,,,,,
alpaslan öztürk kimdir,TFF 1. Lig,Futbol,Lig,1. Seviye,Çekirdek,Erkek,Kulüp,Takım Sporu,Türkiye,Yerli,Türk Takımı Var,TV+ Yok,Yıllık,Sürekli Lig,Oyuncu Bilgi,Bilgi,Oyuncu,Jenerik,Türkçe,Body,Oyuncu Bilgi,pendikspor,,,,,,
alpaslan öztürk hangi takımda,TFF 1. Lig,Futbol,Lig,1. Seviye,Çekirdek,Erkek,Kulüp,Takım Sporu,Türkiye,Yerli,Türk Takımı Var,TV+ Yok,Yıllık,Sürekli Lig,Oyuncu Bilgi,Bilgi,Oyuncu,Jenerik,Türkçe,Body,Oyuncu Bilgi,pendikspor,,,,,,
alpaslan öztürk istatistik,TFF 1. Lig,Futbol,Lig,1. Seviye,Çekirdek,Erkek,Kulüp,Takım Sporu,Türkiye,Yerli,Türk Takımı Var,TV+ Yok,Yıllık,Sürekli Lig,İstatistik,Bilgi,Oyuncu,Jenerik,Türkçe,Body,İstatistik,pendikspor,,,,,,
arnaud lusamba,TFF 1. Lig,Futbol,Lig,1. Seviye,Çekirdek,Erkek,Kulüp,Takım Sporu,Türkiye,Yerli,Türk Takımı Var,TV+ Yok,Yıllık,Sürekli Lig,Oyuncu Jenerik,Bilgi,Oyuncu,Jenerik,İngilizce,Head,Oyuncu Jenerik,pendikspor,,,,,,
arnaud lusamba kimdir,TFF 1. Lig,Futbol,Lig,1. Seviye,Çekirdek,Erkek,Kulüp,Takım Sporu,Türkiye,Yerli,Türk Takımı Var,TV+ Yok,Yıllık,Sürekli Lig,Oyuncu Bilgi,Bilgi,Oyuncu,Jenerik,İngilizce,Body,Oyuncu Bilgi,pendikspor,,,,,,
arnaud lusamba hangi takımda,TFF 1. Lig,Futbol,Lig,1. Seviye,Çekirdek,Erkek,Kulüp,Takım Sporu,Türkiye,Yerli,Türk Takımı Var,TV+ Yok,Yıllık,Sürekli Lig,Oyuncu Bilgi,Bilgi,Oyuncu,Jenerik,Türkçe,Body,Oyuncu Bilgi,pendikspor,,,,,,
arnaud lusamba istatistik,TFF 1. Lig,Futbol,Lig,1. Seviye,Çekirdek,Erkek,Kulüp,Takım Sporu,Türkiye,Yerli,Türk Takımı Var,TV+ Yok,Yıllık,Sürekli Lig,İstatistik,Bilgi,Oyuncu,Jenerik,İngilizce,Body,İstatistik,pendikspor,,,,,,
murat akşit,TFF 1. Lig,Futbol,Lig,1. Seviye,Çekirdek,Erkek,Kulüp,Takım Sporu,Türkiye,Yerli,Türk Takımı Var,TV+ Yok,Yıllık,Sürekli Lig,Oyuncu Jenerik,Bilgi,Oyuncu,Jenerik,Türkçe,Head,Oyuncu Jenerik,pendikspor,,,,,,
murat akşit kimdir,TFF 1. Lig,Futbol,Lig,1. Seviye,Çekirdek,Erkek,Kulüp,Takım Sporu,Türkiye,Yerli,Türk Takımı Var,TV+ Yok,Yıllık,Sürekli Lig,Oyuncu Bilgi,Bilgi,Oyuncu,Jenerik,Türkçe,Body,Oyuncu Bilgi,pendikspor,,,,,,
murat akşit hangi takımda,TFF 1. Lig,Futbol,Lig,1. Seviye,Çekirdek,Erkek,Kulüp,Takım Sporu,Türkiye,Yerli,Türk Takımı Var,TV+ Yok,Yıllık,Sürekli Lig,Oyuncu Bilgi,Bilgi,Oyuncu,Jenerik,Türkçe,Body,Oyuncu Bilgi,pendikspor,,,,,,
murat akşit istatistik,TFF 1. Lig,Futbol,Lig,1. Seviye,Çekirdek,Erkek,Kulüp,Takım Sporu,Türkiye,Yerli,Türk Takımı Var,TV+ Yok,Yıllık,Sürekli Lig,İstatistik,Bilgi,Oyuncu,Jenerik,Türkçe,Body,İstatistik,pendikspor,,,,,,
guélor kanga,TFF 1. Lig,Futbol,Lig,1. Seviye,Çekirdek,Erkek,Kulüp,Takım Sporu,Türkiye,Yerli,Türk Takımı Var,TV+ Yok,Yıllık,Sürekli Lig,Oyuncu Jenerik,Bilgi,Oyuncu,Jenerik,Türkçe,Head,Oyuncu Jenerik,esenler erokspor,,,,,,
guélor kanga kimdir,TFF 1. Lig,Futbol,Lig,1. Seviye,Çekirdek,Erkek,Kulüp,Takım Sporu,Türkiye,Yerli,Türk Takımı Var,TV+ Yok,Yıllık,Sürekli Lig,Oyuncu Bilgi,Bilgi,Oyuncu,Jenerik,Türkçe,Body,Oyuncu Bilgi,esenler erokspor,,,,,,
guélor kanga hangi takımda,TFF 1. Lig,Futbol,Lig,1. Seviye,Çekirdek,Erkek,Kulüp,Takım Sporu,Türkiye,Yerli,Türk Takımı Var,TV+ Yok,Yıllık,Sürekli Lig,Oyuncu Bilgi,Bilgi,Oyuncu,Jenerik,Türkçe,Body,Oyuncu Bilgi,esenler erokspor,,,,,,
guélor kanga istatistik,TFF 1. Lig,Futbol,Lig,1. Seviye,Çekirdek,Erkek,Kulüp,Takım Sporu,Türkiye,Yerli,Türk Takımı Var,TV+ Yok,Yıllık,Sürekli Lig,İstatistik,Bilgi,Oyuncu,Jenerik,Türkçe,Body,İstatistik,esenler erokspor,,,,,,
sertan taşqın,TFF 1. Lig,Futbol,Lig,1. Seviye,Çekirdek,Erkek,Kulüp,Takım Sporu,Türkiye,Yerli,Türk Takımı Var,TV+ Yok,Yıllık,Sürekli Lig,Oyuncu Jenerik,Bilgi,Oyuncu,Jenerik,Türkçe,Head,Oyuncu Jenerik,serikspor,,,,,,
sertan taşqın kimdir,TFF 1. Lig,Futbol,Lig,1. Seviye,Çekirdek,Erkek,Kulüp,Takım Sporu,Türkiye,Yerli,Türk Takımı Var,TV+ Yok,Yıllık,Sürekli Lig,Oyuncu Bilgi,Bilgi,Oyuncu,Jenerik,Türkçe,Body,Oyuncu Bilgi,serikspor,,,,,,
sertan taşqın hangi takımda,TFF 1. Lig,Futbol,Lig,1. Seviye,Çekirdek,Erkek,Kulüp,Takım Sporu,Türkiye,Yerli,Türk Takımı Var,TV+ Yok,Yıllık,Sürekli Lig,Oyuncu Bilgi,Bilgi,Oyuncu,Jenerik,Türkçe,Body,Oyuncu Bilgi,serikspor,,,,,,
sertan taşqın istatistik,TFF 1. Lig,Futbol,Lig,1. Seviye,Çekirdek,Erkek,Kulüp,Takım Sporu,Türkiye,Yerli,Türk Takımı Var,TV+ Yok,Yıllık,Sürekli Lig,İstatistik,Bilgi,Oyuncu,Jenerik,Türkçe,Body,İstatistik,serikspor,,,,,,
russian football union,TFF 1. Lig,Futbol,Lig,1. Seviye,Çekirdek,Erkek,Kulüp,Takım Sporu,Türkiye,Yerli,Türk Takımı Var,TV+ Yok,Yıllık,Sürekli Lig,Oyuncu Jenerik,Bilgi,Oyuncu,Jenerik,İngilizce,Body,Oyuncu Jenerik,serikspor,,,,,,
russian football union kimdir,TFF 1. Lig,Futbol,Lig,1. Seviye,Çekirdek,Erkek,Kulüp,Takım Sporu,Türkiye,Yerli,Türk Takımı Var,TV+ Yok,Yıllık,Sürekli Lig,Oyuncu Bilgi,Bilgi,Oyuncu,Jenerik,İngilizce,Body,Oyuncu Bilgi,serikspor,,,,,,
russian football union hangi takımda,TFF 1. Lig,Futbol,Lig,1. Seviye,Çekirdek,Erkek,Kulüp,Takım Sporu,Türkiye,Yerli,Türk Takımı Var,TV+ Yok,Yıllık,Sürekli Lig,Oyuncu Bilgi,Bilgi,Oyuncu,Jenerik,Türkçe,Long-tail,Oyuncu Bilgi,serikspor,,,,,,
russian football union istatistik,TFF 1. Lig,Futbol,Lig,1. Seviye,Çekirdek,Erkek,Kulüp,Takım Sporu,Türkiye,Yerli,Türk Takımı Var,TV+ Yok,Yıllık,Sürekli Lig,İstatistik,Bilgi,Oyuncu,Jenerik,İngilizce,Body,İstatistik,serikspor,,,,,,
i̇brahim demir,TFF 1. Lig,Futbol,Lig,1. Seviye,Çekirdek,Erkek,Kulüp,Takım Sporu,Türkiye,Yerli,Türk Takımı Var,TV+ Yok,Yıllık,Sürekli Lig,Oyuncu Jenerik,Bilgi,Oyuncu,Jenerik,Türkçe,Head,Oyuncu Jenerik,serikspor,,,,,,
i̇brahim demir kimdir,TFF 1. Lig,Futbol,Lig,1. Seviye,Çekirdek,Erkek,Kulüp,Takım Sporu,Türkiye,Yerli,Türk Takımı Var,TV+ Yok,Yıllık,Sürekli Lig,Oyuncu Bilgi,Bilgi,Oyuncu,Jenerik,Türkçe,Body,Oyuncu Bilgi,serikspor,,,,,,
i̇brahim demir hangi takımda,TFF 1. Lig,Futbol,Lig,1. Seviye,Çekirdek,Erkek,Kulüp,Takım Sporu,Türkiye,Yerli,Türk Takımı Var,TV+ Yok,Yıllık,Sürekli Lig,Oyuncu Bilgi,Bilgi,Oyuncu,Jenerik,Türkçe,Body,Oyuncu Bilgi,serikspor,,,,,,
i̇brahim demir istatistik,TFF 1. Lig,Futbol,Lig,1. Seviye,Çekirdek,Erkek,Kulüp,Takım Sporu,Türkiye,Yerli,Türk Takımı Var,TV+ Yok,Yıllık,Sürekli Lig,İstatistik,Bilgi,Oyuncu,Jenerik,Türkçe,Body,İstatistik,serikspor,,,,,,
raymond adeola,TFF 1. Lig,Futbol,Lig,1. Seviye,Çekirdek,Erkek,Kulüp,Takım Sporu,Türkiye,Yerli,Türk Takımı Var,TV+ Yok,Yıllık,Sürekli Lig,Oyuncu Jenerik,Bilgi,Oyuncu,Jenerik,İngilizce,Head,Oyuncu Jenerik,serikspor,,,,,,
raymond adeola kimdir,TFF 1. Lig,Futbol,Lig,1. Seviye,Çekirdek,Erkek,Kulüp,Takım Sporu,Türkiye,Yerli,Türk Takımı Var,TV+ Yok,Yıllık,Sürekli Lig,Oyuncu Bilgi,Bilgi,Oyuncu,Jenerik,İngilizce,Body,Oyuncu Bilgi,serikspor,,,,,,
raymond adeola hangi takımda,TFF 1. Lig,Futbol,Lig,1. Seviye,Çekirdek,Erkek,Kulüp,Takım Sporu,Türkiye,Yerli,Türk Takımı Var,TV+ Yok,Yıllık,Sürekli Lig,Oyuncu Bilgi,Bilgi,Oyuncu,Jenerik,Türkçe,Body,Oyuncu Bilgi,serikspor,,,,,,
raymond adeola istatistik,TFF 1. Lig,Futbol,Lig,1. Seviye,Çekirdek,Erkek,Kulüp,Takım Sporu,Türkiye,Yerli,Türk Takımı Var,TV+ Yok,Yıllık,Sürekli Lig,İstatistik,Bilgi,Oyuncu,Jenerik,İngilizce,Body,İstatistik,serikspor,,,,,,
christian nwachukwu,TFF 1. Lig,Futbol,Lig,1. Seviye,Çekirdek,Erkek,Kulüp,Takım Sporu,Türkiye,Yerli,Türk Takımı Var,TV+ Yok,Yıllık,Sürekli Lig,Oyuncu Jenerik,Bilgi,Oyuncu,Jenerik,İngilizce,Head,Oyuncu Jenerik,serikspor,,,,,,
christian nwachukwu kimdir,TFF 1. Lig,Futbol,Lig,1. Seviye,Çekirdek,Erkek,Kulüp,Takım Sporu,Türkiye,Yerli,Türk Takımı Var,TV+ Yok,Yıllık,Sürekli Lig,Oyuncu Bilgi,Bilgi,Oyuncu,Jenerik,İngilizce,Body,Oyuncu Bilgi,serikspor,,,,,,
christian nwachukwu hangi takımda,TFF 1. Lig,Futbol,Lig,1. Seviye,Çekirdek,Erkek,Kulüp,Takım Sporu,Türkiye,Yerli,Türk Takımı Var,TV+ Yok,Yıllık,Sürekli Lig,Oyuncu Bilgi,Bilgi,Oyuncu,Jenerik,Türkçe,Body,Oyuncu Bilgi,serikspor,,,,,,
christian nwachukwu istatistik,TFF 1. Lig,Futbol,Lig,1. Seviye,Çekirdek,Erkek,Kulüp,Takım Sporu,Türkiye,Yerli,Türk Takımı Var,TV+ Yok,Yıllık,Sürekli Lig,İstatistik,Bilgi,Oyuncu,Jenerik,İngilizce,Body,İstatistik,serikspor,,,,,,
sheffield united f.c.,TFF 1. Lig,Futbol,Lig,1. Seviye,Çekirdek,Erkek,Kulüp,Takım Sporu,Türkiye,Yerli,Türk Takımı Var,TV+ Yok,Yıllık,Sürekli Lig,Oyuncu Jenerik,Bilgi,Oyuncu,Jenerik,İngilizce,Body,Oyuncu Jenerik,serikspor,,,,,,
sheffield united f.c. kimdir,TFF 1. Lig,Futbol,Lig,1. Seviye,Çekirdek,Erkek,Kulüp,Takım Sporu,Türkiye,Yerli,Türk Takımı Var,TV+ Yok,Yıllık,Sürekli Lig,Oyuncu Bilgi,Bilgi,Oyuncu,Jenerik,İngilizce,Body,Oyuncu Bilgi,serikspor,,,,,,
sheffield united f.c. hangi takımda,TFF 1. Lig,Futbol,Lig,1. Seviye,Çekirdek,Erkek,Kulüp,Takım Sporu,Türkiye,Yerli,Türk Takımı Var,TV+ Yok,Yıllık,Sürekli Lig,Oyuncu Bilgi,Bilgi,Oyuncu,Jenerik,Türkçe,Long-tail,Oyuncu Bilgi,serikspor,,,,,,
sheffield united f.c. istatistik,TFF 1. Lig,Futbol,Lig,1. Seviye,Çekirdek,Erkek,Kulüp,Takım Sporu,Türkiye,Yerli,Türk Takımı Var,TV+ Yok,Yıllık,Sürekli Lig,İstatistik,Bilgi,Oyuncu,Jenerik,İngilizce,Body,İstatistik,serikspor,,,,,,
lev skvortsov,TFF 1. Lig,Futbol,Lig,1. Seviye,Çekirdek,Erkek,Kulüp,Takım Sporu,Türkiye,Yerli,Türk Takımı Var,TV+ Yok,Yıllık,Sürekli Lig,Oyuncu Jenerik,Bilgi,Oyuncu,Jenerik,İngilizce,Head,Oyuncu Jenerik,serikspor,,,,,,
lev skvortsov kimdir,TFF 1. Lig,Futbol,Lig,1. Seviye,Çekirdek,Erkek,Kulüp,Takım Sporu,Türkiye,Yerli,Türk Takımı Var,TV+ Yok,Yıllık,Sürekli Lig,Oyuncu Bilgi,Bilgi,Oyuncu,Jenerik,İngilizce,Body,Oyuncu Bilgi,serikspor,,,,,,
lev skvortsov hangi takımda,TFF 1. Lig,Futbol,Lig,1. Seviye,Çekirdek,Erkek,Kulüp,Takım Sporu,Türkiye,Yerli,Türk Takımı Var,TV+ Yok,Yıllık,Sürekli Lig,Oyuncu Bilgi,Bilgi,Oyuncu,Jenerik,Türkçe,Body,Oyuncu Bilgi,serikspor,,,,,,
lev skvortsov istatistik,TFF 1. Lig,Futbol,Lig,1. Seviye,Çekirdek,Erkek,Kulüp,Takım Sporu,Türkiye,Yerli,Türk Takımı Var,TV+ Yok,Yıllık,Sürekli Lig,İstatistik,Bilgi,Oyuncu,Jenerik,İngilizce,Body,İstatistik,serikspor,,,,,,
joseph okoro,TFF 1. Lig,Futbol,Lig,1. Seviye,Çekirdek,Erkek,Kulüp,Takım Sporu,Türkiye,Yerli,Türk Takımı Var,TV+ Yok,Yıllık,Sürekli Lig,Oyuncu Jenerik,Bilgi,Oyuncu,Jenerik,İngilizce,Head,Oyuncu Jenerik,serikspor,,,,,,
joseph okoro kimdir,TFF 1. Lig,Futbol,Lig,1. Seviye,Çekirdek,Erkek,Kulüp,Takım Sporu,Türkiye,Yerli,Türk Takımı Var,TV+ Yok,Yıllık,Sürekli Lig,Oyuncu Bilgi,Bilgi,Oyuncu,Jenerik,İngilizce,Body,Oyuncu Bilgi,serikspor,,,,,,
joseph okoro hangi takımda,TFF 1. Lig,Futbol,Lig,1. Seviye,Çekirdek,Erkek,Kulüp,Takım Sporu,Türkiye,Yerli,Türk Takımı Var,TV+ Yok,Yıllık,Sürekli Lig,Oyuncu Bilgi,Bilgi,Oyuncu,Jenerik,Türkçe,Body,Oyuncu Bilgi,serikspor,,,,,,
joseph okoro istatistik,TFF 1. Lig,Futbol,Lig,1. Seviye,Çekirdek,Erkek,Kulüp,Takım Sporu,Türkiye,Yerli,Türk Takımı Var,TV+ Yok,Yıllık,Sürekli Lig,İstatistik,Bilgi,Oyuncu,Jenerik,İngilizce,Body,İstatistik,serikspor,,,,,,
emre nefiz,TFF 1. Lig,Futbol,Lig,1. Seviye,Çekirdek,Erkek,Kulüp,Takım Sporu,Türkiye,Yerli,Türk Takımı Var,TV+ Yok,Yıllık,Sürekli Lig,Oyuncu Jenerik,Bilgi,Oyuncu,Jenerik,İngilizce,Head,Oyuncu Jenerik,serikspor,,,,,,
emre nefiz kimdir,TFF 1. Lig,Futbol,Lig,1. Seviye,Çekirdek,Erkek,Kulüp,Takım Sporu,Türkiye,Yerli,Türk Takımı Var,TV+ Yok,Yıllık,Sürekli Lig,Oyuncu Bilgi,Bilgi,Oyuncu,Jenerik,İngilizce,Body,Oyuncu Bilgi,serikspor,,,,,,
emre nefiz hangi takımda,TFF 1. Lig,Futbol,Lig,1. Seviye,Çekirdek,Erkek,Kulüp,Takım Sporu,Türkiye,Yerli,Türk Takımı Var,TV+ Yok,Yıllık,Sürekli Lig,Oyuncu Bilgi,Bilgi,Oyuncu,Jenerik,Türkçe,Body,Oyuncu Bilgi,serikspor,,,,,,
emre nefiz istatistik,TFF 1. Lig,Futbol,Lig,1. Seviye,Çekirdek,Erkek,Kulüp,Takım Sporu,Türkiye,Yerli,Türk Takımı Var,TV+ Yok,Yıllık,Sürekli Lig,İstatistik,Bilgi,Oyuncu,Jenerik,İngilizce,Body,İstatistik,serikspor,,,,,,
anıl koç,TFF 1. Lig,Futbol,Lig,1. Seviye,Çekirdek,Erkek,Kulüp,Takım Sporu,Türkiye,Yerli,Türk Takımı Var,TV+ Yok,Yıllık,Sürekli Lig,Oyuncu Jenerik,Bilgi,Oyuncu,Jenerik,Türkçe,Head,Oyuncu Jenerik,serikspor,,,,,,
anıl koç kimdir,TFF 1. Lig,Futbol,Lig,1. Seviye,Çekirdek,Erkek,Kulüp,Takım Sporu,Türkiye,Yerli,Türk Takımı Var,TV+ Yok,Yıllık,Sürekli Lig,Oyuncu Bilgi,Bilgi,Oyuncu,Jenerik,Türkçe,Body,Oyuncu Bilgi,serikspor,,,,,,
anıl koç hangi takımda,TFF 1. Lig,Futbol,Lig,1. Seviye,Çekirdek,Erkek,Kulüp,Takım Sporu,Türkiye,Yerli,Türk Takımı Var,TV+ Yok,Yıllık,Sürekli Lig,Oyuncu Bilgi,Bilgi,Oyuncu,Jenerik,Türkçe,Body,Oyuncu Bilgi,serikspor,,,,,,
anıl koç istatistik,TFF 1. Lig,Futbol,Lig,1. Seviye,Çekirdek,Erkek,Kulüp,Takım Sporu,Türkiye,Yerli,Türk Takımı Var,TV+ Yok,Yıllık,Sürekli Lig,İstatistik,Bilgi,Oyuncu,Jenerik,Türkçe,Body,İstatistik,serikspor,,,,,,
jetmir topalli,TFF 1. Lig,Futbol,Lig,1. Seviye,Çekirdek,Erkek,Kulüp,Takım Sporu,Türkiye,Yerli,Türk Takımı Var,TV+ Yok,Yıllık,Sürekli Lig,Oyuncu Jenerik,Bilgi,Oyuncu,Jenerik,İngilizce,Head,Oyuncu Jenerik,serikspor,,,,,,
jetmir topalli kimdir,TFF 1. Lig,Futbol,Lig,1. Seviye,Çekirdek,Erkek,Kulüp,Takım Sporu,Türkiye,Yerli,Türk Takımı Var,TV+ Yok,Yıllık,Sürekli Lig,Oyuncu Bilgi,Bilgi,Oyuncu,Jenerik,İngilizce,Body,Oyuncu Bilgi,serikspor,,,,,,
jetmir topalli hangi takımda,TFF 1. Lig,Futbol,Lig,1. Seviye,Çekirdek,Erkek,Kulüp,Takım Sporu,Türkiye,Yerli,Türk Takımı Var,TV+ Yok,Yıllık,Sürekli Lig,Oyuncu Bilgi,Bilgi,Oyuncu,Jenerik,Türkçe,Body,Oyuncu Bilgi,serikspor,,,,,,
jetmir topalli istatistik,TFF 1. Lig,Futbol,Lig,1. Seviye,Çekirdek,Erkek,Kulüp,Takım Sporu,Türkiye,Yerli,Türk Takımı Var,TV+ Yok,Yıllık,Sürekli Lig,İstatistik,Bilgi,Oyuncu,Jenerik,İngilizce,Body,İstatistik,serikspor,,,,,,
rui pedro,TFF 1. Lig,Futbol,Lig,1. Seviye,Çekirdek,Erkek,Kulüp,Takım Sporu,Türkiye,Yerli,Türk Takımı Var,TV+ Yok,Yıllık,Sürekli Lig,Oyuncu Jenerik,Bilgi,Oyuncu,Jenerik,İngilizce,Head,Oyuncu Jenerik,hatayspor,,,,,,
rui pedro kimdir,TFF 1. Lig,Futbol,Lig,1. Seviye,Çekirdek,Erkek,Kulüp,Takım Sporu,Türkiye,Yerli,Türk Takımı Var,TV+ Yok,Yıllık,Sürekli Lig,Oyuncu Bilgi,Bilgi,Oyuncu,Jenerik,İngilizce,Body,Oyuncu Bilgi,hatayspor,,,,,,
rui pedro hangi takımda,TFF 1. Lig,Futbol,Lig,1. Seviye,Çekirdek,Erkek,Kulüp,Takım Sporu,Türkiye,Yerli,Türk Takımı Var,TV+ Yok,Yıllık,Sürekli Lig,Oyuncu Bilgi,Bilgi,Oyuncu,Jenerik,Türkçe,Body,Oyuncu Bilgi,hatayspor,,,,,,
rui pedro istatistik,TFF 1. Lig,Futbol,Lig,1. Seviye,Çekirdek,Erkek,Kulüp,Takım Sporu,Türkiye,Yerli,Türk Takımı Var,TV+ Yok,Yıllık,Sürekli Lig,İstatistik,Bilgi,Oyuncu,Jenerik,İngilizce,Body,İstatistik,hatayspor,,,,,,
armin hodžić,TFF 1. Lig,Futbol,Lig,1. Seviye,Çekirdek,Erkek,Kulüp,Takım Sporu,Türkiye,Yerli,Türk Takımı Var,TV+ Yok,Yıllık,Sürekli Lig,Oyuncu Jenerik,Bilgi,Oyuncu,Jenerik,Türkçe,Head,Oyuncu Jenerik,hatayspor,,,,,,
armin hodžić kimdir,TFF 1. Lig,Futbol,Lig,1. Seviye,Çekirdek,Erkek,Kulüp,Takım Sporu,Türkiye,Yerli,Türk Takımı Var,TV+ Yok,Yıllık,Sürekli Lig,Oyuncu Bilgi,Bilgi,Oyuncu,Jenerik,Türkçe,Body,Oyuncu Bilgi,hatayspor,,,,,,
armin hodžić hangi takımda,TFF 1. Lig,Futbol,Lig,1. Seviye,Çekirdek,Erkek,Kulüp,Takım Sporu,Türkiye,Yerli,Türk Takımı Var,TV+ Yok,Yıllık,Sürekli Lig,Oyuncu Bilgi,Bilgi,Oyuncu,Jenerik,Türkçe,Body,Oyuncu Bilgi,hatayspor,,,,,,
armin hodžić istatistik,TFF 1. Lig,Futbol,Lig,1. Seviye,Çekirdek,Erkek,Kulüp,Takım Sporu,Türkiye,Yerli,Türk Takımı Var,TV+ Yok,Yıllık,Sürekli Lig,İstatistik,Bilgi,Oyuncu,Jenerik,Türkçe,Body,İstatistik,hatayspor,,,,,,
veljko simić kimdir,TFF 1. Lig,Futbol,Lig,1. Seviye,Çekirdek,Erkek,Kulüp,Takım Sporu,Türkiye,Yerli,Türk Takımı Var,TV+ Yok,Yıllık,Sürekli Lig,Oyuncu Bilgi,Bilgi,Oyuncu,Jenerik,Türkçe,Body,Oyuncu Bilgi,sivasspor,,,,,,
veljko simić hangi takımda,TFF 1. Lig,Futbol,Lig,1. Seviye,Çekirdek,Erkek,Kulüp,Takım Sporu,Türkiye,Yerli,Türk Takımı Var,TV+ Yok,Yıllık,Sürekli Lig,Oyuncu Bilgi,Bilgi,Oyuncu,Jenerik,Türkçe,Body,Oyuncu Bilgi,sivasspor,,,,,,
veljko simić istatistik,TFF 1. Lig,Futbol,Lig,1. Seviye,Çekirdek,Erkek,Kulüp,Takım Sporu,Türkiye,Yerli,Türk Takımı Var,TV+ Yok,Yıllık,Sürekli Lig,İstatistik,Bilgi,Oyuncu,Jenerik,Türkçe,Body,İstatistik,sivasspor,,,,,,
ilian iliev,TFF 1. Lig,Futbol,Lig,1. Seviye,Çekirdek,Erkek,Kulüp,Takım Sporu,Türkiye,Yerli,Türk Takımı Var,TV+ Yok,Yıllık,Sürekli Lig,Oyuncu Jenerik,Bilgi,Oyuncu,Jenerik,İngilizce,Head,Oyuncu Jenerik,istanbulspor,,,,,,
ilian iliev kimdir,TFF 1. Lig,Futbol,Lig,1. Seviye,Çekirdek,Erkek,Kulüp,Takım Sporu,Türkiye,Yerli,Türk Takımı Var,TV+ Yok,Yıllık,Sürekli Lig,Oyuncu Bilgi,Bilgi,Oyuncu,Jenerik,İngilizce,Body,Oyuncu Bilgi,istanbulspor,,,,,,
ilian iliev hangi takımda,TFF 1. Lig,Futbol,Lig,1. Seviye,Çekirdek,Erkek,Kulüp,Takım Sporu,Türkiye,Yerli,Türk Takımı Var,TV+ Yok,Yıllık,Sürekli Lig,Oyuncu Bilgi,Bilgi,Oyuncu,Jenerik,Türkçe,Body,Oyuncu Bilgi,istanbulspor,,,,,,
ilian iliev istatistik,TFF 1. Lig,Futbol,Lig,1. Seviye,Çekirdek,Erkek,Kulüp,Takım Sporu,Türkiye,Yerli,Türk Takımı Var,TV+ Yok,Yıllık,Sürekli Lig,İstatistik,Bilgi,Oyuncu,Jenerik,İngilizce,Body,İstatistik,istanbulspor,,,,,,
elvin mendy,TFF 1. Lig,Futbol,Lig,1. Seviye,Çekirdek,Erkek,Kulüp,Takım Sporu,Türkiye,Yerli,Türk Takımı Var,TV+ Yok,Yıllık,Sürekli Lig,Oyuncu Jenerik,Bilgi,Oyuncu,Jenerik,İngilizce,Head,Oyuncu Jenerik,istanbulspor,,,,,,
elvin mendy kimdir,TFF 1. Lig,Futbol,Lig,1. Seviye,Çekirdek,Erkek,Kulüp,Takım Sporu,Türkiye,Yerli,Türk Takımı Var,TV+ Yok,Yıllık,Sürekli Lig,Oyuncu Bilgi,Bilgi,Oyuncu,Jenerik,İngilizce,Body,Oyuncu Bilgi,istanbulspor,,,,,,
elvin mendy hangi takımda,TFF 1. Lig,Futbol,Lig,1. Seviye,Çekirdek,Erkek,Kulüp,Takım Sporu,Türkiye,Yerli,Türk Takımı Var,TV+ Yok,Yıllık,Sürekli Lig,Oyuncu Bilgi,Bilgi,Oyuncu,Jenerik,Türkçe,Body,Oyuncu Bilgi,istanbulspor,,,,,,
elvin mendy istatistik,TFF 1. Lig,Futbol,Lig,1. Seviye,Çekirdek,Erkek,Kulüp,Takım Sporu,Türkiye,Yerli,Türk Takımı Var,TV+ Yok,Yıllık,Sürekli Lig,İstatistik,Bilgi,Oyuncu,Jenerik,İngilizce,Body,İstatistik,istanbulspor,,,,,,
erdem seçgin,TFF 1. Lig,Futbol,Lig,1. Seviye,Çekirdek,Erkek,Kulüp,Takım Sporu,Türkiye,Yerli,Türk Takımı Var,TV+ Yok,Yıllık,Sürekli Lig,Oyuncu Jenerik,Bilgi,Oyuncu,Jenerik,Türkçe,Head,Oyuncu Jenerik,istanbulspor,,,,,,
erdem seçgin kimdir,TFF 1. Lig,Futbol,Lig,1. Seviye,Çekirdek,Erkek,Kulüp,Takım Sporu,Türkiye,Yerli,Türk Takımı Var,TV+ Yok,Yıllık,Sürekli Lig,Oyuncu Bilgi,Bilgi,Oyuncu,Jenerik,Türkçe,Body,Oyuncu Bilgi,istanbulspor,,,,,,
erdem seçgin hangi takımda,TFF 1. Lig,Futbol,Lig,1. Seviye,Çekirdek,Erkek,Kulüp,Takım Sporu,Türkiye,Yerli,Türk Takımı Var,TV+ Yok,Yıllık,Sürekli Lig,Oyuncu Bilgi,Bilgi,Oyuncu,Jenerik,Türkçe,Body,Oyuncu Bilgi,istanbulspor,,,,,,
erdem seçgin istatistik,TFF 1. Lig,Futbol,Lig,1. Seviye,Çekirdek,Erkek,Kulüp,Takım Sporu,Türkiye,Yerli,Türk Takımı Var,TV+ Yok,Yıllık,Sürekli Lig,İstatistik,Bilgi,Oyuncu,Jenerik,Türkçe,Body,İstatistik,istanbulspor,,,,,,
muhlis dağaşan,TFF 1. Lig,Futbol,Lig,1. Seviye,Çekirdek,Erkek,Kulüp,Takım Sporu,Türkiye,Yerli,Türk Takımı Var,TV+ Yok,Yıllık,Sürekli Lig,Oyuncu Jenerik,Bilgi,Oyuncu,Jenerik,Türkçe,Head,Oyuncu Jenerik,istanbulspor,,,,,,
muhlis dağaşan kimdir,TFF 1. Lig,Futbol,Lig,1. Seviye,Çekirdek,Erkek,Kulüp,Takım Sporu,Türkiye,Yerli,Türk Takımı Var,TV+ Yok,Yıllık,Sürekli Lig,Oyuncu Bilgi,Bilgi,Oyuncu,Jenerik,Türkçe,Body,Oyuncu Bilgi,istanbulspor,,,,,,
muhlis dağaşan hangi takımda,TFF 1. Lig,Futbol,Lig,1. Seviye,Çekirdek,Erkek,Kulüp,Takım Sporu,Türkiye,Yerli,Türk Takımı Var,TV+ Yok,Yıllık,Sürekli Lig,Oyuncu Bilgi,Bilgi,Oyuncu,Jenerik,Türkçe,Body,Oyuncu Bilgi,istanbulspor,,,,,,
muhlis dağaşan istatistik,TFF 1. Lig,Futbol,Lig,1. Seviye,Çekirdek,Erkek,Kulüp,Takım Sporu,Türkiye,Yerli,Türk Takımı Var,TV+ Yok,Yıllık,Sürekli Lig,İstatistik,Bilgi,Oyuncu,Jenerik,Türkçe,Body,İstatistik,istanbulspor,,,,,,
erkan değişmez,TFF 1. Lig,Futbol,Lig,1. Seviye,Çekirdek,Erkek,Kulüp,Takım Sporu,Türkiye,Yerli,Türk Takımı Var,TV+ Yok,Yıllık,Sürekli Lig,Oyuncu Jenerik,Bilgi,Oyuncu,Jenerik,Türkçe,Head,Oyuncu Jenerik,bodrum fk,,,,,,
erkan değişmez kimdir,TFF 1. Lig,Futbol,Lig,1. Seviye,Çekirdek,Erkek,Kulüp,Takım Sporu,Türkiye,Yerli,Türk Takımı Var,TV+ Yok,Yıllık,Sürekli Lig,Oyuncu Bilgi,Bilgi,Oyuncu,Jenerik,Türkçe,Body,Oyuncu Bilgi,bodrum fk,,,,,,
erkan değişmez hangi takımda,TFF 1. Lig,Futbol,Lig,1. Seviye,Çekirdek,Erkek,Kulüp,Takım Sporu,Türkiye,Yerli,Türk Takımı Var,TV+ Yok,Yıllık,Sürekli Lig,Oyuncu Bilgi,Bilgi,Oyuncu,Jenerik,Türkçe,Body,Oyuncu Bilgi,bodrum fk,,,,,,
erkan değişmez istatistik,TFF 1. Lig,Futbol,Lig,1. Seviye,Çekirdek,Erkek,Kulüp,Takım Sporu,Türkiye,Yerli,Türk Takımı Var,TV+ Yok,Yıllık,Sürekli Lig,İstatistik,Bilgi,Oyuncu,Jenerik,Türkçe,Body,İstatistik,bodrum fk,,,,,,
zdravko dimitrov,TFF 1. Lig,Futbol,Lig,1. Seviye,Çekirdek,Erkek,Kulüp,Takım Sporu,Türkiye,Yerli,Türk Takımı Var,TV+ Yok,Yıllık,Sürekli Lig,Oyuncu Jenerik,Bilgi,Oyuncu,Jenerik,İngilizce,Head,Oyuncu Jenerik,bodrum fk,,,,,,
zdravko dimitrov kimdir,TFF 1. Lig,Futbol,Lig,1. Seviye,Çekirdek,Erkek,Kulüp,Takım Sporu,Türkiye,Yerli,Türk Takımı Var,TV+ Yok,Yıllık,Sürekli Lig,Oyuncu Bilgi,Bilgi,Oyuncu,Jenerik,İngilizce,Body,Oyuncu Bilgi,bodrum fk,,,,,,
zdravko dimitrov hangi takımda,TFF 1. Lig,Futbol,Lig,1. Seviye,Çekirdek,Erkek,Kulüp,Takım Sporu,Türkiye,Yerli,Türk Takımı Var,TV+ Yok,Yıllık,Sürekli Lig,Oyuncu Bilgi,Bilgi,Oyuncu,Jenerik,Türkçe,Body,Oyuncu Bilgi,bodrum fk,,,,,,
zdravko dimitrov istatistik,TFF 1. Lig,Futbol,Lig,1. Seviye,Çekirdek,Erkek,Kulüp,Takım Sporu,Türkiye,Yerli,Türk Takımı Var,TV+ Yok,Yıllık,Sürekli Lig,İstatistik,Bilgi,Oyuncu,Jenerik,İngilizce,Body,İstatistik,bodrum fk,,,,,,
george pușcaș,TFF 1. Lig,Futbol,Lig,1. Seviye,Çekirdek,Erkek,Kulüp,Takım Sporu,Türkiye,Yerli,Türk Takımı Var,TV+ Yok,Yıllık,Sürekli Lig,Oyuncu Jenerik,Bilgi,Oyuncu,Jenerik,Türkçe,Head,Oyuncu Jenerik,bodrum fk,,,,,,
george pușcaș kimdir,TFF 1. Lig,Futbol,Lig,1. Seviye,Çekirdek,Erkek,Kulüp,Takım Sporu,Türkiye,Yerli,Türk Takımı Var,TV+ Yok,Yıllık,Sürekli Lig,Oyuncu Bilgi,Bilgi,Oyuncu,Jenerik,Türkçe,Body,Oyuncu Bilgi,bodrum fk,,,,,,
george pușcaș hangi takımda,TFF 1. Lig,Futbol,Lig,1. Seviye,Çekirdek,Erkek,Kulüp,Takım Sporu,Türkiye,Yerli,Türk Takımı Var,TV+ Yok,Yıllık,Sürekli Lig,Oyuncu Bilgi,Bilgi,Oyuncu,Jenerik,Türkçe,Body,Oyuncu Bilgi,bodrum fk,,,,,,
george pușcaș istatistik,TFF 1. Lig,Futbol,Lig,1. Seviye,Çekirdek,Erkek,Kulüp,Takım Sporu,Türkiye,Yerli,Türk Takımı Var,TV+ Yok,Yıllık,Sürekli Lig,İstatistik,Bilgi,Oyuncu,Jenerik,Türkçe,Body,İstatistik,bodrum fk,,,,,,
pedro brazão,TFF 1. Lig,Futbol,Lig,1. Seviye,Çekirdek,Erkek,Kulüp,Takım Sporu,Türkiye,Yerli,Türk Takımı Var,TV+ Yok,Yıllık,Sürekli Lig,Oyuncu Jenerik,Bilgi,Oyuncu,Jenerik,Türkçe,Head,Oyuncu Jenerik,bodrum fk,,,,,,
pedro brazão kimdir,TFF 1. Lig,Futbol,Lig,1. Seviye,Çekirdek,Erkek,Kulüp,Takım Sporu,Türkiye,Yerli,Türk Takımı Var,TV+ Yok,Yıllık,Sürekli Lig,Oyuncu Bilgi,Bilgi,Oyuncu,Jenerik,Türkçe,Body,Oyuncu Bilgi,bodrum fk,,,,,,
pedro brazão hangi takımda,TFF 1. Lig,Futbol,Lig,1. Seviye,Çekirdek,Erkek,Kulüp,Takım Sporu,Türkiye,Yerli,Türk Takımı Var,TV+ Yok,Yıllık,Sürekli Lig,Oyuncu Bilgi,Bilgi,Oyuncu,Jenerik,Türkçe,Body,Oyuncu Bilgi,bodrum fk,,,,,,
pedro brazão istatistik,TFF 1. Lig,Futbol,Lig,1. Seviye,Çekirdek,Erkek,Kulüp,Takım Sporu,Türkiye,Yerli,Türk Takımı Var,TV+ Yok,Yıllık,Sürekli Lig,İstatistik,Bilgi,Oyuncu,Jenerik,Türkçe,Body,İstatistik,bodrum fk,,,,,,
üzeyir ergün,TFF 1. Lig,Futbol,Lig,1. Seviye,Çekirdek,Erkek,Kulüp,Takım Sporu,Türkiye,Yerli,Türk Takımı Var,TV+ Yok,Yıllık,Sürekli Lig,Oyuncu Jenerik,Bilgi,Oyuncu,Jenerik,Türkçe,Head,Oyuncu Jenerik,bodrum fk,,,,,,
üzeyir ergün kimdir,TFF 1. Lig,Futbol,Lig,1. Seviye,Çekirdek,Erkek,Kulüp,Takım Sporu,Türkiye,Yerli,Türk Takımı Var,TV+ Yok,Yıllık,Sürekli Lig,Oyuncu Bilgi,Bilgi,Oyuncu,Jenerik,Türkçe,Body,Oyuncu Bilgi,bodrum fk,,,,,,
üzeyir ergün hangi takımda,TFF 1. Lig,Futbol,Lig,1. Seviye,Çekirdek,Erkek,Kulüp,Takım Sporu,Türkiye,Yerli,Türk Takımı Var,TV+ Yok,Yıllık,Sürekli Lig,Oyuncu Bilgi,Bilgi,Oyuncu,Jenerik,Türkçe,Body,Oyuncu Bilgi,bodrum fk,,,,,,
üzeyir ergün istatistik,TFF 1. Lig,Futbol,Lig,1. Seviye,Çekirdek,Erkek,Kulüp,Takım Sporu,Türkiye,Yerli,Türk Takımı Var,TV+ Yok,Yıllık,Sürekli Lig,İstatistik,Bilgi,Oyuncu,Jenerik,Türkçe,Body,İstatistik,bodrum fk,,,,,,
christophe hérelle,TFF 1. Lig,Futbol,Lig,1. Seviye,Çekirdek,Erkek,Kulüp,Takım Sporu,Türkiye,Yerli,Türk Takımı Var,TV+ Yok,Yıllık,Sürekli Lig,Oyuncu Jenerik,Bilgi,Oyuncu,Jenerik,Türkçe,Head,Oyuncu Jenerik,bodrum fk,,,,,,
christophe hérelle kimdir,TFF 1. Lig,Futbol,Lig,1. Seviye,Çekirdek,Erkek,Kulüp,Takım Sporu,Türkiye,Yerli,Türk Takımı Var,TV+ Yok,Yıllık,Sürekli Lig,Oyuncu Bilgi,Bilgi,Oyuncu,Jenerik,Türkçe,Body,Oyuncu Bilgi,bodrum fk,,,,,,
christophe hérelle hangi takımda,TFF 1. Lig,Futbol,Lig,1. Seviye,Çekirdek,Erkek,Kulüp,Takım Sporu,Türkiye,Yerli,Türk Takımı Var,TV+ Yok,Yıllık,Sürekli Lig,Oyuncu Bilgi,Bilgi,Oyuncu,Jenerik,Türkçe,Body,Oyuncu Bilgi,bodrum fk,,,,,,
christophe hérelle istatistik,TFF 1. Lig,Futbol,Lig,1. Seviye,Çekirdek,Erkek,Kulüp,Takım Sporu,Türkiye,Yerli,Türk Takımı Var,TV+ Yok,Yıllık,Sürekli Lig,İstatistik,Bilgi,Oyuncu,Jenerik,Türkçe,Body,İstatistik,bodrum fk,,,,,,
ondřej čelůstka,TFF 1. Lig,Futbol,Lig,1. Seviye,Çekirdek,Erkek,Kulüp,Takım Sporu,Türkiye,Yerli,Türk Takımı Var,TV+ Yok,Yıllık,Sürekli Lig,Oyuncu Jenerik,Bilgi,Oyuncu,Jenerik,Türkçe,Head,Oyuncu Jenerik,bodrum fk,,,,,,
ondřej čelůstka kimdir,TFF 1. Lig,Futbol,Lig,1. Seviye,Çekirdek,Erkek,Kulüp,Takım Sporu,Türkiye,Yerli,Türk Takımı Var,TV+ Yok,Yıllık,Sürekli Lig,Oyuncu Bilgi,Bilgi,Oyuncu,Jenerik,Türkçe,Body,Oyuncu Bilgi,bodrum fk,,,,,,
ondřej čelůstka hangi takımda,TFF 1. Lig,Futbol,Lig,1. Seviye,Çekirdek,Erkek,Kulüp,Takım Sporu,Türkiye,Yerli,Türk Takımı Var,TV+ Yok,Yıllık,Sürekli Lig,Oyuncu Bilgi,Bilgi,Oyuncu,Jenerik,Türkçe,Body,Oyuncu Bilgi,bodrum fk,,,,,,
ondřej čelůstka istatistik,TFF 1. Lig,Futbol,Lig,1. Seviye,Çekirdek,Erkek,Kulüp,Takım Sporu,Türkiye,Yerli,Türk Takımı Var,TV+ Yok,Yıllık,Sürekli Lig,İstatistik,Bilgi,Oyuncu,Jenerik,Türkçe,Body,İstatistik,bodrum fk,,,,,,
sami i̇zcican,TFF 1. Lig,Futbol,Lig,1. Seviye,Çekirdek,Erkek,Kulüp,Takım Sporu,Türkiye,Yerli,Türk Takımı Var,TV+ Yok,Yıllık,Sürekli Lig,Oyuncu Jenerik,Bilgi,Oyuncu,Jenerik,Türkçe,Head,Oyuncu Jenerik,şanlıurfaspor,,,,,,
sami i̇zcican kimdir,TFF 1. Lig,Futbol,Lig,1. Seviye,Çekirdek,Erkek,Kulüp,Takım Sporu,Türkiye,Yerli,Türk Takımı Var,TV+ Yok,Yıllık,Sürekli Lig,Oyuncu Bilgi,Bilgi,Oyuncu,Jenerik,Türkçe,Body,Oyuncu Bilgi,şanlıurfaspor,,,,,,
sami i̇zcican hangi takımda,TFF 1. Lig,Futbol,Lig,1. Seviye,Çekirdek,Erkek,Kulüp,Takım Sporu,Türkiye,Yerli,Türk Takımı Var,TV+ Yok,Yıllık,Sürekli Lig,Oyuncu Bilgi,Bilgi,Oyuncu,Jenerik,Türkçe,Body,Oyuncu Bilgi,şanlıurfaspor,,,,,,
sami i̇zcican istatistik,TFF 1. Lig,Futbol,Lig,1. Seviye,Çekirdek,Erkek,Kulüp,Takım Sporu,Türkiye,Yerli,Türk Takımı Var,TV+ Yok,Yıllık,Sürekli Lig,İstatistik,Bilgi,Oyuncu,Jenerik,Türkçe,Body,İstatistik,şanlıurfaspor,,,,,,
i̇brahim yavuz,TFF 1. Lig,Futbol,Lig,1. Seviye,Çekirdek,Erkek,Kulüp,Takım Sporu,Türkiye,Yerli,Türk Takımı Var,TV+ Yok,Yıllık,Sürekli Lig,Oyuncu Jenerik,Bilgi,Oyuncu,Jenerik,Türkçe,Head,Oyuncu Jenerik,şanlıurfaspor,,,,,,
i̇brahim yavuz kimdir,TFF 1. Lig,Futbol,Lig,1. Seviye,Çekirdek,Erkek,Kulüp,Takım Sporu,Türkiye,Yerli,Türk Takımı Var,TV+ Yok,Yıllık,Sürekli Lig,Oyuncu Bilgi,Bilgi,Oyuncu,Jenerik,Türkçe,Body,Oyuncu Bilgi,şanlıurfaspor,,,,,,
i̇brahim yavuz hangi takımda,TFF 1. Lig,Futbol,Lig,1. Seviye,Çekirdek,Erkek,Kulüp,Takım Sporu,Türkiye,Yerli,Türk Takımı Var,TV+ Yok,Yıllık,Sürekli Lig,Oyuncu Bilgi,Bilgi,Oyuncu,Jenerik,Türkçe,Body,Oyuncu Bilgi,şanlıurfaspor,,,,,,
i̇brahim yavuz istatistik,TFF 1. Lig,Futbol,Lig,1. Seviye,Çekirdek,Erkek,Kulüp,Takım Sporu,Türkiye,Yerli,Türk Takımı Var,TV+ Yok,Yıllık,Sürekli Lig,İstatistik,Bilgi,Oyuncu,Jenerik,Türkçe,Body,İstatistik,şanlıurfaspor,,,,,,
i̇zzet kaya,TFF 1. Lig,Futbol,Lig,1. Seviye,Çekirdek,Erkek,Kulüp,Takım Sporu,Türkiye,Yerli,Türk Takımı Var,TV+ Yok,Yıllık,Sürekli Lig,Oyuncu Jenerik,Bilgi,Oyuncu,Jenerik,Türkçe,Head,Oyuncu Jenerik,şanlıurfaspor,,,,,,
i̇zzet kaya kimdir,TFF 1. Lig,Futbol,Lig,1. Seviye,Çekirdek,Erkek,Kulüp,Takım Sporu,Türkiye,Yerli,Türk Takımı Var,TV+ Yok,Yıllık,Sürekli Lig,Oyuncu Bilgi,Bilgi,Oyuncu,Jenerik,Türkçe,Body,Oyuncu Bilgi,şanlıurfaspor,,,,,,
i̇zzet kaya hangi takımda,TFF 1. Lig,Futbol,Lig,1. Seviye,Çekirdek,Erkek,Kulüp,Takım Sporu,Türkiye,Yerli,Türk Takımı Var,TV+ Yok,Yıllık,Sürekli Lig,Oyuncu Bilgi,Bilgi,Oyuncu,Jenerik,Türkçe,Body,Oyuncu Bilgi,şanlıurfaspor,,,,,,
i̇zzet kaya istatistik,TFF 1. Lig,Futbol,Lig,1. Seviye,Çekirdek,Erkek,Kulüp,Takım Sporu,Türkiye,Yerli,Türk Takımı Var,TV+ Yok,Yıllık,Sürekli Lig,İstatistik,Bilgi,Oyuncu,Jenerik,Türkçe,Body,İstatistik,şanlıurfaspor,,,,,,
koray avcı,TFF 1. Lig,Futbol,Lig,1. Seviye,Çekirdek,Erkek,Kulüp,Takım Sporu,Türkiye,Yerli,Türk Takımı Var,TV+ Yok,Yıllık,Sürekli Lig,Oyuncu Jenerik,Bilgi,Oyuncu,Jenerik,Türkçe,Head,Oyuncu Jenerik,şanlıurfaspor,,,,,,
koray avcı kimdir,TFF 1. Lig,Futbol,Lig,1. Seviye,Çekirdek,Erkek,Kulüp,Takım Sporu,Türkiye,Yerli,Türk Takımı Var,TV+ Yok,Yıllık,Sürekli Lig,Oyuncu Bilgi,Bilgi,Oyuncu,Jenerik,Türkçe,Body,Oyuncu Bilgi,şanlıurfaspor,,,,,,
koray avcı hangi takımda,TFF 1. Lig,Futbol,Lig,1. Seviye,Çekirdek,Erkek,Kulüp,Takım Sporu,Türkiye,Yerli,Türk Takımı Var,TV+ Yok,Yıllık,Sürekli Lig,Oyuncu Bilgi,Bilgi,Oyuncu,Jenerik,Türkçe,Body,Oyuncu Bilgi,şanlıurfaspor,,,,,,
koray avcı istatistik,TFF 1. Lig,Futbol,Lig,1. Seviye,Çekirdek,Erkek,Kulüp,Takım Sporu,Türkiye,Yerli,Türk Takımı Var,TV+ Yok,Yıllık,Sürekli Lig,İstatistik,Bilgi,Oyuncu,Jenerik,Türkçe,Body,İstatistik,şanlıurfaspor,,,,,,
kerem i̇nan,TFF 1. Lig,Futbol,Lig,1. Seviye,Çekirdek,Erkek,Kulüp,Takım Sporu,Türkiye,Yerli,Türk Takımı Var,TV+ Yok,Yıllık,Sürekli Lig,Oyuncu Jenerik,Bilgi,Oyuncu,Jenerik,Türkçe,Head,Oyuncu Jenerik,şanlıurfaspor,,,,,,
kerem i̇nan kimdir,TFF 1. Lig,Futbol,Lig,1. Seviye,Çekirdek,Erkek,Kulüp,Takım Sporu,Türkiye,Yerli,Türk Takımı Var,TV+ Yok,Yıllık,Sürekli Lig,Oyuncu Bilgi,Bilgi,Oyuncu,Jenerik,Türkçe,Body,Oyuncu Bilgi,şanlıurfaspor,,,,,,
kerem i̇nan hangi takımda,TFF 1. Lig,Futbol,Lig,1. Seviye,Çekirdek,Erkek,Kulüp,Takım Sporu,Türkiye,Yerli,Türk Takımı Var,TV+ Yok,Yıllık,Sürekli Lig,Oyuncu Bilgi,Bilgi,Oyuncu,Jenerik,Türkçe,Body,Oyuncu Bilgi,şanlıurfaspor,,,,,,
kerem i̇nan istatistik,TFF 1. Lig,Futbol,Lig,1. Seviye,Çekirdek,Erkek,Kulüp,Takım Sporu,Türkiye,Yerli,Türk Takımı Var,TV+ Yok,Yıllık,Sürekli Lig,İstatistik,Bilgi,Oyuncu,Jenerik,Türkçe,Body,İstatistik,şanlıurfaspor,,,,,,
cem özdemir,TFF 1. Lig,Futbol,Lig,1. Seviye,Çekirdek,Erkek,Kulüp,Takım Sporu,Türkiye,Yerli,Türk Takımı Var,TV+ Yok,Yıllık,Sürekli Lig,Oyuncu Jenerik,Bilgi,Oyuncu,Jenerik,Türkçe,Head,Oyuncu Jenerik,adanaspor,,,,,,
cem özdemir kimdir,TFF 1. Lig,Futbol,Lig,1. Seviye,Çekirdek,Erkek,Kulüp,Takım Sporu,Türkiye,Yerli,Türk Takımı Var,TV+ Yok,Yıllık,Sürekli Lig,Oyuncu Bilgi,Bilgi,Oyuncu,Jenerik,Türkçe,Body,Oyuncu Bilgi,adanaspor,,,,,,
cem özdemir hangi takımda,TFF 1. Lig,Futbol,Lig,1. Seviye,Çekirdek,Erkek,Kulüp,Takım Sporu,Türkiye,Yerli,Türk Takımı Var,TV+ Yok,Yıllık,Sürekli Lig,Oyuncu Bilgi,Bilgi,Oyuncu,Jenerik,Türkçe,Body,Oyuncu Bilgi,adanaspor,,,,,,
cem özdemir istatistik,TFF 1. Lig,Futbol,Lig,1. Seviye,Çekirdek,Erkek,Kulüp,Takım Sporu,Türkiye,Yerli,Türk Takımı Var,TV+ Yok,Yıllık,Sürekli Lig,İstatistik,Bilgi,Oyuncu,Jenerik,Türkçe,Body,İstatistik,adanaspor,,,,,,
i̇lkem özkaynak,TFF 1. Lig,Futbol,Lig,1. Seviye,Çekirdek,Erkek,Kulüp,Takım Sporu,Türkiye,Yerli,Türk Takımı Var,TV+ Yok,Yıllık,Sürekli Lig,Oyuncu Jenerik,Bilgi,Oyuncu,Jenerik,Türkçe,Head,Oyuncu Jenerik,adanaspor,,,,,,
i̇lkem özkaynak kimdir,TFF 1. Lig,Futbol,Lig,1. Seviye,Çekirdek,Erkek,Kulüp,Takım Sporu,Türkiye,Yerli,Türk Takımı Var,TV+ Yok,Yıllık,Sürekli Lig,Oyuncu Bilgi,Bilgi,Oyuncu,Jenerik,Türkçe,Body,Oyuncu Bilgi,adanaspor,,,,,,
i̇lkem özkaynak hangi takımda,TFF 1. Lig,Futbol,Lig,1. Seviye,Çekirdek,Erkek,Kulüp,Takım Sporu,Türkiye,Yerli,Türk Takımı Var,TV+ Yok,Yıllık,Sürekli Lig,Oyuncu Bilgi,Bilgi,Oyuncu,Jenerik,Türkçe,Body,Oyuncu Bilgi,adanaspor,,,,,,
i̇lkem özkaynak istatistik,TFF 1. Lig,Futbol,Lig,1. Seviye,Çekirdek,Erkek,Kulüp,Takım Sporu,Türkiye,Yerli,Türk Takımı Var,TV+ Yok,Yıllık,Sürekli Lig,İstatistik,Bilgi,Oyuncu,Jenerik,Türkçe,Body,İstatistik,adanaspor,,,,,,
i̇zzet yıldırım,TFF 1. Lig,Futbol,Lig,1. Seviye,Çekirdek,Erkek,Kulüp,Takım Sporu,Türkiye,Yerli,Türk Takımı Var,TV+ Yok,Yıllık,Sürekli Lig,Oyuncu Jenerik,Bilgi,Oyuncu,Jenerik,Türkçe,Head,Oyuncu Jenerik,adanaspor,,,,,,
i̇zzet yıldırım kimdir,TFF 1. Lig,Futbol,Lig,1. Seviye,Çekirdek,Erkek,Kulüp,Takım Sporu,Türkiye,Yerli,Türk Takımı Var,TV+ Yok,Yıllık,Sürekli Lig,Oyuncu Bilgi,Bilgi,Oyuncu,Jenerik,Türkçe,Body,Oyuncu Bilgi,adanaspor,,,,,,
i̇zzet yıldırım hangi takımda,TFF 1. Lig,Futbol,Lig,1. Seviye,Çekirdek,Erkek,Kulüp,Takım Sporu,Türkiye,Yerli,Türk Takımı Var,TV+ Yok,Yıllık,Sürekli Lig,Oyuncu Bilgi,Bilgi,Oyuncu,Jenerik,Türkçe,Body,Oyuncu Bilgi,adanaspor,,,,,,
i̇zzet yıldırım istatistik,TFF 1. Lig,Futbol,Lig,1. Seviye,Çekirdek,Erkek,Kulüp,Takım Sporu,Türkiye,Yerli,Türk Takımı Var,TV+ Yok,Yıllık,Sürekli Lig,İstatistik,Bilgi,Oyuncu,Jenerik,Türkçe,Body,İstatistik,adanaspor,,,,,,
éder militão,La Liga,Futbol,Lig,1. Seviye,Çekirdek,Erkek,Kulüp,Takım Sporu,İspanya,Yabancı,Yok,TV+ Var,Yıllık,Sürekli Lig,Oyuncu Jenerik,Bilgi,Oyuncu,Jenerik,Türkçe,Head,Oyuncu Jenerik,real madrid,,,,,,
éder militão kimdir,La Liga,Futbol,Lig,1. Seviye,Çekirdek,Erkek,Kulüp,Takım Sporu,İspanya,Yabancı,Yok,TV+ Var,Yıllık,Sürekli Lig,Oyuncu Bilgi,Bilgi,Oyuncu,Jenerik,Türkçe,Body,Oyuncu Bilgi,real madrid,,,,,,
éder militão hangi takımda,La Liga,Futbol,Lig,1. Seviye,Çekirdek,Erkek,Kulüp,Takım Sporu,İspanya,Yabancı,Yok,TV+ Var,Yıllık,Sürekli Lig,Oyuncu Bilgi,Bilgi,Oyuncu,Jenerik,Türkçe,Body,Oyuncu Bilgi,real madrid,,,,,,
éder militão istatistik,La Liga,Futbol,Lig,1. Seviye,Çekirdek,Erkek,Kulüp,Takım Sporu,İspanya,Yabancı,Yok,TV+ Var,Yıllık,Sürekli Lig,İstatistik,Bilgi,Oyuncu,Jenerik,Türkçe,Body,İstatistik,real madrid,,,,,,
vinícius júnior,La Liga,Futbol,Lig,1. Seviye,Çekirdek,Erkek,Kulüp,Takım Sporu,İspanya,Yabancı,Yok,TV+ Var,Yıllık,Sürekli Lig,Oyuncu Jenerik,Bilgi,Oyuncu,Jenerik,Türkçe,Head,Oyuncu Jenerik,real madrid,,,,,,
vinícius júnior kimdir,La Liga,Futbol,Lig,1. Seviye,Çekirdek,Erkek,Kulüp,Takım Sporu,İspanya,Yabancı,Yok,TV+ Var,Yıllık,Sürekli Lig,Oyuncu Bilgi,Bilgi,Oyuncu,Jenerik,Türkçe,Body,Oyuncu Bilgi,real madrid,,,,,,
vinícius júnior hangi takımda,La Liga,Futbol,Lig,1. Seviye,Çekirdek,Erkek,Kulüp,Takım Sporu,İspanya,Yabancı,Yok,TV+ Var,Yıllık,Sürekli Lig,Oyuncu Bilgi,Bilgi,Oyuncu,Jenerik,Türkçe,Body,Oyuncu Bilgi,real madrid,,,,,,
vinícius júnior istatistik,La Liga,Futbol,Lig,1. Seviye,Çekirdek,Erkek,Kulüp,Takım Sporu,İspanya,Yabancı,Yok,TV+ Var,Yıllık,Sürekli Lig,İstatistik,Bilgi,Oyuncu,Jenerik,Türkçe,Body,İstatistik,real madrid,,,,,,
kylian mbappé,La Liga,Futbol,Lig,1. Seviye,Çekirdek,Erkek,Kulüp,Takım Sporu,İspanya,Yabancı,Yok,TV+ Var,Yıllık,Sürekli Lig,Oyuncu Jenerik,Bilgi,Oyuncu,Jenerik,Türkçe,Head,Oyuncu Jenerik,real madrid,,,,,,
kylian mbappé kimdir,La Liga,Futbol,Lig,1. Seviye,Çekirdek,Erkek,Kulüp,Takım Sporu,İspanya,Yabancı,Yok,TV+ Var,Yıllık,Sürekli Lig,Oyuncu Bilgi,Bilgi,Oyuncu,Jenerik,Türkçe,Body,Oyuncu Bilgi,real madrid,,,,,,
kylian mbappé hangi takımda,La Liga,Futbol,Lig,1. Seviye,Çekirdek,Erkek,Kulüp,Takım Sporu,İspanya,Yabancı,Yok,TV+ Var,Yıllık,Sürekli Lig,Oyuncu Bilgi,Bilgi,Oyuncu,Jenerik,Türkçe,Body,Oyuncu Bilgi,real madrid,,,,,,
kylian mbappé istatistik,La Liga,Futbol,Lig,1. Seviye,Çekirdek,Erkek,Kulüp,Takım Sporu,İspanya,Yabancı,Yok,TV+ Var,Yıllık,Sürekli Lig,İstatistik,Bilgi,Oyuncu,Jenerik,Türkçe,Body,İstatistik,real madrid,,,,,,
aurélien tchouaméni,La Liga,Futbol,Lig,1. Seviye,Çekirdek,Erkek,Kulüp,Takım Sporu,İspanya,Yabancı,Yok,TV+ Var,Yıllık,Sürekli Lig,Oyuncu Jenerik,Bilgi,Oyuncu,Jenerik,Türkçe,Head,Oyuncu Jenerik,real madrid,,,,,,
aurélien tchouaméni kimdir,La Liga,Futbol,Lig,1. Seviye,Çekirdek,Erkek,Kulüp,Takım Sporu,İspanya,Yabancı,Yok,TV+ Var,Yıllık,Sürekli Lig,Oyuncu Bilgi,Bilgi,Oyuncu,Jenerik,Türkçe,Body,Oyuncu Bilgi,real madrid,,,,,,
aurélien tchouaméni hangi takımda,La Liga,Futbol,Lig,1. Seviye,Çekirdek,Erkek,Kulüp,Takım Sporu,İspanya,Yabancı,Yok,TV+ Var,Yıllık,Sürekli Lig,Oyuncu Bilgi,Bilgi,Oyuncu,Jenerik,Türkçe,Body,Oyuncu Bilgi,real madrid,,,,,,
aurélien tchouaméni istatistik,La Liga,Futbol,Lig,1. Seviye,Çekirdek,Erkek,Kulüp,Takım Sporu,İspanya,Yabancı,Yok,TV+ Var,Yıllık,Sürekli Lig,İstatistik,Bilgi,Oyuncu,Jenerik,Türkçe,Body,İstatistik,real madrid,,,,,,
gonzalo garcía,La Liga,Futbol,Lig,1. Seviye,Çekirdek,Erkek,Kulüp,Takım Sporu,İspanya,Yabancı,Yok,TV+ Var,Yıllık,Sürekli Lig,Oyuncu Jenerik,Bilgi,Oyuncu,Jenerik,Türkçe,Head,Oyuncu Jenerik,real madrid,,,,,,
gonzalo garcía kimdir,La Liga,Futbol,Lig,1. Seviye,Çekirdek,Erkek,Kulüp,Takım Sporu,İspanya,Yabancı,Yok,TV+ Var,Yıllık,Sürekli Lig,Oyuncu Bilgi,Bilgi,Oyuncu,Jenerik,Türkçe,Body,Oyuncu Bilgi,real madrid,,,,,,
gonzalo garcía hangi takımda,La Liga,Futbol,Lig,1. Seviye,Çekirdek,Erkek,Kulüp,Takım Sporu,İspanya,Yabancı,Yok,TV+ Var,Yıllık,Sürekli Lig,Oyuncu Bilgi,Bilgi,Oyuncu,Jenerik,Türkçe,Body,Oyuncu Bilgi,real madrid,,,,,,
gonzalo garcía istatistik,La Liga,Futbol,Lig,1. Seviye,Çekirdek,Erkek,Kulüp,Takım Sporu,İspanya,Yabancı,Yok,TV+ Var,Yıllık,Sürekli Lig,İstatistik,Bilgi,Oyuncu,Jenerik,Türkçe,Body,İstatistik,real madrid,,,,,,
raúl asencio,La Liga,Futbol,Lig,1. Seviye,Çekirdek,Erkek,Kulüp,Takım Sporu,İspanya,Yabancı,Yok,TV+ Var,Yıllık,Sürekli Lig,Oyuncu Jenerik,Bilgi,Oyuncu,Jenerik,Türkçe,Head,Oyuncu Jenerik,real madrid,,,,,,
raúl asencio kimdir,La Liga,Futbol,Lig,1. Seviye,Çekirdek,Erkek,Kulüp,Takım Sporu,İspanya,Yabancı,Yok,TV+ Var,Yıllık,Sürekli Lig,Oyuncu Bilgi,Bilgi,Oyuncu,Jenerik,Türkçe,Body,Oyuncu Bilgi,real madrid,,,,,,
raúl asencio hangi takımda,La Liga,Futbol,Lig,1. Seviye,Çekirdek,Erkek,Kulüp,Takım Sporu,İspanya,Yabancı,Yok,TV+ Var,Yıllık,Sürekli Lig,Oyuncu Bilgi,Bilgi,Oyuncu,Jenerik,Türkçe,Body,Oyuncu Bilgi,real madrid,,,,,,
raúl asencio istatistik,La Liga,Futbol,Lig,1. Seviye,Çekirdek,Erkek,Kulüp,Takım Sporu,İspanya,Yabancı,Yok,TV+ Var,Yıllık,Sürekli Lig,İstatistik,Bilgi,Oyuncu,Jenerik,Türkçe,Body,İstatistik,real madrid,,,,,,
álvaro carreras,La Liga,Futbol,Lig,1. Seviye,Çekirdek,Erkek,Kulüp,Takım Sporu,İspanya,Yabancı,Yok,TV+ Var,Yıllık,Sürekli Lig,Oyuncu Jenerik,Bilgi,Oyuncu,Jenerik,Türkçe,Head,Oyuncu Jenerik,real madrid,,,,,,
álvaro carreras kimdir,La Liga,Futbol,Lig,1. Seviye,Çekirdek,Erkek,Kulüp,Takım Sporu,İspanya,Yabancı,Yok,TV+ Var,Yıllık,Sürekli Lig,Oyuncu Bilgi,Bilgi,Oyuncu,Jenerik,Türkçe,Body,Oyuncu Bilgi,real madrid,,,,,,
álvaro carreras hangi takımda,La Liga,Futbol,Lig,1. Seviye,Çekirdek,Erkek,Kulüp,Takım Sporu,İspanya,Yabancı,Yok,TV+ Var,Yıllık,Sürekli Lig,Oyuncu Bilgi,Bilgi,Oyuncu,Jenerik,Türkçe,Body,Oyuncu Bilgi,real madrid,,,,,,
álvaro carreras istatistik,La Liga,Futbol,Lig,1. Seviye,Çekirdek,Erkek,Kulüp,Takım Sporu,İspanya,Yabancı,Yok,TV+ Var,Yıllık,Sürekli Lig,İstatistik,Bilgi,Oyuncu,Jenerik,Türkçe,Body,İstatistik,real madrid,,,,,,
fran garcía,La Liga,Futbol,Lig,1. Seviye,Çekirdek,Erkek,Kulüp,Takım Sporu,İspanya,Yabancı,Yok,TV+ Var,Yıllık,Sürekli Lig,Oyuncu Jenerik,Bilgi,Oyuncu,Jenerik,Türkçe,Head,Oyuncu Jenerik,real madrid,,,,,,
fran garcía kimdir,La Liga,Futbol,Lig,1. Seviye,Çekirdek,Erkek,Kulüp,Takım Sporu,İspanya,Yabancı,Yok,TV+ Var,Yıllık,Sürekli Lig,Oyuncu Bilgi,Bilgi,Oyuncu,Jenerik,Türkçe,Body,Oyuncu Bilgi,real madrid,,,,,,
fran garcía hangi takımda,La Liga,Futbol,Lig,1. Seviye,Çekirdek,Erkek,Kulüp,Takım Sporu,İspanya,Yabancı,Yok,TV+ Var,Yıllık,Sürekli Lig,Oyuncu Bilgi,Bilgi,Oyuncu,Jenerik,Türkçe,Body,Oyuncu Bilgi,real madrid,,,,,,
fran garcía istatistik,La Liga,Futbol,Lig,1. Seviye,Çekirdek,Erkek,Kulüp,Takım Sporu,İspanya,Yabancı,Yok,TV+ Var,Yıllık,Sürekli Lig,İstatistik,Bilgi,Oyuncu,Jenerik,Türkçe,Body,İstatistik,real madrid,,,,,,
brahim díaz,La Liga,Futbol,Lig,1. Seviye,Çekirdek,Erkek,Kulüp,Takım Sporu,İspanya,Yabancı,Yok,TV+ Var,Yıllık,Sürekli Lig,Oyuncu Jenerik,Bilgi,Oyuncu,Jenerik,Türkçe,Head,Oyuncu Jenerik,real madrid,,,,,,
brahim díaz kimdir,La Liga,Futbol,Lig,1. Seviye,Çekirdek,Erkek,Kulüp,Takım Sporu,İspanya,Yabancı,Yok,TV+ Var,Yıllık,Sürekli Lig,Oyuncu Bilgi,Bilgi,Oyuncu,Jenerik,Türkçe,Body,Oyuncu Bilgi,real madrid,,,,,,
brahim díaz hangi takımda,La Liga,Futbol,Lig,1. Seviye,Çekirdek,Erkek,Kulüp,Takım Sporu,İspanya,Yabancı,Yok,TV+ Var,Yıllık,Sürekli Lig,Oyuncu Bilgi,Bilgi,Oyuncu,Jenerik,Türkçe,Body,Oyuncu Bilgi,real madrid,,,,,,
brahim díaz istatistik,La Liga,Futbol,Lig,1. Seviye,Çekirdek,Erkek,Kulüp,Takım Sporu,İspanya,Yabancı,Yok,TV+ Var,Yıllık,Sürekli Lig,İstatistik,Bilgi,Oyuncu,Jenerik,Türkçe,Body,İstatistik,real madrid,,,,,,
joão cancelo,La Liga,Futbol,Lig,1. Seviye,Çekirdek,Erkek,Kulüp,Takım Sporu,İspanya,Yabancı,Yok,TV+ Var,Yıllık,Sürekli Lig,Oyuncu Jenerik,Bilgi,Oyuncu,Jenerik,Türkçe,Head,Oyuncu Jenerik,barcelona,,,,,,
joão cancelo kimdir,La Liga,Futbol,Lig,1. Seviye,Çekirdek,Erkek,Kulüp,Takım Sporu,İspanya,Yabancı,Yok,TV+ Var,Yıllık,Sürekli Lig,Oyuncu Bilgi,Bilgi,Oyuncu,Jenerik,Türkçe,Body,Oyuncu Bilgi,barcelona,,,,,,
joão cancelo hangi takımda,La Liga,Futbol,Lig,1. Seviye,Çekirdek,Erkek,Kulüp,Takım Sporu,İspanya,Yabancı,Yok,TV+ Var,Yıllık,Sürekli Lig,Oyuncu Bilgi,Bilgi,Oyuncu,Jenerik,Türkçe,Body,Oyuncu Bilgi,barcelona,,,,,,
joão cancelo istatistik,La Liga,Futbol,Lig,1. Seviye,Çekirdek,Erkek,Kulüp,Takım Sporu,İspanya,Yabancı,Yok,TV+ Var,Yıllık,Sürekli Lig,İstatistik,Bilgi,Oyuncu,Jenerik,Türkçe,Body,İstatistik,barcelona,,,,,,
ronald araújo,La Liga,Futbol,Lig,1. Seviye,Çekirdek,Erkek,Kulüp,Takım Sporu,İspanya,Yabancı,Yok,TV+ Var,Yıllık,Sürekli Lig,Oyuncu Jenerik,Bilgi,Oyuncu,Jenerik,Türkçe,Head,Oyuncu Jenerik,barcelona,,,,,,
ronald araújo kimdir,La Liga,Futbol,Lig,1. Seviye,Çekirdek,Erkek,Kulüp,Takım Sporu,İspanya,Yabancı,Yok,TV+ Var,Yıllık,Sürekli Lig,Oyuncu Bilgi,Bilgi,Oyuncu,Jenerik,Türkçe,Body,Oyuncu Bilgi,barcelona,,,,,,
ronald araújo hangi takımda,La Liga,Futbol,Lig,1. Seviye,Çekirdek,Erkek,Kulüp,Takım Sporu,İspanya,Yabancı,Yok,TV+ Var,Yıllık,Sürekli Lig,Oyuncu Bilgi,Bilgi,Oyuncu,Jenerik,Türkçe,Body,Oyuncu Bilgi,barcelona,,,,,,
ronald araújo istatistik,La Liga,Futbol,Lig,1. Seviye,Çekirdek,Erkek,Kulüp,Takım Sporu,İspanya,Yabancı,Yok,TV+ Var,Yıllık,Sürekli Lig,İstatistik,Bilgi,Oyuncu,Jenerik,Türkçe,Body,İstatistik,barcelona,,,,,,
pau cubarsí,La Liga,Futbol,Lig,1. Seviye,Çekirdek,Erkek,Kulüp,Takım Sporu,İspanya,Yabancı,Yok,TV+ Var,Yıllık,Sürekli Lig,Oyuncu Jenerik,Bilgi,Oyuncu,Jenerik,Türkçe,Head,Oyuncu Jenerik,barcelona,,,,,,
pau cubarsí kimdir,La Liga,Futbol,Lig,1. Seviye,Çekirdek,Erkek,Kulüp,Takım Sporu,İspanya,Yabancı,Yok,TV+ Var,Yıllık,Sürekli Lig,Oyuncu Bilgi,Bilgi,Oyuncu,Jenerik,Türkçe,Body,Oyuncu Bilgi,barcelona,,,,,,
pau cubarsí hangi takımda,La Liga,Futbol,Lig,1. Seviye,Çekirdek,Erkek,Kulüp,Takım Sporu,İspanya,Yabancı,Yok,TV+ Var,Yıllık,Sürekli Lig,Oyuncu Bilgi,Bilgi,Oyuncu,Jenerik,Türkçe,Body,Oyuncu Bilgi,barcelona,,,,,,
pau cubarsí istatistik,La Liga,Futbol,Lig,1. Seviye,Çekirdek,Erkek,Kulüp,Takım Sporu,İspanya,Yabancı,Yok,TV+ Var,Yıllık,Sürekli Lig,İstatistik,Bilgi,Oyuncu,Jenerik,Türkçe,Body,İstatistik,barcelona,,,,,,
joan garcía,La Liga,Futbol,Lig,1. Seviye,Çekirdek,Erkek,Kulüp,Takım Sporu,İspanya,Yabancı,Yok,TV+ Var,Yıllık,Sürekli Lig,Oyuncu Jenerik,Bilgi,Oyuncu,Jenerik,Türkçe,Head,Oyuncu Jenerik,barcelona,,,,,,
joan garcía kimdir,La Liga,Futbol,Lig,1. Seviye,Çekirdek,Erkek,Kulüp,Takım Sporu,İspanya,Yabancı,Yok,TV+ Var,Yıllık,Sürekli Lig,Oyuncu Bilgi,Bilgi,Oyuncu,Jenerik,Türkçe,Body,Oyuncu Bilgi,barcelona,,,,,,
joan garcía hangi takımda,La Liga,Futbol,Lig,1. Seviye,Çekirdek,Erkek,Kulüp,Takım Sporu,İspanya,Yabancı,Yok,TV+ Var,Yıllık,Sürekli Lig,Oyuncu Bilgi,Bilgi,Oyuncu,Jenerik,Türkçe,Body,Oyuncu Bilgi,barcelona,,,,,,
joan garcía istatistik,La Liga,Futbol,Lig,1. Seviye,Çekirdek,Erkek,Kulüp,Takım Sporu,İspanya,Yabancı,Yok,TV+ Var,Yıllık,Sürekli Lig,İstatistik,Bilgi,Oyuncu,Jenerik,Türkçe,Body,İstatistik,barcelona,,,,,,
fermín lópez,La Liga,Futbol,Lig,1. Seviye,Çekirdek,Erkek,Kulüp,Takım Sporu,İspanya,Yabancı,Yok,TV+ Var,Yıllık,Sürekli Lig,Oyuncu Jenerik,Bilgi,Oyuncu,Jenerik,Türkçe,Head,Oyuncu Jenerik,barcelona,,,,,,
fermín lópez kimdir,La Liga,Futbol,Lig,1. Seviye,Çekirdek,Erkek,Kulüp,Takım Sporu,İspanya,Yabancı,Yok,TV+ Var,Yıllık,Sürekli Lig,Oyuncu Bilgi,Bilgi,Oyuncu,Jenerik,Türkçe,Body,Oyuncu Bilgi,barcelona,,,,,,
fermín lópez hangi takımda,La Liga,Futbol,Lig,1. Seviye,Çekirdek,Erkek,Kulüp,Takım Sporu,İspanya,Yabancı,Yok,TV+ Var,Yıllık,Sürekli Lig,Oyuncu Bilgi,Bilgi,Oyuncu,Jenerik,Türkçe,Body,Oyuncu Bilgi,barcelona,,,,,,
fermín lópez istatistik,La Liga,Futbol,Lig,1. Seviye,Çekirdek,Erkek,Kulüp,Takım Sporu,İspanya,Yabancı,Yok,TV+ Var,Yıllık,Sürekli Lig,İstatistik,Bilgi,Oyuncu,Jenerik,Türkçe,Body,İstatistik,barcelona,,,,,,
marc casadó,La Liga,Futbol,Lig,1. Seviye,Çekirdek,Erkek,Kulüp,Takım Sporu,İspanya,Yabancı,Yok,TV+ Var,Yıllık,Sürekli Lig,Oyuncu Jenerik,Bilgi,Oyuncu,Jenerik,Türkçe,Head,Oyuncu Jenerik,barcelona,,,,,,
marc casadó kimdir,La Liga,Futbol,Lig,1. Seviye,Çekirdek,Erkek,Kulüp,Takım Sporu,İspanya,Yabancı,Yok,TV+ Var,Yıllık,Sürekli Lig,Oyuncu Bilgi,Bilgi,Oyuncu,Jenerik,Türkçe,Body,Oyuncu Bilgi,barcelona,,,,,,
marc casadó hangi takımda,La Liga,Futbol,Lig,1. Seviye,Çekirdek,Erkek,Kulüp,Takım Sporu,İspanya,Yabancı,Yok,TV+ Var,Yıllık,Sürekli Lig,Oyuncu Bilgi,Bilgi,Oyuncu,Jenerik,Türkçe,Body,Oyuncu Bilgi,barcelona,,,,,,
marc casadó istatistik,La Liga,Futbol,Lig,1. Seviye,Çekirdek,Erkek,Kulüp,Takım Sporu,İspanya,Yabancı,Yok,TV+ Var,Yıllık,Sürekli Lig,İstatistik,Bilgi,Oyuncu,Jenerik,Türkçe,Body,İstatistik,barcelona,,,,,,
gerard martín,La Liga,Futbol,Lig,1. Seviye,Çekirdek,Erkek,Kulüp,Takım Sporu,İspanya,Yabancı,Yok,TV+ Var,Yıllık,Sürekli Lig,Oyuncu Jenerik,Bilgi,Oyuncu,Jenerik,Türkçe,Head,Oyuncu Jenerik,barcelona,,,,,,
gerard martín kimdir,La Liga,Futbol,Lig,1. Seviye,Çekirdek,Erkek,Kulüp,Takım Sporu,İspanya,Yabancı,Yok,TV+ Var,Yıllık,Sürekli Lig,Oyuncu Bilgi,Bilgi,Oyuncu,Jenerik,Türkçe,Body,Oyuncu Bilgi,barcelona,,,,,,
gerard martín hangi takımda,La Liga,Futbol,Lig,1. Seviye,Çekirdek,Erkek,Kulüp,Takım Sporu,İspanya,Yabancı,Yok,TV+ Var,Yıllık,Sürekli Lig,Oyuncu Bilgi,Bilgi,Oyuncu,Jenerik,Türkçe,Body,Oyuncu Bilgi,barcelona,,,,,,
gerard martín istatistik,La Liga,Futbol,Lig,1. Seviye,Çekirdek,Erkek,Kulüp,Takım Sporu,İspanya,Yabancı,Yok,TV+ Var,Yıllık,Sürekli Lig,İstatistik,Bilgi,Oyuncu,Jenerik,Türkçe,Body,İstatistik,barcelona,,,,,,
jules koundé,La Liga,Futbol,Lig,1. Seviye,Çekirdek,Erkek,Kulüp,Takım Sporu,İspanya,Yabancı,Yok,TV+ Var,Yıllık,Sürekli Lig,Oyuncu Jenerik,Bilgi,Oyuncu,Jenerik,Türkçe,Head,Oyuncu Jenerik,barcelona,,,,,,
jules koundé kimdir,La Liga,Futbol,Lig,1. Seviye,Çekirdek,Erkek,Kulüp,Takım Sporu,İspanya,Yabancı,Yok,TV+ Var,Yıllık,Sürekli Lig,Oyuncu Bilgi,Bilgi,Oyuncu,Jenerik,Türkçe,Body,Oyuncu Bilgi,barcelona,,,,,,
jules koundé hangi takımda,La Liga,Futbol,Lig,1. Seviye,Çekirdek,Erkek,Kulüp,Takım Sporu,İspanya,Yabancı,Yok,TV+ Var,Yıllık,Sürekli Lig,Oyuncu Bilgi,Bilgi,Oyuncu,Jenerik,Türkçe,Body,Oyuncu Bilgi,barcelona,,,,,,
jules koundé istatistik,La Liga,Futbol,Lig,1. Seviye,Çekirdek,Erkek,Kulüp,Takım Sporu,İspanya,Yabancı,Yok,TV+ Var,Yıllık,Sürekli Lig,İstatistik,Bilgi,Oyuncu,Jenerik,Türkçe,Body,İstatistik,barcelona,,,,,,
eric garcía,La Liga,Futbol,Lig,1. Seviye,Çekirdek,Erkek,Kulüp,Takım Sporu,İspanya,Yabancı,Yok,TV+ Var,Yıllık,Sürekli Lig,Oyuncu Jenerik,Bilgi,Oyuncu,Jenerik,Türkçe,Head,Oyuncu Jenerik,barcelona,,,,,,
eric garcía kimdir,La Liga,Futbol,Lig,1. Seviye,Çekirdek,Erkek,Kulüp,Takım Sporu,İspanya,Yabancı,Yok,TV+ Var,Yıllık,Sürekli Lig,Oyuncu Bilgi,Bilgi,Oyuncu,Jenerik,Türkçe,Body,Oyuncu Bilgi,barcelona,,,,,,
eric garcía hangi takımda,La Liga,Futbol,Lig,1. Seviye,Çekirdek,Erkek,Kulüp,Takım Sporu,İspanya,Yabancı,Yok,TV+ Var,Yıllık,Sürekli Lig,Oyuncu Bilgi,Bilgi,Oyuncu,Jenerik,Türkçe,Body,Oyuncu Bilgi,barcelona,,,,,,
eric garcía istatistik,La Liga,Futbol,Lig,1. Seviye,Çekirdek,Erkek,Kulüp,Takım Sporu,İspanya,Yabancı,Yok,TV+ Var,Yıllık,Sürekli Lig,İstatistik,Bilgi,Oyuncu,Jenerik,Türkçe,Body,İstatistik,barcelona,,,,,,
wojciech szczęsny,La Liga,Futbol,Lig,1. Seviye,Çekirdek,Erkek,Kulüp,Takım Sporu,İspanya,Yabancı,Yok,TV+ Var,Yıllık,Sürekli Lig,Oyuncu Jenerik,Bilgi,Oyuncu,Jenerik,Türkçe,Head,Oyuncu Jenerik,barcelona,,,,,,
wojciech szczęsny kimdir,La Liga,Futbol,Lig,1. Seviye,Çekirdek,Erkek,Kulüp,Takım Sporu,İspanya,Yabancı,Yok,TV+ Var,Yıllık,Sürekli Lig,Oyuncu Bilgi,Bilgi,Oyuncu,Jenerik,Türkçe,Body,Oyuncu Bilgi,barcelona,,,,,,
wojciech szczęsny hangi takımda,La Liga,Futbol,Lig,1. Seviye,Çekirdek,Erkek,Kulüp,Takım Sporu,İspanya,Yabancı,Yok,TV+ Var,Yıllık,Sürekli Lig,Oyuncu Bilgi,Bilgi,Oyuncu,Jenerik,Türkçe,Body,Oyuncu Bilgi,barcelona,,,,,,
wojciech szczęsny istatistik,La Liga,Futbol,Lig,1. Seviye,Çekirdek,Erkek,Kulüp,Takım Sporu,İspanya,Yabancı,Yok,TV+ Var,Yıllık,Sürekli Lig,İstatistik,Bilgi,Oyuncu,Jenerik,Türkçe,Body,İstatistik,barcelona,,,,,,
diego godín,La Liga,Futbol,Lig,1. Seviye,Çekirdek,Erkek,Kulüp,Takım Sporu,İspanya,Yabancı,Yok,TV+ Var,Yıllık,Sürekli Lig,Oyuncu Jenerik,Bilgi,Oyuncu,Jenerik,Türkçe,Head,Oyuncu Jenerik,atletico madrid,,,,,,
diego godín kimdir,La Liga,Futbol,Lig,1. Seviye,Çekirdek,Erkek,Kulüp,Takım Sporu,İspanya,Yabancı,Yok,TV+ Var,Yıllık,Sürekli Lig,Oyuncu Bilgi,Bilgi,Oyuncu,Jenerik,Türkçe,Body,Oyuncu Bilgi,atletico madrid,,,,,,
diego godín hangi takımda,La Liga,Futbol,Lig,1. Seviye,Çekirdek,Erkek,Kulüp,Takım Sporu,İspanya,Yabancı,Yok,TV+ Var,Yıllık,Sürekli Lig,Oyuncu Bilgi,Bilgi,Oyuncu,Jenerik,Türkçe,Body,Oyuncu Bilgi,atletico madrid,,,,,,
diego godín istatistik,La Liga,Futbol,Lig,1. Seviye,Çekirdek,Erkek,Kulüp,Takım Sporu,İspanya,Yabancı,Yok,TV+ Var,Yıllık,Sürekli Lig,İstatistik,Bilgi,Oyuncu,Jenerik,Türkçe,Body,İstatistik,atletico madrid,,,,,,
antonio lópez,La Liga,Futbol,Lig,1. Seviye,Çekirdek,Erkek,Kulüp,Takım Sporu,İspanya,Yabancı,Yok,TV+ Var,Yıllık,Sürekli Lig,Oyuncu Jenerik,Bilgi,Oyuncu,Jenerik,Türkçe,Head,Oyuncu Jenerik,atletico madrid,,,,,,
antonio lópez kimdir,La Liga,Futbol,Lig,1. Seviye,Çekirdek,Erkek,Kulüp,Takım Sporu,İspanya,Yabancı,Yok,TV+ Var,Yıllık,Sürekli Lig,Oyuncu Bilgi,Bilgi,Oyuncu,Jenerik,Türkçe,Body,Oyuncu Bilgi,atletico madrid,,,,,,
antonio lópez hangi takımda,La Liga,Futbol,Lig,1. Seviye,Çekirdek,Erkek,Kulüp,Takım Sporu,İspanya,Yabancı,Yok,TV+ Var,Yıllık,Sürekli Lig,Oyuncu Bilgi,Bilgi,Oyuncu,Jenerik,Türkçe,Body,Oyuncu Bilgi,atletico madrid,,,,,,
antonio lópez istatistik,La Liga,Futbol,Lig,1. Seviye,Çekirdek,Erkek,Kulüp,Takım Sporu,İspanya,Yabancı,Yok,TV+ Var,Yıllık,Sürekli Lig,İstatistik,Bilgi,Oyuncu,Jenerik,Türkçe,Body,İstatistik,atletico madrid,,,,,,
mario suárez mata,La Liga,Futbol,Lig,1. Seviye,Çekirdek,Erkek,Kulüp,Takım Sporu,İspanya,Yabancı,Yok,TV+ Var,Yıllık,Sürekli Lig,Oyuncu Jenerik,Bilgi,Oyuncu,Jenerik,Türkçe,Body,Oyuncu Jenerik,atletico madrid,,,,,,
mario suárez mata kimdir,La Liga,Futbol,Lig,1. Seviye,Çekirdek,Erkek,Kulüp,Takım Sporu,İspanya,Yabancı,Yok,TV+ Var,Yıllık,Sürekli Lig,Oyuncu Bilgi,Bilgi,Oyuncu,Jenerik,Türkçe,Body,Oyuncu Bilgi,atletico madrid,,,,,,
mario suárez mata hangi takımda,La Liga,Futbol,Lig,1. Seviye,Çekirdek,Erkek,Kulüp,Takım Sporu,İspanya,Yabancı,Yok,TV+ Var,Yıllık,Sürekli Lig,Oyuncu Bilgi,Bilgi,Oyuncu,Jenerik,Türkçe,Long-tail,Oyuncu Bilgi,atletico madrid,,,,,,
mario suárez mata istatistik,La Liga,Futbol,Lig,1. Seviye,Çekirdek,Erkek,Kulüp,Takım Sporu,İspanya,Yabancı,Yok,TV+ Var,Yıllık,Sürekli Lig,İstatistik,Bilgi,Oyuncu,Jenerik,Türkçe,Body,İstatistik,atletico madrid,,,,,,
filipe luís,La Liga,Futbol,Lig,1. Seviye,Çekirdek,Erkek,Kulüp,Takım Sporu,İspanya,Yabancı,Yok,TV+ Var,Yıllık,Sürekli Lig,Oyuncu Jenerik,Bilgi,Oyuncu,Jenerik,Türkçe,Head,Oyuncu Jenerik,atletico madrid,,,,,,
filipe luís kimdir,La Liga,Futbol,Lig,1. Seviye,Çekirdek,Erkek,Kulüp,Takım Sporu,İspanya,Yabancı,Yok,TV+ Var,Yıllık,Sürekli Lig,Oyuncu Bilgi,Bilgi,Oyuncu,Jenerik,Türkçe,Body,Oyuncu Bilgi,atletico madrid,,,,,,
filipe luís hangi takımda,La Liga,Futbol,Lig,1. Seviye,Çekirdek,Erkek,Kulüp,Takım Sporu,İspanya,Yabancı,Yok,TV+ Var,Yıllık,Sürekli Lig,Oyuncu Bilgi,Bilgi,Oyuncu,Jenerik,Türkçe,Body,Oyuncu Bilgi,atletico madrid,,,,,,
filipe luís istatistik,La Liga,Futbol,Lig,1. Seviye,Çekirdek,Erkek,Kulüp,Takım Sporu,İspanya,Yabancı,Yok,TV+ Var,Yıllık,Sürekli Lig,İstatistik,Bilgi,Oyuncu,Jenerik,Türkçe,Body,İstatistik,atletico madrid,,,,,,
adrián lópez álvarez,La Liga,Futbol,Lig,1. Seviye,Çekirdek,Erkek,Kulüp,Takım Sporu,İspanya,Yabancı,Yok,TV+ Var,Yıllık,Sürekli Lig,Oyuncu Jenerik,Bilgi,Oyuncu,Jenerik,Türkçe,Body,Oyuncu Jenerik,atletico madrid,,,,,,
adrián lópez álvarez kimdir,La Liga,Futbol,Lig,1. Seviye,Çekirdek,Erkek,Kulüp,Takım Sporu,İspanya,Yabancı,Yok,TV+ Var,Yıllık,Sürekli Lig,Oyuncu Bilgi,Bilgi,Oyuncu,Jenerik,Türkçe,Body,Oyuncu Bilgi,atletico madrid,,,,,,
adrián lópez álvarez hangi takımda,La Liga,Futbol,Lig,1. Seviye,Çekirdek,Erkek,Kulüp,Takım Sporu,İspanya,Yabancı,Yok,TV+ Var,Yıllık,Sürekli Lig,Oyuncu Bilgi,Bilgi,Oyuncu,Jenerik,Türkçe,Long-tail,Oyuncu Bilgi,atletico madrid,,,,,,
adrián lópez álvarez istatistik,La Liga,Futbol,Lig,1. Seviye,Çekirdek,Erkek,Kulüp,Takım Sporu,İspanya,Yabancı,Yok,TV+ Var,Yıllık,Sürekli Lig,İstatistik,Bilgi,Oyuncu,Jenerik,Türkçe,Body,İstatistik,atletico madrid,,,,,,
josé antonio reyes,La Liga,Futbol,Lig,1. Seviye,Çekirdek,Erkek,Kulüp,Takım Sporu,İspanya,Yabancı,Yok,TV+ Var,Yıllık,Sürekli Lig,Oyuncu Jenerik,Bilgi,Oyuncu,Jenerik,Türkçe,Body,Oyuncu Jenerik,atletico madrid,,,,,,
josé antonio reyes kimdir,La Liga,Futbol,Lig,1. Seviye,Çekirdek,Erkek,Kulüp,Takım Sporu,İspanya,Yabancı,Yok,TV+ Var,Yıllık,Sürekli Lig,Oyuncu Bilgi,Bilgi,Oyuncu,Jenerik,Türkçe,Body,Oyuncu Bilgi,atletico madrid,,,,,,
josé antonio reyes hangi takımda,La Liga,Futbol,Lig,1. Seviye,Çekirdek,Erkek,Kulüp,Takım Sporu,İspanya,Yabancı,Yok,TV+ Var,Yıllık,Sürekli Lig,Oyuncu Bilgi,Bilgi,Oyuncu,Jenerik,Türkçe,Long-tail,Oyuncu Bilgi,atletico madrid,,,,,,
josé antonio reyes istatistik,La Liga,Futbol,Lig,1. Seviye,Çekirdek,Erkek,Kulüp,Takım Sporu,İspanya,Yabancı,Yok,TV+ Var,Yıllık,Sürekli Lig,İstatistik,Bilgi,Oyuncu,Jenerik,Türkçe,Body,İstatistik,atletico madrid,,,,,,
paulo assunção,La Liga,Futbol,Lig,1. Seviye,Çekirdek,Erkek,Kulüp,Takım Sporu,İspanya,Yabancı,Yok,TV+ Var,Yıllık,Sürekli Lig,Oyuncu Jenerik,Bilgi,Oyuncu,Jenerik,Türkçe,Head,Oyuncu Jenerik,atletico madrid,,,,,,
paulo assunção kimdir,La Liga,Futbol,Lig,1. Seviye,Çekirdek,Erkek,Kulüp,Takım Sporu,İspanya,Yabancı,Yok,TV+ Var,Yıllık,Sürekli Lig,Oyuncu Bilgi,Bilgi,Oyuncu,Jenerik,Türkçe,Body,Oyuncu Bilgi,atletico madrid,,,,,,
paulo assunção hangi takımda,La Liga,Futbol,Lig,1. Seviye,Çekirdek,Erkek,Kulüp,Takım Sporu,İspanya,Yabancı,Yok,TV+ Var,Yıllık,Sürekli Lig,Oyuncu Bilgi,Bilgi,Oyuncu,Jenerik,Türkçe,Body,Oyuncu Bilgi,atletico madrid,,,,,,
paulo assunção istatistik,La Liga,Futbol,Lig,1. Seviye,Çekirdek,Erkek,Kulüp,Takım Sporu,İspanya,Yabancı,Yok,TV+ Var,Yıllık,Sürekli Lig,İstatistik,Bilgi,Oyuncu,Jenerik,Türkçe,Body,İstatistik,atletico madrid,,,,,,
sílvio manuel pereira,La Liga,Futbol,Lig,1. Seviye,Çekirdek,Erkek,Kulüp,Takım Sporu,İspanya,Yabancı,Yok,TV+ Var,Yıllık,Sürekli Lig,Oyuncu Jenerik,Bilgi,Oyuncu,Jenerik,Türkçe,Body,Oyuncu Jenerik,atletico madrid,,,,,,
sílvio manuel pereira kimdir,La Liga,Futbol,Lig,1. Seviye,Çekirdek,Erkek,Kulüp,Takım Sporu,İspanya,Yabancı,Yok,TV+ Var,Yıllık,Sürekli Lig,Oyuncu Bilgi,Bilgi,Oyuncu,Jenerik,Türkçe,Body,Oyuncu Bilgi,atletico madrid,,,,,,
sílvio manuel pereira hangi takımda,La Liga,Futbol,Lig,1. Seviye,Çekirdek,Erkek,Kulüp,Takım Sporu,İspanya,Yabancı,Yok,TV+ Var,Yıllık,Sürekli Lig,Oyuncu Bilgi,Bilgi,Oyuncu,Jenerik,Türkçe,Long-tail,Oyuncu Bilgi,atletico madrid,,,,,,
sílvio manuel pereira istatistik,La Liga,Futbol,Lig,1. Seviye,Çekirdek,Erkek,Kulüp,Takım Sporu,İspanya,Yabancı,Yok,TV+ Var,Yıllık,Sürekli Lig,İstatistik,Bilgi,Oyuncu,Jenerik,Türkçe,Body,İstatistik,atletico madrid,,,,,,
álvaro domínguez soto,La Liga,Futbol,Lig,1. Seviye,Çekirdek,Erkek,Kulüp,Takım Sporu,İspanya,Yabancı,Yok,TV+ Var,Yıllık,Sürekli Lig,Oyuncu Jenerik,Bilgi,Oyuncu,Jenerik,Türkçe,Body,Oyuncu Jenerik,atletico madrid,,,,,,
álvaro domínguez soto kimdir,La Liga,Futbol,Lig,1. Seviye,Çekirdek,Erkek,Kulüp,Takım Sporu,İspanya,Yabancı,Yok,TV+ Var,Yıllık,Sürekli Lig,Oyuncu Bilgi,Bilgi,Oyuncu,Jenerik,Türkçe,Body,Oyuncu Bilgi,atletico madrid,,,,,,
álvaro domínguez soto hangi takımda,La Liga,Futbol,Lig,1. Seviye,Çekirdek,Erkek,Kulüp,Takım Sporu,İspanya,Yabancı,Yok,TV+ Var,Yıllık,Sürekli Lig,Oyuncu Bilgi,Bilgi,Oyuncu,Jenerik,Türkçe,Long-tail,Oyuncu Bilgi,atletico madrid,,,,,,
álvaro domínguez soto istatistik,La Liga,Futbol,Lig,1. Seviye,Çekirdek,Erkek,Kulüp,Takım Sporu,İspanya,Yabancı,Yok,TV+ Var,Yıllık,Sürekli Lig,İstatistik,Bilgi,Oyuncu,Jenerik,Türkçe,Body,İstatistik,atletico madrid,,,,,,
marko dmitrović,La Liga,Futbol,Lig,1. Seviye,Çekirdek,Erkek,Kulüp,Takım Sporu,İspanya,Yabancı,Yok,TV+ Var,Yıllık,Sürekli Lig,Oyuncu Jenerik,Bilgi,Oyuncu,Jenerik,Türkçe,Head,Oyuncu Jenerik,sevilla,,,,,,
marko dmitrović kimdir,La Liga,Futbol,Lig,1. Seviye,Çekirdek,Erkek,Kulüp,Takım Sporu,İspanya,Yabancı,Yok,TV+ Var,Yıllık,Sürekli Lig,Oyuncu Bilgi,Bilgi,Oyuncu,Jenerik,Türkçe,Body,Oyuncu Bilgi,sevilla,,,,,,
marko dmitrović hangi takımda,La Liga,Futbol,Lig,1. Seviye,Çekirdek,Erkek,Kulüp,Takım Sporu,İspanya,Yabancı,Yok,TV+ Var,Yıllık,Sürekli Lig,Oyuncu Bilgi,Bilgi,Oyuncu,Jenerik,Türkçe,Body,Oyuncu Bilgi,sevilla,,,,,,
marko dmitrović istatistik,La Liga,Futbol,Lig,1. Seviye,Çekirdek,Erkek,Kulüp,Takım Sporu,İspanya,Yabancı,Yok,TV+ Var,Yıllık,Sürekli Lig,İstatistik,Bilgi,Oyuncu,Jenerik,Türkçe,Body,İstatistik,sevilla,,,,,,
joan jordán,La Liga,Futbol,Lig,1. Seviye,Çekirdek,Erkek,Kulüp,Takım Sporu,İspanya,Yabancı,Yok,TV+ Var,Yıllık,Sürekli Lig,Oyuncu Jenerik,Bilgi,Oyuncu,Jenerik,Türkçe,Head,Oyuncu Jenerik,sevilla,,,,,,
joan jordán kimdir,La Liga,Futbol,Lig,1. Seviye,Çekirdek,Erkek,Kulüp,Takım Sporu,İspanya,Yabancı,Yok,TV+ Var,Yıllık,Sürekli Lig,Oyuncu Bilgi,Bilgi,Oyuncu,Jenerik,Türkçe,Body,Oyuncu Bilgi,sevilla,,,,,,
joan jordán hangi takımda,La Liga,Futbol,Lig,1. Seviye,Çekirdek,Erkek,Kulüp,Takım Sporu,İspanya,Yabancı,Yok,TV+ Var,Yıllık,Sürekli Lig,Oyuncu Bilgi,Bilgi,Oyuncu,Jenerik,Türkçe,Body,Oyuncu Bilgi,sevilla,,,,,,
joan jordán istatistik,La Liga,Futbol,Lig,1. Seviye,Çekirdek,Erkek,Kulüp,Takım Sporu,İspanya,Yabancı,Yok,TV+ Var,Yıllık,Sürekli Lig,İstatistik,Bilgi,Oyuncu,Jenerik,Türkçe,Body,İstatistik,sevilla,,,,,,
jesús corona,La Liga,Futbol,Lig,1. Seviye,Çekirdek,Erkek,Kulüp,Takım Sporu,İspanya,Yabancı,Yok,TV+ Var,Yıllık,Sürekli Lig,Oyuncu Jenerik,Bilgi,Oyuncu,Jenerik,Türkçe,Head,Oyuncu Jenerik,sevilla,,,,,,
jesús corona kimdir,La Liga,Futbol,Lig,1. Seviye,Çekirdek,Erkek,Kulüp,Takım Sporu,İspanya,Yabancı,Yok,TV+ Var,Yıllık,Sürekli Lig,Oyuncu Bilgi,Bilgi,Oyuncu,Jenerik,Türkçe,Body,Oyuncu Bilgi,sevilla,,,,,,
jesús corona hangi takımda,La Liga,Futbol,Lig,1. Seviye,Çekirdek,Erkek,Kulüp,Takım Sporu,İspanya,Yabancı,Yok,TV+ Var,Yıllık,Sürekli Lig,Oyuncu Bilgi,Bilgi,Oyuncu,Jenerik,Türkçe,Body,Oyuncu Bilgi,sevilla,,,,,,
jesús corona istatistik,La Liga,Futbol,Lig,1. Seviye,Çekirdek,Erkek,Kulüp,Takım Sporu,İspanya,Yabancı,Yok,TV+ Var,Yıllık,Sürekli Lig,İstatistik,Bilgi,Oyuncu,Jenerik,Türkçe,Body,İstatistik,sevilla,,,,,,
ivan rakitić,La Liga,Futbol,Lig,1. Seviye,Çekirdek,Erkek,Kulüp,Takım Sporu,İspanya,Yabancı,Yok,TV+ Var,Yıllık,Sürekli Lig,Oyuncu Jenerik,Bilgi,Oyuncu,Jenerik,Türkçe,Head,Oyuncu Jenerik,sevilla,,,,,,
ivan rakitić kimdir,La Liga,Futbol,Lig,1. Seviye,Çekirdek,Erkek,Kulüp,Takım Sporu,İspanya,Yabancı,Yok,TV+ Var,Yıllık,Sürekli Lig,Oyuncu Bilgi,Bilgi,Oyuncu,Jenerik,Türkçe,Body,Oyuncu Bilgi,sevilla,,,,,,
ivan rakitić hangi takımda,La Liga,Futbol,Lig,1. Seviye,Çekirdek,Erkek,Kulüp,Takım Sporu,İspanya,Yabancı,Yok,TV+ Var,Yıllık,Sürekli Lig,Oyuncu Bilgi,Bilgi,Oyuncu,Jenerik,Türkçe,Body,Oyuncu Bilgi,sevilla,,,,,,
ivan rakitić istatistik,La Liga,Futbol,Lig,1. Seviye,Çekirdek,Erkek,Kulüp,Takım Sporu,İspanya,Yabancı,Yok,TV+ Var,Yıllık,Sürekli Lig,İstatistik,Bilgi,Oyuncu,Jenerik,Türkçe,Body,İstatistik,sevilla,,,,,,
yûsef en-nesîrî,La Liga,Futbol,Lig,1. Seviye,Çekirdek,Erkek,Kulüp,Takım Sporu,İspanya,Yabancı,Yok,TV+ Var,Yıllık,Sürekli Lig,Oyuncu Jenerik,Bilgi,Oyuncu,Jenerik,Türkçe,Head,Oyuncu Jenerik,sevilla,,,,,,
yûsef en-nesîrî kimdir,La Liga,Futbol,Lig,1. Seviye,Çekirdek,Erkek,Kulüp,Takım Sporu,İspanya,Yabancı,Yok,TV+ Var,Yıllık,Sürekli Lig,Oyuncu Bilgi,Bilgi,Oyuncu,Jenerik,Türkçe,Body,Oyuncu Bilgi,sevilla,,,,,,
yûsef en-nesîrî hangi takımda,La Liga,Futbol,Lig,1. Seviye,Çekirdek,Erkek,Kulüp,Takım Sporu,İspanya,Yabancı,Yok,TV+ Var,Yıllık,Sürekli Lig,Oyuncu Bilgi,Bilgi,Oyuncu,Jenerik,Türkçe,Body,Oyuncu Bilgi,sevilla,,,,,,
yûsef en-nesîrî istatistik,La Liga,Futbol,Lig,1. Seviye,Çekirdek,Erkek,Kulüp,Takım Sporu,İspanya,Yabancı,Yok,TV+ Var,Yıllık,Sürekli Lig,İstatistik,Bilgi,Oyuncu,Jenerik,Türkçe,Body,İstatistik,sevilla,,,,,,
jesús navas,La Liga,Futbol,Lig,1. Seviye,Çekirdek,Erkek,Kulüp,Takım Sporu,İspanya,Yabancı,Yok,TV+ Var,Yıllık,Sürekli Lig,Oyuncu Jenerik,Bilgi,Oyuncu,Jenerik,Türkçe,Head,Oyuncu Jenerik,sevilla,,,,,,
jesús navas kimdir,La Liga,Futbol,Lig,1. Seviye,Çekirdek,Erkek,Kulüp,Takım Sporu,İspanya,Yabancı,Yok,TV+ Var,Yıllık,Sürekli Lig,Oyuncu Bilgi,Bilgi,Oyuncu,Jenerik,Türkçe,Body,Oyuncu Bilgi,sevilla,,,,,,
jesús navas hangi takımda,La Liga,Futbol,Lig,1. Seviye,Çekirdek,Erkek,Kulüp,Takım Sporu,İspanya,Yabancı,Yok,TV+ Var,Yıllık,Sürekli Lig,Oyuncu Bilgi,Bilgi,Oyuncu,Jenerik,Türkçe,Body,Oyuncu Bilgi,sevilla,,,,,,
jesús navas istatistik,La Liga,Futbol,Lig,1. Seviye,Çekirdek,Erkek,Kulüp,Takım Sporu,İspanya,Yabancı,Yok,TV+ Var,Yıllık,Sürekli Lig,İstatistik,Bilgi,Oyuncu,Jenerik,Türkçe,Body,İstatistik,sevilla,,,,,,
marcos acuña,La Liga,Futbol,Lig,1. Seviye,Çekirdek,Erkek,Kulüp,Takım Sporu,İspanya,Yabancı,Yok,TV+ Var,Yıllık,Sürekli Lig,Oyuncu Jenerik,Bilgi,Oyuncu,Jenerik,Türkçe,Head,Oyuncu Jenerik,sevilla,,,,,,
marcos acuña kimdir,La Liga,Futbol,Lig,1. Seviye,Çekirdek,Erkek,Kulüp,Takım Sporu,İspanya,Yabancı,Yok,TV+ Var,Yıllık,Sürekli Lig,Oyuncu Bilgi,Bilgi,Oyuncu,Jenerik,Türkçe,Body,Oyuncu Bilgi,sevilla,,,,,,
marcos acuña hangi takımda,La Liga,Futbol,Lig,1. Seviye,Çekirdek,Erkek,Kulüp,Takım Sporu,İspanya,Yabancı,Yok,TV+ Var,Yıllık,Sürekli Lig,Oyuncu Bilgi,Bilgi,Oyuncu,Jenerik,Türkçe,Body,Oyuncu Bilgi,sevilla,,,,,,
marcos acuña istatistik,La Liga,Futbol,Lig,1. Seviye,Çekirdek,Erkek,Kulüp,Takım Sporu,İspanya,Yabancı,Yok,TV+ Var,Yıllık,Sürekli Lig,İstatistik,Bilgi,Oyuncu,Jenerik,Türkçe,Body,İstatistik,sevilla,,,,,,
óliver torres,La Liga,Futbol,Lig,1. Seviye,Çekirdek,Erkek,Kulüp,Takım Sporu,İspanya,Yabancı,Yok,TV+ Var,Yıllık,Sürekli Lig,Oyuncu Jenerik,Bilgi,Oyuncu,Jenerik,Türkçe,Head,Oyuncu Jenerik,sevilla,,,,,,
óliver torres kimdir,La Liga,Futbol,Lig,1. Seviye,Çekirdek,Erkek,Kulüp,Takım Sporu,İspanya,Yabancı,Yok,TV+ Var,Yıllık,Sürekli Lig,Oyuncu Bilgi,Bilgi,Oyuncu,Jenerik,Türkçe,Body,Oyuncu Bilgi,sevilla,,,,,,
óliver torres hangi takımda,La Liga,Futbol,Lig,1. Seviye,Çekirdek,Erkek,Kulüp,Takım Sporu,İspanya,Yabancı,Yok,TV+ Var,Yıllık,Sürekli Lig,Oyuncu Bilgi,Bilgi,Oyuncu,Jenerik,Türkçe,Body,Oyuncu Bilgi,sevilla,,,,,,
óliver torres istatistik,La Liga,Futbol,Lig,1. Seviye,Çekirdek,Erkek,Kulüp,Takım Sporu,İspanya,Yabancı,Yok,TV+ Var,Yıllık,Sürekli Lig,İstatistik,Bilgi,Oyuncu,Jenerik,Türkçe,Body,İstatistik,sevilla,,,,,,
loïc badé,La Liga,Futbol,Lig,1. Seviye,Çekirdek,Erkek,Kulüp,Takım Sporu,İspanya,Yabancı,Yok,TV+ Var,Yıllık,Sürekli Lig,Oyuncu Jenerik,Bilgi,Oyuncu,Jenerik,Türkçe,Head,Oyuncu Jenerik,sevilla,,,,,,
loïc badé kimdir,La Liga,Futbol,Lig,1. Seviye,Çekirdek,Erkek,Kulüp,Takım Sporu,İspanya,Yabancı,Yok,TV+ Var,Yıllık,Sürekli Lig,Oyuncu Bilgi,Bilgi,Oyuncu,Jenerik,Türkçe,Body,Oyuncu Bilgi,sevilla,,,,,,
loïc badé hangi takımda,La Liga,Futbol,Lig,1. Seviye,Çekirdek,Erkek,Kulüp,Takım Sporu,İspanya,Yabancı,Yok,TV+ Var,Yıllık,Sürekli Lig,Oyuncu Bilgi,Bilgi,Oyuncu,Jenerik,Türkçe,Body,Oyuncu Bilgi,sevilla,,,,,,
loïc badé istatistik,La Liga,Futbol,Lig,1. Seviye,Çekirdek,Erkek,Kulüp,Takım Sporu,İspanya,Yabancı,Yok,TV+ Var,Yıllık,Sürekli Lig,İstatistik,Bilgi,Oyuncu,Jenerik,Türkçe,Body,İstatistik,sevilla,,,,,,
papu gómez,La Liga,Futbol,Lig,1. Seviye,Çekirdek,Erkek,Kulüp,Takım Sporu,İspanya,Yabancı,Yok,TV+ Var,Yıllık,Sürekli Lig,Oyuncu Jenerik,Bilgi,Oyuncu,Jenerik,Türkçe,Head,Oyuncu Jenerik,sevilla,,,,,,
papu gómez kimdir,La Liga,Futbol,Lig,1. Seviye,Çekirdek,Erkek,Kulüp,Takım Sporu,İspanya,Yabancı,Yok,TV+ Var,Yıllık,Sürekli Lig,Oyuncu Bilgi,Bilgi,Oyuncu,Jenerik,Türkçe,Body,Oyuncu Bilgi,sevilla,,,,,,
papu gómez hangi takımda,La Liga,Futbol,Lig,1. Seviye,Çekirdek,Erkek,Kulüp,Takım Sporu,İspanya,Yabancı,Yok,TV+ Var,Yıllık,Sürekli Lig,Oyuncu Bilgi,Bilgi,Oyuncu,Jenerik,Türkçe,Body,Oyuncu Bilgi,sevilla,,,,,,
papu gómez istatistik,La Liga,Futbol,Lig,1. Seviye,Çekirdek,Erkek,Kulüp,Takım Sporu,İspanya,Yabancı,Yok,TV+ Var,Yıllık,Sürekli Lig,İstatistik,Bilgi,Oyuncu,Jenerik,Türkçe,Body,İstatistik,sevilla,,,,,,
rubén gómez,La Liga,Futbol,Lig,1. Seviye,Çekirdek,Erkek,Kulüp,Takım Sporu,İspanya,Yabancı,Yok,TV+ Var,Yıllık,Sürekli Lig,Oyuncu Jenerik,Bilgi,Oyuncu,Jenerik,Türkçe,Head,Oyuncu Jenerik,villarreal,,,,,,
rubén gómez kimdir,La Liga,Futbol,Lig,1. Seviye,Çekirdek,Erkek,Kulüp,Takım Sporu,İspanya,Yabancı,Yok,TV+ Var,Yıllık,Sürekli Lig,Oyuncu Bilgi,Bilgi,Oyuncu,Jenerik,Türkçe,Body,Oyuncu Bilgi,villarreal,,,,,,
rubén gómez hangi takımda,La Liga,Futbol,Lig,1. Seviye,Çekirdek,Erkek,Kulüp,Takım Sporu,İspanya,Yabancı,Yok,TV+ Var,Yıllık,Sürekli Lig,Oyuncu Bilgi,Bilgi,Oyuncu,Jenerik,Türkçe,Body,Oyuncu Bilgi,villarreal,,,,,,
rubén gómez istatistik,La Liga,Futbol,Lig,1. Seviye,Çekirdek,Erkek,Kulüp,Takım Sporu,İspanya,Yabancı,Yok,TV+ Var,Yıllık,Sürekli Lig,İstatistik,Bilgi,Oyuncu,Jenerik,Türkçe,Body,İstatistik,villarreal,,,,,,
hugo lópez,La Liga,Futbol,Lig,1. Seviye,Çekirdek,Erkek,Kulüp,Takım Sporu,İspanya,Yabancı,Yok,TV+ Var,Yıllık,Sürekli Lig,Oyuncu Jenerik,Bilgi,Oyuncu,Jenerik,Türkçe,Head,Oyuncu Jenerik,villarreal,,,,,,
hugo lópez kimdir,La Liga,Futbol,Lig,1. Seviye,Çekirdek,Erkek,Kulüp,Takım Sporu,İspanya,Yabancı,Yok,TV+ Var,Yıllık,Sürekli Lig,Oyuncu Bilgi,Bilgi,Oyuncu,Jenerik,Türkçe,Body,Oyuncu Bilgi,villarreal,,,,,,
hugo lópez hangi takımda,La Liga,Futbol,Lig,1. Seviye,Çekirdek,Erkek,Kulüp,Takım Sporu,İspanya,Yabancı,Yok,TV+ Var,Yıllık,Sürekli Lig,Oyuncu Bilgi,Bilgi,Oyuncu,Jenerik,Türkçe,Body,Oyuncu Bilgi,villarreal,,,,,,
hugo lópez istatistik,La Liga,Futbol,Lig,1. Seviye,Çekirdek,Erkek,Kulüp,Takım Sporu,İspanya,Yabancı,Yok,TV+ Var,Yıllık,Sürekli Lig,İstatistik,Bilgi,Oyuncu,Jenerik,Türkçe,Body,İstatistik,villarreal,,,,,,
iván rodríguez,La Liga,Futbol,Lig,1. Seviye,Çekirdek,Erkek,Kulüp,Takım Sporu,İspanya,Yabancı,Yok,TV+ Var,Yıllık,Sürekli Lig,Oyuncu Jenerik,Bilgi,Oyuncu,Jenerik,Türkçe,Head,Oyuncu Jenerik,villarreal,,,,,,
iván rodríguez kimdir,La Liga,Futbol,Lig,1. Seviye,Çekirdek,Erkek,Kulüp,Takım Sporu,İspanya,Yabancı,Yok,TV+ Var,Yıllık,Sürekli Lig,Oyuncu Bilgi,Bilgi,Oyuncu,Jenerik,Türkçe,Body,Oyuncu Bilgi,villarreal,,,,,,
iván rodríguez hangi takımda,La Liga,Futbol,Lig,1. Seviye,Çekirdek,Erkek,Kulüp,Takım Sporu,İspanya,Yabancı,Yok,TV+ Var,Yıllık,Sürekli Lig,Oyuncu Bilgi,Bilgi,Oyuncu,Jenerik,Türkçe,Body,Oyuncu Bilgi,villarreal,,,,,,
iván rodríguez istatistik,La Liga,Futbol,Lig,1. Seviye,Çekirdek,Erkek,Kulüp,Takım Sporu,İspanya,Yabancı,Yok,TV+ Var,Yıllık,Sürekli Lig,İstatistik,Bilgi,Oyuncu,Jenerik,Türkçe,Body,İstatistik,villarreal,,,,,,
sd huesca,La Liga,Futbol,Lig,1. Seviye,Çekirdek,Erkek,Kulüp,Takım Sporu,İspanya,Yabancı,Yok,TV+ Var,Yıllık,Sürekli Lig,Oyuncu Jenerik,Bilgi,Oyuncu,Jenerik,İngilizce,Head,Oyuncu Jenerik,villarreal,,,,,,
sd huesca kimdir,La Liga,Futbol,Lig,1. Seviye,Çekirdek,Erkek,Kulüp,Takım Sporu,İspanya,Yabancı,Yok,TV+ Var,Yıllık,Sürekli Lig,Oyuncu Bilgi,Bilgi,Oyuncu,Jenerik,İngilizce,Body,Oyuncu Bilgi,villarreal,,,,,,
sd huesca hangi takımda,La Liga,Futbol,Lig,1. Seviye,Çekirdek,Erkek,Kulüp,Takım Sporu,İspanya,Yabancı,Yok,TV+ Var,Yıllık,Sürekli Lig,Oyuncu Bilgi,Bilgi,Oyuncu,Jenerik,Türkçe,Body,Oyuncu Bilgi,villarreal,,,,,,
sd huesca istatistik,La Liga,Futbol,Lig,1. Seviye,Çekirdek,Erkek,Kulüp,Takım Sporu,İspanya,Yabancı,Yok,TV+ Var,Yıllık,Sürekli Lig,İstatistik,Bilgi,Oyuncu,Jenerik,İngilizce,Body,İstatistik,villarreal,,,,,,
ukrainian association of football,La Liga,Futbol,Lig,1. Seviye,Çekirdek,Erkek,Kulüp,Takım Sporu,İspanya,Yabancı,Yok,TV+ Var,Yıllık,Sürekli Lig,Oyuncu Jenerik,Bilgi,Oyuncu,Jenerik,İngilizce,Body,Oyuncu Jenerik,villarreal,,,,,,
ukrainian association of football kimdir,La Liga,Futbol,Lig,1. Seviye,Çekirdek,Erkek,Kulüp,Takım Sporu,İspanya,Yabancı,Yok,TV+ Var,Yıllık,Sürekli Lig,Oyuncu Bilgi,Bilgi,Oyuncu,Jenerik,İngilizce,Long-tail,Oyuncu Bilgi,villarreal,,,,,,
ukrainian association of football hangi takımda,La Liga,Futbol,Lig,1. Seviye,Çekirdek,Erkek,Kulüp,Takım Sporu,İspanya,Yabancı,Yok,TV+ Var,Yıllık,Sürekli Lig,Oyuncu Bilgi,Bilgi,Oyuncu,Jenerik,Türkçe,Long-tail,Oyuncu Bilgi,villarreal,,,,,,
ukrainian association of football istatistik,La Liga,Futbol,Lig,1. Seviye,Çekirdek,Erkek,Kulüp,Takım Sporu,İspanya,Yabancı,Yok,TV+ Var,Yıllık,Sürekli Lig,İstatistik,Bilgi,Oyuncu,Jenerik,İngilizce,Long-tail,İstatistik,villarreal,,,,,,
carlos maciá,La Liga,Futbol,Lig,1. Seviye,Çekirdek,Erkek,Kulüp,Takım Sporu,İspanya,Yabancı,Yok,TV+ Var,Yıllık,Sürekli Lig,Oyuncu Jenerik,Bilgi,Oyuncu,Jenerik,Türkçe,Head,Oyuncu Jenerik,villarreal,,,,,,
carlos maciá kimdir,La Liga,Futbol,Lig,1. Seviye,Çekirdek,Erkek,Kulüp,Takım Sporu,İspanya,Yabancı,Yok,TV+ Var,Yıllık,Sürekli Lig,Oyuncu Bilgi,Bilgi,Oyuncu,Jenerik,Türkçe,Body,Oyuncu Bilgi,villarreal,,,,,,
carlos maciá hangi takımda,La Liga,Futbol,Lig,1. Seviye,Çekirdek,Erkek,Kulüp,Takım Sporu,İspanya,Yabancı,Yok,TV+ Var,Yıllık,Sürekli Lig,Oyuncu Bilgi,Bilgi,Oyuncu,Jenerik,Türkçe,Body,Oyuncu Bilgi,villarreal,,,,,,
carlos maciá istatistik,La Liga,Futbol,Lig,1. Seviye,Çekirdek,Erkek,Kulüp,Takım Sporu,İspanya,Yabancı,Yok,TV+ Var,Yıllık,Sürekli Lig,İstatistik,Bilgi,Oyuncu,Jenerik,Türkçe,Body,İstatistik,villarreal,,,,,,
unai simón,La Liga,Futbol,Lig,1. Seviye,Çekirdek,Erkek,Kulüp,Takım Sporu,İspanya,Yabancı,Yok,TV+ Var,Yıllık,Sürekli Lig,Oyuncu Jenerik,Bilgi,Oyuncu,Jenerik,Türkçe,Head,Oyuncu Jenerik,athletic bilbao,,,,,,
unai simón kimdir,La Liga,Futbol,Lig,1. Seviye,Çekirdek,Erkek,Kulüp,Takım Sporu,İspanya,Yabancı,Yok,TV+ Var,Yıllık,Sürekli Lig,Oyuncu Bilgi,Bilgi,Oyuncu,Jenerik,Türkçe,Body,Oyuncu Bilgi,athletic bilbao,,,,,,
unai simón hangi takımda,La Liga,Futbol,Lig,1. Seviye,Çekirdek,Erkek,Kulüp,Takım Sporu,İspanya,Yabancı,Yok,TV+ Var,Yıllık,Sürekli Lig,Oyuncu Bilgi,Bilgi,Oyuncu,Jenerik,Türkçe,Body,Oyuncu Bilgi,athletic bilbao,,,,,,
unai simón istatistik,La Liga,Futbol,Lig,1. Seviye,Çekirdek,Erkek,Kulüp,Takım Sporu,İspanya,Yabancı,Yok,TV+ Var,Yıllık,Sürekli Lig,İstatistik,Bilgi,Oyuncu,Jenerik,Türkçe,Body,İstatistik,athletic bilbao,,,,,,
daniel vivian,La Liga,Futbol,Lig,1. Seviye,Çekirdek,Erkek,Kulüp,Takım Sporu,İspanya,Yabancı,Yok,TV+ Var,Yıllık,Sürekli Lig,Oyuncu Jenerik,Bilgi,Oyuncu,Jenerik,İngilizce,Head,Oyuncu Jenerik,athletic bilbao,,,,,,
daniel vivian kimdir,La Liga,Futbol,Lig,1. Seviye,Çekirdek,Erkek,Kulüp,Takım Sporu,İspanya,Yabancı,Yok,TV+ Var,Yıllık,Sürekli Lig,Oyuncu Bilgi,Bilgi,Oyuncu,Jenerik,İngilizce,Body,Oyuncu Bilgi,athletic bilbao,,,,,,
daniel vivian hangi takımda,La Liga,Futbol,Lig,1. Seviye,Çekirdek,Erkek,Kulüp,Takım Sporu,İspanya,Yabancı,Yok,TV+ Var,Yıllık,Sürekli Lig,Oyuncu Bilgi,Bilgi,Oyuncu,Jenerik,Türkçe,Body,Oyuncu Bilgi,athletic bilbao,,,,,,
daniel vivian istatistik,La Liga,Futbol,Lig,1. Seviye,Çekirdek,Erkek,Kulüp,Takım Sporu,İspanya,Yabancı,Yok,TV+ Var,Yıllık,Sürekli Lig,İstatistik,Bilgi,Oyuncu,Jenerik,İngilizce,Body,İstatistik,athletic bilbao,,,,,,
iñaki williams,La Liga,Futbol,Lig,1. Seviye,Çekirdek,Erkek,Kulüp,Takım Sporu,İspanya,Yabancı,Yok,TV+ Var,Yıllık,Sürekli Lig,Oyuncu Jenerik,Bilgi,Oyuncu,Jenerik,Türkçe,Head,Oyuncu Jenerik,athletic bilbao,,,,,,
iñaki williams kimdir,La Liga,Futbol,Lig,1. Seviye,Çekirdek,Erkek,Kulüp,Takım Sporu,İspanya,Yabancı,Yok,TV+ Var,Yıllık,Sürekli Lig,Oyuncu Bilgi,Bilgi,Oyuncu,Jenerik,Türkçe,Body,Oyuncu Bilgi,athletic bilbao,,,,,,
iñaki williams hangi takımda,La Liga,Futbol,Lig,1. Seviye,Çekirdek,Erkek,Kulüp,Takım Sporu,İspanya,Yabancı,Yok,TV+ Var,Yıllık,Sürekli Lig,Oyuncu Bilgi,Bilgi,Oyuncu,Jenerik,Türkçe,Body,Oyuncu Bilgi,athletic bilbao,,,,,,
iñaki williams istatistik,La Liga,Futbol,Lig,1. Seviye,Çekirdek,Erkek,Kulüp,Takım Sporu,İspanya,Yabancı,Yok,TV+ Var,Yıllık,Sürekli Lig,İstatistik,Bilgi,Oyuncu,Jenerik,Türkçe,Body,İstatistik,athletic bilbao,,,,,,
óscar de marcos,La Liga,Futbol,Lig,1. Seviye,Çekirdek,Erkek,Kulüp,Takım Sporu,İspanya,Yabancı,Yok,TV+ Var,Yıllık,Sürekli Lig,Oyuncu Jenerik,Bilgi,Oyuncu,Jenerik,Türkçe,Body,Oyuncu Jenerik,athletic bilbao,,,,,,
óscar de marcos kimdir,La Liga,Futbol,Lig,1. Seviye,Çekirdek,Erkek,Kulüp,Takım Sporu,İspanya,Yabancı,Yok,TV+ Var,Yıllık,Sürekli Lig,Oyuncu Bilgi,Bilgi,Oyuncu,Jenerik,Türkçe,Body,Oyuncu Bilgi,athletic bilbao,,,,,,
óscar de marcos hangi takımda,La Liga,Futbol,Lig,1. Seviye,Çekirdek,Erkek,Kulüp,Takım Sporu,İspanya,Yabancı,Yok,TV+ Var,Yıllık,Sürekli Lig,Oyuncu Bilgi,Bilgi,Oyuncu,Jenerik,Türkçe,Long-tail,Oyuncu Bilgi,athletic bilbao,,,,,,
óscar de marcos istatistik,La Liga,Futbol,Lig,1. Seviye,Çekirdek,Erkek,Kulüp,Takım Sporu,İspanya,Yabancı,Yok,TV+ Var,Yıllık,Sürekli Lig,İstatistik,Bilgi,Oyuncu,Jenerik,Türkçe,Body,İstatistik,athletic bilbao,,,,,,
unai gómez,La Liga,Futbol,Lig,1. Seviye,Çekirdek,Erkek,Kulüp,Takım Sporu,İspanya,Yabancı,Yok,TV+ Var,Yıllık,Sürekli Lig,Oyuncu Jenerik,Bilgi,Oyuncu,Jenerik,Türkçe,Head,Oyuncu Jenerik,athletic bilbao,,,,,,
unai gómez kimdir,La Liga,Futbol,Lig,1. Seviye,Çekirdek,Erkek,Kulüp,Takım Sporu,İspanya,Yabancı,Yok,TV+ Var,Yıllık,Sürekli Lig,Oyuncu Bilgi,Bilgi,Oyuncu,Jenerik,Türkçe,Body,Oyuncu Bilgi,athletic bilbao,,,,,,
unai gómez hangi takımda,La Liga,Futbol,Lig,1. Seviye,Çekirdek,Erkek,Kulüp,Takım Sporu,İspanya,Yabancı,Yok,TV+ Var,Yıllık,Sürekli Lig,Oyuncu Bilgi,Bilgi,Oyuncu,Jenerik,Türkçe,Body,Oyuncu Bilgi,athletic bilbao,,,,,,
unai gómez istatistik,La Liga,Futbol,Lig,1. Seviye,Çekirdek,Erkek,Kulüp,Takım Sporu,İspanya,Yabancı,Yok,TV+ Var,Yıllık,Sürekli Lig,İstatistik,Bilgi,Oyuncu,Jenerik,Türkçe,Body,İstatistik,athletic bilbao,,,,,,
álex padilla,La Liga,Futbol,Lig,1. Seviye,Çekirdek,Erkek,Kulüp,Takım Sporu,İspanya,Yabancı,Yok,TV+ Var,Yıllık,Sürekli Lig,Oyuncu Jenerik,Bilgi,Oyuncu,Jenerik,Türkçe,Head,Oyuncu Jenerik,athletic bilbao,,,,,,
álex padilla kimdir,La Liga,Futbol,Lig,1. Seviye,Çekirdek,Erkek,Kulüp,Takım Sporu,İspanya,Yabancı,Yok,TV+ Var,Yıllık,Sürekli Lig,Oyuncu Bilgi,Bilgi,Oyuncu,Jenerik,Türkçe,Body,Oyuncu Bilgi,athletic bilbao,,,,,,
álex padilla hangi takımda,La Liga,Futbol,Lig,1. Seviye,Çekirdek,Erkek,Kulüp,Takım Sporu,İspanya,Yabancı,Yok,TV+ Var,Yıllık,Sürekli Lig,Oyuncu Bilgi,Bilgi,Oyuncu,Jenerik,Türkçe,Body,Oyuncu Bilgi,athletic bilbao,,,,,,
álex padilla istatistik,La Liga,Futbol,Lig,1. Seviye,Çekirdek,Erkek,Kulüp,Takım Sporu,İspanya,Yabancı,Yok,TV+ Var,Yıllık,Sürekli Lig,İstatistik,Bilgi,Oyuncu,Jenerik,Türkçe,Body,İstatistik,athletic bilbao,,,,,,
guido rodríguez,La Liga,Futbol,Lig,1. Seviye,Çekirdek,Erkek,Kulüp,Takım Sporu,İspanya,Yabancı,Yok,TV+ Var,Yıllık,Sürekli Lig,Oyuncu Jenerik,Bilgi,Oyuncu,Jenerik,Türkçe,Head,Oyuncu Jenerik,valencia,,,,,,
guido rodríguez kimdir,La Liga,Futbol,Lig,1. Seviye,Çekirdek,Erkek,Kulüp,Takım Sporu,İspanya,Yabancı,Yok,TV+ Var,Yıllık,Sürekli Lig,Oyuncu Bilgi,Bilgi,Oyuncu,Jenerik,Türkçe,Body,Oyuncu Bilgi,valencia,,,,,,
guido rodríguez hangi takımda,La Liga,Futbol,Lig,1. Seviye,Çekirdek,Erkek,Kulüp,Takım Sporu,İspanya,Yabancı,Yok,TV+ Var,Yıllık,Sürekli Lig,Oyuncu Bilgi,Bilgi,Oyuncu,Jenerik,Türkçe,Body,Oyuncu Bilgi,valencia,,,,,,
guido rodríguez istatistik,La Liga,Futbol,Lig,1. Seviye,Çekirdek,Erkek,Kulüp,Takım Sporu,İspanya,Yabancı,Yok,TV+ Var,Yıllık,Sürekli Lig,İstatistik,Bilgi,Oyuncu,Jenerik,Türkçe,Body,İstatistik,valencia,,,,,,
josé manuel copete,La Liga,Futbol,Lig,1. Seviye,Çekirdek,Erkek,Kulüp,Takım Sporu,İspanya,Yabancı,Yok,TV+ Var,Yıllık,Sürekli Lig,Oyuncu Jenerik,Bilgi,Oyuncu,Jenerik,Türkçe,Body,Oyuncu Jenerik,valencia,,,,,,
josé manuel copete kimdir,La Liga,Futbol,Lig,1. Seviye,Çekirdek,Erkek,Kulüp,Takım Sporu,İspanya,Yabancı,Yok,TV+ Var,Yıllık,Sürekli Lig,Oyuncu Bilgi,Bilgi,Oyuncu,Jenerik,Türkçe,Body,Oyuncu Bilgi,valencia,,,,,,
josé manuel copete hangi takımda,La Liga,Futbol,Lig,1. Seviye,Çekirdek,Erkek,Kulüp,Takım Sporu,İspanya,Yabancı,Yok,TV+ Var,Yıllık,Sürekli Lig,Oyuncu Bilgi,Bilgi,Oyuncu,Jenerik,Türkçe,Long-tail,Oyuncu Bilgi,valencia,,,,,,
josé manuel copete istatistik,La Liga,Futbol,Lig,1. Seviye,Çekirdek,Erkek,Kulüp,Takım Sporu,İspanya,Yabancı,Yok,TV+ Var,Yıllık,Sürekli Lig,İstatistik,Bilgi,Oyuncu,Jenerik,Türkçe,Body,İstatistik,valencia,,,,,,
césar tárrega,La Liga,Futbol,Lig,1. Seviye,Çekirdek,Erkek,Kulüp,Takım Sporu,İspanya,Yabancı,Yok,TV+ Var,Yıllık,Sürekli Lig,Oyuncu Jenerik,Bilgi,Oyuncu,Jenerik,Türkçe,Head,Oyuncu Jenerik,valencia,,,,,,
césar tárrega kimdir,La Liga,Futbol,Lig,1. Seviye,Çekirdek,Erkek,Kulüp,Takım Sporu,İspanya,Yabancı,Yok,TV+ Var,Yıllık,Sürekli Lig,Oyuncu Bilgi,Bilgi,Oyuncu,Jenerik,Türkçe,Body,Oyuncu Bilgi,valencia,,,,,,
césar tárrega hangi takımda,La Liga,Futbol,Lig,1. Seviye,Çekirdek,Erkek,Kulüp,Takım Sporu,İspanya,Yabancı,Yok,TV+ Var,Yıllık,Sürekli Lig,Oyuncu Bilgi,Bilgi,Oyuncu,Jenerik,Türkçe,Body,Oyuncu Bilgi,valencia,,,,,,
césar tárrega istatistik,La Liga,Futbol,Lig,1. Seviye,Çekirdek,Erkek,Kulüp,Takım Sporu,İspanya,Yabancı,Yok,TV+ Var,Yıllık,Sürekli Lig,İstatistik,Bilgi,Oyuncu,Jenerik,Türkçe,Body,İstatistik,valencia,,,,,,
andré almeida,La Liga,Futbol,Lig,1. Seviye,Çekirdek,Erkek,Kulüp,Takım Sporu,İspanya,Yabancı,Yok,TV+ Var,Yıllık,Sürekli Lig,Oyuncu Jenerik,Bilgi,Oyuncu,Jenerik,Türkçe,Head,Oyuncu Jenerik,valencia,,,,,,
andré almeida kimdir,La Liga,Futbol,Lig,1. Seviye,Çekirdek,Erkek,Kulüp,Takım Sporu,İspanya,Yabancı,Yok,TV+ Var,Yıllık,Sürekli Lig,Oyuncu Bilgi,Bilgi,Oyuncu,Jenerik,Türkçe,Body,Oyuncu Bilgi,valencia,,,,,,
andré almeida hangi takımda,La Liga,Futbol,Lig,1. Seviye,Çekirdek,Erkek,Kulüp,Takım Sporu,İspanya,Yabancı,Yok,TV+ Var,Yıllık,Sürekli Lig,Oyuncu Bilgi,Bilgi,Oyuncu,Jenerik,Türkçe,Body,Oyuncu Bilgi,valencia,,,,,,
andré almeida istatistik,La Liga,Futbol,Lig,1. Seviye,Çekirdek,Erkek,Kulüp,Takım Sporu,İspanya,Yabancı,Yok,TV+ Var,Yıllık,Sürekli Lig,İstatistik,Bilgi,Oyuncu,Jenerik,Türkçe,Body,İstatistik,valencia,,,,,,
josé gayà,La Liga,Futbol,Lig,1. Seviye,Çekirdek,Erkek,Kulüp,Takım Sporu,İspanya,Yabancı,Yok,TV+ Var,Yıllık,Sürekli Lig,Oyuncu Jenerik,Bilgi,Oyuncu,Jenerik,Türkçe,Head,Oyuncu Jenerik,valencia,,,,,,
josé gayà kimdir,La Liga,Futbol,Lig,1. Seviye,Çekirdek,Erkek,Kulüp,Takım Sporu,İspanya,Yabancı,Yok,TV+ Var,Yıllık,Sürekli Lig,Oyuncu Bilgi,Bilgi,Oyuncu,Jenerik,Türkçe,Body,Oyuncu Bilgi,valencia,,,,,,
josé gayà hangi takımda,La Liga,Futbol,Lig,1. Seviye,Çekirdek,Erkek,Kulüp,Takım Sporu,İspanya,Yabancı,Yok,TV+ Var,Yıllık,Sürekli Lig,Oyuncu Bilgi,Bilgi,Oyuncu,Jenerik,Türkçe,Body,Oyuncu Bilgi,valencia,,,,,,
josé gayà istatistik,La Liga,Futbol,Lig,1. Seviye,Çekirdek,Erkek,Kulüp,Takım Sporu,İspanya,Yabancı,Yok,TV+ Var,Yıllık,Sürekli Lig,İstatistik,Bilgi,Oyuncu,Jenerik,Türkçe,Body,İstatistik,valencia,,,,,,
diego lópez,La Liga,Futbol,Lig,1. Seviye,Çekirdek,Erkek,Kulüp,Takım Sporu,İspanya,Yabancı,Yok,TV+ Var,Yıllık,Sürekli Lig,Oyuncu Jenerik,Bilgi,Oyuncu,Jenerik,Türkçe,Head,Oyuncu Jenerik,valencia,,,,,,
diego lópez kimdir,La Liga,Futbol,Lig,1. Seviye,Çekirdek,Erkek,Kulüp,Takım Sporu,İspanya,Yabancı,Yok,TV+ Var,Yıllık,Sürekli Lig,Oyuncu Bilgi,Bilgi,Oyuncu,Jenerik,Türkçe,Body,Oyuncu Bilgi,valencia,,,,,,
diego lópez hangi takımda,La Liga,Futbol,Lig,1. Seviye,Çekirdek,Erkek,Kulüp,Takım Sporu,İspanya,Yabancı,Yok,TV+ Var,Yıllık,Sürekli Lig,Oyuncu Bilgi,Bilgi,Oyuncu,Jenerik,Türkçe,Body,Oyuncu Bilgi,valencia,,,,,,
diego lópez istatistik,La Liga,Futbol,Lig,1. Seviye,Çekirdek,Erkek,Kulüp,Takım Sporu,İspanya,Yabancı,Yok,TV+ Var,Yıllık,Sürekli Lig,İstatistik,Bilgi,Oyuncu,Jenerik,Türkçe,Body,İstatistik,valencia,,,,,,
ligue guadeloupéenne de football,La Liga,Futbol,Lig,1. Seviye,Çekirdek,Erkek,Kulüp,Takım Sporu,İspanya,Yabancı,Yok,TV+ Var,Yıllık,Sürekli Lig,Oyuncu Jenerik,Bilgi,Oyuncu,Jenerik,Türkçe,Body,Oyuncu Jenerik,valencia,,,,,,
ligue guadeloupéenne de football kimdir,La Liga,Futbol,Lig,1. Seviye,Çekirdek,Erkek,Kulüp,Takım Sporu,İspanya,Yabancı,Yok,TV+ Var,Yıllık,Sürekli Lig,Oyuncu Bilgi,Bilgi,Oyuncu,Jenerik,Türkçe,Long-tail,Oyuncu Bilgi,valencia,,,,,,
ligue guadeloupéenne de football hangi takımda,La Liga,Futbol,Lig,1. Seviye,Çekirdek,Erkek,Kulüp,Takım Sporu,İspanya,Yabancı,Yok,TV+ Var,Yıllık,Sürekli Lig,Oyuncu Bilgi,Bilgi,Oyuncu,Jenerik,Türkçe,Long-tail,Oyuncu Bilgi,valencia,,,,,,
ligue guadeloupéenne de football istatistik,La Liga,Futbol,Lig,1. Seviye,Çekirdek,Erkek,Kulüp,Takım Sporu,İspanya,Yabancı,Yok,TV+ Var,Yıllık,Sürekli Lig,İstatistik,Bilgi,Oyuncu,Jenerik,Türkçe,Long-tail,İstatistik,valencia,,,,,,
jesús vázquez,La Liga,Futbol,Lig,1. Seviye,Çekirdek,Erkek,Kulüp,Takım Sporu,İspanya,Yabancı,Yok,TV+ Var,Yıllık,Sürekli Lig,Oyuncu Jenerik,Bilgi,Oyuncu,Jenerik,Türkçe,Head,Oyuncu Jenerik,valencia,,,,,,
jesús vázquez kimdir,La Liga,Futbol,Lig,1. Seviye,Çekirdek,Erkek,Kulüp,Takım Sporu,İspanya,Yabancı,Yok,TV+ Var,Yıllık,Sürekli Lig,Oyuncu Bilgi,Bilgi,Oyuncu,Jenerik,Türkçe,Body,Oyuncu Bilgi,valencia,,,,,,
jesús vázquez hangi takımda,La Liga,Futbol,Lig,1. Seviye,Çekirdek,Erkek,Kulüp,Takım Sporu,İspanya,Yabancı,Yok,TV+ Var,Yıllık,Sürekli Lig,Oyuncu Bilgi,Bilgi,Oyuncu,Jenerik,Türkçe,Body,Oyuncu Bilgi,valencia,,,,,,
jesús vázquez istatistik,La Liga,Futbol,Lig,1. Seviye,Çekirdek,Erkek,Kulüp,Takım Sporu,İspanya,Yabancı,Yok,TV+ Var,Yıllık,Sürekli Lig,İstatistik,Bilgi,Oyuncu,Jenerik,Türkçe,Body,İstatistik,valencia,,,,,,
filip ugrinić,La Liga,Futbol,Lig,1. Seviye,Çekirdek,Erkek,Kulüp,Takım Sporu,İspanya,Yabancı,Yok,TV+ Var,Yıllık,Sürekli Lig,Oyuncu Jenerik,Bilgi,Oyuncu,Jenerik,Türkçe,Head,Oyuncu Jenerik,valencia,,,,,,
filip ugrinić kimdir,La Liga,Futbol,Lig,1. Seviye,Çekirdek,Erkek,Kulüp,Takım Sporu,İspanya,Yabancı,Yok,TV+ Var,Yıllık,Sürekli Lig,Oyuncu Bilgi,Bilgi,Oyuncu,Jenerik,Türkçe,Body,Oyuncu Bilgi,valencia,,,,,,
filip ugrinić hangi takımda,La Liga,Futbol,Lig,1. Seviye,Çekirdek,Erkek,Kulüp,Takım Sporu,İspanya,Yabancı,Yok,TV+ Var,Yıllık,Sürekli Lig,Oyuncu Bilgi,Bilgi,Oyuncu,Jenerik,Türkçe,Body,Oyuncu Bilgi,valencia,,,,,,
filip ugrinić istatistik,La Liga,Futbol,Lig,1. Seviye,Çekirdek,Erkek,Kulüp,Takım Sporu,İspanya,Yabancı,Yok,TV+ Var,Yıllık,Sürekli Lig,İstatistik,Bilgi,Oyuncu,Jenerik,Türkçe,Body,İstatistik,valencia,,,,,,
olympiacos f.c.,La Liga,Futbol,Lig,1. Seviye,Çekirdek,Erkek,Kulüp,Takım Sporu,İspanya,Yabancı,Yok,TV+ Var,Yıllık,Sürekli Lig,Oyuncu Jenerik,Bilgi,Oyuncu,Jenerik,İngilizce,Head,Oyuncu Jenerik,valencia,,,,,,
olympiacos f.c. kimdir,La Liga,Futbol,Lig,1. Seviye,Çekirdek,Erkek,Kulüp,Takım Sporu,İspanya,Yabancı,Yok,TV+ Var,Yıllık,Sürekli Lig,Oyuncu Bilgi,Bilgi,Oyuncu,Jenerik,İngilizce,Body,Oyuncu Bilgi,valencia,,,,,,
olympiacos f.c. hangi takımda,La Liga,Futbol,Lig,1. Seviye,Çekirdek,Erkek,Kulüp,Takım Sporu,İspanya,Yabancı,Yok,TV+ Var,Yıllık,Sürekli Lig,Oyuncu Bilgi,Bilgi,Oyuncu,Jenerik,Türkçe,Body,Oyuncu Bilgi,valencia,,,,,,
olympiacos f.c. istatistik,La Liga,Futbol,Lig,1. Seviye,Çekirdek,Erkek,Kulüp,Takım Sporu,İspanya,Yabancı,Yok,TV+ Var,Yıllık,Sürekli Lig,İstatistik,Bilgi,Oyuncu,Jenerik,İngilizce,Body,İstatistik,valencia,,,,,,
ryūnosuke satō,La Liga,Futbol,Lig,1. Seviye,Çekirdek,Erkek,Kulüp,Takım Sporu,İspanya,Yabancı,Yok,TV+ Var,Yıllık,Sürekli Lig,Oyuncu Jenerik,Bilgi,Oyuncu,Jenerik,Türkçe,Head,Oyuncu Jenerik,valencia,,,,,,
ryūnosuke satō kimdir,La Liga,Futbol,Lig,1. Seviye,Çekirdek,Erkek,Kulüp,Takım Sporu,İspanya,Yabancı,Yok,TV+ Var,Yıllık,Sürekli Lig,Oyuncu Bilgi,Bilgi,Oyuncu,Jenerik,Türkçe,Body,Oyuncu Bilgi,valencia,,,,,,
ryūnosuke satō hangi takımda,La Liga,Futbol,Lig,1. Seviye,Çekirdek,Erkek,Kulüp,Takım Sporu,İspanya,Yabancı,Yok,TV+ Var,Yıllık,Sürekli Lig,Oyuncu Bilgi,Bilgi,Oyuncu,Jenerik,Türkçe,Body,Oyuncu Bilgi,valencia,,,,,,
ryūnosuke satō istatistik,La Liga,Futbol,Lig,1. Seviye,Çekirdek,Erkek,Kulüp,Takım Sporu,İspanya,Yabancı,Yok,TV+ Var,Yıllık,Sürekli Lig,İstatistik,Bilgi,Oyuncu,Jenerik,Türkçe,Body,İstatistik,valencia,,,,,,
pablo busto,La Liga,Futbol,Lig,1. Seviye,Çekirdek,Erkek,Kulüp,Takım Sporu,İspanya,Yabancı,Yok,TV+ Var,Yıllık,Sürekli Lig,Oyuncu Jenerik,Bilgi,Oyuncu,Jenerik,İngilizce,Head,Oyuncu Jenerik,real betis,,,,,,
pablo busto kimdir,La Liga,Futbol,Lig,1. Seviye,Çekirdek,Erkek,Kulüp,Takım Sporu,İspanya,Yabancı,Yok,TV+ Var,Yıllık,Sürekli Lig,Oyuncu Bilgi,Bilgi,Oyuncu,Jenerik,İngilizce,Body,Oyuncu Bilgi,real betis,,,,,,
pablo busto hangi takımda,La Liga,Futbol,Lig,1. Seviye,Çekirdek,Erkek,Kulüp,Takım Sporu,İspanya,Yabancı,Yok,TV+ Var,Yıllık,Sürekli Lig,Oyuncu Bilgi,Bilgi,Oyuncu,Jenerik,Türkçe,Body,Oyuncu Bilgi,real betis,,,,,,
pablo busto istatistik,La Liga,Futbol,Lig,1. Seviye,Çekirdek,Erkek,Kulüp,Takım Sporu,İspanya,Yabancı,Yok,TV+ Var,Yıllık,Sürekli Lig,İstatistik,Bilgi,Oyuncu,Jenerik,İngilizce,Body,İstatistik,real betis,,,,,,
ian forns,La Liga,Futbol,Lig,1. Seviye,Çekirdek,Erkek,Kulüp,Takım Sporu,İspanya,Yabancı,Yok,TV+ Var,Yıllık,Sürekli Lig,Oyuncu Jenerik,Bilgi,Oyuncu,Jenerik,İngilizce,Head,Oyuncu Jenerik,real betis,,,,,,
ian forns kimdir,La Liga,Futbol,Lig,1. Seviye,Çekirdek,Erkek,Kulüp,Takım Sporu,İspanya,Yabancı,Yok,TV+ Var,Yıllık,Sürekli Lig,Oyuncu Bilgi,Bilgi,Oyuncu,Jenerik,İngilizce,Body,Oyuncu Bilgi,real betis,,,,,,
ian forns hangi takımda,La Liga,Futbol,Lig,1. Seviye,Çekirdek,Erkek,Kulüp,Takım Sporu,İspanya,Yabancı,Yok,TV+ Var,Yıllık,Sürekli Lig,Oyuncu Bilgi,Bilgi,Oyuncu,Jenerik,Türkçe,Body,Oyuncu Bilgi,real betis,,,,,,
ian forns istatistik,La Liga,Futbol,Lig,1. Seviye,Çekirdek,Erkek,Kulüp,Takım Sporu,İspanya,Yabancı,Yok,TV+ Var,Yıllık,Sürekli Lig,İstatistik,Bilgi,Oyuncu,Jenerik,İngilizce,Body,İstatistik,real betis,,,,,,
elyaz zidane,La Liga,Futbol,Lig,1. Seviye,Çekirdek,Erkek,Kulüp,Takım Sporu,İspanya,Yabancı,Yok,TV+ Var,Yıllık,Sürekli Lig,Oyuncu Jenerik,Bilgi,Oyuncu,Jenerik,İngilizce,Head,Oyuncu Jenerik,real betis,,,,,,
elyaz zidane kimdir,La Liga,Futbol,Lig,1. Seviye,Çekirdek,Erkek,Kulüp,Takım Sporu,İspanya,Yabancı,Yok,TV+ Var,Yıllık,Sürekli Lig,Oyuncu Bilgi,Bilgi,Oyuncu,Jenerik,İngilizce,Body,Oyuncu Bilgi,real betis,,,,,,
elyaz zidane hangi takımda,La Liga,Futbol,Lig,1. Seviye,Çekirdek,Erkek,Kulüp,Takım Sporu,İspanya,Yabancı,Yok,TV+ Var,Yıllık,Sürekli Lig,Oyuncu Bilgi,Bilgi,Oyuncu,Jenerik,Türkçe,Body,Oyuncu Bilgi,real betis,,,,,,
elyaz zidane istatistik,La Liga,Futbol,Lig,1. Seviye,Çekirdek,Erkek,Kulüp,Takım Sporu,İspanya,Yabancı,Yok,TV+ Var,Yıllık,Sürekli Lig,İstatistik,Bilgi,Oyuncu,Jenerik,İngilizce,Body,İstatistik,real betis,,,,,,
ismael barea,La Liga,Futbol,Lig,1. Seviye,Çekirdek,Erkek,Kulüp,Takım Sporu,İspanya,Yabancı,Yok,TV+ Var,Yıllık,Sürekli Lig,Oyuncu Jenerik,Bilgi,Oyuncu,Jenerik,İngilizce,Head,Oyuncu Jenerik,real betis,,,,,,
ismael barea kimdir,La Liga,Futbol,Lig,1. Seviye,Çekirdek,Erkek,Kulüp,Takım Sporu,İspanya,Yabancı,Yok,TV+ Var,Yıllık,Sürekli Lig,Oyuncu Bilgi,Bilgi,Oyuncu,Jenerik,İngilizce,Body,Oyuncu Bilgi,real betis,,,,,,
ismael barea hangi takımda,La Liga,Futbol,Lig,1. Seviye,Çekirdek,Erkek,Kulüp,Takım Sporu,İspanya,Yabancı,Yok,TV+ Var,Yıllık,Sürekli Lig,Oyuncu Bilgi,Bilgi,Oyuncu,Jenerik,Türkçe,Body,Oyuncu Bilgi,real betis,,,,,,
ismael barea istatistik,La Liga,Futbol,Lig,1. Seviye,Çekirdek,Erkek,Kulüp,Takım Sporu,İspanya,Yabancı,Yok,TV+ Var,Yıllık,Sürekli Lig,İstatistik,Bilgi,Oyuncu,Jenerik,İngilizce,Body,İstatistik,real betis,,,,,,
pablo garcía,La Liga,Futbol,Lig,1. Seviye,Çekirdek,Erkek,Kulüp,Takım Sporu,İspanya,Yabancı,Yok,TV+ Var,Yıllık,Sürekli Lig,Oyuncu Jenerik,Bilgi,Oyuncu,Jenerik,Türkçe,Head,Oyuncu Jenerik,real betis,,,,,,
pablo garcía kimdir,La Liga,Futbol,Lig,1. Seviye,Çekirdek,Erkek,Kulüp,Takım Sporu,İspanya,Yabancı,Yok,TV+ Var,Yıllık,Sürekli Lig,Oyuncu Bilgi,Bilgi,Oyuncu,Jenerik,Türkçe,Body,Oyuncu Bilgi,real betis,,,,,,
pablo garcía hangi takımda,La Liga,Futbol,Lig,1. Seviye,Çekirdek,Erkek,Kulüp,Takım Sporu,İspanya,Yabancı,Yok,TV+ Var,Yıllık,Sürekli Lig,Oyuncu Bilgi,Bilgi,Oyuncu,Jenerik,Türkçe,Body,Oyuncu Bilgi,real betis,,,,,,
pablo garcía istatistik,La Liga,Futbol,Lig,1. Seviye,Çekirdek,Erkek,Kulüp,Takım Sporu,İspanya,Yabancı,Yok,TV+ Var,Yıllık,Sürekli Lig,İstatistik,Bilgi,Oyuncu,Jenerik,Türkçe,Body,İstatistik,real betis,,,,,,
dani pérez,La Liga,Futbol,Lig,1. Seviye,Çekirdek,Erkek,Kulüp,Takım Sporu,İspanya,Yabancı,Yok,TV+ Var,Yıllık,Sürekli Lig,Oyuncu Jenerik,Bilgi,Oyuncu,Jenerik,Türkçe,Head,Oyuncu Jenerik,real betis,,,,,,
dani pérez kimdir,La Liga,Futbol,Lig,1. Seviye,Çekirdek,Erkek,Kulüp,Takım Sporu,İspanya,Yabancı,Yok,TV+ Var,Yıllık,Sürekli Lig,Oyuncu Bilgi,Bilgi,Oyuncu,Jenerik,Türkçe,Body,Oyuncu Bilgi,real betis,,,,,,
dani pérez hangi takımda,La Liga,Futbol,Lig,1. Seviye,Çekirdek,Erkek,Kulüp,Takım Sporu,İspanya,Yabancı,Yok,TV+ Var,Yıllık,Sürekli Lig,Oyuncu Bilgi,Bilgi,Oyuncu,Jenerik,Türkçe,Body,Oyuncu Bilgi,real betis,,,,,,
dani pérez istatistik,La Liga,Futbol,Lig,1. Seviye,Çekirdek,Erkek,Kulüp,Takım Sporu,İspanya,Yabancı,Yok,TV+ Var,Yıllık,Sürekli Lig,İstatistik,Bilgi,Oyuncu,Jenerik,Türkçe,Body,İstatistik,real betis,,,,,,
yanis senhadji,La Liga,Futbol,Lig,1. Seviye,Çekirdek,Erkek,Kulüp,Takım Sporu,İspanya,Yabancı,Yok,TV+ Var,Yıllık,Sürekli Lig,Oyuncu Jenerik,Bilgi,Oyuncu,Jenerik,İngilizce,Head,Oyuncu Jenerik,real betis,,,,,,
yanis senhadji kimdir,La Liga,Futbol,Lig,1. Seviye,Çekirdek,Erkek,Kulüp,Takım Sporu,İspanya,Yabancı,Yok,TV+ Var,Yıllık,Sürekli Lig,Oyuncu Bilgi,Bilgi,Oyuncu,Jenerik,İngilizce,Body,Oyuncu Bilgi,real betis,,,,,,
yanis senhadji hangi takımda,La Liga,Futbol,Lig,1. Seviye,Çekirdek,Erkek,Kulüp,Takım Sporu,İspanya,Yabancı,Yok,TV+ Var,Yıllık,Sürekli Lig,Oyuncu Bilgi,Bilgi,Oyuncu,Jenerik,Türkçe,Body,Oyuncu Bilgi,real betis,,,,,,
yanis senhadji istatistik,La Liga,Futbol,Lig,1. Seviye,Çekirdek,Erkek,Kulüp,Takım Sporu,İspanya,Yabancı,Yok,TV+ Var,Yıllık,Sürekli Lig,İstatistik,Bilgi,Oyuncu,Jenerik,İngilizce,Body,İstatistik,real betis,,,,,,
fcv farul constanța,La Liga,Futbol,Lig,1. Seviye,Çekirdek,Erkek,Kulüp,Takım Sporu,İspanya,Yabancı,Yok,TV+ Var,Yıllık,Sürekli Lig,Oyuncu Jenerik,Bilgi,Oyuncu,Jenerik,Türkçe,Body,Oyuncu Jenerik,real betis,,,,,,
fcv farul constanța kimdir,La Liga,Futbol,Lig,1. Seviye,Çekirdek,Erkek,Kulüp,Takım Sporu,İspanya,Yabancı,Yok,TV+ Var,Yıllık,Sürekli Lig,Oyuncu Bilgi,Bilgi,Oyuncu,Jenerik,Türkçe,Body,Oyuncu Bilgi,real betis,,,,,,
fcv farul constanța hangi takımda,La Liga,Futbol,Lig,1. Seviye,Çekirdek,Erkek,Kulüp,Takım Sporu,İspanya,Yabancı,Yok,TV+ Var,Yıllık,Sürekli Lig,Oyuncu Bilgi,Bilgi,Oyuncu,Jenerik,Türkçe,Long-tail,Oyuncu Bilgi,real betis,,,,,,
fcv farul constanța istatistik,La Liga,Futbol,Lig,1. Seviye,Çekirdek,Erkek,Kulüp,Takım Sporu,İspanya,Yabancı,Yok,TV+ Var,Yıllık,Sürekli Lig,İstatistik,Bilgi,Oyuncu,Jenerik,Türkçe,Body,İstatistik,real betis,,,,,,
aitor gismera,La Liga,Futbol,Lig,1. Seviye,Çekirdek,Erkek,Kulüp,Takım Sporu,İspanya,Yabancı,Yok,TV+ Var,Yıllık,Sürekli Lig,Oyuncu Jenerik,Bilgi,Oyuncu,Jenerik,İngilizce,Head,Oyuncu Jenerik,real betis,,,,,,
aitor gismera kimdir,La Liga,Futbol,Lig,1. Seviye,Çekirdek,Erkek,Kulüp,Takım Sporu,İspanya,Yabancı,Yok,TV+ Var,Yıllık,Sürekli Lig,Oyuncu Bilgi,Bilgi,Oyuncu,Jenerik,İngilizce,Body,Oyuncu Bilgi,real betis,,,,,,
aitor gismera hangi takımda,La Liga,Futbol,Lig,1. Seviye,Çekirdek,Erkek,Kulüp,Takım Sporu,İspanya,Yabancı,Yok,TV+ Var,Yıllık,Sürekli Lig,Oyuncu Bilgi,Bilgi,Oyuncu,Jenerik,Türkçe,Body,Oyuncu Bilgi,real betis,,,,,,
aitor gismera istatistik,La Liga,Futbol,Lig,1. Seviye,Çekirdek,Erkek,Kulüp,Takım Sporu,İspanya,Yabancı,Yok,TV+ Var,Yıllık,Sürekli Lig,İstatistik,Bilgi,Oyuncu,Jenerik,İngilizce,Body,İstatistik,real betis,,,,,,
darling bladi,La Liga,Futbol,Lig,1. Seviye,Çekirdek,Erkek,Kulüp,Takım Sporu,İspanya,Yabancı,Yok,TV+ Var,Yıllık,Sürekli Lig,Oyuncu Jenerik,Bilgi,Oyuncu,Jenerik,İngilizce,Head,Oyuncu Jenerik,real betis,,,,,,
darling bladi kimdir,La Liga,Futbol,Lig,1. Seviye,Çekirdek,Erkek,Kulüp,Takım Sporu,İspanya,Yabancı,Yok,TV+ Var,Yıllık,Sürekli Lig,Oyuncu Bilgi,Bilgi,Oyuncu,Jenerik,İngilizce,Body,Oyuncu Bilgi,real betis,,,,,,
darling bladi hangi takımda,La Liga,Futbol,Lig,1. Seviye,Çekirdek,Erkek,Kulüp,Takım Sporu,İspanya,Yabancı,Yok,TV+ Var,Yıllık,Sürekli Lig,Oyuncu Bilgi,Bilgi,Oyuncu,Jenerik,Türkçe,Body,Oyuncu Bilgi,real betis,,,,,,
darling bladi istatistik,La Liga,Futbol,Lig,1. Seviye,Çekirdek,Erkek,Kulüp,Takım Sporu,İspanya,Yabancı,Yok,TV+ Var,Yıllık,Sürekli Lig,İstatistik,Bilgi,Oyuncu,Jenerik,İngilizce,Body,İstatistik,real betis,,,,,,
josé antonio morante,La Liga,Futbol,Lig,1. Seviye,Çekirdek,Erkek,Kulüp,Takım Sporu,İspanya,Yabancı,Yok,TV+ Var,Yıllık,Sürekli Lig,Oyuncu Jenerik,Bilgi,Oyuncu,Jenerik,Türkçe,Body,Oyuncu Jenerik,real betis,,,,,,
josé antonio morante kimdir,La Liga,Futbol,Lig,1. Seviye,Çekirdek,Erkek,Kulüp,Takım Sporu,İspanya,Yabancı,Yok,TV+ Var,Yıllık,Sürekli Lig,Oyuncu Bilgi,Bilgi,Oyuncu,Jenerik,Türkçe,Body,Oyuncu Bilgi,real betis,,,,,,
josé antonio morante hangi takımda,La Liga,Futbol,Lig,1. Seviye,Çekirdek,Erkek,Kulüp,Takım Sporu,İspanya,Yabancı,Yok,TV+ Var,Yıllık,Sürekli Lig,Oyuncu Bilgi,Bilgi,Oyuncu,Jenerik,Türkçe,Long-tail,Oyuncu Bilgi,real betis,,,,,,
josé antonio morante istatistik,La Liga,Futbol,Lig,1. Seviye,Çekirdek,Erkek,Kulüp,Takım Sporu,İspanya,Yabancı,Yok,TV+ Var,Yıllık,Sürekli Lig,İstatistik,Bilgi,Oyuncu,Jenerik,Türkçe,Body,İstatistik,real betis,,,,,,
iván corralejo,La Liga,Futbol,Lig,1. Seviye,Çekirdek,Erkek,Kulüp,Takım Sporu,İspanya,Yabancı,Yok,TV+ Var,Yıllık,Sürekli Lig,Oyuncu Jenerik,Bilgi,Oyuncu,Jenerik,Türkçe,Head,Oyuncu Jenerik,real betis,,,,,,
iván corralejo kimdir,La Liga,Futbol,Lig,1. Seviye,Çekirdek,Erkek,Kulüp,Takım Sporu,İspanya,Yabancı,Yok,TV+ Var,Yıllık,Sürekli Lig,Oyuncu Bilgi,Bilgi,Oyuncu,Jenerik,Türkçe,Body,Oyuncu Bilgi,real betis,,,,,,
iván corralejo hangi takımda,La Liga,Futbol,Lig,1. Seviye,Çekirdek,Erkek,Kulüp,Takım Sporu,İspanya,Yabancı,Yok,TV+ Var,Yıllık,Sürekli Lig,Oyuncu Bilgi,Bilgi,Oyuncu,Jenerik,Türkçe,Body,Oyuncu Bilgi,real betis,,,,,,
iván corralejo istatistik,La Liga,Futbol,Lig,1. Seviye,Çekirdek,Erkek,Kulüp,Takım Sporu,İspanya,Yabancı,Yok,TV+ Var,Yıllık,Sürekli Lig,İstatistik,Bilgi,Oyuncu,Jenerik,Türkçe,Body,İstatistik,real betis,,,,,,
dominik livaković,La Liga,Futbol,Lig,1. Seviye,Çekirdek,Erkek,Kulüp,Takım Sporu,İspanya,Yabancı,Yok,TV+ Var,Yıllık,Sürekli Lig,Oyuncu Jenerik,Bilgi,Oyuncu,Jenerik,Türkçe,Head,Oyuncu Jenerik,girona,,,,,,
dominik livaković kimdir,La Liga,Futbol,Lig,1. Seviye,Çekirdek,Erkek,Kulüp,Takım Sporu,İspanya,Yabancı,Yok,TV+ Var,Yıllık,Sürekli Lig,Oyuncu Bilgi,Bilgi,Oyuncu,Jenerik,Türkçe,Body,Oyuncu Bilgi,girona,,,,,,
dominik livaković hangi takımda,La Liga,Futbol,Lig,1. Seviye,Çekirdek,Erkek,Kulüp,Takım Sporu,İspanya,Yabancı,Yok,TV+ Var,Yıllık,Sürekli Lig,Oyuncu Bilgi,Bilgi,Oyuncu,Jenerik,Türkçe,Body,Oyuncu Bilgi,girona,,,,,,
dominik livaković istatistik,La Liga,Futbol,Lig,1. Seviye,Çekirdek,Erkek,Kulüp,Takım Sporu,İspanya,Yabancı,Yok,TV+ Var,Yıllık,Sürekli Lig,İstatistik,Bilgi,Oyuncu,Jenerik,Türkçe,Body,İstatistik,girona,,,,,,
hugo rincón,La Liga,Futbol,Lig,1. Seviye,Çekirdek,Erkek,Kulüp,Takım Sporu,İspanya,Yabancı,Yok,TV+ Var,Yıllık,Sürekli Lig,Oyuncu Jenerik,Bilgi,Oyuncu,Jenerik,Türkçe,Head,Oyuncu Jenerik,girona,,,,,,
hugo rincón kimdir,La Liga,Futbol,Lig,1. Seviye,Çekirdek,Erkek,Kulüp,Takım Sporu,İspanya,Yabancı,Yok,TV+ Var,Yıllık,Sürekli Lig,Oyuncu Bilgi,Bilgi,Oyuncu,Jenerik,Türkçe,Body,Oyuncu Bilgi,girona,,,,,,
hugo rincón hangi takımda,La Liga,Futbol,Lig,1. Seviye,Çekirdek,Erkek,Kulüp,Takım Sporu,İspanya,Yabancı,Yok,TV+ Var,Yıllık,Sürekli Lig,Oyuncu Bilgi,Bilgi,Oyuncu,Jenerik,Türkçe,Body,Oyuncu Bilgi,girona,,,,,,
hugo rincón istatistik,La Liga,Futbol,Lig,1. Seviye,Çekirdek,Erkek,Kulüp,Takım Sporu,İspanya,Yabancı,Yok,TV+ Var,Yıllık,Sürekli Lig,İstatistik,Bilgi,Oyuncu,Jenerik,Türkçe,Body,İstatistik,girona,,,,,,
arnau martínez,La Liga,Futbol,Lig,1. Seviye,Çekirdek,Erkek,Kulüp,Takım Sporu,İspanya,Yabancı,Yok,TV+ Var,Yıllık,Sürekli Lig,Oyuncu Jenerik,Bilgi,Oyuncu,Jenerik,Türkçe,Head,Oyuncu Jenerik,girona,,,,,,
arnau martínez kimdir,La Liga,Futbol,Lig,1. Seviye,Çekirdek,Erkek,Kulüp,Takım Sporu,İspanya,Yabancı,Yok,TV+ Var,Yıllık,Sürekli Lig,Oyuncu Bilgi,Bilgi,Oyuncu,Jenerik,Türkçe,Body,Oyuncu Bilgi,girona,,,,,,
arnau martínez hangi takımda,La Liga,Futbol,Lig,1. Seviye,Çekirdek,Erkek,Kulüp,Takım Sporu,İspanya,Yabancı,Yok,TV+ Var,Yıllık,Sürekli Lig,Oyuncu Bilgi,Bilgi,Oyuncu,Jenerik,Türkçe,Body,Oyuncu Bilgi,girona,,,,,,
arnau martínez istatistik,La Liga,Futbol,Lig,1. Seviye,Çekirdek,Erkek,Kulüp,Takım Sporu,İspanya,Yabancı,Yok,TV+ Var,Yıllık,Sürekli Lig,İstatistik,Bilgi,Oyuncu,Jenerik,Türkçe,Body,İstatistik,girona,,,,,,
david lópez silva,La Liga,Futbol,Lig,1. Seviye,Çekirdek,Erkek,Kulüp,Takım Sporu,İspanya,Yabancı,Yok,TV+ Var,Yıllık,Sürekli Lig,Oyuncu Jenerik,Bilgi,Oyuncu,Jenerik,Türkçe,Body,Oyuncu Jenerik,girona,,,,,,
david lópez silva kimdir,La Liga,Futbol,Lig,1. Seviye,Çekirdek,Erkek,Kulüp,Takım Sporu,İspanya,Yabancı,Yok,TV+ Var,Yıllık,Sürekli Lig,Oyuncu Bilgi,Bilgi,Oyuncu,Jenerik,Türkçe,Body,Oyuncu Bilgi,girona,,,,,,
david lópez silva hangi takımda,La Liga,Futbol,Lig,1. Seviye,Çekirdek,Erkek,Kulüp,Takım Sporu,İspanya,Yabancı,Yok,TV+ Var,Yıllık,Sürekli Lig,Oyuncu Bilgi,Bilgi,Oyuncu,Jenerik,Türkçe,Long-tail,Oyuncu Bilgi,girona,,,,,,
david lópez silva istatistik,La Liga,Futbol,Lig,1. Seviye,Çekirdek,Erkek,Kulüp,Takım Sporu,İspanya,Yabancı,Yok,TV+ Var,Yıllık,Sürekli Lig,İstatistik,Bilgi,Oyuncu,Jenerik,Türkçe,Body,İstatistik,girona,,,,,,
yáser asprilla,La Liga,Futbol,Lig,1. Seviye,Çekirdek,Erkek,Kulüp,Takım Sporu,İspanya,Yabancı,Yok,TV+ Var,Yıllık,Sürekli Lig,Oyuncu Jenerik,Bilgi,Oyuncu,Jenerik,Türkçe,Head,Oyuncu Jenerik,girona,,,,,,
yáser asprilla kimdir,La Liga,Futbol,Lig,1. Seviye,Çekirdek,Erkek,Kulüp,Takım Sporu,İspanya,Yabancı,Yok,TV+ Var,Yıllık,Sürekli Lig,Oyuncu Bilgi,Bilgi,Oyuncu,Jenerik,Türkçe,Body,Oyuncu Bilgi,girona,,,,,,
yáser asprilla hangi takımda,La Liga,Futbol,Lig,1. Seviye,Çekirdek,Erkek,Kulüp,Takım Sporu,İspanya,Yabancı,Yok,TV+ Var,Yıllık,Sürekli Lig,Oyuncu Bilgi,Bilgi,Oyuncu,Jenerik,Türkçe,Body,Oyuncu Bilgi,girona,,,,,,
yáser asprilla istatistik,La Liga,Futbol,Lig,1. Seviye,Çekirdek,Erkek,Kulüp,Takım Sporu,İspanya,Yabancı,Yok,TV+ Var,Yıllık,Sürekli Lig,İstatistik,Bilgi,Oyuncu,Jenerik,Türkçe,Body,İstatistik,girona,,,,,,
atlético madrid,La Liga,Futbol,Lig,1. Seviye,Çekirdek,Erkek,Kulüp,Takım Sporu,İspanya,Yabancı,Yok,TV+ Var,Yıllık,Sürekli Lig,Oyuncu Jenerik,Bilgi,Oyuncu,Jenerik,Türkçe,Head,Oyuncu Jenerik,girona,,,,,,
atlético madrid kimdir,La Liga,Futbol,Lig,1. Seviye,Çekirdek,Erkek,Kulüp,Takım Sporu,İspanya,Yabancı,Yok,TV+ Var,Yıllık,Sürekli Lig,Oyuncu Bilgi,Bilgi,Oyuncu,Jenerik,Türkçe,Body,Oyuncu Bilgi,girona,,,,,,
atlético madrid hangi takımda,La Liga,Futbol,Lig,1. Seviye,Çekirdek,Erkek,Kulüp,Takım Sporu,İspanya,Yabancı,Yok,TV+ Var,Yıllık,Sürekli Lig,Oyuncu Bilgi,Bilgi,Oyuncu,Jenerik,Türkçe,Body,Oyuncu Bilgi,girona,,,,,,
atlético madrid istatistik,La Liga,Futbol,Lig,1. Seviye,Çekirdek,Erkek,Kulüp,Takım Sporu,İspanya,Yabancı,Yok,TV+ Var,Yıllık,Sürekli Lig,İstatistik,Bilgi,Oyuncu,Jenerik,Türkçe,Body,İstatistik,girona,,,,,,
alejandro francés,La Liga,Futbol,Lig,1. Seviye,Çekirdek,Erkek,Kulüp,Takım Sporu,İspanya,Yabancı,Yok,TV+ Var,Yıllık,Sürekli Lig,Oyuncu Jenerik,Bilgi,Oyuncu,Jenerik,Türkçe,Head,Oyuncu Jenerik,girona,,,,,,
alejandro francés kimdir,La Liga,Futbol,Lig,1. Seviye,Çekirdek,Erkek,Kulüp,Takım Sporu,İspanya,Yabancı,Yok,TV+ Var,Yıllık,Sürekli Lig,Oyuncu Bilgi,Bilgi,Oyuncu,Jenerik,Türkçe,Body,Oyuncu Bilgi,girona,,,,,,
alejandro francés hangi takımda,La Liga,Futbol,Lig,1. Seviye,Çekirdek,Erkek,Kulüp,Takım Sporu,İspanya,Yabancı,Yok,TV+ Var,Yıllık,Sürekli Lig,Oyuncu Bilgi,Bilgi,Oyuncu,Jenerik,Türkçe,Body,Oyuncu Bilgi,girona,,,,,,
alejandro francés istatistik,La Liga,Futbol,Lig,1. Seviye,Çekirdek,Erkek,Kulüp,Takım Sporu,İspanya,Yabancı,Yok,TV+ Var,Yıllık,Sürekli Lig,İstatistik,Bilgi,Oyuncu,Jenerik,Türkçe,Body,İstatistik,girona,,,,,,
jhon solís,La Liga,Futbol,Lig,1. Seviye,Çekirdek,Erkek,Kulüp,Takım Sporu,İspanya,Yabancı,Yok,TV+ Var,Yıllık,Sürekli Lig,Oyuncu Jenerik,Bilgi,Oyuncu,Jenerik,Türkçe,Head,Oyuncu Jenerik,girona,,,,,,
jhon solís kimdir,La Liga,Futbol,Lig,1. Seviye,Çekirdek,Erkek,Kulüp,Takım Sporu,İspanya,Yabancı,Yok,TV+ Var,Yıllık,Sürekli Lig,Oyuncu Bilgi,Bilgi,Oyuncu,Jenerik,Türkçe,Body,Oyuncu Bilgi,girona,,,,,,
jhon solís hangi takımda,La Liga,Futbol,Lig,1. Seviye,Çekirdek,Erkek,Kulüp,Takım Sporu,İspanya,Yabancı,Yok,TV+ Var,Yıllık,Sürekli Lig,Oyuncu Bilgi,Bilgi,Oyuncu,Jenerik,Türkçe,Body,Oyuncu Bilgi,girona,,,,,,
jhon solís istatistik,La Liga,Futbol,Lig,1. Seviye,Çekirdek,Erkek,Kulüp,Takım Sporu,İspanya,Yabancı,Yok,TV+ Var,Yıllık,Sürekli Lig,İstatistik,Bilgi,Oyuncu,Jenerik,Türkçe,Body,İstatistik,girona,,,,,,
iván martín,La Liga,Futbol,Lig,1. Seviye,Çekirdek,Erkek,Kulüp,Takım Sporu,İspanya,Yabancı,Yok,TV+ Var,Yıllık,Sürekli Lig,Oyuncu Jenerik,Bilgi,Oyuncu,Jenerik,Türkçe,Head,Oyuncu Jenerik,girona,,,,,,
iván martín kimdir,La Liga,Futbol,Lig,1. Seviye,Çekirdek,Erkek,Kulüp,Takım Sporu,İspanya,Yabancı,Yok,TV+ Var,Yıllık,Sürekli Lig,Oyuncu Bilgi,Bilgi,Oyuncu,Jenerik,Türkçe,Body,Oyuncu Bilgi,girona,,,,,,
iván martín hangi takımda,La Liga,Futbol,Lig,1. Seviye,Çekirdek,Erkek,Kulüp,Takım Sporu,İspanya,Yabancı,Yok,TV+ Var,Yıllık,Sürekli Lig,Oyuncu Bilgi,Bilgi,Oyuncu,Jenerik,Türkçe,Body,Oyuncu Bilgi,girona,,,,,,
iván martín istatistik,La Liga,Futbol,Lig,1. Seviye,Çekirdek,Erkek,Kulüp,Takım Sporu,İspanya,Yabancı,Yok,TV+ Var,Yıllık,Sürekli Lig,İstatistik,Bilgi,Oyuncu,Jenerik,Türkçe,Body,İstatistik,girona,,,,,,
àlex moreno,La Liga,Futbol,Lig,1. Seviye,Çekirdek,Erkek,Kulüp,Takım Sporu,İspanya,Yabancı,Yok,TV+ Var,Yıllık,Sürekli Lig,Oyuncu Jenerik,Bilgi,Oyuncu,Jenerik,Türkçe,Head,Oyuncu Jenerik,girona,,,,,,
àlex moreno kimdir,La Liga,Futbol,Lig,1. Seviye,Çekirdek,Erkek,Kulüp,Takım Sporu,İspanya,Yabancı,Yok,TV+ Var,Yıllık,Sürekli Lig,Oyuncu Bilgi,Bilgi,Oyuncu,Jenerik,Türkçe,Body,Oyuncu Bilgi,girona,,,,,,
àlex moreno hangi takımda,La Liga,Futbol,Lig,1. Seviye,Çekirdek,Erkek,Kulüp,Takım Sporu,İspanya,Yabancı,Yok,TV+ Var,Yıllık,Sürekli Lig,Oyuncu Bilgi,Bilgi,Oyuncu,Jenerik,Türkçe,Body,Oyuncu Bilgi,girona,,,,,,
àlex moreno istatistik,La Liga,Futbol,Lig,1. Seviye,Çekirdek,Erkek,Kulüp,Takım Sporu,İspanya,Yabancı,Yok,TV+ Var,Yıllık,Sürekli Lig,İstatistik,Bilgi,Oyuncu,Jenerik,Türkçe,Body,İstatistik,girona,,,,,,
iván villar,La Liga,Futbol,Lig,1. Seviye,Çekirdek,Erkek,Kulüp,Takım Sporu,İspanya,Yabancı,Yok,TV+ Var,Yıllık,Sürekli Lig,Oyuncu Jenerik,Bilgi,Oyuncu,Jenerik,Türkçe,Head,Oyuncu Jenerik,celta vigo,,,,,,
iván villar kimdir,La Liga,Futbol,Lig,1. Seviye,Çekirdek,Erkek,Kulüp,Takım Sporu,İspanya,Yabancı,Yok,TV+ Var,Yıllık,Sürekli Lig,Oyuncu Bilgi,Bilgi,Oyuncu,Jenerik,Türkçe,Body,Oyuncu Bilgi,celta vigo,,,,,,
iván villar hangi takımda,La Liga,Futbol,Lig,1. Seviye,Çekirdek,Erkek,Kulüp,Takım Sporu,İspanya,Yabancı,Yok,TV+ Var,Yıllık,Sürekli Lig,Oyuncu Bilgi,Bilgi,Oyuncu,Jenerik,Türkçe,Body,Oyuncu Bilgi,celta vigo,,,,,,
iván villar istatistik,La Liga,Futbol,Lig,1. Seviye,Çekirdek,Erkek,Kulüp,Takım Sporu,İspanya,Yabancı,Yok,TV+ Var,Yıllık,Sürekli Lig,İstatistik,Bilgi,Oyuncu,Jenerik,Türkçe,Body,İstatistik,celta vigo,,,,,,
óscar mingueza,La Liga,Futbol,Lig,1. Seviye,Çekirdek,Erkek,Kulüp,Takım Sporu,İspanya,Yabancı,Yok,TV+ Var,Yıllık,Sürekli Lig,Oyuncu Jenerik,Bilgi,Oyuncu,Jenerik,Türkçe,Head,Oyuncu Jenerik,celta vigo,,,,,,
óscar mingueza kimdir,La Liga,Futbol,Lig,1. Seviye,Çekirdek,Erkek,Kulüp,Takım Sporu,İspanya,Yabancı,Yok,TV+ Var,Yıllık,Sürekli Lig,Oyuncu Bilgi,Bilgi,Oyuncu,Jenerik,Türkçe,Body,Oyuncu Bilgi,celta vigo,,,,,,
óscar mingueza hangi takımda,La Liga,Futbol,Lig,1. Seviye,Çekirdek,Erkek,Kulüp,Takım Sporu,İspanya,Yabancı,Yok,TV+ Var,Yıllık,Sürekli Lig,Oyuncu Bilgi,Bilgi,Oyuncu,Jenerik,Türkçe,Body,Oyuncu Bilgi,celta vigo,,,,,,
óscar mingueza istatistik,La Liga,Futbol,Lig,1. Seviye,Çekirdek,Erkek,Kulüp,Takım Sporu,İspanya,Yabancı,Yok,TV+ Var,Yıllık,Sürekli Lig,İstatistik,Bilgi,Oyuncu,Jenerik,Türkçe,Body,İstatistik,celta vigo,,,,,,
fran beltrán,La Liga,Futbol,Lig,1. Seviye,Çekirdek,Erkek,Kulüp,Takım Sporu,İspanya,Yabancı,Yok,TV+ Var,Yıllık,Sürekli Lig,Oyuncu Jenerik,Bilgi,Oyuncu,Jenerik,Türkçe,Head,Oyuncu Jenerik,celta vigo,,,,,,
fran beltrán kimdir,La Liga,Futbol,Lig,1. Seviye,Çekirdek,Erkek,Kulüp,Takım Sporu,İspanya,Yabancı,Yok,TV+ Var,Yıllık,Sürekli Lig,Oyuncu Bilgi,Bilgi,Oyuncu,Jenerik,Türkçe,Body,Oyuncu Bilgi,celta vigo,,,,,,
fran beltrán hangi takımda,La Liga,Futbol,Lig,1. Seviye,Çekirdek,Erkek,Kulüp,Takım Sporu,İspanya,Yabancı,Yok,TV+ Var,Yıllık,Sürekli Lig,Oyuncu Bilgi,Bilgi,Oyuncu,Jenerik,Türkçe,Body,Oyuncu Bilgi,celta vigo,,,,,,
fran beltrán istatistik,La Liga,Futbol,Lig,1. Seviye,Çekirdek,Erkek,Kulüp,Takım Sporu,İspanya,Yabancı,Yok,TV+ Var,Yıllık,Sürekli Lig,İstatistik,Bilgi,Oyuncu,Jenerik,Türkçe,Body,İstatistik,celta vigo,,,,,,
ferran jutglà,La Liga,Futbol,Lig,1. Seviye,Çekirdek,Erkek,Kulüp,Takım Sporu,İspanya,Yabancı,Yok,TV+ Var,Yıllık,Sürekli Lig,Oyuncu Jenerik,Bilgi,Oyuncu,Jenerik,Türkçe,Head,Oyuncu Jenerik,celta vigo,,,,,,
ferran jutglà kimdir,La Liga,Futbol,Lig,1. Seviye,Çekirdek,Erkek,Kulüp,Takım Sporu,İspanya,Yabancı,Yok,TV+ Var,Yıllık,Sürekli Lig,Oyuncu Bilgi,Bilgi,Oyuncu,Jenerik,Türkçe,Body,Oyuncu Bilgi,celta vigo,,,,,,
ferran jutglà hangi takımda,La Liga,Futbol,Lig,1. Seviye,Çekirdek,Erkek,Kulüp,Takım Sporu,İspanya,Yabancı,Yok,TV+ Var,Yıllık,Sürekli Lig,Oyuncu Bilgi,Bilgi,Oyuncu,Jenerik,Türkçe,Body,Oyuncu Bilgi,celta vigo,,,,,,
ferran jutglà istatistik,La Liga,Futbol,Lig,1. Seviye,Çekirdek,Erkek,Kulüp,Takım Sporu,İspanya,Yabancı,Yok,TV+ Var,Yıllık,Sürekli Lig,İstatistik,Bilgi,Oyuncu,Jenerik,Türkçe,Body,İstatistik,celta vigo,,,,,,
manu fernández,La Liga,Futbol,Lig,1. Seviye,Çekirdek,Erkek,Kulüp,Takım Sporu,İspanya,Yabancı,Yok,TV+ Var,Yıllık,Sürekli Lig,Oyuncu Jenerik,Bilgi,Oyuncu,Jenerik,Türkçe,Head,Oyuncu Jenerik,celta vigo,,,,,,
manu fernández kimdir,La Liga,Futbol,Lig,1. Seviye,Çekirdek,Erkek,Kulüp,Takım Sporu,İspanya,Yabancı,Yok,TV+ Var,Yıllık,Sürekli Lig,Oyuncu Bilgi,Bilgi,Oyuncu,Jenerik,Türkçe,Body,Oyuncu Bilgi,celta vigo,,,,,,
manu fernández hangi takımda,La Liga,Futbol,Lig,1. Seviye,Çekirdek,Erkek,Kulüp,Takım Sporu,İspanya,Yabancı,Yok,TV+ Var,Yıllık,Sürekli Lig,Oyuncu Bilgi,Bilgi,Oyuncu,Jenerik,Türkçe,Body,Oyuncu Bilgi,celta vigo,,,,,,
manu fernández istatistik,La Liga,Futbol,Lig,1. Seviye,Çekirdek,Erkek,Kulüp,Takım Sporu,İspanya,Yabancı,Yok,TV+ Var,Yıllık,Sürekli Lig,İstatistik,Bilgi,Oyuncu,Jenerik,Türkçe,Body,İstatistik,celta vigo,,,,,,
ionuț radu,La Liga,Futbol,Lig,1. Seviye,Çekirdek,Erkek,Kulüp,Takım Sporu,İspanya,Yabancı,Yok,TV+ Var,Yıllık,Sürekli Lig,Oyuncu Jenerik,Bilgi,Oyuncu,Jenerik,Türkçe,Head,Oyuncu Jenerik,celta vigo,,,,,,
ionuț radu kimdir,La Liga,Futbol,Lig,1. Seviye,Çekirdek,Erkek,Kulüp,Takım Sporu,İspanya,Yabancı,Yok,TV+ Var,Yıllık,Sürekli Lig,Oyuncu Bilgi,Bilgi,Oyuncu,Jenerik,Türkçe,Body,Oyuncu Bilgi,celta vigo,,,,,,
ionuț radu hangi takımda,La Liga,Futbol,Lig,1. Seviye,Çekirdek,Erkek,Kulüp,Takım Sporu,İspanya,Yabancı,Yok,TV+ Var,Yıllık,Sürekli Lig,Oyuncu Bilgi,Bilgi,Oyuncu,Jenerik,Türkçe,Body,Oyuncu Bilgi,celta vigo,,,,,,
ionuț radu istatistik,La Liga,Futbol,Lig,1. Seviye,Çekirdek,Erkek,Kulüp,Takım Sporu,İspanya,Yabancı,Yok,TV+ Var,Yıllık,Sürekli Lig,İstatistik,Bilgi,Oyuncu,Jenerik,Türkçe,Body,İstatistik,celta vigo,,,,,,
damián rodríguez,La Liga,Futbol,Lig,1. Seviye,Çekirdek,Erkek,Kulüp,Takım Sporu,İspanya,Yabancı,Yok,TV+ Var,Yıllık,Sürekli Lig,Oyuncu Jenerik,Bilgi,Oyuncu,Jenerik,Türkçe,Head,Oyuncu Jenerik,celta vigo,,,,,,
damián rodríguez kimdir,La Liga,Futbol,Lig,1. Seviye,Çekirdek,Erkek,Kulüp,Takım Sporu,İspanya,Yabancı,Yok,TV+ Var,Yıllık,Sürekli Lig,Oyuncu Bilgi,Bilgi,Oyuncu,Jenerik,Türkçe,Body,Oyuncu Bilgi,celta vigo,,,,,,
damián rodríguez hangi takımda,La Liga,Futbol,Lig,1. Seviye,Çekirdek,Erkek,Kulüp,Takım Sporu,İspanya,Yabancı,Yok,TV+ Var,Yıllık,Sürekli Lig,Oyuncu Bilgi,Bilgi,Oyuncu,Jenerik,Türkçe,Body,Oyuncu Bilgi,celta vigo,,,,,,
damián rodríguez istatistik,La Liga,Futbol,Lig,1. Seviye,Çekirdek,Erkek,Kulüp,Takım Sporu,İspanya,Yabancı,Yok,TV+ Var,Yıllık,Sürekli Lig,İstatistik,Bilgi,Oyuncu,Jenerik,Türkçe,Body,İstatistik,celta vigo,,,,,,
miguel román,La Liga,Futbol,Lig,1. Seviye,Çekirdek,Erkek,Kulüp,Takım Sporu,İspanya,Yabancı,Yok,TV+ Var,Yıllık,Sürekli Lig,Oyuncu Jenerik,Bilgi,Oyuncu,Jenerik,Türkçe,Head,Oyuncu Jenerik,celta vigo,,,,,,
miguel román kimdir,La Liga,Futbol,Lig,1. Seviye,Çekirdek,Erkek,Kulüp,Takım Sporu,İspanya,Yabancı,Yok,TV+ Var,Yıllık,Sürekli Lig,Oyuncu Bilgi,Bilgi,Oyuncu,Jenerik,Türkçe,Body,Oyuncu Bilgi,celta vigo,,,,,,
miguel román hangi takımda,La Liga,Futbol,Lig,1. Seviye,Çekirdek,Erkek,Kulüp,Takım Sporu,İspanya,Yabancı,Yok,TV+ Var,Yıllık,Sürekli Lig,Oyuncu Bilgi,Bilgi,Oyuncu,Jenerik,Türkçe,Body,Oyuncu Bilgi,celta vigo,,,,,,
miguel román istatistik,La Liga,Futbol,Lig,1. Seviye,Çekirdek,Erkek,Kulüp,Takım Sporu,İspanya,Yabancı,Yok,TV+ Var,Yıllık,Sürekli Lig,İstatistik,Bilgi,Oyuncu,Jenerik,Türkçe,Body,İstatistik,celta vigo,,,,,,
pablo durán,La Liga,Futbol,Lig,1. Seviye,Çekirdek,Erkek,Kulüp,Takım Sporu,İspanya,Yabancı,Yok,TV+ Var,Yıllık,Sürekli Lig,Oyuncu Jenerik,Bilgi,Oyuncu,Jenerik,Türkçe,Head,Oyuncu Jenerik,celta vigo,,,,,,
pablo durán kimdir,La Liga,Futbol,Lig,1. Seviye,Çekirdek,Erkek,Kulüp,Takım Sporu,İspanya,Yabancı,Yok,TV+ Var,Yıllık,Sürekli Lig,Oyuncu Bilgi,Bilgi,Oyuncu,Jenerik,Türkçe,Body,Oyuncu Bilgi,celta vigo,,,,,,
pablo durán hangi takımda,La Liga,Futbol,Lig,1. Seviye,Çekirdek,Erkek,Kulüp,Takım Sporu,İspanya,Yabancı,Yok,TV+ Var,Yıllık,Sürekli Lig,Oyuncu Bilgi,Bilgi,Oyuncu,Jenerik,Türkçe,Body,Oyuncu Bilgi,celta vigo,,,,,,
pablo durán istatistik,La Liga,Futbol,Lig,1. Seviye,Çekirdek,Erkek,Kulüp,Takım Sporu,İspanya,Yabancı,Yok,TV+ Var,Yıllık,Sürekli Lig,İstatistik,Bilgi,Oyuncu,Jenerik,Türkçe,Body,İstatistik,celta vigo,,,,,,
mihailo ristić,La Liga,Futbol,Lig,1. Seviye,Çekirdek,Erkek,Kulüp,Takım Sporu,İspanya,Yabancı,Yok,TV+ Var,Yıllık,Sürekli Lig,Oyuncu Jenerik,Bilgi,Oyuncu,Jenerik,Türkçe,Head,Oyuncu Jenerik,celta vigo,,,,,,
mihailo ristić kimdir,La Liga,Futbol,Lig,1. Seviye,Çekirdek,Erkek,Kulüp,Takım Sporu,İspanya,Yabancı,Yok,TV+ Var,Yıllık,Sürekli Lig,Oyuncu Bilgi,Bilgi,Oyuncu,Jenerik,Türkçe,Body,Oyuncu Bilgi,celta vigo,,,,,,
mihailo ristić hangi takımda,La Liga,Futbol,Lig,1. Seviye,Çekirdek,Erkek,Kulüp,Takım Sporu,İspanya,Yabancı,Yok,TV+ Var,Yıllık,Sürekli Lig,Oyuncu Bilgi,Bilgi,Oyuncu,Jenerik,Türkçe,Body,Oyuncu Bilgi,celta vigo,,,,,,
mihailo ristić istatistik,La Liga,Futbol,Lig,1. Seviye,Çekirdek,Erkek,Kulüp,Takım Sporu,İspanya,Yabancı,Yok,TV+ Var,Yıllık,Sürekli Lig,İstatistik,Bilgi,Oyuncu,Jenerik,Türkçe,Body,İstatistik,celta vigo,,,,,,
hugo álvarez,La Liga,Futbol,Lig,1. Seviye,Çekirdek,Erkek,Kulüp,Takım Sporu,İspanya,Yabancı,Yok,TV+ Var,Yıllık,Sürekli Lig,Oyuncu Jenerik,Bilgi,Oyuncu,Jenerik,Türkçe,Head,Oyuncu Jenerik,celta vigo,,,,,,
hugo álvarez kimdir,La Liga,Futbol,Lig,1. Seviye,Çekirdek,Erkek,Kulüp,Takım Sporu,İspanya,Yabancı,Yok,TV+ Var,Yıllık,Sürekli Lig,Oyuncu Bilgi,Bilgi,Oyuncu,Jenerik,Türkçe,Body,Oyuncu Bilgi,celta vigo,,,,,,
hugo álvarez hangi takımda,La Liga,Futbol,Lig,1. Seviye,Çekirdek,Erkek,Kulüp,Takım Sporu,İspanya,Yabancı,Yok,TV+ Var,Yıllık,Sürekli Lig,Oyuncu Bilgi,Bilgi,Oyuncu,Jenerik,Türkçe,Body,Oyuncu Bilgi,celta vigo,,,,,,
hugo álvarez istatistik,La Liga,Futbol,Lig,1. Seviye,Çekirdek,Erkek,Kulüp,Takım Sporu,İspanya,Yabancı,Yok,TV+ Var,Yıllık,Sürekli Lig,İstatistik,Bilgi,Oyuncu,Jenerik,Türkçe,Body,İstatistik,celta vigo,,,,,,
carlos domínguez,La Liga,Futbol,Lig,1. Seviye,Çekirdek,Erkek,Kulüp,Takım Sporu,İspanya,Yabancı,Yok,TV+ Var,Yıllık,Sürekli Lig,Oyuncu Jenerik,Bilgi,Oyuncu,Jenerik,Türkçe,Head,Oyuncu Jenerik,celta vigo,,,,,,
carlos domínguez kimdir,La Liga,Futbol,Lig,1. Seviye,Çekirdek,Erkek,Kulüp,Takım Sporu,İspanya,Yabancı,Yok,TV+ Var,Yıllık,Sürekli Lig,Oyuncu Bilgi,Bilgi,Oyuncu,Jenerik,Türkçe,Body,Oyuncu Bilgi,celta vigo,,,,,,
carlos domínguez hangi takımda,La Liga,Futbol,Lig,1. Seviye,Çekirdek,Erkek,Kulüp,Takım Sporu,İspanya,Yabancı,Yok,TV+ Var,Yıllık,Sürekli Lig,Oyuncu Bilgi,Bilgi,Oyuncu,Jenerik,Türkçe,Body,Oyuncu Bilgi,celta vigo,,,,,,
carlos domínguez istatistik,La Liga,Futbol,Lig,1. Seviye,Çekirdek,Erkek,Kulüp,Takım Sporu,İspanya,Yabancı,Yok,TV+ Var,Yıllık,Sürekli Lig,İstatistik,Bilgi,Oyuncu,Jenerik,Türkçe,Body,İstatistik,celta vigo,,,,,,
marc vidal,La Liga,Futbol,Lig,1. Seviye,Çekirdek,Erkek,Kulüp,Takım Sporu,İspanya,Yabancı,Yok,TV+ Var,Yıllık,Sürekli Lig,Oyuncu Jenerik,Bilgi,Oyuncu,Jenerik,İngilizce,Head,Oyuncu Jenerik,celta vigo,,,,,,
marc vidal kimdir,La Liga,Futbol,Lig,1. Seviye,Çekirdek,Erkek,Kulüp,Takım Sporu,İspanya,Yabancı,Yok,TV+ Var,Yıllık,Sürekli Lig,Oyuncu Bilgi,Bilgi,Oyuncu,Jenerik,İngilizce,Body,Oyuncu Bilgi,celta vigo,,,,,,
marc vidal hangi takımda,La Liga,Futbol,Lig,1. Seviye,Çekirdek,Erkek,Kulüp,Takım Sporu,İspanya,Yabancı,Yok,TV+ Var,Yıllık,Sürekli Lig,Oyuncu Bilgi,Bilgi,Oyuncu,Jenerik,Türkçe,Body,Oyuncu Bilgi,celta vigo,,,,,,
marc vidal istatistik,La Liga,Futbol,Lig,1. Seviye,Çekirdek,Erkek,Kulüp,Takım Sporu,İspanya,Yabancı,Yok,TV+ Var,Yıllık,Sürekli Lig,İstatistik,Bilgi,Oyuncu,Jenerik,İngilizce,Body,İstatistik,celta vigo,,,,,,
javi rodríguez,La Liga,Futbol,Lig,1. Seviye,Çekirdek,Erkek,Kulüp,Takım Sporu,İspanya,Yabancı,Yok,TV+ Var,Yıllık,Sürekli Lig,Oyuncu Jenerik,Bilgi,Oyuncu,Jenerik,Türkçe,Head,Oyuncu Jenerik,celta vigo,,,,,,
javi rodríguez kimdir,La Liga,Futbol,Lig,1. Seviye,Çekirdek,Erkek,Kulüp,Takım Sporu,İspanya,Yabancı,Yok,TV+ Var,Yıllık,Sürekli Lig,Oyuncu Bilgi,Bilgi,Oyuncu,Jenerik,Türkçe,Body,Oyuncu Bilgi,celta vigo,,,,,,
javi rodríguez hangi takımda,La Liga,Futbol,Lig,1. Seviye,Çekirdek,Erkek,Kulüp,Takım Sporu,İspanya,Yabancı,Yok,TV+ Var,Yıllık,Sürekli Lig,Oyuncu Bilgi,Bilgi,Oyuncu,Jenerik,Türkçe,Body,Oyuncu Bilgi,celta vigo,,,,,,
javi rodríguez istatistik,La Liga,Futbol,Lig,1. Seviye,Çekirdek,Erkek,Kulüp,Takım Sporu,İspanya,Yabancı,Yok,TV+ Var,Yıllık,Sürekli Lig,İstatistik,Bilgi,Oyuncu,Jenerik,Türkçe,Body,İstatistik,celta vigo,,,,,,
rubén garcía santos,La Liga,Futbol,Lig,1. Seviye,Çekirdek,Erkek,Kulüp,Takım Sporu,İspanya,Yabancı,Yok,TV+ Var,Yıllık,Sürekli Lig,Oyuncu Jenerik,Bilgi,Oyuncu,Jenerik,Türkçe,Body,Oyuncu Jenerik,osasuna,,,,,,
rubén garcía santos kimdir,La Liga,Futbol,Lig,1. Seviye,Çekirdek,Erkek,Kulüp,Takım Sporu,İspanya,Yabancı,Yok,TV+ Var,Yıllık,Sürekli Lig,Oyuncu Bilgi,Bilgi,Oyuncu,Jenerik,Türkçe,Body,Oyuncu Bilgi,osasuna,,,,,,
rubén garcía santos hangi takımda,La Liga,Futbol,Lig,1. Seviye,Çekirdek,Erkek,Kulüp,Takım Sporu,İspanya,Yabancı,Yok,TV+ Var,Yıllık,Sürekli Lig,Oyuncu Bilgi,Bilgi,Oyuncu,Jenerik,Türkçe,Long-tail,Oyuncu Bilgi,osasuna,,,,,,
rubén garcía santos istatistik,La Liga,Futbol,Lig,1. Seviye,Çekirdek,Erkek,Kulüp,Takım Sporu,İspanya,Yabancı,Yok,TV+ Var,Yıllık,Sürekli Lig,İstatistik,Bilgi,Oyuncu,Jenerik,Türkçe,Body,İstatistik,osasuna,,,,,,
levante ud,La Liga,Futbol,Lig,1. Seviye,Çekirdek,Erkek,Kulüp,Takım Sporu,İspanya,Yabancı,Yok,TV+ Var,Yıllık,Sürekli Lig,Oyuncu Jenerik,Bilgi,Oyuncu,Jenerik,İngilizce,Head,Oyuncu Jenerik,osasuna,,,,,,
levante ud kimdir,La Liga,Futbol,Lig,1. Seviye,Çekirdek,Erkek,Kulüp,Takım Sporu,İspanya,Yabancı,Yok,TV+ Var,Yıllık,Sürekli Lig,Oyuncu Bilgi,Bilgi,Oyuncu,Jenerik,İngilizce,Body,Oyuncu Bilgi,osasuna,,,,,,
levante ud hangi takımda,La Liga,Futbol,Lig,1. Seviye,Çekirdek,Erkek,Kulüp,Takım Sporu,İspanya,Yabancı,Yok,TV+ Var,Yıllık,Sürekli Lig,Oyuncu Bilgi,Bilgi,Oyuncu,Jenerik,Türkçe,Body,Oyuncu Bilgi,osasuna,,,,,,
levante ud istatistik,La Liga,Futbol,Lig,1. Seviye,Çekirdek,Erkek,Kulüp,Takım Sporu,İspanya,Yabancı,Yok,TV+ Var,Yıllık,Sürekli Lig,İstatistik,Bilgi,Oyuncu,Jenerik,İngilizce,Body,İstatistik,osasuna,,,,,,
saúl ñíguez,La Liga,Futbol,Lig,1. Seviye,Çekirdek,Erkek,Kulüp,Takım Sporu,İspanya,Yabancı,Yok,TV+ Var,Yıllık,Sürekli Lig,Oyuncu Jenerik,Bilgi,Oyuncu,Jenerik,Türkçe,Head,Oyuncu Jenerik,osasuna,,,,,,
saúl ñíguez kimdir,La Liga,Futbol,Lig,1. Seviye,Çekirdek,Erkek,Kulüp,Takım Sporu,İspanya,Yabancı,Yok,TV+ Var,Yıllık,Sürekli Lig,Oyuncu Bilgi,Bilgi,Oyuncu,Jenerik,Türkçe,Body,Oyuncu Bilgi,osasuna,,,,,,
saúl ñíguez hangi takımda,La Liga,Futbol,Lig,1. Seviye,Çekirdek,Erkek,Kulüp,Takım Sporu,İspanya,Yabancı,Yok,TV+ Var,Yıllık,Sürekli Lig,Oyuncu Bilgi,Bilgi,Oyuncu,Jenerik,Türkçe,Body,Oyuncu Bilgi,osasuna,,,,,,
saúl ñíguez istatistik,La Liga,Futbol,Lig,1. Seviye,Çekirdek,Erkek,Kulüp,Takım Sporu,İspanya,Yabancı,Yok,TV+ Var,Yıllık,Sürekli Lig,İstatistik,Bilgi,Oyuncu,Jenerik,Türkçe,Body,İstatistik,osasuna,,,,,,
josé rodríguez martínez,La Liga,Futbol,Lig,1. Seviye,Çekirdek,Erkek,Kulüp,Takım Sporu,İspanya,Yabancı,Yok,TV+ Var,Yıllık,Sürekli Lig,Oyuncu Jenerik,Bilgi,Oyuncu,Jenerik,Türkçe,Body,Oyuncu Jenerik,osasuna,,,,,,
josé rodríguez martínez kimdir,La Liga,Futbol,Lig,1. Seviye,Çekirdek,Erkek,Kulüp,Takım Sporu,İspanya,Yabancı,Yok,TV+ Var,Yıllık,Sürekli Lig,Oyuncu Bilgi,Bilgi,Oyuncu,Jenerik,Türkçe,Body,Oyuncu Bilgi,osasuna,,,,,,
josé rodríguez martínez hangi takımda,La Liga,Futbol,Lig,1. Seviye,Çekirdek,Erkek,Kulüp,Takım Sporu,İspanya,Yabancı,Yok,TV+ Var,Yıllık,Sürekli Lig,Oyuncu Bilgi,Bilgi,Oyuncu,Jenerik,Türkçe,Long-tail,Oyuncu Bilgi,osasuna,,,,,,
josé rodríguez martínez istatistik,La Liga,Futbol,Lig,1. Seviye,Çekirdek,Erkek,Kulüp,Takım Sporu,İspanya,Yabancı,Yok,TV+ Var,Yıllık,Sürekli Lig,İstatistik,Bilgi,Oyuncu,Jenerik,Türkçe,Body,İstatistik,osasuna,,,,,,
denis suárez,La Liga,Futbol,Lig,1. Seviye,Çekirdek,Erkek,Kulüp,Takım Sporu,İspanya,Yabancı,Yok,TV+ Var,Yıllık,Sürekli Lig,Oyuncu Jenerik,Bilgi,Oyuncu,Jenerik,Türkçe,Head,Oyuncu Jenerik,osasuna,,,,,,
denis suárez kimdir,La Liga,Futbol,Lig,1. Seviye,Çekirdek,Erkek,Kulüp,Takım Sporu,İspanya,Yabancı,Yok,TV+ Var,Yıllık,Sürekli Lig,Oyuncu Bilgi,Bilgi,Oyuncu,Jenerik,Türkçe,Body,Oyuncu Bilgi,osasuna,,,,,,
denis suárez hangi takımda,La Liga,Futbol,Lig,1. Seviye,Çekirdek,Erkek,Kulüp,Takım Sporu,İspanya,Yabancı,Yok,TV+ Var,Yıllık,Sürekli Lig,Oyuncu Bilgi,Bilgi,Oyuncu,Jenerik,Türkçe,Body,Oyuncu Bilgi,osasuna,,,,,,
denis suárez istatistik,La Liga,Futbol,Lig,1. Seviye,Çekirdek,Erkek,Kulüp,Takım Sporu,İspanya,Yabancı,Yok,TV+ Var,Yıllık,Sürekli Lig,İstatistik,Bilgi,Oyuncu,Jenerik,Türkçe,Body,İstatistik,osasuna,,,,,,
córdoba cf,La Liga,Futbol,Lig,1. Seviye,Çekirdek,Erkek,Kulüp,Takım Sporu,İspanya,Yabancı,Yok,TV+ Var,Yıllık,Sürekli Lig,Oyuncu Jenerik,Bilgi,Oyuncu,Jenerik,Türkçe,Head,Oyuncu Jenerik,osasuna,,,,,,
córdoba cf kimdir,La Liga,Futbol,Lig,1. Seviye,Çekirdek,Erkek,Kulüp,Takım Sporu,İspanya,Yabancı,Yok,TV+ Var,Yıllık,Sürekli Lig,Oyuncu Bilgi,Bilgi,Oyuncu,Jenerik,Türkçe,Body,Oyuncu Bilgi,osasuna,,,,,,
córdoba cf hangi takımda,La Liga,Futbol,Lig,1. Seviye,Çekirdek,Erkek,Kulüp,Takım Sporu,İspanya,Yabancı,Yok,TV+ Var,Yıllık,Sürekli Lig,Oyuncu Bilgi,Bilgi,Oyuncu,Jenerik,Türkçe,Body,Oyuncu Bilgi,osasuna,,,,,,
córdoba cf istatistik,La Liga,Futbol,Lig,1. Seviye,Çekirdek,Erkek,Kulüp,Takım Sporu,İspanya,Yabancı,Yok,TV+ Var,Yıllık,Sürekli Lig,İstatistik,Bilgi,Oyuncu,Jenerik,Türkçe,Body,İstatistik,osasuna,,,,,,
francisco alcácer,La Liga,Futbol,Lig,1. Seviye,Çekirdek,Erkek,Kulüp,Takım Sporu,İspanya,Yabancı,Yok,TV+ Var,Yıllık,Sürekli Lig,Oyuncu Jenerik,Bilgi,Oyuncu,Jenerik,Türkçe,Head,Oyuncu Jenerik,osasuna,,,,,,
francisco alcácer kimdir,La Liga,Futbol,Lig,1. Seviye,Çekirdek,Erkek,Kulüp,Takım Sporu,İspanya,Yabancı,Yok,TV+ Var,Yıllık,Sürekli Lig,Oyuncu Bilgi,Bilgi,Oyuncu,Jenerik,Türkçe,Body,Oyuncu Bilgi,osasuna,,,,,,
francisco alcácer hangi takımda,La Liga,Futbol,Lig,1. Seviye,Çekirdek,Erkek,Kulüp,Takım Sporu,İspanya,Yabancı,Yok,TV+ Var,Yıllık,Sürekli Lig,Oyuncu Bilgi,Bilgi,Oyuncu,Jenerik,Türkçe,Body,Oyuncu Bilgi,osasuna,,,,,,
francisco alcácer istatistik,La Liga,Futbol,Lig,1. Seviye,Çekirdek,Erkek,Kulüp,Takım Sporu,İspanya,Yabancı,Yok,TV+ Var,Yıllık,Sürekli Lig,İstatistik,Bilgi,Oyuncu,Jenerik,Türkçe,Body,İstatistik,osasuna,,,,,,
jesé rodríguez,La Liga,Futbol,Lig,1. Seviye,Çekirdek,Erkek,Kulüp,Takım Sporu,İspanya,Yabancı,Yok,TV+ Var,Yıllık,Sürekli Lig,Oyuncu Jenerik,Bilgi,Oyuncu,Jenerik,Türkçe,Head,Oyuncu Jenerik,osasuna,,,,,,
jesé rodríguez kimdir,La Liga,Futbol,Lig,1. Seviye,Çekirdek,Erkek,Kulüp,Takım Sporu,İspanya,Yabancı,Yok,TV+ Var,Yıllık,Sürekli Lig,Oyuncu Bilgi,Bilgi,Oyuncu,Jenerik,Türkçe,Body,Oyuncu Bilgi,osasuna,,,,,,
jesé rodríguez hangi takımda,La Liga,Futbol,Lig,1. Seviye,Çekirdek,Erkek,Kulüp,Takım Sporu,İspanya,Yabancı,Yok,TV+ Var,Yıllık,Sürekli Lig,Oyuncu Bilgi,Bilgi,Oyuncu,Jenerik,Türkçe,Body,Oyuncu Bilgi,osasuna,,,,,,
jesé rodríguez istatistik,La Liga,Futbol,Lig,1. Seviye,Çekirdek,Erkek,Kulüp,Takım Sporu,İspanya,Yabancı,Yok,TV+ Var,Yıllık,Sürekli Lig,İstatistik,Bilgi,Oyuncu,Jenerik,Türkçe,Body,İstatistik,osasuna,,,,,,
jiří letáček,La Liga,Futbol,Lig,1. Seviye,Çekirdek,Erkek,Kulüp,Takım Sporu,İspanya,Yabancı,Yok,TV+ Var,Yıllık,Sürekli Lig,Oyuncu Jenerik,Bilgi,Oyuncu,Jenerik,Türkçe,Head,Oyuncu Jenerik,getafe,,,,,,
jiří letáček kimdir,La Liga,Futbol,Lig,1. Seviye,Çekirdek,Erkek,Kulüp,Takım Sporu,İspanya,Yabancı,Yok,TV+ Var,Yıllık,Sürekli Lig,Oyuncu Bilgi,Bilgi,Oyuncu,Jenerik,Türkçe,Body,Oyuncu Bilgi,getafe,,,,,,
jiří letáček hangi takımda,La Liga,Futbol,Lig,1. Seviye,Çekirdek,Erkek,Kulüp,Takım Sporu,İspanya,Yabancı,Yok,TV+ Var,Yıllık,Sürekli Lig,Oyuncu Bilgi,Bilgi,Oyuncu,Jenerik,Türkçe,Body,Oyuncu Bilgi,getafe,,,,,,
jiří letáček istatistik,La Liga,Futbol,Lig,1. Seviye,Çekirdek,Erkek,Kulüp,Takım Sporu,İspanya,Yabancı,Yok,TV+ Var,Yıllık,Sürekli Lig,İstatistik,Bilgi,Oyuncu,Jenerik,Türkçe,Body,İstatistik,getafe,,,,,,
mario martín,La Liga,Futbol,Lig,1. Seviye,Çekirdek,Erkek,Kulüp,Takım Sporu,İspanya,Yabancı,Yok,TV+ Var,Yıllık,Sürekli Lig,Oyuncu Jenerik,Bilgi,Oyuncu,Jenerik,Türkçe,Head,Oyuncu Jenerik,getafe,,,,,,
mario martín kimdir,La Liga,Futbol,Lig,1. Seviye,Çekirdek,Erkek,Kulüp,Takım Sporu,İspanya,Yabancı,Yok,TV+ Var,Yıllık,Sürekli Lig,Oyuncu Bilgi,Bilgi,Oyuncu,Jenerik,Türkçe,Body,Oyuncu Bilgi,getafe,,,,,,
mario martín hangi takımda,La Liga,Futbol,Lig,1. Seviye,Çekirdek,Erkek,Kulüp,Takım Sporu,İspanya,Yabancı,Yok,TV+ Var,Yıllık,Sürekli Lig,Oyuncu Bilgi,Bilgi,Oyuncu,Jenerik,Türkçe,Body,Oyuncu Bilgi,getafe,,,,,,
mario martín istatistik,La Liga,Futbol,Lig,1. Seviye,Çekirdek,Erkek,Kulüp,Takım Sporu,İspanya,Yabancı,Yok,TV+ Var,Yıllık,Sürekli Lig,İstatistik,Bilgi,Oyuncu,Jenerik,Türkçe,Body,İstatistik,getafe,,,,,,
abu kamara,La Liga,Futbol,Lig,1. Seviye,Çekirdek,Erkek,Kulüp,Takım Sporu,İspanya,Yabancı,Yok,TV+ Var,Yıllık,Sürekli Lig,Oyuncu Jenerik,Bilgi,Oyuncu,Jenerik,İngilizce,Head,Oyuncu Jenerik,getafe,,,,,,
abu kamara kimdir,La Liga,Futbol,Lig,1. Seviye,Çekirdek,Erkek,Kulüp,Takım Sporu,İspanya,Yabancı,Yok,TV+ Var,Yıllık,Sürekli Lig,Oyuncu Bilgi,Bilgi,Oyuncu,Jenerik,İngilizce,Body,Oyuncu Bilgi,getafe,,,,,,
abu kamara hangi takımda,La Liga,Futbol,Lig,1. Seviye,Çekirdek,Erkek,Kulüp,Takım Sporu,İspanya,Yabancı,Yok,TV+ Var,Yıllık,Sürekli Lig,Oyuncu Bilgi,Bilgi,Oyuncu,Jenerik,Türkçe,Body,Oyuncu Bilgi,getafe,,,,,,
abu kamara istatistik,La Liga,Futbol,Lig,1. Seviye,Çekirdek,Erkek,Kulüp,Takım Sporu,İspanya,Yabancı,Yok,TV+ Var,Yıllık,Sürekli Lig,İstatistik,Bilgi,Oyuncu,Jenerik,İngilizce,Body,İstatistik,getafe,,,,,,
javier muñoz,La Liga,Futbol,Lig,1. Seviye,Çekirdek,Erkek,Kulüp,Takım Sporu,İspanya,Yabancı,Yok,TV+ Var,Yıllık,Sürekli Lig,Oyuncu Jenerik,Bilgi,Oyuncu,Jenerik,Türkçe,Head,Oyuncu Jenerik,getafe,,,,,,
javier muñoz kimdir,La Liga,Futbol,Lig,1. Seviye,Çekirdek,Erkek,Kulüp,Takım Sporu,İspanya,Yabancı,Yok,TV+ Var,Yıllık,Sürekli Lig,Oyuncu Bilgi,Bilgi,Oyuncu,Jenerik,Türkçe,Body,Oyuncu Bilgi,getafe,,,,,,
javier muñoz hangi takımda,La Liga,Futbol,Lig,1. Seviye,Çekirdek,Erkek,Kulüp,Takım Sporu,İspanya,Yabancı,Yok,TV+ Var,Yıllık,Sürekli Lig,Oyuncu Bilgi,Bilgi,Oyuncu,Jenerik,Türkçe,Body,Oyuncu Bilgi,getafe,,,,,,
javier muñoz istatistik,La Liga,Futbol,Lig,1. Seviye,Çekirdek,Erkek,Kulüp,Takım Sporu,İspanya,Yabancı,Yok,TV+ Var,Yıllık,Sürekli Lig,İstatistik,Bilgi,Oyuncu,Jenerik,Türkçe,Body,İstatistik,getafe,,,,,,
kiko femenía,La Liga,Futbol,Lig,1. Seviye,Çekirdek,Erkek,Kulüp,Takım Sporu,İspanya,Yabancı,Yok,TV+ Var,Yıllık,Sürekli Lig,Oyuncu Jenerik,Bilgi,Oyuncu,Jenerik,Türkçe,Head,Oyuncu Jenerik,getafe,,,,,,
kiko femenía kimdir,La Liga,Futbol,Lig,1. Seviye,Çekirdek,Erkek,Kulüp,Takım Sporu,İspanya,Yabancı,Yok,TV+ Var,Yıllık,Sürekli Lig,Oyuncu Bilgi,Bilgi,Oyuncu,Jenerik,Türkçe,Body,Oyuncu Bilgi,getafe,,,,,,
kiko femenía hangi takımda,La Liga,Futbol,Lig,1. Seviye,Çekirdek,Erkek,Kulüp,Takım Sporu,İspanya,Yabancı,Yok,TV+ Var,Yıllık,Sürekli Lig,Oyuncu Bilgi,Bilgi,Oyuncu,Jenerik,Türkçe,Body,Oyuncu Bilgi,getafe,,,,,,
kiko femenía istatistik,La Liga,Futbol,Lig,1. Seviye,Çekirdek,Erkek,Kulüp,Takım Sporu,İspanya,Yabancı,Yok,TV+ Var,Yıllık,Sürekli Lig,İstatistik,Bilgi,Oyuncu,Jenerik,Türkçe,Body,İstatistik,getafe,,,,,,
álex sancris,La Liga,Futbol,Lig,1. Seviye,Çekirdek,Erkek,Kulüp,Takım Sporu,İspanya,Yabancı,Yok,TV+ Var,Yıllık,Sürekli Lig,Oyuncu Jenerik,Bilgi,Oyuncu,Jenerik,Türkçe,Head,Oyuncu Jenerik,getafe,,,,,,
álex sancris kimdir,La Liga,Futbol,Lig,1. Seviye,Çekirdek,Erkek,Kulüp,Takım Sporu,İspanya,Yabancı,Yok,TV+ Var,Yıllık,Sürekli Lig,Oyuncu Bilgi,Bilgi,Oyuncu,Jenerik,Türkçe,Body,Oyuncu Bilgi,getafe,,,,,,
álex sancris hangi takımda,La Liga,Futbol,Lig,1. Seviye,Çekirdek,Erkek,Kulüp,Takım Sporu,İspanya,Yabancı,Yok,TV+ Var,Yıllık,Sürekli Lig,Oyuncu Bilgi,Bilgi,Oyuncu,Jenerik,Türkçe,Body,Oyuncu Bilgi,getafe,,,,,,
álex sancris istatistik,La Liga,Futbol,Lig,1. Seviye,Çekirdek,Erkek,Kulüp,Takım Sporu,İspanya,Yabancı,Yok,TV+ Var,Yıllık,Sürekli Lig,İstatistik,Bilgi,Oyuncu,Jenerik,Türkçe,Body,İstatistik,getafe,,,,,,
adrián liso,La Liga,Futbol,Lig,1. Seviye,Çekirdek,Erkek,Kulüp,Takım Sporu,İspanya,Yabancı,Yok,TV+ Var,Yıllık,Sürekli Lig,Oyuncu Jenerik,Bilgi,Oyuncu,Jenerik,Türkçe,Head,Oyuncu Jenerik,getafe,,,,,,
adrián liso kimdir,La Liga,Futbol,Lig,1. Seviye,Çekirdek,Erkek,Kulüp,Takım Sporu,İspanya,Yabancı,Yok,TV+ Var,Yıllık,Sürekli Lig,Oyuncu Bilgi,Bilgi,Oyuncu,Jenerik,Türkçe,Body,Oyuncu Bilgi,getafe,,,,,,
adrián liso hangi takımda,La Liga,Futbol,Lig,1. Seviye,Çekirdek,Erkek,Kulüp,Takım Sporu,İspanya,Yabancı,Yok,TV+ Var,Yıllık,Sürekli Lig,Oyuncu Bilgi,Bilgi,Oyuncu,Jenerik,Türkçe,Body,Oyuncu Bilgi,getafe,,,,,,
adrián liso istatistik,La Liga,Futbol,Lig,1. Seviye,Çekirdek,Erkek,Kulüp,Takım Sporu,İspanya,Yabancı,Yok,TV+ Var,Yıllık,Sürekli Lig,İstatistik,Bilgi,Oyuncu,Jenerik,Türkçe,Body,İstatistik,getafe,,,,,,
daniel cárdenas,La Liga,Futbol,Lig,1. Seviye,Çekirdek,Erkek,Kulüp,Takım Sporu,İspanya,Yabancı,Yok,TV+ Var,Yıllık,Sürekli Lig,Oyuncu Jenerik,Bilgi,Oyuncu,Jenerik,Türkçe,Head,Oyuncu Jenerik,rayo vallecano,,,,,,
daniel cárdenas kimdir,La Liga,Futbol,Lig,1. Seviye,Çekirdek,Erkek,Kulüp,Takım Sporu,İspanya,Yabancı,Yok,TV+ Var,Yıllık,Sürekli Lig,Oyuncu Bilgi,Bilgi,Oyuncu,Jenerik,Türkçe,Body,Oyuncu Bilgi,rayo vallecano,,,,,,
daniel cárdenas hangi takımda,La Liga,Futbol,Lig,1. Seviye,Çekirdek,Erkek,Kulüp,Takım Sporu,İspanya,Yabancı,Yok,TV+ Var,Yıllık,Sürekli Lig,Oyuncu Bilgi,Bilgi,Oyuncu,Jenerik,Türkçe,Body,Oyuncu Bilgi,rayo vallecano,,,,,,
daniel cárdenas istatistik,La Liga,Futbol,Lig,1. Seviye,Çekirdek,Erkek,Kulüp,Takım Sporu,İspanya,Yabancı,Yok,TV+ Var,Yıllık,Sürekli Lig,İstatistik,Bilgi,Oyuncu,Jenerik,Türkçe,Body,İstatistik,rayo vallecano,,,,,,
andrei rațiu,La Liga,Futbol,Lig,1. Seviye,Çekirdek,Erkek,Kulüp,Takım Sporu,İspanya,Yabancı,Yok,TV+ Var,Yıllık,Sürekli Lig,Oyuncu Jenerik,Bilgi,Oyuncu,Jenerik,Türkçe,Head,Oyuncu Jenerik,rayo vallecano,,,,,,
andrei rațiu kimdir,La Liga,Futbol,Lig,1. Seviye,Çekirdek,Erkek,Kulüp,Takım Sporu,İspanya,Yabancı,Yok,TV+ Var,Yıllık,Sürekli Lig,Oyuncu Bilgi,Bilgi,Oyuncu,Jenerik,Türkçe,Body,Oyuncu Bilgi,rayo vallecano,,,,,,
andrei rațiu hangi takımda,La Liga,Futbol,Lig,1. Seviye,Çekirdek,Erkek,Kulüp,Takım Sporu,İspanya,Yabancı,Yok,TV+ Var,Yıllık,Sürekli Lig,Oyuncu Bilgi,Bilgi,Oyuncu,Jenerik,Türkçe,Body,Oyuncu Bilgi,rayo vallecano,,,,,,
andrei rațiu istatistik,La Liga,Futbol,Lig,1. Seviye,Çekirdek,Erkek,Kulüp,Takım Sporu,İspanya,Yabancı,Yok,TV+ Var,Yıllık,Sürekli Lig,İstatistik,Bilgi,Oyuncu,Jenerik,Türkçe,Body,İstatistik,rayo vallecano,,,,,,
pep chavarría,La Liga,Futbol,Lig,1. Seviye,Çekirdek,Erkek,Kulüp,Takım Sporu,İspanya,Yabancı,Yok,TV+ Var,Yıllık,Sürekli Lig,Oyuncu Jenerik,Bilgi,Oyuncu,Jenerik,Türkçe,Head,Oyuncu Jenerik,rayo vallecano,,,,,,
pep chavarría kimdir,La Liga,Futbol,Lig,1. Seviye,Çekirdek,Erkek,Kulüp,Takım Sporu,İspanya,Yabancı,Yok,TV+ Var,Yıllık,Sürekli Lig,Oyuncu Bilgi,Bilgi,Oyuncu,Jenerik,Türkçe,Body,Oyuncu Bilgi,rayo vallecano,,,,,,
pep chavarría hangi takımda,La Liga,Futbol,Lig,1. Seviye,Çekirdek,Erkek,Kulüp,Takım Sporu,İspanya,Yabancı,Yok,TV+ Var,Yıllık,Sürekli Lig,Oyuncu Bilgi,Bilgi,Oyuncu,Jenerik,Türkçe,Body,Oyuncu Bilgi,rayo vallecano,,,,,,
pep chavarría istatistik,La Liga,Futbol,Lig,1. Seviye,Çekirdek,Erkek,Kulüp,Takım Sporu,İspanya,Yabancı,Yok,TV+ Var,Yıllık,Sürekli Lig,İstatistik,Bilgi,Oyuncu,Jenerik,Türkçe,Body,İstatistik,rayo vallecano,,,,,,
pedro díaz,La Liga,Futbol,Lig,1. Seviye,Çekirdek,Erkek,Kulüp,Takım Sporu,İspanya,Yabancı,Yok,TV+ Var,Yıllık,Sürekli Lig,Oyuncu Jenerik,Bilgi,Oyuncu,Jenerik,Türkçe,Head,Oyuncu Jenerik,rayo vallecano,,,,,,
pedro díaz kimdir,La Liga,Futbol,Lig,1. Seviye,Çekirdek,Erkek,Kulüp,Takım Sporu,İspanya,Yabancı,Yok,TV+ Var,Yıllık,Sürekli Lig,Oyuncu Bilgi,Bilgi,Oyuncu,Jenerik,Türkçe,Body,Oyuncu Bilgi,rayo vallecano,,,,,,
pedro díaz hangi takımda,La Liga,Futbol,Lig,1. Seviye,Çekirdek,Erkek,Kulüp,Takım Sporu,İspanya,Yabancı,Yok,TV+ Var,Yıllık,Sürekli Lig,Oyuncu Bilgi,Bilgi,Oyuncu,Jenerik,Türkçe,Body,Oyuncu Bilgi,rayo vallecano,,,,,,
pedro díaz istatistik,La Liga,Futbol,Lig,1. Seviye,Çekirdek,Erkek,Kulüp,Takım Sporu,İspanya,Yabancı,Yok,TV+ Var,Yıllık,Sürekli Lig,İstatistik,Bilgi,Oyuncu,Jenerik,Türkçe,Body,İstatistik,rayo vallecano,,,,,,
pathé ciss,La Liga,Futbol,Lig,1. Seviye,Çekirdek,Erkek,Kulüp,Takım Sporu,İspanya,Yabancı,Yok,TV+ Var,Yıllık,Sürekli Lig,Oyuncu Jenerik,Bilgi,Oyuncu,Jenerik,Türkçe,Head,Oyuncu Jenerik,rayo vallecano,,,,,,
pathé ciss kimdir,La Liga,Futbol,Lig,1. Seviye,Çekirdek,Erkek,Kulüp,Takım Sporu,İspanya,Yabancı,Yok,TV+ Var,Yıllık,Sürekli Lig,Oyuncu Bilgi,Bilgi,Oyuncu,Jenerik,Türkçe,Body,Oyuncu Bilgi,rayo vallecano,,,,,,
pathé ciss hangi takımda,La Liga,Futbol,Lig,1. Seviye,Çekirdek,Erkek,Kulüp,Takım Sporu,İspanya,Yabancı,Yok,TV+ Var,Yıllık,Sürekli Lig,Oyuncu Bilgi,Bilgi,Oyuncu,Jenerik,Türkçe,Body,Oyuncu Bilgi,rayo vallecano,,,,,,
pathé ciss istatistik,La Liga,Futbol,Lig,1. Seviye,Çekirdek,Erkek,Kulüp,Takım Sporu,İspanya,Yabancı,Yok,TV+ Var,Yıllık,Sürekli Lig,İstatistik,Bilgi,Oyuncu,Jenerik,Türkçe,Body,İstatistik,rayo vallecano,,,,,,
isi palazón,La Liga,Futbol,Lig,1. Seviye,Çekirdek,Erkek,Kulüp,Takım Sporu,İspanya,Yabancı,Yok,TV+ Var,Yıllık,Sürekli Lig,Oyuncu Jenerik,Bilgi,Oyuncu,Jenerik,Türkçe,Head,Oyuncu Jenerik,rayo vallecano,,,,,,
isi palazón kimdir,La Liga,Futbol,Lig,1. Seviye,Çekirdek,Erkek,Kulüp,Takım Sporu,İspanya,Yabancı,Yok,TV+ Var,Yıllık,Sürekli Lig,Oyuncu Bilgi,Bilgi,Oyuncu,Jenerik,Türkçe,Body,Oyuncu Bilgi,rayo vallecano,,,,,,
isi palazón hangi takımda,La Liga,Futbol,Lig,1. Seviye,Çekirdek,Erkek,Kulüp,Takım Sporu,İspanya,Yabancı,Yok,TV+ Var,Yıllık,Sürekli Lig,Oyuncu Bilgi,Bilgi,Oyuncu,Jenerik,Türkçe,Body,Oyuncu Bilgi,rayo vallecano,,,,,,
isi palazón istatistik,La Liga,Futbol,Lig,1. Seviye,Çekirdek,Erkek,Kulüp,Takım Sporu,İspanya,Yabancı,Yok,TV+ Var,Yıllık,Sürekli Lig,İstatistik,Bilgi,Oyuncu,Jenerik,Türkçe,Body,İstatistik,rayo vallecano,,,,,,
óscar trejo,La Liga,Futbol,Lig,1. Seviye,Çekirdek,Erkek,Kulüp,Takım Sporu,İspanya,Yabancı,Yok,TV+ Var,Yıllık,Sürekli Lig,Oyuncu Jenerik,Bilgi,Oyuncu,Jenerik,Türkçe,Head,Oyuncu Jenerik,rayo vallecano,,,,,,
óscar trejo kimdir,La Liga,Futbol,Lig,1. Seviye,Çekirdek,Erkek,Kulüp,Takım Sporu,İspanya,Yabancı,Yok,TV+ Var,Yıllık,Sürekli Lig,Oyuncu Bilgi,Bilgi,Oyuncu,Jenerik,Türkçe,Body,Oyuncu Bilgi,rayo vallecano,,,,,,
óscar trejo hangi takımda,La Liga,Futbol,Lig,1. Seviye,Çekirdek,Erkek,Kulüp,Takım Sporu,İspanya,Yabancı,Yok,TV+ Var,Yıllık,Sürekli Lig,Oyuncu Bilgi,Bilgi,Oyuncu,Jenerik,Türkçe,Body,Oyuncu Bilgi,rayo vallecano,,,,,,
óscar trejo istatistik,La Liga,Futbol,Lig,1. Seviye,Çekirdek,Erkek,Kulüp,Takım Sporu,İspanya,Yabancı,Yok,TV+ Var,Yıllık,Sürekli Lig,İstatistik,Bilgi,Oyuncu,Jenerik,Türkçe,Body,İstatistik,rayo vallecano,,,,,,
unai lópez,La Liga,Futbol,Lig,1. Seviye,Çekirdek,Erkek,Kulüp,Takım Sporu,İspanya,Yabancı,Yok,TV+ Var,Yıllık,Sürekli Lig,Oyuncu Jenerik,Bilgi,Oyuncu,Jenerik,Türkçe,Head,Oyuncu Jenerik,rayo vallecano,,,,,,
unai lópez kimdir,La Liga,Futbol,Lig,1. Seviye,Çekirdek,Erkek,Kulüp,Takım Sporu,İspanya,Yabancı,Yok,TV+ Var,Yıllık,Sürekli Lig,Oyuncu Bilgi,Bilgi,Oyuncu,Jenerik,Türkçe,Body,Oyuncu Bilgi,rayo vallecano,,,,,,
unai lópez hangi takımda,La Liga,Futbol,Lig,1. Seviye,Çekirdek,Erkek,Kulüp,Takım Sporu,İspanya,Yabancı,Yok,TV+ Var,Yıllık,Sürekli Lig,Oyuncu Bilgi,Bilgi,Oyuncu,Jenerik,Türkçe,Body,Oyuncu Bilgi,rayo vallecano,,,,,,
unai lópez istatistik,La Liga,Futbol,Lig,1. Seviye,Çekirdek,Erkek,Kulüp,Takım Sporu,İspanya,Yabancı,Yok,TV+ Var,Yıllık,Sürekli Lig,İstatistik,Bilgi,Oyuncu,Jenerik,Türkçe,Body,İstatistik,rayo vallecano,,,,,,
álvaro garcía,La Liga,Futbol,Lig,1. Seviye,Çekirdek,Erkek,Kulüp,Takım Sporu,İspanya,Yabancı,Yok,TV+ Var,Yıllık,Sürekli Lig,Oyuncu Jenerik,Bilgi,Oyuncu,Jenerik,Türkçe,Head,Oyuncu Jenerik,rayo vallecano,,,,,,
álvaro garcía kimdir,La Liga,Futbol,Lig,1. Seviye,Çekirdek,Erkek,Kulüp,Takım Sporu,İspanya,Yabancı,Yok,TV+ Var,Yıllık,Sürekli Lig,Oyuncu Bilgi,Bilgi,Oyuncu,Jenerik,Türkçe,Body,Oyuncu Bilgi,rayo vallecano,,,,,,
álvaro garcía hangi takımda,La Liga,Futbol,Lig,1. Seviye,Çekirdek,Erkek,Kulüp,Takım Sporu,İspanya,Yabancı,Yok,TV+ Var,Yıllık,Sürekli Lig,Oyuncu Bilgi,Bilgi,Oyuncu,Jenerik,Türkçe,Body,Oyuncu Bilgi,rayo vallecano,,,,,,
álvaro garcía istatistik,La Liga,Futbol,Lig,1. Seviye,Çekirdek,Erkek,Kulüp,Takım Sporu,İspanya,Yabancı,Yok,TV+ Var,Yıllık,Sürekli Lig,İstatistik,Bilgi,Oyuncu,Jenerik,Türkçe,Body,İstatistik,rayo vallecano,,,,,,
iván balliu,La Liga,Futbol,Lig,1. Seviye,Çekirdek,Erkek,Kulüp,Takım Sporu,İspanya,Yabancı,Yok,TV+ Var,Yıllık,Sürekli Lig,Oyuncu Jenerik,Bilgi,Oyuncu,Jenerik,Türkçe,Head,Oyuncu Jenerik,rayo vallecano,,,,,,
iván balliu kimdir,La Liga,Futbol,Lig,1. Seviye,Çekirdek,Erkek,Kulüp,Takım Sporu,İspanya,Yabancı,Yok,TV+ Var,Yıllık,Sürekli Lig,Oyuncu Bilgi,Bilgi,Oyuncu,Jenerik,Türkçe,Body,Oyuncu Bilgi,rayo vallecano,,,,,,
iván balliu hangi takımda,La Liga,Futbol,Lig,1. Seviye,Çekirdek,Erkek,Kulüp,Takım Sporu,İspanya,Yabancı,Yok,TV+ Var,Yıllık,Sürekli Lig,Oyuncu Bilgi,Bilgi,Oyuncu,Jenerik,Türkçe,Body,Oyuncu Bilgi,rayo vallecano,,,,,,
iván balliu istatistik,La Liga,Futbol,Lig,1. Seviye,Çekirdek,Erkek,Kulüp,Takım Sporu,İspanya,Yabancı,Yok,TV+ Var,Yıllık,Sürekli Lig,İstatistik,Bilgi,Oyuncu,Jenerik,Türkçe,Body,İstatistik,rayo vallecano,,,,,,
fran pérez,La Liga,Futbol,Lig,1. Seviye,Çekirdek,Erkek,Kulüp,Takım Sporu,İspanya,Yabancı,Yok,TV+ Var,Yıllık,Sürekli Lig,Oyuncu Jenerik,Bilgi,Oyuncu,Jenerik,Türkçe,Head,Oyuncu Jenerik,rayo vallecano,,,,,,
fran pérez kimdir,La Liga,Futbol,Lig,1. Seviye,Çekirdek,Erkek,Kulüp,Takım Sporu,İspanya,Yabancı,Yok,TV+ Var,Yıllık,Sürekli Lig,Oyuncu Bilgi,Bilgi,Oyuncu,Jenerik,Türkçe,Body,Oyuncu Bilgi,rayo vallecano,,,,,,
fran pérez hangi takımda,La Liga,Futbol,Lig,1. Seviye,Çekirdek,Erkek,Kulüp,Takım Sporu,İspanya,Yabancı,Yok,TV+ Var,Yıllık,Sürekli Lig,Oyuncu Bilgi,Bilgi,Oyuncu,Jenerik,Türkçe,Body,Oyuncu Bilgi,rayo vallecano,,,,,,
fran pérez istatistik,La Liga,Futbol,Lig,1. Seviye,Çekirdek,Erkek,Kulüp,Takım Sporu,İspanya,Yabancı,Yok,TV+ Var,Yıllık,Sürekli Lig,İstatistik,Bilgi,Oyuncu,Jenerik,Türkçe,Body,İstatistik,rayo vallecano,,,,,,
óscar valentín,La Liga,Futbol,Lig,1. Seviye,Çekirdek,Erkek,Kulüp,Takım Sporu,İspanya,Yabancı,Yok,TV+ Var,Yıllık,Sürekli Lig,Oyuncu Jenerik,Bilgi,Oyuncu,Jenerik,Türkçe,Head,Oyuncu Jenerik,rayo vallecano,,,,,,
óscar valentín kimdir,La Liga,Futbol,Lig,1. Seviye,Çekirdek,Erkek,Kulüp,Takım Sporu,İspanya,Yabancı,Yok,TV+ Var,Yıllık,Sürekli Lig,Oyuncu Bilgi,Bilgi,Oyuncu,Jenerik,Türkçe,Body,Oyuncu Bilgi,rayo vallecano,,,,,,
óscar valentín hangi takımda,La Liga,Futbol,Lig,1. Seviye,Çekirdek,Erkek,Kulüp,Takım Sporu,İspanya,Yabancı,Yok,TV+ Var,Yıllık,Sürekli Lig,Oyuncu Bilgi,Bilgi,Oyuncu,Jenerik,Türkçe,Body,Oyuncu Bilgi,rayo vallecano,,,,,,
óscar valentín istatistik,La Liga,Futbol,Lig,1. Seviye,Çekirdek,Erkek,Kulüp,Takım Sporu,İspanya,Yabancı,Yok,TV+ Var,Yıllık,Sürekli Lig,İstatistik,Bilgi,Oyuncu,Jenerik,Türkçe,Body,İstatistik,rayo vallecano,,,,,,
diego méndez,La Liga,Futbol,Lig,1. Seviye,Çekirdek,Erkek,Kulüp,Takım Sporu,İspanya,Yabancı,Yok,TV+ Var,Yıllık,Sürekli Lig,Oyuncu Jenerik,Bilgi,Oyuncu,Jenerik,Türkçe,Head,Oyuncu Jenerik,rayo vallecano,,,,,,
diego méndez kimdir,La Liga,Futbol,Lig,1. Seviye,Çekirdek,Erkek,Kulüp,Takım Sporu,İspanya,Yabancı,Yok,TV+ Var,Yıllık,Sürekli Lig,Oyuncu Bilgi,Bilgi,Oyuncu,Jenerik,Türkçe,Body,Oyuncu Bilgi,rayo vallecano,,,,,,
diego méndez hangi takımda,La Liga,Futbol,Lig,1. Seviye,Çekirdek,Erkek,Kulüp,Takım Sporu,İspanya,Yabancı,Yok,TV+ Var,Yıllık,Sürekli Lig,Oyuncu Bilgi,Bilgi,Oyuncu,Jenerik,Türkçe,Body,Oyuncu Bilgi,rayo vallecano,,,,,,
diego méndez istatistik,La Liga,Futbol,Lig,1. Seviye,Çekirdek,Erkek,Kulüp,Takım Sporu,İspanya,Yabancı,Yok,TV+ Var,Yıllık,Sürekli Lig,İstatistik,Bilgi,Oyuncu,Jenerik,Türkçe,Body,İstatistik,rayo vallecano,,,,,,
cd castellón,La Liga,Futbol,Lig,1. Seviye,Çekirdek,Erkek,Kulüp,Takım Sporu,İspanya,Yabancı,Yok,TV+ Var,Yıllık,Sürekli Lig,Oyuncu Jenerik,Bilgi,Oyuncu,Jenerik,Türkçe,Head,Oyuncu Jenerik,rayo vallecano,,,,,,
cd castellón kimdir,La Liga,Futbol,Lig,1. Seviye,Çekirdek,Erkek,Kulüp,Takım Sporu,İspanya,Yabancı,Yok,TV+ Var,Yıllık,Sürekli Lig,Oyuncu Bilgi,Bilgi,Oyuncu,Jenerik,Türkçe,Body,Oyuncu Bilgi,rayo vallecano,,,,,,
cd castellón hangi takımda,La Liga,Futbol,Lig,1. Seviye,Çekirdek,Erkek,Kulüp,Takım Sporu,İspanya,Yabancı,Yok,TV+ Var,Yıllık,Sürekli Lig,Oyuncu Bilgi,Bilgi,Oyuncu,Jenerik,Türkçe,Body,Oyuncu Bilgi,rayo vallecano,,,,,,
cd castellón istatistik,La Liga,Futbol,Lig,1. Seviye,Çekirdek,Erkek,Kulüp,Takım Sporu,İspanya,Yabancı,Yok,TV+ Var,Yıllık,Sürekli Lig,İstatistik,Bilgi,Oyuncu,Jenerik,Türkçe,Body,İstatistik,rayo vallecano,,,,,,
david lópez,La Liga,Futbol,Lig,1. Seviye,Çekirdek,Erkek,Kulüp,Takım Sporu,İspanya,Yabancı,Yok,TV+ Var,Yıllık,Sürekli Lig,Oyuncu Jenerik,Bilgi,Oyuncu,Jenerik,Türkçe,Head,Oyuncu Jenerik,mallorca,,,,,,
david lópez kimdir,La Liga,Futbol,Lig,1. Seviye,Çekirdek,Erkek,Kulüp,Takım Sporu,İspanya,Yabancı,Yok,TV+ Var,Yıllık,Sürekli Lig,Oyuncu Bilgi,Bilgi,Oyuncu,Jenerik,Türkçe,Body,Oyuncu Bilgi,mallorca,,,,,,
david lópez hangi takımda,La Liga,Futbol,Lig,1. Seviye,Çekirdek,Erkek,Kulüp,Takım Sporu,İspanya,Yabancı,Yok,TV+ Var,Yıllık,Sürekli Lig,Oyuncu Bilgi,Bilgi,Oyuncu,Jenerik,Türkçe,Body,Oyuncu Bilgi,mallorca,,,,,,
david lópez istatistik,La Liga,Futbol,Lig,1. Seviye,Çekirdek,Erkek,Kulüp,Takım Sporu,İspanya,Yabancı,Yok,TV+ Var,Yıllık,Sürekli Lig,İstatistik,Bilgi,Oyuncu,Jenerik,Türkçe,Body,İstatistik,mallorca,,,,,,
antonio sánchez,La Liga,Futbol,Lig,1. Seviye,Çekirdek,Erkek,Kulüp,Takım Sporu,İspanya,Yabancı,Yok,TV+ Var,Yıllık,Sürekli Lig,Oyuncu Jenerik,Bilgi,Oyuncu,Jenerik,Türkçe,Head,Oyuncu Jenerik,mallorca,,,,,,
antonio sánchez kimdir,La Liga,Futbol,Lig,1. Seviye,Çekirdek,Erkek,Kulüp,Takım Sporu,İspanya,Yabancı,Yok,TV+ Var,Yıllık,Sürekli Lig,Oyuncu Bilgi,Bilgi,Oyuncu,Jenerik,Türkçe,Body,Oyuncu Bilgi,mallorca,,,,,,
antonio sánchez hangi takımda,La Liga,Futbol,Lig,1. Seviye,Çekirdek,Erkek,Kulüp,Takım Sporu,İspanya,Yabancı,Yok,TV+ Var,Yıllık,Sürekli Lig,Oyuncu Bilgi,Bilgi,Oyuncu,Jenerik,Türkçe,Body,Oyuncu Bilgi,mallorca,,,,,,
antonio sánchez istatistik,La Liga,Futbol,Lig,1. Seviye,Çekirdek,Erkek,Kulüp,Takım Sporu,İspanya,Yabancı,Yok,TV+ Var,Yıllık,Sürekli Lig,İstatistik,Bilgi,Oyuncu,Jenerik,Türkçe,Body,İstatistik,mallorca,,,,,,
álex sala,La Liga,Futbol,Lig,1. Seviye,Çekirdek,Erkek,Kulüp,Takım Sporu,İspanya,Yabancı,Yok,TV+ Var,Yıllık,Sürekli Lig,Oyuncu Jenerik,Bilgi,Oyuncu,Jenerik,Türkçe,Head,Oyuncu Jenerik,mallorca,,,,,,
álex sala kimdir,La Liga,Futbol,Lig,1. Seviye,Çekirdek,Erkek,Kulüp,Takım Sporu,İspanya,Yabancı,Yok,TV+ Var,Yıllık,Sürekli Lig,Oyuncu Bilgi,Bilgi,Oyuncu,Jenerik,Türkçe,Body,Oyuncu Bilgi,mallorca,,,,,,
álex sala hangi takımda,La Liga,Futbol,Lig,1. Seviye,Çekirdek,Erkek,Kulüp,Takım Sporu,İspanya,Yabancı,Yok,TV+ Var,Yıllık,Sürekli Lig,Oyuncu Bilgi,Bilgi,Oyuncu,Jenerik,Türkçe,Body,Oyuncu Bilgi,mallorca,,,,,,
álex sala istatistik,La Liga,Futbol,Lig,1. Seviye,Çekirdek,Erkek,Kulüp,Takım Sporu,İspanya,Yabancı,Yok,TV+ Var,Yıllık,Sürekli Lig,İstatistik,Bilgi,Oyuncu,Jenerik,Türkçe,Body,İstatistik,mallorca,,,,,,
abdón prats,La Liga,Futbol,Lig,1. Seviye,Çekirdek,Erkek,Kulüp,Takım Sporu,İspanya,Yabancı,Yok,TV+ Var,Yıllık,Sürekli Lig,Oyuncu Jenerik,Bilgi,Oyuncu,Jenerik,Türkçe,Head,Oyuncu Jenerik,mallorca,,,,,,
abdón prats kimdir,La Liga,Futbol,Lig,1. Seviye,Çekirdek,Erkek,Kulüp,Takım Sporu,İspanya,Yabancı,Yok,TV+ Var,Yıllık,Sürekli Lig,Oyuncu Bilgi,Bilgi,Oyuncu,Jenerik,Türkçe,Body,Oyuncu Bilgi,mallorca,,,,,,
abdón prats hangi takımda,La Liga,Futbol,Lig,1. Seviye,Çekirdek,Erkek,Kulüp,Takım Sporu,İspanya,Yabancı,Yok,TV+ Var,Yıllık,Sürekli Lig,Oyuncu Bilgi,Bilgi,Oyuncu,Jenerik,Türkçe,Body,Oyuncu Bilgi,mallorca,,,,,,
abdón prats istatistik,La Liga,Futbol,Lig,1. Seviye,Çekirdek,Erkek,Kulüp,Takım Sporu,İspanya,Yabancı,Yok,TV+ Var,Yıllık,Sürekli Lig,İstatistik,Bilgi,Oyuncu,Jenerik,Türkçe,Body,İstatistik,mallorca,,,,,,
adrián fuentes,La Liga,Futbol,Lig,1. Seviye,Çekirdek,Erkek,Kulüp,Takım Sporu,İspanya,Yabancı,Yok,TV+ Var,Yıllık,Sürekli Lig,Oyuncu Jenerik,Bilgi,Oyuncu,Jenerik,Türkçe,Head,Oyuncu Jenerik,mallorca,,,,,,
adrián fuentes kimdir,La Liga,Futbol,Lig,1. Seviye,Çekirdek,Erkek,Kulüp,Takım Sporu,İspanya,Yabancı,Yok,TV+ Var,Yıllık,Sürekli Lig,Oyuncu Bilgi,Bilgi,Oyuncu,Jenerik,Türkçe,Body,Oyuncu Bilgi,mallorca,,,,,,
adrián fuentes hangi takımda,La Liga,Futbol,Lig,1. Seviye,Çekirdek,Erkek,Kulüp,Takım Sporu,İspanya,Yabancı,Yok,TV+ Var,Yıllık,Sürekli Lig,Oyuncu Bilgi,Bilgi,Oyuncu,Jenerik,Türkçe,Body,Oyuncu Bilgi,mallorca,,,,,,
adrián fuentes istatistik,La Liga,Futbol,Lig,1. Seviye,Çekirdek,Erkek,Kulüp,Takım Sporu,İspanya,Yabancı,Yok,TV+ Var,Yıllık,Sürekli Lig,İstatistik,Bilgi,Oyuncu,Jenerik,Türkçe,Body,İstatistik,mallorca,,,,,,
josep cerdà,La Liga,Futbol,Lig,1. Seviye,Çekirdek,Erkek,Kulüp,Takım Sporu,İspanya,Yabancı,Yok,TV+ Var,Yıllık,Sürekli Lig,Oyuncu Jenerik,Bilgi,Oyuncu,Jenerik,Türkçe,Head,Oyuncu Jenerik,mallorca,,,,,,
josep cerdà kimdir,La Liga,Futbol,Lig,1. Seviye,Çekirdek,Erkek,Kulüp,Takım Sporu,İspanya,Yabancı,Yok,TV+ Var,Yıllık,Sürekli Lig,Oyuncu Bilgi,Bilgi,Oyuncu,Jenerik,Türkçe,Body,Oyuncu Bilgi,mallorca,,,,,,
josep cerdà hangi takımda,La Liga,Futbol,Lig,1. Seviye,Çekirdek,Erkek,Kulüp,Takım Sporu,İspanya,Yabancı,Yok,TV+ Var,Yıllık,Sürekli Lig,Oyuncu Bilgi,Bilgi,Oyuncu,Jenerik,Türkçe,Body,Oyuncu Bilgi,mallorca,,,,,,
josep cerdà istatistik,La Liga,Futbol,Lig,1. Seviye,Çekirdek,Erkek,Kulüp,Takım Sporu,İspanya,Yabancı,Yok,TV+ Var,Yıllık,Sürekli Lig,İstatistik,Bilgi,Oyuncu,Jenerik,Türkçe,Body,İstatistik,mallorca,,,,,,
antonio raíllo,La Liga,Futbol,Lig,1. Seviye,Çekirdek,Erkek,Kulüp,Takım Sporu,İspanya,Yabancı,Yok,TV+ Var,Yıllık,Sürekli Lig,Oyuncu Jenerik,Bilgi,Oyuncu,Jenerik,Türkçe,Head,Oyuncu Jenerik,mallorca,,,,,,
antonio raíllo kimdir,La Liga,Futbol,Lig,1. Seviye,Çekirdek,Erkek,Kulüp,Takım Sporu,İspanya,Yabancı,Yok,TV+ Var,Yıllık,Sürekli Lig,Oyuncu Bilgi,Bilgi,Oyuncu,Jenerik,Türkçe,Body,Oyuncu Bilgi,mallorca,,,,,,
antonio raíllo hangi takımda,La Liga,Futbol,Lig,1. Seviye,Çekirdek,Erkek,Kulüp,Takım Sporu,İspanya,Yabancı,Yok,TV+ Var,Yıllık,Sürekli Lig,Oyuncu Bilgi,Bilgi,Oyuncu,Jenerik,Türkçe,Body,Oyuncu Bilgi,mallorca,,,,,,
antonio raíllo istatistik,La Liga,Futbol,Lig,1. Seviye,Çekirdek,Erkek,Kulüp,Takım Sporu,İspanya,Yabancı,Yok,TV+ Var,Yıllık,Sürekli Lig,İstatistik,Bilgi,Oyuncu,Jenerik,Türkçe,Body,İstatistik,mallorca,,,,,,
iván cuéllar,La Liga,Futbol,Lig,1. Seviye,Çekirdek,Erkek,Kulüp,Takım Sporu,İspanya,Yabancı,Yok,TV+ Var,Yıllık,Sürekli Lig,Oyuncu Jenerik,Bilgi,Oyuncu,Jenerik,Türkçe,Head,Oyuncu Jenerik,mallorca,,,,,,
iván cuéllar kimdir,La Liga,Futbol,Lig,1. Seviye,Çekirdek,Erkek,Kulüp,Takım Sporu,İspanya,Yabancı,Yok,TV+ Var,Yıllık,Sürekli Lig,Oyuncu Bilgi,Bilgi,Oyuncu,Jenerik,Türkçe,Body,Oyuncu Bilgi,mallorca,,,,,,
iván cuéllar hangi takımda,La Liga,Futbol,Lig,1. Seviye,Çekirdek,Erkek,Kulüp,Takım Sporu,İspanya,Yabancı,Yok,TV+ Var,Yıllık,Sürekli Lig,Oyuncu Bilgi,Bilgi,Oyuncu,Jenerik,Türkçe,Body,Oyuncu Bilgi,mallorca,,,,,,
iván cuéllar istatistik,La Liga,Futbol,Lig,1. Seviye,Çekirdek,Erkek,Kulüp,Takım Sporu,İspanya,Yabancı,Yok,TV+ Var,Yıllık,Sürekli Lig,İstatistik,Bilgi,Oyuncu,Jenerik,Türkçe,Body,İstatistik,mallorca,,,,,,
marc domènech,La Liga,Futbol,Lig,1. Seviye,Çekirdek,Erkek,Kulüp,Takım Sporu,İspanya,Yabancı,Yok,TV+ Var,Yıllık,Sürekli Lig,Oyuncu Jenerik,Bilgi,Oyuncu,Jenerik,Türkçe,Head,Oyuncu Jenerik,mallorca,,,,,,
marc domènech kimdir,La Liga,Futbol,Lig,1. Seviye,Çekirdek,Erkek,Kulüp,Takım Sporu,İspanya,Yabancı,Yok,TV+ Var,Yıllık,Sürekli Lig,Oyuncu Bilgi,Bilgi,Oyuncu,Jenerik,Türkçe,Body,Oyuncu Bilgi,mallorca,,,,,,
marc domènech hangi takımda,La Liga,Futbol,Lig,1. Seviye,Çekirdek,Erkek,Kulüp,Takım Sporu,İspanya,Yabancı,Yok,TV+ Var,Yıllık,Sürekli Lig,Oyuncu Bilgi,Bilgi,Oyuncu,Jenerik,Türkçe,Body,Oyuncu Bilgi,mallorca,,,,,,
marc domènech istatistik,La Liga,Futbol,Lig,1. Seviye,Çekirdek,Erkek,Kulüp,Takım Sporu,İspanya,Yabancı,Yok,TV+ Var,Yıllık,Sürekli Lig,İstatistik,Bilgi,Oyuncu,Jenerik,Türkçe,Body,İstatistik,mallorca,,,,,,
carlos vicente,La Liga,Futbol,Lig,1. Seviye,Çekirdek,Erkek,Kulüp,Takım Sporu,İspanya,Yabancı,Yok,TV+ Var,Yıllık,Sürekli Lig,Oyuncu Jenerik,Bilgi,Oyuncu,Jenerik,İngilizce,Head,Oyuncu Jenerik,alaves,,,,,,
carlos vicente kimdir,La Liga,Futbol,Lig,1. Seviye,Çekirdek,Erkek,Kulüp,Takım Sporu,İspanya,Yabancı,Yok,TV+ Var,Yıllık,Sürekli Lig,Oyuncu Bilgi,Bilgi,Oyuncu,Jenerik,İngilizce,Body,Oyuncu Bilgi,alaves,,,,,,
carlos vicente hangi takımda,La Liga,Futbol,Lig,1. Seviye,Çekirdek,Erkek,Kulüp,Takım Sporu,İspanya,Yabancı,Yok,TV+ Var,Yıllık,Sürekli Lig,Oyuncu Bilgi,Bilgi,Oyuncu,Jenerik,Türkçe,Body,Oyuncu Bilgi,alaves,,,,,,
carlos vicente istatistik,La Liga,Futbol,Lig,1. Seviye,Çekirdek,Erkek,Kulüp,Takım Sporu,İspanya,Yabancı,Yok,TV+ Var,Yıllık,Sürekli Lig,İstatistik,Bilgi,Oyuncu,Jenerik,İngilizce,Body,İstatistik,alaves,,,,,,
mariano díaz,La Liga,Futbol,Lig,1. Seviye,Çekirdek,Erkek,Kulüp,Takım Sporu,İspanya,Yabancı,Yok,TV+ Var,Yıllık,Sürekli Lig,Oyuncu Jenerik,Bilgi,Oyuncu,Jenerik,Türkçe,Head,Oyuncu Jenerik,alaves,,,,,,
mariano díaz kimdir,La Liga,Futbol,Lig,1. Seviye,Çekirdek,Erkek,Kulüp,Takım Sporu,İspanya,Yabancı,Yok,TV+ Var,Yıllık,Sürekli Lig,Oyuncu Bilgi,Bilgi,Oyuncu,Jenerik,Türkçe,Body,Oyuncu Bilgi,alaves,,,,,,
mariano díaz hangi takımda,La Liga,Futbol,Lig,1. Seviye,Çekirdek,Erkek,Kulüp,Takım Sporu,İspanya,Yabancı,Yok,TV+ Var,Yıllık,Sürekli Lig,Oyuncu Bilgi,Bilgi,Oyuncu,Jenerik,Türkçe,Body,Oyuncu Bilgi,alaves,,,,,,
mariano díaz istatistik,La Liga,Futbol,Lig,1. Seviye,Çekirdek,Erkek,Kulüp,Takım Sporu,İspanya,Yabancı,Yok,TV+ Var,Yıllık,Sürekli Lig,İstatistik,Bilgi,Oyuncu,Jenerik,Türkçe,Body,İstatistik,alaves,,,,,,
carles aleñá,La Liga,Futbol,Lig,1. Seviye,Çekirdek,Erkek,Kulüp,Takım Sporu,İspanya,Yabancı,Yok,TV+ Var,Yıllık,Sürekli Lig,Oyuncu Jenerik,Bilgi,Oyuncu,Jenerik,Türkçe,Head,Oyuncu Jenerik,alaves,,,,,,
carles aleñá kimdir,La Liga,Futbol,Lig,1. Seviye,Çekirdek,Erkek,Kulüp,Takım Sporu,İspanya,Yabancı,Yok,TV+ Var,Yıllık,Sürekli Lig,Oyuncu Bilgi,Bilgi,Oyuncu,Jenerik,Türkçe,Body,Oyuncu Bilgi,alaves,,,,,,
carles aleñá hangi takımda,La Liga,Futbol,Lig,1. Seviye,Çekirdek,Erkek,Kulüp,Takım Sporu,İspanya,Yabancı,Yok,TV+ Var,Yıllık,Sürekli Lig,Oyuncu Bilgi,Bilgi,Oyuncu,Jenerik,Türkçe,Body,Oyuncu Bilgi,alaves,,,,,,
carles aleñá istatistik,La Liga,Futbol,Lig,1. Seviye,Çekirdek,Erkek,Kulüp,Takım Sporu,İspanya,Yabancı,Yok,TV+ Var,Yıllık,Sürekli Lig,İstatistik,Bilgi,Oyuncu,Jenerik,Türkçe,Body,İstatistik,alaves,,,,,,
toni martínez,La Liga,Futbol,Lig,1. Seviye,Çekirdek,Erkek,Kulüp,Takım Sporu,İspanya,Yabancı,Yok,TV+ Var,Yıllık,Sürekli Lig,Oyuncu Jenerik,Bilgi,Oyuncu,Jenerik,Türkçe,Head,Oyuncu Jenerik,alaves,,,,,,
toni martínez kimdir,La Liga,Futbol,Lig,1. Seviye,Çekirdek,Erkek,Kulüp,Takım Sporu,İspanya,Yabancı,Yok,TV+ Var,Yıllık,Sürekli Lig,Oyuncu Bilgi,Bilgi,Oyuncu,Jenerik,Türkçe,Body,Oyuncu Bilgi,alaves,,,,,,
toni martínez hangi takımda,La Liga,Futbol,Lig,1. Seviye,Çekirdek,Erkek,Kulüp,Takım Sporu,İspanya,Yabancı,Yok,TV+ Var,Yıllık,Sürekli Lig,Oyuncu Bilgi,Bilgi,Oyuncu,Jenerik,Türkçe,Body,Oyuncu Bilgi,alaves,,,,,,
toni martínez istatistik,La Liga,Futbol,Lig,1. Seviye,Çekirdek,Erkek,Kulüp,Takım Sporu,İspanya,Yabancı,Yok,TV+ Var,Yıllık,Sürekli Lig,İstatistik,Bilgi,Oyuncu,Jenerik,Türkçe,Body,İstatistik,alaves,,,,,,
nikola maraš,La Liga,Futbol,Lig,1. Seviye,Çekirdek,Erkek,Kulüp,Takım Sporu,İspanya,Yabancı,Yok,TV+ Var,Yıllık,Sürekli Lig,Oyuncu Jenerik,Bilgi,Oyuncu,Jenerik,Türkçe,Head,Oyuncu Jenerik,alaves,,,,,,
nikola maraš kimdir,La Liga,Futbol,Lig,1. Seviye,Çekirdek,Erkek,Kulüp,Takım Sporu,İspanya,Yabancı,Yok,TV+ Var,Yıllık,Sürekli Lig,Oyuncu Bilgi,Bilgi,Oyuncu,Jenerik,Türkçe,Body,Oyuncu Bilgi,alaves,,,,,,
nikola maraš hangi takımda,La Liga,Futbol,Lig,1. Seviye,Çekirdek,Erkek,Kulüp,Takım Sporu,İspanya,Yabancı,Yok,TV+ Var,Yıllık,Sürekli Lig,Oyuncu Bilgi,Bilgi,Oyuncu,Jenerik,Türkçe,Body,Oyuncu Bilgi,alaves,,,,,,
nikola maraš istatistik,La Liga,Futbol,Lig,1. Seviye,Çekirdek,Erkek,Kulüp,Takım Sporu,İspanya,Yabancı,Yok,TV+ Var,Yıllık,Sürekli Lig,İstatistik,Bilgi,Oyuncu,Jenerik,Türkçe,Body,İstatistik,alaves,,,,,,
raúl fernández,La Liga,Futbol,Lig,1. Seviye,Çekirdek,Erkek,Kulüp,Takım Sporu,İspanya,Yabancı,Yok,TV+ Var,Yıllık,Sürekli Lig,Oyuncu Jenerik,Bilgi,Oyuncu,Jenerik,Türkçe,Head,Oyuncu Jenerik,alaves,,,,,,
raúl fernández kimdir,La Liga,Futbol,Lig,1. Seviye,Çekirdek,Erkek,Kulüp,Takım Sporu,İspanya,Yabancı,Yok,TV+ Var,Yıllık,Sürekli Lig,Oyuncu Bilgi,Bilgi,Oyuncu,Jenerik,Türkçe,Body,Oyuncu Bilgi,alaves,,,,,,
raúl fernández hangi takımda,La Liga,Futbol,Lig,1. Seviye,Çekirdek,Erkek,Kulüp,Takım Sporu,İspanya,Yabancı,Yok,TV+ Var,Yıllık,Sürekli Lig,Oyuncu Bilgi,Bilgi,Oyuncu,Jenerik,Türkçe,Body,Oyuncu Bilgi,alaves,,,,,,
raúl fernández istatistik,La Liga,Futbol,Lig,1. Seviye,Çekirdek,Erkek,Kulüp,Takım Sporu,İspanya,Yabancı,Yok,TV+ Var,Yıllık,Sürekli Lig,İstatistik,Bilgi,Oyuncu,Jenerik,Türkçe,Body,İstatistik,alaves,,,,,,
lucas boyé,La Liga,Futbol,Lig,1. Seviye,Çekirdek,Erkek,Kulüp,Takım Sporu,İspanya,Yabancı,Yok,TV+ Var,Yıllık,Sürekli Lig,Oyuncu Jenerik,Bilgi,Oyuncu,Jenerik,Türkçe,Head,Oyuncu Jenerik,alaves,,,,,,
lucas boyé kimdir,La Liga,Futbol,Lig,1. Seviye,Çekirdek,Erkek,Kulüp,Takım Sporu,İspanya,Yabancı,Yok,TV+ Var,Yıllık,Sürekli Lig,Oyuncu Bilgi,Bilgi,Oyuncu,Jenerik,Türkçe,Body,Oyuncu Bilgi,alaves,,,,,,
lucas boyé hangi takımda,La Liga,Futbol,Lig,1. Seviye,Çekirdek,Erkek,Kulüp,Takım Sporu,İspanya,Yabancı,Yok,TV+ Var,Yıllık,Sürekli Lig,Oyuncu Bilgi,Bilgi,Oyuncu,Jenerik,Türkçe,Body,Oyuncu Bilgi,alaves,,,,,,
lucas boyé istatistik,La Liga,Futbol,Lig,1. Seviye,Çekirdek,Erkek,Kulüp,Takım Sporu,İspanya,Yabancı,Yok,TV+ Var,Yıllık,Sürekli Lig,İstatistik,Bilgi,Oyuncu,Jenerik,Türkçe,Body,İstatistik,alaves,,,,,,
pablo ibáñez,La Liga,Futbol,Lig,1. Seviye,Çekirdek,Erkek,Kulüp,Takım Sporu,İspanya,Yabancı,Yok,TV+ Var,Yıllık,Sürekli Lig,Oyuncu Jenerik,Bilgi,Oyuncu,Jenerik,Türkçe,Head,Oyuncu Jenerik,alaves,,,,,,
pablo ibáñez kimdir,La Liga,Futbol,Lig,1. Seviye,Çekirdek,Erkek,Kulüp,Takım Sporu,İspanya,Yabancı,Yok,TV+ Var,Yıllık,Sürekli Lig,Oyuncu Bilgi,Bilgi,Oyuncu,Jenerik,Türkçe,Body,Oyuncu Bilgi,alaves,,,,,,
pablo ibáñez hangi takımda,La Liga,Futbol,Lig,1. Seviye,Çekirdek,Erkek,Kulüp,Takım Sporu,İspanya,Yabancı,Yok,TV+ Var,Yıllık,Sürekli Lig,Oyuncu Bilgi,Bilgi,Oyuncu,Jenerik,Türkçe,Body,Oyuncu Bilgi,alaves,,,,,,
pablo ibáñez istatistik,La Liga,Futbol,Lig,1. Seviye,Çekirdek,Erkek,Kulüp,Takım Sporu,İspanya,Yabancı,Yok,TV+ Var,Yıllık,Sürekli Lig,İstatistik,Bilgi,Oyuncu,Jenerik,Türkçe,Body,İstatistik,alaves,,,,,,
moussa diarra,La Liga,Futbol,Lig,1. Seviye,Çekirdek,Erkek,Kulüp,Takım Sporu,İspanya,Yabancı,Yok,TV+ Var,Yıllık,Sürekli Lig,Oyuncu Jenerik,Bilgi,Oyuncu,Jenerik,İngilizce,Head,Oyuncu Jenerik,alaves,,,,,,
moussa diarra kimdir,La Liga,Futbol,Lig,1. Seviye,Çekirdek,Erkek,Kulüp,Takım Sporu,İspanya,Yabancı,Yok,TV+ Var,Yıllık,Sürekli Lig,Oyuncu Bilgi,Bilgi,Oyuncu,Jenerik,İngilizce,Body,Oyuncu Bilgi,alaves,,,,,,
moussa diarra hangi takımda,La Liga,Futbol,Lig,1. Seviye,Çekirdek,Erkek,Kulüp,Takım Sporu,İspanya,Yabancı,Yok,TV+ Var,Yıllık,Sürekli Lig,Oyuncu Bilgi,Bilgi,Oyuncu,Jenerik,Türkçe,Body,Oyuncu Bilgi,alaves,,,,,,
moussa diarra istatistik,La Liga,Futbol,Lig,1. Seviye,Çekirdek,Erkek,Kulüp,Takım Sporu,İspanya,Yabancı,Yok,TV+ Var,Yıllık,Sürekli Lig,İstatistik,Bilgi,Oyuncu,Jenerik,İngilizce,Body,İstatistik,alaves,,,,,,
víctor parada,La Liga,Futbol,Lig,1. Seviye,Çekirdek,Erkek,Kulüp,Takım Sporu,İspanya,Yabancı,Yok,TV+ Var,Yıllık,Sürekli Lig,Oyuncu Jenerik,Bilgi,Oyuncu,Jenerik,Türkçe,Head,Oyuncu Jenerik,alaves,,,,,,
víctor parada kimdir,La Liga,Futbol,Lig,1. Seviye,Çekirdek,Erkek,Kulüp,Takım Sporu,İspanya,Yabancı,Yok,TV+ Var,Yıllık,Sürekli Lig,Oyuncu Bilgi,Bilgi,Oyuncu,Jenerik,Türkçe,Body,Oyuncu Bilgi,alaves,,,,,,
víctor parada hangi takımda,La Liga,Futbol,Lig,1. Seviye,Çekirdek,Erkek,Kulüp,Takım Sporu,İspanya,Yabancı,Yok,TV+ Var,Yıllık,Sürekli Lig,Oyuncu Bilgi,Bilgi,Oyuncu,Jenerik,Türkçe,Body,Oyuncu Bilgi,alaves,,,,,,
víctor parada istatistik,La Liga,Futbol,Lig,1. Seviye,Çekirdek,Erkek,Kulüp,Takım Sporu,İspanya,Yabancı,Yok,TV+ Var,Yıllık,Sürekli Lig,İstatistik,Bilgi,Oyuncu,Jenerik,Türkçe,Body,İstatistik,alaves,,,,,,
matías dituro,La Liga,Futbol,Lig,1. Seviye,Çekirdek,Erkek,Kulüp,Takım Sporu,İspanya,Yabancı,Yok,TV+ Var,Yıllık,Sürekli Lig,Oyuncu Jenerik,Bilgi,Oyuncu,Jenerik,Türkçe,Head,Oyuncu Jenerik,elche,,,,,,
matías dituro kimdir,La Liga,Futbol,Lig,1. Seviye,Çekirdek,Erkek,Kulüp,Takım Sporu,İspanya,Yabancı,Yok,TV+ Var,Yıllık,Sürekli Lig,Oyuncu Bilgi,Bilgi,Oyuncu,Jenerik,Türkçe,Body,Oyuncu Bilgi,elche,,,,,,
matías dituro hangi takımda,La Liga,Futbol,Lig,1. Seviye,Çekirdek,Erkek,Kulüp,Takım Sporu,İspanya,Yabancı,Yok,TV+ Var,Yıllık,Sürekli Lig,Oyuncu Bilgi,Bilgi,Oyuncu,Jenerik,Türkçe,Body,Oyuncu Bilgi,elche,,,,,,
matías dituro istatistik,La Liga,Futbol,Lig,1. Seviye,Çekirdek,Erkek,Kulüp,Takım Sporu,İspanya,Yabancı,Yok,TV+ Var,Yıllık,Sürekli Lig,İstatistik,Bilgi,Oyuncu,Jenerik,Türkçe,Body,İstatistik,elche,,,,,,
adrià pedrosa,La Liga,Futbol,Lig,1. Seviye,Çekirdek,Erkek,Kulüp,Takım Sporu,İspanya,Yabancı,Yok,TV+ Var,Yıllık,Sürekli Lig,Oyuncu Jenerik,Bilgi,Oyuncu,Jenerik,Türkçe,Head,Oyuncu Jenerik,elche,,,,,,
adrià pedrosa kimdir,La Liga,Futbol,Lig,1. Seviye,Çekirdek,Erkek,Kulüp,Takım Sporu,İspanya,Yabancı,Yok,TV+ Var,Yıllık,Sürekli Lig,Oyuncu Bilgi,Bilgi,Oyuncu,Jenerik,Türkçe,Body,Oyuncu Bilgi,elche,,,,,,
adrià pedrosa hangi takımda,La Liga,Futbol,Lig,1. Seviye,Çekirdek,Erkek,Kulüp,Takım Sporu,İspanya,Yabancı,Yok,TV+ Var,Yıllık,Sürekli Lig,Oyuncu Bilgi,Bilgi,Oyuncu,Jenerik,Türkçe,Body,Oyuncu Bilgi,elche,,,,,,
adrià pedrosa istatistik,La Liga,Futbol,Lig,1. Seviye,Çekirdek,Erkek,Kulüp,Takım Sporu,İspanya,Yabancı,Yok,TV+ Var,Yıllık,Sürekli Lig,İstatistik,Bilgi,Oyuncu,Jenerik,Türkçe,Body,İstatistik,elche,,,,,,
andré silva,La Liga,Futbol,Lig,1. Seviye,Çekirdek,Erkek,Kulüp,Takım Sporu,İspanya,Yabancı,Yok,TV+ Var,Yıllık,Sürekli Lig,Oyuncu Jenerik,Bilgi,Oyuncu,Jenerik,Türkçe,Head,Oyuncu Jenerik,elche,,,,,,
andré silva kimdir,La Liga,Futbol,Lig,1. Seviye,Çekirdek,Erkek,Kulüp,Takım Sporu,İspanya,Yabancı,Yok,TV+ Var,Yıllık,Sürekli Lig,Oyuncu Bilgi,Bilgi,Oyuncu,Jenerik,Türkçe,Body,Oyuncu Bilgi,elche,,,,,,
andré silva hangi takımda,La Liga,Futbol,Lig,1. Seviye,Çekirdek,Erkek,Kulüp,Takım Sporu,İspanya,Yabancı,Yok,TV+ Var,Yıllık,Sürekli Lig,Oyuncu Bilgi,Bilgi,Oyuncu,Jenerik,Türkçe,Body,Oyuncu Bilgi,elche,,,,,,
andré silva istatistik,La Liga,Futbol,Lig,1. Seviye,Çekirdek,Erkek,Kulüp,Takım Sporu,İspanya,Yabancı,Yok,TV+ Var,Yıllık,Sürekli Lig,İstatistik,Bilgi,Oyuncu,Jenerik,Türkçe,Body,İstatistik,elche,,,,,,
germán valera,La Liga,Futbol,Lig,1. Seviye,Çekirdek,Erkek,Kulüp,Takım Sporu,İspanya,Yabancı,Yok,TV+ Var,Yıllık,Sürekli Lig,Oyuncu Jenerik,Bilgi,Oyuncu,Jenerik,Türkçe,Head,Oyuncu Jenerik,elche,,,,,,
germán valera kimdir,La Liga,Futbol,Lig,1. Seviye,Çekirdek,Erkek,Kulüp,Takım Sporu,İspanya,Yabancı,Yok,TV+ Var,Yıllık,Sürekli Lig,Oyuncu Bilgi,Bilgi,Oyuncu,Jenerik,Türkçe,Body,Oyuncu Bilgi,elche,,,,,,
germán valera hangi takımda,La Liga,Futbol,Lig,1. Seviye,Çekirdek,Erkek,Kulüp,Takım Sporu,İspanya,Yabancı,Yok,TV+ Var,Yıllık,Sürekli Lig,Oyuncu Bilgi,Bilgi,Oyuncu,Jenerik,Türkçe,Body,Oyuncu Bilgi,elche,,,,,,
germán valera istatistik,La Liga,Futbol,Lig,1. Seviye,Çekirdek,Erkek,Kulüp,Takım Sporu,İspanya,Yabancı,Yok,TV+ Var,Yıllık,Sürekli Lig,İstatistik,Bilgi,Oyuncu,Jenerik,Türkçe,Body,İstatistik,elche,,,,,,
iñaki peña,La Liga,Futbol,Lig,1. Seviye,Çekirdek,Erkek,Kulüp,Takım Sporu,İspanya,Yabancı,Yok,TV+ Var,Yıllık,Sürekli Lig,Oyuncu Jenerik,Bilgi,Oyuncu,Jenerik,Türkçe,Head,Oyuncu Jenerik,elche,,,,,,
iñaki peña kimdir,La Liga,Futbol,Lig,1. Seviye,Çekirdek,Erkek,Kulüp,Takım Sporu,İspanya,Yabancı,Yok,TV+ Var,Yıllık,Sürekli Lig,Oyuncu Bilgi,Bilgi,Oyuncu,Jenerik,Türkçe,Body,Oyuncu Bilgi,elche,,,,,,
iñaki peña hangi takımda,La Liga,Futbol,Lig,1. Seviye,Çekirdek,Erkek,Kulüp,Takım Sporu,İspanya,Yabancı,Yok,TV+ Var,Yıllık,Sürekli Lig,Oyuncu Bilgi,Bilgi,Oyuncu,Jenerik,Türkçe,Body,Oyuncu Bilgi,elche,,,,,,
iñaki peña istatistik,La Liga,Futbol,Lig,1. Seviye,Çekirdek,Erkek,Kulüp,Takım Sporu,İspanya,Yabancı,Yok,TV+ Var,Yıllık,Sürekli Lig,İstatistik,Bilgi,Oyuncu,Jenerik,Türkçe,Body,İstatistik,elche,,,,,,
álvaro núñez,La Liga,Futbol,Lig,1. Seviye,Çekirdek,Erkek,Kulüp,Takım Sporu,İspanya,Yabancı,Yok,TV+ Var,Yıllık,Sürekli Lig,Oyuncu Jenerik,Bilgi,Oyuncu,Jenerik,Türkçe,Head,Oyuncu Jenerik,elche,,,,,,
álvaro núñez kimdir,La Liga,Futbol,Lig,1. Seviye,Çekirdek,Erkek,Kulüp,Takım Sporu,İspanya,Yabancı,Yok,TV+ Var,Yıllık,Sürekli Lig,Oyuncu Bilgi,Bilgi,Oyuncu,Jenerik,Türkçe,Body,Oyuncu Bilgi,elche,,,,,,
álvaro núñez hangi takımda,La Liga,Futbol,Lig,1. Seviye,Çekirdek,Erkek,Kulüp,Takım Sporu,İspanya,Yabancı,Yok,TV+ Var,Yıllık,Sürekli Lig,Oyuncu Bilgi,Bilgi,Oyuncu,Jenerik,Türkçe,Body,Oyuncu Bilgi,elche,,,,,,
álvaro núñez istatistik,La Liga,Futbol,Lig,1. Seviye,Çekirdek,Erkek,Kulüp,Takım Sporu,İspanya,Yabancı,Yok,TV+ Var,Yıllık,Sürekli Lig,İstatistik,Bilgi,Oyuncu,Jenerik,Türkçe,Body,İstatistik,elche,,,,,,
álvaro rodríguez,La Liga,Futbol,Lig,1. Seviye,Çekirdek,Erkek,Kulüp,Takım Sporu,İspanya,Yabancı,Yok,TV+ Var,Yıllık,Sürekli Lig,Oyuncu Jenerik,Bilgi,Oyuncu,Jenerik,Türkçe,Head,Oyuncu Jenerik,elche,,,,,,
álvaro rodríguez kimdir,La Liga,Futbol,Lig,1. Seviye,Çekirdek,Erkek,Kulüp,Takım Sporu,İspanya,Yabancı,Yok,TV+ Var,Yıllık,Sürekli Lig,Oyuncu Bilgi,Bilgi,Oyuncu,Jenerik,Türkçe,Body,Oyuncu Bilgi,elche,,,,,,
álvaro rodríguez hangi takımda,La Liga,Futbol,Lig,1. Seviye,Çekirdek,Erkek,Kulüp,Takım Sporu,İspanya,Yabancı,Yok,TV+ Var,Yıllık,Sürekli Lig,Oyuncu Bilgi,Bilgi,Oyuncu,Jenerik,Türkçe,Body,Oyuncu Bilgi,elche,,,,,,
álvaro rodríguez istatistik,La Liga,Futbol,Lig,1. Seviye,Çekirdek,Erkek,Kulüp,Takım Sporu,İspanya,Yabancı,Yok,TV+ Var,Yıllık,Sürekli Lig,İstatistik,Bilgi,Oyuncu,Jenerik,Türkçe,Body,İstatistik,elche,,,,,,
léo pétrot,La Liga,Futbol,Lig,1. Seviye,Çekirdek,Erkek,Kulüp,Takım Sporu,İspanya,Yabancı,Yok,TV+ Var,Yıllık,Sürekli Lig,Oyuncu Jenerik,Bilgi,Oyuncu,Jenerik,Türkçe,Head,Oyuncu Jenerik,elche,,,,,,
léo pétrot kimdir,La Liga,Futbol,Lig,1. Seviye,Çekirdek,Erkek,Kulüp,Takım Sporu,İspanya,Yabancı,Yok,TV+ Var,Yıllık,Sürekli Lig,Oyuncu Bilgi,Bilgi,Oyuncu,Jenerik,Türkçe,Body,Oyuncu Bilgi,elche,,,,,,
léo pétrot hangi takımda,La Liga,Futbol,Lig,1. Seviye,Çekirdek,Erkek,Kulüp,Takım Sporu,İspanya,Yabancı,Yok,TV+ Var,Yıllık,Sürekli Lig,Oyuncu Bilgi,Bilgi,Oyuncu,Jenerik,Türkçe,Body,Oyuncu Bilgi,elche,,,,,,
léo pétrot istatistik,La Liga,Futbol,Lig,1. Seviye,Çekirdek,Erkek,Kulüp,Takım Sporu,İspanya,Yabancı,Yok,TV+ Var,Yıllık,Sürekli Lig,İstatistik,Bilgi,Oyuncu,Jenerik,Türkçe,Body,İstatistik,elche,,,,,,
víctor chust,La Liga,Futbol,Lig,1. Seviye,Çekirdek,Erkek,Kulüp,Takım Sporu,İspanya,Yabancı,Yok,TV+ Var,Yıllık,Sürekli Lig,Oyuncu Jenerik,Bilgi,Oyuncu,Jenerik,Türkçe,Head,Oyuncu Jenerik,elche,,,,,,
víctor chust kimdir,La Liga,Futbol,Lig,1. Seviye,Çekirdek,Erkek,Kulüp,Takım Sporu,İspanya,Yabancı,Yok,TV+ Var,Yıllık,Sürekli Lig,Oyuncu Bilgi,Bilgi,Oyuncu,Jenerik,Türkçe,Body,Oyuncu Bilgi,elche,,,,,,
víctor chust hangi takımda,La Liga,Futbol,Lig,1. Seviye,Çekirdek,Erkek,Kulüp,Takım Sporu,İspanya,Yabancı,Yok,TV+ Var,Yıllık,Sürekli Lig,Oyuncu Bilgi,Bilgi,Oyuncu,Jenerik,Türkçe,Body,Oyuncu Bilgi,elche,,,,,,
víctor chust istatistik,La Liga,Futbol,Lig,1. Seviye,Çekirdek,Erkek,Kulüp,Takım Sporu,İspanya,Yabancı,Yok,TV+ Var,Yıllık,Sürekli Lig,İstatistik,Bilgi,Oyuncu,Jenerik,Türkçe,Body,İstatistik,elche,,,,,,
cádiz cf,La Liga,Futbol,Lig,1. Seviye,Çekirdek,Erkek,Kulüp,Takım Sporu,İspanya,Yabancı,Yok,TV+ Var,Yıllık,Sürekli Lig,Oyuncu Jenerik,Bilgi,Oyuncu,Jenerik,Türkçe,Head,Oyuncu Jenerik,elche,,,,,,
cádiz cf kimdir,La Liga,Futbol,Lig,1. Seviye,Çekirdek,Erkek,Kulüp,Takım Sporu,İspanya,Yabancı,Yok,TV+ Var,Yıllık,Sürekli Lig,Oyuncu Bilgi,Bilgi,Oyuncu,Jenerik,Türkçe,Body,Oyuncu Bilgi,elche,,,,,,
cádiz cf hangi takımda,La Liga,Futbol,Lig,1. Seviye,Çekirdek,Erkek,Kulüp,Takım Sporu,İspanya,Yabancı,Yok,TV+ Var,Yıllık,Sürekli Lig,Oyuncu Bilgi,Bilgi,Oyuncu,Jenerik,Türkçe,Body,Oyuncu Bilgi,elche,,,,,,
cádiz cf istatistik,La Liga,Futbol,Lig,1. Seviye,Çekirdek,Erkek,Kulüp,Takım Sporu,İspanya,Yabancı,Yok,TV+ Var,Yıllık,Sürekli Lig,İstatistik,Bilgi,Oyuncu,Jenerik,Türkçe,Body,İstatistik,elche,,,,,,
albert niculăesei,La Liga,Futbol,Lig,1. Seviye,Çekirdek,Erkek,Kulüp,Takım Sporu,İspanya,Yabancı,Yok,TV+ Var,Yıllık,Sürekli Lig,Oyuncu Jenerik,Bilgi,Oyuncu,Jenerik,Türkçe,Head,Oyuncu Jenerik,elche,,,,,,
albert niculăesei kimdir,La Liga,Futbol,Lig,1. Seviye,Çekirdek,Erkek,Kulüp,Takım Sporu,İspanya,Yabancı,Yok,TV+ Var,Yıllık,Sürekli Lig,Oyuncu Bilgi,Bilgi,Oyuncu,Jenerik,Türkçe,Body,Oyuncu Bilgi,elche,,,,,,
albert niculăesei hangi takımda,La Liga,Futbol,Lig,1. Seviye,Çekirdek,Erkek,Kulüp,Takım Sporu,İspanya,Yabancı,Yok,TV+ Var,Yıllık,Sürekli Lig,Oyuncu Bilgi,Bilgi,Oyuncu,Jenerik,Türkçe,Body,Oyuncu Bilgi,elche,,,,,,
albert niculăesei istatistik,La Liga,Futbol,Lig,1. Seviye,Çekirdek,Erkek,Kulüp,Takım Sporu,İspanya,Yabancı,Yok,TV+ Var,Yıllık,Sürekli Lig,İstatistik,Bilgi,Oyuncu,Jenerik,Türkçe,Body,İstatistik,elche,,,,,,
héctor fort,La Liga,Futbol,Lig,1. Seviye,Çekirdek,Erkek,Kulüp,Takım Sporu,İspanya,Yabancı,Yok,TV+ Var,Yıllık,Sürekli Lig,Oyuncu Jenerik,Bilgi,Oyuncu,Jenerik,Türkçe,Head,Oyuncu Jenerik,elche,,,,,,
héctor fort kimdir,La Liga,Futbol,Lig,1. Seviye,Çekirdek,Erkek,Kulüp,Takım Sporu,İspanya,Yabancı,Yok,TV+ Var,Yıllık,Sürekli Lig,Oyuncu Bilgi,Bilgi,Oyuncu,Jenerik,Türkçe,Body,Oyuncu Bilgi,elche,,,,,,
héctor fort hangi takımda,La Liga,Futbol,Lig,1. Seviye,Çekirdek,Erkek,Kulüp,Takım Sporu,İspanya,Yabancı,Yok,TV+ Var,Yıllık,Sürekli Lig,Oyuncu Bilgi,Bilgi,Oyuncu,Jenerik,Türkçe,Body,Oyuncu Bilgi,elche,,,,,,
héctor fort istatistik,La Liga,Futbol,Lig,1. Seviye,Çekirdek,Erkek,Kulüp,Takım Sporu,İspanya,Yabancı,Yok,TV+ Var,Yıllık,Sürekli Lig,İstatistik,Bilgi,Oyuncu,Jenerik,Türkçe,Body,İstatistik,elche,,,,,,
horațiu moldovan,La Liga,Futbol,Lig,1. Seviye,Çekirdek,Erkek,Kulüp,Takım Sporu,İspanya,Yabancı,Yok,TV+ Var,Yıllık,Sürekli Lig,Oyuncu Jenerik,Bilgi,Oyuncu,Jenerik,Türkçe,Head,Oyuncu Jenerik,oviedo,,,,,,
horațiu moldovan kimdir,La Liga,Futbol,Lig,1. Seviye,Çekirdek,Erkek,Kulüp,Takım Sporu,İspanya,Yabancı,Yok,TV+ Var,Yıllık,Sürekli Lig,Oyuncu Bilgi,Bilgi,Oyuncu,Jenerik,Türkçe,Body,Oyuncu Bilgi,oviedo,,,,,,
horațiu moldovan hangi takımda,La Liga,Futbol,Lig,1. Seviye,Çekirdek,Erkek,Kulüp,Takım Sporu,İspanya,Yabancı,Yok,TV+ Var,Yıllık,Sürekli Lig,Oyuncu Bilgi,Bilgi,Oyuncu,Jenerik,Türkçe,Body,Oyuncu Bilgi,oviedo,,,,,,
horațiu moldovan istatistik,La Liga,Futbol,Lig,1. Seviye,Çekirdek,Erkek,Kulüp,Takım Sporu,İspanya,Yabancı,Yok,TV+ Var,Yıllık,Sürekli Lig,İstatistik,Bilgi,Oyuncu,Jenerik,Türkçe,Body,İstatistik,oviedo,,,,,,
salomón rondón,La Liga,Futbol,Lig,1. Seviye,Çekirdek,Erkek,Kulüp,Takım Sporu,İspanya,Yabancı,Yok,TV+ Var,Yıllık,Sürekli Lig,Oyuncu Jenerik,Bilgi,Oyuncu,Jenerik,Türkçe,Head,Oyuncu Jenerik,oviedo,,,,,,
salomón rondón kimdir,La Liga,Futbol,Lig,1. Seviye,Çekirdek,Erkek,Kulüp,Takım Sporu,İspanya,Yabancı,Yok,TV+ Var,Yıllık,Sürekli Lig,Oyuncu Bilgi,Bilgi,Oyuncu,Jenerik,Türkçe,Body,Oyuncu Bilgi,oviedo,,,,,,
salomón rondón hangi takımda,La Liga,Futbol,Lig,1. Seviye,Çekirdek,Erkek,Kulüp,Takım Sporu,İspanya,Yabancı,Yok,TV+ Var,Yıllık,Sürekli Lig,Oyuncu Bilgi,Bilgi,Oyuncu,Jenerik,Türkçe,Body,Oyuncu Bilgi,oviedo,,,,,,
salomón rondón istatistik,La Liga,Futbol,Lig,1. Seviye,Çekirdek,Erkek,Kulüp,Takım Sporu,İspanya,Yabancı,Yok,TV+ Var,Yıllık,Sürekli Lig,İstatistik,Bilgi,Oyuncu,Jenerik,Türkçe,Body,İstatistik,oviedo,,,,,,
federico viñas,La Liga,Futbol,Lig,1. Seviye,Çekirdek,Erkek,Kulüp,Takım Sporu,İspanya,Yabancı,Yok,TV+ Var,Yıllık,Sürekli Lig,Oyuncu Jenerik,Bilgi,Oyuncu,Jenerik,Türkçe,Head,Oyuncu Jenerik,oviedo,,,,,,
federico viñas kimdir,La Liga,Futbol,Lig,1. Seviye,Çekirdek,Erkek,Kulüp,Takım Sporu,İspanya,Yabancı,Yok,TV+ Var,Yıllık,Sürekli Lig,Oyuncu Bilgi,Bilgi,Oyuncu,Jenerik,Türkçe,Body,Oyuncu Bilgi,oviedo,,,,,,
federico viñas hangi takımda,La Liga,Futbol,Lig,1. Seviye,Çekirdek,Erkek,Kulüp,Takım Sporu,İspanya,Yabancı,Yok,TV+ Var,Yıllık,Sürekli Lig,Oyuncu Bilgi,Bilgi,Oyuncu,Jenerik,Türkçe,Body,Oyuncu Bilgi,oviedo,,,,,,
federico viñas istatistik,La Liga,Futbol,Lig,1. Seviye,Çekirdek,Erkek,Kulüp,Takım Sporu,İspanya,Yabancı,Yok,TV+ Var,Yıllık,Sürekli Lig,İstatistik,Bilgi,Oyuncu,Jenerik,Türkçe,Body,İstatistik,oviedo,,,,,,
aarón escandell,La Liga,Futbol,Lig,1. Seviye,Çekirdek,Erkek,Kulüp,Takım Sporu,İspanya,Yabancı,Yok,TV+ Var,Yıllık,Sürekli Lig,Oyuncu Jenerik,Bilgi,Oyuncu,Jenerik,Türkçe,Head,Oyuncu Jenerik,oviedo,,,,,,
aarón escandell kimdir,La Liga,Futbol,Lig,1. Seviye,Çekirdek,Erkek,Kulüp,Takım Sporu,İspanya,Yabancı,Yok,TV+ Var,Yıllık,Sürekli Lig,Oyuncu Bilgi,Bilgi,Oyuncu,Jenerik,Türkçe,Body,Oyuncu Bilgi,oviedo,,,,,,
aarón escandell hangi takımda,La Liga,Futbol,Lig,1. Seviye,Çekirdek,Erkek,Kulüp,Takım Sporu,İspanya,Yabancı,Yok,TV+ Var,Yıllık,Sürekli Lig,Oyuncu Bilgi,Bilgi,Oyuncu,Jenerik,Türkçe,Body,Oyuncu Bilgi,oviedo,,,,,,
aarón escandell istatistik,La Liga,Futbol,Lig,1. Seviye,Çekirdek,Erkek,Kulüp,Takım Sporu,İspanya,Yabancı,Yok,TV+ Var,Yıllık,Sürekli Lig,İstatistik,Bilgi,Oyuncu,Jenerik,Türkçe,Body,İstatistik,oviedo,,,,,,
álex forés,La Liga,Futbol,Lig,1. Seviye,Çekirdek,Erkek,Kulüp,Takım Sporu,İspanya,Yabancı,Yok,TV+ Var,Yıllık,Sürekli Lig,Oyuncu Jenerik,Bilgi,Oyuncu,Jenerik,Türkçe,Head,Oyuncu Jenerik,oviedo,,,,,,
álex forés kimdir,La Liga,Futbol,Lig,1. Seviye,Çekirdek,Erkek,Kulüp,Takım Sporu,İspanya,Yabancı,Yok,TV+ Var,Yıllık,Sürekli Lig,Oyuncu Bilgi,Bilgi,Oyuncu,Jenerik,Türkçe,Body,Oyuncu Bilgi,oviedo,,,,,,
álex forés hangi takımda,La Liga,Futbol,Lig,1. Seviye,Çekirdek,Erkek,Kulüp,Takım Sporu,İspanya,Yabancı,Yok,TV+ Var,Yıllık,Sürekli Lig,Oyuncu Bilgi,Bilgi,Oyuncu,Jenerik,Türkçe,Body,Oyuncu Bilgi,oviedo,,,,,,
álex forés istatistik,La Liga,Futbol,Lig,1. Seviye,Çekirdek,Erkek,Kulüp,Takım Sporu,İspanya,Yabancı,Yok,TV+ Var,Yıllık,Sürekli Lig,İstatistik,Bilgi,Oyuncu,Jenerik,Türkçe,Body,İstatistik,oviedo,,,,,,
luka ilić,La Liga,Futbol,Lig,1. Seviye,Çekirdek,Erkek,Kulüp,Takım Sporu,İspanya,Yabancı,Yok,TV+ Var,Yıllık,Sürekli Lig,Oyuncu Jenerik,Bilgi,Oyuncu,Jenerik,Türkçe,Head,Oyuncu Jenerik,oviedo,,,,,,
luka ilić kimdir,La Liga,Futbol,Lig,1. Seviye,Çekirdek,Erkek,Kulüp,Takım Sporu,İspanya,Yabancı,Yok,TV+ Var,Yıllık,Sürekli Lig,Oyuncu Bilgi,Bilgi,Oyuncu,Jenerik,Türkçe,Body,Oyuncu Bilgi,oviedo,,,,,,
luka ilić hangi takımda,La Liga,Futbol,Lig,1. Seviye,Çekirdek,Erkek,Kulüp,Takım Sporu,İspanya,Yabancı,Yok,TV+ Var,Yıllık,Sürekli Lig,Oyuncu Bilgi,Bilgi,Oyuncu,Jenerik,Türkçe,Body,Oyuncu Bilgi,oviedo,,,,,,
luka ilić istatistik,La Liga,Futbol,Lig,1. Seviye,Çekirdek,Erkek,Kulüp,Takım Sporu,İspanya,Yabancı,Yok,TV+ Var,Yıllık,Sürekli Lig,İstatistik,Bilgi,Oyuncu,Jenerik,Türkçe,Body,İstatistik,oviedo,,,,,,
álvaro lemos,La Liga,Futbol,Lig,1. Seviye,Çekirdek,Erkek,Kulüp,Takım Sporu,İspanya,Yabancı,Yok,TV+ Var,Yıllık,Sürekli Lig,Oyuncu Jenerik,Bilgi,Oyuncu,Jenerik,Türkçe,Head,Oyuncu Jenerik,oviedo,,,,,,
álvaro lemos kimdir,La Liga,Futbol,Lig,1. Seviye,Çekirdek,Erkek,Kulüp,Takım Sporu,İspanya,Yabancı,Yok,TV+ Var,Yıllık,Sürekli Lig,Oyuncu Bilgi,Bilgi,Oyuncu,Jenerik,Türkçe,Body,Oyuncu Bilgi,oviedo,,,,,,
álvaro lemos hangi takımda,La Liga,Futbol,Lig,1. Seviye,Çekirdek,Erkek,Kulüp,Takım Sporu,İspanya,Yabancı,Yok,TV+ Var,Yıllık,Sürekli Lig,Oyuncu Bilgi,Bilgi,Oyuncu,Jenerik,Türkçe,Body,Oyuncu Bilgi,oviedo,,,,,,
álvaro lemos istatistik,La Liga,Futbol,Lig,1. Seviye,Çekirdek,Erkek,Kulüp,Takım Sporu,İspanya,Yabancı,Yok,TV+ Var,Yıllık,Sürekli Lig,İstatistik,Bilgi,Oyuncu,Jenerik,Türkçe,Body,İstatistik,oviedo,,,,,,
javi lópez,La Liga,Futbol,Lig,1. Seviye,Çekirdek,Erkek,Kulüp,Takım Sporu,İspanya,Yabancı,Yok,TV+ Var,Yıllık,Sürekli Lig,Oyuncu Jenerik,Bilgi,Oyuncu,Jenerik,Türkçe,Head,Oyuncu Jenerik,oviedo,,,,,,
javi lópez kimdir,La Liga,Futbol,Lig,1. Seviye,Çekirdek,Erkek,Kulüp,Takım Sporu,İspanya,Yabancı,Yok,TV+ Var,Yıllık,Sürekli Lig,Oyuncu Bilgi,Bilgi,Oyuncu,Jenerik,Türkçe,Body,Oyuncu Bilgi,oviedo,,,,,,
javi lópez hangi takımda,La Liga,Futbol,Lig,1. Seviye,Çekirdek,Erkek,Kulüp,Takım Sporu,İspanya,Yabancı,Yok,TV+ Var,Yıllık,Sürekli Lig,Oyuncu Bilgi,Bilgi,Oyuncu,Jenerik,Türkçe,Body,Oyuncu Bilgi,oviedo,,,,,,
javi lópez istatistik,La Liga,Futbol,Lig,1. Seviye,Çekirdek,Erkek,Kulüp,Takım Sporu,İspanya,Yabancı,Yok,TV+ Var,Yıllık,Sürekli Lig,İstatistik,Bilgi,Oyuncu,Jenerik,Türkçe,Body,İstatistik,oviedo,,,,,,
francisco conceição,Serie A,Futbol,Lig,1. Seviye,Çekirdek,Erkek,Kulüp,Takım Sporu,İtalya,Yabancı,Yok,TV+ Var,Yıllık,Sürekli Lig,Oyuncu Jenerik,Bilgi,Oyuncu,Jenerik,Türkçe,Head,Oyuncu Jenerik,juventus,,,,,,
francisco conceição kimdir,Serie A,Futbol,Lig,1. Seviye,Çekirdek,Erkek,Kulüp,Takım Sporu,İtalya,Yabancı,Yok,TV+ Var,Yıllık,Sürekli Lig,Oyuncu Bilgi,Bilgi,Oyuncu,Jenerik,Türkçe,Body,Oyuncu Bilgi,juventus,,,,,,
francisco conceição hangi takımda,Serie A,Futbol,Lig,1. Seviye,Çekirdek,Erkek,Kulüp,Takım Sporu,İtalya,Yabancı,Yok,TV+ Var,Yıllık,Sürekli Lig,Oyuncu Bilgi,Bilgi,Oyuncu,Jenerik,Türkçe,Body,Oyuncu Bilgi,juventus,,,,,,
francisco conceição istatistik,Serie A,Futbol,Lig,1. Seviye,Çekirdek,Erkek,Kulüp,Takım Sporu,İtalya,Yabancı,Yok,TV+ Var,Yıllık,Sürekli Lig,İstatistik,Bilgi,Oyuncu,Jenerik,Türkçe,Body,İstatistik,juventus,,,,,,
jérémie boga,Serie A,Futbol,Lig,1. Seviye,Çekirdek,Erkek,Kulüp,Takım Sporu,İtalya,Yabancı,Yok,TV+ Var,Yıllık,Sürekli Lig,Oyuncu Jenerik,Bilgi,Oyuncu,Jenerik,Türkçe,Head,Oyuncu Jenerik,juventus,,,,,,
jérémie boga kimdir,Serie A,Futbol,Lig,1. Seviye,Çekirdek,Erkek,Kulüp,Takım Sporu,İtalya,Yabancı,Yok,TV+ Var,Yıllık,Sürekli Lig,Oyuncu Bilgi,Bilgi,Oyuncu,Jenerik,Türkçe,Body,Oyuncu Bilgi,juventus,,,,,,
jérémie boga hangi takımda,Serie A,Futbol,Lig,1. Seviye,Çekirdek,Erkek,Kulüp,Takım Sporu,İtalya,Yabancı,Yok,TV+ Var,Yıllık,Sürekli Lig,Oyuncu Bilgi,Bilgi,Oyuncu,Jenerik,Türkçe,Body,Oyuncu Bilgi,juventus,,,,,,
jérémie boga istatistik,Serie A,Futbol,Lig,1. Seviye,Çekirdek,Erkek,Kulüp,Takım Sporu,İtalya,Yabancı,Yok,TV+ Var,Yıllık,Sürekli Lig,İstatistik,Bilgi,Oyuncu,Jenerik,Türkçe,Body,İstatistik,juventus,,,,,,
khéphren thuram,Serie A,Futbol,Lig,1. Seviye,Çekirdek,Erkek,Kulüp,Takım Sporu,İtalya,Yabancı,Yok,TV+ Var,Yıllık,Sürekli Lig,Oyuncu Jenerik,Bilgi,Oyuncu,Jenerik,Türkçe,Head,Oyuncu Jenerik,juventus,,,,,,
khéphren thuram kimdir,Serie A,Futbol,Lig,1. Seviye,Çekirdek,Erkek,Kulüp,Takım Sporu,İtalya,Yabancı,Yok,TV+ Var,Yıllık,Sürekli Lig,Oyuncu Bilgi,Bilgi,Oyuncu,Jenerik,Türkçe,Body,Oyuncu Bilgi,juventus,,,,,,
khéphren thuram hangi takımda,Serie A,Futbol,Lig,1. Seviye,Çekirdek,Erkek,Kulüp,Takım Sporu,İtalya,Yabancı,Yok,TV+ Var,Yıllık,Sürekli Lig,Oyuncu Bilgi,Bilgi,Oyuncu,Jenerik,Türkçe,Body,Oyuncu Bilgi,juventus,,,,,,
khéphren thuram istatistik,Serie A,Futbol,Lig,1. Seviye,Çekirdek,Erkek,Kulüp,Takım Sporu,İtalya,Yabancı,Yok,TV+ Var,Yıllık,Sürekli Lig,İstatistik,Bilgi,Oyuncu,Jenerik,Türkçe,Body,İstatistik,juventus,,,,,,
loïs openda,Serie A,Futbol,Lig,1. Seviye,Çekirdek,Erkek,Kulüp,Takım Sporu,İtalya,Yabancı,Yok,TV+ Var,Yıllık,Sürekli Lig,Oyuncu Jenerik,Bilgi,Oyuncu,Jenerik,Türkçe,Head,Oyuncu Jenerik,juventus,,,,,,
loïs openda kimdir,Serie A,Futbol,Lig,1. Seviye,Çekirdek,Erkek,Kulüp,Takım Sporu,İtalya,Yabancı,Yok,TV+ Var,Yıllık,Sürekli Lig,Oyuncu Bilgi,Bilgi,Oyuncu,Jenerik,Türkçe,Body,Oyuncu Bilgi,juventus,,,,,,
loïs openda hangi takımda,Serie A,Futbol,Lig,1. Seviye,Çekirdek,Erkek,Kulüp,Takım Sporu,İtalya,Yabancı,Yok,TV+ Var,Yıllık,Sürekli Lig,Oyuncu Bilgi,Bilgi,Oyuncu,Jenerik,Türkçe,Body,Oyuncu Bilgi,juventus,,,,,,
loïs openda istatistik,Serie A,Futbol,Lig,1. Seviye,Çekirdek,Erkek,Kulüp,Takım Sporu,İtalya,Yabancı,Yok,TV+ Var,Yıllık,Sürekli Lig,İstatistik,Bilgi,Oyuncu,Jenerik,Türkçe,Body,İstatistik,juventus,,,,,,
joão mário,Serie A,Futbol,Lig,1. Seviye,Çekirdek,Erkek,Kulüp,Takım Sporu,İtalya,Yabancı,Yok,TV+ Var,Yıllık,Sürekli Lig,Oyuncu Jenerik,Bilgi,Oyuncu,Jenerik,Türkçe,Head,Oyuncu Jenerik,juventus,,,,,,
joão mário kimdir,Serie A,Futbol,Lig,1. Seviye,Çekirdek,Erkek,Kulüp,Takım Sporu,İtalya,Yabancı,Yok,TV+ Var,Yıllık,Sürekli Lig,Oyuncu Bilgi,Bilgi,Oyuncu,Jenerik,Türkçe,Body,Oyuncu Bilgi,juventus,,,,,,
joão mário hangi takımda,Serie A,Futbol,Lig,1. Seviye,Çekirdek,Erkek,Kulüp,Takım Sporu,İtalya,Yabancı,Yok,TV+ Var,Yıllık,Sürekli Lig,Oyuncu Bilgi,Bilgi,Oyuncu,Jenerik,Türkçe,Body,Oyuncu Bilgi,juventus,,,,,,
joão mário istatistik,Serie A,Futbol,Lig,1. Seviye,Çekirdek,Erkek,Kulüp,Takım Sporu,İtalya,Yabancı,Yok,TV+ Var,Yıllık,Sürekli Lig,İstatistik,Bilgi,Oyuncu,Jenerik,Türkçe,Body,İstatistik,juventus,,,,,,
mário rui,Serie A,Futbol,Lig,1. Seviye,Çekirdek,Erkek,Kulüp,Takım Sporu,İtalya,Yabancı,Yok,TV+ Var,Yıllık,Sürekli Lig,Oyuncu Jenerik,Bilgi,Oyuncu,Jenerik,Türkçe,Head,Oyuncu Jenerik,napoli,,,,,,
mário rui kimdir,Serie A,Futbol,Lig,1. Seviye,Çekirdek,Erkek,Kulüp,Takım Sporu,İtalya,Yabancı,Yok,TV+ Var,Yıllık,Sürekli Lig,Oyuncu Bilgi,Bilgi,Oyuncu,Jenerik,Türkçe,Body,Oyuncu Bilgi,napoli,,,,,,
mário rui hangi takımda,Serie A,Futbol,Lig,1. Seviye,Çekirdek,Erkek,Kulüp,Takım Sporu,İtalya,Yabancı,Yok,TV+ Var,Yıllık,Sürekli Lig,Oyuncu Bilgi,Bilgi,Oyuncu,Jenerik,Türkçe,Body,Oyuncu Bilgi,napoli,,,,,,
mário rui istatistik,Serie A,Futbol,Lig,1. Seviye,Çekirdek,Erkek,Kulüp,Takım Sporu,İtalya,Yabancı,Yok,TV+ Var,Yıllık,Sürekli Lig,İstatistik,Bilgi,Oyuncu,Jenerik,Türkçe,Body,İstatistik,napoli,,,,,,
mathías olivera,Serie A,Futbol,Lig,1. Seviye,Çekirdek,Erkek,Kulüp,Takım Sporu,İtalya,Yabancı,Yok,TV+ Var,Yıllık,Sürekli Lig,Oyuncu Jenerik,Bilgi,Oyuncu,Jenerik,Türkçe,Head,Oyuncu Jenerik,napoli,,,,,,
mathías olivera kimdir,Serie A,Futbol,Lig,1. Seviye,Çekirdek,Erkek,Kulüp,Takım Sporu,İtalya,Yabancı,Yok,TV+ Var,Yıllık,Sürekli Lig,Oyuncu Bilgi,Bilgi,Oyuncu,Jenerik,Türkçe,Body,Oyuncu Bilgi,napoli,,,,,,
mathías olivera hangi takımda,Serie A,Futbol,Lig,1. Seviye,Çekirdek,Erkek,Kulüp,Takım Sporu,İtalya,Yabancı,Yok,TV+ Var,Yıllık,Sürekli Lig,Oyuncu Bilgi,Bilgi,Oyuncu,Jenerik,Türkçe,Body,Oyuncu Bilgi,napoli,,,,,,
mathías olivera istatistik,Serie A,Futbol,Lig,1. Seviye,Çekirdek,Erkek,Kulüp,Takım Sporu,İtalya,Yabancı,Yok,TV+ Var,Yıllık,Sürekli Lig,İstatistik,Bilgi,Oyuncu,Jenerik,Türkçe,Body,İstatistik,napoli,,,,,,
andré zambo anguissa,Serie A,Futbol,Lig,1. Seviye,Çekirdek,Erkek,Kulüp,Takım Sporu,İtalya,Yabancı,Yok,TV+ Var,Yıllık,Sürekli Lig,Oyuncu Jenerik,Bilgi,Oyuncu,Jenerik,Türkçe,Body,Oyuncu Jenerik,napoli,,,,,,
andré zambo anguissa kimdir,Serie A,Futbol,Lig,1. Seviye,Çekirdek,Erkek,Kulüp,Takım Sporu,İtalya,Yabancı,Yok,TV+ Var,Yıllık,Sürekli Lig,Oyuncu Bilgi,Bilgi,Oyuncu,Jenerik,Türkçe,Body,Oyuncu Bilgi,napoli,,,,,,
andré zambo anguissa hangi takımda,Serie A,Futbol,Lig,1. Seviye,Çekirdek,Erkek,Kulüp,Takım Sporu,İtalya,Yabancı,Yok,TV+ Var,Yıllık,Sürekli Lig,Oyuncu Bilgi,Bilgi,Oyuncu,Jenerik,Türkçe,Long-tail,Oyuncu Bilgi,napoli,,,,,,
andré zambo anguissa istatistik,Serie A,Futbol,Lig,1. Seviye,Çekirdek,Erkek,Kulüp,Takım Sporu,İtalya,Yabancı,Yok,TV+ Var,Yıllık,Sürekli Lig,İstatistik,Bilgi,Oyuncu,Jenerik,Türkçe,Body,İstatistik,napoli,,,,,,
manu koné,Serie A,Futbol,Lig,1. Seviye,Çekirdek,Erkek,Kulüp,Takım Sporu,İtalya,Yabancı,Yok,TV+ Var,Yıllık,Sürekli Lig,Oyuncu Jenerik,Bilgi,Oyuncu,Jenerik,Türkçe,Head,Oyuncu Jenerik,roma,,,,,,
manu koné kimdir,Serie A,Futbol,Lig,1. Seviye,Çekirdek,Erkek,Kulüp,Takım Sporu,İtalya,Yabancı,Yok,TV+ Var,Yıllık,Sürekli Lig,Oyuncu Bilgi,Bilgi,Oyuncu,Jenerik,Türkçe,Body,Oyuncu Bilgi,roma,,,,,,
manu koné hangi takımda,Serie A,Futbol,Lig,1. Seviye,Çekirdek,Erkek,Kulüp,Takım Sporu,İtalya,Yabancı,Yok,TV+ Var,Yıllık,Sürekli Lig,Oyuncu Bilgi,Bilgi,Oyuncu,Jenerik,Türkçe,Body,Oyuncu Bilgi,roma,,,,,,
manu koné istatistik,Serie A,Futbol,Lig,1. Seviye,Çekirdek,Erkek,Kulüp,Takım Sporu,İtalya,Yabancı,Yok,TV+ Var,Yıllık,Sürekli Lig,İstatistik,Bilgi,Oyuncu,Jenerik,Türkçe,Body,İstatistik,roma,,,,,,
matías soulé,Serie A,Futbol,Lig,1. Seviye,Çekirdek,Erkek,Kulüp,Takım Sporu,İtalya,Yabancı,Yok,TV+ Var,Yıllık,Sürekli Lig,Oyuncu Jenerik,Bilgi,Oyuncu,Jenerik,Türkçe,Head,Oyuncu Jenerik,roma,,,,,,
matías soulé kimdir,Serie A,Futbol,Lig,1. Seviye,Çekirdek,Erkek,Kulüp,Takım Sporu,İtalya,Yabancı,Yok,TV+ Var,Yıllık,Sürekli Lig,Oyuncu Bilgi,Bilgi,Oyuncu,Jenerik,Türkçe,Body,Oyuncu Bilgi,roma,,,,,,
matías soulé hangi takımda,Serie A,Futbol,Lig,1. Seviye,Çekirdek,Erkek,Kulüp,Takım Sporu,İtalya,Yabancı,Yok,TV+ Var,Yıllık,Sürekli Lig,Oyuncu Bilgi,Bilgi,Oyuncu,Jenerik,Türkçe,Body,Oyuncu Bilgi,roma,,,,,,
matías soulé istatistik,Serie A,Futbol,Lig,1. Seviye,Çekirdek,Erkek,Kulüp,Takım Sporu,İtalya,Yabancı,Yok,TV+ Var,Yıllık,Sürekli Lig,İstatistik,Bilgi,Oyuncu,Jenerik,Türkçe,Body,İstatistik,roma,,,,,,
jan ziółkowski,Serie A,Futbol,Lig,1. Seviye,Çekirdek,Erkek,Kulüp,Takım Sporu,İtalya,Yabancı,Yok,TV+ Var,Yıllık,Sürekli Lig,Oyuncu Jenerik,Bilgi,Oyuncu,Jenerik,Türkçe,Head,Oyuncu Jenerik,roma,,,,,,
jan ziółkowski kimdir,Serie A,Futbol,Lig,1. Seviye,Çekirdek,Erkek,Kulüp,Takım Sporu,İtalya,Yabancı,Yok,TV+ Var,Yıllık,Sürekli Lig,Oyuncu Bilgi,Bilgi,Oyuncu,Jenerik,Türkçe,Body,Oyuncu Bilgi,roma,,,,,,
jan ziółkowski hangi takımda,Serie A,Futbol,Lig,1. Seviye,Çekirdek,Erkek,Kulüp,Takım Sporu,İtalya,Yabancı,Yok,TV+ Var,Yıllık,Sürekli Lig,Oyuncu Bilgi,Bilgi,Oyuncu,Jenerik,Türkçe,Body,Oyuncu Bilgi,roma,,,,,,
jan ziółkowski istatistik,Serie A,Futbol,Lig,1. Seviye,Çekirdek,Erkek,Kulüp,Takım Sporu,İtalya,Yabancı,Yok,TV+ Var,Yıllık,Sürekli Lig,İstatistik,Bilgi,Oyuncu,Jenerik,Türkçe,Body,İstatistik,roma,,,,,,
niccolò pisilli,Serie A,Futbol,Lig,1. Seviye,Çekirdek,Erkek,Kulüp,Takım Sporu,İtalya,Yabancı,Yok,TV+ Var,Yıllık,Sürekli Lig,Oyuncu Jenerik,Bilgi,Oyuncu,Jenerik,Türkçe,Head,Oyuncu Jenerik,roma,,,,,,
niccolò pisilli kimdir,Serie A,Futbol,Lig,1. Seviye,Çekirdek,Erkek,Kulüp,Takım Sporu,İtalya,Yabancı,Yok,TV+ Var,Yıllık,Sürekli Lig,Oyuncu Bilgi,Bilgi,Oyuncu,Jenerik,Türkçe,Body,Oyuncu Bilgi,roma,,,,,,
niccolò pisilli hangi takımda,Serie A,Futbol,Lig,1. Seviye,Çekirdek,Erkek,Kulüp,Takım Sporu,İtalya,Yabancı,Yok,TV+ Var,Yıllık,Sürekli Lig,Oyuncu Bilgi,Bilgi,Oyuncu,Jenerik,Türkçe,Body,Oyuncu Bilgi,roma,,,,,,
niccolò pisilli istatistik,Serie A,Futbol,Lig,1. Seviye,Çekirdek,Erkek,Kulüp,Takım Sporu,İtalya,Yabancı,Yok,TV+ Var,Yıllık,Sürekli Lig,İstatistik,Bilgi,Oyuncu,Jenerik,Türkçe,Body,İstatistik,roma,,,,,,
matías vecino,Serie A,Futbol,Lig,1. Seviye,Çekirdek,Erkek,Kulüp,Takım Sporu,İtalya,Yabancı,Yok,TV+ Var,Yıllık,Sürekli Lig,Oyuncu Jenerik,Bilgi,Oyuncu,Jenerik,Türkçe,Head,Oyuncu Jenerik,lazio,,,,,,
matías vecino kimdir,Serie A,Futbol,Lig,1. Seviye,Çekirdek,Erkek,Kulüp,Takım Sporu,İtalya,Yabancı,Yok,TV+ Var,Yıllık,Sürekli Lig,Oyuncu Bilgi,Bilgi,Oyuncu,Jenerik,Türkçe,Body,Oyuncu Bilgi,lazio,,,,,,
matías vecino hangi takımda,Serie A,Futbol,Lig,1. Seviye,Çekirdek,Erkek,Kulüp,Takım Sporu,İtalya,Yabancı,Yok,TV+ Var,Yıllık,Sürekli Lig,Oyuncu Bilgi,Bilgi,Oyuncu,Jenerik,Türkçe,Body,Oyuncu Bilgi,lazio,,,,,,
matías vecino istatistik,Serie A,Futbol,Lig,1. Seviye,Çekirdek,Erkek,Kulüp,Takım Sporu,İtalya,Yabancı,Yok,TV+ Var,Yıllık,Sürekli Lig,İstatistik,Bilgi,Oyuncu,Jenerik,Türkçe,Body,İstatistik,lazio,,,,,,
toma bašić,Serie A,Futbol,Lig,1. Seviye,Çekirdek,Erkek,Kulüp,Takım Sporu,İtalya,Yabancı,Yok,TV+ Var,Yıllık,Sürekli Lig,Oyuncu Jenerik,Bilgi,Oyuncu,Jenerik,Türkçe,Head,Oyuncu Jenerik,lazio,,,,,,
toma bašić kimdir,Serie A,Futbol,Lig,1. Seviye,Çekirdek,Erkek,Kulüp,Takım Sporu,İtalya,Yabancı,Yok,TV+ Var,Yıllık,Sürekli Lig,Oyuncu Bilgi,Bilgi,Oyuncu,Jenerik,Türkçe,Body,Oyuncu Bilgi,lazio,,,,,,
toma bašić hangi takımda,Serie A,Futbol,Lig,1. Seviye,Çekirdek,Erkek,Kulüp,Takım Sporu,İtalya,Yabancı,Yok,TV+ Var,Yıllık,Sürekli Lig,Oyuncu Bilgi,Bilgi,Oyuncu,Jenerik,Türkçe,Body,Oyuncu Bilgi,lazio,,,,,,
toma bašić istatistik,Serie A,Futbol,Lig,1. Seviye,Çekirdek,Erkek,Kulüp,Takım Sporu,İtalya,Yabancı,Yok,TV+ Var,Yıllık,Sürekli Lig,İstatistik,Bilgi,Oyuncu,Jenerik,Türkçe,Body,İstatistik,lazio,,,,,,
adam marušić,Serie A,Futbol,Lig,1. Seviye,Çekirdek,Erkek,Kulüp,Takım Sporu,İtalya,Yabancı,Yok,TV+ Var,Yıllık,Sürekli Lig,Oyuncu Jenerik,Bilgi,Oyuncu,Jenerik,Türkçe,Head,Oyuncu Jenerik,lazio,,,,,,
adam marušić kimdir,Serie A,Futbol,Lig,1. Seviye,Çekirdek,Erkek,Kulüp,Takım Sporu,İtalya,Yabancı,Yok,TV+ Var,Yıllık,Sürekli Lig,Oyuncu Bilgi,Bilgi,Oyuncu,Jenerik,Türkçe,Body,Oyuncu Bilgi,lazio,,,,,,
adam marušić hangi takımda,Serie A,Futbol,Lig,1. Seviye,Çekirdek,Erkek,Kulüp,Takım Sporu,İtalya,Yabancı,Yok,TV+ Var,Yıllık,Sürekli Lig,Oyuncu Bilgi,Bilgi,Oyuncu,Jenerik,Türkçe,Body,Oyuncu Bilgi,lazio,,,,,,
adam marušić istatistik,Serie A,Futbol,Lig,1. Seviye,Çekirdek,Erkek,Kulüp,Takım Sporu,İtalya,Yabancı,Yok,TV+ Var,Yıllık,Sürekli Lig,İstatistik,Bilgi,Oyuncu,Jenerik,Türkçe,Body,İstatistik,lazio,,,,,,
mario pašalić,Serie A,Futbol,Lig,1. Seviye,Çekirdek,Erkek,Kulüp,Takım Sporu,İtalya,Yabancı,Yok,TV+ Var,Yıllık,Sürekli Lig,Oyuncu Jenerik,Bilgi,Oyuncu,Jenerik,Türkçe,Head,Oyuncu Jenerik,atalanta,,,,,,
mario pašalić kimdir,Serie A,Futbol,Lig,1. Seviye,Çekirdek,Erkek,Kulüp,Takım Sporu,İtalya,Yabancı,Yok,TV+ Var,Yıllık,Sürekli Lig,Oyuncu Bilgi,Bilgi,Oyuncu,Jenerik,Türkçe,Body,Oyuncu Bilgi,atalanta,,,,,,
mario pašalić hangi takımda,Serie A,Futbol,Lig,1. Seviye,Çekirdek,Erkek,Kulüp,Takım Sporu,İtalya,Yabancı,Yok,TV+ Var,Yıllık,Sürekli Lig,Oyuncu Bilgi,Bilgi,Oyuncu,Jenerik,Türkçe,Body,Oyuncu Bilgi,atalanta,,,,,,
mario pašalić istatistik,Serie A,Futbol,Lig,1. Seviye,Çekirdek,Erkek,Kulüp,Takım Sporu,İtalya,Yabancı,Yok,TV+ Var,Yıllık,Sürekli Lig,İstatistik,Bilgi,Oyuncu,Jenerik,Türkçe,Body,İstatistik,atalanta,,,,,,
lazar samardžić,Serie A,Futbol,Lig,1. Seviye,Çekirdek,Erkek,Kulüp,Takım Sporu,İtalya,Yabancı,Yok,TV+ Var,Yıllık,Sürekli Lig,Oyuncu Jenerik,Bilgi,Oyuncu,Jenerik,Türkçe,Head,Oyuncu Jenerik,atalanta,,,,,,
lazar samardžić kimdir,Serie A,Futbol,Lig,1. Seviye,Çekirdek,Erkek,Kulüp,Takım Sporu,İtalya,Yabancı,Yok,TV+ Var,Yıllık,Sürekli Lig,Oyuncu Bilgi,Bilgi,Oyuncu,Jenerik,Türkçe,Body,Oyuncu Bilgi,atalanta,,,,,,
lazar samardžić hangi takımda,Serie A,Futbol,Lig,1. Seviye,Çekirdek,Erkek,Kulüp,Takım Sporu,İtalya,Yabancı,Yok,TV+ Var,Yıllık,Sürekli Lig,Oyuncu Bilgi,Bilgi,Oyuncu,Jenerik,Türkçe,Body,Oyuncu Bilgi,atalanta,,,,,,
lazar samardžić istatistik,Serie A,Futbol,Lig,1. Seviye,Çekirdek,Erkek,Kulüp,Takım Sporu,İtalya,Yabancı,Yok,TV+ Var,Yıllık,Sürekli Lig,İstatistik,Bilgi,Oyuncu,Jenerik,Türkçe,Body,İstatistik,atalanta,,,,,,
sead kolašinac,Serie A,Futbol,Lig,1. Seviye,Çekirdek,Erkek,Kulüp,Takım Sporu,İtalya,Yabancı,Yok,TV+ Var,Yıllık,Sürekli Lig,Oyuncu Jenerik,Bilgi,Oyuncu,Jenerik,Türkçe,Head,Oyuncu Jenerik,atalanta,,,,,,
sead kolašinac kimdir,Serie A,Futbol,Lig,1. Seviye,Çekirdek,Erkek,Kulüp,Takım Sporu,İtalya,Yabancı,Yok,TV+ Var,Yıllık,Sürekli Lig,Oyuncu Bilgi,Bilgi,Oyuncu,Jenerik,Türkçe,Body,Oyuncu Bilgi,atalanta,,,,,,
sead kolašinac hangi takımda,Serie A,Futbol,Lig,1. Seviye,Çekirdek,Erkek,Kulüp,Takım Sporu,İtalya,Yabancı,Yok,TV+ Var,Yıllık,Sürekli Lig,Oyuncu Bilgi,Bilgi,Oyuncu,Jenerik,Türkçe,Body,Oyuncu Bilgi,atalanta,,,,,,
sead kolašinac istatistik,Serie A,Futbol,Lig,1. Seviye,Çekirdek,Erkek,Kulüp,Takım Sporu,İtalya,Yabancı,Yok,TV+ Var,Yıllık,Sürekli Lig,İstatistik,Bilgi,Oyuncu,Jenerik,Türkçe,Body,İstatistik,atalanta,,,,,,
lucas martínez quarta,Serie A,Futbol,Lig,1. Seviye,Çekirdek,Erkek,Kulüp,Takım Sporu,İtalya,Yabancı,Yok,TV+ Var,Yıllık,Sürekli Lig,Oyuncu Jenerik,Bilgi,Oyuncu,Jenerik,Türkçe,Body,Oyuncu Jenerik,fiorentina,,,,,,
lucas martínez quarta kimdir,Serie A,Futbol,Lig,1. Seviye,Çekirdek,Erkek,Kulüp,Takım Sporu,İtalya,Yabancı,Yok,TV+ Var,Yıllık,Sürekli Lig,Oyuncu Bilgi,Bilgi,Oyuncu,Jenerik,Türkçe,Body,Oyuncu Bilgi,fiorentina,,,,,,
lucas martínez quarta hangi takımda,Serie A,Futbol,Lig,1. Seviye,Çekirdek,Erkek,Kulüp,Takım Sporu,İtalya,Yabancı,Yok,TV+ Var,Yıllık,Sürekli Lig,Oyuncu Bilgi,Bilgi,Oyuncu,Jenerik,Türkçe,Long-tail,Oyuncu Bilgi,fiorentina,,,,,,
lucas martínez quarta istatistik,Serie A,Futbol,Lig,1. Seviye,Çekirdek,Erkek,Kulüp,Takım Sporu,İtalya,Yabancı,Yok,TV+ Var,Yıllık,Sürekli Lig,İstatistik,Bilgi,Oyuncu,Jenerik,Türkçe,Body,İstatistik,fiorentina,,,,,,
nikola milenković,Serie A,Futbol,Lig,1. Seviye,Çekirdek,Erkek,Kulüp,Takım Sporu,İtalya,Yabancı,Yok,TV+ Var,Yıllık,Sürekli Lig,Oyuncu Jenerik,Bilgi,Oyuncu,Jenerik,Türkçe,Head,Oyuncu Jenerik,fiorentina,,,,,,
nikola milenković kimdir,Serie A,Futbol,Lig,1. Seviye,Çekirdek,Erkek,Kulüp,Takım Sporu,İtalya,Yabancı,Yok,TV+ Var,Yıllık,Sürekli Lig,Oyuncu Bilgi,Bilgi,Oyuncu,Jenerik,Türkçe,Body,Oyuncu Bilgi,fiorentina,,,,,,
nikola milenković hangi takımda,Serie A,Futbol,Lig,1. Seviye,Çekirdek,Erkek,Kulüp,Takım Sporu,İtalya,Yabancı,Yok,TV+ Var,Yıllık,Sürekli Lig,Oyuncu Bilgi,Bilgi,Oyuncu,Jenerik,Türkçe,Body,Oyuncu Bilgi,fiorentina,,,,,,
nikola milenković istatistik,Serie A,Futbol,Lig,1. Seviye,Çekirdek,Erkek,Kulüp,Takım Sporu,İtalya,Yabancı,Yok,TV+ Var,Yıllık,Sürekli Lig,İstatistik,Bilgi,Oyuncu,Jenerik,Türkçe,Body,İstatistik,fiorentina,,,,,,
josé callejón,Serie A,Futbol,Lig,1. Seviye,Çekirdek,Erkek,Kulüp,Takım Sporu,İtalya,Yabancı,Yok,TV+ Var,Yıllık,Sürekli Lig,Oyuncu Jenerik,Bilgi,Oyuncu,Jenerik,Türkçe,Head,Oyuncu Jenerik,fiorentina,,,,,,
josé callejón kimdir,Serie A,Futbol,Lig,1. Seviye,Çekirdek,Erkek,Kulüp,Takım Sporu,İtalya,Yabancı,Yok,TV+ Var,Yıllık,Sürekli Lig,Oyuncu Bilgi,Bilgi,Oyuncu,Jenerik,Türkçe,Body,Oyuncu Bilgi,fiorentina,,,,,,
josé callejón hangi takımda,Serie A,Futbol,Lig,1. Seviye,Çekirdek,Erkek,Kulüp,Takım Sporu,İtalya,Yabancı,Yok,TV+ Var,Yıllık,Sürekli Lig,Oyuncu Bilgi,Bilgi,Oyuncu,Jenerik,Türkçe,Body,Oyuncu Bilgi,fiorentina,,,,,,
josé callejón istatistik,Serie A,Futbol,Lig,1. Seviye,Çekirdek,Erkek,Kulüp,Takım Sporu,İtalya,Yabancı,Yok,TV+ Var,Yıllık,Sürekli Lig,İstatistik,Bilgi,Oyuncu,Jenerik,Türkçe,Body,İstatistik,fiorentina,,,,,,
nicolás gonzález,Serie A,Futbol,Lig,1. Seviye,Çekirdek,Erkek,Kulüp,Takım Sporu,İtalya,Yabancı,Yok,TV+ Var,Yıllık,Sürekli Lig,Oyuncu Jenerik,Bilgi,Oyuncu,Jenerik,Türkçe,Head,Oyuncu Jenerik,fiorentina,,,,,,
nicolás gonzález kimdir,Serie A,Futbol,Lig,1. Seviye,Çekirdek,Erkek,Kulüp,Takım Sporu,İtalya,Yabancı,Yok,TV+ Var,Yıllık,Sürekli Lig,Oyuncu Bilgi,Bilgi,Oyuncu,Jenerik,Türkçe,Body,Oyuncu Bilgi,fiorentina,,,,,,
nicolás gonzález hangi takımda,Serie A,Futbol,Lig,1. Seviye,Çekirdek,Erkek,Kulüp,Takım Sporu,İtalya,Yabancı,Yok,TV+ Var,Yıllık,Sürekli Lig,Oyuncu Bilgi,Bilgi,Oyuncu,Jenerik,Türkçe,Body,Oyuncu Bilgi,fiorentina,,,,,,
nicolás gonzález istatistik,Serie A,Futbol,Lig,1. Seviye,Çekirdek,Erkek,Kulüp,Takım Sporu,İtalya,Yabancı,Yok,TV+ Var,Yıllık,Sürekli Lig,İstatistik,Bilgi,Oyuncu,Jenerik,Türkçe,Body,İstatistik,fiorentina,,,,,,
álvaro odriozola,Serie A,Futbol,Lig,1. Seviye,Çekirdek,Erkek,Kulüp,Takım Sporu,İtalya,Yabancı,Yok,TV+ Var,Yıllık,Sürekli Lig,Oyuncu Jenerik,Bilgi,Oyuncu,Jenerik,Türkçe,Head,Oyuncu Jenerik,fiorentina,,,,,,
álvaro odriozola kimdir,Serie A,Futbol,Lig,1. Seviye,Çekirdek,Erkek,Kulüp,Takım Sporu,İtalya,Yabancı,Yok,TV+ Var,Yıllık,Sürekli Lig,Oyuncu Bilgi,Bilgi,Oyuncu,Jenerik,Türkçe,Body,Oyuncu Bilgi,fiorentina,,,,,,
álvaro odriozola hangi takımda,Serie A,Futbol,Lig,1. Seviye,Çekirdek,Erkek,Kulüp,Takım Sporu,İtalya,Yabancı,Yok,TV+ Var,Yıllık,Sürekli Lig,Oyuncu Bilgi,Bilgi,Oyuncu,Jenerik,Türkçe,Body,Oyuncu Bilgi,fiorentina,,,,,,
álvaro odriozola istatistik,Serie A,Futbol,Lig,1. Seviye,Çekirdek,Erkek,Kulüp,Takım Sporu,İtalya,Yabancı,Yok,TV+ Var,Yıllık,Sürekli Lig,İstatistik,Bilgi,Oyuncu,Jenerik,Türkçe,Body,İstatistik,fiorentina,,,,,,
matija nastasić,Serie A,Futbol,Lig,1. Seviye,Çekirdek,Erkek,Kulüp,Takım Sporu,İtalya,Yabancı,Yok,TV+ Var,Yıllık,Sürekli Lig,Oyuncu Jenerik,Bilgi,Oyuncu,Jenerik,Türkçe,Head,Oyuncu Jenerik,fiorentina,,,,,,
matija nastasić kimdir,Serie A,Futbol,Lig,1. Seviye,Çekirdek,Erkek,Kulüp,Takım Sporu,İtalya,Yabancı,Yok,TV+ Var,Yıllık,Sürekli Lig,Oyuncu Bilgi,Bilgi,Oyuncu,Jenerik,Türkçe,Body,Oyuncu Bilgi,fiorentina,,,,,,
matija nastasić hangi takımda,Serie A,Futbol,Lig,1. Seviye,Çekirdek,Erkek,Kulüp,Takım Sporu,İtalya,Yabancı,Yok,TV+ Var,Yıllık,Sürekli Lig,Oyuncu Bilgi,Bilgi,Oyuncu,Jenerik,Türkçe,Body,Oyuncu Bilgi,fiorentina,,,,,,
matija nastasić istatistik,Serie A,Futbol,Lig,1. Seviye,Çekirdek,Erkek,Kulüp,Takım Sporu,İtalya,Yabancı,Yok,TV+ Var,Yıllık,Sürekli Lig,İstatistik,Bilgi,Oyuncu,Jenerik,Türkçe,Body,İstatistik,fiorentina,,,,,,
jhon lucumí,Serie A,Futbol,Lig,1. Seviye,Çekirdek,Erkek,Kulüp,Takım Sporu,İtalya,Yabancı,Yok,TV+ Var,Yıllık,Sürekli Lig,Oyuncu Jenerik,Bilgi,Oyuncu,Jenerik,Türkçe,Head,Oyuncu Jenerik,bologna,,,,,,
jhon lucumí kimdir,Serie A,Futbol,Lig,1. Seviye,Çekirdek,Erkek,Kulüp,Takım Sporu,İtalya,Yabancı,Yok,TV+ Var,Yıllık,Sürekli Lig,Oyuncu Bilgi,Bilgi,Oyuncu,Jenerik,Türkçe,Body,Oyuncu Bilgi,bologna,,,,,,
jhon lucumí hangi takımda,Serie A,Futbol,Lig,1. Seviye,Çekirdek,Erkek,Kulüp,Takım Sporu,İtalya,Yabancı,Yok,TV+ Var,Yıllık,Sürekli Lig,Oyuncu Bilgi,Bilgi,Oyuncu,Jenerik,Türkçe,Body,Oyuncu Bilgi,bologna,,,,,,
jhon lucumí istatistik,Serie A,Futbol,Lig,1. Seviye,Çekirdek,Erkek,Kulüp,Takım Sporu,İtalya,Yabancı,Yok,TV+ Var,Yıllık,Sürekli Lig,İstatistik,Bilgi,Oyuncu,Jenerik,Türkçe,Body,İstatistik,bologna,,,,,,
ivan ilić,Serie A,Futbol,Lig,1. Seviye,Çekirdek,Erkek,Kulüp,Takım Sporu,İtalya,Yabancı,Yok,TV+ Var,Yıllık,Sürekli Lig,Oyuncu Jenerik,Bilgi,Oyuncu,Jenerik,Türkçe,Head,Oyuncu Jenerik,torino,,,,,,
ivan ilić kimdir,Serie A,Futbol,Lig,1. Seviye,Çekirdek,Erkek,Kulüp,Takım Sporu,İtalya,Yabancı,Yok,TV+ Var,Yıllık,Sürekli Lig,Oyuncu Bilgi,Bilgi,Oyuncu,Jenerik,Türkçe,Body,Oyuncu Bilgi,torino,,,,,,
ivan ilić hangi takımda,Serie A,Futbol,Lig,1. Seviye,Çekirdek,Erkek,Kulüp,Takım Sporu,İtalya,Yabancı,Yok,TV+ Var,Yıllık,Sürekli Lig,Oyuncu Bilgi,Bilgi,Oyuncu,Jenerik,Türkçe,Body,Oyuncu Bilgi,torino,,,,,,
ivan ilić istatistik,Serie A,Futbol,Lig,1. Seviye,Çekirdek,Erkek,Kulüp,Takım Sporu,İtalya,Yabancı,Yok,TV+ Var,Yıllık,Sürekli Lig,İstatistik,Bilgi,Oyuncu,Jenerik,Türkçe,Body,İstatistik,torino,,,,,,
nikola vlašić,Serie A,Futbol,Lig,1. Seviye,Çekirdek,Erkek,Kulüp,Takım Sporu,İtalya,Yabancı,Yok,TV+ Var,Yıllık,Sürekli Lig,Oyuncu Jenerik,Bilgi,Oyuncu,Jenerik,Türkçe,Head,Oyuncu Jenerik,torino,,,,,,
nikola vlašić kimdir,Serie A,Futbol,Lig,1. Seviye,Çekirdek,Erkek,Kulüp,Takım Sporu,İtalya,Yabancı,Yok,TV+ Var,Yıllık,Sürekli Lig,Oyuncu Bilgi,Bilgi,Oyuncu,Jenerik,Türkçe,Body,Oyuncu Bilgi,torino,,,,,,
nikola vlašić hangi takımda,Serie A,Futbol,Lig,1. Seviye,Çekirdek,Erkek,Kulüp,Takım Sporu,İtalya,Yabancı,Yok,TV+ Var,Yıllık,Sürekli Lig,Oyuncu Bilgi,Bilgi,Oyuncu,Jenerik,Türkçe,Body,Oyuncu Bilgi,torino,,,,,,
nikola vlašić istatistik,Serie A,Futbol,Lig,1. Seviye,Çekirdek,Erkek,Kulüp,Takım Sporu,İtalya,Yabancı,Yok,TV+ Var,Yıllık,Sürekli Lig,İstatistik,Bilgi,Oyuncu,Jenerik,Türkçe,Body,İstatistik,torino,,,,,,
guillermo maripán,Serie A,Futbol,Lig,1. Seviye,Çekirdek,Erkek,Kulüp,Takım Sporu,İtalya,Yabancı,Yok,TV+ Var,Yıllık,Sürekli Lig,Oyuncu Jenerik,Bilgi,Oyuncu,Jenerik,Türkçe,Head,Oyuncu Jenerik,torino,,,,,,
guillermo maripán kimdir,Serie A,Futbol,Lig,1. Seviye,Çekirdek,Erkek,Kulüp,Takım Sporu,İtalya,Yabancı,Yok,TV+ Var,Yıllık,Sürekli Lig,Oyuncu Bilgi,Bilgi,Oyuncu,Jenerik,Türkçe,Body,Oyuncu Bilgi,torino,,,,,,
guillermo maripán hangi takımda,Serie A,Futbol,Lig,1. Seviye,Çekirdek,Erkek,Kulüp,Takım Sporu,İtalya,Yabancı,Yok,TV+ Var,Yıllık,Sürekli Lig,Oyuncu Bilgi,Bilgi,Oyuncu,Jenerik,Türkçe,Body,Oyuncu Bilgi,torino,,,,,,
guillermo maripán istatistik,Serie A,Futbol,Lig,1. Seviye,Çekirdek,Erkek,Kulüp,Takım Sporu,İtalya,Yabancı,Yok,TV+ Var,Yıllık,Sürekli Lig,İstatistik,Bilgi,Oyuncu,Jenerik,Türkçe,Body,İstatistik,torino,,,,,,
ché adams,Serie A,Futbol,Lig,1. Seviye,Çekirdek,Erkek,Kulüp,Takım Sporu,İtalya,Yabancı,Yok,TV+ Var,Yıllık,Sürekli Lig,Oyuncu Jenerik,Bilgi,Oyuncu,Jenerik,Türkçe,Head,Oyuncu Jenerik,torino,,,,,,
ché adams kimdir,Serie A,Futbol,Lig,1. Seviye,Çekirdek,Erkek,Kulüp,Takım Sporu,İtalya,Yabancı,Yok,TV+ Var,Yıllık,Sürekli Lig,Oyuncu Bilgi,Bilgi,Oyuncu,Jenerik,Türkçe,Body,Oyuncu Bilgi,torino,,,,,,
ché adams hangi takımda,Serie A,Futbol,Lig,1. Seviye,Çekirdek,Erkek,Kulüp,Takım Sporu,İtalya,Yabancı,Yok,TV+ Var,Yıllık,Sürekli Lig,Oyuncu Bilgi,Bilgi,Oyuncu,Jenerik,Türkçe,Body,Oyuncu Bilgi,torino,,,,,,
ché adams istatistik,Serie A,Futbol,Lig,1. Seviye,Çekirdek,Erkek,Kulüp,Takım Sporu,İtalya,Yabancı,Yok,TV+ Var,Yıllık,Sürekli Lig,İstatistik,Bilgi,Oyuncu,Jenerik,Türkçe,Body,İstatistik,torino,,,,,,
saúl coco,Serie A,Futbol,Lig,1. Seviye,Çekirdek,Erkek,Kulüp,Takım Sporu,İtalya,Yabancı,Yok,TV+ Var,Yıllık,Sürekli Lig,Oyuncu Jenerik,Bilgi,Oyuncu,Jenerik,Türkçe,Head,Oyuncu Jenerik,torino,,,,,,
saúl coco kimdir,Serie A,Futbol,Lig,1. Seviye,Çekirdek,Erkek,Kulüp,Takım Sporu,İtalya,Yabancı,Yok,TV+ Var,Yıllık,Sürekli Lig,Oyuncu Bilgi,Bilgi,Oyuncu,Jenerik,Türkçe,Body,Oyuncu Bilgi,torino,,,,,,
saúl coco hangi takımda,Serie A,Futbol,Lig,1. Seviye,Çekirdek,Erkek,Kulüp,Takım Sporu,İtalya,Yabancı,Yok,TV+ Var,Yıllık,Sürekli Lig,Oyuncu Bilgi,Bilgi,Oyuncu,Jenerik,Türkçe,Body,Oyuncu Bilgi,torino,,,,,,
saúl coco istatistik,Serie A,Futbol,Lig,1. Seviye,Çekirdek,Erkek,Kulüp,Takım Sporu,İtalya,Yabancı,Yok,TV+ Var,Yıllık,Sürekli Lig,İstatistik,Bilgi,Oyuncu,Jenerik,Türkçe,Body,İstatistik,torino,,,,,,
duván zapata,Serie A,Futbol,Lig,1. Seviye,Çekirdek,Erkek,Kulüp,Takım Sporu,İtalya,Yabancı,Yok,TV+ Var,Yıllık,Sürekli Lig,Oyuncu Jenerik,Bilgi,Oyuncu,Jenerik,Türkçe,Head,Oyuncu Jenerik,torino,,,,,,
duván zapata kimdir,Serie A,Futbol,Lig,1. Seviye,Çekirdek,Erkek,Kulüp,Takım Sporu,İtalya,Yabancı,Yok,TV+ Var,Yıllık,Sürekli Lig,Oyuncu Bilgi,Bilgi,Oyuncu,Jenerik,Türkçe,Body,Oyuncu Bilgi,torino,,,,,,
duván zapata hangi takımda,Serie A,Futbol,Lig,1. Seviye,Çekirdek,Erkek,Kulüp,Takım Sporu,İtalya,Yabancı,Yok,TV+ Var,Yıllık,Sürekli Lig,Oyuncu Bilgi,Bilgi,Oyuncu,Jenerik,Türkçe,Body,Oyuncu Bilgi,torino,,,,,,
duván zapata istatistik,Serie A,Futbol,Lig,1. Seviye,Çekirdek,Erkek,Kulüp,Takım Sporu,İtalya,Yabancı,Yok,TV+ Var,Yıllık,Sürekli Lig,İstatistik,Bilgi,Oyuncu,Jenerik,Türkçe,Body,İstatistik,torino,,,,,,
martín payero,Serie A,Futbol,Lig,1. Seviye,Çekirdek,Erkek,Kulüp,Takım Sporu,İtalya,Yabancı,Yok,TV+ Var,Yıllık,Sürekli Lig,Oyuncu Jenerik,Bilgi,Oyuncu,Jenerik,Türkçe,Head,Oyuncu Jenerik,udinese,,,,,,
martín payero kimdir,Serie A,Futbol,Lig,1. Seviye,Çekirdek,Erkek,Kulüp,Takım Sporu,İtalya,Yabancı,Yok,TV+ Var,Yıllık,Sürekli Lig,Oyuncu Bilgi,Bilgi,Oyuncu,Jenerik,Türkçe,Body,Oyuncu Bilgi,udinese,,,,,,
martín payero hangi takımda,Serie A,Futbol,Lig,1. Seviye,Çekirdek,Erkek,Kulüp,Takım Sporu,İtalya,Yabancı,Yok,TV+ Var,Yıllık,Sürekli Lig,Oyuncu Bilgi,Bilgi,Oyuncu,Jenerik,Türkçe,Body,Oyuncu Bilgi,udinese,,,,,,
martín payero istatistik,Serie A,Futbol,Lig,1. Seviye,Çekirdek,Erkek,Kulüp,Takım Sporu,İtalya,Yabancı,Yok,TV+ Var,Yıllık,Sürekli Lig,İstatistik,Bilgi,Oyuncu,Jenerik,Türkçe,Body,İstatistik,udinese,,,,,,
alexis sánchez,Serie A,Futbol,Lig,1. Seviye,Çekirdek,Erkek,Kulüp,Takım Sporu,İtalya,Yabancı,Yok,TV+ Var,Yıllık,Sürekli Lig,Oyuncu Jenerik,Bilgi,Oyuncu,Jenerik,Türkçe,Head,Oyuncu Jenerik,udinese,,,,,,
alexis sánchez kimdir,Serie A,Futbol,Lig,1. Seviye,Çekirdek,Erkek,Kulüp,Takım Sporu,İtalya,Yabancı,Yok,TV+ Var,Yıllık,Sürekli Lig,Oyuncu Bilgi,Bilgi,Oyuncu,Jenerik,Türkçe,Body,Oyuncu Bilgi,udinese,,,,,,
alexis sánchez hangi takımda,Serie A,Futbol,Lig,1. Seviye,Çekirdek,Erkek,Kulüp,Takım Sporu,İtalya,Yabancı,Yok,TV+ Var,Yıllık,Sürekli Lig,Oyuncu Bilgi,Bilgi,Oyuncu,Jenerik,Türkçe,Body,Oyuncu Bilgi,udinese,,,,,,
alexis sánchez istatistik,Serie A,Futbol,Lig,1. Seviye,Çekirdek,Erkek,Kulüp,Takım Sporu,İtalya,Yabancı,Yok,TV+ Var,Yıllık,Sürekli Lig,İstatistik,Bilgi,Oyuncu,Jenerik,Türkçe,Body,İstatistik,udinese,,,,,,
sandi lovrić,Serie A,Futbol,Lig,1. Seviye,Çekirdek,Erkek,Kulüp,Takım Sporu,İtalya,Yabancı,Yok,TV+ Var,Yıllık,Sürekli Lig,Oyuncu Jenerik,Bilgi,Oyuncu,Jenerik,Türkçe,Head,Oyuncu Jenerik,udinese,,,,,,
sandi lovrić kimdir,Serie A,Futbol,Lig,1. Seviye,Çekirdek,Erkek,Kulüp,Takım Sporu,İtalya,Yabancı,Yok,TV+ Var,Yıllık,Sürekli Lig,Oyuncu Bilgi,Bilgi,Oyuncu,Jenerik,Türkçe,Body,Oyuncu Bilgi,udinese,,,,,,
sandi lovrić hangi takımda,Serie A,Futbol,Lig,1. Seviye,Çekirdek,Erkek,Kulüp,Takım Sporu,İtalya,Yabancı,Yok,TV+ Var,Yıllık,Sürekli Lig,Oyuncu Bilgi,Bilgi,Oyuncu,Jenerik,Türkçe,Body,Oyuncu Bilgi,udinese,,,,,,
sandi lovrić istatistik,Serie A,Futbol,Lig,1. Seviye,Çekirdek,Erkek,Kulüp,Takım Sporu,İtalya,Yabancı,Yok,TV+ Var,Yıllık,Sürekli Lig,İstatistik,Bilgi,Oyuncu,Jenerik,Türkçe,Body,İstatistik,udinese,,,,,,
nehuén pérez,Serie A,Futbol,Lig,1. Seviye,Çekirdek,Erkek,Kulüp,Takım Sporu,İtalya,Yabancı,Yok,TV+ Var,Yıllık,Sürekli Lig,Oyuncu Jenerik,Bilgi,Oyuncu,Jenerik,Türkçe,Head,Oyuncu Jenerik,udinese,,,,,,
nehuén pérez kimdir,Serie A,Futbol,Lig,1. Seviye,Çekirdek,Erkek,Kulüp,Takım Sporu,İtalya,Yabancı,Yok,TV+ Var,Yıllık,Sürekli Lig,Oyuncu Bilgi,Bilgi,Oyuncu,Jenerik,Türkçe,Body,Oyuncu Bilgi,udinese,,,,,,
nehuén pérez hangi takımda,Serie A,Futbol,Lig,1. Seviye,Çekirdek,Erkek,Kulüp,Takım Sporu,İtalya,Yabancı,Yok,TV+ Var,Yıllık,Sürekli Lig,Oyuncu Bilgi,Bilgi,Oyuncu,Jenerik,Türkçe,Body,Oyuncu Bilgi,udinese,,,,,,
nehuén pérez istatistik,Serie A,Futbol,Lig,1. Seviye,Çekirdek,Erkek,Kulüp,Takım Sporu,İtalya,Yabancı,Yok,TV+ Var,Yıllık,Sürekli Lig,İstatistik,Bilgi,Oyuncu,Jenerik,Türkçe,Body,İstatistik,udinese,,,,,,
filip benković,Serie A,Futbol,Lig,1. Seviye,Çekirdek,Erkek,Kulüp,Takım Sporu,İtalya,Yabancı,Yok,TV+ Var,Yıllık,Sürekli Lig,Oyuncu Jenerik,Bilgi,Oyuncu,Jenerik,Türkçe,Head,Oyuncu Jenerik,udinese,,,,,,
filip benković kimdir,Serie A,Futbol,Lig,1. Seviye,Çekirdek,Erkek,Kulüp,Takım Sporu,İtalya,Yabancı,Yok,TV+ Var,Yıllık,Sürekli Lig,Oyuncu Bilgi,Bilgi,Oyuncu,Jenerik,Türkçe,Body,Oyuncu Bilgi,udinese,,,,,,
filip benković hangi takımda,Serie A,Futbol,Lig,1. Seviye,Çekirdek,Erkek,Kulüp,Takım Sporu,İtalya,Yabancı,Yok,TV+ Var,Yıllık,Sürekli Lig,Oyuncu Bilgi,Bilgi,Oyuncu,Jenerik,Türkçe,Body,Oyuncu Bilgi,udinese,,,,,,
filip benković istatistik,Serie A,Futbol,Lig,1. Seviye,Çekirdek,Erkek,Kulüp,Takım Sporu,İtalya,Yabancı,Yok,TV+ Var,Yıllık,Sürekli Lig,İstatistik,Bilgi,Oyuncu,Jenerik,Türkçe,Body,İstatistik,udinese,,,,,,
aarón martín,Serie A,Futbol,Lig,1. Seviye,Çekirdek,Erkek,Kulüp,Takım Sporu,İtalya,Yabancı,Yok,TV+ Var,Yıllık,Sürekli Lig,Oyuncu Jenerik,Bilgi,Oyuncu,Jenerik,Türkçe,Head,Oyuncu Jenerik,genoa,,,,,,
aarón martín kimdir,Serie A,Futbol,Lig,1. Seviye,Çekirdek,Erkek,Kulüp,Takım Sporu,İtalya,Yabancı,Yok,TV+ Var,Yıllık,Sürekli Lig,Oyuncu Bilgi,Bilgi,Oyuncu,Jenerik,Türkçe,Body,Oyuncu Bilgi,genoa,,,,,,
aarón martín hangi takımda,Serie A,Futbol,Lig,1. Seviye,Çekirdek,Erkek,Kulüp,Takım Sporu,İtalya,Yabancı,Yok,TV+ Var,Yıllık,Sürekli Lig,Oyuncu Bilgi,Bilgi,Oyuncu,Jenerik,Türkçe,Body,Oyuncu Bilgi,genoa,,,,,,
aarón martín istatistik,Serie A,Futbol,Lig,1. Seviye,Çekirdek,Erkek,Kulüp,Takım Sporu,İtalya,Yabancı,Yok,TV+ Var,Yıllık,Sürekli Lig,İstatistik,Bilgi,Oyuncu,Jenerik,Türkçe,Body,İstatistik,genoa,,,,,,
leo østigård,Serie A,Futbol,Lig,1. Seviye,Çekirdek,Erkek,Kulüp,Takım Sporu,İtalya,Yabancı,Yok,TV+ Var,Yıllık,Sürekli Lig,Oyuncu Jenerik,Bilgi,Oyuncu,Jenerik,Türkçe,Head,Oyuncu Jenerik,genoa,,,,,,
leo østigård kimdir,Serie A,Futbol,Lig,1. Seviye,Çekirdek,Erkek,Kulüp,Takım Sporu,İtalya,Yabancı,Yok,TV+ Var,Yıllık,Sürekli Lig,Oyuncu Bilgi,Bilgi,Oyuncu,Jenerik,Türkçe,Body,Oyuncu Bilgi,genoa,,,,,,
leo østigård hangi takımda,Serie A,Futbol,Lig,1. Seviye,Çekirdek,Erkek,Kulüp,Takım Sporu,İtalya,Yabancı,Yok,TV+ Var,Yıllık,Sürekli Lig,Oyuncu Bilgi,Bilgi,Oyuncu,Jenerik,Türkçe,Body,Oyuncu Bilgi,genoa,,,,,,
leo østigård istatistik,Serie A,Futbol,Lig,1. Seviye,Çekirdek,Erkek,Kulüp,Takım Sporu,İtalya,Yabancı,Yok,TV+ Var,Yıllık,Sürekli Lig,İstatistik,Bilgi,Oyuncu,Jenerik,Türkçe,Body,İstatistik,genoa,,,,,,
johan vásquez,Serie A,Futbol,Lig,1. Seviye,Çekirdek,Erkek,Kulüp,Takım Sporu,İtalya,Yabancı,Yok,TV+ Var,Yıllık,Sürekli Lig,Oyuncu Jenerik,Bilgi,Oyuncu,Jenerik,Türkçe,Head,Oyuncu Jenerik,genoa,,,,,,
johan vásquez kimdir,Serie A,Futbol,Lig,1. Seviye,Çekirdek,Erkek,Kulüp,Takım Sporu,İtalya,Yabancı,Yok,TV+ Var,Yıllık,Sürekli Lig,Oyuncu Bilgi,Bilgi,Oyuncu,Jenerik,Türkçe,Body,Oyuncu Bilgi,genoa,,,,,,
johan vásquez hangi takımda,Serie A,Futbol,Lig,1. Seviye,Çekirdek,Erkek,Kulüp,Takım Sporu,İtalya,Yabancı,Yok,TV+ Var,Yıllık,Sürekli Lig,Oyuncu Bilgi,Bilgi,Oyuncu,Jenerik,Türkçe,Body,Oyuncu Bilgi,genoa,,,,,,
johan vásquez istatistik,Serie A,Futbol,Lig,1. Seviye,Çekirdek,Erkek,Kulüp,Takım Sporu,İtalya,Yabancı,Yok,TV+ Var,Yıllık,Sürekli Lig,İstatistik,Bilgi,Oyuncu,Jenerik,Türkçe,Body,İstatistik,genoa,,,,,,
hamed traorè,Serie A,Futbol,Lig,1. Seviye,Çekirdek,Erkek,Kulüp,Takım Sporu,İtalya,Yabancı,Yok,TV+ Var,Yıllık,Sürekli Lig,Oyuncu Jenerik,Bilgi,Oyuncu,Jenerik,Türkçe,Head,Oyuncu Jenerik,genoa,,,,,,
hamed traorè kimdir,Serie A,Futbol,Lig,1. Seviye,Çekirdek,Erkek,Kulüp,Takım Sporu,İtalya,Yabancı,Yok,TV+ Var,Yıllık,Sürekli Lig,Oyuncu Bilgi,Bilgi,Oyuncu,Jenerik,Türkçe,Body,Oyuncu Bilgi,genoa,,,,,,
hamed traorè hangi takımda,Serie A,Futbol,Lig,1. Seviye,Çekirdek,Erkek,Kulüp,Takım Sporu,İtalya,Yabancı,Yok,TV+ Var,Yıllık,Sürekli Lig,Oyuncu Bilgi,Bilgi,Oyuncu,Jenerik,Türkçe,Body,Oyuncu Bilgi,genoa,,,,,,
hamed traorè istatistik,Serie A,Futbol,Lig,1. Seviye,Çekirdek,Erkek,Kulüp,Takım Sporu,İtalya,Yabancı,Yok,TV+ Var,Yıllık,Sürekli Lig,İstatistik,Bilgi,Oyuncu,Jenerik,Türkçe,Body,İstatistik,genoa,,,,,,
zé pedro,Serie A,Futbol,Lig,1. Seviye,Çekirdek,Erkek,Kulüp,Takım Sporu,İtalya,Yabancı,Yok,TV+ Var,Yıllık,Sürekli Lig,Oyuncu Jenerik,Bilgi,Oyuncu,Jenerik,Türkçe,Head,Oyuncu Jenerik,cagliari,,,,,,
zé pedro kimdir,Serie A,Futbol,Lig,1. Seviye,Çekirdek,Erkek,Kulüp,Takım Sporu,İtalya,Yabancı,Yok,TV+ Var,Yıllık,Sürekli Lig,Oyuncu Bilgi,Bilgi,Oyuncu,Jenerik,Türkçe,Body,Oyuncu Bilgi,cagliari,,,,,,
zé pedro hangi takımda,Serie A,Futbol,Lig,1. Seviye,Çekirdek,Erkek,Kulüp,Takım Sporu,İtalya,Yabancı,Yok,TV+ Var,Yıllık,Sürekli Lig,Oyuncu Bilgi,Bilgi,Oyuncu,Jenerik,Türkçe,Body,Oyuncu Bilgi,cagliari,,,,,,
zé pedro istatistik,Serie A,Futbol,Lig,1. Seviye,Çekirdek,Erkek,Kulüp,Takım Sporu,İtalya,Yabancı,Yok,TV+ Var,Yıllık,Sürekli Lig,İstatistik,Bilgi,Oyuncu,Jenerik,Türkçe,Body,İstatistik,cagliari,,,,,,
juan rodríguez,Serie A,Futbol,Lig,1. Seviye,Çekirdek,Erkek,Kulüp,Takım Sporu,İtalya,Yabancı,Yok,TV+ Var,Yıllık,Sürekli Lig,Oyuncu Jenerik,Bilgi,Oyuncu,Jenerik,Türkçe,Head,Oyuncu Jenerik,cagliari,,,,,,
juan rodríguez kimdir,Serie A,Futbol,Lig,1. Seviye,Çekirdek,Erkek,Kulüp,Takım Sporu,İtalya,Yabancı,Yok,TV+ Var,Yıllık,Sürekli Lig,Oyuncu Bilgi,Bilgi,Oyuncu,Jenerik,Türkçe,Body,Oyuncu Bilgi,cagliari,,,,,,
juan rodríguez hangi takımda,Serie A,Futbol,Lig,1. Seviye,Çekirdek,Erkek,Kulüp,Takım Sporu,İtalya,Yabancı,Yok,TV+ Var,Yıllık,Sürekli Lig,Oyuncu Bilgi,Bilgi,Oyuncu,Jenerik,Türkçe,Body,Oyuncu Bilgi,cagliari,,,,,,
juan rodríguez istatistik,Serie A,Futbol,Lig,1. Seviye,Çekirdek,Erkek,Kulüp,Takım Sporu,İtalya,Yabancı,Yok,TV+ Var,Yıllık,Sürekli Lig,İstatistik,Bilgi,Oyuncu,Jenerik,Türkçe,Body,İstatistik,cagliari,,,,,,
nicolò cavuoti,Serie A,Futbol,Lig,1. Seviye,Çekirdek,Erkek,Kulüp,Takım Sporu,İtalya,Yabancı,Yok,TV+ Var,Yıllık,Sürekli Lig,Oyuncu Jenerik,Bilgi,Oyuncu,Jenerik,Türkçe,Head,Oyuncu Jenerik,cagliari,,,,,,
nicolò cavuoti kimdir,Serie A,Futbol,Lig,1. Seviye,Çekirdek,Erkek,Kulüp,Takım Sporu,İtalya,Yabancı,Yok,TV+ Var,Yıllık,Sürekli Lig,Oyuncu Bilgi,Bilgi,Oyuncu,Jenerik,Türkçe,Body,Oyuncu Bilgi,cagliari,,,,,,
nicolò cavuoti hangi takımda,Serie A,Futbol,Lig,1. Seviye,Çekirdek,Erkek,Kulüp,Takım Sporu,İtalya,Yabancı,Yok,TV+ Var,Yıllık,Sürekli Lig,Oyuncu Bilgi,Bilgi,Oyuncu,Jenerik,Türkçe,Body,Oyuncu Bilgi,cagliari,,,,,,
nicolò cavuoti istatistik,Serie A,Futbol,Lig,1. Seviye,Çekirdek,Erkek,Kulüp,Takım Sporu,İtalya,Yabancı,Yok,TV+ Var,Yıllık,Sürekli Lig,İstatistik,Bilgi,Oyuncu,Jenerik,Türkçe,Body,İstatistik,cagliari,,,,,,
boris radunović,Serie A,Futbol,Lig,1. Seviye,Çekirdek,Erkek,Kulüp,Takım Sporu,İtalya,Yabancı,Yok,TV+ Var,Yıllık,Sürekli Lig,Oyuncu Jenerik,Bilgi,Oyuncu,Jenerik,Türkçe,Head,Oyuncu Jenerik,cagliari,,,,,,
boris radunović kimdir,Serie A,Futbol,Lig,1. Seviye,Çekirdek,Erkek,Kulüp,Takım Sporu,İtalya,Yabancı,Yok,TV+ Var,Yıllık,Sürekli Lig,Oyuncu Bilgi,Bilgi,Oyuncu,Jenerik,Türkçe,Body,Oyuncu Bilgi,cagliari,,,,,,
boris radunović hangi takımda,Serie A,Futbol,Lig,1. Seviye,Çekirdek,Erkek,Kulüp,Takım Sporu,İtalya,Yabancı,Yok,TV+ Var,Yıllık,Sürekli Lig,Oyuncu Bilgi,Bilgi,Oyuncu,Jenerik,Türkçe,Body,Oyuncu Bilgi,cagliari,,,,,,
boris radunović istatistik,Serie A,Futbol,Lig,1. Seviye,Çekirdek,Erkek,Kulüp,Takım Sporu,İtalya,Yabancı,Yok,TV+ Var,Yıllık,Sürekli Lig,İstatistik,Bilgi,Oyuncu,Jenerik,Türkçe,Body,İstatistik,cagliari,,,,,,
domagoj bradarić,Serie A,Futbol,Lig,1. Seviye,Çekirdek,Erkek,Kulüp,Takım Sporu,İtalya,Yabancı,Yok,TV+ Var,Yıllık,Sürekli Lig,Oyuncu Jenerik,Bilgi,Oyuncu,Jenerik,Türkçe,Head,Oyuncu Jenerik,hellas verona,,,,,,
domagoj bradarić kimdir,Serie A,Futbol,Lig,1. Seviye,Çekirdek,Erkek,Kulüp,Takım Sporu,İtalya,Yabancı,Yok,TV+ Var,Yıllık,Sürekli Lig,Oyuncu Bilgi,Bilgi,Oyuncu,Jenerik,Türkçe,Body,Oyuncu Bilgi,hellas verona,,,,,,
domagoj bradarić hangi takımda,Serie A,Futbol,Lig,1. Seviye,Çekirdek,Erkek,Kulüp,Takım Sporu,İtalya,Yabancı,Yok,TV+ Var,Yıllık,Sürekli Lig,Oyuncu Bilgi,Bilgi,Oyuncu,Jenerik,Türkçe,Body,Oyuncu Bilgi,hellas verona,,,,,,
domagoj bradarić istatistik,Serie A,Futbol,Lig,1. Seviye,Çekirdek,Erkek,Kulüp,Takım Sporu,İtalya,Yabancı,Yok,TV+ Var,Yıllık,Sürekli Lig,İstatistik,Bilgi,Oyuncu,Jenerik,Türkçe,Body,İstatistik,hellas verona,,,,,,
tomáš suslov,Serie A,Futbol,Lig,1. Seviye,Çekirdek,Erkek,Kulüp,Takım Sporu,İtalya,Yabancı,Yok,TV+ Var,Yıllık,Sürekli Lig,Oyuncu Jenerik,Bilgi,Oyuncu,Jenerik,Türkçe,Head,Oyuncu Jenerik,hellas verona,,,,,,
tomáš suslov kimdir,Serie A,Futbol,Lig,1. Seviye,Çekirdek,Erkek,Kulüp,Takım Sporu,İtalya,Yabancı,Yok,TV+ Var,Yıllık,Sürekli Lig,Oyuncu Bilgi,Bilgi,Oyuncu,Jenerik,Türkçe,Body,Oyuncu Bilgi,hellas verona,,,,,,
tomáš suslov hangi takımda,Serie A,Futbol,Lig,1. Seviye,Çekirdek,Erkek,Kulüp,Takım Sporu,İtalya,Yabancı,Yok,TV+ Var,Yıllık,Sürekli Lig,Oyuncu Bilgi,Bilgi,Oyuncu,Jenerik,Türkçe,Body,Oyuncu Bilgi,hellas verona,,,,,,
tomáš suslov istatistik,Serie A,Futbol,Lig,1. Seviye,Çekirdek,Erkek,Kulüp,Takım Sporu,İtalya,Yabancı,Yok,TV+ Var,Yıllık,Sürekli Lig,İstatistik,Bilgi,Oyuncu,Jenerik,Türkçe,Body,İstatistik,hellas verona,,,,,,
andréa le borgne,Serie A,Futbol,Lig,1. Seviye,Çekirdek,Erkek,Kulüp,Takım Sporu,İtalya,Yabancı,Yok,TV+ Var,Yıllık,Sürekli Lig,Oyuncu Jenerik,Bilgi,Oyuncu,Jenerik,Türkçe,Body,Oyuncu Jenerik,hellas verona,,,,,,
andréa le borgne kimdir,Serie A,Futbol,Lig,1. Seviye,Çekirdek,Erkek,Kulüp,Takım Sporu,İtalya,Yabancı,Yok,TV+ Var,Yıllık,Sürekli Lig,Oyuncu Bilgi,Bilgi,Oyuncu,Jenerik,Türkçe,Body,Oyuncu Bilgi,hellas verona,,,,,,
andréa le borgne hangi takımda,Serie A,Futbol,Lig,1. Seviye,Çekirdek,Erkek,Kulüp,Takım Sporu,İtalya,Yabancı,Yok,TV+ Var,Yıllık,Sürekli Lig,Oyuncu Bilgi,Bilgi,Oyuncu,Jenerik,Türkçe,Long-tail,Oyuncu Bilgi,hellas verona,,,,,,
andréa le borgne istatistik,Serie A,Futbol,Lig,1. Seviye,Çekirdek,Erkek,Kulüp,Takım Sporu,İtalya,Yabancı,Yok,TV+ Var,Yıllık,Sürekli Lig,İstatistik,Bilgi,Oyuncu,Jenerik,Türkçe,Body,İstatistik,hellas verona,,,,,,
antoine bernède,Serie A,Futbol,Lig,1. Seviye,Çekirdek,Erkek,Kulüp,Takım Sporu,İtalya,Yabancı,Yok,TV+ Var,Yıllık,Sürekli Lig,Oyuncu Jenerik,Bilgi,Oyuncu,Jenerik,Türkçe,Head,Oyuncu Jenerik,hellas verona,,,,,,
antoine bernède kimdir,Serie A,Futbol,Lig,1. Seviye,Çekirdek,Erkek,Kulüp,Takım Sporu,İtalya,Yabancı,Yok,TV+ Var,Yıllık,Sürekli Lig,Oyuncu Bilgi,Bilgi,Oyuncu,Jenerik,Türkçe,Body,Oyuncu Bilgi,hellas verona,,,,,,
antoine bernède hangi takımda,Serie A,Futbol,Lig,1. Seviye,Çekirdek,Erkek,Kulüp,Takım Sporu,İtalya,Yabancı,Yok,TV+ Var,Yıllık,Sürekli Lig,Oyuncu Bilgi,Bilgi,Oyuncu,Jenerik,Türkçe,Body,Oyuncu Bilgi,hellas verona,,,,,,
antoine bernède istatistik,Serie A,Futbol,Lig,1. Seviye,Çekirdek,Erkek,Kulüp,Takım Sporu,İtalya,Yabancı,Yok,TV+ Var,Yıllık,Sürekli Lig,İstatistik,Bilgi,Oyuncu,Jenerik,Türkçe,Body,İstatistik,hellas verona,,,,,,
seid korać,Serie A,Futbol,Lig,1. Seviye,Çekirdek,Erkek,Kulüp,Takım Sporu,İtalya,Yabancı,Yok,TV+ Var,Yıllık,Sürekli Lig,Oyuncu Jenerik,Bilgi,Oyuncu,Jenerik,Türkçe,Head,Oyuncu Jenerik,hellas verona,,,,,,
seid korać kimdir,Serie A,Futbol,Lig,1. Seviye,Çekirdek,Erkek,Kulüp,Takım Sporu,İtalya,Yabancı,Yok,TV+ Var,Yıllık,Sürekli Lig,Oyuncu Bilgi,Bilgi,Oyuncu,Jenerik,Türkçe,Body,Oyuncu Bilgi,hellas verona,,,,,,
seid korać hangi takımda,Serie A,Futbol,Lig,1. Seviye,Çekirdek,Erkek,Kulüp,Takım Sporu,İtalya,Yabancı,Yok,TV+ Var,Yıllık,Sürekli Lig,Oyuncu Bilgi,Bilgi,Oyuncu,Jenerik,Türkçe,Body,Oyuncu Bilgi,hellas verona,,,,,,
seid korać istatistik,Serie A,Futbol,Lig,1. Seviye,Çekirdek,Erkek,Kulüp,Takım Sporu,İtalya,Yabancı,Yok,TV+ Var,Yıllık,Sürekli Lig,İstatistik,Bilgi,Oyuncu,Jenerik,Türkçe,Body,İstatistik,hellas verona,,,,,,
ioan vermeșan,Serie A,Futbol,Lig,1. Seviye,Çekirdek,Erkek,Kulüp,Takım Sporu,İtalya,Yabancı,Yok,TV+ Var,Yıllık,Sürekli Lig,Oyuncu Jenerik,Bilgi,Oyuncu,Jenerik,Türkçe,Head,Oyuncu Jenerik,hellas verona,,,,,,
ioan vermeșan kimdir,Serie A,Futbol,Lig,1. Seviye,Çekirdek,Erkek,Kulüp,Takım Sporu,İtalya,Yabancı,Yok,TV+ Var,Yıllık,Sürekli Lig,Oyuncu Bilgi,Bilgi,Oyuncu,Jenerik,Türkçe,Body,Oyuncu Bilgi,hellas verona,,,,,,
ioan vermeșan hangi takımda,Serie A,Futbol,Lig,1. Seviye,Çekirdek,Erkek,Kulüp,Takım Sporu,İtalya,Yabancı,Yok,TV+ Var,Yıllık,Sürekli Lig,Oyuncu Bilgi,Bilgi,Oyuncu,Jenerik,Türkçe,Body,Oyuncu Bilgi,hellas verona,,,,,,
ioan vermeșan istatistik,Serie A,Futbol,Lig,1. Seviye,Çekirdek,Erkek,Kulüp,Takım Sporu,İtalya,Yabancı,Yok,TV+ Var,Yıllık,Sürekli Lig,İstatistik,Bilgi,Oyuncu,Jenerik,Türkçe,Body,İstatistik,hellas verona,,,,,,
marko vešović,Serie A,Futbol,Lig,1. Seviye,Çekirdek,Erkek,Kulüp,Takım Sporu,İtalya,Yabancı,Yok,TV+ Var,Yıllık,Sürekli Lig,Oyuncu Jenerik,Bilgi,Oyuncu,Jenerik,Türkçe,Head,Oyuncu Jenerik,lecce,,,,,,
marko vešović kimdir,Serie A,Futbol,Lig,1. Seviye,Çekirdek,Erkek,Kulüp,Takım Sporu,İtalya,Yabancı,Yok,TV+ Var,Yıllık,Sürekli Lig,Oyuncu Bilgi,Bilgi,Oyuncu,Jenerik,Türkçe,Body,Oyuncu Bilgi,lecce,,,,,,
marko vešović hangi takımda,Serie A,Futbol,Lig,1. Seviye,Çekirdek,Erkek,Kulüp,Takım Sporu,İtalya,Yabancı,Yok,TV+ Var,Yıllık,Sürekli Lig,Oyuncu Bilgi,Bilgi,Oyuncu,Jenerik,Türkçe,Body,Oyuncu Bilgi,lecce,,,,,,
marko vešović istatistik,Serie A,Futbol,Lig,1. Seviye,Çekirdek,Erkek,Kulüp,Takım Sporu,İtalya,Yabancı,Yok,TV+ Var,Yıllık,Sürekli Lig,İstatistik,Bilgi,Oyuncu,Jenerik,Türkçe,Body,İstatistik,lecce,,,,,,
marko vukčević,Serie A,Futbol,Lig,1. Seviye,Çekirdek,Erkek,Kulüp,Takım Sporu,İtalya,Yabancı,Yok,TV+ Var,Yıllık,Sürekli Lig,Oyuncu Jenerik,Bilgi,Oyuncu,Jenerik,Türkçe,Head,Oyuncu Jenerik,lecce,,,,,,
marko vukčević kimdir,Serie A,Futbol,Lig,1. Seviye,Çekirdek,Erkek,Kulüp,Takım Sporu,İtalya,Yabancı,Yok,TV+ Var,Yıllık,Sürekli Lig,Oyuncu Bilgi,Bilgi,Oyuncu,Jenerik,Türkçe,Body,Oyuncu Bilgi,lecce,,,,,,
marko vukčević hangi takımda,Serie A,Futbol,Lig,1. Seviye,Çekirdek,Erkek,Kulüp,Takım Sporu,İtalya,Yabancı,Yok,TV+ Var,Yıllık,Sürekli Lig,Oyuncu Bilgi,Bilgi,Oyuncu,Jenerik,Türkçe,Body,Oyuncu Bilgi,lecce,,,,,,
marko vukčević istatistik,Serie A,Futbol,Lig,1. Seviye,Çekirdek,Erkek,Kulüp,Takım Sporu,İtalya,Yabancı,Yok,TV+ Var,Yıllık,Sürekli Lig,İstatistik,Bilgi,Oyuncu,Jenerik,Türkçe,Body,İstatistik,lecce,,,,,,
milan vukotić,Serie A,Futbol,Lig,1. Seviye,Çekirdek,Erkek,Kulüp,Takım Sporu,İtalya,Yabancı,Yok,TV+ Var,Yıllık,Sürekli Lig,Oyuncu Jenerik,Bilgi,Oyuncu,Jenerik,Türkçe,Head,Oyuncu Jenerik,lecce,,,,,,
milan vukotić kimdir,Serie A,Futbol,Lig,1. Seviye,Çekirdek,Erkek,Kulüp,Takım Sporu,İtalya,Yabancı,Yok,TV+ Var,Yıllık,Sürekli Lig,Oyuncu Bilgi,Bilgi,Oyuncu,Jenerik,Türkçe,Body,Oyuncu Bilgi,lecce,,,,,,
milan vukotić hangi takımda,Serie A,Futbol,Lig,1. Seviye,Çekirdek,Erkek,Kulüp,Takım Sporu,İtalya,Yabancı,Yok,TV+ Var,Yıllık,Sürekli Lig,Oyuncu Bilgi,Bilgi,Oyuncu,Jenerik,Türkçe,Body,Oyuncu Bilgi,lecce,,,,,,
milan vukotić istatistik,Serie A,Futbol,Lig,1. Seviye,Çekirdek,Erkek,Kulüp,Takım Sporu,İtalya,Yabancı,Yok,TV+ Var,Yıllık,Sürekli Lig,İstatistik,Bilgi,Oyuncu,Jenerik,Türkçe,Body,İstatistik,lecce,,,,,,
stevan jovetić,Serie A,Futbol,Lig,1. Seviye,Çekirdek,Erkek,Kulüp,Takım Sporu,İtalya,Yabancı,Yok,TV+ Var,Yıllık,Sürekli Lig,Oyuncu Jenerik,Bilgi,Oyuncu,Jenerik,Türkçe,Head,Oyuncu Jenerik,lecce,,,,,,
stevan jovetić kimdir,Serie A,Futbol,Lig,1. Seviye,Çekirdek,Erkek,Kulüp,Takım Sporu,İtalya,Yabancı,Yok,TV+ Var,Yıllık,Sürekli Lig,Oyuncu Bilgi,Bilgi,Oyuncu,Jenerik,Türkçe,Body,Oyuncu Bilgi,lecce,,,,,,
stevan jovetić hangi takımda,Serie A,Futbol,Lig,1. Seviye,Çekirdek,Erkek,Kulüp,Takım Sporu,İtalya,Yabancı,Yok,TV+ Var,Yıllık,Sürekli Lig,Oyuncu Bilgi,Bilgi,Oyuncu,Jenerik,Türkçe,Body,Oyuncu Bilgi,lecce,,,,,,
stevan jovetić istatistik,Serie A,Futbol,Lig,1. Seviye,Çekirdek,Erkek,Kulüp,Takım Sporu,İtalya,Yabancı,Yok,TV+ Var,Yıllık,Sürekli Lig,İstatistik,Bilgi,Oyuncu,Jenerik,Türkçe,Body,İstatistik,lecce,,,,,,
stefan mugoša,Serie A,Futbol,Lig,1. Seviye,Çekirdek,Erkek,Kulüp,Takım Sporu,İtalya,Yabancı,Yok,TV+ Var,Yıllık,Sürekli Lig,Oyuncu Jenerik,Bilgi,Oyuncu,Jenerik,Türkçe,Head,Oyuncu Jenerik,lecce,,,,,,
stefan mugoša kimdir,Serie A,Futbol,Lig,1. Seviye,Çekirdek,Erkek,Kulüp,Takım Sporu,İtalya,Yabancı,Yok,TV+ Var,Yıllık,Sürekli Lig,Oyuncu Bilgi,Bilgi,Oyuncu,Jenerik,Türkçe,Body,Oyuncu Bilgi,lecce,,,,,,
stefan mugoša hangi takımda,Serie A,Futbol,Lig,1. Seviye,Çekirdek,Erkek,Kulüp,Takım Sporu,İtalya,Yabancı,Yok,TV+ Var,Yıllık,Sürekli Lig,Oyuncu Bilgi,Bilgi,Oyuncu,Jenerik,Türkçe,Body,Oyuncu Bilgi,lecce,,,,,,
stefan mugoša istatistik,Serie A,Futbol,Lig,1. Seviye,Çekirdek,Erkek,Kulüp,Takım Sporu,İtalya,Yabancı,Yok,TV+ Var,Yıllık,Sürekli Lig,İstatistik,Bilgi,Oyuncu,Jenerik,Türkçe,Body,İstatistik,lecce,,,,,,
r. standard de liège,Serie A,Futbol,Lig,1. Seviye,Çekirdek,Erkek,Kulüp,Takım Sporu,İtalya,Yabancı,Yok,TV+ Var,Yıllık,Sürekli Lig,Oyuncu Jenerik,Bilgi,Oyuncu,Jenerik,Türkçe,Body,Oyuncu Jenerik,lecce,,,,,,
r. standard de liège kimdir,Serie A,Futbol,Lig,1. Seviye,Çekirdek,Erkek,Kulüp,Takım Sporu,İtalya,Yabancı,Yok,TV+ Var,Yıllık,Sürekli Lig,Oyuncu Bilgi,Bilgi,Oyuncu,Jenerik,Türkçe,Long-tail,Oyuncu Bilgi,lecce,,,,,,
r. standard de liège hangi takımda,Serie A,Futbol,Lig,1. Seviye,Çekirdek,Erkek,Kulüp,Takım Sporu,İtalya,Yabancı,Yok,TV+ Var,Yıllık,Sürekli Lig,Oyuncu Bilgi,Bilgi,Oyuncu,Jenerik,Türkçe,Long-tail,Oyuncu Bilgi,lecce,,,,,,
r. standard de liège istatistik,Serie A,Futbol,Lig,1. Seviye,Çekirdek,Erkek,Kulüp,Takım Sporu,İtalya,Yabancı,Yok,TV+ Var,Yıllık,Sürekli Lig,İstatistik,Bilgi,Oyuncu,Jenerik,Türkçe,Long-tail,İstatistik,lecce,,,,,,
adrián bernabé,Serie A,Futbol,Lig,1. Seviye,Çekirdek,Erkek,Kulüp,Takım Sporu,İtalya,Yabancı,Yok,TV+ Var,Yıllık,Sürekli Lig,Oyuncu Jenerik,Bilgi,Oyuncu,Jenerik,Türkçe,Head,Oyuncu Jenerik,parma,,,,,,
adrián bernabé kimdir,Serie A,Futbol,Lig,1. Seviye,Çekirdek,Erkek,Kulüp,Takım Sporu,İtalya,Yabancı,Yok,TV+ Var,Yıllık,Sürekli Lig,Oyuncu Bilgi,Bilgi,Oyuncu,Jenerik,Türkçe,Body,Oyuncu Bilgi,parma,,,,,,
adrián bernabé hangi takımda,Serie A,Futbol,Lig,1. Seviye,Çekirdek,Erkek,Kulüp,Takım Sporu,İtalya,Yabancı,Yok,TV+ Var,Yıllık,Sürekli Lig,Oyuncu Bilgi,Bilgi,Oyuncu,Jenerik,Türkçe,Body,Oyuncu Bilgi,parma,,,,,,
adrián bernabé istatistik,Serie A,Futbol,Lig,1. Seviye,Çekirdek,Erkek,Kulüp,Takım Sporu,İtalya,Yabancı,Yok,TV+ Var,Yıllık,Sürekli Lig,İstatistik,Bilgi,Oyuncu,Jenerik,Türkçe,Body,İstatistik,parma,,,,,,
el bilal touré,Serie A,Futbol,Lig,1. Seviye,Çekirdek,Erkek,Kulüp,Takım Sporu,İtalya,Yabancı,Yok,TV+ Var,Yıllık,Sürekli Lig,Oyuncu Jenerik,Bilgi,Oyuncu,Jenerik,Türkçe,Body,Oyuncu Jenerik,parma,,,,,,
el bilal touré kimdir,Serie A,Futbol,Lig,1. Seviye,Çekirdek,Erkek,Kulüp,Takım Sporu,İtalya,Yabancı,Yok,TV+ Var,Yıllık,Sürekli Lig,Oyuncu Bilgi,Bilgi,Oyuncu,Jenerik,Türkçe,Body,Oyuncu Bilgi,parma,,,,,,
el bilal touré hangi takımda,Serie A,Futbol,Lig,1. Seviye,Çekirdek,Erkek,Kulüp,Takım Sporu,İtalya,Yabancı,Yok,TV+ Var,Yıllık,Sürekli Lig,Oyuncu Bilgi,Bilgi,Oyuncu,Jenerik,Türkçe,Long-tail,Oyuncu Bilgi,parma,,,,,,
el bilal touré istatistik,Serie A,Futbol,Lig,1. Seviye,Çekirdek,Erkek,Kulüp,Takım Sporu,İtalya,Yabancı,Yok,TV+ Var,Yıllık,Sürekli Lig,İstatistik,Bilgi,Oyuncu,Jenerik,Türkçe,Body,İstatistik,parma,,,,,,
thomás de martis,Serie A,Futbol,Lig,1. Seviye,Çekirdek,Erkek,Kulüp,Takım Sporu,İtalya,Yabancı,Yok,TV+ Var,Yıllık,Sürekli Lig,Oyuncu Jenerik,Bilgi,Oyuncu,Jenerik,Türkçe,Body,Oyuncu Jenerik,parma,,,,,,
thomás de martis kimdir,Serie A,Futbol,Lig,1. Seviye,Çekirdek,Erkek,Kulüp,Takım Sporu,İtalya,Yabancı,Yok,TV+ Var,Yıllık,Sürekli Lig,Oyuncu Bilgi,Bilgi,Oyuncu,Jenerik,Türkçe,Body,Oyuncu Bilgi,parma,,,,,,
thomás de martis hangi takımda,Serie A,Futbol,Lig,1. Seviye,Çekirdek,Erkek,Kulüp,Takım Sporu,İtalya,Yabancı,Yok,TV+ Var,Yıllık,Sürekli Lig,Oyuncu Bilgi,Bilgi,Oyuncu,Jenerik,Türkçe,Long-tail,Oyuncu Bilgi,parma,,,,,,
thomás de martis istatistik,Serie A,Futbol,Lig,1. Seviye,Çekirdek,Erkek,Kulüp,Takım Sporu,İtalya,Yabancı,Yok,TV+ Var,Yıllık,Sürekli Lig,İstatistik,Bilgi,Oyuncu,Jenerik,Türkçe,Body,İstatistik,parma,,,,,,
christian ordóñez,Serie A,Futbol,Lig,1. Seviye,Çekirdek,Erkek,Kulüp,Takım Sporu,İtalya,Yabancı,Yok,TV+ Var,Yıllık,Sürekli Lig,Oyuncu Jenerik,Bilgi,Oyuncu,Jenerik,Türkçe,Head,Oyuncu Jenerik,parma,,,,,,
christian ordóñez kimdir,Serie A,Futbol,Lig,1. Seviye,Çekirdek,Erkek,Kulüp,Takım Sporu,İtalya,Yabancı,Yok,TV+ Var,Yıllık,Sürekli Lig,Oyuncu Bilgi,Bilgi,Oyuncu,Jenerik,Türkçe,Body,Oyuncu Bilgi,parma,,,,,,
christian ordóñez hangi takımda,Serie A,Futbol,Lig,1. Seviye,Çekirdek,Erkek,Kulüp,Takım Sporu,İtalya,Yabancı,Yok,TV+ Var,Yıllık,Sürekli Lig,Oyuncu Bilgi,Bilgi,Oyuncu,Jenerik,Türkçe,Body,Oyuncu Bilgi,parma,,,,,,
christian ordóñez istatistik,Serie A,Futbol,Lig,1. Seviye,Çekirdek,Erkek,Kulüp,Takım Sporu,İtalya,Yabancı,Yok,TV+ Var,Yıllık,Sürekli Lig,İstatistik,Bilgi,Oyuncu,Jenerik,Türkçe,Body,İstatistik,parma,,,,,,
máximo perrone,Serie A,Futbol,Lig,1. Seviye,Çekirdek,Erkek,Kulüp,Takım Sporu,İtalya,Yabancı,Yok,TV+ Var,Yıllık,Sürekli Lig,Oyuncu Jenerik,Bilgi,Oyuncu,Jenerik,Türkçe,Head,Oyuncu Jenerik,como,,,,,,
máximo perrone kimdir,Serie A,Futbol,Lig,1. Seviye,Çekirdek,Erkek,Kulüp,Takım Sporu,İtalya,Yabancı,Yok,TV+ Var,Yıllık,Sürekli Lig,Oyuncu Bilgi,Bilgi,Oyuncu,Jenerik,Türkçe,Body,Oyuncu Bilgi,como,,,,,,
máximo perrone hangi takımda,Serie A,Futbol,Lig,1. Seviye,Çekirdek,Erkek,Kulüp,Takım Sporu,İtalya,Yabancı,Yok,TV+ Var,Yıllık,Sürekli Lig,Oyuncu Bilgi,Bilgi,Oyuncu,Jenerik,Türkçe,Body,Oyuncu Bilgi,como,,,,,,
máximo perrone istatistik,Serie A,Futbol,Lig,1. Seviye,Çekirdek,Erkek,Kulüp,Takım Sporu,İtalya,Yabancı,Yok,TV+ Var,Yıllık,Sürekli Lig,İstatistik,Bilgi,Oyuncu,Jenerik,Türkçe,Body,İstatistik,como,,,,,,
armand laurienté,Serie A,Futbol,Lig,1. Seviye,Çekirdek,Erkek,Kulüp,Takım Sporu,İtalya,Yabancı,Yok,TV+ Var,Yıllık,Sürekli Lig,Oyuncu Jenerik,Bilgi,Oyuncu,Jenerik,Türkçe,Head,Oyuncu Jenerik,sassuolo,,,,,,
armand laurienté kimdir,Serie A,Futbol,Lig,1. Seviye,Çekirdek,Erkek,Kulüp,Takım Sporu,İtalya,Yabancı,Yok,TV+ Var,Yıllık,Sürekli Lig,Oyuncu Bilgi,Bilgi,Oyuncu,Jenerik,Türkçe,Body,Oyuncu Bilgi,sassuolo,,,,,,
armand laurienté hangi takımda,Serie A,Futbol,Lig,1. Seviye,Çekirdek,Erkek,Kulüp,Takım Sporu,İtalya,Yabancı,Yok,TV+ Var,Yıllık,Sürekli Lig,Oyuncu Bilgi,Bilgi,Oyuncu,Jenerik,Türkçe,Body,Oyuncu Bilgi,sassuolo,,,,,,
armand laurienté istatistik,Serie A,Futbol,Lig,1. Seviye,Çekirdek,Erkek,Kulüp,Takım Sporu,İtalya,Yabancı,Yok,TV+ Var,Yıllık,Sürekli Lig,İstatistik,Bilgi,Oyuncu,Jenerik,Türkçe,Body,İstatistik,sassuolo,,,,,,
tarik muharemović,Serie A,Futbol,Lig,1. Seviye,Çekirdek,Erkek,Kulüp,Takım Sporu,İtalya,Yabancı,Yok,TV+ Var,Yıllık,Sürekli Lig,Oyuncu Jenerik,Bilgi,Oyuncu,Jenerik,Türkçe,Head,Oyuncu Jenerik,sassuolo,,,,,,
tarik muharemović kimdir,Serie A,Futbol,Lig,1. Seviye,Çekirdek,Erkek,Kulüp,Takım Sporu,İtalya,Yabancı,Yok,TV+ Var,Yıllık,Sürekli Lig,Oyuncu Bilgi,Bilgi,Oyuncu,Jenerik,Türkçe,Body,Oyuncu Bilgi,sassuolo,,,,,,
tarik muharemović hangi takımda,Serie A,Futbol,Lig,1. Seviye,Çekirdek,Erkek,Kulüp,Takım Sporu,İtalya,Yabancı,Yok,TV+ Var,Yıllık,Sürekli Lig,Oyuncu Bilgi,Bilgi,Oyuncu,Jenerik,Türkçe,Body,Oyuncu Bilgi,sassuolo,,,,,,
tarik muharemović istatistik,Serie A,Futbol,Lig,1. Seviye,Çekirdek,Erkek,Kulüp,Takım Sporu,İtalya,Yabancı,Yok,TV+ Var,Yıllık,Sürekli Lig,İstatistik,Bilgi,Oyuncu,Jenerik,Türkçe,Body,İstatistik,sassuolo,,,,,,
péter gulácsi,Serie A,Futbol,Lig,1. Seviye,Çekirdek,Erkek,Kulüp,Takım Sporu,İtalya,Yabancı,Yok,TV+ Var,Yıllık,Sürekli Lig,Oyuncu Jenerik,Bilgi,Oyuncu,Jenerik,Türkçe,Head,Oyuncu Jenerik,pisa,,,,,,
péter gulácsi kimdir,Serie A,Futbol,Lig,1. Seviye,Çekirdek,Erkek,Kulüp,Takım Sporu,İtalya,Yabancı,Yok,TV+ Var,Yıllık,Sürekli Lig,Oyuncu Bilgi,Bilgi,Oyuncu,Jenerik,Türkçe,Body,Oyuncu Bilgi,pisa,,,,,,
péter gulácsi hangi takımda,Serie A,Futbol,Lig,1. Seviye,Çekirdek,Erkek,Kulüp,Takım Sporu,İtalya,Yabancı,Yok,TV+ Var,Yıllık,Sürekli Lig,Oyuncu Bilgi,Bilgi,Oyuncu,Jenerik,Türkçe,Body,Oyuncu Bilgi,pisa,,,,,,
péter gulácsi istatistik,Serie A,Futbol,Lig,1. Seviye,Çekirdek,Erkek,Kulüp,Takım Sporu,İtalya,Yabancı,Yok,TV+ Var,Yıllık,Sürekli Lig,İstatistik,Bilgi,Oyuncu,Jenerik,Türkçe,Body,İstatistik,pisa,,,,,,
dénes dibusz,Serie A,Futbol,Lig,1. Seviye,Çekirdek,Erkek,Kulüp,Takım Sporu,İtalya,Yabancı,Yok,TV+ Var,Yıllık,Sürekli Lig,Oyuncu Jenerik,Bilgi,Oyuncu,Jenerik,Türkçe,Head,Oyuncu Jenerik,pisa,,,,,,
dénes dibusz kimdir,Serie A,Futbol,Lig,1. Seviye,Çekirdek,Erkek,Kulüp,Takım Sporu,İtalya,Yabancı,Yok,TV+ Var,Yıllık,Sürekli Lig,Oyuncu Bilgi,Bilgi,Oyuncu,Jenerik,Türkçe,Body,Oyuncu Bilgi,pisa,,,,,,
dénes dibusz hangi takımda,Serie A,Futbol,Lig,1. Seviye,Çekirdek,Erkek,Kulüp,Takım Sporu,İtalya,Yabancı,Yok,TV+ Var,Yıllık,Sürekli Lig,Oyuncu Bilgi,Bilgi,Oyuncu,Jenerik,Türkçe,Body,Oyuncu Bilgi,pisa,,,,,,
dénes dibusz istatistik,Serie A,Futbol,Lig,1. Seviye,Çekirdek,Erkek,Kulüp,Takım Sporu,İtalya,Yabancı,Yok,TV+ Var,Yıllık,Sürekli Lig,İstatistik,Bilgi,Oyuncu,Jenerik,Türkçe,Body,İstatistik,pisa,,,,,,
ferencvárosi tc kimdir,Serie A,Futbol,Lig,1. Seviye,Çekirdek,Erkek,Kulüp,Takım Sporu,İtalya,Yabancı,Yok,TV+ Var,Yıllık,Sürekli Lig,Oyuncu Bilgi,Bilgi,Oyuncu,Jenerik,Türkçe,Body,Oyuncu Bilgi,pisa,,,,,,
ferencvárosi tc hangi takımda,Serie A,Futbol,Lig,1. Seviye,Çekirdek,Erkek,Kulüp,Takım Sporu,İtalya,Yabancı,Yok,TV+ Var,Yıllık,Sürekli Lig,Oyuncu Bilgi,Bilgi,Oyuncu,Jenerik,Türkçe,Body,Oyuncu Bilgi,pisa,,,,,,
ferencvárosi tc istatistik,Serie A,Futbol,Lig,1. Seviye,Çekirdek,Erkek,Kulüp,Takım Sporu,İtalya,Yabancı,Yok,TV+ Var,Yıllık,Sürekli Lig,İstatistik,Bilgi,Oyuncu,Jenerik,Türkçe,Body,İstatistik,pisa,,,,,,
péter szappanos,Serie A,Futbol,Lig,1. Seviye,Çekirdek,Erkek,Kulüp,Takım Sporu,İtalya,Yabancı,Yok,TV+ Var,Yıllık,Sürekli Lig,Oyuncu Jenerik,Bilgi,Oyuncu,Jenerik,Türkçe,Head,Oyuncu Jenerik,pisa,,,,,,
péter szappanos kimdir,Serie A,Futbol,Lig,1. Seviye,Çekirdek,Erkek,Kulüp,Takım Sporu,İtalya,Yabancı,Yok,TV+ Var,Yıllık,Sürekli Lig,Oyuncu Bilgi,Bilgi,Oyuncu,Jenerik,Türkçe,Body,Oyuncu Bilgi,pisa,,,,,,
péter szappanos hangi takımda,Serie A,Futbol,Lig,1. Seviye,Çekirdek,Erkek,Kulüp,Takım Sporu,İtalya,Yabancı,Yok,TV+ Var,Yıllık,Sürekli Lig,Oyuncu Bilgi,Bilgi,Oyuncu,Jenerik,Türkçe,Body,Oyuncu Bilgi,pisa,,,,,,
péter szappanos istatistik,Serie A,Futbol,Lig,1. Seviye,Çekirdek,Erkek,Kulüp,Takım Sporu,İtalya,Yabancı,Yok,TV+ Var,Yıllık,Sürekli Lig,İstatistik,Bilgi,Oyuncu,Jenerik,Türkçe,Body,İstatistik,pisa,,,,,,
ádám lang,Serie A,Futbol,Lig,1. Seviye,Çekirdek,Erkek,Kulüp,Takım Sporu,İtalya,Yabancı,Yok,TV+ Var,Yıllık,Sürekli Lig,Oyuncu Jenerik,Bilgi,Oyuncu,Jenerik,Türkçe,Head,Oyuncu Jenerik,pisa,,,,,,
ádám lang kimdir,Serie A,Futbol,Lig,1. Seviye,Çekirdek,Erkek,Kulüp,Takım Sporu,İtalya,Yabancı,Yok,TV+ Var,Yıllık,Sürekli Lig,Oyuncu Bilgi,Bilgi,Oyuncu,Jenerik,Türkçe,Body,Oyuncu Bilgi,pisa,,,,,,
ádám lang hangi takımda,Serie A,Futbol,Lig,1. Seviye,Çekirdek,Erkek,Kulüp,Takım Sporu,İtalya,Yabancı,Yok,TV+ Var,Yıllık,Sürekli Lig,Oyuncu Bilgi,Bilgi,Oyuncu,Jenerik,Türkçe,Body,Oyuncu Bilgi,pisa,,,,,,
ádám lang istatistik,Serie A,Futbol,Lig,1. Seviye,Çekirdek,Erkek,Kulüp,Takım Sporu,İtalya,Yabancı,Yok,TV+ Var,Yıllık,Sürekli Lig,İstatistik,Bilgi,Oyuncu,Jenerik,Türkçe,Body,İstatistik,pisa,,,,,,
ákos kecskés,Serie A,Futbol,Lig,1. Seviye,Çekirdek,Erkek,Kulüp,Takım Sporu,İtalya,Yabancı,Yok,TV+ Var,Yıllık,Sürekli Lig,Oyuncu Jenerik,Bilgi,Oyuncu,Jenerik,Türkçe,Head,Oyuncu Jenerik,pisa,,,,,,
ákos kecskés kimdir,Serie A,Futbol,Lig,1. Seviye,Çekirdek,Erkek,Kulüp,Takım Sporu,İtalya,Yabancı,Yok,TV+ Var,Yıllık,Sürekli Lig,Oyuncu Bilgi,Bilgi,Oyuncu,Jenerik,Türkçe,Body,Oyuncu Bilgi,pisa,,,,,,
ákos kecskés hangi takımda,Serie A,Futbol,Lig,1. Seviye,Çekirdek,Erkek,Kulüp,Takım Sporu,İtalya,Yabancı,Yok,TV+ Var,Yıllık,Sürekli Lig,Oyuncu Bilgi,Bilgi,Oyuncu,Jenerik,Türkçe,Body,Oyuncu Bilgi,pisa,,,,,,
ákos kecskés istatistik,Serie A,Futbol,Lig,1. Seviye,Çekirdek,Erkek,Kulüp,Takım Sporu,İtalya,Yabancı,Yok,TV+ Var,Yıllık,Sürekli Lig,İstatistik,Bilgi,Oyuncu,Jenerik,Türkçe,Body,İstatistik,pisa,,,,,,
bendegúz bolla,Serie A,Futbol,Lig,1. Seviye,Çekirdek,Erkek,Kulüp,Takım Sporu,İtalya,Yabancı,Yok,TV+ Var,Yıllık,Sürekli Lig,Oyuncu Jenerik,Bilgi,Oyuncu,Jenerik,Türkçe,Head,Oyuncu Jenerik,pisa,,,,,,
bendegúz bolla kimdir,Serie A,Futbol,Lig,1. Seviye,Çekirdek,Erkek,Kulüp,Takım Sporu,İtalya,Yabancı,Yok,TV+ Var,Yıllık,Sürekli Lig,Oyuncu Bilgi,Bilgi,Oyuncu,Jenerik,Türkçe,Body,Oyuncu Bilgi,pisa,,,,,,
bendegúz bolla hangi takımda,Serie A,Futbol,Lig,1. Seviye,Çekirdek,Erkek,Kulüp,Takım Sporu,İtalya,Yabancı,Yok,TV+ Var,Yıllık,Sürekli Lig,Oyuncu Bilgi,Bilgi,Oyuncu,Jenerik,Türkçe,Body,Oyuncu Bilgi,pisa,,,,,,
bendegúz bolla istatistik,Serie A,Futbol,Lig,1. Seviye,Çekirdek,Erkek,Kulüp,Takım Sporu,İtalya,Yabancı,Yok,TV+ Var,Yıllık,Sürekli Lig,İstatistik,Bilgi,Oyuncu,Jenerik,Türkçe,Body,İstatistik,pisa,,,,,,
ádám nagy,Serie A,Futbol,Lig,1. Seviye,Çekirdek,Erkek,Kulüp,Takım Sporu,İtalya,Yabancı,Yok,TV+ Var,Yıllık,Sürekli Lig,Oyuncu Jenerik,Bilgi,Oyuncu,Jenerik,Türkçe,Head,Oyuncu Jenerik,pisa,,,,,,
ádám nagy kimdir,Serie A,Futbol,Lig,1. Seviye,Çekirdek,Erkek,Kulüp,Takım Sporu,İtalya,Yabancı,Yok,TV+ Var,Yıllık,Sürekli Lig,Oyuncu Bilgi,Bilgi,Oyuncu,Jenerik,Türkçe,Body,Oyuncu Bilgi,pisa,,,,,,
ádám nagy hangi takımda,Serie A,Futbol,Lig,1. Seviye,Çekirdek,Erkek,Kulüp,Takım Sporu,İtalya,Yabancı,Yok,TV+ Var,Yıllık,Sürekli Lig,Oyuncu Bilgi,Bilgi,Oyuncu,Jenerik,Türkçe,Body,Oyuncu Bilgi,pisa,,,,,,
ádám nagy istatistik,Serie A,Futbol,Lig,1. Seviye,Çekirdek,Erkek,Kulüp,Takım Sporu,İtalya,Yabancı,Yok,TV+ Var,Yıllık,Sürekli Lig,İstatistik,Bilgi,Oyuncu,Jenerik,Türkçe,Body,İstatistik,pisa,,,,,,
andrás schäfer,Serie A,Futbol,Lig,1. Seviye,Çekirdek,Erkek,Kulüp,Takım Sporu,İtalya,Yabancı,Yok,TV+ Var,Yıllık,Sürekli Lig,Oyuncu Jenerik,Bilgi,Oyuncu,Jenerik,Türkçe,Head,Oyuncu Jenerik,pisa,,,,,,
andrás schäfer kimdir,Serie A,Futbol,Lig,1. Seviye,Çekirdek,Erkek,Kulüp,Takım Sporu,İtalya,Yabancı,Yok,TV+ Var,Yıllık,Sürekli Lig,Oyuncu Bilgi,Bilgi,Oyuncu,Jenerik,Türkçe,Body,Oyuncu Bilgi,pisa,,,,,,
andrás schäfer hangi takımda,Serie A,Futbol,Lig,1. Seviye,Çekirdek,Erkek,Kulüp,Takım Sporu,İtalya,Yabancı,Yok,TV+ Var,Yıllık,Sürekli Lig,Oyuncu Bilgi,Bilgi,Oyuncu,Jenerik,Türkçe,Body,Oyuncu Bilgi,pisa,,,,,,
andrás schäfer istatistik,Serie A,Futbol,Lig,1. Seviye,Çekirdek,Erkek,Kulüp,Takım Sporu,İtalya,Yabancı,Yok,TV+ Var,Yıllık,Sürekli Lig,İstatistik,Bilgi,Oyuncu,Jenerik,Türkçe,Body,İstatistik,pisa,,,,,,
dániel gazdag,Serie A,Futbol,Lig,1. Seviye,Çekirdek,Erkek,Kulüp,Takım Sporu,İtalya,Yabancı,Yok,TV+ Var,Yıllık,Sürekli Lig,Oyuncu Jenerik,Bilgi,Oyuncu,Jenerik,Türkçe,Head,Oyuncu Jenerik,pisa,,,,,,
dániel gazdag kimdir,Serie A,Futbol,Lig,1. Seviye,Çekirdek,Erkek,Kulüp,Takım Sporu,İtalya,Yabancı,Yok,TV+ Var,Yıllık,Sürekli Lig,Oyuncu Bilgi,Bilgi,Oyuncu,Jenerik,Türkçe,Body,Oyuncu Bilgi,pisa,,,,,,
dániel gazdag hangi takımda,Serie A,Futbol,Lig,1. Seviye,Çekirdek,Erkek,Kulüp,Takım Sporu,İtalya,Yabancı,Yok,TV+ Var,Yıllık,Sürekli Lig,Oyuncu Bilgi,Bilgi,Oyuncu,Jenerik,Türkçe,Body,Oyuncu Bilgi,pisa,,,,,,
dániel gazdag istatistik,Serie A,Futbol,Lig,1. Seviye,Çekirdek,Erkek,Kulüp,Takım Sporu,İtalya,Yabancı,Yok,TV+ Var,Yıllık,Sürekli Lig,İstatistik,Bilgi,Oyuncu,Jenerik,Türkçe,Body,İstatistik,pisa,,,,,,
ádám szalai,Serie A,Futbol,Lig,1. Seviye,Çekirdek,Erkek,Kulüp,Takım Sporu,İtalya,Yabancı,Yok,TV+ Var,Yıllık,Sürekli Lig,Oyuncu Jenerik,Bilgi,Oyuncu,Jenerik,Türkçe,Head,Oyuncu Jenerik,pisa,,,,,,
ádám szalai kimdir,Serie A,Futbol,Lig,1. Seviye,Çekirdek,Erkek,Kulüp,Takım Sporu,İtalya,Yabancı,Yok,TV+ Var,Yıllık,Sürekli Lig,Oyuncu Bilgi,Bilgi,Oyuncu,Jenerik,Türkçe,Body,Oyuncu Bilgi,pisa,,,,,,
ádám szalai hangi takımda,Serie A,Futbol,Lig,1. Seviye,Çekirdek,Erkek,Kulüp,Takım Sporu,İtalya,Yabancı,Yok,TV+ Var,Yıllık,Sürekli Lig,Oyuncu Bilgi,Bilgi,Oyuncu,Jenerik,Türkçe,Body,Oyuncu Bilgi,pisa,,,,,,
ádám szalai istatistik,Serie A,Futbol,Lig,1. Seviye,Çekirdek,Erkek,Kulüp,Takım Sporu,İtalya,Yabancı,Yok,TV+ Var,Yıllık,Sürekli Lig,İstatistik,Bilgi,Oyuncu,Jenerik,Türkçe,Body,İstatistik,pisa,,,,,,
dániel sallói,Serie A,Futbol,Lig,1. Seviye,Çekirdek,Erkek,Kulüp,Takım Sporu,İtalya,Yabancı,Yok,TV+ Var,Yıllık,Sürekli Lig,Oyuncu Jenerik,Bilgi,Oyuncu,Jenerik,Türkçe,Head,Oyuncu Jenerik,pisa,,,,,,
dániel sallói kimdir,Serie A,Futbol,Lig,1. Seviye,Çekirdek,Erkek,Kulüp,Takım Sporu,İtalya,Yabancı,Yok,TV+ Var,Yıllık,Sürekli Lig,Oyuncu Bilgi,Bilgi,Oyuncu,Jenerik,Türkçe,Body,Oyuncu Bilgi,pisa,,,,,,
dániel sallói hangi takımda,Serie A,Futbol,Lig,1. Seviye,Çekirdek,Erkek,Kulüp,Takım Sporu,İtalya,Yabancı,Yok,TV+ Var,Yıllık,Sürekli Lig,Oyuncu Bilgi,Bilgi,Oyuncu,Jenerik,Türkçe,Body,Oyuncu Bilgi,pisa,,,,,,
dániel sallói istatistik,Serie A,Futbol,Lig,1. Seviye,Çekirdek,Erkek,Kulüp,Takım Sporu,İtalya,Yabancı,Yok,TV+ Var,Yıllık,Sürekli Lig,İstatistik,Bilgi,Oyuncu,Jenerik,Türkçe,Body,İstatistik,pisa,,,,,,
martin ádám,Serie A,Futbol,Lig,1. Seviye,Çekirdek,Erkek,Kulüp,Takım Sporu,İtalya,Yabancı,Yok,TV+ Var,Yıllık,Sürekli Lig,Oyuncu Jenerik,Bilgi,Oyuncu,Jenerik,Türkçe,Head,Oyuncu Jenerik,pisa,,,,,,
martin ádám kimdir,Serie A,Futbol,Lig,1. Seviye,Çekirdek,Erkek,Kulüp,Takım Sporu,İtalya,Yabancı,Yok,TV+ Var,Yıllık,Sürekli Lig,Oyuncu Bilgi,Bilgi,Oyuncu,Jenerik,Türkçe,Body,Oyuncu Bilgi,pisa,,,,,,
martin ádám hangi takımda,Serie A,Futbol,Lig,1. Seviye,Çekirdek,Erkek,Kulüp,Takım Sporu,İtalya,Yabancı,Yok,TV+ Var,Yıllık,Sürekli Lig,Oyuncu Bilgi,Bilgi,Oyuncu,Jenerik,Türkçe,Body,Oyuncu Bilgi,pisa,,,,,,
martin ádám istatistik,Serie A,Futbol,Lig,1. Seviye,Çekirdek,Erkek,Kulüp,Takım Sporu,İtalya,Yabancı,Yok,TV+ Var,Yıllık,Sürekli Lig,İstatistik,Bilgi,Oyuncu,Jenerik,Türkçe,Body,İstatistik,pisa,,,,,,
gatito fernández,Serie A,Futbol,Lig,1. Seviye,Çekirdek,Erkek,Kulüp,Takım Sporu,İtalya,Yabancı,Yok,TV+ Var,Yıllık,Sürekli Lig,Oyuncu Jenerik,Bilgi,Oyuncu,Jenerik,Türkçe,Head,Oyuncu Jenerik,cremonese,,,,,,
gatito fernández kimdir,Serie A,Futbol,Lig,1. Seviye,Çekirdek,Erkek,Kulüp,Takım Sporu,İtalya,Yabancı,Yok,TV+ Var,Yıllık,Sürekli Lig,Oyuncu Bilgi,Bilgi,Oyuncu,Jenerik,Türkçe,Body,Oyuncu Bilgi,cremonese,,,,,,
gatito fernández hangi takımda,Serie A,Futbol,Lig,1. Seviye,Çekirdek,Erkek,Kulüp,Takım Sporu,İtalya,Yabancı,Yok,TV+ Var,Yıllık,Sürekli Lig,Oyuncu Bilgi,Bilgi,Oyuncu,Jenerik,Türkçe,Body,Oyuncu Bilgi,cremonese,,,,,,
gatito fernández istatistik,Serie A,Futbol,Lig,1. Seviye,Çekirdek,Erkek,Kulüp,Takım Sporu,İtalya,Yabancı,Yok,TV+ Var,Yıllık,Sürekli Lig,İstatistik,Bilgi,Oyuncu,Jenerik,Türkçe,Body,İstatistik,cremonese,,,,,,
cerro porteño,Serie A,Futbol,Lig,1. Seviye,Çekirdek,Erkek,Kulüp,Takım Sporu,İtalya,Yabancı,Yok,TV+ Var,Yıllık,Sürekli Lig,Oyuncu Jenerik,Bilgi,Oyuncu,Jenerik,Türkçe,Head,Oyuncu Jenerik,cremonese,,,,,,
cerro porteño kimdir,Serie A,Futbol,Lig,1. Seviye,Çekirdek,Erkek,Kulüp,Takım Sporu,İtalya,Yabancı,Yok,TV+ Var,Yıllık,Sürekli Lig,Oyuncu Bilgi,Bilgi,Oyuncu,Jenerik,Türkçe,Body,Oyuncu Bilgi,cremonese,,,,,,
cerro porteño hangi takımda,Serie A,Futbol,Lig,1. Seviye,Çekirdek,Erkek,Kulüp,Takım Sporu,İtalya,Yabancı,Yok,TV+ Var,Yıllık,Sürekli Lig,Oyuncu Bilgi,Bilgi,Oyuncu,Jenerik,Türkçe,Body,Oyuncu Bilgi,cremonese,,,,,,
cerro porteño istatistik,Serie A,Futbol,Lig,1. Seviye,Çekirdek,Erkek,Kulüp,Takım Sporu,İtalya,Yabancı,Yok,TV+ Var,Yıllık,Sürekli Lig,İstatistik,Bilgi,Oyuncu,Jenerik,Türkçe,Body,İstatistik,cremonese,,,,,,
gustavo velázquez,Serie A,Futbol,Lig,1. Seviye,Çekirdek,Erkek,Kulüp,Takım Sporu,İtalya,Yabancı,Yok,TV+ Var,Yıllık,Sürekli Lig,Oyuncu Jenerik,Bilgi,Oyuncu,Jenerik,Türkçe,Head,Oyuncu Jenerik,cremonese,,,,,,
gustavo velázquez kimdir,Serie A,Futbol,Lig,1. Seviye,Çekirdek,Erkek,Kulüp,Takım Sporu,İtalya,Yabancı,Yok,TV+ Var,Yıllık,Sürekli Lig,Oyuncu Bilgi,Bilgi,Oyuncu,Jenerik,Türkçe,Body,Oyuncu Bilgi,cremonese,,,,,,
gustavo velázquez hangi takımda,Serie A,Futbol,Lig,1. Seviye,Çekirdek,Erkek,Kulüp,Takım Sporu,İtalya,Yabancı,Yok,TV+ Var,Yıllık,Sürekli Lig,Oyuncu Bilgi,Bilgi,Oyuncu,Jenerik,Türkçe,Body,Oyuncu Bilgi,cremonese,,,,,,
gustavo velázquez istatistik,Serie A,Futbol,Lig,1. Seviye,Çekirdek,Erkek,Kulüp,Takım Sporu,İtalya,Yabancı,Yok,TV+ Var,Yıllık,Sürekli Lig,İstatistik,Bilgi,Oyuncu,Jenerik,Türkçe,Body,İstatistik,cremonese,,,,,,
juan josé cáceres,Serie A,Futbol,Lig,1. Seviye,Çekirdek,Erkek,Kulüp,Takım Sporu,İtalya,Yabancı,Yok,TV+ Var,Yıllık,Sürekli Lig,Oyuncu Jenerik,Bilgi,Oyuncu,Jenerik,Türkçe,Body,Oyuncu Jenerik,cremonese,,,,,,
juan josé cáceres kimdir,Serie A,Futbol,Lig,1. Seviye,Çekirdek,Erkek,Kulüp,Takım Sporu,İtalya,Yabancı,Yok,TV+ Var,Yıllık,Sürekli Lig,Oyuncu Bilgi,Bilgi,Oyuncu,Jenerik,Türkçe,Body,Oyuncu Bilgi,cremonese,,,,,,
juan josé cáceres hangi takımda,Serie A,Futbol,Lig,1. Seviye,Çekirdek,Erkek,Kulüp,Takım Sporu,İtalya,Yabancı,Yok,TV+ Var,Yıllık,Sürekli Lig,Oyuncu Bilgi,Bilgi,Oyuncu,Jenerik,Türkçe,Long-tail,Oyuncu Bilgi,cremonese,,,,,,
juan josé cáceres istatistik,Serie A,Futbol,Lig,1. Seviye,Çekirdek,Erkek,Kulüp,Takım Sporu,İtalya,Yabancı,Yok,TV+ Var,Yıllık,Sürekli Lig,İstatistik,Bilgi,Oyuncu,Jenerik,Türkçe,Body,İstatistik,cremonese,,,,,,
fabián balbuena,Serie A,Futbol,Lig,1. Seviye,Çekirdek,Erkek,Kulüp,Takım Sporu,İtalya,Yabancı,Yok,TV+ Var,Yıllık,Sürekli Lig,Oyuncu Jenerik,Bilgi,Oyuncu,Jenerik,Türkçe,Head,Oyuncu Jenerik,cremonese,,,,,,
fabián balbuena kimdir,Serie A,Futbol,Lig,1. Seviye,Çekirdek,Erkek,Kulüp,Takım Sporu,İtalya,Yabancı,Yok,TV+ Var,Yıllık,Sürekli Lig,Oyuncu Bilgi,Bilgi,Oyuncu,Jenerik,Türkçe,Body,Oyuncu Bilgi,cremonese,,,,,,
fabián balbuena hangi takımda,Serie A,Futbol,Lig,1. Seviye,Çekirdek,Erkek,Kulüp,Takım Sporu,İtalya,Yabancı,Yok,TV+ Var,Yıllık,Sürekli Lig,Oyuncu Bilgi,Bilgi,Oyuncu,Jenerik,Türkçe,Body,Oyuncu Bilgi,cremonese,,,,,,
fabián balbuena istatistik,Serie A,Futbol,Lig,1. Seviye,Çekirdek,Erkek,Kulüp,Takım Sporu,İtalya,Yabancı,Yok,TV+ Var,Yıllık,Sürekli Lig,İstatistik,Bilgi,Oyuncu,Jenerik,Türkçe,Body,İstatistik,cremonese,,,,,,
grêmio fbpa,Serie A,Futbol,Lig,1. Seviye,Çekirdek,Erkek,Kulüp,Takım Sporu,İtalya,Yabancı,Yok,TV+ Var,Yıllık,Sürekli Lig,Oyuncu Jenerik,Bilgi,Oyuncu,Jenerik,Türkçe,Head,Oyuncu Jenerik,cremonese,,,,,,
grêmio fbpa kimdir,Serie A,Futbol,Lig,1. Seviye,Çekirdek,Erkek,Kulüp,Takım Sporu,İtalya,Yabancı,Yok,TV+ Var,Yıllık,Sürekli Lig,Oyuncu Bilgi,Bilgi,Oyuncu,Jenerik,Türkçe,Body,Oyuncu Bilgi,cremonese,,,,,,
grêmio fbpa hangi takımda,Serie A,Futbol,Lig,1. Seviye,Çekirdek,Erkek,Kulüp,Takım Sporu,İtalya,Yabancı,Yok,TV+ Var,Yıllık,Sürekli Lig,Oyuncu Bilgi,Bilgi,Oyuncu,Jenerik,Türkçe,Body,Oyuncu Bilgi,cremonese,,,,,,
grêmio fbpa istatistik,Serie A,Futbol,Lig,1. Seviye,Çekirdek,Erkek,Kulüp,Takım Sporu,İtalya,Yabancı,Yok,TV+ Var,Yıllık,Sürekli Lig,İstatistik,Bilgi,Oyuncu,Jenerik,Türkçe,Body,İstatistik,cremonese,,,,,,
júnior alonso,Serie A,Futbol,Lig,1. Seviye,Çekirdek,Erkek,Kulüp,Takım Sporu,İtalya,Yabancı,Yok,TV+ Var,Yıllık,Sürekli Lig,Oyuncu Jenerik,Bilgi,Oyuncu,Jenerik,Türkçe,Head,Oyuncu Jenerik,cremonese,,,,,,
júnior alonso kimdir,Serie A,Futbol,Lig,1. Seviye,Çekirdek,Erkek,Kulüp,Takım Sporu,İtalya,Yabancı,Yok,TV+ Var,Yıllık,Sürekli Lig,Oyuncu Bilgi,Bilgi,Oyuncu,Jenerik,Türkçe,Body,Oyuncu Bilgi,cremonese,,,,,,
júnior alonso hangi takımda,Serie A,Futbol,Lig,1. Seviye,Çekirdek,Erkek,Kulüp,Takım Sporu,İtalya,Yabancı,Yok,TV+ Var,Yıllık,Sürekli Lig,Oyuncu Bilgi,Bilgi,Oyuncu,Jenerik,Türkçe,Body,Oyuncu Bilgi,cremonese,,,,,,
júnior alonso istatistik,Serie A,Futbol,Lig,1. Seviye,Çekirdek,Erkek,Kulüp,Takım Sporu,İtalya,Yabancı,Yok,TV+ Var,Yıllık,Sürekli Lig,İstatistik,Bilgi,Oyuncu,Jenerik,Türkçe,Body,İstatistik,cremonese,,,,,,
ramón sosa,Serie A,Futbol,Lig,1. Seviye,Çekirdek,Erkek,Kulüp,Takım Sporu,İtalya,Yabancı,Yok,TV+ Var,Yıllık,Sürekli Lig,Oyuncu Jenerik,Bilgi,Oyuncu,Jenerik,Türkçe,Head,Oyuncu Jenerik,cremonese,,,,,,
ramón sosa kimdir,Serie A,Futbol,Lig,1. Seviye,Çekirdek,Erkek,Kulüp,Takım Sporu,İtalya,Yabancı,Yok,TV+ Var,Yıllık,Sürekli Lig,Oyuncu Bilgi,Bilgi,Oyuncu,Jenerik,Türkçe,Body,Oyuncu Bilgi,cremonese,,,,,,
ramón sosa hangi takımda,Serie A,Futbol,Lig,1. Seviye,Çekirdek,Erkek,Kulüp,Takım Sporu,İtalya,Yabancı,Yok,TV+ Var,Yıllık,Sürekli Lig,Oyuncu Bilgi,Bilgi,Oyuncu,Jenerik,Türkçe,Body,Oyuncu Bilgi,cremonese,,,,,,
ramón sosa istatistik,Serie A,Futbol,Lig,1. Seviye,Çekirdek,Erkek,Kulüp,Takım Sporu,İtalya,Yabancı,Yok,TV+ Var,Yıllık,Sürekli Lig,İstatistik,Bilgi,Oyuncu,Jenerik,Türkçe,Body,İstatistik,cremonese,,,,,,
diego gómez,Serie A,Futbol,Lig,1. Seviye,Çekirdek,Erkek,Kulüp,Takım Sporu,İtalya,Yabancı,Yok,TV+ Var,Yıllık,Sürekli Lig,Oyuncu Jenerik,Bilgi,Oyuncu,Jenerik,Türkçe,Head,Oyuncu Jenerik,cremonese,,,,,,
diego gómez kimdir,Serie A,Futbol,Lig,1. Seviye,Çekirdek,Erkek,Kulüp,Takım Sporu,İtalya,Yabancı,Yok,TV+ Var,Yıllık,Sürekli Lig,Oyuncu Bilgi,Bilgi,Oyuncu,Jenerik,Türkçe,Body,Oyuncu Bilgi,cremonese,,,,,,
diego gómez hangi takımda,Serie A,Futbol,Lig,1. Seviye,Çekirdek,Erkek,Kulüp,Takım Sporu,İtalya,Yabancı,Yok,TV+ Var,Yıllık,Sürekli Lig,Oyuncu Bilgi,Bilgi,Oyuncu,Jenerik,Türkçe,Body,Oyuncu Bilgi,cremonese,,,,,,
diego gómez istatistik,Serie A,Futbol,Lig,1. Seviye,Çekirdek,Erkek,Kulüp,Takım Sporu,İtalya,Yabancı,Yok,TV+ Var,Yıllık,Sürekli Lig,İstatistik,Bilgi,Oyuncu,Jenerik,Türkçe,Body,İstatistik,cremonese,,,,,,
antonio sanabria,Serie A,Futbol,Lig,1. Seviye,Çekirdek,Erkek,Kulüp,Takım Sporu,İtalya,Yabancı,Yok,TV+ Var,Yıllık,Sürekli Lig,Oyuncu Jenerik,Bilgi,Oyuncu,Jenerik,İngilizce,Head,Oyuncu Jenerik,cremonese,,,,,,
antonio sanabria kimdir,Serie A,Futbol,Lig,1. Seviye,Çekirdek,Erkek,Kulüp,Takım Sporu,İtalya,Yabancı,Yok,TV+ Var,Yıllık,Sürekli Lig,Oyuncu Bilgi,Bilgi,Oyuncu,Jenerik,İngilizce,Body,Oyuncu Bilgi,cremonese,,,,,,
antonio sanabria hangi takımda,Serie A,Futbol,Lig,1. Seviye,Çekirdek,Erkek,Kulüp,Takım Sporu,İtalya,Yabancı,Yok,TV+ Var,Yıllık,Sürekli Lig,Oyuncu Bilgi,Bilgi,Oyuncu,Jenerik,Türkçe,Body,Oyuncu Bilgi,cremonese,,,,,,
antonio sanabria istatistik,Serie A,Futbol,Lig,1. Seviye,Çekirdek,Erkek,Kulüp,Takım Sporu,İtalya,Yabancı,Yok,TV+ Var,Yıllık,Sürekli Lig,İstatistik,Bilgi,Oyuncu,Jenerik,İngilizce,Body,İstatistik,cremonese,,,,,,
miguel almirón,Serie A,Futbol,Lig,1. Seviye,Çekirdek,Erkek,Kulüp,Takım Sporu,İtalya,Yabancı,Yok,TV+ Var,Yıllık,Sürekli Lig,Oyuncu Jenerik,Bilgi,Oyuncu,Jenerik,Türkçe,Head,Oyuncu Jenerik,cremonese,,,,,,
miguel almirón kimdir,Serie A,Futbol,Lig,1. Seviye,Çekirdek,Erkek,Kulüp,Takım Sporu,İtalya,Yabancı,Yok,TV+ Var,Yıllık,Sürekli Lig,Oyuncu Bilgi,Bilgi,Oyuncu,Jenerik,Türkçe,Body,Oyuncu Bilgi,cremonese,,,,,,
miguel almirón hangi takımda,Serie A,Futbol,Lig,1. Seviye,Çekirdek,Erkek,Kulüp,Takım Sporu,İtalya,Yabancı,Yok,TV+ Var,Yıllık,Sürekli Lig,Oyuncu Bilgi,Bilgi,Oyuncu,Jenerik,Türkçe,Body,Oyuncu Bilgi,cremonese,,,,,,
miguel almirón istatistik,Serie A,Futbol,Lig,1. Seviye,Çekirdek,Erkek,Kulüp,Takım Sporu,İtalya,Yabancı,Yok,TV+ Var,Yıllık,Sürekli Lig,İstatistik,Bilgi,Oyuncu,Jenerik,Türkçe,Body,İstatistik,cremonese,,,,,,
orlando gill,Serie A,Futbol,Lig,1. Seviye,Çekirdek,Erkek,Kulüp,Takım Sporu,İtalya,Yabancı,Yok,TV+ Var,Yıllık,Sürekli Lig,Oyuncu Jenerik,Bilgi,Oyuncu,Jenerik,İngilizce,Head,Oyuncu Jenerik,cremonese,,,,,,
orlando gill kimdir,Serie A,Futbol,Lig,1. Seviye,Çekirdek,Erkek,Kulüp,Takım Sporu,İtalya,Yabancı,Yok,TV+ Var,Yıllık,Sürekli Lig,Oyuncu Bilgi,Bilgi,Oyuncu,Jenerik,İngilizce,Body,Oyuncu Bilgi,cremonese,,,,,,
orlando gill hangi takımda,Serie A,Futbol,Lig,1. Seviye,Çekirdek,Erkek,Kulüp,Takım Sporu,İtalya,Yabancı,Yok,TV+ Var,Yıllık,Sürekli Lig,Oyuncu Bilgi,Bilgi,Oyuncu,Jenerik,Türkçe,Body,Oyuncu Bilgi,cremonese,,,,,,
orlando gill istatistik,Serie A,Futbol,Lig,1. Seviye,Çekirdek,Erkek,Kulüp,Takım Sporu,İtalya,Yabancı,Yok,TV+ Var,Yıllık,Sürekli Lig,İstatistik,Bilgi,Oyuncu,Jenerik,İngilizce,Body,İstatistik,cremonese,,,,,,
san lorenzo de almagro,Serie A,Futbol,Lig,1. Seviye,Çekirdek,Erkek,Kulüp,Takım Sporu,İtalya,Yabancı,Yok,TV+ Var,Yıllık,Sürekli Lig,Oyuncu Jenerik,Bilgi,Oyuncu,Jenerik,İngilizce,Body,Oyuncu Jenerik,cremonese,,,,,,
san lorenzo de almagro kimdir,Serie A,Futbol,Lig,1. Seviye,Çekirdek,Erkek,Kulüp,Takım Sporu,İtalya,Yabancı,Yok,TV+ Var,Yıllık,Sürekli Lig,Oyuncu Bilgi,Bilgi,Oyuncu,Jenerik,İngilizce,Long-tail,Oyuncu Bilgi,cremonese,,,,,,
san lorenzo de almagro hangi takımda,Serie A,Futbol,Lig,1. Seviye,Çekirdek,Erkek,Kulüp,Takım Sporu,İtalya,Yabancı,Yok,TV+ Var,Yıllık,Sürekli Lig,Oyuncu Bilgi,Bilgi,Oyuncu,Jenerik,Türkçe,Long-tail,Oyuncu Bilgi,cremonese,,,,,,
san lorenzo de almagro istatistik,Serie A,Futbol,Lig,1. Seviye,Çekirdek,Erkek,Kulüp,Takım Sporu,İtalya,Yabancı,Yok,TV+ Var,Yıllık,Sürekli Lig,İstatistik,Bilgi,Oyuncu,Jenerik,İngilizce,Long-tail,İstatistik,cremonese,,,,,,
josé canale,Serie A,Futbol,Lig,1. Seviye,Çekirdek,Erkek,Kulüp,Takım Sporu,İtalya,Yabancı,Yok,TV+ Var,Yıllık,Sürekli Lig,Oyuncu Jenerik,Bilgi,Oyuncu,Jenerik,Türkçe,Head,Oyuncu Jenerik,cremonese,,,,,,
josé canale kimdir,Serie A,Futbol,Lig,1. Seviye,Çekirdek,Erkek,Kulüp,Takım Sporu,İtalya,Yabancı,Yok,TV+ Var,Yıllık,Sürekli Lig,Oyuncu Bilgi,Bilgi,Oyuncu,Jenerik,Türkçe,Body,Oyuncu Bilgi,cremonese,,,,,,
josé canale hangi takımda,Serie A,Futbol,Lig,1. Seviye,Çekirdek,Erkek,Kulüp,Takım Sporu,İtalya,Yabancı,Yok,TV+ Var,Yıllık,Sürekli Lig,Oyuncu Bilgi,Bilgi,Oyuncu,Jenerik,Türkçe,Body,Oyuncu Bilgi,cremonese,,,,,,
josé canale istatistik,Serie A,Futbol,Lig,1. Seviye,Çekirdek,Erkek,Kulüp,Takım Sporu,İtalya,Yabancı,Yok,TV+ Var,Yıllık,Sürekli Lig,İstatistik,Bilgi,Oyuncu,Jenerik,Türkçe,Body,İstatistik,cremonese,,,,,,
andrés cubas,Serie A,Futbol,Lig,1. Seviye,Çekirdek,Erkek,Kulüp,Takım Sporu,İtalya,Yabancı,Yok,TV+ Var,Yıllık,Sürekli Lig,Oyuncu Jenerik,Bilgi,Oyuncu,Jenerik,Türkçe,Head,Oyuncu Jenerik,cremonese,,,,,,
andrés cubas kimdir,Serie A,Futbol,Lig,1. Seviye,Çekirdek,Erkek,Kulüp,Takım Sporu,İtalya,Yabancı,Yok,TV+ Var,Yıllık,Sürekli Lig,Oyuncu Bilgi,Bilgi,Oyuncu,Jenerik,Türkçe,Body,Oyuncu Bilgi,cremonese,,,,,,
andrés cubas hangi takımda,Serie A,Futbol,Lig,1. Seviye,Çekirdek,Erkek,Kulüp,Takım Sporu,İtalya,Yabancı,Yok,TV+ Var,Yıllık,Sürekli Lig,Oyuncu Bilgi,Bilgi,Oyuncu,Jenerik,Türkçe,Body,Oyuncu Bilgi,cremonese,,,,,,
andrés cubas istatistik,Serie A,Futbol,Lig,1. Seviye,Çekirdek,Erkek,Kulüp,Takım Sporu,İtalya,Yabancı,Yok,TV+ Var,Yıllık,Sürekli Lig,İstatistik,Bilgi,Oyuncu,Jenerik,Türkçe,Body,İstatistik,cremonese,,,,,,
gustavo gómez,Serie A,Futbol,Lig,1. Seviye,Çekirdek,Erkek,Kulüp,Takım Sporu,İtalya,Yabancı,Yok,TV+ Var,Yıllık,Sürekli Lig,Oyuncu Jenerik,Bilgi,Oyuncu,Jenerik,Türkçe,Head,Oyuncu Jenerik,cremonese,,,,,,
gustavo gómez kimdir,Serie A,Futbol,Lig,1. Seviye,Çekirdek,Erkek,Kulüp,Takım Sporu,İtalya,Yabancı,Yok,TV+ Var,Yıllık,Sürekli Lig,Oyuncu Bilgi,Bilgi,Oyuncu,Jenerik,Türkçe,Body,Oyuncu Bilgi,cremonese,,,,,,
gustavo gómez hangi takımda,Serie A,Futbol,Lig,1. Seviye,Çekirdek,Erkek,Kulüp,Takım Sporu,İtalya,Yabancı,Yok,TV+ Var,Yıllık,Sürekli Lig,Oyuncu Bilgi,Bilgi,Oyuncu,Jenerik,Türkçe,Body,Oyuncu Bilgi,cremonese,,,,,,
gustavo gómez istatistik,Serie A,Futbol,Lig,1. Seviye,Çekirdek,Erkek,Kulüp,Takım Sporu,İtalya,Yabancı,Yok,TV+ Var,Yıllık,Sürekli Lig,İstatistik,Bilgi,Oyuncu,Jenerik,Türkçe,Body,İstatistik,cremonese,,,,,,
damián bobadilla,Serie A,Futbol,Lig,1. Seviye,Çekirdek,Erkek,Kulüp,Takım Sporu,İtalya,Yabancı,Yok,TV+ Var,Yıllık,Sürekli Lig,Oyuncu Jenerik,Bilgi,Oyuncu,Jenerik,Türkçe,Head,Oyuncu Jenerik,cremonese,,,,,,
damián bobadilla kimdir,Serie A,Futbol,Lig,1. Seviye,Çekirdek,Erkek,Kulüp,Takım Sporu,İtalya,Yabancı,Yok,TV+ Var,Yıllık,Sürekli Lig,Oyuncu Bilgi,Bilgi,Oyuncu,Jenerik,Türkçe,Body,Oyuncu Bilgi,cremonese,,,,,,
damián bobadilla hangi takımda,Serie A,Futbol,Lig,1. Seviye,Çekirdek,Erkek,Kulüp,Takım Sporu,İtalya,Yabancı,Yok,TV+ Var,Yıllık,Sürekli Lig,Oyuncu Bilgi,Bilgi,Oyuncu,Jenerik,Türkçe,Body,Oyuncu Bilgi,cremonese,,,,,,
damián bobadilla istatistik,Serie A,Futbol,Lig,1. Seviye,Çekirdek,Erkek,Kulüp,Takım Sporu,İtalya,Yabancı,Yok,TV+ Var,Yıllık,Sürekli Lig,İstatistik,Bilgi,Oyuncu,Jenerik,Türkçe,Body,İstatistik,cremonese,,,,,,
álex arce,Serie A,Futbol,Lig,1. Seviye,Çekirdek,Erkek,Kulüp,Takım Sporu,İtalya,Yabancı,Yok,TV+ Var,Yıllık,Sürekli Lig,Oyuncu Jenerik,Bilgi,Oyuncu,Jenerik,Türkçe,Head,Oyuncu Jenerik,cremonese,,,,,,
álex arce kimdir,Serie A,Futbol,Lig,1. Seviye,Çekirdek,Erkek,Kulüp,Takım Sporu,İtalya,Yabancı,Yok,TV+ Var,Yıllık,Sürekli Lig,Oyuncu Bilgi,Bilgi,Oyuncu,Jenerik,Türkçe,Body,Oyuncu Bilgi,cremonese,,,,,,
álex arce hangi takımda,Serie A,Futbol,Lig,1. Seviye,Çekirdek,Erkek,Kulüp,Takım Sporu,İtalya,Yabancı,Yok,TV+ Var,Yıllık,Sürekli Lig,Oyuncu Bilgi,Bilgi,Oyuncu,Jenerik,Türkçe,Body,Oyuncu Bilgi,cremonese,,,,,,
álex arce istatistik,Serie A,Futbol,Lig,1. Seviye,Çekirdek,Erkek,Kulüp,Takım Sporu,İtalya,Yabancı,Yok,TV+ Var,Yıllık,Sürekli Lig,İstatistik,Bilgi,Oyuncu,Jenerik,Türkçe,Body,İstatistik,cremonese,,,,,,
braian ojeda,Serie A,Futbol,Lig,1. Seviye,Çekirdek,Erkek,Kulüp,Takım Sporu,İtalya,Yabancı,Yok,TV+ Var,Yıllık,Sürekli Lig,Oyuncu Jenerik,Bilgi,Oyuncu,Jenerik,İngilizce,Head,Oyuncu Jenerik,cremonese,,,,,,
braian ojeda kimdir,Serie A,Futbol,Lig,1. Seviye,Çekirdek,Erkek,Kulüp,Takım Sporu,İtalya,Yabancı,Yok,TV+ Var,Yıllık,Sürekli Lig,Oyuncu Bilgi,Bilgi,Oyuncu,Jenerik,İngilizce,Body,Oyuncu Bilgi,cremonese,,,,,,
braian ojeda hangi takımda,Serie A,Futbol,Lig,1. Seviye,Çekirdek,Erkek,Kulüp,Takım Sporu,İtalya,Yabancı,Yok,TV+ Var,Yıllık,Sürekli Lig,Oyuncu Bilgi,Bilgi,Oyuncu,Jenerik,Türkçe,Body,Oyuncu Bilgi,cremonese,,,,,,
braian ojeda istatistik,Serie A,Futbol,Lig,1. Seviye,Çekirdek,Erkek,Kulüp,Takım Sporu,İtalya,Yabancı,Yok,TV+ Var,Yıllık,Sürekli Lig,İstatistik,Bilgi,Oyuncu,Jenerik,İngilizce,Body,İstatistik,cremonese,,,,,,
orlando city sc,Serie A,Futbol,Lig,1. Seviye,Çekirdek,Erkek,Kulüp,Takım Sporu,İtalya,Yabancı,Yok,TV+ Var,Yıllık,Sürekli Lig,Oyuncu Jenerik,Bilgi,Oyuncu,Jenerik,İngilizce,Body,Oyuncu Jenerik,cremonese,,,,,,
orlando city sc kimdir,Serie A,Futbol,Lig,1. Seviye,Çekirdek,Erkek,Kulüp,Takım Sporu,İtalya,Yabancı,Yok,TV+ Var,Yıllık,Sürekli Lig,Oyuncu Bilgi,Bilgi,Oyuncu,Jenerik,İngilizce,Body,Oyuncu Bilgi,cremonese,,,,,,
orlando city sc hangi takımda,Serie A,Futbol,Lig,1. Seviye,Çekirdek,Erkek,Kulüp,Takım Sporu,İtalya,Yabancı,Yok,TV+ Var,Yıllık,Sürekli Lig,Oyuncu Bilgi,Bilgi,Oyuncu,Jenerik,Türkçe,Long-tail,Oyuncu Bilgi,cremonese,,,,,,
orlando city sc istatistik,Serie A,Futbol,Lig,1. Seviye,Çekirdek,Erkek,Kulüp,Takım Sporu,İtalya,Yabancı,Yok,TV+ Var,Yıllık,Sürekli Lig,İstatistik,Bilgi,Oyuncu,Jenerik,İngilizce,Body,İstatistik,cremonese,,,,,,
gabriel ávalos,Serie A,Futbol,Lig,1. Seviye,Çekirdek,Erkek,Kulüp,Takım Sporu,İtalya,Yabancı,Yok,TV+ Var,Yıllık,Sürekli Lig,Oyuncu Jenerik,Bilgi,Oyuncu,Jenerik,Türkçe,Head,Oyuncu Jenerik,cremonese,,,,,,
gabriel ávalos kimdir,Serie A,Futbol,Lig,1. Seviye,Çekirdek,Erkek,Kulüp,Takım Sporu,İtalya,Yabancı,Yok,TV+ Var,Yıllık,Sürekli Lig,Oyuncu Bilgi,Bilgi,Oyuncu,Jenerik,Türkçe,Body,Oyuncu Bilgi,cremonese,,,,,,
gabriel ávalos hangi takımda,Serie A,Futbol,Lig,1. Seviye,Çekirdek,Erkek,Kulüp,Takım Sporu,İtalya,Yabancı,Yok,TV+ Var,Yıllık,Sürekli Lig,Oyuncu Bilgi,Bilgi,Oyuncu,Jenerik,Türkçe,Body,Oyuncu Bilgi,cremonese,,,,,,
gabriel ávalos istatistik,Serie A,Futbol,Lig,1. Seviye,Çekirdek,Erkek,Kulüp,Takım Sporu,İtalya,Yabancı,Yok,TV+ Var,Yıllık,Sürekli Lig,İstatistik,Bilgi,Oyuncu,Jenerik,Türkçe,Body,İstatistik,cremonese,,,,,,
gastón olveira,Serie A,Futbol,Lig,1. Seviye,Çekirdek,Erkek,Kulüp,Takım Sporu,İtalya,Yabancı,Yok,TV+ Var,Yıllık,Sürekli Lig,Oyuncu Jenerik,Bilgi,Oyuncu,Jenerik,Türkçe,Head,Oyuncu Jenerik,cremonese,,,,,,
gastón olveira kimdir,Serie A,Futbol,Lig,1. Seviye,Çekirdek,Erkek,Kulüp,Takım Sporu,İtalya,Yabancı,Yok,TV+ Var,Yıllık,Sürekli Lig,Oyuncu Bilgi,Bilgi,Oyuncu,Jenerik,Türkçe,Body,Oyuncu Bilgi,cremonese,,,,,,
gastón olveira hangi takımda,Serie A,Futbol,Lig,1. Seviye,Çekirdek,Erkek,Kulüp,Takım Sporu,İtalya,Yabancı,Yok,TV+ Var,Yıllık,Sürekli Lig,Oyuncu Bilgi,Bilgi,Oyuncu,Jenerik,Türkçe,Body,Oyuncu Bilgi,cremonese,,,,,,
gastón olveira istatistik,Serie A,Futbol,Lig,1. Seviye,Çekirdek,Erkek,Kulüp,Takım Sporu,İtalya,Yabancı,Yok,TV+ Var,Yıllık,Sürekli Lig,İstatistik,Bilgi,Oyuncu,Jenerik,Türkçe,Body,İstatistik,cremonese,,,,,,
matías galarza,Serie A,Futbol,Lig,1. Seviye,Çekirdek,Erkek,Kulüp,Takım Sporu,İtalya,Yabancı,Yok,TV+ Var,Yıllık,Sürekli Lig,Oyuncu Jenerik,Bilgi,Oyuncu,Jenerik,Türkçe,Head,Oyuncu Jenerik,cremonese,,,,,,
matías galarza kimdir,Serie A,Futbol,Lig,1. Seviye,Çekirdek,Erkek,Kulüp,Takım Sporu,İtalya,Yabancı,Yok,TV+ Var,Yıllık,Sürekli Lig,Oyuncu Bilgi,Bilgi,Oyuncu,Jenerik,Türkçe,Body,Oyuncu Bilgi,cremonese,,,,,,
matías galarza hangi takımda,Serie A,Futbol,Lig,1. Seviye,Çekirdek,Erkek,Kulüp,Takım Sporu,İtalya,Yabancı,Yok,TV+ Var,Yıllık,Sürekli Lig,Oyuncu Bilgi,Bilgi,Oyuncu,Jenerik,Türkçe,Body,Oyuncu Bilgi,cremonese,,,,,,
matías galarza istatistik,Serie A,Futbol,Lig,1. Seviye,Çekirdek,Erkek,Kulüp,Takım Sporu,İtalya,Yabancı,Yok,TV+ Var,Yıllık,Sürekli Lig,İstatistik,Bilgi,Oyuncu,Jenerik,Türkçe,Body,İstatistik,cremonese,,,,,,
gustavo caballero,Serie A,Futbol,Lig,1. Seviye,Çekirdek,Erkek,Kulüp,Takım Sporu,İtalya,Yabancı,Yok,TV+ Var,Yıllık,Sürekli Lig,Oyuncu Jenerik,Bilgi,Oyuncu,Jenerik,İngilizce,Head,Oyuncu Jenerik,cremonese,,,,,,
gustavo caballero kimdir,Serie A,Futbol,Lig,1. Seviye,Çekirdek,Erkek,Kulüp,Takım Sporu,İtalya,Yabancı,Yok,TV+ Var,Yıllık,Sürekli Lig,Oyuncu Bilgi,Bilgi,Oyuncu,Jenerik,İngilizce,Body,Oyuncu Bilgi,cremonese,,,,,,
gustavo caballero hangi takımda,Serie A,Futbol,Lig,1. Seviye,Çekirdek,Erkek,Kulüp,Takım Sporu,İtalya,Yabancı,Yok,TV+ Var,Yıllık,Sürekli Lig,Oyuncu Bilgi,Bilgi,Oyuncu,Jenerik,Türkçe,Body,Oyuncu Bilgi,cremonese,,,,,,
gustavo caballero istatistik,Serie A,Futbol,Lig,1. Seviye,Çekirdek,Erkek,Kulüp,Takım Sporu,İtalya,Yabancı,Yok,TV+ Var,Yıllık,Sürekli Lig,İstatistik,Bilgi,Oyuncu,Jenerik,İngilizce,Body,İstatistik,cremonese,,,,,,
isidro pitta,Serie A,Futbol,Lig,1. Seviye,Çekirdek,Erkek,Kulüp,Takım Sporu,İtalya,Yabancı,Yok,TV+ Var,Yıllık,Sürekli Lig,Oyuncu Jenerik,Bilgi,Oyuncu,Jenerik,İngilizce,Head,Oyuncu Jenerik,cremonese,,,,,,
isidro pitta kimdir,Serie A,Futbol,Lig,1. Seviye,Çekirdek,Erkek,Kulüp,Takım Sporu,İtalya,Yabancı,Yok,TV+ Var,Yıllık,Sürekli Lig,Oyuncu Bilgi,Bilgi,Oyuncu,Jenerik,İngilizce,Body,Oyuncu Bilgi,cremonese,,,,,,
isidro pitta hangi takımda,Serie A,Futbol,Lig,1. Seviye,Çekirdek,Erkek,Kulüp,Takım Sporu,İtalya,Yabancı,Yok,TV+ Var,Yıllık,Sürekli Lig,Oyuncu Bilgi,Bilgi,Oyuncu,Jenerik,Türkçe,Body,Oyuncu Bilgi,cremonese,,,,,,
isidro pitta istatistik,Serie A,Futbol,Lig,1. Seviye,Çekirdek,Erkek,Kulüp,Takım Sporu,İtalya,Yabancı,Yok,TV+ Var,Yıllık,Sürekli Lig,İstatistik,Bilgi,Oyuncu,Jenerik,İngilizce,Body,İstatistik,cremonese,,,,,,
red bull bragantino,Serie A,Futbol,Lig,1. Seviye,Çekirdek,Erkek,Kulüp,Takım Sporu,İtalya,Yabancı,Yok,TV+ Var,Yıllık,Sürekli Lig,Oyuncu Jenerik,Bilgi,Oyuncu,Jenerik,İngilizce,Body,Oyuncu Jenerik,cremonese,,,,,,
red bull bragantino kimdir,Serie A,Futbol,Lig,1. Seviye,Çekirdek,Erkek,Kulüp,Takım Sporu,İtalya,Yabancı,Yok,TV+ Var,Yıllık,Sürekli Lig,Oyuncu Bilgi,Bilgi,Oyuncu,Jenerik,İngilizce,Body,Oyuncu Bilgi,cremonese,,,,,,
red bull bragantino hangi takımda,Serie A,Futbol,Lig,1. Seviye,Çekirdek,Erkek,Kulüp,Takım Sporu,İtalya,Yabancı,Yok,TV+ Var,Yıllık,Sürekli Lig,Oyuncu Bilgi,Bilgi,Oyuncu,Jenerik,Türkçe,Long-tail,Oyuncu Bilgi,cremonese,,,,,,
red bull bragantino istatistik,Serie A,Futbol,Lig,1. Seviye,Çekirdek,Erkek,Kulüp,Takım Sporu,İtalya,Yabancı,Yok,TV+ Var,Yıllık,Sürekli Lig,İstatistik,Bilgi,Oyuncu,Jenerik,İngilizce,Body,İstatistik,cremonese,,,,,,
alexandro maidana,Serie A,Futbol,Lig,1. Seviye,Çekirdek,Erkek,Kulüp,Takım Sporu,İtalya,Yabancı,Yok,TV+ Var,Yıllık,Sürekli Lig,Oyuncu Jenerik,Bilgi,Oyuncu,Jenerik,İngilizce,Head,Oyuncu Jenerik,cremonese,,,,,,
alexandro maidana kimdir,Serie A,Futbol,Lig,1. Seviye,Çekirdek,Erkek,Kulüp,Takım Sporu,İtalya,Yabancı,Yok,TV+ Var,Yıllık,Sürekli Lig,Oyuncu Bilgi,Bilgi,Oyuncu,Jenerik,İngilizce,Body,Oyuncu Bilgi,cremonese,,,,,,
alexandro maidana hangi takımda,Serie A,Futbol,Lig,1. Seviye,Çekirdek,Erkek,Kulüp,Takım Sporu,İtalya,Yabancı,Yok,TV+ Var,Yıllık,Sürekli Lig,Oyuncu Bilgi,Bilgi,Oyuncu,Jenerik,Türkçe,Body,Oyuncu Bilgi,cremonese,,,,,,
alexandro maidana istatistik,Serie A,Futbol,Lig,1. Seviye,Çekirdek,Erkek,Kulüp,Takım Sporu,İtalya,Yabancı,Yok,TV+ Var,Yıllık,Sürekli Lig,İstatistik,Bilgi,Oyuncu,Jenerik,İngilizce,Body,İstatistik,cremonese,,,,,,
talleres de córdoba,Serie A,Futbol,Lig,1. Seviye,Çekirdek,Erkek,Kulüp,Takım Sporu,İtalya,Yabancı,Yok,TV+ Var,Yıllık,Sürekli Lig,Oyuncu Jenerik,Bilgi,Oyuncu,Jenerik,Türkçe,Body,Oyuncu Jenerik,cremonese,,,,,,
talleres de córdoba kimdir,Serie A,Futbol,Lig,1. Seviye,Çekirdek,Erkek,Kulüp,Takım Sporu,İtalya,Yabancı,Yok,TV+ Var,Yıllık,Sürekli Lig,Oyuncu Bilgi,Bilgi,Oyuncu,Jenerik,Türkçe,Body,Oyuncu Bilgi,cremonese,,,,,,
talleres de córdoba hangi takımda,Serie A,Futbol,Lig,1. Seviye,Çekirdek,Erkek,Kulüp,Takım Sporu,İtalya,Yabancı,Yok,TV+ Var,Yıllık,Sürekli Lig,Oyuncu Bilgi,Bilgi,Oyuncu,Jenerik,Türkçe,Long-tail,Oyuncu Bilgi,cremonese,,,,,,
talleres de córdoba istatistik,Serie A,Futbol,Lig,1. Seviye,Çekirdek,Erkek,Kulüp,Takım Sporu,İtalya,Yabancı,Yok,TV+ Var,Yıllık,Sürekli Lig,İstatistik,Bilgi,Oyuncu,Jenerik,Türkçe,Body,İstatistik,cremonese,,,,,,
lisandro martínez,Premier Lig,Futbol,Lig,1. Seviye,Çekirdek,Erkek,Kulüp,Takım Sporu,İngiltere,Yabancı,Yok,TV+ Yok,Yıllık,Sürekli Lig,Oyuncu Jenerik,Bilgi,Oyuncu,Jenerik,Türkçe,Head,Oyuncu Jenerik,manchester united,,,,,,
lisandro martínez kimdir,Premier Lig,Futbol,Lig,1. Seviye,Çekirdek,Erkek,Kulüp,Takım Sporu,İngiltere,Yabancı,Yok,TV+ Yok,Yıllık,Sürekli Lig,Oyuncu Bilgi,Bilgi,Oyuncu,Jenerik,Türkçe,Body,Oyuncu Bilgi,manchester united,,,,,,
lisandro martínez hangi takımda,Premier Lig,Futbol,Lig,1. Seviye,Çekirdek,Erkek,Kulüp,Takım Sporu,İngiltere,Yabancı,Yok,TV+ Yok,Yıllık,Sürekli Lig,Oyuncu Bilgi,Bilgi,Oyuncu,Jenerik,Türkçe,Body,Oyuncu Bilgi,manchester united,,,,,,
lisandro martínez istatistik,Premier Lig,Futbol,Lig,1. Seviye,Çekirdek,Erkek,Kulüp,Takım Sporu,İngiltere,Yabancı,Yok,TV+ Yok,Yıllık,Sürekli Lig,İstatistik,Bilgi,Oyuncu,Jenerik,Türkçe,Body,İstatistik,manchester united,,,,,,
benjamin šeško,Premier Lig,Futbol,Lig,1. Seviye,Çekirdek,Erkek,Kulüp,Takım Sporu,İngiltere,Yabancı,Yok,TV+ Yok,Yıllık,Sürekli Lig,Oyuncu Jenerik,Bilgi,Oyuncu,Jenerik,Türkçe,Head,Oyuncu Jenerik,manchester united,,,,,,
benjamin šeško kimdir,Premier Lig,Futbol,Lig,1. Seviye,Çekirdek,Erkek,Kulüp,Takım Sporu,İngiltere,Yabancı,Yok,TV+ Yok,Yıllık,Sürekli Lig,Oyuncu Bilgi,Bilgi,Oyuncu,Jenerik,Türkçe,Body,Oyuncu Bilgi,manchester united,,,,,,
benjamin šeško hangi takımda,Premier Lig,Futbol,Lig,1. Seviye,Çekirdek,Erkek,Kulüp,Takım Sporu,İngiltere,Yabancı,Yok,TV+ Yok,Yıllık,Sürekli Lig,Oyuncu Bilgi,Bilgi,Oyuncu,Jenerik,Türkçe,Body,Oyuncu Bilgi,manchester united,,,,,,
benjamin šeško istatistik,Premier Lig,Futbol,Lig,1. Seviye,Çekirdek,Erkek,Kulüp,Takım Sporu,İngiltere,Yabancı,Yok,TV+ Yok,Yıllık,Sürekli Lig,İstatistik,Bilgi,Oyuncu,Jenerik,Türkçe,Body,İstatistik,manchester united,,,,,,
rúben dias,Premier Lig,Futbol,Lig,1. Seviye,Çekirdek,Erkek,Kulüp,Takım Sporu,İngiltere,Yabancı,Yok,TV+ Yok,Yıllık,Sürekli Lig,Oyuncu Jenerik,Bilgi,Oyuncu,Jenerik,Türkçe,Head,Oyuncu Jenerik,manchester city,,,,,,
rúben dias kimdir,Premier Lig,Futbol,Lig,1. Seviye,Çekirdek,Erkek,Kulüp,Takım Sporu,İngiltere,Yabancı,Yok,TV+ Yok,Yıllık,Sürekli Lig,Oyuncu Bilgi,Bilgi,Oyuncu,Jenerik,Türkçe,Body,Oyuncu Bilgi,manchester city,,,,,,
rúben dias hangi takımda,Premier Lig,Futbol,Lig,1. Seviye,Çekirdek,Erkek,Kulüp,Takım Sporu,İngiltere,Yabancı,Yok,TV+ Yok,Yıllık,Sürekli Lig,Oyuncu Bilgi,Bilgi,Oyuncu,Jenerik,Türkçe,Body,Oyuncu Bilgi,manchester city,,,,,,
rúben dias istatistik,Premier Lig,Futbol,Lig,1. Seviye,Çekirdek,Erkek,Kulüp,Takım Sporu,İngiltere,Yabancı,Yok,TV+ Yok,Yıllık,Sürekli Lig,İstatistik,Bilgi,Oyuncu,Jenerik,Türkçe,Body,İstatistik,manchester city,,,,,,
mateo kovačić,Premier Lig,Futbol,Lig,1. Seviye,Çekirdek,Erkek,Kulüp,Takım Sporu,İngiltere,Yabancı,Yok,TV+ Yok,Yıllık,Sürekli Lig,Oyuncu Jenerik,Bilgi,Oyuncu,Jenerik,Türkçe,Head,Oyuncu Jenerik,manchester city,,,,,,
mateo kovačić kimdir,Premier Lig,Futbol,Lig,1. Seviye,Çekirdek,Erkek,Kulüp,Takım Sporu,İngiltere,Yabancı,Yok,TV+ Yok,Yıllık,Sürekli Lig,Oyuncu Bilgi,Bilgi,Oyuncu,Jenerik,Türkçe,Body,Oyuncu Bilgi,manchester city,,,,,,
mateo kovačić hangi takımda,Premier Lig,Futbol,Lig,1. Seviye,Çekirdek,Erkek,Kulüp,Takım Sporu,İngiltere,Yabancı,Yok,TV+ Yok,Yıllık,Sürekli Lig,Oyuncu Bilgi,Bilgi,Oyuncu,Jenerik,Türkçe,Body,Oyuncu Bilgi,manchester city,,,,,,
mateo kovačić istatistik,Premier Lig,Futbol,Lig,1. Seviye,Çekirdek,Erkek,Kulüp,Takım Sporu,İngiltere,Yabancı,Yok,TV+ Yok,Yıllık,Sürekli Lig,İstatistik,Bilgi,Oyuncu,Jenerik,Türkçe,Body,İstatistik,manchester city,,,,,,
jérémy doku,Premier Lig,Futbol,Lig,1. Seviye,Çekirdek,Erkek,Kulüp,Takım Sporu,İngiltere,Yabancı,Yok,TV+ Yok,Yıllık,Sürekli Lig,Oyuncu Jenerik,Bilgi,Oyuncu,Jenerik,Türkçe,Head,Oyuncu Jenerik,manchester city,,,,,,
jérémy doku kimdir,Premier Lig,Futbol,Lig,1. Seviye,Çekirdek,Erkek,Kulüp,Takım Sporu,İngiltere,Yabancı,Yok,TV+ Yok,Yıllık,Sürekli Lig,Oyuncu Bilgi,Bilgi,Oyuncu,Jenerik,Türkçe,Body,Oyuncu Bilgi,manchester city,,,,,,
jérémy doku hangi takımda,Premier Lig,Futbol,Lig,1. Seviye,Çekirdek,Erkek,Kulüp,Takım Sporu,İngiltere,Yabancı,Yok,TV+ Yok,Yıllık,Sürekli Lig,Oyuncu Bilgi,Bilgi,Oyuncu,Jenerik,Türkçe,Body,Oyuncu Bilgi,manchester city,,,,,,
jérémy doku istatistik,Premier Lig,Futbol,Lig,1. Seviye,Çekirdek,Erkek,Kulüp,Takım Sporu,İngiltere,Yabancı,Yok,TV+ Yok,Yıllık,Sürekli Lig,İstatistik,Bilgi,Oyuncu,Jenerik,Türkçe,Body,İstatistik,manchester city,,,,,,
nico gonzález,Premier Lig,Futbol,Lig,1. Seviye,Çekirdek,Erkek,Kulüp,Takım Sporu,İngiltere,Yabancı,Yok,TV+ Yok,Yıllık,Sürekli Lig,Oyuncu Jenerik,Bilgi,Oyuncu,Jenerik,Türkçe,Head,Oyuncu Jenerik,manchester city,,,,,,
nico gonzález kimdir,Premier Lig,Futbol,Lig,1. Seviye,Çekirdek,Erkek,Kulüp,Takım Sporu,İngiltere,Yabancı,Yok,TV+ Yok,Yıllık,Sürekli Lig,Oyuncu Bilgi,Bilgi,Oyuncu,Jenerik,Türkçe,Body,Oyuncu Bilgi,manchester city,,,,,,
nico gonzález hangi takımda,Premier Lig,Futbol,Lig,1. Seviye,Çekirdek,Erkek,Kulüp,Takım Sporu,İngiltere,Yabancı,Yok,TV+ Yok,Yıllık,Sürekli Lig,Oyuncu Bilgi,Bilgi,Oyuncu,Jenerik,Türkçe,Body,Oyuncu Bilgi,manchester city,,,,,,
nico gonzález istatistik,Premier Lig,Futbol,Lig,1. Seviye,Çekirdek,Erkek,Kulüp,Takım Sporu,İngiltere,Yabancı,Yok,TV+ Yok,Yıllık,Sürekli Lig,İstatistik,Bilgi,Oyuncu,Jenerik,Türkçe,Body,İstatistik,manchester city,,,,,,
rayan aït-nouri,Premier Lig,Futbol,Lig,1. Seviye,Çekirdek,Erkek,Kulüp,Takım Sporu,İngiltere,Yabancı,Yok,TV+ Yok,Yıllık,Sürekli Lig,Oyuncu Jenerik,Bilgi,Oyuncu,Jenerik,Türkçe,Head,Oyuncu Jenerik,manchester city,,,,,,
rayan aït-nouri kimdir,Premier Lig,Futbol,Lig,1. Seviye,Çekirdek,Erkek,Kulüp,Takım Sporu,İngiltere,Yabancı,Yok,TV+ Yok,Yıllık,Sürekli Lig,Oyuncu Bilgi,Bilgi,Oyuncu,Jenerik,Türkçe,Body,Oyuncu Bilgi,manchester city,,,,,,
rayan aït-nouri hangi takımda,Premier Lig,Futbol,Lig,1. Seviye,Çekirdek,Erkek,Kulüp,Takım Sporu,İngiltere,Yabancı,Yok,TV+ Yok,Yıllık,Sürekli Lig,Oyuncu Bilgi,Bilgi,Oyuncu,Jenerik,Türkçe,Body,Oyuncu Bilgi,manchester city,,,,,,
rayan aït-nouri istatistik,Premier Lig,Futbol,Lig,1. Seviye,Çekirdek,Erkek,Kulüp,Takım Sporu,İngiltere,Yabancı,Yok,TV+ Yok,Yıllık,Sürekli Lig,İstatistik,Bilgi,Oyuncu,Jenerik,Türkçe,Body,İstatistik,manchester city,,,,,,
joško gvardiol,Premier Lig,Futbol,Lig,1. Seviye,Çekirdek,Erkek,Kulüp,Takım Sporu,İngiltere,Yabancı,Yok,TV+ Yok,Yıllık,Sürekli Lig,Oyuncu Jenerik,Bilgi,Oyuncu,Jenerik,Türkçe,Head,Oyuncu Jenerik,manchester city,,,,,,
joško gvardiol kimdir,Premier Lig,Futbol,Lig,1. Seviye,Çekirdek,Erkek,Kulüp,Takım Sporu,İngiltere,Yabancı,Yok,TV+ Yok,Yıllık,Sürekli Lig,Oyuncu Bilgi,Bilgi,Oyuncu,Jenerik,Türkçe,Body,Oyuncu Bilgi,manchester city,,,,,,
joško gvardiol hangi takımda,Premier Lig,Futbol,Lig,1. Seviye,Çekirdek,Erkek,Kulüp,Takım Sporu,İngiltere,Yabancı,Yok,TV+ Yok,Yıllık,Sürekli Lig,Oyuncu Bilgi,Bilgi,Oyuncu,Jenerik,Türkçe,Body,Oyuncu Bilgi,manchester city,,,,,,
joško gvardiol istatistik,Premier Lig,Futbol,Lig,1. Seviye,Çekirdek,Erkek,Kulüp,Takım Sporu,İngiltere,Yabancı,Yok,TV+ Yok,Yıllık,Sürekli Lig,İstatistik,Bilgi,Oyuncu,Jenerik,Türkçe,Body,İstatistik,manchester city,,,,,,
ibrahima konaté,Premier Lig,Futbol,Lig,1. Seviye,Çekirdek,Erkek,Kulüp,Takım Sporu,İngiltere,Yabancı,Yok,TV+ Yok,Yıllık,Sürekli Lig,Oyuncu Jenerik,Bilgi,Oyuncu,Jenerik,Türkçe,Head,Oyuncu Jenerik,liverpool,,,,,,
ibrahima konaté kimdir,Premier Lig,Futbol,Lig,1. Seviye,Çekirdek,Erkek,Kulüp,Takım Sporu,İngiltere,Yabancı,Yok,TV+ Yok,Yıllık,Sürekli Lig,Oyuncu Bilgi,Bilgi,Oyuncu,Jenerik,Türkçe,Body,Oyuncu Bilgi,liverpool,,,,,,
ibrahima konaté hangi takımda,Premier Lig,Futbol,Lig,1. Seviye,Çekirdek,Erkek,Kulüp,Takım Sporu,İngiltere,Yabancı,Yok,TV+ Yok,Yıllık,Sürekli Lig,Oyuncu Bilgi,Bilgi,Oyuncu,Jenerik,Türkçe,Body,Oyuncu Bilgi,liverpool,,,,,,
ibrahima konaté istatistik,Premier Lig,Futbol,Lig,1. Seviye,Çekirdek,Erkek,Kulüp,Takım Sporu,İngiltere,Yabancı,Yok,TV+ Yok,Yıllık,Sürekli Lig,İstatistik,Bilgi,Oyuncu,Jenerik,Türkçe,Body,İstatistik,liverpool,,,,,,
ud las palmas,Premier Lig,Futbol,Lig,1. Seviye,Çekirdek,Erkek,Kulüp,Takım Sporu,İngiltere,Yabancı,Yok,TV+ Yok,Yıllık,Sürekli Lig,Oyuncu Jenerik,Bilgi,Oyuncu,Jenerik,İngilizce,Body,Oyuncu Jenerik,liverpool,,,,,,
ud las palmas kimdir,Premier Lig,Futbol,Lig,1. Seviye,Çekirdek,Erkek,Kulüp,Takım Sporu,İngiltere,Yabancı,Yok,TV+ Yok,Yıllık,Sürekli Lig,Oyuncu Bilgi,Bilgi,Oyuncu,Jenerik,İngilizce,Body,Oyuncu Bilgi,liverpool,,,,,,
ud las palmas hangi takımda,Premier Lig,Futbol,Lig,1. Seviye,Çekirdek,Erkek,Kulüp,Takım Sporu,İngiltere,Yabancı,Yok,TV+ Yok,Yıllık,Sürekli Lig,Oyuncu Bilgi,Bilgi,Oyuncu,Jenerik,Türkçe,Long-tail,Oyuncu Bilgi,liverpool,,,,,,
ud las palmas istatistik,Premier Lig,Futbol,Lig,1. Seviye,Çekirdek,Erkek,Kulüp,Takım Sporu,İngiltere,Yabancı,Yok,TV+ Yok,Yıllık,Sürekli Lig,İstatistik,Bilgi,Oyuncu,Jenerik,İngilizce,Body,İstatistik,liverpool,,,,,,
piero hincapié,Premier Lig,Futbol,Lig,1. Seviye,Çekirdek,Erkek,Kulüp,Takım Sporu,İngiltere,Yabancı,Yok,TV+ Yok,Yıllık,Sürekli Lig,Oyuncu Jenerik,Bilgi,Oyuncu,Jenerik,Türkçe,Head,Oyuncu Jenerik,arsenal,,,,,,
piero hincapié kimdir,Premier Lig,Futbol,Lig,1. Seviye,Çekirdek,Erkek,Kulüp,Takım Sporu,İngiltere,Yabancı,Yok,TV+ Yok,Yıllık,Sürekli Lig,Oyuncu Bilgi,Bilgi,Oyuncu,Jenerik,Türkçe,Body,Oyuncu Bilgi,arsenal,,,,,,
piero hincapié hangi takımda,Premier Lig,Futbol,Lig,1. Seviye,Çekirdek,Erkek,Kulüp,Takım Sporu,İngiltere,Yabancı,Yok,TV+ Yok,Yıllık,Sürekli Lig,Oyuncu Bilgi,Bilgi,Oyuncu,Jenerik,Türkçe,Body,Oyuncu Bilgi,arsenal,,,,,,
piero hincapié istatistik,Premier Lig,Futbol,Lig,1. Seviye,Çekirdek,Erkek,Kulüp,Takım Sporu,İngiltere,Yabancı,Yok,TV+ Yok,Yıllık,Sürekli Lig,İstatistik,Bilgi,Oyuncu,Jenerik,Türkçe,Body,İstatistik,arsenal,,,,,,
gabriel magalhães,Premier Lig,Futbol,Lig,1. Seviye,Çekirdek,Erkek,Kulüp,Takım Sporu,İngiltere,Yabancı,Yok,TV+ Yok,Yıllık,Sürekli Lig,Oyuncu Jenerik,Bilgi,Oyuncu,Jenerik,Türkçe,Head,Oyuncu Jenerik,arsenal,,,,,,
gabriel magalhães kimdir,Premier Lig,Futbol,Lig,1. Seviye,Çekirdek,Erkek,Kulüp,Takım Sporu,İngiltere,Yabancı,Yok,TV+ Yok,Yıllık,Sürekli Lig,Oyuncu Bilgi,Bilgi,Oyuncu,Jenerik,Türkçe,Body,Oyuncu Bilgi,arsenal,,,,,,
gabriel magalhães hangi takımda,Premier Lig,Futbol,Lig,1. Seviye,Çekirdek,Erkek,Kulüp,Takım Sporu,İngiltere,Yabancı,Yok,TV+ Yok,Yıllık,Sürekli Lig,Oyuncu Bilgi,Bilgi,Oyuncu,Jenerik,Türkçe,Body,Oyuncu Bilgi,arsenal,,,,,,
gabriel magalhães istatistik,Premier Lig,Futbol,Lig,1. Seviye,Çekirdek,Erkek,Kulüp,Takım Sporu,İngiltere,Yabancı,Yok,TV+ Yok,Yıllık,Sürekli Lig,İstatistik,Bilgi,Oyuncu,Jenerik,Türkçe,Body,İstatistik,arsenal,,,,,,
jurriën timber,Premier Lig,Futbol,Lig,1. Seviye,Çekirdek,Erkek,Kulüp,Takım Sporu,İngiltere,Yabancı,Yok,TV+ Yok,Yıllık,Sürekli Lig,Oyuncu Jenerik,Bilgi,Oyuncu,Jenerik,Türkçe,Head,Oyuncu Jenerik,arsenal,,,,,,
jurriën timber kimdir,Premier Lig,Futbol,Lig,1. Seviye,Çekirdek,Erkek,Kulüp,Takım Sporu,İngiltere,Yabancı,Yok,TV+ Yok,Yıllık,Sürekli Lig,Oyuncu Bilgi,Bilgi,Oyuncu,Jenerik,Türkçe,Body,Oyuncu Bilgi,arsenal,,,,,,
jurriën timber hangi takımda,Premier Lig,Futbol,Lig,1. Seviye,Çekirdek,Erkek,Kulüp,Takım Sporu,İngiltere,Yabancı,Yok,TV+ Yok,Yıllık,Sürekli Lig,Oyuncu Bilgi,Bilgi,Oyuncu,Jenerik,Türkçe,Body,Oyuncu Bilgi,arsenal,,,,,,
jurriën timber istatistik,Premier Lig,Futbol,Lig,1. Seviye,Çekirdek,Erkek,Kulüp,Takım Sporu,İngiltere,Yabancı,Yok,TV+ Yok,Yıllık,Sürekli Lig,İstatistik,Bilgi,Oyuncu,Jenerik,Türkçe,Body,İstatistik,arsenal,,,,,,
martín zubimendi,Premier Lig,Futbol,Lig,1. Seviye,Çekirdek,Erkek,Kulüp,Takım Sporu,İngiltere,Yabancı,Yok,TV+ Yok,Yıllık,Sürekli Lig,Oyuncu Jenerik,Bilgi,Oyuncu,Jenerik,Türkçe,Head,Oyuncu Jenerik,arsenal,,,,,,
martín zubimendi kimdir,Premier Lig,Futbol,Lig,1. Seviye,Çekirdek,Erkek,Kulüp,Takım Sporu,İngiltere,Yabancı,Yok,TV+ Yok,Yıllık,Sürekli Lig,Oyuncu Bilgi,Bilgi,Oyuncu,Jenerik,Türkçe,Body,Oyuncu Bilgi,arsenal,,,,,,
martín zubimendi hangi takımda,Premier Lig,Futbol,Lig,1. Seviye,Çekirdek,Erkek,Kulüp,Takım Sporu,İngiltere,Yabancı,Yok,TV+ Yok,Yıllık,Sürekli Lig,Oyuncu Bilgi,Bilgi,Oyuncu,Jenerik,Türkçe,Body,Oyuncu Bilgi,arsenal,,,,,,
martín zubimendi istatistik,Premier Lig,Futbol,Lig,1. Seviye,Çekirdek,Erkek,Kulüp,Takım Sporu,İngiltere,Yabancı,Yok,TV+ Yok,Yıllık,Sürekli Lig,İstatistik,Bilgi,Oyuncu,Jenerik,Türkçe,Body,İstatistik,arsenal,,,,,,
robert sánchez,Premier Lig,Futbol,Lig,1. Seviye,Çekirdek,Erkek,Kulüp,Takım Sporu,İngiltere,Yabancı,Yok,TV+ Yok,Yıllık,Sürekli Lig,Oyuncu Jenerik,Bilgi,Oyuncu,Jenerik,Türkçe,Head,Oyuncu Jenerik,chelsea,,,,,,
robert sánchez kimdir,Premier Lig,Futbol,Lig,1. Seviye,Çekirdek,Erkek,Kulüp,Takım Sporu,İngiltere,Yabancı,Yok,TV+ Yok,Yıllık,Sürekli Lig,Oyuncu Bilgi,Bilgi,Oyuncu,Jenerik,Türkçe,Body,Oyuncu Bilgi,chelsea,,,,,,
robert sánchez hangi takımda,Premier Lig,Futbol,Lig,1. Seviye,Çekirdek,Erkek,Kulüp,Takım Sporu,İngiltere,Yabancı,Yok,TV+ Yok,Yıllık,Sürekli Lig,Oyuncu Bilgi,Bilgi,Oyuncu,Jenerik,Türkçe,Body,Oyuncu Bilgi,chelsea,,,,,,
robert sánchez istatistik,Premier Lig,Futbol,Lig,1. Seviye,Çekirdek,Erkek,Kulüp,Takım Sporu,İngiltere,Yabancı,Yok,TV+ Yok,Yıllık,Sürekli Lig,İstatistik,Bilgi,Oyuncu,Jenerik,Türkçe,Body,İstatistik,chelsea,,,,,,
benoît badiashile,Premier Lig,Futbol,Lig,1. Seviye,Çekirdek,Erkek,Kulüp,Takım Sporu,İngiltere,Yabancı,Yok,TV+ Yok,Yıllık,Sürekli Lig,Oyuncu Jenerik,Bilgi,Oyuncu,Jenerik,Türkçe,Head,Oyuncu Jenerik,chelsea,,,,,,
benoît badiashile kimdir,Premier Lig,Futbol,Lig,1. Seviye,Çekirdek,Erkek,Kulüp,Takım Sporu,İngiltere,Yabancı,Yok,TV+ Yok,Yıllık,Sürekli Lig,Oyuncu Bilgi,Bilgi,Oyuncu,Jenerik,Türkçe,Body,Oyuncu Bilgi,chelsea,,,,,,
benoît badiashile hangi takımda,Premier Lig,Futbol,Lig,1. Seviye,Çekirdek,Erkek,Kulüp,Takım Sporu,İngiltere,Yabancı,Yok,TV+ Yok,Yıllık,Sürekli Lig,Oyuncu Bilgi,Bilgi,Oyuncu,Jenerik,Türkçe,Body,Oyuncu Bilgi,chelsea,,,,,,
benoît badiashile istatistik,Premier Lig,Futbol,Lig,1. Seviye,Çekirdek,Erkek,Kulüp,Takım Sporu,İngiltere,Yabancı,Yok,TV+ Yok,Yıllık,Sürekli Lig,İstatistik,Bilgi,Oyuncu,Jenerik,Türkçe,Body,İstatistik,chelsea,,,,,,
enzo fernández,Premier Lig,Futbol,Lig,1. Seviye,Çekirdek,Erkek,Kulüp,Takım Sporu,İngiltere,Yabancı,Yok,TV+ Yok,Yıllık,Sürekli Lig,Oyuncu Jenerik,Bilgi,Oyuncu,Jenerik,Türkçe,Head,Oyuncu Jenerik,chelsea,,,,,,
enzo fernández kimdir,Premier Lig,Futbol,Lig,1. Seviye,Çekirdek,Erkek,Kulüp,Takım Sporu,İngiltere,Yabancı,Yok,TV+ Yok,Yıllık,Sürekli Lig,Oyuncu Bilgi,Bilgi,Oyuncu,Jenerik,Türkçe,Body,Oyuncu Bilgi,chelsea,,,,,,
enzo fernández hangi takımda,Premier Lig,Futbol,Lig,1. Seviye,Çekirdek,Erkek,Kulüp,Takım Sporu,İngiltere,Yabancı,Yok,TV+ Yok,Yıllık,Sürekli Lig,Oyuncu Bilgi,Bilgi,Oyuncu,Jenerik,Türkçe,Body,Oyuncu Bilgi,chelsea,,,,,,
enzo fernández istatistik,Premier Lig,Futbol,Lig,1. Seviye,Çekirdek,Erkek,Kulüp,Takım Sporu,İngiltere,Yabancı,Yok,TV+ Yok,Yıllık,Sürekli Lig,İstatistik,Bilgi,Oyuncu,Jenerik,Türkçe,Body,İstatistik,chelsea,,,,,,
joão pedro,Premier Lig,Futbol,Lig,1. Seviye,Çekirdek,Erkek,Kulüp,Takım Sporu,İngiltere,Yabancı,Yok,TV+ Yok,Yıllık,Sürekli Lig,Oyuncu Jenerik,Bilgi,Oyuncu,Jenerik,Türkçe,Head,Oyuncu Jenerik,chelsea,,,,,,
joão pedro kimdir,Premier Lig,Futbol,Lig,1. Seviye,Çekirdek,Erkek,Kulüp,Takım Sporu,İngiltere,Yabancı,Yok,TV+ Yok,Yıllık,Sürekli Lig,Oyuncu Bilgi,Bilgi,Oyuncu,Jenerik,Türkçe,Body,Oyuncu Bilgi,chelsea,,,,,,
joão pedro hangi takımda,Premier Lig,Futbol,Lig,1. Seviye,Çekirdek,Erkek,Kulüp,Takım Sporu,İngiltere,Yabancı,Yok,TV+ Yok,Yıllık,Sürekli Lig,Oyuncu Bilgi,Bilgi,Oyuncu,Jenerik,Türkçe,Body,Oyuncu Bilgi,chelsea,,,,,,
joão pedro istatistik,Premier Lig,Futbol,Lig,1. Seviye,Çekirdek,Erkek,Kulüp,Takım Sporu,İngiltere,Yabancı,Yok,TV+ Yok,Yıllık,Sürekli Lig,İstatistik,Bilgi,Oyuncu,Jenerik,Türkçe,Body,İstatistik,chelsea,,,,,,
moisés caicedo,Premier Lig,Futbol,Lig,1. Seviye,Çekirdek,Erkek,Kulüp,Takım Sporu,İngiltere,Yabancı,Yok,TV+ Yok,Yıllık,Sürekli Lig,Oyuncu Jenerik,Bilgi,Oyuncu,Jenerik,Türkçe,Head,Oyuncu Jenerik,chelsea,,,,,,
moisés caicedo kimdir,Premier Lig,Futbol,Lig,1. Seviye,Çekirdek,Erkek,Kulüp,Takım Sporu,İngiltere,Yabancı,Yok,TV+ Yok,Yıllık,Sürekli Lig,Oyuncu Bilgi,Bilgi,Oyuncu,Jenerik,Türkçe,Body,Oyuncu Bilgi,chelsea,,,,,,
moisés caicedo hangi takımda,Premier Lig,Futbol,Lig,1. Seviye,Çekirdek,Erkek,Kulüp,Takım Sporu,İngiltere,Yabancı,Yok,TV+ Yok,Yıllık,Sürekli Lig,Oyuncu Bilgi,Bilgi,Oyuncu,Jenerik,Türkçe,Body,Oyuncu Bilgi,chelsea,,,,,,
moisés caicedo istatistik,Premier Lig,Futbol,Lig,1. Seviye,Çekirdek,Erkek,Kulüp,Takım Sporu,İngiltere,Yabancı,Yok,TV+ Yok,Yıllık,Sürekli Lig,İstatistik,Bilgi,Oyuncu,Jenerik,Türkçe,Body,İstatistik,chelsea,,,,,,
estêvão willian,Premier Lig,Futbol,Lig,1. Seviye,Çekirdek,Erkek,Kulüp,Takım Sporu,İngiltere,Yabancı,Yok,TV+ Yok,Yıllık,Sürekli Lig,Oyuncu Jenerik,Bilgi,Oyuncu,Jenerik,Türkçe,Head,Oyuncu Jenerik,chelsea,,,,,,
estêvão willian kimdir,Premier Lig,Futbol,Lig,1. Seviye,Çekirdek,Erkek,Kulüp,Takım Sporu,İngiltere,Yabancı,Yok,TV+ Yok,Yıllık,Sürekli Lig,Oyuncu Bilgi,Bilgi,Oyuncu,Jenerik,Türkçe,Body,Oyuncu Bilgi,chelsea,,,,,,
estêvão willian hangi takımda,Premier Lig,Futbol,Lig,1. Seviye,Çekirdek,Erkek,Kulüp,Takım Sporu,İngiltere,Yabancı,Yok,TV+ Yok,Yıllık,Sürekli Lig,Oyuncu Bilgi,Bilgi,Oyuncu,Jenerik,Türkçe,Body,Oyuncu Bilgi,chelsea,,,,,,
estêvão willian istatistik,Premier Lig,Futbol,Lig,1. Seviye,Çekirdek,Erkek,Kulüp,Takım Sporu,İngiltere,Yabancı,Yok,TV+ Yok,Yıllık,Sürekli Lig,İstatistik,Bilgi,Oyuncu,Jenerik,Türkçe,Body,İstatistik,chelsea,,,,,,
roméo lavia,Premier Lig,Futbol,Lig,1. Seviye,Çekirdek,Erkek,Kulüp,Takım Sporu,İngiltere,Yabancı,Yok,TV+ Yok,Yıllık,Sürekli Lig,Oyuncu Jenerik,Bilgi,Oyuncu,Jenerik,Türkçe,Head,Oyuncu Jenerik,chelsea,,,,,,
roméo lavia kimdir,Premier Lig,Futbol,Lig,1. Seviye,Çekirdek,Erkek,Kulüp,Takım Sporu,İngiltere,Yabancı,Yok,TV+ Yok,Yıllık,Sürekli Lig,Oyuncu Bilgi,Bilgi,Oyuncu,Jenerik,Türkçe,Body,Oyuncu Bilgi,chelsea,,,,,,
roméo lavia hangi takımda,Premier Lig,Futbol,Lig,1. Seviye,Çekirdek,Erkek,Kulüp,Takım Sporu,İngiltere,Yabancı,Yok,TV+ Yok,Yıllık,Sürekli Lig,Oyuncu Bilgi,Bilgi,Oyuncu,Jenerik,Türkçe,Body,Oyuncu Bilgi,chelsea,,,,,,
roméo lavia istatistik,Premier Lig,Futbol,Lig,1. Seviye,Çekirdek,Erkek,Kulüp,Takım Sporu,İngiltere,Yabancı,Yok,TV+ Yok,Yıllık,Sürekli Lig,İstatistik,Bilgi,Oyuncu,Jenerik,Türkçe,Body,İstatistik,chelsea,,,,,,
fabian schär,Premier Lig,Futbol,Lig,1. Seviye,Çekirdek,Erkek,Kulüp,Takım Sporu,İngiltere,Yabancı,Yok,TV+ Yok,Yıllık,Sürekli Lig,Oyuncu Jenerik,Bilgi,Oyuncu,Jenerik,Türkçe,Head,Oyuncu Jenerik,newcastle,,,,,,
fabian schär kimdir,Premier Lig,Futbol,Lig,1. Seviye,Çekirdek,Erkek,Kulüp,Takım Sporu,İngiltere,Yabancı,Yok,TV+ Yok,Yıllık,Sürekli Lig,Oyuncu Bilgi,Bilgi,Oyuncu,Jenerik,Türkçe,Body,Oyuncu Bilgi,newcastle,,,,,,
fabian schär hangi takımda,Premier Lig,Futbol,Lig,1. Seviye,Çekirdek,Erkek,Kulüp,Takım Sporu,İngiltere,Yabancı,Yok,TV+ Yok,Yıllık,Sürekli Lig,Oyuncu Bilgi,Bilgi,Oyuncu,Jenerik,Türkçe,Body,Oyuncu Bilgi,newcastle,,,,,,
fabian schär istatistik,Premier Lig,Futbol,Lig,1. Seviye,Çekirdek,Erkek,Kulüp,Takım Sporu,İngiltere,Yabancı,Yok,TV+ Yok,Yıllık,Sürekli Lig,İstatistik,Bilgi,Oyuncu,Jenerik,Türkçe,Body,İstatistik,newcastle,,,,,,
bazoumana touré,Premier Lig,Futbol,Lig,1. Seviye,Çekirdek,Erkek,Kulüp,Takım Sporu,İngiltere,Yabancı,Yok,TV+ Yok,Yıllık,Sürekli Lig,Oyuncu Jenerik,Bilgi,Oyuncu,Jenerik,Türkçe,Head,Oyuncu Jenerik,newcastle,,,,,,
bazoumana touré kimdir,Premier Lig,Futbol,Lig,1. Seviye,Çekirdek,Erkek,Kulüp,Takım Sporu,İngiltere,Yabancı,Yok,TV+ Yok,Yıllık,Sürekli Lig,Oyuncu Bilgi,Bilgi,Oyuncu,Jenerik,Türkçe,Body,Oyuncu Bilgi,newcastle,,,,,,
bazoumana touré hangi takımda,Premier Lig,Futbol,Lig,1. Seviye,Çekirdek,Erkek,Kulüp,Takım Sporu,İngiltere,Yabancı,Yok,TV+ Yok,Yıllık,Sürekli Lig,Oyuncu Bilgi,Bilgi,Oyuncu,Jenerik,Türkçe,Body,Oyuncu Bilgi,newcastle,,,,,,
bazoumana touré istatistik,Premier Lig,Futbol,Lig,1. Seviye,Çekirdek,Erkek,Kulüp,Takım Sporu,İngiltere,Yabancı,Yok,TV+ Yok,Yıllık,Sürekli Lig,İstatistik,Bilgi,Oyuncu,Jenerik,Türkçe,Body,İstatistik,newcastle,,,,,,
lukáš horníček,Premier Lig,Futbol,Lig,1. Seviye,Çekirdek,Erkek,Kulüp,Takım Sporu,İngiltere,Yabancı,Yok,TV+ Yok,Yıllık,Sürekli Lig,Oyuncu Jenerik,Bilgi,Oyuncu,Jenerik,Türkçe,Head,Oyuncu Jenerik,newcastle,,,,,,
lukáš horníček kimdir,Premier Lig,Futbol,Lig,1. Seviye,Çekirdek,Erkek,Kulüp,Takım Sporu,İngiltere,Yabancı,Yok,TV+ Yok,Yıllık,Sürekli Lig,Oyuncu Bilgi,Bilgi,Oyuncu,Jenerik,Türkçe,Body,Oyuncu Bilgi,newcastle,,,,,,
lukáš horníček hangi takımda,Premier Lig,Futbol,Lig,1. Seviye,Çekirdek,Erkek,Kulüp,Takım Sporu,İngiltere,Yabancı,Yok,TV+ Yok,Yıllık,Sürekli Lig,Oyuncu Bilgi,Bilgi,Oyuncu,Jenerik,Türkçe,Body,Oyuncu Bilgi,newcastle,,,,,,
lukáš horníček istatistik,Premier Lig,Futbol,Lig,1. Seviye,Çekirdek,Erkek,Kulüp,Takım Sporu,İngiltere,Yabancı,Yok,TV+ Yok,Yıllık,Sürekli Lig,İstatistik,Bilgi,Oyuncu,Jenerik,Türkçe,Body,İstatistik,newcastle,,,,,,
amar dedić,Premier Lig,Futbol,Lig,1. Seviye,Çekirdek,Erkek,Kulüp,Takım Sporu,İngiltere,Yabancı,Yok,TV+ Yok,Yıllık,Sürekli Lig,Oyuncu Jenerik,Bilgi,Oyuncu,Jenerik,Türkçe,Head,Oyuncu Jenerik,newcastle,,,,,,
amar dedić kimdir,Premier Lig,Futbol,Lig,1. Seviye,Çekirdek,Erkek,Kulüp,Takım Sporu,İngiltere,Yabancı,Yok,TV+ Yok,Yıllık,Sürekli Lig,Oyuncu Bilgi,Bilgi,Oyuncu,Jenerik,Türkçe,Body,Oyuncu Bilgi,newcastle,,,,,,
amar dedić hangi takımda,Premier Lig,Futbol,Lig,1. Seviye,Çekirdek,Erkek,Kulüp,Takım Sporu,İngiltere,Yabancı,Yok,TV+ Yok,Yıllık,Sürekli Lig,Oyuncu Bilgi,Bilgi,Oyuncu,Jenerik,Türkçe,Body,Oyuncu Bilgi,newcastle,,,,,,
amar dedić istatistik,Premier Lig,Futbol,Lig,1. Seviye,Çekirdek,Erkek,Kulüp,Takım Sporu,İngiltere,Yabancı,Yok,TV+ Yok,Yıllık,Sürekli Lig,İstatistik,Bilgi,Oyuncu,Jenerik,Türkçe,Body,İstatistik,newcastle,,,,,,
emiliano buendía,Premier Lig,Futbol,Lig,1. Seviye,Çekirdek,Erkek,Kulüp,Takım Sporu,İngiltere,Yabancı,Yok,TV+ Yok,Yıllık,Sürekli Lig,Oyuncu Jenerik,Bilgi,Oyuncu,Jenerik,Türkçe,Head,Oyuncu Jenerik,aston villa,,,,,,
emiliano buendía kimdir,Premier Lig,Futbol,Lig,1. Seviye,Çekirdek,Erkek,Kulüp,Takım Sporu,İngiltere,Yabancı,Yok,TV+ Yok,Yıllık,Sürekli Lig,Oyuncu Bilgi,Bilgi,Oyuncu,Jenerik,Türkçe,Body,Oyuncu Bilgi,aston villa,,,,,,
emiliano buendía hangi takımda,Premier Lig,Futbol,Lig,1. Seviye,Çekirdek,Erkek,Kulüp,Takım Sporu,İngiltere,Yabancı,Yok,TV+ Yok,Yıllık,Sürekli Lig,Oyuncu Bilgi,Bilgi,Oyuncu,Jenerik,Türkçe,Body,Oyuncu Bilgi,aston villa,,,,,,
emiliano buendía istatistik,Premier Lig,Futbol,Lig,1. Seviye,Çekirdek,Erkek,Kulüp,Takım Sporu,İngiltere,Yabancı,Yok,TV+ Yok,Yıllık,Sürekli Lig,İstatistik,Bilgi,Oyuncu,Jenerik,Türkçe,Body,İstatistik,aston villa,,,,,,
emiliano martínez,Premier Lig,Futbol,Lig,1. Seviye,Çekirdek,Erkek,Kulüp,Takım Sporu,İngiltere,Yabancı,Yok,TV+ Yok,Yıllık,Sürekli Lig,Oyuncu Jenerik,Bilgi,Oyuncu,Jenerik,Türkçe,Head,Oyuncu Jenerik,aston villa,,,,,,
emiliano martínez kimdir,Premier Lig,Futbol,Lig,1. Seviye,Çekirdek,Erkek,Kulüp,Takım Sporu,İngiltere,Yabancı,Yok,TV+ Yok,Yıllık,Sürekli Lig,Oyuncu Bilgi,Bilgi,Oyuncu,Jenerik,Türkçe,Body,Oyuncu Bilgi,aston villa,,,,,,
emiliano martínez hangi takımda,Premier Lig,Futbol,Lig,1. Seviye,Çekirdek,Erkek,Kulüp,Takım Sporu,İngiltere,Yabancı,Yok,TV+ Yok,Yıllık,Sürekli Lig,Oyuncu Bilgi,Bilgi,Oyuncu,Jenerik,Türkçe,Body,Oyuncu Bilgi,aston villa,,,,,,
emiliano martínez istatistik,Premier Lig,Futbol,Lig,1. Seviye,Çekirdek,Erkek,Kulüp,Takım Sporu,İngiltere,Yabancı,Yok,TV+ Yok,Yıllık,Sürekli Lig,İstatistik,Bilgi,Oyuncu,Jenerik,Türkçe,Body,İstatistik,aston villa,,,,,,
ignacio gonzález,Premier Lig,Futbol,Lig,1. Seviye,Çekirdek,Erkek,Kulüp,Takım Sporu,İngiltere,Yabancı,Yok,TV+ Yok,Yıllık,Sürekli Lig,Oyuncu Jenerik,Bilgi,Oyuncu,Jenerik,Türkçe,Head,Oyuncu Jenerik,everton,,,,,,
ignacio gonzález kimdir,Premier Lig,Futbol,Lig,1. Seviye,Çekirdek,Erkek,Kulüp,Takım Sporu,İngiltere,Yabancı,Yok,TV+ Yok,Yıllık,Sürekli Lig,Oyuncu Bilgi,Bilgi,Oyuncu,Jenerik,Türkçe,Body,Oyuncu Bilgi,everton,,,,,,
ignacio gonzález hangi takımda,Premier Lig,Futbol,Lig,1. Seviye,Çekirdek,Erkek,Kulüp,Takım Sporu,İngiltere,Yabancı,Yok,TV+ Yok,Yıllık,Sürekli Lig,Oyuncu Bilgi,Bilgi,Oyuncu,Jenerik,Türkçe,Body,Oyuncu Bilgi,everton,,,,,,
ignacio gonzález istatistik,Premier Lig,Futbol,Lig,1. Seviye,Çekirdek,Erkek,Kulüp,Takım Sporu,İngiltere,Yabancı,Yok,TV+ Yok,Yıllık,Sürekli Lig,İstatistik,Bilgi,Oyuncu,Jenerik,Türkçe,Body,İstatistik,everton,,,,,,
óscar opazo,Premier Lig,Futbol,Lig,1. Seviye,Çekirdek,Erkek,Kulüp,Takım Sporu,İngiltere,Yabancı,Yok,TV+ Yok,Yıllık,Sürekli Lig,Oyuncu Jenerik,Bilgi,Oyuncu,Jenerik,Türkçe,Head,Oyuncu Jenerik,everton,,,,,,
óscar opazo kimdir,Premier Lig,Futbol,Lig,1. Seviye,Çekirdek,Erkek,Kulüp,Takım Sporu,İngiltere,Yabancı,Yok,TV+ Yok,Yıllık,Sürekli Lig,Oyuncu Bilgi,Bilgi,Oyuncu,Jenerik,Türkçe,Body,Oyuncu Bilgi,everton,,,,,,
óscar opazo hangi takımda,Premier Lig,Futbol,Lig,1. Seviye,Çekirdek,Erkek,Kulüp,Takım Sporu,İngiltere,Yabancı,Yok,TV+ Yok,Yıllık,Sürekli Lig,Oyuncu Bilgi,Bilgi,Oyuncu,Jenerik,Türkçe,Body,Oyuncu Bilgi,everton,,,,,,
óscar opazo istatistik,Premier Lig,Futbol,Lig,1. Seviye,Çekirdek,Erkek,Kulüp,Takım Sporu,İngiltere,Yabancı,Yok,TV+ Yok,Yıllık,Sürekli Lig,İstatistik,Bilgi,Oyuncu,Jenerik,Türkçe,Body,İstatistik,everton,,,,,,
ramiro gonzález,Premier Lig,Futbol,Lig,1. Seviye,Çekirdek,Erkek,Kulüp,Takım Sporu,İngiltere,Yabancı,Yok,TV+ Yok,Yıllık,Sürekli Lig,Oyuncu Jenerik,Bilgi,Oyuncu,Jenerik,Türkçe,Head,Oyuncu Jenerik,everton,,,,,,
ramiro gonzález kimdir,Premier Lig,Futbol,Lig,1. Seviye,Çekirdek,Erkek,Kulüp,Takım Sporu,İngiltere,Yabancı,Yok,TV+ Yok,Yıllık,Sürekli Lig,Oyuncu Bilgi,Bilgi,Oyuncu,Jenerik,Türkçe,Body,Oyuncu Bilgi,everton,,,,,,
ramiro gonzález hangi takımda,Premier Lig,Futbol,Lig,1. Seviye,Çekirdek,Erkek,Kulüp,Takım Sporu,İngiltere,Yabancı,Yok,TV+ Yok,Yıllık,Sürekli Lig,Oyuncu Bilgi,Bilgi,Oyuncu,Jenerik,Türkçe,Body,Oyuncu Bilgi,everton,,,,,,
ramiro gonzález istatistik,Premier Lig,Futbol,Lig,1. Seviye,Çekirdek,Erkek,Kulüp,Takım Sporu,İngiltere,Yabancı,Yok,TV+ Yok,Yıllık,Sürekli Lig,İstatistik,Bilgi,Oyuncu,Jenerik,Türkçe,Body,İstatistik,everton,,,,,,
gustavo charrupí,Premier Lig,Futbol,Lig,1. Seviye,Çekirdek,Erkek,Kulüp,Takım Sporu,İngiltere,Yabancı,Yok,TV+ Yok,Yıllık,Sürekli Lig,Oyuncu Jenerik,Bilgi,Oyuncu,Jenerik,Türkçe,Head,Oyuncu Jenerik,everton,,,,,,
gustavo charrupí kimdir,Premier Lig,Futbol,Lig,1. Seviye,Çekirdek,Erkek,Kulüp,Takım Sporu,İngiltere,Yabancı,Yok,TV+ Yok,Yıllık,Sürekli Lig,Oyuncu Bilgi,Bilgi,Oyuncu,Jenerik,Türkçe,Body,Oyuncu Bilgi,everton,,,,,,
gustavo charrupí hangi takımda,Premier Lig,Futbol,Lig,1. Seviye,Çekirdek,Erkek,Kulüp,Takım Sporu,İngiltere,Yabancı,Yok,TV+ Yok,Yıllık,Sürekli Lig,Oyuncu Bilgi,Bilgi,Oyuncu,Jenerik,Türkçe,Body,Oyuncu Bilgi,everton,,,,,,
gustavo charrupí istatistik,Premier Lig,Futbol,Lig,1. Seviye,Çekirdek,Erkek,Kulüp,Takım Sporu,İngiltere,Yabancı,Yok,TV+ Yok,Yıllık,Sürekli Lig,İstatistik,Bilgi,Oyuncu,Jenerik,Türkçe,Body,İstatistik,everton,,,,,,
atlético bucaramanga,Premier Lig,Futbol,Lig,1. Seviye,Çekirdek,Erkek,Kulüp,Takım Sporu,İngiltere,Yabancı,Yok,TV+ Yok,Yıllık,Sürekli Lig,Oyuncu Jenerik,Bilgi,Oyuncu,Jenerik,Türkçe,Head,Oyuncu Jenerik,everton,,,,,,
atlético bucaramanga kimdir,Premier Lig,Futbol,Lig,1. Seviye,Çekirdek,Erkek,Kulüp,Takım Sporu,İngiltere,Yabancı,Yok,TV+ Yok,Yıllık,Sürekli Lig,Oyuncu Bilgi,Bilgi,Oyuncu,Jenerik,Türkçe,Body,Oyuncu Bilgi,everton,,,,,,
atlético bucaramanga hangi takımda,Premier Lig,Futbol,Lig,1. Seviye,Çekirdek,Erkek,Kulüp,Takım Sporu,İngiltere,Yabancı,Yok,TV+ Yok,Yıllık,Sürekli Lig,Oyuncu Bilgi,Bilgi,Oyuncu,Jenerik,Türkçe,Body,Oyuncu Bilgi,everton,,,,,,
atlético bucaramanga istatistik,Premier Lig,Futbol,Lig,1. Seviye,Çekirdek,Erkek,Kulüp,Takım Sporu,İngiltere,Yabancı,Yok,TV+ Yok,Yıllık,Sürekli Lig,İstatistik,Bilgi,Oyuncu,Jenerik,Türkçe,Body,İstatistik,everton,,,,,,
joaquín moya,Premier Lig,Futbol,Lig,1. Seviye,Çekirdek,Erkek,Kulüp,Takım Sporu,İngiltere,Yabancı,Yok,TV+ Yok,Yıllık,Sürekli Lig,Oyuncu Jenerik,Bilgi,Oyuncu,Jenerik,Türkçe,Head,Oyuncu Jenerik,everton,,,,,,
joaquín moya kimdir,Premier Lig,Futbol,Lig,1. Seviye,Çekirdek,Erkek,Kulüp,Takım Sporu,İngiltere,Yabancı,Yok,TV+ Yok,Yıllık,Sürekli Lig,Oyuncu Bilgi,Bilgi,Oyuncu,Jenerik,Türkçe,Body,Oyuncu Bilgi,everton,,,,,,
joaquín moya hangi takımda,Premier Lig,Futbol,Lig,1. Seviye,Çekirdek,Erkek,Kulüp,Takım Sporu,İngiltere,Yabancı,Yok,TV+ Yok,Yıllık,Sürekli Lig,Oyuncu Bilgi,Bilgi,Oyuncu,Jenerik,Türkçe,Body,Oyuncu Bilgi,everton,,,,,,
joaquín moya istatistik,Premier Lig,Futbol,Lig,1. Seviye,Çekirdek,Erkek,Kulüp,Takım Sporu,İngiltere,Yabancı,Yok,TV+ Yok,Yıllık,Sürekli Lig,İstatistik,Bilgi,Oyuncu,Jenerik,Türkçe,Body,İstatistik,everton,,,,,,
julián alfaro,Premier Lig,Futbol,Lig,1. Seviye,Çekirdek,Erkek,Kulüp,Takım Sporu,İngiltere,Yabancı,Yok,TV+ Yok,Yıllık,Sürekli Lig,Oyuncu Jenerik,Bilgi,Oyuncu,Jenerik,Türkçe,Head,Oyuncu Jenerik,everton,,,,,,
julián alfaro kimdir,Premier Lig,Futbol,Lig,1. Seviye,Çekirdek,Erkek,Kulüp,Takım Sporu,İngiltere,Yabancı,Yok,TV+ Yok,Yıllık,Sürekli Lig,Oyuncu Bilgi,Bilgi,Oyuncu,Jenerik,Türkçe,Body,Oyuncu Bilgi,everton,,,,,,
julián alfaro hangi takımda,Premier Lig,Futbol,Lig,1. Seviye,Çekirdek,Erkek,Kulüp,Takım Sporu,İngiltere,Yabancı,Yok,TV+ Yok,Yıllık,Sürekli Lig,Oyuncu Bilgi,Bilgi,Oyuncu,Jenerik,Türkçe,Body,Oyuncu Bilgi,everton,,,,,,
julián alfaro istatistik,Premier Lig,Futbol,Lig,1. Seviye,Çekirdek,Erkek,Kulüp,Takım Sporu,İngiltere,Yabancı,Yok,TV+ Yok,Yıllık,Sürekli Lig,İstatistik,Bilgi,Oyuncu,Jenerik,Türkçe,Body,İstatistik,everton,,,,,,
nicolás baeza,Premier Lig,Futbol,Lig,1. Seviye,Çekirdek,Erkek,Kulüp,Takım Sporu,İngiltere,Yabancı,Yok,TV+ Yok,Yıllık,Sürekli Lig,Oyuncu Jenerik,Bilgi,Oyuncu,Jenerik,Türkçe,Head,Oyuncu Jenerik,everton,,,,,,
nicolás baeza kimdir,Premier Lig,Futbol,Lig,1. Seviye,Çekirdek,Erkek,Kulüp,Takım Sporu,İngiltere,Yabancı,Yok,TV+ Yok,Yıllık,Sürekli Lig,Oyuncu Bilgi,Bilgi,Oyuncu,Jenerik,Türkçe,Body,Oyuncu Bilgi,everton,,,,,,
nicolás baeza hangi takımda,Premier Lig,Futbol,Lig,1. Seviye,Çekirdek,Erkek,Kulüp,Takım Sporu,İngiltere,Yabancı,Yok,TV+ Yok,Yıllık,Sürekli Lig,Oyuncu Bilgi,Bilgi,Oyuncu,Jenerik,Türkçe,Body,Oyuncu Bilgi,everton,,,,,,
nicolás baeza istatistik,Premier Lig,Futbol,Lig,1. Seviye,Çekirdek,Erkek,Kulüp,Takım Sporu,İngiltere,Yabancı,Yok,TV+ Yok,Yıllık,Sürekli Lig,İstatistik,Bilgi,Oyuncu,Jenerik,Türkçe,Body,İstatistik,everton,,,,,,
vicente fernández,Premier Lig,Futbol,Lig,1. Seviye,Çekirdek,Erkek,Kulüp,Takım Sporu,İngiltere,Yabancı,Yok,TV+ Yok,Yıllık,Sürekli Lig,Oyuncu Jenerik,Bilgi,Oyuncu,Jenerik,Türkçe,Head,Oyuncu Jenerik,everton,,,,,,
vicente fernández kimdir,Premier Lig,Futbol,Lig,1. Seviye,Çekirdek,Erkek,Kulüp,Takım Sporu,İngiltere,Yabancı,Yok,TV+ Yok,Yıllık,Sürekli Lig,Oyuncu Bilgi,Bilgi,Oyuncu,Jenerik,Türkçe,Body,Oyuncu Bilgi,everton,,,,,,
vicente fernández hangi takımda,Premier Lig,Futbol,Lig,1. Seviye,Çekirdek,Erkek,Kulüp,Takım Sporu,İngiltere,Yabancı,Yok,TV+ Yok,Yıllık,Sürekli Lig,Oyuncu Bilgi,Bilgi,Oyuncu,Jenerik,Türkçe,Body,Oyuncu Bilgi,everton,,,,,,
vicente fernández istatistik,Premier Lig,Futbol,Lig,1. Seviye,Çekirdek,Erkek,Kulüp,Takım Sporu,İngiltere,Yabancı,Yok,TV+ Yok,Yıllık,Sürekli Lig,İstatistik,Bilgi,Oyuncu,Jenerik,Türkçe,Body,İstatistik,everton,,,,,,
josué ovalle,Premier Lig,Futbol,Lig,1. Seviye,Çekirdek,Erkek,Kulüp,Takım Sporu,İngiltere,Yabancı,Yok,TV+ Yok,Yıllık,Sürekli Lig,Oyuncu Jenerik,Bilgi,Oyuncu,Jenerik,Türkçe,Head,Oyuncu Jenerik,everton,,,,,,
josué ovalle kimdir,Premier Lig,Futbol,Lig,1. Seviye,Çekirdek,Erkek,Kulüp,Takım Sporu,İngiltere,Yabancı,Yok,TV+ Yok,Yıllık,Sürekli Lig,Oyuncu Bilgi,Bilgi,Oyuncu,Jenerik,Türkçe,Body,Oyuncu Bilgi,everton,,,,,,
josué ovalle hangi takımda,Premier Lig,Futbol,Lig,1. Seviye,Çekirdek,Erkek,Kulüp,Takım Sporu,İngiltere,Yabancı,Yok,TV+ Yok,Yıllık,Sürekli Lig,Oyuncu Bilgi,Bilgi,Oyuncu,Jenerik,Türkçe,Body,Oyuncu Bilgi,everton,,,,,,
josué ovalle istatistik,Premier Lig,Futbol,Lig,1. Seviye,Çekirdek,Erkek,Kulüp,Takım Sporu,İngiltere,Yabancı,Yok,TV+ Yok,Yıllık,Sürekli Lig,İstatistik,Bilgi,Oyuncu,Jenerik,Türkçe,Body,İstatistik,everton,,,,,,
benjamín berríos,Premier Lig,Futbol,Lig,1. Seviye,Çekirdek,Erkek,Kulüp,Takım Sporu,İngiltere,Yabancı,Yok,TV+ Yok,Yıllık,Sürekli Lig,Oyuncu Jenerik,Bilgi,Oyuncu,Jenerik,Türkçe,Head,Oyuncu Jenerik,everton,,,,,,
benjamín berríos kimdir,Premier Lig,Futbol,Lig,1. Seviye,Çekirdek,Erkek,Kulüp,Takım Sporu,İngiltere,Yabancı,Yok,TV+ Yok,Yıllık,Sürekli Lig,Oyuncu Bilgi,Bilgi,Oyuncu,Jenerik,Türkçe,Body,Oyuncu Bilgi,everton,,,,,,
benjamín berríos hangi takımda,Premier Lig,Futbol,Lig,1. Seviye,Çekirdek,Erkek,Kulüp,Takım Sporu,İngiltere,Yabancı,Yok,TV+ Yok,Yıllık,Sürekli Lig,Oyuncu Bilgi,Bilgi,Oyuncu,Jenerik,Türkçe,Body,Oyuncu Bilgi,everton,,,,,,
benjamín berríos istatistik,Premier Lig,Futbol,Lig,1. Seviye,Çekirdek,Erkek,Kulüp,Takım Sporu,İngiltere,Yabancı,Yok,TV+ Yok,Yıllık,Sürekli Lig,İstatistik,Bilgi,Oyuncu,Jenerik,Türkçe,Body,İstatistik,everton,,,,,,
diego oyarzún,Premier Lig,Futbol,Lig,1. Seviye,Çekirdek,Erkek,Kulüp,Takım Sporu,İngiltere,Yabancı,Yok,TV+ Yok,Yıllık,Sürekli Lig,Oyuncu Jenerik,Bilgi,Oyuncu,Jenerik,Türkçe,Head,Oyuncu Jenerik,everton,,,,,,
diego oyarzún kimdir,Premier Lig,Futbol,Lig,1. Seviye,Çekirdek,Erkek,Kulüp,Takım Sporu,İngiltere,Yabancı,Yok,TV+ Yok,Yıllık,Sürekli Lig,Oyuncu Bilgi,Bilgi,Oyuncu,Jenerik,Türkçe,Body,Oyuncu Bilgi,everton,,,,,,
diego oyarzún hangi takımda,Premier Lig,Futbol,Lig,1. Seviye,Çekirdek,Erkek,Kulüp,Takım Sporu,İngiltere,Yabancı,Yok,TV+ Yok,Yıllık,Sürekli Lig,Oyuncu Bilgi,Bilgi,Oyuncu,Jenerik,Türkçe,Body,Oyuncu Bilgi,everton,,,,,,
diego oyarzún istatistik,Premier Lig,Futbol,Lig,1. Seviye,Çekirdek,Erkek,Kulüp,Takım Sporu,İngiltere,Yabancı,Yok,TV+ Yok,Yıllık,Sürekli Lig,İstatistik,Bilgi,Oyuncu,Jenerik,Türkçe,Body,İstatistik,everton,,,,,,
chaco martínez,Premier Lig,Futbol,Lig,1. Seviye,Çekirdek,Erkek,Kulüp,Takım Sporu,İngiltere,Yabancı,Yok,TV+ Yok,Yıllık,Sürekli Lig,Oyuncu Jenerik,Bilgi,Oyuncu,Jenerik,Türkçe,Head,Oyuncu Jenerik,everton,,,,,,
chaco martínez kimdir,Premier Lig,Futbol,Lig,1. Seviye,Çekirdek,Erkek,Kulüp,Takım Sporu,İngiltere,Yabancı,Yok,TV+ Yok,Yıllık,Sürekli Lig,Oyuncu Bilgi,Bilgi,Oyuncu,Jenerik,Türkçe,Body,Oyuncu Bilgi,everton,,,,,,
chaco martínez hangi takımda,Premier Lig,Futbol,Lig,1. Seviye,Çekirdek,Erkek,Kulüp,Takım Sporu,İngiltere,Yabancı,Yok,TV+ Yok,Yıllık,Sürekli Lig,Oyuncu Bilgi,Bilgi,Oyuncu,Jenerik,Türkçe,Body,Oyuncu Bilgi,everton,,,,,,
chaco martínez istatistik,Premier Lig,Futbol,Lig,1. Seviye,Çekirdek,Erkek,Kulüp,Takım Sporu,İngiltere,Yabancı,Yok,TV+ Yok,Yıllık,Sürekli Lig,İstatistik,Bilgi,Oyuncu,Jenerik,Türkçe,Body,İstatistik,everton,,,,,,
andrés arroyo,Premier Lig,Futbol,Lig,1. Seviye,Çekirdek,Erkek,Kulüp,Takım Sporu,İngiltere,Yabancı,Yok,TV+ Yok,Yıllık,Sürekli Lig,Oyuncu Jenerik,Bilgi,Oyuncu,Jenerik,Türkçe,Head,Oyuncu Jenerik,everton,,,,,,
andrés arroyo kimdir,Premier Lig,Futbol,Lig,1. Seviye,Çekirdek,Erkek,Kulüp,Takım Sporu,İngiltere,Yabancı,Yok,TV+ Yok,Yıllık,Sürekli Lig,Oyuncu Bilgi,Bilgi,Oyuncu,Jenerik,Türkçe,Body,Oyuncu Bilgi,everton,,,,,,
andrés arroyo hangi takımda,Premier Lig,Futbol,Lig,1. Seviye,Çekirdek,Erkek,Kulüp,Takım Sporu,İngiltere,Yabancı,Yok,TV+ Yok,Yıllık,Sürekli Lig,Oyuncu Bilgi,Bilgi,Oyuncu,Jenerik,Türkçe,Body,Oyuncu Bilgi,everton,,,,,,
andrés arroyo istatistik,Premier Lig,Futbol,Lig,1. Seviye,Çekirdek,Erkek,Kulüp,Takım Sporu,İngiltere,Yabancı,Yok,TV+ Yok,Yıllık,Sürekli Lig,İstatistik,Bilgi,Oyuncu,Jenerik,Türkçe,Body,İstatistik,everton,,,,,,
valentín vidal,Premier Lig,Futbol,Lig,1. Seviye,Çekirdek,Erkek,Kulüp,Takım Sporu,İngiltere,Yabancı,Yok,TV+ Yok,Yıllık,Sürekli Lig,Oyuncu Jenerik,Bilgi,Oyuncu,Jenerik,Türkçe,Head,Oyuncu Jenerik,everton,,,,,,
valentín vidal kimdir,Premier Lig,Futbol,Lig,1. Seviye,Çekirdek,Erkek,Kulüp,Takım Sporu,İngiltere,Yabancı,Yok,TV+ Yok,Yıllık,Sürekli Lig,Oyuncu Bilgi,Bilgi,Oyuncu,Jenerik,Türkçe,Body,Oyuncu Bilgi,everton,,,,,,
valentín vidal hangi takımda,Premier Lig,Futbol,Lig,1. Seviye,Çekirdek,Erkek,Kulüp,Takım Sporu,İngiltere,Yabancı,Yok,TV+ Yok,Yıllık,Sürekli Lig,Oyuncu Bilgi,Bilgi,Oyuncu,Jenerik,Türkçe,Body,Oyuncu Bilgi,everton,,,,,,
valentín vidal istatistik,Premier Lig,Futbol,Lig,1. Seviye,Çekirdek,Erkek,Kulüp,Takım Sporu,İngiltere,Yabancı,Yok,TV+ Yok,Yıllık,Sürekli Lig,İstatistik,Bilgi,Oyuncu,Jenerik,Türkçe,Body,İstatistik,everton,,,,,,
unión española,Premier Lig,Futbol,Lig,1. Seviye,Çekirdek,Erkek,Kulüp,Takım Sporu,İngiltere,Yabancı,Yok,TV+ Yok,Yıllık,Sürekli Lig,Oyuncu Jenerik,Bilgi,Oyuncu,Jenerik,Türkçe,Head,Oyuncu Jenerik,everton,,,,,,
unión española kimdir,Premier Lig,Futbol,Lig,1. Seviye,Çekirdek,Erkek,Kulüp,Takım Sporu,İngiltere,Yabancı,Yok,TV+ Yok,Yıllık,Sürekli Lig,Oyuncu Bilgi,Bilgi,Oyuncu,Jenerik,Türkçe,Body,Oyuncu Bilgi,everton,,,,,,
unión española hangi takımda,Premier Lig,Futbol,Lig,1. Seviye,Çekirdek,Erkek,Kulüp,Takım Sporu,İngiltere,Yabancı,Yok,TV+ Yok,Yıllık,Sürekli Lig,Oyuncu Bilgi,Bilgi,Oyuncu,Jenerik,Türkçe,Body,Oyuncu Bilgi,everton,,,,,,
unión española istatistik,Premier Lig,Futbol,Lig,1. Seviye,Çekirdek,Erkek,Kulüp,Takım Sporu,İngiltere,Yabancı,Yok,TV+ Yok,Yıllık,Sürekli Lig,İstatistik,Bilgi,Oyuncu,Jenerik,Türkçe,Body,İstatistik,everton,,,,,,
nicolás montiel,Premier Lig,Futbol,Lig,1. Seviye,Çekirdek,Erkek,Kulüp,Takım Sporu,İngiltere,Yabancı,Yok,TV+ Yok,Yıllık,Sürekli Lig,Oyuncu Jenerik,Bilgi,Oyuncu,Jenerik,Türkçe,Head,Oyuncu Jenerik,everton,,,,,,
nicolás montiel kimdir,Premier Lig,Futbol,Lig,1. Seviye,Çekirdek,Erkek,Kulüp,Takım Sporu,İngiltere,Yabancı,Yok,TV+ Yok,Yıllık,Sürekli Lig,Oyuncu Bilgi,Bilgi,Oyuncu,Jenerik,Türkçe,Body,Oyuncu Bilgi,everton,,,,,,
nicolás montiel hangi takımda,Premier Lig,Futbol,Lig,1. Seviye,Çekirdek,Erkek,Kulüp,Takım Sporu,İngiltere,Yabancı,Yok,TV+ Yok,Yıllık,Sürekli Lig,Oyuncu Bilgi,Bilgi,Oyuncu,Jenerik,Türkçe,Body,Oyuncu Bilgi,everton,,,,,,
nicolás montiel istatistik,Premier Lig,Futbol,Lig,1. Seviye,Çekirdek,Erkek,Kulüp,Takım Sporu,İngiltere,Yabancı,Yok,TV+ Yok,Yıllık,Sürekli Lig,İstatistik,Bilgi,Oyuncu,Jenerik,Türkçe,Body,İstatistik,everton,,,,,,
f.c. juárez,Premier Lig,Futbol,Lig,1. Seviye,Çekirdek,Erkek,Kulüp,Takım Sporu,İngiltere,Yabancı,Yok,TV+ Yok,Yıllık,Sürekli Lig,Oyuncu Jenerik,Bilgi,Oyuncu,Jenerik,Türkçe,Head,Oyuncu Jenerik,everton,,,,,,
f.c. juárez kimdir,Premier Lig,Futbol,Lig,1. Seviye,Çekirdek,Erkek,Kulüp,Takım Sporu,İngiltere,Yabancı,Yok,TV+ Yok,Yıllık,Sürekli Lig,Oyuncu Bilgi,Bilgi,Oyuncu,Jenerik,Türkçe,Body,Oyuncu Bilgi,everton,,,,,,
f.c. juárez hangi takımda,Premier Lig,Futbol,Lig,1. Seviye,Çekirdek,Erkek,Kulüp,Takım Sporu,İngiltere,Yabancı,Yok,TV+ Yok,Yıllık,Sürekli Lig,Oyuncu Bilgi,Bilgi,Oyuncu,Jenerik,Türkçe,Body,Oyuncu Bilgi,everton,,,,,,
f.c. juárez istatistik,Premier Lig,Futbol,Lig,1. Seviye,Çekirdek,Erkek,Kulüp,Takım Sporu,İngiltere,Yabancı,Yok,TV+ Yok,Yıllık,Sürekli Lig,İstatistik,Bilgi,Oyuncu,Jenerik,Türkçe,Body,İstatistik,everton,,,,,,
felipe villagrán,Premier Lig,Futbol,Lig,1. Seviye,Çekirdek,Erkek,Kulüp,Takım Sporu,İngiltere,Yabancı,Yok,TV+ Yok,Yıllık,Sürekli Lig,Oyuncu Jenerik,Bilgi,Oyuncu,Jenerik,Türkçe,Head,Oyuncu Jenerik,everton,,,,,,
felipe villagrán kimdir,Premier Lig,Futbol,Lig,1. Seviye,Çekirdek,Erkek,Kulüp,Takım Sporu,İngiltere,Yabancı,Yok,TV+ Yok,Yıllık,Sürekli Lig,Oyuncu Bilgi,Bilgi,Oyuncu,Jenerik,Türkçe,Body,Oyuncu Bilgi,everton,,,,,,
felipe villagrán hangi takımda,Premier Lig,Futbol,Lig,1. Seviye,Çekirdek,Erkek,Kulüp,Takım Sporu,İngiltere,Yabancı,Yok,TV+ Yok,Yıllık,Sürekli Lig,Oyuncu Bilgi,Bilgi,Oyuncu,Jenerik,Türkçe,Body,Oyuncu Bilgi,everton,,,,,,
felipe villagrán istatistik,Premier Lig,Futbol,Lig,1. Seviye,Çekirdek,Erkek,Kulüp,Takım Sporu,İngiltere,Yabancı,Yok,TV+ Yok,Yıllık,Sürekli Lig,İstatistik,Bilgi,Oyuncu,Jenerik,Türkçe,Body,İstatistik,everton,,,,,,
sebastián sosa,Premier Lig,Futbol,Lig,1. Seviye,Çekirdek,Erkek,Kulüp,Takım Sporu,İngiltere,Yabancı,Yok,TV+ Yok,Yıllık,Sürekli Lig,Oyuncu Jenerik,Bilgi,Oyuncu,Jenerik,Türkçe,Head,Oyuncu Jenerik,everton,,,,,,
sebastián sosa kimdir,Premier Lig,Futbol,Lig,1. Seviye,Çekirdek,Erkek,Kulüp,Takım Sporu,İngiltere,Yabancı,Yok,TV+ Yok,Yıllık,Sürekli Lig,Oyuncu Bilgi,Bilgi,Oyuncu,Jenerik,Türkçe,Body,Oyuncu Bilgi,everton,,,,,,
sebastián sosa hangi takımda,Premier Lig,Futbol,Lig,1. Seviye,Çekirdek,Erkek,Kulüp,Takım Sporu,İngiltere,Yabancı,Yok,TV+ Yok,Yıllık,Sürekli Lig,Oyuncu Bilgi,Bilgi,Oyuncu,Jenerik,Türkçe,Body,Oyuncu Bilgi,everton,,,,,,
sebastián sosa istatistik,Premier Lig,Futbol,Lig,1. Seviye,Çekirdek,Erkek,Kulüp,Takım Sporu,İngiltere,Yabancı,Yok,TV+ Yok,Yıllık,Sürekli Lig,İstatistik,Bilgi,Oyuncu,Jenerik,Türkçe,Body,İstatistik,everton,,,,,,
edson álvarez,Premier Lig,Futbol,Lig,1. Seviye,Çekirdek,Erkek,Kulüp,Takım Sporu,İngiltere,Yabancı,Yok,TV+ Yok,Yıllık,Sürekli Lig,Oyuncu Jenerik,Bilgi,Oyuncu,Jenerik,Türkçe,Head,Oyuncu Jenerik,west ham,,,,,,
edson álvarez kimdir,Premier Lig,Futbol,Lig,1. Seviye,Çekirdek,Erkek,Kulüp,Takım Sporu,İngiltere,Yabancı,Yok,TV+ Yok,Yıllık,Sürekli Lig,Oyuncu Bilgi,Bilgi,Oyuncu,Jenerik,Türkçe,Body,Oyuncu Bilgi,west ham,,,,,,
edson álvarez hangi takımda,Premier Lig,Futbol,Lig,1. Seviye,Çekirdek,Erkek,Kulüp,Takım Sporu,İngiltere,Yabancı,Yok,TV+ Yok,Yıllık,Sürekli Lig,Oyuncu Bilgi,Bilgi,Oyuncu,Jenerik,Türkçe,Body,Oyuncu Bilgi,west ham,,,,,,
edson álvarez istatistik,Premier Lig,Futbol,Lig,1. Seviye,Çekirdek,Erkek,Kulüp,Takım Sporu,İngiltere,Yabancı,Yok,TV+ Yok,Yıllık,Sürekli Lig,İstatistik,Bilgi,Oyuncu,Jenerik,Türkçe,Body,İstatistik,west ham,,,,,,
joël piroe,Premier Lig,Futbol,Lig,1. Seviye,Çekirdek,Erkek,Kulüp,Takım Sporu,İngiltere,Yabancı,Yok,TV+ Yok,Yıllık,Sürekli Lig,Oyuncu Jenerik,Bilgi,Oyuncu,Jenerik,Türkçe,Head,Oyuncu Jenerik,west ham,,,,,,
joël piroe kimdir,Premier Lig,Futbol,Lig,1. Seviye,Çekirdek,Erkek,Kulüp,Takım Sporu,İngiltere,Yabancı,Yok,TV+ Yok,Yıllık,Sürekli Lig,Oyuncu Bilgi,Bilgi,Oyuncu,Jenerik,Türkçe,Body,Oyuncu Bilgi,west ham,,,,,,
joël piroe hangi takımda,Premier Lig,Futbol,Lig,1. Seviye,Çekirdek,Erkek,Kulüp,Takım Sporu,İngiltere,Yabancı,Yok,TV+ Yok,Yıllık,Sürekli Lig,Oyuncu Bilgi,Bilgi,Oyuncu,Jenerik,Türkçe,Body,Oyuncu Bilgi,west ham,,,,,,
joël piroe istatistik,Premier Lig,Futbol,Lig,1. Seviye,Çekirdek,Erkek,Kulüp,Takım Sporu,İngiltere,Yabancı,Yok,TV+ Yok,Yıllık,Sürekli Lig,İstatistik,Bilgi,Oyuncu,Jenerik,Türkçe,Body,İstatistik,west ham,,,,,,
mohamadou kanté,Premier Lig,Futbol,Lig,1. Seviye,Çekirdek,Erkek,Kulüp,Takım Sporu,İngiltere,Yabancı,Yok,TV+ Yok,Yıllık,Sürekli Lig,Oyuncu Jenerik,Bilgi,Oyuncu,Jenerik,Türkçe,Head,Oyuncu Jenerik,west ham,,,,,,
mohamadou kanté kimdir,Premier Lig,Futbol,Lig,1. Seviye,Çekirdek,Erkek,Kulüp,Takım Sporu,İngiltere,Yabancı,Yok,TV+ Yok,Yıllık,Sürekli Lig,Oyuncu Bilgi,Bilgi,Oyuncu,Jenerik,Türkçe,Body,Oyuncu Bilgi,west ham,,,,,,
mohamadou kanté hangi takımda,Premier Lig,Futbol,Lig,1. Seviye,Çekirdek,Erkek,Kulüp,Takım Sporu,İngiltere,Yabancı,Yok,TV+ Yok,Yıllık,Sürekli Lig,Oyuncu Bilgi,Bilgi,Oyuncu,Jenerik,Türkçe,Body,Oyuncu Bilgi,west ham,,,,,,
mohamadou kanté istatistik,Premier Lig,Futbol,Lig,1. Seviye,Çekirdek,Erkek,Kulüp,Takım Sporu,İngiltere,Yabancı,Yok,TV+ Yok,Yıllık,Sürekli Lig,İstatistik,Bilgi,Oyuncu,Jenerik,Türkçe,Body,İstatistik,west ham,,,,,,
tomáš souček,Premier Lig,Futbol,Lig,1. Seviye,Çekirdek,Erkek,Kulüp,Takım Sporu,İngiltere,Yabancı,Yok,TV+ Yok,Yıllık,Sürekli Lig,Oyuncu Jenerik,Bilgi,Oyuncu,Jenerik,Türkçe,Head,Oyuncu Jenerik,west ham,,,,,,
tomáš souček kimdir,Premier Lig,Futbol,Lig,1. Seviye,Çekirdek,Erkek,Kulüp,Takım Sporu,İngiltere,Yabancı,Yok,TV+ Yok,Yıllık,Sürekli Lig,Oyuncu Bilgi,Bilgi,Oyuncu,Jenerik,Türkçe,Body,Oyuncu Bilgi,west ham,,,,,,
tomáš souček hangi takımda,Premier Lig,Futbol,Lig,1. Seviye,Çekirdek,Erkek,Kulüp,Takım Sporu,İngiltere,Yabancı,Yok,TV+ Yok,Yıllık,Sürekli Lig,Oyuncu Bilgi,Bilgi,Oyuncu,Jenerik,Türkçe,Body,Oyuncu Bilgi,west ham,,,,,,
tomáš souček istatistik,Premier Lig,Futbol,Lig,1. Seviye,Çekirdek,Erkek,Kulüp,Takım Sporu,İngiltere,Yabancı,Yok,TV+ Yok,Yıllık,Sürekli Lig,İstatistik,Bilgi,Oyuncu,Jenerik,Türkçe,Body,İstatistik,west ham,,,,,,
joël veltman,Premier Lig,Futbol,Lig,1. Seviye,Çekirdek,Erkek,Kulüp,Takım Sporu,İngiltere,Yabancı,Yok,TV+ Yok,Yıllık,Sürekli Lig,Oyuncu Jenerik,Bilgi,Oyuncu,Jenerik,Türkçe,Head,Oyuncu Jenerik,west ham,,,,,,
joël veltman kimdir,Premier Lig,Futbol,Lig,1. Seviye,Çekirdek,Erkek,Kulüp,Takım Sporu,İngiltere,Yabancı,Yok,TV+ Yok,Yıllık,Sürekli Lig,Oyuncu Bilgi,Bilgi,Oyuncu,Jenerik,Türkçe,Body,Oyuncu Bilgi,west ham,,,,,,
joël veltman hangi takımda,Premier Lig,Futbol,Lig,1. Seviye,Çekirdek,Erkek,Kulüp,Takım Sporu,İngiltere,Yabancı,Yok,TV+ Yok,Yıllık,Sürekli Lig,Oyuncu Bilgi,Bilgi,Oyuncu,Jenerik,Türkçe,Body,Oyuncu Bilgi,west ham,,,,,,
joël veltman istatistik,Premier Lig,Futbol,Lig,1. Seviye,Çekirdek,Erkek,Kulüp,Takım Sporu,İngiltere,Yabancı,Yok,TV+ Yok,Yıllık,Sürekli Lig,İstatistik,Bilgi,Oyuncu,Jenerik,Türkçe,Body,İstatistik,west ham,,,,,,
james tomkins,Premier Lig,Futbol,Lig,1. Seviye,Çekirdek,Erkek,Kulüp,Takım Sporu,İngiltere,Yabancı,Yok,TV+ Yok,Yıllık,Sürekli Lig,Oyuncu Jenerik,Bilgi,Oyuncu,Jenerik,İngilizce,Head,Oyuncu Jenerik,crystal palace,,,,,,
james tomkins kimdir,Premier Lig,Futbol,Lig,1. Seviye,Çekirdek,Erkek,Kulüp,Takım Sporu,İngiltere,Yabancı,Yok,TV+ Yok,Yıllık,Sürekli Lig,Oyuncu Bilgi,Bilgi,Oyuncu,Jenerik,İngilizce,Body,Oyuncu Bilgi,crystal palace,,,,,,
james tomkins hangi takımda,Premier Lig,Futbol,Lig,1. Seviye,Çekirdek,Erkek,Kulüp,Takım Sporu,İngiltere,Yabancı,Yok,TV+ Yok,Yıllık,Sürekli Lig,Oyuncu Bilgi,Bilgi,Oyuncu,Jenerik,Türkçe,Body,Oyuncu Bilgi,crystal palace,,,,,,
james tomkins istatistik,Premier Lig,Futbol,Lig,1. Seviye,Çekirdek,Erkek,Kulüp,Takım Sporu,İngiltere,Yabancı,Yok,TV+ Yok,Yıllık,Sürekli Lig,İstatistik,Bilgi,Oyuncu,Jenerik,İngilizce,Body,İstatistik,crystal palace,,,,,,
marc guéhi,Premier Lig,Futbol,Lig,1. Seviye,Çekirdek,Erkek,Kulüp,Takım Sporu,İngiltere,Yabancı,Yok,TV+ Yok,Yıllık,Sürekli Lig,Oyuncu Jenerik,Bilgi,Oyuncu,Jenerik,Türkçe,Head,Oyuncu Jenerik,crystal palace,,,,,,
marc guéhi kimdir,Premier Lig,Futbol,Lig,1. Seviye,Çekirdek,Erkek,Kulüp,Takım Sporu,İngiltere,Yabancı,Yok,TV+ Yok,Yıllık,Sürekli Lig,Oyuncu Bilgi,Bilgi,Oyuncu,Jenerik,Türkçe,Body,Oyuncu Bilgi,crystal palace,,,,,,
marc guéhi hangi takımda,Premier Lig,Futbol,Lig,1. Seviye,Çekirdek,Erkek,Kulüp,Takım Sporu,İngiltere,Yabancı,Yok,TV+ Yok,Yıllık,Sürekli Lig,Oyuncu Bilgi,Bilgi,Oyuncu,Jenerik,Türkçe,Body,Oyuncu Bilgi,crystal palace,,,,,,
marc guéhi istatistik,Premier Lig,Futbol,Lig,1. Seviye,Çekirdek,Erkek,Kulüp,Takım Sporu,İngiltere,Yabancı,Yok,TV+ Yok,Yıllık,Sürekli Lig,İstatistik,Bilgi,Oyuncu,Jenerik,Türkçe,Body,İstatistik,crystal palace,,,,,,
odsonne édouard,Premier Lig,Futbol,Lig,1. Seviye,Çekirdek,Erkek,Kulüp,Takım Sporu,İngiltere,Yabancı,Yok,TV+ Yok,Yıllık,Sürekli Lig,Oyuncu Jenerik,Bilgi,Oyuncu,Jenerik,Türkçe,Head,Oyuncu Jenerik,crystal palace,,,,,,
odsonne édouard kimdir,Premier Lig,Futbol,Lig,1. Seviye,Çekirdek,Erkek,Kulüp,Takım Sporu,İngiltere,Yabancı,Yok,TV+ Yok,Yıllık,Sürekli Lig,Oyuncu Bilgi,Bilgi,Oyuncu,Jenerik,Türkçe,Body,Oyuncu Bilgi,crystal palace,,,,,,
odsonne édouard hangi takımda,Premier Lig,Futbol,Lig,1. Seviye,Çekirdek,Erkek,Kulüp,Takım Sporu,İngiltere,Yabancı,Yok,TV+ Yok,Yıllık,Sürekli Lig,Oyuncu Bilgi,Bilgi,Oyuncu,Jenerik,Türkçe,Body,Oyuncu Bilgi,crystal palace,,,,,,
odsonne édouard istatistik,Premier Lig,Futbol,Lig,1. Seviye,Çekirdek,Erkek,Kulüp,Takım Sporu,İngiltere,Yabancı,Yok,TV+ Yok,Yıllık,Sürekli Lig,İstatistik,Bilgi,Oyuncu,Jenerik,Türkçe,Body,İstatistik,crystal palace,,,,,,
cheick doucouré,Premier Lig,Futbol,Lig,1. Seviye,Çekirdek,Erkek,Kulüp,Takım Sporu,İngiltere,Yabancı,Yok,TV+ Yok,Yıllık,Sürekli Lig,Oyuncu Jenerik,Bilgi,Oyuncu,Jenerik,Türkçe,Head,Oyuncu Jenerik,crystal palace,,,,,,
cheick doucouré kimdir,Premier Lig,Futbol,Lig,1. Seviye,Çekirdek,Erkek,Kulüp,Takım Sporu,İngiltere,Yabancı,Yok,TV+ Yok,Yıllık,Sürekli Lig,Oyuncu Bilgi,Bilgi,Oyuncu,Jenerik,Türkçe,Body,Oyuncu Bilgi,crystal palace,,,,,,
cheick doucouré hangi takımda,Premier Lig,Futbol,Lig,1. Seviye,Çekirdek,Erkek,Kulüp,Takım Sporu,İngiltere,Yabancı,Yok,TV+ Yok,Yıllık,Sürekli Lig,Oyuncu Bilgi,Bilgi,Oyuncu,Jenerik,Türkçe,Body,Oyuncu Bilgi,crystal palace,,,,,,
cheick doucouré istatistik,Premier Lig,Futbol,Lig,1. Seviye,Çekirdek,Erkek,Kulüp,Takım Sporu,İngiltere,Yabancı,Yok,TV+ Yok,Yıllık,Sürekli Lig,İstatistik,Bilgi,Oyuncu,Jenerik,Türkçe,Body,İstatistik,crystal palace,,,,,,
jaïro riedewald,Premier Lig,Futbol,Lig,1. Seviye,Çekirdek,Erkek,Kulüp,Takım Sporu,İngiltere,Yabancı,Yok,TV+ Yok,Yıllık,Sürekli Lig,Oyuncu Jenerik,Bilgi,Oyuncu,Jenerik,Türkçe,Head,Oyuncu Jenerik,crystal palace,,,,,,
jaïro riedewald kimdir,Premier Lig,Futbol,Lig,1. Seviye,Çekirdek,Erkek,Kulüp,Takım Sporu,İngiltere,Yabancı,Yok,TV+ Yok,Yıllık,Sürekli Lig,Oyuncu Bilgi,Bilgi,Oyuncu,Jenerik,Türkçe,Body,Oyuncu Bilgi,crystal palace,,,,,,
jaïro riedewald hangi takımda,Premier Lig,Futbol,Lig,1. Seviye,Çekirdek,Erkek,Kulüp,Takım Sporu,İngiltere,Yabancı,Yok,TV+ Yok,Yıllık,Sürekli Lig,Oyuncu Bilgi,Bilgi,Oyuncu,Jenerik,Türkçe,Body,Oyuncu Bilgi,crystal palace,,,,,,
jaïro riedewald istatistik,Premier Lig,Futbol,Lig,1. Seviye,Çekirdek,Erkek,Kulüp,Takım Sporu,İngiltere,Yabancı,Yok,TV+ Yok,Yıllık,Sürekli Lig,İstatistik,Bilgi,Oyuncu,Jenerik,Türkçe,Body,İstatistik,crystal palace,,,,,,
raúl jiménez,Premier Lig,Futbol,Lig,1. Seviye,Çekirdek,Erkek,Kulüp,Takım Sporu,İngiltere,Yabancı,Yok,TV+ Yok,Yıllık,Sürekli Lig,Oyuncu Jenerik,Bilgi,Oyuncu,Jenerik,Türkçe,Head,Oyuncu Jenerik,fulham,,,,,,
raúl jiménez kimdir,Premier Lig,Futbol,Lig,1. Seviye,Çekirdek,Erkek,Kulüp,Takım Sporu,İngiltere,Yabancı,Yok,TV+ Yok,Yıllık,Sürekli Lig,Oyuncu Bilgi,Bilgi,Oyuncu,Jenerik,Türkçe,Body,Oyuncu Bilgi,fulham,,,,,,
raúl jiménez hangi takımda,Premier Lig,Futbol,Lig,1. Seviye,Çekirdek,Erkek,Kulüp,Takım Sporu,İngiltere,Yabancı,Yok,TV+ Yok,Yıllık,Sürekli Lig,Oyuncu Bilgi,Bilgi,Oyuncu,Jenerik,Türkçe,Body,Oyuncu Bilgi,fulham,,,,,,
raúl jiménez istatistik,Premier Lig,Futbol,Lig,1. Seviye,Çekirdek,Erkek,Kulüp,Takım Sporu,İngiltere,Yabancı,Yok,TV+ Yok,Yıllık,Sürekli Lig,İstatistik,Bilgi,Oyuncu,Jenerik,Türkçe,Body,İstatistik,fulham,,,,,,
adama traoré,Premier Lig,Futbol,Lig,1. Seviye,Çekirdek,Erkek,Kulüp,Takım Sporu,İngiltere,Yabancı,Yok,TV+ Yok,Yıllık,Sürekli Lig,Oyuncu Jenerik,Bilgi,Oyuncu,Jenerik,Türkçe,Head,Oyuncu Jenerik,fulham,,,,,,
adama traoré kimdir,Premier Lig,Futbol,Lig,1. Seviye,Çekirdek,Erkek,Kulüp,Takım Sporu,İngiltere,Yabancı,Yok,TV+ Yok,Yıllık,Sürekli Lig,Oyuncu Bilgi,Bilgi,Oyuncu,Jenerik,Türkçe,Body,Oyuncu Bilgi,fulham,,,,,,
adama traoré hangi takımda,Premier Lig,Futbol,Lig,1. Seviye,Çekirdek,Erkek,Kulüp,Takım Sporu,İngiltere,Yabancı,Yok,TV+ Yok,Yıllık,Sürekli Lig,Oyuncu Bilgi,Bilgi,Oyuncu,Jenerik,Türkçe,Body,Oyuncu Bilgi,fulham,,,,,,
adama traoré istatistik,Premier Lig,Futbol,Lig,1. Seviye,Çekirdek,Erkek,Kulüp,Takım Sporu,İngiltere,Yabancı,Yok,TV+ Yok,Yıllık,Sürekli Lig,İstatistik,Bilgi,Oyuncu,Jenerik,Türkçe,Body,İstatistik,fulham,,,,,,
saša lukić,Premier Lig,Futbol,Lig,1. Seviye,Çekirdek,Erkek,Kulüp,Takım Sporu,İngiltere,Yabancı,Yok,TV+ Yok,Yıllık,Sürekli Lig,Oyuncu Jenerik,Bilgi,Oyuncu,Jenerik,Türkçe,Head,Oyuncu Jenerik,fulham,,,,,,
saša lukić kimdir,Premier Lig,Futbol,Lig,1. Seviye,Çekirdek,Erkek,Kulüp,Takım Sporu,İngiltere,Yabancı,Yok,TV+ Yok,Yıllık,Sürekli Lig,Oyuncu Bilgi,Bilgi,Oyuncu,Jenerik,Türkçe,Body,Oyuncu Bilgi,fulham,,,,,,
saša lukić hangi takımda,Premier Lig,Futbol,Lig,1. Seviye,Çekirdek,Erkek,Kulüp,Takım Sporu,İngiltere,Yabancı,Yok,TV+ Yok,Yıllık,Sürekli Lig,Oyuncu Bilgi,Bilgi,Oyuncu,Jenerik,Türkçe,Body,Oyuncu Bilgi,fulham,,,,,,
saša lukić istatistik,Premier Lig,Futbol,Lig,1. Seviye,Çekirdek,Erkek,Kulüp,Takım Sporu,İngiltere,Yabancı,Yok,TV+ Yok,Yıllık,Sürekli Lig,İstatistik,Bilgi,Oyuncu,Jenerik,Türkçe,Body,İstatistik,fulham,,,,,,
caoimhín kelleher,Premier Lig,Futbol,Lig,1. Seviye,Çekirdek,Erkek,Kulüp,Takım Sporu,İngiltere,Yabancı,Yok,TV+ Yok,Yıllık,Sürekli Lig,Oyuncu Jenerik,Bilgi,Oyuncu,Jenerik,Türkçe,Head,Oyuncu Jenerik,brentford,,,,,,
caoimhín kelleher kimdir,Premier Lig,Futbol,Lig,1. Seviye,Çekirdek,Erkek,Kulüp,Takım Sporu,İngiltere,Yabancı,Yok,TV+ Yok,Yıllık,Sürekli Lig,Oyuncu Bilgi,Bilgi,Oyuncu,Jenerik,Türkçe,Body,Oyuncu Bilgi,brentford,,,,,,
caoimhín kelleher hangi takımda,Premier Lig,Futbol,Lig,1. Seviye,Çekirdek,Erkek,Kulüp,Takım Sporu,İngiltere,Yabancı,Yok,TV+ Yok,Yıllık,Sürekli Lig,Oyuncu Bilgi,Bilgi,Oyuncu,Jenerik,Türkçe,Body,Oyuncu Bilgi,brentford,,,,,,
caoimhín kelleher istatistik,Premier Lig,Futbol,Lig,1. Seviye,Çekirdek,Erkek,Kulüp,Takım Sporu,İngiltere,Yabancı,Yok,TV+ Yok,Yıllık,Sürekli Lig,İstatistik,Bilgi,Oyuncu,Jenerik,Türkçe,Body,İstatistik,brentford,,,,,,
hákon valdimarsson,Premier Lig,Futbol,Lig,1. Seviye,Çekirdek,Erkek,Kulüp,Takım Sporu,İngiltere,Yabancı,Yok,TV+ Yok,Yıllık,Sürekli Lig,Oyuncu Jenerik,Bilgi,Oyuncu,Jenerik,Türkçe,Head,Oyuncu Jenerik,brentford,,,,,,
hákon valdimarsson kimdir,Premier Lig,Futbol,Lig,1. Seviye,Çekirdek,Erkek,Kulüp,Takım Sporu,İngiltere,Yabancı,Yok,TV+ Yok,Yıllık,Sürekli Lig,Oyuncu Bilgi,Bilgi,Oyuncu,Jenerik,Türkçe,Body,Oyuncu Bilgi,brentford,,,,,,
hákon valdimarsson hangi takımda,Premier Lig,Futbol,Lig,1. Seviye,Çekirdek,Erkek,Kulüp,Takım Sporu,İngiltere,Yabancı,Yok,TV+ Yok,Yıllık,Sürekli Lig,Oyuncu Bilgi,Bilgi,Oyuncu,Jenerik,Türkçe,Body,Oyuncu Bilgi,brentford,,,,,,
hákon valdimarsson istatistik,Premier Lig,Futbol,Lig,1. Seviye,Çekirdek,Erkek,Kulüp,Takım Sporu,İngiltere,Yabancı,Yok,TV+ Yok,Yıllık,Sürekli Lig,İstatistik,Bilgi,Oyuncu,Jenerik,Türkçe,Body,İstatistik,brentford,,,,,,
fábio carvalho,Premier Lig,Futbol,Lig,1. Seviye,Çekirdek,Erkek,Kulüp,Takım Sporu,İngiltere,Yabancı,Yok,TV+ Yok,Yıllık,Sürekli Lig,Oyuncu Jenerik,Bilgi,Oyuncu,Jenerik,Türkçe,Head,Oyuncu Jenerik,brentford,,,,,,
fábio carvalho kimdir,Premier Lig,Futbol,Lig,1. Seviye,Çekirdek,Erkek,Kulüp,Takım Sporu,İngiltere,Yabancı,Yok,TV+ Yok,Yıllık,Sürekli Lig,Oyuncu Bilgi,Bilgi,Oyuncu,Jenerik,Türkçe,Body,Oyuncu Bilgi,brentford,,,,,,
fábio carvalho hangi takımda,Premier Lig,Futbol,Lig,1. Seviye,Çekirdek,Erkek,Kulüp,Takım Sporu,İngiltere,Yabancı,Yok,TV+ Yok,Yıllık,Sürekli Lig,Oyuncu Bilgi,Bilgi,Oyuncu,Jenerik,Türkçe,Body,Oyuncu Bilgi,brentford,,,,,,
fábio carvalho istatistik,Premier Lig,Futbol,Lig,1. Seviye,Çekirdek,Erkek,Kulüp,Takım Sporu,İngiltere,Yabancı,Yok,TV+ Yok,Yıllık,Sürekli Lig,İstatistik,Bilgi,Oyuncu,Jenerik,Türkçe,Body,İstatistik,brentford,,,,,,
mamadou sangaré,Premier Lig,Futbol,Lig,1. Seviye,Çekirdek,Erkek,Kulüp,Takım Sporu,İngiltere,Yabancı,Yok,TV+ Yok,Yıllık,Sürekli Lig,Oyuncu Jenerik,Bilgi,Oyuncu,Jenerik,Türkçe,Head,Oyuncu Jenerik,brentford,,,,,,
mamadou sangaré kimdir,Premier Lig,Futbol,Lig,1. Seviye,Çekirdek,Erkek,Kulüp,Takım Sporu,İngiltere,Yabancı,Yok,TV+ Yok,Yıllık,Sürekli Lig,Oyuncu Bilgi,Bilgi,Oyuncu,Jenerik,Türkçe,Body,Oyuncu Bilgi,brentford,,,,,,
mamadou sangaré hangi takımda,Premier Lig,Futbol,Lig,1. Seviye,Çekirdek,Erkek,Kulüp,Takım Sporu,İngiltere,Yabancı,Yok,TV+ Yok,Yıllık,Sürekli Lig,Oyuncu Bilgi,Bilgi,Oyuncu,Jenerik,Türkçe,Body,Oyuncu Bilgi,brentford,,,,,,
mamadou sangaré istatistik,Premier Lig,Futbol,Lig,1. Seviye,Çekirdek,Erkek,Kulüp,Takım Sporu,İngiltere,Yabancı,Yok,TV+ Yok,Yıllık,Sürekli Lig,İstatistik,Bilgi,Oyuncu,Jenerik,Türkçe,Body,İstatistik,brentford,,,,,,
ibrahim sangaré,Premier Lig,Futbol,Lig,1. Seviye,Çekirdek,Erkek,Kulüp,Takım Sporu,İngiltere,Yabancı,Yok,TV+ Yok,Yıllık,Sürekli Lig,Oyuncu Jenerik,Bilgi,Oyuncu,Jenerik,Türkçe,Head,Oyuncu Jenerik,nottingham forest,,,,,,
ibrahim sangaré kimdir,Premier Lig,Futbol,Lig,1. Seviye,Çekirdek,Erkek,Kulüp,Takım Sporu,İngiltere,Yabancı,Yok,TV+ Yok,Yıllık,Sürekli Lig,Oyuncu Bilgi,Bilgi,Oyuncu,Jenerik,Türkçe,Body,Oyuncu Bilgi,nottingham forest,,,,,,
ibrahim sangaré hangi takımda,Premier Lig,Futbol,Lig,1. Seviye,Çekirdek,Erkek,Kulüp,Takım Sporu,İngiltere,Yabancı,Yok,TV+ Yok,Yıllık,Sürekli Lig,Oyuncu Bilgi,Bilgi,Oyuncu,Jenerik,Türkçe,Body,Oyuncu Bilgi,nottingham forest,,,,,,
ibrahim sangaré istatistik,Premier Lig,Futbol,Lig,1. Seviye,Çekirdek,Erkek,Kulüp,Takım Sporu,İngiltere,Yabancı,Yok,TV+ Yok,Yıllık,Sürekli Lig,İstatistik,Bilgi,Oyuncu,Jenerik,Türkçe,Body,İstatistik,nottingham forest,,,,,,
nicolás domínguez,Premier Lig,Futbol,Lig,1. Seviye,Çekirdek,Erkek,Kulüp,Takım Sporu,İngiltere,Yabancı,Yok,TV+ Yok,Yıllık,Sürekli Lig,Oyuncu Jenerik,Bilgi,Oyuncu,Jenerik,Türkçe,Head,Oyuncu Jenerik,nottingham forest,,,,,,
nicolás domínguez kimdir,Premier Lig,Futbol,Lig,1. Seviye,Çekirdek,Erkek,Kulüp,Takım Sporu,İngiltere,Yabancı,Yok,TV+ Yok,Yıllık,Sürekli Lig,Oyuncu Bilgi,Bilgi,Oyuncu,Jenerik,Türkçe,Body,Oyuncu Bilgi,nottingham forest,,,,,,
nicolás domínguez hangi takımda,Premier Lig,Futbol,Lig,1. Seviye,Çekirdek,Erkek,Kulüp,Takım Sporu,İngiltere,Yabancı,Yok,TV+ Yok,Yıllık,Sürekli Lig,Oyuncu Bilgi,Bilgi,Oyuncu,Jenerik,Türkçe,Body,Oyuncu Bilgi,nottingham forest,,,,,,
nicolás domínguez istatistik,Premier Lig,Futbol,Lig,1. Seviye,Çekirdek,Erkek,Kulüp,Takım Sporu,İngiltere,Yabancı,Yok,TV+ Yok,Yıllık,Sürekli Lig,İstatistik,Bilgi,Oyuncu,Jenerik,Türkçe,Body,İstatistik,nottingham forest,,,,,,
new zealand football,Premier Lig,Futbol,Lig,1. Seviye,Çekirdek,Erkek,Kulüp,Takım Sporu,İngiltere,Yabancı,Yok,TV+ Yok,Yıllık,Sürekli Lig,Oyuncu Jenerik,Bilgi,Oyuncu,Jenerik,İngilizce,Body,Oyuncu Jenerik,nottingham forest,,,,,,
new zealand football kimdir,Premier Lig,Futbol,Lig,1. Seviye,Çekirdek,Erkek,Kulüp,Takım Sporu,İngiltere,Yabancı,Yok,TV+ Yok,Yıllık,Sürekli Lig,Oyuncu Bilgi,Bilgi,Oyuncu,Jenerik,İngilizce,Body,Oyuncu Bilgi,nottingham forest,,,,,,
new zealand football hangi takımda,Premier Lig,Futbol,Lig,1. Seviye,Çekirdek,Erkek,Kulüp,Takım Sporu,İngiltere,Yabancı,Yok,TV+ Yok,Yıllık,Sürekli Lig,Oyuncu Bilgi,Bilgi,Oyuncu,Jenerik,Türkçe,Long-tail,Oyuncu Bilgi,nottingham forest,,,,,,
new zealand football istatistik,Premier Lig,Futbol,Lig,1. Seviye,Çekirdek,Erkek,Kulüp,Takım Sporu,İngiltere,Yabancı,Yok,TV+ Yok,Yıllık,Sürekli Lig,İstatistik,Bilgi,Oyuncu,Jenerik,İngilizce,Body,İstatistik,nottingham forest,,,,,,
nicolò savona,Premier Lig,Futbol,Lig,1. Seviye,Çekirdek,Erkek,Kulüp,Takım Sporu,İngiltere,Yabancı,Yok,TV+ Yok,Yıllık,Sürekli Lig,Oyuncu Jenerik,Bilgi,Oyuncu,Jenerik,Türkçe,Head,Oyuncu Jenerik,nottingham forest,,,,,,
nicolò savona kimdir,Premier Lig,Futbol,Lig,1. Seviye,Çekirdek,Erkek,Kulüp,Takım Sporu,İngiltere,Yabancı,Yok,TV+ Yok,Yıllık,Sürekli Lig,Oyuncu Bilgi,Bilgi,Oyuncu,Jenerik,Türkçe,Body,Oyuncu Bilgi,nottingham forest,,,,,,
nicolò savona hangi takımda,Premier Lig,Futbol,Lig,1. Seviye,Çekirdek,Erkek,Kulüp,Takım Sporu,İngiltere,Yabancı,Yok,TV+ Yok,Yıllık,Sürekli Lig,Oyuncu Bilgi,Bilgi,Oyuncu,Jenerik,Türkçe,Body,Oyuncu Bilgi,nottingham forest,,,,,,
nicolò savona istatistik,Premier Lig,Futbol,Lig,1. Seviye,Çekirdek,Erkek,Kulüp,Takım Sporu,İngiltere,Yabancı,Yok,TV+ Yok,Yıllık,Sürekli Lig,İstatistik,Bilgi,Oyuncu,Jenerik,Türkçe,Body,İstatistik,nottingham forest,,,,,,
josé sá,Premier Lig,Futbol,Lig,1. Seviye,Çekirdek,Erkek,Kulüp,Takım Sporu,İngiltere,Yabancı,Yok,TV+ Yok,Yıllık,Sürekli Lig,Oyuncu Jenerik,Bilgi,Oyuncu,Jenerik,Türkçe,Head,Oyuncu Jenerik,wolverhampton,,,,,,
josé sá kimdir,Premier Lig,Futbol,Lig,1. Seviye,Çekirdek,Erkek,Kulüp,Takım Sporu,İngiltere,Yabancı,Yok,TV+ Yok,Yıllık,Sürekli Lig,Oyuncu Bilgi,Bilgi,Oyuncu,Jenerik,Türkçe,Body,Oyuncu Bilgi,wolverhampton,,,,,,
josé sá hangi takımda,Premier Lig,Futbol,Lig,1. Seviye,Çekirdek,Erkek,Kulüp,Takım Sporu,İngiltere,Yabancı,Yok,TV+ Yok,Yıllık,Sürekli Lig,Oyuncu Bilgi,Bilgi,Oyuncu,Jenerik,Türkçe,Body,Oyuncu Bilgi,wolverhampton,,,,,,
josé sá istatistik,Premier Lig,Futbol,Lig,1. Seviye,Çekirdek,Erkek,Kulüp,Takım Sporu,İngiltere,Yabancı,Yok,TV+ Yok,Yıllık,Sürekli Lig,İstatistik,Bilgi,Oyuncu,Jenerik,Türkçe,Body,İstatistik,wolverhampton,,,,,,
joão gomes,Premier Lig,Futbol,Lig,1. Seviye,Çekirdek,Erkek,Kulüp,Takım Sporu,İngiltere,Yabancı,Yok,TV+ Yok,Yıllık,Sürekli Lig,Oyuncu Jenerik,Bilgi,Oyuncu,Jenerik,Türkçe,Head,Oyuncu Jenerik,wolverhampton,,,,,,
joão gomes kimdir,Premier Lig,Futbol,Lig,1. Seviye,Çekirdek,Erkek,Kulüp,Takım Sporu,İngiltere,Yabancı,Yok,TV+ Yok,Yıllık,Sürekli Lig,Oyuncu Bilgi,Bilgi,Oyuncu,Jenerik,Türkçe,Body,Oyuncu Bilgi,wolverhampton,,,,,,
joão gomes hangi takımda,Premier Lig,Futbol,Lig,1. Seviye,Çekirdek,Erkek,Kulüp,Takım Sporu,İngiltere,Yabancı,Yok,TV+ Yok,Yıllık,Sürekli Lig,Oyuncu Bilgi,Bilgi,Oyuncu,Jenerik,Türkçe,Body,Oyuncu Bilgi,wolverhampton,,,,,,
joão gomes istatistik,Premier Lig,Futbol,Lig,1. Seviye,Çekirdek,Erkek,Kulüp,Takım Sporu,İngiltere,Yabancı,Yok,TV+ Yok,Yıllık,Sürekli Lig,İstatistik,Bilgi,Oyuncu,Jenerik,Türkçe,Body,İstatistik,wolverhampton,,,,,,
enso gonzález,Premier Lig,Futbol,Lig,1. Seviye,Çekirdek,Erkek,Kulüp,Takım Sporu,İngiltere,Yabancı,Yok,TV+ Yok,Yıllık,Sürekli Lig,Oyuncu Jenerik,Bilgi,Oyuncu,Jenerik,Türkçe,Head,Oyuncu Jenerik,wolverhampton,,,,,,
enso gonzález kimdir,Premier Lig,Futbol,Lig,1. Seviye,Çekirdek,Erkek,Kulüp,Takım Sporu,İngiltere,Yabancı,Yok,TV+ Yok,Yıllık,Sürekli Lig,Oyuncu Bilgi,Bilgi,Oyuncu,Jenerik,Türkçe,Body,Oyuncu Bilgi,wolverhampton,,,,,,
enso gonzález hangi takımda,Premier Lig,Futbol,Lig,1. Seviye,Çekirdek,Erkek,Kulüp,Takım Sporu,İngiltere,Yabancı,Yok,TV+ Yok,Yıllık,Sürekli Lig,Oyuncu Bilgi,Bilgi,Oyuncu,Jenerik,Türkçe,Body,Oyuncu Bilgi,wolverhampton,,,,,,
enso gonzález istatistik,Premier Lig,Futbol,Lig,1. Seviye,Çekirdek,Erkek,Kulüp,Takım Sporu,İngiltere,Yabancı,Yok,TV+ Yok,Yıllık,Sürekli Lig,İstatistik,Bilgi,Oyuncu,Jenerik,Türkçe,Body,İstatistik,wolverhampton,,,,,,
ladislav krejčí,Premier Lig,Futbol,Lig,1. Seviye,Çekirdek,Erkek,Kulüp,Takım Sporu,İngiltere,Yabancı,Yok,TV+ Yok,Yıllık,Sürekli Lig,Oyuncu Jenerik,Bilgi,Oyuncu,Jenerik,Türkçe,Head,Oyuncu Jenerik,wolverhampton,,,,,,
ladislav krejčí kimdir,Premier Lig,Futbol,Lig,1. Seviye,Çekirdek,Erkek,Kulüp,Takım Sporu,İngiltere,Yabancı,Yok,TV+ Yok,Yıllık,Sürekli Lig,Oyuncu Bilgi,Bilgi,Oyuncu,Jenerik,Türkçe,Body,Oyuncu Bilgi,wolverhampton,,,,,,
ladislav krejčí hangi takımda,Premier Lig,Futbol,Lig,1. Seviye,Çekirdek,Erkek,Kulüp,Takım Sporu,İngiltere,Yabancı,Yok,TV+ Yok,Yıllık,Sürekli Lig,Oyuncu Bilgi,Bilgi,Oyuncu,Jenerik,Türkçe,Body,Oyuncu Bilgi,wolverhampton,,,,,,
ladislav krejčí istatistik,Premier Lig,Futbol,Lig,1. Seviye,Çekirdek,Erkek,Kulüp,Takım Sporu,İngiltere,Yabancı,Yok,TV+ Yok,Yıllık,Sürekli Lig,İstatistik,Bilgi,Oyuncu,Jenerik,Türkçe,Body,İstatistik,wolverhampton,,,,,,
martin dúbravka,Premier Lig,Futbol,Lig,1. Seviye,Çekirdek,Erkek,Kulüp,Takım Sporu,İngiltere,Yabancı,Yok,TV+ Yok,Yıllık,Sürekli Lig,Oyuncu Jenerik,Bilgi,Oyuncu,Jenerik,Türkçe,Head,Oyuncu Jenerik,burnley,,,,,,
martin dúbravka kimdir,Premier Lig,Futbol,Lig,1. Seviye,Çekirdek,Erkek,Kulüp,Takım Sporu,İngiltere,Yabancı,Yok,TV+ Yok,Yıllık,Sürekli Lig,Oyuncu Bilgi,Bilgi,Oyuncu,Jenerik,Türkçe,Body,Oyuncu Bilgi,burnley,,,,,,
martin dúbravka hangi takımda,Premier Lig,Futbol,Lig,1. Seviye,Çekirdek,Erkek,Kulüp,Takım Sporu,İngiltere,Yabancı,Yok,TV+ Yok,Yıllık,Sürekli Lig,Oyuncu Bilgi,Bilgi,Oyuncu,Jenerik,Türkçe,Body,Oyuncu Bilgi,burnley,,,,,,
martin dúbravka istatistik,Premier Lig,Futbol,Lig,1. Seviye,Çekirdek,Erkek,Kulüp,Takım Sporu,İngiltere,Yabancı,Yok,TV+ Yok,Yıllık,Sürekli Lig,İstatistik,Bilgi,Oyuncu,Jenerik,Türkçe,Body,İstatistik,burnley,,,,,,
florentino luís,Premier Lig,Futbol,Lig,1. Seviye,Çekirdek,Erkek,Kulüp,Takım Sporu,İngiltere,Yabancı,Yok,TV+ Yok,Yıllık,Sürekli Lig,Oyuncu Jenerik,Bilgi,Oyuncu,Jenerik,Türkçe,Head,Oyuncu Jenerik,burnley,,,,,,
florentino luís kimdir,Premier Lig,Futbol,Lig,1. Seviye,Çekirdek,Erkek,Kulüp,Takım Sporu,İngiltere,Yabancı,Yok,TV+ Yok,Yıllık,Sürekli Lig,Oyuncu Bilgi,Bilgi,Oyuncu,Jenerik,Türkçe,Body,Oyuncu Bilgi,burnley,,,,,,
florentino luís hangi takımda,Premier Lig,Futbol,Lig,1. Seviye,Çekirdek,Erkek,Kulüp,Takım Sporu,İngiltere,Yabancı,Yok,TV+ Yok,Yıllık,Sürekli Lig,Oyuncu Bilgi,Bilgi,Oyuncu,Jenerik,Türkçe,Body,Oyuncu Bilgi,burnley,,,,,,
florentino luís istatistik,Premier Lig,Futbol,Lig,1. Seviye,Çekirdek,Erkek,Kulüp,Takım Sporu,İngiltere,Yabancı,Yok,TV+ Yok,Yıllık,Sürekli Lig,İstatistik,Bilgi,Oyuncu,Jenerik,Türkçe,Body,İstatistik,burnley,,,,,,
bertrand traoré,Premier Lig,Futbol,Lig,1. Seviye,Çekirdek,Erkek,Kulüp,Takım Sporu,İngiltere,Yabancı,Yok,TV+ Yok,Yıllık,Sürekli Lig,Oyuncu Jenerik,Bilgi,Oyuncu,Jenerik,Türkçe,Head,Oyuncu Jenerik,sunderland,,,,,,
bertrand traoré kimdir,Premier Lig,Futbol,Lig,1. Seviye,Çekirdek,Erkek,Kulüp,Takım Sporu,İngiltere,Yabancı,Yok,TV+ Yok,Yıllık,Sürekli Lig,Oyuncu Bilgi,Bilgi,Oyuncu,Jenerik,Türkçe,Body,Oyuncu Bilgi,sunderland,,,,,,
bertrand traoré hangi takımda,Premier Lig,Futbol,Lig,1. Seviye,Çekirdek,Erkek,Kulüp,Takım Sporu,İngiltere,Yabancı,Yok,TV+ Yok,Yıllık,Sürekli Lig,Oyuncu Bilgi,Bilgi,Oyuncu,Jenerik,Türkçe,Body,Oyuncu Bilgi,sunderland,,,,,,
bertrand traoré istatistik,Premier Lig,Futbol,Lig,1. Seviye,Çekirdek,Erkek,Kulüp,Takım Sporu,İngiltere,Yabancı,Yok,TV+ Yok,Yıllık,Sürekli Lig,İstatistik,Bilgi,Oyuncu,Jenerik,Türkçe,Body,İstatistik,sunderland,,,,,,
enzo le fée,Premier Lig,Futbol,Lig,1. Seviye,Çekirdek,Erkek,Kulüp,Takım Sporu,İngiltere,Yabancı,Yok,TV+ Yok,Yıllık,Sürekli Lig,Oyuncu Jenerik,Bilgi,Oyuncu,Jenerik,Türkçe,Body,Oyuncu Jenerik,sunderland,,,,,,
enzo le fée kimdir,Premier Lig,Futbol,Lig,1. Seviye,Çekirdek,Erkek,Kulüp,Takım Sporu,İngiltere,Yabancı,Yok,TV+ Yok,Yıllık,Sürekli Lig,Oyuncu Bilgi,Bilgi,Oyuncu,Jenerik,Türkçe,Body,Oyuncu Bilgi,sunderland,,,,,,
enzo le fée hangi takımda,Premier Lig,Futbol,Lig,1. Seviye,Çekirdek,Erkek,Kulüp,Takım Sporu,İngiltere,Yabancı,Yok,TV+ Yok,Yıllık,Sürekli Lig,Oyuncu Bilgi,Bilgi,Oyuncu,Jenerik,Türkçe,Long-tail,Oyuncu Bilgi,sunderland,,,,,,
enzo le fée istatistik,Premier Lig,Futbol,Lig,1. Seviye,Çekirdek,Erkek,Kulüp,Takım Sporu,İngiltere,Yabancı,Yok,TV+ Yok,Yıllık,Sürekli Lig,İstatistik,Bilgi,Oyuncu,Jenerik,Türkçe,Body,İstatistik,sunderland,,,,,,
amerika birleşik devletleri,Bundesliga,Futbol,Lig,1. Seviye,Çekirdek,Erkek,Kulüp,Takım Sporu,Almanya,Yabancı,Yok,TV+ Yok,Yıllık,Sürekli Lig,Oyuncu Jenerik,Bilgi,Oyuncu,Jenerik,Türkçe,Body,Oyuncu Jenerik,bayern münih,,,,,,
amerika birleşik devletleri kimdir,Bundesliga,Futbol,Lig,1. Seviye,Çekirdek,Erkek,Kulüp,Takım Sporu,Almanya,Yabancı,Yok,TV+ Yok,Yıllık,Sürekli Lig,Oyuncu Bilgi,Bilgi,Oyuncu,Jenerik,Türkçe,Body,Oyuncu Bilgi,bayern münih,,,,,,
amerika birleşik devletleri hangi takımda,Bundesliga,Futbol,Lig,1. Seviye,Çekirdek,Erkek,Kulüp,Takım Sporu,Almanya,Yabancı,Yok,TV+ Yok,Yıllık,Sürekli Lig,Oyuncu Bilgi,Bilgi,Oyuncu,Jenerik,Türkçe,Long-tail,Oyuncu Bilgi,bayern münih,,,,,,
amerika birleşik devletleri istatistik,Bundesliga,Futbol,Lig,1. Seviye,Çekirdek,Erkek,Kulüp,Takım Sporu,Almanya,Yabancı,Yok,TV+ Yok,Yıllık,Sürekli Lig,İstatistik,Bilgi,Oyuncu,Jenerik,Türkçe,Body,İstatistik,bayern münih,,,,,,
vladimir lučić,Bundesliga,Futbol,Lig,1. Seviye,Çekirdek,Erkek,Kulüp,Takım Sporu,Almanya,Yabancı,Yok,TV+ Yok,Yıllık,Sürekli Lig,Oyuncu Jenerik,Bilgi,Oyuncu,Jenerik,Türkçe,Head,Oyuncu Jenerik,bayern münih,,,,,,
vladimir lučić kimdir,Bundesliga,Futbol,Lig,1. Seviye,Çekirdek,Erkek,Kulüp,Takım Sporu,Almanya,Yabancı,Yok,TV+ Yok,Yıllık,Sürekli Lig,Oyuncu Bilgi,Bilgi,Oyuncu,Jenerik,Türkçe,Body,Oyuncu Bilgi,bayern münih,,,,,,
vladimir lučić hangi takımda,Bundesliga,Futbol,Lig,1. Seviye,Çekirdek,Erkek,Kulüp,Takım Sporu,Almanya,Yabancı,Yok,TV+ Yok,Yıllık,Sürekli Lig,Oyuncu Bilgi,Bilgi,Oyuncu,Jenerik,Türkçe,Body,Oyuncu Bilgi,bayern münih,,,,,,
vladimir lučić istatistik,Bundesliga,Futbol,Lig,1. Seviye,Çekirdek,Erkek,Kulüp,Takım Sporu,Almanya,Yabancı,Yok,TV+ Yok,Yıllık,Sürekli Lig,İstatistik,Bilgi,Oyuncu,Jenerik,Türkçe,Body,İstatistik,bayern münih,,,,,,
canadian soccer association,Bundesliga,Futbol,Lig,1. Seviye,Çekirdek,Erkek,Kulüp,Takım Sporu,Almanya,Yabancı,Yok,TV+ Yok,Yıllık,Sürekli Lig,Oyuncu Jenerik,Bilgi,Oyuncu,Jenerik,İngilizce,Body,Oyuncu Jenerik,bayer leverkusen,,,,,,
canadian soccer association kimdir,Bundesliga,Futbol,Lig,1. Seviye,Çekirdek,Erkek,Kulüp,Takım Sporu,Almanya,Yabancı,Yok,TV+ Yok,Yıllık,Sürekli Lig,Oyuncu Bilgi,Bilgi,Oyuncu,Jenerik,İngilizce,Body,Oyuncu Bilgi,bayer leverkusen,,,,,,
canadian soccer association hangi takımda,Bundesliga,Futbol,Lig,1. Seviye,Çekirdek,Erkek,Kulüp,Takım Sporu,Almanya,Yabancı,Yok,TV+ Yok,Yıllık,Sürekli Lig,Oyuncu Bilgi,Bilgi,Oyuncu,Jenerik,Türkçe,Long-tail,Oyuncu Bilgi,bayer leverkusen,,,,,,
canadian soccer association istatistik,Bundesliga,Futbol,Lig,1. Seviye,Çekirdek,Erkek,Kulüp,Takım Sporu,Almanya,Yabancı,Yok,TV+ Yok,Yıllık,Sürekli Lig,İstatistik,Bilgi,Oyuncu,Jenerik,İngilizce,Body,İstatistik,bayer leverkusen,,,,,,
rafaela borggräfe,Bundesliga,Futbol,Lig,1. Seviye,Çekirdek,Erkek,Kulüp,Takım Sporu,Almanya,Yabancı,Yok,TV+ Yok,Yıllık,Sürekli Lig,Oyuncu Jenerik,Bilgi,Oyuncu,Jenerik,Türkçe,Head,Oyuncu Jenerik,bayer leverkusen,,,,,,
rafaela borggräfe kimdir,Bundesliga,Futbol,Lig,1. Seviye,Çekirdek,Erkek,Kulüp,Takım Sporu,Almanya,Yabancı,Yok,TV+ Yok,Yıllık,Sürekli Lig,Oyuncu Bilgi,Bilgi,Oyuncu,Jenerik,Türkçe,Body,Oyuncu Bilgi,bayer leverkusen,,,,,,
rafaela borggräfe hangi takımda,Bundesliga,Futbol,Lig,1. Seviye,Çekirdek,Erkek,Kulüp,Takım Sporu,Almanya,Yabancı,Yok,TV+ Yok,Yıllık,Sürekli Lig,Oyuncu Bilgi,Bilgi,Oyuncu,Jenerik,Türkçe,Body,Oyuncu Bilgi,bayer leverkusen,,,,,,
rafaela borggräfe istatistik,Bundesliga,Futbol,Lig,1. Seviye,Çekirdek,Erkek,Kulüp,Takım Sporu,Almanya,Yabancı,Yok,TV+ Yok,Yıllık,Sürekli Lig,İstatistik,Bilgi,Oyuncu,Jenerik,Türkçe,Body,İstatistik,bayer leverkusen,,,,,,
lilla turányi,Bundesliga,Futbol,Lig,1. Seviye,Çekirdek,Erkek,Kulüp,Takım Sporu,Almanya,Yabancı,Yok,TV+ Yok,Yıllık,Sürekli Lig,Oyuncu Jenerik,Bilgi,Oyuncu,Jenerik,Türkçe,Head,Oyuncu Jenerik,bayer leverkusen,,,,,,
lilla turányi kimdir,Bundesliga,Futbol,Lig,1. Seviye,Çekirdek,Erkek,Kulüp,Takım Sporu,Almanya,Yabancı,Yok,TV+ Yok,Yıllık,Sürekli Lig,Oyuncu Bilgi,Bilgi,Oyuncu,Jenerik,Türkçe,Body,Oyuncu Bilgi,bayer leverkusen,,,,,,
lilla turányi hangi takımda,Bundesliga,Futbol,Lig,1. Seviye,Çekirdek,Erkek,Kulüp,Takım Sporu,Almanya,Yabancı,Yok,TV+ Yok,Yıllık,Sürekli Lig,Oyuncu Bilgi,Bilgi,Oyuncu,Jenerik,Türkçe,Body,Oyuncu Bilgi,bayer leverkusen,,,,,,
lilla turányi istatistik,Bundesliga,Futbol,Lig,1. Seviye,Çekirdek,Erkek,Kulüp,Takım Sporu,Almanya,Yabancı,Yok,TV+ Yok,Yıllık,Sürekli Lig,İstatistik,Bilgi,Oyuncu,Jenerik,Türkçe,Body,İstatistik,bayer leverkusen,,,,,,
elvira herzog,Bundesliga,Futbol,Lig,1. Seviye,Çekirdek,Erkek,Kulüp,Takım Sporu,Almanya,Yabancı,Yok,TV+ Yok,Yıllık,Sürekli Lig,Oyuncu Jenerik,Bilgi,Oyuncu,Jenerik,İngilizce,Head,Oyuncu Jenerik,rb leipzig,,,,,,
elvira herzog kimdir,Bundesliga,Futbol,Lig,1. Seviye,Çekirdek,Erkek,Kulüp,Takım Sporu,Almanya,Yabancı,Yok,TV+ Yok,Yıllık,Sürekli Lig,Oyuncu Bilgi,Bilgi,Oyuncu,Jenerik,İngilizce,Body,Oyuncu Bilgi,rb leipzig,,,,,,
elvira herzog hangi takımda,Bundesliga,Futbol,Lig,1. Seviye,Çekirdek,Erkek,Kulüp,Takım Sporu,Almanya,Yabancı,Yok,TV+ Yok,Yıllık,Sürekli Lig,Oyuncu Bilgi,Bilgi,Oyuncu,Jenerik,Türkçe,Body,Oyuncu Bilgi,rb leipzig,,,,,,
elvira herzog istatistik,Bundesliga,Futbol,Lig,1. Seviye,Çekirdek,Erkek,Kulüp,Takım Sporu,Almanya,Yabancı,Yok,TV+ Yok,Yıllık,Sürekli Lig,İstatistik,Bilgi,Oyuncu,Jenerik,İngilizce,Body,İstatistik,rb leipzig,,,,,,
andrea norheim,Bundesliga,Futbol,Lig,1. Seviye,Çekirdek,Erkek,Kulüp,Takım Sporu,Almanya,Yabancı,Yok,TV+ Yok,Yıllık,Sürekli Lig,Oyuncu Jenerik,Bilgi,Oyuncu,Jenerik,İngilizce,Head,Oyuncu Jenerik,rb leipzig,,,,,,
andrea norheim kimdir,Bundesliga,Futbol,Lig,1. Seviye,Çekirdek,Erkek,Kulüp,Takım Sporu,Almanya,Yabancı,Yok,TV+ Yok,Yıllık,Sürekli Lig,Oyuncu Bilgi,Bilgi,Oyuncu,Jenerik,İngilizce,Body,Oyuncu Bilgi,rb leipzig,,,,,,
andrea norheim hangi takımda,Bundesliga,Futbol,Lig,1. Seviye,Çekirdek,Erkek,Kulüp,Takım Sporu,Almanya,Yabancı,Yok,TV+ Yok,Yıllık,Sürekli Lig,Oyuncu Bilgi,Bilgi,Oyuncu,Jenerik,Türkçe,Body,Oyuncu Bilgi,rb leipzig,,,,,,
andrea norheim istatistik,Bundesliga,Futbol,Lig,1. Seviye,Çekirdek,Erkek,Kulüp,Takım Sporu,Almanya,Yabancı,Yok,TV+ Yok,Yıllık,Sürekli Lig,İstatistik,Bilgi,Oyuncu,Jenerik,İngilizce,Body,İstatistik,rb leipzig,,,,,,
lou-ann joly,Bundesliga,Futbol,Lig,1. Seviye,Çekirdek,Erkek,Kulüp,Takım Sporu,Almanya,Yabancı,Yok,TV+ Yok,Yıllık,Sürekli Lig,Oyuncu Jenerik,Bilgi,Oyuncu,Jenerik,İngilizce,Head,Oyuncu Jenerik,rb leipzig,,,,,,
lou-ann joly kimdir,Bundesliga,Futbol,Lig,1. Seviye,Çekirdek,Erkek,Kulüp,Takım Sporu,Almanya,Yabancı,Yok,TV+ Yok,Yıllık,Sürekli Lig,Oyuncu Bilgi,Bilgi,Oyuncu,Jenerik,İngilizce,Body,Oyuncu Bilgi,rb leipzig,,,,,,
lou-ann joly hangi takımda,Bundesliga,Futbol,Lig,1. Seviye,Çekirdek,Erkek,Kulüp,Takım Sporu,Almanya,Yabancı,Yok,TV+ Yok,Yıllık,Sürekli Lig,Oyuncu Bilgi,Bilgi,Oyuncu,Jenerik,Türkçe,Body,Oyuncu Bilgi,rb leipzig,,,,,,
lou-ann joly istatistik,Bundesliga,Futbol,Lig,1. Seviye,Çekirdek,Erkek,Kulüp,Takım Sporu,Almanya,Yabancı,Yok,TV+ Yok,Yıllık,Sürekli Lig,İstatistik,Bilgi,Oyuncu,Jenerik,İngilizce,Body,İstatistik,rb leipzig,,,,,,
nikée van dijk,Bundesliga,Futbol,Lig,1. Seviye,Çekirdek,Erkek,Kulüp,Takım Sporu,Almanya,Yabancı,Yok,TV+ Yok,Yıllık,Sürekli Lig,Oyuncu Jenerik,Bilgi,Oyuncu,Jenerik,Türkçe,Body,Oyuncu Jenerik,rb leipzig,,,,,,
nikée van dijk kimdir,Bundesliga,Futbol,Lig,1. Seviye,Çekirdek,Erkek,Kulüp,Takım Sporu,Almanya,Yabancı,Yok,TV+ Yok,Yıllık,Sürekli Lig,Oyuncu Bilgi,Bilgi,Oyuncu,Jenerik,Türkçe,Body,Oyuncu Bilgi,rb leipzig,,,,,,
nikée van dijk hangi takımda,Bundesliga,Futbol,Lig,1. Seviye,Çekirdek,Erkek,Kulüp,Takım Sporu,Almanya,Yabancı,Yok,TV+ Yok,Yıllık,Sürekli Lig,Oyuncu Bilgi,Bilgi,Oyuncu,Jenerik,Türkçe,Long-tail,Oyuncu Bilgi,rb leipzig,,,,,,
nikée van dijk istatistik,Bundesliga,Futbol,Lig,1. Seviye,Çekirdek,Erkek,Kulüp,Takım Sporu,Almanya,Yabancı,Yok,TV+ Yok,Yıllık,Sürekli Lig,İstatistik,Bilgi,Oyuncu,Jenerik,Türkçe,Body,İstatistik,rb leipzig,,,,,,
emilía kiær ásgeirsdóttir,Bundesliga,Futbol,Lig,1. Seviye,Çekirdek,Erkek,Kulüp,Takım Sporu,Almanya,Yabancı,Yok,TV+ Yok,Yıllık,Sürekli Lig,Oyuncu Jenerik,Bilgi,Oyuncu,Jenerik,Türkçe,Body,Oyuncu Jenerik,rb leipzig,,,,,,
emilía kiær ásgeirsdóttir kimdir,Bundesliga,Futbol,Lig,1. Seviye,Çekirdek,Erkek,Kulüp,Takım Sporu,Almanya,Yabancı,Yok,TV+ Yok,Yıllık,Sürekli Lig,Oyuncu Bilgi,Bilgi,Oyuncu,Jenerik,Türkçe,Body,Oyuncu Bilgi,rb leipzig,,,,,,
emilía kiær ásgeirsdóttir hangi takımda,Bundesliga,Futbol,Lig,1. Seviye,Çekirdek,Erkek,Kulüp,Takım Sporu,Almanya,Yabancı,Yok,TV+ Yok,Yıllık,Sürekli Lig,Oyuncu Bilgi,Bilgi,Oyuncu,Jenerik,Türkçe,Long-tail,Oyuncu Bilgi,rb leipzig,,,,,,
emilía kiær ásgeirsdóttir istatistik,Bundesliga,Futbol,Lig,1. Seviye,Çekirdek,Erkek,Kulüp,Takım Sporu,Almanya,Yabancı,Yok,TV+ Yok,Yıllık,Sürekli Lig,İstatistik,Bilgi,Oyuncu,Jenerik,Türkçe,Body,İstatistik,rb leipzig,,,,,,
sandra starke,Bundesliga,Futbol,Lig,1. Seviye,Çekirdek,Erkek,Kulüp,Takım Sporu,Almanya,Yabancı,Yok,TV+ Yok,Yıllık,Sürekli Lig,Oyuncu Jenerik,Bilgi,Oyuncu,Jenerik,İngilizce,Head,Oyuncu Jenerik,rb leipzig,,,,,,
sandra starke kimdir,Bundesliga,Futbol,Lig,1. Seviye,Çekirdek,Erkek,Kulüp,Takım Sporu,Almanya,Yabancı,Yok,TV+ Yok,Yıllık,Sürekli Lig,Oyuncu Bilgi,Bilgi,Oyuncu,Jenerik,İngilizce,Body,Oyuncu Bilgi,rb leipzig,,,,,,
sandra starke hangi takımda,Bundesliga,Futbol,Lig,1. Seviye,Çekirdek,Erkek,Kulüp,Takım Sporu,Almanya,Yabancı,Yok,TV+ Yok,Yıllık,Sürekli Lig,Oyuncu Bilgi,Bilgi,Oyuncu,Jenerik,Türkçe,Body,Oyuncu Bilgi,rb leipzig,,,,,,
sandra starke istatistik,Bundesliga,Futbol,Lig,1. Seviye,Çekirdek,Erkek,Kulüp,Takım Sporu,Almanya,Yabancı,Yok,TV+ Yok,Yıllık,Sürekli Lig,İstatistik,Bilgi,Oyuncu,Jenerik,İngilizce,Body,İstatistik,rb leipzig,,,,,,
marleen schimmer,Bundesliga,Futbol,Lig,1. Seviye,Çekirdek,Erkek,Kulüp,Takım Sporu,Almanya,Yabancı,Yok,TV+ Yok,Yıllık,Sürekli Lig,Oyuncu Jenerik,Bilgi,Oyuncu,Jenerik,İngilizce,Head,Oyuncu Jenerik,rb leipzig,,,,,,
marleen schimmer kimdir,Bundesliga,Futbol,Lig,1. Seviye,Çekirdek,Erkek,Kulüp,Takım Sporu,Almanya,Yabancı,Yok,TV+ Yok,Yıllık,Sürekli Lig,Oyuncu Bilgi,Bilgi,Oyuncu,Jenerik,İngilizce,Body,Oyuncu Bilgi,rb leipzig,,,,,,
marleen schimmer hangi takımda,Bundesliga,Futbol,Lig,1. Seviye,Çekirdek,Erkek,Kulüp,Takım Sporu,Almanya,Yabancı,Yok,TV+ Yok,Yıllık,Sürekli Lig,Oyuncu Bilgi,Bilgi,Oyuncu,Jenerik,Türkçe,Body,Oyuncu Bilgi,rb leipzig,,,,,,
marleen schimmer istatistik,Bundesliga,Futbol,Lig,1. Seviye,Çekirdek,Erkek,Kulüp,Takım Sporu,Almanya,Yabancı,Yok,TV+ Yok,Yıllık,Sürekli Lig,İstatistik,Bilgi,Oyuncu,Jenerik,İngilizce,Body,İstatistik,rb leipzig,,,,,,
diána németh,Bundesliga,Futbol,Lig,1. Seviye,Çekirdek,Erkek,Kulüp,Takım Sporu,Almanya,Yabancı,Yok,TV+ Yok,Yıllık,Sürekli Lig,Oyuncu Jenerik,Bilgi,Oyuncu,Jenerik,Türkçe,Head,Oyuncu Jenerik,rb leipzig,,,,,,
diána németh kimdir,Bundesliga,Futbol,Lig,1. Seviye,Çekirdek,Erkek,Kulüp,Takım Sporu,Almanya,Yabancı,Yok,TV+ Yok,Yıllık,Sürekli Lig,Oyuncu Bilgi,Bilgi,Oyuncu,Jenerik,Türkçe,Body,Oyuncu Bilgi,rb leipzig,,,,,,
diána németh hangi takımda,Bundesliga,Futbol,Lig,1. Seviye,Çekirdek,Erkek,Kulüp,Takım Sporu,Almanya,Yabancı,Yok,TV+ Yok,Yıllık,Sürekli Lig,Oyuncu Bilgi,Bilgi,Oyuncu,Jenerik,Türkçe,Body,Oyuncu Bilgi,rb leipzig,,,,,,
diána németh istatistik,Bundesliga,Futbol,Lig,1. Seviye,Çekirdek,Erkek,Kulüp,Takım Sporu,Almanya,Yabancı,Yok,TV+ Yok,Yıllık,Sürekli Lig,İstatistik,Bilgi,Oyuncu,Jenerik,Türkçe,Body,İstatistik,rb leipzig,,,,,,
annabel schasching,Bundesliga,Futbol,Lig,1. Seviye,Çekirdek,Erkek,Kulüp,Takım Sporu,Almanya,Yabancı,Yok,TV+ Yok,Yıllık,Sürekli Lig,Oyuncu Jenerik,Bilgi,Oyuncu,Jenerik,İngilizce,Head,Oyuncu Jenerik,rb leipzig,,,,,,
annabel schasching kimdir,Bundesliga,Futbol,Lig,1. Seviye,Çekirdek,Erkek,Kulüp,Takım Sporu,Almanya,Yabancı,Yok,TV+ Yok,Yıllık,Sürekli Lig,Oyuncu Bilgi,Bilgi,Oyuncu,Jenerik,İngilizce,Body,Oyuncu Bilgi,rb leipzig,,,,,,
annabel schasching hangi takımda,Bundesliga,Futbol,Lig,1. Seviye,Çekirdek,Erkek,Kulüp,Takım Sporu,Almanya,Yabancı,Yok,TV+ Yok,Yıllık,Sürekli Lig,Oyuncu Bilgi,Bilgi,Oyuncu,Jenerik,Türkçe,Body,Oyuncu Bilgi,rb leipzig,,,,,,
annabel schasching istatistik,Bundesliga,Futbol,Lig,1. Seviye,Çekirdek,Erkek,Kulüp,Takım Sporu,Almanya,Yabancı,Yok,TV+ Yok,Yıllık,Sürekli Lig,İstatistik,Bilgi,Oyuncu,Jenerik,İngilizce,Body,İstatistik,rb leipzig,,,,,,
sára pusztai,Bundesliga,Futbol,Lig,1. Seviye,Çekirdek,Erkek,Kulüp,Takım Sporu,Almanya,Yabancı,Yok,TV+ Yok,Yıllık,Sürekli Lig,Oyuncu Jenerik,Bilgi,Oyuncu,Jenerik,Türkçe,Head,Oyuncu Jenerik,rb leipzig,,,,,,
sára pusztai kimdir,Bundesliga,Futbol,Lig,1. Seviye,Çekirdek,Erkek,Kulüp,Takım Sporu,Almanya,Yabancı,Yok,TV+ Yok,Yıllık,Sürekli Lig,Oyuncu Bilgi,Bilgi,Oyuncu,Jenerik,Türkçe,Body,Oyuncu Bilgi,rb leipzig,,,,,,
sára pusztai hangi takımda,Bundesliga,Futbol,Lig,1. Seviye,Çekirdek,Erkek,Kulüp,Takım Sporu,Almanya,Yabancı,Yok,TV+ Yok,Yıllık,Sürekli Lig,Oyuncu Bilgi,Bilgi,Oyuncu,Jenerik,Türkçe,Body,Oyuncu Bilgi,rb leipzig,,,,,,
sára pusztai istatistik,Bundesliga,Futbol,Lig,1. Seviye,Çekirdek,Erkek,Kulüp,Takım Sporu,Almanya,Yabancı,Yok,TV+ Yok,Yıllık,Sürekli Lig,İstatistik,Bilgi,Oyuncu,Jenerik,Türkçe,Body,İstatistik,rb leipzig,,,,,,
alieke tuin,Bundesliga,Futbol,Lig,1. Seviye,Çekirdek,Erkek,Kulüp,Takım Sporu,Almanya,Yabancı,Yok,TV+ Yok,Yıllık,Sürekli Lig,Oyuncu Jenerik,Bilgi,Oyuncu,Jenerik,İngilizce,Head,Oyuncu Jenerik,rb leipzig,,,,,,
alieke tuin kimdir,Bundesliga,Futbol,Lig,1. Seviye,Çekirdek,Erkek,Kulüp,Takım Sporu,Almanya,Yabancı,Yok,TV+ Yok,Yıllık,Sürekli Lig,Oyuncu Bilgi,Bilgi,Oyuncu,Jenerik,İngilizce,Body,Oyuncu Bilgi,rb leipzig,,,,,,
alieke tuin hangi takımda,Bundesliga,Futbol,Lig,1. Seviye,Çekirdek,Erkek,Kulüp,Takım Sporu,Almanya,Yabancı,Yok,TV+ Yok,Yıllık,Sürekli Lig,Oyuncu Bilgi,Bilgi,Oyuncu,Jenerik,Türkçe,Body,Oyuncu Bilgi,rb leipzig,,,,,,
alieke tuin istatistik,Bundesliga,Futbol,Lig,1. Seviye,Çekirdek,Erkek,Kulüp,Takım Sporu,Almanya,Yabancı,Yok,TV+ Yok,Yıllık,Sürekli Lig,İstatistik,Bilgi,Oyuncu,Jenerik,İngilizce,Body,İstatistik,rb leipzig,,,,,,
therese simonsson,Bundesliga,Futbol,Lig,1. Seviye,Çekirdek,Erkek,Kulüp,Takım Sporu,Almanya,Yabancı,Yok,TV+ Yok,Yıllık,Sürekli Lig,Oyuncu Jenerik,Bilgi,Oyuncu,Jenerik,İngilizce,Head,Oyuncu Jenerik,rb leipzig,,,,,,
therese simonsson kimdir,Bundesliga,Futbol,Lig,1. Seviye,Çekirdek,Erkek,Kulüp,Takım Sporu,Almanya,Yabancı,Yok,TV+ Yok,Yıllık,Sürekli Lig,Oyuncu Bilgi,Bilgi,Oyuncu,Jenerik,İngilizce,Body,Oyuncu Bilgi,rb leipzig,,,,,,
therese simonsson hangi takımda,Bundesliga,Futbol,Lig,1. Seviye,Çekirdek,Erkek,Kulüp,Takım Sporu,Almanya,Yabancı,Yok,TV+ Yok,Yıllık,Sürekli Lig,Oyuncu Bilgi,Bilgi,Oyuncu,Jenerik,Türkçe,Body,Oyuncu Bilgi,rb leipzig,,,,,,
therese simonsson istatistik,Bundesliga,Futbol,Lig,1. Seviye,Çekirdek,Erkek,Kulüp,Takım Sporu,Almanya,Yabancı,Yok,TV+ Yok,Yıllık,Sürekli Lig,İstatistik,Bilgi,Oyuncu,Jenerik,İngilizce,Body,İstatistik,rb leipzig,,,,,,
lara marti,Bundesliga,Futbol,Lig,1. Seviye,Çekirdek,Erkek,Kulüp,Takım Sporu,Almanya,Yabancı,Yok,TV+ Yok,Yıllık,Sürekli Lig,Oyuncu Jenerik,Bilgi,Oyuncu,Jenerik,İngilizce,Head,Oyuncu Jenerik,rb leipzig,,,,,,
lara marti kimdir,Bundesliga,Futbol,Lig,1. Seviye,Çekirdek,Erkek,Kulüp,Takım Sporu,Almanya,Yabancı,Yok,TV+ Yok,Yıllık,Sürekli Lig,Oyuncu Bilgi,Bilgi,Oyuncu,Jenerik,İngilizce,Body,Oyuncu Bilgi,rb leipzig,,,,,,
lara marti hangi takımda,Bundesliga,Futbol,Lig,1. Seviye,Çekirdek,Erkek,Kulüp,Takım Sporu,Almanya,Yabancı,Yok,TV+ Yok,Yıllık,Sürekli Lig,Oyuncu Bilgi,Bilgi,Oyuncu,Jenerik,Türkçe,Body,Oyuncu Bilgi,rb leipzig,,,,,,
lara marti istatistik,Bundesliga,Futbol,Lig,1. Seviye,Çekirdek,Erkek,Kulüp,Takım Sporu,Almanya,Yabancı,Yok,TV+ Yok,Yıllık,Sürekli Lig,İstatistik,Bilgi,Oyuncu,Jenerik,İngilizce,Body,İstatistik,rb leipzig,,,,,,
mai kadowaki,Bundesliga,Futbol,Lig,1. Seviye,Çekirdek,Erkek,Kulüp,Takım Sporu,Almanya,Yabancı,Yok,TV+ Yok,Yıllık,Sürekli Lig,Oyuncu Jenerik,Bilgi,Oyuncu,Jenerik,İngilizce,Head,Oyuncu Jenerik,rb leipzig,,,,,,
mai kadowaki kimdir,Bundesliga,Futbol,Lig,1. Seviye,Çekirdek,Erkek,Kulüp,Takım Sporu,Almanya,Yabancı,Yok,TV+ Yok,Yıllık,Sürekli Lig,Oyuncu Bilgi,Bilgi,Oyuncu,Jenerik,İngilizce,Body,Oyuncu Bilgi,rb leipzig,,,,,,
mai kadowaki hangi takımda,Bundesliga,Futbol,Lig,1. Seviye,Çekirdek,Erkek,Kulüp,Takım Sporu,Almanya,Yabancı,Yok,TV+ Yok,Yıllık,Sürekli Lig,Oyuncu Bilgi,Bilgi,Oyuncu,Jenerik,Türkçe,Body,Oyuncu Bilgi,rb leipzig,,,,,,
mai kadowaki istatistik,Bundesliga,Futbol,Lig,1. Seviye,Çekirdek,Erkek,Kulüp,Takım Sporu,Almanya,Yabancı,Yok,TV+ Yok,Yıllık,Sürekli Lig,İstatistik,Bilgi,Oyuncu,Jenerik,İngilizce,Body,İstatistik,rb leipzig,,,,,,
rb omiya ardija,Bundesliga,Futbol,Lig,1. Seviye,Çekirdek,Erkek,Kulüp,Takım Sporu,Almanya,Yabancı,Yok,TV+ Yok,Yıllık,Sürekli Lig,Oyuncu Jenerik,Bilgi,Oyuncu,Jenerik,İngilizce,Body,Oyuncu Jenerik,rb leipzig,,,,,,
rb omiya ardija kimdir,Bundesliga,Futbol,Lig,1. Seviye,Çekirdek,Erkek,Kulüp,Takım Sporu,Almanya,Yabancı,Yok,TV+ Yok,Yıllık,Sürekli Lig,Oyuncu Bilgi,Bilgi,Oyuncu,Jenerik,İngilizce,Body,Oyuncu Bilgi,rb leipzig,,,,,,
rb omiya ardija hangi takımda,Bundesliga,Futbol,Lig,1. Seviye,Çekirdek,Erkek,Kulüp,Takım Sporu,Almanya,Yabancı,Yok,TV+ Yok,Yıllık,Sürekli Lig,Oyuncu Bilgi,Bilgi,Oyuncu,Jenerik,Türkçe,Long-tail,Oyuncu Bilgi,rb leipzig,,,,,,
rb omiya ardija istatistik,Bundesliga,Futbol,Lig,1. Seviye,Çekirdek,Erkek,Kulüp,Takım Sporu,Almanya,Yabancı,Yok,TV+ Yok,Yıllık,Sürekli Lig,İstatistik,Bilgi,Oyuncu,Jenerik,İngilizce,Body,İstatistik,rb leipzig,,,,,,
aurèle amenda,Bundesliga,Futbol,Lig,1. Seviye,Çekirdek,Erkek,Kulüp,Takım Sporu,Almanya,Yabancı,Yok,TV+ Yok,Yıllık,Sürekli Lig,Oyuncu Jenerik,Bilgi,Oyuncu,Jenerik,Türkçe,Head,Oyuncu Jenerik,eintracht frankfurt,,,,,,
aurèle amenda kimdir,Bundesliga,Futbol,Lig,1. Seviye,Çekirdek,Erkek,Kulüp,Takım Sporu,Almanya,Yabancı,Yok,TV+ Yok,Yıllık,Sürekli Lig,Oyuncu Bilgi,Bilgi,Oyuncu,Jenerik,Türkçe,Body,Oyuncu Bilgi,eintracht frankfurt,,,,,,
aurèle amenda hangi takımda,Bundesliga,Futbol,Lig,1. Seviye,Çekirdek,Erkek,Kulüp,Takım Sporu,Almanya,Yabancı,Yok,TV+ Yok,Yıllık,Sürekli Lig,Oyuncu Bilgi,Bilgi,Oyuncu,Jenerik,Türkçe,Body,Oyuncu Bilgi,eintracht frankfurt,,,,,,
aurèle amenda istatistik,Bundesliga,Futbol,Lig,1. Seviye,Çekirdek,Erkek,Kulüp,Takım Sporu,Almanya,Yabancı,Yok,TV+ Yok,Yıllık,Sürekli Lig,İstatistik,Bilgi,Oyuncu,Jenerik,Türkçe,Body,İstatistik,eintracht frankfurt,,,,,,
farès chaïbi,Bundesliga,Futbol,Lig,1. Seviye,Çekirdek,Erkek,Kulüp,Takım Sporu,Almanya,Yabancı,Yok,TV+ Yok,Yıllık,Sürekli Lig,Oyuncu Jenerik,Bilgi,Oyuncu,Jenerik,Türkçe,Head,Oyuncu Jenerik,eintracht frankfurt,,,,,,
farès chaïbi kimdir,Bundesliga,Futbol,Lig,1. Seviye,Çekirdek,Erkek,Kulüp,Takım Sporu,Almanya,Yabancı,Yok,TV+ Yok,Yıllık,Sürekli Lig,Oyuncu Bilgi,Bilgi,Oyuncu,Jenerik,Türkçe,Body,Oyuncu Bilgi,eintracht frankfurt,,,,,,
farès chaïbi hangi takımda,Bundesliga,Futbol,Lig,1. Seviye,Çekirdek,Erkek,Kulüp,Takım Sporu,Almanya,Yabancı,Yok,TV+ Yok,Yıllık,Sürekli Lig,Oyuncu Bilgi,Bilgi,Oyuncu,Jenerik,Türkçe,Body,Oyuncu Bilgi,eintracht frankfurt,,,,,,
farès chaïbi istatistik,Bundesliga,Futbol,Lig,1. Seviye,Çekirdek,Erkek,Kulüp,Takım Sporu,Almanya,Yabancı,Yok,TV+ Yok,Yıllık,Sürekli Lig,İstatistik,Bilgi,Oyuncu,Jenerik,Türkçe,Body,İstatistik,eintracht frankfurt,,,,,,
ritsu dōan,Bundesliga,Futbol,Lig,1. Seviye,Çekirdek,Erkek,Kulüp,Takım Sporu,Almanya,Yabancı,Yok,TV+ Yok,Yıllık,Sürekli Lig,Oyuncu Jenerik,Bilgi,Oyuncu,Jenerik,Türkçe,Head,Oyuncu Jenerik,eintracht frankfurt,,,,,,
ritsu dōan kimdir,Bundesliga,Futbol,Lig,1. Seviye,Çekirdek,Erkek,Kulüp,Takım Sporu,Almanya,Yabancı,Yok,TV+ Yok,Yıllık,Sürekli Lig,Oyuncu Bilgi,Bilgi,Oyuncu,Jenerik,Türkçe,Body,Oyuncu Bilgi,eintracht frankfurt,,,,,,
ritsu dōan hangi takımda,Bundesliga,Futbol,Lig,1. Seviye,Çekirdek,Erkek,Kulüp,Takım Sporu,Almanya,Yabancı,Yok,TV+ Yok,Yıllık,Sürekli Lig,Oyuncu Bilgi,Bilgi,Oyuncu,Jenerik,Türkçe,Body,Oyuncu Bilgi,eintracht frankfurt,,,,,,
ritsu dōan istatistik,Bundesliga,Futbol,Lig,1. Seviye,Çekirdek,Erkek,Kulüp,Takım Sporu,Almanya,Yabancı,Yok,TV+ Yok,Yıllık,Sürekli Lig,İstatistik,Bilgi,Oyuncu,Jenerik,Türkçe,Body,İstatistik,eintracht frankfurt,,,,,,
maximilian mittelstädt,Bundesliga,Futbol,Lig,1. Seviye,Çekirdek,Erkek,Kulüp,Takım Sporu,Almanya,Yabancı,Yok,TV+ Yok,Yıllık,Sürekli Lig,Oyuncu Jenerik,Bilgi,Oyuncu,Jenerik,Türkçe,Head,Oyuncu Jenerik,vfb stuttgart,,,,,,
maximilian mittelstädt kimdir,Bundesliga,Futbol,Lig,1. Seviye,Çekirdek,Erkek,Kulüp,Takım Sporu,Almanya,Yabancı,Yok,TV+ Yok,Yıllık,Sürekli Lig,Oyuncu Bilgi,Bilgi,Oyuncu,Jenerik,Türkçe,Body,Oyuncu Bilgi,vfb stuttgart,,,,,,
maximilian mittelstädt hangi takımda,Bundesliga,Futbol,Lig,1. Seviye,Çekirdek,Erkek,Kulüp,Takım Sporu,Almanya,Yabancı,Yok,TV+ Yok,Yıllık,Sürekli Lig,Oyuncu Bilgi,Bilgi,Oyuncu,Jenerik,Türkçe,Body,Oyuncu Bilgi,vfb stuttgart,,,,,,
maximilian mittelstädt istatistik,Bundesliga,Futbol,Lig,1. Seviye,Çekirdek,Erkek,Kulüp,Takım Sporu,Almanya,Yabancı,Yok,TV+ Yok,Yıllık,Sürekli Lig,İstatistik,Bilgi,Oyuncu,Jenerik,Türkçe,Body,İstatistik,vfb stuttgart,,,,,,
tiago tomás,Bundesliga,Futbol,Lig,1. Seviye,Çekirdek,Erkek,Kulüp,Takım Sporu,Almanya,Yabancı,Yok,TV+ Yok,Yıllık,Sürekli Lig,Oyuncu Jenerik,Bilgi,Oyuncu,Jenerik,Türkçe,Head,Oyuncu Jenerik,vfb stuttgart,,,,,,
tiago tomás kimdir,Bundesliga,Futbol,Lig,1. Seviye,Çekirdek,Erkek,Kulüp,Takım Sporu,Almanya,Yabancı,Yok,TV+ Yok,Yıllık,Sürekli Lig,Oyuncu Bilgi,Bilgi,Oyuncu,Jenerik,Türkçe,Body,Oyuncu Bilgi,vfb stuttgart,,,,,,
tiago tomás hangi takımda,Bundesliga,Futbol,Lig,1. Seviye,Çekirdek,Erkek,Kulüp,Takım Sporu,Almanya,Yabancı,Yok,TV+ Yok,Yıllık,Sürekli Lig,Oyuncu Bilgi,Bilgi,Oyuncu,Jenerik,Türkçe,Body,Oyuncu Bilgi,vfb stuttgart,,,,,,
tiago tomás istatistik,Bundesliga,Futbol,Lig,1. Seviye,Çekirdek,Erkek,Kulüp,Takım Sporu,Almanya,Yabancı,Yok,TV+ Yok,Yıllık,Sürekli Lig,İstatistik,Bilgi,Oyuncu,Jenerik,Türkçe,Body,İstatistik,vfb stuttgart,,,,,,
ermedin demirović,Bundesliga,Futbol,Lig,1. Seviye,Çekirdek,Erkek,Kulüp,Takım Sporu,Almanya,Yabancı,Yok,TV+ Yok,Yıllık,Sürekli Lig,Oyuncu Jenerik,Bilgi,Oyuncu,Jenerik,Türkçe,Head,Oyuncu Jenerik,vfb stuttgart,,,,,,
ermedin demirović kimdir,Bundesliga,Futbol,Lig,1. Seviye,Çekirdek,Erkek,Kulüp,Takım Sporu,Almanya,Yabancı,Yok,TV+ Yok,Yıllık,Sürekli Lig,Oyuncu Bilgi,Bilgi,Oyuncu,Jenerik,Türkçe,Body,Oyuncu Bilgi,vfb stuttgart,,,,,,
ermedin demirović hangi takımda,Bundesliga,Futbol,Lig,1. Seviye,Çekirdek,Erkek,Kulüp,Takım Sporu,Almanya,Yabancı,Yok,TV+ Yok,Yıllık,Sürekli Lig,Oyuncu Bilgi,Bilgi,Oyuncu,Jenerik,Türkçe,Body,Oyuncu Bilgi,vfb stuttgart,,,,,,
ermedin demirović istatistik,Bundesliga,Futbol,Lig,1. Seviye,Çekirdek,Erkek,Kulüp,Takım Sporu,Almanya,Yabancı,Yok,TV+ Yok,Yıllık,Sürekli Lig,İstatistik,Bilgi,Oyuncu,Jenerik,Türkçe,Body,İstatistik,vfb stuttgart,,,,,,
dženan pejčinović,Bundesliga,Futbol,Lig,1. Seviye,Çekirdek,Erkek,Kulüp,Takım Sporu,Almanya,Yabancı,Yok,TV+ Yok,Yıllık,Sürekli Lig,Oyuncu Jenerik,Bilgi,Oyuncu,Jenerik,Türkçe,Head,Oyuncu Jenerik,vfb stuttgart,,,,,,
dženan pejčinović kimdir,Bundesliga,Futbol,Lig,1. Seviye,Çekirdek,Erkek,Kulüp,Takım Sporu,Almanya,Yabancı,Yok,TV+ Yok,Yıllık,Sürekli Lig,Oyuncu Bilgi,Bilgi,Oyuncu,Jenerik,Türkçe,Body,Oyuncu Bilgi,vfb stuttgart,,,,,,
dženan pejčinović hangi takımda,Bundesliga,Futbol,Lig,1. Seviye,Çekirdek,Erkek,Kulüp,Takım Sporu,Almanya,Yabancı,Yok,TV+ Yok,Yıllık,Sürekli Lig,Oyuncu Bilgi,Bilgi,Oyuncu,Jenerik,Türkçe,Body,Oyuncu Bilgi,vfb stuttgart,,,,,,
dženan pejčinović istatistik,Bundesliga,Futbol,Lig,1. Seviye,Çekirdek,Erkek,Kulüp,Takım Sporu,Almanya,Yabancı,Yok,TV+ Yok,Yıllık,Sürekli Lig,İstatistik,Bilgi,Oyuncu,Jenerik,Türkçe,Body,İstatistik,vfb stuttgart,,,,,,
jeremy arévalo,Bundesliga,Futbol,Lig,1. Seviye,Çekirdek,Erkek,Kulüp,Takım Sporu,Almanya,Yabancı,Yok,TV+ Yok,Yıllık,Sürekli Lig,Oyuncu Jenerik,Bilgi,Oyuncu,Jenerik,Türkçe,Head,Oyuncu Jenerik,vfb stuttgart,,,,,,
jeremy arévalo kimdir,Bundesliga,Futbol,Lig,1. Seviye,Çekirdek,Erkek,Kulüp,Takım Sporu,Almanya,Yabancı,Yok,TV+ Yok,Yıllık,Sürekli Lig,Oyuncu Bilgi,Bilgi,Oyuncu,Jenerik,Türkçe,Body,Oyuncu Bilgi,vfb stuttgart,,,,,,
jeremy arévalo hangi takımda,Bundesliga,Futbol,Lig,1. Seviye,Çekirdek,Erkek,Kulüp,Takım Sporu,Almanya,Yabancı,Yok,TV+ Yok,Yıllık,Sürekli Lig,Oyuncu Bilgi,Bilgi,Oyuncu,Jenerik,Türkçe,Body,Oyuncu Bilgi,vfb stuttgart,,,,,,
jeremy arévalo istatistik,Bundesliga,Futbol,Lig,1. Seviye,Çekirdek,Erkek,Kulüp,Takım Sporu,Almanya,Yabancı,Yok,TV+ Yok,Yıllık,Sürekli Lig,İstatistik,Bilgi,Oyuncu,Jenerik,Türkçe,Body,İstatistik,vfb stuttgart,,,,,,
chema andrés,Bundesliga,Futbol,Lig,1. Seviye,Çekirdek,Erkek,Kulüp,Takım Sporu,Almanya,Yabancı,Yok,TV+ Yok,Yıllık,Sürekli Lig,Oyuncu Jenerik,Bilgi,Oyuncu,Jenerik,Türkçe,Head,Oyuncu Jenerik,vfb stuttgart,,,,,,
chema andrés kimdir,Bundesliga,Futbol,Lig,1. Seviye,Çekirdek,Erkek,Kulüp,Takım Sporu,Almanya,Yabancı,Yok,TV+ Yok,Yıllık,Sürekli Lig,Oyuncu Bilgi,Bilgi,Oyuncu,Jenerik,Türkçe,Body,Oyuncu Bilgi,vfb stuttgart,,,,,,
chema andrés hangi takımda,Bundesliga,Futbol,Lig,1. Seviye,Çekirdek,Erkek,Kulüp,Takım Sporu,Almanya,Yabancı,Yok,TV+ Yok,Yıllık,Sürekli Lig,Oyuncu Bilgi,Bilgi,Oyuncu,Jenerik,Türkçe,Body,Oyuncu Bilgi,vfb stuttgart,,,,,,
chema andrés istatistik,Bundesliga,Futbol,Lig,1. Seviye,Çekirdek,Erkek,Kulüp,Takım Sporu,Almanya,Yabancı,Yok,TV+ Yok,Yıllık,Sürekli Lig,İstatistik,Bilgi,Oyuncu,Jenerik,Türkçe,Body,İstatistik,vfb stuttgart,,,,,,
lazar jovanović,Bundesliga,Futbol,Lig,1. Seviye,Çekirdek,Erkek,Kulüp,Takım Sporu,Almanya,Yabancı,Yok,TV+ Yok,Yıllık,Sürekli Lig,Oyuncu Jenerik,Bilgi,Oyuncu,Jenerik,Türkçe,Head,Oyuncu Jenerik,vfb stuttgart,,,,,,
lazar jovanović kimdir,Bundesliga,Futbol,Lig,1. Seviye,Çekirdek,Erkek,Kulüp,Takım Sporu,Almanya,Yabancı,Yok,TV+ Yok,Yıllık,Sürekli Lig,Oyuncu Bilgi,Bilgi,Oyuncu,Jenerik,Türkçe,Body,Oyuncu Bilgi,vfb stuttgart,,,,,,
lazar jovanović hangi takımda,Bundesliga,Futbol,Lig,1. Seviye,Çekirdek,Erkek,Kulüp,Takım Sporu,Almanya,Yabancı,Yok,TV+ Yok,Yıllık,Sürekli Lig,Oyuncu Bilgi,Bilgi,Oyuncu,Jenerik,Türkçe,Body,Oyuncu Bilgi,vfb stuttgart,,,,,,
lazar jovanović istatistik,Bundesliga,Futbol,Lig,1. Seviye,Çekirdek,Erkek,Kulüp,Takım Sporu,Almanya,Yabancı,Yok,TV+ Yok,Yıllık,Sürekli Lig,İstatistik,Bilgi,Oyuncu,Jenerik,Türkçe,Body,İstatistik,vfb stuttgart,,,,,,
stefan drljača,Bundesliga,Futbol,Lig,1. Seviye,Çekirdek,Erkek,Kulüp,Takım Sporu,Almanya,Yabancı,Yok,TV+ Yok,Yıllık,Sürekli Lig,Oyuncu Jenerik,Bilgi,Oyuncu,Jenerik,Türkçe,Head,Oyuncu Jenerik,vfb stuttgart,,,,,,
stefan drljača kimdir,Bundesliga,Futbol,Lig,1. Seviye,Çekirdek,Erkek,Kulüp,Takım Sporu,Almanya,Yabancı,Yok,TV+ Yok,Yıllık,Sürekli Lig,Oyuncu Bilgi,Bilgi,Oyuncu,Jenerik,Türkçe,Body,Oyuncu Bilgi,vfb stuttgart,,,,,,
stefan drljača hangi takımda,Bundesliga,Futbol,Lig,1. Seviye,Çekirdek,Erkek,Kulüp,Takım Sporu,Almanya,Yabancı,Yok,TV+ Yok,Yıllık,Sürekli Lig,Oyuncu Bilgi,Bilgi,Oyuncu,Jenerik,Türkçe,Body,Oyuncu Bilgi,vfb stuttgart,,,,,,
stefan drljača istatistik,Bundesliga,Futbol,Lig,1. Seviye,Çekirdek,Erkek,Kulüp,Takım Sporu,Almanya,Yabancı,Yok,TV+ Yok,Yıllık,Sürekli Lig,İstatistik,Bilgi,Oyuncu,Jenerik,Türkçe,Body,İstatistik,vfb stuttgart,,,,,,
miloš veljković,Bundesliga,Futbol,Lig,1. Seviye,Çekirdek,Erkek,Kulüp,Takım Sporu,Almanya,Yabancı,Yok,TV+ Yok,Yıllık,Sürekli Lig,Oyuncu Jenerik,Bilgi,Oyuncu,Jenerik,Türkçe,Head,Oyuncu Jenerik,werder bremen,,,,,,
miloš veljković kimdir,Bundesliga,Futbol,Lig,1. Seviye,Çekirdek,Erkek,Kulüp,Takım Sporu,Almanya,Yabancı,Yok,TV+ Yok,Yıllık,Sürekli Lig,Oyuncu Bilgi,Bilgi,Oyuncu,Jenerik,Türkçe,Body,Oyuncu Bilgi,werder bremen,,,,,,
miloš veljković hangi takımda,Bundesliga,Futbol,Lig,1. Seviye,Çekirdek,Erkek,Kulüp,Takım Sporu,Almanya,Yabancı,Yok,TV+ Yok,Yıllık,Sürekli Lig,Oyuncu Bilgi,Bilgi,Oyuncu,Jenerik,Türkçe,Body,Oyuncu Bilgi,werder bremen,,,,,,
miloš veljković istatistik,Bundesliga,Futbol,Lig,1. Seviye,Çekirdek,Erkek,Kulüp,Takım Sporu,Almanya,Yabancı,Yok,TV+ Yok,Yıllık,Sürekli Lig,İstatistik,Bilgi,Oyuncu,Jenerik,Türkçe,Body,İstatistik,werder bremen,,,,,,
issa kaboré,Bundesliga,Futbol,Lig,1. Seviye,Çekirdek,Erkek,Kulüp,Takım Sporu,Almanya,Yabancı,Yok,TV+ Yok,Yıllık,Sürekli Lig,Oyuncu Jenerik,Bilgi,Oyuncu,Jenerik,Türkçe,Head,Oyuncu Jenerik,werder bremen,,,,,,
issa kaboré kimdir,Bundesliga,Futbol,Lig,1. Seviye,Çekirdek,Erkek,Kulüp,Takım Sporu,Almanya,Yabancı,Yok,TV+ Yok,Yıllık,Sürekli Lig,Oyuncu Bilgi,Bilgi,Oyuncu,Jenerik,Türkçe,Body,Oyuncu Bilgi,werder bremen,,,,,,
issa kaboré hangi takımda,Bundesliga,Futbol,Lig,1. Seviye,Çekirdek,Erkek,Kulüp,Takım Sporu,Almanya,Yabancı,Yok,TV+ Yok,Yıllık,Sürekli Lig,Oyuncu Bilgi,Bilgi,Oyuncu,Jenerik,Türkçe,Body,Oyuncu Bilgi,werder bremen,,,,,,
issa kaboré istatistik,Bundesliga,Futbol,Lig,1. Seviye,Çekirdek,Erkek,Kulüp,Takım Sporu,Almanya,Yabancı,Yok,TV+ Yok,Yıllık,Sürekli Lig,İstatistik,Bilgi,Oyuncu,Jenerik,Türkçe,Body,İstatistik,werder bremen,,,,,,
jan leszczyński,Bundesliga,Futbol,Lig,1. Seviye,Çekirdek,Erkek,Kulüp,Takım Sporu,Almanya,Yabancı,Yok,TV+ Yok,Yıllık,Sürekli Lig,Oyuncu Jenerik,Bilgi,Oyuncu,Jenerik,Türkçe,Head,Oyuncu Jenerik,borussia mönchengladbach,,,,,,
jan leszczyński kimdir,Bundesliga,Futbol,Lig,1. Seviye,Çekirdek,Erkek,Kulüp,Takım Sporu,Almanya,Yabancı,Yok,TV+ Yok,Yıllık,Sürekli Lig,Oyuncu Bilgi,Bilgi,Oyuncu,Jenerik,Türkçe,Body,Oyuncu Bilgi,borussia mönchengladbach,,,,,,
jan leszczyński hangi takımda,Bundesliga,Futbol,Lig,1. Seviye,Çekirdek,Erkek,Kulüp,Takım Sporu,Almanya,Yabancı,Yok,TV+ Yok,Yıllık,Sürekli Lig,Oyuncu Bilgi,Bilgi,Oyuncu,Jenerik,Türkçe,Body,Oyuncu Bilgi,borussia mönchengladbach,,,,,,
jan leszczyński istatistik,Bundesliga,Futbol,Lig,1. Seviye,Çekirdek,Erkek,Kulüp,Takım Sporu,Almanya,Yabancı,Yok,TV+ Yok,Yıllık,Sürekli Lig,İstatistik,Bilgi,Oyuncu,Jenerik,Türkçe,Body,İstatistik,borussia mönchengladbach,,,,,,
shūto machino,Bundesliga,Futbol,Lig,1. Seviye,Çekirdek,Erkek,Kulüp,Takım Sporu,Almanya,Yabancı,Yok,TV+ Yok,Yıllık,Sürekli Lig,Oyuncu Jenerik,Bilgi,Oyuncu,Jenerik,Türkçe,Head,Oyuncu Jenerik,borussia mönchengladbach,,,,,,
shūto machino kimdir,Bundesliga,Futbol,Lig,1. Seviye,Çekirdek,Erkek,Kulüp,Takım Sporu,Almanya,Yabancı,Yok,TV+ Yok,Yıllık,Sürekli Lig,Oyuncu Bilgi,Bilgi,Oyuncu,Jenerik,Türkçe,Body,Oyuncu Bilgi,borussia mönchengladbach,,,,,,
shūto machino hangi takımda,Bundesliga,Futbol,Lig,1. Seviye,Çekirdek,Erkek,Kulüp,Takım Sporu,Almanya,Yabancı,Yok,TV+ Yok,Yıllık,Sürekli Lig,Oyuncu Bilgi,Bilgi,Oyuncu,Jenerik,Türkçe,Body,Oyuncu Bilgi,borussia mönchengladbach,,,,,,
shūto machino istatistik,Bundesliga,Futbol,Lig,1. Seviye,Çekirdek,Erkek,Kulüp,Takım Sporu,Almanya,Yabancı,Yok,TV+ Yok,Yıllık,Sürekli Lig,İstatistik,Bilgi,Oyuncu,Jenerik,Türkçe,Body,İstatistik,borussia mönchengladbach,,,,,,
tomáš čvančara,Bundesliga,Futbol,Lig,1. Seviye,Çekirdek,Erkek,Kulüp,Takım Sporu,Almanya,Yabancı,Yok,TV+ Yok,Yıllık,Sürekli Lig,Oyuncu Jenerik,Bilgi,Oyuncu,Jenerik,Türkçe,Head,Oyuncu Jenerik,borussia mönchengladbach,,,,,,
tomáš čvančara kimdir,Bundesliga,Futbol,Lig,1. Seviye,Çekirdek,Erkek,Kulüp,Takım Sporu,Almanya,Yabancı,Yok,TV+ Yok,Yıllık,Sürekli Lig,Oyuncu Bilgi,Bilgi,Oyuncu,Jenerik,Türkçe,Body,Oyuncu Bilgi,borussia mönchengladbach,,,,,,
tomáš čvančara hangi takımda,Bundesliga,Futbol,Lig,1. Seviye,Çekirdek,Erkek,Kulüp,Takım Sporu,Almanya,Yabancı,Yok,TV+ Yok,Yıllık,Sürekli Lig,Oyuncu Bilgi,Bilgi,Oyuncu,Jenerik,Türkçe,Body,Oyuncu Bilgi,borussia mönchengladbach,,,,,,
tomáš čvančara istatistik,Bundesliga,Futbol,Lig,1. Seviye,Çekirdek,Erkek,Kulüp,Takım Sporu,Almanya,Yabancı,Yok,TV+ Yok,Yıllık,Sürekli Lig,İstatistik,Bilgi,Oyuncu,Jenerik,Türkçe,Body,İstatistik,borussia mönchengladbach,,,,,,
robin hranáč,Bundesliga,Futbol,Lig,1. Seviye,Çekirdek,Erkek,Kulüp,Takım Sporu,Almanya,Yabancı,Yok,TV+ Yok,Yıllık,Sürekli Lig,Oyuncu Jenerik,Bilgi,Oyuncu,Jenerik,Türkçe,Head,Oyuncu Jenerik,hoffenheim,,,,,,
robin hranáč kimdir,Bundesliga,Futbol,Lig,1. Seviye,Çekirdek,Erkek,Kulüp,Takım Sporu,Almanya,Yabancı,Yok,TV+ Yok,Yıllık,Sürekli Lig,Oyuncu Bilgi,Bilgi,Oyuncu,Jenerik,Türkçe,Body,Oyuncu Bilgi,hoffenheim,,,,,,
robin hranáč hangi takımda,Bundesliga,Futbol,Lig,1. Seviye,Çekirdek,Erkek,Kulüp,Takım Sporu,Almanya,Yabancı,Yok,TV+ Yok,Yıllık,Sürekli Lig,Oyuncu Bilgi,Bilgi,Oyuncu,Jenerik,Türkçe,Body,Oyuncu Bilgi,hoffenheim,,,,,,
robin hranáč istatistik,Bundesliga,Futbol,Lig,1. Seviye,Çekirdek,Erkek,Kulüp,Takım Sporu,Almanya,Yabancı,Yok,TV+ Yok,Yıllık,Sürekli Lig,İstatistik,Bilgi,Oyuncu,Jenerik,Türkçe,Body,İstatistik,hoffenheim,,,,,,
pavel kadeřábek,Bundesliga,Futbol,Lig,1. Seviye,Çekirdek,Erkek,Kulüp,Takım Sporu,Almanya,Yabancı,Yok,TV+ Yok,Yıllık,Sürekli Lig,Oyuncu Jenerik,Bilgi,Oyuncu,Jenerik,Türkçe,Head,Oyuncu Jenerik,hoffenheim,,,,,,
pavel kadeřábek kimdir,Bundesliga,Futbol,Lig,1. Seviye,Çekirdek,Erkek,Kulüp,Takım Sporu,Almanya,Yabancı,Yok,TV+ Yok,Yıllık,Sürekli Lig,Oyuncu Bilgi,Bilgi,Oyuncu,Jenerik,Türkçe,Body,Oyuncu Bilgi,hoffenheim,,,,,,
pavel kadeřábek hangi takımda,Bundesliga,Futbol,Lig,1. Seviye,Çekirdek,Erkek,Kulüp,Takım Sporu,Almanya,Yabancı,Yok,TV+ Yok,Yıllık,Sürekli Lig,Oyuncu Bilgi,Bilgi,Oyuncu,Jenerik,Türkçe,Body,Oyuncu Bilgi,hoffenheim,,,,,,
pavel kadeřábek istatistik,Bundesliga,Futbol,Lig,1. Seviye,Çekirdek,Erkek,Kulüp,Takım Sporu,Almanya,Yabancı,Yok,TV+ Yok,Yıllık,Sürekli Lig,İstatistik,Bilgi,Oyuncu,Jenerik,Türkçe,Body,İstatistik,hoffenheim,,,,,,
diadie samassékou,Bundesliga,Futbol,Lig,1. Seviye,Çekirdek,Erkek,Kulüp,Takım Sporu,Almanya,Yabancı,Yok,TV+ Yok,Yıllık,Sürekli Lig,Oyuncu Jenerik,Bilgi,Oyuncu,Jenerik,Türkçe,Head,Oyuncu Jenerik,hoffenheim,,,,,,
diadie samassékou kimdir,Bundesliga,Futbol,Lig,1. Seviye,Çekirdek,Erkek,Kulüp,Takım Sporu,Almanya,Yabancı,Yok,TV+ Yok,Yıllık,Sürekli Lig,Oyuncu Bilgi,Bilgi,Oyuncu,Jenerik,Türkçe,Body,Oyuncu Bilgi,hoffenheim,,,,,,
diadie samassékou hangi takımda,Bundesliga,Futbol,Lig,1. Seviye,Çekirdek,Erkek,Kulüp,Takım Sporu,Almanya,Yabancı,Yok,TV+ Yok,Yıllık,Sürekli Lig,Oyuncu Bilgi,Bilgi,Oyuncu,Jenerik,Türkçe,Body,Oyuncu Bilgi,hoffenheim,,,,,,
diadie samassékou istatistik,Bundesliga,Futbol,Lig,1. Seviye,Çekirdek,Erkek,Kulüp,Takım Sporu,Almanya,Yabancı,Yok,TV+ Yok,Yıllık,Sürekli Lig,İstatistik,Bilgi,Oyuncu,Jenerik,Türkçe,Body,İstatistik,hoffenheim,,,,,,
david jurásek,Bundesliga,Futbol,Lig,1. Seviye,Çekirdek,Erkek,Kulüp,Takım Sporu,Almanya,Yabancı,Yok,TV+ Yok,Yıllık,Sürekli Lig,Oyuncu Jenerik,Bilgi,Oyuncu,Jenerik,Türkçe,Head,Oyuncu Jenerik,hoffenheim,,,,,,
david jurásek kimdir,Bundesliga,Futbol,Lig,1. Seviye,Çekirdek,Erkek,Kulüp,Takım Sporu,Almanya,Yabancı,Yok,TV+ Yok,Yıllık,Sürekli Lig,Oyuncu Bilgi,Bilgi,Oyuncu,Jenerik,Türkçe,Body,Oyuncu Bilgi,hoffenheim,,,,,,
david jurásek hangi takımda,Bundesliga,Futbol,Lig,1. Seviye,Çekirdek,Erkek,Kulüp,Takım Sporu,Almanya,Yabancı,Yok,TV+ Yok,Yıllık,Sürekli Lig,Oyuncu Bilgi,Bilgi,Oyuncu,Jenerik,Türkçe,Body,Oyuncu Bilgi,hoffenheim,,,,,,
david jurásek istatistik,Bundesliga,Futbol,Lig,1. Seviye,Çekirdek,Erkek,Kulüp,Takım Sporu,Almanya,Yabancı,Yok,TV+ Yok,Yıllık,Sürekli Lig,İstatistik,Bilgi,Oyuncu,Jenerik,Türkçe,Body,İstatistik,hoffenheim,,,,,,
adam hložek,Bundesliga,Futbol,Lig,1. Seviye,Çekirdek,Erkek,Kulüp,Takım Sporu,Almanya,Yabancı,Yok,TV+ Yok,Yıllık,Sürekli Lig,Oyuncu Jenerik,Bilgi,Oyuncu,Jenerik,Türkçe,Head,Oyuncu Jenerik,hoffenheim,,,,,,
adam hložek kimdir,Bundesliga,Futbol,Lig,1. Seviye,Çekirdek,Erkek,Kulüp,Takım Sporu,Almanya,Yabancı,Yok,TV+ Yok,Yıllık,Sürekli Lig,Oyuncu Bilgi,Bilgi,Oyuncu,Jenerik,Türkçe,Body,Oyuncu Bilgi,hoffenheim,,,,,,
adam hložek hangi takımda,Bundesliga,Futbol,Lig,1. Seviye,Çekirdek,Erkek,Kulüp,Takım Sporu,Almanya,Yabancı,Yok,TV+ Yok,Yıllık,Sürekli Lig,Oyuncu Bilgi,Bilgi,Oyuncu,Jenerik,Türkçe,Body,Oyuncu Bilgi,hoffenheim,,,,,,
adam hložek istatistik,Bundesliga,Futbol,Lig,1. Seviye,Çekirdek,Erkek,Kulüp,Takım Sporu,Almanya,Yabancı,Yok,TV+ Yok,Yıllık,Sürekli Lig,İstatistik,Bilgi,Oyuncu,Jenerik,Türkçe,Body,İstatistik,hoffenheim,,,,,,
haris tabaković kimdir,Bundesliga,Futbol,Lig,1. Seviye,Çekirdek,Erkek,Kulüp,Takım Sporu,Almanya,Yabancı,Yok,TV+ Yok,Yıllık,Sürekli Lig,Oyuncu Bilgi,Bilgi,Oyuncu,Jenerik,Türkçe,Body,Oyuncu Bilgi,hoffenheim,,,,,,
haris tabaković hangi takımda,Bundesliga,Futbol,Lig,1. Seviye,Çekirdek,Erkek,Kulüp,Takım Sporu,Almanya,Yabancı,Yok,TV+ Yok,Yıllık,Sürekli Lig,Oyuncu Bilgi,Bilgi,Oyuncu,Jenerik,Türkçe,Body,Oyuncu Bilgi,hoffenheim,,,,,,
haris tabaković istatistik,Bundesliga,Futbol,Lig,1. Seviye,Çekirdek,Erkek,Kulüp,Takım Sporu,Almanya,Yabancı,Yok,TV+ Yok,Yıllık,Sürekli Lig,İstatistik,Bilgi,Oyuncu,Jenerik,Türkçe,Body,İstatistik,hoffenheim,,,,,,
andrej kramarić,Bundesliga,Futbol,Lig,1. Seviye,Çekirdek,Erkek,Kulüp,Takım Sporu,Almanya,Yabancı,Yok,TV+ Yok,Yıllık,Sürekli Lig,Oyuncu Jenerik,Bilgi,Oyuncu,Jenerik,Türkçe,Head,Oyuncu Jenerik,hoffenheim,,,,,,
andrej kramarić kimdir,Bundesliga,Futbol,Lig,1. Seviye,Çekirdek,Erkek,Kulüp,Takım Sporu,Almanya,Yabancı,Yok,TV+ Yok,Yıllık,Sürekli Lig,Oyuncu Bilgi,Bilgi,Oyuncu,Jenerik,Türkçe,Body,Oyuncu Bilgi,hoffenheim,,,,,,
andrej kramarić hangi takımda,Bundesliga,Futbol,Lig,1. Seviye,Çekirdek,Erkek,Kulüp,Takım Sporu,Almanya,Yabancı,Yok,TV+ Yok,Yıllık,Sürekli Lig,Oyuncu Bilgi,Bilgi,Oyuncu,Jenerik,Türkçe,Body,Oyuncu Bilgi,hoffenheim,,,,,,
andrej kramarić istatistik,Bundesliga,Futbol,Lig,1. Seviye,Çekirdek,Erkek,Kulüp,Takım Sporu,Almanya,Yabancı,Yok,TV+ Yok,Yıllık,Sürekli Lig,İstatistik,Bilgi,Oyuncu,Jenerik,Türkçe,Body,İstatistik,hoffenheim,,,,,,
igor matanović,Bundesliga,Futbol,Lig,1. Seviye,Çekirdek,Erkek,Kulüp,Takım Sporu,Almanya,Yabancı,Yok,TV+ Yok,Yıllık,Sürekli Lig,Oyuncu Jenerik,Bilgi,Oyuncu,Jenerik,Türkçe,Head,Oyuncu Jenerik,freiburg,,,,,,
igor matanović kimdir,Bundesliga,Futbol,Lig,1. Seviye,Çekirdek,Erkek,Kulüp,Takım Sporu,Almanya,Yabancı,Yok,TV+ Yok,Yıllık,Sürekli Lig,Oyuncu Bilgi,Bilgi,Oyuncu,Jenerik,Türkçe,Body,Oyuncu Bilgi,freiburg,,,,,,
igor matanović hangi takımda,Bundesliga,Futbol,Lig,1. Seviye,Çekirdek,Erkek,Kulüp,Takım Sporu,Almanya,Yabancı,Yok,TV+ Yok,Yıllık,Sürekli Lig,Oyuncu Bilgi,Bilgi,Oyuncu,Jenerik,Türkçe,Body,Oyuncu Bilgi,freiburg,,,,,,
igor matanović istatistik,Bundesliga,Futbol,Lig,1. Seviye,Çekirdek,Erkek,Kulüp,Takım Sporu,Almanya,Yabancı,Yok,TV+ Yok,Yıllık,Sürekli Lig,İstatistik,Bilgi,Oyuncu,Jenerik,Türkçe,Body,İstatistik,freiburg,,,,,,
i̇llya zabarni,Ligue 1,Futbol,Lig,1. Seviye,Çekirdek,Erkek,Kulüp,Takım Sporu,Fransa,Yabancı,Yok,TV+ Yok,Yıllık,Sürekli Lig,Oyuncu Jenerik,Bilgi,Oyuncu,Jenerik,Türkçe,Head,Oyuncu Jenerik,paris saint germain,,,,,,
i̇llya zabarni kimdir,Ligue 1,Futbol,Lig,1. Seviye,Çekirdek,Erkek,Kulüp,Takım Sporu,Fransa,Yabancı,Yok,TV+ Yok,Yıllık,Sürekli Lig,Oyuncu Bilgi,Bilgi,Oyuncu,Jenerik,Türkçe,Body,Oyuncu Bilgi,paris saint germain,,,,,,
i̇llya zabarni hangi takımda,Ligue 1,Futbol,Lig,1. Seviye,Çekirdek,Erkek,Kulüp,Takım Sporu,Fransa,Yabancı,Yok,TV+ Yok,Yıllık,Sürekli Lig,Oyuncu Bilgi,Bilgi,Oyuncu,Jenerik,Türkçe,Body,Oyuncu Bilgi,paris saint germain,,,,,,
i̇llya zabarni istatistik,Ligue 1,Futbol,Lig,1. Seviye,Çekirdek,Erkek,Kulüp,Takım Sporu,Fransa,Yabancı,Yok,TV+ Yok,Yıllık,Sürekli Lig,İstatistik,Bilgi,Oyuncu,Jenerik,Türkçe,Body,İstatistik,paris saint germain,,,,,,
fabián ruiz,Ligue 1,Futbol,Lig,1. Seviye,Çekirdek,Erkek,Kulüp,Takım Sporu,Fransa,Yabancı,Yok,TV+ Yok,Yıllık,Sürekli Lig,Oyuncu Jenerik,Bilgi,Oyuncu,Jenerik,Türkçe,Head,Oyuncu Jenerik,paris saint germain,,,,,,
fabián ruiz kimdir,Ligue 1,Futbol,Lig,1. Seviye,Çekirdek,Erkek,Kulüp,Takım Sporu,Fransa,Yabancı,Yok,TV+ Yok,Yıllık,Sürekli Lig,Oyuncu Bilgi,Bilgi,Oyuncu,Jenerik,Türkçe,Body,Oyuncu Bilgi,paris saint germain,,,,,,
fabián ruiz hangi takımda,Ligue 1,Futbol,Lig,1. Seviye,Çekirdek,Erkek,Kulüp,Takım Sporu,Fransa,Yabancı,Yok,TV+ Yok,Yıllık,Sürekli Lig,Oyuncu Bilgi,Bilgi,Oyuncu,Jenerik,Türkçe,Body,Oyuncu Bilgi,paris saint germain,,,,,,
fabián ruiz istatistik,Ligue 1,Futbol,Lig,1. Seviye,Çekirdek,Erkek,Kulüp,Takım Sporu,Fransa,Yabancı,Yok,TV+ Yok,Yıllık,Sürekli Lig,İstatistik,Bilgi,Oyuncu,Jenerik,Türkçe,Body,İstatistik,paris saint germain,,,,,,
ousmane dembélé,Ligue 1,Futbol,Lig,1. Seviye,Çekirdek,Erkek,Kulüp,Takım Sporu,Fransa,Yabancı,Yok,TV+ Yok,Yıllık,Sürekli Lig,Oyuncu Jenerik,Bilgi,Oyuncu,Jenerik,Türkçe,Head,Oyuncu Jenerik,paris saint germain,,,,,,
ousmane dembélé kimdir,Ligue 1,Futbol,Lig,1. Seviye,Çekirdek,Erkek,Kulüp,Takım Sporu,Fransa,Yabancı,Yok,TV+ Yok,Yıllık,Sürekli Lig,Oyuncu Bilgi,Bilgi,Oyuncu,Jenerik,Türkçe,Body,Oyuncu Bilgi,paris saint germain,,,,,,
ousmane dembélé hangi takımda,Ligue 1,Futbol,Lig,1. Seviye,Çekirdek,Erkek,Kulüp,Takım Sporu,Fransa,Yabancı,Yok,TV+ Yok,Yıllık,Sürekli Lig,Oyuncu Bilgi,Bilgi,Oyuncu,Jenerik,Türkçe,Body,Oyuncu Bilgi,paris saint germain,,,,,,
ousmane dembélé istatistik,Ligue 1,Futbol,Lig,1. Seviye,Çekirdek,Erkek,Kulüp,Takım Sporu,Fransa,Yabancı,Yok,TV+ Yok,Yıllık,Sürekli Lig,İstatistik,Bilgi,Oyuncu,Jenerik,Türkçe,Body,İstatistik,paris saint germain,,,,,,
désiré doué,Ligue 1,Futbol,Lig,1. Seviye,Çekirdek,Erkek,Kulüp,Takım Sporu,Fransa,Yabancı,Yok,TV+ Yok,Yıllık,Sürekli Lig,Oyuncu Jenerik,Bilgi,Oyuncu,Jenerik,Türkçe,Head,Oyuncu Jenerik,paris saint germain,,,,,,
désiré doué kimdir,Ligue 1,Futbol,Lig,1. Seviye,Çekirdek,Erkek,Kulüp,Takım Sporu,Fransa,Yabancı,Yok,TV+ Yok,Yıllık,Sürekli Lig,Oyuncu Bilgi,Bilgi,Oyuncu,Jenerik,Türkçe,Body,Oyuncu Bilgi,paris saint germain,,,,,,
désiré doué hangi takımda,Ligue 1,Futbol,Lig,1. Seviye,Çekirdek,Erkek,Kulüp,Takım Sporu,Fransa,Yabancı,Yok,TV+ Yok,Yıllık,Sürekli Lig,Oyuncu Bilgi,Bilgi,Oyuncu,Jenerik,Türkçe,Body,Oyuncu Bilgi,paris saint germain,,,,,,
désiré doué istatistik,Ligue 1,Futbol,Lig,1. Seviye,Çekirdek,Erkek,Kulüp,Takım Sporu,Fransa,Yabancı,Yok,TV+ Yok,Yıllık,Sürekli Lig,İstatistik,Bilgi,Oyuncu,Jenerik,Türkçe,Body,İstatistik,paris saint germain,,,,,,
lucas hernández,Ligue 1,Futbol,Lig,1. Seviye,Çekirdek,Erkek,Kulüp,Takım Sporu,Fransa,Yabancı,Yok,TV+ Yok,Yıllık,Sürekli Lig,Oyuncu Jenerik,Bilgi,Oyuncu,Jenerik,Türkçe,Head,Oyuncu Jenerik,paris saint germain,,,,,,
lucas hernández kimdir,Ligue 1,Futbol,Lig,1. Seviye,Çekirdek,Erkek,Kulüp,Takım Sporu,Fransa,Yabancı,Yok,TV+ Yok,Yıllık,Sürekli Lig,Oyuncu Bilgi,Bilgi,Oyuncu,Jenerik,Türkçe,Body,Oyuncu Bilgi,paris saint germain,,,,,,
lucas hernández hangi takımda,Ligue 1,Futbol,Lig,1. Seviye,Çekirdek,Erkek,Kulüp,Takım Sporu,Fransa,Yabancı,Yok,TV+ Yok,Yıllık,Sürekli Lig,Oyuncu Bilgi,Bilgi,Oyuncu,Jenerik,Türkçe,Body,Oyuncu Bilgi,paris saint germain,,,,,,
lucas hernández istatistik,Ligue 1,Futbol,Lig,1. Seviye,Çekirdek,Erkek,Kulüp,Takım Sporu,Fransa,Yabancı,Yok,TV+ Yok,Yıllık,Sürekli Lig,İstatistik,Bilgi,Oyuncu,Jenerik,Türkçe,Body,İstatistik,paris saint germain,,,,,,
warren zaïre-emery,Ligue 1,Futbol,Lig,1. Seviye,Çekirdek,Erkek,Kulüp,Takım Sporu,Fransa,Yabancı,Yok,TV+ Yok,Yıllık,Sürekli Lig,Oyuncu Jenerik,Bilgi,Oyuncu,Jenerik,Türkçe,Head,Oyuncu Jenerik,paris saint germain,,,,,,
warren zaïre-emery kimdir,Ligue 1,Futbol,Lig,1. Seviye,Çekirdek,Erkek,Kulüp,Takım Sporu,Fransa,Yabancı,Yok,TV+ Yok,Yıllık,Sürekli Lig,Oyuncu Bilgi,Bilgi,Oyuncu,Jenerik,Türkçe,Body,Oyuncu Bilgi,paris saint germain,,,,,,
warren zaïre-emery hangi takımda,Ligue 1,Futbol,Lig,1. Seviye,Çekirdek,Erkek,Kulüp,Takım Sporu,Fransa,Yabancı,Yok,TV+ Yok,Yıllık,Sürekli Lig,Oyuncu Bilgi,Bilgi,Oyuncu,Jenerik,Türkçe,Body,Oyuncu Bilgi,paris saint germain,,,,,,
warren zaïre-emery istatistik,Ligue 1,Futbol,Lig,1. Seviye,Çekirdek,Erkek,Kulüp,Takım Sporu,Fransa,Yabancı,Yok,TV+ Yok,Yıllık,Sürekli Lig,İstatistik,Bilgi,Oyuncu,Jenerik,Türkçe,Body,İstatistik,paris saint germain,,,,,,
joão neves,Ligue 1,Futbol,Lig,1. Seviye,Çekirdek,Erkek,Kulüp,Takım Sporu,Fransa,Yabancı,Yok,TV+ Yok,Yıllık,Sürekli Lig,Oyuncu Jenerik,Bilgi,Oyuncu,Jenerik,Türkçe,Head,Oyuncu Jenerik,paris saint germain,,,,,,
joão neves kimdir,Ligue 1,Futbol,Lig,1. Seviye,Çekirdek,Erkek,Kulüp,Takım Sporu,Fransa,Yabancı,Yok,TV+ Yok,Yıllık,Sürekli Lig,Oyuncu Bilgi,Bilgi,Oyuncu,Jenerik,Türkçe,Body,Oyuncu Bilgi,paris saint germain,,,,,,
joão neves hangi takımda,Ligue 1,Futbol,Lig,1. Seviye,Çekirdek,Erkek,Kulüp,Takım Sporu,Fransa,Yabancı,Yok,TV+ Yok,Yıllık,Sürekli Lig,Oyuncu Bilgi,Bilgi,Oyuncu,Jenerik,Türkçe,Body,Oyuncu Bilgi,paris saint germain,,,,,,
joão neves istatistik,Ligue 1,Futbol,Lig,1. Seviye,Çekirdek,Erkek,Kulüp,Takım Sporu,Fransa,Yabancı,Yok,TV+ Yok,Yıllık,Sürekli Lig,İstatistik,Bilgi,Oyuncu,Jenerik,Türkçe,Body,İstatistik,paris saint germain,,,,,,
gerónimo rulli,Ligue 1,Futbol,Lig,1. Seviye,Çekirdek,Erkek,Kulüp,Takım Sporu,Fransa,Yabancı,Yok,TV+ Yok,Yıllık,Sürekli Lig,Oyuncu Jenerik,Bilgi,Oyuncu,Jenerik,Türkçe,Head,Oyuncu Jenerik,marsilya,,,,,,
gerónimo rulli kimdir,Ligue 1,Futbol,Lig,1. Seviye,Çekirdek,Erkek,Kulüp,Takım Sporu,Fransa,Yabancı,Yok,TV+ Yok,Yıllık,Sürekli Lig,Oyuncu Bilgi,Bilgi,Oyuncu,Jenerik,Türkçe,Body,Oyuncu Bilgi,marsilya,,,,,,
gerónimo rulli hangi takımda,Ligue 1,Futbol,Lig,1. Seviye,Çekirdek,Erkek,Kulüp,Takım Sporu,Fransa,Yabancı,Yok,TV+ Yok,Yıllık,Sürekli Lig,Oyuncu Bilgi,Bilgi,Oyuncu,Jenerik,Türkçe,Body,Oyuncu Bilgi,marsilya,,,,,,
gerónimo rulli istatistik,Ligue 1,Futbol,Lig,1. Seviye,Çekirdek,Erkek,Kulüp,Takım Sporu,Fransa,Yabancı,Yok,TV+ Yok,Yıllık,Sürekli Lig,İstatistik,Bilgi,Oyuncu,Jenerik,Türkçe,Body,İstatistik,marsilya,,,,,,
igor paixão,Ligue 1,Futbol,Lig,1. Seviye,Çekirdek,Erkek,Kulüp,Takım Sporu,Fransa,Yabancı,Yok,TV+ Yok,Yıllık,Sürekli Lig,Oyuncu Jenerik,Bilgi,Oyuncu,Jenerik,Türkçe,Head,Oyuncu Jenerik,marsilya,,,,,,
igor paixão kimdir,Ligue 1,Futbol,Lig,1. Seviye,Çekirdek,Erkek,Kulüp,Takım Sporu,Fransa,Yabancı,Yok,TV+ Yok,Yıllık,Sürekli Lig,Oyuncu Bilgi,Bilgi,Oyuncu,Jenerik,Türkçe,Body,Oyuncu Bilgi,marsilya,,,,,,
igor paixão hangi takımda,Ligue 1,Futbol,Lig,1. Seviye,Çekirdek,Erkek,Kulüp,Takım Sporu,Fransa,Yabancı,Yok,TV+ Yok,Yıllık,Sürekli Lig,Oyuncu Bilgi,Bilgi,Oyuncu,Jenerik,Türkçe,Body,Oyuncu Bilgi,marsilya,,,,,,
igor paixão istatistik,Ligue 1,Futbol,Lig,1. Seviye,Çekirdek,Erkek,Kulüp,Takım Sporu,Fransa,Yabancı,Yok,TV+ Yok,Yıllık,Sürekli Lig,İstatistik,Bilgi,Oyuncu,Jenerik,Türkçe,Body,İstatistik,marsilya,,,,,,
nicolás tagliafico,Ligue 1,Futbol,Lig,1. Seviye,Çekirdek,Erkek,Kulüp,Takım Sporu,Fransa,Yabancı,Yok,TV+ Yok,Yıllık,Sürekli Lig,Oyuncu Jenerik,Bilgi,Oyuncu,Jenerik,Türkçe,Head,Oyuncu Jenerik,lyon,,,,,,
nicolás tagliafico kimdir,Ligue 1,Futbol,Lig,1. Seviye,Çekirdek,Erkek,Kulüp,Takım Sporu,Fransa,Yabancı,Yok,TV+ Yok,Yıllık,Sürekli Lig,Oyuncu Bilgi,Bilgi,Oyuncu,Jenerik,Türkçe,Body,Oyuncu Bilgi,lyon,,,,,,
nicolás tagliafico hangi takımda,Ligue 1,Futbol,Lig,1. Seviye,Çekirdek,Erkek,Kulüp,Takım Sporu,Fransa,Yabancı,Yok,TV+ Yok,Yıllık,Sürekli Lig,Oyuncu Bilgi,Bilgi,Oyuncu,Jenerik,Türkçe,Body,Oyuncu Bilgi,lyon,,,,,,
nicolás tagliafico istatistik,Ligue 1,Futbol,Lig,1. Seviye,Çekirdek,Erkek,Kulüp,Takım Sporu,Fransa,Yabancı,Yok,TV+ Yok,Yıllık,Sürekli Lig,İstatistik,Bilgi,Oyuncu,Jenerik,Türkçe,Body,İstatistik,lyon,,,,,,
abner vinícius,Ligue 1,Futbol,Lig,1. Seviye,Çekirdek,Erkek,Kulüp,Takım Sporu,Fransa,Yabancı,Yok,TV+ Yok,Yıllık,Sürekli Lig,Oyuncu Jenerik,Bilgi,Oyuncu,Jenerik,Türkçe,Head,Oyuncu Jenerik,lyon,,,,,,
abner vinícius kimdir,Ligue 1,Futbol,Lig,1. Seviye,Çekirdek,Erkek,Kulüp,Takım Sporu,Fransa,Yabancı,Yok,TV+ Yok,Yıllık,Sürekli Lig,Oyuncu Bilgi,Bilgi,Oyuncu,Jenerik,Türkçe,Body,Oyuncu Bilgi,lyon,,,,,,
abner vinícius hangi takımda,Ligue 1,Futbol,Lig,1. Seviye,Çekirdek,Erkek,Kulüp,Takım Sporu,Fransa,Yabancı,Yok,TV+ Yok,Yıllık,Sürekli Lig,Oyuncu Bilgi,Bilgi,Oyuncu,Jenerik,Türkçe,Body,Oyuncu Bilgi,lyon,,,,,,
abner vinícius istatistik,Ligue 1,Futbol,Lig,1. Seviye,Çekirdek,Erkek,Kulüp,Takım Sporu,Fransa,Yabancı,Yok,TV+ Yok,Yıllık,Sürekli Lig,İstatistik,Bilgi,Oyuncu,Jenerik,Türkçe,Body,İstatistik,lyon,,,,,,
moussa niakhaté,Ligue 1,Futbol,Lig,1. Seviye,Çekirdek,Erkek,Kulüp,Takım Sporu,Fransa,Yabancı,Yok,TV+ Yok,Yıllık,Sürekli Lig,Oyuncu Jenerik,Bilgi,Oyuncu,Jenerik,Türkçe,Head,Oyuncu Jenerik,lyon,,,,,,
moussa niakhaté kimdir,Ligue 1,Futbol,Lig,1. Seviye,Çekirdek,Erkek,Kulüp,Takım Sporu,Fransa,Yabancı,Yok,TV+ Yok,Yıllık,Sürekli Lig,Oyuncu Bilgi,Bilgi,Oyuncu,Jenerik,Türkçe,Body,Oyuncu Bilgi,lyon,,,,,,
moussa niakhaté hangi takımda,Ligue 1,Futbol,Lig,1. Seviye,Çekirdek,Erkek,Kulüp,Takım Sporu,Fransa,Yabancı,Yok,TV+ Yok,Yıllık,Sürekli Lig,Oyuncu Bilgi,Bilgi,Oyuncu,Jenerik,Türkçe,Body,Oyuncu Bilgi,lyon,,,,,,
moussa niakhaté istatistik,Ligue 1,Futbol,Lig,1. Seviye,Çekirdek,Erkek,Kulüp,Takım Sporu,Fransa,Yabancı,Yok,TV+ Yok,Yıllık,Sürekli Lig,İstatistik,Bilgi,Oyuncu,Jenerik,Türkçe,Body,İstatistik,lyon,,,,,,
duje ćaleta-car,Ligue 1,Futbol,Lig,1. Seviye,Çekirdek,Erkek,Kulüp,Takım Sporu,Fransa,Yabancı,Yok,TV+ Yok,Yıllık,Sürekli Lig,Oyuncu Jenerik,Bilgi,Oyuncu,Jenerik,Türkçe,Head,Oyuncu Jenerik,lyon,,,,,,
duje ćaleta-car kimdir,Ligue 1,Futbol,Lig,1. Seviye,Çekirdek,Erkek,Kulüp,Takım Sporu,Fransa,Yabancı,Yok,TV+ Yok,Yıllık,Sürekli Lig,Oyuncu Bilgi,Bilgi,Oyuncu,Jenerik,Türkçe,Body,Oyuncu Bilgi,lyon,,,,,,
duje ćaleta-car hangi takımda,Ligue 1,Futbol,Lig,1. Seviye,Çekirdek,Erkek,Kulüp,Takım Sporu,Fransa,Yabancı,Yok,TV+ Yok,Yıllık,Sürekli Lig,Oyuncu Bilgi,Bilgi,Oyuncu,Jenerik,Türkçe,Body,Oyuncu Bilgi,lyon,,,,,,
duje ćaleta-car istatistik,Ligue 1,Futbol,Lig,1. Seviye,Çekirdek,Erkek,Kulüp,Takım Sporu,Fransa,Yabancı,Yok,TV+ Yok,Yıllık,Sürekli Lig,İstatistik,Bilgi,Oyuncu,Jenerik,Türkçe,Body,İstatistik,lyon,,,,,,
thiago almada,Ligue 1,Futbol,Lig,1. Seviye,Çekirdek,Erkek,Kulüp,Takım Sporu,Fransa,Yabancı,Yok,TV+ Yok,Yıllık,Sürekli Lig,Oyuncu Jenerik,Bilgi,Oyuncu,Jenerik,İngilizce,Head,Oyuncu Jenerik,lyon,,,,,,
thiago almada kimdir,Ligue 1,Futbol,Lig,1. Seviye,Çekirdek,Erkek,Kulüp,Takım Sporu,Fransa,Yabancı,Yok,TV+ Yok,Yıllık,Sürekli Lig,Oyuncu Bilgi,Bilgi,Oyuncu,Jenerik,İngilizce,Body,Oyuncu Bilgi,lyon,,,,,,
thiago almada hangi takımda,Ligue 1,Futbol,Lig,1. Seviye,Çekirdek,Erkek,Kulüp,Takım Sporu,Fransa,Yabancı,Yok,TV+ Yok,Yıllık,Sürekli Lig,Oyuncu Bilgi,Bilgi,Oyuncu,Jenerik,Türkçe,Body,Oyuncu Bilgi,lyon,,,,,,
thiago almada istatistik,Ligue 1,Futbol,Lig,1. Seviye,Çekirdek,Erkek,Kulüp,Takım Sporu,Fransa,Yabancı,Yok,TV+ Yok,Yıllık,Sürekli Lig,İstatistik,Bilgi,Oyuncu,Jenerik,İngilizce,Body,İstatistik,lyon,,,,,,
botafogo fr,Ligue 1,Futbol,Lig,1. Seviye,Çekirdek,Erkek,Kulüp,Takım Sporu,Fransa,Yabancı,Yok,TV+ Yok,Yıllık,Sürekli Lig,Oyuncu Jenerik,Bilgi,Oyuncu,Jenerik,İngilizce,Head,Oyuncu Jenerik,lyon,,,,,,
botafogo fr kimdir,Ligue 1,Futbol,Lig,1. Seviye,Çekirdek,Erkek,Kulüp,Takım Sporu,Fransa,Yabancı,Yok,TV+ Yok,Yıllık,Sürekli Lig,Oyuncu Bilgi,Bilgi,Oyuncu,Jenerik,İngilizce,Body,Oyuncu Bilgi,lyon,,,,,,
botafogo fr hangi takımda,Ligue 1,Futbol,Lig,1. Seviye,Çekirdek,Erkek,Kulüp,Takım Sporu,Fransa,Yabancı,Yok,TV+ Yok,Yıllık,Sürekli Lig,Oyuncu Bilgi,Bilgi,Oyuncu,Jenerik,Türkçe,Body,Oyuncu Bilgi,lyon,,,,,,
botafogo fr istatistik,Ligue 1,Futbol,Lig,1. Seviye,Çekirdek,Erkek,Kulüp,Takım Sporu,Fransa,Yabancı,Yok,TV+ Yok,Yıllık,Sürekli Lig,İstatistik,Bilgi,Oyuncu,Jenerik,İngilizce,Body,İstatistik,lyon,,,,,,
nemanja matić,Ligue 1,Futbol,Lig,1. Seviye,Çekirdek,Erkek,Kulüp,Takım Sporu,Fransa,Yabancı,Yok,TV+ Yok,Yıllık,Sürekli Lig,Oyuncu Jenerik,Bilgi,Oyuncu,Jenerik,Türkçe,Head,Oyuncu Jenerik,lyon,,,,,,
nemanja matić kimdir,Ligue 1,Futbol,Lig,1. Seviye,Çekirdek,Erkek,Kulüp,Takım Sporu,Fransa,Yabancı,Yok,TV+ Yok,Yıllık,Sürekli Lig,Oyuncu Bilgi,Bilgi,Oyuncu,Jenerik,Türkçe,Body,Oyuncu Bilgi,lyon,,,,,,
nemanja matić hangi takımda,Ligue 1,Futbol,Lig,1. Seviye,Çekirdek,Erkek,Kulüp,Takım Sporu,Fransa,Yabancı,Yok,TV+ Yok,Yıllık,Sürekli Lig,Oyuncu Bilgi,Bilgi,Oyuncu,Jenerik,Türkçe,Body,Oyuncu Bilgi,lyon,,,,,,
nemanja matić istatistik,Ligue 1,Futbol,Lig,1. Seviye,Çekirdek,Erkek,Kulüp,Takım Sporu,Fransa,Yabancı,Yok,TV+ Yok,Yıllık,Sürekli Lig,İstatistik,Bilgi,Oyuncu,Jenerik,Türkçe,Body,İstatistik,lyon,,,,,,
alexandre lacazette,Ligue 1,Futbol,Lig,1. Seviye,Çekirdek,Erkek,Kulüp,Takım Sporu,Fransa,Yabancı,Yok,TV+ Yok,Yıllık,Sürekli Lig,Oyuncu Jenerik,Bilgi,Oyuncu,Jenerik,İngilizce,Head,Oyuncu Jenerik,lyon,,,,,,
alexandre lacazette kimdir,Ligue 1,Futbol,Lig,1. Seviye,Çekirdek,Erkek,Kulüp,Takım Sporu,Fransa,Yabancı,Yok,TV+ Yok,Yıllık,Sürekli Lig,Oyuncu Bilgi,Bilgi,Oyuncu,Jenerik,İngilizce,Body,Oyuncu Bilgi,lyon,,,,,,
alexandre lacazette hangi takımda,Ligue 1,Futbol,Lig,1. Seviye,Çekirdek,Erkek,Kulüp,Takım Sporu,Fransa,Yabancı,Yok,TV+ Yok,Yıllık,Sürekli Lig,Oyuncu Bilgi,Bilgi,Oyuncu,Jenerik,Türkçe,Body,Oyuncu Bilgi,lyon,,,,,,
alexandre lacazette istatistik,Ligue 1,Futbol,Lig,1. Seviye,Çekirdek,Erkek,Kulüp,Takım Sporu,Fransa,Yabancı,Yok,TV+ Yok,Yıllık,Sürekli Lig,İstatistik,Bilgi,Oyuncu,Jenerik,İngilizce,Body,İstatistik,lyon,,,,,,
kf tirana,Ligue 1,Futbol,Lig,1. Seviye,Çekirdek,Erkek,Kulüp,Takım Sporu,Fransa,Yabancı,Yok,TV+ Yok,Yıllık,Sürekli Lig,Oyuncu Jenerik,Bilgi,Oyuncu,Jenerik,İngilizce,Head,Oyuncu Jenerik,monaco,,,,,,
kf tirana kimdir,Ligue 1,Futbol,Lig,1. Seviye,Çekirdek,Erkek,Kulüp,Takım Sporu,Fransa,Yabancı,Yok,TV+ Yok,Yıllık,Sürekli Lig,Oyuncu Bilgi,Bilgi,Oyuncu,Jenerik,İngilizce,Body,Oyuncu Bilgi,monaco,,,,,,
kf tirana hangi takımda,Ligue 1,Futbol,Lig,1. Seviye,Çekirdek,Erkek,Kulüp,Takım Sporu,Fransa,Yabancı,Yok,TV+ Yok,Yıllık,Sürekli Lig,Oyuncu Bilgi,Bilgi,Oyuncu,Jenerik,Türkçe,Body,Oyuncu Bilgi,monaco,,,,,,
kf tirana istatistik,Ligue 1,Futbol,Lig,1. Seviye,Çekirdek,Erkek,Kulüp,Takım Sporu,Fransa,Yabancı,Yok,TV+ Yok,Yıllık,Sürekli Lig,İstatistik,Bilgi,Oyuncu,Jenerik,İngilizce,Body,İstatistik,monaco,,,,,,
amir saipi,Ligue 1,Futbol,Lig,1. Seviye,Çekirdek,Erkek,Kulüp,Takım Sporu,Fransa,Yabancı,Yok,TV+ Yok,Yıllık,Sürekli Lig,Oyuncu Jenerik,Bilgi,Oyuncu,Jenerik,İngilizce,Head,Oyuncu Jenerik,monaco,,,,,,
amir saipi kimdir,Ligue 1,Futbol,Lig,1. Seviye,Çekirdek,Erkek,Kulüp,Takım Sporu,Fransa,Yabancı,Yok,TV+ Yok,Yıllık,Sürekli Lig,Oyuncu Bilgi,Bilgi,Oyuncu,Jenerik,İngilizce,Body,Oyuncu Bilgi,monaco,,,,,,
amir saipi hangi takımda,Ligue 1,Futbol,Lig,1. Seviye,Çekirdek,Erkek,Kulüp,Takım Sporu,Fransa,Yabancı,Yok,TV+ Yok,Yıllık,Sürekli Lig,Oyuncu Bilgi,Bilgi,Oyuncu,Jenerik,Türkçe,Body,Oyuncu Bilgi,monaco,,,,,,
amir saipi istatistik,Ligue 1,Futbol,Lig,1. Seviye,Çekirdek,Erkek,Kulüp,Takım Sporu,Fransa,Yabancı,Yok,TV+ Yok,Yıllık,Sürekli Lig,İstatistik,Bilgi,Oyuncu,Jenerik,İngilizce,Body,İstatistik,monaco,,,,,,
mërgim vojvoda,Ligue 1,Futbol,Lig,1. Seviye,Çekirdek,Erkek,Kulüp,Takım Sporu,Fransa,Yabancı,Yok,TV+ Yok,Yıllık,Sürekli Lig,Oyuncu Jenerik,Bilgi,Oyuncu,Jenerik,Türkçe,Head,Oyuncu Jenerik,monaco,,,,,,
mërgim vojvoda kimdir,Ligue 1,Futbol,Lig,1. Seviye,Çekirdek,Erkek,Kulüp,Takım Sporu,Fransa,Yabancı,Yok,TV+ Yok,Yıllık,Sürekli Lig,Oyuncu Bilgi,Bilgi,Oyuncu,Jenerik,Türkçe,Body,Oyuncu Bilgi,monaco,,,,,,
mërgim vojvoda hangi takımda,Ligue 1,Futbol,Lig,1. Seviye,Çekirdek,Erkek,Kulüp,Takım Sporu,Fransa,Yabancı,Yok,TV+ Yok,Yıllık,Sürekli Lig,Oyuncu Bilgi,Bilgi,Oyuncu,Jenerik,Türkçe,Body,Oyuncu Bilgi,monaco,,,,,,
mërgim vojvoda istatistik,Ligue 1,Futbol,Lig,1. Seviye,Çekirdek,Erkek,Kulüp,Takım Sporu,Fransa,Yabancı,Yok,TV+ Yok,Yıllık,Sürekli Lig,İstatistik,Bilgi,Oyuncu,Jenerik,Türkçe,Body,İstatistik,monaco,,,,,,
wisła płock,Ligue 1,Futbol,Lig,1. Seviye,Çekirdek,Erkek,Kulüp,Takım Sporu,Fransa,Yabancı,Yok,TV+ Yok,Yıllık,Sürekli Lig,Oyuncu Jenerik,Bilgi,Oyuncu,Jenerik,Türkçe,Head,Oyuncu Jenerik,monaco,,,,,,
wisła płock kimdir,Ligue 1,Futbol,Lig,1. Seviye,Çekirdek,Erkek,Kulüp,Takım Sporu,Fransa,Yabancı,Yok,TV+ Yok,Yıllık,Sürekli Lig,Oyuncu Bilgi,Bilgi,Oyuncu,Jenerik,Türkçe,Body,Oyuncu Bilgi,monaco,,,,,,
wisła płock hangi takımda,Ligue 1,Futbol,Lig,1. Seviye,Çekirdek,Erkek,Kulüp,Takım Sporu,Fransa,Yabancı,Yok,TV+ Yok,Yıllık,Sürekli Lig,Oyuncu Bilgi,Bilgi,Oyuncu,Jenerik,Türkçe,Body,Oyuncu Bilgi,monaco,,,,,,
wisła płock istatistik,Ligue 1,Futbol,Lig,1. Seviye,Çekirdek,Erkek,Kulüp,Takım Sporu,Fransa,Yabancı,Yok,TV+ Yok,Yıllık,Sürekli Lig,İstatistik,Bilgi,Oyuncu,Jenerik,Türkçe,Body,İstatistik,monaco,,,,,,
fortuna düsseldorf,Ligue 1,Futbol,Lig,1. Seviye,Çekirdek,Erkek,Kulüp,Takım Sporu,Fransa,Yabancı,Yok,TV+ Yok,Yıllık,Sürekli Lig,Oyuncu Jenerik,Bilgi,Oyuncu,Jenerik,Türkçe,Head,Oyuncu Jenerik,monaco,,,,,,
fortuna düsseldorf kimdir,Ligue 1,Futbol,Lig,1. Seviye,Çekirdek,Erkek,Kulüp,Takım Sporu,Fransa,Yabancı,Yok,TV+ Yok,Yıllık,Sürekli Lig,Oyuncu Bilgi,Bilgi,Oyuncu,Jenerik,Türkçe,Body,Oyuncu Bilgi,monaco,,,,,,
fortuna düsseldorf hangi takımda,Ligue 1,Futbol,Lig,1. Seviye,Çekirdek,Erkek,Kulüp,Takım Sporu,Fransa,Yabancı,Yok,TV+ Yok,Yıllık,Sürekli Lig,Oyuncu Bilgi,Bilgi,Oyuncu,Jenerik,Türkçe,Body,Oyuncu Bilgi,monaco,,,,,,
fortuna düsseldorf istatistik,Ligue 1,Futbol,Lig,1. Seviye,Çekirdek,Erkek,Kulüp,Takım Sporu,Fransa,Yabancı,Yok,TV+ Yok,Yıllık,Sürekli Lig,İstatistik,Bilgi,Oyuncu,Jenerik,Türkçe,Body,İstatistik,monaco,,,,,,
ac sparta praha,Ligue 1,Futbol,Lig,1. Seviye,Çekirdek,Erkek,Kulüp,Takım Sporu,Fransa,Yabancı,Yok,TV+ Yok,Yıllık,Sürekli Lig,Oyuncu Jenerik,Bilgi,Oyuncu,Jenerik,İngilizce,Body,Oyuncu Jenerik,monaco,,,,,,
ac sparta praha kimdir,Ligue 1,Futbol,Lig,1. Seviye,Çekirdek,Erkek,Kulüp,Takım Sporu,Fransa,Yabancı,Yok,TV+ Yok,Yıllık,Sürekli Lig,Oyuncu Bilgi,Bilgi,Oyuncu,Jenerik,İngilizce,Body,Oyuncu Bilgi,monaco,,,,,,
ac sparta praha hangi takımda,Ligue 1,Futbol,Lig,1. Seviye,Çekirdek,Erkek,Kulüp,Takım Sporu,Fransa,Yabancı,Yok,TV+ Yok,Yıllık,Sürekli Lig,Oyuncu Bilgi,Bilgi,Oyuncu,Jenerik,Türkçe,Long-tail,Oyuncu Bilgi,monaco,,,,,,
ac sparta praha istatistik,Ligue 1,Futbol,Lig,1. Seviye,Çekirdek,Erkek,Kulüp,Takım Sporu,Fransa,Yabancı,Yok,TV+ Yok,Yıllık,Sürekli Lig,İstatistik,Bilgi,Oyuncu,Jenerik,İngilizce,Body,İstatistik,monaco,,,,,,
legia warsaw,Ligue 1,Futbol,Lig,1. Seviye,Çekirdek,Erkek,Kulüp,Takım Sporu,Fransa,Yabancı,Yok,TV+ Yok,Yıllık,Sürekli Lig,Oyuncu Jenerik,Bilgi,Oyuncu,Jenerik,İngilizce,Head,Oyuncu Jenerik,monaco,,,,,,
legia warsaw kimdir,Ligue 1,Futbol,Lig,1. Seviye,Çekirdek,Erkek,Kulüp,Takım Sporu,Fransa,Yabancı,Yok,TV+ Yok,Yıllık,Sürekli Lig,Oyuncu Bilgi,Bilgi,Oyuncu,Jenerik,İngilizce,Body,Oyuncu Bilgi,monaco,,,,,,
legia warsaw hangi takımda,Ligue 1,Futbol,Lig,1. Seviye,Çekirdek,Erkek,Kulüp,Takım Sporu,Fransa,Yabancı,Yok,TV+ Yok,Yıllık,Sürekli Lig,Oyuncu Bilgi,Bilgi,Oyuncu,Jenerik,Türkçe,Body,Oyuncu Bilgi,monaco,,,,,,
legia warsaw istatistik,Ligue 1,Futbol,Lig,1. Seviye,Çekirdek,Erkek,Kulüp,Takım Sporu,Fransa,Yabancı,Yok,TV+ Yok,Yıllık,Sürekli Lig,İstatistik,Bilgi,Oyuncu,Jenerik,İngilizce,Body,İstatistik,monaco,,,,,,
rcd mallorca,Ligue 1,Futbol,Lig,1. Seviye,Çekirdek,Erkek,Kulüp,Takım Sporu,Fransa,Yabancı,Yok,TV+ Yok,Yıllık,Sürekli Lig,Oyuncu Jenerik,Bilgi,Oyuncu,Jenerik,İngilizce,Head,Oyuncu Jenerik,monaco,,,,,,
rcd mallorca kimdir,Ligue 1,Futbol,Lig,1. Seviye,Çekirdek,Erkek,Kulüp,Takım Sporu,Fransa,Yabancı,Yok,TV+ Yok,Yıllık,Sürekli Lig,Oyuncu Bilgi,Bilgi,Oyuncu,Jenerik,İngilizce,Body,Oyuncu Bilgi,monaco,,,,,,
rcd mallorca hangi takımda,Ligue 1,Futbol,Lig,1. Seviye,Çekirdek,Erkek,Kulüp,Takım Sporu,Fransa,Yabancı,Yok,TV+ Yok,Yıllık,Sürekli Lig,Oyuncu Bilgi,Bilgi,Oyuncu,Jenerik,Türkçe,Body,Oyuncu Bilgi,monaco,,,,,,
rcd mallorca istatistik,Ligue 1,Futbol,Lig,1. Seviye,Çekirdek,Erkek,Kulüp,Takım Sporu,Fransa,Yabancı,Yok,TV+ Yok,Yıllık,Sürekli Lig,İstatistik,Bilgi,Oyuncu,Jenerik,İngilizce,Body,İstatistik,monaco,,,,,,
volkan demirel,Ligue 1,Futbol,Lig,1. Seviye,Çekirdek,Erkek,Kulüp,Takım Sporu,Fransa,Yabancı,Yok,TV+ Yok,Yıllık,Sürekli Lig,Oyuncu Jenerik,Bilgi,Oyuncu,Jenerik,İngilizce,Head,Oyuncu Jenerik,lille,,,,,,
volkan demirel kimdir,Ligue 1,Futbol,Lig,1. Seviye,Çekirdek,Erkek,Kulüp,Takım Sporu,Fransa,Yabancı,Yok,TV+ Yok,Yıllık,Sürekli Lig,Oyuncu Bilgi,Bilgi,Oyuncu,Jenerik,İngilizce,Body,Oyuncu Bilgi,lille,,,,,,
volkan demirel hangi takımda,Ligue 1,Futbol,Lig,1. Seviye,Çekirdek,Erkek,Kulüp,Takım Sporu,Fransa,Yabancı,Yok,TV+ Yok,Yıllık,Sürekli Lig,Oyuncu Bilgi,Bilgi,Oyuncu,Jenerik,Türkçe,Body,Oyuncu Bilgi,lille,,,,,,
volkan demirel istatistik,Ligue 1,Futbol,Lig,1. Seviye,Çekirdek,Erkek,Kulüp,Takım Sporu,Fransa,Yabancı,Yok,TV+ Yok,Yıllık,Sürekli Lig,İstatistik,Bilgi,Oyuncu,Jenerik,İngilizce,Body,İstatistik,lille,,,,,,
diego lugano,Ligue 1,Futbol,Lig,1. Seviye,Çekirdek,Erkek,Kulüp,Takım Sporu,Fransa,Yabancı,Yok,TV+ Yok,Yıllık,Sürekli Lig,Oyuncu Jenerik,Bilgi,Oyuncu,Jenerik,İngilizce,Head,Oyuncu Jenerik,lille,,,,,,
diego lugano kimdir,Ligue 1,Futbol,Lig,1. Seviye,Çekirdek,Erkek,Kulüp,Takım Sporu,Fransa,Yabancı,Yok,TV+ Yok,Yıllık,Sürekli Lig,Oyuncu Bilgi,Bilgi,Oyuncu,Jenerik,İngilizce,Body,Oyuncu Bilgi,lille,,,,,,
diego lugano hangi takımda,Ligue 1,Futbol,Lig,1. Seviye,Çekirdek,Erkek,Kulüp,Takım Sporu,Fransa,Yabancı,Yok,TV+ Yok,Yıllık,Sürekli Lig,Oyuncu Bilgi,Bilgi,Oyuncu,Jenerik,Türkçe,Body,Oyuncu Bilgi,lille,,,,,,
diego lugano istatistik,Ligue 1,Futbol,Lig,1. Seviye,Çekirdek,Erkek,Kulüp,Takım Sporu,Fransa,Yabancı,Yok,TV+ Yok,Yıllık,Sürekli Lig,İstatistik,Bilgi,Oyuncu,Jenerik,İngilizce,Body,İstatistik,lille,,,,,,
emre belözoğlu,Ligue 1,Futbol,Lig,1. Seviye,Çekirdek,Erkek,Kulüp,Takım Sporu,Fransa,Yabancı,Yok,TV+ Yok,Yıllık,Sürekli Lig,Oyuncu Jenerik,Bilgi,Oyuncu,Jenerik,Türkçe,Head,Oyuncu Jenerik,lille,,,,,,
emre belözoğlu kimdir,Ligue 1,Futbol,Lig,1. Seviye,Çekirdek,Erkek,Kulüp,Takım Sporu,Fransa,Yabancı,Yok,TV+ Yok,Yıllık,Sürekli Lig,Oyuncu Bilgi,Bilgi,Oyuncu,Jenerik,Türkçe,Body,Oyuncu Bilgi,lille,,,,,,
emre belözoğlu hangi takımda,Ligue 1,Futbol,Lig,1. Seviye,Çekirdek,Erkek,Kulüp,Takım Sporu,Fransa,Yabancı,Yok,TV+ Yok,Yıllık,Sürekli Lig,Oyuncu Bilgi,Bilgi,Oyuncu,Jenerik,Türkçe,Body,Oyuncu Bilgi,lille,,,,,,
emre belözoğlu istatistik,Ligue 1,Futbol,Lig,1. Seviye,Çekirdek,Erkek,Kulüp,Takım Sporu,Fransa,Yabancı,Yok,TV+ Yok,Yıllık,Sürekli Lig,İstatistik,Bilgi,Oyuncu,Jenerik,Türkçe,Body,İstatistik,lille,,,,,,
colin kâzım-richards,Ligue 1,Futbol,Lig,1. Seviye,Çekirdek,Erkek,Kulüp,Takım Sporu,Fransa,Yabancı,Yok,TV+ Yok,Yıllık,Sürekli Lig,Oyuncu Jenerik,Bilgi,Oyuncu,Jenerik,Türkçe,Head,Oyuncu Jenerik,lille,,,,,,
colin kâzım-richards kimdir,Ligue 1,Futbol,Lig,1. Seviye,Çekirdek,Erkek,Kulüp,Takım Sporu,Fransa,Yabancı,Yok,TV+ Yok,Yıllık,Sürekli Lig,Oyuncu Bilgi,Bilgi,Oyuncu,Jenerik,Türkçe,Body,Oyuncu Bilgi,lille,,,,,,
colin kâzım-richards hangi takımda,Ligue 1,Futbol,Lig,1. Seviye,Çekirdek,Erkek,Kulüp,Takım Sporu,Fransa,Yabancı,Yok,TV+ Yok,Yıllık,Sürekli Lig,Oyuncu Bilgi,Bilgi,Oyuncu,Jenerik,Türkçe,Body,Oyuncu Bilgi,lille,,,,,,
colin kâzım-richards istatistik,Ligue 1,Futbol,Lig,1. Seviye,Çekirdek,Erkek,Kulüp,Takım Sporu,Fransa,Yabancı,Yok,TV+ Yok,Yıllık,Sürekli Lig,İstatistik,Bilgi,Oyuncu,Jenerik,Türkçe,Body,İstatistik,lille,,,,,,
daniel güiza,Ligue 1,Futbol,Lig,1. Seviye,Çekirdek,Erkek,Kulüp,Takım Sporu,Fransa,Yabancı,Yok,TV+ Yok,Yıllık,Sürekli Lig,Oyuncu Jenerik,Bilgi,Oyuncu,Jenerik,Türkçe,Head,Oyuncu Jenerik,lille,,,,,,
daniel güiza kimdir,Ligue 1,Futbol,Lig,1. Seviye,Çekirdek,Erkek,Kulüp,Takım Sporu,Fransa,Yabancı,Yok,TV+ Yok,Yıllık,Sürekli Lig,Oyuncu Bilgi,Bilgi,Oyuncu,Jenerik,Türkçe,Body,Oyuncu Bilgi,lille,,,,,,
daniel güiza hangi takımda,Ligue 1,Futbol,Lig,1. Seviye,Çekirdek,Erkek,Kulüp,Takım Sporu,Fransa,Yabancı,Yok,TV+ Yok,Yıllık,Sürekli Lig,Oyuncu Bilgi,Bilgi,Oyuncu,Jenerik,Türkçe,Body,Oyuncu Bilgi,lille,,,,,,
daniel güiza istatistik,Ligue 1,Futbol,Lig,1. Seviye,Çekirdek,Erkek,Kulüp,Takım Sporu,Fransa,Yabancı,Yok,TV+ Yok,Yıllık,Sürekli Lig,İstatistik,Bilgi,Oyuncu,Jenerik,Türkçe,Body,İstatistik,lille,,,,,,
alex de souza,Ligue 1,Futbol,Lig,1. Seviye,Çekirdek,Erkek,Kulüp,Takım Sporu,Fransa,Yabancı,Yok,TV+ Yok,Yıllık,Sürekli Lig,Oyuncu Jenerik,Bilgi,Oyuncu,Jenerik,İngilizce,Body,Oyuncu Jenerik,lille,,,,,,
alex de souza kimdir,Ligue 1,Futbol,Lig,1. Seviye,Çekirdek,Erkek,Kulüp,Takım Sporu,Fransa,Yabancı,Yok,TV+ Yok,Yıllık,Sürekli Lig,Oyuncu Bilgi,Bilgi,Oyuncu,Jenerik,İngilizce,Body,Oyuncu Bilgi,lille,,,,,,
alex de souza hangi takımda,Ligue 1,Futbol,Lig,1. Seviye,Çekirdek,Erkek,Kulüp,Takım Sporu,Fransa,Yabancı,Yok,TV+ Yok,Yıllık,Sürekli Lig,Oyuncu Bilgi,Bilgi,Oyuncu,Jenerik,Türkçe,Long-tail,Oyuncu Bilgi,lille,,,,,,
alex de souza istatistik,Ligue 1,Futbol,Lig,1. Seviye,Çekirdek,Erkek,Kulüp,Takım Sporu,Fransa,Yabancı,Yok,TV+ Yok,Yıllık,Sürekli Lig,İstatistik,Bilgi,Oyuncu,Jenerik,İngilizce,Body,İstatistik,lille,,,,,,
bekir i̇rtegün,Ligue 1,Futbol,Lig,1. Seviye,Çekirdek,Erkek,Kulüp,Takım Sporu,Fransa,Yabancı,Yok,TV+ Yok,Yıllık,Sürekli Lig,Oyuncu Jenerik,Bilgi,Oyuncu,Jenerik,Türkçe,Head,Oyuncu Jenerik,lille,,,,,,
bekir i̇rtegün kimdir,Ligue 1,Futbol,Lig,1. Seviye,Çekirdek,Erkek,Kulüp,Takım Sporu,Fransa,Yabancı,Yok,TV+ Yok,Yıllık,Sürekli Lig,Oyuncu Bilgi,Bilgi,Oyuncu,Jenerik,Türkçe,Body,Oyuncu Bilgi,lille,,,,,,
bekir i̇rtegün hangi takımda,Ligue 1,Futbol,Lig,1. Seviye,Çekirdek,Erkek,Kulüp,Takım Sporu,Fransa,Yabancı,Yok,TV+ Yok,Yıllık,Sürekli Lig,Oyuncu Bilgi,Bilgi,Oyuncu,Jenerik,Türkçe,Body,Oyuncu Bilgi,lille,,,,,,
bekir i̇rtegün istatistik,Ligue 1,Futbol,Lig,1. Seviye,Çekirdek,Erkek,Kulüp,Takım Sporu,Fransa,Yabancı,Yok,TV+ Yok,Yıllık,Sürekli Lig,İstatistik,Bilgi,Oyuncu,Jenerik,Türkçe,Body,İstatistik,lille,,,,,,
cristian oliveira baroni,Ligue 1,Futbol,Lig,1. Seviye,Çekirdek,Erkek,Kulüp,Takım Sporu,Fransa,Yabancı,Yok,TV+ Yok,Yıllık,Sürekli Lig,Oyuncu Jenerik,Bilgi,Oyuncu,Jenerik,İngilizce,Body,Oyuncu Jenerik,lille,,,,,,
cristian oliveira baroni kimdir,Ligue 1,Futbol,Lig,1. Seviye,Çekirdek,Erkek,Kulüp,Takım Sporu,Fransa,Yabancı,Yok,TV+ Yok,Yıllık,Sürekli Lig,Oyuncu Bilgi,Bilgi,Oyuncu,Jenerik,İngilizce,Body,Oyuncu Bilgi,lille,,,,,,
cristian oliveira baroni hangi takımda,Ligue 1,Futbol,Lig,1. Seviye,Çekirdek,Erkek,Kulüp,Takım Sporu,Fransa,Yabancı,Yok,TV+ Yok,Yıllık,Sürekli Lig,Oyuncu Bilgi,Bilgi,Oyuncu,Jenerik,Türkçe,Long-tail,Oyuncu Bilgi,lille,,,,,,
cristian oliveira baroni istatistik,Ligue 1,Futbol,Lig,1. Seviye,Çekirdek,Erkek,Kulüp,Takım Sporu,Fransa,Yabancı,Yok,TV+ Yok,Yıllık,Sürekli Lig,İstatistik,Bilgi,Oyuncu,Jenerik,İngilizce,Body,İstatistik,lille,,,,,,
ali bilgin,Ligue 1,Futbol,Lig,1. Seviye,Çekirdek,Erkek,Kulüp,Takım Sporu,Fransa,Yabancı,Yok,TV+ Yok,Yıllık,Sürekli Lig,Oyuncu Jenerik,Bilgi,Oyuncu,Jenerik,İngilizce,Head,Oyuncu Jenerik,lille,,,,,,
ali bilgin kimdir,Ligue 1,Futbol,Lig,1. Seviye,Çekirdek,Erkek,Kulüp,Takım Sporu,Fransa,Yabancı,Yok,TV+ Yok,Yıllık,Sürekli Lig,Oyuncu Bilgi,Bilgi,Oyuncu,Jenerik,İngilizce,Body,Oyuncu Bilgi,lille,,,,,,
ali bilgin hangi takımda,Ligue 1,Futbol,Lig,1. Seviye,Çekirdek,Erkek,Kulüp,Takım Sporu,Fransa,Yabancı,Yok,TV+ Yok,Yıllık,Sürekli Lig,Oyuncu Bilgi,Bilgi,Oyuncu,Jenerik,Türkçe,Body,Oyuncu Bilgi,lille,,,,,,
ali bilgin istatistik,Ligue 1,Futbol,Lig,1. Seviye,Çekirdek,Erkek,Kulüp,Takım Sporu,Fransa,Yabancı,Yok,TV+ Yok,Yıllık,Sürekli Lig,İstatistik,Bilgi,Oyuncu,Jenerik,İngilizce,Body,İstatistik,lille,,,,,,
önder turacı,Ligue 1,Futbol,Lig,1. Seviye,Çekirdek,Erkek,Kulüp,Takım Sporu,Fransa,Yabancı,Yok,TV+ Yok,Yıllık,Sürekli Lig,Oyuncu Jenerik,Bilgi,Oyuncu,Jenerik,Türkçe,Head,Oyuncu Jenerik,lille,,,,,,
önder turacı kimdir,Ligue 1,Futbol,Lig,1. Seviye,Çekirdek,Erkek,Kulüp,Takım Sporu,Fransa,Yabancı,Yok,TV+ Yok,Yıllık,Sürekli Lig,Oyuncu Bilgi,Bilgi,Oyuncu,Jenerik,Türkçe,Body,Oyuncu Bilgi,lille,,,,,,
önder turacı hangi takımda,Ligue 1,Futbol,Lig,1. Seviye,Çekirdek,Erkek,Kulüp,Takım Sporu,Fransa,Yabancı,Yok,TV+ Yok,Yıllık,Sürekli Lig,Oyuncu Bilgi,Bilgi,Oyuncu,Jenerik,Türkçe,Body,Oyuncu Bilgi,lille,,,,,,
önder turacı istatistik,Ligue 1,Futbol,Lig,1. Seviye,Çekirdek,Erkek,Kulüp,Takım Sporu,Fransa,Yabancı,Yok,TV+ Yok,Yıllık,Sürekli Lig,İstatistik,Bilgi,Oyuncu,Jenerik,Türkçe,Body,İstatistik,lille,,,,,,
özer hurmacı,Ligue 1,Futbol,Lig,1. Seviye,Çekirdek,Erkek,Kulüp,Takım Sporu,Fransa,Yabancı,Yok,TV+ Yok,Yıllık,Sürekli Lig,Oyuncu Jenerik,Bilgi,Oyuncu,Jenerik,Türkçe,Head,Oyuncu Jenerik,lille,,,,,,
özer hurmacı kimdir,Ligue 1,Futbol,Lig,1. Seviye,Çekirdek,Erkek,Kulüp,Takım Sporu,Fransa,Yabancı,Yok,TV+ Yok,Yıllık,Sürekli Lig,Oyuncu Bilgi,Bilgi,Oyuncu,Jenerik,Türkçe,Body,Oyuncu Bilgi,lille,,,,,,
özer hurmacı hangi takımda,Ligue 1,Futbol,Lig,1. Seviye,Çekirdek,Erkek,Kulüp,Takım Sporu,Fransa,Yabancı,Yok,TV+ Yok,Yıllık,Sürekli Lig,Oyuncu Bilgi,Bilgi,Oyuncu,Jenerik,Türkçe,Body,Oyuncu Bilgi,lille,,,,,,
özer hurmacı istatistik,Ligue 1,Futbol,Lig,1. Seviye,Çekirdek,Erkek,Kulüp,Takım Sporu,Fransa,Yabancı,Yok,TV+ Yok,Yıllık,Sürekli Lig,İstatistik,Bilgi,Oyuncu,Jenerik,Türkçe,Body,İstatistik,lille,,,,,,
selçuk şahin,Ligue 1,Futbol,Lig,1. Seviye,Çekirdek,Erkek,Kulüp,Takım Sporu,Fransa,Yabancı,Yok,TV+ Yok,Yıllık,Sürekli Lig,Oyuncu Jenerik,Bilgi,Oyuncu,Jenerik,Türkçe,Head,Oyuncu Jenerik,lille,,,,,,
selçuk şahin kimdir,Ligue 1,Futbol,Lig,1. Seviye,Çekirdek,Erkek,Kulüp,Takım Sporu,Fransa,Yabancı,Yok,TV+ Yok,Yıllık,Sürekli Lig,Oyuncu Bilgi,Bilgi,Oyuncu,Jenerik,Türkçe,Body,Oyuncu Bilgi,lille,,,,,,
selçuk şahin hangi takımda,Ligue 1,Futbol,Lig,1. Seviye,Çekirdek,Erkek,Kulüp,Takım Sporu,Fransa,Yabancı,Yok,TV+ Yok,Yıllık,Sürekli Lig,Oyuncu Bilgi,Bilgi,Oyuncu,Jenerik,Türkçe,Body,Oyuncu Bilgi,lille,,,,,,
selçuk şahin istatistik,Ligue 1,Futbol,Lig,1. Seviye,Çekirdek,Erkek,Kulüp,Takım Sporu,Fransa,Yabancı,Yok,TV+ Yok,Yıllık,Sürekli Lig,İstatistik,Bilgi,Oyuncu,Jenerik,Türkçe,Body,İstatistik,lille,,,,,,
semih şentürk,Ligue 1,Futbol,Lig,1. Seviye,Çekirdek,Erkek,Kulüp,Takım Sporu,Fransa,Yabancı,Yok,TV+ Yok,Yıllık,Sürekli Lig,Oyuncu Jenerik,Bilgi,Oyuncu,Jenerik,Türkçe,Head,Oyuncu Jenerik,lille,,,,,,
semih şentürk kimdir,Ligue 1,Futbol,Lig,1. Seviye,Çekirdek,Erkek,Kulüp,Takım Sporu,Fransa,Yabancı,Yok,TV+ Yok,Yıllık,Sürekli Lig,Oyuncu Bilgi,Bilgi,Oyuncu,Jenerik,Türkçe,Body,Oyuncu Bilgi,lille,,,,,,
semih şentürk hangi takımda,Ligue 1,Futbol,Lig,1. Seviye,Çekirdek,Erkek,Kulüp,Takım Sporu,Fransa,Yabancı,Yok,TV+ Yok,Yıllık,Sürekli Lig,Oyuncu Bilgi,Bilgi,Oyuncu,Jenerik,Türkçe,Body,Oyuncu Bilgi,lille,,,,,,
semih şentürk istatistik,Ligue 1,Futbol,Lig,1. Seviye,Çekirdek,Erkek,Kulüp,Takım Sporu,Fransa,Yabancı,Yok,TV+ Yok,Yıllık,Sürekli Lig,İstatistik,Bilgi,Oyuncu,Jenerik,Türkçe,Body,İstatistik,lille,,,,,,
deniz barış,Ligue 1,Futbol,Lig,1. Seviye,Çekirdek,Erkek,Kulüp,Takım Sporu,Fransa,Yabancı,Yok,TV+ Yok,Yıllık,Sürekli Lig,Oyuncu Jenerik,Bilgi,Oyuncu,Jenerik,Türkçe,Head,Oyuncu Jenerik,lille,,,,,,
deniz barış kimdir,Ligue 1,Futbol,Lig,1. Seviye,Çekirdek,Erkek,Kulüp,Takım Sporu,Fransa,Yabancı,Yok,TV+ Yok,Yıllık,Sürekli Lig,Oyuncu Bilgi,Bilgi,Oyuncu,Jenerik,Türkçe,Body,Oyuncu Bilgi,lille,,,,,,
deniz barış hangi takımda,Ligue 1,Futbol,Lig,1. Seviye,Çekirdek,Erkek,Kulüp,Takım Sporu,Fransa,Yabancı,Yok,TV+ Yok,Yıllık,Sürekli Lig,Oyuncu Bilgi,Bilgi,Oyuncu,Jenerik,Türkçe,Body,Oyuncu Bilgi,lille,,,,,,
deniz barış istatistik,Ligue 1,Futbol,Lig,1. Seviye,Çekirdek,Erkek,Kulüp,Takım Sporu,Fransa,Yabancı,Yok,TV+ Yok,Yıllık,Sürekli Lig,İstatistik,Bilgi,Oyuncu,Jenerik,Türkçe,Body,İstatistik,lille,,,,,,
uğur boral,Ligue 1,Futbol,Lig,1. Seviye,Çekirdek,Erkek,Kulüp,Takım Sporu,Fransa,Yabancı,Yok,TV+ Yok,Yıllık,Sürekli Lig,Oyuncu Jenerik,Bilgi,Oyuncu,Jenerik,Türkçe,Head,Oyuncu Jenerik,lille,,,,,,
uğur boral kimdir,Ligue 1,Futbol,Lig,1. Seviye,Çekirdek,Erkek,Kulüp,Takım Sporu,Fransa,Yabancı,Yok,TV+ Yok,Yıllık,Sürekli Lig,Oyuncu Bilgi,Bilgi,Oyuncu,Jenerik,Türkçe,Body,Oyuncu Bilgi,lille,,,,,,
uğur boral hangi takımda,Ligue 1,Futbol,Lig,1. Seviye,Çekirdek,Erkek,Kulüp,Takım Sporu,Fransa,Yabancı,Yok,TV+ Yok,Yıllık,Sürekli Lig,Oyuncu Bilgi,Bilgi,Oyuncu,Jenerik,Türkçe,Body,Oyuncu Bilgi,lille,,,,,,
uğur boral istatistik,Ligue 1,Futbol,Lig,1. Seviye,Çekirdek,Erkek,Kulüp,Takım Sporu,Fransa,Yabancı,Yok,TV+ Yok,Yıllık,Sürekli Lig,İstatistik,Bilgi,Oyuncu,Jenerik,Türkçe,Body,İstatistik,lille,,,,,,
andré santos,Ligue 1,Futbol,Lig,1. Seviye,Çekirdek,Erkek,Kulüp,Takım Sporu,Fransa,Yabancı,Yok,TV+ Yok,Yıllık,Sürekli Lig,Oyuncu Jenerik,Bilgi,Oyuncu,Jenerik,Türkçe,Head,Oyuncu Jenerik,lille,,,,,,
andré santos kimdir,Ligue 1,Futbol,Lig,1. Seviye,Çekirdek,Erkek,Kulüp,Takım Sporu,Fransa,Yabancı,Yok,TV+ Yok,Yıllık,Sürekli Lig,Oyuncu Bilgi,Bilgi,Oyuncu,Jenerik,Türkçe,Body,Oyuncu Bilgi,lille,,,,,,
andré santos hangi takımda,Ligue 1,Futbol,Lig,1. Seviye,Çekirdek,Erkek,Kulüp,Takım Sporu,Fransa,Yabancı,Yok,TV+ Yok,Yıllık,Sürekli Lig,Oyuncu Bilgi,Bilgi,Oyuncu,Jenerik,Türkçe,Body,Oyuncu Bilgi,lille,,,,,,
andré santos istatistik,Ligue 1,Futbol,Lig,1. Seviye,Çekirdek,Erkek,Kulüp,Takım Sporu,Fransa,Yabancı,Yok,TV+ Yok,Yıllık,Sürekli Lig,İstatistik,Bilgi,Oyuncu,Jenerik,Türkçe,Body,İstatistik,lille,,,,,,
gökhan ünal,Ligue 1,Futbol,Lig,1. Seviye,Çekirdek,Erkek,Kulüp,Takım Sporu,Fransa,Yabancı,Yok,TV+ Yok,Yıllık,Sürekli Lig,Oyuncu Jenerik,Bilgi,Oyuncu,Jenerik,Türkçe,Head,Oyuncu Jenerik,lille,,,,,,
gökhan ünal kimdir,Ligue 1,Futbol,Lig,1. Seviye,Çekirdek,Erkek,Kulüp,Takım Sporu,Fransa,Yabancı,Yok,TV+ Yok,Yıllık,Sürekli Lig,Oyuncu Bilgi,Bilgi,Oyuncu,Jenerik,Türkçe,Body,Oyuncu Bilgi,lille,,,,,,
gökhan ünal hangi takımda,Ligue 1,Futbol,Lig,1. Seviye,Çekirdek,Erkek,Kulüp,Takım Sporu,Fransa,Yabancı,Yok,TV+ Yok,Yıllık,Sürekli Lig,Oyuncu Bilgi,Bilgi,Oyuncu,Jenerik,Türkçe,Body,Oyuncu Bilgi,lille,,,,,,
gökhan ünal istatistik,Ligue 1,Futbol,Lig,1. Seviye,Çekirdek,Erkek,Kulüp,Takım Sporu,Fransa,Yabancı,Yok,TV+ Yok,Yıllık,Sürekli Lig,İstatistik,Bilgi,Oyuncu,Jenerik,Türkçe,Body,İstatistik,lille,,,,,,
furkan aydın,Ligue 1,Futbol,Lig,1. Seviye,Çekirdek,Erkek,Kulüp,Takım Sporu,Fransa,Yabancı,Yok,TV+ Yok,Yıllık,Sürekli Lig,Oyuncu Jenerik,Bilgi,Oyuncu,Jenerik,Türkçe,Head,Oyuncu Jenerik,lille,,,,,,
furkan aydın kimdir,Ligue 1,Futbol,Lig,1. Seviye,Çekirdek,Erkek,Kulüp,Takım Sporu,Fransa,Yabancı,Yok,TV+ Yok,Yıllık,Sürekli Lig,Oyuncu Bilgi,Bilgi,Oyuncu,Jenerik,Türkçe,Body,Oyuncu Bilgi,lille,,,,,,
furkan aydın hangi takımda,Ligue 1,Futbol,Lig,1. Seviye,Çekirdek,Erkek,Kulüp,Takım Sporu,Fransa,Yabancı,Yok,TV+ Yok,Yıllık,Sürekli Lig,Oyuncu Bilgi,Bilgi,Oyuncu,Jenerik,Türkçe,Body,Oyuncu Bilgi,lille,,,,,,
furkan aydın istatistik,Ligue 1,Futbol,Lig,1. Seviye,Çekirdek,Erkek,Kulüp,Takım Sporu,Fransa,Yabancı,Yok,TV+ Yok,Yıllık,Sürekli Lig,İstatistik,Bilgi,Oyuncu,Jenerik,Türkçe,Body,İstatistik,lille,,,,,,
fábio bilica,Ligue 1,Futbol,Lig,1. Seviye,Çekirdek,Erkek,Kulüp,Takım Sporu,Fransa,Yabancı,Yok,TV+ Yok,Yıllık,Sürekli Lig,Oyuncu Jenerik,Bilgi,Oyuncu,Jenerik,Türkçe,Head,Oyuncu Jenerik,lille,,,,,,
fábio bilica kimdir,Ligue 1,Futbol,Lig,1. Seviye,Çekirdek,Erkek,Kulüp,Takım Sporu,Fransa,Yabancı,Yok,TV+ Yok,Yıllık,Sürekli Lig,Oyuncu Bilgi,Bilgi,Oyuncu,Jenerik,Türkçe,Body,Oyuncu Bilgi,lille,,,,,,
fábio bilica hangi takımda,Ligue 1,Futbol,Lig,1. Seviye,Çekirdek,Erkek,Kulüp,Takım Sporu,Fransa,Yabancı,Yok,TV+ Yok,Yıllık,Sürekli Lig,Oyuncu Bilgi,Bilgi,Oyuncu,Jenerik,Türkçe,Body,Oyuncu Bilgi,lille,,,,,,
fábio bilica istatistik,Ligue 1,Futbol,Lig,1. Seviye,Çekirdek,Erkek,Kulüp,Takım Sporu,Fransa,Yabancı,Yok,TV+ Yok,Yıllık,Sürekli Lig,İstatistik,Bilgi,Oyuncu,Jenerik,Türkçe,Body,İstatistik,lille,,,,,,
mehmet topuz,Ligue 1,Futbol,Lig,1. Seviye,Çekirdek,Erkek,Kulüp,Takım Sporu,Fransa,Yabancı,Yok,TV+ Yok,Yıllık,Sürekli Lig,Oyuncu Jenerik,Bilgi,Oyuncu,Jenerik,İngilizce,Head,Oyuncu Jenerik,lille,,,,,,
mehmet topuz kimdir,Ligue 1,Futbol,Lig,1. Seviye,Çekirdek,Erkek,Kulüp,Takım Sporu,Fransa,Yabancı,Yok,TV+ Yok,Yıllık,Sürekli Lig,Oyuncu Bilgi,Bilgi,Oyuncu,Jenerik,İngilizce,Body,Oyuncu Bilgi,lille,,,,,,
mehmet topuz hangi takımda,Ligue 1,Futbol,Lig,1. Seviye,Çekirdek,Erkek,Kulüp,Takım Sporu,Fransa,Yabancı,Yok,TV+ Yok,Yıllık,Sürekli Lig,Oyuncu Bilgi,Bilgi,Oyuncu,Jenerik,Türkçe,Body,Oyuncu Bilgi,lille,,,,,,
mehmet topuz istatistik,Ligue 1,Futbol,Lig,1. Seviye,Çekirdek,Erkek,Kulüp,Takım Sporu,Fransa,Yabancı,Yok,TV+ Yok,Yıllık,Sürekli Lig,İstatistik,Bilgi,Oyuncu,Jenerik,İngilizce,Body,İstatistik,lille,,,,,,
gökhan gönül,Ligue 1,Futbol,Lig,1. Seviye,Çekirdek,Erkek,Kulüp,Takım Sporu,Fransa,Yabancı,Yok,TV+ Yok,Yıllık,Sürekli Lig,Oyuncu Jenerik,Bilgi,Oyuncu,Jenerik,Türkçe,Head,Oyuncu Jenerik,lille,,,,,,
gökhan gönül kimdir,Ligue 1,Futbol,Lig,1. Seviye,Çekirdek,Erkek,Kulüp,Takım Sporu,Fransa,Yabancı,Yok,TV+ Yok,Yıllık,Sürekli Lig,Oyuncu Bilgi,Bilgi,Oyuncu,Jenerik,Türkçe,Body,Oyuncu Bilgi,lille,,,,,,
gökhan gönül hangi takımda,Ligue 1,Futbol,Lig,1. Seviye,Çekirdek,Erkek,Kulüp,Takım Sporu,Fransa,Yabancı,Yok,TV+ Yok,Yıllık,Sürekli Lig,Oyuncu Bilgi,Bilgi,Oyuncu,Jenerik,Türkçe,Body,Oyuncu Bilgi,lille,,,,,,
gökhan gönül istatistik,Ligue 1,Futbol,Lig,1. Seviye,Çekirdek,Erkek,Kulüp,Takım Sporu,Fransa,Yabancı,Yok,TV+ Yok,Yıllık,Sürekli Lig,İstatistik,Bilgi,Oyuncu,Jenerik,Türkçe,Body,İstatistik,lille,,,,,,
onur karakabak,Ligue 1,Futbol,Lig,1. Seviye,Çekirdek,Erkek,Kulüp,Takım Sporu,Fransa,Yabancı,Yok,TV+ Yok,Yıllık,Sürekli Lig,Oyuncu Jenerik,Bilgi,Oyuncu,Jenerik,İngilizce,Head,Oyuncu Jenerik,lille,,,,,,
onur karakabak kimdir,Ligue 1,Futbol,Lig,1. Seviye,Çekirdek,Erkek,Kulüp,Takım Sporu,Fransa,Yabancı,Yok,TV+ Yok,Yıllık,Sürekli Lig,Oyuncu Bilgi,Bilgi,Oyuncu,Jenerik,İngilizce,Body,Oyuncu Bilgi,lille,,,,,,
onur karakabak hangi takımda,Ligue 1,Futbol,Lig,1. Seviye,Çekirdek,Erkek,Kulüp,Takım Sporu,Fransa,Yabancı,Yok,TV+ Yok,Yıllık,Sürekli Lig,Oyuncu Bilgi,Bilgi,Oyuncu,Jenerik,Türkçe,Body,Oyuncu Bilgi,lille,,,,,,
onur karakabak istatistik,Ligue 1,Futbol,Lig,1. Seviye,Çekirdek,Erkek,Kulüp,Takım Sporu,Fransa,Yabancı,Yok,TV+ Yok,Yıllık,Sürekli Lig,İstatistik,Bilgi,Oyuncu,Jenerik,İngilizce,Body,İstatistik,lille,,,,,,
abdülkadir kayalı,Ligue 1,Futbol,Lig,1. Seviye,Çekirdek,Erkek,Kulüp,Takım Sporu,Fransa,Yabancı,Yok,TV+ Yok,Yıllık,Sürekli Lig,Oyuncu Jenerik,Bilgi,Oyuncu,Jenerik,Türkçe,Head,Oyuncu Jenerik,lille,,,,,,
abdülkadir kayalı kimdir,Ligue 1,Futbol,Lig,1. Seviye,Çekirdek,Erkek,Kulüp,Takım Sporu,Fransa,Yabancı,Yok,TV+ Yok,Yıllık,Sürekli Lig,Oyuncu Bilgi,Bilgi,Oyuncu,Jenerik,Türkçe,Body,Oyuncu Bilgi,lille,,,,,,
abdülkadir kayalı hangi takımda,Ligue 1,Futbol,Lig,1. Seviye,Çekirdek,Erkek,Kulüp,Takım Sporu,Fransa,Yabancı,Yok,TV+ Yok,Yıllık,Sürekli Lig,Oyuncu Bilgi,Bilgi,Oyuncu,Jenerik,Türkçe,Body,Oyuncu Bilgi,lille,,,,,,
abdülkadir kayalı istatistik,Ligue 1,Futbol,Lig,1. Seviye,Çekirdek,Erkek,Kulüp,Takım Sporu,Fransa,Yabancı,Yok,TV+ Yok,Yıllık,Sürekli Lig,İstatistik,Bilgi,Oyuncu,Jenerik,Türkçe,Body,İstatistik,lille,,,,,,
maxime dupé,Ligue 1,Futbol,Lig,1. Seviye,Çekirdek,Erkek,Kulüp,Takım Sporu,Fransa,Yabancı,Yok,TV+ Yok,Yıllık,Sürekli Lig,Oyuncu Jenerik,Bilgi,Oyuncu,Jenerik,Türkçe,Head,Oyuncu Jenerik,nice,,,,,,
maxime dupé kimdir,Ligue 1,Futbol,Lig,1. Seviye,Çekirdek,Erkek,Kulüp,Takım Sporu,Fransa,Yabancı,Yok,TV+ Yok,Yıllık,Sürekli Lig,Oyuncu Bilgi,Bilgi,Oyuncu,Jenerik,Türkçe,Body,Oyuncu Bilgi,nice,,,,,,
maxime dupé hangi takımda,Ligue 1,Futbol,Lig,1. Seviye,Çekirdek,Erkek,Kulüp,Takım Sporu,Fransa,Yabancı,Yok,TV+ Yok,Yıllık,Sürekli Lig,Oyuncu Bilgi,Bilgi,Oyuncu,Jenerik,Türkçe,Body,Oyuncu Bilgi,nice,,,,,,
maxime dupé istatistik,Ligue 1,Futbol,Lig,1. Seviye,Çekirdek,Erkek,Kulüp,Takım Sporu,Fransa,Yabancı,Yok,TV+ Yok,Yıllık,Sürekli Lig,İstatistik,Bilgi,Oyuncu,Jenerik,Türkçe,Body,İstatistik,nice,,,,,,
moïse bombito,Ligue 1,Futbol,Lig,1. Seviye,Çekirdek,Erkek,Kulüp,Takım Sporu,Fransa,Yabancı,Yok,TV+ Yok,Yıllık,Sürekli Lig,Oyuncu Jenerik,Bilgi,Oyuncu,Jenerik,Türkçe,Head,Oyuncu Jenerik,nice,,,,,,
moïse bombito kimdir,Ligue 1,Futbol,Lig,1. Seviye,Çekirdek,Erkek,Kulüp,Takım Sporu,Fransa,Yabancı,Yok,TV+ Yok,Yıllık,Sürekli Lig,Oyuncu Bilgi,Bilgi,Oyuncu,Jenerik,Türkçe,Body,Oyuncu Bilgi,nice,,,,,,
moïse bombito hangi takımda,Ligue 1,Futbol,Lig,1. Seviye,Çekirdek,Erkek,Kulüp,Takım Sporu,Fransa,Yabancı,Yok,TV+ Yok,Yıllık,Sürekli Lig,Oyuncu Bilgi,Bilgi,Oyuncu,Jenerik,Türkçe,Body,Oyuncu Bilgi,nice,,,,,,
moïse bombito istatistik,Ligue 1,Futbol,Lig,1. Seviye,Çekirdek,Erkek,Kulüp,Takım Sporu,Fransa,Yabancı,Yok,TV+ Yok,Yıllık,Sürekli Lig,İstatistik,Bilgi,Oyuncu,Jenerik,Türkçe,Body,İstatistik,nice,,,,,,
djaoui cissé,Ligue 1,Futbol,Lig,1. Seviye,Çekirdek,Erkek,Kulüp,Takım Sporu,Fransa,Yabancı,Yok,TV+ Yok,Yıllık,Sürekli Lig,Oyuncu Jenerik,Bilgi,Oyuncu,Jenerik,Türkçe,Head,Oyuncu Jenerik,rennes,,,,,,
djaoui cissé kimdir,Ligue 1,Futbol,Lig,1. Seviye,Çekirdek,Erkek,Kulüp,Takım Sporu,Fransa,Yabancı,Yok,TV+ Yok,Yıllık,Sürekli Lig,Oyuncu Bilgi,Bilgi,Oyuncu,Jenerik,Türkçe,Body,Oyuncu Bilgi,rennes,,,,,,
djaoui cissé hangi takımda,Ligue 1,Futbol,Lig,1. Seviye,Çekirdek,Erkek,Kulüp,Takım Sporu,Fransa,Yabancı,Yok,TV+ Yok,Yıllık,Sürekli Lig,Oyuncu Bilgi,Bilgi,Oyuncu,Jenerik,Türkçe,Body,Oyuncu Bilgi,rennes,,,,,,
djaoui cissé istatistik,Ligue 1,Futbol,Lig,1. Seviye,Çekirdek,Erkek,Kulüp,Takım Sporu,Fransa,Yabancı,Yok,TV+ Yok,Yıllık,Sürekli Lig,İstatistik,Bilgi,Oyuncu,Jenerik,Türkçe,Body,İstatistik,rennes,,,,,,
musa al-taamari,Ligue 1,Futbol,Lig,1. Seviye,Çekirdek,Erkek,Kulüp,Takım Sporu,Fransa,Yabancı,Yok,TV+ Yok,Yıllık,Sürekli Lig,Oyuncu Jenerik,Bilgi,Oyuncu,Jenerik,İngilizce,Head,Oyuncu Jenerik,rennes,,,,,,
musa al-taamari kimdir,Ligue 1,Futbol,Lig,1. Seviye,Çekirdek,Erkek,Kulüp,Takım Sporu,Fransa,Yabancı,Yok,TV+ Yok,Yıllık,Sürekli Lig,Oyuncu Bilgi,Bilgi,Oyuncu,Jenerik,İngilizce,Body,Oyuncu Bilgi,rennes,,,,,,
musa al-taamari hangi takımda,Ligue 1,Futbol,Lig,1. Seviye,Çekirdek,Erkek,Kulüp,Takım Sporu,Fransa,Yabancı,Yok,TV+ Yok,Yıllık,Sürekli Lig,Oyuncu Bilgi,Bilgi,Oyuncu,Jenerik,Türkçe,Body,Oyuncu Bilgi,rennes,,,,,,
musa al-taamari istatistik,Ligue 1,Futbol,Lig,1. Seviye,Çekirdek,Erkek,Kulüp,Takım Sporu,Fransa,Yabancı,Yok,TV+ Yok,Yıllık,Sürekli Lig,İstatistik,Bilgi,Oyuncu,Jenerik,İngilizce,Body,İstatistik,rennes,,,,,,
nicolas lemaître,Ligue 1,Futbol,Lig,1. Seviye,Çekirdek,Erkek,Kulüp,Takım Sporu,Fransa,Yabancı,Yok,TV+ Yok,Yıllık,Sürekli Lig,Oyuncu Jenerik,Bilgi,Oyuncu,Jenerik,Türkçe,Head,Oyuncu Jenerik,rennes,,,,,,
nicolas lemaître kimdir,Ligue 1,Futbol,Lig,1. Seviye,Çekirdek,Erkek,Kulüp,Takım Sporu,Fransa,Yabancı,Yok,TV+ Yok,Yıllık,Sürekli Lig,Oyuncu Bilgi,Bilgi,Oyuncu,Jenerik,Türkçe,Body,Oyuncu Bilgi,rennes,,,,,,
nicolas lemaître hangi takımda,Ligue 1,Futbol,Lig,1. Seviye,Çekirdek,Erkek,Kulüp,Takım Sporu,Fransa,Yabancı,Yok,TV+ Yok,Yıllık,Sürekli Lig,Oyuncu Bilgi,Bilgi,Oyuncu,Jenerik,Türkçe,Body,Oyuncu Bilgi,rennes,,,,,,
nicolas lemaître istatistik,Ligue 1,Futbol,Lig,1. Seviye,Çekirdek,Erkek,Kulüp,Takım Sporu,Fransa,Yabancı,Yok,TV+ Yok,Yıllık,Sürekli Lig,İstatistik,Bilgi,Oyuncu,Jenerik,Türkçe,Body,İstatistik,rennes,,,,,,
sebastian szymański,Ligue 1,Futbol,Lig,1. Seviye,Çekirdek,Erkek,Kulüp,Takım Sporu,Fransa,Yabancı,Yok,TV+ Yok,Yıllık,Sürekli Lig,Oyuncu Jenerik,Bilgi,Oyuncu,Jenerik,Türkçe,Head,Oyuncu Jenerik,rennes,,,,,,
sebastian szymański kimdir,Ligue 1,Futbol,Lig,1. Seviye,Çekirdek,Erkek,Kulüp,Takım Sporu,Fransa,Yabancı,Yok,TV+ Yok,Yıllık,Sürekli Lig,Oyuncu Bilgi,Bilgi,Oyuncu,Jenerik,Türkçe,Body,Oyuncu Bilgi,rennes,,,,,,
sebastian szymański hangi takımda,Ligue 1,Futbol,Lig,1. Seviye,Çekirdek,Erkek,Kulüp,Takım Sporu,Fransa,Yabancı,Yok,TV+ Yok,Yıllık,Sürekli Lig,Oyuncu Bilgi,Bilgi,Oyuncu,Jenerik,Türkçe,Body,Oyuncu Bilgi,rennes,,,,,,
sebastian szymański istatistik,Ligue 1,Futbol,Lig,1. Seviye,Çekirdek,Erkek,Kulüp,Takım Sporu,Fransa,Yabancı,Yok,TV+ Yok,Yıllık,Sürekli Lig,İstatistik,Bilgi,Oyuncu,Jenerik,Türkçe,Body,İstatistik,rennes,,,,,,
aboubakar nagida,Ligue 1,Futbol,Lig,1. Seviye,Çekirdek,Erkek,Kulüp,Takım Sporu,Fransa,Yabancı,Yok,TV+ Yok,Yıllık,Sürekli Lig,Oyuncu Jenerik,Bilgi,Oyuncu,Jenerik,İngilizce,Head,Oyuncu Jenerik,rennes,,,,,,
aboubakar nagida kimdir,Ligue 1,Futbol,Lig,1. Seviye,Çekirdek,Erkek,Kulüp,Takım Sporu,Fransa,Yabancı,Yok,TV+ Yok,Yıllık,Sürekli Lig,Oyuncu Bilgi,Bilgi,Oyuncu,Jenerik,İngilizce,Body,Oyuncu Bilgi,rennes,,,,,,
aboubakar nagida hangi takımda,Ligue 1,Futbol,Lig,1. Seviye,Çekirdek,Erkek,Kulüp,Takım Sporu,Fransa,Yabancı,Yok,TV+ Yok,Yıllık,Sürekli Lig,Oyuncu Bilgi,Bilgi,Oyuncu,Jenerik,Türkçe,Body,Oyuncu Bilgi,rennes,,,,,,
aboubakar nagida istatistik,Ligue 1,Futbol,Lig,1. Seviye,Çekirdek,Erkek,Kulüp,Takım Sporu,Fransa,Yabancı,Yok,TV+ Yok,Yıllık,Sürekli Lig,İstatistik,Bilgi,Oyuncu,Jenerik,İngilizce,Body,İstatistik,rennes,,,,,,
elías legendre,Ligue 1,Futbol,Lig,1. Seviye,Çekirdek,Erkek,Kulüp,Takım Sporu,Fransa,Yabancı,Yok,TV+ Yok,Yıllık,Sürekli Lig,Oyuncu Jenerik,Bilgi,Oyuncu,Jenerik,Türkçe,Head,Oyuncu Jenerik,rennes,,,,,,
elías legendre kimdir,Ligue 1,Futbol,Lig,1. Seviye,Çekirdek,Erkek,Kulüp,Takım Sporu,Fransa,Yabancı,Yok,TV+ Yok,Yıllık,Sürekli Lig,Oyuncu Bilgi,Bilgi,Oyuncu,Jenerik,Türkçe,Body,Oyuncu Bilgi,rennes,,,,,,
elías legendre hangi takımda,Ligue 1,Futbol,Lig,1. Seviye,Çekirdek,Erkek,Kulüp,Takım Sporu,Fransa,Yabancı,Yok,TV+ Yok,Yıllık,Sürekli Lig,Oyuncu Bilgi,Bilgi,Oyuncu,Jenerik,Türkçe,Body,Oyuncu Bilgi,rennes,,,,,,
elías legendre istatistik,Ligue 1,Futbol,Lig,1. Seviye,Çekirdek,Erkek,Kulüp,Takım Sporu,Fransa,Yabancı,Yok,TV+ Yok,Yıllık,Sürekli Lig,İstatistik,Bilgi,Oyuncu,Jenerik,Türkçe,Body,İstatistik,rennes,,,,,,
abdelhamid aït boudlal,Ligue 1,Futbol,Lig,1. Seviye,Çekirdek,Erkek,Kulüp,Takım Sporu,Fransa,Yabancı,Yok,TV+ Yok,Yıllık,Sürekli Lig,Oyuncu Jenerik,Bilgi,Oyuncu,Jenerik,Türkçe,Body,Oyuncu Jenerik,rennes,,,,,,
abdelhamid aït boudlal kimdir,Ligue 1,Futbol,Lig,1. Seviye,Çekirdek,Erkek,Kulüp,Takım Sporu,Fransa,Yabancı,Yok,TV+ Yok,Yıllık,Sürekli Lig,Oyuncu Bilgi,Bilgi,Oyuncu,Jenerik,Türkçe,Body,Oyuncu Bilgi,rennes,,,,,,
abdelhamid aït boudlal hangi takımda,Ligue 1,Futbol,Lig,1. Seviye,Çekirdek,Erkek,Kulüp,Takım Sporu,Fransa,Yabancı,Yok,TV+ Yok,Yıllık,Sürekli Lig,Oyuncu Bilgi,Bilgi,Oyuncu,Jenerik,Türkçe,Long-tail,Oyuncu Bilgi,rennes,,,,,,
abdelhamid aït boudlal istatistik,Ligue 1,Futbol,Lig,1. Seviye,Çekirdek,Erkek,Kulüp,Takım Sporu,Fransa,Yabancı,Yok,TV+ Yok,Yıllık,Sürekli Lig,İstatistik,Bilgi,Oyuncu,Jenerik,Türkçe,Body,İstatistik,rennes,,,,,,
issa soumaré,Ligue 1,Futbol,Lig,1. Seviye,Çekirdek,Erkek,Kulüp,Takım Sporu,Fransa,Yabancı,Yok,TV+ Yok,Yıllık,Sürekli Lig,Oyuncu Jenerik,Bilgi,Oyuncu,Jenerik,Türkçe,Head,Oyuncu Jenerik,rennes,,,,,,
issa soumaré kimdir,Ligue 1,Futbol,Lig,1. Seviye,Çekirdek,Erkek,Kulüp,Takım Sporu,Fransa,Yabancı,Yok,TV+ Yok,Yıllık,Sürekli Lig,Oyuncu Bilgi,Bilgi,Oyuncu,Jenerik,Türkçe,Body,Oyuncu Bilgi,rennes,,,,,,
issa soumaré hangi takımda,Ligue 1,Futbol,Lig,1. Seviye,Çekirdek,Erkek,Kulüp,Takım Sporu,Fransa,Yabancı,Yok,TV+ Yok,Yıllık,Sürekli Lig,Oyuncu Bilgi,Bilgi,Oyuncu,Jenerik,Türkçe,Body,Oyuncu Bilgi,rennes,,,,,,
issa soumaré istatistik,Ligue 1,Futbol,Lig,1. Seviye,Çekirdek,Erkek,Kulüp,Takım Sporu,Fransa,Yabancı,Yok,TV+ Yok,Yıllık,Sürekli Lig,İstatistik,Bilgi,Oyuncu,Jenerik,Türkçe,Body,İstatistik,rennes,,,,,,
przemysław frankowski,Ligue 1,Futbol,Lig,1. Seviye,Çekirdek,Erkek,Kulüp,Takım Sporu,Fransa,Yabancı,Yok,TV+ Yok,Yıllık,Sürekli Lig,Oyuncu Jenerik,Bilgi,Oyuncu,Jenerik,Türkçe,Head,Oyuncu Jenerik,rennes,,,,,,
przemysław frankowski kimdir,Ligue 1,Futbol,Lig,1. Seviye,Çekirdek,Erkek,Kulüp,Takım Sporu,Fransa,Yabancı,Yok,TV+ Yok,Yıllık,Sürekli Lig,Oyuncu Bilgi,Bilgi,Oyuncu,Jenerik,Türkçe,Body,Oyuncu Bilgi,rennes,,,,,,
przemysław frankowski hangi takımda,Ligue 1,Futbol,Lig,1. Seviye,Çekirdek,Erkek,Kulüp,Takım Sporu,Fransa,Yabancı,Yok,TV+ Yok,Yıllık,Sürekli Lig,Oyuncu Bilgi,Bilgi,Oyuncu,Jenerik,Türkçe,Body,Oyuncu Bilgi,rennes,,,,,,
przemysław frankowski istatistik,Ligue 1,Futbol,Lig,1. Seviye,Çekirdek,Erkek,Kulüp,Takım Sporu,Fransa,Yabancı,Yok,TV+ Yok,Yıllık,Sürekli Lig,İstatistik,Bilgi,Oyuncu,Jenerik,Türkçe,Body,İstatistik,rennes,,,,,,
régis gurtner,Ligue 1,Futbol,Lig,1. Seviye,Çekirdek,Erkek,Kulüp,Takım Sporu,Fransa,Yabancı,Yok,TV+ Yok,Yıllık,Sürekli Lig,Oyuncu Jenerik,Bilgi,Oyuncu,Jenerik,Türkçe,Head,Oyuncu Jenerik,lens,,,,,,
régis gurtner kimdir,Ligue 1,Futbol,Lig,1. Seviye,Çekirdek,Erkek,Kulüp,Takım Sporu,Fransa,Yabancı,Yok,TV+ Yok,Yıllık,Sürekli Lig,Oyuncu Bilgi,Bilgi,Oyuncu,Jenerik,Türkçe,Body,Oyuncu Bilgi,lens,,,,,,
régis gurtner hangi takımda,Ligue 1,Futbol,Lig,1. Seviye,Çekirdek,Erkek,Kulüp,Takım Sporu,Fransa,Yabancı,Yok,TV+ Yok,Yıllık,Sürekli Lig,Oyuncu Bilgi,Bilgi,Oyuncu,Jenerik,Türkçe,Body,Oyuncu Bilgi,lens,,,,,,
régis gurtner istatistik,Ligue 1,Futbol,Lig,1. Seviye,Çekirdek,Erkek,Kulüp,Takım Sporu,Fransa,Yabancı,Yok,TV+ Yok,Yıllık,Sürekli Lig,İstatistik,Bilgi,Oyuncu,Jenerik,Türkçe,Body,İstatistik,lens,,,,,,
nidal čelik,Ligue 1,Futbol,Lig,1. Seviye,Çekirdek,Erkek,Kulüp,Takım Sporu,Fransa,Yabancı,Yok,TV+ Yok,Yıllık,Sürekli Lig,Oyuncu Jenerik,Bilgi,Oyuncu,Jenerik,Türkçe,Head,Oyuncu Jenerik,lens,,,,,,
nidal čelik kimdir,Ligue 1,Futbol,Lig,1. Seviye,Çekirdek,Erkek,Kulüp,Takım Sporu,Fransa,Yabancı,Yok,TV+ Yok,Yıllık,Sürekli Lig,Oyuncu Bilgi,Bilgi,Oyuncu,Jenerik,Türkçe,Body,Oyuncu Bilgi,lens,,,,,,
nidal čelik hangi takımda,Ligue 1,Futbol,Lig,1. Seviye,Çekirdek,Erkek,Kulüp,Takım Sporu,Fransa,Yabancı,Yok,TV+ Yok,Yıllık,Sürekli Lig,Oyuncu Bilgi,Bilgi,Oyuncu,Jenerik,Türkçe,Body,Oyuncu Bilgi,lens,,,,,,
nidal čelik istatistik,Ligue 1,Futbol,Lig,1. Seviye,Çekirdek,Erkek,Kulüp,Takım Sporu,Fransa,Yabancı,Yok,TV+ Yok,Yıllık,Sürekli Lig,İstatistik,Bilgi,Oyuncu,Jenerik,Türkçe,Body,İstatistik,lens,,,,,,
bo mccalebb,EuroLeague,Basketbol,Lig,1. Seviye,Çekirdek,Erkek,Kulüp,Takım Sporu,Avrupa,Yabancı,Yok,TV+ Var,Yıllık,Sürekli Lig,Oyuncu Jenerik,Bilgi,Oyuncu,Jenerik,İngilizce,Head,Oyuncu Jenerik,fenerbahçe beko,,,,,,
bo mccalebb kimdir,EuroLeague,Basketbol,Lig,1. Seviye,Çekirdek,Erkek,Kulüp,Takım Sporu,Avrupa,Yabancı,Yok,TV+ Var,Yıllık,Sürekli Lig,Oyuncu Bilgi,Bilgi,Oyuncu,Jenerik,İngilizce,Body,Oyuncu Bilgi,fenerbahçe beko,,,,,,
bo mccalebb hangi takımda,EuroLeague,Basketbol,Lig,1. Seviye,Çekirdek,Erkek,Kulüp,Takım Sporu,Avrupa,Yabancı,Yok,TV+ Var,Yıllık,Sürekli Lig,Oyuncu Bilgi,Bilgi,Oyuncu,Jenerik,Türkçe,Body,Oyuncu Bilgi,fenerbahçe beko,,,,,,
bo mccalebb istatistik,EuroLeague,Basketbol,Lig,1. Seviye,Çekirdek,Erkek,Kulüp,Takım Sporu,Avrupa,Yabancı,Yok,TV+ Var,Yıllık,Sürekli Lig,İstatistik,Bilgi,Oyuncu,Jenerik,İngilizce,Body,İstatistik,fenerbahçe beko,,,,,,
nemanja bjelica,EuroLeague,Basketbol,Lig,1. Seviye,Çekirdek,Erkek,Kulüp,Takım Sporu,Avrupa,Yabancı,Yok,TV+ Var,Yıllık,Sürekli Lig,Oyuncu Jenerik,Bilgi,Oyuncu,Jenerik,İngilizce,Head,Oyuncu Jenerik,fenerbahçe beko,,,,,,
nemanja bjelica kimdir,EuroLeague,Basketbol,Lig,1. Seviye,Çekirdek,Erkek,Kulüp,Takım Sporu,Avrupa,Yabancı,Yok,TV+ Var,Yıllık,Sürekli Lig,Oyuncu Bilgi,Bilgi,Oyuncu,Jenerik,İngilizce,Body,Oyuncu Bilgi,fenerbahçe beko,,,,,,
nemanja bjelica hangi takımda,EuroLeague,Basketbol,Lig,1. Seviye,Çekirdek,Erkek,Kulüp,Takım Sporu,Avrupa,Yabancı,Yok,TV+ Var,Yıllık,Sürekli Lig,Oyuncu Bilgi,Bilgi,Oyuncu,Jenerik,Türkçe,Body,Oyuncu Bilgi,fenerbahçe beko,,,,,,
nemanja bjelica istatistik,EuroLeague,Basketbol,Lig,1. Seviye,Çekirdek,Erkek,Kulüp,Takım Sporu,Avrupa,Yabancı,Yok,TV+ Var,Yıllık,Sürekli Lig,İstatistik,Bilgi,Oyuncu,Jenerik,İngilizce,Body,İstatistik,fenerbahçe beko,,,,,,
emir preldzic,EuroLeague,Basketbol,Lig,1. Seviye,Çekirdek,Erkek,Kulüp,Takım Sporu,Avrupa,Yabancı,Yok,TV+ Var,Yıllık,Sürekli Lig,Oyuncu Jenerik,Bilgi,Oyuncu,Jenerik,İngilizce,Head,Oyuncu Jenerik,fenerbahçe beko,,,,,,
emir preldzic kimdir,EuroLeague,Basketbol,Lig,1. Seviye,Çekirdek,Erkek,Kulüp,Takım Sporu,Avrupa,Yabancı,Yok,TV+ Var,Yıllık,Sürekli Lig,Oyuncu Bilgi,Bilgi,Oyuncu,Jenerik,İngilizce,Body,Oyuncu Bilgi,fenerbahçe beko,,,,,,
emir preldzic hangi takımda,EuroLeague,Basketbol,Lig,1. Seviye,Çekirdek,Erkek,Kulüp,Takım Sporu,Avrupa,Yabancı,Yok,TV+ Var,Yıllık,Sürekli Lig,Oyuncu Bilgi,Bilgi,Oyuncu,Jenerik,Türkçe,Body,Oyuncu Bilgi,fenerbahçe beko,,,,,,
emir preldzic istatistik,EuroLeague,Basketbol,Lig,1. Seviye,Çekirdek,Erkek,Kulüp,Takım Sporu,Avrupa,Yabancı,Yok,TV+ Var,Yıllık,Sürekli Lig,İstatistik,Bilgi,Oyuncu,Jenerik,İngilizce,Body,İstatistik,fenerbahçe beko,,,,,,
linas kleiza,EuroLeague,Basketbol,Lig,1. Seviye,Çekirdek,Erkek,Kulüp,Takım Sporu,Avrupa,Yabancı,Yok,TV+ Var,Yıllık,Sürekli Lig,Oyuncu Jenerik,Bilgi,Oyuncu,Jenerik,İngilizce,Head,Oyuncu Jenerik,fenerbahçe beko,,,,,,
linas kleiza kimdir,EuroLeague,Basketbol,Lig,1. Seviye,Çekirdek,Erkek,Kulüp,Takım Sporu,Avrupa,Yabancı,Yok,TV+ Var,Yıllık,Sürekli Lig,Oyuncu Bilgi,Bilgi,Oyuncu,Jenerik,İngilizce,Body,Oyuncu Bilgi,fenerbahçe beko,,,,,,
linas kleiza hangi takımda,EuroLeague,Basketbol,Lig,1. Seviye,Çekirdek,Erkek,Kulüp,Takım Sporu,Avrupa,Yabancı,Yok,TV+ Var,Yıllık,Sürekli Lig,Oyuncu Bilgi,Bilgi,Oyuncu,Jenerik,Türkçe,Body,Oyuncu Bilgi,fenerbahçe beko,,,,,,
linas kleiza istatistik,EuroLeague,Basketbol,Lig,1. Seviye,Çekirdek,Erkek,Kulüp,Takım Sporu,Avrupa,Yabancı,Yok,TV+ Var,Yıllık,Sürekli Lig,İstatistik,Bilgi,Oyuncu,Jenerik,İngilizce,Body,İstatistik,fenerbahçe beko,,,,,,
i̇zzet türkyılmaz,EuroLeague,Basketbol,Lig,1. Seviye,Çekirdek,Erkek,Kulüp,Takım Sporu,Avrupa,Yabancı,Yok,TV+ Var,Yıllık,Sürekli Lig,Oyuncu Jenerik,Bilgi,Oyuncu,Jenerik,Türkçe,Head,Oyuncu Jenerik,fenerbahçe beko,,,,,,
i̇zzet türkyılmaz kimdir,EuroLeague,Basketbol,Lig,1. Seviye,Çekirdek,Erkek,Kulüp,Takım Sporu,Avrupa,Yabancı,Yok,TV+ Var,Yıllık,Sürekli Lig,Oyuncu Bilgi,Bilgi,Oyuncu,Jenerik,Türkçe,Body,Oyuncu Bilgi,fenerbahçe beko,,,,,,
i̇zzet türkyılmaz hangi takımda,EuroLeague,Basketbol,Lig,1. Seviye,Çekirdek,Erkek,Kulüp,Takım Sporu,Avrupa,Yabancı,Yok,TV+ Var,Yıllık,Sürekli Lig,Oyuncu Bilgi,Bilgi,Oyuncu,Jenerik,Türkçe,Body,Oyuncu Bilgi,fenerbahçe beko,,,,,,
i̇zzet türkyılmaz istatistik,EuroLeague,Basketbol,Lig,1. Seviye,Çekirdek,Erkek,Kulüp,Takım Sporu,Avrupa,Yabancı,Yok,TV+ Var,Yıllık,Sürekli Lig,İstatistik,Bilgi,Oyuncu,Jenerik,Türkçe,Body,İstatistik,fenerbahçe beko,,,,,,
gašper vidmar,EuroLeague,Basketbol,Lig,1. Seviye,Çekirdek,Erkek,Kulüp,Takım Sporu,Avrupa,Yabancı,Yok,TV+ Var,Yıllık,Sürekli Lig,Oyuncu Jenerik,Bilgi,Oyuncu,Jenerik,Türkçe,Head,Oyuncu Jenerik,fenerbahçe beko,,,,,,
gašper vidmar kimdir,EuroLeague,Basketbol,Lig,1. Seviye,Çekirdek,Erkek,Kulüp,Takım Sporu,Avrupa,Yabancı,Yok,TV+ Var,Yıllık,Sürekli Lig,Oyuncu Bilgi,Bilgi,Oyuncu,Jenerik,Türkçe,Body,Oyuncu Bilgi,fenerbahçe beko,,,,,,
gašper vidmar hangi takımda,EuroLeague,Basketbol,Lig,1. Seviye,Çekirdek,Erkek,Kulüp,Takım Sporu,Avrupa,Yabancı,Yok,TV+ Var,Yıllık,Sürekli Lig,Oyuncu Bilgi,Bilgi,Oyuncu,Jenerik,Türkçe,Body,Oyuncu Bilgi,fenerbahçe beko,,,,,,
gašper vidmar istatistik,EuroLeague,Basketbol,Lig,1. Seviye,Çekirdek,Erkek,Kulüp,Takım Sporu,Avrupa,Yabancı,Yok,TV+ Var,Yıllık,Sürekli Lig,İstatistik,Bilgi,Oyuncu,Jenerik,Türkçe,Body,İstatistik,fenerbahçe beko,,,,,,
ayberk olmaz,EuroLeague,Basketbol,Lig,1. Seviye,Çekirdek,Erkek,Kulüp,Takım Sporu,Avrupa,Yabancı,Yok,TV+ Var,Yıllık,Sürekli Lig,Oyuncu Jenerik,Bilgi,Oyuncu,Jenerik,İngilizce,Head,Oyuncu Jenerik,fenerbahçe beko,,,,,,
ayberk olmaz kimdir,EuroLeague,Basketbol,Lig,1. Seviye,Çekirdek,Erkek,Kulüp,Takım Sporu,Avrupa,Yabancı,Yok,TV+ Var,Yıllık,Sürekli Lig,Oyuncu Bilgi,Bilgi,Oyuncu,Jenerik,İngilizce,Body,Oyuncu Bilgi,fenerbahçe beko,,,,,,
ayberk olmaz hangi takımda,EuroLeague,Basketbol,Lig,1. Seviye,Çekirdek,Erkek,Kulüp,Takım Sporu,Avrupa,Yabancı,Yok,TV+ Var,Yıllık,Sürekli Lig,Oyuncu Bilgi,Bilgi,Oyuncu,Jenerik,Türkçe,Body,Oyuncu Bilgi,fenerbahçe beko,,,,,,
ayberk olmaz istatistik,EuroLeague,Basketbol,Lig,1. Seviye,Çekirdek,Erkek,Kulüp,Takım Sporu,Avrupa,Yabancı,Yok,TV+ Var,Yıllık,Sürekli Lig,İstatistik,Bilgi,Oyuncu,Jenerik,İngilizce,Body,İstatistik,fenerbahçe beko,,,,,,
oğuz savaş,EuroLeague,Basketbol,Lig,1. Seviye,Çekirdek,Erkek,Kulüp,Takım Sporu,Avrupa,Yabancı,Yok,TV+ Var,Yıllık,Sürekli Lig,Oyuncu Jenerik,Bilgi,Oyuncu,Jenerik,Türkçe,Head,Oyuncu Jenerik,fenerbahçe beko,,,,,,
oğuz savaş kimdir,EuroLeague,Basketbol,Lig,1. Seviye,Çekirdek,Erkek,Kulüp,Takım Sporu,Avrupa,Yabancı,Yok,TV+ Var,Yıllık,Sürekli Lig,Oyuncu Bilgi,Bilgi,Oyuncu,Jenerik,Türkçe,Body,Oyuncu Bilgi,fenerbahçe beko,,,,,,
oğuz savaş hangi takımda,EuroLeague,Basketbol,Lig,1. Seviye,Çekirdek,Erkek,Kulüp,Takım Sporu,Avrupa,Yabancı,Yok,TV+ Var,Yıllık,Sürekli Lig,Oyuncu Bilgi,Bilgi,Oyuncu,Jenerik,Türkçe,Body,Oyuncu Bilgi,fenerbahçe beko,,,,,,
oğuz savaş istatistik,EuroLeague,Basketbol,Lig,1. Seviye,Çekirdek,Erkek,Kulüp,Takım Sporu,Avrupa,Yabancı,Yok,TV+ Var,Yıllık,Sürekli Lig,İstatistik,Bilgi,Oyuncu,Jenerik,Türkçe,Body,İstatistik,fenerbahçe beko,,,,,,
luka žorić,EuroLeague,Basketbol,Lig,1. Seviye,Çekirdek,Erkek,Kulüp,Takım Sporu,Avrupa,Yabancı,Yok,TV+ Var,Yıllık,Sürekli Lig,Oyuncu Jenerik,Bilgi,Oyuncu,Jenerik,Türkçe,Head,Oyuncu Jenerik,fenerbahçe beko,,,,,,
luka žorić kimdir,EuroLeague,Basketbol,Lig,1. Seviye,Çekirdek,Erkek,Kulüp,Takım Sporu,Avrupa,Yabancı,Yok,TV+ Var,Yıllık,Sürekli Lig,Oyuncu Bilgi,Bilgi,Oyuncu,Jenerik,Türkçe,Body,Oyuncu Bilgi,fenerbahçe beko,,,,,,
luka žorić hangi takımda,EuroLeague,Basketbol,Lig,1. Seviye,Çekirdek,Erkek,Kulüp,Takım Sporu,Avrupa,Yabancı,Yok,TV+ Var,Yıllık,Sürekli Lig,Oyuncu Bilgi,Bilgi,Oyuncu,Jenerik,Türkçe,Body,Oyuncu Bilgi,fenerbahçe beko,,,,,,
luka žorić istatistik,EuroLeague,Basketbol,Lig,1. Seviye,Çekirdek,Erkek,Kulüp,Takım Sporu,Avrupa,Yabancı,Yok,TV+ Var,Yıllık,Sürekli Lig,İstatistik,Bilgi,Oyuncu,Jenerik,Türkçe,Body,İstatistik,fenerbahçe beko,,,,,,
kenan sipahi,EuroLeague,Basketbol,Lig,1. Seviye,Çekirdek,Erkek,Kulüp,Takım Sporu,Avrupa,Yabancı,Yok,TV+ Var,Yıllık,Sürekli Lig,Oyuncu Jenerik,Bilgi,Oyuncu,Jenerik,İngilizce,Head,Oyuncu Jenerik,fenerbahçe beko,,,,,,
kenan sipahi kimdir,EuroLeague,Basketbol,Lig,1. Seviye,Çekirdek,Erkek,Kulüp,Takım Sporu,Avrupa,Yabancı,Yok,TV+ Var,Yıllık,Sürekli Lig,Oyuncu Bilgi,Bilgi,Oyuncu,Jenerik,İngilizce,Body,Oyuncu Bilgi,fenerbahçe beko,,,,,,
kenan sipahi hangi takımda,EuroLeague,Basketbol,Lig,1. Seviye,Çekirdek,Erkek,Kulüp,Takım Sporu,Avrupa,Yabancı,Yok,TV+ Var,Yıllık,Sürekli Lig,Oyuncu Bilgi,Bilgi,Oyuncu,Jenerik,Türkçe,Body,Oyuncu Bilgi,fenerbahçe beko,,,,,,
kenan sipahi istatistik,EuroLeague,Basketbol,Lig,1. Seviye,Çekirdek,Erkek,Kulüp,Takım Sporu,Avrupa,Yabancı,Yok,TV+ Var,Yıllık,Sürekli Lig,İstatistik,Bilgi,Oyuncu,Jenerik,İngilizce,Body,İstatistik,fenerbahçe beko,,,,,,
i̇lkan karaman,EuroLeague,Basketbol,Lig,1. Seviye,Çekirdek,Erkek,Kulüp,Takım Sporu,Avrupa,Yabancı,Yok,TV+ Var,Yıllık,Sürekli Lig,Oyuncu Jenerik,Bilgi,Oyuncu,Jenerik,Türkçe,Head,Oyuncu Jenerik,fenerbahçe beko,,,,,,
i̇lkan karaman kimdir,EuroLeague,Basketbol,Lig,1. Seviye,Çekirdek,Erkek,Kulüp,Takım Sporu,Avrupa,Yabancı,Yok,TV+ Var,Yıllık,Sürekli Lig,Oyuncu Bilgi,Bilgi,Oyuncu,Jenerik,Türkçe,Body,Oyuncu Bilgi,fenerbahçe beko,,,,,,
i̇lkan karaman hangi takımda,EuroLeague,Basketbol,Lig,1. Seviye,Çekirdek,Erkek,Kulüp,Takım Sporu,Avrupa,Yabancı,Yok,TV+ Var,Yıllık,Sürekli Lig,Oyuncu Bilgi,Bilgi,Oyuncu,Jenerik,Türkçe,Body,Oyuncu Bilgi,fenerbahçe beko,,,,,,
i̇lkan karaman istatistik,EuroLeague,Basketbol,Lig,1. Seviye,Çekirdek,Erkek,Kulüp,Takım Sporu,Avrupa,Yabancı,Yok,TV+ Var,Yıllık,Sürekli Lig,İstatistik,Bilgi,Oyuncu,Jenerik,Türkçe,Body,İstatistik,fenerbahçe beko,,,,,,
blagota sekulić,EuroLeague,Basketbol,Lig,1. Seviye,Çekirdek,Erkek,Kulüp,Takım Sporu,Avrupa,Yabancı,Yok,TV+ Var,Yıllık,Sürekli Lig,Oyuncu Jenerik,Bilgi,Oyuncu,Jenerik,Türkçe,Head,Oyuncu Jenerik,fenerbahçe beko,,,,,,
blagota sekulić kimdir,EuroLeague,Basketbol,Lig,1. Seviye,Çekirdek,Erkek,Kulüp,Takım Sporu,Avrupa,Yabancı,Yok,TV+ Var,Yıllık,Sürekli Lig,Oyuncu Bilgi,Bilgi,Oyuncu,Jenerik,Türkçe,Body,Oyuncu Bilgi,fenerbahçe beko,,,,,,
blagota sekulić hangi takımda,EuroLeague,Basketbol,Lig,1. Seviye,Çekirdek,Erkek,Kulüp,Takım Sporu,Avrupa,Yabancı,Yok,TV+ Var,Yıllık,Sürekli Lig,Oyuncu Bilgi,Bilgi,Oyuncu,Jenerik,Türkçe,Body,Oyuncu Bilgi,fenerbahçe beko,,,,,,
blagota sekulić istatistik,EuroLeague,Basketbol,Lig,1. Seviye,Çekirdek,Erkek,Kulüp,Takım Sporu,Avrupa,Yabancı,Yok,TV+ Var,Yıllık,Sürekli Lig,İstatistik,Bilgi,Oyuncu,Jenerik,Türkçe,Body,İstatistik,fenerbahçe beko,,,,,,
unicaja málaga,EuroLeague,Basketbol,Lig,1. Seviye,Çekirdek,Erkek,Kulüp,Takım Sporu,Avrupa,Yabancı,Yok,TV+ Var,Yıllık,Sürekli Lig,Oyuncu Jenerik,Bilgi,Oyuncu,Jenerik,Türkçe,Head,Oyuncu Jenerik,fenerbahçe beko,,,,,,
unicaja málaga kimdir,EuroLeague,Basketbol,Lig,1. Seviye,Çekirdek,Erkek,Kulüp,Takım Sporu,Avrupa,Yabancı,Yok,TV+ Var,Yıllık,Sürekli Lig,Oyuncu Bilgi,Bilgi,Oyuncu,Jenerik,Türkçe,Body,Oyuncu Bilgi,fenerbahçe beko,,,,,,
unicaja málaga hangi takımda,EuroLeague,Basketbol,Lig,1. Seviye,Çekirdek,Erkek,Kulüp,Takım Sporu,Avrupa,Yabancı,Yok,TV+ Var,Yıllık,Sürekli Lig,Oyuncu Bilgi,Bilgi,Oyuncu,Jenerik,Türkçe,Body,Oyuncu Bilgi,fenerbahçe beko,,,,,,
unicaja málaga istatistik,EuroLeague,Basketbol,Lig,1. Seviye,Çekirdek,Erkek,Kulüp,Takım Sporu,Avrupa,Yabancı,Yok,TV+ Var,Yıllık,Sürekli Lig,İstatistik,Bilgi,Oyuncu,Jenerik,Türkçe,Body,İstatistik,fenerbahçe beko,,,,,,
orta afrika cumhuriyeti,EuroLeague,Basketbol,Lig,1. Seviye,Çekirdek,Erkek,Kulüp,Takım Sporu,Avrupa,Yabancı,Yok,TV+ Var,Yıllık,Sürekli Lig,Oyuncu Jenerik,Bilgi,Oyuncu,Jenerik,İngilizce,Body,Oyuncu Jenerik,fenerbahçe beko,,,,,,
orta afrika cumhuriyeti kimdir,EuroLeague,Basketbol,Lig,1. Seviye,Çekirdek,Erkek,Kulüp,Takım Sporu,Avrupa,Yabancı,Yok,TV+ Var,Yıllık,Sürekli Lig,Oyuncu Bilgi,Bilgi,Oyuncu,Jenerik,İngilizce,Body,Oyuncu Bilgi,fenerbahçe beko,,,,,,
orta afrika cumhuriyeti hangi takımda,EuroLeague,Basketbol,Lig,1. Seviye,Çekirdek,Erkek,Kulüp,Takım Sporu,Avrupa,Yabancı,Yok,TV+ Var,Yıllık,Sürekli Lig,Oyuncu Bilgi,Bilgi,Oyuncu,Jenerik,Türkçe,Long-tail,Oyuncu Bilgi,fenerbahçe beko,,,,,,
orta afrika cumhuriyeti istatistik,EuroLeague,Basketbol,Lig,1. Seviye,Çekirdek,Erkek,Kulüp,Takım Sporu,Avrupa,Yabancı,Yok,TV+ Var,Yıllık,Sürekli Lig,İstatistik,Bilgi,Oyuncu,Jenerik,İngilizce,Body,İstatistik,fenerbahçe beko,,,,,,
romain sato,EuroLeague,Basketbol,Lig,1. Seviye,Çekirdek,Erkek,Kulüp,Takım Sporu,Avrupa,Yabancı,Yok,TV+ Var,Yıllık,Sürekli Lig,Oyuncu Jenerik,Bilgi,Oyuncu,Jenerik,İngilizce,Head,Oyuncu Jenerik,fenerbahçe beko,,,,,,
romain sato kimdir,EuroLeague,Basketbol,Lig,1. Seviye,Çekirdek,Erkek,Kulüp,Takım Sporu,Avrupa,Yabancı,Yok,TV+ Var,Yıllık,Sürekli Lig,Oyuncu Bilgi,Bilgi,Oyuncu,Jenerik,İngilizce,Body,Oyuncu Bilgi,fenerbahçe beko,,,,,,
romain sato hangi takımda,EuroLeague,Basketbol,Lig,1. Seviye,Çekirdek,Erkek,Kulüp,Takım Sporu,Avrupa,Yabancı,Yok,TV+ Var,Yıllık,Sürekli Lig,Oyuncu Bilgi,Bilgi,Oyuncu,Jenerik,Türkçe,Body,Oyuncu Bilgi,fenerbahçe beko,,,,,,
romain sato istatistik,EuroLeague,Basketbol,Lig,1. Seviye,Çekirdek,Erkek,Kulüp,Takım Sporu,Avrupa,Yabancı,Yok,TV+ Var,Yıllık,Sürekli Lig,İstatistik,Bilgi,Oyuncu,Jenerik,İngilizce,Body,İstatistik,fenerbahçe beko,,,,,,
valencia bc,EuroLeague,Basketbol,Lig,1. Seviye,Çekirdek,Erkek,Kulüp,Takım Sporu,Avrupa,Yabancı,Yok,TV+ Var,Yıllık,Sürekli Lig,Oyuncu Jenerik,Bilgi,Oyuncu,Jenerik,İngilizce,Head,Oyuncu Jenerik,fenerbahçe beko,,,,,,
valencia bc kimdir,EuroLeague,Basketbol,Lig,1. Seviye,Çekirdek,Erkek,Kulüp,Takım Sporu,Avrupa,Yabancı,Yok,TV+ Var,Yıllık,Sürekli Lig,Oyuncu Bilgi,Bilgi,Oyuncu,Jenerik,İngilizce,Body,Oyuncu Bilgi,fenerbahçe beko,,,,,,
valencia bc hangi takımda,EuroLeague,Basketbol,Lig,1. Seviye,Çekirdek,Erkek,Kulüp,Takım Sporu,Avrupa,Yabancı,Yok,TV+ Var,Yıllık,Sürekli Lig,Oyuncu Bilgi,Bilgi,Oyuncu,Jenerik,Türkçe,Body,Oyuncu Bilgi,fenerbahçe beko,,,,,,
valencia bc istatistik,EuroLeague,Basketbol,Lig,1. Seviye,Çekirdek,Erkek,Kulüp,Takım Sporu,Avrupa,Yabancı,Yok,TV+ Var,Yıllık,Sürekli Lig,İstatistik,Bilgi,Oyuncu,Jenerik,İngilizce,Body,İstatistik,fenerbahçe beko,,,,,,
kaya peker,EuroLeague,Basketbol,Lig,1. Seviye,Çekirdek,Erkek,Kulüp,Takım Sporu,Avrupa,Yabancı,Yok,TV+ Var,Yıllık,Sürekli Lig,Oyuncu Jenerik,Bilgi,Oyuncu,Jenerik,İngilizce,Head,Oyuncu Jenerik,fenerbahçe beko,,,,,,
kaya peker kimdir,EuroLeague,Basketbol,Lig,1. Seviye,Çekirdek,Erkek,Kulüp,Takım Sporu,Avrupa,Yabancı,Yok,TV+ Var,Yıllık,Sürekli Lig,Oyuncu Bilgi,Bilgi,Oyuncu,Jenerik,İngilizce,Body,Oyuncu Bilgi,fenerbahçe beko,,,,,,
kaya peker hangi takımda,EuroLeague,Basketbol,Lig,1. Seviye,Çekirdek,Erkek,Kulüp,Takım Sporu,Avrupa,Yabancı,Yok,TV+ Var,Yıllık,Sürekli Lig,Oyuncu Bilgi,Bilgi,Oyuncu,Jenerik,Türkçe,Body,Oyuncu Bilgi,fenerbahçe beko,,,,,,
kaya peker istatistik,EuroLeague,Basketbol,Lig,1. Seviye,Çekirdek,Erkek,Kulüp,Takım Sporu,Avrupa,Yabancı,Yok,TV+ Var,Yıllık,Sürekli Lig,İstatistik,Bilgi,Oyuncu,Jenerik,İngilizce,Body,İstatistik,fenerbahçe beko,,,,,,
trabzonspor bk,EuroLeague,Basketbol,Lig,1. Seviye,Çekirdek,Erkek,Kulüp,Takım Sporu,Avrupa,Yabancı,Yok,TV+ Var,Yıllık,Sürekli Lig,Oyuncu Jenerik,Bilgi,Oyuncu,Jenerik,İngilizce,Head,Oyuncu Jenerik,fenerbahçe beko,,,,,,
trabzonspor bk kimdir,EuroLeague,Basketbol,Lig,1. Seviye,Çekirdek,Erkek,Kulüp,Takım Sporu,Avrupa,Yabancı,Yok,TV+ Var,Yıllık,Sürekli Lig,Oyuncu Bilgi,Bilgi,Oyuncu,Jenerik,İngilizce,Body,Oyuncu Bilgi,fenerbahçe beko,,,,,,
trabzonspor bk hangi takımda,EuroLeague,Basketbol,Lig,1. Seviye,Çekirdek,Erkek,Kulüp,Takım Sporu,Avrupa,Yabancı,Yok,TV+ Var,Yıllık,Sürekli Lig,Oyuncu Bilgi,Bilgi,Oyuncu,Jenerik,Türkçe,Body,Oyuncu Bilgi,fenerbahçe beko,,,,,,
trabzonspor bk istatistik,EuroLeague,Basketbol,Lig,1. Seviye,Çekirdek,Erkek,Kulüp,Takım Sporu,Avrupa,Yabancı,Yok,TV+ Var,Yıllık,Sürekli Lig,İstatistik,Bilgi,Oyuncu,Jenerik,İngilizce,Body,İstatistik,fenerbahçe beko,,,,,,
mike batiste,EuroLeague,Basketbol,Lig,1. Seviye,Çekirdek,Erkek,Kulüp,Takım Sporu,Avrupa,Yabancı,Yok,TV+ Var,Yıllık,Sürekli Lig,Oyuncu Jenerik,Bilgi,Oyuncu,Jenerik,İngilizce,Head,Oyuncu Jenerik,fenerbahçe beko,,,,,,
mike batiste kimdir,EuroLeague,Basketbol,Lig,1. Seviye,Çekirdek,Erkek,Kulüp,Takım Sporu,Avrupa,Yabancı,Yok,TV+ Var,Yıllık,Sürekli Lig,Oyuncu Bilgi,Bilgi,Oyuncu,Jenerik,İngilizce,Body,Oyuncu Bilgi,fenerbahçe beko,,,,,,
mike batiste hangi takımda,EuroLeague,Basketbol,Lig,1. Seviye,Çekirdek,Erkek,Kulüp,Takım Sporu,Avrupa,Yabancı,Yok,TV+ Var,Yıllık,Sürekli Lig,Oyuncu Bilgi,Bilgi,Oyuncu,Jenerik,Türkçe,Body,Oyuncu Bilgi,fenerbahçe beko,,,,,,
mike batiste istatistik,EuroLeague,Basketbol,Lig,1. Seviye,Çekirdek,Erkek,Kulüp,Takım Sporu,Avrupa,Yabancı,Yok,TV+ Var,Yıllık,Sürekli Lig,İstatistik,Bilgi,Oyuncu,Jenerik,İngilizce,Body,İstatistik,fenerbahçe beko,,,,,,
rodrigue beaubois,EuroLeague,Basketbol,Lig,1. Seviye,Çekirdek,Erkek,Kulüp,Takım Sporu,Avrupa,Yabancı,Yok,TV+ Var,Yıllık,Sürekli Lig,Oyuncu Jenerik,Bilgi,Oyuncu,Jenerik,İngilizce,Head,Oyuncu Jenerik,anadolu efes,,,,,,
rodrigue beaubois kimdir,EuroLeague,Basketbol,Lig,1. Seviye,Çekirdek,Erkek,Kulüp,Takım Sporu,Avrupa,Yabancı,Yok,TV+ Var,Yıllık,Sürekli Lig,Oyuncu Bilgi,Bilgi,Oyuncu,Jenerik,İngilizce,Body,Oyuncu Bilgi,anadolu efes,,,,,,
rodrigue beaubois hangi takımda,EuroLeague,Basketbol,Lig,1. Seviye,Çekirdek,Erkek,Kulüp,Takım Sporu,Avrupa,Yabancı,Yok,TV+ Var,Yıllık,Sürekli Lig,Oyuncu Bilgi,Bilgi,Oyuncu,Jenerik,Türkçe,Body,Oyuncu Bilgi,anadolu efes,,,,,,
rodrigue beaubois istatistik,EuroLeague,Basketbol,Lig,1. Seviye,Çekirdek,Erkek,Kulüp,Takım Sporu,Avrupa,Yabancı,Yok,TV+ Var,Yıllık,Sürekli Lig,İstatistik,Bilgi,Oyuncu,Jenerik,İngilizce,Body,İstatistik,anadolu efes,,,,,,
şehmus hazer,EuroLeague,Basketbol,Lig,1. Seviye,Çekirdek,Erkek,Kulüp,Takım Sporu,Avrupa,Yabancı,Yok,TV+ Var,Yıllık,Sürekli Lig,Oyuncu Jenerik,Bilgi,Oyuncu,Jenerik,Türkçe,Head,Oyuncu Jenerik,anadolu efes,,,,,,
şehmus hazer kimdir,EuroLeague,Basketbol,Lig,1. Seviye,Çekirdek,Erkek,Kulüp,Takım Sporu,Avrupa,Yabancı,Yok,TV+ Var,Yıllık,Sürekli Lig,Oyuncu Bilgi,Bilgi,Oyuncu,Jenerik,Türkçe,Body,Oyuncu Bilgi,anadolu efes,,,,,,
şehmus hazer hangi takımda,EuroLeague,Basketbol,Lig,1. Seviye,Çekirdek,Erkek,Kulüp,Takım Sporu,Avrupa,Yabancı,Yok,TV+ Var,Yıllık,Sürekli Lig,Oyuncu Bilgi,Bilgi,Oyuncu,Jenerik,Türkçe,Body,Oyuncu Bilgi,anadolu efes,,,,,,
şehmus hazer istatistik,EuroLeague,Basketbol,Lig,1. Seviye,Çekirdek,Erkek,Kulüp,Takım Sporu,Avrupa,Yabancı,Yok,TV+ Var,Yıllık,Sürekli Lig,İstatistik,Bilgi,Oyuncu,Jenerik,Türkçe,Body,İstatistik,anadolu efes,,,,,,
isaïa cordinier,EuroLeague,Basketbol,Lig,1. Seviye,Çekirdek,Erkek,Kulüp,Takım Sporu,Avrupa,Yabancı,Yok,TV+ Var,Yıllık,Sürekli Lig,Oyuncu Jenerik,Bilgi,Oyuncu,Jenerik,Türkçe,Head,Oyuncu Jenerik,anadolu efes,,,,,,
isaïa cordinier kimdir,EuroLeague,Basketbol,Lig,1. Seviye,Çekirdek,Erkek,Kulüp,Takım Sporu,Avrupa,Yabancı,Yok,TV+ Var,Yıllık,Sürekli Lig,Oyuncu Bilgi,Bilgi,Oyuncu,Jenerik,Türkçe,Body,Oyuncu Bilgi,anadolu efes,,,,,,
isaïa cordinier hangi takımda,EuroLeague,Basketbol,Lig,1. Seviye,Çekirdek,Erkek,Kulüp,Takım Sporu,Avrupa,Yabancı,Yok,TV+ Var,Yıllık,Sürekli Lig,Oyuncu Bilgi,Bilgi,Oyuncu,Jenerik,Türkçe,Body,Oyuncu Bilgi,anadolu efes,,,,,,
isaïa cordinier istatistik,EuroLeague,Basketbol,Lig,1. Seviye,Çekirdek,Erkek,Kulüp,Takım Sporu,Avrupa,Yabancı,Yok,TV+ Var,Yıllık,Sürekli Lig,İstatistik,Bilgi,Oyuncu,Jenerik,Türkçe,Body,İstatistik,anadolu efes,,,,,,
rolands šmits,EuroLeague,Basketbol,Lig,1. Seviye,Çekirdek,Erkek,Kulüp,Takım Sporu,Avrupa,Yabancı,Yok,TV+ Var,Yıllık,Sürekli Lig,Oyuncu Jenerik,Bilgi,Oyuncu,Jenerik,Türkçe,Head,Oyuncu Jenerik,anadolu efes,,,,,,
rolands šmits kimdir,EuroLeague,Basketbol,Lig,1. Seviye,Çekirdek,Erkek,Kulüp,Takım Sporu,Avrupa,Yabancı,Yok,TV+ Var,Yıllık,Sürekli Lig,Oyuncu Bilgi,Bilgi,Oyuncu,Jenerik,Türkçe,Body,Oyuncu Bilgi,anadolu efes,,,,,,
rolands šmits hangi takımda,EuroLeague,Basketbol,Lig,1. Seviye,Çekirdek,Erkek,Kulüp,Takım Sporu,Avrupa,Yabancı,Yok,TV+ Var,Yıllık,Sürekli Lig,Oyuncu Bilgi,Bilgi,Oyuncu,Jenerik,Türkçe,Body,Oyuncu Bilgi,anadolu efes,,,,,,
rolands šmits istatistik,EuroLeague,Basketbol,Lig,1. Seviye,Çekirdek,Erkek,Kulüp,Takım Sporu,Avrupa,Yabancı,Yok,TV+ Var,Yıllık,Sürekli Lig,İstatistik,Bilgi,Oyuncu,Jenerik,Türkçe,Body,İstatistik,anadolu efes,,,,,,
darius căruțașu,EuroLeague,Basketbol,Lig,1. Seviye,Çekirdek,Erkek,Kulüp,Takım Sporu,Avrupa,Yabancı,Yok,TV+ Var,Yıllık,Sürekli Lig,Oyuncu Jenerik,Bilgi,Oyuncu,Jenerik,Türkçe,Head,Oyuncu Jenerik,anadolu efes,,,,,,
darius căruțașu kimdir,EuroLeague,Basketbol,Lig,1. Seviye,Çekirdek,Erkek,Kulüp,Takım Sporu,Avrupa,Yabancı,Yok,TV+ Var,Yıllık,Sürekli Lig,Oyuncu Bilgi,Bilgi,Oyuncu,Jenerik,Türkçe,Body,Oyuncu Bilgi,anadolu efes,,,,,,
darius căruțașu hangi takımda,EuroLeague,Basketbol,Lig,1. Seviye,Çekirdek,Erkek,Kulüp,Takım Sporu,Avrupa,Yabancı,Yok,TV+ Var,Yıllık,Sürekli Lig,Oyuncu Bilgi,Bilgi,Oyuncu,Jenerik,Türkçe,Body,Oyuncu Bilgi,anadolu efes,,,,,,
darius căruțașu istatistik,EuroLeague,Basketbol,Lig,1. Seviye,Çekirdek,Erkek,Kulüp,Takım Sporu,Avrupa,Yabancı,Yok,TV+ Var,Yıllık,Sürekli Lig,İstatistik,Bilgi,Oyuncu,Jenerik,Türkçe,Body,İstatistik,anadolu efes,,,,,,
i̇dil saçalır,EuroLeague,Basketbol,Lig,1. Seviye,Çekirdek,Erkek,Kulüp,Takım Sporu,Avrupa,Yabancı,Yok,TV+ Var,Yıllık,Sürekli Lig,Oyuncu Jenerik,Bilgi,Oyuncu,Jenerik,Türkçe,Head,Oyuncu Jenerik,beşiktaş basketbol,,,,,,
i̇dil saçalır kimdir,EuroLeague,Basketbol,Lig,1. Seviye,Çekirdek,Erkek,Kulüp,Takım Sporu,Avrupa,Yabancı,Yok,TV+ Var,Yıllık,Sürekli Lig,Oyuncu Bilgi,Bilgi,Oyuncu,Jenerik,Türkçe,Body,Oyuncu Bilgi,beşiktaş basketbol,,,,,,
i̇dil saçalır hangi takımda,EuroLeague,Basketbol,Lig,1. Seviye,Çekirdek,Erkek,Kulüp,Takım Sporu,Avrupa,Yabancı,Yok,TV+ Var,Yıllık,Sürekli Lig,Oyuncu Bilgi,Bilgi,Oyuncu,Jenerik,Türkçe,Body,Oyuncu Bilgi,beşiktaş basketbol,,,,,,
i̇dil saçalır istatistik,EuroLeague,Basketbol,Lig,1. Seviye,Çekirdek,Erkek,Kulüp,Takım Sporu,Avrupa,Yabancı,Yok,TV+ Var,Yıllık,Sürekli Lig,İstatistik,Bilgi,Oyuncu,Jenerik,Türkçe,Body,İstatistik,beşiktaş basketbol,,,,,,
i̇layda güner,EuroLeague,Basketbol,Lig,1. Seviye,Çekirdek,Erkek,Kulüp,Takım Sporu,Avrupa,Yabancı,Yok,TV+ Var,Yıllık,Sürekli Lig,Oyuncu Jenerik,Bilgi,Oyuncu,Jenerik,Türkçe,Head,Oyuncu Jenerik,beşiktaş basketbol,,,,,,
i̇layda güner kimdir,EuroLeague,Basketbol,Lig,1. Seviye,Çekirdek,Erkek,Kulüp,Takım Sporu,Avrupa,Yabancı,Yok,TV+ Var,Yıllık,Sürekli Lig,Oyuncu Bilgi,Bilgi,Oyuncu,Jenerik,Türkçe,Body,Oyuncu Bilgi,beşiktaş basketbol,,,,,,
i̇layda güner hangi takımda,EuroLeague,Basketbol,Lig,1. Seviye,Çekirdek,Erkek,Kulüp,Takım Sporu,Avrupa,Yabancı,Yok,TV+ Var,Yıllık,Sürekli Lig,Oyuncu Bilgi,Bilgi,Oyuncu,Jenerik,Türkçe,Body,Oyuncu Bilgi,beşiktaş basketbol,,,,,,
i̇layda güner istatistik,EuroLeague,Basketbol,Lig,1. Seviye,Çekirdek,Erkek,Kulüp,Takım Sporu,Avrupa,Yabancı,Yok,TV+ Var,Yıllık,Sürekli Lig,İstatistik,Bilgi,Oyuncu,Jenerik,Türkçe,Body,İstatistik,beşiktaş basketbol,,,,,,
pero antić,EuroLeague,Basketbol,Lig,1. Seviye,Çekirdek,Erkek,Kulüp,Takım Sporu,Avrupa,Yabancı,Yok,TV+ Var,Yıllık,Sürekli Lig,Oyuncu Jenerik,Bilgi,Oyuncu,Jenerik,Türkçe,Head,Oyuncu Jenerik,panathinaikos,,,,,,
pero antić kimdir,EuroLeague,Basketbol,Lig,1. Seviye,Çekirdek,Erkek,Kulüp,Takım Sporu,Avrupa,Yabancı,Yok,TV+ Var,Yıllık,Sürekli Lig,Oyuncu Bilgi,Bilgi,Oyuncu,Jenerik,Türkçe,Body,Oyuncu Bilgi,panathinaikos,,,,,,
pero antić hangi takımda,EuroLeague,Basketbol,Lig,1. Seviye,Çekirdek,Erkek,Kulüp,Takım Sporu,Avrupa,Yabancı,Yok,TV+ Var,Yıllık,Sürekli Lig,Oyuncu Bilgi,Bilgi,Oyuncu,Jenerik,Türkçe,Body,Oyuncu Bilgi,panathinaikos,,,,,,
pero antić istatistik,EuroLeague,Basketbol,Lig,1. Seviye,Çekirdek,Erkek,Kulüp,Takım Sporu,Avrupa,Yabancı,Yok,TV+ Var,Yıllık,Sürekli Lig,İstatistik,Bilgi,Oyuncu,Jenerik,Türkçe,Body,İstatistik,panathinaikos,,,,,,
bogdan bogdanović,EuroLeague,Basketbol,Lig,1. Seviye,Çekirdek,Erkek,Kulüp,Takım Sporu,Avrupa,Yabancı,Yok,TV+ Var,Yıllık,Sürekli Lig,Oyuncu Jenerik,Bilgi,Oyuncu,Jenerik,Türkçe,Head,Oyuncu Jenerik,panathinaikos,,,,,,
bogdan bogdanović kimdir,EuroLeague,Basketbol,Lig,1. Seviye,Çekirdek,Erkek,Kulüp,Takım Sporu,Avrupa,Yabancı,Yok,TV+ Var,Yıllık,Sürekli Lig,Oyuncu Bilgi,Bilgi,Oyuncu,Jenerik,Türkçe,Body,Oyuncu Bilgi,panathinaikos,,,,,,
bogdan bogdanović hangi takımda,EuroLeague,Basketbol,Lig,1. Seviye,Çekirdek,Erkek,Kulüp,Takım Sporu,Avrupa,Yabancı,Yok,TV+ Var,Yıllık,Sürekli Lig,Oyuncu Bilgi,Bilgi,Oyuncu,Jenerik,Türkçe,Body,Oyuncu Bilgi,panathinaikos,,,,,,
bogdan bogdanović istatistik,EuroLeague,Basketbol,Lig,1. Seviye,Çekirdek,Erkek,Kulüp,Takım Sporu,Avrupa,Yabancı,Yok,TV+ Var,Yıllık,Sürekli Lig,İstatistik,Bilgi,Oyuncu,Jenerik,Türkçe,Body,İstatistik,panathinaikos,,,,,,
jan veselý,EuroLeague,Basketbol,Lig,1. Seviye,Çekirdek,Erkek,Kulüp,Takım Sporu,Avrupa,Yabancı,Yok,TV+ Var,Yıllık,Sürekli Lig,Oyuncu Jenerik,Bilgi,Oyuncu,Jenerik,Türkçe,Head,Oyuncu Jenerik,panathinaikos,,,,,,
jan veselý kimdir,EuroLeague,Basketbol,Lig,1. Seviye,Çekirdek,Erkek,Kulüp,Takım Sporu,Avrupa,Yabancı,Yok,TV+ Var,Yıllık,Sürekli Lig,Oyuncu Bilgi,Bilgi,Oyuncu,Jenerik,Türkçe,Body,Oyuncu Bilgi,panathinaikos,,,,,,
jan veselý hangi takımda,EuroLeague,Basketbol,Lig,1. Seviye,Çekirdek,Erkek,Kulüp,Takım Sporu,Avrupa,Yabancı,Yok,TV+ Var,Yıllık,Sürekli Lig,Oyuncu Bilgi,Bilgi,Oyuncu,Jenerik,Türkçe,Body,Oyuncu Bilgi,panathinaikos,,,,,,
jan veselý istatistik,EuroLeague,Basketbol,Lig,1. Seviye,Çekirdek,Erkek,Kulüp,Takım Sporu,Avrupa,Yabancı,Yok,TV+ Var,Yıllık,Sürekli Lig,İstatistik,Bilgi,Oyuncu,Jenerik,Türkçe,Body,İstatistik,panathinaikos,,,,,,
nikola kalinić,EuroLeague,Basketbol,Lig,1. Seviye,Çekirdek,Erkek,Kulüp,Takım Sporu,Avrupa,Yabancı,Yok,TV+ Var,Yıllık,Sürekli Lig,Oyuncu Jenerik,Bilgi,Oyuncu,Jenerik,Türkçe,Head,Oyuncu Jenerik,panathinaikos,,,,,,
nikola kalinić kimdir,EuroLeague,Basketbol,Lig,1. Seviye,Çekirdek,Erkek,Kulüp,Takım Sporu,Avrupa,Yabancı,Yok,TV+ Var,Yıllık,Sürekli Lig,Oyuncu Bilgi,Bilgi,Oyuncu,Jenerik,Türkçe,Body,Oyuncu Bilgi,panathinaikos,,,,,,
nikola kalinić hangi takımda,EuroLeague,Basketbol,Lig,1. Seviye,Çekirdek,Erkek,Kulüp,Takım Sporu,Avrupa,Yabancı,Yok,TV+ Var,Yıllık,Sürekli Lig,Oyuncu Bilgi,Bilgi,Oyuncu,Jenerik,Türkçe,Body,Oyuncu Bilgi,panathinaikos,,,,,,
nikola kalinić istatistik,EuroLeague,Basketbol,Lig,1. Seviye,Çekirdek,Erkek,Kulüp,Takım Sporu,Avrupa,Yabancı,Yok,TV+ Var,Yıllık,Sürekli Lig,İstatistik,Bilgi,Oyuncu,Jenerik,Türkçe,Body,İstatistik,panathinaikos,,,,,,
jason thompson,EuroLeague,Basketbol,Lig,1. Seviye,Çekirdek,Erkek,Kulüp,Takım Sporu,Avrupa,Yabancı,Yok,TV+ Var,Yıllık,Sürekli Lig,Oyuncu Jenerik,Bilgi,Oyuncu,Jenerik,İngilizce,Head,Oyuncu Jenerik,olympiakos,,,,,,
jason thompson kimdir,EuroLeague,Basketbol,Lig,1. Seviye,Çekirdek,Erkek,Kulüp,Takım Sporu,Avrupa,Yabancı,Yok,TV+ Var,Yıllık,Sürekli Lig,Oyuncu Bilgi,Bilgi,Oyuncu,Jenerik,İngilizce,Body,Oyuncu Bilgi,olympiakos,,,,,,
jason thompson hangi takımda,EuroLeague,Basketbol,Lig,1. Seviye,Çekirdek,Erkek,Kulüp,Takım Sporu,Avrupa,Yabancı,Yok,TV+ Var,Yıllık,Sürekli Lig,Oyuncu Bilgi,Bilgi,Oyuncu,Jenerik,Türkçe,Body,Oyuncu Bilgi,olympiakos,,,,,,
jason thompson istatistik,EuroLeague,Basketbol,Lig,1. Seviye,Çekirdek,Erkek,Kulüp,Takım Sporu,Avrupa,Yabancı,Yok,TV+ Var,Yıllık,Sürekli Lig,İstatistik,Bilgi,Oyuncu,Jenerik,İngilizce,Body,İstatistik,olympiakos,,,,,,
nicolò melli,EuroLeague,Basketbol,Lig,1. Seviye,Çekirdek,Erkek,Kulüp,Takım Sporu,Avrupa,Yabancı,Yok,TV+ Var,Yıllık,Sürekli Lig,Oyuncu Jenerik,Bilgi,Oyuncu,Jenerik,Türkçe,Head,Oyuncu Jenerik,olympiakos,,,,,,
nicolò melli kimdir,EuroLeague,Basketbol,Lig,1. Seviye,Çekirdek,Erkek,Kulüp,Takım Sporu,Avrupa,Yabancı,Yok,TV+ Var,Yıllık,Sürekli Lig,Oyuncu Bilgi,Bilgi,Oyuncu,Jenerik,Türkçe,Body,Oyuncu Bilgi,olympiakos,,,,,,
nicolò melli hangi takımda,EuroLeague,Basketbol,Lig,1. Seviye,Çekirdek,Erkek,Kulüp,Takım Sporu,Avrupa,Yabancı,Yok,TV+ Var,Yıllık,Sürekli Lig,Oyuncu Bilgi,Bilgi,Oyuncu,Jenerik,Türkçe,Body,Oyuncu Bilgi,olympiakos,,,,,,
nicolò melli istatistik,EuroLeague,Basketbol,Lig,1. Seviye,Çekirdek,Erkek,Kulüp,Takım Sporu,Avrupa,Yabancı,Yok,TV+ Var,Yıllık,Sürekli Lig,İstatistik,Bilgi,Oyuncu,Jenerik,Türkçe,Body,İstatistik,olympiakos,,,,,,
marko gudurić,EuroLeague,Basketbol,Lig,1. Seviye,Çekirdek,Erkek,Kulüp,Takım Sporu,Avrupa,Yabancı,Yok,TV+ Var,Yıllık,Sürekli Lig,Oyuncu Jenerik,Bilgi,Oyuncu,Jenerik,Türkçe,Head,Oyuncu Jenerik,olympiakos,,,,,,
marko gudurić kimdir,EuroLeague,Basketbol,Lig,1. Seviye,Çekirdek,Erkek,Kulüp,Takım Sporu,Avrupa,Yabancı,Yok,TV+ Var,Yıllık,Sürekli Lig,Oyuncu Bilgi,Bilgi,Oyuncu,Jenerik,Türkçe,Body,Oyuncu Bilgi,olympiakos,,,,,,
marko gudurić hangi takımda,EuroLeague,Basketbol,Lig,1. Seviye,Çekirdek,Erkek,Kulüp,Takım Sporu,Avrupa,Yabancı,Yok,TV+ Var,Yıllık,Sürekli Lig,Oyuncu Bilgi,Bilgi,Oyuncu,Jenerik,Türkçe,Body,Oyuncu Bilgi,olympiakos,,,,,,
marko gudurić istatistik,EuroLeague,Basketbol,Lig,1. Seviye,Çekirdek,Erkek,Kulüp,Takım Sporu,Avrupa,Yabancı,Yok,TV+ Var,Yıllık,Sürekli Lig,İstatistik,Bilgi,Oyuncu,Jenerik,Türkçe,Body,İstatistik,olympiakos,,,,,,
sinan güler,EuroLeague,Basketbol,Lig,1. Seviye,Çekirdek,Erkek,Kulüp,Takım Sporu,Avrupa,Yabancı,Yok,TV+ Var,Yıllık,Sürekli Lig,Oyuncu Jenerik,Bilgi,Oyuncu,Jenerik,Türkçe,Head,Oyuncu Jenerik,olympiakos,,,,,,
sinan güler kimdir,EuroLeague,Basketbol,Lig,1. Seviye,Çekirdek,Erkek,Kulüp,Takım Sporu,Avrupa,Yabancı,Yok,TV+ Var,Yıllık,Sürekli Lig,Oyuncu Bilgi,Bilgi,Oyuncu,Jenerik,Türkçe,Body,Oyuncu Bilgi,olympiakos,,,,,,
sinan güler hangi takımda,EuroLeague,Basketbol,Lig,1. Seviye,Çekirdek,Erkek,Kulüp,Takım Sporu,Avrupa,Yabancı,Yok,TV+ Var,Yıllık,Sürekli Lig,Oyuncu Bilgi,Bilgi,Oyuncu,Jenerik,Türkçe,Body,Oyuncu Bilgi,olympiakos,,,,,,
sinan güler istatistik,EuroLeague,Basketbol,Lig,1. Seviye,Çekirdek,Erkek,Kulüp,Takım Sporu,Avrupa,Yabancı,Yok,TV+ Var,Yıllık,Sürekli Lig,İstatistik,Bilgi,Oyuncu,Jenerik,Türkçe,Body,İstatistik,olympiakos,,,,,,
combo guard,EuroLeague,Basketbol,Lig,1. Seviye,Çekirdek,Erkek,Kulüp,Takım Sporu,Avrupa,Yabancı,Yok,TV+ Var,Yıllık,Sürekli Lig,Oyuncu Jenerik,Bilgi,Oyuncu,Jenerik,İngilizce,Head,Oyuncu Jenerik,zalgiris,,,,,,
combo guard kimdir,EuroLeague,Basketbol,Lig,1. Seviye,Çekirdek,Erkek,Kulüp,Takım Sporu,Avrupa,Yabancı,Yok,TV+ Var,Yıllık,Sürekli Lig,Oyuncu Bilgi,Bilgi,Oyuncu,Jenerik,İngilizce,Body,Oyuncu Bilgi,zalgiris,,,,,,
combo guard hangi takımda,EuroLeague,Basketbol,Lig,1. Seviye,Çekirdek,Erkek,Kulüp,Takım Sporu,Avrupa,Yabancı,Yok,TV+ Var,Yıllık,Sürekli Lig,Oyuncu Bilgi,Bilgi,Oyuncu,Jenerik,Türkçe,Body,Oyuncu Bilgi,zalgiris,,,,,,
combo guard istatistik,EuroLeague,Basketbol,Lig,1. Seviye,Çekirdek,Erkek,Kulüp,Takım Sporu,Avrupa,Yabancı,Yok,TV+ Var,Yıllık,Sürekli Lig,İstatistik,Bilgi,Oyuncu,Jenerik,İngilizce,Body,İstatistik,zalgiris,,,,,,
ąžuolas tubelis,EuroLeague,Basketbol,Lig,1. Seviye,Çekirdek,Erkek,Kulüp,Takım Sporu,Avrupa,Yabancı,Yok,TV+ Var,Yıllık,Sürekli Lig,Oyuncu Jenerik,Bilgi,Oyuncu,Jenerik,Türkçe,Head,Oyuncu Jenerik,zalgiris,,,,,,
ąžuolas tubelis kimdir,EuroLeague,Basketbol,Lig,1. Seviye,Çekirdek,Erkek,Kulüp,Takım Sporu,Avrupa,Yabancı,Yok,TV+ Var,Yıllık,Sürekli Lig,Oyuncu Bilgi,Bilgi,Oyuncu,Jenerik,Türkçe,Body,Oyuncu Bilgi,zalgiris,,,,,,
ąžuolas tubelis hangi takımda,EuroLeague,Basketbol,Lig,1. Seviye,Çekirdek,Erkek,Kulüp,Takım Sporu,Avrupa,Yabancı,Yok,TV+ Var,Yıllık,Sürekli Lig,Oyuncu Bilgi,Bilgi,Oyuncu,Jenerik,Türkçe,Body,Oyuncu Bilgi,zalgiris,,,,,,
ąžuolas tubelis istatistik,EuroLeague,Basketbol,Lig,1. Seviye,Çekirdek,Erkek,Kulüp,Takım Sporu,Avrupa,Yabancı,Yok,TV+ Var,Yıllık,Sürekli Lig,İstatistik,Bilgi,Oyuncu,Jenerik,Türkçe,Body,İstatistik,zalgiris,,,,,,
maodo lô,EuroLeague,Basketbol,Lig,1. Seviye,Çekirdek,Erkek,Kulüp,Takım Sporu,Avrupa,Yabancı,Yok,TV+ Var,Yıllık,Sürekli Lig,Oyuncu Jenerik,Bilgi,Oyuncu,Jenerik,Türkçe,Head,Oyuncu Jenerik,zalgiris,,,,,,
maodo lô kimdir,EuroLeague,Basketbol,Lig,1. Seviye,Çekirdek,Erkek,Kulüp,Takım Sporu,Avrupa,Yabancı,Yok,TV+ Var,Yıllık,Sürekli Lig,Oyuncu Bilgi,Bilgi,Oyuncu,Jenerik,Türkçe,Body,Oyuncu Bilgi,zalgiris,,,,,,
maodo lô hangi takımda,EuroLeague,Basketbol,Lig,1. Seviye,Çekirdek,Erkek,Kulüp,Takım Sporu,Avrupa,Yabancı,Yok,TV+ Var,Yıllık,Sürekli Lig,Oyuncu Bilgi,Bilgi,Oyuncu,Jenerik,Türkçe,Body,Oyuncu Bilgi,zalgiris,,,,,,
maodo lô istatistik,EuroLeague,Basketbol,Lig,1. Seviye,Çekirdek,Erkek,Kulüp,Takım Sporu,Avrupa,Yabancı,Yok,TV+ Var,Yıllık,Sürekli Lig,İstatistik,Bilgi,Oyuncu,Jenerik,Türkçe,Body,İstatistik,zalgiris,,,,,,
jonas valančiūnas,EuroLeague,Basketbol,Lig,1. Seviye,Çekirdek,Erkek,Kulüp,Takım Sporu,Avrupa,Yabancı,Yok,TV+ Var,Yıllık,Sürekli Lig,Oyuncu Jenerik,Bilgi,Oyuncu,Jenerik,Türkçe,Head,Oyuncu Jenerik,zalgiris,,,,,,
jonas valančiūnas kimdir,EuroLeague,Basketbol,Lig,1. Seviye,Çekirdek,Erkek,Kulüp,Takım Sporu,Avrupa,Yabancı,Yok,TV+ Var,Yıllık,Sürekli Lig,Oyuncu Bilgi,Bilgi,Oyuncu,Jenerik,Türkçe,Body,Oyuncu Bilgi,zalgiris,,,,,,
jonas valančiūnas hangi takımda,EuroLeague,Basketbol,Lig,1. Seviye,Çekirdek,Erkek,Kulüp,Takım Sporu,Avrupa,Yabancı,Yok,TV+ Var,Yıllık,Sürekli Lig,Oyuncu Bilgi,Bilgi,Oyuncu,Jenerik,Türkçe,Body,Oyuncu Bilgi,zalgiris,,,,,,
jonas valančiūnas istatistik,EuroLeague,Basketbol,Lig,1. Seviye,Çekirdek,Erkek,Kulüp,Takım Sporu,Avrupa,Yabancı,Yok,TV+ Var,Yıllık,Sürekli Lig,İstatistik,Bilgi,Oyuncu,Jenerik,Türkçe,Body,İstatistik,zalgiris,,,,,,
marek blaževič,EuroLeague,Basketbol,Lig,1. Seviye,Çekirdek,Erkek,Kulüp,Takım Sporu,Avrupa,Yabancı,Yok,TV+ Var,Yıllık,Sürekli Lig,Oyuncu Jenerik,Bilgi,Oyuncu,Jenerik,Türkçe,Head,Oyuncu Jenerik,zalgiris,,,,,,
marek blaževič kimdir,EuroLeague,Basketbol,Lig,1. Seviye,Çekirdek,Erkek,Kulüp,Takım Sporu,Avrupa,Yabancı,Yok,TV+ Var,Yıllık,Sürekli Lig,Oyuncu Bilgi,Bilgi,Oyuncu,Jenerik,Türkçe,Body,Oyuncu Bilgi,zalgiris,,,,,,
marek blaževič hangi takımda,EuroLeague,Basketbol,Lig,1. Seviye,Çekirdek,Erkek,Kulüp,Takım Sporu,Avrupa,Yabancı,Yok,TV+ Var,Yıllık,Sürekli Lig,Oyuncu Bilgi,Bilgi,Oyuncu,Jenerik,Türkçe,Body,Oyuncu Bilgi,zalgiris,,,,,,
marek blaževič istatistik,EuroLeague,Basketbol,Lig,1. Seviye,Çekirdek,Erkek,Kulüp,Takım Sporu,Avrupa,Yabancı,Yok,TV+ Var,Yıllık,Sürekli Lig,İstatistik,Bilgi,Oyuncu,Jenerik,Türkçe,Body,İstatistik,zalgiris,,,,,,
stretch four,EuroLeague,Basketbol,Lig,1. Seviye,Çekirdek,Erkek,Kulüp,Takım Sporu,Avrupa,Yabancı,Yok,TV+ Var,Yıllık,Sürekli Lig,Oyuncu Jenerik,Bilgi,Oyuncu,Jenerik,İngilizce,Head,Oyuncu Jenerik,zalgiris,,,,,,
stretch four kimdir,EuroLeague,Basketbol,Lig,1. Seviye,Çekirdek,Erkek,Kulüp,Takım Sporu,Avrupa,Yabancı,Yok,TV+ Var,Yıllık,Sürekli Lig,Oyuncu Bilgi,Bilgi,Oyuncu,Jenerik,İngilizce,Body,Oyuncu Bilgi,zalgiris,,,,,,
stretch four hangi takımda,EuroLeague,Basketbol,Lig,1. Seviye,Çekirdek,Erkek,Kulüp,Takım Sporu,Avrupa,Yabancı,Yok,TV+ Var,Yıllık,Sürekli Lig,Oyuncu Bilgi,Bilgi,Oyuncu,Jenerik,Türkçe,Body,Oyuncu Bilgi,zalgiris,,,,,,
stretch four istatistik,EuroLeague,Basketbol,Lig,1. Seviye,Çekirdek,Erkek,Kulüp,Takım Sporu,Avrupa,Yabancı,Yok,TV+ Var,Yıllık,Sürekli Lig,İstatistik,Bilgi,Oyuncu,Jenerik,İngilizce,Body,İstatistik,zalgiris,,,,,,
arnas butkevičius,EuroLeague,Basketbol,Lig,1. Seviye,Çekirdek,Erkek,Kulüp,Takım Sporu,Avrupa,Yabancı,Yok,TV+ Var,Yıllık,Sürekli Lig,Oyuncu Jenerik,Bilgi,Oyuncu,Jenerik,Türkçe,Head,Oyuncu Jenerik,zalgiris,,,,,,
arnas butkevičius kimdir,EuroLeague,Basketbol,Lig,1. Seviye,Çekirdek,Erkek,Kulüp,Takım Sporu,Avrupa,Yabancı,Yok,TV+ Var,Yıllık,Sürekli Lig,Oyuncu Bilgi,Bilgi,Oyuncu,Jenerik,Türkçe,Body,Oyuncu Bilgi,zalgiris,,,,,,
arnas butkevičius hangi takımda,EuroLeague,Basketbol,Lig,1. Seviye,Çekirdek,Erkek,Kulüp,Takım Sporu,Avrupa,Yabancı,Yok,TV+ Var,Yıllık,Sürekli Lig,Oyuncu Bilgi,Bilgi,Oyuncu,Jenerik,Türkçe,Body,Oyuncu Bilgi,zalgiris,,,,,,
arnas butkevičius istatistik,EuroLeague,Basketbol,Lig,1. Seviye,Çekirdek,Erkek,Kulüp,Takım Sporu,Avrupa,Yabancı,Yok,TV+ Var,Yıllık,Sürekli Lig,İstatistik,Bilgi,Oyuncu,Jenerik,Türkçe,Body,İstatistik,zalgiris,,,,,,
mario nakić,EuroLeague,Basketbol,Lig,1. Seviye,Çekirdek,Erkek,Kulüp,Takım Sporu,Avrupa,Yabancı,Yok,TV+ Var,Yıllık,Sürekli Lig,Oyuncu Jenerik,Bilgi,Oyuncu,Jenerik,Türkçe,Head,Oyuncu Jenerik,partizan,,,,,,
mario nakić kimdir,EuroLeague,Basketbol,Lig,1. Seviye,Çekirdek,Erkek,Kulüp,Takım Sporu,Avrupa,Yabancı,Yok,TV+ Var,Yıllık,Sürekli Lig,Oyuncu Bilgi,Bilgi,Oyuncu,Jenerik,Türkçe,Body,Oyuncu Bilgi,partizan,,,,,,
mario nakić hangi takımda,EuroLeague,Basketbol,Lig,1. Seviye,Çekirdek,Erkek,Kulüp,Takım Sporu,Avrupa,Yabancı,Yok,TV+ Var,Yıllık,Sürekli Lig,Oyuncu Bilgi,Bilgi,Oyuncu,Jenerik,Türkçe,Body,Oyuncu Bilgi,partizan,,,,,,
mario nakić istatistik,EuroLeague,Basketbol,Lig,1. Seviye,Çekirdek,Erkek,Kulüp,Takım Sporu,Avrupa,Yabancı,Yok,TV+ Var,Yıllık,Sürekli Lig,İstatistik,Bilgi,Oyuncu,Jenerik,Türkçe,Body,İstatistik,partizan,,,,,,
vanja marinković,EuroLeague,Basketbol,Lig,1. Seviye,Çekirdek,Erkek,Kulüp,Takım Sporu,Avrupa,Yabancı,Yok,TV+ Var,Yıllık,Sürekli Lig,Oyuncu Jenerik,Bilgi,Oyuncu,Jenerik,Türkçe,Head,Oyuncu Jenerik,partizan,,,,,,
vanja marinković kimdir,EuroLeague,Basketbol,Lig,1. Seviye,Çekirdek,Erkek,Kulüp,Takım Sporu,Avrupa,Yabancı,Yok,TV+ Var,Yıllık,Sürekli Lig,Oyuncu Bilgi,Bilgi,Oyuncu,Jenerik,Türkçe,Body,Oyuncu Bilgi,partizan,,,,,,
vanja marinković hangi takımda,EuroLeague,Basketbol,Lig,1. Seviye,Çekirdek,Erkek,Kulüp,Takım Sporu,Avrupa,Yabancı,Yok,TV+ Var,Yıllık,Sürekli Lig,Oyuncu Bilgi,Bilgi,Oyuncu,Jenerik,Türkçe,Body,Oyuncu Bilgi,partizan,,,,,,
vanja marinković istatistik,EuroLeague,Basketbol,Lig,1. Seviye,Çekirdek,Erkek,Kulüp,Takım Sporu,Avrupa,Yabancı,Yok,TV+ Var,Yıllık,Sürekli Lig,İstatistik,Bilgi,Oyuncu,Jenerik,Türkçe,Body,İstatistik,partizan,,,,,,
nikola tanasković,EuroLeague,Basketbol,Lig,1. Seviye,Çekirdek,Erkek,Kulüp,Takım Sporu,Avrupa,Yabancı,Yok,TV+ Var,Yıllık,Sürekli Lig,Oyuncu Jenerik,Bilgi,Oyuncu,Jenerik,Türkçe,Head,Oyuncu Jenerik,partizan,,,,,,
nikola tanasković kimdir,EuroLeague,Basketbol,Lig,1. Seviye,Çekirdek,Erkek,Kulüp,Takım Sporu,Avrupa,Yabancı,Yok,TV+ Var,Yıllık,Sürekli Lig,Oyuncu Bilgi,Bilgi,Oyuncu,Jenerik,Türkçe,Body,Oyuncu Bilgi,partizan,,,,,,
nikola tanasković hangi takımda,EuroLeague,Basketbol,Lig,1. Seviye,Çekirdek,Erkek,Kulüp,Takım Sporu,Avrupa,Yabancı,Yok,TV+ Var,Yıllık,Sürekli Lig,Oyuncu Bilgi,Bilgi,Oyuncu,Jenerik,Türkçe,Body,Oyuncu Bilgi,partizan,,,,,,
nikola tanasković istatistik,EuroLeague,Basketbol,Lig,1. Seviye,Çekirdek,Erkek,Kulüp,Takım Sporu,Avrupa,Yabancı,Yok,TV+ Var,Yıllık,Sürekli Lig,İstatistik,Bilgi,Oyuncu,Jenerik,Türkçe,Body,İstatistik,partizan,,,,,,
arijan lakić,EuroLeague,Basketbol,Lig,1. Seviye,Çekirdek,Erkek,Kulüp,Takım Sporu,Avrupa,Yabancı,Yok,TV+ Var,Yıllık,Sürekli Lig,Oyuncu Jenerik,Bilgi,Oyuncu,Jenerik,Türkçe,Head,Oyuncu Jenerik,partizan,,,,,,
arijan lakić kimdir,EuroLeague,Basketbol,Lig,1. Seviye,Çekirdek,Erkek,Kulüp,Takım Sporu,Avrupa,Yabancı,Yok,TV+ Var,Yıllık,Sürekli Lig,Oyuncu Bilgi,Bilgi,Oyuncu,Jenerik,Türkçe,Body,Oyuncu Bilgi,partizan,,,,,,
arijan lakić hangi takımda,EuroLeague,Basketbol,Lig,1. Seviye,Çekirdek,Erkek,Kulüp,Takım Sporu,Avrupa,Yabancı,Yok,TV+ Var,Yıllık,Sürekli Lig,Oyuncu Bilgi,Bilgi,Oyuncu,Jenerik,Türkçe,Body,Oyuncu Bilgi,partizan,,,,,,
arijan lakić istatistik,EuroLeague,Basketbol,Lig,1. Seviye,Çekirdek,Erkek,Kulüp,Takım Sporu,Avrupa,Yabancı,Yok,TV+ Var,Yıllık,Sürekli Lig,İstatistik,Bilgi,Oyuncu,Jenerik,Türkçe,Body,İstatistik,partizan,,,,,,
birleşik krallık,EuroLeague,Basketbol,Lig,1. Seviye,Çekirdek,Erkek,Kulüp,Takım Sporu,Avrupa,Yabancı,Yok,TV+ Var,Yıllık,Sürekli Lig,Oyuncu Jenerik,Bilgi,Oyuncu,Jenerik,Türkçe,Head,Oyuncu Jenerik,paris basketball,,,,,,
birleşik krallık kimdir,EuroLeague,Basketbol,Lig,1. Seviye,Çekirdek,Erkek,Kulüp,Takım Sporu,Avrupa,Yabancı,Yok,TV+ Var,Yıllık,Sürekli Lig,Oyuncu Bilgi,Bilgi,Oyuncu,Jenerik,Türkçe,Body,Oyuncu Bilgi,paris basketball,,,,,,
birleşik krallık hangi takımda,EuroLeague,Basketbol,Lig,1. Seviye,Çekirdek,Erkek,Kulüp,Takım Sporu,Avrupa,Yabancı,Yok,TV+ Var,Yıllık,Sürekli Lig,Oyuncu Bilgi,Bilgi,Oyuncu,Jenerik,Türkçe,Body,Oyuncu Bilgi,paris basketball,,,,,,
birleşik krallık istatistik,EuroLeague,Basketbol,Lig,1. Seviye,Çekirdek,Erkek,Kulüp,Takım Sporu,Avrupa,Yabancı,Yok,TV+ Var,Yıllık,Sürekli Lig,İstatistik,Bilgi,Oyuncu,Jenerik,Türkçe,Body,İstatistik,paris basketball,,,,,,
cb estudiantes,EuroLeague,Basketbol,Lig,1. Seviye,Çekirdek,Erkek,Kulüp,Takım Sporu,Avrupa,Yabancı,Yok,TV+ Var,Yıllık,Sürekli Lig,Oyuncu Jenerik,Bilgi,Oyuncu,Jenerik,İngilizce,Head,Oyuncu Jenerik,paris basketball,,,,,,
cb estudiantes kimdir,EuroLeague,Basketbol,Lig,1. Seviye,Çekirdek,Erkek,Kulüp,Takım Sporu,Avrupa,Yabancı,Yok,TV+ Var,Yıllık,Sürekli Lig,Oyuncu Bilgi,Bilgi,Oyuncu,Jenerik,İngilizce,Body,Oyuncu Bilgi,paris basketball,,,,,,
cb estudiantes hangi takımda,EuroLeague,Basketbol,Lig,1. Seviye,Çekirdek,Erkek,Kulüp,Takım Sporu,Avrupa,Yabancı,Yok,TV+ Var,Yıllık,Sürekli Lig,Oyuncu Bilgi,Bilgi,Oyuncu,Jenerik,Türkçe,Body,Oyuncu Bilgi,paris basketball,,,,,,
cb estudiantes istatistik,EuroLeague,Basketbol,Lig,1. Seviye,Çekirdek,Erkek,Kulüp,Takım Sporu,Avrupa,Yabancı,Yok,TV+ Var,Yıllık,Sürekli Lig,İstatistik,Bilgi,Oyuncu,Jenerik,İngilizce,Body,İstatistik,paris basketball,,,,,,
tomáš satoranský,EuroLeague,Basketbol,Lig,1. Seviye,Çekirdek,Erkek,Kulüp,Takım Sporu,Avrupa,Yabancı,Yok,TV+ Var,Yıllık,Sürekli Lig,Oyuncu Jenerik,Bilgi,Oyuncu,Jenerik,Türkçe,Head,Oyuncu Jenerik,hapoel tel aviv,,,,,,
tomáš satoranský kimdir,EuroLeague,Basketbol,Lig,1. Seviye,Çekirdek,Erkek,Kulüp,Takım Sporu,Avrupa,Yabancı,Yok,TV+ Var,Yıllık,Sürekli Lig,Oyuncu Bilgi,Bilgi,Oyuncu,Jenerik,Türkçe,Body,Oyuncu Bilgi,hapoel tel aviv,,,,,,
tomáš satoranský hangi takımda,EuroLeague,Basketbol,Lig,1. Seviye,Çekirdek,Erkek,Kulüp,Takım Sporu,Avrupa,Yabancı,Yok,TV+ Var,Yıllık,Sürekli Lig,Oyuncu Bilgi,Bilgi,Oyuncu,Jenerik,Türkçe,Body,Oyuncu Bilgi,hapoel tel aviv,,,,,,
tomáš satoranský istatistik,EuroLeague,Basketbol,Lig,1. Seviye,Çekirdek,Erkek,Kulüp,Takım Sporu,Avrupa,Yabancı,Yok,TV+ Var,Yıllık,Sürekli Lig,İstatistik,Bilgi,Oyuncu,Jenerik,Türkçe,Body,İstatistik,hapoel tel aviv,,,,,,
vasilije micić,EuroLeague,Basketbol,Lig,1. Seviye,Çekirdek,Erkek,Kulüp,Takım Sporu,Avrupa,Yabancı,Yok,TV+ Var,Yıllık,Sürekli Lig,Oyuncu Jenerik,Bilgi,Oyuncu,Jenerik,Türkçe,Head,Oyuncu Jenerik,hapoel tel aviv,,,,,,
vasilije micić kimdir,EuroLeague,Basketbol,Lig,1. Seviye,Çekirdek,Erkek,Kulüp,Takım Sporu,Avrupa,Yabancı,Yok,TV+ Var,Yıllık,Sürekli Lig,Oyuncu Bilgi,Bilgi,Oyuncu,Jenerik,Türkçe,Body,Oyuncu Bilgi,hapoel tel aviv,,,,,,
vasilije micić hangi takımda,EuroLeague,Basketbol,Lig,1. Seviye,Çekirdek,Erkek,Kulüp,Takım Sporu,Avrupa,Yabancı,Yok,TV+ Var,Yıllık,Sürekli Lig,Oyuncu Bilgi,Bilgi,Oyuncu,Jenerik,Türkçe,Body,Oyuncu Bilgi,hapoel tel aviv,,,,,,
vasilije micić istatistik,EuroLeague,Basketbol,Lig,1. Seviye,Çekirdek,Erkek,Kulüp,Takım Sporu,Avrupa,Yabancı,Yok,TV+ Var,Yıllık,Sürekli Lig,İstatistik,Bilgi,Oyuncu,Jenerik,Türkçe,Body,İstatistik,hapoel tel aviv,,,,,,
bojan dubljević,EuroLeague,Basketbol,Lig,1. Seviye,Çekirdek,Erkek,Kulüp,Takım Sporu,Avrupa,Yabancı,Yok,TV+ Var,Yıllık,Sürekli Lig,Oyuncu Jenerik,Bilgi,Oyuncu,Jenerik,Türkçe,Head,Oyuncu Jenerik,valencia basket,,,,,,
bojan dubljević kimdir,EuroLeague,Basketbol,Lig,1. Seviye,Çekirdek,Erkek,Kulüp,Takım Sporu,Avrupa,Yabancı,Yok,TV+ Var,Yıllık,Sürekli Lig,Oyuncu Bilgi,Bilgi,Oyuncu,Jenerik,Türkçe,Body,Oyuncu Bilgi,valencia basket,,,,,,
bojan dubljević hangi takımda,EuroLeague,Basketbol,Lig,1. Seviye,Çekirdek,Erkek,Kulüp,Takım Sporu,Avrupa,Yabancı,Yok,TV+ Var,Yıllık,Sürekli Lig,Oyuncu Bilgi,Bilgi,Oyuncu,Jenerik,Türkçe,Body,Oyuncu Bilgi,valencia basket,,,,,,
bojan dubljević istatistik,EuroLeague,Basketbol,Lig,1. Seviye,Çekirdek,Erkek,Kulüp,Takım Sporu,Avrupa,Yabancı,Yok,TV+ Var,Yıllık,Sürekli Lig,İstatistik,Bilgi,Oyuncu,Jenerik,Türkçe,Body,İstatistik,valencia basket,,,,,,
filip petrušev,EuroLeague,Basketbol,Lig,1. Seviye,Çekirdek,Erkek,Kulüp,Takım Sporu,Avrupa,Yabancı,Yok,TV+ Var,Yıllık,Sürekli Lig,Oyuncu Jenerik,Bilgi,Oyuncu,Jenerik,Türkçe,Head,Oyuncu Jenerik,dubai basketball,,,,,,
filip petrušev kimdir,EuroLeague,Basketbol,Lig,1. Seviye,Çekirdek,Erkek,Kulüp,Takım Sporu,Avrupa,Yabancı,Yok,TV+ Var,Yıllık,Sürekli Lig,Oyuncu Bilgi,Bilgi,Oyuncu,Jenerik,Türkçe,Body,Oyuncu Bilgi,dubai basketball,,,,,,
filip petrušev hangi takımda,EuroLeague,Basketbol,Lig,1. Seviye,Çekirdek,Erkek,Kulüp,Takım Sporu,Avrupa,Yabancı,Yok,TV+ Var,Yıllık,Sürekli Lig,Oyuncu Bilgi,Bilgi,Oyuncu,Jenerik,Türkçe,Body,Oyuncu Bilgi,dubai basketball,,,,,,
filip petrušev istatistik,EuroLeague,Basketbol,Lig,1. Seviye,Çekirdek,Erkek,Kulüp,Takım Sporu,Avrupa,Yabancı,Yok,TV+ Var,Yıllık,Sürekli Lig,İstatistik,Bilgi,Oyuncu,Jenerik,Türkçe,Body,İstatistik,dubai basketball,,,,,,
birleşik arap emirlikleri,EuroLeague,Basketbol,Lig,1. Seviye,Çekirdek,Erkek,Kulüp,Takım Sporu,Avrupa,Yabancı,Yok,TV+ Var,Yıllık,Sürekli Lig,Oyuncu Jenerik,Bilgi,Oyuncu,Jenerik,Türkçe,Body,Oyuncu Jenerik,dubai basketball,,,,,,
birleşik arap emirlikleri kimdir,EuroLeague,Basketbol,Lig,1. Seviye,Çekirdek,Erkek,Kulüp,Takım Sporu,Avrupa,Yabancı,Yok,TV+ Var,Yıllık,Sürekli Lig,Oyuncu Bilgi,Bilgi,Oyuncu,Jenerik,Türkçe,Body,Oyuncu Bilgi,dubai basketball,,,,,,
birleşik arap emirlikleri hangi takımda,EuroLeague,Basketbol,Lig,1. Seviye,Çekirdek,Erkek,Kulüp,Takım Sporu,Avrupa,Yabancı,Yok,TV+ Var,Yıllık,Sürekli Lig,Oyuncu Bilgi,Bilgi,Oyuncu,Jenerik,Türkçe,Long-tail,Oyuncu Bilgi,dubai basketball,,,,,,
birleşik arap emirlikleri istatistik,EuroLeague,Basketbol,Lig,1. Seviye,Çekirdek,Erkek,Kulüp,Takım Sporu,Avrupa,Yabancı,Yok,TV+ Var,Yıllık,Sürekli Lig,İstatistik,Bilgi,Oyuncu,Jenerik,Türkçe,Body,İstatistik,dubai basketball,,,,,,
nikola jokić,EuroLeague,Basketbol,Lig,1. Seviye,Çekirdek,Erkek,Kulüp,Takım Sporu,Avrupa,Yabancı,Yok,TV+ Var,Yıllık,Sürekli Lig,Oyuncu Jenerik,Bilgi,Oyuncu,Jenerik,Türkçe,Head,Oyuncu Jenerik,dubai basketball,,,,,,
nikola jokić kimdir,EuroLeague,Basketbol,Lig,1. Seviye,Çekirdek,Erkek,Kulüp,Takım Sporu,Avrupa,Yabancı,Yok,TV+ Var,Yıllık,Sürekli Lig,Oyuncu Bilgi,Bilgi,Oyuncu,Jenerik,Türkçe,Body,Oyuncu Bilgi,dubai basketball,,,,,,
nikola jokić hangi takımda,EuroLeague,Basketbol,Lig,1. Seviye,Çekirdek,Erkek,Kulüp,Takım Sporu,Avrupa,Yabancı,Yok,TV+ Var,Yıllık,Sürekli Lig,Oyuncu Bilgi,Bilgi,Oyuncu,Jenerik,Türkçe,Body,Oyuncu Bilgi,dubai basketball,,,,,,
nikola jokić istatistik,EuroLeague,Basketbol,Lig,1. Seviye,Çekirdek,Erkek,Kulüp,Takım Sporu,Avrupa,Yabancı,Yok,TV+ Var,Yıllık,Sürekli Lig,İstatistik,Bilgi,Oyuncu,Jenerik,Türkçe,Body,İstatistik,dubai basketball,,,,,,
hapoel tel aviv kimdir,EuroLeague,Basketbol,Lig,1. Seviye,Çekirdek,Erkek,Kulüp,Takım Sporu,Avrupa,Yabancı,Yok,TV+ Var,Yıllık,Sürekli Lig,Oyuncu Bilgi,Bilgi,Oyuncu,Jenerik,İngilizce,Body,Oyuncu Bilgi,dubai basketball,,,,,,
hapoel tel aviv hangi takımda,EuroLeague,Basketbol,Lig,1. Seviye,Çekirdek,Erkek,Kulüp,Takım Sporu,Avrupa,Yabancı,Yok,TV+ Var,Yıllık,Sürekli Lig,Oyuncu Bilgi,Bilgi,Oyuncu,Jenerik,Türkçe,Long-tail,Oyuncu Bilgi,dubai basketball,,,,,,
hapoel tel aviv istatistik,EuroLeague,Basketbol,Lig,1. Seviye,Çekirdek,Erkek,Kulüp,Takım Sporu,Avrupa,Yabancı,Yok,TV+ Var,Yıllık,Sürekli Lig,İstatistik,Bilgi,Oyuncu,Jenerik,İngilizce,Body,İstatistik,dubai basketball,,,,,,
stefan jović,EuroLeague,Basketbol,Lig,1. Seviye,Çekirdek,Erkek,Kulüp,Takım Sporu,Avrupa,Yabancı,Yok,TV+ Var,Yıllık,Sürekli Lig,Oyuncu Jenerik,Bilgi,Oyuncu,Jenerik,Türkçe,Head,Oyuncu Jenerik,dubai basketball,,,,,,
stefan jović kimdir,EuroLeague,Basketbol,Lig,1. Seviye,Çekirdek,Erkek,Kulüp,Takım Sporu,Avrupa,Yabancı,Yok,TV+ Var,Yıllık,Sürekli Lig,Oyuncu Bilgi,Bilgi,Oyuncu,Jenerik,Türkçe,Body,Oyuncu Bilgi,dubai basketball,,,,,,
stefan jović hangi takımda,EuroLeague,Basketbol,Lig,1. Seviye,Çekirdek,Erkek,Kulüp,Takım Sporu,Avrupa,Yabancı,Yok,TV+ Var,Yıllık,Sürekli Lig,Oyuncu Bilgi,Bilgi,Oyuncu,Jenerik,Türkçe,Body,Oyuncu Bilgi,dubai basketball,,,,,,
stefan jović istatistik,EuroLeague,Basketbol,Lig,1. Seviye,Çekirdek,Erkek,Kulüp,Takım Sporu,Avrupa,Yabancı,Yok,TV+ Var,Yıllık,Sürekli Lig,İstatistik,Bilgi,Oyuncu,Jenerik,Türkçe,Body,İstatistik,dubai basketball,,,,,,
aleksa avramović,EuroLeague,Basketbol,Lig,1. Seviye,Çekirdek,Erkek,Kulüp,Takım Sporu,Avrupa,Yabancı,Yok,TV+ Var,Yıllık,Sürekli Lig,Oyuncu Jenerik,Bilgi,Oyuncu,Jenerik,Türkçe,Head,Oyuncu Jenerik,dubai basketball,,,,,,
aleksa avramović kimdir,EuroLeague,Basketbol,Lig,1. Seviye,Çekirdek,Erkek,Kulüp,Takım Sporu,Avrupa,Yabancı,Yok,TV+ Var,Yıllık,Sürekli Lig,Oyuncu Bilgi,Bilgi,Oyuncu,Jenerik,Türkçe,Body,Oyuncu Bilgi,dubai basketball,,,,,,
aleksa avramović hangi takımda,EuroLeague,Basketbol,Lig,1. Seviye,Çekirdek,Erkek,Kulüp,Takım Sporu,Avrupa,Yabancı,Yok,TV+ Var,Yıllık,Sürekli Lig,Oyuncu Bilgi,Bilgi,Oyuncu,Jenerik,Türkçe,Body,Oyuncu Bilgi,dubai basketball,,,,,,
aleksa avramović istatistik,EuroLeague,Basketbol,Lig,1. Seviye,Çekirdek,Erkek,Kulüp,Takım Sporu,Avrupa,Yabancı,Yok,TV+ Var,Yıllık,Sürekli Lig,İstatistik,Bilgi,Oyuncu,Jenerik,Türkçe,Body,İstatistik,dubai basketball,,,,,,
chris cenac jr.,NBA,Basketbol,Lig,1. Seviye,Çekirdek,Erkek,Kulüp,Takım Sporu,ABD,Yabancı,Yok,TV+ Var,Yıllık,Sürekli Lig,Oyuncu Jenerik,Bilgi,Oyuncu,Jenerik,İngilizce,Body,Oyuncu Jenerik,boston celtics,,,,,,
chris cenac jr. kimdir,NBA,Basketbol,Lig,1. Seviye,Çekirdek,Erkek,Kulüp,Takım Sporu,ABD,Yabancı,Yok,TV+ Var,Yıllık,Sürekli Lig,Oyuncu Bilgi,Bilgi,Oyuncu,Jenerik,İngilizce,Body,Oyuncu Bilgi,boston celtics,,,,,,
chris cenac jr. hangi takımda,NBA,Basketbol,Lig,1. Seviye,Çekirdek,Erkek,Kulüp,Takım Sporu,ABD,Yabancı,Yok,TV+ Var,Yıllık,Sürekli Lig,Oyuncu Bilgi,Bilgi,Oyuncu,Jenerik,Türkçe,Long-tail,Oyuncu Bilgi,boston celtics,,,,,,
chris cenac jr. istatistik,NBA,Basketbol,Lig,1. Seviye,Çekirdek,Erkek,Kulüp,Takım Sporu,ABD,Yabancı,Yok,TV+ Var,Yıllık,Sürekli Lig,İstatistik,Bilgi,Oyuncu,Jenerik,İngilizce,Body,İstatistik,boston celtics,,,,,,
mike conley jr.,NBA,Basketbol,Lig,1. Seviye,Çekirdek,Erkek,Kulüp,Takım Sporu,ABD,Yabancı,Yok,TV+ Var,Yıllık,Sürekli Lig,Oyuncu Jenerik,Bilgi,Oyuncu,Jenerik,İngilizce,Body,Oyuncu Jenerik,boston celtics,,,,,,
mike conley jr. kimdir,NBA,Basketbol,Lig,1. Seviye,Çekirdek,Erkek,Kulüp,Takım Sporu,ABD,Yabancı,Yok,TV+ Var,Yıllık,Sürekli Lig,Oyuncu Bilgi,Bilgi,Oyuncu,Jenerik,İngilizce,Body,Oyuncu Bilgi,boston celtics,,,,,,
mike conley jr. hangi takımda,NBA,Basketbol,Lig,1. Seviye,Çekirdek,Erkek,Kulüp,Takım Sporu,ABD,Yabancı,Yok,TV+ Var,Yıllık,Sürekli Lig,Oyuncu Bilgi,Bilgi,Oyuncu,Jenerik,Türkçe,Long-tail,Oyuncu Bilgi,boston celtics,,,,,,
mike conley jr. istatistik,NBA,Basketbol,Lig,1. Seviye,Çekirdek,Erkek,Kulüp,Takım Sporu,ABD,Yabancı,Yok,TV+ Var,Yıllık,Sürekli Lig,İstatistik,Bilgi,Oyuncu,Jenerik,İngilizce,Body,İstatistik,boston celtics,,,,,,
tucker devries,NBA,Basketbol,Lig,1. Seviye,Çekirdek,Erkek,Kulüp,Takım Sporu,ABD,Yabancı,Yok,TV+ Var,Yıllık,Sürekli Lig,Oyuncu Jenerik,Bilgi,Oyuncu,Jenerik,İngilizce,Head,Oyuncu Jenerik,boston celtics,,,,,,
tucker devries kimdir,NBA,Basketbol,Lig,1. Seviye,Çekirdek,Erkek,Kulüp,Takım Sporu,ABD,Yabancı,Yok,TV+ Var,Yıllık,Sürekli Lig,Oyuncu Bilgi,Bilgi,Oyuncu,Jenerik,İngilizce,Body,Oyuncu Bilgi,boston celtics,,,,,,
tucker devries hangi takımda,NBA,Basketbol,Lig,1. Seviye,Çekirdek,Erkek,Kulüp,Takım Sporu,ABD,Yabancı,Yok,TV+ Var,Yıllık,Sürekli Lig,Oyuncu Bilgi,Bilgi,Oyuncu,Jenerik,Türkçe,Body,Oyuncu Bilgi,boston celtics,,,,,,
tucker devries istatistik,NBA,Basketbol,Lig,1. Seviye,Çekirdek,Erkek,Kulüp,Takım Sporu,ABD,Yabancı,Yok,TV+ Var,Yıllık,Sürekli Lig,İstatistik,Bilgi,Oyuncu,Jenerik,İngilizce,Body,İstatistik,boston celtics,,,,,,
hugo gonzález,NBA,Basketbol,Lig,1. Seviye,Çekirdek,Erkek,Kulüp,Takım Sporu,ABD,Yabancı,Yok,TV+ Var,Yıllık,Sürekli Lig,Oyuncu Jenerik,Bilgi,Oyuncu,Jenerik,Türkçe,Head,Oyuncu Jenerik,boston celtics,,,,,,
hugo gonzález kimdir,NBA,Basketbol,Lig,1. Seviye,Çekirdek,Erkek,Kulüp,Takım Sporu,ABD,Yabancı,Yok,TV+ Var,Yıllık,Sürekli Lig,Oyuncu Bilgi,Bilgi,Oyuncu,Jenerik,Türkçe,Body,Oyuncu Bilgi,boston celtics,,,,,,
hugo gonzález hangi takımda,NBA,Basketbol,Lig,1. Seviye,Çekirdek,Erkek,Kulüp,Takım Sporu,ABD,Yabancı,Yok,TV+ Var,Yıllık,Sürekli Lig,Oyuncu Bilgi,Bilgi,Oyuncu,Jenerik,Türkçe,Body,Oyuncu Bilgi,boston celtics,,,,,,
hugo gonzález istatistik,NBA,Basketbol,Lig,1. Seviye,Çekirdek,Erkek,Kulüp,Takım Sporu,ABD,Yabancı,Yok,TV+ Var,Yıllık,Sürekli Lig,İstatistik,Bilgi,Oyuncu,Jenerik,Türkçe,Body,İstatistik,boston celtics,,,,,,
dillon mitchell,NBA,Basketbol,Lig,1. Seviye,Çekirdek,Erkek,Kulüp,Takım Sporu,ABD,Yabancı,Yok,TV+ Var,Yıllık,Sürekli Lig,Oyuncu Jenerik,Bilgi,Oyuncu,Jenerik,İngilizce,Head,Oyuncu Jenerik,boston celtics,,,,,,
dillon mitchell kimdir,NBA,Basketbol,Lig,1. Seviye,Çekirdek,Erkek,Kulüp,Takım Sporu,ABD,Yabancı,Yok,TV+ Var,Yıllık,Sürekli Lig,Oyuncu Bilgi,Bilgi,Oyuncu,Jenerik,İngilizce,Body,Oyuncu Bilgi,boston celtics,,,,,,
dillon mitchell hangi takımda,NBA,Basketbol,Lig,1. Seviye,Çekirdek,Erkek,Kulüp,Takım Sporu,ABD,Yabancı,Yok,TV+ Var,Yıllık,Sürekli Lig,Oyuncu Bilgi,Bilgi,Oyuncu,Jenerik,Türkçe,Body,Oyuncu Bilgi,boston celtics,,,,,,
dillon mitchell istatistik,NBA,Basketbol,Lig,1. Seviye,Çekirdek,Erkek,Kulüp,Takım Sporu,ABD,Yabancı,Yok,TV+ Var,Yıllık,Sürekli Lig,İstatistik,Bilgi,Oyuncu,Jenerik,İngilizce,Body,İstatistik,boston celtics,,,,,,
mitchell robinson,NBA,Basketbol,Lig,1. Seviye,Çekirdek,Erkek,Kulüp,Takım Sporu,ABD,Yabancı,Yok,TV+ Var,Yıllık,Sürekli Lig,Oyuncu Jenerik,Bilgi,Oyuncu,Jenerik,İngilizce,Head,Oyuncu Jenerik,boston celtics,,,,,,
mitchell robinson kimdir,NBA,Basketbol,Lig,1. Seviye,Çekirdek,Erkek,Kulüp,Takım Sporu,ABD,Yabancı,Yok,TV+ Var,Yıllık,Sürekli Lig,Oyuncu Bilgi,Bilgi,Oyuncu,Jenerik,İngilizce,Body,Oyuncu Bilgi,boston celtics,,,,,,
mitchell robinson hangi takımda,NBA,Basketbol,Lig,1. Seviye,Çekirdek,Erkek,Kulüp,Takım Sporu,ABD,Yabancı,Yok,TV+ Var,Yıllık,Sürekli Lig,Oyuncu Bilgi,Bilgi,Oyuncu,Jenerik,Türkçe,Body,Oyuncu Bilgi,boston celtics,,,,,,
mitchell robinson istatistik,NBA,Basketbol,Lig,1. Seviye,Çekirdek,Erkek,Kulüp,Takım Sporu,ABD,Yabancı,Yok,TV+ Var,Yıllık,Sürekli Lig,İstatistik,Bilgi,Oyuncu,Jenerik,İngilizce,Body,İstatistik,boston celtics,,,,,,
chalmette high school,NBA,Basketbol,Lig,1. Seviye,Çekirdek,Erkek,Kulüp,Takım Sporu,ABD,Yabancı,Yok,TV+ Var,Yıllık,Sürekli Lig,Oyuncu Jenerik,Bilgi,Oyuncu,Jenerik,İngilizce,Body,Oyuncu Jenerik,boston celtics,,,,,,
chalmette high school kimdir,NBA,Basketbol,Lig,1. Seviye,Çekirdek,Erkek,Kulüp,Takım Sporu,ABD,Yabancı,Yok,TV+ Var,Yıllık,Sürekli Lig,Oyuncu Bilgi,Bilgi,Oyuncu,Jenerik,İngilizce,Body,Oyuncu Bilgi,boston celtics,,,,,,
chalmette high school hangi takımda,NBA,Basketbol,Lig,1. Seviye,Çekirdek,Erkek,Kulüp,Takım Sporu,ABD,Yabancı,Yok,TV+ Var,Yıllık,Sürekli Lig,Oyuncu Bilgi,Bilgi,Oyuncu,Jenerik,Türkçe,Long-tail,Oyuncu Bilgi,boston celtics,,,,,,
chalmette high school istatistik,NBA,Basketbol,Lig,1. Seviye,Çekirdek,Erkek,Kulüp,Takım Sporu,ABD,Yabancı,Yok,TV+ Var,Yıllık,Sürekli Lig,İstatistik,Bilgi,Oyuncu,Jenerik,İngilizce,Body,İstatistik,boston celtics,,,,,,
milos uzan,NBA,Basketbol,Lig,1. Seviye,Çekirdek,Erkek,Kulüp,Takım Sporu,ABD,Yabancı,Yok,TV+ Var,Yıllık,Sürekli Lig,Oyuncu Jenerik,Bilgi,Oyuncu,Jenerik,İngilizce,Head,Oyuncu Jenerik,boston celtics,,,,,,
milos uzan kimdir,NBA,Basketbol,Lig,1. Seviye,Çekirdek,Erkek,Kulüp,Takım Sporu,ABD,Yabancı,Yok,TV+ Var,Yıllık,Sürekli Lig,Oyuncu Bilgi,Bilgi,Oyuncu,Jenerik,İngilizce,Body,Oyuncu Bilgi,boston celtics,,,,,,
milos uzan hangi takımda,NBA,Basketbol,Lig,1. Seviye,Çekirdek,Erkek,Kulüp,Takım Sporu,ABD,Yabancı,Yok,TV+ Var,Yıllık,Sürekli Lig,Oyuncu Bilgi,Bilgi,Oyuncu,Jenerik,Türkçe,Body,Oyuncu Bilgi,boston celtics,,,,,,
milos uzan istatistik,NBA,Basketbol,Lig,1. Seviye,Çekirdek,Erkek,Kulüp,Takım Sporu,ABD,Yabancı,Yok,TV+ Var,Yıllık,Sürekli Lig,İstatistik,Bilgi,Oyuncu,Jenerik,İngilizce,Body,İstatistik,boston celtics,,,,,,
kasparas jakučionis,NBA,Basketbol,Lig,1. Seviye,Çekirdek,Erkek,Kulüp,Takım Sporu,ABD,Yabancı,Yok,TV+ Var,Yıllık,Sürekli Lig,Oyuncu Jenerik,Bilgi,Oyuncu,Jenerik,Türkçe,Head,Oyuncu Jenerik,miami heat,,,,,,
kasparas jakučionis kimdir,NBA,Basketbol,Lig,1. Seviye,Çekirdek,Erkek,Kulüp,Takım Sporu,ABD,Yabancı,Yok,TV+ Var,Yıllık,Sürekli Lig,Oyuncu Bilgi,Bilgi,Oyuncu,Jenerik,Türkçe,Body,Oyuncu Bilgi,miami heat,,,,,,
kasparas jakučionis hangi takımda,NBA,Basketbol,Lig,1. Seviye,Çekirdek,Erkek,Kulüp,Takım Sporu,ABD,Yabancı,Yok,TV+ Var,Yıllık,Sürekli Lig,Oyuncu Bilgi,Bilgi,Oyuncu,Jenerik,Türkçe,Body,Oyuncu Bilgi,miami heat,,,,,,
kasparas jakučionis istatistik,NBA,Basketbol,Lig,1. Seviye,Çekirdek,Erkek,Kulüp,Takım Sporu,ABD,Yabancı,Yok,TV+ Var,Yıllık,Sürekli Lig,İstatistik,Bilgi,Oyuncu,Jenerik,Türkçe,Body,İstatistik,miami heat,,,,,,
vlatko čančar,NBA,Basketbol,Lig,1. Seviye,Çekirdek,Erkek,Kulüp,Takım Sporu,ABD,Yabancı,Yok,TV+ Var,Yıllık,Sürekli Lig,Oyuncu Jenerik,Bilgi,Oyuncu,Jenerik,Türkçe,Head,Oyuncu Jenerik,denver nuggets,,,,,,
vlatko čančar kimdir,NBA,Basketbol,Lig,1. Seviye,Çekirdek,Erkek,Kulüp,Takım Sporu,ABD,Yabancı,Yok,TV+ Var,Yıllık,Sürekli Lig,Oyuncu Bilgi,Bilgi,Oyuncu,Jenerik,Türkçe,Body,Oyuncu Bilgi,denver nuggets,,,,,,
vlatko čančar hangi takımda,NBA,Basketbol,Lig,1. Seviye,Çekirdek,Erkek,Kulüp,Takım Sporu,ABD,Yabancı,Yok,TV+ Var,Yıllık,Sürekli Lig,Oyuncu Bilgi,Bilgi,Oyuncu,Jenerik,Türkçe,Body,Oyuncu Bilgi,denver nuggets,,,,,,
vlatko čančar istatistik,NBA,Basketbol,Lig,1. Seviye,Çekirdek,Erkek,Kulüp,Takım Sporu,ABD,Yabancı,Yok,TV+ Var,Yıllık,Sürekli Lig,İstatistik,Bilgi,Oyuncu,Jenerik,Türkçe,Body,İstatistik,denver nuggets,,,,,,
álex abrines,NBA,Basketbol,Lig,1. Seviye,Çekirdek,Erkek,Kulüp,Takım Sporu,ABD,Yabancı,Yok,TV+ Var,Yıllık,Sürekli Lig,Oyuncu Jenerik,Bilgi,Oyuncu,Jenerik,Türkçe,Head,Oyuncu Jenerik,oklahoma city thunder,,,,,,
álex abrines kimdir,NBA,Basketbol,Lig,1. Seviye,Çekirdek,Erkek,Kulüp,Takım Sporu,ABD,Yabancı,Yok,TV+ Var,Yıllık,Sürekli Lig,Oyuncu Bilgi,Bilgi,Oyuncu,Jenerik,Türkçe,Body,Oyuncu Bilgi,oklahoma city thunder,,,,,,
álex abrines hangi takımda,NBA,Basketbol,Lig,1. Seviye,Çekirdek,Erkek,Kulüp,Takım Sporu,ABD,Yabancı,Yok,TV+ Var,Yıllık,Sürekli Lig,Oyuncu Bilgi,Bilgi,Oyuncu,Jenerik,Türkçe,Body,Oyuncu Bilgi,oklahoma city thunder,,,,,,
álex abrines istatistik,NBA,Basketbol,Lig,1. Seviye,Çekirdek,Erkek,Kulüp,Takım Sporu,ABD,Yabancı,Yok,TV+ Var,Yıllık,Sürekli Lig,İstatistik,Bilgi,Oyuncu,Jenerik,Türkçe,Body,İstatistik,oklahoma city thunder,,,,,,
norris cole,NBA,Basketbol,Lig,1. Seviye,Çekirdek,Erkek,Kulüp,Takım Sporu,ABD,Yabancı,Yok,TV+ Var,Yıllık,Sürekli Lig,Oyuncu Jenerik,Bilgi,Oyuncu,Jenerik,İngilizce,Head,Oyuncu Jenerik,oklahoma city thunder,,,,,,
norris cole kimdir,NBA,Basketbol,Lig,1. Seviye,Çekirdek,Erkek,Kulüp,Takım Sporu,ABD,Yabancı,Yok,TV+ Var,Yıllık,Sürekli Lig,Oyuncu Bilgi,Bilgi,Oyuncu,Jenerik,İngilizce,Body,Oyuncu Bilgi,oklahoma city thunder,,,,,,
norris cole hangi takımda,NBA,Basketbol,Lig,1. Seviye,Çekirdek,Erkek,Kulüp,Takım Sporu,ABD,Yabancı,Yok,TV+ Var,Yıllık,Sürekli Lig,Oyuncu Bilgi,Bilgi,Oyuncu,Jenerik,Türkçe,Body,Oyuncu Bilgi,oklahoma city thunder,,,,,,
norris cole istatistik,NBA,Basketbol,Lig,1. Seviye,Çekirdek,Erkek,Kulüp,Takım Sporu,ABD,Yabancı,Yok,TV+ Var,Yıllık,Sürekli Lig,İstatistik,Bilgi,Oyuncu,Jenerik,İngilizce,Body,İstatistik,oklahoma city thunder,,,,,,
josh huestis,NBA,Basketbol,Lig,1. Seviye,Çekirdek,Erkek,Kulüp,Takım Sporu,ABD,Yabancı,Yok,TV+ Var,Yıllık,Sürekli Lig,Oyuncu Jenerik,Bilgi,Oyuncu,Jenerik,İngilizce,Head,Oyuncu Jenerik,oklahoma city thunder,,,,,,
josh huestis kimdir,NBA,Basketbol,Lig,1. Seviye,Çekirdek,Erkek,Kulüp,Takım Sporu,ABD,Yabancı,Yok,TV+ Var,Yıllık,Sürekli Lig,Oyuncu Bilgi,Bilgi,Oyuncu,Jenerik,İngilizce,Body,Oyuncu Bilgi,oklahoma city thunder,,,,,,
josh huestis hangi takımda,NBA,Basketbol,Lig,1. Seviye,Çekirdek,Erkek,Kulüp,Takım Sporu,ABD,Yabancı,Yok,TV+ Var,Yıllık,Sürekli Lig,Oyuncu Bilgi,Bilgi,Oyuncu,Jenerik,Türkçe,Body,Oyuncu Bilgi,oklahoma city thunder,,,,,,
josh huestis istatistik,NBA,Basketbol,Lig,1. Seviye,Çekirdek,Erkek,Kulüp,Takım Sporu,ABD,Yabancı,Yok,TV+ Var,Yıllık,Sürekli Lig,İstatistik,Bilgi,Oyuncu,Jenerik,İngilizce,Body,İstatistik,oklahoma city thunder,,,,,,
enes kanter,NBA,Basketbol,Lig,1. Seviye,Çekirdek,Erkek,Kulüp,Takım Sporu,ABD,Yabancı,Yok,TV+ Var,Yıllık,Sürekli Lig,Oyuncu Jenerik,Bilgi,Oyuncu,Jenerik,İngilizce,Head,Oyuncu Jenerik,oklahoma city thunder,,,,,,
enes kanter kimdir,NBA,Basketbol,Lig,1. Seviye,Çekirdek,Erkek,Kulüp,Takım Sporu,ABD,Yabancı,Yok,TV+ Var,Yıllık,Sürekli Lig,Oyuncu Bilgi,Bilgi,Oyuncu,Jenerik,İngilizce,Body,Oyuncu Bilgi,oklahoma city thunder,,,,,,
enes kanter hangi takımda,NBA,Basketbol,Lig,1. Seviye,Çekirdek,Erkek,Kulüp,Takım Sporu,ABD,Yabancı,Yok,TV+ Var,Yıllık,Sürekli Lig,Oyuncu Bilgi,Bilgi,Oyuncu,Jenerik,Türkçe,Body,Oyuncu Bilgi,oklahoma city thunder,,,,,,
enes kanter istatistik,NBA,Basketbol,Lig,1. Seviye,Çekirdek,Erkek,Kulüp,Takım Sporu,ABD,Yabancı,Yok,TV+ Var,Yıllık,Sürekli Lig,İstatistik,Bilgi,Oyuncu,Jenerik,İngilizce,Body,İstatistik,oklahoma city thunder,,,,,,
andré roberson,NBA,Basketbol,Lig,1. Seviye,Çekirdek,Erkek,Kulüp,Takım Sporu,ABD,Yabancı,Yok,TV+ Var,Yıllık,Sürekli Lig,Oyuncu Jenerik,Bilgi,Oyuncu,Jenerik,Türkçe,Head,Oyuncu Jenerik,oklahoma city thunder,,,,,,
andré roberson kimdir,NBA,Basketbol,Lig,1. Seviye,Çekirdek,Erkek,Kulüp,Takım Sporu,ABD,Yabancı,Yok,TV+ Var,Yıllık,Sürekli Lig,Oyuncu Bilgi,Bilgi,Oyuncu,Jenerik,Türkçe,Body,Oyuncu Bilgi,oklahoma city thunder,,,,,,
andré roberson hangi takımda,NBA,Basketbol,Lig,1. Seviye,Çekirdek,Erkek,Kulüp,Takım Sporu,ABD,Yabancı,Yok,TV+ Var,Yıllık,Sürekli Lig,Oyuncu Bilgi,Bilgi,Oyuncu,Jenerik,Türkçe,Body,Oyuncu Bilgi,oklahoma city thunder,,,,,,
andré roberson istatistik,NBA,Basketbol,Lig,1. Seviye,Çekirdek,Erkek,Kulüp,Takım Sporu,ABD,Yabancı,Yok,TV+ Var,Yıllık,Sürekli Lig,İstatistik,Bilgi,Oyuncu,Jenerik,Türkçe,Body,İstatistik,oklahoma city thunder,,,,,,
georgia institute of technology,NBA,Basketbol,Lig,1. Seviye,Çekirdek,Erkek,Kulüp,Takım Sporu,ABD,Yabancı,Yok,TV+ Var,Yıllık,Sürekli Lig,Oyuncu Jenerik,Bilgi,Oyuncu,Jenerik,İngilizce,Body,Oyuncu Jenerik,new york knicks,,,,,,
georgia institute of technology kimdir,NBA,Basketbol,Lig,1. Seviye,Çekirdek,Erkek,Kulüp,Takım Sporu,ABD,Yabancı,Yok,TV+ Var,Yıllık,Sürekli Lig,Oyuncu Bilgi,Bilgi,Oyuncu,Jenerik,İngilizce,Long-tail,Oyuncu Bilgi,new york knicks,,,,,,
georgia institute of technology hangi takımda,NBA,Basketbol,Lig,1. Seviye,Çekirdek,Erkek,Kulüp,Takım Sporu,ABD,Yabancı,Yok,TV+ Var,Yıllık,Sürekli Lig,Oyuncu Bilgi,Bilgi,Oyuncu,Jenerik,Türkçe,Long-tail,Oyuncu Bilgi,new york knicks,,,,,,
georgia institute of technology istatistik,NBA,Basketbol,Lig,1. Seviye,Çekirdek,Erkek,Kulüp,Takım Sporu,ABD,Yabancı,Yok,TV+ Var,Yıllık,Sürekli Lig,İstatistik,Bilgi,Oyuncu,Jenerik,İngilizce,Long-tail,İstatistik,new york knicks,,,,,,
pacôme dadiet,NBA,Basketbol,Lig,1. Seviye,Çekirdek,Erkek,Kulüp,Takım Sporu,ABD,Yabancı,Yok,TV+ Var,Yıllık,Sürekli Lig,Oyuncu Jenerik,Bilgi,Oyuncu,Jenerik,Türkçe,Head,Oyuncu Jenerik,new york knicks,,,,,,
pacôme dadiet kimdir,NBA,Basketbol,Lig,1. Seviye,Çekirdek,Erkek,Kulüp,Takım Sporu,ABD,Yabancı,Yok,TV+ Var,Yıllık,Sürekli Lig,Oyuncu Bilgi,Bilgi,Oyuncu,Jenerik,Türkçe,Body,Oyuncu Bilgi,new york knicks,,,,,,
pacôme dadiet hangi takımda,NBA,Basketbol,Lig,1. Seviye,Çekirdek,Erkek,Kulüp,Takım Sporu,ABD,Yabancı,Yok,TV+ Var,Yıllık,Sürekli Lig,Oyuncu Bilgi,Bilgi,Oyuncu,Jenerik,Türkçe,Body,Oyuncu Bilgi,new york knicks,,,,,,
pacôme dadiet istatistik,NBA,Basketbol,Lig,1. Seviye,Çekirdek,Erkek,Kulüp,Takım Sporu,ABD,Yabancı,Yok,TV+ Var,Yıllık,Sürekli Lig,İstatistik,Bilgi,Oyuncu,Jenerik,Türkçe,Body,İstatistik,new york knicks,,,,,,
moussa cissé,NBA,Basketbol,Lig,1. Seviye,Çekirdek,Erkek,Kulüp,Takım Sporu,ABD,Yabancı,Yok,TV+ Var,Yıllık,Sürekli Lig,Oyuncu Jenerik,Bilgi,Oyuncu,Jenerik,Türkçe,Head,Oyuncu Jenerik,dallas mavericks,,,,,,
moussa cissé kimdir,NBA,Basketbol,Lig,1. Seviye,Çekirdek,Erkek,Kulüp,Takım Sporu,ABD,Yabancı,Yok,TV+ Var,Yıllık,Sürekli Lig,Oyuncu Bilgi,Bilgi,Oyuncu,Jenerik,Türkçe,Body,Oyuncu Bilgi,dallas mavericks,,,,,,
moussa cissé hangi takımda,NBA,Basketbol,Lig,1. Seviye,Çekirdek,Erkek,Kulüp,Takım Sporu,ABD,Yabancı,Yok,TV+ Var,Yıllık,Sürekli Lig,Oyuncu Bilgi,Bilgi,Oyuncu,Jenerik,Türkçe,Body,Oyuncu Bilgi,dallas mavericks,,,,,,
moussa cissé istatistik,NBA,Basketbol,Lig,1. Seviye,Çekirdek,Erkek,Kulüp,Takım Sporu,ABD,Yabancı,Yok,TV+ Var,Yıllık,Sürekli Lig,İstatistik,Bilgi,Oyuncu,Jenerik,Türkçe,Body,İstatistik,dallas mavericks,,,,,,
tyler smith,NBA,Basketbol,Lig,1. Seviye,Çekirdek,Erkek,Kulüp,Takım Sporu,ABD,Yabancı,Yok,TV+ Var,Yıllık,Sürekli Lig,Oyuncu Jenerik,Bilgi,Oyuncu,Jenerik,İngilizce,Head,Oyuncu Jenerik,dallas mavericks,,,,,,
tyler smith kimdir,NBA,Basketbol,Lig,1. Seviye,Çekirdek,Erkek,Kulüp,Takım Sporu,ABD,Yabancı,Yok,TV+ Var,Yıllık,Sürekli Lig,Oyuncu Bilgi,Bilgi,Oyuncu,Jenerik,İngilizce,Body,Oyuncu Bilgi,dallas mavericks,,,,,,
tyler smith hangi takımda,NBA,Basketbol,Lig,1. Seviye,Çekirdek,Erkek,Kulüp,Takım Sporu,ABD,Yabancı,Yok,TV+ Var,Yıllık,Sürekli Lig,Oyuncu Bilgi,Bilgi,Oyuncu,Jenerik,Türkçe,Body,Oyuncu Bilgi,dallas mavericks,,,,,,
tyler smith istatistik,NBA,Basketbol,Lig,1. Seviye,Çekirdek,Erkek,Kulüp,Takım Sporu,ABD,Yabancı,Yok,TV+ Var,Yıllık,Sürekli Lig,İstatistik,Bilgi,Oyuncu,Jenerik,İngilizce,Body,İstatistik,dallas mavericks,,,,,,
brandon williams,NBA,Basketbol,Lig,1. Seviye,Çekirdek,Erkek,Kulüp,Takım Sporu,ABD,Yabancı,Yok,TV+ Var,Yıllık,Sürekli Lig,Oyuncu Jenerik,Bilgi,Oyuncu,Jenerik,İngilizce,Head,Oyuncu Jenerik,dallas mavericks,,,,,,
brandon williams kimdir,NBA,Basketbol,Lig,1. Seviye,Çekirdek,Erkek,Kulüp,Takım Sporu,ABD,Yabancı,Yok,TV+ Var,Yıllık,Sürekli Lig,Oyuncu Bilgi,Bilgi,Oyuncu,Jenerik,İngilizce,Body,Oyuncu Bilgi,dallas mavericks,,,,,,
brandon williams hangi takımda,NBA,Basketbol,Lig,1. Seviye,Çekirdek,Erkek,Kulüp,Takım Sporu,ABD,Yabancı,Yok,TV+ Var,Yıllık,Sürekli Lig,Oyuncu Bilgi,Bilgi,Oyuncu,Jenerik,Türkçe,Body,Oyuncu Bilgi,dallas mavericks,,,,,,
brandon williams istatistik,NBA,Basketbol,Lig,1. Seviye,Çekirdek,Erkek,Kulüp,Takım Sporu,ABD,Yabancı,Yok,TV+ Var,Yıllık,Sürekli Lig,İstatistik,Bilgi,Oyuncu,Jenerik,İngilizce,Body,İstatistik,dallas mavericks,,,,,,
egor dëmin,NBA,Basketbol,Lig,1. Seviye,Çekirdek,Erkek,Kulüp,Takım Sporu,ABD,Yabancı,Yok,TV+ Var,Yıllık,Sürekli Lig,Oyuncu Jenerik,Bilgi,Oyuncu,Jenerik,Türkçe,Head,Oyuncu Jenerik,brooklyn nets,,,,,,
egor dëmin kimdir,NBA,Basketbol,Lig,1. Seviye,Çekirdek,Erkek,Kulüp,Takım Sporu,ABD,Yabancı,Yok,TV+ Var,Yıllık,Sürekli Lig,Oyuncu Bilgi,Bilgi,Oyuncu,Jenerik,Türkçe,Body,Oyuncu Bilgi,brooklyn nets,,,,,,
egor dëmin hangi takımda,NBA,Basketbol,Lig,1. Seviye,Çekirdek,Erkek,Kulüp,Takım Sporu,ABD,Yabancı,Yok,TV+ Var,Yıllık,Sürekli Lig,Oyuncu Bilgi,Bilgi,Oyuncu,Jenerik,Türkçe,Body,Oyuncu Bilgi,brooklyn nets,,,,,,
egor dëmin istatistik,NBA,Basketbol,Lig,1. Seviye,Çekirdek,Erkek,Kulüp,Takım Sporu,ABD,Yabancı,Yok,TV+ Var,Yıllık,Sürekli Lig,İstatistik,Bilgi,Oyuncu,Jenerik,Türkçe,Body,İstatistik,brooklyn nets,,,,,,
nolan traoré,NBA,Basketbol,Lig,1. Seviye,Çekirdek,Erkek,Kulüp,Takım Sporu,ABD,Yabancı,Yok,TV+ Var,Yıllık,Sürekli Lig,Oyuncu Jenerik,Bilgi,Oyuncu,Jenerik,Türkçe,Head,Oyuncu Jenerik,brooklyn nets,,,,,,
nolan traoré kimdir,NBA,Basketbol,Lig,1. Seviye,Çekirdek,Erkek,Kulüp,Takım Sporu,ABD,Yabancı,Yok,TV+ Var,Yıllık,Sürekli Lig,Oyuncu Bilgi,Bilgi,Oyuncu,Jenerik,Türkçe,Body,Oyuncu Bilgi,brooklyn nets,,,,,,
nolan traoré hangi takımda,NBA,Basketbol,Lig,1. Seviye,Çekirdek,Erkek,Kulüp,Takım Sporu,ABD,Yabancı,Yok,TV+ Var,Yıllık,Sürekli Lig,Oyuncu Bilgi,Bilgi,Oyuncu,Jenerik,Türkçe,Body,Oyuncu Bilgi,brooklyn nets,,,,,,
nolan traoré istatistik,NBA,Basketbol,Lig,1. Seviye,Çekirdek,Erkek,Kulüp,Takım Sporu,ABD,Yabancı,Yok,TV+ Var,Yıllık,Sürekli Lig,İstatistik,Bilgi,Oyuncu,Jenerik,Türkçe,Body,İstatistik,brooklyn nets,,,,,,
juancho hernangómez,NBA,Basketbol,Lig,1. Seviye,Çekirdek,Erkek,Kulüp,Takım Sporu,ABD,Yabancı,Yok,TV+ Var,Yıllık,Sürekli Lig,Oyuncu Jenerik,Bilgi,Oyuncu,Jenerik,Türkçe,Head,Oyuncu Jenerik,toronto raptors,,,,,,
juancho hernangómez kimdir,NBA,Basketbol,Lig,1. Seviye,Çekirdek,Erkek,Kulüp,Takım Sporu,ABD,Yabancı,Yok,TV+ Var,Yıllık,Sürekli Lig,Oyuncu Bilgi,Bilgi,Oyuncu,Jenerik,Türkçe,Body,Oyuncu Bilgi,toronto raptors,,,,,,
juancho hernangómez hangi takımda,NBA,Basketbol,Lig,1. Seviye,Çekirdek,Erkek,Kulüp,Takım Sporu,ABD,Yabancı,Yok,TV+ Var,Yıllık,Sürekli Lig,Oyuncu Bilgi,Bilgi,Oyuncu,Jenerik,Türkçe,Body,Oyuncu Bilgi,toronto raptors,,,,,,
juancho hernangómez istatistik,NBA,Basketbol,Lig,1. Seviye,Çekirdek,Erkek,Kulüp,Takım Sporu,ABD,Yabancı,Yok,TV+ Var,Yıllık,Sürekli Lig,İstatistik,Bilgi,Oyuncu,Jenerik,Türkçe,Body,İstatistik,toronto raptors,,,,,,
karim lópez,NBA,Basketbol,Lig,1. Seviye,Çekirdek,Erkek,Kulüp,Takım Sporu,ABD,Yabancı,Yok,TV+ Var,Yıllık,Sürekli Lig,Oyuncu Jenerik,Bilgi,Oyuncu,Jenerik,Türkçe,Head,Oyuncu Jenerik,memphis grizzlies,,,,,,
karim lópez kimdir,NBA,Basketbol,Lig,1. Seviye,Çekirdek,Erkek,Kulüp,Takım Sporu,ABD,Yabancı,Yok,TV+ Var,Yıllık,Sürekli Lig,Oyuncu Bilgi,Bilgi,Oyuncu,Jenerik,Türkçe,Body,Oyuncu Bilgi,memphis grizzlies,,,,,,
karim lópez hangi takımda,NBA,Basketbol,Lig,1. Seviye,Çekirdek,Erkek,Kulüp,Takım Sporu,ABD,Yabancı,Yok,TV+ Var,Yıllık,Sürekli Lig,Oyuncu Bilgi,Bilgi,Oyuncu,Jenerik,Türkçe,Body,Oyuncu Bilgi,memphis grizzlies,,,,,,
karim lópez istatistik,NBA,Basketbol,Lig,1. Seviye,Çekirdek,Erkek,Kulüp,Takım Sporu,ABD,Yabancı,Yok,TV+ Var,Yıllık,Sürekli Lig,İstatistik,Bilgi,Oyuncu,Jenerik,Türkçe,Body,İstatistik,memphis grizzlies,,,,,,
nikola vučević,NBA,Basketbol,Lig,1. Seviye,Çekirdek,Erkek,Kulüp,Takım Sporu,ABD,Yabancı,Yok,TV+ Var,Yıllık,Sürekli Lig,Oyuncu Jenerik,Bilgi,Oyuncu,Jenerik,Türkçe,Head,Oyuncu Jenerik,orlando magic,,,,,,
nikola vučević kimdir,NBA,Basketbol,Lig,1. Seviye,Çekirdek,Erkek,Kulüp,Takım Sporu,ABD,Yabancı,Yok,TV+ Var,Yıllık,Sürekli Lig,Oyuncu Bilgi,Bilgi,Oyuncu,Jenerik,Türkçe,Body,Oyuncu Bilgi,orlando magic,,,,,,
nikola vučević hangi takımda,NBA,Basketbol,Lig,1. Seviye,Çekirdek,Erkek,Kulüp,Takım Sporu,ABD,Yabancı,Yok,TV+ Var,Yıllık,Sürekli Lig,Oyuncu Bilgi,Bilgi,Oyuncu,Jenerik,Türkçe,Body,Oyuncu Bilgi,orlando magic,,,,,,
nikola vučević istatistik,NBA,Basketbol,Lig,1. Seviye,Çekirdek,Erkek,Kulüp,Takım Sporu,ABD,Yabancı,Yok,TV+ Var,Yıllık,Sürekli Lig,İstatistik,Bilgi,Oyuncu,Jenerik,Türkçe,Body,İstatistik,orlando magic,,,,,,
duncanville high school,NBA,Basketbol,Lig,1. Seviye,Çekirdek,Erkek,Kulüp,Takım Sporu,ABD,Yabancı,Yok,TV+ Var,Yıllık,Sürekli Lig,Oyuncu Jenerik,Bilgi,Oyuncu,Jenerik,İngilizce,Body,Oyuncu Jenerik,detroit pistons,,,,,,
duncanville high school kimdir,NBA,Basketbol,Lig,1. Seviye,Çekirdek,Erkek,Kulüp,Takım Sporu,ABD,Yabancı,Yok,TV+ Var,Yıllık,Sürekli Lig,Oyuncu Bilgi,Bilgi,Oyuncu,Jenerik,İngilizce,Body,Oyuncu Bilgi,detroit pistons,,,,,,
duncanville high school hangi takımda,NBA,Basketbol,Lig,1. Seviye,Çekirdek,Erkek,Kulüp,Takım Sporu,ABD,Yabancı,Yok,TV+ Var,Yıllık,Sürekli Lig,Oyuncu Bilgi,Bilgi,Oyuncu,Jenerik,Türkçe,Long-tail,Oyuncu Bilgi,detroit pistons,,,,,,
duncanville high school istatistik,NBA,Basketbol,Lig,1. Seviye,Çekirdek,Erkek,Kulüp,Takım Sporu,ABD,Yabancı,Yok,TV+ Var,Yıllık,Sürekli Lig,İstatistik,Bilgi,Oyuncu,Jenerik,İngilizce,Body,İstatistik,detroit pistons,,,,,,
pine crest school,NBA,Basketbol,Lig,1. Seviye,Çekirdek,Erkek,Kulüp,Takım Sporu,ABD,Yabancı,Yok,TV+ Var,Yıllık,Sürekli Lig,Oyuncu Jenerik,Bilgi,Oyuncu,Jenerik,İngilizce,Body,Oyuncu Jenerik,detroit pistons,,,,,,
pine crest school kimdir,NBA,Basketbol,Lig,1. Seviye,Çekirdek,Erkek,Kulüp,Takım Sporu,ABD,Yabancı,Yok,TV+ Var,Yıllık,Sürekli Lig,Oyuncu Bilgi,Bilgi,Oyuncu,Jenerik,İngilizce,Body,Oyuncu Bilgi,detroit pistons,,,,,,
pine crest school hangi takımda,NBA,Basketbol,Lig,1. Seviye,Çekirdek,Erkek,Kulüp,Takım Sporu,ABD,Yabancı,Yok,TV+ Var,Yıllık,Sürekli Lig,Oyuncu Bilgi,Bilgi,Oyuncu,Jenerik,Türkçe,Long-tail,Oyuncu Bilgi,detroit pistons,,,,,,
pine crest school istatistik,NBA,Basketbol,Lig,1. Seviye,Çekirdek,Erkek,Kulüp,Takım Sporu,ABD,Yabancı,Yok,TV+ Var,Yıllık,Sürekli Lig,İstatistik,Bilgi,Oyuncu,Jenerik,İngilizce,Body,İstatistik,detroit pistons,,,,,,
james jones,NBA,Basketbol,Lig,1. Seviye,Çekirdek,Erkek,Kulüp,Takım Sporu,ABD,Yabancı,Yok,TV+ Var,Yıllık,Sürekli Lig,Oyuncu Jenerik,Bilgi,Oyuncu,Jenerik,İngilizce,Head,Oyuncu Jenerik,portland trail blazers,,,,,,
james jones kimdir,NBA,Basketbol,Lig,1. Seviye,Çekirdek,Erkek,Kulüp,Takım Sporu,ABD,Yabancı,Yok,TV+ Var,Yıllık,Sürekli Lig,Oyuncu Bilgi,Bilgi,Oyuncu,Jenerik,İngilizce,Body,Oyuncu Bilgi,portland trail blazers,,,,,,
james jones hangi takımda,NBA,Basketbol,Lig,1. Seviye,Çekirdek,Erkek,Kulüp,Takım Sporu,ABD,Yabancı,Yok,TV+ Var,Yıllık,Sürekli Lig,Oyuncu Bilgi,Bilgi,Oyuncu,Jenerik,Türkçe,Body,Oyuncu Bilgi,portland trail blazers,,,,,,
james jones istatistik,NBA,Basketbol,Lig,1. Seviye,Çekirdek,Erkek,Kulüp,Takım Sporu,ABD,Yabancı,Yok,TV+ Var,Yıllık,Sürekli Lig,İstatistik,Bilgi,Oyuncu,Jenerik,İngilizce,Body,İstatistik,portland trail blazers,,,,,,
starkville high school,NBA,Basketbol,Lig,1. Seviye,Çekirdek,Erkek,Kulüp,Takım Sporu,ABD,Yabancı,Yok,TV+ Var,Yıllık,Sürekli Lig,Oyuncu Jenerik,Bilgi,Oyuncu,Jenerik,İngilizce,Body,Oyuncu Jenerik,portland trail blazers,,,,,,
starkville high school kimdir,NBA,Basketbol,Lig,1. Seviye,Çekirdek,Erkek,Kulüp,Takım Sporu,ABD,Yabancı,Yok,TV+ Var,Yıllık,Sürekli Lig,Oyuncu Bilgi,Bilgi,Oyuncu,Jenerik,İngilizce,Body,Oyuncu Bilgi,portland trail blazers,,,,,,
starkville high school hangi takımda,NBA,Basketbol,Lig,1. Seviye,Çekirdek,Erkek,Kulüp,Takım Sporu,ABD,Yabancı,Yok,TV+ Var,Yıllık,Sürekli Lig,Oyuncu Bilgi,Bilgi,Oyuncu,Jenerik,Türkçe,Long-tail,Oyuncu Bilgi,portland trail blazers,,,,,,
starkville high school istatistik,NBA,Basketbol,Lig,1. Seviye,Çekirdek,Erkek,Kulüp,Takım Sporu,ABD,Yabancı,Yok,TV+ Var,Yıllık,Sürekli Lig,İstatistik,Bilgi,Oyuncu,Jenerik,İngilizce,Body,İstatistik,portland trail blazers,,,,,,
sergio rodríguez,NBA,Basketbol,Lig,1. Seviye,Çekirdek,Erkek,Kulüp,Takım Sporu,ABD,Yabancı,Yok,TV+ Var,Yıllık,Sürekli Lig,Oyuncu Jenerik,Bilgi,Oyuncu,Jenerik,Türkçe,Head,Oyuncu Jenerik,portland trail blazers,,,,,,
sergio rodríguez kimdir,NBA,Basketbol,Lig,1. Seviye,Çekirdek,Erkek,Kulüp,Takım Sporu,ABD,Yabancı,Yok,TV+ Var,Yıllık,Sürekli Lig,Oyuncu Bilgi,Bilgi,Oyuncu,Jenerik,Türkçe,Body,Oyuncu Bilgi,portland trail blazers,,,,,,
sergio rodríguez hangi takımda,NBA,Basketbol,Lig,1. Seviye,Çekirdek,Erkek,Kulüp,Takım Sporu,ABD,Yabancı,Yok,TV+ Var,Yıllık,Sürekli Lig,Oyuncu Bilgi,Bilgi,Oyuncu,Jenerik,Türkçe,Body,Oyuncu Bilgi,portland trail blazers,,,,,,
sergio rodríguez istatistik,NBA,Basketbol,Lig,1. Seviye,Çekirdek,Erkek,Kulüp,Takım Sporu,ABD,Yabancı,Yok,TV+ Var,Yıllık,Sürekli Lig,İstatistik,Bilgi,Oyuncu,Jenerik,Türkçe,Body,İstatistik,portland trail blazers,,,,,,
seattle preparatory school,NBA,Basketbol,Lig,1. Seviye,Çekirdek,Erkek,Kulüp,Takım Sporu,ABD,Yabancı,Yok,TV+ Var,Yıllık,Sürekli Lig,Oyuncu Jenerik,Bilgi,Oyuncu,Jenerik,İngilizce,Body,Oyuncu Jenerik,portland trail blazers,,,,,,
seattle preparatory school kimdir,NBA,Basketbol,Lig,1. Seviye,Çekirdek,Erkek,Kulüp,Takım Sporu,ABD,Yabancı,Yok,TV+ Var,Yıllık,Sürekli Lig,Oyuncu Bilgi,Bilgi,Oyuncu,Jenerik,İngilizce,Body,Oyuncu Bilgi,portland trail blazers,,,,,,
seattle preparatory school hangi takımda,NBA,Basketbol,Lig,1. Seviye,Çekirdek,Erkek,Kulüp,Takım Sporu,ABD,Yabancı,Yok,TV+ Var,Yıllık,Sürekli Lig,Oyuncu Bilgi,Bilgi,Oyuncu,Jenerik,Türkçe,Long-tail,Oyuncu Bilgi,portland trail blazers,,,,,,
seattle preparatory school istatistik,NBA,Basketbol,Lig,1. Seviye,Çekirdek,Erkek,Kulüp,Takım Sporu,ABD,Yabancı,Yok,TV+ Var,Yıllık,Sürekli Lig,İstatistik,Bilgi,Oyuncu,Jenerik,İngilizce,Body,İstatistik,portland trail blazers,,,,,,
moussa diabaté,NBA,Basketbol,Lig,1. Seviye,Çekirdek,Erkek,Kulüp,Takım Sporu,ABD,Yabancı,Yok,TV+ Var,Yıllık,Sürekli Lig,Oyuncu Jenerik,Bilgi,Oyuncu,Jenerik,Türkçe,Head,Oyuncu Jenerik,charlotte hornets,,,,,,
moussa diabaté kimdir,NBA,Basketbol,Lig,1. Seviye,Çekirdek,Erkek,Kulüp,Takım Sporu,ABD,Yabancı,Yok,TV+ Var,Yıllık,Sürekli Lig,Oyuncu Bilgi,Bilgi,Oyuncu,Jenerik,Türkçe,Body,Oyuncu Bilgi,charlotte hornets,,,,,,
moussa diabaté hangi takımda,NBA,Basketbol,Lig,1. Seviye,Çekirdek,Erkek,Kulüp,Takım Sporu,ABD,Yabancı,Yok,TV+ Var,Yıllık,Sürekli Lig,Oyuncu Bilgi,Bilgi,Oyuncu,Jenerik,Türkçe,Body,Oyuncu Bilgi,charlotte hornets,,,,,,
moussa diabaté istatistik,NBA,Basketbol,Lig,1. Seviye,Çekirdek,Erkek,Kulüp,Takım Sporu,ABD,Yabancı,Yok,TV+ Var,Yıllık,Sürekli Lig,İstatistik,Bilgi,Oyuncu,Jenerik,Türkçe,Body,İstatistik,charlotte hornets,,,,,,
glynn academy,NBA,Basketbol,Lig,1. Seviye,Çekirdek,Erkek,Kulüp,Takım Sporu,ABD,Yabancı,Yok,TV+ Var,Yıllık,Sürekli Lig,Oyuncu Jenerik,Bilgi,Oyuncu,Jenerik,İngilizce,Head,Oyuncu Jenerik,washington wizards,,,,,,
glynn academy kimdir,NBA,Basketbol,Lig,1. Seviye,Çekirdek,Erkek,Kulüp,Takım Sporu,ABD,Yabancı,Yok,TV+ Var,Yıllık,Sürekli Lig,Oyuncu Bilgi,Bilgi,Oyuncu,Jenerik,İngilizce,Body,Oyuncu Bilgi,washington wizards,,,,,,
glynn academy hangi takımda,NBA,Basketbol,Lig,1. Seviye,Çekirdek,Erkek,Kulüp,Takım Sporu,ABD,Yabancı,Yok,TV+ Var,Yıllık,Sürekli Lig,Oyuncu Bilgi,Bilgi,Oyuncu,Jenerik,Türkçe,Body,Oyuncu Bilgi,washington wizards,,,,,,
glynn academy istatistik,NBA,Basketbol,Lig,1. Seviye,Çekirdek,Erkek,Kulüp,Takım Sporu,ABD,Yabancı,Yok,TV+ Var,Yıllık,Sürekli Lig,İstatistik,Bilgi,Oyuncu,Jenerik,İngilizce,Body,İstatistik,washington wizards,,,,,,
héléna cazaute,Sultanlar Ligi,Voleybol,Lig,1. Seviye,Çekirdek,Kadın,Kulüp,Takım Sporu,Türkiye,Yerli,Türk Takımı Var,Doğrulanacak,Yıllık,Sürekli Lig,Oyuncu Jenerik,Bilgi,Oyuncu,Jenerik,Türkçe,Head,Oyuncu Jenerik,vakıfbank,,,,,,
héléna cazaute kimdir,Sultanlar Ligi,Voleybol,Lig,1. Seviye,Çekirdek,Kadın,Kulüp,Takım Sporu,Türkiye,Yerli,Türk Takımı Var,Doğrulanacak,Yıllık,Sürekli Lig,Oyuncu Bilgi,Bilgi,Oyuncu,Jenerik,Türkçe,Body,Oyuncu Bilgi,vakıfbank,,,,,,
héléna cazaute hangi takımda,Sultanlar Ligi,Voleybol,Lig,1. Seviye,Çekirdek,Kadın,Kulüp,Takım Sporu,Türkiye,Yerli,Türk Takımı Var,Doğrulanacak,Yıllık,Sürekli Lig,Oyuncu Bilgi,Bilgi,Oyuncu,Jenerik,Türkçe,Body,Oyuncu Bilgi,vakıfbank,,,,,,
héléna cazaute istatistik,Sultanlar Ligi,Voleybol,Lig,1. Seviye,Çekirdek,Kadın,Kulüp,Takım Sporu,Türkiye,Yerli,Türk Takımı Var,Doğrulanacak,Yıllık,Sürekli Lig,İstatistik,Bilgi,Oyuncu,Jenerik,Türkçe,Body,İstatistik,vakıfbank,,,,,,
aleksandra jegdić,Sultanlar Ligi,Voleybol,Lig,1. Seviye,Çekirdek,Kadın,Kulüp,Takım Sporu,Türkiye,Yerli,Türk Takımı Var,Doğrulanacak,Yıllık,Sürekli Lig,Oyuncu Jenerik,Bilgi,Oyuncu,Jenerik,Türkçe,Head,Oyuncu Jenerik,vakıfbank,,,,,,
aleksandra jegdić kimdir,Sultanlar Ligi,Voleybol,Lig,1. Seviye,Çekirdek,Kadın,Kulüp,Takım Sporu,Türkiye,Yerli,Türk Takımı Var,Doğrulanacak,Yıllık,Sürekli Lig,Oyuncu Bilgi,Bilgi,Oyuncu,Jenerik,Türkçe,Body,Oyuncu Bilgi,vakıfbank,,,,,,
aleksandra jegdić hangi takımda,Sultanlar Ligi,Voleybol,Lig,1. Seviye,Çekirdek,Kadın,Kulüp,Takım Sporu,Türkiye,Yerli,Türk Takımı Var,Doğrulanacak,Yıllık,Sürekli Lig,Oyuncu Bilgi,Bilgi,Oyuncu,Jenerik,Türkçe,Body,Oyuncu Bilgi,vakıfbank,,,,,,
aleksandra jegdić istatistik,Sultanlar Ligi,Voleybol,Lig,1. Seviye,Çekirdek,Kadın,Kulüp,Takım Sporu,Türkiye,Yerli,Türk Takımı Var,Doğrulanacak,Yıllık,Sürekli Lig,İstatistik,Bilgi,Oyuncu,Jenerik,Türkçe,Body,İstatistik,vakıfbank,,,,,,
tijana bošković,Sultanlar Ligi,Voleybol,Lig,1. Seviye,Çekirdek,Kadın,Kulüp,Takım Sporu,Türkiye,Yerli,Türk Takımı Var,Doğrulanacak,Yıllık,Sürekli Lig,Oyuncu Jenerik,Bilgi,Oyuncu,Jenerik,Türkçe,Head,Oyuncu Jenerik,vakıfbank,,,,,,
tijana bošković kimdir,Sultanlar Ligi,Voleybol,Lig,1. Seviye,Çekirdek,Kadın,Kulüp,Takım Sporu,Türkiye,Yerli,Türk Takımı Var,Doğrulanacak,Yıllık,Sürekli Lig,Oyuncu Bilgi,Bilgi,Oyuncu,Jenerik,Türkçe,Body,Oyuncu Bilgi,vakıfbank,,,,,,
tijana bošković hangi takımda,Sultanlar Ligi,Voleybol,Lig,1. Seviye,Çekirdek,Kadın,Kulüp,Takım Sporu,Türkiye,Yerli,Türk Takımı Var,Doğrulanacak,Yıllık,Sürekli Lig,Oyuncu Bilgi,Bilgi,Oyuncu,Jenerik,Türkçe,Body,Oyuncu Bilgi,vakıfbank,,,,,,
tijana bošković istatistik,Sultanlar Ligi,Voleybol,Lig,1. Seviye,Çekirdek,Kadın,Kulüp,Takım Sporu,Türkiye,Yerli,Türk Takımı Var,Doğrulanacak,Yıllık,Sürekli Lig,İstatistik,Bilgi,Oyuncu,Jenerik,Türkçe,Body,İstatistik,vakıfbank,,,,,,
katarina lazović,Sultanlar Ligi,Voleybol,Lig,1. Seviye,Çekirdek,Kadın,Kulüp,Takım Sporu,Türkiye,Yerli,Türk Takımı Var,Doğrulanacak,Yıllık,Sürekli Lig,Oyuncu Jenerik,Bilgi,Oyuncu,Jenerik,Türkçe,Head,Oyuncu Jenerik,vakıfbank,,,,,,
katarina lazović kimdir,Sultanlar Ligi,Voleybol,Lig,1. Seviye,Çekirdek,Kadın,Kulüp,Takım Sporu,Türkiye,Yerli,Türk Takımı Var,Doğrulanacak,Yıllık,Sürekli Lig,Oyuncu Bilgi,Bilgi,Oyuncu,Jenerik,Türkçe,Body,Oyuncu Bilgi,vakıfbank,,,,,,
katarina lazović hangi takımda,Sultanlar Ligi,Voleybol,Lig,1. Seviye,Çekirdek,Kadın,Kulüp,Takım Sporu,Türkiye,Yerli,Türk Takımı Var,Doğrulanacak,Yıllık,Sürekli Lig,Oyuncu Bilgi,Bilgi,Oyuncu,Jenerik,Türkçe,Body,Oyuncu Bilgi,vakıfbank,,,,,,
katarina lazović istatistik,Sultanlar Ligi,Voleybol,Lig,1. Seviye,Çekirdek,Kadın,Kulüp,Takım Sporu,Türkiye,Yerli,Türk Takımı Var,Doğrulanacak,Yıllık,Sürekli Lig,İstatistik,Bilgi,Oyuncu,Jenerik,Türkçe,Body,İstatistik,vakıfbank,,,,,,
czech republic,Sultanlar Ligi,Voleybol,Lig,1. Seviye,Çekirdek,Kadın,Kulüp,Takım Sporu,Türkiye,Yerli,Türk Takımı Var,Doğrulanacak,Yıllık,Sürekli Lig,Oyuncu Jenerik,Bilgi,Oyuncu,Jenerik,İngilizce,Head,Oyuncu Jenerik,vakıfbank,,,,,,
czech republic kimdir,Sultanlar Ligi,Voleybol,Lig,1. Seviye,Çekirdek,Kadın,Kulüp,Takım Sporu,Türkiye,Yerli,Türk Takımı Var,Doğrulanacak,Yıllık,Sürekli Lig,Oyuncu Bilgi,Bilgi,Oyuncu,Jenerik,İngilizce,Body,Oyuncu Bilgi,vakıfbank,,,,,,
czech republic hangi takımda,Sultanlar Ligi,Voleybol,Lig,1. Seviye,Çekirdek,Kadın,Kulüp,Takım Sporu,Türkiye,Yerli,Türk Takımı Var,Doğrulanacak,Yıllık,Sürekli Lig,Oyuncu Bilgi,Bilgi,Oyuncu,Jenerik,Türkçe,Body,Oyuncu Bilgi,vakıfbank,,,,,,
czech republic istatistik,Sultanlar Ligi,Voleybol,Lig,1. Seviye,Çekirdek,Kadın,Kulüp,Takım Sporu,Türkiye,Yerli,Türk Takımı Var,Doğrulanacak,Yıllık,Sürekli Lig,İstatistik,Bilgi,Oyuncu,Jenerik,İngilizce,Body,İstatistik,vakıfbank,,,,,,
vanja ivanović,Sultanlar Ligi,Voleybol,Lig,1. Seviye,Çekirdek,Kadın,Kulüp,Takım Sporu,Türkiye,Yerli,Türk Takımı Var,Doğrulanacak,Yıllık,Sürekli Lig,Oyuncu Jenerik,Bilgi,Oyuncu,Jenerik,Türkçe,Head,Oyuncu Jenerik,vakıfbank,,,,,,
vanja ivanović kimdir,Sultanlar Ligi,Voleybol,Lig,1. Seviye,Çekirdek,Kadın,Kulüp,Takım Sporu,Türkiye,Yerli,Türk Takımı Var,Doğrulanacak,Yıllık,Sürekli Lig,Oyuncu Bilgi,Bilgi,Oyuncu,Jenerik,Türkçe,Body,Oyuncu Bilgi,vakıfbank,,,,,,
vanja ivanović hangi takımda,Sultanlar Ligi,Voleybol,Lig,1. Seviye,Çekirdek,Kadın,Kulüp,Takım Sporu,Türkiye,Yerli,Türk Takımı Var,Doğrulanacak,Yıllık,Sürekli Lig,Oyuncu Bilgi,Bilgi,Oyuncu,Jenerik,Türkçe,Body,Oyuncu Bilgi,vakıfbank,,,,,,
vanja ivanović istatistik,Sultanlar Ligi,Voleybol,Lig,1. Seviye,Çekirdek,Kadın,Kulüp,Takım Sporu,Türkiye,Yerli,Türk Takımı Var,Doğrulanacak,Yıllık,Sürekli Lig,İstatistik,Bilgi,Oyuncu,Jenerik,Türkçe,Body,İstatistik,vakıfbank,,,,,,
i̇va dudova,Sultanlar Ligi,Voleybol,Lig,1. Seviye,Çekirdek,Kadın,Kulüp,Takım Sporu,Türkiye,Yerli,Türk Takımı Var,Doğrulanacak,Yıllık,Sürekli Lig,Oyuncu Jenerik,Bilgi,Oyuncu,Jenerik,Türkçe,Head,Oyuncu Jenerik,eczacıbaşı,,,,,,
i̇va dudova kimdir,Sultanlar Ligi,Voleybol,Lig,1. Seviye,Çekirdek,Kadın,Kulüp,Takım Sporu,Türkiye,Yerli,Türk Takımı Var,Doğrulanacak,Yıllık,Sürekli Lig,Oyuncu Bilgi,Bilgi,Oyuncu,Jenerik,Türkçe,Body,Oyuncu Bilgi,eczacıbaşı,,,,,,
i̇va dudova hangi takımda,Sultanlar Ligi,Voleybol,Lig,1. Seviye,Çekirdek,Kadın,Kulüp,Takım Sporu,Türkiye,Yerli,Türk Takımı Var,Doğrulanacak,Yıllık,Sürekli Lig,Oyuncu Bilgi,Bilgi,Oyuncu,Jenerik,Türkçe,Body,Oyuncu Bilgi,eczacıbaşı,,,,,,
i̇va dudova istatistik,Sultanlar Ligi,Voleybol,Lig,1. Seviye,Çekirdek,Kadın,Kulüp,Takım Sporu,Türkiye,Yerli,Türk Takımı Var,Doğrulanacak,Yıllık,Sürekli Lig,İstatistik,Bilgi,Oyuncu,Jenerik,Türkçe,Body,İstatistik,eczacıbaşı,,,,,,
çağla akın,Sultanlar Ligi,Voleybol,Lig,1. Seviye,Çekirdek,Kadın,Kulüp,Takım Sporu,Türkiye,Yerli,Türk Takımı Var,Doğrulanacak,Yıllık,Sürekli Lig,Oyuncu Jenerik,Bilgi,Oyuncu,Jenerik,Türkçe,Head,Oyuncu Jenerik,türk hava yolları voleybol,,,,,,
çağla akın kimdir,Sultanlar Ligi,Voleybol,Lig,1. Seviye,Çekirdek,Kadın,Kulüp,Takım Sporu,Türkiye,Yerli,Türk Takımı Var,Doğrulanacak,Yıllık,Sürekli Lig,Oyuncu Bilgi,Bilgi,Oyuncu,Jenerik,Türkçe,Body,Oyuncu Bilgi,türk hava yolları voleybol,,,,,,
çağla akın hangi takımda,Sultanlar Ligi,Voleybol,Lig,1. Seviye,Çekirdek,Kadın,Kulüp,Takım Sporu,Türkiye,Yerli,Türk Takımı Var,Doğrulanacak,Yıllık,Sürekli Lig,Oyuncu Bilgi,Bilgi,Oyuncu,Jenerik,Türkçe,Body,Oyuncu Bilgi,türk hava yolları voleybol,,,,,,
çağla akın istatistik,Sultanlar Ligi,Voleybol,Lig,1. Seviye,Çekirdek,Kadın,Kulüp,Takım Sporu,Türkiye,Yerli,Türk Takımı Var,Doğrulanacak,Yıllık,Sürekli Lig,İstatistik,Bilgi,Oyuncu,Jenerik,Türkçe,Body,İstatistik,türk hava yolları voleybol,,,,,,
büşra kılıçlı,Sultanlar Ligi,Voleybol,Lig,1. Seviye,Çekirdek,Kadın,Kulüp,Takım Sporu,Türkiye,Yerli,Türk Takımı Var,Doğrulanacak,Yıllık,Sürekli Lig,Oyuncu Jenerik,Bilgi,Oyuncu,Jenerik,Türkçe,Head,Oyuncu Jenerik,türk hava yolları voleybol,,,,,,
büşra kılıçlı kimdir,Sultanlar Ligi,Voleybol,Lig,1. Seviye,Çekirdek,Kadın,Kulüp,Takım Sporu,Türkiye,Yerli,Türk Takımı Var,Doğrulanacak,Yıllık,Sürekli Lig,Oyuncu Bilgi,Bilgi,Oyuncu,Jenerik,Türkçe,Body,Oyuncu Bilgi,türk hava yolları voleybol,,,,,,
büşra kılıçlı hangi takımda,Sultanlar Ligi,Voleybol,Lig,1. Seviye,Çekirdek,Kadın,Kulüp,Takım Sporu,Türkiye,Yerli,Türk Takımı Var,Doğrulanacak,Yıllık,Sürekli Lig,Oyuncu Bilgi,Bilgi,Oyuncu,Jenerik,Türkçe,Body,Oyuncu Bilgi,türk hava yolları voleybol,,,,,,
büşra kılıçlı istatistik,Sultanlar Ligi,Voleybol,Lig,1. Seviye,Çekirdek,Kadın,Kulüp,Takım Sporu,Türkiye,Yerli,Türk Takımı Var,Doğrulanacak,Yıllık,Sürekli Lig,İstatistik,Bilgi,Oyuncu,Jenerik,Türkçe,Body,İstatistik,türk hava yolları voleybol,,,,,,
anthí vasilantonáki,Sultanlar Ligi,Voleybol,Lig,1. Seviye,Çekirdek,Kadın,Kulüp,Takım Sporu,Türkiye,Yerli,Türk Takımı Var,Doğrulanacak,Yıllık,Sürekli Lig,Oyuncu Jenerik,Bilgi,Oyuncu,Jenerik,Türkçe,Head,Oyuncu Jenerik,türk hava yolları voleybol,,,,,,
anthí vasilantonáki kimdir,Sultanlar Ligi,Voleybol,Lig,1. Seviye,Çekirdek,Kadın,Kulüp,Takım Sporu,Türkiye,Yerli,Türk Takımı Var,Doğrulanacak,Yıllık,Sürekli Lig,Oyuncu Bilgi,Bilgi,Oyuncu,Jenerik,Türkçe,Body,Oyuncu Bilgi,türk hava yolları voleybol,,,,,,
anthí vasilantonáki hangi takımda,Sultanlar Ligi,Voleybol,Lig,1. Seviye,Çekirdek,Kadın,Kulüp,Takım Sporu,Türkiye,Yerli,Türk Takımı Var,Doğrulanacak,Yıllık,Sürekli Lig,Oyuncu Bilgi,Bilgi,Oyuncu,Jenerik,Türkçe,Body,Oyuncu Bilgi,türk hava yolları voleybol,,,,,,
anthí vasilantonáki istatistik,Sultanlar Ligi,Voleybol,Lig,1. Seviye,Çekirdek,Kadın,Kulüp,Takım Sporu,Türkiye,Yerli,Türk Takımı Var,Doğrulanacak,Yıllık,Sürekli Lig,İstatistik,Bilgi,Oyuncu,Jenerik,Türkçe,Body,İstatistik,türk hava yolları voleybol,,,,,,
diana duarte,Sultanlar Ligi,Voleybol,Lig,1. Seviye,Çekirdek,Kadın,Kulüp,Takım Sporu,Türkiye,Yerli,Türk Takımı Var,Doğrulanacak,Yıllık,Sürekli Lig,Oyuncu Jenerik,Bilgi,Oyuncu,Jenerik,İngilizce,Head,Oyuncu Jenerik,türk hava yolları voleybol,,,,,,
diana duarte kimdir,Sultanlar Ligi,Voleybol,Lig,1. Seviye,Çekirdek,Kadın,Kulüp,Takım Sporu,Türkiye,Yerli,Türk Takımı Var,Doğrulanacak,Yıllık,Sürekli Lig,Oyuncu Bilgi,Bilgi,Oyuncu,Jenerik,İngilizce,Body,Oyuncu Bilgi,türk hava yolları voleybol,,,,,,
diana duarte hangi takımda,Sultanlar Ligi,Voleybol,Lig,1. Seviye,Çekirdek,Kadın,Kulüp,Takım Sporu,Türkiye,Yerli,Türk Takımı Var,Doğrulanacak,Yıllık,Sürekli Lig,Oyuncu Bilgi,Bilgi,Oyuncu,Jenerik,Türkçe,Body,Oyuncu Bilgi,türk hava yolları voleybol,,,,,,
diana duarte istatistik,Sultanlar Ligi,Voleybol,Lig,1. Seviye,Çekirdek,Kadın,Kulüp,Takım Sporu,Türkiye,Yerli,Türk Takımı Var,Doğrulanacak,Yıllık,Sürekli Lig,İstatistik,Bilgi,Oyuncu,Jenerik,İngilizce,Body,İstatistik,türk hava yolları voleybol,,,,,,
júlia bergmann,Sultanlar Ligi,Voleybol,Lig,1. Seviye,Çekirdek,Kadın,Kulüp,Takım Sporu,Türkiye,Yerli,Türk Takımı Var,Doğrulanacak,Yıllık,Sürekli Lig,Oyuncu Jenerik,Bilgi,Oyuncu,Jenerik,Türkçe,Head,Oyuncu Jenerik,türk hava yolları voleybol,,,,,,
júlia bergmann kimdir,Sultanlar Ligi,Voleybol,Lig,1. Seviye,Çekirdek,Kadın,Kulüp,Takım Sporu,Türkiye,Yerli,Türk Takımı Var,Doğrulanacak,Yıllık,Sürekli Lig,Oyuncu Bilgi,Bilgi,Oyuncu,Jenerik,Türkçe,Body,Oyuncu Bilgi,türk hava yolları voleybol,,,,,,
júlia bergmann hangi takımda,Sultanlar Ligi,Voleybol,Lig,1. Seviye,Çekirdek,Kadın,Kulüp,Takım Sporu,Türkiye,Yerli,Türk Takımı Var,Doğrulanacak,Yıllık,Sürekli Lig,Oyuncu Bilgi,Bilgi,Oyuncu,Jenerik,Türkçe,Body,Oyuncu Bilgi,türk hava yolları voleybol,,,,,,
júlia bergmann istatistik,Sultanlar Ligi,Voleybol,Lig,1. Seviye,Çekirdek,Kadın,Kulüp,Takım Sporu,Türkiye,Yerli,Türk Takımı Var,Doğrulanacak,Yıllık,Sürekli Lig,İstatistik,Bilgi,Oyuncu,Jenerik,Türkçe,Body,İstatistik,türk hava yolları voleybol,,,,,,
roberta ratzke,Sultanlar Ligi,Voleybol,Lig,1. Seviye,Çekirdek,Kadın,Kulüp,Takım Sporu,Türkiye,Yerli,Türk Takımı Var,Doğrulanacak,Yıllık,Sürekli Lig,Oyuncu Jenerik,Bilgi,Oyuncu,Jenerik,İngilizce,Head,Oyuncu Jenerik,türk hava yolları voleybol,,,,,,
roberta ratzke kimdir,Sultanlar Ligi,Voleybol,Lig,1. Seviye,Çekirdek,Kadın,Kulüp,Takım Sporu,Türkiye,Yerli,Türk Takımı Var,Doğrulanacak,Yıllık,Sürekli Lig,Oyuncu Bilgi,Bilgi,Oyuncu,Jenerik,İngilizce,Body,Oyuncu Bilgi,türk hava yolları voleybol,,,,,,
roberta ratzke hangi takımda,Sultanlar Ligi,Voleybol,Lig,1. Seviye,Çekirdek,Kadın,Kulüp,Takım Sporu,Türkiye,Yerli,Türk Takımı Var,Doğrulanacak,Yıllık,Sürekli Lig,Oyuncu Bilgi,Bilgi,Oyuncu,Jenerik,Türkçe,Body,Oyuncu Bilgi,türk hava yolları voleybol,,,,,,
roberta ratzke istatistik,Sultanlar Ligi,Voleybol,Lig,1. Seviye,Çekirdek,Kadın,Kulüp,Takım Sporu,Türkiye,Yerli,Türk Takımı Var,Doğrulanacak,Yıllık,Sürekli Lig,İstatistik,Bilgi,Oyuncu,Jenerik,İngilizce,Body,İstatistik,türk hava yolları voleybol,,,,,,
hanna orthmann,Sultanlar Ligi,Voleybol,Lig,1. Seviye,Çekirdek,Kadın,Kulüp,Takım Sporu,Türkiye,Yerli,Türk Takımı Var,Doğrulanacak,Yıllık,Sürekli Lig,Oyuncu Jenerik,Bilgi,Oyuncu,Jenerik,İngilizce,Head,Oyuncu Jenerik,türk hava yolları voleybol,,,,,,
hanna orthmann kimdir,Sultanlar Ligi,Voleybol,Lig,1. Seviye,Çekirdek,Kadın,Kulüp,Takım Sporu,Türkiye,Yerli,Türk Takımı Var,Doğrulanacak,Yıllık,Sürekli Lig,Oyuncu Bilgi,Bilgi,Oyuncu,Jenerik,İngilizce,Body,Oyuncu Bilgi,türk hava yolları voleybol,,,,,,
hanna orthmann hangi takımda,Sultanlar Ligi,Voleybol,Lig,1. Seviye,Çekirdek,Kadın,Kulüp,Takım Sporu,Türkiye,Yerli,Türk Takımı Var,Doğrulanacak,Yıllık,Sürekli Lig,Oyuncu Bilgi,Bilgi,Oyuncu,Jenerik,Türkçe,Body,Oyuncu Bilgi,türk hava yolları voleybol,,,,,,
hanna orthmann istatistik,Sultanlar Ligi,Voleybol,Lig,1. Seviye,Çekirdek,Kadın,Kulüp,Takım Sporu,Türkiye,Yerli,Türk Takımı Var,Doğrulanacak,Yıllık,Sürekli Lig,İstatistik,Bilgi,Oyuncu,Jenerik,İngilizce,Body,İstatistik,türk hava yolları voleybol,,,,,,
brankica mihajlović,Sultanlar Ligi,Voleybol,Lig,1. Seviye,Çekirdek,Kadın,Kulüp,Takım Sporu,Türkiye,Yerli,Türk Takımı Var,Doğrulanacak,Yıllık,Sürekli Lig,Oyuncu Jenerik,Bilgi,Oyuncu,Jenerik,Türkçe,Head,Oyuncu Jenerik,zeren spor,,,,,,
brankica mihajlović kimdir,Sultanlar Ligi,Voleybol,Lig,1. Seviye,Çekirdek,Kadın,Kulüp,Takım Sporu,Türkiye,Yerli,Türk Takımı Var,Doğrulanacak,Yıllık,Sürekli Lig,Oyuncu Bilgi,Bilgi,Oyuncu,Jenerik,Türkçe,Body,Oyuncu Bilgi,zeren spor,,,,,,
brankica mihajlović hangi takımda,Sultanlar Ligi,Voleybol,Lig,1. Seviye,Çekirdek,Kadın,Kulüp,Takım Sporu,Türkiye,Yerli,Türk Takımı Var,Doğrulanacak,Yıllık,Sürekli Lig,Oyuncu Bilgi,Bilgi,Oyuncu,Jenerik,Türkçe,Body,Oyuncu Bilgi,zeren spor,,,,,,
brankica mihajlović istatistik,Sultanlar Ligi,Voleybol,Lig,1. Seviye,Çekirdek,Kadın,Kulüp,Takım Sporu,Türkiye,Yerli,Türk Takımı Var,Doğrulanacak,Yıllık,Sürekli Lig,İstatistik,Bilgi,Oyuncu,Jenerik,Türkçe,Body,İstatistik,zeren spor,,,,,,
maja aleksić,Sultanlar Ligi,Voleybol,Lig,1. Seviye,Çekirdek,Kadın,Kulüp,Takım Sporu,Türkiye,Yerli,Türk Takımı Var,Doğrulanacak,Yıllık,Sürekli Lig,Oyuncu Jenerik,Bilgi,Oyuncu,Jenerik,Türkçe,Head,Oyuncu Jenerik,zeren spor,,,,,,
maja aleksić kimdir,Sultanlar Ligi,Voleybol,Lig,1. Seviye,Çekirdek,Kadın,Kulüp,Takım Sporu,Türkiye,Yerli,Türk Takımı Var,Doğrulanacak,Yıllık,Sürekli Lig,Oyuncu Bilgi,Bilgi,Oyuncu,Jenerik,Türkçe,Body,Oyuncu Bilgi,zeren spor,,,,,,
maja aleksić hangi takımda,Sultanlar Ligi,Voleybol,Lig,1. Seviye,Çekirdek,Kadın,Kulüp,Takım Sporu,Türkiye,Yerli,Türk Takımı Var,Doğrulanacak,Yıllık,Sürekli Lig,Oyuncu Bilgi,Bilgi,Oyuncu,Jenerik,Türkçe,Body,Oyuncu Bilgi,zeren spor,,,,,,
maja aleksić istatistik,Sultanlar Ligi,Voleybol,Lig,1. Seviye,Çekirdek,Kadın,Kulüp,Takım Sporu,Türkiye,Yerli,Türk Takımı Var,Doğrulanacak,Yıllık,Sürekli Lig,İstatistik,Bilgi,Oyuncu,Jenerik,Türkçe,Body,İstatistik,zeren spor,,,,,,
