keyword,organizasyon,spor_dali,musabaka_tipi,lig_seviyesi,prestij_katmani,cinsiyet,kulup_milli,takim_bireysel,cografya,yerlilik,turk_baglantisi,yayin_hakki,periyodiklik,takvim_tipi,sayfa_tipi,intent_katmani,entity_tipi,marka_tipi,dil,sorgu_uzunlugu,varyant_kodu,katman
galatasaray,Süper Lig,Futbol,Lig,1. Seviye,Çekirdek,Erkek,Kulüp,Takım Sporu,Türkiye,Yerli,Türk Takımı Var,TV+ Yok,Yıllık,Sürekli Lig,Takım Jenerik,Bilgi,Takım,Jenerik,İngilizce,Head,Takım Jenerik,Çekirdek
galatasaray maçları,Süper Lig,Futbol,Lig,1. Seviye,Çekirdek,Erkek,Kulüp,Takım Sporu,Türkiye,Yerli,Türk Takımı Var,TV+ Yok,Yıllık,Sürekli Lig,Takım Maç Sorgusu,Bilgi,Takım,Jenerik,Türkçe,Head,Takım Maç Sorgusu,Çekirdek
galatasaray fikstür,Süper Lig,Futbol,Lig,1. Seviye,Çekirdek,Erkek,Kulüp,Takım Sporu,Türkiye,Yerli,Türk Takımı Var,TV+ Yok,Yıllık,Sürekli Lig,Fikstür,Bilgi,Takım,Jenerik,Türkçe,Head,Fikstür,Çekirdek
galatasaray puan durumu,Süper Lig,Futbol,Lig,1. Seviye,Çekirdek,Erkek,Kulüp,Takım Sporu,Türkiye,Yerli,Türk Takımı Var,TV+ Yok,Yıllık,Sürekli Lig,Puan Durumu,Bilgi,Takım,Jenerik,İngilizce,Body,Puan Durumu,Çekirdek
galatasaray kadrosu,Süper Lig,Futbol,Lig,1. Seviye,Çekirdek,Erkek,Kulüp,Takım Sporu,Türkiye,Yerli,Türk Takımı Var,TV+ Yok,Yıllık,Sürekli Lig,Kadro,Bilgi,Takım,Jenerik,İngilizce,Head,Kadro,Çekirdek
galatasaray canlı izle,Süper Lig,Futbol,Lig,1. Seviye,Çekirdek,Erkek,Kulüp,Takım Sporu,Türkiye,Yerli,Türk Takımı Var,TV+ Yok,Yıllık,Sürekli Lig,Canlı İzle,İzleme,Takım,Jenerik,Türkçe,Body,Canlı İzle,Çekirdek
galatasaray transfer,Süper Lig,Futbol,Lig,1. Seviye,Çekirdek,Erkek,Kulüp,Takım Sporu,Türkiye,Yerli,Türk Takımı Var,TV+ Yok,Yıllık,Sürekli Lig,Transfer,Bilgi,Takım,Jenerik,İngilizce,Head,Transfer,Çekirdek
fenerbahçe,Süper Lig,Futbol,Lig,1. Seviye,Çekirdek,Erkek,Kulüp,Takım Sporu,Türkiye,Yerli,Türk Takımı Var,TV+ Yok,Yıllık,Sürekli Lig,Takım Jenerik,Bilgi,Takım,Jenerik,Türkçe,Head,Takım Jenerik,Çekirdek
fenerbahçe maçları,Süper Lig,Futbol,Lig,1. Seviye,Çekirdek,Erkek,Kulüp,Takım Sporu,Türkiye,Yerli,Türk Takımı Var,TV+ Yok,Yıllık,Sürekli Lig,Takım Maç Sorgusu,Bilgi,Takım,Jenerik,Türkçe,Head,Takım Maç Sorgusu,Çekirdek
fenerbahçe fikstür,Süper Lig,Futbol,Lig,1. Seviye,Çekirdek,Erkek,Kulüp,Takım Sporu,Türkiye,Yerli,Türk Takımı Var,TV+ Yok,Yıllık,Sürekli Lig,Fikstür,Bilgi,Takım,Jenerik,Türkçe,Head,Fikstür,Çekirdek
fenerbahçe puan durumu,Süper Lig,Futbol,Lig,1. Seviye,Çekirdek,Erkek,Kulüp,Takım Sporu,Türkiye,Yerli,Türk Takımı Var,TV+ Yok,Yıllık,Sürekli Lig,Puan Durumu,Bilgi,Takım,Jenerik,Türkçe,Body,Puan Durumu,Çekirdek
fenerbahçe kadrosu,Süper Lig,Futbol,Lig,1. Seviye,Çekirdek,Erkek,Kulüp,Takım Sporu,Türkiye,Yerli,Türk Takımı Var,TV+ Yok,Yıllık,Sürekli Lig,Kadro,Bilgi,Takım,Jenerik,Türkçe,Head,Kadro,Çekirdek
fenerbahçe canlı izle,Süper Lig,Futbol,Lig,1. Seviye,Çekirdek,Erkek,Kulüp,Takım Sporu,Türkiye,Yerli,Türk Takımı Var,TV+ Yok,Yıllık,Sürekli Lig,Canlı İzle,İzleme,Takım,Jenerik,Türkçe,Body,Canlı İzle,Çekirdek
fenerbahçe transfer,Süper Lig,Futbol,Lig,1. Seviye,Çekirdek,Erkek,Kulüp,Takım Sporu,Türkiye,Yerli,Türk Takımı Var,TV+ Yok,Yıllık,Sürekli Lig,Transfer,Bilgi,Takım,Jenerik,Türkçe,Head,Transfer,Çekirdek
beşiktaş,Süper Lig,Futbol,Lig,1. Seviye,Çekirdek,Erkek,Kulüp,Takım Sporu,Türkiye,Yerli,Türk Takımı Var,TV+ Yok,Yıllık,Sürekli Lig,Takım Jenerik,Bilgi,Takım,Jenerik,Türkçe,Head,Takım Jenerik,Çekirdek
beşiktaş maçları,Süper Lig,Futbol,Lig,1. Seviye,Çekirdek,Erkek,Kulüp,Takım Sporu,Türkiye,Yerli,Türk Takımı Var,TV+ Yok,Yıllık,Sürekli Lig,Takım Maç Sorgusu,Bilgi,Takım,Jenerik,Türkçe,Head,Takım Maç Sorgusu,Çekirdek
beşiktaş fikstür,Süper Lig,Futbol,Lig,1. Seviye,Çekirdek,Erkek,Kulüp,Takım Sporu,Türkiye,Yerli,Türk Takımı Var,TV+ Yok,Yıllık,Sürekli Lig,Fikstür,Bilgi,Takım,Jenerik,Türkçe,Head,Fikstür,Çekirdek
beşiktaş puan durumu,Süper Lig,Futbol,Lig,1. Seviye,Çekirdek,Erkek,Kulüp,Takım Sporu,Türkiye,Yerli,Türk Takımı Var,TV+ Yok,Yıllık,Sürekli Lig,Puan Durumu,Bilgi,Takım,Jenerik,Türkçe,Body,Puan Durumu,Çekirdek
beşiktaş kadrosu,Süper Lig,Futbol,Lig,1. Seviye,Çekirdek,Erkek,Kulüp,Takım Sporu,Türkiye,Yerli,Türk Takımı Var,TV+ Yok,Yıllık,Sürekli Lig,Kadro,Bilgi,Takım,Jenerik,Türkçe,Head,Kadro,Çekirdek
beşiktaş canlı izle,Süper Lig,Futbol,Lig,1. Seviye,Çekirdek,Erkek,Kulüp,Takım Sporu,Türkiye,Yerli,Türk Takımı Var,TV+ Yok,Yıllık,Sürekli Lig,Canlı İzle,İzleme,Takım,Jenerik,Türkçe,Body,Canlı İzle,Çekirdek
beşiktaş transfer,Süper Lig,Futbol,Lig,1. Seviye,Çekirdek,Erkek,Kulüp,Takım Sporu,Türkiye,Yerli,Türk Takımı Var,TV+ Yok,Yıllık,Sürekli Lig,Transfer,Bilgi,Takım,Jenerik,Türkçe,Head,Transfer,Çekirdek
trabzonspor,Süper Lig,Futbol,Lig,1. Seviye,Çekirdek,Erkek,Kulüp,Takım Sporu,Türkiye,Yerli,Türk Takımı Var,TV+ Yok,Yıllık,Sürekli Lig,Takım Jenerik,Bilgi,Takım,Jenerik,İngilizce,Head,Takım Jenerik,Çekirdek
trabzonspor maçları,Süper Lig,Futbol,Lig,1. Seviye,Çekirdek,Erkek,Kulüp,Takım Sporu,Türkiye,Yerli,Türk Takımı Var,TV+ Yok,Yıllık,Sürekli Lig,Takım Maç Sorgusu,Bilgi,Takım,Jenerik,Türkçe,Head,Takım Maç Sorgusu,Çekirdek
trabzonspor fikstür,Süper Lig,Futbol,Lig,1. Seviye,Çekirdek,Erkek,Kulüp,Takım Sporu,Türkiye,Yerli,Türk Takımı Var,TV+ Yok,Yıllık,Sürekli Lig,Fikstür,Bilgi,Takım,Jenerik,Türkçe,Head,Fikstür,Çekirdek
trabzonspor puan durumu,Süper Lig,Futbol,Lig,1. Seviye,Çekirdek,Erkek,Kulüp,Takım Sporu,Türkiye,Yerli,Türk Takımı Var,TV+ Yok,Yıllık,Sürekli Lig,Puan Durumu,Bilgi,Takım,Jenerik,İngilizce,Body,Puan Durumu,Çekirdek
trabzonspor kadrosu,Süper Lig,Futbol,Lig,1. Seviye,Çekirdek,Erkek,Kulüp,Takım Sporu,Türkiye,Yerli,Türk Takımı Var,TV+ Yok,Yıllık,Sürekli Lig,Kadro,Bilgi,Takım,Jenerik,İngilizce,Head,Kadro,Çekirdek
trabzonspor canlı izle,Süper Lig,Futbol,Lig,1. Seviye,Çekirdek,Erkek,Kulüp,Takım Sporu,Türkiye,Yerli,Türk Takımı Var,TV+ Yok,Yıllık,Sürekli Lig,Canlı İzle,İzleme,Takım,Jenerik,Türkçe,Body,Canlı İzle,Çekirdek
trabzonspor transfer,Süper Lig,Futbol,Lig,1. Seviye,Çekirdek,Erkek,Kulüp,Takım Sporu,Türkiye,Yerli,Türk Takımı Var,TV+ Yok,Yıllık,Sürekli Lig,Transfer,Bilgi,Takım,Jenerik,İngilizce,Head,Transfer,Çekirdek
başakşehir,Süper Lig,Futbol,Lig,1. Seviye,Çekirdek,Erkek,Kulüp,Takım Sporu,Türkiye,Yerli,Türk Takımı Var,TV+ Yok,Yıllık,Sürekli Lig,Takım Jenerik,Bilgi,Takım,Jenerik,Türkçe,Head,Takım Jenerik,Çekirdek
başakşehir maçları,Süper Lig,Futbol,Lig,1. Seviye,Çekirdek,Erkek,Kulüp,Takım Sporu,Türkiye,Yerli,Türk Takımı Var,TV+ Yok,Yıllık,Sürekli Lig,Takım Maç Sorgusu,Bilgi,Takım,Jenerik,Türkçe,Head,Takım Maç Sorgusu,Çekirdek
başakşehir fikstür,Süper Lig,Futbol,Lig,1. Seviye,Çekirdek,Erkek,Kulüp,Takım Sporu,Türkiye,Yerli,Türk Takımı Var,TV+ Yok,Yıllık,Sürekli Lig,Fikstür,Bilgi,Takım,Jenerik,Türkçe,Head,Fikstür,Çekirdek
başakşehir puan durumu,Süper Lig,Futbol,Lig,1. Seviye,Çekirdek,Erkek,Kulüp,Takım Sporu,Türkiye,Yerli,Türk Takımı Var,TV+ Yok,Yıllık,Sürekli Lig,Puan Durumu,Bilgi,Takım,Jenerik,Türkçe,Body,Puan Durumu,Çekirdek
başakşehir kadrosu,Süper Lig,Futbol,Lig,1. Seviye,Çekirdek,Erkek,Kulüp,Takım Sporu,Türkiye,Yerli,Türk Takımı Var,TV+ Yok,Yıllık,Sürekli Lig,Kadro,Bilgi,Takım,Jenerik,Türkçe,Head,Kadro,Çekirdek
başakşehir canlı izle,Süper Lig,Futbol,Lig,1. Seviye,Çekirdek,Erkek,Kulüp,Takım Sporu,Türkiye,Yerli,Türk Takımı Var,TV+ Yok,Yıllık,Sürekli Lig,Canlı İzle,İzleme,Takım,Jenerik,Türkçe,Body,Canlı İzle,Çekirdek
başakşehir transfer,Süper Lig,Futbol,Lig,1. Seviye,Çekirdek,Erkek,Kulüp,Takım Sporu,Türkiye,Yerli,Türk Takımı Var,TV+ Yok,Yıllık,Sürekli Lig,Transfer,Bilgi,Takım,Jenerik,Türkçe,Head,Transfer,Çekirdek
samsunspor,Süper Lig,Futbol,Lig,1. Seviye,Çekirdek,Erkek,Kulüp,Takım Sporu,Türkiye,Yerli,Türk Takımı Var,TV+ Yok,Yıllık,Sürekli Lig,Takım Jenerik,Bilgi,Takım,Jenerik,İngilizce,Head,Takım Jenerik,Çekirdek
samsunspor maçları,Süper Lig,Futbol,Lig,1. Seviye,Çekirdek,Erkek,Kulüp,Takım Sporu,Türkiye,Yerli,Türk Takımı Var,TV+ Yok,Yıllık,Sürekli Lig,Takım Maç Sorgusu,Bilgi,Takım,Jenerik,Türkçe,Head,Takım Maç Sorgusu,Çekirdek
samsunspor fikstür,Süper Lig,Futbol,Lig,1. Seviye,Çekirdek,Erkek,Kulüp,Takım Sporu,Türkiye,Yerli,Türk Takımı Var,TV+ Yok,Yıllık,Sürekli Lig,Fikstür,Bilgi,Takım,Jenerik,Türkçe,Head,Fikstür,Çekirdek
samsunspor puan durumu,Süper Lig,Futbol,Lig,1. Seviye,Çekirdek,Erkek,Kulüp,Takım Sporu,Türkiye,Yerli,Türk Takımı Var,TV+ Yok,Yıllık,Sürekli Lig,Puan Durumu,Bilgi,Takım,Jenerik,İngilizce,Body,Puan Durumu,Çekirdek
samsunspor kadrosu,Süper Lig,Futbol,Lig,1. Seviye,Çekirdek,Erkek,Kulüp,Takım Sporu,Türkiye,Yerli,Türk Takımı Var,TV+ Yok,Yıllık,Sürekli Lig,Kadro,Bilgi,Takım,Jenerik,İngilizce,Head,Kadro,Çekirdek
samsunspor canlı izle,Süper Lig,Futbol,Lig,1. Seviye,Çekirdek,Erkek,Kulüp,Takım Sporu,Türkiye,Yerli,Türk Takımı Var,TV+ Yok,Yıllık,Sürekli Lig,Canlı İzle,İzleme,Takım,Jenerik,Türkçe,Body,Canlı İzle,Çekirdek
samsunspor transfer,Süper Lig,Futbol,Lig,1. Seviye,Çekirdek,Erkek,Kulüp,Takım Sporu,Türkiye,Yerli,Türk Takımı Var,TV+ Yok,Yıllık,Sürekli Lig,Transfer,Bilgi,Takım,Jenerik,İngilizce,Head,Transfer,Çekirdek
kocaelispor,Süper Lig,Futbol,Lig,1. Seviye,Çekirdek,Erkek,Kulüp,Takım Sporu,Türkiye,Yerli,Türk Takımı Var,TV+ Yok,Yıllık,Sürekli Lig,Takım Jenerik,Bilgi,Takım,Jenerik,İngilizce,Head,Takım Jenerik,Çekirdek
kocaelispor maçları,Süper Lig,Futbol,Lig,1. Seviye,Çekirdek,Erkek,Kulüp,Takım Sporu,Türkiye,Yerli,Türk Takımı Var,TV+ Yok,Yıllık,Sürekli Lig,Takım Maç Sorgusu,Bilgi,Takım,Jenerik,Türkçe,Head,Takım Maç Sorgusu,Çekirdek
kocaelispor fikstür,Süper Lig,Futbol,Lig,1. Seviye,Çekirdek,Erkek,Kulüp,Takım Sporu,Türkiye,Yerli,Türk Takımı Var,TV+ Yok,Yıllık,Sürekli Lig,Fikstür,Bilgi,Takım,Jenerik,Türkçe,Head,Fikstür,Çekirdek
kocaelispor puan durumu,Süper Lig,Futbol,Lig,1. Seviye,Çekirdek,Erkek,Kulüp,Takım Sporu,Türkiye,Yerli,Türk Takımı Var,TV+ Yok,Yıllık,Sürekli Lig,Puan Durumu,Bilgi,Takım,Jenerik,İngilizce,Body,Puan Durumu,Çekirdek
kocaelispor kadrosu,Süper Lig,Futbol,Lig,1. Seviye,Çekirdek,Erkek,Kulüp,Takım Sporu,Türkiye,Yerli,Türk Takımı Var,TV+ Yok,Yıllık,Sürekli Lig,Kadro,Bilgi,Takım,Jenerik,İngilizce,Head,Kadro,Çekirdek
kocaelispor canlı izle,Süper Lig,Futbol,Lig,1. Seviye,Çekirdek,Erkek,Kulüp,Takım Sporu,Türkiye,Yerli,Türk Takımı Var,TV+ Yok,Yıllık,Sürekli Lig,Canlı İzle,İzleme,Takım,Jenerik,Türkçe,Body,Canlı İzle,Çekirdek
kocaelispor transfer,Süper Lig,Futbol,Lig,1. Seviye,Çekirdek,Erkek,Kulüp,Takım Sporu,Türkiye,Yerli,Türk Takımı Var,TV+ Yok,Yıllık,Sürekli Lig,Transfer,Bilgi,Takım,Jenerik,İngilizce,Head,Transfer,Çekirdek
göztepe,Süper Lig,Futbol,Lig,1. Seviye,Çekirdek,Erkek,Kulüp,Takım Sporu,Türkiye,Yerli,Türk Takımı Var,TV+ Yok,Yıllık,Sürekli Lig,Takım Jenerik,Bilgi,Takım,Jenerik,Türkçe,Head,Takım Jenerik,Çekirdek
göztepe maçları,Süper Lig,Futbol,Lig,1. Seviye,Çekirdek,Erkek,Kulüp,Takım Sporu,Türkiye,Yerli,Türk Takımı Var,TV+ Yok,Yıllık,Sürekli Lig,Takım Maç Sorgusu,Bilgi,Takım,Jenerik,Türkçe,Head,Takım Maç Sorgusu,Çekirdek
göztepe fikstür,Süper Lig,Futbol,Lig,1. Seviye,Çekirdek,Erkek,Kulüp,Takım Sporu,Türkiye,Yerli,Türk Takımı Var,TV+ Yok,Yıllık,Sürekli Lig,Fikstür,Bilgi,Takım,Jenerik,Türkçe,Head,Fikstür,Çekirdek
göztepe puan durumu,Süper Lig,Futbol,Lig,1. Seviye,Çekirdek,Erkek,Kulüp,Takım Sporu,Türkiye,Yerli,Türk Takımı Var,TV+ Yok,Yıllık,Sürekli Lig,Puan Durumu,Bilgi,Takım,Jenerik,Türkçe,Body,Puan Durumu,Çekirdek
göztepe kadrosu,Süper Lig,Futbol,Lig,1. Seviye,Çekirdek,Erkek,Kulüp,Takım Sporu,Türkiye,Yerli,Türk Takımı Var,TV+ Yok,Yıllık,Sürekli Lig,Kadro,Bilgi,Takım,Jenerik,Türkçe,Head,Kadro,Çekirdek
göztepe canlı izle,Süper Lig,Futbol,Lig,1. Seviye,Çekirdek,Erkek,Kulüp,Takım Sporu,Türkiye,Yerli,Türk Takımı Var,TV+ Yok,Yıllık,Sürekli Lig,Canlı İzle,İzleme,Takım,Jenerik,Türkçe,Body,Canlı İzle,Çekirdek
göztepe transfer,Süper Lig,Futbol,Lig,1. Seviye,Çekirdek,Erkek,Kulüp,Takım Sporu,Türkiye,Yerli,Türk Takımı Var,TV+ Yok,Yıllık,Sürekli Lig,Transfer,Bilgi,Takım,Jenerik,Türkçe,Head,Transfer,Çekirdek
alanyaspor,Süper Lig,Futbol,Lig,1. Seviye,Çekirdek,Erkek,Kulüp,Takım Sporu,Türkiye,Yerli,Türk Takımı Var,TV+ Yok,Yıllık,Sürekli Lig,Takım Jenerik,Bilgi,Takım,Jenerik,İngilizce,Head,Takım Jenerik,Çekirdek
alanyaspor maçları,Süper Lig,Futbol,Lig,1. Seviye,Çekirdek,Erkek,Kulüp,Takım Sporu,Türkiye,Yerli,Türk Takımı Var,TV+ Yok,Yıllık,Sürekli Lig,Takım Maç Sorgusu,Bilgi,Takım,Jenerik,Türkçe,Head,Takım Maç Sorgusu,Çekirdek
alanyaspor fikstür,Süper Lig,Futbol,Lig,1. Seviye,Çekirdek,Erkek,Kulüp,Takım Sporu,Türkiye,Yerli,Türk Takımı Var,TV+ Yok,Yıllık,Sürekli Lig,Fikstür,Bilgi,Takım,Jenerik,Türkçe,Head,Fikstür,Çekirdek
alanyaspor puan durumu,Süper Lig,Futbol,Lig,1. Seviye,Çekirdek,Erkek,Kulüp,Takım Sporu,Türkiye,Yerli,Türk Takımı Var,TV+ Yok,Yıllık,Sürekli Lig,Puan Durumu,Bilgi,Takım,Jenerik,İngilizce,Body,Puan Durumu,Çekirdek
alanyaspor kadrosu,Süper Lig,Futbol,Lig,1. Seviye,Çekirdek,Erkek,Kulüp,Takım Sporu,Türkiye,Yerli,Türk Takımı Var,TV+ Yok,Yıllık,Sürekli Lig,Kadro,Bilgi,Takım,Jenerik,İngilizce,Head,Kadro,Çekirdek
alanyaspor canlı izle,Süper Lig,Futbol,Lig,1. Seviye,Çekirdek,Erkek,Kulüp,Takım Sporu,Türkiye,Yerli,Türk Takımı Var,TV+ Yok,Yıllık,Sürekli Lig,Canlı İzle,İzleme,Takım,Jenerik,Türkçe,Body,Canlı İzle,Çekirdek
alanyaspor transfer,Süper Lig,Futbol,Lig,1. Seviye,Çekirdek,Erkek,Kulüp,Takım Sporu,Türkiye,Yerli,Türk Takımı Var,TV+ Yok,Yıllık,Sürekli Lig,Transfer,Bilgi,Takım,Jenerik,İngilizce,Head,Transfer,Çekirdek
konyaspor,Süper Lig,Futbol,Lig,1. Seviye,Çekirdek,Erkek,Kulüp,Takım Sporu,Türkiye,Yerli,Türk Takımı Var,TV+ Yok,Yıllık,Sürekli Lig,Takım Jenerik,Bilgi,Takım,Jenerik,İngilizce,Head,Takım Jenerik,Çekirdek
konyaspor maçları,Süper Lig,Futbol,Lig,1. Seviye,Çekirdek,Erkek,Kulüp,Takım Sporu,Türkiye,Yerli,Türk Takımı Var,TV+ Yok,Yıllık,Sürekli Lig,Takım Maç Sorgusu,Bilgi,Takım,Jenerik,Türkçe,Head,Takım Maç Sorgusu,Çekirdek
konyaspor fikstür,Süper Lig,Futbol,Lig,1. Seviye,Çekirdek,Erkek,Kulüp,Takım Sporu,Türkiye,Yerli,Türk Takımı Var,TV+ Yok,Yıllık,Sürekli Lig,Fikstür,Bilgi,Takım,Jenerik,Türkçe,Head,Fikstür,Çekirdek
konyaspor puan durumu,Süper Lig,Futbol,Lig,1. Seviye,Çekirdek,Erkek,Kulüp,Takım Sporu,Türkiye,Yerli,Türk Takımı Var,TV+ Yok,Yıllık,Sürekli Lig,Puan Durumu,Bilgi,Takım,Jenerik,İngilizce,Body,Puan Durumu,Çekirdek
konyaspor kadrosu,Süper Lig,Futbol,Lig,1. Seviye,Çekirdek,Erkek,Kulüp,Takım Sporu,Türkiye,Yerli,Türk Takımı Var,TV+ Yok,Yıllık,Sürekli Lig,Kadro,Bilgi,Takım,Jenerik,İngilizce,Head,Kadro,Çekirdek
konyaspor canlı izle,Süper Lig,Futbol,Lig,1. Seviye,Çekirdek,Erkek,Kulüp,Takım Sporu,Türkiye,Yerli,Türk Takımı Var,TV+ Yok,Yıllık,Sürekli Lig,Canlı İzle,İzleme,Takım,Jenerik,Türkçe,Body,Canlı İzle,Çekirdek
konyaspor transfer,Süper Lig,Futbol,Lig,1. Seviye,Çekirdek,Erkek,Kulüp,Takım Sporu,Türkiye,Yerli,Türk Takımı Var,TV+ Yok,Yıllık,Sürekli Lig,Transfer,Bilgi,Takım,Jenerik,İngilizce,Head,Transfer,Çekirdek
antalyaspor,Süper Lig,Futbol,Lig,1. Seviye,Çekirdek,Erkek,Kulüp,Takım Sporu,Türkiye,Yerli,Türk Takımı Var,TV+ Yok,Yıllık,Sürekli Lig,Takım Jenerik,Bilgi,Takım,Jenerik,İngilizce,Head,Takım Jenerik,Çekirdek
antalyaspor maçları,Süper Lig,Futbol,Lig,1. Seviye,Çekirdek,Erkek,Kulüp,Takım Sporu,Türkiye,Yerli,Türk Takımı Var,TV+ Yok,Yıllık,Sürekli Lig,Takım Maç Sorgusu,Bilgi,Takım,Jenerik,Türkçe,Head,Takım Maç Sorgusu,Çekirdek
antalyaspor fikstür,Süper Lig,Futbol,Lig,1. Seviye,Çekirdek,Erkek,Kulüp,Takım Sporu,Türkiye,Yerli,Türk Takımı Var,TV+ Yok,Yıllık,Sürekli Lig,Fikstür,Bilgi,Takım,Jenerik,Türkçe,Head,Fikstür,Çekirdek
antalyaspor puan durumu,Süper Lig,Futbol,Lig,1. Seviye,Çekirdek,Erkek,Kulüp,Takım Sporu,Türkiye,Yerli,Türk Takımı Var,TV+ Yok,Yıllık,Sürekli Lig,Puan Durumu,Bilgi,Takım,Jenerik,İngilizce,Body,Puan Durumu,Çekirdek
antalyaspor kadrosu,Süper Lig,Futbol,Lig,1. Seviye,Çekirdek,Erkek,Kulüp,Takım Sporu,Türkiye,Yerli,Türk Takımı Var,TV+ Yok,Yıllık,Sürekli Lig,Kadro,Bilgi,Takım,Jenerik,İngilizce,Head,Kadro,Çekirdek
antalyaspor canlı izle,Süper Lig,Futbol,Lig,1. Seviye,Çekirdek,Erkek,Kulüp,Takım Sporu,Türkiye,Yerli,Türk Takımı Var,TV+ Yok,Yıllık,Sürekli Lig,Canlı İzle,İzleme,Takım,Jenerik,Türkçe,Body,Canlı İzle,Çekirdek
antalyaspor transfer,Süper Lig,Futbol,Lig,1. Seviye,Çekirdek,Erkek,Kulüp,Takım Sporu,Türkiye,Yerli,Türk Takımı Var,TV+ Yok,Yıllık,Sürekli Lig,Transfer,Bilgi,Takım,Jenerik,İngilizce,Head,Transfer,Çekirdek
kasımpaşa,Süper Lig,Futbol,Lig,1. Seviye,Çekirdek,Erkek,Kulüp,Takım Sporu,Türkiye,Yerli,Türk Takımı Var,TV+ Yok,Yıllık,Sürekli Lig,Takım Jenerik,Bilgi,Takım,Jenerik,Türkçe,Head,Takım Jenerik,Çekirdek
kasımpaşa maçları,Süper Lig,Futbol,Lig,1. Seviye,Çekirdek,Erkek,Kulüp,Takım Sporu,Türkiye,Yerli,Türk Takımı Var,TV+ Yok,Yıllık,Sürekli Lig,Takım Maç Sorgusu,Bilgi,Takım,Jenerik,Türkçe,Head,Takım Maç Sorgusu,Çekirdek
kasımpaşa fikstür,Süper Lig,Futbol,Lig,1. Seviye,Çekirdek,Erkek,Kulüp,Takım Sporu,Türkiye,Yerli,Türk Takımı Var,TV+ Yok,Yıllık,Sürekli Lig,Fikstür,Bilgi,Takım,Jenerik,Türkçe,Head,Fikstür,Çekirdek
kasımpaşa puan durumu,Süper Lig,Futbol,Lig,1. Seviye,Çekirdek,Erkek,Kulüp,Takım Sporu,Türkiye,Yerli,Türk Takımı Var,TV+ Yok,Yıllık,Sürekli Lig,Puan Durumu,Bilgi,Takım,Jenerik,Türkçe,Body,Puan Durumu,Çekirdek
kasımpaşa kadrosu,Süper Lig,Futbol,Lig,1. Seviye,Çekirdek,Erkek,Kulüp,Takım Sporu,Türkiye,Yerli,Türk Takımı Var,TV+ Yok,Yıllık,Sürekli Lig,Kadro,Bilgi,Takım,Jenerik,Türkçe,Head,Kadro,Çekirdek
kasımpaşa canlı izle,Süper Lig,Futbol,Lig,1. Seviye,Çekirdek,Erkek,Kulüp,Takım Sporu,Türkiye,Yerli,Türk Takımı Var,TV+ Yok,Yıllık,Sürekli Lig,Canlı İzle,İzleme,Takım,Jenerik,Türkçe,Body,Canlı İzle,Çekirdek
kasımpaşa transfer,Süper Lig,Futbol,Lig,1. Seviye,Çekirdek,Erkek,Kulüp,Takım Sporu,Türkiye,Yerli,Türk Takımı Var,TV+ Yok,Yıllık,Sürekli Lig,Transfer,Bilgi,Takım,Jenerik,Türkçe,Head,Transfer,Çekirdek
çaykur rizespor,Süper Lig,Futbol,Lig,1. Seviye,Çekirdek,Erkek,Kulüp,Takım Sporu,Türkiye,Yerli,Türk Takımı Var,TV+ Yok,Yıllık,Sürekli Lig,Takım Jenerik,Bilgi,Takım,Jenerik,Türkçe,Head,Takım Jenerik,Çekirdek
çaykur rizespor maçları,Süper Lig,Futbol,Lig,1. Seviye,Çekirdek,Erkek,Kulüp,Takım Sporu,Türkiye,Yerli,Türk Takımı Var,TV+ Yok,Yıllık,Sürekli Lig,Takım Maç Sorgusu,Bilgi,Takım,Jenerik,Türkçe,Body,Takım Maç Sorgusu,Çekirdek
çaykur rizespor fikstür,Süper Lig,Futbol,Lig,1. Seviye,Çekirdek,Erkek,Kulüp,Takım Sporu,Türkiye,Yerli,Türk Takımı Var,TV+ Yok,Yıllık,Sürekli Lig,Fikstür,Bilgi,Takım,Jenerik,Türkçe,Body,Fikstür,Çekirdek
çaykur rizespor puan durumu,Süper Lig,Futbol,Lig,1. Seviye,Çekirdek,Erkek,Kulüp,Takım Sporu,Türkiye,Yerli,Türk Takımı Var,TV+ Yok,Yıllık,Sürekli Lig,Puan Durumu,Bilgi,Takım,Jenerik,Türkçe,Body,Puan Durumu,Çekirdek
çaykur rizespor kadrosu,Süper Lig,Futbol,Lig,1. Seviye,Çekirdek,Erkek,Kulüp,Takım Sporu,Türkiye,Yerli,Türk Takımı Var,TV+ Yok,Yıllık,Sürekli Lig,Kadro,Bilgi,Takım,Jenerik,Türkçe,Body,Kadro,Çekirdek
çaykur rizespor canlı izle,Süper Lig,Futbol,Lig,1. Seviye,Çekirdek,Erkek,Kulüp,Takım Sporu,Türkiye,Yerli,Türk Takımı Var,TV+ Yok,Yıllık,Sürekli Lig,Canlı İzle,İzleme,Takım,Jenerik,Türkçe,Body,Canlı İzle,Çekirdek
çaykur rizespor transfer,Süper Lig,Futbol,Lig,1. Seviye,Çekirdek,Erkek,Kulüp,Takım Sporu,Türkiye,Yerli,Türk Takımı Var,TV+ Yok,Yıllık,Sürekli Lig,Transfer,Bilgi,Takım,Jenerik,Türkçe,Body,Transfer,Çekirdek
gaziantep fk,Süper Lig,Futbol,Lig,1. Seviye,Çekirdek,Erkek,Kulüp,Takım Sporu,Türkiye,Yerli,Türk Takımı Var,TV+ Yok,Yıllık,Sürekli Lig,Takım Jenerik,Bilgi,Takım,Jenerik,İngilizce,Head,Takım Jenerik,Çekirdek
gaziantep fk maçları,Süper Lig,Futbol,Lig,1. Seviye,Çekirdek,Erkek,Kulüp,Takım Sporu,Türkiye,Yerli,Türk Takımı Var,TV+ Yok,Yıllık,Sürekli Lig,Takım Maç Sorgusu,Bilgi,Takım,Jenerik,Türkçe,Body,Takım Maç Sorgusu,Çekirdek
gaziantep fk fikstür,Süper Lig,Futbol,Lig,1. Seviye,Çekirdek,Erkek,Kulüp,Takım Sporu,Türkiye,Yerli,Türk Takımı Var,TV+ Yok,Yıllık,Sürekli Lig,Fikstür,Bilgi,Takım,Jenerik,Türkçe,Body,Fikstür,Çekirdek
gaziantep fk puan durumu,Süper Lig,Futbol,Lig,1. Seviye,Çekirdek,Erkek,Kulüp,Takım Sporu,Türkiye,Yerli,Türk Takımı Var,TV+ Yok,Yıllık,Sürekli Lig,Puan Durumu,Bilgi,Takım,Jenerik,İngilizce,Body,Puan Durumu,Çekirdek
gaziantep fk kadrosu,Süper Lig,Futbol,Lig,1. Seviye,Çekirdek,Erkek,Kulüp,Takım Sporu,Türkiye,Yerli,Türk Takımı Var,TV+ Yok,Yıllık,Sürekli Lig,Kadro,Bilgi,Takım,Jenerik,İngilizce,Body,Kadro,Çekirdek
gaziantep fk canlı izle,Süper Lig,Futbol,Lig,1. Seviye,Çekirdek,Erkek,Kulüp,Takım Sporu,Türkiye,Yerli,Türk Takımı Var,TV+ Yok,Yıllık,Sürekli Lig,Canlı İzle,İzleme,Takım,Jenerik,Türkçe,Body,Canlı İzle,Çekirdek
gaziantep fk transfer,Süper Lig,Futbol,Lig,1. Seviye,Çekirdek,Erkek,Kulüp,Takım Sporu,Türkiye,Yerli,Türk Takımı Var,TV+ Yok,Yıllık,Sürekli Lig,Transfer,Bilgi,Takım,Jenerik,İngilizce,Body,Transfer,Çekirdek
eyüpspor,Süper Lig,Futbol,Lig,1. Seviye,Çekirdek,Erkek,Kulüp,Takım Sporu,Türkiye,Yerli,Türk Takımı Var,TV+ Yok,Yıllık,Sürekli Lig,Takım Jenerik,Bilgi,Takım,Jenerik,Türkçe,Head,Takım Jenerik,Çekirdek
eyüpspor maçları,Süper Lig,Futbol,Lig,1. Seviye,Çekirdek,Erkek,Kulüp,Takım Sporu,Türkiye,Yerli,Türk Takımı Var,TV+ Yok,Yıllık,Sürekli Lig,Takım Maç Sorgusu,Bilgi,Takım,Jenerik,Türkçe,Head,Takım Maç Sorgusu,Çekirdek
eyüpspor fikstür,Süper Lig,Futbol,Lig,1. Seviye,Çekirdek,Erkek,Kulüp,Takım Sporu,Türkiye,Yerli,Türk Takımı Var,TV+ Yok,Yıllık,Sürekli Lig,Fikstür,Bilgi,Takım,Jenerik,Türkçe,Head,Fikstür,Çekirdek
eyüpspor puan durumu,Süper Lig,Futbol,Lig,1. Seviye,Çekirdek,Erkek,Kulüp,Takım Sporu,Türkiye,Yerli,Türk Takımı Var,TV+ Yok,Yıllık,Sürekli Lig,Puan Durumu,Bilgi,Takım,Jenerik,Türkçe,Body,Puan Durumu,Çekirdek
eyüpspor kadrosu,Süper Lig,Futbol,Lig,1. Seviye,Çekirdek,Erkek,Kulüp,Takım Sporu,Türkiye,Yerli,Türk Takımı Var,TV+ Yok,Yıllık,Sürekli Lig,Kadro,Bilgi,Takım,Jenerik,Türkçe,Head,Kadro,Çekirdek
eyüpspor canlı izle,Süper Lig,Futbol,Lig,1. Seviye,Çekirdek,Erkek,Kulüp,Takım Sporu,Türkiye,Yerli,Türk Takımı Var,TV+ Yok,Yıllık,Sürekli Lig,Canlı İzle,İzleme,Takım,Jenerik,Türkçe,Body,Canlı İzle,Çekirdek
eyüpspor transfer,Süper Lig,Futbol,Lig,1. Seviye,Çekirdek,Erkek,Kulüp,Takım Sporu,Türkiye,Yerli,Türk Takımı Var,TV+ Yok,Yıllık,Sürekli Lig,Transfer,Bilgi,Takım,Jenerik,Türkçe,Head,Transfer,Çekirdek
fatih karagümrük,Süper Lig,Futbol,Lig,1. Seviye,Çekirdek,Erkek,Kulüp,Takım Sporu,Türkiye,Yerli,Türk Takımı Var,TV+ Yok,Yıllık,Sürekli Lig,Takım Jenerik,Bilgi,Takım,Jenerik,Türkçe,Head,Takım Jenerik,Çekirdek
fatih karagümrük maçları,Süper Lig,Futbol,Lig,1. Seviye,Çekirdek,Erkek,Kulüp,Takım Sporu,Türkiye,Yerli,Türk Takımı Var,TV+ Yok,Yıllık,Sürekli Lig,Takım Maç Sorgusu,Bilgi,Takım,Jenerik,Türkçe,Body,Takım Maç Sorgusu,Çekirdek
fatih karagümrük fikstür,Süper Lig,Futbol,Lig,1. Seviye,Çekirdek,Erkek,Kulüp,Takım Sporu,Türkiye,Yerli,Türk Takımı Var,TV+ Yok,Yıllık,Sürekli Lig,Fikstür,Bilgi,Takım,Jenerik,Türkçe,Body,Fikstür,Çekirdek
fatih karagümrük puan durumu,Süper Lig,Futbol,Lig,1. Seviye,Çekirdek,Erkek,Kulüp,Takım Sporu,Türkiye,Yerli,Türk Takımı Var,TV+ Yok,Yıllık,Sürekli Lig,Puan Durumu,Bilgi,Takım,Jenerik,Türkçe,Body,Puan Durumu,Çekirdek
fatih karagümrük kadrosu,Süper Lig,Futbol,Lig,1. Seviye,Çekirdek,Erkek,Kulüp,Takım Sporu,Türkiye,Yerli,Türk Takımı Var,TV+ Yok,Yıllık,Sürekli Lig,Kadro,Bilgi,Takım,Jenerik,Türkçe,Body,Kadro,Çekirdek
fatih karagümrük canlı izle,Süper Lig,Futbol,Lig,1. Seviye,Çekirdek,Erkek,Kulüp,Takım Sporu,Türkiye,Yerli,Türk Takımı Var,TV+ Yok,Yıllık,Sürekli Lig,Canlı İzle,İzleme,Takım,Jenerik,Türkçe,Body,Canlı İzle,Çekirdek
fatih karagümrük transfer,Süper Lig,Futbol,Lig,1. Seviye,Çekirdek,Erkek,Kulüp,Takım Sporu,Türkiye,Yerli,Türk Takımı Var,TV+ Yok,Yıllık,Sürekli Lig,Transfer,Bilgi,Takım,Jenerik,Türkçe,Body,Transfer,Çekirdek
gençlerbirliği,Süper Lig,Futbol,Lig,1. Seviye,Çekirdek,Erkek,Kulüp,Takım Sporu,Türkiye,Yerli,Türk Takımı Var,TV+ Yok,Yıllık,Sürekli Lig,Takım Jenerik,Bilgi,Takım,Jenerik,Türkçe,Head,Takım Jenerik,Çekirdek
gençlerbirliği maçları,Süper Lig,Futbol,Lig,1. Seviye,Çekirdek,Erkek,Kulüp,Takım Sporu,Türkiye,Yerli,Türk Takımı Var,TV+ Yok,Yıllık,Sürekli Lig,Takım Maç Sorgusu,Bilgi,Takım,Jenerik,Türkçe,Head,Takım Maç Sorgusu,Çekirdek
gençlerbirliği fikstür,Süper Lig,Futbol,Lig,1. Seviye,Çekirdek,Erkek,Kulüp,Takım Sporu,Türkiye,Yerli,Türk Takımı Var,TV+ Yok,Yıllık,Sürekli Lig,Fikstür,Bilgi,Takım,Jenerik,Türkçe,Head,Fikstür,Çekirdek
gençlerbirliği puan durumu,Süper Lig,Futbol,Lig,1. Seviye,Çekirdek,Erkek,Kulüp,Takım Sporu,Türkiye,Yerli,Türk Takımı Var,TV+ Yok,Yıllık,Sürekli Lig,Puan Durumu,Bilgi,Takım,Jenerik,Türkçe,Body,Puan Durumu,Çekirdek
gençlerbirliği kadrosu,Süper Lig,Futbol,Lig,1. Seviye,Çekirdek,Erkek,Kulüp,Takım Sporu,Türkiye,Yerli,Türk Takımı Var,TV+ Yok,Yıllık,Sürekli Lig,Kadro,Bilgi,Takım,Jenerik,Türkçe,Head,Kadro,Çekirdek
gençlerbirliği canlı izle,Süper Lig,Futbol,Lig,1. Seviye,Çekirdek,Erkek,Kulüp,Takım Sporu,Türkiye,Yerli,Türk Takımı Var,TV+ Yok,Yıllık,Sürekli Lig,Canlı İzle,İzleme,Takım,Jenerik,Türkçe,Body,Canlı İzle,Çekirdek
gençlerbirliği transfer,Süper Lig,Futbol,Lig,1. Seviye,Çekirdek,Erkek,Kulüp,Takım Sporu,Türkiye,Yerli,Türk Takımı Var,TV+ Yok,Yıllık,Sürekli Lig,Transfer,Bilgi,Takım,Jenerik,Türkçe,Head,Transfer,Çekirdek
kayserispor,Süper Lig,Futbol,Lig,1. Seviye,Çekirdek,Erkek,Kulüp,Takım Sporu,Türkiye,Yerli,Türk Takımı Var,TV+ Yok,Yıllık,Sürekli Lig,Takım Jenerik,Bilgi,Takım,Jenerik,İngilizce,Head,Takım Jenerik,Çekirdek
kayserispor maçları,Süper Lig,Futbol,Lig,1. Seviye,Çekirdek,Erkek,Kulüp,Takım Sporu,Türkiye,Yerli,Türk Takımı Var,TV+ Yok,Yıllık,Sürekli Lig,Takım Maç Sorgusu,Bilgi,Takım,Jenerik,Türkçe,Head,Takım Maç Sorgusu,Çekirdek
kayserispor fikstür,Süper Lig,Futbol,Lig,1. Seviye,Çekirdek,Erkek,Kulüp,Takım Sporu,Türkiye,Yerli,Türk Takımı Var,TV+ Yok,Yıllık,Sürekli Lig,Fikstür,Bilgi,Takım,Jenerik,Türkçe,Head,Fikstür,Çekirdek
kayserispor puan durumu,Süper Lig,Futbol,Lig,1. Seviye,Çekirdek,Erkek,Kulüp,Takım Sporu,Türkiye,Yerli,Türk Takımı Var,TV+ Yok,Yıllık,Sürekli Lig,Puan Durumu,Bilgi,Takım,Jenerik,İngilizce,Body,Puan Durumu,Çekirdek
kayserispor kadrosu,Süper Lig,Futbol,Lig,1. Seviye,Çekirdek,Erkek,Kulüp,Takım Sporu,Türkiye,Yerli,Türk Takımı Var,TV+ Yok,Yıllık,Sürekli Lig,Kadro,Bilgi,Takım,Jenerik,İngilizce,Head,Kadro,Çekirdek
kayserispor canlı izle,Süper Lig,Futbol,Lig,1. Seviye,Çekirdek,Erkek,Kulüp,Takım Sporu,Türkiye,Yerli,Türk Takımı Var,TV+ Yok,Yıllık,Sürekli Lig,Canlı İzle,İzleme,Takım,Jenerik,Türkçe,Body,Canlı İzle,Çekirdek
kayserispor transfer,Süper Lig,Futbol,Lig,1. Seviye,Çekirdek,Erkek,Kulüp,Takım Sporu,Türkiye,Yerli,Türk Takımı Var,TV+ Yok,Yıllık,Sürekli Lig,Transfer,Bilgi,Takım,Jenerik,İngilizce,Head,Transfer,Çekirdek
amed sportif,Süper Lig,Futbol,Lig,1. Seviye,Çekirdek,Erkek,Kulüp,Takım Sporu,Türkiye,Yerli,Türk Takımı Var,TV+ Yok,Yıllık,Sürekli Lig,Takım Jenerik,Bilgi,Takım,Jenerik,İngilizce,Head,Takım Jenerik,Çekirdek
amed sportif maçları,Süper Lig,Futbol,Lig,1. Seviye,Çekirdek,Erkek,Kulüp,Takım Sporu,Türkiye,Yerli,Türk Takımı Var,TV+ Yok,Yıllık,Sürekli Lig,Takım Maç Sorgusu,Bilgi,Takım,Jenerik,Türkçe,Body,Takım Maç Sorgusu,Çekirdek
amed sportif fikstür,Süper Lig,Futbol,Lig,1. Seviye,Çekirdek,Erkek,Kulüp,Takım Sporu,Türkiye,Yerli,Türk Takımı Var,TV+ Yok,Yıllık,Sürekli Lig,Fikstür,Bilgi,Takım,Jenerik,Türkçe,Body,Fikstür,Çekirdek
amed sportif puan durumu,Süper Lig,Futbol,Lig,1. Seviye,Çekirdek,Erkek,Kulüp,Takım Sporu,Türkiye,Yerli,Türk Takımı Var,TV+ Yok,Yıllık,Sürekli Lig,Puan Durumu,Bilgi,Takım,Jenerik,İngilizce,Body,Puan Durumu,Çekirdek
amed sportif kadrosu,Süper Lig,Futbol,Lig,1. Seviye,Çekirdek,Erkek,Kulüp,Takım Sporu,Türkiye,Yerli,Türk Takımı Var,TV+ Yok,Yıllık,Sürekli Lig,Kadro,Bilgi,Takım,Jenerik,İngilizce,Body,Kadro,Çekirdek
amed sportif canlı izle,Süper Lig,Futbol,Lig,1. Seviye,Çekirdek,Erkek,Kulüp,Takım Sporu,Türkiye,Yerli,Türk Takımı Var,TV+ Yok,Yıllık,Sürekli Lig,Canlı İzle,İzleme,Takım,Jenerik,Türkçe,Body,Canlı İzle,Çekirdek
amed sportif transfer,Süper Lig,Futbol,Lig,1. Seviye,Çekirdek,Erkek,Kulüp,Takım Sporu,Türkiye,Yerli,Türk Takımı Var,TV+ Yok,Yıllık,Sürekli Lig,Transfer,Bilgi,Takım,Jenerik,İngilizce,Body,Transfer,Çekirdek
çorum fk,Süper Lig,Futbol,Lig,1. Seviye,Çekirdek,Erkek,Kulüp,Takım Sporu,Türkiye,Yerli,Türk Takımı Var,TV+ Yok,Yıllık,Sürekli Lig,Takım Jenerik,Bilgi,Takım,Jenerik,Türkçe,Head,Takım Jenerik,Çekirdek
çorum fk maçları,Süper Lig,Futbol,Lig,1. Seviye,Çekirdek,Erkek,Kulüp,Takım Sporu,Türkiye,Yerli,Türk Takımı Var,TV+ Yok,Yıllık,Sürekli Lig,Takım Maç Sorgusu,Bilgi,Takım,Jenerik,Türkçe,Body,Takım Maç Sorgusu,Çekirdek
çorum fk fikstür,Süper Lig,Futbol,Lig,1. Seviye,Çekirdek,Erkek,Kulüp,Takım Sporu,Türkiye,Yerli,Türk Takımı Var,TV+ Yok,Yıllık,Sürekli Lig,Fikstür,Bilgi,Takım,Jenerik,Türkçe,Body,Fikstür,Çekirdek
çorum fk puan durumu,Süper Lig,Futbol,Lig,1. Seviye,Çekirdek,Erkek,Kulüp,Takım Sporu,Türkiye,Yerli,Türk Takımı Var,TV+ Yok,Yıllık,Sürekli Lig,Puan Durumu,Bilgi,Takım,Jenerik,Türkçe,Body,Puan Durumu,Çekirdek
çorum fk kadrosu,Süper Lig,Futbol,Lig,1. Seviye,Çekirdek,Erkek,Kulüp,Takım Sporu,Türkiye,Yerli,Türk Takımı Var,TV+ Yok,Yıllık,Sürekli Lig,Kadro,Bilgi,Takım,Jenerik,Türkçe,Body,Kadro,Çekirdek
çorum fk canlı izle,Süper Lig,Futbol,Lig,1. Seviye,Çekirdek,Erkek,Kulüp,Takım Sporu,Türkiye,Yerli,Türk Takımı Var,TV+ Yok,Yıllık,Sürekli Lig,Canlı İzle,İzleme,Takım,Jenerik,Türkçe,Body,Canlı İzle,Çekirdek
çorum fk transfer,Süper Lig,Futbol,Lig,1. Seviye,Çekirdek,Erkek,Kulüp,Takım Sporu,Türkiye,Yerli,Türk Takımı Var,TV+ Yok,Yıllık,Sürekli Lig,Transfer,Bilgi,Takım,Jenerik,Türkçe,Body,Transfer,Çekirdek
erzurumspor,Süper Lig,Futbol,Lig,1. Seviye,Çekirdek,Erkek,Kulüp,Takım Sporu,Türkiye,Yerli,Türk Takımı Var,TV+ Yok,Yıllık,Sürekli Lig,Takım Jenerik,Bilgi,Takım,Jenerik,İngilizce,Head,Takım Jenerik,Çekirdek
erzurumspor maçları,Süper Lig,Futbol,Lig,1. Seviye,Çekirdek,Erkek,Kulüp,Takım Sporu,Türkiye,Yerli,Türk Takımı Var,TV+ Yok,Yıllık,Sürekli Lig,Takım Maç Sorgusu,Bilgi,Takım,Jenerik,Türkçe,Head,Takım Maç Sorgusu,Çekirdek
erzurumspor fikstür,Süper Lig,Futbol,Lig,1. Seviye,Çekirdek,Erkek,Kulüp,Takım Sporu,Türkiye,Yerli,Türk Takımı Var,TV+ Yok,Yıllık,Sürekli Lig,Fikstür,Bilgi,Takım,Jenerik,Türkçe,Head,Fikstür,Çekirdek
erzurumspor puan durumu,Süper Lig,Futbol,Lig,1. Seviye,Çekirdek,Erkek,Kulüp,Takım Sporu,Türkiye,Yerli,Türk Takımı Var,TV+ Yok,Yıllık,Sürekli Lig,Puan Durumu,Bilgi,Takım,Jenerik,İngilizce,Body,Puan Durumu,Çekirdek
erzurumspor kadrosu,Süper Lig,Futbol,Lig,1. Seviye,Çekirdek,Erkek,Kulüp,Takım Sporu,Türkiye,Yerli,Türk Takımı Var,TV+ Yok,Yıllık,Sürekli Lig,Kadro,Bilgi,Takım,Jenerik,İngilizce,Head,Kadro,Çekirdek
erzurumspor canlı izle,Süper Lig,Futbol,Lig,1. Seviye,Çekirdek,Erkek,Kulüp,Takım Sporu,Türkiye,Yerli,Türk Takımı Var,TV+ Yok,Yıllık,Sürekli Lig,Canlı İzle,İzleme,Takım,Jenerik,Türkçe,Body,Canlı İzle,Çekirdek
erzurumspor transfer,Süper Lig,Futbol,Lig,1. Seviye,Çekirdek,Erkek,Kulüp,Takım Sporu,Türkiye,Yerli,Türk Takımı Var,TV+ Yok,Yıllık,Sürekli Lig,Transfer,Bilgi,Takım,Jenerik,İngilizce,Head,Transfer,Çekirdek
bandırmaspor,TFF 1. Lig,Futbol,Lig,2. Seviye,Çekirdek,Erkek,Kulüp,Takım Sporu,Türkiye,Yerli,Türk Takımı Var,TV+ Yok,Yıllık,Sürekli Lig,Takım Jenerik,Bilgi,Takım,Jenerik,Türkçe,Head,Takım Jenerik,Çekirdek
bandırmaspor maçları,TFF 1. Lig,Futbol,Lig,2. Seviye,Çekirdek,Erkek,Kulüp,Takım Sporu,Türkiye,Yerli,Türk Takımı Var,TV+ Yok,Yıllık,Sürekli Lig,Takım Maç Sorgusu,Bilgi,Takım,Jenerik,Türkçe,Head,Takım Maç Sorgusu,Çekirdek
bandırmaspor fikstür,TFF 1. Lig,Futbol,Lig,2. Seviye,Çekirdek,Erkek,Kulüp,Takım Sporu,Türkiye,Yerli,Türk Takımı Var,TV+ Yok,Yıllık,Sürekli Lig,Fikstür,Bilgi,Takım,Jenerik,Türkçe,Head,Fikstür,Çekirdek
bandırmaspor puan durumu,TFF 1. Lig,Futbol,Lig,2. Seviye,Çekirdek,Erkek,Kulüp,Takım Sporu,Türkiye,Yerli,Türk Takımı Var,TV+ Yok,Yıllık,Sürekli Lig,Puan Durumu,Bilgi,Takım,Jenerik,Türkçe,Body,Puan Durumu,Çekirdek
bandırmaspor kadrosu,TFF 1. Lig,Futbol,Lig,2. Seviye,Çekirdek,Erkek,Kulüp,Takım Sporu,Türkiye,Yerli,Türk Takımı Var,TV+ Yok,Yıllık,Sürekli Lig,Kadro,Bilgi,Takım,Jenerik,Türkçe,Head,Kadro,Çekirdek
bandırmaspor canlı izle,TFF 1. Lig,Futbol,Lig,2. Seviye,Çekirdek,Erkek,Kulüp,Takım Sporu,Türkiye,Yerli,Türk Takımı Var,TV+ Yok,Yıllık,Sürekli Lig,Canlı İzle,İzleme,Takım,Jenerik,Türkçe,Body,Canlı İzle,Çekirdek
bandırmaspor transfer,TFF 1. Lig,Futbol,Lig,2. Seviye,Çekirdek,Erkek,Kulüp,Takım Sporu,Türkiye,Yerli,Türk Takımı Var,TV+ Yok,Yıllık,Sürekli Lig,Transfer,Bilgi,Takım,Jenerik,Türkçe,Head,Transfer,Çekirdek
sakaryaspor,TFF 1. Lig,Futbol,Lig,2. Seviye,Çekirdek,Erkek,Kulüp,Takım Sporu,Türkiye,Yerli,Türk Takımı Var,TV+ Yok,Yıllık,Sürekli Lig,Takım Jenerik,Bilgi,Takım,Jenerik,İngilizce,Head,Takım Jenerik,Çekirdek
sakaryaspor maçları,TFF 1. Lig,Futbol,Lig,2. Seviye,Çekirdek,Erkek,Kulüp,Takım Sporu,Türkiye,Yerli,Türk Takımı Var,TV+ Yok,Yıllık,Sürekli Lig,Takım Maç Sorgusu,Bilgi,Takım,Jenerik,Türkçe,Head,Takım Maç Sorgusu,Çekirdek
sakaryaspor fikstür,TFF 1. Lig,Futbol,Lig,2. Seviye,Çekirdek,Erkek,Kulüp,Takım Sporu,Türkiye,Yerli,Türk Takımı Var,TV+ Yok,Yıllık,Sürekli Lig,Fikstür,Bilgi,Takım,Jenerik,Türkçe,Head,Fikstür,Çekirdek
sakaryaspor puan durumu,TFF 1. Lig,Futbol,Lig,2. Seviye,Çekirdek,Erkek,Kulüp,Takım Sporu,Türkiye,Yerli,Türk Takımı Var,TV+ Yok,Yıllık,Sürekli Lig,Puan Durumu,Bilgi,Takım,Jenerik,İngilizce,Body,Puan Durumu,Çekirdek
sakaryaspor kadrosu,TFF 1. Lig,Futbol,Lig,2. Seviye,Çekirdek,Erkek,Kulüp,Takım Sporu,Türkiye,Yerli,Türk Takımı Var,TV+ Yok,Yıllık,Sürekli Lig,Kadro,Bilgi,Takım,Jenerik,İngilizce,Head,Kadro,Çekirdek
sakaryaspor canlı izle,TFF 1. Lig,Futbol,Lig,2. Seviye,Çekirdek,Erkek,Kulüp,Takım Sporu,Türkiye,Yerli,Türk Takımı Var,TV+ Yok,Yıllık,Sürekli Lig,Canlı İzle,İzleme,Takım,Jenerik,Türkçe,Body,Canlı İzle,Çekirdek
sakaryaspor transfer,TFF 1. Lig,Futbol,Lig,2. Seviye,Çekirdek,Erkek,Kulüp,Takım Sporu,Türkiye,Yerli,Türk Takımı Var,TV+ Yok,Yıllık,Sürekli Lig,Transfer,Bilgi,Takım,Jenerik,İngilizce,Head,Transfer,Çekirdek
boluspor,TFF 1. Lig,Futbol,Lig,2. Seviye,Çekirdek,Erkek,Kulüp,Takım Sporu,Türkiye,Yerli,Türk Takımı Var,TV+ Yok,Yıllık,Sürekli Lig,Takım Jenerik,Bilgi,Takım,Jenerik,İngilizce,Head,Takım Jenerik,Çekirdek
boluspor maçları,TFF 1. Lig,Futbol,Lig,2. Seviye,Çekirdek,Erkek,Kulüp,Takım Sporu,Türkiye,Yerli,Türk Takımı Var,TV+ Yok,Yıllık,Sürekli Lig,Takım Maç Sorgusu,Bilgi,Takım,Jenerik,Türkçe,Head,Takım Maç Sorgusu,Çekirdek
boluspor fikstür,TFF 1. Lig,Futbol,Lig,2. Seviye,Çekirdek,Erkek,Kulüp,Takım Sporu,Türkiye,Yerli,Türk Takımı Var,TV+ Yok,Yıllık,Sürekli Lig,Fikstür,Bilgi,Takım,Jenerik,Türkçe,Head,Fikstür,Çekirdek
boluspor puan durumu,TFF 1. Lig,Futbol,Lig,2. Seviye,Çekirdek,Erkek,Kulüp,Takım Sporu,Türkiye,Yerli,Türk Takımı Var,TV+ Yok,Yıllık,Sürekli Lig,Puan Durumu,Bilgi,Takım,Jenerik,İngilizce,Body,Puan Durumu,Çekirdek
boluspor kadrosu,TFF 1. Lig,Futbol,Lig,2. Seviye,Çekirdek,Erkek,Kulüp,Takım Sporu,Türkiye,Yerli,Türk Takımı Var,TV+ Yok,Yıllık,Sürekli Lig,Kadro,Bilgi,Takım,Jenerik,İngilizce,Head,Kadro,Çekirdek
boluspor canlı izle,TFF 1. Lig,Futbol,Lig,2. Seviye,Çekirdek,Erkek,Kulüp,Takım Sporu,Türkiye,Yerli,Türk Takımı Var,TV+ Yok,Yıllık,Sürekli Lig,Canlı İzle,İzleme,Takım,Jenerik,Türkçe,Body,Canlı İzle,Çekirdek
boluspor transfer,TFF 1. Lig,Futbol,Lig,2. Seviye,Çekirdek,Erkek,Kulüp,Takım Sporu,Türkiye,Yerli,Türk Takımı Var,TV+ Yok,Yıllık,Sürekli Lig,Transfer,Bilgi,Takım,Jenerik,İngilizce,Head,Transfer,Çekirdek
manisa fk,TFF 1. Lig,Futbol,Lig,2. Seviye,Çekirdek,Erkek,Kulüp,Takım Sporu,Türkiye,Yerli,Türk Takımı Var,TV+ Yok,Yıllık,Sürekli Lig,Takım Jenerik,Bilgi,Takım,Jenerik,İngilizce,Head,Takım Jenerik,Çekirdek
manisa fk maçları,TFF 1. Lig,Futbol,Lig,2. Seviye,Çekirdek,Erkek,Kulüp,Takım Sporu,Türkiye,Yerli,Türk Takımı Var,TV+ Yok,Yıllık,Sürekli Lig,Takım Maç Sorgusu,Bilgi,Takım,Jenerik,Türkçe,Body,Takım Maç Sorgusu,Çekirdek
manisa fk fikstür,TFF 1. Lig,Futbol,Lig,2. Seviye,Çekirdek,Erkek,Kulüp,Takım Sporu,Türkiye,Yerli,Türk Takımı Var,TV+ Yok,Yıllık,Sürekli Lig,Fikstür,Bilgi,Takım,Jenerik,Türkçe,Body,Fikstür,Çekirdek
manisa fk puan durumu,TFF 1. Lig,Futbol,Lig,2. Seviye,Çekirdek,Erkek,Kulüp,Takım Sporu,Türkiye,Yerli,Türk Takımı Var,TV+ Yok,Yıllık,Sürekli Lig,Puan Durumu,Bilgi,Takım,Jenerik,İngilizce,Body,Puan Durumu,Çekirdek
manisa fk kadrosu,TFF 1. Lig,Futbol,Lig,2. Seviye,Çekirdek,Erkek,Kulüp,Takım Sporu,Türkiye,Yerli,Türk Takımı Var,TV+ Yok,Yıllık,Sürekli Lig,Kadro,Bilgi,Takım,Jenerik,İngilizce,Body,Kadro,Çekirdek
manisa fk canlı izle,TFF 1. Lig,Futbol,Lig,2. Seviye,Çekirdek,Erkek,Kulüp,Takım Sporu,Türkiye,Yerli,Türk Takımı Var,TV+ Yok,Yıllık,Sürekli Lig,Canlı İzle,İzleme,Takım,Jenerik,Türkçe,Body,Canlı İzle,Çekirdek
manisa fk transfer,TFF 1. Lig,Futbol,Lig,2. Seviye,Çekirdek,Erkek,Kulüp,Takım Sporu,Türkiye,Yerli,Türk Takımı Var,TV+ Yok,Yıllık,Sürekli Lig,Transfer,Bilgi,Takım,Jenerik,İngilizce,Body,Transfer,Çekirdek
keçiörengücü,TFF 1. Lig,Futbol,Lig,2. Seviye,Çekirdek,Erkek,Kulüp,Takım Sporu,Türkiye,Yerli,Türk Takımı Var,TV+ Yok,Yıllık,Sürekli Lig,Takım Jenerik,Bilgi,Takım,Jenerik,Türkçe,Head,Takım Jenerik,Çekirdek
keçiörengücü maçları,TFF 1. Lig,Futbol,Lig,2. Seviye,Çekirdek,Erkek,Kulüp,Takım Sporu,Türkiye,Yerli,Türk Takımı Var,TV+ Yok,Yıllık,Sürekli Lig,Takım Maç Sorgusu,Bilgi,Takım,Jenerik,Türkçe,Head,Takım Maç Sorgusu,Çekirdek
keçiörengücü fikstür,TFF 1. Lig,Futbol,Lig,2. Seviye,Çekirdek,Erkek,Kulüp,Takım Sporu,Türkiye,Yerli,Türk Takımı Var,TV+ Yok,Yıllık,Sürekli Lig,Fikstür,Bilgi,Takım,Jenerik,Türkçe,Head,Fikstür,Çekirdek
keçiörengücü puan durumu,TFF 1. Lig,Futbol,Lig,2. Seviye,Çekirdek,Erkek,Kulüp,Takım Sporu,Türkiye,Yerli,Türk Takımı Var,TV+ Yok,Yıllık,Sürekli Lig,Puan Durumu,Bilgi,Takım,Jenerik,Türkçe,Body,Puan Durumu,Çekirdek
keçiörengücü kadrosu,TFF 1. Lig,Futbol,Lig,2. Seviye,Çekirdek,Erkek,Kulüp,Takım Sporu,Türkiye,Yerli,Türk Takımı Var,TV+ Yok,Yıllık,Sürekli Lig,Kadro,Bilgi,Takım,Jenerik,Türkçe,Head,Kadro,Çekirdek
keçiörengücü canlı izle,TFF 1. Lig,Futbol,Lig,2. Seviye,Çekirdek,Erkek,Kulüp,Takım Sporu,Türkiye,Yerli,Türk Takımı Var,TV+ Yok,Yıllık,Sürekli Lig,Canlı İzle,İzleme,Takım,Jenerik,Türkçe,Body,Canlı İzle,Çekirdek
keçiörengücü transfer,TFF 1. Lig,Futbol,Lig,2. Seviye,Çekirdek,Erkek,Kulüp,Takım Sporu,Türkiye,Yerli,Türk Takımı Var,TV+ Yok,Yıllık,Sürekli Lig,Transfer,Bilgi,Takım,Jenerik,Türkçe,Head,Transfer,Çekirdek
adana demirspor,TFF 1. Lig,Futbol,Lig,2. Seviye,Çekirdek,Erkek,Kulüp,Takım Sporu,Türkiye,Yerli,Türk Takımı Var,TV+ Yok,Yıllık,Sürekli Lig,Takım Jenerik,Bilgi,Takım,Jenerik,İngilizce,Head,Takım Jenerik,Çekirdek
adana demirspor maçları,TFF 1. Lig,Futbol,Lig,2. Seviye,Çekirdek,Erkek,Kulüp,Takım Sporu,Türkiye,Yerli,Türk Takımı Var,TV+ Yok,Yıllık,Sürekli Lig,Takım Maç Sorgusu,Bilgi,Takım,Jenerik,Türkçe,Body,Takım Maç Sorgusu,Çekirdek
adana demirspor fikstür,TFF 1. Lig,Futbol,Lig,2. Seviye,Çekirdek,Erkek,Kulüp,Takım Sporu,Türkiye,Yerli,Türk Takımı Var,TV+ Yok,Yıllık,Sürekli Lig,Fikstür,Bilgi,Takım,Jenerik,Türkçe,Body,Fikstür,Çekirdek
adana demirspor puan durumu,TFF 1. Lig,Futbol,Lig,2. Seviye,Çekirdek,Erkek,Kulüp,Takım Sporu,Türkiye,Yerli,Türk Takımı Var,TV+ Yok,Yıllık,Sürekli Lig,Puan Durumu,Bilgi,Takım,Jenerik,İngilizce,Body,Puan Durumu,Çekirdek
adana demirspor kadrosu,TFF 1. Lig,Futbol,Lig,2. Seviye,Çekirdek,Erkek,Kulüp,Takım Sporu,Türkiye,Yerli,Türk Takımı Var,TV+ Yok,Yıllık,Sürekli Lig,Kadro,Bilgi,Takım,Jenerik,İngilizce,Body,Kadro,Çekirdek
adana demirspor canlı izle,TFF 1. Lig,Futbol,Lig,2. Seviye,Çekirdek,Erkek,Kulüp,Takım Sporu,Türkiye,Yerli,Türk Takımı Var,TV+ Yok,Yıllık,Sürekli Lig,Canlı İzle,İzleme,Takım,Jenerik,Türkçe,Body,Canlı İzle,Çekirdek
adana demirspor transfer,TFF 1. Lig,Futbol,Lig,2. Seviye,Çekirdek,Erkek,Kulüp,Takım Sporu,Türkiye,Yerli,Türk Takımı Var,TV+ Yok,Yıllık,Sürekli Lig,Transfer,Bilgi,Takım,Jenerik,İngilizce,Body,Transfer,Çekirdek
ümraniyespor,TFF 1. Lig,Futbol,Lig,2. Seviye,Çekirdek,Erkek,Kulüp,Takım Sporu,Türkiye,Yerli,Türk Takımı Var,TV+ Yok,Yıllık,Sürekli Lig,Takım Jenerik,Bilgi,Takım,Jenerik,Türkçe,Head,Takım Jenerik,Çekirdek
ümraniyespor maçları,TFF 1. Lig,Futbol,Lig,2. Seviye,Çekirdek,Erkek,Kulüp,Takım Sporu,Türkiye,Yerli,Türk Takımı Var,TV+ Yok,Yıllık,Sürekli Lig,Takım Maç Sorgusu,Bilgi,Takım,Jenerik,Türkçe,Head,Takım Maç Sorgusu,Çekirdek
ümraniyespor fikstür,TFF 1. Lig,Futbol,Lig,2. Seviye,Çekirdek,Erkek,Kulüp,Takım Sporu,Türkiye,Yerli,Türk Takımı Var,TV+ Yok,Yıllık,Sürekli Lig,Fikstür,Bilgi,Takım,Jenerik,Türkçe,Head,Fikstür,Çekirdek
ümraniyespor puan durumu,TFF 1. Lig,Futbol,Lig,2. Seviye,Çekirdek,Erkek,Kulüp,Takım Sporu,Türkiye,Yerli,Türk Takımı Var,TV+ Yok,Yıllık,Sürekli Lig,Puan Durumu,Bilgi,Takım,Jenerik,Türkçe,Body,Puan Durumu,Çekirdek
ümraniyespor kadrosu,TFF 1. Lig,Futbol,Lig,2. Seviye,Çekirdek,Erkek,Kulüp,Takım Sporu,Türkiye,Yerli,Türk Takımı Var,TV+ Yok,Yıllık,Sürekli Lig,Kadro,Bilgi,Takım,Jenerik,Türkçe,Head,Kadro,Çekirdek
ümraniyespor canlı izle,TFF 1. Lig,Futbol,Lig,2. Seviye,Çekirdek,Erkek,Kulüp,Takım Sporu,Türkiye,Yerli,Türk Takımı Var,TV+ Yok,Yıllık,Sürekli Lig,Canlı İzle,İzleme,Takım,Jenerik,Türkçe,Body,Canlı İzle,Çekirdek
ümraniyespor transfer,TFF 1. Lig,Futbol,Lig,2. Seviye,Çekirdek,Erkek,Kulüp,Takım Sporu,Türkiye,Yerli,Türk Takımı Var,TV+ Yok,Yıllık,Sürekli Lig,Transfer,Bilgi,Takım,Jenerik,Türkçe,Head,Transfer,Çekirdek
vanspor,TFF 1. Lig,Futbol,Lig,2. Seviye,Çekirdek,Erkek,Kulüp,Takım Sporu,Türkiye,Yerli,Türk Takımı Var,TV+ Yok,Yıllık,Sürekli Lig,Takım Jenerik,Bilgi,Takım,Jenerik,İngilizce,Head,Takım Jenerik,Çekirdek
vanspor maçları,TFF 1. Lig,Futbol,Lig,2. Seviye,Çekirdek,Erkek,Kulüp,Takım Sporu,Türkiye,Yerli,Türk Takımı Var,TV+ Yok,Yıllık,Sürekli Lig,Takım Maç Sorgusu,Bilgi,Takım,Jenerik,Türkçe,Head,Takım Maç Sorgusu,Çekirdek
vanspor fikstür,TFF 1. Lig,Futbol,Lig,2. Seviye,Çekirdek,Erkek,Kulüp,Takım Sporu,Türkiye,Yerli,Türk Takımı Var,TV+ Yok,Yıllık,Sürekli Lig,Fikstür,Bilgi,Takım,Jenerik,Türkçe,Head,Fikstür,Çekirdek
vanspor puan durumu,TFF 1. Lig,Futbol,Lig,2. Seviye,Çekirdek,Erkek,Kulüp,Takım Sporu,Türkiye,Yerli,Türk Takımı Var,TV+ Yok,Yıllık,Sürekli Lig,Puan Durumu,Bilgi,Takım,Jenerik,İngilizce,Body,Puan Durumu,Çekirdek
vanspor kadrosu,TFF 1. Lig,Futbol,Lig,2. Seviye,Çekirdek,Erkek,Kulüp,Takım Sporu,Türkiye,Yerli,Türk Takımı Var,TV+ Yok,Yıllık,Sürekli Lig,Kadro,Bilgi,Takım,Jenerik,İngilizce,Head,Kadro,Çekirdek
vanspor canlı izle,TFF 1. Lig,Futbol,Lig,2. Seviye,Çekirdek,Erkek,Kulüp,Takım Sporu,Türkiye,Yerli,Türk Takımı Var,TV+ Yok,Yıllık,Sürekli Lig,Canlı İzle,İzleme,Takım,Jenerik,Türkçe,Body,Canlı İzle,Çekirdek
vanspor transfer,TFF 1. Lig,Futbol,Lig,2. Seviye,Çekirdek,Erkek,Kulüp,Takım Sporu,Türkiye,Yerli,Türk Takımı Var,TV+ Yok,Yıllık,Sürekli Lig,Transfer,Bilgi,Takım,Jenerik,İngilizce,Head,Transfer,Çekirdek
iğdır fk,TFF 1. Lig,Futbol,Lig,2. Seviye,Çekirdek,Erkek,Kulüp,Takım Sporu,Türkiye,Yerli,Türk Takımı Var,TV+ Yok,Yıllık,Sürekli Lig,Takım Jenerik,Bilgi,Takım,Jenerik,Türkçe,Head,Takım Jenerik,Çekirdek
iğdır fk maçları,TFF 1. Lig,Futbol,Lig,2. Seviye,Çekirdek,Erkek,Kulüp,Takım Sporu,Türkiye,Yerli,Türk Takımı Var,TV+ Yok,Yıllık,Sürekli Lig,Takım Maç Sorgusu,Bilgi,Takım,Jenerik,Türkçe,Body,Takım Maç Sorgusu,Çekirdek
iğdır fk fikstür,TFF 1. Lig,Futbol,Lig,2. Seviye,Çekirdek,Erkek,Kulüp,Takım Sporu,Türkiye,Yerli,Türk Takımı Var,TV+ Yok,Yıllık,Sürekli Lig,Fikstür,Bilgi,Takım,Jenerik,Türkçe,Body,Fikstür,Çekirdek
iğdır fk puan durumu,TFF 1. Lig,Futbol,Lig,2. Seviye,Çekirdek,Erkek,Kulüp,Takım Sporu,Türkiye,Yerli,Türk Takımı Var,TV+ Yok,Yıllık,Sürekli Lig,Puan Durumu,Bilgi,Takım,Jenerik,Türkçe,Body,Puan Durumu,Çekirdek
iğdır fk kadrosu,TFF 1. Lig,Futbol,Lig,2. Seviye,Çekirdek,Erkek,Kulüp,Takım Sporu,Türkiye,Yerli,Türk Takımı Var,TV+ Yok,Yıllık,Sürekli Lig,Kadro,Bilgi,Takım,Jenerik,Türkçe,Body,Kadro,Çekirdek
iğdır fk canlı izle,TFF 1. Lig,Futbol,Lig,2. Seviye,Çekirdek,Erkek,Kulüp,Takım Sporu,Türkiye,Yerli,Türk Takımı Var,TV+ Yok,Yıllık,Sürekli Lig,Canlı İzle,İzleme,Takım,Jenerik,Türkçe,Body,Canlı İzle,Çekirdek
iğdır fk transfer,TFF 1. Lig,Futbol,Lig,2. Seviye,Çekirdek,Erkek,Kulüp,Takım Sporu,Türkiye,Yerli,Türk Takımı Var,TV+ Yok,Yıllık,Sürekli Lig,Transfer,Bilgi,Takım,Jenerik,Türkçe,Body,Transfer,Çekirdek
pendikspor,TFF 1. Lig,Futbol,Lig,2. Seviye,Çekirdek,Erkek,Kulüp,Takım Sporu,Türkiye,Yerli,Türk Takımı Var,TV+ Yok,Yıllık,Sürekli Lig,Takım Jenerik,Bilgi,Takım,Jenerik,İngilizce,Head,Takım Jenerik,Çekirdek
pendikspor maçları,TFF 1. Lig,Futbol,Lig,2. Seviye,Çekirdek,Erkek,Kulüp,Takım Sporu,Türkiye,Yerli,Türk Takımı Var,TV+ Yok,Yıllık,Sürekli Lig,Takım Maç Sorgusu,Bilgi,Takım,Jenerik,Türkçe,Head,Takım Maç Sorgusu,Çekirdek
pendikspor fikstür,TFF 1. Lig,Futbol,Lig,2. Seviye,Çekirdek,Erkek,Kulüp,Takım Sporu,Türkiye,Yerli,Türk Takımı Var,TV+ Yok,Yıllık,Sürekli Lig,Fikstür,Bilgi,Takım,Jenerik,Türkçe,Head,Fikstür,Çekirdek
pendikspor puan durumu,TFF 1. Lig,Futbol,Lig,2. Seviye,Çekirdek,Erkek,Kulüp,Takım Sporu,Türkiye,Yerli,Türk Takımı Var,TV+ Yok,Yıllık,Sürekli Lig,Puan Durumu,Bilgi,Takım,Jenerik,İngilizce,Body,Puan Durumu,Çekirdek
pendikspor kadrosu,TFF 1. Lig,Futbol,Lig,2. Seviye,Çekirdek,Erkek,Kulüp,Takım Sporu,Türkiye,Yerli,Türk Takımı Var,TV+ Yok,Yıllık,Sürekli Lig,Kadro,Bilgi,Takım,Jenerik,İngilizce,Head,Kadro,Çekirdek
pendikspor canlı izle,TFF 1. Lig,Futbol,Lig,2. Seviye,Çekirdek,Erkek,Kulüp,Takım Sporu,Türkiye,Yerli,Türk Takımı Var,TV+ Yok,Yıllık,Sürekli Lig,Canlı İzle,İzleme,Takım,Jenerik,Türkçe,Body,Canlı İzle,Çekirdek
pendikspor transfer,TFF 1. Lig,Futbol,Lig,2. Seviye,Çekirdek,Erkek,Kulüp,Takım Sporu,Türkiye,Yerli,Türk Takımı Var,TV+ Yok,Yıllık,Sürekli Lig,Transfer,Bilgi,Takım,Jenerik,İngilizce,Head,Transfer,Çekirdek
esenler erokspor,TFF 1. Lig,Futbol,Lig,2. Seviye,Çekirdek,Erkek,Kulüp,Takım Sporu,Türkiye,Yerli,Türk Takımı Var,TV+ Yok,Yıllık,Sürekli Lig,Takım Jenerik,Bilgi,Takım,Jenerik,İngilizce,Head,Takım Jenerik,Çekirdek
esenler erokspor maçları,TFF 1. Lig,Futbol,Lig,2. Seviye,Çekirdek,Erkek,Kulüp,Takım Sporu,Türkiye,Yerli,Türk Takımı Var,TV+ Yok,Yıllık,Sürekli Lig,Takım Maç Sorgusu,Bilgi,Takım,Jenerik,Türkçe,Body,Takım Maç Sorgusu,Çekirdek
esenler erokspor fikstür,TFF 1. Lig,Futbol,Lig,2. Seviye,Çekirdek,Erkek,Kulüp,Takım Sporu,Türkiye,Yerli,Türk Takımı Var,TV+ Yok,Yıllık,Sürekli Lig,Fikstür,Bilgi,Takım,Jenerik,Türkçe,Body,Fikstür,Çekirdek
esenler erokspor puan durumu,TFF 1. Lig,Futbol,Lig,2. Seviye,Çekirdek,Erkek,Kulüp,Takım Sporu,Türkiye,Yerli,Türk Takımı Var,TV+ Yok,Yıllık,Sürekli Lig,Puan Durumu,Bilgi,Takım,Jenerik,İngilizce,Body,Puan Durumu,Çekirdek
esenler erokspor kadrosu,TFF 1. Lig,Futbol,Lig,2. Seviye,Çekirdek,Erkek,Kulüp,Takım Sporu,Türkiye,Yerli,Türk Takımı Var,TV+ Yok,Yıllık,Sürekli Lig,Kadro,Bilgi,Takım,Jenerik,İngilizce,Body,Kadro,Çekirdek
esenler erokspor canlı izle,TFF 1. Lig,Futbol,Lig,2. Seviye,Çekirdek,Erkek,Kulüp,Takım Sporu,Türkiye,Yerli,Türk Takımı Var,TV+ Yok,Yıllık,Sürekli Lig,Canlı İzle,İzleme,Takım,Jenerik,Türkçe,Body,Canlı İzle,Çekirdek
esenler erokspor transfer,TFF 1. Lig,Futbol,Lig,2. Seviye,Çekirdek,Erkek,Kulüp,Takım Sporu,Türkiye,Yerli,Türk Takımı Var,TV+ Yok,Yıllık,Sürekli Lig,Transfer,Bilgi,Takım,Jenerik,İngilizce,Body,Transfer,Çekirdek
serikspor,TFF 1. Lig,Futbol,Lig,2. Seviye,Çekirdek,Erkek,Kulüp,Takım Sporu,Türkiye,Yerli,Türk Takımı Var,TV+ Yok,Yıllık,Sürekli Lig,Takım Jenerik,Bilgi,Takım,Jenerik,İngilizce,Head,Takım Jenerik,Çekirdek
serikspor maçları,TFF 1. Lig,Futbol,Lig,2. Seviye,Çekirdek,Erkek,Kulüp,Takım Sporu,Türkiye,Yerli,Türk Takımı Var,TV+ Yok,Yıllık,Sürekli Lig,Takım Maç Sorgusu,Bilgi,Takım,Jenerik,Türkçe,Head,Takım Maç Sorgusu,Çekirdek
serikspor fikstür,TFF 1. Lig,Futbol,Lig,2. Seviye,Çekirdek,Erkek,Kulüp,Takım Sporu,Türkiye,Yerli,Türk Takımı Var,TV+ Yok,Yıllık,Sürekli Lig,Fikstür,Bilgi,Takım,Jenerik,Türkçe,Head,Fikstür,Çekirdek
serikspor puan durumu,TFF 1. Lig,Futbol,Lig,2. Seviye,Çekirdek,Erkek,Kulüp,Takım Sporu,Türkiye,Yerli,Türk Takımı Var,TV+ Yok,Yıllık,Sürekli Lig,Puan Durumu,Bilgi,Takım,Jenerik,İngilizce,Body,Puan Durumu,Çekirdek
serikspor kadrosu,TFF 1. Lig,Futbol,Lig,2. Seviye,Çekirdek,Erkek,Kulüp,Takım Sporu,Türkiye,Yerli,Türk Takımı Var,TV+ Yok,Yıllık,Sürekli Lig,Kadro,Bilgi,Takım,Jenerik,İngilizce,Head,Kadro,Çekirdek
serikspor canlı izle,TFF 1. Lig,Futbol,Lig,2. Seviye,Çekirdek,Erkek,Kulüp,Takım Sporu,Türkiye,Yerli,Türk Takımı Var,TV+ Yok,Yıllık,Sürekli Lig,Canlı İzle,İzleme,Takım,Jenerik,Türkçe,Body,Canlı İzle,Çekirdek
serikspor transfer,TFF 1. Lig,Futbol,Lig,2. Seviye,Çekirdek,Erkek,Kulüp,Takım Sporu,Türkiye,Yerli,Türk Takımı Var,TV+ Yok,Yıllık,Sürekli Lig,Transfer,Bilgi,Takım,Jenerik,İngilizce,Head,Transfer,Çekirdek
hatayspor,TFF 1. Lig,Futbol,Lig,2. Seviye,Çekirdek,Erkek,Kulüp,Takım Sporu,Türkiye,Yerli,Türk Takımı Var,TV+ Yok,Yıllık,Sürekli Lig,Takım Jenerik,Bilgi,Takım,Jenerik,İngilizce,Head,Takım Jenerik,Çekirdek
hatayspor maçları,TFF 1. Lig,Futbol,Lig,2. Seviye,Çekirdek,Erkek,Kulüp,Takım Sporu,Türkiye,Yerli,Türk Takımı Var,TV+ Yok,Yıllık,Sürekli Lig,Takım Maç Sorgusu,Bilgi,Takım,Jenerik,Türkçe,Head,Takım Maç Sorgusu,Çekirdek
hatayspor fikstür,TFF 1. Lig,Futbol,Lig,2. Seviye,Çekirdek,Erkek,Kulüp,Takım Sporu,Türkiye,Yerli,Türk Takımı Var,TV+ Yok,Yıllık,Sürekli Lig,Fikstür,Bilgi,Takım,Jenerik,Türkçe,Head,Fikstür,Çekirdek
hatayspor puan durumu,TFF 1. Lig,Futbol,Lig,2. Seviye,Çekirdek,Erkek,Kulüp,Takım Sporu,Türkiye,Yerli,Türk Takımı Var,TV+ Yok,Yıllık,Sürekli Lig,Puan Durumu,Bilgi,Takım,Jenerik,İngilizce,Body,Puan Durumu,Çekirdek
hatayspor kadrosu,TFF 1. Lig,Futbol,Lig,2. Seviye,Çekirdek,Erkek,Kulüp,Takım Sporu,Türkiye,Yerli,Türk Takımı Var,TV+ Yok,Yıllık,Sürekli Lig,Kadro,Bilgi,Takım,Jenerik,İngilizce,Head,Kadro,Çekirdek
hatayspor canlı izle,TFF 1. Lig,Futbol,Lig,2. Seviye,Çekirdek,Erkek,Kulüp,Takım Sporu,Türkiye,Yerli,Türk Takımı Var,TV+ Yok,Yıllık,Sürekli Lig,Canlı İzle,İzleme,Takım,Jenerik,Türkçe,Body,Canlı İzle,Çekirdek
hatayspor transfer,TFF 1. Lig,Futbol,Lig,2. Seviye,Çekirdek,Erkek,Kulüp,Takım Sporu,Türkiye,Yerli,Türk Takımı Var,TV+ Yok,Yıllık,Sürekli Lig,Transfer,Bilgi,Takım,Jenerik,İngilizce,Head,Transfer,Çekirdek
sivasspor,TFF 1. Lig,Futbol,Lig,2. Seviye,Çekirdek,Erkek,Kulüp,Takım Sporu,Türkiye,Yerli,Türk Takımı Var,TV+ Yok,Yıllık,Sürekli Lig,Takım Jenerik,Bilgi,Takım,Jenerik,İngilizce,Head,Takım Jenerik,Çekirdek
sivasspor maçları,TFF 1. Lig,Futbol,Lig,2. Seviye,Çekirdek,Erkek,Kulüp,Takım Sporu,Türkiye,Yerli,Türk Takımı Var,TV+ Yok,Yıllık,Sürekli Lig,Takım Maç Sorgusu,Bilgi,Takım,Jenerik,Türkçe,Head,Takım Maç Sorgusu,Çekirdek
sivasspor fikstür,TFF 1. Lig,Futbol,Lig,2. Seviye,Çekirdek,Erkek,Kulüp,Takım Sporu,Türkiye,Yerli,Türk Takımı Var,TV+ Yok,Yıllık,Sürekli Lig,Fikstür,Bilgi,Takım,Jenerik,Türkçe,Head,Fikstür,Çekirdek
sivasspor puan durumu,TFF 1. Lig,Futbol,Lig,2. Seviye,Çekirdek,Erkek,Kulüp,Takım Sporu,Türkiye,Yerli,Türk Takımı Var,TV+ Yok,Yıllık,Sürekli Lig,Puan Durumu,Bilgi,Takım,Jenerik,İngilizce,Body,Puan Durumu,Çekirdek
sivasspor kadrosu,TFF 1. Lig,Futbol,Lig,2. Seviye,Çekirdek,Erkek,Kulüp,Takım Sporu,Türkiye,Yerli,Türk Takımı Var,TV+ Yok,Yıllık,Sürekli Lig,Kadro,Bilgi,Takım,Jenerik,İngilizce,Head,Kadro,Çekirdek
sivasspor canlı izle,TFF 1. Lig,Futbol,Lig,2. Seviye,Çekirdek,Erkek,Kulüp,Takım Sporu,Türkiye,Yerli,Türk Takımı Var,TV+ Yok,Yıllık,Sürekli Lig,Canlı İzle,İzleme,Takım,Jenerik,Türkçe,Body,Canlı İzle,Çekirdek
sivasspor transfer,TFF 1. Lig,Futbol,Lig,2. Seviye,Çekirdek,Erkek,Kulüp,Takım Sporu,Türkiye,Yerli,Türk Takımı Var,TV+ Yok,Yıllık,Sürekli Lig,Transfer,Bilgi,Takım,Jenerik,İngilizce,Head,Transfer,Çekirdek
istanbulspor,TFF 1. Lig,Futbol,Lig,2. Seviye,Çekirdek,Erkek,Kulüp,Takım Sporu,Türkiye,Yerli,Türk Takımı Var,TV+ Yok,Yıllık,Sürekli Lig,Takım Jenerik,Bilgi,Takım,Jenerik,İngilizce,Head,Takım Jenerik,Çekirdek
istanbulspor maçları,TFF 1. Lig,Futbol,Lig,2. Seviye,Çekirdek,Erkek,Kulüp,Takım Sporu,Türkiye,Yerli,Türk Takımı Var,TV+ Yok,Yıllık,Sürekli Lig,Takım Maç Sorgusu,Bilgi,Takım,Jenerik,Türkçe,Head,Takım Maç Sorgusu,Çekirdek
istanbulspor fikstür,TFF 1. Lig,Futbol,Lig,2. Seviye,Çekirdek,Erkek,Kulüp,Takım Sporu,Türkiye,Yerli,Türk Takımı Var,TV+ Yok,Yıllık,Sürekli Lig,Fikstür,Bilgi,Takım,Jenerik,Türkçe,Head,Fikstür,Çekirdek
istanbulspor puan durumu,TFF 1. Lig,Futbol,Lig,2. Seviye,Çekirdek,Erkek,Kulüp,Takım Sporu,Türkiye,Yerli,Türk Takımı Var,TV+ Yok,Yıllık,Sürekli Lig,Puan Durumu,Bilgi,Takım,Jenerik,İngilizce,Body,Puan Durumu,Çekirdek
istanbulspor kadrosu,TFF 1. Lig,Futbol,Lig,2. Seviye,Çekirdek,Erkek,Kulüp,Takım Sporu,Türkiye,Yerli,Türk Takımı Var,TV+ Yok,Yıllık,Sürekli Lig,Kadro,Bilgi,Takım,Jenerik,İngilizce,Head,Kadro,Çekirdek
istanbulspor canlı izle,TFF 1. Lig,Futbol,Lig,2. Seviye,Çekirdek,Erkek,Kulüp,Takım Sporu,Türkiye,Yerli,Türk Takımı Var,TV+ Yok,Yıllık,Sürekli Lig,Canlı İzle,İzleme,Takım,Jenerik,Türkçe,Body,Canlı İzle,Çekirdek
istanbulspor transfer,TFF 1. Lig,Futbol,Lig,2. Seviye,Çekirdek,Erkek,Kulüp,Takım Sporu,Türkiye,Yerli,Türk Takımı Var,TV+ Yok,Yıllık,Sürekli Lig,Transfer,Bilgi,Takım,Jenerik,İngilizce,Head,Transfer,Çekirdek
bodrum fk,TFF 1. Lig,Futbol,Lig,2. Seviye,Çekirdek,Erkek,Kulüp,Takım Sporu,Türkiye,Yerli,Türk Takımı Var,TV+ Yok,Yıllık,Sürekli Lig,Takım Jenerik,Bilgi,Takım,Jenerik,İngilizce,Head,Takım Jenerik,Çekirdek
bodrum fk maçları,TFF 1. Lig,Futbol,Lig,2. Seviye,Çekirdek,Erkek,Kulüp,Takım Sporu,Türkiye,Yerli,Türk Takımı Var,TV+ Yok,Yıllık,Sürekli Lig,Takım Maç Sorgusu,Bilgi,Takım,Jenerik,Türkçe,Body,Takım Maç Sorgusu,Çekirdek
bodrum fk fikstür,TFF 1. Lig,Futbol,Lig,2. Seviye,Çekirdek,Erkek,Kulüp,Takım Sporu,Türkiye,Yerli,Türk Takımı Var,TV+ Yok,Yıllık,Sürekli Lig,Fikstür,Bilgi,Takım,Jenerik,Türkçe,Body,Fikstür,Çekirdek
bodrum fk puan durumu,TFF 1. Lig,Futbol,Lig,2. Seviye,Çekirdek,Erkek,Kulüp,Takım Sporu,Türkiye,Yerli,Türk Takımı Var,TV+ Yok,Yıllık,Sürekli Lig,Puan Durumu,Bilgi,Takım,Jenerik,İngilizce,Body,Puan Durumu,Çekirdek
bodrum fk kadrosu,TFF 1. Lig,Futbol,Lig,2. Seviye,Çekirdek,Erkek,Kulüp,Takım Sporu,Türkiye,Yerli,Türk Takımı Var,TV+ Yok,Yıllık,Sürekli Lig,Kadro,Bilgi,Takım,Jenerik,İngilizce,Body,Kadro,Çekirdek
bodrum fk canlı izle,TFF 1. Lig,Futbol,Lig,2. Seviye,Çekirdek,Erkek,Kulüp,Takım Sporu,Türkiye,Yerli,Türk Takımı Var,TV+ Yok,Yıllık,Sürekli Lig,Canlı İzle,İzleme,Takım,Jenerik,Türkçe,Body,Canlı İzle,Çekirdek
bodrum fk transfer,TFF 1. Lig,Futbol,Lig,2. Seviye,Çekirdek,Erkek,Kulüp,Takım Sporu,Türkiye,Yerli,Türk Takımı Var,TV+ Yok,Yıllık,Sürekli Lig,Transfer,Bilgi,Takım,Jenerik,İngilizce,Body,Transfer,Çekirdek
şanlıurfaspor,TFF 1. Lig,Futbol,Lig,2. Seviye,Çekirdek,Erkek,Kulüp,Takım Sporu,Türkiye,Yerli,Türk Takımı Var,TV+ Yok,Yıllık,Sürekli Lig,Takım Jenerik,Bilgi,Takım,Jenerik,Türkçe,Head,Takım Jenerik,Çekirdek
şanlıurfaspor maçları,TFF 1. Lig,Futbol,Lig,2. Seviye,Çekirdek,Erkek,Kulüp,Takım Sporu,Türkiye,Yerli,Türk Takımı Var,TV+ Yok,Yıllık,Sürekli Lig,Takım Maç Sorgusu,Bilgi,Takım,Jenerik,Türkçe,Head,Takım Maç Sorgusu,Çekirdek
şanlıurfaspor fikstür,TFF 1. Lig,Futbol,Lig,2. Seviye,Çekirdek,Erkek,Kulüp,Takım Sporu,Türkiye,Yerli,Türk Takımı Var,TV+ Yok,Yıllık,Sürekli Lig,Fikstür,Bilgi,Takım,Jenerik,Türkçe,Head,Fikstür,Çekirdek
şanlıurfaspor puan durumu,TFF 1. Lig,Futbol,Lig,2. Seviye,Çekirdek,Erkek,Kulüp,Takım Sporu,Türkiye,Yerli,Türk Takımı Var,TV+ Yok,Yıllık,Sürekli Lig,Puan Durumu,Bilgi,Takım,Jenerik,Türkçe,Body,Puan Durumu,Çekirdek
şanlıurfaspor kadrosu,TFF 1. Lig,Futbol,Lig,2. Seviye,Çekirdek,Erkek,Kulüp,Takım Sporu,Türkiye,Yerli,Türk Takımı Var,TV+ Yok,Yıllık,Sürekli Lig,Kadro,Bilgi,Takım,Jenerik,Türkçe,Head,Kadro,Çekirdek
şanlıurfaspor canlı izle,TFF 1. Lig,Futbol,Lig,2. Seviye,Çekirdek,Erkek,Kulüp,Takım Sporu,Türkiye,Yerli,Türk Takımı Var,TV+ Yok,Yıllık,Sürekli Lig,Canlı İzle,İzleme,Takım,Jenerik,Türkçe,Body,Canlı İzle,Çekirdek
şanlıurfaspor transfer,TFF 1. Lig,Futbol,Lig,2. Seviye,Çekirdek,Erkek,Kulüp,Takım Sporu,Türkiye,Yerli,Türk Takımı Var,TV+ Yok,Yıllık,Sürekli Lig,Transfer,Bilgi,Takım,Jenerik,Türkçe,Head,Transfer,Çekirdek
adanaspor,TFF 1. Lig,Futbol,Lig,2. Seviye,Çekirdek,Erkek,Kulüp,Takım Sporu,Türkiye,Yerli,Türk Takımı Var,TV+ Yok,Yıllık,Sürekli Lig,Takım Jenerik,Bilgi,Takım,Jenerik,İngilizce,Head,Takım Jenerik,Çekirdek
adanaspor maçları,TFF 1. Lig,Futbol,Lig,2. Seviye,Çekirdek,Erkek,Kulüp,Takım Sporu,Türkiye,Yerli,Türk Takımı Var,TV+ Yok,Yıllık,Sürekli Lig,Takım Maç Sorgusu,Bilgi,Takım,Jenerik,Türkçe,Head,Takım Maç Sorgusu,Çekirdek
adanaspor fikstür,TFF 1. Lig,Futbol,Lig,2. Seviye,Çekirdek,Erkek,Kulüp,Takım Sporu,Türkiye,Yerli,Türk Takımı Var,TV+ Yok,Yıllık,Sürekli Lig,Fikstür,Bilgi,Takım,Jenerik,Türkçe,Head,Fikstür,Çekirdek
adanaspor puan durumu,TFF 1. Lig,Futbol,Lig,2. Seviye,Çekirdek,Erkek,Kulüp,Takım Sporu,Türkiye,Yerli,Türk Takımı Var,TV+ Yok,Yıllık,Sürekli Lig,Puan Durumu,Bilgi,Takım,Jenerik,İngilizce,Body,Puan Durumu,Çekirdek
adanaspor kadrosu,TFF 1. Lig,Futbol,Lig,2. Seviye,Çekirdek,Erkek,Kulüp,Takım Sporu,Türkiye,Yerli,Türk Takımı Var,TV+ Yok,Yıllık,Sürekli Lig,Kadro,Bilgi,Takım,Jenerik,İngilizce,Head,Kadro,Çekirdek
adanaspor canlı izle,TFF 1. Lig,Futbol,Lig,2. Seviye,Çekirdek,Erkek,Kulüp,Takım Sporu,Türkiye,Yerli,Türk Takımı Var,TV+ Yok,Yıllık,Sürekli Lig,Canlı İzle,İzleme,Takım,Jenerik,Türkçe,Body,Canlı İzle,Çekirdek
adanaspor transfer,TFF 1. Lig,Futbol,Lig,2. Seviye,Çekirdek,Erkek,Kulüp,Takım Sporu,Türkiye,Yerli,Türk Takımı Var,TV+ Yok,Yıllık,Sürekli Lig,Transfer,Bilgi,Takım,Jenerik,İngilizce,Head,Transfer,Çekirdek
real madrid,La Liga,Futbol,Lig,1. Seviye,Çekirdek,Erkek,Kulüp,Takım Sporu,İspanya,Yabancı,Yok,TV+ Var,Yıllık,Sürekli Lig,Takım Jenerik,Bilgi,Takım,Jenerik,İngilizce,Head,Takım Jenerik,Çekirdek
real madrid maçları,La Liga,Futbol,Lig,1. Seviye,Çekirdek,Erkek,Kulüp,Takım Sporu,İspanya,Yabancı,Yok,TV+ Var,Yıllık,Sürekli Lig,Takım Maç Sorgusu,Bilgi,Takım,Jenerik,Türkçe,Body,Takım Maç Sorgusu,Çekirdek
real madrid fikstür,La Liga,Futbol,Lig,1. Seviye,Çekirdek,Erkek,Kulüp,Takım Sporu,İspanya,Yabancı,Yok,TV+ Var,Yıllık,Sürekli Lig,Fikstür,Bilgi,Takım,Jenerik,Türkçe,Body,Fikstür,Çekirdek
real madrid puan durumu,La Liga,Futbol,Lig,1. Seviye,Çekirdek,Erkek,Kulüp,Takım Sporu,İspanya,Yabancı,Yok,TV+ Var,Yıllık,Sürekli Lig,Puan Durumu,Bilgi,Takım,Jenerik,İngilizce,Body,Puan Durumu,Çekirdek
real madrid kadrosu,La Liga,Futbol,Lig,1. Seviye,Çekirdek,Erkek,Kulüp,Takım Sporu,İspanya,Yabancı,Yok,TV+ Var,Yıllık,Sürekli Lig,Kadro,Bilgi,Takım,Jenerik,İngilizce,Body,Kadro,Çekirdek
real madrid canlı izle,La Liga,Futbol,Lig,1. Seviye,Çekirdek,Erkek,Kulüp,Takım Sporu,İspanya,Yabancı,Yok,TV+ Var,Yıllık,Sürekli Lig,Canlı İzle,İzleme,Takım,Jenerik,Türkçe,Body,Canlı İzle,Çekirdek
real madrid transfer,La Liga,Futbol,Lig,1. Seviye,Çekirdek,Erkek,Kulüp,Takım Sporu,İspanya,Yabancı,Yok,TV+ Var,Yıllık,Sürekli Lig,Transfer,Bilgi,Takım,Jenerik,İngilizce,Body,Transfer,Çekirdek
barcelona,La Liga,Futbol,Lig,1. Seviye,Çekirdek,Erkek,Kulüp,Takım Sporu,İspanya,Yabancı,Yok,TV+ Var,Yıllık,Sürekli Lig,Takım Jenerik,Bilgi,Takım,Jenerik,İngilizce,Head,Takım Jenerik,Çekirdek
barcelona maçları,La Liga,Futbol,Lig,1. Seviye,Çekirdek,Erkek,Kulüp,Takım Sporu,İspanya,Yabancı,Yok,TV+ Var,Yıllık,Sürekli Lig,Takım Maç Sorgusu,Bilgi,Takım,Jenerik,Türkçe,Head,Takım Maç Sorgusu,Çekirdek
barcelona fikstür,La Liga,Futbol,Lig,1. Seviye,Çekirdek,Erkek,Kulüp,Takım Sporu,İspanya,Yabancı,Yok,TV+ Var,Yıllık,Sürekli Lig,Fikstür,Bilgi,Takım,Jenerik,Türkçe,Head,Fikstür,Çekirdek
barcelona puan durumu,La Liga,Futbol,Lig,1. Seviye,Çekirdek,Erkek,Kulüp,Takım Sporu,İspanya,Yabancı,Yok,TV+ Var,Yıllık,Sürekli Lig,Puan Durumu,Bilgi,Takım,Jenerik,İngilizce,Body,Puan Durumu,Çekirdek
barcelona kadrosu,La Liga,Futbol,Lig,1. Seviye,Çekirdek,Erkek,Kulüp,Takım Sporu,İspanya,Yabancı,Yok,TV+ Var,Yıllık,Sürekli Lig,Kadro,Bilgi,Takım,Jenerik,İngilizce,Head,Kadro,Çekirdek
barcelona canlı izle,La Liga,Futbol,Lig,1. Seviye,Çekirdek,Erkek,Kulüp,Takım Sporu,İspanya,Yabancı,Yok,TV+ Var,Yıllık,Sürekli Lig,Canlı İzle,İzleme,Takım,Jenerik,Türkçe,Body,Canlı İzle,Çekirdek
barcelona transfer,La Liga,Futbol,Lig,1. Seviye,Çekirdek,Erkek,Kulüp,Takım Sporu,İspanya,Yabancı,Yok,TV+ Var,Yıllık,Sürekli Lig,Transfer,Bilgi,Takım,Jenerik,İngilizce,Head,Transfer,Çekirdek
atletico madrid,La Liga,Futbol,Lig,1. Seviye,Çekirdek,Erkek,Kulüp,Takım Sporu,İspanya,Yabancı,Yok,TV+ Var,Yıllık,Sürekli Lig,Takım Jenerik,Bilgi,Takım,Jenerik,İngilizce,Head,Takım Jenerik,Çekirdek
atletico madrid maçları,La Liga,Futbol,Lig,1. Seviye,Çekirdek,Erkek,Kulüp,Takım Sporu,İspanya,Yabancı,Yok,TV+ Var,Yıllık,Sürekli Lig,Takım Maç Sorgusu,Bilgi,Takım,Jenerik,Türkçe,Body,Takım Maç Sorgusu,Çekirdek
atletico madrid fikstür,La Liga,Futbol,Lig,1. Seviye,Çekirdek,Erkek,Kulüp,Takım Sporu,İspanya,Yabancı,Yok,TV+ Var,Yıllık,Sürekli Lig,Fikstür,Bilgi,Takım,Jenerik,Türkçe,Body,Fikstür,Çekirdek
atletico madrid puan durumu,La Liga,Futbol,Lig,1. Seviye,Çekirdek,Erkek,Kulüp,Takım Sporu,İspanya,Yabancı,Yok,TV+ Var,Yıllık,Sürekli Lig,Puan Durumu,Bilgi,Takım,Jenerik,İngilizce,Body,Puan Durumu,Çekirdek
atletico madrid kadrosu,La Liga,Futbol,Lig,1. Seviye,Çekirdek,Erkek,Kulüp,Takım Sporu,İspanya,Yabancı,Yok,TV+ Var,Yıllık,Sürekli Lig,Kadro,Bilgi,Takım,Jenerik,İngilizce,Body,Kadro,Çekirdek
atletico madrid canlı izle,La Liga,Futbol,Lig,1. Seviye,Çekirdek,Erkek,Kulüp,Takım Sporu,İspanya,Yabancı,Yok,TV+ Var,Yıllık,Sürekli Lig,Canlı İzle,İzleme,Takım,Jenerik,Türkçe,Body,Canlı İzle,Çekirdek
atletico madrid transfer,La Liga,Futbol,Lig,1. Seviye,Çekirdek,Erkek,Kulüp,Takım Sporu,İspanya,Yabancı,Yok,TV+ Var,Yıllık,Sürekli Lig,Transfer,Bilgi,Takım,Jenerik,İngilizce,Body,Transfer,Çekirdek
sevilla,La Liga,Futbol,Lig,1. Seviye,Çekirdek,Erkek,Kulüp,Takım Sporu,İspanya,Yabancı,Yok,TV+ Var,Yıllık,Sürekli Lig,Takım Jenerik,Bilgi,Takım,Jenerik,İngilizce,Head,Takım Jenerik,Çekirdek
sevilla maçları,La Liga,Futbol,Lig,1. Seviye,Çekirdek,Erkek,Kulüp,Takım Sporu,İspanya,Yabancı,Yok,TV+ Var,Yıllık,Sürekli Lig,Takım Maç Sorgusu,Bilgi,Takım,Jenerik,Türkçe,Head,Takım Maç Sorgusu,Çekirdek
sevilla fikstür,La Liga,Futbol,Lig,1. Seviye,Çekirdek,Erkek,Kulüp,Takım Sporu,İspanya,Yabancı,Yok,TV+ Var,Yıllık,Sürekli Lig,Fikstür,Bilgi,Takım,Jenerik,Türkçe,Head,Fikstür,Çekirdek
sevilla puan durumu,La Liga,Futbol,Lig,1. Seviye,Çekirdek,Erkek,Kulüp,Takım Sporu,İspanya,Yabancı,Yok,TV+ Var,Yıllık,Sürekli Lig,Puan Durumu,Bilgi,Takım,Jenerik,İngilizce,Body,Puan Durumu,Çekirdek
sevilla kadrosu,La Liga,Futbol,Lig,1. Seviye,Çekirdek,Erkek,Kulüp,Takım Sporu,İspanya,Yabancı,Yok,TV+ Var,Yıllık,Sürekli Lig,Kadro,Bilgi,Takım,Jenerik,İngilizce,Head,Kadro,Çekirdek
sevilla canlı izle,La Liga,Futbol,Lig,1. Seviye,Çekirdek,Erkek,Kulüp,Takım Sporu,İspanya,Yabancı,Yok,TV+ Var,Yıllık,Sürekli Lig,Canlı İzle,İzleme,Takım,Jenerik,Türkçe,Body,Canlı İzle,Çekirdek
sevilla transfer,La Liga,Futbol,Lig,1. Seviye,Çekirdek,Erkek,Kulüp,Takım Sporu,İspanya,Yabancı,Yok,TV+ Var,Yıllık,Sürekli Lig,Transfer,Bilgi,Takım,Jenerik,İngilizce,Head,Transfer,Çekirdek
real sociedad,La Liga,Futbol,Lig,1. Seviye,Çekirdek,Erkek,Kulüp,Takım Sporu,İspanya,Yabancı,Yok,TV+ Var,Yıllık,Sürekli Lig,Takım Jenerik,Bilgi,Takım,Jenerik,İngilizce,Head,Takım Jenerik,Çekirdek
real sociedad maçları,La Liga,Futbol,Lig,1. Seviye,Çekirdek,Erkek,Kulüp,Takım Sporu,İspanya,Yabancı,Yok,TV+ Var,Yıllık,Sürekli Lig,Takım Maç Sorgusu,Bilgi,Takım,Jenerik,Türkçe,Body,Takım Maç Sorgusu,Çekirdek
real sociedad fikstür,La Liga,Futbol,Lig,1. Seviye,Çekirdek,Erkek,Kulüp,Takım Sporu,İspanya,Yabancı,Yok,TV+ Var,Yıllık,Sürekli Lig,Fikstür,Bilgi,Takım,Jenerik,Türkçe,Body,Fikstür,Çekirdek
real sociedad puan durumu,La Liga,Futbol,Lig,1. Seviye,Çekirdek,Erkek,Kulüp,Takım Sporu,İspanya,Yabancı,Yok,TV+ Var,Yıllık,Sürekli Lig,Puan Durumu,Bilgi,Takım,Jenerik,İngilizce,Body,Puan Durumu,Çekirdek
real sociedad kadrosu,La Liga,Futbol,Lig,1. Seviye,Çekirdek,Erkek,Kulüp,Takım Sporu,İspanya,Yabancı,Yok,TV+ Var,Yıllık,Sürekli Lig,Kadro,Bilgi,Takım,Jenerik,İngilizce,Body,Kadro,Çekirdek
real sociedad canlı izle,La Liga,Futbol,Lig,1. Seviye,Çekirdek,Erkek,Kulüp,Takım Sporu,İspanya,Yabancı,Yok,TV+ Var,Yıllık,Sürekli Lig,Canlı İzle,İzleme,Takım,Jenerik,Türkçe,Body,Canlı İzle,Çekirdek
real sociedad transfer,La Liga,Futbol,Lig,1. Seviye,Çekirdek,Erkek,Kulüp,Takım Sporu,İspanya,Yabancı,Yok,TV+ Var,Yıllık,Sürekli Lig,Transfer,Bilgi,Takım,Jenerik,İngilizce,Body,Transfer,Çekirdek
villarreal,La Liga,Futbol,Lig,1. Seviye,Çekirdek,Erkek,Kulüp,Takım Sporu,İspanya,Yabancı,Yok,TV+ Var,Yıllık,Sürekli Lig,Takım Jenerik,Bilgi,Takım,Jenerik,İngilizce,Head,Takım Jenerik,Çekirdek
villarreal maçları,La Liga,Futbol,Lig,1. Seviye,Çekirdek,Erkek,Kulüp,Takım Sporu,İspanya,Yabancı,Yok,TV+ Var,Yıllık,Sürekli Lig,Takım Maç Sorgusu,Bilgi,Takım,Jenerik,Türkçe,Head,Takım Maç Sorgusu,Çekirdek
villarreal fikstür,La Liga,Futbol,Lig,1. Seviye,Çekirdek,Erkek,Kulüp,Takım Sporu,İspanya,Yabancı,Yok,TV+ Var,Yıllık,Sürekli Lig,Fikstür,Bilgi,Takım,Jenerik,Türkçe,Head,Fikstür,Çekirdek
villarreal puan durumu,La Liga,Futbol,Lig,1. Seviye,Çekirdek,Erkek,Kulüp,Takım Sporu,İspanya,Yabancı,Yok,TV+ Var,Yıllık,Sürekli Lig,Puan Durumu,Bilgi,Takım,Jenerik,İngilizce,Body,Puan Durumu,Çekirdek
villarreal kadrosu,La Liga,Futbol,Lig,1. Seviye,Çekirdek,Erkek,Kulüp,Takım Sporu,İspanya,Yabancı,Yok,TV+ Var,Yıllık,Sürekli Lig,Kadro,Bilgi,Takım,Jenerik,İngilizce,Head,Kadro,Çekirdek
villarreal canlı izle,La Liga,Futbol,Lig,1. Seviye,Çekirdek,Erkek,Kulüp,Takım Sporu,İspanya,Yabancı,Yok,TV+ Var,Yıllık,Sürekli Lig,Canlı İzle,İzleme,Takım,Jenerik,Türkçe,Body,Canlı İzle,Çekirdek
villarreal transfer,La Liga,Futbol,Lig,1. Seviye,Çekirdek,Erkek,Kulüp,Takım Sporu,İspanya,Yabancı,Yok,TV+ Var,Yıllık,Sürekli Lig,Transfer,Bilgi,Takım,Jenerik,İngilizce,Head,Transfer,Çekirdek
athletic bilbao,La Liga,Futbol,Lig,1. Seviye,Çekirdek,Erkek,Kulüp,Takım Sporu,İspanya,Yabancı,Yok,TV+ Var,Yıllık,Sürekli Lig,Takım Jenerik,Bilgi,Takım,Jenerik,İngilizce,Head,Takım Jenerik,Çekirdek
athletic bilbao maçları,La Liga,Futbol,Lig,1. Seviye,Çekirdek,Erkek,Kulüp,Takım Sporu,İspanya,Yabancı,Yok,TV+ Var,Yıllık,Sürekli Lig,Takım Maç Sorgusu,Bilgi,Takım,Jenerik,Türkçe,Body,Takım Maç Sorgusu,Çekirdek
athletic bilbao fikstür,La Liga,Futbol,Lig,1. Seviye,Çekirdek,Erkek,Kulüp,Takım Sporu,İspanya,Yabancı,Yok,TV+ Var,Yıllık,Sürekli Lig,Fikstür,Bilgi,Takım,Jenerik,Türkçe,Body,Fikstür,Çekirdek
athletic bilbao puan durumu,La Liga,Futbol,Lig,1. Seviye,Çekirdek,Erkek,Kulüp,Takım Sporu,İspanya,Yabancı,Yok,TV+ Var,Yıllık,Sürekli Lig,Puan Durumu,Bilgi,Takım,Jenerik,İngilizce,Body,Puan Durumu,Çekirdek
athletic bilbao kadrosu,La Liga,Futbol,Lig,1. Seviye,Çekirdek,Erkek,Kulüp,Takım Sporu,İspanya,Yabancı,Yok,TV+ Var,Yıllık,Sürekli Lig,Kadro,Bilgi,Takım,Jenerik,İngilizce,Body,Kadro,Çekirdek
athletic bilbao canlı izle,La Liga,Futbol,Lig,1. Seviye,Çekirdek,Erkek,Kulüp,Takım Sporu,İspanya,Yabancı,Yok,TV+ Var,Yıllık,Sürekli Lig,Canlı İzle,İzleme,Takım,Jenerik,Türkçe,Body,Canlı İzle,Çekirdek
athletic bilbao transfer,La Liga,Futbol,Lig,1. Seviye,Çekirdek,Erkek,Kulüp,Takım Sporu,İspanya,Yabancı,Yok,TV+ Var,Yıllık,Sürekli Lig,Transfer,Bilgi,Takım,Jenerik,İngilizce,Body,Transfer,Çekirdek
valencia,La Liga,Futbol,Lig,1. Seviye,Çekirdek,Erkek,Kulüp,Takım Sporu,İspanya,Yabancı,Yok,TV+ Var,Yıllık,Sürekli Lig,Takım Jenerik,Bilgi,Takım,Jenerik,İngilizce,Head,Takım Jenerik,Çekirdek
valencia maçları,La Liga,Futbol,Lig,1. Seviye,Çekirdek,Erkek,Kulüp,Takım Sporu,İspanya,Yabancı,Yok,TV+ Var,Yıllık,Sürekli Lig,Takım Maç Sorgusu,Bilgi,Takım,Jenerik,Türkçe,Head,Takım Maç Sorgusu,Çekirdek
valencia fikstür,La Liga,Futbol,Lig,1. Seviye,Çekirdek,Erkek,Kulüp,Takım Sporu,İspanya,Yabancı,Yok,TV+ Var,Yıllık,Sürekli Lig,Fikstür,Bilgi,Takım,Jenerik,Türkçe,Head,Fikstür,Çekirdek
valencia puan durumu,La Liga,Futbol,Lig,1. Seviye,Çekirdek,Erkek,Kulüp,Takım Sporu,İspanya,Yabancı,Yok,TV+ Var,Yıllık,Sürekli Lig,Puan Durumu,Bilgi,Takım,Jenerik,İngilizce,Body,Puan Durumu,Çekirdek
valencia kadrosu,La Liga,Futbol,Lig,1. Seviye,Çekirdek,Erkek,Kulüp,Takım Sporu,İspanya,Yabancı,Yok,TV+ Var,Yıllık,Sürekli Lig,Kadro,Bilgi,Takım,Jenerik,İngilizce,Head,Kadro,Çekirdek
valencia canlı izle,La Liga,Futbol,Lig,1. Seviye,Çekirdek,Erkek,Kulüp,Takım Sporu,İspanya,Yabancı,Yok,TV+ Var,Yıllık,Sürekli Lig,Canlı İzle,İzleme,Takım,Jenerik,Türkçe,Body,Canlı İzle,Çekirdek
valencia transfer,La Liga,Futbol,Lig,1. Seviye,Çekirdek,Erkek,Kulüp,Takım Sporu,İspanya,Yabancı,Yok,TV+ Var,Yıllık,Sürekli Lig,Transfer,Bilgi,Takım,Jenerik,İngilizce,Head,Transfer,Çekirdek
real betis,La Liga,Futbol,Lig,1. Seviye,Çekirdek,Erkek,Kulüp,Takım Sporu,İspanya,Yabancı,Yok,TV+ Var,Yıllık,Sürekli Lig,Takım Jenerik,Bilgi,Takım,Jenerik,İngilizce,Head,Takım Jenerik,Çekirdek
real betis maçları,La Liga,Futbol,Lig,1. Seviye,Çekirdek,Erkek,Kulüp,Takım Sporu,İspanya,Yabancı,Yok,TV+ Var,Yıllık,Sürekli Lig,Takım Maç Sorgusu,Bilgi,Takım,Jenerik,Türkçe,Body,Takım Maç Sorgusu,Çekirdek
real betis fikstür,La Liga,Futbol,Lig,1. Seviye,Çekirdek,Erkek,Kulüp,Takım Sporu,İspanya,Yabancı,Yok,TV+ Var,Yıllık,Sürekli Lig,Fikstür,Bilgi,Takım,Jenerik,Türkçe,Body,Fikstür,Çekirdek
real betis puan durumu,La Liga,Futbol,Lig,1. Seviye,Çekirdek,Erkek,Kulüp,Takım Sporu,İspanya,Yabancı,Yok,TV+ Var,Yıllık,Sürekli Lig,Puan Durumu,Bilgi,Takım,Jenerik,İngilizce,Body,Puan Durumu,Çekirdek
real betis kadrosu,La Liga,Futbol,Lig,1. Seviye,Çekirdek,Erkek,Kulüp,Takım Sporu,İspanya,Yabancı,Yok,TV+ Var,Yıllık,Sürekli Lig,Kadro,Bilgi,Takım,Jenerik,İngilizce,Body,Kadro,Çekirdek
real betis canlı izle,La Liga,Futbol,Lig,1. Seviye,Çekirdek,Erkek,Kulüp,Takım Sporu,İspanya,Yabancı,Yok,TV+ Var,Yıllık,Sürekli Lig,Canlı İzle,İzleme,Takım,Jenerik,Türkçe,Body,Canlı İzle,Çekirdek
real betis transfer,La Liga,Futbol,Lig,1. Seviye,Çekirdek,Erkek,Kulüp,Takım Sporu,İspanya,Yabancı,Yok,TV+ Var,Yıllık,Sürekli Lig,Transfer,Bilgi,Takım,Jenerik,İngilizce,Body,Transfer,Çekirdek
girona,La Liga,Futbol,Lig,1. Seviye,Çekirdek,Erkek,Kulüp,Takım Sporu,İspanya,Yabancı,Yok,TV+ Var,Yıllık,Sürekli Lig,Takım Jenerik,Bilgi,Takım,Jenerik,İngilizce,Head,Takım Jenerik,Çekirdek
girona maçları,La Liga,Futbol,Lig,1. Seviye,Çekirdek,Erkek,Kulüp,Takım Sporu,İspanya,Yabancı,Yok,TV+ Var,Yıllık,Sürekli Lig,Takım Maç Sorgusu,Bilgi,Takım,Jenerik,Türkçe,Head,Takım Maç Sorgusu,Çekirdek
girona fikstür,La Liga,Futbol,Lig,1. Seviye,Çekirdek,Erkek,Kulüp,Takım Sporu,İspanya,Yabancı,Yok,TV+ Var,Yıllık,Sürekli Lig,Fikstür,Bilgi,Takım,Jenerik,Türkçe,Head,Fikstür,Çekirdek
girona puan durumu,La Liga,Futbol,Lig,1. Seviye,Çekirdek,Erkek,Kulüp,Takım Sporu,İspanya,Yabancı,Yok,TV+ Var,Yıllık,Sürekli Lig,Puan Durumu,Bilgi,Takım,Jenerik,İngilizce,Body,Puan Durumu,Çekirdek
girona kadrosu,La Liga,Futbol,Lig,1. Seviye,Çekirdek,Erkek,Kulüp,Takım Sporu,İspanya,Yabancı,Yok,TV+ Var,Yıllık,Sürekli Lig,Kadro,Bilgi,Takım,Jenerik,İngilizce,Head,Kadro,Çekirdek
girona canlı izle,La Liga,Futbol,Lig,1. Seviye,Çekirdek,Erkek,Kulüp,Takım Sporu,İspanya,Yabancı,Yok,TV+ Var,Yıllık,Sürekli Lig,Canlı İzle,İzleme,Takım,Jenerik,Türkçe,Body,Canlı İzle,Çekirdek
girona transfer,La Liga,Futbol,Lig,1. Seviye,Çekirdek,Erkek,Kulüp,Takım Sporu,İspanya,Yabancı,Yok,TV+ Var,Yıllık,Sürekli Lig,Transfer,Bilgi,Takım,Jenerik,İngilizce,Head,Transfer,Çekirdek
celta vigo,La Liga,Futbol,Lig,1. Seviye,Çekirdek,Erkek,Kulüp,Takım Sporu,İspanya,Yabancı,Yok,TV+ Var,Yıllık,Sürekli Lig,Takım Jenerik,Bilgi,Takım,Jenerik,İngilizce,Head,Takım Jenerik,Çekirdek
celta vigo maçları,La Liga,Futbol,Lig,1. Seviye,Çekirdek,Erkek,Kulüp,Takım Sporu,İspanya,Yabancı,Yok,TV+ Var,Yıllık,Sürekli Lig,Takım Maç Sorgusu,Bilgi,Takım,Jenerik,Türkçe,Body,Takım Maç Sorgusu,Çekirdek
celta vigo fikstür,La Liga,Futbol,Lig,1. Seviye,Çekirdek,Erkek,Kulüp,Takım Sporu,İspanya,Yabancı,Yok,TV+ Var,Yıllık,Sürekli Lig,Fikstür,Bilgi,Takım,Jenerik,Türkçe,Body,Fikstür,Çekirdek
celta vigo puan durumu,La Liga,Futbol,Lig,1. Seviye,Çekirdek,Erkek,Kulüp,Takım Sporu,İspanya,Yabancı,Yok,TV+ Var,Yıllık,Sürekli Lig,Puan Durumu,Bilgi,Takım,Jenerik,İngilizce,Body,Puan Durumu,Çekirdek
celta vigo kadrosu,La Liga,Futbol,Lig,1. Seviye,Çekirdek,Erkek,Kulüp,Takım Sporu,İspanya,Yabancı,Yok,TV+ Var,Yıllık,Sürekli Lig,Kadro,Bilgi,Takım,Jenerik,İngilizce,Body,Kadro,Çekirdek
celta vigo canlı izle,La Liga,Futbol,Lig,1. Seviye,Çekirdek,Erkek,Kulüp,Takım Sporu,İspanya,Yabancı,Yok,TV+ Var,Yıllık,Sürekli Lig,Canlı İzle,İzleme,Takım,Jenerik,Türkçe,Body,Canlı İzle,Çekirdek
celta vigo transfer,La Liga,Futbol,Lig,1. Seviye,Çekirdek,Erkek,Kulüp,Takım Sporu,İspanya,Yabancı,Yok,TV+ Var,Yıllık,Sürekli Lig,Transfer,Bilgi,Takım,Jenerik,İngilizce,Body,Transfer,Çekirdek
osasuna,La Liga,Futbol,Lig,1. Seviye,Çekirdek,Erkek,Kulüp,Takım Sporu,İspanya,Yabancı,Yok,TV+ Var,Yıllık,Sürekli Lig,Takım Jenerik,Bilgi,Takım,Jenerik,İngilizce,Head,Takım Jenerik,Çekirdek
osasuna maçları,La Liga,Futbol,Lig,1. Seviye,Çekirdek,Erkek,Kulüp,Takım Sporu,İspanya,Yabancı,Yok,TV+ Var,Yıllık,Sürekli Lig,Takım Maç Sorgusu,Bilgi,Takım,Jenerik,Türkçe,Head,Takım Maç Sorgusu,Çekirdek
osasuna fikstür,La Liga,Futbol,Lig,1. Seviye,Çekirdek,Erkek,Kulüp,Takım Sporu,İspanya,Yabancı,Yok,TV+ Var,Yıllık,Sürekli Lig,Fikstür,Bilgi,Takım,Jenerik,Türkçe,Head,Fikstür,Çekirdek
osasuna puan durumu,La Liga,Futbol,Lig,1. Seviye,Çekirdek,Erkek,Kulüp,Takım Sporu,İspanya,Yabancı,Yok,TV+ Var,Yıllık,Sürekli Lig,Puan Durumu,Bilgi,Takım,Jenerik,İngilizce,Body,Puan Durumu,Çekirdek
osasuna kadrosu,La Liga,Futbol,Lig,1. Seviye,Çekirdek,Erkek,Kulüp,Takım Sporu,İspanya,Yabancı,Yok,TV+ Var,Yıllık,Sürekli Lig,Kadro,Bilgi,Takım,Jenerik,İngilizce,Head,Kadro,Çekirdek
osasuna canlı izle,La Liga,Futbol,Lig,1. Seviye,Çekirdek,Erkek,Kulüp,Takım Sporu,İspanya,Yabancı,Yok,TV+ Var,Yıllık,Sürekli Lig,Canlı İzle,İzleme,Takım,Jenerik,Türkçe,Body,Canlı İzle,Çekirdek
osasuna transfer,La Liga,Futbol,Lig,1. Seviye,Çekirdek,Erkek,Kulüp,Takım Sporu,İspanya,Yabancı,Yok,TV+ Var,Yıllık,Sürekli Lig,Transfer,Bilgi,Takım,Jenerik,İngilizce,Head,Transfer,Çekirdek
getafe,La Liga,Futbol,Lig,1. Seviye,Çekirdek,Erkek,Kulüp,Takım Sporu,İspanya,Yabancı,Yok,TV+ Var,Yıllık,Sürekli Lig,Takım Jenerik,Bilgi,Takım,Jenerik,İngilizce,Head,Takım Jenerik,Çekirdek
getafe maçları,La Liga,Futbol,Lig,1. Seviye,Çekirdek,Erkek,Kulüp,Takım Sporu,İspanya,Yabancı,Yok,TV+ Var,Yıllık,Sürekli Lig,Takım Maç Sorgusu,Bilgi,Takım,Jenerik,Türkçe,Head,Takım Maç Sorgusu,Çekirdek
getafe fikstür,La Liga,Futbol,Lig,1. Seviye,Çekirdek,Erkek,Kulüp,Takım Sporu,İspanya,Yabancı,Yok,TV+ Var,Yıllık,Sürekli Lig,Fikstür,Bilgi,Takım,Jenerik,Türkçe,Head,Fikstür,Çekirdek
getafe puan durumu,La Liga,Futbol,Lig,1. Seviye,Çekirdek,Erkek,Kulüp,Takım Sporu,İspanya,Yabancı,Yok,TV+ Var,Yıllık,Sürekli Lig,Puan Durumu,Bilgi,Takım,Jenerik,İngilizce,Body,Puan Durumu,Çekirdek
getafe kadrosu,La Liga,Futbol,Lig,1. Seviye,Çekirdek,Erkek,Kulüp,Takım Sporu,İspanya,Yabancı,Yok,TV+ Var,Yıllık,Sürekli Lig,Kadro,Bilgi,Takım,Jenerik,İngilizce,Head,Kadro,Çekirdek
getafe canlı izle,La Liga,Futbol,Lig,1. Seviye,Çekirdek,Erkek,Kulüp,Takım Sporu,İspanya,Yabancı,Yok,TV+ Var,Yıllık,Sürekli Lig,Canlı İzle,İzleme,Takım,Jenerik,Türkçe,Body,Canlı İzle,Çekirdek
getafe transfer,La Liga,Futbol,Lig,1. Seviye,Çekirdek,Erkek,Kulüp,Takım Sporu,İspanya,Yabancı,Yok,TV+ Var,Yıllık,Sürekli Lig,Transfer,Bilgi,Takım,Jenerik,İngilizce,Head,Transfer,Çekirdek
rayo vallecano,La Liga,Futbol,Lig,1. Seviye,Çekirdek,Erkek,Kulüp,Takım Sporu,İspanya,Yabancı,Yok,TV+ Var,Yıllık,Sürekli Lig,Takım Jenerik,Bilgi,Takım,Jenerik,İngilizce,Head,Takım Jenerik,Çekirdek
rayo vallecano maçları,La Liga,Futbol,Lig,1. Seviye,Çekirdek,Erkek,Kulüp,Takım Sporu,İspanya,Yabancı,Yok,TV+ Var,Yıllık,Sürekli Lig,Takım Maç Sorgusu,Bilgi,Takım,Jenerik,Türkçe,Body,Takım Maç Sorgusu,Çekirdek
rayo vallecano fikstür,La Liga,Futbol,Lig,1. Seviye,Çekirdek,Erkek,Kulüp,Takım Sporu,İspanya,Yabancı,Yok,TV+ Var,Yıllık,Sürekli Lig,Fikstür,Bilgi,Takım,Jenerik,Türkçe,Body,Fikstür,Çekirdek
rayo vallecano puan durumu,La Liga,Futbol,Lig,1. Seviye,Çekirdek,Erkek,Kulüp,Takım Sporu,İspanya,Yabancı,Yok,TV+ Var,Yıllık,Sürekli Lig,Puan Durumu,Bilgi,Takım,Jenerik,İngilizce,Body,Puan Durumu,Çekirdek
rayo vallecano kadrosu,La Liga,Futbol,Lig,1. Seviye,Çekirdek,Erkek,Kulüp,Takım Sporu,İspanya,Yabancı,Yok,TV+ Var,Yıllık,Sürekli Lig,Kadro,Bilgi,Takım,Jenerik,İngilizce,Body,Kadro,Çekirdek
rayo vallecano canlı izle,La Liga,Futbol,Lig,1. Seviye,Çekirdek,Erkek,Kulüp,Takım Sporu,İspanya,Yabancı,Yok,TV+ Var,Yıllık,Sürekli Lig,Canlı İzle,İzleme,Takım,Jenerik,Türkçe,Body,Canlı İzle,Çekirdek
rayo vallecano transfer,La Liga,Futbol,Lig,1. Seviye,Çekirdek,Erkek,Kulüp,Takım Sporu,İspanya,Yabancı,Yok,TV+ Var,Yıllık,Sürekli Lig,Transfer,Bilgi,Takım,Jenerik,İngilizce,Body,Transfer,Çekirdek
mallorca,La Liga,Futbol,Lig,1. Seviye,Çekirdek,Erkek,Kulüp,Takım Sporu,İspanya,Yabancı,Yok,TV+ Var,Yıllık,Sürekli Lig,Takım Jenerik,Bilgi,Takım,Jenerik,İngilizce,Head,Takım Jenerik,Çekirdek
mallorca maçları,La Liga,Futbol,Lig,1. Seviye,Çekirdek,Erkek,Kulüp,Takım Sporu,İspanya,Yabancı,Yok,TV+ Var,Yıllık,Sürekli Lig,Takım Maç Sorgusu,Bilgi,Takım,Jenerik,Türkçe,Head,Takım Maç Sorgusu,Çekirdek
mallorca fikstür,La Liga,Futbol,Lig,1. Seviye,Çekirdek,Erkek,Kulüp,Takım Sporu,İspanya,Yabancı,Yok,TV+ Var,Yıllık,Sürekli Lig,Fikstür,Bilgi,Takım,Jenerik,Türkçe,Head,Fikstür,Çekirdek
mallorca puan durumu,La Liga,Futbol,Lig,1. Seviye,Çekirdek,Erkek,Kulüp,Takım Sporu,İspanya,Yabancı,Yok,TV+ Var,Yıllık,Sürekli Lig,Puan Durumu,Bilgi,Takım,Jenerik,İngilizce,Body,Puan Durumu,Çekirdek
mallorca kadrosu,La Liga,Futbol,Lig,1. Seviye,Çekirdek,Erkek,Kulüp,Takım Sporu,İspanya,Yabancı,Yok,TV+ Var,Yıllık,Sürekli Lig,Kadro,Bilgi,Takım,Jenerik,İngilizce,Head,Kadro,Çekirdek
mallorca canlı izle,La Liga,Futbol,Lig,1. Seviye,Çekirdek,Erkek,Kulüp,Takım Sporu,İspanya,Yabancı,Yok,TV+ Var,Yıllık,Sürekli Lig,Canlı İzle,İzleme,Takım,Jenerik,Türkçe,Body,Canlı İzle,Çekirdek
mallorca transfer,La Liga,Futbol,Lig,1. Seviye,Çekirdek,Erkek,Kulüp,Takım Sporu,İspanya,Yabancı,Yok,TV+ Var,Yıllık,Sürekli Lig,Transfer,Bilgi,Takım,Jenerik,İngilizce,Head,Transfer,Çekirdek
alaves,La Liga,Futbol,Lig,1. Seviye,Çekirdek,Erkek,Kulüp,Takım Sporu,İspanya,Yabancı,Yok,TV+ Var,Yıllık,Sürekli Lig,Takım Jenerik,Bilgi,Takım,Jenerik,İngilizce,Head,Takım Jenerik,Çekirdek
alaves maçları,La Liga,Futbol,Lig,1. Seviye,Çekirdek,Erkek,Kulüp,Takım Sporu,İspanya,Yabancı,Yok,TV+ Var,Yıllık,Sürekli Lig,Takım Maç Sorgusu,Bilgi,Takım,Jenerik,Türkçe,Head,Takım Maç Sorgusu,Çekirdek
alaves fikstür,La Liga,Futbol,Lig,1. Seviye,Çekirdek,Erkek,Kulüp,Takım Sporu,İspanya,Yabancı,Yok,TV+ Var,Yıllık,Sürekli Lig,Fikstür,Bilgi,Takım,Jenerik,Türkçe,Head,Fikstür,Çekirdek
alaves puan durumu,La Liga,Futbol,Lig,1. Seviye,Çekirdek,Erkek,Kulüp,Takım Sporu,İspanya,Yabancı,Yok,TV+ Var,Yıllık,Sürekli Lig,Puan Durumu,Bilgi,Takım,Jenerik,İngilizce,Body,Puan Durumu,Çekirdek
alaves kadrosu,La Liga,Futbol,Lig,1. Seviye,Çekirdek,Erkek,Kulüp,Takım Sporu,İspanya,Yabancı,Yok,TV+ Var,Yıllık,Sürekli Lig,Kadro,Bilgi,Takım,Jenerik,İngilizce,Head,Kadro,Çekirdek
alaves canlı izle,La Liga,Futbol,Lig,1. Seviye,Çekirdek,Erkek,Kulüp,Takım Sporu,İspanya,Yabancı,Yok,TV+ Var,Yıllık,Sürekli Lig,Canlı İzle,İzleme,Takım,Jenerik,Türkçe,Body,Canlı İzle,Çekirdek
alaves transfer,La Liga,Futbol,Lig,1. Seviye,Çekirdek,Erkek,Kulüp,Takım Sporu,İspanya,Yabancı,Yok,TV+ Var,Yıllık,Sürekli Lig,Transfer,Bilgi,Takım,Jenerik,İngilizce,Head,Transfer,Çekirdek
espanyol,La Liga,Futbol,Lig,1. Seviye,Çekirdek,Erkek,Kulüp,Takım Sporu,İspanya,Yabancı,Yok,TV+ Var,Yıllık,Sürekli Lig,Takım Jenerik,Bilgi,Takım,Jenerik,İngilizce,Head,Takım Jenerik,Çekirdek
espanyol maçları,La Liga,Futbol,Lig,1. Seviye,Çekirdek,Erkek,Kulüp,Takım Sporu,İspanya,Yabancı,Yok,TV+ Var,Yıllık,Sürekli Lig,Takım Maç Sorgusu,Bilgi,Takım,Jenerik,Türkçe,Head,Takım Maç Sorgusu,Çekirdek
espanyol fikstür,La Liga,Futbol,Lig,1. Seviye,Çekirdek,Erkek,Kulüp,Takım Sporu,İspanya,Yabancı,Yok,TV+ Var,Yıllık,Sürekli Lig,Fikstür,Bilgi,Takım,Jenerik,Türkçe,Head,Fikstür,Çekirdek
espanyol puan durumu,La Liga,Futbol,Lig,1. Seviye,Çekirdek,Erkek,Kulüp,Takım Sporu,İspanya,Yabancı,Yok,TV+ Var,Yıllık,Sürekli Lig,Puan Durumu,Bilgi,Takım,Jenerik,İngilizce,Body,Puan Durumu,Çekirdek
espanyol kadrosu,La Liga,Futbol,Lig,1. Seviye,Çekirdek,Erkek,Kulüp,Takım Sporu,İspanya,Yabancı,Yok,TV+ Var,Yıllık,Sürekli Lig,Kadro,Bilgi,Takım,Jenerik,İngilizce,Head,Kadro,Çekirdek
espanyol canlı izle,La Liga,Futbol,Lig,1. Seviye,Çekirdek,Erkek,Kulüp,Takım Sporu,İspanya,Yabancı,Yok,TV+ Var,Yıllık,Sürekli Lig,Canlı İzle,İzleme,Takım,Jenerik,Türkçe,Body,Canlı İzle,Çekirdek
espanyol transfer,La Liga,Futbol,Lig,1. Seviye,Çekirdek,Erkek,Kulüp,Takım Sporu,İspanya,Yabancı,Yok,TV+ Var,Yıllık,Sürekli Lig,Transfer,Bilgi,Takım,Jenerik,İngilizce,Head,Transfer,Çekirdek
elche,La Liga,Futbol,Lig,1. Seviye,Çekirdek,Erkek,Kulüp,Takım Sporu,İspanya,Yabancı,Yok,TV+ Var,Yıllık,Sürekli Lig,Takım Jenerik,Bilgi,Takım,Jenerik,İngilizce,Head,Takım Jenerik,Çekirdek
elche maçları,La Liga,Futbol,Lig,1. Seviye,Çekirdek,Erkek,Kulüp,Takım Sporu,İspanya,Yabancı,Yok,TV+ Var,Yıllık,Sürekli Lig,Takım Maç Sorgusu,Bilgi,Takım,Jenerik,Türkçe,Head,Takım Maç Sorgusu,Çekirdek
elche fikstür,La Liga,Futbol,Lig,1. Seviye,Çekirdek,Erkek,Kulüp,Takım Sporu,İspanya,Yabancı,Yok,TV+ Var,Yıllık,Sürekli Lig,Fikstür,Bilgi,Takım,Jenerik,Türkçe,Head,Fikstür,Çekirdek
elche puan durumu,La Liga,Futbol,Lig,1. Seviye,Çekirdek,Erkek,Kulüp,Takım Sporu,İspanya,Yabancı,Yok,TV+ Var,Yıllık,Sürekli Lig,Puan Durumu,Bilgi,Takım,Jenerik,İngilizce,Body,Puan Durumu,Çekirdek
elche kadrosu,La Liga,Futbol,Lig,1. Seviye,Çekirdek,Erkek,Kulüp,Takım Sporu,İspanya,Yabancı,Yok,TV+ Var,Yıllık,Sürekli Lig,Kadro,Bilgi,Takım,Jenerik,İngilizce,Head,Kadro,Çekirdek
elche canlı izle,La Liga,Futbol,Lig,1. Seviye,Çekirdek,Erkek,Kulüp,Takım Sporu,İspanya,Yabancı,Yok,TV+ Var,Yıllık,Sürekli Lig,Canlı İzle,İzleme,Takım,Jenerik,Türkçe,Body,Canlı İzle,Çekirdek
elche transfer,La Liga,Futbol,Lig,1. Seviye,Çekirdek,Erkek,Kulüp,Takım Sporu,İspanya,Yabancı,Yok,TV+ Var,Yıllık,Sürekli Lig,Transfer,Bilgi,Takım,Jenerik,İngilizce,Head,Transfer,Çekirdek
levante,La Liga,Futbol,Lig,1. Seviye,Çekirdek,Erkek,Kulüp,Takım Sporu,İspanya,Yabancı,Yok,TV+ Var,Yıllık,Sürekli Lig,Takım Jenerik,Bilgi,Takım,Jenerik,İngilizce,Head,Takım Jenerik,Çekirdek
levante maçları,La Liga,Futbol,Lig,1. Seviye,Çekirdek,Erkek,Kulüp,Takım Sporu,İspanya,Yabancı,Yok,TV+ Var,Yıllık,Sürekli Lig,Takım Maç Sorgusu,Bilgi,Takım,Jenerik,Türkçe,Head,Takım Maç Sorgusu,Çekirdek
levante fikstür,La Liga,Futbol,Lig,1. Seviye,Çekirdek,Erkek,Kulüp,Takım Sporu,İspanya,Yabancı,Yok,TV+ Var,Yıllık,Sürekli Lig,Fikstür,Bilgi,Takım,Jenerik,Türkçe,Head,Fikstür,Çekirdek
levante puan durumu,La Liga,Futbol,Lig,1. Seviye,Çekirdek,Erkek,Kulüp,Takım Sporu,İspanya,Yabancı,Yok,TV+ Var,Yıllık,Sürekli Lig,Puan Durumu,Bilgi,Takım,Jenerik,İngilizce,Body,Puan Durumu,Çekirdek
levante kadrosu,La Liga,Futbol,Lig,1. Seviye,Çekirdek,Erkek,Kulüp,Takım Sporu,İspanya,Yabancı,Yok,TV+ Var,Yıllık,Sürekli Lig,Kadro,Bilgi,Takım,Jenerik,İngilizce,Head,Kadro,Çekirdek
levante canlı izle,La Liga,Futbol,Lig,1. Seviye,Çekirdek,Erkek,Kulüp,Takım Sporu,İspanya,Yabancı,Yok,TV+ Var,Yıllık,Sürekli Lig,Canlı İzle,İzleme,Takım,Jenerik,Türkçe,Body,Canlı İzle,Çekirdek
levante transfer,La Liga,Futbol,Lig,1. Seviye,Çekirdek,Erkek,Kulüp,Takım Sporu,İspanya,Yabancı,Yok,TV+ Var,Yıllık,Sürekli Lig,Transfer,Bilgi,Takım,Jenerik,İngilizce,Head,Transfer,Çekirdek
oviedo,La Liga,Futbol,Lig,1. Seviye,Çekirdek,Erkek,Kulüp,Takım Sporu,İspanya,Yabancı,Yok,TV+ Var,Yıllık,Sürekli Lig,Takım Jenerik,Bilgi,Takım,Jenerik,İngilizce,Head,Takım Jenerik,Çekirdek
oviedo maçları,La Liga,Futbol,Lig,1. Seviye,Çekirdek,Erkek,Kulüp,Takım Sporu,İspanya,Yabancı,Yok,TV+ Var,Yıllık,Sürekli Lig,Takım Maç Sorgusu,Bilgi,Takım,Jenerik,Türkçe,Head,Takım Maç Sorgusu,Çekirdek
oviedo fikstür,La Liga,Futbol,Lig,1. Seviye,Çekirdek,Erkek,Kulüp,Takım Sporu,İspanya,Yabancı,Yok,TV+ Var,Yıllık,Sürekli Lig,Fikstür,Bilgi,Takım,Jenerik,Türkçe,Head,Fikstür,Çekirdek
oviedo puan durumu,La Liga,Futbol,Lig,1. Seviye,Çekirdek,Erkek,Kulüp,Takım Sporu,İspanya,Yabancı,Yok,TV+ Var,Yıllık,Sürekli Lig,Puan Durumu,Bilgi,Takım,Jenerik,İngilizce,Body,Puan Durumu,Çekirdek
oviedo kadrosu,La Liga,Futbol,Lig,1. Seviye,Çekirdek,Erkek,Kulüp,Takım Sporu,İspanya,Yabancı,Yok,TV+ Var,Yıllık,Sürekli Lig,Kadro,Bilgi,Takım,Jenerik,İngilizce,Head,Kadro,Çekirdek
oviedo canlı izle,La Liga,Futbol,Lig,1. Seviye,Çekirdek,Erkek,Kulüp,Takım Sporu,İspanya,Yabancı,Yok,TV+ Var,Yıllık,Sürekli Lig,Canlı İzle,İzleme,Takım,Jenerik,Türkçe,Body,Canlı İzle,Çekirdek
oviedo transfer,La Liga,Futbol,Lig,1. Seviye,Çekirdek,Erkek,Kulüp,Takım Sporu,İspanya,Yabancı,Yok,TV+ Var,Yıllık,Sürekli Lig,Transfer,Bilgi,Takım,Jenerik,İngilizce,Head,Transfer,Çekirdek
juventus,Serie A,Futbol,Lig,1. Seviye,Çekirdek,Erkek,Kulüp,Takım Sporu,İtalya,Yabancı,Yok,TV+ Var,Yıllık,Sürekli Lig,Takım Jenerik,Bilgi,Takım,Jenerik,İngilizce,Head,Takım Jenerik,Çekirdek
juventus maçları,Serie A,Futbol,Lig,1. Seviye,Çekirdek,Erkek,Kulüp,Takım Sporu,İtalya,Yabancı,Yok,TV+ Var,Yıllık,Sürekli Lig,Takım Maç Sorgusu,Bilgi,Takım,Jenerik,Türkçe,Head,Takım Maç Sorgusu,Çekirdek
juventus fikstür,Serie A,Futbol,Lig,1. Seviye,Çekirdek,Erkek,Kulüp,Takım Sporu,İtalya,Yabancı,Yok,TV+ Var,Yıllık,Sürekli Lig,Fikstür,Bilgi,Takım,Jenerik,Türkçe,Head,Fikstür,Çekirdek
juventus puan durumu,Serie A,Futbol,Lig,1. Seviye,Çekirdek,Erkek,Kulüp,Takım Sporu,İtalya,Yabancı,Yok,TV+ Var,Yıllık,Sürekli Lig,Puan Durumu,Bilgi,Takım,Jenerik,İngilizce,Body,Puan Durumu,Çekirdek
juventus kadrosu,Serie A,Futbol,Lig,1. Seviye,Çekirdek,Erkek,Kulüp,Takım Sporu,İtalya,Yabancı,Yok,TV+ Var,Yıllık,Sürekli Lig,Kadro,Bilgi,Takım,Jenerik,İngilizce,Head,Kadro,Çekirdek
juventus canlı izle,Serie A,Futbol,Lig,1. Seviye,Çekirdek,Erkek,Kulüp,Takım Sporu,İtalya,Yabancı,Yok,TV+ Var,Yıllık,Sürekli Lig,Canlı İzle,İzleme,Takım,Jenerik,Türkçe,Body,Canlı İzle,Çekirdek
juventus transfer,Serie A,Futbol,Lig,1. Seviye,Çekirdek,Erkek,Kulüp,Takım Sporu,İtalya,Yabancı,Yok,TV+ Var,Yıllık,Sürekli Lig,Transfer,Bilgi,Takım,Jenerik,İngilizce,Head,Transfer,Çekirdek
inter,Serie A,Futbol,Lig,1. Seviye,Çekirdek,Erkek,Kulüp,Takım Sporu,İtalya,Yabancı,Yok,TV+ Var,Yıllık,Sürekli Lig,Takım Jenerik,Bilgi,Takım,Jenerik,İngilizce,Head,Takım Jenerik,Çekirdek
inter maçları,Serie A,Futbol,Lig,1. Seviye,Çekirdek,Erkek,Kulüp,Takım Sporu,İtalya,Yabancı,Yok,TV+ Var,Yıllık,Sürekli Lig,Takım Maç Sorgusu,Bilgi,Takım,Jenerik,Türkçe,Head,Takım Maç Sorgusu,Çekirdek
inter fikstür,Serie A,Futbol,Lig,1. Seviye,Çekirdek,Erkek,Kulüp,Takım Sporu,İtalya,Yabancı,Yok,TV+ Var,Yıllık,Sürekli Lig,Fikstür,Bilgi,Takım,Jenerik,Türkçe,Head,Fikstür,Çekirdek
inter puan durumu,Serie A,Futbol,Lig,1. Seviye,Çekirdek,Erkek,Kulüp,Takım Sporu,İtalya,Yabancı,Yok,TV+ Var,Yıllık,Sürekli Lig,Puan Durumu,Bilgi,Takım,Jenerik,İngilizce,Body,Puan Durumu,Çekirdek
inter kadrosu,Serie A,Futbol,Lig,1. Seviye,Çekirdek,Erkek,Kulüp,Takım Sporu,İtalya,Yabancı,Yok,TV+ Var,Yıllık,Sürekli Lig,Kadro,Bilgi,Takım,Jenerik,İngilizce,Head,Kadro,Çekirdek
inter canlı izle,Serie A,Futbol,Lig,1. Seviye,Çekirdek,Erkek,Kulüp,Takım Sporu,İtalya,Yabancı,Yok,TV+ Var,Yıllık,Sürekli Lig,Canlı İzle,İzleme,Takım,Jenerik,Türkçe,Body,Canlı İzle,Çekirdek
inter transfer,Serie A,Futbol,Lig,1. Seviye,Çekirdek,Erkek,Kulüp,Takım Sporu,İtalya,Yabancı,Yok,TV+ Var,Yıllık,Sürekli Lig,Transfer,Bilgi,Takım,Jenerik,İngilizce,Head,Transfer,Çekirdek
milan,Serie A,Futbol,Lig,1. Seviye,Çekirdek,Erkek,Kulüp,Takım Sporu,İtalya,Yabancı,Yok,TV+ Var,Yıllık,Sürekli Lig,Takım Jenerik,Bilgi,Takım,Jenerik,İngilizce,Head,Takım Jenerik,Çekirdek
milan maçları,Serie A,Futbol,Lig,1. Seviye,Çekirdek,Erkek,Kulüp,Takım Sporu,İtalya,Yabancı,Yok,TV+ Var,Yıllık,Sürekli Lig,Takım Maç Sorgusu,Bilgi,Takım,Jenerik,Türkçe,Head,Takım Maç Sorgusu,Çekirdek
milan fikstür,Serie A,Futbol,Lig,1. Seviye,Çekirdek,Erkek,Kulüp,Takım Sporu,İtalya,Yabancı,Yok,TV+ Var,Yıllık,Sürekli Lig,Fikstür,Bilgi,Takım,Jenerik,Türkçe,Head,Fikstür,Çekirdek
milan puan durumu,Serie A,Futbol,Lig,1. Seviye,Çekirdek,Erkek,Kulüp,Takım Sporu,İtalya,Yabancı,Yok,TV+ Var,Yıllık,Sürekli Lig,Puan Durumu,Bilgi,Takım,Jenerik,İngilizce,Body,Puan Durumu,Çekirdek
milan kadrosu,Serie A,Futbol,Lig,1. Seviye,Çekirdek,Erkek,Kulüp,Takım Sporu,İtalya,Yabancı,Yok,TV+ Var,Yıllık,Sürekli Lig,Kadro,Bilgi,Takım,Jenerik,İngilizce,Head,Kadro,Çekirdek
milan canlı izle,Serie A,Futbol,Lig,1. Seviye,Çekirdek,Erkek,Kulüp,Takım Sporu,İtalya,Yabancı,Yok,TV+ Var,Yıllık,Sürekli Lig,Canlı İzle,İzleme,Takım,Jenerik,Türkçe,Body,Canlı İzle,Çekirdek
milan transfer,Serie A,Futbol,Lig,1. Seviye,Çekirdek,Erkek,Kulüp,Takım Sporu,İtalya,Yabancı,Yok,TV+ Var,Yıllık,Sürekli Lig,Transfer,Bilgi,Takım,Jenerik,İngilizce,Head,Transfer,Çekirdek
napoli,Serie A,Futbol,Lig,1. Seviye,Çekirdek,Erkek,Kulüp,Takım Sporu,İtalya,Yabancı,Yok,TV+ Var,Yıllık,Sürekli Lig,Takım Jenerik,Bilgi,Takım,Jenerik,İngilizce,Head,Takım Jenerik,Çekirdek
napoli maçları,Serie A,Futbol,Lig,1. Seviye,Çekirdek,Erkek,Kulüp,Takım Sporu,İtalya,Yabancı,Yok,TV+ Var,Yıllık,Sürekli Lig,Takım Maç Sorgusu,Bilgi,Takım,Jenerik,Türkçe,Head,Takım Maç Sorgusu,Çekirdek
napoli fikstür,Serie A,Futbol,Lig,1. Seviye,Çekirdek,Erkek,Kulüp,Takım Sporu,İtalya,Yabancı,Yok,TV+ Var,Yıllık,Sürekli Lig,Fikstür,Bilgi,Takım,Jenerik,Türkçe,Head,Fikstür,Çekirdek
napoli puan durumu,Serie A,Futbol,Lig,1. Seviye,Çekirdek,Erkek,Kulüp,Takım Sporu,İtalya,Yabancı,Yok,TV+ Var,Yıllık,Sürekli Lig,Puan Durumu,Bilgi,Takım,Jenerik,İngilizce,Body,Puan Durumu,Çekirdek
napoli kadrosu,Serie A,Futbol,Lig,1. Seviye,Çekirdek,Erkek,Kulüp,Takım Sporu,İtalya,Yabancı,Yok,TV+ Var,Yıllık,Sürekli Lig,Kadro,Bilgi,Takım,Jenerik,İngilizce,Head,Kadro,Çekirdek
napoli canlı izle,Serie A,Futbol,Lig,1. Seviye,Çekirdek,Erkek,Kulüp,Takım Sporu,İtalya,Yabancı,Yok,TV+ Var,Yıllık,Sürekli Lig,Canlı İzle,İzleme,Takım,Jenerik,Türkçe,Body,Canlı İzle,Çekirdek
napoli transfer,Serie A,Futbol,Lig,1. Seviye,Çekirdek,Erkek,Kulüp,Takım Sporu,İtalya,Yabancı,Yok,TV+ Var,Yıllık,Sürekli Lig,Transfer,Bilgi,Takım,Jenerik,İngilizce,Head,Transfer,Çekirdek
roma,Serie A,Futbol,Lig,1. Seviye,Çekirdek,Erkek,Kulüp,Takım Sporu,İtalya,Yabancı,Yok,TV+ Var,Yıllık,Sürekli Lig,Takım Jenerik,Bilgi,Takım,Jenerik,İngilizce,Head,Takım Jenerik,Çekirdek
roma maçları,Serie A,Futbol,Lig,1. Seviye,Çekirdek,Erkek,Kulüp,Takım Sporu,İtalya,Yabancı,Yok,TV+ Var,Yıllık,Sürekli Lig,Takım Maç Sorgusu,Bilgi,Takım,Jenerik,Türkçe,Head,Takım Maç Sorgusu,Çekirdek
roma fikstür,Serie A,Futbol,Lig,1. Seviye,Çekirdek,Erkek,Kulüp,Takım Sporu,İtalya,Yabancı,Yok,TV+ Var,Yıllık,Sürekli Lig,Fikstür,Bilgi,Takım,Jenerik,Türkçe,Head,Fikstür,Çekirdek
roma puan durumu,Serie A,Futbol,Lig,1. Seviye,Çekirdek,Erkek,Kulüp,Takım Sporu,İtalya,Yabancı,Yok,TV+ Var,Yıllık,Sürekli Lig,Puan Durumu,Bilgi,Takım,Jenerik,İngilizce,Body,Puan Durumu,Çekirdek
roma kadrosu,Serie A,Futbol,Lig,1. Seviye,Çekirdek,Erkek,Kulüp,Takım Sporu,İtalya,Yabancı,Yok,TV+ Var,Yıllık,Sürekli Lig,Kadro,Bilgi,Takım,Jenerik,İngilizce,Head,Kadro,Çekirdek
roma canlı izle,Serie A,Futbol,Lig,1. Seviye,Çekirdek,Erkek,Kulüp,Takım Sporu,İtalya,Yabancı,Yok,TV+ Var,Yıllık,Sürekli Lig,Canlı İzle,İzleme,Takım,Jenerik,Türkçe,Body,Canlı İzle,Çekirdek
roma transfer,Serie A,Futbol,Lig,1. Seviye,Çekirdek,Erkek,Kulüp,Takım Sporu,İtalya,Yabancı,Yok,TV+ Var,Yıllık,Sürekli Lig,Transfer,Bilgi,Takım,Jenerik,İngilizce,Head,Transfer,Çekirdek
lazio,Serie A,Futbol,Lig,1. Seviye,Çekirdek,Erkek,Kulüp,Takım Sporu,İtalya,Yabancı,Yok,TV+ Var,Yıllık,Sürekli Lig,Takım Jenerik,Bilgi,Takım,Jenerik,İngilizce,Head,Takım Jenerik,Çekirdek
lazio maçları,Serie A,Futbol,Lig,1. Seviye,Çekirdek,Erkek,Kulüp,Takım Sporu,İtalya,Yabancı,Yok,TV+ Var,Yıllık,Sürekli Lig,Takım Maç Sorgusu,Bilgi,Takım,Jenerik,Türkçe,Head,Takım Maç Sorgusu,Çekirdek
lazio fikstür,Serie A,Futbol,Lig,1. Seviye,Çekirdek,Erkek,Kulüp,Takım Sporu,İtalya,Yabancı,Yok,TV+ Var,Yıllık,Sürekli Lig,Fikstür,Bilgi,Takım,Jenerik,Türkçe,Head,Fikstür,Çekirdek
lazio puan durumu,Serie A,Futbol,Lig,1. Seviye,Çekirdek,Erkek,Kulüp,Takım Sporu,İtalya,Yabancı,Yok,TV+ Var,Yıllık,Sürekli Lig,Puan Durumu,Bilgi,Takım,Jenerik,İngilizce,Body,Puan Durumu,Çekirdek
lazio kadrosu,Serie A,Futbol,Lig,1. Seviye,Çekirdek,Erkek,Kulüp,Takım Sporu,İtalya,Yabancı,Yok,TV+ Var,Yıllık,Sürekli Lig,Kadro,Bilgi,Takım,Jenerik,İngilizce,Head,Kadro,Çekirdek
lazio canlı izle,Serie A,Futbol,Lig,1. Seviye,Çekirdek,Erkek,Kulüp,Takım Sporu,İtalya,Yabancı,Yok,TV+ Var,Yıllık,Sürekli Lig,Canlı İzle,İzleme,Takım,Jenerik,Türkçe,Body,Canlı İzle,Çekirdek
lazio transfer,Serie A,Futbol,Lig,1. Seviye,Çekirdek,Erkek,Kulüp,Takım Sporu,İtalya,Yabancı,Yok,TV+ Var,Yıllık,Sürekli Lig,Transfer,Bilgi,Takım,Jenerik,İngilizce,Head,Transfer,Çekirdek
atalanta,Serie A,Futbol,Lig,1. Seviye,Çekirdek,Erkek,Kulüp,Takım Sporu,İtalya,Yabancı,Yok,TV+ Var,Yıllık,Sürekli Lig,Takım Jenerik,Bilgi,Takım,Jenerik,İngilizce,Head,Takım Jenerik,Çekirdek
atalanta maçları,Serie A,Futbol,Lig,1. Seviye,Çekirdek,Erkek,Kulüp,Takım Sporu,İtalya,Yabancı,Yok,TV+ Var,Yıllık,Sürekli Lig,Takım Maç Sorgusu,Bilgi,Takım,Jenerik,Türkçe,Head,Takım Maç Sorgusu,Çekirdek
atalanta fikstür,Serie A,Futbol,Lig,1. Seviye,Çekirdek,Erkek,Kulüp,Takım Sporu,İtalya,Yabancı,Yok,TV+ Var,Yıllık,Sürekli Lig,Fikstür,Bilgi,Takım,Jenerik,Türkçe,Head,Fikstür,Çekirdek
atalanta puan durumu,Serie A,Futbol,Lig,1. Seviye,Çekirdek,Erkek,Kulüp,Takım Sporu,İtalya,Yabancı,Yok,TV+ Var,Yıllık,Sürekli Lig,Puan Durumu,Bilgi,Takım,Jenerik,İngilizce,Body,Puan Durumu,Çekirdek
atalanta kadrosu,Serie A,Futbol,Lig,1. Seviye,Çekirdek,Erkek,Kulüp,Takım Sporu,İtalya,Yabancı,Yok,TV+ Var,Yıllık,Sürekli Lig,Kadro,Bilgi,Takım,Jenerik,İngilizce,Head,Kadro,Çekirdek
atalanta canlı izle,Serie A,Futbol,Lig,1. Seviye,Çekirdek,Erkek,Kulüp,Takım Sporu,İtalya,Yabancı,Yok,TV+ Var,Yıllık,Sürekli Lig,Canlı İzle,İzleme,Takım,Jenerik,Türkçe,Body,Canlı İzle,Çekirdek
atalanta transfer,Serie A,Futbol,Lig,1. Seviye,Çekirdek,Erkek,Kulüp,Takım Sporu,İtalya,Yabancı,Yok,TV+ Var,Yıllık,Sürekli Lig,Transfer,Bilgi,Takım,Jenerik,İngilizce,Head,Transfer,Çekirdek
fiorentina,Serie A,Futbol,Lig,1. Seviye,Çekirdek,Erkek,Kulüp,Takım Sporu,İtalya,Yabancı,Yok,TV+ Var,Yıllık,Sürekli Lig,Takım Jenerik,Bilgi,Takım,Jenerik,İngilizce,Head,Takım Jenerik,Çekirdek
fiorentina maçları,Serie A,Futbol,Lig,1. Seviye,Çekirdek,Erkek,Kulüp,Takım Sporu,İtalya,Yabancı,Yok,TV+ Var,Yıllık,Sürekli Lig,Takım Maç Sorgusu,Bilgi,Takım,Jenerik,Türkçe,Head,Takım Maç Sorgusu,Çekirdek
fiorentina fikstür,Serie A,Futbol,Lig,1. Seviye,Çekirdek,Erkek,Kulüp,Takım Sporu,İtalya,Yabancı,Yok,TV+ Var,Yıllık,Sürekli Lig,Fikstür,Bilgi,Takım,Jenerik,Türkçe,Head,Fikstür,Çekirdek
fiorentina puan durumu,Serie A,Futbol,Lig,1. Seviye,Çekirdek,Erkek,Kulüp,Takım Sporu,İtalya,Yabancı,Yok,TV+ Var,Yıllık,Sürekli Lig,Puan Durumu,Bilgi,Takım,Jenerik,İngilizce,Body,Puan Durumu,Çekirdek
fiorentina kadrosu,Serie A,Futbol,Lig,1. Seviye,Çekirdek,Erkek,Kulüp,Takım Sporu,İtalya,Yabancı,Yok,TV+ Var,Yıllık,Sürekli Lig,Kadro,Bilgi,Takım,Jenerik,İngilizce,Head,Kadro,Çekirdek
fiorentina canlı izle,Serie A,Futbol,Lig,1. Seviye,Çekirdek,Erkek,Kulüp,Takım Sporu,İtalya,Yabancı,Yok,TV+ Var,Yıllık,Sürekli Lig,Canlı İzle,İzleme,Takım,Jenerik,Türkçe,Body,Canlı İzle,Çekirdek
fiorentina transfer,Serie A,Futbol,Lig,1. Seviye,Çekirdek,Erkek,Kulüp,Takım Sporu,İtalya,Yabancı,Yok,TV+ Var,Yıllık,Sürekli Lig,Transfer,Bilgi,Takım,Jenerik,İngilizce,Head,Transfer,Çekirdek
bologna,Serie A,Futbol,Lig,1. Seviye,Çekirdek,Erkek,Kulüp,Takım Sporu,İtalya,Yabancı,Yok,TV+ Var,Yıllık,Sürekli Lig,Takım Jenerik,Bilgi,Takım,Jenerik,İngilizce,Head,Takım Jenerik,Çekirdek
bologna maçları,Serie A,Futbol,Lig,1. Seviye,Çekirdek,Erkek,Kulüp,Takım Sporu,İtalya,Yabancı,Yok,TV+ Var,Yıllık,Sürekli Lig,Takım Maç Sorgusu,Bilgi,Takım,Jenerik,Türkçe,Head,Takım Maç Sorgusu,Çekirdek
bologna fikstür,Serie A,Futbol,Lig,1. Seviye,Çekirdek,Erkek,Kulüp,Takım Sporu,İtalya,Yabancı,Yok,TV+ Var,Yıllık,Sürekli Lig,Fikstür,Bilgi,Takım,Jenerik,Türkçe,Head,Fikstür,Çekirdek
bologna puan durumu,Serie A,Futbol,Lig,1. Seviye,Çekirdek,Erkek,Kulüp,Takım Sporu,İtalya,Yabancı,Yok,TV+ Var,Yıllık,Sürekli Lig,Puan Durumu,Bilgi,Takım,Jenerik,İngilizce,Body,Puan Durumu,Çekirdek
bologna kadrosu,Serie A,Futbol,Lig,1. Seviye,Çekirdek,Erkek,Kulüp,Takım Sporu,İtalya,Yabancı,Yok,TV+ Var,Yıllık,Sürekli Lig,Kadro,Bilgi,Takım,Jenerik,İngilizce,Head,Kadro,Çekirdek
bologna canlı izle,Serie A,Futbol,Lig,1. Seviye,Çekirdek,Erkek,Kulüp,Takım Sporu,İtalya,Yabancı,Yok,TV+ Var,Yıllık,Sürekli Lig,Canlı İzle,İzleme,Takım,Jenerik,Türkçe,Body,Canlı İzle,Çekirdek
bologna transfer,Serie A,Futbol,Lig,1. Seviye,Çekirdek,Erkek,Kulüp,Takım Sporu,İtalya,Yabancı,Yok,TV+ Var,Yıllık,Sürekli Lig,Transfer,Bilgi,Takım,Jenerik,İngilizce,Head,Transfer,Çekirdek
torino,Serie A,Futbol,Lig,1. Seviye,Çekirdek,Erkek,Kulüp,Takım Sporu,İtalya,Yabancı,Yok,TV+ Var,Yıllık,Sürekli Lig,Takım Jenerik,Bilgi,Takım,Jenerik,İngilizce,Head,Takım Jenerik,Çekirdek
torino maçları,Serie A,Futbol,Lig,1. Seviye,Çekirdek,Erkek,Kulüp,Takım Sporu,İtalya,Yabancı,Yok,TV+ Var,Yıllık,Sürekli Lig,Takım Maç Sorgusu,Bilgi,Takım,Jenerik,Türkçe,Head,Takım Maç Sorgusu,Çekirdek
torino fikstür,Serie A,Futbol,Lig,1. Seviye,Çekirdek,Erkek,Kulüp,Takım Sporu,İtalya,Yabancı,Yok,TV+ Var,Yıllık,Sürekli Lig,Fikstür,Bilgi,Takım,Jenerik,Türkçe,Head,Fikstür,Çekirdek
torino puan durumu,Serie A,Futbol,Lig,1. Seviye,Çekirdek,Erkek,Kulüp,Takım Sporu,İtalya,Yabancı,Yok,TV+ Var,Yıllık,Sürekli Lig,Puan Durumu,Bilgi,Takım,Jenerik,İngilizce,Body,Puan Durumu,Çekirdek
torino kadrosu,Serie A,Futbol,Lig,1. Seviye,Çekirdek,Erkek,Kulüp,Takım Sporu,İtalya,Yabancı,Yok,TV+ Var,Yıllık,Sürekli Lig,Kadro,Bilgi,Takım,Jenerik,İngilizce,Head,Kadro,Çekirdek
torino canlı izle,Serie A,Futbol,Lig,1. Seviye,Çekirdek,Erkek,Kulüp,Takım Sporu,İtalya,Yabancı,Yok,TV+ Var,Yıllık,Sürekli Lig,Canlı İzle,İzleme,Takım,Jenerik,Türkçe,Body,Canlı İzle,Çekirdek
torino transfer,Serie A,Futbol,Lig,1. Seviye,Çekirdek,Erkek,Kulüp,Takım Sporu,İtalya,Yabancı,Yok,TV+ Var,Yıllık,Sürekli Lig,Transfer,Bilgi,Takım,Jenerik,İngilizce,Head,Transfer,Çekirdek
udinese,Serie A,Futbol,Lig,1. Seviye,Çekirdek,Erkek,Kulüp,Takım Sporu,İtalya,Yabancı,Yok,TV+ Var,Yıllık,Sürekli Lig,Takım Jenerik,Bilgi,Takım,Jenerik,İngilizce,Head,Takım Jenerik,Çekirdek
udinese maçları,Serie A,Futbol,Lig,1. Seviye,Çekirdek,Erkek,Kulüp,Takım Sporu,İtalya,Yabancı,Yok,TV+ Var,Yıllık,Sürekli Lig,Takım Maç Sorgusu,Bilgi,Takım,Jenerik,Türkçe,Head,Takım Maç Sorgusu,Çekirdek
udinese fikstür,Serie A,Futbol,Lig,1. Seviye,Çekirdek,Erkek,Kulüp,Takım Sporu,İtalya,Yabancı,Yok,TV+ Var,Yıllık,Sürekli Lig,Fikstür,Bilgi,Takım,Jenerik,Türkçe,Head,Fikstür,Çekirdek
udinese puan durumu,Serie A,Futbol,Lig,1. Seviye,Çekirdek,Erkek,Kulüp,Takım Sporu,İtalya,Yabancı,Yok,TV+ Var,Yıllık,Sürekli Lig,Puan Durumu,Bilgi,Takım,Jenerik,İngilizce,Body,Puan Durumu,Çekirdek
udinese kadrosu,Serie A,Futbol,Lig,1. Seviye,Çekirdek,Erkek,Kulüp,Takım Sporu,İtalya,Yabancı,Yok,TV+ Var,Yıllık,Sürekli Lig,Kadro,Bilgi,Takım,Jenerik,İngilizce,Head,Kadro,Çekirdek
udinese canlı izle,Serie A,Futbol,Lig,1. Seviye,Çekirdek,Erkek,Kulüp,Takım Sporu,İtalya,Yabancı,Yok,TV+ Var,Yıllık,Sürekli Lig,Canlı İzle,İzleme,Takım,Jenerik,Türkçe,Body,Canlı İzle,Çekirdek
udinese transfer,Serie A,Futbol,Lig,1. Seviye,Çekirdek,Erkek,Kulüp,Takım Sporu,İtalya,Yabancı,Yok,TV+ Var,Yıllık,Sürekli Lig,Transfer,Bilgi,Takım,Jenerik,İngilizce,Head,Transfer,Çekirdek
genoa,Serie A,Futbol,Lig,1. Seviye,Çekirdek,Erkek,Kulüp,Takım Sporu,İtalya,Yabancı,Yok,TV+ Var,Yıllık,Sürekli Lig,Takım Jenerik,Bilgi,Takım,Jenerik,İngilizce,Head,Takım Jenerik,Çekirdek
genoa maçları,Serie A,Futbol,Lig,1. Seviye,Çekirdek,Erkek,Kulüp,Takım Sporu,İtalya,Yabancı,Yok,TV+ Var,Yıllık,Sürekli Lig,Takım Maç Sorgusu,Bilgi,Takım,Jenerik,Türkçe,Head,Takım Maç Sorgusu,Çekirdek
genoa fikstür,Serie A,Futbol,Lig,1. Seviye,Çekirdek,Erkek,Kulüp,Takım Sporu,İtalya,Yabancı,Yok,TV+ Var,Yıllık,Sürekli Lig,Fikstür,Bilgi,Takım,Jenerik,Türkçe,Head,Fikstür,Çekirdek
genoa puan durumu,Serie A,Futbol,Lig,1. Seviye,Çekirdek,Erkek,Kulüp,Takım Sporu,İtalya,Yabancı,Yok,TV+ Var,Yıllık,Sürekli Lig,Puan Durumu,Bilgi,Takım,Jenerik,İngilizce,Body,Puan Durumu,Çekirdek
genoa kadrosu,Serie A,Futbol,Lig,1. Seviye,Çekirdek,Erkek,Kulüp,Takım Sporu,İtalya,Yabancı,Yok,TV+ Var,Yıllık,Sürekli Lig,Kadro,Bilgi,Takım,Jenerik,İngilizce,Head,Kadro,Çekirdek
genoa canlı izle,Serie A,Futbol,Lig,1. Seviye,Çekirdek,Erkek,Kulüp,Takım Sporu,İtalya,Yabancı,Yok,TV+ Var,Yıllık,Sürekli Lig,Canlı İzle,İzleme,Takım,Jenerik,Türkçe,Body,Canlı İzle,Çekirdek
genoa transfer,Serie A,Futbol,Lig,1. Seviye,Çekirdek,Erkek,Kulüp,Takım Sporu,İtalya,Yabancı,Yok,TV+ Var,Yıllık,Sürekli Lig,Transfer,Bilgi,Takım,Jenerik,İngilizce,Head,Transfer,Çekirdek
cagliari,Serie A,Futbol,Lig,1. Seviye,Çekirdek,Erkek,Kulüp,Takım Sporu,İtalya,Yabancı,Yok,TV+ Var,Yıllık,Sürekli Lig,Takım Jenerik,Bilgi,Takım,Jenerik,İngilizce,Head,Takım Jenerik,Çekirdek
cagliari maçları,Serie A,Futbol,Lig,1. Seviye,Çekirdek,Erkek,Kulüp,Takım Sporu,İtalya,Yabancı,Yok,TV+ Var,Yıllık,Sürekli Lig,Takım Maç Sorgusu,Bilgi,Takım,Jenerik,Türkçe,Head,Takım Maç Sorgusu,Çekirdek
cagliari fikstür,Serie A,Futbol,Lig,1. Seviye,Çekirdek,Erkek,Kulüp,Takım Sporu,İtalya,Yabancı,Yok,TV+ Var,Yıllık,Sürekli Lig,Fikstür,Bilgi,Takım,Jenerik,Türkçe,Head,Fikstür,Çekirdek
cagliari puan durumu,Serie A,Futbol,Lig,1. Seviye,Çekirdek,Erkek,Kulüp,Takım Sporu,İtalya,Yabancı,Yok,TV+ Var,Yıllık,Sürekli Lig,Puan Durumu,Bilgi,Takım,Jenerik,İngilizce,Body,Puan Durumu,Çekirdek
cagliari kadrosu,Serie A,Futbol,Lig,1. Seviye,Çekirdek,Erkek,Kulüp,Takım Sporu,İtalya,Yabancı,Yok,TV+ Var,Yıllık,Sürekli Lig,Kadro,Bilgi,Takım,Jenerik,İngilizce,Head,Kadro,Çekirdek
cagliari canlı izle,Serie A,Futbol,Lig,1. Seviye,Çekirdek,Erkek,Kulüp,Takım Sporu,İtalya,Yabancı,Yok,TV+ Var,Yıllık,Sürekli Lig,Canlı İzle,İzleme,Takım,Jenerik,Türkçe,Body,Canlı İzle,Çekirdek
cagliari transfer,Serie A,Futbol,Lig,1. Seviye,Çekirdek,Erkek,Kulüp,Takım Sporu,İtalya,Yabancı,Yok,TV+ Var,Yıllık,Sürekli Lig,Transfer,Bilgi,Takım,Jenerik,İngilizce,Head,Transfer,Çekirdek
hellas verona,Serie A,Futbol,Lig,1. Seviye,Çekirdek,Erkek,Kulüp,Takım Sporu,İtalya,Yabancı,Yok,TV+ Var,Yıllık,Sürekli Lig,Takım Jenerik,Bilgi,Takım,Jenerik,İngilizce,Head,Takım Jenerik,Çekirdek
hellas verona maçları,Serie A,Futbol,Lig,1. Seviye,Çekirdek,Erkek,Kulüp,Takım Sporu,İtalya,Yabancı,Yok,TV+ Var,Yıllık,Sürekli Lig,Takım Maç Sorgusu,Bilgi,Takım,Jenerik,Türkçe,Body,Takım Maç Sorgusu,Çekirdek
hellas verona fikstür,Serie A,Futbol,Lig,1. Seviye,Çekirdek,Erkek,Kulüp,Takım Sporu,İtalya,Yabancı,Yok,TV+ Var,Yıllık,Sürekli Lig,Fikstür,Bilgi,Takım,Jenerik,Türkçe,Body,Fikstür,Çekirdek
hellas verona puan durumu,Serie A,Futbol,Lig,1. Seviye,Çekirdek,Erkek,Kulüp,Takım Sporu,İtalya,Yabancı,Yok,TV+ Var,Yıllık,Sürekli Lig,Puan Durumu,Bilgi,Takım,Jenerik,İngilizce,Body,Puan Durumu,Çekirdek
hellas verona kadrosu,Serie A,Futbol,Lig,1. Seviye,Çekirdek,Erkek,Kulüp,Takım Sporu,İtalya,Yabancı,Yok,TV+ Var,Yıllık,Sürekli Lig,Kadro,Bilgi,Takım,Jenerik,İngilizce,Body,Kadro,Çekirdek
hellas verona canlı izle,Serie A,Futbol,Lig,1. Seviye,Çekirdek,Erkek,Kulüp,Takım Sporu,İtalya,Yabancı,Yok,TV+ Var,Yıllık,Sürekli Lig,Canlı İzle,İzleme,Takım,Jenerik,Türkçe,Body,Canlı İzle,Çekirdek
hellas verona transfer,Serie A,Futbol,Lig,1. Seviye,Çekirdek,Erkek,Kulüp,Takım Sporu,İtalya,Yabancı,Yok,TV+ Var,Yıllık,Sürekli Lig,Transfer,Bilgi,Takım,Jenerik,İngilizce,Body,Transfer,Çekirdek
lecce,Serie A,Futbol,Lig,1. Seviye,Çekirdek,Erkek,Kulüp,Takım Sporu,İtalya,Yabancı,Yok,TV+ Var,Yıllık,Sürekli Lig,Takım Jenerik,Bilgi,Takım,Jenerik,İngilizce,Head,Takım Jenerik,Çekirdek
lecce maçları,Serie A,Futbol,Lig,1. Seviye,Çekirdek,Erkek,Kulüp,Takım Sporu,İtalya,Yabancı,Yok,TV+ Var,Yıllık,Sürekli Lig,Takım Maç Sorgusu,Bilgi,Takım,Jenerik,Türkçe,Head,Takım Maç Sorgusu,Çekirdek
lecce fikstür,Serie A,Futbol,Lig,1. Seviye,Çekirdek,Erkek,Kulüp,Takım Sporu,İtalya,Yabancı,Yok,TV+ Var,Yıllık,Sürekli Lig,Fikstür,Bilgi,Takım,Jenerik,Türkçe,Head,Fikstür,Çekirdek
lecce puan durumu,Serie A,Futbol,Lig,1. Seviye,Çekirdek,Erkek,Kulüp,Takım Sporu,İtalya,Yabancı,Yok,TV+ Var,Yıllık,Sürekli Lig,Puan Durumu,Bilgi,Takım,Jenerik,İngilizce,Body,Puan Durumu,Çekirdek
lecce kadrosu,Serie A,Futbol,Lig,1. Seviye,Çekirdek,Erkek,Kulüp,Takım Sporu,İtalya,Yabancı,Yok,TV+ Var,Yıllık,Sürekli Lig,Kadro,Bilgi,Takım,Jenerik,İngilizce,Head,Kadro,Çekirdek
lecce canlı izle,Serie A,Futbol,Lig,1. Seviye,Çekirdek,Erkek,Kulüp,Takım Sporu,İtalya,Yabancı,Yok,TV+ Var,Yıllık,Sürekli Lig,Canlı İzle,İzleme,Takım,Jenerik,Türkçe,Body,Canlı İzle,Çekirdek
lecce transfer,Serie A,Futbol,Lig,1. Seviye,Çekirdek,Erkek,Kulüp,Takım Sporu,İtalya,Yabancı,Yok,TV+ Var,Yıllık,Sürekli Lig,Transfer,Bilgi,Takım,Jenerik,İngilizce,Head,Transfer,Çekirdek
parma,Serie A,Futbol,Lig,1. Seviye,Çekirdek,Erkek,Kulüp,Takım Sporu,İtalya,Yabancı,Yok,TV+ Var,Yıllık,Sürekli Lig,Takım Jenerik,Bilgi,Takım,Jenerik,İngilizce,Head,Takım Jenerik,Çekirdek
parma maçları,Serie A,Futbol,Lig,1. Seviye,Çekirdek,Erkek,Kulüp,Takım Sporu,İtalya,Yabancı,Yok,TV+ Var,Yıllık,Sürekli Lig,Takım Maç Sorgusu,Bilgi,Takım,Jenerik,Türkçe,Head,Takım Maç Sorgusu,Çekirdek
parma fikstür,Serie A,Futbol,Lig,1. Seviye,Çekirdek,Erkek,Kulüp,Takım Sporu,İtalya,Yabancı,Yok,TV+ Var,Yıllık,Sürekli Lig,Fikstür,Bilgi,Takım,Jenerik,Türkçe,Head,Fikstür,Çekirdek
parma puan durumu,Serie A,Futbol,Lig,1. Seviye,Çekirdek,Erkek,Kulüp,Takım Sporu,İtalya,Yabancı,Yok,TV+ Var,Yıllık,Sürekli Lig,Puan Durumu,Bilgi,Takım,Jenerik,İngilizce,Body,Puan Durumu,Çekirdek
parma kadrosu,Serie A,Futbol,Lig,1. Seviye,Çekirdek,Erkek,Kulüp,Takım Sporu,İtalya,Yabancı,Yok,TV+ Var,Yıllık,Sürekli Lig,Kadro,Bilgi,Takım,Jenerik,İngilizce,Head,Kadro,Çekirdek
parma canlı izle,Serie A,Futbol,Lig,1. Seviye,Çekirdek,Erkek,Kulüp,Takım Sporu,İtalya,Yabancı,Yok,TV+ Var,Yıllık,Sürekli Lig,Canlı İzle,İzleme,Takım,Jenerik,Türkçe,Body,Canlı İzle,Çekirdek
parma transfer,Serie A,Futbol,Lig,1. Seviye,Çekirdek,Erkek,Kulüp,Takım Sporu,İtalya,Yabancı,Yok,TV+ Var,Yıllık,Sürekli Lig,Transfer,Bilgi,Takım,Jenerik,İngilizce,Head,Transfer,Çekirdek
como,Serie A,Futbol,Lig,1. Seviye,Çekirdek,Erkek,Kulüp,Takım Sporu,İtalya,Yabancı,Yok,TV+ Var,Yıllık,Sürekli Lig,Takım Jenerik,Bilgi,Takım,Jenerik,İngilizce,Head,Takım Jenerik,Çekirdek
como maçları,Serie A,Futbol,Lig,1. Seviye,Çekirdek,Erkek,Kulüp,Takım Sporu,İtalya,Yabancı,Yok,TV+ Var,Yıllık,Sürekli Lig,Takım Maç Sorgusu,Bilgi,Takım,Jenerik,Türkçe,Head,Takım Maç Sorgusu,Çekirdek
como fikstür,Serie A,Futbol,Lig,1. Seviye,Çekirdek,Erkek,Kulüp,Takım Sporu,İtalya,Yabancı,Yok,TV+ Var,Yıllık,Sürekli Lig,Fikstür,Bilgi,Takım,Jenerik,Türkçe,Head,Fikstür,Çekirdek
como puan durumu,Serie A,Futbol,Lig,1. Seviye,Çekirdek,Erkek,Kulüp,Takım Sporu,İtalya,Yabancı,Yok,TV+ Var,Yıllık,Sürekli Lig,Puan Durumu,Bilgi,Takım,Jenerik,İngilizce,Body,Puan Durumu,Çekirdek
como kadrosu,Serie A,Futbol,Lig,1. Seviye,Çekirdek,Erkek,Kulüp,Takım Sporu,İtalya,Yabancı,Yok,TV+ Var,Yıllık,Sürekli Lig,Kadro,Bilgi,Takım,Jenerik,İngilizce,Head,Kadro,Çekirdek
como canlı izle,Serie A,Futbol,Lig,1. Seviye,Çekirdek,Erkek,Kulüp,Takım Sporu,İtalya,Yabancı,Yok,TV+ Var,Yıllık,Sürekli Lig,Canlı İzle,İzleme,Takım,Jenerik,Türkçe,Body,Canlı İzle,Çekirdek
como transfer,Serie A,Futbol,Lig,1. Seviye,Çekirdek,Erkek,Kulüp,Takım Sporu,İtalya,Yabancı,Yok,TV+ Var,Yıllık,Sürekli Lig,Transfer,Bilgi,Takım,Jenerik,İngilizce,Head,Transfer,Çekirdek
sassuolo,Serie A,Futbol,Lig,1. Seviye,Çekirdek,Erkek,Kulüp,Takım Sporu,İtalya,Yabancı,Yok,TV+ Var,Yıllık,Sürekli Lig,Takım Jenerik,Bilgi,Takım,Jenerik,İngilizce,Head,Takım Jenerik,Çekirdek
sassuolo maçları,Serie A,Futbol,Lig,1. Seviye,Çekirdek,Erkek,Kulüp,Takım Sporu,İtalya,Yabancı,Yok,TV+ Var,Yıllık,Sürekli Lig,Takım Maç Sorgusu,Bilgi,Takım,Jenerik,Türkçe,Head,Takım Maç Sorgusu,Çekirdek
sassuolo fikstür,Serie A,Futbol,Lig,1. Seviye,Çekirdek,Erkek,Kulüp,Takım Sporu,İtalya,Yabancı,Yok,TV+ Var,Yıllık,Sürekli Lig,Fikstür,Bilgi,Takım,Jenerik,Türkçe,Head,Fikstür,Çekirdek
sassuolo puan durumu,Serie A,Futbol,Lig,1. Seviye,Çekirdek,Erkek,Kulüp,Takım Sporu,İtalya,Yabancı,Yok,TV+ Var,Yıllık,Sürekli Lig,Puan Durumu,Bilgi,Takım,Jenerik,İngilizce,Body,Puan Durumu,Çekirdek
sassuolo kadrosu,Serie A,Futbol,Lig,1. Seviye,Çekirdek,Erkek,Kulüp,Takım Sporu,İtalya,Yabancı,Yok,TV+ Var,Yıllık,Sürekli Lig,Kadro,Bilgi,Takım,Jenerik,İngilizce,Head,Kadro,Çekirdek
sassuolo canlı izle,Serie A,Futbol,Lig,1. Seviye,Çekirdek,Erkek,Kulüp,Takım Sporu,İtalya,Yabancı,Yok,TV+ Var,Yıllık,Sürekli Lig,Canlı İzle,İzleme,Takım,Jenerik,Türkçe,Body,Canlı İzle,Çekirdek
sassuolo transfer,Serie A,Futbol,Lig,1. Seviye,Çekirdek,Erkek,Kulüp,Takım Sporu,İtalya,Yabancı,Yok,TV+ Var,Yıllık,Sürekli Lig,Transfer,Bilgi,Takım,Jenerik,İngilizce,Head,Transfer,Çekirdek
pisa,Serie A,Futbol,Lig,1. Seviye,Çekirdek,Erkek,Kulüp,Takım Sporu,İtalya,Yabancı,Yok,TV+ Var,Yıllık,Sürekli Lig,Takım Jenerik,Bilgi,Takım,Jenerik,İngilizce,Head,Takım Jenerik,Çekirdek
pisa maçları,Serie A,Futbol,Lig,1. Seviye,Çekirdek,Erkek,Kulüp,Takım Sporu,İtalya,Yabancı,Yok,TV+ Var,Yıllık,Sürekli Lig,Takım Maç Sorgusu,Bilgi,Takım,Jenerik,Türkçe,Head,Takım Maç Sorgusu,Çekirdek
pisa fikstür,Serie A,Futbol,Lig,1. Seviye,Çekirdek,Erkek,Kulüp,Takım Sporu,İtalya,Yabancı,Yok,TV+ Var,Yıllık,Sürekli Lig,Fikstür,Bilgi,Takım,Jenerik,Türkçe,Head,Fikstür,Çekirdek
pisa puan durumu,Serie A,Futbol,Lig,1. Seviye,Çekirdek,Erkek,Kulüp,Takım Sporu,İtalya,Yabancı,Yok,TV+ Var,Yıllık,Sürekli Lig,Puan Durumu,Bilgi,Takım,Jenerik,İngilizce,Body,Puan Durumu,Çekirdek
pisa kadrosu,Serie A,Futbol,Lig,1. Seviye,Çekirdek,Erkek,Kulüp,Takım Sporu,İtalya,Yabancı,Yok,TV+ Var,Yıllık,Sürekli Lig,Kadro,Bilgi,Takım,Jenerik,İngilizce,Head,Kadro,Çekirdek
pisa canlı izle,Serie A,Futbol,Lig,1. Seviye,Çekirdek,Erkek,Kulüp,Takım Sporu,İtalya,Yabancı,Yok,TV+ Var,Yıllık,Sürekli Lig,Canlı İzle,İzleme,Takım,Jenerik,Türkçe,Body,Canlı İzle,Çekirdek
pisa transfer,Serie A,Futbol,Lig,1. Seviye,Çekirdek,Erkek,Kulüp,Takım Sporu,İtalya,Yabancı,Yok,TV+ Var,Yıllık,Sürekli Lig,Transfer,Bilgi,Takım,Jenerik,İngilizce,Head,Transfer,Çekirdek
cremonese,Serie A,Futbol,Lig,1. Seviye,Çekirdek,Erkek,Kulüp,Takım Sporu,İtalya,Yabancı,Yok,TV+ Var,Yıllık,Sürekli Lig,Takım Jenerik,Bilgi,Takım,Jenerik,İngilizce,Head,Takım Jenerik,Çekirdek
cremonese maçları,Serie A,Futbol,Lig,1. Seviye,Çekirdek,Erkek,Kulüp,Takım Sporu,İtalya,Yabancı,Yok,TV+ Var,Yıllık,Sürekli Lig,Takım Maç Sorgusu,Bilgi,Takım,Jenerik,Türkçe,Head,Takım Maç Sorgusu,Çekirdek
cremonese fikstür,Serie A,Futbol,Lig,1. Seviye,Çekirdek,Erkek,Kulüp,Takım Sporu,İtalya,Yabancı,Yok,TV+ Var,Yıllık,Sürekli Lig,Fikstür,Bilgi,Takım,Jenerik,Türkçe,Head,Fikstür,Çekirdek
cremonese puan durumu,Serie A,Futbol,Lig,1. Seviye,Çekirdek,Erkek,Kulüp,Takım Sporu,İtalya,Yabancı,Yok,TV+ Var,Yıllık,Sürekli Lig,Puan Durumu,Bilgi,Takım,Jenerik,İngilizce,Body,Puan Durumu,Çekirdek
cremonese kadrosu,Serie A,Futbol,Lig,1. Seviye,Çekirdek,Erkek,Kulüp,Takım Sporu,İtalya,Yabancı,Yok,TV+ Var,Yıllık,Sürekli Lig,Kadro,Bilgi,Takım,Jenerik,İngilizce,Head,Kadro,Çekirdek
cremonese canlı izle,Serie A,Futbol,Lig,1. Seviye,Çekirdek,Erkek,Kulüp,Takım Sporu,İtalya,Yabancı,Yok,TV+ Var,Yıllık,Sürekli Lig,Canlı İzle,İzleme,Takım,Jenerik,Türkçe,Body,Canlı İzle,Çekirdek
cremonese transfer,Serie A,Futbol,Lig,1. Seviye,Çekirdek,Erkek,Kulüp,Takım Sporu,İtalya,Yabancı,Yok,TV+ Var,Yıllık,Sürekli Lig,Transfer,Bilgi,Takım,Jenerik,İngilizce,Head,Transfer,Çekirdek
manchester united,Premier Lig,Futbol,Lig,1. Seviye,Çekirdek,Erkek,Kulüp,Takım Sporu,İngiltere,Yabancı,Yok,TV+ Yok,Yıllık,Sürekli Lig,Takım Jenerik,Bilgi,Takım,Jenerik,İngilizce,Head,Takım Jenerik,Çekirdek
manchester united maçları,Premier Lig,Futbol,Lig,1. Seviye,Çekirdek,Erkek,Kulüp,Takım Sporu,İngiltere,Yabancı,Yok,TV+ Yok,Yıllık,Sürekli Lig,Takım Maç Sorgusu,Bilgi,Takım,Jenerik,Türkçe,Body,Takım Maç Sorgusu,Çekirdek
manchester united fikstür,Premier Lig,Futbol,Lig,1. Seviye,Çekirdek,Erkek,Kulüp,Takım Sporu,İngiltere,Yabancı,Yok,TV+ Yok,Yıllık,Sürekli Lig,Fikstür,Bilgi,Takım,Jenerik,Türkçe,Body,Fikstür,Çekirdek
manchester united puan durumu,Premier Lig,Futbol,Lig,1. Seviye,Çekirdek,Erkek,Kulüp,Takım Sporu,İngiltere,Yabancı,Yok,TV+ Yok,Yıllık,Sürekli Lig,Puan Durumu,Bilgi,Takım,Jenerik,İngilizce,Body,Puan Durumu,Çekirdek
manchester united kadrosu,Premier Lig,Futbol,Lig,1. Seviye,Çekirdek,Erkek,Kulüp,Takım Sporu,İngiltere,Yabancı,Yok,TV+ Yok,Yıllık,Sürekli Lig,Kadro,Bilgi,Takım,Jenerik,İngilizce,Body,Kadro,Çekirdek
manchester united canlı izle,Premier Lig,Futbol,Lig,1. Seviye,Çekirdek,Erkek,Kulüp,Takım Sporu,İngiltere,Yabancı,Yok,TV+ Yok,Yıllık,Sürekli Lig,Canlı İzle,İzleme,Takım,Jenerik,Türkçe,Body,Canlı İzle,Çekirdek
manchester united transfer,Premier Lig,Futbol,Lig,1. Seviye,Çekirdek,Erkek,Kulüp,Takım Sporu,İngiltere,Yabancı,Yok,TV+ Yok,Yıllık,Sürekli Lig,Transfer,Bilgi,Takım,Jenerik,İngilizce,Body,Transfer,Çekirdek
manchester city,Premier Lig,Futbol,Lig,1. Seviye,Çekirdek,Erkek,Kulüp,Takım Sporu,İngiltere,Yabancı,Yok,TV+ Yok,Yıllık,Sürekli Lig,Takım Jenerik,Bilgi,Takım,Jenerik,İngilizce,Head,Takım Jenerik,Çekirdek
manchester city maçları,Premier Lig,Futbol,Lig,1. Seviye,Çekirdek,Erkek,Kulüp,Takım Sporu,İngiltere,Yabancı,Yok,TV+ Yok,Yıllık,Sürekli Lig,Takım Maç Sorgusu,Bilgi,Takım,Jenerik,Türkçe,Body,Takım Maç Sorgusu,Çekirdek
manchester city fikstür,Premier Lig,Futbol,Lig,1. Seviye,Çekirdek,Erkek,Kulüp,Takım Sporu,İngiltere,Yabancı,Yok,TV+ Yok,Yıllık,Sürekli Lig,Fikstür,Bilgi,Takım,Jenerik,Türkçe,Body,Fikstür,Çekirdek
manchester city puan durumu,Premier Lig,Futbol,Lig,1. Seviye,Çekirdek,Erkek,Kulüp,Takım Sporu,İngiltere,Yabancı,Yok,TV+ Yok,Yıllık,Sürekli Lig,Puan Durumu,Bilgi,Takım,Jenerik,İngilizce,Body,Puan Durumu,Çekirdek
manchester city kadrosu,Premier Lig,Futbol,Lig,1. Seviye,Çekirdek,Erkek,Kulüp,Takım Sporu,İngiltere,Yabancı,Yok,TV+ Yok,Yıllık,Sürekli Lig,Kadro,Bilgi,Takım,Jenerik,İngilizce,Body,Kadro,Çekirdek
manchester city canlı izle,Premier Lig,Futbol,Lig,1. Seviye,Çekirdek,Erkek,Kulüp,Takım Sporu,İngiltere,Yabancı,Yok,TV+ Yok,Yıllık,Sürekli Lig,Canlı İzle,İzleme,Takım,Jenerik,Türkçe,Body,Canlı İzle,Çekirdek
manchester city transfer,Premier Lig,Futbol,Lig,1. Seviye,Çekirdek,Erkek,Kulüp,Takım Sporu,İngiltere,Yabancı,Yok,TV+ Yok,Yıllık,Sürekli Lig,Transfer,Bilgi,Takım,Jenerik,İngilizce,Body,Transfer,Çekirdek
liverpool,Premier Lig,Futbol,Lig,1. Seviye,Çekirdek,Erkek,Kulüp,Takım Sporu,İngiltere,Yabancı,Yok,TV+ Yok,Yıllık,Sürekli Lig,Takım Jenerik,Bilgi,Takım,Jenerik,İngilizce,Head,Takım Jenerik,Çekirdek
liverpool maçları,Premier Lig,Futbol,Lig,1. Seviye,Çekirdek,Erkek,Kulüp,Takım Sporu,İngiltere,Yabancı,Yok,TV+ Yok,Yıllık,Sürekli Lig,Takım Maç Sorgusu,Bilgi,Takım,Jenerik,Türkçe,Head,Takım Maç Sorgusu,Çekirdek
liverpool fikstür,Premier Lig,Futbol,Lig,1. Seviye,Çekirdek,Erkek,Kulüp,Takım Sporu,İngiltere,Yabancı,Yok,TV+ Yok,Yıllık,Sürekli Lig,Fikstür,Bilgi,Takım,Jenerik,Türkçe,Head,Fikstür,Çekirdek
liverpool puan durumu,Premier Lig,Futbol,Lig,1. Seviye,Çekirdek,Erkek,Kulüp,Takım Sporu,İngiltere,Yabancı,Yok,TV+ Yok,Yıllık,Sürekli Lig,Puan Durumu,Bilgi,Takım,Jenerik,İngilizce,Body,Puan Durumu,Çekirdek
liverpool kadrosu,Premier Lig,Futbol,Lig,1. Seviye,Çekirdek,Erkek,Kulüp,Takım Sporu,İngiltere,Yabancı,Yok,TV+ Yok,Yıllık,Sürekli Lig,Kadro,Bilgi,Takım,Jenerik,İngilizce,Head,Kadro,Çekirdek
liverpool canlı izle,Premier Lig,Futbol,Lig,1. Seviye,Çekirdek,Erkek,Kulüp,Takım Sporu,İngiltere,Yabancı,Yok,TV+ Yok,Yıllık,Sürekli Lig,Canlı İzle,İzleme,Takım,Jenerik,Türkçe,Body,Canlı İzle,Çekirdek
liverpool transfer,Premier Lig,Futbol,Lig,1. Seviye,Çekirdek,Erkek,Kulüp,Takım Sporu,İngiltere,Yabancı,Yok,TV+ Yok,Yıllık,Sürekli Lig,Transfer,Bilgi,Takım,Jenerik,İngilizce,Head,Transfer,Çekirdek
arsenal,Premier Lig,Futbol,Lig,1. Seviye,Çekirdek,Erkek,Kulüp,Takım Sporu,İngiltere,Yabancı,Yok,TV+ Yok,Yıllık,Sürekli Lig,Takım Jenerik,Bilgi,Takım,Jenerik,İngilizce,Head,Takım Jenerik,Çekirdek
arsenal maçları,Premier Lig,Futbol,Lig,1. Seviye,Çekirdek,Erkek,Kulüp,Takım Sporu,İngiltere,Yabancı,Yok,TV+ Yok,Yıllık,Sürekli Lig,Takım Maç Sorgusu,Bilgi,Takım,Jenerik,Türkçe,Head,Takım Maç Sorgusu,Çekirdek
arsenal fikstür,Premier Lig,Futbol,Lig,1. Seviye,Çekirdek,Erkek,Kulüp,Takım Sporu,İngiltere,Yabancı,Yok,TV+ Yok,Yıllık,Sürekli Lig,Fikstür,Bilgi,Takım,Jenerik,Türkçe,Head,Fikstür,Çekirdek
arsenal puan durumu,Premier Lig,Futbol,Lig,1. Seviye,Çekirdek,Erkek,Kulüp,Takım Sporu,İngiltere,Yabancı,Yok,TV+ Yok,Yıllık,Sürekli Lig,Puan Durumu,Bilgi,Takım,Jenerik,İngilizce,Body,Puan Durumu,Çekirdek
arsenal kadrosu,Premier Lig,Futbol,Lig,1. Seviye,Çekirdek,Erkek,Kulüp,Takım Sporu,İngiltere,Yabancı,Yok,TV+ Yok,Yıllık,Sürekli Lig,Kadro,Bilgi,Takım,Jenerik,İngilizce,Head,Kadro,Çekirdek
arsenal canlı izle,Premier Lig,Futbol,Lig,1. Seviye,Çekirdek,Erkek,Kulüp,Takım Sporu,İngiltere,Yabancı,Yok,TV+ Yok,Yıllık,Sürekli Lig,Canlı İzle,İzleme,Takım,Jenerik,Türkçe,Body,Canlı İzle,Çekirdek
arsenal transfer,Premier Lig,Futbol,Lig,1. Seviye,Çekirdek,Erkek,Kulüp,Takım Sporu,İngiltere,Yabancı,Yok,TV+ Yok,Yıllık,Sürekli Lig,Transfer,Bilgi,Takım,Jenerik,İngilizce,Head,Transfer,Çekirdek
chelsea,Premier Lig,Futbol,Lig,1. Seviye,Çekirdek,Erkek,Kulüp,Takım Sporu,İngiltere,Yabancı,Yok,TV+ Yok,Yıllık,Sürekli Lig,Takım Jenerik,Bilgi,Takım,Jenerik,İngilizce,Head,Takım Jenerik,Çekirdek
chelsea maçları,Premier Lig,Futbol,Lig,1. Seviye,Çekirdek,Erkek,Kulüp,Takım Sporu,İngiltere,Yabancı,Yok,TV+ Yok,Yıllık,Sürekli Lig,Takım Maç Sorgusu,Bilgi,Takım,Jenerik,Türkçe,Head,Takım Maç Sorgusu,Çekirdek
chelsea fikstür,Premier Lig,Futbol,Lig,1. Seviye,Çekirdek,Erkek,Kulüp,Takım Sporu,İngiltere,Yabancı,Yok,TV+ Yok,Yıllık,Sürekli Lig,Fikstür,Bilgi,Takım,Jenerik,Türkçe,Head,Fikstür,Çekirdek
chelsea puan durumu,Premier Lig,Futbol,Lig,1. Seviye,Çekirdek,Erkek,Kulüp,Takım Sporu,İngiltere,Yabancı,Yok,TV+ Yok,Yıllık,Sürekli Lig,Puan Durumu,Bilgi,Takım,Jenerik,İngilizce,Body,Puan Durumu,Çekirdek
chelsea kadrosu,Premier Lig,Futbol,Lig,1. Seviye,Çekirdek,Erkek,Kulüp,Takım Sporu,İngiltere,Yabancı,Yok,TV+ Yok,Yıllık,Sürekli Lig,Kadro,Bilgi,Takım,Jenerik,İngilizce,Head,Kadro,Çekirdek
chelsea canlı izle,Premier Lig,Futbol,Lig,1. Seviye,Çekirdek,Erkek,Kulüp,Takım Sporu,İngiltere,Yabancı,Yok,TV+ Yok,Yıllık,Sürekli Lig,Canlı İzle,İzleme,Takım,Jenerik,Türkçe,Body,Canlı İzle,Çekirdek
chelsea transfer,Premier Lig,Futbol,Lig,1. Seviye,Çekirdek,Erkek,Kulüp,Takım Sporu,İngiltere,Yabancı,Yok,TV+ Yok,Yıllık,Sürekli Lig,Transfer,Bilgi,Takım,Jenerik,İngilizce,Head,Transfer,Çekirdek
tottenham,Premier Lig,Futbol,Lig,1. Seviye,Çekirdek,Erkek,Kulüp,Takım Sporu,İngiltere,Yabancı,Yok,TV+ Yok,Yıllık,Sürekli Lig,Takım Jenerik,Bilgi,Takım,Jenerik,İngilizce,Head,Takım Jenerik,Çekirdek
tottenham maçları,Premier Lig,Futbol,Lig,1. Seviye,Çekirdek,Erkek,Kulüp,Takım Sporu,İngiltere,Yabancı,Yok,TV+ Yok,Yıllık,Sürekli Lig,Takım Maç Sorgusu,Bilgi,Takım,Jenerik,Türkçe,Head,Takım Maç Sorgusu,Çekirdek
tottenham fikstür,Premier Lig,Futbol,Lig,1. Seviye,Çekirdek,Erkek,Kulüp,Takım Sporu,İngiltere,Yabancı,Yok,TV+ Yok,Yıllık,Sürekli Lig,Fikstür,Bilgi,Takım,Jenerik,Türkçe,Head,Fikstür,Çekirdek
tottenham puan durumu,Premier Lig,Futbol,Lig,1. Seviye,Çekirdek,Erkek,Kulüp,Takım Sporu,İngiltere,Yabancı,Yok,TV+ Yok,Yıllık,Sürekli Lig,Puan Durumu,Bilgi,Takım,Jenerik,İngilizce,Body,Puan Durumu,Çekirdek
tottenham kadrosu,Premier Lig,Futbol,Lig,1. Seviye,Çekirdek,Erkek,Kulüp,Takım Sporu,İngiltere,Yabancı,Yok,TV+ Yok,Yıllık,Sürekli Lig,Kadro,Bilgi,Takım,Jenerik,İngilizce,Head,Kadro,Çekirdek
tottenham canlı izle,Premier Lig,Futbol,Lig,1. Seviye,Çekirdek,Erkek,Kulüp,Takım Sporu,İngiltere,Yabancı,Yok,TV+ Yok,Yıllık,Sürekli Lig,Canlı İzle,İzleme,Takım,Jenerik,Türkçe,Body,Canlı İzle,Çekirdek
tottenham transfer,Premier Lig,Futbol,Lig,1. Seviye,Çekirdek,Erkek,Kulüp,Takım Sporu,İngiltere,Yabancı,Yok,TV+ Yok,Yıllık,Sürekli Lig,Transfer,Bilgi,Takım,Jenerik,İngilizce,Head,Transfer,Çekirdek
newcastle,Premier Lig,Futbol,Lig,1. Seviye,Çekirdek,Erkek,Kulüp,Takım Sporu,İngiltere,Yabancı,Yok,TV+ Yok,Yıllık,Sürekli Lig,Takım Jenerik,Bilgi,Takım,Jenerik,İngilizce,Head,Takım Jenerik,Çekirdek
newcastle maçları,Premier Lig,Futbol,Lig,1. Seviye,Çekirdek,Erkek,Kulüp,Takım Sporu,İngiltere,Yabancı,Yok,TV+ Yok,Yıllık,Sürekli Lig,Takım Maç Sorgusu,Bilgi,Takım,Jenerik,Türkçe,Head,Takım Maç Sorgusu,Çekirdek
newcastle fikstür,Premier Lig,Futbol,Lig,1. Seviye,Çekirdek,Erkek,Kulüp,Takım Sporu,İngiltere,Yabancı,Yok,TV+ Yok,Yıllık,Sürekli Lig,Fikstür,Bilgi,Takım,Jenerik,Türkçe,Head,Fikstür,Çekirdek
newcastle puan durumu,Premier Lig,Futbol,Lig,1. Seviye,Çekirdek,Erkek,Kulüp,Takım Sporu,İngiltere,Yabancı,Yok,TV+ Yok,Yıllık,Sürekli Lig,Puan Durumu,Bilgi,Takım,Jenerik,İngilizce,Body,Puan Durumu,Çekirdek
newcastle kadrosu,Premier Lig,Futbol,Lig,1. Seviye,Çekirdek,Erkek,Kulüp,Takım Sporu,İngiltere,Yabancı,Yok,TV+ Yok,Yıllık,Sürekli Lig,Kadro,Bilgi,Takım,Jenerik,İngilizce,Head,Kadro,Çekirdek
newcastle canlı izle,Premier Lig,Futbol,Lig,1. Seviye,Çekirdek,Erkek,Kulüp,Takım Sporu,İngiltere,Yabancı,Yok,TV+ Yok,Yıllık,Sürekli Lig,Canlı İzle,İzleme,Takım,Jenerik,Türkçe,Body,Canlı İzle,Çekirdek
newcastle transfer,Premier Lig,Futbol,Lig,1. Seviye,Çekirdek,Erkek,Kulüp,Takım Sporu,İngiltere,Yabancı,Yok,TV+ Yok,Yıllık,Sürekli Lig,Transfer,Bilgi,Takım,Jenerik,İngilizce,Head,Transfer,Çekirdek
aston villa,Premier Lig,Futbol,Lig,1. Seviye,Çekirdek,Erkek,Kulüp,Takım Sporu,İngiltere,Yabancı,Yok,TV+ Yok,Yıllık,Sürekli Lig,Takım Jenerik,Bilgi,Takım,Jenerik,İngilizce,Head,Takım Jenerik,Çekirdek
aston villa maçları,Premier Lig,Futbol,Lig,1. Seviye,Çekirdek,Erkek,Kulüp,Takım Sporu,İngiltere,Yabancı,Yok,TV+ Yok,Yıllık,Sürekli Lig,Takım Maç Sorgusu,Bilgi,Takım,Jenerik,Türkçe,Body,Takım Maç Sorgusu,Çekirdek
aston villa fikstür,Premier Lig,Futbol,Lig,1. Seviye,Çekirdek,Erkek,Kulüp,Takım Sporu,İngiltere,Yabancı,Yok,TV+ Yok,Yıllık,Sürekli Lig,Fikstür,Bilgi,Takım,Jenerik,Türkçe,Body,Fikstür,Çekirdek
aston villa puan durumu,Premier Lig,Futbol,Lig,1. Seviye,Çekirdek,Erkek,Kulüp,Takım Sporu,İngiltere,Yabancı,Yok,TV+ Yok,Yıllık,Sürekli Lig,Puan Durumu,Bilgi,Takım,Jenerik,İngilizce,Body,Puan Durumu,Çekirdek
aston villa kadrosu,Premier Lig,Futbol,Lig,1. Seviye,Çekirdek,Erkek,Kulüp,Takım Sporu,İngiltere,Yabancı,Yok,TV+ Yok,Yıllık,Sürekli Lig,Kadro,Bilgi,Takım,Jenerik,İngilizce,Body,Kadro,Çekirdek
aston villa canlı izle,Premier Lig,Futbol,Lig,1. Seviye,Çekirdek,Erkek,Kulüp,Takım Sporu,İngiltere,Yabancı,Yok,TV+ Yok,Yıllık,Sürekli Lig,Canlı İzle,İzleme,Takım,Jenerik,Türkçe,Body,Canlı İzle,Çekirdek
aston villa transfer,Premier Lig,Futbol,Lig,1. Seviye,Çekirdek,Erkek,Kulüp,Takım Sporu,İngiltere,Yabancı,Yok,TV+ Yok,Yıllık,Sürekli Lig,Transfer,Bilgi,Takım,Jenerik,İngilizce,Body,Transfer,Çekirdek
everton,Premier Lig,Futbol,Lig,1. Seviye,Çekirdek,Erkek,Kulüp,Takım Sporu,İngiltere,Yabancı,Yok,TV+ Yok,Yıllık,Sürekli Lig,Takım Jenerik,Bilgi,Takım,Jenerik,İngilizce,Head,Takım Jenerik,Çekirdek
everton maçları,Premier Lig,Futbol,Lig,1. Seviye,Çekirdek,Erkek,Kulüp,Takım Sporu,İngiltere,Yabancı,Yok,TV+ Yok,Yıllık,Sürekli Lig,Takım Maç Sorgusu,Bilgi,Takım,Jenerik,Türkçe,Head,Takım Maç Sorgusu,Çekirdek
everton fikstür,Premier Lig,Futbol,Lig,1. Seviye,Çekirdek,Erkek,Kulüp,Takım Sporu,İngiltere,Yabancı,Yok,TV+ Yok,Yıllık,Sürekli Lig,Fikstür,Bilgi,Takım,Jenerik,Türkçe,Head,Fikstür,Çekirdek
everton puan durumu,Premier Lig,Futbol,Lig,1. Seviye,Çekirdek,Erkek,Kulüp,Takım Sporu,İngiltere,Yabancı,Yok,TV+ Yok,Yıllık,Sürekli Lig,Puan Durumu,Bilgi,Takım,Jenerik,İngilizce,Body,Puan Durumu,Çekirdek
everton kadrosu,Premier Lig,Futbol,Lig,1. Seviye,Çekirdek,Erkek,Kulüp,Takım Sporu,İngiltere,Yabancı,Yok,TV+ Yok,Yıllık,Sürekli Lig,Kadro,Bilgi,Takım,Jenerik,İngilizce,Head,Kadro,Çekirdek
everton canlı izle,Premier Lig,Futbol,Lig,1. Seviye,Çekirdek,Erkek,Kulüp,Takım Sporu,İngiltere,Yabancı,Yok,TV+ Yok,Yıllık,Sürekli Lig,Canlı İzle,İzleme,Takım,Jenerik,Türkçe,Body,Canlı İzle,Çekirdek
everton transfer,Premier Lig,Futbol,Lig,1. Seviye,Çekirdek,Erkek,Kulüp,Takım Sporu,İngiltere,Yabancı,Yok,TV+ Yok,Yıllık,Sürekli Lig,Transfer,Bilgi,Takım,Jenerik,İngilizce,Head,Transfer,Çekirdek
west ham,Premier Lig,Futbol,Lig,1. Seviye,Çekirdek,Erkek,Kulüp,Takım Sporu,İngiltere,Yabancı,Yok,TV+ Yok,Yıllık,Sürekli Lig,Takım Jenerik,Bilgi,Takım,Jenerik,İngilizce,Head,Takım Jenerik,Çekirdek
west ham maçları,Premier Lig,Futbol,Lig,1. Seviye,Çekirdek,Erkek,Kulüp,Takım Sporu,İngiltere,Yabancı,Yok,TV+ Yok,Yıllık,Sürekli Lig,Takım Maç Sorgusu,Bilgi,Takım,Jenerik,Türkçe,Body,Takım Maç Sorgusu,Çekirdek
west ham fikstür,Premier Lig,Futbol,Lig,1. Seviye,Çekirdek,Erkek,Kulüp,Takım Sporu,İngiltere,Yabancı,Yok,TV+ Yok,Yıllık,Sürekli Lig,Fikstür,Bilgi,Takım,Jenerik,Türkçe,Body,Fikstür,Çekirdek
west ham puan durumu,Premier Lig,Futbol,Lig,1. Seviye,Çekirdek,Erkek,Kulüp,Takım Sporu,İngiltere,Yabancı,Yok,TV+ Yok,Yıllık,Sürekli Lig,Puan Durumu,Bilgi,Takım,Jenerik,İngilizce,Body,Puan Durumu,Çekirdek
west ham kadrosu,Premier Lig,Futbol,Lig,1. Seviye,Çekirdek,Erkek,Kulüp,Takım Sporu,İngiltere,Yabancı,Yok,TV+ Yok,Yıllık,Sürekli Lig,Kadro,Bilgi,Takım,Jenerik,İngilizce,Body,Kadro,Çekirdek
west ham canlı izle,Premier Lig,Futbol,Lig,1. Seviye,Çekirdek,Erkek,Kulüp,Takım Sporu,İngiltere,Yabancı,Yok,TV+ Yok,Yıllık,Sürekli Lig,Canlı İzle,İzleme,Takım,Jenerik,Türkçe,Body,Canlı İzle,Çekirdek
west ham transfer,Premier Lig,Futbol,Lig,1. Seviye,Çekirdek,Erkek,Kulüp,Takım Sporu,İngiltere,Yabancı,Yok,TV+ Yok,Yıllık,Sürekli Lig,Transfer,Bilgi,Takım,Jenerik,İngilizce,Body,Transfer,Çekirdek
brighton,Premier Lig,Futbol,Lig,1. Seviye,Çekirdek,Erkek,Kulüp,Takım Sporu,İngiltere,Yabancı,Yok,TV+ Yok,Yıllık,Sürekli Lig,Takım Jenerik,Bilgi,Takım,Jenerik,İngilizce,Head,Takım Jenerik,Çekirdek
brighton maçları,Premier Lig,Futbol,Lig,1. Seviye,Çekirdek,Erkek,Kulüp,Takım Sporu,İngiltere,Yabancı,Yok,TV+ Yok,Yıllık,Sürekli Lig,Takım Maç Sorgusu,Bilgi,Takım,Jenerik,Türkçe,Head,Takım Maç Sorgusu,Çekirdek
brighton fikstür,Premier Lig,Futbol,Lig,1. Seviye,Çekirdek,Erkek,Kulüp,Takım Sporu,İngiltere,Yabancı,Yok,TV+ Yok,Yıllık,Sürekli Lig,Fikstür,Bilgi,Takım,Jenerik,Türkçe,Head,Fikstür,Çekirdek
brighton puan durumu,Premier Lig,Futbol,Lig,1. Seviye,Çekirdek,Erkek,Kulüp,Takım Sporu,İngiltere,Yabancı,Yok,TV+ Yok,Yıllık,Sürekli Lig,Puan Durumu,Bilgi,Takım,Jenerik,İngilizce,Body,Puan Durumu,Çekirdek
brighton kadrosu,Premier Lig,Futbol,Lig,1. Seviye,Çekirdek,Erkek,Kulüp,Takım Sporu,İngiltere,Yabancı,Yok,TV+ Yok,Yıllık,Sürekli Lig,Kadro,Bilgi,Takım,Jenerik,İngilizce,Head,Kadro,Çekirdek
brighton canlı izle,Premier Lig,Futbol,Lig,1. Seviye,Çekirdek,Erkek,Kulüp,Takım Sporu,İngiltere,Yabancı,Yok,TV+ Yok,Yıllık,Sürekli Lig,Canlı İzle,İzleme,Takım,Jenerik,Türkçe,Body,Canlı İzle,Çekirdek
brighton transfer,Premier Lig,Futbol,Lig,1. Seviye,Çekirdek,Erkek,Kulüp,Takım Sporu,İngiltere,Yabancı,Yok,TV+ Yok,Yıllık,Sürekli Lig,Transfer,Bilgi,Takım,Jenerik,İngilizce,Head,Transfer,Çekirdek
crystal palace,Premier Lig,Futbol,Lig,1. Seviye,Çekirdek,Erkek,Kulüp,Takım Sporu,İngiltere,Yabancı,Yok,TV+ Yok,Yıllık,Sürekli Lig,Takım Jenerik,Bilgi,Takım,Jenerik,İngilizce,Head,Takım Jenerik,Çekirdek
crystal palace maçları,Premier Lig,Futbol,Lig,1. Seviye,Çekirdek,Erkek,Kulüp,Takım Sporu,İngiltere,Yabancı,Yok,TV+ Yok,Yıllık,Sürekli Lig,Takım Maç Sorgusu,Bilgi,Takım,Jenerik,Türkçe,Body,Takım Maç Sorgusu,Çekirdek
crystal palace fikstür,Premier Lig,Futbol,Lig,1. Seviye,Çekirdek,Erkek,Kulüp,Takım Sporu,İngiltere,Yabancı,Yok,TV+ Yok,Yıllık,Sürekli Lig,Fikstür,Bilgi,Takım,Jenerik,Türkçe,Body,Fikstür,Çekirdek
crystal palace puan durumu,Premier Lig,Futbol,Lig,1. Seviye,Çekirdek,Erkek,Kulüp,Takım Sporu,İngiltere,Yabancı,Yok,TV+ Yok,Yıllık,Sürekli Lig,Puan Durumu,Bilgi,Takım,Jenerik,İngilizce,Body,Puan Durumu,Çekirdek
crystal palace kadrosu,Premier Lig,Futbol,Lig,1. Seviye,Çekirdek,Erkek,Kulüp,Takım Sporu,İngiltere,Yabancı,Yok,TV+ Yok,Yıllık,Sürekli Lig,Kadro,Bilgi,Takım,Jenerik,İngilizce,Body,Kadro,Çekirdek
crystal palace canlı izle,Premier Lig,Futbol,Lig,1. Seviye,Çekirdek,Erkek,Kulüp,Takım Sporu,İngiltere,Yabancı,Yok,TV+ Yok,Yıllık,Sürekli Lig,Canlı İzle,İzleme,Takım,Jenerik,Türkçe,Body,Canlı İzle,Çekirdek
crystal palace transfer,Premier Lig,Futbol,Lig,1. Seviye,Çekirdek,Erkek,Kulüp,Takım Sporu,İngiltere,Yabancı,Yok,TV+ Yok,Yıllık,Sürekli Lig,Transfer,Bilgi,Takım,Jenerik,İngilizce,Body,Transfer,Çekirdek
fulham,Premier Lig,Futbol,Lig,1. Seviye,Çekirdek,Erkek,Kulüp,Takım Sporu,İngiltere,Yabancı,Yok,TV+ Yok,Yıllık,Sürekli Lig,Takım Jenerik,Bilgi,Takım,Jenerik,İngilizce,Head,Takım Jenerik,Çekirdek
fulham maçları,Premier Lig,Futbol,Lig,1. Seviye,Çekirdek,Erkek,Kulüp,Takım Sporu,İngiltere,Yabancı,Yok,TV+ Yok,Yıllık,Sürekli Lig,Takım Maç Sorgusu,Bilgi,Takım,Jenerik,Türkçe,Head,Takım Maç Sorgusu,Çekirdek
fulham fikstür,Premier Lig,Futbol,Lig,1. Seviye,Çekirdek,Erkek,Kulüp,Takım Sporu,İngiltere,Yabancı,Yok,TV+ Yok,Yıllık,Sürekli Lig,Fikstür,Bilgi,Takım,Jenerik,Türkçe,Head,Fikstür,Çekirdek
fulham puan durumu,Premier Lig,Futbol,Lig,1. Seviye,Çekirdek,Erkek,Kulüp,Takım Sporu,İngiltere,Yabancı,Yok,TV+ Yok,Yıllık,Sürekli Lig,Puan Durumu,Bilgi,Takım,Jenerik,İngilizce,Body,Puan Durumu,Çekirdek
fulham kadrosu,Premier Lig,Futbol,Lig,1. Seviye,Çekirdek,Erkek,Kulüp,Takım Sporu,İngiltere,Yabancı,Yok,TV+ Yok,Yıllık,Sürekli Lig,Kadro,Bilgi,Takım,Jenerik,İngilizce,Head,Kadro,Çekirdek
fulham canlı izle,Premier Lig,Futbol,Lig,1. Seviye,Çekirdek,Erkek,Kulüp,Takım Sporu,İngiltere,Yabancı,Yok,TV+ Yok,Yıllık,Sürekli Lig,Canlı İzle,İzleme,Takım,Jenerik,Türkçe,Body,Canlı İzle,Çekirdek
fulham transfer,Premier Lig,Futbol,Lig,1. Seviye,Çekirdek,Erkek,Kulüp,Takım Sporu,İngiltere,Yabancı,Yok,TV+ Yok,Yıllık,Sürekli Lig,Transfer,Bilgi,Takım,Jenerik,İngilizce,Head,Transfer,Çekirdek
brentford,Premier Lig,Futbol,Lig,1. Seviye,Çekirdek,Erkek,Kulüp,Takım Sporu,İngiltere,Yabancı,Yok,TV+ Yok,Yıllık,Sürekli Lig,Takım Jenerik,Bilgi,Takım,Jenerik,İngilizce,Head,Takım Jenerik,Çekirdek
brentford maçları,Premier Lig,Futbol,Lig,1. Seviye,Çekirdek,Erkek,Kulüp,Takım Sporu,İngiltere,Yabancı,Yok,TV+ Yok,Yıllık,Sürekli Lig,Takım Maç Sorgusu,Bilgi,Takım,Jenerik,Türkçe,Head,Takım Maç Sorgusu,Çekirdek
brentford fikstür,Premier Lig,Futbol,Lig,1. Seviye,Çekirdek,Erkek,Kulüp,Takım Sporu,İngiltere,Yabancı,Yok,TV+ Yok,Yıllık,Sürekli Lig,Fikstür,Bilgi,Takım,Jenerik,Türkçe,Head,Fikstür,Çekirdek
brentford puan durumu,Premier Lig,Futbol,Lig,1. Seviye,Çekirdek,Erkek,Kulüp,Takım Sporu,İngiltere,Yabancı,Yok,TV+ Yok,Yıllık,Sürekli Lig,Puan Durumu,Bilgi,Takım,Jenerik,İngilizce,Body,Puan Durumu,Çekirdek
brentford kadrosu,Premier Lig,Futbol,Lig,1. Seviye,Çekirdek,Erkek,Kulüp,Takım Sporu,İngiltere,Yabancı,Yok,TV+ Yok,Yıllık,Sürekli Lig,Kadro,Bilgi,Takım,Jenerik,İngilizce,Head,Kadro,Çekirdek
brentford canlı izle,Premier Lig,Futbol,Lig,1. Seviye,Çekirdek,Erkek,Kulüp,Takım Sporu,İngiltere,Yabancı,Yok,TV+ Yok,Yıllık,Sürekli Lig,Canlı İzle,İzleme,Takım,Jenerik,Türkçe,Body,Canlı İzle,Çekirdek
brentford transfer,Premier Lig,Futbol,Lig,1. Seviye,Çekirdek,Erkek,Kulüp,Takım Sporu,İngiltere,Yabancı,Yok,TV+ Yok,Yıllık,Sürekli Lig,Transfer,Bilgi,Takım,Jenerik,İngilizce,Head,Transfer,Çekirdek
nottingham forest,Premier Lig,Futbol,Lig,1. Seviye,Çekirdek,Erkek,Kulüp,Takım Sporu,İngiltere,Yabancı,Yok,TV+ Yok,Yıllık,Sürekli Lig,Takım Jenerik,Bilgi,Takım,Jenerik,İngilizce,Head,Takım Jenerik,Çekirdek
nottingham forest maçları,Premier Lig,Futbol,Lig,1. Seviye,Çekirdek,Erkek,Kulüp,Takım Sporu,İngiltere,Yabancı,Yok,TV+ Yok,Yıllık,Sürekli Lig,Takım Maç Sorgusu,Bilgi,Takım,Jenerik,Türkçe,Body,Takım Maç Sorgusu,Çekirdek
nottingham forest fikstür,Premier Lig,Futbol,Lig,1. Seviye,Çekirdek,Erkek,Kulüp,Takım Sporu,İngiltere,Yabancı,Yok,TV+ Yok,Yıllık,Sürekli Lig,Fikstür,Bilgi,Takım,Jenerik,Türkçe,Body,Fikstür,Çekirdek
nottingham forest puan durumu,Premier Lig,Futbol,Lig,1. Seviye,Çekirdek,Erkek,Kulüp,Takım Sporu,İngiltere,Yabancı,Yok,TV+ Yok,Yıllık,Sürekli Lig,Puan Durumu,Bilgi,Takım,Jenerik,İngilizce,Body,Puan Durumu,Çekirdek
nottingham forest kadrosu,Premier Lig,Futbol,Lig,1. Seviye,Çekirdek,Erkek,Kulüp,Takım Sporu,İngiltere,Yabancı,Yok,TV+ Yok,Yıllık,Sürekli Lig,Kadro,Bilgi,Takım,Jenerik,İngilizce,Body,Kadro,Çekirdek
nottingham forest canlı izle,Premier Lig,Futbol,Lig,1. Seviye,Çekirdek,Erkek,Kulüp,Takım Sporu,İngiltere,Yabancı,Yok,TV+ Yok,Yıllık,Sürekli Lig,Canlı İzle,İzleme,Takım,Jenerik,Türkçe,Body,Canlı İzle,Çekirdek
nottingham forest transfer,Premier Lig,Futbol,Lig,1. Seviye,Çekirdek,Erkek,Kulüp,Takım Sporu,İngiltere,Yabancı,Yok,TV+ Yok,Yıllık,Sürekli Lig,Transfer,Bilgi,Takım,Jenerik,İngilizce,Body,Transfer,Çekirdek
wolverhampton,Premier Lig,Futbol,Lig,1. Seviye,Çekirdek,Erkek,Kulüp,Takım Sporu,İngiltere,Yabancı,Yok,TV+ Yok,Yıllık,Sürekli Lig,Takım Jenerik,Bilgi,Takım,Jenerik,İngilizce,Head,Takım Jenerik,Çekirdek
wolverhampton maçları,Premier Lig,Futbol,Lig,1. Seviye,Çekirdek,Erkek,Kulüp,Takım Sporu,İngiltere,Yabancı,Yok,TV+ Yok,Yıllık,Sürekli Lig,Takım Maç Sorgusu,Bilgi,Takım,Jenerik,Türkçe,Head,Takım Maç Sorgusu,Çekirdek
wolverhampton fikstür,Premier Lig,Futbol,Lig,1. Seviye,Çekirdek,Erkek,Kulüp,Takım Sporu,İngiltere,Yabancı,Yok,TV+ Yok,Yıllık,Sürekli Lig,Fikstür,Bilgi,Takım,Jenerik,Türkçe,Head,Fikstür,Çekirdek
wolverhampton puan durumu,Premier Lig,Futbol,Lig,1. Seviye,Çekirdek,Erkek,Kulüp,Takım Sporu,İngiltere,Yabancı,Yok,TV+ Yok,Yıllık,Sürekli Lig,Puan Durumu,Bilgi,Takım,Jenerik,İngilizce,Body,Puan Durumu,Çekirdek
wolverhampton kadrosu,Premier Lig,Futbol,Lig,1. Seviye,Çekirdek,Erkek,Kulüp,Takım Sporu,İngiltere,Yabancı,Yok,TV+ Yok,Yıllık,Sürekli Lig,Kadro,Bilgi,Takım,Jenerik,İngilizce,Head,Kadro,Çekirdek
wolverhampton canlı izle,Premier Lig,Futbol,Lig,1. Seviye,Çekirdek,Erkek,Kulüp,Takım Sporu,İngiltere,Yabancı,Yok,TV+ Yok,Yıllık,Sürekli Lig,Canlı İzle,İzleme,Takım,Jenerik,Türkçe,Body,Canlı İzle,Çekirdek
wolverhampton transfer,Premier Lig,Futbol,Lig,1. Seviye,Çekirdek,Erkek,Kulüp,Takım Sporu,İngiltere,Yabancı,Yok,TV+ Yok,Yıllık,Sürekli Lig,Transfer,Bilgi,Takım,Jenerik,İngilizce,Head,Transfer,Çekirdek
bournemouth,Premier Lig,Futbol,Lig,1. Seviye,Çekirdek,Erkek,Kulüp,Takım Sporu,İngiltere,Yabancı,Yok,TV+ Yok,Yıllık,Sürekli Lig,Takım Jenerik,Bilgi,Takım,Jenerik,İngilizce,Head,Takım Jenerik,Çekirdek
bournemouth maçları,Premier Lig,Futbol,Lig,1. Seviye,Çekirdek,Erkek,Kulüp,Takım Sporu,İngiltere,Yabancı,Yok,TV+ Yok,Yıllık,Sürekli Lig,Takım Maç Sorgusu,Bilgi,Takım,Jenerik,Türkçe,Head,Takım Maç Sorgusu,Çekirdek
bournemouth fikstür,Premier Lig,Futbol,Lig,1. Seviye,Çekirdek,Erkek,Kulüp,Takım Sporu,İngiltere,Yabancı,Yok,TV+ Yok,Yıllık,Sürekli Lig,Fikstür,Bilgi,Takım,Jenerik,Türkçe,Head,Fikstür,Çekirdek
bournemouth puan durumu,Premier Lig,Futbol,Lig,1. Seviye,Çekirdek,Erkek,Kulüp,Takım Sporu,İngiltere,Yabancı,Yok,TV+ Yok,Yıllık,Sürekli Lig,Puan Durumu,Bilgi,Takım,Jenerik,İngilizce,Body,Puan Durumu,Çekirdek
bournemouth kadrosu,Premier Lig,Futbol,Lig,1. Seviye,Çekirdek,Erkek,Kulüp,Takım Sporu,İngiltere,Yabancı,Yok,TV+ Yok,Yıllık,Sürekli Lig,Kadro,Bilgi,Takım,Jenerik,İngilizce,Head,Kadro,Çekirdek
bournemouth canlı izle,Premier Lig,Futbol,Lig,1. Seviye,Çekirdek,Erkek,Kulüp,Takım Sporu,İngiltere,Yabancı,Yok,TV+ Yok,Yıllık,Sürekli Lig,Canlı İzle,İzleme,Takım,Jenerik,Türkçe,Body,Canlı İzle,Çekirdek
bournemouth transfer,Premier Lig,Futbol,Lig,1. Seviye,Çekirdek,Erkek,Kulüp,Takım Sporu,İngiltere,Yabancı,Yok,TV+ Yok,Yıllık,Sürekli Lig,Transfer,Bilgi,Takım,Jenerik,İngilizce,Head,Transfer,Çekirdek
leeds united,Premier Lig,Futbol,Lig,1. Seviye,Çekirdek,Erkek,Kulüp,Takım Sporu,İngiltere,Yabancı,Yok,TV+ Yok,Yıllık,Sürekli Lig,Takım Jenerik,Bilgi,Takım,Jenerik,İngilizce,Head,Takım Jenerik,Çekirdek
leeds united maçları,Premier Lig,Futbol,Lig,1. Seviye,Çekirdek,Erkek,Kulüp,Takım Sporu,İngiltere,Yabancı,Yok,TV+ Yok,Yıllık,Sürekli Lig,Takım Maç Sorgusu,Bilgi,Takım,Jenerik,Türkçe,Body,Takım Maç Sorgusu,Çekirdek
leeds united fikstür,Premier Lig,Futbol,Lig,1. Seviye,Çekirdek,Erkek,Kulüp,Takım Sporu,İngiltere,Yabancı,Yok,TV+ Yok,Yıllık,Sürekli Lig,Fikstür,Bilgi,Takım,Jenerik,Türkçe,Body,Fikstür,Çekirdek
leeds united puan durumu,Premier Lig,Futbol,Lig,1. Seviye,Çekirdek,Erkek,Kulüp,Takım Sporu,İngiltere,Yabancı,Yok,TV+ Yok,Yıllık,Sürekli Lig,Puan Durumu,Bilgi,Takım,Jenerik,İngilizce,Body,Puan Durumu,Çekirdek
leeds united kadrosu,Premier Lig,Futbol,Lig,1. Seviye,Çekirdek,Erkek,Kulüp,Takım Sporu,İngiltere,Yabancı,Yok,TV+ Yok,Yıllık,Sürekli Lig,Kadro,Bilgi,Takım,Jenerik,İngilizce,Body,Kadro,Çekirdek
leeds united canlı izle,Premier Lig,Futbol,Lig,1. Seviye,Çekirdek,Erkek,Kulüp,Takım Sporu,İngiltere,Yabancı,Yok,TV+ Yok,Yıllık,Sürekli Lig,Canlı İzle,İzleme,Takım,Jenerik,Türkçe,Body,Canlı İzle,Çekirdek
leeds united transfer,Premier Lig,Futbol,Lig,1. Seviye,Çekirdek,Erkek,Kulüp,Takım Sporu,İngiltere,Yabancı,Yok,TV+ Yok,Yıllık,Sürekli Lig,Transfer,Bilgi,Takım,Jenerik,İngilizce,Body,Transfer,Çekirdek
burnley,Premier Lig,Futbol,Lig,1. Seviye,Çekirdek,Erkek,Kulüp,Takım Sporu,İngiltere,Yabancı,Yok,TV+ Yok,Yıllık,Sürekli Lig,Takım Jenerik,Bilgi,Takım,Jenerik,İngilizce,Head,Takım Jenerik,Çekirdek
burnley maçları,Premier Lig,Futbol,Lig,1. Seviye,Çekirdek,Erkek,Kulüp,Takım Sporu,İngiltere,Yabancı,Yok,TV+ Yok,Yıllık,Sürekli Lig,Takım Maç Sorgusu,Bilgi,Takım,Jenerik,Türkçe,Head,Takım Maç Sorgusu,Çekirdek
burnley fikstür,Premier Lig,Futbol,Lig,1. Seviye,Çekirdek,Erkek,Kulüp,Takım Sporu,İngiltere,Yabancı,Yok,TV+ Yok,Yıllık,Sürekli Lig,Fikstür,Bilgi,Takım,Jenerik,Türkçe,Head,Fikstür,Çekirdek
burnley puan durumu,Premier Lig,Futbol,Lig,1. Seviye,Çekirdek,Erkek,Kulüp,Takım Sporu,İngiltere,Yabancı,Yok,TV+ Yok,Yıllık,Sürekli Lig,Puan Durumu,Bilgi,Takım,Jenerik,İngilizce,Body,Puan Durumu,Çekirdek
burnley kadrosu,Premier Lig,Futbol,Lig,1. Seviye,Çekirdek,Erkek,Kulüp,Takım Sporu,İngiltere,Yabancı,Yok,TV+ Yok,Yıllık,Sürekli Lig,Kadro,Bilgi,Takım,Jenerik,İngilizce,Head,Kadro,Çekirdek
burnley canlı izle,Premier Lig,Futbol,Lig,1. Seviye,Çekirdek,Erkek,Kulüp,Takım Sporu,İngiltere,Yabancı,Yok,TV+ Yok,Yıllık,Sürekli Lig,Canlı İzle,İzleme,Takım,Jenerik,Türkçe,Body,Canlı İzle,Çekirdek
burnley transfer,Premier Lig,Futbol,Lig,1. Seviye,Çekirdek,Erkek,Kulüp,Takım Sporu,İngiltere,Yabancı,Yok,TV+ Yok,Yıllık,Sürekli Lig,Transfer,Bilgi,Takım,Jenerik,İngilizce,Head,Transfer,Çekirdek
sunderland,Premier Lig,Futbol,Lig,1. Seviye,Çekirdek,Erkek,Kulüp,Takım Sporu,İngiltere,Yabancı,Yok,TV+ Yok,Yıllık,Sürekli Lig,Takım Jenerik,Bilgi,Takım,Jenerik,İngilizce,Head,Takım Jenerik,Çekirdek
sunderland maçları,Premier Lig,Futbol,Lig,1. Seviye,Çekirdek,Erkek,Kulüp,Takım Sporu,İngiltere,Yabancı,Yok,TV+ Yok,Yıllık,Sürekli Lig,Takım Maç Sorgusu,Bilgi,Takım,Jenerik,Türkçe,Head,Takım Maç Sorgusu,Çekirdek
sunderland fikstür,Premier Lig,Futbol,Lig,1. Seviye,Çekirdek,Erkek,Kulüp,Takım Sporu,İngiltere,Yabancı,Yok,TV+ Yok,Yıllık,Sürekli Lig,Fikstür,Bilgi,Takım,Jenerik,Türkçe,Head,Fikstür,Çekirdek
sunderland puan durumu,Premier Lig,Futbol,Lig,1. Seviye,Çekirdek,Erkek,Kulüp,Takım Sporu,İngiltere,Yabancı,Yok,TV+ Yok,Yıllık,Sürekli Lig,Puan Durumu,Bilgi,Takım,Jenerik,İngilizce,Body,Puan Durumu,Çekirdek
sunderland kadrosu,Premier Lig,Futbol,Lig,1. Seviye,Çekirdek,Erkek,Kulüp,Takım Sporu,İngiltere,Yabancı,Yok,TV+ Yok,Yıllık,Sürekli Lig,Kadro,Bilgi,Takım,Jenerik,İngilizce,Head,Kadro,Çekirdek
sunderland canlı izle,Premier Lig,Futbol,Lig,1. Seviye,Çekirdek,Erkek,Kulüp,Takım Sporu,İngiltere,Yabancı,Yok,TV+ Yok,Yıllık,Sürekli Lig,Canlı İzle,İzleme,Takım,Jenerik,Türkçe,Body,Canlı İzle,Çekirdek
sunderland transfer,Premier Lig,Futbol,Lig,1. Seviye,Çekirdek,Erkek,Kulüp,Takım Sporu,İngiltere,Yabancı,Yok,TV+ Yok,Yıllık,Sürekli Lig,Transfer,Bilgi,Takım,Jenerik,İngilizce,Head,Transfer,Çekirdek
bayern münih,Bundesliga,Futbol,Lig,1. Seviye,Çekirdek,Erkek,Kulüp,Takım Sporu,Almanya,Yabancı,Yok,TV+ Yok,Yıllık,Sürekli Lig,Takım Jenerik,Bilgi,Takım,Jenerik,Türkçe,Head,Takım Jenerik,Çekirdek
bayern münih maçları,Bundesliga,Futbol,Lig,1. Seviye,Çekirdek,Erkek,Kulüp,Takım Sporu,Almanya,Yabancı,Yok,TV+ Yok,Yıllık,Sürekli Lig,Takım Maç Sorgusu,Bilgi,Takım,Jenerik,Türkçe,Body,Takım Maç Sorgusu,Çekirdek
bayern münih fikstür,Bundesliga,Futbol,Lig,1. Seviye,Çekirdek,Erkek,Kulüp,Takım Sporu,Almanya,Yabancı,Yok,TV+ Yok,Yıllık,Sürekli Lig,Fikstür,Bilgi,Takım,Jenerik,Türkçe,Body,Fikstür,Çekirdek
bayern münih puan durumu,Bundesliga,Futbol,Lig,1. Seviye,Çekirdek,Erkek,Kulüp,Takım Sporu,Almanya,Yabancı,Yok,TV+ Yok,Yıllık,Sürekli Lig,Puan Durumu,Bilgi,Takım,Jenerik,Türkçe,Body,Puan Durumu,Çekirdek
bayern münih kadrosu,Bundesliga,Futbol,Lig,1. Seviye,Çekirdek,Erkek,Kulüp,Takım Sporu,Almanya,Yabancı,Yok,TV+ Yok,Yıllık,Sürekli Lig,Kadro,Bilgi,Takım,Jenerik,Türkçe,Body,Kadro,Çekirdek
bayern münih canlı izle,Bundesliga,Futbol,Lig,1. Seviye,Çekirdek,Erkek,Kulüp,Takım Sporu,Almanya,Yabancı,Yok,TV+ Yok,Yıllık,Sürekli Lig,Canlı İzle,İzleme,Takım,Jenerik,Türkçe,Body,Canlı İzle,Çekirdek
bayern münih transfer,Bundesliga,Futbol,Lig,1. Seviye,Çekirdek,Erkek,Kulüp,Takım Sporu,Almanya,Yabancı,Yok,TV+ Yok,Yıllık,Sürekli Lig,Transfer,Bilgi,Takım,Jenerik,Türkçe,Body,Transfer,Çekirdek
borussia dortmund,Bundesliga,Futbol,Lig,1. Seviye,Çekirdek,Erkek,Kulüp,Takım Sporu,Almanya,Yabancı,Yok,TV+ Yok,Yıllık,Sürekli Lig,Takım Jenerik,Bilgi,Takım,Jenerik,İngilizce,Head,Takım Jenerik,Çekirdek
borussia dortmund maçları,Bundesliga,Futbol,Lig,1. Seviye,Çekirdek,Erkek,Kulüp,Takım Sporu,Almanya,Yabancı,Yok,TV+ Yok,Yıllık,Sürekli Lig,Takım Maç Sorgusu,Bilgi,Takım,Jenerik,Türkçe,Body,Takım Maç Sorgusu,Çekirdek
borussia dortmund fikstür,Bundesliga,Futbol,Lig,1. Seviye,Çekirdek,Erkek,Kulüp,Takım Sporu,Almanya,Yabancı,Yok,TV+ Yok,Yıllık,Sürekli Lig,Fikstür,Bilgi,Takım,Jenerik,Türkçe,Body,Fikstür,Çekirdek
borussia dortmund puan durumu,Bundesliga,Futbol,Lig,1. Seviye,Çekirdek,Erkek,Kulüp,Takım Sporu,Almanya,Yabancı,Yok,TV+ Yok,Yıllık,Sürekli Lig,Puan Durumu,Bilgi,Takım,Jenerik,İngilizce,Body,Puan Durumu,Çekirdek
borussia dortmund kadrosu,Bundesliga,Futbol,Lig,1. Seviye,Çekirdek,Erkek,Kulüp,Takım Sporu,Almanya,Yabancı,Yok,TV+ Yok,Yıllık,Sürekli Lig,Kadro,Bilgi,Takım,Jenerik,İngilizce,Body,Kadro,Çekirdek
borussia dortmund canlı izle,Bundesliga,Futbol,Lig,1. Seviye,Çekirdek,Erkek,Kulüp,Takım Sporu,Almanya,Yabancı,Yok,TV+ Yok,Yıllık,Sürekli Lig,Canlı İzle,İzleme,Takım,Jenerik,Türkçe,Body,Canlı İzle,Çekirdek
borussia dortmund transfer,Bundesliga,Futbol,Lig,1. Seviye,Çekirdek,Erkek,Kulüp,Takım Sporu,Almanya,Yabancı,Yok,TV+ Yok,Yıllık,Sürekli Lig,Transfer,Bilgi,Takım,Jenerik,İngilizce,Body,Transfer,Çekirdek
bayer leverkusen,Bundesliga,Futbol,Lig,1. Seviye,Çekirdek,Erkek,Kulüp,Takım Sporu,Almanya,Yabancı,Yok,TV+ Yok,Yıllık,Sürekli Lig,Takım Jenerik,Bilgi,Takım,Jenerik,İngilizce,Head,Takım Jenerik,Çekirdek
bayer leverkusen maçları,Bundesliga,Futbol,Lig,1. Seviye,Çekirdek,Erkek,Kulüp,Takım Sporu,Almanya,Yabancı,Yok,TV+ Yok,Yıllık,Sürekli Lig,Takım Maç Sorgusu,Bilgi,Takım,Jenerik,Türkçe,Body,Takım Maç Sorgusu,Çekirdek
bayer leverkusen fikstür,Bundesliga,Futbol,Lig,1. Seviye,Çekirdek,Erkek,Kulüp,Takım Sporu,Almanya,Yabancı,Yok,TV+ Yok,Yıllık,Sürekli Lig,Fikstür,Bilgi,Takım,Jenerik,Türkçe,Body,Fikstür,Çekirdek
bayer leverkusen puan durumu,Bundesliga,Futbol,Lig,1. Seviye,Çekirdek,Erkek,Kulüp,Takım Sporu,Almanya,Yabancı,Yok,TV+ Yok,Yıllık,Sürekli Lig,Puan Durumu,Bilgi,Takım,Jenerik,İngilizce,Body,Puan Durumu,Çekirdek
bayer leverkusen kadrosu,Bundesliga,Futbol,Lig,1. Seviye,Çekirdek,Erkek,Kulüp,Takım Sporu,Almanya,Yabancı,Yok,TV+ Yok,Yıllık,Sürekli Lig,Kadro,Bilgi,Takım,Jenerik,İngilizce,Body,Kadro,Çekirdek
bayer leverkusen canlı izle,Bundesliga,Futbol,Lig,1. Seviye,Çekirdek,Erkek,Kulüp,Takım Sporu,Almanya,Yabancı,Yok,TV+ Yok,Yıllık,Sürekli Lig,Canlı İzle,İzleme,Takım,Jenerik,Türkçe,Body,Canlı İzle,Çekirdek
bayer leverkusen transfer,Bundesliga,Futbol,Lig,1. Seviye,Çekirdek,Erkek,Kulüp,Takım Sporu,Almanya,Yabancı,Yok,TV+ Yok,Yıllık,Sürekli Lig,Transfer,Bilgi,Takım,Jenerik,İngilizce,Body,Transfer,Çekirdek
rb leipzig,Bundesliga,Futbol,Lig,1. Seviye,Çekirdek,Erkek,Kulüp,Takım Sporu,Almanya,Yabancı,Yok,TV+ Yok,Yıllık,Sürekli Lig,Takım Jenerik,Bilgi,Takım,Jenerik,İngilizce,Head,Takım Jenerik,Çekirdek
rb leipzig maçları,Bundesliga,Futbol,Lig,1. Seviye,Çekirdek,Erkek,Kulüp,Takım Sporu,Almanya,Yabancı,Yok,TV+ Yok,Yıllık,Sürekli Lig,Takım Maç Sorgusu,Bilgi,Takım,Jenerik,Türkçe,Body,Takım Maç Sorgusu,Çekirdek
rb leipzig fikstür,Bundesliga,Futbol,Lig,1. Seviye,Çekirdek,Erkek,Kulüp,Takım Sporu,Almanya,Yabancı,Yok,TV+ Yok,Yıllık,Sürekli Lig,Fikstür,Bilgi,Takım,Jenerik,Türkçe,Body,Fikstür,Çekirdek
rb leipzig puan durumu,Bundesliga,Futbol,Lig,1. Seviye,Çekirdek,Erkek,Kulüp,Takım Sporu,Almanya,Yabancı,Yok,TV+ Yok,Yıllık,Sürekli Lig,Puan Durumu,Bilgi,Takım,Jenerik,İngilizce,Body,Puan Durumu,Çekirdek
rb leipzig kadrosu,Bundesliga,Futbol,Lig,1. Seviye,Çekirdek,Erkek,Kulüp,Takım Sporu,Almanya,Yabancı,Yok,TV+ Yok,Yıllık,Sürekli Lig,Kadro,Bilgi,Takım,Jenerik,İngilizce,Body,Kadro,Çekirdek
rb leipzig canlı izle,Bundesliga,Futbol,Lig,1. Seviye,Çekirdek,Erkek,Kulüp,Takım Sporu,Almanya,Yabancı,Yok,TV+ Yok,Yıllık,Sürekli Lig,Canlı İzle,İzleme,Takım,Jenerik,Türkçe,Body,Canlı İzle,Çekirdek
rb leipzig transfer,Bundesliga,Futbol,Lig,1. Seviye,Çekirdek,Erkek,Kulüp,Takım Sporu,Almanya,Yabancı,Yok,TV+ Yok,Yıllık,Sürekli Lig,Transfer,Bilgi,Takım,Jenerik,İngilizce,Body,Transfer,Çekirdek
eintracht frankfurt,Bundesliga,Futbol,Lig,1. Seviye,Çekirdek,Erkek,Kulüp,Takım Sporu,Almanya,Yabancı,Yok,TV+ Yok,Yıllık,Sürekli Lig,Takım Jenerik,Bilgi,Takım,Jenerik,İngilizce,Head,Takım Jenerik,Çekirdek
eintracht frankfurt maçları,Bundesliga,Futbol,Lig,1. Seviye,Çekirdek,Erkek,Kulüp,Takım Sporu,Almanya,Yabancı,Yok,TV+ Yok,Yıllık,Sürekli Lig,Takım Maç Sorgusu,Bilgi,Takım,Jenerik,Türkçe,Body,Takım Maç Sorgusu,Çekirdek
eintracht frankfurt fikstür,Bundesliga,Futbol,Lig,1. Seviye,Çekirdek,Erkek,Kulüp,Takım Sporu,Almanya,Yabancı,Yok,TV+ Yok,Yıllık,Sürekli Lig,Fikstür,Bilgi,Takım,Jenerik,Türkçe,Body,Fikstür,Çekirdek
eintracht frankfurt puan durumu,Bundesliga,Futbol,Lig,1. Seviye,Çekirdek,Erkek,Kulüp,Takım Sporu,Almanya,Yabancı,Yok,TV+ Yok,Yıllık,Sürekli Lig,Puan Durumu,Bilgi,Takım,Jenerik,İngilizce,Body,Puan Durumu,Çekirdek
eintracht frankfurt kadrosu,Bundesliga,Futbol,Lig,1. Seviye,Çekirdek,Erkek,Kulüp,Takım Sporu,Almanya,Yabancı,Yok,TV+ Yok,Yıllık,Sürekli Lig,Kadro,Bilgi,Takım,Jenerik,İngilizce,Body,Kadro,Çekirdek
eintracht frankfurt canlı izle,Bundesliga,Futbol,Lig,1. Seviye,Çekirdek,Erkek,Kulüp,Takım Sporu,Almanya,Yabancı,Yok,TV+ Yok,Yıllık,Sürekli Lig,Canlı İzle,İzleme,Takım,Jenerik,Türkçe,Body,Canlı İzle,Çekirdek
eintracht frankfurt transfer,Bundesliga,Futbol,Lig,1. Seviye,Çekirdek,Erkek,Kulüp,Takım Sporu,Almanya,Yabancı,Yok,TV+ Yok,Yıllık,Sürekli Lig,Transfer,Bilgi,Takım,Jenerik,İngilizce,Body,Transfer,Çekirdek
vfb stuttgart,Bundesliga,Futbol,Lig,1. Seviye,Çekirdek,Erkek,Kulüp,Takım Sporu,Almanya,Yabancı,Yok,TV+ Yok,Yıllık,Sürekli Lig,Takım Jenerik,Bilgi,Takım,Jenerik,İngilizce,Head,Takım Jenerik,Çekirdek
vfb stuttgart maçları,Bundesliga,Futbol,Lig,1. Seviye,Çekirdek,Erkek,Kulüp,Takım Sporu,Almanya,Yabancı,Yok,TV+ Yok,Yıllık,Sürekli Lig,Takım Maç Sorgusu,Bilgi,Takım,Jenerik,Türkçe,Body,Takım Maç Sorgusu,Çekirdek
vfb stuttgart fikstür,Bundesliga,Futbol,Lig,1. Seviye,Çekirdek,Erkek,Kulüp,Takım Sporu,Almanya,Yabancı,Yok,TV+ Yok,Yıllık,Sürekli Lig,Fikstür,Bilgi,Takım,Jenerik,Türkçe,Body,Fikstür,Çekirdek
vfb stuttgart puan durumu,Bundesliga,Futbol,Lig,1. Seviye,Çekirdek,Erkek,Kulüp,Takım Sporu,Almanya,Yabancı,Yok,TV+ Yok,Yıllık,Sürekli Lig,Puan Durumu,Bilgi,Takım,Jenerik,İngilizce,Body,Puan Durumu,Çekirdek
vfb stuttgart kadrosu,Bundesliga,Futbol,Lig,1. Seviye,Çekirdek,Erkek,Kulüp,Takım Sporu,Almanya,Yabancı,Yok,TV+ Yok,Yıllık,Sürekli Lig,Kadro,Bilgi,Takım,Jenerik,İngilizce,Body,Kadro,Çekirdek
vfb stuttgart canlı izle,Bundesliga,Futbol,Lig,1. Seviye,Çekirdek,Erkek,Kulüp,Takım Sporu,Almanya,Yabancı,Yok,TV+ Yok,Yıllık,Sürekli Lig,Canlı İzle,İzleme,Takım,Jenerik,Türkçe,Body,Canlı İzle,Çekirdek
vfb stuttgart transfer,Bundesliga,Futbol,Lig,1. Seviye,Çekirdek,Erkek,Kulüp,Takım Sporu,Almanya,Yabancı,Yok,TV+ Yok,Yıllık,Sürekli Lig,Transfer,Bilgi,Takım,Jenerik,İngilizce,Body,Transfer,Çekirdek
werder bremen,Bundesliga,Futbol,Lig,1. Seviye,Çekirdek,Erkek,Kulüp,Takım Sporu,Almanya,Yabancı,Yok,TV+ Yok,Yıllık,Sürekli Lig,Takım Jenerik,Bilgi,Takım,Jenerik,İngilizce,Head,Takım Jenerik,Çekirdek
werder bremen maçları,Bundesliga,Futbol,Lig,1. Seviye,Çekirdek,Erkek,Kulüp,Takım Sporu,Almanya,Yabancı,Yok,TV+ Yok,Yıllık,Sürekli Lig,Takım Maç Sorgusu,Bilgi,Takım,Jenerik,Türkçe,Body,Takım Maç Sorgusu,Çekirdek
werder bremen fikstür,Bundesliga,Futbol,Lig,1. Seviye,Çekirdek,Erkek,Kulüp,Takım Sporu,Almanya,Yabancı,Yok,TV+ Yok,Yıllık,Sürekli Lig,Fikstür,Bilgi,Takım,Jenerik,Türkçe,Body,Fikstür,Çekirdek
werder bremen puan durumu,Bundesliga,Futbol,Lig,1. Seviye,Çekirdek,Erkek,Kulüp,Takım Sporu,Almanya,Yabancı,Yok,TV+ Yok,Yıllık,Sürekli Lig,Puan Durumu,Bilgi,Takım,Jenerik,İngilizce,Body,Puan Durumu,Çekirdek
werder bremen kadrosu,Bundesliga,Futbol,Lig,1. Seviye,Çekirdek,Erkek,Kulüp,Takım Sporu,Almanya,Yabancı,Yok,TV+ Yok,Yıllık,Sürekli Lig,Kadro,Bilgi,Takım,Jenerik,İngilizce,Body,Kadro,Çekirdek
werder bremen canlı izle,Bundesliga,Futbol,Lig,1. Seviye,Çekirdek,Erkek,Kulüp,Takım Sporu,Almanya,Yabancı,Yok,TV+ Yok,Yıllık,Sürekli Lig,Canlı İzle,İzleme,Takım,Jenerik,Türkçe,Body,Canlı İzle,Çekirdek
werder bremen transfer,Bundesliga,Futbol,Lig,1. Seviye,Çekirdek,Erkek,Kulüp,Takım Sporu,Almanya,Yabancı,Yok,TV+ Yok,Yıllık,Sürekli Lig,Transfer,Bilgi,Takım,Jenerik,İngilizce,Body,Transfer,Çekirdek
borussia mönchengladbach,Bundesliga,Futbol,Lig,1. Seviye,Çekirdek,Erkek,Kulüp,Takım Sporu,Almanya,Yabancı,Yok,TV+ Yok,Yıllık,Sürekli Lig,Takım Jenerik,Bilgi,Takım,Jenerik,Türkçe,Head,Takım Jenerik,Çekirdek
borussia mönchengladbach maçları,Bundesliga,Futbol,Lig,1. Seviye,Çekirdek,Erkek,Kulüp,Takım Sporu,Almanya,Yabancı,Yok,TV+ Yok,Yıllık,Sürekli Lig,Takım Maç Sorgusu,Bilgi,Takım,Jenerik,Türkçe,Body,Takım Maç Sorgusu,Çekirdek
borussia mönchengladbach fikstür,Bundesliga,Futbol,Lig,1. Seviye,Çekirdek,Erkek,Kulüp,Takım Sporu,Almanya,Yabancı,Yok,TV+ Yok,Yıllık,Sürekli Lig,Fikstür,Bilgi,Takım,Jenerik,Türkçe,Body,Fikstür,Çekirdek
borussia mönchengladbach puan durumu,Bundesliga,Futbol,Lig,1. Seviye,Çekirdek,Erkek,Kulüp,Takım Sporu,Almanya,Yabancı,Yok,TV+ Yok,Yıllık,Sürekli Lig,Puan Durumu,Bilgi,Takım,Jenerik,Türkçe,Body,Puan Durumu,Çekirdek
borussia mönchengladbach kadrosu,Bundesliga,Futbol,Lig,1. Seviye,Çekirdek,Erkek,Kulüp,Takım Sporu,Almanya,Yabancı,Yok,TV+ Yok,Yıllık,Sürekli Lig,Kadro,Bilgi,Takım,Jenerik,Türkçe,Body,Kadro,Çekirdek
borussia mönchengladbach canlı izle,Bundesliga,Futbol,Lig,1. Seviye,Çekirdek,Erkek,Kulüp,Takım Sporu,Almanya,Yabancı,Yok,TV+ Yok,Yıllık,Sürekli Lig,Canlı İzle,İzleme,Takım,Jenerik,Türkçe,Body,Canlı İzle,Çekirdek
borussia mönchengladbach transfer,Bundesliga,Futbol,Lig,1. Seviye,Çekirdek,Erkek,Kulüp,Takım Sporu,Almanya,Yabancı,Yok,TV+ Yok,Yıllık,Sürekli Lig,Transfer,Bilgi,Takım,Jenerik,Türkçe,Body,Transfer,Çekirdek
hoffenheim,Bundesliga,Futbol,Lig,1. Seviye,Çekirdek,Erkek,Kulüp,Takım Sporu,Almanya,Yabancı,Yok,TV+ Yok,Yıllık,Sürekli Lig,Takım Jenerik,Bilgi,Takım,Jenerik,İngilizce,Head,Takım Jenerik,Çekirdek
hoffenheim maçları,Bundesliga,Futbol,Lig,1. Seviye,Çekirdek,Erkek,Kulüp,Takım Sporu,Almanya,Yabancı,Yok,TV+ Yok,Yıllık,Sürekli Lig,Takım Maç Sorgusu,Bilgi,Takım,Jenerik,Türkçe,Head,Takım Maç Sorgusu,Çekirdek
hoffenheim fikstür,Bundesliga,Futbol,Lig,1. Seviye,Çekirdek,Erkek,Kulüp,Takım Sporu,Almanya,Yabancı,Yok,TV+ Yok,Yıllık,Sürekli Lig,Fikstür,Bilgi,Takım,Jenerik,Türkçe,Head,Fikstür,Çekirdek
hoffenheim puan durumu,Bundesliga,Futbol,Lig,1. Seviye,Çekirdek,Erkek,Kulüp,Takım Sporu,Almanya,Yabancı,Yok,TV+ Yok,Yıllık,Sürekli Lig,Puan Durumu,Bilgi,Takım,Jenerik,İngilizce,Body,Puan Durumu,Çekirdek
hoffenheim kadrosu,Bundesliga,Futbol,Lig,1. Seviye,Çekirdek,Erkek,Kulüp,Takım Sporu,Almanya,Yabancı,Yok,TV+ Yok,Yıllık,Sürekli Lig,Kadro,Bilgi,Takım,Jenerik,İngilizce,Head,Kadro,Çekirdek
hoffenheim canlı izle,Bundesliga,Futbol,Lig,1. Seviye,Çekirdek,Erkek,Kulüp,Takım Sporu,Almanya,Yabancı,Yok,TV+ Yok,Yıllık,Sürekli Lig,Canlı İzle,İzleme,Takım,Jenerik,Türkçe,Body,Canlı İzle,Çekirdek
hoffenheim transfer,Bundesliga,Futbol,Lig,1. Seviye,Çekirdek,Erkek,Kulüp,Takım Sporu,Almanya,Yabancı,Yok,TV+ Yok,Yıllık,Sürekli Lig,Transfer,Bilgi,Takım,Jenerik,İngilizce,Head,Transfer,Çekirdek
freiburg,Bundesliga,Futbol,Lig,1. Seviye,Çekirdek,Erkek,Kulüp,Takım Sporu,Almanya,Yabancı,Yok,TV+ Yok,Yıllık,Sürekli Lig,Takım Jenerik,Bilgi,Takım,Jenerik,İngilizce,Head,Takım Jenerik,Çekirdek
freiburg maçları,Bundesliga,Futbol,Lig,1. Seviye,Çekirdek,Erkek,Kulüp,Takım Sporu,Almanya,Yabancı,Yok,TV+ Yok,Yıllık,Sürekli Lig,Takım Maç Sorgusu,Bilgi,Takım,Jenerik,Türkçe,Head,Takım Maç Sorgusu,Çekirdek
freiburg fikstür,Bundesliga,Futbol,Lig,1. Seviye,Çekirdek,Erkek,Kulüp,Takım Sporu,Almanya,Yabancı,Yok,TV+ Yok,Yıllık,Sürekli Lig,Fikstür,Bilgi,Takım,Jenerik,Türkçe,Head,Fikstür,Çekirdek
freiburg puan durumu,Bundesliga,Futbol,Lig,1. Seviye,Çekirdek,Erkek,Kulüp,Takım Sporu,Almanya,Yabancı,Yok,TV+ Yok,Yıllık,Sürekli Lig,Puan Durumu,Bilgi,Takım,Jenerik,İngilizce,Body,Puan Durumu,Çekirdek
freiburg kadrosu,Bundesliga,Futbol,Lig,1. Seviye,Çekirdek,Erkek,Kulüp,Takım Sporu,Almanya,Yabancı,Yok,TV+ Yok,Yıllık,Sürekli Lig,Kadro,Bilgi,Takım,Jenerik,İngilizce,Head,Kadro,Çekirdek
freiburg canlı izle,Bundesliga,Futbol,Lig,1. Seviye,Çekirdek,Erkek,Kulüp,Takım Sporu,Almanya,Yabancı,Yok,TV+ Yok,Yıllık,Sürekli Lig,Canlı İzle,İzleme,Takım,Jenerik,Türkçe,Body,Canlı İzle,Çekirdek
freiburg transfer,Bundesliga,Futbol,Lig,1. Seviye,Çekirdek,Erkek,Kulüp,Takım Sporu,Almanya,Yabancı,Yok,TV+ Yok,Yıllık,Sürekli Lig,Transfer,Bilgi,Takım,Jenerik,İngilizce,Head,Transfer,Çekirdek
paris saint germain,Ligue 1,Futbol,Lig,1. Seviye,Çekirdek,Erkek,Kulüp,Takım Sporu,Fransa,Yabancı,Yok,TV+ Yok,Yıllık,Sürekli Lig,Takım Jenerik,Bilgi,Takım,Jenerik,İngilizce,Body,Takım Jenerik,Çekirdek
paris saint germain maçları,Ligue 1,Futbol,Lig,1. Seviye,Çekirdek,Erkek,Kulüp,Takım Sporu,Fransa,Yabancı,Yok,TV+ Yok,Yıllık,Sürekli Lig,Takım Maç Sorgusu,Bilgi,Takım,Jenerik,Türkçe,Body,Takım Maç Sorgusu,Çekirdek
paris saint germain fikstür,Ligue 1,Futbol,Lig,1. Seviye,Çekirdek,Erkek,Kulüp,Takım Sporu,Fransa,Yabancı,Yok,TV+ Yok,Yıllık,Sürekli Lig,Fikstür,Bilgi,Takım,Jenerik,Türkçe,Body,Fikstür,Çekirdek
paris saint germain puan durumu,Ligue 1,Futbol,Lig,1. Seviye,Çekirdek,Erkek,Kulüp,Takım Sporu,Fransa,Yabancı,Yok,TV+ Yok,Yıllık,Sürekli Lig,Puan Durumu,Bilgi,Takım,Jenerik,İngilizce,Long-tail,Puan Durumu,Çekirdek
paris saint germain kadrosu,Ligue 1,Futbol,Lig,1. Seviye,Çekirdek,Erkek,Kulüp,Takım Sporu,Fransa,Yabancı,Yok,TV+ Yok,Yıllık,Sürekli Lig,Kadro,Bilgi,Takım,Jenerik,İngilizce,Body,Kadro,Çekirdek
paris saint germain canlı izle,Ligue 1,Futbol,Lig,1. Seviye,Çekirdek,Erkek,Kulüp,Takım Sporu,Fransa,Yabancı,Yok,TV+ Yok,Yıllık,Sürekli Lig,Canlı İzle,İzleme,Takım,Jenerik,Türkçe,Long-tail,Canlı İzle,Çekirdek
paris saint germain transfer,Ligue 1,Futbol,Lig,1. Seviye,Çekirdek,Erkek,Kulüp,Takım Sporu,Fransa,Yabancı,Yok,TV+ Yok,Yıllık,Sürekli Lig,Transfer,Bilgi,Takım,Jenerik,İngilizce,Body,Transfer,Çekirdek
marsilya,Ligue 1,Futbol,Lig,1. Seviye,Çekirdek,Erkek,Kulüp,Takım Sporu,Fransa,Yabancı,Yok,TV+ Yok,Yıllık,Sürekli Lig,Takım Jenerik,Bilgi,Takım,Jenerik,İngilizce,Head,Takım Jenerik,Çekirdek
marsilya maçları,Ligue 1,Futbol,Lig,1. Seviye,Çekirdek,Erkek,Kulüp,Takım Sporu,Fransa,Yabancı,Yok,TV+ Yok,Yıllık,Sürekli Lig,Takım Maç Sorgusu,Bilgi,Takım,Jenerik,Türkçe,Head,Takım Maç Sorgusu,Çekirdek
marsilya fikstür,Ligue 1,Futbol,Lig,1. Seviye,Çekirdek,Erkek,Kulüp,Takım Sporu,Fransa,Yabancı,Yok,TV+ Yok,Yıllık,Sürekli Lig,Fikstür,Bilgi,Takım,Jenerik,Türkçe,Head,Fikstür,Çekirdek
marsilya puan durumu,Ligue 1,Futbol,Lig,1. Seviye,Çekirdek,Erkek,Kulüp,Takım Sporu,Fransa,Yabancı,Yok,TV+ Yok,Yıllık,Sürekli Lig,Puan Durumu,Bilgi,Takım,Jenerik,İngilizce,Body,Puan Durumu,Çekirdek
marsilya kadrosu,Ligue 1,Futbol,Lig,1. Seviye,Çekirdek,Erkek,Kulüp,Takım Sporu,Fransa,Yabancı,Yok,TV+ Yok,Yıllık,Sürekli Lig,Kadro,Bilgi,Takım,Jenerik,İngilizce,Head,Kadro,Çekirdek
marsilya canlı izle,Ligue 1,Futbol,Lig,1. Seviye,Çekirdek,Erkek,Kulüp,Takım Sporu,Fransa,Yabancı,Yok,TV+ Yok,Yıllık,Sürekli Lig,Canlı İzle,İzleme,Takım,Jenerik,Türkçe,Body,Canlı İzle,Çekirdek
marsilya transfer,Ligue 1,Futbol,Lig,1. Seviye,Çekirdek,Erkek,Kulüp,Takım Sporu,Fransa,Yabancı,Yok,TV+ Yok,Yıllık,Sürekli Lig,Transfer,Bilgi,Takım,Jenerik,İngilizce,Head,Transfer,Çekirdek
lyon,Ligue 1,Futbol,Lig,1. Seviye,Çekirdek,Erkek,Kulüp,Takım Sporu,Fransa,Yabancı,Yok,TV+ Yok,Yıllık,Sürekli Lig,Takım Jenerik,Bilgi,Takım,Jenerik,İngilizce,Head,Takım Jenerik,Çekirdek
lyon maçları,Ligue 1,Futbol,Lig,1. Seviye,Çekirdek,Erkek,Kulüp,Takım Sporu,Fransa,Yabancı,Yok,TV+ Yok,Yıllık,Sürekli Lig,Takım Maç Sorgusu,Bilgi,Takım,Jenerik,Türkçe,Head,Takım Maç Sorgusu,Çekirdek
lyon fikstür,Ligue 1,Futbol,Lig,1. Seviye,Çekirdek,Erkek,Kulüp,Takım Sporu,Fransa,Yabancı,Yok,TV+ Yok,Yıllık,Sürekli Lig,Fikstür,Bilgi,Takım,Jenerik,Türkçe,Head,Fikstür,Çekirdek
lyon puan durumu,Ligue 1,Futbol,Lig,1. Seviye,Çekirdek,Erkek,Kulüp,Takım Sporu,Fransa,Yabancı,Yok,TV+ Yok,Yıllık,Sürekli Lig,Puan Durumu,Bilgi,Takım,Jenerik,İngilizce,Body,Puan Durumu,Çekirdek
lyon kadrosu,Ligue 1,Futbol,Lig,1. Seviye,Çekirdek,Erkek,Kulüp,Takım Sporu,Fransa,Yabancı,Yok,TV+ Yok,Yıllık,Sürekli Lig,Kadro,Bilgi,Takım,Jenerik,İngilizce,Head,Kadro,Çekirdek
lyon canlı izle,Ligue 1,Futbol,Lig,1. Seviye,Çekirdek,Erkek,Kulüp,Takım Sporu,Fransa,Yabancı,Yok,TV+ Yok,Yıllık,Sürekli Lig,Canlı İzle,İzleme,Takım,Jenerik,Türkçe,Body,Canlı İzle,Çekirdek
lyon transfer,Ligue 1,Futbol,Lig,1. Seviye,Çekirdek,Erkek,Kulüp,Takım Sporu,Fransa,Yabancı,Yok,TV+ Yok,Yıllık,Sürekli Lig,Transfer,Bilgi,Takım,Jenerik,İngilizce,Head,Transfer,Çekirdek
monaco,Ligue 1,Futbol,Lig,1. Seviye,Çekirdek,Erkek,Kulüp,Takım Sporu,Fransa,Yabancı,Yok,TV+ Yok,Yıllık,Sürekli Lig,Takım Jenerik,Bilgi,Takım,Jenerik,İngilizce,Head,Takım Jenerik,Çekirdek
monaco maçları,Ligue 1,Futbol,Lig,1. Seviye,Çekirdek,Erkek,Kulüp,Takım Sporu,Fransa,Yabancı,Yok,TV+ Yok,Yıllık,Sürekli Lig,Takım Maç Sorgusu,Bilgi,Takım,Jenerik,Türkçe,Head,Takım Maç Sorgusu,Çekirdek
monaco fikstür,Ligue 1,Futbol,Lig,1. Seviye,Çekirdek,Erkek,Kulüp,Takım Sporu,Fransa,Yabancı,Yok,TV+ Yok,Yıllık,Sürekli Lig,Fikstür,Bilgi,Takım,Jenerik,Türkçe,Head,Fikstür,Çekirdek
monaco puan durumu,Ligue 1,Futbol,Lig,1. Seviye,Çekirdek,Erkek,Kulüp,Takım Sporu,Fransa,Yabancı,Yok,TV+ Yok,Yıllık,Sürekli Lig,Puan Durumu,Bilgi,Takım,Jenerik,İngilizce,Body,Puan Durumu,Çekirdek
monaco kadrosu,Ligue 1,Futbol,Lig,1. Seviye,Çekirdek,Erkek,Kulüp,Takım Sporu,Fransa,Yabancı,Yok,TV+ Yok,Yıllık,Sürekli Lig,Kadro,Bilgi,Takım,Jenerik,İngilizce,Head,Kadro,Çekirdek
monaco canlı izle,Ligue 1,Futbol,Lig,1. Seviye,Çekirdek,Erkek,Kulüp,Takım Sporu,Fransa,Yabancı,Yok,TV+ Yok,Yıllık,Sürekli Lig,Canlı İzle,İzleme,Takım,Jenerik,Türkçe,Body,Canlı İzle,Çekirdek
monaco transfer,Ligue 1,Futbol,Lig,1. Seviye,Çekirdek,Erkek,Kulüp,Takım Sporu,Fransa,Yabancı,Yok,TV+ Yok,Yıllık,Sürekli Lig,Transfer,Bilgi,Takım,Jenerik,İngilizce,Head,Transfer,Çekirdek
lille,Ligue 1,Futbol,Lig,1. Seviye,Çekirdek,Erkek,Kulüp,Takım Sporu,Fransa,Yabancı,Yok,TV+ Yok,Yıllık,Sürekli Lig,Takım Jenerik,Bilgi,Takım,Jenerik,İngilizce,Head,Takım Jenerik,Çekirdek
lille maçları,Ligue 1,Futbol,Lig,1. Seviye,Çekirdek,Erkek,Kulüp,Takım Sporu,Fransa,Yabancı,Yok,TV+ Yok,Yıllık,Sürekli Lig,Takım Maç Sorgusu,Bilgi,Takım,Jenerik,Türkçe,Head,Takım Maç Sorgusu,Çekirdek
lille fikstür,Ligue 1,Futbol,Lig,1. Seviye,Çekirdek,Erkek,Kulüp,Takım Sporu,Fransa,Yabancı,Yok,TV+ Yok,Yıllık,Sürekli Lig,Fikstür,Bilgi,Takım,Jenerik,Türkçe,Head,Fikstür,Çekirdek
lille puan durumu,Ligue 1,Futbol,Lig,1. Seviye,Çekirdek,Erkek,Kulüp,Takım Sporu,Fransa,Yabancı,Yok,TV+ Yok,Yıllık,Sürekli Lig,Puan Durumu,Bilgi,Takım,Jenerik,İngilizce,Body,Puan Durumu,Çekirdek
lille kadrosu,Ligue 1,Futbol,Lig,1. Seviye,Çekirdek,Erkek,Kulüp,Takım Sporu,Fransa,Yabancı,Yok,TV+ Yok,Yıllık,Sürekli Lig,Kadro,Bilgi,Takım,Jenerik,İngilizce,Head,Kadro,Çekirdek
lille canlı izle,Ligue 1,Futbol,Lig,1. Seviye,Çekirdek,Erkek,Kulüp,Takım Sporu,Fransa,Yabancı,Yok,TV+ Yok,Yıllık,Sürekli Lig,Canlı İzle,İzleme,Takım,Jenerik,Türkçe,Body,Canlı İzle,Çekirdek
lille transfer,Ligue 1,Futbol,Lig,1. Seviye,Çekirdek,Erkek,Kulüp,Takım Sporu,Fransa,Yabancı,Yok,TV+ Yok,Yıllık,Sürekli Lig,Transfer,Bilgi,Takım,Jenerik,İngilizce,Head,Transfer,Çekirdek
nice,Ligue 1,Futbol,Lig,1. Seviye,Çekirdek,Erkek,Kulüp,Takım Sporu,Fransa,Yabancı,Yok,TV+ Yok,Yıllık,Sürekli Lig,Takım Jenerik,Bilgi,Takım,Jenerik,İngilizce,Head,Takım Jenerik,Çekirdek
nice maçları,Ligue 1,Futbol,Lig,1. Seviye,Çekirdek,Erkek,Kulüp,Takım Sporu,Fransa,Yabancı,Yok,TV+ Yok,Yıllık,Sürekli Lig,Takım Maç Sorgusu,Bilgi,Takım,Jenerik,Türkçe,Head,Takım Maç Sorgusu,Çekirdek
nice fikstür,Ligue 1,Futbol,Lig,1. Seviye,Çekirdek,Erkek,Kulüp,Takım Sporu,Fransa,Yabancı,Yok,TV+ Yok,Yıllık,Sürekli Lig,Fikstür,Bilgi,Takım,Jenerik,Türkçe,Head,Fikstür,Çekirdek
nice puan durumu,Ligue 1,Futbol,Lig,1. Seviye,Çekirdek,Erkek,Kulüp,Takım Sporu,Fransa,Yabancı,Yok,TV+ Yok,Yıllık,Sürekli Lig,Puan Durumu,Bilgi,Takım,Jenerik,İngilizce,Body,Puan Durumu,Çekirdek
nice kadrosu,Ligue 1,Futbol,Lig,1. Seviye,Çekirdek,Erkek,Kulüp,Takım Sporu,Fransa,Yabancı,Yok,TV+ Yok,Yıllık,Sürekli Lig,Kadro,Bilgi,Takım,Jenerik,İngilizce,Head,Kadro,Çekirdek
nice canlı izle,Ligue 1,Futbol,Lig,1. Seviye,Çekirdek,Erkek,Kulüp,Takım Sporu,Fransa,Yabancı,Yok,TV+ Yok,Yıllık,Sürekli Lig,Canlı İzle,İzleme,Takım,Jenerik,Türkçe,Body,Canlı İzle,Çekirdek
nice transfer,Ligue 1,Futbol,Lig,1. Seviye,Çekirdek,Erkek,Kulüp,Takım Sporu,Fransa,Yabancı,Yok,TV+ Yok,Yıllık,Sürekli Lig,Transfer,Bilgi,Takım,Jenerik,İngilizce,Head,Transfer,Çekirdek
rennes,Ligue 1,Futbol,Lig,1. Seviye,Çekirdek,Erkek,Kulüp,Takım Sporu,Fransa,Yabancı,Yok,TV+ Yok,Yıllık,Sürekli Lig,Takım Jenerik,Bilgi,Takım,Jenerik,İngilizce,Head,Takım Jenerik,Çekirdek
rennes maçları,Ligue 1,Futbol,Lig,1. Seviye,Çekirdek,Erkek,Kulüp,Takım Sporu,Fransa,Yabancı,Yok,TV+ Yok,Yıllık,Sürekli Lig,Takım Maç Sorgusu,Bilgi,Takım,Jenerik,Türkçe,Head,Takım Maç Sorgusu,Çekirdek
rennes fikstür,Ligue 1,Futbol,Lig,1. Seviye,Çekirdek,Erkek,Kulüp,Takım Sporu,Fransa,Yabancı,Yok,TV+ Yok,Yıllık,Sürekli Lig,Fikstür,Bilgi,Takım,Jenerik,Türkçe,Head,Fikstür,Çekirdek
rennes puan durumu,Ligue 1,Futbol,Lig,1. Seviye,Çekirdek,Erkek,Kulüp,Takım Sporu,Fransa,Yabancı,Yok,TV+ Yok,Yıllık,Sürekli Lig,Puan Durumu,Bilgi,Takım,Jenerik,İngilizce,Body,Puan Durumu,Çekirdek
rennes kadrosu,Ligue 1,Futbol,Lig,1. Seviye,Çekirdek,Erkek,Kulüp,Takım Sporu,Fransa,Yabancı,Yok,TV+ Yok,Yıllık,Sürekli Lig,Kadro,Bilgi,Takım,Jenerik,İngilizce,Head,Kadro,Çekirdek
rennes canlı izle,Ligue 1,Futbol,Lig,1. Seviye,Çekirdek,Erkek,Kulüp,Takım Sporu,Fransa,Yabancı,Yok,TV+ Yok,Yıllık,Sürekli Lig,Canlı İzle,İzleme,Takım,Jenerik,Türkçe,Body,Canlı İzle,Çekirdek
rennes transfer,Ligue 1,Futbol,Lig,1. Seviye,Çekirdek,Erkek,Kulüp,Takım Sporu,Fransa,Yabancı,Yok,TV+ Yok,Yıllık,Sürekli Lig,Transfer,Bilgi,Takım,Jenerik,İngilizce,Head,Transfer,Çekirdek
lens,Ligue 1,Futbol,Lig,1. Seviye,Çekirdek,Erkek,Kulüp,Takım Sporu,Fransa,Yabancı,Yok,TV+ Yok,Yıllık,Sürekli Lig,Takım Jenerik,Bilgi,Takım,Jenerik,İngilizce,Head,Takım Jenerik,Çekirdek
lens maçları,Ligue 1,Futbol,Lig,1. Seviye,Çekirdek,Erkek,Kulüp,Takım Sporu,Fransa,Yabancı,Yok,TV+ Yok,Yıllık,Sürekli Lig,Takım Maç Sorgusu,Bilgi,Takım,Jenerik,Türkçe,Head,Takım Maç Sorgusu,Çekirdek
lens fikstür,Ligue 1,Futbol,Lig,1. Seviye,Çekirdek,Erkek,Kulüp,Takım Sporu,Fransa,Yabancı,Yok,TV+ Yok,Yıllık,Sürekli Lig,Fikstür,Bilgi,Takım,Jenerik,Türkçe,Head,Fikstür,Çekirdek
lens puan durumu,Ligue 1,Futbol,Lig,1. Seviye,Çekirdek,Erkek,Kulüp,Takım Sporu,Fransa,Yabancı,Yok,TV+ Yok,Yıllık,Sürekli Lig,Puan Durumu,Bilgi,Takım,Jenerik,İngilizce,Body,Puan Durumu,Çekirdek
lens kadrosu,Ligue 1,Futbol,Lig,1. Seviye,Çekirdek,Erkek,Kulüp,Takım Sporu,Fransa,Yabancı,Yok,TV+ Yok,Yıllık,Sürekli Lig,Kadro,Bilgi,Takım,Jenerik,İngilizce,Head,Kadro,Çekirdek
lens canlı izle,Ligue 1,Futbol,Lig,1. Seviye,Çekirdek,Erkek,Kulüp,Takım Sporu,Fransa,Yabancı,Yok,TV+ Yok,Yıllık,Sürekli Lig,Canlı İzle,İzleme,Takım,Jenerik,Türkçe,Body,Canlı İzle,Çekirdek
lens transfer,Ligue 1,Futbol,Lig,1. Seviye,Çekirdek,Erkek,Kulüp,Takım Sporu,Fransa,Yabancı,Yok,TV+ Yok,Yıllık,Sürekli Lig,Transfer,Bilgi,Takım,Jenerik,İngilizce,Head,Transfer,Çekirdek
fenerbahçe beko,EuroLeague,Basketbol,Lig,Kıta Üstü,Çekirdek,Erkek,Kulüp,Takım Sporu,Avrupa,Yabancı,Yok,TV+ Var,Yıllık,Sürekli Lig,Takım Jenerik,Bilgi,Takım,Jenerik,Türkçe,Head,Takım Jenerik,Çekirdek
fenerbahçe beko maçları,EuroLeague,Basketbol,Lig,Kıta Üstü,Çekirdek,Erkek,Kulüp,Takım Sporu,Avrupa,Yabancı,Yok,TV+ Var,Yıllık,Sürekli Lig,Takım Maç Sorgusu,Bilgi,Takım,Jenerik,Türkçe,Body,Takım Maç Sorgusu,Çekirdek
fenerbahçe beko fikstür,EuroLeague,Basketbol,Lig,Kıta Üstü,Çekirdek,Erkek,Kulüp,Takım Sporu,Avrupa,Yabancı,Yok,TV+ Var,Yıllık,Sürekli Lig,Fikstür,Bilgi,Takım,Jenerik,Türkçe,Body,Fikstür,Çekirdek
fenerbahçe beko puan durumu,EuroLeague,Basketbol,Lig,Kıta Üstü,Çekirdek,Erkek,Kulüp,Takım Sporu,Avrupa,Yabancı,Yok,TV+ Var,Yıllık,Sürekli Lig,Puan Durumu,Bilgi,Takım,Jenerik,Türkçe,Body,Puan Durumu,Çekirdek
fenerbahçe beko kadrosu,EuroLeague,Basketbol,Lig,Kıta Üstü,Çekirdek,Erkek,Kulüp,Takım Sporu,Avrupa,Yabancı,Yok,TV+ Var,Yıllık,Sürekli Lig,Kadro,Bilgi,Takım,Jenerik,Türkçe,Body,Kadro,Çekirdek
fenerbahçe beko canlı izle,EuroLeague,Basketbol,Lig,Kıta Üstü,Çekirdek,Erkek,Kulüp,Takım Sporu,Avrupa,Yabancı,Yok,TV+ Var,Yıllık,Sürekli Lig,Canlı İzle,İzleme,Takım,Jenerik,Türkçe,Body,Canlı İzle,Çekirdek
fenerbahçe beko transfer,EuroLeague,Basketbol,Lig,Kıta Üstü,Çekirdek,Erkek,Kulüp,Takım Sporu,Avrupa,Yabancı,Yok,TV+ Var,Yıllık,Sürekli Lig,Transfer,Bilgi,Takım,Jenerik,Türkçe,Body,Transfer,Çekirdek
anadolu efes,EuroLeague,Basketbol,Lig,Kıta Üstü,Çekirdek,Erkek,Kulüp,Takım Sporu,Avrupa,Yabancı,Yok,TV+ Var,Yıllık,Sürekli Lig,Takım Jenerik,Bilgi,Takım,Jenerik,İngilizce,Head,Takım Jenerik,Çekirdek
anadolu efes maçları,EuroLeague,Basketbol,Lig,Kıta Üstü,Çekirdek,Erkek,Kulüp,Takım Sporu,Avrupa,Yabancı,Yok,TV+ Var,Yıllık,Sürekli Lig,Takım Maç Sorgusu,Bilgi,Takım,Jenerik,Türkçe,Body,Takım Maç Sorgusu,Çekirdek
anadolu efes fikstür,EuroLeague,Basketbol,Lig,Kıta Üstü,Çekirdek,Erkek,Kulüp,Takım Sporu,Avrupa,Yabancı,Yok,TV+ Var,Yıllık,Sürekli Lig,Fikstür,Bilgi,Takım,Jenerik,Türkçe,Body,Fikstür,Çekirdek
anadolu efes puan durumu,EuroLeague,Basketbol,Lig,Kıta Üstü,Çekirdek,Erkek,Kulüp,Takım Sporu,Avrupa,Yabancı,Yok,TV+ Var,Yıllık,Sürekli Lig,Puan Durumu,Bilgi,Takım,Jenerik,İngilizce,Body,Puan Durumu,Çekirdek
anadolu efes kadrosu,EuroLeague,Basketbol,Lig,Kıta Üstü,Çekirdek,Erkek,Kulüp,Takım Sporu,Avrupa,Yabancı,Yok,TV+ Var,Yıllık,Sürekli Lig,Kadro,Bilgi,Takım,Jenerik,İngilizce,Body,Kadro,Çekirdek
anadolu efes canlı izle,EuroLeague,Basketbol,Lig,Kıta Üstü,Çekirdek,Erkek,Kulüp,Takım Sporu,Avrupa,Yabancı,Yok,TV+ Var,Yıllık,Sürekli Lig,Canlı İzle,İzleme,Takım,Jenerik,Türkçe,Body,Canlı İzle,Çekirdek
anadolu efes transfer,EuroLeague,Basketbol,Lig,Kıta Üstü,Çekirdek,Erkek,Kulüp,Takım Sporu,Avrupa,Yabancı,Yok,TV+ Var,Yıllık,Sürekli Lig,Transfer,Bilgi,Takım,Jenerik,İngilizce,Body,Transfer,Çekirdek
beşiktaş basketbol,EuroLeague,Basketbol,Lig,Kıta Üstü,Çekirdek,Erkek,Kulüp,Takım Sporu,Avrupa,Yabancı,Yok,TV+ Var,Yıllık,Sürekli Lig,Takım Jenerik,Bilgi,Takım,Jenerik,Türkçe,Head,Takım Jenerik,Çekirdek
beşiktaş basketbol maçları,EuroLeague,Basketbol,Lig,Kıta Üstü,Çekirdek,Erkek,Kulüp,Takım Sporu,Avrupa,Yabancı,Yok,TV+ Var,Yıllık,Sürekli Lig,Takım Maç Sorgusu,Bilgi,Takım,Jenerik,Türkçe,Body,Takım Maç Sorgusu,Çekirdek
beşiktaş basketbol fikstür,EuroLeague,Basketbol,Lig,Kıta Üstü,Çekirdek,Erkek,Kulüp,Takım Sporu,Avrupa,Yabancı,Yok,TV+ Var,Yıllık,Sürekli Lig,Fikstür,Bilgi,Takım,Jenerik,Türkçe,Body,Fikstür,Çekirdek
beşiktaş basketbol puan durumu,EuroLeague,Basketbol,Lig,Kıta Üstü,Çekirdek,Erkek,Kulüp,Takım Sporu,Avrupa,Yabancı,Yok,TV+ Var,Yıllık,Sürekli Lig,Puan Durumu,Bilgi,Takım,Jenerik,Türkçe,Body,Puan Durumu,Çekirdek
beşiktaş basketbol kadrosu,EuroLeague,Basketbol,Lig,Kıta Üstü,Çekirdek,Erkek,Kulüp,Takım Sporu,Avrupa,Yabancı,Yok,TV+ Var,Yıllık,Sürekli Lig,Kadro,Bilgi,Takım,Jenerik,Türkçe,Body,Kadro,Çekirdek
beşiktaş basketbol canlı izle,EuroLeague,Basketbol,Lig,Kıta Üstü,Çekirdek,Erkek,Kulüp,Takım Sporu,Avrupa,Yabancı,Yok,TV+ Var,Yıllık,Sürekli Lig,Canlı İzle,İzleme,Takım,Jenerik,Türkçe,Body,Canlı İzle,Çekirdek
beşiktaş basketbol transfer,EuroLeague,Basketbol,Lig,Kıta Üstü,Çekirdek,Erkek,Kulüp,Takım Sporu,Avrupa,Yabancı,Yok,TV+ Var,Yıllık,Sürekli Lig,Transfer,Bilgi,Takım,Jenerik,Türkçe,Body,Transfer,Çekirdek
real madrid basketbol,EuroLeague,Basketbol,Lig,Kıta Üstü,Çekirdek,Erkek,Kulüp,Takım Sporu,Avrupa,Yabancı,Yok,TV+ Var,Yıllık,Sürekli Lig,Takım Jenerik,Bilgi,Takım,Jenerik,İngilizce,Body,Takım Jenerik,Çekirdek
real madrid basketbol maçları,EuroLeague,Basketbol,Lig,Kıta Üstü,Çekirdek,Erkek,Kulüp,Takım Sporu,Avrupa,Yabancı,Yok,TV+ Var,Yıllık,Sürekli Lig,Takım Maç Sorgusu,Bilgi,Takım,Jenerik,Türkçe,Body,Takım Maç Sorgusu,Çekirdek
real madrid basketbol fikstür,EuroLeague,Basketbol,Lig,Kıta Üstü,Çekirdek,Erkek,Kulüp,Takım Sporu,Avrupa,Yabancı,Yok,TV+ Var,Yıllık,Sürekli Lig,Fikstür,Bilgi,Takım,Jenerik,Türkçe,Body,Fikstür,Çekirdek
real madrid basketbol puan durumu,EuroLeague,Basketbol,Lig,Kıta Üstü,Çekirdek,Erkek,Kulüp,Takım Sporu,Avrupa,Yabancı,Yok,TV+ Var,Yıllık,Sürekli Lig,Puan Durumu,Bilgi,Takım,Jenerik,İngilizce,Long-tail,Puan Durumu,Çekirdek
real madrid basketbol kadrosu,EuroLeague,Basketbol,Lig,Kıta Üstü,Çekirdek,Erkek,Kulüp,Takım Sporu,Avrupa,Yabancı,Yok,TV+ Var,Yıllık,Sürekli Lig,Kadro,Bilgi,Takım,Jenerik,İngilizce,Body,Kadro,Çekirdek
real madrid basketbol canlı izle,EuroLeague,Basketbol,Lig,Kıta Üstü,Çekirdek,Erkek,Kulüp,Takım Sporu,Avrupa,Yabancı,Yok,TV+ Var,Yıllık,Sürekli Lig,Canlı İzle,İzleme,Takım,Jenerik,Türkçe,Long-tail,Canlı İzle,Çekirdek
real madrid basketbol transfer,EuroLeague,Basketbol,Lig,Kıta Üstü,Çekirdek,Erkek,Kulüp,Takım Sporu,Avrupa,Yabancı,Yok,TV+ Var,Yıllık,Sürekli Lig,Transfer,Bilgi,Takım,Jenerik,İngilizce,Body,Transfer,Çekirdek
barcelona basketbol,EuroLeague,Basketbol,Lig,Kıta Üstü,Çekirdek,Erkek,Kulüp,Takım Sporu,Avrupa,Yabancı,Yok,TV+ Var,Yıllık,Sürekli Lig,Takım Jenerik,Bilgi,Takım,Jenerik,İngilizce,Head,Takım Jenerik,Çekirdek
barcelona basketbol maçları,EuroLeague,Basketbol,Lig,Kıta Üstü,Çekirdek,Erkek,Kulüp,Takım Sporu,Avrupa,Yabancı,Yok,TV+ Var,Yıllık,Sürekli Lig,Takım Maç Sorgusu,Bilgi,Takım,Jenerik,Türkçe,Body,Takım Maç Sorgusu,Çekirdek
barcelona basketbol fikstür,EuroLeague,Basketbol,Lig,Kıta Üstü,Çekirdek,Erkek,Kulüp,Takım Sporu,Avrupa,Yabancı,Yok,TV+ Var,Yıllık,Sürekli Lig,Fikstür,Bilgi,Takım,Jenerik,Türkçe,Body,Fikstür,Çekirdek
barcelona basketbol puan durumu,EuroLeague,Basketbol,Lig,Kıta Üstü,Çekirdek,Erkek,Kulüp,Takım Sporu,Avrupa,Yabancı,Yok,TV+ Var,Yıllık,Sürekli Lig,Puan Durumu,Bilgi,Takım,Jenerik,İngilizce,Body,Puan Durumu,Çekirdek
barcelona basketbol kadrosu,EuroLeague,Basketbol,Lig,Kıta Üstü,Çekirdek,Erkek,Kulüp,Takım Sporu,Avrupa,Yabancı,Yok,TV+ Var,Yıllık,Sürekli Lig,Kadro,Bilgi,Takım,Jenerik,İngilizce,Body,Kadro,Çekirdek
barcelona basketbol canlı izle,EuroLeague,Basketbol,Lig,Kıta Üstü,Çekirdek,Erkek,Kulüp,Takım Sporu,Avrupa,Yabancı,Yok,TV+ Var,Yıllık,Sürekli Lig,Canlı İzle,İzleme,Takım,Jenerik,Türkçe,Body,Canlı İzle,Çekirdek
barcelona basketbol transfer,EuroLeague,Basketbol,Lig,Kıta Üstü,Çekirdek,Erkek,Kulüp,Takım Sporu,Avrupa,Yabancı,Yok,TV+ Var,Yıllık,Sürekli Lig,Transfer,Bilgi,Takım,Jenerik,İngilizce,Body,Transfer,Çekirdek
panathinaikos,EuroLeague,Basketbol,Lig,Kıta Üstü,Çekirdek,Erkek,Kulüp,Takım Sporu,Avrupa,Yabancı,Yok,TV+ Var,Yıllık,Sürekli Lig,Takım Jenerik,Bilgi,Takım,Jenerik,İngilizce,Head,Takım Jenerik,Çekirdek
panathinaikos maçları,EuroLeague,Basketbol,Lig,Kıta Üstü,Çekirdek,Erkek,Kulüp,Takım Sporu,Avrupa,Yabancı,Yok,TV+ Var,Yıllık,Sürekli Lig,Takım Maç Sorgusu,Bilgi,Takım,Jenerik,Türkçe,Head,Takım Maç Sorgusu,Çekirdek
panathinaikos fikstür,EuroLeague,Basketbol,Lig,Kıta Üstü,Çekirdek,Erkek,Kulüp,Takım Sporu,Avrupa,Yabancı,Yok,TV+ Var,Yıllık,Sürekli Lig,Fikstür,Bilgi,Takım,Jenerik,Türkçe,Head,Fikstür,Çekirdek
panathinaikos puan durumu,EuroLeague,Basketbol,Lig,Kıta Üstü,Çekirdek,Erkek,Kulüp,Takım Sporu,Avrupa,Yabancı,Yok,TV+ Var,Yıllık,Sürekli Lig,Puan Durumu,Bilgi,Takım,Jenerik,İngilizce,Body,Puan Durumu,Çekirdek
panathinaikos kadrosu,EuroLeague,Basketbol,Lig,Kıta Üstü,Çekirdek,Erkek,Kulüp,Takım Sporu,Avrupa,Yabancı,Yok,TV+ Var,Yıllık,Sürekli Lig,Kadro,Bilgi,Takım,Jenerik,İngilizce,Head,Kadro,Çekirdek
panathinaikos canlı izle,EuroLeague,Basketbol,Lig,Kıta Üstü,Çekirdek,Erkek,Kulüp,Takım Sporu,Avrupa,Yabancı,Yok,TV+ Var,Yıllık,Sürekli Lig,Canlı İzle,İzleme,Takım,Jenerik,Türkçe,Body,Canlı İzle,Çekirdek
panathinaikos transfer,EuroLeague,Basketbol,Lig,Kıta Üstü,Çekirdek,Erkek,Kulüp,Takım Sporu,Avrupa,Yabancı,Yok,TV+ Var,Yıllık,Sürekli Lig,Transfer,Bilgi,Takım,Jenerik,İngilizce,Head,Transfer,Çekirdek
olympiakos,EuroLeague,Basketbol,Lig,Kıta Üstü,Çekirdek,Erkek,Kulüp,Takım Sporu,Avrupa,Yabancı,Yok,TV+ Var,Yıllık,Sürekli Lig,Takım Jenerik,Bilgi,Takım,Jenerik,İngilizce,Head,Takım Jenerik,Çekirdek
olympiakos maçları,EuroLeague,Basketbol,Lig,Kıta Üstü,Çekirdek,Erkek,Kulüp,Takım Sporu,Avrupa,Yabancı,Yok,TV+ Var,Yıllık,Sürekli Lig,Takım Maç Sorgusu,Bilgi,Takım,Jenerik,Türkçe,Head,Takım Maç Sorgusu,Çekirdek
olympiakos fikstür,EuroLeague,Basketbol,Lig,Kıta Üstü,Çekirdek,Erkek,Kulüp,Takım Sporu,Avrupa,Yabancı,Yok,TV+ Var,Yıllık,Sürekli Lig,Fikstür,Bilgi,Takım,Jenerik,Türkçe,Head,Fikstür,Çekirdek
olympiakos puan durumu,EuroLeague,Basketbol,Lig,Kıta Üstü,Çekirdek,Erkek,Kulüp,Takım Sporu,Avrupa,Yabancı,Yok,TV+ Var,Yıllık,Sürekli Lig,Puan Durumu,Bilgi,Takım,Jenerik,İngilizce,Body,Puan Durumu,Çekirdek
olympiakos kadrosu,EuroLeague,Basketbol,Lig,Kıta Üstü,Çekirdek,Erkek,Kulüp,Takım Sporu,Avrupa,Yabancı,Yok,TV+ Var,Yıllık,Sürekli Lig,Kadro,Bilgi,Takım,Jenerik,İngilizce,Head,Kadro,Çekirdek
olympiakos canlı izle,EuroLeague,Basketbol,Lig,Kıta Üstü,Çekirdek,Erkek,Kulüp,Takım Sporu,Avrupa,Yabancı,Yok,TV+ Var,Yıllık,Sürekli Lig,Canlı İzle,İzleme,Takım,Jenerik,Türkçe,Body,Canlı İzle,Çekirdek
olympiakos transfer,EuroLeague,Basketbol,Lig,Kıta Üstü,Çekirdek,Erkek,Kulüp,Takım Sporu,Avrupa,Yabancı,Yok,TV+ Var,Yıllık,Sürekli Lig,Transfer,Bilgi,Takım,Jenerik,İngilizce,Head,Transfer,Çekirdek
maccabi tel aviv,EuroLeague,Basketbol,Lig,Kıta Üstü,Çekirdek,Erkek,Kulüp,Takım Sporu,Avrupa,Yabancı,Yok,TV+ Var,Yıllık,Sürekli Lig,Takım Jenerik,Bilgi,Takım,Jenerik,İngilizce,Body,Takım Jenerik,Çekirdek
maccabi tel aviv maçları,EuroLeague,Basketbol,Lig,Kıta Üstü,Çekirdek,Erkek,Kulüp,Takım Sporu,Avrupa,Yabancı,Yok,TV+ Var,Yıllık,Sürekli Lig,Takım Maç Sorgusu,Bilgi,Takım,Jenerik,Türkçe,Body,Takım Maç Sorgusu,Çekirdek
maccabi tel aviv fikstür,EuroLeague,Basketbol,Lig,Kıta Üstü,Çekirdek,Erkek,Kulüp,Takım Sporu,Avrupa,Yabancı,Yok,TV+ Var,Yıllık,Sürekli Lig,Fikstür,Bilgi,Takım,Jenerik,Türkçe,Body,Fikstür,Çekirdek
maccabi tel aviv puan durumu,EuroLeague,Basketbol,Lig,Kıta Üstü,Çekirdek,Erkek,Kulüp,Takım Sporu,Avrupa,Yabancı,Yok,TV+ Var,Yıllık,Sürekli Lig,Puan Durumu,Bilgi,Takım,Jenerik,İngilizce,Long-tail,Puan Durumu,Çekirdek
maccabi tel aviv kadrosu,EuroLeague,Basketbol,Lig,Kıta Üstü,Çekirdek,Erkek,Kulüp,Takım Sporu,Avrupa,Yabancı,Yok,TV+ Var,Yıllık,Sürekli Lig,Kadro,Bilgi,Takım,Jenerik,İngilizce,Body,Kadro,Çekirdek
maccabi tel aviv canlı izle,EuroLeague,Basketbol,Lig,Kıta Üstü,Çekirdek,Erkek,Kulüp,Takım Sporu,Avrupa,Yabancı,Yok,TV+ Var,Yıllık,Sürekli Lig,Canlı İzle,İzleme,Takım,Jenerik,Türkçe,Long-tail,Canlı İzle,Çekirdek
maccabi tel aviv transfer,EuroLeague,Basketbol,Lig,Kıta Üstü,Çekirdek,Erkek,Kulüp,Takım Sporu,Avrupa,Yabancı,Yok,TV+ Var,Yıllık,Sürekli Lig,Transfer,Bilgi,Takım,Jenerik,İngilizce,Body,Transfer,Çekirdek
zalgiris,EuroLeague,Basketbol,Lig,Kıta Üstü,Çekirdek,Erkek,Kulüp,Takım Sporu,Avrupa,Yabancı,Yok,TV+ Var,Yıllık,Sürekli Lig,Takım Jenerik,Bilgi,Takım,Jenerik,İngilizce,Head,Takım Jenerik,Çekirdek
zalgiris maçları,EuroLeague,Basketbol,Lig,Kıta Üstü,Çekirdek,Erkek,Kulüp,Takım Sporu,Avrupa,Yabancı,Yok,TV+ Var,Yıllık,Sürekli Lig,Takım Maç Sorgusu,Bilgi,Takım,Jenerik,Türkçe,Head,Takım Maç Sorgusu,Çekirdek
zalgiris fikstür,EuroLeague,Basketbol,Lig,Kıta Üstü,Çekirdek,Erkek,Kulüp,Takım Sporu,Avrupa,Yabancı,Yok,TV+ Var,Yıllık,Sürekli Lig,Fikstür,Bilgi,Takım,Jenerik,Türkçe,Head,Fikstür,Çekirdek
zalgiris puan durumu,EuroLeague,Basketbol,Lig,Kıta Üstü,Çekirdek,Erkek,Kulüp,Takım Sporu,Avrupa,Yabancı,Yok,TV+ Var,Yıllık,Sürekli Lig,Puan Durumu,Bilgi,Takım,Jenerik,İngilizce,Body,Puan Durumu,Çekirdek
zalgiris kadrosu,EuroLeague,Basketbol,Lig,Kıta Üstü,Çekirdek,Erkek,Kulüp,Takım Sporu,Avrupa,Yabancı,Yok,TV+ Var,Yıllık,Sürekli Lig,Kadro,Bilgi,Takım,Jenerik,İngilizce,Head,Kadro,Çekirdek
zalgiris canlı izle,EuroLeague,Basketbol,Lig,Kıta Üstü,Çekirdek,Erkek,Kulüp,Takım Sporu,Avrupa,Yabancı,Yok,TV+ Var,Yıllık,Sürekli Lig,Canlı İzle,İzleme,Takım,Jenerik,Türkçe,Body,Canlı İzle,Çekirdek
zalgiris transfer,EuroLeague,Basketbol,Lig,Kıta Üstü,Çekirdek,Erkek,Kulüp,Takım Sporu,Avrupa,Yabancı,Yok,TV+ Var,Yıllık,Sürekli Lig,Transfer,Bilgi,Takım,Jenerik,İngilizce,Head,Transfer,Çekirdek
partizan,EuroLeague,Basketbol,Lig,Kıta Üstü,Çekirdek,Erkek,Kulüp,Takım Sporu,Avrupa,Yabancı,Yok,TV+ Var,Yıllık,Sürekli Lig,Takım Jenerik,Bilgi,Takım,Jenerik,İngilizce,Head,Takım Jenerik,Çekirdek
partizan maçları,EuroLeague,Basketbol,Lig,Kıta Üstü,Çekirdek,Erkek,Kulüp,Takım Sporu,Avrupa,Yabancı,Yok,TV+ Var,Yıllık,Sürekli Lig,Takım Maç Sorgusu,Bilgi,Takım,Jenerik,Türkçe,Head,Takım Maç Sorgusu,Çekirdek
partizan fikstür,EuroLeague,Basketbol,Lig,Kıta Üstü,Çekirdek,Erkek,Kulüp,Takım Sporu,Avrupa,Yabancı,Yok,TV+ Var,Yıllık,Sürekli Lig,Fikstür,Bilgi,Takım,Jenerik,Türkçe,Head,Fikstür,Çekirdek
partizan puan durumu,EuroLeague,Basketbol,Lig,Kıta Üstü,Çekirdek,Erkek,Kulüp,Takım Sporu,Avrupa,Yabancı,Yok,TV+ Var,Yıllık,Sürekli Lig,Puan Durumu,Bilgi,Takım,Jenerik,İngilizce,Body,Puan Durumu,Çekirdek
partizan kadrosu,EuroLeague,Basketbol,Lig,Kıta Üstü,Çekirdek,Erkek,Kulüp,Takım Sporu,Avrupa,Yabancı,Yok,TV+ Var,Yıllık,Sürekli Lig,Kadro,Bilgi,Takım,Jenerik,İngilizce,Head,Kadro,Çekirdek
partizan canlı izle,EuroLeague,Basketbol,Lig,Kıta Üstü,Çekirdek,Erkek,Kulüp,Takım Sporu,Avrupa,Yabancı,Yok,TV+ Var,Yıllık,Sürekli Lig,Canlı İzle,İzleme,Takım,Jenerik,Türkçe,Body,Canlı İzle,Çekirdek
partizan transfer,EuroLeague,Basketbol,Lig,Kıta Üstü,Çekirdek,Erkek,Kulüp,Takım Sporu,Avrupa,Yabancı,Yok,TV+ Var,Yıllık,Sürekli Lig,Transfer,Bilgi,Takım,Jenerik,İngilizce,Head,Transfer,Çekirdek
crvena zvezda,EuroLeague,Basketbol,Lig,Kıta Üstü,Çekirdek,Erkek,Kulüp,Takım Sporu,Avrupa,Yabancı,Yok,TV+ Var,Yıllık,Sürekli Lig,Takım Jenerik,Bilgi,Takım,Jenerik,İngilizce,Head,Takım Jenerik,Çekirdek
crvena zvezda maçları,EuroLeague,Basketbol,Lig,Kıta Üstü,Çekirdek,Erkek,Kulüp,Takım Sporu,Avrupa,Yabancı,Yok,TV+ Var,Yıllık,Sürekli Lig,Takım Maç Sorgusu,Bilgi,Takım,Jenerik,Türkçe,Body,Takım Maç Sorgusu,Çekirdek
crvena zvezda fikstür,EuroLeague,Basketbol,Lig,Kıta Üstü,Çekirdek,Erkek,Kulüp,Takım Sporu,Avrupa,Yabancı,Yok,TV+ Var,Yıllık,Sürekli Lig,Fikstür,Bilgi,Takım,Jenerik,Türkçe,Body,Fikstür,Çekirdek
crvena zvezda puan durumu,EuroLeague,Basketbol,Lig,Kıta Üstü,Çekirdek,Erkek,Kulüp,Takım Sporu,Avrupa,Yabancı,Yok,TV+ Var,Yıllık,Sürekli Lig,Puan Durumu,Bilgi,Takım,Jenerik,İngilizce,Body,Puan Durumu,Çekirdek
crvena zvezda kadrosu,EuroLeague,Basketbol,Lig,Kıta Üstü,Çekirdek,Erkek,Kulüp,Takım Sporu,Avrupa,Yabancı,Yok,TV+ Var,Yıllık,Sürekli Lig,Kadro,Bilgi,Takım,Jenerik,İngilizce,Body,Kadro,Çekirdek
crvena zvezda canlı izle,EuroLeague,Basketbol,Lig,Kıta Üstü,Çekirdek,Erkek,Kulüp,Takım Sporu,Avrupa,Yabancı,Yok,TV+ Var,Yıllık,Sürekli Lig,Canlı İzle,İzleme,Takım,Jenerik,Türkçe,Body,Canlı İzle,Çekirdek
crvena zvezda transfer,EuroLeague,Basketbol,Lig,Kıta Üstü,Çekirdek,Erkek,Kulüp,Takım Sporu,Avrupa,Yabancı,Yok,TV+ Var,Yıllık,Sürekli Lig,Transfer,Bilgi,Takım,Jenerik,İngilizce,Body,Transfer,Çekirdek
virtus bologna,EuroLeague,Basketbol,Lig,Kıta Üstü,Çekirdek,Erkek,Kulüp,Takım Sporu,Avrupa,Yabancı,Yok,TV+ Var,Yıllık,Sürekli Lig,Takım Jenerik,Bilgi,Takım,Jenerik,İngilizce,Head,Takım Jenerik,Çekirdek
virtus bologna maçları,EuroLeague,Basketbol,Lig,Kıta Üstü,Çekirdek,Erkek,Kulüp,Takım Sporu,Avrupa,Yabancı,Yok,TV+ Var,Yıllık,Sürekli Lig,Takım Maç Sorgusu,Bilgi,Takım,Jenerik,Türkçe,Body,Takım Maç Sorgusu,Çekirdek
virtus bologna fikstür,EuroLeague,Basketbol,Lig,Kıta Üstü,Çekirdek,Erkek,Kulüp,Takım Sporu,Avrupa,Yabancı,Yok,TV+ Var,Yıllık,Sürekli Lig,Fikstür,Bilgi,Takım,Jenerik,Türkçe,Body,Fikstür,Çekirdek
virtus bologna puan durumu,EuroLeague,Basketbol,Lig,Kıta Üstü,Çekirdek,Erkek,Kulüp,Takım Sporu,Avrupa,Yabancı,Yok,TV+ Var,Yıllık,Sürekli Lig,Puan Durumu,Bilgi,Takım,Jenerik,İngilizce,Body,Puan Durumu,Çekirdek
virtus bologna kadrosu,EuroLeague,Basketbol,Lig,Kıta Üstü,Çekirdek,Erkek,Kulüp,Takım Sporu,Avrupa,Yabancı,Yok,TV+ Var,Yıllık,Sürekli Lig,Kadro,Bilgi,Takım,Jenerik,İngilizce,Body,Kadro,Çekirdek
virtus bologna canlı izle,EuroLeague,Basketbol,Lig,Kıta Üstü,Çekirdek,Erkek,Kulüp,Takım Sporu,Avrupa,Yabancı,Yok,TV+ Var,Yıllık,Sürekli Lig,Canlı İzle,İzleme,Takım,Jenerik,Türkçe,Body,Canlı İzle,Çekirdek
virtus bologna transfer,EuroLeague,Basketbol,Lig,Kıta Üstü,Çekirdek,Erkek,Kulüp,Takım Sporu,Avrupa,Yabancı,Yok,TV+ Var,Yıllık,Sürekli Lig,Transfer,Bilgi,Takım,Jenerik,İngilizce,Body,Transfer,Çekirdek
olimpia milano,EuroLeague,Basketbol,Lig,Kıta Üstü,Çekirdek,Erkek,Kulüp,Takım Sporu,Avrupa,Yabancı,Yok,TV+ Var,Yıllık,Sürekli Lig,Takım Jenerik,Bilgi,Takım,Jenerik,İngilizce,Head,Takım Jenerik,Çekirdek
olimpia milano maçları,EuroLeague,Basketbol,Lig,Kıta Üstü,Çekirdek,Erkek,Kulüp,Takım Sporu,Avrupa,Yabancı,Yok,TV+ Var,Yıllık,Sürekli Lig,Takım Maç Sorgusu,Bilgi,Takım,Jenerik,Türkçe,Body,Takım Maç Sorgusu,Çekirdek
olimpia milano fikstür,EuroLeague,Basketbol,Lig,Kıta Üstü,Çekirdek,Erkek,Kulüp,Takım Sporu,Avrupa,Yabancı,Yok,TV+ Var,Yıllık,Sürekli Lig,Fikstür,Bilgi,Takım,Jenerik,Türkçe,Body,Fikstür,Çekirdek
olimpia milano puan durumu,EuroLeague,Basketbol,Lig,Kıta Üstü,Çekirdek,Erkek,Kulüp,Takım Sporu,Avrupa,Yabancı,Yok,TV+ Var,Yıllık,Sürekli Lig,Puan Durumu,Bilgi,Takım,Jenerik,İngilizce,Body,Puan Durumu,Çekirdek
olimpia milano kadrosu,EuroLeague,Basketbol,Lig,Kıta Üstü,Çekirdek,Erkek,Kulüp,Takım Sporu,Avrupa,Yabancı,Yok,TV+ Var,Yıllık,Sürekli Lig,Kadro,Bilgi,Takım,Jenerik,İngilizce,Body,Kadro,Çekirdek
olimpia milano canlı izle,EuroLeague,Basketbol,Lig,Kıta Üstü,Çekirdek,Erkek,Kulüp,Takım Sporu,Avrupa,Yabancı,Yok,TV+ Var,Yıllık,Sürekli Lig,Canlı İzle,İzleme,Takım,Jenerik,Türkçe,Body,Canlı İzle,Çekirdek
olimpia milano transfer,EuroLeague,Basketbol,Lig,Kıta Üstü,Çekirdek,Erkek,Kulüp,Takım Sporu,Avrupa,Yabancı,Yok,TV+ Var,Yıllık,Sürekli Lig,Transfer,Bilgi,Takım,Jenerik,İngilizce,Body,Transfer,Çekirdek
asvel,EuroLeague,Basketbol,Lig,Kıta Üstü,Çekirdek,Erkek,Kulüp,Takım Sporu,Avrupa,Yabancı,Yok,TV+ Var,Yıllık,Sürekli Lig,Takım Jenerik,Bilgi,Takım,Jenerik,İngilizce,Head,Takım Jenerik,Çekirdek
asvel maçları,EuroLeague,Basketbol,Lig,Kıta Üstü,Çekirdek,Erkek,Kulüp,Takım Sporu,Avrupa,Yabancı,Yok,TV+ Var,Yıllık,Sürekli Lig,Takım Maç Sorgusu,Bilgi,Takım,Jenerik,Türkçe,Head,Takım Maç Sorgusu,Çekirdek
asvel fikstür,EuroLeague,Basketbol,Lig,Kıta Üstü,Çekirdek,Erkek,Kulüp,Takım Sporu,Avrupa,Yabancı,Yok,TV+ Var,Yıllık,Sürekli Lig,Fikstür,Bilgi,Takım,Jenerik,Türkçe,Head,Fikstür,Çekirdek
asvel puan durumu,EuroLeague,Basketbol,Lig,Kıta Üstü,Çekirdek,Erkek,Kulüp,Takım Sporu,Avrupa,Yabancı,Yok,TV+ Var,Yıllık,Sürekli Lig,Puan Durumu,Bilgi,Takım,Jenerik,İngilizce,Body,Puan Durumu,Çekirdek
asvel kadrosu,EuroLeague,Basketbol,Lig,Kıta Üstü,Çekirdek,Erkek,Kulüp,Takım Sporu,Avrupa,Yabancı,Yok,TV+ Var,Yıllık,Sürekli Lig,Kadro,Bilgi,Takım,Jenerik,İngilizce,Head,Kadro,Çekirdek
asvel canlı izle,EuroLeague,Basketbol,Lig,Kıta Üstü,Çekirdek,Erkek,Kulüp,Takım Sporu,Avrupa,Yabancı,Yok,TV+ Var,Yıllık,Sürekli Lig,Canlı İzle,İzleme,Takım,Jenerik,Türkçe,Body,Canlı İzle,Çekirdek
asvel transfer,EuroLeague,Basketbol,Lig,Kıta Üstü,Çekirdek,Erkek,Kulüp,Takım Sporu,Avrupa,Yabancı,Yok,TV+ Var,Yıllık,Sürekli Lig,Transfer,Bilgi,Takım,Jenerik,İngilizce,Head,Transfer,Çekirdek
baskonia,EuroLeague,Basketbol,Lig,Kıta Üstü,Çekirdek,Erkek,Kulüp,Takım Sporu,Avrupa,Yabancı,Yok,TV+ Var,Yıllık,Sürekli Lig,Takım Jenerik,Bilgi,Takım,Jenerik,İngilizce,Head,Takım Jenerik,Çekirdek
baskonia maçları,EuroLeague,Basketbol,Lig,Kıta Üstü,Çekirdek,Erkek,Kulüp,Takım Sporu,Avrupa,Yabancı,Yok,TV+ Var,Yıllık,Sürekli Lig,Takım Maç Sorgusu,Bilgi,Takım,Jenerik,Türkçe,Head,Takım Maç Sorgusu,Çekirdek
baskonia fikstür,EuroLeague,Basketbol,Lig,Kıta Üstü,Çekirdek,Erkek,Kulüp,Takım Sporu,Avrupa,Yabancı,Yok,TV+ Var,Yıllık,Sürekli Lig,Fikstür,Bilgi,Takım,Jenerik,Türkçe,Head,Fikstür,Çekirdek
baskonia puan durumu,EuroLeague,Basketbol,Lig,Kıta Üstü,Çekirdek,Erkek,Kulüp,Takım Sporu,Avrupa,Yabancı,Yok,TV+ Var,Yıllık,Sürekli Lig,Puan Durumu,Bilgi,Takım,Jenerik,İngilizce,Body,Puan Durumu,Çekirdek
baskonia kadrosu,EuroLeague,Basketbol,Lig,Kıta Üstü,Çekirdek,Erkek,Kulüp,Takım Sporu,Avrupa,Yabancı,Yok,TV+ Var,Yıllık,Sürekli Lig,Kadro,Bilgi,Takım,Jenerik,İngilizce,Head,Kadro,Çekirdek
baskonia canlı izle,EuroLeague,Basketbol,Lig,Kıta Üstü,Çekirdek,Erkek,Kulüp,Takım Sporu,Avrupa,Yabancı,Yok,TV+ Var,Yıllık,Sürekli Lig,Canlı İzle,İzleme,Takım,Jenerik,Türkçe,Body,Canlı İzle,Çekirdek
baskonia transfer,EuroLeague,Basketbol,Lig,Kıta Üstü,Çekirdek,Erkek,Kulüp,Takım Sporu,Avrupa,Yabancı,Yok,TV+ Var,Yıllık,Sürekli Lig,Transfer,Bilgi,Takım,Jenerik,İngilizce,Head,Transfer,Çekirdek
bayern münih basketbol,EuroLeague,Basketbol,Lig,Kıta Üstü,Çekirdek,Erkek,Kulüp,Takım Sporu,Avrupa,Yabancı,Yok,TV+ Var,Yıllık,Sürekli Lig,Takım Jenerik,Bilgi,Takım,Jenerik,Türkçe,Body,Takım Jenerik,Çekirdek
bayern münih basketbol maçları,EuroLeague,Basketbol,Lig,Kıta Üstü,Çekirdek,Erkek,Kulüp,Takım Sporu,Avrupa,Yabancı,Yok,TV+ Var,Yıllık,Sürekli Lig,Takım Maç Sorgusu,Bilgi,Takım,Jenerik,Türkçe,Body,Takım Maç Sorgusu,Çekirdek
bayern münih basketbol fikstür,EuroLeague,Basketbol,Lig,Kıta Üstü,Çekirdek,Erkek,Kulüp,Takım Sporu,Avrupa,Yabancı,Yok,TV+ Var,Yıllık,Sürekli Lig,Fikstür,Bilgi,Takım,Jenerik,Türkçe,Body,Fikstür,Çekirdek
bayern münih basketbol puan durumu,EuroLeague,Basketbol,Lig,Kıta Üstü,Çekirdek,Erkek,Kulüp,Takım Sporu,Avrupa,Yabancı,Yok,TV+ Var,Yıllık,Sürekli Lig,Puan Durumu,Bilgi,Takım,Jenerik,Türkçe,Long-tail,Puan Durumu,Çekirdek
bayern münih basketbol kadrosu,EuroLeague,Basketbol,Lig,Kıta Üstü,Çekirdek,Erkek,Kulüp,Takım Sporu,Avrupa,Yabancı,Yok,TV+ Var,Yıllık,Sürekli Lig,Kadro,Bilgi,Takım,Jenerik,Türkçe,Body,Kadro,Çekirdek
bayern münih basketbol canlı izle,EuroLeague,Basketbol,Lig,Kıta Üstü,Çekirdek,Erkek,Kulüp,Takım Sporu,Avrupa,Yabancı,Yok,TV+ Var,Yıllık,Sürekli Lig,Canlı İzle,İzleme,Takım,Jenerik,Türkçe,Long-tail,Canlı İzle,Çekirdek
bayern münih basketbol transfer,EuroLeague,Basketbol,Lig,Kıta Üstü,Çekirdek,Erkek,Kulüp,Takım Sporu,Avrupa,Yabancı,Yok,TV+ Var,Yıllık,Sürekli Lig,Transfer,Bilgi,Takım,Jenerik,Türkçe,Body,Transfer,Çekirdek
paris basketball,EuroLeague,Basketbol,Lig,Kıta Üstü,Çekirdek,Erkek,Kulüp,Takım Sporu,Avrupa,Yabancı,Yok,TV+ Var,Yıllık,Sürekli Lig,Takım Jenerik,Bilgi,Takım,Jenerik,İngilizce,Head,Takım Jenerik,Çekirdek
paris basketball maçları,EuroLeague,Basketbol,Lig,Kıta Üstü,Çekirdek,Erkek,Kulüp,Takım Sporu,Avrupa,Yabancı,Yok,TV+ Var,Yıllık,Sürekli Lig,Takım Maç Sorgusu,Bilgi,Takım,Jenerik,Türkçe,Body,Takım Maç Sorgusu,Çekirdek
paris basketball fikstür,EuroLeague,Basketbol,Lig,Kıta Üstü,Çekirdek,Erkek,Kulüp,Takım Sporu,Avrupa,Yabancı,Yok,TV+ Var,Yıllık,Sürekli Lig,Fikstür,Bilgi,Takım,Jenerik,Türkçe,Body,Fikstür,Çekirdek
paris basketball puan durumu,EuroLeague,Basketbol,Lig,Kıta Üstü,Çekirdek,Erkek,Kulüp,Takım Sporu,Avrupa,Yabancı,Yok,TV+ Var,Yıllık,Sürekli Lig,Puan Durumu,Bilgi,Takım,Jenerik,İngilizce,Body,Puan Durumu,Çekirdek
paris basketball kadrosu,EuroLeague,Basketbol,Lig,Kıta Üstü,Çekirdek,Erkek,Kulüp,Takım Sporu,Avrupa,Yabancı,Yok,TV+ Var,Yıllık,Sürekli Lig,Kadro,Bilgi,Takım,Jenerik,İngilizce,Body,Kadro,Çekirdek
paris basketball canlı izle,EuroLeague,Basketbol,Lig,Kıta Üstü,Çekirdek,Erkek,Kulüp,Takım Sporu,Avrupa,Yabancı,Yok,TV+ Var,Yıllık,Sürekli Lig,Canlı İzle,İzleme,Takım,Jenerik,Türkçe,Body,Canlı İzle,Çekirdek
paris basketball transfer,EuroLeague,Basketbol,Lig,Kıta Üstü,Çekirdek,Erkek,Kulüp,Takım Sporu,Avrupa,Yabancı,Yok,TV+ Var,Yıllık,Sürekli Lig,Transfer,Bilgi,Takım,Jenerik,İngilizce,Body,Transfer,Çekirdek
hapoel tel aviv,EuroLeague,Basketbol,Lig,Kıta Üstü,Çekirdek,Erkek,Kulüp,Takım Sporu,Avrupa,Yabancı,Yok,TV+ Var,Yıllık,Sürekli Lig,Takım Jenerik,Bilgi,Takım,Jenerik,İngilizce,Body,Takım Jenerik,Çekirdek
hapoel tel aviv maçları,EuroLeague,Basketbol,Lig,Kıta Üstü,Çekirdek,Erkek,Kulüp,Takım Sporu,Avrupa,Yabancı,Yok,TV+ Var,Yıllık,Sürekli Lig,Takım Maç Sorgusu,Bilgi,Takım,Jenerik,Türkçe,Body,Takım Maç Sorgusu,Çekirdek
hapoel tel aviv fikstür,EuroLeague,Basketbol,Lig,Kıta Üstü,Çekirdek,Erkek,Kulüp,Takım Sporu,Avrupa,Yabancı,Yok,TV+ Var,Yıllık,Sürekli Lig,Fikstür,Bilgi,Takım,Jenerik,Türkçe,Body,Fikstür,Çekirdek
hapoel tel aviv puan durumu,EuroLeague,Basketbol,Lig,Kıta Üstü,Çekirdek,Erkek,Kulüp,Takım Sporu,Avrupa,Yabancı,Yok,TV+ Var,Yıllık,Sürekli Lig,Puan Durumu,Bilgi,Takım,Jenerik,İngilizce,Long-tail,Puan Durumu,Çekirdek
hapoel tel aviv kadrosu,EuroLeague,Basketbol,Lig,Kıta Üstü,Çekirdek,Erkek,Kulüp,Takım Sporu,Avrupa,Yabancı,Yok,TV+ Var,Yıllık,Sürekli Lig,Kadro,Bilgi,Takım,Jenerik,İngilizce,Body,Kadro,Çekirdek
hapoel tel aviv canlı izle,EuroLeague,Basketbol,Lig,Kıta Üstü,Çekirdek,Erkek,Kulüp,Takım Sporu,Avrupa,Yabancı,Yok,TV+ Var,Yıllık,Sürekli Lig,Canlı İzle,İzleme,Takım,Jenerik,Türkçe,Long-tail,Canlı İzle,Çekirdek
hapoel tel aviv transfer,EuroLeague,Basketbol,Lig,Kıta Üstü,Çekirdek,Erkek,Kulüp,Takım Sporu,Avrupa,Yabancı,Yok,TV+ Var,Yıllık,Sürekli Lig,Transfer,Bilgi,Takım,Jenerik,İngilizce,Body,Transfer,Çekirdek
valencia basket,EuroLeague,Basketbol,Lig,Kıta Üstü,Çekirdek,Erkek,Kulüp,Takım Sporu,Avrupa,Yabancı,Yok,TV+ Var,Yıllık,Sürekli Lig,Takım Jenerik,Bilgi,Takım,Jenerik,İngilizce,Head,Takım Jenerik,Çekirdek
valencia basket maçları,EuroLeague,Basketbol,Lig,Kıta Üstü,Çekirdek,Erkek,Kulüp,Takım Sporu,Avrupa,Yabancı,Yok,TV+ Var,Yıllık,Sürekli Lig,Takım Maç Sorgusu,Bilgi,Takım,Jenerik,Türkçe,Body,Takım Maç Sorgusu,Çekirdek
valencia basket fikstür,EuroLeague,Basketbol,Lig,Kıta Üstü,Çekirdek,Erkek,Kulüp,Takım Sporu,Avrupa,Yabancı,Yok,TV+ Var,Yıllık,Sürekli Lig,Fikstür,Bilgi,Takım,Jenerik,Türkçe,Body,Fikstür,Çekirdek
valencia basket puan durumu,EuroLeague,Basketbol,Lig,Kıta Üstü,Çekirdek,Erkek,Kulüp,Takım Sporu,Avrupa,Yabancı,Yok,TV+ Var,Yıllık,Sürekli Lig,Puan Durumu,Bilgi,Takım,Jenerik,İngilizce,Body,Puan Durumu,Çekirdek
valencia basket kadrosu,EuroLeague,Basketbol,Lig,Kıta Üstü,Çekirdek,Erkek,Kulüp,Takım Sporu,Avrupa,Yabancı,Yok,TV+ Var,Yıllık,Sürekli Lig,Kadro,Bilgi,Takım,Jenerik,İngilizce,Body,Kadro,Çekirdek
valencia basket canlı izle,EuroLeague,Basketbol,Lig,Kıta Üstü,Çekirdek,Erkek,Kulüp,Takım Sporu,Avrupa,Yabancı,Yok,TV+ Var,Yıllık,Sürekli Lig,Canlı İzle,İzleme,Takım,Jenerik,Türkçe,Body,Canlı İzle,Çekirdek
valencia basket transfer,EuroLeague,Basketbol,Lig,Kıta Üstü,Çekirdek,Erkek,Kulüp,Takım Sporu,Avrupa,Yabancı,Yok,TV+ Var,Yıllık,Sürekli Lig,Transfer,Bilgi,Takım,Jenerik,İngilizce,Body,Transfer,Çekirdek
dubai basketball,EuroLeague,Basketbol,Lig,Kıta Üstü,Çekirdek,Erkek,Kulüp,Takım Sporu,Avrupa,Yabancı,Yok,TV+ Var,Yıllık,Sürekli Lig,Takım Jenerik,Bilgi,Takım,Jenerik,İngilizce,Head,Takım Jenerik,Çekirdek
dubai basketball maçları,EuroLeague,Basketbol,Lig,Kıta Üstü,Çekirdek,Erkek,Kulüp,Takım Sporu,Avrupa,Yabancı,Yok,TV+ Var,Yıllık,Sürekli Lig,Takım Maç Sorgusu,Bilgi,Takım,Jenerik,Türkçe,Body,Takım Maç Sorgusu,Çekirdek
dubai basketball fikstür,EuroLeague,Basketbol,Lig,Kıta Üstü,Çekirdek,Erkek,Kulüp,Takım Sporu,Avrupa,Yabancı,Yok,TV+ Var,Yıllık,Sürekli Lig,Fikstür,Bilgi,Takım,Jenerik,Türkçe,Body,Fikstür,Çekirdek
dubai basketball puan durumu,EuroLeague,Basketbol,Lig,Kıta Üstü,Çekirdek,Erkek,Kulüp,Takım Sporu,Avrupa,Yabancı,Yok,TV+ Var,Yıllık,Sürekli Lig,Puan Durumu,Bilgi,Takım,Jenerik,İngilizce,Body,Puan Durumu,Çekirdek
dubai basketball kadrosu,EuroLeague,Basketbol,Lig,Kıta Üstü,Çekirdek,Erkek,Kulüp,Takım Sporu,Avrupa,Yabancı,Yok,TV+ Var,Yıllık,Sürekli Lig,Kadro,Bilgi,Takım,Jenerik,İngilizce,Body,Kadro,Çekirdek
dubai basketball canlı izle,EuroLeague,Basketbol,Lig,Kıta Üstü,Çekirdek,Erkek,Kulüp,Takım Sporu,Avrupa,Yabancı,Yok,TV+ Var,Yıllık,Sürekli Lig,Canlı İzle,İzleme,Takım,Jenerik,Türkçe,Body,Canlı İzle,Çekirdek
dubai basketball transfer,EuroLeague,Basketbol,Lig,Kıta Üstü,Çekirdek,Erkek,Kulüp,Takım Sporu,Avrupa,Yabancı,Yok,TV+ Var,Yıllık,Sürekli Lig,Transfer,Bilgi,Takım,Jenerik,İngilizce,Body,Transfer,Çekirdek
los angeles lakers,NBA,Basketbol,Lig,1. Seviye,Çekirdek,Erkek,Kulüp,Takım Sporu,ABD,Yabancı,Yok,TV+ Var,Yıllık,Sürekli Lig,Takım Jenerik,Bilgi,Takım,Jenerik,İngilizce,Body,Takım Jenerik,Çekirdek
los angeles lakers maçları,NBA,Basketbol,Lig,1. Seviye,Çekirdek,Erkek,Kulüp,Takım Sporu,ABD,Yabancı,Yok,TV+ Var,Yıllık,Sürekli Lig,Takım Maç Sorgusu,Bilgi,Takım,Jenerik,Türkçe,Body,Takım Maç Sorgusu,Çekirdek
los angeles lakers fikstür,NBA,Basketbol,Lig,1. Seviye,Çekirdek,Erkek,Kulüp,Takım Sporu,ABD,Yabancı,Yok,TV+ Var,Yıllık,Sürekli Lig,Fikstür,Bilgi,Takım,Jenerik,Türkçe,Body,Fikstür,Çekirdek
los angeles lakers puan durumu,NBA,Basketbol,Lig,1. Seviye,Çekirdek,Erkek,Kulüp,Takım Sporu,ABD,Yabancı,Yok,TV+ Var,Yıllık,Sürekli Lig,Puan Durumu,Bilgi,Takım,Jenerik,İngilizce,Long-tail,Puan Durumu,Çekirdek
los angeles lakers kadrosu,NBA,Basketbol,Lig,1. Seviye,Çekirdek,Erkek,Kulüp,Takım Sporu,ABD,Yabancı,Yok,TV+ Var,Yıllık,Sürekli Lig,Kadro,Bilgi,Takım,Jenerik,İngilizce,Body,Kadro,Çekirdek
los angeles lakers canlı izle,NBA,Basketbol,Lig,1. Seviye,Çekirdek,Erkek,Kulüp,Takım Sporu,ABD,Yabancı,Yok,TV+ Var,Yıllık,Sürekli Lig,Canlı İzle,İzleme,Takım,Jenerik,Türkçe,Long-tail,Canlı İzle,Çekirdek
los angeles lakers transfer,NBA,Basketbol,Lig,1. Seviye,Çekirdek,Erkek,Kulüp,Takım Sporu,ABD,Yabancı,Yok,TV+ Var,Yıllık,Sürekli Lig,Transfer,Bilgi,Takım,Jenerik,İngilizce,Body,Transfer,Çekirdek
golden state warriors,NBA,Basketbol,Lig,1. Seviye,Çekirdek,Erkek,Kulüp,Takım Sporu,ABD,Yabancı,Yok,TV+ Var,Yıllık,Sürekli Lig,Takım Jenerik,Bilgi,Takım,Jenerik,İngilizce,Body,Takım Jenerik,Çekirdek
golden state warriors maçları,NBA,Basketbol,Lig,1. Seviye,Çekirdek,Erkek,Kulüp,Takım Sporu,ABD,Yabancı,Yok,TV+ Var,Yıllık,Sürekli Lig,Takım Maç Sorgusu,Bilgi,Takım,Jenerik,Türkçe,Body,Takım Maç Sorgusu,Çekirdek
golden state warriors fikstür,NBA,Basketbol,Lig,1. Seviye,Çekirdek,Erkek,Kulüp,Takım Sporu,ABD,Yabancı,Yok,TV+ Var,Yıllık,Sürekli Lig,Fikstür,Bilgi,Takım,Jenerik,Türkçe,Body,Fikstür,Çekirdek
golden state warriors puan durumu,NBA,Basketbol,Lig,1. Seviye,Çekirdek,Erkek,Kulüp,Takım Sporu,ABD,Yabancı,Yok,TV+ Var,Yıllık,Sürekli Lig,Puan Durumu,Bilgi,Takım,Jenerik,İngilizce,Long-tail,Puan Durumu,Çekirdek
golden state warriors kadrosu,NBA,Basketbol,Lig,1. Seviye,Çekirdek,Erkek,Kulüp,Takım Sporu,ABD,Yabancı,Yok,TV+ Var,Yıllık,Sürekli Lig,Kadro,Bilgi,Takım,Jenerik,İngilizce,Body,Kadro,Çekirdek
golden state warriors canlı izle,NBA,Basketbol,Lig,1. Seviye,Çekirdek,Erkek,Kulüp,Takım Sporu,ABD,Yabancı,Yok,TV+ Var,Yıllık,Sürekli Lig,Canlı İzle,İzleme,Takım,Jenerik,Türkçe,Long-tail,Canlı İzle,Çekirdek
golden state warriors transfer,NBA,Basketbol,Lig,1. Seviye,Çekirdek,Erkek,Kulüp,Takım Sporu,ABD,Yabancı,Yok,TV+ Var,Yıllık,Sürekli Lig,Transfer,Bilgi,Takım,Jenerik,İngilizce,Body,Transfer,Çekirdek
boston celtics,NBA,Basketbol,Lig,1. Seviye,Çekirdek,Erkek,Kulüp,Takım Sporu,ABD,Yabancı,Yok,TV+ Var,Yıllık,Sürekli Lig,Takım Jenerik,Bilgi,Takım,Jenerik,İngilizce,Head,Takım Jenerik,Çekirdek
boston celtics maçları,NBA,Basketbol,Lig,1. Seviye,Çekirdek,Erkek,Kulüp,Takım Sporu,ABD,Yabancı,Yok,TV+ Var,Yıllık,Sürekli Lig,Takım Maç Sorgusu,Bilgi,Takım,Jenerik,Türkçe,Body,Takım Maç Sorgusu,Çekirdek
boston celtics fikstür,NBA,Basketbol,Lig,1. Seviye,Çekirdek,Erkek,Kulüp,Takım Sporu,ABD,Yabancı,Yok,TV+ Var,Yıllık,Sürekli Lig,Fikstür,Bilgi,Takım,Jenerik,Türkçe,Body,Fikstür,Çekirdek
boston celtics puan durumu,NBA,Basketbol,Lig,1. Seviye,Çekirdek,Erkek,Kulüp,Takım Sporu,ABD,Yabancı,Yok,TV+ Var,Yıllık,Sürekli Lig,Puan Durumu,Bilgi,Takım,Jenerik,İngilizce,Body,Puan Durumu,Çekirdek
boston celtics kadrosu,NBA,Basketbol,Lig,1. Seviye,Çekirdek,Erkek,Kulüp,Takım Sporu,ABD,Yabancı,Yok,TV+ Var,Yıllık,Sürekli Lig,Kadro,Bilgi,Takım,Jenerik,İngilizce,Body,Kadro,Çekirdek
boston celtics canlı izle,NBA,Basketbol,Lig,1. Seviye,Çekirdek,Erkek,Kulüp,Takım Sporu,ABD,Yabancı,Yok,TV+ Var,Yıllık,Sürekli Lig,Canlı İzle,İzleme,Takım,Jenerik,Türkçe,Body,Canlı İzle,Çekirdek
boston celtics transfer,NBA,Basketbol,Lig,1. Seviye,Çekirdek,Erkek,Kulüp,Takım Sporu,ABD,Yabancı,Yok,TV+ Var,Yıllık,Sürekli Lig,Transfer,Bilgi,Takım,Jenerik,İngilizce,Body,Transfer,Çekirdek
chicago bulls,NBA,Basketbol,Lig,1. Seviye,Çekirdek,Erkek,Kulüp,Takım Sporu,ABD,Yabancı,Yok,TV+ Var,Yıllık,Sürekli Lig,Takım Jenerik,Bilgi,Takım,Jenerik,İngilizce,Head,Takım Jenerik,Çekirdek
chicago bulls maçları,NBA,Basketbol,Lig,1. Seviye,Çekirdek,Erkek,Kulüp,Takım Sporu,ABD,Yabancı,Yok,TV+ Var,Yıllık,Sürekli Lig,Takım Maç Sorgusu,Bilgi,Takım,Jenerik,Türkçe,Body,Takım Maç Sorgusu,Çekirdek
chicago bulls fikstür,NBA,Basketbol,Lig,1. Seviye,Çekirdek,Erkek,Kulüp,Takım Sporu,ABD,Yabancı,Yok,TV+ Var,Yıllık,Sürekli Lig,Fikstür,Bilgi,Takım,Jenerik,Türkçe,Body,Fikstür,Çekirdek
chicago bulls puan durumu,NBA,Basketbol,Lig,1. Seviye,Çekirdek,Erkek,Kulüp,Takım Sporu,ABD,Yabancı,Yok,TV+ Var,Yıllık,Sürekli Lig,Puan Durumu,Bilgi,Takım,Jenerik,İngilizce,Body,Puan Durumu,Çekirdek
chicago bulls kadrosu,NBA,Basketbol,Lig,1. Seviye,Çekirdek,Erkek,Kulüp,Takım Sporu,ABD,Yabancı,Yok,TV+ Var,Yıllık,Sürekli Lig,Kadro,Bilgi,Takım,Jenerik,İngilizce,Body,Kadro,Çekirdek
chicago bulls canlı izle,NBA,Basketbol,Lig,1. Seviye,Çekirdek,Erkek,Kulüp,Takım Sporu,ABD,Yabancı,Yok,TV+ Var,Yıllık,Sürekli Lig,Canlı İzle,İzleme,Takım,Jenerik,Türkçe,Body,Canlı İzle,Çekirdek
chicago bulls transfer,NBA,Basketbol,Lig,1. Seviye,Çekirdek,Erkek,Kulüp,Takım Sporu,ABD,Yabancı,Yok,TV+ Var,Yıllık,Sürekli Lig,Transfer,Bilgi,Takım,Jenerik,İngilizce,Body,Transfer,Çekirdek
miami heat,NBA,Basketbol,Lig,1. Seviye,Çekirdek,Erkek,Kulüp,Takım Sporu,ABD,Yabancı,Yok,TV+ Var,Yıllık,Sürekli Lig,Takım Jenerik,Bilgi,Takım,Jenerik,İngilizce,Head,Takım Jenerik,Çekirdek
miami heat maçları,NBA,Basketbol,Lig,1. Seviye,Çekirdek,Erkek,Kulüp,Takım Sporu,ABD,Yabancı,Yok,TV+ Var,Yıllık,Sürekli Lig,Takım Maç Sorgusu,Bilgi,Takım,Jenerik,Türkçe,Body,Takım Maç Sorgusu,Çekirdek
miami heat fikstür,NBA,Basketbol,Lig,1. Seviye,Çekirdek,Erkek,Kulüp,Takım Sporu,ABD,Yabancı,Yok,TV+ Var,Yıllık,Sürekli Lig,Fikstür,Bilgi,Takım,Jenerik,Türkçe,Body,Fikstür,Çekirdek
miami heat puan durumu,NBA,Basketbol,Lig,1. Seviye,Çekirdek,Erkek,Kulüp,Takım Sporu,ABD,Yabancı,Yok,TV+ Var,Yıllık,Sürekli Lig,Puan Durumu,Bilgi,Takım,Jenerik,İngilizce,Body,Puan Durumu,Çekirdek
miami heat kadrosu,NBA,Basketbol,Lig,1. Seviye,Çekirdek,Erkek,Kulüp,Takım Sporu,ABD,Yabancı,Yok,TV+ Var,Yıllık,Sürekli Lig,Kadro,Bilgi,Takım,Jenerik,İngilizce,Body,Kadro,Çekirdek
miami heat canlı izle,NBA,Basketbol,Lig,1. Seviye,Çekirdek,Erkek,Kulüp,Takım Sporu,ABD,Yabancı,Yok,TV+ Var,Yıllık,Sürekli Lig,Canlı İzle,İzleme,Takım,Jenerik,Türkçe,Body,Canlı İzle,Çekirdek
miami heat transfer,NBA,Basketbol,Lig,1. Seviye,Çekirdek,Erkek,Kulüp,Takım Sporu,ABD,Yabancı,Yok,TV+ Var,Yıllık,Sürekli Lig,Transfer,Bilgi,Takım,Jenerik,İngilizce,Body,Transfer,Çekirdek
denver nuggets,NBA,Basketbol,Lig,1. Seviye,Çekirdek,Erkek,Kulüp,Takım Sporu,ABD,Yabancı,Yok,TV+ Var,Yıllık,Sürekli Lig,Takım Jenerik,Bilgi,Takım,Jenerik,İngilizce,Head,Takım Jenerik,Çekirdek
denver nuggets maçları,NBA,Basketbol,Lig,1. Seviye,Çekirdek,Erkek,Kulüp,Takım Sporu,ABD,Yabancı,Yok,TV+ Var,Yıllık,Sürekli Lig,Takım Maç Sorgusu,Bilgi,Takım,Jenerik,Türkçe,Body,Takım Maç Sorgusu,Çekirdek
denver nuggets fikstür,NBA,Basketbol,Lig,1. Seviye,Çekirdek,Erkek,Kulüp,Takım Sporu,ABD,Yabancı,Yok,TV+ Var,Yıllık,Sürekli Lig,Fikstür,Bilgi,Takım,Jenerik,Türkçe,Body,Fikstür,Çekirdek
denver nuggets puan durumu,NBA,Basketbol,Lig,1. Seviye,Çekirdek,Erkek,Kulüp,Takım Sporu,ABD,Yabancı,Yok,TV+ Var,Yıllık,Sürekli Lig,Puan Durumu,Bilgi,Takım,Jenerik,İngilizce,Body,Puan Durumu,Çekirdek
denver nuggets kadrosu,NBA,Basketbol,Lig,1. Seviye,Çekirdek,Erkek,Kulüp,Takım Sporu,ABD,Yabancı,Yok,TV+ Var,Yıllık,Sürekli Lig,Kadro,Bilgi,Takım,Jenerik,İngilizce,Body,Kadro,Çekirdek
denver nuggets canlı izle,NBA,Basketbol,Lig,1. Seviye,Çekirdek,Erkek,Kulüp,Takım Sporu,ABD,Yabancı,Yok,TV+ Var,Yıllık,Sürekli Lig,Canlı İzle,İzleme,Takım,Jenerik,Türkçe,Body,Canlı İzle,Çekirdek
denver nuggets transfer,NBA,Basketbol,Lig,1. Seviye,Çekirdek,Erkek,Kulüp,Takım Sporu,ABD,Yabancı,Yok,TV+ Var,Yıllık,Sürekli Lig,Transfer,Bilgi,Takım,Jenerik,İngilizce,Body,Transfer,Çekirdek
oklahoma city thunder,NBA,Basketbol,Lig,1. Seviye,Çekirdek,Erkek,Kulüp,Takım Sporu,ABD,Yabancı,Yok,TV+ Var,Yıllık,Sürekli Lig,Takım Jenerik,Bilgi,Takım,Jenerik,İngilizce,Body,Takım Jenerik,Çekirdek
oklahoma city thunder maçları,NBA,Basketbol,Lig,1. Seviye,Çekirdek,Erkek,Kulüp,Takım Sporu,ABD,Yabancı,Yok,TV+ Var,Yıllık,Sürekli Lig,Takım Maç Sorgusu,Bilgi,Takım,Jenerik,Türkçe,Body,Takım Maç Sorgusu,Çekirdek
oklahoma city thunder fikstür,NBA,Basketbol,Lig,1. Seviye,Çekirdek,Erkek,Kulüp,Takım Sporu,ABD,Yabancı,Yok,TV+ Var,Yıllık,Sürekli Lig,Fikstür,Bilgi,Takım,Jenerik,Türkçe,Body,Fikstür,Çekirdek
oklahoma city thunder puan durumu,NBA,Basketbol,Lig,1. Seviye,Çekirdek,Erkek,Kulüp,Takım Sporu,ABD,Yabancı,Yok,TV+ Var,Yıllık,Sürekli Lig,Puan Durumu,Bilgi,Takım,Jenerik,İngilizce,Long-tail,Puan Durumu,Çekirdek
oklahoma city thunder kadrosu,NBA,Basketbol,Lig,1. Seviye,Çekirdek,Erkek,Kulüp,Takım Sporu,ABD,Yabancı,Yok,TV+ Var,Yıllık,Sürekli Lig,Kadro,Bilgi,Takım,Jenerik,İngilizce,Body,Kadro,Çekirdek
oklahoma city thunder canlı izle,NBA,Basketbol,Lig,1. Seviye,Çekirdek,Erkek,Kulüp,Takım Sporu,ABD,Yabancı,Yok,TV+ Var,Yıllık,Sürekli Lig,Canlı İzle,İzleme,Takım,Jenerik,Türkçe,Long-tail,Canlı İzle,Çekirdek
oklahoma city thunder transfer,NBA,Basketbol,Lig,1. Seviye,Çekirdek,Erkek,Kulüp,Takım Sporu,ABD,Yabancı,Yok,TV+ Var,Yıllık,Sürekli Lig,Transfer,Bilgi,Takım,Jenerik,İngilizce,Body,Transfer,Çekirdek
new york knicks,NBA,Basketbol,Lig,1. Seviye,Çekirdek,Erkek,Kulüp,Takım Sporu,ABD,Yabancı,Yok,TV+ Var,Yıllık,Sürekli Lig,Takım Jenerik,Bilgi,Takım,Jenerik,İngilizce,Body,Takım Jenerik,Çekirdek
new york knicks maçları,NBA,Basketbol,Lig,1. Seviye,Çekirdek,Erkek,Kulüp,Takım Sporu,ABD,Yabancı,Yok,TV+ Var,Yıllık,Sürekli Lig,Takım Maç Sorgusu,Bilgi,Takım,Jenerik,Türkçe,Body,Takım Maç Sorgusu,Çekirdek
new york knicks fikstür,NBA,Basketbol,Lig,1. Seviye,Çekirdek,Erkek,Kulüp,Takım Sporu,ABD,Yabancı,Yok,TV+ Var,Yıllık,Sürekli Lig,Fikstür,Bilgi,Takım,Jenerik,Türkçe,Body,Fikstür,Çekirdek
new york knicks puan durumu,NBA,Basketbol,Lig,1. Seviye,Çekirdek,Erkek,Kulüp,Takım Sporu,ABD,Yabancı,Yok,TV+ Var,Yıllık,Sürekli Lig,Puan Durumu,Bilgi,Takım,Jenerik,İngilizce,Long-tail,Puan Durumu,Çekirdek
new york knicks kadrosu,NBA,Basketbol,Lig,1. Seviye,Çekirdek,Erkek,Kulüp,Takım Sporu,ABD,Yabancı,Yok,TV+ Var,Yıllık,Sürekli Lig,Kadro,Bilgi,Takım,Jenerik,İngilizce,Body,Kadro,Çekirdek
new york knicks canlı izle,NBA,Basketbol,Lig,1. Seviye,Çekirdek,Erkek,Kulüp,Takım Sporu,ABD,Yabancı,Yok,TV+ Var,Yıllık,Sürekli Lig,Canlı İzle,İzleme,Takım,Jenerik,Türkçe,Long-tail,Canlı İzle,Çekirdek
new york knicks transfer,NBA,Basketbol,Lig,1. Seviye,Çekirdek,Erkek,Kulüp,Takım Sporu,ABD,Yabancı,Yok,TV+ Var,Yıllık,Sürekli Lig,Transfer,Bilgi,Takım,Jenerik,İngilizce,Body,Transfer,Çekirdek
dallas mavericks,NBA,Basketbol,Lig,1. Seviye,Çekirdek,Erkek,Kulüp,Takım Sporu,ABD,Yabancı,Yok,TV+ Var,Yıllık,Sürekli Lig,Takım Jenerik,Bilgi,Takım,Jenerik,İngilizce,Head,Takım Jenerik,Çekirdek
dallas mavericks maçları,NBA,Basketbol,Lig,1. Seviye,Çekirdek,Erkek,Kulüp,Takım Sporu,ABD,Yabancı,Yok,TV+ Var,Yıllık,Sürekli Lig,Takım Maç Sorgusu,Bilgi,Takım,Jenerik,Türkçe,Body,Takım Maç Sorgusu,Çekirdek
dallas mavericks fikstür,NBA,Basketbol,Lig,1. Seviye,Çekirdek,Erkek,Kulüp,Takım Sporu,ABD,Yabancı,Yok,TV+ Var,Yıllık,Sürekli Lig,Fikstür,Bilgi,Takım,Jenerik,Türkçe,Body,Fikstür,Çekirdek
dallas mavericks puan durumu,NBA,Basketbol,Lig,1. Seviye,Çekirdek,Erkek,Kulüp,Takım Sporu,ABD,Yabancı,Yok,TV+ Var,Yıllık,Sürekli Lig,Puan Durumu,Bilgi,Takım,Jenerik,İngilizce,Body,Puan Durumu,Çekirdek
dallas mavericks kadrosu,NBA,Basketbol,Lig,1. Seviye,Çekirdek,Erkek,Kulüp,Takım Sporu,ABD,Yabancı,Yok,TV+ Var,Yıllık,Sürekli Lig,Kadro,Bilgi,Takım,Jenerik,İngilizce,Body,Kadro,Çekirdek
dallas mavericks canlı izle,NBA,Basketbol,Lig,1. Seviye,Çekirdek,Erkek,Kulüp,Takım Sporu,ABD,Yabancı,Yok,TV+ Var,Yıllık,Sürekli Lig,Canlı İzle,İzleme,Takım,Jenerik,Türkçe,Body,Canlı İzle,Çekirdek
dallas mavericks transfer,NBA,Basketbol,Lig,1. Seviye,Çekirdek,Erkek,Kulüp,Takım Sporu,ABD,Yabancı,Yok,TV+ Var,Yıllık,Sürekli Lig,Transfer,Bilgi,Takım,Jenerik,İngilizce,Body,Transfer,Çekirdek
phoenix suns,NBA,Basketbol,Lig,1. Seviye,Çekirdek,Erkek,Kulüp,Takım Sporu,ABD,Yabancı,Yok,TV+ Var,Yıllık,Sürekli Lig,Takım Jenerik,Bilgi,Takım,Jenerik,İngilizce,Head,Takım Jenerik,Çekirdek
phoenix suns maçları,NBA,Basketbol,Lig,1. Seviye,Çekirdek,Erkek,Kulüp,Takım Sporu,ABD,Yabancı,Yok,TV+ Var,Yıllık,Sürekli Lig,Takım Maç Sorgusu,Bilgi,Takım,Jenerik,Türkçe,Body,Takım Maç Sorgusu,Çekirdek
phoenix suns fikstür,NBA,Basketbol,Lig,1. Seviye,Çekirdek,Erkek,Kulüp,Takım Sporu,ABD,Yabancı,Yok,TV+ Var,Yıllık,Sürekli Lig,Fikstür,Bilgi,Takım,Jenerik,Türkçe,Body,Fikstür,Çekirdek
phoenix suns puan durumu,NBA,Basketbol,Lig,1. Seviye,Çekirdek,Erkek,Kulüp,Takım Sporu,ABD,Yabancı,Yok,TV+ Var,Yıllık,Sürekli Lig,Puan Durumu,Bilgi,Takım,Jenerik,İngilizce,Body,Puan Durumu,Çekirdek
phoenix suns kadrosu,NBA,Basketbol,Lig,1. Seviye,Çekirdek,Erkek,Kulüp,Takım Sporu,ABD,Yabancı,Yok,TV+ Var,Yıllık,Sürekli Lig,Kadro,Bilgi,Takım,Jenerik,İngilizce,Body,Kadro,Çekirdek
phoenix suns canlı izle,NBA,Basketbol,Lig,1. Seviye,Çekirdek,Erkek,Kulüp,Takım Sporu,ABD,Yabancı,Yok,TV+ Var,Yıllık,Sürekli Lig,Canlı İzle,İzleme,Takım,Jenerik,Türkçe,Body,Canlı İzle,Çekirdek
phoenix suns transfer,NBA,Basketbol,Lig,1. Seviye,Çekirdek,Erkek,Kulüp,Takım Sporu,ABD,Yabancı,Yok,TV+ Var,Yıllık,Sürekli Lig,Transfer,Bilgi,Takım,Jenerik,İngilizce,Body,Transfer,Çekirdek
milwaukee bucks,NBA,Basketbol,Lig,1. Seviye,Çekirdek,Erkek,Kulüp,Takım Sporu,ABD,Yabancı,Yok,TV+ Var,Yıllık,Sürekli Lig,Takım Jenerik,Bilgi,Takım,Jenerik,İngilizce,Head,Takım Jenerik,Çekirdek
milwaukee bucks maçları,NBA,Basketbol,Lig,1. Seviye,Çekirdek,Erkek,Kulüp,Takım Sporu,ABD,Yabancı,Yok,TV+ Var,Yıllık,Sürekli Lig,Takım Maç Sorgusu,Bilgi,Takım,Jenerik,Türkçe,Body,Takım Maç Sorgusu,Çekirdek
milwaukee bucks fikstür,NBA,Basketbol,Lig,1. Seviye,Çekirdek,Erkek,Kulüp,Takım Sporu,ABD,Yabancı,Yok,TV+ Var,Yıllık,Sürekli Lig,Fikstür,Bilgi,Takım,Jenerik,Türkçe,Body,Fikstür,Çekirdek
milwaukee bucks puan durumu,NBA,Basketbol,Lig,1. Seviye,Çekirdek,Erkek,Kulüp,Takım Sporu,ABD,Yabancı,Yok,TV+ Var,Yıllık,Sürekli Lig,Puan Durumu,Bilgi,Takım,Jenerik,İngilizce,Body,Puan Durumu,Çekirdek
milwaukee bucks kadrosu,NBA,Basketbol,Lig,1. Seviye,Çekirdek,Erkek,Kulüp,Takım Sporu,ABD,Yabancı,Yok,TV+ Var,Yıllık,Sürekli Lig,Kadro,Bilgi,Takım,Jenerik,İngilizce,Body,Kadro,Çekirdek
milwaukee bucks canlı izle,NBA,Basketbol,Lig,1. Seviye,Çekirdek,Erkek,Kulüp,Takım Sporu,ABD,Yabancı,Yok,TV+ Var,Yıllık,Sürekli Lig,Canlı İzle,İzleme,Takım,Jenerik,Türkçe,Body,Canlı İzle,Çekirdek
milwaukee bucks transfer,NBA,Basketbol,Lig,1. Seviye,Çekirdek,Erkek,Kulüp,Takım Sporu,ABD,Yabancı,Yok,TV+ Var,Yıllık,Sürekli Lig,Transfer,Bilgi,Takım,Jenerik,İngilizce,Body,Transfer,Çekirdek
philadelphia 76ers,NBA,Basketbol,Lig,1. Seviye,Çekirdek,Erkek,Kulüp,Takım Sporu,ABD,Yabancı,Yok,TV+ Var,Yıllık,Sürekli Lig,Takım Jenerik,Bilgi,Takım,Jenerik,İngilizce,Head,Takım Jenerik,Çekirdek
philadelphia 76ers maçları,NBA,Basketbol,Lig,1. Seviye,Çekirdek,Erkek,Kulüp,Takım Sporu,ABD,Yabancı,Yok,TV+ Var,Yıllık,Sürekli Lig,Takım Maç Sorgusu,Bilgi,Takım,Jenerik,Türkçe,Body,Takım Maç Sorgusu,Çekirdek
philadelphia 76ers fikstür,NBA,Basketbol,Lig,1. Seviye,Çekirdek,Erkek,Kulüp,Takım Sporu,ABD,Yabancı,Yok,TV+ Var,Yıllık,Sürekli Lig,Fikstür,Bilgi,Takım,Jenerik,Türkçe,Body,Fikstür,Çekirdek
philadelphia 76ers puan durumu,NBA,Basketbol,Lig,1. Seviye,Çekirdek,Erkek,Kulüp,Takım Sporu,ABD,Yabancı,Yok,TV+ Var,Yıllık,Sürekli Lig,Puan Durumu,Bilgi,Takım,Jenerik,İngilizce,Body,Puan Durumu,Çekirdek
philadelphia 76ers kadrosu,NBA,Basketbol,Lig,1. Seviye,Çekirdek,Erkek,Kulüp,Takım Sporu,ABD,Yabancı,Yok,TV+ Var,Yıllık,Sürekli Lig,Kadro,Bilgi,Takım,Jenerik,İngilizce,Body,Kadro,Çekirdek
philadelphia 76ers canlı izle,NBA,Basketbol,Lig,1. Seviye,Çekirdek,Erkek,Kulüp,Takım Sporu,ABD,Yabancı,Yok,TV+ Var,Yıllık,Sürekli Lig,Canlı İzle,İzleme,Takım,Jenerik,Türkçe,Body,Canlı İzle,Çekirdek
philadelphia 76ers transfer,NBA,Basketbol,Lig,1. Seviye,Çekirdek,Erkek,Kulüp,Takım Sporu,ABD,Yabancı,Yok,TV+ Var,Yıllık,Sürekli Lig,Transfer,Bilgi,Takım,Jenerik,İngilizce,Body,Transfer,Çekirdek
cleveland cavaliers,NBA,Basketbol,Lig,1. Seviye,Çekirdek,Erkek,Kulüp,Takım Sporu,ABD,Yabancı,Yok,TV+ Var,Yıllık,Sürekli Lig,Takım Jenerik,Bilgi,Takım,Jenerik,İngilizce,Head,Takım Jenerik,Çekirdek
cleveland cavaliers maçları,NBA,Basketbol,Lig,1. Seviye,Çekirdek,Erkek,Kulüp,Takım Sporu,ABD,Yabancı,Yok,TV+ Var,Yıllık,Sürekli Lig,Takım Maç Sorgusu,Bilgi,Takım,Jenerik,Türkçe,Body,Takım Maç Sorgusu,Çekirdek
cleveland cavaliers fikstür,NBA,Basketbol,Lig,1. Seviye,Çekirdek,Erkek,Kulüp,Takım Sporu,ABD,Yabancı,Yok,TV+ Var,Yıllık,Sürekli Lig,Fikstür,Bilgi,Takım,Jenerik,Türkçe,Body,Fikstür,Çekirdek
cleveland cavaliers puan durumu,NBA,Basketbol,Lig,1. Seviye,Çekirdek,Erkek,Kulüp,Takım Sporu,ABD,Yabancı,Yok,TV+ Var,Yıllık,Sürekli Lig,Puan Durumu,Bilgi,Takım,Jenerik,İngilizce,Body,Puan Durumu,Çekirdek
cleveland cavaliers kadrosu,NBA,Basketbol,Lig,1. Seviye,Çekirdek,Erkek,Kulüp,Takım Sporu,ABD,Yabancı,Yok,TV+ Var,Yıllık,Sürekli Lig,Kadro,Bilgi,Takım,Jenerik,İngilizce,Body,Kadro,Çekirdek
cleveland cavaliers canlı izle,NBA,Basketbol,Lig,1. Seviye,Çekirdek,Erkek,Kulüp,Takım Sporu,ABD,Yabancı,Yok,TV+ Var,Yıllık,Sürekli Lig,Canlı İzle,İzleme,Takım,Jenerik,Türkçe,Body,Canlı İzle,Çekirdek
cleveland cavaliers transfer,NBA,Basketbol,Lig,1. Seviye,Çekirdek,Erkek,Kulüp,Takım Sporu,ABD,Yabancı,Yok,TV+ Var,Yıllık,Sürekli Lig,Transfer,Bilgi,Takım,Jenerik,İngilizce,Body,Transfer,Çekirdek
houston rockets,NBA,Basketbol,Lig,1. Seviye,Çekirdek,Erkek,Kulüp,Takım Sporu,ABD,Yabancı,Yok,TV+ Var,Yıllık,Sürekli Lig,Takım Jenerik,Bilgi,Takım,Jenerik,İngilizce,Head,Takım Jenerik,Çekirdek
houston rockets maçları,NBA,Basketbol,Lig,1. Seviye,Çekirdek,Erkek,Kulüp,Takım Sporu,ABD,Yabancı,Yok,TV+ Var,Yıllık,Sürekli Lig,Takım Maç Sorgusu,Bilgi,Takım,Jenerik,Türkçe,Body,Takım Maç Sorgusu,Çekirdek
houston rockets fikstür,NBA,Basketbol,Lig,1. Seviye,Çekirdek,Erkek,Kulüp,Takım Sporu,ABD,Yabancı,Yok,TV+ Var,Yıllık,Sürekli Lig,Fikstür,Bilgi,Takım,Jenerik,Türkçe,Body,Fikstür,Çekirdek
houston rockets puan durumu,NBA,Basketbol,Lig,1. Seviye,Çekirdek,Erkek,Kulüp,Takım Sporu,ABD,Yabancı,Yok,TV+ Var,Yıllık,Sürekli Lig,Puan Durumu,Bilgi,Takım,Jenerik,İngilizce,Body,Puan Durumu,Çekirdek
houston rockets kadrosu,NBA,Basketbol,Lig,1. Seviye,Çekirdek,Erkek,Kulüp,Takım Sporu,ABD,Yabancı,Yok,TV+ Var,Yıllık,Sürekli Lig,Kadro,Bilgi,Takım,Jenerik,İngilizce,Body,Kadro,Çekirdek
houston rockets canlı izle,NBA,Basketbol,Lig,1. Seviye,Çekirdek,Erkek,Kulüp,Takım Sporu,ABD,Yabancı,Yok,TV+ Var,Yıllık,Sürekli Lig,Canlı İzle,İzleme,Takım,Jenerik,Türkçe,Body,Canlı İzle,Çekirdek
houston rockets transfer,NBA,Basketbol,Lig,1. Seviye,Çekirdek,Erkek,Kulüp,Takım Sporu,ABD,Yabancı,Yok,TV+ Var,Yıllık,Sürekli Lig,Transfer,Bilgi,Takım,Jenerik,İngilizce,Body,Transfer,Çekirdek
san antonio spurs,NBA,Basketbol,Lig,1. Seviye,Çekirdek,Erkek,Kulüp,Takım Sporu,ABD,Yabancı,Yok,TV+ Var,Yıllık,Sürekli Lig,Takım Jenerik,Bilgi,Takım,Jenerik,İngilizce,Body,Takım Jenerik,Çekirdek
san antonio spurs maçları,NBA,Basketbol,Lig,1. Seviye,Çekirdek,Erkek,Kulüp,Takım Sporu,ABD,Yabancı,Yok,TV+ Var,Yıllık,Sürekli Lig,Takım Maç Sorgusu,Bilgi,Takım,Jenerik,Türkçe,Body,Takım Maç Sorgusu,Çekirdek
san antonio spurs fikstür,NBA,Basketbol,Lig,1. Seviye,Çekirdek,Erkek,Kulüp,Takım Sporu,ABD,Yabancı,Yok,TV+ Var,Yıllık,Sürekli Lig,Fikstür,Bilgi,Takım,Jenerik,Türkçe,Body,Fikstür,Çekirdek
san antonio spurs puan durumu,NBA,Basketbol,Lig,1. Seviye,Çekirdek,Erkek,Kulüp,Takım Sporu,ABD,Yabancı,Yok,TV+ Var,Yıllık,Sürekli Lig,Puan Durumu,Bilgi,Takım,Jenerik,İngilizce,Long-tail,Puan Durumu,Çekirdek
san antonio spurs kadrosu,NBA,Basketbol,Lig,1. Seviye,Çekirdek,Erkek,Kulüp,Takım Sporu,ABD,Yabancı,Yok,TV+ Var,Yıllık,Sürekli Lig,Kadro,Bilgi,Takım,Jenerik,İngilizce,Body,Kadro,Çekirdek
san antonio spurs canlı izle,NBA,Basketbol,Lig,1. Seviye,Çekirdek,Erkek,Kulüp,Takım Sporu,ABD,Yabancı,Yok,TV+ Var,Yıllık,Sürekli Lig,Canlı İzle,İzleme,Takım,Jenerik,Türkçe,Long-tail,Canlı İzle,Çekirdek
san antonio spurs transfer,NBA,Basketbol,Lig,1. Seviye,Çekirdek,Erkek,Kulüp,Takım Sporu,ABD,Yabancı,Yok,TV+ Var,Yıllık,Sürekli Lig,Transfer,Bilgi,Takım,Jenerik,İngilizce,Body,Transfer,Çekirdek
brooklyn nets,NBA,Basketbol,Lig,1. Seviye,Çekirdek,Erkek,Kulüp,Takım Sporu,ABD,Yabancı,Yok,TV+ Var,Yıllık,Sürekli Lig,Takım Jenerik,Bilgi,Takım,Jenerik,İngilizce,Head,Takım Jenerik,Çekirdek
brooklyn nets maçları,NBA,Basketbol,Lig,1. Seviye,Çekirdek,Erkek,Kulüp,Takım Sporu,ABD,Yabancı,Yok,TV+ Var,Yıllık,Sürekli Lig,Takım Maç Sorgusu,Bilgi,Takım,Jenerik,Türkçe,Body,Takım Maç Sorgusu,Çekirdek
brooklyn nets fikstür,NBA,Basketbol,Lig,1. Seviye,Çekirdek,Erkek,Kulüp,Takım Sporu,ABD,Yabancı,Yok,TV+ Var,Yıllık,Sürekli Lig,Fikstür,Bilgi,Takım,Jenerik,Türkçe,Body,Fikstür,Çekirdek
brooklyn nets puan durumu,NBA,Basketbol,Lig,1. Seviye,Çekirdek,Erkek,Kulüp,Takım Sporu,ABD,Yabancı,Yok,TV+ Var,Yıllık,Sürekli Lig,Puan Durumu,Bilgi,Takım,Jenerik,İngilizce,Body,Puan Durumu,Çekirdek
brooklyn nets kadrosu,NBA,Basketbol,Lig,1. Seviye,Çekirdek,Erkek,Kulüp,Takım Sporu,ABD,Yabancı,Yok,TV+ Var,Yıllık,Sürekli Lig,Kadro,Bilgi,Takım,Jenerik,İngilizce,Body,Kadro,Çekirdek
brooklyn nets canlı izle,NBA,Basketbol,Lig,1. Seviye,Çekirdek,Erkek,Kulüp,Takım Sporu,ABD,Yabancı,Yok,TV+ Var,Yıllık,Sürekli Lig,Canlı İzle,İzleme,Takım,Jenerik,Türkçe,Body,Canlı İzle,Çekirdek
brooklyn nets transfer,NBA,Basketbol,Lig,1. Seviye,Çekirdek,Erkek,Kulüp,Takım Sporu,ABD,Yabancı,Yok,TV+ Var,Yıllık,Sürekli Lig,Transfer,Bilgi,Takım,Jenerik,İngilizce,Body,Transfer,Çekirdek
toronto raptors,NBA,Basketbol,Lig,1. Seviye,Çekirdek,Erkek,Kulüp,Takım Sporu,ABD,Yabancı,Yok,TV+ Var,Yıllık,Sürekli Lig,Takım Jenerik,Bilgi,Takım,Jenerik,İngilizce,Head,Takım Jenerik,Çekirdek
toronto raptors maçları,NBA,Basketbol,Lig,1. Seviye,Çekirdek,Erkek,Kulüp,Takım Sporu,ABD,Yabancı,Yok,TV+ Var,Yıllık,Sürekli Lig,Takım Maç Sorgusu,Bilgi,Takım,Jenerik,Türkçe,Body,Takım Maç Sorgusu,Çekirdek
toronto raptors fikstür,NBA,Basketbol,Lig,1. Seviye,Çekirdek,Erkek,Kulüp,Takım Sporu,ABD,Yabancı,Yok,TV+ Var,Yıllık,Sürekli Lig,Fikstür,Bilgi,Takım,Jenerik,Türkçe,Body,Fikstür,Çekirdek
toronto raptors puan durumu,NBA,Basketbol,Lig,1. Seviye,Çekirdek,Erkek,Kulüp,Takım Sporu,ABD,Yabancı,Yok,TV+ Var,Yıllık,Sürekli Lig,Puan Durumu,Bilgi,Takım,Jenerik,İngilizce,Body,Puan Durumu,Çekirdek
toronto raptors kadrosu,NBA,Basketbol,Lig,1. Seviye,Çekirdek,Erkek,Kulüp,Takım Sporu,ABD,Yabancı,Yok,TV+ Var,Yıllık,Sürekli Lig,Kadro,Bilgi,Takım,Jenerik,İngilizce,Body,Kadro,Çekirdek
toronto raptors canlı izle,NBA,Basketbol,Lig,1. Seviye,Çekirdek,Erkek,Kulüp,Takım Sporu,ABD,Yabancı,Yok,TV+ Var,Yıllık,Sürekli Lig,Canlı İzle,İzleme,Takım,Jenerik,Türkçe,Body,Canlı İzle,Çekirdek
toronto raptors transfer,NBA,Basketbol,Lig,1. Seviye,Çekirdek,Erkek,Kulüp,Takım Sporu,ABD,Yabancı,Yok,TV+ Var,Yıllık,Sürekli Lig,Transfer,Bilgi,Takım,Jenerik,İngilizce,Body,Transfer,Çekirdek
atlanta hawks,NBA,Basketbol,Lig,1. Seviye,Çekirdek,Erkek,Kulüp,Takım Sporu,ABD,Yabancı,Yok,TV+ Var,Yıllık,Sürekli Lig,Takım Jenerik,Bilgi,Takım,Jenerik,İngilizce,Head,Takım Jenerik,Çekirdek
atlanta hawks maçları,NBA,Basketbol,Lig,1. Seviye,Çekirdek,Erkek,Kulüp,Takım Sporu,ABD,Yabancı,Yok,TV+ Var,Yıllık,Sürekli Lig,Takım Maç Sorgusu,Bilgi,Takım,Jenerik,Türkçe,Body,Takım Maç Sorgusu,Çekirdek
atlanta hawks fikstür,NBA,Basketbol,Lig,1. Seviye,Çekirdek,Erkek,Kulüp,Takım Sporu,ABD,Yabancı,Yok,TV+ Var,Yıllık,Sürekli Lig,Fikstür,Bilgi,Takım,Jenerik,Türkçe,Body,Fikstür,Çekirdek
atlanta hawks puan durumu,NBA,Basketbol,Lig,1. Seviye,Çekirdek,Erkek,Kulüp,Takım Sporu,ABD,Yabancı,Yok,TV+ Var,Yıllık,Sürekli Lig,Puan Durumu,Bilgi,Takım,Jenerik,İngilizce,Body,Puan Durumu,Çekirdek
atlanta hawks kadrosu,NBA,Basketbol,Lig,1. Seviye,Çekirdek,Erkek,Kulüp,Takım Sporu,ABD,Yabancı,Yok,TV+ Var,Yıllık,Sürekli Lig,Kadro,Bilgi,Takım,Jenerik,İngilizce,Body,Kadro,Çekirdek
atlanta hawks canlı izle,NBA,Basketbol,Lig,1. Seviye,Çekirdek,Erkek,Kulüp,Takım Sporu,ABD,Yabancı,Yok,TV+ Var,Yıllık,Sürekli Lig,Canlı İzle,İzleme,Takım,Jenerik,Türkçe,Body,Canlı İzle,Çekirdek
atlanta hawks transfer,NBA,Basketbol,Lig,1. Seviye,Çekirdek,Erkek,Kulüp,Takım Sporu,ABD,Yabancı,Yok,TV+ Var,Yıllık,Sürekli Lig,Transfer,Bilgi,Takım,Jenerik,İngilizce,Body,Transfer,Çekirdek
memphis grizzlies,NBA,Basketbol,Lig,1. Seviye,Çekirdek,Erkek,Kulüp,Takım Sporu,ABD,Yabancı,Yok,TV+ Var,Yıllık,Sürekli Lig,Takım Jenerik,Bilgi,Takım,Jenerik,İngilizce,Head,Takım Jenerik,Çekirdek
memphis grizzlies maçları,NBA,Basketbol,Lig,1. Seviye,Çekirdek,Erkek,Kulüp,Takım Sporu,ABD,Yabancı,Yok,TV+ Var,Yıllık,Sürekli Lig,Takım Maç Sorgusu,Bilgi,Takım,Jenerik,Türkçe,Body,Takım Maç Sorgusu,Çekirdek
memphis grizzlies fikstür,NBA,Basketbol,Lig,1. Seviye,Çekirdek,Erkek,Kulüp,Takım Sporu,ABD,Yabancı,Yok,TV+ Var,Yıllık,Sürekli Lig,Fikstür,Bilgi,Takım,Jenerik,Türkçe,Body,Fikstür,Çekirdek
memphis grizzlies puan durumu,NBA,Basketbol,Lig,1. Seviye,Çekirdek,Erkek,Kulüp,Takım Sporu,ABD,Yabancı,Yok,TV+ Var,Yıllık,Sürekli Lig,Puan Durumu,Bilgi,Takım,Jenerik,İngilizce,Body,Puan Durumu,Çekirdek
memphis grizzlies kadrosu,NBA,Basketbol,Lig,1. Seviye,Çekirdek,Erkek,Kulüp,Takım Sporu,ABD,Yabancı,Yok,TV+ Var,Yıllık,Sürekli Lig,Kadro,Bilgi,Takım,Jenerik,İngilizce,Body,Kadro,Çekirdek
memphis grizzlies canlı izle,NBA,Basketbol,Lig,1. Seviye,Çekirdek,Erkek,Kulüp,Takım Sporu,ABD,Yabancı,Yok,TV+ Var,Yıllık,Sürekli Lig,Canlı İzle,İzleme,Takım,Jenerik,Türkçe,Body,Canlı İzle,Çekirdek
memphis grizzlies transfer,NBA,Basketbol,Lig,1. Seviye,Çekirdek,Erkek,Kulüp,Takım Sporu,ABD,Yabancı,Yok,TV+ Var,Yıllık,Sürekli Lig,Transfer,Bilgi,Takım,Jenerik,İngilizce,Body,Transfer,Çekirdek
minnesota timberwolves,NBA,Basketbol,Lig,1. Seviye,Çekirdek,Erkek,Kulüp,Takım Sporu,ABD,Yabancı,Yok,TV+ Var,Yıllık,Sürekli Lig,Takım Jenerik,Bilgi,Takım,Jenerik,İngilizce,Head,Takım Jenerik,Çekirdek
minnesota timberwolves maçları,NBA,Basketbol,Lig,1. Seviye,Çekirdek,Erkek,Kulüp,Takım Sporu,ABD,Yabancı,Yok,TV+ Var,Yıllık,Sürekli Lig,Takım Maç Sorgusu,Bilgi,Takım,Jenerik,Türkçe,Body,Takım Maç Sorgusu,Çekirdek
minnesota timberwolves fikstür,NBA,Basketbol,Lig,1. Seviye,Çekirdek,Erkek,Kulüp,Takım Sporu,ABD,Yabancı,Yok,TV+ Var,Yıllık,Sürekli Lig,Fikstür,Bilgi,Takım,Jenerik,Türkçe,Body,Fikstür,Çekirdek
minnesota timberwolves puan durumu,NBA,Basketbol,Lig,1. Seviye,Çekirdek,Erkek,Kulüp,Takım Sporu,ABD,Yabancı,Yok,TV+ Var,Yıllık,Sürekli Lig,Puan Durumu,Bilgi,Takım,Jenerik,İngilizce,Body,Puan Durumu,Çekirdek
minnesota timberwolves kadrosu,NBA,Basketbol,Lig,1. Seviye,Çekirdek,Erkek,Kulüp,Takım Sporu,ABD,Yabancı,Yok,TV+ Var,Yıllık,Sürekli Lig,Kadro,Bilgi,Takım,Jenerik,İngilizce,Body,Kadro,Çekirdek
minnesota timberwolves canlı izle,NBA,Basketbol,Lig,1. Seviye,Çekirdek,Erkek,Kulüp,Takım Sporu,ABD,Yabancı,Yok,TV+ Var,Yıllık,Sürekli Lig,Canlı İzle,İzleme,Takım,Jenerik,Türkçe,Body,Canlı İzle,Çekirdek
minnesota timberwolves transfer,NBA,Basketbol,Lig,1. Seviye,Çekirdek,Erkek,Kulüp,Takım Sporu,ABD,Yabancı,Yok,TV+ Var,Yıllık,Sürekli Lig,Transfer,Bilgi,Takım,Jenerik,İngilizce,Body,Transfer,Çekirdek
orlando magic,NBA,Basketbol,Lig,1. Seviye,Çekirdek,Erkek,Kulüp,Takım Sporu,ABD,Yabancı,Yok,TV+ Var,Yıllık,Sürekli Lig,Takım Jenerik,Bilgi,Takım,Jenerik,İngilizce,Head,Takım Jenerik,Çekirdek
orlando magic maçları,NBA,Basketbol,Lig,1. Seviye,Çekirdek,Erkek,Kulüp,Takım Sporu,ABD,Yabancı,Yok,TV+ Var,Yıllık,Sürekli Lig,Takım Maç Sorgusu,Bilgi,Takım,Jenerik,Türkçe,Body,Takım Maç Sorgusu,Çekirdek
orlando magic fikstür,NBA,Basketbol,Lig,1. Seviye,Çekirdek,Erkek,Kulüp,Takım Sporu,ABD,Yabancı,Yok,TV+ Var,Yıllık,Sürekli Lig,Fikstür,Bilgi,Takım,Jenerik,Türkçe,Body,Fikstür,Çekirdek
orlando magic puan durumu,NBA,Basketbol,Lig,1. Seviye,Çekirdek,Erkek,Kulüp,Takım Sporu,ABD,Yabancı,Yok,TV+ Var,Yıllık,Sürekli Lig,Puan Durumu,Bilgi,Takım,Jenerik,İngilizce,Body,Puan Durumu,Çekirdek
orlando magic kadrosu,NBA,Basketbol,Lig,1. Seviye,Çekirdek,Erkek,Kulüp,Takım Sporu,ABD,Yabancı,Yok,TV+ Var,Yıllık,Sürekli Lig,Kadro,Bilgi,Takım,Jenerik,İngilizce,Body,Kadro,Çekirdek
orlando magic canlı izle,NBA,Basketbol,Lig,1. Seviye,Çekirdek,Erkek,Kulüp,Takım Sporu,ABD,Yabancı,Yok,TV+ Var,Yıllık,Sürekli Lig,Canlı İzle,İzleme,Takım,Jenerik,Türkçe,Body,Canlı İzle,Çekirdek
orlando magic transfer,NBA,Basketbol,Lig,1. Seviye,Çekirdek,Erkek,Kulüp,Takım Sporu,ABD,Yabancı,Yok,TV+ Var,Yıllık,Sürekli Lig,Transfer,Bilgi,Takım,Jenerik,İngilizce,Body,Transfer,Çekirdek
indiana pacers,NBA,Basketbol,Lig,1. Seviye,Çekirdek,Erkek,Kulüp,Takım Sporu,ABD,Yabancı,Yok,TV+ Var,Yıllık,Sürekli Lig,Takım Jenerik,Bilgi,Takım,Jenerik,İngilizce,Head,Takım Jenerik,Çekirdek
indiana pacers maçları,NBA,Basketbol,Lig,1. Seviye,Çekirdek,Erkek,Kulüp,Takım Sporu,ABD,Yabancı,Yok,TV+ Var,Yıllık,Sürekli Lig,Takım Maç Sorgusu,Bilgi,Takım,Jenerik,Türkçe,Body,Takım Maç Sorgusu,Çekirdek
indiana pacers fikstür,NBA,Basketbol,Lig,1. Seviye,Çekirdek,Erkek,Kulüp,Takım Sporu,ABD,Yabancı,Yok,TV+ Var,Yıllık,Sürekli Lig,Fikstür,Bilgi,Takım,Jenerik,Türkçe,Body,Fikstür,Çekirdek
indiana pacers puan durumu,NBA,Basketbol,Lig,1. Seviye,Çekirdek,Erkek,Kulüp,Takım Sporu,ABD,Yabancı,Yok,TV+ Var,Yıllık,Sürekli Lig,Puan Durumu,Bilgi,Takım,Jenerik,İngilizce,Body,Puan Durumu,Çekirdek
indiana pacers kadrosu,NBA,Basketbol,Lig,1. Seviye,Çekirdek,Erkek,Kulüp,Takım Sporu,ABD,Yabancı,Yok,TV+ Var,Yıllık,Sürekli Lig,Kadro,Bilgi,Takım,Jenerik,İngilizce,Body,Kadro,Çekirdek
indiana pacers canlı izle,NBA,Basketbol,Lig,1. Seviye,Çekirdek,Erkek,Kulüp,Takım Sporu,ABD,Yabancı,Yok,TV+ Var,Yıllık,Sürekli Lig,Canlı İzle,İzleme,Takım,Jenerik,Türkçe,Body,Canlı İzle,Çekirdek
indiana pacers transfer,NBA,Basketbol,Lig,1. Seviye,Çekirdek,Erkek,Kulüp,Takım Sporu,ABD,Yabancı,Yok,TV+ Var,Yıllık,Sürekli Lig,Transfer,Bilgi,Takım,Jenerik,İngilizce,Body,Transfer,Çekirdek
sacramento kings,NBA,Basketbol,Lig,1. Seviye,Çekirdek,Erkek,Kulüp,Takım Sporu,ABD,Yabancı,Yok,TV+ Var,Yıllık,Sürekli Lig,Takım Jenerik,Bilgi,Takım,Jenerik,İngilizce,Head,Takım Jenerik,Çekirdek
sacramento kings maçları,NBA,Basketbol,Lig,1. Seviye,Çekirdek,Erkek,Kulüp,Takım Sporu,ABD,Yabancı,Yok,TV+ Var,Yıllık,Sürekli Lig,Takım Maç Sorgusu,Bilgi,Takım,Jenerik,Türkçe,Body,Takım Maç Sorgusu,Çekirdek
sacramento kings fikstür,NBA,Basketbol,Lig,1. Seviye,Çekirdek,Erkek,Kulüp,Takım Sporu,ABD,Yabancı,Yok,TV+ Var,Yıllık,Sürekli Lig,Fikstür,Bilgi,Takım,Jenerik,Türkçe,Body,Fikstür,Çekirdek
sacramento kings puan durumu,NBA,Basketbol,Lig,1. Seviye,Çekirdek,Erkek,Kulüp,Takım Sporu,ABD,Yabancı,Yok,TV+ Var,Yıllık,Sürekli Lig,Puan Durumu,Bilgi,Takım,Jenerik,İngilizce,Body,Puan Durumu,Çekirdek
sacramento kings kadrosu,NBA,Basketbol,Lig,1. Seviye,Çekirdek,Erkek,Kulüp,Takım Sporu,ABD,Yabancı,Yok,TV+ Var,Yıllık,Sürekli Lig,Kadro,Bilgi,Takım,Jenerik,İngilizce,Body,Kadro,Çekirdek
sacramento kings canlı izle,NBA,Basketbol,Lig,1. Seviye,Çekirdek,Erkek,Kulüp,Takım Sporu,ABD,Yabancı,Yok,TV+ Var,Yıllık,Sürekli Lig,Canlı İzle,İzleme,Takım,Jenerik,Türkçe,Body,Canlı İzle,Çekirdek
sacramento kings transfer,NBA,Basketbol,Lig,1. Seviye,Çekirdek,Erkek,Kulüp,Takım Sporu,ABD,Yabancı,Yok,TV+ Var,Yıllık,Sürekli Lig,Transfer,Bilgi,Takım,Jenerik,İngilizce,Body,Transfer,Çekirdek
new orleans pelicans,NBA,Basketbol,Lig,1. Seviye,Çekirdek,Erkek,Kulüp,Takım Sporu,ABD,Yabancı,Yok,TV+ Var,Yıllık,Sürekli Lig,Takım Jenerik,Bilgi,Takım,Jenerik,İngilizce,Body,Takım Jenerik,Çekirdek
new orleans pelicans maçları,NBA,Basketbol,Lig,1. Seviye,Çekirdek,Erkek,Kulüp,Takım Sporu,ABD,Yabancı,Yok,TV+ Var,Yıllık,Sürekli Lig,Takım Maç Sorgusu,Bilgi,Takım,Jenerik,Türkçe,Body,Takım Maç Sorgusu,Çekirdek
new orleans pelicans fikstür,NBA,Basketbol,Lig,1. Seviye,Çekirdek,Erkek,Kulüp,Takım Sporu,ABD,Yabancı,Yok,TV+ Var,Yıllık,Sürekli Lig,Fikstür,Bilgi,Takım,Jenerik,Türkçe,Body,Fikstür,Çekirdek
new orleans pelicans puan durumu,NBA,Basketbol,Lig,1. Seviye,Çekirdek,Erkek,Kulüp,Takım Sporu,ABD,Yabancı,Yok,TV+ Var,Yıllık,Sürekli Lig,Puan Durumu,Bilgi,Takım,Jenerik,İngilizce,Long-tail,Puan Durumu,Çekirdek
new orleans pelicans kadrosu,NBA,Basketbol,Lig,1. Seviye,Çekirdek,Erkek,Kulüp,Takım Sporu,ABD,Yabancı,Yok,TV+ Var,Yıllık,Sürekli Lig,Kadro,Bilgi,Takım,Jenerik,İngilizce,Body,Kadro,Çekirdek
new orleans pelicans canlı izle,NBA,Basketbol,Lig,1. Seviye,Çekirdek,Erkek,Kulüp,Takım Sporu,ABD,Yabancı,Yok,TV+ Var,Yıllık,Sürekli Lig,Canlı İzle,İzleme,Takım,Jenerik,Türkçe,Long-tail,Canlı İzle,Çekirdek
new orleans pelicans transfer,NBA,Basketbol,Lig,1. Seviye,Çekirdek,Erkek,Kulüp,Takım Sporu,ABD,Yabancı,Yok,TV+ Var,Yıllık,Sürekli Lig,Transfer,Bilgi,Takım,Jenerik,İngilizce,Body,Transfer,Çekirdek
detroit pistons,NBA,Basketbol,Lig,1. Seviye,Çekirdek,Erkek,Kulüp,Takım Sporu,ABD,Yabancı,Yok,TV+ Var,Yıllık,Sürekli Lig,Takım Jenerik,Bilgi,Takım,Jenerik,İngilizce,Head,Takım Jenerik,Çekirdek
detroit pistons maçları,NBA,Basketbol,Lig,1. Seviye,Çekirdek,Erkek,Kulüp,Takım Sporu,ABD,Yabancı,Yok,TV+ Var,Yıllık,Sürekli Lig,Takım Maç Sorgusu,Bilgi,Takım,Jenerik,Türkçe,Body,Takım Maç Sorgusu,Çekirdek
detroit pistons fikstür,NBA,Basketbol,Lig,1. Seviye,Çekirdek,Erkek,Kulüp,Takım Sporu,ABD,Yabancı,Yok,TV+ Var,Yıllık,Sürekli Lig,Fikstür,Bilgi,Takım,Jenerik,Türkçe,Body,Fikstür,Çekirdek
detroit pistons puan durumu,NBA,Basketbol,Lig,1. Seviye,Çekirdek,Erkek,Kulüp,Takım Sporu,ABD,Yabancı,Yok,TV+ Var,Yıllık,Sürekli Lig,Puan Durumu,Bilgi,Takım,Jenerik,İngilizce,Body,Puan Durumu,Çekirdek
detroit pistons kadrosu,NBA,Basketbol,Lig,1. Seviye,Çekirdek,Erkek,Kulüp,Takım Sporu,ABD,Yabancı,Yok,TV+ Var,Yıllık,Sürekli Lig,Kadro,Bilgi,Takım,Jenerik,İngilizce,Body,Kadro,Çekirdek
detroit pistons canlı izle,NBA,Basketbol,Lig,1. Seviye,Çekirdek,Erkek,Kulüp,Takım Sporu,ABD,Yabancı,Yok,TV+ Var,Yıllık,Sürekli Lig,Canlı İzle,İzleme,Takım,Jenerik,Türkçe,Body,Canlı İzle,Çekirdek
detroit pistons transfer,NBA,Basketbol,Lig,1. Seviye,Çekirdek,Erkek,Kulüp,Takım Sporu,ABD,Yabancı,Yok,TV+ Var,Yıllık,Sürekli Lig,Transfer,Bilgi,Takım,Jenerik,İngilizce,Body,Transfer,Çekirdek
portland trail blazers,NBA,Basketbol,Lig,1. Seviye,Çekirdek,Erkek,Kulüp,Takım Sporu,ABD,Yabancı,Yok,TV+ Var,Yıllık,Sürekli Lig,Takım Jenerik,Bilgi,Takım,Jenerik,İngilizce,Body,Takım Jenerik,Çekirdek
portland trail blazers maçları,NBA,Basketbol,Lig,1. Seviye,Çekirdek,Erkek,Kulüp,Takım Sporu,ABD,Yabancı,Yok,TV+ Var,Yıllık,Sürekli Lig,Takım Maç Sorgusu,Bilgi,Takım,Jenerik,Türkçe,Body,Takım Maç Sorgusu,Çekirdek
portland trail blazers fikstür,NBA,Basketbol,Lig,1. Seviye,Çekirdek,Erkek,Kulüp,Takım Sporu,ABD,Yabancı,Yok,TV+ Var,Yıllık,Sürekli Lig,Fikstür,Bilgi,Takım,Jenerik,Türkçe,Body,Fikstür,Çekirdek
portland trail blazers puan durumu,NBA,Basketbol,Lig,1. Seviye,Çekirdek,Erkek,Kulüp,Takım Sporu,ABD,Yabancı,Yok,TV+ Var,Yıllık,Sürekli Lig,Puan Durumu,Bilgi,Takım,Jenerik,İngilizce,Long-tail,Puan Durumu,Çekirdek
portland trail blazers kadrosu,NBA,Basketbol,Lig,1. Seviye,Çekirdek,Erkek,Kulüp,Takım Sporu,ABD,Yabancı,Yok,TV+ Var,Yıllık,Sürekli Lig,Kadro,Bilgi,Takım,Jenerik,İngilizce,Body,Kadro,Çekirdek
portland trail blazers canlı izle,NBA,Basketbol,Lig,1. Seviye,Çekirdek,Erkek,Kulüp,Takım Sporu,ABD,Yabancı,Yok,TV+ Var,Yıllık,Sürekli Lig,Canlı İzle,İzleme,Takım,Jenerik,Türkçe,Long-tail,Canlı İzle,Çekirdek
portland trail blazers transfer,NBA,Basketbol,Lig,1. Seviye,Çekirdek,Erkek,Kulüp,Takım Sporu,ABD,Yabancı,Yok,TV+ Var,Yıllık,Sürekli Lig,Transfer,Bilgi,Takım,Jenerik,İngilizce,Body,Transfer,Çekirdek
utah jazz,NBA,Basketbol,Lig,1. Seviye,Çekirdek,Erkek,Kulüp,Takım Sporu,ABD,Yabancı,Yok,TV+ Var,Yıllık,Sürekli Lig,Takım Jenerik,Bilgi,Takım,Jenerik,İngilizce,Head,Takım Jenerik,Çekirdek
utah jazz maçları,NBA,Basketbol,Lig,1. Seviye,Çekirdek,Erkek,Kulüp,Takım Sporu,ABD,Yabancı,Yok,TV+ Var,Yıllık,Sürekli Lig,Takım Maç Sorgusu,Bilgi,Takım,Jenerik,Türkçe,Body,Takım Maç Sorgusu,Çekirdek
utah jazz fikstür,NBA,Basketbol,Lig,1. Seviye,Çekirdek,Erkek,Kulüp,Takım Sporu,ABD,Yabancı,Yok,TV+ Var,Yıllık,Sürekli Lig,Fikstür,Bilgi,Takım,Jenerik,Türkçe,Body,Fikstür,Çekirdek
utah jazz puan durumu,NBA,Basketbol,Lig,1. Seviye,Çekirdek,Erkek,Kulüp,Takım Sporu,ABD,Yabancı,Yok,TV+ Var,Yıllık,Sürekli Lig,Puan Durumu,Bilgi,Takım,Jenerik,İngilizce,Body,Puan Durumu,Çekirdek
utah jazz kadrosu,NBA,Basketbol,Lig,1. Seviye,Çekirdek,Erkek,Kulüp,Takım Sporu,ABD,Yabancı,Yok,TV+ Var,Yıllık,Sürekli Lig,Kadro,Bilgi,Takım,Jenerik,İngilizce,Body,Kadro,Çekirdek
utah jazz canlı izle,NBA,Basketbol,Lig,1. Seviye,Çekirdek,Erkek,Kulüp,Takım Sporu,ABD,Yabancı,Yok,TV+ Var,Yıllık,Sürekli Lig,Canlı İzle,İzleme,Takım,Jenerik,Türkçe,Body,Canlı İzle,Çekirdek
utah jazz transfer,NBA,Basketbol,Lig,1. Seviye,Çekirdek,Erkek,Kulüp,Takım Sporu,ABD,Yabancı,Yok,TV+ Var,Yıllık,Sürekli Lig,Transfer,Bilgi,Takım,Jenerik,İngilizce,Body,Transfer,Çekirdek
charlotte hornets,NBA,Basketbol,Lig,1. Seviye,Çekirdek,Erkek,Kulüp,Takım Sporu,ABD,Yabancı,Yok,TV+ Var,Yıllık,Sürekli Lig,Takım Jenerik,Bilgi,Takım,Jenerik,İngilizce,Head,Takım Jenerik,Çekirdek
charlotte hornets maçları,NBA,Basketbol,Lig,1. Seviye,Çekirdek,Erkek,Kulüp,Takım Sporu,ABD,Yabancı,Yok,TV+ Var,Yıllık,Sürekli Lig,Takım Maç Sorgusu,Bilgi,Takım,Jenerik,Türkçe,Body,Takım Maç Sorgusu,Çekirdek
charlotte hornets fikstür,NBA,Basketbol,Lig,1. Seviye,Çekirdek,Erkek,Kulüp,Takım Sporu,ABD,Yabancı,Yok,TV+ Var,Yıllık,Sürekli Lig,Fikstür,Bilgi,Takım,Jenerik,Türkçe,Body,Fikstür,Çekirdek
charlotte hornets puan durumu,NBA,Basketbol,Lig,1. Seviye,Çekirdek,Erkek,Kulüp,Takım Sporu,ABD,Yabancı,Yok,TV+ Var,Yıllık,Sürekli Lig,Puan Durumu,Bilgi,Takım,Jenerik,İngilizce,Body,Puan Durumu,Çekirdek
charlotte hornets kadrosu,NBA,Basketbol,Lig,1. Seviye,Çekirdek,Erkek,Kulüp,Takım Sporu,ABD,Yabancı,Yok,TV+ Var,Yıllık,Sürekli Lig,Kadro,Bilgi,Takım,Jenerik,İngilizce,Body,Kadro,Çekirdek
charlotte hornets canlı izle,NBA,Basketbol,Lig,1. Seviye,Çekirdek,Erkek,Kulüp,Takım Sporu,ABD,Yabancı,Yok,TV+ Var,Yıllık,Sürekli Lig,Canlı İzle,İzleme,Takım,Jenerik,Türkçe,Body,Canlı İzle,Çekirdek
charlotte hornets transfer,NBA,Basketbol,Lig,1. Seviye,Çekirdek,Erkek,Kulüp,Takım Sporu,ABD,Yabancı,Yok,TV+ Var,Yıllık,Sürekli Lig,Transfer,Bilgi,Takım,Jenerik,İngilizce,Body,Transfer,Çekirdek
washington wizards,NBA,Basketbol,Lig,1. Seviye,Çekirdek,Erkek,Kulüp,Takım Sporu,ABD,Yabancı,Yok,TV+ Var,Yıllık,Sürekli Lig,Takım Jenerik,Bilgi,Takım,Jenerik,İngilizce,Head,Takım Jenerik,Çekirdek
washington wizards maçları,NBA,Basketbol,Lig,1. Seviye,Çekirdek,Erkek,Kulüp,Takım Sporu,ABD,Yabancı,Yok,TV+ Var,Yıllık,Sürekli Lig,Takım Maç Sorgusu,Bilgi,Takım,Jenerik,Türkçe,Body,Takım Maç Sorgusu,Çekirdek
washington wizards fikstür,NBA,Basketbol,Lig,1. Seviye,Çekirdek,Erkek,Kulüp,Takım Sporu,ABD,Yabancı,Yok,TV+ Var,Yıllık,Sürekli Lig,Fikstür,Bilgi,Takım,Jenerik,Türkçe,Body,Fikstür,Çekirdek
washington wizards puan durumu,NBA,Basketbol,Lig,1. Seviye,Çekirdek,Erkek,Kulüp,Takım Sporu,ABD,Yabancı,Yok,TV+ Var,Yıllık,Sürekli Lig,Puan Durumu,Bilgi,Takım,Jenerik,İngilizce,Body,Puan Durumu,Çekirdek
washington wizards kadrosu,NBA,Basketbol,Lig,1. Seviye,Çekirdek,Erkek,Kulüp,Takım Sporu,ABD,Yabancı,Yok,TV+ Var,Yıllık,Sürekli Lig,Kadro,Bilgi,Takım,Jenerik,İngilizce,Body,Kadro,Çekirdek
washington wizards canlı izle,NBA,Basketbol,Lig,1. Seviye,Çekirdek,Erkek,Kulüp,Takım Sporu,ABD,Yabancı,Yok,TV+ Var,Yıllık,Sürekli Lig,Canlı İzle,İzleme,Takım,Jenerik,Türkçe,Body,Canlı İzle,Çekirdek
washington wizards transfer,NBA,Basketbol,Lig,1. Seviye,Çekirdek,Erkek,Kulüp,Takım Sporu,ABD,Yabancı,Yok,TV+ Var,Yıllık,Sürekli Lig,Transfer,Bilgi,Takım,Jenerik,İngilizce,Body,Transfer,Çekirdek
los angeles clippers,NBA,Basketbol,Lig,1. Seviye,Çekirdek,Erkek,Kulüp,Takım Sporu,ABD,Yabancı,Yok,TV+ Var,Yıllık,Sürekli Lig,Takım Jenerik,Bilgi,Takım,Jenerik,İngilizce,Body,Takım Jenerik,Çekirdek
los angeles clippers maçları,NBA,Basketbol,Lig,1. Seviye,Çekirdek,Erkek,Kulüp,Takım Sporu,ABD,Yabancı,Yok,TV+ Var,Yıllık,Sürekli Lig,Takım Maç Sorgusu,Bilgi,Takım,Jenerik,Türkçe,Body,Takım Maç Sorgusu,Çekirdek
los angeles clippers fikstür,NBA,Basketbol,Lig,1. Seviye,Çekirdek,Erkek,Kulüp,Takım Sporu,ABD,Yabancı,Yok,TV+ Var,Yıllık,Sürekli Lig,Fikstür,Bilgi,Takım,Jenerik,Türkçe,Body,Fikstür,Çekirdek
los angeles clippers puan durumu,NBA,Basketbol,Lig,1. Seviye,Çekirdek,Erkek,Kulüp,Takım Sporu,ABD,Yabancı,Yok,TV+ Var,Yıllık,Sürekli Lig,Puan Durumu,Bilgi,Takım,Jenerik,İngilizce,Long-tail,Puan Durumu,Çekirdek
los angeles clippers kadrosu,NBA,Basketbol,Lig,1. Seviye,Çekirdek,Erkek,Kulüp,Takım Sporu,ABD,Yabancı,Yok,TV+ Var,Yıllık,Sürekli Lig,Kadro,Bilgi,Takım,Jenerik,İngilizce,Body,Kadro,Çekirdek
los angeles clippers canlı izle,NBA,Basketbol,Lig,1. Seviye,Çekirdek,Erkek,Kulüp,Takım Sporu,ABD,Yabancı,Yok,TV+ Var,Yıllık,Sürekli Lig,Canlı İzle,İzleme,Takım,Jenerik,Türkçe,Long-tail,Canlı İzle,Çekirdek
los angeles clippers transfer,NBA,Basketbol,Lig,1. Seviye,Çekirdek,Erkek,Kulüp,Takım Sporu,ABD,Yabancı,Yok,TV+ Var,Yıllık,Sürekli Lig,Transfer,Bilgi,Takım,Jenerik,İngilizce,Body,Transfer,Çekirdek
vakıfbank,Sultanlar Ligi,Voleybol,Lig,1. Seviye,Çekirdek,Kadın,Kulüp,Takım Sporu,Türkiye,Yerli,Türk Takımı Var,Doğrulanacak,Yıllık,Sürekli Lig,Takım Jenerik,Bilgi,Takım,Jenerik,Türkçe,Head,Takım Jenerik,Çekirdek
vakıfbank maçları,Sultanlar Ligi,Voleybol,Lig,1. Seviye,Çekirdek,Kadın,Kulüp,Takım Sporu,Türkiye,Yerli,Türk Takımı Var,Doğrulanacak,Yıllık,Sürekli Lig,Takım Maç Sorgusu,Bilgi,Takım,Jenerik,Türkçe,Head,Takım Maç Sorgusu,Çekirdek
vakıfbank fikstür,Sultanlar Ligi,Voleybol,Lig,1. Seviye,Çekirdek,Kadın,Kulüp,Takım Sporu,Türkiye,Yerli,Türk Takımı Var,Doğrulanacak,Yıllık,Sürekli Lig,Fikstür,Bilgi,Takım,Jenerik,Türkçe,Head,Fikstür,Çekirdek
vakıfbank puan durumu,Sultanlar Ligi,Voleybol,Lig,1. Seviye,Çekirdek,Kadın,Kulüp,Takım Sporu,Türkiye,Yerli,Türk Takımı Var,Doğrulanacak,Yıllık,Sürekli Lig,Puan Durumu,Bilgi,Takım,Jenerik,Türkçe,Body,Puan Durumu,Çekirdek
vakıfbank kadrosu,Sultanlar Ligi,Voleybol,Lig,1. Seviye,Çekirdek,Kadın,Kulüp,Takım Sporu,Türkiye,Yerli,Türk Takımı Var,Doğrulanacak,Yıllık,Sürekli Lig,Kadro,Bilgi,Takım,Jenerik,Türkçe,Head,Kadro,Çekirdek
vakıfbank canlı izle,Sultanlar Ligi,Voleybol,Lig,1. Seviye,Çekirdek,Kadın,Kulüp,Takım Sporu,Türkiye,Yerli,Türk Takımı Var,Doğrulanacak,Yıllık,Sürekli Lig,Canlı İzle,İzleme,Takım,Jenerik,Türkçe,Body,Canlı İzle,Çekirdek
vakıfbank transfer,Sultanlar Ligi,Voleybol,Lig,1. Seviye,Çekirdek,Kadın,Kulüp,Takım Sporu,Türkiye,Yerli,Türk Takımı Var,Doğrulanacak,Yıllık,Sürekli Lig,Transfer,Bilgi,Takım,Jenerik,Türkçe,Head,Transfer,Çekirdek
fenerbahçe opet,Sultanlar Ligi,Voleybol,Lig,1. Seviye,Çekirdek,Kadın,Kulüp,Takım Sporu,Türkiye,Yerli,Türk Takımı Var,Doğrulanacak,Yıllık,Sürekli Lig,Takım Jenerik,Bilgi,Takım,Jenerik,Türkçe,Head,Takım Jenerik,Çekirdek
fenerbahçe opet maçları,Sultanlar Ligi,Voleybol,Lig,1. Seviye,Çekirdek,Kadın,Kulüp,Takım Sporu,Türkiye,Yerli,Türk Takımı Var,Doğrulanacak,Yıllık,Sürekli Lig,Takım Maç Sorgusu,Bilgi,Takım,Jenerik,Türkçe,Body,Takım Maç Sorgusu,Çekirdek
fenerbahçe opet fikstür,Sultanlar Ligi,Voleybol,Lig,1. Seviye,Çekirdek,Kadın,Kulüp,Takım Sporu,Türkiye,Yerli,Türk Takımı Var,Doğrulanacak,Yıllık,Sürekli Lig,Fikstür,Bilgi,Takım,Jenerik,Türkçe,Body,Fikstür,Çekirdek
fenerbahçe opet puan durumu,Sultanlar Ligi,Voleybol,Lig,1. Seviye,Çekirdek,Kadın,Kulüp,Takım Sporu,Türkiye,Yerli,Türk Takımı Var,Doğrulanacak,Yıllık,Sürekli Lig,Puan Durumu,Bilgi,Takım,Jenerik,Türkçe,Body,Puan Durumu,Çekirdek
fenerbahçe opet kadrosu,Sultanlar Ligi,Voleybol,Lig,1. Seviye,Çekirdek,Kadın,Kulüp,Takım Sporu,Türkiye,Yerli,Türk Takımı Var,Doğrulanacak,Yıllık,Sürekli Lig,Kadro,Bilgi,Takım,Jenerik,Türkçe,Body,Kadro,Çekirdek
fenerbahçe opet canlı izle,Sultanlar Ligi,Voleybol,Lig,1. Seviye,Çekirdek,Kadın,Kulüp,Takım Sporu,Türkiye,Yerli,Türk Takımı Var,Doğrulanacak,Yıllık,Sürekli Lig,Canlı İzle,İzleme,Takım,Jenerik,Türkçe,Body,Canlı İzle,Çekirdek
fenerbahçe opet transfer,Sultanlar Ligi,Voleybol,Lig,1. Seviye,Çekirdek,Kadın,Kulüp,Takım Sporu,Türkiye,Yerli,Türk Takımı Var,Doğrulanacak,Yıllık,Sürekli Lig,Transfer,Bilgi,Takım,Jenerik,Türkçe,Body,Transfer,Çekirdek
eczacıbaşı,Sultanlar Ligi,Voleybol,Lig,1. Seviye,Çekirdek,Kadın,Kulüp,Takım Sporu,Türkiye,Yerli,Türk Takımı Var,Doğrulanacak,Yıllık,Sürekli Lig,Takım Jenerik,Bilgi,Takım,Jenerik,Türkçe,Head,Takım Jenerik,Çekirdek
eczacıbaşı maçları,Sultanlar Ligi,Voleybol,Lig,1. Seviye,Çekirdek,Kadın,Kulüp,Takım Sporu,Türkiye,Yerli,Türk Takımı Var,Doğrulanacak,Yıllık,Sürekli Lig,Takım Maç Sorgusu,Bilgi,Takım,Jenerik,Türkçe,Head,Takım Maç Sorgusu,Çekirdek
eczacıbaşı fikstür,Sultanlar Ligi,Voleybol,Lig,1. Seviye,Çekirdek,Kadın,Kulüp,Takım Sporu,Türkiye,Yerli,Türk Takımı Var,Doğrulanacak,Yıllık,Sürekli Lig,Fikstür,Bilgi,Takım,Jenerik,Türkçe,Head,Fikstür,Çekirdek
eczacıbaşı puan durumu,Sultanlar Ligi,Voleybol,Lig,1. Seviye,Çekirdek,Kadın,Kulüp,Takım Sporu,Türkiye,Yerli,Türk Takımı Var,Doğrulanacak,Yıllık,Sürekli Lig,Puan Durumu,Bilgi,Takım,Jenerik,Türkçe,Body,Puan Durumu,Çekirdek
eczacıbaşı kadrosu,Sultanlar Ligi,Voleybol,Lig,1. Seviye,Çekirdek,Kadın,Kulüp,Takım Sporu,Türkiye,Yerli,Türk Takımı Var,Doğrulanacak,Yıllık,Sürekli Lig,Kadro,Bilgi,Takım,Jenerik,Türkçe,Head,Kadro,Çekirdek
eczacıbaşı canlı izle,Sultanlar Ligi,Voleybol,Lig,1. Seviye,Çekirdek,Kadın,Kulüp,Takım Sporu,Türkiye,Yerli,Türk Takımı Var,Doğrulanacak,Yıllık,Sürekli Lig,Canlı İzle,İzleme,Takım,Jenerik,Türkçe,Body,Canlı İzle,Çekirdek
eczacıbaşı transfer,Sultanlar Ligi,Voleybol,Lig,1. Seviye,Çekirdek,Kadın,Kulüp,Takım Sporu,Türkiye,Yerli,Türk Takımı Var,Doğrulanacak,Yıllık,Sürekli Lig,Transfer,Bilgi,Takım,Jenerik,Türkçe,Head,Transfer,Çekirdek
galatasaray daikin,Sultanlar Ligi,Voleybol,Lig,1. Seviye,Çekirdek,Kadın,Kulüp,Takım Sporu,Türkiye,Yerli,Türk Takımı Var,Doğrulanacak,Yıllık,Sürekli Lig,Takım Jenerik,Bilgi,Takım,Jenerik,İngilizce,Head,Takım Jenerik,Çekirdek
galatasaray daikin maçları,Sultanlar Ligi,Voleybol,Lig,1. Seviye,Çekirdek,Kadın,Kulüp,Takım Sporu,Türkiye,Yerli,Türk Takımı Var,Doğrulanacak,Yıllık,Sürekli Lig,Takım Maç Sorgusu,Bilgi,Takım,Jenerik,Türkçe,Body,Takım Maç Sorgusu,Çekirdek
galatasaray daikin fikstür,Sultanlar Ligi,Voleybol,Lig,1. Seviye,Çekirdek,Kadın,Kulüp,Takım Sporu,Türkiye,Yerli,Türk Takımı Var,Doğrulanacak,Yıllık,Sürekli Lig,Fikstür,Bilgi,Takım,Jenerik,Türkçe,Body,Fikstür,Çekirdek
galatasaray daikin puan durumu,Sultanlar Ligi,Voleybol,Lig,1. Seviye,Çekirdek,Kadın,Kulüp,Takım Sporu,Türkiye,Yerli,Türk Takımı Var,Doğrulanacak,Yıllık,Sürekli Lig,Puan Durumu,Bilgi,Takım,Jenerik,İngilizce,Body,Puan Durumu,Çekirdek
galatasaray daikin kadrosu,Sultanlar Ligi,Voleybol,Lig,1. Seviye,Çekirdek,Kadın,Kulüp,Takım Sporu,Türkiye,Yerli,Türk Takımı Var,Doğrulanacak,Yıllık,Sürekli Lig,Kadro,Bilgi,Takım,Jenerik,İngilizce,Body,Kadro,Çekirdek
galatasaray daikin canlı izle,Sultanlar Ligi,Voleybol,Lig,1. Seviye,Çekirdek,Kadın,Kulüp,Takım Sporu,Türkiye,Yerli,Türk Takımı Var,Doğrulanacak,Yıllık,Sürekli Lig,Canlı İzle,İzleme,Takım,Jenerik,Türkçe,Body,Canlı İzle,Çekirdek
galatasaray daikin transfer,Sultanlar Ligi,Voleybol,Lig,1. Seviye,Çekirdek,Kadın,Kulüp,Takım Sporu,Türkiye,Yerli,Türk Takımı Var,Doğrulanacak,Yıllık,Sürekli Lig,Transfer,Bilgi,Takım,Jenerik,İngilizce,Body,Transfer,Çekirdek
türk hava yolları voleybol,Sultanlar Ligi,Voleybol,Lig,1. Seviye,Çekirdek,Kadın,Kulüp,Takım Sporu,Türkiye,Yerli,Türk Takımı Var,Doğrulanacak,Yıllık,Sürekli Lig,Takım Jenerik,Bilgi,Takım,Jenerik,Türkçe,Body,Takım Jenerik,Çekirdek
türk hava yolları voleybol maçları,Sultanlar Ligi,Voleybol,Lig,1. Seviye,Çekirdek,Kadın,Kulüp,Takım Sporu,Türkiye,Yerli,Türk Takımı Var,Doğrulanacak,Yıllık,Sürekli Lig,Takım Maç Sorgusu,Bilgi,Takım,Jenerik,Türkçe,Long-tail,Takım Maç Sorgusu,Çekirdek
türk hava yolları voleybol fikstür,Sultanlar Ligi,Voleybol,Lig,1. Seviye,Çekirdek,Kadın,Kulüp,Takım Sporu,Türkiye,Yerli,Türk Takımı Var,Doğrulanacak,Yıllık,Sürekli Lig,Fikstür,Bilgi,Takım,Jenerik,Türkçe,Long-tail,Fikstür,Çekirdek
türk hava yolları voleybol puan durumu,Sultanlar Ligi,Voleybol,Lig,1. Seviye,Çekirdek,Kadın,Kulüp,Takım Sporu,Türkiye,Yerli,Türk Takımı Var,Doğrulanacak,Yıllık,Sürekli Lig,Puan Durumu,Bilgi,Takım,Jenerik,Türkçe,Long-tail,Puan Durumu,Çekirdek
türk hava yolları voleybol kadrosu,Sultanlar Ligi,Voleybol,Lig,1. Seviye,Çekirdek,Kadın,Kulüp,Takım Sporu,Türkiye,Yerli,Türk Takımı Var,Doğrulanacak,Yıllık,Sürekli Lig,Kadro,Bilgi,Takım,Jenerik,Türkçe,Long-tail,Kadro,Çekirdek
türk hava yolları voleybol canlı izle,Sultanlar Ligi,Voleybol,Lig,1. Seviye,Çekirdek,Kadın,Kulüp,Takım Sporu,Türkiye,Yerli,Türk Takımı Var,Doğrulanacak,Yıllık,Sürekli Lig,Canlı İzle,İzleme,Takım,Jenerik,Türkçe,Long-tail,Canlı İzle,Çekirdek
türk hava yolları voleybol transfer,Sultanlar Ligi,Voleybol,Lig,1. Seviye,Çekirdek,Kadın,Kulüp,Takım Sporu,Türkiye,Yerli,Türk Takımı Var,Doğrulanacak,Yıllık,Sürekli Lig,Transfer,Bilgi,Takım,Jenerik,Türkçe,Long-tail,Transfer,Çekirdek
beşiktaş voleybol,Sultanlar Ligi,Voleybol,Lig,1. Seviye,Çekirdek,Kadın,Kulüp,Takım Sporu,Türkiye,Yerli,Türk Takımı Var,Doğrulanacak,Yıllık,Sürekli Lig,Takım Jenerik,Bilgi,Takım,Jenerik,Türkçe,Head,Takım Jenerik,Çekirdek
beşiktaş voleybol maçları,Sultanlar Ligi,Voleybol,Lig,1. Seviye,Çekirdek,Kadın,Kulüp,Takım Sporu,Türkiye,Yerli,Türk Takımı Var,Doğrulanacak,Yıllık,Sürekli Lig,Takım Maç Sorgusu,Bilgi,Takım,Jenerik,Türkçe,Body,Takım Maç Sorgusu,Çekirdek
beşiktaş voleybol fikstür,Sultanlar Ligi,Voleybol,Lig,1. Seviye,Çekirdek,Kadın,Kulüp,Takım Sporu,Türkiye,Yerli,Türk Takımı Var,Doğrulanacak,Yıllık,Sürekli Lig,Fikstür,Bilgi,Takım,Jenerik,Türkçe,Body,Fikstür,Çekirdek
beşiktaş voleybol puan durumu,Sultanlar Ligi,Voleybol,Lig,1. Seviye,Çekirdek,Kadın,Kulüp,Takım Sporu,Türkiye,Yerli,Türk Takımı Var,Doğrulanacak,Yıllık,Sürekli Lig,Puan Durumu,Bilgi,Takım,Jenerik,Türkçe,Body,Puan Durumu,Çekirdek
beşiktaş voleybol kadrosu,Sultanlar Ligi,Voleybol,Lig,1. Seviye,Çekirdek,Kadın,Kulüp,Takım Sporu,Türkiye,Yerli,Türk Takımı Var,Doğrulanacak,Yıllık,Sürekli Lig,Kadro,Bilgi,Takım,Jenerik,Türkçe,Body,Kadro,Çekirdek
beşiktaş voleybol canlı izle,Sultanlar Ligi,Voleybol,Lig,1. Seviye,Çekirdek,Kadın,Kulüp,Takım Sporu,Türkiye,Yerli,Türk Takımı Var,Doğrulanacak,Yıllık,Sürekli Lig,Canlı İzle,İzleme,Takım,Jenerik,Türkçe,Body,Canlı İzle,Çekirdek
beşiktaş voleybol transfer,Sultanlar Ligi,Voleybol,Lig,1. Seviye,Çekirdek,Kadın,Kulüp,Takım Sporu,Türkiye,Yerli,Türk Takımı Var,Doğrulanacak,Yıllık,Sürekli Lig,Transfer,Bilgi,Takım,Jenerik,Türkçe,Body,Transfer,Çekirdek
kuzeyboru,Sultanlar Ligi,Voleybol,Lig,1. Seviye,Çekirdek,Kadın,Kulüp,Takım Sporu,Türkiye,Yerli,Türk Takımı Var,Doğrulanacak,Yıllık,Sürekli Lig,Takım Jenerik,Bilgi,Takım,Jenerik,İngilizce,Head,Takım Jenerik,Çekirdek
kuzeyboru maçları,Sultanlar Ligi,Voleybol,Lig,1. Seviye,Çekirdek,Kadın,Kulüp,Takım Sporu,Türkiye,Yerli,Türk Takımı Var,Doğrulanacak,Yıllık,Sürekli Lig,Takım Maç Sorgusu,Bilgi,Takım,Jenerik,Türkçe,Head,Takım Maç Sorgusu,Çekirdek
kuzeyboru fikstür,Sultanlar Ligi,Voleybol,Lig,1. Seviye,Çekirdek,Kadın,Kulüp,Takım Sporu,Türkiye,Yerli,Türk Takımı Var,Doğrulanacak,Yıllık,Sürekli Lig,Fikstür,Bilgi,Takım,Jenerik,Türkçe,Head,Fikstür,Çekirdek
kuzeyboru puan durumu,Sultanlar Ligi,Voleybol,Lig,1. Seviye,Çekirdek,Kadın,Kulüp,Takım Sporu,Türkiye,Yerli,Türk Takımı Var,Doğrulanacak,Yıllık,Sürekli Lig,Puan Durumu,Bilgi,Takım,Jenerik,İngilizce,Body,Puan Durumu,Çekirdek
kuzeyboru kadrosu,Sultanlar Ligi,Voleybol,Lig,1. Seviye,Çekirdek,Kadın,Kulüp,Takım Sporu,Türkiye,Yerli,Türk Takımı Var,Doğrulanacak,Yıllık,Sürekli Lig,Kadro,Bilgi,Takım,Jenerik,İngilizce,Head,Kadro,Çekirdek
kuzeyboru canlı izle,Sultanlar Ligi,Voleybol,Lig,1. Seviye,Çekirdek,Kadın,Kulüp,Takım Sporu,Türkiye,Yerli,Türk Takımı Var,Doğrulanacak,Yıllık,Sürekli Lig,Canlı İzle,İzleme,Takım,Jenerik,Türkçe,Body,Canlı İzle,Çekirdek
kuzeyboru transfer,Sultanlar Ligi,Voleybol,Lig,1. Seviye,Çekirdek,Kadın,Kulüp,Takım Sporu,Türkiye,Yerli,Türk Takımı Var,Doğrulanacak,Yıllık,Sürekli Lig,Transfer,Bilgi,Takım,Jenerik,İngilizce,Head,Transfer,Çekirdek
zeren spor,Sultanlar Ligi,Voleybol,Lig,1. Seviye,Çekirdek,Kadın,Kulüp,Takım Sporu,Türkiye,Yerli,Türk Takımı Var,Doğrulanacak,Yıllık,Sürekli Lig,Takım Jenerik,Bilgi,Takım,Jenerik,İngilizce,Head,Takım Jenerik,Çekirdek
zeren spor maçları,Sultanlar Ligi,Voleybol,Lig,1. Seviye,Çekirdek,Kadın,Kulüp,Takım Sporu,Türkiye,Yerli,Türk Takımı Var,Doğrulanacak,Yıllık,Sürekli Lig,Takım Maç Sorgusu,Bilgi,Takım,Jenerik,Türkçe,Body,Takım Maç Sorgusu,Çekirdek
zeren spor fikstür,Sultanlar Ligi,Voleybol,Lig,1. Seviye,Çekirdek,Kadın,Kulüp,Takım Sporu,Türkiye,Yerli,Türk Takımı Var,Doğrulanacak,Yıllık,Sürekli Lig,Fikstür,Bilgi,Takım,Jenerik,Türkçe,Body,Fikstür,Çekirdek
zeren spor puan durumu,Sultanlar Ligi,Voleybol,Lig,1. Seviye,Çekirdek,Kadın,Kulüp,Takım Sporu,Türkiye,Yerli,Türk Takımı Var,Doğrulanacak,Yıllık,Sürekli Lig,Puan Durumu,Bilgi,Takım,Jenerik,İngilizce,Body,Puan Durumu,Çekirdek
zeren spor kadrosu,Sultanlar Ligi,Voleybol,Lig,1. Seviye,Çekirdek,Kadın,Kulüp,Takım Sporu,Türkiye,Yerli,Türk Takımı Var,Doğrulanacak,Yıllık,Sürekli Lig,Kadro,Bilgi,Takım,Jenerik,İngilizce,Body,Kadro,Çekirdek
zeren spor canlı izle,Sultanlar Ligi,Voleybol,Lig,1. Seviye,Çekirdek,Kadın,Kulüp,Takım Sporu,Türkiye,Yerli,Türk Takımı Var,Doğrulanacak,Yıllık,Sürekli Lig,Canlı İzle,İzleme,Takım,Jenerik,Türkçe,Body,Canlı İzle,Çekirdek
zeren spor transfer,Sultanlar Ligi,Voleybol,Lig,1. Seviye,Çekirdek,Kadın,Kulüp,Takım Sporu,Türkiye,Yerli,Türk Takımı Var,Doğrulanacak,Yıllık,Sürekli Lig,Transfer,Bilgi,Takım,Jenerik,İngilizce,Body,Transfer,Çekirdek
nilüfer belediyespor,Sultanlar Ligi,Voleybol,Lig,1. Seviye,Çekirdek,Kadın,Kulüp,Takım Sporu,Türkiye,Yerli,Türk Takımı Var,Doğrulanacak,Yıllık,Sürekli Lig,Takım Jenerik,Bilgi,Takım,Jenerik,Türkçe,Head,Takım Jenerik,Çekirdek
nilüfer belediyespor maçları,Sultanlar Ligi,Voleybol,Lig,1. Seviye,Çekirdek,Kadın,Kulüp,Takım Sporu,Türkiye,Yerli,Türk Takımı Var,Doğrulanacak,Yıllık,Sürekli Lig,Takım Maç Sorgusu,Bilgi,Takım,Jenerik,Türkçe,Body,Takım Maç Sorgusu,Çekirdek
nilüfer belediyespor fikstür,Sultanlar Ligi,Voleybol,Lig,1. Seviye,Çekirdek,Kadın,Kulüp,Takım Sporu,Türkiye,Yerli,Türk Takımı Var,Doğrulanacak,Yıllık,Sürekli Lig,Fikstür,Bilgi,Takım,Jenerik,Türkçe,Body,Fikstür,Çekirdek
nilüfer belediyespor puan durumu,Sultanlar Ligi,Voleybol,Lig,1. Seviye,Çekirdek,Kadın,Kulüp,Takım Sporu,Türkiye,Yerli,Türk Takımı Var,Doğrulanacak,Yıllık,Sürekli Lig,Puan Durumu,Bilgi,Takım,Jenerik,Türkçe,Body,Puan Durumu,Çekirdek
nilüfer belediyespor kadrosu,Sultanlar Ligi,Voleybol,Lig,1. Seviye,Çekirdek,Kadın,Kulüp,Takım Sporu,Türkiye,Yerli,Türk Takımı Var,Doğrulanacak,Yıllık,Sürekli Lig,Kadro,Bilgi,Takım,Jenerik,Türkçe,Body,Kadro,Çekirdek
nilüfer belediyespor canlı izle,Sultanlar Ligi,Voleybol,Lig,1. Seviye,Çekirdek,Kadın,Kulüp,Takım Sporu,Türkiye,Yerli,Türk Takımı Var,Doğrulanacak,Yıllık,Sürekli Lig,Canlı İzle,İzleme,Takım,Jenerik,Türkçe,Body,Canlı İzle,Çekirdek
nilüfer belediyespor transfer,Sultanlar Ligi,Voleybol,Lig,1. Seviye,Çekirdek,Kadın,Kulüp,Takım Sporu,Türkiye,Yerli,Türk Takımı Var,Doğrulanacak,Yıllık,Sürekli Lig,Transfer,Bilgi,Takım,Jenerik,Türkçe,Body,Transfer,Çekirdek
aydın büyükşehir,Sultanlar Ligi,Voleybol,Lig,1. Seviye,Çekirdek,Kadın,Kulüp,Takım Sporu,Türkiye,Yerli,Türk Takımı Var,Doğrulanacak,Yıllık,Sürekli Lig,Takım Jenerik,Bilgi,Takım,Jenerik,Türkçe,Head,Takım Jenerik,Çekirdek
aydın büyükşehir maçları,Sultanlar Ligi,Voleybol,Lig,1. Seviye,Çekirdek,Kadın,Kulüp,Takım Sporu,Türkiye,Yerli,Türk Takımı Var,Doğrulanacak,Yıllık,Sürekli Lig,Takım Maç Sorgusu,Bilgi,Takım,Jenerik,Türkçe,Body,Takım Maç Sorgusu,Çekirdek
aydın büyükşehir fikstür,Sultanlar Ligi,Voleybol,Lig,1. Seviye,Çekirdek,Kadın,Kulüp,Takım Sporu,Türkiye,Yerli,Türk Takımı Var,Doğrulanacak,Yıllık,Sürekli Lig,Fikstür,Bilgi,Takım,Jenerik,Türkçe,Body,Fikstür,Çekirdek
aydın büyükşehir puan durumu,Sultanlar Ligi,Voleybol,Lig,1. Seviye,Çekirdek,Kadın,Kulüp,Takım Sporu,Türkiye,Yerli,Türk Takımı Var,Doğrulanacak,Yıllık,Sürekli Lig,Puan Durumu,Bilgi,Takım,Jenerik,Türkçe,Body,Puan Durumu,Çekirdek
aydın büyükşehir kadrosu,Sultanlar Ligi,Voleybol,Lig,1. Seviye,Çekirdek,Kadın,Kulüp,Takım Sporu,Türkiye,Yerli,Türk Takımı Var,Doğrulanacak,Yıllık,Sürekli Lig,Kadro,Bilgi,Takım,Jenerik,Türkçe,Body,Kadro,Çekirdek
aydın büyükşehir canlı izle,Sultanlar Ligi,Voleybol,Lig,1. Seviye,Çekirdek,Kadın,Kulüp,Takım Sporu,Türkiye,Yerli,Türk Takımı Var,Doğrulanacak,Yıllık,Sürekli Lig,Canlı İzle,İzleme,Takım,Jenerik,Türkçe,Body,Canlı İzle,Çekirdek
aydın büyükşehir transfer,Sultanlar Ligi,Voleybol,Lig,1. Seviye,Çekirdek,Kadın,Kulüp,Takım Sporu,Türkiye,Yerli,Türk Takımı Var,Doğrulanacak,Yıllık,Sürekli Lig,Transfer,Bilgi,Takım,Jenerik,Türkçe,Body,Transfer,Çekirdek
ziraat bankkart,Efeler Ligi,Voleybol,Lig,1. Seviye,Çekirdek,Erkek,Kulüp,Takım Sporu,Türkiye,Yerli,Türk Takımı Var,Doğrulanacak,Yıllık,Sürekli Lig,Takım Jenerik,Bilgi,Takım,Jenerik,İngilizce,Head,Takım Jenerik,Çekirdek
ziraat bankkart maçları,Efeler Ligi,Voleybol,Lig,1. Seviye,Çekirdek,Erkek,Kulüp,Takım Sporu,Türkiye,Yerli,Türk Takımı Var,Doğrulanacak,Yıllık,Sürekli Lig,Takım Maç Sorgusu,Bilgi,Takım,Jenerik,Türkçe,Body,Takım Maç Sorgusu,Çekirdek
ziraat bankkart fikstür,Efeler Ligi,Voleybol,Lig,1. Seviye,Çekirdek,Erkek,Kulüp,Takım Sporu,Türkiye,Yerli,Türk Takımı Var,Doğrulanacak,Yıllık,Sürekli Lig,Fikstür,Bilgi,Takım,Jenerik,Türkçe,Body,Fikstür,Çekirdek
ziraat bankkart puan durumu,Efeler Ligi,Voleybol,Lig,1. Seviye,Çekirdek,Erkek,Kulüp,Takım Sporu,Türkiye,Yerli,Türk Takımı Var,Doğrulanacak,Yıllık,Sürekli Lig,Puan Durumu,Bilgi,Takım,Jenerik,İngilizce,Body,Puan Durumu,Çekirdek
ziraat bankkart kadrosu,Efeler Ligi,Voleybol,Lig,1. Seviye,Çekirdek,Erkek,Kulüp,Takım Sporu,Türkiye,Yerli,Türk Takımı Var,Doğrulanacak,Yıllık,Sürekli Lig,Kadro,Bilgi,Takım,Jenerik,İngilizce,Body,Kadro,Çekirdek
ziraat bankkart canlı izle,Efeler Ligi,Voleybol,Lig,1. Seviye,Çekirdek,Erkek,Kulüp,Takım Sporu,Türkiye,Yerli,Türk Takımı Var,Doğrulanacak,Yıllık,Sürekli Lig,Canlı İzle,İzleme,Takım,Jenerik,Türkçe,Body,Canlı İzle,Çekirdek
ziraat bankkart transfer,Efeler Ligi,Voleybol,Lig,1. Seviye,Çekirdek,Erkek,Kulüp,Takım Sporu,Türkiye,Yerli,Türk Takımı Var,Doğrulanacak,Yıllık,Sürekli Lig,Transfer,Bilgi,Takım,Jenerik,İngilizce,Body,Transfer,Çekirdek
halkbank voleybol,Efeler Ligi,Voleybol,Lig,1. Seviye,Çekirdek,Erkek,Kulüp,Takım Sporu,Türkiye,Yerli,Türk Takımı Var,Doğrulanacak,Yıllık,Sürekli Lig,Takım Jenerik,Bilgi,Takım,Jenerik,İngilizce,Head,Takım Jenerik,Çekirdek
halkbank voleybol maçları,Efeler Ligi,Voleybol,Lig,1. Seviye,Çekirdek,Erkek,Kulüp,Takım Sporu,Türkiye,Yerli,Türk Takımı Var,Doğrulanacak,Yıllık,Sürekli Lig,Takım Maç Sorgusu,Bilgi,Takım,Jenerik,Türkçe,Body,Takım Maç Sorgusu,Çekirdek
halkbank voleybol fikstür,Efeler Ligi,Voleybol,Lig,1. Seviye,Çekirdek,Erkek,Kulüp,Takım Sporu,Türkiye,Yerli,Türk Takımı Var,Doğrulanacak,Yıllık,Sürekli Lig,Fikstür,Bilgi,Takım,Jenerik,Türkçe,Body,Fikstür,Çekirdek
halkbank voleybol puan durumu,Efeler Ligi,Voleybol,Lig,1. Seviye,Çekirdek,Erkek,Kulüp,Takım Sporu,Türkiye,Yerli,Türk Takımı Var,Doğrulanacak,Yıllık,Sürekli Lig,Puan Durumu,Bilgi,Takım,Jenerik,İngilizce,Body,Puan Durumu,Çekirdek
halkbank voleybol kadrosu,Efeler Ligi,Voleybol,Lig,1. Seviye,Çekirdek,Erkek,Kulüp,Takım Sporu,Türkiye,Yerli,Türk Takımı Var,Doğrulanacak,Yıllık,Sürekli Lig,Kadro,Bilgi,Takım,Jenerik,İngilizce,Body,Kadro,Çekirdek
halkbank voleybol canlı izle,Efeler Ligi,Voleybol,Lig,1. Seviye,Çekirdek,Erkek,Kulüp,Takım Sporu,Türkiye,Yerli,Türk Takımı Var,Doğrulanacak,Yıllık,Sürekli Lig,Canlı İzle,İzleme,Takım,Jenerik,Türkçe,Body,Canlı İzle,Çekirdek
halkbank voleybol transfer,Efeler Ligi,Voleybol,Lig,1. Seviye,Çekirdek,Erkek,Kulüp,Takım Sporu,Türkiye,Yerli,Türk Takımı Var,Doğrulanacak,Yıllık,Sürekli Lig,Transfer,Bilgi,Takım,Jenerik,İngilizce,Body,Transfer,Çekirdek
fenerbahçe voleybol,Efeler Ligi,Voleybol,Lig,1. Seviye,Çekirdek,Erkek,Kulüp,Takım Sporu,Türkiye,Yerli,Türk Takımı Var,Doğrulanacak,Yıllık,Sürekli Lig,Takım Jenerik,Bilgi,Takım,Jenerik,Türkçe,Head,Takım Jenerik,Çekirdek
fenerbahçe voleybol maçları,Efeler Ligi,Voleybol,Lig,1. Seviye,Çekirdek,Erkek,Kulüp,Takım Sporu,Türkiye,Yerli,Türk Takımı Var,Doğrulanacak,Yıllık,Sürekli Lig,Takım Maç Sorgusu,Bilgi,Takım,Jenerik,Türkçe,Body,Takım Maç Sorgusu,Çekirdek
fenerbahçe voleybol fikstür,Efeler Ligi,Voleybol,Lig,1. Seviye,Çekirdek,Erkek,Kulüp,Takım Sporu,Türkiye,Yerli,Türk Takımı Var,Doğrulanacak,Yıllık,Sürekli Lig,Fikstür,Bilgi,Takım,Jenerik,Türkçe,Body,Fikstür,Çekirdek
fenerbahçe voleybol puan durumu,Efeler Ligi,Voleybol,Lig,1. Seviye,Çekirdek,Erkek,Kulüp,Takım Sporu,Türkiye,Yerli,Türk Takımı Var,Doğrulanacak,Yıllık,Sürekli Lig,Puan Durumu,Bilgi,Takım,Jenerik,Türkçe,Body,Puan Durumu,Çekirdek
fenerbahçe voleybol kadrosu,Efeler Ligi,Voleybol,Lig,1. Seviye,Çekirdek,Erkek,Kulüp,Takım Sporu,Türkiye,Yerli,Türk Takımı Var,Doğrulanacak,Yıllık,Sürekli Lig,Kadro,Bilgi,Takım,Jenerik,Türkçe,Body,Kadro,Çekirdek
fenerbahçe voleybol canlı izle,Efeler Ligi,Voleybol,Lig,1. Seviye,Çekirdek,Erkek,Kulüp,Takım Sporu,Türkiye,Yerli,Türk Takımı Var,Doğrulanacak,Yıllık,Sürekli Lig,Canlı İzle,İzleme,Takım,Jenerik,Türkçe,Body,Canlı İzle,Çekirdek
fenerbahçe voleybol transfer,Efeler Ligi,Voleybol,Lig,1. Seviye,Çekirdek,Erkek,Kulüp,Takım Sporu,Türkiye,Yerli,Türk Takımı Var,Doğrulanacak,Yıllık,Sürekli Lig,Transfer,Bilgi,Takım,Jenerik,Türkçe,Body,Transfer,Çekirdek
galatasaray voleybol,Efeler Ligi,Voleybol,Lig,1. Seviye,Çekirdek,Erkek,Kulüp,Takım Sporu,Türkiye,Yerli,Türk Takımı Var,Doğrulanacak,Yıllık,Sürekli Lig,Takım Jenerik,Bilgi,Takım,Jenerik,İngilizce,Head,Takım Jenerik,Çekirdek
galatasaray voleybol maçları,Efeler Ligi,Voleybol,Lig,1. Seviye,Çekirdek,Erkek,Kulüp,Takım Sporu,Türkiye,Yerli,Türk Takımı Var,Doğrulanacak,Yıllık,Sürekli Lig,Takım Maç Sorgusu,Bilgi,Takım,Jenerik,Türkçe,Body,Takım Maç Sorgusu,Çekirdek
galatasaray voleybol fikstür,Efeler Ligi,Voleybol,Lig,1. Seviye,Çekirdek,Erkek,Kulüp,Takım Sporu,Türkiye,Yerli,Türk Takımı Var,Doğrulanacak,Yıllık,Sürekli Lig,Fikstür,Bilgi,Takım,Jenerik,Türkçe,Body,Fikstür,Çekirdek
galatasaray voleybol puan durumu,Efeler Ligi,Voleybol,Lig,1. Seviye,Çekirdek,Erkek,Kulüp,Takım Sporu,Türkiye,Yerli,Türk Takımı Var,Doğrulanacak,Yıllık,Sürekli Lig,Puan Durumu,Bilgi,Takım,Jenerik,İngilizce,Body,Puan Durumu,Çekirdek
galatasaray voleybol kadrosu,Efeler Ligi,Voleybol,Lig,1. Seviye,Çekirdek,Erkek,Kulüp,Takım Sporu,Türkiye,Yerli,Türk Takımı Var,Doğrulanacak,Yıllık,Sürekli Lig,Kadro,Bilgi,Takım,Jenerik,İngilizce,Body,Kadro,Çekirdek
galatasaray voleybol canlı izle,Efeler Ligi,Voleybol,Lig,1. Seviye,Çekirdek,Erkek,Kulüp,Takım Sporu,Türkiye,Yerli,Türk Takımı Var,Doğrulanacak,Yıllık,Sürekli Lig,Canlı İzle,İzleme,Takım,Jenerik,Türkçe,Body,Canlı İzle,Çekirdek
galatasaray voleybol transfer,Efeler Ligi,Voleybol,Lig,1. Seviye,Çekirdek,Erkek,Kulüp,Takım Sporu,Türkiye,Yerli,Türk Takımı Var,Doğrulanacak,Yıllık,Sürekli Lig,Transfer,Bilgi,Takım,Jenerik,İngilizce,Body,Transfer,Çekirdek
arkas spor,Efeler Ligi,Voleybol,Lig,1. Seviye,Çekirdek,Erkek,Kulüp,Takım Sporu,Türkiye,Yerli,Türk Takımı Var,Doğrulanacak,Yıllık,Sürekli Lig,Takım Jenerik,Bilgi,Takım,Jenerik,İngilizce,Head,Takım Jenerik,Çekirdek
arkas spor maçları,Efeler Ligi,Voleybol,Lig,1. Seviye,Çekirdek,Erkek,Kulüp,Takım Sporu,Türkiye,Yerli,Türk Takımı Var,Doğrulanacak,Yıllık,Sürekli Lig,Takım Maç Sorgusu,Bilgi,Takım,Jenerik,Türkçe,Body,Takım Maç Sorgusu,Çekirdek
arkas spor fikstür,Efeler Ligi,Voleybol,Lig,1. Seviye,Çekirdek,Erkek,Kulüp,Takım Sporu,Türkiye,Yerli,Türk Takımı Var,Doğrulanacak,Yıllık,Sürekli Lig,Fikstür,Bilgi,Takım,Jenerik,Türkçe,Body,Fikstür,Çekirdek
arkas spor puan durumu,Efeler Ligi,Voleybol,Lig,1. Seviye,Çekirdek,Erkek,Kulüp,Takım Sporu,Türkiye,Yerli,Türk Takımı Var,Doğrulanacak,Yıllık,Sürekli Lig,Puan Durumu,Bilgi,Takım,Jenerik,İngilizce,Body,Puan Durumu,Çekirdek
arkas spor kadrosu,Efeler Ligi,Voleybol,Lig,1. Seviye,Çekirdek,Erkek,Kulüp,Takım Sporu,Türkiye,Yerli,Türk Takımı Var,Doğrulanacak,Yıllık,Sürekli Lig,Kadro,Bilgi,Takım,Jenerik,İngilizce,Body,Kadro,Çekirdek
arkas spor canlı izle,Efeler Ligi,Voleybol,Lig,1. Seviye,Çekirdek,Erkek,Kulüp,Takım Sporu,Türkiye,Yerli,Türk Takımı Var,Doğrulanacak,Yıllık,Sürekli Lig,Canlı İzle,İzleme,Takım,Jenerik,Türkçe,Body,Canlı İzle,Çekirdek
arkas spor transfer,Efeler Ligi,Voleybol,Lig,1. Seviye,Çekirdek,Erkek,Kulüp,Takım Sporu,Türkiye,Yerli,Türk Takımı Var,Doğrulanacak,Yıllık,Sürekli Lig,Transfer,Bilgi,Takım,Jenerik,İngilizce,Body,Transfer,Çekirdek
tokat belediye plevne,Efeler Ligi,Voleybol,Lig,1. Seviye,Çekirdek,Erkek,Kulüp,Takım Sporu,Türkiye,Yerli,Türk Takımı Var,Doğrulanacak,Yıllık,Sürekli Lig,Takım Jenerik,Bilgi,Takım,Jenerik,İngilizce,Body,Takım Jenerik,Çekirdek
tokat belediye plevne maçları,Efeler Ligi,Voleybol,Lig,1. Seviye,Çekirdek,Erkek,Kulüp,Takım Sporu,Türkiye,Yerli,Türk Takımı Var,Doğrulanacak,Yıllık,Sürekli Lig,Takım Maç Sorgusu,Bilgi,Takım,Jenerik,Türkçe,Body,Takım Maç Sorgusu,Çekirdek
tokat belediye plevne fikstür,Efeler Ligi,Voleybol,Lig,1. Seviye,Çekirdek,Erkek,Kulüp,Takım Sporu,Türkiye,Yerli,Türk Takımı Var,Doğrulanacak,Yıllık,Sürekli Lig,Fikstür,Bilgi,Takım,Jenerik,Türkçe,Body,Fikstür,Çekirdek
tokat belediye plevne puan durumu,Efeler Ligi,Voleybol,Lig,1. Seviye,Çekirdek,Erkek,Kulüp,Takım Sporu,Türkiye,Yerli,Türk Takımı Var,Doğrulanacak,Yıllık,Sürekli Lig,Puan Durumu,Bilgi,Takım,Jenerik,İngilizce,Long-tail,Puan Durumu,Çekirdek
tokat belediye plevne kadrosu,Efeler Ligi,Voleybol,Lig,1. Seviye,Çekirdek,Erkek,Kulüp,Takım Sporu,Türkiye,Yerli,Türk Takımı Var,Doğrulanacak,Yıllık,Sürekli Lig,Kadro,Bilgi,Takım,Jenerik,İngilizce,Body,Kadro,Çekirdek
tokat belediye plevne canlı izle,Efeler Ligi,Voleybol,Lig,1. Seviye,Çekirdek,Erkek,Kulüp,Takım Sporu,Türkiye,Yerli,Türk Takımı Var,Doğrulanacak,Yıllık,Sürekli Lig,Canlı İzle,İzleme,Takım,Jenerik,Türkçe,Long-tail,Canlı İzle,Çekirdek
tokat belediye plevne transfer,Efeler Ligi,Voleybol,Lig,1. Seviye,Çekirdek,Erkek,Kulüp,Takım Sporu,Türkiye,Yerli,Türk Takımı Var,Doğrulanacak,Yıllık,Sürekli Lig,Transfer,Bilgi,Takım,Jenerik,İngilizce,Body,Transfer,Çekirdek
cizre belediyespor,Efeler Ligi,Voleybol,Lig,1. Seviye,Çekirdek,Erkek,Kulüp,Takım Sporu,Türkiye,Yerli,Türk Takımı Var,Doğrulanacak,Yıllık,Sürekli Lig,Takım Jenerik,Bilgi,Takım,Jenerik,İngilizce,Head,Takım Jenerik,Çekirdek
cizre belediyespor maçları,Efeler Ligi,Voleybol,Lig,1. Seviye,Çekirdek,Erkek,Kulüp,Takım Sporu,Türkiye,Yerli,Türk Takımı Var,Doğrulanacak,Yıllık,Sürekli Lig,Takım Maç Sorgusu,Bilgi,Takım,Jenerik,Türkçe,Body,Takım Maç Sorgusu,Çekirdek
cizre belediyespor fikstür,Efeler Ligi,Voleybol,Lig,1. Seviye,Çekirdek,Erkek,Kulüp,Takım Sporu,Türkiye,Yerli,Türk Takımı Var,Doğrulanacak,Yıllık,Sürekli Lig,Fikstür,Bilgi,Takım,Jenerik,Türkçe,Body,Fikstür,Çekirdek
cizre belediyespor puan durumu,Efeler Ligi,Voleybol,Lig,1. Seviye,Çekirdek,Erkek,Kulüp,Takım Sporu,Türkiye,Yerli,Türk Takımı Var,Doğrulanacak,Yıllık,Sürekli Lig,Puan Durumu,Bilgi,Takım,Jenerik,İngilizce,Body,Puan Durumu,Çekirdek
cizre belediyespor kadrosu,Efeler Ligi,Voleybol,Lig,1. Seviye,Çekirdek,Erkek,Kulüp,Takım Sporu,Türkiye,Yerli,Türk Takımı Var,Doğrulanacak,Yıllık,Sürekli Lig,Kadro,Bilgi,Takım,Jenerik,İngilizce,Body,Kadro,Çekirdek
cizre belediyespor canlı izle,Efeler Ligi,Voleybol,Lig,1. Seviye,Çekirdek,Erkek,Kulüp,Takım Sporu,Türkiye,Yerli,Türk Takımı Var,Doğrulanacak,Yıllık,Sürekli Lig,Canlı İzle,İzleme,Takım,Jenerik,Türkçe,Body,Canlı İzle,Çekirdek
cizre belediyespor transfer,Efeler Ligi,Voleybol,Lig,1. Seviye,Çekirdek,Erkek,Kulüp,Takım Sporu,Türkiye,Yerli,Türk Takımı Var,Doğrulanacak,Yıllık,Sürekli Lig,Transfer,Bilgi,Takım,Jenerik,İngilizce,Body,Transfer,Çekirdek
istanbul büyükşehir belediyespor,Efeler Ligi,Voleybol,Lig,1. Seviye,Çekirdek,Erkek,Kulüp,Takım Sporu,Türkiye,Yerli,Türk Takımı Var,Doğrulanacak,Yıllık,Sürekli Lig,Takım Jenerik,Bilgi,Takım,Jenerik,Türkçe,Body,Takım Jenerik,Çekirdek
istanbul büyükşehir belediyespor maçları,Efeler Ligi,Voleybol,Lig,1. Seviye,Çekirdek,Erkek,Kulüp,Takım Sporu,Türkiye,Yerli,Türk Takımı Var,Doğrulanacak,Yıllık,Sürekli Lig,Takım Maç Sorgusu,Bilgi,Takım,Jenerik,Türkçe,Body,Takım Maç Sorgusu,Çekirdek
istanbul büyükşehir belediyespor fikstür,Efeler Ligi,Voleybol,Lig,1. Seviye,Çekirdek,Erkek,Kulüp,Takım Sporu,Türkiye,Yerli,Türk Takımı Var,Doğrulanacak,Yıllık,Sürekli Lig,Fikstür,Bilgi,Takım,Jenerik,Türkçe,Body,Fikstür,Çekirdek
istanbul büyükşehir belediyespor puan durumu,Efeler Ligi,Voleybol,Lig,1. Seviye,Çekirdek,Erkek,Kulüp,Takım Sporu,Türkiye,Yerli,Türk Takımı Var,Doğrulanacak,Yıllık,Sürekli Lig,Puan Durumu,Bilgi,Takım,Jenerik,Türkçe,Long-tail,Puan Durumu,Çekirdek
istanbul büyükşehir belediyespor kadrosu,Efeler Ligi,Voleybol,Lig,1. Seviye,Çekirdek,Erkek,Kulüp,Takım Sporu,Türkiye,Yerli,Türk Takımı Var,Doğrulanacak,Yıllık,Sürekli Lig,Kadro,Bilgi,Takım,Jenerik,Türkçe,Body,Kadro,Çekirdek
istanbul büyükşehir belediyespor canlı izle,Efeler Ligi,Voleybol,Lig,1. Seviye,Çekirdek,Erkek,Kulüp,Takım Sporu,Türkiye,Yerli,Türk Takımı Var,Doğrulanacak,Yıllık,Sürekli Lig,Canlı İzle,İzleme,Takım,Jenerik,Türkçe,Long-tail,Canlı İzle,Çekirdek
istanbul büyükşehir belediyespor transfer,Efeler Ligi,Voleybol,Lig,1. Seviye,Çekirdek,Erkek,Kulüp,Takım Sporu,Türkiye,Yerli,Türk Takımı Var,Doğrulanacak,Yıllık,Sürekli Lig,Transfer,Bilgi,Takım,Jenerik,Türkçe,Body,Transfer,Çekirdek
a.f.c. greenwich borough,FA Cup Alt Ligler,Futbol,Lig,Alt Seviye,Uzun Kuyruk,Erkek,Kulüp,Takım Sporu,İngiltere,Yabancı,Yok,TV+ Var,Yıllık,Sürekli Lig,Takım Jenerik,Bilgi,Takım,Jenerik,İngilizce,Body,Takım Jenerik,Uzun Kuyruk
a.f.c. portchester,FA Cup Alt Ligler,Futbol,Lig,Alt Seviye,Uzun Kuyruk,Erkek,Kulüp,Takım Sporu,İngiltere,Yabancı,Yok,TV+ Var,Yıllık,Sürekli Lig,Takım Jenerik,Bilgi,Takım,Jenerik,İngilizce,Head,Takım Jenerik,Uzun Kuyruk
a.f.c. stoneham,FA Cup Alt Ligler,Futbol,Lig,Alt Seviye,Uzun Kuyruk,Erkek,Kulüp,Takım Sporu,İngiltere,Yabancı,Yok,TV+ Var,Yıllık,Sürekli Lig,Takım Jenerik,Bilgi,Takım,Jenerik,İngilizce,Head,Takım Jenerik,Uzun Kuyruk
afc rushden & diamonds,FA Cup Alt Ligler,Futbol,Lig,Alt Seviye,Uzun Kuyruk,Erkek,Kulüp,Takım Sporu,İngiltere,Yabancı,Yok,TV+ Var,Yıllık,Sürekli Lig,Takım Jenerik,Bilgi,Takım,Jenerik,Türkçe,Body,Takım Jenerik,Uzun Kuyruk
abbey hey,FA Cup Alt Ligler,Futbol,Lig,Alt Seviye,Uzun Kuyruk,Erkek,Kulüp,Takım Sporu,İngiltere,Yabancı,Yok,TV+ Var,Yıllık,Sürekli Lig,Takım Jenerik,Bilgi,Takım,Jenerik,İngilizce,Head,Takım Jenerik,Uzun Kuyruk
abbey hulton united,FA Cup Alt Ligler,Futbol,Lig,Alt Seviye,Uzun Kuyruk,Erkek,Kulüp,Takım Sporu,İngiltere,Yabancı,Yok,TV+ Var,Yıllık,Sürekli Lig,Takım Jenerik,Bilgi,Takım,Jenerik,İngilizce,Body,Takım Jenerik,Uzun Kuyruk
alton,FA Cup Alt Ligler,Futbol,Lig,Alt Seviye,Uzun Kuyruk,Erkek,Kulüp,Takım Sporu,İngiltere,Yabancı,Yok,TV+ Var,Yıllık,Sürekli Lig,Takım Jenerik,Bilgi,Takım,Jenerik,İngilizce,Head,Takım Jenerik,Uzun Kuyruk
amersham town,FA Cup Alt Ligler,Futbol,Lig,Alt Seviye,Uzun Kuyruk,Erkek,Kulüp,Takım Sporu,İngiltere,Yabancı,Yok,TV+ Var,Yıllık,Sürekli Lig,Takım Jenerik,Bilgi,Takım,Jenerik,İngilizce,Head,Takım Jenerik,Uzun Kuyruk
andover new street,FA Cup Alt Ligler,Futbol,Lig,Alt Seviye,Uzun Kuyruk,Erkek,Kulüp,Takım Sporu,İngiltere,Yabancı,Yok,TV+ Var,Yıllık,Sürekli Lig,Takım Jenerik,Bilgi,Takım,Jenerik,İngilizce,Body,Takım Jenerik,Uzun Kuyruk
ardley united,FA Cup Alt Ligler,Futbol,Lig,Alt Seviye,Uzun Kuyruk,Erkek,Kulüp,Takım Sporu,İngiltere,Yabancı,Yok,TV+ Var,Yıllık,Sürekli Lig,Takım Jenerik,Bilgi,Takım,Jenerik,İngilizce,Head,Takım Jenerik,Uzun Kuyruk
ascot united,FA Cup Alt Ligler,Futbol,Lig,Alt Seviye,Uzun Kuyruk,Erkek,Kulüp,Takım Sporu,İngiltere,Yabancı,Yok,TV+ Var,Yıllık,Sürekli Lig,Takım Jenerik,Bilgi,Takım,Jenerik,İngilizce,Head,Takım Jenerik,Uzun Kuyruk
ashby ivanhoe,FA Cup Alt Ligler,Futbol,Lig,Alt Seviye,Uzun Kuyruk,Erkek,Kulüp,Takım Sporu,İngiltere,Yabancı,Yok,TV+ Var,Yıllık,Sürekli Lig,Takım Jenerik,Bilgi,Takım,Jenerik,İngilizce,Head,Takım Jenerik,Uzun Kuyruk
ashford town,FA Cup Alt Ligler,Futbol,Lig,Alt Seviye,Uzun Kuyruk,Erkek,Kulüp,Takım Sporu,İngiltere,Yabancı,Yok,TV+ Var,Yıllık,Sürekli Lig,Takım Jenerik,Bilgi,Takım,Jenerik,İngilizce,Head,Takım Jenerik,Uzun Kuyruk
ashington,FA Cup Alt Ligler,Futbol,Lig,Alt Seviye,Uzun Kuyruk,Erkek,Kulüp,Takım Sporu,İngiltere,Yabancı,Yok,TV+ Var,Yıllık,Sürekli Lig,Takım Jenerik,Bilgi,Takım,Jenerik,İngilizce,Head,Takım Jenerik,Uzun Kuyruk
atherton collieries,FA Cup Alt Ligler,Futbol,Lig,Alt Seviye,Uzun Kuyruk,Erkek,Kulüp,Takım Sporu,İngiltere,Yabancı,Yok,TV+ Var,Yıllık,Sürekli Lig,Takım Jenerik,Bilgi,Takım,Jenerik,İngilizce,Head,Takım Jenerik,Uzun Kuyruk
aylesbury united,FA Cup Alt Ligler,Futbol,Lig,Alt Seviye,Uzun Kuyruk,Erkek,Kulüp,Takım Sporu,İngiltere,Yabancı,Yok,TV+ Var,Yıllık,Sürekli Lig,Takım Jenerik,Bilgi,Takım,Jenerik,İngilizce,Head,Takım Jenerik,Uzun Kuyruk
badshot lea,FA Cup Alt Ligler,Futbol,Lig,Alt Seviye,Uzun Kuyruk,Erkek,Kulüp,Takım Sporu,İngiltere,Yabancı,Yok,TV+ Var,Yıllık,Sürekli Lig,Takım Jenerik,Bilgi,Takım,Jenerik,İngilizce,Head,Takım Jenerik,Uzun Kuyruk
baffins milton rovers,FA Cup Alt Ligler,Futbol,Lig,Alt Seviye,Uzun Kuyruk,Erkek,Kulüp,Takım Sporu,İngiltere,Yabancı,Yok,TV+ Var,Yıllık,Sürekli Lig,Takım Jenerik,Bilgi,Takım,Jenerik,İngilizce,Body,Takım Jenerik,Uzun Kuyruk
baldock town,FA Cup Alt Ligler,Futbol,Lig,Alt Seviye,Uzun Kuyruk,Erkek,Kulüp,Takım Sporu,İngiltere,Yabancı,Yok,TV+ Var,Yıllık,Sürekli Lig,Takım Jenerik,Bilgi,Takım,Jenerik,İngilizce,Head,Takım Jenerik,Uzun Kuyruk
balham,FA Cup Alt Ligler,Futbol,Lig,Alt Seviye,Uzun Kuyruk,Erkek,Kulüp,Takım Sporu,İngiltere,Yabancı,Yok,TV+ Var,Yıllık,Sürekli Lig,Takım Jenerik,Bilgi,Takım,Jenerik,İngilizce,Head,Takım Jenerik,Uzun Kuyruk
barnoldswick town,FA Cup Alt Ligler,Futbol,Lig,Alt Seviye,Uzun Kuyruk,Erkek,Kulüp,Takım Sporu,İngiltere,Yabancı,Yok,TV+ Var,Yıllık,Sürekli Lig,Takım Jenerik,Bilgi,Takım,Jenerik,İngilizce,Head,Takım Jenerik,Uzun Kuyruk
barnstaple town,FA Cup Alt Ligler,Futbol,Lig,Alt Seviye,Uzun Kuyruk,Erkek,Kulüp,Takım Sporu,İngiltere,Yabancı,Yok,TV+ Var,Yıllık,Sürekli Lig,Takım Jenerik,Bilgi,Takım,Jenerik,İngilizce,Head,Takım Jenerik,Uzun Kuyruk
barton town,FA Cup Alt Ligler,Futbol,Lig,Alt Seviye,Uzun Kuyruk,Erkek,Kulüp,Takım Sporu,İngiltere,Yabancı,Yok,TV+ Var,Yıllık,Sürekli Lig,Takım Jenerik,Bilgi,Takım,Jenerik,İngilizce,Head,Takım Jenerik,Uzun Kuyruk
bashley,FA Cup Alt Ligler,Futbol,Lig,Alt Seviye,Uzun Kuyruk,Erkek,Kulüp,Takım Sporu,İngiltere,Yabancı,Yok,TV+ Var,Yıllık,Sürekli Lig,Takım Jenerik,Bilgi,Takım,Jenerik,İngilizce,Head,Takım Jenerik,Uzun Kuyruk
beaconsfield town,FA Cup Alt Ligler,Futbol,Lig,Alt Seviye,Uzun Kuyruk,Erkek,Kulüp,Takım Sporu,İngiltere,Yabancı,Yok,TV+ Var,Yıllık,Sürekli Lig,Takım Jenerik,Bilgi,Takım,Jenerik,İngilizce,Head,Takım Jenerik,Uzun Kuyruk
bearsted,FA Cup Alt Ligler,Futbol,Lig,Alt Seviye,Uzun Kuyruk,Erkek,Kulüp,Takım Sporu,İngiltere,Yabancı,Yok,TV+ Var,Yıllık,Sürekli Lig,Takım Jenerik,Bilgi,Takım,Jenerik,İngilizce,Head,Takım Jenerik,Uzun Kuyruk
beckenham town,FA Cup Alt Ligler,Futbol,Lig,Alt Seviye,Uzun Kuyruk,Erkek,Kulüp,Takım Sporu,İngiltere,Yabancı,Yok,TV+ Var,Yıllık,Sürekli Lig,Takım Jenerik,Bilgi,Takım,Jenerik,İngilizce,Head,Takım Jenerik,Uzun Kuyruk
bedfont,FA Cup Alt Ligler,Futbol,Lig,Alt Seviye,Uzun Kuyruk,Erkek,Kulüp,Takım Sporu,İngiltere,Yabancı,Yok,TV+ Var,Yıllık,Sürekli Lig,Takım Jenerik,Bilgi,Takım,Jenerik,İngilizce,Head,Takım Jenerik,Uzun Kuyruk
bedworth united,FA Cup Alt Ligler,Futbol,Lig,Alt Seviye,Uzun Kuyruk,Erkek,Kulüp,Takım Sporu,İngiltere,Yabancı,Yok,TV+ Var,Yıllık,Sürekli Lig,Takım Jenerik,Bilgi,Takım,Jenerik,İngilizce,Head,Takım Jenerik,Uzun Kuyruk
beverley town,FA Cup Alt Ligler,Futbol,Lig,Alt Seviye,Uzun Kuyruk,Erkek,Kulüp,Takım Sporu,İngiltere,Yabancı,Yok,TV+ Var,Yıllık,Sürekli Lig,Takım Jenerik,Bilgi,Takım,Jenerik,İngilizce,Head,Takım Jenerik,Uzun Kuyruk
bishop auckland,FA Cup Alt Ligler,Futbol,Lig,Alt Seviye,Uzun Kuyruk,Erkek,Kulüp,Takım Sporu,İngiltere,Yabancı,Yok,TV+ Var,Yıllık,Sürekli Lig,Takım Jenerik,Bilgi,Takım,Jenerik,İngilizce,Head,Takım Jenerik,Uzun Kuyruk
blyth spartans,FA Cup Alt Ligler,Futbol,Lig,Alt Seviye,Uzun Kuyruk,Erkek,Kulüp,Takım Sporu,İngiltere,Yabancı,Yok,TV+ Var,Yıllık,Sürekli Lig,Takım Jenerik,Bilgi,Takım,Jenerik,İngilizce,Head,Takım Jenerik,Uzun Kuyruk
bognor regis town,FA Cup Alt Ligler,Futbol,Lig,Alt Seviye,Uzun Kuyruk,Erkek,Kulüp,Takım Sporu,İngiltere,Yabancı,Yok,TV+ Var,Yıllık,Sürekli Lig,Takım Jenerik,Bilgi,Takım,Jenerik,İngilizce,Body,Takım Jenerik,Uzun Kuyruk
boldmere st. michaels,FA Cup Alt Ligler,Futbol,Lig,Alt Seviye,Uzun Kuyruk,Erkek,Kulüp,Takım Sporu,İngiltere,Yabancı,Yok,TV+ Var,Yıllık,Sürekli Lig,Takım Jenerik,Bilgi,Takım,Jenerik,İngilizce,Body,Takım Jenerik,Uzun Kuyruk
bootle,FA Cup Alt Ligler,Futbol,Lig,Alt Seviye,Uzun Kuyruk,Erkek,Kulüp,Takım Sporu,İngiltere,Yabancı,Yok,TV+ Var,Yıllık,Sürekli Lig,Takım Jenerik,Bilgi,Takım,Jenerik,İngilizce,Head,Takım Jenerik,Uzun Kuyruk
boston town,FA Cup Alt Ligler,Futbol,Lig,Alt Seviye,Uzun Kuyruk,Erkek,Kulüp,Takım Sporu,İngiltere,Yabancı,Yok,TV+ Var,Yıllık,Sürekli Lig,Takım Jenerik,Bilgi,Takım,Jenerik,İngilizce,Head,Takım Jenerik,Uzun Kuyruk
bottesford town,FA Cup Alt Ligler,Futbol,Lig,Alt Seviye,Uzun Kuyruk,Erkek,Kulüp,Takım Sporu,İngiltere,Yabancı,Yok,TV+ Var,Yıllık,Sürekli Lig,Takım Jenerik,Bilgi,Takım,Jenerik,İngilizce,Head,Takım Jenerik,Uzun Kuyruk
bourne town,FA Cup Alt Ligler,Futbol,Lig,Alt Seviye,Uzun Kuyruk,Erkek,Kulüp,Takım Sporu,İngiltere,Yabancı,Yok,TV+ Var,Yıllık,Sürekli Lig,Takım Jenerik,Bilgi,Takım,Jenerik,İngilizce,Head,Takım Jenerik,Uzun Kuyruk
brantham athletic,FA Cup Alt Ligler,Futbol,Lig,Alt Seviye,Uzun Kuyruk,Erkek,Kulüp,Takım Sporu,İngiltere,Yabancı,Yok,TV+ Var,Yıllık,Sürekli Lig,Takım Jenerik,Bilgi,Takım,Jenerik,İngilizce,Head,Takım Jenerik,Uzun Kuyruk
bridgwater united,FA Cup Alt Ligler,Futbol,Lig,Alt Seviye,Uzun Kuyruk,Erkek,Kulüp,Takım Sporu,İngiltere,Yabancı,Yok,TV+ Var,Yıllık,Sürekli Lig,Takım Jenerik,Bilgi,Takım,Jenerik,İngilizce,Head,Takım Jenerik,Uzun Kuyruk
bridlington town,FA Cup Alt Ligler,Futbol,Lig,Alt Seviye,Uzun Kuyruk,Erkek,Kulüp,Takım Sporu,İngiltere,Yabancı,Yok,TV+ Var,Yıllık,Sürekli Lig,Takım Jenerik,Bilgi,Takım,Jenerik,İngilizce,Head,Takım Jenerik,Uzun Kuyruk
brislington,FA Cup Alt Ligler,Futbol,Lig,Alt Seviye,Uzun Kuyruk,Erkek,Kulüp,Takım Sporu,İngiltere,Yabancı,Yok,TV+ Var,Yıllık,Sürekli Lig,Takım Jenerik,Bilgi,Takım,Jenerik,İngilizce,Head,Takım Jenerik,Uzun Kuyruk
brixham,FA Cup Alt Ligler,Futbol,Lig,Alt Seviye,Uzun Kuyruk,Erkek,Kulüp,Takım Sporu,İngiltere,Yabancı,Yok,TV+ Var,Yıllık,Sürekli Lig,Takım Jenerik,Bilgi,Takım,Jenerik,İngilizce,Head,Takım Jenerik,Uzun Kuyruk
broadfields united,FA Cup Alt Ligler,Futbol,Lig,Alt Seviye,Uzun Kuyruk,Erkek,Kulüp,Takım Sporu,İngiltere,Yabancı,Yok,TV+ Var,Yıllık,Sürekli Lig,Takım Jenerik,Bilgi,Takım,Jenerik,İngilizce,Head,Takım Jenerik,Uzun Kuyruk
buckhurst hill,FA Cup Alt Ligler,Futbol,Lig,Alt Seviye,Uzun Kuyruk,Erkek,Kulüp,Takım Sporu,İngiltere,Yabancı,Yok,TV+ Var,Yıllık,Sürekli Lig,Takım Jenerik,Bilgi,Takım,Jenerik,İngilizce,Head,Takım Jenerik,Uzun Kuyruk
burnham,FA Cup Alt Ligler,Futbol,Lig,Alt Seviye,Uzun Kuyruk,Erkek,Kulüp,Takım Sporu,İngiltere,Yabancı,Yok,TV+ Var,Yıllık,Sürekli Lig,Takım Jenerik,Bilgi,Takım,Jenerik,İngilizce,Head,Takım Jenerik,Uzun Kuyruk
burscough,FA Cup Alt Ligler,Futbol,Lig,Alt Seviye,Uzun Kuyruk,Erkek,Kulüp,Takım Sporu,İngiltere,Yabancı,Yok,TV+ Var,Yıllık,Sürekli Lig,Takım Jenerik,Bilgi,Takım,Jenerik,İngilizce,Head,Takım Jenerik,Uzun Kuyruk
camberley town,FA Cup Alt Ligler,Futbol,Lig,Alt Seviye,Uzun Kuyruk,Erkek,Kulüp,Takım Sporu,İngiltere,Yabancı,Yok,TV+ Var,Yıllık,Sürekli Lig,Takım Jenerik,Bilgi,Takım,Jenerik,İngilizce,Head,Takım Jenerik,Uzun Kuyruk
campion,FA Cup Alt Ligler,Futbol,Lig,Alt Seviye,Uzun Kuyruk,Erkek,Kulüp,Takım Sporu,İngiltere,Yabancı,Yok,TV+ Var,Yıllık,Sürekli Lig,Takım Jenerik,Bilgi,Takım,Jenerik,İngilizce,Head,Takım Jenerik,Uzun Kuyruk
chasetown,FA Cup Alt Ligler,Futbol,Lig,Alt Seviye,Uzun Kuyruk,Erkek,Kulüp,Takım Sporu,İngiltere,Yabancı,Yok,TV+ Var,Yıllık,Sürekli Lig,Takım Jenerik,Bilgi,Takım,Jenerik,İngilizce,Head,Takım Jenerik,Uzun Kuyruk
cheadle town,FA Cup Alt Ligler,Futbol,Lig,Alt Seviye,Uzun Kuyruk,Erkek,Kulüp,Takım Sporu,İngiltere,Yabancı,Yok,TV+ Var,Yıllık,Sürekli Lig,Takım Jenerik,Bilgi,Takım,Jenerik,İngilizce,Head,Takım Jenerik,Uzun Kuyruk
cirencester town,FA Cup Alt Ligler,Futbol,Lig,Alt Seviye,Uzun Kuyruk,Erkek,Kulüp,Takım Sporu,İngiltere,Yabancı,Yok,TV+ Var,Yıllık,Sürekli Lig,Takım Jenerik,Bilgi,Takım,Jenerik,İngilizce,Head,Takım Jenerik,Uzun Kuyruk
clitheroe,FA Cup Alt Ligler,Futbol,Lig,Alt Seviye,Uzun Kuyruk,Erkek,Kulüp,Takım Sporu,İngiltere,Yabancı,Yok,TV+ Var,Yıllık,Sürekli Lig,Takım Jenerik,Bilgi,Takım,Jenerik,İngilizce,Head,Takım Jenerik,Uzun Kuyruk
cobham,FA Cup Alt Ligler,Futbol,Lig,Alt Seviye,Uzun Kuyruk,Erkek,Kulüp,Takım Sporu,İngiltere,Yabancı,Yok,TV+ Var,Yıllık,Sürekli Lig,Takım Jenerik,Bilgi,Takım,Jenerik,İngilizce,Head,Takım Jenerik,Uzun Kuyruk
cockfosters,FA Cup Alt Ligler,Futbol,Lig,Alt Seviye,Uzun Kuyruk,Erkek,Kulüp,Takım Sporu,İngiltere,Yabancı,Yok,TV+ Var,Yıllık,Sürekli Lig,Takım Jenerik,Bilgi,Takım,Jenerik,İngilizce,Head,Takım Jenerik,Uzun Kuyruk
concord rangers,FA Cup Alt Ligler,Futbol,Lig,Alt Seviye,Uzun Kuyruk,Erkek,Kulüp,Takım Sporu,İngiltere,Yabancı,Yok,TV+ Var,Yıllık,Sürekli Lig,Takım Jenerik,Bilgi,Takım,Jenerik,İngilizce,Head,Takım Jenerik,Uzun Kuyruk
consett,FA Cup Alt Ligler,Futbol,Lig,Alt Seviye,Uzun Kuyruk,Erkek,Kulüp,Takım Sporu,İngiltere,Yabancı,Yok,TV+ Var,Yıllık,Sürekli Lig,Takım Jenerik,Bilgi,Takım,Jenerik,İngilizce,Head,Takım Jenerik,Uzun Kuyruk
corby town,FA Cup Alt Ligler,Futbol,Lig,Alt Seviye,Uzun Kuyruk,Erkek,Kulüp,Takım Sporu,İngiltere,Yabancı,Yok,TV+ Var,Yıllık,Sürekli Lig,Takım Jenerik,Bilgi,Takım,Jenerik,İngilizce,Head,Takım Jenerik,Uzun Kuyruk
corinthian,FA Cup Alt Ligler,Futbol,Lig,Alt Seviye,Uzun Kuyruk,Erkek,Kulüp,Takım Sporu,İngiltere,Yabancı,Yok,TV+ Var,Yıllık,Sürekli Lig,Takım Jenerik,Bilgi,Takım,Jenerik,İngilizce,Head,Takım Jenerik,Uzun Kuyruk
cornard united,FA Cup Alt Ligler,Futbol,Lig,Alt Seviye,Uzun Kuyruk,Erkek,Kulüp,Takım Sporu,İngiltere,Yabancı,Yok,TV+ Var,Yıllık,Sürekli Lig,Takım Jenerik,Bilgi,Takım,Jenerik,İngilizce,Head,Takım Jenerik,Uzun Kuyruk
coventry united,FA Cup Alt Ligler,Futbol,Lig,Alt Seviye,Uzun Kuyruk,Erkek,Kulüp,Takım Sporu,İngiltere,Yabancı,Yok,TV+ Var,Yıllık,Sürekli Lig,Takım Jenerik,Bilgi,Takım,Jenerik,İngilizce,Head,Takım Jenerik,Uzun Kuyruk
crook town,FA Cup Alt Ligler,Futbol,Lig,Alt Seviye,Uzun Kuyruk,Erkek,Kulüp,Takım Sporu,İngiltere,Yabancı,Yok,TV+ Var,Yıllık,Sürekli Lig,Takım Jenerik,Bilgi,Takım,Jenerik,İngilizce,Head,Takım Jenerik,Uzun Kuyruk
crowborough athletic,FA Cup Alt Ligler,Futbol,Lig,Alt Seviye,Uzun Kuyruk,Erkek,Kulüp,Takım Sporu,İngiltere,Yabancı,Yok,TV+ Var,Yıllık,Sürekli Lig,Takım Jenerik,Bilgi,Takım,Jenerik,İngilizce,Head,Takım Jenerik,Uzun Kuyruk
deal town,FA Cup Alt Ligler,Futbol,Lig,Alt Seviye,Uzun Kuyruk,Erkek,Kulüp,Takım Sporu,İngiltere,Yabancı,Yok,TV+ Var,Yıllık,Sürekli Lig,Takım Jenerik,Bilgi,Takım,Jenerik,İngilizce,Head,Takım Jenerik,Uzun Kuyruk
dearne & district,FA Cup Alt Ligler,Futbol,Lig,Alt Seviye,Uzun Kuyruk,Erkek,Kulüp,Takım Sporu,İngiltere,Yabancı,Yok,TV+ Var,Yıllık,Sürekli Lig,Takım Jenerik,Bilgi,Takım,Jenerik,Türkçe,Body,Takım Jenerik,Uzun Kuyruk
dereham town,FA Cup Alt Ligler,Futbol,Lig,Alt Seviye,Uzun Kuyruk,Erkek,Kulüp,Takım Sporu,İngiltere,Yabancı,Yok,TV+ Var,Yıllık,Sürekli Lig,Takım Jenerik,Bilgi,Takım,Jenerik,İngilizce,Head,Takım Jenerik,Uzun Kuyruk
desborough town,FA Cup Alt Ligler,Futbol,Lig,Alt Seviye,Uzun Kuyruk,Erkek,Kulüp,Takım Sporu,İngiltere,Yabancı,Yok,TV+ Var,Yıllık,Sürekli Lig,Takım Jenerik,Bilgi,Takım,Jenerik,İngilizce,Head,Takım Jenerik,Uzun Kuyruk
devizes town,FA Cup Alt Ligler,Futbol,Lig,Alt Seviye,Uzun Kuyruk,Erkek,Kulüp,Takım Sporu,İngiltere,Yabancı,Yok,TV+ Var,Yıllık,Sürekli Lig,Takım Jenerik,Bilgi,Takım,Jenerik,İngilizce,Head,Takım Jenerik,Uzun Kuyruk
didcot town,FA Cup Alt Ligler,Futbol,Lig,Alt Seviye,Uzun Kuyruk,Erkek,Kulüp,Takım Sporu,İngiltere,Yabancı,Yok,TV+ Var,Yıllık,Sürekli Lig,Takım Jenerik,Bilgi,Takım,Jenerik,İngilizce,Head,Takım Jenerik,Uzun Kuyruk
downham town,FA Cup Alt Ligler,Futbol,Lig,Alt Seviye,Uzun Kuyruk,Erkek,Kulüp,Takım Sporu,İngiltere,Yabancı,Yok,TV+ Var,Yıllık,Sürekli Lig,Takım Jenerik,Bilgi,Takım,Jenerik,İngilizce,Head,Takım Jenerik,Uzun Kuyruk
downton,FA Cup Alt Ligler,Futbol,Lig,Alt Seviye,Uzun Kuyruk,Erkek,Kulüp,Takım Sporu,İngiltere,Yabancı,Yok,TV+ Var,Yıllık,Sürekli Lig,Takım Jenerik,Bilgi,Takım,Jenerik,İngilizce,Head,Takım Jenerik,Uzun Kuyruk
droitwich spa,FA Cup Alt Ligler,Futbol,Lig,Alt Seviye,Uzun Kuyruk,Erkek,Kulüp,Takım Sporu,İngiltere,Yabancı,Yok,TV+ Var,Yıllık,Sürekli Lig,Takım Jenerik,Bilgi,Takım,Jenerik,İngilizce,Head,Takım Jenerik,Uzun Kuyruk
droylsden,FA Cup Alt Ligler,Futbol,Lig,Alt Seviye,Uzun Kuyruk,Erkek,Kulüp,Takım Sporu,İngiltere,Yabancı,Yok,TV+ Var,Yıllık,Sürekli Lig,Takım Jenerik,Bilgi,Takım,Jenerik,İngilizce,Head,Takım Jenerik,Uzun Kuyruk
dudley town,FA Cup Alt Ligler,Futbol,Lig,Alt Seviye,Uzun Kuyruk,Erkek,Kulüp,Takım Sporu,İngiltere,Yabancı,Yok,TV+ Var,Yıllık,Sürekli Lig,Takım Jenerik,Bilgi,Takım,Jenerik,İngilizce,Head,Takım Jenerik,Uzun Kuyruk
dunstable,FA Cup Alt Ligler,Futbol,Lig,Alt Seviye,Uzun Kuyruk,Erkek,Kulüp,Takım Sporu,İngiltere,Yabancı,Yok,TV+ Var,Yıllık,Sürekli Lig,Takım Jenerik,Bilgi,Takım,Jenerik,İngilizce,Head,Takım Jenerik,Uzun Kuyruk
easington colliery,FA Cup Alt Ligler,Futbol,Lig,Alt Seviye,Uzun Kuyruk,Erkek,Kulüp,Takım Sporu,İngiltere,Yabancı,Yok,TV+ Var,Yıllık,Sürekli Lig,Takım Jenerik,Bilgi,Takım,Jenerik,İngilizce,Head,Takım Jenerik,Uzun Kuyruk
east grinstead town,FA Cup Alt Ligler,Futbol,Lig,Alt Seviye,Uzun Kuyruk,Erkek,Kulüp,Takım Sporu,İngiltere,Yabancı,Yok,TV+ Var,Yıllık,Sürekli Lig,Takım Jenerik,Bilgi,Takım,Jenerik,İngilizce,Body,Takım Jenerik,Uzun Kuyruk
eastbourne town,FA Cup Alt Ligler,Futbol,Lig,Alt Seviye,Uzun Kuyruk,Erkek,Kulüp,Takım Sporu,İngiltere,Yabancı,Yok,TV+ Var,Yıllık,Sürekli Lig,Takım Jenerik,Bilgi,Takım,Jenerik,İngilizce,Head,Takım Jenerik,Uzun Kuyruk
eastwood,FA Cup Alt Ligler,Futbol,Lig,Alt Seviye,Uzun Kuyruk,Erkek,Kulüp,Takım Sporu,İngiltere,Yabancı,Yok,TV+ Var,Yıllık,Sürekli Lig,Takım Jenerik,Bilgi,Takım,Jenerik,İngilizce,Head,Takım Jenerik,Uzun Kuyruk
enfield,FA Cup Alt Ligler,Futbol,Lig,Alt Seviye,Uzun Kuyruk,Erkek,Kulüp,Takım Sporu,İngiltere,Yabancı,Yok,TV+ Var,Yıllık,Sürekli Lig,Takım Jenerik,Bilgi,Takım,Jenerik,İngilizce,Head,Takım Jenerik,Uzun Kuyruk
epsom & ewell,FA Cup Alt Ligler,Futbol,Lig,Alt Seviye,Uzun Kuyruk,Erkek,Kulüp,Takım Sporu,İngiltere,Yabancı,Yok,TV+ Var,Yıllık,Sürekli Lig,Takım Jenerik,Bilgi,Takım,Jenerik,Türkçe,Body,Takım Jenerik,Uzun Kuyruk
erith & belvedere,FA Cup Alt Ligler,Futbol,Lig,Alt Seviye,Uzun Kuyruk,Erkek,Kulüp,Takım Sporu,İngiltere,Yabancı,Yok,TV+ Var,Yıllık,Sürekli Lig,Takım Jenerik,Bilgi,Takım,Jenerik,Türkçe,Body,Takım Jenerik,Uzun Kuyruk
erith town,FA Cup Alt Ligler,Futbol,Lig,Alt Seviye,Uzun Kuyruk,Erkek,Kulüp,Takım Sporu,İngiltere,Yabancı,Yok,TV+ Var,Yıllık,Sürekli Lig,Takım Jenerik,Bilgi,Takım,Jenerik,İngilizce,Head,Takım Jenerik,Uzun Kuyruk
euxton villa,FA Cup Alt Ligler,Futbol,Lig,Alt Seviye,Uzun Kuyruk,Erkek,Kulüp,Takım Sporu,İngiltere,Yabancı,Yok,TV+ Var,Yıllık,Sürekli Lig,Takım Jenerik,Bilgi,Takım,Jenerik,İngilizce,Head,Takım Jenerik,Uzun Kuyruk
everett rovers,FA Cup Alt Ligler,Futbol,Lig,Alt Seviye,Uzun Kuyruk,Erkek,Kulüp,Takım Sporu,İngiltere,Yabancı,Yok,TV+ Var,Yıllık,Sürekli Lig,Takım Jenerik,Bilgi,Takım,Jenerik,İngilizce,Head,Takım Jenerik,Uzun Kuyruk
exmouth town,FA Cup Alt Ligler,Futbol,Lig,Alt Seviye,Uzun Kuyruk,Erkek,Kulüp,Takım Sporu,İngiltere,Yabancı,Yok,TV+ Var,Yıllık,Sürekli Lig,Takım Jenerik,Bilgi,Takım,Jenerik,İngilizce,Head,Takım Jenerik,Uzun Kuyruk
f.c. st helens,FA Cup Alt Ligler,Futbol,Lig,Alt Seviye,Uzun Kuyruk,Erkek,Kulüp,Takım Sporu,İngiltere,Yabancı,Yok,TV+ Var,Yıllık,Sürekli Lig,Takım Jenerik,Bilgi,Takım,Jenerik,İngilizce,Body,Takım Jenerik,Uzun Kuyruk
fairford town,FA Cup Alt Ligler,Futbol,Lig,Alt Seviye,Uzun Kuyruk,Erkek,Kulüp,Takım Sporu,İngiltere,Yabancı,Yok,TV+ Var,Yıllık,Sürekli Lig,Takım Jenerik,Bilgi,Takım,Jenerik,İngilizce,Head,Takım Jenerik,Uzun Kuyruk
fakenham town,FA Cup Alt Ligler,Futbol,Lig,Alt Seviye,Uzun Kuyruk,Erkek,Kulüp,Takım Sporu,İngiltere,Yabancı,Yok,TV+ Var,Yıllık,Sürekli Lig,Takım Jenerik,Bilgi,Takım,Jenerik,İngilizce,Head,Takım Jenerik,Uzun Kuyruk
falmouth town,FA Cup Alt Ligler,Futbol,Lig,Alt Seviye,Uzun Kuyruk,Erkek,Kulüp,Takım Sporu,İngiltere,Yabancı,Yok,TV+ Var,Yıllık,Sürekli Lig,Takım Jenerik,Bilgi,Takım,Jenerik,İngilizce,Head,Takım Jenerik,Uzun Kuyruk
faversham town,FA Cup Alt Ligler,Futbol,Lig,Alt Seviye,Uzun Kuyruk,Erkek,Kulüp,Takım Sporu,İngiltere,Yabancı,Yok,TV+ Var,Yıllık,Sürekli Lig,Takım Jenerik,Bilgi,Takım,Jenerik,İngilizce,Head,Takım Jenerik,Uzun Kuyruk
flackwell heath,FA Cup Alt Ligler,Futbol,Lig,Alt Seviye,Uzun Kuyruk,Erkek,Kulüp,Takım Sporu,İngiltere,Yabancı,Yok,TV+ Var,Yıllık,Sürekli Lig,Takım Jenerik,Bilgi,Takım,Jenerik,İngilizce,Head,Takım Jenerik,Uzun Kuyruk
fleetlands,FA Cup Alt Ligler,Futbol,Lig,Alt Seviye,Uzun Kuyruk,Erkek,Kulüp,Takım Sporu,İngiltere,Yabancı,Yok,TV+ Var,Yıllık,Sürekli Lig,Takım Jenerik,Bilgi,Takım,Jenerik,İngilizce,Head,Takım Jenerik,Uzun Kuyruk
frenford,FA Cup Alt Ligler,Futbol,Lig,Alt Seviye,Uzun Kuyruk,Erkek,Kulüp,Takım Sporu,İngiltere,Yabancı,Yok,TV+ Var,Yıllık,Sürekli Lig,Takım Jenerik,Bilgi,Takım,Jenerik,İngilizce,Head,Takım Jenerik,Uzun Kuyruk
frickley athletic,FA Cup Alt Ligler,Futbol,Lig,Alt Seviye,Uzun Kuyruk,Erkek,Kulüp,Takım Sporu,İngiltere,Yabancı,Yok,TV+ Var,Yıllık,Sürekli Lig,Takım Jenerik,Bilgi,Takım,Jenerik,İngilizce,Head,Takım Jenerik,Uzun Kuyruk
garforth town,FA Cup Alt Ligler,Futbol,Lig,Alt Seviye,Uzun Kuyruk,Erkek,Kulüp,Takım Sporu,İngiltere,Yabancı,Yok,TV+ Var,Yıllık,Sürekli Lig,Takım Jenerik,Bilgi,Takım,Jenerik,İngilizce,Head,Takım Jenerik,Uzun Kuyruk
glossop north end,FA Cup Alt Ligler,Futbol,Lig,Alt Seviye,Uzun Kuyruk,Erkek,Kulüp,Takım Sporu,İngiltere,Yabancı,Yok,TV+ Var,Yıllık,Sürekli Lig,Takım Jenerik,Bilgi,Takım,Jenerik,İngilizce,Body,Takım Jenerik,Uzun Kuyruk
golcar united,FA Cup Alt Ligler,Futbol,Lig,Alt Seviye,Uzun Kuyruk,Erkek,Kulüp,Takım Sporu,İngiltere,Yabancı,Yok,TV+ Var,Yıllık,Sürekli Lig,Takım Jenerik,Bilgi,Takım,Jenerik,İngilizce,Head,Takım Jenerik,Uzun Kuyruk
grays athletic,FA Cup Alt Ligler,Futbol,Lig,Alt Seviye,Uzun Kuyruk,Erkek,Kulüp,Takım Sporu,İngiltere,Yabancı,Yok,TV+ Var,Yıllık,Sürekli Lig,Takım Jenerik,Bilgi,Takım,Jenerik,İngilizce,Head,Takım Jenerik,Uzun Kuyruk
hallen,FA Cup Alt Ligler,Futbol,Lig,Alt Seviye,Uzun Kuyruk,Erkek,Kulüp,Takım Sporu,İngiltere,Yabancı,Yok,TV+ Var,Yıllık,Sürekli Lig,Takım Jenerik,Bilgi,Takım,Jenerik,İngilizce,Head,Takım Jenerik,Uzun Kuyruk
halstead town,FA Cup Alt Ligler,Futbol,Lig,Alt Seviye,Uzun Kuyruk,Erkek,Kulüp,Takım Sporu,İngiltere,Yabancı,Yok,TV+ Var,Yıllık,Sürekli Lig,Takım Jenerik,Bilgi,Takım,Jenerik,İngilizce,Head,Takım Jenerik,Uzun Kuyruk
hamble club,FA Cup Alt Ligler,Futbol,Lig,Alt Seviye,Uzun Kuyruk,Erkek,Kulüp,Takım Sporu,İngiltere,Yabancı,Yok,TV+ Var,Yıllık,Sürekli Lig,Takım Jenerik,Bilgi,Takım,Jenerik,İngilizce,Head,Takım Jenerik,Uzun Kuyruk
hanley town,FA Cup Alt Ligler,Futbol,Lig,Alt Seviye,Uzun Kuyruk,Erkek,Kulüp,Takım Sporu,İngiltere,Yabancı,Yok,TV+ Var,Yıllık,Sürekli Lig,Takım Jenerik,Bilgi,Takım,Jenerik,İngilizce,Head,Takım Jenerik,Uzun Kuyruk
harefield united,FA Cup Alt Ligler,Futbol,Lig,Alt Seviye,Uzun Kuyruk,Erkek,Kulüp,Takım Sporu,İngiltere,Yabancı,Yok,TV+ Var,Yıllık,Sürekli Lig,Takım Jenerik,Bilgi,Takım,Jenerik,İngilizce,Head,Takım Jenerik,Uzun Kuyruk
haringey borough,FA Cup Alt Ligler,Futbol,Lig,Alt Seviye,Uzun Kuyruk,Erkek,Kulüp,Takım Sporu,İngiltere,Yabancı,Yok,TV+ Var,Yıllık,Sürekli Lig,Takım Jenerik,Bilgi,Takım,Jenerik,İngilizce,Head,Takım Jenerik,Uzun Kuyruk
harleston town,FA Cup Alt Ligler,Futbol,Lig,Alt Seviye,Uzun Kuyruk,Erkek,Kulüp,Takım Sporu,İngiltere,Yabancı,Yok,TV+ Var,Yıllık,Sürekli Lig,Takım Jenerik,Bilgi,Takım,Jenerik,İngilizce,Head,Takım Jenerik,Uzun Kuyruk
harlow town,FA Cup Alt Ligler,Futbol,Lig,Alt Seviye,Uzun Kuyruk,Erkek,Kulüp,Takım Sporu,İngiltere,Yabancı,Yok,TV+ Var,Yıllık,Sürekli Lig,Takım Jenerik,Bilgi,Takım,Jenerik,İngilizce,Head,Takım Jenerik,Uzun Kuyruk
hartley wintney,FA Cup Alt Ligler,Futbol,Lig,Alt Seviye,Uzun Kuyruk,Erkek,Kulüp,Takım Sporu,İngiltere,Yabancı,Yok,TV+ Var,Yıllık,Sürekli Lig,Takım Jenerik,Bilgi,Takım,Jenerik,İngilizce,Head,Takım Jenerik,Uzun Kuyruk
hassocks,FA Cup Alt Ligler,Futbol,Lig,Alt Seviye,Uzun Kuyruk,Erkek,Kulüp,Takım Sporu,İngiltere,Yabancı,Yok,TV+ Var,Yıllık,Sürekli Lig,Takım Jenerik,Bilgi,Takım,Jenerik,İngilizce,Head,Takım Jenerik,Uzun Kuyruk
hayes & yeading united,FA Cup Alt Ligler,Futbol,Lig,Alt Seviye,Uzun Kuyruk,Erkek,Kulüp,Takım Sporu,İngiltere,Yabancı,Yok,TV+ Var,Yıllık,Sürekli Lig,Takım Jenerik,Bilgi,Takım,Jenerik,Türkçe,Body,Takım Jenerik,Uzun Kuyruk
haywards heath town,FA Cup Alt Ligler,Futbol,Lig,Alt Seviye,Uzun Kuyruk,Erkek,Kulüp,Takım Sporu,İngiltere,Yabancı,Yok,TV+ Var,Yıllık,Sürekli Lig,Takım Jenerik,Bilgi,Takım,Jenerik,İngilizce,Body,Takım Jenerik,Uzun Kuyruk
heaton stannington,FA Cup Alt Ligler,Futbol,Lig,Alt Seviye,Uzun Kuyruk,Erkek,Kulüp,Takım Sporu,İngiltere,Yabancı,Yok,TV+ Var,Yıllık,Sürekli Lig,Takım Jenerik,Bilgi,Takım,Jenerik,İngilizce,Head,Takım Jenerik,Uzun Kuyruk
hendon,FA Cup Alt Ligler,Futbol,Lig,Alt Seviye,Uzun Kuyruk,Erkek,Kulüp,Takım Sporu,İngiltere,Yabancı,Yok,TV+ Var,Yıllık,Sürekli Lig,Takım Jenerik,Bilgi,Takım,Jenerik,İngilizce,Head,Takım Jenerik,Uzun Kuyruk
hereford pegasus,FA Cup Alt Ligler,Futbol,Lig,Alt Seviye,Uzun Kuyruk,Erkek,Kulüp,Takım Sporu,İngiltere,Yabancı,Yok,TV+ Var,Yıllık,Sürekli Lig,Takım Jenerik,Bilgi,Takım,Jenerik,İngilizce,Head,Takım Jenerik,Uzun Kuyruk
herne bay,FA Cup Alt Ligler,Futbol,Lig,Alt Seviye,Uzun Kuyruk,Erkek,Kulüp,Takım Sporu,İngiltere,Yabancı,Yok,TV+ Var,Yıllık,Sürekli Lig,Takım Jenerik,Bilgi,Takım,Jenerik,İngilizce,Head,Takım Jenerik,Uzun Kuyruk
histon,FA Cup Alt Ligler,Futbol,Lig,Alt Seviye,Uzun Kuyruk,Erkek,Kulüp,Takım Sporu,İngiltere,Yabancı,Yok,TV+ Var,Yıllık,Sürekli Lig,Takım Jenerik,Bilgi,Takım,Jenerik,İngilizce,Head,Takım Jenerik,Uzun Kuyruk
hollands & blair,FA Cup Alt Ligler,Futbol,Lig,Alt Seviye,Uzun Kuyruk,Erkek,Kulüp,Takım Sporu,İngiltere,Yabancı,Yok,TV+ Var,Yıllık,Sürekli Lig,Takım Jenerik,Bilgi,Takım,Jenerik,Türkçe,Body,Takım Jenerik,Uzun Kuyruk
horbury town,FA Cup Alt Ligler,Futbol,Lig,Alt Seviye,Uzun Kuyruk,Erkek,Kulüp,Takım Sporu,İngiltere,Yabancı,Yok,TV+ Var,Yıllık,Sürekli Lig,Takım Jenerik,Bilgi,Takım,Jenerik,İngilizce,Head,Takım Jenerik,Uzun Kuyruk
hucknall town,FA Cup Alt Ligler,Futbol,Lig,Alt Seviye,Uzun Kuyruk,Erkek,Kulüp,Takım Sporu,İngiltere,Yabancı,Yok,TV+ Var,Yıllık,Sürekli Lig,Takım Jenerik,Bilgi,Takım,Jenerik,İngilizce,Head,Takım Jenerik,Uzun Kuyruk
hullbridge sports,FA Cup Alt Ligler,Futbol,Lig,Alt Seviye,Uzun Kuyruk,Erkek,Kulüp,Takım Sporu,İngiltere,Yabancı,Yok,TV+ Var,Yıllık,Sürekli Lig,Takım Jenerik,Bilgi,Takım,Jenerik,İngilizce,Head,Takım Jenerik,Uzun Kuyruk
hungerford town,FA Cup Alt Ligler,Futbol,Lig,Alt Seviye,Uzun Kuyruk,Erkek,Kulüp,Takım Sporu,İngiltere,Yabancı,Yok,TV+ Var,Yıllık,Sürekli Lig,Takım Jenerik,Bilgi,Takım,Jenerik,İngilizce,Head,Takım Jenerik,Uzun Kuyruk
hutton,FA Cup Alt Ligler,Futbol,Lig,Alt Seviye,Uzun Kuyruk,Erkek,Kulüp,Takım Sporu,İngiltere,Yabancı,Yok,TV+ Var,Yıllık,Sürekli Lig,Takım Jenerik,Bilgi,Takım,Jenerik,İngilizce,Head,Takım Jenerik,Uzun Kuyruk
ipswich wanderers,FA Cup Alt Ligler,Futbol,Lig,Alt Seviye,Uzun Kuyruk,Erkek,Kulüp,Takım Sporu,İngiltere,Yabancı,Yok,TV+ Var,Yıllık,Sürekli Lig,Takım Jenerik,Bilgi,Takım,Jenerik,İngilizce,Head,Takım Jenerik,Uzun Kuyruk
irlam,FA Cup Alt Ligler,Futbol,Lig,Alt Seviye,Uzun Kuyruk,Erkek,Kulüp,Takım Sporu,İngiltere,Yabancı,Yok,TV+ Var,Yıllık,Sürekli Lig,Takım Jenerik,Bilgi,Takım,Jenerik,İngilizce,Head,Takım Jenerik,Uzun Kuyruk
ivybridge town,FA Cup Alt Ligler,Futbol,Lig,Alt Seviye,Uzun Kuyruk,Erkek,Kulüp,Takım Sporu,İngiltere,Yabancı,Yok,TV+ Var,Yıllık,Sürekli Lig,Takım Jenerik,Bilgi,Takım,Jenerik,İngilizce,Head,Takım Jenerik,Uzun Kuyruk
kendal town,FA Cup Alt Ligler,Futbol,Lig,Alt Seviye,Uzun Kuyruk,Erkek,Kulüp,Takım Sporu,İngiltere,Yabancı,Yok,TV+ Var,Yıllık,Sürekli Lig,Takım Jenerik,Bilgi,Takım,Jenerik,İngilizce,Head,Takım Jenerik,Uzun Kuyruk
kennington,FA Cup Alt Ligler,Futbol,Lig,Alt Seviye,Uzun Kuyruk,Erkek,Kulüp,Takım Sporu,İngiltere,Yabancı,Yok,TV+ Var,Yıllık,Sürekli Lig,Takım Jenerik,Bilgi,Takım,Jenerik,İngilizce,Head,Takım Jenerik,Uzun Kuyruk
kidsgrove athletic,FA Cup Alt Ligler,Futbol,Lig,Alt Seviye,Uzun Kuyruk,Erkek,Kulüp,Takım Sporu,İngiltere,Yabancı,Yok,TV+ Var,Yıllık,Sürekli Lig,Takım Jenerik,Bilgi,Takım,Jenerik,İngilizce,Head,Takım Jenerik,Uzun Kuyruk
kings langley,FA Cup Alt Ligler,Futbol,Lig,Alt Seviye,Uzun Kuyruk,Erkek,Kulüp,Takım Sporu,İngiltere,Yabancı,Yok,TV+ Var,Yıllık,Sürekli Lig,Takım Jenerik,Bilgi,Takım,Jenerik,İngilizce,Head,Takım Jenerik,Uzun Kuyruk
kingstonian,FA Cup Alt Ligler,Futbol,Lig,Alt Seviye,Uzun Kuyruk,Erkek,Kulüp,Takım Sporu,İngiltere,Yabancı,Yok,TV+ Var,Yıllık,Sürekli Lig,Takım Jenerik,Bilgi,Takım,Jenerik,İngilizce,Head,Takım Jenerik,Uzun Kuyruk
knaresborough town,FA Cup Alt Ligler,Futbol,Lig,Alt Seviye,Uzun Kuyruk,Erkek,Kulüp,Takım Sporu,İngiltere,Yabancı,Yok,TV+ Var,Yıllık,Sürekli Lig,Takım Jenerik,Bilgi,Takım,Jenerik,İngilizce,Head,Takım Jenerik,Uzun Kuyruk
knowle,FA Cup Alt Ligler,Futbol,Lig,Alt Seviye,Uzun Kuyruk,Erkek,Kulüp,Takım Sporu,İngiltere,Yabancı,Yok,TV+ Var,Yıllık,Sürekli Lig,Takım Jenerik,Bilgi,Takım,Jenerik,İngilizce,Head,Takım Jenerik,Uzun Kuyruk
larkhall athletic,FA Cup Alt Ligler,Futbol,Lig,Alt Seviye,Uzun Kuyruk,Erkek,Kulüp,Takım Sporu,İngiltere,Yabancı,Yok,TV+ Var,Yıllık,Sürekli Lig,Takım Jenerik,Bilgi,Takım,Jenerik,İngilizce,Head,Takım Jenerik,Uzun Kuyruk
laverstock & ford,FA Cup Alt Ligler,Futbol,Lig,Alt Seviye,Uzun Kuyruk,Erkek,Kulüp,Takım Sporu,İngiltere,Yabancı,Yok,TV+ Var,Yıllık,Sürekli Lig,Takım Jenerik,Bilgi,Takım,Jenerik,Türkçe,Body,Takım Jenerik,Uzun Kuyruk
leverstock green,FA Cup Alt Ligler,Futbol,Lig,Alt Seviye,Uzun Kuyruk,Erkek,Kulüp,Takım Sporu,İngiltere,Yabancı,Yok,TV+ Var,Yıllık,Sürekli Lig,Takım Jenerik,Bilgi,Takım,Jenerik,İngilizce,Head,Takım Jenerik,Uzun Kuyruk
lincoln united,FA Cup Alt Ligler,Futbol,Lig,Alt Seviye,Uzun Kuyruk,Erkek,Kulüp,Takım Sporu,İngiltere,Yabancı,Yok,TV+ Var,Yıllık,Sürekli Lig,Takım Jenerik,Bilgi,Takım,Jenerik,İngilizce,Head,Takım Jenerik,Uzun Kuyruk
lingfield,FA Cup Alt Ligler,Futbol,Lig,Alt Seviye,Uzun Kuyruk,Erkek,Kulüp,Takım Sporu,İngiltere,Yabancı,Yok,TV+ Var,Yıllık,Sürekli Lig,Takım Jenerik,Bilgi,Takım,Jenerik,İngilizce,Head,Takım Jenerik,Uzun Kuyruk
litherland remyca,FA Cup Alt Ligler,Futbol,Lig,Alt Seviye,Uzun Kuyruk,Erkek,Kulüp,Takım Sporu,İngiltere,Yabancı,Yok,TV+ Var,Yıllık,Sürekli Lig,Takım Jenerik,Bilgi,Takım,Jenerik,İngilizce,Head,Takım Jenerik,Uzun Kuyruk
little oakley,FA Cup Alt Ligler,Futbol,Lig,Alt Seviye,Uzun Kuyruk,Erkek,Kulüp,Takım Sporu,İngiltere,Yabancı,Yok,TV+ Var,Yıllık,Sürekli Lig,Takım Jenerik,Bilgi,Takım,Jenerik,İngilizce,Head,Takım Jenerik,Uzun Kuyruk
littlehampton town,FA Cup Alt Ligler,Futbol,Lig,Alt Seviye,Uzun Kuyruk,Erkek,Kulüp,Takım Sporu,İngiltere,Yabancı,Yok,TV+ Var,Yıllık,Sürekli Lig,Takım Jenerik,Bilgi,Takım,Jenerik,İngilizce,Head,Takım Jenerik,Uzun Kuyruk
liversedge,FA Cup Alt Ligler,Futbol,Lig,Alt Seviye,Uzun Kuyruk,Erkek,Kulüp,Takım Sporu,İngiltere,Yabancı,Yok,TV+ Var,Yıllık,Sürekli Lig,Takım Jenerik,Bilgi,Takım,Jenerik,İngilizce,Head,Takım Jenerik,Uzun Kuyruk
long eaton united,FA Cup Alt Ligler,Futbol,Lig,Alt Seviye,Uzun Kuyruk,Erkek,Kulüp,Takım Sporu,İngiltere,Yabancı,Yok,TV+ Var,Yıllık,Sürekli Lig,Takım Jenerik,Bilgi,Takım,Jenerik,İngilizce,Body,Takım Jenerik,Uzun Kuyruk
longlevens,FA Cup Alt Ligler,Futbol,Lig,Alt Seviye,Uzun Kuyruk,Erkek,Kulüp,Takım Sporu,İngiltere,Yabancı,Yok,TV+ Var,Yıllık,Sürekli Lig,Takım Jenerik,Bilgi,Takım,Jenerik,İngilizce,Head,Takım Jenerik,Uzun Kuyruk
longridge town,FA Cup Alt Ligler,Futbol,Lig,Alt Seviye,Uzun Kuyruk,Erkek,Kulüp,Takım Sporu,İngiltere,Yabancı,Yok,TV+ Var,Yıllık,Sürekli Lig,Takım Jenerik,Bilgi,Takım,Jenerik,İngilizce,Head,Takım Jenerik,Uzun Kuyruk
lutterworth town,FA Cup Alt Ligler,Futbol,Lig,Alt Seviye,Uzun Kuyruk,Erkek,Kulüp,Takım Sporu,İngiltere,Yabancı,Yok,TV+ Var,Yıllık,Sürekli Lig,Takım Jenerik,Bilgi,Takım,Jenerik,İngilizce,Head,Takım Jenerik,Uzun Kuyruk
lye town,FA Cup Alt Ligler,Futbol,Lig,Alt Seviye,Uzun Kuyruk,Erkek,Kulüp,Takım Sporu,İngiltere,Yabancı,Yok,TV+ Var,Yıllık,Sürekli Lig,Takım Jenerik,Bilgi,Takım,Jenerik,İngilizce,Head,Takım Jenerik,Uzun Kuyruk
mangotsfield united,FA Cup Alt Ligler,Futbol,Lig,Alt Seviye,Uzun Kuyruk,Erkek,Kulüp,Takım Sporu,İngiltere,Yabancı,Yok,TV+ Var,Yıllık,Sürekli Lig,Takım Jenerik,Bilgi,Takım,Jenerik,İngilizce,Head,Takım Jenerik,Uzun Kuyruk
march town united,FA Cup Alt Ligler,Futbol,Lig,Alt Seviye,Uzun Kuyruk,Erkek,Kulüp,Takım Sporu,İngiltere,Yabancı,Yok,TV+ Var,Yıllık,Sürekli Lig,Takım Jenerik,Bilgi,Takım,Jenerik,İngilizce,Body,Takım Jenerik,Uzun Kuyruk
marlow,FA Cup Alt Ligler,Futbol,Lig,Alt Seviye,Uzun Kuyruk,Erkek,Kulüp,Takım Sporu,İngiltere,Yabancı,Yok,TV+ Var,Yıllık,Sürekli Lig,Takım Jenerik,Bilgi,Takım,Jenerik,İngilizce,Head,Takım Jenerik,Uzun Kuyruk
marske united,FA Cup Alt Ligler,Futbol,Lig,Alt Seviye,Uzun Kuyruk,Erkek,Kulüp,Takım Sporu,İngiltere,Yabancı,Yok,TV+ Var,Yıllık,Sürekli Lig,Takım Jenerik,Bilgi,Takım,Jenerik,İngilizce,Head,Takım Jenerik,Uzun Kuyruk
melksham town,FA Cup Alt Ligler,Futbol,Lig,Alt Seviye,Uzun Kuyruk,Erkek,Kulüp,Takım Sporu,İngiltere,Yabancı,Yok,TV+ Var,Yıllık,Sürekli Lig,Takım Jenerik,Bilgi,Takım,Jenerik,İngilizce,Head,Takım Jenerik,Uzun Kuyruk
merstham,FA Cup Alt Ligler,Futbol,Lig,Alt Seviye,Uzun Kuyruk,Erkek,Kulüp,Takım Sporu,İngiltere,Yabancı,Yok,TV+ Var,Yıllık,Sürekli Lig,Takım Jenerik,Bilgi,Takım,Jenerik,İngilizce,Head,Takım Jenerik,Uzun Kuyruk
mickleover,FA Cup Alt Ligler,Futbol,Lig,Alt Seviye,Uzun Kuyruk,Erkek,Kulüp,Takım Sporu,İngiltere,Yabancı,Yok,TV+ Var,Yıllık,Sürekli Lig,Takım Jenerik,Bilgi,Takım,Jenerik,İngilizce,Head,Takım Jenerik,Uzun Kuyruk
midhurst & easebourne,FA Cup Alt Ligler,Futbol,Lig,Alt Seviye,Uzun Kuyruk,Erkek,Kulüp,Takım Sporu,İngiltere,Yabancı,Yok,TV+ Var,Yıllık,Sürekli Lig,Takım Jenerik,Bilgi,Takım,Jenerik,Türkçe,Body,Takım Jenerik,Uzun Kuyruk
mildenhall town,FA Cup Alt Ligler,Futbol,Lig,Alt Seviye,Uzun Kuyruk,Erkek,Kulüp,Takım Sporu,İngiltere,Yabancı,Yok,TV+ Var,Yıllık,Sürekli Lig,Takım Jenerik,Bilgi,Takım,Jenerik,İngilizce,Head,Takım Jenerik,Uzun Kuyruk
millbrook,FA Cup Alt Ligler,Futbol,Lig,Alt Seviye,Uzun Kuyruk,Erkek,Kulüp,Takım Sporu,İngiltere,Yabancı,Yok,TV+ Var,Yıllık,Sürekli Lig,Takım Jenerik,Bilgi,Takım,Jenerik,İngilizce,Head,Takım Jenerik,Uzun Kuyruk
milton keynes irish,FA Cup Alt Ligler,Futbol,Lig,Alt Seviye,Uzun Kuyruk,Erkek,Kulüp,Takım Sporu,İngiltere,Yabancı,Yok,TV+ Var,Yıllık,Sürekli Lig,Takım Jenerik,Bilgi,Takım,Jenerik,İngilizce,Body,Takım Jenerik,Uzun Kuyruk
mossley,FA Cup Alt Ligler,Futbol,Lig,Alt Seviye,Uzun Kuyruk,Erkek,Kulüp,Takım Sporu,İngiltere,Yabancı,Yok,TV+ Var,Yıllık,Sürekli Lig,Takım Jenerik,Bilgi,Takım,Jenerik,İngilizce,Head,Takım Jenerik,Uzun Kuyruk
mulbarton wanderers,FA Cup Alt Ligler,Futbol,Lig,Alt Seviye,Uzun Kuyruk,Erkek,Kulüp,Takım Sporu,İngiltere,Yabancı,Yok,TV+ Var,Yıllık,Sürekli Lig,Takım Jenerik,Bilgi,Takım,Jenerik,İngilizce,Head,Takım Jenerik,Uzun Kuyruk
nantwich town,FA Cup Alt Ligler,Futbol,Lig,Alt Seviye,Uzun Kuyruk,Erkek,Kulüp,Takım Sporu,İngiltere,Yabancı,Yok,TV+ Var,Yıllık,Sürekli Lig,Takım Jenerik,Bilgi,Takım,Jenerik,İngilizce,Head,Takım Jenerik,Uzun Kuyruk
nelson,FA Cup Alt Ligler,Futbol,Lig,Alt Seviye,Uzun Kuyruk,Erkek,Kulüp,Takım Sporu,İngiltere,Yabancı,Yok,TV+ Var,Yıllık,Sürekli Lig,Takım Jenerik,Bilgi,Takım,Jenerik,İngilizce,Head,Takım Jenerik,Uzun Kuyruk
newcastle town,FA Cup Alt Ligler,Futbol,Lig,Alt Seviye,Uzun Kuyruk,Erkek,Kulüp,Takım Sporu,İngiltere,Yabancı,Yok,TV+ Var,Yıllık,Sürekli Lig,Takım Jenerik,Bilgi,Takım,Jenerik,İngilizce,Head,Takım Jenerik,Uzun Kuyruk
newhaven,FA Cup Alt Ligler,Futbol,Lig,Alt Seviye,Uzun Kuyruk,Erkek,Kulüp,Takım Sporu,İngiltere,Yabancı,Yok,TV+ Var,Yıllık,Sürekli Lig,Takım Jenerik,Bilgi,Takım,Jenerik,İngilizce,Head,Takım Jenerik,Uzun Kuyruk
newmarket town,FA Cup Alt Ligler,Futbol,Lig,Alt Seviye,Uzun Kuyruk,Erkek,Kulüp,Takım Sporu,İngiltere,Yabancı,Yok,TV+ Var,Yıllık,Sürekli Lig,Takım Jenerik,Bilgi,Takım,Jenerik,İngilizce,Head,Takım Jenerik,Uzun Kuyruk
newport pagnell town,FA Cup Alt Ligler,Futbol,Lig,Alt Seviye,Uzun Kuyruk,Erkek,Kulüp,Takım Sporu,İngiltere,Yabancı,Yok,TV+ Var,Yıllık,Sürekli Lig,Takım Jenerik,Bilgi,Takım,Jenerik,İngilizce,Body,Takım Jenerik,Uzun Kuyruk
north ferriby,FA Cup Alt Ligler,Futbol,Lig,Alt Seviye,Uzun Kuyruk,Erkek,Kulüp,Takım Sporu,İngiltere,Yabancı,Yok,TV+ Var,Yıllık,Sürekli Lig,Takım Jenerik,Bilgi,Takım,Jenerik,İngilizce,Head,Takım Jenerik,Uzun Kuyruk
north greenford united,FA Cup Alt Ligler,Futbol,Lig,Alt Seviye,Uzun Kuyruk,Erkek,Kulüp,Takım Sporu,İngiltere,Yabancı,Yok,TV+ Var,Yıllık,Sürekli Lig,Takım Jenerik,Bilgi,Takım,Jenerik,İngilizce,Body,Takım Jenerik,Uzun Kuyruk
north leigh,FA Cup Alt Ligler,Futbol,Lig,Alt Seviye,Uzun Kuyruk,Erkek,Kulüp,Takım Sporu,İngiltere,Yabancı,Yok,TV+ Var,Yıllık,Sürekli Lig,Takım Jenerik,Bilgi,Takım,Jenerik,İngilizce,Head,Takım Jenerik,Uzun Kuyruk
north shields,FA Cup Alt Ligler,Futbol,Lig,Alt Seviye,Uzun Kuyruk,Erkek,Kulüp,Takım Sporu,İngiltere,Yabancı,Yok,TV+ Var,Yıllık,Sürekli Lig,Takım Jenerik,Bilgi,Takım,Jenerik,İngilizce,Head,Takım Jenerik,Uzun Kuyruk
northampton on chenecks,FA Cup Alt Ligler,Futbol,Lig,Alt Seviye,Uzun Kuyruk,Erkek,Kulüp,Takım Sporu,İngiltere,Yabancı,Yok,TV+ Var,Yıllık,Sürekli Lig,Takım Jenerik,Bilgi,Takım,Jenerik,İngilizce,Body,Takım Jenerik,Uzun Kuyruk
northampton sileby rangers,FA Cup Alt Ligler,Futbol,Lig,Alt Seviye,Uzun Kuyruk,Erkek,Kulüp,Takım Sporu,İngiltere,Yabancı,Yok,TV+ Var,Yıllık,Sürekli Lig,Takım Jenerik,Bilgi,Takım,Jenerik,İngilizce,Body,Takım Jenerik,Uzun Kuyruk
northwich victoria,FA Cup Alt Ligler,Futbol,Lig,Alt Seviye,Uzun Kuyruk,Erkek,Kulüp,Takım Sporu,İngiltere,Yabancı,Yok,TV+ Var,Yıllık,Sürekli Lig,Takım Jenerik,Bilgi,Takım,Jenerik,İngilizce,Head,Takım Jenerik,Uzun Kuyruk
northwood,FA Cup Alt Ligler,Futbol,Lig,Alt Seviye,Uzun Kuyruk,Erkek,Kulüp,Takım Sporu,İngiltere,Yabancı,Yok,TV+ Var,Yıllık,Sürekli Lig,Takım Jenerik,Bilgi,Takım,Jenerik,İngilizce,Head,Takım Jenerik,Uzun Kuyruk
nuneaton town,FA Cup Alt Ligler,Futbol,Lig,Alt Seviye,Uzun Kuyruk,Erkek,Kulüp,Takım Sporu,İngiltere,Yabancı,Yok,TV+ Var,Yıllık,Sürekli Lig,Takım Jenerik,Bilgi,Takım,Jenerik,İngilizce,Head,Takım Jenerik,Uzun Kuyruk
ossett united,FA Cup Alt Ligler,Futbol,Lig,Alt Seviye,Uzun Kuyruk,Erkek,Kulüp,Takım Sporu,İngiltere,Yabancı,Yok,TV+ Var,Yıllık,Sürekli Lig,Takım Jenerik,Bilgi,Takım,Jenerik,İngilizce,Head,Takım Jenerik,Uzun Kuyruk
pagham,FA Cup Alt Ligler,Futbol,Lig,Alt Seviye,Uzun Kuyruk,Erkek,Kulüp,Takım Sporu,İngiltere,Yabancı,Yok,TV+ Var,Yıllık,Sürekli Lig,Takım Jenerik,Bilgi,Takım,Jenerik,İngilizce,Head,Takım Jenerik,Uzun Kuyruk
parkgate,FA Cup Alt Ligler,Futbol,Lig,Alt Seviye,Uzun Kuyruk,Erkek,Kulüp,Takım Sporu,İngiltere,Yabancı,Yok,TV+ Var,Yıllık,Sürekli Lig,Takım Jenerik,Bilgi,Takım,Jenerik,İngilizce,Head,Takım Jenerik,Uzun Kuyruk
peacehaven & telscombe,FA Cup Alt Ligler,Futbol,Lig,Alt Seviye,Uzun Kuyruk,Erkek,Kulüp,Takım Sporu,İngiltere,Yabancı,Yok,TV+ Var,Yıllık,Sürekli Lig,Takım Jenerik,Bilgi,Takım,Jenerik,Türkçe,Body,Takım Jenerik,Uzun Kuyruk
penn & tylers green,FA Cup Alt Ligler,Futbol,Lig,Alt Seviye,Uzun Kuyruk,Erkek,Kulüp,Takım Sporu,İngiltere,Yabancı,Yok,TV+ Var,Yıllık,Sürekli Lig,Takım Jenerik,Bilgi,Takım,Jenerik,Türkçe,Body,Takım Jenerik,Uzun Kuyruk
pershore town,FA Cup Alt Ligler,Futbol,Lig,Alt Seviye,Uzun Kuyruk,Erkek,Kulüp,Takım Sporu,İngiltere,Yabancı,Yok,TV+ Var,Yıllık,Sürekli Lig,Takım Jenerik,Bilgi,Takım,Jenerik,İngilizce,Head,Takım Jenerik,Uzun Kuyruk
petersfield town,FA Cup Alt Ligler,Futbol,Lig,Alt Seviye,Uzun Kuyruk,Erkek,Kulüp,Takım Sporu,İngiltere,Yabancı,Yok,TV+ Var,Yıllık,Sürekli Lig,Takım Jenerik,Bilgi,Takım,Jenerik,İngilizce,Head,Takım Jenerik,Uzun Kuyruk
petts wood & holmesdale,FA Cup Alt Ligler,Futbol,Lig,Alt Seviye,Uzun Kuyruk,Erkek,Kulüp,Takım Sporu,İngiltere,Yabancı,Yok,TV+ Var,Yıllık,Sürekli Lig,Takım Jenerik,Bilgi,Takım,Jenerik,Türkçe,Body,Takım Jenerik,Uzun Kuyruk
portishead town,FA Cup Alt Ligler,Futbol,Lig,Alt Seviye,Uzun Kuyruk,Erkek,Kulüp,Takım Sporu,İngiltere,Yabancı,Yok,TV+ Var,Yıllık,Sürekli Lig,Takım Jenerik,Bilgi,Takım,Jenerik,İngilizce,Head,Takım Jenerik,Uzun Kuyruk
portland united,FA Cup Alt Ligler,Futbol,Lig,Alt Seviye,Uzun Kuyruk,Erkek,Kulüp,Takım Sporu,İngiltere,Yabancı,Yok,TV+ Var,Yıllık,Sürekli Lig,Takım Jenerik,Bilgi,Takım,Jenerik,İngilizce,Head,Takım Jenerik,Uzun Kuyruk
potters bar town,FA Cup Alt Ligler,Futbol,Lig,Alt Seviye,Uzun Kuyruk,Erkek,Kulüp,Takım Sporu,İngiltere,Yabancı,Yok,TV+ Var,Yıllık,Sürekli Lig,Takım Jenerik,Bilgi,Takım,Jenerik,İngilizce,Body,Takım Jenerik,Uzun Kuyruk
potton united,FA Cup Alt Ligler,Futbol,Lig,Alt Seviye,Uzun Kuyruk,Erkek,Kulüp,Takım Sporu,İngiltere,Yabancı,Yok,TV+ Var,Yıllık,Sürekli Lig,Takım Jenerik,Bilgi,Takım,Jenerik,İngilizce,Head,Takım Jenerik,Uzun Kuyruk
prescot cables,FA Cup Alt Ligler,Futbol,Lig,Alt Seviye,Uzun Kuyruk,Erkek,Kulüp,Takım Sporu,İngiltere,Yabancı,Yok,TV+ Var,Yıllık,Sürekli Lig,Takım Jenerik,Bilgi,Takım,Jenerik,İngilizce,Head,Takım Jenerik,Uzun Kuyruk
prestwich heys,FA Cup Alt Ligler,Futbol,Lig,Alt Seviye,Uzun Kuyruk,Erkek,Kulüp,Takım Sporu,İngiltere,Yabancı,Yok,TV+ Var,Yıllık,Sürekli Lig,Takım Jenerik,Bilgi,Takım,Jenerik,İngilizce,Head,Takım Jenerik,Uzun Kuyruk
punjab united,FA Cup Alt Ligler,Futbol,Lig,Alt Seviye,Uzun Kuyruk,Erkek,Kulüp,Takım Sporu,İngiltere,Yabancı,Yok,TV+ Var,Yıllık,Sürekli Lig,Takım Jenerik,Bilgi,Takım,Jenerik,İngilizce,Head,Takım Jenerik,Uzun Kuyruk
raynes park vale,FA Cup Alt Ligler,Futbol,Lig,Alt Seviye,Uzun Kuyruk,Erkek,Kulüp,Takım Sporu,İngiltere,Yabancı,Yok,TV+ Var,Yıllık,Sürekli Lig,Takım Jenerik,Bilgi,Takım,Jenerik,İngilizce,Body,Takım Jenerik,Uzun Kuyruk
redcar town,FA Cup Alt Ligler,Futbol,Lig,Alt Seviye,Uzun Kuyruk,Erkek,Kulüp,Takım Sporu,İngiltere,Yabancı,Yok,TV+ Var,Yıllık,Sürekli Lig,Takım Jenerik,Bilgi,Takım,Jenerik,İngilizce,Head,Takım Jenerik,Uzun Kuyruk
redhill,FA Cup Alt Ligler,Futbol,Lig,Alt Seviye,Uzun Kuyruk,Erkek,Kulüp,Takım Sporu,İngiltere,Yabancı,Yok,TV+ Var,Yıllık,Sürekli Lig,Takım Jenerik,Bilgi,Takım,Jenerik,İngilizce,Head,Takım Jenerik,Uzun Kuyruk
retford,FA Cup Alt Ligler,Futbol,Lig,Alt Seviye,Uzun Kuyruk,Erkek,Kulüp,Takım Sporu,İngiltere,Yabancı,Yok,TV+ Var,Yıllık,Sürekli Lig,Takım Jenerik,Bilgi,Takım,Jenerik,İngilizce,Head,Takım Jenerik,Uzun Kuyruk
risborough rangers,FA Cup Alt Ligler,Futbol,Lig,Alt Seviye,Uzun Kuyruk,Erkek,Kulüp,Takım Sporu,İngiltere,Yabancı,Yok,TV+ Var,Yıllık,Sürekli Lig,Takım Jenerik,Bilgi,Takım,Jenerik,İngilizce,Head,Takım Jenerik,Uzun Kuyruk
roman glass st george,FA Cup Alt Ligler,Futbol,Lig,Alt Seviye,Uzun Kuyruk,Erkek,Kulüp,Takım Sporu,İngiltere,Yabancı,Yok,TV+ Var,Yıllık,Sürekli Lig,Takım Jenerik,Bilgi,Takım,Jenerik,İngilizce,Body,Takım Jenerik,Uzun Kuyruk
romford,FA Cup Alt Ligler,Futbol,Lig,Alt Seviye,Uzun Kuyruk,Erkek,Kulüp,Takım Sporu,İngiltere,Yabancı,Yok,TV+ Var,Yıllık,Sürekli Lig,Takım Jenerik,Bilgi,Takım,Jenerik,İngilizce,Head,Takım Jenerik,Uzun Kuyruk
romulus,FA Cup Alt Ligler,Futbol,Lig,Alt Seviye,Uzun Kuyruk,Erkek,Kulüp,Takım Sporu,İngiltere,Yabancı,Yok,TV+ Var,Yıllık,Sürekli Lig,Takım Jenerik,Bilgi,Takım,Jenerik,İngilizce,Head,Takım Jenerik,Uzun Kuyruk
rugby borough,FA Cup Alt Ligler,Futbol,Lig,Alt Seviye,Uzun Kuyruk,Erkek,Kulüp,Takım Sporu,İngiltere,Yabancı,Yok,TV+ Var,Yıllık,Sürekli Lig,Takım Jenerik,Bilgi,Takım,Jenerik,İngilizce,Head,Takım Jenerik,Uzun Kuyruk
rugby town,FA Cup Alt Ligler,Futbol,Lig,Alt Seviye,Uzun Kuyruk,Erkek,Kulüp,Takım Sporu,İngiltere,Yabancı,Yok,TV+ Var,Yıllık,Sürekli Lig,Takım Jenerik,Bilgi,Takım,Jenerik,İngilizce,Head,Takım Jenerik,Uzun Kuyruk
runcorn town,FA Cup Alt Ligler,Futbol,Lig,Alt Seviye,Uzun Kuyruk,Erkek,Kulüp,Takım Sporu,İngiltere,Yabancı,Yok,TV+ Var,Yıllık,Sürekli Lig,Takım Jenerik,Bilgi,Takım,Jenerik,İngilizce,Head,Takım Jenerik,Uzun Kuyruk
rusthall,FA Cup Alt Ligler,Futbol,Lig,Alt Seviye,Uzun Kuyruk,Erkek,Kulüp,Takım Sporu,İngiltere,Yabancı,Yok,TV+ Var,Yıllık,Sürekli Lig,Takım Jenerik,Bilgi,Takım,Jenerik,İngilizce,Head,Takım Jenerik,Uzun Kuyruk
se dons,FA Cup Alt Ligler,Futbol,Lig,Alt Seviye,Uzun Kuyruk,Erkek,Kulüp,Takım Sporu,İngiltere,Yabancı,Yok,TV+ Var,Yıllık,Sürekli Lig,Takım Jenerik,Bilgi,Takım,Jenerik,İngilizce,Head,Takım Jenerik,Uzun Kuyruk
saffron walden town,FA Cup Alt Ligler,Futbol,Lig,Alt Seviye,Uzun Kuyruk,Erkek,Kulüp,Takım Sporu,İngiltere,Yabancı,Yok,TV+ Var,Yıllık,Sürekli Lig,Takım Jenerik,Bilgi,Takım,Jenerik,İngilizce,Body,Takım Jenerik,Uzun Kuyruk
sawbridgeworth town,FA Cup Alt Ligler,Futbol,Lig,Alt Seviye,Uzun Kuyruk,Erkek,Kulüp,Takım Sporu,İngiltere,Yabancı,Yok,TV+ Var,Yıllık,Sürekli Lig,Takım Jenerik,Bilgi,Takım,Jenerik,İngilizce,Head,Takım Jenerik,Uzun Kuyruk
sheerwater,FA Cup Alt Ligler,Futbol,Lig,Alt Seviye,Uzun Kuyruk,Erkek,Kulüp,Takım Sporu,İngiltere,Yabancı,Yok,TV+ Var,Yıllık,Sürekli Lig,Takım Jenerik,Bilgi,Takım,Jenerik,İngilizce,Head,Takım Jenerik,Uzun Kuyruk
sheppey united,FA Cup Alt Ligler,Futbol,Lig,Alt Seviye,Uzun Kuyruk,Erkek,Kulüp,Takım Sporu,İngiltere,Yabancı,Yok,TV+ Var,Yıllık,Sürekli Lig,Takım Jenerik,Bilgi,Takım,Jenerik,İngilizce,Head,Takım Jenerik,Uzun Kuyruk
shepton mallet,FA Cup Alt Ligler,Futbol,Lig,Alt Seviye,Uzun Kuyruk,Erkek,Kulüp,Takım Sporu,İngiltere,Yabancı,Yok,TV+ Var,Yıllık,Sürekli Lig,Takım Jenerik,Bilgi,Takım,Jenerik,İngilizce,Head,Takım Jenerik,Uzun Kuyruk
sherwood colliery,FA Cup Alt Ligler,Futbol,Lig,Alt Seviye,Uzun Kuyruk,Erkek,Kulüp,Takım Sporu,İngiltere,Yabancı,Yok,TV+ Var,Yıllık,Sürekli Lig,Takım Jenerik,Bilgi,Takım,Jenerik,İngilizce,Head,Takım Jenerik,Uzun Kuyruk
shifnal town,FA Cup Alt Ligler,Futbol,Lig,Alt Seviye,Uzun Kuyruk,Erkek,Kulüp,Takım Sporu,İngiltere,Yabancı,Yok,TV+ Var,Yıllık,Sürekli Lig,Takım Jenerik,Bilgi,Takım,Jenerik,İngilizce,Head,Takım Jenerik,Uzun Kuyruk
shildon,FA Cup Alt Ligler,Futbol,Lig,Alt Seviye,Uzun Kuyruk,Erkek,Kulüp,Takım Sporu,İngiltere,Yabancı,Yok,TV+ Var,Yıllık,Sürekli Lig,Takım Jenerik,Bilgi,Takım,Jenerik,İngilizce,Head,Takım Jenerik,Uzun Kuyruk
silsden,FA Cup Alt Ligler,Futbol,Lig,Alt Seviye,Uzun Kuyruk,Erkek,Kulüp,Takım Sporu,İngiltere,Yabancı,Yok,TV+ Var,Yıllık,Sürekli Lig,Takım Jenerik,Bilgi,Takım,Jenerik,İngilizce,Head,Takım Jenerik,Uzun Kuyruk
slimbridge,FA Cup Alt Ligler,Futbol,Lig,Alt Seviye,Uzun Kuyruk,Erkek,Kulüp,Takım Sporu,İngiltere,Yabancı,Yok,TV+ Var,Yıllık,Sürekli Lig,Takım Jenerik,Bilgi,Takım,Jenerik,İngilizce,Head,Takım Jenerik,Uzun Kuyruk
snodland town,FA Cup Alt Ligler,Futbol,Lig,Alt Seviye,Uzun Kuyruk,Erkek,Kulüp,Takım Sporu,İngiltere,Yabancı,Yok,TV+ Var,Yıllık,Sürekli Lig,Takım Jenerik,Bilgi,Takım,Jenerik,İngilizce,Head,Takım Jenerik,Uzun Kuyruk
south liverpool,FA Cup Alt Ligler,Futbol,Lig,Alt Seviye,Uzun Kuyruk,Erkek,Kulüp,Takım Sporu,İngiltere,Yabancı,Yok,TV+ Var,Yıllık,Sürekli Lig,Takım Jenerik,Bilgi,Takım,Jenerik,İngilizce,Head,Takım Jenerik,Uzun Kuyruk
sporting khalsa,FA Cup Alt Ligler,Futbol,Lig,Alt Seviye,Uzun Kuyruk,Erkek,Kulüp,Takım Sporu,İngiltere,Yabancı,Yok,TV+ Var,Yıllık,Sürekli Lig,Takım Jenerik,Bilgi,Takım,Jenerik,İngilizce,Head,Takım Jenerik,Uzun Kuyruk
st blazey,FA Cup Alt Ligler,Futbol,Lig,Alt Seviye,Uzun Kuyruk,Erkek,Kulüp,Takım Sporu,İngiltere,Yabancı,Yok,TV+ Var,Yıllık,Sürekli Lig,Takım Jenerik,Bilgi,Takım,Jenerik,İngilizce,Head,Takım Jenerik,Uzun Kuyruk
st ives town,FA Cup Alt Ligler,Futbol,Lig,Alt Seviye,Uzun Kuyruk,Erkek,Kulüp,Takım Sporu,İngiltere,Yabancı,Yok,TV+ Var,Yıllık,Sürekli Lig,Takım Jenerik,Bilgi,Takım,Jenerik,İngilizce,Body,Takım Jenerik,Uzun Kuyruk
st neots town,FA Cup Alt Ligler,Futbol,Lig,Alt Seviye,Uzun Kuyruk,Erkek,Kulüp,Takım Sporu,İngiltere,Yabancı,Yok,TV+ Var,Yıllık,Sürekli Lig,Takım Jenerik,Bilgi,Takım,Jenerik,İngilizce,Body,Takım Jenerik,Uzun Kuyruk
stafford rangers,FA Cup Alt Ligler,Futbol,Lig,Alt Seviye,Uzun Kuyruk,Erkek,Kulüp,Takım Sporu,İngiltere,Yabancı,Yok,TV+ Var,Yıllık,Sürekli Lig,Takım Jenerik,Bilgi,Takım,Jenerik,İngilizce,Head,Takım Jenerik,Uzun Kuyruk
stotfold,FA Cup Alt Ligler,Futbol,Lig,Alt Seviye,Uzun Kuyruk,Erkek,Kulüp,Takım Sporu,İngiltere,Yabancı,Yok,TV+ Var,Yıllık,Sürekli Lig,Takım Jenerik,Bilgi,Takım,Jenerik,İngilizce,Head,Takım Jenerik,Uzun Kuyruk
stowmarket town,FA Cup Alt Ligler,Futbol,Lig,Alt Seviye,Uzun Kuyruk,Erkek,Kulüp,Takım Sporu,İngiltere,Yabancı,Yok,TV+ Var,Yıllık,Sürekli Lig,Takım Jenerik,Bilgi,Takım,Jenerik,İngilizce,Head,Takım Jenerik,Uzun Kuyruk
street,FA Cup Alt Ligler,Futbol,Lig,Alt Seviye,Uzun Kuyruk,Erkek,Kulüp,Takım Sporu,İngiltere,Yabancı,Yok,TV+ Var,Yıllık,Sürekli Lig,Takım Jenerik,Bilgi,Takım,Jenerik,İngilizce,Head,Takım Jenerik,Uzun Kuyruk
sutton coldfield town,FA Cup Alt Ligler,Futbol,Lig,Alt Seviye,Uzun Kuyruk,Erkek,Kulüp,Takım Sporu,İngiltere,Yabancı,Yok,TV+ Var,Yıllık,Sürekli Lig,Takım Jenerik,Bilgi,Takım,Jenerik,İngilizce,Body,Takım Jenerik,Uzun Kuyruk
sutton common rovers,FA Cup Alt Ligler,Futbol,Lig,Alt Seviye,Uzun Kuyruk,Erkek,Kulüp,Takım Sporu,İngiltere,Yabancı,Yok,TV+ Var,Yıllık,Sürekli Lig,Takım Jenerik,Bilgi,Takım,Jenerik,İngilizce,Body,Takım Jenerik,Uzun Kuyruk
sutton united,FA Cup Alt Ligler,Futbol,Lig,Alt Seviye,Uzun Kuyruk,Erkek,Kulüp,Takım Sporu,İngiltere,Yabancı,Yok,TV+ Var,Yıllık,Sürekli Lig,Takım Jenerik,Bilgi,Takım,Jenerik,İngilizce,Head,Takım Jenerik,Uzun Kuyruk
swindon supermarine,FA Cup Alt Ligler,Futbol,Lig,Alt Seviye,Uzun Kuyruk,Erkek,Kulüp,Takım Sporu,İngiltere,Yabancı,Yok,TV+ Var,Yıllık,Sürekli Lig,Takım Jenerik,Bilgi,Takım,Jenerik,İngilizce,Head,Takım Jenerik,Uzun Kuyruk
tadcaster albion,FA Cup Alt Ligler,Futbol,Lig,Alt Seviye,Uzun Kuyruk,Erkek,Kulüp,Takım Sporu,İngiltere,Yabancı,Yok,TV+ Var,Yıllık,Sürekli Lig,Takım Jenerik,Bilgi,Takım,Jenerik,İngilizce,Head,Takım Jenerik,Uzun Kuyruk
tadley calleva,FA Cup Alt Ligler,Futbol,Lig,Alt Seviye,Uzun Kuyruk,Erkek,Kulüp,Takım Sporu,İngiltere,Yabancı,Yok,TV+ Var,Yıllık,Sürekli Lig,Takım Jenerik,Bilgi,Takım,Jenerik,İngilizce,Head,Takım Jenerik,Uzun Kuyruk
takeley,FA Cup Alt Ligler,Futbol,Lig,Alt Seviye,Uzun Kuyruk,Erkek,Kulüp,Takım Sporu,İngiltere,Yabancı,Yok,TV+ Var,Yıllık,Sürekli Lig,Takım Jenerik,Bilgi,Takım,Jenerik,İngilizce,Head,Takım Jenerik,Uzun Kuyruk
tavistock,FA Cup Alt Ligler,Futbol,Lig,Alt Seviye,Uzun Kuyruk,Erkek,Kulüp,Takım Sporu,İngiltere,Yabancı,Yok,TV+ Var,Yıllık,Sürekli Lig,Takım Jenerik,Bilgi,Takım,Jenerik,İngilizce,Head,Takım Jenerik,Uzun Kuyruk
thackley,FA Cup Alt Ligler,Futbol,Lig,Alt Seviye,Uzun Kuyruk,Erkek,Kulüp,Takım Sporu,İngiltere,Yabancı,Yok,TV+ Var,Yıllık,Sürekli Lig,Takım Jenerik,Bilgi,Takım,Jenerik,İngilizce,Head,Takım Jenerik,Uzun Kuyruk
thatcham town,FA Cup Alt Ligler,Futbol,Lig,Alt Seviye,Uzun Kuyruk,Erkek,Kulüp,Takım Sporu,İngiltere,Yabancı,Yok,TV+ Var,Yıllık,Sürekli Lig,Takım Jenerik,Bilgi,Takım,Jenerik,İngilizce,Head,Takım Jenerik,Uzun Kuyruk
thetford town,FA Cup Alt Ligler,Futbol,Lig,Alt Seviye,Uzun Kuyruk,Erkek,Kulüp,Takım Sporu,İngiltere,Yabancı,Yok,TV+ Var,Yıllık,Sürekli Lig,Takım Jenerik,Bilgi,Takım,Jenerik,İngilizce,Head,Takım Jenerik,Uzun Kuyruk
thornaby,FA Cup Alt Ligler,Futbol,Lig,Alt Seviye,Uzun Kuyruk,Erkek,Kulüp,Takım Sporu,İngiltere,Yabancı,Yok,TV+ Var,Yıllık,Sürekli Lig,Takım Jenerik,Bilgi,Takım,Jenerik,İngilizce,Head,Takım Jenerik,Uzun Kuyruk
tilbury,FA Cup Alt Ligler,Futbol,Lig,Alt Seviye,Uzun Kuyruk,Erkek,Kulüp,Takım Sporu,İngiltere,Yabancı,Yok,TV+ Var,Yıllık,Sürekli Lig,Takım Jenerik,Bilgi,Takım,Jenerik,İngilizce,Head,Takım Jenerik,Uzun Kuyruk
tooting & mitcham united,FA Cup Alt Ligler,Futbol,Lig,Alt Seviye,Uzun Kuyruk,Erkek,Kulüp,Takım Sporu,İngiltere,Yabancı,Yok,TV+ Var,Yıllık,Sürekli Lig,Takım Jenerik,Bilgi,Takım,Jenerik,Türkçe,Body,Takım Jenerik,Uzun Kuyruk
trafford,FA Cup Alt Ligler,Futbol,Lig,Alt Seviye,Uzun Kuyruk,Erkek,Kulüp,Takım Sporu,İngiltere,Yabancı,Yok,TV+ Var,Yıllık,Sürekli Lig,Takım Jenerik,Bilgi,Takım,Jenerik,İngilizce,Head,Takım Jenerik,Uzun Kuyruk
tunbridge wells,FA Cup Alt Ligler,Futbol,Lig,Alt Seviye,Uzun Kuyruk,Erkek,Kulüp,Takım Sporu,İngiltere,Yabancı,Yok,TV+ Var,Yıllık,Sürekli Lig,Takım Jenerik,Bilgi,Takım,Jenerik,İngilizce,Head,Takım Jenerik,Uzun Kuyruk
virginia water,FA Cup Alt Ligler,Futbol,Lig,Alt Seviye,Uzun Kuyruk,Erkek,Kulüp,Takım Sporu,İngiltere,Yabancı,Yok,TV+ Var,Yıllık,Sürekli Lig,Takım Jenerik,Bilgi,Takım,Jenerik,İngilizce,Head,Takım Jenerik,Uzun Kuyruk
walkover,FA Cup Alt Ligler,Futbol,Lig,Alt Seviye,Uzun Kuyruk,Erkek,Kulüp,Takım Sporu,İngiltere,Yabancı,Yok,TV+ Var,Yıllık,Sürekli Lig,Takım Jenerik,Bilgi,Takım,Jenerik,İngilizce,Head,Takım Jenerik,Uzun Kuyruk
wallingford & crowmarsh,FA Cup Alt Ligler,Futbol,Lig,Alt Seviye,Uzun Kuyruk,Erkek,Kulüp,Takım Sporu,İngiltere,Yabancı,Yok,TV+ Var,Yıllık,Sürekli Lig,Takım Jenerik,Bilgi,Takım,Jenerik,Türkçe,Body,Takım Jenerik,Uzun Kuyruk
walsham-le-willows,FA Cup Alt Ligler,Futbol,Lig,Alt Seviye,Uzun Kuyruk,Erkek,Kulüp,Takım Sporu,İngiltere,Yabancı,Yok,TV+ Var,Yıllık,Sürekli Lig,Takım Jenerik,Bilgi,Takım,Jenerik,İngilizce,Head,Takım Jenerik,Uzun Kuyruk
wellingborough town,FA Cup Alt Ligler,Futbol,Lig,Alt Seviye,Uzun Kuyruk,Erkek,Kulüp,Takım Sporu,İngiltere,Yabancı,Yok,TV+ Var,Yıllık,Sürekli Lig,Takım Jenerik,Bilgi,Takım,Jenerik,İngilizce,Head,Takım Jenerik,Uzun Kuyruk
west auckland town,FA Cup Alt Ligler,Futbol,Lig,Alt Seviye,Uzun Kuyruk,Erkek,Kulüp,Takım Sporu,İngiltere,Yabancı,Yok,TV+ Var,Yıllık,Sürekli Lig,Takım Jenerik,Bilgi,Takım,Jenerik,İngilizce,Body,Takım Jenerik,Uzun Kuyruk
west didsbury & chorlton,FA Cup Alt Ligler,Futbol,Lig,Alt Seviye,Uzun Kuyruk,Erkek,Kulüp,Takım Sporu,İngiltere,Yabancı,Yok,TV+ Var,Yıllık,Sürekli Lig,Takım Jenerik,Bilgi,Takım,Jenerik,Türkçe,Body,Takım Jenerik,Uzun Kuyruk
west essex,FA Cup Alt Ligler,Futbol,Lig,Alt Seviye,Uzun Kuyruk,Erkek,Kulüp,Takım Sporu,İngiltere,Yabancı,Yok,TV+ Var,Yıllık,Sürekli Lig,Takım Jenerik,Bilgi,Takım,Jenerik,İngilizce,Head,Takım Jenerik,Uzun Kuyruk
westbury united,FA Cup Alt Ligler,Futbol,Lig,Alt Seviye,Uzun Kuyruk,Erkek,Kulüp,Takım Sporu,İngiltere,Yabancı,Yok,TV+ Var,Yıllık,Sürekli Lig,Takım Jenerik,Bilgi,Takım,Jenerik,İngilizce,Head,Takım Jenerik,Uzun Kuyruk
westfield,FA Cup Alt Ligler,Futbol,Lig,Alt Seviye,Uzun Kuyruk,Erkek,Kulüp,Takım Sporu,İngiltere,Yabancı,Yok,TV+ Var,Yıllık,Sürekli Lig,Takım Jenerik,Bilgi,Takım,Jenerik,İngilizce,Head,Takım Jenerik,Uzun Kuyruk
whitchurch alport,FA Cup Alt Ligler,Futbol,Lig,Alt Seviye,Uzun Kuyruk,Erkek,Kulüp,Takım Sporu,İngiltere,Yabancı,Yok,TV+ Var,Yıllık,Sürekli Lig,Takım Jenerik,Bilgi,Takım,Jenerik,İngilizce,Head,Takım Jenerik,Uzun Kuyruk
white ensign,FA Cup Alt Ligler,Futbol,Lig,Alt Seviye,Uzun Kuyruk,Erkek,Kulüp,Takım Sporu,İngiltere,Yabancı,Yok,TV+ Var,Yıllık,Sürekli Lig,Takım Jenerik,Bilgi,Takım,Jenerik,İngilizce,Head,Takım Jenerik,Uzun Kuyruk
whitley bay,FA Cup Alt Ligler,Futbol,Lig,Alt Seviye,Uzun Kuyruk,Erkek,Kulüp,Takım Sporu,İngiltere,Yabancı,Yok,TV+ Var,Yıllık,Sürekli Lig,Takım Jenerik,Bilgi,Takım,Jenerik,İngilizce,Head,Takım Jenerik,Uzun Kuyruk
whitstable town,FA Cup Alt Ligler,Futbol,Lig,Alt Seviye,Uzun Kuyruk,Erkek,Kulüp,Takım Sporu,İngiltere,Yabancı,Yok,TV+ Var,Yıllık,Sürekli Lig,Takım Jenerik,Bilgi,Takım,Jenerik,İngilizce,Head,Takım Jenerik,Uzun Kuyruk
willand rovers,FA Cup Alt Ligler,Futbol,Lig,Alt Seviye,Uzun Kuyruk,Erkek,Kulüp,Takım Sporu,İngiltere,Yabancı,Yok,TV+ Var,Yıllık,Sürekli Lig,Takım Jenerik,Bilgi,Takım,Jenerik,İngilizce,Head,Takım Jenerik,Uzun Kuyruk
winslow united,FA Cup Alt Ligler,Futbol,Lig,Alt Seviye,Uzun Kuyruk,Erkek,Kulüp,Takım Sporu,İngiltere,Yabancı,Yok,TV+ Var,Yıllık,Sürekli Lig,Takım Jenerik,Bilgi,Takım,Jenerik,İngilizce,Head,Takım Jenerik,Uzun Kuyruk
wisbech town,FA Cup Alt Ligler,Futbol,Lig,Alt Seviye,Uzun Kuyruk,Erkek,Kulüp,Takım Sporu,İngiltere,Yabancı,Yok,TV+ Var,Yıllık,Sürekli Lig,Takım Jenerik,Bilgi,Takım,Jenerik,İngilizce,Head,Takım Jenerik,Uzun Kuyruk
witham town,FA Cup Alt Ligler,Futbol,Lig,Alt Seviye,Uzun Kuyruk,Erkek,Kulüp,Takım Sporu,İngiltere,Yabancı,Yok,TV+ Var,Yıllık,Sürekli Lig,Takım Jenerik,Bilgi,Takım,Jenerik,İngilizce,Head,Takım Jenerik,Uzun Kuyruk
witton albion,FA Cup Alt Ligler,Futbol,Lig,Alt Seviye,Uzun Kuyruk,Erkek,Kulüp,Takım Sporu,İngiltere,Yabancı,Yok,TV+ Var,Yıllık,Sürekli Lig,Takım Jenerik,Bilgi,Takım,Jenerik,İngilizce,Head,Takım Jenerik,Uzun Kuyruk
wokingham town,FA Cup Alt Ligler,Futbol,Lig,Alt Seviye,Uzun Kuyruk,Erkek,Kulüp,Takım Sporu,İngiltere,Yabancı,Yok,TV+ Var,Yıllık,Sürekli Lig,Takım Jenerik,Bilgi,Takım,Jenerik,İngilizce,Head,Takım Jenerik,Uzun Kuyruk
woodbridge town,FA Cup Alt Ligler,Futbol,Lig,Alt Seviye,Uzun Kuyruk,Erkek,Kulüp,Takım Sporu,İngiltere,Yabancı,Yok,TV+ Var,Yıllık,Sürekli Lig,Takım Jenerik,Bilgi,Takım,Jenerik,İngilizce,Head,Takım Jenerik,Uzun Kuyruk
woodford town,FA Cup Alt Ligler,Futbol,Lig,Alt Seviye,Uzun Kuyruk,Erkek,Kulüp,Takım Sporu,İngiltere,Yabancı,Yok,TV+ Var,Yıllık,Sürekli Lig,Takım Jenerik,Bilgi,Takım,Jenerik,İngilizce,Head,Takım Jenerik,Uzun Kuyruk
worcester raiders,FA Cup Alt Ligler,Futbol,Lig,Alt Seviye,Uzun Kuyruk,Erkek,Kulüp,Takım Sporu,İngiltere,Yabancı,Yok,TV+ Var,Yıllık,Sürekli Lig,Takım Jenerik,Bilgi,Takım,Jenerik,İngilizce,Head,Takım Jenerik,Uzun Kuyruk
wythenshawe,FA Cup Alt Ligler,Futbol,Lig,Alt Seviye,Uzun Kuyruk,Erkek,Kulüp,Takım Sporu,İngiltere,Yabancı,Yok,TV+ Var,Yıllık,Sürekli Lig,Takım Jenerik,Bilgi,Takım,Jenerik,İngilizce,Head,Takım Jenerik,Uzun Kuyruk
yarm & eaglescliffe,FA Cup Alt Ligler,Futbol,Lig,Alt Seviye,Uzun Kuyruk,Erkek,Kulüp,Takım Sporu,İngiltere,Yabancı,Yok,TV+ Var,Yıllık,Sürekli Lig,Takım Jenerik,Bilgi,Takım,Jenerik,Türkçe,Body,Takım Jenerik,Uzun Kuyruk
yateley united,FA Cup Alt Ligler,Futbol,Lig,Alt Seviye,Uzun Kuyruk,Erkek,Kulüp,Takım Sporu,İngiltere,Yabancı,Yok,TV+ Var,Yıllık,Sürekli Lig,Takım Jenerik,Bilgi,Takım,Jenerik,İngilizce,Head,Takım Jenerik,Uzun Kuyruk
yaxley,FA Cup Alt Ligler,Futbol,Lig,Alt Seviye,Uzun Kuyruk,Erkek,Kulüp,Takım Sporu,İngiltere,Yabancı,Yok,TV+ Var,Yıllık,Sürekli Lig,Takım Jenerik,Bilgi,Takım,Jenerik,İngilizce,Head,Takım Jenerik,Uzun Kuyruk
ac virtus,Konferans Ligi Elemeleri,Futbol,Lig,Kıta Üstü,Uzun Kuyruk,Erkek,Kulüp,Takım Sporu,Avrupa,Yabancı,Yok,TV+ Var,Yıllık,Sürekli Lig,Takım Jenerik,Bilgi,Takım,Jenerik,İngilizce,Head,Takım Jenerik,Uzun Kuyruk
aek larnaca,Konferans Ligi Elemeleri,Futbol,Lig,Kıta Üstü,Uzun Kuyruk,Erkek,Kulüp,Takım Sporu,Avrupa,Yabancı,Yok,TV+ Var,Yıllık,Sürekli Lig,Takım Jenerik,Bilgi,Takım,Jenerik,İngilizce,Head,Takım Jenerik,Uzun Kuyruk
af elbasani,Konferans Ligi Elemeleri,Futbol,Lig,Kıta Üstü,Uzun Kuyruk,Erkek,Kulüp,Takım Sporu,Avrupa,Yabancı,Yok,TV+ Var,Yıllık,Sürekli Lig,Takım Jenerik,Bilgi,Takım,Jenerik,İngilizce,Head,Takım Jenerik,Uzun Kuyruk
afc ajax,Konferans Ligi Elemeleri,Futbol,Lig,Kıta Üstü,Uzun Kuyruk,Erkek,Kulüp,Takım Sporu,Avrupa,Yabancı,Yok,TV+ Var,Yıllık,Sürekli Lig,Takım Jenerik,Bilgi,Takım,Jenerik,İngilizce,Head,Takım Jenerik,Uzun Kuyruk
as monaco,Konferans Ligi Elemeleri,Futbol,Lig,Kıta Üstü,Uzun Kuyruk,Erkek,Kulüp,Takım Sporu,Avrupa,Yabancı,Yok,TV+ Var,Yıllık,Sürekli Lig,Takım Jenerik,Bilgi,Takım,Jenerik,İngilizce,Head,Takım Jenerik,Uzun Kuyruk
apollon limassol,Konferans Ligi Elemeleri,Futbol,Lig,Kıta Üstü,Uzun Kuyruk,Erkek,Kulüp,Takım Sporu,Avrupa,Yabancı,Yok,TV+ Var,Yıllık,Sürekli Lig,Takım Jenerik,Bilgi,Takım,Jenerik,İngilizce,Head,Takım Jenerik,Uzun Kuyruk
atalanta,Konferans Ligi Elemeleri,Futbol,Lig,Kıta Üstü,Uzun Kuyruk,Erkek,Kulüp,Takım Sporu,Avrupa,Yabancı,Yok,TV+ Var,Yıllık,Sürekli Lig,Takım Jenerik,Bilgi,Takım,Jenerik,İngilizce,Head,Takım Jenerik,Uzun Kuyruk
atlètic club d'escaldes,Konferans Ligi Elemeleri,Futbol,Lig,Kıta Üstü,Uzun Kuyruk,Erkek,Kulüp,Takım Sporu,Avrupa,Yabancı,Yok,TV+ Var,Yıllık,Sürekli Lig,Takım Jenerik,Bilgi,Takım,Jenerik,Türkçe,Body,Takım Jenerik,Uzun Kuyruk
beitar jerusalem,Konferans Ligi Elemeleri,Futbol,Lig,Kıta Üstü,Uzun Kuyruk,Erkek,Kulüp,Takım Sporu,Avrupa,Yabancı,Yok,TV+ Var,Yıllık,Sürekli Lig,Takım Jenerik,Bilgi,Takım,Jenerik,İngilizce,Head,Takım Jenerik,Uzun Kuyruk
bohemian,Konferans Ligi Elemeleri,Futbol,Lig,Kıta Üstü,Uzun Kuyruk,Erkek,Kulüp,Takım Sporu,Avrupa,Yabancı,Yok,TV+ Var,Yıllık,Sürekli Lig,Takım Jenerik,Bilgi,Takım,Jenerik,İngilizce,Head,Takım Jenerik,Uzun Kuyruk
brighton & hove albion,Konferans Ligi Elemeleri,Futbol,Lig,Kıta Üstü,Uzun Kuyruk,Erkek,Kulüp,Takım Sporu,Avrupa,Yabancı,Yok,TV+ Var,Yıllık,Sürekli Lig,Takım Jenerik,Bilgi,Takım,Jenerik,Türkçe,Body,Takım Jenerik,Uzun Kuyruk
cfr cluj,Konferans Ligi Elemeleri,Futbol,Lig,Kıta Üstü,Uzun Kuyruk,Erkek,Kulüp,Takım Sporu,Avrupa,Yabancı,Yok,TV+ Var,Yıllık,Sürekli Lig,Takım Jenerik,Bilgi,Takım,Jenerik,İngilizce,Head,Takım Jenerik,Uzun Kuyruk
caernarfon town,Konferans Ligi Elemeleri,Futbol,Lig,Kıta Üstü,Uzun Kuyruk,Erkek,Kulüp,Takım Sporu,Avrupa,Yabancı,Yok,TV+ Var,Yıllık,Sürekli Lig,Takım Jenerik,Bilgi,Takım,Jenerik,İngilizce,Head,Takım Jenerik,Uzun Kuyruk
coleraine,Konferans Ligi Elemeleri,Futbol,Lig,Kıta Üstü,Uzun Kuyruk,Erkek,Kulüp,Takım Sporu,Avrupa,Yabancı,Yok,TV+ Var,Yıllık,Sürekli Lig,Takım Jenerik,Bilgi,Takım,Jenerik,İngilizce,Head,Takım Jenerik,Uzun Kuyruk
connah's quay nomads,Konferans Ligi Elemeleri,Futbol,Lig,Kıta Üstü,Uzun Kuyruk,Erkek,Kulüp,Takım Sporu,Avrupa,Yabancı,Yok,TV+ Var,Yıllık,Sürekli Lig,Takım Jenerik,Bilgi,Takım,Jenerik,İngilizce,Body,Takım Jenerik,Uzun Kuyruk
debreceni vsc,Konferans Ligi Elemeleri,Futbol,Lig,Kıta Üstü,Uzun Kuyruk,Erkek,Kulüp,Takım Sporu,Avrupa,Yabancı,Yok,TV+ Var,Yıllık,Sürekli Lig,Takım Jenerik,Bilgi,Takım,Jenerik,İngilizce,Head,Takım Jenerik,Uzun Kuyruk
europa,Konferans Ligi Elemeleri,Futbol,Lig,Kıta Üstü,Uzun Kuyruk,Erkek,Kulüp,Takım Sporu,Avrupa,Yabancı,Yok,TV+ Var,Yıllık,Sürekli Lig,Takım Jenerik,Bilgi,Takım,Jenerik,İngilizce,Head,Takım Jenerik,Uzun Kuyruk
f.c. copenhagen,Konferans Ligi Elemeleri,Futbol,Lig,Kıta Üstü,Uzun Kuyruk,Erkek,Kulüp,Takım Sporu,Avrupa,Yabancı,Yok,TV+ Var,Yıllık,Sürekli Lig,Takım Jenerik,Bilgi,Takım,Jenerik,İngilizce,Head,Takım Jenerik,Uzun Kuyruk
fc alashkert,Konferans Ligi Elemeleri,Futbol,Lig,Kıta Üstü,Uzun Kuyruk,Erkek,Kulüp,Takım Sporu,Avrupa,Yabancı,Yok,TV+ Var,Yıllık,Sürekli Lig,Takım Jenerik,Bilgi,Takım,Jenerik,İngilizce,Head,Takım Jenerik,Uzun Kuyruk
fc astana,Konferans Ligi Elemeleri,Futbol,Lig,Kıta Üstü,Uzun Kuyruk,Erkek,Kulüp,Takım Sporu,Avrupa,Yabancı,Yok,TV+ Var,Yıllık,Sürekli Lig,Takım Jenerik,Bilgi,Takım,Jenerik,İngilizce,Head,Takım Jenerik,Uzun Kuyruk
fc atert bissen,Konferans Ligi Elemeleri,Futbol,Lig,Kıta Üstü,Uzun Kuyruk,Erkek,Kulüp,Takım Sporu,Avrupa,Yabancı,Yok,TV+ Var,Yıllık,Sürekli Lig,Takım Jenerik,Bilgi,Takım,Jenerik,İngilizce,Body,Takım Jenerik,Uzun Kuyruk
fc bate borisov,Konferans Ligi Elemeleri,Futbol,Lig,Kıta Üstü,Uzun Kuyruk,Erkek,Kulüp,Takım Sporu,Avrupa,Yabancı,Yok,TV+ Var,Yıllık,Sürekli Lig,Takım Jenerik,Bilgi,Takım,Jenerik,İngilizce,Body,Takım Jenerik,Uzun Kuyruk
fc ballkani,Konferans Ligi Elemeleri,Futbol,Lig,Kıta Üstü,Uzun Kuyruk,Erkek,Kulüp,Takım Sporu,Avrupa,Yabancı,Yok,TV+ Var,Yıllık,Sürekli Lig,Takım Jenerik,Bilgi,Takım,Jenerik,İngilizce,Head,Takım Jenerik,Uzun Kuyruk
fc cska 1948 sofia,Konferans Ligi Elemeleri,Futbol,Lig,Kıta Üstü,Uzun Kuyruk,Erkek,Kulüp,Takım Sporu,Avrupa,Yabancı,Yok,TV+ Var,Yıllık,Sürekli Lig,Takım Jenerik,Bilgi,Takım,Jenerik,İngilizce,Body,Takım Jenerik,Uzun Kuyruk
fc dac 1904 dunajská streda,Konferans Ligi Elemeleri,Futbol,Lig,Kıta Üstü,Uzun Kuyruk,Erkek,Kulüp,Takım Sporu,Avrupa,Yabancı,Yok,TV+ Var,Yıllık,Sürekli Lig,Takım Jenerik,Bilgi,Takım,Jenerik,Türkçe,Long-tail,Takım Jenerik,Uzun Kuyruk
fc differdange 03,Konferans Ligi Elemeleri,Futbol,Lig,Kıta Üstü,Uzun Kuyruk,Erkek,Kulüp,Takım Sporu,Avrupa,Yabancı,Yok,TV+ Var,Yıllık,Sürekli Lig,Takım Jenerik,Bilgi,Takım,Jenerik,İngilizce,Body,Takım Jenerik,Uzun Kuyruk
fc dila gori,Konferans Ligi Elemeleri,Futbol,Lig,Kıta Üstü,Uzun Kuyruk,Erkek,Kulüp,Takım Sporu,Avrupa,Yabancı,Yok,TV+ Var,Yıllık,Sürekli Lig,Takım Jenerik,Bilgi,Takım,Jenerik,İngilizce,Body,Takım Jenerik,Uzun Kuyruk
fc dinamo minsk,Konferans Ligi Elemeleri,Futbol,Lig,Kıta Üstü,Uzun Kuyruk,Erkek,Kulüp,Takım Sporu,Avrupa,Yabancı,Yok,TV+ Var,Yıllık,Sürekli Lig,Takım Jenerik,Bilgi,Takım,Jenerik,İngilizce,Body,Takım Jenerik,Uzun Kuyruk
fc dinamo tbilisi,Konferans Ligi Elemeleri,Futbol,Lig,Kıta Üstü,Uzun Kuyruk,Erkek,Kulüp,Takım Sporu,Avrupa,Yabancı,Yok,TV+ Var,Yıllık,Sürekli Lig,Takım Jenerik,Bilgi,Takım,Jenerik,İngilizce,Body,Takım Jenerik,Uzun Kuyruk
fc drita,Konferans Ligi Elemeleri,Futbol,Lig,Kıta Üstü,Uzun Kuyruk,Erkek,Kulüp,Takım Sporu,Avrupa,Yabancı,Yok,TV+ Var,Yıllık,Sürekli Lig,Takım Jenerik,Bilgi,Takım,Jenerik,İngilizce,Head,Takım Jenerik,Uzun Kuyruk
fc dynamo kyiv,Konferans Ligi Elemeleri,Futbol,Lig,Kıta Üstü,Uzun Kuyruk,Erkek,Kulüp,Takım Sporu,Avrupa,Yabancı,Yok,TV+ Var,Yıllık,Sürekli Lig,Takım Jenerik,Bilgi,Takım,Jenerik,İngilizce,Body,Takım Jenerik,Uzun Kuyruk
fc flora,Konferans Ligi Elemeleri,Futbol,Lig,Kıta Üstü,Uzun Kuyruk,Erkek,Kulüp,Takım Sporu,Avrupa,Yabancı,Yok,TV+ Var,Yıllık,Sürekli Lig,Takım Jenerik,Bilgi,Takım,Jenerik,İngilizce,Head,Takım Jenerik,Uzun Kuyruk
fc hegelmann,Konferans Ligi Elemeleri,Futbol,Lig,Kıta Üstü,Uzun Kuyruk,Erkek,Kulüp,Takım Sporu,Avrupa,Yabancı,Yok,TV+ Var,Yıllık,Sürekli Lig,Takım Jenerik,Bilgi,Takım,Jenerik,İngilizce,Head,Takım Jenerik,Uzun Kuyruk
fc hradec králové,Konferans Ligi Elemeleri,Futbol,Lig,Kıta Üstü,Uzun Kuyruk,Erkek,Kulüp,Takım Sporu,Avrupa,Yabancı,Yok,TV+ Var,Yıllık,Sürekli Lig,Takım Jenerik,Bilgi,Takım,Jenerik,Türkçe,Body,Takım Jenerik,Uzun Kuyruk
fc inter turku,Konferans Ligi Elemeleri,Futbol,Lig,Kıta Üstü,Uzun Kuyruk,Erkek,Kulüp,Takım Sporu,Avrupa,Yabancı,Yok,TV+ Var,Yıllık,Sürekli Lig,Takım Jenerik,Bilgi,Takım,Jenerik,İngilizce,Body,Takım Jenerik,Uzun Kuyruk
fc koper,Konferans Ligi Elemeleri,Futbol,Lig,Kıta Üstü,Uzun Kuyruk,Erkek,Kulüp,Takım Sporu,Avrupa,Yabancı,Yok,TV+ Var,Yıllık,Sürekli Lig,Takım Jenerik,Bilgi,Takım,Jenerik,İngilizce,Head,Takım Jenerik,Uzun Kuyruk
fc lnz cherkasy,Konferans Ligi Elemeleri,Futbol,Lig,Kıta Üstü,Uzun Kuyruk,Erkek,Kulüp,Takım Sporu,Avrupa,Yabancı,Yok,TV+ Var,Yıllık,Sürekli Lig,Takım Jenerik,Bilgi,Takım,Jenerik,İngilizce,Body,Takım Jenerik,Uzun Kuyruk
fc lugano,Konferans Ligi Elemeleri,Futbol,Lig,Kıta Üstü,Uzun Kuyruk,Erkek,Kulüp,Takım Sporu,Avrupa,Yabancı,Yok,TV+ Var,Yıllık,Sürekli Lig,Takım Jenerik,Bilgi,Takım,Jenerik,İngilizce,Head,Takım Jenerik,Uzun Kuyruk
fc maxline vitebsk,Konferans Ligi Elemeleri,Futbol,Lig,Kıta Üstü,Uzun Kuyruk,Erkek,Kulüp,Takım Sporu,Avrupa,Yabancı,Yok,TV+ Var,Yıllık,Sürekli Lig,Takım Jenerik,Bilgi,Takım,Jenerik,İngilizce,Body,Takım Jenerik,Uzun Kuyruk
fc midtjylland,Konferans Ligi Elemeleri,Futbol,Lig,Kıta Üstü,Uzun Kuyruk,Erkek,Kulüp,Takım Sporu,Avrupa,Yabancı,Yok,TV+ Var,Yıllık,Sürekli Lig,Takım Jenerik,Bilgi,Takım,Jenerik,İngilizce,Head,Takım Jenerik,Uzun Kuyruk
fc milsami orhei,Konferans Ligi Elemeleri,Futbol,Lig,Kıta Üstü,Uzun Kuyruk,Erkek,Kulüp,Takım Sporu,Avrupa,Yabancı,Yok,TV+ Var,Yıllık,Sürekli Lig,Takım Jenerik,Bilgi,Takım,Jenerik,İngilizce,Body,Takım Jenerik,Uzun Kuyruk
fc noah,Konferans Ligi Elemeleri,Futbol,Lig,Kıta Üstü,Uzun Kuyruk,Erkek,Kulüp,Takım Sporu,Avrupa,Yabancı,Yok,TV+ Var,Yıllık,Sürekli Lig,Takım Jenerik,Bilgi,Takım,Jenerik,İngilizce,Head,Takım Jenerik,Uzun Kuyruk
fc nordsjælland,Konferans Ligi Elemeleri,Futbol,Lig,Kıta Üstü,Uzun Kuyruk,Erkek,Kulüp,Takım Sporu,Avrupa,Yabancı,Yok,TV+ Var,Yıllık,Sürekli Lig,Takım Jenerik,Bilgi,Takım,Jenerik,Türkçe,Head,Takım Jenerik,Uzun Kuyruk
fc petrocub hîncești,Konferans Ligi Elemeleri,Futbol,Lig,Kıta Üstü,Uzun Kuyruk,Erkek,Kulüp,Takım Sporu,Avrupa,Yabancı,Yok,TV+ Var,Yıllık,Sürekli Lig,Takım Jenerik,Bilgi,Takım,Jenerik,Türkçe,Body,Takım Jenerik,Uzun Kuyruk
fc polissya zhytomyr,Konferans Ligi Elemeleri,Futbol,Lig,Kıta Üstü,Uzun Kuyruk,Erkek,Kulüp,Takım Sporu,Avrupa,Yabancı,Yok,TV+ Var,Yıllık,Sürekli Lig,Takım Jenerik,Bilgi,Takım,Jenerik,İngilizce,Body,Takım Jenerik,Uzun Kuyruk
fc pyunik,Konferans Ligi Elemeleri,Futbol,Lig,Kıta Üstü,Uzun Kuyruk,Erkek,Kulüp,Takım Sporu,Avrupa,Yabancı,Yok,TV+ Var,Yıllık,Sürekli Lig,Takım Jenerik,Bilgi,Takım,Jenerik,İngilizce,Head,Takım Jenerik,Uzun Kuyruk
fc santa coloma,Konferans Ligi Elemeleri,Futbol,Lig,Kıta Üstü,Uzun Kuyruk,Erkek,Kulüp,Takım Sporu,Avrupa,Yabancı,Yok,TV+ Var,Yıllık,Sürekli Lig,Takım Jenerik,Bilgi,Takım,Jenerik,İngilizce,Body,Takım Jenerik,Uzun Kuyruk
fc sheriff tiraspol,Konferans Ligi Elemeleri,Futbol,Lig,Kıta Üstü,Uzun Kuyruk,Erkek,Kulüp,Takım Sporu,Avrupa,Yabancı,Yok,TV+ Var,Yıllık,Sürekli Lig,Takım Jenerik,Bilgi,Takım,Jenerik,İngilizce,Body,Takım Jenerik,Uzun Kuyruk
fc sion,Konferans Ligi Elemeleri,Futbol,Lig,Kıta Üstü,Uzun Kuyruk,Erkek,Kulüp,Takım Sporu,Avrupa,Yabancı,Yok,TV+ Var,Yıllık,Sürekli Lig,Takım Jenerik,Bilgi,Takım,Jenerik,İngilizce,Head,Takım Jenerik,Uzun Kuyruk
fc spartak trnava,Konferans Ligi Elemeleri,Futbol,Lig,Kıta Üstü,Uzun Kuyruk,Erkek,Kulüp,Takım Sporu,Avrupa,Yabancı,Yok,TV+ Var,Yıllık,Sürekli Lig,Takım Jenerik,Bilgi,Takım,Jenerik,İngilizce,Body,Takım Jenerik,Uzun Kuyruk
fc st. gallen,Konferans Ligi Elemeleri,Futbol,Lig,Kıta Üstü,Uzun Kuyruk,Erkek,Kulüp,Takım Sporu,Avrupa,Yabancı,Yok,TV+ Var,Yıllık,Sürekli Lig,Takım Jenerik,Bilgi,Takım,Jenerik,İngilizce,Body,Takım Jenerik,Uzun Kuyruk
fc tobol,Konferans Ligi Elemeleri,Futbol,Lig,Kıta Üstü,Uzun Kuyruk,Erkek,Kulüp,Takım Sporu,Avrupa,Yabancı,Yok,TV+ Var,Yıllık,Sürekli Lig,Takım Jenerik,Bilgi,Takım,Jenerik,İngilizce,Head,Takım Jenerik,Uzun Kuyruk
fc torpedo kutaisi,Konferans Ligi Elemeleri,Futbol,Lig,Kıta Üstü,Uzun Kuyruk,Erkek,Kulüp,Takım Sporu,Avrupa,Yabancı,Yok,TV+ Var,Yıllık,Sürekli Lig,Takım Jenerik,Bilgi,Takım,Jenerik,İngilizce,Body,Takım Jenerik,Uzun Kuyruk
fc twente,Konferans Ligi Elemeleri,Futbol,Lig,Kıta Üstü,Uzun Kuyruk,Erkek,Kulüp,Takım Sporu,Avrupa,Yabancı,Yok,TV+ Var,Yıllık,Sürekli Lig,Takım Jenerik,Bilgi,Takım,Jenerik,İngilizce,Head,Takım Jenerik,Uzun Kuyruk
fc una strassen,Konferans Ligi Elemeleri,Futbol,Lig,Kıta Üstü,Uzun Kuyruk,Erkek,Kulüp,Takım Sporu,Avrupa,Yabancı,Yok,TV+ Var,Yıllık,Sürekli Lig,Takım Jenerik,Bilgi,Takım,Jenerik,İngilizce,Body,Takım Jenerik,Uzun Kuyruk
fc universitatea cluj,Konferans Ligi Elemeleri,Futbol,Lig,Kıta Üstü,Uzun Kuyruk,Erkek,Kulüp,Takım Sporu,Avrupa,Yabancı,Yok,TV+ Var,Yıllık,Sürekli Lig,Takım Jenerik,Bilgi,Takım,Jenerik,İngilizce,Body,Takım Jenerik,Uzun Kuyruk
fc vaduz,Konferans Ligi Elemeleri,Futbol,Lig,Kıta Üstü,Uzun Kuyruk,Erkek,Kulüp,Takım Sporu,Avrupa,Yabancı,Yok,TV+ Var,Yıllık,Sürekli Lig,Takım Jenerik,Bilgi,Takım,Jenerik,İngilizce,Head,Takım Jenerik,Uzun Kuyruk
fc yelimay,Konferans Ligi Elemeleri,Futbol,Lig,Kıta Üstü,Uzun Kuyruk,Erkek,Kulüp,Takım Sporu,Avrupa,Yabancı,Yok,TV+ Var,Yıllık,Sürekli Lig,Takım Jenerik,Bilgi,Takım,Jenerik,İngilizce,Head,Takım Jenerik,Uzun Kuyruk
fc zimbru chișinău,Konferans Ligi Elemeleri,Futbol,Lig,Kıta Üstü,Uzun Kuyruk,Erkek,Kulüp,Takım Sporu,Avrupa,Yabancı,Yok,TV+ Var,Yıllık,Sürekli Lig,Takım Jenerik,Bilgi,Takım,Jenerik,Türkçe,Body,Takım Jenerik,Uzun Kuyruk
fci levadia tallinn,Konferans Ligi Elemeleri,Futbol,Lig,Kıta Üstü,Uzun Kuyruk,Erkek,Kulüp,Takım Sporu,Avrupa,Yabancı,Yok,TV+ Var,Yıllık,Sürekli Lig,Takım Jenerik,Bilgi,Takım,Jenerik,İngilizce,Body,Takım Jenerik,Uzun Kuyruk
fcsb,Konferans Ligi Elemeleri,Futbol,Lig,Kıta Üstü,Uzun Kuyruk,Erkek,Kulüp,Takım Sporu,Avrupa,Yabancı,Yok,TV+ Var,Yıllık,Sürekli Lig,Takım Jenerik,Bilgi,Takım,Jenerik,İngilizce,Head,Takım Jenerik,Uzun Kuyruk
fk auda,Konferans Ligi Elemeleri,Futbol,Lig,Kıta Üstü,Uzun Kuyruk,Erkek,Kulüp,Takım Sporu,Avrupa,Yabancı,Yok,TV+ Var,Yıllık,Sürekli Lig,Takım Jenerik,Bilgi,Takım,Jenerik,İngilizce,Head,Takım Jenerik,Uzun Kuyruk
fk austria wien,Konferans Ligi Elemeleri,Futbol,Lig,Kıta Üstü,Uzun Kuyruk,Erkek,Kulüp,Takım Sporu,Avrupa,Yabancı,Yok,TV+ Var,Yıllık,Sürekli Lig,Takım Jenerik,Bilgi,Takım,Jenerik,İngilizce,Body,Takım Jenerik,Uzun Kuyruk
fk borac banja luka,Konferans Ligi Elemeleri,Futbol,Lig,Kıta Üstü,Uzun Kuyruk,Erkek,Kulüp,Takım Sporu,Avrupa,Yabancı,Yok,TV+ Var,Yıllık,Sürekli Lig,Takım Jenerik,Bilgi,Takım,Jenerik,İngilizce,Body,Takım Jenerik,Uzun Kuyruk
fk dečić,Konferans Ligi Elemeleri,Futbol,Lig,Kıta Üstü,Uzun Kuyruk,Erkek,Kulüp,Takım Sporu,Avrupa,Yabancı,Yok,TV+ Var,Yıllık,Sürekli Lig,Takım Jenerik,Bilgi,Takım,Jenerik,Türkçe,Head,Takım Jenerik,Uzun Kuyruk
fk jablonec,Konferans Ligi Elemeleri,Futbol,Lig,Kıta Üstü,Uzun Kuyruk,Erkek,Kulüp,Takım Sporu,Avrupa,Yabancı,Yok,TV+ Var,Yıllık,Sürekli Lig,Takım Jenerik,Bilgi,Takım,Jenerik,İngilizce,Head,Takım Jenerik,Uzun Kuyruk
fk liepāja,Konferans Ligi Elemeleri,Futbol,Lig,Kıta Üstü,Uzun Kuyruk,Erkek,Kulüp,Takım Sporu,Avrupa,Yabancı,Yok,TV+ Var,Yıllık,Sürekli Lig,Takım Jenerik,Bilgi,Takım,Jenerik,Türkçe,Head,Takım Jenerik,Uzun Kuyruk
fk mornar,Konferans Ligi Elemeleri,Futbol,Lig,Kıta Üstü,Uzun Kuyruk,Erkek,Kulüp,Takım Sporu,Avrupa,Yabancı,Yok,TV+ Var,Yıllık,Sürekli Lig,Takım Jenerik,Bilgi,Takım,Jenerik,İngilizce,Head,Takım Jenerik,Uzun Kuyruk
fk panevėžys,Konferans Ligi Elemeleri,Futbol,Lig,Kıta Üstü,Uzun Kuyruk,Erkek,Kulüp,Takım Sporu,Avrupa,Yabancı,Yok,TV+ Var,Yıllık,Sürekli Lig,Takım Jenerik,Bilgi,Takım,Jenerik,Türkçe,Head,Takım Jenerik,Uzun Kuyruk
fk partizan,Konferans Ligi Elemeleri,Futbol,Lig,Kıta Üstü,Uzun Kuyruk,Erkek,Kulüp,Takım Sporu,Avrupa,Yabancı,Yok,TV+ Var,Yıllık,Sürekli Lig,Takım Jenerik,Bilgi,Takım,Jenerik,İngilizce,Head,Takım Jenerik,Uzun Kuyruk
fk rfs,Konferans Ligi Elemeleri,Futbol,Lig,Kıta Üstü,Uzun Kuyruk,Erkek,Kulüp,Takım Sporu,Avrupa,Yabancı,Yok,TV+ Var,Yıllık,Sürekli Lig,Takım Jenerik,Bilgi,Takım,Jenerik,İngilizce,Head,Takım Jenerik,Uzun Kuyruk
fk sarajevo,Konferans Ligi Elemeleri,Futbol,Lig,Kıta Üstü,Uzun Kuyruk,Erkek,Kulüp,Takım Sporu,Avrupa,Yabancı,Yok,TV+ Var,Yıllık,Sürekli Lig,Takım Jenerik,Bilgi,Takım,Jenerik,İngilizce,Head,Takım Jenerik,Uzun Kuyruk
fk sileks,Konferans Ligi Elemeleri,Futbol,Lig,Kıta Üstü,Uzun Kuyruk,Erkek,Kulüp,Takım Sporu,Avrupa,Yabancı,Yok,TV+ Var,Yıllık,Sürekli Lig,Takım Jenerik,Bilgi,Takım,Jenerik,İngilizce,Head,Takım Jenerik,Uzun Kuyruk
fk sutjeska nikšić,Konferans Ligi Elemeleri,Futbol,Lig,Kıta Üstü,Uzun Kuyruk,Erkek,Kulüp,Takım Sporu,Avrupa,Yabancı,Yok,TV+ Var,Yıllık,Sürekli Lig,Takım Jenerik,Bilgi,Takım,Jenerik,Türkçe,Body,Takım Jenerik,Uzun Kuyruk
fk vardar,Konferans Ligi Elemeleri,Futbol,Lig,Kıta Üstü,Uzun Kuyruk,Erkek,Kulüp,Takım Sporu,Avrupa,Yabancı,Yok,TV+ Var,Yıllık,Sürekli Lig,Takım Jenerik,Bilgi,Takım,Jenerik,İngilizce,Head,Takım Jenerik,Uzun Kuyruk
fk velež mostar,Konferans Ligi Elemeleri,Futbol,Lig,Kıta Üstü,Uzun Kuyruk,Erkek,Kulüp,Takım Sporu,Avrupa,Yabancı,Yok,TV+ Var,Yıllık,Sürekli Lig,Takım Jenerik,Bilgi,Takım,Jenerik,Türkçe,Body,Takım Jenerik,Uzun Kuyruk
fk vojvodina,Konferans Ligi Elemeleri,Futbol,Lig,Kıta Üstü,Uzun Kuyruk,Erkek,Kulüp,Takım Sporu,Avrupa,Yabancı,Yok,TV+ Var,Yıllık,Sürekli Lig,Takım Jenerik,Bilgi,Takım,Jenerik,İngilizce,Head,Takım Jenerik,Uzun Kuyruk
fk žalgiris,Konferans Ligi Elemeleri,Futbol,Lig,Kıta Üstü,Uzun Kuyruk,Erkek,Kulüp,Takım Sporu,Avrupa,Yabancı,Yok,TV+ Var,Yıllık,Sürekli Lig,Takım Jenerik,Bilgi,Takım,Jenerik,Türkçe,Head,Takım Jenerik,Uzun Kuyruk
fk železničar pančevo,Konferans Ligi Elemeleri,Futbol,Lig,Kıta Üstü,Uzun Kuyruk,Erkek,Kulüp,Takım Sporu,Avrupa,Yabancı,Yok,TV+ Var,Yıllık,Sürekli Lig,Takım Jenerik,Bilgi,Takım,Jenerik,Türkçe,Body,Takım Jenerik,Uzun Kuyruk
floriana,Konferans Ligi Elemeleri,Futbol,Lig,Kıta Üstü,Uzun Kuyruk,Erkek,Kulüp,Takım Sporu,Avrupa,Yabancı,Yok,TV+ Var,Yıllık,Sürekli Lig,Takım Jenerik,Bilgi,Takım,Jenerik,İngilizce,Head,Takım Jenerik,Uzun Kuyruk
gais,Konferans Ligi Elemeleri,Futbol,Lig,Kıta Üstü,Uzun Kuyruk,Erkek,Kulüp,Takım Sporu,Avrupa,Yabancı,Yok,TV+ Var,Yıllık,Sürekli Lig,Takım Jenerik,Bilgi,Takım,Jenerik,İngilizce,Head,Takım Jenerik,Uzun Kuyruk
gks katowice,Konferans Ligi Elemeleri,Futbol,Lig,Kıta Üstü,Uzun Kuyruk,Erkek,Kulüp,Takım Sporu,Avrupa,Yabancı,Yok,TV+ Var,Yıllık,Sürekli Lig,Takım Jenerik,Bilgi,Takım,Jenerik,İngilizce,Head,Takım Jenerik,Uzun Kuyruk
getafe,Konferans Ligi Elemeleri,Futbol,Lig,Kıta Üstü,Uzun Kuyruk,Erkek,Kulüp,Takım Sporu,Avrupa,Yabancı,Yok,TV+ Var,Yıllık,Sürekli Lig,Takım Jenerik,Bilgi,Takım,Jenerik,İngilizce,Head,Takım Jenerik,Uzun Kuyruk
glentoran,Konferans Ligi Elemeleri,Futbol,Lig,Kıta Üstü,Uzun Kuyruk,Erkek,Kulüp,Takım Sporu,Avrupa,Yabancı,Yok,TV+ Var,Yıllık,Sürekli Lig,Takım Jenerik,Bilgi,Takım,Jenerik,İngilizce,Head,Takım Jenerik,Uzun Kuyruk
győri eto,Konferans Ligi Elemeleri,Futbol,Lig,Kıta Üstü,Uzun Kuyruk,Erkek,Kulüp,Takım Sporu,Avrupa,Yabancı,Yok,TV+ Var,Yıllık,Sürekli Lig,Takım Jenerik,Bilgi,Takım,Jenerik,Türkçe,Head,Takım Jenerik,Uzun Kuyruk
górnik zabrze,Konferans Ligi Elemeleri,Futbol,Lig,Kıta Üstü,Uzun Kuyruk,Erkek,Kulüp,Takım Sporu,Avrupa,Yabancı,Yok,TV+ Var,Yıllık,Sürekli Lig,Takım Jenerik,Bilgi,Takım,Jenerik,Türkçe,Head,Takım Jenerik,Uzun Kuyruk
hnk hajduk split,Konferans Ligi Elemeleri,Futbol,Lig,Kıta Üstü,Uzun Kuyruk,Erkek,Kulüp,Takım Sporu,Avrupa,Yabancı,Yok,TV+ Var,Yıllık,Sürekli Lig,Takım Jenerik,Bilgi,Takım,Jenerik,İngilizce,Body,Takım Jenerik,Uzun Kuyruk
hnk rijeka,Konferans Ligi Elemeleri,Futbol,Lig,Kıta Üstü,Uzun Kuyruk,Erkek,Kulüp,Takım Sporu,Avrupa,Yabancı,Yok,TV+ Var,Yıllık,Sürekli Lig,Takım Jenerik,Bilgi,Takım,Jenerik,İngilizce,Head,Takım Jenerik,Uzun Kuyruk
hammarby fotboll,Konferans Ligi Elemeleri,Futbol,Lig,Kıta Üstü,Uzun Kuyruk,Erkek,Kulüp,Takım Sporu,Avrupa,Yabancı,Yok,TV+ Var,Yıllık,Sürekli Lig,Takım Jenerik,Bilgi,Takım,Jenerik,İngilizce,Head,Takım Jenerik,Uzun Kuyruk
hamrun spartans,Konferans Ligi Elemeleri,Futbol,Lig,Kıta Üstü,Uzun Kuyruk,Erkek,Kulüp,Takım Sporu,Avrupa,Yabancı,Yok,TV+ Var,Yıllık,Sürekli Lig,Takım Jenerik,Bilgi,Takım,Jenerik,İngilizce,Head,Takım Jenerik,Uzun Kuyruk
hapoel tel aviv,Konferans Ligi Elemeleri,Futbol,Lig,Kıta Üstü,Uzun Kuyruk,Erkek,Kulüp,Takım Sporu,Avrupa,Yabancı,Yok,TV+ Var,Yıllık,Sürekli Lig,Takım Jenerik,Bilgi,Takım,Jenerik,İngilizce,Body,Takım Jenerik,Uzun Kuyruk
havnar bóltfelag,Konferans Ligi Elemeleri,Futbol,Lig,Kıta Üstü,Uzun Kuyruk,Erkek,Kulüp,Takım Sporu,Avrupa,Yabancı,Yok,TV+ Var,Yıllık,Sürekli Lig,Takım Jenerik,Bilgi,Takım,Jenerik,Türkçe,Head,Takım Jenerik,Uzun Kuyruk
heart of midlothian,Konferans Ligi Elemeleri,Futbol,Lig,Kıta Üstü,Uzun Kuyruk,Erkek,Kulüp,Takım Sporu,Avrupa,Yabancı,Yok,TV+ Var,Yıllık,Sürekli Lig,Takım Jenerik,Bilgi,Takım,Jenerik,İngilizce,Body,Takım Jenerik,Uzun Kuyruk
helsingin jalkapalloklubi,Konferans Ligi Elemeleri,Futbol,Lig,Kıta Üstü,Uzun Kuyruk,Erkek,Kulüp,Takım Sporu,Avrupa,Yabancı,Yok,TV+ Var,Yıllık,Sürekli Lig,Takım Jenerik,Bilgi,Takım,Jenerik,İngilizce,Head,Takım Jenerik,Uzun Kuyruk
hibernian,Konferans Ligi Elemeleri,Futbol,Lig,Kıta Üstü,Uzun Kuyruk,Erkek,Kulüp,Takım Sporu,Avrupa,Yabancı,Yok,TV+ Var,Yıllık,Sürekli Lig,Takım Jenerik,Bilgi,Takım,Jenerik,İngilizce,Head,Takım Jenerik,Uzun Kuyruk
hšk zrinjski mostar,Konferans Ligi Elemeleri,Futbol,Lig,Kıta Üstü,Uzun Kuyruk,Erkek,Kulüp,Takım Sporu,Avrupa,Yabancı,Yok,TV+ Var,Yıllık,Sürekli Lig,Takım Jenerik,Bilgi,Takım,Jenerik,Türkçe,Body,Takım Jenerik,Uzun Kuyruk
ifk göteborg,Konferans Ligi Elemeleri,Futbol,Lig,Kıta Üstü,Uzun Kuyruk,Erkek,Kulüp,Takım Sporu,Avrupa,Yabancı,Yok,TV+ Var,Yıllık,Sürekli Lig,Takım Jenerik,Bilgi,Takım,Jenerik,Türkçe,Head,Takım Jenerik,Uzun Kuyruk
inter club d'escaldes,Konferans Ligi Elemeleri,Futbol,Lig,Kıta Üstü,Uzun Kuyruk,Erkek,Kulüp,Takım Sporu,Avrupa,Yabancı,Yok,TV+ Var,Yıllık,Sürekli Lig,Takım Jenerik,Bilgi,Takım,Jenerik,İngilizce,Body,Takım Jenerik,Uzun Kuyruk
kaa gent,Konferans Ligi Elemeleri,Futbol,Lig,Kıta Üstü,Uzun Kuyruk,Erkek,Kulüp,Takım Sporu,Avrupa,Yabancı,Yok,TV+ Var,Yıllık,Sürekli Lig,Takım Jenerik,Bilgi,Takım,Jenerik,İngilizce,Head,Takım Jenerik,Uzun Kuyruk
kf dukagjini,Konferans Ligi Elemeleri,Futbol,Lig,Kıta Üstü,Uzun Kuyruk,Erkek,Kulüp,Takım Sporu,Avrupa,Yabancı,Yok,TV+ Var,Yıllık,Sürekli Lig,Takım Jenerik,Bilgi,Takım,Jenerik,İngilizce,Head,Takım Jenerik,Uzun Kuyruk
kf malisheva,Konferans Ligi Elemeleri,Futbol,Lig,Kıta Üstü,Uzun Kuyruk,Erkek,Kulüp,Takım Sporu,Avrupa,Yabancı,Yok,TV+ Var,Yıllık,Sürekli Lig,Takım Jenerik,Bilgi,Takım,Jenerik,İngilizce,Head,Takım Jenerik,Uzun Kuyruk
kf shkëndija,Konferans Ligi Elemeleri,Futbol,Lig,Kıta Üstü,Uzun Kuyruk,Erkek,Kulüp,Takım Sporu,Avrupa,Yabancı,Yok,TV+ Var,Yıllık,Sürekli Lig,Takım Jenerik,Bilgi,Takım,Jenerik,Türkçe,Head,Takım Jenerik,Uzun Kuyruk
kf vllaznia,Konferans Ligi Elemeleri,Futbol,Lig,Kıta Üstü,Uzun Kuyruk,Erkek,Kulüp,Takım Sporu,Avrupa,Yabancı,Yok,TV+ Var,Yıllık,Sürekli Lig,Takım Jenerik,Bilgi,Takım,Jenerik,İngilizce,Head,Takım Jenerik,Uzun Kuyruk
klaksvíkar ítróttarfelag,Konferans Ligi Elemeleri,Futbol,Lig,Kıta Üstü,Uzun Kuyruk,Erkek,Kulüp,Takım Sporu,Avrupa,Yabancı,Yok,TV+ Var,Yıllık,Sürekli Lig,Takım Jenerik,Bilgi,Takım,Jenerik,Türkçe,Head,Takım Jenerik,Uzun Kuyruk
knattspyrnufélagið víkingur,Konferans Ligi Elemeleri,Futbol,Lig,Kıta Üstü,Uzun Kuyruk,Erkek,Kulüp,Takım Sporu,Avrupa,Yabancı,Yok,TV+ Var,Yıllık,Sürekli Lig,Takım Jenerik,Bilgi,Takım,Jenerik,Türkçe,Head,Takım Jenerik,Uzun Kuyruk
kuopion palloseura,Konferans Ligi Elemeleri,Futbol,Lig,Kıta Üstü,Uzun Kuyruk,Erkek,Kulüp,Takım Sporu,Avrupa,Yabancı,Yok,TV+ Var,Yıllık,Sürekli Lig,Takım Jenerik,Bilgi,Takım,Jenerik,İngilizce,Head,Takım Jenerik,Uzun Kuyruk
larne,Konferans Ligi Elemeleri,Futbol,Lig,Kıta Üstü,Uzun Kuyruk,Erkek,Kulüp,Takım Sporu,Avrupa,Yabancı,Yok,TV+ Var,Yıllık,Sürekli Lig,Takım Jenerik,Bilgi,Takım,Jenerik,İngilizce,Head,Takım Jenerik,Uzun Kuyruk
lincoln red imps,Konferans Ligi Elemeleri,Futbol,Lig,Kıta Üstü,Uzun Kuyruk,Erkek,Kulüp,Takım Sporu,Avrupa,Yabancı,Yok,TV+ Var,Yıllık,Sürekli Lig,Takım Jenerik,Bilgi,Takım,Jenerik,İngilizce,Body,Takım Jenerik,Uzun Kuyruk
linfield,Konferans Ligi Elemeleri,Futbol,Lig,Kıta Üstü,Uzun Kuyruk,Erkek,Kulüp,Takım Sporu,Avrupa,Yabancı,Yok,TV+ Var,Yıllık,Sürekli Lig,Takım Jenerik,Bilgi,Takım,Jenerik,İngilizce,Head,Takım Jenerik,Uzun Kuyruk
maccabi tel aviv,Konferans Ligi Elemeleri,Futbol,Lig,Kıta Üstü,Uzun Kuyruk,Erkek,Kulüp,Takım Sporu,Avrupa,Yabancı,Yok,TV+ Var,Yıllık,Sürekli Lig,Takım Jenerik,Bilgi,Takım,Jenerik,İngilizce,Body,Takım Jenerik,Uzun Kuyruk
marsaxlokk,Konferans Ligi Elemeleri,Futbol,Lig,Kıta Üstü,Uzun Kuyruk,Erkek,Kulüp,Takım Sporu,Avrupa,Yabancı,Yok,TV+ Var,Yıllık,Sürekli Lig,Takım Jenerik,Bilgi,Takım,Jenerik,İngilizce,Head,Takım Jenerik,Uzun Kuyruk
motherwell,Konferans Ligi Elemeleri,Futbol,Lig,Kıta Üstü,Uzun Kuyruk,Erkek,Kulüp,Takım Sporu,Avrupa,Yabancı,Yok,TV+ Var,Yıllık,Sürekli Lig,Takım Jenerik,Bilgi,Takım,Jenerik,İngilizce,Head,Takım Jenerik,Uzun Kuyruk
mšk žilina,Konferans Ligi Elemeleri,Futbol,Lig,Kıta Üstü,Uzun Kuyruk,Erkek,Kulüp,Takım Sporu,Avrupa,Yabancı,Yok,TV+ Var,Yıllık,Sürekli Lig,Takım Jenerik,Bilgi,Takım,Jenerik,Türkçe,Head,Takım Jenerik,Uzun Kuyruk
nk aluminij,Konferans Ligi Elemeleri,Futbol,Lig,Kıta Üstü,Uzun Kuyruk,Erkek,Kulüp,Takım Sporu,Avrupa,Yabancı,Yok,TV+ Var,Yıllık,Sürekli Lig,Takım Jenerik,Bilgi,Takım,Jenerik,İngilizce,Head,Takım Jenerik,Uzun Kuyruk
nk bravo,Konferans Ligi Elemeleri,Futbol,Lig,Kıta Üstü,Uzun Kuyruk,Erkek,Kulüp,Takım Sporu,Avrupa,Yabancı,Yok,TV+ Var,Yıllık,Sürekli Lig,Takım Jenerik,Bilgi,Takım,Jenerik,İngilizce,Head,Takım Jenerik,Uzun Kuyruk
nk varaždin,Konferans Ligi Elemeleri,Futbol,Lig,Kıta Üstü,Uzun Kuyruk,Erkek,Kulüp,Takım Sporu,Avrupa,Yabancı,Yok,TV+ Var,Yıllık,Sürekli Lig,Takım Jenerik,Bilgi,Takım,Jenerik,Türkçe,Head,Takım Jenerik,Uzun Kuyruk
nsí runavík,Konferans Ligi Elemeleri,Futbol,Lig,Kıta Üstü,Uzun Kuyruk,Erkek,Kulüp,Takım Sporu,Avrupa,Yabancı,Yok,TV+ Var,Yıllık,Sürekli Lig,Takım Jenerik,Bilgi,Takım,Jenerik,Türkçe,Head,Takım Jenerik,Uzun Kuyruk
neftçi pfk,Konferans Ligi Elemeleri,Futbol,Lig,Kıta Üstü,Uzun Kuyruk,Erkek,Kulüp,Takım Sporu,Avrupa,Yabancı,Yok,TV+ Var,Yıllık,Sürekli Lig,Takım Jenerik,Bilgi,Takım,Jenerik,Türkçe,Head,Takım Jenerik,Uzun Kuyruk
nõmme kalju,Konferans Ligi Elemeleri,Futbol,Lig,Kıta Üstü,Uzun Kuyruk,Erkek,Kulüp,Takım Sporu,Avrupa,Yabancı,Yok,TV+ Var,Yıllık,Sürekli Lig,Takım Jenerik,Bilgi,Takım,Jenerik,Türkçe,Head,Takım Jenerik,Uzun Kuyruk
ofk petrovac,Konferans Ligi Elemeleri,Futbol,Lig,Kıta Üstü,Uzun Kuyruk,Erkek,Kulüp,Takım Sporu,Avrupa,Yabancı,Yok,TV+ Var,Yıllık,Sürekli Lig,Takım Jenerik,Bilgi,Takım,Jenerik,İngilizce,Head,Takım Jenerik,Uzun Kuyruk
paok,Konferans Ligi Elemeleri,Futbol,Lig,Kıta Üstü,Uzun Kuyruk,Erkek,Kulüp,Takım Sporu,Avrupa,Yabancı,Yok,TV+ Var,Yıllık,Sürekli Lig,Takım Jenerik,Bilgi,Takım,Jenerik,İngilizce,Head,Takım Jenerik,Uzun Kuyruk
pfc ludogorets razgrad,Konferans Ligi Elemeleri,Futbol,Lig,Kıta Üstü,Uzun Kuyruk,Erkek,Kulüp,Takım Sporu,Avrupa,Yabancı,Yok,TV+ Var,Yıllık,Sürekli Lig,Takım Jenerik,Bilgi,Takım,Jenerik,İngilizce,Body,Takım Jenerik,Uzun Kuyruk
pafos,Konferans Ligi Elemeleri,Futbol,Lig,Kıta Üstü,Uzun Kuyruk,Erkek,Kulüp,Takım Sporu,Avrupa,Yabancı,Yok,TV+ Var,Yıllık,Sürekli Lig,Takım Jenerik,Bilgi,Takım,Jenerik,İngilizce,Head,Takım Jenerik,Uzun Kuyruk
paide linnameeskond,Konferans Ligi Elemeleri,Futbol,Lig,Kıta Üstü,Uzun Kuyruk,Erkek,Kulüp,Takım Sporu,Avrupa,Yabancı,Yok,TV+ Var,Yıllık,Sürekli Lig,Takım Jenerik,Bilgi,Takım,Jenerik,İngilizce,Head,Takım Jenerik,Uzun Kuyruk
paksi,Konferans Ligi Elemeleri,Futbol,Lig,Kıta Üstü,Uzun Kuyruk,Erkek,Kulüp,Takım Sporu,Avrupa,Yabancı,Yok,TV+ Var,Yıllık,Sürekli Lig,Takım Jenerik,Bilgi,Takım,Jenerik,İngilizce,Head,Takım Jenerik,Uzun Kuyruk
panathinaikos,Konferans Ligi Elemeleri,Futbol,Lig,Kıta Üstü,Uzun Kuyruk,Erkek,Kulüp,Takım Sporu,Avrupa,Yabancı,Yok,TV+ Var,Yıllık,Sürekli Lig,Takım Jenerik,Bilgi,Takım,Jenerik,İngilizce,Head,Takım Jenerik,Uzun Kuyruk
penybont,Konferans Ligi Elemeleri,Futbol,Lig,Kıta Üstü,Uzun Kuyruk,Erkek,Kulüp,Takım Sporu,Avrupa,Yabancı,Yok,TV+ Var,Yıllık,Sürekli Lig,Takım Jenerik,Bilgi,Takım,Jenerik,İngilizce,Head,Takım Jenerik,Uzun Kuyruk
qarabağ,Konferans Ligi Elemeleri,Futbol,Lig,Kıta Üstü,Uzun Kuyruk,Erkek,Kulüp,Takım Sporu,Avrupa,Yabancı,Yok,TV+ Var,Yıllık,Sürekli Lig,Takım Jenerik,Bilgi,Takım,Jenerik,Türkçe,Head,Takım Jenerik,Uzun Kuyruk
raków częstochowa,Konferans Ligi Elemeleri,Futbol,Lig,Kıta Üstü,Uzun Kuyruk,Erkek,Kulüp,Takım Sporu,Avrupa,Yabancı,Yok,TV+ Var,Yıllık,Sürekli Lig,Takım Jenerik,Bilgi,Takım,Jenerik,Türkçe,Head,Takım Jenerik,Uzun Kuyruk
rangers,Konferans Ligi Elemeleri,Futbol,Lig,Kıta Üstü,Uzun Kuyruk,Erkek,Kulüp,Takım Sporu,Avrupa,Yabancı,Yok,TV+ Var,Yıllık,Sürekli Lig,Takım Jenerik,Bilgi,Takım,Jenerik,İngilizce,Head,Takım Jenerik,Uzun Kuyruk
riga,Konferans Ligi Elemeleri,Futbol,Lig,Kıta Üstü,Uzun Kuyruk,Erkek,Kulüp,Takım Sporu,Avrupa,Yabancı,Yok,TV+ Var,Yıllık,Sürekli Lig,Takım Jenerik,Bilgi,Takım,Jenerik,İngilizce,Head,Takım Jenerik,Uzun Kuyruk
s.c. braga,Konferans Ligi Elemeleri,Futbol,Lig,Kıta Üstü,Uzun Kuyruk,Erkek,Kulüp,Takım Sporu,Avrupa,Yabancı,Yok,TV+ Var,Yıllık,Sürekli Lig,Takım Jenerik,Bilgi,Takım,Jenerik,İngilizce,Head,Takım Jenerik,Uzun Kuyruk
sc freiburg,Konferans Ligi Elemeleri,Futbol,Lig,Kıta Üstü,Uzun Kuyruk,Erkek,Kulüp,Takım Sporu,Avrupa,Yabancı,Yok,TV+ Var,Yıllık,Sürekli Lig,Takım Jenerik,Bilgi,Takım,Jenerik,İngilizce,Head,Takım Jenerik,Uzun Kuyruk
sk brann,Konferans Ligi Elemeleri,Futbol,Lig,Kıta Üstü,Uzun Kuyruk,Erkek,Kulüp,Takım Sporu,Avrupa,Yabancı,Yok,TV+ Var,Yıllık,Sürekli Lig,Takım Jenerik,Bilgi,Takım,Jenerik,İngilizce,Head,Takım Jenerik,Uzun Kuyruk
sk rapid wien,Konferans Ligi Elemeleri,Futbol,Lig,Kıta Üstü,Uzun Kuyruk,Erkek,Kulüp,Takım Sporu,Avrupa,Yabancı,Yok,TV+ Var,Yıllık,Sürekli Lig,Takım Jenerik,Bilgi,Takım,Jenerik,İngilizce,Body,Takım Jenerik,Uzun Kuyruk
sp la fiorita,Konferans Ligi Elemeleri,Futbol,Lig,Kıta Üstü,Uzun Kuyruk,Erkek,Kulüp,Takım Sporu,Avrupa,Yabancı,Yok,TV+ Var,Yıllık,Sürekli Lig,Takım Jenerik,Bilgi,Takım,Jenerik,İngilizce,Body,Takım Jenerik,Uzun Kuyruk
shamrock rovers,Konferans Ligi Elemeleri,Futbol,Lig,Kıta Üstü,Uzun Kuyruk,Erkek,Kulüp,Takım Sporu,Avrupa,Yabancı,Yok,TV+ Var,Yıllık,Sürekli Lig,Takım Jenerik,Bilgi,Takım,Jenerik,İngilizce,Head,Takım Jenerik,Uzun Kuyruk
shelbourne,Konferans Ligi Elemeleri,Futbol,Lig,Kıta Üstü,Uzun Kuyruk,Erkek,Kulüp,Takım Sporu,Avrupa,Yabancı,Yok,TV+ Var,Yıllık,Sürekli Lig,Takım Jenerik,Bilgi,Takım,Jenerik,İngilizce,Head,Takım Jenerik,Uzun Kuyruk
st joseph's,Konferans Ligi Elemeleri,Futbol,Lig,Kıta Üstü,Uzun Kuyruk,Erkek,Kulüp,Takım Sporu,Avrupa,Yabancı,Yok,TV+ Var,Yıllık,Sürekli Lig,Takım Jenerik,Bilgi,Takım,Jenerik,İngilizce,Head,Takım Jenerik,Uzun Kuyruk
the new saints,Konferans Ligi Elemeleri,Futbol,Lig,Kıta Üstü,Uzun Kuyruk,Erkek,Kulüp,Takım Sporu,Avrupa,Yabancı,Yok,TV+ Var,Yıllık,Sürekli Lig,Takım Jenerik,Bilgi,Takım,Jenerik,İngilizce,Body,Takım Jenerik,Uzun Kuyruk
tre fiori,Konferans Ligi Elemeleri,Futbol,Lig,Kıta Üstü,Uzun Kuyruk,Erkek,Kulüp,Takım Sporu,Avrupa,Yabancı,Yok,TV+ Var,Yıllık,Sürekli Lig,Takım Jenerik,Bilgi,Takım,Jenerik,İngilizce,Head,Takım Jenerik,Uzun Kuyruk
tromsø il,Konferans Ligi Elemeleri,Futbol,Lig,Kıta Üstü,Uzun Kuyruk,Erkek,Kulüp,Takım Sporu,Avrupa,Yabancı,Yok,TV+ Var,Yıllık,Sürekli Lig,Takım Jenerik,Bilgi,Takım,Jenerik,Türkçe,Head,Takım Jenerik,Uzun Kuyruk
us mondorf-les-bains,Konferans Ligi Elemeleri,Futbol,Lig,Kıta Üstü,Uzun Kuyruk,Erkek,Kulüp,Takım Sporu,Avrupa,Yabancı,Yok,TV+ Var,Yıllık,Sürekli Lig,Takım Jenerik,Bilgi,Takım,Jenerik,İngilizce,Head,Takım Jenerik,Uzun Kuyruk
valletta,Konferans Ligi Elemeleri,Futbol,Lig,Kıta Üstü,Uzun Kuyruk,Erkek,Kulüp,Takım Sporu,Avrupa,Yabancı,Yok,TV+ Var,Yıllık,Sürekli Lig,Takım Jenerik,Bilgi,Takım,Jenerik,İngilizce,Head,Takım Jenerik,Uzun Kuyruk
víkingur gøta,Konferans Ligi Elemeleri,Futbol,Lig,Kıta Üstü,Uzun Kuyruk,Erkek,Kulüp,Takım Sporu,Avrupa,Yabancı,Yok,TV+ Var,Yıllık,Sürekli Lig,Takım Jenerik,Bilgi,Takım,Jenerik,Türkçe,Head,Takım Jenerik,Uzun Kuyruk
zira,Konferans Ligi Elemeleri,Futbol,Lig,Kıta Üstü,Uzun Kuyruk,Erkek,Kulüp,Takım Sporu,Avrupa,Yabancı,Yok,TV+ Var,Yıllık,Sürekli Lig,Takım Jenerik,Bilgi,Takım,Jenerik,İngilizce,Head,Takım Jenerik,Uzun Kuyruk
i̇stanbul başakşehir f.k.,Konferans Ligi Elemeleri,Futbol,Lig,Kıta Üstü,Uzun Kuyruk,Erkek,Kulüp,Takım Sporu,Avrupa,Yabancı,Yok,TV+ Var,Yıllık,Sürekli Lig,Takım Jenerik,Bilgi,Takım,Jenerik,Türkçe,Body,Takım Jenerik,Uzun Kuyruk
ac omonia,Şampiyonlar Ligi Elemeleri,Futbol,Lig,Kıta Üstü,Uzun Kuyruk,Erkek,Kulüp,Takım Sporu,Avrupa,Yabancı,Yok,TV+ Var,Yıllık,Sürekli Lig,Takım Jenerik,Bilgi,Takım,Jenerik,İngilizce,Head,Takım Jenerik,Uzun Kuyruk
ac sparta prague,Şampiyonlar Ligi Elemeleri,Futbol,Lig,Kıta Üstü,Uzun Kuyruk,Erkek,Kulüp,Takım Sporu,Avrupa,Yabancı,Yok,TV+ Var,Yıllık,Sürekli Lig,Takım Jenerik,Bilgi,Takım,Jenerik,İngilizce,Body,Takım Jenerik,Uzun Kuyruk
aek athens,Şampiyonlar Ligi Elemeleri,Futbol,Lig,Kıta Üstü,Uzun Kuyruk,Erkek,Kulüp,Takım Sporu,Avrupa,Yabancı,Yok,TV+ Var,Yıllık,Sürekli Lig,Takım Jenerik,Bilgi,Takım,Jenerik,İngilizce,Head,Takım Jenerik,Uzun Kuyruk
aarhus gymnastikforening,Şampiyonlar Ligi Elemeleri,Futbol,Lig,Kıta Üstü,Uzun Kuyruk,Erkek,Kulüp,Takım Sporu,Avrupa,Yabancı,Yok,TV+ Var,Yıllık,Sürekli Lig,Takım Jenerik,Bilgi,Takım,Jenerik,İngilizce,Head,Takım Jenerik,Uzun Kuyruk
alasana yirajang,Şampiyonlar Ligi Elemeleri,Futbol,Lig,Kıta Üstü,Uzun Kuyruk,Erkek,Kulüp,Takım Sporu,Avrupa,Yabancı,Yok,TV+ Var,Yıllık,Sürekli Lig,Takım Jenerik,Bilgi,Takım,Jenerik,İngilizce,Head,Takım Jenerik,Uzun Kuyruk
alejandro hernández hernández,Şampiyonlar Ligi Elemeleri,Futbol,Lig,Kıta Üstü,Uzun Kuyruk,Erkek,Kulüp,Takım Sporu,Avrupa,Yabancı,Yok,TV+ Var,Yıllık,Sürekli Lig,Takım Jenerik,Bilgi,Takım,Jenerik,Türkçe,Body,Takım Jenerik,Uzun Kuyruk
almaty,Şampiyonlar Ligi Elemeleri,Futbol,Lig,Kıta Üstü,Uzun Kuyruk,Erkek,Kulüp,Takım Sporu,Avrupa,Yabancı,Yok,TV+ Var,Yıllık,Sürekli Lig,Takım Jenerik,Bilgi,Takım,Jenerik,İngilizce,Head,Takım Jenerik,Uzun Kuyruk
amine benchaib,Şampiyonlar Ligi Elemeleri,Futbol,Lig,Kıta Üstü,Uzun Kuyruk,Erkek,Kulüp,Takım Sporu,Avrupa,Yabancı,Yok,TV+ Var,Yıllık,Sürekli Lig,Takım Jenerik,Bilgi,Takım,Jenerik,İngilizce,Head,Takım Jenerik,Uzun Kuyruk
anderson talisca,Şampiyonlar Ligi Elemeleri,Futbol,Lig,Kıta Üstü,Uzun Kuyruk,Erkek,Kulüp,Takım Sporu,Avrupa,Yabancı,Yok,TV+ Var,Yıllık,Sürekli Lig,Takım Jenerik,Bilgi,Takım,Jenerik,İngilizce,Head,Takım Jenerik,Uzun Kuyruk
andreas helmersen,Şampiyonlar Ligi Elemeleri,Futbol,Lig,Kıta Üstü,Uzun Kuyruk,Erkek,Kulüp,Takım Sporu,Avrupa,Yabancı,Yok,TV+ Var,Yıllık,Sürekli Lig,Takım Jenerik,Bilgi,Takım,Jenerik,İngilizce,Head,Takım Jenerik,Uzun Kuyruk
armstrong oko-flex,Şampiyonlar Ligi Elemeleri,Futbol,Lig,Kıta Üstü,Uzun Kuyruk,Erkek,Kulüp,Takım Sporu,Avrupa,Yabancı,Yok,TV+ Var,Yıllık,Sürekli Lig,Takım Jenerik,Bilgi,Takım,Jenerik,İngilizce,Head,Takım Jenerik,Uzun Kuyruk
aspmyra stadion,Şampiyonlar Ligi Elemeleri,Futbol,Lig,Kıta Üstü,Uzun Kuyruk,Erkek,Kulüp,Takım Sporu,Avrupa,Yabancı,Yok,TV+ Var,Yıllık,Sürekli Lig,Takım Jenerik,Bilgi,Takım,Jenerik,İngilizce,Head,Takım Jenerik,Uzun Kuyruk
bank respublika arena,Şampiyonlar Ligi Elemeleri,Futbol,Lig,Kıta Üstü,Uzun Kuyruk,Erkek,Kulüp,Takım Sporu,Avrupa,Yabancı,Yok,TV+ Var,Yıllık,Sürekli Lig,Takım Jenerik,Bilgi,Takım,Jenerik,İngilizce,Body,Takım Jenerik,Uzun Kuyruk
belgrade,Şampiyonlar Ligi Elemeleri,Futbol,Lig,Kıta Üstü,Uzun Kuyruk,Erkek,Kulüp,Takım Sporu,Avrupa,Yabancı,Yok,TV+ Var,Yıllık,Sürekli Lig,Takım Jenerik,Bilgi,Takım,Jenerik,İngilizce,Head,Takım Jenerik,Uzun Kuyruk
bob nii armah,Şampiyonlar Ligi Elemeleri,Futbol,Lig,Kıta Üstü,Uzun Kuyruk,Erkek,Kulüp,Takım Sporu,Avrupa,Yabancı,Yok,TV+ Var,Yıllık,Sürekli Lig,Takım Jenerik,Bilgi,Takım,Jenerik,İngilizce,Body,Takım Jenerik,Uzun Kuyruk
bodø,Şampiyonlar Ligi Elemeleri,Futbol,Lig,Kıta Üstü,Uzun Kuyruk,Erkek,Kulüp,Takım Sporu,Avrupa,Yabancı,Yok,TV+ Var,Yıllık,Sürekli Lig,Takım Jenerik,Bilgi,Takım,Jenerik,Türkçe,Head,Takım Jenerik,Uzun Kuyruk
bratislava,Şampiyonlar Ligi Elemeleri,Futbol,Lig,Kıta Üstü,Uzun Kuyruk,Erkek,Kulüp,Takım Sporu,Avrupa,Yabancı,Yok,TV+ Var,Yıllık,Sürekli Lig,Takım Jenerik,Bilgi,Takım,Jenerik,İngilizce,Head,Takım Jenerik,Uzun Kuyruk
brighton labeau,Şampiyonlar Ligi Elemeleri,Futbol,Lig,Kıta Üstü,Uzun Kuyruk,Erkek,Kulüp,Takım Sporu,Avrupa,Yabancı,Yok,TV+ Var,Yıllık,Sürekli Lig,Takım Jenerik,Bilgi,Takım,Jenerik,İngilizce,Head,Takım Jenerik,Uzun Kuyruk
cs universitatea craiova,Şampiyonlar Ligi Elemeleri,Futbol,Lig,Kıta Üstü,Uzun Kuyruk,Erkek,Kulüp,Takım Sporu,Avrupa,Yabancı,Yok,TV+ Var,Yıllık,Sürekli Lig,Takım Jenerik,Bilgi,Takım,Jenerik,İngilizce,Body,Takım Jenerik,Uzun Kuyruk
celje,Şampiyonlar Ligi Elemeleri,Futbol,Lig,Kıta Üstü,Uzun Kuyruk,Erkek,Kulüp,Takım Sporu,Avrupa,Yabancı,Yok,TV+ Var,Yıllık,Sürekli Lig,Takım Jenerik,Bilgi,Takım,Jenerik,İngilizce,Head,Takım Jenerik,Uzun Kuyruk
celtic,Şampiyonlar Ligi Elemeleri,Futbol,Lig,Kıta Üstü,Uzun Kuyruk,Erkek,Kulüp,Takım Sporu,Avrupa,Yabancı,Yok,TV+ Var,Yıllık,Sürekli Lig,Takım Jenerik,Bilgi,Takım,Jenerik,İngilizce,Head,Takım Jenerik,Uzun Kuyruk
craiova,Şampiyonlar Ligi Elemeleri,Futbol,Lig,Kıta Üstü,Uzun Kuyruk,Erkek,Kulüp,Takım Sporu,Avrupa,Yabancı,Yok,TV+ Var,Yıllık,Sürekli Lig,Takım Jenerik,Bilgi,Takım,Jenerik,İngilizce,Head,Takım Jenerik,Uzun Kuyruk
davide massa,Şampiyonlar Ligi Elemeleri,Futbol,Lig,Kıta Üstü,Uzun Kuyruk,Erkek,Kulüp,Takım Sporu,Avrupa,Yabancı,Yok,TV+ Var,Yıllık,Sürekli Lig,Takım Jenerik,Bilgi,Takım,Jenerik,İngilizce,Head,Takım Jenerik,Uzun Kuyruk
dion drena beljo,Şampiyonlar Ligi Elemeleri,Futbol,Lig,Kıta Üstü,Uzun Kuyruk,Erkek,Kulüp,Takım Sporu,Avrupa,Yabancı,Yok,TV+ Var,Yıllık,Sürekli Lig,Takım Jenerik,Bilgi,Takım,Jenerik,İngilizce,Body,Takım Jenerik,Uzun Kuyruk
dublin,Şampiyonlar Ligi Elemeleri,Futbol,Lig,Kıta Üstü,Uzun Kuyruk,Erkek,Kulüp,Takım Sporu,Avrupa,Yabancı,Yok,TV+ Var,Yıllık,Sürekli Lig,Takım Jenerik,Bilgi,Takım,Jenerik,İngilizce,Head,Takım Jenerik,Uzun Kuyruk
décines-charpieu,Şampiyonlar Ligi Elemeleri,Futbol,Lig,Kıta Üstü,Uzun Kuyruk,Erkek,Kulüp,Takım Sporu,Avrupa,Yabancı,Yok,TV+ Var,Yıllık,Sürekli Lig,Takım Jenerik,Bilgi,Takım,Jenerik,Türkçe,Head,Takım Jenerik,Uzun Kuyruk
egnatia arena,Şampiyonlar Ligi Elemeleri,Futbol,Lig,Kıta Üstü,Uzun Kuyruk,Erkek,Kulüp,Takım Sporu,Avrupa,Yabancı,Yok,TV+ Var,Yıllık,Sürekli Lig,Takım Jenerik,Bilgi,Takım,Jenerik,İngilizce,Head,Takım Jenerik,Uzun Kuyruk
eneo bitri,Şampiyonlar Ligi Elemeleri,Futbol,Lig,Kıta Üstü,Uzun Kuyruk,Erkek,Kulüp,Takım Sporu,Avrupa,Yabancı,Yok,TV+ Var,Yıllık,Sürekli Lig,Takım Jenerik,Bilgi,Takım,Jenerik,İngilizce,Head,Takım Jenerik,Uzun Kuyruk
europa sports park,Şampiyonlar Ligi Elemeleri,Futbol,Lig,Kıta Üstü,Uzun Kuyruk,Erkek,Kulüp,Takım Sporu,Avrupa,Yabancı,Yok,TV+ Var,Yıllık,Sürekli Lig,Takım Jenerik,Bilgi,Takım,Jenerik,İngilizce,Body,Takım Jenerik,Uzun Kuyruk
fc ararat-armenia,Şampiyonlar Ligi Elemeleri,Futbol,Lig,Kıta Üstü,Uzun Kuyruk,Erkek,Kulüp,Takım Sporu,Avrupa,Yabancı,Yok,TV+ Var,Yıllık,Sürekli Lig,Takım Jenerik,Bilgi,Takım,Jenerik,İngilizce,Head,Takım Jenerik,Uzun Kuyruk
fc atert bissen,Şampiyonlar Ligi Elemeleri,Futbol,Lig,Kıta Üstü,Uzun Kuyruk,Erkek,Kulüp,Takım Sporu,Avrupa,Yabancı,Yok,TV+ Var,Yıllık,Sürekli Lig,Takım Jenerik,Bilgi,Takım,Jenerik,İngilizce,Body,Takım Jenerik,Uzun Kuyruk
fc drita,Şampiyonlar Ligi Elemeleri,Futbol,Lig,Kıta Üstü,Uzun Kuyruk,Erkek,Kulüp,Takım Sporu,Avrupa,Yabancı,Yok,TV+ Var,Yıllık,Sürekli Lig,Takım Jenerik,Bilgi,Takım,Jenerik,İngilizce,Head,Takım Jenerik,Uzun Kuyruk
fc flora,Şampiyonlar Ligi Elemeleri,Futbol,Lig,Kıta Üstü,Uzun Kuyruk,Erkek,Kulüp,Takım Sporu,Avrupa,Yabancı,Yok,TV+ Var,Yıllık,Sürekli Lig,Takım Jenerik,Bilgi,Takım,Jenerik,İngilizce,Head,Takım Jenerik,Uzun Kuyruk
fc iberia 1999,Şampiyonlar Ligi Elemeleri,Futbol,Lig,Kıta Üstü,Uzun Kuyruk,Erkek,Kulüp,Takım Sporu,Avrupa,Yabancı,Yok,TV+ Var,Yıllık,Sürekli Lig,Takım Jenerik,Bilgi,Takım,Jenerik,İngilizce,Body,Takım Jenerik,Uzun Kuyruk
fc kairat,Şampiyonlar Ligi Elemeleri,Futbol,Lig,Kıta Üstü,Uzun Kuyruk,Erkek,Kulüp,Takım Sporu,Avrupa,Yabancı,Yok,TV+ Var,Yıllık,Sürekli Lig,Takım Jenerik,Bilgi,Takım,Jenerik,İngilizce,Head,Takım Jenerik,Uzun Kuyruk
fc maxline vitebsk,Şampiyonlar Ligi Elemeleri,Futbol,Lig,Kıta Üstü,Uzun Kuyruk,Erkek,Kulüp,Takım Sporu,Avrupa,Yabancı,Yok,TV+ Var,Yıllık,Sürekli Lig,Takım Jenerik,Bilgi,Takım,Jenerik,İngilizce,Body,Takım Jenerik,Uzun Kuyruk
fc petrocub hîncești,Şampiyonlar Ligi Elemeleri,Futbol,Lig,Kıta Üstü,Uzun Kuyruk,Erkek,Kulüp,Takım Sporu,Avrupa,Yabancı,Yok,TV+ Var,Yıllık,Sürekli Lig,Takım Jenerik,Bilgi,Takım,Jenerik,Türkçe,Body,Takım Jenerik,Uzun Kuyruk
fc thun,Şampiyonlar Ligi Elemeleri,Futbol,Lig,Kıta Üstü,Uzun Kuyruk,Erkek,Kulüp,Takım Sporu,Avrupa,Yabancı,Yok,TV+ Var,Yıllık,Sürekli Lig,Takım Jenerik,Bilgi,Takım,Jenerik,İngilizce,Head,Takım Jenerik,Uzun Kuyruk
fk bodø/glimt,Şampiyonlar Ligi Elemeleri,Futbol,Lig,Kıta Üstü,Uzun Kuyruk,Erkek,Kulüp,Takım Sporu,Avrupa,Yabancı,Yok,TV+ Var,Yıllık,Sürekli Lig,Takım Jenerik,Bilgi,Takım,Jenerik,Türkçe,Head,Takım Jenerik,Uzun Kuyruk
fk borac banja luka,Şampiyonlar Ligi Elemeleri,Futbol,Lig,Kıta Üstü,Uzun Kuyruk,Erkek,Kulüp,Takım Sporu,Avrupa,Yabancı,Yok,TV+ Var,Yıllık,Sürekli Lig,Takım Jenerik,Bilgi,Takım,Jenerik,İngilizce,Body,Takım Jenerik,Uzun Kuyruk
fk kauno žalgiris,Şampiyonlar Ligi Elemeleri,Futbol,Lig,Kıta Üstü,Uzun Kuyruk,Erkek,Kulüp,Takım Sporu,Avrupa,Yabancı,Yok,TV+ Var,Yıllık,Sürekli Lig,Takım Jenerik,Bilgi,Takım,Jenerik,Türkçe,Body,Takım Jenerik,Uzun Kuyruk
fk sutjeska nikšić,Şampiyonlar Ligi Elemeleri,Futbol,Lig,Kıta Üstü,Uzun Kuyruk,Erkek,Kulüp,Takım Sporu,Avrupa,Yabancı,Yok,TV+ Var,Yıllık,Sürekli Lig,Takım Jenerik,Bilgi,Takım,Jenerik,Türkçe,Body,Takım Jenerik,Uzun Kuyruk
fk vardar,Şampiyonlar Ligi Elemeleri,Futbol,Lig,Kıta Üstü,Uzun Kuyruk,Erkek,Kulüp,Takım Sporu,Avrupa,Yabancı,Yok,TV+ Var,Yıllık,Sürekli Lig,Takım Jenerik,Bilgi,Takım,Jenerik,İngilizce,Head,Takım Jenerik,Uzun Kuyruk
filip jagiełło,Şampiyonlar Ligi Elemeleri,Futbol,Lig,Kıta Üstü,Uzun Kuyruk,Erkek,Kulüp,Takım Sporu,Avrupa,Yabancı,Yok,TV+ Var,Yıllık,Sürekli Lig,Takım Jenerik,Bilgi,Takım,Jenerik,Türkçe,Head,Takım Jenerik,Uzun Kuyruk
floriana,Şampiyonlar Ligi Elemeleri,Futbol,Lig,Kıta Üstü,Uzun Kuyruk,Erkek,Kulüp,Takım Sporu,Avrupa,Yabancı,Yok,TV+ Var,Yıllık,Sürekli Lig,Takım Jenerik,Bilgi,Takım,Jenerik,İngilizce,Head,Takım Jenerik,Uzun Kuyruk
frederik tingager,Şampiyonlar Ligi Elemeleri,Futbol,Lig,Kıta Üstü,Uzun Kuyruk,Erkek,Kulüp,Takım Sporu,Avrupa,Yabancı,Yok,TV+ Var,Yıllık,Sürekli Lig,Takım Jenerik,Bilgi,Takım,Jenerik,İngilizce,Head,Takım Jenerik,Uzun Kuyruk
gnk dinamo zagreb,Şampiyonlar Ligi Elemeleri,Futbol,Lig,Kıta Üstü,Uzun Kuyruk,Erkek,Kulüp,Takım Sporu,Avrupa,Yabancı,Yok,TV+ Var,Yıllık,Sürekli Lig,Takım Jenerik,Bilgi,Takım,Jenerik,İngilizce,Body,Takım Jenerik,Uzun Kuyruk
gibraltar,Şampiyonlar Ligi Elemeleri,Futbol,Lig,Kıta Üstü,Uzun Kuyruk,Erkek,Kulüp,Takım Sporu,Avrupa,Yabancı,Yok,TV+ Var,Yıllık,Sürekli Lig,Takım Jenerik,Bilgi,Takım,Jenerik,İngilizce,Head,Takım Jenerik,Uzun Kuyruk
glenn nyberg,Şampiyonlar Ligi Elemeleri,Futbol,Lig,Kıta Üstü,Uzun Kuyruk,Erkek,Kulüp,Takım Sporu,Avrupa,Yabancı,Yok,TV+ Var,Yıllık,Sürekli Lig,Takım Jenerik,Bilgi,Takım,Jenerik,İngilizce,Head,Takım Jenerik,Uzun Kuyruk
goffertstadion,Şampiyonlar Ligi Elemeleri,Futbol,Lig,Kıta Üstü,Uzun Kuyruk,Erkek,Kulüp,Takım Sporu,Avrupa,Yabancı,Yok,TV+ Var,Yıllık,Sürekli Lig,Takım Jenerik,Bilgi,Takım,Jenerik,İngilizce,Head,Takım Jenerik,Uzun Kuyruk
graz,Şampiyonlar Ligi Elemeleri,Futbol,Lig,Kıta Üstü,Uzun Kuyruk,Erkek,Kulüp,Takım Sporu,Avrupa,Yabancı,Yok,TV+ Var,Yıllık,Sürekli Lig,Takım Jenerik,Bilgi,Takım,Jenerik,İngilizce,Head,Takım Jenerik,Uzun Kuyruk
győri eto,Şampiyonlar Ligi Elemeleri,Futbol,Lig,Kıta Üstü,Uzun Kuyruk,Erkek,Kulüp,Takım Sporu,Avrupa,Yabancı,Yok,TV+ Var,Yıllık,Sürekli Lig,Takım Jenerik,Bilgi,Takım,Jenerik,Türkçe,Head,Takım Jenerik,Uzun Kuyruk
górnik zabrze,Şampiyonlar Ligi Elemeleri,Futbol,Lig,Kıta Üstü,Uzun Kuyruk,Erkek,Kulüp,Takım Sporu,Avrupa,Yabancı,Yok,TV+ Var,Yıllık,Sürekli Lig,Takım Jenerik,Bilgi,Takım,Jenerik,Türkçe,Head,Takım Jenerik,Uzun Kuyruk
haladás sportkomplexum,Şampiyonlar Ligi Elemeleri,Futbol,Lig,Kıta Üstü,Uzun Kuyruk,Erkek,Kulüp,Takım Sporu,Avrupa,Yabancı,Yok,TV+ Var,Yıllık,Sürekli Lig,Takım Jenerik,Bilgi,Takım,Jenerik,Türkçe,Head,Takım Jenerik,Uzun Kuyruk
hapoel be'er sheva,Şampiyonlar Ligi Elemeleri,Futbol,Lig,Kıta Üstü,Uzun Kuyruk,Erkek,Kulüp,Takım Sporu,Avrupa,Yabancı,Yok,TV+ Var,Yıllık,Sürekli Lig,Takım Jenerik,Bilgi,Takım,Jenerik,İngilizce,Body,Takım Jenerik,Uzun Kuyruk
heart of midlothian,Şampiyonlar Ligi Elemeleri,Futbol,Lig,Kıta Üstü,Uzun Kuyruk,Erkek,Kulüp,Takım Sporu,Avrupa,Yabancı,Yok,TV+ Var,Yıllık,Sürekli Lig,Takım Jenerik,Bilgi,Takım,Jenerik,İngilizce,Body,Takım Jenerik,Uzun Kuyruk
hällevik,Şampiyonlar Ligi Elemeleri,Futbol,Lig,Kıta Üstü,Uzun Kuyruk,Erkek,Kulüp,Takım Sporu,Avrupa,Yabancı,Yok,TV+ Var,Yıllık,Sürekli Lig,Takım Jenerik,Bilgi,Takım,Jenerik,Türkçe,Head,Takım Jenerik,Uzun Kuyruk
igor zlatanović,Şampiyonlar Ligi Elemeleri,Futbol,Lig,Kıta Üstü,Uzun Kuyruk,Erkek,Kulüp,Takım Sporu,Avrupa,Yabancı,Yok,TV+ Var,Yıllık,Sürekli Lig,Takım Jenerik,Bilgi,Takım,Jenerik,Türkçe,Head,Takım Jenerik,Uzun Kuyruk
inter club d'escaldes,Şampiyonlar Ligi Elemeleri,Futbol,Lig,Kıta Üstü,Uzun Kuyruk,Erkek,Kulüp,Takım Sporu,Avrupa,Yabancı,Yok,TV+ Var,Yıllık,Sürekli Lig,Takım Jenerik,Bilgi,Takım,Jenerik,İngilizce,Body,Takım Jenerik,Uzun Kuyruk
inver park,Şampiyonlar Ligi Elemeleri,Futbol,Lig,Kıta Üstü,Uzun Kuyruk,Erkek,Kulüp,Takım Sporu,Avrupa,Yabancı,Yok,TV+ Var,Yıllık,Sürekli Lig,Takım Jenerik,Bilgi,Takım,Jenerik,İngilizce,Head,Takım Jenerik,Uzun Kuyruk
istanbul,Şampiyonlar Ligi Elemeleri,Futbol,Lig,Kıta Üstü,Uzun Kuyruk,Erkek,Kulüp,Takım Sporu,Avrupa,Yabancı,Yok,TV+ Var,Yıllık,Sürekli Lig,Takım Jenerik,Bilgi,Takım,Jenerik,İngilizce,Head,Takım Jenerik,Uzun Kuyruk
istván kovács,Şampiyonlar Ligi Elemeleri,Futbol,Lig,Kıta Üstü,Uzun Kuyruk,Erkek,Kulüp,Takım Sporu,Avrupa,Yabancı,Yok,TV+ Var,Yıllık,Sürekli Lig,Takım Jenerik,Bilgi,Takım,Jenerik,Türkçe,Head,Takım Jenerik,Uzun Kuyruk
javon east,Şampiyonlar Ligi Elemeleri,Futbol,Lig,Kıta Üstü,Uzun Kuyruk,Erkek,Kulüp,Takım Sporu,Avrupa,Yabancı,Yok,TV+ Var,Yıllık,Sürekli Lig,Takım Jenerik,Bilgi,Takım,Jenerik,İngilizce,Head,Takım Jenerik,Uzun Kuyruk
josé maría sánchez martínez,Şampiyonlar Ligi Elemeleri,Futbol,Lig,Kıta Üstü,Uzun Kuyruk,Erkek,Kulüp,Takım Sporu,Avrupa,Yabancı,Yok,TV+ Var,Yıllık,Sürekli Lig,Takım Jenerik,Bilgi,Takım,Jenerik,Türkçe,Body,Takım Jenerik,Uzun Kuyruk
joy-lance mickels,Şampiyonlar Ligi Elemeleri,Futbol,Lig,Kıta Üstü,Uzun Kuyruk,Erkek,Kulüp,Takım Sporu,Avrupa,Yabancı,Yok,TV+ Var,Yıllık,Sürekli Lig,Takım Jenerik,Bilgi,Takım,Jenerik,İngilizce,Head,Takım Jenerik,Uzun Kuyruk
kf egnatia rrogozhinë,Şampiyonlar Ligi Elemeleri,Futbol,Lig,Kıta Üstü,Uzun Kuyruk,Erkek,Kulüp,Takım Sporu,Avrupa,Yabancı,Yok,TV+ Var,Yıllık,Sürekli Lig,Takım Jenerik,Bilgi,Takım,Jenerik,Türkçe,Body,Takım Jenerik,Uzun Kuyruk
kaunas,Şampiyonlar Ligi Elemeleri,Futbol,Lig,Kıta Üstü,Uzun Kuyruk,Erkek,Kulüp,Takım Sporu,Avrupa,Yabancı,Yok,TV+ Var,Yıllık,Sürekli Lig,Takım Jenerik,Bilgi,Takım,Jenerik,İngilizce,Head,Takım Jenerik,Uzun Kuyruk
klaksvík,Şampiyonlar Ligi Elemeleri,Futbol,Lig,Kıta Üstü,Uzun Kuyruk,Erkek,Kulüp,Takım Sporu,Avrupa,Yabancı,Yok,TV+ Var,Yıllık,Sürekli Lig,Takım Jenerik,Bilgi,Takım,Jenerik,Türkçe,Head,Takım Jenerik,Uzun Kuyruk
klaksvíkar ítróttarfelag,Şampiyonlar Ligi Elemeleri,Futbol,Lig,Kıta Üstü,Uzun Kuyruk,Erkek,Kulüp,Takım Sporu,Avrupa,Yabancı,Yok,TV+ Var,Yıllık,Sürekli Lig,Takım Jenerik,Bilgi,Takım,Jenerik,Türkçe,Head,Takım Jenerik,Uzun Kuyruk
knattspyrnufélagið víkingur,Şampiyonlar Ligi Elemeleri,Futbol,Lig,Kıta Üstü,Uzun Kuyruk,Erkek,Kulüp,Takım Sporu,Avrupa,Yabancı,Yok,TV+ Var,Yıllık,Sürekli Lig,Takım Jenerik,Bilgi,Takım,Jenerik,Türkçe,Head,Takım Jenerik,Uzun Kuyruk
kristian arnstad,Şampiyonlar Ligi Elemeleri,Futbol,Lig,Kıta Üstü,Uzun Kuyruk,Erkek,Kulüp,Takım Sporu,Avrupa,Yabancı,Yok,TV+ Var,Yıllık,Sürekli Lig,Takım Jenerik,Bilgi,Takım,Jenerik,İngilizce,Head,Takım Jenerik,Uzun Kuyruk
kuopio,Şampiyonlar Ligi Elemeleri,Futbol,Lig,Kıta Üstü,Uzun Kuyruk,Erkek,Kulüp,Takım Sporu,Avrupa,Yabancı,Yok,TV+ Var,Yıllık,Sürekli Lig,Takım Jenerik,Bilgi,Takım,Jenerik,İngilizce,Head,Takım Jenerik,Uzun Kuyruk
kuopion palloseura,Şampiyonlar Ligi Elemeleri,Futbol,Lig,Kıta Üstü,Uzun Kuyruk,Erkek,Kulüp,Takım Sporu,Avrupa,Yabancı,Yok,TV+ Var,Yıllık,Sürekli Lig,Takım Jenerik,Bilgi,Takım,Jenerik,İngilizce,Head,Takım Jenerik,Uzun Kuyruk
lask,Şampiyonlar Ligi Elemeleri,Futbol,Lig,Kıta Üstü,Uzun Kuyruk,Erkek,Kulüp,Takım Sporu,Avrupa,Yabancı,Yok,TV+ Var,Yıllık,Sürekli Lig,Takım Jenerik,Bilgi,Takım,Jenerik,İngilizce,Head,Takım Jenerik,Uzun Kuyruk
larne,Şampiyonlar Ligi Elemeleri,Futbol,Lig,Kıta Üstü,Uzun Kuyruk,Erkek,Kulüp,Takım Sporu,Avrupa,Yabancı,Yok,TV+ Var,Yıllık,Sürekli Lig,Takım Jenerik,Bilgi,Takım,Jenerik,İngilizce,Head,Takım Jenerik,Uzun Kuyruk
lech poznań,Şampiyonlar Ligi Elemeleri,Futbol,Lig,Kıta Üstü,Uzun Kuyruk,Erkek,Kulüp,Takım Sporu,Avrupa,Yabancı,Yok,TV+ Var,Yıllık,Sürekli Lig,Takım Jenerik,Bilgi,Takım,Jenerik,Türkçe,Head,Takım Jenerik,Uzun Kuyruk
lincoln red imps,Şampiyonlar Ligi Elemeleri,Futbol,Lig,Kıta Üstü,Uzun Kuyruk,Erkek,Kulüp,Takım Sporu,Avrupa,Yabancı,Yok,TV+ Var,Yıllık,Sürekli Lig,Takım Jenerik,Bilgi,Takım,Jenerik,İngilizce,Body,Takım Jenerik,Uzun Kuyruk
lukas kačavenda,Şampiyonlar Ligi Elemeleri,Futbol,Lig,Kıta Üstü,Uzun Kuyruk,Erkek,Kulüp,Takım Sporu,Avrupa,Yabancı,Yok,TV+ Var,Yıllık,Sürekli Lig,Takım Jenerik,Bilgi,Takım,Jenerik,Türkçe,Head,Takım Jenerik,Uzun Kuyruk
marc gual,Şampiyonlar Ligi Elemeleri,Futbol,Lig,Kıta Üstü,Uzun Kuyruk,Erkek,Kulüp,Takım Sporu,Avrupa,Yabancı,Yok,TV+ Var,Yıllık,Sürekli Lig,Takım Jenerik,Bilgi,Takım,Jenerik,İngilizce,Head,Takım Jenerik,Uzun Kuyruk
mario kvesić,Şampiyonlar Ligi Elemeleri,Futbol,Lig,Kıta Üstü,Uzun Kuyruk,Erkek,Kulüp,Takım Sporu,Avrupa,Yabancı,Yok,TV+ Var,Yıllık,Sürekli Lig,Takım Jenerik,Bilgi,Takım,Jenerik,Türkçe,Head,Takım Jenerik,Uzun Kuyruk
masazir,Şampiyonlar Ligi Elemeleri,Futbol,Lig,Kıta Üstü,Uzun Kuyruk,Erkek,Kulüp,Takım Sporu,Avrupa,Yabancı,Yok,TV+ Var,Yıllık,Sürekli Lig,Takım Jenerik,Bilgi,Takım,Jenerik,İngilizce,Head,Takım Jenerik,Uzun Kuyruk
mason greenwood,Şampiyonlar Ligi Elemeleri,Futbol,Lig,Kıta Üstü,Uzun Kuyruk,Erkek,Kulüp,Takım Sporu,Avrupa,Yabancı,Yok,TV+ Var,Yıllık,Sürekli Lig,Takım Jenerik,Bilgi,Takım,Jenerik,İngilizce,Head,Takım Jenerik,Uzun Kuyruk
mateo lisica,Şampiyonlar Ligi Elemeleri,Futbol,Lig,Kıta Üstü,Uzun Kuyruk,Erkek,Kulüp,Takım Sporu,Avrupa,Yabancı,Yok,TV+ Var,Yıllık,Sürekli Lig,Takım Jenerik,Bilgi,Takım,Jenerik,İngilizce,Head,Takım Jenerik,Uzun Kuyruk
maurizio mariani,Şampiyonlar Ligi Elemeleri,Futbol,Lig,Kıta Üstü,Uzun Kuyruk,Erkek,Kulüp,Takım Sporu,Avrupa,Yabancı,Yok,TV+ Var,Yıllık,Sürekli Lig,Takım Jenerik,Bilgi,Takım,Jenerik,İngilizce,Head,Takım Jenerik,Uzun Kuyruk
michael oliver,Şampiyonlar Ligi Elemeleri,Futbol,Lig,Kıta Üstü,Uzun Kuyruk,Erkek,Kulüp,Takım Sporu,Avrupa,Yabancı,Yok,TV+ Var,Yıllık,Sürekli Lig,Takım Jenerik,Bilgi,Takım,Jenerik,İngilizce,Head,Takım Jenerik,Uzun Kuyruk
miha zajc,Şampiyonlar Ligi Elemeleri,Futbol,Lig,Kıta Üstü,Uzun Kuyruk,Erkek,Kulüp,Takım Sporu,Avrupa,Yabancı,Yok,TV+ Var,Yıllık,Sürekli Lig,Takım Jenerik,Bilgi,Takım,Jenerik,İngilizce,Head,Takım Jenerik,Uzun Kuyruk
mjällby aif,Şampiyonlar Ligi Elemeleri,Futbol,Lig,Kıta Üstü,Uzun Kuyruk,Erkek,Kulüp,Takım Sporu,Avrupa,Yabancı,Yok,TV+ Var,Yıllık,Sürekli Lig,Takım Jenerik,Bilgi,Takım,Jenerik,Türkçe,Head,Takım Jenerik,Uzun Kuyruk
nec nijmegen,Şampiyonlar Ligi Elemeleri,Futbol,Lig,Kıta Üstü,Uzun Kuyruk,Erkek,Kulüp,Takım Sporu,Avrupa,Yabancı,Yok,TV+ Var,Yıllık,Sürekli Lig,Takım Jenerik,Bilgi,Takım,Jenerik,İngilizce,Head,Takım Jenerik,Uzun Kuyruk
nk celje,Şampiyonlar Ligi Elemeleri,Futbol,Lig,Kıta Üstü,Uzun Kuyruk,Erkek,Kulüp,Takım Sporu,Avrupa,Yabancı,Yok,TV+ Var,Yıllık,Sürekli Lig,Takım Jenerik,Bilgi,Takım,Jenerik,İngilizce,Head,Takım Jenerik,Uzun Kuyruk
nicușor bancu,Şampiyonlar Ligi Elemeleri,Futbol,Lig,Kıta Üstü,Uzun Kuyruk,Erkek,Kulüp,Takım Sporu,Avrupa,Yabancı,Yok,TV+ Var,Yıllık,Sürekli Lig,Takım Jenerik,Bilgi,Takım,Jenerik,Türkçe,Head,Takım Jenerik,Uzun Kuyruk
nijmegen,Şampiyonlar Ligi Elemeleri,Futbol,Lig,Kıta Üstü,Uzun Kuyruk,Erkek,Kulüp,Takım Sporu,Avrupa,Yabancı,Yok,TV+ Var,Yıllık,Sürekli Lig,Takım Jenerik,Bilgi,Takım,Jenerik,İngilizce,Head,Takım Jenerik,Uzun Kuyruk
nika sikharulashvili,Şampiyonlar Ligi Elemeleri,Futbol,Lig,Kıta Üstü,Uzun Kuyruk,Erkek,Kulüp,Takım Sporu,Avrupa,Yabancı,Yok,TV+ Var,Yıllık,Sürekli Lig,Takım Jenerik,Bilgi,Takım,Jenerik,İngilizce,Head,Takım Jenerik,Uzun Kuyruk
ole didrik blomberg,Şampiyonlar Ligi Elemeleri,Futbol,Lig,Kıta Üstü,Uzun Kuyruk,Erkek,Kulüp,Takım Sporu,Avrupa,Yabancı,Yok,TV+ Var,Yıllık,Sürekli Lig,Takım Jenerik,Bilgi,Takım,Jenerik,İngilizce,Body,Takım Jenerik,Uzun Kuyruk
olympiacos,Şampiyonlar Ligi Elemeleri,Futbol,Lig,Kıta Üstü,Uzun Kuyruk,Erkek,Kulüp,Takım Sporu,Avrupa,Yabancı,Yok,TV+ Var,Yıllık,Sürekli Lig,Takım Jenerik,Bilgi,Takım,Jenerik,İngilizce,Head,Takım Jenerik,Uzun Kuyruk
olympique lyonnais,Şampiyonlar Ligi Elemeleri,Futbol,Lig,Kıta Üstü,Uzun Kuyruk,Erkek,Kulüp,Takım Sporu,Avrupa,Yabancı,Yok,TV+ Var,Yıllık,Sürekli Lig,Takım Jenerik,Bilgi,Takım,Jenerik,İngilizce,Head,Takım Jenerik,Uzun Kuyruk
pfc levski sofia,Şampiyonlar Ligi Elemeleri,Futbol,Lig,Kıta Üstü,Uzun Kuyruk,Erkek,Kulüp,Takım Sporu,Avrupa,Yabancı,Yok,TV+ Var,Yıllık,Sürekli Lig,Takım Jenerik,Bilgi,Takım,Jenerik,İngilizce,Body,Takım Jenerik,Uzun Kuyruk
parc olympique lyonnais,Şampiyonlar Ligi Elemeleri,Futbol,Lig,Kıta Üstü,Uzun Kuyruk,Erkek,Kulüp,Takım Sporu,Avrupa,Yabancı,Yok,TV+ Var,Yıllık,Sürekli Lig,Takım Jenerik,Bilgi,Takım,Jenerik,İngilizce,Body,Takım Jenerik,Uzun Kuyruk
páll klettskarð,Şampiyonlar Ligi Elemeleri,Futbol,Lig,Kıta Üstü,Uzun Kuyruk,Erkek,Kulüp,Takım Sporu,Avrupa,Yabancı,Yok,TV+ Var,Yıllık,Sürekli Lig,Takım Jenerik,Bilgi,Takım,Jenerik,Türkçe,Head,Takım Jenerik,Uzun Kuyruk
randers,Şampiyonlar Ligi Elemeleri,Futbol,Lig,Kıta Üstü,Uzun Kuyruk,Erkek,Kulüp,Takım Sporu,Avrupa,Yabancı,Yok,TV+ Var,Yıllık,Sürekli Lig,Takım Jenerik,Bilgi,Takım,Jenerik,İngilizce,Head,Takım Jenerik,Uzun Kuyruk
red star belgrade,Şampiyonlar Ligi Elemeleri,Futbol,Lig,Kıta Üstü,Uzun Kuyruk,Erkek,Kulüp,Takım Sporu,Avrupa,Yabancı,Yok,TV+ Var,Yıllık,Sürekli Lig,Takım Jenerik,Bilgi,Takım,Jenerik,İngilizce,Body,Takım Jenerik,Uzun Kuyruk
reykjavík,Şampiyonlar Ligi Elemeleri,Futbol,Lig,Kıta Üstü,Uzun Kuyruk,Erkek,Kulüp,Takım Sporu,Avrupa,Yabancı,Yok,TV+ Var,Yıllık,Sürekli Lig,Takım Jenerik,Bilgi,Takım,Jenerik,Türkçe,Head,Takım Jenerik,Uzun Kuyruk
riga,Şampiyonlar Ligi Elemeleri,Futbol,Lig,Kıta Üstü,Uzun Kuyruk,Erkek,Kulüp,Takım Sporu,Avrupa,Yabancı,Yok,TV+ Var,Yıllık,Sürekli Lig,Takım Jenerik,Bilgi,Takım,Jenerik,İngilizce,Head,Takım Jenerik,Uzun Kuyruk
royale union saint-gilloise,Şampiyonlar Ligi Elemeleri,Futbol,Lig,Kıta Üstü,Uzun Kuyruk,Erkek,Kulüp,Takım Sporu,Avrupa,Yabancı,Yok,TV+ Var,Yıllık,Sürekli Lig,Takım Jenerik,Bilgi,Takım,Jenerik,İngilizce,Body,Takım Jenerik,Uzun Kuyruk
rrogozhinë,Şampiyonlar Ligi Elemeleri,Futbol,Lig,Kıta Üstü,Uzun Kuyruk,Erkek,Kulüp,Takım Sporu,Avrupa,Yabancı,Yok,TV+ Var,Yıllık,Sürekli Lig,Takım Jenerik,Bilgi,Takım,Jenerik,Türkçe,Head,Takım Jenerik,Uzun Kuyruk
sk sturm graz,Şampiyonlar Ligi Elemeleri,Futbol,Lig,Kıta Üstü,Uzun Kuyruk,Erkek,Kulüp,Takım Sporu,Avrupa,Yabancı,Yok,TV+ Var,Yıllık,Sürekli Lig,Takım Jenerik,Bilgi,Takım,Jenerik,İngilizce,Body,Takım Jenerik,Uzun Kuyruk
sabah,Şampiyonlar Ligi Elemeleri,Futbol,Lig,Kıta Üstü,Uzun Kuyruk,Erkek,Kulüp,Takım Sporu,Avrupa,Yabancı,Yok,TV+ Var,Yıllık,Sürekli Lig,Takım Jenerik,Bilgi,Takım,Jenerik,İngilizce,Head,Takım Jenerik,Uzun Kuyruk
sandro lima,Şampiyonlar Ligi Elemeleri,Futbol,Lig,Kıta Üstü,Uzun Kuyruk,Erkek,Kulüp,Takım Sporu,Avrupa,Yabancı,Yok,TV+ Var,Yıllık,Sürekli Lig,Takım Jenerik,Bilgi,Takım,Jenerik,İngilizce,Head,Takım Jenerik,Uzun Kuyruk
serdar gözübüyük,Şampiyonlar Ligi Elemeleri,Futbol,Lig,Kıta Üstü,Uzun Kuyruk,Erkek,Kulüp,Takım Sporu,Avrupa,Yabancı,Yok,TV+ Var,Yıllık,Sürekli Lig,Takım Jenerik,Bilgi,Takım,Jenerik,Türkçe,Head,Takım Jenerik,Uzun Kuyruk
shamrock rovers,Şampiyonlar Ligi Elemeleri,Futbol,Lig,Kıta Üstü,Uzun Kuyruk,Erkek,Kulüp,Takım Sporu,Avrupa,Yabancı,Yok,TV+ Var,Yıllık,Sürekli Lig,Takım Jenerik,Bilgi,Takım,Jenerik,İngilizce,Head,Takım Jenerik,Uzun Kuyruk
sofia,Şampiyonlar Ligi Elemeleri,Futbol,Lig,Kıta Üstü,Uzun Kuyruk,Erkek,Kulüp,Takım Sporu,Avrupa,Yabancı,Yok,TV+ Var,Yıllık,Sürekli Lig,Takım Jenerik,Bilgi,Takım,Jenerik,İngilizce,Head,Takım Jenerik,Uzun Kuyruk
stadion georgi asparuhov,Şampiyonlar Ligi Elemeleri,Futbol,Lig,Kıta Üstü,Uzun Kuyruk,Erkek,Kulüp,Takım Sporu,Avrupa,Yabancı,Yok,TV+ Var,Yıllık,Sürekli Lig,Takım Jenerik,Bilgi,Takım,Jenerik,İngilizce,Body,Takım Jenerik,Uzun Kuyruk
stadion maksimir,Şampiyonlar Ligi Elemeleri,Futbol,Lig,Kıta Üstü,Uzun Kuyruk,Erkek,Kulüp,Takım Sporu,Avrupa,Yabancı,Yok,TV+ Var,Yıllık,Sürekli Lig,Takım Jenerik,Bilgi,Takım,Jenerik,İngilizce,Head,Takım Jenerik,Uzun Kuyruk
stadion z'dežele,Şampiyonlar Ligi Elemeleri,Futbol,Lig,Kıta Üstü,Uzun Kuyruk,Erkek,Kulüp,Takım Sporu,Avrupa,Yabancı,Yok,TV+ Var,Yıllık,Sürekli Lig,Takım Jenerik,Bilgi,Takım,Jenerik,Türkçe,Head,Takım Jenerik,Uzun Kuyruk
strandvallen,Şampiyonlar Ligi Elemeleri,Futbol,Lig,Kıta Üstü,Uzun Kuyruk,Erkek,Kulüp,Takım Sporu,Avrupa,Yabancı,Yok,TV+ Var,Yıllık,Sürekli Lig,Takım Jenerik,Bilgi,Takım,Jenerik,İngilizce,Head,Takım Jenerik,Uzun Kuyruk
suleiman camara,Şampiyonlar Ligi Elemeleri,Futbol,Lig,Kıta Üstü,Uzun Kuyruk,Erkek,Kulüp,Takım Sporu,Avrupa,Yabancı,Yok,TV+ Var,Yıllık,Sürekli Lig,Takım Jenerik,Bilgi,Takım,Jenerik,İngilizce,Head,Takım Jenerik,Uzun Kuyruk
svit sešlar,Şampiyonlar Ligi Elemeleri,Futbol,Lig,Kıta Üstü,Uzun Kuyruk,Erkek,Kulüp,Takım Sporu,Avrupa,Yabancı,Yok,TV+ Var,Yıllık,Sürekli Lig,Takım Jenerik,Bilgi,Takım,Jenerik,Türkçe,Head,Takım Jenerik,Uzun Kuyruk
szombathely,Şampiyonlar Ligi Elemeleri,Futbol,Lig,Kıta Üstü,Uzun Kuyruk,Erkek,Kulüp,Takım Sporu,Avrupa,Yabancı,Yok,TV+ Var,Yıllık,Sürekli Lig,Takım Jenerik,Bilgi,Takım,Jenerik,İngilizce,Head,Takım Jenerik,Uzun Kuyruk
szymon marciniak,Şampiyonlar Ligi Elemeleri,Futbol,Lig,Kıta Üstü,Uzun Kuyruk,Erkek,Kulüp,Takım Sporu,Avrupa,Yabancı,Yok,TV+ Var,Yıllık,Sürekli Lig,Takım Jenerik,Bilgi,Takım,Jenerik,İngilizce,Head,Takım Jenerik,Uzun Kuyruk
talisca,Şampiyonlar Ligi Elemeleri,Futbol,Lig,Kıta Üstü,Uzun Kuyruk,Erkek,Kulüp,Takım Sporu,Avrupa,Yabancı,Yok,TV+ Var,Yıllık,Sürekli Lig,Takım Jenerik,Bilgi,Takım,Jenerik,İngilizce,Head,Takım Jenerik,Uzun Kuyruk
tbilisi,Şampiyonlar Ligi Elemeleri,Futbol,Lig,Kıta Üstü,Uzun Kuyruk,Erkek,Kulüp,Takım Sporu,Avrupa,Yabancı,Yok,TV+ Var,Yıllık,Sürekli Lig,Takım Jenerik,Bilgi,Takım,Jenerik,İngilizce,Head,Takım Jenerik,Uzun Kuyruk
tehelné pole,Şampiyonlar Ligi Elemeleri,Futbol,Lig,Kıta Üstü,Uzun Kuyruk,Erkek,Kulüp,Takım Sporu,Avrupa,Yabancı,Yok,TV+ Var,Yıllık,Sürekli Lig,Takım Jenerik,Bilgi,Takım,Jenerik,Türkçe,Head,Takım Jenerik,Uzun Kuyruk
the new saints,Şampiyonlar Ligi Elemeleri,Futbol,Lig,Kıta Üstü,Uzun Kuyruk,Erkek,Kulüp,Takım Sporu,Avrupa,Yabancı,Yok,TV+ Var,Yıllık,Sürekli Lig,Takım Jenerik,Bilgi,Takım,Jenerik,İngilizce,Body,Takım Jenerik,Uzun Kuyruk
tobias bech,Şampiyonlar Ligi Elemeleri,Futbol,Lig,Kıta Üstü,Uzun Kuyruk,Erkek,Kulüp,Takım Sporu,Avrupa,Yabancı,Yok,TV+ Var,Yıllık,Sürekli Lig,Takım Jenerik,Bilgi,Takım,Jenerik,İngilizce,Head,Takım Jenerik,Uzun Kuyruk
tre fiori,Şampiyonlar Ligi Elemeleri,Futbol,Lig,Kıta Üstü,Uzun Kuyruk,Erkek,Kulüp,Takım Sporu,Avrupa,Yabancı,Yok,TV+ Var,Yıllık,Sürekli Lig,Takım Jenerik,Bilgi,Takım,Jenerik,İngilizce,Head,Takım Jenerik,Uzun Kuyruk
tómas kristjánsson,Şampiyonlar Ligi Elemeleri,Futbol,Lig,Kıta Üstü,Uzun Kuyruk,Erkek,Kulüp,Takım Sporu,Avrupa,Yabancı,Yok,TV+ Var,Yıllık,Sürekli Lig,Takım Jenerik,Bilgi,Takım,Jenerik,Türkçe,Head,Takım Jenerik,Uzun Kuyruk
utc+00:00,Şampiyonlar Ligi Elemeleri,Futbol,Lig,Kıta Üstü,Uzun Kuyruk,Erkek,Kulüp,Takım Sporu,Avrupa,Yabancı,Yok,TV+ Var,Yıllık,Sürekli Lig,Takım Jenerik,Bilgi,Takım,Jenerik,Türkçe,Head,Takım Jenerik,Uzun Kuyruk
utc+01:00,Şampiyonlar Ligi Elemeleri,Futbol,Lig,Kıta Üstü,Uzun Kuyruk,Erkek,Kulüp,Takım Sporu,Avrupa,Yabancı,Yok,TV+ Var,Yıllık,Sürekli Lig,Takım Jenerik,Bilgi,Takım,Jenerik,Türkçe,Head,Takım Jenerik,Uzun Kuyruk
utc+03:00,Şampiyonlar Ligi Elemeleri,Futbol,Lig,Kıta Üstü,Uzun Kuyruk,Erkek,Kulüp,Takım Sporu,Avrupa,Yabancı,Yok,TV+ Var,Yıllık,Sürekli Lig,Takım Jenerik,Bilgi,Takım,Jenerik,Türkçe,Head,Takım Jenerik,Uzun Kuyruk
utc+04:00,Şampiyonlar Ligi Elemeleri,Futbol,Lig,Kıta Üstü,Uzun Kuyruk,Erkek,Kulüp,Takım Sporu,Avrupa,Yabancı,Yok,TV+ Var,Yıllık,Sürekli Lig,Takım Jenerik,Bilgi,Takım,Jenerik,Türkçe,Head,Takım Jenerik,Uzun Kuyruk
utc+05:00,Şampiyonlar Ligi Elemeleri,Futbol,Lig,Kıta Üstü,Uzun Kuyruk,Erkek,Kulüp,Takım Sporu,Avrupa,Yabancı,Yok,TV+ Var,Yıllık,Sürekli Lig,Takım Jenerik,Bilgi,Takım,Jenerik,Türkçe,Head,Takım Jenerik,Uzun Kuyruk
veljko simić,Şampiyonlar Ligi Elemeleri,Futbol,Lig,Kıta Üstü,Uzun Kuyruk,Erkek,Kulüp,Takım Sporu,Avrupa,Yabancı,Yok,TV+ Var,Yıllık,Sürekli Lig,Takım Jenerik,Bilgi,Takım,Jenerik,Türkçe,Head,Takım Jenerik,Uzun Kuyruk
viking,Şampiyonlar Ligi Elemeleri,Futbol,Lig,Kıta Üstü,Uzun Kuyruk,Erkek,Kulüp,Takım Sporu,Avrupa,Yabancı,Yok,TV+ Var,Yıllık,Sürekli Lig,Takım Jenerik,Bilgi,Takım,Jenerik,İngilizce,Head,Takım Jenerik,Uzun Kuyruk
við djúpumýrar,Şampiyonlar Ligi Elemeleri,Futbol,Lig,Kıta Üstü,Uzun Kuyruk,Erkek,Kulüp,Takım Sporu,Avrupa,Yabancı,Yok,TV+ Var,Yıllık,Sürekli Lig,Takım Jenerik,Bilgi,Takım,Jenerik,Türkçe,Head,Takım Jenerik,Uzun Kuyruk
víkingsvöllur,Şampiyonlar Ligi Elemeleri,Futbol,Lig,Kıta Üstü,Uzun Kuyruk,Erkek,Kulüp,Takım Sporu,Avrupa,Yabancı,Yok,TV+ Var,Yıllık,Sürekli Lig,Takım Jenerik,Bilgi,Takım,Jenerik,Türkçe,Head,Takım Jenerik,Uzun Kuyruk
yaya dukuly,Şampiyonlar Ligi Elemeleri,Futbol,Lig,Kıta Üstü,Uzun Kuyruk,Erkek,Kulüp,Takım Sporu,Avrupa,Yabancı,Yok,TV+ Var,Yıllık,Sürekli Lig,Takım Jenerik,Bilgi,Takım,Jenerik,İngilizce,Head,Takım Jenerik,Uzun Kuyruk
yerevan,Şampiyonlar Ligi Elemeleri,Futbol,Lig,Kıta Üstü,Uzun Kuyruk,Erkek,Kulüp,Takım Sporu,Avrupa,Yabancı,Yok,TV+ Var,Yıllık,Sürekli Lig,Takım Jenerik,Bilgi,Takım,Jenerik,İngilizce,Head,Takım Jenerik,Uzun Kuyruk
zagreb,Şampiyonlar Ligi Elemeleri,Futbol,Lig,Kıta Üstü,Uzun Kuyruk,Erkek,Kulüp,Takım Sporu,Avrupa,Yabancı,Yok,TV+ Var,Yıllık,Sürekli Lig,Takım Jenerik,Bilgi,Takım,Jenerik,İngilizce,Head,Takım Jenerik,Uzun Kuyruk
zahi ahmed,Şampiyonlar Ligi Elemeleri,Futbol,Lig,Kıta Üstü,Uzun Kuyruk,Erkek,Kulüp,Takım Sporu,Avrupa,Yabancı,Yok,TV+ Var,Yıllık,Sürekli Lig,Takım Jenerik,Bilgi,Takım,Jenerik,İngilizce,Head,Takım Jenerik,Uzun Kuyruk
šk slovan bratislava,Şampiyonlar Ligi Elemeleri,Futbol,Lig,Kıta Üstü,Uzun Kuyruk,Erkek,Kulüp,Takım Sporu,Avrupa,Yabancı,Yok,TV+ Var,Yıllık,Sürekli Lig,Takım Jenerik,Bilgi,Takım,Jenerik,Türkçe,Body,Takım Jenerik,Uzun Kuyruk
ac omonia,Avrupa Ligi Elemeleri,Futbol,Lig,Kıta Üstü,Uzun Kuyruk,Erkek,Kulüp,Takım Sporu,Avrupa,Yabancı,Yok,TV+ Var,Yıllık,Sürekli Lig,Takım Jenerik,Bilgi,Takım,Jenerik,İngilizce,Head,Takım Jenerik,Uzun Kuyruk
aarhus gymnastikforening,Avrupa Ligi Elemeleri,Futbol,Lig,Kıta Üstü,Uzun Kuyruk,Erkek,Kulüp,Takım Sporu,Avrupa,Yabancı,Yok,TV+ Var,Yıllık,Sürekli Lig,Takım Jenerik,Bilgi,Takım,Jenerik,İngilizce,Head,Takım Jenerik,Uzun Kuyruk
adjarabet arena,Avrupa Ligi Elemeleri,Futbol,Lig,Kıta Üstü,Uzun Kuyruk,Erkek,Kulüp,Takım Sporu,Avrupa,Yabancı,Yok,TV+ Var,Yıllık,Sürekli Lig,Takım Jenerik,Bilgi,Takım,Jenerik,İngilizce,Head,Takım Jenerik,Uzun Kuyruk
allahyar sayyadmanesh,Avrupa Ligi Elemeleri,Futbol,Lig,Kıta Üstü,Uzun Kuyruk,Erkek,Kulüp,Takım Sporu,Avrupa,Yabancı,Yok,TV+ Var,Yıllık,Sürekli Lig,Takım Jenerik,Bilgi,Takım,Jenerik,İngilizce,Head,Takım Jenerik,Uzun Kuyruk
arena lublin,Avrupa Ligi Elemeleri,Futbol,Lig,Kıta Üstü,Uzun Kuyruk,Erkek,Kulüp,Takım Sporu,Avrupa,Yabancı,Yok,TV+ Var,Yıllık,Sürekli Lig,Takım Jenerik,Bilgi,Takım,Jenerik,İngilizce,Head,Takım Jenerik,Uzun Kuyruk
baku,Avrupa Ligi Elemeleri,Futbol,Lig,Kıta Üstü,Uzun Kuyruk,Erkek,Kulüp,Takım Sporu,Avrupa,Yabancı,Yok,TV+ Var,Yıllık,Sürekli Lig,Takım Jenerik,Bilgi,Takım,Jenerik,İngilizce,Head,Takım Jenerik,Uzun Kuyruk
batumi,Avrupa Ligi Elemeleri,Futbol,Lig,Kıta Üstü,Uzun Kuyruk,Erkek,Kulüp,Takım Sporu,Avrupa,Yabancı,Yok,TV+ Var,Yıllık,Sürekli Lig,Takım Jenerik,Bilgi,Takım,Jenerik,İngilizce,Head,Takım Jenerik,Uzun Kuyruk
beşiktaş j.k.,Avrupa Ligi Elemeleri,Futbol,Lig,Kıta Üstü,Uzun Kuyruk,Erkek,Kulüp,Takım Sporu,Avrupa,Yabancı,Yok,TV+ Var,Yıllık,Sürekli Lig,Takım Jenerik,Bilgi,Takım,Jenerik,Türkçe,Head,Takım Jenerik,Uzun Kuyruk
białystok,Avrupa Ligi Elemeleri,Futbol,Lig,Kıta Üstü,Uzun Kuyruk,Erkek,Kulüp,Takım Sporu,Avrupa,Yabancı,Yok,TV+ Var,Yıllık,Sürekli Lig,Takım Jenerik,Bilgi,Takım,Jenerik,Türkçe,Head,Takım Jenerik,Uzun Kuyruk
brighton labeau,Avrupa Ligi Elemeleri,Futbol,Lig,Kıta Üstü,Uzun Kuyruk,Erkek,Kulüp,Takım Sporu,Avrupa,Yabancı,Yok,TV+ Var,Yıllık,Sürekli Lig,Takım Jenerik,Bilgi,Takım,Jenerik,İngilizce,Head,Takım Jenerik,Uzun Kuyruk
brussels,Avrupa Ligi Elemeleri,Futbol,Lig,Kıta Üstü,Uzun Kuyruk,Erkek,Kulüp,Takım Sporu,Avrupa,Yabancı,Yok,TV+ Var,Yıllık,Sürekli Lig,Takım Jenerik,Bilgi,Takım,Jenerik,İngilizce,Head,Takım Jenerik,Uzun Kuyruk
budapest,Avrupa Ligi Elemeleri,Futbol,Lig,Kıta Üstü,Uzun Kuyruk,Erkek,Kulüp,Takım Sporu,Avrupa,Yabancı,Yok,TV+ Var,Yıllık,Sürekli Lig,Takım Jenerik,Bilgi,Takım,Jenerik,İngilizce,Head,Takım Jenerik,Uzun Kuyruk
cs universitatea craiova,Avrupa Ligi Elemeleri,Futbol,Lig,Kıta Üstü,Uzun Kuyruk,Erkek,Kulüp,Takım Sporu,Avrupa,Yabancı,Yok,TV+ Var,Yıllık,Sürekli Lig,Takım Jenerik,Bilgi,Takım,Jenerik,İngilizce,Body,Takım Jenerik,Uzun Kuyruk
craiova,Avrupa Ligi Elemeleri,Futbol,Lig,Kıta Üstü,Uzun Kuyruk,Erkek,Kulüp,Takım Sporu,Avrupa,Yabancı,Yok,TV+ Var,Yıllık,Sürekli Lig,Takım Jenerik,Bilgi,Takım,Jenerik,İngilizce,Head,Takım Jenerik,Uzun Kuyruk
damian sylwestrzak,Avrupa Ligi Elemeleri,Futbol,Lig,Kıta Üstü,Uzun Kuyruk,Erkek,Kulüp,Takım Sporu,Avrupa,Yabancı,Yok,TV+ Var,Yıllık,Sürekli Lig,Takım Jenerik,Bilgi,Takım,Jenerik,İngilizce,Head,Takım Jenerik,Uzun Kuyruk
daniel håkans,Avrupa Ligi Elemeleri,Futbol,Lig,Kıta Üstü,Uzun Kuyruk,Erkek,Kulüp,Takım Sporu,Avrupa,Yabancı,Yok,TV+ Var,Yıllık,Sürekli Lig,Takım Jenerik,Bilgi,Takım,Jenerik,Türkçe,Head,Takım Jenerik,Uzun Kuyruk
danylo sikan,Avrupa Ligi Elemeleri,Futbol,Lig,Kıta Üstü,Uzun Kuyruk,Erkek,Kulüp,Takım Sporu,Avrupa,Yabancı,Yok,TV+ Var,Yıllık,Sürekli Lig,Takım Jenerik,Bilgi,Takım,Jenerik,İngilizce,Head,Takım Jenerik,Uzun Kuyruk
dario melnjak,Avrupa Ligi Elemeleri,Futbol,Lig,Kıta Üstü,Uzun Kuyruk,Erkek,Kulüp,Takım Sporu,Avrupa,Yabancı,Yok,TV+ Var,Yıllık,Sürekli Lig,Takım Jenerik,Bilgi,Takım,Jenerik,İngilizce,Head,Takım Jenerik,Uzun Kuyruk
dor peretz,Avrupa Ligi Elemeleri,Futbol,Lig,Kıta Üstü,Uzun Kuyruk,Erkek,Kulüp,Takım Sporu,Avrupa,Yabancı,Yok,TV+ Var,Yıllık,Sürekli Lig,Takım Jenerik,Bilgi,Takım,Jenerik,İngilizce,Head,Takım Jenerik,Uzun Kuyruk
egnatia arena,Avrupa Ligi Elemeleri,Futbol,Lig,Kıta Üstü,Uzun Kuyruk,Erkek,Kulüp,Takım Sporu,Avrupa,Yabancı,Yok,TV+ Var,Yıllık,Sürekli Lig,Takım Jenerik,Bilgi,Takım,Jenerik,İngilizce,Head,Takım Jenerik,Uzun Kuyruk
espen eskås,Avrupa Ligi Elemeleri,Futbol,Lig,Kıta Üstü,Uzun Kuyruk,Erkek,Kulüp,Takım Sporu,Avrupa,Yabancı,Yok,TV+ Var,Yıllık,Sürekli Lig,Takım Jenerik,Bilgi,Takım,Jenerik,Türkçe,Head,Takım Jenerik,Uzun Kuyruk
estádio da luz,Avrupa Ligi Elemeleri,Futbol,Lig,Kıta Üstü,Uzun Kuyruk,Erkek,Kulüp,Takım Sporu,Avrupa,Yabancı,Yok,TV+ Var,Yıllık,Sürekli Lig,Takım Jenerik,Bilgi,Takım,Jenerik,Türkçe,Body,Takım Jenerik,Uzun Kuyruk
fc ararat-armenia,Avrupa Ligi Elemeleri,Futbol,Lig,Kıta Üstü,Uzun Kuyruk,Erkek,Kulüp,Takım Sporu,Avrupa,Yabancı,Yok,TV+ Var,Yıllık,Sürekli Lig,Takım Jenerik,Bilgi,Takım,Jenerik,İngilizce,Head,Takım Jenerik,Uzun Kuyruk
fc dynamo kyiv,Avrupa Ligi Elemeleri,Futbol,Lig,Kıta Üstü,Uzun Kuyruk,Erkek,Kulüp,Takım Sporu,Avrupa,Yabancı,Yok,TV+ Var,Yıllık,Sürekli Lig,Takım Jenerik,Bilgi,Takım,Jenerik,İngilizce,Body,Takım Jenerik,Uzun Kuyruk
fc hradec králové,Avrupa Ligi Elemeleri,Futbol,Lig,Kıta Üstü,Uzun Kuyruk,Erkek,Kulüp,Takım Sporu,Avrupa,Yabancı,Yok,TV+ Var,Yıllık,Sürekli Lig,Takım Jenerik,Bilgi,Takım,Jenerik,Türkçe,Body,Takım Jenerik,Uzun Kuyruk
fc iberia 1999,Avrupa Ligi Elemeleri,Futbol,Lig,Kıta Üstü,Uzun Kuyruk,Erkek,Kulüp,Takım Sporu,Avrupa,Yabancı,Yok,TV+ Var,Yıllık,Sürekli Lig,Takım Jenerik,Bilgi,Takım,Jenerik,İngilizce,Body,Takım Jenerik,Uzun Kuyruk
fc kairat,Avrupa Ligi Elemeleri,Futbol,Lig,Kıta Üstü,Uzun Kuyruk,Erkek,Kulüp,Takım Sporu,Avrupa,Yabancı,Yok,TV+ Var,Yıllık,Sürekli Lig,Takım Jenerik,Bilgi,Takım,Jenerik,İngilizce,Head,Takım Jenerik,Uzun Kuyruk
fc midtjylland,Avrupa Ligi Elemeleri,Futbol,Lig,Kıta Üstü,Uzun Kuyruk,Erkek,Kulüp,Takım Sporu,Avrupa,Yabancı,Yok,TV+ Var,Yıllık,Sürekli Lig,Takım Jenerik,Bilgi,Takım,Jenerik,İngilizce,Head,Takım Jenerik,Uzun Kuyruk
fc red bull salzburg,Avrupa Ligi Elemeleri,Futbol,Lig,Kıta Üstü,Uzun Kuyruk,Erkek,Kulüp,Takım Sporu,Avrupa,Yabancı,Yok,TV+ Var,Yıllık,Sürekli Lig,Takım Jenerik,Bilgi,Takım,Jenerik,İngilizce,Body,Takım Jenerik,Uzun Kuyruk
fc sheriff tiraspol,Avrupa Ligi Elemeleri,Futbol,Lig,Kıta Üstü,Uzun Kuyruk,Erkek,Kulüp,Takım Sporu,Avrupa,Yabancı,Yok,TV+ Var,Yıllık,Sürekli Lig,Takım Jenerik,Bilgi,Takım,Jenerik,İngilizce,Body,Takım Jenerik,Uzun Kuyruk
fc st. gallen,Avrupa Ligi Elemeleri,Futbol,Lig,Kıta Üstü,Uzun Kuyruk,Erkek,Kulüp,Takım Sporu,Avrupa,Yabancı,Yok,TV+ Var,Yıllık,Sürekli Lig,Takım Jenerik,Bilgi,Takım,Jenerik,İngilizce,Body,Takım Jenerik,Uzun Kuyruk
fc thun,Avrupa Ligi Elemeleri,Futbol,Lig,Kıta Üstü,Uzun Kuyruk,Erkek,Kulüp,Takım Sporu,Avrupa,Yabancı,Yok,TV+ Var,Yıllık,Sürekli Lig,Takım Jenerik,Bilgi,Takım,Jenerik,İngilizce,Head,Takım Jenerik,Uzun Kuyruk
fc twente,Avrupa Ligi Elemeleri,Futbol,Lig,Kıta Üstü,Uzun Kuyruk,Erkek,Kulüp,Takım Sporu,Avrupa,Yabancı,Yok,TV+ Var,Yıllık,Sürekli Lig,Takım Jenerik,Bilgi,Takım,Jenerik,İngilizce,Head,Takım Jenerik,Uzun Kuyruk
fc universitatea cluj,Avrupa Ligi Elemeleri,Futbol,Lig,Kıta Üstü,Uzun Kuyruk,Erkek,Kulüp,Takım Sporu,Avrupa,Yabancı,Yok,TV+ Var,Yıllık,Sürekli Lig,Takım Jenerik,Bilgi,Takım,Jenerik,İngilizce,Body,Takım Jenerik,Uzun Kuyruk
fc viktoria plzeň,Avrupa Ligi Elemeleri,Futbol,Lig,Kıta Üstü,Uzun Kuyruk,Erkek,Kulüp,Takım Sporu,Avrupa,Yabancı,Yok,TV+ Var,Yıllık,Sürekli Lig,Takım Jenerik,Bilgi,Takım,Jenerik,Türkçe,Body,Takım Jenerik,Uzun Kuyruk
fk kauno žalgiris,Avrupa Ligi Elemeleri,Futbol,Lig,Kıta Üstü,Uzun Kuyruk,Erkek,Kulüp,Takım Sporu,Avrupa,Yabancı,Yok,TV+ Var,Yıllık,Sürekli Lig,Takım Jenerik,Bilgi,Takım,Jenerik,Türkçe,Body,Takım Jenerik,Uzun Kuyruk
fk vojvodina,Avrupa Ligi Elemeleri,Futbol,Lig,Kıta Üstü,Uzun Kuyruk,Erkek,Kulüp,Takım Sporu,Avrupa,Yabancı,Yok,TV+ Var,Yıllık,Sürekli Lig,Takım Jenerik,Bilgi,Takım,Jenerik,İngilizce,Head,Takım Jenerik,Uzun Kuyruk
ferencváros stadion,Avrupa Ligi Elemeleri,Futbol,Lig,Kıta Üstü,Uzun Kuyruk,Erkek,Kulüp,Takım Sporu,Avrupa,Yabancı,Yok,TV+ Var,Yıllık,Sürekli Lig,Takım Jenerik,Bilgi,Takım,Jenerik,Türkçe,Head,Takım Jenerik,Uzun Kuyruk
ferencvárosi tc,Avrupa Ligi Elemeleri,Futbol,Lig,Kıta Üstü,Uzun Kuyruk,Erkek,Kulüp,Takım Sporu,Avrupa,Yabancı,Yok,TV+ Var,Yıllık,Sürekli Lig,Takım Jenerik,Bilgi,Takım,Jenerik,Türkçe,Head,Takım Jenerik,Uzun Kuyruk
georgi kabakov,Avrupa Ligi Elemeleri,Futbol,Lig,Kıta Üstü,Uzun Kuyruk,Erkek,Kulüp,Takım Sporu,Avrupa,Yabancı,Yok,TV+ Var,Yıllık,Sürekli Lig,Takım Jenerik,Bilgi,Takım,Jenerik,İngilizce,Head,Takım Jenerik,Uzun Kuyruk
giannis konstantelias,Avrupa Ligi Elemeleri,Futbol,Lig,Kıta Üstü,Uzun Kuyruk,Erkek,Kulüp,Takım Sporu,Avrupa,Yabancı,Yok,TV+ Var,Yıllık,Sürekli Lig,Takım Jenerik,Bilgi,Takım,Jenerik,İngilizce,Head,Takım Jenerik,Uzun Kuyruk
graham burke,Avrupa Ligi Elemeleri,Futbol,Lig,Kıta Üstü,Uzun Kuyruk,Erkek,Kulüp,Takım Sporu,Avrupa,Yabancı,Yok,TV+ Var,Yıllık,Sürekli Lig,Takım Jenerik,Bilgi,Takım,Jenerik,İngilizce,Head,Takım Jenerik,Uzun Kuyruk
górnik zabrze,Avrupa Ligi Elemeleri,Futbol,Lig,Kıta Üstü,Uzun Kuyruk,Erkek,Kulüp,Takım Sporu,Avrupa,Yabancı,Yok,TV+ Var,Yıllık,Sürekli Lig,Takım Jenerik,Bilgi,Takım,Jenerik,Türkçe,Head,Takım Jenerik,Uzun Kuyruk
hnk hajduk split,Avrupa Ligi Elemeleri,Futbol,Lig,Kıta Üstü,Uzun Kuyruk,Erkek,Kulüp,Takım Sporu,Avrupa,Yabancı,Yok,TV+ Var,Yıllık,Sürekli Lig,Takım Jenerik,Bilgi,Takım,Jenerik,İngilizce,Body,Takım Jenerik,Uzun Kuyruk
hammarby fotboll,Avrupa Ligi Elemeleri,Futbol,Lig,Kıta Üstü,Uzun Kuyruk,Erkek,Kulüp,Takım Sporu,Avrupa,Yabancı,Yok,TV+ Var,Yıllık,Sürekli Lig,Takım Jenerik,Bilgi,Takım,Jenerik,İngilizce,Head,Takım Jenerik,Uzun Kuyruk
haris tabaković,Avrupa Ligi Elemeleri,Futbol,Lig,Kıta Üstü,Uzun Kuyruk,Erkek,Kulüp,Takım Sporu,Avrupa,Yabancı,Yok,TV+ Var,Yıllık,Sürekli Lig,Takım Jenerik,Bilgi,Takım,Jenerik,Türkçe,Head,Takım Jenerik,Uzun Kuyruk
heart of midlothian,Avrupa Ligi Elemeleri,Futbol,Lig,Kıta Üstü,Uzun Kuyruk,Erkek,Kulüp,Takım Sporu,Avrupa,Yabancı,Yok,TV+ Var,Yıllık,Sürekli Lig,Takım Jenerik,Bilgi,Takım,Jenerik,İngilizce,Body,Takım Jenerik,Uzun Kuyruk
hradec králové,Avrupa Ligi Elemeleri,Futbol,Lig,Kıta Üstü,Uzun Kuyruk,Erkek,Kulüp,Takım Sporu,Avrupa,Yabancı,Yok,TV+ Var,Yıllık,Sürekli Lig,Takım Jenerik,Bilgi,Takım,Jenerik,Türkçe,Head,Takım Jenerik,Uzun Kuyruk
igor pajač,Avrupa Ligi Elemeleri,Futbol,Lig,Kıta Üstü,Uzun Kuyruk,Erkek,Kulüp,Takım Sporu,Avrupa,Yabancı,Yok,TV+ Var,Yıllık,Sürekli Lig,Takım Jenerik,Bilgi,Takım,Jenerik,Türkçe,Head,Takım Jenerik,Uzun Kuyruk
ioannis pittas,Avrupa Ligi Elemeleri,Futbol,Lig,Kıta Üstü,Uzun Kuyruk,Erkek,Kulüp,Takım Sporu,Avrupa,Yabancı,Yok,TV+ Var,Yıllık,Sürekli Lig,Takım Jenerik,Bilgi,Takım,Jenerik,İngilizce,Head,Takım Jenerik,Uzun Kuyruk
istanbul,Avrupa Ligi Elemeleri,Futbol,Lig,Kıta Üstü,Uzun Kuyruk,Erkek,Kulüp,Takım Sporu,Avrupa,Yabancı,Yok,TV+ Var,Yıllık,Sürekli Lig,Takım Jenerik,Bilgi,Takım,Jenerik,İngilizce,Head,Takım Jenerik,Uzun Kuyruk
jagiellonia białystok,Avrupa Ligi Elemeleri,Futbol,Lig,Kıta Üstü,Uzun Kuyruk,Erkek,Kulüp,Takım Sporu,Avrupa,Yabancı,Yok,TV+ Var,Yıllık,Sürekli Lig,Takım Jenerik,Bilgi,Takım,Jenerik,Türkçe,Head,Takım Jenerik,Uzun Kuyruk
jaly mouaddib,Avrupa Ligi Elemeleri,Futbol,Lig,Kıta Üstü,Uzun Kuyruk,Erkek,Kulüp,Takım Sporu,Avrupa,Yabancı,Yok,TV+ Var,Yıllık,Sürekli Lig,Takım Jenerik,Bilgi,Takım,Jenerik,İngilizce,Head,Takım Jenerik,Uzun Kuyruk
joão pinheiro,Avrupa Ligi Elemeleri,Futbol,Lig,Kıta Üstü,Uzun Kuyruk,Erkek,Kulüp,Takım Sporu,Avrupa,Yabancı,Yok,TV+ Var,Yıllık,Sürekli Lig,Takım Jenerik,Bilgi,Takım,Jenerik,Türkçe,Head,Takım Jenerik,Uzun Kuyruk
justin lonwijk,Avrupa Ligi Elemeleri,Futbol,Lig,Kıta Üstü,Uzun Kuyruk,Erkek,Kulüp,Takım Sporu,Avrupa,Yabancı,Yok,TV+ Var,Yıllık,Sürekli Lig,Takım Jenerik,Bilgi,Takım,Jenerik,İngilizce,Head,Takım Jenerik,Uzun Kuyruk
kf egnatia,Avrupa Ligi Elemeleri,Futbol,Lig,Kıta Üstü,Uzun Kuyruk,Erkek,Kulüp,Takım Sporu,Avrupa,Yabancı,Yok,TV+ Var,Yıllık,Sürekli Lig,Takım Jenerik,Bilgi,Takım,Jenerik,İngilizce,Head,Takım Jenerik,Uzun Kuyruk
kf egnatia rrogozhinë,Avrupa Ligi Elemeleri,Futbol,Lig,Kıta Üstü,Uzun Kuyruk,Erkek,Kulüp,Takım Sporu,Avrupa,Yabancı,Yok,TV+ Var,Yıllık,Sürekli Lig,Takım Jenerik,Bilgi,Takım,Jenerik,Türkçe,Body,Takım Jenerik,Uzun Kuyruk
klaksvíkar ítróttarfelag,Avrupa Ligi Elemeleri,Futbol,Lig,Kıta Üstü,Uzun Kuyruk,Erkek,Kulüp,Takım Sporu,Avrupa,Yabancı,Yok,TV+ Var,Yıllık,Sürekli Lig,Takım Jenerik,Bilgi,Takım,Jenerik,Türkçe,Head,Takım Jenerik,Uzun Kuyruk
knattspyrnufélagið víkingur,Avrupa Ligi Elemeleri,Futbol,Lig,Kıta Üstü,Uzun Kuyruk,Erkek,Kulüp,Takım Sporu,Avrupa,Yabancı,Yok,TV+ Var,Yıllık,Sürekli Lig,Takım Jenerik,Bilgi,Takım,Jenerik,Türkçe,Head,Takım Jenerik,Uzun Kuyruk
kristoffer zachariassen,Avrupa Ligi Elemeleri,Futbol,Lig,Kıta Üstü,Uzun Kuyruk,Erkek,Kulüp,Takım Sporu,Avrupa,Yabancı,Yok,TV+ Var,Yıllık,Sürekli Lig,Takım Jenerik,Bilgi,Takım,Jenerik,İngilizce,Head,Takım Jenerik,Uzun Kuyruk
kuopion palloseura,Avrupa Ligi Elemeleri,Futbol,Lig,Kıta Üstü,Uzun Kuyruk,Erkek,Kulüp,Takım Sporu,Avrupa,Yabancı,Yok,TV+ Var,Yıllık,Sürekli Lig,Takım Jenerik,Bilgi,Takım,Jenerik,İngilizce,Head,Takım Jenerik,Uzun Kuyruk
kyriakos athanasiou,Avrupa Ligi Elemeleri,Futbol,Lig,Kıta Üstü,Uzun Kuyruk,Erkek,Kulüp,Takım Sporu,Avrupa,Yabancı,Yok,TV+ Var,Yıllık,Sürekli Lig,Takım Jenerik,Bilgi,Takım,Jenerik,İngilizce,Head,Takım Jenerik,Uzun Kuyruk
larne,Avrupa Ligi Elemeleri,Futbol,Lig,Kıta Üstü,Uzun Kuyruk,Erkek,Kulüp,Takım Sporu,Avrupa,Yabancı,Yok,TV+ Var,Yıllık,Sürekli Lig,Takım Jenerik,Bilgi,Takım,Jenerik,İngilizce,Head,Takım Jenerik,Uzun Kuyruk
lech poznań,Avrupa Ligi Elemeleri,Futbol,Lig,Kıta Üstü,Uzun Kuyruk,Erkek,Kulüp,Takım Sporu,Avrupa,Yabancı,Yok,TV+ Var,Yıllık,Sürekli Lig,Takım Jenerik,Bilgi,Takım,Jenerik,Türkçe,Head,Takım Jenerik,Uzun Kuyruk
lenny joseph,Avrupa Ligi Elemeleri,Futbol,Lig,Kıta Üstü,Uzun Kuyruk,Erkek,Kulüp,Takım Sporu,Avrupa,Yabancı,Yok,TV+ Var,Yıllık,Sürekli Lig,Takım Jenerik,Bilgi,Takım,Jenerik,İngilizce,Head,Takım Jenerik,Uzun Kuyruk
lillestrøm,Avrupa Ligi Elemeleri,Futbol,Lig,Kıta Üstü,Uzun Kuyruk,Erkek,Kulüp,Takım Sporu,Avrupa,Yabancı,Yok,TV+ Var,Yıllık,Sürekli Lig,Takım Jenerik,Bilgi,Takım,Jenerik,Türkçe,Head,Takım Jenerik,Uzun Kuyruk
limassol,Avrupa Ligi Elemeleri,Futbol,Lig,Kıta Üstü,Uzun Kuyruk,Erkek,Kulüp,Takım Sporu,Avrupa,Yabancı,Yok,TV+ Var,Yıllık,Sürekli Lig,Takım Jenerik,Bilgi,Takım,Jenerik,İngilizce,Head,Takım Jenerik,Uzun Kuyruk
lincoln red imps,Avrupa Ligi Elemeleri,Futbol,Lig,Kıta Üstü,Uzun Kuyruk,Erkek,Kulüp,Takım Sporu,Avrupa,Yabancı,Yok,TV+ Var,Yıllık,Sürekli Lig,Takım Jenerik,Bilgi,Takım,Jenerik,İngilizce,Body,Takım Jenerik,Uzun Kuyruk
lisbon,Avrupa Ligi Elemeleri,Futbol,Lig,Kıta Üstü,Uzun Kuyruk,Erkek,Kulüp,Takım Sporu,Avrupa,Yabancı,Yok,TV+ Var,Yıllık,Sürekli Lig,Takım Jenerik,Bilgi,Takım,Jenerik,İngilizce,Head,Takım Jenerik,Uzun Kuyruk
lublin,Avrupa Ligi Elemeleri,Futbol,Lig,Kıta Üstü,Uzun Kuyruk,Erkek,Kulüp,Takım Sporu,Avrupa,Yabancı,Yok,TV+ Var,Yıllık,Sürekli Lig,Takım Jenerik,Bilgi,Takım,Jenerik,İngilizce,Head,Takım Jenerik,Uzun Kuyruk
lukáš ambros,Avrupa Ligi Elemeleri,Futbol,Lig,Kıta Üstü,Uzun Kuyruk,Erkek,Kulüp,Takım Sporu,Avrupa,Yabancı,Yok,TV+ Var,Yıllık,Sürekli Lig,Takım Jenerik,Bilgi,Takım,Jenerik,Türkçe,Head,Takım Jenerik,Uzun Kuyruk
maccabi tel aviv,Avrupa Ligi Elemeleri,Futbol,Lig,Kıta Üstü,Uzun Kuyruk,Erkek,Kulüp,Takım Sporu,Avrupa,Yabancı,Yok,TV+ Var,Yıllık,Sürekli Lig,Takım Jenerik,Bilgi,Takım,Jenerik,İngilizce,Body,Takım Jenerik,Uzun Kuyruk
malšovická aréna,Avrupa Ligi Elemeleri,Futbol,Lig,Kıta Üstü,Uzun Kuyruk,Erkek,Kulüp,Takım Sporu,Avrupa,Yabancı,Yok,TV+ Var,Yıllık,Sürekli Lig,Takım Jenerik,Bilgi,Takım,Jenerik,Türkçe,Head,Takım Jenerik,Uzun Kuyruk
mick van buren,Avrupa Ligi Elemeleri,Futbol,Lig,Kıta Üstü,Uzun Kuyruk,Erkek,Kulüp,Takım Sporu,Avrupa,Yabancı,Yok,TV+ Var,Yıllık,Sürekli Lig,Takım Jenerik,Bilgi,Takım,Jenerik,İngilizce,Body,Takım Jenerik,Uzun Kuyruk
mihajlo cvetković,Avrupa Ligi Elemeleri,Futbol,Lig,Kıta Üstü,Uzun Kuyruk,Erkek,Kulüp,Takım Sporu,Avrupa,Yabancı,Yok,TV+ Var,Yıllık,Sürekli Lig,Takım Jenerik,Bilgi,Takım,Jenerik,Türkçe,Head,Takım Jenerik,Uzun Kuyruk
mjällby aif,Avrupa Ligi Elemeleri,Futbol,Lig,Kıta Üstü,Uzun Kuyruk,Erkek,Kulüp,Takım Sporu,Avrupa,Yabancı,Yok,TV+ Var,Yıllık,Sürekli Lig,Takım Jenerik,Bilgi,Takım,Jenerik,Türkçe,Head,Takım Jenerik,Uzun Kuyruk
mšk žilina,Avrupa Ligi Elemeleri,Futbol,Lig,Kıta Üstü,Uzun Kuyruk,Erkek,Kulüp,Takım Sporu,Avrupa,Yabancı,Yok,TV+ Var,Yıllık,Sürekli Lig,Takım Jenerik,Bilgi,Takım,Jenerik,Türkçe,Head,Takım Jenerik,Uzun Kuyruk
nk aluminij,Avrupa Ligi Elemeleri,Futbol,Lig,Kıta Üstü,Uzun Kuyruk,Erkek,Kulüp,Takım Sporu,Avrupa,Yabancı,Yok,TV+ Var,Yıllık,Sürekli Lig,Takım Jenerik,Bilgi,Takım,Jenerik,İngilizce,Head,Takım Jenerik,Uzun Kuyruk
nicosia,Avrupa Ligi Elemeleri,Futbol,Lig,Kıta Üstü,Uzun Kuyruk,Erkek,Kulüp,Takım Sporu,Avrupa,Yabancı,Yok,TV+ Var,Yıllık,Sürekli Lig,Takım Jenerik,Bilgi,Takım,Jenerik,İngilizce,Head,Takım Jenerik,Uzun Kuyruk
nikola dabanović,Avrupa Ligi Elemeleri,Futbol,Lig,Kıta Üstü,Uzun Kuyruk,Erkek,Kulüp,Takım Sporu,Avrupa,Yabancı,Yok,TV+ Var,Yıllık,Sürekli Lig,Takım Jenerik,Bilgi,Takım,Jenerik,Türkçe,Head,Takım Jenerik,Uzun Kuyruk
ofi crete,Avrupa Ligi Elemeleri,Futbol,Lig,Kıta Üstü,Uzun Kuyruk,Erkek,Kulüp,Takım Sporu,Avrupa,Yabancı,Yok,TV+ Var,Yıllık,Sürekli Lig,Takım Jenerik,Bilgi,Takım,Jenerik,İngilizce,Head,Takım Jenerik,Uzun Kuyruk
orkun kökçü,Avrupa Ligi Elemeleri,Futbol,Lig,Kıta Üstü,Uzun Kuyruk,Erkek,Kulüp,Takım Sporu,Avrupa,Yabancı,Yok,TV+ Var,Yıllık,Sürekli Lig,Takım Jenerik,Bilgi,Takım,Jenerik,Türkçe,Head,Takım Jenerik,Uzun Kuyruk
paok,Avrupa Ligi Elemeleri,Futbol,Lig,Kıta Üstü,Uzun Kuyruk,Erkek,Kulüp,Takım Sporu,Avrupa,Yabancı,Yok,TV+ Var,Yıllık,Sürekli Lig,Takım Jenerik,Bilgi,Takım,Jenerik,İngilizce,Head,Takım Jenerik,Uzun Kuyruk
pfc cska sofia,Avrupa Ligi Elemeleri,Futbol,Lig,Kıta Üstü,Uzun Kuyruk,Erkek,Kulüp,Takım Sporu,Avrupa,Yabancı,Yok,TV+ Var,Yıllık,Sürekli Lig,Takım Jenerik,Bilgi,Takım,Jenerik,İngilizce,Body,Takım Jenerik,Uzun Kuyruk
pafos,Avrupa Ligi Elemeleri,Futbol,Lig,Kıta Üstü,Uzun Kuyruk,Erkek,Kulüp,Takım Sporu,Avrupa,Yabancı,Yok,TV+ Var,Yıllık,Sürekli Lig,Takım Jenerik,Bilgi,Takım,Jenerik,İngilizce,Head,Takım Jenerik,Uzun Kuyruk
patrik wålemark,Avrupa Ligi Elemeleri,Futbol,Lig,Kıta Üstü,Uzun Kuyruk,Erkek,Kulüp,Takım Sporu,Avrupa,Yabancı,Yok,TV+ Var,Yıllık,Sürekli Lig,Takım Jenerik,Bilgi,Takım,Jenerik,Türkçe,Head,Takım Jenerik,Uzun Kuyruk
poznań,Avrupa Ligi Elemeleri,Futbol,Lig,Kıta Üstü,Uzun Kuyruk,Erkek,Kulüp,Takım Sporu,Avrupa,Yabancı,Yok,TV+ Var,Yıllık,Sürekli Lig,Takım Jenerik,Bilgi,Takım,Jenerik,Türkçe,Head,Takım Jenerik,Uzun Kuyruk
qarabağ,Avrupa Ligi Elemeleri,Futbol,Lig,Kıta Üstü,Uzun Kuyruk,Erkek,Kulüp,Takım Sporu,Avrupa,Yabancı,Yok,TV+ Var,Yıllık,Sürekli Lig,Takım Jenerik,Bilgi,Takım,Jenerik,Türkçe,Head,Takım Jenerik,Uzun Kuyruk
rsc anderlecht,Avrupa Ligi Elemeleri,Futbol,Lig,Kıta Üstü,Uzun Kuyruk,Erkek,Kulüp,Takım Sporu,Avrupa,Yabancı,Yok,TV+ Var,Yıllık,Sürekli Lig,Takım Jenerik,Bilgi,Takım,Jenerik,İngilizce,Head,Takım Jenerik,Uzun Kuyruk
rafa silva,Avrupa Ligi Elemeleri,Futbol,Lig,Kıta Üstü,Uzun Kuyruk,Erkek,Kulüp,Takım Sporu,Avrupa,Yabancı,Yok,TV+ Var,Yıllık,Sürekli Lig,Takım Jenerik,Bilgi,Takım,Jenerik,İngilizce,Head,Takım Jenerik,Uzun Kuyruk
rangers,Avrupa Ligi Elemeleri,Futbol,Lig,Kıta Üstü,Uzun Kuyruk,Erkek,Kulüp,Takım Sporu,Avrupa,Yabancı,Yok,TV+ Var,Yıllık,Sürekli Lig,Takım Jenerik,Bilgi,Takım,Jenerik,İngilizce,Head,Takım Jenerik,Uzun Kuyruk
red bull arena,Avrupa Ligi Elemeleri,Futbol,Lig,Kıta Üstü,Uzun Kuyruk,Erkek,Kulüp,Takım Sporu,Avrupa,Yabancı,Yok,TV+ Var,Yıllık,Sürekli Lig,Takım Jenerik,Bilgi,Takım,Jenerik,İngilizce,Body,Takım Jenerik,Uzun Kuyruk
red star belgrade,Avrupa Ligi Elemeleri,Futbol,Lig,Kıta Üstü,Uzun Kuyruk,Erkek,Kulüp,Takım Sporu,Avrupa,Yabancı,Yok,TV+ Var,Yıllık,Sürekli Lig,Takım Jenerik,Bilgi,Takım,Jenerik,İngilizce,Body,Takım Jenerik,Uzun Kuyruk
renaldo cephas,Avrupa Ligi Elemeleri,Futbol,Lig,Kıta Üstü,Uzun Kuyruk,Erkek,Kulüp,Takım Sporu,Avrupa,Yabancı,Yok,TV+ Var,Yıllık,Sürekli Lig,Takım Jenerik,Bilgi,Takım,Jenerik,İngilizce,Head,Takım Jenerik,Uzun Kuyruk
reykjavík,Avrupa Ligi Elemeleri,Futbol,Lig,Kıta Üstü,Uzun Kuyruk,Erkek,Kulüp,Takım Sporu,Avrupa,Yabancı,Yok,TV+ Var,Yıllık,Sürekli Lig,Takım Jenerik,Bilgi,Takım,Jenerik,Türkçe,Head,Takım Jenerik,Uzun Kuyruk
ricardo de burgos bengoetxea,Avrupa Ligi Elemeleri,Futbol,Lig,Kıta Üstü,Uzun Kuyruk,Erkek,Kulüp,Takım Sporu,Avrupa,Yabancı,Yok,TV+ Var,Yıllık,Sürekli Lig,Takım Jenerik,Bilgi,Takım,Jenerik,İngilizce,Body,Takım Jenerik,Uzun Kuyruk
rrogozhinë,Avrupa Ligi Elemeleri,Futbol,Lig,Kıta Üstü,Uzun Kuyruk,Erkek,Kulüp,Takım Sporu,Avrupa,Yabancı,Yok,TV+ Var,Yıllık,Sürekli Lig,Takım Jenerik,Bilgi,Takım,Jenerik,Türkçe,Head,Takım Jenerik,Uzun Kuyruk
s.l. benfica,Avrupa Ligi Elemeleri,Futbol,Lig,Kıta Üstü,Uzun Kuyruk,Erkek,Kulüp,Takım Sporu,Avrupa,Yabancı,Yok,TV+ Var,Yıllık,Sürekli Lig,Takım Jenerik,Bilgi,Takım,Jenerik,İngilizce,Head,Takım Jenerik,Uzun Kuyruk
salzburg,Avrupa Ligi Elemeleri,Futbol,Lig,Kıta Üstü,Uzun Kuyruk,Erkek,Kulüp,Takım Sporu,Avrupa,Yabancı,Yok,TV+ Var,Yıllık,Sürekli Lig,Takım Jenerik,Bilgi,Takım,Jenerik,İngilizce,Head,Takım Jenerik,Uzun Kuyruk
sebastian gishamer,Avrupa Ligi Elemeleri,Futbol,Lig,Kıta Üstü,Uzun Kuyruk,Erkek,Kulüp,Takım Sporu,Avrupa,Yabancı,Yok,TV+ Var,Yıllık,Sürekli Lig,Takım Jenerik,Bilgi,Takım,Jenerik,İngilizce,Head,Takım Jenerik,Uzun Kuyruk
shamrock rovers,Avrupa Ligi Elemeleri,Futbol,Lig,Kıta Üstü,Uzun Kuyruk,Erkek,Kulüp,Takım Sporu,Avrupa,Yabancı,Yok,TV+ Var,Yıllık,Sürekli Lig,Takım Jenerik,Bilgi,Takım,Jenerik,İngilizce,Head,Takım Jenerik,Uzun Kuyruk
sheriff arena,Avrupa Ligi Elemeleri,Futbol,Lig,Kıta Üstü,Uzun Kuyruk,Erkek,Kulüp,Takım Sporu,Avrupa,Yabancı,Yok,TV+ Var,Yıllık,Sürekli Lig,Takım Jenerik,Bilgi,Takım,Jenerik,İngilizce,Head,Takım Jenerik,Uzun Kuyruk
simone sozza,Avrupa Ligi Elemeleri,Futbol,Lig,Kıta Üstü,Uzun Kuyruk,Erkek,Kulüp,Takım Sporu,Avrupa,Yabancı,Yok,TV+ Var,Yıllık,Sürekli Lig,Takım Jenerik,Bilgi,Takım,Jenerik,İngilizce,Head,Takım Jenerik,Uzun Kuyruk
sint-truidense vv,Avrupa Ligi Elemeleri,Futbol,Lig,Kıta Üstü,Uzun Kuyruk,Erkek,Kulüp,Takım Sporu,Avrupa,Yabancı,Yok,TV+ Var,Yıllık,Sürekli Lig,Takım Jenerik,Bilgi,Takım,Jenerik,İngilizce,Head,Takım Jenerik,Uzun Kuyruk
sofia,Avrupa Ligi Elemeleri,Futbol,Lig,Kıta Üstü,Uzun Kuyruk,Erkek,Kulüp,Takım Sporu,Avrupa,Yabancı,Yok,TV+ Var,Yıllık,Sürekli Lig,Takım Jenerik,Bilgi,Takım,Jenerik,İngilizce,Head,Takım Jenerik,Uzun Kuyruk
"split, croatia",Avrupa Ligi Elemeleri,Futbol,Lig,Kıta Üstü,Uzun Kuyruk,Erkek,Kulüp,Takım Sporu,Avrupa,Yabancı,Yok,TV+ Var,Yıllık,Sürekli Lig,Takım Jenerik,Bilgi,Takım,Jenerik,Türkçe,Head,Takım Jenerik,Uzun Kuyruk
stadion miejski,Avrupa Ligi Elemeleri,Futbol,Lig,Kıta Üstü,Uzun Kuyruk,Erkek,Kulüp,Takım Sporu,Avrupa,Yabancı,Yok,TV+ Var,Yıllık,Sürekli Lig,Takım Jenerik,Bilgi,Takım,Jenerik,İngilizce,Head,Takım Jenerik,Uzun Kuyruk
stadion poljud,Avrupa Ligi Elemeleri,Futbol,Lig,Kıta Üstü,Uzun Kuyruk,Erkek,Kulüp,Takım Sporu,Avrupa,Yabancı,Yok,TV+ Var,Yıllık,Sürekli Lig,Takım Jenerik,Bilgi,Takım,Jenerik,İngilizce,Head,Takım Jenerik,Uzun Kuyruk
stefano sensi,Avrupa Ligi Elemeleri,Futbol,Lig,Kıta Üstü,Uzun Kuyruk,Erkek,Kulüp,Takım Sporu,Avrupa,Yabancı,Yok,TV+ Var,Yıllık,Sürekli Lig,Takım Jenerik,Bilgi,Takım,Jenerik,İngilizce,Head,Takım Jenerik,Uzun Kuyruk
stockhorn arena,Avrupa Ligi Elemeleri,Futbol,Lig,Kıta Üstü,Uzun Kuyruk,Erkek,Kulüp,Takım Sporu,Avrupa,Yabancı,Yok,TV+ Var,Yıllık,Sürekli Lig,Takım Jenerik,Bilgi,Takım,Jenerik,İngilizce,Head,Takım Jenerik,Uzun Kuyruk
tbilisi,Avrupa Ligi Elemeleri,Futbol,Lig,Kıta Üstü,Uzun Kuyruk,Erkek,Kulüp,Takım Sporu,Avrupa,Yabancı,Yok,TV+ Var,Yıllık,Sürekli Lig,Takım Jenerik,Bilgi,Takım,Jenerik,İngilizce,Head,Takım Jenerik,Uzun Kuyruk
thessaloniki,Avrupa Ligi Elemeleri,Futbol,Lig,Kıta Üstü,Uzun Kuyruk,Erkek,Kulüp,Takım Sporu,Avrupa,Yabancı,Yok,TV+ Var,Yıllık,Sürekli Lig,Takım Jenerik,Bilgi,Takım,Jenerik,İngilizce,Head,Takım Jenerik,Uzun Kuyruk
thun,Avrupa Ligi Elemeleri,Futbol,Lig,Kıta Üstü,Uzun Kuyruk,Erkek,Kulüp,Takım Sporu,Avrupa,Yabancı,Yok,TV+ Var,Yıllık,Sürekli Lig,Takım Jenerik,Bilgi,Takım,Jenerik,İngilizce,Head,Takım Jenerik,Uzun Kuyruk
tiraspol,Avrupa Ligi Elemeleri,Futbol,Lig,Kıta Üstü,Uzun Kuyruk,Erkek,Kulüp,Takım Sporu,Avrupa,Yabancı,Yok,TV+ Var,Yıllık,Sürekli Lig,Takım Jenerik,Bilgi,Takım,Jenerik,İngilizce,Head,Takım Jenerik,Uzun Kuyruk
toon raemaekers,Avrupa Ligi Elemeleri,Futbol,Lig,Kıta Üstü,Uzun Kuyruk,Erkek,Kulüp,Takım Sporu,Avrupa,Yabancı,Yok,TV+ Var,Yıllık,Sürekli Lig,Takım Jenerik,Bilgi,Takım,Jenerik,İngilizce,Head,Takım Jenerik,Uzun Kuyruk
trabzonspor,Avrupa Ligi Elemeleri,Futbol,Lig,Kıta Üstü,Uzun Kuyruk,Erkek,Kulüp,Takım Sporu,Avrupa,Yabancı,Yok,TV+ Var,Yıllık,Sürekli Lig,Takım Jenerik,Bilgi,Takım,Jenerik,İngilizce,Head,Takım Jenerik,Uzun Kuyruk
tromsø il,Avrupa Ligi Elemeleri,Futbol,Lig,Kıta Üstü,Uzun Kuyruk,Erkek,Kulüp,Takım Sporu,Avrupa,Yabancı,Yok,TV+ Var,Yıllık,Sürekli Lig,Takım Jenerik,Bilgi,Takım,Jenerik,Türkçe,Head,Takım Jenerik,Uzun Kuyruk
utc+00:00,Avrupa Ligi Elemeleri,Futbol,Lig,Kıta Üstü,Uzun Kuyruk,Erkek,Kulüp,Takım Sporu,Avrupa,Yabancı,Yok,TV+ Var,Yıllık,Sürekli Lig,Takım Jenerik,Bilgi,Takım,Jenerik,Türkçe,Head,Takım Jenerik,Uzun Kuyruk
utc+01:00,Avrupa Ligi Elemeleri,Futbol,Lig,Kıta Üstü,Uzun Kuyruk,Erkek,Kulüp,Takım Sporu,Avrupa,Yabancı,Yok,TV+ Var,Yıllık,Sürekli Lig,Takım Jenerik,Bilgi,Takım,Jenerik,Türkçe,Head,Takım Jenerik,Uzun Kuyruk
utc+03:00,Avrupa Ligi Elemeleri,Futbol,Lig,Kıta Üstü,Uzun Kuyruk,Erkek,Kulüp,Takım Sporu,Avrupa,Yabancı,Yok,TV+ Var,Yıllık,Sürekli Lig,Takım Jenerik,Bilgi,Takım,Jenerik,Türkçe,Head,Takım Jenerik,Uzun Kuyruk
utc+04:00,Avrupa Ligi Elemeleri,Futbol,Lig,Kıta Üstü,Uzun Kuyruk,Erkek,Kulüp,Takım Sporu,Avrupa,Yabancı,Yok,TV+ Var,Yıllık,Sürekli Lig,Takım Jenerik,Bilgi,Takım,Jenerik,Türkçe,Head,Takım Jenerik,Uzun Kuyruk
vangelis pavlidis,Avrupa Ligi Elemeleri,Futbol,Lig,Kıta Üstü,Uzun Kuyruk,Erkek,Kulüp,Takım Sporu,Avrupa,Yabancı,Yok,TV+ Var,Yıllık,Sürekli Lig,Takım Jenerik,Bilgi,Takım,Jenerik,İngilizce,Head,Takım Jenerik,Uzun Kuyruk
volodymyr brazhko,Avrupa Ligi Elemeleri,Futbol,Lig,Kıta Üstü,Uzun Kuyruk,Erkek,Kulüp,Takım Sporu,Avrupa,Yabancı,Yok,TV+ Var,Yıllık,Sürekli Lig,Takım Jenerik,Bilgi,Takım,Jenerik,İngilizce,Head,Takım Jenerik,Uzun Kuyruk
zakaria sawo,Avrupa Ligi Elemeleri,Futbol,Lig,Kıta Üstü,Uzun Kuyruk,Erkek,Kulüp,Takım Sporu,Avrupa,Yabancı,Yok,TV+ Var,Yıllık,Sürekli Lig,Takım Jenerik,Bilgi,Takım,Jenerik,İngilizce,Head,Takım Jenerik,Uzun Kuyruk
