keyword,organizasyon,spor_dali,musabaka_tipi,lig_seviyesi,prestij_katmani,cinsiyet,kulup_milli,takim_bireysel,cografya,yerlilik,turk_baglantisi,yayin_hakki,periyodiklik,takvim_tipi,sayfa_tipi,intent_katmani,entity_tipi,marka_tipi,dil,sorgu_uzunlugu,varyant_kodu
süper lig,Süper Lig,Futbol,Lig,1. Seviye,Global Elit,Erkek,Kulüp,Takım Sporu,Türkiye,Yerli,Türk Takımı Var,TV+ Yok,Yıllık,Sürekli Lig,Jenerik,Bilgi,Lig/Organizasyon,Jenerik,Türkçe,Head,jen
süper lig puan durumu,Süper Lig,Futbol,Lig,1. Seviye,Global Elit,Erkek,Kulüp,Takım Sporu,Türkiye,Yerli,Türk Takımı Var,TV+ Yok,Yıllık,Sürekli Lig,Puan Durumu,Bilgi,Lig/Organizasyon,Jenerik,Türkçe,Body,pd
süper lig fikstür,Süper Lig,Futbol,Lig,1. Seviye,Global Elit,Erkek,Kulüp,Takım Sporu,Türkiye,Yerli,Türk Takımı Var,TV+ Yok,Yıllık,Sürekli Lig,Fikstür,Bilgi,Lig/Organizasyon,Jenerik,Türkçe,Body,fik
süper lig maç sonuçları,Süper Lig,Futbol,Lig,1. Seviye,Global Elit,Erkek,Kulüp,Takım Sporu,Türkiye,Yerli,Türk Takımı Var,TV+ Yok,Yıllık,Sürekli Lig,Maç/Skor,Bilgi,Lig/Organizasyon,Jenerik,Türkçe,Body,mac
süper lig canlı izle,Süper Lig,Futbol,Lig,1. Seviye,Global Elit,Erkek,Kulüp,Takım Sporu,Türkiye,Yerli,Türk Takımı Var,TV+ Yok,Yıllık,Sürekli Lig,Canlı İzle,İzleme,Lig/Organizasyon,Jenerik,Türkçe,Body,izle
süper lig hangi kanalda,Süper Lig,Futbol,Lig,1. Seviye,Global Elit,Erkek,Kulüp,Takım Sporu,Türkiye,Yerli,Türk Takımı Var,TV+ Yok,Yıllık,Sürekli Lig,Kanal/Yayın,İzleme,Lig/Organizasyon,Jenerik,Türkçe,Body,kan
trendyol süper lig,Süper Lig,Futbol,Lig,1. Seviye,Global Elit,Erkek,Kulüp,Takım Sporu,Türkiye,Yerli,Türk Takımı Var,TV+ Yok,Yıllık,Sürekli Lig,Jenerik,Bilgi,Lig/Organizasyon,Jenerik,Türkçe,Body,jen
trendyol süper lig puan durumu,Süper Lig,Futbol,Lig,1. Seviye,Global Elit,Erkek,Kulüp,Takım Sporu,Türkiye,Yerli,Türk Takımı Var,TV+ Yok,Yıllık,Sürekli Lig,Puan Durumu,Bilgi,Lig/Organizasyon,Jenerik,Türkçe,Long-tail,pd
trendyol süper lig fikstür,Süper Lig,Futbol,Lig,1. Seviye,Global Elit,Erkek,Kulüp,Takım Sporu,Türkiye,Yerli,Türk Takımı Var,TV+ Yok,Yıllık,Sürekli Lig,Fikstür,Bilgi,Lig/Organizasyon,Jenerik,Türkçe,Body,fik
trendyol süper lig maç sonuçları,Süper Lig,Futbol,Lig,1. Seviye,Global Elit,Erkek,Kulüp,Takım Sporu,Türkiye,Yerli,Türk Takımı Var,TV+ Yok,Yıllık,Sürekli Lig,Maç/Skor,Bilgi,Lig/Organizasyon,Jenerik,Türkçe,Long-tail,mac
trendyol süper lig canlı izle,Süper Lig,Futbol,Lig,1. Seviye,Global Elit,Erkek,Kulüp,Takım Sporu,Türkiye,Yerli,Türk Takımı Var,TV+ Yok,Yıllık,Sürekli Lig,Canlı İzle,İzleme,Lig/Organizasyon,Jenerik,Türkçe,Long-tail,izle
trendyol süper lig hangi kanalda,Süper Lig,Futbol,Lig,1. Seviye,Global Elit,Erkek,Kulüp,Takım Sporu,Türkiye,Yerli,Türk Takımı Var,TV+ Yok,Yıllık,Sürekli Lig,Kanal/Yayın,İzleme,Lig/Organizasyon,Jenerik,Türkçe,Long-tail,kan
1. lig,TFF 1. Lig,Futbol,Lig,2. Seviye,Orta,Erkek,Kulüp,Takım Sporu,Türkiye,Yerli,Türk Takımı Var,TV+ Yok,Yıllık,Sürekli Lig,Jenerik,Bilgi,Lig/Organizasyon,Jenerik,İngilizce,Head,jen
1. lig puan durumu,TFF 1. Lig,Futbol,Lig,2. Seviye,Orta,Erkek,Kulüp,Takım Sporu,Türkiye,Yerli,Türk Takımı Var,TV+ Yok,Yıllık,Sürekli Lig,Puan Durumu,Bilgi,Lig/Organizasyon,Jenerik,İngilizce,Body,pd
1. lig fikstür,TFF 1. Lig,Futbol,Lig,2. Seviye,Orta,Erkek,Kulüp,Takım Sporu,Türkiye,Yerli,Türk Takımı Var,TV+ Yok,Yıllık,Sürekli Lig,Fikstür,Bilgi,Lig/Organizasyon,Jenerik,Türkçe,Body,fik
1. lig maç sonuçları,TFF 1. Lig,Futbol,Lig,2. Seviye,Orta,Erkek,Kulüp,Takım Sporu,Türkiye,Yerli,Türk Takımı Var,TV+ Yok,Yıllık,Sürekli Lig,Maç/Skor,Bilgi,Lig/Organizasyon,Jenerik,Türkçe,Body,mac
1. lig canlı izle,TFF 1. Lig,Futbol,Lig,2. Seviye,Orta,Erkek,Kulüp,Takım Sporu,Türkiye,Yerli,Türk Takımı Var,TV+ Yok,Yıllık,Sürekli Lig,Canlı İzle,İzleme,Lig/Organizasyon,Jenerik,Türkçe,Body,izle
1. lig hangi kanalda,TFF 1. Lig,Futbol,Lig,2. Seviye,Orta,Erkek,Kulüp,Takım Sporu,Türkiye,Yerli,Türk Takımı Var,TV+ Yok,Yıllık,Sürekli Lig,Kanal/Yayın,İzleme,Lig/Organizasyon,Jenerik,İngilizce,Body,kan
trendyol 1. lig,TFF 1. Lig,Futbol,Lig,2. Seviye,Orta,Erkek,Kulüp,Takım Sporu,Türkiye,Yerli,Türk Takımı Var,TV+ Yok,Yıllık,Sürekli Lig,Jenerik,Bilgi,Lig/Organizasyon,Jenerik,İngilizce,Body,jen
trendyol 1. lig puan durumu,TFF 1. Lig,Futbol,Lig,2. Seviye,Orta,Erkek,Kulüp,Takım Sporu,Türkiye,Yerli,Türk Takımı Var,TV+ Yok,Yıllık,Sürekli Lig,Puan Durumu,Bilgi,Lig/Organizasyon,Jenerik,İngilizce,Long-tail,pd
trendyol 1. lig fikstür,TFF 1. Lig,Futbol,Lig,2. Seviye,Orta,Erkek,Kulüp,Takım Sporu,Türkiye,Yerli,Türk Takımı Var,TV+ Yok,Yıllık,Sürekli Lig,Fikstür,Bilgi,Lig/Organizasyon,Jenerik,Türkçe,Body,fik
trendyol 1. lig maç sonuçları,TFF 1. Lig,Futbol,Lig,2. Seviye,Orta,Erkek,Kulüp,Takım Sporu,Türkiye,Yerli,Türk Takımı Var,TV+ Yok,Yıllık,Sürekli Lig,Maç/Skor,Bilgi,Lig/Organizasyon,Jenerik,Türkçe,Long-tail,mac
trendyol 1. lig canlı izle,TFF 1. Lig,Futbol,Lig,2. Seviye,Orta,Erkek,Kulüp,Takım Sporu,Türkiye,Yerli,Türk Takımı Var,TV+ Yok,Yıllık,Sürekli Lig,Canlı İzle,İzleme,Lig/Organizasyon,Jenerik,Türkçe,Long-tail,izle
trendyol 1. lig hangi kanalda,TFF 1. Lig,Futbol,Lig,2. Seviye,Orta,Erkek,Kulüp,Takım Sporu,Türkiye,Yerli,Türk Takımı Var,TV+ Yok,Yıllık,Sürekli Lig,Kanal/Yayın,İzleme,Lig/Organizasyon,Jenerik,İngilizce,Long-tail,kan
2. lig,TFF 2. Lig,Futbol,Lig,Alt Seviye,Niş,Erkek,Kulüp,Takım Sporu,Türkiye,Yerli,Türk Takımı Var,TV+ Yok,Yıllık,Sürekli Lig,Jenerik,Bilgi,Lig/Organizasyon,Jenerik,İngilizce,Head,jen
2. lig puan durumu,TFF 2. Lig,Futbol,Lig,Alt Seviye,Niş,Erkek,Kulüp,Takım Sporu,Türkiye,Yerli,Türk Takımı Var,TV+ Yok,Yıllık,Sürekli Lig,Puan Durumu,Bilgi,Lig/Organizasyon,Jenerik,İngilizce,Body,pd
2. lig fikstür,TFF 2. Lig,Futbol,Lig,Alt Seviye,Niş,Erkek,Kulüp,Takım Sporu,Türkiye,Yerli,Türk Takımı Var,TV+ Yok,Yıllık,Sürekli Lig,Fikstür,Bilgi,Lig/Organizasyon,Jenerik,Türkçe,Body,fik
3. lig,TFF 3. Lig,Futbol,Lig,Alt Seviye,Niş,Erkek,Kulüp,Takım Sporu,Türkiye,Yerli,Türk Takımı Var,TV+ Yok,Yıllık,Sürekli Lig,Jenerik,Bilgi,Lig/Organizasyon,Jenerik,İngilizce,Head,jen
3. lig puan durumu,TFF 3. Lig,Futbol,Lig,Alt Seviye,Niş,Erkek,Kulüp,Takım Sporu,Türkiye,Yerli,Türk Takımı Var,TV+ Yok,Yıllık,Sürekli Lig,Puan Durumu,Bilgi,Lig/Organizasyon,Jenerik,İngilizce,Body,pd
3. lig fikstür,TFF 3. Lig,Futbol,Lig,Alt Seviye,Niş,Erkek,Kulüp,Takım Sporu,Türkiye,Yerli,Türk Takımı Var,TV+ Yok,Yıllık,Sürekli Lig,Fikstür,Bilgi,Lig/Organizasyon,Jenerik,Türkçe,Body,fik
türkiye kupası,Ziraat Türkiye Kupası,Futbol,Kupa,1. Seviye,Üst,Erkek,Kulüp,Takım Sporu,Türkiye,Yerli,Türk Takımı Var,TV+ Yok,Yıllık,Turnuva,Jenerik,Bilgi,Lig/Organizasyon,Jenerik,Türkçe,Head,jen
türkiye kupası puan durumu,Ziraat Türkiye Kupası,Futbol,Kupa,1. Seviye,Üst,Erkek,Kulüp,Takım Sporu,Türkiye,Yerli,Türk Takımı Var,TV+ Yok,Yıllık,Turnuva,Puan Durumu,Bilgi,Lig/Organizasyon,Jenerik,Türkçe,Body,pd
türkiye kupası fikstür,Ziraat Türkiye Kupası,Futbol,Kupa,1. Seviye,Üst,Erkek,Kulüp,Takım Sporu,Türkiye,Yerli,Türk Takımı Var,TV+ Yok,Yıllık,Turnuva,Fikstür,Bilgi,Lig/Organizasyon,Jenerik,Türkçe,Body,fik
türkiye kupası maç sonuçları,Ziraat Türkiye Kupası,Futbol,Kupa,1. Seviye,Üst,Erkek,Kulüp,Takım Sporu,Türkiye,Yerli,Türk Takımı Var,TV+ Yok,Yıllık,Turnuva,Maç/Skor,Bilgi,Lig/Organizasyon,Jenerik,Türkçe,Body,mac
türkiye kupası canlı izle,Ziraat Türkiye Kupası,Futbol,Kupa,1. Seviye,Üst,Erkek,Kulüp,Takım Sporu,Türkiye,Yerli,Türk Takımı Var,TV+ Yok,Yıllık,Turnuva,Canlı İzle,İzleme,Lig/Organizasyon,Jenerik,Türkçe,Body,izle
türkiye kupası hangi kanalda,Ziraat Türkiye Kupası,Futbol,Kupa,1. Seviye,Üst,Erkek,Kulüp,Takım Sporu,Türkiye,Yerli,Türk Takımı Var,TV+ Yok,Yıllık,Turnuva,Kanal/Yayın,İzleme,Lig/Organizasyon,Jenerik,Türkçe,Body,kan
ziraat türkiye kupası,Ziraat Türkiye Kupası,Futbol,Kupa,1. Seviye,Üst,Erkek,Kulüp,Takım Sporu,Türkiye,Yerli,Türk Takımı Var,TV+ Yok,Yıllık,Turnuva,Jenerik,Bilgi,Lig/Organizasyon,Jenerik,Türkçe,Body,jen
ziraat türkiye kupası puan durumu,Ziraat Türkiye Kupası,Futbol,Kupa,1. Seviye,Üst,Erkek,Kulüp,Takım Sporu,Türkiye,Yerli,Türk Takımı Var,TV+ Yok,Yıllık,Turnuva,Puan Durumu,Bilgi,Lig/Organizasyon,Jenerik,Türkçe,Long-tail,pd
ziraat türkiye kupası fikstür,Ziraat Türkiye Kupası,Futbol,Kupa,1. Seviye,Üst,Erkek,Kulüp,Takım Sporu,Türkiye,Yerli,Türk Takımı Var,TV+ Yok,Yıllık,Turnuva,Fikstür,Bilgi,Lig/Organizasyon,Jenerik,Türkçe,Body,fik
ziraat türkiye kupası maç sonuçları,Ziraat Türkiye Kupası,Futbol,Kupa,1. Seviye,Üst,Erkek,Kulüp,Takım Sporu,Türkiye,Yerli,Türk Takımı Var,TV+ Yok,Yıllık,Turnuva,Maç/Skor,Bilgi,Lig/Organizasyon,Jenerik,Türkçe,Long-tail,mac
ziraat türkiye kupası canlı izle,Ziraat Türkiye Kupası,Futbol,Kupa,1. Seviye,Üst,Erkek,Kulüp,Takım Sporu,Türkiye,Yerli,Türk Takımı Var,TV+ Yok,Yıllık,Turnuva,Canlı İzle,İzleme,Lig/Organizasyon,Jenerik,Türkçe,Long-tail,izle
ziraat türkiye kupası hangi kanalda,Ziraat Türkiye Kupası,Futbol,Kupa,1. Seviye,Üst,Erkek,Kulüp,Takım Sporu,Türkiye,Yerli,Türk Takımı Var,TV+ Yok,Yıllık,Turnuva,Kanal/Yayın,İzleme,Lig/Organizasyon,Jenerik,Türkçe,Long-tail,kan
süper kupa,Turkcell Süper Kupa,Futbol,Süper Kupa,1. Seviye,Orta,Erkek,Kulüp,Takım Sporu,Türkiye,Yerli,Türk Takımı Var,TV+ Yok,Yıllık,Tek Etkinlik,Jenerik,Bilgi,Lig/Organizasyon,Jenerik,Türkçe,Head,jen
süper kupa canlı izle,Turkcell Süper Kupa,Futbol,Süper Kupa,1. Seviye,Orta,Erkek,Kulüp,Takım Sporu,Türkiye,Yerli,Türk Takımı Var,TV+ Yok,Yıllık,Tek Etkinlik,Canlı İzle,İzleme,Lig/Organizasyon,Jenerik,Türkçe,Body,izle
süper kupa hangi kanalda,Turkcell Süper Kupa,Futbol,Süper Kupa,1. Seviye,Orta,Erkek,Kulüp,Takım Sporu,Türkiye,Yerli,Türk Takımı Var,TV+ Yok,Yıllık,Tek Etkinlik,Kanal/Yayın,İzleme,Lig/Organizasyon,Jenerik,Türkçe,Body,kan
a milli takım,A Milli Futbol Takımı,Futbol,Milli,Milli,Global Elit,Erkek,Milli Takım,Takım Sporu,Türkiye,Yerli,Türk Takımı Var,TV+ Yok,Sürekli,Turnuva,Jenerik,Bilgi,Lig/Organizasyon,Jenerik,Türkçe,Body,jen
a milli takım fikstür,A Milli Futbol Takımı,Futbol,Milli,Milli,Global Elit,Erkek,Milli Takım,Takım Sporu,Türkiye,Yerli,Türk Takımı Var,TV+ Yok,Sürekli,Turnuva,Fikstür,Bilgi,Lig/Organizasyon,Jenerik,Türkçe,Body,fik
a milli takım canlı izle,A Milli Futbol Takımı,Futbol,Milli,Milli,Global Elit,Erkek,Milli Takım,Takım Sporu,Türkiye,Yerli,Türk Takımı Var,TV+ Yok,Sürekli,Turnuva,Canlı İzle,İzleme,Lig/Organizasyon,Jenerik,Türkçe,Long-tail,izle
a milli takım hangi kanalda,A Milli Futbol Takımı,Futbol,Milli,Milli,Global Elit,Erkek,Milli Takım,Takım Sporu,Türkiye,Yerli,Türk Takımı Var,TV+ Yok,Sürekli,Turnuva,Kanal/Yayın,İzleme,Lig/Organizasyon,Jenerik,Türkçe,Long-tail,kan
a milli takım kadro,A Milli Futbol Takımı,Futbol,Milli,Milli,Global Elit,Erkek,Milli Takım,Takım Sporu,Türkiye,Yerli,Türk Takımı Var,TV+ Yok,Sürekli,Turnuva,Kadro,Bilgi,Lig/Organizasyon,Jenerik,Türkçe,Body,kad
milli maç,A Milli Futbol Takımı,Futbol,Milli,Milli,Global Elit,Erkek,Milli Takım,Takım Sporu,Türkiye,Yerli,Türk Takımı Var,TV+ Yok,Sürekli,Turnuva,Jenerik,Bilgi,Lig/Organizasyon,Jenerik,Türkçe,Head,jen
milli maç fikstür,A Milli Futbol Takımı,Futbol,Milli,Milli,Global Elit,Erkek,Milli Takım,Takım Sporu,Türkiye,Yerli,Türk Takımı Var,TV+ Yok,Sürekli,Turnuva,Fikstür,Bilgi,Lig/Organizasyon,Jenerik,Türkçe,Body,fik
milli maç canlı izle,A Milli Futbol Takımı,Futbol,Milli,Milli,Global Elit,Erkek,Milli Takım,Takım Sporu,Türkiye,Yerli,Türk Takımı Var,TV+ Yok,Sürekli,Turnuva,Canlı İzle,İzleme,Lig/Organizasyon,Jenerik,Türkçe,Body,izle
milli maç hangi kanalda,A Milli Futbol Takımı,Futbol,Milli,Milli,Global Elit,Erkek,Milli Takım,Takım Sporu,Türkiye,Yerli,Türk Takımı Var,TV+ Yok,Sürekli,Turnuva,Kanal/Yayın,İzleme,Lig/Organizasyon,Jenerik,Türkçe,Body,kan
milli maç kadro,A Milli Futbol Takımı,Futbol,Milli,Milli,Global Elit,Erkek,Milli Takım,Takım Sporu,Türkiye,Yerli,Türk Takımı Var,TV+ Yok,Sürekli,Turnuva,Kadro,Bilgi,Lig/Organizasyon,Jenerik,Türkçe,Body,kad
türkiye maçı,A Milli Futbol Takımı,Futbol,Milli,Milli,Global Elit,Erkek,Milli Takım,Takım Sporu,Türkiye,Yerli,Türk Takımı Var,TV+ Yok,Sürekli,Turnuva,Jenerik,Bilgi,Lig/Organizasyon,Jenerik,Türkçe,Head,jen
türkiye maçı fikstür,A Milli Futbol Takımı,Futbol,Milli,Milli,Global Elit,Erkek,Milli Takım,Takım Sporu,Türkiye,Yerli,Türk Takımı Var,TV+ Yok,Sürekli,Turnuva,Fikstür,Bilgi,Lig/Organizasyon,Jenerik,Türkçe,Body,fik
türkiye maçı canlı izle,A Milli Futbol Takımı,Futbol,Milli,Milli,Global Elit,Erkek,Milli Takım,Takım Sporu,Türkiye,Yerli,Türk Takımı Var,TV+ Yok,Sürekli,Turnuva,Canlı İzle,İzleme,Lig/Organizasyon,Jenerik,Türkçe,Body,izle
türkiye maçı hangi kanalda,A Milli Futbol Takımı,Futbol,Milli,Milli,Global Elit,Erkek,Milli Takım,Takım Sporu,Türkiye,Yerli,Türk Takımı Var,TV+ Yok,Sürekli,Turnuva,Kanal/Yayın,İzleme,Lig/Organizasyon,Jenerik,Türkçe,Body,kan
türkiye maçı kadro,A Milli Futbol Takımı,Futbol,Milli,Milli,Global Elit,Erkek,Milli Takım,Takım Sporu,Türkiye,Yerli,Türk Takımı Var,TV+ Yok,Sürekli,Turnuva,Kadro,Bilgi,Lig/Organizasyon,Jenerik,Türkçe,Body,kad
milli takım maçı,A Milli Futbol Takımı,Futbol,Milli,Milli,Global Elit,Erkek,Milli Takım,Takım Sporu,Türkiye,Yerli,Türk Takımı Var,TV+ Yok,Sürekli,Turnuva,Jenerik,Bilgi,Lig/Organizasyon,Jenerik,Türkçe,Body,jen
milli takım maçı fikstür,A Milli Futbol Takımı,Futbol,Milli,Milli,Global Elit,Erkek,Milli Takım,Takım Sporu,Türkiye,Yerli,Türk Takımı Var,TV+ Yok,Sürekli,Turnuva,Fikstür,Bilgi,Lig/Organizasyon,Jenerik,Türkçe,Body,fik
milli takım maçı canlı izle,A Milli Futbol Takımı,Futbol,Milli,Milli,Global Elit,Erkek,Milli Takım,Takım Sporu,Türkiye,Yerli,Türk Takımı Var,TV+ Yok,Sürekli,Turnuva,Canlı İzle,İzleme,Lig/Organizasyon,Jenerik,Türkçe,Long-tail,izle
milli takım maçı hangi kanalda,A Milli Futbol Takımı,Futbol,Milli,Milli,Global Elit,Erkek,Milli Takım,Takım Sporu,Türkiye,Yerli,Türk Takımı Var,TV+ Yok,Sürekli,Turnuva,Kanal/Yayın,İzleme,Lig/Organizasyon,Jenerik,Türkçe,Long-tail,kan
milli takım maçı kadro,A Milli Futbol Takımı,Futbol,Milli,Milli,Global Elit,Erkek,Milli Takım,Takım Sporu,Türkiye,Yerli,Türk Takımı Var,TV+ Yok,Sürekli,Turnuva,Kadro,Bilgi,Lig/Organizasyon,Jenerik,Türkçe,Body,kad
kadın milli takım futbol,A Milli Kadın Futbol Takımı,Futbol,Milli,Milli,Niş,Kadın,Milli Takım,Takım Sporu,Türkiye,Yerli,Türk Takımı Var,TV+ Yok,Sürekli,Turnuva,Jenerik,Bilgi,Lig/Organizasyon,Jenerik,Türkçe,Body,jen
kadın milli takım futbol fikstür,A Milli Kadın Futbol Takımı,Futbol,Milli,Milli,Niş,Kadın,Milli Takım,Takım Sporu,Türkiye,Yerli,Türk Takımı Var,TV+ Yok,Sürekli,Turnuva,Fikstür,Bilgi,Lig/Organizasyon,Jenerik,Türkçe,Long-tail,fik
kadın milli takım futbol canlı izle,A Milli Kadın Futbol Takımı,Futbol,Milli,Milli,Niş,Kadın,Milli Takım,Takım Sporu,Türkiye,Yerli,Türk Takımı Var,TV+ Yok,Sürekli,Turnuva,Canlı İzle,İzleme,Lig/Organizasyon,Jenerik,Türkçe,Long-tail,izle
kadın futbol ligi,Kadın Futbol Süper Ligi,Futbol,Lig,1. Seviye,Niş,Kadın,Kulüp,Takım Sporu,Türkiye,Yerli,Türk Takımı Var,TV+ Yok,Yıllık,Sürekli Lig,Jenerik,Bilgi,Lig/Organizasyon,Jenerik,Türkçe,Body,jen
kadın futbol ligi puan durumu,Kadın Futbol Süper Ligi,Futbol,Lig,1. Seviye,Niş,Kadın,Kulüp,Takım Sporu,Türkiye,Yerli,Türk Takımı Var,TV+ Yok,Yıllık,Sürekli Lig,Puan Durumu,Bilgi,Lig/Organizasyon,Jenerik,Türkçe,Long-tail,pd
kadın futbol ligi fikstür,Kadın Futbol Süper Ligi,Futbol,Lig,1. Seviye,Niş,Kadın,Kulüp,Takım Sporu,Türkiye,Yerli,Türk Takımı Var,TV+ Yok,Yıllık,Sürekli Lig,Fikstür,Bilgi,Lig/Organizasyon,Jenerik,Türkçe,Body,fik
şampiyonlar ligi,UEFA Şampiyonlar Ligi,Futbol,Kıta Turnuvası,Kıta Üstü,Global Elit,Erkek,Kulüp,Takım Sporu,Avrupa,Uluslararası,Türk Takımı Var,TV+ Var,Yıllık,Turnuva,Jenerik,Bilgi,Lig/Organizasyon,Jenerik,Türkçe,Head,jen
şampiyonlar ligi puan durumu,UEFA Şampiyonlar Ligi,Futbol,Kıta Turnuvası,Kıta Üstü,Global Elit,Erkek,Kulüp,Takım Sporu,Avrupa,Uluslararası,Türk Takımı Var,TV+ Var,Yıllık,Turnuva,Puan Durumu,Bilgi,Lig/Organizasyon,Jenerik,Türkçe,Body,pd
şampiyonlar ligi fikstür,UEFA Şampiyonlar Ligi,Futbol,Kıta Turnuvası,Kıta Üstü,Global Elit,Erkek,Kulüp,Takım Sporu,Avrupa,Uluslararası,Türk Takımı Var,TV+ Var,Yıllık,Turnuva,Fikstür,Bilgi,Lig/Organizasyon,Jenerik,Türkçe,Body,fik
şampiyonlar ligi maç sonuçları,UEFA Şampiyonlar Ligi,Futbol,Kıta Turnuvası,Kıta Üstü,Global Elit,Erkek,Kulüp,Takım Sporu,Avrupa,Uluslararası,Türk Takımı Var,TV+ Var,Yıllık,Turnuva,Maç/Skor,Bilgi,Lig/Organizasyon,Jenerik,Türkçe,Body,mac
şampiyonlar ligi canlı izle,UEFA Şampiyonlar Ligi,Futbol,Kıta Turnuvası,Kıta Üstü,Global Elit,Erkek,Kulüp,Takım Sporu,Avrupa,Uluslararası,Türk Takımı Var,TV+ Var,Yıllık,Turnuva,Canlı İzle,İzleme,Lig/Organizasyon,Jenerik,Türkçe,Body,izle
şampiyonlar ligi hangi kanalda,UEFA Şampiyonlar Ligi,Futbol,Kıta Turnuvası,Kıta Üstü,Global Elit,Erkek,Kulüp,Takım Sporu,Avrupa,Uluslararası,Türk Takımı Var,TV+ Var,Yıllık,Turnuva,Kanal/Yayın,İzleme,Lig/Organizasyon,Jenerik,Türkçe,Body,kan
şampiyonlar ligi kadro,UEFA Şampiyonlar Ligi,Futbol,Kıta Turnuvası,Kıta Üstü,Global Elit,Erkek,Kulüp,Takım Sporu,Avrupa,Uluslararası,Türk Takımı Var,TV+ Var,Yıllık,Turnuva,Kadro,Bilgi,Lig/Organizasyon,Jenerik,Türkçe,Body,kad
avrupa ligi,UEFA Avrupa Ligi,Futbol,Kıta Turnuvası,Kıta Üstü,Üst,Erkek,Kulüp,Takım Sporu,Avrupa,Uluslararası,Türk Takımı Var,TV+ Var,Yıllık,Turnuva,Jenerik,Bilgi,Lig/Organizasyon,Jenerik,İngilizce,Head,jen
avrupa ligi puan durumu,UEFA Avrupa Ligi,Futbol,Kıta Turnuvası,Kıta Üstü,Üst,Erkek,Kulüp,Takım Sporu,Avrupa,Uluslararası,Türk Takımı Var,TV+ Var,Yıllık,Turnuva,Puan Durumu,Bilgi,Lig/Organizasyon,Jenerik,İngilizce,Body,pd
avrupa ligi fikstür,UEFA Avrupa Ligi,Futbol,Kıta Turnuvası,Kıta Üstü,Üst,Erkek,Kulüp,Takım Sporu,Avrupa,Uluslararası,Türk Takımı Var,TV+ Var,Yıllık,Turnuva,Fikstür,Bilgi,Lig/Organizasyon,Jenerik,Türkçe,Body,fik
avrupa ligi maç sonuçları,UEFA Avrupa Ligi,Futbol,Kıta Turnuvası,Kıta Üstü,Üst,Erkek,Kulüp,Takım Sporu,Avrupa,Uluslararası,Türk Takımı Var,TV+ Var,Yıllık,Turnuva,Maç/Skor,Bilgi,Lig/Organizasyon,Jenerik,Türkçe,Body,mac
avrupa ligi canlı izle,UEFA Avrupa Ligi,Futbol,Kıta Turnuvası,Kıta Üstü,Üst,Erkek,Kulüp,Takım Sporu,Avrupa,Uluslararası,Türk Takımı Var,TV+ Var,Yıllık,Turnuva,Canlı İzle,İzleme,Lig/Organizasyon,Jenerik,Türkçe,Body,izle
avrupa ligi hangi kanalda,UEFA Avrupa Ligi,Futbol,Kıta Turnuvası,Kıta Üstü,Üst,Erkek,Kulüp,Takım Sporu,Avrupa,Uluslararası,Türk Takımı Var,TV+ Var,Yıllık,Turnuva,Kanal/Yayın,İzleme,Lig/Organizasyon,Jenerik,İngilizce,Body,kan
uefa avrupa ligi,UEFA Avrupa Ligi,Futbol,Kıta Turnuvası,Kıta Üstü,Üst,Erkek,Kulüp,Takım Sporu,Avrupa,Uluslararası,Türk Takımı Var,TV+ Var,Yıllık,Turnuva,Jenerik,Bilgi,Lig/Organizasyon,Jenerik,İngilizce,Body,jen
uefa avrupa ligi puan durumu,UEFA Avrupa Ligi,Futbol,Kıta Turnuvası,Kıta Üstü,Üst,Erkek,Kulüp,Takım Sporu,Avrupa,Uluslararası,Türk Takımı Var,TV+ Var,Yıllık,Turnuva,Puan Durumu,Bilgi,Lig/Organizasyon,Jenerik,İngilizce,Long-tail,pd
uefa avrupa ligi fikstür,UEFA Avrupa Ligi,Futbol,Kıta Turnuvası,Kıta Üstü,Üst,Erkek,Kulüp,Takım Sporu,Avrupa,Uluslararası,Türk Takımı Var,TV+ Var,Yıllık,Turnuva,Fikstür,Bilgi,Lig/Organizasyon,Jenerik,Türkçe,Body,fik
uefa avrupa ligi maç sonuçları,UEFA Avrupa Ligi,Futbol,Kıta Turnuvası,Kıta Üstü,Üst,Erkek,Kulüp,Takım Sporu,Avrupa,Uluslararası,Türk Takımı Var,TV+ Var,Yıllık,Turnuva,Maç/Skor,Bilgi,Lig/Organizasyon,Jenerik,Türkçe,Long-tail,mac
uefa avrupa ligi canlı izle,UEFA Avrupa Ligi,Futbol,Kıta Turnuvası,Kıta Üstü,Üst,Erkek,Kulüp,Takım Sporu,Avrupa,Uluslararası,Türk Takımı Var,TV+ Var,Yıllık,Turnuva,Canlı İzle,İzleme,Lig/Organizasyon,Jenerik,Türkçe,Long-tail,izle
uefa avrupa ligi hangi kanalda,UEFA Avrupa Ligi,Futbol,Kıta Turnuvası,Kıta Üstü,Üst,Erkek,Kulüp,Takım Sporu,Avrupa,Uluslararası,Türk Takımı Var,TV+ Var,Yıllık,Turnuva,Kanal/Yayın,İzleme,Lig/Organizasyon,Jenerik,İngilizce,Long-tail,kan
konferans ligi,UEFA Konferans Ligi,Futbol,Kıta Turnuvası,Kıta Üstü,Orta,Erkek,Kulüp,Takım Sporu,Avrupa,Uluslararası,Türk Takımı Var,TV+ Var,Yıllık,Turnuva,Jenerik,Bilgi,Lig/Organizasyon,Jenerik,İngilizce,Head,jen
konferans ligi puan durumu,UEFA Konferans Ligi,Futbol,Kıta Turnuvası,Kıta Üstü,Orta,Erkek,Kulüp,Takım Sporu,Avrupa,Uluslararası,Türk Takımı Var,TV+ Var,Yıllık,Turnuva,Puan Durumu,Bilgi,Lig/Organizasyon,Jenerik,İngilizce,Body,pd
konferans ligi fikstür,UEFA Konferans Ligi,Futbol,Kıta Turnuvası,Kıta Üstü,Orta,Erkek,Kulüp,Takım Sporu,Avrupa,Uluslararası,Türk Takımı Var,TV+ Var,Yıllık,Turnuva,Fikstür,Bilgi,Lig/Organizasyon,Jenerik,Türkçe,Body,fik
konferans ligi maç sonuçları,UEFA Konferans Ligi,Futbol,Kıta Turnuvası,Kıta Üstü,Orta,Erkek,Kulüp,Takım Sporu,Avrupa,Uluslararası,Türk Takımı Var,TV+ Var,Yıllık,Turnuva,Maç/Skor,Bilgi,Lig/Organizasyon,Jenerik,Türkçe,Body,mac
konferans ligi canlı izle,UEFA Konferans Ligi,Futbol,Kıta Turnuvası,Kıta Üstü,Orta,Erkek,Kulüp,Takım Sporu,Avrupa,Uluslararası,Türk Takımı Var,TV+ Var,Yıllık,Turnuva,Canlı İzle,İzleme,Lig/Organizasyon,Jenerik,Türkçe,Body,izle
konferans ligi hangi kanalda,UEFA Konferans Ligi,Futbol,Kıta Turnuvası,Kıta Üstü,Orta,Erkek,Kulüp,Takım Sporu,Avrupa,Uluslararası,Türk Takımı Var,TV+ Var,Yıllık,Turnuva,Kanal/Yayın,İzleme,Lig/Organizasyon,Jenerik,İngilizce,Body,kan
uefa süper kupa,UEFA Süper Kupa,Futbol,Süper Kupa,Kıta Üstü,Orta,Erkek,Kulüp,Takım Sporu,Avrupa,Uluslararası,Yok,TV+ Var,Yıllık,Tek Etkinlik,Jenerik,Bilgi,Lig/Organizasyon,Jenerik,Türkçe,Body,jen
uefa süper kupa canlı izle,UEFA Süper Kupa,Futbol,Süper Kupa,Kıta Üstü,Orta,Erkek,Kulüp,Takım Sporu,Avrupa,Uluslararası,Yok,TV+ Var,Yıllık,Tek Etkinlik,Canlı İzle,İzleme,Lig/Organizasyon,Jenerik,Türkçe,Long-tail,izle
uefa süper kupa hangi kanalda,UEFA Süper Kupa,Futbol,Süper Kupa,Kıta Üstü,Orta,Erkek,Kulüp,Takım Sporu,Avrupa,Uluslararası,Yok,TV+ Var,Yıllık,Tek Etkinlik,Kanal/Yayın,İzleme,Lig/Organizasyon,Jenerik,Türkçe,Long-tail,kan
kadınlar şampiyonlar ligi,Kadınlar Şampiyonlar Ligi,Futbol,Kıta Turnuvası,Kıta Üstü,Niş,Kadın,Kulüp,Takım Sporu,Avrupa,Uluslararası,Yok,Doğrulanacak,Yıllık,Turnuva,Jenerik,Bilgi,Lig/Organizasyon,Jenerik,Türkçe,Body,jen
kadınlar şampiyonlar ligi fikstür,Kadınlar Şampiyonlar Ligi,Futbol,Kıta Turnuvası,Kıta Üstü,Niş,Kadın,Kulüp,Takım Sporu,Avrupa,Uluslararası,Yok,Doğrulanacak,Yıllık,Turnuva,Fikstür,Bilgi,Lig/Organizasyon,Jenerik,Türkçe,Body,fik
kadınlar şampiyonlar ligi canlı izle,Kadınlar Şampiyonlar Ligi,Futbol,Kıta Turnuvası,Kıta Üstü,Niş,Kadın,Kulüp,Takım Sporu,Avrupa,Uluslararası,Yok,Doğrulanacak,Yıllık,Turnuva,Canlı İzle,İzleme,Lig/Organizasyon,Jenerik,Türkçe,Long-tail,izle
premier lig,Premier Lig,Futbol,Lig,1. Seviye,Global Elit,Erkek,Kulüp,Takım Sporu,İngiltere,Yabancı,Yok,TV+ Yok,Yıllık,Sürekli Lig,Jenerik,Bilgi,Lig/Organizasyon,Jenerik,İngilizce,Head,jen
premier lig puan durumu,Premier Lig,Futbol,Lig,1. Seviye,Global Elit,Erkek,Kulüp,Takım Sporu,İngiltere,Yabancı,Yok,TV+ Yok,Yıllık,Sürekli Lig,Puan Durumu,Bilgi,Lig/Organizasyon,Jenerik,İngilizce,Body,pd
premier lig fikstür,Premier Lig,Futbol,Lig,1. Seviye,Global Elit,Erkek,Kulüp,Takım Sporu,İngiltere,Yabancı,Yok,TV+ Yok,Yıllık,Sürekli Lig,Fikstür,Bilgi,Lig/Organizasyon,Jenerik,Türkçe,Body,fik
premier lig maç sonuçları,Premier Lig,Futbol,Lig,1. Seviye,Global Elit,Erkek,Kulüp,Takım Sporu,İngiltere,Yabancı,Yok,TV+ Yok,Yıllık,Sürekli Lig,Maç/Skor,Bilgi,Lig/Organizasyon,Jenerik,Türkçe,Body,mac
premier lig canlı izle,Premier Lig,Futbol,Lig,1. Seviye,Global Elit,Erkek,Kulüp,Takım Sporu,İngiltere,Yabancı,Yok,TV+ Yok,Yıllık,Sürekli Lig,Canlı İzle,İzleme,Lig/Organizasyon,Jenerik,Türkçe,Body,izle
premier lig hangi kanalda,Premier Lig,Futbol,Lig,1. Seviye,Global Elit,Erkek,Kulüp,Takım Sporu,İngiltere,Yabancı,Yok,TV+ Yok,Yıllık,Sürekli Lig,Kanal/Yayın,İzleme,Lig/Organizasyon,Jenerik,İngilizce,Body,kan
premier league,Premier Lig,Futbol,Lig,1. Seviye,Global Elit,Erkek,Kulüp,Takım Sporu,İngiltere,Yabancı,Yok,TV+ Yok,Yıllık,Sürekli Lig,Jenerik,Bilgi,Lig/Organizasyon,Jenerik,İngilizce,Head,jen
premier league puan durumu,Premier Lig,Futbol,Lig,1. Seviye,Global Elit,Erkek,Kulüp,Takım Sporu,İngiltere,Yabancı,Yok,TV+ Yok,Yıllık,Sürekli Lig,Puan Durumu,Bilgi,Lig/Organizasyon,Jenerik,İngilizce,Body,pd
premier league fikstür,Premier Lig,Futbol,Lig,1. Seviye,Global Elit,Erkek,Kulüp,Takım Sporu,İngiltere,Yabancı,Yok,TV+ Yok,Yıllık,Sürekli Lig,Fikstür,Bilgi,Lig/Organizasyon,Jenerik,Türkçe,Body,fik
premier league maç sonuçları,Premier Lig,Futbol,Lig,1. Seviye,Global Elit,Erkek,Kulüp,Takım Sporu,İngiltere,Yabancı,Yok,TV+ Yok,Yıllık,Sürekli Lig,Maç/Skor,Bilgi,Lig/Organizasyon,Jenerik,Türkçe,Body,mac
premier league canlı izle,Premier Lig,Futbol,Lig,1. Seviye,Global Elit,Erkek,Kulüp,Takım Sporu,İngiltere,Yabancı,Yok,TV+ Yok,Yıllık,Sürekli Lig,Canlı İzle,İzleme,Lig/Organizasyon,Jenerik,Türkçe,Body,izle
premier league hangi kanalda,Premier Lig,Futbol,Lig,1. Seviye,Global Elit,Erkek,Kulüp,Takım Sporu,İngiltere,Yabancı,Yok,TV+ Yok,Yıllık,Sürekli Lig,Kanal/Yayın,İzleme,Lig/Organizasyon,Jenerik,İngilizce,Body,kan
championship ligi,Championship,Futbol,Lig,2. Seviye,Niş,Erkek,Kulüp,Takım Sporu,İngiltere,Yabancı,Yok,TV+ Yok,Yıllık,Sürekli Lig,Jenerik,Bilgi,Lig/Organizasyon,Jenerik,İngilizce,Head,jen
championship ligi puan durumu,Championship,Futbol,Lig,2. Seviye,Niş,Erkek,Kulüp,Takım Sporu,İngiltere,Yabancı,Yok,TV+ Yok,Yıllık,Sürekli Lig,Puan Durumu,Bilgi,Lig/Organizasyon,Jenerik,İngilizce,Body,pd
championship ligi fikstür,Championship,Futbol,Lig,2. Seviye,Niş,Erkek,Kulüp,Takım Sporu,İngiltere,Yabancı,Yok,TV+ Yok,Yıllık,Sürekli Lig,Fikstür,Bilgi,Lig/Organizasyon,Jenerik,Türkçe,Body,fik
championship ligi maç sonuçları,Championship,Futbol,Lig,2. Seviye,Niş,Erkek,Kulüp,Takım Sporu,İngiltere,Yabancı,Yok,TV+ Yok,Yıllık,Sürekli Lig,Maç/Skor,Bilgi,Lig/Organizasyon,Jenerik,Türkçe,Body,mac
championship ligi canlı izle,Championship,Futbol,Lig,2. Seviye,Niş,Erkek,Kulüp,Takım Sporu,İngiltere,Yabancı,Yok,TV+ Yok,Yıllık,Sürekli Lig,Canlı İzle,İzleme,Lig/Organizasyon,Jenerik,Türkçe,Body,izle
championship ligi hangi kanalda,Championship,Futbol,Lig,2. Seviye,Niş,Erkek,Kulüp,Takım Sporu,İngiltere,Yabancı,Yok,TV+ Yok,Yıllık,Sürekli Lig,Kanal/Yayın,İzleme,Lig/Organizasyon,Jenerik,İngilizce,Body,kan
la liga,La Liga,Futbol,Lig,1. Seviye,Global Elit,Erkek,Kulüp,Takım Sporu,İspanya,Yabancı,Yok,TV+ Var,Yıllık,Sürekli Lig,Jenerik,Bilgi,Lig/Organizasyon,Jenerik,İngilizce,Head,jen
la liga puan durumu,La Liga,Futbol,Lig,1. Seviye,Global Elit,Erkek,Kulüp,Takım Sporu,İspanya,Yabancı,Yok,TV+ Var,Yıllık,Sürekli Lig,Puan Durumu,Bilgi,Lig/Organizasyon,Jenerik,İngilizce,Body,pd
la liga fikstür,La Liga,Futbol,Lig,1. Seviye,Global Elit,Erkek,Kulüp,Takım Sporu,İspanya,Yabancı,Yok,TV+ Var,Yıllık,Sürekli Lig,Fikstür,Bilgi,Lig/Organizasyon,Jenerik,Türkçe,Body,fik
la liga maç sonuçları,La Liga,Futbol,Lig,1. Seviye,Global Elit,Erkek,Kulüp,Takım Sporu,İspanya,Yabancı,Yok,TV+ Var,Yıllık,Sürekli Lig,Maç/Skor,Bilgi,Lig/Organizasyon,Jenerik,Türkçe,Body,mac
la liga canlı izle,La Liga,Futbol,Lig,1. Seviye,Global Elit,Erkek,Kulüp,Takım Sporu,İspanya,Yabancı,Yok,TV+ Var,Yıllık,Sürekli Lig,Canlı İzle,İzleme,Lig/Organizasyon,Jenerik,Türkçe,Body,izle
la liga hangi kanalda,La Liga,Futbol,Lig,1. Seviye,Global Elit,Erkek,Kulüp,Takım Sporu,İspanya,Yabancı,Yok,TV+ Var,Yıllık,Sürekli Lig,Kanal/Yayın,İzleme,Lig/Organizasyon,Jenerik,İngilizce,Body,kan
serie a,Serie A,Futbol,Lig,1. Seviye,Global Elit,Erkek,Kulüp,Takım Sporu,İtalya,Yabancı,Yok,TV+ Var,Yıllık,Sürekli Lig,Jenerik,Bilgi,Lig/Organizasyon,Jenerik,İngilizce,Head,jen
serie a puan durumu,Serie A,Futbol,Lig,1. Seviye,Global Elit,Erkek,Kulüp,Takım Sporu,İtalya,Yabancı,Yok,TV+ Var,Yıllık,Sürekli Lig,Puan Durumu,Bilgi,Lig/Organizasyon,Jenerik,İngilizce,Body,pd
serie a fikstür,Serie A,Futbol,Lig,1. Seviye,Global Elit,Erkek,Kulüp,Takım Sporu,İtalya,Yabancı,Yok,TV+ Var,Yıllık,Sürekli Lig,Fikstür,Bilgi,Lig/Organizasyon,Jenerik,Türkçe,Body,fik
serie a maç sonuçları,Serie A,Futbol,Lig,1. Seviye,Global Elit,Erkek,Kulüp,Takım Sporu,İtalya,Yabancı,Yok,TV+ Var,Yıllık,Sürekli Lig,Maç/Skor,Bilgi,Lig/Organizasyon,Jenerik,Türkçe,Body,mac
serie a canlı izle,Serie A,Futbol,Lig,1. Seviye,Global Elit,Erkek,Kulüp,Takım Sporu,İtalya,Yabancı,Yok,TV+ Var,Yıllık,Sürekli Lig,Canlı İzle,İzleme,Lig/Organizasyon,Jenerik,Türkçe,Body,izle
serie a hangi kanalda,Serie A,Futbol,Lig,1. Seviye,Global Elit,Erkek,Kulüp,Takım Sporu,İtalya,Yabancı,Yok,TV+ Var,Yıllık,Sürekli Lig,Kanal/Yayın,İzleme,Lig/Organizasyon,Jenerik,İngilizce,Body,kan
bundesliga,Bundesliga,Futbol,Lig,1. Seviye,Üst,Erkek,Kulüp,Takım Sporu,Almanya,Yabancı,Yok,TV+ Yok,Yıllık,Sürekli Lig,Jenerik,Bilgi,Lig/Organizasyon,Jenerik,İngilizce,Head,jen
bundesliga puan durumu,Bundesliga,Futbol,Lig,1. Seviye,Üst,Erkek,Kulüp,Takım Sporu,Almanya,Yabancı,Yok,TV+ Yok,Yıllık,Sürekli Lig,Puan Durumu,Bilgi,Lig/Organizasyon,Jenerik,İngilizce,Body,pd
bundesliga fikstür,Bundesliga,Futbol,Lig,1. Seviye,Üst,Erkek,Kulüp,Takım Sporu,Almanya,Yabancı,Yok,TV+ Yok,Yıllık,Sürekli Lig,Fikstür,Bilgi,Lig/Organizasyon,Jenerik,Türkçe,Head,fik
bundesliga maç sonuçları,Bundesliga,Futbol,Lig,1. Seviye,Üst,Erkek,Kulüp,Takım Sporu,Almanya,Yabancı,Yok,TV+ Yok,Yıllık,Sürekli Lig,Maç/Skor,Bilgi,Lig/Organizasyon,Jenerik,Türkçe,Body,mac
bundesliga canlı izle,Bundesliga,Futbol,Lig,1. Seviye,Üst,Erkek,Kulüp,Takım Sporu,Almanya,Yabancı,Yok,TV+ Yok,Yıllık,Sürekli Lig,Canlı İzle,İzleme,Lig/Organizasyon,Jenerik,Türkçe,Body,izle
bundesliga hangi kanalda,Bundesliga,Futbol,Lig,1. Seviye,Üst,Erkek,Kulüp,Takım Sporu,Almanya,Yabancı,Yok,TV+ Yok,Yıllık,Sürekli Lig,Kanal/Yayın,İzleme,Lig/Organizasyon,Jenerik,İngilizce,Body,kan
ligue 1,Ligue 1,Futbol,Lig,1. Seviye,Üst,Erkek,Kulüp,Takım Sporu,Fransa,Yabancı,Yok,TV+ Yok,Yıllık,Sürekli Lig,Jenerik,Bilgi,Lig/Organizasyon,Jenerik,İngilizce,Head,jen
ligue 1 puan durumu,Ligue 1,Futbol,Lig,1. Seviye,Üst,Erkek,Kulüp,Takım Sporu,Fransa,Yabancı,Yok,TV+ Yok,Yıllık,Sürekli Lig,Puan Durumu,Bilgi,Lig/Organizasyon,Jenerik,İngilizce,Body,pd
ligue 1 fikstür,Ligue 1,Futbol,Lig,1. Seviye,Üst,Erkek,Kulüp,Takım Sporu,Fransa,Yabancı,Yok,TV+ Yok,Yıllık,Sürekli Lig,Fikstür,Bilgi,Lig/Organizasyon,Jenerik,Türkçe,Body,fik
ligue 1 maç sonuçları,Ligue 1,Futbol,Lig,1. Seviye,Üst,Erkek,Kulüp,Takım Sporu,Fransa,Yabancı,Yok,TV+ Yok,Yıllık,Sürekli Lig,Maç/Skor,Bilgi,Lig/Organizasyon,Jenerik,Türkçe,Body,mac
ligue 1 canlı izle,Ligue 1,Futbol,Lig,1. Seviye,Üst,Erkek,Kulüp,Takım Sporu,Fransa,Yabancı,Yok,TV+ Yok,Yıllık,Sürekli Lig,Canlı İzle,İzleme,Lig/Organizasyon,Jenerik,Türkçe,Body,izle
ligue 1 hangi kanalda,Ligue 1,Futbol,Lig,1. Seviye,Üst,Erkek,Kulüp,Takım Sporu,Fransa,Yabancı,Yok,TV+ Yok,Yıllık,Sürekli Lig,Kanal/Yayın,İzleme,Lig/Organizasyon,Jenerik,İngilizce,Body,kan
eredivisie,Eredivisie,Futbol,Lig,1. Seviye,Orta,Erkek,Kulüp,Takım Sporu,Hollanda,Yabancı,Yok,TV+ Yok,Yıllık,Sürekli Lig,Jenerik,Bilgi,Lig/Organizasyon,Jenerik,İngilizce,Head,jen
eredivisie puan durumu,Eredivisie,Futbol,Lig,1. Seviye,Orta,Erkek,Kulüp,Takım Sporu,Hollanda,Yabancı,Yok,TV+ Yok,Yıllık,Sürekli Lig,Puan Durumu,Bilgi,Lig/Organizasyon,Jenerik,İngilizce,Body,pd
eredivisie fikstür,Eredivisie,Futbol,Lig,1. Seviye,Orta,Erkek,Kulüp,Takım Sporu,Hollanda,Yabancı,Yok,TV+ Yok,Yıllık,Sürekli Lig,Fikstür,Bilgi,Lig/Organizasyon,Jenerik,Türkçe,Head,fik
eredivisie maç sonuçları,Eredivisie,Futbol,Lig,1. Seviye,Orta,Erkek,Kulüp,Takım Sporu,Hollanda,Yabancı,Yok,TV+ Yok,Yıllık,Sürekli Lig,Maç/Skor,Bilgi,Lig/Organizasyon,Jenerik,Türkçe,Body,mac
eredivisie canlı izle,Eredivisie,Futbol,Lig,1. Seviye,Orta,Erkek,Kulüp,Takım Sporu,Hollanda,Yabancı,Yok,TV+ Yok,Yıllık,Sürekli Lig,Canlı İzle,İzleme,Lig/Organizasyon,Jenerik,Türkçe,Body,izle
eredivisie hangi kanalda,Eredivisie,Futbol,Lig,1. Seviye,Orta,Erkek,Kulüp,Takım Sporu,Hollanda,Yabancı,Yok,TV+ Yok,Yıllık,Sürekli Lig,Kanal/Yayın,İzleme,Lig/Organizasyon,Jenerik,İngilizce,Body,kan
portekiz ligi,Portekiz Ligi,Futbol,Lig,1. Seviye,Orta,Erkek,Kulüp,Takım Sporu,Portekiz,Yabancı,Yok,TV+ Yok,Yıllık,Sürekli Lig,Jenerik,Bilgi,Lig/Organizasyon,Jenerik,İngilizce,Head,jen
portekiz ligi puan durumu,Portekiz Ligi,Futbol,Lig,1. Seviye,Orta,Erkek,Kulüp,Takım Sporu,Portekiz,Yabancı,Yok,TV+ Yok,Yıllık,Sürekli Lig,Puan Durumu,Bilgi,Lig/Organizasyon,Jenerik,İngilizce,Body,pd
portekiz ligi fikstür,Portekiz Ligi,Futbol,Lig,1. Seviye,Orta,Erkek,Kulüp,Takım Sporu,Portekiz,Yabancı,Yok,TV+ Yok,Yıllık,Sürekli Lig,Fikstür,Bilgi,Lig/Organizasyon,Jenerik,Türkçe,Body,fik
portekiz ligi maç sonuçları,Portekiz Ligi,Futbol,Lig,1. Seviye,Orta,Erkek,Kulüp,Takım Sporu,Portekiz,Yabancı,Yok,TV+ Yok,Yıllık,Sürekli Lig,Maç/Skor,Bilgi,Lig/Organizasyon,Jenerik,Türkçe,Body,mac
portekiz ligi canlı izle,Portekiz Ligi,Futbol,Lig,1. Seviye,Orta,Erkek,Kulüp,Takım Sporu,Portekiz,Yabancı,Yok,TV+ Yok,Yıllık,Sürekli Lig,Canlı İzle,İzleme,Lig/Organizasyon,Jenerik,Türkçe,Body,izle
portekiz ligi hangi kanalda,Portekiz Ligi,Futbol,Lig,1. Seviye,Orta,Erkek,Kulüp,Takım Sporu,Portekiz,Yabancı,Yok,TV+ Yok,Yıllık,Sürekli Lig,Kanal/Yayın,İzleme,Lig/Organizasyon,Jenerik,İngilizce,Body,kan
yunanistan ligi,Yunanistan Süper Lig,Futbol,Lig,1. Seviye,Niş,Erkek,Kulüp,Takım Sporu,Yunanistan,Yabancı,Yok,TV+ Yok,Yıllık,Sürekli Lig,Jenerik,Bilgi,Lig/Organizasyon,Jenerik,İngilizce,Head,jen
yunanistan ligi puan durumu,Yunanistan Süper Lig,Futbol,Lig,1. Seviye,Niş,Erkek,Kulüp,Takım Sporu,Yunanistan,Yabancı,Yok,TV+ Yok,Yıllık,Sürekli Lig,Puan Durumu,Bilgi,Lig/Organizasyon,Jenerik,İngilizce,Body,pd
yunanistan ligi fikstür,Yunanistan Süper Lig,Futbol,Lig,1. Seviye,Niş,Erkek,Kulüp,Takım Sporu,Yunanistan,Yabancı,Yok,TV+ Yok,Yıllık,Sürekli Lig,Fikstür,Bilgi,Lig/Organizasyon,Jenerik,Türkçe,Body,fik
yunanistan ligi maç sonuçları,Yunanistan Süper Lig,Futbol,Lig,1. Seviye,Niş,Erkek,Kulüp,Takım Sporu,Yunanistan,Yabancı,Yok,TV+ Yok,Yıllık,Sürekli Lig,Maç/Skor,Bilgi,Lig/Organizasyon,Jenerik,Türkçe,Body,mac
yunanistan ligi canlı izle,Yunanistan Süper Lig,Futbol,Lig,1. Seviye,Niş,Erkek,Kulüp,Takım Sporu,Yunanistan,Yabancı,Yok,TV+ Yok,Yıllık,Sürekli Lig,Canlı İzle,İzleme,Lig/Organizasyon,Jenerik,Türkçe,Body,izle
yunanistan ligi hangi kanalda,Yunanistan Süper Lig,Futbol,Lig,1. Seviye,Niş,Erkek,Kulüp,Takım Sporu,Yunanistan,Yabancı,Yok,TV+ Yok,Yıllık,Sürekli Lig,Kanal/Yayın,İzleme,Lig/Organizasyon,Jenerik,İngilizce,Body,kan
rusya premier ligi,Rusya Premier Ligi,Futbol,Lig,1. Seviye,Niş,Erkek,Kulüp,Takım Sporu,Rusya,Yabancı,Yok,TV+ Yok,Yıllık,Sürekli Lig,Jenerik,Bilgi,Lig/Organizasyon,Jenerik,İngilizce,Body,jen
rusya premier ligi puan durumu,Rusya Premier Ligi,Futbol,Lig,1. Seviye,Niş,Erkek,Kulüp,Takım Sporu,Rusya,Yabancı,Yok,TV+ Yok,Yıllık,Sürekli Lig,Puan Durumu,Bilgi,Lig/Organizasyon,Jenerik,İngilizce,Long-tail,pd
rusya premier ligi fikstür,Rusya Premier Ligi,Futbol,Lig,1. Seviye,Niş,Erkek,Kulüp,Takım Sporu,Rusya,Yabancı,Yok,TV+ Yok,Yıllık,Sürekli Lig,Fikstür,Bilgi,Lig/Organizasyon,Jenerik,Türkçe,Body,fik
rusya premier ligi maç sonuçları,Rusya Premier Ligi,Futbol,Lig,1. Seviye,Niş,Erkek,Kulüp,Takım Sporu,Rusya,Yabancı,Yok,TV+ Yok,Yıllık,Sürekli Lig,Maç/Skor,Bilgi,Lig/Organizasyon,Jenerik,Türkçe,Long-tail,mac
rusya premier ligi canlı izle,Rusya Premier Ligi,Futbol,Lig,1. Seviye,Niş,Erkek,Kulüp,Takım Sporu,Rusya,Yabancı,Yok,TV+ Yok,Yıllık,Sürekli Lig,Canlı İzle,İzleme,Lig/Organizasyon,Jenerik,Türkçe,Long-tail,izle
rusya premier ligi hangi kanalda,Rusya Premier Ligi,Futbol,Lig,1. Seviye,Niş,Erkek,Kulüp,Takım Sporu,Rusya,Yabancı,Yok,TV+ Yok,Yıllık,Sürekli Lig,Kanal/Yayın,İzleme,Lig/Organizasyon,Jenerik,İngilizce,Long-tail,kan
suudi arabistan ligi,Suudi Pro Lig,Futbol,Lig,1. Seviye,Orta,Erkek,Kulüp,Takım Sporu,Suudi Arabistan,Yabancı,Yok,TV+ Yok,Yıllık,Sürekli Lig,Jenerik,Bilgi,Lig/Organizasyon,Jenerik,İngilizce,Body,jen
suudi arabistan ligi puan durumu,Suudi Pro Lig,Futbol,Lig,1. Seviye,Orta,Erkek,Kulüp,Takım Sporu,Suudi Arabistan,Yabancı,Yok,TV+ Yok,Yıllık,Sürekli Lig,Puan Durumu,Bilgi,Lig/Organizasyon,Jenerik,İngilizce,Long-tail,pd
suudi arabistan ligi fikstür,Suudi Pro Lig,Futbol,Lig,1. Seviye,Orta,Erkek,Kulüp,Takım Sporu,Suudi Arabistan,Yabancı,Yok,TV+ Yok,Yıllık,Sürekli Lig,Fikstür,Bilgi,Lig/Organizasyon,Jenerik,Türkçe,Body,fik
suudi arabistan ligi maç sonuçları,Suudi Pro Lig,Futbol,Lig,1. Seviye,Orta,Erkek,Kulüp,Takım Sporu,Suudi Arabistan,Yabancı,Yok,TV+ Yok,Yıllık,Sürekli Lig,Maç/Skor,Bilgi,Lig/Organizasyon,Jenerik,Türkçe,Long-tail,mac
suudi arabistan ligi canlı izle,Suudi Pro Lig,Futbol,Lig,1. Seviye,Orta,Erkek,Kulüp,Takım Sporu,Suudi Arabistan,Yabancı,Yok,TV+ Yok,Yıllık,Sürekli Lig,Canlı İzle,İzleme,Lig/Organizasyon,Jenerik,Türkçe,Long-tail,izle
suudi arabistan ligi hangi kanalda,Suudi Pro Lig,Futbol,Lig,1. Seviye,Orta,Erkek,Kulüp,Takım Sporu,Suudi Arabistan,Yabancı,Yok,TV+ Yok,Yıllık,Sürekli Lig,Kanal/Yayın,İzleme,Lig/Organizasyon,Jenerik,İngilizce,Long-tail,kan
suudi pro lig,Suudi Pro Lig,Futbol,Lig,1. Seviye,Orta,Erkek,Kulüp,Takım Sporu,Suudi Arabistan,Yabancı,Yok,TV+ Yok,Yıllık,Sürekli Lig,Jenerik,Bilgi,Lig/Organizasyon,Jenerik,İngilizce,Body,jen
suudi pro lig puan durumu,Suudi Pro Lig,Futbol,Lig,1. Seviye,Orta,Erkek,Kulüp,Takım Sporu,Suudi Arabistan,Yabancı,Yok,TV+ Yok,Yıllık,Sürekli Lig,Puan Durumu,Bilgi,Lig/Organizasyon,Jenerik,İngilizce,Long-tail,pd
suudi pro lig fikstür,Suudi Pro Lig,Futbol,Lig,1. Seviye,Orta,Erkek,Kulüp,Takım Sporu,Suudi Arabistan,Yabancı,Yok,TV+ Yok,Yıllık,Sürekli Lig,Fikstür,Bilgi,Lig/Organizasyon,Jenerik,Türkçe,Body,fik
suudi pro lig maç sonuçları,Suudi Pro Lig,Futbol,Lig,1. Seviye,Orta,Erkek,Kulüp,Takım Sporu,Suudi Arabistan,Yabancı,Yok,TV+ Yok,Yıllık,Sürekli Lig,Maç/Skor,Bilgi,Lig/Organizasyon,Jenerik,Türkçe,Long-tail,mac
suudi pro lig canlı izle,Suudi Pro Lig,Futbol,Lig,1. Seviye,Orta,Erkek,Kulüp,Takım Sporu,Suudi Arabistan,Yabancı,Yok,TV+ Yok,Yıllık,Sürekli Lig,Canlı İzle,İzleme,Lig/Organizasyon,Jenerik,Türkçe,Long-tail,izle
suudi pro lig hangi kanalda,Suudi Pro Lig,Futbol,Lig,1. Seviye,Orta,Erkek,Kulüp,Takım Sporu,Suudi Arabistan,Yabancı,Yok,TV+ Yok,Yıllık,Sürekli Lig,Kanal/Yayın,İzleme,Lig/Organizasyon,Jenerik,İngilizce,Long-tail,kan
mls,MLS,Futbol,Lig,1. Seviye,Orta,Erkek,Kulüp,Takım Sporu,ABD,Yabancı,Yok,TV+ Yok,Yıllık,Sürekli Lig,Jenerik,Bilgi,Lig/Organizasyon,Jenerik,İngilizce,Head,jen
mls puan durumu,MLS,Futbol,Lig,1. Seviye,Orta,Erkek,Kulüp,Takım Sporu,ABD,Yabancı,Yok,TV+ Yok,Yıllık,Sürekli Lig,Puan Durumu,Bilgi,Lig/Organizasyon,Jenerik,İngilizce,Body,pd
mls fikstür,MLS,Futbol,Lig,1. Seviye,Orta,Erkek,Kulüp,Takım Sporu,ABD,Yabancı,Yok,TV+ Yok,Yıllık,Sürekli Lig,Fikstür,Bilgi,Lig/Organizasyon,Jenerik,Türkçe,Head,fik
mls maç sonuçları,MLS,Futbol,Lig,1. Seviye,Orta,Erkek,Kulüp,Takım Sporu,ABD,Yabancı,Yok,TV+ Yok,Yıllık,Sürekli Lig,Maç/Skor,Bilgi,Lig/Organizasyon,Jenerik,Türkçe,Body,mac
mls canlı izle,MLS,Futbol,Lig,1. Seviye,Orta,Erkek,Kulüp,Takım Sporu,ABD,Yabancı,Yok,TV+ Yok,Yıllık,Sürekli Lig,Canlı İzle,İzleme,Lig/Organizasyon,Jenerik,Türkçe,Body,izle
mls hangi kanalda,MLS,Futbol,Lig,1. Seviye,Orta,Erkek,Kulüp,Takım Sporu,ABD,Yabancı,Yok,TV+ Yok,Yıllık,Sürekli Lig,Kanal/Yayın,İzleme,Lig/Organizasyon,Jenerik,İngilizce,Body,kan
brezilya ligi,Brezilya Serie A,Futbol,Lig,1. Seviye,Niş,Erkek,Kulüp,Takım Sporu,Brezilya,Yabancı,Yok,TV+ Yok,Yıllık,Sürekli Lig,Jenerik,Bilgi,Lig/Organizasyon,Jenerik,İngilizce,Head,jen
brezilya ligi puan durumu,Brezilya Serie A,Futbol,Lig,1. Seviye,Niş,Erkek,Kulüp,Takım Sporu,Brezilya,Yabancı,Yok,TV+ Yok,Yıllık,Sürekli Lig,Puan Durumu,Bilgi,Lig/Organizasyon,Jenerik,İngilizce,Body,pd
brezilya ligi fikstür,Brezilya Serie A,Futbol,Lig,1. Seviye,Niş,Erkek,Kulüp,Takım Sporu,Brezilya,Yabancı,Yok,TV+ Yok,Yıllık,Sürekli Lig,Fikstür,Bilgi,Lig/Organizasyon,Jenerik,Türkçe,Body,fik
brezilya ligi maç sonuçları,Brezilya Serie A,Futbol,Lig,1. Seviye,Niş,Erkek,Kulüp,Takım Sporu,Brezilya,Yabancı,Yok,TV+ Yok,Yıllık,Sürekli Lig,Maç/Skor,Bilgi,Lig/Organizasyon,Jenerik,Türkçe,Body,mac
brezilya ligi canlı izle,Brezilya Serie A,Futbol,Lig,1. Seviye,Niş,Erkek,Kulüp,Takım Sporu,Brezilya,Yabancı,Yok,TV+ Yok,Yıllık,Sürekli Lig,Canlı İzle,İzleme,Lig/Organizasyon,Jenerik,Türkçe,Body,izle
brezilya ligi hangi kanalda,Brezilya Serie A,Futbol,Lig,1. Seviye,Niş,Erkek,Kulüp,Takım Sporu,Brezilya,Yabancı,Yok,TV+ Yok,Yıllık,Sürekli Lig,Kanal/Yayın,İzleme,Lig/Organizasyon,Jenerik,İngilizce,Body,kan
arjantin ligi,Arjantin Ligi,Futbol,Lig,1. Seviye,Niş,Erkek,Kulüp,Takım Sporu,Arjantin,Yabancı,Yok,TV+ Yok,Yıllık,Sürekli Lig,Jenerik,Bilgi,Lig/Organizasyon,Jenerik,İngilizce,Head,jen
arjantin ligi puan durumu,Arjantin Ligi,Futbol,Lig,1. Seviye,Niş,Erkek,Kulüp,Takım Sporu,Arjantin,Yabancı,Yok,TV+ Yok,Yıllık,Sürekli Lig,Puan Durumu,Bilgi,Lig/Organizasyon,Jenerik,İngilizce,Body,pd
arjantin ligi fikstür,Arjantin Ligi,Futbol,Lig,1. Seviye,Niş,Erkek,Kulüp,Takım Sporu,Arjantin,Yabancı,Yok,TV+ Yok,Yıllık,Sürekli Lig,Fikstür,Bilgi,Lig/Organizasyon,Jenerik,Türkçe,Body,fik
arjantin ligi maç sonuçları,Arjantin Ligi,Futbol,Lig,1. Seviye,Niş,Erkek,Kulüp,Takım Sporu,Arjantin,Yabancı,Yok,TV+ Yok,Yıllık,Sürekli Lig,Maç/Skor,Bilgi,Lig/Organizasyon,Jenerik,Türkçe,Body,mac
arjantin ligi canlı izle,Arjantin Ligi,Futbol,Lig,1. Seviye,Niş,Erkek,Kulüp,Takım Sporu,Arjantin,Yabancı,Yok,TV+ Yok,Yıllık,Sürekli Lig,Canlı İzle,İzleme,Lig/Organizasyon,Jenerik,Türkçe,Body,izle
arjantin ligi hangi kanalda,Arjantin Ligi,Futbol,Lig,1. Seviye,Niş,Erkek,Kulüp,Takım Sporu,Arjantin,Yabancı,Yok,TV+ Yok,Yıllık,Sürekli Lig,Kanal/Yayın,İzleme,Lig/Organizasyon,Jenerik,İngilizce,Body,kan
fa cup,FA Cup,Futbol,Kupa,Kıta Üstü,Orta,Erkek,Kulüp,Takım Sporu,İngiltere,Yabancı,Yok,TV+ Var,Yıllık,Turnuva,Jenerik,Bilgi,Lig/Organizasyon,Jenerik,İngilizce,Head,jen
fa cup fikstür,FA Cup,Futbol,Kupa,Kıta Üstü,Orta,Erkek,Kulüp,Takım Sporu,İngiltere,Yabancı,Yok,TV+ Var,Yıllık,Turnuva,Fikstür,Bilgi,Lig/Organizasyon,Jenerik,Türkçe,Body,fik
fa cup maç sonuçları,FA Cup,Futbol,Kupa,Kıta Üstü,Orta,Erkek,Kulüp,Takım Sporu,İngiltere,Yabancı,Yok,TV+ Var,Yıllık,Turnuva,Maç/Skor,Bilgi,Lig/Organizasyon,Jenerik,Türkçe,Body,mac
fa cup canlı izle,FA Cup,Futbol,Kupa,Kıta Üstü,Orta,Erkek,Kulüp,Takım Sporu,İngiltere,Yabancı,Yok,TV+ Var,Yıllık,Turnuva,Canlı İzle,İzleme,Lig/Organizasyon,Jenerik,Türkçe,Body,izle
fa cup hangi kanalda,FA Cup,Futbol,Kupa,Kıta Üstü,Orta,Erkek,Kulüp,Takım Sporu,İngiltere,Yabancı,Yok,TV+ Var,Yıllık,Turnuva,Kanal/Yayın,İzleme,Lig/Organizasyon,Jenerik,İngilizce,Body,kan
carabao cup,Carabao Cup,Futbol,Kupa,Kıta Üstü,Orta,Erkek,Kulüp,Takım Sporu,İngiltere,Yabancı,Yok,TV+ Yok,Yıllık,Turnuva,Jenerik,Bilgi,Lig/Organizasyon,Jenerik,İngilizce,Head,jen
carabao cup fikstür,Carabao Cup,Futbol,Kupa,Kıta Üstü,Orta,Erkek,Kulüp,Takım Sporu,İngiltere,Yabancı,Yok,TV+ Yok,Yıllık,Turnuva,Fikstür,Bilgi,Lig/Organizasyon,Jenerik,Türkçe,Body,fik
carabao cup maç sonuçları,Carabao Cup,Futbol,Kupa,Kıta Üstü,Orta,Erkek,Kulüp,Takım Sporu,İngiltere,Yabancı,Yok,TV+ Yok,Yıllık,Turnuva,Maç/Skor,Bilgi,Lig/Organizasyon,Jenerik,Türkçe,Body,mac
carabao cup canlı izle,Carabao Cup,Futbol,Kupa,Kıta Üstü,Orta,Erkek,Kulüp,Takım Sporu,İngiltere,Yabancı,Yok,TV+ Yok,Yıllık,Turnuva,Canlı İzle,İzleme,Lig/Organizasyon,Jenerik,Türkçe,Body,izle
carabao cup hangi kanalda,Carabao Cup,Futbol,Kupa,Kıta Üstü,Orta,Erkek,Kulüp,Takım Sporu,İngiltere,Yabancı,Yok,TV+ Yok,Yıllık,Turnuva,Kanal/Yayın,İzleme,Lig/Organizasyon,Jenerik,İngilizce,Body,kan
efl cup,Carabao Cup,Futbol,Kupa,Kıta Üstü,Orta,Erkek,Kulüp,Takım Sporu,İngiltere,Yabancı,Yok,TV+ Yok,Yıllık,Turnuva,Jenerik,Bilgi,Lig/Organizasyon,Jenerik,İngilizce,Head,jen
efl cup fikstür,Carabao Cup,Futbol,Kupa,Kıta Üstü,Orta,Erkek,Kulüp,Takım Sporu,İngiltere,Yabancı,Yok,TV+ Yok,Yıllık,Turnuva,Fikstür,Bilgi,Lig/Organizasyon,Jenerik,Türkçe,Body,fik
efl cup maç sonuçları,Carabao Cup,Futbol,Kupa,Kıta Üstü,Orta,Erkek,Kulüp,Takım Sporu,İngiltere,Yabancı,Yok,TV+ Yok,Yıllık,Turnuva,Maç/Skor,Bilgi,Lig/Organizasyon,Jenerik,Türkçe,Body,mac
efl cup canlı izle,Carabao Cup,Futbol,Kupa,Kıta Üstü,Orta,Erkek,Kulüp,Takım Sporu,İngiltere,Yabancı,Yok,TV+ Yok,Yıllık,Turnuva,Canlı İzle,İzleme,Lig/Organizasyon,Jenerik,Türkçe,Body,izle
efl cup hangi kanalda,Carabao Cup,Futbol,Kupa,Kıta Üstü,Orta,Erkek,Kulüp,Takım Sporu,İngiltere,Yabancı,Yok,TV+ Yok,Yıllık,Turnuva,Kanal/Yayın,İzleme,Lig/Organizasyon,Jenerik,İngilizce,Body,kan
community shield,Community Shield,Futbol,Kupa,Kıta Üstü,Orta,Erkek,Kulüp,Takım Sporu,İngiltere,Yabancı,Yok,TV+ Yok,Yıllık,Turnuva,Jenerik,Bilgi,Lig/Organizasyon,Jenerik,İngilizce,Head,jen
community shield fikstür,Community Shield,Futbol,Kupa,Kıta Üstü,Orta,Erkek,Kulüp,Takım Sporu,İngiltere,Yabancı,Yok,TV+ Yok,Yıllık,Turnuva,Fikstür,Bilgi,Lig/Organizasyon,Jenerik,Türkçe,Body,fik
community shield maç sonuçları,Community Shield,Futbol,Kupa,Kıta Üstü,Orta,Erkek,Kulüp,Takım Sporu,İngiltere,Yabancı,Yok,TV+ Yok,Yıllık,Turnuva,Maç/Skor,Bilgi,Lig/Organizasyon,Jenerik,Türkçe,Body,mac
community shield canlı izle,Community Shield,Futbol,Kupa,Kıta Üstü,Orta,Erkek,Kulüp,Takım Sporu,İngiltere,Yabancı,Yok,TV+ Yok,Yıllık,Turnuva,Canlı İzle,İzleme,Lig/Organizasyon,Jenerik,Türkçe,Body,izle
community shield hangi kanalda,Community Shield,Futbol,Kupa,Kıta Üstü,Orta,Erkek,Kulüp,Takım Sporu,İngiltere,Yabancı,Yok,TV+ Yok,Yıllık,Turnuva,Kanal/Yayın,İzleme,Lig/Organizasyon,Jenerik,İngilizce,Body,kan
kral kupası,Copa del Rey,Futbol,Kupa,Kıta Üstü,Orta,Erkek,Kulüp,Takım Sporu,İspanya,Yabancı,Yok,TV+ Yok,Yıllık,Turnuva,Jenerik,Bilgi,Lig/Organizasyon,Jenerik,Türkçe,Head,jen
kral kupası fikstür,Copa del Rey,Futbol,Kupa,Kıta Üstü,Orta,Erkek,Kulüp,Takım Sporu,İspanya,Yabancı,Yok,TV+ Yok,Yıllık,Turnuva,Fikstür,Bilgi,Lig/Organizasyon,Jenerik,Türkçe,Body,fik
kral kupası maç sonuçları,Copa del Rey,Futbol,Kupa,Kıta Üstü,Orta,Erkek,Kulüp,Takım Sporu,İspanya,Yabancı,Yok,TV+ Yok,Yıllık,Turnuva,Maç/Skor,Bilgi,Lig/Organizasyon,Jenerik,Türkçe,Body,mac
kral kupası canlı izle,Copa del Rey,Futbol,Kupa,Kıta Üstü,Orta,Erkek,Kulüp,Takım Sporu,İspanya,Yabancı,Yok,TV+ Yok,Yıllık,Turnuva,Canlı İzle,İzleme,Lig/Organizasyon,Jenerik,Türkçe,Body,izle
kral kupası hangi kanalda,Copa del Rey,Futbol,Kupa,Kıta Üstü,Orta,Erkek,Kulüp,Takım Sporu,İspanya,Yabancı,Yok,TV+ Yok,Yıllık,Turnuva,Kanal/Yayın,İzleme,Lig/Organizasyon,Jenerik,Türkçe,Body,kan
copa del rey,Copa del Rey,Futbol,Kupa,Kıta Üstü,Orta,Erkek,Kulüp,Takım Sporu,İspanya,Yabancı,Yok,TV+ Yok,Yıllık,Turnuva,Jenerik,Bilgi,Lig/Organizasyon,Jenerik,İngilizce,Body,jen
copa del rey fikstür,Copa del Rey,Futbol,Kupa,Kıta Üstü,Orta,Erkek,Kulüp,Takım Sporu,İspanya,Yabancı,Yok,TV+ Yok,Yıllık,Turnuva,Fikstür,Bilgi,Lig/Organizasyon,Jenerik,Türkçe,Body,fik
copa del rey maç sonuçları,Copa del Rey,Futbol,Kupa,Kıta Üstü,Orta,Erkek,Kulüp,Takım Sporu,İspanya,Yabancı,Yok,TV+ Yok,Yıllık,Turnuva,Maç/Skor,Bilgi,Lig/Organizasyon,Jenerik,Türkçe,Long-tail,mac
copa del rey canlı izle,Copa del Rey,Futbol,Kupa,Kıta Üstü,Orta,Erkek,Kulüp,Takım Sporu,İspanya,Yabancı,Yok,TV+ Yok,Yıllık,Turnuva,Canlı İzle,İzleme,Lig/Organizasyon,Jenerik,Türkçe,Long-tail,izle
copa del rey hangi kanalda,Copa del Rey,Futbol,Kupa,Kıta Üstü,Orta,Erkek,Kulüp,Takım Sporu,İspanya,Yabancı,Yok,TV+ Yok,Yıllık,Turnuva,Kanal/Yayın,İzleme,Lig/Organizasyon,Jenerik,İngilizce,Long-tail,kan
ispanya süper kupa,Supercopa de España,Futbol,Kupa,Kıta Üstü,Orta,Erkek,Kulüp,Takım Sporu,İspanya,Yabancı,Yok,TV+ Yok,Yıllık,Turnuva,Jenerik,Bilgi,Lig/Organizasyon,Jenerik,Türkçe,Body,jen
ispanya süper kupa fikstür,Supercopa de España,Futbol,Kupa,Kıta Üstü,Orta,Erkek,Kulüp,Takım Sporu,İspanya,Yabancı,Yok,TV+ Yok,Yıllık,Turnuva,Fikstür,Bilgi,Lig/Organizasyon,Jenerik,Türkçe,Body,fik
ispanya süper kupa maç sonuçları,Supercopa de España,Futbol,Kupa,Kıta Üstü,Orta,Erkek,Kulüp,Takım Sporu,İspanya,Yabancı,Yok,TV+ Yok,Yıllık,Turnuva,Maç/Skor,Bilgi,Lig/Organizasyon,Jenerik,Türkçe,Long-tail,mac
ispanya süper kupa canlı izle,Supercopa de España,Futbol,Kupa,Kıta Üstü,Orta,Erkek,Kulüp,Takım Sporu,İspanya,Yabancı,Yok,TV+ Yok,Yıllık,Turnuva,Canlı İzle,İzleme,Lig/Organizasyon,Jenerik,Türkçe,Long-tail,izle
ispanya süper kupa hangi kanalda,Supercopa de España,Futbol,Kupa,Kıta Üstü,Orta,Erkek,Kulüp,Takım Sporu,İspanya,Yabancı,Yok,TV+ Yok,Yıllık,Turnuva,Kanal/Yayın,İzleme,Lig/Organizasyon,Jenerik,Türkçe,Long-tail,kan
coppa italia,Coppa Italia,Futbol,Kupa,Kıta Üstü,Orta,Erkek,Kulüp,Takım Sporu,İtalya,Yabancı,Yok,TV+ Yok,Yıllık,Turnuva,Jenerik,Bilgi,Lig/Organizasyon,Jenerik,İngilizce,Head,jen
coppa italia fikstür,Coppa Italia,Futbol,Kupa,Kıta Üstü,Orta,Erkek,Kulüp,Takım Sporu,İtalya,Yabancı,Yok,TV+ Yok,Yıllık,Turnuva,Fikstür,Bilgi,Lig/Organizasyon,Jenerik,Türkçe,Body,fik
coppa italia maç sonuçları,Coppa Italia,Futbol,Kupa,Kıta Üstü,Orta,Erkek,Kulüp,Takım Sporu,İtalya,Yabancı,Yok,TV+ Yok,Yıllık,Turnuva,Maç/Skor,Bilgi,Lig/Organizasyon,Jenerik,Türkçe,Body,mac
coppa italia canlı izle,Coppa Italia,Futbol,Kupa,Kıta Üstü,Orta,Erkek,Kulüp,Takım Sporu,İtalya,Yabancı,Yok,TV+ Yok,Yıllık,Turnuva,Canlı İzle,İzleme,Lig/Organizasyon,Jenerik,Türkçe,Body,izle
coppa italia hangi kanalda,Coppa Italia,Futbol,Kupa,Kıta Üstü,Orta,Erkek,Kulüp,Takım Sporu,İtalya,Yabancı,Yok,TV+ Yok,Yıllık,Turnuva,Kanal/Yayın,İzleme,Lig/Organizasyon,Jenerik,İngilizce,Body,kan
italya kupası,Coppa Italia,Futbol,Kupa,Kıta Üstü,Orta,Erkek,Kulüp,Takım Sporu,İtalya,Yabancı,Yok,TV+ Yok,Yıllık,Turnuva,Jenerik,Bilgi,Lig/Organizasyon,Jenerik,Türkçe,Head,jen
italya kupası fikstür,Coppa Italia,Futbol,Kupa,Kıta Üstü,Orta,Erkek,Kulüp,Takım Sporu,İtalya,Yabancı,Yok,TV+ Yok,Yıllık,Turnuva,Fikstür,Bilgi,Lig/Organizasyon,Jenerik,Türkçe,Body,fik
italya kupası maç sonuçları,Coppa Italia,Futbol,Kupa,Kıta Üstü,Orta,Erkek,Kulüp,Takım Sporu,İtalya,Yabancı,Yok,TV+ Yok,Yıllık,Turnuva,Maç/Skor,Bilgi,Lig/Organizasyon,Jenerik,Türkçe,Body,mac
italya kupası canlı izle,Coppa Italia,Futbol,Kupa,Kıta Üstü,Orta,Erkek,Kulüp,Takım Sporu,İtalya,Yabancı,Yok,TV+ Yok,Yıllık,Turnuva,Canlı İzle,İzleme,Lig/Organizasyon,Jenerik,Türkçe,Body,izle
italya kupası hangi kanalda,Coppa Italia,Futbol,Kupa,Kıta Üstü,Orta,Erkek,Kulüp,Takım Sporu,İtalya,Yabancı,Yok,TV+ Yok,Yıllık,Turnuva,Kanal/Yayın,İzleme,Lig/Organizasyon,Jenerik,Türkçe,Body,kan
dfb pokal,DFB Pokal,Futbol,Kupa,Kıta Üstü,Orta,Erkek,Kulüp,Takım Sporu,Almanya,Yabancı,Yok,TV+ Yok,Yıllık,Turnuva,Jenerik,Bilgi,Lig/Organizasyon,Jenerik,İngilizce,Head,jen
dfb pokal fikstür,DFB Pokal,Futbol,Kupa,Kıta Üstü,Orta,Erkek,Kulüp,Takım Sporu,Almanya,Yabancı,Yok,TV+ Yok,Yıllık,Turnuva,Fikstür,Bilgi,Lig/Organizasyon,Jenerik,Türkçe,Body,fik
dfb pokal maç sonuçları,DFB Pokal,Futbol,Kupa,Kıta Üstü,Orta,Erkek,Kulüp,Takım Sporu,Almanya,Yabancı,Yok,TV+ Yok,Yıllık,Turnuva,Maç/Skor,Bilgi,Lig/Organizasyon,Jenerik,Türkçe,Body,mac
dfb pokal canlı izle,DFB Pokal,Futbol,Kupa,Kıta Üstü,Orta,Erkek,Kulüp,Takım Sporu,Almanya,Yabancı,Yok,TV+ Yok,Yıllık,Turnuva,Canlı İzle,İzleme,Lig/Organizasyon,Jenerik,Türkçe,Body,izle
dfb pokal hangi kanalda,DFB Pokal,Futbol,Kupa,Kıta Üstü,Orta,Erkek,Kulüp,Takım Sporu,Almanya,Yabancı,Yok,TV+ Yok,Yıllık,Turnuva,Kanal/Yayın,İzleme,Lig/Organizasyon,Jenerik,İngilizce,Body,kan
almanya kupası,DFB Pokal,Futbol,Kupa,Kıta Üstü,Orta,Erkek,Kulüp,Takım Sporu,Almanya,Yabancı,Yok,TV+ Yok,Yıllık,Turnuva,Jenerik,Bilgi,Lig/Organizasyon,Jenerik,Türkçe,Head,jen
almanya kupası fikstür,DFB Pokal,Futbol,Kupa,Kıta Üstü,Orta,Erkek,Kulüp,Takım Sporu,Almanya,Yabancı,Yok,TV+ Yok,Yıllık,Turnuva,Fikstür,Bilgi,Lig/Organizasyon,Jenerik,Türkçe,Body,fik
almanya kupası maç sonuçları,DFB Pokal,Futbol,Kupa,Kıta Üstü,Orta,Erkek,Kulüp,Takım Sporu,Almanya,Yabancı,Yok,TV+ Yok,Yıllık,Turnuva,Maç/Skor,Bilgi,Lig/Organizasyon,Jenerik,Türkçe,Body,mac
almanya kupası canlı izle,DFB Pokal,Futbol,Kupa,Kıta Üstü,Orta,Erkek,Kulüp,Takım Sporu,Almanya,Yabancı,Yok,TV+ Yok,Yıllık,Turnuva,Canlı İzle,İzleme,Lig/Organizasyon,Jenerik,Türkçe,Body,izle
almanya kupası hangi kanalda,DFB Pokal,Futbol,Kupa,Kıta Üstü,Orta,Erkek,Kulüp,Takım Sporu,Almanya,Yabancı,Yok,TV+ Yok,Yıllık,Turnuva,Kanal/Yayın,İzleme,Lig/Organizasyon,Jenerik,Türkçe,Body,kan
dünya kupası,FIFA Dünya Kupası,Futbol,Dünya Turnuvası,Milli,Global Elit,Erkek,Milli Takım,Takım Sporu,Global,Uluslararası,Türk Takımı Var,TV+ Var,4 Yılda Bir,Turnuva,Jenerik,Bilgi,Lig/Organizasyon,Jenerik,Türkçe,Head,jen
dünya kupası puan durumu,FIFA Dünya Kupası,Futbol,Dünya Turnuvası,Milli,Global Elit,Erkek,Milli Takım,Takım Sporu,Global,Uluslararası,Türk Takımı Var,TV+ Var,4 Yılda Bir,Turnuva,Puan Durumu,Bilgi,Lig/Organizasyon,Jenerik,Türkçe,Body,pd
dünya kupası fikstür,FIFA Dünya Kupası,Futbol,Dünya Turnuvası,Milli,Global Elit,Erkek,Milli Takım,Takım Sporu,Global,Uluslararası,Türk Takımı Var,TV+ Var,4 Yılda Bir,Turnuva,Fikstür,Bilgi,Lig/Organizasyon,Jenerik,Türkçe,Body,fik
dünya kupası maç sonuçları,FIFA Dünya Kupası,Futbol,Dünya Turnuvası,Milli,Global Elit,Erkek,Milli Takım,Takım Sporu,Global,Uluslararası,Türk Takımı Var,TV+ Var,4 Yılda Bir,Turnuva,Maç/Skor,Bilgi,Lig/Organizasyon,Jenerik,Türkçe,Body,mac
dünya kupası canlı izle,FIFA Dünya Kupası,Futbol,Dünya Turnuvası,Milli,Global Elit,Erkek,Milli Takım,Takım Sporu,Global,Uluslararası,Türk Takımı Var,TV+ Var,4 Yılda Bir,Turnuva,Canlı İzle,İzleme,Lig/Organizasyon,Jenerik,Türkçe,Body,izle
dünya kupası hangi kanalda,FIFA Dünya Kupası,Futbol,Dünya Turnuvası,Milli,Global Elit,Erkek,Milli Takım,Takım Sporu,Global,Uluslararası,Türk Takımı Var,TV+ Var,4 Yılda Bir,Turnuva,Kanal/Yayın,İzleme,Lig/Organizasyon,Jenerik,Türkçe,Body,kan
dünya kupası bilet,FIFA Dünya Kupası,Futbol,Dünya Turnuvası,Milli,Global Elit,Erkek,Milli Takım,Takım Sporu,Global,Uluslararası,Türk Takımı Var,TV+ Var,4 Yılda Bir,Turnuva,Bilet,Ticari,Lig/Organizasyon,Jenerik,Türkçe,Body,bil
avrupa şampiyonası futbol,UEFA EURO,Futbol,Kıta Turnuvası,Milli,Global Elit,Erkek,Milli Takım,Takım Sporu,Avrupa,Uluslararası,Türk Takımı Var,Doğrulanacak,4 Yılda Bir,Turnuva,Jenerik,Bilgi,Lig/Organizasyon,Jenerik,Türkçe,Body,jen
avrupa şampiyonası futbol puan durumu,UEFA EURO,Futbol,Kıta Turnuvası,Milli,Global Elit,Erkek,Milli Takım,Takım Sporu,Avrupa,Uluslararası,Türk Takımı Var,Doğrulanacak,4 Yılda Bir,Turnuva,Puan Durumu,Bilgi,Lig/Organizasyon,Jenerik,Türkçe,Long-tail,pd
avrupa şampiyonası futbol fikstür,UEFA EURO,Futbol,Kıta Turnuvası,Milli,Global Elit,Erkek,Milli Takım,Takım Sporu,Avrupa,Uluslararası,Türk Takımı Var,Doğrulanacak,4 Yılda Bir,Turnuva,Fikstür,Bilgi,Lig/Organizasyon,Jenerik,Türkçe,Body,fik
avrupa şampiyonası futbol canlı izle,UEFA EURO,Futbol,Kıta Turnuvası,Milli,Global Elit,Erkek,Milli Takım,Takım Sporu,Avrupa,Uluslararası,Türk Takımı Var,Doğrulanacak,4 Yılda Bir,Turnuva,Canlı İzle,İzleme,Lig/Organizasyon,Jenerik,Türkçe,Long-tail,izle
euro 2028,UEFA EURO,Futbol,Kıta Turnuvası,Milli,Global Elit,Erkek,Milli Takım,Takım Sporu,Avrupa,Uluslararası,Türk Takımı Var,Doğrulanacak,4 Yılda Bir,Turnuva,Jenerik,Bilgi,Lig/Organizasyon,Jenerik,İngilizce,Head,jen
euro 2028 puan durumu,UEFA EURO,Futbol,Kıta Turnuvası,Milli,Global Elit,Erkek,Milli Takım,Takım Sporu,Avrupa,Uluslararası,Türk Takımı Var,Doğrulanacak,4 Yılda Bir,Turnuva,Puan Durumu,Bilgi,Lig/Organizasyon,Jenerik,İngilizce,Body,pd
euro 2028 fikstür,UEFA EURO,Futbol,Kıta Turnuvası,Milli,Global Elit,Erkek,Milli Takım,Takım Sporu,Avrupa,Uluslararası,Türk Takımı Var,Doğrulanacak,4 Yılda Bir,Turnuva,Fikstür,Bilgi,Lig/Organizasyon,Jenerik,Türkçe,Body,fik
euro 2028 canlı izle,UEFA EURO,Futbol,Kıta Turnuvası,Milli,Global Elit,Erkek,Milli Takım,Takım Sporu,Avrupa,Uluslararası,Türk Takımı Var,Doğrulanacak,4 Yılda Bir,Turnuva,Canlı İzle,İzleme,Lig/Organizasyon,Jenerik,Türkçe,Body,izle
uluslar ligi,UEFA Uluslar Ligi,Futbol,Kıta Turnuvası,Milli,Üst,Erkek,Milli Takım,Takım Sporu,Avrupa,Uluslararası,Türk Takımı Var,Doğrulanacak,2 Yılda Bir,Turnuva,Jenerik,Bilgi,Lig/Organizasyon,Jenerik,İngilizce,Head,jen
uluslar ligi puan durumu,UEFA Uluslar Ligi,Futbol,Kıta Turnuvası,Milli,Üst,Erkek,Milli Takım,Takım Sporu,Avrupa,Uluslararası,Türk Takımı Var,Doğrulanacak,2 Yılda Bir,Turnuva,Puan Durumu,Bilgi,Lig/Organizasyon,Jenerik,İngilizce,Body,pd
uluslar ligi fikstür,UEFA Uluslar Ligi,Futbol,Kıta Turnuvası,Milli,Üst,Erkek,Milli Takım,Takım Sporu,Avrupa,Uluslararası,Türk Takımı Var,Doğrulanacak,2 Yılda Bir,Turnuva,Fikstür,Bilgi,Lig/Organizasyon,Jenerik,Türkçe,Body,fik
uluslar ligi canlı izle,UEFA Uluslar Ligi,Futbol,Kıta Turnuvası,Milli,Üst,Erkek,Milli Takım,Takım Sporu,Avrupa,Uluslararası,Türk Takımı Var,Doğrulanacak,2 Yılda Bir,Turnuva,Canlı İzle,İzleme,Lig/Organizasyon,Jenerik,Türkçe,Body,izle
uefa uluslar ligi,UEFA Uluslar Ligi,Futbol,Kıta Turnuvası,Milli,Üst,Erkek,Milli Takım,Takım Sporu,Avrupa,Uluslararası,Türk Takımı Var,Doğrulanacak,2 Yılda Bir,Turnuva,Jenerik,Bilgi,Lig/Organizasyon,Jenerik,İngilizce,Body,jen
uefa uluslar ligi puan durumu,UEFA Uluslar Ligi,Futbol,Kıta Turnuvası,Milli,Üst,Erkek,Milli Takım,Takım Sporu,Avrupa,Uluslararası,Türk Takımı Var,Doğrulanacak,2 Yılda Bir,Turnuva,Puan Durumu,Bilgi,Lig/Organizasyon,Jenerik,İngilizce,Long-tail,pd
uefa uluslar ligi fikstür,UEFA Uluslar Ligi,Futbol,Kıta Turnuvası,Milli,Üst,Erkek,Milli Takım,Takım Sporu,Avrupa,Uluslararası,Türk Takımı Var,Doğrulanacak,2 Yılda Bir,Turnuva,Fikstür,Bilgi,Lig/Organizasyon,Jenerik,Türkçe,Body,fik
uefa uluslar ligi canlı izle,UEFA Uluslar Ligi,Futbol,Kıta Turnuvası,Milli,Üst,Erkek,Milli Takım,Takım Sporu,Avrupa,Uluslararası,Türk Takımı Var,Doğrulanacak,2 Yılda Bir,Turnuva,Canlı İzle,İzleme,Lig/Organizasyon,Jenerik,Türkçe,Long-tail,izle
kupa amerika,Copa America,Futbol,Kıta Turnuvası,Milli,Üst,Erkek,Milli Takım,Takım Sporu,Güney Amerika,Uluslararası,Yok,Doğrulanacak,4 Yılda Bir,Turnuva,Jenerik,Bilgi,Lig/Organizasyon,Jenerik,İngilizce,Head,jen
kupa amerika fikstür,Copa America,Futbol,Kıta Turnuvası,Milli,Üst,Erkek,Milli Takım,Takım Sporu,Güney Amerika,Uluslararası,Yok,Doğrulanacak,4 Yılda Bir,Turnuva,Fikstür,Bilgi,Lig/Organizasyon,Jenerik,Türkçe,Body,fik
kupa amerika canlı izle,Copa America,Futbol,Kıta Turnuvası,Milli,Üst,Erkek,Milli Takım,Takım Sporu,Güney Amerika,Uluslararası,Yok,Doğrulanacak,4 Yılda Bir,Turnuva,Canlı İzle,İzleme,Lig/Organizasyon,Jenerik,Türkçe,Body,izle
copa america,Copa America,Futbol,Kıta Turnuvası,Milli,Üst,Erkek,Milli Takım,Takım Sporu,Güney Amerika,Uluslararası,Yok,Doğrulanacak,4 Yılda Bir,Turnuva,Jenerik,Bilgi,Lig/Organizasyon,Jenerik,İngilizce,Head,jen
copa america fikstür,Copa America,Futbol,Kıta Turnuvası,Milli,Üst,Erkek,Milli Takım,Takım Sporu,Güney Amerika,Uluslararası,Yok,Doğrulanacak,4 Yılda Bir,Turnuva,Fikstür,Bilgi,Lig/Organizasyon,Jenerik,Türkçe,Body,fik
copa america canlı izle,Copa America,Futbol,Kıta Turnuvası,Milli,Üst,Erkek,Milli Takım,Takım Sporu,Güney Amerika,Uluslararası,Yok,Doğrulanacak,4 Yılda Bir,Turnuva,Canlı İzle,İzleme,Lig/Organizasyon,Jenerik,Türkçe,Body,izle
afrika uluslar kupası,Afrika Uluslar Kupası,Futbol,Kıta Turnuvası,Milli,Orta,Erkek,Milli Takım,Takım Sporu,Afrika,Uluslararası,Yok,Doğrulanacak,2 Yılda Bir,Turnuva,Jenerik,Bilgi,Lig/Organizasyon,Jenerik,Türkçe,Body,jen
afrika uluslar kupası fikstür,Afrika Uluslar Kupası,Futbol,Kıta Turnuvası,Milli,Orta,Erkek,Milli Takım,Takım Sporu,Afrika,Uluslararası,Yok,Doğrulanacak,2 Yılda Bir,Turnuva,Fikstür,Bilgi,Lig/Organizasyon,Jenerik,Türkçe,Body,fik
afrika uluslar kupası canlı izle,Afrika Uluslar Kupası,Futbol,Kıta Turnuvası,Milli,Orta,Erkek,Milli Takım,Takım Sporu,Afrika,Uluslararası,Yok,Doğrulanacak,2 Yılda Bir,Turnuva,Canlı İzle,İzleme,Lig/Organizasyon,Jenerik,Türkçe,Long-tail,izle
kulüpler dünya kupası,FIFA Kulüpler Dünya Kupası,Futbol,Dünya Turnuvası,Kıta Üstü,Üst,Erkek,Kulüp,Takım Sporu,Global,Uluslararası,Yok,Doğrulanacak,4 Yılda Bir,Turnuva,Jenerik,Bilgi,Lig/Organizasyon,Jenerik,Türkçe,Body,jen
kulüpler dünya kupası fikstür,FIFA Kulüpler Dünya Kupası,Futbol,Dünya Turnuvası,Kıta Üstü,Üst,Erkek,Kulüp,Takım Sporu,Global,Uluslararası,Yok,Doğrulanacak,4 Yılda Bir,Turnuva,Fikstür,Bilgi,Lig/Organizasyon,Jenerik,Türkçe,Body,fik
kulüpler dünya kupası canlı izle,FIFA Kulüpler Dünya Kupası,Futbol,Dünya Turnuvası,Kıta Üstü,Üst,Erkek,Kulüp,Takım Sporu,Global,Uluslararası,Yok,Doğrulanacak,4 Yılda Bir,Turnuva,Canlı İzle,İzleme,Lig/Organizasyon,Jenerik,Türkçe,Long-tail,izle
kulüpler dünya kupası hangi kanalda,FIFA Kulüpler Dünya Kupası,Futbol,Dünya Turnuvası,Kıta Üstü,Üst,Erkek,Kulüp,Takım Sporu,Global,Uluslararası,Yok,Doğrulanacak,4 Yılda Bir,Turnuva,Kanal/Yayın,İzleme,Lig/Organizasyon,Jenerik,Türkçe,Long-tail,kan
libertadores,Copa Libertadores,Futbol,Kıta Turnuvası,Kıta Üstü,Orta,Erkek,Kulüp,Takım Sporu,Güney Amerika,Uluslararası,Yok,TV+ Yok,Yıllık,Turnuva,Jenerik,Bilgi,Lig/Organizasyon,Jenerik,İngilizce,Head,jen
libertadores fikstür,Copa Libertadores,Futbol,Kıta Turnuvası,Kıta Üstü,Orta,Erkek,Kulüp,Takım Sporu,Güney Amerika,Uluslararası,Yok,TV+ Yok,Yıllık,Turnuva,Fikstür,Bilgi,Lig/Organizasyon,Jenerik,Türkçe,Head,fik
libertadores canlı izle,Copa Libertadores,Futbol,Kıta Turnuvası,Kıta Üstü,Orta,Erkek,Kulüp,Takım Sporu,Güney Amerika,Uluslararası,Yok,TV+ Yok,Yıllık,Turnuva,Canlı İzle,İzleme,Lig/Organizasyon,Jenerik,Türkçe,Body,izle
nba,NBA,Basketbol,Lig,1. Seviye,Global Elit,Erkek,Kulüp,Takım Sporu,ABD,Yabancı,Türk Sporcu Var,TV+ Var,Yıllık,Sürekli Lig,Jenerik,Bilgi,Lig/Organizasyon,Jenerik,İngilizce,Head,jen
nba puan durumu,NBA,Basketbol,Lig,1. Seviye,Global Elit,Erkek,Kulüp,Takım Sporu,ABD,Yabancı,Türk Sporcu Var,TV+ Var,Yıllık,Sürekli Lig,Puan Durumu,Bilgi,Lig/Organizasyon,Jenerik,İngilizce,Body,pd
nba fikstür,NBA,Basketbol,Lig,1. Seviye,Global Elit,Erkek,Kulüp,Takım Sporu,ABD,Yabancı,Türk Sporcu Var,TV+ Var,Yıllık,Sürekli Lig,Fikstür,Bilgi,Lig/Organizasyon,Jenerik,Türkçe,Head,fik
nba maç sonuçları,NBA,Basketbol,Lig,1. Seviye,Global Elit,Erkek,Kulüp,Takım Sporu,ABD,Yabancı,Türk Sporcu Var,TV+ Var,Yıllık,Sürekli Lig,Maç/Skor,Bilgi,Lig/Organizasyon,Jenerik,Türkçe,Body,mac
nba canlı izle,NBA,Basketbol,Lig,1. Seviye,Global Elit,Erkek,Kulüp,Takım Sporu,ABD,Yabancı,Türk Sporcu Var,TV+ Var,Yıllık,Sürekli Lig,Canlı İzle,İzleme,Lig/Organizasyon,Jenerik,Türkçe,Body,izle
nba hangi kanalda,NBA,Basketbol,Lig,1. Seviye,Global Elit,Erkek,Kulüp,Takım Sporu,ABD,Yabancı,Türk Sporcu Var,TV+ Var,Yıllık,Sürekli Lig,Kanal/Yayın,İzleme,Lig/Organizasyon,Jenerik,İngilizce,Body,kan
nba sıralama,NBA,Basketbol,Lig,1. Seviye,Global Elit,Erkek,Kulüp,Takım Sporu,ABD,Yabancı,Türk Sporcu Var,TV+ Var,Yıllık,Sürekli Lig,İstatistik,Bilgi,Lig/Organizasyon,Jenerik,Türkçe,Head,sir
euroleague,EuroLeague,Basketbol,Kıta Turnuvası,Kıta Üstü,Global Elit,Erkek,Kulüp,Takım Sporu,Avrupa,Uluslararası,Türk Takımı Var,TV+ Var,Yıllık,Sürekli Lig,Jenerik,Bilgi,Lig/Organizasyon,Jenerik,İngilizce,Head,jen
euroleague puan durumu,EuroLeague,Basketbol,Kıta Turnuvası,Kıta Üstü,Global Elit,Erkek,Kulüp,Takım Sporu,Avrupa,Uluslararası,Türk Takımı Var,TV+ Var,Yıllık,Sürekli Lig,Puan Durumu,Bilgi,Lig/Organizasyon,Jenerik,İngilizce,Body,pd
euroleague fikstür,EuroLeague,Basketbol,Kıta Turnuvası,Kıta Üstü,Global Elit,Erkek,Kulüp,Takım Sporu,Avrupa,Uluslararası,Türk Takımı Var,TV+ Var,Yıllık,Sürekli Lig,Fikstür,Bilgi,Lig/Organizasyon,Jenerik,Türkçe,Head,fik
euroleague maç sonuçları,EuroLeague,Basketbol,Kıta Turnuvası,Kıta Üstü,Global Elit,Erkek,Kulüp,Takım Sporu,Avrupa,Uluslararası,Türk Takımı Var,TV+ Var,Yıllık,Sürekli Lig,Maç/Skor,Bilgi,Lig/Organizasyon,Jenerik,Türkçe,Body,mac
euroleague canlı izle,EuroLeague,Basketbol,Kıta Turnuvası,Kıta Üstü,Global Elit,Erkek,Kulüp,Takım Sporu,Avrupa,Uluslararası,Türk Takımı Var,TV+ Var,Yıllık,Sürekli Lig,Canlı İzle,İzleme,Lig/Organizasyon,Jenerik,Türkçe,Body,izle
euroleague hangi kanalda,EuroLeague,Basketbol,Kıta Turnuvası,Kıta Üstü,Global Elit,Erkek,Kulüp,Takım Sporu,Avrupa,Uluslararası,Türk Takımı Var,TV+ Var,Yıllık,Sürekli Lig,Kanal/Yayın,İzleme,Lig/Organizasyon,Jenerik,İngilizce,Body,kan
euroleague kadro,EuroLeague,Basketbol,Kıta Turnuvası,Kıta Üstü,Global Elit,Erkek,Kulüp,Takım Sporu,Avrupa,Uluslararası,Türk Takımı Var,TV+ Var,Yıllık,Sürekli Lig,Kadro,Bilgi,Lig/Organizasyon,Jenerik,İngilizce,Head,kad
euroliga,EuroLeague,Basketbol,Kıta Turnuvası,Kıta Üstü,Global Elit,Erkek,Kulüp,Takım Sporu,Avrupa,Uluslararası,Türk Takımı Var,TV+ Var,Yıllık,Sürekli Lig,Jenerik,Bilgi,Lig/Organizasyon,Jenerik,İngilizce,Head,jen
euroliga puan durumu,EuroLeague,Basketbol,Kıta Turnuvası,Kıta Üstü,Global Elit,Erkek,Kulüp,Takım Sporu,Avrupa,Uluslararası,Türk Takımı Var,TV+ Var,Yıllık,Sürekli Lig,Puan Durumu,Bilgi,Lig/Organizasyon,Jenerik,İngilizce,Body,pd
euroliga fikstür,EuroLeague,Basketbol,Kıta Turnuvası,Kıta Üstü,Global Elit,Erkek,Kulüp,Takım Sporu,Avrupa,Uluslararası,Türk Takımı Var,TV+ Var,Yıllık,Sürekli Lig,Fikstür,Bilgi,Lig/Organizasyon,Jenerik,Türkçe,Head,fik
euroliga maç sonuçları,EuroLeague,Basketbol,Kıta Turnuvası,Kıta Üstü,Global Elit,Erkek,Kulüp,Takım Sporu,Avrupa,Uluslararası,Türk Takımı Var,TV+ Var,Yıllık,Sürekli Lig,Maç/Skor,Bilgi,Lig/Organizasyon,Jenerik,Türkçe,Body,mac
euroliga canlı izle,EuroLeague,Basketbol,Kıta Turnuvası,Kıta Üstü,Global Elit,Erkek,Kulüp,Takım Sporu,Avrupa,Uluslararası,Türk Takımı Var,TV+ Var,Yıllık,Sürekli Lig,Canlı İzle,İzleme,Lig/Organizasyon,Jenerik,Türkçe,Body,izle
euroliga hangi kanalda,EuroLeague,Basketbol,Kıta Turnuvası,Kıta Üstü,Global Elit,Erkek,Kulüp,Takım Sporu,Avrupa,Uluslararası,Türk Takımı Var,TV+ Var,Yıllık,Sürekli Lig,Kanal/Yayın,İzleme,Lig/Organizasyon,Jenerik,İngilizce,Body,kan
euroliga kadro,EuroLeague,Basketbol,Kıta Turnuvası,Kıta Üstü,Global Elit,Erkek,Kulüp,Takım Sporu,Avrupa,Uluslararası,Türk Takımı Var,TV+ Var,Yıllık,Sürekli Lig,Kadro,Bilgi,Lig/Organizasyon,Jenerik,İngilizce,Head,kad
eurocup,EuroCup,Basketbol,Kıta Turnuvası,Kıta Üstü,Orta,Erkek,Kulüp,Takım Sporu,Avrupa,Uluslararası,Türk Takımı Var,Doğrulanacak,Yıllık,Sürekli Lig,Jenerik,Bilgi,Lig/Organizasyon,Jenerik,İngilizce,Head,jen
eurocup puan durumu,EuroCup,Basketbol,Kıta Turnuvası,Kıta Üstü,Orta,Erkek,Kulüp,Takım Sporu,Avrupa,Uluslararası,Türk Takımı Var,Doğrulanacak,Yıllık,Sürekli Lig,Puan Durumu,Bilgi,Lig/Organizasyon,Jenerik,İngilizce,Body,pd
eurocup fikstür,EuroCup,Basketbol,Kıta Turnuvası,Kıta Üstü,Orta,Erkek,Kulüp,Takım Sporu,Avrupa,Uluslararası,Türk Takımı Var,Doğrulanacak,Yıllık,Sürekli Lig,Fikstür,Bilgi,Lig/Organizasyon,Jenerik,Türkçe,Head,fik
eurocup canlı izle,EuroCup,Basketbol,Kıta Turnuvası,Kıta Üstü,Orta,Erkek,Kulüp,Takım Sporu,Avrupa,Uluslararası,Türk Takımı Var,Doğrulanacak,Yıllık,Sürekli Lig,Canlı İzle,İzleme,Lig/Organizasyon,Jenerik,Türkçe,Body,izle
basketbol süper ligi,Basketbol Süper Ligi,Basketbol,Lig,1. Seviye,Üst,Erkek,Kulüp,Takım Sporu,Türkiye,Yerli,Türk Takımı Var,Doğrulanacak,Yıllık,Sürekli Lig,Jenerik,Bilgi,Lig/Organizasyon,Jenerik,Türkçe,Body,jen
basketbol süper ligi puan durumu,Basketbol Süper Ligi,Basketbol,Lig,1. Seviye,Üst,Erkek,Kulüp,Takım Sporu,Türkiye,Yerli,Türk Takımı Var,Doğrulanacak,Yıllık,Sürekli Lig,Puan Durumu,Bilgi,Lig/Organizasyon,Jenerik,Türkçe,Long-tail,pd
basketbol süper ligi fikstür,Basketbol Süper Ligi,Basketbol,Lig,1. Seviye,Üst,Erkek,Kulüp,Takım Sporu,Türkiye,Yerli,Türk Takımı Var,Doğrulanacak,Yıllık,Sürekli Lig,Fikstür,Bilgi,Lig/Organizasyon,Jenerik,Türkçe,Body,fik
basketbol süper ligi canlı izle,Basketbol Süper Ligi,Basketbol,Lig,1. Seviye,Üst,Erkek,Kulüp,Takım Sporu,Türkiye,Yerli,Türk Takımı Var,Doğrulanacak,Yıllık,Sürekli Lig,Canlı İzle,İzleme,Lig/Organizasyon,Jenerik,Türkçe,Long-tail,izle
türkiye sigorta basketbol süper ligi,Basketbol Süper Ligi,Basketbol,Lig,1. Seviye,Üst,Erkek,Kulüp,Takım Sporu,Türkiye,Yerli,Türk Takımı Var,Doğrulanacak,Yıllık,Sürekli Lig,Jenerik,Bilgi,Lig/Organizasyon,Jenerik,Türkçe,Long-tail,jen
türkiye sigorta basketbol süper ligi puan durumu,Basketbol Süper Ligi,Basketbol,Lig,1. Seviye,Üst,Erkek,Kulüp,Takım Sporu,Türkiye,Yerli,Türk Takımı Var,Doğrulanacak,Yıllık,Sürekli Lig,Puan Durumu,Bilgi,Lig/Organizasyon,Jenerik,Türkçe,Long-tail,pd
türkiye sigorta basketbol süper ligi fikstür,Basketbol Süper Ligi,Basketbol,Lig,1. Seviye,Üst,Erkek,Kulüp,Takım Sporu,Türkiye,Yerli,Türk Takımı Var,Doğrulanacak,Yıllık,Sürekli Lig,Fikstür,Bilgi,Lig/Organizasyon,Jenerik,Türkçe,Long-tail,fik
türkiye sigorta basketbol süper ligi canlı izle,Basketbol Süper Ligi,Basketbol,Lig,1. Seviye,Üst,Erkek,Kulüp,Takım Sporu,Türkiye,Yerli,Türk Takımı Var,Doğrulanacak,Yıllık,Sürekli Lig,Canlı İzle,İzleme,Lig/Organizasyon,Jenerik,Türkçe,Long-tail,izle
fiba şampiyonlar ligi,FIBA Şampiyonlar Ligi,Basketbol,Kıta Turnuvası,Kıta Üstü,Niş,Erkek,Kulüp,Takım Sporu,Avrupa,Uluslararası,Türk Takımı Var,Doğrulanacak,Yıllık,Turnuva,Jenerik,Bilgi,Lig/Organizasyon,Jenerik,Türkçe,Body,jen
fiba şampiyonlar ligi puan durumu,FIBA Şampiyonlar Ligi,Basketbol,Kıta Turnuvası,Kıta Üstü,Niş,Erkek,Kulüp,Takım Sporu,Avrupa,Uluslararası,Türk Takımı Var,Doğrulanacak,Yıllık,Turnuva,Puan Durumu,Bilgi,Lig/Organizasyon,Jenerik,Türkçe,Long-tail,pd
fiba şampiyonlar ligi fikstür,FIBA Şampiyonlar Ligi,Basketbol,Kıta Turnuvası,Kıta Üstü,Niş,Erkek,Kulüp,Takım Sporu,Avrupa,Uluslararası,Türk Takımı Var,Doğrulanacak,Yıllık,Turnuva,Fikstür,Bilgi,Lig/Organizasyon,Jenerik,Türkçe,Body,fik
eurobasket,EuroBasket,Basketbol,Kıta Turnuvası,Milli,Üst,Erkek,Milli Takım,Takım Sporu,Avrupa,Uluslararası,Türk Takımı Var,Doğrulanacak,4 Yılda Bir,Turnuva,Jenerik,Bilgi,Lig/Organizasyon,Jenerik,İngilizce,Head,jen
eurobasket puan durumu,EuroBasket,Basketbol,Kıta Turnuvası,Milli,Üst,Erkek,Milli Takım,Takım Sporu,Avrupa,Uluslararası,Türk Takımı Var,Doğrulanacak,4 Yılda Bir,Turnuva,Puan Durumu,Bilgi,Lig/Organizasyon,Jenerik,İngilizce,Body,pd
eurobasket fikstür,EuroBasket,Basketbol,Kıta Turnuvası,Milli,Üst,Erkek,Milli Takım,Takım Sporu,Avrupa,Uluslararası,Türk Takımı Var,Doğrulanacak,4 Yılda Bir,Turnuva,Fikstür,Bilgi,Lig/Organizasyon,Jenerik,Türkçe,Head,fik
eurobasket canlı izle,EuroBasket,Basketbol,Kıta Turnuvası,Milli,Üst,Erkek,Milli Takım,Takım Sporu,Avrupa,Uluslararası,Türk Takımı Var,Doğrulanacak,4 Yılda Bir,Turnuva,Canlı İzle,İzleme,Lig/Organizasyon,Jenerik,Türkçe,Body,izle
basketbol avrupa şampiyonası,EuroBasket,Basketbol,Kıta Turnuvası,Milli,Üst,Erkek,Milli Takım,Takım Sporu,Avrupa,Uluslararası,Türk Takımı Var,Doğrulanacak,4 Yılda Bir,Turnuva,Jenerik,Bilgi,Lig/Organizasyon,Jenerik,Türkçe,Body,jen
basketbol avrupa şampiyonası puan durumu,EuroBasket,Basketbol,Kıta Turnuvası,Milli,Üst,Erkek,Milli Takım,Takım Sporu,Avrupa,Uluslararası,Türk Takımı Var,Doğrulanacak,4 Yılda Bir,Turnuva,Puan Durumu,Bilgi,Lig/Organizasyon,Jenerik,Türkçe,Long-tail,pd
basketbol avrupa şampiyonası fikstür,EuroBasket,Basketbol,Kıta Turnuvası,Milli,Üst,Erkek,Milli Takım,Takım Sporu,Avrupa,Uluslararası,Türk Takımı Var,Doğrulanacak,4 Yılda Bir,Turnuva,Fikstür,Bilgi,Lig/Organizasyon,Jenerik,Türkçe,Body,fik
basketbol avrupa şampiyonası canlı izle,EuroBasket,Basketbol,Kıta Turnuvası,Milli,Üst,Erkek,Milli Takım,Takım Sporu,Avrupa,Uluslararası,Türk Takımı Var,Doğrulanacak,4 Yılda Bir,Turnuva,Canlı İzle,İzleme,Lig/Organizasyon,Jenerik,Türkçe,Long-tail,izle
fiba dünya kupası,FIBA Dünya Kupası,Basketbol,Dünya Turnuvası,Milli,Üst,Erkek,Milli Takım,Takım Sporu,Global,Uluslararası,Türk Takımı Var,Doğrulanacak,4 Yılda Bir,Turnuva,Jenerik,Bilgi,Lig/Organizasyon,Jenerik,Türkçe,Body,jen
fiba dünya kupası fikstür,FIBA Dünya Kupası,Basketbol,Dünya Turnuvası,Milli,Üst,Erkek,Milli Takım,Takım Sporu,Global,Uluslararası,Türk Takımı Var,Doğrulanacak,4 Yılda Bir,Turnuva,Fikstür,Bilgi,Lig/Organizasyon,Jenerik,Türkçe,Body,fik
fiba dünya kupası canlı izle,FIBA Dünya Kupası,Basketbol,Dünya Turnuvası,Milli,Üst,Erkek,Milli Takım,Takım Sporu,Global,Uluslararası,Türk Takımı Var,Doğrulanacak,4 Yılda Bir,Turnuva,Canlı İzle,İzleme,Lig/Organizasyon,Jenerik,Türkçe,Long-tail,izle
12 dev adam,Basketbol A Milli Takımı,Basketbol,Milli,Milli,Üst,Erkek,Milli Takım,Takım Sporu,Türkiye,Yerli,Türk Takımı Var,Doğrulanacak,Sürekli,Turnuva,Jenerik,Bilgi,Lig/Organizasyon,Jenerik,İngilizce,Body,jen
12 dev adam fikstür,Basketbol A Milli Takımı,Basketbol,Milli,Milli,Üst,Erkek,Milli Takım,Takım Sporu,Türkiye,Yerli,Türk Takımı Var,Doğrulanacak,Sürekli,Turnuva,Fikstür,Bilgi,Lig/Organizasyon,Jenerik,Türkçe,Body,fik
12 dev adam canlı izle,Basketbol A Milli Takımı,Basketbol,Milli,Milli,Üst,Erkek,Milli Takım,Takım Sporu,Türkiye,Yerli,Türk Takımı Var,Doğrulanacak,Sürekli,Turnuva,Canlı İzle,İzleme,Lig/Organizasyon,Jenerik,Türkçe,Long-tail,izle
12 dev adam kadro,Basketbol A Milli Takımı,Basketbol,Milli,Milli,Üst,Erkek,Milli Takım,Takım Sporu,Türkiye,Yerli,Türk Takımı Var,Doğrulanacak,Sürekli,Turnuva,Kadro,Bilgi,Lig/Organizasyon,Jenerik,İngilizce,Body,kad
basketbol milli takım,Basketbol A Milli Takımı,Basketbol,Milli,Milli,Üst,Erkek,Milli Takım,Takım Sporu,Türkiye,Yerli,Türk Takımı Var,Doğrulanacak,Sürekli,Turnuva,Jenerik,Bilgi,Lig/Organizasyon,Jenerik,Türkçe,Body,jen
basketbol milli takım fikstür,Basketbol A Milli Takımı,Basketbol,Milli,Milli,Üst,Erkek,Milli Takım,Takım Sporu,Türkiye,Yerli,Türk Takımı Var,Doğrulanacak,Sürekli,Turnuva,Fikstür,Bilgi,Lig/Organizasyon,Jenerik,Türkçe,Body,fik
basketbol milli takım canlı izle,Basketbol A Milli Takımı,Basketbol,Milli,Milli,Üst,Erkek,Milli Takım,Takım Sporu,Türkiye,Yerli,Türk Takımı Var,Doğrulanacak,Sürekli,Turnuva,Canlı İzle,İzleme,Lig/Organizasyon,Jenerik,Türkçe,Long-tail,izle
basketbol milli takım kadro,Basketbol A Milli Takımı,Basketbol,Milli,Milli,Üst,Erkek,Milli Takım,Takım Sporu,Türkiye,Yerli,Türk Takımı Var,Doğrulanacak,Sürekli,Turnuva,Kadro,Bilgi,Lig/Organizasyon,Jenerik,Türkçe,Body,kad
wnba,WNBA,Basketbol,Lig,1. Seviye,Niş,Kadın,Kulüp,Takım Sporu,ABD,Yabancı,Türk Sporcu Var,Doğrulanacak,Yıllık,Sürekli Lig,Jenerik,Bilgi,Lig/Organizasyon,Jenerik,İngilizce,Head,jen
wnba puan durumu,WNBA,Basketbol,Lig,1. Seviye,Niş,Kadın,Kulüp,Takım Sporu,ABD,Yabancı,Türk Sporcu Var,Doğrulanacak,Yıllık,Sürekli Lig,Puan Durumu,Bilgi,Lig/Organizasyon,Jenerik,İngilizce,Body,pd
wnba fikstür,WNBA,Basketbol,Lig,1. Seviye,Niş,Kadın,Kulüp,Takım Sporu,ABD,Yabancı,Türk Sporcu Var,Doğrulanacak,Yıllık,Sürekli Lig,Fikstür,Bilgi,Lig/Organizasyon,Jenerik,Türkçe,Head,fik
kadınlar euroleague,Kadınlar EuroLeague,Basketbol,Kıta Turnuvası,Kıta Üstü,Niş,Kadın,Kulüp,Takım Sporu,Avrupa,Uluslararası,Türk Takımı Var,Doğrulanacak,Yıllık,Sürekli Lig,Jenerik,Bilgi,Lig/Organizasyon,Jenerik,Türkçe,Head,jen
kadınlar euroleague puan durumu,Kadınlar EuroLeague,Basketbol,Kıta Turnuvası,Kıta Üstü,Niş,Kadın,Kulüp,Takım Sporu,Avrupa,Uluslararası,Türk Takımı Var,Doğrulanacak,Yıllık,Sürekli Lig,Puan Durumu,Bilgi,Lig/Organizasyon,Jenerik,Türkçe,Body,pd
kadınlar euroleague fikstür,Kadınlar EuroLeague,Basketbol,Kıta Turnuvası,Kıta Üstü,Niş,Kadın,Kulüp,Takım Sporu,Avrupa,Uluslararası,Türk Takımı Var,Doğrulanacak,Yıllık,Sürekli Lig,Fikstür,Bilgi,Lig/Organizasyon,Jenerik,Türkçe,Body,fik
kadınlar basketbol ligi,Kadınlar Basketbol Süper Ligi,Basketbol,Lig,1. Seviye,Niş,Kadın,Kulüp,Takım Sporu,Türkiye,Yerli,Türk Takımı Var,Doğrulanacak,Yıllık,Sürekli Lig,Jenerik,Bilgi,Lig/Organizasyon,Jenerik,Türkçe,Body,jen
kadınlar basketbol ligi puan durumu,Kadınlar Basketbol Süper Ligi,Basketbol,Lig,1. Seviye,Niş,Kadın,Kulüp,Takım Sporu,Türkiye,Yerli,Türk Takımı Var,Doğrulanacak,Yıllık,Sürekli Lig,Puan Durumu,Bilgi,Lig/Organizasyon,Jenerik,Türkçe,Long-tail,pd
kadınlar basketbol ligi fikstür,Kadınlar Basketbol Süper Ligi,Basketbol,Lig,1. Seviye,Niş,Kadın,Kulüp,Takım Sporu,Türkiye,Yerli,Türk Takımı Var,Doğrulanacak,Yıllık,Sürekli Lig,Fikstür,Bilgi,Lig/Organizasyon,Jenerik,Türkçe,Body,fik
ncaa,NCAA Basketbol,Basketbol,Kupa,Alt Seviye,Niş,Erkek,Kulüp,Takım Sporu,ABD,Yabancı,Yok,TV+ Yok,Yıllık,Turnuva,Jenerik,Bilgi,Lig/Organizasyon,Jenerik,İngilizce,Head,jen
ncaa fikstür,NCAA Basketbol,Basketbol,Kupa,Alt Seviye,Niş,Erkek,Kulüp,Takım Sporu,ABD,Yabancı,Yok,TV+ Yok,Yıllık,Turnuva,Fikstür,Bilgi,Lig/Organizasyon,Jenerik,Türkçe,Head,fik
ncaa canlı izle,NCAA Basketbol,Basketbol,Kupa,Alt Seviye,Niş,Erkek,Kulüp,Takım Sporu,ABD,Yabancı,Yok,TV+ Yok,Yıllık,Turnuva,Canlı İzle,İzleme,Lig/Organizasyon,Jenerik,Türkçe,Body,izle
march madness,NCAA Basketbol,Basketbol,Kupa,Alt Seviye,Niş,Erkek,Kulüp,Takım Sporu,ABD,Yabancı,Yok,TV+ Yok,Yıllık,Turnuva,Jenerik,Bilgi,Lig/Organizasyon,Jenerik,İngilizce,Head,jen
march madness fikstür,NCAA Basketbol,Basketbol,Kupa,Alt Seviye,Niş,Erkek,Kulüp,Takım Sporu,ABD,Yabancı,Yok,TV+ Yok,Yıllık,Turnuva,Fikstür,Bilgi,Lig/Organizasyon,Jenerik,Türkçe,Body,fik
march madness canlı izle,NCAA Basketbol,Basketbol,Kupa,Alt Seviye,Niş,Erkek,Kulüp,Takım Sporu,ABD,Yabancı,Yok,TV+ Yok,Yıllık,Turnuva,Canlı İzle,İzleme,Lig/Organizasyon,Jenerik,Türkçe,Body,izle
sultanlar ligi,Sultanlar Ligi,Voleybol,Lig,1. Seviye,Üst,Kadın,Kulüp,Takım Sporu,Türkiye,Yerli,Türk Takımı Var,Doğrulanacak,Yıllık,Sürekli Lig,Jenerik,Bilgi,Lig/Organizasyon,Jenerik,İngilizce,Head,jen
sultanlar ligi puan durumu,Sultanlar Ligi,Voleybol,Lig,1. Seviye,Üst,Kadın,Kulüp,Takım Sporu,Türkiye,Yerli,Türk Takımı Var,Doğrulanacak,Yıllık,Sürekli Lig,Puan Durumu,Bilgi,Lig/Organizasyon,Jenerik,İngilizce,Body,pd
sultanlar ligi fikstür,Sultanlar Ligi,Voleybol,Lig,1. Seviye,Üst,Kadın,Kulüp,Takım Sporu,Türkiye,Yerli,Türk Takımı Var,Doğrulanacak,Yıllık,Sürekli Lig,Fikstür,Bilgi,Lig/Organizasyon,Jenerik,Türkçe,Body,fik
sultanlar ligi maç sonuçları,Sultanlar Ligi,Voleybol,Lig,1. Seviye,Üst,Kadın,Kulüp,Takım Sporu,Türkiye,Yerli,Türk Takımı Var,Doğrulanacak,Yıllık,Sürekli Lig,Maç/Skor,Bilgi,Lig/Organizasyon,Jenerik,Türkçe,Body,mac
sultanlar ligi canlı izle,Sultanlar Ligi,Voleybol,Lig,1. Seviye,Üst,Kadın,Kulüp,Takım Sporu,Türkiye,Yerli,Türk Takımı Var,Doğrulanacak,Yıllık,Sürekli Lig,Canlı İzle,İzleme,Lig/Organizasyon,Jenerik,Türkçe,Body,izle
sultanlar ligi hangi kanalda,Sultanlar Ligi,Voleybol,Lig,1. Seviye,Üst,Kadın,Kulüp,Takım Sporu,Türkiye,Yerli,Türk Takımı Var,Doğrulanacak,Yıllık,Sürekli Lig,Kanal/Yayın,İzleme,Lig/Organizasyon,Jenerik,İngilizce,Body,kan
efeler ligi,Efeler Ligi,Voleybol,Lig,1. Seviye,Orta,Erkek,Kulüp,Takım Sporu,Türkiye,Yerli,Türk Takımı Var,Doğrulanacak,Yıllık,Sürekli Lig,Jenerik,Bilgi,Lig/Organizasyon,Jenerik,İngilizce,Head,jen
efeler ligi puan durumu,Efeler Ligi,Voleybol,Lig,1. Seviye,Orta,Erkek,Kulüp,Takım Sporu,Türkiye,Yerli,Türk Takımı Var,Doğrulanacak,Yıllık,Sürekli Lig,Puan Durumu,Bilgi,Lig/Organizasyon,Jenerik,İngilizce,Body,pd
efeler ligi fikstür,Efeler Ligi,Voleybol,Lig,1. Seviye,Orta,Erkek,Kulüp,Takım Sporu,Türkiye,Yerli,Türk Takımı Var,Doğrulanacak,Yıllık,Sürekli Lig,Fikstür,Bilgi,Lig/Organizasyon,Jenerik,Türkçe,Body,fik
efeler ligi canlı izle,Efeler Ligi,Voleybol,Lig,1. Seviye,Orta,Erkek,Kulüp,Takım Sporu,Türkiye,Yerli,Türk Takımı Var,Doğrulanacak,Yıllık,Sürekli Lig,Canlı İzle,İzleme,Lig/Organizasyon,Jenerik,Türkçe,Body,izle
efeler ligi hangi kanalda,Efeler Ligi,Voleybol,Lig,1. Seviye,Orta,Erkek,Kulüp,Takım Sporu,Türkiye,Yerli,Türk Takımı Var,Doğrulanacak,Yıllık,Sürekli Lig,Kanal/Yayın,İzleme,Lig/Organizasyon,Jenerik,İngilizce,Body,kan
filenin sultanları,Kadın Voleybol Milli Takımı,Voleybol,Milli,Milli,Global Elit,Kadın,Milli Takım,Takım Sporu,Türkiye,Yerli,Türk Takımı Var,TV+ Var,Sürekli,Turnuva,Jenerik,Bilgi,Lig/Organizasyon,Jenerik,Türkçe,Head,jen
filenin sultanları fikstür,Kadın Voleybol Milli Takımı,Voleybol,Milli,Milli,Global Elit,Kadın,Milli Takım,Takım Sporu,Türkiye,Yerli,Türk Takımı Var,TV+ Var,Sürekli,Turnuva,Fikstür,Bilgi,Lig/Organizasyon,Jenerik,Türkçe,Body,fik
filenin sultanları maç sonuçları,Kadın Voleybol Milli Takımı,Voleybol,Milli,Milli,Global Elit,Kadın,Milli Takım,Takım Sporu,Türkiye,Yerli,Türk Takımı Var,TV+ Var,Sürekli,Turnuva,Maç/Skor,Bilgi,Lig/Organizasyon,Jenerik,Türkçe,Body,mac
filenin sultanları canlı izle,Kadın Voleybol Milli Takımı,Voleybol,Milli,Milli,Global Elit,Kadın,Milli Takım,Takım Sporu,Türkiye,Yerli,Türk Takımı Var,TV+ Var,Sürekli,Turnuva,Canlı İzle,İzleme,Lig/Organizasyon,Jenerik,Türkçe,Body,izle
filenin sultanları hangi kanalda,Kadın Voleybol Milli Takımı,Voleybol,Milli,Milli,Global Elit,Kadın,Milli Takım,Takım Sporu,Türkiye,Yerli,Türk Takımı Var,TV+ Var,Sürekli,Turnuva,Kanal/Yayın,İzleme,Lig/Organizasyon,Jenerik,Türkçe,Body,kan
filenin sultanları kadro,Kadın Voleybol Milli Takımı,Voleybol,Milli,Milli,Global Elit,Kadın,Milli Takım,Takım Sporu,Türkiye,Yerli,Türk Takımı Var,TV+ Var,Sürekli,Turnuva,Kadro,Bilgi,Lig/Organizasyon,Jenerik,Türkçe,Body,kad
kadın voleybol milli takım,Kadın Voleybol Milli Takımı,Voleybol,Milli,Milli,Global Elit,Kadın,Milli Takım,Takım Sporu,Türkiye,Yerli,Türk Takımı Var,TV+ Var,Sürekli,Turnuva,Jenerik,Bilgi,Lig/Organizasyon,Jenerik,Türkçe,Body,jen
kadın voleybol milli takım fikstür,Kadın Voleybol Milli Takımı,Voleybol,Milli,Milli,Global Elit,Kadın,Milli Takım,Takım Sporu,Türkiye,Yerli,Türk Takımı Var,TV+ Var,Sürekli,Turnuva,Fikstür,Bilgi,Lig/Organizasyon,Jenerik,Türkçe,Long-tail,fik
kadın voleybol milli takım maç sonuçları,Kadın Voleybol Milli Takımı,Voleybol,Milli,Milli,Global Elit,Kadın,Milli Takım,Takım Sporu,Türkiye,Yerli,Türk Takımı Var,TV+ Var,Sürekli,Turnuva,Maç/Skor,Bilgi,Lig/Organizasyon,Jenerik,Türkçe,Long-tail,mac
kadın voleybol milli takım canlı izle,Kadın Voleybol Milli Takımı,Voleybol,Milli,Milli,Global Elit,Kadın,Milli Takım,Takım Sporu,Türkiye,Yerli,Türk Takımı Var,TV+ Var,Sürekli,Turnuva,Canlı İzle,İzleme,Lig/Organizasyon,Jenerik,Türkçe,Long-tail,izle
kadın voleybol milli takım hangi kanalda,Kadın Voleybol Milli Takımı,Voleybol,Milli,Milli,Global Elit,Kadın,Milli Takım,Takım Sporu,Türkiye,Yerli,Türk Takımı Var,TV+ Var,Sürekli,Turnuva,Kanal/Yayın,İzleme,Lig/Organizasyon,Jenerik,Türkçe,Long-tail,kan
kadın voleybol milli takım kadro,Kadın Voleybol Milli Takımı,Voleybol,Milli,Milli,Global Elit,Kadın,Milli Takım,Takım Sporu,Türkiye,Yerli,Türk Takımı Var,TV+ Var,Sürekli,Turnuva,Kadro,Bilgi,Lig/Organizasyon,Jenerik,Türkçe,Long-tail,kad
filenin efeleri,Erkek Voleybol Milli Takımı,Voleybol,Milli,Milli,Üst,Erkek,Milli Takım,Takım Sporu,Türkiye,Yerli,Türk Takımı Var,TV+ Var,Sürekli,Turnuva,Jenerik,Bilgi,Lig/Organizasyon,Jenerik,İngilizce,Head,jen
filenin efeleri fikstür,Erkek Voleybol Milli Takımı,Voleybol,Milli,Milli,Üst,Erkek,Milli Takım,Takım Sporu,Türkiye,Yerli,Türk Takımı Var,TV+ Var,Sürekli,Turnuva,Fikstür,Bilgi,Lig/Organizasyon,Jenerik,Türkçe,Body,fik
filenin efeleri canlı izle,Erkek Voleybol Milli Takımı,Voleybol,Milli,Milli,Üst,Erkek,Milli Takım,Takım Sporu,Türkiye,Yerli,Türk Takımı Var,TV+ Var,Sürekli,Turnuva,Canlı İzle,İzleme,Lig/Organizasyon,Jenerik,Türkçe,Body,izle
filenin efeleri hangi kanalda,Erkek Voleybol Milli Takımı,Voleybol,Milli,Milli,Üst,Erkek,Milli Takım,Takım Sporu,Türkiye,Yerli,Türk Takımı Var,TV+ Var,Sürekli,Turnuva,Kanal/Yayın,İzleme,Lig/Organizasyon,Jenerik,İngilizce,Body,kan
filenin efeleri kadro,Erkek Voleybol Milli Takımı,Voleybol,Milli,Milli,Üst,Erkek,Milli Takım,Takım Sporu,Türkiye,Yerli,Türk Takımı Var,TV+ Var,Sürekli,Turnuva,Kadro,Bilgi,Lig/Organizasyon,Jenerik,İngilizce,Body,kad
erkek voleybol milli takım,Erkek Voleybol Milli Takımı,Voleybol,Milli,Milli,Üst,Erkek,Milli Takım,Takım Sporu,Türkiye,Yerli,Türk Takımı Var,TV+ Var,Sürekli,Turnuva,Jenerik,Bilgi,Lig/Organizasyon,Jenerik,Türkçe,Body,jen
erkek voleybol milli takım fikstür,Erkek Voleybol Milli Takımı,Voleybol,Milli,Milli,Üst,Erkek,Milli Takım,Takım Sporu,Türkiye,Yerli,Türk Takımı Var,TV+ Var,Sürekli,Turnuva,Fikstür,Bilgi,Lig/Organizasyon,Jenerik,Türkçe,Long-tail,fik
erkek voleybol milli takım canlı izle,Erkek Voleybol Milli Takımı,Voleybol,Milli,Milli,Üst,Erkek,Milli Takım,Takım Sporu,Türkiye,Yerli,Türk Takımı Var,TV+ Var,Sürekli,Turnuva,Canlı İzle,İzleme,Lig/Organizasyon,Jenerik,Türkçe,Long-tail,izle
erkek voleybol milli takım hangi kanalda,Erkek Voleybol Milli Takımı,Voleybol,Milli,Milli,Üst,Erkek,Milli Takım,Takım Sporu,Türkiye,Yerli,Türk Takımı Var,TV+ Var,Sürekli,Turnuva,Kanal/Yayın,İzleme,Lig/Organizasyon,Jenerik,Türkçe,Long-tail,kan
erkek voleybol milli takım kadro,Erkek Voleybol Milli Takımı,Voleybol,Milli,Milli,Üst,Erkek,Milli Takım,Takım Sporu,Türkiye,Yerli,Türk Takımı Var,TV+ Var,Sürekli,Turnuva,Kadro,Bilgi,Lig/Organizasyon,Jenerik,Türkçe,Long-tail,kad
cev şampiyonlar ligi,CEV Şampiyonlar Ligi,Voleybol,Kıta Turnuvası,Kıta Üstü,Orta,Karma,Kulüp,Takım Sporu,Avrupa,Uluslararası,Türk Takımı Var,Doğrulanacak,Yıllık,Turnuva,Jenerik,Bilgi,Lig/Organizasyon,Jenerik,Türkçe,Body,jen
cev şampiyonlar ligi fikstür,CEV Şampiyonlar Ligi,Voleybol,Kıta Turnuvası,Kıta Üstü,Orta,Karma,Kulüp,Takım Sporu,Avrupa,Uluslararası,Türk Takımı Var,Doğrulanacak,Yıllık,Turnuva,Fikstür,Bilgi,Lig/Organizasyon,Jenerik,Türkçe,Body,fik
cev şampiyonlar ligi canlı izle,CEV Şampiyonlar Ligi,Voleybol,Kıta Turnuvası,Kıta Üstü,Orta,Karma,Kulüp,Takım Sporu,Avrupa,Uluslararası,Türk Takımı Var,Doğrulanacak,Yıllık,Turnuva,Canlı İzle,İzleme,Lig/Organizasyon,Jenerik,Türkçe,Long-tail,izle
voleybol milletler ligi,FIVB Milletler Ligi,Voleybol,Dünya Turnuvası,Milli,Üst,Karma,Milli Takım,Takım Sporu,Global,Uluslararası,Türk Takımı Var,Doğrulanacak,Yıllık,Turnuva,Jenerik,Bilgi,Lig/Organizasyon,Jenerik,İngilizce,Body,jen
voleybol milletler ligi puan durumu,FIVB Milletler Ligi,Voleybol,Dünya Turnuvası,Milli,Üst,Karma,Milli Takım,Takım Sporu,Global,Uluslararası,Türk Takımı Var,Doğrulanacak,Yıllık,Turnuva,Puan Durumu,Bilgi,Lig/Organizasyon,Jenerik,İngilizce,Long-tail,pd
voleybol milletler ligi fikstür,FIVB Milletler Ligi,Voleybol,Dünya Turnuvası,Milli,Üst,Karma,Milli Takım,Takım Sporu,Global,Uluslararası,Türk Takımı Var,Doğrulanacak,Yıllık,Turnuva,Fikstür,Bilgi,Lig/Organizasyon,Jenerik,Türkçe,Body,fik
voleybol milletler ligi canlı izle,FIVB Milletler Ligi,Voleybol,Dünya Turnuvası,Milli,Üst,Karma,Milli Takım,Takım Sporu,Global,Uluslararası,Türk Takımı Var,Doğrulanacak,Yıllık,Turnuva,Canlı İzle,İzleme,Lig/Organizasyon,Jenerik,Türkçe,Long-tail,izle
vnl,FIVB Milletler Ligi,Voleybol,Dünya Turnuvası,Milli,Üst,Karma,Milli Takım,Takım Sporu,Global,Uluslararası,Türk Takımı Var,Doğrulanacak,Yıllık,Turnuva,Jenerik,Bilgi,Lig/Organizasyon,Jenerik,İngilizce,Head,jen
vnl puan durumu,FIVB Milletler Ligi,Voleybol,Dünya Turnuvası,Milli,Üst,Karma,Milli Takım,Takım Sporu,Global,Uluslararası,Türk Takımı Var,Doğrulanacak,Yıllık,Turnuva,Puan Durumu,Bilgi,Lig/Organizasyon,Jenerik,İngilizce,Body,pd
vnl fikstür,FIVB Milletler Ligi,Voleybol,Dünya Turnuvası,Milli,Üst,Karma,Milli Takım,Takım Sporu,Global,Uluslararası,Türk Takımı Var,Doğrulanacak,Yıllık,Turnuva,Fikstür,Bilgi,Lig/Organizasyon,Jenerik,Türkçe,Head,fik
vnl canlı izle,FIVB Milletler Ligi,Voleybol,Dünya Turnuvası,Milli,Üst,Karma,Milli Takım,Takım Sporu,Global,Uluslararası,Türk Takımı Var,Doğrulanacak,Yıllık,Turnuva,Canlı İzle,İzleme,Lig/Organizasyon,Jenerik,Türkçe,Body,izle
voleybol dünya şampiyonası,Voleybol Dünya Şampiyonası,Voleybol,Dünya Turnuvası,Milli,Üst,Karma,Milli Takım,Takım Sporu,Global,Uluslararası,Türk Takımı Var,Doğrulanacak,4 Yılda Bir,Turnuva,Jenerik,Bilgi,Lig/Organizasyon,Jenerik,Türkçe,Body,jen
voleybol dünya şampiyonası fikstür,Voleybol Dünya Şampiyonası,Voleybol,Dünya Turnuvası,Milli,Üst,Karma,Milli Takım,Takım Sporu,Global,Uluslararası,Türk Takımı Var,Doğrulanacak,4 Yılda Bir,Turnuva,Fikstür,Bilgi,Lig/Organizasyon,Jenerik,Türkçe,Body,fik
voleybol dünya şampiyonası canlı izle,Voleybol Dünya Şampiyonası,Voleybol,Dünya Turnuvası,Milli,Üst,Karma,Milli Takım,Takım Sporu,Global,Uluslararası,Türk Takımı Var,Doğrulanacak,4 Yılda Bir,Turnuva,Canlı İzle,İzleme,Lig/Organizasyon,Jenerik,Türkçe,Long-tail,izle
voleybol avrupa şampiyonası,Voleybol Avrupa Şampiyonası,Voleybol,Kıta Turnuvası,Milli,Orta,Karma,Milli Takım,Takım Sporu,Avrupa,Uluslararası,Türk Takımı Var,Doğrulanacak,2 Yılda Bir,Turnuva,Jenerik,Bilgi,Lig/Organizasyon,Jenerik,Türkçe,Body,jen
voleybol avrupa şampiyonası fikstür,Voleybol Avrupa Şampiyonası,Voleybol,Kıta Turnuvası,Milli,Orta,Karma,Milli Takım,Takım Sporu,Avrupa,Uluslararası,Türk Takımı Var,Doğrulanacak,2 Yılda Bir,Turnuva,Fikstür,Bilgi,Lig/Organizasyon,Jenerik,Türkçe,Body,fik
voleybol avrupa şampiyonası canlı izle,Voleybol Avrupa Şampiyonası,Voleybol,Kıta Turnuvası,Milli,Orta,Karma,Milli Takım,Takım Sporu,Avrupa,Uluslararası,Türk Takımı Var,Doğrulanacak,2 Yılda Bir,Turnuva,Canlı İzle,İzleme,Lig/Organizasyon,Jenerik,Türkçe,Long-tail,izle
ufc,UFC,Dövüş Sporları,Bireysel Sıralama Serisi,Kıta Üstü,Global Elit,Karma,Bireysel,Bireysel Spor,Global,Uluslararası,Yok,TV+ Var,Sürekli,Tek Etkinlik,Jenerik,Bilgi,Lig/Organizasyon,Jenerik,İngilizce,Head,jen
ufc fikstür,UFC,Dövüş Sporları,Bireysel Sıralama Serisi,Kıta Üstü,Global Elit,Karma,Bireysel,Bireysel Spor,Global,Uluslararası,Yok,TV+ Var,Sürekli,Tek Etkinlik,Fikstür,Bilgi,Lig/Organizasyon,Jenerik,Türkçe,Head,fik
ufc canlı izle,UFC,Dövüş Sporları,Bireysel Sıralama Serisi,Kıta Üstü,Global Elit,Karma,Bireysel,Bireysel Spor,Global,Uluslararası,Yok,TV+ Var,Sürekli,Tek Etkinlik,Canlı İzle,İzleme,Lig/Organizasyon,Jenerik,Türkçe,Body,izle
ufc hangi kanalda,UFC,Dövüş Sporları,Bireysel Sıralama Serisi,Kıta Üstü,Global Elit,Karma,Bireysel,Bireysel Spor,Global,Uluslararası,Yok,TV+ Var,Sürekli,Tek Etkinlik,Kanal/Yayın,İzleme,Lig/Organizasyon,Jenerik,İngilizce,Body,kan
ufc takvim,UFC,Dövüş Sporları,Bireysel Sıralama Serisi,Kıta Üstü,Global Elit,Karma,Bireysel,Bireysel Spor,Global,Uluslararası,Yok,TV+ Var,Sürekli,Tek Etkinlik,Takvim/Saat,Bilgi,Lig/Organizasyon,Jenerik,İngilizce,Head,tak
ufc sıralama,UFC,Dövüş Sporları,Bireysel Sıralama Serisi,Kıta Üstü,Global Elit,Karma,Bireysel,Bireysel Spor,Global,Uluslararası,Yok,TV+ Var,Sürekli,Tek Etkinlik,İstatistik,Bilgi,Lig/Organizasyon,Jenerik,Türkçe,Head,sir
boks,Boks,Dövüş Sporları,Bireysel Sıralama Serisi,Kıta Üstü,Üst,Karma,Bireysel,Bireysel Spor,Global,Uluslararası,Türk Sporcu Var,Doğrulanacak,Sürekli,Tek Etkinlik,Jenerik,Bilgi,Lig/Organizasyon,Jenerik,İngilizce,Head,jen
boks canlı izle,Boks,Dövüş Sporları,Bireysel Sıralama Serisi,Kıta Üstü,Üst,Karma,Bireysel,Bireysel Spor,Global,Uluslararası,Türk Sporcu Var,Doğrulanacak,Sürekli,Tek Etkinlik,Canlı İzle,İzleme,Lig/Organizasyon,Jenerik,Türkçe,Body,izle
boks hangi kanalda,Boks,Dövüş Sporları,Bireysel Sıralama Serisi,Kıta Üstü,Üst,Karma,Bireysel,Bireysel Spor,Global,Uluslararası,Türk Sporcu Var,Doğrulanacak,Sürekli,Tek Etkinlik,Kanal/Yayın,İzleme,Lig/Organizasyon,Jenerik,İngilizce,Body,kan
boks takvim,Boks,Dövüş Sporları,Bireysel Sıralama Serisi,Kıta Üstü,Üst,Karma,Bireysel,Bireysel Spor,Global,Uluslararası,Türk Sporcu Var,Doğrulanacak,Sürekli,Tek Etkinlik,Takvim/Saat,Bilgi,Lig/Organizasyon,Jenerik,İngilizce,Head,tak
boks maçı,Boks,Dövüş Sporları,Bireysel Sıralama Serisi,Kıta Üstü,Üst,Karma,Bireysel,Bireysel Spor,Global,Uluslararası,Türk Sporcu Var,Doğrulanacak,Sürekli,Tek Etkinlik,Jenerik,Bilgi,Lig/Organizasyon,Jenerik,Türkçe,Head,jen
boks maçı canlı izle,Boks,Dövüş Sporları,Bireysel Sıralama Serisi,Kıta Üstü,Üst,Karma,Bireysel,Bireysel Spor,Global,Uluslararası,Türk Sporcu Var,Doğrulanacak,Sürekli,Tek Etkinlik,Canlı İzle,İzleme,Lig/Organizasyon,Jenerik,Türkçe,Body,izle
boks maçı hangi kanalda,Boks,Dövüş Sporları,Bireysel Sıralama Serisi,Kıta Üstü,Üst,Karma,Bireysel,Bireysel Spor,Global,Uluslararası,Türk Sporcu Var,Doğrulanacak,Sürekli,Tek Etkinlik,Kanal/Yayın,İzleme,Lig/Organizasyon,Jenerik,Türkçe,Body,kan
boks maçı takvim,Boks,Dövüş Sporları,Bireysel Sıralama Serisi,Kıta Üstü,Üst,Karma,Bireysel,Bireysel Spor,Global,Uluslararası,Türk Sporcu Var,Doğrulanacak,Sürekli,Tek Etkinlik,Takvim/Saat,Bilgi,Lig/Organizasyon,Jenerik,Türkçe,Body,tak
wwe,WWE,Dövüş Sporları,Bireysel Sıralama Serisi,Kıta Üstü,Üst,Karma,Bireysel,Bireysel Spor,ABD,Yabancı,Yok,TV+ Yok,Sürekli,Tek Etkinlik,Jenerik,Bilgi,Lig/Organizasyon,Jenerik,İngilizce,Head,jen
wwe canlı izle,WWE,Dövüş Sporları,Bireysel Sıralama Serisi,Kıta Üstü,Üst,Karma,Bireysel,Bireysel Spor,ABD,Yabancı,Yok,TV+ Yok,Sürekli,Tek Etkinlik,Canlı İzle,İzleme,Lig/Organizasyon,Jenerik,Türkçe,Body,izle
wwe hangi kanalda,WWE,Dövüş Sporları,Bireysel Sıralama Serisi,Kıta Üstü,Üst,Karma,Bireysel,Bireysel Spor,ABD,Yabancı,Yok,TV+ Yok,Sürekli,Tek Etkinlik,Kanal/Yayın,İzleme,Lig/Organizasyon,Jenerik,İngilizce,Body,kan
wwe takvim,WWE,Dövüş Sporları,Bireysel Sıralama Serisi,Kıta Üstü,Üst,Karma,Bireysel,Bireysel Spor,ABD,Yabancı,Yok,TV+ Yok,Sürekli,Tek Etkinlik,Takvim/Saat,Bilgi,Lig/Organizasyon,Jenerik,İngilizce,Head,tak
pfl,PFL,Dövüş Sporları,Bireysel Sıralama Serisi,Kıta Üstü,Niş,Karma,Bireysel,Bireysel Spor,Global,Uluslararası,Yok,Doğrulanacak,Yıllık,Tek Etkinlik,Jenerik,Bilgi,Lig/Organizasyon,Jenerik,İngilizce,Head,jen
pfl canlı izle,PFL,Dövüş Sporları,Bireysel Sıralama Serisi,Kıta Üstü,Niş,Karma,Bireysel,Bireysel Spor,Global,Uluslararası,Yok,Doğrulanacak,Yıllık,Tek Etkinlik,Canlı İzle,İzleme,Lig/Organizasyon,Jenerik,Türkçe,Body,izle
pfl takvim,PFL,Dövüş Sporları,Bireysel Sıralama Serisi,Kıta Üstü,Niş,Karma,Bireysel,Bireysel Spor,Global,Uluslararası,Yok,Doğrulanacak,Yıllık,Tek Etkinlik,Takvim/Saat,Bilgi,Lig/Organizasyon,Jenerik,İngilizce,Head,tak
one championship,ONE Championship,Dövüş Sporları,Bireysel Sıralama Serisi,Kıta Üstü,Niş,Karma,Bireysel,Bireysel Spor,Asya,Yabancı,Yok,Doğrulanacak,Sürekli,Tek Etkinlik,Jenerik,Bilgi,Lig/Organizasyon,Jenerik,İngilizce,Head,jen
one championship canlı izle,ONE Championship,Dövüş Sporları,Bireysel Sıralama Serisi,Kıta Üstü,Niş,Karma,Bireysel,Bireysel Spor,Asya,Yabancı,Yok,Doğrulanacak,Sürekli,Tek Etkinlik,Canlı İzle,İzleme,Lig/Organizasyon,Jenerik,Türkçe,Body,izle
bellator,Bellator,Dövüş Sporları,Bireysel Sıralama Serisi,Kıta Üstü,Niş,Karma,Bireysel,Bireysel Spor,ABD,Yabancı,Yok,TV+ Yok,Sürekli,Tek Etkinlik,Jenerik,Bilgi,Lig/Organizasyon,Jenerik,İngilizce,Head,jen
bellator canlı izle,Bellator,Dövüş Sporları,Bireysel Sıralama Serisi,Kıta Üstü,Niş,Karma,Bireysel,Bireysel Spor,ABD,Yabancı,Yok,TV+ Yok,Sürekli,Tek Etkinlik,Canlı İzle,İzleme,Lig/Organizasyon,Jenerik,Türkçe,Body,izle
kırkpınar,Yağlı Güreş,Dövüş Sporları,Kupa,Milli,Orta,Erkek,Bireysel,Bireysel Spor,Türkiye,Yerli,Türk Sporcu Var,Doğrulanacak,Yıllık,Tek Etkinlik,Jenerik,Bilgi,Lig/Organizasyon,Jenerik,Türkçe,Head,jen
kırkpınar canlı izle,Yağlı Güreş,Dövüş Sporları,Kupa,Milli,Orta,Erkek,Bireysel,Bireysel Spor,Türkiye,Yerli,Türk Sporcu Var,Doğrulanacak,Yıllık,Tek Etkinlik,Canlı İzle,İzleme,Lig/Organizasyon,Jenerik,Türkçe,Body,izle
kırkpınar takvim,Yağlı Güreş,Dövüş Sporları,Kupa,Milli,Orta,Erkek,Bireysel,Bireysel Spor,Türkiye,Yerli,Türk Sporcu Var,Doğrulanacak,Yıllık,Tek Etkinlik,Takvim/Saat,Bilgi,Lig/Organizasyon,Jenerik,Türkçe,Head,tak
yağlı güreş,Yağlı Güreş,Dövüş Sporları,Kupa,Milli,Orta,Erkek,Bireysel,Bireysel Spor,Türkiye,Yerli,Türk Sporcu Var,Doğrulanacak,Yıllık,Tek Etkinlik,Jenerik,Bilgi,Lig/Organizasyon,Jenerik,Türkçe,Head,jen
yağlı güreş canlı izle,Yağlı Güreş,Dövüş Sporları,Kupa,Milli,Orta,Erkek,Bireysel,Bireysel Spor,Türkiye,Yerli,Türk Sporcu Var,Doğrulanacak,Yıllık,Tek Etkinlik,Canlı İzle,İzleme,Lig/Organizasyon,Jenerik,Türkçe,Body,izle
yağlı güreş takvim,Yağlı Güreş,Dövüş Sporları,Kupa,Milli,Orta,Erkek,Bireysel,Bireysel Spor,Türkiye,Yerli,Türk Sporcu Var,Doğrulanacak,Yıllık,Tek Etkinlik,Takvim/Saat,Bilgi,Lig/Organizasyon,Jenerik,Türkçe,Body,tak
güreş,Güreş,Dövüş Sporları,Bireysel Sıralama Serisi,Milli,Orta,Karma,Bireysel,Bireysel Spor,Global,Uluslararası,Türk Sporcu Var,Doğrulanacak,Sürekli,Turnuva,Jenerik,Bilgi,Lig/Organizasyon,Jenerik,Türkçe,Head,jen
güreş canlı izle,Güreş,Dövüş Sporları,Bireysel Sıralama Serisi,Milli,Orta,Karma,Bireysel,Bireysel Spor,Global,Uluslararası,Türk Sporcu Var,Doğrulanacak,Sürekli,Turnuva,Canlı İzle,İzleme,Lig/Organizasyon,Jenerik,Türkçe,Body,izle
kickboks,Kickboks,Dövüş Sporları,Bireysel Sıralama Serisi,Kıta Üstü,Niş,Karma,Bireysel,Bireysel Spor,Global,Uluslararası,Türk Sporcu Var,Doğrulanacak,Sürekli,Tek Etkinlik,Jenerik,Bilgi,Lig/Organizasyon,Jenerik,İngilizce,Head,jen
kickboks canlı izle,Kickboks,Dövüş Sporları,Bireysel Sıralama Serisi,Kıta Üstü,Niş,Karma,Bireysel,Bireysel Spor,Global,Uluslararası,Türk Sporcu Var,Doğrulanacak,Sürekli,Tek Etkinlik,Canlı İzle,İzleme,Lig/Organizasyon,Jenerik,Türkçe,Body,izle
judo,Judo,Dövüş Sporları,Bireysel Sıralama Serisi,Milli,Niş,Karma,Bireysel,Bireysel Spor,Global,Uluslararası,Türk Sporcu Var,Doğrulanacak,Sürekli,Turnuva,Jenerik,Bilgi,Lig/Organizasyon,Jenerik,İngilizce,Head,jen
taekwondo,Taekwondo,Dövüş Sporları,Bireysel Sıralama Serisi,Milli,Niş,Karma,Bireysel,Bireysel Spor,Global,Uluslararası,Türk Sporcu Var,Doğrulanacak,Sürekli,Turnuva,Jenerik,Bilgi,Lig/Organizasyon,Jenerik,İngilizce,Head,jen
formula 1,Formula 1,Motor Sporları,Bireysel Sıralama Serisi,1. Seviye,Global Elit,Erkek,Bireysel,Bireysel Spor,Global,Uluslararası,Yok,TV+ Yok,Yıllık,Yarış Takvimi,Jenerik,Bilgi,Lig/Organizasyon,Jenerik,İngilizce,Head,jen
formula 1 puan durumu,Formula 1,Motor Sporları,Bireysel Sıralama Serisi,1. Seviye,Global Elit,Erkek,Bireysel,Bireysel Spor,Global,Uluslararası,Yok,TV+ Yok,Yıllık,Yarış Takvimi,Puan Durumu,Bilgi,Lig/Organizasyon,Jenerik,İngilizce,Body,pd
formula 1 canlı izle,Formula 1,Motor Sporları,Bireysel Sıralama Serisi,1. Seviye,Global Elit,Erkek,Bireysel,Bireysel Spor,Global,Uluslararası,Yok,TV+ Yok,Yıllık,Yarış Takvimi,Canlı İzle,İzleme,Lig/Organizasyon,Jenerik,Türkçe,Body,izle
formula 1 hangi kanalda,Formula 1,Motor Sporları,Bireysel Sıralama Serisi,1. Seviye,Global Elit,Erkek,Bireysel,Bireysel Spor,Global,Uluslararası,Yok,TV+ Yok,Yıllık,Yarış Takvimi,Kanal/Yayın,İzleme,Lig/Organizasyon,Jenerik,İngilizce,Body,kan
formula 1 takvim,Formula 1,Motor Sporları,Bireysel Sıralama Serisi,1. Seviye,Global Elit,Erkek,Bireysel,Bireysel Spor,Global,Uluslararası,Yok,TV+ Yok,Yıllık,Yarış Takvimi,Takvim/Saat,Bilgi,Lig/Organizasyon,Jenerik,İngilizce,Body,tak
formula 1 sıralama,Formula 1,Motor Sporları,Bireysel Sıralama Serisi,1. Seviye,Global Elit,Erkek,Bireysel,Bireysel Spor,Global,Uluslararası,Yok,TV+ Yok,Yıllık,Yarış Takvimi,İstatistik,Bilgi,Lig/Organizasyon,Jenerik,Türkçe,Body,sir
formula 1 bilet,Formula 1,Motor Sporları,Bireysel Sıralama Serisi,1. Seviye,Global Elit,Erkek,Bireysel,Bireysel Spor,Global,Uluslararası,Yok,TV+ Yok,Yıllık,Yarış Takvimi,Bilet,Ticari,Lig/Organizasyon,Jenerik,İngilizce,Body,bil
f1,Formula 1,Motor Sporları,Bireysel Sıralama Serisi,1. Seviye,Global Elit,Erkek,Bireysel,Bireysel Spor,Global,Uluslararası,Yok,TV+ Yok,Yıllık,Yarış Takvimi,Jenerik,Bilgi,Lig/Organizasyon,Jenerik,İngilizce,Head,jen
f1 puan durumu,Formula 1,Motor Sporları,Bireysel Sıralama Serisi,1. Seviye,Global Elit,Erkek,Bireysel,Bireysel Spor,Global,Uluslararası,Yok,TV+ Yok,Yıllık,Yarış Takvimi,Puan Durumu,Bilgi,Lig/Organizasyon,Jenerik,İngilizce,Body,pd
f1 canlı izle,Formula 1,Motor Sporları,Bireysel Sıralama Serisi,1. Seviye,Global Elit,Erkek,Bireysel,Bireysel Spor,Global,Uluslararası,Yok,TV+ Yok,Yıllık,Yarış Takvimi,Canlı İzle,İzleme,Lig/Organizasyon,Jenerik,Türkçe,Body,izle
f1 hangi kanalda,Formula 1,Motor Sporları,Bireysel Sıralama Serisi,1. Seviye,Global Elit,Erkek,Bireysel,Bireysel Spor,Global,Uluslararası,Yok,TV+ Yok,Yıllık,Yarış Takvimi,Kanal/Yayın,İzleme,Lig/Organizasyon,Jenerik,İngilizce,Body,kan
f1 takvim,Formula 1,Motor Sporları,Bireysel Sıralama Serisi,1. Seviye,Global Elit,Erkek,Bireysel,Bireysel Spor,Global,Uluslararası,Yok,TV+ Yok,Yıllık,Yarış Takvimi,Takvim/Saat,Bilgi,Lig/Organizasyon,Jenerik,İngilizce,Head,tak
f1 sıralama,Formula 1,Motor Sporları,Bireysel Sıralama Serisi,1. Seviye,Global Elit,Erkek,Bireysel,Bireysel Spor,Global,Uluslararası,Yok,TV+ Yok,Yıllık,Yarış Takvimi,İstatistik,Bilgi,Lig/Organizasyon,Jenerik,Türkçe,Head,sir
f1 bilet,Formula 1,Motor Sporları,Bireysel Sıralama Serisi,1. Seviye,Global Elit,Erkek,Bireysel,Bireysel Spor,Global,Uluslararası,Yok,TV+ Yok,Yıllık,Yarış Takvimi,Bilet,Ticari,Lig/Organizasyon,Jenerik,İngilizce,Head,bil
motogp,MotoGP,Motor Sporları,Bireysel Sıralama Serisi,1. Seviye,Üst,Erkek,Bireysel,Bireysel Spor,Global,Uluslararası,Yok,TV+ Var,Yıllık,Yarış Takvimi,Jenerik,Bilgi,Lig/Organizasyon,Jenerik,İngilizce,Head,jen
motogp puan durumu,MotoGP,Motor Sporları,Bireysel Sıralama Serisi,1. Seviye,Üst,Erkek,Bireysel,Bireysel Spor,Global,Uluslararası,Yok,TV+ Var,Yıllık,Yarış Takvimi,Puan Durumu,Bilgi,Lig/Organizasyon,Jenerik,İngilizce,Body,pd
motogp canlı izle,MotoGP,Motor Sporları,Bireysel Sıralama Serisi,1. Seviye,Üst,Erkek,Bireysel,Bireysel Spor,Global,Uluslararası,Yok,TV+ Var,Yıllık,Yarış Takvimi,Canlı İzle,İzleme,Lig/Organizasyon,Jenerik,Türkçe,Body,izle
motogp hangi kanalda,MotoGP,Motor Sporları,Bireysel Sıralama Serisi,1. Seviye,Üst,Erkek,Bireysel,Bireysel Spor,Global,Uluslararası,Yok,TV+ Var,Yıllık,Yarış Takvimi,Kanal/Yayın,İzleme,Lig/Organizasyon,Jenerik,İngilizce,Body,kan
motogp takvim,MotoGP,Motor Sporları,Bireysel Sıralama Serisi,1. Seviye,Üst,Erkek,Bireysel,Bireysel Spor,Global,Uluslararası,Yok,TV+ Var,Yıllık,Yarış Takvimi,Takvim/Saat,Bilgi,Lig/Organizasyon,Jenerik,İngilizce,Head,tak
motogp sıralama,MotoGP,Motor Sporları,Bireysel Sıralama Serisi,1. Seviye,Üst,Erkek,Bireysel,Bireysel Spor,Global,Uluslararası,Yok,TV+ Var,Yıllık,Yarış Takvimi,İstatistik,Bilgi,Lig/Organizasyon,Jenerik,Türkçe,Head,sir
moto2,Moto2,Motor Sporları,Bireysel Sıralama Serisi,2. Seviye,Niş,Erkek,Bireysel,Bireysel Spor,Global,Uluslararası,Türk Sporcu Var,Doğrulanacak,Yıllık,Yarış Takvimi,Jenerik,Bilgi,Lig/Organizasyon,Jenerik,İngilizce,Head,jen
moto2 puan durumu,Moto2,Motor Sporları,Bireysel Sıralama Serisi,2. Seviye,Niş,Erkek,Bireysel,Bireysel Spor,Global,Uluslararası,Türk Sporcu Var,Doğrulanacak,Yıllık,Yarış Takvimi,Puan Durumu,Bilgi,Lig/Organizasyon,Jenerik,İngilizce,Body,pd
moto2 takvim,Moto2,Motor Sporları,Bireysel Sıralama Serisi,2. Seviye,Niş,Erkek,Bireysel,Bireysel Spor,Global,Uluslararası,Türk Sporcu Var,Doğrulanacak,Yıllık,Yarış Takvimi,Takvim/Saat,Bilgi,Lig/Organizasyon,Jenerik,İngilizce,Head,tak
moto3,Moto3,Motor Sporları,Bireysel Sıralama Serisi,Alt Seviye,Niş,Erkek,Bireysel,Bireysel Spor,Global,Uluslararası,Türk Sporcu Var,Doğrulanacak,Yıllık,Yarış Takvimi,Jenerik,Bilgi,Lig/Organizasyon,Jenerik,İngilizce,Head,jen
moto3 puan durumu,Moto3,Motor Sporları,Bireysel Sıralama Serisi,Alt Seviye,Niş,Erkek,Bireysel,Bireysel Spor,Global,Uluslararası,Türk Sporcu Var,Doğrulanacak,Yıllık,Yarış Takvimi,Puan Durumu,Bilgi,Lig/Organizasyon,Jenerik,İngilizce,Body,pd
moto3 takvim,Moto3,Motor Sporları,Bireysel Sıralama Serisi,Alt Seviye,Niş,Erkek,Bireysel,Bireysel Spor,Global,Uluslararası,Türk Sporcu Var,Doğrulanacak,Yıllık,Yarış Takvimi,Takvim/Saat,Bilgi,Lig/Organizasyon,Jenerik,İngilizce,Head,tak
wrc,WRC Ralli,Motor Sporları,Bireysel Sıralama Serisi,1. Seviye,Niş,Erkek,Bireysel,Bireysel Spor,Global,Uluslararası,Yok,Doğrulanacak,Yıllık,Yarış Takvimi,Jenerik,Bilgi,Lig/Organizasyon,Jenerik,İngilizce,Head,jen
wrc takvim,WRC Ralli,Motor Sporları,Bireysel Sıralama Serisi,1. Seviye,Niş,Erkek,Bireysel,Bireysel Spor,Global,Uluslararası,Yok,Doğrulanacak,Yıllık,Yarış Takvimi,Takvim/Saat,Bilgi,Lig/Organizasyon,Jenerik,İngilizce,Head,tak
wrc canlı izle,WRC Ralli,Motor Sporları,Bireysel Sıralama Serisi,1. Seviye,Niş,Erkek,Bireysel,Bireysel Spor,Global,Uluslararası,Yok,Doğrulanacak,Yıllık,Yarış Takvimi,Canlı İzle,İzleme,Lig/Organizasyon,Jenerik,Türkçe,Body,izle
ralli,WRC Ralli,Motor Sporları,Bireysel Sıralama Serisi,1. Seviye,Niş,Erkek,Bireysel,Bireysel Spor,Global,Uluslararası,Yok,Doğrulanacak,Yıllık,Yarış Takvimi,Jenerik,Bilgi,Lig/Organizasyon,Jenerik,İngilizce,Head,jen
ralli takvim,WRC Ralli,Motor Sporları,Bireysel Sıralama Serisi,1. Seviye,Niş,Erkek,Bireysel,Bireysel Spor,Global,Uluslararası,Yok,Doğrulanacak,Yıllık,Yarış Takvimi,Takvim/Saat,Bilgi,Lig/Organizasyon,Jenerik,İngilizce,Head,tak
ralli canlı izle,WRC Ralli,Motor Sporları,Bireysel Sıralama Serisi,1. Seviye,Niş,Erkek,Bireysel,Bireysel Spor,Global,Uluslararası,Yok,Doğrulanacak,Yıllık,Yarış Takvimi,Canlı İzle,İzleme,Lig/Organizasyon,Jenerik,Türkçe,Body,izle
formula e,Formula E,Motor Sporları,Bireysel Sıralama Serisi,1. Seviye,Niş,Erkek,Bireysel,Bireysel Spor,Global,Uluslararası,Yok,Doğrulanacak,Yıllık,Yarış Takvimi,Jenerik,Bilgi,Lig/Organizasyon,Jenerik,İngilizce,Head,jen
formula e takvim,Formula E,Motor Sporları,Bireysel Sıralama Serisi,1. Seviye,Niş,Erkek,Bireysel,Bireysel Spor,Global,Uluslararası,Yok,Doğrulanacak,Yıllık,Yarış Takvimi,Takvim/Saat,Bilgi,Lig/Organizasyon,Jenerik,İngilizce,Body,tak
superbike,Superbike,Motor Sporları,Bireysel Sıralama Serisi,1. Seviye,Niş,Erkek,Bireysel,Bireysel Spor,Global,Uluslararası,Türk Sporcu Var,Doğrulanacak,Yıllık,Yarış Takvimi,Jenerik,Bilgi,Lig/Organizasyon,Jenerik,İngilizce,Head,jen
superbike puan durumu,Superbike,Motor Sporları,Bireysel Sıralama Serisi,1. Seviye,Niş,Erkek,Bireysel,Bireysel Spor,Global,Uluslararası,Türk Sporcu Var,Doğrulanacak,Yıllık,Yarış Takvimi,Puan Durumu,Bilgi,Lig/Organizasyon,Jenerik,İngilizce,Body,pd
superbike takvim,Superbike,Motor Sporları,Bireysel Sıralama Serisi,1. Seviye,Niş,Erkek,Bireysel,Bireysel Spor,Global,Uluslararası,Türk Sporcu Var,Doğrulanacak,Yıllık,Yarış Takvimi,Takvim/Saat,Bilgi,Lig/Organizasyon,Jenerik,İngilizce,Head,tak
wsbk,Superbike,Motor Sporları,Bireysel Sıralama Serisi,1. Seviye,Niş,Erkek,Bireysel,Bireysel Spor,Global,Uluslararası,Türk Sporcu Var,Doğrulanacak,Yıllık,Yarış Takvimi,Jenerik,Bilgi,Lig/Organizasyon,Jenerik,İngilizce,Head,jen
wsbk puan durumu,Superbike,Motor Sporları,Bireysel Sıralama Serisi,1. Seviye,Niş,Erkek,Bireysel,Bireysel Spor,Global,Uluslararası,Türk Sporcu Var,Doğrulanacak,Yıllık,Yarış Takvimi,Puan Durumu,Bilgi,Lig/Organizasyon,Jenerik,İngilizce,Body,pd
wsbk takvim,Superbike,Motor Sporları,Bireysel Sıralama Serisi,1. Seviye,Niş,Erkek,Bireysel,Bireysel Spor,Global,Uluslararası,Türk Sporcu Var,Doğrulanacak,Yıllık,Yarış Takvimi,Takvim/Saat,Bilgi,Lig/Organizasyon,Jenerik,İngilizce,Head,tak
nascar,NASCAR,Motor Sporları,Bireysel Sıralama Serisi,1. Seviye,Niş,Erkek,Bireysel,Bireysel Spor,ABD,Yabancı,Yok,TV+ Yok,Yıllık,Yarış Takvimi,Jenerik,Bilgi,Lig/Organizasyon,Jenerik,İngilizce,Head,jen
nascar takvim,NASCAR,Motor Sporları,Bireysel Sıralama Serisi,1. Seviye,Niş,Erkek,Bireysel,Bireysel Spor,ABD,Yabancı,Yok,TV+ Yok,Yıllık,Yarış Takvimi,Takvim/Saat,Bilgi,Lig/Organizasyon,Jenerik,İngilizce,Head,tak
le mans,Le Mans / WEC,Motor Sporları,Bireysel Sıralama Serisi,1. Seviye,Niş,Erkek,Bireysel,Bireysel Spor,Global,Uluslararası,Yok,Doğrulanacak,Yıllık,Tek Etkinlik,Jenerik,Bilgi,Lig/Organizasyon,Jenerik,İngilizce,Head,jen
le mans canlı izle,Le Mans / WEC,Motor Sporları,Bireysel Sıralama Serisi,1. Seviye,Niş,Erkek,Bireysel,Bireysel Spor,Global,Uluslararası,Yok,Doğrulanacak,Yıllık,Tek Etkinlik,Canlı İzle,İzleme,Lig/Organizasyon,Jenerik,Türkçe,Body,izle
wec,Le Mans / WEC,Motor Sporları,Bireysel Sıralama Serisi,1. Seviye,Niş,Erkek,Bireysel,Bireysel Spor,Global,Uluslararası,Yok,Doğrulanacak,Yıllık,Tek Etkinlik,Jenerik,Bilgi,Lig/Organizasyon,Jenerik,İngilizce,Head,jen
wec canlı izle,Le Mans / WEC,Motor Sporları,Bireysel Sıralama Serisi,1. Seviye,Niş,Erkek,Bireysel,Bireysel Spor,Global,Uluslararası,Yok,Doğrulanacak,Yıllık,Tek Etkinlik,Canlı İzle,İzleme,Lig/Organizasyon,Jenerik,Türkçe,Body,izle
wimbledon,Wimbledon,Tenis,Dünya Turnuvası,Kıta Üstü,Üst,Karma,Bireysel,Bireysel Spor,Global,Uluslararası,Türk Sporcu Var,TV+ Var,Yıllık,Turnuva,Jenerik,Bilgi,Lig/Organizasyon,Jenerik,İngilizce,Head,jen
wimbledon fikstür,Wimbledon,Tenis,Dünya Turnuvası,Kıta Üstü,Üst,Karma,Bireysel,Bireysel Spor,Global,Uluslararası,Türk Sporcu Var,TV+ Var,Yıllık,Turnuva,Fikstür,Bilgi,Lig/Organizasyon,Jenerik,Türkçe,Head,fik
wimbledon canlı izle,Wimbledon,Tenis,Dünya Turnuvası,Kıta Üstü,Üst,Karma,Bireysel,Bireysel Spor,Global,Uluslararası,Türk Sporcu Var,TV+ Var,Yıllık,Turnuva,Canlı İzle,İzleme,Lig/Organizasyon,Jenerik,Türkçe,Body,izle
wimbledon hangi kanalda,Wimbledon,Tenis,Dünya Turnuvası,Kıta Üstü,Üst,Karma,Bireysel,Bireysel Spor,Global,Uluslararası,Türk Sporcu Var,TV+ Var,Yıllık,Turnuva,Kanal/Yayın,İzleme,Lig/Organizasyon,Jenerik,İngilizce,Body,kan
wimbledon takvim,Wimbledon,Tenis,Dünya Turnuvası,Kıta Üstü,Üst,Karma,Bireysel,Bireysel Spor,Global,Uluslararası,Türk Sporcu Var,TV+ Var,Yıllık,Turnuva,Takvim/Saat,Bilgi,Lig/Organizasyon,Jenerik,İngilizce,Head,tak
wimbledon bilet,Wimbledon,Tenis,Dünya Turnuvası,Kıta Üstü,Üst,Karma,Bireysel,Bireysel Spor,Global,Uluslararası,Türk Sporcu Var,TV+ Var,Yıllık,Turnuva,Bilet,Ticari,Lig/Organizasyon,Jenerik,İngilizce,Head,bil
roland garros,Roland Garros,Tenis,Dünya Turnuvası,Kıta Üstü,Üst,Karma,Bireysel,Bireysel Spor,Global,Uluslararası,Türk Sporcu Var,TV+ Var,Yıllık,Turnuva,Jenerik,Bilgi,Lig/Organizasyon,Jenerik,İngilizce,Head,jen
roland garros fikstür,Roland Garros,Tenis,Dünya Turnuvası,Kıta Üstü,Üst,Karma,Bireysel,Bireysel Spor,Global,Uluslararası,Türk Sporcu Var,TV+ Var,Yıllık,Turnuva,Fikstür,Bilgi,Lig/Organizasyon,Jenerik,Türkçe,Body,fik
roland garros canlı izle,Roland Garros,Tenis,Dünya Turnuvası,Kıta Üstü,Üst,Karma,Bireysel,Bireysel Spor,Global,Uluslararası,Türk Sporcu Var,TV+ Var,Yıllık,Turnuva,Canlı İzle,İzleme,Lig/Organizasyon,Jenerik,Türkçe,Body,izle
roland garros hangi kanalda,Roland Garros,Tenis,Dünya Turnuvası,Kıta Üstü,Üst,Karma,Bireysel,Bireysel Spor,Global,Uluslararası,Türk Sporcu Var,TV+ Var,Yıllık,Turnuva,Kanal/Yayın,İzleme,Lig/Organizasyon,Jenerik,İngilizce,Body,kan
roland garros takvim,Roland Garros,Tenis,Dünya Turnuvası,Kıta Üstü,Üst,Karma,Bireysel,Bireysel Spor,Global,Uluslararası,Türk Sporcu Var,TV+ Var,Yıllık,Turnuva,Takvim/Saat,Bilgi,Lig/Organizasyon,Jenerik,İngilizce,Body,tak
roland garros bilet,Roland Garros,Tenis,Dünya Turnuvası,Kıta Üstü,Üst,Karma,Bireysel,Bireysel Spor,Global,Uluslararası,Türk Sporcu Var,TV+ Var,Yıllık,Turnuva,Bilet,Ticari,Lig/Organizasyon,Jenerik,İngilizce,Body,bil
fransa açık,Roland Garros,Tenis,Dünya Turnuvası,Kıta Üstü,Üst,Karma,Bireysel,Bireysel Spor,Global,Uluslararası,Türk Sporcu Var,TV+ Var,Yıllık,Turnuva,Jenerik,Bilgi,Lig/Organizasyon,Jenerik,Türkçe,Head,jen
fransa açık fikstür,Roland Garros,Tenis,Dünya Turnuvası,Kıta Üstü,Üst,Karma,Bireysel,Bireysel Spor,Global,Uluslararası,Türk Sporcu Var,TV+ Var,Yıllık,Turnuva,Fikstür,Bilgi,Lig/Organizasyon,Jenerik,Türkçe,Body,fik
fransa açık canlı izle,Roland Garros,Tenis,Dünya Turnuvası,Kıta Üstü,Üst,Karma,Bireysel,Bireysel Spor,Global,Uluslararası,Türk Sporcu Var,TV+ Var,Yıllık,Turnuva,Canlı İzle,İzleme,Lig/Organizasyon,Jenerik,Türkçe,Body,izle
fransa açık hangi kanalda,Roland Garros,Tenis,Dünya Turnuvası,Kıta Üstü,Üst,Karma,Bireysel,Bireysel Spor,Global,Uluslararası,Türk Sporcu Var,TV+ Var,Yıllık,Turnuva,Kanal/Yayın,İzleme,Lig/Organizasyon,Jenerik,Türkçe,Body,kan
fransa açık takvim,Roland Garros,Tenis,Dünya Turnuvası,Kıta Üstü,Üst,Karma,Bireysel,Bireysel Spor,Global,Uluslararası,Türk Sporcu Var,TV+ Var,Yıllık,Turnuva,Takvim/Saat,Bilgi,Lig/Organizasyon,Jenerik,Türkçe,Body,tak
fransa açık bilet,Roland Garros,Tenis,Dünya Turnuvası,Kıta Üstü,Üst,Karma,Bireysel,Bireysel Spor,Global,Uluslararası,Türk Sporcu Var,TV+ Var,Yıllık,Turnuva,Bilet,Ticari,Lig/Organizasyon,Jenerik,Türkçe,Body,bil
us open tenis,US Open,Tenis,Dünya Turnuvası,Kıta Üstü,Üst,Karma,Bireysel,Bireysel Spor,Global,Uluslararası,Türk Sporcu Var,TV+ Var,Yıllık,Turnuva,Jenerik,Bilgi,Lig/Organizasyon,Jenerik,İngilizce,Body,jen
us open tenis fikstür,US Open,Tenis,Dünya Turnuvası,Kıta Üstü,Üst,Karma,Bireysel,Bireysel Spor,Global,Uluslararası,Türk Sporcu Var,TV+ Var,Yıllık,Turnuva,Fikstür,Bilgi,Lig/Organizasyon,Jenerik,Türkçe,Body,fik
us open tenis canlı izle,US Open,Tenis,Dünya Turnuvası,Kıta Üstü,Üst,Karma,Bireysel,Bireysel Spor,Global,Uluslararası,Türk Sporcu Var,TV+ Var,Yıllık,Turnuva,Canlı İzle,İzleme,Lig/Organizasyon,Jenerik,Türkçe,Long-tail,izle
us open tenis hangi kanalda,US Open,Tenis,Dünya Turnuvası,Kıta Üstü,Üst,Karma,Bireysel,Bireysel Spor,Global,Uluslararası,Türk Sporcu Var,TV+ Var,Yıllık,Turnuva,Kanal/Yayın,İzleme,Lig/Organizasyon,Jenerik,İngilizce,Long-tail,kan
us open tenis takvim,US Open,Tenis,Dünya Turnuvası,Kıta Üstü,Üst,Karma,Bireysel,Bireysel Spor,Global,Uluslararası,Türk Sporcu Var,TV+ Var,Yıllık,Turnuva,Takvim/Saat,Bilgi,Lig/Organizasyon,Jenerik,İngilizce,Body,tak
us open tenis bilet,US Open,Tenis,Dünya Turnuvası,Kıta Üstü,Üst,Karma,Bireysel,Bireysel Spor,Global,Uluslararası,Türk Sporcu Var,TV+ Var,Yıllık,Turnuva,Bilet,Ticari,Lig/Organizasyon,Jenerik,İngilizce,Body,bil
avustralya açık,Avustralya Açık,Tenis,Dünya Turnuvası,Kıta Üstü,Üst,Karma,Bireysel,Bireysel Spor,Global,Uluslararası,Türk Sporcu Var,TV+ Var,Yıllık,Turnuva,Jenerik,Bilgi,Lig/Organizasyon,Jenerik,Türkçe,Head,jen
avustralya açık fikstür,Avustralya Açık,Tenis,Dünya Turnuvası,Kıta Üstü,Üst,Karma,Bireysel,Bireysel Spor,Global,Uluslararası,Türk Sporcu Var,TV+ Var,Yıllık,Turnuva,Fikstür,Bilgi,Lig/Organizasyon,Jenerik,Türkçe,Body,fik
avustralya açık canlı izle,Avustralya Açık,Tenis,Dünya Turnuvası,Kıta Üstü,Üst,Karma,Bireysel,Bireysel Spor,Global,Uluslararası,Türk Sporcu Var,TV+ Var,Yıllık,Turnuva,Canlı İzle,İzleme,Lig/Organizasyon,Jenerik,Türkçe,Body,izle
avustralya açık hangi kanalda,Avustralya Açık,Tenis,Dünya Turnuvası,Kıta Üstü,Üst,Karma,Bireysel,Bireysel Spor,Global,Uluslararası,Türk Sporcu Var,TV+ Var,Yıllık,Turnuva,Kanal/Yayın,İzleme,Lig/Organizasyon,Jenerik,Türkçe,Body,kan
avustralya açık takvim,Avustralya Açık,Tenis,Dünya Turnuvası,Kıta Üstü,Üst,Karma,Bireysel,Bireysel Spor,Global,Uluslararası,Türk Sporcu Var,TV+ Var,Yıllık,Turnuva,Takvim/Saat,Bilgi,Lig/Organizasyon,Jenerik,Türkçe,Body,tak
avustralya açık bilet,Avustralya Açık,Tenis,Dünya Turnuvası,Kıta Üstü,Üst,Karma,Bireysel,Bireysel Spor,Global,Uluslararası,Türk Sporcu Var,TV+ Var,Yıllık,Turnuva,Bilet,Ticari,Lig/Organizasyon,Jenerik,Türkçe,Body,bil
atp,ATP Tour,Tenis,Bireysel Sıralama Serisi,1. Seviye,Üst,Erkek,Bireysel,Bireysel Spor,Global,Uluslararası,Türk Sporcu Var,TV+ Var,Yıllık,Yarış Takvimi,Jenerik,Bilgi,Lig/Organizasyon,Jenerik,İngilizce,Head,jen
atp sıralama,ATP Tour,Tenis,Bireysel Sıralama Serisi,1. Seviye,Üst,Erkek,Bireysel,Bireysel Spor,Global,Uluslararası,Türk Sporcu Var,TV+ Var,Yıllık,Yarış Takvimi,İstatistik,Bilgi,Lig/Organizasyon,Jenerik,Türkçe,Head,sir
atp takvim,ATP Tour,Tenis,Bireysel Sıralama Serisi,1. Seviye,Üst,Erkek,Bireysel,Bireysel Spor,Global,Uluslararası,Türk Sporcu Var,TV+ Var,Yıllık,Yarış Takvimi,Takvim/Saat,Bilgi,Lig/Organizasyon,Jenerik,İngilizce,Head,tak
atp canlı izle,ATP Tour,Tenis,Bireysel Sıralama Serisi,1. Seviye,Üst,Erkek,Bireysel,Bireysel Spor,Global,Uluslararası,Türk Sporcu Var,TV+ Var,Yıllık,Yarış Takvimi,Canlı İzle,İzleme,Lig/Organizasyon,Jenerik,Türkçe,Body,izle
wta,WTA Tour,Tenis,Bireysel Sıralama Serisi,1. Seviye,Orta,Kadın,Bireysel,Bireysel Spor,Global,Uluslararası,Türk Sporcu Var,TV+ Var,Yıllık,Yarış Takvimi,Jenerik,Bilgi,Lig/Organizasyon,Jenerik,İngilizce,Head,jen
wta sıralama,WTA Tour,Tenis,Bireysel Sıralama Serisi,1. Seviye,Orta,Kadın,Bireysel,Bireysel Spor,Global,Uluslararası,Türk Sporcu Var,TV+ Var,Yıllık,Yarış Takvimi,İstatistik,Bilgi,Lig/Organizasyon,Jenerik,Türkçe,Head,sir
wta takvim,WTA Tour,Tenis,Bireysel Sıralama Serisi,1. Seviye,Orta,Kadın,Bireysel,Bireysel Spor,Global,Uluslararası,Türk Sporcu Var,TV+ Var,Yıllık,Yarış Takvimi,Takvim/Saat,Bilgi,Lig/Organizasyon,Jenerik,İngilizce,Head,tak
wta canlı izle,WTA Tour,Tenis,Bireysel Sıralama Serisi,1. Seviye,Orta,Kadın,Bireysel,Bireysel Spor,Global,Uluslararası,Türk Sporcu Var,TV+ Var,Yıllık,Yarış Takvimi,Canlı İzle,İzleme,Lig/Organizasyon,Jenerik,Türkçe,Body,izle
atp finals,ATP Finals,Tenis,Dünya Turnuvası,Kıta Üstü,Orta,Erkek,Bireysel,Bireysel Spor,Global,Uluslararası,Yok,Doğrulanacak,Yıllık,Tek Etkinlik,Jenerik,Bilgi,Lig/Organizasyon,Jenerik,İngilizce,Head,jen
atp finals canlı izle,ATP Finals,Tenis,Dünya Turnuvası,Kıta Üstü,Orta,Erkek,Bireysel,Bireysel Spor,Global,Uluslararası,Yok,Doğrulanacak,Yıllık,Tek Etkinlik,Canlı İzle,İzleme,Lig/Organizasyon,Jenerik,Türkçe,Body,izle
davis cup,Davis Cup,Tenis,Dünya Turnuvası,Milli,Niş,Erkek,Milli Takım,Bireysel Spor,Global,Uluslararası,Türk Sporcu Var,Doğrulanacak,Yıllık,Turnuva,Jenerik,Bilgi,Lig/Organizasyon,Jenerik,İngilizce,Head,jen
davis cup canlı izle,Davis Cup,Tenis,Dünya Turnuvası,Milli,Niş,Erkek,Milli Takım,Bireysel Spor,Global,Uluslararası,Türk Sporcu Var,Doğrulanacak,Yıllık,Turnuva,Canlı İzle,İzleme,Lig/Organizasyon,Jenerik,Türkçe,Body,izle
olimpiyat,Yaz Olimpiyatları,Diğer,Dünya Turnuvası,Milli,Global Elit,Karma,Milli Takım,Takım Sporu,Global,Uluslararası,Türk Sporcu Var,Doğrulanacak,4 Yılda Bir,Turnuva,Jenerik,Bilgi,Lig/Organizasyon,Jenerik,İngilizce,Head,jen
olimpiyat puan durumu,Yaz Olimpiyatları,Diğer,Dünya Turnuvası,Milli,Global Elit,Karma,Milli Takım,Takım Sporu,Global,Uluslararası,Türk Sporcu Var,Doğrulanacak,4 Yılda Bir,Turnuva,Puan Durumu,Bilgi,Lig/Organizasyon,Jenerik,İngilizce,Body,pd
olimpiyat takvim,Yaz Olimpiyatları,Diğer,Dünya Turnuvası,Milli,Global Elit,Karma,Milli Takım,Takım Sporu,Global,Uluslararası,Türk Sporcu Var,Doğrulanacak,4 Yılda Bir,Turnuva,Takvim/Saat,Bilgi,Lig/Organizasyon,Jenerik,İngilizce,Head,tak
olimpiyat canlı izle,Yaz Olimpiyatları,Diğer,Dünya Turnuvası,Milli,Global Elit,Karma,Milli Takım,Takım Sporu,Global,Uluslararası,Türk Sporcu Var,Doğrulanacak,4 Yılda Bir,Turnuva,Canlı İzle,İzleme,Lig/Organizasyon,Jenerik,Türkçe,Body,izle
olimpiyat oyunları,Yaz Olimpiyatları,Diğer,Dünya Turnuvası,Milli,Global Elit,Karma,Milli Takım,Takım Sporu,Global,Uluslararası,Türk Sporcu Var,Doğrulanacak,4 Yılda Bir,Turnuva,Jenerik,Bilgi,Lig/Organizasyon,Jenerik,Türkçe,Head,jen
olimpiyat oyunları puan durumu,Yaz Olimpiyatları,Diğer,Dünya Turnuvası,Milli,Global Elit,Karma,Milli Takım,Takım Sporu,Global,Uluslararası,Türk Sporcu Var,Doğrulanacak,4 Yılda Bir,Turnuva,Puan Durumu,Bilgi,Lig/Organizasyon,Jenerik,Türkçe,Body,pd
olimpiyat oyunları takvim,Yaz Olimpiyatları,Diğer,Dünya Turnuvası,Milli,Global Elit,Karma,Milli Takım,Takım Sporu,Global,Uluslararası,Türk Sporcu Var,Doğrulanacak,4 Yılda Bir,Turnuva,Takvim/Saat,Bilgi,Lig/Organizasyon,Jenerik,Türkçe,Body,tak
olimpiyat oyunları canlı izle,Yaz Olimpiyatları,Diğer,Dünya Turnuvası,Milli,Global Elit,Karma,Milli Takım,Takım Sporu,Global,Uluslararası,Türk Sporcu Var,Doğrulanacak,4 Yılda Bir,Turnuva,Canlı İzle,İzleme,Lig/Organizasyon,Jenerik,Türkçe,Body,izle
kış olimpiyatları,Kış Olimpiyatları,Kış Sporları,Dünya Turnuvası,Milli,Üst,Karma,Milli Takım,Takım Sporu,Global,Uluslararası,Türk Sporcu Var,Doğrulanacak,4 Yılda Bir,Turnuva,Jenerik,Bilgi,Lig/Organizasyon,Jenerik,Türkçe,Head,jen
kış olimpiyatları takvim,Kış Olimpiyatları,Kış Sporları,Dünya Turnuvası,Milli,Üst,Karma,Milli Takım,Takım Sporu,Global,Uluslararası,Türk Sporcu Var,Doğrulanacak,4 Yılda Bir,Turnuva,Takvim/Saat,Bilgi,Lig/Organizasyon,Jenerik,Türkçe,Body,tak
kış olimpiyatları canlı izle,Kış Olimpiyatları,Kış Sporları,Dünya Turnuvası,Milli,Üst,Karma,Milli Takım,Takım Sporu,Global,Uluslararası,Türk Sporcu Var,Doğrulanacak,4 Yılda Bir,Turnuva,Canlı İzle,İzleme,Lig/Organizasyon,Jenerik,Türkçe,Body,izle
paralimpik,Paralimpik Oyunlar,Diğer,Dünya Turnuvası,Milli,Niş,Karma,Milli Takım,Takım Sporu,Global,Uluslararası,Türk Sporcu Var,Doğrulanacak,4 Yılda Bir,Turnuva,Jenerik,Bilgi,Lig/Organizasyon,Jenerik,İngilizce,Head,jen
paralimpik canlı izle,Paralimpik Oyunlar,Diğer,Dünya Turnuvası,Milli,Niş,Karma,Milli Takım,Takım Sporu,Global,Uluslararası,Türk Sporcu Var,Doğrulanacak,4 Yılda Bir,Turnuva,Canlı İzle,İzleme,Lig/Organizasyon,Jenerik,Türkçe,Body,izle
nfl,NFL,Amerikan Futbolu,Lig,1. Seviye,Üst,Erkek,Kulüp,Takım Sporu,ABD,Yabancı,Yok,TV+ Yok,Yıllık,Sürekli Lig,Jenerik,Bilgi,Lig/Organizasyon,Jenerik,İngilizce,Head,jen
nfl puan durumu,NFL,Amerikan Futbolu,Lig,1. Seviye,Üst,Erkek,Kulüp,Takım Sporu,ABD,Yabancı,Yok,TV+ Yok,Yıllık,Sürekli Lig,Puan Durumu,Bilgi,Lig/Organizasyon,Jenerik,İngilizce,Body,pd
nfl fikstür,NFL,Amerikan Futbolu,Lig,1. Seviye,Üst,Erkek,Kulüp,Takım Sporu,ABD,Yabancı,Yok,TV+ Yok,Yıllık,Sürekli Lig,Fikstür,Bilgi,Lig/Organizasyon,Jenerik,Türkçe,Head,fik
nfl canlı izle,NFL,Amerikan Futbolu,Lig,1. Seviye,Üst,Erkek,Kulüp,Takım Sporu,ABD,Yabancı,Yok,TV+ Yok,Yıllık,Sürekli Lig,Canlı İzle,İzleme,Lig/Organizasyon,Jenerik,Türkçe,Body,izle
nfl hangi kanalda,NFL,Amerikan Futbolu,Lig,1. Seviye,Üst,Erkek,Kulüp,Takım Sporu,ABD,Yabancı,Yok,TV+ Yok,Yıllık,Sürekli Lig,Kanal/Yayın,İzleme,Lig/Organizasyon,Jenerik,İngilizce,Body,kan
super bowl,NFL,Amerikan Futbolu,Lig,1. Seviye,Üst,Erkek,Kulüp,Takım Sporu,ABD,Yabancı,Yok,TV+ Yok,Yıllık,Sürekli Lig,Jenerik,Bilgi,Lig/Organizasyon,Jenerik,İngilizce,Head,jen
super bowl puan durumu,NFL,Amerikan Futbolu,Lig,1. Seviye,Üst,Erkek,Kulüp,Takım Sporu,ABD,Yabancı,Yok,TV+ Yok,Yıllık,Sürekli Lig,Puan Durumu,Bilgi,Lig/Organizasyon,Jenerik,İngilizce,Body,pd
super bowl fikstür,NFL,Amerikan Futbolu,Lig,1. Seviye,Üst,Erkek,Kulüp,Takım Sporu,ABD,Yabancı,Yok,TV+ Yok,Yıllık,Sürekli Lig,Fikstür,Bilgi,Lig/Organizasyon,Jenerik,Türkçe,Body,fik
super bowl canlı izle,NFL,Amerikan Futbolu,Lig,1. Seviye,Üst,Erkek,Kulüp,Takım Sporu,ABD,Yabancı,Yok,TV+ Yok,Yıllık,Sürekli Lig,Canlı İzle,İzleme,Lig/Organizasyon,Jenerik,Türkçe,Body,izle
super bowl hangi kanalda,NFL,Amerikan Futbolu,Lig,1. Seviye,Üst,Erkek,Kulüp,Takım Sporu,ABD,Yabancı,Yok,TV+ Yok,Yıllık,Sürekli Lig,Kanal/Yayın,İzleme,Lig/Organizasyon,Jenerik,İngilizce,Body,kan
mlb,MLB,Beyzbol,Lig,1. Seviye,Niş,Erkek,Kulüp,Takım Sporu,ABD,Yabancı,Yok,TV+ Yok,Yıllık,Sürekli Lig,Jenerik,Bilgi,Lig/Organizasyon,Jenerik,İngilizce,Head,jen
mlb puan durumu,MLB,Beyzbol,Lig,1. Seviye,Niş,Erkek,Kulüp,Takım Sporu,ABD,Yabancı,Yok,TV+ Yok,Yıllık,Sürekli Lig,Puan Durumu,Bilgi,Lig/Organizasyon,Jenerik,İngilizce,Body,pd
mlb canlı izle,MLB,Beyzbol,Lig,1. Seviye,Niş,Erkek,Kulüp,Takım Sporu,ABD,Yabancı,Yok,TV+ Yok,Yıllık,Sürekli Lig,Canlı İzle,İzleme,Lig/Organizasyon,Jenerik,Türkçe,Body,izle
nhl,NHL,Buz Hokeyi,Lig,1. Seviye,Niş,Erkek,Kulüp,Takım Sporu,ABD,Yabancı,Yok,TV+ Yok,Yıllık,Sürekli Lig,Jenerik,Bilgi,Lig/Organizasyon,Jenerik,İngilizce,Head,jen
nhl puan durumu,NHL,Buz Hokeyi,Lig,1. Seviye,Niş,Erkek,Kulüp,Takım Sporu,ABD,Yabancı,Yok,TV+ Yok,Yıllık,Sürekli Lig,Puan Durumu,Bilgi,Lig/Organizasyon,Jenerik,İngilizce,Body,pd
nhl canlı izle,NHL,Buz Hokeyi,Lig,1. Seviye,Niş,Erkek,Kulüp,Takım Sporu,ABD,Yabancı,Yok,TV+ Yok,Yıllık,Sürekli Lig,Canlı İzle,İzleme,Lig/Organizasyon,Jenerik,Türkçe,Body,izle
buz hokeyi,NHL,Buz Hokeyi,Lig,1. Seviye,Niş,Erkek,Kulüp,Takım Sporu,ABD,Yabancı,Yok,TV+ Yok,Yıllık,Sürekli Lig,Jenerik,Bilgi,Lig/Organizasyon,Jenerik,İngilizce,Head,jen
buz hokeyi puan durumu,NHL,Buz Hokeyi,Lig,1. Seviye,Niş,Erkek,Kulüp,Takım Sporu,ABD,Yabancı,Yok,TV+ Yok,Yıllık,Sürekli Lig,Puan Durumu,Bilgi,Lig/Organizasyon,Jenerik,İngilizce,Body,pd
buz hokeyi canlı izle,NHL,Buz Hokeyi,Lig,1. Seviye,Niş,Erkek,Kulüp,Takım Sporu,ABD,Yabancı,Yok,TV+ Yok,Yıllık,Sürekli Lig,Canlı İzle,İzleme,Lig/Organizasyon,Jenerik,Türkçe,Body,izle
tour de france,Tour de France,Bisiklet,Bireysel Sıralama Serisi,1. Seviye,Orta,Erkek,Bireysel,Bireysel Spor,Global,Uluslararası,Yok,Doğrulanacak,Yıllık,Yarış Takvimi,Jenerik,Bilgi,Lig/Organizasyon,Jenerik,İngilizce,Body,jen
tour de france puan durumu,Tour de France,Bisiklet,Bireysel Sıralama Serisi,1. Seviye,Orta,Erkek,Bireysel,Bireysel Spor,Global,Uluslararası,Yok,Doğrulanacak,Yıllık,Yarış Takvimi,Puan Durumu,Bilgi,Lig/Organizasyon,Jenerik,İngilizce,Long-tail,pd
tour de france canlı izle,Tour de France,Bisiklet,Bireysel Sıralama Serisi,1. Seviye,Orta,Erkek,Bireysel,Bireysel Spor,Global,Uluslararası,Yok,Doğrulanacak,Yıllık,Yarış Takvimi,Canlı İzle,İzleme,Lig/Organizasyon,Jenerik,Türkçe,Long-tail,izle
tour de france takvim,Tour de France,Bisiklet,Bireysel Sıralama Serisi,1. Seviye,Orta,Erkek,Bireysel,Bireysel Spor,Global,Uluslararası,Yok,Doğrulanacak,Yıllık,Yarış Takvimi,Takvim/Saat,Bilgi,Lig/Organizasyon,Jenerik,İngilizce,Body,tak
cumhurbaşkanlığı bisiklet turu,Cumhurbaşkanlığı Bisiklet Turu,Bisiklet,Bireysel Sıralama Serisi,1. Seviye,Niş,Erkek,Bireysel,Bireysel Spor,Türkiye,Yerli,Türk Sporcu Var,Doğrulanacak,Yıllık,Yarış Takvimi,Jenerik,Bilgi,Lig/Organizasyon,Jenerik,Türkçe,Body,jen
cumhurbaşkanlığı bisiklet turu takvim,Cumhurbaşkanlığı Bisiklet Turu,Bisiklet,Bireysel Sıralama Serisi,1. Seviye,Niş,Erkek,Bireysel,Bireysel Spor,Türkiye,Yerli,Türk Sporcu Var,Doğrulanacak,Yıllık,Yarış Takvimi,Takvim/Saat,Bilgi,Lig/Organizasyon,Jenerik,Türkçe,Body,tak
atletizm,Dünya Atletizm Şampiyonası,Atletizm,Dünya Turnuvası,Milli,Orta,Karma,Milli Takım,Bireysel Spor,Global,Uluslararası,Türk Sporcu Var,Doğrulanacak,2 Yılda Bir,Turnuva,Jenerik,Bilgi,Lig/Organizasyon,Jenerik,İngilizce,Head,jen
atletizm canlı izle,Dünya Atletizm Şampiyonası,Atletizm,Dünya Turnuvası,Milli,Orta,Karma,Milli Takım,Bireysel Spor,Global,Uluslararası,Türk Sporcu Var,Doğrulanacak,2 Yılda Bir,Turnuva,Canlı İzle,İzleme,Lig/Organizasyon,Jenerik,Türkçe,Body,izle
dünya atletizm şampiyonası,Dünya Atletizm Şampiyonası,Atletizm,Dünya Turnuvası,Milli,Orta,Karma,Milli Takım,Bireysel Spor,Global,Uluslararası,Türk Sporcu Var,Doğrulanacak,2 Yılda Bir,Turnuva,Jenerik,Bilgi,Lig/Organizasyon,Jenerik,Türkçe,Body,jen
dünya atletizm şampiyonası canlı izle,Dünya Atletizm Şampiyonası,Atletizm,Dünya Turnuvası,Milli,Orta,Karma,Milli Takım,Bireysel Spor,Global,Uluslararası,Türk Sporcu Var,Doğrulanacak,2 Yılda Bir,Turnuva,Canlı İzle,İzleme,Lig/Organizasyon,Jenerik,Türkçe,Long-tail,izle
yüzme,Yüzme,Su Sporları,Bireysel Sıralama Serisi,Milli,Niş,Karma,Bireysel,Bireysel Spor,Global,Uluslararası,Türk Sporcu Var,Doğrulanacak,Sürekli,Turnuva,Jenerik,Bilgi,Lig/Organizasyon,Jenerik,Türkçe,Head,jen
jimnastik,Jimnastik,Diğer,Bireysel Sıralama Serisi,Milli,Niş,Karma,Bireysel,Bireysel Spor,Global,Uluslararası,Türk Sporcu Var,Doğrulanacak,Sürekli,Turnuva,Jenerik,Bilgi,Lig/Organizasyon,Jenerik,İngilizce,Head,jen
hentbol,Hentbol,Hentbol,Lig,1. Seviye,Niş,Karma,Kulüp,Takım Sporu,Global,Uluslararası,Türk Takımı Var,Doğrulanacak,Yıllık,Sürekli Lig,Jenerik,Bilgi,Lig/Organizasyon,Jenerik,İngilizce,Head,jen
hentbol puan durumu,Hentbol,Hentbol,Lig,1. Seviye,Niş,Karma,Kulüp,Takım Sporu,Global,Uluslararası,Türk Takımı Var,Doğrulanacak,Yıllık,Sürekli Lig,Puan Durumu,Bilgi,Lig/Organizasyon,Jenerik,İngilizce,Body,pd
hentbol fikstür,Hentbol,Hentbol,Lig,1. Seviye,Niş,Karma,Kulüp,Takım Sporu,Global,Uluslararası,Türk Takımı Var,Doğrulanacak,Yıllık,Sürekli Lig,Fikstür,Bilgi,Lig/Organizasyon,Jenerik,Türkçe,Head,fik
golf,Golf,Golf,Bireysel Sıralama Serisi,1. Seviye,Niş,Karma,Bireysel,Bireysel Spor,Global,Uluslararası,Yok,TV+ Yok,Yıllık,Yarış Takvimi,Jenerik,Bilgi,Lig/Organizasyon,Jenerik,İngilizce,Head,jen
golf canlı izle,Golf,Golf,Bireysel Sıralama Serisi,1. Seviye,Niş,Karma,Bireysel,Bireysel Spor,Global,Uluslararası,Yok,TV+ Yok,Yıllık,Yarış Takvimi,Canlı İzle,İzleme,Lig/Organizasyon,Jenerik,Türkçe,Body,izle
snooker,Snooker,Diğer,Bireysel Sıralama Serisi,1. Seviye,Niş,Karma,Bireysel,Bireysel Spor,Global,Uluslararası,Yok,Doğrulanacak,Yıllık,Turnuva,Jenerik,Bilgi,Lig/Organizasyon,Jenerik,İngilizce,Head,jen
snooker canlı izle,Snooker,Diğer,Bireysel Sıralama Serisi,1. Seviye,Niş,Karma,Bireysel,Bireysel Spor,Global,Uluslararası,Yok,Doğrulanacak,Yıllık,Turnuva,Canlı İzle,İzleme,Lig/Organizasyon,Jenerik,Türkçe,Body,izle
dart,Dart,Diğer,Bireysel Sıralama Serisi,1. Seviye,Niş,Karma,Bireysel,Bireysel Spor,Global,Uluslararası,Yok,Doğrulanacak,Yıllık,Turnuva,Jenerik,Bilgi,Lig/Organizasyon,Jenerik,İngilizce,Head,jen
dart canlı izle,Dart,Diğer,Bireysel Sıralama Serisi,1. Seviye,Niş,Karma,Bireysel,Bireysel Spor,Global,Uluslararası,Yok,Doğrulanacak,Yıllık,Turnuva,Canlı İzle,İzleme,Lig/Organizasyon,Jenerik,Türkçe,Body,izle
pdc dart,Dart,Diğer,Bireysel Sıralama Serisi,1. Seviye,Niş,Karma,Bireysel,Bireysel Spor,Global,Uluslararası,Yok,Doğrulanacak,Yıllık,Turnuva,Jenerik,Bilgi,Lig/Organizasyon,Jenerik,İngilizce,Head,jen
pdc dart canlı izle,Dart,Diğer,Bireysel Sıralama Serisi,1. Seviye,Niş,Karma,Bireysel,Bireysel Spor,Global,Uluslararası,Yok,Doğrulanacak,Yıllık,Turnuva,Canlı İzle,İzleme,Lig/Organizasyon,Jenerik,Türkçe,Body,izle
satranç,Satranç,Zihin Sporları,Bireysel Sıralama Serisi,1. Seviye,Orta,Karma,Bireysel,Bireysel Spor,Global,Uluslararası,Türk Sporcu Var,Doğrulanacak,Sürekli,Turnuva,Jenerik,Bilgi,Lig/Organizasyon,Jenerik,Türkçe,Head,jen
satranç sıralama,Satranç,Zihin Sporları,Bireysel Sıralama Serisi,1. Seviye,Orta,Karma,Bireysel,Bireysel Spor,Global,Uluslararası,Türk Sporcu Var,Doğrulanacak,Sürekli,Turnuva,İstatistik,Bilgi,Lig/Organizasyon,Jenerik,Türkçe,Head,sir
satranç canlı izle,Satranç,Zihin Sporları,Bireysel Sıralama Serisi,1. Seviye,Orta,Karma,Bireysel,Bireysel Spor,Global,Uluslararası,Türk Sporcu Var,Doğrulanacak,Sürekli,Turnuva,Canlı İzle,İzleme,Lig/Organizasyon,Jenerik,Türkçe,Body,izle
at yarışı,At Yarışı,At Yarışı,Bireysel Sıralama Serisi,1. Seviye,Orta,Karma,Bireysel,Bireysel Spor,Türkiye,Yerli,Yok,Doğrulanacak,Sürekli,Yarış Takvimi,Jenerik,Bilgi,Lig/Organizasyon,Jenerik,Türkçe,Head,jen
at yarışı takvim,At Yarışı,At Yarışı,Bireysel Sıralama Serisi,1. Seviye,Orta,Karma,Bireysel,Bireysel Spor,Türkiye,Yerli,Yok,Doğrulanacak,Sürekli,Yarış Takvimi,Takvim/Saat,Bilgi,Lig/Organizasyon,Jenerik,Türkçe,Body,tak
at yarışı canlı izle,At Yarışı,At Yarışı,Bireysel Sıralama Serisi,1. Seviye,Orta,Karma,Bireysel,Bireysel Spor,Türkiye,Yerli,Yok,Doğrulanacak,Sürekli,Yarış Takvimi,Canlı İzle,İzleme,Lig/Organizasyon,Jenerik,Türkçe,Body,izle
at yarışı sıralama,At Yarışı,At Yarışı,Bireysel Sıralama Serisi,1. Seviye,Orta,Karma,Bireysel,Bireysel Spor,Türkiye,Yerli,Yok,Doğrulanacak,Sürekli,Yarış Takvimi,İstatistik,Bilgi,Lig/Organizasyon,Jenerik,Türkçe,Body,sir
tjk,At Yarışı,At Yarışı,Bireysel Sıralama Serisi,1. Seviye,Orta,Karma,Bireysel,Bireysel Spor,Türkiye,Yerli,Yok,Doğrulanacak,Sürekli,Yarış Takvimi,Jenerik,Bilgi,Lig/Organizasyon,Jenerik,İngilizce,Head,jen
tjk takvim,At Yarışı,At Yarışı,Bireysel Sıralama Serisi,1. Seviye,Orta,Karma,Bireysel,Bireysel Spor,Türkiye,Yerli,Yok,Doğrulanacak,Sürekli,Yarış Takvimi,Takvim/Saat,Bilgi,Lig/Organizasyon,Jenerik,İngilizce,Head,tak
tjk canlı izle,At Yarışı,At Yarışı,Bireysel Sıralama Serisi,1. Seviye,Orta,Karma,Bireysel,Bireysel Spor,Türkiye,Yerli,Yok,Doğrulanacak,Sürekli,Yarış Takvimi,Canlı İzle,İzleme,Lig/Organizasyon,Jenerik,Türkçe,Body,izle
tjk sıralama,At Yarışı,At Yarışı,Bireysel Sıralama Serisi,1. Seviye,Orta,Karma,Bireysel,Bireysel Spor,Türkiye,Yerli,Yok,Doğrulanacak,Sürekli,Yarış Takvimi,İstatistik,Bilgi,Lig/Organizasyon,Jenerik,Türkçe,Head,sir
istanbul maratonu,İstanbul Maratonu,Atletizm,Tek Etkinlik,Milli,Niş,Karma,Bireysel,Bireysel Spor,Türkiye,Yerli,Türk Sporcu Var,Doğrulanacak,Yıllık,Tek Etkinlik,Jenerik,Bilgi,Lig/Organizasyon,Jenerik,İngilizce,Head,jen
istanbul maratonu takvim,İstanbul Maratonu,Atletizm,Tek Etkinlik,Milli,Niş,Karma,Bireysel,Bireysel Spor,Türkiye,Yerli,Türk Sporcu Var,Doğrulanacak,Yıllık,Tek Etkinlik,Takvim/Saat,Bilgi,Lig/Organizasyon,Jenerik,İngilizce,Body,tak
lol worlds,LoL Worlds,E-Spor,Dünya Turnuvası,Kıta Üstü,Üst,Karma,Kulüp,Takım Sporu,Global,Uluslararası,Türk Takımı Var,Doğrulanacak,Yıllık,Turnuva,Jenerik,Bilgi,Lig/Organizasyon,Jenerik,İngilizce,Head,jen
lol worlds fikstür,LoL Worlds,E-Spor,Dünya Turnuvası,Kıta Üstü,Üst,Karma,Kulüp,Takım Sporu,Global,Uluslararası,Türk Takımı Var,Doğrulanacak,Yıllık,Turnuva,Fikstür,Bilgi,Lig/Organizasyon,Jenerik,Türkçe,Body,fik
lol worlds canlı izle,LoL Worlds,E-Spor,Dünya Turnuvası,Kıta Üstü,Üst,Karma,Kulüp,Takım Sporu,Global,Uluslararası,Türk Takımı Var,Doğrulanacak,Yıllık,Turnuva,Canlı İzle,İzleme,Lig/Organizasyon,Jenerik,Türkçe,Body,izle
worlds 2026,LoL Worlds,E-Spor,Dünya Turnuvası,Kıta Üstü,Üst,Karma,Kulüp,Takım Sporu,Global,Uluslararası,Türk Takımı Var,Doğrulanacak,Yıllık,Turnuva,Jenerik,Bilgi,Lig/Organizasyon,Jenerik,İngilizce,Head,jen
worlds 2026 fikstür,LoL Worlds,E-Spor,Dünya Turnuvası,Kıta Üstü,Üst,Karma,Kulüp,Takım Sporu,Global,Uluslararası,Türk Takımı Var,Doğrulanacak,Yıllık,Turnuva,Fikstür,Bilgi,Lig/Organizasyon,Jenerik,Türkçe,Body,fik
worlds 2026 canlı izle,LoL Worlds,E-Spor,Dünya Turnuvası,Kıta Üstü,Üst,Karma,Kulüp,Takım Sporu,Global,Uluslararası,Türk Takımı Var,Doğrulanacak,Yıllık,Turnuva,Canlı İzle,İzleme,Lig/Organizasyon,Jenerik,Türkçe,Body,izle
tcl,TCL,E-Spor,Lig,1. Seviye,Niş,Karma,Kulüp,Takım Sporu,Türkiye,Yerli,Türk Takımı Var,Doğrulanacak,Yıllık,Sürekli Lig,Jenerik,Bilgi,Lig/Organizasyon,Jenerik,İngilizce,Head,jen
tcl puan durumu,TCL,E-Spor,Lig,1. Seviye,Niş,Karma,Kulüp,Takım Sporu,Türkiye,Yerli,Türk Takımı Var,Doğrulanacak,Yıllık,Sürekli Lig,Puan Durumu,Bilgi,Lig/Organizasyon,Jenerik,İngilizce,Body,pd
tcl fikstür,TCL,E-Spor,Lig,1. Seviye,Niş,Karma,Kulüp,Takım Sporu,Türkiye,Yerli,Türk Takımı Var,Doğrulanacak,Yıllık,Sürekli Lig,Fikstür,Bilgi,Lig/Organizasyon,Jenerik,Türkçe,Head,fik
tcl canlı izle,TCL,E-Spor,Lig,1. Seviye,Niş,Karma,Kulüp,Takım Sporu,Türkiye,Yerli,Türk Takımı Var,Doğrulanacak,Yıllık,Sürekli Lig,Canlı İzle,İzleme,Lig/Organizasyon,Jenerik,Türkçe,Body,izle
türkiye şampiyonluk ligi,TCL,E-Spor,Lig,1. Seviye,Niş,Karma,Kulüp,Takım Sporu,Türkiye,Yerli,Türk Takımı Var,Doğrulanacak,Yıllık,Sürekli Lig,Jenerik,Bilgi,Lig/Organizasyon,Jenerik,Türkçe,Body,jen
türkiye şampiyonluk ligi puan durumu,TCL,E-Spor,Lig,1. Seviye,Niş,Karma,Kulüp,Takım Sporu,Türkiye,Yerli,Türk Takımı Var,Doğrulanacak,Yıllık,Sürekli Lig,Puan Durumu,Bilgi,Lig/Organizasyon,Jenerik,Türkçe,Long-tail,pd
türkiye şampiyonluk ligi fikstür,TCL,E-Spor,Lig,1. Seviye,Niş,Karma,Kulüp,Takım Sporu,Türkiye,Yerli,Türk Takımı Var,Doğrulanacak,Yıllık,Sürekli Lig,Fikstür,Bilgi,Lig/Organizasyon,Jenerik,Türkçe,Body,fik
türkiye şampiyonluk ligi canlı izle,TCL,E-Spor,Lig,1. Seviye,Niş,Karma,Kulüp,Takım Sporu,Türkiye,Yerli,Türk Takımı Var,Doğrulanacak,Yıllık,Sürekli Lig,Canlı İzle,İzleme,Lig/Organizasyon,Jenerik,Türkçe,Long-tail,izle
valorant champions,Valorant Champions,E-Spor,Dünya Turnuvası,Kıta Üstü,Orta,Karma,Kulüp,Takım Sporu,Global,Uluslararası,Türk Takımı Var,Doğrulanacak,Yıllık,Turnuva,Jenerik,Bilgi,Lig/Organizasyon,Jenerik,İngilizce,Head,jen
valorant champions canlı izle,Valorant Champions,E-Spor,Dünya Turnuvası,Kıta Üstü,Orta,Karma,Kulüp,Takım Sporu,Global,Uluslararası,Türk Takımı Var,Doğrulanacak,Yıllık,Turnuva,Canlı İzle,İzleme,Lig/Organizasyon,Jenerik,Türkçe,Body,izle
vct,Valorant Champions,E-Spor,Dünya Turnuvası,Kıta Üstü,Orta,Karma,Kulüp,Takım Sporu,Global,Uluslararası,Türk Takımı Var,Doğrulanacak,Yıllık,Turnuva,Jenerik,Bilgi,Lig/Organizasyon,Jenerik,İngilizce,Head,jen
vct canlı izle,Valorant Champions,E-Spor,Dünya Turnuvası,Kıta Üstü,Orta,Karma,Kulüp,Takım Sporu,Global,Uluslararası,Türk Takımı Var,Doğrulanacak,Yıllık,Turnuva,Canlı İzle,İzleme,Lig/Organizasyon,Jenerik,Türkçe,Body,izle
cs2 major,CS2 Major,E-Spor,Dünya Turnuvası,Kıta Üstü,Orta,Karma,Kulüp,Takım Sporu,Global,Uluslararası,Yok,Doğrulanacak,Yıllık,Turnuva,Jenerik,Bilgi,Lig/Organizasyon,Jenerik,İngilizce,Head,jen
cs2 major canlı izle,CS2 Major,E-Spor,Dünya Turnuvası,Kıta Üstü,Orta,Karma,Kulüp,Takım Sporu,Global,Uluslararası,Yok,Doğrulanacak,Yıllık,Turnuva,Canlı İzle,İzleme,Lig/Organizasyon,Jenerik,Türkçe,Body,izle
counter strike major,CS2 Major,E-Spor,Dünya Turnuvası,Kıta Üstü,Orta,Karma,Kulüp,Takım Sporu,Global,Uluslararası,Yok,Doğrulanacak,Yıllık,Turnuva,Jenerik,Bilgi,Lig/Organizasyon,Jenerik,İngilizce,Body,jen
counter strike major canlı izle,CS2 Major,E-Spor,Dünya Turnuvası,Kıta Üstü,Orta,Karma,Kulüp,Takım Sporu,Global,Uluslararası,Yok,Doğrulanacak,Yıllık,Turnuva,Canlı İzle,İzleme,Lig/Organizasyon,Jenerik,Türkçe,Long-tail,izle
the international dota,Dota 2 The International,E-Spor,Dünya Turnuvası,Kıta Üstü,Niş,Karma,Kulüp,Takım Sporu,Global,Uluslararası,Yok,Doğrulanacak,Yıllık,Turnuva,Jenerik,Bilgi,Lig/Organizasyon,Jenerik,İngilizce,Body,jen
the international dota canlı izle,Dota 2 The International,E-Spor,Dünya Turnuvası,Kıta Üstü,Niş,Karma,Kulüp,Takım Sporu,Global,Uluslararası,Yok,Doğrulanacak,Yıllık,Turnuva,Canlı İzle,İzleme,Lig/Organizasyon,Jenerik,Türkçe,Long-tail,izle
espor,E-Spor Jenerik,E-Spor,Lig,1. Seviye,Orta,Karma,Kulüp,Takım Sporu,Global,Uluslararası,Türk Takımı Var,Doğrulanacak,Sürekli,Sürekli Lig,Jenerik,Bilgi,Lig/Organizasyon,Jenerik,İngilizce,Head,jen
espor canlı izle,E-Spor Jenerik,E-Spor,Lig,1. Seviye,Orta,Karma,Kulüp,Takım Sporu,Global,Uluslararası,Türk Takımı Var,Doğrulanacak,Sürekli,Sürekli Lig,Canlı İzle,İzleme,Lig/Organizasyon,Jenerik,Türkçe,Body,izle
e-spor,E-Spor Jenerik,E-Spor,Lig,1. Seviye,Orta,Karma,Kulüp,Takım Sporu,Global,Uluslararası,Türk Takımı Var,Doğrulanacak,Sürekli,Sürekli Lig,Jenerik,Bilgi,Lig/Organizasyon,Jenerik,İngilizce,Head,jen
e-spor canlı izle,E-Spor Jenerik,E-Spor,Lig,1. Seviye,Orta,Karma,Kulüp,Takım Sporu,Global,Uluslararası,Türk Takımı Var,Doğrulanacak,Sürekli,Sürekli Lig,Canlı İzle,İzleme,Lig/Organizasyon,Jenerik,Türkçe,Body,izle
