keyword,organizasyon,spor_dali,musabaka_tipi,lig_seviyesi,prestij_katmani,cinsiyet,kulup_milli,takim_bireysel,cografya,yerlilik,turk_baglantisi,yayin_hakki,periyodiklik,takvim_tipi,sayfa_tipi,intent_katmani,entity_tipi,marka_tipi,dil,sorgu_uzunlugu,varyant_kodu,katman
hangi maç hangi kanalda,Yayın Rehberi,Çoklu/Jenerik,Jenerik,Yok,Global Elit,Karma,Jenerik,Jenerik,Türkiye,Yerli,Yok,TV+ Var,Sürekli,Sürekli Lig,Kanal/Yayın,İzleme,Jenerik,Jenerik,Türkçe,Body,yayin_hub,Çekirdek
maç hangi kanalda,Yayın Rehberi,Çoklu/Jenerik,Jenerik,Yok,Global Elit,Karma,Jenerik,Jenerik,Türkiye,Yerli,Yok,TV+ Var,Sürekli,Sürekli Lig,Kanal/Yayın,İzleme,Jenerik,Jenerik,Türkçe,Body,yayin_hub,Çekirdek
bugün hangi maçlar var,Yayın Rehberi,Çoklu/Jenerik,Jenerik,Yok,Global Elit,Karma,Jenerik,Jenerik,Türkiye,Yerli,Yok,TV+ Var,Sürekli,Sürekli Lig,Takvim/Saat,İzleme,Jenerik,Jenerik,Türkçe,Body,yayin_hub,Çekirdek
bugün maç var mı,Yayın Rehberi,Çoklu/Jenerik,Jenerik,Yok,Global Elit,Karma,Jenerik,Jenerik,Türkiye,Yerli,Yok,TV+ Var,Sürekli,Sürekli Lig,Takvim/Saat,İzleme,Jenerik,Jenerik,Türkçe,Body,yayin_hub,Çekirdek
bugün kimin maçı var,Yayın Rehberi,Çoklu/Jenerik,Jenerik,Yok,Global Elit,Karma,Jenerik,Jenerik,Türkiye,Yerli,Yok,TV+ Var,Sürekli,Sürekli Lig,Takvim/Saat,İzleme,Jenerik,Jenerik,Türkçe,Body,yayin_hub,Çekirdek
günün maçları,Yayın Rehberi,Çoklu/Jenerik,Jenerik,Yok,Global Elit,Karma,Jenerik,Jenerik,Türkiye,Yerli,Yok,TV+ Var,Sürekli,Sürekli Lig,Takvim/Saat,İzleme,Jenerik,Jenerik,Türkçe,Head,yayin_hub,Çekirdek
bugünkü maçlar,Yayın Rehberi,Çoklu/Jenerik,Jenerik,Yok,Global Elit,Karma,Jenerik,Jenerik,Türkiye,Yerli,Yok,TV+ Var,Sürekli,Sürekli Lig,Takvim/Saat,İzleme,Jenerik,Jenerik,Türkçe,Head,yayin_hub,Çekirdek
maç programı bugün,Yayın Rehberi,Çoklu/Jenerik,Jenerik,Yok,Global Elit,Karma,Jenerik,Jenerik,Türkiye,Yerli,Yok,TV+ Var,Sürekli,Sürekli Lig,Takvim/Saat,İzleme,Jenerik,Jenerik,Türkçe,Body,yayin_hub,Çekirdek
tv'de bugün,Yayın Rehberi,Çoklu/Jenerik,Jenerik,Yok,Global Elit,Karma,Jenerik,Jenerik,Türkiye,Yerli,Yok,TV+ Var,Sürekli,Sürekli Lig,Takvim/Saat,İzleme,Jenerik,Jenerik,Türkçe,Head,yayin_hub,Çekirdek
tvde bugün maçlar,Yayın Rehberi,Çoklu/Jenerik,Jenerik,Yok,Global Elit,Karma,Jenerik,Jenerik,Türkiye,Yerli,Yok,TV+ Var,Sürekli,Sürekli Lig,Takvim/Saat,İzleme,Jenerik,Jenerik,Türkçe,Body,yayin_hub,Çekirdek
spor yayın akışı,Yayın Rehberi,Çoklu/Jenerik,Jenerik,Yok,Global Elit,Karma,Jenerik,Jenerik,Türkiye,Yerli,Yok,TV+ Var,Sürekli,Sürekli Lig,Takvim/Saat,İzleme,Jenerik,Jenerik,Türkçe,Body,yayin_hub,Çekirdek
bugün hangi maçlar var saat kaçta,Yayın Rehberi,Çoklu/Jenerik,Jenerik,Yok,Global Elit,Karma,Jenerik,Jenerik,Türkiye,Yerli,Yok,TV+ Var,Sürekli,Sürekli Lig,Takvim/Saat,İzleme,Jenerik,Jenerik,Türkçe,Long-tail,yayin_hub,Çekirdek
hafta sonu maç programı,Yayın Rehberi,Çoklu/Jenerik,Jenerik,Yok,Global Elit,Karma,Jenerik,Jenerik,Türkiye,Yerli,Yok,TV+ Var,Sürekli,Sürekli Lig,Takvim/Saat,İzleme,Jenerik,Jenerik,Türkçe,Body,yayin_hub,Çekirdek
haftanın maçları,Yayın Rehberi,Çoklu/Jenerik,Jenerik,Yok,Global Elit,Karma,Jenerik,Jenerik,Türkiye,Yerli,Yok,TV+ Var,Sürekli,Sürekli Lig,Takvim/Saat,İzleme,Jenerik,Jenerik,Türkçe,Head,yayin_hub,Çekirdek
bu akşam hangi maçlar var,Yayın Rehberi,Çoklu/Jenerik,Jenerik,Yok,Global Elit,Karma,Jenerik,Jenerik,Türkiye,Yerli,Yok,TV+ Var,Sürekli,Sürekli Lig,Takvim/Saat,İzleme,Jenerik,Jenerik,Türkçe,Long-tail,yayin_hub,Çekirdek
bu akşam maç var mı,Yayın Rehberi,Çoklu/Jenerik,Jenerik,Yok,Global Elit,Karma,Jenerik,Jenerik,Türkiye,Yerli,Yok,TV+ Var,Sürekli,Sürekli Lig,Takvim/Saat,İzleme,Jenerik,Jenerik,Türkçe,Long-tail,yayin_hub,Çekirdek
yarın hangi maçlar var,Yayın Rehberi,Çoklu/Jenerik,Jenerik,Yok,Global Elit,Karma,Jenerik,Jenerik,Türkiye,Yerli,Yok,TV+ Var,Sürekli,Sürekli Lig,Takvim/Saat,İzleme,Jenerik,Jenerik,Türkçe,Body,yayin_hub,Çekirdek
canlı maç yayın akışı,Yayın Rehberi,Çoklu/Jenerik,Jenerik,Yok,Global Elit,Karma,Jenerik,Jenerik,Türkiye,Yerli,Yok,TV+ Var,Sürekli,Sürekli Lig,Takvim/Saat,İzleme,Jenerik,Jenerik,Türkçe,Body,yayin_hub,Çekirdek
spor programı bugün,Yayın Rehberi,Çoklu/Jenerik,Jenerik,Yok,Global Elit,Karma,Jenerik,Jenerik,Türkiye,Yerli,Yok,TV+ Var,Sürekli,Sürekli Lig,Takvim/Saat,İzleme,Jenerik,Jenerik,Türkçe,Body,yayin_hub,Çekirdek
maç takvimi bugün,Yayın Rehberi,Çoklu/Jenerik,Jenerik,Yok,Global Elit,Karma,Jenerik,Jenerik,Türkiye,Yerli,Yok,TV+ Var,Sürekli,Sürekli Lig,Takvim/Saat,İzleme,Jenerik,Jenerik,Türkçe,Body,yayin_hub,Çekirdek
galatasaray górnik zabrze nerede izlenir,Avrupa Kupası Eşleşmeleri,Futbol,Kıta Turnuvası,Kıta Üstü,Global Elit,Erkek,Kulüp,Takım Sporu,Avrupa,Uluslararası,Türk Takımı Var,TV+ Var,Yıllık,Turnuva,Kanal/Yayın,İzleme,Maç,Jenerik,Türkçe,Long-tail,nerede_izlenir,Çekirdek
galatasaray górnik zabrze canlı izle,Avrupa Kupası Eşleşmeleri,Futbol,Kıta Turnuvası,Kıta Üstü,Global Elit,Erkek,Kulüp,Takım Sporu,Avrupa,Uluslararası,Türk Takımı Var,TV+ Var,Yıllık,Turnuva,Canlı İzle,İzleme,Maç,Jenerik,Türkçe,Long-tail,h2h_izle,Çekirdek
galatasaray górnik zabrze hangi kanalda,Avrupa Kupası Eşleşmeleri,Futbol,Kıta Turnuvası,Kıta Üstü,Global Elit,Erkek,Kulüp,Takım Sporu,Avrupa,Uluslararası,Türk Takımı Var,TV+ Var,Yıllık,Turnuva,Kanal/Yayın,İzleme,Maç,Jenerik,Türkçe,Long-tail,h2h_kanal,Çekirdek
galatasaray górnik zabrze saat kaçta,Avrupa Kupası Eşleşmeleri,Futbol,Kıta Turnuvası,Kıta Üstü,Global Elit,Erkek,Kulüp,Takım Sporu,Avrupa,Uluslararası,Türk Takımı Var,TV+ Var,Yıllık,Turnuva,Takvim/Saat,Bilgi,Maç,Jenerik,Türkçe,Long-tail,h2h_saat,Çekirdek
galatasaray górnik zabrze maçı ne zaman,Avrupa Kupası Eşleşmeleri,Futbol,Kıta Turnuvası,Kıta Üstü,Global Elit,Erkek,Kulüp,Takım Sporu,Avrupa,Uluslararası,Türk Takımı Var,TV+ Var,Yıllık,Turnuva,Takvim/Saat,Bilgi,Maç,Jenerik,Türkçe,Long-tail,h2h_nezaman,Çekirdek
galatasaray sturm graz nerede izlenir,Avrupa Kupası Eşleşmeleri,Futbol,Kıta Turnuvası,Kıta Üstü,Global Elit,Erkek,Kulüp,Takım Sporu,Avrupa,Uluslararası,Türk Takımı Var,TV+ Var,Yıllık,Turnuva,Kanal/Yayın,İzleme,Maç,Jenerik,İngilizce,Long-tail,nerede_izlenir,Çekirdek
galatasaray sturm graz canlı izle,Avrupa Kupası Eşleşmeleri,Futbol,Kıta Turnuvası,Kıta Üstü,Global Elit,Erkek,Kulüp,Takım Sporu,Avrupa,Uluslararası,Türk Takımı Var,TV+ Var,Yıllık,Turnuva,Canlı İzle,İzleme,Maç,Jenerik,Türkçe,Long-tail,h2h_izle,Çekirdek
galatasaray sturm graz hangi kanalda,Avrupa Kupası Eşleşmeleri,Futbol,Kıta Turnuvası,Kıta Üstü,Global Elit,Erkek,Kulüp,Takım Sporu,Avrupa,Uluslararası,Türk Takımı Var,TV+ Var,Yıllık,Turnuva,Kanal/Yayın,İzleme,Maç,Jenerik,İngilizce,Long-tail,h2h_kanal,Çekirdek
galatasaray sturm graz saat kaçta,Avrupa Kupası Eşleşmeleri,Futbol,Kıta Turnuvası,Kıta Üstü,Global Elit,Erkek,Kulüp,Takım Sporu,Avrupa,Uluslararası,Türk Takımı Var,TV+ Var,Yıllık,Turnuva,Takvim/Saat,Bilgi,Maç,Jenerik,Türkçe,Long-tail,h2h_saat,Çekirdek
galatasaray sturm graz maçı ne zaman,Avrupa Kupası Eşleşmeleri,Futbol,Kıta Turnuvası,Kıta Üstü,Global Elit,Erkek,Kulüp,Takım Sporu,Avrupa,Uluslararası,Türk Takımı Var,TV+ Var,Yıllık,Turnuva,Takvim/Saat,Bilgi,Maç,Jenerik,Türkçe,Long-tail,h2h_nezaman,Çekirdek
galatasaray midtjylland nerede izlenir,Avrupa Kupası Eşleşmeleri,Futbol,Kıta Turnuvası,Kıta Üstü,Global Elit,Erkek,Kulüp,Takım Sporu,Avrupa,Uluslararası,Türk Takımı Var,TV+ Var,Yıllık,Turnuva,Kanal/Yayın,İzleme,Maç,Jenerik,İngilizce,Body,nerede_izlenir,Çekirdek
galatasaray midtjylland canlı izle,Avrupa Kupası Eşleşmeleri,Futbol,Kıta Turnuvası,Kıta Üstü,Global Elit,Erkek,Kulüp,Takım Sporu,Avrupa,Uluslararası,Türk Takımı Var,TV+ Var,Yıllık,Turnuva,Canlı İzle,İzleme,Maç,Jenerik,Türkçe,Body,h2h_izle,Çekirdek
galatasaray midtjylland hangi kanalda,Avrupa Kupası Eşleşmeleri,Futbol,Kıta Turnuvası,Kıta Üstü,Global Elit,Erkek,Kulüp,Takım Sporu,Avrupa,Uluslararası,Türk Takımı Var,TV+ Var,Yıllık,Turnuva,Kanal/Yayın,İzleme,Maç,Jenerik,İngilizce,Body,h2h_kanal,Çekirdek
galatasaray midtjylland saat kaçta,Avrupa Kupası Eşleşmeleri,Futbol,Kıta Turnuvası,Kıta Üstü,Global Elit,Erkek,Kulüp,Takım Sporu,Avrupa,Uluslararası,Türk Takımı Var,TV+ Var,Yıllık,Turnuva,Takvim/Saat,Bilgi,Maç,Jenerik,Türkçe,Body,h2h_saat,Çekirdek
galatasaray midtjylland maçı ne zaman,Avrupa Kupası Eşleşmeleri,Futbol,Kıta Turnuvası,Kıta Üstü,Global Elit,Erkek,Kulüp,Takım Sporu,Avrupa,Uluslararası,Türk Takımı Var,TV+ Var,Yıllık,Turnuva,Takvim/Saat,Bilgi,Maç,Jenerik,Türkçe,Long-tail,h2h_nezaman,Çekirdek
galatasaray benfica nerede izlenir,Avrupa Kupası Eşleşmeleri,Futbol,Kıta Turnuvası,Kıta Üstü,Global Elit,Erkek,Kulüp,Takım Sporu,Avrupa,Uluslararası,Türk Takımı Var,TV+ Var,Yıllık,Turnuva,Kanal/Yayın,İzleme,Maç,Jenerik,İngilizce,Body,nerede_izlenir,Çekirdek
galatasaray benfica canlı izle,Avrupa Kupası Eşleşmeleri,Futbol,Kıta Turnuvası,Kıta Üstü,Global Elit,Erkek,Kulüp,Takım Sporu,Avrupa,Uluslararası,Türk Takımı Var,TV+ Var,Yıllık,Turnuva,Canlı İzle,İzleme,Maç,Jenerik,Türkçe,Body,h2h_izle,Çekirdek
galatasaray benfica hangi kanalda,Avrupa Kupası Eşleşmeleri,Futbol,Kıta Turnuvası,Kıta Üstü,Global Elit,Erkek,Kulüp,Takım Sporu,Avrupa,Uluslararası,Türk Takımı Var,TV+ Var,Yıllık,Turnuva,Kanal/Yayın,İzleme,Maç,Jenerik,İngilizce,Body,h2h_kanal,Çekirdek
galatasaray benfica saat kaçta,Avrupa Kupası Eşleşmeleri,Futbol,Kıta Turnuvası,Kıta Üstü,Global Elit,Erkek,Kulüp,Takım Sporu,Avrupa,Uluslararası,Türk Takımı Var,TV+ Var,Yıllık,Turnuva,Takvim/Saat,Bilgi,Maç,Jenerik,Türkçe,Body,h2h_saat,Çekirdek
galatasaray benfica maçı ne zaman,Avrupa Kupası Eşleşmeleri,Futbol,Kıta Turnuvası,Kıta Üstü,Global Elit,Erkek,Kulüp,Takım Sporu,Avrupa,Uluslararası,Türk Takımı Var,TV+ Var,Yıllık,Turnuva,Takvim/Saat,Bilgi,Maç,Jenerik,Türkçe,Long-tail,h2h_nezaman,Çekirdek
galatasaray ajax nerede izlenir,Avrupa Kupası Eşleşmeleri,Futbol,Kıta Turnuvası,Kıta Üstü,Global Elit,Erkek,Kulüp,Takım Sporu,Avrupa,Uluslararası,Türk Takımı Var,TV+ Var,Yıllık,Turnuva,Kanal/Yayın,İzleme,Maç,Jenerik,İngilizce,Body,nerede_izlenir,Çekirdek
galatasaray ajax canlı izle,Avrupa Kupası Eşleşmeleri,Futbol,Kıta Turnuvası,Kıta Üstü,Global Elit,Erkek,Kulüp,Takım Sporu,Avrupa,Uluslararası,Türk Takımı Var,TV+ Var,Yıllık,Turnuva,Canlı İzle,İzleme,Maç,Jenerik,Türkçe,Body,h2h_izle,Çekirdek
galatasaray ajax hangi kanalda,Avrupa Kupası Eşleşmeleri,Futbol,Kıta Turnuvası,Kıta Üstü,Global Elit,Erkek,Kulüp,Takım Sporu,Avrupa,Uluslararası,Türk Takımı Var,TV+ Var,Yıllık,Turnuva,Kanal/Yayın,İzleme,Maç,Jenerik,İngilizce,Body,h2h_kanal,Çekirdek
galatasaray ajax saat kaçta,Avrupa Kupası Eşleşmeleri,Futbol,Kıta Turnuvası,Kıta Üstü,Global Elit,Erkek,Kulüp,Takım Sporu,Avrupa,Uluslararası,Türk Takımı Var,TV+ Var,Yıllık,Turnuva,Takvim/Saat,Bilgi,Maç,Jenerik,Türkçe,Body,h2h_saat,Çekirdek
galatasaray ajax maçı ne zaman,Avrupa Kupası Eşleşmeleri,Futbol,Kıta Turnuvası,Kıta Üstü,Global Elit,Erkek,Kulüp,Takım Sporu,Avrupa,Uluslararası,Türk Takımı Var,TV+ Var,Yıllık,Turnuva,Takvim/Saat,Bilgi,Maç,Jenerik,Türkçe,Long-tail,h2h_nezaman,Çekirdek
galatasaray celtic nerede izlenir,Avrupa Kupası Eşleşmeleri,Futbol,Kıta Turnuvası,Kıta Üstü,Global Elit,Erkek,Kulüp,Takım Sporu,Avrupa,Uluslararası,Türk Takımı Var,TV+ Var,Yıllık,Turnuva,Kanal/Yayın,İzleme,Maç,Jenerik,İngilizce,Body,nerede_izlenir,Çekirdek
galatasaray celtic canlı izle,Avrupa Kupası Eşleşmeleri,Futbol,Kıta Turnuvası,Kıta Üstü,Global Elit,Erkek,Kulüp,Takım Sporu,Avrupa,Uluslararası,Türk Takımı Var,TV+ Var,Yıllık,Turnuva,Canlı İzle,İzleme,Maç,Jenerik,Türkçe,Body,h2h_izle,Çekirdek
galatasaray celtic hangi kanalda,Avrupa Kupası Eşleşmeleri,Futbol,Kıta Turnuvası,Kıta Üstü,Global Elit,Erkek,Kulüp,Takım Sporu,Avrupa,Uluslararası,Türk Takımı Var,TV+ Var,Yıllık,Turnuva,Kanal/Yayın,İzleme,Maç,Jenerik,İngilizce,Body,h2h_kanal,Çekirdek
galatasaray celtic saat kaçta,Avrupa Kupası Eşleşmeleri,Futbol,Kıta Turnuvası,Kıta Üstü,Global Elit,Erkek,Kulüp,Takım Sporu,Avrupa,Uluslararası,Türk Takımı Var,TV+ Var,Yıllık,Turnuva,Takvim/Saat,Bilgi,Maç,Jenerik,Türkçe,Body,h2h_saat,Çekirdek
galatasaray celtic maçı ne zaman,Avrupa Kupası Eşleşmeleri,Futbol,Kıta Turnuvası,Kıta Üstü,Global Elit,Erkek,Kulüp,Takım Sporu,Avrupa,Uluslararası,Türk Takımı Var,TV+ Var,Yıllık,Turnuva,Takvim/Saat,Bilgi,Maç,Jenerik,Türkçe,Long-tail,h2h_nezaman,Çekirdek
galatasaray olympiacos nerede izlenir,Avrupa Kupası Eşleşmeleri,Futbol,Kıta Turnuvası,Kıta Üstü,Global Elit,Erkek,Kulüp,Takım Sporu,Avrupa,Uluslararası,Türk Takımı Var,TV+ Var,Yıllık,Turnuva,Kanal/Yayın,İzleme,Maç,Jenerik,İngilizce,Body,nerede_izlenir,Çekirdek
galatasaray olympiacos canlı izle,Avrupa Kupası Eşleşmeleri,Futbol,Kıta Turnuvası,Kıta Üstü,Global Elit,Erkek,Kulüp,Takım Sporu,Avrupa,Uluslararası,Türk Takımı Var,TV+ Var,Yıllık,Turnuva,Canlı İzle,İzleme,Maç,Jenerik,Türkçe,Body,h2h_izle,Çekirdek
galatasaray olympiacos hangi kanalda,Avrupa Kupası Eşleşmeleri,Futbol,Kıta Turnuvası,Kıta Üstü,Global Elit,Erkek,Kulüp,Takım Sporu,Avrupa,Uluslararası,Türk Takımı Var,TV+ Var,Yıllık,Turnuva,Kanal/Yayın,İzleme,Maç,Jenerik,İngilizce,Body,h2h_kanal,Çekirdek
galatasaray olympiacos saat kaçta,Avrupa Kupası Eşleşmeleri,Futbol,Kıta Turnuvası,Kıta Üstü,Global Elit,Erkek,Kulüp,Takım Sporu,Avrupa,Uluslararası,Türk Takımı Var,TV+ Var,Yıllık,Turnuva,Takvim/Saat,Bilgi,Maç,Jenerik,Türkçe,Body,h2h_saat,Çekirdek
galatasaray olympiacos maçı ne zaman,Avrupa Kupası Eşleşmeleri,Futbol,Kıta Turnuvası,Kıta Üstü,Global Elit,Erkek,Kulüp,Takım Sporu,Avrupa,Uluslararası,Türk Takımı Var,TV+ Var,Yıllık,Turnuva,Takvim/Saat,Bilgi,Maç,Jenerik,Türkçe,Long-tail,h2h_nezaman,Çekirdek
galatasaray qarabağ nerede izlenir,Avrupa Kupası Eşleşmeleri,Futbol,Kıta Turnuvası,Kıta Üstü,Global Elit,Erkek,Kulüp,Takım Sporu,Avrupa,Uluslararası,Türk Takımı Var,TV+ Var,Yıllık,Turnuva,Kanal/Yayın,İzleme,Maç,Jenerik,Türkçe,Body,nerede_izlenir,Çekirdek
galatasaray qarabağ canlı izle,Avrupa Kupası Eşleşmeleri,Futbol,Kıta Turnuvası,Kıta Üstü,Global Elit,Erkek,Kulüp,Takım Sporu,Avrupa,Uluslararası,Türk Takımı Var,TV+ Var,Yıllık,Turnuva,Canlı İzle,İzleme,Maç,Jenerik,Türkçe,Body,h2h_izle,Çekirdek
galatasaray qarabağ hangi kanalda,Avrupa Kupası Eşleşmeleri,Futbol,Kıta Turnuvası,Kıta Üstü,Global Elit,Erkek,Kulüp,Takım Sporu,Avrupa,Uluslararası,Türk Takımı Var,TV+ Var,Yıllık,Turnuva,Kanal/Yayın,İzleme,Maç,Jenerik,Türkçe,Body,h2h_kanal,Çekirdek
galatasaray qarabağ saat kaçta,Avrupa Kupası Eşleşmeleri,Futbol,Kıta Turnuvası,Kıta Üstü,Global Elit,Erkek,Kulüp,Takım Sporu,Avrupa,Uluslararası,Türk Takımı Var,TV+ Var,Yıllık,Turnuva,Takvim/Saat,Bilgi,Maç,Jenerik,Türkçe,Body,h2h_saat,Çekirdek
galatasaray qarabağ maçı ne zaman,Avrupa Kupası Eşleşmeleri,Futbol,Kıta Turnuvası,Kıta Üstü,Global Elit,Erkek,Kulüp,Takım Sporu,Avrupa,Uluslararası,Türk Takımı Var,TV+ Var,Yıllık,Turnuva,Takvim/Saat,Bilgi,Maç,Jenerik,Türkçe,Long-tail,h2h_nezaman,Çekirdek
galatasaray rangers nerede izlenir,Avrupa Kupası Eşleşmeleri,Futbol,Kıta Turnuvası,Kıta Üstü,Global Elit,Erkek,Kulüp,Takım Sporu,Avrupa,Uluslararası,Türk Takımı Var,TV+ Var,Yıllık,Turnuva,Kanal/Yayın,İzleme,Maç,Jenerik,İngilizce,Body,nerede_izlenir,Çekirdek
galatasaray rangers canlı izle,Avrupa Kupası Eşleşmeleri,Futbol,Kıta Turnuvası,Kıta Üstü,Global Elit,Erkek,Kulüp,Takım Sporu,Avrupa,Uluslararası,Türk Takımı Var,TV+ Var,Yıllık,Turnuva,Canlı İzle,İzleme,Maç,Jenerik,Türkçe,Body,h2h_izle,Çekirdek
galatasaray rangers hangi kanalda,Avrupa Kupası Eşleşmeleri,Futbol,Kıta Turnuvası,Kıta Üstü,Global Elit,Erkek,Kulüp,Takım Sporu,Avrupa,Uluslararası,Türk Takımı Var,TV+ Var,Yıllık,Turnuva,Kanal/Yayın,İzleme,Maç,Jenerik,İngilizce,Body,h2h_kanal,Çekirdek
galatasaray rangers saat kaçta,Avrupa Kupası Eşleşmeleri,Futbol,Kıta Turnuvası,Kıta Üstü,Global Elit,Erkek,Kulüp,Takım Sporu,Avrupa,Uluslararası,Türk Takımı Var,TV+ Var,Yıllık,Turnuva,Takvim/Saat,Bilgi,Maç,Jenerik,Türkçe,Body,h2h_saat,Çekirdek
galatasaray rangers maçı ne zaman,Avrupa Kupası Eşleşmeleri,Futbol,Kıta Turnuvası,Kıta Üstü,Global Elit,Erkek,Kulüp,Takım Sporu,Avrupa,Uluslararası,Türk Takımı Var,TV+ Var,Yıllık,Turnuva,Takvim/Saat,Bilgi,Maç,Jenerik,Türkçe,Long-tail,h2h_nezaman,Çekirdek
galatasaray brann nerede izlenir,Avrupa Kupası Eşleşmeleri,Futbol,Kıta Turnuvası,Kıta Üstü,Global Elit,Erkek,Kulüp,Takım Sporu,Avrupa,Uluslararası,Türk Takımı Var,TV+ Var,Yıllık,Turnuva,Kanal/Yayın,İzleme,Maç,Jenerik,İngilizce,Body,nerede_izlenir,Çekirdek
galatasaray brann canlı izle,Avrupa Kupası Eşleşmeleri,Futbol,Kıta Turnuvası,Kıta Üstü,Global Elit,Erkek,Kulüp,Takım Sporu,Avrupa,Uluslararası,Türk Takımı Var,TV+ Var,Yıllık,Turnuva,Canlı İzle,İzleme,Maç,Jenerik,Türkçe,Body,h2h_izle,Çekirdek
galatasaray brann hangi kanalda,Avrupa Kupası Eşleşmeleri,Futbol,Kıta Turnuvası,Kıta Üstü,Global Elit,Erkek,Kulüp,Takım Sporu,Avrupa,Uluslararası,Türk Takımı Var,TV+ Var,Yıllık,Turnuva,Kanal/Yayın,İzleme,Maç,Jenerik,İngilizce,Body,h2h_kanal,Çekirdek
galatasaray brann saat kaçta,Avrupa Kupası Eşleşmeleri,Futbol,Kıta Turnuvası,Kıta Üstü,Global Elit,Erkek,Kulüp,Takım Sporu,Avrupa,Uluslararası,Türk Takımı Var,TV+ Var,Yıllık,Turnuva,Takvim/Saat,Bilgi,Maç,Jenerik,Türkçe,Body,h2h_saat,Çekirdek
galatasaray brann maçı ne zaman,Avrupa Kupası Eşleşmeleri,Futbol,Kıta Turnuvası,Kıta Üstü,Global Elit,Erkek,Kulüp,Takım Sporu,Avrupa,Uluslararası,Türk Takımı Var,TV+ Var,Yıllık,Turnuva,Takvim/Saat,Bilgi,Maç,Jenerik,Türkçe,Long-tail,h2h_nezaman,Çekirdek
galatasaray paok nerede izlenir,Avrupa Kupası Eşleşmeleri,Futbol,Kıta Turnuvası,Kıta Üstü,Global Elit,Erkek,Kulüp,Takım Sporu,Avrupa,Uluslararası,Türk Takımı Var,TV+ Var,Yıllık,Turnuva,Kanal/Yayın,İzleme,Maç,Jenerik,İngilizce,Body,nerede_izlenir,Çekirdek
galatasaray paok canlı izle,Avrupa Kupası Eşleşmeleri,Futbol,Kıta Turnuvası,Kıta Üstü,Global Elit,Erkek,Kulüp,Takım Sporu,Avrupa,Uluslararası,Türk Takımı Var,TV+ Var,Yıllık,Turnuva,Canlı İzle,İzleme,Maç,Jenerik,Türkçe,Body,h2h_izle,Çekirdek
galatasaray paok hangi kanalda,Avrupa Kupası Eşleşmeleri,Futbol,Kıta Turnuvası,Kıta Üstü,Global Elit,Erkek,Kulüp,Takım Sporu,Avrupa,Uluslararası,Türk Takımı Var,TV+ Var,Yıllık,Turnuva,Kanal/Yayın,İzleme,Maç,Jenerik,İngilizce,Body,h2h_kanal,Çekirdek
galatasaray paok saat kaçta,Avrupa Kupası Eşleşmeleri,Futbol,Kıta Turnuvası,Kıta Üstü,Global Elit,Erkek,Kulüp,Takım Sporu,Avrupa,Uluslararası,Türk Takımı Var,TV+ Var,Yıllık,Turnuva,Takvim/Saat,Bilgi,Maç,Jenerik,Türkçe,Body,h2h_saat,Çekirdek
galatasaray paok maçı ne zaman,Avrupa Kupası Eşleşmeleri,Futbol,Kıta Turnuvası,Kıta Üstü,Global Elit,Erkek,Kulüp,Takım Sporu,Avrupa,Uluslararası,Türk Takımı Var,TV+ Var,Yıllık,Turnuva,Takvim/Saat,Bilgi,Maç,Jenerik,Türkçe,Long-tail,h2h_nezaman,Çekirdek
galatasaray dinamo zagreb nerede izlenir,Avrupa Kupası Eşleşmeleri,Futbol,Kıta Turnuvası,Kıta Üstü,Global Elit,Erkek,Kulüp,Takım Sporu,Avrupa,Uluslararası,Türk Takımı Var,TV+ Var,Yıllık,Turnuva,Kanal/Yayın,İzleme,Maç,Jenerik,İngilizce,Long-tail,nerede_izlenir,Çekirdek
galatasaray dinamo zagreb canlı izle,Avrupa Kupası Eşleşmeleri,Futbol,Kıta Turnuvası,Kıta Üstü,Global Elit,Erkek,Kulüp,Takım Sporu,Avrupa,Uluslararası,Türk Takımı Var,TV+ Var,Yıllık,Turnuva,Canlı İzle,İzleme,Maç,Jenerik,Türkçe,Long-tail,h2h_izle,Çekirdek
galatasaray dinamo zagreb hangi kanalda,Avrupa Kupası Eşleşmeleri,Futbol,Kıta Turnuvası,Kıta Üstü,Global Elit,Erkek,Kulüp,Takım Sporu,Avrupa,Uluslararası,Türk Takımı Var,TV+ Var,Yıllık,Turnuva,Kanal/Yayın,İzleme,Maç,Jenerik,İngilizce,Long-tail,h2h_kanal,Çekirdek
galatasaray dinamo zagreb saat kaçta,Avrupa Kupası Eşleşmeleri,Futbol,Kıta Turnuvası,Kıta Üstü,Global Elit,Erkek,Kulüp,Takım Sporu,Avrupa,Uluslararası,Türk Takımı Var,TV+ Var,Yıllık,Turnuva,Takvim/Saat,Bilgi,Maç,Jenerik,Türkçe,Long-tail,h2h_saat,Çekirdek
galatasaray dinamo zagreb maçı ne zaman,Avrupa Kupası Eşleşmeleri,Futbol,Kıta Turnuvası,Kıta Üstü,Global Elit,Erkek,Kulüp,Takım Sporu,Avrupa,Uluslararası,Türk Takımı Var,TV+ Var,Yıllık,Turnuva,Takvim/Saat,Bilgi,Maç,Jenerik,Türkçe,Long-tail,h2h_nezaman,Çekirdek
galatasaray viktoria plzeň nerede izlenir,Avrupa Kupası Eşleşmeleri,Futbol,Kıta Turnuvası,Kıta Üstü,Global Elit,Erkek,Kulüp,Takım Sporu,Avrupa,Uluslararası,Türk Takımı Var,TV+ Var,Yıllık,Turnuva,Kanal/Yayın,İzleme,Maç,Jenerik,Türkçe,Long-tail,nerede_izlenir,Çekirdek
galatasaray viktoria plzeň canlı izle,Avrupa Kupası Eşleşmeleri,Futbol,Kıta Turnuvası,Kıta Üstü,Global Elit,Erkek,Kulüp,Takım Sporu,Avrupa,Uluslararası,Türk Takımı Var,TV+ Var,Yıllık,Turnuva,Canlı İzle,İzleme,Maç,Jenerik,Türkçe,Long-tail,h2h_izle,Çekirdek
galatasaray viktoria plzeň hangi kanalda,Avrupa Kupası Eşleşmeleri,Futbol,Kıta Turnuvası,Kıta Üstü,Global Elit,Erkek,Kulüp,Takım Sporu,Avrupa,Uluslararası,Türk Takımı Var,TV+ Var,Yıllık,Turnuva,Kanal/Yayın,İzleme,Maç,Jenerik,Türkçe,Long-tail,h2h_kanal,Çekirdek
galatasaray viktoria plzeň saat kaçta,Avrupa Kupası Eşleşmeleri,Futbol,Kıta Turnuvası,Kıta Üstü,Global Elit,Erkek,Kulüp,Takım Sporu,Avrupa,Uluslararası,Türk Takımı Var,TV+ Var,Yıllık,Turnuva,Takvim/Saat,Bilgi,Maç,Jenerik,Türkçe,Long-tail,h2h_saat,Çekirdek
galatasaray viktoria plzeň maçı ne zaman,Avrupa Kupası Eşleşmeleri,Futbol,Kıta Turnuvası,Kıta Üstü,Global Elit,Erkek,Kulüp,Takım Sporu,Avrupa,Uluslararası,Türk Takımı Var,TV+ Var,Yıllık,Turnuva,Takvim/Saat,Bilgi,Maç,Jenerik,Türkçe,Long-tail,h2h_nezaman,Çekirdek
galatasaray salzburg nerede izlenir,Avrupa Kupası Eşleşmeleri,Futbol,Kıta Turnuvası,Kıta Üstü,Global Elit,Erkek,Kulüp,Takım Sporu,Avrupa,Uluslararası,Türk Takımı Var,TV+ Var,Yıllık,Turnuva,Kanal/Yayın,İzleme,Maç,Jenerik,İngilizce,Body,nerede_izlenir,Çekirdek
galatasaray salzburg canlı izle,Avrupa Kupası Eşleşmeleri,Futbol,Kıta Turnuvası,Kıta Üstü,Global Elit,Erkek,Kulüp,Takım Sporu,Avrupa,Uluslararası,Türk Takımı Var,TV+ Var,Yıllık,Turnuva,Canlı İzle,İzleme,Maç,Jenerik,Türkçe,Body,h2h_izle,Çekirdek
galatasaray salzburg hangi kanalda,Avrupa Kupası Eşleşmeleri,Futbol,Kıta Turnuvası,Kıta Üstü,Global Elit,Erkek,Kulüp,Takım Sporu,Avrupa,Uluslararası,Türk Takımı Var,TV+ Var,Yıllık,Turnuva,Kanal/Yayın,İzleme,Maç,Jenerik,İngilizce,Body,h2h_kanal,Çekirdek
galatasaray salzburg saat kaçta,Avrupa Kupası Eşleşmeleri,Futbol,Kıta Turnuvası,Kıta Üstü,Global Elit,Erkek,Kulüp,Takım Sporu,Avrupa,Uluslararası,Türk Takımı Var,TV+ Var,Yıllık,Turnuva,Takvim/Saat,Bilgi,Maç,Jenerik,Türkçe,Body,h2h_saat,Çekirdek
galatasaray salzburg maçı ne zaman,Avrupa Kupası Eşleşmeleri,Futbol,Kıta Turnuvası,Kıta Üstü,Global Elit,Erkek,Kulüp,Takım Sporu,Avrupa,Uluslararası,Türk Takımı Var,TV+ Var,Yıllık,Turnuva,Takvim/Saat,Bilgi,Maç,Jenerik,Türkçe,Long-tail,h2h_nezaman,Çekirdek
galatasaray fcsb nerede izlenir,Avrupa Kupası Eşleşmeleri,Futbol,Kıta Turnuvası,Kıta Üstü,Global Elit,Erkek,Kulüp,Takım Sporu,Avrupa,Uluslararası,Türk Takımı Var,TV+ Var,Yıllık,Turnuva,Kanal/Yayın,İzleme,Maç,Jenerik,İngilizce,Body,nerede_izlenir,Çekirdek
galatasaray fcsb canlı izle,Avrupa Kupası Eşleşmeleri,Futbol,Kıta Turnuvası,Kıta Üstü,Global Elit,Erkek,Kulüp,Takım Sporu,Avrupa,Uluslararası,Türk Takımı Var,TV+ Var,Yıllık,Turnuva,Canlı İzle,İzleme,Maç,Jenerik,Türkçe,Body,h2h_izle,Çekirdek
galatasaray fcsb hangi kanalda,Avrupa Kupası Eşleşmeleri,Futbol,Kıta Turnuvası,Kıta Üstü,Global Elit,Erkek,Kulüp,Takım Sporu,Avrupa,Uluslararası,Türk Takımı Var,TV+ Var,Yıllık,Turnuva,Kanal/Yayın,İzleme,Maç,Jenerik,İngilizce,Body,h2h_kanal,Çekirdek
galatasaray fcsb saat kaçta,Avrupa Kupası Eşleşmeleri,Futbol,Kıta Turnuvası,Kıta Üstü,Global Elit,Erkek,Kulüp,Takım Sporu,Avrupa,Uluslararası,Türk Takımı Var,TV+ Var,Yıllık,Turnuva,Takvim/Saat,Bilgi,Maç,Jenerik,Türkçe,Body,h2h_saat,Çekirdek
galatasaray fcsb maçı ne zaman,Avrupa Kupası Eşleşmeleri,Futbol,Kıta Turnuvası,Kıta Üstü,Global Elit,Erkek,Kulüp,Takım Sporu,Avrupa,Uluslararası,Türk Takımı Var,TV+ Var,Yıllık,Turnuva,Takvim/Saat,Bilgi,Maç,Jenerik,Türkçe,Long-tail,h2h_nezaman,Çekirdek
galatasaray kairat nerede izlenir,Avrupa Kupası Eşleşmeleri,Futbol,Kıta Turnuvası,Kıta Üstü,Global Elit,Erkek,Kulüp,Takım Sporu,Avrupa,Uluslararası,Türk Takımı Var,TV+ Var,Yıllık,Turnuva,Kanal/Yayın,İzleme,Maç,Jenerik,İngilizce,Body,nerede_izlenir,Çekirdek
galatasaray kairat canlı izle,Avrupa Kupası Eşleşmeleri,Futbol,Kıta Turnuvası,Kıta Üstü,Global Elit,Erkek,Kulüp,Takım Sporu,Avrupa,Uluslararası,Türk Takımı Var,TV+ Var,Yıllık,Turnuva,Canlı İzle,İzleme,Maç,Jenerik,Türkçe,Body,h2h_izle,Çekirdek
galatasaray kairat hangi kanalda,Avrupa Kupası Eşleşmeleri,Futbol,Kıta Turnuvası,Kıta Üstü,Global Elit,Erkek,Kulüp,Takım Sporu,Avrupa,Uluslararası,Türk Takımı Var,TV+ Var,Yıllık,Turnuva,Kanal/Yayın,İzleme,Maç,Jenerik,İngilizce,Body,h2h_kanal,Çekirdek
galatasaray kairat saat kaçta,Avrupa Kupası Eşleşmeleri,Futbol,Kıta Turnuvası,Kıta Üstü,Global Elit,Erkek,Kulüp,Takım Sporu,Avrupa,Uluslararası,Türk Takımı Var,TV+ Var,Yıllık,Turnuva,Takvim/Saat,Bilgi,Maç,Jenerik,Türkçe,Body,h2h_saat,Çekirdek
galatasaray kairat maçı ne zaman,Avrupa Kupası Eşleşmeleri,Futbol,Kıta Turnuvası,Kıta Üstü,Global Elit,Erkek,Kulüp,Takım Sporu,Avrupa,Uluslararası,Türk Takımı Var,TV+ Var,Yıllık,Turnuva,Takvim/Saat,Bilgi,Maç,Jenerik,Türkçe,Long-tail,h2h_nezaman,Çekirdek
galatasaray inter turku nerede izlenir,Avrupa Kupası Eşleşmeleri,Futbol,Kıta Turnuvası,Kıta Üstü,Global Elit,Erkek,Kulüp,Takım Sporu,Avrupa,Uluslararası,Türk Takımı Var,TV+ Var,Yıllık,Turnuva,Kanal/Yayın,İzleme,Maç,Jenerik,İngilizce,Long-tail,nerede_izlenir,Çekirdek
galatasaray inter turku canlı izle,Avrupa Kupası Eşleşmeleri,Futbol,Kıta Turnuvası,Kıta Üstü,Global Elit,Erkek,Kulüp,Takım Sporu,Avrupa,Uluslararası,Türk Takımı Var,TV+ Var,Yıllık,Turnuva,Canlı İzle,İzleme,Maç,Jenerik,Türkçe,Long-tail,h2h_izle,Çekirdek
galatasaray inter turku hangi kanalda,Avrupa Kupası Eşleşmeleri,Futbol,Kıta Turnuvası,Kıta Üstü,Global Elit,Erkek,Kulüp,Takım Sporu,Avrupa,Uluslararası,Türk Takımı Var,TV+ Var,Yıllık,Turnuva,Kanal/Yayın,İzleme,Maç,Jenerik,İngilizce,Long-tail,h2h_kanal,Çekirdek
galatasaray inter turku saat kaçta,Avrupa Kupası Eşleşmeleri,Futbol,Kıta Turnuvası,Kıta Üstü,Global Elit,Erkek,Kulüp,Takım Sporu,Avrupa,Uluslararası,Türk Takımı Var,TV+ Var,Yıllık,Turnuva,Takvim/Saat,Bilgi,Maç,Jenerik,Türkçe,Long-tail,h2h_saat,Çekirdek
galatasaray inter turku maçı ne zaman,Avrupa Kupası Eşleşmeleri,Futbol,Kıta Turnuvası,Kıta Üstü,Global Elit,Erkek,Kulüp,Takım Sporu,Avrupa,Uluslararası,Türk Takımı Var,TV+ Var,Yıllık,Turnuva,Takvim/Saat,Bilgi,Maç,Jenerik,Türkçe,Long-tail,h2h_nezaman,Çekirdek
galatasaray union saint-gilloise nerede izlenir,Avrupa Kupası Eşleşmeleri,Futbol,Kıta Turnuvası,Kıta Üstü,Global Elit,Erkek,Kulüp,Takım Sporu,Avrupa,Uluslararası,Türk Takımı Var,TV+ Var,Yıllık,Turnuva,Kanal/Yayın,İzleme,Maç,Jenerik,İngilizce,Long-tail,nerede_izlenir,Çekirdek
galatasaray union saint-gilloise canlı izle,Avrupa Kupası Eşleşmeleri,Futbol,Kıta Turnuvası,Kıta Üstü,Global Elit,Erkek,Kulüp,Takım Sporu,Avrupa,Uluslararası,Türk Takımı Var,TV+ Var,Yıllık,Turnuva,Canlı İzle,İzleme,Maç,Jenerik,Türkçe,Long-tail,h2h_izle,Çekirdek
galatasaray union saint-gilloise hangi kanalda,Avrupa Kupası Eşleşmeleri,Futbol,Kıta Turnuvası,Kıta Üstü,Global Elit,Erkek,Kulüp,Takım Sporu,Avrupa,Uluslararası,Türk Takımı Var,TV+ Var,Yıllık,Turnuva,Kanal/Yayın,İzleme,Maç,Jenerik,İngilizce,Long-tail,h2h_kanal,Çekirdek
galatasaray union saint-gilloise saat kaçta,Avrupa Kupası Eşleşmeleri,Futbol,Kıta Turnuvası,Kıta Üstü,Global Elit,Erkek,Kulüp,Takım Sporu,Avrupa,Uluslararası,Türk Takımı Var,TV+ Var,Yıllık,Turnuva,Takvim/Saat,Bilgi,Maç,Jenerik,Türkçe,Long-tail,h2h_saat,Çekirdek
galatasaray union saint-gilloise maçı ne zaman,Avrupa Kupası Eşleşmeleri,Futbol,Kıta Turnuvası,Kıta Üstü,Global Elit,Erkek,Kulüp,Takım Sporu,Avrupa,Uluslararası,Türk Takımı Var,TV+ Var,Yıllık,Turnuva,Takvim/Saat,Bilgi,Maç,Jenerik,Türkçe,Long-tail,h2h_nezaman,Çekirdek
galatasaray lyon nerede izlenir,Avrupa Kupası Eşleşmeleri,Futbol,Kıta Turnuvası,Kıta Üstü,Global Elit,Erkek,Kulüp,Takım Sporu,Avrupa,Uluslararası,Türk Takımı Var,TV+ Var,Yıllık,Turnuva,Kanal/Yayın,İzleme,Maç,Jenerik,İngilizce,Body,nerede_izlenir,Çekirdek
galatasaray lyon canlı izle,Avrupa Kupası Eşleşmeleri,Futbol,Kıta Turnuvası,Kıta Üstü,Global Elit,Erkek,Kulüp,Takım Sporu,Avrupa,Uluslararası,Türk Takımı Var,TV+ Var,Yıllık,Turnuva,Canlı İzle,İzleme,Maç,Jenerik,Türkçe,Body,h2h_izle,Çekirdek
galatasaray lyon hangi kanalda,Avrupa Kupası Eşleşmeleri,Futbol,Kıta Turnuvası,Kıta Üstü,Global Elit,Erkek,Kulüp,Takım Sporu,Avrupa,Uluslararası,Türk Takımı Var,TV+ Var,Yıllık,Turnuva,Kanal/Yayın,İzleme,Maç,Jenerik,İngilizce,Body,h2h_kanal,Çekirdek
galatasaray lyon saat kaçta,Avrupa Kupası Eşleşmeleri,Futbol,Kıta Turnuvası,Kıta Üstü,Global Elit,Erkek,Kulüp,Takım Sporu,Avrupa,Uluslararası,Türk Takımı Var,TV+ Var,Yıllık,Turnuva,Takvim/Saat,Bilgi,Maç,Jenerik,Türkçe,Body,h2h_saat,Çekirdek
galatasaray lyon maçı ne zaman,Avrupa Kupası Eşleşmeleri,Futbol,Kıta Turnuvası,Kıta Üstü,Global Elit,Erkek,Kulüp,Takım Sporu,Avrupa,Uluslararası,Türk Takımı Var,TV+ Var,Yıllık,Turnuva,Takvim/Saat,Bilgi,Maç,Jenerik,Türkçe,Long-tail,h2h_nezaman,Çekirdek
galatasaray freiburg nerede izlenir,Avrupa Kupası Eşleşmeleri,Futbol,Kıta Turnuvası,Kıta Üstü,Global Elit,Erkek,Kulüp,Takım Sporu,Avrupa,Uluslararası,Türk Takımı Var,TV+ Var,Yıllık,Turnuva,Kanal/Yayın,İzleme,Maç,Jenerik,İngilizce,Body,nerede_izlenir,Çekirdek
galatasaray freiburg canlı izle,Avrupa Kupası Eşleşmeleri,Futbol,Kıta Turnuvası,Kıta Üstü,Global Elit,Erkek,Kulüp,Takım Sporu,Avrupa,Uluslararası,Türk Takımı Var,TV+ Var,Yıllık,Turnuva,Canlı İzle,İzleme,Maç,Jenerik,Türkçe,Body,h2h_izle,Çekirdek
galatasaray freiburg hangi kanalda,Avrupa Kupası Eşleşmeleri,Futbol,Kıta Turnuvası,Kıta Üstü,Global Elit,Erkek,Kulüp,Takım Sporu,Avrupa,Uluslararası,Türk Takımı Var,TV+ Var,Yıllık,Turnuva,Kanal/Yayın,İzleme,Maç,Jenerik,İngilizce,Body,h2h_kanal,Çekirdek
galatasaray freiburg saat kaçta,Avrupa Kupası Eşleşmeleri,Futbol,Kıta Turnuvası,Kıta Üstü,Global Elit,Erkek,Kulüp,Takım Sporu,Avrupa,Uluslararası,Türk Takımı Var,TV+ Var,Yıllık,Turnuva,Takvim/Saat,Bilgi,Maç,Jenerik,Türkçe,Body,h2h_saat,Çekirdek
galatasaray freiburg maçı ne zaman,Avrupa Kupası Eşleşmeleri,Futbol,Kıta Turnuvası,Kıta Üstü,Global Elit,Erkek,Kulüp,Takım Sporu,Avrupa,Uluslararası,Türk Takımı Var,TV+ Var,Yıllık,Turnuva,Takvim/Saat,Bilgi,Maç,Jenerik,Türkçe,Long-tail,h2h_nezaman,Çekirdek
fenerbahçe górnik zabrze nerede izlenir,Avrupa Kupası Eşleşmeleri,Futbol,Kıta Turnuvası,Kıta Üstü,Global Elit,Erkek,Kulüp,Takım Sporu,Avrupa,Uluslararası,Türk Takımı Var,TV+ Var,Yıllık,Turnuva,Kanal/Yayın,İzleme,Maç,Jenerik,Türkçe,Long-tail,nerede_izlenir,Çekirdek
fenerbahçe górnik zabrze canlı izle,Avrupa Kupası Eşleşmeleri,Futbol,Kıta Turnuvası,Kıta Üstü,Global Elit,Erkek,Kulüp,Takım Sporu,Avrupa,Uluslararası,Türk Takımı Var,TV+ Var,Yıllık,Turnuva,Canlı İzle,İzleme,Maç,Jenerik,Türkçe,Long-tail,h2h_izle,Çekirdek
fenerbahçe górnik zabrze hangi kanalda,Avrupa Kupası Eşleşmeleri,Futbol,Kıta Turnuvası,Kıta Üstü,Global Elit,Erkek,Kulüp,Takım Sporu,Avrupa,Uluslararası,Türk Takımı Var,TV+ Var,Yıllık,Turnuva,Kanal/Yayın,İzleme,Maç,Jenerik,Türkçe,Long-tail,h2h_kanal,Çekirdek
fenerbahçe górnik zabrze saat kaçta,Avrupa Kupası Eşleşmeleri,Futbol,Kıta Turnuvası,Kıta Üstü,Global Elit,Erkek,Kulüp,Takım Sporu,Avrupa,Uluslararası,Türk Takımı Var,TV+ Var,Yıllık,Turnuva,Takvim/Saat,Bilgi,Maç,Jenerik,Türkçe,Long-tail,h2h_saat,Çekirdek
fenerbahçe górnik zabrze maçı ne zaman,Avrupa Kupası Eşleşmeleri,Futbol,Kıta Turnuvası,Kıta Üstü,Global Elit,Erkek,Kulüp,Takım Sporu,Avrupa,Uluslararası,Türk Takımı Var,TV+ Var,Yıllık,Turnuva,Takvim/Saat,Bilgi,Maç,Jenerik,Türkçe,Long-tail,h2h_nezaman,Çekirdek
fenerbahçe sturm graz nerede izlenir,Avrupa Kupası Eşleşmeleri,Futbol,Kıta Turnuvası,Kıta Üstü,Global Elit,Erkek,Kulüp,Takım Sporu,Avrupa,Uluslararası,Türk Takımı Var,TV+ Var,Yıllık,Turnuva,Kanal/Yayın,İzleme,Maç,Jenerik,Türkçe,Long-tail,nerede_izlenir,Çekirdek
fenerbahçe sturm graz canlı izle,Avrupa Kupası Eşleşmeleri,Futbol,Kıta Turnuvası,Kıta Üstü,Global Elit,Erkek,Kulüp,Takım Sporu,Avrupa,Uluslararası,Türk Takımı Var,TV+ Var,Yıllık,Turnuva,Canlı İzle,İzleme,Maç,Jenerik,Türkçe,Long-tail,h2h_izle,Çekirdek
fenerbahçe sturm graz hangi kanalda,Avrupa Kupası Eşleşmeleri,Futbol,Kıta Turnuvası,Kıta Üstü,Global Elit,Erkek,Kulüp,Takım Sporu,Avrupa,Uluslararası,Türk Takımı Var,TV+ Var,Yıllık,Turnuva,Kanal/Yayın,İzleme,Maç,Jenerik,Türkçe,Long-tail,h2h_kanal,Çekirdek
fenerbahçe sturm graz saat kaçta,Avrupa Kupası Eşleşmeleri,Futbol,Kıta Turnuvası,Kıta Üstü,Global Elit,Erkek,Kulüp,Takım Sporu,Avrupa,Uluslararası,Türk Takımı Var,TV+ Var,Yıllık,Turnuva,Takvim/Saat,Bilgi,Maç,Jenerik,Türkçe,Long-tail,h2h_saat,Çekirdek
fenerbahçe sturm graz maçı ne zaman,Avrupa Kupası Eşleşmeleri,Futbol,Kıta Turnuvası,Kıta Üstü,Global Elit,Erkek,Kulüp,Takım Sporu,Avrupa,Uluslararası,Türk Takımı Var,TV+ Var,Yıllık,Turnuva,Takvim/Saat,Bilgi,Maç,Jenerik,Türkçe,Long-tail,h2h_nezaman,Çekirdek
fenerbahçe midtjylland nerede izlenir,Avrupa Kupası Eşleşmeleri,Futbol,Kıta Turnuvası,Kıta Üstü,Global Elit,Erkek,Kulüp,Takım Sporu,Avrupa,Uluslararası,Türk Takımı Var,TV+ Var,Yıllık,Turnuva,Kanal/Yayın,İzleme,Maç,Jenerik,Türkçe,Body,nerede_izlenir,Çekirdek
fenerbahçe midtjylland canlı izle,Avrupa Kupası Eşleşmeleri,Futbol,Kıta Turnuvası,Kıta Üstü,Global Elit,Erkek,Kulüp,Takım Sporu,Avrupa,Uluslararası,Türk Takımı Var,TV+ Var,Yıllık,Turnuva,Canlı İzle,İzleme,Maç,Jenerik,Türkçe,Body,h2h_izle,Çekirdek
fenerbahçe midtjylland hangi kanalda,Avrupa Kupası Eşleşmeleri,Futbol,Kıta Turnuvası,Kıta Üstü,Global Elit,Erkek,Kulüp,Takım Sporu,Avrupa,Uluslararası,Türk Takımı Var,TV+ Var,Yıllık,Turnuva,Kanal/Yayın,İzleme,Maç,Jenerik,Türkçe,Body,h2h_kanal,Çekirdek
fenerbahçe midtjylland saat kaçta,Avrupa Kupası Eşleşmeleri,Futbol,Kıta Turnuvası,Kıta Üstü,Global Elit,Erkek,Kulüp,Takım Sporu,Avrupa,Uluslararası,Türk Takımı Var,TV+ Var,Yıllık,Turnuva,Takvim/Saat,Bilgi,Maç,Jenerik,Türkçe,Body,h2h_saat,Çekirdek
fenerbahçe midtjylland maçı ne zaman,Avrupa Kupası Eşleşmeleri,Futbol,Kıta Turnuvası,Kıta Üstü,Global Elit,Erkek,Kulüp,Takım Sporu,Avrupa,Uluslararası,Türk Takımı Var,TV+ Var,Yıllık,Turnuva,Takvim/Saat,Bilgi,Maç,Jenerik,Türkçe,Long-tail,h2h_nezaman,Çekirdek
fenerbahçe benfica nerede izlenir,Avrupa Kupası Eşleşmeleri,Futbol,Kıta Turnuvası,Kıta Üstü,Global Elit,Erkek,Kulüp,Takım Sporu,Avrupa,Uluslararası,Türk Takımı Var,TV+ Var,Yıllık,Turnuva,Kanal/Yayın,İzleme,Maç,Jenerik,Türkçe,Body,nerede_izlenir,Çekirdek
fenerbahçe benfica canlı izle,Avrupa Kupası Eşleşmeleri,Futbol,Kıta Turnuvası,Kıta Üstü,Global Elit,Erkek,Kulüp,Takım Sporu,Avrupa,Uluslararası,Türk Takımı Var,TV+ Var,Yıllık,Turnuva,Canlı İzle,İzleme,Maç,Jenerik,Türkçe,Body,h2h_izle,Çekirdek
fenerbahçe benfica hangi kanalda,Avrupa Kupası Eşleşmeleri,Futbol,Kıta Turnuvası,Kıta Üstü,Global Elit,Erkek,Kulüp,Takım Sporu,Avrupa,Uluslararası,Türk Takımı Var,TV+ Var,Yıllık,Turnuva,Kanal/Yayın,İzleme,Maç,Jenerik,Türkçe,Body,h2h_kanal,Çekirdek
fenerbahçe benfica saat kaçta,Avrupa Kupası Eşleşmeleri,Futbol,Kıta Turnuvası,Kıta Üstü,Global Elit,Erkek,Kulüp,Takım Sporu,Avrupa,Uluslararası,Türk Takımı Var,TV+ Var,Yıllık,Turnuva,Takvim/Saat,Bilgi,Maç,Jenerik,Türkçe,Body,h2h_saat,Çekirdek
fenerbahçe benfica maçı ne zaman,Avrupa Kupası Eşleşmeleri,Futbol,Kıta Turnuvası,Kıta Üstü,Global Elit,Erkek,Kulüp,Takım Sporu,Avrupa,Uluslararası,Türk Takımı Var,TV+ Var,Yıllık,Turnuva,Takvim/Saat,Bilgi,Maç,Jenerik,Türkçe,Long-tail,h2h_nezaman,Çekirdek
fenerbahçe ajax nerede izlenir,Avrupa Kupası Eşleşmeleri,Futbol,Kıta Turnuvası,Kıta Üstü,Global Elit,Erkek,Kulüp,Takım Sporu,Avrupa,Uluslararası,Türk Takımı Var,TV+ Var,Yıllık,Turnuva,Kanal/Yayın,İzleme,Maç,Jenerik,Türkçe,Body,nerede_izlenir,Çekirdek
fenerbahçe ajax canlı izle,Avrupa Kupası Eşleşmeleri,Futbol,Kıta Turnuvası,Kıta Üstü,Global Elit,Erkek,Kulüp,Takım Sporu,Avrupa,Uluslararası,Türk Takımı Var,TV+ Var,Yıllık,Turnuva,Canlı İzle,İzleme,Maç,Jenerik,Türkçe,Body,h2h_izle,Çekirdek
fenerbahçe ajax hangi kanalda,Avrupa Kupası Eşleşmeleri,Futbol,Kıta Turnuvası,Kıta Üstü,Global Elit,Erkek,Kulüp,Takım Sporu,Avrupa,Uluslararası,Türk Takımı Var,TV+ Var,Yıllık,Turnuva,Kanal/Yayın,İzleme,Maç,Jenerik,Türkçe,Body,h2h_kanal,Çekirdek
fenerbahçe ajax saat kaçta,Avrupa Kupası Eşleşmeleri,Futbol,Kıta Turnuvası,Kıta Üstü,Global Elit,Erkek,Kulüp,Takım Sporu,Avrupa,Uluslararası,Türk Takımı Var,TV+ Var,Yıllık,Turnuva,Takvim/Saat,Bilgi,Maç,Jenerik,Türkçe,Body,h2h_saat,Çekirdek
fenerbahçe ajax maçı ne zaman,Avrupa Kupası Eşleşmeleri,Futbol,Kıta Turnuvası,Kıta Üstü,Global Elit,Erkek,Kulüp,Takım Sporu,Avrupa,Uluslararası,Türk Takımı Var,TV+ Var,Yıllık,Turnuva,Takvim/Saat,Bilgi,Maç,Jenerik,Türkçe,Long-tail,h2h_nezaman,Çekirdek
fenerbahçe celtic nerede izlenir,Avrupa Kupası Eşleşmeleri,Futbol,Kıta Turnuvası,Kıta Üstü,Global Elit,Erkek,Kulüp,Takım Sporu,Avrupa,Uluslararası,Türk Takımı Var,TV+ Var,Yıllık,Turnuva,Kanal/Yayın,İzleme,Maç,Jenerik,Türkçe,Body,nerede_izlenir,Çekirdek
fenerbahçe celtic canlı izle,Avrupa Kupası Eşleşmeleri,Futbol,Kıta Turnuvası,Kıta Üstü,Global Elit,Erkek,Kulüp,Takım Sporu,Avrupa,Uluslararası,Türk Takımı Var,TV+ Var,Yıllık,Turnuva,Canlı İzle,İzleme,Maç,Jenerik,Türkçe,Body,h2h_izle,Çekirdek
fenerbahçe celtic hangi kanalda,Avrupa Kupası Eşleşmeleri,Futbol,Kıta Turnuvası,Kıta Üstü,Global Elit,Erkek,Kulüp,Takım Sporu,Avrupa,Uluslararası,Türk Takımı Var,TV+ Var,Yıllık,Turnuva,Kanal/Yayın,İzleme,Maç,Jenerik,Türkçe,Body,h2h_kanal,Çekirdek
fenerbahçe celtic saat kaçta,Avrupa Kupası Eşleşmeleri,Futbol,Kıta Turnuvası,Kıta Üstü,Global Elit,Erkek,Kulüp,Takım Sporu,Avrupa,Uluslararası,Türk Takımı Var,TV+ Var,Yıllık,Turnuva,Takvim/Saat,Bilgi,Maç,Jenerik,Türkçe,Body,h2h_saat,Çekirdek
fenerbahçe celtic maçı ne zaman,Avrupa Kupası Eşleşmeleri,Futbol,Kıta Turnuvası,Kıta Üstü,Global Elit,Erkek,Kulüp,Takım Sporu,Avrupa,Uluslararası,Türk Takımı Var,TV+ Var,Yıllık,Turnuva,Takvim/Saat,Bilgi,Maç,Jenerik,Türkçe,Long-tail,h2h_nezaman,Çekirdek
fenerbahçe olympiacos nerede izlenir,Avrupa Kupası Eşleşmeleri,Futbol,Kıta Turnuvası,Kıta Üstü,Global Elit,Erkek,Kulüp,Takım Sporu,Avrupa,Uluslararası,Türk Takımı Var,TV+ Var,Yıllık,Turnuva,Kanal/Yayın,İzleme,Maç,Jenerik,Türkçe,Body,nerede_izlenir,Çekirdek
fenerbahçe olympiacos canlı izle,Avrupa Kupası Eşleşmeleri,Futbol,Kıta Turnuvası,Kıta Üstü,Global Elit,Erkek,Kulüp,Takım Sporu,Avrupa,Uluslararası,Türk Takımı Var,TV+ Var,Yıllık,Turnuva,Canlı İzle,İzleme,Maç,Jenerik,Türkçe,Body,h2h_izle,Çekirdek
fenerbahçe olympiacos hangi kanalda,Avrupa Kupası Eşleşmeleri,Futbol,Kıta Turnuvası,Kıta Üstü,Global Elit,Erkek,Kulüp,Takım Sporu,Avrupa,Uluslararası,Türk Takımı Var,TV+ Var,Yıllık,Turnuva,Kanal/Yayın,İzleme,Maç,Jenerik,Türkçe,Body,h2h_kanal,Çekirdek
fenerbahçe olympiacos saat kaçta,Avrupa Kupası Eşleşmeleri,Futbol,Kıta Turnuvası,Kıta Üstü,Global Elit,Erkek,Kulüp,Takım Sporu,Avrupa,Uluslararası,Türk Takımı Var,TV+ Var,Yıllık,Turnuva,Takvim/Saat,Bilgi,Maç,Jenerik,Türkçe,Body,h2h_saat,Çekirdek
fenerbahçe olympiacos maçı ne zaman,Avrupa Kupası Eşleşmeleri,Futbol,Kıta Turnuvası,Kıta Üstü,Global Elit,Erkek,Kulüp,Takım Sporu,Avrupa,Uluslararası,Türk Takımı Var,TV+ Var,Yıllık,Turnuva,Takvim/Saat,Bilgi,Maç,Jenerik,Türkçe,Long-tail,h2h_nezaman,Çekirdek
fenerbahçe qarabağ nerede izlenir,Avrupa Kupası Eşleşmeleri,Futbol,Kıta Turnuvası,Kıta Üstü,Global Elit,Erkek,Kulüp,Takım Sporu,Avrupa,Uluslararası,Türk Takımı Var,TV+ Var,Yıllık,Turnuva,Kanal/Yayın,İzleme,Maç,Jenerik,Türkçe,Body,nerede_izlenir,Çekirdek
fenerbahçe qarabağ canlı izle,Avrupa Kupası Eşleşmeleri,Futbol,Kıta Turnuvası,Kıta Üstü,Global Elit,Erkek,Kulüp,Takım Sporu,Avrupa,Uluslararası,Türk Takımı Var,TV+ Var,Yıllık,Turnuva,Canlı İzle,İzleme,Maç,Jenerik,Türkçe,Body,h2h_izle,Çekirdek
fenerbahçe qarabağ hangi kanalda,Avrupa Kupası Eşleşmeleri,Futbol,Kıta Turnuvası,Kıta Üstü,Global Elit,Erkek,Kulüp,Takım Sporu,Avrupa,Uluslararası,Türk Takımı Var,TV+ Var,Yıllık,Turnuva,Kanal/Yayın,İzleme,Maç,Jenerik,Türkçe,Body,h2h_kanal,Çekirdek
fenerbahçe qarabağ saat kaçta,Avrupa Kupası Eşleşmeleri,Futbol,Kıta Turnuvası,Kıta Üstü,Global Elit,Erkek,Kulüp,Takım Sporu,Avrupa,Uluslararası,Türk Takımı Var,TV+ Var,Yıllık,Turnuva,Takvim/Saat,Bilgi,Maç,Jenerik,Türkçe,Body,h2h_saat,Çekirdek
fenerbahçe qarabağ maçı ne zaman,Avrupa Kupası Eşleşmeleri,Futbol,Kıta Turnuvası,Kıta Üstü,Global Elit,Erkek,Kulüp,Takım Sporu,Avrupa,Uluslararası,Türk Takımı Var,TV+ Var,Yıllık,Turnuva,Takvim/Saat,Bilgi,Maç,Jenerik,Türkçe,Long-tail,h2h_nezaman,Çekirdek
fenerbahçe rangers nerede izlenir,Avrupa Kupası Eşleşmeleri,Futbol,Kıta Turnuvası,Kıta Üstü,Global Elit,Erkek,Kulüp,Takım Sporu,Avrupa,Uluslararası,Türk Takımı Var,TV+ Var,Yıllık,Turnuva,Kanal/Yayın,İzleme,Maç,Jenerik,Türkçe,Body,nerede_izlenir,Çekirdek
fenerbahçe rangers canlı izle,Avrupa Kupası Eşleşmeleri,Futbol,Kıta Turnuvası,Kıta Üstü,Global Elit,Erkek,Kulüp,Takım Sporu,Avrupa,Uluslararası,Türk Takımı Var,TV+ Var,Yıllık,Turnuva,Canlı İzle,İzleme,Maç,Jenerik,Türkçe,Body,h2h_izle,Çekirdek
fenerbahçe rangers hangi kanalda,Avrupa Kupası Eşleşmeleri,Futbol,Kıta Turnuvası,Kıta Üstü,Global Elit,Erkek,Kulüp,Takım Sporu,Avrupa,Uluslararası,Türk Takımı Var,TV+ Var,Yıllık,Turnuva,Kanal/Yayın,İzleme,Maç,Jenerik,Türkçe,Body,h2h_kanal,Çekirdek
fenerbahçe rangers saat kaçta,Avrupa Kupası Eşleşmeleri,Futbol,Kıta Turnuvası,Kıta Üstü,Global Elit,Erkek,Kulüp,Takım Sporu,Avrupa,Uluslararası,Türk Takımı Var,TV+ Var,Yıllık,Turnuva,Takvim/Saat,Bilgi,Maç,Jenerik,Türkçe,Body,h2h_saat,Çekirdek
fenerbahçe rangers maçı ne zaman,Avrupa Kupası Eşleşmeleri,Futbol,Kıta Turnuvası,Kıta Üstü,Global Elit,Erkek,Kulüp,Takım Sporu,Avrupa,Uluslararası,Türk Takımı Var,TV+ Var,Yıllık,Turnuva,Takvim/Saat,Bilgi,Maç,Jenerik,Türkçe,Long-tail,h2h_nezaman,Çekirdek
fenerbahçe brann nerede izlenir,Avrupa Kupası Eşleşmeleri,Futbol,Kıta Turnuvası,Kıta Üstü,Global Elit,Erkek,Kulüp,Takım Sporu,Avrupa,Uluslararası,Türk Takımı Var,TV+ Var,Yıllık,Turnuva,Kanal/Yayın,İzleme,Maç,Jenerik,Türkçe,Body,nerede_izlenir,Çekirdek
fenerbahçe brann canlı izle,Avrupa Kupası Eşleşmeleri,Futbol,Kıta Turnuvası,Kıta Üstü,Global Elit,Erkek,Kulüp,Takım Sporu,Avrupa,Uluslararası,Türk Takımı Var,TV+ Var,Yıllık,Turnuva,Canlı İzle,İzleme,Maç,Jenerik,Türkçe,Body,h2h_izle,Çekirdek
fenerbahçe brann hangi kanalda,Avrupa Kupası Eşleşmeleri,Futbol,Kıta Turnuvası,Kıta Üstü,Global Elit,Erkek,Kulüp,Takım Sporu,Avrupa,Uluslararası,Türk Takımı Var,TV+ Var,Yıllık,Turnuva,Kanal/Yayın,İzleme,Maç,Jenerik,Türkçe,Body,h2h_kanal,Çekirdek
fenerbahçe brann saat kaçta,Avrupa Kupası Eşleşmeleri,Futbol,Kıta Turnuvası,Kıta Üstü,Global Elit,Erkek,Kulüp,Takım Sporu,Avrupa,Uluslararası,Türk Takımı Var,TV+ Var,Yıllık,Turnuva,Takvim/Saat,Bilgi,Maç,Jenerik,Türkçe,Body,h2h_saat,Çekirdek
fenerbahçe brann maçı ne zaman,Avrupa Kupası Eşleşmeleri,Futbol,Kıta Turnuvası,Kıta Üstü,Global Elit,Erkek,Kulüp,Takım Sporu,Avrupa,Uluslararası,Türk Takımı Var,TV+ Var,Yıllık,Turnuva,Takvim/Saat,Bilgi,Maç,Jenerik,Türkçe,Long-tail,h2h_nezaman,Çekirdek
fenerbahçe paok nerede izlenir,Avrupa Kupası Eşleşmeleri,Futbol,Kıta Turnuvası,Kıta Üstü,Global Elit,Erkek,Kulüp,Takım Sporu,Avrupa,Uluslararası,Türk Takımı Var,TV+ Var,Yıllık,Turnuva,Kanal/Yayın,İzleme,Maç,Jenerik,Türkçe,Body,nerede_izlenir,Çekirdek
fenerbahçe paok canlı izle,Avrupa Kupası Eşleşmeleri,Futbol,Kıta Turnuvası,Kıta Üstü,Global Elit,Erkek,Kulüp,Takım Sporu,Avrupa,Uluslararası,Türk Takımı Var,TV+ Var,Yıllık,Turnuva,Canlı İzle,İzleme,Maç,Jenerik,Türkçe,Body,h2h_izle,Çekirdek
fenerbahçe paok hangi kanalda,Avrupa Kupası Eşleşmeleri,Futbol,Kıta Turnuvası,Kıta Üstü,Global Elit,Erkek,Kulüp,Takım Sporu,Avrupa,Uluslararası,Türk Takımı Var,TV+ Var,Yıllık,Turnuva,Kanal/Yayın,İzleme,Maç,Jenerik,Türkçe,Body,h2h_kanal,Çekirdek
fenerbahçe paok saat kaçta,Avrupa Kupası Eşleşmeleri,Futbol,Kıta Turnuvası,Kıta Üstü,Global Elit,Erkek,Kulüp,Takım Sporu,Avrupa,Uluslararası,Türk Takımı Var,TV+ Var,Yıllık,Turnuva,Takvim/Saat,Bilgi,Maç,Jenerik,Türkçe,Body,h2h_saat,Çekirdek
fenerbahçe paok maçı ne zaman,Avrupa Kupası Eşleşmeleri,Futbol,Kıta Turnuvası,Kıta Üstü,Global Elit,Erkek,Kulüp,Takım Sporu,Avrupa,Uluslararası,Türk Takımı Var,TV+ Var,Yıllık,Turnuva,Takvim/Saat,Bilgi,Maç,Jenerik,Türkçe,Long-tail,h2h_nezaman,Çekirdek
fenerbahçe dinamo zagreb nerede izlenir,Avrupa Kupası Eşleşmeleri,Futbol,Kıta Turnuvası,Kıta Üstü,Global Elit,Erkek,Kulüp,Takım Sporu,Avrupa,Uluslararası,Türk Takımı Var,TV+ Var,Yıllık,Turnuva,Kanal/Yayın,İzleme,Maç,Jenerik,Türkçe,Long-tail,nerede_izlenir,Çekirdek
fenerbahçe dinamo zagreb canlı izle,Avrupa Kupası Eşleşmeleri,Futbol,Kıta Turnuvası,Kıta Üstü,Global Elit,Erkek,Kulüp,Takım Sporu,Avrupa,Uluslararası,Türk Takımı Var,TV+ Var,Yıllık,Turnuva,Canlı İzle,İzleme,Maç,Jenerik,Türkçe,Long-tail,h2h_izle,Çekirdek
fenerbahçe dinamo zagreb hangi kanalda,Avrupa Kupası Eşleşmeleri,Futbol,Kıta Turnuvası,Kıta Üstü,Global Elit,Erkek,Kulüp,Takım Sporu,Avrupa,Uluslararası,Türk Takımı Var,TV+ Var,Yıllık,Turnuva,Kanal/Yayın,İzleme,Maç,Jenerik,Türkçe,Long-tail,h2h_kanal,Çekirdek
fenerbahçe dinamo zagreb saat kaçta,Avrupa Kupası Eşleşmeleri,Futbol,Kıta Turnuvası,Kıta Üstü,Global Elit,Erkek,Kulüp,Takım Sporu,Avrupa,Uluslararası,Türk Takımı Var,TV+ Var,Yıllık,Turnuva,Takvim/Saat,Bilgi,Maç,Jenerik,Türkçe,Long-tail,h2h_saat,Çekirdek
fenerbahçe dinamo zagreb maçı ne zaman,Avrupa Kupası Eşleşmeleri,Futbol,Kıta Turnuvası,Kıta Üstü,Global Elit,Erkek,Kulüp,Takım Sporu,Avrupa,Uluslararası,Türk Takımı Var,TV+ Var,Yıllık,Turnuva,Takvim/Saat,Bilgi,Maç,Jenerik,Türkçe,Long-tail,h2h_nezaman,Çekirdek
fenerbahçe viktoria plzeň nerede izlenir,Avrupa Kupası Eşleşmeleri,Futbol,Kıta Turnuvası,Kıta Üstü,Global Elit,Erkek,Kulüp,Takım Sporu,Avrupa,Uluslararası,Türk Takımı Var,TV+ Var,Yıllık,Turnuva,Kanal/Yayın,İzleme,Maç,Jenerik,Türkçe,Long-tail,nerede_izlenir,Çekirdek
fenerbahçe viktoria plzeň canlı izle,Avrupa Kupası Eşleşmeleri,Futbol,Kıta Turnuvası,Kıta Üstü,Global Elit,Erkek,Kulüp,Takım Sporu,Avrupa,Uluslararası,Türk Takımı Var,TV+ Var,Yıllık,Turnuva,Canlı İzle,İzleme,Maç,Jenerik,Türkçe,Long-tail,h2h_izle,Çekirdek
fenerbahçe viktoria plzeň hangi kanalda,Avrupa Kupası Eşleşmeleri,Futbol,Kıta Turnuvası,Kıta Üstü,Global Elit,Erkek,Kulüp,Takım Sporu,Avrupa,Uluslararası,Türk Takımı Var,TV+ Var,Yıllık,Turnuva,Kanal/Yayın,İzleme,Maç,Jenerik,Türkçe,Long-tail,h2h_kanal,Çekirdek
fenerbahçe viktoria plzeň saat kaçta,Avrupa Kupası Eşleşmeleri,Futbol,Kıta Turnuvası,Kıta Üstü,Global Elit,Erkek,Kulüp,Takım Sporu,Avrupa,Uluslararası,Türk Takımı Var,TV+ Var,Yıllık,Turnuva,Takvim/Saat,Bilgi,Maç,Jenerik,Türkçe,Long-tail,h2h_saat,Çekirdek
fenerbahçe viktoria plzeň maçı ne zaman,Avrupa Kupası Eşleşmeleri,Futbol,Kıta Turnuvası,Kıta Üstü,Global Elit,Erkek,Kulüp,Takım Sporu,Avrupa,Uluslararası,Türk Takımı Var,TV+ Var,Yıllık,Turnuva,Takvim/Saat,Bilgi,Maç,Jenerik,Türkçe,Long-tail,h2h_nezaman,Çekirdek
fenerbahçe salzburg nerede izlenir,Avrupa Kupası Eşleşmeleri,Futbol,Kıta Turnuvası,Kıta Üstü,Global Elit,Erkek,Kulüp,Takım Sporu,Avrupa,Uluslararası,Türk Takımı Var,TV+ Var,Yıllık,Turnuva,Kanal/Yayın,İzleme,Maç,Jenerik,Türkçe,Body,nerede_izlenir,Çekirdek
fenerbahçe salzburg canlı izle,Avrupa Kupası Eşleşmeleri,Futbol,Kıta Turnuvası,Kıta Üstü,Global Elit,Erkek,Kulüp,Takım Sporu,Avrupa,Uluslararası,Türk Takımı Var,TV+ Var,Yıllık,Turnuva,Canlı İzle,İzleme,Maç,Jenerik,Türkçe,Body,h2h_izle,Çekirdek
fenerbahçe salzburg hangi kanalda,Avrupa Kupası Eşleşmeleri,Futbol,Kıta Turnuvası,Kıta Üstü,Global Elit,Erkek,Kulüp,Takım Sporu,Avrupa,Uluslararası,Türk Takımı Var,TV+ Var,Yıllık,Turnuva,Kanal/Yayın,İzleme,Maç,Jenerik,Türkçe,Body,h2h_kanal,Çekirdek
fenerbahçe salzburg saat kaçta,Avrupa Kupası Eşleşmeleri,Futbol,Kıta Turnuvası,Kıta Üstü,Global Elit,Erkek,Kulüp,Takım Sporu,Avrupa,Uluslararası,Türk Takımı Var,TV+ Var,Yıllık,Turnuva,Takvim/Saat,Bilgi,Maç,Jenerik,Türkçe,Body,h2h_saat,Çekirdek
fenerbahçe salzburg maçı ne zaman,Avrupa Kupası Eşleşmeleri,Futbol,Kıta Turnuvası,Kıta Üstü,Global Elit,Erkek,Kulüp,Takım Sporu,Avrupa,Uluslararası,Türk Takımı Var,TV+ Var,Yıllık,Turnuva,Takvim/Saat,Bilgi,Maç,Jenerik,Türkçe,Long-tail,h2h_nezaman,Çekirdek
fenerbahçe fcsb nerede izlenir,Avrupa Kupası Eşleşmeleri,Futbol,Kıta Turnuvası,Kıta Üstü,Global Elit,Erkek,Kulüp,Takım Sporu,Avrupa,Uluslararası,Türk Takımı Var,TV+ Var,Yıllık,Turnuva,Kanal/Yayın,İzleme,Maç,Jenerik,Türkçe,Body,nerede_izlenir,Çekirdek
fenerbahçe fcsb canlı izle,Avrupa Kupası Eşleşmeleri,Futbol,Kıta Turnuvası,Kıta Üstü,Global Elit,Erkek,Kulüp,Takım Sporu,Avrupa,Uluslararası,Türk Takımı Var,TV+ Var,Yıllık,Turnuva,Canlı İzle,İzleme,Maç,Jenerik,Türkçe,Body,h2h_izle,Çekirdek
fenerbahçe fcsb hangi kanalda,Avrupa Kupası Eşleşmeleri,Futbol,Kıta Turnuvası,Kıta Üstü,Global Elit,Erkek,Kulüp,Takım Sporu,Avrupa,Uluslararası,Türk Takımı Var,TV+ Var,Yıllık,Turnuva,Kanal/Yayın,İzleme,Maç,Jenerik,Türkçe,Body,h2h_kanal,Çekirdek
fenerbahçe fcsb saat kaçta,Avrupa Kupası Eşleşmeleri,Futbol,Kıta Turnuvası,Kıta Üstü,Global Elit,Erkek,Kulüp,Takım Sporu,Avrupa,Uluslararası,Türk Takımı Var,TV+ Var,Yıllık,Turnuva,Takvim/Saat,Bilgi,Maç,Jenerik,Türkçe,Body,h2h_saat,Çekirdek
fenerbahçe fcsb maçı ne zaman,Avrupa Kupası Eşleşmeleri,Futbol,Kıta Turnuvası,Kıta Üstü,Global Elit,Erkek,Kulüp,Takım Sporu,Avrupa,Uluslararası,Türk Takımı Var,TV+ Var,Yıllık,Turnuva,Takvim/Saat,Bilgi,Maç,Jenerik,Türkçe,Long-tail,h2h_nezaman,Çekirdek
fenerbahçe kairat nerede izlenir,Avrupa Kupası Eşleşmeleri,Futbol,Kıta Turnuvası,Kıta Üstü,Global Elit,Erkek,Kulüp,Takım Sporu,Avrupa,Uluslararası,Türk Takımı Var,TV+ Var,Yıllık,Turnuva,Kanal/Yayın,İzleme,Maç,Jenerik,Türkçe,Body,nerede_izlenir,Çekirdek
fenerbahçe kairat canlı izle,Avrupa Kupası Eşleşmeleri,Futbol,Kıta Turnuvası,Kıta Üstü,Global Elit,Erkek,Kulüp,Takım Sporu,Avrupa,Uluslararası,Türk Takımı Var,TV+ Var,Yıllık,Turnuva,Canlı İzle,İzleme,Maç,Jenerik,Türkçe,Body,h2h_izle,Çekirdek
fenerbahçe kairat hangi kanalda,Avrupa Kupası Eşleşmeleri,Futbol,Kıta Turnuvası,Kıta Üstü,Global Elit,Erkek,Kulüp,Takım Sporu,Avrupa,Uluslararası,Türk Takımı Var,TV+ Var,Yıllık,Turnuva,Kanal/Yayın,İzleme,Maç,Jenerik,Türkçe,Body,h2h_kanal,Çekirdek
fenerbahçe kairat saat kaçta,Avrupa Kupası Eşleşmeleri,Futbol,Kıta Turnuvası,Kıta Üstü,Global Elit,Erkek,Kulüp,Takım Sporu,Avrupa,Uluslararası,Türk Takımı Var,TV+ Var,Yıllık,Turnuva,Takvim/Saat,Bilgi,Maç,Jenerik,Türkçe,Body,h2h_saat,Çekirdek
fenerbahçe kairat maçı ne zaman,Avrupa Kupası Eşleşmeleri,Futbol,Kıta Turnuvası,Kıta Üstü,Global Elit,Erkek,Kulüp,Takım Sporu,Avrupa,Uluslararası,Türk Takımı Var,TV+ Var,Yıllık,Turnuva,Takvim/Saat,Bilgi,Maç,Jenerik,Türkçe,Long-tail,h2h_nezaman,Çekirdek
fenerbahçe inter turku nerede izlenir,Avrupa Kupası Eşleşmeleri,Futbol,Kıta Turnuvası,Kıta Üstü,Global Elit,Erkek,Kulüp,Takım Sporu,Avrupa,Uluslararası,Türk Takımı Var,TV+ Var,Yıllık,Turnuva,Kanal/Yayın,İzleme,Maç,Jenerik,Türkçe,Long-tail,nerede_izlenir,Çekirdek
fenerbahçe inter turku canlı izle,Avrupa Kupası Eşleşmeleri,Futbol,Kıta Turnuvası,Kıta Üstü,Global Elit,Erkek,Kulüp,Takım Sporu,Avrupa,Uluslararası,Türk Takımı Var,TV+ Var,Yıllık,Turnuva,Canlı İzle,İzleme,Maç,Jenerik,Türkçe,Long-tail,h2h_izle,Çekirdek
fenerbahçe inter turku hangi kanalda,Avrupa Kupası Eşleşmeleri,Futbol,Kıta Turnuvası,Kıta Üstü,Global Elit,Erkek,Kulüp,Takım Sporu,Avrupa,Uluslararası,Türk Takımı Var,TV+ Var,Yıllık,Turnuva,Kanal/Yayın,İzleme,Maç,Jenerik,Türkçe,Long-tail,h2h_kanal,Çekirdek
fenerbahçe inter turku saat kaçta,Avrupa Kupası Eşleşmeleri,Futbol,Kıta Turnuvası,Kıta Üstü,Global Elit,Erkek,Kulüp,Takım Sporu,Avrupa,Uluslararası,Türk Takımı Var,TV+ Var,Yıllık,Turnuva,Takvim/Saat,Bilgi,Maç,Jenerik,Türkçe,Long-tail,h2h_saat,Çekirdek
fenerbahçe inter turku maçı ne zaman,Avrupa Kupası Eşleşmeleri,Futbol,Kıta Turnuvası,Kıta Üstü,Global Elit,Erkek,Kulüp,Takım Sporu,Avrupa,Uluslararası,Türk Takımı Var,TV+ Var,Yıllık,Turnuva,Takvim/Saat,Bilgi,Maç,Jenerik,Türkçe,Long-tail,h2h_nezaman,Çekirdek
fenerbahçe union saint-gilloise nerede izlenir,Avrupa Kupası Eşleşmeleri,Futbol,Kıta Turnuvası,Kıta Üstü,Global Elit,Erkek,Kulüp,Takım Sporu,Avrupa,Uluslararası,Türk Takımı Var,TV+ Var,Yıllık,Turnuva,Kanal/Yayın,İzleme,Maç,Jenerik,Türkçe,Long-tail,nerede_izlenir,Çekirdek
fenerbahçe union saint-gilloise canlı izle,Avrupa Kupası Eşleşmeleri,Futbol,Kıta Turnuvası,Kıta Üstü,Global Elit,Erkek,Kulüp,Takım Sporu,Avrupa,Uluslararası,Türk Takımı Var,TV+ Var,Yıllık,Turnuva,Canlı İzle,İzleme,Maç,Jenerik,Türkçe,Long-tail,h2h_izle,Çekirdek
fenerbahçe union saint-gilloise hangi kanalda,Avrupa Kupası Eşleşmeleri,Futbol,Kıta Turnuvası,Kıta Üstü,Global Elit,Erkek,Kulüp,Takım Sporu,Avrupa,Uluslararası,Türk Takımı Var,TV+ Var,Yıllık,Turnuva,Kanal/Yayın,İzleme,Maç,Jenerik,Türkçe,Long-tail,h2h_kanal,Çekirdek
fenerbahçe union saint-gilloise saat kaçta,Avrupa Kupası Eşleşmeleri,Futbol,Kıta Turnuvası,Kıta Üstü,Global Elit,Erkek,Kulüp,Takım Sporu,Avrupa,Uluslararası,Türk Takımı Var,TV+ Var,Yıllık,Turnuva,Takvim/Saat,Bilgi,Maç,Jenerik,Türkçe,Long-tail,h2h_saat,Çekirdek
fenerbahçe union saint-gilloise maçı ne zaman,Avrupa Kupası Eşleşmeleri,Futbol,Kıta Turnuvası,Kıta Üstü,Global Elit,Erkek,Kulüp,Takım Sporu,Avrupa,Uluslararası,Türk Takımı Var,TV+ Var,Yıllık,Turnuva,Takvim/Saat,Bilgi,Maç,Jenerik,Türkçe,Long-tail,h2h_nezaman,Çekirdek
fenerbahçe lyon nerede izlenir,Avrupa Kupası Eşleşmeleri,Futbol,Kıta Turnuvası,Kıta Üstü,Global Elit,Erkek,Kulüp,Takım Sporu,Avrupa,Uluslararası,Türk Takımı Var,TV+ Var,Yıllık,Turnuva,Kanal/Yayın,İzleme,Maç,Jenerik,Türkçe,Body,nerede_izlenir,Çekirdek
fenerbahçe lyon canlı izle,Avrupa Kupası Eşleşmeleri,Futbol,Kıta Turnuvası,Kıta Üstü,Global Elit,Erkek,Kulüp,Takım Sporu,Avrupa,Uluslararası,Türk Takımı Var,TV+ Var,Yıllık,Turnuva,Canlı İzle,İzleme,Maç,Jenerik,Türkçe,Body,h2h_izle,Çekirdek
fenerbahçe lyon hangi kanalda,Avrupa Kupası Eşleşmeleri,Futbol,Kıta Turnuvası,Kıta Üstü,Global Elit,Erkek,Kulüp,Takım Sporu,Avrupa,Uluslararası,Türk Takımı Var,TV+ Var,Yıllık,Turnuva,Kanal/Yayın,İzleme,Maç,Jenerik,Türkçe,Body,h2h_kanal,Çekirdek
fenerbahçe lyon saat kaçta,Avrupa Kupası Eşleşmeleri,Futbol,Kıta Turnuvası,Kıta Üstü,Global Elit,Erkek,Kulüp,Takım Sporu,Avrupa,Uluslararası,Türk Takımı Var,TV+ Var,Yıllık,Turnuva,Takvim/Saat,Bilgi,Maç,Jenerik,Türkçe,Body,h2h_saat,Çekirdek
fenerbahçe lyon maçı ne zaman,Avrupa Kupası Eşleşmeleri,Futbol,Kıta Turnuvası,Kıta Üstü,Global Elit,Erkek,Kulüp,Takım Sporu,Avrupa,Uluslararası,Türk Takımı Var,TV+ Var,Yıllık,Turnuva,Takvim/Saat,Bilgi,Maç,Jenerik,Türkçe,Long-tail,h2h_nezaman,Çekirdek
fenerbahçe freiburg nerede izlenir,Avrupa Kupası Eşleşmeleri,Futbol,Kıta Turnuvası,Kıta Üstü,Global Elit,Erkek,Kulüp,Takım Sporu,Avrupa,Uluslararası,Türk Takımı Var,TV+ Var,Yıllık,Turnuva,Kanal/Yayın,İzleme,Maç,Jenerik,Türkçe,Body,nerede_izlenir,Çekirdek
fenerbahçe freiburg canlı izle,Avrupa Kupası Eşleşmeleri,Futbol,Kıta Turnuvası,Kıta Üstü,Global Elit,Erkek,Kulüp,Takım Sporu,Avrupa,Uluslararası,Türk Takımı Var,TV+ Var,Yıllık,Turnuva,Canlı İzle,İzleme,Maç,Jenerik,Türkçe,Body,h2h_izle,Çekirdek
fenerbahçe freiburg hangi kanalda,Avrupa Kupası Eşleşmeleri,Futbol,Kıta Turnuvası,Kıta Üstü,Global Elit,Erkek,Kulüp,Takım Sporu,Avrupa,Uluslararası,Türk Takımı Var,TV+ Var,Yıllık,Turnuva,Kanal/Yayın,İzleme,Maç,Jenerik,Türkçe,Body,h2h_kanal,Çekirdek
fenerbahçe freiburg saat kaçta,Avrupa Kupası Eşleşmeleri,Futbol,Kıta Turnuvası,Kıta Üstü,Global Elit,Erkek,Kulüp,Takım Sporu,Avrupa,Uluslararası,Türk Takımı Var,TV+ Var,Yıllık,Turnuva,Takvim/Saat,Bilgi,Maç,Jenerik,Türkçe,Body,h2h_saat,Çekirdek
fenerbahçe freiburg maçı ne zaman,Avrupa Kupası Eşleşmeleri,Futbol,Kıta Turnuvası,Kıta Üstü,Global Elit,Erkek,Kulüp,Takım Sporu,Avrupa,Uluslararası,Türk Takımı Var,TV+ Var,Yıllık,Turnuva,Takvim/Saat,Bilgi,Maç,Jenerik,Türkçe,Long-tail,h2h_nezaman,Çekirdek
beşiktaş górnik zabrze nerede izlenir,Avrupa Kupası Eşleşmeleri,Futbol,Kıta Turnuvası,Kıta Üstü,Global Elit,Erkek,Kulüp,Takım Sporu,Avrupa,Uluslararası,Türk Takımı Var,TV+ Var,Yıllık,Turnuva,Kanal/Yayın,İzleme,Maç,Jenerik,Türkçe,Long-tail,nerede_izlenir,Çekirdek
beşiktaş górnik zabrze canlı izle,Avrupa Kupası Eşleşmeleri,Futbol,Kıta Turnuvası,Kıta Üstü,Global Elit,Erkek,Kulüp,Takım Sporu,Avrupa,Uluslararası,Türk Takımı Var,TV+ Var,Yıllık,Turnuva,Canlı İzle,İzleme,Maç,Jenerik,Türkçe,Long-tail,h2h_izle,Çekirdek
beşiktaş górnik zabrze hangi kanalda,Avrupa Kupası Eşleşmeleri,Futbol,Kıta Turnuvası,Kıta Üstü,Global Elit,Erkek,Kulüp,Takım Sporu,Avrupa,Uluslararası,Türk Takımı Var,TV+ Var,Yıllık,Turnuva,Kanal/Yayın,İzleme,Maç,Jenerik,Türkçe,Long-tail,h2h_kanal,Çekirdek
beşiktaş górnik zabrze saat kaçta,Avrupa Kupası Eşleşmeleri,Futbol,Kıta Turnuvası,Kıta Üstü,Global Elit,Erkek,Kulüp,Takım Sporu,Avrupa,Uluslararası,Türk Takımı Var,TV+ Var,Yıllık,Turnuva,Takvim/Saat,Bilgi,Maç,Jenerik,Türkçe,Long-tail,h2h_saat,Çekirdek
beşiktaş górnik zabrze maçı ne zaman,Avrupa Kupası Eşleşmeleri,Futbol,Kıta Turnuvası,Kıta Üstü,Global Elit,Erkek,Kulüp,Takım Sporu,Avrupa,Uluslararası,Türk Takımı Var,TV+ Var,Yıllık,Turnuva,Takvim/Saat,Bilgi,Maç,Jenerik,Türkçe,Long-tail,h2h_nezaman,Çekirdek
beşiktaş sturm graz nerede izlenir,Avrupa Kupası Eşleşmeleri,Futbol,Kıta Turnuvası,Kıta Üstü,Global Elit,Erkek,Kulüp,Takım Sporu,Avrupa,Uluslararası,Türk Takımı Var,TV+ Var,Yıllık,Turnuva,Kanal/Yayın,İzleme,Maç,Jenerik,Türkçe,Long-tail,nerede_izlenir,Çekirdek
beşiktaş sturm graz canlı izle,Avrupa Kupası Eşleşmeleri,Futbol,Kıta Turnuvası,Kıta Üstü,Global Elit,Erkek,Kulüp,Takım Sporu,Avrupa,Uluslararası,Türk Takımı Var,TV+ Var,Yıllık,Turnuva,Canlı İzle,İzleme,Maç,Jenerik,Türkçe,Long-tail,h2h_izle,Çekirdek
beşiktaş sturm graz hangi kanalda,Avrupa Kupası Eşleşmeleri,Futbol,Kıta Turnuvası,Kıta Üstü,Global Elit,Erkek,Kulüp,Takım Sporu,Avrupa,Uluslararası,Türk Takımı Var,TV+ Var,Yıllık,Turnuva,Kanal/Yayın,İzleme,Maç,Jenerik,Türkçe,Long-tail,h2h_kanal,Çekirdek
beşiktaş sturm graz saat kaçta,Avrupa Kupası Eşleşmeleri,Futbol,Kıta Turnuvası,Kıta Üstü,Global Elit,Erkek,Kulüp,Takım Sporu,Avrupa,Uluslararası,Türk Takımı Var,TV+ Var,Yıllık,Turnuva,Takvim/Saat,Bilgi,Maç,Jenerik,Türkçe,Long-tail,h2h_saat,Çekirdek
beşiktaş sturm graz maçı ne zaman,Avrupa Kupası Eşleşmeleri,Futbol,Kıta Turnuvası,Kıta Üstü,Global Elit,Erkek,Kulüp,Takım Sporu,Avrupa,Uluslararası,Türk Takımı Var,TV+ Var,Yıllık,Turnuva,Takvim/Saat,Bilgi,Maç,Jenerik,Türkçe,Long-tail,h2h_nezaman,Çekirdek
beşiktaş midtjylland nerede izlenir,Avrupa Kupası Eşleşmeleri,Futbol,Kıta Turnuvası,Kıta Üstü,Global Elit,Erkek,Kulüp,Takım Sporu,Avrupa,Uluslararası,Türk Takımı Var,TV+ Var,Yıllık,Turnuva,Kanal/Yayın,İzleme,Maç,Jenerik,Türkçe,Body,nerede_izlenir,Çekirdek
beşiktaş midtjylland canlı izle,Avrupa Kupası Eşleşmeleri,Futbol,Kıta Turnuvası,Kıta Üstü,Global Elit,Erkek,Kulüp,Takım Sporu,Avrupa,Uluslararası,Türk Takımı Var,TV+ Var,Yıllık,Turnuva,Canlı İzle,İzleme,Maç,Jenerik,Türkçe,Body,h2h_izle,Çekirdek
beşiktaş midtjylland hangi kanalda,Avrupa Kupası Eşleşmeleri,Futbol,Kıta Turnuvası,Kıta Üstü,Global Elit,Erkek,Kulüp,Takım Sporu,Avrupa,Uluslararası,Türk Takımı Var,TV+ Var,Yıllık,Turnuva,Kanal/Yayın,İzleme,Maç,Jenerik,Türkçe,Body,h2h_kanal,Çekirdek
beşiktaş midtjylland saat kaçta,Avrupa Kupası Eşleşmeleri,Futbol,Kıta Turnuvası,Kıta Üstü,Global Elit,Erkek,Kulüp,Takım Sporu,Avrupa,Uluslararası,Türk Takımı Var,TV+ Var,Yıllık,Turnuva,Takvim/Saat,Bilgi,Maç,Jenerik,Türkçe,Body,h2h_saat,Çekirdek
beşiktaş midtjylland maçı ne zaman,Avrupa Kupası Eşleşmeleri,Futbol,Kıta Turnuvası,Kıta Üstü,Global Elit,Erkek,Kulüp,Takım Sporu,Avrupa,Uluslararası,Türk Takımı Var,TV+ Var,Yıllık,Turnuva,Takvim/Saat,Bilgi,Maç,Jenerik,Türkçe,Long-tail,h2h_nezaman,Çekirdek
beşiktaş benfica nerede izlenir,Avrupa Kupası Eşleşmeleri,Futbol,Kıta Turnuvası,Kıta Üstü,Global Elit,Erkek,Kulüp,Takım Sporu,Avrupa,Uluslararası,Türk Takımı Var,TV+ Var,Yıllık,Turnuva,Kanal/Yayın,İzleme,Maç,Jenerik,Türkçe,Body,nerede_izlenir,Çekirdek
beşiktaş benfica canlı izle,Avrupa Kupası Eşleşmeleri,Futbol,Kıta Turnuvası,Kıta Üstü,Global Elit,Erkek,Kulüp,Takım Sporu,Avrupa,Uluslararası,Türk Takımı Var,TV+ Var,Yıllık,Turnuva,Canlı İzle,İzleme,Maç,Jenerik,Türkçe,Body,h2h_izle,Çekirdek
beşiktaş benfica hangi kanalda,Avrupa Kupası Eşleşmeleri,Futbol,Kıta Turnuvası,Kıta Üstü,Global Elit,Erkek,Kulüp,Takım Sporu,Avrupa,Uluslararası,Türk Takımı Var,TV+ Var,Yıllık,Turnuva,Kanal/Yayın,İzleme,Maç,Jenerik,Türkçe,Body,h2h_kanal,Çekirdek
beşiktaş benfica saat kaçta,Avrupa Kupası Eşleşmeleri,Futbol,Kıta Turnuvası,Kıta Üstü,Global Elit,Erkek,Kulüp,Takım Sporu,Avrupa,Uluslararası,Türk Takımı Var,TV+ Var,Yıllık,Turnuva,Takvim/Saat,Bilgi,Maç,Jenerik,Türkçe,Body,h2h_saat,Çekirdek
beşiktaş benfica maçı ne zaman,Avrupa Kupası Eşleşmeleri,Futbol,Kıta Turnuvası,Kıta Üstü,Global Elit,Erkek,Kulüp,Takım Sporu,Avrupa,Uluslararası,Türk Takımı Var,TV+ Var,Yıllık,Turnuva,Takvim/Saat,Bilgi,Maç,Jenerik,Türkçe,Long-tail,h2h_nezaman,Çekirdek
beşiktaş ajax nerede izlenir,Avrupa Kupası Eşleşmeleri,Futbol,Kıta Turnuvası,Kıta Üstü,Global Elit,Erkek,Kulüp,Takım Sporu,Avrupa,Uluslararası,Türk Takımı Var,TV+ Var,Yıllık,Turnuva,Kanal/Yayın,İzleme,Maç,Jenerik,Türkçe,Body,nerede_izlenir,Çekirdek
beşiktaş ajax canlı izle,Avrupa Kupası Eşleşmeleri,Futbol,Kıta Turnuvası,Kıta Üstü,Global Elit,Erkek,Kulüp,Takım Sporu,Avrupa,Uluslararası,Türk Takımı Var,TV+ Var,Yıllık,Turnuva,Canlı İzle,İzleme,Maç,Jenerik,Türkçe,Body,h2h_izle,Çekirdek
beşiktaş ajax hangi kanalda,Avrupa Kupası Eşleşmeleri,Futbol,Kıta Turnuvası,Kıta Üstü,Global Elit,Erkek,Kulüp,Takım Sporu,Avrupa,Uluslararası,Türk Takımı Var,TV+ Var,Yıllık,Turnuva,Kanal/Yayın,İzleme,Maç,Jenerik,Türkçe,Body,h2h_kanal,Çekirdek
beşiktaş ajax saat kaçta,Avrupa Kupası Eşleşmeleri,Futbol,Kıta Turnuvası,Kıta Üstü,Global Elit,Erkek,Kulüp,Takım Sporu,Avrupa,Uluslararası,Türk Takımı Var,TV+ Var,Yıllık,Turnuva,Takvim/Saat,Bilgi,Maç,Jenerik,Türkçe,Body,h2h_saat,Çekirdek
beşiktaş ajax maçı ne zaman,Avrupa Kupası Eşleşmeleri,Futbol,Kıta Turnuvası,Kıta Üstü,Global Elit,Erkek,Kulüp,Takım Sporu,Avrupa,Uluslararası,Türk Takımı Var,TV+ Var,Yıllık,Turnuva,Takvim/Saat,Bilgi,Maç,Jenerik,Türkçe,Long-tail,h2h_nezaman,Çekirdek
beşiktaş celtic nerede izlenir,Avrupa Kupası Eşleşmeleri,Futbol,Kıta Turnuvası,Kıta Üstü,Global Elit,Erkek,Kulüp,Takım Sporu,Avrupa,Uluslararası,Türk Takımı Var,TV+ Var,Yıllık,Turnuva,Kanal/Yayın,İzleme,Maç,Jenerik,Türkçe,Body,nerede_izlenir,Çekirdek
beşiktaş celtic canlı izle,Avrupa Kupası Eşleşmeleri,Futbol,Kıta Turnuvası,Kıta Üstü,Global Elit,Erkek,Kulüp,Takım Sporu,Avrupa,Uluslararası,Türk Takımı Var,TV+ Var,Yıllık,Turnuva,Canlı İzle,İzleme,Maç,Jenerik,Türkçe,Body,h2h_izle,Çekirdek
beşiktaş celtic hangi kanalda,Avrupa Kupası Eşleşmeleri,Futbol,Kıta Turnuvası,Kıta Üstü,Global Elit,Erkek,Kulüp,Takım Sporu,Avrupa,Uluslararası,Türk Takımı Var,TV+ Var,Yıllık,Turnuva,Kanal/Yayın,İzleme,Maç,Jenerik,Türkçe,Body,h2h_kanal,Çekirdek
beşiktaş celtic saat kaçta,Avrupa Kupası Eşleşmeleri,Futbol,Kıta Turnuvası,Kıta Üstü,Global Elit,Erkek,Kulüp,Takım Sporu,Avrupa,Uluslararası,Türk Takımı Var,TV+ Var,Yıllık,Turnuva,Takvim/Saat,Bilgi,Maç,Jenerik,Türkçe,Body,h2h_saat,Çekirdek
beşiktaş celtic maçı ne zaman,Avrupa Kupası Eşleşmeleri,Futbol,Kıta Turnuvası,Kıta Üstü,Global Elit,Erkek,Kulüp,Takım Sporu,Avrupa,Uluslararası,Türk Takımı Var,TV+ Var,Yıllık,Turnuva,Takvim/Saat,Bilgi,Maç,Jenerik,Türkçe,Long-tail,h2h_nezaman,Çekirdek
beşiktaş olympiacos nerede izlenir,Avrupa Kupası Eşleşmeleri,Futbol,Kıta Turnuvası,Kıta Üstü,Global Elit,Erkek,Kulüp,Takım Sporu,Avrupa,Uluslararası,Türk Takımı Var,TV+ Var,Yıllık,Turnuva,Kanal/Yayın,İzleme,Maç,Jenerik,Türkçe,Body,nerede_izlenir,Çekirdek
beşiktaş olympiacos canlı izle,Avrupa Kupası Eşleşmeleri,Futbol,Kıta Turnuvası,Kıta Üstü,Global Elit,Erkek,Kulüp,Takım Sporu,Avrupa,Uluslararası,Türk Takımı Var,TV+ Var,Yıllık,Turnuva,Canlı İzle,İzleme,Maç,Jenerik,Türkçe,Body,h2h_izle,Çekirdek
beşiktaş olympiacos hangi kanalda,Avrupa Kupası Eşleşmeleri,Futbol,Kıta Turnuvası,Kıta Üstü,Global Elit,Erkek,Kulüp,Takım Sporu,Avrupa,Uluslararası,Türk Takımı Var,TV+ Var,Yıllık,Turnuva,Kanal/Yayın,İzleme,Maç,Jenerik,Türkçe,Body,h2h_kanal,Çekirdek
beşiktaş olympiacos saat kaçta,Avrupa Kupası Eşleşmeleri,Futbol,Kıta Turnuvası,Kıta Üstü,Global Elit,Erkek,Kulüp,Takım Sporu,Avrupa,Uluslararası,Türk Takımı Var,TV+ Var,Yıllık,Turnuva,Takvim/Saat,Bilgi,Maç,Jenerik,Türkçe,Body,h2h_saat,Çekirdek
beşiktaş olympiacos maçı ne zaman,Avrupa Kupası Eşleşmeleri,Futbol,Kıta Turnuvası,Kıta Üstü,Global Elit,Erkek,Kulüp,Takım Sporu,Avrupa,Uluslararası,Türk Takımı Var,TV+ Var,Yıllık,Turnuva,Takvim/Saat,Bilgi,Maç,Jenerik,Türkçe,Long-tail,h2h_nezaman,Çekirdek
beşiktaş qarabağ nerede izlenir,Avrupa Kupası Eşleşmeleri,Futbol,Kıta Turnuvası,Kıta Üstü,Global Elit,Erkek,Kulüp,Takım Sporu,Avrupa,Uluslararası,Türk Takımı Var,TV+ Var,Yıllık,Turnuva,Kanal/Yayın,İzleme,Maç,Jenerik,Türkçe,Body,nerede_izlenir,Çekirdek
beşiktaş qarabağ canlı izle,Avrupa Kupası Eşleşmeleri,Futbol,Kıta Turnuvası,Kıta Üstü,Global Elit,Erkek,Kulüp,Takım Sporu,Avrupa,Uluslararası,Türk Takımı Var,TV+ Var,Yıllık,Turnuva,Canlı İzle,İzleme,Maç,Jenerik,Türkçe,Body,h2h_izle,Çekirdek
beşiktaş qarabağ hangi kanalda,Avrupa Kupası Eşleşmeleri,Futbol,Kıta Turnuvası,Kıta Üstü,Global Elit,Erkek,Kulüp,Takım Sporu,Avrupa,Uluslararası,Türk Takımı Var,TV+ Var,Yıllık,Turnuva,Kanal/Yayın,İzleme,Maç,Jenerik,Türkçe,Body,h2h_kanal,Çekirdek
beşiktaş qarabağ saat kaçta,Avrupa Kupası Eşleşmeleri,Futbol,Kıta Turnuvası,Kıta Üstü,Global Elit,Erkek,Kulüp,Takım Sporu,Avrupa,Uluslararası,Türk Takımı Var,TV+ Var,Yıllık,Turnuva,Takvim/Saat,Bilgi,Maç,Jenerik,Türkçe,Body,h2h_saat,Çekirdek
beşiktaş qarabağ maçı ne zaman,Avrupa Kupası Eşleşmeleri,Futbol,Kıta Turnuvası,Kıta Üstü,Global Elit,Erkek,Kulüp,Takım Sporu,Avrupa,Uluslararası,Türk Takımı Var,TV+ Var,Yıllık,Turnuva,Takvim/Saat,Bilgi,Maç,Jenerik,Türkçe,Long-tail,h2h_nezaman,Çekirdek
beşiktaş rangers nerede izlenir,Avrupa Kupası Eşleşmeleri,Futbol,Kıta Turnuvası,Kıta Üstü,Global Elit,Erkek,Kulüp,Takım Sporu,Avrupa,Uluslararası,Türk Takımı Var,TV+ Var,Yıllık,Turnuva,Kanal/Yayın,İzleme,Maç,Jenerik,Türkçe,Body,nerede_izlenir,Çekirdek
beşiktaş rangers canlı izle,Avrupa Kupası Eşleşmeleri,Futbol,Kıta Turnuvası,Kıta Üstü,Global Elit,Erkek,Kulüp,Takım Sporu,Avrupa,Uluslararası,Türk Takımı Var,TV+ Var,Yıllık,Turnuva,Canlı İzle,İzleme,Maç,Jenerik,Türkçe,Body,h2h_izle,Çekirdek
beşiktaş rangers hangi kanalda,Avrupa Kupası Eşleşmeleri,Futbol,Kıta Turnuvası,Kıta Üstü,Global Elit,Erkek,Kulüp,Takım Sporu,Avrupa,Uluslararası,Türk Takımı Var,TV+ Var,Yıllık,Turnuva,Kanal/Yayın,İzleme,Maç,Jenerik,Türkçe,Body,h2h_kanal,Çekirdek
beşiktaş rangers saat kaçta,Avrupa Kupası Eşleşmeleri,Futbol,Kıta Turnuvası,Kıta Üstü,Global Elit,Erkek,Kulüp,Takım Sporu,Avrupa,Uluslararası,Türk Takımı Var,TV+ Var,Yıllık,Turnuva,Takvim/Saat,Bilgi,Maç,Jenerik,Türkçe,Body,h2h_saat,Çekirdek
beşiktaş rangers maçı ne zaman,Avrupa Kupası Eşleşmeleri,Futbol,Kıta Turnuvası,Kıta Üstü,Global Elit,Erkek,Kulüp,Takım Sporu,Avrupa,Uluslararası,Türk Takımı Var,TV+ Var,Yıllık,Turnuva,Takvim/Saat,Bilgi,Maç,Jenerik,Türkçe,Long-tail,h2h_nezaman,Çekirdek
beşiktaş brann nerede izlenir,Avrupa Kupası Eşleşmeleri,Futbol,Kıta Turnuvası,Kıta Üstü,Global Elit,Erkek,Kulüp,Takım Sporu,Avrupa,Uluslararası,Türk Takımı Var,TV+ Var,Yıllık,Turnuva,Kanal/Yayın,İzleme,Maç,Jenerik,Türkçe,Body,nerede_izlenir,Çekirdek
beşiktaş brann canlı izle,Avrupa Kupası Eşleşmeleri,Futbol,Kıta Turnuvası,Kıta Üstü,Global Elit,Erkek,Kulüp,Takım Sporu,Avrupa,Uluslararası,Türk Takımı Var,TV+ Var,Yıllık,Turnuva,Canlı İzle,İzleme,Maç,Jenerik,Türkçe,Body,h2h_izle,Çekirdek
beşiktaş brann hangi kanalda,Avrupa Kupası Eşleşmeleri,Futbol,Kıta Turnuvası,Kıta Üstü,Global Elit,Erkek,Kulüp,Takım Sporu,Avrupa,Uluslararası,Türk Takımı Var,TV+ Var,Yıllık,Turnuva,Kanal/Yayın,İzleme,Maç,Jenerik,Türkçe,Body,h2h_kanal,Çekirdek
beşiktaş brann saat kaçta,Avrupa Kupası Eşleşmeleri,Futbol,Kıta Turnuvası,Kıta Üstü,Global Elit,Erkek,Kulüp,Takım Sporu,Avrupa,Uluslararası,Türk Takımı Var,TV+ Var,Yıllık,Turnuva,Takvim/Saat,Bilgi,Maç,Jenerik,Türkçe,Body,h2h_saat,Çekirdek
beşiktaş brann maçı ne zaman,Avrupa Kupası Eşleşmeleri,Futbol,Kıta Turnuvası,Kıta Üstü,Global Elit,Erkek,Kulüp,Takım Sporu,Avrupa,Uluslararası,Türk Takımı Var,TV+ Var,Yıllık,Turnuva,Takvim/Saat,Bilgi,Maç,Jenerik,Türkçe,Long-tail,h2h_nezaman,Çekirdek
beşiktaş paok nerede izlenir,Avrupa Kupası Eşleşmeleri,Futbol,Kıta Turnuvası,Kıta Üstü,Global Elit,Erkek,Kulüp,Takım Sporu,Avrupa,Uluslararası,Türk Takımı Var,TV+ Var,Yıllık,Turnuva,Kanal/Yayın,İzleme,Maç,Jenerik,Türkçe,Body,nerede_izlenir,Çekirdek
beşiktaş paok canlı izle,Avrupa Kupası Eşleşmeleri,Futbol,Kıta Turnuvası,Kıta Üstü,Global Elit,Erkek,Kulüp,Takım Sporu,Avrupa,Uluslararası,Türk Takımı Var,TV+ Var,Yıllık,Turnuva,Canlı İzle,İzleme,Maç,Jenerik,Türkçe,Body,h2h_izle,Çekirdek
beşiktaş paok hangi kanalda,Avrupa Kupası Eşleşmeleri,Futbol,Kıta Turnuvası,Kıta Üstü,Global Elit,Erkek,Kulüp,Takım Sporu,Avrupa,Uluslararası,Türk Takımı Var,TV+ Var,Yıllık,Turnuva,Kanal/Yayın,İzleme,Maç,Jenerik,Türkçe,Body,h2h_kanal,Çekirdek
beşiktaş paok saat kaçta,Avrupa Kupası Eşleşmeleri,Futbol,Kıta Turnuvası,Kıta Üstü,Global Elit,Erkek,Kulüp,Takım Sporu,Avrupa,Uluslararası,Türk Takımı Var,TV+ Var,Yıllık,Turnuva,Takvim/Saat,Bilgi,Maç,Jenerik,Türkçe,Body,h2h_saat,Çekirdek
beşiktaş paok maçı ne zaman,Avrupa Kupası Eşleşmeleri,Futbol,Kıta Turnuvası,Kıta Üstü,Global Elit,Erkek,Kulüp,Takım Sporu,Avrupa,Uluslararası,Türk Takımı Var,TV+ Var,Yıllık,Turnuva,Takvim/Saat,Bilgi,Maç,Jenerik,Türkçe,Long-tail,h2h_nezaman,Çekirdek
beşiktaş dinamo zagreb nerede izlenir,Avrupa Kupası Eşleşmeleri,Futbol,Kıta Turnuvası,Kıta Üstü,Global Elit,Erkek,Kulüp,Takım Sporu,Avrupa,Uluslararası,Türk Takımı Var,TV+ Var,Yıllık,Turnuva,Kanal/Yayın,İzleme,Maç,Jenerik,Türkçe,Long-tail,nerede_izlenir,Çekirdek
beşiktaş dinamo zagreb canlı izle,Avrupa Kupası Eşleşmeleri,Futbol,Kıta Turnuvası,Kıta Üstü,Global Elit,Erkek,Kulüp,Takım Sporu,Avrupa,Uluslararası,Türk Takımı Var,TV+ Var,Yıllık,Turnuva,Canlı İzle,İzleme,Maç,Jenerik,Türkçe,Long-tail,h2h_izle,Çekirdek
beşiktaş dinamo zagreb hangi kanalda,Avrupa Kupası Eşleşmeleri,Futbol,Kıta Turnuvası,Kıta Üstü,Global Elit,Erkek,Kulüp,Takım Sporu,Avrupa,Uluslararası,Türk Takımı Var,TV+ Var,Yıllık,Turnuva,Kanal/Yayın,İzleme,Maç,Jenerik,Türkçe,Long-tail,h2h_kanal,Çekirdek
beşiktaş dinamo zagreb saat kaçta,Avrupa Kupası Eşleşmeleri,Futbol,Kıta Turnuvası,Kıta Üstü,Global Elit,Erkek,Kulüp,Takım Sporu,Avrupa,Uluslararası,Türk Takımı Var,TV+ Var,Yıllık,Turnuva,Takvim/Saat,Bilgi,Maç,Jenerik,Türkçe,Long-tail,h2h_saat,Çekirdek
beşiktaş dinamo zagreb maçı ne zaman,Avrupa Kupası Eşleşmeleri,Futbol,Kıta Turnuvası,Kıta Üstü,Global Elit,Erkek,Kulüp,Takım Sporu,Avrupa,Uluslararası,Türk Takımı Var,TV+ Var,Yıllık,Turnuva,Takvim/Saat,Bilgi,Maç,Jenerik,Türkçe,Long-tail,h2h_nezaman,Çekirdek
beşiktaş viktoria plzeň nerede izlenir,Avrupa Kupası Eşleşmeleri,Futbol,Kıta Turnuvası,Kıta Üstü,Global Elit,Erkek,Kulüp,Takım Sporu,Avrupa,Uluslararası,Türk Takımı Var,TV+ Var,Yıllık,Turnuva,Kanal/Yayın,İzleme,Maç,Jenerik,Türkçe,Long-tail,nerede_izlenir,Çekirdek
beşiktaş viktoria plzeň canlı izle,Avrupa Kupası Eşleşmeleri,Futbol,Kıta Turnuvası,Kıta Üstü,Global Elit,Erkek,Kulüp,Takım Sporu,Avrupa,Uluslararası,Türk Takımı Var,TV+ Var,Yıllık,Turnuva,Canlı İzle,İzleme,Maç,Jenerik,Türkçe,Long-tail,h2h_izle,Çekirdek
beşiktaş viktoria plzeň hangi kanalda,Avrupa Kupası Eşleşmeleri,Futbol,Kıta Turnuvası,Kıta Üstü,Global Elit,Erkek,Kulüp,Takım Sporu,Avrupa,Uluslararası,Türk Takımı Var,TV+ Var,Yıllık,Turnuva,Kanal/Yayın,İzleme,Maç,Jenerik,Türkçe,Long-tail,h2h_kanal,Çekirdek
beşiktaş viktoria plzeň saat kaçta,Avrupa Kupası Eşleşmeleri,Futbol,Kıta Turnuvası,Kıta Üstü,Global Elit,Erkek,Kulüp,Takım Sporu,Avrupa,Uluslararası,Türk Takımı Var,TV+ Var,Yıllık,Turnuva,Takvim/Saat,Bilgi,Maç,Jenerik,Türkçe,Long-tail,h2h_saat,Çekirdek
beşiktaş viktoria plzeň maçı ne zaman,Avrupa Kupası Eşleşmeleri,Futbol,Kıta Turnuvası,Kıta Üstü,Global Elit,Erkek,Kulüp,Takım Sporu,Avrupa,Uluslararası,Türk Takımı Var,TV+ Var,Yıllık,Turnuva,Takvim/Saat,Bilgi,Maç,Jenerik,Türkçe,Long-tail,h2h_nezaman,Çekirdek
beşiktaş salzburg nerede izlenir,Avrupa Kupası Eşleşmeleri,Futbol,Kıta Turnuvası,Kıta Üstü,Global Elit,Erkek,Kulüp,Takım Sporu,Avrupa,Uluslararası,Türk Takımı Var,TV+ Var,Yıllık,Turnuva,Kanal/Yayın,İzleme,Maç,Jenerik,Türkçe,Body,nerede_izlenir,Çekirdek
beşiktaş salzburg canlı izle,Avrupa Kupası Eşleşmeleri,Futbol,Kıta Turnuvası,Kıta Üstü,Global Elit,Erkek,Kulüp,Takım Sporu,Avrupa,Uluslararası,Türk Takımı Var,TV+ Var,Yıllık,Turnuva,Canlı İzle,İzleme,Maç,Jenerik,Türkçe,Body,h2h_izle,Çekirdek
beşiktaş salzburg hangi kanalda,Avrupa Kupası Eşleşmeleri,Futbol,Kıta Turnuvası,Kıta Üstü,Global Elit,Erkek,Kulüp,Takım Sporu,Avrupa,Uluslararası,Türk Takımı Var,TV+ Var,Yıllık,Turnuva,Kanal/Yayın,İzleme,Maç,Jenerik,Türkçe,Body,h2h_kanal,Çekirdek
beşiktaş salzburg saat kaçta,Avrupa Kupası Eşleşmeleri,Futbol,Kıta Turnuvası,Kıta Üstü,Global Elit,Erkek,Kulüp,Takım Sporu,Avrupa,Uluslararası,Türk Takımı Var,TV+ Var,Yıllık,Turnuva,Takvim/Saat,Bilgi,Maç,Jenerik,Türkçe,Body,h2h_saat,Çekirdek
beşiktaş salzburg maçı ne zaman,Avrupa Kupası Eşleşmeleri,Futbol,Kıta Turnuvası,Kıta Üstü,Global Elit,Erkek,Kulüp,Takım Sporu,Avrupa,Uluslararası,Türk Takımı Var,TV+ Var,Yıllık,Turnuva,Takvim/Saat,Bilgi,Maç,Jenerik,Türkçe,Long-tail,h2h_nezaman,Çekirdek
beşiktaş fcsb nerede izlenir,Avrupa Kupası Eşleşmeleri,Futbol,Kıta Turnuvası,Kıta Üstü,Global Elit,Erkek,Kulüp,Takım Sporu,Avrupa,Uluslararası,Türk Takımı Var,TV+ Var,Yıllık,Turnuva,Kanal/Yayın,İzleme,Maç,Jenerik,Türkçe,Body,nerede_izlenir,Çekirdek
beşiktaş fcsb canlı izle,Avrupa Kupası Eşleşmeleri,Futbol,Kıta Turnuvası,Kıta Üstü,Global Elit,Erkek,Kulüp,Takım Sporu,Avrupa,Uluslararası,Türk Takımı Var,TV+ Var,Yıllık,Turnuva,Canlı İzle,İzleme,Maç,Jenerik,Türkçe,Body,h2h_izle,Çekirdek
beşiktaş fcsb hangi kanalda,Avrupa Kupası Eşleşmeleri,Futbol,Kıta Turnuvası,Kıta Üstü,Global Elit,Erkek,Kulüp,Takım Sporu,Avrupa,Uluslararası,Türk Takımı Var,TV+ Var,Yıllık,Turnuva,Kanal/Yayın,İzleme,Maç,Jenerik,Türkçe,Body,h2h_kanal,Çekirdek
beşiktaş fcsb saat kaçta,Avrupa Kupası Eşleşmeleri,Futbol,Kıta Turnuvası,Kıta Üstü,Global Elit,Erkek,Kulüp,Takım Sporu,Avrupa,Uluslararası,Türk Takımı Var,TV+ Var,Yıllık,Turnuva,Takvim/Saat,Bilgi,Maç,Jenerik,Türkçe,Body,h2h_saat,Çekirdek
beşiktaş fcsb maçı ne zaman,Avrupa Kupası Eşleşmeleri,Futbol,Kıta Turnuvası,Kıta Üstü,Global Elit,Erkek,Kulüp,Takım Sporu,Avrupa,Uluslararası,Türk Takımı Var,TV+ Var,Yıllık,Turnuva,Takvim/Saat,Bilgi,Maç,Jenerik,Türkçe,Long-tail,h2h_nezaman,Çekirdek
beşiktaş kairat nerede izlenir,Avrupa Kupası Eşleşmeleri,Futbol,Kıta Turnuvası,Kıta Üstü,Global Elit,Erkek,Kulüp,Takım Sporu,Avrupa,Uluslararası,Türk Takımı Var,TV+ Var,Yıllık,Turnuva,Kanal/Yayın,İzleme,Maç,Jenerik,Türkçe,Body,nerede_izlenir,Çekirdek
beşiktaş kairat canlı izle,Avrupa Kupası Eşleşmeleri,Futbol,Kıta Turnuvası,Kıta Üstü,Global Elit,Erkek,Kulüp,Takım Sporu,Avrupa,Uluslararası,Türk Takımı Var,TV+ Var,Yıllık,Turnuva,Canlı İzle,İzleme,Maç,Jenerik,Türkçe,Body,h2h_izle,Çekirdek
beşiktaş kairat hangi kanalda,Avrupa Kupası Eşleşmeleri,Futbol,Kıta Turnuvası,Kıta Üstü,Global Elit,Erkek,Kulüp,Takım Sporu,Avrupa,Uluslararası,Türk Takımı Var,TV+ Var,Yıllık,Turnuva,Kanal/Yayın,İzleme,Maç,Jenerik,Türkçe,Body,h2h_kanal,Çekirdek
beşiktaş kairat saat kaçta,Avrupa Kupası Eşleşmeleri,Futbol,Kıta Turnuvası,Kıta Üstü,Global Elit,Erkek,Kulüp,Takım Sporu,Avrupa,Uluslararası,Türk Takımı Var,TV+ Var,Yıllık,Turnuva,Takvim/Saat,Bilgi,Maç,Jenerik,Türkçe,Body,h2h_saat,Çekirdek
beşiktaş kairat maçı ne zaman,Avrupa Kupası Eşleşmeleri,Futbol,Kıta Turnuvası,Kıta Üstü,Global Elit,Erkek,Kulüp,Takım Sporu,Avrupa,Uluslararası,Türk Takımı Var,TV+ Var,Yıllık,Turnuva,Takvim/Saat,Bilgi,Maç,Jenerik,Türkçe,Long-tail,h2h_nezaman,Çekirdek
beşiktaş inter turku nerede izlenir,Avrupa Kupası Eşleşmeleri,Futbol,Kıta Turnuvası,Kıta Üstü,Global Elit,Erkek,Kulüp,Takım Sporu,Avrupa,Uluslararası,Türk Takımı Var,TV+ Var,Yıllık,Turnuva,Kanal/Yayın,İzleme,Maç,Jenerik,Türkçe,Long-tail,nerede_izlenir,Çekirdek
beşiktaş inter turku canlı izle,Avrupa Kupası Eşleşmeleri,Futbol,Kıta Turnuvası,Kıta Üstü,Global Elit,Erkek,Kulüp,Takım Sporu,Avrupa,Uluslararası,Türk Takımı Var,TV+ Var,Yıllık,Turnuva,Canlı İzle,İzleme,Maç,Jenerik,Türkçe,Long-tail,h2h_izle,Çekirdek
beşiktaş inter turku hangi kanalda,Avrupa Kupası Eşleşmeleri,Futbol,Kıta Turnuvası,Kıta Üstü,Global Elit,Erkek,Kulüp,Takım Sporu,Avrupa,Uluslararası,Türk Takımı Var,TV+ Var,Yıllık,Turnuva,Kanal/Yayın,İzleme,Maç,Jenerik,Türkçe,Long-tail,h2h_kanal,Çekirdek
beşiktaş inter turku saat kaçta,Avrupa Kupası Eşleşmeleri,Futbol,Kıta Turnuvası,Kıta Üstü,Global Elit,Erkek,Kulüp,Takım Sporu,Avrupa,Uluslararası,Türk Takımı Var,TV+ Var,Yıllık,Turnuva,Takvim/Saat,Bilgi,Maç,Jenerik,Türkçe,Long-tail,h2h_saat,Çekirdek
beşiktaş inter turku maçı ne zaman,Avrupa Kupası Eşleşmeleri,Futbol,Kıta Turnuvası,Kıta Üstü,Global Elit,Erkek,Kulüp,Takım Sporu,Avrupa,Uluslararası,Türk Takımı Var,TV+ Var,Yıllık,Turnuva,Takvim/Saat,Bilgi,Maç,Jenerik,Türkçe,Long-tail,h2h_nezaman,Çekirdek
beşiktaş union saint-gilloise nerede izlenir,Avrupa Kupası Eşleşmeleri,Futbol,Kıta Turnuvası,Kıta Üstü,Global Elit,Erkek,Kulüp,Takım Sporu,Avrupa,Uluslararası,Türk Takımı Var,TV+ Var,Yıllık,Turnuva,Kanal/Yayın,İzleme,Maç,Jenerik,Türkçe,Long-tail,nerede_izlenir,Çekirdek
beşiktaş union saint-gilloise canlı izle,Avrupa Kupası Eşleşmeleri,Futbol,Kıta Turnuvası,Kıta Üstü,Global Elit,Erkek,Kulüp,Takım Sporu,Avrupa,Uluslararası,Türk Takımı Var,TV+ Var,Yıllık,Turnuva,Canlı İzle,İzleme,Maç,Jenerik,Türkçe,Long-tail,h2h_izle,Çekirdek
beşiktaş union saint-gilloise hangi kanalda,Avrupa Kupası Eşleşmeleri,Futbol,Kıta Turnuvası,Kıta Üstü,Global Elit,Erkek,Kulüp,Takım Sporu,Avrupa,Uluslararası,Türk Takımı Var,TV+ Var,Yıllık,Turnuva,Kanal/Yayın,İzleme,Maç,Jenerik,Türkçe,Long-tail,h2h_kanal,Çekirdek
beşiktaş union saint-gilloise saat kaçta,Avrupa Kupası Eşleşmeleri,Futbol,Kıta Turnuvası,Kıta Üstü,Global Elit,Erkek,Kulüp,Takım Sporu,Avrupa,Uluslararası,Türk Takımı Var,TV+ Var,Yıllık,Turnuva,Takvim/Saat,Bilgi,Maç,Jenerik,Türkçe,Long-tail,h2h_saat,Çekirdek
beşiktaş union saint-gilloise maçı ne zaman,Avrupa Kupası Eşleşmeleri,Futbol,Kıta Turnuvası,Kıta Üstü,Global Elit,Erkek,Kulüp,Takım Sporu,Avrupa,Uluslararası,Türk Takımı Var,TV+ Var,Yıllık,Turnuva,Takvim/Saat,Bilgi,Maç,Jenerik,Türkçe,Long-tail,h2h_nezaman,Çekirdek
beşiktaş lyon nerede izlenir,Avrupa Kupası Eşleşmeleri,Futbol,Kıta Turnuvası,Kıta Üstü,Global Elit,Erkek,Kulüp,Takım Sporu,Avrupa,Uluslararası,Türk Takımı Var,TV+ Var,Yıllık,Turnuva,Kanal/Yayın,İzleme,Maç,Jenerik,Türkçe,Body,nerede_izlenir,Çekirdek
beşiktaş lyon canlı izle,Avrupa Kupası Eşleşmeleri,Futbol,Kıta Turnuvası,Kıta Üstü,Global Elit,Erkek,Kulüp,Takım Sporu,Avrupa,Uluslararası,Türk Takımı Var,TV+ Var,Yıllık,Turnuva,Canlı İzle,İzleme,Maç,Jenerik,Türkçe,Body,h2h_izle,Çekirdek
beşiktaş lyon hangi kanalda,Avrupa Kupası Eşleşmeleri,Futbol,Kıta Turnuvası,Kıta Üstü,Global Elit,Erkek,Kulüp,Takım Sporu,Avrupa,Uluslararası,Türk Takımı Var,TV+ Var,Yıllık,Turnuva,Kanal/Yayın,İzleme,Maç,Jenerik,Türkçe,Body,h2h_kanal,Çekirdek
beşiktaş lyon saat kaçta,Avrupa Kupası Eşleşmeleri,Futbol,Kıta Turnuvası,Kıta Üstü,Global Elit,Erkek,Kulüp,Takım Sporu,Avrupa,Uluslararası,Türk Takımı Var,TV+ Var,Yıllık,Turnuva,Takvim/Saat,Bilgi,Maç,Jenerik,Türkçe,Body,h2h_saat,Çekirdek
beşiktaş lyon maçı ne zaman,Avrupa Kupası Eşleşmeleri,Futbol,Kıta Turnuvası,Kıta Üstü,Global Elit,Erkek,Kulüp,Takım Sporu,Avrupa,Uluslararası,Türk Takımı Var,TV+ Var,Yıllık,Turnuva,Takvim/Saat,Bilgi,Maç,Jenerik,Türkçe,Long-tail,h2h_nezaman,Çekirdek
beşiktaş freiburg nerede izlenir,Avrupa Kupası Eşleşmeleri,Futbol,Kıta Turnuvası,Kıta Üstü,Global Elit,Erkek,Kulüp,Takım Sporu,Avrupa,Uluslararası,Türk Takımı Var,TV+ Var,Yıllık,Turnuva,Kanal/Yayın,İzleme,Maç,Jenerik,Türkçe,Body,nerede_izlenir,Çekirdek
beşiktaş freiburg canlı izle,Avrupa Kupası Eşleşmeleri,Futbol,Kıta Turnuvası,Kıta Üstü,Global Elit,Erkek,Kulüp,Takım Sporu,Avrupa,Uluslararası,Türk Takımı Var,TV+ Var,Yıllık,Turnuva,Canlı İzle,İzleme,Maç,Jenerik,Türkçe,Body,h2h_izle,Çekirdek
beşiktaş freiburg hangi kanalda,Avrupa Kupası Eşleşmeleri,Futbol,Kıta Turnuvası,Kıta Üstü,Global Elit,Erkek,Kulüp,Takım Sporu,Avrupa,Uluslararası,Türk Takımı Var,TV+ Var,Yıllık,Turnuva,Kanal/Yayın,İzleme,Maç,Jenerik,Türkçe,Body,h2h_kanal,Çekirdek
beşiktaş freiburg saat kaçta,Avrupa Kupası Eşleşmeleri,Futbol,Kıta Turnuvası,Kıta Üstü,Global Elit,Erkek,Kulüp,Takım Sporu,Avrupa,Uluslararası,Türk Takımı Var,TV+ Var,Yıllık,Turnuva,Takvim/Saat,Bilgi,Maç,Jenerik,Türkçe,Body,h2h_saat,Çekirdek
beşiktaş freiburg maçı ne zaman,Avrupa Kupası Eşleşmeleri,Futbol,Kıta Turnuvası,Kıta Üstü,Global Elit,Erkek,Kulüp,Takım Sporu,Avrupa,Uluslararası,Türk Takımı Var,TV+ Var,Yıllık,Turnuva,Takvim/Saat,Bilgi,Maç,Jenerik,Türkçe,Long-tail,h2h_nezaman,Çekirdek
trabzonspor górnik zabrze nerede izlenir,Avrupa Kupası Eşleşmeleri,Futbol,Kıta Turnuvası,Kıta Üstü,Global Elit,Erkek,Kulüp,Takım Sporu,Avrupa,Uluslararası,Türk Takımı Var,TV+ Var,Yıllık,Turnuva,Kanal/Yayın,İzleme,Maç,Jenerik,Türkçe,Long-tail,nerede_izlenir,Çekirdek
trabzonspor górnik zabrze canlı izle,Avrupa Kupası Eşleşmeleri,Futbol,Kıta Turnuvası,Kıta Üstü,Global Elit,Erkek,Kulüp,Takım Sporu,Avrupa,Uluslararası,Türk Takımı Var,TV+ Var,Yıllık,Turnuva,Canlı İzle,İzleme,Maç,Jenerik,Türkçe,Long-tail,h2h_izle,Çekirdek
trabzonspor górnik zabrze hangi kanalda,Avrupa Kupası Eşleşmeleri,Futbol,Kıta Turnuvası,Kıta Üstü,Global Elit,Erkek,Kulüp,Takım Sporu,Avrupa,Uluslararası,Türk Takımı Var,TV+ Var,Yıllık,Turnuva,Kanal/Yayın,İzleme,Maç,Jenerik,Türkçe,Long-tail,h2h_kanal,Çekirdek
trabzonspor górnik zabrze saat kaçta,Avrupa Kupası Eşleşmeleri,Futbol,Kıta Turnuvası,Kıta Üstü,Global Elit,Erkek,Kulüp,Takım Sporu,Avrupa,Uluslararası,Türk Takımı Var,TV+ Var,Yıllık,Turnuva,Takvim/Saat,Bilgi,Maç,Jenerik,Türkçe,Long-tail,h2h_saat,Çekirdek
trabzonspor górnik zabrze maçı ne zaman,Avrupa Kupası Eşleşmeleri,Futbol,Kıta Turnuvası,Kıta Üstü,Global Elit,Erkek,Kulüp,Takım Sporu,Avrupa,Uluslararası,Türk Takımı Var,TV+ Var,Yıllık,Turnuva,Takvim/Saat,Bilgi,Maç,Jenerik,Türkçe,Long-tail,h2h_nezaman,Çekirdek
trabzonspor sturm graz nerede izlenir,Avrupa Kupası Eşleşmeleri,Futbol,Kıta Turnuvası,Kıta Üstü,Global Elit,Erkek,Kulüp,Takım Sporu,Avrupa,Uluslararası,Türk Takımı Var,TV+ Var,Yıllık,Turnuva,Kanal/Yayın,İzleme,Maç,Jenerik,İngilizce,Long-tail,nerede_izlenir,Çekirdek
trabzonspor sturm graz canlı izle,Avrupa Kupası Eşleşmeleri,Futbol,Kıta Turnuvası,Kıta Üstü,Global Elit,Erkek,Kulüp,Takım Sporu,Avrupa,Uluslararası,Türk Takımı Var,TV+ Var,Yıllık,Turnuva,Canlı İzle,İzleme,Maç,Jenerik,Türkçe,Long-tail,h2h_izle,Çekirdek
trabzonspor sturm graz hangi kanalda,Avrupa Kupası Eşleşmeleri,Futbol,Kıta Turnuvası,Kıta Üstü,Global Elit,Erkek,Kulüp,Takım Sporu,Avrupa,Uluslararası,Türk Takımı Var,TV+ Var,Yıllık,Turnuva,Kanal/Yayın,İzleme,Maç,Jenerik,İngilizce,Long-tail,h2h_kanal,Çekirdek
trabzonspor sturm graz saat kaçta,Avrupa Kupası Eşleşmeleri,Futbol,Kıta Turnuvası,Kıta Üstü,Global Elit,Erkek,Kulüp,Takım Sporu,Avrupa,Uluslararası,Türk Takımı Var,TV+ Var,Yıllık,Turnuva,Takvim/Saat,Bilgi,Maç,Jenerik,Türkçe,Long-tail,h2h_saat,Çekirdek
trabzonspor sturm graz maçı ne zaman,Avrupa Kupası Eşleşmeleri,Futbol,Kıta Turnuvası,Kıta Üstü,Global Elit,Erkek,Kulüp,Takım Sporu,Avrupa,Uluslararası,Türk Takımı Var,TV+ Var,Yıllık,Turnuva,Takvim/Saat,Bilgi,Maç,Jenerik,Türkçe,Long-tail,h2h_nezaman,Çekirdek
trabzonspor midtjylland nerede izlenir,Avrupa Kupası Eşleşmeleri,Futbol,Kıta Turnuvası,Kıta Üstü,Global Elit,Erkek,Kulüp,Takım Sporu,Avrupa,Uluslararası,Türk Takımı Var,TV+ Var,Yıllık,Turnuva,Kanal/Yayın,İzleme,Maç,Jenerik,İngilizce,Body,nerede_izlenir,Çekirdek
trabzonspor midtjylland canlı izle,Avrupa Kupası Eşleşmeleri,Futbol,Kıta Turnuvası,Kıta Üstü,Global Elit,Erkek,Kulüp,Takım Sporu,Avrupa,Uluslararası,Türk Takımı Var,TV+ Var,Yıllık,Turnuva,Canlı İzle,İzleme,Maç,Jenerik,Türkçe,Body,h2h_izle,Çekirdek
trabzonspor midtjylland hangi kanalda,Avrupa Kupası Eşleşmeleri,Futbol,Kıta Turnuvası,Kıta Üstü,Global Elit,Erkek,Kulüp,Takım Sporu,Avrupa,Uluslararası,Türk Takımı Var,TV+ Var,Yıllık,Turnuva,Kanal/Yayın,İzleme,Maç,Jenerik,İngilizce,Body,h2h_kanal,Çekirdek
trabzonspor midtjylland saat kaçta,Avrupa Kupası Eşleşmeleri,Futbol,Kıta Turnuvası,Kıta Üstü,Global Elit,Erkek,Kulüp,Takım Sporu,Avrupa,Uluslararası,Türk Takımı Var,TV+ Var,Yıllık,Turnuva,Takvim/Saat,Bilgi,Maç,Jenerik,Türkçe,Body,h2h_saat,Çekirdek
trabzonspor midtjylland maçı ne zaman,Avrupa Kupası Eşleşmeleri,Futbol,Kıta Turnuvası,Kıta Üstü,Global Elit,Erkek,Kulüp,Takım Sporu,Avrupa,Uluslararası,Türk Takımı Var,TV+ Var,Yıllık,Turnuva,Takvim/Saat,Bilgi,Maç,Jenerik,Türkçe,Long-tail,h2h_nezaman,Çekirdek
trabzonspor benfica nerede izlenir,Avrupa Kupası Eşleşmeleri,Futbol,Kıta Turnuvası,Kıta Üstü,Global Elit,Erkek,Kulüp,Takım Sporu,Avrupa,Uluslararası,Türk Takımı Var,TV+ Var,Yıllık,Turnuva,Kanal/Yayın,İzleme,Maç,Jenerik,İngilizce,Body,nerede_izlenir,Çekirdek
trabzonspor benfica canlı izle,Avrupa Kupası Eşleşmeleri,Futbol,Kıta Turnuvası,Kıta Üstü,Global Elit,Erkek,Kulüp,Takım Sporu,Avrupa,Uluslararası,Türk Takımı Var,TV+ Var,Yıllık,Turnuva,Canlı İzle,İzleme,Maç,Jenerik,Türkçe,Body,h2h_izle,Çekirdek
trabzonspor benfica hangi kanalda,Avrupa Kupası Eşleşmeleri,Futbol,Kıta Turnuvası,Kıta Üstü,Global Elit,Erkek,Kulüp,Takım Sporu,Avrupa,Uluslararası,Türk Takımı Var,TV+ Var,Yıllık,Turnuva,Kanal/Yayın,İzleme,Maç,Jenerik,İngilizce,Body,h2h_kanal,Çekirdek
trabzonspor benfica saat kaçta,Avrupa Kupası Eşleşmeleri,Futbol,Kıta Turnuvası,Kıta Üstü,Global Elit,Erkek,Kulüp,Takım Sporu,Avrupa,Uluslararası,Türk Takımı Var,TV+ Var,Yıllık,Turnuva,Takvim/Saat,Bilgi,Maç,Jenerik,Türkçe,Body,h2h_saat,Çekirdek
trabzonspor benfica maçı ne zaman,Avrupa Kupası Eşleşmeleri,Futbol,Kıta Turnuvası,Kıta Üstü,Global Elit,Erkek,Kulüp,Takım Sporu,Avrupa,Uluslararası,Türk Takımı Var,TV+ Var,Yıllık,Turnuva,Takvim/Saat,Bilgi,Maç,Jenerik,Türkçe,Long-tail,h2h_nezaman,Çekirdek
trabzonspor ajax nerede izlenir,Avrupa Kupası Eşleşmeleri,Futbol,Kıta Turnuvası,Kıta Üstü,Global Elit,Erkek,Kulüp,Takım Sporu,Avrupa,Uluslararası,Türk Takımı Var,TV+ Var,Yıllık,Turnuva,Kanal/Yayın,İzleme,Maç,Jenerik,İngilizce,Body,nerede_izlenir,Çekirdek
trabzonspor ajax canlı izle,Avrupa Kupası Eşleşmeleri,Futbol,Kıta Turnuvası,Kıta Üstü,Global Elit,Erkek,Kulüp,Takım Sporu,Avrupa,Uluslararası,Türk Takımı Var,TV+ Var,Yıllık,Turnuva,Canlı İzle,İzleme,Maç,Jenerik,Türkçe,Body,h2h_izle,Çekirdek
trabzonspor ajax hangi kanalda,Avrupa Kupası Eşleşmeleri,Futbol,Kıta Turnuvası,Kıta Üstü,Global Elit,Erkek,Kulüp,Takım Sporu,Avrupa,Uluslararası,Türk Takımı Var,TV+ Var,Yıllık,Turnuva,Kanal/Yayın,İzleme,Maç,Jenerik,İngilizce,Body,h2h_kanal,Çekirdek
trabzonspor ajax saat kaçta,Avrupa Kupası Eşleşmeleri,Futbol,Kıta Turnuvası,Kıta Üstü,Global Elit,Erkek,Kulüp,Takım Sporu,Avrupa,Uluslararası,Türk Takımı Var,TV+ Var,Yıllık,Turnuva,Takvim/Saat,Bilgi,Maç,Jenerik,Türkçe,Body,h2h_saat,Çekirdek
trabzonspor ajax maçı ne zaman,Avrupa Kupası Eşleşmeleri,Futbol,Kıta Turnuvası,Kıta Üstü,Global Elit,Erkek,Kulüp,Takım Sporu,Avrupa,Uluslararası,Türk Takımı Var,TV+ Var,Yıllık,Turnuva,Takvim/Saat,Bilgi,Maç,Jenerik,Türkçe,Long-tail,h2h_nezaman,Çekirdek
trabzonspor celtic nerede izlenir,Avrupa Kupası Eşleşmeleri,Futbol,Kıta Turnuvası,Kıta Üstü,Global Elit,Erkek,Kulüp,Takım Sporu,Avrupa,Uluslararası,Türk Takımı Var,TV+ Var,Yıllık,Turnuva,Kanal/Yayın,İzleme,Maç,Jenerik,İngilizce,Body,nerede_izlenir,Çekirdek
trabzonspor celtic canlı izle,Avrupa Kupası Eşleşmeleri,Futbol,Kıta Turnuvası,Kıta Üstü,Global Elit,Erkek,Kulüp,Takım Sporu,Avrupa,Uluslararası,Türk Takımı Var,TV+ Var,Yıllık,Turnuva,Canlı İzle,İzleme,Maç,Jenerik,Türkçe,Body,h2h_izle,Çekirdek
trabzonspor celtic hangi kanalda,Avrupa Kupası Eşleşmeleri,Futbol,Kıta Turnuvası,Kıta Üstü,Global Elit,Erkek,Kulüp,Takım Sporu,Avrupa,Uluslararası,Türk Takımı Var,TV+ Var,Yıllık,Turnuva,Kanal/Yayın,İzleme,Maç,Jenerik,İngilizce,Body,h2h_kanal,Çekirdek
trabzonspor celtic saat kaçta,Avrupa Kupası Eşleşmeleri,Futbol,Kıta Turnuvası,Kıta Üstü,Global Elit,Erkek,Kulüp,Takım Sporu,Avrupa,Uluslararası,Türk Takımı Var,TV+ Var,Yıllık,Turnuva,Takvim/Saat,Bilgi,Maç,Jenerik,Türkçe,Body,h2h_saat,Çekirdek
trabzonspor celtic maçı ne zaman,Avrupa Kupası Eşleşmeleri,Futbol,Kıta Turnuvası,Kıta Üstü,Global Elit,Erkek,Kulüp,Takım Sporu,Avrupa,Uluslararası,Türk Takımı Var,TV+ Var,Yıllık,Turnuva,Takvim/Saat,Bilgi,Maç,Jenerik,Türkçe,Long-tail,h2h_nezaman,Çekirdek
trabzonspor olympiacos nerede izlenir,Avrupa Kupası Eşleşmeleri,Futbol,Kıta Turnuvası,Kıta Üstü,Global Elit,Erkek,Kulüp,Takım Sporu,Avrupa,Uluslararası,Türk Takımı Var,TV+ Var,Yıllık,Turnuva,Kanal/Yayın,İzleme,Maç,Jenerik,İngilizce,Body,nerede_izlenir,Çekirdek
trabzonspor olympiacos canlı izle,Avrupa Kupası Eşleşmeleri,Futbol,Kıta Turnuvası,Kıta Üstü,Global Elit,Erkek,Kulüp,Takım Sporu,Avrupa,Uluslararası,Türk Takımı Var,TV+ Var,Yıllık,Turnuva,Canlı İzle,İzleme,Maç,Jenerik,Türkçe,Body,h2h_izle,Çekirdek
trabzonspor olympiacos hangi kanalda,Avrupa Kupası Eşleşmeleri,Futbol,Kıta Turnuvası,Kıta Üstü,Global Elit,Erkek,Kulüp,Takım Sporu,Avrupa,Uluslararası,Türk Takımı Var,TV+ Var,Yıllık,Turnuva,Kanal/Yayın,İzleme,Maç,Jenerik,İngilizce,Body,h2h_kanal,Çekirdek
trabzonspor olympiacos saat kaçta,Avrupa Kupası Eşleşmeleri,Futbol,Kıta Turnuvası,Kıta Üstü,Global Elit,Erkek,Kulüp,Takım Sporu,Avrupa,Uluslararası,Türk Takımı Var,TV+ Var,Yıllık,Turnuva,Takvim/Saat,Bilgi,Maç,Jenerik,Türkçe,Body,h2h_saat,Çekirdek
trabzonspor olympiacos maçı ne zaman,Avrupa Kupası Eşleşmeleri,Futbol,Kıta Turnuvası,Kıta Üstü,Global Elit,Erkek,Kulüp,Takım Sporu,Avrupa,Uluslararası,Türk Takımı Var,TV+ Var,Yıllık,Turnuva,Takvim/Saat,Bilgi,Maç,Jenerik,Türkçe,Long-tail,h2h_nezaman,Çekirdek
trabzonspor qarabağ nerede izlenir,Avrupa Kupası Eşleşmeleri,Futbol,Kıta Turnuvası,Kıta Üstü,Global Elit,Erkek,Kulüp,Takım Sporu,Avrupa,Uluslararası,Türk Takımı Var,TV+ Var,Yıllık,Turnuva,Kanal/Yayın,İzleme,Maç,Jenerik,Türkçe,Body,nerede_izlenir,Çekirdek
trabzonspor qarabağ canlı izle,Avrupa Kupası Eşleşmeleri,Futbol,Kıta Turnuvası,Kıta Üstü,Global Elit,Erkek,Kulüp,Takım Sporu,Avrupa,Uluslararası,Türk Takımı Var,TV+ Var,Yıllık,Turnuva,Canlı İzle,İzleme,Maç,Jenerik,Türkçe,Body,h2h_izle,Çekirdek
trabzonspor qarabağ hangi kanalda,Avrupa Kupası Eşleşmeleri,Futbol,Kıta Turnuvası,Kıta Üstü,Global Elit,Erkek,Kulüp,Takım Sporu,Avrupa,Uluslararası,Türk Takımı Var,TV+ Var,Yıllık,Turnuva,Kanal/Yayın,İzleme,Maç,Jenerik,Türkçe,Body,h2h_kanal,Çekirdek
trabzonspor qarabağ saat kaçta,Avrupa Kupası Eşleşmeleri,Futbol,Kıta Turnuvası,Kıta Üstü,Global Elit,Erkek,Kulüp,Takım Sporu,Avrupa,Uluslararası,Türk Takımı Var,TV+ Var,Yıllık,Turnuva,Takvim/Saat,Bilgi,Maç,Jenerik,Türkçe,Body,h2h_saat,Çekirdek
trabzonspor qarabağ maçı ne zaman,Avrupa Kupası Eşleşmeleri,Futbol,Kıta Turnuvası,Kıta Üstü,Global Elit,Erkek,Kulüp,Takım Sporu,Avrupa,Uluslararası,Türk Takımı Var,TV+ Var,Yıllık,Turnuva,Takvim/Saat,Bilgi,Maç,Jenerik,Türkçe,Long-tail,h2h_nezaman,Çekirdek
trabzonspor rangers nerede izlenir,Avrupa Kupası Eşleşmeleri,Futbol,Kıta Turnuvası,Kıta Üstü,Global Elit,Erkek,Kulüp,Takım Sporu,Avrupa,Uluslararası,Türk Takımı Var,TV+ Var,Yıllık,Turnuva,Kanal/Yayın,İzleme,Maç,Jenerik,İngilizce,Body,nerede_izlenir,Çekirdek
trabzonspor rangers canlı izle,Avrupa Kupası Eşleşmeleri,Futbol,Kıta Turnuvası,Kıta Üstü,Global Elit,Erkek,Kulüp,Takım Sporu,Avrupa,Uluslararası,Türk Takımı Var,TV+ Var,Yıllık,Turnuva,Canlı İzle,İzleme,Maç,Jenerik,Türkçe,Body,h2h_izle,Çekirdek
trabzonspor rangers hangi kanalda,Avrupa Kupası Eşleşmeleri,Futbol,Kıta Turnuvası,Kıta Üstü,Global Elit,Erkek,Kulüp,Takım Sporu,Avrupa,Uluslararası,Türk Takımı Var,TV+ Var,Yıllık,Turnuva,Kanal/Yayın,İzleme,Maç,Jenerik,İngilizce,Body,h2h_kanal,Çekirdek
trabzonspor rangers saat kaçta,Avrupa Kupası Eşleşmeleri,Futbol,Kıta Turnuvası,Kıta Üstü,Global Elit,Erkek,Kulüp,Takım Sporu,Avrupa,Uluslararası,Türk Takımı Var,TV+ Var,Yıllık,Turnuva,Takvim/Saat,Bilgi,Maç,Jenerik,Türkçe,Body,h2h_saat,Çekirdek
trabzonspor rangers maçı ne zaman,Avrupa Kupası Eşleşmeleri,Futbol,Kıta Turnuvası,Kıta Üstü,Global Elit,Erkek,Kulüp,Takım Sporu,Avrupa,Uluslararası,Türk Takımı Var,TV+ Var,Yıllık,Turnuva,Takvim/Saat,Bilgi,Maç,Jenerik,Türkçe,Long-tail,h2h_nezaman,Çekirdek
trabzonspor brann nerede izlenir,Avrupa Kupası Eşleşmeleri,Futbol,Kıta Turnuvası,Kıta Üstü,Global Elit,Erkek,Kulüp,Takım Sporu,Avrupa,Uluslararası,Türk Takımı Var,TV+ Var,Yıllık,Turnuva,Kanal/Yayın,İzleme,Maç,Jenerik,İngilizce,Body,nerede_izlenir,Çekirdek
trabzonspor brann canlı izle,Avrupa Kupası Eşleşmeleri,Futbol,Kıta Turnuvası,Kıta Üstü,Global Elit,Erkek,Kulüp,Takım Sporu,Avrupa,Uluslararası,Türk Takımı Var,TV+ Var,Yıllık,Turnuva,Canlı İzle,İzleme,Maç,Jenerik,Türkçe,Body,h2h_izle,Çekirdek
trabzonspor brann hangi kanalda,Avrupa Kupası Eşleşmeleri,Futbol,Kıta Turnuvası,Kıta Üstü,Global Elit,Erkek,Kulüp,Takım Sporu,Avrupa,Uluslararası,Türk Takımı Var,TV+ Var,Yıllık,Turnuva,Kanal/Yayın,İzleme,Maç,Jenerik,İngilizce,Body,h2h_kanal,Çekirdek
trabzonspor brann saat kaçta,Avrupa Kupası Eşleşmeleri,Futbol,Kıta Turnuvası,Kıta Üstü,Global Elit,Erkek,Kulüp,Takım Sporu,Avrupa,Uluslararası,Türk Takımı Var,TV+ Var,Yıllık,Turnuva,Takvim/Saat,Bilgi,Maç,Jenerik,Türkçe,Body,h2h_saat,Çekirdek
trabzonspor brann maçı ne zaman,Avrupa Kupası Eşleşmeleri,Futbol,Kıta Turnuvası,Kıta Üstü,Global Elit,Erkek,Kulüp,Takım Sporu,Avrupa,Uluslararası,Türk Takımı Var,TV+ Var,Yıllık,Turnuva,Takvim/Saat,Bilgi,Maç,Jenerik,Türkçe,Long-tail,h2h_nezaman,Çekirdek
trabzonspor paok nerede izlenir,Avrupa Kupası Eşleşmeleri,Futbol,Kıta Turnuvası,Kıta Üstü,Global Elit,Erkek,Kulüp,Takım Sporu,Avrupa,Uluslararası,Türk Takımı Var,TV+ Var,Yıllık,Turnuva,Kanal/Yayın,İzleme,Maç,Jenerik,İngilizce,Body,nerede_izlenir,Çekirdek
trabzonspor paok canlı izle,Avrupa Kupası Eşleşmeleri,Futbol,Kıta Turnuvası,Kıta Üstü,Global Elit,Erkek,Kulüp,Takım Sporu,Avrupa,Uluslararası,Türk Takımı Var,TV+ Var,Yıllık,Turnuva,Canlı İzle,İzleme,Maç,Jenerik,Türkçe,Body,h2h_izle,Çekirdek
trabzonspor paok hangi kanalda,Avrupa Kupası Eşleşmeleri,Futbol,Kıta Turnuvası,Kıta Üstü,Global Elit,Erkek,Kulüp,Takım Sporu,Avrupa,Uluslararası,Türk Takımı Var,TV+ Var,Yıllık,Turnuva,Kanal/Yayın,İzleme,Maç,Jenerik,İngilizce,Body,h2h_kanal,Çekirdek
trabzonspor paok saat kaçta,Avrupa Kupası Eşleşmeleri,Futbol,Kıta Turnuvası,Kıta Üstü,Global Elit,Erkek,Kulüp,Takım Sporu,Avrupa,Uluslararası,Türk Takımı Var,TV+ Var,Yıllık,Turnuva,Takvim/Saat,Bilgi,Maç,Jenerik,Türkçe,Body,h2h_saat,Çekirdek
trabzonspor paok maçı ne zaman,Avrupa Kupası Eşleşmeleri,Futbol,Kıta Turnuvası,Kıta Üstü,Global Elit,Erkek,Kulüp,Takım Sporu,Avrupa,Uluslararası,Türk Takımı Var,TV+ Var,Yıllık,Turnuva,Takvim/Saat,Bilgi,Maç,Jenerik,Türkçe,Long-tail,h2h_nezaman,Çekirdek
trabzonspor dinamo zagreb nerede izlenir,Avrupa Kupası Eşleşmeleri,Futbol,Kıta Turnuvası,Kıta Üstü,Global Elit,Erkek,Kulüp,Takım Sporu,Avrupa,Uluslararası,Türk Takımı Var,TV+ Var,Yıllık,Turnuva,Kanal/Yayın,İzleme,Maç,Jenerik,İngilizce,Long-tail,nerede_izlenir,Çekirdek
trabzonspor dinamo zagreb canlı izle,Avrupa Kupası Eşleşmeleri,Futbol,Kıta Turnuvası,Kıta Üstü,Global Elit,Erkek,Kulüp,Takım Sporu,Avrupa,Uluslararası,Türk Takımı Var,TV+ Var,Yıllık,Turnuva,Canlı İzle,İzleme,Maç,Jenerik,Türkçe,Long-tail,h2h_izle,Çekirdek
trabzonspor dinamo zagreb hangi kanalda,Avrupa Kupası Eşleşmeleri,Futbol,Kıta Turnuvası,Kıta Üstü,Global Elit,Erkek,Kulüp,Takım Sporu,Avrupa,Uluslararası,Türk Takımı Var,TV+ Var,Yıllık,Turnuva,Kanal/Yayın,İzleme,Maç,Jenerik,İngilizce,Long-tail,h2h_kanal,Çekirdek
trabzonspor dinamo zagreb saat kaçta,Avrupa Kupası Eşleşmeleri,Futbol,Kıta Turnuvası,Kıta Üstü,Global Elit,Erkek,Kulüp,Takım Sporu,Avrupa,Uluslararası,Türk Takımı Var,TV+ Var,Yıllık,Turnuva,Takvim/Saat,Bilgi,Maç,Jenerik,Türkçe,Long-tail,h2h_saat,Çekirdek
trabzonspor dinamo zagreb maçı ne zaman,Avrupa Kupası Eşleşmeleri,Futbol,Kıta Turnuvası,Kıta Üstü,Global Elit,Erkek,Kulüp,Takım Sporu,Avrupa,Uluslararası,Türk Takımı Var,TV+ Var,Yıllık,Turnuva,Takvim/Saat,Bilgi,Maç,Jenerik,Türkçe,Long-tail,h2h_nezaman,Çekirdek
trabzonspor viktoria plzeň nerede izlenir,Avrupa Kupası Eşleşmeleri,Futbol,Kıta Turnuvası,Kıta Üstü,Global Elit,Erkek,Kulüp,Takım Sporu,Avrupa,Uluslararası,Türk Takımı Var,TV+ Var,Yıllık,Turnuva,Kanal/Yayın,İzleme,Maç,Jenerik,Türkçe,Long-tail,nerede_izlenir,Çekirdek
trabzonspor viktoria plzeň canlı izle,Avrupa Kupası Eşleşmeleri,Futbol,Kıta Turnuvası,Kıta Üstü,Global Elit,Erkek,Kulüp,Takım Sporu,Avrupa,Uluslararası,Türk Takımı Var,TV+ Var,Yıllık,Turnuva,Canlı İzle,İzleme,Maç,Jenerik,Türkçe,Long-tail,h2h_izle,Çekirdek
trabzonspor viktoria plzeň hangi kanalda,Avrupa Kupası Eşleşmeleri,Futbol,Kıta Turnuvası,Kıta Üstü,Global Elit,Erkek,Kulüp,Takım Sporu,Avrupa,Uluslararası,Türk Takımı Var,TV+ Var,Yıllık,Turnuva,Kanal/Yayın,İzleme,Maç,Jenerik,Türkçe,Long-tail,h2h_kanal,Çekirdek
trabzonspor viktoria plzeň saat kaçta,Avrupa Kupası Eşleşmeleri,Futbol,Kıta Turnuvası,Kıta Üstü,Global Elit,Erkek,Kulüp,Takım Sporu,Avrupa,Uluslararası,Türk Takımı Var,TV+ Var,Yıllık,Turnuva,Takvim/Saat,Bilgi,Maç,Jenerik,Türkçe,Long-tail,h2h_saat,Çekirdek
trabzonspor viktoria plzeň maçı ne zaman,Avrupa Kupası Eşleşmeleri,Futbol,Kıta Turnuvası,Kıta Üstü,Global Elit,Erkek,Kulüp,Takım Sporu,Avrupa,Uluslararası,Türk Takımı Var,TV+ Var,Yıllık,Turnuva,Takvim/Saat,Bilgi,Maç,Jenerik,Türkçe,Long-tail,h2h_nezaman,Çekirdek
trabzonspor salzburg nerede izlenir,Avrupa Kupası Eşleşmeleri,Futbol,Kıta Turnuvası,Kıta Üstü,Global Elit,Erkek,Kulüp,Takım Sporu,Avrupa,Uluslararası,Türk Takımı Var,TV+ Var,Yıllık,Turnuva,Kanal/Yayın,İzleme,Maç,Jenerik,İngilizce,Body,nerede_izlenir,Çekirdek
trabzonspor salzburg canlı izle,Avrupa Kupası Eşleşmeleri,Futbol,Kıta Turnuvası,Kıta Üstü,Global Elit,Erkek,Kulüp,Takım Sporu,Avrupa,Uluslararası,Türk Takımı Var,TV+ Var,Yıllık,Turnuva,Canlı İzle,İzleme,Maç,Jenerik,Türkçe,Body,h2h_izle,Çekirdek
trabzonspor salzburg hangi kanalda,Avrupa Kupası Eşleşmeleri,Futbol,Kıta Turnuvası,Kıta Üstü,Global Elit,Erkek,Kulüp,Takım Sporu,Avrupa,Uluslararası,Türk Takımı Var,TV+ Var,Yıllık,Turnuva,Kanal/Yayın,İzleme,Maç,Jenerik,İngilizce,Body,h2h_kanal,Çekirdek
trabzonspor salzburg saat kaçta,Avrupa Kupası Eşleşmeleri,Futbol,Kıta Turnuvası,Kıta Üstü,Global Elit,Erkek,Kulüp,Takım Sporu,Avrupa,Uluslararası,Türk Takımı Var,TV+ Var,Yıllık,Turnuva,Takvim/Saat,Bilgi,Maç,Jenerik,Türkçe,Body,h2h_saat,Çekirdek
trabzonspor salzburg maçı ne zaman,Avrupa Kupası Eşleşmeleri,Futbol,Kıta Turnuvası,Kıta Üstü,Global Elit,Erkek,Kulüp,Takım Sporu,Avrupa,Uluslararası,Türk Takımı Var,TV+ Var,Yıllık,Turnuva,Takvim/Saat,Bilgi,Maç,Jenerik,Türkçe,Long-tail,h2h_nezaman,Çekirdek
trabzonspor fcsb nerede izlenir,Avrupa Kupası Eşleşmeleri,Futbol,Kıta Turnuvası,Kıta Üstü,Global Elit,Erkek,Kulüp,Takım Sporu,Avrupa,Uluslararası,Türk Takımı Var,TV+ Var,Yıllık,Turnuva,Kanal/Yayın,İzleme,Maç,Jenerik,İngilizce,Body,nerede_izlenir,Çekirdek
trabzonspor fcsb canlı izle,Avrupa Kupası Eşleşmeleri,Futbol,Kıta Turnuvası,Kıta Üstü,Global Elit,Erkek,Kulüp,Takım Sporu,Avrupa,Uluslararası,Türk Takımı Var,TV+ Var,Yıllık,Turnuva,Canlı İzle,İzleme,Maç,Jenerik,Türkçe,Body,h2h_izle,Çekirdek
trabzonspor fcsb hangi kanalda,Avrupa Kupası Eşleşmeleri,Futbol,Kıta Turnuvası,Kıta Üstü,Global Elit,Erkek,Kulüp,Takım Sporu,Avrupa,Uluslararası,Türk Takımı Var,TV+ Var,Yıllık,Turnuva,Kanal/Yayın,İzleme,Maç,Jenerik,İngilizce,Body,h2h_kanal,Çekirdek
trabzonspor fcsb saat kaçta,Avrupa Kupası Eşleşmeleri,Futbol,Kıta Turnuvası,Kıta Üstü,Global Elit,Erkek,Kulüp,Takım Sporu,Avrupa,Uluslararası,Türk Takımı Var,TV+ Var,Yıllık,Turnuva,Takvim/Saat,Bilgi,Maç,Jenerik,Türkçe,Body,h2h_saat,Çekirdek
trabzonspor fcsb maçı ne zaman,Avrupa Kupası Eşleşmeleri,Futbol,Kıta Turnuvası,Kıta Üstü,Global Elit,Erkek,Kulüp,Takım Sporu,Avrupa,Uluslararası,Türk Takımı Var,TV+ Var,Yıllık,Turnuva,Takvim/Saat,Bilgi,Maç,Jenerik,Türkçe,Long-tail,h2h_nezaman,Çekirdek
trabzonspor kairat nerede izlenir,Avrupa Kupası Eşleşmeleri,Futbol,Kıta Turnuvası,Kıta Üstü,Global Elit,Erkek,Kulüp,Takım Sporu,Avrupa,Uluslararası,Türk Takımı Var,TV+ Var,Yıllık,Turnuva,Kanal/Yayın,İzleme,Maç,Jenerik,İngilizce,Body,nerede_izlenir,Çekirdek
trabzonspor kairat canlı izle,Avrupa Kupası Eşleşmeleri,Futbol,Kıta Turnuvası,Kıta Üstü,Global Elit,Erkek,Kulüp,Takım Sporu,Avrupa,Uluslararası,Türk Takımı Var,TV+ Var,Yıllık,Turnuva,Canlı İzle,İzleme,Maç,Jenerik,Türkçe,Body,h2h_izle,Çekirdek
trabzonspor kairat hangi kanalda,Avrupa Kupası Eşleşmeleri,Futbol,Kıta Turnuvası,Kıta Üstü,Global Elit,Erkek,Kulüp,Takım Sporu,Avrupa,Uluslararası,Türk Takımı Var,TV+ Var,Yıllık,Turnuva,Kanal/Yayın,İzleme,Maç,Jenerik,İngilizce,Body,h2h_kanal,Çekirdek
trabzonspor kairat saat kaçta,Avrupa Kupası Eşleşmeleri,Futbol,Kıta Turnuvası,Kıta Üstü,Global Elit,Erkek,Kulüp,Takım Sporu,Avrupa,Uluslararası,Türk Takımı Var,TV+ Var,Yıllık,Turnuva,Takvim/Saat,Bilgi,Maç,Jenerik,Türkçe,Body,h2h_saat,Çekirdek
trabzonspor kairat maçı ne zaman,Avrupa Kupası Eşleşmeleri,Futbol,Kıta Turnuvası,Kıta Üstü,Global Elit,Erkek,Kulüp,Takım Sporu,Avrupa,Uluslararası,Türk Takımı Var,TV+ Var,Yıllık,Turnuva,Takvim/Saat,Bilgi,Maç,Jenerik,Türkçe,Long-tail,h2h_nezaman,Çekirdek
trabzonspor inter turku nerede izlenir,Avrupa Kupası Eşleşmeleri,Futbol,Kıta Turnuvası,Kıta Üstü,Global Elit,Erkek,Kulüp,Takım Sporu,Avrupa,Uluslararası,Türk Takımı Var,TV+ Var,Yıllık,Turnuva,Kanal/Yayın,İzleme,Maç,Jenerik,İngilizce,Long-tail,nerede_izlenir,Çekirdek
trabzonspor inter turku canlı izle,Avrupa Kupası Eşleşmeleri,Futbol,Kıta Turnuvası,Kıta Üstü,Global Elit,Erkek,Kulüp,Takım Sporu,Avrupa,Uluslararası,Türk Takımı Var,TV+ Var,Yıllık,Turnuva,Canlı İzle,İzleme,Maç,Jenerik,Türkçe,Long-tail,h2h_izle,Çekirdek
trabzonspor inter turku hangi kanalda,Avrupa Kupası Eşleşmeleri,Futbol,Kıta Turnuvası,Kıta Üstü,Global Elit,Erkek,Kulüp,Takım Sporu,Avrupa,Uluslararası,Türk Takımı Var,TV+ Var,Yıllık,Turnuva,Kanal/Yayın,İzleme,Maç,Jenerik,İngilizce,Long-tail,h2h_kanal,Çekirdek
trabzonspor inter turku saat kaçta,Avrupa Kupası Eşleşmeleri,Futbol,Kıta Turnuvası,Kıta Üstü,Global Elit,Erkek,Kulüp,Takım Sporu,Avrupa,Uluslararası,Türk Takımı Var,TV+ Var,Yıllık,Turnuva,Takvim/Saat,Bilgi,Maç,Jenerik,Türkçe,Long-tail,h2h_saat,Çekirdek
trabzonspor inter turku maçı ne zaman,Avrupa Kupası Eşleşmeleri,Futbol,Kıta Turnuvası,Kıta Üstü,Global Elit,Erkek,Kulüp,Takım Sporu,Avrupa,Uluslararası,Türk Takımı Var,TV+ Var,Yıllık,Turnuva,Takvim/Saat,Bilgi,Maç,Jenerik,Türkçe,Long-tail,h2h_nezaman,Çekirdek
trabzonspor union saint-gilloise nerede izlenir,Avrupa Kupası Eşleşmeleri,Futbol,Kıta Turnuvası,Kıta Üstü,Global Elit,Erkek,Kulüp,Takım Sporu,Avrupa,Uluslararası,Türk Takımı Var,TV+ Var,Yıllık,Turnuva,Kanal/Yayın,İzleme,Maç,Jenerik,İngilizce,Long-tail,nerede_izlenir,Çekirdek
trabzonspor union saint-gilloise canlı izle,Avrupa Kupası Eşleşmeleri,Futbol,Kıta Turnuvası,Kıta Üstü,Global Elit,Erkek,Kulüp,Takım Sporu,Avrupa,Uluslararası,Türk Takımı Var,TV+ Var,Yıllık,Turnuva,Canlı İzle,İzleme,Maç,Jenerik,Türkçe,Long-tail,h2h_izle,Çekirdek
trabzonspor union saint-gilloise hangi kanalda,Avrupa Kupası Eşleşmeleri,Futbol,Kıta Turnuvası,Kıta Üstü,Global Elit,Erkek,Kulüp,Takım Sporu,Avrupa,Uluslararası,Türk Takımı Var,TV+ Var,Yıllık,Turnuva,Kanal/Yayın,İzleme,Maç,Jenerik,İngilizce,Long-tail,h2h_kanal,Çekirdek
trabzonspor union saint-gilloise saat kaçta,Avrupa Kupası Eşleşmeleri,Futbol,Kıta Turnuvası,Kıta Üstü,Global Elit,Erkek,Kulüp,Takım Sporu,Avrupa,Uluslararası,Türk Takımı Var,TV+ Var,Yıllık,Turnuva,Takvim/Saat,Bilgi,Maç,Jenerik,Türkçe,Long-tail,h2h_saat,Çekirdek
trabzonspor union saint-gilloise maçı ne zaman,Avrupa Kupası Eşleşmeleri,Futbol,Kıta Turnuvası,Kıta Üstü,Global Elit,Erkek,Kulüp,Takım Sporu,Avrupa,Uluslararası,Türk Takımı Var,TV+ Var,Yıllık,Turnuva,Takvim/Saat,Bilgi,Maç,Jenerik,Türkçe,Long-tail,h2h_nezaman,Çekirdek
trabzonspor lyon nerede izlenir,Avrupa Kupası Eşleşmeleri,Futbol,Kıta Turnuvası,Kıta Üstü,Global Elit,Erkek,Kulüp,Takım Sporu,Avrupa,Uluslararası,Türk Takımı Var,TV+ Var,Yıllık,Turnuva,Kanal/Yayın,İzleme,Maç,Jenerik,İngilizce,Body,nerede_izlenir,Çekirdek
trabzonspor lyon canlı izle,Avrupa Kupası Eşleşmeleri,Futbol,Kıta Turnuvası,Kıta Üstü,Global Elit,Erkek,Kulüp,Takım Sporu,Avrupa,Uluslararası,Türk Takımı Var,TV+ Var,Yıllık,Turnuva,Canlı İzle,İzleme,Maç,Jenerik,Türkçe,Body,h2h_izle,Çekirdek
trabzonspor lyon hangi kanalda,Avrupa Kupası Eşleşmeleri,Futbol,Kıta Turnuvası,Kıta Üstü,Global Elit,Erkek,Kulüp,Takım Sporu,Avrupa,Uluslararası,Türk Takımı Var,TV+ Var,Yıllık,Turnuva,Kanal/Yayın,İzleme,Maç,Jenerik,İngilizce,Body,h2h_kanal,Çekirdek
trabzonspor lyon saat kaçta,Avrupa Kupası Eşleşmeleri,Futbol,Kıta Turnuvası,Kıta Üstü,Global Elit,Erkek,Kulüp,Takım Sporu,Avrupa,Uluslararası,Türk Takımı Var,TV+ Var,Yıllık,Turnuva,Takvim/Saat,Bilgi,Maç,Jenerik,Türkçe,Body,h2h_saat,Çekirdek
trabzonspor lyon maçı ne zaman,Avrupa Kupası Eşleşmeleri,Futbol,Kıta Turnuvası,Kıta Üstü,Global Elit,Erkek,Kulüp,Takım Sporu,Avrupa,Uluslararası,Türk Takımı Var,TV+ Var,Yıllık,Turnuva,Takvim/Saat,Bilgi,Maç,Jenerik,Türkçe,Long-tail,h2h_nezaman,Çekirdek
trabzonspor freiburg nerede izlenir,Avrupa Kupası Eşleşmeleri,Futbol,Kıta Turnuvası,Kıta Üstü,Global Elit,Erkek,Kulüp,Takım Sporu,Avrupa,Uluslararası,Türk Takımı Var,TV+ Var,Yıllık,Turnuva,Kanal/Yayın,İzleme,Maç,Jenerik,İngilizce,Body,nerede_izlenir,Çekirdek
trabzonspor freiburg canlı izle,Avrupa Kupası Eşleşmeleri,Futbol,Kıta Turnuvası,Kıta Üstü,Global Elit,Erkek,Kulüp,Takım Sporu,Avrupa,Uluslararası,Türk Takımı Var,TV+ Var,Yıllık,Turnuva,Canlı İzle,İzleme,Maç,Jenerik,Türkçe,Body,h2h_izle,Çekirdek
trabzonspor freiburg hangi kanalda,Avrupa Kupası Eşleşmeleri,Futbol,Kıta Turnuvası,Kıta Üstü,Global Elit,Erkek,Kulüp,Takım Sporu,Avrupa,Uluslararası,Türk Takımı Var,TV+ Var,Yıllık,Turnuva,Kanal/Yayın,İzleme,Maç,Jenerik,İngilizce,Body,h2h_kanal,Çekirdek
trabzonspor freiburg saat kaçta,Avrupa Kupası Eşleşmeleri,Futbol,Kıta Turnuvası,Kıta Üstü,Global Elit,Erkek,Kulüp,Takım Sporu,Avrupa,Uluslararası,Türk Takımı Var,TV+ Var,Yıllık,Turnuva,Takvim/Saat,Bilgi,Maç,Jenerik,Türkçe,Body,h2h_saat,Çekirdek
trabzonspor freiburg maçı ne zaman,Avrupa Kupası Eşleşmeleri,Futbol,Kıta Turnuvası,Kıta Üstü,Global Elit,Erkek,Kulüp,Takım Sporu,Avrupa,Uluslararası,Türk Takımı Var,TV+ Var,Yıllık,Turnuva,Takvim/Saat,Bilgi,Maç,Jenerik,Türkçe,Long-tail,h2h_nezaman,Çekirdek
galatasaray fenerbahçe nerede izlenir,Süper Lig,Futbol,Lig,1. Seviye,Global Elit,Erkek,Kulüp,Takım Sporu,Türkiye,Yerli,Türk Takımı Var,TV+ Yok,Yıllık,Sürekli Lig,Kanal/Yayın,İzleme,Maç,Jenerik,Türkçe,Body,nerede_izlenir,Çekirdek
galatasaray fenerbahçe canlı izle,Süper Lig,Futbol,Lig,1. Seviye,Global Elit,Erkek,Kulüp,Takım Sporu,Türkiye,Yerli,Türk Takımı Var,TV+ Yok,Yıllık,Sürekli Lig,Canlı İzle,İzleme,Maç,Jenerik,Türkçe,Body,h2h_izle,Çekirdek
galatasaray fenerbahçe hangi kanalda,Süper Lig,Futbol,Lig,1. Seviye,Global Elit,Erkek,Kulüp,Takım Sporu,Türkiye,Yerli,Türk Takımı Var,TV+ Yok,Yıllık,Sürekli Lig,Kanal/Yayın,İzleme,Maç,Jenerik,Türkçe,Body,h2h_kanal,Çekirdek
galatasaray fenerbahçe saat kaçta,Süper Lig,Futbol,Lig,1. Seviye,Global Elit,Erkek,Kulüp,Takım Sporu,Türkiye,Yerli,Türk Takımı Var,TV+ Yok,Yıllık,Sürekli Lig,Takvim/Saat,Bilgi,Maç,Jenerik,Türkçe,Body,h2h_saat,Çekirdek
galatasaray fenerbahçe maçı ne zaman,Süper Lig,Futbol,Lig,1. Seviye,Global Elit,Erkek,Kulüp,Takım Sporu,Türkiye,Yerli,Türk Takımı Var,TV+ Yok,Yıllık,Sürekli Lig,Takvim/Saat,Bilgi,Maç,Jenerik,Türkçe,Long-tail,h2h_nezaman,Çekirdek
galatasaray beşiktaş nerede izlenir,Süper Lig,Futbol,Lig,1. Seviye,Global Elit,Erkek,Kulüp,Takım Sporu,Türkiye,Yerli,Türk Takımı Var,TV+ Yok,Yıllık,Sürekli Lig,Kanal/Yayın,İzleme,Maç,Jenerik,Türkçe,Body,nerede_izlenir,Çekirdek
galatasaray beşiktaş canlı izle,Süper Lig,Futbol,Lig,1. Seviye,Global Elit,Erkek,Kulüp,Takım Sporu,Türkiye,Yerli,Türk Takımı Var,TV+ Yok,Yıllık,Sürekli Lig,Canlı İzle,İzleme,Maç,Jenerik,Türkçe,Body,h2h_izle,Çekirdek
galatasaray beşiktaş hangi kanalda,Süper Lig,Futbol,Lig,1. Seviye,Global Elit,Erkek,Kulüp,Takım Sporu,Türkiye,Yerli,Türk Takımı Var,TV+ Yok,Yıllık,Sürekli Lig,Kanal/Yayın,İzleme,Maç,Jenerik,Türkçe,Body,h2h_kanal,Çekirdek
galatasaray beşiktaş saat kaçta,Süper Lig,Futbol,Lig,1. Seviye,Global Elit,Erkek,Kulüp,Takım Sporu,Türkiye,Yerli,Türk Takımı Var,TV+ Yok,Yıllık,Sürekli Lig,Takvim/Saat,Bilgi,Maç,Jenerik,Türkçe,Body,h2h_saat,Çekirdek
galatasaray beşiktaş maçı ne zaman,Süper Lig,Futbol,Lig,1. Seviye,Global Elit,Erkek,Kulüp,Takım Sporu,Türkiye,Yerli,Türk Takımı Var,TV+ Yok,Yıllık,Sürekli Lig,Takvim/Saat,Bilgi,Maç,Jenerik,Türkçe,Long-tail,h2h_nezaman,Çekirdek
galatasaray trabzonspor nerede izlenir,Süper Lig,Futbol,Lig,1. Seviye,Global Elit,Erkek,Kulüp,Takım Sporu,Türkiye,Yerli,Türk Takımı Var,TV+ Yok,Yıllık,Sürekli Lig,Kanal/Yayın,İzleme,Maç,Jenerik,İngilizce,Body,nerede_izlenir,Çekirdek
galatasaray trabzonspor canlı izle,Süper Lig,Futbol,Lig,1. Seviye,Global Elit,Erkek,Kulüp,Takım Sporu,Türkiye,Yerli,Türk Takımı Var,TV+ Yok,Yıllık,Sürekli Lig,Canlı İzle,İzleme,Maç,Jenerik,Türkçe,Body,h2h_izle,Çekirdek
galatasaray trabzonspor hangi kanalda,Süper Lig,Futbol,Lig,1. Seviye,Global Elit,Erkek,Kulüp,Takım Sporu,Türkiye,Yerli,Türk Takımı Var,TV+ Yok,Yıllık,Sürekli Lig,Kanal/Yayın,İzleme,Maç,Jenerik,İngilizce,Body,h2h_kanal,Çekirdek
galatasaray trabzonspor saat kaçta,Süper Lig,Futbol,Lig,1. Seviye,Global Elit,Erkek,Kulüp,Takım Sporu,Türkiye,Yerli,Türk Takımı Var,TV+ Yok,Yıllık,Sürekli Lig,Takvim/Saat,Bilgi,Maç,Jenerik,Türkçe,Body,h2h_saat,Çekirdek
galatasaray trabzonspor maçı ne zaman,Süper Lig,Futbol,Lig,1. Seviye,Global Elit,Erkek,Kulüp,Takım Sporu,Türkiye,Yerli,Türk Takımı Var,TV+ Yok,Yıllık,Sürekli Lig,Takvim/Saat,Bilgi,Maç,Jenerik,Türkçe,Long-tail,h2h_nezaman,Çekirdek
galatasaray samsunspor nerede izlenir,Süper Lig,Futbol,Lig,1. Seviye,Global Elit,Erkek,Kulüp,Takım Sporu,Türkiye,Yerli,Türk Takımı Var,TV+ Yok,Yıllık,Sürekli Lig,Kanal/Yayın,İzleme,Maç,Jenerik,İngilizce,Body,nerede_izlenir,Çekirdek
galatasaray samsunspor canlı izle,Süper Lig,Futbol,Lig,1. Seviye,Global Elit,Erkek,Kulüp,Takım Sporu,Türkiye,Yerli,Türk Takımı Var,TV+ Yok,Yıllık,Sürekli Lig,Canlı İzle,İzleme,Maç,Jenerik,Türkçe,Body,h2h_izle,Çekirdek
galatasaray samsunspor hangi kanalda,Süper Lig,Futbol,Lig,1. Seviye,Global Elit,Erkek,Kulüp,Takım Sporu,Türkiye,Yerli,Türk Takımı Var,TV+ Yok,Yıllık,Sürekli Lig,Kanal/Yayın,İzleme,Maç,Jenerik,İngilizce,Body,h2h_kanal,Çekirdek
galatasaray samsunspor saat kaçta,Süper Lig,Futbol,Lig,1. Seviye,Global Elit,Erkek,Kulüp,Takım Sporu,Türkiye,Yerli,Türk Takımı Var,TV+ Yok,Yıllık,Sürekli Lig,Takvim/Saat,Bilgi,Maç,Jenerik,Türkçe,Body,h2h_saat,Çekirdek
galatasaray samsunspor maçı ne zaman,Süper Lig,Futbol,Lig,1. Seviye,Global Elit,Erkek,Kulüp,Takım Sporu,Türkiye,Yerli,Türk Takımı Var,TV+ Yok,Yıllık,Sürekli Lig,Takvim/Saat,Bilgi,Maç,Jenerik,Türkçe,Long-tail,h2h_nezaman,Çekirdek
galatasaray başakşehir nerede izlenir,Süper Lig,Futbol,Lig,1. Seviye,Global Elit,Erkek,Kulüp,Takım Sporu,Türkiye,Yerli,Türk Takımı Var,TV+ Yok,Yıllık,Sürekli Lig,Kanal/Yayın,İzleme,Maç,Jenerik,Türkçe,Body,nerede_izlenir,Çekirdek
galatasaray başakşehir canlı izle,Süper Lig,Futbol,Lig,1. Seviye,Global Elit,Erkek,Kulüp,Takım Sporu,Türkiye,Yerli,Türk Takımı Var,TV+ Yok,Yıllık,Sürekli Lig,Canlı İzle,İzleme,Maç,Jenerik,Türkçe,Body,h2h_izle,Çekirdek
galatasaray başakşehir hangi kanalda,Süper Lig,Futbol,Lig,1. Seviye,Global Elit,Erkek,Kulüp,Takım Sporu,Türkiye,Yerli,Türk Takımı Var,TV+ Yok,Yıllık,Sürekli Lig,Kanal/Yayın,İzleme,Maç,Jenerik,Türkçe,Body,h2h_kanal,Çekirdek
galatasaray başakşehir saat kaçta,Süper Lig,Futbol,Lig,1. Seviye,Global Elit,Erkek,Kulüp,Takım Sporu,Türkiye,Yerli,Türk Takımı Var,TV+ Yok,Yıllık,Sürekli Lig,Takvim/Saat,Bilgi,Maç,Jenerik,Türkçe,Body,h2h_saat,Çekirdek
galatasaray başakşehir maçı ne zaman,Süper Lig,Futbol,Lig,1. Seviye,Global Elit,Erkek,Kulüp,Takım Sporu,Türkiye,Yerli,Türk Takımı Var,TV+ Yok,Yıllık,Sürekli Lig,Takvim/Saat,Bilgi,Maç,Jenerik,Türkçe,Long-tail,h2h_nezaman,Çekirdek
fenerbahçe beşiktaş nerede izlenir,Süper Lig,Futbol,Lig,1. Seviye,Global Elit,Erkek,Kulüp,Takım Sporu,Türkiye,Yerli,Türk Takımı Var,TV+ Yok,Yıllık,Sürekli Lig,Kanal/Yayın,İzleme,Maç,Jenerik,Türkçe,Body,nerede_izlenir,Çekirdek
fenerbahçe beşiktaş canlı izle,Süper Lig,Futbol,Lig,1. Seviye,Global Elit,Erkek,Kulüp,Takım Sporu,Türkiye,Yerli,Türk Takımı Var,TV+ Yok,Yıllık,Sürekli Lig,Canlı İzle,İzleme,Maç,Jenerik,Türkçe,Body,h2h_izle,Çekirdek
fenerbahçe beşiktaş hangi kanalda,Süper Lig,Futbol,Lig,1. Seviye,Global Elit,Erkek,Kulüp,Takım Sporu,Türkiye,Yerli,Türk Takımı Var,TV+ Yok,Yıllık,Sürekli Lig,Kanal/Yayın,İzleme,Maç,Jenerik,Türkçe,Body,h2h_kanal,Çekirdek
fenerbahçe beşiktaş saat kaçta,Süper Lig,Futbol,Lig,1. Seviye,Global Elit,Erkek,Kulüp,Takım Sporu,Türkiye,Yerli,Türk Takımı Var,TV+ Yok,Yıllık,Sürekli Lig,Takvim/Saat,Bilgi,Maç,Jenerik,Türkçe,Body,h2h_saat,Çekirdek
fenerbahçe beşiktaş maçı ne zaman,Süper Lig,Futbol,Lig,1. Seviye,Global Elit,Erkek,Kulüp,Takım Sporu,Türkiye,Yerli,Türk Takımı Var,TV+ Yok,Yıllık,Sürekli Lig,Takvim/Saat,Bilgi,Maç,Jenerik,Türkçe,Long-tail,h2h_nezaman,Çekirdek
fenerbahçe trabzonspor nerede izlenir,Süper Lig,Futbol,Lig,1. Seviye,Global Elit,Erkek,Kulüp,Takım Sporu,Türkiye,Yerli,Türk Takımı Var,TV+ Yok,Yıllık,Sürekli Lig,Kanal/Yayın,İzleme,Maç,Jenerik,Türkçe,Body,nerede_izlenir,Çekirdek
fenerbahçe trabzonspor canlı izle,Süper Lig,Futbol,Lig,1. Seviye,Global Elit,Erkek,Kulüp,Takım Sporu,Türkiye,Yerli,Türk Takımı Var,TV+ Yok,Yıllık,Sürekli Lig,Canlı İzle,İzleme,Maç,Jenerik,Türkçe,Body,h2h_izle,Çekirdek
fenerbahçe trabzonspor hangi kanalda,Süper Lig,Futbol,Lig,1. Seviye,Global Elit,Erkek,Kulüp,Takım Sporu,Türkiye,Yerli,Türk Takımı Var,TV+ Yok,Yıllık,Sürekli Lig,Kanal/Yayın,İzleme,Maç,Jenerik,Türkçe,Body,h2h_kanal,Çekirdek
fenerbahçe trabzonspor saat kaçta,Süper Lig,Futbol,Lig,1. Seviye,Global Elit,Erkek,Kulüp,Takım Sporu,Türkiye,Yerli,Türk Takımı Var,TV+ Yok,Yıllık,Sürekli Lig,Takvim/Saat,Bilgi,Maç,Jenerik,Türkçe,Body,h2h_saat,Çekirdek
fenerbahçe trabzonspor maçı ne zaman,Süper Lig,Futbol,Lig,1. Seviye,Global Elit,Erkek,Kulüp,Takım Sporu,Türkiye,Yerli,Türk Takımı Var,TV+ Yok,Yıllık,Sürekli Lig,Takvim/Saat,Bilgi,Maç,Jenerik,Türkçe,Long-tail,h2h_nezaman,Çekirdek
fenerbahçe samsunspor nerede izlenir,Süper Lig,Futbol,Lig,1. Seviye,Global Elit,Erkek,Kulüp,Takım Sporu,Türkiye,Yerli,Türk Takımı Var,TV+ Yok,Yıllık,Sürekli Lig,Kanal/Yayın,İzleme,Maç,Jenerik,Türkçe,Body,nerede_izlenir,Çekirdek
fenerbahçe samsunspor canlı izle,Süper Lig,Futbol,Lig,1. Seviye,Global Elit,Erkek,Kulüp,Takım Sporu,Türkiye,Yerli,Türk Takımı Var,TV+ Yok,Yıllık,Sürekli Lig,Canlı İzle,İzleme,Maç,Jenerik,Türkçe,Body,h2h_izle,Çekirdek
fenerbahçe samsunspor hangi kanalda,Süper Lig,Futbol,Lig,1. Seviye,Global Elit,Erkek,Kulüp,Takım Sporu,Türkiye,Yerli,Türk Takımı Var,TV+ Yok,Yıllık,Sürekli Lig,Kanal/Yayın,İzleme,Maç,Jenerik,Türkçe,Body,h2h_kanal,Çekirdek
fenerbahçe samsunspor saat kaçta,Süper Lig,Futbol,Lig,1. Seviye,Global Elit,Erkek,Kulüp,Takım Sporu,Türkiye,Yerli,Türk Takımı Var,TV+ Yok,Yıllık,Sürekli Lig,Takvim/Saat,Bilgi,Maç,Jenerik,Türkçe,Body,h2h_saat,Çekirdek
fenerbahçe samsunspor maçı ne zaman,Süper Lig,Futbol,Lig,1. Seviye,Global Elit,Erkek,Kulüp,Takım Sporu,Türkiye,Yerli,Türk Takımı Var,TV+ Yok,Yıllık,Sürekli Lig,Takvim/Saat,Bilgi,Maç,Jenerik,Türkçe,Long-tail,h2h_nezaman,Çekirdek
fenerbahçe başakşehir nerede izlenir,Süper Lig,Futbol,Lig,1. Seviye,Global Elit,Erkek,Kulüp,Takım Sporu,Türkiye,Yerli,Türk Takımı Var,TV+ Yok,Yıllık,Sürekli Lig,Kanal/Yayın,İzleme,Maç,Jenerik,Türkçe,Body,nerede_izlenir,Çekirdek
fenerbahçe başakşehir canlı izle,Süper Lig,Futbol,Lig,1. Seviye,Global Elit,Erkek,Kulüp,Takım Sporu,Türkiye,Yerli,Türk Takımı Var,TV+ Yok,Yıllık,Sürekli Lig,Canlı İzle,İzleme,Maç,Jenerik,Türkçe,Body,h2h_izle,Çekirdek
fenerbahçe başakşehir hangi kanalda,Süper Lig,Futbol,Lig,1. Seviye,Global Elit,Erkek,Kulüp,Takım Sporu,Türkiye,Yerli,Türk Takımı Var,TV+ Yok,Yıllık,Sürekli Lig,Kanal/Yayın,İzleme,Maç,Jenerik,Türkçe,Body,h2h_kanal,Çekirdek
fenerbahçe başakşehir saat kaçta,Süper Lig,Futbol,Lig,1. Seviye,Global Elit,Erkek,Kulüp,Takım Sporu,Türkiye,Yerli,Türk Takımı Var,TV+ Yok,Yıllık,Sürekli Lig,Takvim/Saat,Bilgi,Maç,Jenerik,Türkçe,Body,h2h_saat,Çekirdek
fenerbahçe başakşehir maçı ne zaman,Süper Lig,Futbol,Lig,1. Seviye,Global Elit,Erkek,Kulüp,Takım Sporu,Türkiye,Yerli,Türk Takımı Var,TV+ Yok,Yıllık,Sürekli Lig,Takvim/Saat,Bilgi,Maç,Jenerik,Türkçe,Long-tail,h2h_nezaman,Çekirdek
beşiktaş trabzonspor nerede izlenir,Süper Lig,Futbol,Lig,1. Seviye,Global Elit,Erkek,Kulüp,Takım Sporu,Türkiye,Yerli,Türk Takımı Var,TV+ Yok,Yıllık,Sürekli Lig,Kanal/Yayın,İzleme,Maç,Jenerik,Türkçe,Body,nerede_izlenir,Çekirdek
beşiktaş trabzonspor canlı izle,Süper Lig,Futbol,Lig,1. Seviye,Global Elit,Erkek,Kulüp,Takım Sporu,Türkiye,Yerli,Türk Takımı Var,TV+ Yok,Yıllık,Sürekli Lig,Canlı İzle,İzleme,Maç,Jenerik,Türkçe,Body,h2h_izle,Çekirdek
beşiktaş trabzonspor hangi kanalda,Süper Lig,Futbol,Lig,1. Seviye,Global Elit,Erkek,Kulüp,Takım Sporu,Türkiye,Yerli,Türk Takımı Var,TV+ Yok,Yıllık,Sürekli Lig,Kanal/Yayın,İzleme,Maç,Jenerik,Türkçe,Body,h2h_kanal,Çekirdek
beşiktaş trabzonspor saat kaçta,Süper Lig,Futbol,Lig,1. Seviye,Global Elit,Erkek,Kulüp,Takım Sporu,Türkiye,Yerli,Türk Takımı Var,TV+ Yok,Yıllık,Sürekli Lig,Takvim/Saat,Bilgi,Maç,Jenerik,Türkçe,Body,h2h_saat,Çekirdek
beşiktaş trabzonspor maçı ne zaman,Süper Lig,Futbol,Lig,1. Seviye,Global Elit,Erkek,Kulüp,Takım Sporu,Türkiye,Yerli,Türk Takımı Var,TV+ Yok,Yıllık,Sürekli Lig,Takvim/Saat,Bilgi,Maç,Jenerik,Türkçe,Long-tail,h2h_nezaman,Çekirdek
beşiktaş samsunspor nerede izlenir,Süper Lig,Futbol,Lig,1. Seviye,Global Elit,Erkek,Kulüp,Takım Sporu,Türkiye,Yerli,Türk Takımı Var,TV+ Yok,Yıllık,Sürekli Lig,Kanal/Yayın,İzleme,Maç,Jenerik,Türkçe,Body,nerede_izlenir,Çekirdek
beşiktaş samsunspor canlı izle,Süper Lig,Futbol,Lig,1. Seviye,Global Elit,Erkek,Kulüp,Takım Sporu,Türkiye,Yerli,Türk Takımı Var,TV+ Yok,Yıllık,Sürekli Lig,Canlı İzle,İzleme,Maç,Jenerik,Türkçe,Body,h2h_izle,Çekirdek
beşiktaş samsunspor hangi kanalda,Süper Lig,Futbol,Lig,1. Seviye,Global Elit,Erkek,Kulüp,Takım Sporu,Türkiye,Yerli,Türk Takımı Var,TV+ Yok,Yıllık,Sürekli Lig,Kanal/Yayın,İzleme,Maç,Jenerik,Türkçe,Body,h2h_kanal,Çekirdek
beşiktaş samsunspor saat kaçta,Süper Lig,Futbol,Lig,1. Seviye,Global Elit,Erkek,Kulüp,Takım Sporu,Türkiye,Yerli,Türk Takımı Var,TV+ Yok,Yıllık,Sürekli Lig,Takvim/Saat,Bilgi,Maç,Jenerik,Türkçe,Body,h2h_saat,Çekirdek
beşiktaş samsunspor maçı ne zaman,Süper Lig,Futbol,Lig,1. Seviye,Global Elit,Erkek,Kulüp,Takım Sporu,Türkiye,Yerli,Türk Takımı Var,TV+ Yok,Yıllık,Sürekli Lig,Takvim/Saat,Bilgi,Maç,Jenerik,Türkçe,Long-tail,h2h_nezaman,Çekirdek
beşiktaş başakşehir nerede izlenir,Süper Lig,Futbol,Lig,1. Seviye,Global Elit,Erkek,Kulüp,Takım Sporu,Türkiye,Yerli,Türk Takımı Var,TV+ Yok,Yıllık,Sürekli Lig,Kanal/Yayın,İzleme,Maç,Jenerik,Türkçe,Body,nerede_izlenir,Çekirdek
beşiktaş başakşehir canlı izle,Süper Lig,Futbol,Lig,1. Seviye,Global Elit,Erkek,Kulüp,Takım Sporu,Türkiye,Yerli,Türk Takımı Var,TV+ Yok,Yıllık,Sürekli Lig,Canlı İzle,İzleme,Maç,Jenerik,Türkçe,Body,h2h_izle,Çekirdek
beşiktaş başakşehir hangi kanalda,Süper Lig,Futbol,Lig,1. Seviye,Global Elit,Erkek,Kulüp,Takım Sporu,Türkiye,Yerli,Türk Takımı Var,TV+ Yok,Yıllık,Sürekli Lig,Kanal/Yayın,İzleme,Maç,Jenerik,Türkçe,Body,h2h_kanal,Çekirdek
beşiktaş başakşehir saat kaçta,Süper Lig,Futbol,Lig,1. Seviye,Global Elit,Erkek,Kulüp,Takım Sporu,Türkiye,Yerli,Türk Takımı Var,TV+ Yok,Yıllık,Sürekli Lig,Takvim/Saat,Bilgi,Maç,Jenerik,Türkçe,Body,h2h_saat,Çekirdek
beşiktaş başakşehir maçı ne zaman,Süper Lig,Futbol,Lig,1. Seviye,Global Elit,Erkek,Kulüp,Takım Sporu,Türkiye,Yerli,Türk Takımı Var,TV+ Yok,Yıllık,Sürekli Lig,Takvim/Saat,Bilgi,Maç,Jenerik,Türkçe,Long-tail,h2h_nezaman,Çekirdek
trabzonspor samsunspor nerede izlenir,Süper Lig,Futbol,Lig,1. Seviye,Global Elit,Erkek,Kulüp,Takım Sporu,Türkiye,Yerli,Türk Takımı Var,TV+ Yok,Yıllık,Sürekli Lig,Kanal/Yayın,İzleme,Maç,Jenerik,İngilizce,Body,nerede_izlenir,Çekirdek
trabzonspor samsunspor canlı izle,Süper Lig,Futbol,Lig,1. Seviye,Global Elit,Erkek,Kulüp,Takım Sporu,Türkiye,Yerli,Türk Takımı Var,TV+ Yok,Yıllık,Sürekli Lig,Canlı İzle,İzleme,Maç,Jenerik,Türkçe,Body,h2h_izle,Çekirdek
trabzonspor samsunspor hangi kanalda,Süper Lig,Futbol,Lig,1. Seviye,Global Elit,Erkek,Kulüp,Takım Sporu,Türkiye,Yerli,Türk Takımı Var,TV+ Yok,Yıllık,Sürekli Lig,Kanal/Yayın,İzleme,Maç,Jenerik,İngilizce,Body,h2h_kanal,Çekirdek
trabzonspor samsunspor saat kaçta,Süper Lig,Futbol,Lig,1. Seviye,Global Elit,Erkek,Kulüp,Takım Sporu,Türkiye,Yerli,Türk Takımı Var,TV+ Yok,Yıllık,Sürekli Lig,Takvim/Saat,Bilgi,Maç,Jenerik,Türkçe,Body,h2h_saat,Çekirdek
trabzonspor samsunspor maçı ne zaman,Süper Lig,Futbol,Lig,1. Seviye,Global Elit,Erkek,Kulüp,Takım Sporu,Türkiye,Yerli,Türk Takımı Var,TV+ Yok,Yıllık,Sürekli Lig,Takvim/Saat,Bilgi,Maç,Jenerik,Türkçe,Long-tail,h2h_nezaman,Çekirdek
trabzonspor başakşehir nerede izlenir,Süper Lig,Futbol,Lig,1. Seviye,Global Elit,Erkek,Kulüp,Takım Sporu,Türkiye,Yerli,Türk Takımı Var,TV+ Yok,Yıllık,Sürekli Lig,Kanal/Yayın,İzleme,Maç,Jenerik,Türkçe,Body,nerede_izlenir,Çekirdek
trabzonspor başakşehir canlı izle,Süper Lig,Futbol,Lig,1. Seviye,Global Elit,Erkek,Kulüp,Takım Sporu,Türkiye,Yerli,Türk Takımı Var,TV+ Yok,Yıllık,Sürekli Lig,Canlı İzle,İzleme,Maç,Jenerik,Türkçe,Body,h2h_izle,Çekirdek
trabzonspor başakşehir hangi kanalda,Süper Lig,Futbol,Lig,1. Seviye,Global Elit,Erkek,Kulüp,Takım Sporu,Türkiye,Yerli,Türk Takımı Var,TV+ Yok,Yıllık,Sürekli Lig,Kanal/Yayın,İzleme,Maç,Jenerik,Türkçe,Body,h2h_kanal,Çekirdek
trabzonspor başakşehir saat kaçta,Süper Lig,Futbol,Lig,1. Seviye,Global Elit,Erkek,Kulüp,Takım Sporu,Türkiye,Yerli,Türk Takımı Var,TV+ Yok,Yıllık,Sürekli Lig,Takvim/Saat,Bilgi,Maç,Jenerik,Türkçe,Body,h2h_saat,Çekirdek
trabzonspor başakşehir maçı ne zaman,Süper Lig,Futbol,Lig,1. Seviye,Global Elit,Erkek,Kulüp,Takım Sporu,Türkiye,Yerli,Türk Takımı Var,TV+ Yok,Yıllık,Sürekli Lig,Takvim/Saat,Bilgi,Maç,Jenerik,Türkçe,Long-tail,h2h_nezaman,Çekirdek
samsunspor başakşehir nerede izlenir,Süper Lig,Futbol,Lig,1. Seviye,Global Elit,Erkek,Kulüp,Takım Sporu,Türkiye,Yerli,Türk Takımı Var,TV+ Yok,Yıllık,Sürekli Lig,Kanal/Yayın,İzleme,Maç,Jenerik,Türkçe,Body,nerede_izlenir,Çekirdek
samsunspor başakşehir canlı izle,Süper Lig,Futbol,Lig,1. Seviye,Global Elit,Erkek,Kulüp,Takım Sporu,Türkiye,Yerli,Türk Takımı Var,TV+ Yok,Yıllık,Sürekli Lig,Canlı İzle,İzleme,Maç,Jenerik,Türkçe,Body,h2h_izle,Çekirdek
samsunspor başakşehir hangi kanalda,Süper Lig,Futbol,Lig,1. Seviye,Global Elit,Erkek,Kulüp,Takım Sporu,Türkiye,Yerli,Türk Takımı Var,TV+ Yok,Yıllık,Sürekli Lig,Kanal/Yayın,İzleme,Maç,Jenerik,Türkçe,Body,h2h_kanal,Çekirdek
samsunspor başakşehir saat kaçta,Süper Lig,Futbol,Lig,1. Seviye,Global Elit,Erkek,Kulüp,Takım Sporu,Türkiye,Yerli,Türk Takımı Var,TV+ Yok,Yıllık,Sürekli Lig,Takvim/Saat,Bilgi,Maç,Jenerik,Türkçe,Body,h2h_saat,Çekirdek
samsunspor başakşehir maçı ne zaman,Süper Lig,Futbol,Lig,1. Seviye,Global Elit,Erkek,Kulüp,Takım Sporu,Türkiye,Yerli,Türk Takımı Var,TV+ Yok,Yıllık,Sürekli Lig,Takvim/Saat,Bilgi,Maç,Jenerik,Türkçe,Long-tail,h2h_nezaman,Çekirdek
türkiye ispanya nerede izlenir,A Milli Futbol Takımı,Futbol,Milli,Milli,Global Elit,Erkek,Milli Takım,Takım Sporu,Türkiye,Yerli,Türk Takımı Var,TV+ Yok,Sürekli,Turnuva,Kanal/Yayın,İzleme,Maç,Jenerik,Türkçe,Body,nerede_izlenir,Çekirdek
türkiye ispanya canlı izle,A Milli Futbol Takımı,Futbol,Milli,Milli,Global Elit,Erkek,Milli Takım,Takım Sporu,Türkiye,Yerli,Türk Takımı Var,TV+ Yok,Sürekli,Turnuva,Canlı İzle,İzleme,Maç,Jenerik,Türkçe,Body,h2h_izle,Çekirdek
türkiye ispanya hangi kanalda,A Milli Futbol Takımı,Futbol,Milli,Milli,Global Elit,Erkek,Milli Takım,Takım Sporu,Türkiye,Yerli,Türk Takımı Var,TV+ Yok,Sürekli,Turnuva,Kanal/Yayın,İzleme,Maç,Jenerik,Türkçe,Body,h2h_kanal,Çekirdek
türkiye ispanya saat kaçta,A Milli Futbol Takımı,Futbol,Milli,Milli,Global Elit,Erkek,Milli Takım,Takım Sporu,Türkiye,Yerli,Türk Takımı Var,TV+ Yok,Sürekli,Turnuva,Takvim/Saat,Bilgi,Maç,Jenerik,Türkçe,Body,h2h_saat,Çekirdek
türkiye ispanya maçı ne zaman,A Milli Futbol Takımı,Futbol,Milli,Milli,Global Elit,Erkek,Milli Takım,Takım Sporu,Türkiye,Yerli,Türk Takımı Var,TV+ Yok,Sürekli,Turnuva,Takvim/Saat,Bilgi,Maç,Jenerik,Türkçe,Long-tail,h2h_nezaman,Çekirdek
türkiye portekiz nerede izlenir,A Milli Futbol Takımı,Futbol,Milli,Milli,Global Elit,Erkek,Milli Takım,Takım Sporu,Türkiye,Yerli,Türk Takımı Var,TV+ Yok,Sürekli,Turnuva,Kanal/Yayın,İzleme,Maç,Jenerik,Türkçe,Body,nerede_izlenir,Çekirdek
türkiye portekiz canlı izle,A Milli Futbol Takımı,Futbol,Milli,Milli,Global Elit,Erkek,Milli Takım,Takım Sporu,Türkiye,Yerli,Türk Takımı Var,TV+ Yok,Sürekli,Turnuva,Canlı İzle,İzleme,Maç,Jenerik,Türkçe,Body,h2h_izle,Çekirdek
türkiye portekiz hangi kanalda,A Milli Futbol Takımı,Futbol,Milli,Milli,Global Elit,Erkek,Milli Takım,Takım Sporu,Türkiye,Yerli,Türk Takımı Var,TV+ Yok,Sürekli,Turnuva,Kanal/Yayın,İzleme,Maç,Jenerik,Türkçe,Body,h2h_kanal,Çekirdek
türkiye portekiz saat kaçta,A Milli Futbol Takımı,Futbol,Milli,Milli,Global Elit,Erkek,Milli Takım,Takım Sporu,Türkiye,Yerli,Türk Takımı Var,TV+ Yok,Sürekli,Turnuva,Takvim/Saat,Bilgi,Maç,Jenerik,Türkçe,Body,h2h_saat,Çekirdek
türkiye portekiz maçı ne zaman,A Milli Futbol Takımı,Futbol,Milli,Milli,Global Elit,Erkek,Milli Takım,Takım Sporu,Türkiye,Yerli,Türk Takımı Var,TV+ Yok,Sürekli,Turnuva,Takvim/Saat,Bilgi,Maç,Jenerik,Türkçe,Long-tail,h2h_nezaman,Çekirdek
türkiye fransa nerede izlenir,A Milli Futbol Takımı,Futbol,Milli,Milli,Global Elit,Erkek,Milli Takım,Takım Sporu,Türkiye,Yerli,Türk Takımı Var,TV+ Yok,Sürekli,Turnuva,Kanal/Yayın,İzleme,Maç,Jenerik,Türkçe,Body,nerede_izlenir,Çekirdek
türkiye fransa canlı izle,A Milli Futbol Takımı,Futbol,Milli,Milli,Global Elit,Erkek,Milli Takım,Takım Sporu,Türkiye,Yerli,Türk Takımı Var,TV+ Yok,Sürekli,Turnuva,Canlı İzle,İzleme,Maç,Jenerik,Türkçe,Body,h2h_izle,Çekirdek
türkiye fransa hangi kanalda,A Milli Futbol Takımı,Futbol,Milli,Milli,Global Elit,Erkek,Milli Takım,Takım Sporu,Türkiye,Yerli,Türk Takımı Var,TV+ Yok,Sürekli,Turnuva,Kanal/Yayın,İzleme,Maç,Jenerik,Türkçe,Body,h2h_kanal,Çekirdek
türkiye fransa saat kaçta,A Milli Futbol Takımı,Futbol,Milli,Milli,Global Elit,Erkek,Milli Takım,Takım Sporu,Türkiye,Yerli,Türk Takımı Var,TV+ Yok,Sürekli,Turnuva,Takvim/Saat,Bilgi,Maç,Jenerik,Türkçe,Body,h2h_saat,Çekirdek
türkiye fransa maçı ne zaman,A Milli Futbol Takımı,Futbol,Milli,Milli,Global Elit,Erkek,Milli Takım,Takım Sporu,Türkiye,Yerli,Türk Takımı Var,TV+ Yok,Sürekli,Turnuva,Takvim/Saat,Bilgi,Maç,Jenerik,Türkçe,Long-tail,h2h_nezaman,Çekirdek
türkiye arjantin nerede izlenir,A Milli Futbol Takımı,Futbol,Milli,Milli,Global Elit,Erkek,Milli Takım,Takım Sporu,Türkiye,Yerli,Türk Takımı Var,TV+ Yok,Sürekli,Turnuva,Kanal/Yayın,İzleme,Maç,Jenerik,Türkçe,Body,nerede_izlenir,Çekirdek
türkiye arjantin canlı izle,A Milli Futbol Takımı,Futbol,Milli,Milli,Global Elit,Erkek,Milli Takım,Takım Sporu,Türkiye,Yerli,Türk Takımı Var,TV+ Yok,Sürekli,Turnuva,Canlı İzle,İzleme,Maç,Jenerik,Türkçe,Body,h2h_izle,Çekirdek
türkiye arjantin hangi kanalda,A Milli Futbol Takımı,Futbol,Milli,Milli,Global Elit,Erkek,Milli Takım,Takım Sporu,Türkiye,Yerli,Türk Takımı Var,TV+ Yok,Sürekli,Turnuva,Kanal/Yayın,İzleme,Maç,Jenerik,Türkçe,Body,h2h_kanal,Çekirdek
türkiye arjantin saat kaçta,A Milli Futbol Takımı,Futbol,Milli,Milli,Global Elit,Erkek,Milli Takım,Takım Sporu,Türkiye,Yerli,Türk Takımı Var,TV+ Yok,Sürekli,Turnuva,Takvim/Saat,Bilgi,Maç,Jenerik,Türkçe,Body,h2h_saat,Çekirdek
türkiye arjantin maçı ne zaman,A Milli Futbol Takımı,Futbol,Milli,Milli,Global Elit,Erkek,Milli Takım,Takım Sporu,Türkiye,Yerli,Türk Takımı Var,TV+ Yok,Sürekli,Turnuva,Takvim/Saat,Bilgi,Maç,Jenerik,Türkçe,Long-tail,h2h_nezaman,Çekirdek
türkiye almanya nerede izlenir,A Milli Futbol Takımı,Futbol,Milli,Milli,Global Elit,Erkek,Milli Takım,Takım Sporu,Türkiye,Yerli,Türk Takımı Var,TV+ Yok,Sürekli,Turnuva,Kanal/Yayın,İzleme,Maç,Jenerik,Türkçe,Body,nerede_izlenir,Çekirdek
türkiye almanya canlı izle,A Milli Futbol Takımı,Futbol,Milli,Milli,Global Elit,Erkek,Milli Takım,Takım Sporu,Türkiye,Yerli,Türk Takımı Var,TV+ Yok,Sürekli,Turnuva,Canlı İzle,İzleme,Maç,Jenerik,Türkçe,Body,h2h_izle,Çekirdek
türkiye almanya hangi kanalda,A Milli Futbol Takımı,Futbol,Milli,Milli,Global Elit,Erkek,Milli Takım,Takım Sporu,Türkiye,Yerli,Türk Takımı Var,TV+ Yok,Sürekli,Turnuva,Kanal/Yayın,İzleme,Maç,Jenerik,Türkçe,Body,h2h_kanal,Çekirdek
türkiye almanya saat kaçta,A Milli Futbol Takımı,Futbol,Milli,Milli,Global Elit,Erkek,Milli Takım,Takım Sporu,Türkiye,Yerli,Türk Takımı Var,TV+ Yok,Sürekli,Turnuva,Takvim/Saat,Bilgi,Maç,Jenerik,Türkçe,Body,h2h_saat,Çekirdek
türkiye almanya maçı ne zaman,A Milli Futbol Takımı,Futbol,Milli,Milli,Global Elit,Erkek,Milli Takım,Takım Sporu,Türkiye,Yerli,Türk Takımı Var,TV+ Yok,Sürekli,Turnuva,Takvim/Saat,Bilgi,Maç,Jenerik,Türkçe,Long-tail,h2h_nezaman,Çekirdek
türkiye ingiltere nerede izlenir,A Milli Futbol Takımı,Futbol,Milli,Milli,Global Elit,Erkek,Milli Takım,Takım Sporu,Türkiye,Yerli,Türk Takımı Var,TV+ Yok,Sürekli,Turnuva,Kanal/Yayın,İzleme,Maç,Jenerik,Türkçe,Body,nerede_izlenir,Çekirdek
türkiye ingiltere canlı izle,A Milli Futbol Takımı,Futbol,Milli,Milli,Global Elit,Erkek,Milli Takım,Takım Sporu,Türkiye,Yerli,Türk Takımı Var,TV+ Yok,Sürekli,Turnuva,Canlı İzle,İzleme,Maç,Jenerik,Türkçe,Body,h2h_izle,Çekirdek
türkiye ingiltere hangi kanalda,A Milli Futbol Takımı,Futbol,Milli,Milli,Global Elit,Erkek,Milli Takım,Takım Sporu,Türkiye,Yerli,Türk Takımı Var,TV+ Yok,Sürekli,Turnuva,Kanal/Yayın,İzleme,Maç,Jenerik,Türkçe,Body,h2h_kanal,Çekirdek
türkiye ingiltere saat kaçta,A Milli Futbol Takımı,Futbol,Milli,Milli,Global Elit,Erkek,Milli Takım,Takım Sporu,Türkiye,Yerli,Türk Takımı Var,TV+ Yok,Sürekli,Turnuva,Takvim/Saat,Bilgi,Maç,Jenerik,Türkçe,Body,h2h_saat,Çekirdek
türkiye ingiltere maçı ne zaman,A Milli Futbol Takımı,Futbol,Milli,Milli,Global Elit,Erkek,Milli Takım,Takım Sporu,Türkiye,Yerli,Türk Takımı Var,TV+ Yok,Sürekli,Turnuva,Takvim/Saat,Bilgi,Maç,Jenerik,Türkçe,Long-tail,h2h_nezaman,Çekirdek
türkiye italya nerede izlenir,A Milli Futbol Takımı,Futbol,Milli,Milli,Global Elit,Erkek,Milli Takım,Takım Sporu,Türkiye,Yerli,Türk Takımı Var,TV+ Yok,Sürekli,Turnuva,Kanal/Yayın,İzleme,Maç,Jenerik,Türkçe,Body,nerede_izlenir,Çekirdek
türkiye italya canlı izle,A Milli Futbol Takımı,Futbol,Milli,Milli,Global Elit,Erkek,Milli Takım,Takım Sporu,Türkiye,Yerli,Türk Takımı Var,TV+ Yok,Sürekli,Turnuva,Canlı İzle,İzleme,Maç,Jenerik,Türkçe,Body,h2h_izle,Çekirdek
türkiye italya hangi kanalda,A Milli Futbol Takımı,Futbol,Milli,Milli,Global Elit,Erkek,Milli Takım,Takım Sporu,Türkiye,Yerli,Türk Takımı Var,TV+ Yok,Sürekli,Turnuva,Kanal/Yayın,İzleme,Maç,Jenerik,Türkçe,Body,h2h_kanal,Çekirdek
türkiye italya saat kaçta,A Milli Futbol Takımı,Futbol,Milli,Milli,Global Elit,Erkek,Milli Takım,Takım Sporu,Türkiye,Yerli,Türk Takımı Var,TV+ Yok,Sürekli,Turnuva,Takvim/Saat,Bilgi,Maç,Jenerik,Türkçe,Body,h2h_saat,Çekirdek
türkiye italya maçı ne zaman,A Milli Futbol Takımı,Futbol,Milli,Milli,Global Elit,Erkek,Milli Takım,Takım Sporu,Türkiye,Yerli,Türk Takımı Var,TV+ Yok,Sürekli,Turnuva,Takvim/Saat,Bilgi,Maç,Jenerik,Türkçe,Long-tail,h2h_nezaman,Çekirdek
türkiye hollanda nerede izlenir,A Milli Futbol Takımı,Futbol,Milli,Milli,Global Elit,Erkek,Milli Takım,Takım Sporu,Türkiye,Yerli,Türk Takımı Var,TV+ Yok,Sürekli,Turnuva,Kanal/Yayın,İzleme,Maç,Jenerik,Türkçe,Body,nerede_izlenir,Çekirdek
türkiye hollanda canlı izle,A Milli Futbol Takımı,Futbol,Milli,Milli,Global Elit,Erkek,Milli Takım,Takım Sporu,Türkiye,Yerli,Türk Takımı Var,TV+ Yok,Sürekli,Turnuva,Canlı İzle,İzleme,Maç,Jenerik,Türkçe,Body,h2h_izle,Çekirdek
türkiye hollanda hangi kanalda,A Milli Futbol Takımı,Futbol,Milli,Milli,Global Elit,Erkek,Milli Takım,Takım Sporu,Türkiye,Yerli,Türk Takımı Var,TV+ Yok,Sürekli,Turnuva,Kanal/Yayın,İzleme,Maç,Jenerik,Türkçe,Body,h2h_kanal,Çekirdek
türkiye hollanda saat kaçta,A Milli Futbol Takımı,Futbol,Milli,Milli,Global Elit,Erkek,Milli Takım,Takım Sporu,Türkiye,Yerli,Türk Takımı Var,TV+ Yok,Sürekli,Turnuva,Takvim/Saat,Bilgi,Maç,Jenerik,Türkçe,Body,h2h_saat,Çekirdek
türkiye hollanda maçı ne zaman,A Milli Futbol Takımı,Futbol,Milli,Milli,Global Elit,Erkek,Milli Takım,Takım Sporu,Türkiye,Yerli,Türk Takımı Var,TV+ Yok,Sürekli,Turnuva,Takvim/Saat,Bilgi,Maç,Jenerik,Türkçe,Long-tail,h2h_nezaman,Çekirdek
türkiye gürcistan nerede izlenir,A Milli Futbol Takımı,Futbol,Milli,Milli,Global Elit,Erkek,Milli Takım,Takım Sporu,Türkiye,Yerli,Türk Takımı Var,TV+ Yok,Sürekli,Turnuva,Kanal/Yayın,İzleme,Maç,Jenerik,Türkçe,Body,nerede_izlenir,Çekirdek
türkiye gürcistan canlı izle,A Milli Futbol Takımı,Futbol,Milli,Milli,Global Elit,Erkek,Milli Takım,Takım Sporu,Türkiye,Yerli,Türk Takımı Var,TV+ Yok,Sürekli,Turnuva,Canlı İzle,İzleme,Maç,Jenerik,Türkçe,Body,h2h_izle,Çekirdek
türkiye gürcistan hangi kanalda,A Milli Futbol Takımı,Futbol,Milli,Milli,Global Elit,Erkek,Milli Takım,Takım Sporu,Türkiye,Yerli,Türk Takımı Var,TV+ Yok,Sürekli,Turnuva,Kanal/Yayın,İzleme,Maç,Jenerik,Türkçe,Body,h2h_kanal,Çekirdek
türkiye gürcistan saat kaçta,A Milli Futbol Takımı,Futbol,Milli,Milli,Global Elit,Erkek,Milli Takım,Takım Sporu,Türkiye,Yerli,Türk Takımı Var,TV+ Yok,Sürekli,Turnuva,Takvim/Saat,Bilgi,Maç,Jenerik,Türkçe,Body,h2h_saat,Çekirdek
türkiye gürcistan maçı ne zaman,A Milli Futbol Takımı,Futbol,Milli,Milli,Global Elit,Erkek,Milli Takım,Takım Sporu,Türkiye,Yerli,Türk Takımı Var,TV+ Yok,Sürekli,Turnuva,Takvim/Saat,Bilgi,Maç,Jenerik,Türkçe,Long-tail,h2h_nezaman,Çekirdek
türkiye bulgaristan nerede izlenir,A Milli Futbol Takımı,Futbol,Milli,Milli,Global Elit,Erkek,Milli Takım,Takım Sporu,Türkiye,Yerli,Türk Takımı Var,TV+ Yok,Sürekli,Turnuva,Kanal/Yayın,İzleme,Maç,Jenerik,Türkçe,Body,nerede_izlenir,Çekirdek
türkiye bulgaristan canlı izle,A Milli Futbol Takımı,Futbol,Milli,Milli,Global Elit,Erkek,Milli Takım,Takım Sporu,Türkiye,Yerli,Türk Takımı Var,TV+ Yok,Sürekli,Turnuva,Canlı İzle,İzleme,Maç,Jenerik,Türkçe,Body,h2h_izle,Çekirdek
türkiye bulgaristan hangi kanalda,A Milli Futbol Takımı,Futbol,Milli,Milli,Global Elit,Erkek,Milli Takım,Takım Sporu,Türkiye,Yerli,Türk Takımı Var,TV+ Yok,Sürekli,Turnuva,Kanal/Yayın,İzleme,Maç,Jenerik,Türkçe,Body,h2h_kanal,Çekirdek
türkiye bulgaristan saat kaçta,A Milli Futbol Takımı,Futbol,Milli,Milli,Global Elit,Erkek,Milli Takım,Takım Sporu,Türkiye,Yerli,Türk Takımı Var,TV+ Yok,Sürekli,Turnuva,Takvim/Saat,Bilgi,Maç,Jenerik,Türkçe,Body,h2h_saat,Çekirdek
türkiye bulgaristan maçı ne zaman,A Milli Futbol Takımı,Futbol,Milli,Milli,Global Elit,Erkek,Milli Takım,Takım Sporu,Türkiye,Yerli,Türk Takımı Var,TV+ Yok,Sürekli,Turnuva,Takvim/Saat,Bilgi,Maç,Jenerik,Türkçe,Long-tail,h2h_nezaman,Çekirdek
türkiye macaristan nerede izlenir,A Milli Futbol Takımı,Futbol,Milli,Milli,Global Elit,Erkek,Milli Takım,Takım Sporu,Türkiye,Yerli,Türk Takımı Var,TV+ Yok,Sürekli,Turnuva,Kanal/Yayın,İzleme,Maç,Jenerik,Türkçe,Body,nerede_izlenir,Çekirdek
türkiye macaristan canlı izle,A Milli Futbol Takımı,Futbol,Milli,Milli,Global Elit,Erkek,Milli Takım,Takım Sporu,Türkiye,Yerli,Türk Takımı Var,TV+ Yok,Sürekli,Turnuva,Canlı İzle,İzleme,Maç,Jenerik,Türkçe,Body,h2h_izle,Çekirdek
türkiye macaristan hangi kanalda,A Milli Futbol Takımı,Futbol,Milli,Milli,Global Elit,Erkek,Milli Takım,Takım Sporu,Türkiye,Yerli,Türk Takımı Var,TV+ Yok,Sürekli,Turnuva,Kanal/Yayın,İzleme,Maç,Jenerik,Türkçe,Body,h2h_kanal,Çekirdek
türkiye macaristan saat kaçta,A Milli Futbol Takımı,Futbol,Milli,Milli,Global Elit,Erkek,Milli Takım,Takım Sporu,Türkiye,Yerli,Türk Takımı Var,TV+ Yok,Sürekli,Turnuva,Takvim/Saat,Bilgi,Maç,Jenerik,Türkçe,Body,h2h_saat,Çekirdek
türkiye macaristan maçı ne zaman,A Milli Futbol Takımı,Futbol,Milli,Milli,Global Elit,Erkek,Milli Takım,Takım Sporu,Türkiye,Yerli,Türk Takımı Var,TV+ Yok,Sürekli,Turnuva,Takvim/Saat,Bilgi,Maç,Jenerik,Türkçe,Long-tail,h2h_nezaman,Çekirdek
türkiye romanya nerede izlenir,A Milli Futbol Takımı,Futbol,Milli,Milli,Global Elit,Erkek,Milli Takım,Takım Sporu,Türkiye,Yerli,Türk Takımı Var,TV+ Yok,Sürekli,Turnuva,Kanal/Yayın,İzleme,Maç,Jenerik,Türkçe,Body,nerede_izlenir,Çekirdek
türkiye romanya canlı izle,A Milli Futbol Takımı,Futbol,Milli,Milli,Global Elit,Erkek,Milli Takım,Takım Sporu,Türkiye,Yerli,Türk Takımı Var,TV+ Yok,Sürekli,Turnuva,Canlı İzle,İzleme,Maç,Jenerik,Türkçe,Body,h2h_izle,Çekirdek
türkiye romanya hangi kanalda,A Milli Futbol Takımı,Futbol,Milli,Milli,Global Elit,Erkek,Milli Takım,Takım Sporu,Türkiye,Yerli,Türk Takımı Var,TV+ Yok,Sürekli,Turnuva,Kanal/Yayın,İzleme,Maç,Jenerik,Türkçe,Body,h2h_kanal,Çekirdek
türkiye romanya saat kaçta,A Milli Futbol Takımı,Futbol,Milli,Milli,Global Elit,Erkek,Milli Takım,Takım Sporu,Türkiye,Yerli,Türk Takımı Var,TV+ Yok,Sürekli,Turnuva,Takvim/Saat,Bilgi,Maç,Jenerik,Türkçe,Body,h2h_saat,Çekirdek
türkiye romanya maçı ne zaman,A Milli Futbol Takımı,Futbol,Milli,Milli,Global Elit,Erkek,Milli Takım,Takım Sporu,Türkiye,Yerli,Türk Takımı Var,TV+ Yok,Sürekli,Turnuva,Takvim/Saat,Bilgi,Maç,Jenerik,Türkçe,Long-tail,h2h_nezaman,Çekirdek
galatasaray maçı nerede izlenir,Süper Lig,Futbol,Lig,1. Seviye,Global Elit,Erkek,Kulüp,Takım Sporu,Türkiye,Yerli,Türk Takımı Var,TV+ Yok,Yıllık,Sürekli Lig,Kanal/Yayın,İzleme,Takım,Jenerik,Türkçe,Body,tk_nerede,Çekirdek
galatasaray maçı hangi kanalda,Süper Lig,Futbol,Lig,1. Seviye,Global Elit,Erkek,Kulüp,Takım Sporu,Türkiye,Yerli,Türk Takımı Var,TV+ Yok,Yıllık,Sürekli Lig,Kanal/Yayın,İzleme,Takım,Jenerik,Türkçe,Body,tk_kanal,Çekirdek
galatasaray maçı saat kaçta,Süper Lig,Futbol,Lig,1. Seviye,Global Elit,Erkek,Kulüp,Takım Sporu,Türkiye,Yerli,Türk Takımı Var,TV+ Yok,Yıllık,Sürekli Lig,Takvim/Saat,Bilgi,Takım,Jenerik,Türkçe,Body,tk_saat,Çekirdek
galatasaray maçı ne zaman,Süper Lig,Futbol,Lig,1. Seviye,Global Elit,Erkek,Kulüp,Takım Sporu,Türkiye,Yerli,Türk Takımı Var,TV+ Yok,Yıllık,Sürekli Lig,Takvim/Saat,Bilgi,Takım,Jenerik,Türkçe,Body,tk_nezaman,Çekirdek
galatasaray canlı izle,Süper Lig,Futbol,Lig,1. Seviye,Global Elit,Erkek,Kulüp,Takım Sporu,Türkiye,Yerli,Türk Takımı Var,TV+ Yok,Yıllık,Sürekli Lig,Canlı İzle,İzleme,Takım,Jenerik,Türkçe,Body,tk_izle,Çekirdek
galatasaray maçı canlı izle,Süper Lig,Futbol,Lig,1. Seviye,Global Elit,Erkek,Kulüp,Takım Sporu,Türkiye,Yerli,Türk Takımı Var,TV+ Yok,Yıllık,Sürekli Lig,Canlı İzle,İzleme,Takım,Jenerik,Türkçe,Body,tk_macizle,Çekirdek
fenerbahçe maçı nerede izlenir,Süper Lig,Futbol,Lig,1. Seviye,Global Elit,Erkek,Kulüp,Takım Sporu,Türkiye,Yerli,Türk Takımı Var,TV+ Yok,Yıllık,Sürekli Lig,Kanal/Yayın,İzleme,Takım,Jenerik,Türkçe,Body,tk_nerede,Çekirdek
fenerbahçe maçı hangi kanalda,Süper Lig,Futbol,Lig,1. Seviye,Global Elit,Erkek,Kulüp,Takım Sporu,Türkiye,Yerli,Türk Takımı Var,TV+ Yok,Yıllık,Sürekli Lig,Kanal/Yayın,İzleme,Takım,Jenerik,Türkçe,Body,tk_kanal,Çekirdek
fenerbahçe maçı saat kaçta,Süper Lig,Futbol,Lig,1. Seviye,Global Elit,Erkek,Kulüp,Takım Sporu,Türkiye,Yerli,Türk Takımı Var,TV+ Yok,Yıllık,Sürekli Lig,Takvim/Saat,Bilgi,Takım,Jenerik,Türkçe,Body,tk_saat,Çekirdek
fenerbahçe maçı ne zaman,Süper Lig,Futbol,Lig,1. Seviye,Global Elit,Erkek,Kulüp,Takım Sporu,Türkiye,Yerli,Türk Takımı Var,TV+ Yok,Yıllık,Sürekli Lig,Takvim/Saat,Bilgi,Takım,Jenerik,Türkçe,Body,tk_nezaman,Çekirdek
fenerbahçe canlı izle,Süper Lig,Futbol,Lig,1. Seviye,Global Elit,Erkek,Kulüp,Takım Sporu,Türkiye,Yerli,Türk Takımı Var,TV+ Yok,Yıllık,Sürekli Lig,Canlı İzle,İzleme,Takım,Jenerik,Türkçe,Body,tk_izle,Çekirdek
fenerbahçe maçı canlı izle,Süper Lig,Futbol,Lig,1. Seviye,Global Elit,Erkek,Kulüp,Takım Sporu,Türkiye,Yerli,Türk Takımı Var,TV+ Yok,Yıllık,Sürekli Lig,Canlı İzle,İzleme,Takım,Jenerik,Türkçe,Body,tk_macizle,Çekirdek
beşiktaş maçı nerede izlenir,Süper Lig,Futbol,Lig,1. Seviye,Global Elit,Erkek,Kulüp,Takım Sporu,Türkiye,Yerli,Türk Takımı Var,TV+ Yok,Yıllık,Sürekli Lig,Kanal/Yayın,İzleme,Takım,Jenerik,Türkçe,Body,tk_nerede,Çekirdek
beşiktaş maçı hangi kanalda,Süper Lig,Futbol,Lig,1. Seviye,Global Elit,Erkek,Kulüp,Takım Sporu,Türkiye,Yerli,Türk Takımı Var,TV+ Yok,Yıllık,Sürekli Lig,Kanal/Yayın,İzleme,Takım,Jenerik,Türkçe,Body,tk_kanal,Çekirdek
beşiktaş maçı saat kaçta,Süper Lig,Futbol,Lig,1. Seviye,Global Elit,Erkek,Kulüp,Takım Sporu,Türkiye,Yerli,Türk Takımı Var,TV+ Yok,Yıllık,Sürekli Lig,Takvim/Saat,Bilgi,Takım,Jenerik,Türkçe,Body,tk_saat,Çekirdek
beşiktaş maçı ne zaman,Süper Lig,Futbol,Lig,1. Seviye,Global Elit,Erkek,Kulüp,Takım Sporu,Türkiye,Yerli,Türk Takımı Var,TV+ Yok,Yıllık,Sürekli Lig,Takvim/Saat,Bilgi,Takım,Jenerik,Türkçe,Body,tk_nezaman,Çekirdek
beşiktaş canlı izle,Süper Lig,Futbol,Lig,1. Seviye,Global Elit,Erkek,Kulüp,Takım Sporu,Türkiye,Yerli,Türk Takımı Var,TV+ Yok,Yıllık,Sürekli Lig,Canlı İzle,İzleme,Takım,Jenerik,Türkçe,Body,tk_izle,Çekirdek
beşiktaş maçı canlı izle,Süper Lig,Futbol,Lig,1. Seviye,Global Elit,Erkek,Kulüp,Takım Sporu,Türkiye,Yerli,Türk Takımı Var,TV+ Yok,Yıllık,Sürekli Lig,Canlı İzle,İzleme,Takım,Jenerik,Türkçe,Body,tk_macizle,Çekirdek
trabzonspor maçı nerede izlenir,Süper Lig,Futbol,Lig,1. Seviye,Global Elit,Erkek,Kulüp,Takım Sporu,Türkiye,Yerli,Türk Takımı Var,TV+ Yok,Yıllık,Sürekli Lig,Kanal/Yayın,İzleme,Takım,Jenerik,Türkçe,Body,tk_nerede,Çekirdek
trabzonspor maçı hangi kanalda,Süper Lig,Futbol,Lig,1. Seviye,Global Elit,Erkek,Kulüp,Takım Sporu,Türkiye,Yerli,Türk Takımı Var,TV+ Yok,Yıllık,Sürekli Lig,Kanal/Yayın,İzleme,Takım,Jenerik,Türkçe,Body,tk_kanal,Çekirdek
trabzonspor maçı saat kaçta,Süper Lig,Futbol,Lig,1. Seviye,Global Elit,Erkek,Kulüp,Takım Sporu,Türkiye,Yerli,Türk Takımı Var,TV+ Yok,Yıllık,Sürekli Lig,Takvim/Saat,Bilgi,Takım,Jenerik,Türkçe,Body,tk_saat,Çekirdek
trabzonspor maçı ne zaman,Süper Lig,Futbol,Lig,1. Seviye,Global Elit,Erkek,Kulüp,Takım Sporu,Türkiye,Yerli,Türk Takımı Var,TV+ Yok,Yıllık,Sürekli Lig,Takvim/Saat,Bilgi,Takım,Jenerik,Türkçe,Body,tk_nezaman,Çekirdek
trabzonspor canlı izle,Süper Lig,Futbol,Lig,1. Seviye,Global Elit,Erkek,Kulüp,Takım Sporu,Türkiye,Yerli,Türk Takımı Var,TV+ Yok,Yıllık,Sürekli Lig,Canlı İzle,İzleme,Takım,Jenerik,Türkçe,Body,tk_izle,Çekirdek
trabzonspor maçı canlı izle,Süper Lig,Futbol,Lig,1. Seviye,Global Elit,Erkek,Kulüp,Takım Sporu,Türkiye,Yerli,Türk Takımı Var,TV+ Yok,Yıllık,Sürekli Lig,Canlı İzle,İzleme,Takım,Jenerik,Türkçe,Body,tk_macizle,Çekirdek
samsunspor maçı nerede izlenir,Süper Lig,Futbol,Lig,1. Seviye,Global Elit,Erkek,Kulüp,Takım Sporu,Türkiye,Yerli,Türk Takımı Var,TV+ Yok,Yıllık,Sürekli Lig,Kanal/Yayın,İzleme,Takım,Jenerik,Türkçe,Body,tk_nerede,Çekirdek
samsunspor maçı hangi kanalda,Süper Lig,Futbol,Lig,1. Seviye,Global Elit,Erkek,Kulüp,Takım Sporu,Türkiye,Yerli,Türk Takımı Var,TV+ Yok,Yıllık,Sürekli Lig,Kanal/Yayın,İzleme,Takım,Jenerik,Türkçe,Body,tk_kanal,Çekirdek
samsunspor maçı saat kaçta,Süper Lig,Futbol,Lig,1. Seviye,Global Elit,Erkek,Kulüp,Takım Sporu,Türkiye,Yerli,Türk Takımı Var,TV+ Yok,Yıllık,Sürekli Lig,Takvim/Saat,Bilgi,Takım,Jenerik,Türkçe,Body,tk_saat,Çekirdek
samsunspor maçı ne zaman,Süper Lig,Futbol,Lig,1. Seviye,Global Elit,Erkek,Kulüp,Takım Sporu,Türkiye,Yerli,Türk Takımı Var,TV+ Yok,Yıllık,Sürekli Lig,Takvim/Saat,Bilgi,Takım,Jenerik,Türkçe,Body,tk_nezaman,Çekirdek
samsunspor canlı izle,Süper Lig,Futbol,Lig,1. Seviye,Global Elit,Erkek,Kulüp,Takım Sporu,Türkiye,Yerli,Türk Takımı Var,TV+ Yok,Yıllık,Sürekli Lig,Canlı İzle,İzleme,Takım,Jenerik,Türkçe,Body,tk_izle,Çekirdek
samsunspor maçı canlı izle,Süper Lig,Futbol,Lig,1. Seviye,Global Elit,Erkek,Kulüp,Takım Sporu,Türkiye,Yerli,Türk Takımı Var,TV+ Yok,Yıllık,Sürekli Lig,Canlı İzle,İzleme,Takım,Jenerik,Türkçe,Body,tk_macizle,Çekirdek
başakşehir maçı nerede izlenir,Süper Lig,Futbol,Lig,1. Seviye,Global Elit,Erkek,Kulüp,Takım Sporu,Türkiye,Yerli,Türk Takımı Var,TV+ Yok,Yıllık,Sürekli Lig,Kanal/Yayın,İzleme,Takım,Jenerik,Türkçe,Body,tk_nerede,Çekirdek
başakşehir maçı hangi kanalda,Süper Lig,Futbol,Lig,1. Seviye,Global Elit,Erkek,Kulüp,Takım Sporu,Türkiye,Yerli,Türk Takımı Var,TV+ Yok,Yıllık,Sürekli Lig,Kanal/Yayın,İzleme,Takım,Jenerik,Türkçe,Body,tk_kanal,Çekirdek
başakşehir maçı saat kaçta,Süper Lig,Futbol,Lig,1. Seviye,Global Elit,Erkek,Kulüp,Takım Sporu,Türkiye,Yerli,Türk Takımı Var,TV+ Yok,Yıllık,Sürekli Lig,Takvim/Saat,Bilgi,Takım,Jenerik,Türkçe,Body,tk_saat,Çekirdek
başakşehir maçı ne zaman,Süper Lig,Futbol,Lig,1. Seviye,Global Elit,Erkek,Kulüp,Takım Sporu,Türkiye,Yerli,Türk Takımı Var,TV+ Yok,Yıllık,Sürekli Lig,Takvim/Saat,Bilgi,Takım,Jenerik,Türkçe,Body,tk_nezaman,Çekirdek
başakşehir canlı izle,Süper Lig,Futbol,Lig,1. Seviye,Global Elit,Erkek,Kulüp,Takım Sporu,Türkiye,Yerli,Türk Takımı Var,TV+ Yok,Yıllık,Sürekli Lig,Canlı İzle,İzleme,Takım,Jenerik,Türkçe,Body,tk_izle,Çekirdek
başakşehir maçı canlı izle,Süper Lig,Futbol,Lig,1. Seviye,Global Elit,Erkek,Kulüp,Takım Sporu,Türkiye,Yerli,Türk Takımı Var,TV+ Yok,Yıllık,Sürekli Lig,Canlı İzle,İzleme,Takım,Jenerik,Türkçe,Body,tk_macizle,Çekirdek
real madrid maçı nerede izlenir,Süper Lig,Futbol,Lig,1. Seviye,Global Elit,Erkek,Kulüp,Takım Sporu,Türkiye,Yerli,Türk Takımı Var,TV+ Yok,Yıllık,Sürekli Lig,Kanal/Yayın,İzleme,Takım,Jenerik,Türkçe,Long-tail,tk_nerede,Çekirdek
real madrid maçı hangi kanalda,Süper Lig,Futbol,Lig,1. Seviye,Global Elit,Erkek,Kulüp,Takım Sporu,Türkiye,Yerli,Türk Takımı Var,TV+ Yok,Yıllık,Sürekli Lig,Kanal/Yayın,İzleme,Takım,Jenerik,Türkçe,Long-tail,tk_kanal,Çekirdek
real madrid maçı saat kaçta,Süper Lig,Futbol,Lig,1. Seviye,Global Elit,Erkek,Kulüp,Takım Sporu,Türkiye,Yerli,Türk Takımı Var,TV+ Yok,Yıllık,Sürekli Lig,Takvim/Saat,Bilgi,Takım,Jenerik,Türkçe,Long-tail,tk_saat,Çekirdek
real madrid maçı ne zaman,Süper Lig,Futbol,Lig,1. Seviye,Global Elit,Erkek,Kulüp,Takım Sporu,Türkiye,Yerli,Türk Takımı Var,TV+ Yok,Yıllık,Sürekli Lig,Takvim/Saat,Bilgi,Takım,Jenerik,Türkçe,Long-tail,tk_nezaman,Çekirdek
real madrid canlı izle,Süper Lig,Futbol,Lig,1. Seviye,Global Elit,Erkek,Kulüp,Takım Sporu,Türkiye,Yerli,Türk Takımı Var,TV+ Yok,Yıllık,Sürekli Lig,Canlı İzle,İzleme,Takım,Jenerik,Türkçe,Body,tk_izle,Çekirdek
real madrid maçı canlı izle,Süper Lig,Futbol,Lig,1. Seviye,Global Elit,Erkek,Kulüp,Takım Sporu,Türkiye,Yerli,Türk Takımı Var,TV+ Yok,Yıllık,Sürekli Lig,Canlı İzle,İzleme,Takım,Jenerik,Türkçe,Long-tail,tk_macizle,Çekirdek
barcelona maçı nerede izlenir,Süper Lig,Futbol,Lig,1. Seviye,Global Elit,Erkek,Kulüp,Takım Sporu,Türkiye,Yerli,Türk Takımı Var,TV+ Yok,Yıllık,Sürekli Lig,Kanal/Yayın,İzleme,Takım,Jenerik,Türkçe,Body,tk_nerede,Çekirdek
barcelona maçı hangi kanalda,Süper Lig,Futbol,Lig,1. Seviye,Global Elit,Erkek,Kulüp,Takım Sporu,Türkiye,Yerli,Türk Takımı Var,TV+ Yok,Yıllık,Sürekli Lig,Kanal/Yayın,İzleme,Takım,Jenerik,Türkçe,Body,tk_kanal,Çekirdek
barcelona maçı saat kaçta,Süper Lig,Futbol,Lig,1. Seviye,Global Elit,Erkek,Kulüp,Takım Sporu,Türkiye,Yerli,Türk Takımı Var,TV+ Yok,Yıllık,Sürekli Lig,Takvim/Saat,Bilgi,Takım,Jenerik,Türkçe,Body,tk_saat,Çekirdek
barcelona maçı ne zaman,Süper Lig,Futbol,Lig,1. Seviye,Global Elit,Erkek,Kulüp,Takım Sporu,Türkiye,Yerli,Türk Takımı Var,TV+ Yok,Yıllık,Sürekli Lig,Takvim/Saat,Bilgi,Takım,Jenerik,Türkçe,Body,tk_nezaman,Çekirdek
barcelona canlı izle,Süper Lig,Futbol,Lig,1. Seviye,Global Elit,Erkek,Kulüp,Takım Sporu,Türkiye,Yerli,Türk Takımı Var,TV+ Yok,Yıllık,Sürekli Lig,Canlı İzle,İzleme,Takım,Jenerik,Türkçe,Body,tk_izle,Çekirdek
barcelona maçı canlı izle,Süper Lig,Futbol,Lig,1. Seviye,Global Elit,Erkek,Kulüp,Takım Sporu,Türkiye,Yerli,Türk Takımı Var,TV+ Yok,Yıllık,Sürekli Lig,Canlı İzle,İzleme,Takım,Jenerik,Türkçe,Body,tk_macizle,Çekirdek
juventus maçı nerede izlenir,Süper Lig,Futbol,Lig,1. Seviye,Global Elit,Erkek,Kulüp,Takım Sporu,Türkiye,Yerli,Türk Takımı Var,TV+ Yok,Yıllık,Sürekli Lig,Kanal/Yayın,İzleme,Takım,Jenerik,Türkçe,Body,tk_nerede,Çekirdek
juventus maçı hangi kanalda,Süper Lig,Futbol,Lig,1. Seviye,Global Elit,Erkek,Kulüp,Takım Sporu,Türkiye,Yerli,Türk Takımı Var,TV+ Yok,Yıllık,Sürekli Lig,Kanal/Yayın,İzleme,Takım,Jenerik,Türkçe,Body,tk_kanal,Çekirdek
juventus maçı saat kaçta,Süper Lig,Futbol,Lig,1. Seviye,Global Elit,Erkek,Kulüp,Takım Sporu,Türkiye,Yerli,Türk Takımı Var,TV+ Yok,Yıllık,Sürekli Lig,Takvim/Saat,Bilgi,Takım,Jenerik,Türkçe,Body,tk_saat,Çekirdek
juventus maçı ne zaman,Süper Lig,Futbol,Lig,1. Seviye,Global Elit,Erkek,Kulüp,Takım Sporu,Türkiye,Yerli,Türk Takımı Var,TV+ Yok,Yıllık,Sürekli Lig,Takvim/Saat,Bilgi,Takım,Jenerik,Türkçe,Body,tk_nezaman,Çekirdek
juventus canlı izle,Süper Lig,Futbol,Lig,1. Seviye,Global Elit,Erkek,Kulüp,Takım Sporu,Türkiye,Yerli,Türk Takımı Var,TV+ Yok,Yıllık,Sürekli Lig,Canlı İzle,İzleme,Takım,Jenerik,Türkçe,Body,tk_izle,Çekirdek
juventus maçı canlı izle,Süper Lig,Futbol,Lig,1. Seviye,Global Elit,Erkek,Kulüp,Takım Sporu,Türkiye,Yerli,Türk Takımı Var,TV+ Yok,Yıllık,Sürekli Lig,Canlı İzle,İzleme,Takım,Jenerik,Türkçe,Body,tk_macizle,Çekirdek
milan maçı nerede izlenir,Süper Lig,Futbol,Lig,1. Seviye,Global Elit,Erkek,Kulüp,Takım Sporu,Türkiye,Yerli,Türk Takımı Var,TV+ Yok,Yıllık,Sürekli Lig,Kanal/Yayın,İzleme,Takım,Jenerik,Türkçe,Body,tk_nerede,Çekirdek
milan maçı hangi kanalda,Süper Lig,Futbol,Lig,1. Seviye,Global Elit,Erkek,Kulüp,Takım Sporu,Türkiye,Yerli,Türk Takımı Var,TV+ Yok,Yıllık,Sürekli Lig,Kanal/Yayın,İzleme,Takım,Jenerik,Türkçe,Body,tk_kanal,Çekirdek
milan maçı saat kaçta,Süper Lig,Futbol,Lig,1. Seviye,Global Elit,Erkek,Kulüp,Takım Sporu,Türkiye,Yerli,Türk Takımı Var,TV+ Yok,Yıllık,Sürekli Lig,Takvim/Saat,Bilgi,Takım,Jenerik,Türkçe,Body,tk_saat,Çekirdek
milan maçı ne zaman,Süper Lig,Futbol,Lig,1. Seviye,Global Elit,Erkek,Kulüp,Takım Sporu,Türkiye,Yerli,Türk Takımı Var,TV+ Yok,Yıllık,Sürekli Lig,Takvim/Saat,Bilgi,Takım,Jenerik,Türkçe,Body,tk_nezaman,Çekirdek
milan canlı izle,Süper Lig,Futbol,Lig,1. Seviye,Global Elit,Erkek,Kulüp,Takım Sporu,Türkiye,Yerli,Türk Takımı Var,TV+ Yok,Yıllık,Sürekli Lig,Canlı İzle,İzleme,Takım,Jenerik,Türkçe,Body,tk_izle,Çekirdek
milan maçı canlı izle,Süper Lig,Futbol,Lig,1. Seviye,Global Elit,Erkek,Kulüp,Takım Sporu,Türkiye,Yerli,Türk Takımı Var,TV+ Yok,Yıllık,Sürekli Lig,Canlı İzle,İzleme,Takım,Jenerik,Türkçe,Body,tk_macizle,Çekirdek
inter maçı nerede izlenir,Süper Lig,Futbol,Lig,1. Seviye,Global Elit,Erkek,Kulüp,Takım Sporu,Türkiye,Yerli,Türk Takımı Var,TV+ Yok,Yıllık,Sürekli Lig,Kanal/Yayın,İzleme,Takım,Jenerik,Türkçe,Body,tk_nerede,Çekirdek
inter maçı hangi kanalda,Süper Lig,Futbol,Lig,1. Seviye,Global Elit,Erkek,Kulüp,Takım Sporu,Türkiye,Yerli,Türk Takımı Var,TV+ Yok,Yıllık,Sürekli Lig,Kanal/Yayın,İzleme,Takım,Jenerik,Türkçe,Body,tk_kanal,Çekirdek
inter maçı saat kaçta,Süper Lig,Futbol,Lig,1. Seviye,Global Elit,Erkek,Kulüp,Takım Sporu,Türkiye,Yerli,Türk Takımı Var,TV+ Yok,Yıllık,Sürekli Lig,Takvim/Saat,Bilgi,Takım,Jenerik,Türkçe,Body,tk_saat,Çekirdek
inter maçı ne zaman,Süper Lig,Futbol,Lig,1. Seviye,Global Elit,Erkek,Kulüp,Takım Sporu,Türkiye,Yerli,Türk Takımı Var,TV+ Yok,Yıllık,Sürekli Lig,Takvim/Saat,Bilgi,Takım,Jenerik,Türkçe,Body,tk_nezaman,Çekirdek
inter canlı izle,Süper Lig,Futbol,Lig,1. Seviye,Global Elit,Erkek,Kulüp,Takım Sporu,Türkiye,Yerli,Türk Takımı Var,TV+ Yok,Yıllık,Sürekli Lig,Canlı İzle,İzleme,Takım,Jenerik,Türkçe,Body,tk_izle,Çekirdek
inter maçı canlı izle,Süper Lig,Futbol,Lig,1. Seviye,Global Elit,Erkek,Kulüp,Takım Sporu,Türkiye,Yerli,Türk Takımı Var,TV+ Yok,Yıllık,Sürekli Lig,Canlı İzle,İzleme,Takım,Jenerik,Türkçe,Body,tk_macizle,Çekirdek
arsenal maçı nerede izlenir,Süper Lig,Futbol,Lig,1. Seviye,Global Elit,Erkek,Kulüp,Takım Sporu,Türkiye,Yerli,Türk Takımı Var,TV+ Yok,Yıllık,Sürekli Lig,Kanal/Yayın,İzleme,Takım,Jenerik,Türkçe,Body,tk_nerede,Çekirdek
arsenal maçı hangi kanalda,Süper Lig,Futbol,Lig,1. Seviye,Global Elit,Erkek,Kulüp,Takım Sporu,Türkiye,Yerli,Türk Takımı Var,TV+ Yok,Yıllık,Sürekli Lig,Kanal/Yayın,İzleme,Takım,Jenerik,Türkçe,Body,tk_kanal,Çekirdek
arsenal maçı saat kaçta,Süper Lig,Futbol,Lig,1. Seviye,Global Elit,Erkek,Kulüp,Takım Sporu,Türkiye,Yerli,Türk Takımı Var,TV+ Yok,Yıllık,Sürekli Lig,Takvim/Saat,Bilgi,Takım,Jenerik,Türkçe,Body,tk_saat,Çekirdek
arsenal maçı ne zaman,Süper Lig,Futbol,Lig,1. Seviye,Global Elit,Erkek,Kulüp,Takım Sporu,Türkiye,Yerli,Türk Takımı Var,TV+ Yok,Yıllık,Sürekli Lig,Takvim/Saat,Bilgi,Takım,Jenerik,Türkçe,Body,tk_nezaman,Çekirdek
arsenal canlı izle,Süper Lig,Futbol,Lig,1. Seviye,Global Elit,Erkek,Kulüp,Takım Sporu,Türkiye,Yerli,Türk Takımı Var,TV+ Yok,Yıllık,Sürekli Lig,Canlı İzle,İzleme,Takım,Jenerik,Türkçe,Body,tk_izle,Çekirdek
arsenal maçı canlı izle,Süper Lig,Futbol,Lig,1. Seviye,Global Elit,Erkek,Kulüp,Takım Sporu,Türkiye,Yerli,Türk Takımı Var,TV+ Yok,Yıllık,Sürekli Lig,Canlı İzle,İzleme,Takım,Jenerik,Türkçe,Body,tk_macizle,Çekirdek
manchester united maçı nerede izlenir,Süper Lig,Futbol,Lig,1. Seviye,Global Elit,Erkek,Kulüp,Takım Sporu,Türkiye,Yerli,Türk Takımı Var,TV+ Yok,Yıllık,Sürekli Lig,Kanal/Yayın,İzleme,Takım,Jenerik,Türkçe,Long-tail,tk_nerede,Çekirdek
manchester united maçı hangi kanalda,Süper Lig,Futbol,Lig,1. Seviye,Global Elit,Erkek,Kulüp,Takım Sporu,Türkiye,Yerli,Türk Takımı Var,TV+ Yok,Yıllık,Sürekli Lig,Kanal/Yayın,İzleme,Takım,Jenerik,Türkçe,Long-tail,tk_kanal,Çekirdek
manchester united maçı saat kaçta,Süper Lig,Futbol,Lig,1. Seviye,Global Elit,Erkek,Kulüp,Takım Sporu,Türkiye,Yerli,Türk Takımı Var,TV+ Yok,Yıllık,Sürekli Lig,Takvim/Saat,Bilgi,Takım,Jenerik,Türkçe,Long-tail,tk_saat,Çekirdek
manchester united maçı ne zaman,Süper Lig,Futbol,Lig,1. Seviye,Global Elit,Erkek,Kulüp,Takım Sporu,Türkiye,Yerli,Türk Takımı Var,TV+ Yok,Yıllık,Sürekli Lig,Takvim/Saat,Bilgi,Takım,Jenerik,Türkçe,Long-tail,tk_nezaman,Çekirdek
manchester united canlı izle,Süper Lig,Futbol,Lig,1. Seviye,Global Elit,Erkek,Kulüp,Takım Sporu,Türkiye,Yerli,Türk Takımı Var,TV+ Yok,Yıllık,Sürekli Lig,Canlı İzle,İzleme,Takım,Jenerik,Türkçe,Body,tk_izle,Çekirdek
manchester united maçı canlı izle,Süper Lig,Futbol,Lig,1. Seviye,Global Elit,Erkek,Kulüp,Takım Sporu,Türkiye,Yerli,Türk Takımı Var,TV+ Yok,Yıllık,Sürekli Lig,Canlı İzle,İzleme,Takım,Jenerik,Türkçe,Long-tail,tk_macizle,Çekirdek
liverpool maçı nerede izlenir,Süper Lig,Futbol,Lig,1. Seviye,Global Elit,Erkek,Kulüp,Takım Sporu,Türkiye,Yerli,Türk Takımı Var,TV+ Yok,Yıllık,Sürekli Lig,Kanal/Yayın,İzleme,Takım,Jenerik,Türkçe,Body,tk_nerede,Çekirdek
liverpool maçı hangi kanalda,Süper Lig,Futbol,Lig,1. Seviye,Global Elit,Erkek,Kulüp,Takım Sporu,Türkiye,Yerli,Türk Takımı Var,TV+ Yok,Yıllık,Sürekli Lig,Kanal/Yayın,İzleme,Takım,Jenerik,Türkçe,Body,tk_kanal,Çekirdek
liverpool maçı saat kaçta,Süper Lig,Futbol,Lig,1. Seviye,Global Elit,Erkek,Kulüp,Takım Sporu,Türkiye,Yerli,Türk Takımı Var,TV+ Yok,Yıllık,Sürekli Lig,Takvim/Saat,Bilgi,Takım,Jenerik,Türkçe,Body,tk_saat,Çekirdek
liverpool maçı ne zaman,Süper Lig,Futbol,Lig,1. Seviye,Global Elit,Erkek,Kulüp,Takım Sporu,Türkiye,Yerli,Türk Takımı Var,TV+ Yok,Yıllık,Sürekli Lig,Takvim/Saat,Bilgi,Takım,Jenerik,Türkçe,Body,tk_nezaman,Çekirdek
liverpool canlı izle,Süper Lig,Futbol,Lig,1. Seviye,Global Elit,Erkek,Kulüp,Takım Sporu,Türkiye,Yerli,Türk Takımı Var,TV+ Yok,Yıllık,Sürekli Lig,Canlı İzle,İzleme,Takım,Jenerik,Türkçe,Body,tk_izle,Çekirdek
liverpool maçı canlı izle,Süper Lig,Futbol,Lig,1. Seviye,Global Elit,Erkek,Kulüp,Takım Sporu,Türkiye,Yerli,Türk Takımı Var,TV+ Yok,Yıllık,Sürekli Lig,Canlı İzle,İzleme,Takım,Jenerik,Türkçe,Body,tk_macizle,Çekirdek
fenerbahçe beko maçı nerede izlenir,Süper Lig,Futbol,Lig,1. Seviye,Global Elit,Erkek,Kulüp,Takım Sporu,Türkiye,Yerli,Türk Takımı Var,TV+ Yok,Yıllık,Sürekli Lig,Kanal/Yayın,İzleme,Takım,Jenerik,Türkçe,Long-tail,tk_nerede,Çekirdek
fenerbahçe beko maçı hangi kanalda,Süper Lig,Futbol,Lig,1. Seviye,Global Elit,Erkek,Kulüp,Takım Sporu,Türkiye,Yerli,Türk Takımı Var,TV+ Yok,Yıllık,Sürekli Lig,Kanal/Yayın,İzleme,Takım,Jenerik,Türkçe,Long-tail,tk_kanal,Çekirdek
fenerbahçe beko maçı saat kaçta,Süper Lig,Futbol,Lig,1. Seviye,Global Elit,Erkek,Kulüp,Takım Sporu,Türkiye,Yerli,Türk Takımı Var,TV+ Yok,Yıllık,Sürekli Lig,Takvim/Saat,Bilgi,Takım,Jenerik,Türkçe,Long-tail,tk_saat,Çekirdek
fenerbahçe beko maçı ne zaman,Süper Lig,Futbol,Lig,1. Seviye,Global Elit,Erkek,Kulüp,Takım Sporu,Türkiye,Yerli,Türk Takımı Var,TV+ Yok,Yıllık,Sürekli Lig,Takvim/Saat,Bilgi,Takım,Jenerik,Türkçe,Long-tail,tk_nezaman,Çekirdek
fenerbahçe beko canlı izle,Süper Lig,Futbol,Lig,1. Seviye,Global Elit,Erkek,Kulüp,Takım Sporu,Türkiye,Yerli,Türk Takımı Var,TV+ Yok,Yıllık,Sürekli Lig,Canlı İzle,İzleme,Takım,Jenerik,Türkçe,Body,tk_izle,Çekirdek
fenerbahçe beko maçı canlı izle,Süper Lig,Futbol,Lig,1. Seviye,Global Elit,Erkek,Kulüp,Takım Sporu,Türkiye,Yerli,Türk Takımı Var,TV+ Yok,Yıllık,Sürekli Lig,Canlı İzle,İzleme,Takım,Jenerik,Türkçe,Long-tail,tk_macizle,Çekirdek
anadolu efes maçı nerede izlenir,Süper Lig,Futbol,Lig,1. Seviye,Global Elit,Erkek,Kulüp,Takım Sporu,Türkiye,Yerli,Türk Takımı Var,TV+ Yok,Yıllık,Sürekli Lig,Kanal/Yayın,İzleme,Takım,Jenerik,Türkçe,Long-tail,tk_nerede,Çekirdek
anadolu efes maçı hangi kanalda,Süper Lig,Futbol,Lig,1. Seviye,Global Elit,Erkek,Kulüp,Takım Sporu,Türkiye,Yerli,Türk Takımı Var,TV+ Yok,Yıllık,Sürekli Lig,Kanal/Yayın,İzleme,Takım,Jenerik,Türkçe,Long-tail,tk_kanal,Çekirdek
anadolu efes maçı saat kaçta,Süper Lig,Futbol,Lig,1. Seviye,Global Elit,Erkek,Kulüp,Takım Sporu,Türkiye,Yerli,Türk Takımı Var,TV+ Yok,Yıllık,Sürekli Lig,Takvim/Saat,Bilgi,Takım,Jenerik,Türkçe,Long-tail,tk_saat,Çekirdek
anadolu efes maçı ne zaman,Süper Lig,Futbol,Lig,1. Seviye,Global Elit,Erkek,Kulüp,Takım Sporu,Türkiye,Yerli,Türk Takımı Var,TV+ Yok,Yıllık,Sürekli Lig,Takvim/Saat,Bilgi,Takım,Jenerik,Türkçe,Long-tail,tk_nezaman,Çekirdek
anadolu efes canlı izle,Süper Lig,Futbol,Lig,1. Seviye,Global Elit,Erkek,Kulüp,Takım Sporu,Türkiye,Yerli,Türk Takımı Var,TV+ Yok,Yıllık,Sürekli Lig,Canlı İzle,İzleme,Takım,Jenerik,Türkçe,Body,tk_izle,Çekirdek
anadolu efes maçı canlı izle,Süper Lig,Futbol,Lig,1. Seviye,Global Elit,Erkek,Kulüp,Takım Sporu,Türkiye,Yerli,Türk Takımı Var,TV+ Yok,Yıllık,Sürekli Lig,Canlı İzle,İzleme,Takım,Jenerik,Türkçe,Long-tail,tk_macizle,Çekirdek
beşiktaş basketbol maçı nerede izlenir,Süper Lig,Futbol,Lig,1. Seviye,Global Elit,Erkek,Kulüp,Takım Sporu,Türkiye,Yerli,Türk Takımı Var,TV+ Yok,Yıllık,Sürekli Lig,Kanal/Yayın,İzleme,Takım,Jenerik,Türkçe,Long-tail,tk_nerede,Çekirdek
beşiktaş basketbol maçı hangi kanalda,Süper Lig,Futbol,Lig,1. Seviye,Global Elit,Erkek,Kulüp,Takım Sporu,Türkiye,Yerli,Türk Takımı Var,TV+ Yok,Yıllık,Sürekli Lig,Kanal/Yayın,İzleme,Takım,Jenerik,Türkçe,Long-tail,tk_kanal,Çekirdek
beşiktaş basketbol maçı saat kaçta,Süper Lig,Futbol,Lig,1. Seviye,Global Elit,Erkek,Kulüp,Takım Sporu,Türkiye,Yerli,Türk Takımı Var,TV+ Yok,Yıllık,Sürekli Lig,Takvim/Saat,Bilgi,Takım,Jenerik,Türkçe,Long-tail,tk_saat,Çekirdek
beşiktaş basketbol maçı ne zaman,Süper Lig,Futbol,Lig,1. Seviye,Global Elit,Erkek,Kulüp,Takım Sporu,Türkiye,Yerli,Türk Takımı Var,TV+ Yok,Yıllık,Sürekli Lig,Takvim/Saat,Bilgi,Takım,Jenerik,Türkçe,Long-tail,tk_nezaman,Çekirdek
beşiktaş basketbol canlı izle,Süper Lig,Futbol,Lig,1. Seviye,Global Elit,Erkek,Kulüp,Takım Sporu,Türkiye,Yerli,Türk Takımı Var,TV+ Yok,Yıllık,Sürekli Lig,Canlı İzle,İzleme,Takım,Jenerik,Türkçe,Body,tk_izle,Çekirdek
beşiktaş basketbol maçı canlı izle,Süper Lig,Futbol,Lig,1. Seviye,Global Elit,Erkek,Kulüp,Takım Sporu,Türkiye,Yerli,Türk Takımı Var,TV+ Yok,Yıllık,Sürekli Lig,Canlı İzle,İzleme,Takım,Jenerik,Türkçe,Long-tail,tk_macizle,Çekirdek
vakıfbank maçı nerede izlenir,Süper Lig,Futbol,Lig,1. Seviye,Global Elit,Erkek,Kulüp,Takım Sporu,Türkiye,Yerli,Türk Takımı Var,TV+ Yok,Yıllık,Sürekli Lig,Kanal/Yayın,İzleme,Takım,Jenerik,Türkçe,Body,tk_nerede,Çekirdek
vakıfbank maçı hangi kanalda,Süper Lig,Futbol,Lig,1. Seviye,Global Elit,Erkek,Kulüp,Takım Sporu,Türkiye,Yerli,Türk Takımı Var,TV+ Yok,Yıllık,Sürekli Lig,Kanal/Yayın,İzleme,Takım,Jenerik,Türkçe,Body,tk_kanal,Çekirdek
vakıfbank maçı saat kaçta,Süper Lig,Futbol,Lig,1. Seviye,Global Elit,Erkek,Kulüp,Takım Sporu,Türkiye,Yerli,Türk Takımı Var,TV+ Yok,Yıllık,Sürekli Lig,Takvim/Saat,Bilgi,Takım,Jenerik,Türkçe,Body,tk_saat,Çekirdek
vakıfbank maçı ne zaman,Süper Lig,Futbol,Lig,1. Seviye,Global Elit,Erkek,Kulüp,Takım Sporu,Türkiye,Yerli,Türk Takımı Var,TV+ Yok,Yıllık,Sürekli Lig,Takvim/Saat,Bilgi,Takım,Jenerik,Türkçe,Body,tk_nezaman,Çekirdek
vakıfbank canlı izle,Süper Lig,Futbol,Lig,1. Seviye,Global Elit,Erkek,Kulüp,Takım Sporu,Türkiye,Yerli,Türk Takımı Var,TV+ Yok,Yıllık,Sürekli Lig,Canlı İzle,İzleme,Takım,Jenerik,Türkçe,Body,tk_izle,Çekirdek
vakıfbank maçı canlı izle,Süper Lig,Futbol,Lig,1. Seviye,Global Elit,Erkek,Kulüp,Takım Sporu,Türkiye,Yerli,Türk Takımı Var,TV+ Yok,Yıllık,Sürekli Lig,Canlı İzle,İzleme,Takım,Jenerik,Türkçe,Body,tk_macizle,Çekirdek
filenin sultanları maçı nerede izlenir,Süper Lig,Futbol,Lig,1. Seviye,Global Elit,Erkek,Kulüp,Takım Sporu,Türkiye,Yerli,Türk Takımı Var,TV+ Yok,Yıllık,Sürekli Lig,Kanal/Yayın,İzleme,Takım,Jenerik,Türkçe,Long-tail,tk_nerede,Çekirdek
filenin sultanları maçı hangi kanalda,Süper Lig,Futbol,Lig,1. Seviye,Global Elit,Erkek,Kulüp,Takım Sporu,Türkiye,Yerli,Türk Takımı Var,TV+ Yok,Yıllık,Sürekli Lig,Kanal/Yayın,İzleme,Takım,Jenerik,Türkçe,Long-tail,tk_kanal,Çekirdek
filenin sultanları maçı saat kaçta,Süper Lig,Futbol,Lig,1. Seviye,Global Elit,Erkek,Kulüp,Takım Sporu,Türkiye,Yerli,Türk Takımı Var,TV+ Yok,Yıllık,Sürekli Lig,Takvim/Saat,Bilgi,Takım,Jenerik,Türkçe,Long-tail,tk_saat,Çekirdek
filenin sultanları maçı ne zaman,Süper Lig,Futbol,Lig,1. Seviye,Global Elit,Erkek,Kulüp,Takım Sporu,Türkiye,Yerli,Türk Takımı Var,TV+ Yok,Yıllık,Sürekli Lig,Takvim/Saat,Bilgi,Takım,Jenerik,Türkçe,Long-tail,tk_nezaman,Çekirdek
filenin sultanları canlı izle,Süper Lig,Futbol,Lig,1. Seviye,Global Elit,Erkek,Kulüp,Takım Sporu,Türkiye,Yerli,Türk Takımı Var,TV+ Yok,Yıllık,Sürekli Lig,Canlı İzle,İzleme,Takım,Jenerik,Türkçe,Body,tk_izle,Çekirdek
filenin sultanları maçı canlı izle,Süper Lig,Futbol,Lig,1. Seviye,Global Elit,Erkek,Kulüp,Takım Sporu,Türkiye,Yerli,Türk Takımı Var,TV+ Yok,Yıllık,Sürekli Lig,Canlı İzle,İzleme,Takım,Jenerik,Türkçe,Long-tail,tk_macizle,Çekirdek
şampiyonlar ligi nerede izlenir,UEFA Şampiyonlar Ligi,Çoklu/Jenerik,Jenerik,Kıta Üstü,Global Elit,Karma,Kulüp,Takım Sporu,Global,Uluslararası,Yok,TV+ Var,Yıllık,Turnuva,Kanal/Yayın,İzleme,Lig/Organizasyon,Jenerik,Türkçe,Body,org_nerede,Çekirdek
şampiyonlar ligi hangi kanalda izlenir,UEFA Şampiyonlar Ligi,Çoklu/Jenerik,Jenerik,Kıta Üstü,Global Elit,Karma,Kulüp,Takım Sporu,Global,Uluslararası,Yok,TV+ Var,Yıllık,Turnuva,Kanal/Yayın,İzleme,Lig/Organizasyon,Jenerik,Türkçe,Long-tail,org_kanal2,Çekirdek
şampiyonlar ligi şifresiz izle,UEFA Şampiyonlar Ligi,Çoklu/Jenerik,Jenerik,Kıta Üstü,Global Elit,Karma,Kulüp,Takım Sporu,Global,Uluslararası,Yok,TV+ Var,Yıllık,Turnuva,Canlı İzle,İzleme,Lig/Organizasyon,Jenerik,Türkçe,Body,org_sifresiz,Çekirdek
şampiyonlar ligi maçları saat kaçta,UEFA Şampiyonlar Ligi,Çoklu/Jenerik,Jenerik,Kıta Üstü,Global Elit,Karma,Kulüp,Takım Sporu,Global,Uluslararası,Yok,TV+ Var,Yıllık,Turnuva,Takvim/Saat,Bilgi,Lig/Organizasyon,Jenerik,Türkçe,Long-tail,org_saat,Çekirdek
şampiyonlar ligi bugün maç var mı,UEFA Şampiyonlar Ligi,Çoklu/Jenerik,Jenerik,Kıta Üstü,Global Elit,Karma,Kulüp,Takım Sporu,Global,Uluslararası,Yok,TV+ Var,Yıllık,Turnuva,Takvim/Saat,Bilgi,Lig/Organizasyon,Jenerik,Türkçe,Long-tail,org_bugun,Çekirdek
şampiyonlar ligi yayın akışı,UEFA Şampiyonlar Ligi,Çoklu/Jenerik,Jenerik,Kıta Üstü,Global Elit,Karma,Kulüp,Takım Sporu,Global,Uluslararası,Yok,TV+ Var,Yıllık,Turnuva,Kanal/Yayın,İzleme,Lig/Organizasyon,Jenerik,Türkçe,Body,org_akis,Çekirdek
avrupa ligi nerede izlenir,UEFA Avrupa Ligi,Çoklu/Jenerik,Jenerik,Kıta Üstü,Global Elit,Karma,Kulüp,Takım Sporu,Global,Uluslararası,Yok,TV+ Var,Yıllık,Turnuva,Kanal/Yayın,İzleme,Lig/Organizasyon,Jenerik,İngilizce,Body,org_nerede,Çekirdek
avrupa ligi hangi kanalda izlenir,UEFA Avrupa Ligi,Çoklu/Jenerik,Jenerik,Kıta Üstü,Global Elit,Karma,Kulüp,Takım Sporu,Global,Uluslararası,Yok,TV+ Var,Yıllık,Turnuva,Kanal/Yayın,İzleme,Lig/Organizasyon,Jenerik,İngilizce,Long-tail,org_kanal2,Çekirdek
avrupa ligi şifresiz izle,UEFA Avrupa Ligi,Çoklu/Jenerik,Jenerik,Kıta Üstü,Global Elit,Karma,Kulüp,Takım Sporu,Global,Uluslararası,Yok,TV+ Var,Yıllık,Turnuva,Canlı İzle,İzleme,Lig/Organizasyon,Jenerik,Türkçe,Body,org_sifresiz,Çekirdek
avrupa ligi maçları saat kaçta,UEFA Avrupa Ligi,Çoklu/Jenerik,Jenerik,Kıta Üstü,Global Elit,Karma,Kulüp,Takım Sporu,Global,Uluslararası,Yok,TV+ Var,Yıllık,Turnuva,Takvim/Saat,Bilgi,Lig/Organizasyon,Jenerik,Türkçe,Long-tail,org_saat,Çekirdek
avrupa ligi bugün maç var mı,UEFA Avrupa Ligi,Çoklu/Jenerik,Jenerik,Kıta Üstü,Global Elit,Karma,Kulüp,Takım Sporu,Global,Uluslararası,Yok,TV+ Var,Yıllık,Turnuva,Takvim/Saat,Bilgi,Lig/Organizasyon,Jenerik,Türkçe,Long-tail,org_bugun,Çekirdek
avrupa ligi yayın akışı,UEFA Avrupa Ligi,Çoklu/Jenerik,Jenerik,Kıta Üstü,Global Elit,Karma,Kulüp,Takım Sporu,Global,Uluslararası,Yok,TV+ Var,Yıllık,Turnuva,Kanal/Yayın,İzleme,Lig/Organizasyon,Jenerik,Türkçe,Body,org_akis,Çekirdek
konferans ligi nerede izlenir,UEFA Konferans Ligi,Çoklu/Jenerik,Jenerik,Kıta Üstü,Global Elit,Karma,Kulüp,Takım Sporu,Global,Uluslararası,Yok,TV+ Var,Yıllık,Turnuva,Kanal/Yayın,İzleme,Lig/Organizasyon,Jenerik,İngilizce,Body,org_nerede,Çekirdek
konferans ligi hangi kanalda izlenir,UEFA Konferans Ligi,Çoklu/Jenerik,Jenerik,Kıta Üstü,Global Elit,Karma,Kulüp,Takım Sporu,Global,Uluslararası,Yok,TV+ Var,Yıllık,Turnuva,Kanal/Yayın,İzleme,Lig/Organizasyon,Jenerik,İngilizce,Long-tail,org_kanal2,Çekirdek
konferans ligi şifresiz izle,UEFA Konferans Ligi,Çoklu/Jenerik,Jenerik,Kıta Üstü,Global Elit,Karma,Kulüp,Takım Sporu,Global,Uluslararası,Yok,TV+ Var,Yıllık,Turnuva,Canlı İzle,İzleme,Lig/Organizasyon,Jenerik,Türkçe,Body,org_sifresiz,Çekirdek
konferans ligi maçları saat kaçta,UEFA Konferans Ligi,Çoklu/Jenerik,Jenerik,Kıta Üstü,Global Elit,Karma,Kulüp,Takım Sporu,Global,Uluslararası,Yok,TV+ Var,Yıllık,Turnuva,Takvim/Saat,Bilgi,Lig/Organizasyon,Jenerik,Türkçe,Long-tail,org_saat,Çekirdek
konferans ligi bugün maç var mı,UEFA Konferans Ligi,Çoklu/Jenerik,Jenerik,Kıta Üstü,Global Elit,Karma,Kulüp,Takım Sporu,Global,Uluslararası,Yok,TV+ Var,Yıllık,Turnuva,Takvim/Saat,Bilgi,Lig/Organizasyon,Jenerik,Türkçe,Long-tail,org_bugun,Çekirdek
konferans ligi yayın akışı,UEFA Konferans Ligi,Çoklu/Jenerik,Jenerik,Kıta Üstü,Global Elit,Karma,Kulüp,Takım Sporu,Global,Uluslararası,Yok,TV+ Var,Yıllık,Turnuva,Kanal/Yayın,İzleme,Lig/Organizasyon,Jenerik,Türkçe,Body,org_akis,Çekirdek
la liga nerede izlenir,La Liga,Çoklu/Jenerik,Jenerik,Kıta Üstü,Global Elit,Karma,Kulüp,Takım Sporu,Global,Uluslararası,Yok,TV+ Var,Yıllık,Turnuva,Kanal/Yayın,İzleme,Lig/Organizasyon,Jenerik,İngilizce,Body,org_nerede,Çekirdek
la liga hangi kanalda izlenir,La Liga,Çoklu/Jenerik,Jenerik,Kıta Üstü,Global Elit,Karma,Kulüp,Takım Sporu,Global,Uluslararası,Yok,TV+ Var,Yıllık,Turnuva,Kanal/Yayın,İzleme,Lig/Organizasyon,Jenerik,İngilizce,Long-tail,org_kanal2,Çekirdek
la liga şifresiz izle,La Liga,Çoklu/Jenerik,Jenerik,Kıta Üstü,Global Elit,Karma,Kulüp,Takım Sporu,Global,Uluslararası,Yok,TV+ Var,Yıllık,Turnuva,Canlı İzle,İzleme,Lig/Organizasyon,Jenerik,Türkçe,Body,org_sifresiz,Çekirdek
la liga maçları saat kaçta,La Liga,Çoklu/Jenerik,Jenerik,Kıta Üstü,Global Elit,Karma,Kulüp,Takım Sporu,Global,Uluslararası,Yok,TV+ Var,Yıllık,Turnuva,Takvim/Saat,Bilgi,Lig/Organizasyon,Jenerik,Türkçe,Long-tail,org_saat,Çekirdek
la liga bugün maç var mı,La Liga,Çoklu/Jenerik,Jenerik,Kıta Üstü,Global Elit,Karma,Kulüp,Takım Sporu,Global,Uluslararası,Yok,TV+ Var,Yıllık,Turnuva,Takvim/Saat,Bilgi,Lig/Organizasyon,Jenerik,Türkçe,Long-tail,org_bugun,Çekirdek
la liga yayın akışı,La Liga,Çoklu/Jenerik,Jenerik,Kıta Üstü,Global Elit,Karma,Kulüp,Takım Sporu,Global,Uluslararası,Yok,TV+ Var,Yıllık,Turnuva,Kanal/Yayın,İzleme,Lig/Organizasyon,Jenerik,Türkçe,Body,org_akis,Çekirdek
serie a nerede izlenir,Serie A,Çoklu/Jenerik,Jenerik,Kıta Üstü,Global Elit,Karma,Kulüp,Takım Sporu,Global,Uluslararası,Yok,TV+ Var,Yıllık,Turnuva,Kanal/Yayın,İzleme,Lig/Organizasyon,Jenerik,İngilizce,Body,org_nerede,Çekirdek
serie a hangi kanalda izlenir,Serie A,Çoklu/Jenerik,Jenerik,Kıta Üstü,Global Elit,Karma,Kulüp,Takım Sporu,Global,Uluslararası,Yok,TV+ Var,Yıllık,Turnuva,Kanal/Yayın,İzleme,Lig/Organizasyon,Jenerik,İngilizce,Long-tail,org_kanal2,Çekirdek
serie a şifresiz izle,Serie A,Çoklu/Jenerik,Jenerik,Kıta Üstü,Global Elit,Karma,Kulüp,Takım Sporu,Global,Uluslararası,Yok,TV+ Var,Yıllık,Turnuva,Canlı İzle,İzleme,Lig/Organizasyon,Jenerik,Türkçe,Body,org_sifresiz,Çekirdek
serie a maçları saat kaçta,Serie A,Çoklu/Jenerik,Jenerik,Kıta Üstü,Global Elit,Karma,Kulüp,Takım Sporu,Global,Uluslararası,Yok,TV+ Var,Yıllık,Turnuva,Takvim/Saat,Bilgi,Lig/Organizasyon,Jenerik,Türkçe,Long-tail,org_saat,Çekirdek
serie a bugün maç var mı,Serie A,Çoklu/Jenerik,Jenerik,Kıta Üstü,Global Elit,Karma,Kulüp,Takım Sporu,Global,Uluslararası,Yok,TV+ Var,Yıllık,Turnuva,Takvim/Saat,Bilgi,Lig/Organizasyon,Jenerik,Türkçe,Long-tail,org_bugun,Çekirdek
serie a yayın akışı,Serie A,Çoklu/Jenerik,Jenerik,Kıta Üstü,Global Elit,Karma,Kulüp,Takım Sporu,Global,Uluslararası,Yok,TV+ Var,Yıllık,Turnuva,Kanal/Yayın,İzleme,Lig/Organizasyon,Jenerik,Türkçe,Body,org_akis,Çekirdek
euroleague nerede izlenir,EuroLeague,Çoklu/Jenerik,Jenerik,Kıta Üstü,Global Elit,Karma,Kulüp,Takım Sporu,Global,Uluslararası,Yok,TV+ Var,Yıllık,Turnuva,Kanal/Yayın,İzleme,Lig/Organizasyon,Jenerik,İngilizce,Body,org_nerede,Çekirdek
euroleague hangi kanalda izlenir,EuroLeague,Çoklu/Jenerik,Jenerik,Kıta Üstü,Global Elit,Karma,Kulüp,Takım Sporu,Global,Uluslararası,Yok,TV+ Var,Yıllık,Turnuva,Kanal/Yayın,İzleme,Lig/Organizasyon,Jenerik,İngilizce,Body,org_kanal2,Çekirdek
euroleague şifresiz izle,EuroLeague,Çoklu/Jenerik,Jenerik,Kıta Üstü,Global Elit,Karma,Kulüp,Takım Sporu,Global,Uluslararası,Yok,TV+ Var,Yıllık,Turnuva,Canlı İzle,İzleme,Lig/Organizasyon,Jenerik,Türkçe,Body,org_sifresiz,Çekirdek
euroleague maçları saat kaçta,EuroLeague,Çoklu/Jenerik,Jenerik,Kıta Üstü,Global Elit,Karma,Kulüp,Takım Sporu,Global,Uluslararası,Yok,TV+ Var,Yıllık,Turnuva,Takvim/Saat,Bilgi,Lig/Organizasyon,Jenerik,Türkçe,Body,org_saat,Çekirdek
euroleague bugün maç var mı,EuroLeague,Çoklu/Jenerik,Jenerik,Kıta Üstü,Global Elit,Karma,Kulüp,Takım Sporu,Global,Uluslararası,Yok,TV+ Var,Yıllık,Turnuva,Takvim/Saat,Bilgi,Lig/Organizasyon,Jenerik,Türkçe,Long-tail,org_bugun,Çekirdek
euroleague yayın akışı,EuroLeague,Çoklu/Jenerik,Jenerik,Kıta Üstü,Global Elit,Karma,Kulüp,Takım Sporu,Global,Uluslararası,Yok,TV+ Var,Yıllık,Turnuva,Kanal/Yayın,İzleme,Lig/Organizasyon,Jenerik,Türkçe,Body,org_akis,Çekirdek
nba nerede izlenir,NBA,Çoklu/Jenerik,Jenerik,Kıta Üstü,Global Elit,Karma,Kulüp,Takım Sporu,Global,Uluslararası,Yok,TV+ Var,Yıllık,Turnuva,Kanal/Yayın,İzleme,Lig/Organizasyon,Jenerik,İngilizce,Body,org_nerede,Çekirdek
nba hangi kanalda izlenir,NBA,Çoklu/Jenerik,Jenerik,Kıta Üstü,Global Elit,Karma,Kulüp,Takım Sporu,Global,Uluslararası,Yok,TV+ Var,Yıllık,Turnuva,Kanal/Yayın,İzleme,Lig/Organizasyon,Jenerik,İngilizce,Body,org_kanal2,Çekirdek
nba şifresiz izle,NBA,Çoklu/Jenerik,Jenerik,Kıta Üstü,Global Elit,Karma,Kulüp,Takım Sporu,Global,Uluslararası,Yok,TV+ Var,Yıllık,Turnuva,Canlı İzle,İzleme,Lig/Organizasyon,Jenerik,Türkçe,Body,org_sifresiz,Çekirdek
nba maçları saat kaçta,NBA,Çoklu/Jenerik,Jenerik,Kıta Üstü,Global Elit,Karma,Kulüp,Takım Sporu,Global,Uluslararası,Yok,TV+ Var,Yıllık,Turnuva,Takvim/Saat,Bilgi,Lig/Organizasyon,Jenerik,Türkçe,Body,org_saat,Çekirdek
nba bugün maç var mı,NBA,Çoklu/Jenerik,Jenerik,Kıta Üstü,Global Elit,Karma,Kulüp,Takım Sporu,Global,Uluslararası,Yok,TV+ Var,Yıllık,Turnuva,Takvim/Saat,Bilgi,Lig/Organizasyon,Jenerik,Türkçe,Long-tail,org_bugun,Çekirdek
nba yayın akışı,NBA,Çoklu/Jenerik,Jenerik,Kıta Üstü,Global Elit,Karma,Kulüp,Takım Sporu,Global,Uluslararası,Yok,TV+ Var,Yıllık,Turnuva,Kanal/Yayın,İzleme,Lig/Organizasyon,Jenerik,Türkçe,Body,org_akis,Çekirdek
ufc nerede izlenir,UFC,Çoklu/Jenerik,Jenerik,Kıta Üstü,Global Elit,Karma,Kulüp,Takım Sporu,Global,Uluslararası,Yok,TV+ Var,Yıllık,Turnuva,Kanal/Yayın,İzleme,Lig/Organizasyon,Jenerik,İngilizce,Body,org_nerede,Çekirdek
ufc hangi kanalda izlenir,UFC,Çoklu/Jenerik,Jenerik,Kıta Üstü,Global Elit,Karma,Kulüp,Takım Sporu,Global,Uluslararası,Yok,TV+ Var,Yıllık,Turnuva,Kanal/Yayın,İzleme,Lig/Organizasyon,Jenerik,İngilizce,Body,org_kanal2,Çekirdek
ufc şifresiz izle,UFC,Çoklu/Jenerik,Jenerik,Kıta Üstü,Global Elit,Karma,Kulüp,Takım Sporu,Global,Uluslararası,Yok,TV+ Var,Yıllık,Turnuva,Canlı İzle,İzleme,Lig/Organizasyon,Jenerik,Türkçe,Body,org_sifresiz,Çekirdek
ufc maçları saat kaçta,UFC,Çoklu/Jenerik,Jenerik,Kıta Üstü,Global Elit,Karma,Kulüp,Takım Sporu,Global,Uluslararası,Yok,TV+ Var,Yıllık,Turnuva,Takvim/Saat,Bilgi,Lig/Organizasyon,Jenerik,Türkçe,Body,org_saat,Çekirdek
ufc bugün maç var mı,UFC,Çoklu/Jenerik,Jenerik,Kıta Üstü,Global Elit,Karma,Kulüp,Takım Sporu,Global,Uluslararası,Yok,TV+ Var,Yıllık,Turnuva,Takvim/Saat,Bilgi,Lig/Organizasyon,Jenerik,Türkçe,Long-tail,org_bugun,Çekirdek
ufc yayın akışı,UFC,Çoklu/Jenerik,Jenerik,Kıta Üstü,Global Elit,Karma,Kulüp,Takım Sporu,Global,Uluslararası,Yok,TV+ Var,Yıllık,Turnuva,Kanal/Yayın,İzleme,Lig/Organizasyon,Jenerik,Türkçe,Body,org_akis,Çekirdek
motogp nerede izlenir,MotoGP,Çoklu/Jenerik,Jenerik,Kıta Üstü,Global Elit,Karma,Kulüp,Takım Sporu,Global,Uluslararası,Yok,TV+ Var,Yıllık,Turnuva,Kanal/Yayın,İzleme,Lig/Organizasyon,Jenerik,İngilizce,Body,org_nerede,Çekirdek
motogp hangi kanalda izlenir,MotoGP,Çoklu/Jenerik,Jenerik,Kıta Üstü,Global Elit,Karma,Kulüp,Takım Sporu,Global,Uluslararası,Yok,TV+ Var,Yıllık,Turnuva,Kanal/Yayın,İzleme,Lig/Organizasyon,Jenerik,İngilizce,Body,org_kanal2,Çekirdek
motogp şifresiz izle,MotoGP,Çoklu/Jenerik,Jenerik,Kıta Üstü,Global Elit,Karma,Kulüp,Takım Sporu,Global,Uluslararası,Yok,TV+ Var,Yıllık,Turnuva,Canlı İzle,İzleme,Lig/Organizasyon,Jenerik,Türkçe,Body,org_sifresiz,Çekirdek
motogp maçları saat kaçta,MotoGP,Çoklu/Jenerik,Jenerik,Kıta Üstü,Global Elit,Karma,Kulüp,Takım Sporu,Global,Uluslararası,Yok,TV+ Var,Yıllık,Turnuva,Takvim/Saat,Bilgi,Lig/Organizasyon,Jenerik,Türkçe,Body,org_saat,Çekirdek
motogp bugün maç var mı,MotoGP,Çoklu/Jenerik,Jenerik,Kıta Üstü,Global Elit,Karma,Kulüp,Takım Sporu,Global,Uluslararası,Yok,TV+ Var,Yıllık,Turnuva,Takvim/Saat,Bilgi,Lig/Organizasyon,Jenerik,Türkçe,Long-tail,org_bugun,Çekirdek
motogp yayın akışı,MotoGP,Çoklu/Jenerik,Jenerik,Kıta Üstü,Global Elit,Karma,Kulüp,Takım Sporu,Global,Uluslararası,Yok,TV+ Var,Yıllık,Turnuva,Kanal/Yayın,İzleme,Lig/Organizasyon,Jenerik,Türkçe,Body,org_akis,Çekirdek
fa cup nerede izlenir,FA Cup,Çoklu/Jenerik,Jenerik,Kıta Üstü,Global Elit,Karma,Kulüp,Takım Sporu,Global,Uluslararası,Yok,TV+ Var,Yıllık,Turnuva,Kanal/Yayın,İzleme,Lig/Organizasyon,Jenerik,İngilizce,Body,org_nerede,Çekirdek
fa cup hangi kanalda izlenir,FA Cup,Çoklu/Jenerik,Jenerik,Kıta Üstü,Global Elit,Karma,Kulüp,Takım Sporu,Global,Uluslararası,Yok,TV+ Var,Yıllık,Turnuva,Kanal/Yayın,İzleme,Lig/Organizasyon,Jenerik,İngilizce,Long-tail,org_kanal2,Çekirdek
fa cup şifresiz izle,FA Cup,Çoklu/Jenerik,Jenerik,Kıta Üstü,Global Elit,Karma,Kulüp,Takım Sporu,Global,Uluslararası,Yok,TV+ Var,Yıllık,Turnuva,Canlı İzle,İzleme,Lig/Organizasyon,Jenerik,Türkçe,Body,org_sifresiz,Çekirdek
fa cup maçları saat kaçta,FA Cup,Çoklu/Jenerik,Jenerik,Kıta Üstü,Global Elit,Karma,Kulüp,Takım Sporu,Global,Uluslararası,Yok,TV+ Var,Yıllık,Turnuva,Takvim/Saat,Bilgi,Lig/Organizasyon,Jenerik,Türkçe,Long-tail,org_saat,Çekirdek
fa cup bugün maç var mı,FA Cup,Çoklu/Jenerik,Jenerik,Kıta Üstü,Global Elit,Karma,Kulüp,Takım Sporu,Global,Uluslararası,Yok,TV+ Var,Yıllık,Turnuva,Takvim/Saat,Bilgi,Lig/Organizasyon,Jenerik,Türkçe,Long-tail,org_bugun,Çekirdek
fa cup yayın akışı,FA Cup,Çoklu/Jenerik,Jenerik,Kıta Üstü,Global Elit,Karma,Kulüp,Takım Sporu,Global,Uluslararası,Yok,TV+ Var,Yıllık,Turnuva,Kanal/Yayın,İzleme,Lig/Organizasyon,Jenerik,Türkçe,Body,org_akis,Çekirdek
filenin sultanları nerede izlenir,Kadın Voleybol Milli Takımı,Çoklu/Jenerik,Jenerik,Kıta Üstü,Global Elit,Karma,Kulüp,Takım Sporu,Global,Uluslararası,Yok,TV+ Var,Yıllık,Turnuva,Kanal/Yayın,İzleme,Lig/Organizasyon,Jenerik,Türkçe,Body,org_nerede,Çekirdek
filenin sultanları hangi kanalda izlenir,Kadın Voleybol Milli Takımı,Çoklu/Jenerik,Jenerik,Kıta Üstü,Global Elit,Karma,Kulüp,Takım Sporu,Global,Uluslararası,Yok,TV+ Var,Yıllık,Turnuva,Kanal/Yayın,İzleme,Lig/Organizasyon,Jenerik,Türkçe,Long-tail,org_kanal2,Çekirdek
filenin sultanları şifresiz izle,Kadın Voleybol Milli Takımı,Çoklu/Jenerik,Jenerik,Kıta Üstü,Global Elit,Karma,Kulüp,Takım Sporu,Global,Uluslararası,Yok,TV+ Var,Yıllık,Turnuva,Canlı İzle,İzleme,Lig/Organizasyon,Jenerik,Türkçe,Body,org_sifresiz,Çekirdek
filenin sultanları maçları saat kaçta,Kadın Voleybol Milli Takımı,Çoklu/Jenerik,Jenerik,Kıta Üstü,Global Elit,Karma,Kulüp,Takım Sporu,Global,Uluslararası,Yok,TV+ Var,Yıllık,Turnuva,Takvim/Saat,Bilgi,Lig/Organizasyon,Jenerik,Türkçe,Long-tail,org_saat,Çekirdek
filenin sultanları bugün maç var mı,Kadın Voleybol Milli Takımı,Çoklu/Jenerik,Jenerik,Kıta Üstü,Global Elit,Karma,Kulüp,Takım Sporu,Global,Uluslararası,Yok,TV+ Var,Yıllık,Turnuva,Takvim/Saat,Bilgi,Lig/Organizasyon,Jenerik,Türkçe,Long-tail,org_bugun,Çekirdek
filenin sultanları yayın akışı,Kadın Voleybol Milli Takımı,Çoklu/Jenerik,Jenerik,Kıta Üstü,Global Elit,Karma,Kulüp,Takım Sporu,Global,Uluslararası,Yok,TV+ Var,Yıllık,Turnuva,Kanal/Yayın,İzleme,Lig/Organizasyon,Jenerik,Türkçe,Body,org_akis,Çekirdek
filenin efeleri nerede izlenir,Erkek Voleybol Milli Takımı,Çoklu/Jenerik,Jenerik,Kıta Üstü,Global Elit,Karma,Kulüp,Takım Sporu,Global,Uluslararası,Yok,TV+ Var,Yıllık,Turnuva,Kanal/Yayın,İzleme,Lig/Organizasyon,Jenerik,İngilizce,Body,org_nerede,Çekirdek
filenin efeleri hangi kanalda izlenir,Erkek Voleybol Milli Takımı,Çoklu/Jenerik,Jenerik,Kıta Üstü,Global Elit,Karma,Kulüp,Takım Sporu,Global,Uluslararası,Yok,TV+ Var,Yıllık,Turnuva,Kanal/Yayın,İzleme,Lig/Organizasyon,Jenerik,İngilizce,Long-tail,org_kanal2,Çekirdek
filenin efeleri şifresiz izle,Erkek Voleybol Milli Takımı,Çoklu/Jenerik,Jenerik,Kıta Üstü,Global Elit,Karma,Kulüp,Takım Sporu,Global,Uluslararası,Yok,TV+ Var,Yıllık,Turnuva,Canlı İzle,İzleme,Lig/Organizasyon,Jenerik,Türkçe,Body,org_sifresiz,Çekirdek
filenin efeleri maçları saat kaçta,Erkek Voleybol Milli Takımı,Çoklu/Jenerik,Jenerik,Kıta Üstü,Global Elit,Karma,Kulüp,Takım Sporu,Global,Uluslararası,Yok,TV+ Var,Yıllık,Turnuva,Takvim/Saat,Bilgi,Lig/Organizasyon,Jenerik,Türkçe,Long-tail,org_saat,Çekirdek
filenin efeleri bugün maç var mı,Erkek Voleybol Milli Takımı,Çoklu/Jenerik,Jenerik,Kıta Üstü,Global Elit,Karma,Kulüp,Takım Sporu,Global,Uluslararası,Yok,TV+ Var,Yıllık,Turnuva,Takvim/Saat,Bilgi,Lig/Organizasyon,Jenerik,Türkçe,Long-tail,org_bugun,Çekirdek
filenin efeleri yayın akışı,Erkek Voleybol Milli Takımı,Çoklu/Jenerik,Jenerik,Kıta Üstü,Global Elit,Karma,Kulüp,Takım Sporu,Global,Uluslararası,Yok,TV+ Var,Yıllık,Turnuva,Kanal/Yayın,İzleme,Lig/Organizasyon,Jenerik,Türkçe,Body,org_akis,Çekirdek
wimbledon nerede izlenir,Wimbledon,Çoklu/Jenerik,Jenerik,Kıta Üstü,Global Elit,Karma,Kulüp,Takım Sporu,Global,Uluslararası,Yok,TV+ Var,Yıllık,Turnuva,Kanal/Yayın,İzleme,Lig/Organizasyon,Jenerik,İngilizce,Body,org_nerede,Çekirdek
wimbledon hangi kanalda izlenir,Wimbledon,Çoklu/Jenerik,Jenerik,Kıta Üstü,Global Elit,Karma,Kulüp,Takım Sporu,Global,Uluslararası,Yok,TV+ Var,Yıllık,Turnuva,Kanal/Yayın,İzleme,Lig/Organizasyon,Jenerik,İngilizce,Body,org_kanal2,Çekirdek
wimbledon şifresiz izle,Wimbledon,Çoklu/Jenerik,Jenerik,Kıta Üstü,Global Elit,Karma,Kulüp,Takım Sporu,Global,Uluslararası,Yok,TV+ Var,Yıllık,Turnuva,Canlı İzle,İzleme,Lig/Organizasyon,Jenerik,Türkçe,Body,org_sifresiz,Çekirdek
wimbledon maçları saat kaçta,Wimbledon,Çoklu/Jenerik,Jenerik,Kıta Üstü,Global Elit,Karma,Kulüp,Takım Sporu,Global,Uluslararası,Yok,TV+ Var,Yıllık,Turnuva,Takvim/Saat,Bilgi,Lig/Organizasyon,Jenerik,Türkçe,Body,org_saat,Çekirdek
wimbledon bugün maç var mı,Wimbledon,Çoklu/Jenerik,Jenerik,Kıta Üstü,Global Elit,Karma,Kulüp,Takım Sporu,Global,Uluslararası,Yok,TV+ Var,Yıllık,Turnuva,Takvim/Saat,Bilgi,Lig/Organizasyon,Jenerik,Türkçe,Long-tail,org_bugun,Çekirdek
wimbledon yayın akışı,Wimbledon,Çoklu/Jenerik,Jenerik,Kıta Üstü,Global Elit,Karma,Kulüp,Takım Sporu,Global,Uluslararası,Yok,TV+ Var,Yıllık,Turnuva,Kanal/Yayın,İzleme,Lig/Organizasyon,Jenerik,Türkçe,Body,org_akis,Çekirdek
