keyword,organizasyon,spor_dali,musabaka_tipi,lig_seviyesi,prestij_katmani,cinsiyet,kulup_milli,takim_bireysel,cografya,yerlilik,turk_baglantisi,yayin_hakki,periyodiklik,takvim_tipi,sayfa_tipi,intent_katmani,entity_tipi,marka_tipi,dil,sorgu_uzunlugu,varyant_kodu
galatasaray maçı,Süper Lig,Futbol,Lig,1. Seviye,Global Elit,Erkek,Kulüp,Takım Sporu,Türkiye,Yerli,Türk Takımı Var,TV+ Yok,Yıllık,Sürekli Lig,Takım Maç Sorgusu,Bilgi,Takım,Jenerik,Türkçe,Head,tk_mac
galatasaray maçları,Süper Lig,Futbol,Lig,1. Seviye,Global Elit,Erkek,Kulüp,Takım Sporu,Türkiye,Yerli,Türk Takımı Var,TV+ Yok,Yıllık,Sürekli Lig,Takım Maç Sorgusu,Bilgi,Takım,Jenerik,Türkçe,Head,tk_maclar
galatasaray maçı ne zaman,Süper Lig,Futbol,Lig,1. Seviye,Global Elit,Erkek,Kulüp,Takım Sporu,Türkiye,Yerli,Türk Takımı Var,TV+ Yok,Yıllık,Sürekli Lig,Takvim/Saat,Bilgi,Takım,Jenerik,Türkçe,Body,tk_nezaman
galatasaray maçı hangi kanalda,Süper Lig,Futbol,Lig,1. Seviye,Global Elit,Erkek,Kulüp,Takım Sporu,Türkiye,Yerli,Türk Takımı Var,TV+ Yok,Yıllık,Sürekli Lig,Kanal/Yayın,İzleme,Takım,Jenerik,Türkçe,Body,tk_kanal
galatasaray canlı izle,Süper Lig,Futbol,Lig,1. Seviye,Global Elit,Erkek,Kulüp,Takım Sporu,Türkiye,Yerli,Türk Takımı Var,TV+ Yok,Yıllık,Sürekli Lig,Canlı İzle,İzleme,Takım,Jenerik,Türkçe,Body,tk_izle
galatasaray fikstür,Süper Lig,Futbol,Lig,1. Seviye,Global Elit,Erkek,Kulüp,Takım Sporu,Türkiye,Yerli,Türk Takımı Var,TV+ Yok,Yıllık,Sürekli Lig,Fikstür,Bilgi,Takım,Jenerik,Türkçe,Head,tk_fikstur
galatasaray puan durumu,Süper Lig,Futbol,Lig,1. Seviye,Global Elit,Erkek,Kulüp,Takım Sporu,Türkiye,Yerli,Türk Takımı Var,TV+ Yok,Yıllık,Sürekli Lig,Puan Durumu,Bilgi,Takım,Jenerik,İngilizce,Body,tk_pd
galatasaray kadro,Süper Lig,Futbol,Lig,1. Seviye,Global Elit,Erkek,Kulüp,Takım Sporu,Türkiye,Yerli,Türk Takımı Var,TV+ Yok,Yıllık,Sürekli Lig,Kadro,Bilgi,Takım,Jenerik,İngilizce,Head,tk_kadro
galatasaray oyuncuları,Süper Lig,Futbol,Lig,1. Seviye,Global Elit,Erkek,Kulüp,Takım Sporu,Türkiye,Yerli,Türk Takımı Var,TV+ Yok,Yıllık,Sürekli Lig,Kadro,Bilgi,Takım,Jenerik,Türkçe,Head,tk_oyuncu
galatasaray transfer,Süper Lig,Futbol,Lig,1. Seviye,Global Elit,Erkek,Kulüp,Takım Sporu,Türkiye,Yerli,Türk Takımı Var,TV+ Yok,Yıllık,Sürekli Lig,Transfer,Bilgi,Takım,Jenerik,İngilizce,Head,tk_transfer
galatasaray,Süper Lig,Futbol,Lig,1. Seviye,Global Elit,Erkek,Kulüp,Takım Sporu,Türkiye,Yerli,Türk Takımı Var,TV+ Yok,Yıllık,Sürekli Lig,Takım Jenerik,Bilgi,Takım,Jenerik,İngilizce,Head,tk_jen
fenerbahçe maçı,Süper Lig,Futbol,Lig,1. Seviye,Global Elit,Erkek,Kulüp,Takım Sporu,Türkiye,Yerli,Türk Takımı Var,TV+ Yok,Yıllık,Sürekli Lig,Takım Maç Sorgusu,Bilgi,Takım,Jenerik,Türkçe,Head,tk_mac
fenerbahçe maçları,Süper Lig,Futbol,Lig,1. Seviye,Global Elit,Erkek,Kulüp,Takım Sporu,Türkiye,Yerli,Türk Takımı Var,TV+ Yok,Yıllık,Sürekli Lig,Takım Maç Sorgusu,Bilgi,Takım,Jenerik,Türkçe,Head,tk_maclar
fenerbahçe maçı ne zaman,Süper Lig,Futbol,Lig,1. Seviye,Global Elit,Erkek,Kulüp,Takım Sporu,Türkiye,Yerli,Türk Takımı Var,TV+ Yok,Yıllık,Sürekli Lig,Takvim/Saat,Bilgi,Takım,Jenerik,Türkçe,Body,tk_nezaman
fenerbahçe maçı hangi kanalda,Süper Lig,Futbol,Lig,1. Seviye,Global Elit,Erkek,Kulüp,Takım Sporu,Türkiye,Yerli,Türk Takımı Var,TV+ Yok,Yıllık,Sürekli Lig,Kanal/Yayın,İzleme,Takım,Jenerik,Türkçe,Body,tk_kanal
fenerbahçe canlı izle,Süper Lig,Futbol,Lig,1. Seviye,Global Elit,Erkek,Kulüp,Takım Sporu,Türkiye,Yerli,Türk Takımı Var,TV+ Yok,Yıllık,Sürekli Lig,Canlı İzle,İzleme,Takım,Jenerik,Türkçe,Body,tk_izle
fenerbahçe fikstür,Süper Lig,Futbol,Lig,1. Seviye,Global Elit,Erkek,Kulüp,Takım Sporu,Türkiye,Yerli,Türk Takımı Var,TV+ Yok,Yıllık,Sürekli Lig,Fikstür,Bilgi,Takım,Jenerik,Türkçe,Head,tk_fikstur
fenerbahçe puan durumu,Süper Lig,Futbol,Lig,1. Seviye,Global Elit,Erkek,Kulüp,Takım Sporu,Türkiye,Yerli,Türk Takımı Var,TV+ Yok,Yıllık,Sürekli Lig,Puan Durumu,Bilgi,Takım,Jenerik,Türkçe,Body,tk_pd
fenerbahçe kadro,Süper Lig,Futbol,Lig,1. Seviye,Global Elit,Erkek,Kulüp,Takım Sporu,Türkiye,Yerli,Türk Takımı Var,TV+ Yok,Yıllık,Sürekli Lig,Kadro,Bilgi,Takım,Jenerik,Türkçe,Head,tk_kadro
fenerbahçe oyuncuları,Süper Lig,Futbol,Lig,1. Seviye,Global Elit,Erkek,Kulüp,Takım Sporu,Türkiye,Yerli,Türk Takımı Var,TV+ Yok,Yıllık,Sürekli Lig,Kadro,Bilgi,Takım,Jenerik,Türkçe,Head,tk_oyuncu
fenerbahçe transfer,Süper Lig,Futbol,Lig,1. Seviye,Global Elit,Erkek,Kulüp,Takım Sporu,Türkiye,Yerli,Türk Takımı Var,TV+ Yok,Yıllık,Sürekli Lig,Transfer,Bilgi,Takım,Jenerik,Türkçe,Head,tk_transfer
fenerbahçe,Süper Lig,Futbol,Lig,1. Seviye,Global Elit,Erkek,Kulüp,Takım Sporu,Türkiye,Yerli,Türk Takımı Var,TV+ Yok,Yıllık,Sürekli Lig,Takım Jenerik,Bilgi,Takım,Jenerik,Türkçe,Head,tk_jen
beşiktaş maçı,Süper Lig,Futbol,Lig,1. Seviye,Global Elit,Erkek,Kulüp,Takım Sporu,Türkiye,Yerli,Türk Takımı Var,TV+ Yok,Yıllık,Sürekli Lig,Takım Maç Sorgusu,Bilgi,Takım,Jenerik,Türkçe,Head,tk_mac
beşiktaş maçları,Süper Lig,Futbol,Lig,1. Seviye,Global Elit,Erkek,Kulüp,Takım Sporu,Türkiye,Yerli,Türk Takımı Var,TV+ Yok,Yıllık,Sürekli Lig,Takım Maç Sorgusu,Bilgi,Takım,Jenerik,Türkçe,Head,tk_maclar
beşiktaş maçı ne zaman,Süper Lig,Futbol,Lig,1. Seviye,Global Elit,Erkek,Kulüp,Takım Sporu,Türkiye,Yerli,Türk Takımı Var,TV+ Yok,Yıllık,Sürekli Lig,Takvim/Saat,Bilgi,Takım,Jenerik,Türkçe,Body,tk_nezaman
beşiktaş maçı hangi kanalda,Süper Lig,Futbol,Lig,1. Seviye,Global Elit,Erkek,Kulüp,Takım Sporu,Türkiye,Yerli,Türk Takımı Var,TV+ Yok,Yıllık,Sürekli Lig,Kanal/Yayın,İzleme,Takım,Jenerik,Türkçe,Body,tk_kanal
beşiktaş canlı izle,Süper Lig,Futbol,Lig,1. Seviye,Global Elit,Erkek,Kulüp,Takım Sporu,Türkiye,Yerli,Türk Takımı Var,TV+ Yok,Yıllık,Sürekli Lig,Canlı İzle,İzleme,Takım,Jenerik,Türkçe,Body,tk_izle
beşiktaş fikstür,Süper Lig,Futbol,Lig,1. Seviye,Global Elit,Erkek,Kulüp,Takım Sporu,Türkiye,Yerli,Türk Takımı Var,TV+ Yok,Yıllık,Sürekli Lig,Fikstür,Bilgi,Takım,Jenerik,Türkçe,Head,tk_fikstur
beşiktaş puan durumu,Süper Lig,Futbol,Lig,1. Seviye,Global Elit,Erkek,Kulüp,Takım Sporu,Türkiye,Yerli,Türk Takımı Var,TV+ Yok,Yıllık,Sürekli Lig,Puan Durumu,Bilgi,Takım,Jenerik,Türkçe,Body,tk_pd
beşiktaş kadro,Süper Lig,Futbol,Lig,1. Seviye,Global Elit,Erkek,Kulüp,Takım Sporu,Türkiye,Yerli,Türk Takımı Var,TV+ Yok,Yıllık,Sürekli Lig,Kadro,Bilgi,Takım,Jenerik,Türkçe,Head,tk_kadro
beşiktaş oyuncuları,Süper Lig,Futbol,Lig,1. Seviye,Global Elit,Erkek,Kulüp,Takım Sporu,Türkiye,Yerli,Türk Takımı Var,TV+ Yok,Yıllık,Sürekli Lig,Kadro,Bilgi,Takım,Jenerik,Türkçe,Head,tk_oyuncu
beşiktaş transfer,Süper Lig,Futbol,Lig,1. Seviye,Global Elit,Erkek,Kulüp,Takım Sporu,Türkiye,Yerli,Türk Takımı Var,TV+ Yok,Yıllık,Sürekli Lig,Transfer,Bilgi,Takım,Jenerik,Türkçe,Head,tk_transfer
beşiktaş,Süper Lig,Futbol,Lig,1. Seviye,Global Elit,Erkek,Kulüp,Takım Sporu,Türkiye,Yerli,Türk Takımı Var,TV+ Yok,Yıllık,Sürekli Lig,Takım Jenerik,Bilgi,Takım,Jenerik,Türkçe,Head,tk_jen
trabzonspor maçı,Süper Lig,Futbol,Lig,1. Seviye,Global Elit,Erkek,Kulüp,Takım Sporu,Türkiye,Yerli,Türk Takımı Var,TV+ Yok,Yıllık,Sürekli Lig,Takım Maç Sorgusu,Bilgi,Takım,Jenerik,Türkçe,Head,tk_mac
trabzonspor maçları,Süper Lig,Futbol,Lig,1. Seviye,Global Elit,Erkek,Kulüp,Takım Sporu,Türkiye,Yerli,Türk Takımı Var,TV+ Yok,Yıllık,Sürekli Lig,Takım Maç Sorgusu,Bilgi,Takım,Jenerik,Türkçe,Head,tk_maclar
trabzonspor maçı ne zaman,Süper Lig,Futbol,Lig,1. Seviye,Global Elit,Erkek,Kulüp,Takım Sporu,Türkiye,Yerli,Türk Takımı Var,TV+ Yok,Yıllık,Sürekli Lig,Takvim/Saat,Bilgi,Takım,Jenerik,Türkçe,Body,tk_nezaman
trabzonspor maçı hangi kanalda,Süper Lig,Futbol,Lig,1. Seviye,Global Elit,Erkek,Kulüp,Takım Sporu,Türkiye,Yerli,Türk Takımı Var,TV+ Yok,Yıllık,Sürekli Lig,Kanal/Yayın,İzleme,Takım,Jenerik,Türkçe,Body,tk_kanal
trabzonspor canlı izle,Süper Lig,Futbol,Lig,1. Seviye,Global Elit,Erkek,Kulüp,Takım Sporu,Türkiye,Yerli,Türk Takımı Var,TV+ Yok,Yıllık,Sürekli Lig,Canlı İzle,İzleme,Takım,Jenerik,Türkçe,Body,tk_izle
trabzonspor fikstür,Süper Lig,Futbol,Lig,1. Seviye,Global Elit,Erkek,Kulüp,Takım Sporu,Türkiye,Yerli,Türk Takımı Var,TV+ Yok,Yıllık,Sürekli Lig,Fikstür,Bilgi,Takım,Jenerik,Türkçe,Head,tk_fikstur
trabzonspor puan durumu,Süper Lig,Futbol,Lig,1. Seviye,Global Elit,Erkek,Kulüp,Takım Sporu,Türkiye,Yerli,Türk Takımı Var,TV+ Yok,Yıllık,Sürekli Lig,Puan Durumu,Bilgi,Takım,Jenerik,İngilizce,Body,tk_pd
trabzonspor kadro,Süper Lig,Futbol,Lig,1. Seviye,Global Elit,Erkek,Kulüp,Takım Sporu,Türkiye,Yerli,Türk Takımı Var,TV+ Yok,Yıllık,Sürekli Lig,Kadro,Bilgi,Takım,Jenerik,İngilizce,Head,tk_kadro
trabzonspor oyuncuları,Süper Lig,Futbol,Lig,1. Seviye,Global Elit,Erkek,Kulüp,Takım Sporu,Türkiye,Yerli,Türk Takımı Var,TV+ Yok,Yıllık,Sürekli Lig,Kadro,Bilgi,Takım,Jenerik,Türkçe,Head,tk_oyuncu
trabzonspor transfer,Süper Lig,Futbol,Lig,1. Seviye,Global Elit,Erkek,Kulüp,Takım Sporu,Türkiye,Yerli,Türk Takımı Var,TV+ Yok,Yıllık,Sürekli Lig,Transfer,Bilgi,Takım,Jenerik,İngilizce,Head,tk_transfer
trabzonspor,Süper Lig,Futbol,Lig,1. Seviye,Global Elit,Erkek,Kulüp,Takım Sporu,Türkiye,Yerli,Türk Takımı Var,TV+ Yok,Yıllık,Sürekli Lig,Takım Jenerik,Bilgi,Takım,Jenerik,İngilizce,Head,tk_jen
başakşehir maçı,Süper Lig,Futbol,Lig,1. Seviye,Global Elit,Erkek,Kulüp,Takım Sporu,Türkiye,Yerli,Türk Takımı Var,TV+ Yok,Yıllık,Sürekli Lig,Takım Maç Sorgusu,Bilgi,Takım,Jenerik,Türkçe,Head,tk_mac
başakşehir maçları,Süper Lig,Futbol,Lig,1. Seviye,Global Elit,Erkek,Kulüp,Takım Sporu,Türkiye,Yerli,Türk Takımı Var,TV+ Yok,Yıllık,Sürekli Lig,Takım Maç Sorgusu,Bilgi,Takım,Jenerik,Türkçe,Head,tk_maclar
başakşehir maçı ne zaman,Süper Lig,Futbol,Lig,1. Seviye,Global Elit,Erkek,Kulüp,Takım Sporu,Türkiye,Yerli,Türk Takımı Var,TV+ Yok,Yıllık,Sürekli Lig,Takvim/Saat,Bilgi,Takım,Jenerik,Türkçe,Body,tk_nezaman
başakşehir maçı hangi kanalda,Süper Lig,Futbol,Lig,1. Seviye,Global Elit,Erkek,Kulüp,Takım Sporu,Türkiye,Yerli,Türk Takımı Var,TV+ Yok,Yıllık,Sürekli Lig,Kanal/Yayın,İzleme,Takım,Jenerik,Türkçe,Body,tk_kanal
başakşehir canlı izle,Süper Lig,Futbol,Lig,1. Seviye,Global Elit,Erkek,Kulüp,Takım Sporu,Türkiye,Yerli,Türk Takımı Var,TV+ Yok,Yıllık,Sürekli Lig,Canlı İzle,İzleme,Takım,Jenerik,Türkçe,Body,tk_izle
başakşehir fikstür,Süper Lig,Futbol,Lig,1. Seviye,Global Elit,Erkek,Kulüp,Takım Sporu,Türkiye,Yerli,Türk Takımı Var,TV+ Yok,Yıllık,Sürekli Lig,Fikstür,Bilgi,Takım,Jenerik,Türkçe,Head,tk_fikstur
başakşehir puan durumu,Süper Lig,Futbol,Lig,1. Seviye,Global Elit,Erkek,Kulüp,Takım Sporu,Türkiye,Yerli,Türk Takımı Var,TV+ Yok,Yıllık,Sürekli Lig,Puan Durumu,Bilgi,Takım,Jenerik,Türkçe,Body,tk_pd
başakşehir kadro,Süper Lig,Futbol,Lig,1. Seviye,Global Elit,Erkek,Kulüp,Takım Sporu,Türkiye,Yerli,Türk Takımı Var,TV+ Yok,Yıllık,Sürekli Lig,Kadro,Bilgi,Takım,Jenerik,Türkçe,Head,tk_kadro
başakşehir oyuncuları,Süper Lig,Futbol,Lig,1. Seviye,Global Elit,Erkek,Kulüp,Takım Sporu,Türkiye,Yerli,Türk Takımı Var,TV+ Yok,Yıllık,Sürekli Lig,Kadro,Bilgi,Takım,Jenerik,Türkçe,Head,tk_oyuncu
başakşehir transfer,Süper Lig,Futbol,Lig,1. Seviye,Global Elit,Erkek,Kulüp,Takım Sporu,Türkiye,Yerli,Türk Takımı Var,TV+ Yok,Yıllık,Sürekli Lig,Transfer,Bilgi,Takım,Jenerik,Türkçe,Head,tk_transfer
başakşehir,Süper Lig,Futbol,Lig,1. Seviye,Global Elit,Erkek,Kulüp,Takım Sporu,Türkiye,Yerli,Türk Takımı Var,TV+ Yok,Yıllık,Sürekli Lig,Takım Jenerik,Bilgi,Takım,Jenerik,Türkçe,Head,tk_jen
samsunspor maçı,Süper Lig,Futbol,Lig,1. Seviye,Global Elit,Erkek,Kulüp,Takım Sporu,Türkiye,Yerli,Türk Takımı Var,TV+ Yok,Yıllık,Sürekli Lig,Takım Maç Sorgusu,Bilgi,Takım,Jenerik,Türkçe,Head,tk_mac
samsunspor maçları,Süper Lig,Futbol,Lig,1. Seviye,Global Elit,Erkek,Kulüp,Takım Sporu,Türkiye,Yerli,Türk Takımı Var,TV+ Yok,Yıllık,Sürekli Lig,Takım Maç Sorgusu,Bilgi,Takım,Jenerik,Türkçe,Head,tk_maclar
samsunspor maçı ne zaman,Süper Lig,Futbol,Lig,1. Seviye,Global Elit,Erkek,Kulüp,Takım Sporu,Türkiye,Yerli,Türk Takımı Var,TV+ Yok,Yıllık,Sürekli Lig,Takvim/Saat,Bilgi,Takım,Jenerik,Türkçe,Body,tk_nezaman
samsunspor maçı hangi kanalda,Süper Lig,Futbol,Lig,1. Seviye,Global Elit,Erkek,Kulüp,Takım Sporu,Türkiye,Yerli,Türk Takımı Var,TV+ Yok,Yıllık,Sürekli Lig,Kanal/Yayın,İzleme,Takım,Jenerik,Türkçe,Body,tk_kanal
samsunspor canlı izle,Süper Lig,Futbol,Lig,1. Seviye,Global Elit,Erkek,Kulüp,Takım Sporu,Türkiye,Yerli,Türk Takımı Var,TV+ Yok,Yıllık,Sürekli Lig,Canlı İzle,İzleme,Takım,Jenerik,Türkçe,Body,tk_izle
samsunspor fikstür,Süper Lig,Futbol,Lig,1. Seviye,Global Elit,Erkek,Kulüp,Takım Sporu,Türkiye,Yerli,Türk Takımı Var,TV+ Yok,Yıllık,Sürekli Lig,Fikstür,Bilgi,Takım,Jenerik,Türkçe,Head,tk_fikstur
samsunspor puan durumu,Süper Lig,Futbol,Lig,1. Seviye,Global Elit,Erkek,Kulüp,Takım Sporu,Türkiye,Yerli,Türk Takımı Var,TV+ Yok,Yıllık,Sürekli Lig,Puan Durumu,Bilgi,Takım,Jenerik,İngilizce,Body,tk_pd
samsunspor kadro,Süper Lig,Futbol,Lig,1. Seviye,Global Elit,Erkek,Kulüp,Takım Sporu,Türkiye,Yerli,Türk Takımı Var,TV+ Yok,Yıllık,Sürekli Lig,Kadro,Bilgi,Takım,Jenerik,İngilizce,Head,tk_kadro
samsunspor oyuncuları,Süper Lig,Futbol,Lig,1. Seviye,Global Elit,Erkek,Kulüp,Takım Sporu,Türkiye,Yerli,Türk Takımı Var,TV+ Yok,Yıllık,Sürekli Lig,Kadro,Bilgi,Takım,Jenerik,Türkçe,Head,tk_oyuncu
samsunspor transfer,Süper Lig,Futbol,Lig,1. Seviye,Global Elit,Erkek,Kulüp,Takım Sporu,Türkiye,Yerli,Türk Takımı Var,TV+ Yok,Yıllık,Sürekli Lig,Transfer,Bilgi,Takım,Jenerik,İngilizce,Head,tk_transfer
samsunspor,Süper Lig,Futbol,Lig,1. Seviye,Global Elit,Erkek,Kulüp,Takım Sporu,Türkiye,Yerli,Türk Takımı Var,TV+ Yok,Yıllık,Sürekli Lig,Takım Jenerik,Bilgi,Takım,Jenerik,İngilizce,Head,tk_jen
kocaelispor maçı,Süper Lig,Futbol,Lig,1. Seviye,Global Elit,Erkek,Kulüp,Takım Sporu,Türkiye,Yerli,Türk Takımı Var,TV+ Yok,Yıllık,Sürekli Lig,Takım Maç Sorgusu,Bilgi,Takım,Jenerik,Türkçe,Head,tk_mac
kocaelispor maçları,Süper Lig,Futbol,Lig,1. Seviye,Global Elit,Erkek,Kulüp,Takım Sporu,Türkiye,Yerli,Türk Takımı Var,TV+ Yok,Yıllık,Sürekli Lig,Takım Maç Sorgusu,Bilgi,Takım,Jenerik,Türkçe,Head,tk_maclar
kocaelispor maçı ne zaman,Süper Lig,Futbol,Lig,1. Seviye,Global Elit,Erkek,Kulüp,Takım Sporu,Türkiye,Yerli,Türk Takımı Var,TV+ Yok,Yıllık,Sürekli Lig,Takvim/Saat,Bilgi,Takım,Jenerik,Türkçe,Body,tk_nezaman
kocaelispor maçı hangi kanalda,Süper Lig,Futbol,Lig,1. Seviye,Global Elit,Erkek,Kulüp,Takım Sporu,Türkiye,Yerli,Türk Takımı Var,TV+ Yok,Yıllık,Sürekli Lig,Kanal/Yayın,İzleme,Takım,Jenerik,Türkçe,Body,tk_kanal
kocaelispor canlı izle,Süper Lig,Futbol,Lig,1. Seviye,Global Elit,Erkek,Kulüp,Takım Sporu,Türkiye,Yerli,Türk Takımı Var,TV+ Yok,Yıllık,Sürekli Lig,Canlı İzle,İzleme,Takım,Jenerik,Türkçe,Body,tk_izle
kocaelispor fikstür,Süper Lig,Futbol,Lig,1. Seviye,Global Elit,Erkek,Kulüp,Takım Sporu,Türkiye,Yerli,Türk Takımı Var,TV+ Yok,Yıllık,Sürekli Lig,Fikstür,Bilgi,Takım,Jenerik,Türkçe,Head,tk_fikstur
kocaelispor puan durumu,Süper Lig,Futbol,Lig,1. Seviye,Global Elit,Erkek,Kulüp,Takım Sporu,Türkiye,Yerli,Türk Takımı Var,TV+ Yok,Yıllık,Sürekli Lig,Puan Durumu,Bilgi,Takım,Jenerik,İngilizce,Body,tk_pd
kocaelispor kadro,Süper Lig,Futbol,Lig,1. Seviye,Global Elit,Erkek,Kulüp,Takım Sporu,Türkiye,Yerli,Türk Takımı Var,TV+ Yok,Yıllık,Sürekli Lig,Kadro,Bilgi,Takım,Jenerik,İngilizce,Head,tk_kadro
kocaelispor oyuncuları,Süper Lig,Futbol,Lig,1. Seviye,Global Elit,Erkek,Kulüp,Takım Sporu,Türkiye,Yerli,Türk Takımı Var,TV+ Yok,Yıllık,Sürekli Lig,Kadro,Bilgi,Takım,Jenerik,Türkçe,Head,tk_oyuncu
kocaelispor transfer,Süper Lig,Futbol,Lig,1. Seviye,Global Elit,Erkek,Kulüp,Takım Sporu,Türkiye,Yerli,Türk Takımı Var,TV+ Yok,Yıllık,Sürekli Lig,Transfer,Bilgi,Takım,Jenerik,İngilizce,Head,tk_transfer
kocaelispor,Süper Lig,Futbol,Lig,1. Seviye,Global Elit,Erkek,Kulüp,Takım Sporu,Türkiye,Yerli,Türk Takımı Var,TV+ Yok,Yıllık,Sürekli Lig,Takım Jenerik,Bilgi,Takım,Jenerik,İngilizce,Head,tk_jen
göztepe maçı,Süper Lig,Futbol,Lig,1. Seviye,Global Elit,Erkek,Kulüp,Takım Sporu,Türkiye,Yerli,Türk Takımı Var,TV+ Yok,Yıllık,Sürekli Lig,Takım Maç Sorgusu,Bilgi,Takım,Jenerik,Türkçe,Head,tk_mac
göztepe maçları,Süper Lig,Futbol,Lig,1. Seviye,Global Elit,Erkek,Kulüp,Takım Sporu,Türkiye,Yerli,Türk Takımı Var,TV+ Yok,Yıllık,Sürekli Lig,Takım Maç Sorgusu,Bilgi,Takım,Jenerik,Türkçe,Head,tk_maclar
göztepe maçı ne zaman,Süper Lig,Futbol,Lig,1. Seviye,Global Elit,Erkek,Kulüp,Takım Sporu,Türkiye,Yerli,Türk Takımı Var,TV+ Yok,Yıllık,Sürekli Lig,Takvim/Saat,Bilgi,Takım,Jenerik,Türkçe,Body,tk_nezaman
göztepe maçı hangi kanalda,Süper Lig,Futbol,Lig,1. Seviye,Global Elit,Erkek,Kulüp,Takım Sporu,Türkiye,Yerli,Türk Takımı Var,TV+ Yok,Yıllık,Sürekli Lig,Kanal/Yayın,İzleme,Takım,Jenerik,Türkçe,Body,tk_kanal
göztepe canlı izle,Süper Lig,Futbol,Lig,1. Seviye,Global Elit,Erkek,Kulüp,Takım Sporu,Türkiye,Yerli,Türk Takımı Var,TV+ Yok,Yıllık,Sürekli Lig,Canlı İzle,İzleme,Takım,Jenerik,Türkçe,Body,tk_izle
göztepe fikstür,Süper Lig,Futbol,Lig,1. Seviye,Global Elit,Erkek,Kulüp,Takım Sporu,Türkiye,Yerli,Türk Takımı Var,TV+ Yok,Yıllık,Sürekli Lig,Fikstür,Bilgi,Takım,Jenerik,Türkçe,Head,tk_fikstur
göztepe puan durumu,Süper Lig,Futbol,Lig,1. Seviye,Global Elit,Erkek,Kulüp,Takım Sporu,Türkiye,Yerli,Türk Takımı Var,TV+ Yok,Yıllık,Sürekli Lig,Puan Durumu,Bilgi,Takım,Jenerik,Türkçe,Body,tk_pd
göztepe kadro,Süper Lig,Futbol,Lig,1. Seviye,Global Elit,Erkek,Kulüp,Takım Sporu,Türkiye,Yerli,Türk Takımı Var,TV+ Yok,Yıllık,Sürekli Lig,Kadro,Bilgi,Takım,Jenerik,Türkçe,Head,tk_kadro
göztepe oyuncuları,Süper Lig,Futbol,Lig,1. Seviye,Global Elit,Erkek,Kulüp,Takım Sporu,Türkiye,Yerli,Türk Takımı Var,TV+ Yok,Yıllık,Sürekli Lig,Kadro,Bilgi,Takım,Jenerik,Türkçe,Head,tk_oyuncu
göztepe transfer,Süper Lig,Futbol,Lig,1. Seviye,Global Elit,Erkek,Kulüp,Takım Sporu,Türkiye,Yerli,Türk Takımı Var,TV+ Yok,Yıllık,Sürekli Lig,Transfer,Bilgi,Takım,Jenerik,Türkçe,Head,tk_transfer
göztepe,Süper Lig,Futbol,Lig,1. Seviye,Global Elit,Erkek,Kulüp,Takım Sporu,Türkiye,Yerli,Türk Takımı Var,TV+ Yok,Yıllık,Sürekli Lig,Takım Jenerik,Bilgi,Takım,Jenerik,Türkçe,Head,tk_jen
alanyaspor maçı,Süper Lig,Futbol,Lig,1. Seviye,Global Elit,Erkek,Kulüp,Takım Sporu,Türkiye,Yerli,Türk Takımı Var,TV+ Yok,Yıllık,Sürekli Lig,Takım Maç Sorgusu,Bilgi,Takım,Jenerik,Türkçe,Head,tk_mac
alanyaspor maçları,Süper Lig,Futbol,Lig,1. Seviye,Global Elit,Erkek,Kulüp,Takım Sporu,Türkiye,Yerli,Türk Takımı Var,TV+ Yok,Yıllık,Sürekli Lig,Takım Maç Sorgusu,Bilgi,Takım,Jenerik,Türkçe,Head,tk_maclar
alanyaspor maçı ne zaman,Süper Lig,Futbol,Lig,1. Seviye,Global Elit,Erkek,Kulüp,Takım Sporu,Türkiye,Yerli,Türk Takımı Var,TV+ Yok,Yıllık,Sürekli Lig,Takvim/Saat,Bilgi,Takım,Jenerik,Türkçe,Body,tk_nezaman
alanyaspor maçı hangi kanalda,Süper Lig,Futbol,Lig,1. Seviye,Global Elit,Erkek,Kulüp,Takım Sporu,Türkiye,Yerli,Türk Takımı Var,TV+ Yok,Yıllık,Sürekli Lig,Kanal/Yayın,İzleme,Takım,Jenerik,Türkçe,Body,tk_kanal
alanyaspor canlı izle,Süper Lig,Futbol,Lig,1. Seviye,Global Elit,Erkek,Kulüp,Takım Sporu,Türkiye,Yerli,Türk Takımı Var,TV+ Yok,Yıllık,Sürekli Lig,Canlı İzle,İzleme,Takım,Jenerik,Türkçe,Body,tk_izle
alanyaspor fikstür,Süper Lig,Futbol,Lig,1. Seviye,Global Elit,Erkek,Kulüp,Takım Sporu,Türkiye,Yerli,Türk Takımı Var,TV+ Yok,Yıllık,Sürekli Lig,Fikstür,Bilgi,Takım,Jenerik,Türkçe,Head,tk_fikstur
alanyaspor puan durumu,Süper Lig,Futbol,Lig,1. Seviye,Global Elit,Erkek,Kulüp,Takım Sporu,Türkiye,Yerli,Türk Takımı Var,TV+ Yok,Yıllık,Sürekli Lig,Puan Durumu,Bilgi,Takım,Jenerik,İngilizce,Body,tk_pd
alanyaspor kadro,Süper Lig,Futbol,Lig,1. Seviye,Global Elit,Erkek,Kulüp,Takım Sporu,Türkiye,Yerli,Türk Takımı Var,TV+ Yok,Yıllık,Sürekli Lig,Kadro,Bilgi,Takım,Jenerik,İngilizce,Head,tk_kadro
alanyaspor oyuncuları,Süper Lig,Futbol,Lig,1. Seviye,Global Elit,Erkek,Kulüp,Takım Sporu,Türkiye,Yerli,Türk Takımı Var,TV+ Yok,Yıllık,Sürekli Lig,Kadro,Bilgi,Takım,Jenerik,Türkçe,Head,tk_oyuncu
alanyaspor transfer,Süper Lig,Futbol,Lig,1. Seviye,Global Elit,Erkek,Kulüp,Takım Sporu,Türkiye,Yerli,Türk Takımı Var,TV+ Yok,Yıllık,Sürekli Lig,Transfer,Bilgi,Takım,Jenerik,İngilizce,Head,tk_transfer
alanyaspor,Süper Lig,Futbol,Lig,1. Seviye,Global Elit,Erkek,Kulüp,Takım Sporu,Türkiye,Yerli,Türk Takımı Var,TV+ Yok,Yıllık,Sürekli Lig,Takım Jenerik,Bilgi,Takım,Jenerik,İngilizce,Head,tk_jen
konyaspor maçı,Süper Lig,Futbol,Lig,1. Seviye,Global Elit,Erkek,Kulüp,Takım Sporu,Türkiye,Yerli,Türk Takımı Var,TV+ Yok,Yıllık,Sürekli Lig,Takım Maç Sorgusu,Bilgi,Takım,Jenerik,Türkçe,Head,tk_mac
konyaspor maçları,Süper Lig,Futbol,Lig,1. Seviye,Global Elit,Erkek,Kulüp,Takım Sporu,Türkiye,Yerli,Türk Takımı Var,TV+ Yok,Yıllık,Sürekli Lig,Takım Maç Sorgusu,Bilgi,Takım,Jenerik,Türkçe,Head,tk_maclar
konyaspor maçı ne zaman,Süper Lig,Futbol,Lig,1. Seviye,Global Elit,Erkek,Kulüp,Takım Sporu,Türkiye,Yerli,Türk Takımı Var,TV+ Yok,Yıllık,Sürekli Lig,Takvim/Saat,Bilgi,Takım,Jenerik,Türkçe,Body,tk_nezaman
konyaspor maçı hangi kanalda,Süper Lig,Futbol,Lig,1. Seviye,Global Elit,Erkek,Kulüp,Takım Sporu,Türkiye,Yerli,Türk Takımı Var,TV+ Yok,Yıllık,Sürekli Lig,Kanal/Yayın,İzleme,Takım,Jenerik,Türkçe,Body,tk_kanal
konyaspor canlı izle,Süper Lig,Futbol,Lig,1. Seviye,Global Elit,Erkek,Kulüp,Takım Sporu,Türkiye,Yerli,Türk Takımı Var,TV+ Yok,Yıllık,Sürekli Lig,Canlı İzle,İzleme,Takım,Jenerik,Türkçe,Body,tk_izle
konyaspor fikstür,Süper Lig,Futbol,Lig,1. Seviye,Global Elit,Erkek,Kulüp,Takım Sporu,Türkiye,Yerli,Türk Takımı Var,TV+ Yok,Yıllık,Sürekli Lig,Fikstür,Bilgi,Takım,Jenerik,Türkçe,Head,tk_fikstur
konyaspor puan durumu,Süper Lig,Futbol,Lig,1. Seviye,Global Elit,Erkek,Kulüp,Takım Sporu,Türkiye,Yerli,Türk Takımı Var,TV+ Yok,Yıllık,Sürekli Lig,Puan Durumu,Bilgi,Takım,Jenerik,İngilizce,Body,tk_pd
konyaspor kadro,Süper Lig,Futbol,Lig,1. Seviye,Global Elit,Erkek,Kulüp,Takım Sporu,Türkiye,Yerli,Türk Takımı Var,TV+ Yok,Yıllık,Sürekli Lig,Kadro,Bilgi,Takım,Jenerik,İngilizce,Head,tk_kadro
konyaspor oyuncuları,Süper Lig,Futbol,Lig,1. Seviye,Global Elit,Erkek,Kulüp,Takım Sporu,Türkiye,Yerli,Türk Takımı Var,TV+ Yok,Yıllık,Sürekli Lig,Kadro,Bilgi,Takım,Jenerik,Türkçe,Head,tk_oyuncu
konyaspor transfer,Süper Lig,Futbol,Lig,1. Seviye,Global Elit,Erkek,Kulüp,Takım Sporu,Türkiye,Yerli,Türk Takımı Var,TV+ Yok,Yıllık,Sürekli Lig,Transfer,Bilgi,Takım,Jenerik,İngilizce,Head,tk_transfer
konyaspor,Süper Lig,Futbol,Lig,1. Seviye,Global Elit,Erkek,Kulüp,Takım Sporu,Türkiye,Yerli,Türk Takımı Var,TV+ Yok,Yıllık,Sürekli Lig,Takım Jenerik,Bilgi,Takım,Jenerik,İngilizce,Head,tk_jen
antalyaspor maçı,Süper Lig,Futbol,Lig,1. Seviye,Global Elit,Erkek,Kulüp,Takım Sporu,Türkiye,Yerli,Türk Takımı Var,TV+ Yok,Yıllık,Sürekli Lig,Takım Maç Sorgusu,Bilgi,Takım,Jenerik,Türkçe,Head,tk_mac
antalyaspor maçları,Süper Lig,Futbol,Lig,1. Seviye,Global Elit,Erkek,Kulüp,Takım Sporu,Türkiye,Yerli,Türk Takımı Var,TV+ Yok,Yıllık,Sürekli Lig,Takım Maç Sorgusu,Bilgi,Takım,Jenerik,Türkçe,Head,tk_maclar
antalyaspor maçı ne zaman,Süper Lig,Futbol,Lig,1. Seviye,Global Elit,Erkek,Kulüp,Takım Sporu,Türkiye,Yerli,Türk Takımı Var,TV+ Yok,Yıllık,Sürekli Lig,Takvim/Saat,Bilgi,Takım,Jenerik,Türkçe,Body,tk_nezaman
antalyaspor maçı hangi kanalda,Süper Lig,Futbol,Lig,1. Seviye,Global Elit,Erkek,Kulüp,Takım Sporu,Türkiye,Yerli,Türk Takımı Var,TV+ Yok,Yıllık,Sürekli Lig,Kanal/Yayın,İzleme,Takım,Jenerik,Türkçe,Body,tk_kanal
antalyaspor canlı izle,Süper Lig,Futbol,Lig,1. Seviye,Global Elit,Erkek,Kulüp,Takım Sporu,Türkiye,Yerli,Türk Takımı Var,TV+ Yok,Yıllık,Sürekli Lig,Canlı İzle,İzleme,Takım,Jenerik,Türkçe,Body,tk_izle
antalyaspor fikstür,Süper Lig,Futbol,Lig,1. Seviye,Global Elit,Erkek,Kulüp,Takım Sporu,Türkiye,Yerli,Türk Takımı Var,TV+ Yok,Yıllık,Sürekli Lig,Fikstür,Bilgi,Takım,Jenerik,Türkçe,Head,tk_fikstur
antalyaspor puan durumu,Süper Lig,Futbol,Lig,1. Seviye,Global Elit,Erkek,Kulüp,Takım Sporu,Türkiye,Yerli,Türk Takımı Var,TV+ Yok,Yıllık,Sürekli Lig,Puan Durumu,Bilgi,Takım,Jenerik,İngilizce,Body,tk_pd
antalyaspor kadro,Süper Lig,Futbol,Lig,1. Seviye,Global Elit,Erkek,Kulüp,Takım Sporu,Türkiye,Yerli,Türk Takımı Var,TV+ Yok,Yıllık,Sürekli Lig,Kadro,Bilgi,Takım,Jenerik,İngilizce,Head,tk_kadro
antalyaspor oyuncuları,Süper Lig,Futbol,Lig,1. Seviye,Global Elit,Erkek,Kulüp,Takım Sporu,Türkiye,Yerli,Türk Takımı Var,TV+ Yok,Yıllık,Sürekli Lig,Kadro,Bilgi,Takım,Jenerik,Türkçe,Head,tk_oyuncu
antalyaspor transfer,Süper Lig,Futbol,Lig,1. Seviye,Global Elit,Erkek,Kulüp,Takım Sporu,Türkiye,Yerli,Türk Takımı Var,TV+ Yok,Yıllık,Sürekli Lig,Transfer,Bilgi,Takım,Jenerik,İngilizce,Head,tk_transfer
antalyaspor,Süper Lig,Futbol,Lig,1. Seviye,Global Elit,Erkek,Kulüp,Takım Sporu,Türkiye,Yerli,Türk Takımı Var,TV+ Yok,Yıllık,Sürekli Lig,Takım Jenerik,Bilgi,Takım,Jenerik,İngilizce,Head,tk_jen
kasımpaşa maçı,Süper Lig,Futbol,Lig,1. Seviye,Global Elit,Erkek,Kulüp,Takım Sporu,Türkiye,Yerli,Türk Takımı Var,TV+ Yok,Yıllık,Sürekli Lig,Takım Maç Sorgusu,Bilgi,Takım,Jenerik,Türkçe,Head,tk_mac
kasımpaşa maçları,Süper Lig,Futbol,Lig,1. Seviye,Global Elit,Erkek,Kulüp,Takım Sporu,Türkiye,Yerli,Türk Takımı Var,TV+ Yok,Yıllık,Sürekli Lig,Takım Maç Sorgusu,Bilgi,Takım,Jenerik,Türkçe,Head,tk_maclar
kasımpaşa maçı ne zaman,Süper Lig,Futbol,Lig,1. Seviye,Global Elit,Erkek,Kulüp,Takım Sporu,Türkiye,Yerli,Türk Takımı Var,TV+ Yok,Yıllık,Sürekli Lig,Takvim/Saat,Bilgi,Takım,Jenerik,Türkçe,Body,tk_nezaman
kasımpaşa maçı hangi kanalda,Süper Lig,Futbol,Lig,1. Seviye,Global Elit,Erkek,Kulüp,Takım Sporu,Türkiye,Yerli,Türk Takımı Var,TV+ Yok,Yıllık,Sürekli Lig,Kanal/Yayın,İzleme,Takım,Jenerik,Türkçe,Body,tk_kanal
kasımpaşa canlı izle,Süper Lig,Futbol,Lig,1. Seviye,Global Elit,Erkek,Kulüp,Takım Sporu,Türkiye,Yerli,Türk Takımı Var,TV+ Yok,Yıllık,Sürekli Lig,Canlı İzle,İzleme,Takım,Jenerik,Türkçe,Body,tk_izle
kasımpaşa fikstür,Süper Lig,Futbol,Lig,1. Seviye,Global Elit,Erkek,Kulüp,Takım Sporu,Türkiye,Yerli,Türk Takımı Var,TV+ Yok,Yıllık,Sürekli Lig,Fikstür,Bilgi,Takım,Jenerik,Türkçe,Head,tk_fikstur
kasımpaşa puan durumu,Süper Lig,Futbol,Lig,1. Seviye,Global Elit,Erkek,Kulüp,Takım Sporu,Türkiye,Yerli,Türk Takımı Var,TV+ Yok,Yıllık,Sürekli Lig,Puan Durumu,Bilgi,Takım,Jenerik,Türkçe,Body,tk_pd
kasımpaşa kadro,Süper Lig,Futbol,Lig,1. Seviye,Global Elit,Erkek,Kulüp,Takım Sporu,Türkiye,Yerli,Türk Takımı Var,TV+ Yok,Yıllık,Sürekli Lig,Kadro,Bilgi,Takım,Jenerik,Türkçe,Head,tk_kadro
kasımpaşa oyuncuları,Süper Lig,Futbol,Lig,1. Seviye,Global Elit,Erkek,Kulüp,Takım Sporu,Türkiye,Yerli,Türk Takımı Var,TV+ Yok,Yıllık,Sürekli Lig,Kadro,Bilgi,Takım,Jenerik,Türkçe,Head,tk_oyuncu
kasımpaşa transfer,Süper Lig,Futbol,Lig,1. Seviye,Global Elit,Erkek,Kulüp,Takım Sporu,Türkiye,Yerli,Türk Takımı Var,TV+ Yok,Yıllık,Sürekli Lig,Transfer,Bilgi,Takım,Jenerik,Türkçe,Head,tk_transfer
kasımpaşa,Süper Lig,Futbol,Lig,1. Seviye,Global Elit,Erkek,Kulüp,Takım Sporu,Türkiye,Yerli,Türk Takımı Var,TV+ Yok,Yıllık,Sürekli Lig,Takım Jenerik,Bilgi,Takım,Jenerik,Türkçe,Head,tk_jen
rizespor maçı,Süper Lig,Futbol,Lig,1. Seviye,Global Elit,Erkek,Kulüp,Takım Sporu,Türkiye,Yerli,Türk Takımı Var,TV+ Yok,Yıllık,Sürekli Lig,Takım Maç Sorgusu,Bilgi,Takım,Jenerik,Türkçe,Head,tk_mac
rizespor maçları,Süper Lig,Futbol,Lig,1. Seviye,Global Elit,Erkek,Kulüp,Takım Sporu,Türkiye,Yerli,Türk Takımı Var,TV+ Yok,Yıllık,Sürekli Lig,Takım Maç Sorgusu,Bilgi,Takım,Jenerik,Türkçe,Head,tk_maclar
rizespor maçı ne zaman,Süper Lig,Futbol,Lig,1. Seviye,Global Elit,Erkek,Kulüp,Takım Sporu,Türkiye,Yerli,Türk Takımı Var,TV+ Yok,Yıllık,Sürekli Lig,Takvim/Saat,Bilgi,Takım,Jenerik,Türkçe,Body,tk_nezaman
rizespor maçı hangi kanalda,Süper Lig,Futbol,Lig,1. Seviye,Global Elit,Erkek,Kulüp,Takım Sporu,Türkiye,Yerli,Türk Takımı Var,TV+ Yok,Yıllık,Sürekli Lig,Kanal/Yayın,İzleme,Takım,Jenerik,Türkçe,Body,tk_kanal
rizespor canlı izle,Süper Lig,Futbol,Lig,1. Seviye,Global Elit,Erkek,Kulüp,Takım Sporu,Türkiye,Yerli,Türk Takımı Var,TV+ Yok,Yıllık,Sürekli Lig,Canlı İzle,İzleme,Takım,Jenerik,Türkçe,Body,tk_izle
rizespor fikstür,Süper Lig,Futbol,Lig,1. Seviye,Global Elit,Erkek,Kulüp,Takım Sporu,Türkiye,Yerli,Türk Takımı Var,TV+ Yok,Yıllık,Sürekli Lig,Fikstür,Bilgi,Takım,Jenerik,Türkçe,Head,tk_fikstur
rizespor puan durumu,Süper Lig,Futbol,Lig,1. Seviye,Global Elit,Erkek,Kulüp,Takım Sporu,Türkiye,Yerli,Türk Takımı Var,TV+ Yok,Yıllık,Sürekli Lig,Puan Durumu,Bilgi,Takım,Jenerik,İngilizce,Body,tk_pd
rizespor kadro,Süper Lig,Futbol,Lig,1. Seviye,Global Elit,Erkek,Kulüp,Takım Sporu,Türkiye,Yerli,Türk Takımı Var,TV+ Yok,Yıllık,Sürekli Lig,Kadro,Bilgi,Takım,Jenerik,İngilizce,Head,tk_kadro
rizespor oyuncuları,Süper Lig,Futbol,Lig,1. Seviye,Global Elit,Erkek,Kulüp,Takım Sporu,Türkiye,Yerli,Türk Takımı Var,TV+ Yok,Yıllık,Sürekli Lig,Kadro,Bilgi,Takım,Jenerik,Türkçe,Head,tk_oyuncu
rizespor transfer,Süper Lig,Futbol,Lig,1. Seviye,Global Elit,Erkek,Kulüp,Takım Sporu,Türkiye,Yerli,Türk Takımı Var,TV+ Yok,Yıllık,Sürekli Lig,Transfer,Bilgi,Takım,Jenerik,İngilizce,Head,tk_transfer
rizespor,Süper Lig,Futbol,Lig,1. Seviye,Global Elit,Erkek,Kulüp,Takım Sporu,Türkiye,Yerli,Türk Takımı Var,TV+ Yok,Yıllık,Sürekli Lig,Takım Jenerik,Bilgi,Takım,Jenerik,İngilizce,Head,tk_jen
gaziantep fk maçı,Süper Lig,Futbol,Lig,1. Seviye,Global Elit,Erkek,Kulüp,Takım Sporu,Türkiye,Yerli,Türk Takımı Var,TV+ Yok,Yıllık,Sürekli Lig,Takım Maç Sorgusu,Bilgi,Takım,Jenerik,Türkçe,Body,tk_mac
gaziantep fk maçları,Süper Lig,Futbol,Lig,1. Seviye,Global Elit,Erkek,Kulüp,Takım Sporu,Türkiye,Yerli,Türk Takımı Var,TV+ Yok,Yıllık,Sürekli Lig,Takım Maç Sorgusu,Bilgi,Takım,Jenerik,Türkçe,Body,tk_maclar
gaziantep fk maçı ne zaman,Süper Lig,Futbol,Lig,1. Seviye,Global Elit,Erkek,Kulüp,Takım Sporu,Türkiye,Yerli,Türk Takımı Var,TV+ Yok,Yıllık,Sürekli Lig,Takvim/Saat,Bilgi,Takım,Jenerik,Türkçe,Long-tail,tk_nezaman
gaziantep fk maçı hangi kanalda,Süper Lig,Futbol,Lig,1. Seviye,Global Elit,Erkek,Kulüp,Takım Sporu,Türkiye,Yerli,Türk Takımı Var,TV+ Yok,Yıllık,Sürekli Lig,Kanal/Yayın,İzleme,Takım,Jenerik,Türkçe,Long-tail,tk_kanal
gaziantep fk canlı izle,Süper Lig,Futbol,Lig,1. Seviye,Global Elit,Erkek,Kulüp,Takım Sporu,Türkiye,Yerli,Türk Takımı Var,TV+ Yok,Yıllık,Sürekli Lig,Canlı İzle,İzleme,Takım,Jenerik,Türkçe,Body,tk_izle
gaziantep fk fikstür,Süper Lig,Futbol,Lig,1. Seviye,Global Elit,Erkek,Kulüp,Takım Sporu,Türkiye,Yerli,Türk Takımı Var,TV+ Yok,Yıllık,Sürekli Lig,Fikstür,Bilgi,Takım,Jenerik,Türkçe,Body,tk_fikstur
gaziantep fk puan durumu,Süper Lig,Futbol,Lig,1. Seviye,Global Elit,Erkek,Kulüp,Takım Sporu,Türkiye,Yerli,Türk Takımı Var,TV+ Yok,Yıllık,Sürekli Lig,Puan Durumu,Bilgi,Takım,Jenerik,İngilizce,Body,tk_pd
gaziantep fk kadro,Süper Lig,Futbol,Lig,1. Seviye,Global Elit,Erkek,Kulüp,Takım Sporu,Türkiye,Yerli,Türk Takımı Var,TV+ Yok,Yıllık,Sürekli Lig,Kadro,Bilgi,Takım,Jenerik,İngilizce,Body,tk_kadro
gaziantep fk oyuncuları,Süper Lig,Futbol,Lig,1. Seviye,Global Elit,Erkek,Kulüp,Takım Sporu,Türkiye,Yerli,Türk Takımı Var,TV+ Yok,Yıllık,Sürekli Lig,Kadro,Bilgi,Takım,Jenerik,Türkçe,Body,tk_oyuncu
gaziantep fk transfer,Süper Lig,Futbol,Lig,1. Seviye,Global Elit,Erkek,Kulüp,Takım Sporu,Türkiye,Yerli,Türk Takımı Var,TV+ Yok,Yıllık,Sürekli Lig,Transfer,Bilgi,Takım,Jenerik,İngilizce,Body,tk_transfer
gaziantep fk,Süper Lig,Futbol,Lig,1. Seviye,Global Elit,Erkek,Kulüp,Takım Sporu,Türkiye,Yerli,Türk Takımı Var,TV+ Yok,Yıllık,Sürekli Lig,Takım Jenerik,Bilgi,Takım,Jenerik,İngilizce,Head,tk_jen
eyüpspor maçı,Süper Lig,Futbol,Lig,1. Seviye,Global Elit,Erkek,Kulüp,Takım Sporu,Türkiye,Yerli,Türk Takımı Var,TV+ Yok,Yıllık,Sürekli Lig,Takım Maç Sorgusu,Bilgi,Takım,Jenerik,Türkçe,Head,tk_mac
eyüpspor maçları,Süper Lig,Futbol,Lig,1. Seviye,Global Elit,Erkek,Kulüp,Takım Sporu,Türkiye,Yerli,Türk Takımı Var,TV+ Yok,Yıllık,Sürekli Lig,Takım Maç Sorgusu,Bilgi,Takım,Jenerik,Türkçe,Head,tk_maclar
eyüpspor maçı ne zaman,Süper Lig,Futbol,Lig,1. Seviye,Global Elit,Erkek,Kulüp,Takım Sporu,Türkiye,Yerli,Türk Takımı Var,TV+ Yok,Yıllık,Sürekli Lig,Takvim/Saat,Bilgi,Takım,Jenerik,Türkçe,Body,tk_nezaman
eyüpspor maçı hangi kanalda,Süper Lig,Futbol,Lig,1. Seviye,Global Elit,Erkek,Kulüp,Takım Sporu,Türkiye,Yerli,Türk Takımı Var,TV+ Yok,Yıllık,Sürekli Lig,Kanal/Yayın,İzleme,Takım,Jenerik,Türkçe,Body,tk_kanal
eyüpspor canlı izle,Süper Lig,Futbol,Lig,1. Seviye,Global Elit,Erkek,Kulüp,Takım Sporu,Türkiye,Yerli,Türk Takımı Var,TV+ Yok,Yıllık,Sürekli Lig,Canlı İzle,İzleme,Takım,Jenerik,Türkçe,Body,tk_izle
eyüpspor fikstür,Süper Lig,Futbol,Lig,1. Seviye,Global Elit,Erkek,Kulüp,Takım Sporu,Türkiye,Yerli,Türk Takımı Var,TV+ Yok,Yıllık,Sürekli Lig,Fikstür,Bilgi,Takım,Jenerik,Türkçe,Head,tk_fikstur
eyüpspor puan durumu,Süper Lig,Futbol,Lig,1. Seviye,Global Elit,Erkek,Kulüp,Takım Sporu,Türkiye,Yerli,Türk Takımı Var,TV+ Yok,Yıllık,Sürekli Lig,Puan Durumu,Bilgi,Takım,Jenerik,Türkçe,Body,tk_pd
eyüpspor kadro,Süper Lig,Futbol,Lig,1. Seviye,Global Elit,Erkek,Kulüp,Takım Sporu,Türkiye,Yerli,Türk Takımı Var,TV+ Yok,Yıllık,Sürekli Lig,Kadro,Bilgi,Takım,Jenerik,Türkçe,Head,tk_kadro
eyüpspor oyuncuları,Süper Lig,Futbol,Lig,1. Seviye,Global Elit,Erkek,Kulüp,Takım Sporu,Türkiye,Yerli,Türk Takımı Var,TV+ Yok,Yıllık,Sürekli Lig,Kadro,Bilgi,Takım,Jenerik,Türkçe,Head,tk_oyuncu
eyüpspor transfer,Süper Lig,Futbol,Lig,1. Seviye,Global Elit,Erkek,Kulüp,Takım Sporu,Türkiye,Yerli,Türk Takımı Var,TV+ Yok,Yıllık,Sürekli Lig,Transfer,Bilgi,Takım,Jenerik,Türkçe,Head,tk_transfer
eyüpspor,Süper Lig,Futbol,Lig,1. Seviye,Global Elit,Erkek,Kulüp,Takım Sporu,Türkiye,Yerli,Türk Takımı Var,TV+ Yok,Yıllık,Sürekli Lig,Takım Jenerik,Bilgi,Takım,Jenerik,Türkçe,Head,tk_jen
karagümrük maçı,Süper Lig,Futbol,Lig,1. Seviye,Global Elit,Erkek,Kulüp,Takım Sporu,Türkiye,Yerli,Türk Takımı Var,TV+ Yok,Yıllık,Sürekli Lig,Takım Maç Sorgusu,Bilgi,Takım,Jenerik,Türkçe,Head,tk_mac
karagümrük maçları,Süper Lig,Futbol,Lig,1. Seviye,Global Elit,Erkek,Kulüp,Takım Sporu,Türkiye,Yerli,Türk Takımı Var,TV+ Yok,Yıllık,Sürekli Lig,Takım Maç Sorgusu,Bilgi,Takım,Jenerik,Türkçe,Head,tk_maclar
karagümrük maçı ne zaman,Süper Lig,Futbol,Lig,1. Seviye,Global Elit,Erkek,Kulüp,Takım Sporu,Türkiye,Yerli,Türk Takımı Var,TV+ Yok,Yıllık,Sürekli Lig,Takvim/Saat,Bilgi,Takım,Jenerik,Türkçe,Body,tk_nezaman
karagümrük maçı hangi kanalda,Süper Lig,Futbol,Lig,1. Seviye,Global Elit,Erkek,Kulüp,Takım Sporu,Türkiye,Yerli,Türk Takımı Var,TV+ Yok,Yıllık,Sürekli Lig,Kanal/Yayın,İzleme,Takım,Jenerik,Türkçe,Body,tk_kanal
karagümrük canlı izle,Süper Lig,Futbol,Lig,1. Seviye,Global Elit,Erkek,Kulüp,Takım Sporu,Türkiye,Yerli,Türk Takımı Var,TV+ Yok,Yıllık,Sürekli Lig,Canlı İzle,İzleme,Takım,Jenerik,Türkçe,Body,tk_izle
karagümrük fikstür,Süper Lig,Futbol,Lig,1. Seviye,Global Elit,Erkek,Kulüp,Takım Sporu,Türkiye,Yerli,Türk Takımı Var,TV+ Yok,Yıllık,Sürekli Lig,Fikstür,Bilgi,Takım,Jenerik,Türkçe,Head,tk_fikstur
karagümrük puan durumu,Süper Lig,Futbol,Lig,1. Seviye,Global Elit,Erkek,Kulüp,Takım Sporu,Türkiye,Yerli,Türk Takımı Var,TV+ Yok,Yıllık,Sürekli Lig,Puan Durumu,Bilgi,Takım,Jenerik,Türkçe,Body,tk_pd
karagümrük kadro,Süper Lig,Futbol,Lig,1. Seviye,Global Elit,Erkek,Kulüp,Takım Sporu,Türkiye,Yerli,Türk Takımı Var,TV+ Yok,Yıllık,Sürekli Lig,Kadro,Bilgi,Takım,Jenerik,Türkçe,Head,tk_kadro
karagümrük oyuncuları,Süper Lig,Futbol,Lig,1. Seviye,Global Elit,Erkek,Kulüp,Takım Sporu,Türkiye,Yerli,Türk Takımı Var,TV+ Yok,Yıllık,Sürekli Lig,Kadro,Bilgi,Takım,Jenerik,Türkçe,Head,tk_oyuncu
karagümrük transfer,Süper Lig,Futbol,Lig,1. Seviye,Global Elit,Erkek,Kulüp,Takım Sporu,Türkiye,Yerli,Türk Takımı Var,TV+ Yok,Yıllık,Sürekli Lig,Transfer,Bilgi,Takım,Jenerik,Türkçe,Head,tk_transfer
karagümrük,Süper Lig,Futbol,Lig,1. Seviye,Global Elit,Erkek,Kulüp,Takım Sporu,Türkiye,Yerli,Türk Takımı Var,TV+ Yok,Yıllık,Sürekli Lig,Takım Jenerik,Bilgi,Takım,Jenerik,Türkçe,Head,tk_jen
gençlerbirliği maçı,Süper Lig,Futbol,Lig,1. Seviye,Global Elit,Erkek,Kulüp,Takım Sporu,Türkiye,Yerli,Türk Takımı Var,TV+ Yok,Yıllık,Sürekli Lig,Takım Maç Sorgusu,Bilgi,Takım,Jenerik,Türkçe,Head,tk_mac
gençlerbirliği maçları,Süper Lig,Futbol,Lig,1. Seviye,Global Elit,Erkek,Kulüp,Takım Sporu,Türkiye,Yerli,Türk Takımı Var,TV+ Yok,Yıllık,Sürekli Lig,Takım Maç Sorgusu,Bilgi,Takım,Jenerik,Türkçe,Head,tk_maclar
gençlerbirliği maçı ne zaman,Süper Lig,Futbol,Lig,1. Seviye,Global Elit,Erkek,Kulüp,Takım Sporu,Türkiye,Yerli,Türk Takımı Var,TV+ Yok,Yıllık,Sürekli Lig,Takvim/Saat,Bilgi,Takım,Jenerik,Türkçe,Body,tk_nezaman
gençlerbirliği maçı hangi kanalda,Süper Lig,Futbol,Lig,1. Seviye,Global Elit,Erkek,Kulüp,Takım Sporu,Türkiye,Yerli,Türk Takımı Var,TV+ Yok,Yıllık,Sürekli Lig,Kanal/Yayın,İzleme,Takım,Jenerik,Türkçe,Body,tk_kanal
gençlerbirliği canlı izle,Süper Lig,Futbol,Lig,1. Seviye,Global Elit,Erkek,Kulüp,Takım Sporu,Türkiye,Yerli,Türk Takımı Var,TV+ Yok,Yıllık,Sürekli Lig,Canlı İzle,İzleme,Takım,Jenerik,Türkçe,Body,tk_izle
gençlerbirliği fikstür,Süper Lig,Futbol,Lig,1. Seviye,Global Elit,Erkek,Kulüp,Takım Sporu,Türkiye,Yerli,Türk Takımı Var,TV+ Yok,Yıllık,Sürekli Lig,Fikstür,Bilgi,Takım,Jenerik,Türkçe,Head,tk_fikstur
gençlerbirliği puan durumu,Süper Lig,Futbol,Lig,1. Seviye,Global Elit,Erkek,Kulüp,Takım Sporu,Türkiye,Yerli,Türk Takımı Var,TV+ Yok,Yıllık,Sürekli Lig,Puan Durumu,Bilgi,Takım,Jenerik,Türkçe,Body,tk_pd
gençlerbirliği kadro,Süper Lig,Futbol,Lig,1. Seviye,Global Elit,Erkek,Kulüp,Takım Sporu,Türkiye,Yerli,Türk Takımı Var,TV+ Yok,Yıllık,Sürekli Lig,Kadro,Bilgi,Takım,Jenerik,Türkçe,Head,tk_kadro
gençlerbirliği oyuncuları,Süper Lig,Futbol,Lig,1. Seviye,Global Elit,Erkek,Kulüp,Takım Sporu,Türkiye,Yerli,Türk Takımı Var,TV+ Yok,Yıllık,Sürekli Lig,Kadro,Bilgi,Takım,Jenerik,Türkçe,Head,tk_oyuncu
gençlerbirliği transfer,Süper Lig,Futbol,Lig,1. Seviye,Global Elit,Erkek,Kulüp,Takım Sporu,Türkiye,Yerli,Türk Takımı Var,TV+ Yok,Yıllık,Sürekli Lig,Transfer,Bilgi,Takım,Jenerik,Türkçe,Head,tk_transfer
gençlerbirliği,Süper Lig,Futbol,Lig,1. Seviye,Global Elit,Erkek,Kulüp,Takım Sporu,Türkiye,Yerli,Türk Takımı Var,TV+ Yok,Yıllık,Sürekli Lig,Takım Jenerik,Bilgi,Takım,Jenerik,Türkçe,Head,tk_jen
kayserispor maçı,Süper Lig,Futbol,Lig,1. Seviye,Global Elit,Erkek,Kulüp,Takım Sporu,Türkiye,Yerli,Türk Takımı Var,TV+ Yok,Yıllık,Sürekli Lig,Takım Maç Sorgusu,Bilgi,Takım,Jenerik,Türkçe,Head,tk_mac
kayserispor maçları,Süper Lig,Futbol,Lig,1. Seviye,Global Elit,Erkek,Kulüp,Takım Sporu,Türkiye,Yerli,Türk Takımı Var,TV+ Yok,Yıllık,Sürekli Lig,Takım Maç Sorgusu,Bilgi,Takım,Jenerik,Türkçe,Head,tk_maclar
kayserispor maçı ne zaman,Süper Lig,Futbol,Lig,1. Seviye,Global Elit,Erkek,Kulüp,Takım Sporu,Türkiye,Yerli,Türk Takımı Var,TV+ Yok,Yıllık,Sürekli Lig,Takvim/Saat,Bilgi,Takım,Jenerik,Türkçe,Body,tk_nezaman
kayserispor maçı hangi kanalda,Süper Lig,Futbol,Lig,1. Seviye,Global Elit,Erkek,Kulüp,Takım Sporu,Türkiye,Yerli,Türk Takımı Var,TV+ Yok,Yıllık,Sürekli Lig,Kanal/Yayın,İzleme,Takım,Jenerik,Türkçe,Body,tk_kanal
kayserispor canlı izle,Süper Lig,Futbol,Lig,1. Seviye,Global Elit,Erkek,Kulüp,Takım Sporu,Türkiye,Yerli,Türk Takımı Var,TV+ Yok,Yıllık,Sürekli Lig,Canlı İzle,İzleme,Takım,Jenerik,Türkçe,Body,tk_izle
kayserispor fikstür,Süper Lig,Futbol,Lig,1. Seviye,Global Elit,Erkek,Kulüp,Takım Sporu,Türkiye,Yerli,Türk Takımı Var,TV+ Yok,Yıllık,Sürekli Lig,Fikstür,Bilgi,Takım,Jenerik,Türkçe,Head,tk_fikstur
kayserispor puan durumu,Süper Lig,Futbol,Lig,1. Seviye,Global Elit,Erkek,Kulüp,Takım Sporu,Türkiye,Yerli,Türk Takımı Var,TV+ Yok,Yıllık,Sürekli Lig,Puan Durumu,Bilgi,Takım,Jenerik,İngilizce,Body,tk_pd
kayserispor kadro,Süper Lig,Futbol,Lig,1. Seviye,Global Elit,Erkek,Kulüp,Takım Sporu,Türkiye,Yerli,Türk Takımı Var,TV+ Yok,Yıllık,Sürekli Lig,Kadro,Bilgi,Takım,Jenerik,İngilizce,Head,tk_kadro
kayserispor oyuncuları,Süper Lig,Futbol,Lig,1. Seviye,Global Elit,Erkek,Kulüp,Takım Sporu,Türkiye,Yerli,Türk Takımı Var,TV+ Yok,Yıllık,Sürekli Lig,Kadro,Bilgi,Takım,Jenerik,Türkçe,Head,tk_oyuncu
kayserispor transfer,Süper Lig,Futbol,Lig,1. Seviye,Global Elit,Erkek,Kulüp,Takım Sporu,Türkiye,Yerli,Türk Takımı Var,TV+ Yok,Yıllık,Sürekli Lig,Transfer,Bilgi,Takım,Jenerik,İngilizce,Head,tk_transfer
kayserispor,Süper Lig,Futbol,Lig,1. Seviye,Global Elit,Erkek,Kulüp,Takım Sporu,Türkiye,Yerli,Türk Takımı Var,TV+ Yok,Yıllık,Sürekli Lig,Takım Jenerik,Bilgi,Takım,Jenerik,İngilizce,Head,tk_jen
bandırmaspor maçı,TFF 1. Lig,Futbol,Lig,2. Seviye,Orta,Erkek,Kulüp,Takım Sporu,Türkiye,Yerli,Türk Takımı Var,TV+ Yok,Yıllık,Sürekli Lig,Takım Maç Sorgusu,Bilgi,Takım,Jenerik,Türkçe,Head,tk_mac
bandırmaspor maçları,TFF 1. Lig,Futbol,Lig,2. Seviye,Orta,Erkek,Kulüp,Takım Sporu,Türkiye,Yerli,Türk Takımı Var,TV+ Yok,Yıllık,Sürekli Lig,Takım Maç Sorgusu,Bilgi,Takım,Jenerik,Türkçe,Head,tk_maclar
bandırmaspor maçı ne zaman,TFF 1. Lig,Futbol,Lig,2. Seviye,Orta,Erkek,Kulüp,Takım Sporu,Türkiye,Yerli,Türk Takımı Var,TV+ Yok,Yıllık,Sürekli Lig,Takvim/Saat,Bilgi,Takım,Jenerik,Türkçe,Body,tk_nezaman
bandırmaspor maçı hangi kanalda,TFF 1. Lig,Futbol,Lig,2. Seviye,Orta,Erkek,Kulüp,Takım Sporu,Türkiye,Yerli,Türk Takımı Var,TV+ Yok,Yıllık,Sürekli Lig,Kanal/Yayın,İzleme,Takım,Jenerik,Türkçe,Body,tk_kanal
bandırmaspor canlı izle,TFF 1. Lig,Futbol,Lig,2. Seviye,Orta,Erkek,Kulüp,Takım Sporu,Türkiye,Yerli,Türk Takımı Var,TV+ Yok,Yıllık,Sürekli Lig,Canlı İzle,İzleme,Takım,Jenerik,Türkçe,Body,tk_izle
bandırmaspor fikstür,TFF 1. Lig,Futbol,Lig,2. Seviye,Orta,Erkek,Kulüp,Takım Sporu,Türkiye,Yerli,Türk Takımı Var,TV+ Yok,Yıllık,Sürekli Lig,Fikstür,Bilgi,Takım,Jenerik,Türkçe,Head,tk_fikstur
bandırmaspor puan durumu,TFF 1. Lig,Futbol,Lig,2. Seviye,Orta,Erkek,Kulüp,Takım Sporu,Türkiye,Yerli,Türk Takımı Var,TV+ Yok,Yıllık,Sürekli Lig,Puan Durumu,Bilgi,Takım,Jenerik,Türkçe,Body,tk_pd
bandırmaspor kadro,TFF 1. Lig,Futbol,Lig,2. Seviye,Orta,Erkek,Kulüp,Takım Sporu,Türkiye,Yerli,Türk Takımı Var,TV+ Yok,Yıllık,Sürekli Lig,Kadro,Bilgi,Takım,Jenerik,Türkçe,Head,tk_kadro
bandırmaspor oyuncuları,TFF 1. Lig,Futbol,Lig,2. Seviye,Orta,Erkek,Kulüp,Takım Sporu,Türkiye,Yerli,Türk Takımı Var,TV+ Yok,Yıllık,Sürekli Lig,Kadro,Bilgi,Takım,Jenerik,Türkçe,Head,tk_oyuncu
bandırmaspor transfer,TFF 1. Lig,Futbol,Lig,2. Seviye,Orta,Erkek,Kulüp,Takım Sporu,Türkiye,Yerli,Türk Takımı Var,TV+ Yok,Yıllık,Sürekli Lig,Transfer,Bilgi,Takım,Jenerik,Türkçe,Head,tk_transfer
bandırmaspor,TFF 1. Lig,Futbol,Lig,2. Seviye,Orta,Erkek,Kulüp,Takım Sporu,Türkiye,Yerli,Türk Takımı Var,TV+ Yok,Yıllık,Sürekli Lig,Takım Jenerik,Bilgi,Takım,Jenerik,Türkçe,Head,tk_jen
erzurumspor maçı,TFF 1. Lig,Futbol,Lig,2. Seviye,Orta,Erkek,Kulüp,Takım Sporu,Türkiye,Yerli,Türk Takımı Var,TV+ Yok,Yıllık,Sürekli Lig,Takım Maç Sorgusu,Bilgi,Takım,Jenerik,Türkçe,Head,tk_mac
erzurumspor maçları,TFF 1. Lig,Futbol,Lig,2. Seviye,Orta,Erkek,Kulüp,Takım Sporu,Türkiye,Yerli,Türk Takımı Var,TV+ Yok,Yıllık,Sürekli Lig,Takım Maç Sorgusu,Bilgi,Takım,Jenerik,Türkçe,Head,tk_maclar
erzurumspor maçı ne zaman,TFF 1. Lig,Futbol,Lig,2. Seviye,Orta,Erkek,Kulüp,Takım Sporu,Türkiye,Yerli,Türk Takımı Var,TV+ Yok,Yıllık,Sürekli Lig,Takvim/Saat,Bilgi,Takım,Jenerik,Türkçe,Body,tk_nezaman
erzurumspor maçı hangi kanalda,TFF 1. Lig,Futbol,Lig,2. Seviye,Orta,Erkek,Kulüp,Takım Sporu,Türkiye,Yerli,Türk Takımı Var,TV+ Yok,Yıllık,Sürekli Lig,Kanal/Yayın,İzleme,Takım,Jenerik,Türkçe,Body,tk_kanal
erzurumspor canlı izle,TFF 1. Lig,Futbol,Lig,2. Seviye,Orta,Erkek,Kulüp,Takım Sporu,Türkiye,Yerli,Türk Takımı Var,TV+ Yok,Yıllık,Sürekli Lig,Canlı İzle,İzleme,Takım,Jenerik,Türkçe,Body,tk_izle
erzurumspor fikstür,TFF 1. Lig,Futbol,Lig,2. Seviye,Orta,Erkek,Kulüp,Takım Sporu,Türkiye,Yerli,Türk Takımı Var,TV+ Yok,Yıllık,Sürekli Lig,Fikstür,Bilgi,Takım,Jenerik,Türkçe,Head,tk_fikstur
erzurumspor puan durumu,TFF 1. Lig,Futbol,Lig,2. Seviye,Orta,Erkek,Kulüp,Takım Sporu,Türkiye,Yerli,Türk Takımı Var,TV+ Yok,Yıllık,Sürekli Lig,Puan Durumu,Bilgi,Takım,Jenerik,İngilizce,Body,tk_pd
erzurumspor kadro,TFF 1. Lig,Futbol,Lig,2. Seviye,Orta,Erkek,Kulüp,Takım Sporu,Türkiye,Yerli,Türk Takımı Var,TV+ Yok,Yıllık,Sürekli Lig,Kadro,Bilgi,Takım,Jenerik,İngilizce,Head,tk_kadro
erzurumspor oyuncuları,TFF 1. Lig,Futbol,Lig,2. Seviye,Orta,Erkek,Kulüp,Takım Sporu,Türkiye,Yerli,Türk Takımı Var,TV+ Yok,Yıllık,Sürekli Lig,Kadro,Bilgi,Takım,Jenerik,Türkçe,Head,tk_oyuncu
erzurumspor transfer,TFF 1. Lig,Futbol,Lig,2. Seviye,Orta,Erkek,Kulüp,Takım Sporu,Türkiye,Yerli,Türk Takımı Var,TV+ Yok,Yıllık,Sürekli Lig,Transfer,Bilgi,Takım,Jenerik,İngilizce,Head,tk_transfer
erzurumspor,TFF 1. Lig,Futbol,Lig,2. Seviye,Orta,Erkek,Kulüp,Takım Sporu,Türkiye,Yerli,Türk Takımı Var,TV+ Yok,Yıllık,Sürekli Lig,Takım Jenerik,Bilgi,Takım,Jenerik,İngilizce,Head,tk_jen
sakaryaspor maçı,TFF 1. Lig,Futbol,Lig,2. Seviye,Orta,Erkek,Kulüp,Takım Sporu,Türkiye,Yerli,Türk Takımı Var,TV+ Yok,Yıllık,Sürekli Lig,Takım Maç Sorgusu,Bilgi,Takım,Jenerik,Türkçe,Head,tk_mac
sakaryaspor maçları,TFF 1. Lig,Futbol,Lig,2. Seviye,Orta,Erkek,Kulüp,Takım Sporu,Türkiye,Yerli,Türk Takımı Var,TV+ Yok,Yıllık,Sürekli Lig,Takım Maç Sorgusu,Bilgi,Takım,Jenerik,Türkçe,Head,tk_maclar
sakaryaspor maçı ne zaman,TFF 1. Lig,Futbol,Lig,2. Seviye,Orta,Erkek,Kulüp,Takım Sporu,Türkiye,Yerli,Türk Takımı Var,TV+ Yok,Yıllık,Sürekli Lig,Takvim/Saat,Bilgi,Takım,Jenerik,Türkçe,Body,tk_nezaman
sakaryaspor maçı hangi kanalda,TFF 1. Lig,Futbol,Lig,2. Seviye,Orta,Erkek,Kulüp,Takım Sporu,Türkiye,Yerli,Türk Takımı Var,TV+ Yok,Yıllık,Sürekli Lig,Kanal/Yayın,İzleme,Takım,Jenerik,Türkçe,Body,tk_kanal
sakaryaspor canlı izle,TFF 1. Lig,Futbol,Lig,2. Seviye,Orta,Erkek,Kulüp,Takım Sporu,Türkiye,Yerli,Türk Takımı Var,TV+ Yok,Yıllık,Sürekli Lig,Canlı İzle,İzleme,Takım,Jenerik,Türkçe,Body,tk_izle
sakaryaspor fikstür,TFF 1. Lig,Futbol,Lig,2. Seviye,Orta,Erkek,Kulüp,Takım Sporu,Türkiye,Yerli,Türk Takımı Var,TV+ Yok,Yıllık,Sürekli Lig,Fikstür,Bilgi,Takım,Jenerik,Türkçe,Head,tk_fikstur
sakaryaspor puan durumu,TFF 1. Lig,Futbol,Lig,2. Seviye,Orta,Erkek,Kulüp,Takım Sporu,Türkiye,Yerli,Türk Takımı Var,TV+ Yok,Yıllık,Sürekli Lig,Puan Durumu,Bilgi,Takım,Jenerik,İngilizce,Body,tk_pd
sakaryaspor kadro,TFF 1. Lig,Futbol,Lig,2. Seviye,Orta,Erkek,Kulüp,Takım Sporu,Türkiye,Yerli,Türk Takımı Var,TV+ Yok,Yıllık,Sürekli Lig,Kadro,Bilgi,Takım,Jenerik,İngilizce,Head,tk_kadro
sakaryaspor oyuncuları,TFF 1. Lig,Futbol,Lig,2. Seviye,Orta,Erkek,Kulüp,Takım Sporu,Türkiye,Yerli,Türk Takımı Var,TV+ Yok,Yıllık,Sürekli Lig,Kadro,Bilgi,Takım,Jenerik,Türkçe,Head,tk_oyuncu
sakaryaspor transfer,TFF 1. Lig,Futbol,Lig,2. Seviye,Orta,Erkek,Kulüp,Takım Sporu,Türkiye,Yerli,Türk Takımı Var,TV+ Yok,Yıllık,Sürekli Lig,Transfer,Bilgi,Takım,Jenerik,İngilizce,Head,tk_transfer
sakaryaspor,TFF 1. Lig,Futbol,Lig,2. Seviye,Orta,Erkek,Kulüp,Takım Sporu,Türkiye,Yerli,Türk Takımı Var,TV+ Yok,Yıllık,Sürekli Lig,Takım Jenerik,Bilgi,Takım,Jenerik,İngilizce,Head,tk_jen
boluspor maçı,TFF 1. Lig,Futbol,Lig,2. Seviye,Orta,Erkek,Kulüp,Takım Sporu,Türkiye,Yerli,Türk Takımı Var,TV+ Yok,Yıllık,Sürekli Lig,Takım Maç Sorgusu,Bilgi,Takım,Jenerik,Türkçe,Head,tk_mac
boluspor maçları,TFF 1. Lig,Futbol,Lig,2. Seviye,Orta,Erkek,Kulüp,Takım Sporu,Türkiye,Yerli,Türk Takımı Var,TV+ Yok,Yıllık,Sürekli Lig,Takım Maç Sorgusu,Bilgi,Takım,Jenerik,Türkçe,Head,tk_maclar
boluspor maçı ne zaman,TFF 1. Lig,Futbol,Lig,2. Seviye,Orta,Erkek,Kulüp,Takım Sporu,Türkiye,Yerli,Türk Takımı Var,TV+ Yok,Yıllık,Sürekli Lig,Takvim/Saat,Bilgi,Takım,Jenerik,Türkçe,Body,tk_nezaman
boluspor maçı hangi kanalda,TFF 1. Lig,Futbol,Lig,2. Seviye,Orta,Erkek,Kulüp,Takım Sporu,Türkiye,Yerli,Türk Takımı Var,TV+ Yok,Yıllık,Sürekli Lig,Kanal/Yayın,İzleme,Takım,Jenerik,Türkçe,Body,tk_kanal
boluspor canlı izle,TFF 1. Lig,Futbol,Lig,2. Seviye,Orta,Erkek,Kulüp,Takım Sporu,Türkiye,Yerli,Türk Takımı Var,TV+ Yok,Yıllık,Sürekli Lig,Canlı İzle,İzleme,Takım,Jenerik,Türkçe,Body,tk_izle
boluspor fikstür,TFF 1. Lig,Futbol,Lig,2. Seviye,Orta,Erkek,Kulüp,Takım Sporu,Türkiye,Yerli,Türk Takımı Var,TV+ Yok,Yıllık,Sürekli Lig,Fikstür,Bilgi,Takım,Jenerik,Türkçe,Head,tk_fikstur
boluspor puan durumu,TFF 1. Lig,Futbol,Lig,2. Seviye,Orta,Erkek,Kulüp,Takım Sporu,Türkiye,Yerli,Türk Takımı Var,TV+ Yok,Yıllık,Sürekli Lig,Puan Durumu,Bilgi,Takım,Jenerik,İngilizce,Body,tk_pd
boluspor kadro,TFF 1. Lig,Futbol,Lig,2. Seviye,Orta,Erkek,Kulüp,Takım Sporu,Türkiye,Yerli,Türk Takımı Var,TV+ Yok,Yıllık,Sürekli Lig,Kadro,Bilgi,Takım,Jenerik,İngilizce,Head,tk_kadro
boluspor oyuncuları,TFF 1. Lig,Futbol,Lig,2. Seviye,Orta,Erkek,Kulüp,Takım Sporu,Türkiye,Yerli,Türk Takımı Var,TV+ Yok,Yıllık,Sürekli Lig,Kadro,Bilgi,Takım,Jenerik,Türkçe,Head,tk_oyuncu
boluspor transfer,TFF 1. Lig,Futbol,Lig,2. Seviye,Orta,Erkek,Kulüp,Takım Sporu,Türkiye,Yerli,Türk Takımı Var,TV+ Yok,Yıllık,Sürekli Lig,Transfer,Bilgi,Takım,Jenerik,İngilizce,Head,tk_transfer
boluspor,TFF 1. Lig,Futbol,Lig,2. Seviye,Orta,Erkek,Kulüp,Takım Sporu,Türkiye,Yerli,Türk Takımı Var,TV+ Yok,Yıllık,Sürekli Lig,Takım Jenerik,Bilgi,Takım,Jenerik,İngilizce,Head,tk_jen
manisa fk maçı,TFF 1. Lig,Futbol,Lig,2. Seviye,Orta,Erkek,Kulüp,Takım Sporu,Türkiye,Yerli,Türk Takımı Var,TV+ Yok,Yıllık,Sürekli Lig,Takım Maç Sorgusu,Bilgi,Takım,Jenerik,Türkçe,Body,tk_mac
manisa fk maçları,TFF 1. Lig,Futbol,Lig,2. Seviye,Orta,Erkek,Kulüp,Takım Sporu,Türkiye,Yerli,Türk Takımı Var,TV+ Yok,Yıllık,Sürekli Lig,Takım Maç Sorgusu,Bilgi,Takım,Jenerik,Türkçe,Body,tk_maclar
manisa fk maçı ne zaman,TFF 1. Lig,Futbol,Lig,2. Seviye,Orta,Erkek,Kulüp,Takım Sporu,Türkiye,Yerli,Türk Takımı Var,TV+ Yok,Yıllık,Sürekli Lig,Takvim/Saat,Bilgi,Takım,Jenerik,Türkçe,Long-tail,tk_nezaman
manisa fk maçı hangi kanalda,TFF 1. Lig,Futbol,Lig,2. Seviye,Orta,Erkek,Kulüp,Takım Sporu,Türkiye,Yerli,Türk Takımı Var,TV+ Yok,Yıllık,Sürekli Lig,Kanal/Yayın,İzleme,Takım,Jenerik,Türkçe,Long-tail,tk_kanal
manisa fk canlı izle,TFF 1. Lig,Futbol,Lig,2. Seviye,Orta,Erkek,Kulüp,Takım Sporu,Türkiye,Yerli,Türk Takımı Var,TV+ Yok,Yıllık,Sürekli Lig,Canlı İzle,İzleme,Takım,Jenerik,Türkçe,Body,tk_izle
manisa fk fikstür,TFF 1. Lig,Futbol,Lig,2. Seviye,Orta,Erkek,Kulüp,Takım Sporu,Türkiye,Yerli,Türk Takımı Var,TV+ Yok,Yıllık,Sürekli Lig,Fikstür,Bilgi,Takım,Jenerik,Türkçe,Body,tk_fikstur
manisa fk puan durumu,TFF 1. Lig,Futbol,Lig,2. Seviye,Orta,Erkek,Kulüp,Takım Sporu,Türkiye,Yerli,Türk Takımı Var,TV+ Yok,Yıllık,Sürekli Lig,Puan Durumu,Bilgi,Takım,Jenerik,İngilizce,Body,tk_pd
manisa fk kadro,TFF 1. Lig,Futbol,Lig,2. Seviye,Orta,Erkek,Kulüp,Takım Sporu,Türkiye,Yerli,Türk Takımı Var,TV+ Yok,Yıllık,Sürekli Lig,Kadro,Bilgi,Takım,Jenerik,İngilizce,Body,tk_kadro
manisa fk oyuncuları,TFF 1. Lig,Futbol,Lig,2. Seviye,Orta,Erkek,Kulüp,Takım Sporu,Türkiye,Yerli,Türk Takımı Var,TV+ Yok,Yıllık,Sürekli Lig,Kadro,Bilgi,Takım,Jenerik,Türkçe,Body,tk_oyuncu
manisa fk transfer,TFF 1. Lig,Futbol,Lig,2. Seviye,Orta,Erkek,Kulüp,Takım Sporu,Türkiye,Yerli,Türk Takımı Var,TV+ Yok,Yıllık,Sürekli Lig,Transfer,Bilgi,Takım,Jenerik,İngilizce,Body,tk_transfer
manisa fk,TFF 1. Lig,Futbol,Lig,2. Seviye,Orta,Erkek,Kulüp,Takım Sporu,Türkiye,Yerli,Türk Takımı Var,TV+ Yok,Yıllık,Sürekli Lig,Takım Jenerik,Bilgi,Takım,Jenerik,İngilizce,Head,tk_jen
keçiörengücü maçı,TFF 1. Lig,Futbol,Lig,2. Seviye,Orta,Erkek,Kulüp,Takım Sporu,Türkiye,Yerli,Türk Takımı Var,TV+ Yok,Yıllık,Sürekli Lig,Takım Maç Sorgusu,Bilgi,Takım,Jenerik,Türkçe,Head,tk_mac
keçiörengücü maçları,TFF 1. Lig,Futbol,Lig,2. Seviye,Orta,Erkek,Kulüp,Takım Sporu,Türkiye,Yerli,Türk Takımı Var,TV+ Yok,Yıllık,Sürekli Lig,Takım Maç Sorgusu,Bilgi,Takım,Jenerik,Türkçe,Head,tk_maclar
keçiörengücü maçı ne zaman,TFF 1. Lig,Futbol,Lig,2. Seviye,Orta,Erkek,Kulüp,Takım Sporu,Türkiye,Yerli,Türk Takımı Var,TV+ Yok,Yıllık,Sürekli Lig,Takvim/Saat,Bilgi,Takım,Jenerik,Türkçe,Body,tk_nezaman
keçiörengücü maçı hangi kanalda,TFF 1. Lig,Futbol,Lig,2. Seviye,Orta,Erkek,Kulüp,Takım Sporu,Türkiye,Yerli,Türk Takımı Var,TV+ Yok,Yıllık,Sürekli Lig,Kanal/Yayın,İzleme,Takım,Jenerik,Türkçe,Body,tk_kanal
keçiörengücü canlı izle,TFF 1. Lig,Futbol,Lig,2. Seviye,Orta,Erkek,Kulüp,Takım Sporu,Türkiye,Yerli,Türk Takımı Var,TV+ Yok,Yıllık,Sürekli Lig,Canlı İzle,İzleme,Takım,Jenerik,Türkçe,Body,tk_izle
keçiörengücü fikstür,TFF 1. Lig,Futbol,Lig,2. Seviye,Orta,Erkek,Kulüp,Takım Sporu,Türkiye,Yerli,Türk Takımı Var,TV+ Yok,Yıllık,Sürekli Lig,Fikstür,Bilgi,Takım,Jenerik,Türkçe,Head,tk_fikstur
keçiörengücü puan durumu,TFF 1. Lig,Futbol,Lig,2. Seviye,Orta,Erkek,Kulüp,Takım Sporu,Türkiye,Yerli,Türk Takımı Var,TV+ Yok,Yıllık,Sürekli Lig,Puan Durumu,Bilgi,Takım,Jenerik,Türkçe,Body,tk_pd
keçiörengücü kadro,TFF 1. Lig,Futbol,Lig,2. Seviye,Orta,Erkek,Kulüp,Takım Sporu,Türkiye,Yerli,Türk Takımı Var,TV+ Yok,Yıllık,Sürekli Lig,Kadro,Bilgi,Takım,Jenerik,Türkçe,Head,tk_kadro
keçiörengücü oyuncuları,TFF 1. Lig,Futbol,Lig,2. Seviye,Orta,Erkek,Kulüp,Takım Sporu,Türkiye,Yerli,Türk Takımı Var,TV+ Yok,Yıllık,Sürekli Lig,Kadro,Bilgi,Takım,Jenerik,Türkçe,Head,tk_oyuncu
keçiörengücü transfer,TFF 1. Lig,Futbol,Lig,2. Seviye,Orta,Erkek,Kulüp,Takım Sporu,Türkiye,Yerli,Türk Takımı Var,TV+ Yok,Yıllık,Sürekli Lig,Transfer,Bilgi,Takım,Jenerik,Türkçe,Head,tk_transfer
keçiörengücü,TFF 1. Lig,Futbol,Lig,2. Seviye,Orta,Erkek,Kulüp,Takım Sporu,Türkiye,Yerli,Türk Takımı Var,TV+ Yok,Yıllık,Sürekli Lig,Takım Jenerik,Bilgi,Takım,Jenerik,Türkçe,Head,tk_jen
adana demirspor maçı,TFF 1. Lig,Futbol,Lig,2. Seviye,Orta,Erkek,Kulüp,Takım Sporu,Türkiye,Yerli,Türk Takımı Var,TV+ Yok,Yıllık,Sürekli Lig,Takım Maç Sorgusu,Bilgi,Takım,Jenerik,Türkçe,Body,tk_mac
adana demirspor maçları,TFF 1. Lig,Futbol,Lig,2. Seviye,Orta,Erkek,Kulüp,Takım Sporu,Türkiye,Yerli,Türk Takımı Var,TV+ Yok,Yıllık,Sürekli Lig,Takım Maç Sorgusu,Bilgi,Takım,Jenerik,Türkçe,Body,tk_maclar
adana demirspor maçı ne zaman,TFF 1. Lig,Futbol,Lig,2. Seviye,Orta,Erkek,Kulüp,Takım Sporu,Türkiye,Yerli,Türk Takımı Var,TV+ Yok,Yıllık,Sürekli Lig,Takvim/Saat,Bilgi,Takım,Jenerik,Türkçe,Long-tail,tk_nezaman
adana demirspor maçı hangi kanalda,TFF 1. Lig,Futbol,Lig,2. Seviye,Orta,Erkek,Kulüp,Takım Sporu,Türkiye,Yerli,Türk Takımı Var,TV+ Yok,Yıllık,Sürekli Lig,Kanal/Yayın,İzleme,Takım,Jenerik,Türkçe,Long-tail,tk_kanal
adana demirspor canlı izle,TFF 1. Lig,Futbol,Lig,2. Seviye,Orta,Erkek,Kulüp,Takım Sporu,Türkiye,Yerli,Türk Takımı Var,TV+ Yok,Yıllık,Sürekli Lig,Canlı İzle,İzleme,Takım,Jenerik,Türkçe,Body,tk_izle
adana demirspor fikstür,TFF 1. Lig,Futbol,Lig,2. Seviye,Orta,Erkek,Kulüp,Takım Sporu,Türkiye,Yerli,Türk Takımı Var,TV+ Yok,Yıllık,Sürekli Lig,Fikstür,Bilgi,Takım,Jenerik,Türkçe,Body,tk_fikstur
adana demirspor puan durumu,TFF 1. Lig,Futbol,Lig,2. Seviye,Orta,Erkek,Kulüp,Takım Sporu,Türkiye,Yerli,Türk Takımı Var,TV+ Yok,Yıllık,Sürekli Lig,Puan Durumu,Bilgi,Takım,Jenerik,İngilizce,Body,tk_pd
adana demirspor kadro,TFF 1. Lig,Futbol,Lig,2. Seviye,Orta,Erkek,Kulüp,Takım Sporu,Türkiye,Yerli,Türk Takımı Var,TV+ Yok,Yıllık,Sürekli Lig,Kadro,Bilgi,Takım,Jenerik,İngilizce,Body,tk_kadro
adana demirspor oyuncuları,TFF 1. Lig,Futbol,Lig,2. Seviye,Orta,Erkek,Kulüp,Takım Sporu,Türkiye,Yerli,Türk Takımı Var,TV+ Yok,Yıllık,Sürekli Lig,Kadro,Bilgi,Takım,Jenerik,Türkçe,Body,tk_oyuncu
adana demirspor transfer,TFF 1. Lig,Futbol,Lig,2. Seviye,Orta,Erkek,Kulüp,Takım Sporu,Türkiye,Yerli,Türk Takımı Var,TV+ Yok,Yıllık,Sürekli Lig,Transfer,Bilgi,Takım,Jenerik,İngilizce,Body,tk_transfer
adana demirspor,TFF 1. Lig,Futbol,Lig,2. Seviye,Orta,Erkek,Kulüp,Takım Sporu,Türkiye,Yerli,Türk Takımı Var,TV+ Yok,Yıllık,Sürekli Lig,Takım Jenerik,Bilgi,Takım,Jenerik,İngilizce,Head,tk_jen
ümraniyespor maçı,TFF 1. Lig,Futbol,Lig,2. Seviye,Orta,Erkek,Kulüp,Takım Sporu,Türkiye,Yerli,Türk Takımı Var,TV+ Yok,Yıllık,Sürekli Lig,Takım Maç Sorgusu,Bilgi,Takım,Jenerik,Türkçe,Head,tk_mac
ümraniyespor maçları,TFF 1. Lig,Futbol,Lig,2. Seviye,Orta,Erkek,Kulüp,Takım Sporu,Türkiye,Yerli,Türk Takımı Var,TV+ Yok,Yıllık,Sürekli Lig,Takım Maç Sorgusu,Bilgi,Takım,Jenerik,Türkçe,Head,tk_maclar
ümraniyespor maçı ne zaman,TFF 1. Lig,Futbol,Lig,2. Seviye,Orta,Erkek,Kulüp,Takım Sporu,Türkiye,Yerli,Türk Takımı Var,TV+ Yok,Yıllık,Sürekli Lig,Takvim/Saat,Bilgi,Takım,Jenerik,Türkçe,Body,tk_nezaman
ümraniyespor maçı hangi kanalda,TFF 1. Lig,Futbol,Lig,2. Seviye,Orta,Erkek,Kulüp,Takım Sporu,Türkiye,Yerli,Türk Takımı Var,TV+ Yok,Yıllık,Sürekli Lig,Kanal/Yayın,İzleme,Takım,Jenerik,Türkçe,Body,tk_kanal
ümraniyespor canlı izle,TFF 1. Lig,Futbol,Lig,2. Seviye,Orta,Erkek,Kulüp,Takım Sporu,Türkiye,Yerli,Türk Takımı Var,TV+ Yok,Yıllık,Sürekli Lig,Canlı İzle,İzleme,Takım,Jenerik,Türkçe,Body,tk_izle
ümraniyespor fikstür,TFF 1. Lig,Futbol,Lig,2. Seviye,Orta,Erkek,Kulüp,Takım Sporu,Türkiye,Yerli,Türk Takımı Var,TV+ Yok,Yıllık,Sürekli Lig,Fikstür,Bilgi,Takım,Jenerik,Türkçe,Head,tk_fikstur
ümraniyespor puan durumu,TFF 1. Lig,Futbol,Lig,2. Seviye,Orta,Erkek,Kulüp,Takım Sporu,Türkiye,Yerli,Türk Takımı Var,TV+ Yok,Yıllık,Sürekli Lig,Puan Durumu,Bilgi,Takım,Jenerik,Türkçe,Body,tk_pd
ümraniyespor kadro,TFF 1. Lig,Futbol,Lig,2. Seviye,Orta,Erkek,Kulüp,Takım Sporu,Türkiye,Yerli,Türk Takımı Var,TV+ Yok,Yıllık,Sürekli Lig,Kadro,Bilgi,Takım,Jenerik,Türkçe,Head,tk_kadro
ümraniyespor oyuncuları,TFF 1. Lig,Futbol,Lig,2. Seviye,Orta,Erkek,Kulüp,Takım Sporu,Türkiye,Yerli,Türk Takımı Var,TV+ Yok,Yıllık,Sürekli Lig,Kadro,Bilgi,Takım,Jenerik,Türkçe,Head,tk_oyuncu
ümraniyespor transfer,TFF 1. Lig,Futbol,Lig,2. Seviye,Orta,Erkek,Kulüp,Takım Sporu,Türkiye,Yerli,Türk Takımı Var,TV+ Yok,Yıllık,Sürekli Lig,Transfer,Bilgi,Takım,Jenerik,Türkçe,Head,tk_transfer
ümraniyespor,TFF 1. Lig,Futbol,Lig,2. Seviye,Orta,Erkek,Kulüp,Takım Sporu,Türkiye,Yerli,Türk Takımı Var,TV+ Yok,Yıllık,Sürekli Lig,Takım Jenerik,Bilgi,Takım,Jenerik,Türkçe,Head,tk_jen
amed sportif maçı,TFF 1. Lig,Futbol,Lig,2. Seviye,Orta,Erkek,Kulüp,Takım Sporu,Türkiye,Yerli,Türk Takımı Var,TV+ Yok,Yıllık,Sürekli Lig,Takım Maç Sorgusu,Bilgi,Takım,Jenerik,Türkçe,Body,tk_mac
amed sportif maçları,TFF 1. Lig,Futbol,Lig,2. Seviye,Orta,Erkek,Kulüp,Takım Sporu,Türkiye,Yerli,Türk Takımı Var,TV+ Yok,Yıllık,Sürekli Lig,Takım Maç Sorgusu,Bilgi,Takım,Jenerik,Türkçe,Body,tk_maclar
amed sportif maçı ne zaman,TFF 1. Lig,Futbol,Lig,2. Seviye,Orta,Erkek,Kulüp,Takım Sporu,Türkiye,Yerli,Türk Takımı Var,TV+ Yok,Yıllık,Sürekli Lig,Takvim/Saat,Bilgi,Takım,Jenerik,Türkçe,Long-tail,tk_nezaman
amed sportif maçı hangi kanalda,TFF 1. Lig,Futbol,Lig,2. Seviye,Orta,Erkek,Kulüp,Takım Sporu,Türkiye,Yerli,Türk Takımı Var,TV+ Yok,Yıllık,Sürekli Lig,Kanal/Yayın,İzleme,Takım,Jenerik,Türkçe,Long-tail,tk_kanal
amed sportif canlı izle,TFF 1. Lig,Futbol,Lig,2. Seviye,Orta,Erkek,Kulüp,Takım Sporu,Türkiye,Yerli,Türk Takımı Var,TV+ Yok,Yıllık,Sürekli Lig,Canlı İzle,İzleme,Takım,Jenerik,Türkçe,Body,tk_izle
amed sportif fikstür,TFF 1. Lig,Futbol,Lig,2. Seviye,Orta,Erkek,Kulüp,Takım Sporu,Türkiye,Yerli,Türk Takımı Var,TV+ Yok,Yıllık,Sürekli Lig,Fikstür,Bilgi,Takım,Jenerik,Türkçe,Body,tk_fikstur
amed sportif puan durumu,TFF 1. Lig,Futbol,Lig,2. Seviye,Orta,Erkek,Kulüp,Takım Sporu,Türkiye,Yerli,Türk Takımı Var,TV+ Yok,Yıllık,Sürekli Lig,Puan Durumu,Bilgi,Takım,Jenerik,İngilizce,Body,tk_pd
amed sportif kadro,TFF 1. Lig,Futbol,Lig,2. Seviye,Orta,Erkek,Kulüp,Takım Sporu,Türkiye,Yerli,Türk Takımı Var,TV+ Yok,Yıllık,Sürekli Lig,Kadro,Bilgi,Takım,Jenerik,İngilizce,Body,tk_kadro
amed sportif oyuncuları,TFF 1. Lig,Futbol,Lig,2. Seviye,Orta,Erkek,Kulüp,Takım Sporu,Türkiye,Yerli,Türk Takımı Var,TV+ Yok,Yıllık,Sürekli Lig,Kadro,Bilgi,Takım,Jenerik,Türkçe,Body,tk_oyuncu
amed sportif transfer,TFF 1. Lig,Futbol,Lig,2. Seviye,Orta,Erkek,Kulüp,Takım Sporu,Türkiye,Yerli,Türk Takımı Var,TV+ Yok,Yıllık,Sürekli Lig,Transfer,Bilgi,Takım,Jenerik,İngilizce,Body,tk_transfer
amed sportif,TFF 1. Lig,Futbol,Lig,2. Seviye,Orta,Erkek,Kulüp,Takım Sporu,Türkiye,Yerli,Türk Takımı Var,TV+ Yok,Yıllık,Sürekli Lig,Takım Jenerik,Bilgi,Takım,Jenerik,İngilizce,Head,tk_jen
vanspor maçı,TFF 1. Lig,Futbol,Lig,2. Seviye,Orta,Erkek,Kulüp,Takım Sporu,Türkiye,Yerli,Türk Takımı Var,TV+ Yok,Yıllık,Sürekli Lig,Takım Maç Sorgusu,Bilgi,Takım,Jenerik,Türkçe,Head,tk_mac
vanspor maçları,TFF 1. Lig,Futbol,Lig,2. Seviye,Orta,Erkek,Kulüp,Takım Sporu,Türkiye,Yerli,Türk Takımı Var,TV+ Yok,Yıllık,Sürekli Lig,Takım Maç Sorgusu,Bilgi,Takım,Jenerik,Türkçe,Head,tk_maclar
vanspor maçı ne zaman,TFF 1. Lig,Futbol,Lig,2. Seviye,Orta,Erkek,Kulüp,Takım Sporu,Türkiye,Yerli,Türk Takımı Var,TV+ Yok,Yıllık,Sürekli Lig,Takvim/Saat,Bilgi,Takım,Jenerik,Türkçe,Body,tk_nezaman
vanspor maçı hangi kanalda,TFF 1. Lig,Futbol,Lig,2. Seviye,Orta,Erkek,Kulüp,Takım Sporu,Türkiye,Yerli,Türk Takımı Var,TV+ Yok,Yıllık,Sürekli Lig,Kanal/Yayın,İzleme,Takım,Jenerik,Türkçe,Body,tk_kanal
vanspor canlı izle,TFF 1. Lig,Futbol,Lig,2. Seviye,Orta,Erkek,Kulüp,Takım Sporu,Türkiye,Yerli,Türk Takımı Var,TV+ Yok,Yıllık,Sürekli Lig,Canlı İzle,İzleme,Takım,Jenerik,Türkçe,Body,tk_izle
vanspor fikstür,TFF 1. Lig,Futbol,Lig,2. Seviye,Orta,Erkek,Kulüp,Takım Sporu,Türkiye,Yerli,Türk Takımı Var,TV+ Yok,Yıllık,Sürekli Lig,Fikstür,Bilgi,Takım,Jenerik,Türkçe,Head,tk_fikstur
vanspor puan durumu,TFF 1. Lig,Futbol,Lig,2. Seviye,Orta,Erkek,Kulüp,Takım Sporu,Türkiye,Yerli,Türk Takımı Var,TV+ Yok,Yıllık,Sürekli Lig,Puan Durumu,Bilgi,Takım,Jenerik,İngilizce,Body,tk_pd
vanspor kadro,TFF 1. Lig,Futbol,Lig,2. Seviye,Orta,Erkek,Kulüp,Takım Sporu,Türkiye,Yerli,Türk Takımı Var,TV+ Yok,Yıllık,Sürekli Lig,Kadro,Bilgi,Takım,Jenerik,İngilizce,Head,tk_kadro
vanspor oyuncuları,TFF 1. Lig,Futbol,Lig,2. Seviye,Orta,Erkek,Kulüp,Takım Sporu,Türkiye,Yerli,Türk Takımı Var,TV+ Yok,Yıllık,Sürekli Lig,Kadro,Bilgi,Takım,Jenerik,Türkçe,Head,tk_oyuncu
vanspor transfer,TFF 1. Lig,Futbol,Lig,2. Seviye,Orta,Erkek,Kulüp,Takım Sporu,Türkiye,Yerli,Türk Takımı Var,TV+ Yok,Yıllık,Sürekli Lig,Transfer,Bilgi,Takım,Jenerik,İngilizce,Head,tk_transfer
vanspor,TFF 1. Lig,Futbol,Lig,2. Seviye,Orta,Erkek,Kulüp,Takım Sporu,Türkiye,Yerli,Türk Takımı Var,TV+ Yok,Yıllık,Sürekli Lig,Takım Jenerik,Bilgi,Takım,Jenerik,İngilizce,Head,tk_jen
iğdır fk maçı,TFF 1. Lig,Futbol,Lig,2. Seviye,Orta,Erkek,Kulüp,Takım Sporu,Türkiye,Yerli,Türk Takımı Var,TV+ Yok,Yıllık,Sürekli Lig,Takım Maç Sorgusu,Bilgi,Takım,Jenerik,Türkçe,Body,tk_mac
iğdır fk maçları,TFF 1. Lig,Futbol,Lig,2. Seviye,Orta,Erkek,Kulüp,Takım Sporu,Türkiye,Yerli,Türk Takımı Var,TV+ Yok,Yıllık,Sürekli Lig,Takım Maç Sorgusu,Bilgi,Takım,Jenerik,Türkçe,Body,tk_maclar
iğdır fk maçı ne zaman,TFF 1. Lig,Futbol,Lig,2. Seviye,Orta,Erkek,Kulüp,Takım Sporu,Türkiye,Yerli,Türk Takımı Var,TV+ Yok,Yıllık,Sürekli Lig,Takvim/Saat,Bilgi,Takım,Jenerik,Türkçe,Long-tail,tk_nezaman
iğdır fk maçı hangi kanalda,TFF 1. Lig,Futbol,Lig,2. Seviye,Orta,Erkek,Kulüp,Takım Sporu,Türkiye,Yerli,Türk Takımı Var,TV+ Yok,Yıllık,Sürekli Lig,Kanal/Yayın,İzleme,Takım,Jenerik,Türkçe,Long-tail,tk_kanal
iğdır fk canlı izle,TFF 1. Lig,Futbol,Lig,2. Seviye,Orta,Erkek,Kulüp,Takım Sporu,Türkiye,Yerli,Türk Takımı Var,TV+ Yok,Yıllık,Sürekli Lig,Canlı İzle,İzleme,Takım,Jenerik,Türkçe,Body,tk_izle
iğdır fk fikstür,TFF 1. Lig,Futbol,Lig,2. Seviye,Orta,Erkek,Kulüp,Takım Sporu,Türkiye,Yerli,Türk Takımı Var,TV+ Yok,Yıllık,Sürekli Lig,Fikstür,Bilgi,Takım,Jenerik,Türkçe,Body,tk_fikstur
iğdır fk puan durumu,TFF 1. Lig,Futbol,Lig,2. Seviye,Orta,Erkek,Kulüp,Takım Sporu,Türkiye,Yerli,Türk Takımı Var,TV+ Yok,Yıllık,Sürekli Lig,Puan Durumu,Bilgi,Takım,Jenerik,Türkçe,Body,tk_pd
iğdır fk kadro,TFF 1. Lig,Futbol,Lig,2. Seviye,Orta,Erkek,Kulüp,Takım Sporu,Türkiye,Yerli,Türk Takımı Var,TV+ Yok,Yıllık,Sürekli Lig,Kadro,Bilgi,Takım,Jenerik,Türkçe,Body,tk_kadro
iğdır fk oyuncuları,TFF 1. Lig,Futbol,Lig,2. Seviye,Orta,Erkek,Kulüp,Takım Sporu,Türkiye,Yerli,Türk Takımı Var,TV+ Yok,Yıllık,Sürekli Lig,Kadro,Bilgi,Takım,Jenerik,Türkçe,Body,tk_oyuncu
iğdır fk transfer,TFF 1. Lig,Futbol,Lig,2. Seviye,Orta,Erkek,Kulüp,Takım Sporu,Türkiye,Yerli,Türk Takımı Var,TV+ Yok,Yıllık,Sürekli Lig,Transfer,Bilgi,Takım,Jenerik,Türkçe,Body,tk_transfer
iğdır fk,TFF 1. Lig,Futbol,Lig,2. Seviye,Orta,Erkek,Kulüp,Takım Sporu,Türkiye,Yerli,Türk Takımı Var,TV+ Yok,Yıllık,Sürekli Lig,Takım Jenerik,Bilgi,Takım,Jenerik,Türkçe,Head,tk_jen
pendikspor maçı,TFF 1. Lig,Futbol,Lig,2. Seviye,Orta,Erkek,Kulüp,Takım Sporu,Türkiye,Yerli,Türk Takımı Var,TV+ Yok,Yıllık,Sürekli Lig,Takım Maç Sorgusu,Bilgi,Takım,Jenerik,Türkçe,Head,tk_mac
pendikspor maçları,TFF 1. Lig,Futbol,Lig,2. Seviye,Orta,Erkek,Kulüp,Takım Sporu,Türkiye,Yerli,Türk Takımı Var,TV+ Yok,Yıllık,Sürekli Lig,Takım Maç Sorgusu,Bilgi,Takım,Jenerik,Türkçe,Head,tk_maclar
pendikspor maçı ne zaman,TFF 1. Lig,Futbol,Lig,2. Seviye,Orta,Erkek,Kulüp,Takım Sporu,Türkiye,Yerli,Türk Takımı Var,TV+ Yok,Yıllık,Sürekli Lig,Takvim/Saat,Bilgi,Takım,Jenerik,Türkçe,Body,tk_nezaman
pendikspor maçı hangi kanalda,TFF 1. Lig,Futbol,Lig,2. Seviye,Orta,Erkek,Kulüp,Takım Sporu,Türkiye,Yerli,Türk Takımı Var,TV+ Yok,Yıllık,Sürekli Lig,Kanal/Yayın,İzleme,Takım,Jenerik,Türkçe,Body,tk_kanal
pendikspor canlı izle,TFF 1. Lig,Futbol,Lig,2. Seviye,Orta,Erkek,Kulüp,Takım Sporu,Türkiye,Yerli,Türk Takımı Var,TV+ Yok,Yıllık,Sürekli Lig,Canlı İzle,İzleme,Takım,Jenerik,Türkçe,Body,tk_izle
pendikspor fikstür,TFF 1. Lig,Futbol,Lig,2. Seviye,Orta,Erkek,Kulüp,Takım Sporu,Türkiye,Yerli,Türk Takımı Var,TV+ Yok,Yıllık,Sürekli Lig,Fikstür,Bilgi,Takım,Jenerik,Türkçe,Head,tk_fikstur
pendikspor puan durumu,TFF 1. Lig,Futbol,Lig,2. Seviye,Orta,Erkek,Kulüp,Takım Sporu,Türkiye,Yerli,Türk Takımı Var,TV+ Yok,Yıllık,Sürekli Lig,Puan Durumu,Bilgi,Takım,Jenerik,İngilizce,Body,tk_pd
pendikspor kadro,TFF 1. Lig,Futbol,Lig,2. Seviye,Orta,Erkek,Kulüp,Takım Sporu,Türkiye,Yerli,Türk Takımı Var,TV+ Yok,Yıllık,Sürekli Lig,Kadro,Bilgi,Takım,Jenerik,İngilizce,Head,tk_kadro
pendikspor oyuncuları,TFF 1. Lig,Futbol,Lig,2. Seviye,Orta,Erkek,Kulüp,Takım Sporu,Türkiye,Yerli,Türk Takımı Var,TV+ Yok,Yıllık,Sürekli Lig,Kadro,Bilgi,Takım,Jenerik,Türkçe,Head,tk_oyuncu
pendikspor transfer,TFF 1. Lig,Futbol,Lig,2. Seviye,Orta,Erkek,Kulüp,Takım Sporu,Türkiye,Yerli,Türk Takımı Var,TV+ Yok,Yıllık,Sürekli Lig,Transfer,Bilgi,Takım,Jenerik,İngilizce,Head,tk_transfer
pendikspor,TFF 1. Lig,Futbol,Lig,2. Seviye,Orta,Erkek,Kulüp,Takım Sporu,Türkiye,Yerli,Türk Takımı Var,TV+ Yok,Yıllık,Sürekli Lig,Takım Jenerik,Bilgi,Takım,Jenerik,İngilizce,Head,tk_jen
esenler erokspor maçı,TFF 1. Lig,Futbol,Lig,2. Seviye,Orta,Erkek,Kulüp,Takım Sporu,Türkiye,Yerli,Türk Takımı Var,TV+ Yok,Yıllık,Sürekli Lig,Takım Maç Sorgusu,Bilgi,Takım,Jenerik,Türkçe,Body,tk_mac
esenler erokspor maçları,TFF 1. Lig,Futbol,Lig,2. Seviye,Orta,Erkek,Kulüp,Takım Sporu,Türkiye,Yerli,Türk Takımı Var,TV+ Yok,Yıllık,Sürekli Lig,Takım Maç Sorgusu,Bilgi,Takım,Jenerik,Türkçe,Body,tk_maclar
esenler erokspor maçı ne zaman,TFF 1. Lig,Futbol,Lig,2. Seviye,Orta,Erkek,Kulüp,Takım Sporu,Türkiye,Yerli,Türk Takımı Var,TV+ Yok,Yıllık,Sürekli Lig,Takvim/Saat,Bilgi,Takım,Jenerik,Türkçe,Long-tail,tk_nezaman
esenler erokspor maçı hangi kanalda,TFF 1. Lig,Futbol,Lig,2. Seviye,Orta,Erkek,Kulüp,Takım Sporu,Türkiye,Yerli,Türk Takımı Var,TV+ Yok,Yıllık,Sürekli Lig,Kanal/Yayın,İzleme,Takım,Jenerik,Türkçe,Long-tail,tk_kanal
esenler erokspor canlı izle,TFF 1. Lig,Futbol,Lig,2. Seviye,Orta,Erkek,Kulüp,Takım Sporu,Türkiye,Yerli,Türk Takımı Var,TV+ Yok,Yıllık,Sürekli Lig,Canlı İzle,İzleme,Takım,Jenerik,Türkçe,Body,tk_izle
esenler erokspor fikstür,TFF 1. Lig,Futbol,Lig,2. Seviye,Orta,Erkek,Kulüp,Takım Sporu,Türkiye,Yerli,Türk Takımı Var,TV+ Yok,Yıllık,Sürekli Lig,Fikstür,Bilgi,Takım,Jenerik,Türkçe,Body,tk_fikstur
esenler erokspor puan durumu,TFF 1. Lig,Futbol,Lig,2. Seviye,Orta,Erkek,Kulüp,Takım Sporu,Türkiye,Yerli,Türk Takımı Var,TV+ Yok,Yıllık,Sürekli Lig,Puan Durumu,Bilgi,Takım,Jenerik,İngilizce,Body,tk_pd
esenler erokspor kadro,TFF 1. Lig,Futbol,Lig,2. Seviye,Orta,Erkek,Kulüp,Takım Sporu,Türkiye,Yerli,Türk Takımı Var,TV+ Yok,Yıllık,Sürekli Lig,Kadro,Bilgi,Takım,Jenerik,İngilizce,Body,tk_kadro
esenler erokspor oyuncuları,TFF 1. Lig,Futbol,Lig,2. Seviye,Orta,Erkek,Kulüp,Takım Sporu,Türkiye,Yerli,Türk Takımı Var,TV+ Yok,Yıllık,Sürekli Lig,Kadro,Bilgi,Takım,Jenerik,Türkçe,Body,tk_oyuncu
esenler erokspor transfer,TFF 1. Lig,Futbol,Lig,2. Seviye,Orta,Erkek,Kulüp,Takım Sporu,Türkiye,Yerli,Türk Takımı Var,TV+ Yok,Yıllık,Sürekli Lig,Transfer,Bilgi,Takım,Jenerik,İngilizce,Body,tk_transfer
esenler erokspor,TFF 1. Lig,Futbol,Lig,2. Seviye,Orta,Erkek,Kulüp,Takım Sporu,Türkiye,Yerli,Türk Takımı Var,TV+ Yok,Yıllık,Sürekli Lig,Takım Jenerik,Bilgi,Takım,Jenerik,İngilizce,Head,tk_jen
serikspor maçı,TFF 1. Lig,Futbol,Lig,2. Seviye,Orta,Erkek,Kulüp,Takım Sporu,Türkiye,Yerli,Türk Takımı Var,TV+ Yok,Yıllık,Sürekli Lig,Takım Maç Sorgusu,Bilgi,Takım,Jenerik,Türkçe,Head,tk_mac
serikspor maçları,TFF 1. Lig,Futbol,Lig,2. Seviye,Orta,Erkek,Kulüp,Takım Sporu,Türkiye,Yerli,Türk Takımı Var,TV+ Yok,Yıllık,Sürekli Lig,Takım Maç Sorgusu,Bilgi,Takım,Jenerik,Türkçe,Head,tk_maclar
serikspor maçı ne zaman,TFF 1. Lig,Futbol,Lig,2. Seviye,Orta,Erkek,Kulüp,Takım Sporu,Türkiye,Yerli,Türk Takımı Var,TV+ Yok,Yıllık,Sürekli Lig,Takvim/Saat,Bilgi,Takım,Jenerik,Türkçe,Body,tk_nezaman
serikspor maçı hangi kanalda,TFF 1. Lig,Futbol,Lig,2. Seviye,Orta,Erkek,Kulüp,Takım Sporu,Türkiye,Yerli,Türk Takımı Var,TV+ Yok,Yıllık,Sürekli Lig,Kanal/Yayın,İzleme,Takım,Jenerik,Türkçe,Body,tk_kanal
serikspor canlı izle,TFF 1. Lig,Futbol,Lig,2. Seviye,Orta,Erkek,Kulüp,Takım Sporu,Türkiye,Yerli,Türk Takımı Var,TV+ Yok,Yıllık,Sürekli Lig,Canlı İzle,İzleme,Takım,Jenerik,Türkçe,Body,tk_izle
serikspor fikstür,TFF 1. Lig,Futbol,Lig,2. Seviye,Orta,Erkek,Kulüp,Takım Sporu,Türkiye,Yerli,Türk Takımı Var,TV+ Yok,Yıllık,Sürekli Lig,Fikstür,Bilgi,Takım,Jenerik,Türkçe,Head,tk_fikstur
serikspor puan durumu,TFF 1. Lig,Futbol,Lig,2. Seviye,Orta,Erkek,Kulüp,Takım Sporu,Türkiye,Yerli,Türk Takımı Var,TV+ Yok,Yıllık,Sürekli Lig,Puan Durumu,Bilgi,Takım,Jenerik,İngilizce,Body,tk_pd
serikspor kadro,TFF 1. Lig,Futbol,Lig,2. Seviye,Orta,Erkek,Kulüp,Takım Sporu,Türkiye,Yerli,Türk Takımı Var,TV+ Yok,Yıllık,Sürekli Lig,Kadro,Bilgi,Takım,Jenerik,İngilizce,Head,tk_kadro
serikspor oyuncuları,TFF 1. Lig,Futbol,Lig,2. Seviye,Orta,Erkek,Kulüp,Takım Sporu,Türkiye,Yerli,Türk Takımı Var,TV+ Yok,Yıllık,Sürekli Lig,Kadro,Bilgi,Takım,Jenerik,Türkçe,Head,tk_oyuncu
serikspor transfer,TFF 1. Lig,Futbol,Lig,2. Seviye,Orta,Erkek,Kulüp,Takım Sporu,Türkiye,Yerli,Türk Takımı Var,TV+ Yok,Yıllık,Sürekli Lig,Transfer,Bilgi,Takım,Jenerik,İngilizce,Head,tk_transfer
serikspor,TFF 1. Lig,Futbol,Lig,2. Seviye,Orta,Erkek,Kulüp,Takım Sporu,Türkiye,Yerli,Türk Takımı Var,TV+ Yok,Yıllık,Sürekli Lig,Takım Jenerik,Bilgi,Takım,Jenerik,İngilizce,Head,tk_jen
hatayspor maçı,TFF 1. Lig,Futbol,Lig,2. Seviye,Orta,Erkek,Kulüp,Takım Sporu,Türkiye,Yerli,Türk Takımı Var,TV+ Yok,Yıllık,Sürekli Lig,Takım Maç Sorgusu,Bilgi,Takım,Jenerik,Türkçe,Head,tk_mac
hatayspor maçları,TFF 1. Lig,Futbol,Lig,2. Seviye,Orta,Erkek,Kulüp,Takım Sporu,Türkiye,Yerli,Türk Takımı Var,TV+ Yok,Yıllık,Sürekli Lig,Takım Maç Sorgusu,Bilgi,Takım,Jenerik,Türkçe,Head,tk_maclar
hatayspor maçı ne zaman,TFF 1. Lig,Futbol,Lig,2. Seviye,Orta,Erkek,Kulüp,Takım Sporu,Türkiye,Yerli,Türk Takımı Var,TV+ Yok,Yıllık,Sürekli Lig,Takvim/Saat,Bilgi,Takım,Jenerik,Türkçe,Body,tk_nezaman
hatayspor maçı hangi kanalda,TFF 1. Lig,Futbol,Lig,2. Seviye,Orta,Erkek,Kulüp,Takım Sporu,Türkiye,Yerli,Türk Takımı Var,TV+ Yok,Yıllık,Sürekli Lig,Kanal/Yayın,İzleme,Takım,Jenerik,Türkçe,Body,tk_kanal
hatayspor canlı izle,TFF 1. Lig,Futbol,Lig,2. Seviye,Orta,Erkek,Kulüp,Takım Sporu,Türkiye,Yerli,Türk Takımı Var,TV+ Yok,Yıllık,Sürekli Lig,Canlı İzle,İzleme,Takım,Jenerik,Türkçe,Body,tk_izle
hatayspor fikstür,TFF 1. Lig,Futbol,Lig,2. Seviye,Orta,Erkek,Kulüp,Takım Sporu,Türkiye,Yerli,Türk Takımı Var,TV+ Yok,Yıllık,Sürekli Lig,Fikstür,Bilgi,Takım,Jenerik,Türkçe,Head,tk_fikstur
hatayspor puan durumu,TFF 1. Lig,Futbol,Lig,2. Seviye,Orta,Erkek,Kulüp,Takım Sporu,Türkiye,Yerli,Türk Takımı Var,TV+ Yok,Yıllık,Sürekli Lig,Puan Durumu,Bilgi,Takım,Jenerik,İngilizce,Body,tk_pd
hatayspor kadro,TFF 1. Lig,Futbol,Lig,2. Seviye,Orta,Erkek,Kulüp,Takım Sporu,Türkiye,Yerli,Türk Takımı Var,TV+ Yok,Yıllık,Sürekli Lig,Kadro,Bilgi,Takım,Jenerik,İngilizce,Head,tk_kadro
hatayspor oyuncuları,TFF 1. Lig,Futbol,Lig,2. Seviye,Orta,Erkek,Kulüp,Takım Sporu,Türkiye,Yerli,Türk Takımı Var,TV+ Yok,Yıllık,Sürekli Lig,Kadro,Bilgi,Takım,Jenerik,Türkçe,Head,tk_oyuncu
hatayspor transfer,TFF 1. Lig,Futbol,Lig,2. Seviye,Orta,Erkek,Kulüp,Takım Sporu,Türkiye,Yerli,Türk Takımı Var,TV+ Yok,Yıllık,Sürekli Lig,Transfer,Bilgi,Takım,Jenerik,İngilizce,Head,tk_transfer
hatayspor,TFF 1. Lig,Futbol,Lig,2. Seviye,Orta,Erkek,Kulüp,Takım Sporu,Türkiye,Yerli,Türk Takımı Var,TV+ Yok,Yıllık,Sürekli Lig,Takım Jenerik,Bilgi,Takım,Jenerik,İngilizce,Head,tk_jen
sivasspor maçı,TFF 1. Lig,Futbol,Lig,2. Seviye,Orta,Erkek,Kulüp,Takım Sporu,Türkiye,Yerli,Türk Takımı Var,TV+ Yok,Yıllık,Sürekli Lig,Takım Maç Sorgusu,Bilgi,Takım,Jenerik,Türkçe,Head,tk_mac
sivasspor maçları,TFF 1. Lig,Futbol,Lig,2. Seviye,Orta,Erkek,Kulüp,Takım Sporu,Türkiye,Yerli,Türk Takımı Var,TV+ Yok,Yıllık,Sürekli Lig,Takım Maç Sorgusu,Bilgi,Takım,Jenerik,Türkçe,Head,tk_maclar
sivasspor maçı ne zaman,TFF 1. Lig,Futbol,Lig,2. Seviye,Orta,Erkek,Kulüp,Takım Sporu,Türkiye,Yerli,Türk Takımı Var,TV+ Yok,Yıllık,Sürekli Lig,Takvim/Saat,Bilgi,Takım,Jenerik,Türkçe,Body,tk_nezaman
sivasspor maçı hangi kanalda,TFF 1. Lig,Futbol,Lig,2. Seviye,Orta,Erkek,Kulüp,Takım Sporu,Türkiye,Yerli,Türk Takımı Var,TV+ Yok,Yıllık,Sürekli Lig,Kanal/Yayın,İzleme,Takım,Jenerik,Türkçe,Body,tk_kanal
sivasspor canlı izle,TFF 1. Lig,Futbol,Lig,2. Seviye,Orta,Erkek,Kulüp,Takım Sporu,Türkiye,Yerli,Türk Takımı Var,TV+ Yok,Yıllık,Sürekli Lig,Canlı İzle,İzleme,Takım,Jenerik,Türkçe,Body,tk_izle
sivasspor fikstür,TFF 1. Lig,Futbol,Lig,2. Seviye,Orta,Erkek,Kulüp,Takım Sporu,Türkiye,Yerli,Türk Takımı Var,TV+ Yok,Yıllık,Sürekli Lig,Fikstür,Bilgi,Takım,Jenerik,Türkçe,Head,tk_fikstur
sivasspor puan durumu,TFF 1. Lig,Futbol,Lig,2. Seviye,Orta,Erkek,Kulüp,Takım Sporu,Türkiye,Yerli,Türk Takımı Var,TV+ Yok,Yıllık,Sürekli Lig,Puan Durumu,Bilgi,Takım,Jenerik,İngilizce,Body,tk_pd
sivasspor kadro,TFF 1. Lig,Futbol,Lig,2. Seviye,Orta,Erkek,Kulüp,Takım Sporu,Türkiye,Yerli,Türk Takımı Var,TV+ Yok,Yıllık,Sürekli Lig,Kadro,Bilgi,Takım,Jenerik,İngilizce,Head,tk_kadro
sivasspor oyuncuları,TFF 1. Lig,Futbol,Lig,2. Seviye,Orta,Erkek,Kulüp,Takım Sporu,Türkiye,Yerli,Türk Takımı Var,TV+ Yok,Yıllık,Sürekli Lig,Kadro,Bilgi,Takım,Jenerik,Türkçe,Head,tk_oyuncu
sivasspor transfer,TFF 1. Lig,Futbol,Lig,2. Seviye,Orta,Erkek,Kulüp,Takım Sporu,Türkiye,Yerli,Türk Takımı Var,TV+ Yok,Yıllık,Sürekli Lig,Transfer,Bilgi,Takım,Jenerik,İngilizce,Head,tk_transfer
sivasspor,TFF 1. Lig,Futbol,Lig,2. Seviye,Orta,Erkek,Kulüp,Takım Sporu,Türkiye,Yerli,Türk Takımı Var,TV+ Yok,Yıllık,Sürekli Lig,Takım Jenerik,Bilgi,Takım,Jenerik,İngilizce,Head,tk_jen
istanbulspor maçı,TFF 1. Lig,Futbol,Lig,2. Seviye,Orta,Erkek,Kulüp,Takım Sporu,Türkiye,Yerli,Türk Takımı Var,TV+ Yok,Yıllık,Sürekli Lig,Takım Maç Sorgusu,Bilgi,Takım,Jenerik,Türkçe,Head,tk_mac
istanbulspor maçları,TFF 1. Lig,Futbol,Lig,2. Seviye,Orta,Erkek,Kulüp,Takım Sporu,Türkiye,Yerli,Türk Takımı Var,TV+ Yok,Yıllık,Sürekli Lig,Takım Maç Sorgusu,Bilgi,Takım,Jenerik,Türkçe,Head,tk_maclar
istanbulspor maçı ne zaman,TFF 1. Lig,Futbol,Lig,2. Seviye,Orta,Erkek,Kulüp,Takım Sporu,Türkiye,Yerli,Türk Takımı Var,TV+ Yok,Yıllık,Sürekli Lig,Takvim/Saat,Bilgi,Takım,Jenerik,Türkçe,Body,tk_nezaman
istanbulspor maçı hangi kanalda,TFF 1. Lig,Futbol,Lig,2. Seviye,Orta,Erkek,Kulüp,Takım Sporu,Türkiye,Yerli,Türk Takımı Var,TV+ Yok,Yıllık,Sürekli Lig,Kanal/Yayın,İzleme,Takım,Jenerik,Türkçe,Body,tk_kanal
istanbulspor canlı izle,TFF 1. Lig,Futbol,Lig,2. Seviye,Orta,Erkek,Kulüp,Takım Sporu,Türkiye,Yerli,Türk Takımı Var,TV+ Yok,Yıllık,Sürekli Lig,Canlı İzle,İzleme,Takım,Jenerik,Türkçe,Body,tk_izle
istanbulspor fikstür,TFF 1. Lig,Futbol,Lig,2. Seviye,Orta,Erkek,Kulüp,Takım Sporu,Türkiye,Yerli,Türk Takımı Var,TV+ Yok,Yıllık,Sürekli Lig,Fikstür,Bilgi,Takım,Jenerik,Türkçe,Head,tk_fikstur
istanbulspor puan durumu,TFF 1. Lig,Futbol,Lig,2. Seviye,Orta,Erkek,Kulüp,Takım Sporu,Türkiye,Yerli,Türk Takımı Var,TV+ Yok,Yıllık,Sürekli Lig,Puan Durumu,Bilgi,Takım,Jenerik,İngilizce,Body,tk_pd
istanbulspor kadro,TFF 1. Lig,Futbol,Lig,2. Seviye,Orta,Erkek,Kulüp,Takım Sporu,Türkiye,Yerli,Türk Takımı Var,TV+ Yok,Yıllık,Sürekli Lig,Kadro,Bilgi,Takım,Jenerik,İngilizce,Head,tk_kadro
istanbulspor oyuncuları,TFF 1. Lig,Futbol,Lig,2. Seviye,Orta,Erkek,Kulüp,Takım Sporu,Türkiye,Yerli,Türk Takımı Var,TV+ Yok,Yıllık,Sürekli Lig,Kadro,Bilgi,Takım,Jenerik,Türkçe,Head,tk_oyuncu
istanbulspor transfer,TFF 1. Lig,Futbol,Lig,2. Seviye,Orta,Erkek,Kulüp,Takım Sporu,Türkiye,Yerli,Türk Takımı Var,TV+ Yok,Yıllık,Sürekli Lig,Transfer,Bilgi,Takım,Jenerik,İngilizce,Head,tk_transfer
istanbulspor,TFF 1. Lig,Futbol,Lig,2. Seviye,Orta,Erkek,Kulüp,Takım Sporu,Türkiye,Yerli,Türk Takımı Var,TV+ Yok,Yıllık,Sürekli Lig,Takım Jenerik,Bilgi,Takım,Jenerik,İngilizce,Head,tk_jen
çorum fk maçı,TFF 1. Lig,Futbol,Lig,2. Seviye,Orta,Erkek,Kulüp,Takım Sporu,Türkiye,Yerli,Türk Takımı Var,TV+ Yok,Yıllık,Sürekli Lig,Takım Maç Sorgusu,Bilgi,Takım,Jenerik,Türkçe,Body,tk_mac
çorum fk maçları,TFF 1. Lig,Futbol,Lig,2. Seviye,Orta,Erkek,Kulüp,Takım Sporu,Türkiye,Yerli,Türk Takımı Var,TV+ Yok,Yıllık,Sürekli Lig,Takım Maç Sorgusu,Bilgi,Takım,Jenerik,Türkçe,Body,tk_maclar
çorum fk maçı ne zaman,TFF 1. Lig,Futbol,Lig,2. Seviye,Orta,Erkek,Kulüp,Takım Sporu,Türkiye,Yerli,Türk Takımı Var,TV+ Yok,Yıllık,Sürekli Lig,Takvim/Saat,Bilgi,Takım,Jenerik,Türkçe,Long-tail,tk_nezaman
çorum fk maçı hangi kanalda,TFF 1. Lig,Futbol,Lig,2. Seviye,Orta,Erkek,Kulüp,Takım Sporu,Türkiye,Yerli,Türk Takımı Var,TV+ Yok,Yıllık,Sürekli Lig,Kanal/Yayın,İzleme,Takım,Jenerik,Türkçe,Long-tail,tk_kanal
çorum fk canlı izle,TFF 1. Lig,Futbol,Lig,2. Seviye,Orta,Erkek,Kulüp,Takım Sporu,Türkiye,Yerli,Türk Takımı Var,TV+ Yok,Yıllık,Sürekli Lig,Canlı İzle,İzleme,Takım,Jenerik,Türkçe,Body,tk_izle
çorum fk fikstür,TFF 1. Lig,Futbol,Lig,2. Seviye,Orta,Erkek,Kulüp,Takım Sporu,Türkiye,Yerli,Türk Takımı Var,TV+ Yok,Yıllık,Sürekli Lig,Fikstür,Bilgi,Takım,Jenerik,Türkçe,Body,tk_fikstur
çorum fk puan durumu,TFF 1. Lig,Futbol,Lig,2. Seviye,Orta,Erkek,Kulüp,Takım Sporu,Türkiye,Yerli,Türk Takımı Var,TV+ Yok,Yıllık,Sürekli Lig,Puan Durumu,Bilgi,Takım,Jenerik,Türkçe,Body,tk_pd
çorum fk kadro,TFF 1. Lig,Futbol,Lig,2. Seviye,Orta,Erkek,Kulüp,Takım Sporu,Türkiye,Yerli,Türk Takımı Var,TV+ Yok,Yıllık,Sürekli Lig,Kadro,Bilgi,Takım,Jenerik,Türkçe,Body,tk_kadro
çorum fk oyuncuları,TFF 1. Lig,Futbol,Lig,2. Seviye,Orta,Erkek,Kulüp,Takım Sporu,Türkiye,Yerli,Türk Takımı Var,TV+ Yok,Yıllık,Sürekli Lig,Kadro,Bilgi,Takım,Jenerik,Türkçe,Body,tk_oyuncu
çorum fk transfer,TFF 1. Lig,Futbol,Lig,2. Seviye,Orta,Erkek,Kulüp,Takım Sporu,Türkiye,Yerli,Türk Takımı Var,TV+ Yok,Yıllık,Sürekli Lig,Transfer,Bilgi,Takım,Jenerik,Türkçe,Body,tk_transfer
çorum fk,TFF 1. Lig,Futbol,Lig,2. Seviye,Orta,Erkek,Kulüp,Takım Sporu,Türkiye,Yerli,Türk Takımı Var,TV+ Yok,Yıllık,Sürekli Lig,Takım Jenerik,Bilgi,Takım,Jenerik,Türkçe,Head,tk_jen
real madrid maçı,La Liga,Futbol,Lig,1. Seviye,Global Elit,Erkek,Kulüp,Takım Sporu,İspanya,Yabancı,Yok,TV+ Var,Yıllık,Sürekli Lig,Takım Maç Sorgusu,Bilgi,Takım,Jenerik,Türkçe,Body,tk_mac
real madrid maçları,La Liga,Futbol,Lig,1. Seviye,Global Elit,Erkek,Kulüp,Takım Sporu,İspanya,Yabancı,Yok,TV+ Var,Yıllık,Sürekli Lig,Takım Maç Sorgusu,Bilgi,Takım,Jenerik,Türkçe,Body,tk_maclar
real madrid maçı ne zaman,La Liga,Futbol,Lig,1. Seviye,Global Elit,Erkek,Kulüp,Takım Sporu,İspanya,Yabancı,Yok,TV+ Var,Yıllık,Sürekli Lig,Takvim/Saat,Bilgi,Takım,Jenerik,Türkçe,Long-tail,tk_nezaman
real madrid maçı hangi kanalda,La Liga,Futbol,Lig,1. Seviye,Global Elit,Erkek,Kulüp,Takım Sporu,İspanya,Yabancı,Yok,TV+ Var,Yıllık,Sürekli Lig,Kanal/Yayın,İzleme,Takım,Jenerik,Türkçe,Long-tail,tk_kanal
real madrid canlı izle,La Liga,Futbol,Lig,1. Seviye,Global Elit,Erkek,Kulüp,Takım Sporu,İspanya,Yabancı,Yok,TV+ Var,Yıllık,Sürekli Lig,Canlı İzle,İzleme,Takım,Jenerik,Türkçe,Body,tk_izle
real madrid fikstür,La Liga,Futbol,Lig,1. Seviye,Global Elit,Erkek,Kulüp,Takım Sporu,İspanya,Yabancı,Yok,TV+ Var,Yıllık,Sürekli Lig,Fikstür,Bilgi,Takım,Jenerik,Türkçe,Body,tk_fikstur
real madrid puan durumu,La Liga,Futbol,Lig,1. Seviye,Global Elit,Erkek,Kulüp,Takım Sporu,İspanya,Yabancı,Yok,TV+ Var,Yıllık,Sürekli Lig,Puan Durumu,Bilgi,Takım,Jenerik,İngilizce,Body,tk_pd
real madrid kadro,La Liga,Futbol,Lig,1. Seviye,Global Elit,Erkek,Kulüp,Takım Sporu,İspanya,Yabancı,Yok,TV+ Var,Yıllık,Sürekli Lig,Kadro,Bilgi,Takım,Jenerik,İngilizce,Body,tk_kadro
real madrid oyuncuları,La Liga,Futbol,Lig,1. Seviye,Global Elit,Erkek,Kulüp,Takım Sporu,İspanya,Yabancı,Yok,TV+ Var,Yıllık,Sürekli Lig,Kadro,Bilgi,Takım,Jenerik,Türkçe,Body,tk_oyuncu
real madrid transfer,La Liga,Futbol,Lig,1. Seviye,Global Elit,Erkek,Kulüp,Takım Sporu,İspanya,Yabancı,Yok,TV+ Var,Yıllık,Sürekli Lig,Transfer,Bilgi,Takım,Jenerik,İngilizce,Body,tk_transfer
real madrid,La Liga,Futbol,Lig,1. Seviye,Global Elit,Erkek,Kulüp,Takım Sporu,İspanya,Yabancı,Yok,TV+ Var,Yıllık,Sürekli Lig,Takım Jenerik,Bilgi,Takım,Jenerik,İngilizce,Head,tk_jen
barcelona maçı,La Liga,Futbol,Lig,1. Seviye,Global Elit,Erkek,Kulüp,Takım Sporu,İspanya,Yabancı,Yok,TV+ Var,Yıllık,Sürekli Lig,Takım Maç Sorgusu,Bilgi,Takım,Jenerik,Türkçe,Head,tk_mac
barcelona maçları,La Liga,Futbol,Lig,1. Seviye,Global Elit,Erkek,Kulüp,Takım Sporu,İspanya,Yabancı,Yok,TV+ Var,Yıllık,Sürekli Lig,Takım Maç Sorgusu,Bilgi,Takım,Jenerik,Türkçe,Head,tk_maclar
barcelona maçı ne zaman,La Liga,Futbol,Lig,1. Seviye,Global Elit,Erkek,Kulüp,Takım Sporu,İspanya,Yabancı,Yok,TV+ Var,Yıllık,Sürekli Lig,Takvim/Saat,Bilgi,Takım,Jenerik,Türkçe,Body,tk_nezaman
barcelona maçı hangi kanalda,La Liga,Futbol,Lig,1. Seviye,Global Elit,Erkek,Kulüp,Takım Sporu,İspanya,Yabancı,Yok,TV+ Var,Yıllık,Sürekli Lig,Kanal/Yayın,İzleme,Takım,Jenerik,Türkçe,Body,tk_kanal
barcelona canlı izle,La Liga,Futbol,Lig,1. Seviye,Global Elit,Erkek,Kulüp,Takım Sporu,İspanya,Yabancı,Yok,TV+ Var,Yıllık,Sürekli Lig,Canlı İzle,İzleme,Takım,Jenerik,Türkçe,Body,tk_izle
barcelona fikstür,La Liga,Futbol,Lig,1. Seviye,Global Elit,Erkek,Kulüp,Takım Sporu,İspanya,Yabancı,Yok,TV+ Var,Yıllık,Sürekli Lig,Fikstür,Bilgi,Takım,Jenerik,Türkçe,Head,tk_fikstur
barcelona puan durumu,La Liga,Futbol,Lig,1. Seviye,Global Elit,Erkek,Kulüp,Takım Sporu,İspanya,Yabancı,Yok,TV+ Var,Yıllık,Sürekli Lig,Puan Durumu,Bilgi,Takım,Jenerik,İngilizce,Body,tk_pd
barcelona kadro,La Liga,Futbol,Lig,1. Seviye,Global Elit,Erkek,Kulüp,Takım Sporu,İspanya,Yabancı,Yok,TV+ Var,Yıllık,Sürekli Lig,Kadro,Bilgi,Takım,Jenerik,İngilizce,Head,tk_kadro
barcelona oyuncuları,La Liga,Futbol,Lig,1. Seviye,Global Elit,Erkek,Kulüp,Takım Sporu,İspanya,Yabancı,Yok,TV+ Var,Yıllık,Sürekli Lig,Kadro,Bilgi,Takım,Jenerik,Türkçe,Head,tk_oyuncu
barcelona transfer,La Liga,Futbol,Lig,1. Seviye,Global Elit,Erkek,Kulüp,Takım Sporu,İspanya,Yabancı,Yok,TV+ Var,Yıllık,Sürekli Lig,Transfer,Bilgi,Takım,Jenerik,İngilizce,Head,tk_transfer
barcelona,La Liga,Futbol,Lig,1. Seviye,Global Elit,Erkek,Kulüp,Takım Sporu,İspanya,Yabancı,Yok,TV+ Var,Yıllık,Sürekli Lig,Takım Jenerik,Bilgi,Takım,Jenerik,İngilizce,Head,tk_jen
atletico madrid maçı,La Liga,Futbol,Lig,1. Seviye,Global Elit,Erkek,Kulüp,Takım Sporu,İspanya,Yabancı,Yok,TV+ Var,Yıllık,Sürekli Lig,Takım Maç Sorgusu,Bilgi,Takım,Jenerik,Türkçe,Body,tk_mac
atletico madrid maçları,La Liga,Futbol,Lig,1. Seviye,Global Elit,Erkek,Kulüp,Takım Sporu,İspanya,Yabancı,Yok,TV+ Var,Yıllık,Sürekli Lig,Takım Maç Sorgusu,Bilgi,Takım,Jenerik,Türkçe,Body,tk_maclar
atletico madrid maçı ne zaman,La Liga,Futbol,Lig,1. Seviye,Global Elit,Erkek,Kulüp,Takım Sporu,İspanya,Yabancı,Yok,TV+ Var,Yıllık,Sürekli Lig,Takvim/Saat,Bilgi,Takım,Jenerik,Türkçe,Long-tail,tk_nezaman
atletico madrid maçı hangi kanalda,La Liga,Futbol,Lig,1. Seviye,Global Elit,Erkek,Kulüp,Takım Sporu,İspanya,Yabancı,Yok,TV+ Var,Yıllık,Sürekli Lig,Kanal/Yayın,İzleme,Takım,Jenerik,Türkçe,Long-tail,tk_kanal
atletico madrid canlı izle,La Liga,Futbol,Lig,1. Seviye,Global Elit,Erkek,Kulüp,Takım Sporu,İspanya,Yabancı,Yok,TV+ Var,Yıllık,Sürekli Lig,Canlı İzle,İzleme,Takım,Jenerik,Türkçe,Body,tk_izle
atletico madrid fikstür,La Liga,Futbol,Lig,1. Seviye,Global Elit,Erkek,Kulüp,Takım Sporu,İspanya,Yabancı,Yok,TV+ Var,Yıllık,Sürekli Lig,Fikstür,Bilgi,Takım,Jenerik,Türkçe,Body,tk_fikstur
atletico madrid puan durumu,La Liga,Futbol,Lig,1. Seviye,Global Elit,Erkek,Kulüp,Takım Sporu,İspanya,Yabancı,Yok,TV+ Var,Yıllık,Sürekli Lig,Puan Durumu,Bilgi,Takım,Jenerik,İngilizce,Body,tk_pd
atletico madrid kadro,La Liga,Futbol,Lig,1. Seviye,Global Elit,Erkek,Kulüp,Takım Sporu,İspanya,Yabancı,Yok,TV+ Var,Yıllık,Sürekli Lig,Kadro,Bilgi,Takım,Jenerik,İngilizce,Body,tk_kadro
atletico madrid oyuncuları,La Liga,Futbol,Lig,1. Seviye,Global Elit,Erkek,Kulüp,Takım Sporu,İspanya,Yabancı,Yok,TV+ Var,Yıllık,Sürekli Lig,Kadro,Bilgi,Takım,Jenerik,Türkçe,Body,tk_oyuncu
atletico madrid transfer,La Liga,Futbol,Lig,1. Seviye,Global Elit,Erkek,Kulüp,Takım Sporu,İspanya,Yabancı,Yok,TV+ Var,Yıllık,Sürekli Lig,Transfer,Bilgi,Takım,Jenerik,İngilizce,Body,tk_transfer
atletico madrid,La Liga,Futbol,Lig,1. Seviye,Global Elit,Erkek,Kulüp,Takım Sporu,İspanya,Yabancı,Yok,TV+ Var,Yıllık,Sürekli Lig,Takım Jenerik,Bilgi,Takım,Jenerik,İngilizce,Head,tk_jen
sevilla maçı,La Liga,Futbol,Lig,1. Seviye,Global Elit,Erkek,Kulüp,Takım Sporu,İspanya,Yabancı,Yok,TV+ Var,Yıllık,Sürekli Lig,Takım Maç Sorgusu,Bilgi,Takım,Jenerik,Türkçe,Head,tk_mac
sevilla maçları,La Liga,Futbol,Lig,1. Seviye,Global Elit,Erkek,Kulüp,Takım Sporu,İspanya,Yabancı,Yok,TV+ Var,Yıllık,Sürekli Lig,Takım Maç Sorgusu,Bilgi,Takım,Jenerik,Türkçe,Head,tk_maclar
sevilla maçı ne zaman,La Liga,Futbol,Lig,1. Seviye,Global Elit,Erkek,Kulüp,Takım Sporu,İspanya,Yabancı,Yok,TV+ Var,Yıllık,Sürekli Lig,Takvim/Saat,Bilgi,Takım,Jenerik,Türkçe,Body,tk_nezaman
sevilla maçı hangi kanalda,La Liga,Futbol,Lig,1. Seviye,Global Elit,Erkek,Kulüp,Takım Sporu,İspanya,Yabancı,Yok,TV+ Var,Yıllık,Sürekli Lig,Kanal/Yayın,İzleme,Takım,Jenerik,Türkçe,Body,tk_kanal
sevilla canlı izle,La Liga,Futbol,Lig,1. Seviye,Global Elit,Erkek,Kulüp,Takım Sporu,İspanya,Yabancı,Yok,TV+ Var,Yıllık,Sürekli Lig,Canlı İzle,İzleme,Takım,Jenerik,Türkçe,Body,tk_izle
sevilla fikstür,La Liga,Futbol,Lig,1. Seviye,Global Elit,Erkek,Kulüp,Takım Sporu,İspanya,Yabancı,Yok,TV+ Var,Yıllık,Sürekli Lig,Fikstür,Bilgi,Takım,Jenerik,Türkçe,Head,tk_fikstur
sevilla puan durumu,La Liga,Futbol,Lig,1. Seviye,Global Elit,Erkek,Kulüp,Takım Sporu,İspanya,Yabancı,Yok,TV+ Var,Yıllık,Sürekli Lig,Puan Durumu,Bilgi,Takım,Jenerik,İngilizce,Body,tk_pd
sevilla kadro,La Liga,Futbol,Lig,1. Seviye,Global Elit,Erkek,Kulüp,Takım Sporu,İspanya,Yabancı,Yok,TV+ Var,Yıllık,Sürekli Lig,Kadro,Bilgi,Takım,Jenerik,İngilizce,Head,tk_kadro
sevilla oyuncuları,La Liga,Futbol,Lig,1. Seviye,Global Elit,Erkek,Kulüp,Takım Sporu,İspanya,Yabancı,Yok,TV+ Var,Yıllık,Sürekli Lig,Kadro,Bilgi,Takım,Jenerik,Türkçe,Head,tk_oyuncu
sevilla transfer,La Liga,Futbol,Lig,1. Seviye,Global Elit,Erkek,Kulüp,Takım Sporu,İspanya,Yabancı,Yok,TV+ Var,Yıllık,Sürekli Lig,Transfer,Bilgi,Takım,Jenerik,İngilizce,Head,tk_transfer
sevilla,La Liga,Futbol,Lig,1. Seviye,Global Elit,Erkek,Kulüp,Takım Sporu,İspanya,Yabancı,Yok,TV+ Var,Yıllık,Sürekli Lig,Takım Jenerik,Bilgi,Takım,Jenerik,İngilizce,Head,tk_jen
real sociedad maçı,La Liga,Futbol,Lig,1. Seviye,Global Elit,Erkek,Kulüp,Takım Sporu,İspanya,Yabancı,Yok,TV+ Var,Yıllık,Sürekli Lig,Takım Maç Sorgusu,Bilgi,Takım,Jenerik,Türkçe,Body,tk_mac
real sociedad maçları,La Liga,Futbol,Lig,1. Seviye,Global Elit,Erkek,Kulüp,Takım Sporu,İspanya,Yabancı,Yok,TV+ Var,Yıllık,Sürekli Lig,Takım Maç Sorgusu,Bilgi,Takım,Jenerik,Türkçe,Body,tk_maclar
real sociedad maçı ne zaman,La Liga,Futbol,Lig,1. Seviye,Global Elit,Erkek,Kulüp,Takım Sporu,İspanya,Yabancı,Yok,TV+ Var,Yıllık,Sürekli Lig,Takvim/Saat,Bilgi,Takım,Jenerik,Türkçe,Long-tail,tk_nezaman
real sociedad maçı hangi kanalda,La Liga,Futbol,Lig,1. Seviye,Global Elit,Erkek,Kulüp,Takım Sporu,İspanya,Yabancı,Yok,TV+ Var,Yıllık,Sürekli Lig,Kanal/Yayın,İzleme,Takım,Jenerik,Türkçe,Long-tail,tk_kanal
real sociedad canlı izle,La Liga,Futbol,Lig,1. Seviye,Global Elit,Erkek,Kulüp,Takım Sporu,İspanya,Yabancı,Yok,TV+ Var,Yıllık,Sürekli Lig,Canlı İzle,İzleme,Takım,Jenerik,Türkçe,Body,tk_izle
real sociedad fikstür,La Liga,Futbol,Lig,1. Seviye,Global Elit,Erkek,Kulüp,Takım Sporu,İspanya,Yabancı,Yok,TV+ Var,Yıllık,Sürekli Lig,Fikstür,Bilgi,Takım,Jenerik,Türkçe,Body,tk_fikstur
real sociedad puan durumu,La Liga,Futbol,Lig,1. Seviye,Global Elit,Erkek,Kulüp,Takım Sporu,İspanya,Yabancı,Yok,TV+ Var,Yıllık,Sürekli Lig,Puan Durumu,Bilgi,Takım,Jenerik,İngilizce,Body,tk_pd
real sociedad kadro,La Liga,Futbol,Lig,1. Seviye,Global Elit,Erkek,Kulüp,Takım Sporu,İspanya,Yabancı,Yok,TV+ Var,Yıllık,Sürekli Lig,Kadro,Bilgi,Takım,Jenerik,İngilizce,Body,tk_kadro
real sociedad oyuncuları,La Liga,Futbol,Lig,1. Seviye,Global Elit,Erkek,Kulüp,Takım Sporu,İspanya,Yabancı,Yok,TV+ Var,Yıllık,Sürekli Lig,Kadro,Bilgi,Takım,Jenerik,Türkçe,Body,tk_oyuncu
real sociedad transfer,La Liga,Futbol,Lig,1. Seviye,Global Elit,Erkek,Kulüp,Takım Sporu,İspanya,Yabancı,Yok,TV+ Var,Yıllık,Sürekli Lig,Transfer,Bilgi,Takım,Jenerik,İngilizce,Body,tk_transfer
real sociedad,La Liga,Futbol,Lig,1. Seviye,Global Elit,Erkek,Kulüp,Takım Sporu,İspanya,Yabancı,Yok,TV+ Var,Yıllık,Sürekli Lig,Takım Jenerik,Bilgi,Takım,Jenerik,İngilizce,Head,tk_jen
villarreal maçı,La Liga,Futbol,Lig,1. Seviye,Global Elit,Erkek,Kulüp,Takım Sporu,İspanya,Yabancı,Yok,TV+ Var,Yıllık,Sürekli Lig,Takım Maç Sorgusu,Bilgi,Takım,Jenerik,Türkçe,Head,tk_mac
villarreal maçları,La Liga,Futbol,Lig,1. Seviye,Global Elit,Erkek,Kulüp,Takım Sporu,İspanya,Yabancı,Yok,TV+ Var,Yıllık,Sürekli Lig,Takım Maç Sorgusu,Bilgi,Takım,Jenerik,Türkçe,Head,tk_maclar
villarreal maçı ne zaman,La Liga,Futbol,Lig,1. Seviye,Global Elit,Erkek,Kulüp,Takım Sporu,İspanya,Yabancı,Yok,TV+ Var,Yıllık,Sürekli Lig,Takvim/Saat,Bilgi,Takım,Jenerik,Türkçe,Body,tk_nezaman
villarreal maçı hangi kanalda,La Liga,Futbol,Lig,1. Seviye,Global Elit,Erkek,Kulüp,Takım Sporu,İspanya,Yabancı,Yok,TV+ Var,Yıllık,Sürekli Lig,Kanal/Yayın,İzleme,Takım,Jenerik,Türkçe,Body,tk_kanal
villarreal canlı izle,La Liga,Futbol,Lig,1. Seviye,Global Elit,Erkek,Kulüp,Takım Sporu,İspanya,Yabancı,Yok,TV+ Var,Yıllık,Sürekli Lig,Canlı İzle,İzleme,Takım,Jenerik,Türkçe,Body,tk_izle
villarreal fikstür,La Liga,Futbol,Lig,1. Seviye,Global Elit,Erkek,Kulüp,Takım Sporu,İspanya,Yabancı,Yok,TV+ Var,Yıllık,Sürekli Lig,Fikstür,Bilgi,Takım,Jenerik,Türkçe,Head,tk_fikstur
villarreal puan durumu,La Liga,Futbol,Lig,1. Seviye,Global Elit,Erkek,Kulüp,Takım Sporu,İspanya,Yabancı,Yok,TV+ Var,Yıllık,Sürekli Lig,Puan Durumu,Bilgi,Takım,Jenerik,İngilizce,Body,tk_pd
villarreal kadro,La Liga,Futbol,Lig,1. Seviye,Global Elit,Erkek,Kulüp,Takım Sporu,İspanya,Yabancı,Yok,TV+ Var,Yıllık,Sürekli Lig,Kadro,Bilgi,Takım,Jenerik,İngilizce,Head,tk_kadro
villarreal oyuncuları,La Liga,Futbol,Lig,1. Seviye,Global Elit,Erkek,Kulüp,Takım Sporu,İspanya,Yabancı,Yok,TV+ Var,Yıllık,Sürekli Lig,Kadro,Bilgi,Takım,Jenerik,Türkçe,Head,tk_oyuncu
villarreal transfer,La Liga,Futbol,Lig,1. Seviye,Global Elit,Erkek,Kulüp,Takım Sporu,İspanya,Yabancı,Yok,TV+ Var,Yıllık,Sürekli Lig,Transfer,Bilgi,Takım,Jenerik,İngilizce,Head,tk_transfer
villarreal,La Liga,Futbol,Lig,1. Seviye,Global Elit,Erkek,Kulüp,Takım Sporu,İspanya,Yabancı,Yok,TV+ Var,Yıllık,Sürekli Lig,Takım Jenerik,Bilgi,Takım,Jenerik,İngilizce,Head,tk_jen
athletic bilbao maçı,La Liga,Futbol,Lig,1. Seviye,Global Elit,Erkek,Kulüp,Takım Sporu,İspanya,Yabancı,Yok,TV+ Var,Yıllık,Sürekli Lig,Takım Maç Sorgusu,Bilgi,Takım,Jenerik,Türkçe,Body,tk_mac
athletic bilbao maçları,La Liga,Futbol,Lig,1. Seviye,Global Elit,Erkek,Kulüp,Takım Sporu,İspanya,Yabancı,Yok,TV+ Var,Yıllık,Sürekli Lig,Takım Maç Sorgusu,Bilgi,Takım,Jenerik,Türkçe,Body,tk_maclar
athletic bilbao maçı ne zaman,La Liga,Futbol,Lig,1. Seviye,Global Elit,Erkek,Kulüp,Takım Sporu,İspanya,Yabancı,Yok,TV+ Var,Yıllık,Sürekli Lig,Takvim/Saat,Bilgi,Takım,Jenerik,Türkçe,Long-tail,tk_nezaman
athletic bilbao maçı hangi kanalda,La Liga,Futbol,Lig,1. Seviye,Global Elit,Erkek,Kulüp,Takım Sporu,İspanya,Yabancı,Yok,TV+ Var,Yıllık,Sürekli Lig,Kanal/Yayın,İzleme,Takım,Jenerik,Türkçe,Long-tail,tk_kanal
athletic bilbao canlı izle,La Liga,Futbol,Lig,1. Seviye,Global Elit,Erkek,Kulüp,Takım Sporu,İspanya,Yabancı,Yok,TV+ Var,Yıllık,Sürekli Lig,Canlı İzle,İzleme,Takım,Jenerik,Türkçe,Body,tk_izle
athletic bilbao fikstür,La Liga,Futbol,Lig,1. Seviye,Global Elit,Erkek,Kulüp,Takım Sporu,İspanya,Yabancı,Yok,TV+ Var,Yıllık,Sürekli Lig,Fikstür,Bilgi,Takım,Jenerik,Türkçe,Body,tk_fikstur
athletic bilbao puan durumu,La Liga,Futbol,Lig,1. Seviye,Global Elit,Erkek,Kulüp,Takım Sporu,İspanya,Yabancı,Yok,TV+ Var,Yıllık,Sürekli Lig,Puan Durumu,Bilgi,Takım,Jenerik,İngilizce,Body,tk_pd
athletic bilbao kadro,La Liga,Futbol,Lig,1. Seviye,Global Elit,Erkek,Kulüp,Takım Sporu,İspanya,Yabancı,Yok,TV+ Var,Yıllık,Sürekli Lig,Kadro,Bilgi,Takım,Jenerik,İngilizce,Body,tk_kadro
athletic bilbao oyuncuları,La Liga,Futbol,Lig,1. Seviye,Global Elit,Erkek,Kulüp,Takım Sporu,İspanya,Yabancı,Yok,TV+ Var,Yıllık,Sürekli Lig,Kadro,Bilgi,Takım,Jenerik,Türkçe,Body,tk_oyuncu
athletic bilbao transfer,La Liga,Futbol,Lig,1. Seviye,Global Elit,Erkek,Kulüp,Takım Sporu,İspanya,Yabancı,Yok,TV+ Var,Yıllık,Sürekli Lig,Transfer,Bilgi,Takım,Jenerik,İngilizce,Body,tk_transfer
athletic bilbao,La Liga,Futbol,Lig,1. Seviye,Global Elit,Erkek,Kulüp,Takım Sporu,İspanya,Yabancı,Yok,TV+ Var,Yıllık,Sürekli Lig,Takım Jenerik,Bilgi,Takım,Jenerik,İngilizce,Head,tk_jen
valencia maçı,La Liga,Futbol,Lig,1. Seviye,Global Elit,Erkek,Kulüp,Takım Sporu,İspanya,Yabancı,Yok,TV+ Var,Yıllık,Sürekli Lig,Takım Maç Sorgusu,Bilgi,Takım,Jenerik,Türkçe,Head,tk_mac
valencia maçları,La Liga,Futbol,Lig,1. Seviye,Global Elit,Erkek,Kulüp,Takım Sporu,İspanya,Yabancı,Yok,TV+ Var,Yıllık,Sürekli Lig,Takım Maç Sorgusu,Bilgi,Takım,Jenerik,Türkçe,Head,tk_maclar
valencia maçı ne zaman,La Liga,Futbol,Lig,1. Seviye,Global Elit,Erkek,Kulüp,Takım Sporu,İspanya,Yabancı,Yok,TV+ Var,Yıllık,Sürekli Lig,Takvim/Saat,Bilgi,Takım,Jenerik,Türkçe,Body,tk_nezaman
valencia maçı hangi kanalda,La Liga,Futbol,Lig,1. Seviye,Global Elit,Erkek,Kulüp,Takım Sporu,İspanya,Yabancı,Yok,TV+ Var,Yıllık,Sürekli Lig,Kanal/Yayın,İzleme,Takım,Jenerik,Türkçe,Body,tk_kanal
valencia canlı izle,La Liga,Futbol,Lig,1. Seviye,Global Elit,Erkek,Kulüp,Takım Sporu,İspanya,Yabancı,Yok,TV+ Var,Yıllık,Sürekli Lig,Canlı İzle,İzleme,Takım,Jenerik,Türkçe,Body,tk_izle
valencia fikstür,La Liga,Futbol,Lig,1. Seviye,Global Elit,Erkek,Kulüp,Takım Sporu,İspanya,Yabancı,Yok,TV+ Var,Yıllık,Sürekli Lig,Fikstür,Bilgi,Takım,Jenerik,Türkçe,Head,tk_fikstur
valencia puan durumu,La Liga,Futbol,Lig,1. Seviye,Global Elit,Erkek,Kulüp,Takım Sporu,İspanya,Yabancı,Yok,TV+ Var,Yıllık,Sürekli Lig,Puan Durumu,Bilgi,Takım,Jenerik,İngilizce,Body,tk_pd
valencia kadro,La Liga,Futbol,Lig,1. Seviye,Global Elit,Erkek,Kulüp,Takım Sporu,İspanya,Yabancı,Yok,TV+ Var,Yıllık,Sürekli Lig,Kadro,Bilgi,Takım,Jenerik,İngilizce,Head,tk_kadro
valencia oyuncuları,La Liga,Futbol,Lig,1. Seviye,Global Elit,Erkek,Kulüp,Takım Sporu,İspanya,Yabancı,Yok,TV+ Var,Yıllık,Sürekli Lig,Kadro,Bilgi,Takım,Jenerik,Türkçe,Head,tk_oyuncu
valencia transfer,La Liga,Futbol,Lig,1. Seviye,Global Elit,Erkek,Kulüp,Takım Sporu,İspanya,Yabancı,Yok,TV+ Var,Yıllık,Sürekli Lig,Transfer,Bilgi,Takım,Jenerik,İngilizce,Head,tk_transfer
valencia,La Liga,Futbol,Lig,1. Seviye,Global Elit,Erkek,Kulüp,Takım Sporu,İspanya,Yabancı,Yok,TV+ Var,Yıllık,Sürekli Lig,Takım Jenerik,Bilgi,Takım,Jenerik,İngilizce,Head,tk_jen
real betis maçı,La Liga,Futbol,Lig,1. Seviye,Global Elit,Erkek,Kulüp,Takım Sporu,İspanya,Yabancı,Yok,TV+ Var,Yıllık,Sürekli Lig,Takım Maç Sorgusu,Bilgi,Takım,Jenerik,Türkçe,Body,tk_mac
real betis maçları,La Liga,Futbol,Lig,1. Seviye,Global Elit,Erkek,Kulüp,Takım Sporu,İspanya,Yabancı,Yok,TV+ Var,Yıllık,Sürekli Lig,Takım Maç Sorgusu,Bilgi,Takım,Jenerik,Türkçe,Body,tk_maclar
real betis maçı ne zaman,La Liga,Futbol,Lig,1. Seviye,Global Elit,Erkek,Kulüp,Takım Sporu,İspanya,Yabancı,Yok,TV+ Var,Yıllık,Sürekli Lig,Takvim/Saat,Bilgi,Takım,Jenerik,Türkçe,Long-tail,tk_nezaman
real betis maçı hangi kanalda,La Liga,Futbol,Lig,1. Seviye,Global Elit,Erkek,Kulüp,Takım Sporu,İspanya,Yabancı,Yok,TV+ Var,Yıllık,Sürekli Lig,Kanal/Yayın,İzleme,Takım,Jenerik,Türkçe,Long-tail,tk_kanal
real betis canlı izle,La Liga,Futbol,Lig,1. Seviye,Global Elit,Erkek,Kulüp,Takım Sporu,İspanya,Yabancı,Yok,TV+ Var,Yıllık,Sürekli Lig,Canlı İzle,İzleme,Takım,Jenerik,Türkçe,Body,tk_izle
real betis fikstür,La Liga,Futbol,Lig,1. Seviye,Global Elit,Erkek,Kulüp,Takım Sporu,İspanya,Yabancı,Yok,TV+ Var,Yıllık,Sürekli Lig,Fikstür,Bilgi,Takım,Jenerik,Türkçe,Body,tk_fikstur
real betis puan durumu,La Liga,Futbol,Lig,1. Seviye,Global Elit,Erkek,Kulüp,Takım Sporu,İspanya,Yabancı,Yok,TV+ Var,Yıllık,Sürekli Lig,Puan Durumu,Bilgi,Takım,Jenerik,İngilizce,Body,tk_pd
real betis kadro,La Liga,Futbol,Lig,1. Seviye,Global Elit,Erkek,Kulüp,Takım Sporu,İspanya,Yabancı,Yok,TV+ Var,Yıllık,Sürekli Lig,Kadro,Bilgi,Takım,Jenerik,İngilizce,Body,tk_kadro
real betis oyuncuları,La Liga,Futbol,Lig,1. Seviye,Global Elit,Erkek,Kulüp,Takım Sporu,İspanya,Yabancı,Yok,TV+ Var,Yıllık,Sürekli Lig,Kadro,Bilgi,Takım,Jenerik,Türkçe,Body,tk_oyuncu
real betis transfer,La Liga,Futbol,Lig,1. Seviye,Global Elit,Erkek,Kulüp,Takım Sporu,İspanya,Yabancı,Yok,TV+ Var,Yıllık,Sürekli Lig,Transfer,Bilgi,Takım,Jenerik,İngilizce,Body,tk_transfer
real betis,La Liga,Futbol,Lig,1. Seviye,Global Elit,Erkek,Kulüp,Takım Sporu,İspanya,Yabancı,Yok,TV+ Var,Yıllık,Sürekli Lig,Takım Jenerik,Bilgi,Takım,Jenerik,İngilizce,Head,tk_jen
girona maçı,La Liga,Futbol,Lig,1. Seviye,Global Elit,Erkek,Kulüp,Takım Sporu,İspanya,Yabancı,Yok,TV+ Var,Yıllık,Sürekli Lig,Takım Maç Sorgusu,Bilgi,Takım,Jenerik,Türkçe,Head,tk_mac
girona maçları,La Liga,Futbol,Lig,1. Seviye,Global Elit,Erkek,Kulüp,Takım Sporu,İspanya,Yabancı,Yok,TV+ Var,Yıllık,Sürekli Lig,Takım Maç Sorgusu,Bilgi,Takım,Jenerik,Türkçe,Head,tk_maclar
girona maçı ne zaman,La Liga,Futbol,Lig,1. Seviye,Global Elit,Erkek,Kulüp,Takım Sporu,İspanya,Yabancı,Yok,TV+ Var,Yıllık,Sürekli Lig,Takvim/Saat,Bilgi,Takım,Jenerik,Türkçe,Body,tk_nezaman
girona maçı hangi kanalda,La Liga,Futbol,Lig,1. Seviye,Global Elit,Erkek,Kulüp,Takım Sporu,İspanya,Yabancı,Yok,TV+ Var,Yıllık,Sürekli Lig,Kanal/Yayın,İzleme,Takım,Jenerik,Türkçe,Body,tk_kanal
girona canlı izle,La Liga,Futbol,Lig,1. Seviye,Global Elit,Erkek,Kulüp,Takım Sporu,İspanya,Yabancı,Yok,TV+ Var,Yıllık,Sürekli Lig,Canlı İzle,İzleme,Takım,Jenerik,Türkçe,Body,tk_izle
girona fikstür,La Liga,Futbol,Lig,1. Seviye,Global Elit,Erkek,Kulüp,Takım Sporu,İspanya,Yabancı,Yok,TV+ Var,Yıllık,Sürekli Lig,Fikstür,Bilgi,Takım,Jenerik,Türkçe,Head,tk_fikstur
girona puan durumu,La Liga,Futbol,Lig,1. Seviye,Global Elit,Erkek,Kulüp,Takım Sporu,İspanya,Yabancı,Yok,TV+ Var,Yıllık,Sürekli Lig,Puan Durumu,Bilgi,Takım,Jenerik,İngilizce,Body,tk_pd
girona kadro,La Liga,Futbol,Lig,1. Seviye,Global Elit,Erkek,Kulüp,Takım Sporu,İspanya,Yabancı,Yok,TV+ Var,Yıllık,Sürekli Lig,Kadro,Bilgi,Takım,Jenerik,İngilizce,Head,tk_kadro
girona oyuncuları,La Liga,Futbol,Lig,1. Seviye,Global Elit,Erkek,Kulüp,Takım Sporu,İspanya,Yabancı,Yok,TV+ Var,Yıllık,Sürekli Lig,Kadro,Bilgi,Takım,Jenerik,Türkçe,Head,tk_oyuncu
girona transfer,La Liga,Futbol,Lig,1. Seviye,Global Elit,Erkek,Kulüp,Takım Sporu,İspanya,Yabancı,Yok,TV+ Var,Yıllık,Sürekli Lig,Transfer,Bilgi,Takım,Jenerik,İngilizce,Head,tk_transfer
girona,La Liga,Futbol,Lig,1. Seviye,Global Elit,Erkek,Kulüp,Takım Sporu,İspanya,Yabancı,Yok,TV+ Var,Yıllık,Sürekli Lig,Takım Jenerik,Bilgi,Takım,Jenerik,İngilizce,Head,tk_jen
juventus maçı,Serie A,Futbol,Lig,1. Seviye,Global Elit,Erkek,Kulüp,Takım Sporu,İtalya,Yabancı,Yok,TV+ Var,Yıllık,Sürekli Lig,Takım Maç Sorgusu,Bilgi,Takım,Jenerik,Türkçe,Head,tk_mac
juventus maçları,Serie A,Futbol,Lig,1. Seviye,Global Elit,Erkek,Kulüp,Takım Sporu,İtalya,Yabancı,Yok,TV+ Var,Yıllık,Sürekli Lig,Takım Maç Sorgusu,Bilgi,Takım,Jenerik,Türkçe,Head,tk_maclar
juventus maçı ne zaman,Serie A,Futbol,Lig,1. Seviye,Global Elit,Erkek,Kulüp,Takım Sporu,İtalya,Yabancı,Yok,TV+ Var,Yıllık,Sürekli Lig,Takvim/Saat,Bilgi,Takım,Jenerik,Türkçe,Body,tk_nezaman
juventus maçı hangi kanalda,Serie A,Futbol,Lig,1. Seviye,Global Elit,Erkek,Kulüp,Takım Sporu,İtalya,Yabancı,Yok,TV+ Var,Yıllık,Sürekli Lig,Kanal/Yayın,İzleme,Takım,Jenerik,Türkçe,Body,tk_kanal
juventus canlı izle,Serie A,Futbol,Lig,1. Seviye,Global Elit,Erkek,Kulüp,Takım Sporu,İtalya,Yabancı,Yok,TV+ Var,Yıllık,Sürekli Lig,Canlı İzle,İzleme,Takım,Jenerik,Türkçe,Body,tk_izle
juventus fikstür,Serie A,Futbol,Lig,1. Seviye,Global Elit,Erkek,Kulüp,Takım Sporu,İtalya,Yabancı,Yok,TV+ Var,Yıllık,Sürekli Lig,Fikstür,Bilgi,Takım,Jenerik,Türkçe,Head,tk_fikstur
juventus puan durumu,Serie A,Futbol,Lig,1. Seviye,Global Elit,Erkek,Kulüp,Takım Sporu,İtalya,Yabancı,Yok,TV+ Var,Yıllık,Sürekli Lig,Puan Durumu,Bilgi,Takım,Jenerik,İngilizce,Body,tk_pd
juventus kadro,Serie A,Futbol,Lig,1. Seviye,Global Elit,Erkek,Kulüp,Takım Sporu,İtalya,Yabancı,Yok,TV+ Var,Yıllık,Sürekli Lig,Kadro,Bilgi,Takım,Jenerik,İngilizce,Head,tk_kadro
juventus oyuncuları,Serie A,Futbol,Lig,1. Seviye,Global Elit,Erkek,Kulüp,Takım Sporu,İtalya,Yabancı,Yok,TV+ Var,Yıllık,Sürekli Lig,Kadro,Bilgi,Takım,Jenerik,Türkçe,Head,tk_oyuncu
juventus transfer,Serie A,Futbol,Lig,1. Seviye,Global Elit,Erkek,Kulüp,Takım Sporu,İtalya,Yabancı,Yok,TV+ Var,Yıllık,Sürekli Lig,Transfer,Bilgi,Takım,Jenerik,İngilizce,Head,tk_transfer
juventus,Serie A,Futbol,Lig,1. Seviye,Global Elit,Erkek,Kulüp,Takım Sporu,İtalya,Yabancı,Yok,TV+ Var,Yıllık,Sürekli Lig,Takım Jenerik,Bilgi,Takım,Jenerik,İngilizce,Head,tk_jen
inter maçı,Serie A,Futbol,Lig,1. Seviye,Global Elit,Erkek,Kulüp,Takım Sporu,İtalya,Yabancı,Yok,TV+ Var,Yıllık,Sürekli Lig,Takım Maç Sorgusu,Bilgi,Takım,Jenerik,Türkçe,Head,tk_mac
inter maçları,Serie A,Futbol,Lig,1. Seviye,Global Elit,Erkek,Kulüp,Takım Sporu,İtalya,Yabancı,Yok,TV+ Var,Yıllık,Sürekli Lig,Takım Maç Sorgusu,Bilgi,Takım,Jenerik,Türkçe,Head,tk_maclar
inter maçı ne zaman,Serie A,Futbol,Lig,1. Seviye,Global Elit,Erkek,Kulüp,Takım Sporu,İtalya,Yabancı,Yok,TV+ Var,Yıllık,Sürekli Lig,Takvim/Saat,Bilgi,Takım,Jenerik,Türkçe,Body,tk_nezaman
inter maçı hangi kanalda,Serie A,Futbol,Lig,1. Seviye,Global Elit,Erkek,Kulüp,Takım Sporu,İtalya,Yabancı,Yok,TV+ Var,Yıllık,Sürekli Lig,Kanal/Yayın,İzleme,Takım,Jenerik,Türkçe,Body,tk_kanal
inter canlı izle,Serie A,Futbol,Lig,1. Seviye,Global Elit,Erkek,Kulüp,Takım Sporu,İtalya,Yabancı,Yok,TV+ Var,Yıllık,Sürekli Lig,Canlı İzle,İzleme,Takım,Jenerik,Türkçe,Body,tk_izle
inter fikstür,Serie A,Futbol,Lig,1. Seviye,Global Elit,Erkek,Kulüp,Takım Sporu,İtalya,Yabancı,Yok,TV+ Var,Yıllık,Sürekli Lig,Fikstür,Bilgi,Takım,Jenerik,Türkçe,Head,tk_fikstur
inter puan durumu,Serie A,Futbol,Lig,1. Seviye,Global Elit,Erkek,Kulüp,Takım Sporu,İtalya,Yabancı,Yok,TV+ Var,Yıllık,Sürekli Lig,Puan Durumu,Bilgi,Takım,Jenerik,İngilizce,Body,tk_pd
inter kadro,Serie A,Futbol,Lig,1. Seviye,Global Elit,Erkek,Kulüp,Takım Sporu,İtalya,Yabancı,Yok,TV+ Var,Yıllık,Sürekli Lig,Kadro,Bilgi,Takım,Jenerik,İngilizce,Head,tk_kadro
inter oyuncuları,Serie A,Futbol,Lig,1. Seviye,Global Elit,Erkek,Kulüp,Takım Sporu,İtalya,Yabancı,Yok,TV+ Var,Yıllık,Sürekli Lig,Kadro,Bilgi,Takım,Jenerik,Türkçe,Head,tk_oyuncu
inter transfer,Serie A,Futbol,Lig,1. Seviye,Global Elit,Erkek,Kulüp,Takım Sporu,İtalya,Yabancı,Yok,TV+ Var,Yıllık,Sürekli Lig,Transfer,Bilgi,Takım,Jenerik,İngilizce,Head,tk_transfer
inter,Serie A,Futbol,Lig,1. Seviye,Global Elit,Erkek,Kulüp,Takım Sporu,İtalya,Yabancı,Yok,TV+ Var,Yıllık,Sürekli Lig,Takım Jenerik,Bilgi,Takım,Jenerik,İngilizce,Head,tk_jen
milan maçı,Serie A,Futbol,Lig,1. Seviye,Global Elit,Erkek,Kulüp,Takım Sporu,İtalya,Yabancı,Yok,TV+ Var,Yıllık,Sürekli Lig,Takım Maç Sorgusu,Bilgi,Takım,Jenerik,Türkçe,Head,tk_mac
milan maçları,Serie A,Futbol,Lig,1. Seviye,Global Elit,Erkek,Kulüp,Takım Sporu,İtalya,Yabancı,Yok,TV+ Var,Yıllık,Sürekli Lig,Takım Maç Sorgusu,Bilgi,Takım,Jenerik,Türkçe,Head,tk_maclar
milan maçı ne zaman,Serie A,Futbol,Lig,1. Seviye,Global Elit,Erkek,Kulüp,Takım Sporu,İtalya,Yabancı,Yok,TV+ Var,Yıllık,Sürekli Lig,Takvim/Saat,Bilgi,Takım,Jenerik,Türkçe,Body,tk_nezaman
milan maçı hangi kanalda,Serie A,Futbol,Lig,1. Seviye,Global Elit,Erkek,Kulüp,Takım Sporu,İtalya,Yabancı,Yok,TV+ Var,Yıllık,Sürekli Lig,Kanal/Yayın,İzleme,Takım,Jenerik,Türkçe,Body,tk_kanal
milan canlı izle,Serie A,Futbol,Lig,1. Seviye,Global Elit,Erkek,Kulüp,Takım Sporu,İtalya,Yabancı,Yok,TV+ Var,Yıllık,Sürekli Lig,Canlı İzle,İzleme,Takım,Jenerik,Türkçe,Body,tk_izle
milan fikstür,Serie A,Futbol,Lig,1. Seviye,Global Elit,Erkek,Kulüp,Takım Sporu,İtalya,Yabancı,Yok,TV+ Var,Yıllık,Sürekli Lig,Fikstür,Bilgi,Takım,Jenerik,Türkçe,Head,tk_fikstur
milan puan durumu,Serie A,Futbol,Lig,1. Seviye,Global Elit,Erkek,Kulüp,Takım Sporu,İtalya,Yabancı,Yok,TV+ Var,Yıllık,Sürekli Lig,Puan Durumu,Bilgi,Takım,Jenerik,İngilizce,Body,tk_pd
milan kadro,Serie A,Futbol,Lig,1. Seviye,Global Elit,Erkek,Kulüp,Takım Sporu,İtalya,Yabancı,Yok,TV+ Var,Yıllık,Sürekli Lig,Kadro,Bilgi,Takım,Jenerik,İngilizce,Head,tk_kadro
milan oyuncuları,Serie A,Futbol,Lig,1. Seviye,Global Elit,Erkek,Kulüp,Takım Sporu,İtalya,Yabancı,Yok,TV+ Var,Yıllık,Sürekli Lig,Kadro,Bilgi,Takım,Jenerik,Türkçe,Head,tk_oyuncu
milan transfer,Serie A,Futbol,Lig,1. Seviye,Global Elit,Erkek,Kulüp,Takım Sporu,İtalya,Yabancı,Yok,TV+ Var,Yıllık,Sürekli Lig,Transfer,Bilgi,Takım,Jenerik,İngilizce,Head,tk_transfer
milan,Serie A,Futbol,Lig,1. Seviye,Global Elit,Erkek,Kulüp,Takım Sporu,İtalya,Yabancı,Yok,TV+ Var,Yıllık,Sürekli Lig,Takım Jenerik,Bilgi,Takım,Jenerik,İngilizce,Head,tk_jen
napoli maçı,Serie A,Futbol,Lig,1. Seviye,Global Elit,Erkek,Kulüp,Takım Sporu,İtalya,Yabancı,Yok,TV+ Var,Yıllık,Sürekli Lig,Takım Maç Sorgusu,Bilgi,Takım,Jenerik,Türkçe,Head,tk_mac
napoli maçları,Serie A,Futbol,Lig,1. Seviye,Global Elit,Erkek,Kulüp,Takım Sporu,İtalya,Yabancı,Yok,TV+ Var,Yıllık,Sürekli Lig,Takım Maç Sorgusu,Bilgi,Takım,Jenerik,Türkçe,Head,tk_maclar
napoli maçı ne zaman,Serie A,Futbol,Lig,1. Seviye,Global Elit,Erkek,Kulüp,Takım Sporu,İtalya,Yabancı,Yok,TV+ Var,Yıllık,Sürekli Lig,Takvim/Saat,Bilgi,Takım,Jenerik,Türkçe,Body,tk_nezaman
napoli maçı hangi kanalda,Serie A,Futbol,Lig,1. Seviye,Global Elit,Erkek,Kulüp,Takım Sporu,İtalya,Yabancı,Yok,TV+ Var,Yıllık,Sürekli Lig,Kanal/Yayın,İzleme,Takım,Jenerik,Türkçe,Body,tk_kanal
napoli canlı izle,Serie A,Futbol,Lig,1. Seviye,Global Elit,Erkek,Kulüp,Takım Sporu,İtalya,Yabancı,Yok,TV+ Var,Yıllık,Sürekli Lig,Canlı İzle,İzleme,Takım,Jenerik,Türkçe,Body,tk_izle
napoli fikstür,Serie A,Futbol,Lig,1. Seviye,Global Elit,Erkek,Kulüp,Takım Sporu,İtalya,Yabancı,Yok,TV+ Var,Yıllık,Sürekli Lig,Fikstür,Bilgi,Takım,Jenerik,Türkçe,Head,tk_fikstur
napoli puan durumu,Serie A,Futbol,Lig,1. Seviye,Global Elit,Erkek,Kulüp,Takım Sporu,İtalya,Yabancı,Yok,TV+ Var,Yıllık,Sürekli Lig,Puan Durumu,Bilgi,Takım,Jenerik,İngilizce,Body,tk_pd
napoli kadro,Serie A,Futbol,Lig,1. Seviye,Global Elit,Erkek,Kulüp,Takım Sporu,İtalya,Yabancı,Yok,TV+ Var,Yıllık,Sürekli Lig,Kadro,Bilgi,Takım,Jenerik,İngilizce,Head,tk_kadro
napoli oyuncuları,Serie A,Futbol,Lig,1. Seviye,Global Elit,Erkek,Kulüp,Takım Sporu,İtalya,Yabancı,Yok,TV+ Var,Yıllık,Sürekli Lig,Kadro,Bilgi,Takım,Jenerik,Türkçe,Head,tk_oyuncu
napoli transfer,Serie A,Futbol,Lig,1. Seviye,Global Elit,Erkek,Kulüp,Takım Sporu,İtalya,Yabancı,Yok,TV+ Var,Yıllık,Sürekli Lig,Transfer,Bilgi,Takım,Jenerik,İngilizce,Head,tk_transfer
napoli,Serie A,Futbol,Lig,1. Seviye,Global Elit,Erkek,Kulüp,Takım Sporu,İtalya,Yabancı,Yok,TV+ Var,Yıllık,Sürekli Lig,Takım Jenerik,Bilgi,Takım,Jenerik,İngilizce,Head,tk_jen
roma maçı,Serie A,Futbol,Lig,1. Seviye,Global Elit,Erkek,Kulüp,Takım Sporu,İtalya,Yabancı,Yok,TV+ Var,Yıllık,Sürekli Lig,Takım Maç Sorgusu,Bilgi,Takım,Jenerik,Türkçe,Head,tk_mac
roma maçları,Serie A,Futbol,Lig,1. Seviye,Global Elit,Erkek,Kulüp,Takım Sporu,İtalya,Yabancı,Yok,TV+ Var,Yıllık,Sürekli Lig,Takım Maç Sorgusu,Bilgi,Takım,Jenerik,Türkçe,Head,tk_maclar
roma maçı ne zaman,Serie A,Futbol,Lig,1. Seviye,Global Elit,Erkek,Kulüp,Takım Sporu,İtalya,Yabancı,Yok,TV+ Var,Yıllık,Sürekli Lig,Takvim/Saat,Bilgi,Takım,Jenerik,Türkçe,Body,tk_nezaman
roma maçı hangi kanalda,Serie A,Futbol,Lig,1. Seviye,Global Elit,Erkek,Kulüp,Takım Sporu,İtalya,Yabancı,Yok,TV+ Var,Yıllık,Sürekli Lig,Kanal/Yayın,İzleme,Takım,Jenerik,Türkçe,Body,tk_kanal
roma canlı izle,Serie A,Futbol,Lig,1. Seviye,Global Elit,Erkek,Kulüp,Takım Sporu,İtalya,Yabancı,Yok,TV+ Var,Yıllık,Sürekli Lig,Canlı İzle,İzleme,Takım,Jenerik,Türkçe,Body,tk_izle
roma fikstür,Serie A,Futbol,Lig,1. Seviye,Global Elit,Erkek,Kulüp,Takım Sporu,İtalya,Yabancı,Yok,TV+ Var,Yıllık,Sürekli Lig,Fikstür,Bilgi,Takım,Jenerik,Türkçe,Head,tk_fikstur
roma puan durumu,Serie A,Futbol,Lig,1. Seviye,Global Elit,Erkek,Kulüp,Takım Sporu,İtalya,Yabancı,Yok,TV+ Var,Yıllık,Sürekli Lig,Puan Durumu,Bilgi,Takım,Jenerik,İngilizce,Body,tk_pd
roma kadro,Serie A,Futbol,Lig,1. Seviye,Global Elit,Erkek,Kulüp,Takım Sporu,İtalya,Yabancı,Yok,TV+ Var,Yıllık,Sürekli Lig,Kadro,Bilgi,Takım,Jenerik,İngilizce,Head,tk_kadro
roma oyuncuları,Serie A,Futbol,Lig,1. Seviye,Global Elit,Erkek,Kulüp,Takım Sporu,İtalya,Yabancı,Yok,TV+ Var,Yıllık,Sürekli Lig,Kadro,Bilgi,Takım,Jenerik,Türkçe,Head,tk_oyuncu
roma transfer,Serie A,Futbol,Lig,1. Seviye,Global Elit,Erkek,Kulüp,Takım Sporu,İtalya,Yabancı,Yok,TV+ Var,Yıllık,Sürekli Lig,Transfer,Bilgi,Takım,Jenerik,İngilizce,Head,tk_transfer
roma,Serie A,Futbol,Lig,1. Seviye,Global Elit,Erkek,Kulüp,Takım Sporu,İtalya,Yabancı,Yok,TV+ Var,Yıllık,Sürekli Lig,Takım Jenerik,Bilgi,Takım,Jenerik,İngilizce,Head,tk_jen
lazio maçı,Serie A,Futbol,Lig,1. Seviye,Global Elit,Erkek,Kulüp,Takım Sporu,İtalya,Yabancı,Yok,TV+ Var,Yıllık,Sürekli Lig,Takım Maç Sorgusu,Bilgi,Takım,Jenerik,Türkçe,Head,tk_mac
lazio maçları,Serie A,Futbol,Lig,1. Seviye,Global Elit,Erkek,Kulüp,Takım Sporu,İtalya,Yabancı,Yok,TV+ Var,Yıllık,Sürekli Lig,Takım Maç Sorgusu,Bilgi,Takım,Jenerik,Türkçe,Head,tk_maclar
lazio maçı ne zaman,Serie A,Futbol,Lig,1. Seviye,Global Elit,Erkek,Kulüp,Takım Sporu,İtalya,Yabancı,Yok,TV+ Var,Yıllık,Sürekli Lig,Takvim/Saat,Bilgi,Takım,Jenerik,Türkçe,Body,tk_nezaman
lazio maçı hangi kanalda,Serie A,Futbol,Lig,1. Seviye,Global Elit,Erkek,Kulüp,Takım Sporu,İtalya,Yabancı,Yok,TV+ Var,Yıllık,Sürekli Lig,Kanal/Yayın,İzleme,Takım,Jenerik,Türkçe,Body,tk_kanal
lazio canlı izle,Serie A,Futbol,Lig,1. Seviye,Global Elit,Erkek,Kulüp,Takım Sporu,İtalya,Yabancı,Yok,TV+ Var,Yıllık,Sürekli Lig,Canlı İzle,İzleme,Takım,Jenerik,Türkçe,Body,tk_izle
lazio fikstür,Serie A,Futbol,Lig,1. Seviye,Global Elit,Erkek,Kulüp,Takım Sporu,İtalya,Yabancı,Yok,TV+ Var,Yıllık,Sürekli Lig,Fikstür,Bilgi,Takım,Jenerik,Türkçe,Head,tk_fikstur
lazio puan durumu,Serie A,Futbol,Lig,1. Seviye,Global Elit,Erkek,Kulüp,Takım Sporu,İtalya,Yabancı,Yok,TV+ Var,Yıllık,Sürekli Lig,Puan Durumu,Bilgi,Takım,Jenerik,İngilizce,Body,tk_pd
lazio kadro,Serie A,Futbol,Lig,1. Seviye,Global Elit,Erkek,Kulüp,Takım Sporu,İtalya,Yabancı,Yok,TV+ Var,Yıllık,Sürekli Lig,Kadro,Bilgi,Takım,Jenerik,İngilizce,Head,tk_kadro
lazio oyuncuları,Serie A,Futbol,Lig,1. Seviye,Global Elit,Erkek,Kulüp,Takım Sporu,İtalya,Yabancı,Yok,TV+ Var,Yıllık,Sürekli Lig,Kadro,Bilgi,Takım,Jenerik,Türkçe,Head,tk_oyuncu
lazio transfer,Serie A,Futbol,Lig,1. Seviye,Global Elit,Erkek,Kulüp,Takım Sporu,İtalya,Yabancı,Yok,TV+ Var,Yıllık,Sürekli Lig,Transfer,Bilgi,Takım,Jenerik,İngilizce,Head,tk_transfer
lazio,Serie A,Futbol,Lig,1. Seviye,Global Elit,Erkek,Kulüp,Takım Sporu,İtalya,Yabancı,Yok,TV+ Var,Yıllık,Sürekli Lig,Takım Jenerik,Bilgi,Takım,Jenerik,İngilizce,Head,tk_jen
atalanta maçı,Serie A,Futbol,Lig,1. Seviye,Global Elit,Erkek,Kulüp,Takım Sporu,İtalya,Yabancı,Yok,TV+ Var,Yıllık,Sürekli Lig,Takım Maç Sorgusu,Bilgi,Takım,Jenerik,Türkçe,Head,tk_mac
atalanta maçları,Serie A,Futbol,Lig,1. Seviye,Global Elit,Erkek,Kulüp,Takım Sporu,İtalya,Yabancı,Yok,TV+ Var,Yıllık,Sürekli Lig,Takım Maç Sorgusu,Bilgi,Takım,Jenerik,Türkçe,Head,tk_maclar
atalanta maçı ne zaman,Serie A,Futbol,Lig,1. Seviye,Global Elit,Erkek,Kulüp,Takım Sporu,İtalya,Yabancı,Yok,TV+ Var,Yıllık,Sürekli Lig,Takvim/Saat,Bilgi,Takım,Jenerik,Türkçe,Body,tk_nezaman
atalanta maçı hangi kanalda,Serie A,Futbol,Lig,1. Seviye,Global Elit,Erkek,Kulüp,Takım Sporu,İtalya,Yabancı,Yok,TV+ Var,Yıllık,Sürekli Lig,Kanal/Yayın,İzleme,Takım,Jenerik,Türkçe,Body,tk_kanal
atalanta canlı izle,Serie A,Futbol,Lig,1. Seviye,Global Elit,Erkek,Kulüp,Takım Sporu,İtalya,Yabancı,Yok,TV+ Var,Yıllık,Sürekli Lig,Canlı İzle,İzleme,Takım,Jenerik,Türkçe,Body,tk_izle
atalanta fikstür,Serie A,Futbol,Lig,1. Seviye,Global Elit,Erkek,Kulüp,Takım Sporu,İtalya,Yabancı,Yok,TV+ Var,Yıllık,Sürekli Lig,Fikstür,Bilgi,Takım,Jenerik,Türkçe,Head,tk_fikstur
atalanta puan durumu,Serie A,Futbol,Lig,1. Seviye,Global Elit,Erkek,Kulüp,Takım Sporu,İtalya,Yabancı,Yok,TV+ Var,Yıllık,Sürekli Lig,Puan Durumu,Bilgi,Takım,Jenerik,İngilizce,Body,tk_pd
atalanta kadro,Serie A,Futbol,Lig,1. Seviye,Global Elit,Erkek,Kulüp,Takım Sporu,İtalya,Yabancı,Yok,TV+ Var,Yıllık,Sürekli Lig,Kadro,Bilgi,Takım,Jenerik,İngilizce,Head,tk_kadro
atalanta oyuncuları,Serie A,Futbol,Lig,1. Seviye,Global Elit,Erkek,Kulüp,Takım Sporu,İtalya,Yabancı,Yok,TV+ Var,Yıllık,Sürekli Lig,Kadro,Bilgi,Takım,Jenerik,Türkçe,Head,tk_oyuncu
atalanta transfer,Serie A,Futbol,Lig,1. Seviye,Global Elit,Erkek,Kulüp,Takım Sporu,İtalya,Yabancı,Yok,TV+ Var,Yıllık,Sürekli Lig,Transfer,Bilgi,Takım,Jenerik,İngilizce,Head,tk_transfer
atalanta,Serie A,Futbol,Lig,1. Seviye,Global Elit,Erkek,Kulüp,Takım Sporu,İtalya,Yabancı,Yok,TV+ Var,Yıllık,Sürekli Lig,Takım Jenerik,Bilgi,Takım,Jenerik,İngilizce,Head,tk_jen
fiorentina maçı,Serie A,Futbol,Lig,1. Seviye,Global Elit,Erkek,Kulüp,Takım Sporu,İtalya,Yabancı,Yok,TV+ Var,Yıllık,Sürekli Lig,Takım Maç Sorgusu,Bilgi,Takım,Jenerik,Türkçe,Head,tk_mac
fiorentina maçları,Serie A,Futbol,Lig,1. Seviye,Global Elit,Erkek,Kulüp,Takım Sporu,İtalya,Yabancı,Yok,TV+ Var,Yıllık,Sürekli Lig,Takım Maç Sorgusu,Bilgi,Takım,Jenerik,Türkçe,Head,tk_maclar
fiorentina maçı ne zaman,Serie A,Futbol,Lig,1. Seviye,Global Elit,Erkek,Kulüp,Takım Sporu,İtalya,Yabancı,Yok,TV+ Var,Yıllık,Sürekli Lig,Takvim/Saat,Bilgi,Takım,Jenerik,Türkçe,Body,tk_nezaman
fiorentina maçı hangi kanalda,Serie A,Futbol,Lig,1. Seviye,Global Elit,Erkek,Kulüp,Takım Sporu,İtalya,Yabancı,Yok,TV+ Var,Yıllık,Sürekli Lig,Kanal/Yayın,İzleme,Takım,Jenerik,Türkçe,Body,tk_kanal
fiorentina canlı izle,Serie A,Futbol,Lig,1. Seviye,Global Elit,Erkek,Kulüp,Takım Sporu,İtalya,Yabancı,Yok,TV+ Var,Yıllık,Sürekli Lig,Canlı İzle,İzleme,Takım,Jenerik,Türkçe,Body,tk_izle
fiorentina fikstür,Serie A,Futbol,Lig,1. Seviye,Global Elit,Erkek,Kulüp,Takım Sporu,İtalya,Yabancı,Yok,TV+ Var,Yıllık,Sürekli Lig,Fikstür,Bilgi,Takım,Jenerik,Türkçe,Head,tk_fikstur
fiorentina puan durumu,Serie A,Futbol,Lig,1. Seviye,Global Elit,Erkek,Kulüp,Takım Sporu,İtalya,Yabancı,Yok,TV+ Var,Yıllık,Sürekli Lig,Puan Durumu,Bilgi,Takım,Jenerik,İngilizce,Body,tk_pd
fiorentina kadro,Serie A,Futbol,Lig,1. Seviye,Global Elit,Erkek,Kulüp,Takım Sporu,İtalya,Yabancı,Yok,TV+ Var,Yıllık,Sürekli Lig,Kadro,Bilgi,Takım,Jenerik,İngilizce,Head,tk_kadro
fiorentina oyuncuları,Serie A,Futbol,Lig,1. Seviye,Global Elit,Erkek,Kulüp,Takım Sporu,İtalya,Yabancı,Yok,TV+ Var,Yıllık,Sürekli Lig,Kadro,Bilgi,Takım,Jenerik,Türkçe,Head,tk_oyuncu
fiorentina transfer,Serie A,Futbol,Lig,1. Seviye,Global Elit,Erkek,Kulüp,Takım Sporu,İtalya,Yabancı,Yok,TV+ Var,Yıllık,Sürekli Lig,Transfer,Bilgi,Takım,Jenerik,İngilizce,Head,tk_transfer
fiorentina,Serie A,Futbol,Lig,1. Seviye,Global Elit,Erkek,Kulüp,Takım Sporu,İtalya,Yabancı,Yok,TV+ Var,Yıllık,Sürekli Lig,Takım Jenerik,Bilgi,Takım,Jenerik,İngilizce,Head,tk_jen
bologna maçı,Serie A,Futbol,Lig,1. Seviye,Global Elit,Erkek,Kulüp,Takım Sporu,İtalya,Yabancı,Yok,TV+ Var,Yıllık,Sürekli Lig,Takım Maç Sorgusu,Bilgi,Takım,Jenerik,Türkçe,Head,tk_mac
bologna maçları,Serie A,Futbol,Lig,1. Seviye,Global Elit,Erkek,Kulüp,Takım Sporu,İtalya,Yabancı,Yok,TV+ Var,Yıllık,Sürekli Lig,Takım Maç Sorgusu,Bilgi,Takım,Jenerik,Türkçe,Head,tk_maclar
bologna maçı ne zaman,Serie A,Futbol,Lig,1. Seviye,Global Elit,Erkek,Kulüp,Takım Sporu,İtalya,Yabancı,Yok,TV+ Var,Yıllık,Sürekli Lig,Takvim/Saat,Bilgi,Takım,Jenerik,Türkçe,Body,tk_nezaman
bologna maçı hangi kanalda,Serie A,Futbol,Lig,1. Seviye,Global Elit,Erkek,Kulüp,Takım Sporu,İtalya,Yabancı,Yok,TV+ Var,Yıllık,Sürekli Lig,Kanal/Yayın,İzleme,Takım,Jenerik,Türkçe,Body,tk_kanal
bologna canlı izle,Serie A,Futbol,Lig,1. Seviye,Global Elit,Erkek,Kulüp,Takım Sporu,İtalya,Yabancı,Yok,TV+ Var,Yıllık,Sürekli Lig,Canlı İzle,İzleme,Takım,Jenerik,Türkçe,Body,tk_izle
bologna fikstür,Serie A,Futbol,Lig,1. Seviye,Global Elit,Erkek,Kulüp,Takım Sporu,İtalya,Yabancı,Yok,TV+ Var,Yıllık,Sürekli Lig,Fikstür,Bilgi,Takım,Jenerik,Türkçe,Head,tk_fikstur
bologna puan durumu,Serie A,Futbol,Lig,1. Seviye,Global Elit,Erkek,Kulüp,Takım Sporu,İtalya,Yabancı,Yok,TV+ Var,Yıllık,Sürekli Lig,Puan Durumu,Bilgi,Takım,Jenerik,İngilizce,Body,tk_pd
bologna kadro,Serie A,Futbol,Lig,1. Seviye,Global Elit,Erkek,Kulüp,Takım Sporu,İtalya,Yabancı,Yok,TV+ Var,Yıllık,Sürekli Lig,Kadro,Bilgi,Takım,Jenerik,İngilizce,Head,tk_kadro
bologna oyuncuları,Serie A,Futbol,Lig,1. Seviye,Global Elit,Erkek,Kulüp,Takım Sporu,İtalya,Yabancı,Yok,TV+ Var,Yıllık,Sürekli Lig,Kadro,Bilgi,Takım,Jenerik,Türkçe,Head,tk_oyuncu
bologna transfer,Serie A,Futbol,Lig,1. Seviye,Global Elit,Erkek,Kulüp,Takım Sporu,İtalya,Yabancı,Yok,TV+ Var,Yıllık,Sürekli Lig,Transfer,Bilgi,Takım,Jenerik,İngilizce,Head,tk_transfer
bologna,Serie A,Futbol,Lig,1. Seviye,Global Elit,Erkek,Kulüp,Takım Sporu,İtalya,Yabancı,Yok,TV+ Var,Yıllık,Sürekli Lig,Takım Jenerik,Bilgi,Takım,Jenerik,İngilizce,Head,tk_jen
torino maçı,Serie A,Futbol,Lig,1. Seviye,Global Elit,Erkek,Kulüp,Takım Sporu,İtalya,Yabancı,Yok,TV+ Var,Yıllık,Sürekli Lig,Takım Maç Sorgusu,Bilgi,Takım,Jenerik,Türkçe,Head,tk_mac
torino maçları,Serie A,Futbol,Lig,1. Seviye,Global Elit,Erkek,Kulüp,Takım Sporu,İtalya,Yabancı,Yok,TV+ Var,Yıllık,Sürekli Lig,Takım Maç Sorgusu,Bilgi,Takım,Jenerik,Türkçe,Head,tk_maclar
torino maçı ne zaman,Serie A,Futbol,Lig,1. Seviye,Global Elit,Erkek,Kulüp,Takım Sporu,İtalya,Yabancı,Yok,TV+ Var,Yıllık,Sürekli Lig,Takvim/Saat,Bilgi,Takım,Jenerik,Türkçe,Body,tk_nezaman
torino maçı hangi kanalda,Serie A,Futbol,Lig,1. Seviye,Global Elit,Erkek,Kulüp,Takım Sporu,İtalya,Yabancı,Yok,TV+ Var,Yıllık,Sürekli Lig,Kanal/Yayın,İzleme,Takım,Jenerik,Türkçe,Body,tk_kanal
torino canlı izle,Serie A,Futbol,Lig,1. Seviye,Global Elit,Erkek,Kulüp,Takım Sporu,İtalya,Yabancı,Yok,TV+ Var,Yıllık,Sürekli Lig,Canlı İzle,İzleme,Takım,Jenerik,Türkçe,Body,tk_izle
torino fikstür,Serie A,Futbol,Lig,1. Seviye,Global Elit,Erkek,Kulüp,Takım Sporu,İtalya,Yabancı,Yok,TV+ Var,Yıllık,Sürekli Lig,Fikstür,Bilgi,Takım,Jenerik,Türkçe,Head,tk_fikstur
torino puan durumu,Serie A,Futbol,Lig,1. Seviye,Global Elit,Erkek,Kulüp,Takım Sporu,İtalya,Yabancı,Yok,TV+ Var,Yıllık,Sürekli Lig,Puan Durumu,Bilgi,Takım,Jenerik,İngilizce,Body,tk_pd
torino kadro,Serie A,Futbol,Lig,1. Seviye,Global Elit,Erkek,Kulüp,Takım Sporu,İtalya,Yabancı,Yok,TV+ Var,Yıllık,Sürekli Lig,Kadro,Bilgi,Takım,Jenerik,İngilizce,Head,tk_kadro
torino oyuncuları,Serie A,Futbol,Lig,1. Seviye,Global Elit,Erkek,Kulüp,Takım Sporu,İtalya,Yabancı,Yok,TV+ Var,Yıllık,Sürekli Lig,Kadro,Bilgi,Takım,Jenerik,Türkçe,Head,tk_oyuncu
torino transfer,Serie A,Futbol,Lig,1. Seviye,Global Elit,Erkek,Kulüp,Takım Sporu,İtalya,Yabancı,Yok,TV+ Var,Yıllık,Sürekli Lig,Transfer,Bilgi,Takım,Jenerik,İngilizce,Head,tk_transfer
torino,Serie A,Futbol,Lig,1. Seviye,Global Elit,Erkek,Kulüp,Takım Sporu,İtalya,Yabancı,Yok,TV+ Var,Yıllık,Sürekli Lig,Takım Jenerik,Bilgi,Takım,Jenerik,İngilizce,Head,tk_jen
manchester united maçı,Premier Lig,Futbol,Lig,1. Seviye,Global Elit,Erkek,Kulüp,Takım Sporu,İngiltere,Yabancı,Yok,TV+ Yok,Yıllık,Sürekli Lig,Takım Maç Sorgusu,Bilgi,Takım,Jenerik,Türkçe,Body,tk_mac
manchester united maçları,Premier Lig,Futbol,Lig,1. Seviye,Global Elit,Erkek,Kulüp,Takım Sporu,İngiltere,Yabancı,Yok,TV+ Yok,Yıllık,Sürekli Lig,Takım Maç Sorgusu,Bilgi,Takım,Jenerik,Türkçe,Body,tk_maclar
manchester united maçı ne zaman,Premier Lig,Futbol,Lig,1. Seviye,Global Elit,Erkek,Kulüp,Takım Sporu,İngiltere,Yabancı,Yok,TV+ Yok,Yıllık,Sürekli Lig,Takvim/Saat,Bilgi,Takım,Jenerik,Türkçe,Long-tail,tk_nezaman
manchester united maçı hangi kanalda,Premier Lig,Futbol,Lig,1. Seviye,Global Elit,Erkek,Kulüp,Takım Sporu,İngiltere,Yabancı,Yok,TV+ Yok,Yıllık,Sürekli Lig,Kanal/Yayın,İzleme,Takım,Jenerik,Türkçe,Long-tail,tk_kanal
manchester united canlı izle,Premier Lig,Futbol,Lig,1. Seviye,Global Elit,Erkek,Kulüp,Takım Sporu,İngiltere,Yabancı,Yok,TV+ Yok,Yıllık,Sürekli Lig,Canlı İzle,İzleme,Takım,Jenerik,Türkçe,Body,tk_izle
manchester united fikstür,Premier Lig,Futbol,Lig,1. Seviye,Global Elit,Erkek,Kulüp,Takım Sporu,İngiltere,Yabancı,Yok,TV+ Yok,Yıllık,Sürekli Lig,Fikstür,Bilgi,Takım,Jenerik,Türkçe,Body,tk_fikstur
manchester united puan durumu,Premier Lig,Futbol,Lig,1. Seviye,Global Elit,Erkek,Kulüp,Takım Sporu,İngiltere,Yabancı,Yok,TV+ Yok,Yıllık,Sürekli Lig,Puan Durumu,Bilgi,Takım,Jenerik,İngilizce,Body,tk_pd
manchester united kadro,Premier Lig,Futbol,Lig,1. Seviye,Global Elit,Erkek,Kulüp,Takım Sporu,İngiltere,Yabancı,Yok,TV+ Yok,Yıllık,Sürekli Lig,Kadro,Bilgi,Takım,Jenerik,İngilizce,Body,tk_kadro
manchester united oyuncuları,Premier Lig,Futbol,Lig,1. Seviye,Global Elit,Erkek,Kulüp,Takım Sporu,İngiltere,Yabancı,Yok,TV+ Yok,Yıllık,Sürekli Lig,Kadro,Bilgi,Takım,Jenerik,Türkçe,Body,tk_oyuncu
manchester united transfer,Premier Lig,Futbol,Lig,1. Seviye,Global Elit,Erkek,Kulüp,Takım Sporu,İngiltere,Yabancı,Yok,TV+ Yok,Yıllık,Sürekli Lig,Transfer,Bilgi,Takım,Jenerik,İngilizce,Body,tk_transfer
manchester united,Premier Lig,Futbol,Lig,1. Seviye,Global Elit,Erkek,Kulüp,Takım Sporu,İngiltere,Yabancı,Yok,TV+ Yok,Yıllık,Sürekli Lig,Takım Jenerik,Bilgi,Takım,Jenerik,İngilizce,Head,tk_jen
manchester city maçı,Premier Lig,Futbol,Lig,1. Seviye,Global Elit,Erkek,Kulüp,Takım Sporu,İngiltere,Yabancı,Yok,TV+ Yok,Yıllık,Sürekli Lig,Takım Maç Sorgusu,Bilgi,Takım,Jenerik,Türkçe,Body,tk_mac
manchester city maçları,Premier Lig,Futbol,Lig,1. Seviye,Global Elit,Erkek,Kulüp,Takım Sporu,İngiltere,Yabancı,Yok,TV+ Yok,Yıllık,Sürekli Lig,Takım Maç Sorgusu,Bilgi,Takım,Jenerik,Türkçe,Body,tk_maclar
manchester city maçı ne zaman,Premier Lig,Futbol,Lig,1. Seviye,Global Elit,Erkek,Kulüp,Takım Sporu,İngiltere,Yabancı,Yok,TV+ Yok,Yıllık,Sürekli Lig,Takvim/Saat,Bilgi,Takım,Jenerik,Türkçe,Long-tail,tk_nezaman
manchester city maçı hangi kanalda,Premier Lig,Futbol,Lig,1. Seviye,Global Elit,Erkek,Kulüp,Takım Sporu,İngiltere,Yabancı,Yok,TV+ Yok,Yıllık,Sürekli Lig,Kanal/Yayın,İzleme,Takım,Jenerik,Türkçe,Long-tail,tk_kanal
manchester city canlı izle,Premier Lig,Futbol,Lig,1. Seviye,Global Elit,Erkek,Kulüp,Takım Sporu,İngiltere,Yabancı,Yok,TV+ Yok,Yıllık,Sürekli Lig,Canlı İzle,İzleme,Takım,Jenerik,Türkçe,Body,tk_izle
manchester city fikstür,Premier Lig,Futbol,Lig,1. Seviye,Global Elit,Erkek,Kulüp,Takım Sporu,İngiltere,Yabancı,Yok,TV+ Yok,Yıllık,Sürekli Lig,Fikstür,Bilgi,Takım,Jenerik,Türkçe,Body,tk_fikstur
manchester city puan durumu,Premier Lig,Futbol,Lig,1. Seviye,Global Elit,Erkek,Kulüp,Takım Sporu,İngiltere,Yabancı,Yok,TV+ Yok,Yıllık,Sürekli Lig,Puan Durumu,Bilgi,Takım,Jenerik,İngilizce,Body,tk_pd
manchester city kadro,Premier Lig,Futbol,Lig,1. Seviye,Global Elit,Erkek,Kulüp,Takım Sporu,İngiltere,Yabancı,Yok,TV+ Yok,Yıllık,Sürekli Lig,Kadro,Bilgi,Takım,Jenerik,İngilizce,Body,tk_kadro
manchester city oyuncuları,Premier Lig,Futbol,Lig,1. Seviye,Global Elit,Erkek,Kulüp,Takım Sporu,İngiltere,Yabancı,Yok,TV+ Yok,Yıllık,Sürekli Lig,Kadro,Bilgi,Takım,Jenerik,Türkçe,Body,tk_oyuncu
manchester city transfer,Premier Lig,Futbol,Lig,1. Seviye,Global Elit,Erkek,Kulüp,Takım Sporu,İngiltere,Yabancı,Yok,TV+ Yok,Yıllık,Sürekli Lig,Transfer,Bilgi,Takım,Jenerik,İngilizce,Body,tk_transfer
manchester city,Premier Lig,Futbol,Lig,1. Seviye,Global Elit,Erkek,Kulüp,Takım Sporu,İngiltere,Yabancı,Yok,TV+ Yok,Yıllık,Sürekli Lig,Takım Jenerik,Bilgi,Takım,Jenerik,İngilizce,Head,tk_jen
liverpool maçı,Premier Lig,Futbol,Lig,1. Seviye,Global Elit,Erkek,Kulüp,Takım Sporu,İngiltere,Yabancı,Yok,TV+ Yok,Yıllık,Sürekli Lig,Takım Maç Sorgusu,Bilgi,Takım,Jenerik,Türkçe,Head,tk_mac
liverpool maçları,Premier Lig,Futbol,Lig,1. Seviye,Global Elit,Erkek,Kulüp,Takım Sporu,İngiltere,Yabancı,Yok,TV+ Yok,Yıllık,Sürekli Lig,Takım Maç Sorgusu,Bilgi,Takım,Jenerik,Türkçe,Head,tk_maclar
liverpool maçı ne zaman,Premier Lig,Futbol,Lig,1. Seviye,Global Elit,Erkek,Kulüp,Takım Sporu,İngiltere,Yabancı,Yok,TV+ Yok,Yıllık,Sürekli Lig,Takvim/Saat,Bilgi,Takım,Jenerik,Türkçe,Body,tk_nezaman
liverpool maçı hangi kanalda,Premier Lig,Futbol,Lig,1. Seviye,Global Elit,Erkek,Kulüp,Takım Sporu,İngiltere,Yabancı,Yok,TV+ Yok,Yıllık,Sürekli Lig,Kanal/Yayın,İzleme,Takım,Jenerik,Türkçe,Body,tk_kanal
liverpool canlı izle,Premier Lig,Futbol,Lig,1. Seviye,Global Elit,Erkek,Kulüp,Takım Sporu,İngiltere,Yabancı,Yok,TV+ Yok,Yıllık,Sürekli Lig,Canlı İzle,İzleme,Takım,Jenerik,Türkçe,Body,tk_izle
liverpool fikstür,Premier Lig,Futbol,Lig,1. Seviye,Global Elit,Erkek,Kulüp,Takım Sporu,İngiltere,Yabancı,Yok,TV+ Yok,Yıllık,Sürekli Lig,Fikstür,Bilgi,Takım,Jenerik,Türkçe,Head,tk_fikstur
liverpool puan durumu,Premier Lig,Futbol,Lig,1. Seviye,Global Elit,Erkek,Kulüp,Takım Sporu,İngiltere,Yabancı,Yok,TV+ Yok,Yıllık,Sürekli Lig,Puan Durumu,Bilgi,Takım,Jenerik,İngilizce,Body,tk_pd
liverpool kadro,Premier Lig,Futbol,Lig,1. Seviye,Global Elit,Erkek,Kulüp,Takım Sporu,İngiltere,Yabancı,Yok,TV+ Yok,Yıllık,Sürekli Lig,Kadro,Bilgi,Takım,Jenerik,İngilizce,Head,tk_kadro
liverpool oyuncuları,Premier Lig,Futbol,Lig,1. Seviye,Global Elit,Erkek,Kulüp,Takım Sporu,İngiltere,Yabancı,Yok,TV+ Yok,Yıllık,Sürekli Lig,Kadro,Bilgi,Takım,Jenerik,Türkçe,Head,tk_oyuncu
liverpool transfer,Premier Lig,Futbol,Lig,1. Seviye,Global Elit,Erkek,Kulüp,Takım Sporu,İngiltere,Yabancı,Yok,TV+ Yok,Yıllık,Sürekli Lig,Transfer,Bilgi,Takım,Jenerik,İngilizce,Head,tk_transfer
liverpool,Premier Lig,Futbol,Lig,1. Seviye,Global Elit,Erkek,Kulüp,Takım Sporu,İngiltere,Yabancı,Yok,TV+ Yok,Yıllık,Sürekli Lig,Takım Jenerik,Bilgi,Takım,Jenerik,İngilizce,Head,tk_jen
arsenal maçı,Premier Lig,Futbol,Lig,1. Seviye,Global Elit,Erkek,Kulüp,Takım Sporu,İngiltere,Yabancı,Yok,TV+ Yok,Yıllık,Sürekli Lig,Takım Maç Sorgusu,Bilgi,Takım,Jenerik,Türkçe,Head,tk_mac
arsenal maçları,Premier Lig,Futbol,Lig,1. Seviye,Global Elit,Erkek,Kulüp,Takım Sporu,İngiltere,Yabancı,Yok,TV+ Yok,Yıllık,Sürekli Lig,Takım Maç Sorgusu,Bilgi,Takım,Jenerik,Türkçe,Head,tk_maclar
arsenal maçı ne zaman,Premier Lig,Futbol,Lig,1. Seviye,Global Elit,Erkek,Kulüp,Takım Sporu,İngiltere,Yabancı,Yok,TV+ Yok,Yıllık,Sürekli Lig,Takvim/Saat,Bilgi,Takım,Jenerik,Türkçe,Body,tk_nezaman
arsenal maçı hangi kanalda,Premier Lig,Futbol,Lig,1. Seviye,Global Elit,Erkek,Kulüp,Takım Sporu,İngiltere,Yabancı,Yok,TV+ Yok,Yıllık,Sürekli Lig,Kanal/Yayın,İzleme,Takım,Jenerik,Türkçe,Body,tk_kanal
arsenal canlı izle,Premier Lig,Futbol,Lig,1. Seviye,Global Elit,Erkek,Kulüp,Takım Sporu,İngiltere,Yabancı,Yok,TV+ Yok,Yıllık,Sürekli Lig,Canlı İzle,İzleme,Takım,Jenerik,Türkçe,Body,tk_izle
arsenal fikstür,Premier Lig,Futbol,Lig,1. Seviye,Global Elit,Erkek,Kulüp,Takım Sporu,İngiltere,Yabancı,Yok,TV+ Yok,Yıllık,Sürekli Lig,Fikstür,Bilgi,Takım,Jenerik,Türkçe,Head,tk_fikstur
arsenal puan durumu,Premier Lig,Futbol,Lig,1. Seviye,Global Elit,Erkek,Kulüp,Takım Sporu,İngiltere,Yabancı,Yok,TV+ Yok,Yıllık,Sürekli Lig,Puan Durumu,Bilgi,Takım,Jenerik,İngilizce,Body,tk_pd
arsenal kadro,Premier Lig,Futbol,Lig,1. Seviye,Global Elit,Erkek,Kulüp,Takım Sporu,İngiltere,Yabancı,Yok,TV+ Yok,Yıllık,Sürekli Lig,Kadro,Bilgi,Takım,Jenerik,İngilizce,Head,tk_kadro
arsenal oyuncuları,Premier Lig,Futbol,Lig,1. Seviye,Global Elit,Erkek,Kulüp,Takım Sporu,İngiltere,Yabancı,Yok,TV+ Yok,Yıllık,Sürekli Lig,Kadro,Bilgi,Takım,Jenerik,Türkçe,Head,tk_oyuncu
arsenal transfer,Premier Lig,Futbol,Lig,1. Seviye,Global Elit,Erkek,Kulüp,Takım Sporu,İngiltere,Yabancı,Yok,TV+ Yok,Yıllık,Sürekli Lig,Transfer,Bilgi,Takım,Jenerik,İngilizce,Head,tk_transfer
arsenal,Premier Lig,Futbol,Lig,1. Seviye,Global Elit,Erkek,Kulüp,Takım Sporu,İngiltere,Yabancı,Yok,TV+ Yok,Yıllık,Sürekli Lig,Takım Jenerik,Bilgi,Takım,Jenerik,İngilizce,Head,tk_jen
chelsea maçı,Premier Lig,Futbol,Lig,1. Seviye,Global Elit,Erkek,Kulüp,Takım Sporu,İngiltere,Yabancı,Yok,TV+ Yok,Yıllık,Sürekli Lig,Takım Maç Sorgusu,Bilgi,Takım,Jenerik,Türkçe,Head,tk_mac
chelsea maçları,Premier Lig,Futbol,Lig,1. Seviye,Global Elit,Erkek,Kulüp,Takım Sporu,İngiltere,Yabancı,Yok,TV+ Yok,Yıllık,Sürekli Lig,Takım Maç Sorgusu,Bilgi,Takım,Jenerik,Türkçe,Head,tk_maclar
chelsea maçı ne zaman,Premier Lig,Futbol,Lig,1. Seviye,Global Elit,Erkek,Kulüp,Takım Sporu,İngiltere,Yabancı,Yok,TV+ Yok,Yıllık,Sürekli Lig,Takvim/Saat,Bilgi,Takım,Jenerik,Türkçe,Body,tk_nezaman
chelsea maçı hangi kanalda,Premier Lig,Futbol,Lig,1. Seviye,Global Elit,Erkek,Kulüp,Takım Sporu,İngiltere,Yabancı,Yok,TV+ Yok,Yıllık,Sürekli Lig,Kanal/Yayın,İzleme,Takım,Jenerik,Türkçe,Body,tk_kanal
chelsea canlı izle,Premier Lig,Futbol,Lig,1. Seviye,Global Elit,Erkek,Kulüp,Takım Sporu,İngiltere,Yabancı,Yok,TV+ Yok,Yıllık,Sürekli Lig,Canlı İzle,İzleme,Takım,Jenerik,Türkçe,Body,tk_izle
chelsea fikstür,Premier Lig,Futbol,Lig,1. Seviye,Global Elit,Erkek,Kulüp,Takım Sporu,İngiltere,Yabancı,Yok,TV+ Yok,Yıllık,Sürekli Lig,Fikstür,Bilgi,Takım,Jenerik,Türkçe,Head,tk_fikstur
chelsea puan durumu,Premier Lig,Futbol,Lig,1. Seviye,Global Elit,Erkek,Kulüp,Takım Sporu,İngiltere,Yabancı,Yok,TV+ Yok,Yıllık,Sürekli Lig,Puan Durumu,Bilgi,Takım,Jenerik,İngilizce,Body,tk_pd
chelsea kadro,Premier Lig,Futbol,Lig,1. Seviye,Global Elit,Erkek,Kulüp,Takım Sporu,İngiltere,Yabancı,Yok,TV+ Yok,Yıllık,Sürekli Lig,Kadro,Bilgi,Takım,Jenerik,İngilizce,Head,tk_kadro
chelsea oyuncuları,Premier Lig,Futbol,Lig,1. Seviye,Global Elit,Erkek,Kulüp,Takım Sporu,İngiltere,Yabancı,Yok,TV+ Yok,Yıllık,Sürekli Lig,Kadro,Bilgi,Takım,Jenerik,Türkçe,Head,tk_oyuncu
chelsea transfer,Premier Lig,Futbol,Lig,1. Seviye,Global Elit,Erkek,Kulüp,Takım Sporu,İngiltere,Yabancı,Yok,TV+ Yok,Yıllık,Sürekli Lig,Transfer,Bilgi,Takım,Jenerik,İngilizce,Head,tk_transfer
chelsea,Premier Lig,Futbol,Lig,1. Seviye,Global Elit,Erkek,Kulüp,Takım Sporu,İngiltere,Yabancı,Yok,TV+ Yok,Yıllık,Sürekli Lig,Takım Jenerik,Bilgi,Takım,Jenerik,İngilizce,Head,tk_jen
tottenham maçı,Premier Lig,Futbol,Lig,1. Seviye,Global Elit,Erkek,Kulüp,Takım Sporu,İngiltere,Yabancı,Yok,TV+ Yok,Yıllık,Sürekli Lig,Takım Maç Sorgusu,Bilgi,Takım,Jenerik,Türkçe,Head,tk_mac
tottenham maçları,Premier Lig,Futbol,Lig,1. Seviye,Global Elit,Erkek,Kulüp,Takım Sporu,İngiltere,Yabancı,Yok,TV+ Yok,Yıllık,Sürekli Lig,Takım Maç Sorgusu,Bilgi,Takım,Jenerik,Türkçe,Head,tk_maclar
tottenham maçı ne zaman,Premier Lig,Futbol,Lig,1. Seviye,Global Elit,Erkek,Kulüp,Takım Sporu,İngiltere,Yabancı,Yok,TV+ Yok,Yıllık,Sürekli Lig,Takvim/Saat,Bilgi,Takım,Jenerik,Türkçe,Body,tk_nezaman
tottenham maçı hangi kanalda,Premier Lig,Futbol,Lig,1. Seviye,Global Elit,Erkek,Kulüp,Takım Sporu,İngiltere,Yabancı,Yok,TV+ Yok,Yıllık,Sürekli Lig,Kanal/Yayın,İzleme,Takım,Jenerik,Türkçe,Body,tk_kanal
tottenham canlı izle,Premier Lig,Futbol,Lig,1. Seviye,Global Elit,Erkek,Kulüp,Takım Sporu,İngiltere,Yabancı,Yok,TV+ Yok,Yıllık,Sürekli Lig,Canlı İzle,İzleme,Takım,Jenerik,Türkçe,Body,tk_izle
tottenham fikstür,Premier Lig,Futbol,Lig,1. Seviye,Global Elit,Erkek,Kulüp,Takım Sporu,İngiltere,Yabancı,Yok,TV+ Yok,Yıllık,Sürekli Lig,Fikstür,Bilgi,Takım,Jenerik,Türkçe,Head,tk_fikstur
tottenham puan durumu,Premier Lig,Futbol,Lig,1. Seviye,Global Elit,Erkek,Kulüp,Takım Sporu,İngiltere,Yabancı,Yok,TV+ Yok,Yıllık,Sürekli Lig,Puan Durumu,Bilgi,Takım,Jenerik,İngilizce,Body,tk_pd
tottenham kadro,Premier Lig,Futbol,Lig,1. Seviye,Global Elit,Erkek,Kulüp,Takım Sporu,İngiltere,Yabancı,Yok,TV+ Yok,Yıllık,Sürekli Lig,Kadro,Bilgi,Takım,Jenerik,İngilizce,Head,tk_kadro
tottenham oyuncuları,Premier Lig,Futbol,Lig,1. Seviye,Global Elit,Erkek,Kulüp,Takım Sporu,İngiltere,Yabancı,Yok,TV+ Yok,Yıllık,Sürekli Lig,Kadro,Bilgi,Takım,Jenerik,Türkçe,Head,tk_oyuncu
tottenham transfer,Premier Lig,Futbol,Lig,1. Seviye,Global Elit,Erkek,Kulüp,Takım Sporu,İngiltere,Yabancı,Yok,TV+ Yok,Yıllık,Sürekli Lig,Transfer,Bilgi,Takım,Jenerik,İngilizce,Head,tk_transfer
tottenham,Premier Lig,Futbol,Lig,1. Seviye,Global Elit,Erkek,Kulüp,Takım Sporu,İngiltere,Yabancı,Yok,TV+ Yok,Yıllık,Sürekli Lig,Takım Jenerik,Bilgi,Takım,Jenerik,İngilizce,Head,tk_jen
newcastle maçı,Premier Lig,Futbol,Lig,1. Seviye,Global Elit,Erkek,Kulüp,Takım Sporu,İngiltere,Yabancı,Yok,TV+ Yok,Yıllık,Sürekli Lig,Takım Maç Sorgusu,Bilgi,Takım,Jenerik,Türkçe,Head,tk_mac
newcastle maçları,Premier Lig,Futbol,Lig,1. Seviye,Global Elit,Erkek,Kulüp,Takım Sporu,İngiltere,Yabancı,Yok,TV+ Yok,Yıllık,Sürekli Lig,Takım Maç Sorgusu,Bilgi,Takım,Jenerik,Türkçe,Head,tk_maclar
newcastle maçı ne zaman,Premier Lig,Futbol,Lig,1. Seviye,Global Elit,Erkek,Kulüp,Takım Sporu,İngiltere,Yabancı,Yok,TV+ Yok,Yıllık,Sürekli Lig,Takvim/Saat,Bilgi,Takım,Jenerik,Türkçe,Body,tk_nezaman
newcastle maçı hangi kanalda,Premier Lig,Futbol,Lig,1. Seviye,Global Elit,Erkek,Kulüp,Takım Sporu,İngiltere,Yabancı,Yok,TV+ Yok,Yıllık,Sürekli Lig,Kanal/Yayın,İzleme,Takım,Jenerik,Türkçe,Body,tk_kanal
newcastle canlı izle,Premier Lig,Futbol,Lig,1. Seviye,Global Elit,Erkek,Kulüp,Takım Sporu,İngiltere,Yabancı,Yok,TV+ Yok,Yıllık,Sürekli Lig,Canlı İzle,İzleme,Takım,Jenerik,Türkçe,Body,tk_izle
newcastle fikstür,Premier Lig,Futbol,Lig,1. Seviye,Global Elit,Erkek,Kulüp,Takım Sporu,İngiltere,Yabancı,Yok,TV+ Yok,Yıllık,Sürekli Lig,Fikstür,Bilgi,Takım,Jenerik,Türkçe,Head,tk_fikstur
newcastle puan durumu,Premier Lig,Futbol,Lig,1. Seviye,Global Elit,Erkek,Kulüp,Takım Sporu,İngiltere,Yabancı,Yok,TV+ Yok,Yıllık,Sürekli Lig,Puan Durumu,Bilgi,Takım,Jenerik,İngilizce,Body,tk_pd
newcastle kadro,Premier Lig,Futbol,Lig,1. Seviye,Global Elit,Erkek,Kulüp,Takım Sporu,İngiltere,Yabancı,Yok,TV+ Yok,Yıllık,Sürekli Lig,Kadro,Bilgi,Takım,Jenerik,İngilizce,Head,tk_kadro
newcastle oyuncuları,Premier Lig,Futbol,Lig,1. Seviye,Global Elit,Erkek,Kulüp,Takım Sporu,İngiltere,Yabancı,Yok,TV+ Yok,Yıllık,Sürekli Lig,Kadro,Bilgi,Takım,Jenerik,Türkçe,Head,tk_oyuncu
newcastle transfer,Premier Lig,Futbol,Lig,1. Seviye,Global Elit,Erkek,Kulüp,Takım Sporu,İngiltere,Yabancı,Yok,TV+ Yok,Yıllık,Sürekli Lig,Transfer,Bilgi,Takım,Jenerik,İngilizce,Head,tk_transfer
newcastle,Premier Lig,Futbol,Lig,1. Seviye,Global Elit,Erkek,Kulüp,Takım Sporu,İngiltere,Yabancı,Yok,TV+ Yok,Yıllık,Sürekli Lig,Takım Jenerik,Bilgi,Takım,Jenerik,İngilizce,Head,tk_jen
aston villa maçı,Premier Lig,Futbol,Lig,1. Seviye,Global Elit,Erkek,Kulüp,Takım Sporu,İngiltere,Yabancı,Yok,TV+ Yok,Yıllık,Sürekli Lig,Takım Maç Sorgusu,Bilgi,Takım,Jenerik,Türkçe,Body,tk_mac
aston villa maçları,Premier Lig,Futbol,Lig,1. Seviye,Global Elit,Erkek,Kulüp,Takım Sporu,İngiltere,Yabancı,Yok,TV+ Yok,Yıllık,Sürekli Lig,Takım Maç Sorgusu,Bilgi,Takım,Jenerik,Türkçe,Body,tk_maclar
aston villa maçı ne zaman,Premier Lig,Futbol,Lig,1. Seviye,Global Elit,Erkek,Kulüp,Takım Sporu,İngiltere,Yabancı,Yok,TV+ Yok,Yıllık,Sürekli Lig,Takvim/Saat,Bilgi,Takım,Jenerik,Türkçe,Long-tail,tk_nezaman
aston villa maçı hangi kanalda,Premier Lig,Futbol,Lig,1. Seviye,Global Elit,Erkek,Kulüp,Takım Sporu,İngiltere,Yabancı,Yok,TV+ Yok,Yıllık,Sürekli Lig,Kanal/Yayın,İzleme,Takım,Jenerik,Türkçe,Long-tail,tk_kanal
aston villa canlı izle,Premier Lig,Futbol,Lig,1. Seviye,Global Elit,Erkek,Kulüp,Takım Sporu,İngiltere,Yabancı,Yok,TV+ Yok,Yıllık,Sürekli Lig,Canlı İzle,İzleme,Takım,Jenerik,Türkçe,Body,tk_izle
aston villa fikstür,Premier Lig,Futbol,Lig,1. Seviye,Global Elit,Erkek,Kulüp,Takım Sporu,İngiltere,Yabancı,Yok,TV+ Yok,Yıllık,Sürekli Lig,Fikstür,Bilgi,Takım,Jenerik,Türkçe,Body,tk_fikstur
aston villa puan durumu,Premier Lig,Futbol,Lig,1. Seviye,Global Elit,Erkek,Kulüp,Takım Sporu,İngiltere,Yabancı,Yok,TV+ Yok,Yıllık,Sürekli Lig,Puan Durumu,Bilgi,Takım,Jenerik,İngilizce,Body,tk_pd
aston villa kadro,Premier Lig,Futbol,Lig,1. Seviye,Global Elit,Erkek,Kulüp,Takım Sporu,İngiltere,Yabancı,Yok,TV+ Yok,Yıllık,Sürekli Lig,Kadro,Bilgi,Takım,Jenerik,İngilizce,Body,tk_kadro
aston villa oyuncuları,Premier Lig,Futbol,Lig,1. Seviye,Global Elit,Erkek,Kulüp,Takım Sporu,İngiltere,Yabancı,Yok,TV+ Yok,Yıllık,Sürekli Lig,Kadro,Bilgi,Takım,Jenerik,Türkçe,Body,tk_oyuncu
aston villa transfer,Premier Lig,Futbol,Lig,1. Seviye,Global Elit,Erkek,Kulüp,Takım Sporu,İngiltere,Yabancı,Yok,TV+ Yok,Yıllık,Sürekli Lig,Transfer,Bilgi,Takım,Jenerik,İngilizce,Body,tk_transfer
aston villa,Premier Lig,Futbol,Lig,1. Seviye,Global Elit,Erkek,Kulüp,Takım Sporu,İngiltere,Yabancı,Yok,TV+ Yok,Yıllık,Sürekli Lig,Takım Jenerik,Bilgi,Takım,Jenerik,İngilizce,Head,tk_jen
everton maçı,Premier Lig,Futbol,Lig,1. Seviye,Global Elit,Erkek,Kulüp,Takım Sporu,İngiltere,Yabancı,Yok,TV+ Yok,Yıllık,Sürekli Lig,Takım Maç Sorgusu,Bilgi,Takım,Jenerik,Türkçe,Head,tk_mac
everton maçları,Premier Lig,Futbol,Lig,1. Seviye,Global Elit,Erkek,Kulüp,Takım Sporu,İngiltere,Yabancı,Yok,TV+ Yok,Yıllık,Sürekli Lig,Takım Maç Sorgusu,Bilgi,Takım,Jenerik,Türkçe,Head,tk_maclar
everton maçı ne zaman,Premier Lig,Futbol,Lig,1. Seviye,Global Elit,Erkek,Kulüp,Takım Sporu,İngiltere,Yabancı,Yok,TV+ Yok,Yıllık,Sürekli Lig,Takvim/Saat,Bilgi,Takım,Jenerik,Türkçe,Body,tk_nezaman
everton maçı hangi kanalda,Premier Lig,Futbol,Lig,1. Seviye,Global Elit,Erkek,Kulüp,Takım Sporu,İngiltere,Yabancı,Yok,TV+ Yok,Yıllık,Sürekli Lig,Kanal/Yayın,İzleme,Takım,Jenerik,Türkçe,Body,tk_kanal
everton canlı izle,Premier Lig,Futbol,Lig,1. Seviye,Global Elit,Erkek,Kulüp,Takım Sporu,İngiltere,Yabancı,Yok,TV+ Yok,Yıllık,Sürekli Lig,Canlı İzle,İzleme,Takım,Jenerik,Türkçe,Body,tk_izle
everton fikstür,Premier Lig,Futbol,Lig,1. Seviye,Global Elit,Erkek,Kulüp,Takım Sporu,İngiltere,Yabancı,Yok,TV+ Yok,Yıllık,Sürekli Lig,Fikstür,Bilgi,Takım,Jenerik,Türkçe,Head,tk_fikstur
everton puan durumu,Premier Lig,Futbol,Lig,1. Seviye,Global Elit,Erkek,Kulüp,Takım Sporu,İngiltere,Yabancı,Yok,TV+ Yok,Yıllık,Sürekli Lig,Puan Durumu,Bilgi,Takım,Jenerik,İngilizce,Body,tk_pd
everton kadro,Premier Lig,Futbol,Lig,1. Seviye,Global Elit,Erkek,Kulüp,Takım Sporu,İngiltere,Yabancı,Yok,TV+ Yok,Yıllık,Sürekli Lig,Kadro,Bilgi,Takım,Jenerik,İngilizce,Head,tk_kadro
everton oyuncuları,Premier Lig,Futbol,Lig,1. Seviye,Global Elit,Erkek,Kulüp,Takım Sporu,İngiltere,Yabancı,Yok,TV+ Yok,Yıllık,Sürekli Lig,Kadro,Bilgi,Takım,Jenerik,Türkçe,Head,tk_oyuncu
everton transfer,Premier Lig,Futbol,Lig,1. Seviye,Global Elit,Erkek,Kulüp,Takım Sporu,İngiltere,Yabancı,Yok,TV+ Yok,Yıllık,Sürekli Lig,Transfer,Bilgi,Takım,Jenerik,İngilizce,Head,tk_transfer
everton,Premier Lig,Futbol,Lig,1. Seviye,Global Elit,Erkek,Kulüp,Takım Sporu,İngiltere,Yabancı,Yok,TV+ Yok,Yıllık,Sürekli Lig,Takım Jenerik,Bilgi,Takım,Jenerik,İngilizce,Head,tk_jen
west ham maçı,Premier Lig,Futbol,Lig,1. Seviye,Global Elit,Erkek,Kulüp,Takım Sporu,İngiltere,Yabancı,Yok,TV+ Yok,Yıllık,Sürekli Lig,Takım Maç Sorgusu,Bilgi,Takım,Jenerik,Türkçe,Body,tk_mac
west ham maçları,Premier Lig,Futbol,Lig,1. Seviye,Global Elit,Erkek,Kulüp,Takım Sporu,İngiltere,Yabancı,Yok,TV+ Yok,Yıllık,Sürekli Lig,Takım Maç Sorgusu,Bilgi,Takım,Jenerik,Türkçe,Body,tk_maclar
west ham maçı ne zaman,Premier Lig,Futbol,Lig,1. Seviye,Global Elit,Erkek,Kulüp,Takım Sporu,İngiltere,Yabancı,Yok,TV+ Yok,Yıllık,Sürekli Lig,Takvim/Saat,Bilgi,Takım,Jenerik,Türkçe,Long-tail,tk_nezaman
west ham maçı hangi kanalda,Premier Lig,Futbol,Lig,1. Seviye,Global Elit,Erkek,Kulüp,Takım Sporu,İngiltere,Yabancı,Yok,TV+ Yok,Yıllık,Sürekli Lig,Kanal/Yayın,İzleme,Takım,Jenerik,Türkçe,Long-tail,tk_kanal
west ham canlı izle,Premier Lig,Futbol,Lig,1. Seviye,Global Elit,Erkek,Kulüp,Takım Sporu,İngiltere,Yabancı,Yok,TV+ Yok,Yıllık,Sürekli Lig,Canlı İzle,İzleme,Takım,Jenerik,Türkçe,Body,tk_izle
west ham fikstür,Premier Lig,Futbol,Lig,1. Seviye,Global Elit,Erkek,Kulüp,Takım Sporu,İngiltere,Yabancı,Yok,TV+ Yok,Yıllık,Sürekli Lig,Fikstür,Bilgi,Takım,Jenerik,Türkçe,Body,tk_fikstur
west ham puan durumu,Premier Lig,Futbol,Lig,1. Seviye,Global Elit,Erkek,Kulüp,Takım Sporu,İngiltere,Yabancı,Yok,TV+ Yok,Yıllık,Sürekli Lig,Puan Durumu,Bilgi,Takım,Jenerik,İngilizce,Body,tk_pd
west ham kadro,Premier Lig,Futbol,Lig,1. Seviye,Global Elit,Erkek,Kulüp,Takım Sporu,İngiltere,Yabancı,Yok,TV+ Yok,Yıllık,Sürekli Lig,Kadro,Bilgi,Takım,Jenerik,İngilizce,Body,tk_kadro
west ham oyuncuları,Premier Lig,Futbol,Lig,1. Seviye,Global Elit,Erkek,Kulüp,Takım Sporu,İngiltere,Yabancı,Yok,TV+ Yok,Yıllık,Sürekli Lig,Kadro,Bilgi,Takım,Jenerik,Türkçe,Body,tk_oyuncu
west ham transfer,Premier Lig,Futbol,Lig,1. Seviye,Global Elit,Erkek,Kulüp,Takım Sporu,İngiltere,Yabancı,Yok,TV+ Yok,Yıllık,Sürekli Lig,Transfer,Bilgi,Takım,Jenerik,İngilizce,Body,tk_transfer
west ham,Premier Lig,Futbol,Lig,1. Seviye,Global Elit,Erkek,Kulüp,Takım Sporu,İngiltere,Yabancı,Yok,TV+ Yok,Yıllık,Sürekli Lig,Takım Jenerik,Bilgi,Takım,Jenerik,İngilizce,Head,tk_jen
bayern münih maçı,Bundesliga,Futbol,Lig,1. Seviye,Üst,Erkek,Kulüp,Takım Sporu,Almanya,Yabancı,Yok,TV+ Yok,Yıllık,Sürekli Lig,Takım Maç Sorgusu,Bilgi,Takım,Jenerik,Türkçe,Body,tk_mac
bayern münih maçları,Bundesliga,Futbol,Lig,1. Seviye,Üst,Erkek,Kulüp,Takım Sporu,Almanya,Yabancı,Yok,TV+ Yok,Yıllık,Sürekli Lig,Takım Maç Sorgusu,Bilgi,Takım,Jenerik,Türkçe,Body,tk_maclar
bayern münih maçı ne zaman,Bundesliga,Futbol,Lig,1. Seviye,Üst,Erkek,Kulüp,Takım Sporu,Almanya,Yabancı,Yok,TV+ Yok,Yıllık,Sürekli Lig,Takvim/Saat,Bilgi,Takım,Jenerik,Türkçe,Long-tail,tk_nezaman
bayern münih maçı hangi kanalda,Bundesliga,Futbol,Lig,1. Seviye,Üst,Erkek,Kulüp,Takım Sporu,Almanya,Yabancı,Yok,TV+ Yok,Yıllık,Sürekli Lig,Kanal/Yayın,İzleme,Takım,Jenerik,Türkçe,Long-tail,tk_kanal
bayern münih canlı izle,Bundesliga,Futbol,Lig,1. Seviye,Üst,Erkek,Kulüp,Takım Sporu,Almanya,Yabancı,Yok,TV+ Yok,Yıllık,Sürekli Lig,Canlı İzle,İzleme,Takım,Jenerik,Türkçe,Body,tk_izle
bayern münih fikstür,Bundesliga,Futbol,Lig,1. Seviye,Üst,Erkek,Kulüp,Takım Sporu,Almanya,Yabancı,Yok,TV+ Yok,Yıllık,Sürekli Lig,Fikstür,Bilgi,Takım,Jenerik,Türkçe,Body,tk_fikstur
bayern münih puan durumu,Bundesliga,Futbol,Lig,1. Seviye,Üst,Erkek,Kulüp,Takım Sporu,Almanya,Yabancı,Yok,TV+ Yok,Yıllık,Sürekli Lig,Puan Durumu,Bilgi,Takım,Jenerik,Türkçe,Body,tk_pd
bayern münih kadro,Bundesliga,Futbol,Lig,1. Seviye,Üst,Erkek,Kulüp,Takım Sporu,Almanya,Yabancı,Yok,TV+ Yok,Yıllık,Sürekli Lig,Kadro,Bilgi,Takım,Jenerik,Türkçe,Body,tk_kadro
bayern münih oyuncuları,Bundesliga,Futbol,Lig,1. Seviye,Üst,Erkek,Kulüp,Takım Sporu,Almanya,Yabancı,Yok,TV+ Yok,Yıllık,Sürekli Lig,Kadro,Bilgi,Takım,Jenerik,Türkçe,Body,tk_oyuncu
bayern münih transfer,Bundesliga,Futbol,Lig,1. Seviye,Üst,Erkek,Kulüp,Takım Sporu,Almanya,Yabancı,Yok,TV+ Yok,Yıllık,Sürekli Lig,Transfer,Bilgi,Takım,Jenerik,Türkçe,Body,tk_transfer
bayern münih,Bundesliga,Futbol,Lig,1. Seviye,Üst,Erkek,Kulüp,Takım Sporu,Almanya,Yabancı,Yok,TV+ Yok,Yıllık,Sürekli Lig,Takım Jenerik,Bilgi,Takım,Jenerik,Türkçe,Head,tk_jen
borussia dortmund maçı,Bundesliga,Futbol,Lig,1. Seviye,Üst,Erkek,Kulüp,Takım Sporu,Almanya,Yabancı,Yok,TV+ Yok,Yıllık,Sürekli Lig,Takım Maç Sorgusu,Bilgi,Takım,Jenerik,Türkçe,Body,tk_mac
borussia dortmund maçları,Bundesliga,Futbol,Lig,1. Seviye,Üst,Erkek,Kulüp,Takım Sporu,Almanya,Yabancı,Yok,TV+ Yok,Yıllık,Sürekli Lig,Takım Maç Sorgusu,Bilgi,Takım,Jenerik,Türkçe,Body,tk_maclar
borussia dortmund maçı ne zaman,Bundesliga,Futbol,Lig,1. Seviye,Üst,Erkek,Kulüp,Takım Sporu,Almanya,Yabancı,Yok,TV+ Yok,Yıllık,Sürekli Lig,Takvim/Saat,Bilgi,Takım,Jenerik,Türkçe,Long-tail,tk_nezaman
borussia dortmund maçı hangi kanalda,Bundesliga,Futbol,Lig,1. Seviye,Üst,Erkek,Kulüp,Takım Sporu,Almanya,Yabancı,Yok,TV+ Yok,Yıllık,Sürekli Lig,Kanal/Yayın,İzleme,Takım,Jenerik,Türkçe,Long-tail,tk_kanal
borussia dortmund canlı izle,Bundesliga,Futbol,Lig,1. Seviye,Üst,Erkek,Kulüp,Takım Sporu,Almanya,Yabancı,Yok,TV+ Yok,Yıllık,Sürekli Lig,Canlı İzle,İzleme,Takım,Jenerik,Türkçe,Body,tk_izle
borussia dortmund fikstür,Bundesliga,Futbol,Lig,1. Seviye,Üst,Erkek,Kulüp,Takım Sporu,Almanya,Yabancı,Yok,TV+ Yok,Yıllık,Sürekli Lig,Fikstür,Bilgi,Takım,Jenerik,Türkçe,Body,tk_fikstur
borussia dortmund puan durumu,Bundesliga,Futbol,Lig,1. Seviye,Üst,Erkek,Kulüp,Takım Sporu,Almanya,Yabancı,Yok,TV+ Yok,Yıllık,Sürekli Lig,Puan Durumu,Bilgi,Takım,Jenerik,İngilizce,Body,tk_pd
borussia dortmund kadro,Bundesliga,Futbol,Lig,1. Seviye,Üst,Erkek,Kulüp,Takım Sporu,Almanya,Yabancı,Yok,TV+ Yok,Yıllık,Sürekli Lig,Kadro,Bilgi,Takım,Jenerik,İngilizce,Body,tk_kadro
borussia dortmund oyuncuları,Bundesliga,Futbol,Lig,1. Seviye,Üst,Erkek,Kulüp,Takım Sporu,Almanya,Yabancı,Yok,TV+ Yok,Yıllık,Sürekli Lig,Kadro,Bilgi,Takım,Jenerik,Türkçe,Body,tk_oyuncu
borussia dortmund transfer,Bundesliga,Futbol,Lig,1. Seviye,Üst,Erkek,Kulüp,Takım Sporu,Almanya,Yabancı,Yok,TV+ Yok,Yıllık,Sürekli Lig,Transfer,Bilgi,Takım,Jenerik,İngilizce,Body,tk_transfer
borussia dortmund,Bundesliga,Futbol,Lig,1. Seviye,Üst,Erkek,Kulüp,Takım Sporu,Almanya,Yabancı,Yok,TV+ Yok,Yıllık,Sürekli Lig,Takım Jenerik,Bilgi,Takım,Jenerik,İngilizce,Head,tk_jen
bayer leverkusen maçı,Bundesliga,Futbol,Lig,1. Seviye,Üst,Erkek,Kulüp,Takım Sporu,Almanya,Yabancı,Yok,TV+ Yok,Yıllık,Sürekli Lig,Takım Maç Sorgusu,Bilgi,Takım,Jenerik,Türkçe,Body,tk_mac
bayer leverkusen maçları,Bundesliga,Futbol,Lig,1. Seviye,Üst,Erkek,Kulüp,Takım Sporu,Almanya,Yabancı,Yok,TV+ Yok,Yıllık,Sürekli Lig,Takım Maç Sorgusu,Bilgi,Takım,Jenerik,Türkçe,Body,tk_maclar
bayer leverkusen maçı ne zaman,Bundesliga,Futbol,Lig,1. Seviye,Üst,Erkek,Kulüp,Takım Sporu,Almanya,Yabancı,Yok,TV+ Yok,Yıllık,Sürekli Lig,Takvim/Saat,Bilgi,Takım,Jenerik,Türkçe,Long-tail,tk_nezaman
bayer leverkusen maçı hangi kanalda,Bundesliga,Futbol,Lig,1. Seviye,Üst,Erkek,Kulüp,Takım Sporu,Almanya,Yabancı,Yok,TV+ Yok,Yıllık,Sürekli Lig,Kanal/Yayın,İzleme,Takım,Jenerik,Türkçe,Long-tail,tk_kanal
bayer leverkusen canlı izle,Bundesliga,Futbol,Lig,1. Seviye,Üst,Erkek,Kulüp,Takım Sporu,Almanya,Yabancı,Yok,TV+ Yok,Yıllık,Sürekli Lig,Canlı İzle,İzleme,Takım,Jenerik,Türkçe,Body,tk_izle
bayer leverkusen fikstür,Bundesliga,Futbol,Lig,1. Seviye,Üst,Erkek,Kulüp,Takım Sporu,Almanya,Yabancı,Yok,TV+ Yok,Yıllık,Sürekli Lig,Fikstür,Bilgi,Takım,Jenerik,Türkçe,Body,tk_fikstur
bayer leverkusen puan durumu,Bundesliga,Futbol,Lig,1. Seviye,Üst,Erkek,Kulüp,Takım Sporu,Almanya,Yabancı,Yok,TV+ Yok,Yıllık,Sürekli Lig,Puan Durumu,Bilgi,Takım,Jenerik,İngilizce,Body,tk_pd
bayer leverkusen kadro,Bundesliga,Futbol,Lig,1. Seviye,Üst,Erkek,Kulüp,Takım Sporu,Almanya,Yabancı,Yok,TV+ Yok,Yıllık,Sürekli Lig,Kadro,Bilgi,Takım,Jenerik,İngilizce,Body,tk_kadro
bayer leverkusen oyuncuları,Bundesliga,Futbol,Lig,1. Seviye,Üst,Erkek,Kulüp,Takım Sporu,Almanya,Yabancı,Yok,TV+ Yok,Yıllık,Sürekli Lig,Kadro,Bilgi,Takım,Jenerik,Türkçe,Body,tk_oyuncu
bayer leverkusen transfer,Bundesliga,Futbol,Lig,1. Seviye,Üst,Erkek,Kulüp,Takım Sporu,Almanya,Yabancı,Yok,TV+ Yok,Yıllık,Sürekli Lig,Transfer,Bilgi,Takım,Jenerik,İngilizce,Body,tk_transfer
bayer leverkusen,Bundesliga,Futbol,Lig,1. Seviye,Üst,Erkek,Kulüp,Takım Sporu,Almanya,Yabancı,Yok,TV+ Yok,Yıllık,Sürekli Lig,Takım Jenerik,Bilgi,Takım,Jenerik,İngilizce,Head,tk_jen
rb leipzig maçı,Bundesliga,Futbol,Lig,1. Seviye,Üst,Erkek,Kulüp,Takım Sporu,Almanya,Yabancı,Yok,TV+ Yok,Yıllık,Sürekli Lig,Takım Maç Sorgusu,Bilgi,Takım,Jenerik,Türkçe,Body,tk_mac
rb leipzig maçları,Bundesliga,Futbol,Lig,1. Seviye,Üst,Erkek,Kulüp,Takım Sporu,Almanya,Yabancı,Yok,TV+ Yok,Yıllık,Sürekli Lig,Takım Maç Sorgusu,Bilgi,Takım,Jenerik,Türkçe,Body,tk_maclar
rb leipzig maçı ne zaman,Bundesliga,Futbol,Lig,1. Seviye,Üst,Erkek,Kulüp,Takım Sporu,Almanya,Yabancı,Yok,TV+ Yok,Yıllık,Sürekli Lig,Takvim/Saat,Bilgi,Takım,Jenerik,Türkçe,Long-tail,tk_nezaman
rb leipzig maçı hangi kanalda,Bundesliga,Futbol,Lig,1. Seviye,Üst,Erkek,Kulüp,Takım Sporu,Almanya,Yabancı,Yok,TV+ Yok,Yıllık,Sürekli Lig,Kanal/Yayın,İzleme,Takım,Jenerik,Türkçe,Long-tail,tk_kanal
rb leipzig canlı izle,Bundesliga,Futbol,Lig,1. Seviye,Üst,Erkek,Kulüp,Takım Sporu,Almanya,Yabancı,Yok,TV+ Yok,Yıllık,Sürekli Lig,Canlı İzle,İzleme,Takım,Jenerik,Türkçe,Body,tk_izle
rb leipzig fikstür,Bundesliga,Futbol,Lig,1. Seviye,Üst,Erkek,Kulüp,Takım Sporu,Almanya,Yabancı,Yok,TV+ Yok,Yıllık,Sürekli Lig,Fikstür,Bilgi,Takım,Jenerik,Türkçe,Body,tk_fikstur
rb leipzig puan durumu,Bundesliga,Futbol,Lig,1. Seviye,Üst,Erkek,Kulüp,Takım Sporu,Almanya,Yabancı,Yok,TV+ Yok,Yıllık,Sürekli Lig,Puan Durumu,Bilgi,Takım,Jenerik,İngilizce,Body,tk_pd
rb leipzig kadro,Bundesliga,Futbol,Lig,1. Seviye,Üst,Erkek,Kulüp,Takım Sporu,Almanya,Yabancı,Yok,TV+ Yok,Yıllık,Sürekli Lig,Kadro,Bilgi,Takım,Jenerik,İngilizce,Body,tk_kadro
rb leipzig oyuncuları,Bundesliga,Futbol,Lig,1. Seviye,Üst,Erkek,Kulüp,Takım Sporu,Almanya,Yabancı,Yok,TV+ Yok,Yıllık,Sürekli Lig,Kadro,Bilgi,Takım,Jenerik,Türkçe,Body,tk_oyuncu
rb leipzig transfer,Bundesliga,Futbol,Lig,1. Seviye,Üst,Erkek,Kulüp,Takım Sporu,Almanya,Yabancı,Yok,TV+ Yok,Yıllık,Sürekli Lig,Transfer,Bilgi,Takım,Jenerik,İngilizce,Body,tk_transfer
rb leipzig,Bundesliga,Futbol,Lig,1. Seviye,Üst,Erkek,Kulüp,Takım Sporu,Almanya,Yabancı,Yok,TV+ Yok,Yıllık,Sürekli Lig,Takım Jenerik,Bilgi,Takım,Jenerik,İngilizce,Head,tk_jen
eintracht frankfurt maçı,Bundesliga,Futbol,Lig,1. Seviye,Üst,Erkek,Kulüp,Takım Sporu,Almanya,Yabancı,Yok,TV+ Yok,Yıllık,Sürekli Lig,Takım Maç Sorgusu,Bilgi,Takım,Jenerik,Türkçe,Body,tk_mac
eintracht frankfurt maçları,Bundesliga,Futbol,Lig,1. Seviye,Üst,Erkek,Kulüp,Takım Sporu,Almanya,Yabancı,Yok,TV+ Yok,Yıllık,Sürekli Lig,Takım Maç Sorgusu,Bilgi,Takım,Jenerik,Türkçe,Body,tk_maclar
eintracht frankfurt maçı ne zaman,Bundesliga,Futbol,Lig,1. Seviye,Üst,Erkek,Kulüp,Takım Sporu,Almanya,Yabancı,Yok,TV+ Yok,Yıllık,Sürekli Lig,Takvim/Saat,Bilgi,Takım,Jenerik,Türkçe,Long-tail,tk_nezaman
eintracht frankfurt maçı hangi kanalda,Bundesliga,Futbol,Lig,1. Seviye,Üst,Erkek,Kulüp,Takım Sporu,Almanya,Yabancı,Yok,TV+ Yok,Yıllık,Sürekli Lig,Kanal/Yayın,İzleme,Takım,Jenerik,Türkçe,Long-tail,tk_kanal
eintracht frankfurt canlı izle,Bundesliga,Futbol,Lig,1. Seviye,Üst,Erkek,Kulüp,Takım Sporu,Almanya,Yabancı,Yok,TV+ Yok,Yıllık,Sürekli Lig,Canlı İzle,İzleme,Takım,Jenerik,Türkçe,Body,tk_izle
eintracht frankfurt fikstür,Bundesliga,Futbol,Lig,1. Seviye,Üst,Erkek,Kulüp,Takım Sporu,Almanya,Yabancı,Yok,TV+ Yok,Yıllık,Sürekli Lig,Fikstür,Bilgi,Takım,Jenerik,Türkçe,Body,tk_fikstur
eintracht frankfurt puan durumu,Bundesliga,Futbol,Lig,1. Seviye,Üst,Erkek,Kulüp,Takım Sporu,Almanya,Yabancı,Yok,TV+ Yok,Yıllık,Sürekli Lig,Puan Durumu,Bilgi,Takım,Jenerik,İngilizce,Body,tk_pd
eintracht frankfurt kadro,Bundesliga,Futbol,Lig,1. Seviye,Üst,Erkek,Kulüp,Takım Sporu,Almanya,Yabancı,Yok,TV+ Yok,Yıllık,Sürekli Lig,Kadro,Bilgi,Takım,Jenerik,İngilizce,Body,tk_kadro
eintracht frankfurt oyuncuları,Bundesliga,Futbol,Lig,1. Seviye,Üst,Erkek,Kulüp,Takım Sporu,Almanya,Yabancı,Yok,TV+ Yok,Yıllık,Sürekli Lig,Kadro,Bilgi,Takım,Jenerik,Türkçe,Body,tk_oyuncu
eintracht frankfurt transfer,Bundesliga,Futbol,Lig,1. Seviye,Üst,Erkek,Kulüp,Takım Sporu,Almanya,Yabancı,Yok,TV+ Yok,Yıllık,Sürekli Lig,Transfer,Bilgi,Takım,Jenerik,İngilizce,Body,tk_transfer
eintracht frankfurt,Bundesliga,Futbol,Lig,1. Seviye,Üst,Erkek,Kulüp,Takım Sporu,Almanya,Yabancı,Yok,TV+ Yok,Yıllık,Sürekli Lig,Takım Jenerik,Bilgi,Takım,Jenerik,İngilizce,Head,tk_jen
fenerbahçe beko maçı,EuroLeague,Basketbol,Kıta Turnuvası,Kıta Üstü,Global Elit,Erkek,Kulüp,Takım Sporu,Avrupa,Uluslararası,Türk Takımı Var,TV+ Var,Yıllık,Sürekli Lig,Takım Maç Sorgusu,Bilgi,Takım,Jenerik,Türkçe,Body,tk_mac
fenerbahçe beko maçları,EuroLeague,Basketbol,Kıta Turnuvası,Kıta Üstü,Global Elit,Erkek,Kulüp,Takım Sporu,Avrupa,Uluslararası,Türk Takımı Var,TV+ Var,Yıllık,Sürekli Lig,Takım Maç Sorgusu,Bilgi,Takım,Jenerik,Türkçe,Body,tk_maclar
fenerbahçe beko maçı ne zaman,EuroLeague,Basketbol,Kıta Turnuvası,Kıta Üstü,Global Elit,Erkek,Kulüp,Takım Sporu,Avrupa,Uluslararası,Türk Takımı Var,TV+ Var,Yıllık,Sürekli Lig,Takvim/Saat,Bilgi,Takım,Jenerik,Türkçe,Long-tail,tk_nezaman
fenerbahçe beko maçı hangi kanalda,EuroLeague,Basketbol,Kıta Turnuvası,Kıta Üstü,Global Elit,Erkek,Kulüp,Takım Sporu,Avrupa,Uluslararası,Türk Takımı Var,TV+ Var,Yıllık,Sürekli Lig,Kanal/Yayın,İzleme,Takım,Jenerik,Türkçe,Long-tail,tk_kanal
fenerbahçe beko canlı izle,EuroLeague,Basketbol,Kıta Turnuvası,Kıta Üstü,Global Elit,Erkek,Kulüp,Takım Sporu,Avrupa,Uluslararası,Türk Takımı Var,TV+ Var,Yıllık,Sürekli Lig,Canlı İzle,İzleme,Takım,Jenerik,Türkçe,Body,tk_izle
fenerbahçe beko fikstür,EuroLeague,Basketbol,Kıta Turnuvası,Kıta Üstü,Global Elit,Erkek,Kulüp,Takım Sporu,Avrupa,Uluslararası,Türk Takımı Var,TV+ Var,Yıllık,Sürekli Lig,Fikstür,Bilgi,Takım,Jenerik,Türkçe,Body,tk_fikstur
fenerbahçe beko puan durumu,EuroLeague,Basketbol,Kıta Turnuvası,Kıta Üstü,Global Elit,Erkek,Kulüp,Takım Sporu,Avrupa,Uluslararası,Türk Takımı Var,TV+ Var,Yıllık,Sürekli Lig,Puan Durumu,Bilgi,Takım,Jenerik,Türkçe,Body,tk_pd
fenerbahçe beko kadro,EuroLeague,Basketbol,Kıta Turnuvası,Kıta Üstü,Global Elit,Erkek,Kulüp,Takım Sporu,Avrupa,Uluslararası,Türk Takımı Var,TV+ Var,Yıllık,Sürekli Lig,Kadro,Bilgi,Takım,Jenerik,Türkçe,Body,tk_kadro
fenerbahçe beko oyuncuları,EuroLeague,Basketbol,Kıta Turnuvası,Kıta Üstü,Global Elit,Erkek,Kulüp,Takım Sporu,Avrupa,Uluslararası,Türk Takımı Var,TV+ Var,Yıllık,Sürekli Lig,Kadro,Bilgi,Takım,Jenerik,Türkçe,Body,tk_oyuncu
fenerbahçe beko transfer,EuroLeague,Basketbol,Kıta Turnuvası,Kıta Üstü,Global Elit,Erkek,Kulüp,Takım Sporu,Avrupa,Uluslararası,Türk Takımı Var,TV+ Var,Yıllık,Sürekli Lig,Transfer,Bilgi,Takım,Jenerik,Türkçe,Body,tk_transfer
fenerbahçe beko,EuroLeague,Basketbol,Kıta Turnuvası,Kıta Üstü,Global Elit,Erkek,Kulüp,Takım Sporu,Avrupa,Uluslararası,Türk Takımı Var,TV+ Var,Yıllık,Sürekli Lig,Takım Jenerik,Bilgi,Takım,Jenerik,Türkçe,Head,tk_jen
anadolu efes maçı,EuroLeague,Basketbol,Kıta Turnuvası,Kıta Üstü,Global Elit,Erkek,Kulüp,Takım Sporu,Avrupa,Uluslararası,Türk Takımı Var,TV+ Var,Yıllık,Sürekli Lig,Takım Maç Sorgusu,Bilgi,Takım,Jenerik,Türkçe,Body,tk_mac
anadolu efes maçları,EuroLeague,Basketbol,Kıta Turnuvası,Kıta Üstü,Global Elit,Erkek,Kulüp,Takım Sporu,Avrupa,Uluslararası,Türk Takımı Var,TV+ Var,Yıllık,Sürekli Lig,Takım Maç Sorgusu,Bilgi,Takım,Jenerik,Türkçe,Body,tk_maclar
anadolu efes maçı ne zaman,EuroLeague,Basketbol,Kıta Turnuvası,Kıta Üstü,Global Elit,Erkek,Kulüp,Takım Sporu,Avrupa,Uluslararası,Türk Takımı Var,TV+ Var,Yıllık,Sürekli Lig,Takvim/Saat,Bilgi,Takım,Jenerik,Türkçe,Long-tail,tk_nezaman
anadolu efes maçı hangi kanalda,EuroLeague,Basketbol,Kıta Turnuvası,Kıta Üstü,Global Elit,Erkek,Kulüp,Takım Sporu,Avrupa,Uluslararası,Türk Takımı Var,TV+ Var,Yıllık,Sürekli Lig,Kanal/Yayın,İzleme,Takım,Jenerik,Türkçe,Long-tail,tk_kanal
anadolu efes canlı izle,EuroLeague,Basketbol,Kıta Turnuvası,Kıta Üstü,Global Elit,Erkek,Kulüp,Takım Sporu,Avrupa,Uluslararası,Türk Takımı Var,TV+ Var,Yıllık,Sürekli Lig,Canlı İzle,İzleme,Takım,Jenerik,Türkçe,Body,tk_izle
anadolu efes fikstür,EuroLeague,Basketbol,Kıta Turnuvası,Kıta Üstü,Global Elit,Erkek,Kulüp,Takım Sporu,Avrupa,Uluslararası,Türk Takımı Var,TV+ Var,Yıllık,Sürekli Lig,Fikstür,Bilgi,Takım,Jenerik,Türkçe,Body,tk_fikstur
anadolu efes puan durumu,EuroLeague,Basketbol,Kıta Turnuvası,Kıta Üstü,Global Elit,Erkek,Kulüp,Takım Sporu,Avrupa,Uluslararası,Türk Takımı Var,TV+ Var,Yıllık,Sürekli Lig,Puan Durumu,Bilgi,Takım,Jenerik,İngilizce,Body,tk_pd
anadolu efes kadro,EuroLeague,Basketbol,Kıta Turnuvası,Kıta Üstü,Global Elit,Erkek,Kulüp,Takım Sporu,Avrupa,Uluslararası,Türk Takımı Var,TV+ Var,Yıllık,Sürekli Lig,Kadro,Bilgi,Takım,Jenerik,İngilizce,Body,tk_kadro
anadolu efes oyuncuları,EuroLeague,Basketbol,Kıta Turnuvası,Kıta Üstü,Global Elit,Erkek,Kulüp,Takım Sporu,Avrupa,Uluslararası,Türk Takımı Var,TV+ Var,Yıllık,Sürekli Lig,Kadro,Bilgi,Takım,Jenerik,Türkçe,Body,tk_oyuncu
anadolu efes transfer,EuroLeague,Basketbol,Kıta Turnuvası,Kıta Üstü,Global Elit,Erkek,Kulüp,Takım Sporu,Avrupa,Uluslararası,Türk Takımı Var,TV+ Var,Yıllık,Sürekli Lig,Transfer,Bilgi,Takım,Jenerik,İngilizce,Body,tk_transfer
anadolu efes,EuroLeague,Basketbol,Kıta Turnuvası,Kıta Üstü,Global Elit,Erkek,Kulüp,Takım Sporu,Avrupa,Uluslararası,Türk Takımı Var,TV+ Var,Yıllık,Sürekli Lig,Takım Jenerik,Bilgi,Takım,Jenerik,İngilizce,Head,tk_jen
beşiktaş basketbol maçı,EuroLeague,Basketbol,Kıta Turnuvası,Kıta Üstü,Global Elit,Erkek,Kulüp,Takım Sporu,Avrupa,Uluslararası,Türk Takımı Var,TV+ Var,Yıllık,Sürekli Lig,Takım Maç Sorgusu,Bilgi,Takım,Jenerik,Türkçe,Body,tk_mac
beşiktaş basketbol maçları,EuroLeague,Basketbol,Kıta Turnuvası,Kıta Üstü,Global Elit,Erkek,Kulüp,Takım Sporu,Avrupa,Uluslararası,Türk Takımı Var,TV+ Var,Yıllık,Sürekli Lig,Takım Maç Sorgusu,Bilgi,Takım,Jenerik,Türkçe,Body,tk_maclar
beşiktaş basketbol maçı ne zaman,EuroLeague,Basketbol,Kıta Turnuvası,Kıta Üstü,Global Elit,Erkek,Kulüp,Takım Sporu,Avrupa,Uluslararası,Türk Takımı Var,TV+ Var,Yıllık,Sürekli Lig,Takvim/Saat,Bilgi,Takım,Jenerik,Türkçe,Long-tail,tk_nezaman
beşiktaş basketbol maçı hangi kanalda,EuroLeague,Basketbol,Kıta Turnuvası,Kıta Üstü,Global Elit,Erkek,Kulüp,Takım Sporu,Avrupa,Uluslararası,Türk Takımı Var,TV+ Var,Yıllık,Sürekli Lig,Kanal/Yayın,İzleme,Takım,Jenerik,Türkçe,Long-tail,tk_kanal
beşiktaş basketbol canlı izle,EuroLeague,Basketbol,Kıta Turnuvası,Kıta Üstü,Global Elit,Erkek,Kulüp,Takım Sporu,Avrupa,Uluslararası,Türk Takımı Var,TV+ Var,Yıllık,Sürekli Lig,Canlı İzle,İzleme,Takım,Jenerik,Türkçe,Body,tk_izle
beşiktaş basketbol fikstür,EuroLeague,Basketbol,Kıta Turnuvası,Kıta Üstü,Global Elit,Erkek,Kulüp,Takım Sporu,Avrupa,Uluslararası,Türk Takımı Var,TV+ Var,Yıllık,Sürekli Lig,Fikstür,Bilgi,Takım,Jenerik,Türkçe,Body,tk_fikstur
beşiktaş basketbol puan durumu,EuroLeague,Basketbol,Kıta Turnuvası,Kıta Üstü,Global Elit,Erkek,Kulüp,Takım Sporu,Avrupa,Uluslararası,Türk Takımı Var,TV+ Var,Yıllık,Sürekli Lig,Puan Durumu,Bilgi,Takım,Jenerik,Türkçe,Body,tk_pd
beşiktaş basketbol kadro,EuroLeague,Basketbol,Kıta Turnuvası,Kıta Üstü,Global Elit,Erkek,Kulüp,Takım Sporu,Avrupa,Uluslararası,Türk Takımı Var,TV+ Var,Yıllık,Sürekli Lig,Kadro,Bilgi,Takım,Jenerik,Türkçe,Body,tk_kadro
beşiktaş basketbol oyuncuları,EuroLeague,Basketbol,Kıta Turnuvası,Kıta Üstü,Global Elit,Erkek,Kulüp,Takım Sporu,Avrupa,Uluslararası,Türk Takımı Var,TV+ Var,Yıllık,Sürekli Lig,Kadro,Bilgi,Takım,Jenerik,Türkçe,Body,tk_oyuncu
beşiktaş basketbol transfer,EuroLeague,Basketbol,Kıta Turnuvası,Kıta Üstü,Global Elit,Erkek,Kulüp,Takım Sporu,Avrupa,Uluslararası,Türk Takımı Var,TV+ Var,Yıllık,Sürekli Lig,Transfer,Bilgi,Takım,Jenerik,Türkçe,Body,tk_transfer
beşiktaş basketbol,EuroLeague,Basketbol,Kıta Turnuvası,Kıta Üstü,Global Elit,Erkek,Kulüp,Takım Sporu,Avrupa,Uluslararası,Türk Takımı Var,TV+ Var,Yıllık,Sürekli Lig,Takım Jenerik,Bilgi,Takım,Jenerik,Türkçe,Head,tk_jen
real madrid basketbol maçı,EuroLeague,Basketbol,Kıta Turnuvası,Kıta Üstü,Global Elit,Erkek,Kulüp,Takım Sporu,Avrupa,Uluslararası,Türk Takımı Var,TV+ Var,Yıllık,Sürekli Lig,Takım Maç Sorgusu,Bilgi,Takım,Jenerik,Türkçe,Body,tk_mac
real madrid basketbol maçları,EuroLeague,Basketbol,Kıta Turnuvası,Kıta Üstü,Global Elit,Erkek,Kulüp,Takım Sporu,Avrupa,Uluslararası,Türk Takımı Var,TV+ Var,Yıllık,Sürekli Lig,Takım Maç Sorgusu,Bilgi,Takım,Jenerik,Türkçe,Body,tk_maclar
real madrid basketbol maçı ne zaman,EuroLeague,Basketbol,Kıta Turnuvası,Kıta Üstü,Global Elit,Erkek,Kulüp,Takım Sporu,Avrupa,Uluslararası,Türk Takımı Var,TV+ Var,Yıllık,Sürekli Lig,Takvim/Saat,Bilgi,Takım,Jenerik,Türkçe,Long-tail,tk_nezaman
real madrid basketbol maçı hangi kanalda,EuroLeague,Basketbol,Kıta Turnuvası,Kıta Üstü,Global Elit,Erkek,Kulüp,Takım Sporu,Avrupa,Uluslararası,Türk Takımı Var,TV+ Var,Yıllık,Sürekli Lig,Kanal/Yayın,İzleme,Takım,Jenerik,Türkçe,Long-tail,tk_kanal
real madrid basketbol canlı izle,EuroLeague,Basketbol,Kıta Turnuvası,Kıta Üstü,Global Elit,Erkek,Kulüp,Takım Sporu,Avrupa,Uluslararası,Türk Takımı Var,TV+ Var,Yıllık,Sürekli Lig,Canlı İzle,İzleme,Takım,Jenerik,Türkçe,Long-tail,tk_izle
real madrid basketbol fikstür,EuroLeague,Basketbol,Kıta Turnuvası,Kıta Üstü,Global Elit,Erkek,Kulüp,Takım Sporu,Avrupa,Uluslararası,Türk Takımı Var,TV+ Var,Yıllık,Sürekli Lig,Fikstür,Bilgi,Takım,Jenerik,Türkçe,Body,tk_fikstur
real madrid basketbol puan durumu,EuroLeague,Basketbol,Kıta Turnuvası,Kıta Üstü,Global Elit,Erkek,Kulüp,Takım Sporu,Avrupa,Uluslararası,Türk Takımı Var,TV+ Var,Yıllık,Sürekli Lig,Puan Durumu,Bilgi,Takım,Jenerik,İngilizce,Long-tail,tk_pd
real madrid basketbol kadro,EuroLeague,Basketbol,Kıta Turnuvası,Kıta Üstü,Global Elit,Erkek,Kulüp,Takım Sporu,Avrupa,Uluslararası,Türk Takımı Var,TV+ Var,Yıllık,Sürekli Lig,Kadro,Bilgi,Takım,Jenerik,İngilizce,Body,tk_kadro
real madrid basketbol oyuncuları,EuroLeague,Basketbol,Kıta Turnuvası,Kıta Üstü,Global Elit,Erkek,Kulüp,Takım Sporu,Avrupa,Uluslararası,Türk Takımı Var,TV+ Var,Yıllık,Sürekli Lig,Kadro,Bilgi,Takım,Jenerik,Türkçe,Body,tk_oyuncu
real madrid basketbol transfer,EuroLeague,Basketbol,Kıta Turnuvası,Kıta Üstü,Global Elit,Erkek,Kulüp,Takım Sporu,Avrupa,Uluslararası,Türk Takımı Var,TV+ Var,Yıllık,Sürekli Lig,Transfer,Bilgi,Takım,Jenerik,İngilizce,Body,tk_transfer
real madrid basketbol,EuroLeague,Basketbol,Kıta Turnuvası,Kıta Üstü,Global Elit,Erkek,Kulüp,Takım Sporu,Avrupa,Uluslararası,Türk Takımı Var,TV+ Var,Yıllık,Sürekli Lig,Takım Jenerik,Bilgi,Takım,Jenerik,İngilizce,Body,tk_jen
barcelona basketbol maçı,EuroLeague,Basketbol,Kıta Turnuvası,Kıta Üstü,Global Elit,Erkek,Kulüp,Takım Sporu,Avrupa,Uluslararası,Türk Takımı Var,TV+ Var,Yıllık,Sürekli Lig,Takım Maç Sorgusu,Bilgi,Takım,Jenerik,Türkçe,Body,tk_mac
barcelona basketbol maçları,EuroLeague,Basketbol,Kıta Turnuvası,Kıta Üstü,Global Elit,Erkek,Kulüp,Takım Sporu,Avrupa,Uluslararası,Türk Takımı Var,TV+ Var,Yıllık,Sürekli Lig,Takım Maç Sorgusu,Bilgi,Takım,Jenerik,Türkçe,Body,tk_maclar
barcelona basketbol maçı ne zaman,EuroLeague,Basketbol,Kıta Turnuvası,Kıta Üstü,Global Elit,Erkek,Kulüp,Takım Sporu,Avrupa,Uluslararası,Türk Takımı Var,TV+ Var,Yıllık,Sürekli Lig,Takvim/Saat,Bilgi,Takım,Jenerik,Türkçe,Long-tail,tk_nezaman
barcelona basketbol maçı hangi kanalda,EuroLeague,Basketbol,Kıta Turnuvası,Kıta Üstü,Global Elit,Erkek,Kulüp,Takım Sporu,Avrupa,Uluslararası,Türk Takımı Var,TV+ Var,Yıllık,Sürekli Lig,Kanal/Yayın,İzleme,Takım,Jenerik,Türkçe,Long-tail,tk_kanal
barcelona basketbol canlı izle,EuroLeague,Basketbol,Kıta Turnuvası,Kıta Üstü,Global Elit,Erkek,Kulüp,Takım Sporu,Avrupa,Uluslararası,Türk Takımı Var,TV+ Var,Yıllık,Sürekli Lig,Canlı İzle,İzleme,Takım,Jenerik,Türkçe,Body,tk_izle
barcelona basketbol fikstür,EuroLeague,Basketbol,Kıta Turnuvası,Kıta Üstü,Global Elit,Erkek,Kulüp,Takım Sporu,Avrupa,Uluslararası,Türk Takımı Var,TV+ Var,Yıllık,Sürekli Lig,Fikstür,Bilgi,Takım,Jenerik,Türkçe,Body,tk_fikstur
barcelona basketbol puan durumu,EuroLeague,Basketbol,Kıta Turnuvası,Kıta Üstü,Global Elit,Erkek,Kulüp,Takım Sporu,Avrupa,Uluslararası,Türk Takımı Var,TV+ Var,Yıllık,Sürekli Lig,Puan Durumu,Bilgi,Takım,Jenerik,İngilizce,Body,tk_pd
barcelona basketbol kadro,EuroLeague,Basketbol,Kıta Turnuvası,Kıta Üstü,Global Elit,Erkek,Kulüp,Takım Sporu,Avrupa,Uluslararası,Türk Takımı Var,TV+ Var,Yıllık,Sürekli Lig,Kadro,Bilgi,Takım,Jenerik,İngilizce,Body,tk_kadro
barcelona basketbol oyuncuları,EuroLeague,Basketbol,Kıta Turnuvası,Kıta Üstü,Global Elit,Erkek,Kulüp,Takım Sporu,Avrupa,Uluslararası,Türk Takımı Var,TV+ Var,Yıllık,Sürekli Lig,Kadro,Bilgi,Takım,Jenerik,Türkçe,Body,tk_oyuncu
barcelona basketbol transfer,EuroLeague,Basketbol,Kıta Turnuvası,Kıta Üstü,Global Elit,Erkek,Kulüp,Takım Sporu,Avrupa,Uluslararası,Türk Takımı Var,TV+ Var,Yıllık,Sürekli Lig,Transfer,Bilgi,Takım,Jenerik,İngilizce,Body,tk_transfer
barcelona basketbol,EuroLeague,Basketbol,Kıta Turnuvası,Kıta Üstü,Global Elit,Erkek,Kulüp,Takım Sporu,Avrupa,Uluslararası,Türk Takımı Var,TV+ Var,Yıllık,Sürekli Lig,Takım Jenerik,Bilgi,Takım,Jenerik,İngilizce,Head,tk_jen
panathinaikos maçı,EuroLeague,Basketbol,Kıta Turnuvası,Kıta Üstü,Global Elit,Erkek,Kulüp,Takım Sporu,Avrupa,Uluslararası,Türk Takımı Var,TV+ Var,Yıllık,Sürekli Lig,Takım Maç Sorgusu,Bilgi,Takım,Jenerik,Türkçe,Head,tk_mac
panathinaikos maçları,EuroLeague,Basketbol,Kıta Turnuvası,Kıta Üstü,Global Elit,Erkek,Kulüp,Takım Sporu,Avrupa,Uluslararası,Türk Takımı Var,TV+ Var,Yıllık,Sürekli Lig,Takım Maç Sorgusu,Bilgi,Takım,Jenerik,Türkçe,Head,tk_maclar
panathinaikos maçı ne zaman,EuroLeague,Basketbol,Kıta Turnuvası,Kıta Üstü,Global Elit,Erkek,Kulüp,Takım Sporu,Avrupa,Uluslararası,Türk Takımı Var,TV+ Var,Yıllık,Sürekli Lig,Takvim/Saat,Bilgi,Takım,Jenerik,Türkçe,Body,tk_nezaman
panathinaikos maçı hangi kanalda,EuroLeague,Basketbol,Kıta Turnuvası,Kıta Üstü,Global Elit,Erkek,Kulüp,Takım Sporu,Avrupa,Uluslararası,Türk Takımı Var,TV+ Var,Yıllık,Sürekli Lig,Kanal/Yayın,İzleme,Takım,Jenerik,Türkçe,Body,tk_kanal
panathinaikos canlı izle,EuroLeague,Basketbol,Kıta Turnuvası,Kıta Üstü,Global Elit,Erkek,Kulüp,Takım Sporu,Avrupa,Uluslararası,Türk Takımı Var,TV+ Var,Yıllık,Sürekli Lig,Canlı İzle,İzleme,Takım,Jenerik,Türkçe,Body,tk_izle
panathinaikos fikstür,EuroLeague,Basketbol,Kıta Turnuvası,Kıta Üstü,Global Elit,Erkek,Kulüp,Takım Sporu,Avrupa,Uluslararası,Türk Takımı Var,TV+ Var,Yıllık,Sürekli Lig,Fikstür,Bilgi,Takım,Jenerik,Türkçe,Head,tk_fikstur
panathinaikos puan durumu,EuroLeague,Basketbol,Kıta Turnuvası,Kıta Üstü,Global Elit,Erkek,Kulüp,Takım Sporu,Avrupa,Uluslararası,Türk Takımı Var,TV+ Var,Yıllık,Sürekli Lig,Puan Durumu,Bilgi,Takım,Jenerik,İngilizce,Body,tk_pd
panathinaikos kadro,EuroLeague,Basketbol,Kıta Turnuvası,Kıta Üstü,Global Elit,Erkek,Kulüp,Takım Sporu,Avrupa,Uluslararası,Türk Takımı Var,TV+ Var,Yıllık,Sürekli Lig,Kadro,Bilgi,Takım,Jenerik,İngilizce,Head,tk_kadro
panathinaikos oyuncuları,EuroLeague,Basketbol,Kıta Turnuvası,Kıta Üstü,Global Elit,Erkek,Kulüp,Takım Sporu,Avrupa,Uluslararası,Türk Takımı Var,TV+ Var,Yıllık,Sürekli Lig,Kadro,Bilgi,Takım,Jenerik,Türkçe,Head,tk_oyuncu
panathinaikos transfer,EuroLeague,Basketbol,Kıta Turnuvası,Kıta Üstü,Global Elit,Erkek,Kulüp,Takım Sporu,Avrupa,Uluslararası,Türk Takımı Var,TV+ Var,Yıllık,Sürekli Lig,Transfer,Bilgi,Takım,Jenerik,İngilizce,Head,tk_transfer
panathinaikos,EuroLeague,Basketbol,Kıta Turnuvası,Kıta Üstü,Global Elit,Erkek,Kulüp,Takım Sporu,Avrupa,Uluslararası,Türk Takımı Var,TV+ Var,Yıllık,Sürekli Lig,Takım Jenerik,Bilgi,Takım,Jenerik,İngilizce,Head,tk_jen
olympiakos maçı,EuroLeague,Basketbol,Kıta Turnuvası,Kıta Üstü,Global Elit,Erkek,Kulüp,Takım Sporu,Avrupa,Uluslararası,Türk Takımı Var,TV+ Var,Yıllık,Sürekli Lig,Takım Maç Sorgusu,Bilgi,Takım,Jenerik,Türkçe,Head,tk_mac
olympiakos maçları,EuroLeague,Basketbol,Kıta Turnuvası,Kıta Üstü,Global Elit,Erkek,Kulüp,Takım Sporu,Avrupa,Uluslararası,Türk Takımı Var,TV+ Var,Yıllık,Sürekli Lig,Takım Maç Sorgusu,Bilgi,Takım,Jenerik,Türkçe,Head,tk_maclar
olympiakos maçı ne zaman,EuroLeague,Basketbol,Kıta Turnuvası,Kıta Üstü,Global Elit,Erkek,Kulüp,Takım Sporu,Avrupa,Uluslararası,Türk Takımı Var,TV+ Var,Yıllık,Sürekli Lig,Takvim/Saat,Bilgi,Takım,Jenerik,Türkçe,Body,tk_nezaman
olympiakos maçı hangi kanalda,EuroLeague,Basketbol,Kıta Turnuvası,Kıta Üstü,Global Elit,Erkek,Kulüp,Takım Sporu,Avrupa,Uluslararası,Türk Takımı Var,TV+ Var,Yıllık,Sürekli Lig,Kanal/Yayın,İzleme,Takım,Jenerik,Türkçe,Body,tk_kanal
olympiakos canlı izle,EuroLeague,Basketbol,Kıta Turnuvası,Kıta Üstü,Global Elit,Erkek,Kulüp,Takım Sporu,Avrupa,Uluslararası,Türk Takımı Var,TV+ Var,Yıllık,Sürekli Lig,Canlı İzle,İzleme,Takım,Jenerik,Türkçe,Body,tk_izle
olympiakos fikstür,EuroLeague,Basketbol,Kıta Turnuvası,Kıta Üstü,Global Elit,Erkek,Kulüp,Takım Sporu,Avrupa,Uluslararası,Türk Takımı Var,TV+ Var,Yıllık,Sürekli Lig,Fikstür,Bilgi,Takım,Jenerik,Türkçe,Head,tk_fikstur
olympiakos puan durumu,EuroLeague,Basketbol,Kıta Turnuvası,Kıta Üstü,Global Elit,Erkek,Kulüp,Takım Sporu,Avrupa,Uluslararası,Türk Takımı Var,TV+ Var,Yıllık,Sürekli Lig,Puan Durumu,Bilgi,Takım,Jenerik,İngilizce,Body,tk_pd
olympiakos kadro,EuroLeague,Basketbol,Kıta Turnuvası,Kıta Üstü,Global Elit,Erkek,Kulüp,Takım Sporu,Avrupa,Uluslararası,Türk Takımı Var,TV+ Var,Yıllık,Sürekli Lig,Kadro,Bilgi,Takım,Jenerik,İngilizce,Head,tk_kadro
olympiakos oyuncuları,EuroLeague,Basketbol,Kıta Turnuvası,Kıta Üstü,Global Elit,Erkek,Kulüp,Takım Sporu,Avrupa,Uluslararası,Türk Takımı Var,TV+ Var,Yıllık,Sürekli Lig,Kadro,Bilgi,Takım,Jenerik,Türkçe,Head,tk_oyuncu
olympiakos transfer,EuroLeague,Basketbol,Kıta Turnuvası,Kıta Üstü,Global Elit,Erkek,Kulüp,Takım Sporu,Avrupa,Uluslararası,Türk Takımı Var,TV+ Var,Yıllık,Sürekli Lig,Transfer,Bilgi,Takım,Jenerik,İngilizce,Head,tk_transfer
olympiakos,EuroLeague,Basketbol,Kıta Turnuvası,Kıta Üstü,Global Elit,Erkek,Kulüp,Takım Sporu,Avrupa,Uluslararası,Türk Takımı Var,TV+ Var,Yıllık,Sürekli Lig,Takım Jenerik,Bilgi,Takım,Jenerik,İngilizce,Head,tk_jen
maccabi tel aviv maçı,EuroLeague,Basketbol,Kıta Turnuvası,Kıta Üstü,Global Elit,Erkek,Kulüp,Takım Sporu,Avrupa,Uluslararası,Türk Takımı Var,TV+ Var,Yıllık,Sürekli Lig,Takım Maç Sorgusu,Bilgi,Takım,Jenerik,Türkçe,Body,tk_mac
maccabi tel aviv maçları,EuroLeague,Basketbol,Kıta Turnuvası,Kıta Üstü,Global Elit,Erkek,Kulüp,Takım Sporu,Avrupa,Uluslararası,Türk Takımı Var,TV+ Var,Yıllık,Sürekli Lig,Takım Maç Sorgusu,Bilgi,Takım,Jenerik,Türkçe,Body,tk_maclar
maccabi tel aviv maçı ne zaman,EuroLeague,Basketbol,Kıta Turnuvası,Kıta Üstü,Global Elit,Erkek,Kulüp,Takım Sporu,Avrupa,Uluslararası,Türk Takımı Var,TV+ Var,Yıllık,Sürekli Lig,Takvim/Saat,Bilgi,Takım,Jenerik,Türkçe,Long-tail,tk_nezaman
maccabi tel aviv maçı hangi kanalda,EuroLeague,Basketbol,Kıta Turnuvası,Kıta Üstü,Global Elit,Erkek,Kulüp,Takım Sporu,Avrupa,Uluslararası,Türk Takımı Var,TV+ Var,Yıllık,Sürekli Lig,Kanal/Yayın,İzleme,Takım,Jenerik,Türkçe,Long-tail,tk_kanal
maccabi tel aviv canlı izle,EuroLeague,Basketbol,Kıta Turnuvası,Kıta Üstü,Global Elit,Erkek,Kulüp,Takım Sporu,Avrupa,Uluslararası,Türk Takımı Var,TV+ Var,Yıllık,Sürekli Lig,Canlı İzle,İzleme,Takım,Jenerik,Türkçe,Long-tail,tk_izle
maccabi tel aviv fikstür,EuroLeague,Basketbol,Kıta Turnuvası,Kıta Üstü,Global Elit,Erkek,Kulüp,Takım Sporu,Avrupa,Uluslararası,Türk Takımı Var,TV+ Var,Yıllık,Sürekli Lig,Fikstür,Bilgi,Takım,Jenerik,Türkçe,Body,tk_fikstur
maccabi tel aviv puan durumu,EuroLeague,Basketbol,Kıta Turnuvası,Kıta Üstü,Global Elit,Erkek,Kulüp,Takım Sporu,Avrupa,Uluslararası,Türk Takımı Var,TV+ Var,Yıllık,Sürekli Lig,Puan Durumu,Bilgi,Takım,Jenerik,İngilizce,Long-tail,tk_pd
maccabi tel aviv kadro,EuroLeague,Basketbol,Kıta Turnuvası,Kıta Üstü,Global Elit,Erkek,Kulüp,Takım Sporu,Avrupa,Uluslararası,Türk Takımı Var,TV+ Var,Yıllık,Sürekli Lig,Kadro,Bilgi,Takım,Jenerik,İngilizce,Body,tk_kadro
maccabi tel aviv oyuncuları,EuroLeague,Basketbol,Kıta Turnuvası,Kıta Üstü,Global Elit,Erkek,Kulüp,Takım Sporu,Avrupa,Uluslararası,Türk Takımı Var,TV+ Var,Yıllık,Sürekli Lig,Kadro,Bilgi,Takım,Jenerik,Türkçe,Body,tk_oyuncu
maccabi tel aviv transfer,EuroLeague,Basketbol,Kıta Turnuvası,Kıta Üstü,Global Elit,Erkek,Kulüp,Takım Sporu,Avrupa,Uluslararası,Türk Takımı Var,TV+ Var,Yıllık,Sürekli Lig,Transfer,Bilgi,Takım,Jenerik,İngilizce,Body,tk_transfer
maccabi tel aviv,EuroLeague,Basketbol,Kıta Turnuvası,Kıta Üstü,Global Elit,Erkek,Kulüp,Takım Sporu,Avrupa,Uluslararası,Türk Takımı Var,TV+ Var,Yıllık,Sürekli Lig,Takım Jenerik,Bilgi,Takım,Jenerik,İngilizce,Body,tk_jen
zalgiris maçı,EuroLeague,Basketbol,Kıta Turnuvası,Kıta Üstü,Global Elit,Erkek,Kulüp,Takım Sporu,Avrupa,Uluslararası,Türk Takımı Var,TV+ Var,Yıllık,Sürekli Lig,Takım Maç Sorgusu,Bilgi,Takım,Jenerik,Türkçe,Head,tk_mac
zalgiris maçları,EuroLeague,Basketbol,Kıta Turnuvası,Kıta Üstü,Global Elit,Erkek,Kulüp,Takım Sporu,Avrupa,Uluslararası,Türk Takımı Var,TV+ Var,Yıllık,Sürekli Lig,Takım Maç Sorgusu,Bilgi,Takım,Jenerik,Türkçe,Head,tk_maclar
zalgiris maçı ne zaman,EuroLeague,Basketbol,Kıta Turnuvası,Kıta Üstü,Global Elit,Erkek,Kulüp,Takım Sporu,Avrupa,Uluslararası,Türk Takımı Var,TV+ Var,Yıllık,Sürekli Lig,Takvim/Saat,Bilgi,Takım,Jenerik,Türkçe,Body,tk_nezaman
zalgiris maçı hangi kanalda,EuroLeague,Basketbol,Kıta Turnuvası,Kıta Üstü,Global Elit,Erkek,Kulüp,Takım Sporu,Avrupa,Uluslararası,Türk Takımı Var,TV+ Var,Yıllık,Sürekli Lig,Kanal/Yayın,İzleme,Takım,Jenerik,Türkçe,Body,tk_kanal
zalgiris canlı izle,EuroLeague,Basketbol,Kıta Turnuvası,Kıta Üstü,Global Elit,Erkek,Kulüp,Takım Sporu,Avrupa,Uluslararası,Türk Takımı Var,TV+ Var,Yıllık,Sürekli Lig,Canlı İzle,İzleme,Takım,Jenerik,Türkçe,Body,tk_izle
zalgiris fikstür,EuroLeague,Basketbol,Kıta Turnuvası,Kıta Üstü,Global Elit,Erkek,Kulüp,Takım Sporu,Avrupa,Uluslararası,Türk Takımı Var,TV+ Var,Yıllık,Sürekli Lig,Fikstür,Bilgi,Takım,Jenerik,Türkçe,Head,tk_fikstur
zalgiris puan durumu,EuroLeague,Basketbol,Kıta Turnuvası,Kıta Üstü,Global Elit,Erkek,Kulüp,Takım Sporu,Avrupa,Uluslararası,Türk Takımı Var,TV+ Var,Yıllık,Sürekli Lig,Puan Durumu,Bilgi,Takım,Jenerik,İngilizce,Body,tk_pd
zalgiris kadro,EuroLeague,Basketbol,Kıta Turnuvası,Kıta Üstü,Global Elit,Erkek,Kulüp,Takım Sporu,Avrupa,Uluslararası,Türk Takımı Var,TV+ Var,Yıllık,Sürekli Lig,Kadro,Bilgi,Takım,Jenerik,İngilizce,Head,tk_kadro
zalgiris oyuncuları,EuroLeague,Basketbol,Kıta Turnuvası,Kıta Üstü,Global Elit,Erkek,Kulüp,Takım Sporu,Avrupa,Uluslararası,Türk Takımı Var,TV+ Var,Yıllık,Sürekli Lig,Kadro,Bilgi,Takım,Jenerik,Türkçe,Head,tk_oyuncu
zalgiris transfer,EuroLeague,Basketbol,Kıta Turnuvası,Kıta Üstü,Global Elit,Erkek,Kulüp,Takım Sporu,Avrupa,Uluslararası,Türk Takımı Var,TV+ Var,Yıllık,Sürekli Lig,Transfer,Bilgi,Takım,Jenerik,İngilizce,Head,tk_transfer
zalgiris,EuroLeague,Basketbol,Kıta Turnuvası,Kıta Üstü,Global Elit,Erkek,Kulüp,Takım Sporu,Avrupa,Uluslararası,Türk Takımı Var,TV+ Var,Yıllık,Sürekli Lig,Takım Jenerik,Bilgi,Takım,Jenerik,İngilizce,Head,tk_jen
partizan maçı,EuroLeague,Basketbol,Kıta Turnuvası,Kıta Üstü,Global Elit,Erkek,Kulüp,Takım Sporu,Avrupa,Uluslararası,Türk Takımı Var,TV+ Var,Yıllık,Sürekli Lig,Takım Maç Sorgusu,Bilgi,Takım,Jenerik,Türkçe,Head,tk_mac
partizan maçları,EuroLeague,Basketbol,Kıta Turnuvası,Kıta Üstü,Global Elit,Erkek,Kulüp,Takım Sporu,Avrupa,Uluslararası,Türk Takımı Var,TV+ Var,Yıllık,Sürekli Lig,Takım Maç Sorgusu,Bilgi,Takım,Jenerik,Türkçe,Head,tk_maclar
partizan maçı ne zaman,EuroLeague,Basketbol,Kıta Turnuvası,Kıta Üstü,Global Elit,Erkek,Kulüp,Takım Sporu,Avrupa,Uluslararası,Türk Takımı Var,TV+ Var,Yıllık,Sürekli Lig,Takvim/Saat,Bilgi,Takım,Jenerik,Türkçe,Body,tk_nezaman
partizan maçı hangi kanalda,EuroLeague,Basketbol,Kıta Turnuvası,Kıta Üstü,Global Elit,Erkek,Kulüp,Takım Sporu,Avrupa,Uluslararası,Türk Takımı Var,TV+ Var,Yıllık,Sürekli Lig,Kanal/Yayın,İzleme,Takım,Jenerik,Türkçe,Body,tk_kanal
partizan canlı izle,EuroLeague,Basketbol,Kıta Turnuvası,Kıta Üstü,Global Elit,Erkek,Kulüp,Takım Sporu,Avrupa,Uluslararası,Türk Takımı Var,TV+ Var,Yıllık,Sürekli Lig,Canlı İzle,İzleme,Takım,Jenerik,Türkçe,Body,tk_izle
partizan fikstür,EuroLeague,Basketbol,Kıta Turnuvası,Kıta Üstü,Global Elit,Erkek,Kulüp,Takım Sporu,Avrupa,Uluslararası,Türk Takımı Var,TV+ Var,Yıllık,Sürekli Lig,Fikstür,Bilgi,Takım,Jenerik,Türkçe,Head,tk_fikstur
partizan puan durumu,EuroLeague,Basketbol,Kıta Turnuvası,Kıta Üstü,Global Elit,Erkek,Kulüp,Takım Sporu,Avrupa,Uluslararası,Türk Takımı Var,TV+ Var,Yıllık,Sürekli Lig,Puan Durumu,Bilgi,Takım,Jenerik,İngilizce,Body,tk_pd
partizan kadro,EuroLeague,Basketbol,Kıta Turnuvası,Kıta Üstü,Global Elit,Erkek,Kulüp,Takım Sporu,Avrupa,Uluslararası,Türk Takımı Var,TV+ Var,Yıllık,Sürekli Lig,Kadro,Bilgi,Takım,Jenerik,İngilizce,Head,tk_kadro
partizan oyuncuları,EuroLeague,Basketbol,Kıta Turnuvası,Kıta Üstü,Global Elit,Erkek,Kulüp,Takım Sporu,Avrupa,Uluslararası,Türk Takımı Var,TV+ Var,Yıllık,Sürekli Lig,Kadro,Bilgi,Takım,Jenerik,Türkçe,Head,tk_oyuncu
partizan transfer,EuroLeague,Basketbol,Kıta Turnuvası,Kıta Üstü,Global Elit,Erkek,Kulüp,Takım Sporu,Avrupa,Uluslararası,Türk Takımı Var,TV+ Var,Yıllık,Sürekli Lig,Transfer,Bilgi,Takım,Jenerik,İngilizce,Head,tk_transfer
partizan,EuroLeague,Basketbol,Kıta Turnuvası,Kıta Üstü,Global Elit,Erkek,Kulüp,Takım Sporu,Avrupa,Uluslararası,Türk Takımı Var,TV+ Var,Yıllık,Sürekli Lig,Takım Jenerik,Bilgi,Takım,Jenerik,İngilizce,Head,tk_jen
los angeles lakers maçı,NBA,Basketbol,Lig,1. Seviye,Global Elit,Erkek,Kulüp,Takım Sporu,ABD,Yabancı,Türk Sporcu Var,TV+ Var,Yıllık,Sürekli Lig,Takım Maç Sorgusu,Bilgi,Takım,Jenerik,Türkçe,Body,tk_mac
los angeles lakers maçları,NBA,Basketbol,Lig,1. Seviye,Global Elit,Erkek,Kulüp,Takım Sporu,ABD,Yabancı,Türk Sporcu Var,TV+ Var,Yıllık,Sürekli Lig,Takım Maç Sorgusu,Bilgi,Takım,Jenerik,Türkçe,Body,tk_maclar
los angeles lakers maçı ne zaman,NBA,Basketbol,Lig,1. Seviye,Global Elit,Erkek,Kulüp,Takım Sporu,ABD,Yabancı,Türk Sporcu Var,TV+ Var,Yıllık,Sürekli Lig,Takvim/Saat,Bilgi,Takım,Jenerik,Türkçe,Long-tail,tk_nezaman
los angeles lakers maçı hangi kanalda,NBA,Basketbol,Lig,1. Seviye,Global Elit,Erkek,Kulüp,Takım Sporu,ABD,Yabancı,Türk Sporcu Var,TV+ Var,Yıllık,Sürekli Lig,Kanal/Yayın,İzleme,Takım,Jenerik,Türkçe,Long-tail,tk_kanal
los angeles lakers canlı izle,NBA,Basketbol,Lig,1. Seviye,Global Elit,Erkek,Kulüp,Takım Sporu,ABD,Yabancı,Türk Sporcu Var,TV+ Var,Yıllık,Sürekli Lig,Canlı İzle,İzleme,Takım,Jenerik,Türkçe,Long-tail,tk_izle
los angeles lakers fikstür,NBA,Basketbol,Lig,1. Seviye,Global Elit,Erkek,Kulüp,Takım Sporu,ABD,Yabancı,Türk Sporcu Var,TV+ Var,Yıllık,Sürekli Lig,Fikstür,Bilgi,Takım,Jenerik,Türkçe,Body,tk_fikstur
los angeles lakers puan durumu,NBA,Basketbol,Lig,1. Seviye,Global Elit,Erkek,Kulüp,Takım Sporu,ABD,Yabancı,Türk Sporcu Var,TV+ Var,Yıllık,Sürekli Lig,Puan Durumu,Bilgi,Takım,Jenerik,İngilizce,Long-tail,tk_pd
los angeles lakers kadro,NBA,Basketbol,Lig,1. Seviye,Global Elit,Erkek,Kulüp,Takım Sporu,ABD,Yabancı,Türk Sporcu Var,TV+ Var,Yıllık,Sürekli Lig,Kadro,Bilgi,Takım,Jenerik,İngilizce,Body,tk_kadro
los angeles lakers oyuncuları,NBA,Basketbol,Lig,1. Seviye,Global Elit,Erkek,Kulüp,Takım Sporu,ABD,Yabancı,Türk Sporcu Var,TV+ Var,Yıllık,Sürekli Lig,Kadro,Bilgi,Takım,Jenerik,Türkçe,Body,tk_oyuncu
los angeles lakers transfer,NBA,Basketbol,Lig,1. Seviye,Global Elit,Erkek,Kulüp,Takım Sporu,ABD,Yabancı,Türk Sporcu Var,TV+ Var,Yıllık,Sürekli Lig,Transfer,Bilgi,Takım,Jenerik,İngilizce,Body,tk_transfer
los angeles lakers,NBA,Basketbol,Lig,1. Seviye,Global Elit,Erkek,Kulüp,Takım Sporu,ABD,Yabancı,Türk Sporcu Var,TV+ Var,Yıllık,Sürekli Lig,Takım Jenerik,Bilgi,Takım,Jenerik,İngilizce,Body,tk_jen
golden state warriors maçı,NBA,Basketbol,Lig,1. Seviye,Global Elit,Erkek,Kulüp,Takım Sporu,ABD,Yabancı,Türk Sporcu Var,TV+ Var,Yıllık,Sürekli Lig,Takım Maç Sorgusu,Bilgi,Takım,Jenerik,Türkçe,Body,tk_mac
golden state warriors maçları,NBA,Basketbol,Lig,1. Seviye,Global Elit,Erkek,Kulüp,Takım Sporu,ABD,Yabancı,Türk Sporcu Var,TV+ Var,Yıllık,Sürekli Lig,Takım Maç Sorgusu,Bilgi,Takım,Jenerik,Türkçe,Body,tk_maclar
golden state warriors maçı ne zaman,NBA,Basketbol,Lig,1. Seviye,Global Elit,Erkek,Kulüp,Takım Sporu,ABD,Yabancı,Türk Sporcu Var,TV+ Var,Yıllık,Sürekli Lig,Takvim/Saat,Bilgi,Takım,Jenerik,Türkçe,Long-tail,tk_nezaman
golden state warriors maçı hangi kanalda,NBA,Basketbol,Lig,1. Seviye,Global Elit,Erkek,Kulüp,Takım Sporu,ABD,Yabancı,Türk Sporcu Var,TV+ Var,Yıllık,Sürekli Lig,Kanal/Yayın,İzleme,Takım,Jenerik,Türkçe,Long-tail,tk_kanal
golden state warriors canlı izle,NBA,Basketbol,Lig,1. Seviye,Global Elit,Erkek,Kulüp,Takım Sporu,ABD,Yabancı,Türk Sporcu Var,TV+ Var,Yıllık,Sürekli Lig,Canlı İzle,İzleme,Takım,Jenerik,Türkçe,Long-tail,tk_izle
golden state warriors fikstür,NBA,Basketbol,Lig,1. Seviye,Global Elit,Erkek,Kulüp,Takım Sporu,ABD,Yabancı,Türk Sporcu Var,TV+ Var,Yıllık,Sürekli Lig,Fikstür,Bilgi,Takım,Jenerik,Türkçe,Body,tk_fikstur
golden state warriors puan durumu,NBA,Basketbol,Lig,1. Seviye,Global Elit,Erkek,Kulüp,Takım Sporu,ABD,Yabancı,Türk Sporcu Var,TV+ Var,Yıllık,Sürekli Lig,Puan Durumu,Bilgi,Takım,Jenerik,İngilizce,Long-tail,tk_pd
golden state warriors kadro,NBA,Basketbol,Lig,1. Seviye,Global Elit,Erkek,Kulüp,Takım Sporu,ABD,Yabancı,Türk Sporcu Var,TV+ Var,Yıllık,Sürekli Lig,Kadro,Bilgi,Takım,Jenerik,İngilizce,Body,tk_kadro
golden state warriors oyuncuları,NBA,Basketbol,Lig,1. Seviye,Global Elit,Erkek,Kulüp,Takım Sporu,ABD,Yabancı,Türk Sporcu Var,TV+ Var,Yıllık,Sürekli Lig,Kadro,Bilgi,Takım,Jenerik,Türkçe,Body,tk_oyuncu
golden state warriors transfer,NBA,Basketbol,Lig,1. Seviye,Global Elit,Erkek,Kulüp,Takım Sporu,ABD,Yabancı,Türk Sporcu Var,TV+ Var,Yıllık,Sürekli Lig,Transfer,Bilgi,Takım,Jenerik,İngilizce,Body,tk_transfer
golden state warriors,NBA,Basketbol,Lig,1. Seviye,Global Elit,Erkek,Kulüp,Takım Sporu,ABD,Yabancı,Türk Sporcu Var,TV+ Var,Yıllık,Sürekli Lig,Takım Jenerik,Bilgi,Takım,Jenerik,İngilizce,Body,tk_jen
boston celtics maçı,NBA,Basketbol,Lig,1. Seviye,Global Elit,Erkek,Kulüp,Takım Sporu,ABD,Yabancı,Türk Sporcu Var,TV+ Var,Yıllık,Sürekli Lig,Takım Maç Sorgusu,Bilgi,Takım,Jenerik,Türkçe,Body,tk_mac
boston celtics maçları,NBA,Basketbol,Lig,1. Seviye,Global Elit,Erkek,Kulüp,Takım Sporu,ABD,Yabancı,Türk Sporcu Var,TV+ Var,Yıllık,Sürekli Lig,Takım Maç Sorgusu,Bilgi,Takım,Jenerik,Türkçe,Body,tk_maclar
boston celtics maçı ne zaman,NBA,Basketbol,Lig,1. Seviye,Global Elit,Erkek,Kulüp,Takım Sporu,ABD,Yabancı,Türk Sporcu Var,TV+ Var,Yıllık,Sürekli Lig,Takvim/Saat,Bilgi,Takım,Jenerik,Türkçe,Long-tail,tk_nezaman
boston celtics maçı hangi kanalda,NBA,Basketbol,Lig,1. Seviye,Global Elit,Erkek,Kulüp,Takım Sporu,ABD,Yabancı,Türk Sporcu Var,TV+ Var,Yıllık,Sürekli Lig,Kanal/Yayın,İzleme,Takım,Jenerik,Türkçe,Long-tail,tk_kanal
boston celtics canlı izle,NBA,Basketbol,Lig,1. Seviye,Global Elit,Erkek,Kulüp,Takım Sporu,ABD,Yabancı,Türk Sporcu Var,TV+ Var,Yıllık,Sürekli Lig,Canlı İzle,İzleme,Takım,Jenerik,Türkçe,Body,tk_izle
boston celtics fikstür,NBA,Basketbol,Lig,1. Seviye,Global Elit,Erkek,Kulüp,Takım Sporu,ABD,Yabancı,Türk Sporcu Var,TV+ Var,Yıllık,Sürekli Lig,Fikstür,Bilgi,Takım,Jenerik,Türkçe,Body,tk_fikstur
boston celtics puan durumu,NBA,Basketbol,Lig,1. Seviye,Global Elit,Erkek,Kulüp,Takım Sporu,ABD,Yabancı,Türk Sporcu Var,TV+ Var,Yıllık,Sürekli Lig,Puan Durumu,Bilgi,Takım,Jenerik,İngilizce,Body,tk_pd
boston celtics kadro,NBA,Basketbol,Lig,1. Seviye,Global Elit,Erkek,Kulüp,Takım Sporu,ABD,Yabancı,Türk Sporcu Var,TV+ Var,Yıllık,Sürekli Lig,Kadro,Bilgi,Takım,Jenerik,İngilizce,Body,tk_kadro
boston celtics oyuncuları,NBA,Basketbol,Lig,1. Seviye,Global Elit,Erkek,Kulüp,Takım Sporu,ABD,Yabancı,Türk Sporcu Var,TV+ Var,Yıllık,Sürekli Lig,Kadro,Bilgi,Takım,Jenerik,Türkçe,Body,tk_oyuncu
boston celtics transfer,NBA,Basketbol,Lig,1. Seviye,Global Elit,Erkek,Kulüp,Takım Sporu,ABD,Yabancı,Türk Sporcu Var,TV+ Var,Yıllık,Sürekli Lig,Transfer,Bilgi,Takım,Jenerik,İngilizce,Body,tk_transfer
boston celtics,NBA,Basketbol,Lig,1. Seviye,Global Elit,Erkek,Kulüp,Takım Sporu,ABD,Yabancı,Türk Sporcu Var,TV+ Var,Yıllık,Sürekli Lig,Takım Jenerik,Bilgi,Takım,Jenerik,İngilizce,Head,tk_jen
chicago bulls maçı,NBA,Basketbol,Lig,1. Seviye,Global Elit,Erkek,Kulüp,Takım Sporu,ABD,Yabancı,Türk Sporcu Var,TV+ Var,Yıllık,Sürekli Lig,Takım Maç Sorgusu,Bilgi,Takım,Jenerik,Türkçe,Body,tk_mac
chicago bulls maçları,NBA,Basketbol,Lig,1. Seviye,Global Elit,Erkek,Kulüp,Takım Sporu,ABD,Yabancı,Türk Sporcu Var,TV+ Var,Yıllık,Sürekli Lig,Takım Maç Sorgusu,Bilgi,Takım,Jenerik,Türkçe,Body,tk_maclar
chicago bulls maçı ne zaman,NBA,Basketbol,Lig,1. Seviye,Global Elit,Erkek,Kulüp,Takım Sporu,ABD,Yabancı,Türk Sporcu Var,TV+ Var,Yıllık,Sürekli Lig,Takvim/Saat,Bilgi,Takım,Jenerik,Türkçe,Long-tail,tk_nezaman
chicago bulls maçı hangi kanalda,NBA,Basketbol,Lig,1. Seviye,Global Elit,Erkek,Kulüp,Takım Sporu,ABD,Yabancı,Türk Sporcu Var,TV+ Var,Yıllık,Sürekli Lig,Kanal/Yayın,İzleme,Takım,Jenerik,Türkçe,Long-tail,tk_kanal
chicago bulls canlı izle,NBA,Basketbol,Lig,1. Seviye,Global Elit,Erkek,Kulüp,Takım Sporu,ABD,Yabancı,Türk Sporcu Var,TV+ Var,Yıllık,Sürekli Lig,Canlı İzle,İzleme,Takım,Jenerik,Türkçe,Body,tk_izle
chicago bulls fikstür,NBA,Basketbol,Lig,1. Seviye,Global Elit,Erkek,Kulüp,Takım Sporu,ABD,Yabancı,Türk Sporcu Var,TV+ Var,Yıllık,Sürekli Lig,Fikstür,Bilgi,Takım,Jenerik,Türkçe,Body,tk_fikstur
chicago bulls puan durumu,NBA,Basketbol,Lig,1. Seviye,Global Elit,Erkek,Kulüp,Takım Sporu,ABD,Yabancı,Türk Sporcu Var,TV+ Var,Yıllık,Sürekli Lig,Puan Durumu,Bilgi,Takım,Jenerik,İngilizce,Body,tk_pd
chicago bulls kadro,NBA,Basketbol,Lig,1. Seviye,Global Elit,Erkek,Kulüp,Takım Sporu,ABD,Yabancı,Türk Sporcu Var,TV+ Var,Yıllık,Sürekli Lig,Kadro,Bilgi,Takım,Jenerik,İngilizce,Body,tk_kadro
chicago bulls oyuncuları,NBA,Basketbol,Lig,1. Seviye,Global Elit,Erkek,Kulüp,Takım Sporu,ABD,Yabancı,Türk Sporcu Var,TV+ Var,Yıllık,Sürekli Lig,Kadro,Bilgi,Takım,Jenerik,Türkçe,Body,tk_oyuncu
chicago bulls transfer,NBA,Basketbol,Lig,1. Seviye,Global Elit,Erkek,Kulüp,Takım Sporu,ABD,Yabancı,Türk Sporcu Var,TV+ Var,Yıllık,Sürekli Lig,Transfer,Bilgi,Takım,Jenerik,İngilizce,Body,tk_transfer
chicago bulls,NBA,Basketbol,Lig,1. Seviye,Global Elit,Erkek,Kulüp,Takım Sporu,ABD,Yabancı,Türk Sporcu Var,TV+ Var,Yıllık,Sürekli Lig,Takım Jenerik,Bilgi,Takım,Jenerik,İngilizce,Head,tk_jen
miami heat maçı,NBA,Basketbol,Lig,1. Seviye,Global Elit,Erkek,Kulüp,Takım Sporu,ABD,Yabancı,Türk Sporcu Var,TV+ Var,Yıllık,Sürekli Lig,Takım Maç Sorgusu,Bilgi,Takım,Jenerik,Türkçe,Body,tk_mac
miami heat maçları,NBA,Basketbol,Lig,1. Seviye,Global Elit,Erkek,Kulüp,Takım Sporu,ABD,Yabancı,Türk Sporcu Var,TV+ Var,Yıllık,Sürekli Lig,Takım Maç Sorgusu,Bilgi,Takım,Jenerik,Türkçe,Body,tk_maclar
miami heat maçı ne zaman,NBA,Basketbol,Lig,1. Seviye,Global Elit,Erkek,Kulüp,Takım Sporu,ABD,Yabancı,Türk Sporcu Var,TV+ Var,Yıllık,Sürekli Lig,Takvim/Saat,Bilgi,Takım,Jenerik,Türkçe,Long-tail,tk_nezaman
miami heat maçı hangi kanalda,NBA,Basketbol,Lig,1. Seviye,Global Elit,Erkek,Kulüp,Takım Sporu,ABD,Yabancı,Türk Sporcu Var,TV+ Var,Yıllık,Sürekli Lig,Kanal/Yayın,İzleme,Takım,Jenerik,Türkçe,Long-tail,tk_kanal
miami heat canlı izle,NBA,Basketbol,Lig,1. Seviye,Global Elit,Erkek,Kulüp,Takım Sporu,ABD,Yabancı,Türk Sporcu Var,TV+ Var,Yıllık,Sürekli Lig,Canlı İzle,İzleme,Takım,Jenerik,Türkçe,Body,tk_izle
miami heat fikstür,NBA,Basketbol,Lig,1. Seviye,Global Elit,Erkek,Kulüp,Takım Sporu,ABD,Yabancı,Türk Sporcu Var,TV+ Var,Yıllık,Sürekli Lig,Fikstür,Bilgi,Takım,Jenerik,Türkçe,Body,tk_fikstur
miami heat puan durumu,NBA,Basketbol,Lig,1. Seviye,Global Elit,Erkek,Kulüp,Takım Sporu,ABD,Yabancı,Türk Sporcu Var,TV+ Var,Yıllık,Sürekli Lig,Puan Durumu,Bilgi,Takım,Jenerik,İngilizce,Body,tk_pd
miami heat kadro,NBA,Basketbol,Lig,1. Seviye,Global Elit,Erkek,Kulüp,Takım Sporu,ABD,Yabancı,Türk Sporcu Var,TV+ Var,Yıllık,Sürekli Lig,Kadro,Bilgi,Takım,Jenerik,İngilizce,Body,tk_kadro
miami heat oyuncuları,NBA,Basketbol,Lig,1. Seviye,Global Elit,Erkek,Kulüp,Takım Sporu,ABD,Yabancı,Türk Sporcu Var,TV+ Var,Yıllık,Sürekli Lig,Kadro,Bilgi,Takım,Jenerik,Türkçe,Body,tk_oyuncu
miami heat transfer,NBA,Basketbol,Lig,1. Seviye,Global Elit,Erkek,Kulüp,Takım Sporu,ABD,Yabancı,Türk Sporcu Var,TV+ Var,Yıllık,Sürekli Lig,Transfer,Bilgi,Takım,Jenerik,İngilizce,Body,tk_transfer
miami heat,NBA,Basketbol,Lig,1. Seviye,Global Elit,Erkek,Kulüp,Takım Sporu,ABD,Yabancı,Türk Sporcu Var,TV+ Var,Yıllık,Sürekli Lig,Takım Jenerik,Bilgi,Takım,Jenerik,İngilizce,Head,tk_jen
denver nuggets maçı,NBA,Basketbol,Lig,1. Seviye,Global Elit,Erkek,Kulüp,Takım Sporu,ABD,Yabancı,Türk Sporcu Var,TV+ Var,Yıllık,Sürekli Lig,Takım Maç Sorgusu,Bilgi,Takım,Jenerik,Türkçe,Body,tk_mac
denver nuggets maçları,NBA,Basketbol,Lig,1. Seviye,Global Elit,Erkek,Kulüp,Takım Sporu,ABD,Yabancı,Türk Sporcu Var,TV+ Var,Yıllık,Sürekli Lig,Takım Maç Sorgusu,Bilgi,Takım,Jenerik,Türkçe,Body,tk_maclar
denver nuggets maçı ne zaman,NBA,Basketbol,Lig,1. Seviye,Global Elit,Erkek,Kulüp,Takım Sporu,ABD,Yabancı,Türk Sporcu Var,TV+ Var,Yıllık,Sürekli Lig,Takvim/Saat,Bilgi,Takım,Jenerik,Türkçe,Long-tail,tk_nezaman
denver nuggets maçı hangi kanalda,NBA,Basketbol,Lig,1. Seviye,Global Elit,Erkek,Kulüp,Takım Sporu,ABD,Yabancı,Türk Sporcu Var,TV+ Var,Yıllık,Sürekli Lig,Kanal/Yayın,İzleme,Takım,Jenerik,Türkçe,Long-tail,tk_kanal
denver nuggets canlı izle,NBA,Basketbol,Lig,1. Seviye,Global Elit,Erkek,Kulüp,Takım Sporu,ABD,Yabancı,Türk Sporcu Var,TV+ Var,Yıllık,Sürekli Lig,Canlı İzle,İzleme,Takım,Jenerik,Türkçe,Body,tk_izle
denver nuggets fikstür,NBA,Basketbol,Lig,1. Seviye,Global Elit,Erkek,Kulüp,Takım Sporu,ABD,Yabancı,Türk Sporcu Var,TV+ Var,Yıllık,Sürekli Lig,Fikstür,Bilgi,Takım,Jenerik,Türkçe,Body,tk_fikstur
denver nuggets puan durumu,NBA,Basketbol,Lig,1. Seviye,Global Elit,Erkek,Kulüp,Takım Sporu,ABD,Yabancı,Türk Sporcu Var,TV+ Var,Yıllık,Sürekli Lig,Puan Durumu,Bilgi,Takım,Jenerik,İngilizce,Body,tk_pd
denver nuggets kadro,NBA,Basketbol,Lig,1. Seviye,Global Elit,Erkek,Kulüp,Takım Sporu,ABD,Yabancı,Türk Sporcu Var,TV+ Var,Yıllık,Sürekli Lig,Kadro,Bilgi,Takım,Jenerik,İngilizce,Body,tk_kadro
denver nuggets oyuncuları,NBA,Basketbol,Lig,1. Seviye,Global Elit,Erkek,Kulüp,Takım Sporu,ABD,Yabancı,Türk Sporcu Var,TV+ Var,Yıllık,Sürekli Lig,Kadro,Bilgi,Takım,Jenerik,Türkçe,Body,tk_oyuncu
denver nuggets transfer,NBA,Basketbol,Lig,1. Seviye,Global Elit,Erkek,Kulüp,Takım Sporu,ABD,Yabancı,Türk Sporcu Var,TV+ Var,Yıllık,Sürekli Lig,Transfer,Bilgi,Takım,Jenerik,İngilizce,Body,tk_transfer
denver nuggets,NBA,Basketbol,Lig,1. Seviye,Global Elit,Erkek,Kulüp,Takım Sporu,ABD,Yabancı,Türk Sporcu Var,TV+ Var,Yıllık,Sürekli Lig,Takım Jenerik,Bilgi,Takım,Jenerik,İngilizce,Head,tk_jen
oklahoma city thunder maçı,NBA,Basketbol,Lig,1. Seviye,Global Elit,Erkek,Kulüp,Takım Sporu,ABD,Yabancı,Türk Sporcu Var,TV+ Var,Yıllık,Sürekli Lig,Takım Maç Sorgusu,Bilgi,Takım,Jenerik,Türkçe,Body,tk_mac
oklahoma city thunder maçları,NBA,Basketbol,Lig,1. Seviye,Global Elit,Erkek,Kulüp,Takım Sporu,ABD,Yabancı,Türk Sporcu Var,TV+ Var,Yıllık,Sürekli Lig,Takım Maç Sorgusu,Bilgi,Takım,Jenerik,Türkçe,Body,tk_maclar
oklahoma city thunder maçı ne zaman,NBA,Basketbol,Lig,1. Seviye,Global Elit,Erkek,Kulüp,Takım Sporu,ABD,Yabancı,Türk Sporcu Var,TV+ Var,Yıllık,Sürekli Lig,Takvim/Saat,Bilgi,Takım,Jenerik,Türkçe,Long-tail,tk_nezaman
oklahoma city thunder maçı hangi kanalda,NBA,Basketbol,Lig,1. Seviye,Global Elit,Erkek,Kulüp,Takım Sporu,ABD,Yabancı,Türk Sporcu Var,TV+ Var,Yıllık,Sürekli Lig,Kanal/Yayın,İzleme,Takım,Jenerik,Türkçe,Long-tail,tk_kanal
oklahoma city thunder canlı izle,NBA,Basketbol,Lig,1. Seviye,Global Elit,Erkek,Kulüp,Takım Sporu,ABD,Yabancı,Türk Sporcu Var,TV+ Var,Yıllık,Sürekli Lig,Canlı İzle,İzleme,Takım,Jenerik,Türkçe,Long-tail,tk_izle
oklahoma city thunder fikstür,NBA,Basketbol,Lig,1. Seviye,Global Elit,Erkek,Kulüp,Takım Sporu,ABD,Yabancı,Türk Sporcu Var,TV+ Var,Yıllık,Sürekli Lig,Fikstür,Bilgi,Takım,Jenerik,Türkçe,Body,tk_fikstur
oklahoma city thunder puan durumu,NBA,Basketbol,Lig,1. Seviye,Global Elit,Erkek,Kulüp,Takım Sporu,ABD,Yabancı,Türk Sporcu Var,TV+ Var,Yıllık,Sürekli Lig,Puan Durumu,Bilgi,Takım,Jenerik,İngilizce,Long-tail,tk_pd
oklahoma city thunder kadro,NBA,Basketbol,Lig,1. Seviye,Global Elit,Erkek,Kulüp,Takım Sporu,ABD,Yabancı,Türk Sporcu Var,TV+ Var,Yıllık,Sürekli Lig,Kadro,Bilgi,Takım,Jenerik,İngilizce,Body,tk_kadro
oklahoma city thunder oyuncuları,NBA,Basketbol,Lig,1. Seviye,Global Elit,Erkek,Kulüp,Takım Sporu,ABD,Yabancı,Türk Sporcu Var,TV+ Var,Yıllık,Sürekli Lig,Kadro,Bilgi,Takım,Jenerik,Türkçe,Body,tk_oyuncu
oklahoma city thunder transfer,NBA,Basketbol,Lig,1. Seviye,Global Elit,Erkek,Kulüp,Takım Sporu,ABD,Yabancı,Türk Sporcu Var,TV+ Var,Yıllık,Sürekli Lig,Transfer,Bilgi,Takım,Jenerik,İngilizce,Body,tk_transfer
oklahoma city thunder,NBA,Basketbol,Lig,1. Seviye,Global Elit,Erkek,Kulüp,Takım Sporu,ABD,Yabancı,Türk Sporcu Var,TV+ Var,Yıllık,Sürekli Lig,Takım Jenerik,Bilgi,Takım,Jenerik,İngilizce,Body,tk_jen
new york knicks maçı,NBA,Basketbol,Lig,1. Seviye,Global Elit,Erkek,Kulüp,Takım Sporu,ABD,Yabancı,Türk Sporcu Var,TV+ Var,Yıllık,Sürekli Lig,Takım Maç Sorgusu,Bilgi,Takım,Jenerik,Türkçe,Body,tk_mac
new york knicks maçları,NBA,Basketbol,Lig,1. Seviye,Global Elit,Erkek,Kulüp,Takım Sporu,ABD,Yabancı,Türk Sporcu Var,TV+ Var,Yıllık,Sürekli Lig,Takım Maç Sorgusu,Bilgi,Takım,Jenerik,Türkçe,Body,tk_maclar
new york knicks maçı ne zaman,NBA,Basketbol,Lig,1. Seviye,Global Elit,Erkek,Kulüp,Takım Sporu,ABD,Yabancı,Türk Sporcu Var,TV+ Var,Yıllık,Sürekli Lig,Takvim/Saat,Bilgi,Takım,Jenerik,Türkçe,Long-tail,tk_nezaman
new york knicks maçı hangi kanalda,NBA,Basketbol,Lig,1. Seviye,Global Elit,Erkek,Kulüp,Takım Sporu,ABD,Yabancı,Türk Sporcu Var,TV+ Var,Yıllık,Sürekli Lig,Kanal/Yayın,İzleme,Takım,Jenerik,Türkçe,Long-tail,tk_kanal
new york knicks canlı izle,NBA,Basketbol,Lig,1. Seviye,Global Elit,Erkek,Kulüp,Takım Sporu,ABD,Yabancı,Türk Sporcu Var,TV+ Var,Yıllık,Sürekli Lig,Canlı İzle,İzleme,Takım,Jenerik,Türkçe,Long-tail,tk_izle
new york knicks fikstür,NBA,Basketbol,Lig,1. Seviye,Global Elit,Erkek,Kulüp,Takım Sporu,ABD,Yabancı,Türk Sporcu Var,TV+ Var,Yıllık,Sürekli Lig,Fikstür,Bilgi,Takım,Jenerik,Türkçe,Body,tk_fikstur
new york knicks puan durumu,NBA,Basketbol,Lig,1. Seviye,Global Elit,Erkek,Kulüp,Takım Sporu,ABD,Yabancı,Türk Sporcu Var,TV+ Var,Yıllık,Sürekli Lig,Puan Durumu,Bilgi,Takım,Jenerik,İngilizce,Long-tail,tk_pd
new york knicks kadro,NBA,Basketbol,Lig,1. Seviye,Global Elit,Erkek,Kulüp,Takım Sporu,ABD,Yabancı,Türk Sporcu Var,TV+ Var,Yıllık,Sürekli Lig,Kadro,Bilgi,Takım,Jenerik,İngilizce,Body,tk_kadro
new york knicks oyuncuları,NBA,Basketbol,Lig,1. Seviye,Global Elit,Erkek,Kulüp,Takım Sporu,ABD,Yabancı,Türk Sporcu Var,TV+ Var,Yıllık,Sürekli Lig,Kadro,Bilgi,Takım,Jenerik,Türkçe,Body,tk_oyuncu
new york knicks transfer,NBA,Basketbol,Lig,1. Seviye,Global Elit,Erkek,Kulüp,Takım Sporu,ABD,Yabancı,Türk Sporcu Var,TV+ Var,Yıllık,Sürekli Lig,Transfer,Bilgi,Takım,Jenerik,İngilizce,Body,tk_transfer
new york knicks,NBA,Basketbol,Lig,1. Seviye,Global Elit,Erkek,Kulüp,Takım Sporu,ABD,Yabancı,Türk Sporcu Var,TV+ Var,Yıllık,Sürekli Lig,Takım Jenerik,Bilgi,Takım,Jenerik,İngilizce,Body,tk_jen
vakıfbank maçı,Sultanlar Ligi,Voleybol,Lig,1. Seviye,Üst,Kadın,Kulüp,Takım Sporu,Türkiye,Yerli,Türk Takımı Var,Doğrulanacak,Yıllık,Sürekli Lig,Takım Maç Sorgusu,Bilgi,Takım,Jenerik,Türkçe,Head,tk_mac
vakıfbank maçları,Sultanlar Ligi,Voleybol,Lig,1. Seviye,Üst,Kadın,Kulüp,Takım Sporu,Türkiye,Yerli,Türk Takımı Var,Doğrulanacak,Yıllık,Sürekli Lig,Takım Maç Sorgusu,Bilgi,Takım,Jenerik,Türkçe,Head,tk_maclar
vakıfbank maçı ne zaman,Sultanlar Ligi,Voleybol,Lig,1. Seviye,Üst,Kadın,Kulüp,Takım Sporu,Türkiye,Yerli,Türk Takımı Var,Doğrulanacak,Yıllık,Sürekli Lig,Takvim/Saat,Bilgi,Takım,Jenerik,Türkçe,Body,tk_nezaman
vakıfbank maçı hangi kanalda,Sultanlar Ligi,Voleybol,Lig,1. Seviye,Üst,Kadın,Kulüp,Takım Sporu,Türkiye,Yerli,Türk Takımı Var,Doğrulanacak,Yıllık,Sürekli Lig,Kanal/Yayın,İzleme,Takım,Jenerik,Türkçe,Body,tk_kanal
vakıfbank canlı izle,Sultanlar Ligi,Voleybol,Lig,1. Seviye,Üst,Kadın,Kulüp,Takım Sporu,Türkiye,Yerli,Türk Takımı Var,Doğrulanacak,Yıllık,Sürekli Lig,Canlı İzle,İzleme,Takım,Jenerik,Türkçe,Body,tk_izle
vakıfbank fikstür,Sultanlar Ligi,Voleybol,Lig,1. Seviye,Üst,Kadın,Kulüp,Takım Sporu,Türkiye,Yerli,Türk Takımı Var,Doğrulanacak,Yıllık,Sürekli Lig,Fikstür,Bilgi,Takım,Jenerik,Türkçe,Head,tk_fikstur
vakıfbank puan durumu,Sultanlar Ligi,Voleybol,Lig,1. Seviye,Üst,Kadın,Kulüp,Takım Sporu,Türkiye,Yerli,Türk Takımı Var,Doğrulanacak,Yıllık,Sürekli Lig,Puan Durumu,Bilgi,Takım,Jenerik,Türkçe,Body,tk_pd
vakıfbank kadro,Sultanlar Ligi,Voleybol,Lig,1. Seviye,Üst,Kadın,Kulüp,Takım Sporu,Türkiye,Yerli,Türk Takımı Var,Doğrulanacak,Yıllık,Sürekli Lig,Kadro,Bilgi,Takım,Jenerik,Türkçe,Head,tk_kadro
vakıfbank oyuncuları,Sultanlar Ligi,Voleybol,Lig,1. Seviye,Üst,Kadın,Kulüp,Takım Sporu,Türkiye,Yerli,Türk Takımı Var,Doğrulanacak,Yıllık,Sürekli Lig,Kadro,Bilgi,Takım,Jenerik,Türkçe,Head,tk_oyuncu
vakıfbank transfer,Sultanlar Ligi,Voleybol,Lig,1. Seviye,Üst,Kadın,Kulüp,Takım Sporu,Türkiye,Yerli,Türk Takımı Var,Doğrulanacak,Yıllık,Sürekli Lig,Transfer,Bilgi,Takım,Jenerik,Türkçe,Head,tk_transfer
vakıfbank,Sultanlar Ligi,Voleybol,Lig,1. Seviye,Üst,Kadın,Kulüp,Takım Sporu,Türkiye,Yerli,Türk Takımı Var,Doğrulanacak,Yıllık,Sürekli Lig,Takım Jenerik,Bilgi,Takım,Jenerik,Türkçe,Head,tk_jen
fenerbahçe opet maçı,Sultanlar Ligi,Voleybol,Lig,1. Seviye,Üst,Kadın,Kulüp,Takım Sporu,Türkiye,Yerli,Türk Takımı Var,Doğrulanacak,Yıllık,Sürekli Lig,Takım Maç Sorgusu,Bilgi,Takım,Jenerik,Türkçe,Body,tk_mac
fenerbahçe opet maçları,Sultanlar Ligi,Voleybol,Lig,1. Seviye,Üst,Kadın,Kulüp,Takım Sporu,Türkiye,Yerli,Türk Takımı Var,Doğrulanacak,Yıllık,Sürekli Lig,Takım Maç Sorgusu,Bilgi,Takım,Jenerik,Türkçe,Body,tk_maclar
fenerbahçe opet maçı ne zaman,Sultanlar Ligi,Voleybol,Lig,1. Seviye,Üst,Kadın,Kulüp,Takım Sporu,Türkiye,Yerli,Türk Takımı Var,Doğrulanacak,Yıllık,Sürekli Lig,Takvim/Saat,Bilgi,Takım,Jenerik,Türkçe,Long-tail,tk_nezaman
fenerbahçe opet maçı hangi kanalda,Sultanlar Ligi,Voleybol,Lig,1. Seviye,Üst,Kadın,Kulüp,Takım Sporu,Türkiye,Yerli,Türk Takımı Var,Doğrulanacak,Yıllık,Sürekli Lig,Kanal/Yayın,İzleme,Takım,Jenerik,Türkçe,Long-tail,tk_kanal
fenerbahçe opet canlı izle,Sultanlar Ligi,Voleybol,Lig,1. Seviye,Üst,Kadın,Kulüp,Takım Sporu,Türkiye,Yerli,Türk Takımı Var,Doğrulanacak,Yıllık,Sürekli Lig,Canlı İzle,İzleme,Takım,Jenerik,Türkçe,Body,tk_izle
fenerbahçe opet fikstür,Sultanlar Ligi,Voleybol,Lig,1. Seviye,Üst,Kadın,Kulüp,Takım Sporu,Türkiye,Yerli,Türk Takımı Var,Doğrulanacak,Yıllık,Sürekli Lig,Fikstür,Bilgi,Takım,Jenerik,Türkçe,Body,tk_fikstur
fenerbahçe opet puan durumu,Sultanlar Ligi,Voleybol,Lig,1. Seviye,Üst,Kadın,Kulüp,Takım Sporu,Türkiye,Yerli,Türk Takımı Var,Doğrulanacak,Yıllık,Sürekli Lig,Puan Durumu,Bilgi,Takım,Jenerik,Türkçe,Body,tk_pd
fenerbahçe opet kadro,Sultanlar Ligi,Voleybol,Lig,1. Seviye,Üst,Kadın,Kulüp,Takım Sporu,Türkiye,Yerli,Türk Takımı Var,Doğrulanacak,Yıllık,Sürekli Lig,Kadro,Bilgi,Takım,Jenerik,Türkçe,Body,tk_kadro
fenerbahçe opet oyuncuları,Sultanlar Ligi,Voleybol,Lig,1. Seviye,Üst,Kadın,Kulüp,Takım Sporu,Türkiye,Yerli,Türk Takımı Var,Doğrulanacak,Yıllık,Sürekli Lig,Kadro,Bilgi,Takım,Jenerik,Türkçe,Body,tk_oyuncu
fenerbahçe opet transfer,Sultanlar Ligi,Voleybol,Lig,1. Seviye,Üst,Kadın,Kulüp,Takım Sporu,Türkiye,Yerli,Türk Takımı Var,Doğrulanacak,Yıllık,Sürekli Lig,Transfer,Bilgi,Takım,Jenerik,Türkçe,Body,tk_transfer
fenerbahçe opet,Sultanlar Ligi,Voleybol,Lig,1. Seviye,Üst,Kadın,Kulüp,Takım Sporu,Türkiye,Yerli,Türk Takımı Var,Doğrulanacak,Yıllık,Sürekli Lig,Takım Jenerik,Bilgi,Takım,Jenerik,Türkçe,Head,tk_jen
eczacıbaşı maçı,Sultanlar Ligi,Voleybol,Lig,1. Seviye,Üst,Kadın,Kulüp,Takım Sporu,Türkiye,Yerli,Türk Takımı Var,Doğrulanacak,Yıllık,Sürekli Lig,Takım Maç Sorgusu,Bilgi,Takım,Jenerik,Türkçe,Head,tk_mac
eczacıbaşı maçları,Sultanlar Ligi,Voleybol,Lig,1. Seviye,Üst,Kadın,Kulüp,Takım Sporu,Türkiye,Yerli,Türk Takımı Var,Doğrulanacak,Yıllık,Sürekli Lig,Takım Maç Sorgusu,Bilgi,Takım,Jenerik,Türkçe,Head,tk_maclar
eczacıbaşı maçı ne zaman,Sultanlar Ligi,Voleybol,Lig,1. Seviye,Üst,Kadın,Kulüp,Takım Sporu,Türkiye,Yerli,Türk Takımı Var,Doğrulanacak,Yıllık,Sürekli Lig,Takvim/Saat,Bilgi,Takım,Jenerik,Türkçe,Body,tk_nezaman
eczacıbaşı maçı hangi kanalda,Sultanlar Ligi,Voleybol,Lig,1. Seviye,Üst,Kadın,Kulüp,Takım Sporu,Türkiye,Yerli,Türk Takımı Var,Doğrulanacak,Yıllık,Sürekli Lig,Kanal/Yayın,İzleme,Takım,Jenerik,Türkçe,Body,tk_kanal
eczacıbaşı canlı izle,Sultanlar Ligi,Voleybol,Lig,1. Seviye,Üst,Kadın,Kulüp,Takım Sporu,Türkiye,Yerli,Türk Takımı Var,Doğrulanacak,Yıllık,Sürekli Lig,Canlı İzle,İzleme,Takım,Jenerik,Türkçe,Body,tk_izle
eczacıbaşı fikstür,Sultanlar Ligi,Voleybol,Lig,1. Seviye,Üst,Kadın,Kulüp,Takım Sporu,Türkiye,Yerli,Türk Takımı Var,Doğrulanacak,Yıllık,Sürekli Lig,Fikstür,Bilgi,Takım,Jenerik,Türkçe,Head,tk_fikstur
eczacıbaşı puan durumu,Sultanlar Ligi,Voleybol,Lig,1. Seviye,Üst,Kadın,Kulüp,Takım Sporu,Türkiye,Yerli,Türk Takımı Var,Doğrulanacak,Yıllık,Sürekli Lig,Puan Durumu,Bilgi,Takım,Jenerik,Türkçe,Body,tk_pd
eczacıbaşı kadro,Sultanlar Ligi,Voleybol,Lig,1. Seviye,Üst,Kadın,Kulüp,Takım Sporu,Türkiye,Yerli,Türk Takımı Var,Doğrulanacak,Yıllık,Sürekli Lig,Kadro,Bilgi,Takım,Jenerik,Türkçe,Head,tk_kadro
eczacıbaşı oyuncuları,Sultanlar Ligi,Voleybol,Lig,1. Seviye,Üst,Kadın,Kulüp,Takım Sporu,Türkiye,Yerli,Türk Takımı Var,Doğrulanacak,Yıllık,Sürekli Lig,Kadro,Bilgi,Takım,Jenerik,Türkçe,Head,tk_oyuncu
eczacıbaşı transfer,Sultanlar Ligi,Voleybol,Lig,1. Seviye,Üst,Kadın,Kulüp,Takım Sporu,Türkiye,Yerli,Türk Takımı Var,Doğrulanacak,Yıllık,Sürekli Lig,Transfer,Bilgi,Takım,Jenerik,Türkçe,Head,tk_transfer
eczacıbaşı,Sultanlar Ligi,Voleybol,Lig,1. Seviye,Üst,Kadın,Kulüp,Takım Sporu,Türkiye,Yerli,Türk Takımı Var,Doğrulanacak,Yıllık,Sürekli Lig,Takım Jenerik,Bilgi,Takım,Jenerik,Türkçe,Head,tk_jen
galatasaray daikin maçı,Sultanlar Ligi,Voleybol,Lig,1. Seviye,Üst,Kadın,Kulüp,Takım Sporu,Türkiye,Yerli,Türk Takımı Var,Doğrulanacak,Yıllık,Sürekli Lig,Takım Maç Sorgusu,Bilgi,Takım,Jenerik,Türkçe,Body,tk_mac
galatasaray daikin maçları,Sultanlar Ligi,Voleybol,Lig,1. Seviye,Üst,Kadın,Kulüp,Takım Sporu,Türkiye,Yerli,Türk Takımı Var,Doğrulanacak,Yıllık,Sürekli Lig,Takım Maç Sorgusu,Bilgi,Takım,Jenerik,Türkçe,Body,tk_maclar
galatasaray daikin maçı ne zaman,Sultanlar Ligi,Voleybol,Lig,1. Seviye,Üst,Kadın,Kulüp,Takım Sporu,Türkiye,Yerli,Türk Takımı Var,Doğrulanacak,Yıllık,Sürekli Lig,Takvim/Saat,Bilgi,Takım,Jenerik,Türkçe,Long-tail,tk_nezaman
galatasaray daikin maçı hangi kanalda,Sultanlar Ligi,Voleybol,Lig,1. Seviye,Üst,Kadın,Kulüp,Takım Sporu,Türkiye,Yerli,Türk Takımı Var,Doğrulanacak,Yıllık,Sürekli Lig,Kanal/Yayın,İzleme,Takım,Jenerik,Türkçe,Long-tail,tk_kanal
galatasaray daikin canlı izle,Sultanlar Ligi,Voleybol,Lig,1. Seviye,Üst,Kadın,Kulüp,Takım Sporu,Türkiye,Yerli,Türk Takımı Var,Doğrulanacak,Yıllık,Sürekli Lig,Canlı İzle,İzleme,Takım,Jenerik,Türkçe,Body,tk_izle
galatasaray daikin fikstür,Sultanlar Ligi,Voleybol,Lig,1. Seviye,Üst,Kadın,Kulüp,Takım Sporu,Türkiye,Yerli,Türk Takımı Var,Doğrulanacak,Yıllık,Sürekli Lig,Fikstür,Bilgi,Takım,Jenerik,Türkçe,Body,tk_fikstur
galatasaray daikin puan durumu,Sultanlar Ligi,Voleybol,Lig,1. Seviye,Üst,Kadın,Kulüp,Takım Sporu,Türkiye,Yerli,Türk Takımı Var,Doğrulanacak,Yıllık,Sürekli Lig,Puan Durumu,Bilgi,Takım,Jenerik,İngilizce,Body,tk_pd
galatasaray daikin kadro,Sultanlar Ligi,Voleybol,Lig,1. Seviye,Üst,Kadın,Kulüp,Takım Sporu,Türkiye,Yerli,Türk Takımı Var,Doğrulanacak,Yıllık,Sürekli Lig,Kadro,Bilgi,Takım,Jenerik,İngilizce,Body,tk_kadro
galatasaray daikin oyuncuları,Sultanlar Ligi,Voleybol,Lig,1. Seviye,Üst,Kadın,Kulüp,Takım Sporu,Türkiye,Yerli,Türk Takımı Var,Doğrulanacak,Yıllık,Sürekli Lig,Kadro,Bilgi,Takım,Jenerik,Türkçe,Body,tk_oyuncu
galatasaray daikin transfer,Sultanlar Ligi,Voleybol,Lig,1. Seviye,Üst,Kadın,Kulüp,Takım Sporu,Türkiye,Yerli,Türk Takımı Var,Doğrulanacak,Yıllık,Sürekli Lig,Transfer,Bilgi,Takım,Jenerik,İngilizce,Body,tk_transfer
galatasaray daikin,Sultanlar Ligi,Voleybol,Lig,1. Seviye,Üst,Kadın,Kulüp,Takım Sporu,Türkiye,Yerli,Türk Takımı Var,Doğrulanacak,Yıllık,Sürekli Lig,Takım Jenerik,Bilgi,Takım,Jenerik,İngilizce,Head,tk_jen
türk hava yolları voleybol maçı,Sultanlar Ligi,Voleybol,Lig,1. Seviye,Üst,Kadın,Kulüp,Takım Sporu,Türkiye,Yerli,Türk Takımı Var,Doğrulanacak,Yıllık,Sürekli Lig,Takım Maç Sorgusu,Bilgi,Takım,Jenerik,Türkçe,Long-tail,tk_mac
türk hava yolları voleybol maçları,Sultanlar Ligi,Voleybol,Lig,1. Seviye,Üst,Kadın,Kulüp,Takım Sporu,Türkiye,Yerli,Türk Takımı Var,Doğrulanacak,Yıllık,Sürekli Lig,Takım Maç Sorgusu,Bilgi,Takım,Jenerik,Türkçe,Long-tail,tk_maclar
türk hava yolları voleybol maçı ne zaman,Sultanlar Ligi,Voleybol,Lig,1. Seviye,Üst,Kadın,Kulüp,Takım Sporu,Türkiye,Yerli,Türk Takımı Var,Doğrulanacak,Yıllık,Sürekli Lig,Takvim/Saat,Bilgi,Takım,Jenerik,Türkçe,Long-tail,tk_nezaman
türk hava yolları voleybol maçı hangi kanalda,Sultanlar Ligi,Voleybol,Lig,1. Seviye,Üst,Kadın,Kulüp,Takım Sporu,Türkiye,Yerli,Türk Takımı Var,Doğrulanacak,Yıllık,Sürekli Lig,Kanal/Yayın,İzleme,Takım,Jenerik,Türkçe,Long-tail,tk_kanal
türk hava yolları voleybol canlı izle,Sultanlar Ligi,Voleybol,Lig,1. Seviye,Üst,Kadın,Kulüp,Takım Sporu,Türkiye,Yerli,Türk Takımı Var,Doğrulanacak,Yıllık,Sürekli Lig,Canlı İzle,İzleme,Takım,Jenerik,Türkçe,Long-tail,tk_izle
türk hava yolları voleybol fikstür,Sultanlar Ligi,Voleybol,Lig,1. Seviye,Üst,Kadın,Kulüp,Takım Sporu,Türkiye,Yerli,Türk Takımı Var,Doğrulanacak,Yıllık,Sürekli Lig,Fikstür,Bilgi,Takım,Jenerik,Türkçe,Long-tail,tk_fikstur
türk hava yolları voleybol puan durumu,Sultanlar Ligi,Voleybol,Lig,1. Seviye,Üst,Kadın,Kulüp,Takım Sporu,Türkiye,Yerli,Türk Takımı Var,Doğrulanacak,Yıllık,Sürekli Lig,Puan Durumu,Bilgi,Takım,Jenerik,Türkçe,Long-tail,tk_pd
türk hava yolları voleybol kadro,Sultanlar Ligi,Voleybol,Lig,1. Seviye,Üst,Kadın,Kulüp,Takım Sporu,Türkiye,Yerli,Türk Takımı Var,Doğrulanacak,Yıllık,Sürekli Lig,Kadro,Bilgi,Takım,Jenerik,Türkçe,Long-tail,tk_kadro
türk hava yolları voleybol oyuncuları,Sultanlar Ligi,Voleybol,Lig,1. Seviye,Üst,Kadın,Kulüp,Takım Sporu,Türkiye,Yerli,Türk Takımı Var,Doğrulanacak,Yıllık,Sürekli Lig,Kadro,Bilgi,Takım,Jenerik,Türkçe,Long-tail,tk_oyuncu
türk hava yolları voleybol transfer,Sultanlar Ligi,Voleybol,Lig,1. Seviye,Üst,Kadın,Kulüp,Takım Sporu,Türkiye,Yerli,Türk Takımı Var,Doğrulanacak,Yıllık,Sürekli Lig,Transfer,Bilgi,Takım,Jenerik,Türkçe,Long-tail,tk_transfer
türk hava yolları voleybol,Sultanlar Ligi,Voleybol,Lig,1. Seviye,Üst,Kadın,Kulüp,Takım Sporu,Türkiye,Yerli,Türk Takımı Var,Doğrulanacak,Yıllık,Sürekli Lig,Takım Jenerik,Bilgi,Takım,Jenerik,Türkçe,Body,tk_jen
galatasaray fenerbahçe,Süper Lig,Futbol,Lig,1. Seviye,Global Elit,Erkek,Kulüp,Takım Sporu,Türkiye,Yerli,Türk Takımı Var,TV+ Yok,Yıllık,Sürekli Lig,Rakip Eşleşmesi,Bilgi,Maç,Jenerik,Türkçe,Head,h2h
galatasaray fenerbahçe maçı,Süper Lig,Futbol,Lig,1. Seviye,Global Elit,Erkek,Kulüp,Takım Sporu,Türkiye,Yerli,Türk Takımı Var,TV+ Yok,Yıllık,Sürekli Lig,Rakip Eşleşmesi,Bilgi,Maç,Jenerik,Türkçe,Body,h2h_mac
galatasaray fenerbahçe canlı izle,Süper Lig,Futbol,Lig,1. Seviye,Global Elit,Erkek,Kulüp,Takım Sporu,Türkiye,Yerli,Türk Takımı Var,TV+ Yok,Yıllık,Sürekli Lig,Canlı İzle,İzleme,Maç,Jenerik,Türkçe,Body,h2h_izle
galatasaray fenerbahçe hangi kanalda,Süper Lig,Futbol,Lig,1. Seviye,Global Elit,Erkek,Kulüp,Takım Sporu,Türkiye,Yerli,Türk Takımı Var,TV+ Yok,Yıllık,Sürekli Lig,Kanal/Yayın,İzleme,Maç,Jenerik,Türkçe,Body,h2h_kanal
galatasaray fenerbahçe saat kaçta,Süper Lig,Futbol,Lig,1. Seviye,Global Elit,Erkek,Kulüp,Takım Sporu,Türkiye,Yerli,Türk Takımı Var,TV+ Yok,Yıllık,Sürekli Lig,Takvim/Saat,Bilgi,Maç,Jenerik,Türkçe,Body,h2h_saat
galatasaray fenerbahçe istatistikleri,Süper Lig,Futbol,Lig,1. Seviye,Global Elit,Erkek,Kulüp,Takım Sporu,Türkiye,Yerli,Türk Takımı Var,TV+ Yok,Yıllık,Sürekli Lig,İstatistik,Bilgi,Maç,Jenerik,Türkçe,Body,h2h_ist
galatasaray beşiktaş,Süper Lig,Futbol,Lig,1. Seviye,Global Elit,Erkek,Kulüp,Takım Sporu,Türkiye,Yerli,Türk Takımı Var,TV+ Yok,Yıllık,Sürekli Lig,Rakip Eşleşmesi,Bilgi,Maç,Jenerik,Türkçe,Head,h2h
galatasaray beşiktaş maçı,Süper Lig,Futbol,Lig,1. Seviye,Global Elit,Erkek,Kulüp,Takım Sporu,Türkiye,Yerli,Türk Takımı Var,TV+ Yok,Yıllık,Sürekli Lig,Rakip Eşleşmesi,Bilgi,Maç,Jenerik,Türkçe,Body,h2h_mac
galatasaray beşiktaş canlı izle,Süper Lig,Futbol,Lig,1. Seviye,Global Elit,Erkek,Kulüp,Takım Sporu,Türkiye,Yerli,Türk Takımı Var,TV+ Yok,Yıllık,Sürekli Lig,Canlı İzle,İzleme,Maç,Jenerik,Türkçe,Body,h2h_izle
galatasaray beşiktaş hangi kanalda,Süper Lig,Futbol,Lig,1. Seviye,Global Elit,Erkek,Kulüp,Takım Sporu,Türkiye,Yerli,Türk Takımı Var,TV+ Yok,Yıllık,Sürekli Lig,Kanal/Yayın,İzleme,Maç,Jenerik,Türkçe,Body,h2h_kanal
galatasaray beşiktaş saat kaçta,Süper Lig,Futbol,Lig,1. Seviye,Global Elit,Erkek,Kulüp,Takım Sporu,Türkiye,Yerli,Türk Takımı Var,TV+ Yok,Yıllık,Sürekli Lig,Takvim/Saat,Bilgi,Maç,Jenerik,Türkçe,Body,h2h_saat
galatasaray beşiktaş istatistikleri,Süper Lig,Futbol,Lig,1. Seviye,Global Elit,Erkek,Kulüp,Takım Sporu,Türkiye,Yerli,Türk Takımı Var,TV+ Yok,Yıllık,Sürekli Lig,İstatistik,Bilgi,Maç,Jenerik,Türkçe,Body,h2h_ist
galatasaray trabzonspor,Süper Lig,Futbol,Lig,1. Seviye,Global Elit,Erkek,Kulüp,Takım Sporu,Türkiye,Yerli,Türk Takımı Var,TV+ Yok,Yıllık,Sürekli Lig,Rakip Eşleşmesi,Bilgi,Maç,Jenerik,İngilizce,Head,h2h
galatasaray trabzonspor maçı,Süper Lig,Futbol,Lig,1. Seviye,Global Elit,Erkek,Kulüp,Takım Sporu,Türkiye,Yerli,Türk Takımı Var,TV+ Yok,Yıllık,Sürekli Lig,Rakip Eşleşmesi,Bilgi,Maç,Jenerik,Türkçe,Body,h2h_mac
galatasaray trabzonspor canlı izle,Süper Lig,Futbol,Lig,1. Seviye,Global Elit,Erkek,Kulüp,Takım Sporu,Türkiye,Yerli,Türk Takımı Var,TV+ Yok,Yıllık,Sürekli Lig,Canlı İzle,İzleme,Maç,Jenerik,Türkçe,Body,h2h_izle
galatasaray trabzonspor hangi kanalda,Süper Lig,Futbol,Lig,1. Seviye,Global Elit,Erkek,Kulüp,Takım Sporu,Türkiye,Yerli,Türk Takımı Var,TV+ Yok,Yıllık,Sürekli Lig,Kanal/Yayın,İzleme,Maç,Jenerik,İngilizce,Body,h2h_kanal
galatasaray trabzonspor saat kaçta,Süper Lig,Futbol,Lig,1. Seviye,Global Elit,Erkek,Kulüp,Takım Sporu,Türkiye,Yerli,Türk Takımı Var,TV+ Yok,Yıllık,Sürekli Lig,Takvim/Saat,Bilgi,Maç,Jenerik,Türkçe,Body,h2h_saat
galatasaray trabzonspor istatistikleri,Süper Lig,Futbol,Lig,1. Seviye,Global Elit,Erkek,Kulüp,Takım Sporu,Türkiye,Yerli,Türk Takımı Var,TV+ Yok,Yıllık,Sürekli Lig,İstatistik,Bilgi,Maç,Jenerik,İngilizce,Body,h2h_ist
galatasaray başakşehir,Süper Lig,Futbol,Lig,1. Seviye,Global Elit,Erkek,Kulüp,Takım Sporu,Türkiye,Yerli,Türk Takımı Var,TV+ Yok,Yıllık,Sürekli Lig,Rakip Eşleşmesi,Bilgi,Maç,Jenerik,Türkçe,Head,h2h
galatasaray başakşehir maçı,Süper Lig,Futbol,Lig,1. Seviye,Global Elit,Erkek,Kulüp,Takım Sporu,Türkiye,Yerli,Türk Takımı Var,TV+ Yok,Yıllık,Sürekli Lig,Rakip Eşleşmesi,Bilgi,Maç,Jenerik,Türkçe,Body,h2h_mac
galatasaray başakşehir canlı izle,Süper Lig,Futbol,Lig,1. Seviye,Global Elit,Erkek,Kulüp,Takım Sporu,Türkiye,Yerli,Türk Takımı Var,TV+ Yok,Yıllık,Sürekli Lig,Canlı İzle,İzleme,Maç,Jenerik,Türkçe,Body,h2h_izle
galatasaray başakşehir hangi kanalda,Süper Lig,Futbol,Lig,1. Seviye,Global Elit,Erkek,Kulüp,Takım Sporu,Türkiye,Yerli,Türk Takımı Var,TV+ Yok,Yıllık,Sürekli Lig,Kanal/Yayın,İzleme,Maç,Jenerik,Türkçe,Body,h2h_kanal
galatasaray başakşehir saat kaçta,Süper Lig,Futbol,Lig,1. Seviye,Global Elit,Erkek,Kulüp,Takım Sporu,Türkiye,Yerli,Türk Takımı Var,TV+ Yok,Yıllık,Sürekli Lig,Takvim/Saat,Bilgi,Maç,Jenerik,Türkçe,Body,h2h_saat
galatasaray başakşehir istatistikleri,Süper Lig,Futbol,Lig,1. Seviye,Global Elit,Erkek,Kulüp,Takım Sporu,Türkiye,Yerli,Türk Takımı Var,TV+ Yok,Yıllık,Sürekli Lig,İstatistik,Bilgi,Maç,Jenerik,Türkçe,Body,h2h_ist
galatasaray samsunspor,Süper Lig,Futbol,Lig,1. Seviye,Global Elit,Erkek,Kulüp,Takım Sporu,Türkiye,Yerli,Türk Takımı Var,TV+ Yok,Yıllık,Sürekli Lig,Rakip Eşleşmesi,Bilgi,Maç,Jenerik,İngilizce,Head,h2h
galatasaray samsunspor maçı,Süper Lig,Futbol,Lig,1. Seviye,Global Elit,Erkek,Kulüp,Takım Sporu,Türkiye,Yerli,Türk Takımı Var,TV+ Yok,Yıllık,Sürekli Lig,Rakip Eşleşmesi,Bilgi,Maç,Jenerik,Türkçe,Body,h2h_mac
galatasaray samsunspor canlı izle,Süper Lig,Futbol,Lig,1. Seviye,Global Elit,Erkek,Kulüp,Takım Sporu,Türkiye,Yerli,Türk Takımı Var,TV+ Yok,Yıllık,Sürekli Lig,Canlı İzle,İzleme,Maç,Jenerik,Türkçe,Body,h2h_izle
galatasaray samsunspor hangi kanalda,Süper Lig,Futbol,Lig,1. Seviye,Global Elit,Erkek,Kulüp,Takım Sporu,Türkiye,Yerli,Türk Takımı Var,TV+ Yok,Yıllık,Sürekli Lig,Kanal/Yayın,İzleme,Maç,Jenerik,İngilizce,Body,h2h_kanal
galatasaray samsunspor saat kaçta,Süper Lig,Futbol,Lig,1. Seviye,Global Elit,Erkek,Kulüp,Takım Sporu,Türkiye,Yerli,Türk Takımı Var,TV+ Yok,Yıllık,Sürekli Lig,Takvim/Saat,Bilgi,Maç,Jenerik,Türkçe,Body,h2h_saat
galatasaray samsunspor istatistikleri,Süper Lig,Futbol,Lig,1. Seviye,Global Elit,Erkek,Kulüp,Takım Sporu,Türkiye,Yerli,Türk Takımı Var,TV+ Yok,Yıllık,Sürekli Lig,İstatistik,Bilgi,Maç,Jenerik,İngilizce,Body,h2h_ist
galatasaray kocaelispor,Süper Lig,Futbol,Lig,1. Seviye,Global Elit,Erkek,Kulüp,Takım Sporu,Türkiye,Yerli,Türk Takımı Var,TV+ Yok,Yıllık,Sürekli Lig,Rakip Eşleşmesi,Bilgi,Maç,Jenerik,İngilizce,Head,h2h
galatasaray kocaelispor maçı,Süper Lig,Futbol,Lig,1. Seviye,Global Elit,Erkek,Kulüp,Takım Sporu,Türkiye,Yerli,Türk Takımı Var,TV+ Yok,Yıllık,Sürekli Lig,Rakip Eşleşmesi,Bilgi,Maç,Jenerik,Türkçe,Body,h2h_mac
galatasaray kocaelispor canlı izle,Süper Lig,Futbol,Lig,1. Seviye,Global Elit,Erkek,Kulüp,Takım Sporu,Türkiye,Yerli,Türk Takımı Var,TV+ Yok,Yıllık,Sürekli Lig,Canlı İzle,İzleme,Maç,Jenerik,Türkçe,Body,h2h_izle
galatasaray kocaelispor hangi kanalda,Süper Lig,Futbol,Lig,1. Seviye,Global Elit,Erkek,Kulüp,Takım Sporu,Türkiye,Yerli,Türk Takımı Var,TV+ Yok,Yıllık,Sürekli Lig,Kanal/Yayın,İzleme,Maç,Jenerik,İngilizce,Body,h2h_kanal
galatasaray kocaelispor saat kaçta,Süper Lig,Futbol,Lig,1. Seviye,Global Elit,Erkek,Kulüp,Takım Sporu,Türkiye,Yerli,Türk Takımı Var,TV+ Yok,Yıllık,Sürekli Lig,Takvim/Saat,Bilgi,Maç,Jenerik,Türkçe,Body,h2h_saat
galatasaray kocaelispor istatistikleri,Süper Lig,Futbol,Lig,1. Seviye,Global Elit,Erkek,Kulüp,Takım Sporu,Türkiye,Yerli,Türk Takımı Var,TV+ Yok,Yıllık,Sürekli Lig,İstatistik,Bilgi,Maç,Jenerik,İngilizce,Body,h2h_ist
galatasaray göztepe,Süper Lig,Futbol,Lig,1. Seviye,Global Elit,Erkek,Kulüp,Takım Sporu,Türkiye,Yerli,Türk Takımı Var,TV+ Yok,Yıllık,Sürekli Lig,Rakip Eşleşmesi,Bilgi,Maç,Jenerik,Türkçe,Head,h2h
galatasaray göztepe maçı,Süper Lig,Futbol,Lig,1. Seviye,Global Elit,Erkek,Kulüp,Takım Sporu,Türkiye,Yerli,Türk Takımı Var,TV+ Yok,Yıllık,Sürekli Lig,Rakip Eşleşmesi,Bilgi,Maç,Jenerik,Türkçe,Body,h2h_mac
galatasaray göztepe canlı izle,Süper Lig,Futbol,Lig,1. Seviye,Global Elit,Erkek,Kulüp,Takım Sporu,Türkiye,Yerli,Türk Takımı Var,TV+ Yok,Yıllık,Sürekli Lig,Canlı İzle,İzleme,Maç,Jenerik,Türkçe,Body,h2h_izle
galatasaray göztepe hangi kanalda,Süper Lig,Futbol,Lig,1. Seviye,Global Elit,Erkek,Kulüp,Takım Sporu,Türkiye,Yerli,Türk Takımı Var,TV+ Yok,Yıllık,Sürekli Lig,Kanal/Yayın,İzleme,Maç,Jenerik,Türkçe,Body,h2h_kanal
galatasaray göztepe saat kaçta,Süper Lig,Futbol,Lig,1. Seviye,Global Elit,Erkek,Kulüp,Takım Sporu,Türkiye,Yerli,Türk Takımı Var,TV+ Yok,Yıllık,Sürekli Lig,Takvim/Saat,Bilgi,Maç,Jenerik,Türkçe,Body,h2h_saat
galatasaray göztepe istatistikleri,Süper Lig,Futbol,Lig,1. Seviye,Global Elit,Erkek,Kulüp,Takım Sporu,Türkiye,Yerli,Türk Takımı Var,TV+ Yok,Yıllık,Sürekli Lig,İstatistik,Bilgi,Maç,Jenerik,Türkçe,Body,h2h_ist
fenerbahçe beşiktaş,Süper Lig,Futbol,Lig,1. Seviye,Global Elit,Erkek,Kulüp,Takım Sporu,Türkiye,Yerli,Türk Takımı Var,TV+ Yok,Yıllık,Sürekli Lig,Rakip Eşleşmesi,Bilgi,Maç,Jenerik,Türkçe,Head,h2h
fenerbahçe beşiktaş maçı,Süper Lig,Futbol,Lig,1. Seviye,Global Elit,Erkek,Kulüp,Takım Sporu,Türkiye,Yerli,Türk Takımı Var,TV+ Yok,Yıllık,Sürekli Lig,Rakip Eşleşmesi,Bilgi,Maç,Jenerik,Türkçe,Body,h2h_mac
fenerbahçe beşiktaş canlı izle,Süper Lig,Futbol,Lig,1. Seviye,Global Elit,Erkek,Kulüp,Takım Sporu,Türkiye,Yerli,Türk Takımı Var,TV+ Yok,Yıllık,Sürekli Lig,Canlı İzle,İzleme,Maç,Jenerik,Türkçe,Body,h2h_izle
fenerbahçe beşiktaş hangi kanalda,Süper Lig,Futbol,Lig,1. Seviye,Global Elit,Erkek,Kulüp,Takım Sporu,Türkiye,Yerli,Türk Takımı Var,TV+ Yok,Yıllık,Sürekli Lig,Kanal/Yayın,İzleme,Maç,Jenerik,Türkçe,Body,h2h_kanal
fenerbahçe beşiktaş saat kaçta,Süper Lig,Futbol,Lig,1. Seviye,Global Elit,Erkek,Kulüp,Takım Sporu,Türkiye,Yerli,Türk Takımı Var,TV+ Yok,Yıllık,Sürekli Lig,Takvim/Saat,Bilgi,Maç,Jenerik,Türkçe,Body,h2h_saat
fenerbahçe beşiktaş istatistikleri,Süper Lig,Futbol,Lig,1. Seviye,Global Elit,Erkek,Kulüp,Takım Sporu,Türkiye,Yerli,Türk Takımı Var,TV+ Yok,Yıllık,Sürekli Lig,İstatistik,Bilgi,Maç,Jenerik,Türkçe,Body,h2h_ist
fenerbahçe trabzonspor,Süper Lig,Futbol,Lig,1. Seviye,Global Elit,Erkek,Kulüp,Takım Sporu,Türkiye,Yerli,Türk Takımı Var,TV+ Yok,Yıllık,Sürekli Lig,Rakip Eşleşmesi,Bilgi,Maç,Jenerik,Türkçe,Head,h2h
fenerbahçe trabzonspor maçı,Süper Lig,Futbol,Lig,1. Seviye,Global Elit,Erkek,Kulüp,Takım Sporu,Türkiye,Yerli,Türk Takımı Var,TV+ Yok,Yıllık,Sürekli Lig,Rakip Eşleşmesi,Bilgi,Maç,Jenerik,Türkçe,Body,h2h_mac
fenerbahçe trabzonspor canlı izle,Süper Lig,Futbol,Lig,1. Seviye,Global Elit,Erkek,Kulüp,Takım Sporu,Türkiye,Yerli,Türk Takımı Var,TV+ Yok,Yıllık,Sürekli Lig,Canlı İzle,İzleme,Maç,Jenerik,Türkçe,Body,h2h_izle
fenerbahçe trabzonspor hangi kanalda,Süper Lig,Futbol,Lig,1. Seviye,Global Elit,Erkek,Kulüp,Takım Sporu,Türkiye,Yerli,Türk Takımı Var,TV+ Yok,Yıllık,Sürekli Lig,Kanal/Yayın,İzleme,Maç,Jenerik,Türkçe,Body,h2h_kanal
fenerbahçe trabzonspor saat kaçta,Süper Lig,Futbol,Lig,1. Seviye,Global Elit,Erkek,Kulüp,Takım Sporu,Türkiye,Yerli,Türk Takımı Var,TV+ Yok,Yıllık,Sürekli Lig,Takvim/Saat,Bilgi,Maç,Jenerik,Türkçe,Body,h2h_saat
fenerbahçe trabzonspor istatistikleri,Süper Lig,Futbol,Lig,1. Seviye,Global Elit,Erkek,Kulüp,Takım Sporu,Türkiye,Yerli,Türk Takımı Var,TV+ Yok,Yıllık,Sürekli Lig,İstatistik,Bilgi,Maç,Jenerik,Türkçe,Body,h2h_ist
fenerbahçe başakşehir,Süper Lig,Futbol,Lig,1. Seviye,Global Elit,Erkek,Kulüp,Takım Sporu,Türkiye,Yerli,Türk Takımı Var,TV+ Yok,Yıllık,Sürekli Lig,Rakip Eşleşmesi,Bilgi,Maç,Jenerik,Türkçe,Head,h2h
fenerbahçe başakşehir maçı,Süper Lig,Futbol,Lig,1. Seviye,Global Elit,Erkek,Kulüp,Takım Sporu,Türkiye,Yerli,Türk Takımı Var,TV+ Yok,Yıllık,Sürekli Lig,Rakip Eşleşmesi,Bilgi,Maç,Jenerik,Türkçe,Body,h2h_mac
fenerbahçe başakşehir canlı izle,Süper Lig,Futbol,Lig,1. Seviye,Global Elit,Erkek,Kulüp,Takım Sporu,Türkiye,Yerli,Türk Takımı Var,TV+ Yok,Yıllık,Sürekli Lig,Canlı İzle,İzleme,Maç,Jenerik,Türkçe,Body,h2h_izle
fenerbahçe başakşehir hangi kanalda,Süper Lig,Futbol,Lig,1. Seviye,Global Elit,Erkek,Kulüp,Takım Sporu,Türkiye,Yerli,Türk Takımı Var,TV+ Yok,Yıllık,Sürekli Lig,Kanal/Yayın,İzleme,Maç,Jenerik,Türkçe,Body,h2h_kanal
fenerbahçe başakşehir saat kaçta,Süper Lig,Futbol,Lig,1. Seviye,Global Elit,Erkek,Kulüp,Takım Sporu,Türkiye,Yerli,Türk Takımı Var,TV+ Yok,Yıllık,Sürekli Lig,Takvim/Saat,Bilgi,Maç,Jenerik,Türkçe,Body,h2h_saat
fenerbahçe başakşehir istatistikleri,Süper Lig,Futbol,Lig,1. Seviye,Global Elit,Erkek,Kulüp,Takım Sporu,Türkiye,Yerli,Türk Takımı Var,TV+ Yok,Yıllık,Sürekli Lig,İstatistik,Bilgi,Maç,Jenerik,Türkçe,Body,h2h_ist
fenerbahçe samsunspor,Süper Lig,Futbol,Lig,1. Seviye,Global Elit,Erkek,Kulüp,Takım Sporu,Türkiye,Yerli,Türk Takımı Var,TV+ Yok,Yıllık,Sürekli Lig,Rakip Eşleşmesi,Bilgi,Maç,Jenerik,Türkçe,Head,h2h
fenerbahçe samsunspor maçı,Süper Lig,Futbol,Lig,1. Seviye,Global Elit,Erkek,Kulüp,Takım Sporu,Türkiye,Yerli,Türk Takımı Var,TV+ Yok,Yıllık,Sürekli Lig,Rakip Eşleşmesi,Bilgi,Maç,Jenerik,Türkçe,Body,h2h_mac
fenerbahçe samsunspor canlı izle,Süper Lig,Futbol,Lig,1. Seviye,Global Elit,Erkek,Kulüp,Takım Sporu,Türkiye,Yerli,Türk Takımı Var,TV+ Yok,Yıllık,Sürekli Lig,Canlı İzle,İzleme,Maç,Jenerik,Türkçe,Body,h2h_izle
fenerbahçe samsunspor hangi kanalda,Süper Lig,Futbol,Lig,1. Seviye,Global Elit,Erkek,Kulüp,Takım Sporu,Türkiye,Yerli,Türk Takımı Var,TV+ Yok,Yıllık,Sürekli Lig,Kanal/Yayın,İzleme,Maç,Jenerik,Türkçe,Body,h2h_kanal
fenerbahçe samsunspor saat kaçta,Süper Lig,Futbol,Lig,1. Seviye,Global Elit,Erkek,Kulüp,Takım Sporu,Türkiye,Yerli,Türk Takımı Var,TV+ Yok,Yıllık,Sürekli Lig,Takvim/Saat,Bilgi,Maç,Jenerik,Türkçe,Body,h2h_saat
fenerbahçe samsunspor istatistikleri,Süper Lig,Futbol,Lig,1. Seviye,Global Elit,Erkek,Kulüp,Takım Sporu,Türkiye,Yerli,Türk Takımı Var,TV+ Yok,Yıllık,Sürekli Lig,İstatistik,Bilgi,Maç,Jenerik,Türkçe,Body,h2h_ist
fenerbahçe kocaelispor,Süper Lig,Futbol,Lig,1. Seviye,Global Elit,Erkek,Kulüp,Takım Sporu,Türkiye,Yerli,Türk Takımı Var,TV+ Yok,Yıllık,Sürekli Lig,Rakip Eşleşmesi,Bilgi,Maç,Jenerik,Türkçe,Head,h2h
fenerbahçe kocaelispor maçı,Süper Lig,Futbol,Lig,1. Seviye,Global Elit,Erkek,Kulüp,Takım Sporu,Türkiye,Yerli,Türk Takımı Var,TV+ Yok,Yıllık,Sürekli Lig,Rakip Eşleşmesi,Bilgi,Maç,Jenerik,Türkçe,Body,h2h_mac
fenerbahçe kocaelispor canlı izle,Süper Lig,Futbol,Lig,1. Seviye,Global Elit,Erkek,Kulüp,Takım Sporu,Türkiye,Yerli,Türk Takımı Var,TV+ Yok,Yıllık,Sürekli Lig,Canlı İzle,İzleme,Maç,Jenerik,Türkçe,Body,h2h_izle
fenerbahçe kocaelispor hangi kanalda,Süper Lig,Futbol,Lig,1. Seviye,Global Elit,Erkek,Kulüp,Takım Sporu,Türkiye,Yerli,Türk Takımı Var,TV+ Yok,Yıllık,Sürekli Lig,Kanal/Yayın,İzleme,Maç,Jenerik,Türkçe,Body,h2h_kanal
fenerbahçe kocaelispor saat kaçta,Süper Lig,Futbol,Lig,1. Seviye,Global Elit,Erkek,Kulüp,Takım Sporu,Türkiye,Yerli,Türk Takımı Var,TV+ Yok,Yıllık,Sürekli Lig,Takvim/Saat,Bilgi,Maç,Jenerik,Türkçe,Body,h2h_saat
fenerbahçe kocaelispor istatistikleri,Süper Lig,Futbol,Lig,1. Seviye,Global Elit,Erkek,Kulüp,Takım Sporu,Türkiye,Yerli,Türk Takımı Var,TV+ Yok,Yıllık,Sürekli Lig,İstatistik,Bilgi,Maç,Jenerik,Türkçe,Body,h2h_ist
fenerbahçe göztepe,Süper Lig,Futbol,Lig,1. Seviye,Global Elit,Erkek,Kulüp,Takım Sporu,Türkiye,Yerli,Türk Takımı Var,TV+ Yok,Yıllık,Sürekli Lig,Rakip Eşleşmesi,Bilgi,Maç,Jenerik,Türkçe,Head,h2h
fenerbahçe göztepe maçı,Süper Lig,Futbol,Lig,1. Seviye,Global Elit,Erkek,Kulüp,Takım Sporu,Türkiye,Yerli,Türk Takımı Var,TV+ Yok,Yıllık,Sürekli Lig,Rakip Eşleşmesi,Bilgi,Maç,Jenerik,Türkçe,Body,h2h_mac
fenerbahçe göztepe canlı izle,Süper Lig,Futbol,Lig,1. Seviye,Global Elit,Erkek,Kulüp,Takım Sporu,Türkiye,Yerli,Türk Takımı Var,TV+ Yok,Yıllık,Sürekli Lig,Canlı İzle,İzleme,Maç,Jenerik,Türkçe,Body,h2h_izle
fenerbahçe göztepe hangi kanalda,Süper Lig,Futbol,Lig,1. Seviye,Global Elit,Erkek,Kulüp,Takım Sporu,Türkiye,Yerli,Türk Takımı Var,TV+ Yok,Yıllık,Sürekli Lig,Kanal/Yayın,İzleme,Maç,Jenerik,Türkçe,Body,h2h_kanal
fenerbahçe göztepe saat kaçta,Süper Lig,Futbol,Lig,1. Seviye,Global Elit,Erkek,Kulüp,Takım Sporu,Türkiye,Yerli,Türk Takımı Var,TV+ Yok,Yıllık,Sürekli Lig,Takvim/Saat,Bilgi,Maç,Jenerik,Türkçe,Body,h2h_saat
fenerbahçe göztepe istatistikleri,Süper Lig,Futbol,Lig,1. Seviye,Global Elit,Erkek,Kulüp,Takım Sporu,Türkiye,Yerli,Türk Takımı Var,TV+ Yok,Yıllık,Sürekli Lig,İstatistik,Bilgi,Maç,Jenerik,Türkçe,Body,h2h_ist
beşiktaş trabzonspor,Süper Lig,Futbol,Lig,1. Seviye,Global Elit,Erkek,Kulüp,Takım Sporu,Türkiye,Yerli,Türk Takımı Var,TV+ Yok,Yıllık,Sürekli Lig,Rakip Eşleşmesi,Bilgi,Maç,Jenerik,Türkçe,Head,h2h
beşiktaş trabzonspor maçı,Süper Lig,Futbol,Lig,1. Seviye,Global Elit,Erkek,Kulüp,Takım Sporu,Türkiye,Yerli,Türk Takımı Var,TV+ Yok,Yıllık,Sürekli Lig,Rakip Eşleşmesi,Bilgi,Maç,Jenerik,Türkçe,Body,h2h_mac
beşiktaş trabzonspor canlı izle,Süper Lig,Futbol,Lig,1. Seviye,Global Elit,Erkek,Kulüp,Takım Sporu,Türkiye,Yerli,Türk Takımı Var,TV+ Yok,Yıllık,Sürekli Lig,Canlı İzle,İzleme,Maç,Jenerik,Türkçe,Body,h2h_izle
beşiktaş trabzonspor hangi kanalda,Süper Lig,Futbol,Lig,1. Seviye,Global Elit,Erkek,Kulüp,Takım Sporu,Türkiye,Yerli,Türk Takımı Var,TV+ Yok,Yıllık,Sürekli Lig,Kanal/Yayın,İzleme,Maç,Jenerik,Türkçe,Body,h2h_kanal
beşiktaş trabzonspor saat kaçta,Süper Lig,Futbol,Lig,1. Seviye,Global Elit,Erkek,Kulüp,Takım Sporu,Türkiye,Yerli,Türk Takımı Var,TV+ Yok,Yıllık,Sürekli Lig,Takvim/Saat,Bilgi,Maç,Jenerik,Türkçe,Body,h2h_saat
beşiktaş trabzonspor istatistikleri,Süper Lig,Futbol,Lig,1. Seviye,Global Elit,Erkek,Kulüp,Takım Sporu,Türkiye,Yerli,Türk Takımı Var,TV+ Yok,Yıllık,Sürekli Lig,İstatistik,Bilgi,Maç,Jenerik,Türkçe,Body,h2h_ist
beşiktaş başakşehir,Süper Lig,Futbol,Lig,1. Seviye,Global Elit,Erkek,Kulüp,Takım Sporu,Türkiye,Yerli,Türk Takımı Var,TV+ Yok,Yıllık,Sürekli Lig,Rakip Eşleşmesi,Bilgi,Maç,Jenerik,Türkçe,Head,h2h
beşiktaş başakşehir maçı,Süper Lig,Futbol,Lig,1. Seviye,Global Elit,Erkek,Kulüp,Takım Sporu,Türkiye,Yerli,Türk Takımı Var,TV+ Yok,Yıllık,Sürekli Lig,Rakip Eşleşmesi,Bilgi,Maç,Jenerik,Türkçe,Body,h2h_mac
beşiktaş başakşehir canlı izle,Süper Lig,Futbol,Lig,1. Seviye,Global Elit,Erkek,Kulüp,Takım Sporu,Türkiye,Yerli,Türk Takımı Var,TV+ Yok,Yıllık,Sürekli Lig,Canlı İzle,İzleme,Maç,Jenerik,Türkçe,Body,h2h_izle
beşiktaş başakşehir hangi kanalda,Süper Lig,Futbol,Lig,1. Seviye,Global Elit,Erkek,Kulüp,Takım Sporu,Türkiye,Yerli,Türk Takımı Var,TV+ Yok,Yıllık,Sürekli Lig,Kanal/Yayın,İzleme,Maç,Jenerik,Türkçe,Body,h2h_kanal
beşiktaş başakşehir saat kaçta,Süper Lig,Futbol,Lig,1. Seviye,Global Elit,Erkek,Kulüp,Takım Sporu,Türkiye,Yerli,Türk Takımı Var,TV+ Yok,Yıllık,Sürekli Lig,Takvim/Saat,Bilgi,Maç,Jenerik,Türkçe,Body,h2h_saat
beşiktaş başakşehir istatistikleri,Süper Lig,Futbol,Lig,1. Seviye,Global Elit,Erkek,Kulüp,Takım Sporu,Türkiye,Yerli,Türk Takımı Var,TV+ Yok,Yıllık,Sürekli Lig,İstatistik,Bilgi,Maç,Jenerik,Türkçe,Body,h2h_ist
beşiktaş samsunspor,Süper Lig,Futbol,Lig,1. Seviye,Global Elit,Erkek,Kulüp,Takım Sporu,Türkiye,Yerli,Türk Takımı Var,TV+ Yok,Yıllık,Sürekli Lig,Rakip Eşleşmesi,Bilgi,Maç,Jenerik,Türkçe,Head,h2h
beşiktaş samsunspor maçı,Süper Lig,Futbol,Lig,1. Seviye,Global Elit,Erkek,Kulüp,Takım Sporu,Türkiye,Yerli,Türk Takımı Var,TV+ Yok,Yıllık,Sürekli Lig,Rakip Eşleşmesi,Bilgi,Maç,Jenerik,Türkçe,Body,h2h_mac
beşiktaş samsunspor canlı izle,Süper Lig,Futbol,Lig,1. Seviye,Global Elit,Erkek,Kulüp,Takım Sporu,Türkiye,Yerli,Türk Takımı Var,TV+ Yok,Yıllık,Sürekli Lig,Canlı İzle,İzleme,Maç,Jenerik,Türkçe,Body,h2h_izle
beşiktaş samsunspor hangi kanalda,Süper Lig,Futbol,Lig,1. Seviye,Global Elit,Erkek,Kulüp,Takım Sporu,Türkiye,Yerli,Türk Takımı Var,TV+ Yok,Yıllık,Sürekli Lig,Kanal/Yayın,İzleme,Maç,Jenerik,Türkçe,Body,h2h_kanal
beşiktaş samsunspor saat kaçta,Süper Lig,Futbol,Lig,1. Seviye,Global Elit,Erkek,Kulüp,Takım Sporu,Türkiye,Yerli,Türk Takımı Var,TV+ Yok,Yıllık,Sürekli Lig,Takvim/Saat,Bilgi,Maç,Jenerik,Türkçe,Body,h2h_saat
beşiktaş samsunspor istatistikleri,Süper Lig,Futbol,Lig,1. Seviye,Global Elit,Erkek,Kulüp,Takım Sporu,Türkiye,Yerli,Türk Takımı Var,TV+ Yok,Yıllık,Sürekli Lig,İstatistik,Bilgi,Maç,Jenerik,Türkçe,Body,h2h_ist
beşiktaş kocaelispor,Süper Lig,Futbol,Lig,1. Seviye,Global Elit,Erkek,Kulüp,Takım Sporu,Türkiye,Yerli,Türk Takımı Var,TV+ Yok,Yıllık,Sürekli Lig,Rakip Eşleşmesi,Bilgi,Maç,Jenerik,Türkçe,Head,h2h
beşiktaş kocaelispor maçı,Süper Lig,Futbol,Lig,1. Seviye,Global Elit,Erkek,Kulüp,Takım Sporu,Türkiye,Yerli,Türk Takımı Var,TV+ Yok,Yıllık,Sürekli Lig,Rakip Eşleşmesi,Bilgi,Maç,Jenerik,Türkçe,Body,h2h_mac
beşiktaş kocaelispor canlı izle,Süper Lig,Futbol,Lig,1. Seviye,Global Elit,Erkek,Kulüp,Takım Sporu,Türkiye,Yerli,Türk Takımı Var,TV+ Yok,Yıllık,Sürekli Lig,Canlı İzle,İzleme,Maç,Jenerik,Türkçe,Body,h2h_izle
beşiktaş kocaelispor hangi kanalda,Süper Lig,Futbol,Lig,1. Seviye,Global Elit,Erkek,Kulüp,Takım Sporu,Türkiye,Yerli,Türk Takımı Var,TV+ Yok,Yıllık,Sürekli Lig,Kanal/Yayın,İzleme,Maç,Jenerik,Türkçe,Body,h2h_kanal
beşiktaş kocaelispor saat kaçta,Süper Lig,Futbol,Lig,1. Seviye,Global Elit,Erkek,Kulüp,Takım Sporu,Türkiye,Yerli,Türk Takımı Var,TV+ Yok,Yıllık,Sürekli Lig,Takvim/Saat,Bilgi,Maç,Jenerik,Türkçe,Body,h2h_saat
beşiktaş kocaelispor istatistikleri,Süper Lig,Futbol,Lig,1. Seviye,Global Elit,Erkek,Kulüp,Takım Sporu,Türkiye,Yerli,Türk Takımı Var,TV+ Yok,Yıllık,Sürekli Lig,İstatistik,Bilgi,Maç,Jenerik,Türkçe,Body,h2h_ist
beşiktaş göztepe,Süper Lig,Futbol,Lig,1. Seviye,Global Elit,Erkek,Kulüp,Takım Sporu,Türkiye,Yerli,Türk Takımı Var,TV+ Yok,Yıllık,Sürekli Lig,Rakip Eşleşmesi,Bilgi,Maç,Jenerik,Türkçe,Head,h2h
beşiktaş göztepe maçı,Süper Lig,Futbol,Lig,1. Seviye,Global Elit,Erkek,Kulüp,Takım Sporu,Türkiye,Yerli,Türk Takımı Var,TV+ Yok,Yıllık,Sürekli Lig,Rakip Eşleşmesi,Bilgi,Maç,Jenerik,Türkçe,Body,h2h_mac
beşiktaş göztepe canlı izle,Süper Lig,Futbol,Lig,1. Seviye,Global Elit,Erkek,Kulüp,Takım Sporu,Türkiye,Yerli,Türk Takımı Var,TV+ Yok,Yıllık,Sürekli Lig,Canlı İzle,İzleme,Maç,Jenerik,Türkçe,Body,h2h_izle
beşiktaş göztepe hangi kanalda,Süper Lig,Futbol,Lig,1. Seviye,Global Elit,Erkek,Kulüp,Takım Sporu,Türkiye,Yerli,Türk Takımı Var,TV+ Yok,Yıllık,Sürekli Lig,Kanal/Yayın,İzleme,Maç,Jenerik,Türkçe,Body,h2h_kanal
beşiktaş göztepe saat kaçta,Süper Lig,Futbol,Lig,1. Seviye,Global Elit,Erkek,Kulüp,Takım Sporu,Türkiye,Yerli,Türk Takımı Var,TV+ Yok,Yıllık,Sürekli Lig,Takvim/Saat,Bilgi,Maç,Jenerik,Türkçe,Body,h2h_saat
beşiktaş göztepe istatistikleri,Süper Lig,Futbol,Lig,1. Seviye,Global Elit,Erkek,Kulüp,Takım Sporu,Türkiye,Yerli,Türk Takımı Var,TV+ Yok,Yıllık,Sürekli Lig,İstatistik,Bilgi,Maç,Jenerik,Türkçe,Body,h2h_ist
trabzonspor başakşehir,Süper Lig,Futbol,Lig,1. Seviye,Global Elit,Erkek,Kulüp,Takım Sporu,Türkiye,Yerli,Türk Takımı Var,TV+ Yok,Yıllık,Sürekli Lig,Rakip Eşleşmesi,Bilgi,Maç,Jenerik,Türkçe,Head,h2h
trabzonspor başakşehir maçı,Süper Lig,Futbol,Lig,1. Seviye,Global Elit,Erkek,Kulüp,Takım Sporu,Türkiye,Yerli,Türk Takımı Var,TV+ Yok,Yıllık,Sürekli Lig,Rakip Eşleşmesi,Bilgi,Maç,Jenerik,Türkçe,Body,h2h_mac
trabzonspor başakşehir canlı izle,Süper Lig,Futbol,Lig,1. Seviye,Global Elit,Erkek,Kulüp,Takım Sporu,Türkiye,Yerli,Türk Takımı Var,TV+ Yok,Yıllık,Sürekli Lig,Canlı İzle,İzleme,Maç,Jenerik,Türkçe,Body,h2h_izle
trabzonspor başakşehir hangi kanalda,Süper Lig,Futbol,Lig,1. Seviye,Global Elit,Erkek,Kulüp,Takım Sporu,Türkiye,Yerli,Türk Takımı Var,TV+ Yok,Yıllık,Sürekli Lig,Kanal/Yayın,İzleme,Maç,Jenerik,Türkçe,Body,h2h_kanal
trabzonspor başakşehir saat kaçta,Süper Lig,Futbol,Lig,1. Seviye,Global Elit,Erkek,Kulüp,Takım Sporu,Türkiye,Yerli,Türk Takımı Var,TV+ Yok,Yıllık,Sürekli Lig,Takvim/Saat,Bilgi,Maç,Jenerik,Türkçe,Body,h2h_saat
trabzonspor başakşehir istatistikleri,Süper Lig,Futbol,Lig,1. Seviye,Global Elit,Erkek,Kulüp,Takım Sporu,Türkiye,Yerli,Türk Takımı Var,TV+ Yok,Yıllık,Sürekli Lig,İstatistik,Bilgi,Maç,Jenerik,Türkçe,Body,h2h_ist
trabzonspor samsunspor,Süper Lig,Futbol,Lig,1. Seviye,Global Elit,Erkek,Kulüp,Takım Sporu,Türkiye,Yerli,Türk Takımı Var,TV+ Yok,Yıllık,Sürekli Lig,Rakip Eşleşmesi,Bilgi,Maç,Jenerik,İngilizce,Head,h2h
trabzonspor samsunspor maçı,Süper Lig,Futbol,Lig,1. Seviye,Global Elit,Erkek,Kulüp,Takım Sporu,Türkiye,Yerli,Türk Takımı Var,TV+ Yok,Yıllık,Sürekli Lig,Rakip Eşleşmesi,Bilgi,Maç,Jenerik,Türkçe,Body,h2h_mac
trabzonspor samsunspor canlı izle,Süper Lig,Futbol,Lig,1. Seviye,Global Elit,Erkek,Kulüp,Takım Sporu,Türkiye,Yerli,Türk Takımı Var,TV+ Yok,Yıllık,Sürekli Lig,Canlı İzle,İzleme,Maç,Jenerik,Türkçe,Body,h2h_izle
trabzonspor samsunspor hangi kanalda,Süper Lig,Futbol,Lig,1. Seviye,Global Elit,Erkek,Kulüp,Takım Sporu,Türkiye,Yerli,Türk Takımı Var,TV+ Yok,Yıllık,Sürekli Lig,Kanal/Yayın,İzleme,Maç,Jenerik,İngilizce,Body,h2h_kanal
trabzonspor samsunspor saat kaçta,Süper Lig,Futbol,Lig,1. Seviye,Global Elit,Erkek,Kulüp,Takım Sporu,Türkiye,Yerli,Türk Takımı Var,TV+ Yok,Yıllık,Sürekli Lig,Takvim/Saat,Bilgi,Maç,Jenerik,Türkçe,Body,h2h_saat
trabzonspor samsunspor istatistikleri,Süper Lig,Futbol,Lig,1. Seviye,Global Elit,Erkek,Kulüp,Takım Sporu,Türkiye,Yerli,Türk Takımı Var,TV+ Yok,Yıllık,Sürekli Lig,İstatistik,Bilgi,Maç,Jenerik,İngilizce,Body,h2h_ist
trabzonspor kocaelispor,Süper Lig,Futbol,Lig,1. Seviye,Global Elit,Erkek,Kulüp,Takım Sporu,Türkiye,Yerli,Türk Takımı Var,TV+ Yok,Yıllık,Sürekli Lig,Rakip Eşleşmesi,Bilgi,Maç,Jenerik,İngilizce,Head,h2h
trabzonspor kocaelispor maçı,Süper Lig,Futbol,Lig,1. Seviye,Global Elit,Erkek,Kulüp,Takım Sporu,Türkiye,Yerli,Türk Takımı Var,TV+ Yok,Yıllık,Sürekli Lig,Rakip Eşleşmesi,Bilgi,Maç,Jenerik,Türkçe,Body,h2h_mac
trabzonspor kocaelispor canlı izle,Süper Lig,Futbol,Lig,1. Seviye,Global Elit,Erkek,Kulüp,Takım Sporu,Türkiye,Yerli,Türk Takımı Var,TV+ Yok,Yıllık,Sürekli Lig,Canlı İzle,İzleme,Maç,Jenerik,Türkçe,Body,h2h_izle
trabzonspor kocaelispor hangi kanalda,Süper Lig,Futbol,Lig,1. Seviye,Global Elit,Erkek,Kulüp,Takım Sporu,Türkiye,Yerli,Türk Takımı Var,TV+ Yok,Yıllık,Sürekli Lig,Kanal/Yayın,İzleme,Maç,Jenerik,İngilizce,Body,h2h_kanal
trabzonspor kocaelispor saat kaçta,Süper Lig,Futbol,Lig,1. Seviye,Global Elit,Erkek,Kulüp,Takım Sporu,Türkiye,Yerli,Türk Takımı Var,TV+ Yok,Yıllık,Sürekli Lig,Takvim/Saat,Bilgi,Maç,Jenerik,Türkçe,Body,h2h_saat
trabzonspor kocaelispor istatistikleri,Süper Lig,Futbol,Lig,1. Seviye,Global Elit,Erkek,Kulüp,Takım Sporu,Türkiye,Yerli,Türk Takımı Var,TV+ Yok,Yıllık,Sürekli Lig,İstatistik,Bilgi,Maç,Jenerik,İngilizce,Body,h2h_ist
trabzonspor göztepe,Süper Lig,Futbol,Lig,1. Seviye,Global Elit,Erkek,Kulüp,Takım Sporu,Türkiye,Yerli,Türk Takımı Var,TV+ Yok,Yıllık,Sürekli Lig,Rakip Eşleşmesi,Bilgi,Maç,Jenerik,Türkçe,Head,h2h
trabzonspor göztepe maçı,Süper Lig,Futbol,Lig,1. Seviye,Global Elit,Erkek,Kulüp,Takım Sporu,Türkiye,Yerli,Türk Takımı Var,TV+ Yok,Yıllık,Sürekli Lig,Rakip Eşleşmesi,Bilgi,Maç,Jenerik,Türkçe,Body,h2h_mac
trabzonspor göztepe canlı izle,Süper Lig,Futbol,Lig,1. Seviye,Global Elit,Erkek,Kulüp,Takım Sporu,Türkiye,Yerli,Türk Takımı Var,TV+ Yok,Yıllık,Sürekli Lig,Canlı İzle,İzleme,Maç,Jenerik,Türkçe,Body,h2h_izle
trabzonspor göztepe hangi kanalda,Süper Lig,Futbol,Lig,1. Seviye,Global Elit,Erkek,Kulüp,Takım Sporu,Türkiye,Yerli,Türk Takımı Var,TV+ Yok,Yıllık,Sürekli Lig,Kanal/Yayın,İzleme,Maç,Jenerik,Türkçe,Body,h2h_kanal
trabzonspor göztepe saat kaçta,Süper Lig,Futbol,Lig,1. Seviye,Global Elit,Erkek,Kulüp,Takım Sporu,Türkiye,Yerli,Türk Takımı Var,TV+ Yok,Yıllık,Sürekli Lig,Takvim/Saat,Bilgi,Maç,Jenerik,Türkçe,Body,h2h_saat
trabzonspor göztepe istatistikleri,Süper Lig,Futbol,Lig,1. Seviye,Global Elit,Erkek,Kulüp,Takım Sporu,Türkiye,Yerli,Türk Takımı Var,TV+ Yok,Yıllık,Sürekli Lig,İstatistik,Bilgi,Maç,Jenerik,Türkçe,Body,h2h_ist
başakşehir samsunspor,Süper Lig,Futbol,Lig,1. Seviye,Global Elit,Erkek,Kulüp,Takım Sporu,Türkiye,Yerli,Türk Takımı Var,TV+ Yok,Yıllık,Sürekli Lig,Rakip Eşleşmesi,Bilgi,Maç,Jenerik,Türkçe,Head,h2h
başakşehir samsunspor maçı,Süper Lig,Futbol,Lig,1. Seviye,Global Elit,Erkek,Kulüp,Takım Sporu,Türkiye,Yerli,Türk Takımı Var,TV+ Yok,Yıllık,Sürekli Lig,Rakip Eşleşmesi,Bilgi,Maç,Jenerik,Türkçe,Body,h2h_mac
başakşehir samsunspor canlı izle,Süper Lig,Futbol,Lig,1. Seviye,Global Elit,Erkek,Kulüp,Takım Sporu,Türkiye,Yerli,Türk Takımı Var,TV+ Yok,Yıllık,Sürekli Lig,Canlı İzle,İzleme,Maç,Jenerik,Türkçe,Body,h2h_izle
başakşehir samsunspor hangi kanalda,Süper Lig,Futbol,Lig,1. Seviye,Global Elit,Erkek,Kulüp,Takım Sporu,Türkiye,Yerli,Türk Takımı Var,TV+ Yok,Yıllık,Sürekli Lig,Kanal/Yayın,İzleme,Maç,Jenerik,Türkçe,Body,h2h_kanal
başakşehir samsunspor saat kaçta,Süper Lig,Futbol,Lig,1. Seviye,Global Elit,Erkek,Kulüp,Takım Sporu,Türkiye,Yerli,Türk Takımı Var,TV+ Yok,Yıllık,Sürekli Lig,Takvim/Saat,Bilgi,Maç,Jenerik,Türkçe,Body,h2h_saat
başakşehir samsunspor istatistikleri,Süper Lig,Futbol,Lig,1. Seviye,Global Elit,Erkek,Kulüp,Takım Sporu,Türkiye,Yerli,Türk Takımı Var,TV+ Yok,Yıllık,Sürekli Lig,İstatistik,Bilgi,Maç,Jenerik,Türkçe,Body,h2h_ist
başakşehir kocaelispor,Süper Lig,Futbol,Lig,1. Seviye,Global Elit,Erkek,Kulüp,Takım Sporu,Türkiye,Yerli,Türk Takımı Var,TV+ Yok,Yıllık,Sürekli Lig,Rakip Eşleşmesi,Bilgi,Maç,Jenerik,Türkçe,Head,h2h
başakşehir kocaelispor maçı,Süper Lig,Futbol,Lig,1. Seviye,Global Elit,Erkek,Kulüp,Takım Sporu,Türkiye,Yerli,Türk Takımı Var,TV+ Yok,Yıllık,Sürekli Lig,Rakip Eşleşmesi,Bilgi,Maç,Jenerik,Türkçe,Body,h2h_mac
başakşehir kocaelispor canlı izle,Süper Lig,Futbol,Lig,1. Seviye,Global Elit,Erkek,Kulüp,Takım Sporu,Türkiye,Yerli,Türk Takımı Var,TV+ Yok,Yıllık,Sürekli Lig,Canlı İzle,İzleme,Maç,Jenerik,Türkçe,Body,h2h_izle
başakşehir kocaelispor hangi kanalda,Süper Lig,Futbol,Lig,1. Seviye,Global Elit,Erkek,Kulüp,Takım Sporu,Türkiye,Yerli,Türk Takımı Var,TV+ Yok,Yıllık,Sürekli Lig,Kanal/Yayın,İzleme,Maç,Jenerik,Türkçe,Body,h2h_kanal
başakşehir kocaelispor saat kaçta,Süper Lig,Futbol,Lig,1. Seviye,Global Elit,Erkek,Kulüp,Takım Sporu,Türkiye,Yerli,Türk Takımı Var,TV+ Yok,Yıllık,Sürekli Lig,Takvim/Saat,Bilgi,Maç,Jenerik,Türkçe,Body,h2h_saat
başakşehir kocaelispor istatistikleri,Süper Lig,Futbol,Lig,1. Seviye,Global Elit,Erkek,Kulüp,Takım Sporu,Türkiye,Yerli,Türk Takımı Var,TV+ Yok,Yıllık,Sürekli Lig,İstatistik,Bilgi,Maç,Jenerik,Türkçe,Body,h2h_ist
başakşehir göztepe,Süper Lig,Futbol,Lig,1. Seviye,Global Elit,Erkek,Kulüp,Takım Sporu,Türkiye,Yerli,Türk Takımı Var,TV+ Yok,Yıllık,Sürekli Lig,Rakip Eşleşmesi,Bilgi,Maç,Jenerik,Türkçe,Head,h2h
başakşehir göztepe maçı,Süper Lig,Futbol,Lig,1. Seviye,Global Elit,Erkek,Kulüp,Takım Sporu,Türkiye,Yerli,Türk Takımı Var,TV+ Yok,Yıllık,Sürekli Lig,Rakip Eşleşmesi,Bilgi,Maç,Jenerik,Türkçe,Body,h2h_mac
başakşehir göztepe canlı izle,Süper Lig,Futbol,Lig,1. Seviye,Global Elit,Erkek,Kulüp,Takım Sporu,Türkiye,Yerli,Türk Takımı Var,TV+ Yok,Yıllık,Sürekli Lig,Canlı İzle,İzleme,Maç,Jenerik,Türkçe,Body,h2h_izle
başakşehir göztepe hangi kanalda,Süper Lig,Futbol,Lig,1. Seviye,Global Elit,Erkek,Kulüp,Takım Sporu,Türkiye,Yerli,Türk Takımı Var,TV+ Yok,Yıllık,Sürekli Lig,Kanal/Yayın,İzleme,Maç,Jenerik,Türkçe,Body,h2h_kanal
başakşehir göztepe saat kaçta,Süper Lig,Futbol,Lig,1. Seviye,Global Elit,Erkek,Kulüp,Takım Sporu,Türkiye,Yerli,Türk Takımı Var,TV+ Yok,Yıllık,Sürekli Lig,Takvim/Saat,Bilgi,Maç,Jenerik,Türkçe,Body,h2h_saat
başakşehir göztepe istatistikleri,Süper Lig,Futbol,Lig,1. Seviye,Global Elit,Erkek,Kulüp,Takım Sporu,Türkiye,Yerli,Türk Takımı Var,TV+ Yok,Yıllık,Sürekli Lig,İstatistik,Bilgi,Maç,Jenerik,Türkçe,Body,h2h_ist
samsunspor kocaelispor,Süper Lig,Futbol,Lig,1. Seviye,Global Elit,Erkek,Kulüp,Takım Sporu,Türkiye,Yerli,Türk Takımı Var,TV+ Yok,Yıllık,Sürekli Lig,Rakip Eşleşmesi,Bilgi,Maç,Jenerik,İngilizce,Head,h2h
samsunspor kocaelispor maçı,Süper Lig,Futbol,Lig,1. Seviye,Global Elit,Erkek,Kulüp,Takım Sporu,Türkiye,Yerli,Türk Takımı Var,TV+ Yok,Yıllık,Sürekli Lig,Rakip Eşleşmesi,Bilgi,Maç,Jenerik,Türkçe,Body,h2h_mac
samsunspor kocaelispor canlı izle,Süper Lig,Futbol,Lig,1. Seviye,Global Elit,Erkek,Kulüp,Takım Sporu,Türkiye,Yerli,Türk Takımı Var,TV+ Yok,Yıllık,Sürekli Lig,Canlı İzle,İzleme,Maç,Jenerik,Türkçe,Body,h2h_izle
samsunspor kocaelispor hangi kanalda,Süper Lig,Futbol,Lig,1. Seviye,Global Elit,Erkek,Kulüp,Takım Sporu,Türkiye,Yerli,Türk Takımı Var,TV+ Yok,Yıllık,Sürekli Lig,Kanal/Yayın,İzleme,Maç,Jenerik,İngilizce,Body,h2h_kanal
samsunspor kocaelispor saat kaçta,Süper Lig,Futbol,Lig,1. Seviye,Global Elit,Erkek,Kulüp,Takım Sporu,Türkiye,Yerli,Türk Takımı Var,TV+ Yok,Yıllık,Sürekli Lig,Takvim/Saat,Bilgi,Maç,Jenerik,Türkçe,Body,h2h_saat
samsunspor kocaelispor istatistikleri,Süper Lig,Futbol,Lig,1. Seviye,Global Elit,Erkek,Kulüp,Takım Sporu,Türkiye,Yerli,Türk Takımı Var,TV+ Yok,Yıllık,Sürekli Lig,İstatistik,Bilgi,Maç,Jenerik,İngilizce,Body,h2h_ist
samsunspor göztepe,Süper Lig,Futbol,Lig,1. Seviye,Global Elit,Erkek,Kulüp,Takım Sporu,Türkiye,Yerli,Türk Takımı Var,TV+ Yok,Yıllık,Sürekli Lig,Rakip Eşleşmesi,Bilgi,Maç,Jenerik,Türkçe,Head,h2h
samsunspor göztepe maçı,Süper Lig,Futbol,Lig,1. Seviye,Global Elit,Erkek,Kulüp,Takım Sporu,Türkiye,Yerli,Türk Takımı Var,TV+ Yok,Yıllık,Sürekli Lig,Rakip Eşleşmesi,Bilgi,Maç,Jenerik,Türkçe,Body,h2h_mac
samsunspor göztepe canlı izle,Süper Lig,Futbol,Lig,1. Seviye,Global Elit,Erkek,Kulüp,Takım Sporu,Türkiye,Yerli,Türk Takımı Var,TV+ Yok,Yıllık,Sürekli Lig,Canlı İzle,İzleme,Maç,Jenerik,Türkçe,Body,h2h_izle
samsunspor göztepe hangi kanalda,Süper Lig,Futbol,Lig,1. Seviye,Global Elit,Erkek,Kulüp,Takım Sporu,Türkiye,Yerli,Türk Takımı Var,TV+ Yok,Yıllık,Sürekli Lig,Kanal/Yayın,İzleme,Maç,Jenerik,Türkçe,Body,h2h_kanal
samsunspor göztepe saat kaçta,Süper Lig,Futbol,Lig,1. Seviye,Global Elit,Erkek,Kulüp,Takım Sporu,Türkiye,Yerli,Türk Takımı Var,TV+ Yok,Yıllık,Sürekli Lig,Takvim/Saat,Bilgi,Maç,Jenerik,Türkçe,Body,h2h_saat
samsunspor göztepe istatistikleri,Süper Lig,Futbol,Lig,1. Seviye,Global Elit,Erkek,Kulüp,Takım Sporu,Türkiye,Yerli,Türk Takımı Var,TV+ Yok,Yıllık,Sürekli Lig,İstatistik,Bilgi,Maç,Jenerik,Türkçe,Body,h2h_ist
kocaelispor göztepe,Süper Lig,Futbol,Lig,1. Seviye,Global Elit,Erkek,Kulüp,Takım Sporu,Türkiye,Yerli,Türk Takımı Var,TV+ Yok,Yıllık,Sürekli Lig,Rakip Eşleşmesi,Bilgi,Maç,Jenerik,Türkçe,Head,h2h
kocaelispor göztepe maçı,Süper Lig,Futbol,Lig,1. Seviye,Global Elit,Erkek,Kulüp,Takım Sporu,Türkiye,Yerli,Türk Takımı Var,TV+ Yok,Yıllık,Sürekli Lig,Rakip Eşleşmesi,Bilgi,Maç,Jenerik,Türkçe,Body,h2h_mac
kocaelispor göztepe canlı izle,Süper Lig,Futbol,Lig,1. Seviye,Global Elit,Erkek,Kulüp,Takım Sporu,Türkiye,Yerli,Türk Takımı Var,TV+ Yok,Yıllık,Sürekli Lig,Canlı İzle,İzleme,Maç,Jenerik,Türkçe,Body,h2h_izle
kocaelispor göztepe hangi kanalda,Süper Lig,Futbol,Lig,1. Seviye,Global Elit,Erkek,Kulüp,Takım Sporu,Türkiye,Yerli,Türk Takımı Var,TV+ Yok,Yıllık,Sürekli Lig,Kanal/Yayın,İzleme,Maç,Jenerik,Türkçe,Body,h2h_kanal
kocaelispor göztepe saat kaçta,Süper Lig,Futbol,Lig,1. Seviye,Global Elit,Erkek,Kulüp,Takım Sporu,Türkiye,Yerli,Türk Takımı Var,TV+ Yok,Yıllık,Sürekli Lig,Takvim/Saat,Bilgi,Maç,Jenerik,Türkçe,Body,h2h_saat
kocaelispor göztepe istatistikleri,Süper Lig,Futbol,Lig,1. Seviye,Global Elit,Erkek,Kulüp,Takım Sporu,Türkiye,Yerli,Türk Takımı Var,TV+ Yok,Yıllık,Sürekli Lig,İstatistik,Bilgi,Maç,Jenerik,Türkçe,Body,h2h_ist
bandırmaspor erzurumspor,TFF 1. Lig,Futbol,Lig,2. Seviye,Orta,Erkek,Kulüp,Takım Sporu,Türkiye,Yerli,Türk Takımı Var,TV+ Yok,Yıllık,Sürekli Lig,Rakip Eşleşmesi,Bilgi,Maç,Jenerik,Türkçe,Head,h2h
bandırmaspor erzurumspor maçı,TFF 1. Lig,Futbol,Lig,2. Seviye,Orta,Erkek,Kulüp,Takım Sporu,Türkiye,Yerli,Türk Takımı Var,TV+ Yok,Yıllık,Sürekli Lig,Rakip Eşleşmesi,Bilgi,Maç,Jenerik,Türkçe,Body,h2h_mac
bandırmaspor erzurumspor canlı izle,TFF 1. Lig,Futbol,Lig,2. Seviye,Orta,Erkek,Kulüp,Takım Sporu,Türkiye,Yerli,Türk Takımı Var,TV+ Yok,Yıllık,Sürekli Lig,Canlı İzle,İzleme,Maç,Jenerik,Türkçe,Body,h2h_izle
bandırmaspor erzurumspor hangi kanalda,TFF 1. Lig,Futbol,Lig,2. Seviye,Orta,Erkek,Kulüp,Takım Sporu,Türkiye,Yerli,Türk Takımı Var,TV+ Yok,Yıllık,Sürekli Lig,Kanal/Yayın,İzleme,Maç,Jenerik,Türkçe,Body,h2h_kanal
bandırmaspor erzurumspor saat kaçta,TFF 1. Lig,Futbol,Lig,2. Seviye,Orta,Erkek,Kulüp,Takım Sporu,Türkiye,Yerli,Türk Takımı Var,TV+ Yok,Yıllık,Sürekli Lig,Takvim/Saat,Bilgi,Maç,Jenerik,Türkçe,Body,h2h_saat
bandırmaspor erzurumspor istatistikleri,TFF 1. Lig,Futbol,Lig,2. Seviye,Orta,Erkek,Kulüp,Takım Sporu,Türkiye,Yerli,Türk Takımı Var,TV+ Yok,Yıllık,Sürekli Lig,İstatistik,Bilgi,Maç,Jenerik,Türkçe,Body,h2h_ist
bandırmaspor sakaryaspor,TFF 1. Lig,Futbol,Lig,2. Seviye,Orta,Erkek,Kulüp,Takım Sporu,Türkiye,Yerli,Türk Takımı Var,TV+ Yok,Yıllık,Sürekli Lig,Rakip Eşleşmesi,Bilgi,Maç,Jenerik,Türkçe,Head,h2h
bandırmaspor sakaryaspor maçı,TFF 1. Lig,Futbol,Lig,2. Seviye,Orta,Erkek,Kulüp,Takım Sporu,Türkiye,Yerli,Türk Takımı Var,TV+ Yok,Yıllık,Sürekli Lig,Rakip Eşleşmesi,Bilgi,Maç,Jenerik,Türkçe,Body,h2h_mac
bandırmaspor sakaryaspor canlı izle,TFF 1. Lig,Futbol,Lig,2. Seviye,Orta,Erkek,Kulüp,Takım Sporu,Türkiye,Yerli,Türk Takımı Var,TV+ Yok,Yıllık,Sürekli Lig,Canlı İzle,İzleme,Maç,Jenerik,Türkçe,Body,h2h_izle
bandırmaspor sakaryaspor hangi kanalda,TFF 1. Lig,Futbol,Lig,2. Seviye,Orta,Erkek,Kulüp,Takım Sporu,Türkiye,Yerli,Türk Takımı Var,TV+ Yok,Yıllık,Sürekli Lig,Kanal/Yayın,İzleme,Maç,Jenerik,Türkçe,Body,h2h_kanal
bandırmaspor sakaryaspor saat kaçta,TFF 1. Lig,Futbol,Lig,2. Seviye,Orta,Erkek,Kulüp,Takım Sporu,Türkiye,Yerli,Türk Takımı Var,TV+ Yok,Yıllık,Sürekli Lig,Takvim/Saat,Bilgi,Maç,Jenerik,Türkçe,Body,h2h_saat
bandırmaspor sakaryaspor istatistikleri,TFF 1. Lig,Futbol,Lig,2. Seviye,Orta,Erkek,Kulüp,Takım Sporu,Türkiye,Yerli,Türk Takımı Var,TV+ Yok,Yıllık,Sürekli Lig,İstatistik,Bilgi,Maç,Jenerik,Türkçe,Body,h2h_ist
bandırmaspor boluspor,TFF 1. Lig,Futbol,Lig,2. Seviye,Orta,Erkek,Kulüp,Takım Sporu,Türkiye,Yerli,Türk Takımı Var,TV+ Yok,Yıllık,Sürekli Lig,Rakip Eşleşmesi,Bilgi,Maç,Jenerik,Türkçe,Head,h2h
bandırmaspor boluspor maçı,TFF 1. Lig,Futbol,Lig,2. Seviye,Orta,Erkek,Kulüp,Takım Sporu,Türkiye,Yerli,Türk Takımı Var,TV+ Yok,Yıllık,Sürekli Lig,Rakip Eşleşmesi,Bilgi,Maç,Jenerik,Türkçe,Body,h2h_mac
bandırmaspor boluspor canlı izle,TFF 1. Lig,Futbol,Lig,2. Seviye,Orta,Erkek,Kulüp,Takım Sporu,Türkiye,Yerli,Türk Takımı Var,TV+ Yok,Yıllık,Sürekli Lig,Canlı İzle,İzleme,Maç,Jenerik,Türkçe,Body,h2h_izle
bandırmaspor boluspor hangi kanalda,TFF 1. Lig,Futbol,Lig,2. Seviye,Orta,Erkek,Kulüp,Takım Sporu,Türkiye,Yerli,Türk Takımı Var,TV+ Yok,Yıllık,Sürekli Lig,Kanal/Yayın,İzleme,Maç,Jenerik,Türkçe,Body,h2h_kanal
bandırmaspor boluspor saat kaçta,TFF 1. Lig,Futbol,Lig,2. Seviye,Orta,Erkek,Kulüp,Takım Sporu,Türkiye,Yerli,Türk Takımı Var,TV+ Yok,Yıllık,Sürekli Lig,Takvim/Saat,Bilgi,Maç,Jenerik,Türkçe,Body,h2h_saat
bandırmaspor boluspor istatistikleri,TFF 1. Lig,Futbol,Lig,2. Seviye,Orta,Erkek,Kulüp,Takım Sporu,Türkiye,Yerli,Türk Takımı Var,TV+ Yok,Yıllık,Sürekli Lig,İstatistik,Bilgi,Maç,Jenerik,Türkçe,Body,h2h_ist
bandırmaspor manisa fk,TFF 1. Lig,Futbol,Lig,2. Seviye,Orta,Erkek,Kulüp,Takım Sporu,Türkiye,Yerli,Türk Takımı Var,TV+ Yok,Yıllık,Sürekli Lig,Rakip Eşleşmesi,Bilgi,Maç,Jenerik,Türkçe,Body,h2h
bandırmaspor manisa fk maçı,TFF 1. Lig,Futbol,Lig,2. Seviye,Orta,Erkek,Kulüp,Takım Sporu,Türkiye,Yerli,Türk Takımı Var,TV+ Yok,Yıllık,Sürekli Lig,Rakip Eşleşmesi,Bilgi,Maç,Jenerik,Türkçe,Body,h2h_mac
bandırmaspor manisa fk canlı izle,TFF 1. Lig,Futbol,Lig,2. Seviye,Orta,Erkek,Kulüp,Takım Sporu,Türkiye,Yerli,Türk Takımı Var,TV+ Yok,Yıllık,Sürekli Lig,Canlı İzle,İzleme,Maç,Jenerik,Türkçe,Long-tail,h2h_izle
bandırmaspor manisa fk hangi kanalda,TFF 1. Lig,Futbol,Lig,2. Seviye,Orta,Erkek,Kulüp,Takım Sporu,Türkiye,Yerli,Türk Takımı Var,TV+ Yok,Yıllık,Sürekli Lig,Kanal/Yayın,İzleme,Maç,Jenerik,Türkçe,Long-tail,h2h_kanal
bandırmaspor manisa fk saat kaçta,TFF 1. Lig,Futbol,Lig,2. Seviye,Orta,Erkek,Kulüp,Takım Sporu,Türkiye,Yerli,Türk Takımı Var,TV+ Yok,Yıllık,Sürekli Lig,Takvim/Saat,Bilgi,Maç,Jenerik,Türkçe,Long-tail,h2h_saat
bandırmaspor manisa fk istatistikleri,TFF 1. Lig,Futbol,Lig,2. Seviye,Orta,Erkek,Kulüp,Takım Sporu,Türkiye,Yerli,Türk Takımı Var,TV+ Yok,Yıllık,Sürekli Lig,İstatistik,Bilgi,Maç,Jenerik,Türkçe,Body,h2h_ist
erzurumspor sakaryaspor,TFF 1. Lig,Futbol,Lig,2. Seviye,Orta,Erkek,Kulüp,Takım Sporu,Türkiye,Yerli,Türk Takımı Var,TV+ Yok,Yıllık,Sürekli Lig,Rakip Eşleşmesi,Bilgi,Maç,Jenerik,İngilizce,Head,h2h
erzurumspor sakaryaspor maçı,TFF 1. Lig,Futbol,Lig,2. Seviye,Orta,Erkek,Kulüp,Takım Sporu,Türkiye,Yerli,Türk Takımı Var,TV+ Yok,Yıllık,Sürekli Lig,Rakip Eşleşmesi,Bilgi,Maç,Jenerik,Türkçe,Body,h2h_mac
erzurumspor sakaryaspor canlı izle,TFF 1. Lig,Futbol,Lig,2. Seviye,Orta,Erkek,Kulüp,Takım Sporu,Türkiye,Yerli,Türk Takımı Var,TV+ Yok,Yıllık,Sürekli Lig,Canlı İzle,İzleme,Maç,Jenerik,Türkçe,Body,h2h_izle
erzurumspor sakaryaspor hangi kanalda,TFF 1. Lig,Futbol,Lig,2. Seviye,Orta,Erkek,Kulüp,Takım Sporu,Türkiye,Yerli,Türk Takımı Var,TV+ Yok,Yıllık,Sürekli Lig,Kanal/Yayın,İzleme,Maç,Jenerik,İngilizce,Body,h2h_kanal
erzurumspor sakaryaspor saat kaçta,TFF 1. Lig,Futbol,Lig,2. Seviye,Orta,Erkek,Kulüp,Takım Sporu,Türkiye,Yerli,Türk Takımı Var,TV+ Yok,Yıllık,Sürekli Lig,Takvim/Saat,Bilgi,Maç,Jenerik,Türkçe,Body,h2h_saat
erzurumspor sakaryaspor istatistikleri,TFF 1. Lig,Futbol,Lig,2. Seviye,Orta,Erkek,Kulüp,Takım Sporu,Türkiye,Yerli,Türk Takımı Var,TV+ Yok,Yıllık,Sürekli Lig,İstatistik,Bilgi,Maç,Jenerik,İngilizce,Body,h2h_ist
erzurumspor boluspor,TFF 1. Lig,Futbol,Lig,2. Seviye,Orta,Erkek,Kulüp,Takım Sporu,Türkiye,Yerli,Türk Takımı Var,TV+ Yok,Yıllık,Sürekli Lig,Rakip Eşleşmesi,Bilgi,Maç,Jenerik,İngilizce,Head,h2h
erzurumspor boluspor maçı,TFF 1. Lig,Futbol,Lig,2. Seviye,Orta,Erkek,Kulüp,Takım Sporu,Türkiye,Yerli,Türk Takımı Var,TV+ Yok,Yıllık,Sürekli Lig,Rakip Eşleşmesi,Bilgi,Maç,Jenerik,Türkçe,Body,h2h_mac
erzurumspor boluspor canlı izle,TFF 1. Lig,Futbol,Lig,2. Seviye,Orta,Erkek,Kulüp,Takım Sporu,Türkiye,Yerli,Türk Takımı Var,TV+ Yok,Yıllık,Sürekli Lig,Canlı İzle,İzleme,Maç,Jenerik,Türkçe,Body,h2h_izle
erzurumspor boluspor hangi kanalda,TFF 1. Lig,Futbol,Lig,2. Seviye,Orta,Erkek,Kulüp,Takım Sporu,Türkiye,Yerli,Türk Takımı Var,TV+ Yok,Yıllık,Sürekli Lig,Kanal/Yayın,İzleme,Maç,Jenerik,İngilizce,Body,h2h_kanal
erzurumspor boluspor saat kaçta,TFF 1. Lig,Futbol,Lig,2. Seviye,Orta,Erkek,Kulüp,Takım Sporu,Türkiye,Yerli,Türk Takımı Var,TV+ Yok,Yıllık,Sürekli Lig,Takvim/Saat,Bilgi,Maç,Jenerik,Türkçe,Body,h2h_saat
erzurumspor boluspor istatistikleri,TFF 1. Lig,Futbol,Lig,2. Seviye,Orta,Erkek,Kulüp,Takım Sporu,Türkiye,Yerli,Türk Takımı Var,TV+ Yok,Yıllık,Sürekli Lig,İstatistik,Bilgi,Maç,Jenerik,İngilizce,Body,h2h_ist
erzurumspor manisa fk,TFF 1. Lig,Futbol,Lig,2. Seviye,Orta,Erkek,Kulüp,Takım Sporu,Türkiye,Yerli,Türk Takımı Var,TV+ Yok,Yıllık,Sürekli Lig,Rakip Eşleşmesi,Bilgi,Maç,Jenerik,İngilizce,Body,h2h
erzurumspor manisa fk maçı,TFF 1. Lig,Futbol,Lig,2. Seviye,Orta,Erkek,Kulüp,Takım Sporu,Türkiye,Yerli,Türk Takımı Var,TV+ Yok,Yıllık,Sürekli Lig,Rakip Eşleşmesi,Bilgi,Maç,Jenerik,Türkçe,Body,h2h_mac
erzurumspor manisa fk canlı izle,TFF 1. Lig,Futbol,Lig,2. Seviye,Orta,Erkek,Kulüp,Takım Sporu,Türkiye,Yerli,Türk Takımı Var,TV+ Yok,Yıllık,Sürekli Lig,Canlı İzle,İzleme,Maç,Jenerik,Türkçe,Long-tail,h2h_izle
erzurumspor manisa fk hangi kanalda,TFF 1. Lig,Futbol,Lig,2. Seviye,Orta,Erkek,Kulüp,Takım Sporu,Türkiye,Yerli,Türk Takımı Var,TV+ Yok,Yıllık,Sürekli Lig,Kanal/Yayın,İzleme,Maç,Jenerik,İngilizce,Long-tail,h2h_kanal
erzurumspor manisa fk saat kaçta,TFF 1. Lig,Futbol,Lig,2. Seviye,Orta,Erkek,Kulüp,Takım Sporu,Türkiye,Yerli,Türk Takımı Var,TV+ Yok,Yıllık,Sürekli Lig,Takvim/Saat,Bilgi,Maç,Jenerik,Türkçe,Long-tail,h2h_saat
erzurumspor manisa fk istatistikleri,TFF 1. Lig,Futbol,Lig,2. Seviye,Orta,Erkek,Kulüp,Takım Sporu,Türkiye,Yerli,Türk Takımı Var,TV+ Yok,Yıllık,Sürekli Lig,İstatistik,Bilgi,Maç,Jenerik,İngilizce,Body,h2h_ist
sakaryaspor boluspor,TFF 1. Lig,Futbol,Lig,2. Seviye,Orta,Erkek,Kulüp,Takım Sporu,Türkiye,Yerli,Türk Takımı Var,TV+ Yok,Yıllık,Sürekli Lig,Rakip Eşleşmesi,Bilgi,Maç,Jenerik,İngilizce,Head,h2h
sakaryaspor boluspor maçı,TFF 1. Lig,Futbol,Lig,2. Seviye,Orta,Erkek,Kulüp,Takım Sporu,Türkiye,Yerli,Türk Takımı Var,TV+ Yok,Yıllık,Sürekli Lig,Rakip Eşleşmesi,Bilgi,Maç,Jenerik,Türkçe,Body,h2h_mac
sakaryaspor boluspor canlı izle,TFF 1. Lig,Futbol,Lig,2. Seviye,Orta,Erkek,Kulüp,Takım Sporu,Türkiye,Yerli,Türk Takımı Var,TV+ Yok,Yıllık,Sürekli Lig,Canlı İzle,İzleme,Maç,Jenerik,Türkçe,Body,h2h_izle
sakaryaspor boluspor hangi kanalda,TFF 1. Lig,Futbol,Lig,2. Seviye,Orta,Erkek,Kulüp,Takım Sporu,Türkiye,Yerli,Türk Takımı Var,TV+ Yok,Yıllık,Sürekli Lig,Kanal/Yayın,İzleme,Maç,Jenerik,İngilizce,Body,h2h_kanal
sakaryaspor boluspor saat kaçta,TFF 1. Lig,Futbol,Lig,2. Seviye,Orta,Erkek,Kulüp,Takım Sporu,Türkiye,Yerli,Türk Takımı Var,TV+ Yok,Yıllık,Sürekli Lig,Takvim/Saat,Bilgi,Maç,Jenerik,Türkçe,Body,h2h_saat
sakaryaspor boluspor istatistikleri,TFF 1. Lig,Futbol,Lig,2. Seviye,Orta,Erkek,Kulüp,Takım Sporu,Türkiye,Yerli,Türk Takımı Var,TV+ Yok,Yıllık,Sürekli Lig,İstatistik,Bilgi,Maç,Jenerik,İngilizce,Body,h2h_ist
sakaryaspor manisa fk,TFF 1. Lig,Futbol,Lig,2. Seviye,Orta,Erkek,Kulüp,Takım Sporu,Türkiye,Yerli,Türk Takımı Var,TV+ Yok,Yıllık,Sürekli Lig,Rakip Eşleşmesi,Bilgi,Maç,Jenerik,İngilizce,Body,h2h
sakaryaspor manisa fk maçı,TFF 1. Lig,Futbol,Lig,2. Seviye,Orta,Erkek,Kulüp,Takım Sporu,Türkiye,Yerli,Türk Takımı Var,TV+ Yok,Yıllık,Sürekli Lig,Rakip Eşleşmesi,Bilgi,Maç,Jenerik,Türkçe,Body,h2h_mac
sakaryaspor manisa fk canlı izle,TFF 1. Lig,Futbol,Lig,2. Seviye,Orta,Erkek,Kulüp,Takım Sporu,Türkiye,Yerli,Türk Takımı Var,TV+ Yok,Yıllık,Sürekli Lig,Canlı İzle,İzleme,Maç,Jenerik,Türkçe,Long-tail,h2h_izle
sakaryaspor manisa fk hangi kanalda,TFF 1. Lig,Futbol,Lig,2. Seviye,Orta,Erkek,Kulüp,Takım Sporu,Türkiye,Yerli,Türk Takımı Var,TV+ Yok,Yıllık,Sürekli Lig,Kanal/Yayın,İzleme,Maç,Jenerik,İngilizce,Long-tail,h2h_kanal
sakaryaspor manisa fk saat kaçta,TFF 1. Lig,Futbol,Lig,2. Seviye,Orta,Erkek,Kulüp,Takım Sporu,Türkiye,Yerli,Türk Takımı Var,TV+ Yok,Yıllık,Sürekli Lig,Takvim/Saat,Bilgi,Maç,Jenerik,Türkçe,Long-tail,h2h_saat
sakaryaspor manisa fk istatistikleri,TFF 1. Lig,Futbol,Lig,2. Seviye,Orta,Erkek,Kulüp,Takım Sporu,Türkiye,Yerli,Türk Takımı Var,TV+ Yok,Yıllık,Sürekli Lig,İstatistik,Bilgi,Maç,Jenerik,İngilizce,Body,h2h_ist
boluspor manisa fk,TFF 1. Lig,Futbol,Lig,2. Seviye,Orta,Erkek,Kulüp,Takım Sporu,Türkiye,Yerli,Türk Takımı Var,TV+ Yok,Yıllık,Sürekli Lig,Rakip Eşleşmesi,Bilgi,Maç,Jenerik,İngilizce,Body,h2h
boluspor manisa fk maçı,TFF 1. Lig,Futbol,Lig,2. Seviye,Orta,Erkek,Kulüp,Takım Sporu,Türkiye,Yerli,Türk Takımı Var,TV+ Yok,Yıllık,Sürekli Lig,Rakip Eşleşmesi,Bilgi,Maç,Jenerik,Türkçe,Body,h2h_mac
boluspor manisa fk canlı izle,TFF 1. Lig,Futbol,Lig,2. Seviye,Orta,Erkek,Kulüp,Takım Sporu,Türkiye,Yerli,Türk Takımı Var,TV+ Yok,Yıllık,Sürekli Lig,Canlı İzle,İzleme,Maç,Jenerik,Türkçe,Long-tail,h2h_izle
boluspor manisa fk hangi kanalda,TFF 1. Lig,Futbol,Lig,2. Seviye,Orta,Erkek,Kulüp,Takım Sporu,Türkiye,Yerli,Türk Takımı Var,TV+ Yok,Yıllık,Sürekli Lig,Kanal/Yayın,İzleme,Maç,Jenerik,İngilizce,Long-tail,h2h_kanal
boluspor manisa fk saat kaçta,TFF 1. Lig,Futbol,Lig,2. Seviye,Orta,Erkek,Kulüp,Takım Sporu,Türkiye,Yerli,Türk Takımı Var,TV+ Yok,Yıllık,Sürekli Lig,Takvim/Saat,Bilgi,Maç,Jenerik,Türkçe,Long-tail,h2h_saat
boluspor manisa fk istatistikleri,TFF 1. Lig,Futbol,Lig,2. Seviye,Orta,Erkek,Kulüp,Takım Sporu,Türkiye,Yerli,Türk Takımı Var,TV+ Yok,Yıllık,Sürekli Lig,İstatistik,Bilgi,Maç,Jenerik,İngilizce,Body,h2h_ist
real madrid barcelona,La Liga,Futbol,Lig,1. Seviye,Global Elit,Erkek,Kulüp,Takım Sporu,İspanya,Yabancı,Yok,TV+ Var,Yıllık,Sürekli Lig,Rakip Eşleşmesi,Bilgi,Maç,Jenerik,İngilizce,Body,h2h
real madrid barcelona maçı,La Liga,Futbol,Lig,1. Seviye,Global Elit,Erkek,Kulüp,Takım Sporu,İspanya,Yabancı,Yok,TV+ Var,Yıllık,Sürekli Lig,Rakip Eşleşmesi,Bilgi,Maç,Jenerik,Türkçe,Body,h2h_mac
real madrid barcelona canlı izle,La Liga,Futbol,Lig,1. Seviye,Global Elit,Erkek,Kulüp,Takım Sporu,İspanya,Yabancı,Yok,TV+ Var,Yıllık,Sürekli Lig,Canlı İzle,İzleme,Maç,Jenerik,Türkçe,Long-tail,h2h_izle
real madrid barcelona hangi kanalda,La Liga,Futbol,Lig,1. Seviye,Global Elit,Erkek,Kulüp,Takım Sporu,İspanya,Yabancı,Yok,TV+ Var,Yıllık,Sürekli Lig,Kanal/Yayın,İzleme,Maç,Jenerik,İngilizce,Long-tail,h2h_kanal
real madrid barcelona saat kaçta,La Liga,Futbol,Lig,1. Seviye,Global Elit,Erkek,Kulüp,Takım Sporu,İspanya,Yabancı,Yok,TV+ Var,Yıllık,Sürekli Lig,Takvim/Saat,Bilgi,Maç,Jenerik,Türkçe,Long-tail,h2h_saat
real madrid barcelona istatistikleri,La Liga,Futbol,Lig,1. Seviye,Global Elit,Erkek,Kulüp,Takım Sporu,İspanya,Yabancı,Yok,TV+ Var,Yıllık,Sürekli Lig,İstatistik,Bilgi,Maç,Jenerik,İngilizce,Body,h2h_ist
real madrid atletico madrid,La Liga,Futbol,Lig,1. Seviye,Global Elit,Erkek,Kulüp,Takım Sporu,İspanya,Yabancı,Yok,TV+ Var,Yıllık,Sürekli Lig,Rakip Eşleşmesi,Bilgi,Maç,Jenerik,İngilizce,Body,h2h
real madrid atletico madrid maçı,La Liga,Futbol,Lig,1. Seviye,Global Elit,Erkek,Kulüp,Takım Sporu,İspanya,Yabancı,Yok,TV+ Var,Yıllık,Sürekli Lig,Rakip Eşleşmesi,Bilgi,Maç,Jenerik,Türkçe,Long-tail,h2h_mac
real madrid atletico madrid canlı izle,La Liga,Futbol,Lig,1. Seviye,Global Elit,Erkek,Kulüp,Takım Sporu,İspanya,Yabancı,Yok,TV+ Var,Yıllık,Sürekli Lig,Canlı İzle,İzleme,Maç,Jenerik,Türkçe,Long-tail,h2h_izle
real madrid atletico madrid hangi kanalda,La Liga,Futbol,Lig,1. Seviye,Global Elit,Erkek,Kulüp,Takım Sporu,İspanya,Yabancı,Yok,TV+ Var,Yıllık,Sürekli Lig,Kanal/Yayın,İzleme,Maç,Jenerik,İngilizce,Long-tail,h2h_kanal
real madrid atletico madrid saat kaçta,La Liga,Futbol,Lig,1. Seviye,Global Elit,Erkek,Kulüp,Takım Sporu,İspanya,Yabancı,Yok,TV+ Var,Yıllık,Sürekli Lig,Takvim/Saat,Bilgi,Maç,Jenerik,Türkçe,Long-tail,h2h_saat
real madrid atletico madrid istatistikleri,La Liga,Futbol,Lig,1. Seviye,Global Elit,Erkek,Kulüp,Takım Sporu,İspanya,Yabancı,Yok,TV+ Var,Yıllık,Sürekli Lig,İstatistik,Bilgi,Maç,Jenerik,İngilizce,Long-tail,h2h_ist
real madrid sevilla,La Liga,Futbol,Lig,1. Seviye,Global Elit,Erkek,Kulüp,Takım Sporu,İspanya,Yabancı,Yok,TV+ Var,Yıllık,Sürekli Lig,Rakip Eşleşmesi,Bilgi,Maç,Jenerik,İngilizce,Body,h2h
real madrid sevilla maçı,La Liga,Futbol,Lig,1. Seviye,Global Elit,Erkek,Kulüp,Takım Sporu,İspanya,Yabancı,Yok,TV+ Var,Yıllık,Sürekli Lig,Rakip Eşleşmesi,Bilgi,Maç,Jenerik,Türkçe,Body,h2h_mac
real madrid sevilla canlı izle,La Liga,Futbol,Lig,1. Seviye,Global Elit,Erkek,Kulüp,Takım Sporu,İspanya,Yabancı,Yok,TV+ Var,Yıllık,Sürekli Lig,Canlı İzle,İzleme,Maç,Jenerik,Türkçe,Long-tail,h2h_izle
real madrid sevilla hangi kanalda,La Liga,Futbol,Lig,1. Seviye,Global Elit,Erkek,Kulüp,Takım Sporu,İspanya,Yabancı,Yok,TV+ Var,Yıllık,Sürekli Lig,Kanal/Yayın,İzleme,Maç,Jenerik,İngilizce,Long-tail,h2h_kanal
real madrid sevilla saat kaçta,La Liga,Futbol,Lig,1. Seviye,Global Elit,Erkek,Kulüp,Takım Sporu,İspanya,Yabancı,Yok,TV+ Var,Yıllık,Sürekli Lig,Takvim/Saat,Bilgi,Maç,Jenerik,Türkçe,Long-tail,h2h_saat
real madrid sevilla istatistikleri,La Liga,Futbol,Lig,1. Seviye,Global Elit,Erkek,Kulüp,Takım Sporu,İspanya,Yabancı,Yok,TV+ Var,Yıllık,Sürekli Lig,İstatistik,Bilgi,Maç,Jenerik,İngilizce,Body,h2h_ist
real madrid real sociedad,La Liga,Futbol,Lig,1. Seviye,Global Elit,Erkek,Kulüp,Takım Sporu,İspanya,Yabancı,Yok,TV+ Var,Yıllık,Sürekli Lig,Rakip Eşleşmesi,Bilgi,Maç,Jenerik,İngilizce,Body,h2h
real madrid real sociedad maçı,La Liga,Futbol,Lig,1. Seviye,Global Elit,Erkek,Kulüp,Takım Sporu,İspanya,Yabancı,Yok,TV+ Var,Yıllık,Sürekli Lig,Rakip Eşleşmesi,Bilgi,Maç,Jenerik,Türkçe,Long-tail,h2h_mac
real madrid real sociedad canlı izle,La Liga,Futbol,Lig,1. Seviye,Global Elit,Erkek,Kulüp,Takım Sporu,İspanya,Yabancı,Yok,TV+ Var,Yıllık,Sürekli Lig,Canlı İzle,İzleme,Maç,Jenerik,Türkçe,Long-tail,h2h_izle
real madrid real sociedad hangi kanalda,La Liga,Futbol,Lig,1. Seviye,Global Elit,Erkek,Kulüp,Takım Sporu,İspanya,Yabancı,Yok,TV+ Var,Yıllık,Sürekli Lig,Kanal/Yayın,İzleme,Maç,Jenerik,İngilizce,Long-tail,h2h_kanal
real madrid real sociedad saat kaçta,La Liga,Futbol,Lig,1. Seviye,Global Elit,Erkek,Kulüp,Takım Sporu,İspanya,Yabancı,Yok,TV+ Var,Yıllık,Sürekli Lig,Takvim/Saat,Bilgi,Maç,Jenerik,Türkçe,Long-tail,h2h_saat
real madrid real sociedad istatistikleri,La Liga,Futbol,Lig,1. Seviye,Global Elit,Erkek,Kulüp,Takım Sporu,İspanya,Yabancı,Yok,TV+ Var,Yıllık,Sürekli Lig,İstatistik,Bilgi,Maç,Jenerik,İngilizce,Long-tail,h2h_ist
barcelona atletico madrid,La Liga,Futbol,Lig,1. Seviye,Global Elit,Erkek,Kulüp,Takım Sporu,İspanya,Yabancı,Yok,TV+ Var,Yıllık,Sürekli Lig,Rakip Eşleşmesi,Bilgi,Maç,Jenerik,İngilizce,Body,h2h
barcelona atletico madrid maçı,La Liga,Futbol,Lig,1. Seviye,Global Elit,Erkek,Kulüp,Takım Sporu,İspanya,Yabancı,Yok,TV+ Var,Yıllık,Sürekli Lig,Rakip Eşleşmesi,Bilgi,Maç,Jenerik,Türkçe,Body,h2h_mac
barcelona atletico madrid canlı izle,La Liga,Futbol,Lig,1. Seviye,Global Elit,Erkek,Kulüp,Takım Sporu,İspanya,Yabancı,Yok,TV+ Var,Yıllık,Sürekli Lig,Canlı İzle,İzleme,Maç,Jenerik,Türkçe,Long-tail,h2h_izle
barcelona atletico madrid hangi kanalda,La Liga,Futbol,Lig,1. Seviye,Global Elit,Erkek,Kulüp,Takım Sporu,İspanya,Yabancı,Yok,TV+ Var,Yıllık,Sürekli Lig,Kanal/Yayın,İzleme,Maç,Jenerik,İngilizce,Long-tail,h2h_kanal
barcelona atletico madrid saat kaçta,La Liga,Futbol,Lig,1. Seviye,Global Elit,Erkek,Kulüp,Takım Sporu,İspanya,Yabancı,Yok,TV+ Var,Yıllık,Sürekli Lig,Takvim/Saat,Bilgi,Maç,Jenerik,Türkçe,Long-tail,h2h_saat
barcelona atletico madrid istatistikleri,La Liga,Futbol,Lig,1. Seviye,Global Elit,Erkek,Kulüp,Takım Sporu,İspanya,Yabancı,Yok,TV+ Var,Yıllık,Sürekli Lig,İstatistik,Bilgi,Maç,Jenerik,İngilizce,Body,h2h_ist
barcelona sevilla,La Liga,Futbol,Lig,1. Seviye,Global Elit,Erkek,Kulüp,Takım Sporu,İspanya,Yabancı,Yok,TV+ Var,Yıllık,Sürekli Lig,Rakip Eşleşmesi,Bilgi,Maç,Jenerik,İngilizce,Head,h2h
barcelona sevilla maçı,La Liga,Futbol,Lig,1. Seviye,Global Elit,Erkek,Kulüp,Takım Sporu,İspanya,Yabancı,Yok,TV+ Var,Yıllık,Sürekli Lig,Rakip Eşleşmesi,Bilgi,Maç,Jenerik,Türkçe,Body,h2h_mac
barcelona sevilla canlı izle,La Liga,Futbol,Lig,1. Seviye,Global Elit,Erkek,Kulüp,Takım Sporu,İspanya,Yabancı,Yok,TV+ Var,Yıllık,Sürekli Lig,Canlı İzle,İzleme,Maç,Jenerik,Türkçe,Body,h2h_izle
barcelona sevilla hangi kanalda,La Liga,Futbol,Lig,1. Seviye,Global Elit,Erkek,Kulüp,Takım Sporu,İspanya,Yabancı,Yok,TV+ Var,Yıllık,Sürekli Lig,Kanal/Yayın,İzleme,Maç,Jenerik,İngilizce,Body,h2h_kanal
barcelona sevilla saat kaçta,La Liga,Futbol,Lig,1. Seviye,Global Elit,Erkek,Kulüp,Takım Sporu,İspanya,Yabancı,Yok,TV+ Var,Yıllık,Sürekli Lig,Takvim/Saat,Bilgi,Maç,Jenerik,Türkçe,Body,h2h_saat
barcelona sevilla istatistikleri,La Liga,Futbol,Lig,1. Seviye,Global Elit,Erkek,Kulüp,Takım Sporu,İspanya,Yabancı,Yok,TV+ Var,Yıllık,Sürekli Lig,İstatistik,Bilgi,Maç,Jenerik,İngilizce,Body,h2h_ist
barcelona real sociedad,La Liga,Futbol,Lig,1. Seviye,Global Elit,Erkek,Kulüp,Takım Sporu,İspanya,Yabancı,Yok,TV+ Var,Yıllık,Sürekli Lig,Rakip Eşleşmesi,Bilgi,Maç,Jenerik,İngilizce,Body,h2h
barcelona real sociedad maçı,La Liga,Futbol,Lig,1. Seviye,Global Elit,Erkek,Kulüp,Takım Sporu,İspanya,Yabancı,Yok,TV+ Var,Yıllık,Sürekli Lig,Rakip Eşleşmesi,Bilgi,Maç,Jenerik,Türkçe,Body,h2h_mac
barcelona real sociedad canlı izle,La Liga,Futbol,Lig,1. Seviye,Global Elit,Erkek,Kulüp,Takım Sporu,İspanya,Yabancı,Yok,TV+ Var,Yıllık,Sürekli Lig,Canlı İzle,İzleme,Maç,Jenerik,Türkçe,Long-tail,h2h_izle
barcelona real sociedad hangi kanalda,La Liga,Futbol,Lig,1. Seviye,Global Elit,Erkek,Kulüp,Takım Sporu,İspanya,Yabancı,Yok,TV+ Var,Yıllık,Sürekli Lig,Kanal/Yayın,İzleme,Maç,Jenerik,İngilizce,Long-tail,h2h_kanal
barcelona real sociedad saat kaçta,La Liga,Futbol,Lig,1. Seviye,Global Elit,Erkek,Kulüp,Takım Sporu,İspanya,Yabancı,Yok,TV+ Var,Yıllık,Sürekli Lig,Takvim/Saat,Bilgi,Maç,Jenerik,Türkçe,Long-tail,h2h_saat
barcelona real sociedad istatistikleri,La Liga,Futbol,Lig,1. Seviye,Global Elit,Erkek,Kulüp,Takım Sporu,İspanya,Yabancı,Yok,TV+ Var,Yıllık,Sürekli Lig,İstatistik,Bilgi,Maç,Jenerik,İngilizce,Body,h2h_ist
atletico madrid sevilla,La Liga,Futbol,Lig,1. Seviye,Global Elit,Erkek,Kulüp,Takım Sporu,İspanya,Yabancı,Yok,TV+ Var,Yıllık,Sürekli Lig,Rakip Eşleşmesi,Bilgi,Maç,Jenerik,İngilizce,Body,h2h
atletico madrid sevilla maçı,La Liga,Futbol,Lig,1. Seviye,Global Elit,Erkek,Kulüp,Takım Sporu,İspanya,Yabancı,Yok,TV+ Var,Yıllık,Sürekli Lig,Rakip Eşleşmesi,Bilgi,Maç,Jenerik,Türkçe,Body,h2h_mac
atletico madrid sevilla canlı izle,La Liga,Futbol,Lig,1. Seviye,Global Elit,Erkek,Kulüp,Takım Sporu,İspanya,Yabancı,Yok,TV+ Var,Yıllık,Sürekli Lig,Canlı İzle,İzleme,Maç,Jenerik,Türkçe,Long-tail,h2h_izle
atletico madrid sevilla hangi kanalda,La Liga,Futbol,Lig,1. Seviye,Global Elit,Erkek,Kulüp,Takım Sporu,İspanya,Yabancı,Yok,TV+ Var,Yıllık,Sürekli Lig,Kanal/Yayın,İzleme,Maç,Jenerik,İngilizce,Long-tail,h2h_kanal
atletico madrid sevilla saat kaçta,La Liga,Futbol,Lig,1. Seviye,Global Elit,Erkek,Kulüp,Takım Sporu,İspanya,Yabancı,Yok,TV+ Var,Yıllık,Sürekli Lig,Takvim/Saat,Bilgi,Maç,Jenerik,Türkçe,Long-tail,h2h_saat
atletico madrid sevilla istatistikleri,La Liga,Futbol,Lig,1. Seviye,Global Elit,Erkek,Kulüp,Takım Sporu,İspanya,Yabancı,Yok,TV+ Var,Yıllık,Sürekli Lig,İstatistik,Bilgi,Maç,Jenerik,İngilizce,Body,h2h_ist
atletico madrid real sociedad,La Liga,Futbol,Lig,1. Seviye,Global Elit,Erkek,Kulüp,Takım Sporu,İspanya,Yabancı,Yok,TV+ Var,Yıllık,Sürekli Lig,Rakip Eşleşmesi,Bilgi,Maç,Jenerik,İngilizce,Body,h2h
atletico madrid real sociedad maçı,La Liga,Futbol,Lig,1. Seviye,Global Elit,Erkek,Kulüp,Takım Sporu,İspanya,Yabancı,Yok,TV+ Var,Yıllık,Sürekli Lig,Rakip Eşleşmesi,Bilgi,Maç,Jenerik,Türkçe,Long-tail,h2h_mac
atletico madrid real sociedad canlı izle,La Liga,Futbol,Lig,1. Seviye,Global Elit,Erkek,Kulüp,Takım Sporu,İspanya,Yabancı,Yok,TV+ Var,Yıllık,Sürekli Lig,Canlı İzle,İzleme,Maç,Jenerik,Türkçe,Long-tail,h2h_izle
atletico madrid real sociedad hangi kanalda,La Liga,Futbol,Lig,1. Seviye,Global Elit,Erkek,Kulüp,Takım Sporu,İspanya,Yabancı,Yok,TV+ Var,Yıllık,Sürekli Lig,Kanal/Yayın,İzleme,Maç,Jenerik,İngilizce,Long-tail,h2h_kanal
atletico madrid real sociedad saat kaçta,La Liga,Futbol,Lig,1. Seviye,Global Elit,Erkek,Kulüp,Takım Sporu,İspanya,Yabancı,Yok,TV+ Var,Yıllık,Sürekli Lig,Takvim/Saat,Bilgi,Maç,Jenerik,Türkçe,Long-tail,h2h_saat
atletico madrid real sociedad istatistikleri,La Liga,Futbol,Lig,1. Seviye,Global Elit,Erkek,Kulüp,Takım Sporu,İspanya,Yabancı,Yok,TV+ Var,Yıllık,Sürekli Lig,İstatistik,Bilgi,Maç,Jenerik,İngilizce,Long-tail,h2h_ist
sevilla real sociedad,La Liga,Futbol,Lig,1. Seviye,Global Elit,Erkek,Kulüp,Takım Sporu,İspanya,Yabancı,Yok,TV+ Var,Yıllık,Sürekli Lig,Rakip Eşleşmesi,Bilgi,Maç,Jenerik,İngilizce,Body,h2h
sevilla real sociedad maçı,La Liga,Futbol,Lig,1. Seviye,Global Elit,Erkek,Kulüp,Takım Sporu,İspanya,Yabancı,Yok,TV+ Var,Yıllık,Sürekli Lig,Rakip Eşleşmesi,Bilgi,Maç,Jenerik,Türkçe,Body,h2h_mac
sevilla real sociedad canlı izle,La Liga,Futbol,Lig,1. Seviye,Global Elit,Erkek,Kulüp,Takım Sporu,İspanya,Yabancı,Yok,TV+ Var,Yıllık,Sürekli Lig,Canlı İzle,İzleme,Maç,Jenerik,Türkçe,Long-tail,h2h_izle
sevilla real sociedad hangi kanalda,La Liga,Futbol,Lig,1. Seviye,Global Elit,Erkek,Kulüp,Takım Sporu,İspanya,Yabancı,Yok,TV+ Var,Yıllık,Sürekli Lig,Kanal/Yayın,İzleme,Maç,Jenerik,İngilizce,Long-tail,h2h_kanal
sevilla real sociedad saat kaçta,La Liga,Futbol,Lig,1. Seviye,Global Elit,Erkek,Kulüp,Takım Sporu,İspanya,Yabancı,Yok,TV+ Var,Yıllık,Sürekli Lig,Takvim/Saat,Bilgi,Maç,Jenerik,Türkçe,Long-tail,h2h_saat
sevilla real sociedad istatistikleri,La Liga,Futbol,Lig,1. Seviye,Global Elit,Erkek,Kulüp,Takım Sporu,İspanya,Yabancı,Yok,TV+ Var,Yıllık,Sürekli Lig,İstatistik,Bilgi,Maç,Jenerik,İngilizce,Body,h2h_ist
juventus inter,Serie A,Futbol,Lig,1. Seviye,Global Elit,Erkek,Kulüp,Takım Sporu,İtalya,Yabancı,Yok,TV+ Var,Yıllık,Sürekli Lig,Rakip Eşleşmesi,Bilgi,Maç,Jenerik,İngilizce,Head,h2h
juventus inter maçı,Serie A,Futbol,Lig,1. Seviye,Global Elit,Erkek,Kulüp,Takım Sporu,İtalya,Yabancı,Yok,TV+ Var,Yıllık,Sürekli Lig,Rakip Eşleşmesi,Bilgi,Maç,Jenerik,Türkçe,Body,h2h_mac
juventus inter canlı izle,Serie A,Futbol,Lig,1. Seviye,Global Elit,Erkek,Kulüp,Takım Sporu,İtalya,Yabancı,Yok,TV+ Var,Yıllık,Sürekli Lig,Canlı İzle,İzleme,Maç,Jenerik,Türkçe,Body,h2h_izle
juventus inter hangi kanalda,Serie A,Futbol,Lig,1. Seviye,Global Elit,Erkek,Kulüp,Takım Sporu,İtalya,Yabancı,Yok,TV+ Var,Yıllık,Sürekli Lig,Kanal/Yayın,İzleme,Maç,Jenerik,İngilizce,Body,h2h_kanal
juventus inter saat kaçta,Serie A,Futbol,Lig,1. Seviye,Global Elit,Erkek,Kulüp,Takım Sporu,İtalya,Yabancı,Yok,TV+ Var,Yıllık,Sürekli Lig,Takvim/Saat,Bilgi,Maç,Jenerik,Türkçe,Body,h2h_saat
juventus inter istatistikleri,Serie A,Futbol,Lig,1. Seviye,Global Elit,Erkek,Kulüp,Takım Sporu,İtalya,Yabancı,Yok,TV+ Var,Yıllık,Sürekli Lig,İstatistik,Bilgi,Maç,Jenerik,İngilizce,Body,h2h_ist
juventus milan,Serie A,Futbol,Lig,1. Seviye,Global Elit,Erkek,Kulüp,Takım Sporu,İtalya,Yabancı,Yok,TV+ Var,Yıllık,Sürekli Lig,Rakip Eşleşmesi,Bilgi,Maç,Jenerik,İngilizce,Head,h2h
juventus milan maçı,Serie A,Futbol,Lig,1. Seviye,Global Elit,Erkek,Kulüp,Takım Sporu,İtalya,Yabancı,Yok,TV+ Var,Yıllık,Sürekli Lig,Rakip Eşleşmesi,Bilgi,Maç,Jenerik,Türkçe,Body,h2h_mac
juventus milan canlı izle,Serie A,Futbol,Lig,1. Seviye,Global Elit,Erkek,Kulüp,Takım Sporu,İtalya,Yabancı,Yok,TV+ Var,Yıllık,Sürekli Lig,Canlı İzle,İzleme,Maç,Jenerik,Türkçe,Body,h2h_izle
juventus milan hangi kanalda,Serie A,Futbol,Lig,1. Seviye,Global Elit,Erkek,Kulüp,Takım Sporu,İtalya,Yabancı,Yok,TV+ Var,Yıllık,Sürekli Lig,Kanal/Yayın,İzleme,Maç,Jenerik,İngilizce,Body,h2h_kanal
juventus milan saat kaçta,Serie A,Futbol,Lig,1. Seviye,Global Elit,Erkek,Kulüp,Takım Sporu,İtalya,Yabancı,Yok,TV+ Var,Yıllık,Sürekli Lig,Takvim/Saat,Bilgi,Maç,Jenerik,Türkçe,Body,h2h_saat
juventus milan istatistikleri,Serie A,Futbol,Lig,1. Seviye,Global Elit,Erkek,Kulüp,Takım Sporu,İtalya,Yabancı,Yok,TV+ Var,Yıllık,Sürekli Lig,İstatistik,Bilgi,Maç,Jenerik,İngilizce,Body,h2h_ist
juventus napoli,Serie A,Futbol,Lig,1. Seviye,Global Elit,Erkek,Kulüp,Takım Sporu,İtalya,Yabancı,Yok,TV+ Var,Yıllık,Sürekli Lig,Rakip Eşleşmesi,Bilgi,Maç,Jenerik,İngilizce,Head,h2h
juventus napoli maçı,Serie A,Futbol,Lig,1. Seviye,Global Elit,Erkek,Kulüp,Takım Sporu,İtalya,Yabancı,Yok,TV+ Var,Yıllık,Sürekli Lig,Rakip Eşleşmesi,Bilgi,Maç,Jenerik,Türkçe,Body,h2h_mac
juventus napoli canlı izle,Serie A,Futbol,Lig,1. Seviye,Global Elit,Erkek,Kulüp,Takım Sporu,İtalya,Yabancı,Yok,TV+ Var,Yıllık,Sürekli Lig,Canlı İzle,İzleme,Maç,Jenerik,Türkçe,Body,h2h_izle
juventus napoli hangi kanalda,Serie A,Futbol,Lig,1. Seviye,Global Elit,Erkek,Kulüp,Takım Sporu,İtalya,Yabancı,Yok,TV+ Var,Yıllık,Sürekli Lig,Kanal/Yayın,İzleme,Maç,Jenerik,İngilizce,Body,h2h_kanal
juventus napoli saat kaçta,Serie A,Futbol,Lig,1. Seviye,Global Elit,Erkek,Kulüp,Takım Sporu,İtalya,Yabancı,Yok,TV+ Var,Yıllık,Sürekli Lig,Takvim/Saat,Bilgi,Maç,Jenerik,Türkçe,Body,h2h_saat
juventus napoli istatistikleri,Serie A,Futbol,Lig,1. Seviye,Global Elit,Erkek,Kulüp,Takım Sporu,İtalya,Yabancı,Yok,TV+ Var,Yıllık,Sürekli Lig,İstatistik,Bilgi,Maç,Jenerik,İngilizce,Body,h2h_ist
juventus roma,Serie A,Futbol,Lig,1. Seviye,Global Elit,Erkek,Kulüp,Takım Sporu,İtalya,Yabancı,Yok,TV+ Var,Yıllık,Sürekli Lig,Rakip Eşleşmesi,Bilgi,Maç,Jenerik,İngilizce,Head,h2h
juventus roma maçı,Serie A,Futbol,Lig,1. Seviye,Global Elit,Erkek,Kulüp,Takım Sporu,İtalya,Yabancı,Yok,TV+ Var,Yıllık,Sürekli Lig,Rakip Eşleşmesi,Bilgi,Maç,Jenerik,Türkçe,Body,h2h_mac
juventus roma canlı izle,Serie A,Futbol,Lig,1. Seviye,Global Elit,Erkek,Kulüp,Takım Sporu,İtalya,Yabancı,Yok,TV+ Var,Yıllık,Sürekli Lig,Canlı İzle,İzleme,Maç,Jenerik,Türkçe,Body,h2h_izle
juventus roma hangi kanalda,Serie A,Futbol,Lig,1. Seviye,Global Elit,Erkek,Kulüp,Takım Sporu,İtalya,Yabancı,Yok,TV+ Var,Yıllık,Sürekli Lig,Kanal/Yayın,İzleme,Maç,Jenerik,İngilizce,Body,h2h_kanal
juventus roma saat kaçta,Serie A,Futbol,Lig,1. Seviye,Global Elit,Erkek,Kulüp,Takım Sporu,İtalya,Yabancı,Yok,TV+ Var,Yıllık,Sürekli Lig,Takvim/Saat,Bilgi,Maç,Jenerik,Türkçe,Body,h2h_saat
juventus roma istatistikleri,Serie A,Futbol,Lig,1. Seviye,Global Elit,Erkek,Kulüp,Takım Sporu,İtalya,Yabancı,Yok,TV+ Var,Yıllık,Sürekli Lig,İstatistik,Bilgi,Maç,Jenerik,İngilizce,Body,h2h_ist
juventus lazio,Serie A,Futbol,Lig,1. Seviye,Global Elit,Erkek,Kulüp,Takım Sporu,İtalya,Yabancı,Yok,TV+ Var,Yıllık,Sürekli Lig,Rakip Eşleşmesi,Bilgi,Maç,Jenerik,İngilizce,Head,h2h
juventus lazio maçı,Serie A,Futbol,Lig,1. Seviye,Global Elit,Erkek,Kulüp,Takım Sporu,İtalya,Yabancı,Yok,TV+ Var,Yıllık,Sürekli Lig,Rakip Eşleşmesi,Bilgi,Maç,Jenerik,Türkçe,Body,h2h_mac
juventus lazio canlı izle,Serie A,Futbol,Lig,1. Seviye,Global Elit,Erkek,Kulüp,Takım Sporu,İtalya,Yabancı,Yok,TV+ Var,Yıllık,Sürekli Lig,Canlı İzle,İzleme,Maç,Jenerik,Türkçe,Body,h2h_izle
juventus lazio hangi kanalda,Serie A,Futbol,Lig,1. Seviye,Global Elit,Erkek,Kulüp,Takım Sporu,İtalya,Yabancı,Yok,TV+ Var,Yıllık,Sürekli Lig,Kanal/Yayın,İzleme,Maç,Jenerik,İngilizce,Body,h2h_kanal
juventus lazio saat kaçta,Serie A,Futbol,Lig,1. Seviye,Global Elit,Erkek,Kulüp,Takım Sporu,İtalya,Yabancı,Yok,TV+ Var,Yıllık,Sürekli Lig,Takvim/Saat,Bilgi,Maç,Jenerik,Türkçe,Body,h2h_saat
juventus lazio istatistikleri,Serie A,Futbol,Lig,1. Seviye,Global Elit,Erkek,Kulüp,Takım Sporu,İtalya,Yabancı,Yok,TV+ Var,Yıllık,Sürekli Lig,İstatistik,Bilgi,Maç,Jenerik,İngilizce,Body,h2h_ist
inter milan,Serie A,Futbol,Lig,1. Seviye,Global Elit,Erkek,Kulüp,Takım Sporu,İtalya,Yabancı,Yok,TV+ Var,Yıllık,Sürekli Lig,Rakip Eşleşmesi,Bilgi,Maç,Jenerik,İngilizce,Head,h2h
inter milan maçı,Serie A,Futbol,Lig,1. Seviye,Global Elit,Erkek,Kulüp,Takım Sporu,İtalya,Yabancı,Yok,TV+ Var,Yıllık,Sürekli Lig,Rakip Eşleşmesi,Bilgi,Maç,Jenerik,Türkçe,Body,h2h_mac
inter milan canlı izle,Serie A,Futbol,Lig,1. Seviye,Global Elit,Erkek,Kulüp,Takım Sporu,İtalya,Yabancı,Yok,TV+ Var,Yıllık,Sürekli Lig,Canlı İzle,İzleme,Maç,Jenerik,Türkçe,Body,h2h_izle
inter milan hangi kanalda,Serie A,Futbol,Lig,1. Seviye,Global Elit,Erkek,Kulüp,Takım Sporu,İtalya,Yabancı,Yok,TV+ Var,Yıllık,Sürekli Lig,Kanal/Yayın,İzleme,Maç,Jenerik,İngilizce,Body,h2h_kanal
inter milan saat kaçta,Serie A,Futbol,Lig,1. Seviye,Global Elit,Erkek,Kulüp,Takım Sporu,İtalya,Yabancı,Yok,TV+ Var,Yıllık,Sürekli Lig,Takvim/Saat,Bilgi,Maç,Jenerik,Türkçe,Body,h2h_saat
inter milan istatistikleri,Serie A,Futbol,Lig,1. Seviye,Global Elit,Erkek,Kulüp,Takım Sporu,İtalya,Yabancı,Yok,TV+ Var,Yıllık,Sürekli Lig,İstatistik,Bilgi,Maç,Jenerik,İngilizce,Body,h2h_ist
inter napoli,Serie A,Futbol,Lig,1. Seviye,Global Elit,Erkek,Kulüp,Takım Sporu,İtalya,Yabancı,Yok,TV+ Var,Yıllık,Sürekli Lig,Rakip Eşleşmesi,Bilgi,Maç,Jenerik,İngilizce,Head,h2h
inter napoli maçı,Serie A,Futbol,Lig,1. Seviye,Global Elit,Erkek,Kulüp,Takım Sporu,İtalya,Yabancı,Yok,TV+ Var,Yıllık,Sürekli Lig,Rakip Eşleşmesi,Bilgi,Maç,Jenerik,Türkçe,Body,h2h_mac
inter napoli canlı izle,Serie A,Futbol,Lig,1. Seviye,Global Elit,Erkek,Kulüp,Takım Sporu,İtalya,Yabancı,Yok,TV+ Var,Yıllık,Sürekli Lig,Canlı İzle,İzleme,Maç,Jenerik,Türkçe,Body,h2h_izle
inter napoli hangi kanalda,Serie A,Futbol,Lig,1. Seviye,Global Elit,Erkek,Kulüp,Takım Sporu,İtalya,Yabancı,Yok,TV+ Var,Yıllık,Sürekli Lig,Kanal/Yayın,İzleme,Maç,Jenerik,İngilizce,Body,h2h_kanal
inter napoli saat kaçta,Serie A,Futbol,Lig,1. Seviye,Global Elit,Erkek,Kulüp,Takım Sporu,İtalya,Yabancı,Yok,TV+ Var,Yıllık,Sürekli Lig,Takvim/Saat,Bilgi,Maç,Jenerik,Türkçe,Body,h2h_saat
inter napoli istatistikleri,Serie A,Futbol,Lig,1. Seviye,Global Elit,Erkek,Kulüp,Takım Sporu,İtalya,Yabancı,Yok,TV+ Var,Yıllık,Sürekli Lig,İstatistik,Bilgi,Maç,Jenerik,İngilizce,Body,h2h_ist
inter roma,Serie A,Futbol,Lig,1. Seviye,Global Elit,Erkek,Kulüp,Takım Sporu,İtalya,Yabancı,Yok,TV+ Var,Yıllık,Sürekli Lig,Rakip Eşleşmesi,Bilgi,Maç,Jenerik,İngilizce,Head,h2h
inter roma maçı,Serie A,Futbol,Lig,1. Seviye,Global Elit,Erkek,Kulüp,Takım Sporu,İtalya,Yabancı,Yok,TV+ Var,Yıllık,Sürekli Lig,Rakip Eşleşmesi,Bilgi,Maç,Jenerik,Türkçe,Body,h2h_mac
inter roma canlı izle,Serie A,Futbol,Lig,1. Seviye,Global Elit,Erkek,Kulüp,Takım Sporu,İtalya,Yabancı,Yok,TV+ Var,Yıllık,Sürekli Lig,Canlı İzle,İzleme,Maç,Jenerik,Türkçe,Body,h2h_izle
inter roma hangi kanalda,Serie A,Futbol,Lig,1. Seviye,Global Elit,Erkek,Kulüp,Takım Sporu,İtalya,Yabancı,Yok,TV+ Var,Yıllık,Sürekli Lig,Kanal/Yayın,İzleme,Maç,Jenerik,İngilizce,Body,h2h_kanal
inter roma saat kaçta,Serie A,Futbol,Lig,1. Seviye,Global Elit,Erkek,Kulüp,Takım Sporu,İtalya,Yabancı,Yok,TV+ Var,Yıllık,Sürekli Lig,Takvim/Saat,Bilgi,Maç,Jenerik,Türkçe,Body,h2h_saat
inter roma istatistikleri,Serie A,Futbol,Lig,1. Seviye,Global Elit,Erkek,Kulüp,Takım Sporu,İtalya,Yabancı,Yok,TV+ Var,Yıllık,Sürekli Lig,İstatistik,Bilgi,Maç,Jenerik,İngilizce,Body,h2h_ist
inter lazio,Serie A,Futbol,Lig,1. Seviye,Global Elit,Erkek,Kulüp,Takım Sporu,İtalya,Yabancı,Yok,TV+ Var,Yıllık,Sürekli Lig,Rakip Eşleşmesi,Bilgi,Maç,Jenerik,İngilizce,Head,h2h
inter lazio maçı,Serie A,Futbol,Lig,1. Seviye,Global Elit,Erkek,Kulüp,Takım Sporu,İtalya,Yabancı,Yok,TV+ Var,Yıllık,Sürekli Lig,Rakip Eşleşmesi,Bilgi,Maç,Jenerik,Türkçe,Body,h2h_mac
inter lazio canlı izle,Serie A,Futbol,Lig,1. Seviye,Global Elit,Erkek,Kulüp,Takım Sporu,İtalya,Yabancı,Yok,TV+ Var,Yıllık,Sürekli Lig,Canlı İzle,İzleme,Maç,Jenerik,Türkçe,Body,h2h_izle
inter lazio hangi kanalda,Serie A,Futbol,Lig,1. Seviye,Global Elit,Erkek,Kulüp,Takım Sporu,İtalya,Yabancı,Yok,TV+ Var,Yıllık,Sürekli Lig,Kanal/Yayın,İzleme,Maç,Jenerik,İngilizce,Body,h2h_kanal
inter lazio saat kaçta,Serie A,Futbol,Lig,1. Seviye,Global Elit,Erkek,Kulüp,Takım Sporu,İtalya,Yabancı,Yok,TV+ Var,Yıllık,Sürekli Lig,Takvim/Saat,Bilgi,Maç,Jenerik,Türkçe,Body,h2h_saat
inter lazio istatistikleri,Serie A,Futbol,Lig,1. Seviye,Global Elit,Erkek,Kulüp,Takım Sporu,İtalya,Yabancı,Yok,TV+ Var,Yıllık,Sürekli Lig,İstatistik,Bilgi,Maç,Jenerik,İngilizce,Body,h2h_ist
milan napoli,Serie A,Futbol,Lig,1. Seviye,Global Elit,Erkek,Kulüp,Takım Sporu,İtalya,Yabancı,Yok,TV+ Var,Yıllık,Sürekli Lig,Rakip Eşleşmesi,Bilgi,Maç,Jenerik,İngilizce,Head,h2h
milan napoli maçı,Serie A,Futbol,Lig,1. Seviye,Global Elit,Erkek,Kulüp,Takım Sporu,İtalya,Yabancı,Yok,TV+ Var,Yıllık,Sürekli Lig,Rakip Eşleşmesi,Bilgi,Maç,Jenerik,Türkçe,Body,h2h_mac
milan napoli canlı izle,Serie A,Futbol,Lig,1. Seviye,Global Elit,Erkek,Kulüp,Takım Sporu,İtalya,Yabancı,Yok,TV+ Var,Yıllık,Sürekli Lig,Canlı İzle,İzleme,Maç,Jenerik,Türkçe,Body,h2h_izle
milan napoli hangi kanalda,Serie A,Futbol,Lig,1. Seviye,Global Elit,Erkek,Kulüp,Takım Sporu,İtalya,Yabancı,Yok,TV+ Var,Yıllık,Sürekli Lig,Kanal/Yayın,İzleme,Maç,Jenerik,İngilizce,Body,h2h_kanal
milan napoli saat kaçta,Serie A,Futbol,Lig,1. Seviye,Global Elit,Erkek,Kulüp,Takım Sporu,İtalya,Yabancı,Yok,TV+ Var,Yıllık,Sürekli Lig,Takvim/Saat,Bilgi,Maç,Jenerik,Türkçe,Body,h2h_saat
milan napoli istatistikleri,Serie A,Futbol,Lig,1. Seviye,Global Elit,Erkek,Kulüp,Takım Sporu,İtalya,Yabancı,Yok,TV+ Var,Yıllık,Sürekli Lig,İstatistik,Bilgi,Maç,Jenerik,İngilizce,Body,h2h_ist
milan roma,Serie A,Futbol,Lig,1. Seviye,Global Elit,Erkek,Kulüp,Takım Sporu,İtalya,Yabancı,Yok,TV+ Var,Yıllık,Sürekli Lig,Rakip Eşleşmesi,Bilgi,Maç,Jenerik,İngilizce,Head,h2h
milan roma maçı,Serie A,Futbol,Lig,1. Seviye,Global Elit,Erkek,Kulüp,Takım Sporu,İtalya,Yabancı,Yok,TV+ Var,Yıllık,Sürekli Lig,Rakip Eşleşmesi,Bilgi,Maç,Jenerik,Türkçe,Body,h2h_mac
milan roma canlı izle,Serie A,Futbol,Lig,1. Seviye,Global Elit,Erkek,Kulüp,Takım Sporu,İtalya,Yabancı,Yok,TV+ Var,Yıllık,Sürekli Lig,Canlı İzle,İzleme,Maç,Jenerik,Türkçe,Body,h2h_izle
milan roma hangi kanalda,Serie A,Futbol,Lig,1. Seviye,Global Elit,Erkek,Kulüp,Takım Sporu,İtalya,Yabancı,Yok,TV+ Var,Yıllık,Sürekli Lig,Kanal/Yayın,İzleme,Maç,Jenerik,İngilizce,Body,h2h_kanal
milan roma saat kaçta,Serie A,Futbol,Lig,1. Seviye,Global Elit,Erkek,Kulüp,Takım Sporu,İtalya,Yabancı,Yok,TV+ Var,Yıllık,Sürekli Lig,Takvim/Saat,Bilgi,Maç,Jenerik,Türkçe,Body,h2h_saat
milan roma istatistikleri,Serie A,Futbol,Lig,1. Seviye,Global Elit,Erkek,Kulüp,Takım Sporu,İtalya,Yabancı,Yok,TV+ Var,Yıllık,Sürekli Lig,İstatistik,Bilgi,Maç,Jenerik,İngilizce,Body,h2h_ist
milan lazio,Serie A,Futbol,Lig,1. Seviye,Global Elit,Erkek,Kulüp,Takım Sporu,İtalya,Yabancı,Yok,TV+ Var,Yıllık,Sürekli Lig,Rakip Eşleşmesi,Bilgi,Maç,Jenerik,İngilizce,Head,h2h
milan lazio maçı,Serie A,Futbol,Lig,1. Seviye,Global Elit,Erkek,Kulüp,Takım Sporu,İtalya,Yabancı,Yok,TV+ Var,Yıllık,Sürekli Lig,Rakip Eşleşmesi,Bilgi,Maç,Jenerik,Türkçe,Body,h2h_mac
milan lazio canlı izle,Serie A,Futbol,Lig,1. Seviye,Global Elit,Erkek,Kulüp,Takım Sporu,İtalya,Yabancı,Yok,TV+ Var,Yıllık,Sürekli Lig,Canlı İzle,İzleme,Maç,Jenerik,Türkçe,Body,h2h_izle
milan lazio hangi kanalda,Serie A,Futbol,Lig,1. Seviye,Global Elit,Erkek,Kulüp,Takım Sporu,İtalya,Yabancı,Yok,TV+ Var,Yıllık,Sürekli Lig,Kanal/Yayın,İzleme,Maç,Jenerik,İngilizce,Body,h2h_kanal
milan lazio saat kaçta,Serie A,Futbol,Lig,1. Seviye,Global Elit,Erkek,Kulüp,Takım Sporu,İtalya,Yabancı,Yok,TV+ Var,Yıllık,Sürekli Lig,Takvim/Saat,Bilgi,Maç,Jenerik,Türkçe,Body,h2h_saat
milan lazio istatistikleri,Serie A,Futbol,Lig,1. Seviye,Global Elit,Erkek,Kulüp,Takım Sporu,İtalya,Yabancı,Yok,TV+ Var,Yıllık,Sürekli Lig,İstatistik,Bilgi,Maç,Jenerik,İngilizce,Body,h2h_ist
napoli roma,Serie A,Futbol,Lig,1. Seviye,Global Elit,Erkek,Kulüp,Takım Sporu,İtalya,Yabancı,Yok,TV+ Var,Yıllık,Sürekli Lig,Rakip Eşleşmesi,Bilgi,Maç,Jenerik,İngilizce,Head,h2h
napoli roma maçı,Serie A,Futbol,Lig,1. Seviye,Global Elit,Erkek,Kulüp,Takım Sporu,İtalya,Yabancı,Yok,TV+ Var,Yıllık,Sürekli Lig,Rakip Eşleşmesi,Bilgi,Maç,Jenerik,Türkçe,Body,h2h_mac
napoli roma canlı izle,Serie A,Futbol,Lig,1. Seviye,Global Elit,Erkek,Kulüp,Takım Sporu,İtalya,Yabancı,Yok,TV+ Var,Yıllık,Sürekli Lig,Canlı İzle,İzleme,Maç,Jenerik,Türkçe,Body,h2h_izle
napoli roma hangi kanalda,Serie A,Futbol,Lig,1. Seviye,Global Elit,Erkek,Kulüp,Takım Sporu,İtalya,Yabancı,Yok,TV+ Var,Yıllık,Sürekli Lig,Kanal/Yayın,İzleme,Maç,Jenerik,İngilizce,Body,h2h_kanal
napoli roma saat kaçta,Serie A,Futbol,Lig,1. Seviye,Global Elit,Erkek,Kulüp,Takım Sporu,İtalya,Yabancı,Yok,TV+ Var,Yıllık,Sürekli Lig,Takvim/Saat,Bilgi,Maç,Jenerik,Türkçe,Body,h2h_saat
napoli roma istatistikleri,Serie A,Futbol,Lig,1. Seviye,Global Elit,Erkek,Kulüp,Takım Sporu,İtalya,Yabancı,Yok,TV+ Var,Yıllık,Sürekli Lig,İstatistik,Bilgi,Maç,Jenerik,İngilizce,Body,h2h_ist
napoli lazio,Serie A,Futbol,Lig,1. Seviye,Global Elit,Erkek,Kulüp,Takım Sporu,İtalya,Yabancı,Yok,TV+ Var,Yıllık,Sürekli Lig,Rakip Eşleşmesi,Bilgi,Maç,Jenerik,İngilizce,Head,h2h
napoli lazio maçı,Serie A,Futbol,Lig,1. Seviye,Global Elit,Erkek,Kulüp,Takım Sporu,İtalya,Yabancı,Yok,TV+ Var,Yıllık,Sürekli Lig,Rakip Eşleşmesi,Bilgi,Maç,Jenerik,Türkçe,Body,h2h_mac
napoli lazio canlı izle,Serie A,Futbol,Lig,1. Seviye,Global Elit,Erkek,Kulüp,Takım Sporu,İtalya,Yabancı,Yok,TV+ Var,Yıllık,Sürekli Lig,Canlı İzle,İzleme,Maç,Jenerik,Türkçe,Body,h2h_izle
napoli lazio hangi kanalda,Serie A,Futbol,Lig,1. Seviye,Global Elit,Erkek,Kulüp,Takım Sporu,İtalya,Yabancı,Yok,TV+ Var,Yıllık,Sürekli Lig,Kanal/Yayın,İzleme,Maç,Jenerik,İngilizce,Body,h2h_kanal
napoli lazio saat kaçta,Serie A,Futbol,Lig,1. Seviye,Global Elit,Erkek,Kulüp,Takım Sporu,İtalya,Yabancı,Yok,TV+ Var,Yıllık,Sürekli Lig,Takvim/Saat,Bilgi,Maç,Jenerik,Türkçe,Body,h2h_saat
napoli lazio istatistikleri,Serie A,Futbol,Lig,1. Seviye,Global Elit,Erkek,Kulüp,Takım Sporu,İtalya,Yabancı,Yok,TV+ Var,Yıllık,Sürekli Lig,İstatistik,Bilgi,Maç,Jenerik,İngilizce,Body,h2h_ist
roma lazio,Serie A,Futbol,Lig,1. Seviye,Global Elit,Erkek,Kulüp,Takım Sporu,İtalya,Yabancı,Yok,TV+ Var,Yıllık,Sürekli Lig,Rakip Eşleşmesi,Bilgi,Maç,Jenerik,İngilizce,Head,h2h
roma lazio maçı,Serie A,Futbol,Lig,1. Seviye,Global Elit,Erkek,Kulüp,Takım Sporu,İtalya,Yabancı,Yok,TV+ Var,Yıllık,Sürekli Lig,Rakip Eşleşmesi,Bilgi,Maç,Jenerik,Türkçe,Body,h2h_mac
roma lazio canlı izle,Serie A,Futbol,Lig,1. Seviye,Global Elit,Erkek,Kulüp,Takım Sporu,İtalya,Yabancı,Yok,TV+ Var,Yıllık,Sürekli Lig,Canlı İzle,İzleme,Maç,Jenerik,Türkçe,Body,h2h_izle
roma lazio hangi kanalda,Serie A,Futbol,Lig,1. Seviye,Global Elit,Erkek,Kulüp,Takım Sporu,İtalya,Yabancı,Yok,TV+ Var,Yıllık,Sürekli Lig,Kanal/Yayın,İzleme,Maç,Jenerik,İngilizce,Body,h2h_kanal
roma lazio saat kaçta,Serie A,Futbol,Lig,1. Seviye,Global Elit,Erkek,Kulüp,Takım Sporu,İtalya,Yabancı,Yok,TV+ Var,Yıllık,Sürekli Lig,Takvim/Saat,Bilgi,Maç,Jenerik,Türkçe,Body,h2h_saat
roma lazio istatistikleri,Serie A,Futbol,Lig,1. Seviye,Global Elit,Erkek,Kulüp,Takım Sporu,İtalya,Yabancı,Yok,TV+ Var,Yıllık,Sürekli Lig,İstatistik,Bilgi,Maç,Jenerik,İngilizce,Body,h2h_ist
manchester united manchester city,Premier Lig,Futbol,Lig,1. Seviye,Global Elit,Erkek,Kulüp,Takım Sporu,İngiltere,Yabancı,Yok,TV+ Yok,Yıllık,Sürekli Lig,Rakip Eşleşmesi,Bilgi,Maç,Jenerik,İngilizce,Body,h2h
manchester united manchester city maçı,Premier Lig,Futbol,Lig,1. Seviye,Global Elit,Erkek,Kulüp,Takım Sporu,İngiltere,Yabancı,Yok,TV+ Yok,Yıllık,Sürekli Lig,Rakip Eşleşmesi,Bilgi,Maç,Jenerik,Türkçe,Long-tail,h2h_mac
manchester united manchester city canlı izle,Premier Lig,Futbol,Lig,1. Seviye,Global Elit,Erkek,Kulüp,Takım Sporu,İngiltere,Yabancı,Yok,TV+ Yok,Yıllık,Sürekli Lig,Canlı İzle,İzleme,Maç,Jenerik,Türkçe,Long-tail,h2h_izle
manchester united manchester city hangi kanalda,Premier Lig,Futbol,Lig,1. Seviye,Global Elit,Erkek,Kulüp,Takım Sporu,İngiltere,Yabancı,Yok,TV+ Yok,Yıllık,Sürekli Lig,Kanal/Yayın,İzleme,Maç,Jenerik,İngilizce,Long-tail,h2h_kanal
manchester united manchester city saat kaçta,Premier Lig,Futbol,Lig,1. Seviye,Global Elit,Erkek,Kulüp,Takım Sporu,İngiltere,Yabancı,Yok,TV+ Yok,Yıllık,Sürekli Lig,Takvim/Saat,Bilgi,Maç,Jenerik,Türkçe,Long-tail,h2h_saat
manchester united manchester city istatistikleri,Premier Lig,Futbol,Lig,1. Seviye,Global Elit,Erkek,Kulüp,Takım Sporu,İngiltere,Yabancı,Yok,TV+ Yok,Yıllık,Sürekli Lig,İstatistik,Bilgi,Maç,Jenerik,İngilizce,Long-tail,h2h_ist
manchester united liverpool,Premier Lig,Futbol,Lig,1. Seviye,Global Elit,Erkek,Kulüp,Takım Sporu,İngiltere,Yabancı,Yok,TV+ Yok,Yıllık,Sürekli Lig,Rakip Eşleşmesi,Bilgi,Maç,Jenerik,İngilizce,Body,h2h
manchester united liverpool maçı,Premier Lig,Futbol,Lig,1. Seviye,Global Elit,Erkek,Kulüp,Takım Sporu,İngiltere,Yabancı,Yok,TV+ Yok,Yıllık,Sürekli Lig,Rakip Eşleşmesi,Bilgi,Maç,Jenerik,Türkçe,Body,h2h_mac
manchester united liverpool canlı izle,Premier Lig,Futbol,Lig,1. Seviye,Global Elit,Erkek,Kulüp,Takım Sporu,İngiltere,Yabancı,Yok,TV+ Yok,Yıllık,Sürekli Lig,Canlı İzle,İzleme,Maç,Jenerik,Türkçe,Long-tail,h2h_izle
manchester united liverpool hangi kanalda,Premier Lig,Futbol,Lig,1. Seviye,Global Elit,Erkek,Kulüp,Takım Sporu,İngiltere,Yabancı,Yok,TV+ Yok,Yıllık,Sürekli Lig,Kanal/Yayın,İzleme,Maç,Jenerik,İngilizce,Long-tail,h2h_kanal
manchester united liverpool saat kaçta,Premier Lig,Futbol,Lig,1. Seviye,Global Elit,Erkek,Kulüp,Takım Sporu,İngiltere,Yabancı,Yok,TV+ Yok,Yıllık,Sürekli Lig,Takvim/Saat,Bilgi,Maç,Jenerik,Türkçe,Long-tail,h2h_saat
manchester united liverpool istatistikleri,Premier Lig,Futbol,Lig,1. Seviye,Global Elit,Erkek,Kulüp,Takım Sporu,İngiltere,Yabancı,Yok,TV+ Yok,Yıllık,Sürekli Lig,İstatistik,Bilgi,Maç,Jenerik,İngilizce,Body,h2h_ist
manchester united arsenal,Premier Lig,Futbol,Lig,1. Seviye,Global Elit,Erkek,Kulüp,Takım Sporu,İngiltere,Yabancı,Yok,TV+ Yok,Yıllık,Sürekli Lig,Rakip Eşleşmesi,Bilgi,Maç,Jenerik,İngilizce,Body,h2h
manchester united arsenal maçı,Premier Lig,Futbol,Lig,1. Seviye,Global Elit,Erkek,Kulüp,Takım Sporu,İngiltere,Yabancı,Yok,TV+ Yok,Yıllık,Sürekli Lig,Rakip Eşleşmesi,Bilgi,Maç,Jenerik,Türkçe,Body,h2h_mac
manchester united arsenal canlı izle,Premier Lig,Futbol,Lig,1. Seviye,Global Elit,Erkek,Kulüp,Takım Sporu,İngiltere,Yabancı,Yok,TV+ Yok,Yıllık,Sürekli Lig,Canlı İzle,İzleme,Maç,Jenerik,Türkçe,Long-tail,h2h_izle
manchester united arsenal hangi kanalda,Premier Lig,Futbol,Lig,1. Seviye,Global Elit,Erkek,Kulüp,Takım Sporu,İngiltere,Yabancı,Yok,TV+ Yok,Yıllık,Sürekli Lig,Kanal/Yayın,İzleme,Maç,Jenerik,İngilizce,Long-tail,h2h_kanal
manchester united arsenal saat kaçta,Premier Lig,Futbol,Lig,1. Seviye,Global Elit,Erkek,Kulüp,Takım Sporu,İngiltere,Yabancı,Yok,TV+ Yok,Yıllık,Sürekli Lig,Takvim/Saat,Bilgi,Maç,Jenerik,Türkçe,Long-tail,h2h_saat
manchester united arsenal istatistikleri,Premier Lig,Futbol,Lig,1. Seviye,Global Elit,Erkek,Kulüp,Takım Sporu,İngiltere,Yabancı,Yok,TV+ Yok,Yıllık,Sürekli Lig,İstatistik,Bilgi,Maç,Jenerik,İngilizce,Body,h2h_ist
manchester united chelsea,Premier Lig,Futbol,Lig,1. Seviye,Global Elit,Erkek,Kulüp,Takım Sporu,İngiltere,Yabancı,Yok,TV+ Yok,Yıllık,Sürekli Lig,Rakip Eşleşmesi,Bilgi,Maç,Jenerik,İngilizce,Body,h2h
manchester united chelsea maçı,Premier Lig,Futbol,Lig,1. Seviye,Global Elit,Erkek,Kulüp,Takım Sporu,İngiltere,Yabancı,Yok,TV+ Yok,Yıllık,Sürekli Lig,Rakip Eşleşmesi,Bilgi,Maç,Jenerik,Türkçe,Body,h2h_mac
manchester united chelsea canlı izle,Premier Lig,Futbol,Lig,1. Seviye,Global Elit,Erkek,Kulüp,Takım Sporu,İngiltere,Yabancı,Yok,TV+ Yok,Yıllık,Sürekli Lig,Canlı İzle,İzleme,Maç,Jenerik,Türkçe,Long-tail,h2h_izle
manchester united chelsea hangi kanalda,Premier Lig,Futbol,Lig,1. Seviye,Global Elit,Erkek,Kulüp,Takım Sporu,İngiltere,Yabancı,Yok,TV+ Yok,Yıllık,Sürekli Lig,Kanal/Yayın,İzleme,Maç,Jenerik,İngilizce,Long-tail,h2h_kanal
manchester united chelsea saat kaçta,Premier Lig,Futbol,Lig,1. Seviye,Global Elit,Erkek,Kulüp,Takım Sporu,İngiltere,Yabancı,Yok,TV+ Yok,Yıllık,Sürekli Lig,Takvim/Saat,Bilgi,Maç,Jenerik,Türkçe,Long-tail,h2h_saat
manchester united chelsea istatistikleri,Premier Lig,Futbol,Lig,1. Seviye,Global Elit,Erkek,Kulüp,Takım Sporu,İngiltere,Yabancı,Yok,TV+ Yok,Yıllık,Sürekli Lig,İstatistik,Bilgi,Maç,Jenerik,İngilizce,Body,h2h_ist
manchester united tottenham,Premier Lig,Futbol,Lig,1. Seviye,Global Elit,Erkek,Kulüp,Takım Sporu,İngiltere,Yabancı,Yok,TV+ Yok,Yıllık,Sürekli Lig,Rakip Eşleşmesi,Bilgi,Maç,Jenerik,İngilizce,Body,h2h
manchester united tottenham maçı,Premier Lig,Futbol,Lig,1. Seviye,Global Elit,Erkek,Kulüp,Takım Sporu,İngiltere,Yabancı,Yok,TV+ Yok,Yıllık,Sürekli Lig,Rakip Eşleşmesi,Bilgi,Maç,Jenerik,Türkçe,Body,h2h_mac
manchester united tottenham canlı izle,Premier Lig,Futbol,Lig,1. Seviye,Global Elit,Erkek,Kulüp,Takım Sporu,İngiltere,Yabancı,Yok,TV+ Yok,Yıllık,Sürekli Lig,Canlı İzle,İzleme,Maç,Jenerik,Türkçe,Long-tail,h2h_izle
manchester united tottenham hangi kanalda,Premier Lig,Futbol,Lig,1. Seviye,Global Elit,Erkek,Kulüp,Takım Sporu,İngiltere,Yabancı,Yok,TV+ Yok,Yıllık,Sürekli Lig,Kanal/Yayın,İzleme,Maç,Jenerik,İngilizce,Long-tail,h2h_kanal
manchester united tottenham saat kaçta,Premier Lig,Futbol,Lig,1. Seviye,Global Elit,Erkek,Kulüp,Takım Sporu,İngiltere,Yabancı,Yok,TV+ Yok,Yıllık,Sürekli Lig,Takvim/Saat,Bilgi,Maç,Jenerik,Türkçe,Long-tail,h2h_saat
manchester united tottenham istatistikleri,Premier Lig,Futbol,Lig,1. Seviye,Global Elit,Erkek,Kulüp,Takım Sporu,İngiltere,Yabancı,Yok,TV+ Yok,Yıllık,Sürekli Lig,İstatistik,Bilgi,Maç,Jenerik,İngilizce,Body,h2h_ist
manchester city liverpool,Premier Lig,Futbol,Lig,1. Seviye,Global Elit,Erkek,Kulüp,Takım Sporu,İngiltere,Yabancı,Yok,TV+ Yok,Yıllık,Sürekli Lig,Rakip Eşleşmesi,Bilgi,Maç,Jenerik,İngilizce,Body,h2h
manchester city liverpool maçı,Premier Lig,Futbol,Lig,1. Seviye,Global Elit,Erkek,Kulüp,Takım Sporu,İngiltere,Yabancı,Yok,TV+ Yok,Yıllık,Sürekli Lig,Rakip Eşleşmesi,Bilgi,Maç,Jenerik,Türkçe,Body,h2h_mac
manchester city liverpool canlı izle,Premier Lig,Futbol,Lig,1. Seviye,Global Elit,Erkek,Kulüp,Takım Sporu,İngiltere,Yabancı,Yok,TV+ Yok,Yıllık,Sürekli Lig,Canlı İzle,İzleme,Maç,Jenerik,Türkçe,Long-tail,h2h_izle
manchester city liverpool hangi kanalda,Premier Lig,Futbol,Lig,1. Seviye,Global Elit,Erkek,Kulüp,Takım Sporu,İngiltere,Yabancı,Yok,TV+ Yok,Yıllık,Sürekli Lig,Kanal/Yayın,İzleme,Maç,Jenerik,İngilizce,Long-tail,h2h_kanal
manchester city liverpool saat kaçta,Premier Lig,Futbol,Lig,1. Seviye,Global Elit,Erkek,Kulüp,Takım Sporu,İngiltere,Yabancı,Yok,TV+ Yok,Yıllık,Sürekli Lig,Takvim/Saat,Bilgi,Maç,Jenerik,Türkçe,Long-tail,h2h_saat
manchester city liverpool istatistikleri,Premier Lig,Futbol,Lig,1. Seviye,Global Elit,Erkek,Kulüp,Takım Sporu,İngiltere,Yabancı,Yok,TV+ Yok,Yıllık,Sürekli Lig,İstatistik,Bilgi,Maç,Jenerik,İngilizce,Body,h2h_ist
manchester city arsenal,Premier Lig,Futbol,Lig,1. Seviye,Global Elit,Erkek,Kulüp,Takım Sporu,İngiltere,Yabancı,Yok,TV+ Yok,Yıllık,Sürekli Lig,Rakip Eşleşmesi,Bilgi,Maç,Jenerik,İngilizce,Body,h2h
manchester city arsenal maçı,Premier Lig,Futbol,Lig,1. Seviye,Global Elit,Erkek,Kulüp,Takım Sporu,İngiltere,Yabancı,Yok,TV+ Yok,Yıllık,Sürekli Lig,Rakip Eşleşmesi,Bilgi,Maç,Jenerik,Türkçe,Body,h2h_mac
manchester city arsenal canlı izle,Premier Lig,Futbol,Lig,1. Seviye,Global Elit,Erkek,Kulüp,Takım Sporu,İngiltere,Yabancı,Yok,TV+ Yok,Yıllık,Sürekli Lig,Canlı İzle,İzleme,Maç,Jenerik,Türkçe,Long-tail,h2h_izle
manchester city arsenal hangi kanalda,Premier Lig,Futbol,Lig,1. Seviye,Global Elit,Erkek,Kulüp,Takım Sporu,İngiltere,Yabancı,Yok,TV+ Yok,Yıllık,Sürekli Lig,Kanal/Yayın,İzleme,Maç,Jenerik,İngilizce,Long-tail,h2h_kanal
manchester city arsenal saat kaçta,Premier Lig,Futbol,Lig,1. Seviye,Global Elit,Erkek,Kulüp,Takım Sporu,İngiltere,Yabancı,Yok,TV+ Yok,Yıllık,Sürekli Lig,Takvim/Saat,Bilgi,Maç,Jenerik,Türkçe,Long-tail,h2h_saat
manchester city arsenal istatistikleri,Premier Lig,Futbol,Lig,1. Seviye,Global Elit,Erkek,Kulüp,Takım Sporu,İngiltere,Yabancı,Yok,TV+ Yok,Yıllık,Sürekli Lig,İstatistik,Bilgi,Maç,Jenerik,İngilizce,Body,h2h_ist
manchester city chelsea,Premier Lig,Futbol,Lig,1. Seviye,Global Elit,Erkek,Kulüp,Takım Sporu,İngiltere,Yabancı,Yok,TV+ Yok,Yıllık,Sürekli Lig,Rakip Eşleşmesi,Bilgi,Maç,Jenerik,İngilizce,Body,h2h
manchester city chelsea maçı,Premier Lig,Futbol,Lig,1. Seviye,Global Elit,Erkek,Kulüp,Takım Sporu,İngiltere,Yabancı,Yok,TV+ Yok,Yıllık,Sürekli Lig,Rakip Eşleşmesi,Bilgi,Maç,Jenerik,Türkçe,Body,h2h_mac
manchester city chelsea canlı izle,Premier Lig,Futbol,Lig,1. Seviye,Global Elit,Erkek,Kulüp,Takım Sporu,İngiltere,Yabancı,Yok,TV+ Yok,Yıllık,Sürekli Lig,Canlı İzle,İzleme,Maç,Jenerik,Türkçe,Long-tail,h2h_izle
manchester city chelsea hangi kanalda,Premier Lig,Futbol,Lig,1. Seviye,Global Elit,Erkek,Kulüp,Takım Sporu,İngiltere,Yabancı,Yok,TV+ Yok,Yıllık,Sürekli Lig,Kanal/Yayın,İzleme,Maç,Jenerik,İngilizce,Long-tail,h2h_kanal
manchester city chelsea saat kaçta,Premier Lig,Futbol,Lig,1. Seviye,Global Elit,Erkek,Kulüp,Takım Sporu,İngiltere,Yabancı,Yok,TV+ Yok,Yıllık,Sürekli Lig,Takvim/Saat,Bilgi,Maç,Jenerik,Türkçe,Long-tail,h2h_saat
manchester city chelsea istatistikleri,Premier Lig,Futbol,Lig,1. Seviye,Global Elit,Erkek,Kulüp,Takım Sporu,İngiltere,Yabancı,Yok,TV+ Yok,Yıllık,Sürekli Lig,İstatistik,Bilgi,Maç,Jenerik,İngilizce,Body,h2h_ist
manchester city tottenham,Premier Lig,Futbol,Lig,1. Seviye,Global Elit,Erkek,Kulüp,Takım Sporu,İngiltere,Yabancı,Yok,TV+ Yok,Yıllık,Sürekli Lig,Rakip Eşleşmesi,Bilgi,Maç,Jenerik,İngilizce,Body,h2h
manchester city tottenham maçı,Premier Lig,Futbol,Lig,1. Seviye,Global Elit,Erkek,Kulüp,Takım Sporu,İngiltere,Yabancı,Yok,TV+ Yok,Yıllık,Sürekli Lig,Rakip Eşleşmesi,Bilgi,Maç,Jenerik,Türkçe,Body,h2h_mac
manchester city tottenham canlı izle,Premier Lig,Futbol,Lig,1. Seviye,Global Elit,Erkek,Kulüp,Takım Sporu,İngiltere,Yabancı,Yok,TV+ Yok,Yıllık,Sürekli Lig,Canlı İzle,İzleme,Maç,Jenerik,Türkçe,Long-tail,h2h_izle
manchester city tottenham hangi kanalda,Premier Lig,Futbol,Lig,1. Seviye,Global Elit,Erkek,Kulüp,Takım Sporu,İngiltere,Yabancı,Yok,TV+ Yok,Yıllık,Sürekli Lig,Kanal/Yayın,İzleme,Maç,Jenerik,İngilizce,Long-tail,h2h_kanal
manchester city tottenham saat kaçta,Premier Lig,Futbol,Lig,1. Seviye,Global Elit,Erkek,Kulüp,Takım Sporu,İngiltere,Yabancı,Yok,TV+ Yok,Yıllık,Sürekli Lig,Takvim/Saat,Bilgi,Maç,Jenerik,Türkçe,Long-tail,h2h_saat
manchester city tottenham istatistikleri,Premier Lig,Futbol,Lig,1. Seviye,Global Elit,Erkek,Kulüp,Takım Sporu,İngiltere,Yabancı,Yok,TV+ Yok,Yıllık,Sürekli Lig,İstatistik,Bilgi,Maç,Jenerik,İngilizce,Body,h2h_ist
liverpool arsenal,Premier Lig,Futbol,Lig,1. Seviye,Global Elit,Erkek,Kulüp,Takım Sporu,İngiltere,Yabancı,Yok,TV+ Yok,Yıllık,Sürekli Lig,Rakip Eşleşmesi,Bilgi,Maç,Jenerik,İngilizce,Head,h2h
liverpool arsenal maçı,Premier Lig,Futbol,Lig,1. Seviye,Global Elit,Erkek,Kulüp,Takım Sporu,İngiltere,Yabancı,Yok,TV+ Yok,Yıllık,Sürekli Lig,Rakip Eşleşmesi,Bilgi,Maç,Jenerik,Türkçe,Body,h2h_mac
liverpool arsenal canlı izle,Premier Lig,Futbol,Lig,1. Seviye,Global Elit,Erkek,Kulüp,Takım Sporu,İngiltere,Yabancı,Yok,TV+ Yok,Yıllık,Sürekli Lig,Canlı İzle,İzleme,Maç,Jenerik,Türkçe,Body,h2h_izle
liverpool arsenal hangi kanalda,Premier Lig,Futbol,Lig,1. Seviye,Global Elit,Erkek,Kulüp,Takım Sporu,İngiltere,Yabancı,Yok,TV+ Yok,Yıllık,Sürekli Lig,Kanal/Yayın,İzleme,Maç,Jenerik,İngilizce,Body,h2h_kanal
liverpool arsenal saat kaçta,Premier Lig,Futbol,Lig,1. Seviye,Global Elit,Erkek,Kulüp,Takım Sporu,İngiltere,Yabancı,Yok,TV+ Yok,Yıllık,Sürekli Lig,Takvim/Saat,Bilgi,Maç,Jenerik,Türkçe,Body,h2h_saat
liverpool arsenal istatistikleri,Premier Lig,Futbol,Lig,1. Seviye,Global Elit,Erkek,Kulüp,Takım Sporu,İngiltere,Yabancı,Yok,TV+ Yok,Yıllık,Sürekli Lig,İstatistik,Bilgi,Maç,Jenerik,İngilizce,Body,h2h_ist
liverpool chelsea,Premier Lig,Futbol,Lig,1. Seviye,Global Elit,Erkek,Kulüp,Takım Sporu,İngiltere,Yabancı,Yok,TV+ Yok,Yıllık,Sürekli Lig,Rakip Eşleşmesi,Bilgi,Maç,Jenerik,İngilizce,Head,h2h
liverpool chelsea maçı,Premier Lig,Futbol,Lig,1. Seviye,Global Elit,Erkek,Kulüp,Takım Sporu,İngiltere,Yabancı,Yok,TV+ Yok,Yıllık,Sürekli Lig,Rakip Eşleşmesi,Bilgi,Maç,Jenerik,Türkçe,Body,h2h_mac
liverpool chelsea canlı izle,Premier Lig,Futbol,Lig,1. Seviye,Global Elit,Erkek,Kulüp,Takım Sporu,İngiltere,Yabancı,Yok,TV+ Yok,Yıllık,Sürekli Lig,Canlı İzle,İzleme,Maç,Jenerik,Türkçe,Body,h2h_izle
liverpool chelsea hangi kanalda,Premier Lig,Futbol,Lig,1. Seviye,Global Elit,Erkek,Kulüp,Takım Sporu,İngiltere,Yabancı,Yok,TV+ Yok,Yıllık,Sürekli Lig,Kanal/Yayın,İzleme,Maç,Jenerik,İngilizce,Body,h2h_kanal
liverpool chelsea saat kaçta,Premier Lig,Futbol,Lig,1. Seviye,Global Elit,Erkek,Kulüp,Takım Sporu,İngiltere,Yabancı,Yok,TV+ Yok,Yıllık,Sürekli Lig,Takvim/Saat,Bilgi,Maç,Jenerik,Türkçe,Body,h2h_saat
liverpool chelsea istatistikleri,Premier Lig,Futbol,Lig,1. Seviye,Global Elit,Erkek,Kulüp,Takım Sporu,İngiltere,Yabancı,Yok,TV+ Yok,Yıllık,Sürekli Lig,İstatistik,Bilgi,Maç,Jenerik,İngilizce,Body,h2h_ist
liverpool tottenham,Premier Lig,Futbol,Lig,1. Seviye,Global Elit,Erkek,Kulüp,Takım Sporu,İngiltere,Yabancı,Yok,TV+ Yok,Yıllık,Sürekli Lig,Rakip Eşleşmesi,Bilgi,Maç,Jenerik,İngilizce,Head,h2h
liverpool tottenham maçı,Premier Lig,Futbol,Lig,1. Seviye,Global Elit,Erkek,Kulüp,Takım Sporu,İngiltere,Yabancı,Yok,TV+ Yok,Yıllık,Sürekli Lig,Rakip Eşleşmesi,Bilgi,Maç,Jenerik,Türkçe,Body,h2h_mac
liverpool tottenham canlı izle,Premier Lig,Futbol,Lig,1. Seviye,Global Elit,Erkek,Kulüp,Takım Sporu,İngiltere,Yabancı,Yok,TV+ Yok,Yıllık,Sürekli Lig,Canlı İzle,İzleme,Maç,Jenerik,Türkçe,Body,h2h_izle
liverpool tottenham hangi kanalda,Premier Lig,Futbol,Lig,1. Seviye,Global Elit,Erkek,Kulüp,Takım Sporu,İngiltere,Yabancı,Yok,TV+ Yok,Yıllık,Sürekli Lig,Kanal/Yayın,İzleme,Maç,Jenerik,İngilizce,Body,h2h_kanal
liverpool tottenham saat kaçta,Premier Lig,Futbol,Lig,1. Seviye,Global Elit,Erkek,Kulüp,Takım Sporu,İngiltere,Yabancı,Yok,TV+ Yok,Yıllık,Sürekli Lig,Takvim/Saat,Bilgi,Maç,Jenerik,Türkçe,Body,h2h_saat
liverpool tottenham istatistikleri,Premier Lig,Futbol,Lig,1. Seviye,Global Elit,Erkek,Kulüp,Takım Sporu,İngiltere,Yabancı,Yok,TV+ Yok,Yıllık,Sürekli Lig,İstatistik,Bilgi,Maç,Jenerik,İngilizce,Body,h2h_ist
arsenal chelsea,Premier Lig,Futbol,Lig,1. Seviye,Global Elit,Erkek,Kulüp,Takım Sporu,İngiltere,Yabancı,Yok,TV+ Yok,Yıllık,Sürekli Lig,Rakip Eşleşmesi,Bilgi,Maç,Jenerik,İngilizce,Head,h2h
arsenal chelsea maçı,Premier Lig,Futbol,Lig,1. Seviye,Global Elit,Erkek,Kulüp,Takım Sporu,İngiltere,Yabancı,Yok,TV+ Yok,Yıllık,Sürekli Lig,Rakip Eşleşmesi,Bilgi,Maç,Jenerik,Türkçe,Body,h2h_mac
arsenal chelsea canlı izle,Premier Lig,Futbol,Lig,1. Seviye,Global Elit,Erkek,Kulüp,Takım Sporu,İngiltere,Yabancı,Yok,TV+ Yok,Yıllık,Sürekli Lig,Canlı İzle,İzleme,Maç,Jenerik,Türkçe,Body,h2h_izle
arsenal chelsea hangi kanalda,Premier Lig,Futbol,Lig,1. Seviye,Global Elit,Erkek,Kulüp,Takım Sporu,İngiltere,Yabancı,Yok,TV+ Yok,Yıllık,Sürekli Lig,Kanal/Yayın,İzleme,Maç,Jenerik,İngilizce,Body,h2h_kanal
arsenal chelsea saat kaçta,Premier Lig,Futbol,Lig,1. Seviye,Global Elit,Erkek,Kulüp,Takım Sporu,İngiltere,Yabancı,Yok,TV+ Yok,Yıllık,Sürekli Lig,Takvim/Saat,Bilgi,Maç,Jenerik,Türkçe,Body,h2h_saat
arsenal chelsea istatistikleri,Premier Lig,Futbol,Lig,1. Seviye,Global Elit,Erkek,Kulüp,Takım Sporu,İngiltere,Yabancı,Yok,TV+ Yok,Yıllık,Sürekli Lig,İstatistik,Bilgi,Maç,Jenerik,İngilizce,Body,h2h_ist
arsenal tottenham,Premier Lig,Futbol,Lig,1. Seviye,Global Elit,Erkek,Kulüp,Takım Sporu,İngiltere,Yabancı,Yok,TV+ Yok,Yıllık,Sürekli Lig,Rakip Eşleşmesi,Bilgi,Maç,Jenerik,İngilizce,Head,h2h
arsenal tottenham maçı,Premier Lig,Futbol,Lig,1. Seviye,Global Elit,Erkek,Kulüp,Takım Sporu,İngiltere,Yabancı,Yok,TV+ Yok,Yıllık,Sürekli Lig,Rakip Eşleşmesi,Bilgi,Maç,Jenerik,Türkçe,Body,h2h_mac
arsenal tottenham canlı izle,Premier Lig,Futbol,Lig,1. Seviye,Global Elit,Erkek,Kulüp,Takım Sporu,İngiltere,Yabancı,Yok,TV+ Yok,Yıllık,Sürekli Lig,Canlı İzle,İzleme,Maç,Jenerik,Türkçe,Body,h2h_izle
arsenal tottenham hangi kanalda,Premier Lig,Futbol,Lig,1. Seviye,Global Elit,Erkek,Kulüp,Takım Sporu,İngiltere,Yabancı,Yok,TV+ Yok,Yıllık,Sürekli Lig,Kanal/Yayın,İzleme,Maç,Jenerik,İngilizce,Body,h2h_kanal
arsenal tottenham saat kaçta,Premier Lig,Futbol,Lig,1. Seviye,Global Elit,Erkek,Kulüp,Takım Sporu,İngiltere,Yabancı,Yok,TV+ Yok,Yıllık,Sürekli Lig,Takvim/Saat,Bilgi,Maç,Jenerik,Türkçe,Body,h2h_saat
arsenal tottenham istatistikleri,Premier Lig,Futbol,Lig,1. Seviye,Global Elit,Erkek,Kulüp,Takım Sporu,İngiltere,Yabancı,Yok,TV+ Yok,Yıllık,Sürekli Lig,İstatistik,Bilgi,Maç,Jenerik,İngilizce,Body,h2h_ist
chelsea tottenham,Premier Lig,Futbol,Lig,1. Seviye,Global Elit,Erkek,Kulüp,Takım Sporu,İngiltere,Yabancı,Yok,TV+ Yok,Yıllık,Sürekli Lig,Rakip Eşleşmesi,Bilgi,Maç,Jenerik,İngilizce,Head,h2h
chelsea tottenham maçı,Premier Lig,Futbol,Lig,1. Seviye,Global Elit,Erkek,Kulüp,Takım Sporu,İngiltere,Yabancı,Yok,TV+ Yok,Yıllık,Sürekli Lig,Rakip Eşleşmesi,Bilgi,Maç,Jenerik,Türkçe,Body,h2h_mac
chelsea tottenham canlı izle,Premier Lig,Futbol,Lig,1. Seviye,Global Elit,Erkek,Kulüp,Takım Sporu,İngiltere,Yabancı,Yok,TV+ Yok,Yıllık,Sürekli Lig,Canlı İzle,İzleme,Maç,Jenerik,Türkçe,Body,h2h_izle
chelsea tottenham hangi kanalda,Premier Lig,Futbol,Lig,1. Seviye,Global Elit,Erkek,Kulüp,Takım Sporu,İngiltere,Yabancı,Yok,TV+ Yok,Yıllık,Sürekli Lig,Kanal/Yayın,İzleme,Maç,Jenerik,İngilizce,Body,h2h_kanal
chelsea tottenham saat kaçta,Premier Lig,Futbol,Lig,1. Seviye,Global Elit,Erkek,Kulüp,Takım Sporu,İngiltere,Yabancı,Yok,TV+ Yok,Yıllık,Sürekli Lig,Takvim/Saat,Bilgi,Maç,Jenerik,Türkçe,Body,h2h_saat
chelsea tottenham istatistikleri,Premier Lig,Futbol,Lig,1. Seviye,Global Elit,Erkek,Kulüp,Takım Sporu,İngiltere,Yabancı,Yok,TV+ Yok,Yıllık,Sürekli Lig,İstatistik,Bilgi,Maç,Jenerik,İngilizce,Body,h2h_ist
bayern münih borussia dortmund,Bundesliga,Futbol,Lig,1. Seviye,Üst,Erkek,Kulüp,Takım Sporu,Almanya,Yabancı,Yok,TV+ Yok,Yıllık,Sürekli Lig,Rakip Eşleşmesi,Bilgi,Maç,Jenerik,Türkçe,Body,h2h
bayern münih borussia dortmund maçı,Bundesliga,Futbol,Lig,1. Seviye,Üst,Erkek,Kulüp,Takım Sporu,Almanya,Yabancı,Yok,TV+ Yok,Yıllık,Sürekli Lig,Rakip Eşleşmesi,Bilgi,Maç,Jenerik,Türkçe,Long-tail,h2h_mac
bayern münih borussia dortmund canlı izle,Bundesliga,Futbol,Lig,1. Seviye,Üst,Erkek,Kulüp,Takım Sporu,Almanya,Yabancı,Yok,TV+ Yok,Yıllık,Sürekli Lig,Canlı İzle,İzleme,Maç,Jenerik,Türkçe,Long-tail,h2h_izle
bayern münih borussia dortmund hangi kanalda,Bundesliga,Futbol,Lig,1. Seviye,Üst,Erkek,Kulüp,Takım Sporu,Almanya,Yabancı,Yok,TV+ Yok,Yıllık,Sürekli Lig,Kanal/Yayın,İzleme,Maç,Jenerik,Türkçe,Long-tail,h2h_kanal
bayern münih borussia dortmund saat kaçta,Bundesliga,Futbol,Lig,1. Seviye,Üst,Erkek,Kulüp,Takım Sporu,Almanya,Yabancı,Yok,TV+ Yok,Yıllık,Sürekli Lig,Takvim/Saat,Bilgi,Maç,Jenerik,Türkçe,Long-tail,h2h_saat
bayern münih borussia dortmund istatistikleri,Bundesliga,Futbol,Lig,1. Seviye,Üst,Erkek,Kulüp,Takım Sporu,Almanya,Yabancı,Yok,TV+ Yok,Yıllık,Sürekli Lig,İstatistik,Bilgi,Maç,Jenerik,Türkçe,Long-tail,h2h_ist
bayern münih bayer leverkusen,Bundesliga,Futbol,Lig,1. Seviye,Üst,Erkek,Kulüp,Takım Sporu,Almanya,Yabancı,Yok,TV+ Yok,Yıllık,Sürekli Lig,Rakip Eşleşmesi,Bilgi,Maç,Jenerik,Türkçe,Body,h2h
bayern münih bayer leverkusen maçı,Bundesliga,Futbol,Lig,1. Seviye,Üst,Erkek,Kulüp,Takım Sporu,Almanya,Yabancı,Yok,TV+ Yok,Yıllık,Sürekli Lig,Rakip Eşleşmesi,Bilgi,Maç,Jenerik,Türkçe,Long-tail,h2h_mac
bayern münih bayer leverkusen canlı izle,Bundesliga,Futbol,Lig,1. Seviye,Üst,Erkek,Kulüp,Takım Sporu,Almanya,Yabancı,Yok,TV+ Yok,Yıllık,Sürekli Lig,Canlı İzle,İzleme,Maç,Jenerik,Türkçe,Long-tail,h2h_izle
bayern münih bayer leverkusen hangi kanalda,Bundesliga,Futbol,Lig,1. Seviye,Üst,Erkek,Kulüp,Takım Sporu,Almanya,Yabancı,Yok,TV+ Yok,Yıllık,Sürekli Lig,Kanal/Yayın,İzleme,Maç,Jenerik,Türkçe,Long-tail,h2h_kanal
bayern münih bayer leverkusen saat kaçta,Bundesliga,Futbol,Lig,1. Seviye,Üst,Erkek,Kulüp,Takım Sporu,Almanya,Yabancı,Yok,TV+ Yok,Yıllık,Sürekli Lig,Takvim/Saat,Bilgi,Maç,Jenerik,Türkçe,Long-tail,h2h_saat
bayern münih bayer leverkusen istatistikleri,Bundesliga,Futbol,Lig,1. Seviye,Üst,Erkek,Kulüp,Takım Sporu,Almanya,Yabancı,Yok,TV+ Yok,Yıllık,Sürekli Lig,İstatistik,Bilgi,Maç,Jenerik,Türkçe,Long-tail,h2h_ist
bayern münih rb leipzig,Bundesliga,Futbol,Lig,1. Seviye,Üst,Erkek,Kulüp,Takım Sporu,Almanya,Yabancı,Yok,TV+ Yok,Yıllık,Sürekli Lig,Rakip Eşleşmesi,Bilgi,Maç,Jenerik,Türkçe,Body,h2h
bayern münih rb leipzig maçı,Bundesliga,Futbol,Lig,1. Seviye,Üst,Erkek,Kulüp,Takım Sporu,Almanya,Yabancı,Yok,TV+ Yok,Yıllık,Sürekli Lig,Rakip Eşleşmesi,Bilgi,Maç,Jenerik,Türkçe,Long-tail,h2h_mac
bayern münih rb leipzig canlı izle,Bundesliga,Futbol,Lig,1. Seviye,Üst,Erkek,Kulüp,Takım Sporu,Almanya,Yabancı,Yok,TV+ Yok,Yıllık,Sürekli Lig,Canlı İzle,İzleme,Maç,Jenerik,Türkçe,Long-tail,h2h_izle
bayern münih rb leipzig hangi kanalda,Bundesliga,Futbol,Lig,1. Seviye,Üst,Erkek,Kulüp,Takım Sporu,Almanya,Yabancı,Yok,TV+ Yok,Yıllık,Sürekli Lig,Kanal/Yayın,İzleme,Maç,Jenerik,Türkçe,Long-tail,h2h_kanal
bayern münih rb leipzig saat kaçta,Bundesliga,Futbol,Lig,1. Seviye,Üst,Erkek,Kulüp,Takım Sporu,Almanya,Yabancı,Yok,TV+ Yok,Yıllık,Sürekli Lig,Takvim/Saat,Bilgi,Maç,Jenerik,Türkçe,Long-tail,h2h_saat
bayern münih rb leipzig istatistikleri,Bundesliga,Futbol,Lig,1. Seviye,Üst,Erkek,Kulüp,Takım Sporu,Almanya,Yabancı,Yok,TV+ Yok,Yıllık,Sürekli Lig,İstatistik,Bilgi,Maç,Jenerik,Türkçe,Long-tail,h2h_ist
borussia dortmund bayer leverkusen,Bundesliga,Futbol,Lig,1. Seviye,Üst,Erkek,Kulüp,Takım Sporu,Almanya,Yabancı,Yok,TV+ Yok,Yıllık,Sürekli Lig,Rakip Eşleşmesi,Bilgi,Maç,Jenerik,İngilizce,Body,h2h
borussia dortmund bayer leverkusen maçı,Bundesliga,Futbol,Lig,1. Seviye,Üst,Erkek,Kulüp,Takım Sporu,Almanya,Yabancı,Yok,TV+ Yok,Yıllık,Sürekli Lig,Rakip Eşleşmesi,Bilgi,Maç,Jenerik,Türkçe,Long-tail,h2h_mac
borussia dortmund bayer leverkusen canlı izle,Bundesliga,Futbol,Lig,1. Seviye,Üst,Erkek,Kulüp,Takım Sporu,Almanya,Yabancı,Yok,TV+ Yok,Yıllık,Sürekli Lig,Canlı İzle,İzleme,Maç,Jenerik,Türkçe,Long-tail,h2h_izle
borussia dortmund bayer leverkusen hangi kanalda,Bundesliga,Futbol,Lig,1. Seviye,Üst,Erkek,Kulüp,Takım Sporu,Almanya,Yabancı,Yok,TV+ Yok,Yıllık,Sürekli Lig,Kanal/Yayın,İzleme,Maç,Jenerik,İngilizce,Long-tail,h2h_kanal
borussia dortmund bayer leverkusen saat kaçta,Bundesliga,Futbol,Lig,1. Seviye,Üst,Erkek,Kulüp,Takım Sporu,Almanya,Yabancı,Yok,TV+ Yok,Yıllık,Sürekli Lig,Takvim/Saat,Bilgi,Maç,Jenerik,Türkçe,Long-tail,h2h_saat
borussia dortmund bayer leverkusen istatistikleri,Bundesliga,Futbol,Lig,1. Seviye,Üst,Erkek,Kulüp,Takım Sporu,Almanya,Yabancı,Yok,TV+ Yok,Yıllık,Sürekli Lig,İstatistik,Bilgi,Maç,Jenerik,İngilizce,Long-tail,h2h_ist
borussia dortmund rb leipzig,Bundesliga,Futbol,Lig,1. Seviye,Üst,Erkek,Kulüp,Takım Sporu,Almanya,Yabancı,Yok,TV+ Yok,Yıllık,Sürekli Lig,Rakip Eşleşmesi,Bilgi,Maç,Jenerik,İngilizce,Body,h2h
borussia dortmund rb leipzig maçı,Bundesliga,Futbol,Lig,1. Seviye,Üst,Erkek,Kulüp,Takım Sporu,Almanya,Yabancı,Yok,TV+ Yok,Yıllık,Sürekli Lig,Rakip Eşleşmesi,Bilgi,Maç,Jenerik,Türkçe,Long-tail,h2h_mac
borussia dortmund rb leipzig canlı izle,Bundesliga,Futbol,Lig,1. Seviye,Üst,Erkek,Kulüp,Takım Sporu,Almanya,Yabancı,Yok,TV+ Yok,Yıllık,Sürekli Lig,Canlı İzle,İzleme,Maç,Jenerik,Türkçe,Long-tail,h2h_izle
borussia dortmund rb leipzig hangi kanalda,Bundesliga,Futbol,Lig,1. Seviye,Üst,Erkek,Kulüp,Takım Sporu,Almanya,Yabancı,Yok,TV+ Yok,Yıllık,Sürekli Lig,Kanal/Yayın,İzleme,Maç,Jenerik,İngilizce,Long-tail,h2h_kanal
borussia dortmund rb leipzig saat kaçta,Bundesliga,Futbol,Lig,1. Seviye,Üst,Erkek,Kulüp,Takım Sporu,Almanya,Yabancı,Yok,TV+ Yok,Yıllık,Sürekli Lig,Takvim/Saat,Bilgi,Maç,Jenerik,Türkçe,Long-tail,h2h_saat
borussia dortmund rb leipzig istatistikleri,Bundesliga,Futbol,Lig,1. Seviye,Üst,Erkek,Kulüp,Takım Sporu,Almanya,Yabancı,Yok,TV+ Yok,Yıllık,Sürekli Lig,İstatistik,Bilgi,Maç,Jenerik,İngilizce,Long-tail,h2h_ist
bayer leverkusen rb leipzig,Bundesliga,Futbol,Lig,1. Seviye,Üst,Erkek,Kulüp,Takım Sporu,Almanya,Yabancı,Yok,TV+ Yok,Yıllık,Sürekli Lig,Rakip Eşleşmesi,Bilgi,Maç,Jenerik,İngilizce,Body,h2h
bayer leverkusen rb leipzig maçı,Bundesliga,Futbol,Lig,1. Seviye,Üst,Erkek,Kulüp,Takım Sporu,Almanya,Yabancı,Yok,TV+ Yok,Yıllık,Sürekli Lig,Rakip Eşleşmesi,Bilgi,Maç,Jenerik,Türkçe,Long-tail,h2h_mac
bayer leverkusen rb leipzig canlı izle,Bundesliga,Futbol,Lig,1. Seviye,Üst,Erkek,Kulüp,Takım Sporu,Almanya,Yabancı,Yok,TV+ Yok,Yıllık,Sürekli Lig,Canlı İzle,İzleme,Maç,Jenerik,Türkçe,Long-tail,h2h_izle
bayer leverkusen rb leipzig hangi kanalda,Bundesliga,Futbol,Lig,1. Seviye,Üst,Erkek,Kulüp,Takım Sporu,Almanya,Yabancı,Yok,TV+ Yok,Yıllık,Sürekli Lig,Kanal/Yayın,İzleme,Maç,Jenerik,İngilizce,Long-tail,h2h_kanal
bayer leverkusen rb leipzig saat kaçta,Bundesliga,Futbol,Lig,1. Seviye,Üst,Erkek,Kulüp,Takım Sporu,Almanya,Yabancı,Yok,TV+ Yok,Yıllık,Sürekli Lig,Takvim/Saat,Bilgi,Maç,Jenerik,Türkçe,Long-tail,h2h_saat
bayer leverkusen rb leipzig istatistikleri,Bundesliga,Futbol,Lig,1. Seviye,Üst,Erkek,Kulüp,Takım Sporu,Almanya,Yabancı,Yok,TV+ Yok,Yıllık,Sürekli Lig,İstatistik,Bilgi,Maç,Jenerik,İngilizce,Long-tail,h2h_ist
fenerbahçe beko anadolu efes,EuroLeague,Basketbol,Kıta Turnuvası,Kıta Üstü,Global Elit,Erkek,Kulüp,Takım Sporu,Avrupa,Uluslararası,Türk Takımı Var,TV+ Var,Yıllık,Sürekli Lig,Rakip Eşleşmesi,Bilgi,Maç,Jenerik,Türkçe,Body,h2h
fenerbahçe beko anadolu efes maçı,EuroLeague,Basketbol,Kıta Turnuvası,Kıta Üstü,Global Elit,Erkek,Kulüp,Takım Sporu,Avrupa,Uluslararası,Türk Takımı Var,TV+ Var,Yıllık,Sürekli Lig,Rakip Eşleşmesi,Bilgi,Maç,Jenerik,Türkçe,Long-tail,h2h_mac
fenerbahçe beko anadolu efes canlı izle,EuroLeague,Basketbol,Kıta Turnuvası,Kıta Üstü,Global Elit,Erkek,Kulüp,Takım Sporu,Avrupa,Uluslararası,Türk Takımı Var,TV+ Var,Yıllık,Sürekli Lig,Canlı İzle,İzleme,Maç,Jenerik,Türkçe,Long-tail,h2h_izle
fenerbahçe beko anadolu efes hangi kanalda,EuroLeague,Basketbol,Kıta Turnuvası,Kıta Üstü,Global Elit,Erkek,Kulüp,Takım Sporu,Avrupa,Uluslararası,Türk Takımı Var,TV+ Var,Yıllık,Sürekli Lig,Kanal/Yayın,İzleme,Maç,Jenerik,Türkçe,Long-tail,h2h_kanal
fenerbahçe beko anadolu efes saat kaçta,EuroLeague,Basketbol,Kıta Turnuvası,Kıta Üstü,Global Elit,Erkek,Kulüp,Takım Sporu,Avrupa,Uluslararası,Türk Takımı Var,TV+ Var,Yıllık,Sürekli Lig,Takvim/Saat,Bilgi,Maç,Jenerik,Türkçe,Long-tail,h2h_saat
fenerbahçe beko anadolu efes istatistikleri,EuroLeague,Basketbol,Kıta Turnuvası,Kıta Üstü,Global Elit,Erkek,Kulüp,Takım Sporu,Avrupa,Uluslararası,Türk Takımı Var,TV+ Var,Yıllık,Sürekli Lig,İstatistik,Bilgi,Maç,Jenerik,Türkçe,Long-tail,h2h_ist
fenerbahçe beko beşiktaş basketbol,EuroLeague,Basketbol,Kıta Turnuvası,Kıta Üstü,Global Elit,Erkek,Kulüp,Takım Sporu,Avrupa,Uluslararası,Türk Takımı Var,TV+ Var,Yıllık,Sürekli Lig,Rakip Eşleşmesi,Bilgi,Maç,Jenerik,Türkçe,Body,h2h
fenerbahçe beko beşiktaş basketbol maçı,EuroLeague,Basketbol,Kıta Turnuvası,Kıta Üstü,Global Elit,Erkek,Kulüp,Takım Sporu,Avrupa,Uluslararası,Türk Takımı Var,TV+ Var,Yıllık,Sürekli Lig,Rakip Eşleşmesi,Bilgi,Maç,Jenerik,Türkçe,Long-tail,h2h_mac
fenerbahçe beko beşiktaş basketbol canlı izle,EuroLeague,Basketbol,Kıta Turnuvası,Kıta Üstü,Global Elit,Erkek,Kulüp,Takım Sporu,Avrupa,Uluslararası,Türk Takımı Var,TV+ Var,Yıllık,Sürekli Lig,Canlı İzle,İzleme,Maç,Jenerik,Türkçe,Long-tail,h2h_izle
fenerbahçe beko beşiktaş basketbol hangi kanalda,EuroLeague,Basketbol,Kıta Turnuvası,Kıta Üstü,Global Elit,Erkek,Kulüp,Takım Sporu,Avrupa,Uluslararası,Türk Takımı Var,TV+ Var,Yıllık,Sürekli Lig,Kanal/Yayın,İzleme,Maç,Jenerik,Türkçe,Long-tail,h2h_kanal
fenerbahçe beko beşiktaş basketbol saat kaçta,EuroLeague,Basketbol,Kıta Turnuvası,Kıta Üstü,Global Elit,Erkek,Kulüp,Takım Sporu,Avrupa,Uluslararası,Türk Takımı Var,TV+ Var,Yıllık,Sürekli Lig,Takvim/Saat,Bilgi,Maç,Jenerik,Türkçe,Long-tail,h2h_saat
fenerbahçe beko beşiktaş basketbol istatistikleri,EuroLeague,Basketbol,Kıta Turnuvası,Kıta Üstü,Global Elit,Erkek,Kulüp,Takım Sporu,Avrupa,Uluslararası,Türk Takımı Var,TV+ Var,Yıllık,Sürekli Lig,İstatistik,Bilgi,Maç,Jenerik,Türkçe,Long-tail,h2h_ist
fenerbahçe beko real madrid basketbol,EuroLeague,Basketbol,Kıta Turnuvası,Kıta Üstü,Global Elit,Erkek,Kulüp,Takım Sporu,Avrupa,Uluslararası,Türk Takımı Var,TV+ Var,Yıllık,Sürekli Lig,Rakip Eşleşmesi,Bilgi,Maç,Jenerik,Türkçe,Long-tail,h2h
fenerbahçe beko real madrid basketbol maçı,EuroLeague,Basketbol,Kıta Turnuvası,Kıta Üstü,Global Elit,Erkek,Kulüp,Takım Sporu,Avrupa,Uluslararası,Türk Takımı Var,TV+ Var,Yıllık,Sürekli Lig,Rakip Eşleşmesi,Bilgi,Maç,Jenerik,Türkçe,Long-tail,h2h_mac
fenerbahçe beko real madrid basketbol canlı izle,EuroLeague,Basketbol,Kıta Turnuvası,Kıta Üstü,Global Elit,Erkek,Kulüp,Takım Sporu,Avrupa,Uluslararası,Türk Takımı Var,TV+ Var,Yıllık,Sürekli Lig,Canlı İzle,İzleme,Maç,Jenerik,Türkçe,Long-tail,h2h_izle
fenerbahçe beko real madrid basketbol hangi kanalda,EuroLeague,Basketbol,Kıta Turnuvası,Kıta Üstü,Global Elit,Erkek,Kulüp,Takım Sporu,Avrupa,Uluslararası,Türk Takımı Var,TV+ Var,Yıllık,Sürekli Lig,Kanal/Yayın,İzleme,Maç,Jenerik,Türkçe,Long-tail,h2h_kanal
fenerbahçe beko real madrid basketbol saat kaçta,EuroLeague,Basketbol,Kıta Turnuvası,Kıta Üstü,Global Elit,Erkek,Kulüp,Takım Sporu,Avrupa,Uluslararası,Türk Takımı Var,TV+ Var,Yıllık,Sürekli Lig,Takvim/Saat,Bilgi,Maç,Jenerik,Türkçe,Long-tail,h2h_saat
fenerbahçe beko real madrid basketbol istatistikleri,EuroLeague,Basketbol,Kıta Turnuvası,Kıta Üstü,Global Elit,Erkek,Kulüp,Takım Sporu,Avrupa,Uluslararası,Türk Takımı Var,TV+ Var,Yıllık,Sürekli Lig,İstatistik,Bilgi,Maç,Jenerik,Türkçe,Long-tail,h2h_ist
fenerbahçe beko barcelona basketbol,EuroLeague,Basketbol,Kıta Turnuvası,Kıta Üstü,Global Elit,Erkek,Kulüp,Takım Sporu,Avrupa,Uluslararası,Türk Takımı Var,TV+ Var,Yıllık,Sürekli Lig,Rakip Eşleşmesi,Bilgi,Maç,Jenerik,Türkçe,Body,h2h
fenerbahçe beko barcelona basketbol maçı,EuroLeague,Basketbol,Kıta Turnuvası,Kıta Üstü,Global Elit,Erkek,Kulüp,Takım Sporu,Avrupa,Uluslararası,Türk Takımı Var,TV+ Var,Yıllık,Sürekli Lig,Rakip Eşleşmesi,Bilgi,Maç,Jenerik,Türkçe,Long-tail,h2h_mac
fenerbahçe beko barcelona basketbol canlı izle,EuroLeague,Basketbol,Kıta Turnuvası,Kıta Üstü,Global Elit,Erkek,Kulüp,Takım Sporu,Avrupa,Uluslararası,Türk Takımı Var,TV+ Var,Yıllık,Sürekli Lig,Canlı İzle,İzleme,Maç,Jenerik,Türkçe,Long-tail,h2h_izle
fenerbahçe beko barcelona basketbol hangi kanalda,EuroLeague,Basketbol,Kıta Turnuvası,Kıta Üstü,Global Elit,Erkek,Kulüp,Takım Sporu,Avrupa,Uluslararası,Türk Takımı Var,TV+ Var,Yıllık,Sürekli Lig,Kanal/Yayın,İzleme,Maç,Jenerik,Türkçe,Long-tail,h2h_kanal
fenerbahçe beko barcelona basketbol saat kaçta,EuroLeague,Basketbol,Kıta Turnuvası,Kıta Üstü,Global Elit,Erkek,Kulüp,Takım Sporu,Avrupa,Uluslararası,Türk Takımı Var,TV+ Var,Yıllık,Sürekli Lig,Takvim/Saat,Bilgi,Maç,Jenerik,Türkçe,Long-tail,h2h_saat
fenerbahçe beko barcelona basketbol istatistikleri,EuroLeague,Basketbol,Kıta Turnuvası,Kıta Üstü,Global Elit,Erkek,Kulüp,Takım Sporu,Avrupa,Uluslararası,Türk Takımı Var,TV+ Var,Yıllık,Sürekli Lig,İstatistik,Bilgi,Maç,Jenerik,Türkçe,Long-tail,h2h_ist
fenerbahçe beko panathinaikos,EuroLeague,Basketbol,Kıta Turnuvası,Kıta Üstü,Global Elit,Erkek,Kulüp,Takım Sporu,Avrupa,Uluslararası,Türk Takımı Var,TV+ Var,Yıllık,Sürekli Lig,Rakip Eşleşmesi,Bilgi,Maç,Jenerik,Türkçe,Body,h2h
fenerbahçe beko panathinaikos maçı,EuroLeague,Basketbol,Kıta Turnuvası,Kıta Üstü,Global Elit,Erkek,Kulüp,Takım Sporu,Avrupa,Uluslararası,Türk Takımı Var,TV+ Var,Yıllık,Sürekli Lig,Rakip Eşleşmesi,Bilgi,Maç,Jenerik,Türkçe,Body,h2h_mac
fenerbahçe beko panathinaikos canlı izle,EuroLeague,Basketbol,Kıta Turnuvası,Kıta Üstü,Global Elit,Erkek,Kulüp,Takım Sporu,Avrupa,Uluslararası,Türk Takımı Var,TV+ Var,Yıllık,Sürekli Lig,Canlı İzle,İzleme,Maç,Jenerik,Türkçe,Long-tail,h2h_izle
fenerbahçe beko panathinaikos hangi kanalda,EuroLeague,Basketbol,Kıta Turnuvası,Kıta Üstü,Global Elit,Erkek,Kulüp,Takım Sporu,Avrupa,Uluslararası,Türk Takımı Var,TV+ Var,Yıllık,Sürekli Lig,Kanal/Yayın,İzleme,Maç,Jenerik,Türkçe,Long-tail,h2h_kanal
fenerbahçe beko panathinaikos saat kaçta,EuroLeague,Basketbol,Kıta Turnuvası,Kıta Üstü,Global Elit,Erkek,Kulüp,Takım Sporu,Avrupa,Uluslararası,Türk Takımı Var,TV+ Var,Yıllık,Sürekli Lig,Takvim/Saat,Bilgi,Maç,Jenerik,Türkçe,Long-tail,h2h_saat
fenerbahçe beko panathinaikos istatistikleri,EuroLeague,Basketbol,Kıta Turnuvası,Kıta Üstü,Global Elit,Erkek,Kulüp,Takım Sporu,Avrupa,Uluslararası,Türk Takımı Var,TV+ Var,Yıllık,Sürekli Lig,İstatistik,Bilgi,Maç,Jenerik,Türkçe,Body,h2h_ist
anadolu efes beşiktaş basketbol,EuroLeague,Basketbol,Kıta Turnuvası,Kıta Üstü,Global Elit,Erkek,Kulüp,Takım Sporu,Avrupa,Uluslararası,Türk Takımı Var,TV+ Var,Yıllık,Sürekli Lig,Rakip Eşleşmesi,Bilgi,Maç,Jenerik,Türkçe,Body,h2h
anadolu efes beşiktaş basketbol maçı,EuroLeague,Basketbol,Kıta Turnuvası,Kıta Üstü,Global Elit,Erkek,Kulüp,Takım Sporu,Avrupa,Uluslararası,Türk Takımı Var,TV+ Var,Yıllık,Sürekli Lig,Rakip Eşleşmesi,Bilgi,Maç,Jenerik,Türkçe,Long-tail,h2h_mac
anadolu efes beşiktaş basketbol canlı izle,EuroLeague,Basketbol,Kıta Turnuvası,Kıta Üstü,Global Elit,Erkek,Kulüp,Takım Sporu,Avrupa,Uluslararası,Türk Takımı Var,TV+ Var,Yıllık,Sürekli Lig,Canlı İzle,İzleme,Maç,Jenerik,Türkçe,Long-tail,h2h_izle
anadolu efes beşiktaş basketbol hangi kanalda,EuroLeague,Basketbol,Kıta Turnuvası,Kıta Üstü,Global Elit,Erkek,Kulüp,Takım Sporu,Avrupa,Uluslararası,Türk Takımı Var,TV+ Var,Yıllık,Sürekli Lig,Kanal/Yayın,İzleme,Maç,Jenerik,Türkçe,Long-tail,h2h_kanal
anadolu efes beşiktaş basketbol saat kaçta,EuroLeague,Basketbol,Kıta Turnuvası,Kıta Üstü,Global Elit,Erkek,Kulüp,Takım Sporu,Avrupa,Uluslararası,Türk Takımı Var,TV+ Var,Yıllık,Sürekli Lig,Takvim/Saat,Bilgi,Maç,Jenerik,Türkçe,Long-tail,h2h_saat
anadolu efes beşiktaş basketbol istatistikleri,EuroLeague,Basketbol,Kıta Turnuvası,Kıta Üstü,Global Elit,Erkek,Kulüp,Takım Sporu,Avrupa,Uluslararası,Türk Takımı Var,TV+ Var,Yıllık,Sürekli Lig,İstatistik,Bilgi,Maç,Jenerik,Türkçe,Long-tail,h2h_ist
anadolu efes real madrid basketbol,EuroLeague,Basketbol,Kıta Turnuvası,Kıta Üstü,Global Elit,Erkek,Kulüp,Takım Sporu,Avrupa,Uluslararası,Türk Takımı Var,TV+ Var,Yıllık,Sürekli Lig,Rakip Eşleşmesi,Bilgi,Maç,Jenerik,İngilizce,Long-tail,h2h
anadolu efes real madrid basketbol maçı,EuroLeague,Basketbol,Kıta Turnuvası,Kıta Üstü,Global Elit,Erkek,Kulüp,Takım Sporu,Avrupa,Uluslararası,Türk Takımı Var,TV+ Var,Yıllık,Sürekli Lig,Rakip Eşleşmesi,Bilgi,Maç,Jenerik,Türkçe,Long-tail,h2h_mac
anadolu efes real madrid basketbol canlı izle,EuroLeague,Basketbol,Kıta Turnuvası,Kıta Üstü,Global Elit,Erkek,Kulüp,Takım Sporu,Avrupa,Uluslararası,Türk Takımı Var,TV+ Var,Yıllık,Sürekli Lig,Canlı İzle,İzleme,Maç,Jenerik,Türkçe,Long-tail,h2h_izle
anadolu efes real madrid basketbol hangi kanalda,EuroLeague,Basketbol,Kıta Turnuvası,Kıta Üstü,Global Elit,Erkek,Kulüp,Takım Sporu,Avrupa,Uluslararası,Türk Takımı Var,TV+ Var,Yıllık,Sürekli Lig,Kanal/Yayın,İzleme,Maç,Jenerik,İngilizce,Long-tail,h2h_kanal
anadolu efes real madrid basketbol saat kaçta,EuroLeague,Basketbol,Kıta Turnuvası,Kıta Üstü,Global Elit,Erkek,Kulüp,Takım Sporu,Avrupa,Uluslararası,Türk Takımı Var,TV+ Var,Yıllık,Sürekli Lig,Takvim/Saat,Bilgi,Maç,Jenerik,Türkçe,Long-tail,h2h_saat
anadolu efes real madrid basketbol istatistikleri,EuroLeague,Basketbol,Kıta Turnuvası,Kıta Üstü,Global Elit,Erkek,Kulüp,Takım Sporu,Avrupa,Uluslararası,Türk Takımı Var,TV+ Var,Yıllık,Sürekli Lig,İstatistik,Bilgi,Maç,Jenerik,İngilizce,Long-tail,h2h_ist
anadolu efes barcelona basketbol,EuroLeague,Basketbol,Kıta Turnuvası,Kıta Üstü,Global Elit,Erkek,Kulüp,Takım Sporu,Avrupa,Uluslararası,Türk Takımı Var,TV+ Var,Yıllık,Sürekli Lig,Rakip Eşleşmesi,Bilgi,Maç,Jenerik,İngilizce,Body,h2h
anadolu efes barcelona basketbol maçı,EuroLeague,Basketbol,Kıta Turnuvası,Kıta Üstü,Global Elit,Erkek,Kulüp,Takım Sporu,Avrupa,Uluslararası,Türk Takımı Var,TV+ Var,Yıllık,Sürekli Lig,Rakip Eşleşmesi,Bilgi,Maç,Jenerik,Türkçe,Long-tail,h2h_mac
anadolu efes barcelona basketbol canlı izle,EuroLeague,Basketbol,Kıta Turnuvası,Kıta Üstü,Global Elit,Erkek,Kulüp,Takım Sporu,Avrupa,Uluslararası,Türk Takımı Var,TV+ Var,Yıllık,Sürekli Lig,Canlı İzle,İzleme,Maç,Jenerik,Türkçe,Long-tail,h2h_izle
anadolu efes barcelona basketbol hangi kanalda,EuroLeague,Basketbol,Kıta Turnuvası,Kıta Üstü,Global Elit,Erkek,Kulüp,Takım Sporu,Avrupa,Uluslararası,Türk Takımı Var,TV+ Var,Yıllık,Sürekli Lig,Kanal/Yayın,İzleme,Maç,Jenerik,İngilizce,Long-tail,h2h_kanal
anadolu efes barcelona basketbol saat kaçta,EuroLeague,Basketbol,Kıta Turnuvası,Kıta Üstü,Global Elit,Erkek,Kulüp,Takım Sporu,Avrupa,Uluslararası,Türk Takımı Var,TV+ Var,Yıllık,Sürekli Lig,Takvim/Saat,Bilgi,Maç,Jenerik,Türkçe,Long-tail,h2h_saat
anadolu efes barcelona basketbol istatistikleri,EuroLeague,Basketbol,Kıta Turnuvası,Kıta Üstü,Global Elit,Erkek,Kulüp,Takım Sporu,Avrupa,Uluslararası,Türk Takımı Var,TV+ Var,Yıllık,Sürekli Lig,İstatistik,Bilgi,Maç,Jenerik,İngilizce,Long-tail,h2h_ist
anadolu efes panathinaikos,EuroLeague,Basketbol,Kıta Turnuvası,Kıta Üstü,Global Elit,Erkek,Kulüp,Takım Sporu,Avrupa,Uluslararası,Türk Takımı Var,TV+ Var,Yıllık,Sürekli Lig,Rakip Eşleşmesi,Bilgi,Maç,Jenerik,İngilizce,Body,h2h
anadolu efes panathinaikos maçı,EuroLeague,Basketbol,Kıta Turnuvası,Kıta Üstü,Global Elit,Erkek,Kulüp,Takım Sporu,Avrupa,Uluslararası,Türk Takımı Var,TV+ Var,Yıllık,Sürekli Lig,Rakip Eşleşmesi,Bilgi,Maç,Jenerik,Türkçe,Body,h2h_mac
anadolu efes panathinaikos canlı izle,EuroLeague,Basketbol,Kıta Turnuvası,Kıta Üstü,Global Elit,Erkek,Kulüp,Takım Sporu,Avrupa,Uluslararası,Türk Takımı Var,TV+ Var,Yıllık,Sürekli Lig,Canlı İzle,İzleme,Maç,Jenerik,Türkçe,Long-tail,h2h_izle
anadolu efes panathinaikos hangi kanalda,EuroLeague,Basketbol,Kıta Turnuvası,Kıta Üstü,Global Elit,Erkek,Kulüp,Takım Sporu,Avrupa,Uluslararası,Türk Takımı Var,TV+ Var,Yıllık,Sürekli Lig,Kanal/Yayın,İzleme,Maç,Jenerik,İngilizce,Long-tail,h2h_kanal
anadolu efes panathinaikos saat kaçta,EuroLeague,Basketbol,Kıta Turnuvası,Kıta Üstü,Global Elit,Erkek,Kulüp,Takım Sporu,Avrupa,Uluslararası,Türk Takımı Var,TV+ Var,Yıllık,Sürekli Lig,Takvim/Saat,Bilgi,Maç,Jenerik,Türkçe,Long-tail,h2h_saat
anadolu efes panathinaikos istatistikleri,EuroLeague,Basketbol,Kıta Turnuvası,Kıta Üstü,Global Elit,Erkek,Kulüp,Takım Sporu,Avrupa,Uluslararası,Türk Takımı Var,TV+ Var,Yıllık,Sürekli Lig,İstatistik,Bilgi,Maç,Jenerik,İngilizce,Body,h2h_ist
beşiktaş basketbol real madrid basketbol,EuroLeague,Basketbol,Kıta Turnuvası,Kıta Üstü,Global Elit,Erkek,Kulüp,Takım Sporu,Avrupa,Uluslararası,Türk Takımı Var,TV+ Var,Yıllık,Sürekli Lig,Rakip Eşleşmesi,Bilgi,Maç,Jenerik,Türkçe,Long-tail,h2h
beşiktaş basketbol real madrid basketbol maçı,EuroLeague,Basketbol,Kıta Turnuvası,Kıta Üstü,Global Elit,Erkek,Kulüp,Takım Sporu,Avrupa,Uluslararası,Türk Takımı Var,TV+ Var,Yıllık,Sürekli Lig,Rakip Eşleşmesi,Bilgi,Maç,Jenerik,Türkçe,Long-tail,h2h_mac
beşiktaş basketbol real madrid basketbol canlı izle,EuroLeague,Basketbol,Kıta Turnuvası,Kıta Üstü,Global Elit,Erkek,Kulüp,Takım Sporu,Avrupa,Uluslararası,Türk Takımı Var,TV+ Var,Yıllık,Sürekli Lig,Canlı İzle,İzleme,Maç,Jenerik,Türkçe,Long-tail,h2h_izle
beşiktaş basketbol real madrid basketbol hangi kanalda,EuroLeague,Basketbol,Kıta Turnuvası,Kıta Üstü,Global Elit,Erkek,Kulüp,Takım Sporu,Avrupa,Uluslararası,Türk Takımı Var,TV+ Var,Yıllık,Sürekli Lig,Kanal/Yayın,İzleme,Maç,Jenerik,Türkçe,Long-tail,h2h_kanal
beşiktaş basketbol real madrid basketbol saat kaçta,EuroLeague,Basketbol,Kıta Turnuvası,Kıta Üstü,Global Elit,Erkek,Kulüp,Takım Sporu,Avrupa,Uluslararası,Türk Takımı Var,TV+ Var,Yıllık,Sürekli Lig,Takvim/Saat,Bilgi,Maç,Jenerik,Türkçe,Long-tail,h2h_saat
beşiktaş basketbol real madrid basketbol istatistikleri,EuroLeague,Basketbol,Kıta Turnuvası,Kıta Üstü,Global Elit,Erkek,Kulüp,Takım Sporu,Avrupa,Uluslararası,Türk Takımı Var,TV+ Var,Yıllık,Sürekli Lig,İstatistik,Bilgi,Maç,Jenerik,Türkçe,Long-tail,h2h_ist
beşiktaş basketbol barcelona basketbol,EuroLeague,Basketbol,Kıta Turnuvası,Kıta Üstü,Global Elit,Erkek,Kulüp,Takım Sporu,Avrupa,Uluslararası,Türk Takımı Var,TV+ Var,Yıllık,Sürekli Lig,Rakip Eşleşmesi,Bilgi,Maç,Jenerik,Türkçe,Body,h2h
beşiktaş basketbol barcelona basketbol maçı,EuroLeague,Basketbol,Kıta Turnuvası,Kıta Üstü,Global Elit,Erkek,Kulüp,Takım Sporu,Avrupa,Uluslararası,Türk Takımı Var,TV+ Var,Yıllık,Sürekli Lig,Rakip Eşleşmesi,Bilgi,Maç,Jenerik,Türkçe,Long-tail,h2h_mac
beşiktaş basketbol barcelona basketbol canlı izle,EuroLeague,Basketbol,Kıta Turnuvası,Kıta Üstü,Global Elit,Erkek,Kulüp,Takım Sporu,Avrupa,Uluslararası,Türk Takımı Var,TV+ Var,Yıllık,Sürekli Lig,Canlı İzle,İzleme,Maç,Jenerik,Türkçe,Long-tail,h2h_izle
beşiktaş basketbol barcelona basketbol hangi kanalda,EuroLeague,Basketbol,Kıta Turnuvası,Kıta Üstü,Global Elit,Erkek,Kulüp,Takım Sporu,Avrupa,Uluslararası,Türk Takımı Var,TV+ Var,Yıllık,Sürekli Lig,Kanal/Yayın,İzleme,Maç,Jenerik,Türkçe,Long-tail,h2h_kanal
beşiktaş basketbol barcelona basketbol saat kaçta,EuroLeague,Basketbol,Kıta Turnuvası,Kıta Üstü,Global Elit,Erkek,Kulüp,Takım Sporu,Avrupa,Uluslararası,Türk Takımı Var,TV+ Var,Yıllık,Sürekli Lig,Takvim/Saat,Bilgi,Maç,Jenerik,Türkçe,Long-tail,h2h_saat
beşiktaş basketbol barcelona basketbol istatistikleri,EuroLeague,Basketbol,Kıta Turnuvası,Kıta Üstü,Global Elit,Erkek,Kulüp,Takım Sporu,Avrupa,Uluslararası,Türk Takımı Var,TV+ Var,Yıllık,Sürekli Lig,İstatistik,Bilgi,Maç,Jenerik,Türkçe,Long-tail,h2h_ist
beşiktaş basketbol panathinaikos,EuroLeague,Basketbol,Kıta Turnuvası,Kıta Üstü,Global Elit,Erkek,Kulüp,Takım Sporu,Avrupa,Uluslararası,Türk Takımı Var,TV+ Var,Yıllık,Sürekli Lig,Rakip Eşleşmesi,Bilgi,Maç,Jenerik,Türkçe,Body,h2h
beşiktaş basketbol panathinaikos maçı,EuroLeague,Basketbol,Kıta Turnuvası,Kıta Üstü,Global Elit,Erkek,Kulüp,Takım Sporu,Avrupa,Uluslararası,Türk Takımı Var,TV+ Var,Yıllık,Sürekli Lig,Rakip Eşleşmesi,Bilgi,Maç,Jenerik,Türkçe,Body,h2h_mac
beşiktaş basketbol panathinaikos canlı izle,EuroLeague,Basketbol,Kıta Turnuvası,Kıta Üstü,Global Elit,Erkek,Kulüp,Takım Sporu,Avrupa,Uluslararası,Türk Takımı Var,TV+ Var,Yıllık,Sürekli Lig,Canlı İzle,İzleme,Maç,Jenerik,Türkçe,Long-tail,h2h_izle
beşiktaş basketbol panathinaikos hangi kanalda,EuroLeague,Basketbol,Kıta Turnuvası,Kıta Üstü,Global Elit,Erkek,Kulüp,Takım Sporu,Avrupa,Uluslararası,Türk Takımı Var,TV+ Var,Yıllık,Sürekli Lig,Kanal/Yayın,İzleme,Maç,Jenerik,Türkçe,Long-tail,h2h_kanal
beşiktaş basketbol panathinaikos saat kaçta,EuroLeague,Basketbol,Kıta Turnuvası,Kıta Üstü,Global Elit,Erkek,Kulüp,Takım Sporu,Avrupa,Uluslararası,Türk Takımı Var,TV+ Var,Yıllık,Sürekli Lig,Takvim/Saat,Bilgi,Maç,Jenerik,Türkçe,Long-tail,h2h_saat
beşiktaş basketbol panathinaikos istatistikleri,EuroLeague,Basketbol,Kıta Turnuvası,Kıta Üstü,Global Elit,Erkek,Kulüp,Takım Sporu,Avrupa,Uluslararası,Türk Takımı Var,TV+ Var,Yıllık,Sürekli Lig,İstatistik,Bilgi,Maç,Jenerik,Türkçe,Body,h2h_ist
real madrid basketbol barcelona basketbol,EuroLeague,Basketbol,Kıta Turnuvası,Kıta Üstü,Global Elit,Erkek,Kulüp,Takım Sporu,Avrupa,Uluslararası,Türk Takımı Var,TV+ Var,Yıllık,Sürekli Lig,Rakip Eşleşmesi,Bilgi,Maç,Jenerik,İngilizce,Long-tail,h2h
real madrid basketbol barcelona basketbol maçı,EuroLeague,Basketbol,Kıta Turnuvası,Kıta Üstü,Global Elit,Erkek,Kulüp,Takım Sporu,Avrupa,Uluslararası,Türk Takımı Var,TV+ Var,Yıllık,Sürekli Lig,Rakip Eşleşmesi,Bilgi,Maç,Jenerik,Türkçe,Long-tail,h2h_mac
real madrid basketbol barcelona basketbol canlı izle,EuroLeague,Basketbol,Kıta Turnuvası,Kıta Üstü,Global Elit,Erkek,Kulüp,Takım Sporu,Avrupa,Uluslararası,Türk Takımı Var,TV+ Var,Yıllık,Sürekli Lig,Canlı İzle,İzleme,Maç,Jenerik,Türkçe,Long-tail,h2h_izle
real madrid basketbol barcelona basketbol hangi kanalda,EuroLeague,Basketbol,Kıta Turnuvası,Kıta Üstü,Global Elit,Erkek,Kulüp,Takım Sporu,Avrupa,Uluslararası,Türk Takımı Var,TV+ Var,Yıllık,Sürekli Lig,Kanal/Yayın,İzleme,Maç,Jenerik,İngilizce,Long-tail,h2h_kanal
real madrid basketbol barcelona basketbol saat kaçta,EuroLeague,Basketbol,Kıta Turnuvası,Kıta Üstü,Global Elit,Erkek,Kulüp,Takım Sporu,Avrupa,Uluslararası,Türk Takımı Var,TV+ Var,Yıllık,Sürekli Lig,Takvim/Saat,Bilgi,Maç,Jenerik,Türkçe,Long-tail,h2h_saat
real madrid basketbol barcelona basketbol istatistikleri,EuroLeague,Basketbol,Kıta Turnuvası,Kıta Üstü,Global Elit,Erkek,Kulüp,Takım Sporu,Avrupa,Uluslararası,Türk Takımı Var,TV+ Var,Yıllık,Sürekli Lig,İstatistik,Bilgi,Maç,Jenerik,İngilizce,Long-tail,h2h_ist
real madrid basketbol panathinaikos,EuroLeague,Basketbol,Kıta Turnuvası,Kıta Üstü,Global Elit,Erkek,Kulüp,Takım Sporu,Avrupa,Uluslararası,Türk Takımı Var,TV+ Var,Yıllık,Sürekli Lig,Rakip Eşleşmesi,Bilgi,Maç,Jenerik,İngilizce,Body,h2h
real madrid basketbol panathinaikos maçı,EuroLeague,Basketbol,Kıta Turnuvası,Kıta Üstü,Global Elit,Erkek,Kulüp,Takım Sporu,Avrupa,Uluslararası,Türk Takımı Var,TV+ Var,Yıllık,Sürekli Lig,Rakip Eşleşmesi,Bilgi,Maç,Jenerik,Türkçe,Long-tail,h2h_mac
real madrid basketbol panathinaikos canlı izle,EuroLeague,Basketbol,Kıta Turnuvası,Kıta Üstü,Global Elit,Erkek,Kulüp,Takım Sporu,Avrupa,Uluslararası,Türk Takımı Var,TV+ Var,Yıllık,Sürekli Lig,Canlı İzle,İzleme,Maç,Jenerik,Türkçe,Long-tail,h2h_izle
real madrid basketbol panathinaikos hangi kanalda,EuroLeague,Basketbol,Kıta Turnuvası,Kıta Üstü,Global Elit,Erkek,Kulüp,Takım Sporu,Avrupa,Uluslararası,Türk Takımı Var,TV+ Var,Yıllık,Sürekli Lig,Kanal/Yayın,İzleme,Maç,Jenerik,İngilizce,Long-tail,h2h_kanal
real madrid basketbol panathinaikos saat kaçta,EuroLeague,Basketbol,Kıta Turnuvası,Kıta Üstü,Global Elit,Erkek,Kulüp,Takım Sporu,Avrupa,Uluslararası,Türk Takımı Var,TV+ Var,Yıllık,Sürekli Lig,Takvim/Saat,Bilgi,Maç,Jenerik,Türkçe,Long-tail,h2h_saat
real madrid basketbol panathinaikos istatistikleri,EuroLeague,Basketbol,Kıta Turnuvası,Kıta Üstü,Global Elit,Erkek,Kulüp,Takım Sporu,Avrupa,Uluslararası,Türk Takımı Var,TV+ Var,Yıllık,Sürekli Lig,İstatistik,Bilgi,Maç,Jenerik,İngilizce,Long-tail,h2h_ist
barcelona basketbol panathinaikos,EuroLeague,Basketbol,Kıta Turnuvası,Kıta Üstü,Global Elit,Erkek,Kulüp,Takım Sporu,Avrupa,Uluslararası,Türk Takımı Var,TV+ Var,Yıllık,Sürekli Lig,Rakip Eşleşmesi,Bilgi,Maç,Jenerik,İngilizce,Body,h2h
barcelona basketbol panathinaikos maçı,EuroLeague,Basketbol,Kıta Turnuvası,Kıta Üstü,Global Elit,Erkek,Kulüp,Takım Sporu,Avrupa,Uluslararası,Türk Takımı Var,TV+ Var,Yıllık,Sürekli Lig,Rakip Eşleşmesi,Bilgi,Maç,Jenerik,Türkçe,Body,h2h_mac
barcelona basketbol panathinaikos canlı izle,EuroLeague,Basketbol,Kıta Turnuvası,Kıta Üstü,Global Elit,Erkek,Kulüp,Takım Sporu,Avrupa,Uluslararası,Türk Takımı Var,TV+ Var,Yıllık,Sürekli Lig,Canlı İzle,İzleme,Maç,Jenerik,Türkçe,Long-tail,h2h_izle
barcelona basketbol panathinaikos hangi kanalda,EuroLeague,Basketbol,Kıta Turnuvası,Kıta Üstü,Global Elit,Erkek,Kulüp,Takım Sporu,Avrupa,Uluslararası,Türk Takımı Var,TV+ Var,Yıllık,Sürekli Lig,Kanal/Yayın,İzleme,Maç,Jenerik,İngilizce,Long-tail,h2h_kanal
barcelona basketbol panathinaikos saat kaçta,EuroLeague,Basketbol,Kıta Turnuvası,Kıta Üstü,Global Elit,Erkek,Kulüp,Takım Sporu,Avrupa,Uluslararası,Türk Takımı Var,TV+ Var,Yıllık,Sürekli Lig,Takvim/Saat,Bilgi,Maç,Jenerik,Türkçe,Long-tail,h2h_saat
barcelona basketbol panathinaikos istatistikleri,EuroLeague,Basketbol,Kıta Turnuvası,Kıta Üstü,Global Elit,Erkek,Kulüp,Takım Sporu,Avrupa,Uluslararası,Türk Takımı Var,TV+ Var,Yıllık,Sürekli Lig,İstatistik,Bilgi,Maç,Jenerik,İngilizce,Body,h2h_ist
los angeles lakers golden state warriors,NBA,Basketbol,Lig,1. Seviye,Global Elit,Erkek,Kulüp,Takım Sporu,ABD,Yabancı,Türk Sporcu Var,TV+ Var,Yıllık,Sürekli Lig,Rakip Eşleşmesi,Bilgi,Maç,Jenerik,İngilizce,Long-tail,h2h
los angeles lakers golden state warriors maçı,NBA,Basketbol,Lig,1. Seviye,Global Elit,Erkek,Kulüp,Takım Sporu,ABD,Yabancı,Türk Sporcu Var,TV+ Var,Yıllık,Sürekli Lig,Rakip Eşleşmesi,Bilgi,Maç,Jenerik,Türkçe,Long-tail,h2h_mac
los angeles lakers golden state warriors canlı izle,NBA,Basketbol,Lig,1. Seviye,Global Elit,Erkek,Kulüp,Takım Sporu,ABD,Yabancı,Türk Sporcu Var,TV+ Var,Yıllık,Sürekli Lig,Canlı İzle,İzleme,Maç,Jenerik,Türkçe,Long-tail,h2h_izle
los angeles lakers golden state warriors hangi kanalda,NBA,Basketbol,Lig,1. Seviye,Global Elit,Erkek,Kulüp,Takım Sporu,ABD,Yabancı,Türk Sporcu Var,TV+ Var,Yıllık,Sürekli Lig,Kanal/Yayın,İzleme,Maç,Jenerik,İngilizce,Long-tail,h2h_kanal
los angeles lakers golden state warriors saat kaçta,NBA,Basketbol,Lig,1. Seviye,Global Elit,Erkek,Kulüp,Takım Sporu,ABD,Yabancı,Türk Sporcu Var,TV+ Var,Yıllık,Sürekli Lig,Takvim/Saat,Bilgi,Maç,Jenerik,Türkçe,Long-tail,h2h_saat
los angeles lakers golden state warriors istatistikleri,NBA,Basketbol,Lig,1. Seviye,Global Elit,Erkek,Kulüp,Takım Sporu,ABD,Yabancı,Türk Sporcu Var,TV+ Var,Yıllık,Sürekli Lig,İstatistik,Bilgi,Maç,Jenerik,İngilizce,Long-tail,h2h_ist
los angeles lakers boston celtics,NBA,Basketbol,Lig,1. Seviye,Global Elit,Erkek,Kulüp,Takım Sporu,ABD,Yabancı,Türk Sporcu Var,TV+ Var,Yıllık,Sürekli Lig,Rakip Eşleşmesi,Bilgi,Maç,Jenerik,İngilizce,Long-tail,h2h
los angeles lakers boston celtics maçı,NBA,Basketbol,Lig,1. Seviye,Global Elit,Erkek,Kulüp,Takım Sporu,ABD,Yabancı,Türk Sporcu Var,TV+ Var,Yıllık,Sürekli Lig,Rakip Eşleşmesi,Bilgi,Maç,Jenerik,Türkçe,Long-tail,h2h_mac
los angeles lakers boston celtics canlı izle,NBA,Basketbol,Lig,1. Seviye,Global Elit,Erkek,Kulüp,Takım Sporu,ABD,Yabancı,Türk Sporcu Var,TV+ Var,Yıllık,Sürekli Lig,Canlı İzle,İzleme,Maç,Jenerik,Türkçe,Long-tail,h2h_izle
los angeles lakers boston celtics hangi kanalda,NBA,Basketbol,Lig,1. Seviye,Global Elit,Erkek,Kulüp,Takım Sporu,ABD,Yabancı,Türk Sporcu Var,TV+ Var,Yıllık,Sürekli Lig,Kanal/Yayın,İzleme,Maç,Jenerik,İngilizce,Long-tail,h2h_kanal
los angeles lakers boston celtics saat kaçta,NBA,Basketbol,Lig,1. Seviye,Global Elit,Erkek,Kulüp,Takım Sporu,ABD,Yabancı,Türk Sporcu Var,TV+ Var,Yıllık,Sürekli Lig,Takvim/Saat,Bilgi,Maç,Jenerik,Türkçe,Long-tail,h2h_saat
los angeles lakers boston celtics istatistikleri,NBA,Basketbol,Lig,1. Seviye,Global Elit,Erkek,Kulüp,Takım Sporu,ABD,Yabancı,Türk Sporcu Var,TV+ Var,Yıllık,Sürekli Lig,İstatistik,Bilgi,Maç,Jenerik,İngilizce,Long-tail,h2h_ist
los angeles lakers chicago bulls,NBA,Basketbol,Lig,1. Seviye,Global Elit,Erkek,Kulüp,Takım Sporu,ABD,Yabancı,Türk Sporcu Var,TV+ Var,Yıllık,Sürekli Lig,Rakip Eşleşmesi,Bilgi,Maç,Jenerik,İngilizce,Long-tail,h2h
los angeles lakers chicago bulls maçı,NBA,Basketbol,Lig,1. Seviye,Global Elit,Erkek,Kulüp,Takım Sporu,ABD,Yabancı,Türk Sporcu Var,TV+ Var,Yıllık,Sürekli Lig,Rakip Eşleşmesi,Bilgi,Maç,Jenerik,Türkçe,Long-tail,h2h_mac
los angeles lakers chicago bulls canlı izle,NBA,Basketbol,Lig,1. Seviye,Global Elit,Erkek,Kulüp,Takım Sporu,ABD,Yabancı,Türk Sporcu Var,TV+ Var,Yıllık,Sürekli Lig,Canlı İzle,İzleme,Maç,Jenerik,Türkçe,Long-tail,h2h_izle
los angeles lakers chicago bulls hangi kanalda,NBA,Basketbol,Lig,1. Seviye,Global Elit,Erkek,Kulüp,Takım Sporu,ABD,Yabancı,Türk Sporcu Var,TV+ Var,Yıllık,Sürekli Lig,Kanal/Yayın,İzleme,Maç,Jenerik,İngilizce,Long-tail,h2h_kanal
los angeles lakers chicago bulls saat kaçta,NBA,Basketbol,Lig,1. Seviye,Global Elit,Erkek,Kulüp,Takım Sporu,ABD,Yabancı,Türk Sporcu Var,TV+ Var,Yıllık,Sürekli Lig,Takvim/Saat,Bilgi,Maç,Jenerik,Türkçe,Long-tail,h2h_saat
los angeles lakers chicago bulls istatistikleri,NBA,Basketbol,Lig,1. Seviye,Global Elit,Erkek,Kulüp,Takım Sporu,ABD,Yabancı,Türk Sporcu Var,TV+ Var,Yıllık,Sürekli Lig,İstatistik,Bilgi,Maç,Jenerik,İngilizce,Long-tail,h2h_ist
los angeles lakers miami heat,NBA,Basketbol,Lig,1. Seviye,Global Elit,Erkek,Kulüp,Takım Sporu,ABD,Yabancı,Türk Sporcu Var,TV+ Var,Yıllık,Sürekli Lig,Rakip Eşleşmesi,Bilgi,Maç,Jenerik,İngilizce,Long-tail,h2h
los angeles lakers miami heat maçı,NBA,Basketbol,Lig,1. Seviye,Global Elit,Erkek,Kulüp,Takım Sporu,ABD,Yabancı,Türk Sporcu Var,TV+ Var,Yıllık,Sürekli Lig,Rakip Eşleşmesi,Bilgi,Maç,Jenerik,Türkçe,Long-tail,h2h_mac
los angeles lakers miami heat canlı izle,NBA,Basketbol,Lig,1. Seviye,Global Elit,Erkek,Kulüp,Takım Sporu,ABD,Yabancı,Türk Sporcu Var,TV+ Var,Yıllık,Sürekli Lig,Canlı İzle,İzleme,Maç,Jenerik,Türkçe,Long-tail,h2h_izle
los angeles lakers miami heat hangi kanalda,NBA,Basketbol,Lig,1. Seviye,Global Elit,Erkek,Kulüp,Takım Sporu,ABD,Yabancı,Türk Sporcu Var,TV+ Var,Yıllık,Sürekli Lig,Kanal/Yayın,İzleme,Maç,Jenerik,İngilizce,Long-tail,h2h_kanal
los angeles lakers miami heat saat kaçta,NBA,Basketbol,Lig,1. Seviye,Global Elit,Erkek,Kulüp,Takım Sporu,ABD,Yabancı,Türk Sporcu Var,TV+ Var,Yıllık,Sürekli Lig,Takvim/Saat,Bilgi,Maç,Jenerik,Türkçe,Long-tail,h2h_saat
los angeles lakers miami heat istatistikleri,NBA,Basketbol,Lig,1. Seviye,Global Elit,Erkek,Kulüp,Takım Sporu,ABD,Yabancı,Türk Sporcu Var,TV+ Var,Yıllık,Sürekli Lig,İstatistik,Bilgi,Maç,Jenerik,İngilizce,Long-tail,h2h_ist
golden state warriors boston celtics,NBA,Basketbol,Lig,1. Seviye,Global Elit,Erkek,Kulüp,Takım Sporu,ABD,Yabancı,Türk Sporcu Var,TV+ Var,Yıllık,Sürekli Lig,Rakip Eşleşmesi,Bilgi,Maç,Jenerik,İngilizce,Long-tail,h2h
golden state warriors boston celtics maçı,NBA,Basketbol,Lig,1. Seviye,Global Elit,Erkek,Kulüp,Takım Sporu,ABD,Yabancı,Türk Sporcu Var,TV+ Var,Yıllık,Sürekli Lig,Rakip Eşleşmesi,Bilgi,Maç,Jenerik,Türkçe,Long-tail,h2h_mac
golden state warriors boston celtics canlı izle,NBA,Basketbol,Lig,1. Seviye,Global Elit,Erkek,Kulüp,Takım Sporu,ABD,Yabancı,Türk Sporcu Var,TV+ Var,Yıllık,Sürekli Lig,Canlı İzle,İzleme,Maç,Jenerik,Türkçe,Long-tail,h2h_izle
golden state warriors boston celtics hangi kanalda,NBA,Basketbol,Lig,1. Seviye,Global Elit,Erkek,Kulüp,Takım Sporu,ABD,Yabancı,Türk Sporcu Var,TV+ Var,Yıllık,Sürekli Lig,Kanal/Yayın,İzleme,Maç,Jenerik,İngilizce,Long-tail,h2h_kanal
golden state warriors boston celtics saat kaçta,NBA,Basketbol,Lig,1. Seviye,Global Elit,Erkek,Kulüp,Takım Sporu,ABD,Yabancı,Türk Sporcu Var,TV+ Var,Yıllık,Sürekli Lig,Takvim/Saat,Bilgi,Maç,Jenerik,Türkçe,Long-tail,h2h_saat
golden state warriors boston celtics istatistikleri,NBA,Basketbol,Lig,1. Seviye,Global Elit,Erkek,Kulüp,Takım Sporu,ABD,Yabancı,Türk Sporcu Var,TV+ Var,Yıllık,Sürekli Lig,İstatistik,Bilgi,Maç,Jenerik,İngilizce,Long-tail,h2h_ist
golden state warriors chicago bulls,NBA,Basketbol,Lig,1. Seviye,Global Elit,Erkek,Kulüp,Takım Sporu,ABD,Yabancı,Türk Sporcu Var,TV+ Var,Yıllık,Sürekli Lig,Rakip Eşleşmesi,Bilgi,Maç,Jenerik,İngilizce,Long-tail,h2h
golden state warriors chicago bulls maçı,NBA,Basketbol,Lig,1. Seviye,Global Elit,Erkek,Kulüp,Takım Sporu,ABD,Yabancı,Türk Sporcu Var,TV+ Var,Yıllık,Sürekli Lig,Rakip Eşleşmesi,Bilgi,Maç,Jenerik,Türkçe,Long-tail,h2h_mac
golden state warriors chicago bulls canlı izle,NBA,Basketbol,Lig,1. Seviye,Global Elit,Erkek,Kulüp,Takım Sporu,ABD,Yabancı,Türk Sporcu Var,TV+ Var,Yıllık,Sürekli Lig,Canlı İzle,İzleme,Maç,Jenerik,Türkçe,Long-tail,h2h_izle
golden state warriors chicago bulls hangi kanalda,NBA,Basketbol,Lig,1. Seviye,Global Elit,Erkek,Kulüp,Takım Sporu,ABD,Yabancı,Türk Sporcu Var,TV+ Var,Yıllık,Sürekli Lig,Kanal/Yayın,İzleme,Maç,Jenerik,İngilizce,Long-tail,h2h_kanal
golden state warriors chicago bulls saat kaçta,NBA,Basketbol,Lig,1. Seviye,Global Elit,Erkek,Kulüp,Takım Sporu,ABD,Yabancı,Türk Sporcu Var,TV+ Var,Yıllık,Sürekli Lig,Takvim/Saat,Bilgi,Maç,Jenerik,Türkçe,Long-tail,h2h_saat
golden state warriors chicago bulls istatistikleri,NBA,Basketbol,Lig,1. Seviye,Global Elit,Erkek,Kulüp,Takım Sporu,ABD,Yabancı,Türk Sporcu Var,TV+ Var,Yıllık,Sürekli Lig,İstatistik,Bilgi,Maç,Jenerik,İngilizce,Long-tail,h2h_ist
golden state warriors miami heat,NBA,Basketbol,Lig,1. Seviye,Global Elit,Erkek,Kulüp,Takım Sporu,ABD,Yabancı,Türk Sporcu Var,TV+ Var,Yıllık,Sürekli Lig,Rakip Eşleşmesi,Bilgi,Maç,Jenerik,İngilizce,Long-tail,h2h
golden state warriors miami heat maçı,NBA,Basketbol,Lig,1. Seviye,Global Elit,Erkek,Kulüp,Takım Sporu,ABD,Yabancı,Türk Sporcu Var,TV+ Var,Yıllık,Sürekli Lig,Rakip Eşleşmesi,Bilgi,Maç,Jenerik,Türkçe,Long-tail,h2h_mac
golden state warriors miami heat canlı izle,NBA,Basketbol,Lig,1. Seviye,Global Elit,Erkek,Kulüp,Takım Sporu,ABD,Yabancı,Türk Sporcu Var,TV+ Var,Yıllık,Sürekli Lig,Canlı İzle,İzleme,Maç,Jenerik,Türkçe,Long-tail,h2h_izle
golden state warriors miami heat hangi kanalda,NBA,Basketbol,Lig,1. Seviye,Global Elit,Erkek,Kulüp,Takım Sporu,ABD,Yabancı,Türk Sporcu Var,TV+ Var,Yıllık,Sürekli Lig,Kanal/Yayın,İzleme,Maç,Jenerik,İngilizce,Long-tail,h2h_kanal
golden state warriors miami heat saat kaçta,NBA,Basketbol,Lig,1. Seviye,Global Elit,Erkek,Kulüp,Takım Sporu,ABD,Yabancı,Türk Sporcu Var,TV+ Var,Yıllık,Sürekli Lig,Takvim/Saat,Bilgi,Maç,Jenerik,Türkçe,Long-tail,h2h_saat
golden state warriors miami heat istatistikleri,NBA,Basketbol,Lig,1. Seviye,Global Elit,Erkek,Kulüp,Takım Sporu,ABD,Yabancı,Türk Sporcu Var,TV+ Var,Yıllık,Sürekli Lig,İstatistik,Bilgi,Maç,Jenerik,İngilizce,Long-tail,h2h_ist
boston celtics chicago bulls,NBA,Basketbol,Lig,1. Seviye,Global Elit,Erkek,Kulüp,Takım Sporu,ABD,Yabancı,Türk Sporcu Var,TV+ Var,Yıllık,Sürekli Lig,Rakip Eşleşmesi,Bilgi,Maç,Jenerik,İngilizce,Body,h2h
boston celtics chicago bulls maçı,NBA,Basketbol,Lig,1. Seviye,Global Elit,Erkek,Kulüp,Takım Sporu,ABD,Yabancı,Türk Sporcu Var,TV+ Var,Yıllık,Sürekli Lig,Rakip Eşleşmesi,Bilgi,Maç,Jenerik,Türkçe,Long-tail,h2h_mac
boston celtics chicago bulls canlı izle,NBA,Basketbol,Lig,1. Seviye,Global Elit,Erkek,Kulüp,Takım Sporu,ABD,Yabancı,Türk Sporcu Var,TV+ Var,Yıllık,Sürekli Lig,Canlı İzle,İzleme,Maç,Jenerik,Türkçe,Long-tail,h2h_izle
boston celtics chicago bulls hangi kanalda,NBA,Basketbol,Lig,1. Seviye,Global Elit,Erkek,Kulüp,Takım Sporu,ABD,Yabancı,Türk Sporcu Var,TV+ Var,Yıllık,Sürekli Lig,Kanal/Yayın,İzleme,Maç,Jenerik,İngilizce,Long-tail,h2h_kanal
boston celtics chicago bulls saat kaçta,NBA,Basketbol,Lig,1. Seviye,Global Elit,Erkek,Kulüp,Takım Sporu,ABD,Yabancı,Türk Sporcu Var,TV+ Var,Yıllık,Sürekli Lig,Takvim/Saat,Bilgi,Maç,Jenerik,Türkçe,Long-tail,h2h_saat
boston celtics chicago bulls istatistikleri,NBA,Basketbol,Lig,1. Seviye,Global Elit,Erkek,Kulüp,Takım Sporu,ABD,Yabancı,Türk Sporcu Var,TV+ Var,Yıllık,Sürekli Lig,İstatistik,Bilgi,Maç,Jenerik,İngilizce,Long-tail,h2h_ist
boston celtics miami heat,NBA,Basketbol,Lig,1. Seviye,Global Elit,Erkek,Kulüp,Takım Sporu,ABD,Yabancı,Türk Sporcu Var,TV+ Var,Yıllık,Sürekli Lig,Rakip Eşleşmesi,Bilgi,Maç,Jenerik,İngilizce,Body,h2h
boston celtics miami heat maçı,NBA,Basketbol,Lig,1. Seviye,Global Elit,Erkek,Kulüp,Takım Sporu,ABD,Yabancı,Türk Sporcu Var,TV+ Var,Yıllık,Sürekli Lig,Rakip Eşleşmesi,Bilgi,Maç,Jenerik,Türkçe,Long-tail,h2h_mac
boston celtics miami heat canlı izle,NBA,Basketbol,Lig,1. Seviye,Global Elit,Erkek,Kulüp,Takım Sporu,ABD,Yabancı,Türk Sporcu Var,TV+ Var,Yıllık,Sürekli Lig,Canlı İzle,İzleme,Maç,Jenerik,Türkçe,Long-tail,h2h_izle
boston celtics miami heat hangi kanalda,NBA,Basketbol,Lig,1. Seviye,Global Elit,Erkek,Kulüp,Takım Sporu,ABD,Yabancı,Türk Sporcu Var,TV+ Var,Yıllık,Sürekli Lig,Kanal/Yayın,İzleme,Maç,Jenerik,İngilizce,Long-tail,h2h_kanal
boston celtics miami heat saat kaçta,NBA,Basketbol,Lig,1. Seviye,Global Elit,Erkek,Kulüp,Takım Sporu,ABD,Yabancı,Türk Sporcu Var,TV+ Var,Yıllık,Sürekli Lig,Takvim/Saat,Bilgi,Maç,Jenerik,Türkçe,Long-tail,h2h_saat
boston celtics miami heat istatistikleri,NBA,Basketbol,Lig,1. Seviye,Global Elit,Erkek,Kulüp,Takım Sporu,ABD,Yabancı,Türk Sporcu Var,TV+ Var,Yıllık,Sürekli Lig,İstatistik,Bilgi,Maç,Jenerik,İngilizce,Long-tail,h2h_ist
chicago bulls miami heat,NBA,Basketbol,Lig,1. Seviye,Global Elit,Erkek,Kulüp,Takım Sporu,ABD,Yabancı,Türk Sporcu Var,TV+ Var,Yıllık,Sürekli Lig,Rakip Eşleşmesi,Bilgi,Maç,Jenerik,İngilizce,Body,h2h
chicago bulls miami heat maçı,NBA,Basketbol,Lig,1. Seviye,Global Elit,Erkek,Kulüp,Takım Sporu,ABD,Yabancı,Türk Sporcu Var,TV+ Var,Yıllık,Sürekli Lig,Rakip Eşleşmesi,Bilgi,Maç,Jenerik,Türkçe,Long-tail,h2h_mac
chicago bulls miami heat canlı izle,NBA,Basketbol,Lig,1. Seviye,Global Elit,Erkek,Kulüp,Takım Sporu,ABD,Yabancı,Türk Sporcu Var,TV+ Var,Yıllık,Sürekli Lig,Canlı İzle,İzleme,Maç,Jenerik,Türkçe,Long-tail,h2h_izle
chicago bulls miami heat hangi kanalda,NBA,Basketbol,Lig,1. Seviye,Global Elit,Erkek,Kulüp,Takım Sporu,ABD,Yabancı,Türk Sporcu Var,TV+ Var,Yıllık,Sürekli Lig,Kanal/Yayın,İzleme,Maç,Jenerik,İngilizce,Long-tail,h2h_kanal
chicago bulls miami heat saat kaçta,NBA,Basketbol,Lig,1. Seviye,Global Elit,Erkek,Kulüp,Takım Sporu,ABD,Yabancı,Türk Sporcu Var,TV+ Var,Yıllık,Sürekli Lig,Takvim/Saat,Bilgi,Maç,Jenerik,Türkçe,Long-tail,h2h_saat
chicago bulls miami heat istatistikleri,NBA,Basketbol,Lig,1. Seviye,Global Elit,Erkek,Kulüp,Takım Sporu,ABD,Yabancı,Türk Sporcu Var,TV+ Var,Yıllık,Sürekli Lig,İstatistik,Bilgi,Maç,Jenerik,İngilizce,Long-tail,h2h_ist
vakıfbank fenerbahçe opet,Sultanlar Ligi,Voleybol,Lig,1. Seviye,Üst,Kadın,Kulüp,Takım Sporu,Türkiye,Yerli,Türk Takımı Var,Doğrulanacak,Yıllık,Sürekli Lig,Rakip Eşleşmesi,Bilgi,Maç,Jenerik,Türkçe,Body,h2h
vakıfbank fenerbahçe opet maçı,Sultanlar Ligi,Voleybol,Lig,1. Seviye,Üst,Kadın,Kulüp,Takım Sporu,Türkiye,Yerli,Türk Takımı Var,Doğrulanacak,Yıllık,Sürekli Lig,Rakip Eşleşmesi,Bilgi,Maç,Jenerik,Türkçe,Body,h2h_mac
vakıfbank fenerbahçe opet canlı izle,Sultanlar Ligi,Voleybol,Lig,1. Seviye,Üst,Kadın,Kulüp,Takım Sporu,Türkiye,Yerli,Türk Takımı Var,Doğrulanacak,Yıllık,Sürekli Lig,Canlı İzle,İzleme,Maç,Jenerik,Türkçe,Long-tail,h2h_izle
vakıfbank fenerbahçe opet hangi kanalda,Sultanlar Ligi,Voleybol,Lig,1. Seviye,Üst,Kadın,Kulüp,Takım Sporu,Türkiye,Yerli,Türk Takımı Var,Doğrulanacak,Yıllık,Sürekli Lig,Kanal/Yayın,İzleme,Maç,Jenerik,Türkçe,Long-tail,h2h_kanal
vakıfbank fenerbahçe opet saat kaçta,Sultanlar Ligi,Voleybol,Lig,1. Seviye,Üst,Kadın,Kulüp,Takım Sporu,Türkiye,Yerli,Türk Takımı Var,Doğrulanacak,Yıllık,Sürekli Lig,Takvim/Saat,Bilgi,Maç,Jenerik,Türkçe,Long-tail,h2h_saat
vakıfbank fenerbahçe opet istatistikleri,Sultanlar Ligi,Voleybol,Lig,1. Seviye,Üst,Kadın,Kulüp,Takım Sporu,Türkiye,Yerli,Türk Takımı Var,Doğrulanacak,Yıllık,Sürekli Lig,İstatistik,Bilgi,Maç,Jenerik,Türkçe,Body,h2h_ist
vakıfbank eczacıbaşı,Sultanlar Ligi,Voleybol,Lig,1. Seviye,Üst,Kadın,Kulüp,Takım Sporu,Türkiye,Yerli,Türk Takımı Var,Doğrulanacak,Yıllık,Sürekli Lig,Rakip Eşleşmesi,Bilgi,Maç,Jenerik,Türkçe,Head,h2h
vakıfbank eczacıbaşı maçı,Sultanlar Ligi,Voleybol,Lig,1. Seviye,Üst,Kadın,Kulüp,Takım Sporu,Türkiye,Yerli,Türk Takımı Var,Doğrulanacak,Yıllık,Sürekli Lig,Rakip Eşleşmesi,Bilgi,Maç,Jenerik,Türkçe,Body,h2h_mac
vakıfbank eczacıbaşı canlı izle,Sultanlar Ligi,Voleybol,Lig,1. Seviye,Üst,Kadın,Kulüp,Takım Sporu,Türkiye,Yerli,Türk Takımı Var,Doğrulanacak,Yıllık,Sürekli Lig,Canlı İzle,İzleme,Maç,Jenerik,Türkçe,Body,h2h_izle
vakıfbank eczacıbaşı hangi kanalda,Sultanlar Ligi,Voleybol,Lig,1. Seviye,Üst,Kadın,Kulüp,Takım Sporu,Türkiye,Yerli,Türk Takımı Var,Doğrulanacak,Yıllık,Sürekli Lig,Kanal/Yayın,İzleme,Maç,Jenerik,Türkçe,Body,h2h_kanal
vakıfbank eczacıbaşı saat kaçta,Sultanlar Ligi,Voleybol,Lig,1. Seviye,Üst,Kadın,Kulüp,Takım Sporu,Türkiye,Yerli,Türk Takımı Var,Doğrulanacak,Yıllık,Sürekli Lig,Takvim/Saat,Bilgi,Maç,Jenerik,Türkçe,Body,h2h_saat
vakıfbank eczacıbaşı istatistikleri,Sultanlar Ligi,Voleybol,Lig,1. Seviye,Üst,Kadın,Kulüp,Takım Sporu,Türkiye,Yerli,Türk Takımı Var,Doğrulanacak,Yıllık,Sürekli Lig,İstatistik,Bilgi,Maç,Jenerik,Türkçe,Body,h2h_ist
vakıfbank galatasaray daikin,Sultanlar Ligi,Voleybol,Lig,1. Seviye,Üst,Kadın,Kulüp,Takım Sporu,Türkiye,Yerli,Türk Takımı Var,Doğrulanacak,Yıllık,Sürekli Lig,Rakip Eşleşmesi,Bilgi,Maç,Jenerik,Türkçe,Body,h2h
vakıfbank galatasaray daikin maçı,Sultanlar Ligi,Voleybol,Lig,1. Seviye,Üst,Kadın,Kulüp,Takım Sporu,Türkiye,Yerli,Türk Takımı Var,Doğrulanacak,Yıllık,Sürekli Lig,Rakip Eşleşmesi,Bilgi,Maç,Jenerik,Türkçe,Body,h2h_mac
vakıfbank galatasaray daikin canlı izle,Sultanlar Ligi,Voleybol,Lig,1. Seviye,Üst,Kadın,Kulüp,Takım Sporu,Türkiye,Yerli,Türk Takımı Var,Doğrulanacak,Yıllık,Sürekli Lig,Canlı İzle,İzleme,Maç,Jenerik,Türkçe,Long-tail,h2h_izle
vakıfbank galatasaray daikin hangi kanalda,Sultanlar Ligi,Voleybol,Lig,1. Seviye,Üst,Kadın,Kulüp,Takım Sporu,Türkiye,Yerli,Türk Takımı Var,Doğrulanacak,Yıllık,Sürekli Lig,Kanal/Yayın,İzleme,Maç,Jenerik,Türkçe,Long-tail,h2h_kanal
vakıfbank galatasaray daikin saat kaçta,Sultanlar Ligi,Voleybol,Lig,1. Seviye,Üst,Kadın,Kulüp,Takım Sporu,Türkiye,Yerli,Türk Takımı Var,Doğrulanacak,Yıllık,Sürekli Lig,Takvim/Saat,Bilgi,Maç,Jenerik,Türkçe,Long-tail,h2h_saat
vakıfbank galatasaray daikin istatistikleri,Sultanlar Ligi,Voleybol,Lig,1. Seviye,Üst,Kadın,Kulüp,Takım Sporu,Türkiye,Yerli,Türk Takımı Var,Doğrulanacak,Yıllık,Sürekli Lig,İstatistik,Bilgi,Maç,Jenerik,Türkçe,Body,h2h_ist
fenerbahçe opet eczacıbaşı,Sultanlar Ligi,Voleybol,Lig,1. Seviye,Üst,Kadın,Kulüp,Takım Sporu,Türkiye,Yerli,Türk Takımı Var,Doğrulanacak,Yıllık,Sürekli Lig,Rakip Eşleşmesi,Bilgi,Maç,Jenerik,Türkçe,Body,h2h
fenerbahçe opet eczacıbaşı maçı,Sultanlar Ligi,Voleybol,Lig,1. Seviye,Üst,Kadın,Kulüp,Takım Sporu,Türkiye,Yerli,Türk Takımı Var,Doğrulanacak,Yıllık,Sürekli Lig,Rakip Eşleşmesi,Bilgi,Maç,Jenerik,Türkçe,Body,h2h_mac
fenerbahçe opet eczacıbaşı canlı izle,Sultanlar Ligi,Voleybol,Lig,1. Seviye,Üst,Kadın,Kulüp,Takım Sporu,Türkiye,Yerli,Türk Takımı Var,Doğrulanacak,Yıllık,Sürekli Lig,Canlı İzle,İzleme,Maç,Jenerik,Türkçe,Long-tail,h2h_izle
fenerbahçe opet eczacıbaşı hangi kanalda,Sultanlar Ligi,Voleybol,Lig,1. Seviye,Üst,Kadın,Kulüp,Takım Sporu,Türkiye,Yerli,Türk Takımı Var,Doğrulanacak,Yıllık,Sürekli Lig,Kanal/Yayın,İzleme,Maç,Jenerik,Türkçe,Long-tail,h2h_kanal
fenerbahçe opet eczacıbaşı saat kaçta,Sultanlar Ligi,Voleybol,Lig,1. Seviye,Üst,Kadın,Kulüp,Takım Sporu,Türkiye,Yerli,Türk Takımı Var,Doğrulanacak,Yıllık,Sürekli Lig,Takvim/Saat,Bilgi,Maç,Jenerik,Türkçe,Long-tail,h2h_saat
fenerbahçe opet eczacıbaşı istatistikleri,Sultanlar Ligi,Voleybol,Lig,1. Seviye,Üst,Kadın,Kulüp,Takım Sporu,Türkiye,Yerli,Türk Takımı Var,Doğrulanacak,Yıllık,Sürekli Lig,İstatistik,Bilgi,Maç,Jenerik,Türkçe,Body,h2h_ist
fenerbahçe opet galatasaray daikin,Sultanlar Ligi,Voleybol,Lig,1. Seviye,Üst,Kadın,Kulüp,Takım Sporu,Türkiye,Yerli,Türk Takımı Var,Doğrulanacak,Yıllık,Sürekli Lig,Rakip Eşleşmesi,Bilgi,Maç,Jenerik,Türkçe,Body,h2h
fenerbahçe opet galatasaray daikin maçı,Sultanlar Ligi,Voleybol,Lig,1. Seviye,Üst,Kadın,Kulüp,Takım Sporu,Türkiye,Yerli,Türk Takımı Var,Doğrulanacak,Yıllık,Sürekli Lig,Rakip Eşleşmesi,Bilgi,Maç,Jenerik,Türkçe,Long-tail,h2h_mac
fenerbahçe opet galatasaray daikin canlı izle,Sultanlar Ligi,Voleybol,Lig,1. Seviye,Üst,Kadın,Kulüp,Takım Sporu,Türkiye,Yerli,Türk Takımı Var,Doğrulanacak,Yıllık,Sürekli Lig,Canlı İzle,İzleme,Maç,Jenerik,Türkçe,Long-tail,h2h_izle
fenerbahçe opet galatasaray daikin hangi kanalda,Sultanlar Ligi,Voleybol,Lig,1. Seviye,Üst,Kadın,Kulüp,Takım Sporu,Türkiye,Yerli,Türk Takımı Var,Doğrulanacak,Yıllık,Sürekli Lig,Kanal/Yayın,İzleme,Maç,Jenerik,Türkçe,Long-tail,h2h_kanal
fenerbahçe opet galatasaray daikin saat kaçta,Sultanlar Ligi,Voleybol,Lig,1. Seviye,Üst,Kadın,Kulüp,Takım Sporu,Türkiye,Yerli,Türk Takımı Var,Doğrulanacak,Yıllık,Sürekli Lig,Takvim/Saat,Bilgi,Maç,Jenerik,Türkçe,Long-tail,h2h_saat
fenerbahçe opet galatasaray daikin istatistikleri,Sultanlar Ligi,Voleybol,Lig,1. Seviye,Üst,Kadın,Kulüp,Takım Sporu,Türkiye,Yerli,Türk Takımı Var,Doğrulanacak,Yıllık,Sürekli Lig,İstatistik,Bilgi,Maç,Jenerik,Türkçe,Long-tail,h2h_ist
eczacıbaşı galatasaray daikin,Sultanlar Ligi,Voleybol,Lig,1. Seviye,Üst,Kadın,Kulüp,Takım Sporu,Türkiye,Yerli,Türk Takımı Var,Doğrulanacak,Yıllık,Sürekli Lig,Rakip Eşleşmesi,Bilgi,Maç,Jenerik,Türkçe,Body,h2h
eczacıbaşı galatasaray daikin maçı,Sultanlar Ligi,Voleybol,Lig,1. Seviye,Üst,Kadın,Kulüp,Takım Sporu,Türkiye,Yerli,Türk Takımı Var,Doğrulanacak,Yıllık,Sürekli Lig,Rakip Eşleşmesi,Bilgi,Maç,Jenerik,Türkçe,Body,h2h_mac
eczacıbaşı galatasaray daikin canlı izle,Sultanlar Ligi,Voleybol,Lig,1. Seviye,Üst,Kadın,Kulüp,Takım Sporu,Türkiye,Yerli,Türk Takımı Var,Doğrulanacak,Yıllık,Sürekli Lig,Canlı İzle,İzleme,Maç,Jenerik,Türkçe,Long-tail,h2h_izle
eczacıbaşı galatasaray daikin hangi kanalda,Sultanlar Ligi,Voleybol,Lig,1. Seviye,Üst,Kadın,Kulüp,Takım Sporu,Türkiye,Yerli,Türk Takımı Var,Doğrulanacak,Yıllık,Sürekli Lig,Kanal/Yayın,İzleme,Maç,Jenerik,Türkçe,Long-tail,h2h_kanal
eczacıbaşı galatasaray daikin saat kaçta,Sultanlar Ligi,Voleybol,Lig,1. Seviye,Üst,Kadın,Kulüp,Takım Sporu,Türkiye,Yerli,Türk Takımı Var,Doğrulanacak,Yıllık,Sürekli Lig,Takvim/Saat,Bilgi,Maç,Jenerik,Türkçe,Long-tail,h2h_saat
eczacıbaşı galatasaray daikin istatistikleri,Sultanlar Ligi,Voleybol,Lig,1. Seviye,Üst,Kadın,Kulüp,Takım Sporu,Türkiye,Yerli,Türk Takımı Var,Doğrulanacak,Yıllık,Sürekli Lig,İstatistik,Bilgi,Maç,Jenerik,Türkçe,Body,h2h_ist
türkiye ispanya,Milli Takım Karşılaşmaları,Futbol,Milli,Milli,Global Elit,Erkek,Milli Takım,Takım Sporu,Global,Uluslararası,Türk Takımı Var,TV+ Var,Sürekli,Turnuva,Rakip Eşleşmesi,Bilgi,Maç,Jenerik,Türkçe,Head,h2h
türkiye ispanya maçı,Milli Takım Karşılaşmaları,Futbol,Milli,Milli,Global Elit,Erkek,Milli Takım,Takım Sporu,Global,Uluslararası,Türk Takımı Var,TV+ Var,Sürekli,Turnuva,Rakip Eşleşmesi,Bilgi,Maç,Jenerik,Türkçe,Body,h2h_mac
türkiye ispanya canlı izle,Milli Takım Karşılaşmaları,Futbol,Milli,Milli,Global Elit,Erkek,Milli Takım,Takım Sporu,Global,Uluslararası,Türk Takımı Var,TV+ Var,Sürekli,Turnuva,Canlı İzle,İzleme,Maç,Jenerik,Türkçe,Body,h2h_izle
türkiye ispanya hangi kanalda,Milli Takım Karşılaşmaları,Futbol,Milli,Milli,Global Elit,Erkek,Milli Takım,Takım Sporu,Global,Uluslararası,Türk Takımı Var,TV+ Var,Sürekli,Turnuva,Kanal/Yayın,İzleme,Maç,Jenerik,Türkçe,Body,h2h_kanal
türkiye portekiz,Milli Takım Karşılaşmaları,Futbol,Milli,Milli,Global Elit,Erkek,Milli Takım,Takım Sporu,Global,Uluslararası,Türk Takımı Var,TV+ Var,Sürekli,Turnuva,Rakip Eşleşmesi,Bilgi,Maç,Jenerik,Türkçe,Head,h2h
türkiye portekiz maçı,Milli Takım Karşılaşmaları,Futbol,Milli,Milli,Global Elit,Erkek,Milli Takım,Takım Sporu,Global,Uluslararası,Türk Takımı Var,TV+ Var,Sürekli,Turnuva,Rakip Eşleşmesi,Bilgi,Maç,Jenerik,Türkçe,Body,h2h_mac
türkiye portekiz canlı izle,Milli Takım Karşılaşmaları,Futbol,Milli,Milli,Global Elit,Erkek,Milli Takım,Takım Sporu,Global,Uluslararası,Türk Takımı Var,TV+ Var,Sürekli,Turnuva,Canlı İzle,İzleme,Maç,Jenerik,Türkçe,Body,h2h_izle
türkiye portekiz hangi kanalda,Milli Takım Karşılaşmaları,Futbol,Milli,Milli,Global Elit,Erkek,Milli Takım,Takım Sporu,Global,Uluslararası,Türk Takımı Var,TV+ Var,Sürekli,Turnuva,Kanal/Yayın,İzleme,Maç,Jenerik,Türkçe,Body,h2h_kanal
türkiye fransa,Milli Takım Karşılaşmaları,Futbol,Milli,Milli,Global Elit,Erkek,Milli Takım,Takım Sporu,Global,Uluslararası,Türk Takımı Var,TV+ Var,Sürekli,Turnuva,Rakip Eşleşmesi,Bilgi,Maç,Jenerik,Türkçe,Head,h2h
türkiye fransa maçı,Milli Takım Karşılaşmaları,Futbol,Milli,Milli,Global Elit,Erkek,Milli Takım,Takım Sporu,Global,Uluslararası,Türk Takımı Var,TV+ Var,Sürekli,Turnuva,Rakip Eşleşmesi,Bilgi,Maç,Jenerik,Türkçe,Body,h2h_mac
türkiye fransa canlı izle,Milli Takım Karşılaşmaları,Futbol,Milli,Milli,Global Elit,Erkek,Milli Takım,Takım Sporu,Global,Uluslararası,Türk Takımı Var,TV+ Var,Sürekli,Turnuva,Canlı İzle,İzleme,Maç,Jenerik,Türkçe,Body,h2h_izle
türkiye fransa hangi kanalda,Milli Takım Karşılaşmaları,Futbol,Milli,Milli,Global Elit,Erkek,Milli Takım,Takım Sporu,Global,Uluslararası,Türk Takımı Var,TV+ Var,Sürekli,Turnuva,Kanal/Yayın,İzleme,Maç,Jenerik,Türkçe,Body,h2h_kanal
türkiye arjantin,Milli Takım Karşılaşmaları,Futbol,Milli,Milli,Global Elit,Erkek,Milli Takım,Takım Sporu,Global,Uluslararası,Türk Takımı Var,TV+ Var,Sürekli,Turnuva,Rakip Eşleşmesi,Bilgi,Maç,Jenerik,Türkçe,Head,h2h
türkiye arjantin maçı,Milli Takım Karşılaşmaları,Futbol,Milli,Milli,Global Elit,Erkek,Milli Takım,Takım Sporu,Global,Uluslararası,Türk Takımı Var,TV+ Var,Sürekli,Turnuva,Rakip Eşleşmesi,Bilgi,Maç,Jenerik,Türkçe,Body,h2h_mac
türkiye arjantin canlı izle,Milli Takım Karşılaşmaları,Futbol,Milli,Milli,Global Elit,Erkek,Milli Takım,Takım Sporu,Global,Uluslararası,Türk Takımı Var,TV+ Var,Sürekli,Turnuva,Canlı İzle,İzleme,Maç,Jenerik,Türkçe,Body,h2h_izle
türkiye arjantin hangi kanalda,Milli Takım Karşılaşmaları,Futbol,Milli,Milli,Global Elit,Erkek,Milli Takım,Takım Sporu,Global,Uluslararası,Türk Takımı Var,TV+ Var,Sürekli,Turnuva,Kanal/Yayın,İzleme,Maç,Jenerik,Türkçe,Body,h2h_kanal
türkiye brezilya,Milli Takım Karşılaşmaları,Futbol,Milli,Milli,Global Elit,Erkek,Milli Takım,Takım Sporu,Global,Uluslararası,Türk Takımı Var,TV+ Var,Sürekli,Turnuva,Rakip Eşleşmesi,Bilgi,Maç,Jenerik,Türkçe,Head,h2h
türkiye brezilya maçı,Milli Takım Karşılaşmaları,Futbol,Milli,Milli,Global Elit,Erkek,Milli Takım,Takım Sporu,Global,Uluslararası,Türk Takımı Var,TV+ Var,Sürekli,Turnuva,Rakip Eşleşmesi,Bilgi,Maç,Jenerik,Türkçe,Body,h2h_mac
türkiye brezilya canlı izle,Milli Takım Karşılaşmaları,Futbol,Milli,Milli,Global Elit,Erkek,Milli Takım,Takım Sporu,Global,Uluslararası,Türk Takımı Var,TV+ Var,Sürekli,Turnuva,Canlı İzle,İzleme,Maç,Jenerik,Türkçe,Body,h2h_izle
türkiye brezilya hangi kanalda,Milli Takım Karşılaşmaları,Futbol,Milli,Milli,Global Elit,Erkek,Milli Takım,Takım Sporu,Global,Uluslararası,Türk Takımı Var,TV+ Var,Sürekli,Turnuva,Kanal/Yayın,İzleme,Maç,Jenerik,Türkçe,Body,h2h_kanal
türkiye almanya,Milli Takım Karşılaşmaları,Futbol,Milli,Milli,Global Elit,Erkek,Milli Takım,Takım Sporu,Global,Uluslararası,Türk Takımı Var,TV+ Var,Sürekli,Turnuva,Rakip Eşleşmesi,Bilgi,Maç,Jenerik,Türkçe,Head,h2h
türkiye almanya maçı,Milli Takım Karşılaşmaları,Futbol,Milli,Milli,Global Elit,Erkek,Milli Takım,Takım Sporu,Global,Uluslararası,Türk Takımı Var,TV+ Var,Sürekli,Turnuva,Rakip Eşleşmesi,Bilgi,Maç,Jenerik,Türkçe,Body,h2h_mac
türkiye almanya canlı izle,Milli Takım Karşılaşmaları,Futbol,Milli,Milli,Global Elit,Erkek,Milli Takım,Takım Sporu,Global,Uluslararası,Türk Takımı Var,TV+ Var,Sürekli,Turnuva,Canlı İzle,İzleme,Maç,Jenerik,Türkçe,Body,h2h_izle
türkiye almanya hangi kanalda,Milli Takım Karşılaşmaları,Futbol,Milli,Milli,Global Elit,Erkek,Milli Takım,Takım Sporu,Global,Uluslararası,Türk Takımı Var,TV+ Var,Sürekli,Turnuva,Kanal/Yayın,İzleme,Maç,Jenerik,Türkçe,Body,h2h_kanal
türkiye ingiltere,Milli Takım Karşılaşmaları,Futbol,Milli,Milli,Global Elit,Erkek,Milli Takım,Takım Sporu,Global,Uluslararası,Türk Takımı Var,TV+ Var,Sürekli,Turnuva,Rakip Eşleşmesi,Bilgi,Maç,Jenerik,Türkçe,Head,h2h
türkiye ingiltere maçı,Milli Takım Karşılaşmaları,Futbol,Milli,Milli,Global Elit,Erkek,Milli Takım,Takım Sporu,Global,Uluslararası,Türk Takımı Var,TV+ Var,Sürekli,Turnuva,Rakip Eşleşmesi,Bilgi,Maç,Jenerik,Türkçe,Body,h2h_mac
türkiye ingiltere canlı izle,Milli Takım Karşılaşmaları,Futbol,Milli,Milli,Global Elit,Erkek,Milli Takım,Takım Sporu,Global,Uluslararası,Türk Takımı Var,TV+ Var,Sürekli,Turnuva,Canlı İzle,İzleme,Maç,Jenerik,Türkçe,Body,h2h_izle
türkiye ingiltere hangi kanalda,Milli Takım Karşılaşmaları,Futbol,Milli,Milli,Global Elit,Erkek,Milli Takım,Takım Sporu,Global,Uluslararası,Türk Takımı Var,TV+ Var,Sürekli,Turnuva,Kanal/Yayın,İzleme,Maç,Jenerik,Türkçe,Body,h2h_kanal
türkiye italya,Milli Takım Karşılaşmaları,Futbol,Milli,Milli,Global Elit,Erkek,Milli Takım,Takım Sporu,Global,Uluslararası,Türk Takımı Var,TV+ Var,Sürekli,Turnuva,Rakip Eşleşmesi,Bilgi,Maç,Jenerik,Türkçe,Head,h2h
türkiye italya maçı,Milli Takım Karşılaşmaları,Futbol,Milli,Milli,Global Elit,Erkek,Milli Takım,Takım Sporu,Global,Uluslararası,Türk Takımı Var,TV+ Var,Sürekli,Turnuva,Rakip Eşleşmesi,Bilgi,Maç,Jenerik,Türkçe,Body,h2h_mac
türkiye italya canlı izle,Milli Takım Karşılaşmaları,Futbol,Milli,Milli,Global Elit,Erkek,Milli Takım,Takım Sporu,Global,Uluslararası,Türk Takımı Var,TV+ Var,Sürekli,Turnuva,Canlı İzle,İzleme,Maç,Jenerik,Türkçe,Body,h2h_izle
türkiye italya hangi kanalda,Milli Takım Karşılaşmaları,Futbol,Milli,Milli,Global Elit,Erkek,Milli Takım,Takım Sporu,Global,Uluslararası,Türk Takımı Var,TV+ Var,Sürekli,Turnuva,Kanal/Yayın,İzleme,Maç,Jenerik,Türkçe,Body,h2h_kanal
türkiye hollanda,Milli Takım Karşılaşmaları,Futbol,Milli,Milli,Global Elit,Erkek,Milli Takım,Takım Sporu,Global,Uluslararası,Türk Takımı Var,TV+ Var,Sürekli,Turnuva,Rakip Eşleşmesi,Bilgi,Maç,Jenerik,Türkçe,Head,h2h
türkiye hollanda maçı,Milli Takım Karşılaşmaları,Futbol,Milli,Milli,Global Elit,Erkek,Milli Takım,Takım Sporu,Global,Uluslararası,Türk Takımı Var,TV+ Var,Sürekli,Turnuva,Rakip Eşleşmesi,Bilgi,Maç,Jenerik,Türkçe,Body,h2h_mac
türkiye hollanda canlı izle,Milli Takım Karşılaşmaları,Futbol,Milli,Milli,Global Elit,Erkek,Milli Takım,Takım Sporu,Global,Uluslararası,Türk Takımı Var,TV+ Var,Sürekli,Turnuva,Canlı İzle,İzleme,Maç,Jenerik,Türkçe,Body,h2h_izle
türkiye hollanda hangi kanalda,Milli Takım Karşılaşmaları,Futbol,Milli,Milli,Global Elit,Erkek,Milli Takım,Takım Sporu,Global,Uluslararası,Türk Takımı Var,TV+ Var,Sürekli,Turnuva,Kanal/Yayın,İzleme,Maç,Jenerik,Türkçe,Body,h2h_kanal
ispanya portekiz,Milli Takım Karşılaşmaları,Futbol,Milli,Milli,Global Elit,Erkek,Milli Takım,Takım Sporu,Global,Uluslararası,Türk Takımı Var,TV+ Var,Sürekli,Turnuva,Rakip Eşleşmesi,Bilgi,Maç,Jenerik,İngilizce,Head,h2h
ispanya portekiz maçı,Milli Takım Karşılaşmaları,Futbol,Milli,Milli,Global Elit,Erkek,Milli Takım,Takım Sporu,Global,Uluslararası,Türk Takımı Var,TV+ Var,Sürekli,Turnuva,Rakip Eşleşmesi,Bilgi,Maç,Jenerik,Türkçe,Body,h2h_mac
ispanya portekiz canlı izle,Milli Takım Karşılaşmaları,Futbol,Milli,Milli,Global Elit,Erkek,Milli Takım,Takım Sporu,Global,Uluslararası,Türk Takımı Var,TV+ Var,Sürekli,Turnuva,Canlı İzle,İzleme,Maç,Jenerik,Türkçe,Body,h2h_izle
ispanya portekiz hangi kanalda,Milli Takım Karşılaşmaları,Futbol,Milli,Milli,Global Elit,Erkek,Milli Takım,Takım Sporu,Global,Uluslararası,Türk Takımı Var,TV+ Var,Sürekli,Turnuva,Kanal/Yayın,İzleme,Maç,Jenerik,İngilizce,Body,h2h_kanal
ispanya fransa,Milli Takım Karşılaşmaları,Futbol,Milli,Milli,Global Elit,Erkek,Milli Takım,Takım Sporu,Global,Uluslararası,Türk Takımı Var,TV+ Var,Sürekli,Turnuva,Rakip Eşleşmesi,Bilgi,Maç,Jenerik,İngilizce,Head,h2h
ispanya fransa maçı,Milli Takım Karşılaşmaları,Futbol,Milli,Milli,Global Elit,Erkek,Milli Takım,Takım Sporu,Global,Uluslararası,Türk Takımı Var,TV+ Var,Sürekli,Turnuva,Rakip Eşleşmesi,Bilgi,Maç,Jenerik,Türkçe,Body,h2h_mac
ispanya fransa canlı izle,Milli Takım Karşılaşmaları,Futbol,Milli,Milli,Global Elit,Erkek,Milli Takım,Takım Sporu,Global,Uluslararası,Türk Takımı Var,TV+ Var,Sürekli,Turnuva,Canlı İzle,İzleme,Maç,Jenerik,Türkçe,Body,h2h_izle
ispanya fransa hangi kanalda,Milli Takım Karşılaşmaları,Futbol,Milli,Milli,Global Elit,Erkek,Milli Takım,Takım Sporu,Global,Uluslararası,Türk Takımı Var,TV+ Var,Sürekli,Turnuva,Kanal/Yayın,İzleme,Maç,Jenerik,İngilizce,Body,h2h_kanal
ispanya arjantin,Milli Takım Karşılaşmaları,Futbol,Milli,Milli,Global Elit,Erkek,Milli Takım,Takım Sporu,Global,Uluslararası,Türk Takımı Var,TV+ Var,Sürekli,Turnuva,Rakip Eşleşmesi,Bilgi,Maç,Jenerik,İngilizce,Head,h2h
ispanya arjantin maçı,Milli Takım Karşılaşmaları,Futbol,Milli,Milli,Global Elit,Erkek,Milli Takım,Takım Sporu,Global,Uluslararası,Türk Takımı Var,TV+ Var,Sürekli,Turnuva,Rakip Eşleşmesi,Bilgi,Maç,Jenerik,Türkçe,Body,h2h_mac
ispanya arjantin canlı izle,Milli Takım Karşılaşmaları,Futbol,Milli,Milli,Global Elit,Erkek,Milli Takım,Takım Sporu,Global,Uluslararası,Türk Takımı Var,TV+ Var,Sürekli,Turnuva,Canlı İzle,İzleme,Maç,Jenerik,Türkçe,Body,h2h_izle
ispanya arjantin hangi kanalda,Milli Takım Karşılaşmaları,Futbol,Milli,Milli,Global Elit,Erkek,Milli Takım,Takım Sporu,Global,Uluslararası,Türk Takımı Var,TV+ Var,Sürekli,Turnuva,Kanal/Yayın,İzleme,Maç,Jenerik,İngilizce,Body,h2h_kanal
ispanya brezilya,Milli Takım Karşılaşmaları,Futbol,Milli,Milli,Global Elit,Erkek,Milli Takım,Takım Sporu,Global,Uluslararası,Türk Takımı Var,TV+ Var,Sürekli,Turnuva,Rakip Eşleşmesi,Bilgi,Maç,Jenerik,İngilizce,Head,h2h
ispanya brezilya maçı,Milli Takım Karşılaşmaları,Futbol,Milli,Milli,Global Elit,Erkek,Milli Takım,Takım Sporu,Global,Uluslararası,Türk Takımı Var,TV+ Var,Sürekli,Turnuva,Rakip Eşleşmesi,Bilgi,Maç,Jenerik,Türkçe,Body,h2h_mac
ispanya brezilya canlı izle,Milli Takım Karşılaşmaları,Futbol,Milli,Milli,Global Elit,Erkek,Milli Takım,Takım Sporu,Global,Uluslararası,Türk Takımı Var,TV+ Var,Sürekli,Turnuva,Canlı İzle,İzleme,Maç,Jenerik,Türkçe,Body,h2h_izle
ispanya brezilya hangi kanalda,Milli Takım Karşılaşmaları,Futbol,Milli,Milli,Global Elit,Erkek,Milli Takım,Takım Sporu,Global,Uluslararası,Türk Takımı Var,TV+ Var,Sürekli,Turnuva,Kanal/Yayın,İzleme,Maç,Jenerik,İngilizce,Body,h2h_kanal
ispanya almanya,Milli Takım Karşılaşmaları,Futbol,Milli,Milli,Global Elit,Erkek,Milli Takım,Takım Sporu,Global,Uluslararası,Türk Takımı Var,TV+ Var,Sürekli,Turnuva,Rakip Eşleşmesi,Bilgi,Maç,Jenerik,İngilizce,Head,h2h
ispanya almanya maçı,Milli Takım Karşılaşmaları,Futbol,Milli,Milli,Global Elit,Erkek,Milli Takım,Takım Sporu,Global,Uluslararası,Türk Takımı Var,TV+ Var,Sürekli,Turnuva,Rakip Eşleşmesi,Bilgi,Maç,Jenerik,Türkçe,Body,h2h_mac
ispanya almanya canlı izle,Milli Takım Karşılaşmaları,Futbol,Milli,Milli,Global Elit,Erkek,Milli Takım,Takım Sporu,Global,Uluslararası,Türk Takımı Var,TV+ Var,Sürekli,Turnuva,Canlı İzle,İzleme,Maç,Jenerik,Türkçe,Body,h2h_izle
ispanya almanya hangi kanalda,Milli Takım Karşılaşmaları,Futbol,Milli,Milli,Global Elit,Erkek,Milli Takım,Takım Sporu,Global,Uluslararası,Türk Takımı Var,TV+ Var,Sürekli,Turnuva,Kanal/Yayın,İzleme,Maç,Jenerik,İngilizce,Body,h2h_kanal
ispanya ingiltere,Milli Takım Karşılaşmaları,Futbol,Milli,Milli,Global Elit,Erkek,Milli Takım,Takım Sporu,Global,Uluslararası,Türk Takımı Var,TV+ Var,Sürekli,Turnuva,Rakip Eşleşmesi,Bilgi,Maç,Jenerik,İngilizce,Head,h2h
ispanya ingiltere maçı,Milli Takım Karşılaşmaları,Futbol,Milli,Milli,Global Elit,Erkek,Milli Takım,Takım Sporu,Global,Uluslararası,Türk Takımı Var,TV+ Var,Sürekli,Turnuva,Rakip Eşleşmesi,Bilgi,Maç,Jenerik,Türkçe,Body,h2h_mac
ispanya ingiltere canlı izle,Milli Takım Karşılaşmaları,Futbol,Milli,Milli,Global Elit,Erkek,Milli Takım,Takım Sporu,Global,Uluslararası,Türk Takımı Var,TV+ Var,Sürekli,Turnuva,Canlı İzle,İzleme,Maç,Jenerik,Türkçe,Body,h2h_izle
ispanya ingiltere hangi kanalda,Milli Takım Karşılaşmaları,Futbol,Milli,Milli,Global Elit,Erkek,Milli Takım,Takım Sporu,Global,Uluslararası,Türk Takımı Var,TV+ Var,Sürekli,Turnuva,Kanal/Yayın,İzleme,Maç,Jenerik,İngilizce,Body,h2h_kanal
ispanya italya,Milli Takım Karşılaşmaları,Futbol,Milli,Milli,Global Elit,Erkek,Milli Takım,Takım Sporu,Global,Uluslararası,Türk Takımı Var,TV+ Var,Sürekli,Turnuva,Rakip Eşleşmesi,Bilgi,Maç,Jenerik,İngilizce,Head,h2h
ispanya italya maçı,Milli Takım Karşılaşmaları,Futbol,Milli,Milli,Global Elit,Erkek,Milli Takım,Takım Sporu,Global,Uluslararası,Türk Takımı Var,TV+ Var,Sürekli,Turnuva,Rakip Eşleşmesi,Bilgi,Maç,Jenerik,Türkçe,Body,h2h_mac
ispanya italya canlı izle,Milli Takım Karşılaşmaları,Futbol,Milli,Milli,Global Elit,Erkek,Milli Takım,Takım Sporu,Global,Uluslararası,Türk Takımı Var,TV+ Var,Sürekli,Turnuva,Canlı İzle,İzleme,Maç,Jenerik,Türkçe,Body,h2h_izle
ispanya italya hangi kanalda,Milli Takım Karşılaşmaları,Futbol,Milli,Milli,Global Elit,Erkek,Milli Takım,Takım Sporu,Global,Uluslararası,Türk Takımı Var,TV+ Var,Sürekli,Turnuva,Kanal/Yayın,İzleme,Maç,Jenerik,İngilizce,Body,h2h_kanal
ispanya hollanda,Milli Takım Karşılaşmaları,Futbol,Milli,Milli,Global Elit,Erkek,Milli Takım,Takım Sporu,Global,Uluslararası,Türk Takımı Var,TV+ Var,Sürekli,Turnuva,Rakip Eşleşmesi,Bilgi,Maç,Jenerik,İngilizce,Head,h2h
ispanya hollanda maçı,Milli Takım Karşılaşmaları,Futbol,Milli,Milli,Global Elit,Erkek,Milli Takım,Takım Sporu,Global,Uluslararası,Türk Takımı Var,TV+ Var,Sürekli,Turnuva,Rakip Eşleşmesi,Bilgi,Maç,Jenerik,Türkçe,Body,h2h_mac
ispanya hollanda canlı izle,Milli Takım Karşılaşmaları,Futbol,Milli,Milli,Global Elit,Erkek,Milli Takım,Takım Sporu,Global,Uluslararası,Türk Takımı Var,TV+ Var,Sürekli,Turnuva,Canlı İzle,İzleme,Maç,Jenerik,Türkçe,Body,h2h_izle
ispanya hollanda hangi kanalda,Milli Takım Karşılaşmaları,Futbol,Milli,Milli,Global Elit,Erkek,Milli Takım,Takım Sporu,Global,Uluslararası,Türk Takımı Var,TV+ Var,Sürekli,Turnuva,Kanal/Yayın,İzleme,Maç,Jenerik,İngilizce,Body,h2h_kanal
portekiz fransa,Milli Takım Karşılaşmaları,Futbol,Milli,Milli,Global Elit,Erkek,Milli Takım,Takım Sporu,Global,Uluslararası,Türk Takımı Var,TV+ Var,Sürekli,Turnuva,Rakip Eşleşmesi,Bilgi,Maç,Jenerik,İngilizce,Head,h2h
portekiz fransa maçı,Milli Takım Karşılaşmaları,Futbol,Milli,Milli,Global Elit,Erkek,Milli Takım,Takım Sporu,Global,Uluslararası,Türk Takımı Var,TV+ Var,Sürekli,Turnuva,Rakip Eşleşmesi,Bilgi,Maç,Jenerik,Türkçe,Body,h2h_mac
portekiz fransa canlı izle,Milli Takım Karşılaşmaları,Futbol,Milli,Milli,Global Elit,Erkek,Milli Takım,Takım Sporu,Global,Uluslararası,Türk Takımı Var,TV+ Var,Sürekli,Turnuva,Canlı İzle,İzleme,Maç,Jenerik,Türkçe,Body,h2h_izle
portekiz fransa hangi kanalda,Milli Takım Karşılaşmaları,Futbol,Milli,Milli,Global Elit,Erkek,Milli Takım,Takım Sporu,Global,Uluslararası,Türk Takımı Var,TV+ Var,Sürekli,Turnuva,Kanal/Yayın,İzleme,Maç,Jenerik,İngilizce,Body,h2h_kanal
portekiz arjantin,Milli Takım Karşılaşmaları,Futbol,Milli,Milli,Global Elit,Erkek,Milli Takım,Takım Sporu,Global,Uluslararası,Türk Takımı Var,TV+ Var,Sürekli,Turnuva,Rakip Eşleşmesi,Bilgi,Maç,Jenerik,İngilizce,Head,h2h
portekiz arjantin maçı,Milli Takım Karşılaşmaları,Futbol,Milli,Milli,Global Elit,Erkek,Milli Takım,Takım Sporu,Global,Uluslararası,Türk Takımı Var,TV+ Var,Sürekli,Turnuva,Rakip Eşleşmesi,Bilgi,Maç,Jenerik,Türkçe,Body,h2h_mac
portekiz arjantin canlı izle,Milli Takım Karşılaşmaları,Futbol,Milli,Milli,Global Elit,Erkek,Milli Takım,Takım Sporu,Global,Uluslararası,Türk Takımı Var,TV+ Var,Sürekli,Turnuva,Canlı İzle,İzleme,Maç,Jenerik,Türkçe,Body,h2h_izle
portekiz arjantin hangi kanalda,Milli Takım Karşılaşmaları,Futbol,Milli,Milli,Global Elit,Erkek,Milli Takım,Takım Sporu,Global,Uluslararası,Türk Takımı Var,TV+ Var,Sürekli,Turnuva,Kanal/Yayın,İzleme,Maç,Jenerik,İngilizce,Body,h2h_kanal
portekiz brezilya,Milli Takım Karşılaşmaları,Futbol,Milli,Milli,Global Elit,Erkek,Milli Takım,Takım Sporu,Global,Uluslararası,Türk Takımı Var,TV+ Var,Sürekli,Turnuva,Rakip Eşleşmesi,Bilgi,Maç,Jenerik,İngilizce,Head,h2h
portekiz brezilya maçı,Milli Takım Karşılaşmaları,Futbol,Milli,Milli,Global Elit,Erkek,Milli Takım,Takım Sporu,Global,Uluslararası,Türk Takımı Var,TV+ Var,Sürekli,Turnuva,Rakip Eşleşmesi,Bilgi,Maç,Jenerik,Türkçe,Body,h2h_mac
portekiz brezilya canlı izle,Milli Takım Karşılaşmaları,Futbol,Milli,Milli,Global Elit,Erkek,Milli Takım,Takım Sporu,Global,Uluslararası,Türk Takımı Var,TV+ Var,Sürekli,Turnuva,Canlı İzle,İzleme,Maç,Jenerik,Türkçe,Body,h2h_izle
portekiz brezilya hangi kanalda,Milli Takım Karşılaşmaları,Futbol,Milli,Milli,Global Elit,Erkek,Milli Takım,Takım Sporu,Global,Uluslararası,Türk Takımı Var,TV+ Var,Sürekli,Turnuva,Kanal/Yayın,İzleme,Maç,Jenerik,İngilizce,Body,h2h_kanal
portekiz almanya,Milli Takım Karşılaşmaları,Futbol,Milli,Milli,Global Elit,Erkek,Milli Takım,Takım Sporu,Global,Uluslararası,Türk Takımı Var,TV+ Var,Sürekli,Turnuva,Rakip Eşleşmesi,Bilgi,Maç,Jenerik,İngilizce,Head,h2h
portekiz almanya maçı,Milli Takım Karşılaşmaları,Futbol,Milli,Milli,Global Elit,Erkek,Milli Takım,Takım Sporu,Global,Uluslararası,Türk Takımı Var,TV+ Var,Sürekli,Turnuva,Rakip Eşleşmesi,Bilgi,Maç,Jenerik,Türkçe,Body,h2h_mac
portekiz almanya canlı izle,Milli Takım Karşılaşmaları,Futbol,Milli,Milli,Global Elit,Erkek,Milli Takım,Takım Sporu,Global,Uluslararası,Türk Takımı Var,TV+ Var,Sürekli,Turnuva,Canlı İzle,İzleme,Maç,Jenerik,Türkçe,Body,h2h_izle
portekiz almanya hangi kanalda,Milli Takım Karşılaşmaları,Futbol,Milli,Milli,Global Elit,Erkek,Milli Takım,Takım Sporu,Global,Uluslararası,Türk Takımı Var,TV+ Var,Sürekli,Turnuva,Kanal/Yayın,İzleme,Maç,Jenerik,İngilizce,Body,h2h_kanal
portekiz ingiltere,Milli Takım Karşılaşmaları,Futbol,Milli,Milli,Global Elit,Erkek,Milli Takım,Takım Sporu,Global,Uluslararası,Türk Takımı Var,TV+ Var,Sürekli,Turnuva,Rakip Eşleşmesi,Bilgi,Maç,Jenerik,İngilizce,Head,h2h
portekiz ingiltere maçı,Milli Takım Karşılaşmaları,Futbol,Milli,Milli,Global Elit,Erkek,Milli Takım,Takım Sporu,Global,Uluslararası,Türk Takımı Var,TV+ Var,Sürekli,Turnuva,Rakip Eşleşmesi,Bilgi,Maç,Jenerik,Türkçe,Body,h2h_mac
portekiz ingiltere canlı izle,Milli Takım Karşılaşmaları,Futbol,Milli,Milli,Global Elit,Erkek,Milli Takım,Takım Sporu,Global,Uluslararası,Türk Takımı Var,TV+ Var,Sürekli,Turnuva,Canlı İzle,İzleme,Maç,Jenerik,Türkçe,Body,h2h_izle
portekiz ingiltere hangi kanalda,Milli Takım Karşılaşmaları,Futbol,Milli,Milli,Global Elit,Erkek,Milli Takım,Takım Sporu,Global,Uluslararası,Türk Takımı Var,TV+ Var,Sürekli,Turnuva,Kanal/Yayın,İzleme,Maç,Jenerik,İngilizce,Body,h2h_kanal
portekiz italya,Milli Takım Karşılaşmaları,Futbol,Milli,Milli,Global Elit,Erkek,Milli Takım,Takım Sporu,Global,Uluslararası,Türk Takımı Var,TV+ Var,Sürekli,Turnuva,Rakip Eşleşmesi,Bilgi,Maç,Jenerik,İngilizce,Head,h2h
portekiz italya maçı,Milli Takım Karşılaşmaları,Futbol,Milli,Milli,Global Elit,Erkek,Milli Takım,Takım Sporu,Global,Uluslararası,Türk Takımı Var,TV+ Var,Sürekli,Turnuva,Rakip Eşleşmesi,Bilgi,Maç,Jenerik,Türkçe,Body,h2h_mac
portekiz italya canlı izle,Milli Takım Karşılaşmaları,Futbol,Milli,Milli,Global Elit,Erkek,Milli Takım,Takım Sporu,Global,Uluslararası,Türk Takımı Var,TV+ Var,Sürekli,Turnuva,Canlı İzle,İzleme,Maç,Jenerik,Türkçe,Body,h2h_izle
portekiz italya hangi kanalda,Milli Takım Karşılaşmaları,Futbol,Milli,Milli,Global Elit,Erkek,Milli Takım,Takım Sporu,Global,Uluslararası,Türk Takımı Var,TV+ Var,Sürekli,Turnuva,Kanal/Yayın,İzleme,Maç,Jenerik,İngilizce,Body,h2h_kanal
portekiz hollanda,Milli Takım Karşılaşmaları,Futbol,Milli,Milli,Global Elit,Erkek,Milli Takım,Takım Sporu,Global,Uluslararası,Türk Takımı Var,TV+ Var,Sürekli,Turnuva,Rakip Eşleşmesi,Bilgi,Maç,Jenerik,İngilizce,Head,h2h
portekiz hollanda maçı,Milli Takım Karşılaşmaları,Futbol,Milli,Milli,Global Elit,Erkek,Milli Takım,Takım Sporu,Global,Uluslararası,Türk Takımı Var,TV+ Var,Sürekli,Turnuva,Rakip Eşleşmesi,Bilgi,Maç,Jenerik,Türkçe,Body,h2h_mac
portekiz hollanda canlı izle,Milli Takım Karşılaşmaları,Futbol,Milli,Milli,Global Elit,Erkek,Milli Takım,Takım Sporu,Global,Uluslararası,Türk Takımı Var,TV+ Var,Sürekli,Turnuva,Canlı İzle,İzleme,Maç,Jenerik,Türkçe,Body,h2h_izle
portekiz hollanda hangi kanalda,Milli Takım Karşılaşmaları,Futbol,Milli,Milli,Global Elit,Erkek,Milli Takım,Takım Sporu,Global,Uluslararası,Türk Takımı Var,TV+ Var,Sürekli,Turnuva,Kanal/Yayın,İzleme,Maç,Jenerik,İngilizce,Body,h2h_kanal
fransa arjantin,Milli Takım Karşılaşmaları,Futbol,Milli,Milli,Global Elit,Erkek,Milli Takım,Takım Sporu,Global,Uluslararası,Türk Takımı Var,TV+ Var,Sürekli,Turnuva,Rakip Eşleşmesi,Bilgi,Maç,Jenerik,İngilizce,Head,h2h
fransa arjantin maçı,Milli Takım Karşılaşmaları,Futbol,Milli,Milli,Global Elit,Erkek,Milli Takım,Takım Sporu,Global,Uluslararası,Türk Takımı Var,TV+ Var,Sürekli,Turnuva,Rakip Eşleşmesi,Bilgi,Maç,Jenerik,Türkçe,Body,h2h_mac
fransa arjantin canlı izle,Milli Takım Karşılaşmaları,Futbol,Milli,Milli,Global Elit,Erkek,Milli Takım,Takım Sporu,Global,Uluslararası,Türk Takımı Var,TV+ Var,Sürekli,Turnuva,Canlı İzle,İzleme,Maç,Jenerik,Türkçe,Body,h2h_izle
fransa arjantin hangi kanalda,Milli Takım Karşılaşmaları,Futbol,Milli,Milli,Global Elit,Erkek,Milli Takım,Takım Sporu,Global,Uluslararası,Türk Takımı Var,TV+ Var,Sürekli,Turnuva,Kanal/Yayın,İzleme,Maç,Jenerik,İngilizce,Body,h2h_kanal
fransa brezilya,Milli Takım Karşılaşmaları,Futbol,Milli,Milli,Global Elit,Erkek,Milli Takım,Takım Sporu,Global,Uluslararası,Türk Takımı Var,TV+ Var,Sürekli,Turnuva,Rakip Eşleşmesi,Bilgi,Maç,Jenerik,İngilizce,Head,h2h
fransa brezilya maçı,Milli Takım Karşılaşmaları,Futbol,Milli,Milli,Global Elit,Erkek,Milli Takım,Takım Sporu,Global,Uluslararası,Türk Takımı Var,TV+ Var,Sürekli,Turnuva,Rakip Eşleşmesi,Bilgi,Maç,Jenerik,Türkçe,Body,h2h_mac
fransa brezilya canlı izle,Milli Takım Karşılaşmaları,Futbol,Milli,Milli,Global Elit,Erkek,Milli Takım,Takım Sporu,Global,Uluslararası,Türk Takımı Var,TV+ Var,Sürekli,Turnuva,Canlı İzle,İzleme,Maç,Jenerik,Türkçe,Body,h2h_izle
fransa brezilya hangi kanalda,Milli Takım Karşılaşmaları,Futbol,Milli,Milli,Global Elit,Erkek,Milli Takım,Takım Sporu,Global,Uluslararası,Türk Takımı Var,TV+ Var,Sürekli,Turnuva,Kanal/Yayın,İzleme,Maç,Jenerik,İngilizce,Body,h2h_kanal
fransa almanya,Milli Takım Karşılaşmaları,Futbol,Milli,Milli,Global Elit,Erkek,Milli Takım,Takım Sporu,Global,Uluslararası,Türk Takımı Var,TV+ Var,Sürekli,Turnuva,Rakip Eşleşmesi,Bilgi,Maç,Jenerik,İngilizce,Head,h2h
fransa almanya maçı,Milli Takım Karşılaşmaları,Futbol,Milli,Milli,Global Elit,Erkek,Milli Takım,Takım Sporu,Global,Uluslararası,Türk Takımı Var,TV+ Var,Sürekli,Turnuva,Rakip Eşleşmesi,Bilgi,Maç,Jenerik,Türkçe,Body,h2h_mac
fransa almanya canlı izle,Milli Takım Karşılaşmaları,Futbol,Milli,Milli,Global Elit,Erkek,Milli Takım,Takım Sporu,Global,Uluslararası,Türk Takımı Var,TV+ Var,Sürekli,Turnuva,Canlı İzle,İzleme,Maç,Jenerik,Türkçe,Body,h2h_izle
fransa almanya hangi kanalda,Milli Takım Karşılaşmaları,Futbol,Milli,Milli,Global Elit,Erkek,Milli Takım,Takım Sporu,Global,Uluslararası,Türk Takımı Var,TV+ Var,Sürekli,Turnuva,Kanal/Yayın,İzleme,Maç,Jenerik,İngilizce,Body,h2h_kanal
fransa ingiltere,Milli Takım Karşılaşmaları,Futbol,Milli,Milli,Global Elit,Erkek,Milli Takım,Takım Sporu,Global,Uluslararası,Türk Takımı Var,TV+ Var,Sürekli,Turnuva,Rakip Eşleşmesi,Bilgi,Maç,Jenerik,İngilizce,Head,h2h
fransa ingiltere maçı,Milli Takım Karşılaşmaları,Futbol,Milli,Milli,Global Elit,Erkek,Milli Takım,Takım Sporu,Global,Uluslararası,Türk Takımı Var,TV+ Var,Sürekli,Turnuva,Rakip Eşleşmesi,Bilgi,Maç,Jenerik,Türkçe,Body,h2h_mac
fransa ingiltere canlı izle,Milli Takım Karşılaşmaları,Futbol,Milli,Milli,Global Elit,Erkek,Milli Takım,Takım Sporu,Global,Uluslararası,Türk Takımı Var,TV+ Var,Sürekli,Turnuva,Canlı İzle,İzleme,Maç,Jenerik,Türkçe,Body,h2h_izle
fransa ingiltere hangi kanalda,Milli Takım Karşılaşmaları,Futbol,Milli,Milli,Global Elit,Erkek,Milli Takım,Takım Sporu,Global,Uluslararası,Türk Takımı Var,TV+ Var,Sürekli,Turnuva,Kanal/Yayın,İzleme,Maç,Jenerik,İngilizce,Body,h2h_kanal
fransa italya,Milli Takım Karşılaşmaları,Futbol,Milli,Milli,Global Elit,Erkek,Milli Takım,Takım Sporu,Global,Uluslararası,Türk Takımı Var,TV+ Var,Sürekli,Turnuva,Rakip Eşleşmesi,Bilgi,Maç,Jenerik,İngilizce,Head,h2h
fransa italya maçı,Milli Takım Karşılaşmaları,Futbol,Milli,Milli,Global Elit,Erkek,Milli Takım,Takım Sporu,Global,Uluslararası,Türk Takımı Var,TV+ Var,Sürekli,Turnuva,Rakip Eşleşmesi,Bilgi,Maç,Jenerik,Türkçe,Body,h2h_mac
fransa italya canlı izle,Milli Takım Karşılaşmaları,Futbol,Milli,Milli,Global Elit,Erkek,Milli Takım,Takım Sporu,Global,Uluslararası,Türk Takımı Var,TV+ Var,Sürekli,Turnuva,Canlı İzle,İzleme,Maç,Jenerik,Türkçe,Body,h2h_izle
fransa italya hangi kanalda,Milli Takım Karşılaşmaları,Futbol,Milli,Milli,Global Elit,Erkek,Milli Takım,Takım Sporu,Global,Uluslararası,Türk Takımı Var,TV+ Var,Sürekli,Turnuva,Kanal/Yayın,İzleme,Maç,Jenerik,İngilizce,Body,h2h_kanal
fransa hollanda,Milli Takım Karşılaşmaları,Futbol,Milli,Milli,Global Elit,Erkek,Milli Takım,Takım Sporu,Global,Uluslararası,Türk Takımı Var,TV+ Var,Sürekli,Turnuva,Rakip Eşleşmesi,Bilgi,Maç,Jenerik,İngilizce,Head,h2h
fransa hollanda maçı,Milli Takım Karşılaşmaları,Futbol,Milli,Milli,Global Elit,Erkek,Milli Takım,Takım Sporu,Global,Uluslararası,Türk Takımı Var,TV+ Var,Sürekli,Turnuva,Rakip Eşleşmesi,Bilgi,Maç,Jenerik,Türkçe,Body,h2h_mac
fransa hollanda canlı izle,Milli Takım Karşılaşmaları,Futbol,Milli,Milli,Global Elit,Erkek,Milli Takım,Takım Sporu,Global,Uluslararası,Türk Takımı Var,TV+ Var,Sürekli,Turnuva,Canlı İzle,İzleme,Maç,Jenerik,Türkçe,Body,h2h_izle
fransa hollanda hangi kanalda,Milli Takım Karşılaşmaları,Futbol,Milli,Milli,Global Elit,Erkek,Milli Takım,Takım Sporu,Global,Uluslararası,Türk Takımı Var,TV+ Var,Sürekli,Turnuva,Kanal/Yayın,İzleme,Maç,Jenerik,İngilizce,Body,h2h_kanal
arjantin brezilya,Milli Takım Karşılaşmaları,Futbol,Milli,Milli,Global Elit,Erkek,Milli Takım,Takım Sporu,Global,Uluslararası,Türk Takımı Var,TV+ Var,Sürekli,Turnuva,Rakip Eşleşmesi,Bilgi,Maç,Jenerik,İngilizce,Head,h2h
arjantin brezilya maçı,Milli Takım Karşılaşmaları,Futbol,Milli,Milli,Global Elit,Erkek,Milli Takım,Takım Sporu,Global,Uluslararası,Türk Takımı Var,TV+ Var,Sürekli,Turnuva,Rakip Eşleşmesi,Bilgi,Maç,Jenerik,Türkçe,Body,h2h_mac
arjantin brezilya canlı izle,Milli Takım Karşılaşmaları,Futbol,Milli,Milli,Global Elit,Erkek,Milli Takım,Takım Sporu,Global,Uluslararası,Türk Takımı Var,TV+ Var,Sürekli,Turnuva,Canlı İzle,İzleme,Maç,Jenerik,Türkçe,Body,h2h_izle
arjantin brezilya hangi kanalda,Milli Takım Karşılaşmaları,Futbol,Milli,Milli,Global Elit,Erkek,Milli Takım,Takım Sporu,Global,Uluslararası,Türk Takımı Var,TV+ Var,Sürekli,Turnuva,Kanal/Yayın,İzleme,Maç,Jenerik,İngilizce,Body,h2h_kanal
arjantin almanya,Milli Takım Karşılaşmaları,Futbol,Milli,Milli,Global Elit,Erkek,Milli Takım,Takım Sporu,Global,Uluslararası,Türk Takımı Var,TV+ Var,Sürekli,Turnuva,Rakip Eşleşmesi,Bilgi,Maç,Jenerik,İngilizce,Head,h2h
arjantin almanya maçı,Milli Takım Karşılaşmaları,Futbol,Milli,Milli,Global Elit,Erkek,Milli Takım,Takım Sporu,Global,Uluslararası,Türk Takımı Var,TV+ Var,Sürekli,Turnuva,Rakip Eşleşmesi,Bilgi,Maç,Jenerik,Türkçe,Body,h2h_mac
arjantin almanya canlı izle,Milli Takım Karşılaşmaları,Futbol,Milli,Milli,Global Elit,Erkek,Milli Takım,Takım Sporu,Global,Uluslararası,Türk Takımı Var,TV+ Var,Sürekli,Turnuva,Canlı İzle,İzleme,Maç,Jenerik,Türkçe,Body,h2h_izle
arjantin almanya hangi kanalda,Milli Takım Karşılaşmaları,Futbol,Milli,Milli,Global Elit,Erkek,Milli Takım,Takım Sporu,Global,Uluslararası,Türk Takımı Var,TV+ Var,Sürekli,Turnuva,Kanal/Yayın,İzleme,Maç,Jenerik,İngilizce,Body,h2h_kanal
arjantin ingiltere,Milli Takım Karşılaşmaları,Futbol,Milli,Milli,Global Elit,Erkek,Milli Takım,Takım Sporu,Global,Uluslararası,Türk Takımı Var,TV+ Var,Sürekli,Turnuva,Rakip Eşleşmesi,Bilgi,Maç,Jenerik,İngilizce,Head,h2h
arjantin ingiltere maçı,Milli Takım Karşılaşmaları,Futbol,Milli,Milli,Global Elit,Erkek,Milli Takım,Takım Sporu,Global,Uluslararası,Türk Takımı Var,TV+ Var,Sürekli,Turnuva,Rakip Eşleşmesi,Bilgi,Maç,Jenerik,Türkçe,Body,h2h_mac
arjantin ingiltere canlı izle,Milli Takım Karşılaşmaları,Futbol,Milli,Milli,Global Elit,Erkek,Milli Takım,Takım Sporu,Global,Uluslararası,Türk Takımı Var,TV+ Var,Sürekli,Turnuva,Canlı İzle,İzleme,Maç,Jenerik,Türkçe,Body,h2h_izle
arjantin ingiltere hangi kanalda,Milli Takım Karşılaşmaları,Futbol,Milli,Milli,Global Elit,Erkek,Milli Takım,Takım Sporu,Global,Uluslararası,Türk Takımı Var,TV+ Var,Sürekli,Turnuva,Kanal/Yayın,İzleme,Maç,Jenerik,İngilizce,Body,h2h_kanal
arjantin italya,Milli Takım Karşılaşmaları,Futbol,Milli,Milli,Global Elit,Erkek,Milli Takım,Takım Sporu,Global,Uluslararası,Türk Takımı Var,TV+ Var,Sürekli,Turnuva,Rakip Eşleşmesi,Bilgi,Maç,Jenerik,İngilizce,Head,h2h
arjantin italya maçı,Milli Takım Karşılaşmaları,Futbol,Milli,Milli,Global Elit,Erkek,Milli Takım,Takım Sporu,Global,Uluslararası,Türk Takımı Var,TV+ Var,Sürekli,Turnuva,Rakip Eşleşmesi,Bilgi,Maç,Jenerik,Türkçe,Body,h2h_mac
arjantin italya canlı izle,Milli Takım Karşılaşmaları,Futbol,Milli,Milli,Global Elit,Erkek,Milli Takım,Takım Sporu,Global,Uluslararası,Türk Takımı Var,TV+ Var,Sürekli,Turnuva,Canlı İzle,İzleme,Maç,Jenerik,Türkçe,Body,h2h_izle
arjantin italya hangi kanalda,Milli Takım Karşılaşmaları,Futbol,Milli,Milli,Global Elit,Erkek,Milli Takım,Takım Sporu,Global,Uluslararası,Türk Takımı Var,TV+ Var,Sürekli,Turnuva,Kanal/Yayın,İzleme,Maç,Jenerik,İngilizce,Body,h2h_kanal
arjantin hollanda,Milli Takım Karşılaşmaları,Futbol,Milli,Milli,Global Elit,Erkek,Milli Takım,Takım Sporu,Global,Uluslararası,Türk Takımı Var,TV+ Var,Sürekli,Turnuva,Rakip Eşleşmesi,Bilgi,Maç,Jenerik,İngilizce,Head,h2h
arjantin hollanda maçı,Milli Takım Karşılaşmaları,Futbol,Milli,Milli,Global Elit,Erkek,Milli Takım,Takım Sporu,Global,Uluslararası,Türk Takımı Var,TV+ Var,Sürekli,Turnuva,Rakip Eşleşmesi,Bilgi,Maç,Jenerik,Türkçe,Body,h2h_mac
arjantin hollanda canlı izle,Milli Takım Karşılaşmaları,Futbol,Milli,Milli,Global Elit,Erkek,Milli Takım,Takım Sporu,Global,Uluslararası,Türk Takımı Var,TV+ Var,Sürekli,Turnuva,Canlı İzle,İzleme,Maç,Jenerik,Türkçe,Body,h2h_izle
arjantin hollanda hangi kanalda,Milli Takım Karşılaşmaları,Futbol,Milli,Milli,Global Elit,Erkek,Milli Takım,Takım Sporu,Global,Uluslararası,Türk Takımı Var,TV+ Var,Sürekli,Turnuva,Kanal/Yayın,İzleme,Maç,Jenerik,İngilizce,Body,h2h_kanal
brezilya almanya,Milli Takım Karşılaşmaları,Futbol,Milli,Milli,Global Elit,Erkek,Milli Takım,Takım Sporu,Global,Uluslararası,Türk Takımı Var,TV+ Var,Sürekli,Turnuva,Rakip Eşleşmesi,Bilgi,Maç,Jenerik,İngilizce,Head,h2h
brezilya almanya maçı,Milli Takım Karşılaşmaları,Futbol,Milli,Milli,Global Elit,Erkek,Milli Takım,Takım Sporu,Global,Uluslararası,Türk Takımı Var,TV+ Var,Sürekli,Turnuva,Rakip Eşleşmesi,Bilgi,Maç,Jenerik,Türkçe,Body,h2h_mac
brezilya almanya canlı izle,Milli Takım Karşılaşmaları,Futbol,Milli,Milli,Global Elit,Erkek,Milli Takım,Takım Sporu,Global,Uluslararası,Türk Takımı Var,TV+ Var,Sürekli,Turnuva,Canlı İzle,İzleme,Maç,Jenerik,Türkçe,Body,h2h_izle
brezilya almanya hangi kanalda,Milli Takım Karşılaşmaları,Futbol,Milli,Milli,Global Elit,Erkek,Milli Takım,Takım Sporu,Global,Uluslararası,Türk Takımı Var,TV+ Var,Sürekli,Turnuva,Kanal/Yayın,İzleme,Maç,Jenerik,İngilizce,Body,h2h_kanal
brezilya ingiltere,Milli Takım Karşılaşmaları,Futbol,Milli,Milli,Global Elit,Erkek,Milli Takım,Takım Sporu,Global,Uluslararası,Türk Takımı Var,TV+ Var,Sürekli,Turnuva,Rakip Eşleşmesi,Bilgi,Maç,Jenerik,İngilizce,Head,h2h
brezilya ingiltere maçı,Milli Takım Karşılaşmaları,Futbol,Milli,Milli,Global Elit,Erkek,Milli Takım,Takım Sporu,Global,Uluslararası,Türk Takımı Var,TV+ Var,Sürekli,Turnuva,Rakip Eşleşmesi,Bilgi,Maç,Jenerik,Türkçe,Body,h2h_mac
brezilya ingiltere canlı izle,Milli Takım Karşılaşmaları,Futbol,Milli,Milli,Global Elit,Erkek,Milli Takım,Takım Sporu,Global,Uluslararası,Türk Takımı Var,TV+ Var,Sürekli,Turnuva,Canlı İzle,İzleme,Maç,Jenerik,Türkçe,Body,h2h_izle
brezilya ingiltere hangi kanalda,Milli Takım Karşılaşmaları,Futbol,Milli,Milli,Global Elit,Erkek,Milli Takım,Takım Sporu,Global,Uluslararası,Türk Takımı Var,TV+ Var,Sürekli,Turnuva,Kanal/Yayın,İzleme,Maç,Jenerik,İngilizce,Body,h2h_kanal
brezilya italya,Milli Takım Karşılaşmaları,Futbol,Milli,Milli,Global Elit,Erkek,Milli Takım,Takım Sporu,Global,Uluslararası,Türk Takımı Var,TV+ Var,Sürekli,Turnuva,Rakip Eşleşmesi,Bilgi,Maç,Jenerik,İngilizce,Head,h2h
brezilya italya maçı,Milli Takım Karşılaşmaları,Futbol,Milli,Milli,Global Elit,Erkek,Milli Takım,Takım Sporu,Global,Uluslararası,Türk Takımı Var,TV+ Var,Sürekli,Turnuva,Rakip Eşleşmesi,Bilgi,Maç,Jenerik,Türkçe,Body,h2h_mac
brezilya italya canlı izle,Milli Takım Karşılaşmaları,Futbol,Milli,Milli,Global Elit,Erkek,Milli Takım,Takım Sporu,Global,Uluslararası,Türk Takımı Var,TV+ Var,Sürekli,Turnuva,Canlı İzle,İzleme,Maç,Jenerik,Türkçe,Body,h2h_izle
brezilya italya hangi kanalda,Milli Takım Karşılaşmaları,Futbol,Milli,Milli,Global Elit,Erkek,Milli Takım,Takım Sporu,Global,Uluslararası,Türk Takımı Var,TV+ Var,Sürekli,Turnuva,Kanal/Yayın,İzleme,Maç,Jenerik,İngilizce,Body,h2h_kanal
brezilya hollanda,Milli Takım Karşılaşmaları,Futbol,Milli,Milli,Global Elit,Erkek,Milli Takım,Takım Sporu,Global,Uluslararası,Türk Takımı Var,TV+ Var,Sürekli,Turnuva,Rakip Eşleşmesi,Bilgi,Maç,Jenerik,İngilizce,Head,h2h
brezilya hollanda maçı,Milli Takım Karşılaşmaları,Futbol,Milli,Milli,Global Elit,Erkek,Milli Takım,Takım Sporu,Global,Uluslararası,Türk Takımı Var,TV+ Var,Sürekli,Turnuva,Rakip Eşleşmesi,Bilgi,Maç,Jenerik,Türkçe,Body,h2h_mac
brezilya hollanda canlı izle,Milli Takım Karşılaşmaları,Futbol,Milli,Milli,Global Elit,Erkek,Milli Takım,Takım Sporu,Global,Uluslararası,Türk Takımı Var,TV+ Var,Sürekli,Turnuva,Canlı İzle,İzleme,Maç,Jenerik,Türkçe,Body,h2h_izle
brezilya hollanda hangi kanalda,Milli Takım Karşılaşmaları,Futbol,Milli,Milli,Global Elit,Erkek,Milli Takım,Takım Sporu,Global,Uluslararası,Türk Takımı Var,TV+ Var,Sürekli,Turnuva,Kanal/Yayın,İzleme,Maç,Jenerik,İngilizce,Body,h2h_kanal
almanya ingiltere,Milli Takım Karşılaşmaları,Futbol,Milli,Milli,Global Elit,Erkek,Milli Takım,Takım Sporu,Global,Uluslararası,Türk Takımı Var,TV+ Var,Sürekli,Turnuva,Rakip Eşleşmesi,Bilgi,Maç,Jenerik,İngilizce,Head,h2h
almanya ingiltere maçı,Milli Takım Karşılaşmaları,Futbol,Milli,Milli,Global Elit,Erkek,Milli Takım,Takım Sporu,Global,Uluslararası,Türk Takımı Var,TV+ Var,Sürekli,Turnuva,Rakip Eşleşmesi,Bilgi,Maç,Jenerik,Türkçe,Body,h2h_mac
almanya ingiltere canlı izle,Milli Takım Karşılaşmaları,Futbol,Milli,Milli,Global Elit,Erkek,Milli Takım,Takım Sporu,Global,Uluslararası,Türk Takımı Var,TV+ Var,Sürekli,Turnuva,Canlı İzle,İzleme,Maç,Jenerik,Türkçe,Body,h2h_izle
almanya ingiltere hangi kanalda,Milli Takım Karşılaşmaları,Futbol,Milli,Milli,Global Elit,Erkek,Milli Takım,Takım Sporu,Global,Uluslararası,Türk Takımı Var,TV+ Var,Sürekli,Turnuva,Kanal/Yayın,İzleme,Maç,Jenerik,İngilizce,Body,h2h_kanal
almanya italya,Milli Takım Karşılaşmaları,Futbol,Milli,Milli,Global Elit,Erkek,Milli Takım,Takım Sporu,Global,Uluslararası,Türk Takımı Var,TV+ Var,Sürekli,Turnuva,Rakip Eşleşmesi,Bilgi,Maç,Jenerik,İngilizce,Head,h2h
almanya italya maçı,Milli Takım Karşılaşmaları,Futbol,Milli,Milli,Global Elit,Erkek,Milli Takım,Takım Sporu,Global,Uluslararası,Türk Takımı Var,TV+ Var,Sürekli,Turnuva,Rakip Eşleşmesi,Bilgi,Maç,Jenerik,Türkçe,Body,h2h_mac
almanya italya canlı izle,Milli Takım Karşılaşmaları,Futbol,Milli,Milli,Global Elit,Erkek,Milli Takım,Takım Sporu,Global,Uluslararası,Türk Takımı Var,TV+ Var,Sürekli,Turnuva,Canlı İzle,İzleme,Maç,Jenerik,Türkçe,Body,h2h_izle
almanya italya hangi kanalda,Milli Takım Karşılaşmaları,Futbol,Milli,Milli,Global Elit,Erkek,Milli Takım,Takım Sporu,Global,Uluslararası,Türk Takımı Var,TV+ Var,Sürekli,Turnuva,Kanal/Yayın,İzleme,Maç,Jenerik,İngilizce,Body,h2h_kanal
almanya hollanda,Milli Takım Karşılaşmaları,Futbol,Milli,Milli,Global Elit,Erkek,Milli Takım,Takım Sporu,Global,Uluslararası,Türk Takımı Var,TV+ Var,Sürekli,Turnuva,Rakip Eşleşmesi,Bilgi,Maç,Jenerik,İngilizce,Head,h2h
almanya hollanda maçı,Milli Takım Karşılaşmaları,Futbol,Milli,Milli,Global Elit,Erkek,Milli Takım,Takım Sporu,Global,Uluslararası,Türk Takımı Var,TV+ Var,Sürekli,Turnuva,Rakip Eşleşmesi,Bilgi,Maç,Jenerik,Türkçe,Body,h2h_mac
almanya hollanda canlı izle,Milli Takım Karşılaşmaları,Futbol,Milli,Milli,Global Elit,Erkek,Milli Takım,Takım Sporu,Global,Uluslararası,Türk Takımı Var,TV+ Var,Sürekli,Turnuva,Canlı İzle,İzleme,Maç,Jenerik,Türkçe,Body,h2h_izle
almanya hollanda hangi kanalda,Milli Takım Karşılaşmaları,Futbol,Milli,Milli,Global Elit,Erkek,Milli Takım,Takım Sporu,Global,Uluslararası,Türk Takımı Var,TV+ Var,Sürekli,Turnuva,Kanal/Yayın,İzleme,Maç,Jenerik,İngilizce,Body,h2h_kanal
ingiltere italya,Milli Takım Karşılaşmaları,Futbol,Milli,Milli,Global Elit,Erkek,Milli Takım,Takım Sporu,Global,Uluslararası,Türk Takımı Var,TV+ Var,Sürekli,Turnuva,Rakip Eşleşmesi,Bilgi,Maç,Jenerik,İngilizce,Head,h2h
ingiltere italya maçı,Milli Takım Karşılaşmaları,Futbol,Milli,Milli,Global Elit,Erkek,Milli Takım,Takım Sporu,Global,Uluslararası,Türk Takımı Var,TV+ Var,Sürekli,Turnuva,Rakip Eşleşmesi,Bilgi,Maç,Jenerik,Türkçe,Body,h2h_mac
ingiltere italya canlı izle,Milli Takım Karşılaşmaları,Futbol,Milli,Milli,Global Elit,Erkek,Milli Takım,Takım Sporu,Global,Uluslararası,Türk Takımı Var,TV+ Var,Sürekli,Turnuva,Canlı İzle,İzleme,Maç,Jenerik,Türkçe,Body,h2h_izle
ingiltere italya hangi kanalda,Milli Takım Karşılaşmaları,Futbol,Milli,Milli,Global Elit,Erkek,Milli Takım,Takım Sporu,Global,Uluslararası,Türk Takımı Var,TV+ Var,Sürekli,Turnuva,Kanal/Yayın,İzleme,Maç,Jenerik,İngilizce,Body,h2h_kanal
ingiltere hollanda,Milli Takım Karşılaşmaları,Futbol,Milli,Milli,Global Elit,Erkek,Milli Takım,Takım Sporu,Global,Uluslararası,Türk Takımı Var,TV+ Var,Sürekli,Turnuva,Rakip Eşleşmesi,Bilgi,Maç,Jenerik,İngilizce,Head,h2h
ingiltere hollanda maçı,Milli Takım Karşılaşmaları,Futbol,Milli,Milli,Global Elit,Erkek,Milli Takım,Takım Sporu,Global,Uluslararası,Türk Takımı Var,TV+ Var,Sürekli,Turnuva,Rakip Eşleşmesi,Bilgi,Maç,Jenerik,Türkçe,Body,h2h_mac
ingiltere hollanda canlı izle,Milli Takım Karşılaşmaları,Futbol,Milli,Milli,Global Elit,Erkek,Milli Takım,Takım Sporu,Global,Uluslararası,Türk Takımı Var,TV+ Var,Sürekli,Turnuva,Canlı İzle,İzleme,Maç,Jenerik,Türkçe,Body,h2h_izle
ingiltere hollanda hangi kanalda,Milli Takım Karşılaşmaları,Futbol,Milli,Milli,Global Elit,Erkek,Milli Takım,Takım Sporu,Global,Uluslararası,Türk Takımı Var,TV+ Var,Sürekli,Turnuva,Kanal/Yayın,İzleme,Maç,Jenerik,İngilizce,Body,h2h_kanal
italya hollanda,Milli Takım Karşılaşmaları,Futbol,Milli,Milli,Global Elit,Erkek,Milli Takım,Takım Sporu,Global,Uluslararası,Türk Takımı Var,TV+ Var,Sürekli,Turnuva,Rakip Eşleşmesi,Bilgi,Maç,Jenerik,İngilizce,Head,h2h
italya hollanda maçı,Milli Takım Karşılaşmaları,Futbol,Milli,Milli,Global Elit,Erkek,Milli Takım,Takım Sporu,Global,Uluslararası,Türk Takımı Var,TV+ Var,Sürekli,Turnuva,Rakip Eşleşmesi,Bilgi,Maç,Jenerik,Türkçe,Body,h2h_mac
italya hollanda canlı izle,Milli Takım Karşılaşmaları,Futbol,Milli,Milli,Global Elit,Erkek,Milli Takım,Takım Sporu,Global,Uluslararası,Türk Takımı Var,TV+ Var,Sürekli,Turnuva,Canlı İzle,İzleme,Maç,Jenerik,Türkçe,Body,h2h_izle
italya hollanda hangi kanalda,Milli Takım Karşılaşmaları,Futbol,Milli,Milli,Global Elit,Erkek,Milli Takım,Takım Sporu,Global,Uluslararası,Türk Takımı Var,TV+ Var,Sürekli,Turnuva,Kanal/Yayın,İzleme,Maç,Jenerik,İngilizce,Body,h2h_kanal
türkiye milli takım maçı,Milli Takım Karşılaşmaları,Futbol,Milli,Milli,Global Elit,Erkek,Milli Takım,Takım Sporu,Global,Uluslararası,Türk Takımı Var,TV+ Var,Sürekli,Turnuva,Takım Maç Sorgusu,Bilgi,Takım,Jenerik,Türkçe,Body,tk_mac
türkiye milli takım maçları,Milli Takım Karşılaşmaları,Futbol,Milli,Milli,Global Elit,Erkek,Milli Takım,Takım Sporu,Global,Uluslararası,Türk Takımı Var,TV+ Var,Sürekli,Turnuva,Takım Maç Sorgusu,Bilgi,Takım,Jenerik,Türkçe,Body,tk_maclar
türkiye milli takım maçı ne zaman,Milli Takım Karşılaşmaları,Futbol,Milli,Milli,Global Elit,Erkek,Milli Takım,Takım Sporu,Global,Uluslararası,Türk Takımı Var,TV+ Var,Sürekli,Turnuva,Takvim/Saat,Bilgi,Takım,Jenerik,Türkçe,Long-tail,tk_nezaman
türkiye milli takım maçı hangi kanalda,Milli Takım Karşılaşmaları,Futbol,Milli,Milli,Global Elit,Erkek,Milli Takım,Takım Sporu,Global,Uluslararası,Türk Takımı Var,TV+ Var,Sürekli,Turnuva,Kanal/Yayın,İzleme,Takım,Jenerik,Türkçe,Long-tail,tk_kanal
türkiye milli takım canlı izle,Milli Takım Karşılaşmaları,Futbol,Milli,Milli,Global Elit,Erkek,Milli Takım,Takım Sporu,Global,Uluslararası,Türk Takımı Var,TV+ Var,Sürekli,Turnuva,Canlı İzle,İzleme,Takım,Jenerik,Türkçe,Long-tail,tk_izle
türkiye milli takım fikstür,Milli Takım Karşılaşmaları,Futbol,Milli,Milli,Global Elit,Erkek,Milli Takım,Takım Sporu,Global,Uluslararası,Türk Takımı Var,TV+ Var,Sürekli,Turnuva,Fikstür,Bilgi,Takım,Jenerik,Türkçe,Body,tk_fikstur
ispanya maçı,Milli Takım Karşılaşmaları,Futbol,Milli,Milli,Global Elit,Erkek,Milli Takım,Takım Sporu,Global,Uluslararası,Türk Takımı Var,TV+ Var,Sürekli,Turnuva,Takım Maç Sorgusu,Bilgi,Takım,Jenerik,Türkçe,Head,tk_mac
ispanya maçları,Milli Takım Karşılaşmaları,Futbol,Milli,Milli,Global Elit,Erkek,Milli Takım,Takım Sporu,Global,Uluslararası,Türk Takımı Var,TV+ Var,Sürekli,Turnuva,Takım Maç Sorgusu,Bilgi,Takım,Jenerik,Türkçe,Head,tk_maclar
ispanya maçı ne zaman,Milli Takım Karşılaşmaları,Futbol,Milli,Milli,Global Elit,Erkek,Milli Takım,Takım Sporu,Global,Uluslararası,Türk Takımı Var,TV+ Var,Sürekli,Turnuva,Takvim/Saat,Bilgi,Takım,Jenerik,Türkçe,Body,tk_nezaman
ispanya maçı hangi kanalda,Milli Takım Karşılaşmaları,Futbol,Milli,Milli,Global Elit,Erkek,Milli Takım,Takım Sporu,Global,Uluslararası,Türk Takımı Var,TV+ Var,Sürekli,Turnuva,Kanal/Yayın,İzleme,Takım,Jenerik,Türkçe,Body,tk_kanal
ispanya canlı izle,Milli Takım Karşılaşmaları,Futbol,Milli,Milli,Global Elit,Erkek,Milli Takım,Takım Sporu,Global,Uluslararası,Türk Takımı Var,TV+ Var,Sürekli,Turnuva,Canlı İzle,İzleme,Takım,Jenerik,Türkçe,Body,tk_izle
ispanya fikstür,Milli Takım Karşılaşmaları,Futbol,Milli,Milli,Global Elit,Erkek,Milli Takım,Takım Sporu,Global,Uluslararası,Türk Takımı Var,TV+ Var,Sürekli,Turnuva,Fikstür,Bilgi,Takım,Jenerik,Türkçe,Head,tk_fikstur
portekiz maçı,Milli Takım Karşılaşmaları,Futbol,Milli,Milli,Global Elit,Erkek,Milli Takım,Takım Sporu,Global,Uluslararası,Türk Takımı Var,TV+ Var,Sürekli,Turnuva,Takım Maç Sorgusu,Bilgi,Takım,Jenerik,Türkçe,Head,tk_mac
portekiz maçları,Milli Takım Karşılaşmaları,Futbol,Milli,Milli,Global Elit,Erkek,Milli Takım,Takım Sporu,Global,Uluslararası,Türk Takımı Var,TV+ Var,Sürekli,Turnuva,Takım Maç Sorgusu,Bilgi,Takım,Jenerik,Türkçe,Head,tk_maclar
portekiz maçı ne zaman,Milli Takım Karşılaşmaları,Futbol,Milli,Milli,Global Elit,Erkek,Milli Takım,Takım Sporu,Global,Uluslararası,Türk Takımı Var,TV+ Var,Sürekli,Turnuva,Takvim/Saat,Bilgi,Takım,Jenerik,Türkçe,Body,tk_nezaman
portekiz maçı hangi kanalda,Milli Takım Karşılaşmaları,Futbol,Milli,Milli,Global Elit,Erkek,Milli Takım,Takım Sporu,Global,Uluslararası,Türk Takımı Var,TV+ Var,Sürekli,Turnuva,Kanal/Yayın,İzleme,Takım,Jenerik,Türkçe,Body,tk_kanal
portekiz canlı izle,Milli Takım Karşılaşmaları,Futbol,Milli,Milli,Global Elit,Erkek,Milli Takım,Takım Sporu,Global,Uluslararası,Türk Takımı Var,TV+ Var,Sürekli,Turnuva,Canlı İzle,İzleme,Takım,Jenerik,Türkçe,Body,tk_izle
portekiz fikstür,Milli Takım Karşılaşmaları,Futbol,Milli,Milli,Global Elit,Erkek,Milli Takım,Takım Sporu,Global,Uluslararası,Türk Takımı Var,TV+ Var,Sürekli,Turnuva,Fikstür,Bilgi,Takım,Jenerik,Türkçe,Head,tk_fikstur
fransa maçı,Milli Takım Karşılaşmaları,Futbol,Milli,Milli,Global Elit,Erkek,Milli Takım,Takım Sporu,Global,Uluslararası,Türk Takımı Var,TV+ Var,Sürekli,Turnuva,Takım Maç Sorgusu,Bilgi,Takım,Jenerik,Türkçe,Head,tk_mac
fransa maçları,Milli Takım Karşılaşmaları,Futbol,Milli,Milli,Global Elit,Erkek,Milli Takım,Takım Sporu,Global,Uluslararası,Türk Takımı Var,TV+ Var,Sürekli,Turnuva,Takım Maç Sorgusu,Bilgi,Takım,Jenerik,Türkçe,Head,tk_maclar
fransa maçı ne zaman,Milli Takım Karşılaşmaları,Futbol,Milli,Milli,Global Elit,Erkek,Milli Takım,Takım Sporu,Global,Uluslararası,Türk Takımı Var,TV+ Var,Sürekli,Turnuva,Takvim/Saat,Bilgi,Takım,Jenerik,Türkçe,Body,tk_nezaman
fransa maçı hangi kanalda,Milli Takım Karşılaşmaları,Futbol,Milli,Milli,Global Elit,Erkek,Milli Takım,Takım Sporu,Global,Uluslararası,Türk Takımı Var,TV+ Var,Sürekli,Turnuva,Kanal/Yayın,İzleme,Takım,Jenerik,Türkçe,Body,tk_kanal
fransa canlı izle,Milli Takım Karşılaşmaları,Futbol,Milli,Milli,Global Elit,Erkek,Milli Takım,Takım Sporu,Global,Uluslararası,Türk Takımı Var,TV+ Var,Sürekli,Turnuva,Canlı İzle,İzleme,Takım,Jenerik,Türkçe,Body,tk_izle
fransa fikstür,Milli Takım Karşılaşmaları,Futbol,Milli,Milli,Global Elit,Erkek,Milli Takım,Takım Sporu,Global,Uluslararası,Türk Takımı Var,TV+ Var,Sürekli,Turnuva,Fikstür,Bilgi,Takım,Jenerik,Türkçe,Head,tk_fikstur
arjantin maçı,Milli Takım Karşılaşmaları,Futbol,Milli,Milli,Global Elit,Erkek,Milli Takım,Takım Sporu,Global,Uluslararası,Türk Takımı Var,TV+ Var,Sürekli,Turnuva,Takım Maç Sorgusu,Bilgi,Takım,Jenerik,Türkçe,Head,tk_mac
arjantin maçları,Milli Takım Karşılaşmaları,Futbol,Milli,Milli,Global Elit,Erkek,Milli Takım,Takım Sporu,Global,Uluslararası,Türk Takımı Var,TV+ Var,Sürekli,Turnuva,Takım Maç Sorgusu,Bilgi,Takım,Jenerik,Türkçe,Head,tk_maclar
arjantin maçı ne zaman,Milli Takım Karşılaşmaları,Futbol,Milli,Milli,Global Elit,Erkek,Milli Takım,Takım Sporu,Global,Uluslararası,Türk Takımı Var,TV+ Var,Sürekli,Turnuva,Takvim/Saat,Bilgi,Takım,Jenerik,Türkçe,Body,tk_nezaman
arjantin maçı hangi kanalda,Milli Takım Karşılaşmaları,Futbol,Milli,Milli,Global Elit,Erkek,Milli Takım,Takım Sporu,Global,Uluslararası,Türk Takımı Var,TV+ Var,Sürekli,Turnuva,Kanal/Yayın,İzleme,Takım,Jenerik,Türkçe,Body,tk_kanal
arjantin canlı izle,Milli Takım Karşılaşmaları,Futbol,Milli,Milli,Global Elit,Erkek,Milli Takım,Takım Sporu,Global,Uluslararası,Türk Takımı Var,TV+ Var,Sürekli,Turnuva,Canlı İzle,İzleme,Takım,Jenerik,Türkçe,Body,tk_izle
arjantin fikstür,Milli Takım Karşılaşmaları,Futbol,Milli,Milli,Global Elit,Erkek,Milli Takım,Takım Sporu,Global,Uluslararası,Türk Takımı Var,TV+ Var,Sürekli,Turnuva,Fikstür,Bilgi,Takım,Jenerik,Türkçe,Head,tk_fikstur
brezilya maçı,Milli Takım Karşılaşmaları,Futbol,Milli,Milli,Global Elit,Erkek,Milli Takım,Takım Sporu,Global,Uluslararası,Türk Takımı Var,TV+ Var,Sürekli,Turnuva,Takım Maç Sorgusu,Bilgi,Takım,Jenerik,Türkçe,Head,tk_mac
brezilya maçları,Milli Takım Karşılaşmaları,Futbol,Milli,Milli,Global Elit,Erkek,Milli Takım,Takım Sporu,Global,Uluslararası,Türk Takımı Var,TV+ Var,Sürekli,Turnuva,Takım Maç Sorgusu,Bilgi,Takım,Jenerik,Türkçe,Head,tk_maclar
brezilya maçı ne zaman,Milli Takım Karşılaşmaları,Futbol,Milli,Milli,Global Elit,Erkek,Milli Takım,Takım Sporu,Global,Uluslararası,Türk Takımı Var,TV+ Var,Sürekli,Turnuva,Takvim/Saat,Bilgi,Takım,Jenerik,Türkçe,Body,tk_nezaman
brezilya maçı hangi kanalda,Milli Takım Karşılaşmaları,Futbol,Milli,Milli,Global Elit,Erkek,Milli Takım,Takım Sporu,Global,Uluslararası,Türk Takımı Var,TV+ Var,Sürekli,Turnuva,Kanal/Yayın,İzleme,Takım,Jenerik,Türkçe,Body,tk_kanal
brezilya canlı izle,Milli Takım Karşılaşmaları,Futbol,Milli,Milli,Global Elit,Erkek,Milli Takım,Takım Sporu,Global,Uluslararası,Türk Takımı Var,TV+ Var,Sürekli,Turnuva,Canlı İzle,İzleme,Takım,Jenerik,Türkçe,Body,tk_izle
brezilya fikstür,Milli Takım Karşılaşmaları,Futbol,Milli,Milli,Global Elit,Erkek,Milli Takım,Takım Sporu,Global,Uluslararası,Türk Takımı Var,TV+ Var,Sürekli,Turnuva,Fikstür,Bilgi,Takım,Jenerik,Türkçe,Head,tk_fikstur
almanya maçı,Milli Takım Karşılaşmaları,Futbol,Milli,Milli,Global Elit,Erkek,Milli Takım,Takım Sporu,Global,Uluslararası,Türk Takımı Var,TV+ Var,Sürekli,Turnuva,Takım Maç Sorgusu,Bilgi,Takım,Jenerik,Türkçe,Head,tk_mac
almanya maçları,Milli Takım Karşılaşmaları,Futbol,Milli,Milli,Global Elit,Erkek,Milli Takım,Takım Sporu,Global,Uluslararası,Türk Takımı Var,TV+ Var,Sürekli,Turnuva,Takım Maç Sorgusu,Bilgi,Takım,Jenerik,Türkçe,Head,tk_maclar
almanya maçı ne zaman,Milli Takım Karşılaşmaları,Futbol,Milli,Milli,Global Elit,Erkek,Milli Takım,Takım Sporu,Global,Uluslararası,Türk Takımı Var,TV+ Var,Sürekli,Turnuva,Takvim/Saat,Bilgi,Takım,Jenerik,Türkçe,Body,tk_nezaman
almanya maçı hangi kanalda,Milli Takım Karşılaşmaları,Futbol,Milli,Milli,Global Elit,Erkek,Milli Takım,Takım Sporu,Global,Uluslararası,Türk Takımı Var,TV+ Var,Sürekli,Turnuva,Kanal/Yayın,İzleme,Takım,Jenerik,Türkçe,Body,tk_kanal
almanya canlı izle,Milli Takım Karşılaşmaları,Futbol,Milli,Milli,Global Elit,Erkek,Milli Takım,Takım Sporu,Global,Uluslararası,Türk Takımı Var,TV+ Var,Sürekli,Turnuva,Canlı İzle,İzleme,Takım,Jenerik,Türkçe,Body,tk_izle
almanya fikstür,Milli Takım Karşılaşmaları,Futbol,Milli,Milli,Global Elit,Erkek,Milli Takım,Takım Sporu,Global,Uluslararası,Türk Takımı Var,TV+ Var,Sürekli,Turnuva,Fikstür,Bilgi,Takım,Jenerik,Türkçe,Head,tk_fikstur
ingiltere maçı,Milli Takım Karşılaşmaları,Futbol,Milli,Milli,Global Elit,Erkek,Milli Takım,Takım Sporu,Global,Uluslararası,Türk Takımı Var,TV+ Var,Sürekli,Turnuva,Takım Maç Sorgusu,Bilgi,Takım,Jenerik,Türkçe,Head,tk_mac
ingiltere maçları,Milli Takım Karşılaşmaları,Futbol,Milli,Milli,Global Elit,Erkek,Milli Takım,Takım Sporu,Global,Uluslararası,Türk Takımı Var,TV+ Var,Sürekli,Turnuva,Takım Maç Sorgusu,Bilgi,Takım,Jenerik,Türkçe,Head,tk_maclar
ingiltere maçı ne zaman,Milli Takım Karşılaşmaları,Futbol,Milli,Milli,Global Elit,Erkek,Milli Takım,Takım Sporu,Global,Uluslararası,Türk Takımı Var,TV+ Var,Sürekli,Turnuva,Takvim/Saat,Bilgi,Takım,Jenerik,Türkçe,Body,tk_nezaman
ingiltere maçı hangi kanalda,Milli Takım Karşılaşmaları,Futbol,Milli,Milli,Global Elit,Erkek,Milli Takım,Takım Sporu,Global,Uluslararası,Türk Takımı Var,TV+ Var,Sürekli,Turnuva,Kanal/Yayın,İzleme,Takım,Jenerik,Türkçe,Body,tk_kanal
ingiltere canlı izle,Milli Takım Karşılaşmaları,Futbol,Milli,Milli,Global Elit,Erkek,Milli Takım,Takım Sporu,Global,Uluslararası,Türk Takımı Var,TV+ Var,Sürekli,Turnuva,Canlı İzle,İzleme,Takım,Jenerik,Türkçe,Body,tk_izle
ingiltere fikstür,Milli Takım Karşılaşmaları,Futbol,Milli,Milli,Global Elit,Erkek,Milli Takım,Takım Sporu,Global,Uluslararası,Türk Takımı Var,TV+ Var,Sürekli,Turnuva,Fikstür,Bilgi,Takım,Jenerik,Türkçe,Head,tk_fikstur
italya maçı,Milli Takım Karşılaşmaları,Futbol,Milli,Milli,Global Elit,Erkek,Milli Takım,Takım Sporu,Global,Uluslararası,Türk Takımı Var,TV+ Var,Sürekli,Turnuva,Takım Maç Sorgusu,Bilgi,Takım,Jenerik,Türkçe,Head,tk_mac
italya maçları,Milli Takım Karşılaşmaları,Futbol,Milli,Milli,Global Elit,Erkek,Milli Takım,Takım Sporu,Global,Uluslararası,Türk Takımı Var,TV+ Var,Sürekli,Turnuva,Takım Maç Sorgusu,Bilgi,Takım,Jenerik,Türkçe,Head,tk_maclar
italya maçı ne zaman,Milli Takım Karşılaşmaları,Futbol,Milli,Milli,Global Elit,Erkek,Milli Takım,Takım Sporu,Global,Uluslararası,Türk Takımı Var,TV+ Var,Sürekli,Turnuva,Takvim/Saat,Bilgi,Takım,Jenerik,Türkçe,Body,tk_nezaman
italya maçı hangi kanalda,Milli Takım Karşılaşmaları,Futbol,Milli,Milli,Global Elit,Erkek,Milli Takım,Takım Sporu,Global,Uluslararası,Türk Takımı Var,TV+ Var,Sürekli,Turnuva,Kanal/Yayın,İzleme,Takım,Jenerik,Türkçe,Body,tk_kanal
italya canlı izle,Milli Takım Karşılaşmaları,Futbol,Milli,Milli,Global Elit,Erkek,Milli Takım,Takım Sporu,Global,Uluslararası,Türk Takımı Var,TV+ Var,Sürekli,Turnuva,Canlı İzle,İzleme,Takım,Jenerik,Türkçe,Body,tk_izle
italya fikstür,Milli Takım Karşılaşmaları,Futbol,Milli,Milli,Global Elit,Erkek,Milli Takım,Takım Sporu,Global,Uluslararası,Türk Takımı Var,TV+ Var,Sürekli,Turnuva,Fikstür,Bilgi,Takım,Jenerik,Türkçe,Head,tk_fikstur
hollanda maçı,Milli Takım Karşılaşmaları,Futbol,Milli,Milli,Global Elit,Erkek,Milli Takım,Takım Sporu,Global,Uluslararası,Türk Takımı Var,TV+ Var,Sürekli,Turnuva,Takım Maç Sorgusu,Bilgi,Takım,Jenerik,Türkçe,Head,tk_mac
hollanda maçları,Milli Takım Karşılaşmaları,Futbol,Milli,Milli,Global Elit,Erkek,Milli Takım,Takım Sporu,Global,Uluslararası,Türk Takımı Var,TV+ Var,Sürekli,Turnuva,Takım Maç Sorgusu,Bilgi,Takım,Jenerik,Türkçe,Head,tk_maclar
hollanda maçı ne zaman,Milli Takım Karşılaşmaları,Futbol,Milli,Milli,Global Elit,Erkek,Milli Takım,Takım Sporu,Global,Uluslararası,Türk Takımı Var,TV+ Var,Sürekli,Turnuva,Takvim/Saat,Bilgi,Takım,Jenerik,Türkçe,Body,tk_nezaman
hollanda maçı hangi kanalda,Milli Takım Karşılaşmaları,Futbol,Milli,Milli,Global Elit,Erkek,Milli Takım,Takım Sporu,Global,Uluslararası,Türk Takımı Var,TV+ Var,Sürekli,Turnuva,Kanal/Yayın,İzleme,Takım,Jenerik,Türkçe,Body,tk_kanal
hollanda canlı izle,Milli Takım Karşılaşmaları,Futbol,Milli,Milli,Global Elit,Erkek,Milli Takım,Takım Sporu,Global,Uluslararası,Türk Takımı Var,TV+ Var,Sürekli,Turnuva,Canlı İzle,İzleme,Takım,Jenerik,Türkçe,Body,tk_izle
hollanda fikstür,Milli Takım Karşılaşmaları,Futbol,Milli,Milli,Global Elit,Erkek,Milli Takım,Takım Sporu,Global,Uluslararası,Türk Takımı Var,TV+ Var,Sürekli,Turnuva,Fikstür,Bilgi,Takım,Jenerik,Türkçe,Head,tk_fikstur
fas maçı,Milli Takım Karşılaşmaları,Futbol,Milli,Milli,Global Elit,Erkek,Milli Takım,Takım Sporu,Global,Uluslararası,Türk Takımı Var,TV+ Var,Sürekli,Turnuva,Takım Maç Sorgusu,Bilgi,Takım,Jenerik,Türkçe,Head,tk_mac
fas maçları,Milli Takım Karşılaşmaları,Futbol,Milli,Milli,Global Elit,Erkek,Milli Takım,Takım Sporu,Global,Uluslararası,Türk Takımı Var,TV+ Var,Sürekli,Turnuva,Takım Maç Sorgusu,Bilgi,Takım,Jenerik,Türkçe,Head,tk_maclar
fas maçı ne zaman,Milli Takım Karşılaşmaları,Futbol,Milli,Milli,Global Elit,Erkek,Milli Takım,Takım Sporu,Global,Uluslararası,Türk Takımı Var,TV+ Var,Sürekli,Turnuva,Takvim/Saat,Bilgi,Takım,Jenerik,Türkçe,Body,tk_nezaman
fas maçı hangi kanalda,Milli Takım Karşılaşmaları,Futbol,Milli,Milli,Global Elit,Erkek,Milli Takım,Takım Sporu,Global,Uluslararası,Türk Takımı Var,TV+ Var,Sürekli,Turnuva,Kanal/Yayın,İzleme,Takım,Jenerik,Türkçe,Body,tk_kanal
fas canlı izle,Milli Takım Karşılaşmaları,Futbol,Milli,Milli,Global Elit,Erkek,Milli Takım,Takım Sporu,Global,Uluslararası,Türk Takımı Var,TV+ Var,Sürekli,Turnuva,Canlı İzle,İzleme,Takım,Jenerik,Türkçe,Body,tk_izle
fas fikstür,Milli Takım Karşılaşmaları,Futbol,Milli,Milli,Global Elit,Erkek,Milli Takım,Takım Sporu,Global,Uluslararası,Türk Takımı Var,TV+ Var,Sürekli,Turnuva,Fikstür,Bilgi,Takım,Jenerik,Türkçe,Head,tk_fikstur
norveç maçı,Milli Takım Karşılaşmaları,Futbol,Milli,Milli,Global Elit,Erkek,Milli Takım,Takım Sporu,Global,Uluslararası,Türk Takımı Var,TV+ Var,Sürekli,Turnuva,Takım Maç Sorgusu,Bilgi,Takım,Jenerik,Türkçe,Head,tk_mac
norveç maçları,Milli Takım Karşılaşmaları,Futbol,Milli,Milli,Global Elit,Erkek,Milli Takım,Takım Sporu,Global,Uluslararası,Türk Takımı Var,TV+ Var,Sürekli,Turnuva,Takım Maç Sorgusu,Bilgi,Takım,Jenerik,Türkçe,Head,tk_maclar
norveç maçı ne zaman,Milli Takım Karşılaşmaları,Futbol,Milli,Milli,Global Elit,Erkek,Milli Takım,Takım Sporu,Global,Uluslararası,Türk Takımı Var,TV+ Var,Sürekli,Turnuva,Takvim/Saat,Bilgi,Takım,Jenerik,Türkçe,Body,tk_nezaman
norveç maçı hangi kanalda,Milli Takım Karşılaşmaları,Futbol,Milli,Milli,Global Elit,Erkek,Milli Takım,Takım Sporu,Global,Uluslararası,Türk Takımı Var,TV+ Var,Sürekli,Turnuva,Kanal/Yayın,İzleme,Takım,Jenerik,Türkçe,Body,tk_kanal
norveç canlı izle,Milli Takım Karşılaşmaları,Futbol,Milli,Milli,Global Elit,Erkek,Milli Takım,Takım Sporu,Global,Uluslararası,Türk Takımı Var,TV+ Var,Sürekli,Turnuva,Canlı İzle,İzleme,Takım,Jenerik,Türkçe,Body,tk_izle
norveç fikstür,Milli Takım Karşılaşmaları,Futbol,Milli,Milli,Global Elit,Erkek,Milli Takım,Takım Sporu,Global,Uluslararası,Türk Takımı Var,TV+ Var,Sürekli,Turnuva,Fikstür,Bilgi,Takım,Jenerik,Türkçe,Head,tk_fikstur
belçika maçı,Milli Takım Karşılaşmaları,Futbol,Milli,Milli,Global Elit,Erkek,Milli Takım,Takım Sporu,Global,Uluslararası,Türk Takımı Var,TV+ Var,Sürekli,Turnuva,Takım Maç Sorgusu,Bilgi,Takım,Jenerik,Türkçe,Head,tk_mac
belçika maçları,Milli Takım Karşılaşmaları,Futbol,Milli,Milli,Global Elit,Erkek,Milli Takım,Takım Sporu,Global,Uluslararası,Türk Takımı Var,TV+ Var,Sürekli,Turnuva,Takım Maç Sorgusu,Bilgi,Takım,Jenerik,Türkçe,Head,tk_maclar
belçika maçı ne zaman,Milli Takım Karşılaşmaları,Futbol,Milli,Milli,Global Elit,Erkek,Milli Takım,Takım Sporu,Global,Uluslararası,Türk Takımı Var,TV+ Var,Sürekli,Turnuva,Takvim/Saat,Bilgi,Takım,Jenerik,Türkçe,Body,tk_nezaman
belçika maçı hangi kanalda,Milli Takım Karşılaşmaları,Futbol,Milli,Milli,Global Elit,Erkek,Milli Takım,Takım Sporu,Global,Uluslararası,Türk Takımı Var,TV+ Var,Sürekli,Turnuva,Kanal/Yayın,İzleme,Takım,Jenerik,Türkçe,Body,tk_kanal
belçika canlı izle,Milli Takım Karşılaşmaları,Futbol,Milli,Milli,Global Elit,Erkek,Milli Takım,Takım Sporu,Global,Uluslararası,Türk Takımı Var,TV+ Var,Sürekli,Turnuva,Canlı İzle,İzleme,Takım,Jenerik,Türkçe,Body,tk_izle
belçika fikstür,Milli Takım Karşılaşmaları,Futbol,Milli,Milli,Global Elit,Erkek,Milli Takım,Takım Sporu,Global,Uluslararası,Türk Takımı Var,TV+ Var,Sürekli,Turnuva,Fikstür,Bilgi,Takım,Jenerik,Türkçe,Head,tk_fikstur
hırvatistan maçı,Milli Takım Karşılaşmaları,Futbol,Milli,Milli,Global Elit,Erkek,Milli Takım,Takım Sporu,Global,Uluslararası,Türk Takımı Var,TV+ Var,Sürekli,Turnuva,Takım Maç Sorgusu,Bilgi,Takım,Jenerik,Türkçe,Head,tk_mac
hırvatistan maçları,Milli Takım Karşılaşmaları,Futbol,Milli,Milli,Global Elit,Erkek,Milli Takım,Takım Sporu,Global,Uluslararası,Türk Takımı Var,TV+ Var,Sürekli,Turnuva,Takım Maç Sorgusu,Bilgi,Takım,Jenerik,Türkçe,Head,tk_maclar
hırvatistan maçı ne zaman,Milli Takım Karşılaşmaları,Futbol,Milli,Milli,Global Elit,Erkek,Milli Takım,Takım Sporu,Global,Uluslararası,Türk Takımı Var,TV+ Var,Sürekli,Turnuva,Takvim/Saat,Bilgi,Takım,Jenerik,Türkçe,Body,tk_nezaman
hırvatistan maçı hangi kanalda,Milli Takım Karşılaşmaları,Futbol,Milli,Milli,Global Elit,Erkek,Milli Takım,Takım Sporu,Global,Uluslararası,Türk Takımı Var,TV+ Var,Sürekli,Turnuva,Kanal/Yayın,İzleme,Takım,Jenerik,Türkçe,Body,tk_kanal
hırvatistan canlı izle,Milli Takım Karşılaşmaları,Futbol,Milli,Milli,Global Elit,Erkek,Milli Takım,Takım Sporu,Global,Uluslararası,Türk Takımı Var,TV+ Var,Sürekli,Turnuva,Canlı İzle,İzleme,Takım,Jenerik,Türkçe,Body,tk_izle
hırvatistan fikstür,Milli Takım Karşılaşmaları,Futbol,Milli,Milli,Global Elit,Erkek,Milli Takım,Takım Sporu,Global,Uluslararası,Türk Takımı Var,TV+ Var,Sürekli,Turnuva,Fikstür,Bilgi,Takım,Jenerik,Türkçe,Head,tk_fikstur
abd maçı,Milli Takım Karşılaşmaları,Futbol,Milli,Milli,Global Elit,Erkek,Milli Takım,Takım Sporu,Global,Uluslararası,Türk Takımı Var,TV+ Var,Sürekli,Turnuva,Takım Maç Sorgusu,Bilgi,Takım,Jenerik,Türkçe,Head,tk_mac
abd maçları,Milli Takım Karşılaşmaları,Futbol,Milli,Milli,Global Elit,Erkek,Milli Takım,Takım Sporu,Global,Uluslararası,Türk Takımı Var,TV+ Var,Sürekli,Turnuva,Takım Maç Sorgusu,Bilgi,Takım,Jenerik,Türkçe,Head,tk_maclar
abd maçı ne zaman,Milli Takım Karşılaşmaları,Futbol,Milli,Milli,Global Elit,Erkek,Milli Takım,Takım Sporu,Global,Uluslararası,Türk Takımı Var,TV+ Var,Sürekli,Turnuva,Takvim/Saat,Bilgi,Takım,Jenerik,Türkçe,Body,tk_nezaman
abd maçı hangi kanalda,Milli Takım Karşılaşmaları,Futbol,Milli,Milli,Global Elit,Erkek,Milli Takım,Takım Sporu,Global,Uluslararası,Türk Takımı Var,TV+ Var,Sürekli,Turnuva,Kanal/Yayın,İzleme,Takım,Jenerik,Türkçe,Body,tk_kanal
abd canlı izle,Milli Takım Karşılaşmaları,Futbol,Milli,Milli,Global Elit,Erkek,Milli Takım,Takım Sporu,Global,Uluslararası,Türk Takımı Var,TV+ Var,Sürekli,Turnuva,Canlı İzle,İzleme,Takım,Jenerik,Türkçe,Body,tk_izle
abd fikstür,Milli Takım Karşılaşmaları,Futbol,Milli,Milli,Global Elit,Erkek,Milli Takım,Takım Sporu,Global,Uluslararası,Türk Takımı Var,TV+ Var,Sürekli,Turnuva,Fikstür,Bilgi,Takım,Jenerik,Türkçe,Head,tk_fikstur
türkiye brezilya voleybol,Voleybol Milli Karşılaşmaları,Voleybol,Milli,Milli,Global Elit,Kadın,Milli Takım,Takım Sporu,Global,Uluslararası,Türk Takımı Var,TV+ Var,Sürekli,Turnuva,Rakip Eşleşmesi,Bilgi,Maç,Jenerik,Türkçe,Body,h2h_vol
türkiye brezilya voleybol maçı,Voleybol Milli Karşılaşmaları,Voleybol,Milli,Milli,Global Elit,Kadın,Milli Takım,Takım Sporu,Global,Uluslararası,Türk Takımı Var,TV+ Var,Sürekli,Turnuva,Rakip Eşleşmesi,Bilgi,Maç,Jenerik,Türkçe,Body,h2h_vol
türkiye brezilya voleybol maçı ne zaman,Voleybol Milli Karşılaşmaları,Voleybol,Milli,Milli,Global Elit,Kadın,Milli Takım,Takım Sporu,Global,Uluslararası,Türk Takımı Var,TV+ Var,Sürekli,Turnuva,Takvim/Saat,Bilgi,Maç,Jenerik,Türkçe,Long-tail,h2h_vol
türkiye brezilya voleybol canlı izle,Voleybol Milli Karşılaşmaları,Voleybol,Milli,Milli,Global Elit,Kadın,Milli Takım,Takım Sporu,Global,Uluslararası,Türk Takımı Var,TV+ Var,Sürekli,Turnuva,Canlı İzle,İzleme,Maç,Jenerik,Türkçe,Long-tail,h2h_vol
türkiye brezilya voleybol hangi kanalda,Voleybol Milli Karşılaşmaları,Voleybol,Milli,Milli,Global Elit,Kadın,Milli Takım,Takım Sporu,Global,Uluslararası,Türk Takımı Var,TV+ Var,Sürekli,Turnuva,Kanal/Yayın,İzleme,Maç,Jenerik,Türkçe,Long-tail,h2h_vol
türkiye italya voleybol,Voleybol Milli Karşılaşmaları,Voleybol,Milli,Milli,Global Elit,Kadın,Milli Takım,Takım Sporu,Global,Uluslararası,Türk Takımı Var,TV+ Var,Sürekli,Turnuva,Rakip Eşleşmesi,Bilgi,Maç,Jenerik,Türkçe,Body,h2h_vol
türkiye italya voleybol maçı,Voleybol Milli Karşılaşmaları,Voleybol,Milli,Milli,Global Elit,Kadın,Milli Takım,Takım Sporu,Global,Uluslararası,Türk Takımı Var,TV+ Var,Sürekli,Turnuva,Rakip Eşleşmesi,Bilgi,Maç,Jenerik,Türkçe,Body,h2h_vol
türkiye italya voleybol maçı ne zaman,Voleybol Milli Karşılaşmaları,Voleybol,Milli,Milli,Global Elit,Kadın,Milli Takım,Takım Sporu,Global,Uluslararası,Türk Takımı Var,TV+ Var,Sürekli,Turnuva,Takvim/Saat,Bilgi,Maç,Jenerik,Türkçe,Long-tail,h2h_vol
türkiye italya voleybol canlı izle,Voleybol Milli Karşılaşmaları,Voleybol,Milli,Milli,Global Elit,Kadın,Milli Takım,Takım Sporu,Global,Uluslararası,Türk Takımı Var,TV+ Var,Sürekli,Turnuva,Canlı İzle,İzleme,Maç,Jenerik,Türkçe,Long-tail,h2h_vol
türkiye italya voleybol hangi kanalda,Voleybol Milli Karşılaşmaları,Voleybol,Milli,Milli,Global Elit,Kadın,Milli Takım,Takım Sporu,Global,Uluslararası,Türk Takımı Var,TV+ Var,Sürekli,Turnuva,Kanal/Yayın,İzleme,Maç,Jenerik,Türkçe,Long-tail,h2h_vol
türkiye abd voleybol,Voleybol Milli Karşılaşmaları,Voleybol,Milli,Milli,Global Elit,Kadın,Milli Takım,Takım Sporu,Global,Uluslararası,Türk Takımı Var,TV+ Var,Sürekli,Turnuva,Rakip Eşleşmesi,Bilgi,Maç,Jenerik,Türkçe,Body,h2h_vol
türkiye abd voleybol maçı,Voleybol Milli Karşılaşmaları,Voleybol,Milli,Milli,Global Elit,Kadın,Milli Takım,Takım Sporu,Global,Uluslararası,Türk Takımı Var,TV+ Var,Sürekli,Turnuva,Rakip Eşleşmesi,Bilgi,Maç,Jenerik,Türkçe,Body,h2h_vol
türkiye abd voleybol maçı ne zaman,Voleybol Milli Karşılaşmaları,Voleybol,Milli,Milli,Global Elit,Kadın,Milli Takım,Takım Sporu,Global,Uluslararası,Türk Takımı Var,TV+ Var,Sürekli,Turnuva,Takvim/Saat,Bilgi,Maç,Jenerik,Türkçe,Long-tail,h2h_vol
türkiye abd voleybol canlı izle,Voleybol Milli Karşılaşmaları,Voleybol,Milli,Milli,Global Elit,Kadın,Milli Takım,Takım Sporu,Global,Uluslararası,Türk Takımı Var,TV+ Var,Sürekli,Turnuva,Canlı İzle,İzleme,Maç,Jenerik,Türkçe,Long-tail,h2h_vol
türkiye abd voleybol hangi kanalda,Voleybol Milli Karşılaşmaları,Voleybol,Milli,Milli,Global Elit,Kadın,Milli Takım,Takım Sporu,Global,Uluslararası,Türk Takımı Var,TV+ Var,Sürekli,Turnuva,Kanal/Yayın,İzleme,Maç,Jenerik,Türkçe,Long-tail,h2h_vol
türkiye sırbistan voleybol,Voleybol Milli Karşılaşmaları,Voleybol,Milli,Milli,Global Elit,Kadın,Milli Takım,Takım Sporu,Global,Uluslararası,Türk Takımı Var,TV+ Var,Sürekli,Turnuva,Rakip Eşleşmesi,Bilgi,Maç,Jenerik,Türkçe,Body,h2h_vol
türkiye sırbistan voleybol maçı,Voleybol Milli Karşılaşmaları,Voleybol,Milli,Milli,Global Elit,Kadın,Milli Takım,Takım Sporu,Global,Uluslararası,Türk Takımı Var,TV+ Var,Sürekli,Turnuva,Rakip Eşleşmesi,Bilgi,Maç,Jenerik,Türkçe,Body,h2h_vol
türkiye sırbistan voleybol maçı ne zaman,Voleybol Milli Karşılaşmaları,Voleybol,Milli,Milli,Global Elit,Kadın,Milli Takım,Takım Sporu,Global,Uluslararası,Türk Takımı Var,TV+ Var,Sürekli,Turnuva,Takvim/Saat,Bilgi,Maç,Jenerik,Türkçe,Long-tail,h2h_vol
türkiye sırbistan voleybol canlı izle,Voleybol Milli Karşılaşmaları,Voleybol,Milli,Milli,Global Elit,Kadın,Milli Takım,Takım Sporu,Global,Uluslararası,Türk Takımı Var,TV+ Var,Sürekli,Turnuva,Canlı İzle,İzleme,Maç,Jenerik,Türkçe,Long-tail,h2h_vol
türkiye sırbistan voleybol hangi kanalda,Voleybol Milli Karşılaşmaları,Voleybol,Milli,Milli,Global Elit,Kadın,Milli Takım,Takım Sporu,Global,Uluslararası,Türk Takımı Var,TV+ Var,Sürekli,Turnuva,Kanal/Yayın,İzleme,Maç,Jenerik,Türkçe,Long-tail,h2h_vol
türkiye polonya voleybol,Voleybol Milli Karşılaşmaları,Voleybol,Milli,Milli,Global Elit,Kadın,Milli Takım,Takım Sporu,Global,Uluslararası,Türk Takımı Var,TV+ Var,Sürekli,Turnuva,Rakip Eşleşmesi,Bilgi,Maç,Jenerik,Türkçe,Body,h2h_vol
türkiye polonya voleybol maçı,Voleybol Milli Karşılaşmaları,Voleybol,Milli,Milli,Global Elit,Kadın,Milli Takım,Takım Sporu,Global,Uluslararası,Türk Takımı Var,TV+ Var,Sürekli,Turnuva,Rakip Eşleşmesi,Bilgi,Maç,Jenerik,Türkçe,Body,h2h_vol
türkiye polonya voleybol maçı ne zaman,Voleybol Milli Karşılaşmaları,Voleybol,Milli,Milli,Global Elit,Kadın,Milli Takım,Takım Sporu,Global,Uluslararası,Türk Takımı Var,TV+ Var,Sürekli,Turnuva,Takvim/Saat,Bilgi,Maç,Jenerik,Türkçe,Long-tail,h2h_vol
türkiye polonya voleybol canlı izle,Voleybol Milli Karşılaşmaları,Voleybol,Milli,Milli,Global Elit,Kadın,Milli Takım,Takım Sporu,Global,Uluslararası,Türk Takımı Var,TV+ Var,Sürekli,Turnuva,Canlı İzle,İzleme,Maç,Jenerik,Türkçe,Long-tail,h2h_vol
türkiye polonya voleybol hangi kanalda,Voleybol Milli Karşılaşmaları,Voleybol,Milli,Milli,Global Elit,Kadın,Milli Takım,Takım Sporu,Global,Uluslararası,Türk Takımı Var,TV+ Var,Sürekli,Turnuva,Kanal/Yayın,İzleme,Maç,Jenerik,Türkçe,Long-tail,h2h_vol
türkiye çin voleybol,Voleybol Milli Karşılaşmaları,Voleybol,Milli,Milli,Global Elit,Kadın,Milli Takım,Takım Sporu,Global,Uluslararası,Türk Takımı Var,TV+ Var,Sürekli,Turnuva,Rakip Eşleşmesi,Bilgi,Maç,Jenerik,Türkçe,Body,h2h_vol
türkiye çin voleybol maçı,Voleybol Milli Karşılaşmaları,Voleybol,Milli,Milli,Global Elit,Kadın,Milli Takım,Takım Sporu,Global,Uluslararası,Türk Takımı Var,TV+ Var,Sürekli,Turnuva,Rakip Eşleşmesi,Bilgi,Maç,Jenerik,Türkçe,Body,h2h_vol
türkiye çin voleybol maçı ne zaman,Voleybol Milli Karşılaşmaları,Voleybol,Milli,Milli,Global Elit,Kadın,Milli Takım,Takım Sporu,Global,Uluslararası,Türk Takımı Var,TV+ Var,Sürekli,Turnuva,Takvim/Saat,Bilgi,Maç,Jenerik,Türkçe,Long-tail,h2h_vol
türkiye çin voleybol canlı izle,Voleybol Milli Karşılaşmaları,Voleybol,Milli,Milli,Global Elit,Kadın,Milli Takım,Takım Sporu,Global,Uluslararası,Türk Takımı Var,TV+ Var,Sürekli,Turnuva,Canlı İzle,İzleme,Maç,Jenerik,Türkçe,Long-tail,h2h_vol
türkiye çin voleybol hangi kanalda,Voleybol Milli Karşılaşmaları,Voleybol,Milli,Milli,Global Elit,Kadın,Milli Takım,Takım Sporu,Global,Uluslararası,Türk Takımı Var,TV+ Var,Sürekli,Turnuva,Kanal/Yayın,İzleme,Maç,Jenerik,Türkçe,Long-tail,h2h_vol
türkiye japonya voleybol,Voleybol Milli Karşılaşmaları,Voleybol,Milli,Milli,Global Elit,Kadın,Milli Takım,Takım Sporu,Global,Uluslararası,Türk Takımı Var,TV+ Var,Sürekli,Turnuva,Rakip Eşleşmesi,Bilgi,Maç,Jenerik,Türkçe,Body,h2h_vol
türkiye japonya voleybol maçı,Voleybol Milli Karşılaşmaları,Voleybol,Milli,Milli,Global Elit,Kadın,Milli Takım,Takım Sporu,Global,Uluslararası,Türk Takımı Var,TV+ Var,Sürekli,Turnuva,Rakip Eşleşmesi,Bilgi,Maç,Jenerik,Türkçe,Body,h2h_vol
türkiye japonya voleybol maçı ne zaman,Voleybol Milli Karşılaşmaları,Voleybol,Milli,Milli,Global Elit,Kadın,Milli Takım,Takım Sporu,Global,Uluslararası,Türk Takımı Var,TV+ Var,Sürekli,Turnuva,Takvim/Saat,Bilgi,Maç,Jenerik,Türkçe,Long-tail,h2h_vol
türkiye japonya voleybol canlı izle,Voleybol Milli Karşılaşmaları,Voleybol,Milli,Milli,Global Elit,Kadın,Milli Takım,Takım Sporu,Global,Uluslararası,Türk Takımı Var,TV+ Var,Sürekli,Turnuva,Canlı İzle,İzleme,Maç,Jenerik,Türkçe,Long-tail,h2h_vol
türkiye japonya voleybol hangi kanalda,Voleybol Milli Karşılaşmaları,Voleybol,Milli,Milli,Global Elit,Kadın,Milli Takım,Takım Sporu,Global,Uluslararası,Türk Takımı Var,TV+ Var,Sürekli,Turnuva,Kanal/Yayın,İzleme,Maç,Jenerik,Türkçe,Long-tail,h2h_vol
türkiye hollanda voleybol,Voleybol Milli Karşılaşmaları,Voleybol,Milli,Milli,Global Elit,Kadın,Milli Takım,Takım Sporu,Global,Uluslararası,Türk Takımı Var,TV+ Var,Sürekli,Turnuva,Rakip Eşleşmesi,Bilgi,Maç,Jenerik,Türkçe,Body,h2h_vol
türkiye hollanda voleybol maçı,Voleybol Milli Karşılaşmaları,Voleybol,Milli,Milli,Global Elit,Kadın,Milli Takım,Takım Sporu,Global,Uluslararası,Türk Takımı Var,TV+ Var,Sürekli,Turnuva,Rakip Eşleşmesi,Bilgi,Maç,Jenerik,Türkçe,Body,h2h_vol
türkiye hollanda voleybol maçı ne zaman,Voleybol Milli Karşılaşmaları,Voleybol,Milli,Milli,Global Elit,Kadın,Milli Takım,Takım Sporu,Global,Uluslararası,Türk Takımı Var,TV+ Var,Sürekli,Turnuva,Takvim/Saat,Bilgi,Maç,Jenerik,Türkçe,Long-tail,h2h_vol
türkiye hollanda voleybol canlı izle,Voleybol Milli Karşılaşmaları,Voleybol,Milli,Milli,Global Elit,Kadın,Milli Takım,Takım Sporu,Global,Uluslararası,Türk Takımı Var,TV+ Var,Sürekli,Turnuva,Canlı İzle,İzleme,Maç,Jenerik,Türkçe,Long-tail,h2h_vol
türkiye hollanda voleybol hangi kanalda,Voleybol Milli Karşılaşmaları,Voleybol,Milli,Milli,Global Elit,Kadın,Milli Takım,Takım Sporu,Global,Uluslararası,Türk Takımı Var,TV+ Var,Sürekli,Turnuva,Kanal/Yayın,İzleme,Maç,Jenerik,Türkçe,Long-tail,h2h_vol
polonya ekstraklasa,Polonya Ekstraklasa,Futbol,Lig,1. Seviye,Orta,Erkek,Kulüp,Takım Sporu,Polonya,Yabancı,Yok,TV+ Yok,Yıllık,Sürekli Lig,Jenerik,Bilgi,Lig/Organizasyon,Jenerik,İngilizce,Head,jen
polonya ekstraklasa puan durumu,Polonya Ekstraklasa,Futbol,Lig,1. Seviye,Orta,Erkek,Kulüp,Takım Sporu,Polonya,Yabancı,Yok,TV+ Yok,Yıllık,Sürekli Lig,Puan Durumu,Bilgi,Lig/Organizasyon,Jenerik,İngilizce,Body,pd
polonya ekstraklasa fikstür,Polonya Ekstraklasa,Futbol,Lig,1. Seviye,Orta,Erkek,Kulüp,Takım Sporu,Polonya,Yabancı,Yok,TV+ Yok,Yıllık,Sürekli Lig,Fikstür,Bilgi,Lig/Organizasyon,Jenerik,Türkçe,Body,fik
polonya ekstraklasa maçları,Polonya Ekstraklasa,Futbol,Lig,1. Seviye,Orta,Erkek,Kulüp,Takım Sporu,Polonya,Yabancı,Yok,TV+ Yok,Yıllık,Sürekli Lig,Takım Maç Sorgusu,Bilgi,Lig/Organizasyon,Jenerik,Türkçe,Body,maclar
belçika pro lig,Belçika Pro Lig,Futbol,Lig,1. Seviye,Niş,Erkek,Kulüp,Takım Sporu,Belçika,Yabancı,Yok,TV+ Yok,Yıllık,Sürekli Lig,Jenerik,Bilgi,Lig/Organizasyon,Jenerik,Türkçe,Body,jen
belçika pro lig puan durumu,Belçika Pro Lig,Futbol,Lig,1. Seviye,Niş,Erkek,Kulüp,Takım Sporu,Belçika,Yabancı,Yok,TV+ Yok,Yıllık,Sürekli Lig,Puan Durumu,Bilgi,Lig/Organizasyon,Jenerik,Türkçe,Long-tail,pd
belçika pro lig fikstür,Belçika Pro Lig,Futbol,Lig,1. Seviye,Niş,Erkek,Kulüp,Takım Sporu,Belçika,Yabancı,Yok,TV+ Yok,Yıllık,Sürekli Lig,Fikstür,Bilgi,Lig/Organizasyon,Jenerik,Türkçe,Body,fik
belçika pro lig maçları,Belçika Pro Lig,Futbol,Lig,1. Seviye,Niş,Erkek,Kulüp,Takım Sporu,Belçika,Yabancı,Yok,TV+ Yok,Yıllık,Sürekli Lig,Takım Maç Sorgusu,Bilgi,Lig/Organizasyon,Jenerik,Türkçe,Body,maclar
i̇skoçya premiership,İskoçya Premiership,Futbol,Lig,1. Seviye,Niş,Erkek,Kulüp,Takım Sporu,İskoçya,Yabancı,Yok,TV+ Yok,Yıllık,Sürekli Lig,Jenerik,Bilgi,Lig/Organizasyon,Jenerik,Türkçe,Head,jen
i̇skoçya premiership puan durumu,İskoçya Premiership,Futbol,Lig,1. Seviye,Niş,Erkek,Kulüp,Takım Sporu,İskoçya,Yabancı,Yok,TV+ Yok,Yıllık,Sürekli Lig,Puan Durumu,Bilgi,Lig/Organizasyon,Jenerik,Türkçe,Body,pd
i̇skoçya premiership fikstür,İskoçya Premiership,Futbol,Lig,1. Seviye,Niş,Erkek,Kulüp,Takım Sporu,İskoçya,Yabancı,Yok,TV+ Yok,Yıllık,Sürekli Lig,Fikstür,Bilgi,Lig/Organizasyon,Jenerik,Türkçe,Body,fik
i̇skoçya premiership maçları,İskoçya Premiership,Futbol,Lig,1. Seviye,Niş,Erkek,Kulüp,Takım Sporu,İskoçya,Yabancı,Yok,TV+ Yok,Yıllık,Sürekli Lig,Takım Maç Sorgusu,Bilgi,Lig/Organizasyon,Jenerik,Türkçe,Body,maclar
avusturya bundesliga,Avusturya Bundesliga,Futbol,Lig,1. Seviye,Niş,Erkek,Kulüp,Takım Sporu,Avusturya,Yabancı,Yok,TV+ Yok,Yıllık,Sürekli Lig,Jenerik,Bilgi,Lig/Organizasyon,Jenerik,İngilizce,Head,jen
avusturya bundesliga puan durumu,Avusturya Bundesliga,Futbol,Lig,1. Seviye,Niş,Erkek,Kulüp,Takım Sporu,Avusturya,Yabancı,Yok,TV+ Yok,Yıllık,Sürekli Lig,Puan Durumu,Bilgi,Lig/Organizasyon,Jenerik,İngilizce,Body,pd
avusturya bundesliga fikstür,Avusturya Bundesliga,Futbol,Lig,1. Seviye,Niş,Erkek,Kulüp,Takım Sporu,Avusturya,Yabancı,Yok,TV+ Yok,Yıllık,Sürekli Lig,Fikstür,Bilgi,Lig/Organizasyon,Jenerik,Türkçe,Body,fik
avusturya bundesliga maçları,Avusturya Bundesliga,Futbol,Lig,1. Seviye,Niş,Erkek,Kulüp,Takım Sporu,Avusturya,Yabancı,Yok,TV+ Yok,Yıllık,Sürekli Lig,Takım Maç Sorgusu,Bilgi,Lig/Organizasyon,Jenerik,Türkçe,Body,maclar
i̇sviçre süper lig,İsviçre Süper Lig,Futbol,Lig,1. Seviye,Niş,Erkek,Kulüp,Takım Sporu,İsviçre,Yabancı,Yok,TV+ Yok,Yıllık,Sürekli Lig,Jenerik,Bilgi,Lig/Organizasyon,Jenerik,Türkçe,Body,jen
i̇sviçre süper lig puan durumu,İsviçre Süper Lig,Futbol,Lig,1. Seviye,Niş,Erkek,Kulüp,Takım Sporu,İsviçre,Yabancı,Yok,TV+ Yok,Yıllık,Sürekli Lig,Puan Durumu,Bilgi,Lig/Organizasyon,Jenerik,Türkçe,Long-tail,pd
i̇sviçre süper lig fikstür,İsviçre Süper Lig,Futbol,Lig,1. Seviye,Niş,Erkek,Kulüp,Takım Sporu,İsviçre,Yabancı,Yok,TV+ Yok,Yıllık,Sürekli Lig,Fikstür,Bilgi,Lig/Organizasyon,Jenerik,Türkçe,Body,fik
i̇sviçre süper lig maçları,İsviçre Süper Lig,Futbol,Lig,1. Seviye,Niş,Erkek,Kulüp,Takım Sporu,İsviçre,Yabancı,Yok,TV+ Yok,Yıllık,Sürekli Lig,Takım Maç Sorgusu,Bilgi,Lig/Organizasyon,Jenerik,Türkçe,Body,maclar
danimarka süper lig,Danimarka Süper Lig,Futbol,Lig,1. Seviye,Niş,Erkek,Kulüp,Takım Sporu,Danimarka,Yabancı,Yok,TV+ Yok,Yıllık,Sürekli Lig,Jenerik,Bilgi,Lig/Organizasyon,Jenerik,Türkçe,Body,jen
danimarka süper lig puan durumu,Danimarka Süper Lig,Futbol,Lig,1. Seviye,Niş,Erkek,Kulüp,Takım Sporu,Danimarka,Yabancı,Yok,TV+ Yok,Yıllık,Sürekli Lig,Puan Durumu,Bilgi,Lig/Organizasyon,Jenerik,Türkçe,Long-tail,pd
danimarka süper lig fikstür,Danimarka Süper Lig,Futbol,Lig,1. Seviye,Niş,Erkek,Kulüp,Takım Sporu,Danimarka,Yabancı,Yok,TV+ Yok,Yıllık,Sürekli Lig,Fikstür,Bilgi,Lig/Organizasyon,Jenerik,Türkçe,Body,fik
danimarka süper lig maçları,Danimarka Süper Lig,Futbol,Lig,1. Seviye,Niş,Erkek,Kulüp,Takım Sporu,Danimarka,Yabancı,Yok,TV+ Yok,Yıllık,Sürekli Lig,Takım Maç Sorgusu,Bilgi,Lig/Organizasyon,Jenerik,Türkçe,Body,maclar
i̇sveç allsvenskan,İsveç Allsvenskan,Futbol,Lig,1. Seviye,Niş,Erkek,Kulüp,Takım Sporu,İsveç,Yabancı,Yok,TV+ Yok,Yıllık,Sürekli Lig,Jenerik,Bilgi,Lig/Organizasyon,Jenerik,Türkçe,Head,jen
i̇sveç allsvenskan puan durumu,İsveç Allsvenskan,Futbol,Lig,1. Seviye,Niş,Erkek,Kulüp,Takım Sporu,İsveç,Yabancı,Yok,TV+ Yok,Yıllık,Sürekli Lig,Puan Durumu,Bilgi,Lig/Organizasyon,Jenerik,Türkçe,Body,pd
i̇sveç allsvenskan fikstür,İsveç Allsvenskan,Futbol,Lig,1. Seviye,Niş,Erkek,Kulüp,Takım Sporu,İsveç,Yabancı,Yok,TV+ Yok,Yıllık,Sürekli Lig,Fikstür,Bilgi,Lig/Organizasyon,Jenerik,Türkçe,Body,fik
i̇sveç allsvenskan maçları,İsveç Allsvenskan,Futbol,Lig,1. Seviye,Niş,Erkek,Kulüp,Takım Sporu,İsveç,Yabancı,Yok,TV+ Yok,Yıllık,Sürekli Lig,Takım Maç Sorgusu,Bilgi,Lig/Organizasyon,Jenerik,Türkçe,Body,maclar
norveç eliteserien,Norveç Eliteserien,Futbol,Lig,1. Seviye,Niş,Erkek,Kulüp,Takım Sporu,Norveç,Yabancı,Yok,TV+ Yok,Yıllık,Sürekli Lig,Jenerik,Bilgi,Lig/Organizasyon,Jenerik,Türkçe,Head,jen
norveç eliteserien puan durumu,Norveç Eliteserien,Futbol,Lig,1. Seviye,Niş,Erkek,Kulüp,Takım Sporu,Norveç,Yabancı,Yok,TV+ Yok,Yıllık,Sürekli Lig,Puan Durumu,Bilgi,Lig/Organizasyon,Jenerik,Türkçe,Body,pd
norveç eliteserien fikstür,Norveç Eliteserien,Futbol,Lig,1. Seviye,Niş,Erkek,Kulüp,Takım Sporu,Norveç,Yabancı,Yok,TV+ Yok,Yıllık,Sürekli Lig,Fikstür,Bilgi,Lig/Organizasyon,Jenerik,Türkçe,Body,fik
norveç eliteserien maçları,Norveç Eliteserien,Futbol,Lig,1. Seviye,Niş,Erkek,Kulüp,Takım Sporu,Norveç,Yabancı,Yok,TV+ Yok,Yıllık,Sürekli Lig,Takım Maç Sorgusu,Bilgi,Lig/Organizasyon,Jenerik,Türkçe,Body,maclar
çek ligi,Çek Ligi,Futbol,Lig,1. Seviye,Niş,Erkek,Kulüp,Takım Sporu,Çekya,Yabancı,Yok,TV+ Yok,Yıllık,Sürekli Lig,Jenerik,Bilgi,Lig/Organizasyon,Jenerik,Türkçe,Head,jen
çek ligi puan durumu,Çek Ligi,Futbol,Lig,1. Seviye,Niş,Erkek,Kulüp,Takım Sporu,Çekya,Yabancı,Yok,TV+ Yok,Yıllık,Sürekli Lig,Puan Durumu,Bilgi,Lig/Organizasyon,Jenerik,Türkçe,Body,pd
çek ligi fikstür,Çek Ligi,Futbol,Lig,1. Seviye,Niş,Erkek,Kulüp,Takım Sporu,Çekya,Yabancı,Yok,TV+ Yok,Yıllık,Sürekli Lig,Fikstür,Bilgi,Lig/Organizasyon,Jenerik,Türkçe,Body,fik
çek ligi maçları,Çek Ligi,Futbol,Lig,1. Seviye,Niş,Erkek,Kulüp,Takım Sporu,Çekya,Yabancı,Yok,TV+ Yok,Yıllık,Sürekli Lig,Takım Maç Sorgusu,Bilgi,Lig/Organizasyon,Jenerik,Türkçe,Body,maclar
hırvatistan ligi,Hırvatistan Ligi,Futbol,Lig,1. Seviye,Niş,Erkek,Kulüp,Takım Sporu,Hırvatistan,Yabancı,Yok,TV+ Yok,Yıllık,Sürekli Lig,Jenerik,Bilgi,Lig/Organizasyon,Jenerik,Türkçe,Head,jen
hırvatistan ligi puan durumu,Hırvatistan Ligi,Futbol,Lig,1. Seviye,Niş,Erkek,Kulüp,Takım Sporu,Hırvatistan,Yabancı,Yok,TV+ Yok,Yıllık,Sürekli Lig,Puan Durumu,Bilgi,Lig/Organizasyon,Jenerik,Türkçe,Body,pd
hırvatistan ligi fikstür,Hırvatistan Ligi,Futbol,Lig,1. Seviye,Niş,Erkek,Kulüp,Takım Sporu,Hırvatistan,Yabancı,Yok,TV+ Yok,Yıllık,Sürekli Lig,Fikstür,Bilgi,Lig/Organizasyon,Jenerik,Türkçe,Body,fik
hırvatistan ligi maçları,Hırvatistan Ligi,Futbol,Lig,1. Seviye,Niş,Erkek,Kulüp,Takım Sporu,Hırvatistan,Yabancı,Yok,TV+ Yok,Yıllık,Sürekli Lig,Takım Maç Sorgusu,Bilgi,Lig/Organizasyon,Jenerik,Türkçe,Body,maclar
sırbistan süper ligi,Sırbistan Süper Ligi,Futbol,Lig,1. Seviye,Niş,Erkek,Kulüp,Takım Sporu,Sırbistan,Yabancı,Yok,TV+ Yok,Yıllık,Sürekli Lig,Jenerik,Bilgi,Lig/Organizasyon,Jenerik,Türkçe,Body,jen
sırbistan süper ligi puan durumu,Sırbistan Süper Ligi,Futbol,Lig,1. Seviye,Niş,Erkek,Kulüp,Takım Sporu,Sırbistan,Yabancı,Yok,TV+ Yok,Yıllık,Sürekli Lig,Puan Durumu,Bilgi,Lig/Organizasyon,Jenerik,Türkçe,Long-tail,pd
sırbistan süper ligi fikstür,Sırbistan Süper Ligi,Futbol,Lig,1. Seviye,Niş,Erkek,Kulüp,Takım Sporu,Sırbistan,Yabancı,Yok,TV+ Yok,Yıllık,Sürekli Lig,Fikstür,Bilgi,Lig/Organizasyon,Jenerik,Türkçe,Body,fik
sırbistan süper ligi maçları,Sırbistan Süper Ligi,Futbol,Lig,1. Seviye,Niş,Erkek,Kulüp,Takım Sporu,Sırbistan,Yabancı,Yok,TV+ Yok,Yıllık,Sürekli Lig,Takım Maç Sorgusu,Bilgi,Lig/Organizasyon,Jenerik,Türkçe,Body,maclar
ukrayna premier ligi,Ukrayna Premier Ligi,Futbol,Lig,1. Seviye,Niş,Erkek,Kulüp,Takım Sporu,Ukrayna,Yabancı,Yok,TV+ Yok,Yıllık,Sürekli Lig,Jenerik,Bilgi,Lig/Organizasyon,Jenerik,İngilizce,Body,jen
ukrayna premier ligi puan durumu,Ukrayna Premier Ligi,Futbol,Lig,1. Seviye,Niş,Erkek,Kulüp,Takım Sporu,Ukrayna,Yabancı,Yok,TV+ Yok,Yıllık,Sürekli Lig,Puan Durumu,Bilgi,Lig/Organizasyon,Jenerik,İngilizce,Long-tail,pd
ukrayna premier ligi fikstür,Ukrayna Premier Ligi,Futbol,Lig,1. Seviye,Niş,Erkek,Kulüp,Takım Sporu,Ukrayna,Yabancı,Yok,TV+ Yok,Yıllık,Sürekli Lig,Fikstür,Bilgi,Lig/Organizasyon,Jenerik,Türkçe,Body,fik
ukrayna premier ligi maçları,Ukrayna Premier Ligi,Futbol,Lig,1. Seviye,Niş,Erkek,Kulüp,Takım Sporu,Ukrayna,Yabancı,Yok,TV+ Yok,Yıllık,Sürekli Lig,Takım Maç Sorgusu,Bilgi,Lig/Organizasyon,Jenerik,Türkçe,Body,maclar
romanya ligi,Romanya Ligi,Futbol,Lig,1. Seviye,Niş,Erkek,Kulüp,Takım Sporu,Romanya,Yabancı,Yok,TV+ Yok,Yıllık,Sürekli Lig,Jenerik,Bilgi,Lig/Organizasyon,Jenerik,İngilizce,Head,jen
romanya ligi puan durumu,Romanya Ligi,Futbol,Lig,1. Seviye,Niş,Erkek,Kulüp,Takım Sporu,Romanya,Yabancı,Yok,TV+ Yok,Yıllık,Sürekli Lig,Puan Durumu,Bilgi,Lig/Organizasyon,Jenerik,İngilizce,Body,pd
romanya ligi fikstür,Romanya Ligi,Futbol,Lig,1. Seviye,Niş,Erkek,Kulüp,Takım Sporu,Romanya,Yabancı,Yok,TV+ Yok,Yıllık,Sürekli Lig,Fikstür,Bilgi,Lig/Organizasyon,Jenerik,Türkçe,Body,fik
romanya ligi maçları,Romanya Ligi,Futbol,Lig,1. Seviye,Niş,Erkek,Kulüp,Takım Sporu,Romanya,Yabancı,Yok,TV+ Yok,Yıllık,Sürekli Lig,Takım Maç Sorgusu,Bilgi,Lig/Organizasyon,Jenerik,Türkçe,Body,maclar
bulgaristan ligi,Bulgaristan Ligi,Futbol,Lig,1. Seviye,Niş,Erkek,Kulüp,Takım Sporu,Bulgaristan,Yabancı,Yok,TV+ Yok,Yıllık,Sürekli Lig,Jenerik,Bilgi,Lig/Organizasyon,Jenerik,İngilizce,Head,jen
bulgaristan ligi puan durumu,Bulgaristan Ligi,Futbol,Lig,1. Seviye,Niş,Erkek,Kulüp,Takım Sporu,Bulgaristan,Yabancı,Yok,TV+ Yok,Yıllık,Sürekli Lig,Puan Durumu,Bilgi,Lig/Organizasyon,Jenerik,İngilizce,Body,pd
bulgaristan ligi fikstür,Bulgaristan Ligi,Futbol,Lig,1. Seviye,Niş,Erkek,Kulüp,Takım Sporu,Bulgaristan,Yabancı,Yok,TV+ Yok,Yıllık,Sürekli Lig,Fikstür,Bilgi,Lig/Organizasyon,Jenerik,Türkçe,Body,fik
bulgaristan ligi maçları,Bulgaristan Ligi,Futbol,Lig,1. Seviye,Niş,Erkek,Kulüp,Takım Sporu,Bulgaristan,Yabancı,Yok,TV+ Yok,Yıllık,Sürekli Lig,Takım Maç Sorgusu,Bilgi,Lig/Organizasyon,Jenerik,Türkçe,Body,maclar
i̇srail ligi,İsrail Ligi,Futbol,Lig,1. Seviye,Niş,Erkek,Kulüp,Takım Sporu,İsrail,Yabancı,Yok,TV+ Yok,Yıllık,Sürekli Lig,Jenerik,Bilgi,Lig/Organizasyon,Jenerik,Türkçe,Head,jen
i̇srail ligi puan durumu,İsrail Ligi,Futbol,Lig,1. Seviye,Niş,Erkek,Kulüp,Takım Sporu,İsrail,Yabancı,Yok,TV+ Yok,Yıllık,Sürekli Lig,Puan Durumu,Bilgi,Lig/Organizasyon,Jenerik,Türkçe,Body,pd
i̇srail ligi fikstür,İsrail Ligi,Futbol,Lig,1. Seviye,Niş,Erkek,Kulüp,Takım Sporu,İsrail,Yabancı,Yok,TV+ Yok,Yıllık,Sürekli Lig,Fikstür,Bilgi,Lig/Organizasyon,Jenerik,Türkçe,Body,fik
i̇srail ligi maçları,İsrail Ligi,Futbol,Lig,1. Seviye,Niş,Erkek,Kulüp,Takım Sporu,İsrail,Yabancı,Yok,TV+ Yok,Yıllık,Sürekli Lig,Takım Maç Sorgusu,Bilgi,Lig/Organizasyon,Jenerik,Türkçe,Body,maclar
mısır ligi,Mısır Ligi,Futbol,Lig,1. Seviye,Niş,Erkek,Kulüp,Takım Sporu,Mısır,Yabancı,Yok,TV+ Yok,Yıllık,Sürekli Lig,Jenerik,Bilgi,Lig/Organizasyon,Jenerik,Türkçe,Head,jen
mısır ligi puan durumu,Mısır Ligi,Futbol,Lig,1. Seviye,Niş,Erkek,Kulüp,Takım Sporu,Mısır,Yabancı,Yok,TV+ Yok,Yıllık,Sürekli Lig,Puan Durumu,Bilgi,Lig/Organizasyon,Jenerik,Türkçe,Body,pd
mısır ligi fikstür,Mısır Ligi,Futbol,Lig,1. Seviye,Niş,Erkek,Kulüp,Takım Sporu,Mısır,Yabancı,Yok,TV+ Yok,Yıllık,Sürekli Lig,Fikstür,Bilgi,Lig/Organizasyon,Jenerik,Türkçe,Body,fik
mısır ligi maçları,Mısır Ligi,Futbol,Lig,1. Seviye,Niş,Erkek,Kulüp,Takım Sporu,Mısır,Yabancı,Yok,TV+ Yok,Yıllık,Sürekli Lig,Takım Maç Sorgusu,Bilgi,Lig/Organizasyon,Jenerik,Türkçe,Body,maclar
azerbaycan premyer liqası,Azerbaycan Premyer Liqası,Futbol,Lig,1. Seviye,Niş,Erkek,Kulüp,Takım Sporu,Azerbaycan,Yabancı,Yok,TV+ Yok,Yıllık,Sürekli Lig,Jenerik,Bilgi,Lig/Organizasyon,Jenerik,Türkçe,Body,jen
azerbaycan premyer liqası puan durumu,Azerbaycan Premyer Liqası,Futbol,Lig,1. Seviye,Niş,Erkek,Kulüp,Takım Sporu,Azerbaycan,Yabancı,Yok,TV+ Yok,Yıllık,Sürekli Lig,Puan Durumu,Bilgi,Lig/Organizasyon,Jenerik,Türkçe,Long-tail,pd
azerbaycan premyer liqası fikstür,Azerbaycan Premyer Liqası,Futbol,Lig,1. Seviye,Niş,Erkek,Kulüp,Takım Sporu,Azerbaycan,Yabancı,Yok,TV+ Yok,Yıllık,Sürekli Lig,Fikstür,Bilgi,Lig/Organizasyon,Jenerik,Türkçe,Body,fik
azerbaycan premyer liqası maçları,Azerbaycan Premyer Liqası,Futbol,Lig,1. Seviye,Niş,Erkek,Kulüp,Takım Sporu,Azerbaycan,Yabancı,Yok,TV+ Yok,Yıllık,Sürekli Lig,Takım Maç Sorgusu,Bilgi,Lig/Organizasyon,Jenerik,Türkçe,Body,maclar
championship,Championship,Futbol,Lig,2. Seviye,Niş,Erkek,Kulüp,Takım Sporu,İngiltere,Yabancı,Yok,TV+ Yok,Yıllık,Sürekli Lig,Jenerik,Bilgi,Lig/Organizasyon,Jenerik,İngilizce,Head,jen
championship puan durumu,Championship,Futbol,Lig,2. Seviye,Niş,Erkek,Kulüp,Takım Sporu,İngiltere,Yabancı,Yok,TV+ Yok,Yıllık,Sürekli Lig,Puan Durumu,Bilgi,Lig/Organizasyon,Jenerik,İngilizce,Body,pd
championship fikstür,Championship,Futbol,Lig,2. Seviye,Niş,Erkek,Kulüp,Takım Sporu,İngiltere,Yabancı,Yok,TV+ Yok,Yıllık,Sürekli Lig,Fikstür,Bilgi,Lig/Organizasyon,Jenerik,Türkçe,Head,fik
championship maçları,Championship,Futbol,Lig,2. Seviye,Niş,Erkek,Kulüp,Takım Sporu,İngiltere,Yabancı,Yok,TV+ Yok,Yıllık,Sürekli Lig,Takım Maç Sorgusu,Bilgi,Lig/Organizasyon,Jenerik,Türkçe,Head,maclar
serie b,Serie B,Futbol,Lig,2. Seviye,Niş,Erkek,Kulüp,Takım Sporu,İtalya,Yabancı,Yok,TV+ Yok,Yıllık,Sürekli Lig,Jenerik,Bilgi,Lig/Organizasyon,Jenerik,İngilizce,Head,jen
serie b puan durumu,Serie B,Futbol,Lig,2. Seviye,Niş,Erkek,Kulüp,Takım Sporu,İtalya,Yabancı,Yok,TV+ Yok,Yıllık,Sürekli Lig,Puan Durumu,Bilgi,Lig/Organizasyon,Jenerik,İngilizce,Body,pd
serie b fikstür,Serie B,Futbol,Lig,2. Seviye,Niş,Erkek,Kulüp,Takım Sporu,İtalya,Yabancı,Yok,TV+ Yok,Yıllık,Sürekli Lig,Fikstür,Bilgi,Lig/Organizasyon,Jenerik,Türkçe,Body,fik
serie b maçları,Serie B,Futbol,Lig,2. Seviye,Niş,Erkek,Kulüp,Takım Sporu,İtalya,Yabancı,Yok,TV+ Yok,Yıllık,Sürekli Lig,Takım Maç Sorgusu,Bilgi,Lig/Organizasyon,Jenerik,Türkçe,Body,maclar
la liga 2,La Liga 2,Futbol,Lig,2. Seviye,Niş,Erkek,Kulüp,Takım Sporu,İspanya,Yabancı,Yok,TV+ Yok,Yıllık,Sürekli Lig,Jenerik,Bilgi,Lig/Organizasyon,Jenerik,İngilizce,Body,jen
la liga 2 puan durumu,La Liga 2,Futbol,Lig,2. Seviye,Niş,Erkek,Kulüp,Takım Sporu,İspanya,Yabancı,Yok,TV+ Yok,Yıllık,Sürekli Lig,Puan Durumu,Bilgi,Lig/Organizasyon,Jenerik,İngilizce,Long-tail,pd
la liga 2 fikstür,La Liga 2,Futbol,Lig,2. Seviye,Niş,Erkek,Kulüp,Takım Sporu,İspanya,Yabancı,Yok,TV+ Yok,Yıllık,Sürekli Lig,Fikstür,Bilgi,Lig/Organizasyon,Jenerik,Türkçe,Body,fik
la liga 2 maçları,La Liga 2,Futbol,Lig,2. Seviye,Niş,Erkek,Kulüp,Takım Sporu,İspanya,Yabancı,Yok,TV+ Yok,Yıllık,Sürekli Lig,Takım Maç Sorgusu,Bilgi,Lig/Organizasyon,Jenerik,Türkçe,Body,maclar
2. bundesliga,2. Bundesliga,Futbol,Lig,2. Seviye,Niş,Erkek,Kulüp,Takım Sporu,Almanya,Yabancı,Yok,TV+ Yok,Yıllık,Sürekli Lig,Jenerik,Bilgi,Lig/Organizasyon,Jenerik,İngilizce,Head,jen
2. bundesliga puan durumu,2. Bundesliga,Futbol,Lig,2. Seviye,Niş,Erkek,Kulüp,Takım Sporu,Almanya,Yabancı,Yok,TV+ Yok,Yıllık,Sürekli Lig,Puan Durumu,Bilgi,Lig/Organizasyon,Jenerik,İngilizce,Body,pd
2. bundesliga fikstür,2. Bundesliga,Futbol,Lig,2. Seviye,Niş,Erkek,Kulüp,Takım Sporu,Almanya,Yabancı,Yok,TV+ Yok,Yıllık,Sürekli Lig,Fikstür,Bilgi,Lig/Organizasyon,Jenerik,Türkçe,Body,fik
2. bundesliga maçları,2. Bundesliga,Futbol,Lig,2. Seviye,Niş,Erkek,Kulüp,Takım Sporu,Almanya,Yabancı,Yok,TV+ Yok,Yıllık,Sürekli Lig,Takım Maç Sorgusu,Bilgi,Lig/Organizasyon,Jenerik,Türkçe,Body,maclar
olimpiyat,Yaz Olimpiyatları,Diğer,Dünya Turnuvası,Milli,Orta,Karma,Milli Takım,Bireysel Spor,Global,Uluslararası,Türk Sporcu Var,Doğrulanacak,4 Yılda Bir,Turnuva,Jenerik,Bilgi,Etkinlik,Jenerik,İngilizce,Head,jen
olimpiyat ne zaman,Yaz Olimpiyatları,Diğer,Dünya Turnuvası,Milli,Orta,Karma,Milli Takım,Bireysel Spor,Global,Uluslararası,Türk Sporcu Var,Doğrulanacak,4 Yılda Bir,Turnuva,Takvim/Saat,Bilgi,Etkinlik,Jenerik,İngilizce,Body,nezaman
olimpiyat takvim,Yaz Olimpiyatları,Diğer,Dünya Turnuvası,Milli,Orta,Karma,Milli Takım,Bireysel Spor,Global,Uluslararası,Türk Sporcu Var,Doğrulanacak,4 Yılda Bir,Turnuva,Takvim/Saat,Bilgi,Etkinlik,Jenerik,İngilizce,Head,takvim
olimpiyat canlı izle,Yaz Olimpiyatları,Diğer,Dünya Turnuvası,Milli,Orta,Karma,Milli Takım,Bireysel Spor,Global,Uluslararası,Türk Sporcu Var,Doğrulanacak,4 Yılda Bir,Turnuva,Canlı İzle,İzleme,Etkinlik,Jenerik,Türkçe,Body,izle
olimpiyat hangi kanalda,Yaz Olimpiyatları,Diğer,Dünya Turnuvası,Milli,Orta,Karma,Milli Takım,Bireysel Spor,Global,Uluslararası,Türk Sporcu Var,Doğrulanacak,4 Yılda Bir,Turnuva,Kanal/Yayın,İzleme,Etkinlik,Jenerik,İngilizce,Body,kanal
olimpiyat puan durumu,Yaz Olimpiyatları,Diğer,Dünya Turnuvası,Milli,Orta,Karma,Milli Takım,Bireysel Spor,Global,Uluslararası,Türk Sporcu Var,Doğrulanacak,4 Yılda Bir,Turnuva,Puan Durumu,Bilgi,Etkinlik,Jenerik,İngilizce,Body,pd
olimpiyat fikstür,Yaz Olimpiyatları,Diğer,Dünya Turnuvası,Milli,Orta,Karma,Milli Takım,Bireysel Spor,Global,Uluslararası,Türk Sporcu Var,Doğrulanacak,4 Yılda Bir,Turnuva,Fikstür,Bilgi,Etkinlik,Jenerik,Türkçe,Head,fik
olimpiyat oyunları,Yaz Olimpiyatları,Diğer,Dünya Turnuvası,Milli,Orta,Karma,Milli Takım,Bireysel Spor,Global,Uluslararası,Türk Sporcu Var,Doğrulanacak,4 Yılda Bir,Turnuva,Jenerik,Bilgi,Etkinlik,Jenerik,Türkçe,Head,jen
olimpiyat oyunları ne zaman,Yaz Olimpiyatları,Diğer,Dünya Turnuvası,Milli,Orta,Karma,Milli Takım,Bireysel Spor,Global,Uluslararası,Türk Sporcu Var,Doğrulanacak,4 Yılda Bir,Turnuva,Takvim/Saat,Bilgi,Etkinlik,Jenerik,Türkçe,Body,nezaman
olimpiyat oyunları takvim,Yaz Olimpiyatları,Diğer,Dünya Turnuvası,Milli,Orta,Karma,Milli Takım,Bireysel Spor,Global,Uluslararası,Türk Sporcu Var,Doğrulanacak,4 Yılda Bir,Turnuva,Takvim/Saat,Bilgi,Etkinlik,Jenerik,Türkçe,Body,takvim
olimpiyat oyunları canlı izle,Yaz Olimpiyatları,Diğer,Dünya Turnuvası,Milli,Orta,Karma,Milli Takım,Bireysel Spor,Global,Uluslararası,Türk Sporcu Var,Doğrulanacak,4 Yılda Bir,Turnuva,Canlı İzle,İzleme,Etkinlik,Jenerik,Türkçe,Body,izle
olimpiyat oyunları hangi kanalda,Yaz Olimpiyatları,Diğer,Dünya Turnuvası,Milli,Orta,Karma,Milli Takım,Bireysel Spor,Global,Uluslararası,Türk Sporcu Var,Doğrulanacak,4 Yılda Bir,Turnuva,Kanal/Yayın,İzleme,Etkinlik,Jenerik,Türkçe,Body,kanal
olimpiyat oyunları puan durumu,Yaz Olimpiyatları,Diğer,Dünya Turnuvası,Milli,Orta,Karma,Milli Takım,Bireysel Spor,Global,Uluslararası,Türk Sporcu Var,Doğrulanacak,4 Yılda Bir,Turnuva,Puan Durumu,Bilgi,Etkinlik,Jenerik,Türkçe,Body,pd
olimpiyat oyunları fikstür,Yaz Olimpiyatları,Diğer,Dünya Turnuvası,Milli,Orta,Karma,Milli Takım,Bireysel Spor,Global,Uluslararası,Türk Sporcu Var,Doğrulanacak,4 Yılda Bir,Turnuva,Fikstür,Bilgi,Etkinlik,Jenerik,Türkçe,Body,fik
yaz olimpiyatları,Yaz Olimpiyatları,Diğer,Dünya Turnuvası,Milli,Orta,Karma,Milli Takım,Bireysel Spor,Global,Uluslararası,Türk Sporcu Var,Doğrulanacak,4 Yılda Bir,Turnuva,Jenerik,Bilgi,Etkinlik,Jenerik,Türkçe,Head,jen
yaz olimpiyatları ne zaman,Yaz Olimpiyatları,Diğer,Dünya Turnuvası,Milli,Orta,Karma,Milli Takım,Bireysel Spor,Global,Uluslararası,Türk Sporcu Var,Doğrulanacak,4 Yılda Bir,Turnuva,Takvim/Saat,Bilgi,Etkinlik,Jenerik,Türkçe,Body,nezaman
yaz olimpiyatları takvim,Yaz Olimpiyatları,Diğer,Dünya Turnuvası,Milli,Orta,Karma,Milli Takım,Bireysel Spor,Global,Uluslararası,Türk Sporcu Var,Doğrulanacak,4 Yılda Bir,Turnuva,Takvim/Saat,Bilgi,Etkinlik,Jenerik,Türkçe,Body,takvim
yaz olimpiyatları canlı izle,Yaz Olimpiyatları,Diğer,Dünya Turnuvası,Milli,Orta,Karma,Milli Takım,Bireysel Spor,Global,Uluslararası,Türk Sporcu Var,Doğrulanacak,4 Yılda Bir,Turnuva,Canlı İzle,İzleme,Etkinlik,Jenerik,Türkçe,Body,izle
yaz olimpiyatları hangi kanalda,Yaz Olimpiyatları,Diğer,Dünya Turnuvası,Milli,Orta,Karma,Milli Takım,Bireysel Spor,Global,Uluslararası,Türk Sporcu Var,Doğrulanacak,4 Yılda Bir,Turnuva,Kanal/Yayın,İzleme,Etkinlik,Jenerik,Türkçe,Body,kanal
yaz olimpiyatları puan durumu,Yaz Olimpiyatları,Diğer,Dünya Turnuvası,Milli,Orta,Karma,Milli Takım,Bireysel Spor,Global,Uluslararası,Türk Sporcu Var,Doğrulanacak,4 Yılda Bir,Turnuva,Puan Durumu,Bilgi,Etkinlik,Jenerik,Türkçe,Body,pd
yaz olimpiyatları fikstür,Yaz Olimpiyatları,Diğer,Dünya Turnuvası,Milli,Orta,Karma,Milli Takım,Bireysel Spor,Global,Uluslararası,Türk Sporcu Var,Doğrulanacak,4 Yılda Bir,Turnuva,Fikstür,Bilgi,Etkinlik,Jenerik,Türkçe,Body,fik
olimpiyat madalya sıralaması,Yaz Olimpiyatları,Diğer,Dünya Turnuvası,Milli,Orta,Karma,Milli Takım,Bireysel Spor,Global,Uluslararası,Türk Sporcu Var,Doğrulanacak,4 Yılda Bir,Turnuva,Jenerik,Bilgi,Etkinlik,Jenerik,Türkçe,Body,jen
olimpiyat madalya sıralaması ne zaman,Yaz Olimpiyatları,Diğer,Dünya Turnuvası,Milli,Orta,Karma,Milli Takım,Bireysel Spor,Global,Uluslararası,Türk Sporcu Var,Doğrulanacak,4 Yılda Bir,Turnuva,Takvim/Saat,Bilgi,Etkinlik,Jenerik,Türkçe,Long-tail,nezaman
olimpiyat madalya sıralaması takvim,Yaz Olimpiyatları,Diğer,Dünya Turnuvası,Milli,Orta,Karma,Milli Takım,Bireysel Spor,Global,Uluslararası,Türk Sporcu Var,Doğrulanacak,4 Yılda Bir,Turnuva,Takvim/Saat,Bilgi,Etkinlik,Jenerik,Türkçe,Body,takvim
olimpiyat madalya sıralaması canlı izle,Yaz Olimpiyatları,Diğer,Dünya Turnuvası,Milli,Orta,Karma,Milli Takım,Bireysel Spor,Global,Uluslararası,Türk Sporcu Var,Doğrulanacak,4 Yılda Bir,Turnuva,Canlı İzle,İzleme,Etkinlik,Jenerik,Türkçe,Long-tail,izle
olimpiyat madalya sıralaması hangi kanalda,Yaz Olimpiyatları,Diğer,Dünya Turnuvası,Milli,Orta,Karma,Milli Takım,Bireysel Spor,Global,Uluslararası,Türk Sporcu Var,Doğrulanacak,4 Yılda Bir,Turnuva,Kanal/Yayın,İzleme,Etkinlik,Jenerik,Türkçe,Long-tail,kanal
olimpiyat madalya sıralaması puan durumu,Yaz Olimpiyatları,Diğer,Dünya Turnuvası,Milli,Orta,Karma,Milli Takım,Bireysel Spor,Global,Uluslararası,Türk Sporcu Var,Doğrulanacak,4 Yılda Bir,Turnuva,Puan Durumu,Bilgi,Etkinlik,Jenerik,Türkçe,Long-tail,pd
olimpiyat madalya sıralaması fikstür,Yaz Olimpiyatları,Diğer,Dünya Turnuvası,Milli,Orta,Karma,Milli Takım,Bireysel Spor,Global,Uluslararası,Türk Sporcu Var,Doğrulanacak,4 Yılda Bir,Turnuva,Fikstür,Bilgi,Etkinlik,Jenerik,Türkçe,Body,fik
kış olimpiyatları,Kış Olimpiyatları,Kış Sporları,Dünya Turnuvası,Milli,Orta,Karma,Milli Takım,Bireysel Spor,Global,Uluslararası,Türk Sporcu Var,Doğrulanacak,4 Yılda Bir,Turnuva,Jenerik,Bilgi,Etkinlik,Jenerik,Türkçe,Head,jen
kış olimpiyatları ne zaman,Kış Olimpiyatları,Kış Sporları,Dünya Turnuvası,Milli,Orta,Karma,Milli Takım,Bireysel Spor,Global,Uluslararası,Türk Sporcu Var,Doğrulanacak,4 Yılda Bir,Turnuva,Takvim/Saat,Bilgi,Etkinlik,Jenerik,Türkçe,Body,nezaman
kış olimpiyatları takvim,Kış Olimpiyatları,Kış Sporları,Dünya Turnuvası,Milli,Orta,Karma,Milli Takım,Bireysel Spor,Global,Uluslararası,Türk Sporcu Var,Doğrulanacak,4 Yılda Bir,Turnuva,Takvim/Saat,Bilgi,Etkinlik,Jenerik,Türkçe,Body,takvim
kış olimpiyatları canlı izle,Kış Olimpiyatları,Kış Sporları,Dünya Turnuvası,Milli,Orta,Karma,Milli Takım,Bireysel Spor,Global,Uluslararası,Türk Sporcu Var,Doğrulanacak,4 Yılda Bir,Turnuva,Canlı İzle,İzleme,Etkinlik,Jenerik,Türkçe,Body,izle
kış olimpiyatları hangi kanalda,Kış Olimpiyatları,Kış Sporları,Dünya Turnuvası,Milli,Orta,Karma,Milli Takım,Bireysel Spor,Global,Uluslararası,Türk Sporcu Var,Doğrulanacak,4 Yılda Bir,Turnuva,Kanal/Yayın,İzleme,Etkinlik,Jenerik,Türkçe,Body,kanal
kış olimpiyatları puan durumu,Kış Olimpiyatları,Kış Sporları,Dünya Turnuvası,Milli,Orta,Karma,Milli Takım,Bireysel Spor,Global,Uluslararası,Türk Sporcu Var,Doğrulanacak,4 Yılda Bir,Turnuva,Puan Durumu,Bilgi,Etkinlik,Jenerik,Türkçe,Body,pd
kış olimpiyatları fikstür,Kış Olimpiyatları,Kış Sporları,Dünya Turnuvası,Milli,Orta,Karma,Milli Takım,Bireysel Spor,Global,Uluslararası,Türk Sporcu Var,Doğrulanacak,4 Yılda Bir,Turnuva,Fikstür,Bilgi,Etkinlik,Jenerik,Türkçe,Body,fik
kış olimpiyat oyunları,Kış Olimpiyatları,Kış Sporları,Dünya Turnuvası,Milli,Orta,Karma,Milli Takım,Bireysel Spor,Global,Uluslararası,Türk Sporcu Var,Doğrulanacak,4 Yılda Bir,Turnuva,Jenerik,Bilgi,Etkinlik,Jenerik,Türkçe,Body,jen
kış olimpiyat oyunları ne zaman,Kış Olimpiyatları,Kış Sporları,Dünya Turnuvası,Milli,Orta,Karma,Milli Takım,Bireysel Spor,Global,Uluslararası,Türk Sporcu Var,Doğrulanacak,4 Yılda Bir,Turnuva,Takvim/Saat,Bilgi,Etkinlik,Jenerik,Türkçe,Long-tail,nezaman
kış olimpiyat oyunları takvim,Kış Olimpiyatları,Kış Sporları,Dünya Turnuvası,Milli,Orta,Karma,Milli Takım,Bireysel Spor,Global,Uluslararası,Türk Sporcu Var,Doğrulanacak,4 Yılda Bir,Turnuva,Takvim/Saat,Bilgi,Etkinlik,Jenerik,Türkçe,Body,takvim
kış olimpiyat oyunları canlı izle,Kış Olimpiyatları,Kış Sporları,Dünya Turnuvası,Milli,Orta,Karma,Milli Takım,Bireysel Spor,Global,Uluslararası,Türk Sporcu Var,Doğrulanacak,4 Yılda Bir,Turnuva,Canlı İzle,İzleme,Etkinlik,Jenerik,Türkçe,Long-tail,izle
kış olimpiyat oyunları hangi kanalda,Kış Olimpiyatları,Kış Sporları,Dünya Turnuvası,Milli,Orta,Karma,Milli Takım,Bireysel Spor,Global,Uluslararası,Türk Sporcu Var,Doğrulanacak,4 Yılda Bir,Turnuva,Kanal/Yayın,İzleme,Etkinlik,Jenerik,Türkçe,Long-tail,kanal
kış olimpiyat oyunları puan durumu,Kış Olimpiyatları,Kış Sporları,Dünya Turnuvası,Milli,Orta,Karma,Milli Takım,Bireysel Spor,Global,Uluslararası,Türk Sporcu Var,Doğrulanacak,4 Yılda Bir,Turnuva,Puan Durumu,Bilgi,Etkinlik,Jenerik,Türkçe,Long-tail,pd
kış olimpiyat oyunları fikstür,Kış Olimpiyatları,Kış Sporları,Dünya Turnuvası,Milli,Orta,Karma,Milli Takım,Bireysel Spor,Global,Uluslararası,Türk Sporcu Var,Doğrulanacak,4 Yılda Bir,Turnuva,Fikstür,Bilgi,Etkinlik,Jenerik,Türkçe,Body,fik
paralimpik oyunları,Paralimpik Oyunlar,Diğer,Dünya Turnuvası,Milli,Orta,Karma,Milli Takım,Bireysel Spor,Global,Uluslararası,Türk Sporcu Var,Doğrulanacak,4 Yılda Bir,Turnuva,Jenerik,Bilgi,Etkinlik,Jenerik,Türkçe,Head,jen
paralimpik oyunları ne zaman,Paralimpik Oyunlar,Diğer,Dünya Turnuvası,Milli,Orta,Karma,Milli Takım,Bireysel Spor,Global,Uluslararası,Türk Sporcu Var,Doğrulanacak,4 Yılda Bir,Turnuva,Takvim/Saat,Bilgi,Etkinlik,Jenerik,Türkçe,Body,nezaman
paralimpik oyunları takvim,Paralimpik Oyunlar,Diğer,Dünya Turnuvası,Milli,Orta,Karma,Milli Takım,Bireysel Spor,Global,Uluslararası,Türk Sporcu Var,Doğrulanacak,4 Yılda Bir,Turnuva,Takvim/Saat,Bilgi,Etkinlik,Jenerik,Türkçe,Body,takvim
paralimpik oyunları canlı izle,Paralimpik Oyunlar,Diğer,Dünya Turnuvası,Milli,Orta,Karma,Milli Takım,Bireysel Spor,Global,Uluslararası,Türk Sporcu Var,Doğrulanacak,4 Yılda Bir,Turnuva,Canlı İzle,İzleme,Etkinlik,Jenerik,Türkçe,Body,izle
paralimpik oyunları hangi kanalda,Paralimpik Oyunlar,Diğer,Dünya Turnuvası,Milli,Orta,Karma,Milli Takım,Bireysel Spor,Global,Uluslararası,Türk Sporcu Var,Doğrulanacak,4 Yılda Bir,Turnuva,Kanal/Yayın,İzleme,Etkinlik,Jenerik,Türkçe,Body,kanal
paralimpik oyunları puan durumu,Paralimpik Oyunlar,Diğer,Dünya Turnuvası,Milli,Orta,Karma,Milli Takım,Bireysel Spor,Global,Uluslararası,Türk Sporcu Var,Doğrulanacak,4 Yılda Bir,Turnuva,Puan Durumu,Bilgi,Etkinlik,Jenerik,Türkçe,Body,pd
paralimpik oyunları fikstür,Paralimpik Oyunlar,Diğer,Dünya Turnuvası,Milli,Orta,Karma,Milli Takım,Bireysel Spor,Global,Uluslararası,Türk Sporcu Var,Doğrulanacak,4 Yılda Bir,Turnuva,Fikstür,Bilgi,Etkinlik,Jenerik,Türkçe,Body,fik
avrupa oyunları,Avrupa Oyunları,Diğer,Dünya Turnuvası,Milli,Orta,Karma,Milli Takım,Bireysel Spor,Global,Uluslararası,Türk Sporcu Var,Doğrulanacak,4 Yılda Bir,Turnuva,Jenerik,Bilgi,Etkinlik,Jenerik,Türkçe,Head,jen
avrupa oyunları ne zaman,Avrupa Oyunları,Diğer,Dünya Turnuvası,Milli,Orta,Karma,Milli Takım,Bireysel Spor,Global,Uluslararası,Türk Sporcu Var,Doğrulanacak,4 Yılda Bir,Turnuva,Takvim/Saat,Bilgi,Etkinlik,Jenerik,Türkçe,Body,nezaman
avrupa oyunları takvim,Avrupa Oyunları,Diğer,Dünya Turnuvası,Milli,Orta,Karma,Milli Takım,Bireysel Spor,Global,Uluslararası,Türk Sporcu Var,Doğrulanacak,4 Yılda Bir,Turnuva,Takvim/Saat,Bilgi,Etkinlik,Jenerik,Türkçe,Body,takvim
avrupa oyunları canlı izle,Avrupa Oyunları,Diğer,Dünya Turnuvası,Milli,Orta,Karma,Milli Takım,Bireysel Spor,Global,Uluslararası,Türk Sporcu Var,Doğrulanacak,4 Yılda Bir,Turnuva,Canlı İzle,İzleme,Etkinlik,Jenerik,Türkçe,Body,izle
avrupa oyunları hangi kanalda,Avrupa Oyunları,Diğer,Dünya Turnuvası,Milli,Orta,Karma,Milli Takım,Bireysel Spor,Global,Uluslararası,Türk Sporcu Var,Doğrulanacak,4 Yılda Bir,Turnuva,Kanal/Yayın,İzleme,Etkinlik,Jenerik,Türkçe,Body,kanal
avrupa oyunları puan durumu,Avrupa Oyunları,Diğer,Dünya Turnuvası,Milli,Orta,Karma,Milli Takım,Bireysel Spor,Global,Uluslararası,Türk Sporcu Var,Doğrulanacak,4 Yılda Bir,Turnuva,Puan Durumu,Bilgi,Etkinlik,Jenerik,Türkçe,Body,pd
avrupa oyunları fikstür,Avrupa Oyunları,Diğer,Dünya Turnuvası,Milli,Orta,Karma,Milli Takım,Bireysel Spor,Global,Uluslararası,Türk Sporcu Var,Doğrulanacak,4 Yılda Bir,Turnuva,Fikstür,Bilgi,Etkinlik,Jenerik,Türkçe,Body,fik
akdeniz oyunları,Akdeniz Oyunları,Diğer,Dünya Turnuvası,Milli,Orta,Karma,Milli Takım,Bireysel Spor,Global,Uluslararası,Türk Sporcu Var,Doğrulanacak,4 Yılda Bir,Turnuva,Jenerik,Bilgi,Etkinlik,Jenerik,Türkçe,Head,jen
akdeniz oyunları ne zaman,Akdeniz Oyunları,Diğer,Dünya Turnuvası,Milli,Orta,Karma,Milli Takım,Bireysel Spor,Global,Uluslararası,Türk Sporcu Var,Doğrulanacak,4 Yılda Bir,Turnuva,Takvim/Saat,Bilgi,Etkinlik,Jenerik,Türkçe,Body,nezaman
akdeniz oyunları takvim,Akdeniz Oyunları,Diğer,Dünya Turnuvası,Milli,Orta,Karma,Milli Takım,Bireysel Spor,Global,Uluslararası,Türk Sporcu Var,Doğrulanacak,4 Yılda Bir,Turnuva,Takvim/Saat,Bilgi,Etkinlik,Jenerik,Türkçe,Body,takvim
akdeniz oyunları canlı izle,Akdeniz Oyunları,Diğer,Dünya Turnuvası,Milli,Orta,Karma,Milli Takım,Bireysel Spor,Global,Uluslararası,Türk Sporcu Var,Doğrulanacak,4 Yılda Bir,Turnuva,Canlı İzle,İzleme,Etkinlik,Jenerik,Türkçe,Body,izle
akdeniz oyunları hangi kanalda,Akdeniz Oyunları,Diğer,Dünya Turnuvası,Milli,Orta,Karma,Milli Takım,Bireysel Spor,Global,Uluslararası,Türk Sporcu Var,Doğrulanacak,4 Yılda Bir,Turnuva,Kanal/Yayın,İzleme,Etkinlik,Jenerik,Türkçe,Body,kanal
akdeniz oyunları puan durumu,Akdeniz Oyunları,Diğer,Dünya Turnuvası,Milli,Orta,Karma,Milli Takım,Bireysel Spor,Global,Uluslararası,Türk Sporcu Var,Doğrulanacak,4 Yılda Bir,Turnuva,Puan Durumu,Bilgi,Etkinlik,Jenerik,Türkçe,Body,pd
akdeniz oyunları fikstür,Akdeniz Oyunları,Diğer,Dünya Turnuvası,Milli,Orta,Karma,Milli Takım,Bireysel Spor,Global,Uluslararası,Türk Sporcu Var,Doğrulanacak,4 Yılda Bir,Turnuva,Fikstür,Bilgi,Etkinlik,Jenerik,Türkçe,Body,fik
kayak dünya kupası,Kayak Dünya Kupası,Kış Sporları,Dünya Turnuvası,Milli,Orta,Karma,Milli Takım,Bireysel Spor,Global,Uluslararası,Türk Sporcu Var,Doğrulanacak,Yıllık,Turnuva,Jenerik,Bilgi,Etkinlik,Jenerik,Türkçe,Body,jen
kayak dünya kupası ne zaman,Kayak Dünya Kupası,Kış Sporları,Dünya Turnuvası,Milli,Orta,Karma,Milli Takım,Bireysel Spor,Global,Uluslararası,Türk Sporcu Var,Doğrulanacak,Yıllık,Turnuva,Takvim/Saat,Bilgi,Etkinlik,Jenerik,Türkçe,Long-tail,nezaman
kayak dünya kupası takvim,Kayak Dünya Kupası,Kış Sporları,Dünya Turnuvası,Milli,Orta,Karma,Milli Takım,Bireysel Spor,Global,Uluslararası,Türk Sporcu Var,Doğrulanacak,Yıllık,Turnuva,Takvim/Saat,Bilgi,Etkinlik,Jenerik,Türkçe,Body,takvim
kayak dünya kupası canlı izle,Kayak Dünya Kupası,Kış Sporları,Dünya Turnuvası,Milli,Orta,Karma,Milli Takım,Bireysel Spor,Global,Uluslararası,Türk Sporcu Var,Doğrulanacak,Yıllık,Turnuva,Canlı İzle,İzleme,Etkinlik,Jenerik,Türkçe,Long-tail,izle
kayak dünya kupası hangi kanalda,Kayak Dünya Kupası,Kış Sporları,Dünya Turnuvası,Milli,Orta,Karma,Milli Takım,Bireysel Spor,Global,Uluslararası,Türk Sporcu Var,Doğrulanacak,Yıllık,Turnuva,Kanal/Yayın,İzleme,Etkinlik,Jenerik,Türkçe,Long-tail,kanal
kayak dünya kupası puan durumu,Kayak Dünya Kupası,Kış Sporları,Dünya Turnuvası,Milli,Orta,Karma,Milli Takım,Bireysel Spor,Global,Uluslararası,Türk Sporcu Var,Doğrulanacak,Yıllık,Turnuva,Puan Durumu,Bilgi,Etkinlik,Jenerik,Türkçe,Long-tail,pd
kayak dünya kupası fikstür,Kayak Dünya Kupası,Kış Sporları,Dünya Turnuvası,Milli,Orta,Karma,Milli Takım,Bireysel Spor,Global,Uluslararası,Türk Sporcu Var,Doğrulanacak,Yıllık,Turnuva,Fikstür,Bilgi,Etkinlik,Jenerik,Türkçe,Body,fik
alp disiplini,Kayak Dünya Kupası,Kış Sporları,Dünya Turnuvası,Milli,Orta,Karma,Milli Takım,Bireysel Spor,Global,Uluslararası,Türk Sporcu Var,Doğrulanacak,Yıllık,Turnuva,Jenerik,Bilgi,Etkinlik,Jenerik,İngilizce,Head,jen
alp disiplini ne zaman,Kayak Dünya Kupası,Kış Sporları,Dünya Turnuvası,Milli,Orta,Karma,Milli Takım,Bireysel Spor,Global,Uluslararası,Türk Sporcu Var,Doğrulanacak,Yıllık,Turnuva,Takvim/Saat,Bilgi,Etkinlik,Jenerik,İngilizce,Body,nezaman
alp disiplini takvim,Kayak Dünya Kupası,Kış Sporları,Dünya Turnuvası,Milli,Orta,Karma,Milli Takım,Bireysel Spor,Global,Uluslararası,Türk Sporcu Var,Doğrulanacak,Yıllık,Turnuva,Takvim/Saat,Bilgi,Etkinlik,Jenerik,İngilizce,Body,takvim
alp disiplini canlı izle,Kayak Dünya Kupası,Kış Sporları,Dünya Turnuvası,Milli,Orta,Karma,Milli Takım,Bireysel Spor,Global,Uluslararası,Türk Sporcu Var,Doğrulanacak,Yıllık,Turnuva,Canlı İzle,İzleme,Etkinlik,Jenerik,Türkçe,Body,izle
alp disiplini hangi kanalda,Kayak Dünya Kupası,Kış Sporları,Dünya Turnuvası,Milli,Orta,Karma,Milli Takım,Bireysel Spor,Global,Uluslararası,Türk Sporcu Var,Doğrulanacak,Yıllık,Turnuva,Kanal/Yayın,İzleme,Etkinlik,Jenerik,İngilizce,Body,kanal
alp disiplini puan durumu,Kayak Dünya Kupası,Kış Sporları,Dünya Turnuvası,Milli,Orta,Karma,Milli Takım,Bireysel Spor,Global,Uluslararası,Türk Sporcu Var,Doğrulanacak,Yıllık,Turnuva,Puan Durumu,Bilgi,Etkinlik,Jenerik,İngilizce,Body,pd
alp disiplini fikstür,Kayak Dünya Kupası,Kış Sporları,Dünya Turnuvası,Milli,Orta,Karma,Milli Takım,Bireysel Spor,Global,Uluslararası,Türk Sporcu Var,Doğrulanacak,Yıllık,Turnuva,Fikstür,Bilgi,Etkinlik,Jenerik,Türkçe,Body,fik
artistik buz pateni,Buz Pateni,Kış Sporları,Dünya Turnuvası,Milli,Orta,Karma,Milli Takım,Bireysel Spor,Global,Uluslararası,Türk Sporcu Var,Doğrulanacak,Yıllık,Turnuva,Jenerik,Bilgi,Etkinlik,Jenerik,İngilizce,Body,jen
artistik buz pateni ne zaman,Buz Pateni,Kış Sporları,Dünya Turnuvası,Milli,Orta,Karma,Milli Takım,Bireysel Spor,Global,Uluslararası,Türk Sporcu Var,Doğrulanacak,Yıllık,Turnuva,Takvim/Saat,Bilgi,Etkinlik,Jenerik,İngilizce,Long-tail,nezaman
artistik buz pateni takvim,Buz Pateni,Kış Sporları,Dünya Turnuvası,Milli,Orta,Karma,Milli Takım,Bireysel Spor,Global,Uluslararası,Türk Sporcu Var,Doğrulanacak,Yıllık,Turnuva,Takvim/Saat,Bilgi,Etkinlik,Jenerik,İngilizce,Body,takvim
artistik buz pateni canlı izle,Buz Pateni,Kış Sporları,Dünya Turnuvası,Milli,Orta,Karma,Milli Takım,Bireysel Spor,Global,Uluslararası,Türk Sporcu Var,Doğrulanacak,Yıllık,Turnuva,Canlı İzle,İzleme,Etkinlik,Jenerik,Türkçe,Long-tail,izle
artistik buz pateni hangi kanalda,Buz Pateni,Kış Sporları,Dünya Turnuvası,Milli,Orta,Karma,Milli Takım,Bireysel Spor,Global,Uluslararası,Türk Sporcu Var,Doğrulanacak,Yıllık,Turnuva,Kanal/Yayın,İzleme,Etkinlik,Jenerik,İngilizce,Long-tail,kanal
artistik buz pateni puan durumu,Buz Pateni,Kış Sporları,Dünya Turnuvası,Milli,Orta,Karma,Milli Takım,Bireysel Spor,Global,Uluslararası,Türk Sporcu Var,Doğrulanacak,Yıllık,Turnuva,Puan Durumu,Bilgi,Etkinlik,Jenerik,İngilizce,Long-tail,pd
artistik buz pateni fikstür,Buz Pateni,Kış Sporları,Dünya Turnuvası,Milli,Orta,Karma,Milli Takım,Bireysel Spor,Global,Uluslararası,Türk Sporcu Var,Doğrulanacak,Yıllık,Turnuva,Fikstür,Bilgi,Etkinlik,Jenerik,Türkçe,Body,fik
buz pateni şampiyonası,Buz Pateni,Kış Sporları,Dünya Turnuvası,Milli,Orta,Karma,Milli Takım,Bireysel Spor,Global,Uluslararası,Türk Sporcu Var,Doğrulanacak,Yıllık,Turnuva,Jenerik,Bilgi,Etkinlik,Jenerik,Türkçe,Body,jen
buz pateni şampiyonası ne zaman,Buz Pateni,Kış Sporları,Dünya Turnuvası,Milli,Orta,Karma,Milli Takım,Bireysel Spor,Global,Uluslararası,Türk Sporcu Var,Doğrulanacak,Yıllık,Turnuva,Takvim/Saat,Bilgi,Etkinlik,Jenerik,Türkçe,Long-tail,nezaman
buz pateni şampiyonası takvim,Buz Pateni,Kış Sporları,Dünya Turnuvası,Milli,Orta,Karma,Milli Takım,Bireysel Spor,Global,Uluslararası,Türk Sporcu Var,Doğrulanacak,Yıllık,Turnuva,Takvim/Saat,Bilgi,Etkinlik,Jenerik,Türkçe,Body,takvim
buz pateni şampiyonası canlı izle,Buz Pateni,Kış Sporları,Dünya Turnuvası,Milli,Orta,Karma,Milli Takım,Bireysel Spor,Global,Uluslararası,Türk Sporcu Var,Doğrulanacak,Yıllık,Turnuva,Canlı İzle,İzleme,Etkinlik,Jenerik,Türkçe,Long-tail,izle
buz pateni şampiyonası hangi kanalda,Buz Pateni,Kış Sporları,Dünya Turnuvası,Milli,Orta,Karma,Milli Takım,Bireysel Spor,Global,Uluslararası,Türk Sporcu Var,Doğrulanacak,Yıllık,Turnuva,Kanal/Yayın,İzleme,Etkinlik,Jenerik,Türkçe,Long-tail,kanal
buz pateni şampiyonası puan durumu,Buz Pateni,Kış Sporları,Dünya Turnuvası,Milli,Orta,Karma,Milli Takım,Bireysel Spor,Global,Uluslararası,Türk Sporcu Var,Doğrulanacak,Yıllık,Turnuva,Puan Durumu,Bilgi,Etkinlik,Jenerik,Türkçe,Long-tail,pd
buz pateni şampiyonası fikstür,Buz Pateni,Kış Sporları,Dünya Turnuvası,Milli,Orta,Karma,Milli Takım,Bireysel Spor,Global,Uluslararası,Türk Sporcu Var,Doğrulanacak,Yıllık,Turnuva,Fikstür,Bilgi,Etkinlik,Jenerik,Türkçe,Body,fik
biatlon,Biatlon,Kış Sporları,Dünya Turnuvası,Milli,Orta,Karma,Milli Takım,Bireysel Spor,Global,Uluslararası,Türk Sporcu Var,Doğrulanacak,Yıllık,Turnuva,Jenerik,Bilgi,Etkinlik,Jenerik,İngilizce,Head,jen
biatlon ne zaman,Biatlon,Kış Sporları,Dünya Turnuvası,Milli,Orta,Karma,Milli Takım,Bireysel Spor,Global,Uluslararası,Türk Sporcu Var,Doğrulanacak,Yıllık,Turnuva,Takvim/Saat,Bilgi,Etkinlik,Jenerik,İngilizce,Body,nezaman
biatlon takvim,Biatlon,Kış Sporları,Dünya Turnuvası,Milli,Orta,Karma,Milli Takım,Bireysel Spor,Global,Uluslararası,Türk Sporcu Var,Doğrulanacak,Yıllık,Turnuva,Takvim/Saat,Bilgi,Etkinlik,Jenerik,İngilizce,Head,takvim
biatlon canlı izle,Biatlon,Kış Sporları,Dünya Turnuvası,Milli,Orta,Karma,Milli Takım,Bireysel Spor,Global,Uluslararası,Türk Sporcu Var,Doğrulanacak,Yıllık,Turnuva,Canlı İzle,İzleme,Etkinlik,Jenerik,Türkçe,Body,izle
biatlon hangi kanalda,Biatlon,Kış Sporları,Dünya Turnuvası,Milli,Orta,Karma,Milli Takım,Bireysel Spor,Global,Uluslararası,Türk Sporcu Var,Doğrulanacak,Yıllık,Turnuva,Kanal/Yayın,İzleme,Etkinlik,Jenerik,İngilizce,Body,kanal
biatlon puan durumu,Biatlon,Kış Sporları,Dünya Turnuvası,Milli,Orta,Karma,Milli Takım,Bireysel Spor,Global,Uluslararası,Türk Sporcu Var,Doğrulanacak,Yıllık,Turnuva,Puan Durumu,Bilgi,Etkinlik,Jenerik,İngilizce,Body,pd
biatlon fikstür,Biatlon,Kış Sporları,Dünya Turnuvası,Milli,Orta,Karma,Milli Takım,Bireysel Spor,Global,Uluslararası,Türk Sporcu Var,Doğrulanacak,Yıllık,Turnuva,Fikstür,Bilgi,Etkinlik,Jenerik,Türkçe,Head,fik
dünya atletizm şampiyonası,Dünya Atletizm Şampiyonası,Atletizm,Dünya Turnuvası,Milli,Orta,Karma,Milli Takım,Bireysel Spor,Global,Uluslararası,Türk Sporcu Var,Doğrulanacak,2 Yılda Bir,Turnuva,Jenerik,Bilgi,Etkinlik,Jenerik,Türkçe,Body,jen
dünya atletizm şampiyonası ne zaman,Dünya Atletizm Şampiyonası,Atletizm,Dünya Turnuvası,Milli,Orta,Karma,Milli Takım,Bireysel Spor,Global,Uluslararası,Türk Sporcu Var,Doğrulanacak,2 Yılda Bir,Turnuva,Takvim/Saat,Bilgi,Etkinlik,Jenerik,Türkçe,Long-tail,nezaman
dünya atletizm şampiyonası takvim,Dünya Atletizm Şampiyonası,Atletizm,Dünya Turnuvası,Milli,Orta,Karma,Milli Takım,Bireysel Spor,Global,Uluslararası,Türk Sporcu Var,Doğrulanacak,2 Yılda Bir,Turnuva,Takvim/Saat,Bilgi,Etkinlik,Jenerik,Türkçe,Body,takvim
dünya atletizm şampiyonası canlı izle,Dünya Atletizm Şampiyonası,Atletizm,Dünya Turnuvası,Milli,Orta,Karma,Milli Takım,Bireysel Spor,Global,Uluslararası,Türk Sporcu Var,Doğrulanacak,2 Yılda Bir,Turnuva,Canlı İzle,İzleme,Etkinlik,Jenerik,Türkçe,Long-tail,izle
dünya atletizm şampiyonası hangi kanalda,Dünya Atletizm Şampiyonası,Atletizm,Dünya Turnuvası,Milli,Orta,Karma,Milli Takım,Bireysel Spor,Global,Uluslararası,Türk Sporcu Var,Doğrulanacak,2 Yılda Bir,Turnuva,Kanal/Yayın,İzleme,Etkinlik,Jenerik,Türkçe,Long-tail,kanal
dünya atletizm şampiyonası puan durumu,Dünya Atletizm Şampiyonası,Atletizm,Dünya Turnuvası,Milli,Orta,Karma,Milli Takım,Bireysel Spor,Global,Uluslararası,Türk Sporcu Var,Doğrulanacak,2 Yılda Bir,Turnuva,Puan Durumu,Bilgi,Etkinlik,Jenerik,Türkçe,Long-tail,pd
dünya atletizm şampiyonası fikstür,Dünya Atletizm Şampiyonası,Atletizm,Dünya Turnuvası,Milli,Orta,Karma,Milli Takım,Bireysel Spor,Global,Uluslararası,Türk Sporcu Var,Doğrulanacak,2 Yılda Bir,Turnuva,Fikstür,Bilgi,Etkinlik,Jenerik,Türkçe,Body,fik
atletizm şampiyonası,Dünya Atletizm Şampiyonası,Atletizm,Dünya Turnuvası,Milli,Orta,Karma,Milli Takım,Bireysel Spor,Global,Uluslararası,Türk Sporcu Var,Doğrulanacak,2 Yılda Bir,Turnuva,Jenerik,Bilgi,Etkinlik,Jenerik,Türkçe,Head,jen
atletizm şampiyonası ne zaman,Dünya Atletizm Şampiyonası,Atletizm,Dünya Turnuvası,Milli,Orta,Karma,Milli Takım,Bireysel Spor,Global,Uluslararası,Türk Sporcu Var,Doğrulanacak,2 Yılda Bir,Turnuva,Takvim/Saat,Bilgi,Etkinlik,Jenerik,Türkçe,Body,nezaman
atletizm şampiyonası takvim,Dünya Atletizm Şampiyonası,Atletizm,Dünya Turnuvası,Milli,Orta,Karma,Milli Takım,Bireysel Spor,Global,Uluslararası,Türk Sporcu Var,Doğrulanacak,2 Yılda Bir,Turnuva,Takvim/Saat,Bilgi,Etkinlik,Jenerik,Türkçe,Body,takvim
atletizm şampiyonası canlı izle,Dünya Atletizm Şampiyonası,Atletizm,Dünya Turnuvası,Milli,Orta,Karma,Milli Takım,Bireysel Spor,Global,Uluslararası,Türk Sporcu Var,Doğrulanacak,2 Yılda Bir,Turnuva,Canlı İzle,İzleme,Etkinlik,Jenerik,Türkçe,Body,izle
atletizm şampiyonası hangi kanalda,Dünya Atletizm Şampiyonası,Atletizm,Dünya Turnuvası,Milli,Orta,Karma,Milli Takım,Bireysel Spor,Global,Uluslararası,Türk Sporcu Var,Doğrulanacak,2 Yılda Bir,Turnuva,Kanal/Yayın,İzleme,Etkinlik,Jenerik,Türkçe,Body,kanal
atletizm şampiyonası puan durumu,Dünya Atletizm Şampiyonası,Atletizm,Dünya Turnuvası,Milli,Orta,Karma,Milli Takım,Bireysel Spor,Global,Uluslararası,Türk Sporcu Var,Doğrulanacak,2 Yılda Bir,Turnuva,Puan Durumu,Bilgi,Etkinlik,Jenerik,Türkçe,Body,pd
atletizm şampiyonası fikstür,Dünya Atletizm Şampiyonası,Atletizm,Dünya Turnuvası,Milli,Orta,Karma,Milli Takım,Bireysel Spor,Global,Uluslararası,Türk Sporcu Var,Doğrulanacak,2 Yılda Bir,Turnuva,Fikstür,Bilgi,Etkinlik,Jenerik,Türkçe,Body,fik
dünya yüzme şampiyonası,Dünya Yüzme Şampiyonası,Su Sporları,Dünya Turnuvası,Milli,Orta,Karma,Milli Takım,Bireysel Spor,Global,Uluslararası,Türk Sporcu Var,Doğrulanacak,2 Yılda Bir,Turnuva,Jenerik,Bilgi,Etkinlik,Jenerik,Türkçe,Body,jen
dünya yüzme şampiyonası ne zaman,Dünya Yüzme Şampiyonası,Su Sporları,Dünya Turnuvası,Milli,Orta,Karma,Milli Takım,Bireysel Spor,Global,Uluslararası,Türk Sporcu Var,Doğrulanacak,2 Yılda Bir,Turnuva,Takvim/Saat,Bilgi,Etkinlik,Jenerik,Türkçe,Long-tail,nezaman
dünya yüzme şampiyonası takvim,Dünya Yüzme Şampiyonası,Su Sporları,Dünya Turnuvası,Milli,Orta,Karma,Milli Takım,Bireysel Spor,Global,Uluslararası,Türk Sporcu Var,Doğrulanacak,2 Yılda Bir,Turnuva,Takvim/Saat,Bilgi,Etkinlik,Jenerik,Türkçe,Body,takvim
dünya yüzme şampiyonası canlı izle,Dünya Yüzme Şampiyonası,Su Sporları,Dünya Turnuvası,Milli,Orta,Karma,Milli Takım,Bireysel Spor,Global,Uluslararası,Türk Sporcu Var,Doğrulanacak,2 Yılda Bir,Turnuva,Canlı İzle,İzleme,Etkinlik,Jenerik,Türkçe,Long-tail,izle
dünya yüzme şampiyonası hangi kanalda,Dünya Yüzme Şampiyonası,Su Sporları,Dünya Turnuvası,Milli,Orta,Karma,Milli Takım,Bireysel Spor,Global,Uluslararası,Türk Sporcu Var,Doğrulanacak,2 Yılda Bir,Turnuva,Kanal/Yayın,İzleme,Etkinlik,Jenerik,Türkçe,Long-tail,kanal
dünya yüzme şampiyonası puan durumu,Dünya Yüzme Şampiyonası,Su Sporları,Dünya Turnuvası,Milli,Orta,Karma,Milli Takım,Bireysel Spor,Global,Uluslararası,Türk Sporcu Var,Doğrulanacak,2 Yılda Bir,Turnuva,Puan Durumu,Bilgi,Etkinlik,Jenerik,Türkçe,Long-tail,pd
dünya yüzme şampiyonası fikstür,Dünya Yüzme Şampiyonası,Su Sporları,Dünya Turnuvası,Milli,Orta,Karma,Milli Takım,Bireysel Spor,Global,Uluslararası,Türk Sporcu Var,Doğrulanacak,2 Yılda Bir,Turnuva,Fikstür,Bilgi,Etkinlik,Jenerik,Türkçe,Body,fik
dünya güreş şampiyonası,Dünya Güreş Şampiyonası,Dövüş Sporları,Dünya Turnuvası,Milli,Orta,Karma,Milli Takım,Bireysel Spor,Global,Uluslararası,Türk Sporcu Var,Doğrulanacak,Yıllık,Turnuva,Jenerik,Bilgi,Etkinlik,Jenerik,Türkçe,Body,jen
dünya güreş şampiyonası ne zaman,Dünya Güreş Şampiyonası,Dövüş Sporları,Dünya Turnuvası,Milli,Orta,Karma,Milli Takım,Bireysel Spor,Global,Uluslararası,Türk Sporcu Var,Doğrulanacak,Yıllık,Turnuva,Takvim/Saat,Bilgi,Etkinlik,Jenerik,Türkçe,Long-tail,nezaman
dünya güreş şampiyonası takvim,Dünya Güreş Şampiyonası,Dövüş Sporları,Dünya Turnuvası,Milli,Orta,Karma,Milli Takım,Bireysel Spor,Global,Uluslararası,Türk Sporcu Var,Doğrulanacak,Yıllık,Turnuva,Takvim/Saat,Bilgi,Etkinlik,Jenerik,Türkçe,Body,takvim
dünya güreş şampiyonası canlı izle,Dünya Güreş Şampiyonası,Dövüş Sporları,Dünya Turnuvası,Milli,Orta,Karma,Milli Takım,Bireysel Spor,Global,Uluslararası,Türk Sporcu Var,Doğrulanacak,Yıllık,Turnuva,Canlı İzle,İzleme,Etkinlik,Jenerik,Türkçe,Long-tail,izle
dünya güreş şampiyonası hangi kanalda,Dünya Güreş Şampiyonası,Dövüş Sporları,Dünya Turnuvası,Milli,Orta,Karma,Milli Takım,Bireysel Spor,Global,Uluslararası,Türk Sporcu Var,Doğrulanacak,Yıllık,Turnuva,Kanal/Yayın,İzleme,Etkinlik,Jenerik,Türkçe,Long-tail,kanal
dünya güreş şampiyonası puan durumu,Dünya Güreş Şampiyonası,Dövüş Sporları,Dünya Turnuvası,Milli,Orta,Karma,Milli Takım,Bireysel Spor,Global,Uluslararası,Türk Sporcu Var,Doğrulanacak,Yıllık,Turnuva,Puan Durumu,Bilgi,Etkinlik,Jenerik,Türkçe,Long-tail,pd
dünya güreş şampiyonası fikstür,Dünya Güreş Şampiyonası,Dövüş Sporları,Dünya Turnuvası,Milli,Orta,Karma,Milli Takım,Bireysel Spor,Global,Uluslararası,Türk Sporcu Var,Doğrulanacak,Yıllık,Turnuva,Fikstür,Bilgi,Etkinlik,Jenerik,Türkçe,Body,fik
güreş şampiyonası,Dünya Güreş Şampiyonası,Dövüş Sporları,Dünya Turnuvası,Milli,Orta,Karma,Milli Takım,Bireysel Spor,Global,Uluslararası,Türk Sporcu Var,Doğrulanacak,Yıllık,Turnuva,Jenerik,Bilgi,Etkinlik,Jenerik,Türkçe,Head,jen
güreş şampiyonası ne zaman,Dünya Güreş Şampiyonası,Dövüş Sporları,Dünya Turnuvası,Milli,Orta,Karma,Milli Takım,Bireysel Spor,Global,Uluslararası,Türk Sporcu Var,Doğrulanacak,Yıllık,Turnuva,Takvim/Saat,Bilgi,Etkinlik,Jenerik,Türkçe,Body,nezaman
güreş şampiyonası takvim,Dünya Güreş Şampiyonası,Dövüş Sporları,Dünya Turnuvası,Milli,Orta,Karma,Milli Takım,Bireysel Spor,Global,Uluslararası,Türk Sporcu Var,Doğrulanacak,Yıllık,Turnuva,Takvim/Saat,Bilgi,Etkinlik,Jenerik,Türkçe,Body,takvim
güreş şampiyonası canlı izle,Dünya Güreş Şampiyonası,Dövüş Sporları,Dünya Turnuvası,Milli,Orta,Karma,Milli Takım,Bireysel Spor,Global,Uluslararası,Türk Sporcu Var,Doğrulanacak,Yıllık,Turnuva,Canlı İzle,İzleme,Etkinlik,Jenerik,Türkçe,Body,izle
güreş şampiyonası hangi kanalda,Dünya Güreş Şampiyonası,Dövüş Sporları,Dünya Turnuvası,Milli,Orta,Karma,Milli Takım,Bireysel Spor,Global,Uluslararası,Türk Sporcu Var,Doğrulanacak,Yıllık,Turnuva,Kanal/Yayın,İzleme,Etkinlik,Jenerik,Türkçe,Body,kanal
güreş şampiyonası puan durumu,Dünya Güreş Şampiyonası,Dövüş Sporları,Dünya Turnuvası,Milli,Orta,Karma,Milli Takım,Bireysel Spor,Global,Uluslararası,Türk Sporcu Var,Doğrulanacak,Yıllık,Turnuva,Puan Durumu,Bilgi,Etkinlik,Jenerik,Türkçe,Body,pd
güreş şampiyonası fikstür,Dünya Güreş Şampiyonası,Dövüş Sporları,Dünya Turnuvası,Milli,Orta,Karma,Milli Takım,Bireysel Spor,Global,Uluslararası,Türk Sporcu Var,Doğrulanacak,Yıllık,Turnuva,Fikstür,Bilgi,Etkinlik,Jenerik,Türkçe,Body,fik
halter şampiyonası,Dünya Halter Şampiyonası,Diğer,Dünya Turnuvası,Milli,Orta,Karma,Milli Takım,Bireysel Spor,Global,Uluslararası,Türk Sporcu Var,Doğrulanacak,Yıllık,Turnuva,Jenerik,Bilgi,Etkinlik,Jenerik,Türkçe,Head,jen
halter şampiyonası ne zaman,Dünya Halter Şampiyonası,Diğer,Dünya Turnuvası,Milli,Orta,Karma,Milli Takım,Bireysel Spor,Global,Uluslararası,Türk Sporcu Var,Doğrulanacak,Yıllık,Turnuva,Takvim/Saat,Bilgi,Etkinlik,Jenerik,Türkçe,Body,nezaman
halter şampiyonası takvim,Dünya Halter Şampiyonası,Diğer,Dünya Turnuvası,Milli,Orta,Karma,Milli Takım,Bireysel Spor,Global,Uluslararası,Türk Sporcu Var,Doğrulanacak,Yıllık,Turnuva,Takvim/Saat,Bilgi,Etkinlik,Jenerik,Türkçe,Body,takvim
halter şampiyonası canlı izle,Dünya Halter Şampiyonası,Diğer,Dünya Turnuvası,Milli,Orta,Karma,Milli Takım,Bireysel Spor,Global,Uluslararası,Türk Sporcu Var,Doğrulanacak,Yıllık,Turnuva,Canlı İzle,İzleme,Etkinlik,Jenerik,Türkçe,Body,izle
halter şampiyonası hangi kanalda,Dünya Halter Şampiyonası,Diğer,Dünya Turnuvası,Milli,Orta,Karma,Milli Takım,Bireysel Spor,Global,Uluslararası,Türk Sporcu Var,Doğrulanacak,Yıllık,Turnuva,Kanal/Yayın,İzleme,Etkinlik,Jenerik,Türkçe,Body,kanal
halter şampiyonası puan durumu,Dünya Halter Şampiyonası,Diğer,Dünya Turnuvası,Milli,Orta,Karma,Milli Takım,Bireysel Spor,Global,Uluslararası,Türk Sporcu Var,Doğrulanacak,Yıllık,Turnuva,Puan Durumu,Bilgi,Etkinlik,Jenerik,Türkçe,Body,pd
halter şampiyonası fikstür,Dünya Halter Şampiyonası,Diğer,Dünya Turnuvası,Milli,Orta,Karma,Milli Takım,Bireysel Spor,Global,Uluslararası,Türk Sporcu Var,Doğrulanacak,Yıllık,Turnuva,Fikstür,Bilgi,Etkinlik,Jenerik,Türkçe,Body,fik
okçuluk şampiyonası,Dünya Okçuluk Şampiyonası,Diğer,Dünya Turnuvası,Milli,Orta,Karma,Milli Takım,Bireysel Spor,Global,Uluslararası,Türk Sporcu Var,Doğrulanacak,Yıllık,Turnuva,Jenerik,Bilgi,Etkinlik,Jenerik,Türkçe,Head,jen
okçuluk şampiyonası ne zaman,Dünya Okçuluk Şampiyonası,Diğer,Dünya Turnuvası,Milli,Orta,Karma,Milli Takım,Bireysel Spor,Global,Uluslararası,Türk Sporcu Var,Doğrulanacak,Yıllık,Turnuva,Takvim/Saat,Bilgi,Etkinlik,Jenerik,Türkçe,Body,nezaman
okçuluk şampiyonası takvim,Dünya Okçuluk Şampiyonası,Diğer,Dünya Turnuvası,Milli,Orta,Karma,Milli Takım,Bireysel Spor,Global,Uluslararası,Türk Sporcu Var,Doğrulanacak,Yıllık,Turnuva,Takvim/Saat,Bilgi,Etkinlik,Jenerik,Türkçe,Body,takvim
okçuluk şampiyonası canlı izle,Dünya Okçuluk Şampiyonası,Diğer,Dünya Turnuvası,Milli,Orta,Karma,Milli Takım,Bireysel Spor,Global,Uluslararası,Türk Sporcu Var,Doğrulanacak,Yıllık,Turnuva,Canlı İzle,İzleme,Etkinlik,Jenerik,Türkçe,Body,izle
okçuluk şampiyonası hangi kanalda,Dünya Okçuluk Şampiyonası,Diğer,Dünya Turnuvası,Milli,Orta,Karma,Milli Takım,Bireysel Spor,Global,Uluslararası,Türk Sporcu Var,Doğrulanacak,Yıllık,Turnuva,Kanal/Yayın,İzleme,Etkinlik,Jenerik,Türkçe,Body,kanal
okçuluk şampiyonası puan durumu,Dünya Okçuluk Şampiyonası,Diğer,Dünya Turnuvası,Milli,Orta,Karma,Milli Takım,Bireysel Spor,Global,Uluslararası,Türk Sporcu Var,Doğrulanacak,Yıllık,Turnuva,Puan Durumu,Bilgi,Etkinlik,Jenerik,Türkçe,Body,pd
okçuluk şampiyonası fikstür,Dünya Okçuluk Şampiyonası,Diğer,Dünya Turnuvası,Milli,Orta,Karma,Milli Takım,Bireysel Spor,Global,Uluslararası,Türk Sporcu Var,Doğrulanacak,Yıllık,Turnuva,Fikstür,Bilgi,Etkinlik,Jenerik,Türkçe,Body,fik
jimnastik şampiyonası,Dünya Jimnastik Şampiyonası,Diğer,Dünya Turnuvası,Milli,Orta,Karma,Milli Takım,Bireysel Spor,Global,Uluslararası,Türk Sporcu Var,Doğrulanacak,Yıllık,Turnuva,Jenerik,Bilgi,Etkinlik,Jenerik,Türkçe,Head,jen
jimnastik şampiyonası ne zaman,Dünya Jimnastik Şampiyonası,Diğer,Dünya Turnuvası,Milli,Orta,Karma,Milli Takım,Bireysel Spor,Global,Uluslararası,Türk Sporcu Var,Doğrulanacak,Yıllık,Turnuva,Takvim/Saat,Bilgi,Etkinlik,Jenerik,Türkçe,Body,nezaman
jimnastik şampiyonası takvim,Dünya Jimnastik Şampiyonası,Diğer,Dünya Turnuvası,Milli,Orta,Karma,Milli Takım,Bireysel Spor,Global,Uluslararası,Türk Sporcu Var,Doğrulanacak,Yıllık,Turnuva,Takvim/Saat,Bilgi,Etkinlik,Jenerik,Türkçe,Body,takvim
jimnastik şampiyonası canlı izle,Dünya Jimnastik Şampiyonası,Diğer,Dünya Turnuvası,Milli,Orta,Karma,Milli Takım,Bireysel Spor,Global,Uluslararası,Türk Sporcu Var,Doğrulanacak,Yıllık,Turnuva,Canlı İzle,İzleme,Etkinlik,Jenerik,Türkçe,Body,izle
jimnastik şampiyonası hangi kanalda,Dünya Jimnastik Şampiyonası,Diğer,Dünya Turnuvası,Milli,Orta,Karma,Milli Takım,Bireysel Spor,Global,Uluslararası,Türk Sporcu Var,Doğrulanacak,Yıllık,Turnuva,Kanal/Yayın,İzleme,Etkinlik,Jenerik,Türkçe,Body,kanal
jimnastik şampiyonası puan durumu,Dünya Jimnastik Şampiyonası,Diğer,Dünya Turnuvası,Milli,Orta,Karma,Milli Takım,Bireysel Spor,Global,Uluslararası,Türk Sporcu Var,Doğrulanacak,Yıllık,Turnuva,Puan Durumu,Bilgi,Etkinlik,Jenerik,Türkçe,Body,pd
jimnastik şampiyonası fikstür,Dünya Jimnastik Şampiyonası,Diğer,Dünya Turnuvası,Milli,Orta,Karma,Milli Takım,Bireysel Spor,Global,Uluslararası,Türk Sporcu Var,Doğrulanacak,Yıllık,Turnuva,Fikstür,Bilgi,Etkinlik,Jenerik,Türkçe,Body,fik
taekwondo şampiyonası,Dünya Taekwondo Şampiyonası,Dövüş Sporları,Dünya Turnuvası,Milli,Orta,Karma,Milli Takım,Bireysel Spor,Global,Uluslararası,Türk Sporcu Var,Doğrulanacak,2 Yılda Bir,Turnuva,Jenerik,Bilgi,Etkinlik,Jenerik,Türkçe,Head,jen
taekwondo şampiyonası ne zaman,Dünya Taekwondo Şampiyonası,Dövüş Sporları,Dünya Turnuvası,Milli,Orta,Karma,Milli Takım,Bireysel Spor,Global,Uluslararası,Türk Sporcu Var,Doğrulanacak,2 Yılda Bir,Turnuva,Takvim/Saat,Bilgi,Etkinlik,Jenerik,Türkçe,Body,nezaman
taekwondo şampiyonası takvim,Dünya Taekwondo Şampiyonası,Dövüş Sporları,Dünya Turnuvası,Milli,Orta,Karma,Milli Takım,Bireysel Spor,Global,Uluslararası,Türk Sporcu Var,Doğrulanacak,2 Yılda Bir,Turnuva,Takvim/Saat,Bilgi,Etkinlik,Jenerik,Türkçe,Body,takvim
taekwondo şampiyonası canlı izle,Dünya Taekwondo Şampiyonası,Dövüş Sporları,Dünya Turnuvası,Milli,Orta,Karma,Milli Takım,Bireysel Spor,Global,Uluslararası,Türk Sporcu Var,Doğrulanacak,2 Yılda Bir,Turnuva,Canlı İzle,İzleme,Etkinlik,Jenerik,Türkçe,Body,izle
taekwondo şampiyonası hangi kanalda,Dünya Taekwondo Şampiyonası,Dövüş Sporları,Dünya Turnuvası,Milli,Orta,Karma,Milli Takım,Bireysel Spor,Global,Uluslararası,Türk Sporcu Var,Doğrulanacak,2 Yılda Bir,Turnuva,Kanal/Yayın,İzleme,Etkinlik,Jenerik,Türkçe,Body,kanal
taekwondo şampiyonası puan durumu,Dünya Taekwondo Şampiyonası,Dövüş Sporları,Dünya Turnuvası,Milli,Orta,Karma,Milli Takım,Bireysel Spor,Global,Uluslararası,Türk Sporcu Var,Doğrulanacak,2 Yılda Bir,Turnuva,Puan Durumu,Bilgi,Etkinlik,Jenerik,Türkçe,Body,pd
taekwondo şampiyonası fikstür,Dünya Taekwondo Şampiyonası,Dövüş Sporları,Dünya Turnuvası,Milli,Orta,Karma,Milli Takım,Bireysel Spor,Global,Uluslararası,Türk Sporcu Var,Doğrulanacak,2 Yılda Bir,Turnuva,Fikstür,Bilgi,Etkinlik,Jenerik,Türkçe,Body,fik
judo şampiyonası,Dünya Judo Şampiyonası,Dövüş Sporları,Dünya Turnuvası,Milli,Orta,Karma,Milli Takım,Bireysel Spor,Global,Uluslararası,Türk Sporcu Var,Doğrulanacak,Yıllık,Turnuva,Jenerik,Bilgi,Etkinlik,Jenerik,Türkçe,Head,jen
judo şampiyonası ne zaman,Dünya Judo Şampiyonası,Dövüş Sporları,Dünya Turnuvası,Milli,Orta,Karma,Milli Takım,Bireysel Spor,Global,Uluslararası,Türk Sporcu Var,Doğrulanacak,Yıllık,Turnuva,Takvim/Saat,Bilgi,Etkinlik,Jenerik,Türkçe,Body,nezaman
judo şampiyonası takvim,Dünya Judo Şampiyonası,Dövüş Sporları,Dünya Turnuvası,Milli,Orta,Karma,Milli Takım,Bireysel Spor,Global,Uluslararası,Türk Sporcu Var,Doğrulanacak,Yıllık,Turnuva,Takvim/Saat,Bilgi,Etkinlik,Jenerik,Türkçe,Body,takvim
judo şampiyonası canlı izle,Dünya Judo Şampiyonası,Dövüş Sporları,Dünya Turnuvası,Milli,Orta,Karma,Milli Takım,Bireysel Spor,Global,Uluslararası,Türk Sporcu Var,Doğrulanacak,Yıllık,Turnuva,Canlı İzle,İzleme,Etkinlik,Jenerik,Türkçe,Body,izle
judo şampiyonası hangi kanalda,Dünya Judo Şampiyonası,Dövüş Sporları,Dünya Turnuvası,Milli,Orta,Karma,Milli Takım,Bireysel Spor,Global,Uluslararası,Türk Sporcu Var,Doğrulanacak,Yıllık,Turnuva,Kanal/Yayın,İzleme,Etkinlik,Jenerik,Türkçe,Body,kanal
judo şampiyonası puan durumu,Dünya Judo Şampiyonası,Dövüş Sporları,Dünya Turnuvası,Milli,Orta,Karma,Milli Takım,Bireysel Spor,Global,Uluslararası,Türk Sporcu Var,Doğrulanacak,Yıllık,Turnuva,Puan Durumu,Bilgi,Etkinlik,Jenerik,Türkçe,Body,pd
judo şampiyonası fikstür,Dünya Judo Şampiyonası,Dövüş Sporları,Dünya Turnuvası,Milli,Orta,Karma,Milli Takım,Bireysel Spor,Global,Uluslararası,Türk Sporcu Var,Doğrulanacak,Yıllık,Turnuva,Fikstür,Bilgi,Etkinlik,Jenerik,Türkçe,Body,fik
hentbol dünya şampiyonası,Dünya Hentbol Şampiyonası,Hentbol,Dünya Turnuvası,Milli,Orta,Karma,Milli Takım,Takım Sporu,Global,Uluslararası,Türk Sporcu Var,Doğrulanacak,2 Yılda Bir,Turnuva,Jenerik,Bilgi,Etkinlik,Jenerik,Türkçe,Body,jen
hentbol dünya şampiyonası ne zaman,Dünya Hentbol Şampiyonası,Hentbol,Dünya Turnuvası,Milli,Orta,Karma,Milli Takım,Takım Sporu,Global,Uluslararası,Türk Sporcu Var,Doğrulanacak,2 Yılda Bir,Turnuva,Takvim/Saat,Bilgi,Etkinlik,Jenerik,Türkçe,Long-tail,nezaman
hentbol dünya şampiyonası takvim,Dünya Hentbol Şampiyonası,Hentbol,Dünya Turnuvası,Milli,Orta,Karma,Milli Takım,Takım Sporu,Global,Uluslararası,Türk Sporcu Var,Doğrulanacak,2 Yılda Bir,Turnuva,Takvim/Saat,Bilgi,Etkinlik,Jenerik,Türkçe,Body,takvim
hentbol dünya şampiyonası canlı izle,Dünya Hentbol Şampiyonası,Hentbol,Dünya Turnuvası,Milli,Orta,Karma,Milli Takım,Takım Sporu,Global,Uluslararası,Türk Sporcu Var,Doğrulanacak,2 Yılda Bir,Turnuva,Canlı İzle,İzleme,Etkinlik,Jenerik,Türkçe,Long-tail,izle
hentbol dünya şampiyonası hangi kanalda,Dünya Hentbol Şampiyonası,Hentbol,Dünya Turnuvası,Milli,Orta,Karma,Milli Takım,Takım Sporu,Global,Uluslararası,Türk Sporcu Var,Doğrulanacak,2 Yılda Bir,Turnuva,Kanal/Yayın,İzleme,Etkinlik,Jenerik,Türkçe,Long-tail,kanal
hentbol dünya şampiyonası puan durumu,Dünya Hentbol Şampiyonası,Hentbol,Dünya Turnuvası,Milli,Orta,Karma,Milli Takım,Takım Sporu,Global,Uluslararası,Türk Sporcu Var,Doğrulanacak,2 Yılda Bir,Turnuva,Puan Durumu,Bilgi,Etkinlik,Jenerik,Türkçe,Long-tail,pd
hentbol dünya şampiyonası fikstür,Dünya Hentbol Şampiyonası,Hentbol,Dünya Turnuvası,Milli,Orta,Karma,Milli Takım,Takım Sporu,Global,Uluslararası,Türk Sporcu Var,Doğrulanacak,2 Yılda Bir,Turnuva,Fikstür,Bilgi,Etkinlik,Jenerik,Türkçe,Body,fik
masa tenisi şampiyonası,Dünya Masa Tenisi Şampiyonası,Diğer,Dünya Turnuvası,Milli,Orta,Karma,Milli Takım,Bireysel Spor,Global,Uluslararası,Türk Sporcu Var,Doğrulanacak,2 Yılda Bir,Turnuva,Jenerik,Bilgi,Etkinlik,Jenerik,Türkçe,Body,jen
masa tenisi şampiyonası ne zaman,Dünya Masa Tenisi Şampiyonası,Diğer,Dünya Turnuvası,Milli,Orta,Karma,Milli Takım,Bireysel Spor,Global,Uluslararası,Türk Sporcu Var,Doğrulanacak,2 Yılda Bir,Turnuva,Takvim/Saat,Bilgi,Etkinlik,Jenerik,Türkçe,Long-tail,nezaman
masa tenisi şampiyonası takvim,Dünya Masa Tenisi Şampiyonası,Diğer,Dünya Turnuvası,Milli,Orta,Karma,Milli Takım,Bireysel Spor,Global,Uluslararası,Türk Sporcu Var,Doğrulanacak,2 Yılda Bir,Turnuva,Takvim/Saat,Bilgi,Etkinlik,Jenerik,Türkçe,Body,takvim
masa tenisi şampiyonası canlı izle,Dünya Masa Tenisi Şampiyonası,Diğer,Dünya Turnuvası,Milli,Orta,Karma,Milli Takım,Bireysel Spor,Global,Uluslararası,Türk Sporcu Var,Doğrulanacak,2 Yılda Bir,Turnuva,Canlı İzle,İzleme,Etkinlik,Jenerik,Türkçe,Long-tail,izle
masa tenisi şampiyonası hangi kanalda,Dünya Masa Tenisi Şampiyonası,Diğer,Dünya Turnuvası,Milli,Orta,Karma,Milli Takım,Bireysel Spor,Global,Uluslararası,Türk Sporcu Var,Doğrulanacak,2 Yılda Bir,Turnuva,Kanal/Yayın,İzleme,Etkinlik,Jenerik,Türkçe,Long-tail,kanal
masa tenisi şampiyonası puan durumu,Dünya Masa Tenisi Şampiyonası,Diğer,Dünya Turnuvası,Milli,Orta,Karma,Milli Takım,Bireysel Spor,Global,Uluslararası,Türk Sporcu Var,Doğrulanacak,2 Yılda Bir,Turnuva,Puan Durumu,Bilgi,Etkinlik,Jenerik,Türkçe,Long-tail,pd
masa tenisi şampiyonası fikstür,Dünya Masa Tenisi Şampiyonası,Diğer,Dünya Turnuvası,Milli,Orta,Karma,Milli Takım,Bireysel Spor,Global,Uluslararası,Türk Sporcu Var,Doğrulanacak,2 Yılda Bir,Turnuva,Fikstür,Bilgi,Etkinlik,Jenerik,Türkçe,Body,fik
buz hokeyi şampiyonası,Dünya Buz Hokeyi Şampiyonası,Buz Hokeyi,Dünya Turnuvası,Milli,Orta,Erkek,Milli Takım,Takım Sporu,Global,Uluslararası,Türk Sporcu Var,Doğrulanacak,Yıllık,Turnuva,Jenerik,Bilgi,Etkinlik,Jenerik,Türkçe,Body,jen
buz hokeyi şampiyonası ne zaman,Dünya Buz Hokeyi Şampiyonası,Buz Hokeyi,Dünya Turnuvası,Milli,Orta,Erkek,Milli Takım,Takım Sporu,Global,Uluslararası,Türk Sporcu Var,Doğrulanacak,Yıllık,Turnuva,Takvim/Saat,Bilgi,Etkinlik,Jenerik,Türkçe,Long-tail,nezaman
buz hokeyi şampiyonası takvim,Dünya Buz Hokeyi Şampiyonası,Buz Hokeyi,Dünya Turnuvası,Milli,Orta,Erkek,Milli Takım,Takım Sporu,Global,Uluslararası,Türk Sporcu Var,Doğrulanacak,Yıllık,Turnuva,Takvim/Saat,Bilgi,Etkinlik,Jenerik,Türkçe,Body,takvim
buz hokeyi şampiyonası canlı izle,Dünya Buz Hokeyi Şampiyonası,Buz Hokeyi,Dünya Turnuvası,Milli,Orta,Erkek,Milli Takım,Takım Sporu,Global,Uluslararası,Türk Sporcu Var,Doğrulanacak,Yıllık,Turnuva,Canlı İzle,İzleme,Etkinlik,Jenerik,Türkçe,Long-tail,izle
buz hokeyi şampiyonası hangi kanalda,Dünya Buz Hokeyi Şampiyonası,Buz Hokeyi,Dünya Turnuvası,Milli,Orta,Erkek,Milli Takım,Takım Sporu,Global,Uluslararası,Türk Sporcu Var,Doğrulanacak,Yıllık,Turnuva,Kanal/Yayın,İzleme,Etkinlik,Jenerik,Türkçe,Long-tail,kanal
buz hokeyi şampiyonası puan durumu,Dünya Buz Hokeyi Şampiyonası,Buz Hokeyi,Dünya Turnuvası,Milli,Orta,Erkek,Milli Takım,Takım Sporu,Global,Uluslararası,Türk Sporcu Var,Doğrulanacak,Yıllık,Turnuva,Puan Durumu,Bilgi,Etkinlik,Jenerik,Türkçe,Long-tail,pd
buz hokeyi şampiyonası fikstür,Dünya Buz Hokeyi Şampiyonası,Buz Hokeyi,Dünya Turnuvası,Milli,Orta,Erkek,Milli Takım,Takım Sporu,Global,Uluslararası,Türk Sporcu Var,Doğrulanacak,Yıllık,Turnuva,Fikstür,Bilgi,Etkinlik,Jenerik,Türkçe,Body,fik
basketbol dünya kupası,Dünya Basketbol Kupası,Basketbol,Dünya Turnuvası,Milli,Orta,Erkek,Milli Takım,Takım Sporu,Global,Uluslararası,Türk Sporcu Var,Doğrulanacak,4 Yılda Bir,Turnuva,Jenerik,Bilgi,Etkinlik,Jenerik,Türkçe,Body,jen
basketbol dünya kupası ne zaman,Dünya Basketbol Kupası,Basketbol,Dünya Turnuvası,Milli,Orta,Erkek,Milli Takım,Takım Sporu,Global,Uluslararası,Türk Sporcu Var,Doğrulanacak,4 Yılda Bir,Turnuva,Takvim/Saat,Bilgi,Etkinlik,Jenerik,Türkçe,Long-tail,nezaman
basketbol dünya kupası takvim,Dünya Basketbol Kupası,Basketbol,Dünya Turnuvası,Milli,Orta,Erkek,Milli Takım,Takım Sporu,Global,Uluslararası,Türk Sporcu Var,Doğrulanacak,4 Yılda Bir,Turnuva,Takvim/Saat,Bilgi,Etkinlik,Jenerik,Türkçe,Body,takvim
basketbol dünya kupası canlı izle,Dünya Basketbol Kupası,Basketbol,Dünya Turnuvası,Milli,Orta,Erkek,Milli Takım,Takım Sporu,Global,Uluslararası,Türk Sporcu Var,Doğrulanacak,4 Yılda Bir,Turnuva,Canlı İzle,İzleme,Etkinlik,Jenerik,Türkçe,Long-tail,izle
basketbol dünya kupası hangi kanalda,Dünya Basketbol Kupası,Basketbol,Dünya Turnuvası,Milli,Orta,Erkek,Milli Takım,Takım Sporu,Global,Uluslararası,Türk Sporcu Var,Doğrulanacak,4 Yılda Bir,Turnuva,Kanal/Yayın,İzleme,Etkinlik,Jenerik,Türkçe,Long-tail,kanal
basketbol dünya kupası puan durumu,Dünya Basketbol Kupası,Basketbol,Dünya Turnuvası,Milli,Orta,Erkek,Milli Takım,Takım Sporu,Global,Uluslararası,Türk Sporcu Var,Doğrulanacak,4 Yılda Bir,Turnuva,Puan Durumu,Bilgi,Etkinlik,Jenerik,Türkçe,Long-tail,pd
basketbol dünya kupası fikstür,Dünya Basketbol Kupası,Basketbol,Dünya Turnuvası,Milli,Orta,Erkek,Milli Takım,Takım Sporu,Global,Uluslararası,Türk Sporcu Var,Doğrulanacak,4 Yılda Bir,Turnuva,Fikstür,Bilgi,Etkinlik,Jenerik,Türkçe,Body,fik
kadınlar eurobasket,Kadınlar EuroBasket,Basketbol,Dünya Turnuvası,Milli,Orta,Kadın,Milli Takım,Takım Sporu,Global,Uluslararası,Türk Sporcu Var,Doğrulanacak,2 Yılda Bir,Turnuva,Jenerik,Bilgi,Etkinlik,Jenerik,Türkçe,Head,jen
kadınlar eurobasket ne zaman,Kadınlar EuroBasket,Basketbol,Dünya Turnuvası,Milli,Orta,Kadın,Milli Takım,Takım Sporu,Global,Uluslararası,Türk Sporcu Var,Doğrulanacak,2 Yılda Bir,Turnuva,Takvim/Saat,Bilgi,Etkinlik,Jenerik,Türkçe,Body,nezaman
kadınlar eurobasket takvim,Kadınlar EuroBasket,Basketbol,Dünya Turnuvası,Milli,Orta,Kadın,Milli Takım,Takım Sporu,Global,Uluslararası,Türk Sporcu Var,Doğrulanacak,2 Yılda Bir,Turnuva,Takvim/Saat,Bilgi,Etkinlik,Jenerik,Türkçe,Body,takvim
kadınlar eurobasket canlı izle,Kadınlar EuroBasket,Basketbol,Dünya Turnuvası,Milli,Orta,Kadın,Milli Takım,Takım Sporu,Global,Uluslararası,Türk Sporcu Var,Doğrulanacak,2 Yılda Bir,Turnuva,Canlı İzle,İzleme,Etkinlik,Jenerik,Türkçe,Body,izle
kadınlar eurobasket hangi kanalda,Kadınlar EuroBasket,Basketbol,Dünya Turnuvası,Milli,Orta,Kadın,Milli Takım,Takım Sporu,Global,Uluslararası,Türk Sporcu Var,Doğrulanacak,2 Yılda Bir,Turnuva,Kanal/Yayın,İzleme,Etkinlik,Jenerik,Türkçe,Body,kanal
kadınlar eurobasket puan durumu,Kadınlar EuroBasket,Basketbol,Dünya Turnuvası,Milli,Orta,Kadın,Milli Takım,Takım Sporu,Global,Uluslararası,Türk Sporcu Var,Doğrulanacak,2 Yılda Bir,Turnuva,Puan Durumu,Bilgi,Etkinlik,Jenerik,Türkçe,Body,pd
kadınlar eurobasket fikstür,Kadınlar EuroBasket,Basketbol,Dünya Turnuvası,Milli,Orta,Kadın,Milli Takım,Takım Sporu,Global,Uluslararası,Türk Sporcu Var,Doğrulanacak,2 Yılda Bir,Turnuva,Fikstür,Bilgi,Etkinlik,Jenerik,Türkçe,Body,fik
kadın basketbol avrupa şampiyonası,Kadınlar EuroBasket,Basketbol,Dünya Turnuvası,Milli,Orta,Kadın,Milli Takım,Takım Sporu,Global,Uluslararası,Türk Sporcu Var,Doğrulanacak,2 Yılda Bir,Turnuva,Jenerik,Bilgi,Etkinlik,Jenerik,Türkçe,Body,jen
kadın basketbol avrupa şampiyonası ne zaman,Kadınlar EuroBasket,Basketbol,Dünya Turnuvası,Milli,Orta,Kadın,Milli Takım,Takım Sporu,Global,Uluslararası,Türk Sporcu Var,Doğrulanacak,2 Yılda Bir,Turnuva,Takvim/Saat,Bilgi,Etkinlik,Jenerik,Türkçe,Long-tail,nezaman
kadın basketbol avrupa şampiyonası takvim,Kadınlar EuroBasket,Basketbol,Dünya Turnuvası,Milli,Orta,Kadın,Milli Takım,Takım Sporu,Global,Uluslararası,Türk Sporcu Var,Doğrulanacak,2 Yılda Bir,Turnuva,Takvim/Saat,Bilgi,Etkinlik,Jenerik,Türkçe,Long-tail,takvim
kadın basketbol avrupa şampiyonası canlı izle,Kadınlar EuroBasket,Basketbol,Dünya Turnuvası,Milli,Orta,Kadın,Milli Takım,Takım Sporu,Global,Uluslararası,Türk Sporcu Var,Doğrulanacak,2 Yılda Bir,Turnuva,Canlı İzle,İzleme,Etkinlik,Jenerik,Türkçe,Long-tail,izle
kadın basketbol avrupa şampiyonası hangi kanalda,Kadınlar EuroBasket,Basketbol,Dünya Turnuvası,Milli,Orta,Kadın,Milli Takım,Takım Sporu,Global,Uluslararası,Türk Sporcu Var,Doğrulanacak,2 Yılda Bir,Turnuva,Kanal/Yayın,İzleme,Etkinlik,Jenerik,Türkçe,Long-tail,kanal
kadın basketbol avrupa şampiyonası puan durumu,Kadınlar EuroBasket,Basketbol,Dünya Turnuvası,Milli,Orta,Kadın,Milli Takım,Takım Sporu,Global,Uluslararası,Türk Sporcu Var,Doğrulanacak,2 Yılda Bir,Turnuva,Puan Durumu,Bilgi,Etkinlik,Jenerik,Türkçe,Long-tail,pd
kadın basketbol avrupa şampiyonası fikstür,Kadınlar EuroBasket,Basketbol,Dünya Turnuvası,Milli,Orta,Kadın,Milli Takım,Takım Sporu,Global,Uluslararası,Türk Sporcu Var,Doğrulanacak,2 Yılda Bir,Turnuva,Fikstür,Bilgi,Etkinlik,Jenerik,Türkçe,Long-tail,fik
kadınlar uluslar ligi,Kadınlar Voleybol Uluslar Ligi,Voleybol,Dünya Turnuvası,Milli,Orta,Kadın,Milli Takım,Takım Sporu,Global,Uluslararası,Türk Sporcu Var,Doğrulanacak,Yıllık,Turnuva,Jenerik,Bilgi,Etkinlik,Jenerik,Türkçe,Body,jen
kadınlar uluslar ligi ne zaman,Kadınlar Voleybol Uluslar Ligi,Voleybol,Dünya Turnuvası,Milli,Orta,Kadın,Milli Takım,Takım Sporu,Global,Uluslararası,Türk Sporcu Var,Doğrulanacak,Yıllık,Turnuva,Takvim/Saat,Bilgi,Etkinlik,Jenerik,Türkçe,Long-tail,nezaman
kadınlar uluslar ligi takvim,Kadınlar Voleybol Uluslar Ligi,Voleybol,Dünya Turnuvası,Milli,Orta,Kadın,Milli Takım,Takım Sporu,Global,Uluslararası,Türk Sporcu Var,Doğrulanacak,Yıllık,Turnuva,Takvim/Saat,Bilgi,Etkinlik,Jenerik,Türkçe,Body,takvim
kadınlar uluslar ligi canlı izle,Kadınlar Voleybol Uluslar Ligi,Voleybol,Dünya Turnuvası,Milli,Orta,Kadın,Milli Takım,Takım Sporu,Global,Uluslararası,Türk Sporcu Var,Doğrulanacak,Yıllık,Turnuva,Canlı İzle,İzleme,Etkinlik,Jenerik,Türkçe,Long-tail,izle
kadınlar uluslar ligi hangi kanalda,Kadınlar Voleybol Uluslar Ligi,Voleybol,Dünya Turnuvası,Milli,Orta,Kadın,Milli Takım,Takım Sporu,Global,Uluslararası,Türk Sporcu Var,Doğrulanacak,Yıllık,Turnuva,Kanal/Yayın,İzleme,Etkinlik,Jenerik,Türkçe,Long-tail,kanal
kadınlar uluslar ligi puan durumu,Kadınlar Voleybol Uluslar Ligi,Voleybol,Dünya Turnuvası,Milli,Orta,Kadın,Milli Takım,Takım Sporu,Global,Uluslararası,Türk Sporcu Var,Doğrulanacak,Yıllık,Turnuva,Puan Durumu,Bilgi,Etkinlik,Jenerik,Türkçe,Long-tail,pd
kadınlar uluslar ligi fikstür,Kadınlar Voleybol Uluslar Ligi,Voleybol,Dünya Turnuvası,Milli,Orta,Kadın,Milli Takım,Takım Sporu,Global,Uluslararası,Türk Sporcu Var,Doğrulanacak,Yıllık,Turnuva,Fikstür,Bilgi,Etkinlik,Jenerik,Türkçe,Body,fik
vnl kadınlar,Kadınlar Voleybol Uluslar Ligi,Voleybol,Dünya Turnuvası,Milli,Orta,Kadın,Milli Takım,Takım Sporu,Global,Uluslararası,Türk Sporcu Var,Doğrulanacak,Yıllık,Turnuva,Jenerik,Bilgi,Etkinlik,Jenerik,Türkçe,Head,jen
vnl kadınlar ne zaman,Kadınlar Voleybol Uluslar Ligi,Voleybol,Dünya Turnuvası,Milli,Orta,Kadın,Milli Takım,Takım Sporu,Global,Uluslararası,Türk Sporcu Var,Doğrulanacak,Yıllık,Turnuva,Takvim/Saat,Bilgi,Etkinlik,Jenerik,Türkçe,Body,nezaman
vnl kadınlar takvim,Kadınlar Voleybol Uluslar Ligi,Voleybol,Dünya Turnuvası,Milli,Orta,Kadın,Milli Takım,Takım Sporu,Global,Uluslararası,Türk Sporcu Var,Doğrulanacak,Yıllık,Turnuva,Takvim/Saat,Bilgi,Etkinlik,Jenerik,Türkçe,Body,takvim
vnl kadınlar canlı izle,Kadınlar Voleybol Uluslar Ligi,Voleybol,Dünya Turnuvası,Milli,Orta,Kadın,Milli Takım,Takım Sporu,Global,Uluslararası,Türk Sporcu Var,Doğrulanacak,Yıllık,Turnuva,Canlı İzle,İzleme,Etkinlik,Jenerik,Türkçe,Body,izle
vnl kadınlar hangi kanalda,Kadınlar Voleybol Uluslar Ligi,Voleybol,Dünya Turnuvası,Milli,Orta,Kadın,Milli Takım,Takım Sporu,Global,Uluslararası,Türk Sporcu Var,Doğrulanacak,Yıllık,Turnuva,Kanal/Yayın,İzleme,Etkinlik,Jenerik,Türkçe,Body,kanal
vnl kadınlar puan durumu,Kadınlar Voleybol Uluslar Ligi,Voleybol,Dünya Turnuvası,Milli,Orta,Kadın,Milli Takım,Takım Sporu,Global,Uluslararası,Türk Sporcu Var,Doğrulanacak,Yıllık,Turnuva,Puan Durumu,Bilgi,Etkinlik,Jenerik,Türkçe,Body,pd
vnl kadınlar fikstür,Kadınlar Voleybol Uluslar Ligi,Voleybol,Dünya Turnuvası,Milli,Orta,Kadın,Milli Takım,Takım Sporu,Global,Uluslararası,Türk Sporcu Var,Doğrulanacak,Yıllık,Turnuva,Fikstür,Bilgi,Etkinlik,Jenerik,Türkçe,Body,fik
fivb kadınlar uluslar ligi,Kadınlar Voleybol Uluslar Ligi,Voleybol,Dünya Turnuvası,Milli,Orta,Kadın,Milli Takım,Takım Sporu,Global,Uluslararası,Türk Sporcu Var,Doğrulanacak,Yıllık,Turnuva,Jenerik,Bilgi,Etkinlik,Jenerik,Türkçe,Body,jen
fivb kadınlar uluslar ligi ne zaman,Kadınlar Voleybol Uluslar Ligi,Voleybol,Dünya Turnuvası,Milli,Orta,Kadın,Milli Takım,Takım Sporu,Global,Uluslararası,Türk Sporcu Var,Doğrulanacak,Yıllık,Turnuva,Takvim/Saat,Bilgi,Etkinlik,Jenerik,Türkçe,Long-tail,nezaman
fivb kadınlar uluslar ligi takvim,Kadınlar Voleybol Uluslar Ligi,Voleybol,Dünya Turnuvası,Milli,Orta,Kadın,Milli Takım,Takım Sporu,Global,Uluslararası,Türk Sporcu Var,Doğrulanacak,Yıllık,Turnuva,Takvim/Saat,Bilgi,Etkinlik,Jenerik,Türkçe,Long-tail,takvim
fivb kadınlar uluslar ligi canlı izle,Kadınlar Voleybol Uluslar Ligi,Voleybol,Dünya Turnuvası,Milli,Orta,Kadın,Milli Takım,Takım Sporu,Global,Uluslararası,Türk Sporcu Var,Doğrulanacak,Yıllık,Turnuva,Canlı İzle,İzleme,Etkinlik,Jenerik,Türkçe,Long-tail,izle
fivb kadınlar uluslar ligi hangi kanalda,Kadınlar Voleybol Uluslar Ligi,Voleybol,Dünya Turnuvası,Milli,Orta,Kadın,Milli Takım,Takım Sporu,Global,Uluslararası,Türk Sporcu Var,Doğrulanacak,Yıllık,Turnuva,Kanal/Yayın,İzleme,Etkinlik,Jenerik,Türkçe,Long-tail,kanal
fivb kadınlar uluslar ligi puan durumu,Kadınlar Voleybol Uluslar Ligi,Voleybol,Dünya Turnuvası,Milli,Orta,Kadın,Milli Takım,Takım Sporu,Global,Uluslararası,Türk Sporcu Var,Doğrulanacak,Yıllık,Turnuva,Puan Durumu,Bilgi,Etkinlik,Jenerik,Türkçe,Long-tail,pd
fivb kadınlar uluslar ligi fikstür,Kadınlar Voleybol Uluslar Ligi,Voleybol,Dünya Turnuvası,Milli,Orta,Kadın,Milli Takım,Takım Sporu,Global,Uluslararası,Türk Sporcu Var,Doğrulanacak,Yıllık,Turnuva,Fikstür,Bilgi,Etkinlik,Jenerik,Türkçe,Long-tail,fik
vnl 2026,Kadınlar Voleybol Uluslar Ligi,Voleybol,Dünya Turnuvası,Milli,Orta,Kadın,Milli Takım,Takım Sporu,Global,Uluslararası,Türk Sporcu Var,Doğrulanacak,Yıllık,Turnuva,Jenerik,Bilgi,Etkinlik,Jenerik,İngilizce,Head,jen
vnl 2026 ne zaman,Kadınlar Voleybol Uluslar Ligi,Voleybol,Dünya Turnuvası,Milli,Orta,Kadın,Milli Takım,Takım Sporu,Global,Uluslararası,Türk Sporcu Var,Doğrulanacak,Yıllık,Turnuva,Takvim/Saat,Bilgi,Etkinlik,Jenerik,İngilizce,Body,nezaman
vnl 2026 takvim,Kadınlar Voleybol Uluslar Ligi,Voleybol,Dünya Turnuvası,Milli,Orta,Kadın,Milli Takım,Takım Sporu,Global,Uluslararası,Türk Sporcu Var,Doğrulanacak,Yıllık,Turnuva,Takvim/Saat,Bilgi,Etkinlik,Jenerik,İngilizce,Body,takvim
vnl 2026 canlı izle,Kadınlar Voleybol Uluslar Ligi,Voleybol,Dünya Turnuvası,Milli,Orta,Kadın,Milli Takım,Takım Sporu,Global,Uluslararası,Türk Sporcu Var,Doğrulanacak,Yıllık,Turnuva,Canlı İzle,İzleme,Etkinlik,Jenerik,Türkçe,Body,izle
vnl 2026 hangi kanalda,Kadınlar Voleybol Uluslar Ligi,Voleybol,Dünya Turnuvası,Milli,Orta,Kadın,Milli Takım,Takım Sporu,Global,Uluslararası,Türk Sporcu Var,Doğrulanacak,Yıllık,Turnuva,Kanal/Yayın,İzleme,Etkinlik,Jenerik,İngilizce,Body,kanal
vnl 2026 puan durumu,Kadınlar Voleybol Uluslar Ligi,Voleybol,Dünya Turnuvası,Milli,Orta,Kadın,Milli Takım,Takım Sporu,Global,Uluslararası,Türk Sporcu Var,Doğrulanacak,Yıllık,Turnuva,Puan Durumu,Bilgi,Etkinlik,Jenerik,İngilizce,Body,pd
vnl 2026 fikstür,Kadınlar Voleybol Uluslar Ligi,Voleybol,Dünya Turnuvası,Milli,Orta,Kadın,Milli Takım,Takım Sporu,Global,Uluslararası,Türk Sporcu Var,Doğrulanacak,Yıllık,Turnuva,Fikstür,Bilgi,Etkinlik,Jenerik,Türkçe,Body,fik
erkekler uluslar ligi,Erkekler Voleybol Uluslar Ligi,Voleybol,Dünya Turnuvası,Milli,Orta,Erkek,Milli Takım,Takım Sporu,Global,Uluslararası,Türk Sporcu Var,Doğrulanacak,Yıllık,Turnuva,Jenerik,Bilgi,Etkinlik,Jenerik,İngilizce,Body,jen
erkekler uluslar ligi ne zaman,Erkekler Voleybol Uluslar Ligi,Voleybol,Dünya Turnuvası,Milli,Orta,Erkek,Milli Takım,Takım Sporu,Global,Uluslararası,Türk Sporcu Var,Doğrulanacak,Yıllık,Turnuva,Takvim/Saat,Bilgi,Etkinlik,Jenerik,İngilizce,Long-tail,nezaman
erkekler uluslar ligi takvim,Erkekler Voleybol Uluslar Ligi,Voleybol,Dünya Turnuvası,Milli,Orta,Erkek,Milli Takım,Takım Sporu,Global,Uluslararası,Türk Sporcu Var,Doğrulanacak,Yıllık,Turnuva,Takvim/Saat,Bilgi,Etkinlik,Jenerik,İngilizce,Body,takvim
erkekler uluslar ligi canlı izle,Erkekler Voleybol Uluslar Ligi,Voleybol,Dünya Turnuvası,Milli,Orta,Erkek,Milli Takım,Takım Sporu,Global,Uluslararası,Türk Sporcu Var,Doğrulanacak,Yıllık,Turnuva,Canlı İzle,İzleme,Etkinlik,Jenerik,Türkçe,Long-tail,izle
erkekler uluslar ligi hangi kanalda,Erkekler Voleybol Uluslar Ligi,Voleybol,Dünya Turnuvası,Milli,Orta,Erkek,Milli Takım,Takım Sporu,Global,Uluslararası,Türk Sporcu Var,Doğrulanacak,Yıllık,Turnuva,Kanal/Yayın,İzleme,Etkinlik,Jenerik,İngilizce,Long-tail,kanal
erkekler uluslar ligi puan durumu,Erkekler Voleybol Uluslar Ligi,Voleybol,Dünya Turnuvası,Milli,Orta,Erkek,Milli Takım,Takım Sporu,Global,Uluslararası,Türk Sporcu Var,Doğrulanacak,Yıllık,Turnuva,Puan Durumu,Bilgi,Etkinlik,Jenerik,İngilizce,Long-tail,pd
erkekler uluslar ligi fikstür,Erkekler Voleybol Uluslar Ligi,Voleybol,Dünya Turnuvası,Milli,Orta,Erkek,Milli Takım,Takım Sporu,Global,Uluslararası,Türk Sporcu Var,Doğrulanacak,Yıllık,Turnuva,Fikstür,Bilgi,Etkinlik,Jenerik,Türkçe,Body,fik
vnl erkekler,Erkekler Voleybol Uluslar Ligi,Voleybol,Dünya Turnuvası,Milli,Orta,Erkek,Milli Takım,Takım Sporu,Global,Uluslararası,Türk Sporcu Var,Doğrulanacak,Yıllık,Turnuva,Jenerik,Bilgi,Etkinlik,Jenerik,İngilizce,Head,jen
vnl erkekler ne zaman,Erkekler Voleybol Uluslar Ligi,Voleybol,Dünya Turnuvası,Milli,Orta,Erkek,Milli Takım,Takım Sporu,Global,Uluslararası,Türk Sporcu Var,Doğrulanacak,Yıllık,Turnuva,Takvim/Saat,Bilgi,Etkinlik,Jenerik,İngilizce,Body,nezaman
vnl erkekler takvim,Erkekler Voleybol Uluslar Ligi,Voleybol,Dünya Turnuvası,Milli,Orta,Erkek,Milli Takım,Takım Sporu,Global,Uluslararası,Türk Sporcu Var,Doğrulanacak,Yıllık,Turnuva,Takvim/Saat,Bilgi,Etkinlik,Jenerik,İngilizce,Body,takvim
vnl erkekler canlı izle,Erkekler Voleybol Uluslar Ligi,Voleybol,Dünya Turnuvası,Milli,Orta,Erkek,Milli Takım,Takım Sporu,Global,Uluslararası,Türk Sporcu Var,Doğrulanacak,Yıllık,Turnuva,Canlı İzle,İzleme,Etkinlik,Jenerik,Türkçe,Body,izle
vnl erkekler hangi kanalda,Erkekler Voleybol Uluslar Ligi,Voleybol,Dünya Turnuvası,Milli,Orta,Erkek,Milli Takım,Takım Sporu,Global,Uluslararası,Türk Sporcu Var,Doğrulanacak,Yıllık,Turnuva,Kanal/Yayın,İzleme,Etkinlik,Jenerik,İngilizce,Body,kanal
vnl erkekler puan durumu,Erkekler Voleybol Uluslar Ligi,Voleybol,Dünya Turnuvası,Milli,Orta,Erkek,Milli Takım,Takım Sporu,Global,Uluslararası,Türk Sporcu Var,Doğrulanacak,Yıllık,Turnuva,Puan Durumu,Bilgi,Etkinlik,Jenerik,İngilizce,Body,pd
vnl erkekler fikstür,Erkekler Voleybol Uluslar Ligi,Voleybol,Dünya Turnuvası,Milli,Orta,Erkek,Milli Takım,Takım Sporu,Global,Uluslararası,Türk Sporcu Var,Doğrulanacak,Yıllık,Turnuva,Fikstür,Bilgi,Etkinlik,Jenerik,Türkçe,Body,fik
kadınlar voleybol dünya şampiyonası,Kadınlar Voleybol Dünya Şampiyonası,Voleybol,Dünya Turnuvası,Milli,Orta,Kadın,Milli Takım,Takım Sporu,Global,Uluslararası,Türk Sporcu Var,Doğrulanacak,4 Yılda Bir,Turnuva,Jenerik,Bilgi,Etkinlik,Jenerik,Türkçe,Body,jen
kadınlar voleybol dünya şampiyonası ne zaman,Kadınlar Voleybol Dünya Şampiyonası,Voleybol,Dünya Turnuvası,Milli,Orta,Kadın,Milli Takım,Takım Sporu,Global,Uluslararası,Türk Sporcu Var,Doğrulanacak,4 Yılda Bir,Turnuva,Takvim/Saat,Bilgi,Etkinlik,Jenerik,Türkçe,Long-tail,nezaman
kadınlar voleybol dünya şampiyonası takvim,Kadınlar Voleybol Dünya Şampiyonası,Voleybol,Dünya Turnuvası,Milli,Orta,Kadın,Milli Takım,Takım Sporu,Global,Uluslararası,Türk Sporcu Var,Doğrulanacak,4 Yılda Bir,Turnuva,Takvim/Saat,Bilgi,Etkinlik,Jenerik,Türkçe,Long-tail,takvim
kadınlar voleybol dünya şampiyonası canlı izle,Kadınlar Voleybol Dünya Şampiyonası,Voleybol,Dünya Turnuvası,Milli,Orta,Kadın,Milli Takım,Takım Sporu,Global,Uluslararası,Türk Sporcu Var,Doğrulanacak,4 Yılda Bir,Turnuva,Canlı İzle,İzleme,Etkinlik,Jenerik,Türkçe,Long-tail,izle
kadınlar voleybol dünya şampiyonası hangi kanalda,Kadınlar Voleybol Dünya Şampiyonası,Voleybol,Dünya Turnuvası,Milli,Orta,Kadın,Milli Takım,Takım Sporu,Global,Uluslararası,Türk Sporcu Var,Doğrulanacak,4 Yılda Bir,Turnuva,Kanal/Yayın,İzleme,Etkinlik,Jenerik,Türkçe,Long-tail,kanal
kadınlar voleybol dünya şampiyonası puan durumu,Kadınlar Voleybol Dünya Şampiyonası,Voleybol,Dünya Turnuvası,Milli,Orta,Kadın,Milli Takım,Takım Sporu,Global,Uluslararası,Türk Sporcu Var,Doğrulanacak,4 Yılda Bir,Turnuva,Puan Durumu,Bilgi,Etkinlik,Jenerik,Türkçe,Long-tail,pd
kadınlar voleybol dünya şampiyonası fikstür,Kadınlar Voleybol Dünya Şampiyonası,Voleybol,Dünya Turnuvası,Milli,Orta,Kadın,Milli Takım,Takım Sporu,Global,Uluslararası,Türk Sporcu Var,Doğrulanacak,4 Yılda Bir,Turnuva,Fikstür,Bilgi,Etkinlik,Jenerik,Türkçe,Long-tail,fik
kadınlar voleybol avrupa şampiyonası,Kadınlar Voleybol Avrupa Şampiyonası,Voleybol,Dünya Turnuvası,Milli,Orta,Kadın,Milli Takım,Takım Sporu,Global,Uluslararası,Türk Sporcu Var,Doğrulanacak,2 Yılda Bir,Turnuva,Jenerik,Bilgi,Etkinlik,Jenerik,Türkçe,Body,jen
kadınlar voleybol avrupa şampiyonası ne zaman,Kadınlar Voleybol Avrupa Şampiyonası,Voleybol,Dünya Turnuvası,Milli,Orta,Kadın,Milli Takım,Takım Sporu,Global,Uluslararası,Türk Sporcu Var,Doğrulanacak,2 Yılda Bir,Turnuva,Takvim/Saat,Bilgi,Etkinlik,Jenerik,Türkçe,Long-tail,nezaman
kadınlar voleybol avrupa şampiyonası takvim,Kadınlar Voleybol Avrupa Şampiyonası,Voleybol,Dünya Turnuvası,Milli,Orta,Kadın,Milli Takım,Takım Sporu,Global,Uluslararası,Türk Sporcu Var,Doğrulanacak,2 Yılda Bir,Turnuva,Takvim/Saat,Bilgi,Etkinlik,Jenerik,Türkçe,Long-tail,takvim
kadınlar voleybol avrupa şampiyonası canlı izle,Kadınlar Voleybol Avrupa Şampiyonası,Voleybol,Dünya Turnuvası,Milli,Orta,Kadın,Milli Takım,Takım Sporu,Global,Uluslararası,Türk Sporcu Var,Doğrulanacak,2 Yılda Bir,Turnuva,Canlı İzle,İzleme,Etkinlik,Jenerik,Türkçe,Long-tail,izle
kadınlar voleybol avrupa şampiyonası hangi kanalda,Kadınlar Voleybol Avrupa Şampiyonası,Voleybol,Dünya Turnuvası,Milli,Orta,Kadın,Milli Takım,Takım Sporu,Global,Uluslararası,Türk Sporcu Var,Doğrulanacak,2 Yılda Bir,Turnuva,Kanal/Yayın,İzleme,Etkinlik,Jenerik,Türkçe,Long-tail,kanal
kadınlar voleybol avrupa şampiyonası puan durumu,Kadınlar Voleybol Avrupa Şampiyonası,Voleybol,Dünya Turnuvası,Milli,Orta,Kadın,Milli Takım,Takım Sporu,Global,Uluslararası,Türk Sporcu Var,Doğrulanacak,2 Yılda Bir,Turnuva,Puan Durumu,Bilgi,Etkinlik,Jenerik,Türkçe,Long-tail,pd
kadınlar voleybol avrupa şampiyonası fikstür,Kadınlar Voleybol Avrupa Şampiyonası,Voleybol,Dünya Turnuvası,Milli,Orta,Kadın,Milli Takım,Takım Sporu,Global,Uluslararası,Türk Sporcu Var,Doğrulanacak,2 Yılda Bir,Turnuva,Fikstür,Bilgi,Etkinlik,Jenerik,Türkçe,Long-tail,fik
dünya kupası elemeleri,Dünya Kupası Elemeleri,Futbol,Dünya Turnuvası,Milli,Orta,Erkek,Milli Takım,Takım Sporu,Global,Uluslararası,Türk Sporcu Var,Doğrulanacak,4 Yılda Bir,Turnuva,Jenerik,Bilgi,Etkinlik,Jenerik,Türkçe,Body,jen
dünya kupası elemeleri ne zaman,Dünya Kupası Elemeleri,Futbol,Dünya Turnuvası,Milli,Orta,Erkek,Milli Takım,Takım Sporu,Global,Uluslararası,Türk Sporcu Var,Doğrulanacak,4 Yılda Bir,Turnuva,Takvim/Saat,Bilgi,Etkinlik,Jenerik,Türkçe,Long-tail,nezaman
dünya kupası elemeleri takvim,Dünya Kupası Elemeleri,Futbol,Dünya Turnuvası,Milli,Orta,Erkek,Milli Takım,Takım Sporu,Global,Uluslararası,Türk Sporcu Var,Doğrulanacak,4 Yılda Bir,Turnuva,Takvim/Saat,Bilgi,Etkinlik,Jenerik,Türkçe,Body,takvim
dünya kupası elemeleri canlı izle,Dünya Kupası Elemeleri,Futbol,Dünya Turnuvası,Milli,Orta,Erkek,Milli Takım,Takım Sporu,Global,Uluslararası,Türk Sporcu Var,Doğrulanacak,4 Yılda Bir,Turnuva,Canlı İzle,İzleme,Etkinlik,Jenerik,Türkçe,Long-tail,izle
dünya kupası elemeleri hangi kanalda,Dünya Kupası Elemeleri,Futbol,Dünya Turnuvası,Milli,Orta,Erkek,Milli Takım,Takım Sporu,Global,Uluslararası,Türk Sporcu Var,Doğrulanacak,4 Yılda Bir,Turnuva,Kanal/Yayın,İzleme,Etkinlik,Jenerik,Türkçe,Long-tail,kanal
dünya kupası elemeleri puan durumu,Dünya Kupası Elemeleri,Futbol,Dünya Turnuvası,Milli,Orta,Erkek,Milli Takım,Takım Sporu,Global,Uluslararası,Türk Sporcu Var,Doğrulanacak,4 Yılda Bir,Turnuva,Puan Durumu,Bilgi,Etkinlik,Jenerik,Türkçe,Long-tail,pd
dünya kupası elemeleri fikstür,Dünya Kupası Elemeleri,Futbol,Dünya Turnuvası,Milli,Orta,Erkek,Milli Takım,Takım Sporu,Global,Uluslararası,Türk Sporcu Var,Doğrulanacak,4 Yılda Bir,Turnuva,Fikstür,Bilgi,Etkinlik,Jenerik,Türkçe,Body,fik
dünya kupası eleme grupları,Dünya Kupası Elemeleri,Futbol,Dünya Turnuvası,Milli,Orta,Erkek,Milli Takım,Takım Sporu,Global,Uluslararası,Türk Sporcu Var,Doğrulanacak,4 Yılda Bir,Turnuva,Jenerik,Bilgi,Etkinlik,Jenerik,Türkçe,Body,jen
dünya kupası eleme grupları ne zaman,Dünya Kupası Elemeleri,Futbol,Dünya Turnuvası,Milli,Orta,Erkek,Milli Takım,Takım Sporu,Global,Uluslararası,Türk Sporcu Var,Doğrulanacak,4 Yılda Bir,Turnuva,Takvim/Saat,Bilgi,Etkinlik,Jenerik,Türkçe,Long-tail,nezaman
dünya kupası eleme grupları takvim,Dünya Kupası Elemeleri,Futbol,Dünya Turnuvası,Milli,Orta,Erkek,Milli Takım,Takım Sporu,Global,Uluslararası,Türk Sporcu Var,Doğrulanacak,4 Yılda Bir,Turnuva,Takvim/Saat,Bilgi,Etkinlik,Jenerik,Türkçe,Long-tail,takvim
dünya kupası eleme grupları canlı izle,Dünya Kupası Elemeleri,Futbol,Dünya Turnuvası,Milli,Orta,Erkek,Milli Takım,Takım Sporu,Global,Uluslararası,Türk Sporcu Var,Doğrulanacak,4 Yılda Bir,Turnuva,Canlı İzle,İzleme,Etkinlik,Jenerik,Türkçe,Long-tail,izle
dünya kupası eleme grupları hangi kanalda,Dünya Kupası Elemeleri,Futbol,Dünya Turnuvası,Milli,Orta,Erkek,Milli Takım,Takım Sporu,Global,Uluslararası,Türk Sporcu Var,Doğrulanacak,4 Yılda Bir,Turnuva,Kanal/Yayın,İzleme,Etkinlik,Jenerik,Türkçe,Long-tail,kanal
dünya kupası eleme grupları puan durumu,Dünya Kupası Elemeleri,Futbol,Dünya Turnuvası,Milli,Orta,Erkek,Milli Takım,Takım Sporu,Global,Uluslararası,Türk Sporcu Var,Doğrulanacak,4 Yılda Bir,Turnuva,Puan Durumu,Bilgi,Etkinlik,Jenerik,Türkçe,Long-tail,pd
dünya kupası eleme grupları fikstür,Dünya Kupası Elemeleri,Futbol,Dünya Turnuvası,Milli,Orta,Erkek,Milli Takım,Takım Sporu,Global,Uluslararası,Türk Sporcu Var,Doğrulanacak,4 Yılda Bir,Turnuva,Fikstür,Bilgi,Etkinlik,Jenerik,Türkçe,Long-tail,fik
euro elemeleri,EURO Elemeleri,Futbol,Dünya Turnuvası,Milli,Orta,Erkek,Milli Takım,Takım Sporu,Global,Uluslararası,Türk Sporcu Var,Doğrulanacak,4 Yılda Bir,Turnuva,Jenerik,Bilgi,Etkinlik,Jenerik,İngilizce,Head,jen
euro elemeleri ne zaman,EURO Elemeleri,Futbol,Dünya Turnuvası,Milli,Orta,Erkek,Milli Takım,Takım Sporu,Global,Uluslararası,Türk Sporcu Var,Doğrulanacak,4 Yılda Bir,Turnuva,Takvim/Saat,Bilgi,Etkinlik,Jenerik,İngilizce,Body,nezaman
euro elemeleri takvim,EURO Elemeleri,Futbol,Dünya Turnuvası,Milli,Orta,Erkek,Milli Takım,Takım Sporu,Global,Uluslararası,Türk Sporcu Var,Doğrulanacak,4 Yılda Bir,Turnuva,Takvim/Saat,Bilgi,Etkinlik,Jenerik,İngilizce,Body,takvim
euro elemeleri canlı izle,EURO Elemeleri,Futbol,Dünya Turnuvası,Milli,Orta,Erkek,Milli Takım,Takım Sporu,Global,Uluslararası,Türk Sporcu Var,Doğrulanacak,4 Yılda Bir,Turnuva,Canlı İzle,İzleme,Etkinlik,Jenerik,Türkçe,Body,izle
euro elemeleri hangi kanalda,EURO Elemeleri,Futbol,Dünya Turnuvası,Milli,Orta,Erkek,Milli Takım,Takım Sporu,Global,Uluslararası,Türk Sporcu Var,Doğrulanacak,4 Yılda Bir,Turnuva,Kanal/Yayın,İzleme,Etkinlik,Jenerik,İngilizce,Body,kanal
euro elemeleri puan durumu,EURO Elemeleri,Futbol,Dünya Turnuvası,Milli,Orta,Erkek,Milli Takım,Takım Sporu,Global,Uluslararası,Türk Sporcu Var,Doğrulanacak,4 Yılda Bir,Turnuva,Puan Durumu,Bilgi,Etkinlik,Jenerik,İngilizce,Body,pd
euro elemeleri fikstür,EURO Elemeleri,Futbol,Dünya Turnuvası,Milli,Orta,Erkek,Milli Takım,Takım Sporu,Global,Uluslararası,Türk Sporcu Var,Doğrulanacak,4 Yılda Bir,Turnuva,Fikstür,Bilgi,Etkinlik,Jenerik,Türkçe,Body,fik
avrupa şampiyonası elemeleri,EURO Elemeleri,Futbol,Dünya Turnuvası,Milli,Orta,Erkek,Milli Takım,Takım Sporu,Global,Uluslararası,Türk Sporcu Var,Doğrulanacak,4 Yılda Bir,Turnuva,Jenerik,Bilgi,Etkinlik,Jenerik,Türkçe,Body,jen
avrupa şampiyonası elemeleri ne zaman,EURO Elemeleri,Futbol,Dünya Turnuvası,Milli,Orta,Erkek,Milli Takım,Takım Sporu,Global,Uluslararası,Türk Sporcu Var,Doğrulanacak,4 Yılda Bir,Turnuva,Takvim/Saat,Bilgi,Etkinlik,Jenerik,Türkçe,Long-tail,nezaman
avrupa şampiyonası elemeleri takvim,EURO Elemeleri,Futbol,Dünya Turnuvası,Milli,Orta,Erkek,Milli Takım,Takım Sporu,Global,Uluslararası,Türk Sporcu Var,Doğrulanacak,4 Yılda Bir,Turnuva,Takvim/Saat,Bilgi,Etkinlik,Jenerik,Türkçe,Body,takvim
avrupa şampiyonası elemeleri canlı izle,EURO Elemeleri,Futbol,Dünya Turnuvası,Milli,Orta,Erkek,Milli Takım,Takım Sporu,Global,Uluslararası,Türk Sporcu Var,Doğrulanacak,4 Yılda Bir,Turnuva,Canlı İzle,İzleme,Etkinlik,Jenerik,Türkçe,Long-tail,izle
avrupa şampiyonası elemeleri hangi kanalda,EURO Elemeleri,Futbol,Dünya Turnuvası,Milli,Orta,Erkek,Milli Takım,Takım Sporu,Global,Uluslararası,Türk Sporcu Var,Doğrulanacak,4 Yılda Bir,Turnuva,Kanal/Yayın,İzleme,Etkinlik,Jenerik,Türkçe,Long-tail,kanal
avrupa şampiyonası elemeleri puan durumu,EURO Elemeleri,Futbol,Dünya Turnuvası,Milli,Orta,Erkek,Milli Takım,Takım Sporu,Global,Uluslararası,Türk Sporcu Var,Doğrulanacak,4 Yılda Bir,Turnuva,Puan Durumu,Bilgi,Etkinlik,Jenerik,Türkçe,Long-tail,pd
avrupa şampiyonası elemeleri fikstür,EURO Elemeleri,Futbol,Dünya Turnuvası,Milli,Orta,Erkek,Milli Takım,Takım Sporu,Global,Uluslararası,Türk Sporcu Var,Doğrulanacak,4 Yılda Bir,Turnuva,Fikstür,Bilgi,Etkinlik,Jenerik,Türkçe,Body,fik
kadınlar dünya kupası,Kadınlar Dünya Kupası,Futbol,Dünya Turnuvası,Milli,Orta,Kadın,Milli Takım,Takım Sporu,Global,Uluslararası,Türk Sporcu Var,Doğrulanacak,4 Yılda Bir,Turnuva,Jenerik,Bilgi,Etkinlik,Jenerik,Türkçe,Body,jen
kadınlar dünya kupası ne zaman,Kadınlar Dünya Kupası,Futbol,Dünya Turnuvası,Milli,Orta,Kadın,Milli Takım,Takım Sporu,Global,Uluslararası,Türk Sporcu Var,Doğrulanacak,4 Yılda Bir,Turnuva,Takvim/Saat,Bilgi,Etkinlik,Jenerik,Türkçe,Long-tail,nezaman
kadınlar dünya kupası takvim,Kadınlar Dünya Kupası,Futbol,Dünya Turnuvası,Milli,Orta,Kadın,Milli Takım,Takım Sporu,Global,Uluslararası,Türk Sporcu Var,Doğrulanacak,4 Yılda Bir,Turnuva,Takvim/Saat,Bilgi,Etkinlik,Jenerik,Türkçe,Body,takvim
kadınlar dünya kupası canlı izle,Kadınlar Dünya Kupası,Futbol,Dünya Turnuvası,Milli,Orta,Kadın,Milli Takım,Takım Sporu,Global,Uluslararası,Türk Sporcu Var,Doğrulanacak,4 Yılda Bir,Turnuva,Canlı İzle,İzleme,Etkinlik,Jenerik,Türkçe,Long-tail,izle
kadınlar dünya kupası hangi kanalda,Kadınlar Dünya Kupası,Futbol,Dünya Turnuvası,Milli,Orta,Kadın,Milli Takım,Takım Sporu,Global,Uluslararası,Türk Sporcu Var,Doğrulanacak,4 Yılda Bir,Turnuva,Kanal/Yayın,İzleme,Etkinlik,Jenerik,Türkçe,Long-tail,kanal
kadınlar dünya kupası puan durumu,Kadınlar Dünya Kupası,Futbol,Dünya Turnuvası,Milli,Orta,Kadın,Milli Takım,Takım Sporu,Global,Uluslararası,Türk Sporcu Var,Doğrulanacak,4 Yılda Bir,Turnuva,Puan Durumu,Bilgi,Etkinlik,Jenerik,Türkçe,Long-tail,pd
kadınlar dünya kupası fikstür,Kadınlar Dünya Kupası,Futbol,Dünya Turnuvası,Milli,Orta,Kadın,Milli Takım,Takım Sporu,Global,Uluslararası,Türk Sporcu Var,Doğrulanacak,4 Yılda Bir,Turnuva,Fikstür,Bilgi,Etkinlik,Jenerik,Türkçe,Body,fik
kadınlar avrupa şampiyonası,Kadınlar EURO,Futbol,Dünya Turnuvası,Milli,Orta,Kadın,Milli Takım,Takım Sporu,Global,Uluslararası,Türk Sporcu Var,Doğrulanacak,4 Yılda Bir,Turnuva,Jenerik,Bilgi,Etkinlik,Jenerik,Türkçe,Body,jen
kadınlar avrupa şampiyonası ne zaman,Kadınlar EURO,Futbol,Dünya Turnuvası,Milli,Orta,Kadın,Milli Takım,Takım Sporu,Global,Uluslararası,Türk Sporcu Var,Doğrulanacak,4 Yılda Bir,Turnuva,Takvim/Saat,Bilgi,Etkinlik,Jenerik,Türkçe,Long-tail,nezaman
kadınlar avrupa şampiyonası takvim,Kadınlar EURO,Futbol,Dünya Turnuvası,Milli,Orta,Kadın,Milli Takım,Takım Sporu,Global,Uluslararası,Türk Sporcu Var,Doğrulanacak,4 Yılda Bir,Turnuva,Takvim/Saat,Bilgi,Etkinlik,Jenerik,Türkçe,Body,takvim
kadınlar avrupa şampiyonası canlı izle,Kadınlar EURO,Futbol,Dünya Turnuvası,Milli,Orta,Kadın,Milli Takım,Takım Sporu,Global,Uluslararası,Türk Sporcu Var,Doğrulanacak,4 Yılda Bir,Turnuva,Canlı İzle,İzleme,Etkinlik,Jenerik,Türkçe,Long-tail,izle
kadınlar avrupa şampiyonası hangi kanalda,Kadınlar EURO,Futbol,Dünya Turnuvası,Milli,Orta,Kadın,Milli Takım,Takım Sporu,Global,Uluslararası,Türk Sporcu Var,Doğrulanacak,4 Yılda Bir,Turnuva,Kanal/Yayın,İzleme,Etkinlik,Jenerik,Türkçe,Long-tail,kanal
kadınlar avrupa şampiyonası puan durumu,Kadınlar EURO,Futbol,Dünya Turnuvası,Milli,Orta,Kadın,Milli Takım,Takım Sporu,Global,Uluslararası,Türk Sporcu Var,Doğrulanacak,4 Yılda Bir,Turnuva,Puan Durumu,Bilgi,Etkinlik,Jenerik,Türkçe,Long-tail,pd
kadınlar avrupa şampiyonası fikstür,Kadınlar EURO,Futbol,Dünya Turnuvası,Milli,Orta,Kadın,Milli Takım,Takım Sporu,Global,Uluslararası,Türk Sporcu Var,Doğrulanacak,4 Yılda Bir,Turnuva,Fikstür,Bilgi,Etkinlik,Jenerik,Türkçe,Body,fik
canlı skor,Jenerik Spor,Çoklu/Jenerik,Jenerik,Yok,Global Elit,Karma,Jenerik,Jenerik,Türkiye,Yerli,Yok,TV+ Var,Sürekli,Sürekli Lig,Maç/Skor,Bilgi,Jenerik,Jenerik,Türkçe,Head,jenerik
canlı sonuçlar,Jenerik Spor,Çoklu/Jenerik,Jenerik,Yok,Global Elit,Karma,Jenerik,Jenerik,Türkiye,Yerli,Yok,TV+ Var,Sürekli,Sürekli Lig,Maç/Skor,Bilgi,Jenerik,Jenerik,Türkçe,Head,jenerik
maç sonuçları,Jenerik Spor,Çoklu/Jenerik,Jenerik,Yok,Global Elit,Karma,Jenerik,Jenerik,Türkiye,Yerli,Yok,TV+ Var,Sürekli,Sürekli Lig,Maç/Skor,Bilgi,Jenerik,Jenerik,Türkçe,Head,jenerik
bugünkü maçlar,Jenerik Spor,Çoklu/Jenerik,Jenerik,Yok,Global Elit,Karma,Jenerik,Jenerik,Türkiye,Yerli,Yok,TV+ Var,Sürekli,Sürekli Lig,Takvim/Saat,Bilgi,Jenerik,Jenerik,Türkçe,Head,jenerik
bugün hangi maçlar var,Jenerik Spor,Çoklu/Jenerik,Jenerik,Yok,Global Elit,Karma,Jenerik,Jenerik,Türkiye,Yerli,Yok,TV+ Var,Sürekli,Sürekli Lig,Takvim/Saat,Bilgi,Jenerik,Jenerik,Türkçe,Body,jenerik
maç programı,Jenerik Spor,Çoklu/Jenerik,Jenerik,Yok,Global Elit,Karma,Jenerik,Jenerik,Türkiye,Yerli,Yok,TV+ Var,Sürekli,Sürekli Lig,Takvim/Saat,Bilgi,Jenerik,Jenerik,Türkçe,Head,jenerik
canlı maç izle,Jenerik Spor,Çoklu/Jenerik,Jenerik,Yok,Global Elit,Karma,Jenerik,Jenerik,Türkiye,Yerli,Yok,TV+ Var,Sürekli,Sürekli Lig,Canlı İzle,İzleme,Jenerik,Jenerik,Türkçe,Body,jenerik
şifresiz maç izle,Jenerik Spor,Çoklu/Jenerik,Jenerik,Yok,Global Elit,Karma,Jenerik,Jenerik,Türkiye,Yerli,Yok,TV+ Var,Sürekli,Sürekli Lig,Canlı İzle,İzleme,Jenerik,Jenerik,Türkçe,Body,jenerik
maç izle,Jenerik Spor,Çoklu/Jenerik,Jenerik,Yok,Global Elit,Karma,Jenerik,Jenerik,Türkiye,Yerli,Yok,TV+ Var,Sürekli,Sürekli Lig,Canlı İzle,İzleme,Jenerik,Jenerik,Türkçe,Head,jenerik
maç hangi kanalda,Jenerik Spor,Çoklu/Jenerik,Jenerik,Yok,Global Elit,Karma,Jenerik,Jenerik,Türkiye,Yerli,Yok,TV+ Var,Sürekli,Sürekli Lig,Kanal/Yayın,İzleme,Jenerik,Jenerik,Türkçe,Body,jenerik
maç saat kaçta,Jenerik Spor,Çoklu/Jenerik,Jenerik,Yok,Global Elit,Karma,Jenerik,Jenerik,Türkiye,Yerli,Yok,TV+ Var,Sürekli,Sürekli Lig,Takvim/Saat,Bilgi,Jenerik,Jenerik,Türkçe,Body,jenerik
spor haberleri,Jenerik Spor,Çoklu/Jenerik,Jenerik,Yok,Global Elit,Karma,Jenerik,Jenerik,Türkiye,Yerli,Yok,TV+ Var,Sürekli,Sürekli Lig,Haber,Bilgi,Jenerik,Jenerik,İngilizce,Head,jenerik
maç özetleri,Jenerik Spor,Çoklu/Jenerik,Jenerik,Yok,Global Elit,Karma,Jenerik,Jenerik,Türkiye,Yerli,Yok,TV+ Var,Sürekli,Sürekli Lig,Maç/Skor,Bilgi,Jenerik,Jenerik,Türkçe,Head,jenerik
puan durumu,Jenerik Spor,Çoklu/Jenerik,Jenerik,Yok,Global Elit,Karma,Jenerik,Jenerik,Türkiye,Yerli,Yok,TV+ Var,Sürekli,Sürekli Lig,Puan Durumu,Bilgi,Jenerik,Jenerik,İngilizce,Head,jenerik
fikstür,Jenerik Spor,Çoklu/Jenerik,Jenerik,Yok,Global Elit,Karma,Jenerik,Jenerik,Türkiye,Yerli,Yok,TV+ Var,Sürekli,Sürekli Lig,Fikstür,Bilgi,Jenerik,Jenerik,Türkçe,Head,jenerik
spor kanalları,Jenerik Spor,Çoklu/Jenerik,Jenerik,Yok,Global Elit,Karma,Jenerik,Jenerik,Türkiye,Yerli,Yok,TV+ Var,Sürekli,Sürekli Lig,Kanal/Yayın,İzleme,Jenerik,Jenerik,Türkçe,Head,jenerik
iddaa programı,Jenerik Spor,Çoklu/Jenerik,Jenerik,Yok,Global Elit,Karma,Jenerik,Jenerik,Türkiye,Yerli,Yok,TV+ Var,Sürekli,Sürekli Lig,Takvim/Saat,Bilgi,Jenerik,Jenerik,Türkçe,Head,jenerik
transfer haberleri,Jenerik Spor,Çoklu/Jenerik,Jenerik,Yok,Global Elit,Karma,Jenerik,Jenerik,Türkiye,Yerli,Yok,TV+ Var,Sürekli,Sürekli Lig,Transfer,Bilgi,Jenerik,Jenerik,İngilizce,Head,jenerik
